State, th9, TASK, 0.012267, 0.012958, 0.000690, 0.000000, lapack_dlarfb
State, th9, TASK, 0.012962, 0.013394, 0.000432, 0.000000, lapack_dlarfb
State, th9, TASK, 0.014050, 0.015173, 0.001122, 0.000000, lapack_dtpmqrt
State, th9, TASK, 0.015177, 0.016052, 0.000875, 0.000000, lapack_dtpmqrt
State, th9, TASK, 0.016519, 0.017310, 0.000792, 0.000000, lapack_dtpmqrt
State, th9, TASK, 0.017314, 0.018085, 0.000771, 0.000000, lapack_dtpmqrt
State, th9, TASK, 0.018089, 0.018857, 0.000768, 0.000000, lapack_dtpmqrt
State, th9, TASK, 0.018862, 0.019657, 0.000794, 0.000000, lapack_dtpmqrt
State, th9, TASK, 0.019661, 0.020442, 0.000781, 0.000000, lapack_dtpmqrt
State, th9, TASK, 0.020449, 0.021240, 0.000791, 0.000000, lapack_dtpmqrt
State, th9, TASK, 0.021243, 0.022051, 0.000807, 0.000000, lapack_dtpmqrt
State, th9, TASK, 0.022054, 0.022856, 0.000802, 0.000000, lapack_dtpmqrt
State, th9, TASK, 0.022860, 0.023640, 0.000781, 0.000000, lapack_dtpmqrt
State, th9, TASK, 0.023643, 0.024413, 0.000769, 0.000000, lapack_dtpmqrt
State, th9, TASK, 0.024416, 0.025177, 0.000762, 0.000000, lapack_dtpmqrt
State, th9, TASK, 0.025181, 0.025942, 0.000761, 0.000000, lapack_dtpmqrt
State, th9, TASK, 0.025945, 0.026723, 0.000779, 0.000000, lapack_dtpmqrt
State, th9, TASK, 0.026727, 0.027152, 0.000425, 0.000000, lapack_dlarfb
State, th9, TASK, 0.027157, 0.027946, 0.000789, 0.000000, lapack_dtpmqrt
State, th9, TASK, 0.027950, 0.028739, 0.000789, 0.000000, lapack_dtpmqrt
State, th9, TASK, 0.028743, 0.029523, 0.000781, 0.000000, lapack_dtpmqrt
State, th9, TASK, 0.029527, 0.030293, 0.000766, 0.000000, lapack_dtpmqrt
State, th9, TASK, 0.030296, 0.031070, 0.000773, 0.000000, lapack_dtpmqrt
State, th9, TASK, 0.031073, 0.031836, 0.000762, 0.000000, lapack_dtpmqrt
State, th9, TASK, 0.031839, 0.032613, 0.000774, 0.000000, lapack_dtpmqrt
State, th9, TASK, 0.032617, 0.033165, 0.000548, 0.000000, lapack_dtpqrt
State, th9, TASK, 0.033177, 0.033928, 0.000751, 0.000000, lapack_dtpmqrt
State, th9, TASK, 0.033931, 0.034693, 0.000762, 0.000000, lapack_dtpmqrt
State, th9, TASK, 0.034696, 0.035461, 0.000765, 0.000000, lapack_dtpmqrt
State, th9, TASK, 0.035466, 0.036238, 0.000772, 0.000000, lapack_dtpmqrt
State, th9, TASK, 0.036242, 0.037010, 0.000768, 0.000000, lapack_dtpmqrt
State, th9, TASK, 0.037014, 0.037787, 0.000774, 0.000000, lapack_dtpmqrt
State, th9, TASK, 0.037791, 0.038564, 0.000773, 0.000000, lapack_dtpmqrt
State, th9, TASK, 0.038568, 0.039348, 0.000779, 0.000000, lapack_dtpmqrt
State, th9, TASK, 0.039351, 0.040092, 0.000740, 0.000000, lapack_dtpmqrt
State, th9, TASK, 0.040095, 0.040832, 0.000736, 0.000000, lapack_dtpmqrt
State, th9, TASK, 0.040835, 0.041571, 0.000736, 0.000000, lapack_dtpmqrt
State, th9, TASK, 0.041574, 0.042305, 0.000731, 0.000000, lapack_dtpmqrt
State, th9, TASK, 0.042308, 0.043050, 0.000741, 0.000000, lapack_dtpmqrt
State, th9, TASK, 0.043054, 0.043824, 0.000770, 0.000000, lapack_dtpmqrt
State, th9, TASK, 0.043828, 0.044590, 0.000763, 0.000000, lapack_dtpmqrt
State, th9, TASK, 0.044596, 0.045360, 0.000764, 0.000000, lapack_dtpmqrt
State, th9, TASK, 0.045366, 0.045793, 0.000427, 0.000000, lapack_dlarfb
State, th9, TASK, 0.045798, 0.046215, 0.000417, 0.000000, lapack_dlarfb
State, th9, TASK, 0.046220, 0.046634, 0.000415, 0.000000, lapack_dlarfb
State, th9, TASK, 0.046640, 0.047435, 0.000795, 0.000000, lapack_dtpmqrt
State, th9, TASK, 0.047439, 0.048216, 0.000777, 0.000000, lapack_dtpmqrt
State, th9, TASK, 0.048219, 0.048992, 0.000772, 0.000000, lapack_dtpmqrt
State, th9, TASK, 0.048995, 0.049748, 0.000753, 0.000000, lapack_dtpmqrt
State, th9, TASK, 0.049752, 0.050495, 0.000743, 0.000000, lapack_dtpmqrt
State, th9, TASK, 0.050498, 0.051255, 0.000757, 0.000000, lapack_dtpmqrt
State, th9, TASK, 0.051259, 0.052022, 0.000763, 0.000000, lapack_dtpmqrt
State, th9, TASK, 0.052026, 0.052784, 0.000757, 0.000000, lapack_dtpmqrt
State, th9, TASK, 0.052788, 0.053547, 0.000759, 0.000000, lapack_dtpmqrt
State, th9, TASK, 0.053550, 0.054310, 0.000759, 0.000000, lapack_dtpmqrt
State, th9, TASK, 0.054313, 0.055078, 0.000765, 0.000000, lapack_dtpmqrt
State, th9, TASK, 0.055081, 0.055838, 0.000757, 0.000000, lapack_dtpmqrt
State, th9, TASK, 0.055841, 0.056598, 0.000757, 0.000000, lapack_dtpmqrt
State, th9, TASK, 0.056602, 0.057367, 0.000765, 0.000000, lapack_dtpmqrt
State, th9, TASK, 0.057370, 0.058133, 0.000763, 0.000000, lapack_dtpmqrt
State, th9, TASK, 0.058137, 0.058912, 0.000775, 0.000000, lapack_dtpmqrt
State, th9, TASK, 0.058916, 0.059699, 0.000784, 0.000000, lapack_dtpmqrt
State, th9, TASK, 0.059703, 0.060484, 0.000781, 0.000000, lapack_dtpmqrt
State, th9, TASK, 0.060493, 0.061258, 0.000766, 0.000000, lapack_dtpmqrt
State, th9, TASK, 0.061262, 0.062022, 0.000760, 0.000000, lapack_dtpmqrt
State, th9, TASK, 0.062026, 0.062793, 0.000767, 0.000000, lapack_dtpmqrt
State, th9, TASK, 0.062796, 0.063573, 0.000776, 0.000000, lapack_dtpmqrt
State, th9, TASK, 0.063576, 0.064337, 0.000761, 0.000000, lapack_dtpmqrt
State, th9, TASK, 0.064341, 0.065109, 0.000768, 0.000000, lapack_dtpmqrt
State, th9, TASK, 0.065112, 0.065870, 0.000757, 0.000000, lapack_dtpmqrt
State, th9, TASK, 0.065873, 0.066628, 0.000756, 0.000000, lapack_dtpmqrt
State, th9, TASK, 0.066632, 0.067405, 0.000773, 0.000000, lapack_dtpmqrt
State, th9, TASK, 0.067408, 0.068168, 0.000760, 0.000000, lapack_dtpmqrt
State, th9, TASK, 0.068172, 0.068935, 0.000763, 0.000000, lapack_dtpmqrt
State, th9, TASK, 0.068938, 0.069695, 0.000757, 0.000000, lapack_dtpmqrt
State, th9, TASK, 0.069699, 0.070466, 0.000767, 0.000000, lapack_dtpmqrt
State, th9, TASK, 0.070470, 0.071249, 0.000779, 0.000000, lapack_dtpmqrt
State, th9, TASK, 0.071252, 0.072018, 0.000766, 0.000000, lapack_dtpmqrt
State, th9, TASK, 0.072022, 0.072791, 0.000769, 0.000000, lapack_dtpmqrt
State, th9, TASK, 0.072794, 0.073564, 0.000770, 0.000000, lapack_dtpmqrt
State, th9, TASK, 0.073567, 0.074338, 0.000771, 0.000000, lapack_dtpmqrt
State, th9, TASK, 0.074342, 0.075119, 0.000777, 0.000000, lapack_dtpmqrt
State, th9, TASK, 0.075122, 0.075887, 0.000765, 0.000000, lapack_dtpmqrt
State, th9, TASK, 0.075891, 0.076658, 0.000767, 0.000000, lapack_dtpmqrt
State, th9, TASK, 0.076662, 0.077422, 0.000761, 0.000000, lapack_dtpmqrt
State, th9, TASK, 0.077425, 0.078182, 0.000757, 0.000000, lapack_dtpmqrt
State, th9, TASK, 0.078186, 0.078957, 0.000771, 0.000000, lapack_dtpmqrt
State, th9, TASK, 0.078960, 0.079713, 0.000752, 0.000000, lapack_dtpmqrt
State, th9, TASK, 0.079716, 0.080465, 0.000748, 0.000000, lapack_dtpmqrt
State, th9, TASK, 0.080469, 0.081241, 0.000772, 0.000000, lapack_dtpmqrt
State, th9, TASK, 0.081245, 0.082006, 0.000761, 0.000000, lapack_dtpmqrt
State, th9, TASK, 0.082009, 0.082760, 0.000751, 0.000000, lapack_dtpmqrt
State, th9, TASK, 0.082763, 0.083516, 0.000753, 0.000000, lapack_dtpmqrt
State, th9, TASK, 0.083519, 0.084275, 0.000756, 0.000000, lapack_dtpmqrt
State, th9, TASK, 0.084278, 0.085036, 0.000757, 0.000000, lapack_dtpmqrt
State, th9, TASK, 0.085039, 0.085801, 0.000762, 0.000000, lapack_dtpmqrt
State, th9, TASK, 0.085804, 0.086563, 0.000759, 0.000000, lapack_dtpmqrt
State, th9, TASK, 0.086567, 0.087337, 0.000770, 0.000000, lapack_dtpmqrt
State, th9, TASK, 0.087340, 0.088103, 0.000763, 0.000000, lapack_dtpmqrt
State, th9, TASK, 0.088106, 0.088873, 0.000766, 0.000000, lapack_dtpmqrt
State, th9, TASK, 0.088876, 0.089633, 0.000756, 0.000000, lapack_dtpmqrt
State, th9, TASK, 0.089636, 0.090400, 0.000763, 0.000000, lapack_dtpmqrt
State, th9, TASK, 0.090403, 0.091166, 0.000763, 0.000000, lapack_dtpmqrt
State, th9, TASK, 0.091169, 0.091924, 0.000754, 0.000000, lapack_dtpmqrt
State, th9, TASK, 0.091927, 0.092682, 0.000755, 0.000000, lapack_dtpmqrt
State, th9, TASK, 0.092686, 0.093439, 0.000752, 0.000000, lapack_dtpmqrt
State, th9, TASK, 0.093442, 0.094214, 0.000772, 0.000000, lapack_dtpmqrt
State, th9, TASK, 0.094221, 0.094769, 0.000548, 0.000000, lapack_dtpqrt
State, th9, TASK, 0.094781, 0.095562, 0.000781, 0.000000, lapack_dtpmqrt
State, th9, TASK, 0.095565, 0.096325, 0.000760, 0.000000, lapack_dtpmqrt
State, th9, TASK, 0.096328, 0.097096, 0.000767, 0.000000, lapack_dtpmqrt
State, th9, TASK, 0.097099, 0.097868, 0.000769, 0.000000, lapack_dtpmqrt
State, th9, TASK, 0.097872, 0.098628, 0.000756, 0.000000, lapack_dtpmqrt
State, th9, TASK, 0.098631, 0.099390, 0.000759, 0.000000, lapack_dtpmqrt
State, th9, TASK, 0.099393, 0.099937, 0.000545, 0.000000, lapack_dtpqrt
State, th9, TASK, 0.099951, 0.100718, 0.000767, 0.000000, lapack_dtpmqrt
State, th9, TASK, 0.100721, 0.101466, 0.000745, 0.000000, lapack_dtpmqrt
State, th9, TASK, 0.101469, 0.102203, 0.000734, 0.000000, lapack_dtpmqrt
State, th9, TASK, 0.102206, 0.102958, 0.000752, 0.000000, lapack_dtpmqrt
State, th9, TASK, 0.102961, 0.103710, 0.000749, 0.000000, lapack_dtpmqrt
State, th9, TASK, 0.103713, 0.104455, 0.000742, 0.000000, lapack_dtpmqrt
State, th9, TASK, 0.104459, 0.105199, 0.000741, 0.000000, lapack_dtpmqrt
State, th9, TASK, 0.105202, 0.105953, 0.000751, 0.000000, lapack_dtpmqrt
State, th9, TASK, 0.105957, 0.106709, 0.000752, 0.000000, lapack_dtpmqrt
State, th9, TASK, 0.106712, 0.107470, 0.000757, 0.000000, lapack_dtpmqrt
State, th9, TASK, 0.107473, 0.108233, 0.000760, 0.000000, lapack_dtpmqrt
State, th9, TASK, 0.108237, 0.108984, 0.000748, 0.000000, lapack_dtpmqrt
State, th9, TASK, 0.108993, 0.109740, 0.000746, 0.000000, lapack_dtpmqrt
State, th9, TASK, 0.109743, 0.110505, 0.000762, 0.000000, lapack_dtpmqrt
State, th9, TASK, 0.110509, 0.111280, 0.000771, 0.000000, lapack_dtpmqrt
State, th9, TASK, 0.111284, 0.112030, 0.000746, 0.000000, lapack_dtpmqrt
State, th9, TASK, 0.112033, 0.112779, 0.000746, 0.000000, lapack_dtpmqrt
State, th9, TASK, 0.112782, 0.113554, 0.000772, 0.000000, lapack_dtpmqrt
State, th9, TASK, 0.113557, 0.114309, 0.000751, 0.000000, lapack_dtpmqrt
State, th9, TASK, 0.114312, 0.115079, 0.000767, 0.000000, lapack_dtpmqrt
State, th9, TASK, 0.115083, 0.115862, 0.000780, 0.000000, lapack_dtpmqrt
State, th9, TASK, 0.115866, 0.116624, 0.000758, 0.000000, lapack_dtpmqrt
State, th9, TASK, 0.116627, 0.117378, 0.000750, 0.000000, lapack_dtpmqrt
State, th9, TASK, 0.117381, 0.118121, 0.000740, 0.000000, lapack_dtpmqrt
State, th9, TASK, 0.118125, 0.118871, 0.000746, 0.000000, lapack_dtpmqrt
State, th9, TASK, 0.118882, 0.119626, 0.000744, 0.000000, lapack_dtpmqrt
State, th9, TASK, 0.119630, 0.120371, 0.000741, 0.000000, lapack_dtpmqrt
State, th9, TASK, 0.120377, 0.121156, 0.000779, 0.000000, lapack_dtpmqrt
State, th9, TASK, 0.121161, 0.121926, 0.000765, 0.000000, lapack_dtpmqrt
State, th9, TASK, 0.121930, 0.122685, 0.000755, 0.000000, lapack_dtpmqrt
State, th9, TASK, 0.122688, 0.123483, 0.000795, 0.000000, lapack_dtpmqrt
State, th9, TASK, 0.123486, 0.124247, 0.000760, 0.000000, lapack_dtpmqrt
State, th9, TASK, 0.124250, 0.125007, 0.000757, 0.000000, lapack_dtpmqrt
State, th9, TASK, 0.125010, 0.125766, 0.000756, 0.000000, lapack_dtpmqrt
State, th9, TASK, 0.125771, 0.126559, 0.000788, 0.000000, lapack_dtpmqrt
State, th9, TASK, 0.126563, 0.127327, 0.000765, 0.000000, lapack_dtpmqrt
State, th9, TASK, 0.127331, 0.128086, 0.000755, 0.000000, lapack_dtpmqrt
State, th9, TASK, 0.128089, 0.128843, 0.000754, 0.000000, lapack_dtpmqrt
State, th9, TASK, 0.128846, 0.129597, 0.000751, 0.000000, lapack_dtpmqrt
State, th9, TASK, 0.129601, 0.130361, 0.000760, 0.000000, lapack_dtpmqrt
State, th9, TASK, 0.130364, 0.131126, 0.000762, 0.000000, lapack_dtpmqrt
State, th9, TASK, 0.131130, 0.131887, 0.000757, 0.000000, lapack_dtpmqrt
State, th9, TASK, 0.131891, 0.132646, 0.000755, 0.000000, lapack_dtpmqrt
State, th9, TASK, 0.132649, 0.133407, 0.000758, 0.000000, lapack_dtpmqrt
State, th9, TASK, 0.133410, 0.134167, 0.000757, 0.000000, lapack_dtpmqrt
State, th9, TASK, 0.134170, 0.134937, 0.000767, 0.000000, lapack_dtpmqrt
State, th9, TASK, 0.134940, 0.135699, 0.000759, 0.000000, lapack_dtpmqrt
State, th9, TASK, 0.135702, 0.136467, 0.000765, 0.000000, lapack_dtpmqrt
State, th9, TASK, 0.136470, 0.137229, 0.000759, 0.000000, lapack_dtpmqrt
State, th9, TASK, 0.137233, 0.137995, 0.000762, 0.000000, lapack_dtpmqrt
State, th9, TASK, 0.137999, 0.138755, 0.000756, 0.000000, lapack_dtpmqrt
State, th9, TASK, 0.138758, 0.139526, 0.000768, 0.000000, lapack_dtpmqrt
State, th9, TASK, 0.139529, 0.140291, 0.000762, 0.000000, lapack_dtpmqrt
State, th9, TASK, 0.140294, 0.141057, 0.000763, 0.000000, lapack_dtpmqrt
State, th9, TASK, 0.141060, 0.141822, 0.000762, 0.000000, lapack_dtpmqrt
State, th9, TASK, 0.141826, 0.142593, 0.000767, 0.000000, lapack_dtpmqrt
State, th9, TASK, 0.142596, 0.143368, 0.000772, 0.000000, lapack_dtpmqrt
State, th9, TASK, 0.143372, 0.144140, 0.000768, 0.000000, lapack_dtpmqrt
State, th9, TASK, 0.144144, 0.144909, 0.000766, 0.000000, lapack_dtpmqrt
State, th9, TASK, 0.144913, 0.145673, 0.000760, 0.000000, lapack_dtpmqrt
State, th9, TASK, 0.145676, 0.146438, 0.000762, 0.000000, lapack_dtpmqrt
State, th9, TASK, 0.146441, 0.147222, 0.000781, 0.000000, lapack_dtpmqrt
State, th9, TASK, 0.147227, 0.147995, 0.000768, 0.000000, lapack_dtpmqrt
State, th9, TASK, 0.147998, 0.148756, 0.000758, 0.000000, lapack_dtpmqrt
State, th9, TASK, 0.148759, 0.149518, 0.000758, 0.000000, lapack_dtpmqrt
State, th9, TASK, 0.149521, 0.150278, 0.000757, 0.000000, lapack_dtpmqrt
State, th9, TASK, 0.150282, 0.151045, 0.000763, 0.000000, lapack_dtpmqrt
State, th9, TASK, 0.151048, 0.151810, 0.000762, 0.000000, lapack_dtpmqrt
State, th9, TASK, 0.151814, 0.152577, 0.000763, 0.000000, lapack_dtpmqrt
State, th9, TASK, 0.152581, 0.153355, 0.000774, 0.000000, lapack_dtpmqrt
State, th9, TASK, 0.153359, 0.154128, 0.000769, 0.000000, lapack_dtpmqrt
State, th9, TASK, 0.154131, 0.154902, 0.000771, 0.000000, lapack_dtpmqrt
State, th9, TASK, 0.154905, 0.155671, 0.000766, 0.000000, lapack_dtpmqrt
State, th9, TASK, 0.155674, 0.156440, 0.000766, 0.000000, lapack_dtpmqrt
State, th9, TASK, 0.156444, 0.157214, 0.000770, 0.000000, lapack_dtpmqrt
State, th9, TASK, 0.157217, 0.157979, 0.000762, 0.000000, lapack_dtpmqrt
State, th9, TASK, 0.157987, 0.158749, 0.000762, 0.000000, lapack_dtpmqrt
State, th9, TASK, 0.158752, 0.159529, 0.000777, 0.000000, lapack_dtpmqrt
State, th9, TASK, 0.159533, 0.160299, 0.000766, 0.000000, lapack_dtpmqrt
State, th9, TASK, 0.160302, 0.161061, 0.000759, 0.000000, lapack_dtpmqrt
State, th9, TASK, 0.161064, 0.161829, 0.000764, 0.000000, lapack_dtpmqrt
State, th9, TASK, 0.161832, 0.162591, 0.000759, 0.000000, lapack_dtpmqrt
State, th9, TASK, 0.162595, 0.163363, 0.000768, 0.000000, lapack_dtpmqrt
State, th9, TASK, 0.163366, 0.164123, 0.000757, 0.000000, lapack_dtpmqrt
State, th9, TASK, 0.164126, 0.164875, 0.000748, 0.000000, lapack_dtpmqrt
State, th9, TASK, 0.164879, 0.165308, 0.000428, 0.000000, lapack_dlarfb
State, th9, TASK, 0.165314, 0.165737, 0.000423, 0.000000, lapack_dlarfb
State, th9, TASK, 0.165741, 0.166494, 0.000752, 0.000000, lapack_dtpmqrt
State, th9, TASK, 0.166497, 0.167253, 0.000756, 0.000000, lapack_dtpmqrt
State, th9, TASK, 0.167257, 0.168000, 0.000743, 0.000000, lapack_dtpmqrt
State, th9, TASK, 0.168004, 0.168750, 0.000746, 0.000000, lapack_dtpmqrt
State, th9, TASK, 0.168754, 0.169504, 0.000750, 0.000000, lapack_dtpmqrt
State, th9, TASK, 0.169509, 0.169929, 0.000419, 0.000000, lapack_dlarfb
State, th9, TASK, 0.169938, 0.170362, 0.000423, 0.000000, lapack_dlarfb
State, th9, TASK, 0.170521, 0.171295, 0.000773, 0.000000, lapack_dtpmqrt
State, th9, TASK, 0.171332, 0.172090, 0.000758, 0.000000, lapack_dtpmqrt
State, th9, TASK, 0.172093, 0.172839, 0.000745, 0.000000, lapack_dtpmqrt
State, th9, TASK, 0.172842, 0.173589, 0.000747, 0.000000, lapack_dtpmqrt
State, th9, TASK, 0.173592, 0.174345, 0.000752, 0.000000, lapack_dtpmqrt
State, th9, TASK, 0.174348, 0.175099, 0.000751, 0.000000, lapack_dtpmqrt
State, th9, TASK, 0.175103, 0.175848, 0.000745, 0.000000, lapack_dtpmqrt
State, th9, TASK, 0.175856, 0.176625, 0.000768, 0.000000, lapack_dtpmqrt
State, th9, TASK, 0.176628, 0.177388, 0.000760, 0.000000, lapack_dtpmqrt
State, th9, TASK, 0.177392, 0.178154, 0.000763, 0.000000, lapack_dtpmqrt
State, th9, TASK, 0.178158, 0.178928, 0.000770, 0.000000, lapack_dtpmqrt
State, th9, TASK, 0.178931, 0.179697, 0.000766, 0.000000, lapack_dtpmqrt
State, th9, TASK, 0.179700, 0.180463, 0.000763, 0.000000, lapack_dtpmqrt
State, th9, TASK, 0.180467, 0.181232, 0.000765, 0.000000, lapack_dtpmqrt
State, th9, TASK, 0.181235, 0.181999, 0.000764, 0.000000, lapack_dtpmqrt
State, th9, TASK, 0.182002, 0.182764, 0.000762, 0.000000, lapack_dtpmqrt
State, th9, TASK, 0.182767, 0.183536, 0.000769, 0.000000, lapack_dtpmqrt
State, th9, TASK, 0.183540, 0.184310, 0.000771, 0.000000, lapack_dtpmqrt
State, th9, TASK, 0.184314, 0.185082, 0.000768, 0.000000, lapack_dtpmqrt
State, th9, TASK, 0.185085, 0.185841, 0.000756, 0.000000, lapack_dtpmqrt
State, th9, TASK, 0.185844, 0.186615, 0.000771, 0.000000, lapack_dtpmqrt
State, th9, TASK, 0.186619, 0.187381, 0.000762, 0.000000, lapack_dtpmqrt
State, th9, TASK, 0.187385, 0.188142, 0.000758, 0.000000, lapack_dtpmqrt
State, th9, TASK, 0.188146, 0.188907, 0.000761, 0.000000, lapack_dtpmqrt
State, th9, TASK, 0.188910, 0.189676, 0.000766, 0.000000, lapack_dtpmqrt
State, th9, TASK, 0.189679, 0.190440, 0.000761, 0.000000, lapack_dtpmqrt
State, th9, TASK, 0.190485, 0.191252, 0.000767, 0.000000, lapack_dtpmqrt
State, th9, TASK, 0.191256, 0.192008, 0.000752, 0.000000, lapack_dtpmqrt
State, th9, TASK, 0.192011, 0.192760, 0.000749, 0.000000, lapack_dtpmqrt
State, th9, TASK, 0.192764, 0.193511, 0.000747, 0.000000, lapack_dtpmqrt
State, th9, TASK, 0.193514, 0.194260, 0.000746, 0.000000, lapack_dtpmqrt
State, th9, TASK, 0.194376, 0.195130, 0.000755, 0.000000, lapack_dtpmqrt
State, th9, TASK, 0.195134, 0.195877, 0.000743, 0.000000, lapack_dtpmqrt
State, th9, TASK, 0.195880, 0.196625, 0.000744, 0.000000, lapack_dtpmqrt
State, th9, TASK, 0.196628, 0.197371, 0.000743, 0.000000, lapack_dtpmqrt
State, th9, TASK, 0.197374, 0.198119, 0.000745, 0.000000, lapack_dtpmqrt
State, th9, TASK, 0.198122, 0.198869, 0.000747, 0.000000, lapack_dtpmqrt
State, th9, TASK, 0.198872, 0.199625, 0.000753, 0.000000, lapack_dtpmqrt
State, th9, TASK, 0.199630, 0.200378, 0.000748, 0.000000, lapack_dtpmqrt
State, th9, TASK, 0.200381, 0.201128, 0.000747, 0.000000, lapack_dtpmqrt
State, th9, TASK, 0.201131, 0.201875, 0.000744, 0.000000, lapack_dtpmqrt
State, th9, TASK, 0.201878, 0.202626, 0.000748, 0.000000, lapack_dtpmqrt
State, th9, TASK, 0.202630, 0.203387, 0.000757, 0.000000, lapack_dtpmqrt
State, th9, TASK, 0.203390, 0.204142, 0.000752, 0.000000, lapack_dtpmqrt
State, th9, TASK, 0.204146, 0.204901, 0.000755, 0.000000, lapack_dtpmqrt
State, th9, TASK, 0.204912, 0.205669, 0.000757, 0.000000, lapack_dtpmqrt
State, th9, TASK, 0.205685, 0.206432, 0.000746, 0.000000, lapack_dtpmqrt
State, th9, TASK, 0.206435, 0.207184, 0.000749, 0.000000, lapack_dtpmqrt
State, th9, TASK, 0.207187, 0.207943, 0.000756, 0.000000, lapack_dtpmqrt
State, th9, TASK, 0.207946, 0.208708, 0.000762, 0.000000, lapack_dtpmqrt
State, th9, TASK, 0.208712, 0.209473, 0.000762, 0.000000, lapack_dtpmqrt
State, th9, TASK, 0.209476, 0.210236, 0.000760, 0.000000, lapack_dtpmqrt
State, th9, TASK, 0.210239, 0.211009, 0.000770, 0.000000, lapack_dtpmqrt
State, th9, TASK, 0.211012, 0.211779, 0.000767, 0.000000, lapack_dtpmqrt
State, th9, TASK, 0.211782, 0.212548, 0.000767, 0.000000, lapack_dtpmqrt
State, th9, TASK, 0.212552, 0.213306, 0.000754, 0.000000, lapack_dtpmqrt
State, th9, TASK, 0.213309, 0.214063, 0.000755, 0.000000, lapack_dtpmqrt
State, th9, TASK, 0.214067, 0.214830, 0.000764, 0.000000, lapack_dtpmqrt
State, th9, TASK, 0.214834, 0.215601, 0.000767, 0.000000, lapack_dtpmqrt
State, th9, TASK, 0.215693, 0.216462, 0.000769, 0.000000, lapack_dtpmqrt
State, th9, TASK, 0.216465, 0.217220, 0.000754, 0.000000, lapack_dtpmqrt
State, th9, TASK, 0.217223, 0.217967, 0.000744, 0.000000, lapack_dtpmqrt
State, th9, TASK, 0.217971, 0.218715, 0.000744, 0.000000, lapack_dtpmqrt
State, th9, TASK, 0.218718, 0.219471, 0.000753, 0.000000, lapack_dtpmqrt
State, th9, TASK, 0.219475, 0.220222, 0.000747, 0.000000, lapack_dtpmqrt
State, th9, TASK, 0.220226, 0.220975, 0.000750, 0.000000, lapack_dtpmqrt
State, th9, TASK, 0.220979, 0.221731, 0.000752, 0.000000, lapack_dtpmqrt
State, th9, TASK, 0.221737, 0.222503, 0.000766, 0.000000, lapack_dtpmqrt
State, th9, TASK, 0.222507, 0.223271, 0.000764, 0.000000, lapack_dtpmqrt
State, th9, TASK, 0.223274, 0.224030, 0.000756, 0.000000, lapack_dtpmqrt
State, th9, TASK, 0.224034, 0.224792, 0.000757, 0.000000, lapack_dtpmqrt
State, th9, TASK, 0.224795, 0.225549, 0.000755, 0.000000, lapack_dtpmqrt
State, th9, TASK, 0.225554, 0.226304, 0.000750, 0.000000, lapack_dtpmqrt
State, th9, TASK, 0.226307, 0.227064, 0.000757, 0.000000, lapack_dtpmqrt
State, th9, TASK, 0.227067, 0.227825, 0.000758, 0.000000, lapack_dtpmqrt
State, th9, TASK, 0.227829, 0.228586, 0.000757, 0.000000, lapack_dtpmqrt
State, th9, TASK, 0.228589, 0.229343, 0.000755, 0.000000, lapack_dtpmqrt
State, th9, TASK, 0.229347, 0.230104, 0.000757, 0.000000, lapack_dtpmqrt
State, th9, TASK, 0.230108, 0.230864, 0.000756, 0.000000, lapack_dtpmqrt
State, th9, TASK, 0.230867, 0.231629, 0.000762, 0.000000, lapack_dtpmqrt
State, th9, TASK, 0.231633, 0.232386, 0.000753, 0.000000, lapack_dtpmqrt
State, th9, TASK, 0.232389, 0.233142, 0.000752, 0.000000, lapack_dtpmqrt
State, th9, TASK, 0.233145, 0.233909, 0.000764, 0.000000, lapack_dtpmqrt
State, th9, TASK, 0.233913, 0.234676, 0.000763, 0.000000, lapack_dtpmqrt
State, th9, TASK, 0.235522, 0.236331, 0.000810, 0.000000, lapack_dtpmqrt
State, th9, TASK, 0.236335, 0.237127, 0.000792, 0.000000, lapack_dtpmqrt
State, th9, TASK, 0.237131, 0.237910, 0.000779, 0.000000, lapack_dtpmqrt
State, th9, TASK, 0.237914, 0.238688, 0.000774, 0.000000, lapack_dtpmqrt
State, th9, TASK, 0.238692, 0.239470, 0.000778, 0.000000, lapack_dtpmqrt
State, th9, TASK, 0.239473, 0.240249, 0.000775, 0.000000, lapack_dtpmqrt
State, th9, TASK, 0.240252, 0.241038, 0.000786, 0.000000, lapack_dtpmqrt
State, th9, TASK, 0.241042, 0.241818, 0.000777, 0.000000, lapack_dtpmqrt
State, th9, TASK, 0.241822, 0.242589, 0.000767, 0.000000, lapack_dtpmqrt
State, th9, TASK, 0.242592, 0.243368, 0.000776, 0.000000, lapack_dtpmqrt
State, th9, TASK, 0.243372, 0.244150, 0.000778, 0.000000, lapack_dtpmqrt
State, th9, TASK, 0.244153, 0.244934, 0.000781, 0.000000, lapack_dtpmqrt
State, th9, TASK, 0.244938, 0.245722, 0.000784, 0.000000, lapack_dtpmqrt
State, th9, TASK, 0.245725, 0.246503, 0.000778, 0.000000, lapack_dtpmqrt
State, th9, TASK, 0.246506, 0.247285, 0.000779, 0.000000, lapack_dtpmqrt
State, th9, TASK, 0.247289, 0.248063, 0.000774, 0.000000, lapack_dtpmqrt
State, th9, TASK, 0.248066, 0.248834, 0.000768, 0.000000, lapack_dtpmqrt
State, th9, TASK, 0.248837, 0.249611, 0.000773, 0.000000, lapack_dtpmqrt
State, th9, TASK, 0.249615, 0.250388, 0.000773, 0.000000, lapack_dtpmqrt
State, th9, TASK, 0.250391, 0.251169, 0.000778, 0.000000, lapack_dtpmqrt
State, th9, TASK, 0.251184, 0.251957, 0.000773, 0.000000, lapack_dtpmqrt
State, th9, TASK, 0.251961, 0.252741, 0.000780, 0.000000, lapack_dtpmqrt
State, th9, TASK, 0.252745, 0.253515, 0.000770, 0.000000, lapack_dtpmqrt
State, th9, TASK, 0.253519, 0.254285, 0.000766, 0.000000, lapack_dtpmqrt
State, th9, TASK, 0.254288, 0.255059, 0.000771, 0.000000, lapack_dtpmqrt
State, th9, TASK, 0.255062, 0.255826, 0.000765, 0.000000, lapack_dtpmqrt
State, th9, TASK, 0.255834, 0.256597, 0.000763, 0.000000, lapack_dtpmqrt
State, th9, TASK, 0.256601, 0.257375, 0.000774, 0.000000, lapack_dtpmqrt
State, th9, TASK, 0.257379, 0.258150, 0.000771, 0.000000, lapack_dtpmqrt
State, th9, TASK, 0.258153, 0.258920, 0.000767, 0.000000, lapack_dtpmqrt
State, th9, TASK, 0.258923, 0.259684, 0.000761, 0.000000, lapack_dtpmqrt
State, th9, TASK, 0.259687, 0.260456, 0.000768, 0.000000, lapack_dtpmqrt
State, th9, TASK, 0.260459, 0.261229, 0.000770, 0.000000, lapack_dtpmqrt
State, th9, TASK, 0.261233, 0.262021, 0.000788, 0.000000, lapack_dtpmqrt
State, th9, TASK, 0.262025, 0.262794, 0.000770, 0.000000, lapack_dtpmqrt
State, th9, TASK, 0.262798, 0.263576, 0.000778, 0.000000, lapack_dtpmqrt
State, th9, TASK, 0.263579, 0.264342, 0.000763, 0.000000, lapack_dtpmqrt
State, th9, TASK, 0.264346, 0.265109, 0.000763, 0.000000, lapack_dtpmqrt
State, th9, TASK, 0.265146, 0.265906, 0.000760, 0.000000, lapack_dtpmqrt
State, th9, TASK, 0.265909, 0.266665, 0.000756, 0.000000, lapack_dtpmqrt
State, th9, TASK, 0.266669, 0.267415, 0.000746, 0.000000, lapack_dtpmqrt
State, th9, TASK, 0.267418, 0.268162, 0.000743, 0.000000, lapack_dtpmqrt
State, th9, TASK, 0.268165, 0.268912, 0.000747, 0.000000, lapack_dtpmqrt
State, th9, TASK, 0.268915, 0.269664, 0.000749, 0.000000, lapack_dtpmqrt
State, th9, TASK, 0.269668, 0.270418, 0.000750, 0.000000, lapack_dtpmqrt
State, th9, TASK, 0.270421, 0.271178, 0.000757, 0.000000, lapack_dtpmqrt
State, th9, TASK, 0.271188, 0.271948, 0.000759, 0.000000, lapack_dtpmqrt
State, th9, TASK, 0.271951, 0.272699, 0.000748, 0.000000, lapack_dtpmqrt
State, th9, TASK, 0.272702, 0.273452, 0.000749, 0.000000, lapack_dtpmqrt
State, th9, TASK, 0.273455, 0.274202, 0.000747, 0.000000, lapack_dtpmqrt
State, th9, TASK, 0.274205, 0.274959, 0.000754, 0.000000, lapack_dtpmqrt
State, th9, TASK, 0.274962, 0.275713, 0.000751, 0.000000, lapack_dtpmqrt
State, th9, TASK, 0.275716, 0.276469, 0.000754, 0.000000, lapack_dtpmqrt
State, th9, TASK, 0.276473, 0.277224, 0.000751, 0.000000, lapack_dtpmqrt
State, th9, TASK, 0.277227, 0.277978, 0.000751, 0.000000, lapack_dtpmqrt
State, th9, TASK, 0.277982, 0.278741, 0.000759, 0.000000, lapack_dtpmqrt
State, th9, TASK, 0.278792, 0.279567, 0.000774, 0.000000, lapack_dtpmqrt
State, th9, TASK, 0.279570, 0.280326, 0.000756, 0.000000, lapack_dtpmqrt
State, th9, TASK, 0.280330, 0.281083, 0.000753, 0.000000, lapack_dtpmqrt
State, th9, TASK, 0.281087, 0.281846, 0.000758, 0.000000, lapack_dtpmqrt
State, th9, TASK, 0.281849, 0.282607, 0.000757, 0.000000, lapack_dtpmqrt
State, th9, TASK, 0.282610, 0.283368, 0.000758, 0.000000, lapack_dtpmqrt
State, th9, TASK, 0.283372, 0.284127, 0.000755, 0.000000, lapack_dtpmqrt
State, th9, TASK, 0.284131, 0.284884, 0.000753, 0.000000, lapack_dtpmqrt
State, th9, TASK, 0.284887, 0.285640, 0.000752, 0.000000, lapack_dtpmqrt
State, th9, TASK, 0.285643, 0.286403, 0.000760, 0.000000, lapack_dtpmqrt
State, th9, TASK, 0.286407, 0.287177, 0.000770, 0.000000, lapack_dtpmqrt
State, th9, TASK, 0.287181, 0.287943, 0.000762, 0.000000, lapack_dtpmqrt
State, th9, TASK, 0.287946, 0.288707, 0.000760, 0.000000, lapack_dtpmqrt
State, th9, TASK, 0.288710, 0.289474, 0.000764, 0.000000, lapack_dtpmqrt
State, th9, TASK, 0.289477, 0.290240, 0.000763, 0.000000, lapack_dtpmqrt
State, th9, TASK, 0.290243, 0.291032, 0.000789, 0.000000, lapack_dtpmqrt
State, th9, TASK, 0.291036, 0.291806, 0.000770, 0.000000, lapack_dtpmqrt
State, th9, TASK, 0.291810, 0.292575, 0.000766, 0.000000, lapack_dtpmqrt
State, th9, TASK, 0.292579, 0.293333, 0.000754, 0.000000, lapack_dtpmqrt
State, th9, TASK, 0.293337, 0.294106, 0.000770, 0.000000, lapack_dtpmqrt
State, th9, TASK, 0.294111, 0.294880, 0.000769, 0.000000, lapack_dtpmqrt
State, th9, TASK, 0.294883, 0.295650, 0.000767, 0.000000, lapack_dtpmqrt
State, th9, TASK, 0.295653, 0.296418, 0.000764, 0.000000, lapack_dtpmqrt
State, th9, TASK, 0.296421, 0.297188, 0.000767, 0.000000, lapack_dtpmqrt
State, th9, TASK, 0.297192, 0.297951, 0.000760, 0.000000, lapack_dtpmqrt
State, th9, TASK, 0.297955, 0.298718, 0.000763, 0.000000, lapack_dtpmqrt
State, th9, TASK, 0.298721, 0.299487, 0.000765, 0.000000, lapack_dtpmqrt
State, th9, TASK, 0.299490, 0.300256, 0.000766, 0.000000, lapack_dtpmqrt
State, th9, TASK, 0.300260, 0.301025, 0.000765, 0.000000, lapack_dtpmqrt
State, th9, TASK, 0.301028, 0.301797, 0.000769, 0.000000, lapack_dtpmqrt
State, th9, TASK, 0.301944, 0.302702, 0.000759, 0.000000, lapack_dtpmqrt
State, th9, TASK, 0.302705, 0.303463, 0.000758, 0.000000, lapack_dtpmqrt
State, th9, TASK, 0.303467, 0.304218, 0.000751, 0.000000, lapack_dtpmqrt
State, th9, TASK, 0.304221, 0.304977, 0.000756, 0.000000, lapack_dtpmqrt
State, th9, TASK, 0.304984, 0.305732, 0.000748, 0.000000, lapack_dtpmqrt
State, th9, TASK, 0.305735, 0.306486, 0.000751, 0.000000, lapack_dtpmqrt
State, th9, TASK, 0.306490, 0.307247, 0.000757, 0.000000, lapack_dtpmqrt
State, th9, TASK, 0.307250, 0.307991, 0.000741, 0.000000, lapack_dtpmqrt
State, th9, TASK, 0.307995, 0.308738, 0.000743, 0.000000, lapack_dtpmqrt
State, th9, TASK, 0.308741, 0.309491, 0.000750, 0.000000, lapack_dtpmqrt
State, th9, TASK, 0.309494, 0.310243, 0.000749, 0.000000, lapack_dtpmqrt
State, th9, TASK, 0.310246, 0.311000, 0.000754, 0.000000, lapack_dtpmqrt
State, th9, TASK, 0.311003, 0.311751, 0.000747, 0.000000, lapack_dtpmqrt
State, th9, TASK, 0.311758, 0.312507, 0.000749, 0.000000, lapack_dtpmqrt
State, th9, TASK, 0.312511, 0.313265, 0.000754, 0.000000, lapack_dtpmqrt
State, th9, TASK, 0.313396, 0.314173, 0.000777, 0.000000, lapack_dtpmqrt
State, th9, TASK, 0.314176, 0.314958, 0.000782, 0.000000, lapack_dtpmqrt
State, th9, TASK, 0.314961, 0.315734, 0.000773, 0.000000, lapack_dtpmqrt
State, th9, TASK, 0.315737, 0.316497, 0.000759, 0.000000, lapack_dtpmqrt
State, th9, TASK, 0.316500, 0.317254, 0.000754, 0.000000, lapack_dtpmqrt
State, th9, TASK, 0.317257, 0.318027, 0.000769, 0.000000, lapack_dtpmqrt
State, th9, TASK, 0.318030, 0.318794, 0.000765, 0.000000, lapack_dtpmqrt
State, th9, TASK, 0.318798, 0.319563, 0.000764, 0.000000, lapack_dtpmqrt
State, th9, TASK, 0.319566, 0.320317, 0.000751, 0.000000, lapack_dtpmqrt
State, th9, TASK, 0.320326, 0.321085, 0.000759, 0.000000, lapack_dtpmqrt
State, th9, TASK, 0.321089, 0.321840, 0.000751, 0.000000, lapack_dtpmqrt
State, th9, TASK, 0.321843, 0.322595, 0.000752, 0.000000, lapack_dtpmqrt
State, th9, TASK, 0.322599, 0.323359, 0.000760, 0.000000, lapack_dtpmqrt
State, th9, TASK, 0.323513, 0.324256, 0.000743, 0.000000, lapack_dtpmqrt
State, th9, TASK, 0.324260, 0.325004, 0.000744, 0.000000, lapack_dtpmqrt
State, th9, TASK, 0.325007, 0.325758, 0.000751, 0.000000, lapack_dtpmqrt
State, th9, TASK, 0.325762, 0.326510, 0.000748, 0.000000, lapack_dtpmqrt
State, th9, TASK, 0.326514, 0.327274, 0.000760, 0.000000, lapack_dtpmqrt
State, th9, TASK, 0.327277, 0.328033, 0.000756, 0.000000, lapack_dtpmqrt
State, th9, TASK, 0.328043, 0.328636, 0.000593, 0.000000, lapack_dgeqrt
State, th9, TASK, 0.328647, 0.329080, 0.000433, 0.000000, lapack_dlarfb
State, th9, TASK, 0.329083, 0.329494, 0.000411, 0.000000, lapack_dlarfb
State, th9, TASK, 0.329497, 0.329906, 0.000409, 0.000000, lapack_dlarfb
State, th9, TASK, 0.329910, 0.330327, 0.000417, 0.000000, lapack_dlarfb
State, th9, TASK, 0.330330, 0.330871, 0.000541, 0.000000, lapack_dtpqrt
State, th9, TASK, 0.330892, 0.331625, 0.000733, 0.000000, lapack_dtpmqrt
State, th9, TASK, 0.331629, 0.332360, 0.000732, 0.000000, lapack_dtpmqrt
State, th9, TASK, 0.332363, 0.333096, 0.000732, 0.000000, lapack_dtpmqrt
State, th9, TASK, 0.333099, 0.333838, 0.000739, 0.000000, lapack_dtpmqrt
State, th9, TASK, 0.333841, 0.334585, 0.000744, 0.000000, lapack_dtpmqrt
State, th9, TASK, 0.334589, 0.335338, 0.000749, 0.000000, lapack_dtpmqrt
State, th9, TASK, 0.335341, 0.336086, 0.000745, 0.000000, lapack_dtpmqrt
State, th9, TASK, 0.336089, 0.336835, 0.000746, 0.000000, lapack_dtpmqrt
State, th9, TASK, 0.336838, 0.337581, 0.000743, 0.000000, lapack_dtpmqrt
State, th9, TASK, 0.337585, 0.338326, 0.000741, 0.000000, lapack_dtpmqrt
State, th9, TASK, 0.338369, 0.339146, 0.000777, 0.000000, lapack_dtpmqrt
State, th9, TASK, 0.339149, 0.339904, 0.000754, 0.000000, lapack_dtpmqrt
State, th9, TASK, 0.339907, 0.340657, 0.000750, 0.000000, lapack_dtpmqrt
State, th9, TASK, 0.340660, 0.341419, 0.000758, 0.000000, lapack_dtpmqrt
State, th9, TASK, 0.341423, 0.342181, 0.000759, 0.000000, lapack_dtpmqrt
State, th9, TASK, 0.342185, 0.342936, 0.000750, 0.000000, lapack_dtpmqrt
State, th9, TASK, 0.342939, 0.343690, 0.000751, 0.000000, lapack_dtpmqrt
State, th9, TASK, 0.343780, 0.344522, 0.000742, 0.000000, lapack_dtpmqrt
State, th9, TASK, 0.344525, 0.345269, 0.000744, 0.000000, lapack_dtpmqrt
State, th9, TASK, 0.345272, 0.346019, 0.000746, 0.000000, lapack_dtpmqrt
State, th9, TASK, 0.346022, 0.346765, 0.000743, 0.000000, lapack_dtpmqrt
State, th9, TASK, 0.346768, 0.347519, 0.000751, 0.000000, lapack_dtpmqrt
State, th9, TASK, 0.347522, 0.348268, 0.000745, 0.000000, lapack_dtpmqrt
State, th9, TASK, 0.348271, 0.349017, 0.000747, 0.000000, lapack_dtpmqrt
State, th9, TASK, 0.349021, 0.349770, 0.000749, 0.000000, lapack_dtpmqrt
State, th9, TASK, 0.349773, 0.350523, 0.000749, 0.000000, lapack_dtpmqrt
State, th9, TASK, 0.350527, 0.351282, 0.000756, 0.000000, lapack_dtpmqrt
State, th9, TASK, 0.351286, 0.352044, 0.000757, 0.000000, lapack_dtpmqrt
State, th9, TASK, 0.352051, 0.352807, 0.000756, 0.000000, lapack_dtpmqrt
State, th9, TASK, 0.352810, 0.353562, 0.000753, 0.000000, lapack_dtpmqrt
State, th9, TASK, 0.353566, 0.354319, 0.000753, 0.000000, lapack_dtpmqrt
State, th9, TASK, 0.354322, 0.355092, 0.000770, 0.000000, lapack_dtpmqrt
State, th9, TASK, 0.355095, 0.355864, 0.000768, 0.000000, lapack_dtpmqrt
State, th9, TASK, 0.355867, 0.356628, 0.000762, 0.000000, lapack_dtpmqrt
State, th9, TASK, 0.356632, 0.357397, 0.000766, 0.000000, lapack_dtpmqrt
State, th9, TASK, 0.357401, 0.358163, 0.000762, 0.000000, lapack_dtpmqrt
State, th9, TASK, 0.358236, 0.359000, 0.000764, 0.000000, lapack_dtpmqrt
State, th9, TASK, 0.359004, 0.359754, 0.000751, 0.000000, lapack_dtpmqrt
State, th9, TASK, 0.360331, 0.361112, 0.000781, 0.000000, lapack_dtpmqrt
State, th9, TASK, 0.361125, 0.361911, 0.000786, 0.000000, lapack_dtpmqrt
State, th9, TASK, 0.361915, 0.362693, 0.000779, 0.000000, lapack_dtpmqrt
State, th9, TASK, 0.362760, 0.363514, 0.000754, 0.000000, lapack_dtpmqrt
State, th9, TASK, 0.364195, 0.364971, 0.000776, 0.000000, lapack_dtpmqrt
State, th9, TASK, 0.364974, 0.365731, 0.000756, 0.000000, lapack_dtpmqrt
State, th9, TASK, 0.365734, 0.366490, 0.000756, 0.000000, lapack_dtpmqrt
State, th9, TASK, 0.366493, 0.367252, 0.000758, 0.000000, lapack_dtpmqrt
State, th9, TASK, 0.367292, 0.368038, 0.000746, 0.000000, lapack_dtpqrt
State, th9, TASK, 0.368152, 0.368928, 0.000776, 0.000000, lapack_dtpmqrt
State, th9, TASK, 0.369127, 0.369877, 0.000750, 0.000000, lapack_dtpmqrt
State, th9, TASK, 0.369881, 0.370649, 0.000768, 0.000000, lapack_dtpmqrt
State, th9, TASK, 0.370663, 0.371210, 0.000547, 0.000000, lapack_dtpqrt
State, th9, TASK, 0.371398, 0.371804, 0.000405, 0.000000, lapack_dgeqrt
State, th9, TASK, 0.372194, 0.372976, 0.000782, 0.000000, lapack_dtpmqrt
State, th9, TASK, 0.374399, 0.375187, 0.000788, 0.000000, lapack_dtpmqrt
State, th9, TASK, 0.375820, 0.376219, 0.000399, 0.000000, lapack_dgeqrt
State, th9, TASK, 0.377335, 0.377869, 0.000534, 0.000000, lapack_dtpqrt
State, th8, TASK, 0.012277, 0.012982, 0.000705, 0.000000, lapack_dlarfb
State, th8, TASK, 0.014022, 0.015171, 0.001149, 0.000000, lapack_dtpmqrt
State, th8, TASK, 0.015176, 0.016041, 0.000865, 0.000000, lapack_dtpmqrt
State, th8, TASK, 0.016533, 0.017322, 0.000789, 0.000000, lapack_dtpmqrt
State, th8, TASK, 0.017326, 0.018114, 0.000788, 0.000000, lapack_dtpmqrt
State, th8, TASK, 0.018117, 0.018912, 0.000795, 0.000000, lapack_dtpmqrt
State, th8, TASK, 0.018920, 0.019707, 0.000787, 0.000000, lapack_dtpmqrt
State, th8, TASK, 0.019711, 0.020483, 0.000772, 0.000000, lapack_dtpmqrt
State, th8, TASK, 0.020487, 0.021247, 0.000761, 0.000000, lapack_dtpmqrt
State, th8, TASK, 0.021254, 0.022034, 0.000780, 0.000000, lapack_dtpmqrt
State, th8, TASK, 0.022038, 0.022820, 0.000782, 0.000000, lapack_dtpmqrt
State, th8, TASK, 0.022824, 0.023607, 0.000783, 0.000000, lapack_dtpmqrt
State, th8, TASK, 0.023611, 0.024390, 0.000779, 0.000000, lapack_dtpmqrt
State, th8, TASK, 0.024395, 0.024818, 0.000423, 0.000000, lapack_dlarfb
State, th8, TASK, 0.024822, 0.025371, 0.000548, 0.000000, lapack_dtpqrt
State, th8, TASK, 0.025386, 0.026137, 0.000751, 0.000000, lapack_dtpmqrt
State, th8, TASK, 0.026140, 0.026905, 0.000765, 0.000000, lapack_dtpmqrt
State, th8, TASK, 0.026908, 0.027650, 0.000741, 0.000000, lapack_dtpmqrt
State, th8, TASK, 0.027653, 0.028417, 0.000764, 0.000000, lapack_dtpmqrt
State, th8, TASK, 0.028420, 0.029165, 0.000746, 0.000000, lapack_dtpmqrt
State, th8, TASK, 0.029169, 0.029917, 0.000749, 0.000000, lapack_dtpmqrt
State, th8, TASK, 0.029922, 0.030348, 0.000426, 0.000000, lapack_dlarfb
State, th8, TASK, 0.030352, 0.031097, 0.000746, 0.000000, lapack_dtpmqrt
State, th8, TASK, 0.031101, 0.031842, 0.000741, 0.000000, lapack_dtpmqrt
State, th8, TASK, 0.031845, 0.032600, 0.000755, 0.000000, lapack_dtpmqrt
State, th8, TASK, 0.032605, 0.033174, 0.000568, 0.000000, lapack_dtpqrt
State, th8, TASK, 0.033188, 0.033953, 0.000765, 0.000000, lapack_dtpmqrt
State, th8, TASK, 0.033956, 0.034481, 0.000525, 0.000000, lapack_dtpqrt
State, th8, TASK, 0.034490, 0.035267, 0.000777, 0.000000, lapack_dtpmqrt
State, th8, TASK, 0.035270, 0.036020, 0.000749, 0.000000, lapack_dtpmqrt
State, th8, TASK, 0.036022, 0.036769, 0.000747, 0.000000, lapack_dtpmqrt
State, th8, TASK, 0.036772, 0.037542, 0.000770, 0.000000, lapack_dtpmqrt
State, th8, TASK, 0.037545, 0.038303, 0.000757, 0.000000, lapack_dtpmqrt
State, th8, TASK, 0.038306, 0.039088, 0.000782, 0.000000, lapack_dtpmqrt
State, th8, TASK, 0.039091, 0.039853, 0.000762, 0.000000, lapack_dtpmqrt
State, th8, TASK, 0.039857, 0.040603, 0.000746, 0.000000, lapack_dtpmqrt
State, th8, TASK, 0.040606, 0.041363, 0.000757, 0.000000, lapack_dtpmqrt
State, th8, TASK, 0.041366, 0.042120, 0.000754, 0.000000, lapack_dtpmqrt
State, th8, TASK, 0.042123, 0.042906, 0.000782, 0.000000, lapack_dtpmqrt
State, th8, TASK, 0.042910, 0.043668, 0.000758, 0.000000, lapack_dtpmqrt
State, th8, TASK, 0.043671, 0.044437, 0.000766, 0.000000, lapack_dtpmqrt
State, th8, TASK, 0.044440, 0.045184, 0.000743, 0.000000, lapack_dtpmqrt
State, th8, TASK, 0.045189, 0.045960, 0.000771, 0.000000, lapack_dtpmqrt
State, th8, TASK, 0.045964, 0.046724, 0.000761, 0.000000, lapack_dtpmqrt
State, th8, TASK, 0.046727, 0.047500, 0.000772, 0.000000, lapack_dtpmqrt
State, th8, TASK, 0.047504, 0.048260, 0.000757, 0.000000, lapack_dtpmqrt
State, th8, TASK, 0.048263, 0.049021, 0.000757, 0.000000, lapack_dtpmqrt
State, th8, TASK, 0.049024, 0.049789, 0.000766, 0.000000, lapack_dtpmqrt
State, th8, TASK, 0.049793, 0.050560, 0.000767, 0.000000, lapack_dtpmqrt
State, th8, TASK, 0.050564, 0.051334, 0.000769, 0.000000, lapack_dtpmqrt
State, th8, TASK, 0.051337, 0.052099, 0.000762, 0.000000, lapack_dtpmqrt
State, th8, TASK, 0.052102, 0.052861, 0.000759, 0.000000, lapack_dtpmqrt
State, th8, TASK, 0.052865, 0.053410, 0.000546, 0.000000, lapack_dtpqrt
State, th8, TASK, 0.053421, 0.054188, 0.000767, 0.000000, lapack_dtpmqrt
State, th8, TASK, 0.054192, 0.054975, 0.000782, 0.000000, lapack_dtpmqrt
State, th8, TASK, 0.054978, 0.055747, 0.000769, 0.000000, lapack_dtpmqrt
State, th8, TASK, 0.055750, 0.056503, 0.000753, 0.000000, lapack_dtpmqrt
State, th8, TASK, 0.056510, 0.057289, 0.000779, 0.000000, lapack_dtpmqrt
State, th8, TASK, 0.057293, 0.058061, 0.000768, 0.000000, lapack_dtpmqrt
State, th8, TASK, 0.058065, 0.058838, 0.000773, 0.000000, lapack_dtpmqrt
State, th8, TASK, 0.058842, 0.059646, 0.000804, 0.000000, lapack_dtpmqrt
State, th8, TASK, 0.059649, 0.060430, 0.000780, 0.000000, lapack_dtpmqrt
State, th8, TASK, 0.060433, 0.061209, 0.000776, 0.000000, lapack_dtpmqrt
State, th8, TASK, 0.061218, 0.062021, 0.000803, 0.000000, lapack_dtpmqrt
State, th8, TASK, 0.062024, 0.062459, 0.000435, 0.000000, lapack_dlarfb
State, th8, TASK, 0.062464, 0.063274, 0.000810, 0.000000, lapack_dtpmqrt
State, th8, TASK, 0.063277, 0.064059, 0.000781, 0.000000, lapack_dtpmqrt
State, th8, TASK, 0.064063, 0.064848, 0.000785, 0.000000, lapack_dtpmqrt
State, th8, TASK, 0.064852, 0.065639, 0.000787, 0.000000, lapack_dtpmqrt
State, th8, TASK, 0.065642, 0.066075, 0.000432, 0.000000, lapack_dlarfb
State, th8, TASK, 0.066079, 0.066845, 0.000766, 0.000000, lapack_dtpmqrt
State, th8, TASK, 0.066849, 0.067610, 0.000761, 0.000000, lapack_dtpmqrt
State, th8, TASK, 0.067613, 0.068364, 0.000751, 0.000000, lapack_dtpmqrt
State, th8, TASK, 0.068367, 0.069116, 0.000749, 0.000000, lapack_dtpmqrt
State, th8, TASK, 0.069119, 0.069883, 0.000763, 0.000000, lapack_dtpmqrt
State, th8, TASK, 0.069886, 0.070313, 0.000427, 0.000000, lapack_dlarfb
State, th8, TASK, 0.070317, 0.071114, 0.000797, 0.000000, lapack_dtpmqrt
State, th8, TASK, 0.071118, 0.071889, 0.000771, 0.000000, lapack_dtpmqrt
State, th8, TASK, 0.071892, 0.072659, 0.000767, 0.000000, lapack_dtpmqrt
State, th8, TASK, 0.072663, 0.073432, 0.000769, 0.000000, lapack_dtpmqrt
State, th8, TASK, 0.073436, 0.074205, 0.000770, 0.000000, lapack_dtpmqrt
State, th8, TASK, 0.074210, 0.074989, 0.000779, 0.000000, lapack_dtpmqrt
State, th8, TASK, 0.074992, 0.075751, 0.000758, 0.000000, lapack_dtpmqrt
State, th8, TASK, 0.075754, 0.076510, 0.000756, 0.000000, lapack_dtpmqrt
State, th8, TASK, 0.076514, 0.077270, 0.000756, 0.000000, lapack_dtpmqrt
State, th8, TASK, 0.077273, 0.078035, 0.000762, 0.000000, lapack_dtpmqrt
State, th8, TASK, 0.078039, 0.078799, 0.000760, 0.000000, lapack_dtpmqrt
State, th8, TASK, 0.078802, 0.079569, 0.000767, 0.000000, lapack_dtpmqrt
State, th8, TASK, 0.079572, 0.080336, 0.000763, 0.000000, lapack_dtpmqrt
State, th8, TASK, 0.080339, 0.081101, 0.000762, 0.000000, lapack_dtpmqrt
State, th8, TASK, 0.081104, 0.081530, 0.000426, 0.000000, lapack_dlarfb
State, th8, TASK, 0.081534, 0.082314, 0.000780, 0.000000, lapack_dtpmqrt
State, th8, TASK, 0.082317, 0.083103, 0.000786, 0.000000, lapack_dtpmqrt
State, th8, TASK, 0.083106, 0.083882, 0.000776, 0.000000, lapack_dtpmqrt
State, th8, TASK, 0.083885, 0.084658, 0.000774, 0.000000, lapack_dtpmqrt
State, th8, TASK, 0.084662, 0.085446, 0.000784, 0.000000, lapack_dtpmqrt
State, th8, TASK, 0.085449, 0.086208, 0.000759, 0.000000, lapack_dtpmqrt
State, th8, TASK, 0.086212, 0.086973, 0.000761, 0.000000, lapack_dtpmqrt
State, th8, TASK, 0.086977, 0.087729, 0.000752, 0.000000, lapack_dtpmqrt
State, th8, TASK, 0.087732, 0.088485, 0.000752, 0.000000, lapack_dtpmqrt
State, th8, TASK, 0.088489, 0.089049, 0.000561, 0.000000, lapack_dtpqrt
State, th8, TASK, 0.089061, 0.089830, 0.000769, 0.000000, lapack_dtpmqrt
State, th8, TASK, 0.089833, 0.090612, 0.000779, 0.000000, lapack_dtpmqrt
State, th8, TASK, 0.090616, 0.091383, 0.000768, 0.000000, lapack_dtpmqrt
State, th8, TASK, 0.091387, 0.092135, 0.000748, 0.000000, lapack_dtpmqrt
State, th8, TASK, 0.092138, 0.092899, 0.000761, 0.000000, lapack_dtpmqrt
State, th8, TASK, 0.092902, 0.093664, 0.000762, 0.000000, lapack_dtpmqrt
State, th8, TASK, 0.093667, 0.094430, 0.000763, 0.000000, lapack_dtpmqrt
State, th8, TASK, 0.094434, 0.095216, 0.000782, 0.000000, lapack_dtpmqrt
State, th8, TASK, 0.095219, 0.095990, 0.000771, 0.000000, lapack_dtpmqrt
State, th8, TASK, 0.095994, 0.096765, 0.000771, 0.000000, lapack_dtpmqrt
State, th8, TASK, 0.096768, 0.097533, 0.000765, 0.000000, lapack_dtpmqrt
State, th8, TASK, 0.097536, 0.098295, 0.000759, 0.000000, lapack_dtpmqrt
State, th8, TASK, 0.098300, 0.099087, 0.000787, 0.000000, lapack_dtpmqrt
State, th8, TASK, 0.099090, 0.099856, 0.000766, 0.000000, lapack_dtpmqrt
State, th8, TASK, 0.099860, 0.100623, 0.000763, 0.000000, lapack_dtpmqrt
State, th8, TASK, 0.100626, 0.101389, 0.000763, 0.000000, lapack_dtpmqrt
State, th8, TASK, 0.101392, 0.102145, 0.000753, 0.000000, lapack_dtpmqrt
State, th8, TASK, 0.102149, 0.102908, 0.000759, 0.000000, lapack_dtpmqrt
State, th8, TASK, 0.102913, 0.103674, 0.000761, 0.000000, lapack_dtpmqrt
State, th8, TASK, 0.103678, 0.104439, 0.000760, 0.000000, lapack_dtpmqrt
State, th8, TASK, 0.104443, 0.105204, 0.000762, 0.000000, lapack_dtpmqrt
State, th8, TASK, 0.105208, 0.105969, 0.000762, 0.000000, lapack_dtpmqrt
State, th8, TASK, 0.105973, 0.106745, 0.000772, 0.000000, lapack_dtpmqrt
State, th8, TASK, 0.106748, 0.107532, 0.000784, 0.000000, lapack_dtpmqrt
State, th8, TASK, 0.107535, 0.108290, 0.000755, 0.000000, lapack_dtpmqrt
State, th8, TASK, 0.108293, 0.109041, 0.000748, 0.000000, lapack_dtpmqrt
State, th8, TASK, 0.109051, 0.109798, 0.000748, 0.000000, lapack_dtpmqrt
State, th8, TASK, 0.109802, 0.110553, 0.000751, 0.000000, lapack_dtpmqrt
State, th8, TASK, 0.110556, 0.111327, 0.000770, 0.000000, lapack_dtpmqrt
State, th8, TASK, 0.111331, 0.112092, 0.000761, 0.000000, lapack_dtpmqrt
State, th8, TASK, 0.112095, 0.112857, 0.000762, 0.000000, lapack_dtpmqrt
State, th8, TASK, 0.112860, 0.113615, 0.000755, 0.000000, lapack_dtpmqrt
State, th8, TASK, 0.113619, 0.114374, 0.000755, 0.000000, lapack_dtpmqrt
State, th8, TASK, 0.114377, 0.115152, 0.000775, 0.000000, lapack_dtpmqrt
State, th8, TASK, 0.115156, 0.115908, 0.000752, 0.000000, lapack_dtpmqrt
State, th8, TASK, 0.115912, 0.116662, 0.000750, 0.000000, lapack_dtpmqrt
State, th8, TASK, 0.116665, 0.117412, 0.000746, 0.000000, lapack_dtpmqrt
State, th8, TASK, 0.117415, 0.118165, 0.000751, 0.000000, lapack_dtpmqrt
State, th8, TASK, 0.118170, 0.118942, 0.000772, 0.000000, lapack_dtpmqrt
State, th8, TASK, 0.118945, 0.119707, 0.000762, 0.000000, lapack_dtpmqrt
State, th8, TASK, 0.119710, 0.120469, 0.000759, 0.000000, lapack_dtpmqrt
State, th8, TASK, 0.120472, 0.121221, 0.000749, 0.000000, lapack_dtpmqrt
State, th8, TASK, 0.121225, 0.121976, 0.000751, 0.000000, lapack_dtpmqrt
State, th8, TASK, 0.121980, 0.122735, 0.000755, 0.000000, lapack_dtpmqrt
State, th8, TASK, 0.122739, 0.123500, 0.000761, 0.000000, lapack_dtpmqrt
State, th8, TASK, 0.123503, 0.124251, 0.000748, 0.000000, lapack_dtpmqrt
State, th8, TASK, 0.124254, 0.125010, 0.000755, 0.000000, lapack_dtpmqrt
State, th8, TASK, 0.125012, 0.125762, 0.000750, 0.000000, lapack_dtpmqrt
State, th8, TASK, 0.125765, 0.126521, 0.000756, 0.000000, lapack_dtpmqrt
State, th8, TASK, 0.126525, 0.127301, 0.000776, 0.000000, lapack_dtpmqrt
State, th8, TASK, 0.127304, 0.128064, 0.000760, 0.000000, lapack_dtpmqrt
State, th8, TASK, 0.128067, 0.128830, 0.000762, 0.000000, lapack_dtpmqrt
State, th8, TASK, 0.128837, 0.129612, 0.000776, 0.000000, lapack_dtpmqrt
State, th8, TASK, 0.129616, 0.130381, 0.000764, 0.000000, lapack_dtpmqrt
State, th8, TASK, 0.130384, 0.131151, 0.000767, 0.000000, lapack_dtpmqrt
State, th8, TASK, 0.131155, 0.131918, 0.000763, 0.000000, lapack_dtpmqrt
State, th8, TASK, 0.131921, 0.132679, 0.000758, 0.000000, lapack_dtpmqrt
State, th8, TASK, 0.132682, 0.133449, 0.000767, 0.000000, lapack_dtpmqrt
State, th8, TASK, 0.133452, 0.134219, 0.000767, 0.000000, lapack_dtpmqrt
State, th8, TASK, 0.134223, 0.134995, 0.000772, 0.000000, lapack_dtpmqrt
State, th8, TASK, 0.134999, 0.135767, 0.000768, 0.000000, lapack_dtpmqrt
State, th8, TASK, 0.135770, 0.136533, 0.000763, 0.000000, lapack_dtpmqrt
State, th8, TASK, 0.136536, 0.137290, 0.000754, 0.000000, lapack_dtpmqrt
State, th8, TASK, 0.137293, 0.138051, 0.000758, 0.000000, lapack_dtpmqrt
State, th8, TASK, 0.138054, 0.138809, 0.000755, 0.000000, lapack_dtpmqrt
State, th8, TASK, 0.138812, 0.139574, 0.000762, 0.000000, lapack_dtpmqrt
State, th8, TASK, 0.139577, 0.140336, 0.000758, 0.000000, lapack_dtpmqrt
State, th8, TASK, 0.140340, 0.141099, 0.000759, 0.000000, lapack_dtpmqrt
State, th8, TASK, 0.141103, 0.141862, 0.000759, 0.000000, lapack_dtpmqrt
State, th8, TASK, 0.141865, 0.142626, 0.000761, 0.000000, lapack_dtpmqrt
State, th8, TASK, 0.142629, 0.143393, 0.000764, 0.000000, lapack_dtpmqrt
State, th8, TASK, 0.143396, 0.144159, 0.000763, 0.000000, lapack_dtpmqrt
State, th8, TASK, 0.144162, 0.144922, 0.000760, 0.000000, lapack_dtpmqrt
State, th8, TASK, 0.144926, 0.145689, 0.000763, 0.000000, lapack_dtpmqrt
State, th8, TASK, 0.145692, 0.146452, 0.000760, 0.000000, lapack_dtpmqrt
State, th8, TASK, 0.146455, 0.147220, 0.000765, 0.000000, lapack_dtpmqrt
State, th8, TASK, 0.147226, 0.147995, 0.000769, 0.000000, lapack_dtpmqrt
State, th8, TASK, 0.147998, 0.148772, 0.000774, 0.000000, lapack_dtpmqrt
State, th8, TASK, 0.148775, 0.149551, 0.000776, 0.000000, lapack_dtpmqrt
State, th8, TASK, 0.149555, 0.150321, 0.000766, 0.000000, lapack_dtpmqrt
State, th8, TASK, 0.150324, 0.151093, 0.000770, 0.000000, lapack_dtpmqrt
State, th8, TASK, 0.151097, 0.151858, 0.000762, 0.000000, lapack_dtpmqrt
State, th8, TASK, 0.151862, 0.152637, 0.000776, 0.000000, lapack_dtpmqrt
State, th8, TASK, 0.152641, 0.153411, 0.000770, 0.000000, lapack_dtpmqrt
State, th8, TASK, 0.153414, 0.154198, 0.000783, 0.000000, lapack_dtpmqrt
State, th8, TASK, 0.154201, 0.154979, 0.000778, 0.000000, lapack_dtpmqrt
State, th8, TASK, 0.154983, 0.155753, 0.000771, 0.000000, lapack_dtpmqrt
State, th8, TASK, 0.155757, 0.156528, 0.000771, 0.000000, lapack_dtpmqrt
State, th8, TASK, 0.156531, 0.157305, 0.000774, 0.000000, lapack_dtpmqrt
State, th8, TASK, 0.157308, 0.158094, 0.000786, 0.000000, lapack_dtpmqrt
State, th8, TASK, 0.158103, 0.158897, 0.000795, 0.000000, lapack_dtpmqrt
State, th8, TASK, 0.158901, 0.159668, 0.000767, 0.000000, lapack_dtpmqrt
State, th8, TASK, 0.159672, 0.160434, 0.000762, 0.000000, lapack_dtpmqrt
State, th8, TASK, 0.160438, 0.161203, 0.000765, 0.000000, lapack_dtpmqrt
State, th8, TASK, 0.161206, 0.161968, 0.000762, 0.000000, lapack_dtpmqrt
State, th8, TASK, 0.161971, 0.162734, 0.000763, 0.000000, lapack_dtpmqrt
State, th8, TASK, 0.162738, 0.163515, 0.000777, 0.000000, lapack_dtpmqrt
State, th8, TASK, 0.163520, 0.164291, 0.000770, 0.000000, lapack_dtpmqrt
State, th8, TASK, 0.164294, 0.165055, 0.000761, 0.000000, lapack_dtpmqrt
State, th8, TASK, 0.165058, 0.165811, 0.000752, 0.000000, lapack_dtpmqrt
State, th8, TASK, 0.165815, 0.166566, 0.000751, 0.000000, lapack_dtpmqrt
State, th8, TASK, 0.166569, 0.167336, 0.000767, 0.000000, lapack_dtpmqrt
State, th8, TASK, 0.167339, 0.168090, 0.000751, 0.000000, lapack_dtpmqrt
State, th8, TASK, 0.168093, 0.168848, 0.000755, 0.000000, lapack_dtpmqrt
State, th8, TASK, 0.168851, 0.169606, 0.000755, 0.000000, lapack_dtpmqrt
State, th8, TASK, 0.169614, 0.170033, 0.000419, 0.000000, lapack_dlarfb
State, th8, TASK, 0.170044, 0.170813, 0.000769, 0.000000, lapack_dtpmqrt
State, th8, TASK, 0.170938, 0.171718, 0.000781, 0.000000, lapack_dtpmqrt
State, th8, TASK, 0.171723, 0.172486, 0.000764, 0.000000, lapack_dtpmqrt
State, th8, TASK, 0.172490, 0.173261, 0.000771, 0.000000, lapack_dtpmqrt
State, th8, TASK, 0.173264, 0.174031, 0.000767, 0.000000, lapack_dtpmqrt
State, th8, TASK, 0.174035, 0.174801, 0.000766, 0.000000, lapack_dtpmqrt
State, th8, TASK, 0.174804, 0.175578, 0.000774, 0.000000, lapack_dtpmqrt
State, th8, TASK, 0.175582, 0.176346, 0.000764, 0.000000, lapack_dtpmqrt
State, th8, TASK, 0.176350, 0.177114, 0.000765, 0.000000, lapack_dtpmqrt
State, th8, TASK, 0.177117, 0.177882, 0.000765, 0.000000, lapack_dtpmqrt
State, th8, TASK, 0.177886, 0.178652, 0.000767, 0.000000, lapack_dtpmqrt
State, th8, TASK, 0.178655, 0.179432, 0.000777, 0.000000, lapack_dtpmqrt
State, th8, TASK, 0.179436, 0.180203, 0.000767, 0.000000, lapack_dtpmqrt
State, th8, TASK, 0.180206, 0.180971, 0.000765, 0.000000, lapack_dtpmqrt
State, th8, TASK, 0.180974, 0.181725, 0.000751, 0.000000, lapack_dtpmqrt
State, th8, TASK, 0.181729, 0.182478, 0.000749, 0.000000, lapack_dtpmqrt
State, th8, TASK, 0.182481, 0.183244, 0.000763, 0.000000, lapack_dtpmqrt
State, th8, TASK, 0.183247, 0.184003, 0.000756, 0.000000, lapack_dtpmqrt
State, th8, TASK, 0.184007, 0.184769, 0.000762, 0.000000, lapack_dtpmqrt
State, th8, TASK, 0.184772, 0.185526, 0.000754, 0.000000, lapack_dtpmqrt
State, th8, TASK, 0.185536, 0.186296, 0.000760, 0.000000, lapack_dtpmqrt
State, th8, TASK, 0.186299, 0.187069, 0.000769, 0.000000, lapack_dtpmqrt
State, th8, TASK, 0.187072, 0.187832, 0.000760, 0.000000, lapack_dtpmqrt
State, th8, TASK, 0.187835, 0.188597, 0.000762, 0.000000, lapack_dtpmqrt
State, th8, TASK, 0.188601, 0.189367, 0.000767, 0.000000, lapack_dtpmqrt
State, th8, TASK, 0.189371, 0.190137, 0.000767, 0.000000, lapack_dtpmqrt
State, th8, TASK, 0.190141, 0.190918, 0.000777, 0.000000, lapack_dtpmqrt
State, th8, TASK, 0.190922, 0.191682, 0.000760, 0.000000, lapack_dtpmqrt
State, th8, TASK, 0.191685, 0.192438, 0.000753, 0.000000, lapack_dtpmqrt
State, th8, TASK, 0.192441, 0.193199, 0.000758, 0.000000, lapack_dtpmqrt
State, th8, TASK, 0.193202, 0.193958, 0.000756, 0.000000, lapack_dtpmqrt
State, th8, TASK, 0.193962, 0.194710, 0.000749, 0.000000, lapack_dtpmqrt
State, th8, TASK, 0.194714, 0.195470, 0.000757, 0.000000, lapack_dtpmqrt
State, th8, TASK, 0.195474, 0.196222, 0.000748, 0.000000, lapack_dtpmqrt
State, th8, TASK, 0.196226, 0.196970, 0.000744, 0.000000, lapack_dtpmqrt
State, th8, TASK, 0.196975, 0.197721, 0.000746, 0.000000, lapack_dtpmqrt
State, th8, TASK, 0.197724, 0.198473, 0.000749, 0.000000, lapack_dtpmqrt
State, th8, TASK, 0.198477, 0.199236, 0.000759, 0.000000, lapack_dtpmqrt
State, th8, TASK, 0.199239, 0.199987, 0.000748, 0.000000, lapack_dtpmqrt
State, th8, TASK, 0.199991, 0.200736, 0.000745, 0.000000, lapack_dtpmqrt
State, th8, TASK, 0.200739, 0.201484, 0.000745, 0.000000, lapack_dtpmqrt
State, th8, TASK, 0.201488, 0.202234, 0.000746, 0.000000, lapack_dtpmqrt
State, th8, TASK, 0.202237, 0.202992, 0.000755, 0.000000, lapack_dtpmqrt
State, th8, TASK, 0.202996, 0.203745, 0.000749, 0.000000, lapack_dtpmqrt
State, th8, TASK, 0.203749, 0.204492, 0.000744, 0.000000, lapack_dtpmqrt
State, th8, TASK, 0.204496, 0.205255, 0.000759, 0.000000, lapack_dtpmqrt
State, th8, TASK, 0.205259, 0.206008, 0.000749, 0.000000, lapack_dtpmqrt
State, th8, TASK, 0.206012, 0.206763, 0.000751, 0.000000, lapack_dtpmqrt
State, th8, TASK, 0.206774, 0.207536, 0.000762, 0.000000, lapack_dtpmqrt
State, th8, TASK, 0.207540, 0.208295, 0.000755, 0.000000, lapack_dtpmqrt
State, th8, TASK, 0.208299, 0.209053, 0.000755, 0.000000, lapack_dtpmqrt
State, th8, TASK, 0.209056, 0.209813, 0.000757, 0.000000, lapack_dtpmqrt
State, th8, TASK, 0.209817, 0.210572, 0.000755, 0.000000, lapack_dtpmqrt
State, th8, TASK, 0.210575, 0.211337, 0.000762, 0.000000, lapack_dtpmqrt
State, th8, TASK, 0.211340, 0.212092, 0.000752, 0.000000, lapack_dtpmqrt
State, th8, TASK, 0.212096, 0.212839, 0.000743, 0.000000, lapack_dtpmqrt
State, th8, TASK, 0.212842, 0.213586, 0.000744, 0.000000, lapack_dtpmqrt
State, th8, TASK, 0.213721, 0.214484, 0.000763, 0.000000, lapack_dtpmqrt
State, th8, TASK, 0.214488, 0.215253, 0.000765, 0.000000, lapack_dtpmqrt
State, th8, TASK, 0.215256, 0.216013, 0.000757, 0.000000, lapack_dtpmqrt
State, th8, TASK, 0.216293, 0.217063, 0.000770, 0.000000, lapack_dtpmqrt
State, th8, TASK, 0.217067, 0.217824, 0.000758, 0.000000, lapack_dtpmqrt
State, th8, TASK, 0.217827, 0.218579, 0.000752, 0.000000, lapack_dtpmqrt
State, th8, TASK, 0.218582, 0.219345, 0.000763, 0.000000, lapack_dtpmqrt
State, th8, TASK, 0.219348, 0.220106, 0.000758, 0.000000, lapack_dtpmqrt
State, th8, TASK, 0.220109, 0.220871, 0.000762, 0.000000, lapack_dtpmqrt
State, th8, TASK, 0.220875, 0.221632, 0.000758, 0.000000, lapack_dtpmqrt
State, th8, TASK, 0.221636, 0.222381, 0.000745, 0.000000, lapack_dtpmqrt
State, th8, TASK, 0.222385, 0.223136, 0.000751, 0.000000, lapack_dtpmqrt
State, th8, TASK, 0.223140, 0.223901, 0.000762, 0.000000, lapack_dtpmqrt
State, th8, TASK, 0.223904, 0.224660, 0.000756, 0.000000, lapack_dtpmqrt
State, th8, TASK, 0.224663, 0.225411, 0.000748, 0.000000, lapack_dtpmqrt
State, th8, TASK, 0.225414, 0.226159, 0.000745, 0.000000, lapack_dtpmqrt
State, th8, TASK, 0.226167, 0.226957, 0.000790, 0.000000, lapack_dtpmqrt
State, th8, TASK, 0.226961, 0.227740, 0.000779, 0.000000, lapack_dtpmqrt
State, th8, TASK, 0.227744, 0.228519, 0.000775, 0.000000, lapack_dtpmqrt
State, th8, TASK, 0.228523, 0.229300, 0.000777, 0.000000, lapack_dtpmqrt
State, th8, TASK, 0.229305, 0.230083, 0.000778, 0.000000, lapack_dtpmqrt
State, th8, TASK, 0.230086, 0.230850, 0.000764, 0.000000, lapack_dtpmqrt
State, th8, TASK, 0.230854, 0.231620, 0.000766, 0.000000, lapack_dtpmqrt
State, th8, TASK, 0.231623, 0.232385, 0.000762, 0.000000, lapack_dtpmqrt
State, th8, TASK, 0.232388, 0.233146, 0.000758, 0.000000, lapack_dtpmqrt
State, th8, TASK, 0.233151, 0.233912, 0.000762, 0.000000, lapack_dtpmqrt
State, th8, TASK, 0.233916, 0.234676, 0.000760, 0.000000, lapack_dtpmqrt
State, th8, TASK, 0.235114, 0.235867, 0.000753, 0.000000, lapack_dtpmqrt
State, th8, TASK, 0.235871, 0.236614, 0.000742, 0.000000, lapack_dtpmqrt
State, th8, TASK, 0.236617, 0.237359, 0.000742, 0.000000, lapack_dtpmqrt
State, th8, TASK, 0.237363, 0.238109, 0.000746, 0.000000, lapack_dtpmqrt
State, th8, TASK, 0.238112, 0.238861, 0.000749, 0.000000, lapack_dtpmqrt
State, th8, TASK, 0.238865, 0.239623, 0.000758, 0.000000, lapack_dtpmqrt
State, th8, TASK, 0.239626, 0.240371, 0.000745, 0.000000, lapack_dtpmqrt
State, th8, TASK, 0.240380, 0.241144, 0.000764, 0.000000, lapack_dtpmqrt
State, th8, TASK, 0.241148, 0.241904, 0.000756, 0.000000, lapack_dtpmqrt
State, th8, TASK, 0.241907, 0.242669, 0.000761, 0.000000, lapack_dtpmqrt
State, th8, TASK, 0.242672, 0.243444, 0.000772, 0.000000, lapack_dtpmqrt
State, th8, TASK, 0.243447, 0.244206, 0.000759, 0.000000, lapack_dtpmqrt
State, th8, TASK, 0.244210, 0.244968, 0.000758, 0.000000, lapack_dtpmqrt
State, th8, TASK, 0.244971, 0.245734, 0.000763, 0.000000, lapack_dtpmqrt
State, th8, TASK, 0.245738, 0.246496, 0.000758, 0.000000, lapack_dtpmqrt
State, th8, TASK, 0.246499, 0.247263, 0.000764, 0.000000, lapack_dtpmqrt
State, th8, TASK, 0.247266, 0.248018, 0.000752, 0.000000, lapack_dtpmqrt
State, th8, TASK, 0.248022, 0.248772, 0.000750, 0.000000, lapack_dtpmqrt
State, th8, TASK, 0.248775, 0.249524, 0.000749, 0.000000, lapack_dtpmqrt
State, th8, TASK, 0.249528, 0.250280, 0.000752, 0.000000, lapack_dtpmqrt
State, th8, TASK, 0.250283, 0.251043, 0.000760, 0.000000, lapack_dtpmqrt
State, th8, TASK, 0.251174, 0.251958, 0.000785, 0.000000, lapack_dtpmqrt
State, th8, TASK, 0.251962, 0.252740, 0.000778, 0.000000, lapack_dtpmqrt
State, th8, TASK, 0.252746, 0.253512, 0.000767, 0.000000, lapack_dtpmqrt
State, th8, TASK, 0.253516, 0.254282, 0.000767, 0.000000, lapack_dtpmqrt
State, th8, TASK, 0.254286, 0.255059, 0.000773, 0.000000, lapack_dtpmqrt
State, th8, TASK, 0.255062, 0.255830, 0.000768, 0.000000, lapack_dtpmqrt
State, th8, TASK, 0.255833, 0.256601, 0.000768, 0.000000, lapack_dtpmqrt
State, th8, TASK, 0.256609, 0.257376, 0.000767, 0.000000, lapack_dtpmqrt
State, th8, TASK, 0.257380, 0.258153, 0.000774, 0.000000, lapack_dtpmqrt
State, th8, TASK, 0.258157, 0.258922, 0.000766, 0.000000, lapack_dtpmqrt
State, th8, TASK, 0.258926, 0.259685, 0.000759, 0.000000, lapack_dtpmqrt
State, th8, TASK, 0.259688, 0.260456, 0.000768, 0.000000, lapack_dtpmqrt
State, th8, TASK, 0.260459, 0.261228, 0.000769, 0.000000, lapack_dtpmqrt
State, th8, TASK, 0.261320, 0.262078, 0.000758, 0.000000, lapack_dtpmqrt
State, th8, TASK, 0.262081, 0.262837, 0.000756, 0.000000, lapack_dtpmqrt
State, th8, TASK, 0.262840, 0.263607, 0.000766, 0.000000, lapack_dtpmqrt
State, th8, TASK, 0.263610, 0.264366, 0.000756, 0.000000, lapack_dtpmqrt
State, th8, TASK, 0.264369, 0.265120, 0.000751, 0.000000, lapack_dtpmqrt
State, th8, TASK, 0.265148, 0.265909, 0.000762, 0.000000, lapack_dtpmqrt
State, th8, TASK, 0.265913, 0.266670, 0.000757, 0.000000, lapack_dtpmqrt
State, th8, TASK, 0.266673, 0.267427, 0.000753, 0.000000, lapack_dtpmqrt
State, th8, TASK, 0.267430, 0.268173, 0.000743, 0.000000, lapack_dtpmqrt
State, th8, TASK, 0.268176, 0.268921, 0.000745, 0.000000, lapack_dtpmqrt
State, th8, TASK, 0.268924, 0.269674, 0.000750, 0.000000, lapack_dtpmqrt
State, th8, TASK, 0.269677, 0.270425, 0.000748, 0.000000, lapack_dtpmqrt
State, th8, TASK, 0.270429, 0.271181, 0.000752, 0.000000, lapack_dtpmqrt
State, th8, TASK, 0.271190, 0.271944, 0.000754, 0.000000, lapack_dtpmqrt
State, th8, TASK, 0.271947, 0.272699, 0.000752, 0.000000, lapack_dtpmqrt
State, th8, TASK, 0.272703, 0.273452, 0.000749, 0.000000, lapack_dtpmqrt
State, th8, TASK, 0.273456, 0.274203, 0.000748, 0.000000, lapack_dtpmqrt
State, th8, TASK, 0.274207, 0.274963, 0.000756, 0.000000, lapack_dtpmqrt
State, th8, TASK, 0.274967, 0.275712, 0.000745, 0.000000, lapack_dtpmqrt
State, th8, TASK, 0.275715, 0.276457, 0.000742, 0.000000, lapack_dtpmqrt
State, th8, TASK, 0.276461, 0.277205, 0.000745, 0.000000, lapack_dtpmqrt
State, th8, TASK, 0.277208, 0.277953, 0.000745, 0.000000, lapack_dtpmqrt
State, th8, TASK, 0.277956, 0.278705, 0.000749, 0.000000, lapack_dtpmqrt
State, th8, TASK, 0.278799, 0.279577, 0.000778, 0.000000, lapack_dtpmqrt
State, th8, TASK, 0.279581, 0.280334, 0.000753, 0.000000, lapack_dtpmqrt
State, th8, TASK, 0.280337, 0.281092, 0.000755, 0.000000, lapack_dtpmqrt
State, th8, TASK, 0.281095, 0.281852, 0.000757, 0.000000, lapack_dtpmqrt
State, th8, TASK, 0.281855, 0.282620, 0.000765, 0.000000, lapack_dtpmqrt
State, th8, TASK, 0.282624, 0.283382, 0.000758, 0.000000, lapack_dtpmqrt
State, th8, TASK, 0.283386, 0.284140, 0.000754, 0.000000, lapack_dtpmqrt
State, th8, TASK, 0.284143, 0.284899, 0.000756, 0.000000, lapack_dtpmqrt
State, th8, TASK, 0.284903, 0.285655, 0.000753, 0.000000, lapack_dtpmqrt
State, th8, TASK, 0.285659, 0.286416, 0.000757, 0.000000, lapack_dtpmqrt
State, th8, TASK, 0.286419, 0.287183, 0.000764, 0.000000, lapack_dtpmqrt
State, th8, TASK, 0.287186, 0.287949, 0.000762, 0.000000, lapack_dtpmqrt
State, th8, TASK, 0.287952, 0.288713, 0.000761, 0.000000, lapack_dtpmqrt
State, th8, TASK, 0.288717, 0.289476, 0.000760, 0.000000, lapack_dtpmqrt
State, th8, TASK, 0.289479, 0.290261, 0.000781, 0.000000, lapack_dtpmqrt
State, th8, TASK, 0.290264, 0.291042, 0.000778, 0.000000, lapack_dtpmqrt
State, th8, TASK, 0.291045, 0.291816, 0.000771, 0.000000, lapack_dtpmqrt
State, th8, TASK, 0.291820, 0.292580, 0.000761, 0.000000, lapack_dtpmqrt
State, th8, TASK, 0.292583, 0.293346, 0.000762, 0.000000, lapack_dtpmqrt
State, th8, TASK, 0.293351, 0.294120, 0.000769, 0.000000, lapack_dtpmqrt
State, th8, TASK, 0.294123, 0.294892, 0.000769, 0.000000, lapack_dtpmqrt
State, th8, TASK, 0.294895, 0.295656, 0.000762, 0.000000, lapack_dtpmqrt
State, th8, TASK, 0.295660, 0.296425, 0.000765, 0.000000, lapack_dtpmqrt
State, th8, TASK, 0.296428, 0.297194, 0.000766, 0.000000, lapack_dtpmqrt
State, th8, TASK, 0.297197, 0.297961, 0.000763, 0.000000, lapack_dtpmqrt
State, th8, TASK, 0.297964, 0.298722, 0.000758, 0.000000, lapack_dtpmqrt
State, th8, TASK, 0.298725, 0.299501, 0.000775, 0.000000, lapack_dtpmqrt
State, th8, TASK, 0.299504, 0.300264, 0.000760, 0.000000, lapack_dtpmqrt
State, th8, TASK, 0.300267, 0.301034, 0.000767, 0.000000, lapack_dtpmqrt
State, th8, TASK, 0.301038, 0.301805, 0.000767, 0.000000, lapack_dtpmqrt
State, th8, TASK, 0.301808, 0.302587, 0.000778, 0.000000, lapack_dtpmqrt
State, th8, TASK, 0.302590, 0.303370, 0.000780, 0.000000, lapack_dtpmqrt
State, th8, TASK, 0.303374, 0.304141, 0.000767, 0.000000, lapack_dtpmqrt
State, th8, TASK, 0.304145, 0.304923, 0.000778, 0.000000, lapack_dtpmqrt
State, th8, TASK, 0.304926, 0.305701, 0.000775, 0.000000, lapack_dtpmqrt
State, th8, TASK, 0.305709, 0.306484, 0.000775, 0.000000, lapack_dtpmqrt
State, th8, TASK, 0.306487, 0.307276, 0.000788, 0.000000, lapack_dtpmqrt
State, th8, TASK, 0.307283, 0.308061, 0.000778, 0.000000, lapack_dtpmqrt
State, th8, TASK, 0.308064, 0.308848, 0.000784, 0.000000, lapack_dtpmqrt
State, th8, TASK, 0.308852, 0.309628, 0.000777, 0.000000, lapack_dtpmqrt
State, th8, TASK, 0.309631, 0.310402, 0.000771, 0.000000, lapack_dtpmqrt
State, th8, TASK, 0.310406, 0.311182, 0.000776, 0.000000, lapack_dtpmqrt
State, th8, TASK, 0.311185, 0.311960, 0.000775, 0.000000, lapack_dtpmqrt
State, th8, TASK, 0.311964, 0.312734, 0.000771, 0.000000, lapack_dtpmqrt
State, th8, TASK, 0.312738, 0.313514, 0.000776, 0.000000, lapack_dtpmqrt
State, th8, TASK, 0.313517, 0.314280, 0.000762, 0.000000, lapack_dtpmqrt
State, th8, TASK, 0.314283, 0.315053, 0.000771, 0.000000, lapack_dtpmqrt
State, th8, TASK, 0.315057, 0.315824, 0.000767, 0.000000, lapack_dtpmqrt
State, th8, TASK, 0.315827, 0.316588, 0.000761, 0.000000, lapack_dtpmqrt
State, th8, TASK, 0.316592, 0.317349, 0.000757, 0.000000, lapack_dtpmqrt
State, th8, TASK, 0.317353, 0.318115, 0.000762, 0.000000, lapack_dtpmqrt
State, th8, TASK, 0.318118, 0.318883, 0.000765, 0.000000, lapack_dtpmqrt
State, th8, TASK, 0.318886, 0.319652, 0.000766, 0.000000, lapack_dtpmqrt
State, th8, TASK, 0.319655, 0.320415, 0.000760, 0.000000, lapack_dtpmqrt
State, th8, TASK, 0.320488, 0.321249, 0.000760, 0.000000, lapack_dtpmqrt
State, th8, TASK, 0.321252, 0.322004, 0.000752, 0.000000, lapack_dtpmqrt
State, th8, TASK, 0.322007, 0.322752, 0.000745, 0.000000, lapack_dtpmqrt
State, th8, TASK, 0.322755, 0.323509, 0.000754, 0.000000, lapack_dtpmqrt
State, th8, TASK, 0.323617, 0.324383, 0.000766, 0.000000, lapack_dtpmqrt
State, th8, TASK, 0.324387, 0.325154, 0.000768, 0.000000, lapack_dtpmqrt
State, th8, TASK, 0.325157, 0.325923, 0.000766, 0.000000, lapack_dtpmqrt
State, th8, TASK, 0.325927, 0.326696, 0.000769, 0.000000, lapack_dtpmqrt
State, th8, TASK, 0.326699, 0.327471, 0.000772, 0.000000, lapack_dtpmqrt
State, th8, TASK, 0.327474, 0.328233, 0.000758, 0.000000, lapack_dtpmqrt
State, th8, TASK, 0.328528, 0.329331, 0.000803, 0.000000, lapack_dtpmqrt
State, th8, TASK, 0.329335, 0.330117, 0.000782, 0.000000, lapack_dtpmqrt
State, th8, TASK, 0.330880, 0.331415, 0.000535, 0.000000, lapack_dtpqrt
State, th8, TASK, 0.331422, 0.331928, 0.000506, 0.000000, lapack_dtpqrt
State, th8, TASK, 0.331935, 0.332472, 0.000537, 0.000000, lapack_dtpqrt
State, th8, TASK, 0.332479, 0.333017, 0.000538, 0.000000, lapack_dtpqrt
State, th8, TASK, 0.333024, 0.333556, 0.000532, 0.000000, lapack_dtpqrt
State, th8, TASK, 0.333563, 0.334101, 0.000538, 0.000000, lapack_dtpqrt
State, th8, TASK, 0.334108, 0.334623, 0.000515, 0.000000, lapack_dtpqrt
State, th8, TASK, 0.334630, 0.335176, 0.000546, 0.000000, lapack_dtpqrt
State, th8, TASK, 0.335183, 0.335722, 0.000539, 0.000000, lapack_dtpqrt
State, th8, TASK, 0.335729, 0.336265, 0.000536, 0.000000, lapack_dtpqrt
State, th8, TASK, 0.336273, 0.336810, 0.000538, 0.000000, lapack_dtpqrt
State, th8, TASK, 0.336817, 0.337357, 0.000540, 0.000000, lapack_dtpqrt
State, th8, TASK, 0.337364, 0.337903, 0.000539, 0.000000, lapack_dtpqrt
State, th8, TASK, 0.337917, 0.338377, 0.000460, 0.000000, lapack_dlarfb
State, th8, TASK, 0.338438, 0.339205, 0.000768, 0.000000, lapack_dtpmqrt
State, th8, TASK, 0.339209, 0.339972, 0.000763, 0.000000, lapack_dtpmqrt
State, th8, TASK, 0.339975, 0.340739, 0.000764, 0.000000, lapack_dtpmqrt
State, th8, TASK, 0.340742, 0.341503, 0.000761, 0.000000, lapack_dtpmqrt
State, th8, TASK, 0.341507, 0.342256, 0.000749, 0.000000, lapack_dtpmqrt
State, th8, TASK, 0.342260, 0.343010, 0.000750, 0.000000, lapack_dtpmqrt
State, th8, TASK, 0.343014, 0.343768, 0.000754, 0.000000, lapack_dtpmqrt
State, th8, TASK, 0.343797, 0.344566, 0.000769, 0.000000, lapack_dtpmqrt
State, th8, TASK, 0.344570, 0.345336, 0.000766, 0.000000, lapack_dtpmqrt
State, th8, TASK, 0.345339, 0.346091, 0.000752, 0.000000, lapack_dtpmqrt
State, th8, TASK, 0.346094, 0.346837, 0.000743, 0.000000, lapack_dtpmqrt
State, th8, TASK, 0.346841, 0.347589, 0.000748, 0.000000, lapack_dtpmqrt
State, th8, TASK, 0.347593, 0.348338, 0.000745, 0.000000, lapack_dtpmqrt
State, th8, TASK, 0.348341, 0.349086, 0.000745, 0.000000, lapack_dtpmqrt
State, th8, TASK, 0.349162, 0.349911, 0.000749, 0.000000, lapack_dtpmqrt
State, th8, TASK, 0.349915, 0.350661, 0.000746, 0.000000, lapack_dtpmqrt
State, th8, TASK, 0.350913, 0.351696, 0.000783, 0.000000, lapack_dtpmqrt
State, th8, TASK, 0.351700, 0.352456, 0.000757, 0.000000, lapack_dtpmqrt
State, th8, TASK, 0.352459, 0.353207, 0.000748, 0.000000, lapack_dtpmqrt
State, th8, TASK, 0.353215, 0.353962, 0.000747, 0.000000, lapack_dtpmqrt
State, th8, TASK, 0.353965, 0.354710, 0.000745, 0.000000, lapack_dtpmqrt
State, th8, TASK, 0.354713, 0.355471, 0.000757, 0.000000, lapack_dtpmqrt
State, th8, TASK, 0.355475, 0.356226, 0.000751, 0.000000, lapack_dtpmqrt
State, th8, TASK, 0.356229, 0.356980, 0.000751, 0.000000, lapack_dtpmqrt
State, th8, TASK, 0.356983, 0.357737, 0.000754, 0.000000, lapack_dtpmqrt
State, th8, TASK, 0.357740, 0.358481, 0.000741, 0.000000, lapack_dtpmqrt
State, th8, TASK, 0.358484, 0.359247, 0.000763, 0.000000, lapack_dtpmqrt
State, th8, TASK, 0.359256, 0.359683, 0.000428, 0.000000, lapack_dlarfb
State, th8, TASK, 0.359986, 0.360741, 0.000756, 0.000000, lapack_dtpmqrt
State, th8, TASK, 0.361058, 0.361825, 0.000767, 0.000000, lapack_dtpmqrt
State, th8, TASK, 0.361828, 0.362593, 0.000765, 0.000000, lapack_dtpmqrt
State, th8, TASK, 0.362615, 0.363398, 0.000783, 0.000000, lapack_dtpmqrt
State, th8, TASK, 0.363401, 0.364167, 0.000765, 0.000000, lapack_dtpmqrt
State, th8, TASK, 0.364279, 0.364710, 0.000431, 0.000000, lapack_dlarfb
State, th8, TASK, 0.364913, 0.365422, 0.000509, 0.000000, lapack_dtpqrt
State, th8, TASK, 0.365545, 0.366336, 0.000792, 0.000000, lapack_dtpmqrt
State, th8, TASK, 0.366340, 0.367118, 0.000778, 0.000000, lapack_dtpmqrt
State, th8, TASK, 0.367121, 0.367893, 0.000772, 0.000000, lapack_dtpmqrt
State, th8, TASK, 0.368097, 0.368864, 0.000767, 0.000000, lapack_dtpmqrt
State, th8, TASK, 0.368879, 0.369689, 0.000810, 0.000000, lapack_dtpmqrt
State, th8, TASK, 0.370759, 0.371545, 0.000786, 0.000000, lapack_dtpmqrt
State, th8, TASK, 0.371809, 0.372249, 0.000440, 0.000000, lapack_dlarfb
State, th8, TASK, 0.372997, 0.373770, 0.000773, 0.000000, lapack_dtpmqrt
State, th8, TASK, 0.374006, 0.374443, 0.000438, 0.000000, lapack_dlarfb
State, th7, TASK, 0.012264, 0.012962, 0.000699, 0.000000, lapack_dlarfb
State, th7, TASK, 0.013424, 0.013994, 0.000569, 0.000000, lapack_dtpqrt
State, th7, TASK, 0.014060, 0.015201, 0.001141, 0.000000, lapack_dtpmqrt
State, th7, TASK, 0.015205, 0.015950, 0.000745, 0.000000, lapack_dtpmqrt
State, th7, TASK, 0.015953, 0.016710, 0.000757, 0.000000, lapack_dtpmqrt
State, th7, TASK, 0.016714, 0.017469, 0.000755, 0.000000, lapack_dtpmqrt
State, th7, TASK, 0.017472, 0.018225, 0.000753, 0.000000, lapack_dtpmqrt
State, th7, TASK, 0.018229, 0.018994, 0.000764, 0.000000, lapack_dtpmqrt
State, th7, TASK, 0.019007, 0.019435, 0.000428, 0.000000, lapack_dlarfb
State, th7, TASK, 0.019439, 0.020210, 0.000771, 0.000000, lapack_dtpmqrt
State, th7, TASK, 0.020214, 0.020995, 0.000781, 0.000000, lapack_dtpmqrt
State, th7, TASK, 0.020999, 0.021774, 0.000775, 0.000000, lapack_dtpmqrt
State, th7, TASK, 0.021780, 0.022562, 0.000783, 0.000000, lapack_dtpmqrt
State, th7, TASK, 0.022566, 0.023347, 0.000781, 0.000000, lapack_dtpmqrt
State, th7, TASK, 0.023351, 0.024115, 0.000764, 0.000000, lapack_dtpmqrt
State, th7, TASK, 0.024118, 0.024880, 0.000762, 0.000000, lapack_dtpmqrt
State, th7, TASK, 0.024884, 0.025311, 0.000427, 0.000000, lapack_dlarfb
State, th7, TASK, 0.025315, 0.026066, 0.000751, 0.000000, lapack_dtpmqrt
State, th7, TASK, 0.026069, 0.026818, 0.000749, 0.000000, lapack_dtpmqrt
State, th7, TASK, 0.026822, 0.027581, 0.000759, 0.000000, lapack_dtpmqrt
State, th7, TASK, 0.027585, 0.028334, 0.000749, 0.000000, lapack_dtpmqrt
State, th7, TASK, 0.028337, 0.029086, 0.000748, 0.000000, lapack_dtpmqrt
State, th7, TASK, 0.029089, 0.029839, 0.000750, 0.000000, lapack_dtpmqrt
State, th7, TASK, 0.029843, 0.030606, 0.000763, 0.000000, lapack_dtpmqrt
State, th7, TASK, 0.030610, 0.031377, 0.000767, 0.000000, lapack_dtpmqrt
State, th7, TASK, 0.031381, 0.032135, 0.000755, 0.000000, lapack_dtpmqrt
State, th7, TASK, 0.032139, 0.032899, 0.000760, 0.000000, lapack_dtpmqrt
State, th7, TASK, 0.032902, 0.033643, 0.000741, 0.000000, lapack_dtpmqrt
State, th7, TASK, 0.033647, 0.034391, 0.000744, 0.000000, lapack_dtpmqrt
State, th7, TASK, 0.034394, 0.035140, 0.000746, 0.000000, lapack_dtpmqrt
State, th7, TASK, 0.035143, 0.035876, 0.000733, 0.000000, lapack_dtpmqrt
State, th7, TASK, 0.035880, 0.036311, 0.000431, 0.000000, lapack_dlarfb
State, th7, TASK, 0.036316, 0.037073, 0.000757, 0.000000, lapack_dtpmqrt
State, th7, TASK, 0.037077, 0.037848, 0.000771, 0.000000, lapack_dtpmqrt
State, th7, TASK, 0.037853, 0.038617, 0.000765, 0.000000, lapack_dtpmqrt
State, th7, TASK, 0.038621, 0.039389, 0.000768, 0.000000, lapack_dtpmqrt
State, th7, TASK, 0.039392, 0.040168, 0.000776, 0.000000, lapack_dtpmqrt
State, th7, TASK, 0.040172, 0.040936, 0.000764, 0.000000, lapack_dtpmqrt
State, th7, TASK, 0.040939, 0.041701, 0.000762, 0.000000, lapack_dtpmqrt
State, th7, TASK, 0.041704, 0.042453, 0.000749, 0.000000, lapack_dtpmqrt
State, th7, TASK, 0.042457, 0.043227, 0.000770, 0.000000, lapack_dtpmqrt
State, th7, TASK, 0.043231, 0.043986, 0.000755, 0.000000, lapack_dtpmqrt
State, th7, TASK, 0.043990, 0.044527, 0.000537, 0.000000, lapack_dtpqrt
State, th7, TASK, 0.044539, 0.045284, 0.000745, 0.000000, lapack_dtpmqrt
State, th7, TASK, 0.045288, 0.046039, 0.000752, 0.000000, lapack_dtpmqrt
State, th7, TASK, 0.046042, 0.046794, 0.000751, 0.000000, lapack_dtpmqrt
State, th7, TASK, 0.046797, 0.047561, 0.000764, 0.000000, lapack_dtpmqrt
State, th7, TASK, 0.047565, 0.048310, 0.000745, 0.000000, lapack_dtpmqrt
State, th7, TASK, 0.048315, 0.048729, 0.000415, 0.000000, lapack_dlarfb
State, th7, TASK, 0.048734, 0.049156, 0.000422, 0.000000, lapack_dlarfb
State, th7, TASK, 0.049165, 0.049932, 0.000767, 0.000000, lapack_dtpmqrt
State, th7, TASK, 0.049936, 0.050692, 0.000756, 0.000000, lapack_dtpmqrt
State, th7, TASK, 0.050696, 0.051466, 0.000770, 0.000000, lapack_dtpmqrt
State, th7, TASK, 0.051469, 0.052256, 0.000787, 0.000000, lapack_dtpmqrt
State, th7, TASK, 0.052260, 0.053024, 0.000764, 0.000000, lapack_dtpmqrt
State, th7, TASK, 0.053028, 0.053803, 0.000775, 0.000000, lapack_dtpmqrt
State, th7, TASK, 0.053806, 0.054570, 0.000764, 0.000000, lapack_dtpmqrt
State, th7, TASK, 0.054573, 0.055335, 0.000762, 0.000000, lapack_dtpmqrt
State, th7, TASK, 0.055338, 0.056117, 0.000778, 0.000000, lapack_dtpmqrt
State, th7, TASK, 0.056121, 0.056891, 0.000770, 0.000000, lapack_dtpmqrt
State, th7, TASK, 0.056895, 0.057652, 0.000758, 0.000000, lapack_dtpmqrt
State, th7, TASK, 0.057656, 0.058422, 0.000766, 0.000000, lapack_dtpmqrt
State, th7, TASK, 0.058425, 0.059201, 0.000776, 0.000000, lapack_dtpmqrt
State, th7, TASK, 0.059210, 0.059974, 0.000764, 0.000000, lapack_dtpmqrt
State, th7, TASK, 0.059977, 0.060740, 0.000763, 0.000000, lapack_dtpmqrt
State, th7, TASK, 0.060745, 0.061507, 0.000762, 0.000000, lapack_dtpmqrt
State, th7, TASK, 0.061510, 0.062275, 0.000765, 0.000000, lapack_dtpmqrt
State, th7, TASK, 0.062278, 0.063056, 0.000778, 0.000000, lapack_dtpmqrt
State, th7, TASK, 0.063060, 0.063818, 0.000757, 0.000000, lapack_dtpmqrt
State, th7, TASK, 0.063821, 0.064579, 0.000758, 0.000000, lapack_dtpmqrt
State, th7, TASK, 0.064582, 0.065347, 0.000764, 0.000000, lapack_dtpmqrt
State, th7, TASK, 0.065351, 0.066119, 0.000767, 0.000000, lapack_dtpmqrt
State, th7, TASK, 0.066122, 0.066889, 0.000767, 0.000000, lapack_dtpmqrt
State, th7, TASK, 0.066892, 0.067650, 0.000758, 0.000000, lapack_dtpmqrt
State, th7, TASK, 0.067654, 0.068416, 0.000763, 0.000000, lapack_dtpmqrt
State, th7, TASK, 0.068420, 0.069177, 0.000757, 0.000000, lapack_dtpmqrt
State, th7, TASK, 0.069181, 0.069939, 0.000758, 0.000000, lapack_dtpmqrt
State, th7, TASK, 0.069942, 0.070698, 0.000756, 0.000000, lapack_dtpmqrt
State, th7, TASK, 0.070701, 0.071467, 0.000766, 0.000000, lapack_dtpmqrt
State, th7, TASK, 0.071471, 0.072221, 0.000751, 0.000000, lapack_dtpmqrt
State, th7, TASK, 0.072225, 0.072975, 0.000751, 0.000000, lapack_dtpmqrt
State, th7, TASK, 0.072979, 0.073726, 0.000747, 0.000000, lapack_dtpmqrt
State, th7, TASK, 0.073729, 0.074480, 0.000751, 0.000000, lapack_dtpmqrt
State, th7, TASK, 0.074483, 0.075241, 0.000757, 0.000000, lapack_dtpmqrt
State, th7, TASK, 0.075244, 0.076011, 0.000767, 0.000000, lapack_dtpmqrt
State, th7, TASK, 0.076015, 0.076796, 0.000781, 0.000000, lapack_dtpmqrt
State, th7, TASK, 0.076799, 0.077572, 0.000773, 0.000000, lapack_dtpmqrt
State, th7, TASK, 0.077576, 0.078343, 0.000766, 0.000000, lapack_dtpmqrt
State, th7, TASK, 0.078346, 0.079115, 0.000769, 0.000000, lapack_dtpmqrt
State, th7, TASK, 0.079118, 0.079881, 0.000763, 0.000000, lapack_dtpmqrt
State, th7, TASK, 0.079885, 0.080649, 0.000764, 0.000000, lapack_dtpmqrt
State, th7, TASK, 0.080652, 0.081413, 0.000761, 0.000000, lapack_dtpmqrt
State, th7, TASK, 0.081416, 0.082171, 0.000756, 0.000000, lapack_dtpmqrt
State, th7, TASK, 0.082175, 0.082947, 0.000772, 0.000000, lapack_dtpmqrt
State, th7, TASK, 0.082950, 0.083708, 0.000757, 0.000000, lapack_dtpmqrt
State, th7, TASK, 0.083712, 0.084472, 0.000761, 0.000000, lapack_dtpmqrt
State, th7, TASK, 0.084476, 0.085247, 0.000771, 0.000000, lapack_dtpmqrt
State, th7, TASK, 0.085250, 0.086014, 0.000764, 0.000000, lapack_dtpmqrt
State, th7, TASK, 0.086017, 0.086773, 0.000755, 0.000000, lapack_dtpmqrt
State, th7, TASK, 0.086776, 0.087543, 0.000767, 0.000000, lapack_dtpmqrt
State, th7, TASK, 0.087546, 0.088308, 0.000762, 0.000000, lapack_dtpmqrt
State, th7, TASK, 0.088311, 0.089075, 0.000764, 0.000000, lapack_dtpmqrt
State, th7, TASK, 0.089079, 0.089862, 0.000782, 0.000000, lapack_dtpmqrt
State, th7, TASK, 0.089865, 0.090645, 0.000780, 0.000000, lapack_dtpmqrt
State, th7, TASK, 0.090649, 0.091426, 0.000777, 0.000000, lapack_dtpmqrt
State, th7, TASK, 0.091430, 0.092198, 0.000768, 0.000000, lapack_dtpmqrt
State, th7, TASK, 0.092202, 0.092967, 0.000765, 0.000000, lapack_dtpmqrt
State, th7, TASK, 0.092970, 0.093739, 0.000769, 0.000000, lapack_dtpmqrt
State, th7, TASK, 0.093744, 0.094515, 0.000771, 0.000000, lapack_dtpmqrt
State, th7, TASK, 0.094518, 0.095281, 0.000763, 0.000000, lapack_dtpmqrt
State, th7, TASK, 0.095285, 0.096040, 0.000755, 0.000000, lapack_dtpmqrt
State, th7, TASK, 0.096044, 0.096805, 0.000762, 0.000000, lapack_dtpmqrt
State, th7, TASK, 0.096809, 0.097567, 0.000759, 0.000000, lapack_dtpmqrt
State, th7, TASK, 0.097572, 0.098317, 0.000746, 0.000000, lapack_dtpmqrt
State, th7, TASK, 0.098320, 0.099066, 0.000746, 0.000000, lapack_dtpmqrt
State, th7, TASK, 0.099070, 0.099813, 0.000743, 0.000000, lapack_dtpmqrt
State, th7, TASK, 0.099816, 0.100557, 0.000741, 0.000000, lapack_dtpmqrt
State, th7, TASK, 0.100561, 0.101307, 0.000747, 0.000000, lapack_dtpmqrt
State, th7, TASK, 0.101310, 0.102053, 0.000742, 0.000000, lapack_dtpmqrt
State, th7, TASK, 0.102057, 0.102815, 0.000758, 0.000000, lapack_dtpmqrt
State, th7, TASK, 0.102819, 0.103574, 0.000755, 0.000000, lapack_dtpmqrt
State, th7, TASK, 0.103578, 0.104325, 0.000747, 0.000000, lapack_dtpmqrt
State, th7, TASK, 0.104329, 0.105087, 0.000758, 0.000000, lapack_dtpmqrt
State, th7, TASK, 0.105091, 0.105851, 0.000761, 0.000000, lapack_dtpmqrt
State, th7, TASK, 0.105855, 0.106616, 0.000762, 0.000000, lapack_dtpmqrt
State, th7, TASK, 0.106620, 0.107393, 0.000773, 0.000000, lapack_dtpmqrt
State, th7, TASK, 0.107396, 0.108158, 0.000762, 0.000000, lapack_dtpmqrt
State, th7, TASK, 0.108166, 0.108926, 0.000759, 0.000000, lapack_dtpmqrt
State, th7, TASK, 0.108929, 0.109697, 0.000768, 0.000000, lapack_dtpmqrt
State, th7, TASK, 0.109701, 0.110451, 0.000751, 0.000000, lapack_dtpmqrt
State, th7, TASK, 0.110455, 0.111213, 0.000757, 0.000000, lapack_dtpmqrt
State, th7, TASK, 0.111216, 0.111970, 0.000754, 0.000000, lapack_dtpmqrt
State, th7, TASK, 0.111974, 0.112727, 0.000753, 0.000000, lapack_dtpmqrt
State, th7, TASK, 0.112730, 0.113480, 0.000750, 0.000000, lapack_dtpmqrt
State, th7, TASK, 0.113483, 0.114236, 0.000752, 0.000000, lapack_dtpmqrt
State, th7, TASK, 0.114240, 0.115002, 0.000762, 0.000000, lapack_dtpmqrt
State, th7, TASK, 0.115006, 0.115756, 0.000750, 0.000000, lapack_dtpmqrt
State, th7, TASK, 0.115759, 0.116512, 0.000752, 0.000000, lapack_dtpmqrt
State, th7, TASK, 0.116515, 0.117284, 0.000769, 0.000000, lapack_dtpmqrt
State, th7, TASK, 0.117288, 0.118046, 0.000759, 0.000000, lapack_dtpmqrt
State, th7, TASK, 0.118050, 0.118793, 0.000743, 0.000000, lapack_dtpmqrt
State, th7, TASK, 0.118796, 0.119555, 0.000759, 0.000000, lapack_dtpmqrt
State, th7, TASK, 0.119559, 0.120305, 0.000746, 0.000000, lapack_dtpmqrt
State, th7, TASK, 0.120309, 0.121060, 0.000752, 0.000000, lapack_dtpmqrt
State, th7, TASK, 0.121064, 0.121811, 0.000747, 0.000000, lapack_dtpmqrt
State, th7, TASK, 0.121815, 0.122570, 0.000755, 0.000000, lapack_dtpmqrt
State, th7, TASK, 0.122573, 0.123338, 0.000764, 0.000000, lapack_dtpmqrt
State, th7, TASK, 0.123341, 0.124092, 0.000750, 0.000000, lapack_dtpmqrt
State, th7, TASK, 0.124095, 0.124854, 0.000758, 0.000000, lapack_dtpmqrt
State, th7, TASK, 0.124857, 0.125615, 0.000758, 0.000000, lapack_dtpmqrt
State, th7, TASK, 0.125619, 0.126397, 0.000778, 0.000000, lapack_dtpmqrt
State, th7, TASK, 0.126400, 0.127166, 0.000766, 0.000000, lapack_dtpmqrt
State, th7, TASK, 0.127170, 0.127917, 0.000746, 0.000000, lapack_dtpmqrt
State, th7, TASK, 0.127920, 0.128664, 0.000744, 0.000000, lapack_dtpmqrt
State, th7, TASK, 0.128669, 0.129085, 0.000416, 0.000000, lapack_dlarfb
State, th7, TASK, 0.129088, 0.129624, 0.000535, 0.000000, lapack_dtpqrt
State, th7, TASK, 0.129643, 0.130402, 0.000759, 0.000000, lapack_dtpmqrt
State, th7, TASK, 0.130405, 0.131189, 0.000783, 0.000000, lapack_dtpmqrt
State, th7, TASK, 0.131193, 0.131963, 0.000770, 0.000000, lapack_dtpmqrt
State, th7, TASK, 0.131967, 0.132579, 0.000612, 0.000000, lapack_dgeqrt
State, th7, TASK, 0.132588, 0.133014, 0.000426, 0.000000, lapack_dlarfb
State, th7, TASK, 0.133018, 0.133441, 0.000424, 0.000000, lapack_dlarfb
State, th7, TASK, 0.133445, 0.134206, 0.000762, 0.000000, lapack_dtpmqrt
State, th7, TASK, 0.134210, 0.134978, 0.000768, 0.000000, lapack_dtpmqrt
State, th7, TASK, 0.134981, 0.135752, 0.000771, 0.000000, lapack_dtpmqrt
State, th7, TASK, 0.135755, 0.136174, 0.000419, 0.000000, lapack_dlarfb
State, th7, TASK, 0.136177, 0.136928, 0.000751, 0.000000, lapack_dtpmqrt
State, th7, TASK, 0.136932, 0.137679, 0.000747, 0.000000, lapack_dtpmqrt
State, th7, TASK, 0.137682, 0.138432, 0.000749, 0.000000, lapack_dtpmqrt
State, th7, TASK, 0.138435, 0.138853, 0.000418, 0.000000, lapack_dlarfb
State, th7, TASK, 0.138856, 0.139609, 0.000753, 0.000000, lapack_dtpmqrt
State, th7, TASK, 0.139613, 0.140354, 0.000740, 0.000000, lapack_dtpmqrt
State, th7, TASK, 0.140357, 0.141101, 0.000744, 0.000000, lapack_dtpmqrt
State, th7, TASK, 0.141104, 0.141840, 0.000735, 0.000000, lapack_dtpmqrt
State, th7, TASK, 0.141843, 0.142264, 0.000421, 0.000000, lapack_dlarfb
State, th7, TASK, 0.142267, 0.143015, 0.000747, 0.000000, lapack_dtpmqrt
State, th7, TASK, 0.143018, 0.143758, 0.000739, 0.000000, lapack_dtpmqrt
State, th7, TASK, 0.143762, 0.144515, 0.000753, 0.000000, lapack_dtpmqrt
State, th7, TASK, 0.144518, 0.145272, 0.000753, 0.000000, lapack_dtpmqrt
State, th7, TASK, 0.145275, 0.146035, 0.000760, 0.000000, lapack_dtpmqrt
State, th7, TASK, 0.146039, 0.146797, 0.000758, 0.000000, lapack_dtpmqrt
State, th7, TASK, 0.146801, 0.147571, 0.000770, 0.000000, lapack_dtpmqrt
State, th7, TASK, 0.147574, 0.148341, 0.000767, 0.000000, lapack_dtpmqrt
State, th7, TASK, 0.148344, 0.149106, 0.000762, 0.000000, lapack_dtpmqrt
State, th7, TASK, 0.149110, 0.149872, 0.000762, 0.000000, lapack_dtpmqrt
State, th7, TASK, 0.149876, 0.150635, 0.000760, 0.000000, lapack_dtpmqrt
State, th7, TASK, 0.150639, 0.151406, 0.000767, 0.000000, lapack_dtpmqrt
State, th7, TASK, 0.151409, 0.152168, 0.000759, 0.000000, lapack_dtpmqrt
State, th7, TASK, 0.152172, 0.152931, 0.000759, 0.000000, lapack_dtpmqrt
State, th7, TASK, 0.152934, 0.153688, 0.000753, 0.000000, lapack_dtpmqrt
State, th7, TASK, 0.153691, 0.154445, 0.000754, 0.000000, lapack_dtpmqrt
State, th7, TASK, 0.154453, 0.155219, 0.000766, 0.000000, lapack_dtpmqrt
State, th7, TASK, 0.155222, 0.155983, 0.000762, 0.000000, lapack_dtpmqrt
State, th7, TASK, 0.155987, 0.156410, 0.000423, 0.000000, lapack_dlarfb
State, th7, TASK, 0.156413, 0.157157, 0.000744, 0.000000, lapack_dtpmqrt
State, th7, TASK, 0.157161, 0.157904, 0.000743, 0.000000, lapack_dtpmqrt
State, th7, TASK, 0.157907, 0.158661, 0.000753, 0.000000, lapack_dtpmqrt
State, th7, TASK, 0.158664, 0.159424, 0.000760, 0.000000, lapack_dtpmqrt
State, th7, TASK, 0.159428, 0.160181, 0.000753, 0.000000, lapack_dtpmqrt
State, th7, TASK, 0.160184, 0.160935, 0.000751, 0.000000, lapack_dtpmqrt
State, th7, TASK, 0.160939, 0.161693, 0.000754, 0.000000, lapack_dtpmqrt
State, th7, TASK, 0.161696, 0.162447, 0.000751, 0.000000, lapack_dtpmqrt
State, th7, TASK, 0.162451, 0.163212, 0.000762, 0.000000, lapack_dtpmqrt
State, th7, TASK, 0.163216, 0.163970, 0.000755, 0.000000, lapack_dtpmqrt
State, th7, TASK, 0.163974, 0.164728, 0.000755, 0.000000, lapack_dtpmqrt
State, th7, TASK, 0.164732, 0.165488, 0.000757, 0.000000, lapack_dtpmqrt
State, th7, TASK, 0.165492, 0.166245, 0.000753, 0.000000, lapack_dtpmqrt
State, th7, TASK, 0.166248, 0.166999, 0.000751, 0.000000, lapack_dtpmqrt
State, th7, TASK, 0.167003, 0.167750, 0.000747, 0.000000, lapack_dtpmqrt
State, th7, TASK, 0.167754, 0.168516, 0.000762, 0.000000, lapack_dtpmqrt
State, th7, TASK, 0.168519, 0.169277, 0.000757, 0.000000, lapack_dtpmqrt
State, th7, TASK, 0.169281, 0.170042, 0.000761, 0.000000, lapack_dtpmqrt
State, th7, TASK, 0.170090, 0.170858, 0.000767, 0.000000, lapack_dtpmqrt
State, th7, TASK, 0.170927, 0.171711, 0.000784, 0.000000, lapack_dtpmqrt
State, th7, TASK, 0.171715, 0.172473, 0.000758, 0.000000, lapack_dtpmqrt
State, th7, TASK, 0.172477, 0.173227, 0.000749, 0.000000, lapack_dtpmqrt
State, th7, TASK, 0.173230, 0.173975, 0.000745, 0.000000, lapack_dtpmqrt
State, th7, TASK, 0.173978, 0.174728, 0.000750, 0.000000, lapack_dtpmqrt
State, th7, TASK, 0.174731, 0.175490, 0.000759, 0.000000, lapack_dtpmqrt
State, th7, TASK, 0.175494, 0.176248, 0.000755, 0.000000, lapack_dtpmqrt
State, th7, TASK, 0.176252, 0.177002, 0.000750, 0.000000, lapack_dtpmqrt
State, th7, TASK, 0.177005, 0.177758, 0.000753, 0.000000, lapack_dtpmqrt
State, th7, TASK, 0.177763, 0.178530, 0.000767, 0.000000, lapack_dtpmqrt
State, th7, TASK, 0.178534, 0.179304, 0.000770, 0.000000, lapack_dtpmqrt
State, th7, TASK, 0.179308, 0.180075, 0.000768, 0.000000, lapack_dtpmqrt
State, th7, TASK, 0.180079, 0.180847, 0.000768, 0.000000, lapack_dtpmqrt
State, th7, TASK, 0.180851, 0.181614, 0.000763, 0.000000, lapack_dtpmqrt
State, th7, TASK, 0.181617, 0.182382, 0.000764, 0.000000, lapack_dtpmqrt
State, th7, TASK, 0.182386, 0.183159, 0.000773, 0.000000, lapack_dtpmqrt
State, th7, TASK, 0.183162, 0.183924, 0.000762, 0.000000, lapack_dtpmqrt
State, th7, TASK, 0.183927, 0.184688, 0.000761, 0.000000, lapack_dtpmqrt
State, th7, TASK, 0.184692, 0.185461, 0.000769, 0.000000, lapack_dtpmqrt
State, th7, TASK, 0.185465, 0.186231, 0.000767, 0.000000, lapack_dtpmqrt
State, th7, TASK, 0.186235, 0.187002, 0.000767, 0.000000, lapack_dtpmqrt
State, th7, TASK, 0.187005, 0.187768, 0.000762, 0.000000, lapack_dtpmqrt
State, th7, TASK, 0.187771, 0.188532, 0.000761, 0.000000, lapack_dtpmqrt
State, th7, TASK, 0.188535, 0.189297, 0.000761, 0.000000, lapack_dtpmqrt
State, th7, TASK, 0.189300, 0.190069, 0.000769, 0.000000, lapack_dtpmqrt
State, th7, TASK, 0.190073, 0.190833, 0.000761, 0.000000, lapack_dtpmqrt
State, th7, TASK, 0.190837, 0.191601, 0.000763, 0.000000, lapack_dtpmqrt
State, th7, TASK, 0.191604, 0.192357, 0.000753, 0.000000, lapack_dtpmqrt
State, th7, TASK, 0.192361, 0.193101, 0.000740, 0.000000, lapack_dtpmqrt
State, th7, TASK, 0.193104, 0.193845, 0.000740, 0.000000, lapack_dtpmqrt
State, th7, TASK, 0.193848, 0.194607, 0.000760, 0.000000, lapack_dtpmqrt
State, th7, TASK, 0.194612, 0.195377, 0.000766, 0.000000, lapack_dtpmqrt
State, th7, TASK, 0.195381, 0.196136, 0.000755, 0.000000, lapack_dtpmqrt
State, th7, TASK, 0.196139, 0.196898, 0.000758, 0.000000, lapack_dtpmqrt
State, th7, TASK, 0.196902, 0.197676, 0.000775, 0.000000, lapack_dtpmqrt
State, th7, TASK, 0.197680, 0.198442, 0.000761, 0.000000, lapack_dtpmqrt
State, th7, TASK, 0.198445, 0.199224, 0.000778, 0.000000, lapack_dtpmqrt
State, th7, TASK, 0.199227, 0.199997, 0.000770, 0.000000, lapack_dtpmqrt
State, th7, TASK, 0.200000, 0.200769, 0.000769, 0.000000, lapack_dtpmqrt
State, th7, TASK, 0.200773, 0.201533, 0.000760, 0.000000, lapack_dtpmqrt
State, th7, TASK, 0.201537, 0.202299, 0.000763, 0.000000, lapack_dtpmqrt
State, th7, TASK, 0.202303, 0.203068, 0.000766, 0.000000, lapack_dtpmqrt
State, th7, TASK, 0.203077, 0.203844, 0.000767, 0.000000, lapack_dtpmqrt
State, th7, TASK, 0.203847, 0.204611, 0.000763, 0.000000, lapack_dtpmqrt
State, th7, TASK, 0.204614, 0.205375, 0.000761, 0.000000, lapack_dtpmqrt
State, th7, TASK, 0.205379, 0.206139, 0.000760, 0.000000, lapack_dtpmqrt
State, th7, TASK, 0.206142, 0.206909, 0.000767, 0.000000, lapack_dtpmqrt
State, th7, TASK, 0.206912, 0.207672, 0.000760, 0.000000, lapack_dtpmqrt
State, th7, TASK, 0.207676, 0.208439, 0.000763, 0.000000, lapack_dtpmqrt
State, th7, TASK, 0.208442, 0.209208, 0.000766, 0.000000, lapack_dtpmqrt
State, th7, TASK, 0.209212, 0.209978, 0.000766, 0.000000, lapack_dtpmqrt
State, th7, TASK, 0.209981, 0.210746, 0.000765, 0.000000, lapack_dtpmqrt
State, th7, TASK, 0.210749, 0.211515, 0.000766, 0.000000, lapack_dtpmqrt
State, th7, TASK, 0.211518, 0.212279, 0.000761, 0.000000, lapack_dtpmqrt
State, th7, TASK, 0.212282, 0.213052, 0.000770, 0.000000, lapack_dtpmqrt
State, th7, TASK, 0.213055, 0.213816, 0.000761, 0.000000, lapack_dtpmqrt
State, th7, TASK, 0.213937, 0.214390, 0.000453, 0.000000, lapack_dlarfb
State, th7, TASK, 0.214393, 0.214826, 0.000433, 0.000000, lapack_dlarfb
State, th7, TASK, 0.214829, 0.215269, 0.000439, 0.000000, lapack_dlarfb
State, th7, TASK, 0.215272, 0.215699, 0.000427, 0.000000, lapack_dlarfb
State, th7, TASK, 0.216336, 0.217159, 0.000823, 0.000000, lapack_dtpmqrt
State, th7, TASK, 0.217163, 0.217975, 0.000812, 0.000000, lapack_dtpmqrt
State, th7, TASK, 0.217978, 0.218775, 0.000796, 0.000000, lapack_dtpmqrt
State, th7, TASK, 0.218778, 0.219583, 0.000805, 0.000000, lapack_dtpmqrt
State, th7, TASK, 0.219586, 0.220371, 0.000786, 0.000000, lapack_dtpmqrt
State, th7, TASK, 0.220375, 0.221159, 0.000784, 0.000000, lapack_dtpmqrt
State, th7, TASK, 0.221162, 0.221941, 0.000779, 0.000000, lapack_dtpmqrt
State, th7, TASK, 0.221945, 0.222721, 0.000776, 0.000000, lapack_dtpmqrt
State, th7, TASK, 0.222724, 0.223510, 0.000786, 0.000000, lapack_dtpmqrt
State, th7, TASK, 0.223514, 0.224291, 0.000777, 0.000000, lapack_dtpmqrt
State, th7, TASK, 0.224295, 0.225073, 0.000778, 0.000000, lapack_dtpmqrt
State, th7, TASK, 0.225076, 0.225849, 0.000772, 0.000000, lapack_dtpmqrt
State, th7, TASK, 0.225852, 0.226628, 0.000776, 0.000000, lapack_dtpmqrt
State, th7, TASK, 0.226632, 0.227415, 0.000783, 0.000000, lapack_dtpmqrt
State, th7, TASK, 0.227418, 0.228210, 0.000791, 0.000000, lapack_dtpmqrt
State, th7, TASK, 0.228213, 0.228992, 0.000779, 0.000000, lapack_dtpmqrt
State, th7, TASK, 0.228996, 0.229776, 0.000781, 0.000000, lapack_dtpmqrt
State, th7, TASK, 0.229780, 0.230561, 0.000781, 0.000000, lapack_dtpmqrt
State, th7, TASK, 0.230564, 0.231349, 0.000785, 0.000000, lapack_dtpmqrt
State, th7, TASK, 0.231353, 0.232130, 0.000777, 0.000000, lapack_dtpmqrt
State, th7, TASK, 0.232133, 0.232908, 0.000775, 0.000000, lapack_dtpmqrt
State, th7, TASK, 0.232911, 0.233699, 0.000787, 0.000000, lapack_dtpmqrt
State, th7, TASK, 0.233702, 0.234491, 0.000789, 0.000000, lapack_dtpmqrt
State, th7, TASK, 0.234504, 0.234954, 0.000450, 0.000000, lapack_dlarfb
State, th7, TASK, 0.235287, 0.236049, 0.000762, 0.000000, lapack_dtpmqrt
State, th7, TASK, 0.236052, 0.236808, 0.000755, 0.000000, lapack_dtpmqrt
State, th7, TASK, 0.236811, 0.237567, 0.000756, 0.000000, lapack_dtpmqrt
State, th7, TASK, 0.237571, 0.238329, 0.000758, 0.000000, lapack_dtpmqrt
State, th7, TASK, 0.238332, 0.239095, 0.000764, 0.000000, lapack_dtpmqrt
State, th7, TASK, 0.239100, 0.239862, 0.000763, 0.000000, lapack_dtpmqrt
State, th7, TASK, 0.239866, 0.240627, 0.000761, 0.000000, lapack_dtpmqrt
State, th7, TASK, 0.240633, 0.241400, 0.000767, 0.000000, lapack_dtpmqrt
State, th7, TASK, 0.241404, 0.242162, 0.000759, 0.000000, lapack_dtpmqrt
State, th7, TASK, 0.242166, 0.242936, 0.000770, 0.000000, lapack_dtpmqrt
State, th7, TASK, 0.242939, 0.243706, 0.000766, 0.000000, lapack_dtpmqrt
State, th7, TASK, 0.243709, 0.244472, 0.000763, 0.000000, lapack_dtpmqrt
State, th7, TASK, 0.244476, 0.245239, 0.000764, 0.000000, lapack_dtpmqrt
State, th7, TASK, 0.245243, 0.246002, 0.000760, 0.000000, lapack_dtpmqrt
State, th7, TASK, 0.246006, 0.246766, 0.000760, 0.000000, lapack_dtpmqrt
State, th7, TASK, 0.246769, 0.247530, 0.000761, 0.000000, lapack_dtpmqrt
State, th7, TASK, 0.247535, 0.248288, 0.000753, 0.000000, lapack_dtpmqrt
State, th7, TASK, 0.248291, 0.249045, 0.000754, 0.000000, lapack_dtpmqrt
State, th7, TASK, 0.249048, 0.249799, 0.000751, 0.000000, lapack_dtpmqrt
State, th7, TASK, 0.249803, 0.250563, 0.000761, 0.000000, lapack_dtpmqrt
State, th7, TASK, 0.250567, 0.251332, 0.000766, 0.000000, lapack_dtpmqrt
State, th7, TASK, 0.251336, 0.252098, 0.000762, 0.000000, lapack_dtpmqrt
State, th7, TASK, 0.252106, 0.252871, 0.000765, 0.000000, lapack_dtpmqrt
State, th7, TASK, 0.252874, 0.253634, 0.000760, 0.000000, lapack_dtpmqrt
State, th7, TASK, 0.253639, 0.254399, 0.000761, 0.000000, lapack_dtpmqrt
State, th7, TASK, 0.254403, 0.255171, 0.000768, 0.000000, lapack_dtpmqrt
State, th7, TASK, 0.255175, 0.255941, 0.000766, 0.000000, lapack_dtpmqrt
State, th7, TASK, 0.255945, 0.256707, 0.000763, 0.000000, lapack_dtpmqrt
State, th7, TASK, 0.256711, 0.257476, 0.000765, 0.000000, lapack_dtpmqrt
State, th7, TASK, 0.257488, 0.258250, 0.000762, 0.000000, lapack_dtpmqrt
State, th7, TASK, 0.258254, 0.259019, 0.000765, 0.000000, lapack_dtpmqrt
State, th7, TASK, 0.259022, 0.259783, 0.000761, 0.000000, lapack_dtpmqrt
State, th7, TASK, 0.259786, 0.260547, 0.000761, 0.000000, lapack_dtpmqrt
State, th7, TASK, 0.260551, 0.261317, 0.000766, 0.000000, lapack_dtpmqrt
State, th7, TASK, 0.261331, 0.262083, 0.000752, 0.000000, lapack_dtpmqrt
State, th7, TASK, 0.262087, 0.262845, 0.000758, 0.000000, lapack_dtpmqrt
State, th7, TASK, 0.262848, 0.263608, 0.000761, 0.000000, lapack_dtpmqrt
State, th7, TASK, 0.263612, 0.264374, 0.000762, 0.000000, lapack_dtpmqrt
State, th7, TASK, 0.264377, 0.265142, 0.000765, 0.000000, lapack_dtpmqrt
State, th7, TASK, 0.265244, 0.266007, 0.000763, 0.000000, lapack_dtpmqrt
State, th7, TASK, 0.266011, 0.266763, 0.000753, 0.000000, lapack_dtpmqrt
State, th7, TASK, 0.266767, 0.267527, 0.000760, 0.000000, lapack_dtpmqrt
State, th7, TASK, 0.267531, 0.268289, 0.000758, 0.000000, lapack_dtpmqrt
State, th7, TASK, 0.268292, 0.269050, 0.000757, 0.000000, lapack_dtpmqrt
State, th7, TASK, 0.269053, 0.269811, 0.000757, 0.000000, lapack_dtpmqrt
State, th7, TASK, 0.269821, 0.270598, 0.000777, 0.000000, lapack_dtpmqrt
State, th7, TASK, 0.270602, 0.271380, 0.000778, 0.000000, lapack_dtpmqrt
State, th7, TASK, 0.271384, 0.272143, 0.000760, 0.000000, lapack_dtpmqrt
State, th7, TASK, 0.272147, 0.272907, 0.000760, 0.000000, lapack_dtpmqrt
State, th7, TASK, 0.272911, 0.273674, 0.000763, 0.000000, lapack_dtpmqrt
State, th7, TASK, 0.273677, 0.274437, 0.000760, 0.000000, lapack_dtpmqrt
State, th7, TASK, 0.274441, 0.275199, 0.000759, 0.000000, lapack_dtpmqrt
State, th7, TASK, 0.275203, 0.275961, 0.000758, 0.000000, lapack_dtpmqrt
State, th7, TASK, 0.275964, 0.276719, 0.000756, 0.000000, lapack_dtpmqrt
State, th7, TASK, 0.276723, 0.277477, 0.000753, 0.000000, lapack_dtpmqrt
State, th7, TASK, 0.277480, 0.278235, 0.000756, 0.000000, lapack_dtpmqrt
State, th7, TASK, 0.278667, 0.279437, 0.000770, 0.000000, lapack_dtpmqrt
State, th7, TASK, 0.279441, 0.280219, 0.000778, 0.000000, lapack_dtpmqrt
State, th7, TASK, 0.280222, 0.280986, 0.000763, 0.000000, lapack_dtpmqrt
State, th7, TASK, 0.280989, 0.281753, 0.000764, 0.000000, lapack_dtpmqrt
State, th7, TASK, 0.281756, 0.282517, 0.000761, 0.000000, lapack_dtpmqrt
State, th7, TASK, 0.282526, 0.283305, 0.000779, 0.000000, lapack_dtpmqrt
State, th7, TASK, 0.283308, 0.284072, 0.000764, 0.000000, lapack_dtpmqrt
State, th7, TASK, 0.284076, 0.284833, 0.000757, 0.000000, lapack_dtpmqrt
State, th7, TASK, 0.284836, 0.285585, 0.000749, 0.000000, lapack_dtpmqrt
State, th7, TASK, 0.285589, 0.286343, 0.000754, 0.000000, lapack_dtpmqrt
State, th7, TASK, 0.286347, 0.287101, 0.000754, 0.000000, lapack_dtpmqrt
State, th7, TASK, 0.287105, 0.287870, 0.000766, 0.000000, lapack_dtpmqrt
State, th7, TASK, 0.287874, 0.288629, 0.000755, 0.000000, lapack_dtpmqrt
State, th7, TASK, 0.288632, 0.289382, 0.000750, 0.000000, lapack_dtpmqrt
State, th7, TASK, 0.289386, 0.290144, 0.000758, 0.000000, lapack_dtpmqrt
State, th7, TASK, 0.290194, 0.290969, 0.000775, 0.000000, lapack_dtpmqrt
State, th7, TASK, 0.290974, 0.291742, 0.000768, 0.000000, lapack_dtpmqrt
State, th7, TASK, 0.291745, 0.292498, 0.000753, 0.000000, lapack_dtpmqrt
State, th7, TASK, 0.292502, 0.293253, 0.000751, 0.000000, lapack_dtpmqrt
State, th7, TASK, 0.293257, 0.294010, 0.000754, 0.000000, lapack_dtpmqrt
State, th7, TASK, 0.294014, 0.294756, 0.000742, 0.000000, lapack_dtpmqrt
State, th7, TASK, 0.294760, 0.295511, 0.000751, 0.000000, lapack_dtpmqrt
State, th7, TASK, 0.295515, 0.296268, 0.000753, 0.000000, lapack_dtpmqrt
State, th7, TASK, 0.296271, 0.297021, 0.000750, 0.000000, lapack_dtpmqrt
State, th7, TASK, 0.297025, 0.297775, 0.000750, 0.000000, lapack_dtpmqrt
State, th7, TASK, 0.297778, 0.298528, 0.000749, 0.000000, lapack_dtpmqrt
State, th7, TASK, 0.298533, 0.299314, 0.000781, 0.000000, lapack_dtpmqrt
State, th7, TASK, 0.299318, 0.300093, 0.000775, 0.000000, lapack_dtpmqrt
State, th7, TASK, 0.300097, 0.300858, 0.000761, 0.000000, lapack_dtpmqrt
State, th7, TASK, 0.300861, 0.301625, 0.000763, 0.000000, lapack_dtpmqrt
State, th7, TASK, 0.301804, 0.302565, 0.000761, 0.000000, lapack_dtpmqrt
State, th7, TASK, 0.302568, 0.303335, 0.000767, 0.000000, lapack_dtpmqrt
State, th7, TASK, 0.303339, 0.304103, 0.000763, 0.000000, lapack_dtpmqrt
State, th7, TASK, 0.304106, 0.304862, 0.000757, 0.000000, lapack_dtpmqrt
State, th7, TASK, 0.304866, 0.305618, 0.000752, 0.000000, lapack_dtpmqrt
State, th7, TASK, 0.305621, 0.306369, 0.000748, 0.000000, lapack_dtpmqrt
State, th7, TASK, 0.306372, 0.307127, 0.000755, 0.000000, lapack_dtpmqrt
State, th7, TASK, 0.307131, 0.307878, 0.000748, 0.000000, lapack_dtpmqrt
State, th7, TASK, 0.307881, 0.308628, 0.000746, 0.000000, lapack_dtpmqrt
State, th7, TASK, 0.308631, 0.309385, 0.000754, 0.000000, lapack_dtpmqrt
State, th7, TASK, 0.309388, 0.310144, 0.000756, 0.000000, lapack_dtpmqrt
State, th7, TASK, 0.310148, 0.310908, 0.000760, 0.000000, lapack_dtpmqrt
State, th7, TASK, 0.310911, 0.311668, 0.000757, 0.000000, lapack_dtpmqrt
State, th7, TASK, 0.311671, 0.312430, 0.000758, 0.000000, lapack_dtpmqrt
State, th7, TASK, 0.312437, 0.312867, 0.000430, 0.000000, lapack_dlarfb
State, th7, TASK, 0.312871, 0.313295, 0.000424, 0.000000, lapack_dlarfb
State, th7, TASK, 0.314000, 0.314758, 0.000757, 0.000000, lapack_dtpmqrt
State, th7, TASK, 0.314761, 0.315525, 0.000764, 0.000000, lapack_dtpmqrt
State, th7, TASK, 0.315528, 0.316288, 0.000760, 0.000000, lapack_dtpmqrt
State, th7, TASK, 0.316292, 0.317053, 0.000761, 0.000000, lapack_dtpmqrt
State, th7, TASK, 0.317056, 0.317814, 0.000757, 0.000000, lapack_dtpmqrt
State, th7, TASK, 0.317818, 0.318568, 0.000750, 0.000000, lapack_dtpmqrt
State, th7, TASK, 0.318571, 0.319324, 0.000753, 0.000000, lapack_dtpmqrt
State, th7, TASK, 0.319328, 0.320084, 0.000757, 0.000000, lapack_dtpmqrt
State, th7, TASK, 0.320088, 0.320846, 0.000758, 0.000000, lapack_dtpmqrt
State, th7, TASK, 0.320850, 0.321604, 0.000755, 0.000000, lapack_dtpmqrt
State, th7, TASK, 0.321608, 0.322363, 0.000755, 0.000000, lapack_dtpmqrt
State, th7, TASK, 0.322370, 0.322816, 0.000446, 0.000000, lapack_dlarfb
State, th7, TASK, 0.322823, 0.323266, 0.000443, 0.000000, lapack_dlarfb
State, th7, TASK, 0.323403, 0.324168, 0.000765, 0.000000, lapack_dtpmqrt
State, th7, TASK, 0.324177, 0.324946, 0.000769, 0.000000, lapack_dtpmqrt
State, th7, TASK, 0.324949, 0.325704, 0.000755, 0.000000, lapack_dtpmqrt
State, th7, TASK, 0.325707, 0.326463, 0.000756, 0.000000, lapack_dtpmqrt
State, th7, TASK, 0.326466, 0.327226, 0.000760, 0.000000, lapack_dtpmqrt
State, th7, TASK, 0.327230, 0.327984, 0.000754, 0.000000, lapack_dtpmqrt
State, th7, TASK, 0.327988, 0.328747, 0.000759, 0.000000, lapack_dtpmqrt
State, th7, TASK, 0.328750, 0.329508, 0.000758, 0.000000, lapack_dtpmqrt
State, th7, TASK, 0.329511, 0.330271, 0.000760, 0.000000, lapack_dtpmqrt
State, th7, TASK, 0.330885, 0.331636, 0.000751, 0.000000, lapack_dtpmqrt
State, th7, TASK, 0.331639, 0.332384, 0.000745, 0.000000, lapack_dtpmqrt
State, th7, TASK, 0.332388, 0.333127, 0.000740, 0.000000, lapack_dtpmqrt
State, th7, TASK, 0.333131, 0.333874, 0.000743, 0.000000, lapack_dtpmqrt
State, th7, TASK, 0.333876, 0.334617, 0.000741, 0.000000, lapack_dtpmqrt
State, th7, TASK, 0.334620, 0.335373, 0.000753, 0.000000, lapack_dtpmqrt
State, th7, TASK, 0.335377, 0.336123, 0.000747, 0.000000, lapack_dtpmqrt
State, th7, TASK, 0.336127, 0.336872, 0.000745, 0.000000, lapack_dtpmqrt
State, th7, TASK, 0.336875, 0.337622, 0.000746, 0.000000, lapack_dtpmqrt
State, th7, TASK, 0.337625, 0.338367, 0.000742, 0.000000, lapack_dtpmqrt
State, th7, TASK, 0.338376, 0.339138, 0.000762, 0.000000, lapack_dtpmqrt
State, th7, TASK, 0.339143, 0.339894, 0.000751, 0.000000, lapack_dtpmqrt
State, th7, TASK, 0.339898, 0.340649, 0.000750, 0.000000, lapack_dtpmqrt
State, th7, TASK, 0.340652, 0.341415, 0.000763, 0.000000, lapack_dtpmqrt
State, th7, TASK, 0.341426, 0.342179, 0.000752, 0.000000, lapack_dtpmqrt
State, th7, TASK, 0.342182, 0.342937, 0.000755, 0.000000, lapack_dtpmqrt
State, th7, TASK, 0.342941, 0.343690, 0.000749, 0.000000, lapack_dtpmqrt
State, th7, TASK, 0.343724, 0.344468, 0.000744, 0.000000, lapack_dtpmqrt
State, th7, TASK, 0.344472, 0.345222, 0.000750, 0.000000, lapack_dtpmqrt
State, th7, TASK, 0.345226, 0.345977, 0.000751, 0.000000, lapack_dtpmqrt
State, th7, TASK, 0.345980, 0.346724, 0.000744, 0.000000, lapack_dtpmqrt
State, th7, TASK, 0.346727, 0.347476, 0.000749, 0.000000, lapack_dtpmqrt
State, th7, TASK, 0.347479, 0.348217, 0.000739, 0.000000, lapack_dtpmqrt
State, th7, TASK, 0.348221, 0.348980, 0.000760, 0.000000, lapack_dtpmqrt
State, th7, TASK, 0.348984, 0.349739, 0.000755, 0.000000, lapack_dtpmqrt
State, th7, TASK, 0.349742, 0.350498, 0.000756, 0.000000, lapack_dtpmqrt
State, th7, TASK, 0.350908, 0.351684, 0.000776, 0.000000, lapack_dtpmqrt
State, th7, TASK, 0.351687, 0.352448, 0.000761, 0.000000, lapack_dtpmqrt
State, th7, TASK, 0.352452, 0.353209, 0.000757, 0.000000, lapack_dtpmqrt
State, th7, TASK, 0.353212, 0.353961, 0.000748, 0.000000, lapack_dtpmqrt
State, th7, TASK, 0.353964, 0.354707, 0.000743, 0.000000, lapack_dtpmqrt
State, th7, TASK, 0.354711, 0.355462, 0.000751, 0.000000, lapack_dtpmqrt
State, th7, TASK, 0.355766, 0.356524, 0.000758, 0.000000, lapack_dtpmqrt
State, th7, TASK, 0.356528, 0.357283, 0.000755, 0.000000, lapack_dtpmqrt
State, th7, TASK, 0.357286, 0.358037, 0.000751, 0.000000, lapack_dtpmqrt
State, th7, TASK, 0.358040, 0.358791, 0.000751, 0.000000, lapack_dtpmqrt
State, th7, TASK, 0.358794, 0.359548, 0.000754, 0.000000, lapack_dtpmqrt
State, th7, TASK, 0.359559, 0.360336, 0.000777, 0.000000, lapack_dtpmqrt
State, th7, TASK, 0.360444, 0.361203, 0.000759, 0.000000, lapack_dtpmqrt
State, th7, TASK, 0.361446, 0.361895, 0.000449, 0.000000, lapack_dlarfb
State, th7, TASK, 0.361899, 0.362327, 0.000428, 0.000000, lapack_dlarfb
State, th7, TASK, 0.362336, 0.362871, 0.000535, 0.000000, lapack_dtpqrt
State, th7, TASK, 0.362887, 0.363429, 0.000542, 0.000000, lapack_dtpqrt
State, th7, TASK, 0.363434, 0.363958, 0.000524, 0.000000, lapack_dtpqrt
State, th7, TASK, 0.364084, 0.364532, 0.000448, 0.000000, lapack_dlarfb
State, th7, TASK, 0.364537, 0.364949, 0.000412, 0.000000, lapack_dlarfb
State, th7, TASK, 0.365538, 0.366078, 0.000540, 0.000000, lapack_dtpqrt
State, th7, TASK, 0.366084, 0.366618, 0.000534, 0.000000, lapack_dtpqrt
State, th7, TASK, 0.366623, 0.367392, 0.000768, 0.000000, lapack_dtpmqrt
State, th7, TASK, 0.367406, 0.368177, 0.000772, 0.000000, lapack_dtpmqrt
State, th7, TASK, 0.368383, 0.369146, 0.000763, 0.000000, lapack_dtpmqrt
State, th7, TASK, 0.369150, 0.369907, 0.000757, 0.000000, lapack_dtpmqrt
State, th7, TASK, 0.369911, 0.370667, 0.000755, 0.000000, lapack_dtpmqrt
State, th7, TASK, 0.371479, 0.372269, 0.000791, 0.000000, lapack_dtpmqrt
State, th7, TASK, 0.372977, 0.373733, 0.000755, 0.000000, lapack_dtpmqrt
State, th7, TASK, 0.373776, 0.374563, 0.000787, 0.000000, lapack_dtpmqrt
State, th7, TASK, 0.374567, 0.375075, 0.000508, 0.000000, lapack_dtpqrt
State, th7, TASK, 0.375199, 0.375973, 0.000773, 0.000000, lapack_dtpmqrt
State, th6, TASK, 0.012303, 0.012975, 0.000672, 0.000000, lapack_dlarfb
State, th6, TASK, 0.014018, 0.015162, 0.001143, 0.000000, lapack_dtpmqrt
State, th6, TASK, 0.015167, 0.016045, 0.000878, 0.000000, lapack_dtpmqrt
State, th6, TASK, 0.016546, 0.017329, 0.000783, 0.000000, lapack_dtpmqrt
State, th6, TASK, 0.017333, 0.018110, 0.000777, 0.000000, lapack_dtpmqrt
State, th6, TASK, 0.018114, 0.018902, 0.000788, 0.000000, lapack_dtpmqrt
State, th6, TASK, 0.018908, 0.019330, 0.000422, 0.000000, lapack_dlarfb
State, th6, TASK, 0.019410, 0.020178, 0.000768, 0.000000, lapack_dtpmqrt
State, th6, TASK, 0.020181, 0.020947, 0.000766, 0.000000, lapack_dtpmqrt
State, th6, TASK, 0.020950, 0.021708, 0.000757, 0.000000, lapack_dtpmqrt
State, th6, TASK, 0.021715, 0.022475, 0.000761, 0.000000, lapack_dtpmqrt
State, th6, TASK, 0.022479, 0.023241, 0.000762, 0.000000, lapack_dtpmqrt
State, th6, TASK, 0.023244, 0.024005, 0.000761, 0.000000, lapack_dtpmqrt
State, th6, TASK, 0.024008, 0.024764, 0.000756, 0.000000, lapack_dtpmqrt
State, th6, TASK, 0.024767, 0.025535, 0.000768, 0.000000, lapack_dtpmqrt
State, th6, TASK, 0.025538, 0.026301, 0.000763, 0.000000, lapack_dtpmqrt
State, th6, TASK, 0.026304, 0.027078, 0.000774, 0.000000, lapack_dtpmqrt
State, th6, TASK, 0.027082, 0.027846, 0.000763, 0.000000, lapack_dtpmqrt
State, th6, TASK, 0.027849, 0.028612, 0.000763, 0.000000, lapack_dtpmqrt
State, th6, TASK, 0.028617, 0.029379, 0.000762, 0.000000, lapack_dtpmqrt
State, th6, TASK, 0.029382, 0.030139, 0.000756, 0.000000, lapack_dtpmqrt
State, th6, TASK, 0.030142, 0.030921, 0.000779, 0.000000, lapack_dtpmqrt
State, th6, TASK, 0.030925, 0.031675, 0.000750, 0.000000, lapack_dtpmqrt
State, th6, TASK, 0.031679, 0.032423, 0.000744, 0.000000, lapack_dtpmqrt
State, th6, TASK, 0.032426, 0.033182, 0.000757, 0.000000, lapack_dtpmqrt
State, th6, TASK, 0.033185, 0.033946, 0.000760, 0.000000, lapack_dtpmqrt
State, th6, TASK, 0.033950, 0.034703, 0.000752, 0.000000, lapack_dtpmqrt
State, th6, TASK, 0.034706, 0.035460, 0.000754, 0.000000, lapack_dtpmqrt
State, th6, TASK, 0.035463, 0.036208, 0.000745, 0.000000, lapack_dtpmqrt
State, th6, TASK, 0.036211, 0.036964, 0.000753, 0.000000, lapack_dtpmqrt
State, th6, TASK, 0.036968, 0.037724, 0.000756, 0.000000, lapack_dtpmqrt
State, th6, TASK, 0.037728, 0.038474, 0.000746, 0.000000, lapack_dtpmqrt
State, th6, TASK, 0.038477, 0.039234, 0.000757, 0.000000, lapack_dtpmqrt
State, th6, TASK, 0.039238, 0.039984, 0.000746, 0.000000, lapack_dtpmqrt
State, th6, TASK, 0.039988, 0.040740, 0.000751, 0.000000, lapack_dtpmqrt
State, th6, TASK, 0.040743, 0.041512, 0.000769, 0.000000, lapack_dtpmqrt
State, th6, TASK, 0.041515, 0.042271, 0.000756, 0.000000, lapack_dtpmqrt
State, th6, TASK, 0.042274, 0.043037, 0.000763, 0.000000, lapack_dtpmqrt
State, th6, TASK, 0.043041, 0.043797, 0.000756, 0.000000, lapack_dtpmqrt
State, th6, TASK, 0.043800, 0.044553, 0.000753, 0.000000, lapack_dtpmqrt
State, th6, TASK, 0.044558, 0.045302, 0.000745, 0.000000, lapack_dtpmqrt
State, th6, TASK, 0.045305, 0.046046, 0.000741, 0.000000, lapack_dtpmqrt
State, th6, TASK, 0.046052, 0.046814, 0.000762, 0.000000, lapack_dtpmqrt
State, th6, TASK, 0.046818, 0.047585, 0.000767, 0.000000, lapack_dtpmqrt
State, th6, TASK, 0.047588, 0.048341, 0.000752, 0.000000, lapack_dtpmqrt
State, th6, TASK, 0.048344, 0.049098, 0.000754, 0.000000, lapack_dtpmqrt
State, th6, TASK, 0.049102, 0.049860, 0.000758, 0.000000, lapack_dtpmqrt
State, th6, TASK, 0.049863, 0.050623, 0.000760, 0.000000, lapack_dtpmqrt
State, th6, TASK, 0.050627, 0.051406, 0.000780, 0.000000, lapack_dtpmqrt
State, th6, TASK, 0.051411, 0.052168, 0.000757, 0.000000, lapack_dtpmqrt
State, th6, TASK, 0.052171, 0.052926, 0.000754, 0.000000, lapack_dtpmqrt
State, th6, TASK, 0.052929, 0.053683, 0.000754, 0.000000, lapack_dtpmqrt
State, th6, TASK, 0.053689, 0.054468, 0.000779, 0.000000, lapack_dtpmqrt
State, th6, TASK, 0.054472, 0.055260, 0.000788, 0.000000, lapack_dtpmqrt
State, th6, TASK, 0.055264, 0.056038, 0.000774, 0.000000, lapack_dtpmqrt
State, th6, TASK, 0.056042, 0.056817, 0.000775, 0.000000, lapack_dtpmqrt
State, th6, TASK, 0.056820, 0.057593, 0.000772, 0.000000, lapack_dtpmqrt
State, th6, TASK, 0.057596, 0.058370, 0.000774, 0.000000, lapack_dtpmqrt
State, th6, TASK, 0.058374, 0.059155, 0.000781, 0.000000, lapack_dtpmqrt
State, th6, TASK, 0.059158, 0.059929, 0.000771, 0.000000, lapack_dtpmqrt
State, th6, TASK, 0.059932, 0.060701, 0.000769, 0.000000, lapack_dtpmqrt
State, th6, TASK, 0.060705, 0.061470, 0.000765, 0.000000, lapack_dtpmqrt
State, th6, TASK, 0.061474, 0.062252, 0.000779, 0.000000, lapack_dtpmqrt
State, th6, TASK, 0.062256, 0.063043, 0.000787, 0.000000, lapack_dtpmqrt
State, th6, TASK, 0.063046, 0.063803, 0.000757, 0.000000, lapack_dtpmqrt
State, th6, TASK, 0.063807, 0.064565, 0.000758, 0.000000, lapack_dtpmqrt
State, th6, TASK, 0.064570, 0.065343, 0.000773, 0.000000, lapack_dtpmqrt
State, th6, TASK, 0.065347, 0.066133, 0.000787, 0.000000, lapack_dtpmqrt
State, th6, TASK, 0.066137, 0.066910, 0.000773, 0.000000, lapack_dtpmqrt
State, th6, TASK, 0.066914, 0.067682, 0.000768, 0.000000, lapack_dtpmqrt
State, th6, TASK, 0.067686, 0.068453, 0.000767, 0.000000, lapack_dtpmqrt
State, th6, TASK, 0.068456, 0.069221, 0.000764, 0.000000, lapack_dtpmqrt
State, th6, TASK, 0.069224, 0.069982, 0.000759, 0.000000, lapack_dtpmqrt
State, th6, TASK, 0.069985, 0.070745, 0.000760, 0.000000, lapack_dtpmqrt
State, th6, TASK, 0.070750, 0.071514, 0.000764, 0.000000, lapack_dtpmqrt
State, th6, TASK, 0.071517, 0.072270, 0.000753, 0.000000, lapack_dtpmqrt
State, th6, TASK, 0.072273, 0.073021, 0.000748, 0.000000, lapack_dtpmqrt
State, th6, TASK, 0.073025, 0.073776, 0.000752, 0.000000, lapack_dtpmqrt
State, th6, TASK, 0.073780, 0.074528, 0.000748, 0.000000, lapack_dtpmqrt
State, th6, TASK, 0.074531, 0.075289, 0.000758, 0.000000, lapack_dtpmqrt
State, th6, TASK, 0.075292, 0.076046, 0.000754, 0.000000, lapack_dtpmqrt
State, th6, TASK, 0.076051, 0.076819, 0.000769, 0.000000, lapack_dtpmqrt
State, th6, TASK, 0.076823, 0.077574, 0.000751, 0.000000, lapack_dtpmqrt
State, th6, TASK, 0.077578, 0.078337, 0.000759, 0.000000, lapack_dtpmqrt
State, th6, TASK, 0.078340, 0.079107, 0.000767, 0.000000, lapack_dtpmqrt
State, th6, TASK, 0.079111, 0.079877, 0.000767, 0.000000, lapack_dtpmqrt
State, th6, TASK, 0.079881, 0.080644, 0.000763, 0.000000, lapack_dtpmqrt
State, th6, TASK, 0.080648, 0.081406, 0.000758, 0.000000, lapack_dtpmqrt
State, th6, TASK, 0.081409, 0.082168, 0.000759, 0.000000, lapack_dtpmqrt
State, th6, TASK, 0.082172, 0.082936, 0.000764, 0.000000, lapack_dtpmqrt
State, th6, TASK, 0.082939, 0.083701, 0.000762, 0.000000, lapack_dtpmqrt
State, th6, TASK, 0.083705, 0.084473, 0.000768, 0.000000, lapack_dtpmqrt
State, th6, TASK, 0.084476, 0.085246, 0.000769, 0.000000, lapack_dtpmqrt
State, th6, TASK, 0.085249, 0.086015, 0.000766, 0.000000, lapack_dtpmqrt
State, th6, TASK, 0.086018, 0.086774, 0.000757, 0.000000, lapack_dtpmqrt
State, th6, TASK, 0.086777, 0.087541, 0.000764, 0.000000, lapack_dtpmqrt
State, th6, TASK, 0.087545, 0.088300, 0.000756, 0.000000, lapack_dtpmqrt
State, th6, TASK, 0.088304, 0.089069, 0.000765, 0.000000, lapack_dtpmqrt
State, th6, TASK, 0.089074, 0.089843, 0.000769, 0.000000, lapack_dtpmqrt
State, th6, TASK, 0.089846, 0.090607, 0.000761, 0.000000, lapack_dtpmqrt
State, th6, TASK, 0.090611, 0.091372, 0.000761, 0.000000, lapack_dtpmqrt
State, th6, TASK, 0.091376, 0.092139, 0.000763, 0.000000, lapack_dtpmqrt
State, th6, TASK, 0.092143, 0.092703, 0.000559, 0.000000, lapack_dtpqrt
State, th6, TASK, 0.092717, 0.093478, 0.000761, 0.000000, lapack_dtpmqrt
State, th6, TASK, 0.093481, 0.094254, 0.000772, 0.000000, lapack_dtpmqrt
State, th6, TASK, 0.094257, 0.095006, 0.000749, 0.000000, lapack_dtpmqrt
State, th6, TASK, 0.095010, 0.095762, 0.000752, 0.000000, lapack_dtpmqrt
State, th6, TASK, 0.095765, 0.096523, 0.000757, 0.000000, lapack_dtpmqrt
State, th6, TASK, 0.096526, 0.097276, 0.000751, 0.000000, lapack_dtpmqrt
State, th6, TASK, 0.097280, 0.098042, 0.000762, 0.000000, lapack_dtpmqrt
State, th6, TASK, 0.098045, 0.098787, 0.000742, 0.000000, lapack_dtpmqrt
State, th6, TASK, 0.098790, 0.099551, 0.000761, 0.000000, lapack_dtpmqrt
State, th6, TASK, 0.099554, 0.100296, 0.000742, 0.000000, lapack_dtpmqrt
State, th6, TASK, 0.100300, 0.101049, 0.000749, 0.000000, lapack_dtpmqrt
State, th6, TASK, 0.101052, 0.101803, 0.000751, 0.000000, lapack_dtpmqrt
State, th6, TASK, 0.101806, 0.102551, 0.000745, 0.000000, lapack_dtpmqrt
State, th6, TASK, 0.102555, 0.103310, 0.000756, 0.000000, lapack_dtpmqrt
State, th6, TASK, 0.103314, 0.104069, 0.000755, 0.000000, lapack_dtpmqrt
State, th6, TASK, 0.104072, 0.104826, 0.000755, 0.000000, lapack_dtpmqrt
State, th6, TASK, 0.104830, 0.105586, 0.000755, 0.000000, lapack_dtpmqrt
State, th6, TASK, 0.105589, 0.106352, 0.000763, 0.000000, lapack_dtpmqrt
State, th6, TASK, 0.106358, 0.107132, 0.000774, 0.000000, lapack_dtpmqrt
State, th6, TASK, 0.107136, 0.107889, 0.000754, 0.000000, lapack_dtpmqrt
State, th6, TASK, 0.107893, 0.108644, 0.000751, 0.000000, lapack_dtpmqrt
State, th6, TASK, 0.108647, 0.109396, 0.000749, 0.000000, lapack_dtpmqrt
State, th6, TASK, 0.109400, 0.110150, 0.000750, 0.000000, lapack_dtpmqrt
State, th6, TASK, 0.110153, 0.110912, 0.000759, 0.000000, lapack_dtpmqrt
State, th6, TASK, 0.110915, 0.111692, 0.000777, 0.000000, lapack_dtpmqrt
State, th6, TASK, 0.111696, 0.112452, 0.000756, 0.000000, lapack_dtpmqrt
State, th6, TASK, 0.112456, 0.113206, 0.000750, 0.000000, lapack_dtpmqrt
State, th6, TASK, 0.113209, 0.113963, 0.000754, 0.000000, lapack_dtpmqrt
State, th6, TASK, 0.113966, 0.114715, 0.000749, 0.000000, lapack_dtpmqrt
State, th6, TASK, 0.114719, 0.115475, 0.000757, 0.000000, lapack_dtpmqrt
State, th6, TASK, 0.115479, 0.116256, 0.000777, 0.000000, lapack_dtpmqrt
State, th6, TASK, 0.116260, 0.117015, 0.000755, 0.000000, lapack_dtpmqrt
State, th6, TASK, 0.117018, 0.117773, 0.000754, 0.000000, lapack_dtpmqrt
State, th6, TASK, 0.117776, 0.118531, 0.000755, 0.000000, lapack_dtpmqrt
State, th6, TASK, 0.118534, 0.119300, 0.000767, 0.000000, lapack_dtpmqrt
State, th6, TASK, 0.119304, 0.120063, 0.000759, 0.000000, lapack_dtpmqrt
State, th6, TASK, 0.120067, 0.120839, 0.000772, 0.000000, lapack_dtpmqrt
State, th6, TASK, 0.120842, 0.121602, 0.000759, 0.000000, lapack_dtpmqrt
State, th6, TASK, 0.121605, 0.122363, 0.000758, 0.000000, lapack_dtpmqrt
State, th6, TASK, 0.122367, 0.123136, 0.000769, 0.000000, lapack_dtpmqrt
State, th6, TASK, 0.123140, 0.123891, 0.000751, 0.000000, lapack_dtpmqrt
State, th6, TASK, 0.123895, 0.124648, 0.000753, 0.000000, lapack_dtpmqrt
State, th6, TASK, 0.124653, 0.125420, 0.000767, 0.000000, lapack_dtpmqrt
State, th6, TASK, 0.125424, 0.126179, 0.000755, 0.000000, lapack_dtpmqrt
State, th6, TASK, 0.126182, 0.126939, 0.000757, 0.000000, lapack_dtpmqrt
State, th6, TASK, 0.126942, 0.127688, 0.000746, 0.000000, lapack_dtpmqrt
State, th6, TASK, 0.127692, 0.128446, 0.000755, 0.000000, lapack_dtpmqrt
State, th6, TASK, 0.128449, 0.129209, 0.000760, 0.000000, lapack_dtpmqrt
State, th6, TASK, 0.129213, 0.129973, 0.000760, 0.000000, lapack_dtpmqrt
State, th6, TASK, 0.129976, 0.130731, 0.000755, 0.000000, lapack_dtpmqrt
State, th6, TASK, 0.130737, 0.131293, 0.000556, 0.000000, lapack_dtpqrt
State, th6, TASK, 0.131302, 0.131835, 0.000533, 0.000000, lapack_dtpqrt
State, th6, TASK, 0.131845, 0.132356, 0.000512, 0.000000, lapack_dtpqrt
State, th6, TASK, 0.132365, 0.132892, 0.000527, 0.000000, lapack_dtpqrt
State, th6, TASK, 0.132902, 0.133434, 0.000532, 0.000000, lapack_dtpqrt
State, th6, TASK, 0.133443, 0.133981, 0.000537, 0.000000, lapack_dtpqrt
State, th6, TASK, 0.133990, 0.134531, 0.000541, 0.000000, lapack_dtpqrt
State, th6, TASK, 0.134541, 0.135084, 0.000543, 0.000000, lapack_dtpqrt
State, th6, TASK, 0.135097, 0.135863, 0.000766, 0.000000, lapack_dtpmqrt
State, th6, TASK, 0.135867, 0.136637, 0.000770, 0.000000, lapack_dtpmqrt
State, th6, TASK, 0.136641, 0.137413, 0.000772, 0.000000, lapack_dtpmqrt
State, th6, TASK, 0.137416, 0.138187, 0.000771, 0.000000, lapack_dtpmqrt
State, th6, TASK, 0.138191, 0.138968, 0.000778, 0.000000, lapack_dtpmqrt
State, th6, TASK, 0.138972, 0.139743, 0.000771, 0.000000, lapack_dtpmqrt
State, th6, TASK, 0.139746, 0.140520, 0.000774, 0.000000, lapack_dtpmqrt
State, th6, TASK, 0.140524, 0.141302, 0.000779, 0.000000, lapack_dtpmqrt
State, th6, TASK, 0.141306, 0.142080, 0.000774, 0.000000, lapack_dtpmqrt
State, th6, TASK, 0.142083, 0.142851, 0.000768, 0.000000, lapack_dtpmqrt
State, th6, TASK, 0.142854, 0.143633, 0.000779, 0.000000, lapack_dtpmqrt
State, th6, TASK, 0.143637, 0.144403, 0.000767, 0.000000, lapack_dtpmqrt
State, th6, TASK, 0.144407, 0.145174, 0.000767, 0.000000, lapack_dtpmqrt
State, th6, TASK, 0.145178, 0.145951, 0.000773, 0.000000, lapack_dtpmqrt
State, th6, TASK, 0.145954, 0.146725, 0.000770, 0.000000, lapack_dtpmqrt
State, th6, TASK, 0.146729, 0.147296, 0.000567, 0.000000, lapack_dtpqrt
State, th6, TASK, 0.147306, 0.147844, 0.000538, 0.000000, lapack_dtpqrt
State, th6, TASK, 0.147853, 0.148387, 0.000534, 0.000000, lapack_dtpqrt
State, th6, TASK, 0.148396, 0.148930, 0.000534, 0.000000, lapack_dtpqrt
State, th6, TASK, 0.148938, 0.149481, 0.000544, 0.000000, lapack_dtpqrt
State, th6, TASK, 0.149490, 0.150034, 0.000544, 0.000000, lapack_dtpqrt
State, th6, TASK, 0.150043, 0.150582, 0.000538, 0.000000, lapack_dtpqrt
State, th6, TASK, 0.150591, 0.151135, 0.000544, 0.000000, lapack_dtpqrt
State, th6, TASK, 0.151145, 0.151678, 0.000533, 0.000000, lapack_dtpqrt
State, th6, TASK, 0.151685, 0.152224, 0.000538, 0.000000, lapack_dtpqrt
State, th6, TASK, 0.152232, 0.152771, 0.000539, 0.000000, lapack_dtpqrt
State, th6, TASK, 0.152781, 0.153321, 0.000540, 0.000000, lapack_dtpqrt
State, th6, TASK, 0.153329, 0.153871, 0.000542, 0.000000, lapack_dtpqrt
State, th6, TASK, 0.153881, 0.154421, 0.000540, 0.000000, lapack_dtpqrt
State, th6, TASK, 0.154430, 0.154871, 0.000441, 0.000000, lapack_dlarfb
State, th6, TASK, 0.154883, 0.155658, 0.000775, 0.000000, lapack_dtpmqrt
State, th6, TASK, 0.155662, 0.156424, 0.000762, 0.000000, lapack_dtpmqrt
State, th6, TASK, 0.156428, 0.157196, 0.000768, 0.000000, lapack_dtpmqrt
State, th6, TASK, 0.157200, 0.157968, 0.000768, 0.000000, lapack_dtpmqrt
State, th6, TASK, 0.157971, 0.158751, 0.000779, 0.000000, lapack_dtpmqrt
State, th6, TASK, 0.158754, 0.159546, 0.000792, 0.000000, lapack_dtpmqrt
State, th6, TASK, 0.159550, 0.160330, 0.000781, 0.000000, lapack_dtpmqrt
State, th6, TASK, 0.160334, 0.161114, 0.000780, 0.000000, lapack_dtpmqrt
State, th6, TASK, 0.161118, 0.161896, 0.000778, 0.000000, lapack_dtpmqrt
State, th6, TASK, 0.161899, 0.162678, 0.000779, 0.000000, lapack_dtpmqrt
State, th6, TASK, 0.162681, 0.163462, 0.000781, 0.000000, lapack_dtpmqrt
State, th6, TASK, 0.163465, 0.164242, 0.000776, 0.000000, lapack_dtpmqrt
State, th6, TASK, 0.164245, 0.165021, 0.000776, 0.000000, lapack_dtpmqrt
State, th6, TASK, 0.165025, 0.165804, 0.000779, 0.000000, lapack_dtpmqrt
State, th6, TASK, 0.165807, 0.166584, 0.000777, 0.000000, lapack_dtpmqrt
State, th6, TASK, 0.166587, 0.167368, 0.000781, 0.000000, lapack_dtpmqrt
State, th6, TASK, 0.167372, 0.168152, 0.000780, 0.000000, lapack_dtpmqrt
State, th6, TASK, 0.168155, 0.168938, 0.000783, 0.000000, lapack_dtpmqrt
State, th6, TASK, 0.168942, 0.169720, 0.000778, 0.000000, lapack_dtpmqrt
State, th6, TASK, 0.169723, 0.170501, 0.000777, 0.000000, lapack_dtpmqrt
State, th6, TASK, 0.170546, 0.170971, 0.000426, 0.000000, lapack_dlarfb
State, th6, TASK, 0.171006, 0.171756, 0.000750, 0.000000, lapack_dtpmqrt
State, th6, TASK, 0.171760, 0.172509, 0.000749, 0.000000, lapack_dtpmqrt
State, th6, TASK, 0.172512, 0.173265, 0.000752, 0.000000, lapack_dtpmqrt
State, th6, TASK, 0.173269, 0.174021, 0.000751, 0.000000, lapack_dtpmqrt
State, th6, TASK, 0.174024, 0.174776, 0.000751, 0.000000, lapack_dtpmqrt
State, th6, TASK, 0.174779, 0.175537, 0.000758, 0.000000, lapack_dtpmqrt
State, th6, TASK, 0.175553, 0.176325, 0.000772, 0.000000, lapack_dtpmqrt
State, th6, TASK, 0.176328, 0.177087, 0.000759, 0.000000, lapack_dtpmqrt
State, th6, TASK, 0.177091, 0.177854, 0.000763, 0.000000, lapack_dtpmqrt
State, th6, TASK, 0.177857, 0.178621, 0.000764, 0.000000, lapack_dtpmqrt
State, th6, TASK, 0.178625, 0.179395, 0.000770, 0.000000, lapack_dtpmqrt
State, th6, TASK, 0.179399, 0.180166, 0.000767, 0.000000, lapack_dtpmqrt
State, th6, TASK, 0.180170, 0.180932, 0.000762, 0.000000, lapack_dtpmqrt
State, th6, TASK, 0.180936, 0.181698, 0.000762, 0.000000, lapack_dtpmqrt
State, th6, TASK, 0.181701, 0.182466, 0.000765, 0.000000, lapack_dtpmqrt
State, th6, TASK, 0.182470, 0.183238, 0.000768, 0.000000, lapack_dtpmqrt
State, th6, TASK, 0.183241, 0.184011, 0.000770, 0.000000, lapack_dtpmqrt
State, th6, TASK, 0.184014, 0.184777, 0.000762, 0.000000, lapack_dtpmqrt
State, th6, TASK, 0.184780, 0.185540, 0.000761, 0.000000, lapack_dtpmqrt
State, th6, TASK, 0.185544, 0.186306, 0.000762, 0.000000, lapack_dtpmqrt
State, th6, TASK, 0.186310, 0.187077, 0.000767, 0.000000, lapack_dtpmqrt
State, th6, TASK, 0.187080, 0.187849, 0.000769, 0.000000, lapack_dtpmqrt
State, th6, TASK, 0.187853, 0.188624, 0.000772, 0.000000, lapack_dtpmqrt
State, th6, TASK, 0.188628, 0.189398, 0.000770, 0.000000, lapack_dtpmqrt
State, th6, TASK, 0.189401, 0.190171, 0.000770, 0.000000, lapack_dtpmqrt
State, th6, TASK, 0.190174, 0.190951, 0.000777, 0.000000, lapack_dtpmqrt
State, th6, TASK, 0.190955, 0.191720, 0.000766, 0.000000, lapack_dtpmqrt
State, th6, TASK, 0.191724, 0.192495, 0.000771, 0.000000, lapack_dtpmqrt
State, th6, TASK, 0.192499, 0.193265, 0.000767, 0.000000, lapack_dtpmqrt
State, th6, TASK, 0.193269, 0.194037, 0.000768, 0.000000, lapack_dtpmqrt
State, th6, TASK, 0.194041, 0.194811, 0.000770, 0.000000, lapack_dtpmqrt
State, th6, TASK, 0.195037, 0.195834, 0.000798, 0.000000, lapack_dtpmqrt
State, th6, TASK, 0.195837, 0.196606, 0.000768, 0.000000, lapack_dtpmqrt
State, th6, TASK, 0.196609, 0.197376, 0.000767, 0.000000, lapack_dtpmqrt
State, th6, TASK, 0.197380, 0.198150, 0.000771, 0.000000, lapack_dtpmqrt
State, th6, TASK, 0.198153, 0.198929, 0.000775, 0.000000, lapack_dtpmqrt
State, th6, TASK, 0.198932, 0.199704, 0.000772, 0.000000, lapack_dtpmqrt
State, th6, TASK, 0.199707, 0.200476, 0.000769, 0.000000, lapack_dtpmqrt
State, th6, TASK, 0.200480, 0.201248, 0.000769, 0.000000, lapack_dtpmqrt
State, th6, TASK, 0.201252, 0.202022, 0.000770, 0.000000, lapack_dtpmqrt
State, th6, TASK, 0.202025, 0.202794, 0.000769, 0.000000, lapack_dtpmqrt
State, th6, TASK, 0.202797, 0.203573, 0.000776, 0.000000, lapack_dtpmqrt
State, th6, TASK, 0.203577, 0.204350, 0.000774, 0.000000, lapack_dtpmqrt
State, th6, TASK, 0.204354, 0.205124, 0.000770, 0.000000, lapack_dtpmqrt
State, th6, TASK, 0.205127, 0.205888, 0.000760, 0.000000, lapack_dtpmqrt
State, th6, TASK, 0.205891, 0.206656, 0.000764, 0.000000, lapack_dtpmqrt
State, th6, TASK, 0.206659, 0.207429, 0.000770, 0.000000, lapack_dtpmqrt
State, th6, TASK, 0.207432, 0.208199, 0.000767, 0.000000, lapack_dtpmqrt
State, th6, TASK, 0.208202, 0.208970, 0.000768, 0.000000, lapack_dtpmqrt
State, th6, TASK, 0.208973, 0.209734, 0.000760, 0.000000, lapack_dtpmqrt
State, th6, TASK, 0.209737, 0.210498, 0.000761, 0.000000, lapack_dtpmqrt
State, th6, TASK, 0.210501, 0.211273, 0.000772, 0.000000, lapack_dtpmqrt
State, th6, TASK, 0.211277, 0.212042, 0.000765, 0.000000, lapack_dtpmqrt
State, th6, TASK, 0.212045, 0.212810, 0.000765, 0.000000, lapack_dtpmqrt
State, th6, TASK, 0.212812, 0.213579, 0.000767, 0.000000, lapack_dtpmqrt
State, th6, TASK, 0.213589, 0.214346, 0.000757, 0.000000, lapack_dtpmqrt
State, th6, TASK, 0.214350, 0.215111, 0.000761, 0.000000, lapack_dtpmqrt
State, th6, TASK, 0.215115, 0.215870, 0.000755, 0.000000, lapack_dtpmqrt
State, th6, TASK, 0.216340, 0.217160, 0.000820, 0.000000, lapack_dtpmqrt
State, th6, TASK, 0.217163, 0.217973, 0.000809, 0.000000, lapack_dtpmqrt
State, th6, TASK, 0.217976, 0.218778, 0.000802, 0.000000, lapack_dtpmqrt
State, th6, TASK, 0.218783, 0.219582, 0.000799, 0.000000, lapack_dtpmqrt
State, th6, TASK, 0.219585, 0.220371, 0.000786, 0.000000, lapack_dtpmqrt
State, th6, TASK, 0.220374, 0.221167, 0.000793, 0.000000, lapack_dtpmqrt
State, th6, TASK, 0.221170, 0.221944, 0.000773, 0.000000, lapack_dtpmqrt
State, th6, TASK, 0.221947, 0.222720, 0.000773, 0.000000, lapack_dtpmqrt
State, th6, TASK, 0.222723, 0.223505, 0.000781, 0.000000, lapack_dtpmqrt
State, th6, TASK, 0.223508, 0.224283, 0.000775, 0.000000, lapack_dtpmqrt
State, th6, TASK, 0.224287, 0.225060, 0.000773, 0.000000, lapack_dtpmqrt
State, th6, TASK, 0.225063, 0.225835, 0.000772, 0.000000, lapack_dtpmqrt
State, th6, TASK, 0.225838, 0.226624, 0.000786, 0.000000, lapack_dtpmqrt
State, th6, TASK, 0.226627, 0.227413, 0.000786, 0.000000, lapack_dtpmqrt
State, th6, TASK, 0.227417, 0.228204, 0.000788, 0.000000, lapack_dtpmqrt
State, th6, TASK, 0.228208, 0.228988, 0.000780, 0.000000, lapack_dtpmqrt
State, th6, TASK, 0.228992, 0.229774, 0.000782, 0.000000, lapack_dtpmqrt
State, th6, TASK, 0.229778, 0.230558, 0.000781, 0.000000, lapack_dtpmqrt
State, th6, TASK, 0.230562, 0.231348, 0.000786, 0.000000, lapack_dtpmqrt
State, th6, TASK, 0.231352, 0.232127, 0.000775, 0.000000, lapack_dtpmqrt
State, th6, TASK, 0.232130, 0.232908, 0.000778, 0.000000, lapack_dtpmqrt
State, th6, TASK, 0.232911, 0.233696, 0.000785, 0.000000, lapack_dtpmqrt
State, th6, TASK, 0.233700, 0.234491, 0.000791, 0.000000, lapack_dtpmqrt
State, th6, TASK, 0.234515, 0.235274, 0.000759, 0.000000, lapack_dtpmqrt
State, th6, TASK, 0.235321, 0.236071, 0.000750, 0.000000, lapack_dtpmqrt
State, th6, TASK, 0.236075, 0.236822, 0.000747, 0.000000, lapack_dtpmqrt
State, th6, TASK, 0.236825, 0.237577, 0.000752, 0.000000, lapack_dtpmqrt
State, th6, TASK, 0.237581, 0.238331, 0.000749, 0.000000, lapack_dtpmqrt
State, th6, TASK, 0.238334, 0.239088, 0.000754, 0.000000, lapack_dtpmqrt
State, th6, TASK, 0.239092, 0.239842, 0.000751, 0.000000, lapack_dtpmqrt
State, th6, TASK, 0.239845, 0.240601, 0.000756, 0.000000, lapack_dtpmqrt
State, th6, TASK, 0.240605, 0.241356, 0.000751, 0.000000, lapack_dtpmqrt
State, th6, TASK, 0.241360, 0.242110, 0.000750, 0.000000, lapack_dtpmqrt
State, th6, TASK, 0.242114, 0.242863, 0.000749, 0.000000, lapack_dtpmqrt
State, th6, TASK, 0.242866, 0.243625, 0.000759, 0.000000, lapack_dtpmqrt
State, th6, TASK, 0.243629, 0.244377, 0.000748, 0.000000, lapack_dtpmqrt
State, th6, TASK, 0.244383, 0.245139, 0.000757, 0.000000, lapack_dtpmqrt
State, th6, TASK, 0.245143, 0.245893, 0.000750, 0.000000, lapack_dtpmqrt
State, th6, TASK, 0.245896, 0.246655, 0.000758, 0.000000, lapack_dtpmqrt
State, th6, TASK, 0.246659, 0.247430, 0.000771, 0.000000, lapack_dtpmqrt
State, th6, TASK, 0.247433, 0.248193, 0.000759, 0.000000, lapack_dtpmqrt
State, th6, TASK, 0.248196, 0.248953, 0.000757, 0.000000, lapack_dtpmqrt
State, th6, TASK, 0.248956, 0.249716, 0.000760, 0.000000, lapack_dtpmqrt
State, th6, TASK, 0.249719, 0.250483, 0.000764, 0.000000, lapack_dtpmqrt
State, th6, TASK, 0.250487, 0.251256, 0.000769, 0.000000, lapack_dtpmqrt
State, th6, TASK, 0.251260, 0.252024, 0.000764, 0.000000, lapack_dtpmqrt
State, th6, TASK, 0.252027, 0.252789, 0.000762, 0.000000, lapack_dtpmqrt
State, th6, TASK, 0.252793, 0.253545, 0.000752, 0.000000, lapack_dtpmqrt
State, th6, TASK, 0.253549, 0.254299, 0.000751, 0.000000, lapack_dtpmqrt
State, th6, TASK, 0.254303, 0.255054, 0.000751, 0.000000, lapack_dtpmqrt
State, th6, TASK, 0.255059, 0.255805, 0.000747, 0.000000, lapack_dtpmqrt
State, th6, TASK, 0.255809, 0.256555, 0.000746, 0.000000, lapack_dtpmqrt
State, th6, TASK, 0.256559, 0.257303, 0.000745, 0.000000, lapack_dtpmqrt
State, th6, TASK, 0.257307, 0.258054, 0.000747, 0.000000, lapack_dtpmqrt
State, th6, TASK, 0.258057, 0.258806, 0.000748, 0.000000, lapack_dtpmqrt
State, th6, TASK, 0.258809, 0.259558, 0.000749, 0.000000, lapack_dtpmqrt
State, th6, TASK, 0.259562, 0.260309, 0.000748, 0.000000, lapack_dtpmqrt
State, th6, TASK, 0.260313, 0.261063, 0.000750, 0.000000, lapack_dtpmqrt
State, th6, TASK, 0.261072, 0.261675, 0.000602, 0.000000, lapack_dgeqrt
State, th6, TASK, 0.261688, 0.262118, 0.000429, 0.000000, lapack_dlarfb
State, th6, TASK, 0.262120, 0.262533, 0.000413, 0.000000, lapack_dlarfb
State, th6, TASK, 0.262537, 0.262966, 0.000430, 0.000000, lapack_dlarfb
State, th6, TASK, 0.262969, 0.263385, 0.000415, 0.000000, lapack_dlarfb
State, th6, TASK, 0.263387, 0.263798, 0.000411, 0.000000, lapack_dlarfb
State, th6, TASK, 0.263801, 0.264214, 0.000413, 0.000000, lapack_dlarfb
State, th6, TASK, 0.264217, 0.264637, 0.000420, 0.000000, lapack_dlarfb
State, th6, TASK, 0.264643, 0.265443, 0.000800, 0.000000, lapack_dtpmqrt
State, th6, TASK, 0.265447, 0.266257, 0.000810, 0.000000, lapack_dtpmqrt
State, th6, TASK, 0.266261, 0.267042, 0.000781, 0.000000, lapack_dtpmqrt
State, th6, TASK, 0.267045, 0.267825, 0.000780, 0.000000, lapack_dtpmqrt
State, th6, TASK, 0.267828, 0.268606, 0.000778, 0.000000, lapack_dtpmqrt
State, th6, TASK, 0.268619, 0.269404, 0.000785, 0.000000, lapack_dtpmqrt
State, th6, TASK, 0.269408, 0.270185, 0.000777, 0.000000, lapack_dtpmqrt
State, th6, TASK, 0.270188, 0.270967, 0.000779, 0.000000, lapack_dtpmqrt
State, th6, TASK, 0.270972, 0.271737, 0.000765, 0.000000, lapack_dtpmqrt
State, th6, TASK, 0.271740, 0.272510, 0.000770, 0.000000, lapack_dtpmqrt
State, th6, TASK, 0.272514, 0.273281, 0.000767, 0.000000, lapack_dtpmqrt
State, th6, TASK, 0.273284, 0.274040, 0.000756, 0.000000, lapack_dtpmqrt
State, th6, TASK, 0.274044, 0.274806, 0.000763, 0.000000, lapack_dtpmqrt
State, th6, TASK, 0.274810, 0.275583, 0.000773, 0.000000, lapack_dtpmqrt
State, th6, TASK, 0.275587, 0.276347, 0.000761, 0.000000, lapack_dtpmqrt
State, th6, TASK, 0.276351, 0.277122, 0.000772, 0.000000, lapack_dtpmqrt
State, th6, TASK, 0.277126, 0.277896, 0.000770, 0.000000, lapack_dtpmqrt
State, th6, TASK, 0.277900, 0.278666, 0.000767, 0.000000, lapack_dtpmqrt
State, th6, TASK, 0.278670, 0.279443, 0.000773, 0.000000, lapack_dtpmqrt
State, th6, TASK, 0.279446, 0.280215, 0.000769, 0.000000, lapack_dtpmqrt
State, th6, TASK, 0.280219, 0.280984, 0.000765, 0.000000, lapack_dtpmqrt
State, th6, TASK, 0.280988, 0.281755, 0.000768, 0.000000, lapack_dtpmqrt
State, th6, TASK, 0.281759, 0.282527, 0.000768, 0.000000, lapack_dtpmqrt
State, th6, TASK, 0.282530, 0.283306, 0.000776, 0.000000, lapack_dtpmqrt
State, th6, TASK, 0.283309, 0.284074, 0.000765, 0.000000, lapack_dtpmqrt
State, th6, TASK, 0.284081, 0.284856, 0.000775, 0.000000, lapack_dtpmqrt
State, th6, TASK, 0.284859, 0.285630, 0.000771, 0.000000, lapack_dtpmqrt
State, th6, TASK, 0.285633, 0.286400, 0.000767, 0.000000, lapack_dtpmqrt
State, th6, TASK, 0.286403, 0.287186, 0.000783, 0.000000, lapack_dtpmqrt
State, th6, TASK, 0.287189, 0.287968, 0.000779, 0.000000, lapack_dtpmqrt
State, th6, TASK, 0.287971, 0.288745, 0.000774, 0.000000, lapack_dtpmqrt
State, th6, TASK, 0.288749, 0.289513, 0.000764, 0.000000, lapack_dtpmqrt
State, th6, TASK, 0.289517, 0.290284, 0.000768, 0.000000, lapack_dtpmqrt
State, th6, TASK, 0.290489, 0.291039, 0.000549, 0.000000, lapack_dtpqrt
State, th6, TASK, 0.291048, 0.291579, 0.000532, 0.000000, lapack_dtpqrt
State, th6, TASK, 0.291587, 0.292099, 0.000512, 0.000000, lapack_dtpqrt
State, th6, TASK, 0.292107, 0.292624, 0.000517, 0.000000, lapack_dtpqrt
State, th6, TASK, 0.292632, 0.293167, 0.000534, 0.000000, lapack_dtpqrt
State, th6, TASK, 0.293174, 0.293707, 0.000533, 0.000000, lapack_dtpqrt
State, th6, TASK, 0.293714, 0.294246, 0.000532, 0.000000, lapack_dtpqrt
State, th6, TASK, 0.294253, 0.294785, 0.000532, 0.000000, lapack_dtpqrt
State, th6, TASK, 0.294792, 0.295329, 0.000537, 0.000000, lapack_dtpqrt
State, th6, TASK, 0.295337, 0.295870, 0.000534, 0.000000, lapack_dtpqrt
State, th6, TASK, 0.295880, 0.296414, 0.000534, 0.000000, lapack_dtpqrt
State, th6, TASK, 0.296422, 0.296956, 0.000533, 0.000000, lapack_dtpqrt
State, th6, TASK, 0.296964, 0.297497, 0.000533, 0.000000, lapack_dtpqrt
State, th6, TASK, 0.297504, 0.298014, 0.000510, 0.000000, lapack_dtpqrt
State, th6, TASK, 0.298022, 0.298561, 0.000539, 0.000000, lapack_dtpqrt
State, th6, TASK, 0.298569, 0.299182, 0.000613, 0.000000, lapack_dtpqrt
State, th6, TASK, 0.299190, 0.299723, 0.000533, 0.000000, lapack_dtpqrt
State, th6, TASK, 0.299762, 0.300531, 0.000769, 0.000000, lapack_dtpmqrt
State, th6, TASK, 0.300534, 0.301300, 0.000766, 0.000000, lapack_dtpmqrt
State, th6, TASK, 0.301304, 0.302078, 0.000775, 0.000000, lapack_dtpmqrt
State, th6, TASK, 0.302290, 0.303079, 0.000789, 0.000000, lapack_dtpmqrt
State, th6, TASK, 0.303082, 0.303857, 0.000774, 0.000000, lapack_dtpmqrt
State, th6, TASK, 0.303860, 0.304636, 0.000777, 0.000000, lapack_dtpmqrt
State, th6, TASK, 0.304644, 0.305412, 0.000768, 0.000000, lapack_dtpmqrt
State, th6, TASK, 0.305416, 0.306174, 0.000758, 0.000000, lapack_dtpmqrt
State, th6, TASK, 0.306177, 0.306942, 0.000765, 0.000000, lapack_dtpmqrt
State, th6, TASK, 0.306946, 0.307705, 0.000759, 0.000000, lapack_dtpmqrt
State, th6, TASK, 0.307709, 0.308467, 0.000758, 0.000000, lapack_dtpmqrt
State, th6, TASK, 0.308470, 0.309233, 0.000763, 0.000000, lapack_dtpmqrt
State, th6, TASK, 0.309237, 0.310001, 0.000765, 0.000000, lapack_dtpmqrt
State, th6, TASK, 0.310005, 0.310771, 0.000766, 0.000000, lapack_dtpmqrt
State, th6, TASK, 0.310774, 0.311545, 0.000771, 0.000000, lapack_dtpmqrt
State, th6, TASK, 0.311549, 0.312313, 0.000764, 0.000000, lapack_dtpmqrt
State, th6, TASK, 0.312316, 0.313081, 0.000764, 0.000000, lapack_dtpmqrt
State, th6, TASK, 0.313085, 0.313502, 0.000417, 0.000000, lapack_dlarfb
State, th6, TASK, 0.314083, 0.314864, 0.000781, 0.000000, lapack_dtpmqrt
State, th6, TASK, 0.314868, 0.315631, 0.000763, 0.000000, lapack_dtpmqrt
State, th6, TASK, 0.315634, 0.316385, 0.000751, 0.000000, lapack_dtpmqrt
State, th6, TASK, 0.316389, 0.317150, 0.000762, 0.000000, lapack_dtpmqrt
State, th6, TASK, 0.317154, 0.317923, 0.000769, 0.000000, lapack_dtpmqrt
State, th6, TASK, 0.317927, 0.318686, 0.000759, 0.000000, lapack_dtpmqrt
State, th6, TASK, 0.318689, 0.319463, 0.000774, 0.000000, lapack_dtpmqrt
State, th6, TASK, 0.319467, 0.320230, 0.000764, 0.000000, lapack_dtpmqrt
State, th6, TASK, 0.320234, 0.321001, 0.000767, 0.000000, lapack_dtpmqrt
State, th6, TASK, 0.321005, 0.321768, 0.000764, 0.000000, lapack_dtpmqrt
State, th6, TASK, 0.321772, 0.322533, 0.000761, 0.000000, lapack_dtpmqrt
State, th6, TASK, 0.322536, 0.323296, 0.000760, 0.000000, lapack_dtpmqrt
State, th6, TASK, 0.323362, 0.324112, 0.000750, 0.000000, lapack_dtpmqrt
State, th6, TASK, 0.324116, 0.324863, 0.000747, 0.000000, lapack_dtpmqrt
State, th6, TASK, 0.324866, 0.325627, 0.000761, 0.000000, lapack_dtpmqrt
State, th6, TASK, 0.325630, 0.326390, 0.000760, 0.000000, lapack_dtpmqrt
State, th6, TASK, 0.326393, 0.327153, 0.000760, 0.000000, lapack_dtpmqrt
State, th6, TASK, 0.327156, 0.327908, 0.000752, 0.000000, lapack_dtpmqrt
State, th6, TASK, 0.327912, 0.328660, 0.000748, 0.000000, lapack_dtpmqrt
State, th6, TASK, 0.328663, 0.329406, 0.000743, 0.000000, lapack_dtpmqrt
State, th6, TASK, 0.329410, 0.330160, 0.000751, 0.000000, lapack_dtpmqrt
State, th6, TASK, 0.330166, 0.330924, 0.000758, 0.000000, lapack_dtpmqrt
State, th6, TASK, 0.330927, 0.331672, 0.000745, 0.000000, lapack_dtpmqrt
State, th6, TASK, 0.331676, 0.332428, 0.000752, 0.000000, lapack_dtpmqrt
State, th6, TASK, 0.332431, 0.333177, 0.000746, 0.000000, lapack_dtpmqrt
State, th6, TASK, 0.333181, 0.333921, 0.000740, 0.000000, lapack_dtpmqrt
State, th6, TASK, 0.333925, 0.334667, 0.000743, 0.000000, lapack_dtpmqrt
State, th6, TASK, 0.334671, 0.335420, 0.000750, 0.000000, lapack_dtpmqrt
State, th6, TASK, 0.335424, 0.336167, 0.000743, 0.000000, lapack_dtpmqrt
State, th6, TASK, 0.336171, 0.336916, 0.000745, 0.000000, lapack_dtpmqrt
State, th6, TASK, 0.336920, 0.337669, 0.000748, 0.000000, lapack_dtpmqrt
State, th6, TASK, 0.337672, 0.338417, 0.000745, 0.000000, lapack_dtpmqrt
State, th6, TASK, 0.338917, 0.339659, 0.000742, 0.000000, lapack_dtpmqrt
State, th6, TASK, 0.339663, 0.340422, 0.000760, 0.000000, lapack_dtpmqrt
State, th6, TASK, 0.340425, 0.341187, 0.000761, 0.000000, lapack_dtpmqrt
State, th6, TASK, 0.341190, 0.341940, 0.000751, 0.000000, lapack_dtpmqrt
State, th6, TASK, 0.341948, 0.342373, 0.000425, 0.000000, lapack_dlarfb
State, th6, TASK, 0.342377, 0.342796, 0.000419, 0.000000, lapack_dlarfb
State, th6, TASK, 0.342800, 0.343219, 0.000419, 0.000000, lapack_dlarfb
State, th6, TASK, 0.343227, 0.343640, 0.000413, 0.000000, lapack_dlarfb
State, th6, TASK, 0.343701, 0.344464, 0.000762, 0.000000, lapack_dtpmqrt
State, th6, TASK, 0.344467, 0.345228, 0.000761, 0.000000, lapack_dtpmqrt
State, th6, TASK, 0.345231, 0.345986, 0.000755, 0.000000, lapack_dtpmqrt
State, th6, TASK, 0.345989, 0.346741, 0.000752, 0.000000, lapack_dtpmqrt
State, th6, TASK, 0.346745, 0.347500, 0.000755, 0.000000, lapack_dtpmqrt
State, th6, TASK, 0.347505, 0.348254, 0.000749, 0.000000, lapack_dtpmqrt
State, th6, TASK, 0.348257, 0.349010, 0.000753, 0.000000, lapack_dtpmqrt
State, th6, TASK, 0.349013, 0.349762, 0.000749, 0.000000, lapack_dtpmqrt
State, th6, TASK, 0.349766, 0.350515, 0.000749, 0.000000, lapack_dtpmqrt
State, th6, TASK, 0.350525, 0.351284, 0.000758, 0.000000, lapack_dtpmqrt
State, th6, TASK, 0.351292, 0.352079, 0.000788, 0.000000, lapack_dtpmqrt
State, th6, TASK, 0.352083, 0.352883, 0.000800, 0.000000, lapack_dtpmqrt
State, th6, TASK, 0.352886, 0.353663, 0.000777, 0.000000, lapack_dtpmqrt
State, th6, TASK, 0.353667, 0.354429, 0.000762, 0.000000, lapack_dtpmqrt
State, th6, TASK, 0.354432, 0.355202, 0.000770, 0.000000, lapack_dtpmqrt
State, th6, TASK, 0.355219, 0.356003, 0.000784, 0.000000, lapack_dtpmqrt
State, th6, TASK, 0.356006, 0.356761, 0.000755, 0.000000, lapack_dtpmqrt
State, th6, TASK, 0.356764, 0.357521, 0.000757, 0.000000, lapack_dtpmqrt
State, th6, TASK, 0.357524, 0.358275, 0.000751, 0.000000, lapack_dtpmqrt
State, th6, TASK, 0.358278, 0.359031, 0.000753, 0.000000, lapack_dtpmqrt
State, th6, TASK, 0.359035, 0.359785, 0.000750, 0.000000, lapack_dtpmqrt
State, th6, TASK, 0.360266, 0.361044, 0.000777, 0.000000, lapack_dtpmqrt
State, th6, TASK, 0.361132, 0.361919, 0.000787, 0.000000, lapack_dtpmqrt
State, th6, TASK, 0.361923, 0.362701, 0.000779, 0.000000, lapack_dtpmqrt
State, th6, TASK, 0.362705, 0.363487, 0.000783, 0.000000, lapack_dtpmqrt
State, th6, TASK, 0.363504, 0.364283, 0.000779, 0.000000, lapack_dtpmqrt
State, th6, TASK, 0.364287, 0.365068, 0.000781, 0.000000, lapack_dtpmqrt
State, th6, TASK, 0.365073, 0.365848, 0.000774, 0.000000, lapack_dtpmqrt
State, th6, TASK, 0.365851, 0.366624, 0.000773, 0.000000, lapack_dtpmqrt
State, th6, TASK, 0.366628, 0.367403, 0.000775, 0.000000, lapack_dtpmqrt
State, th6, TASK, 0.367856, 0.368372, 0.000516, 0.000000, lapack_dtpqrt
State, th6, TASK, 0.368382, 0.369141, 0.000758, 0.000000, lapack_dtpmqrt
State, th6, TASK, 0.369145, 0.369899, 0.000754, 0.000000, lapack_dtpmqrt
State, th6, TASK, 0.370170, 0.370695, 0.000525, 0.000000, lapack_dtpqrt
State, th6, TASK, 0.372995, 0.373535, 0.000540, 0.000000, lapack_dtpqrt
State, th6, TASK, 0.375192, 0.375732, 0.000540, 0.000000, lapack_dtpqrt
State, th6, TASK, 0.375820, 0.376571, 0.000751, 0.000000, lapack_dtpmqrt
State, th5, TASK, 0.012292, 0.012950, 0.000657, 0.000000, lapack_dlarfb
State, th5, TASK, 0.012954, 0.013389, 0.000436, 0.000000, lapack_dlarfb
State, th5, TASK, 0.014059, 0.015087, 0.001028, 0.000000, lapack_dtpmqrt
State, th5, TASK, 0.015091, 0.015895, 0.000804, 0.000000, lapack_dtpmqrt
State, th5, TASK, 0.015899, 0.016667, 0.000768, 0.000000, lapack_dtpmqrt
State, th5, TASK, 0.016671, 0.017436, 0.000765, 0.000000, lapack_dtpmqrt
State, th5, TASK, 0.017439, 0.018211, 0.000772, 0.000000, lapack_dtpmqrt
State, th5, TASK, 0.018214, 0.018986, 0.000771, 0.000000, lapack_dtpmqrt
State, th5, TASK, 0.018995, 0.019774, 0.000779, 0.000000, lapack_dtpmqrt
State, th5, TASK, 0.019778, 0.020549, 0.000771, 0.000000, lapack_dtpmqrt
State, th5, TASK, 0.020553, 0.021320, 0.000767, 0.000000, lapack_dtpmqrt
State, th5, TASK, 0.021327, 0.022107, 0.000780, 0.000000, lapack_dtpmqrt
State, th5, TASK, 0.022111, 0.022883, 0.000772, 0.000000, lapack_dtpmqrt
State, th5, TASK, 0.022886, 0.023661, 0.000775, 0.000000, lapack_dtpmqrt
State, th5, TASK, 0.023665, 0.024446, 0.000781, 0.000000, lapack_dtpmqrt
State, th5, TASK, 0.024450, 0.024871, 0.000421, 0.000000, lapack_dlarfb
State, th5, TASK, 0.024874, 0.025631, 0.000757, 0.000000, lapack_dtpmqrt
State, th5, TASK, 0.025635, 0.026396, 0.000761, 0.000000, lapack_dtpmqrt
State, th5, TASK, 0.026400, 0.027170, 0.000770, 0.000000, lapack_dtpmqrt
State, th5, TASK, 0.027173, 0.027931, 0.000757, 0.000000, lapack_dtpmqrt
State, th5, TASK, 0.027934, 0.028688, 0.000754, 0.000000, lapack_dtpmqrt
State, th5, TASK, 0.028691, 0.029453, 0.000762, 0.000000, lapack_dtpmqrt
State, th5, TASK, 0.029459, 0.030214, 0.000755, 0.000000, lapack_dtpmqrt
State, th5, TASK, 0.030218, 0.030980, 0.000762, 0.000000, lapack_dtpmqrt
State, th5, TASK, 0.030983, 0.031739, 0.000756, 0.000000, lapack_dtpmqrt
State, th5, TASK, 0.031743, 0.032502, 0.000759, 0.000000, lapack_dtpmqrt
State, th5, TASK, 0.032506, 0.033274, 0.000768, 0.000000, lapack_dtpmqrt
State, th5, TASK, 0.033277, 0.033708, 0.000431, 0.000000, lapack_dlarfb
State, th5, TASK, 0.033711, 0.034472, 0.000760, 0.000000, lapack_dtpmqrt
State, th5, TASK, 0.034475, 0.035234, 0.000759, 0.000000, lapack_dtpmqrt
State, th5, TASK, 0.035238, 0.035993, 0.000756, 0.000000, lapack_dtpmqrt
State, th5, TASK, 0.035997, 0.036760, 0.000763, 0.000000, lapack_dtpmqrt
State, th5, TASK, 0.036763, 0.037524, 0.000760, 0.000000, lapack_dtpmqrt
State, th5, TASK, 0.037528, 0.038286, 0.000759, 0.000000, lapack_dtpmqrt
State, th5, TASK, 0.038291, 0.039051, 0.000761, 0.000000, lapack_dtpmqrt
State, th5, TASK, 0.039055, 0.039820, 0.000765, 0.000000, lapack_dtpmqrt
State, th5, TASK, 0.039824, 0.040596, 0.000771, 0.000000, lapack_dtpmqrt
State, th5, TASK, 0.040599, 0.041359, 0.000760, 0.000000, lapack_dtpmqrt
State, th5, TASK, 0.041362, 0.042121, 0.000758, 0.000000, lapack_dtpmqrt
State, th5, TASK, 0.042124, 0.042884, 0.000759, 0.000000, lapack_dtpmqrt
State, th5, TASK, 0.042887, 0.043637, 0.000749, 0.000000, lapack_dtpmqrt
State, th5, TASK, 0.043640, 0.044401, 0.000761, 0.000000, lapack_dtpmqrt
State, th5, TASK, 0.044404, 0.045164, 0.000759, 0.000000, lapack_dtpmqrt
State, th5, TASK, 0.045167, 0.045922, 0.000755, 0.000000, lapack_dtpmqrt
State, th5, TASK, 0.045925, 0.046675, 0.000750, 0.000000, lapack_dtpmqrt
State, th5, TASK, 0.046678, 0.047437, 0.000759, 0.000000, lapack_dtpmqrt
State, th5, TASK, 0.047441, 0.048193, 0.000752, 0.000000, lapack_dtpmqrt
State, th5, TASK, 0.048197, 0.048946, 0.000749, 0.000000, lapack_dtpmqrt
State, th5, TASK, 0.048949, 0.049700, 0.000751, 0.000000, lapack_dtpmqrt
State, th5, TASK, 0.049704, 0.050454, 0.000750, 0.000000, lapack_dtpmqrt
State, th5, TASK, 0.050457, 0.051214, 0.000757, 0.000000, lapack_dtpmqrt
State, th5, TASK, 0.051218, 0.051969, 0.000751, 0.000000, lapack_dtpmqrt
State, th5, TASK, 0.051972, 0.052719, 0.000747, 0.000000, lapack_dtpmqrt
State, th5, TASK, 0.052723, 0.053473, 0.000750, 0.000000, lapack_dtpmqrt
State, th5, TASK, 0.053476, 0.054225, 0.000749, 0.000000, lapack_dtpmqrt
State, th5, TASK, 0.054229, 0.054989, 0.000760, 0.000000, lapack_dtpmqrt
State, th5, TASK, 0.054996, 0.055543, 0.000547, 0.000000, lapack_dtpqrt
State, th5, TASK, 0.055555, 0.056300, 0.000745, 0.000000, lapack_dtpmqrt
State, th5, TASK, 0.056304, 0.056839, 0.000535, 0.000000, lapack_dtpqrt
State, th5, TASK, 0.056849, 0.057597, 0.000748, 0.000000, lapack_dtpmqrt
State, th5, TASK, 0.057600, 0.058350, 0.000749, 0.000000, lapack_dtpmqrt
State, th5, TASK, 0.058353, 0.059122, 0.000769, 0.000000, lapack_dtpmqrt
State, th5, TASK, 0.059127, 0.059901, 0.000774, 0.000000, lapack_dtpmqrt
State, th5, TASK, 0.059904, 0.060685, 0.000781, 0.000000, lapack_dtpmqrt
State, th5, TASK, 0.060689, 0.061468, 0.000779, 0.000000, lapack_dtpmqrt
State, th5, TASK, 0.061472, 0.062233, 0.000761, 0.000000, lapack_dtpmqrt
State, th5, TASK, 0.062237, 0.063007, 0.000770, 0.000000, lapack_dtpmqrt
State, th5, TASK, 0.063010, 0.063763, 0.000753, 0.000000, lapack_dtpmqrt
State, th5, TASK, 0.063766, 0.064535, 0.000769, 0.000000, lapack_dtpmqrt
State, th5, TASK, 0.064538, 0.065304, 0.000765, 0.000000, lapack_dtpmqrt
State, th5, TASK, 0.065308, 0.066066, 0.000758, 0.000000, lapack_dtpmqrt
State, th5, TASK, 0.066069, 0.066827, 0.000758, 0.000000, lapack_dtpmqrt
State, th5, TASK, 0.066830, 0.067596, 0.000765, 0.000000, lapack_dtpmqrt
State, th5, TASK, 0.067599, 0.068362, 0.000763, 0.000000, lapack_dtpmqrt
State, th5, TASK, 0.068366, 0.069121, 0.000755, 0.000000, lapack_dtpmqrt
State, th5, TASK, 0.069124, 0.069868, 0.000744, 0.000000, lapack_dtpmqrt
State, th5, TASK, 0.069871, 0.070617, 0.000746, 0.000000, lapack_dtpmqrt
State, th5, TASK, 0.070621, 0.071385, 0.000764, 0.000000, lapack_dtpmqrt
State, th5, TASK, 0.071389, 0.072147, 0.000758, 0.000000, lapack_dtpmqrt
State, th5, TASK, 0.072151, 0.072914, 0.000763, 0.000000, lapack_dtpmqrt
State, th5, TASK, 0.072917, 0.073664, 0.000746, 0.000000, lapack_dtpmqrt
State, th5, TASK, 0.073667, 0.074410, 0.000743, 0.000000, lapack_dtpmqrt
State, th5, TASK, 0.074414, 0.075173, 0.000759, 0.000000, lapack_dtpmqrt
State, th5, TASK, 0.075177, 0.075727, 0.000549, 0.000000, lapack_dtpqrt
State, th5, TASK, 0.075737, 0.076283, 0.000546, 0.000000, lapack_dtpqrt
State, th5, TASK, 0.076294, 0.076839, 0.000545, 0.000000, lapack_dtpqrt
State, th5, TASK, 0.076850, 0.077650, 0.000800, 0.000000, lapack_dtpmqrt
State, th5, TASK, 0.077653, 0.078438, 0.000784, 0.000000, lapack_dtpmqrt
State, th5, TASK, 0.078441, 0.079232, 0.000791, 0.000000, lapack_dtpmqrt
State, th5, TASK, 0.079236, 0.080017, 0.000782, 0.000000, lapack_dtpmqrt
State, th5, TASK, 0.080021, 0.080779, 0.000758, 0.000000, lapack_dtpmqrt
State, th5, TASK, 0.080783, 0.081530, 0.000748, 0.000000, lapack_dtpmqrt
State, th5, TASK, 0.081533, 0.082282, 0.000749, 0.000000, lapack_dtpmqrt
State, th5, TASK, 0.082285, 0.083045, 0.000760, 0.000000, lapack_dtpmqrt
State, th5, TASK, 0.083049, 0.083820, 0.000771, 0.000000, lapack_dtpmqrt
State, th5, TASK, 0.083823, 0.084589, 0.000766, 0.000000, lapack_dtpmqrt
State, th5, TASK, 0.084593, 0.085360, 0.000767, 0.000000, lapack_dtpmqrt
State, th5, TASK, 0.085365, 0.086129, 0.000765, 0.000000, lapack_dtpmqrt
State, th5, TASK, 0.086133, 0.086905, 0.000772, 0.000000, lapack_dtpmqrt
State, th5, TASK, 0.086910, 0.087657, 0.000747, 0.000000, lapack_dtpmqrt
State, th5, TASK, 0.087661, 0.088409, 0.000749, 0.000000, lapack_dtpmqrt
State, th5, TASK, 0.088413, 0.089158, 0.000745, 0.000000, lapack_dtpmqrt
State, th5, TASK, 0.089162, 0.089933, 0.000770, 0.000000, lapack_dtpmqrt
State, th5, TASK, 0.089936, 0.090697, 0.000761, 0.000000, lapack_dtpmqrt
State, th5, TASK, 0.090700, 0.091463, 0.000763, 0.000000, lapack_dtpmqrt
State, th5, TASK, 0.091466, 0.092220, 0.000753, 0.000000, lapack_dtpmqrt
State, th5, TASK, 0.092223, 0.092965, 0.000741, 0.000000, lapack_dtpmqrt
State, th5, TASK, 0.092968, 0.093714, 0.000745, 0.000000, lapack_dtpmqrt
State, th5, TASK, 0.093717, 0.094461, 0.000744, 0.000000, lapack_dtpmqrt
State, th5, TASK, 0.094465, 0.095219, 0.000754, 0.000000, lapack_dtpmqrt
State, th5, TASK, 0.095222, 0.095982, 0.000760, 0.000000, lapack_dtpmqrt
State, th5, TASK, 0.095986, 0.096738, 0.000752, 0.000000, lapack_dtpmqrt
State, th5, TASK, 0.096741, 0.097493, 0.000751, 0.000000, lapack_dtpmqrt
State, th5, TASK, 0.097497, 0.098246, 0.000749, 0.000000, lapack_dtpmqrt
State, th5, TASK, 0.098249, 0.099011, 0.000762, 0.000000, lapack_dtpmqrt
State, th5, TASK, 0.099015, 0.099772, 0.000757, 0.000000, lapack_dtpmqrt
State, th5, TASK, 0.099776, 0.100536, 0.000759, 0.000000, lapack_dtpmqrt
State, th5, TASK, 0.100539, 0.101298, 0.000759, 0.000000, lapack_dtpmqrt
State, th5, TASK, 0.101304, 0.102089, 0.000785, 0.000000, lapack_dtpmqrt
State, th5, TASK, 0.102093, 0.102861, 0.000768, 0.000000, lapack_dtpmqrt
State, th5, TASK, 0.102865, 0.103638, 0.000773, 0.000000, lapack_dtpmqrt
State, th5, TASK, 0.103642, 0.104413, 0.000771, 0.000000, lapack_dtpmqrt
State, th5, TASK, 0.104417, 0.105192, 0.000775, 0.000000, lapack_dtpmqrt
State, th5, TASK, 0.105196, 0.105963, 0.000767, 0.000000, lapack_dtpmqrt
State, th5, TASK, 0.105967, 0.106741, 0.000773, 0.000000, lapack_dtpmqrt
State, th5, TASK, 0.106744, 0.107533, 0.000789, 0.000000, lapack_dtpmqrt
State, th5, TASK, 0.107537, 0.108311, 0.000774, 0.000000, lapack_dtpmqrt
State, th5, TASK, 0.108315, 0.109114, 0.000799, 0.000000, lapack_dtpmqrt
State, th5, TASK, 0.109118, 0.109907, 0.000789, 0.000000, lapack_dtpmqrt
State, th5, TASK, 0.109911, 0.110699, 0.000787, 0.000000, lapack_dtpmqrt
State, th5, TASK, 0.110702, 0.111493, 0.000791, 0.000000, lapack_dtpmqrt
State, th5, TASK, 0.111497, 0.112268, 0.000771, 0.000000, lapack_dtpmqrt
State, th5, TASK, 0.112272, 0.113039, 0.000768, 0.000000, lapack_dtpmqrt
State, th5, TASK, 0.113043, 0.113809, 0.000766, 0.000000, lapack_dtpmqrt
State, th5, TASK, 0.113812, 0.114580, 0.000767, 0.000000, lapack_dtpmqrt
State, th5, TASK, 0.114583, 0.115361, 0.000778, 0.000000, lapack_dtpmqrt
State, th5, TASK, 0.115365, 0.116138, 0.000773, 0.000000, lapack_dtpmqrt
State, th5, TASK, 0.116142, 0.116926, 0.000784, 0.000000, lapack_dtpmqrt
State, th5, TASK, 0.116930, 0.117702, 0.000772, 0.000000, lapack_dtpmqrt
State, th5, TASK, 0.117707, 0.118476, 0.000769, 0.000000, lapack_dtpmqrt
State, th5, TASK, 0.118480, 0.119263, 0.000784, 0.000000, lapack_dtpmqrt
State, th5, TASK, 0.119267, 0.120040, 0.000773, 0.000000, lapack_dtpmqrt
State, th5, TASK, 0.120044, 0.120809, 0.000766, 0.000000, lapack_dtpmqrt
State, th5, TASK, 0.120813, 0.121580, 0.000767, 0.000000, lapack_dtpmqrt
State, th5, TASK, 0.121584, 0.122347, 0.000762, 0.000000, lapack_dtpmqrt
State, th5, TASK, 0.122351, 0.123120, 0.000769, 0.000000, lapack_dtpmqrt
State, th5, TASK, 0.123124, 0.123881, 0.000757, 0.000000, lapack_dtpmqrt
State, th5, TASK, 0.123886, 0.124644, 0.000758, 0.000000, lapack_dtpmqrt
State, th5, TASK, 0.124650, 0.125189, 0.000540, 0.000000, lapack_dtpqrt
State, th5, TASK, 0.125203, 0.125947, 0.000744, 0.000000, lapack_dtpmqrt
State, th5, TASK, 0.125950, 0.126699, 0.000749, 0.000000, lapack_dtpmqrt
State, th5, TASK, 0.126702, 0.127453, 0.000750, 0.000000, lapack_dtpmqrt
State, th5, TASK, 0.127455, 0.128205, 0.000749, 0.000000, lapack_dtpmqrt
State, th5, TASK, 0.128208, 0.128953, 0.000745, 0.000000, lapack_dtpmqrt
State, th5, TASK, 0.128958, 0.129708, 0.000750, 0.000000, lapack_dtpmqrt
State, th5, TASK, 0.129712, 0.130459, 0.000747, 0.000000, lapack_dtpmqrt
State, th5, TASK, 0.130462, 0.131213, 0.000750, 0.000000, lapack_dtpmqrt
State, th5, TASK, 0.131216, 0.131958, 0.000742, 0.000000, lapack_dtpmqrt
State, th5, TASK, 0.131962, 0.132705, 0.000744, 0.000000, lapack_dtpmqrt
State, th5, TASK, 0.132709, 0.133455, 0.000746, 0.000000, lapack_dtpmqrt
State, th5, TASK, 0.133458, 0.134201, 0.000743, 0.000000, lapack_dtpmqrt
State, th5, TASK, 0.134205, 0.134951, 0.000746, 0.000000, lapack_dtpmqrt
State, th5, TASK, 0.134955, 0.135699, 0.000744, 0.000000, lapack_dtpmqrt
State, th5, TASK, 0.135702, 0.136443, 0.000741, 0.000000, lapack_dtpmqrt
State, th5, TASK, 0.136446, 0.137187, 0.000741, 0.000000, lapack_dtpmqrt
State, th5, TASK, 0.137191, 0.137932, 0.000741, 0.000000, lapack_dtpmqrt
State, th5, TASK, 0.137936, 0.138680, 0.000744, 0.000000, lapack_dtpmqrt
State, th5, TASK, 0.138683, 0.139431, 0.000748, 0.000000, lapack_dtpmqrt
State, th5, TASK, 0.139435, 0.140182, 0.000747, 0.000000, lapack_dtpmqrt
State, th5, TASK, 0.140186, 0.140957, 0.000771, 0.000000, lapack_dtpmqrt
State, th5, TASK, 0.140960, 0.141732, 0.000772, 0.000000, lapack_dtpmqrt
State, th5, TASK, 0.141736, 0.142510, 0.000774, 0.000000, lapack_dtpmqrt
State, th5, TASK, 0.142514, 0.143299, 0.000785, 0.000000, lapack_dtpmqrt
State, th5, TASK, 0.143302, 0.144088, 0.000786, 0.000000, lapack_dtpmqrt
State, th5, TASK, 0.144092, 0.144878, 0.000786, 0.000000, lapack_dtpmqrt
State, th5, TASK, 0.144881, 0.145654, 0.000773, 0.000000, lapack_dtpmqrt
State, th5, TASK, 0.145658, 0.146434, 0.000776, 0.000000, lapack_dtpmqrt
State, th5, TASK, 0.146438, 0.147219, 0.000781, 0.000000, lapack_dtpmqrt
State, th5, TASK, 0.147223, 0.147997, 0.000775, 0.000000, lapack_dtpmqrt
State, th5, TASK, 0.148000, 0.148771, 0.000771, 0.000000, lapack_dtpmqrt
State, th5, TASK, 0.148774, 0.149552, 0.000777, 0.000000, lapack_dtpmqrt
State, th5, TASK, 0.149555, 0.150321, 0.000767, 0.000000, lapack_dtpmqrt
State, th5, TASK, 0.150325, 0.151093, 0.000768, 0.000000, lapack_dtpmqrt
State, th5, TASK, 0.151096, 0.151860, 0.000764, 0.000000, lapack_dtpmqrt
State, th5, TASK, 0.151864, 0.152636, 0.000772, 0.000000, lapack_dtpmqrt
State, th5, TASK, 0.152639, 0.153405, 0.000766, 0.000000, lapack_dtpmqrt
State, th5, TASK, 0.153408, 0.154169, 0.000760, 0.000000, lapack_dtpmqrt
State, th5, TASK, 0.154172, 0.154938, 0.000766, 0.000000, lapack_dtpmqrt
State, th5, TASK, 0.154941, 0.155705, 0.000764, 0.000000, lapack_dtpmqrt
State, th5, TASK, 0.155708, 0.156475, 0.000767, 0.000000, lapack_dtpmqrt
State, th5, TASK, 0.156478, 0.157237, 0.000759, 0.000000, lapack_dtpmqrt
State, th5, TASK, 0.157241, 0.158002, 0.000761, 0.000000, lapack_dtpmqrt
State, th5, TASK, 0.158005, 0.158755, 0.000750, 0.000000, lapack_dtpmqrt
State, th5, TASK, 0.158759, 0.159513, 0.000754, 0.000000, lapack_dtpmqrt
State, th5, TASK, 0.159516, 0.160257, 0.000741, 0.000000, lapack_dtpmqrt
State, th5, TASK, 0.160261, 0.161004, 0.000743, 0.000000, lapack_dtpmqrt
State, th5, TASK, 0.161008, 0.161752, 0.000745, 0.000000, lapack_dtpmqrt
State, th5, TASK, 0.161756, 0.162503, 0.000747, 0.000000, lapack_dtpmqrt
State, th5, TASK, 0.162506, 0.163255, 0.000749, 0.000000, lapack_dtpmqrt
State, th5, TASK, 0.163258, 0.163997, 0.000739, 0.000000, lapack_dtpmqrt
State, th5, TASK, 0.164002, 0.164793, 0.000791, 0.000000, lapack_dtpmqrt
State, th5, TASK, 0.164797, 0.165579, 0.000782, 0.000000, lapack_dtpmqrt
State, th5, TASK, 0.165582, 0.166370, 0.000788, 0.000000, lapack_dtpmqrt
State, th5, TASK, 0.166374, 0.167163, 0.000788, 0.000000, lapack_dtpmqrt
State, th5, TASK, 0.167166, 0.167937, 0.000770, 0.000000, lapack_dtpmqrt
State, th5, TASK, 0.167940, 0.168712, 0.000771, 0.000000, lapack_dtpmqrt
State, th5, TASK, 0.168715, 0.169492, 0.000776, 0.000000, lapack_dtpmqrt
State, th5, TASK, 0.169495, 0.170273, 0.000777, 0.000000, lapack_dtpmqrt
State, th5, TASK, 0.170276, 0.171051, 0.000775, 0.000000, lapack_dtpmqrt
State, th5, TASK, 0.171298, 0.172058, 0.000760, 0.000000, lapack_dtpmqrt
State, th5, TASK, 0.172062, 0.172808, 0.000746, 0.000000, lapack_dtpmqrt
State, th5, TASK, 0.172812, 0.173558, 0.000746, 0.000000, lapack_dtpmqrt
State, th5, TASK, 0.173562, 0.174316, 0.000754, 0.000000, lapack_dtpmqrt
State, th5, TASK, 0.174320, 0.175074, 0.000754, 0.000000, lapack_dtpmqrt
State, th5, TASK, 0.175078, 0.175827, 0.000749, 0.000000, lapack_dtpmqrt
State, th5, TASK, 0.175830, 0.176580, 0.000750, 0.000000, lapack_dtpmqrt
State, th5, TASK, 0.176585, 0.177354, 0.000768, 0.000000, lapack_dtpmqrt
State, th5, TASK, 0.177358, 0.178123, 0.000766, 0.000000, lapack_dtpmqrt
State, th5, TASK, 0.178127, 0.178895, 0.000768, 0.000000, lapack_dtpmqrt
State, th5, TASK, 0.178898, 0.179662, 0.000763, 0.000000, lapack_dtpmqrt
State, th5, TASK, 0.179665, 0.180427, 0.000762, 0.000000, lapack_dtpmqrt
State, th5, TASK, 0.180431, 0.181195, 0.000764, 0.000000, lapack_dtpmqrt
State, th5, TASK, 0.181198, 0.181962, 0.000764, 0.000000, lapack_dtpmqrt
State, th5, TASK, 0.181966, 0.182729, 0.000763, 0.000000, lapack_dtpmqrt
State, th5, TASK, 0.182733, 0.183499, 0.000766, 0.000000, lapack_dtpmqrt
State, th5, TASK, 0.183504, 0.184273, 0.000769, 0.000000, lapack_dtpmqrt
State, th5, TASK, 0.184276, 0.185037, 0.000761, 0.000000, lapack_dtpmqrt
State, th5, TASK, 0.185040, 0.185808, 0.000767, 0.000000, lapack_dtpmqrt
State, th5, TASK, 0.185811, 0.186567, 0.000756, 0.000000, lapack_dtpmqrt
State, th5, TASK, 0.186571, 0.187330, 0.000760, 0.000000, lapack_dtpmqrt
State, th5, TASK, 0.187334, 0.188090, 0.000756, 0.000000, lapack_dtpmqrt
State, th5, TASK, 0.188093, 0.188843, 0.000750, 0.000000, lapack_dtpmqrt
State, th5, TASK, 0.188846, 0.189601, 0.000755, 0.000000, lapack_dtpmqrt
State, th5, TASK, 0.189605, 0.190362, 0.000758, 0.000000, lapack_dtpmqrt
State, th5, TASK, 0.190366, 0.191132, 0.000766, 0.000000, lapack_dtpmqrt
State, th5, TASK, 0.191136, 0.191887, 0.000751, 0.000000, lapack_dtpmqrt
State, th5, TASK, 0.191890, 0.192641, 0.000751, 0.000000, lapack_dtpmqrt
State, th5, TASK, 0.192645, 0.193399, 0.000754, 0.000000, lapack_dtpmqrt
State, th5, TASK, 0.193403, 0.194156, 0.000754, 0.000000, lapack_dtpmqrt
State, th5, TASK, 0.194160, 0.194916, 0.000756, 0.000000, lapack_dtpmqrt
State, th5, TASK, 0.195034, 0.195600, 0.000566, 0.000000, lapack_dtpqrt
State, th5, TASK, 0.195610, 0.196157, 0.000548, 0.000000, lapack_dtpqrt
State, th5, TASK, 0.196167, 0.196716, 0.000549, 0.000000, lapack_dtpqrt
State, th5, TASK, 0.196726, 0.197280, 0.000553, 0.000000, lapack_dtpqrt
State, th5, TASK, 0.197289, 0.197835, 0.000546, 0.000000, lapack_dtpqrt
State, th5, TASK, 0.197844, 0.198393, 0.000549, 0.000000, lapack_dtpqrt
State, th5, TASK, 0.198403, 0.198954, 0.000551, 0.000000, lapack_dtpqrt
State, th5, TASK, 0.198963, 0.199502, 0.000539, 0.000000, lapack_dtpqrt
State, th5, TASK, 0.199511, 0.200050, 0.000539, 0.000000, lapack_dtpqrt
State, th5, TASK, 0.200059, 0.200600, 0.000541, 0.000000, lapack_dtpqrt
State, th5, TASK, 0.200610, 0.201163, 0.000553, 0.000000, lapack_dtpqrt
State, th5, TASK, 0.201172, 0.201709, 0.000538, 0.000000, lapack_dtpqrt
State, th5, TASK, 0.201719, 0.202264, 0.000545, 0.000000, lapack_dtpqrt
State, th5, TASK, 0.202273, 0.202831, 0.000557, 0.000000, lapack_dtpqrt
State, th5, TASK, 0.202840, 0.203383, 0.000543, 0.000000, lapack_dtpqrt
State, th5, TASK, 0.203393, 0.203938, 0.000544, 0.000000, lapack_dtpqrt
State, th5, TASK, 0.203948, 0.204488, 0.000540, 0.000000, lapack_dtpqrt
State, th5, TASK, 0.204499, 0.205041, 0.000542, 0.000000, lapack_dtpqrt
State, th5, TASK, 0.205051, 0.205589, 0.000538, 0.000000, lapack_dtpqrt
State, th5, TASK, 0.205597, 0.206140, 0.000543, 0.000000, lapack_dtpqrt
State, th5, TASK, 0.206150, 0.206688, 0.000539, 0.000000, lapack_dtpqrt
State, th5, TASK, 0.206697, 0.207441, 0.000745, 0.000000, lapack_dtpqrt
State, th5, TASK, 0.207450, 0.208185, 0.000735, 0.000000, lapack_dtpqrt
State, th5, TASK, 0.208196, 0.208966, 0.000771, 0.000000, lapack_dtpmqrt
State, th5, TASK, 0.208970, 0.209727, 0.000757, 0.000000, lapack_dtpmqrt
State, th5, TASK, 0.209731, 0.210489, 0.000758, 0.000000, lapack_dtpmqrt
State, th5, TASK, 0.210492, 0.211260, 0.000768, 0.000000, lapack_dtpmqrt
State, th5, TASK, 0.211263, 0.212026, 0.000762, 0.000000, lapack_dtpmqrt
State, th5, TASK, 0.212029, 0.212790, 0.000762, 0.000000, lapack_dtpmqrt
State, th5, TASK, 0.212794, 0.213557, 0.000763, 0.000000, lapack_dtpmqrt
State, th5, TASK, 0.213560, 0.214315, 0.000755, 0.000000, lapack_dtpmqrt
State, th5, TASK, 0.214319, 0.215082, 0.000762, 0.000000, lapack_dtpmqrt
State, th5, TASK, 0.215086, 0.215849, 0.000764, 0.000000, lapack_dtpmqrt
State, th5, TASK, 0.216357, 0.217123, 0.000766, 0.000000, lapack_dtpmqrt
State, th5, TASK, 0.217127, 0.217884, 0.000758, 0.000000, lapack_dtpmqrt
State, th5, TASK, 0.217888, 0.218648, 0.000760, 0.000000, lapack_dtpmqrt
State, th5, TASK, 0.218652, 0.219419, 0.000767, 0.000000, lapack_dtpmqrt
State, th5, TASK, 0.219422, 0.220180, 0.000758, 0.000000, lapack_dtpmqrt
State, th5, TASK, 0.220184, 0.220947, 0.000763, 0.000000, lapack_dtpmqrt
State, th5, TASK, 0.220952, 0.221712, 0.000761, 0.000000, lapack_dtpmqrt
State, th5, TASK, 0.221716, 0.222466, 0.000750, 0.000000, lapack_dtpmqrt
State, th5, TASK, 0.222470, 0.223231, 0.000761, 0.000000, lapack_dtpmqrt
State, th5, TASK, 0.223235, 0.223987, 0.000752, 0.000000, lapack_dtpmqrt
State, th5, TASK, 0.223991, 0.224745, 0.000755, 0.000000, lapack_dtpmqrt
State, th5, TASK, 0.224749, 0.225501, 0.000752, 0.000000, lapack_dtpmqrt
State, th5, TASK, 0.225505, 0.226256, 0.000751, 0.000000, lapack_dtpmqrt
State, th5, TASK, 0.226259, 0.227021, 0.000762, 0.000000, lapack_dtpmqrt
State, th5, TASK, 0.227026, 0.227782, 0.000756, 0.000000, lapack_dtpmqrt
State, th5, TASK, 0.227786, 0.228538, 0.000752, 0.000000, lapack_dtpmqrt
State, th5, TASK, 0.228542, 0.229293, 0.000751, 0.000000, lapack_dtpmqrt
State, th5, TASK, 0.229296, 0.230050, 0.000754, 0.000000, lapack_dtpmqrt
State, th5, TASK, 0.230054, 0.230802, 0.000748, 0.000000, lapack_dtpmqrt
State, th5, TASK, 0.230806, 0.231557, 0.000751, 0.000000, lapack_dtpmqrt
State, th5, TASK, 0.231561, 0.232321, 0.000760, 0.000000, lapack_dtpmqrt
State, th5, TASK, 0.232324, 0.233085, 0.000760, 0.000000, lapack_dtpmqrt
State, th5, TASK, 0.233088, 0.233846, 0.000757, 0.000000, lapack_dtpmqrt
State, th5, TASK, 0.233850, 0.234602, 0.000752, 0.000000, lapack_dtpmqrt
State, th5, TASK, 0.234679, 0.235468, 0.000789, 0.000000, lapack_dtpmqrt
State, th5, TASK, 0.235515, 0.236085, 0.000570, 0.000000, lapack_dtpqrt
State, th5, TASK, 0.236094, 0.236645, 0.000551, 0.000000, lapack_dtpqrt
State, th5, TASK, 0.236654, 0.237204, 0.000551, 0.000000, lapack_dtpqrt
State, th5, TASK, 0.237213, 0.237763, 0.000550, 0.000000, lapack_dtpqrt
State, th5, TASK, 0.237771, 0.238311, 0.000540, 0.000000, lapack_dtpqrt
State, th5, TASK, 0.238320, 0.238880, 0.000561, 0.000000, lapack_dtpqrt
State, th5, TASK, 0.238889, 0.239439, 0.000549, 0.000000, lapack_dtpqrt
State, th5, TASK, 0.239449, 0.240001, 0.000553, 0.000000, lapack_dtpqrt
State, th5, TASK, 0.240010, 0.240554, 0.000544, 0.000000, lapack_dtpqrt
State, th5, TASK, 0.240562, 0.241108, 0.000546, 0.000000, lapack_dtpqrt
State, th5, TASK, 0.241117, 0.241659, 0.000542, 0.000000, lapack_dtpqrt
State, th5, TASK, 0.241667, 0.242215, 0.000548, 0.000000, lapack_dtpqrt
State, th5, TASK, 0.242224, 0.242772, 0.000547, 0.000000, lapack_dtpqrt
State, th5, TASK, 0.242781, 0.243335, 0.000554, 0.000000, lapack_dtpqrt
State, th5, TASK, 0.243345, 0.243902, 0.000557, 0.000000, lapack_dtpqrt
State, th5, TASK, 0.243910, 0.244455, 0.000544, 0.000000, lapack_dtpqrt
State, th5, TASK, 0.244466, 0.245066, 0.000601, 0.000000, lapack_dgeqrt
State, th5, TASK, 0.245080, 0.245494, 0.000414, 0.000000, lapack_dlarfb
State, th5, TASK, 0.245498, 0.245908, 0.000410, 0.000000, lapack_dlarfb
State, th5, TASK, 0.245911, 0.246333, 0.000422, 0.000000, lapack_dlarfb
State, th5, TASK, 0.246336, 0.246751, 0.000415, 0.000000, lapack_dlarfb
State, th5, TASK, 0.246753, 0.247182, 0.000428, 0.000000, lapack_dlarfb
State, th5, TASK, 0.247185, 0.247599, 0.000414, 0.000000, lapack_dlarfb
State, th5, TASK, 0.247603, 0.248029, 0.000426, 0.000000, lapack_dlarfb
State, th5, TASK, 0.248032, 0.248448, 0.000415, 0.000000, lapack_dlarfb
State, th5, TASK, 0.248451, 0.248863, 0.000413, 0.000000, lapack_dlarfb
State, th5, TASK, 0.248867, 0.249278, 0.000412, 0.000000, lapack_dlarfb
State, th5, TASK, 0.249281, 0.249692, 0.000411, 0.000000, lapack_dlarfb
State, th5, TASK, 0.249696, 0.250111, 0.000415, 0.000000, lapack_dlarfb
State, th5, TASK, 0.250114, 0.250538, 0.000424, 0.000000, lapack_dlarfb
State, th5, TASK, 0.250643, 0.251410, 0.000767, 0.000000, lapack_dtpmqrt
State, th5, TASK, 0.251414, 0.252164, 0.000749, 0.000000, lapack_dtpmqrt
State, th5, TASK, 0.252167, 0.252926, 0.000759, 0.000000, lapack_dtpmqrt
State, th5, TASK, 0.252930, 0.253692, 0.000762, 0.000000, lapack_dtpmqrt
State, th5, TASK, 0.253696, 0.254457, 0.000760, 0.000000, lapack_dtpmqrt
State, th5, TASK, 0.254460, 0.255227, 0.000767, 0.000000, lapack_dtpmqrt
State, th5, TASK, 0.255231, 0.255995, 0.000764, 0.000000, lapack_dtpmqrt
State, th5, TASK, 0.255998, 0.256759, 0.000761, 0.000000, lapack_dtpmqrt
State, th5, TASK, 0.256762, 0.257525, 0.000763, 0.000000, lapack_dtpmqrt
State, th5, TASK, 0.257530, 0.258282, 0.000752, 0.000000, lapack_dtpmqrt
State, th5, TASK, 0.258285, 0.259046, 0.000761, 0.000000, lapack_dtpmqrt
State, th5, TASK, 0.259050, 0.259810, 0.000761, 0.000000, lapack_dtpmqrt
State, th5, TASK, 0.259814, 0.260571, 0.000757, 0.000000, lapack_dtpmqrt
State, th5, TASK, 0.260575, 0.261328, 0.000753, 0.000000, lapack_dtpmqrt
State, th5, TASK, 0.261340, 0.262094, 0.000754, 0.000000, lapack_dtpmqrt
State, th5, TASK, 0.262097, 0.262846, 0.000749, 0.000000, lapack_dtpmqrt
State, th5, TASK, 0.262850, 0.263604, 0.000754, 0.000000, lapack_dtpmqrt
State, th5, TASK, 0.263608, 0.264366, 0.000758, 0.000000, lapack_dtpmqrt
State, th5, TASK, 0.264369, 0.265121, 0.000752, 0.000000, lapack_dtpmqrt
State, th5, TASK, 0.265124, 0.265900, 0.000777, 0.000000, lapack_dtpmqrt
State, th5, TASK, 0.265904, 0.266684, 0.000780, 0.000000, lapack_dtpmqrt
State, th5, TASK, 0.266687, 0.267463, 0.000776, 0.000000, lapack_dtpmqrt
State, th5, TASK, 0.267466, 0.268243, 0.000777, 0.000000, lapack_dtpmqrt
State, th5, TASK, 0.268247, 0.269016, 0.000769, 0.000000, lapack_dtpmqrt
State, th5, TASK, 0.269019, 0.269782, 0.000762, 0.000000, lapack_dtpmqrt
State, th5, TASK, 0.269785, 0.270551, 0.000765, 0.000000, lapack_dtpmqrt
State, th5, TASK, 0.270554, 0.271340, 0.000786, 0.000000, lapack_dtpmqrt
State, th5, TASK, 0.271344, 0.272108, 0.000764, 0.000000, lapack_dtpmqrt
State, th5, TASK, 0.272111, 0.272877, 0.000766, 0.000000, lapack_dtpmqrt
State, th5, TASK, 0.272881, 0.273657, 0.000776, 0.000000, lapack_dtpmqrt
State, th5, TASK, 0.273661, 0.274421, 0.000760, 0.000000, lapack_dtpmqrt
State, th5, TASK, 0.274425, 0.275192, 0.000767, 0.000000, lapack_dtpmqrt
State, th5, TASK, 0.275195, 0.275957, 0.000762, 0.000000, lapack_dtpmqrt
State, th5, TASK, 0.275961, 0.276720, 0.000759, 0.000000, lapack_dtpmqrt
State, th5, TASK, 0.276723, 0.277485, 0.000762, 0.000000, lapack_dtpmqrt
State, th5, TASK, 0.277488, 0.278250, 0.000762, 0.000000, lapack_dtpmqrt
State, th5, TASK, 0.278535, 0.279291, 0.000756, 0.000000, lapack_dtpmqrt
State, th5, TASK, 0.279295, 0.280044, 0.000749, 0.000000, lapack_dtpmqrt
State, th5, TASK, 0.280047, 0.280804, 0.000757, 0.000000, lapack_dtpmqrt
State, th5, TASK, 0.280807, 0.281564, 0.000757, 0.000000, lapack_dtpmqrt
State, th5, TASK, 0.281568, 0.282322, 0.000754, 0.000000, lapack_dtpmqrt
State, th5, TASK, 0.282326, 0.283083, 0.000757, 0.000000, lapack_dtpmqrt
State, th5, TASK, 0.283086, 0.283839, 0.000753, 0.000000, lapack_dtpmqrt
State, th5, TASK, 0.283843, 0.284595, 0.000752, 0.000000, lapack_dtpmqrt
State, th5, TASK, 0.284599, 0.285357, 0.000758, 0.000000, lapack_dtpmqrt
State, th5, TASK, 0.285361, 0.286118, 0.000757, 0.000000, lapack_dtpmqrt
State, th5, TASK, 0.286121, 0.286881, 0.000760, 0.000000, lapack_dtpmqrt
State, th5, TASK, 0.286884, 0.287638, 0.000753, 0.000000, lapack_dtpmqrt
State, th5, TASK, 0.287736, 0.288505, 0.000768, 0.000000, lapack_dtpmqrt
State, th5, TASK, 0.288508, 0.289272, 0.000763, 0.000000, lapack_dtpmqrt
State, th5, TASK, 0.289275, 0.290033, 0.000758, 0.000000, lapack_dtpmqrt
State, th5, TASK, 0.290259, 0.291019, 0.000760, 0.000000, lapack_dtpmqrt
State, th5, TASK, 0.291023, 0.291775, 0.000752, 0.000000, lapack_dtpmqrt
State, th5, TASK, 0.291779, 0.292528, 0.000749, 0.000000, lapack_dtpmqrt
State, th5, TASK, 0.292531, 0.293285, 0.000754, 0.000000, lapack_dtpmqrt
State, th5, TASK, 0.293288, 0.294042, 0.000754, 0.000000, lapack_dtpmqrt
State, th5, TASK, 0.294045, 0.294790, 0.000744, 0.000000, lapack_dtpmqrt
State, th5, TASK, 0.294794, 0.295542, 0.000747, 0.000000, lapack_dtpmqrt
State, th5, TASK, 0.295545, 0.296288, 0.000743, 0.000000, lapack_dtpmqrt
State, th5, TASK, 0.296291, 0.297032, 0.000740, 0.000000, lapack_dtpmqrt
State, th5, TASK, 0.297035, 0.297775, 0.000740, 0.000000, lapack_dtpmqrt
State, th5, TASK, 0.297779, 0.298515, 0.000736, 0.000000, lapack_dtpmqrt
State, th5, TASK, 0.298518, 0.299270, 0.000752, 0.000000, lapack_dtpmqrt
State, th5, TASK, 0.299274, 0.300018, 0.000744, 0.000000, lapack_dtpmqrt
State, th5, TASK, 0.300040, 0.300797, 0.000758, 0.000000, lapack_dtpmqrt
State, th5, TASK, 0.300801, 0.301552, 0.000751, 0.000000, lapack_dtpmqrt
State, th5, TASK, 0.301775, 0.302534, 0.000759, 0.000000, lapack_dtpmqrt
State, th5, TASK, 0.302538, 0.303310, 0.000771, 0.000000, lapack_dtpmqrt
State, th5, TASK, 0.303313, 0.304075, 0.000762, 0.000000, lapack_dtpmqrt
State, th5, TASK, 0.304079, 0.304841, 0.000763, 0.000000, lapack_dtpmqrt
State, th5, TASK, 0.304845, 0.305601, 0.000756, 0.000000, lapack_dtpmqrt
State, th5, TASK, 0.305604, 0.306360, 0.000756, 0.000000, lapack_dtpmqrt
State, th5, TASK, 0.306364, 0.307133, 0.000769, 0.000000, lapack_dtpmqrt
State, th5, TASK, 0.307137, 0.307903, 0.000767, 0.000000, lapack_dtpmqrt
State, th5, TASK, 0.307906, 0.308668, 0.000762, 0.000000, lapack_dtpmqrt
State, th5, TASK, 0.308671, 0.309430, 0.000758, 0.000000, lapack_dtpmqrt
State, th5, TASK, 0.309434, 0.310198, 0.000765, 0.000000, lapack_dtpmqrt
State, th5, TASK, 0.310202, 0.310966, 0.000764, 0.000000, lapack_dtpmqrt
State, th5, TASK, 0.310970, 0.311731, 0.000762, 0.000000, lapack_dtpmqrt
State, th5, TASK, 0.311735, 0.312491, 0.000756, 0.000000, lapack_dtpmqrt
State, th5, TASK, 0.312494, 0.313249, 0.000755, 0.000000, lapack_dtpmqrt
State, th5, TASK, 0.313267, 0.314018, 0.000751, 0.000000, lapack_dtpmqrt
State, th5, TASK, 0.314061, 0.314838, 0.000777, 0.000000, lapack_dtpmqrt
State, th5, TASK, 0.314842, 0.315619, 0.000777, 0.000000, lapack_dtpmqrt
State, th5, TASK, 0.315623, 0.316384, 0.000762, 0.000000, lapack_dtpmqrt
State, th5, TASK, 0.316387, 0.317149, 0.000762, 0.000000, lapack_dtpmqrt
State, th5, TASK, 0.317153, 0.317919, 0.000766, 0.000000, lapack_dtpmqrt
State, th5, TASK, 0.317922, 0.318686, 0.000764, 0.000000, lapack_dtpmqrt
State, th5, TASK, 0.318690, 0.319461, 0.000771, 0.000000, lapack_dtpmqrt
State, th5, TASK, 0.319465, 0.320227, 0.000762, 0.000000, lapack_dtpmqrt
State, th5, TASK, 0.320230, 0.320999, 0.000768, 0.000000, lapack_dtpmqrt
State, th5, TASK, 0.321002, 0.321761, 0.000759, 0.000000, lapack_dtpmqrt
State, th5, TASK, 0.321765, 0.322527, 0.000762, 0.000000, lapack_dtpmqrt
State, th5, TASK, 0.322531, 0.323287, 0.000757, 0.000000, lapack_dtpmqrt
State, th5, TASK, 0.323300, 0.324056, 0.000757, 0.000000, lapack_dtpmqrt
State, th5, TASK, 0.324060, 0.324828, 0.000768, 0.000000, lapack_dtpmqrt
State, th5, TASK, 0.324831, 0.325598, 0.000767, 0.000000, lapack_dtpmqrt
State, th5, TASK, 0.325602, 0.326369, 0.000767, 0.000000, lapack_dtpmqrt
State, th5, TASK, 0.326376, 0.327152, 0.000776, 0.000000, lapack_dtpmqrt
State, th5, TASK, 0.327156, 0.327918, 0.000762, 0.000000, lapack_dtpmqrt
State, th5, TASK, 0.327921, 0.328686, 0.000765, 0.000000, lapack_dtpmqrt
State, th5, TASK, 0.328690, 0.329453, 0.000763, 0.000000, lapack_dtpmqrt
State, th5, TASK, 0.329457, 0.330220, 0.000764, 0.000000, lapack_dtpmqrt
State, th5, TASK, 0.330887, 0.331636, 0.000749, 0.000000, lapack_dtpmqrt
State, th5, TASK, 0.331640, 0.332384, 0.000744, 0.000000, lapack_dtpmqrt
State, th5, TASK, 0.332389, 0.333130, 0.000741, 0.000000, lapack_dtpmqrt
State, th5, TASK, 0.333133, 0.333874, 0.000741, 0.000000, lapack_dtpmqrt
State, th5, TASK, 0.333877, 0.334619, 0.000742, 0.000000, lapack_dtpmqrt
State, th5, TASK, 0.334622, 0.335377, 0.000755, 0.000000, lapack_dtpmqrt
State, th5, TASK, 0.335380, 0.336121, 0.000741, 0.000000, lapack_dtpmqrt
State, th5, TASK, 0.336125, 0.336874, 0.000749, 0.000000, lapack_dtpmqrt
State, th5, TASK, 0.336878, 0.337625, 0.000747, 0.000000, lapack_dtpmqrt
State, th5, TASK, 0.337628, 0.338372, 0.000744, 0.000000, lapack_dtpmqrt
State, th5, TASK, 0.338375, 0.339139, 0.000763, 0.000000, lapack_dtpmqrt
State, th5, TASK, 0.339143, 0.339896, 0.000754, 0.000000, lapack_dtpmqrt
State, th5, TASK, 0.339899, 0.340653, 0.000753, 0.000000, lapack_dtpmqrt
State, th5, TASK, 0.340656, 0.341419, 0.000763, 0.000000, lapack_dtpmqrt
State, th5, TASK, 0.341429, 0.342193, 0.000763, 0.000000, lapack_dtpmqrt
State, th5, TASK, 0.342196, 0.342949, 0.000753, 0.000000, lapack_dtpmqrt
State, th5, TASK, 0.342953, 0.343699, 0.000746, 0.000000, lapack_dtpmqrt
State, th5, TASK, 0.343738, 0.344495, 0.000757, 0.000000, lapack_dtpmqrt
State, th5, TASK, 0.344499, 0.345249, 0.000750, 0.000000, lapack_dtpmqrt
State, th5, TASK, 0.345252, 0.346002, 0.000750, 0.000000, lapack_dtpmqrt
State, th5, TASK, 0.346006, 0.346752, 0.000747, 0.000000, lapack_dtpmqrt
State, th5, TASK, 0.346756, 0.347512, 0.000757, 0.000000, lapack_dtpmqrt
State, th5, TASK, 0.347516, 0.348261, 0.000746, 0.000000, lapack_dtpmqrt
State, th5, TASK, 0.348264, 0.349014, 0.000749, 0.000000, lapack_dtpmqrt
State, th5, TASK, 0.349022, 0.349771, 0.000749, 0.000000, lapack_dtpmqrt
State, th5, TASK, 0.349775, 0.350522, 0.000747, 0.000000, lapack_dtpmqrt
State, th5, TASK, 0.350904, 0.351653, 0.000749, 0.000000, lapack_dtpmqrt
State, th5, TASK, 0.351657, 0.352398, 0.000741, 0.000000, lapack_dtpmqrt
State, th5, TASK, 0.352401, 0.353142, 0.000741, 0.000000, lapack_dtpmqrt
State, th5, TASK, 0.353145, 0.353890, 0.000745, 0.000000, lapack_dtpmqrt
State, th5, TASK, 0.353894, 0.354642, 0.000749, 0.000000, lapack_dtpmqrt
State, th5, TASK, 0.354645, 0.355392, 0.000746, 0.000000, lapack_dtpmqrt
State, th5, TASK, 0.355767, 0.356533, 0.000765, 0.000000, lapack_dtpmqrt
State, th5, TASK, 0.356536, 0.357291, 0.000754, 0.000000, lapack_dtpmqrt
State, th5, TASK, 0.357295, 0.358040, 0.000745, 0.000000, lapack_dtpmqrt
State, th5, TASK, 0.358043, 0.358789, 0.000746, 0.000000, lapack_dtpmqrt
State, th5, TASK, 0.358793, 0.359555, 0.000762, 0.000000, lapack_dtpmqrt
State, th5, TASK, 0.359559, 0.360329, 0.000770, 0.000000, lapack_dtpmqrt
State, th5, TASK, 0.360364, 0.361129, 0.000765, 0.000000, lapack_dtpmqrt
State, th5, TASK, 0.361158, 0.361934, 0.000776, 0.000000, lapack_dtpmqrt
State, th5, TASK, 0.361938, 0.362695, 0.000757, 0.000000, lapack_dtpmqrt
State, th5, TASK, 0.362699, 0.363486, 0.000787, 0.000000, lapack_dtpmqrt
State, th5, TASK, 0.363491, 0.364277, 0.000786, 0.000000, lapack_dtpmqrt
State, th5, TASK, 0.364285, 0.364703, 0.000417, 0.000000, lapack_dlarfb
State, th5, TASK, 0.364970, 0.365711, 0.000741, 0.000000, lapack_dtpmqrt
State, th5, TASK, 0.365715, 0.366456, 0.000741, 0.000000, lapack_dtpmqrt
State, th5, TASK, 0.366459, 0.367199, 0.000740, 0.000000, lapack_dtpmqrt
State, th5, TASK, 0.367205, 0.367639, 0.000433, 0.000000, lapack_dlarfb
State, th5, TASK, 0.367924, 0.368675, 0.000751, 0.000000, lapack_dtpmqrt
State, th5, TASK, 0.368720, 0.369487, 0.000767, 0.000000, lapack_dtpmqrt
State, th5, TASK, 0.369540, 0.369963, 0.000423, 0.000000, lapack_dlarfb
State, th5, TASK, 0.369998, 0.370754, 0.000757, 0.000000, lapack_dtpmqrt
State, th5, TASK, 0.371496, 0.372280, 0.000785, 0.000000, lapack_dtpmqrt
State, th5, TASK, 0.372966, 0.373722, 0.000757, 0.000000, lapack_dtpmqrt
State, th5, TASK, 0.373774, 0.374313, 0.000539, 0.000000, lapack_dtpqrt
State, th5, TASK, 0.376566, 0.377333, 0.000767, 0.000000, lapack_dtpmqrt
State, th5, TASK, 0.378072, 0.378812, 0.000740, 0.000000, lapack_dtpmqrt
State, th4, TASK, 0.012265, 0.012963, 0.000698, 0.000000, lapack_dlarfb
State, th4, TASK, 0.014054, 0.015140, 0.001086, 0.000000, lapack_dtpmqrt
State, th4, TASK, 0.015145, 0.016027, 0.000882, 0.000000, lapack_dtpmqrt
State, th4, TASK, 0.016525, 0.017286, 0.000761, 0.000000, lapack_dtpmqrt
State, th4, TASK, 0.017290, 0.018048, 0.000758, 0.000000, lapack_dtpmqrt
State, th4, TASK, 0.018051, 0.018807, 0.000756, 0.000000, lapack_dtpmqrt
State, th4, TASK, 0.018814, 0.019244, 0.000430, 0.000000, lapack_dlarfb
State, th4, TASK, 0.019413, 0.020164, 0.000751, 0.000000, lapack_dtpmqrt
State, th4, TASK, 0.020167, 0.020922, 0.000755, 0.000000, lapack_dtpmqrt
State, th4, TASK, 0.020925, 0.021665, 0.000740, 0.000000, lapack_dtpmqrt
State, th4, TASK, 0.021673, 0.022425, 0.000753, 0.000000, lapack_dtpmqrt
State, th4, TASK, 0.022429, 0.023180, 0.000751, 0.000000, lapack_dtpmqrt
State, th4, TASK, 0.023183, 0.023928, 0.000745, 0.000000, lapack_dtpmqrt
State, th4, TASK, 0.023932, 0.024686, 0.000754, 0.000000, lapack_dtpmqrt
State, th4, TASK, 0.024689, 0.025438, 0.000749, 0.000000, lapack_dtpmqrt
State, th4, TASK, 0.025442, 0.026183, 0.000741, 0.000000, lapack_dtpmqrt
State, th4, TASK, 0.026186, 0.026935, 0.000749, 0.000000, lapack_dtpmqrt
State, th4, TASK, 0.026939, 0.027683, 0.000745, 0.000000, lapack_dtpmqrt
State, th4, TASK, 0.027687, 0.028426, 0.000739, 0.000000, lapack_dtpmqrt
State, th4, TASK, 0.028429, 0.029169, 0.000740, 0.000000, lapack_dtpmqrt
State, th4, TASK, 0.029175, 0.029725, 0.000550, 0.000000, lapack_dtpqrt
State, th4, TASK, 0.029737, 0.030482, 0.000745, 0.000000, lapack_dtpmqrt
State, th4, TASK, 0.030484, 0.031233, 0.000749, 0.000000, lapack_dtpmqrt
State, th4, TASK, 0.031236, 0.031983, 0.000746, 0.000000, lapack_dtpmqrt
State, th4, TASK, 0.031986, 0.032729, 0.000743, 0.000000, lapack_dtpmqrt
State, th4, TASK, 0.032732, 0.033463, 0.000732, 0.000000, lapack_dtpmqrt
State, th4, TASK, 0.033467, 0.034202, 0.000736, 0.000000, lapack_dtpmqrt
State, th4, TASK, 0.034205, 0.034950, 0.000745, 0.000000, lapack_dtpmqrt
State, th4, TASK, 0.034956, 0.035711, 0.000755, 0.000000, lapack_dtpmqrt
State, th4, TASK, 0.035714, 0.036463, 0.000749, 0.000000, lapack_dtpmqrt
State, th4, TASK, 0.036467, 0.037230, 0.000763, 0.000000, lapack_dtpmqrt
State, th4, TASK, 0.037234, 0.037999, 0.000765, 0.000000, lapack_dtpmqrt
State, th4, TASK, 0.038003, 0.038749, 0.000746, 0.000000, lapack_dtpmqrt
State, th4, TASK, 0.038754, 0.039504, 0.000750, 0.000000, lapack_dtpmqrt
State, th4, TASK, 0.039508, 0.040267, 0.000759, 0.000000, lapack_dtpmqrt
State, th4, TASK, 0.040270, 0.041015, 0.000745, 0.000000, lapack_dtpmqrt
State, th4, TASK, 0.041019, 0.041758, 0.000739, 0.000000, lapack_dtpmqrt
State, th4, TASK, 0.041761, 0.042518, 0.000757, 0.000000, lapack_dtpmqrt
State, th4, TASK, 0.042521, 0.043265, 0.000744, 0.000000, lapack_dtpmqrt
State, th4, TASK, 0.043269, 0.044008, 0.000740, 0.000000, lapack_dtpmqrt
State, th4, TASK, 0.044012, 0.044747, 0.000736, 0.000000, lapack_dtpmqrt
State, th4, TASK, 0.044751, 0.045505, 0.000754, 0.000000, lapack_dtpmqrt
State, th4, TASK, 0.045510, 0.046239, 0.000730, 0.000000, lapack_dtpmqrt
State, th4, TASK, 0.046242, 0.046985, 0.000742, 0.000000, lapack_dtpmqrt
State, th4, TASK, 0.046989, 0.047737, 0.000748, 0.000000, lapack_dtpmqrt
State, th4, TASK, 0.047740, 0.048478, 0.000738, 0.000000, lapack_dtpmqrt
State, th4, TASK, 0.048482, 0.048904, 0.000422, 0.000000, lapack_dlarfb
State, th4, TASK, 0.048907, 0.049674, 0.000767, 0.000000, lapack_dtpmqrt
State, th4, TASK, 0.049677, 0.050441, 0.000764, 0.000000, lapack_dtpmqrt
State, th4, TASK, 0.050445, 0.051219, 0.000774, 0.000000, lapack_dtpmqrt
State, th4, TASK, 0.051223, 0.051990, 0.000767, 0.000000, lapack_dtpmqrt
State, th4, TASK, 0.051994, 0.052747, 0.000753, 0.000000, lapack_dtpmqrt
State, th4, TASK, 0.052750, 0.053507, 0.000757, 0.000000, lapack_dtpmqrt
State, th4, TASK, 0.053510, 0.054290, 0.000780, 0.000000, lapack_dtpmqrt
State, th4, TASK, 0.054293, 0.055078, 0.000785, 0.000000, lapack_dtpmqrt
State, th4, TASK, 0.055081, 0.055835, 0.000754, 0.000000, lapack_dtpmqrt
State, th4, TASK, 0.055839, 0.056597, 0.000759, 0.000000, lapack_dtpmqrt
State, th4, TASK, 0.056601, 0.057354, 0.000754, 0.000000, lapack_dtpmqrt
State, th4, TASK, 0.057358, 0.058132, 0.000774, 0.000000, lapack_dtpmqrt
State, th4, TASK, 0.058135, 0.058900, 0.000765, 0.000000, lapack_dtpmqrt
State, th4, TASK, 0.058903, 0.059652, 0.000748, 0.000000, lapack_dtpmqrt
State, th4, TASK, 0.059655, 0.060405, 0.000749, 0.000000, lapack_dtpmqrt
State, th4, TASK, 0.060408, 0.061157, 0.000749, 0.000000, lapack_dtpmqrt
State, th4, TASK, 0.061165, 0.061915, 0.000751, 0.000000, lapack_dtpmqrt
State, th4, TASK, 0.061918, 0.062669, 0.000751, 0.000000, lapack_dtpmqrt
State, th4, TASK, 0.062673, 0.063435, 0.000762, 0.000000, lapack_dtpmqrt
State, th4, TASK, 0.063438, 0.064189, 0.000751, 0.000000, lapack_dtpmqrt
State, th4, TASK, 0.064192, 0.064942, 0.000749, 0.000000, lapack_dtpmqrt
State, th4, TASK, 0.064945, 0.065698, 0.000753, 0.000000, lapack_dtpmqrt
State, th4, TASK, 0.065702, 0.066452, 0.000751, 0.000000, lapack_dtpmqrt
State, th4, TASK, 0.066455, 0.067213, 0.000757, 0.000000, lapack_dtpmqrt
State, th4, TASK, 0.067216, 0.067975, 0.000758, 0.000000, lapack_dtpmqrt
State, th4, TASK, 0.067978, 0.068746, 0.000768, 0.000000, lapack_dtpmqrt
State, th4, TASK, 0.068749, 0.069506, 0.000757, 0.000000, lapack_dtpmqrt
State, th4, TASK, 0.069509, 0.070264, 0.000755, 0.000000, lapack_dtpmqrt
State, th4, TASK, 0.070267, 0.071054, 0.000787, 0.000000, lapack_dtpmqrt
State, th4, TASK, 0.071058, 0.071812, 0.000755, 0.000000, lapack_dtpmqrt
State, th4, TASK, 0.071816, 0.072557, 0.000741, 0.000000, lapack_dtpmqrt
State, th4, TASK, 0.072561, 0.073302, 0.000741, 0.000000, lapack_dtpmqrt
State, th4, TASK, 0.073305, 0.074048, 0.000742, 0.000000, lapack_dtpmqrt
State, th4, TASK, 0.074051, 0.074789, 0.000738, 0.000000, lapack_dtpmqrt
State, th4, TASK, 0.074793, 0.075538, 0.000745, 0.000000, lapack_dtpmqrt
State, th4, TASK, 0.075541, 0.076278, 0.000737, 0.000000, lapack_dtpmqrt
State, th4, TASK, 0.076281, 0.077019, 0.000738, 0.000000, lapack_dtpmqrt
State, th4, TASK, 0.077022, 0.077760, 0.000738, 0.000000, lapack_dtpmqrt
State, th4, TASK, 0.077763, 0.078501, 0.000738, 0.000000, lapack_dtpmqrt
State, th4, TASK, 0.078504, 0.079247, 0.000743, 0.000000, lapack_dtpmqrt
State, th4, TASK, 0.079250, 0.079987, 0.000737, 0.000000, lapack_dtpmqrt
State, th4, TASK, 0.079990, 0.080727, 0.000737, 0.000000, lapack_dtpmqrt
State, th4, TASK, 0.080730, 0.081467, 0.000736, 0.000000, lapack_dtpmqrt
State, th4, TASK, 0.081470, 0.082220, 0.000751, 0.000000, lapack_dtpmqrt
State, th4, TASK, 0.082223, 0.082969, 0.000745, 0.000000, lapack_dtpmqrt
State, th4, TASK, 0.082973, 0.083714, 0.000741, 0.000000, lapack_dtpmqrt
State, th4, TASK, 0.083718, 0.084459, 0.000741, 0.000000, lapack_dtpmqrt
State, th4, TASK, 0.084462, 0.085212, 0.000750, 0.000000, lapack_dtpmqrt
State, th4, TASK, 0.085217, 0.085649, 0.000432, 0.000000, lapack_dlarfb
State, th4, TASK, 0.085653, 0.086200, 0.000547, 0.000000, lapack_dtpqrt
State, th4, TASK, 0.086218, 0.086969, 0.000751, 0.000000, lapack_dtpmqrt
State, th4, TASK, 0.086973, 0.087560, 0.000587, 0.000000, lapack_dgeqrt
State, th4, TASK, 0.087570, 0.088314, 0.000744, 0.000000, lapack_dtpmqrt
State, th4, TASK, 0.088317, 0.088728, 0.000411, 0.000000, lapack_dlarfb
State, th4, TASK, 0.088731, 0.089461, 0.000730, 0.000000, lapack_dtpmqrt
State, th4, TASK, 0.089464, 0.089875, 0.000410, 0.000000, lapack_dlarfb
State, th4, TASK, 0.089878, 0.090629, 0.000751, 0.000000, lapack_dtpmqrt
State, th4, TASK, 0.090632, 0.091052, 0.000420, 0.000000, lapack_dlarfb
State, th4, TASK, 0.091055, 0.091794, 0.000739, 0.000000, lapack_dtpmqrt
State, th4, TASK, 0.091797, 0.092207, 0.000410, 0.000000, lapack_dlarfb
State, th4, TASK, 0.092210, 0.092951, 0.000741, 0.000000, lapack_dtpmqrt
State, th4, TASK, 0.092955, 0.093364, 0.000410, 0.000000, lapack_dlarfb
State, th4, TASK, 0.093367, 0.094100, 0.000733, 0.000000, lapack_dtpmqrt
State, th4, TASK, 0.094103, 0.094513, 0.000410, 0.000000, lapack_dlarfb
State, th4, TASK, 0.094516, 0.095254, 0.000738, 0.000000, lapack_dtpmqrt
State, th4, TASK, 0.095258, 0.095668, 0.000410, 0.000000, lapack_dlarfb
State, th4, TASK, 0.095672, 0.096399, 0.000727, 0.000000, lapack_dtpmqrt
State, th4, TASK, 0.096402, 0.096812, 0.000410, 0.000000, lapack_dlarfb
State, th4, TASK, 0.096815, 0.097537, 0.000723, 0.000000, lapack_dtpmqrt
State, th4, TASK, 0.097540, 0.097950, 0.000410, 0.000000, lapack_dlarfb
State, th4, TASK, 0.097953, 0.098680, 0.000727, 0.000000, lapack_dtpmqrt
State, th4, TASK, 0.098684, 0.099101, 0.000417, 0.000000, lapack_dlarfb
State, th4, TASK, 0.099103, 0.099834, 0.000731, 0.000000, lapack_dtpmqrt
State, th4, TASK, 0.099837, 0.100246, 0.000409, 0.000000, lapack_dlarfb
State, th4, TASK, 0.100249, 0.100972, 0.000723, 0.000000, lapack_dtpmqrt
State, th4, TASK, 0.100975, 0.101384, 0.000409, 0.000000, lapack_dlarfb
State, th4, TASK, 0.101387, 0.102111, 0.000724, 0.000000, lapack_dtpmqrt
State, th4, TASK, 0.102114, 0.102523, 0.000409, 0.000000, lapack_dlarfb
State, th4, TASK, 0.102526, 0.103267, 0.000741, 0.000000, lapack_dtpmqrt
State, th4, TASK, 0.103271, 0.103680, 0.000409, 0.000000, lapack_dlarfb
State, th4, TASK, 0.103688, 0.104423, 0.000735, 0.000000, lapack_dtpmqrt
State, th4, TASK, 0.104426, 0.104836, 0.000410, 0.000000, lapack_dlarfb
State, th4, TASK, 0.104839, 0.105578, 0.000739, 0.000000, lapack_dtpmqrt
State, th4, TASK, 0.105581, 0.105991, 0.000410, 0.000000, lapack_dlarfb
State, th4, TASK, 0.105994, 0.106734, 0.000740, 0.000000, lapack_dtpmqrt
State, th4, TASK, 0.106737, 0.107515, 0.000778, 0.000000, lapack_dtpmqrt
State, th4, TASK, 0.107518, 0.107930, 0.000412, 0.000000, lapack_dlarfb
State, th4, TASK, 0.107933, 0.108661, 0.000729, 0.000000, lapack_dtpmqrt
State, th4, TASK, 0.108665, 0.109407, 0.000742, 0.000000, lapack_dtpmqrt
State, th4, TASK, 0.109410, 0.109821, 0.000411, 0.000000, lapack_dlarfb
State, th4, TASK, 0.109823, 0.110579, 0.000756, 0.000000, lapack_dtpmqrt
State, th4, TASK, 0.110583, 0.111339, 0.000757, 0.000000, lapack_dtpmqrt
State, th4, TASK, 0.111342, 0.111756, 0.000413, 0.000000, lapack_dlarfb
State, th4, TASK, 0.111758, 0.112499, 0.000741, 0.000000, lapack_dtpmqrt
State, th4, TASK, 0.112503, 0.113240, 0.000737, 0.000000, lapack_dtpmqrt
State, th4, TASK, 0.113243, 0.114013, 0.000770, 0.000000, lapack_dtpmqrt
State, th4, TASK, 0.114016, 0.114430, 0.000414, 0.000000, lapack_dlarfb
State, th4, TASK, 0.114433, 0.115185, 0.000751, 0.000000, lapack_dtpmqrt
State, th4, TASK, 0.115189, 0.115931, 0.000742, 0.000000, lapack_dtpmqrt
State, th4, TASK, 0.115934, 0.116675, 0.000741, 0.000000, lapack_dtpmqrt
State, th4, TASK, 0.116677, 0.117095, 0.000418, 0.000000, lapack_dlarfb
State, th4, TASK, 0.117099, 0.117853, 0.000754, 0.000000, lapack_dtpmqrt
State, th4, TASK, 0.117856, 0.118598, 0.000742, 0.000000, lapack_dtpmqrt
State, th4, TASK, 0.118602, 0.119350, 0.000748, 0.000000, lapack_dtpmqrt
State, th4, TASK, 0.119353, 0.119774, 0.000421, 0.000000, lapack_dlarfb
State, th4, TASK, 0.119777, 0.120556, 0.000779, 0.000000, lapack_dtpmqrt
State, th4, TASK, 0.120559, 0.121319, 0.000760, 0.000000, lapack_dtpmqrt
State, th4, TASK, 0.121322, 0.122078, 0.000756, 0.000000, lapack_dtpmqrt
State, th4, TASK, 0.122081, 0.122830, 0.000749, 0.000000, lapack_dtpmqrt
State, th4, TASK, 0.122833, 0.123278, 0.000445, 0.000000, lapack_dlarfb
State, th4, TASK, 0.123281, 0.124054, 0.000773, 0.000000, lapack_dtpmqrt
State, th4, TASK, 0.124058, 0.124821, 0.000764, 0.000000, lapack_dtpmqrt
State, th4, TASK, 0.124824, 0.125580, 0.000756, 0.000000, lapack_dtpmqrt
State, th4, TASK, 0.125583, 0.126330, 0.000747, 0.000000, lapack_dtpmqrt
State, th4, TASK, 0.126333, 0.126761, 0.000427, 0.000000, lapack_dlarfb
State, th4, TASK, 0.126764, 0.127518, 0.000754, 0.000000, lapack_dtpmqrt
State, th4, TASK, 0.127522, 0.128261, 0.000739, 0.000000, lapack_dtpmqrt
State, th4, TASK, 0.128264, 0.129004, 0.000740, 0.000000, lapack_dtpmqrt
State, th4, TASK, 0.129007, 0.129753, 0.000746, 0.000000, lapack_dtpmqrt
State, th4, TASK, 0.129756, 0.130502, 0.000746, 0.000000, lapack_dtpmqrt
State, th4, TASK, 0.130506, 0.131260, 0.000754, 0.000000, lapack_dtpmqrt
State, th4, TASK, 0.131263, 0.132010, 0.000747, 0.000000, lapack_dtpmqrt
State, th4, TASK, 0.132014, 0.132759, 0.000745, 0.000000, lapack_dtpmqrt
State, th4, TASK, 0.132761, 0.133507, 0.000746, 0.000000, lapack_dtpmqrt
State, th4, TASK, 0.133511, 0.134251, 0.000741, 0.000000, lapack_dtpmqrt
State, th4, TASK, 0.134255, 0.135012, 0.000758, 0.000000, lapack_dtpmqrt
State, th4, TASK, 0.135016, 0.135767, 0.000750, 0.000000, lapack_dtpmqrt
State, th4, TASK, 0.135770, 0.136516, 0.000746, 0.000000, lapack_dtpmqrt
State, th4, TASK, 0.136519, 0.137262, 0.000743, 0.000000, lapack_dtpmqrt
State, th4, TASK, 0.137265, 0.138008, 0.000743, 0.000000, lapack_dtpmqrt
State, th4, TASK, 0.138012, 0.138753, 0.000741, 0.000000, lapack_dtpmqrt
State, th4, TASK, 0.138756, 0.139505, 0.000749, 0.000000, lapack_dtpmqrt
State, th4, TASK, 0.139509, 0.140255, 0.000747, 0.000000, lapack_dtpmqrt
State, th4, TASK, 0.140259, 0.141003, 0.000744, 0.000000, lapack_dtpmqrt
State, th4, TASK, 0.141006, 0.141762, 0.000756, 0.000000, lapack_dtpmqrt
State, th4, TASK, 0.141765, 0.142516, 0.000751, 0.000000, lapack_dtpmqrt
State, th4, TASK, 0.142519, 0.143282, 0.000762, 0.000000, lapack_dtpmqrt
State, th4, TASK, 0.143285, 0.144038, 0.000753, 0.000000, lapack_dtpmqrt
State, th4, TASK, 0.144042, 0.144792, 0.000750, 0.000000, lapack_dtpmqrt
State, th4, TASK, 0.144795, 0.145539, 0.000744, 0.000000, lapack_dtpmqrt
State, th4, TASK, 0.145542, 0.146286, 0.000744, 0.000000, lapack_dtpmqrt
State, th4, TASK, 0.146290, 0.147038, 0.000749, 0.000000, lapack_dtpmqrt
State, th4, TASK, 0.147042, 0.147788, 0.000746, 0.000000, lapack_dtpmqrt
State, th4, TASK, 0.147792, 0.148540, 0.000748, 0.000000, lapack_dtpmqrt
State, th4, TASK, 0.148548, 0.149297, 0.000748, 0.000000, lapack_dtpmqrt
State, th4, TASK, 0.149300, 0.150045, 0.000745, 0.000000, lapack_dtpmqrt
State, th4, TASK, 0.150049, 0.150791, 0.000742, 0.000000, lapack_dtpmqrt
State, th4, TASK, 0.150794, 0.151546, 0.000751, 0.000000, lapack_dtpmqrt
State, th4, TASK, 0.151549, 0.152300, 0.000751, 0.000000, lapack_dtpmqrt
State, th4, TASK, 0.152304, 0.153047, 0.000743, 0.000000, lapack_dtpmqrt
State, th4, TASK, 0.153050, 0.153789, 0.000738, 0.000000, lapack_dtpmqrt
State, th4, TASK, 0.153793, 0.154529, 0.000736, 0.000000, lapack_dtpmqrt
State, th4, TASK, 0.154533, 0.155277, 0.000744, 0.000000, lapack_dtpmqrt
State, th4, TASK, 0.155280, 0.156017, 0.000737, 0.000000, lapack_dtpmqrt
State, th4, TASK, 0.156020, 0.156759, 0.000739, 0.000000, lapack_dtpmqrt
State, th4, TASK, 0.156763, 0.157501, 0.000738, 0.000000, lapack_dtpmqrt
State, th4, TASK, 0.157508, 0.157939, 0.000431, 0.000000, lapack_dlarfb
State, th4, TASK, 0.157943, 0.158702, 0.000759, 0.000000, lapack_dtpmqrt
State, th4, TASK, 0.158705, 0.159455, 0.000750, 0.000000, lapack_dtpmqrt
State, th4, TASK, 0.159458, 0.160196, 0.000738, 0.000000, lapack_dtpmqrt
State, th4, TASK, 0.160200, 0.160939, 0.000739, 0.000000, lapack_dtpmqrt
State, th4, TASK, 0.160943, 0.161687, 0.000744, 0.000000, lapack_dtpmqrt
State, th4, TASK, 0.161691, 0.162435, 0.000743, 0.000000, lapack_dtpmqrt
State, th4, TASK, 0.162438, 0.163190, 0.000752, 0.000000, lapack_dtpmqrt
State, th4, TASK, 0.163193, 0.163936, 0.000743, 0.000000, lapack_dtpmqrt
State, th4, TASK, 0.163941, 0.164718, 0.000777, 0.000000, lapack_dtpmqrt
State, th4, TASK, 0.164722, 0.165486, 0.000765, 0.000000, lapack_dtpmqrt
State, th4, TASK, 0.165489, 0.166255, 0.000766, 0.000000, lapack_dtpmqrt
State, th4, TASK, 0.166258, 0.167032, 0.000774, 0.000000, lapack_dtpmqrt
State, th4, TASK, 0.167036, 0.167797, 0.000761, 0.000000, lapack_dtpmqrt
State, th4, TASK, 0.167800, 0.168565, 0.000765, 0.000000, lapack_dtpmqrt
State, th4, TASK, 0.168569, 0.169329, 0.000760, 0.000000, lapack_dtpmqrt
State, th4, TASK, 0.169332, 0.170087, 0.000756, 0.000000, lapack_dtpmqrt
State, th4, TASK, 0.170292, 0.171046, 0.000755, 0.000000, lapack_dtpmqrt
State, th4, TASK, 0.171054, 0.171811, 0.000757, 0.000000, lapack_dtpmqrt
State, th4, TASK, 0.171817, 0.172608, 0.000791, 0.000000, lapack_dtpmqrt
State, th4, TASK, 0.172611, 0.173389, 0.000778, 0.000000, lapack_dtpmqrt
State, th4, TASK, 0.173392, 0.174165, 0.000772, 0.000000, lapack_dtpmqrt
State, th4, TASK, 0.174169, 0.174947, 0.000778, 0.000000, lapack_dtpmqrt
State, th4, TASK, 0.174951, 0.175722, 0.000771, 0.000000, lapack_dtpmqrt
State, th4, TASK, 0.175725, 0.176497, 0.000771, 0.000000, lapack_dtpmqrt
State, th4, TASK, 0.176500, 0.177269, 0.000770, 0.000000, lapack_dtpmqrt
State, th4, TASK, 0.177273, 0.178044, 0.000772, 0.000000, lapack_dtpmqrt
State, th4, TASK, 0.178048, 0.178822, 0.000774, 0.000000, lapack_dtpmqrt
State, th4, TASK, 0.178825, 0.179608, 0.000782, 0.000000, lapack_dtpmqrt
State, th4, TASK, 0.179611, 0.180387, 0.000776, 0.000000, lapack_dtpmqrt
State, th4, TASK, 0.180391, 0.181158, 0.000767, 0.000000, lapack_dtpmqrt
State, th4, TASK, 0.181162, 0.181921, 0.000759, 0.000000, lapack_dtpmqrt
State, th4, TASK, 0.181924, 0.182690, 0.000766, 0.000000, lapack_dtpmqrt
State, th4, TASK, 0.182693, 0.183465, 0.000772, 0.000000, lapack_dtpmqrt
State, th4, TASK, 0.183469, 0.184236, 0.000767, 0.000000, lapack_dtpmqrt
State, th4, TASK, 0.184239, 0.185014, 0.000775, 0.000000, lapack_dtpmqrt
State, th4, TASK, 0.185018, 0.185788, 0.000770, 0.000000, lapack_dtpmqrt
State, th4, TASK, 0.185792, 0.186566, 0.000774, 0.000000, lapack_dtpmqrt
State, th4, TASK, 0.186570, 0.187342, 0.000772, 0.000000, lapack_dtpmqrt
State, th4, TASK, 0.187346, 0.188112, 0.000766, 0.000000, lapack_dtpmqrt
State, th4, TASK, 0.188115, 0.188888, 0.000773, 0.000000, lapack_dtpmqrt
State, th4, TASK, 0.188891, 0.189663, 0.000772, 0.000000, lapack_dtpmqrt
State, th4, TASK, 0.189667, 0.190435, 0.000769, 0.000000, lapack_dtpmqrt
State, th4, TASK, 0.190444, 0.191189, 0.000745, 0.000000, lapack_dtpmqrt
State, th4, TASK, 0.191193, 0.191928, 0.000735, 0.000000, lapack_dtpmqrt
State, th4, TASK, 0.191931, 0.192676, 0.000744, 0.000000, lapack_dtpmqrt
State, th4, TASK, 0.192679, 0.193424, 0.000745, 0.000000, lapack_dtpmqrt
State, th4, TASK, 0.193427, 0.194169, 0.000742, 0.000000, lapack_dtpmqrt
State, th4, TASK, 0.194172, 0.194922, 0.000750, 0.000000, lapack_dtpmqrt
State, th4, TASK, 0.195039, 0.195820, 0.000781, 0.000000, lapack_dtpmqrt
State, th4, TASK, 0.195824, 0.196591, 0.000767, 0.000000, lapack_dtpmqrt
State, th4, TASK, 0.196594, 0.197353, 0.000759, 0.000000, lapack_dtpmqrt
State, th4, TASK, 0.197361, 0.198130, 0.000769, 0.000000, lapack_dtpmqrt
State, th4, TASK, 0.198134, 0.198909, 0.000775, 0.000000, lapack_dtpmqrt
State, th4, TASK, 0.198912, 0.199684, 0.000772, 0.000000, lapack_dtpmqrt
State, th4, TASK, 0.199687, 0.200459, 0.000771, 0.000000, lapack_dtpmqrt
State, th4, TASK, 0.200462, 0.201232, 0.000770, 0.000000, lapack_dtpmqrt
State, th4, TASK, 0.201235, 0.202003, 0.000767, 0.000000, lapack_dtpmqrt
State, th4, TASK, 0.202006, 0.202775, 0.000769, 0.000000, lapack_dtpmqrt
State, th4, TASK, 0.202778, 0.203550, 0.000772, 0.000000, lapack_dtpmqrt
State, th4, TASK, 0.203553, 0.204317, 0.000764, 0.000000, lapack_dtpmqrt
State, th4, TASK, 0.204320, 0.205075, 0.000755, 0.000000, lapack_dtpmqrt
State, th4, TASK, 0.205078, 0.205836, 0.000758, 0.000000, lapack_dtpmqrt
State, th4, TASK, 0.205840, 0.206599, 0.000760, 0.000000, lapack_dtpmqrt
State, th4, TASK, 0.206603, 0.207368, 0.000765, 0.000000, lapack_dtpmqrt
State, th4, TASK, 0.207371, 0.208136, 0.000765, 0.000000, lapack_dtpmqrt
State, th4, TASK, 0.208139, 0.208903, 0.000764, 0.000000, lapack_dtpmqrt
State, th4, TASK, 0.208907, 0.209669, 0.000762, 0.000000, lapack_dtpmqrt
State, th4, TASK, 0.209672, 0.210433, 0.000760, 0.000000, lapack_dtpmqrt
State, th4, TASK, 0.210436, 0.211210, 0.000775, 0.000000, lapack_dtpmqrt
State, th4, TASK, 0.211214, 0.211981, 0.000768, 0.000000, lapack_dtpmqrt
State, th4, TASK, 0.211985, 0.212752, 0.000767, 0.000000, lapack_dtpmqrt
State, th4, TASK, 0.212755, 0.213530, 0.000775, 0.000000, lapack_dtpmqrt
State, th4, TASK, 0.213534, 0.213936, 0.000402, 0.000000, lapack_dgeqrt
State, th4, TASK, 0.213952, 0.214381, 0.000429, 0.000000, lapack_dlarfb
State, th4, TASK, 0.214384, 0.214798, 0.000414, 0.000000, lapack_dlarfb
State, th4, TASK, 0.214801, 0.215218, 0.000417, 0.000000, lapack_dlarfb
State, th4, TASK, 0.215221, 0.215636, 0.000416, 0.000000, lapack_dlarfb
State, th4, TASK, 0.215679, 0.216439, 0.000760, 0.000000, lapack_dtpmqrt
State, th4, TASK, 0.216443, 0.217199, 0.000756, 0.000000, lapack_dtpmqrt
State, th4, TASK, 0.217202, 0.217955, 0.000753, 0.000000, lapack_dtpmqrt
State, th4, TASK, 0.217958, 0.218713, 0.000754, 0.000000, lapack_dtpmqrt
State, th4, TASK, 0.218716, 0.219476, 0.000761, 0.000000, lapack_dtpmqrt
State, th4, TASK, 0.219480, 0.220233, 0.000753, 0.000000, lapack_dtpmqrt
State, th4, TASK, 0.220236, 0.220986, 0.000751, 0.000000, lapack_dtpmqrt
State, th4, TASK, 0.220990, 0.221740, 0.000750, 0.000000, lapack_dtpmqrt
State, th4, TASK, 0.221743, 0.222489, 0.000746, 0.000000, lapack_dtpmqrt
State, th4, TASK, 0.222492, 0.223246, 0.000753, 0.000000, lapack_dtpmqrt
State, th4, TASK, 0.223249, 0.224000, 0.000751, 0.000000, lapack_dtpmqrt
State, th4, TASK, 0.224003, 0.224754, 0.000751, 0.000000, lapack_dtpmqrt
State, th4, TASK, 0.224757, 0.225507, 0.000750, 0.000000, lapack_dtpmqrt
State, th4, TASK, 0.225510, 0.226260, 0.000750, 0.000000, lapack_dtpmqrt
State, th4, TASK, 0.226275, 0.227046, 0.000771, 0.000000, lapack_dtpmqrt
State, th4, TASK, 0.227049, 0.227798, 0.000749, 0.000000, lapack_dtpmqrt
State, th4, TASK, 0.227801, 0.228554, 0.000753, 0.000000, lapack_dtpmqrt
State, th4, TASK, 0.228557, 0.229312, 0.000754, 0.000000, lapack_dtpmqrt
State, th4, TASK, 0.229315, 0.230078, 0.000763, 0.000000, lapack_dtpmqrt
State, th4, TASK, 0.230081, 0.230842, 0.000761, 0.000000, lapack_dtpmqrt
State, th4, TASK, 0.230845, 0.231612, 0.000767, 0.000000, lapack_dtpmqrt
State, th4, TASK, 0.231615, 0.232379, 0.000764, 0.000000, lapack_dtpmqrt
State, th4, TASK, 0.232383, 0.233143, 0.000760, 0.000000, lapack_dtpmqrt
State, th4, TASK, 0.233146, 0.233911, 0.000764, 0.000000, lapack_dtpmqrt
State, th4, TASK, 0.233915, 0.234676, 0.000761, 0.000000, lapack_dtpmqrt
State, th4, TASK, 0.234879, 0.235625, 0.000746, 0.000000, lapack_dtpmqrt
State, th4, TASK, 0.235628, 0.236363, 0.000735, 0.000000, lapack_dtpmqrt
State, th4, TASK, 0.236366, 0.237103, 0.000737, 0.000000, lapack_dtpmqrt
State, th4, TASK, 0.237107, 0.237843, 0.000736, 0.000000, lapack_dtpmqrt
State, th4, TASK, 0.237846, 0.238583, 0.000738, 0.000000, lapack_dtpmqrt
State, th4, TASK, 0.238601, 0.239361, 0.000759, 0.000000, lapack_dtpmqrt
State, th4, TASK, 0.239364, 0.240104, 0.000740, 0.000000, lapack_dtpmqrt
State, th4, TASK, 0.240107, 0.240846, 0.000738, 0.000000, lapack_dtpmqrt
State, th4, TASK, 0.240849, 0.241591, 0.000742, 0.000000, lapack_dtpmqrt
State, th4, TASK, 0.241594, 0.242336, 0.000741, 0.000000, lapack_dtpmqrt
State, th4, TASK, 0.242339, 0.243086, 0.000747, 0.000000, lapack_dtpmqrt
State, th4, TASK, 0.243090, 0.243839, 0.000749, 0.000000, lapack_dtpmqrt
State, th4, TASK, 0.243843, 0.244595, 0.000752, 0.000000, lapack_dtpmqrt
State, th4, TASK, 0.244606, 0.245353, 0.000746, 0.000000, lapack_dtpmqrt
State, th4, TASK, 0.245356, 0.246104, 0.000748, 0.000000, lapack_dtpmqrt
State, th4, TASK, 0.246108, 0.246857, 0.000749, 0.000000, lapack_dtpmqrt
State, th4, TASK, 0.246861, 0.247618, 0.000758, 0.000000, lapack_dtpmqrt
State, th4, TASK, 0.247622, 0.248377, 0.000756, 0.000000, lapack_dtpmqrt
State, th4, TASK, 0.248381, 0.249134, 0.000753, 0.000000, lapack_dtpmqrt
State, th4, TASK, 0.249137, 0.249886, 0.000749, 0.000000, lapack_dtpmqrt
State, th4, TASK, 0.249890, 0.250641, 0.000751, 0.000000, lapack_dtpmqrt
State, th4, TASK, 0.250647, 0.251209, 0.000562, 0.000000, lapack_dtpqrt
State, th4, TASK, 0.251226, 0.251995, 0.000768, 0.000000, lapack_dtpmqrt
State, th4, TASK, 0.251999, 0.252744, 0.000746, 0.000000, lapack_dtpmqrt
State, th4, TASK, 0.252748, 0.253488, 0.000740, 0.000000, lapack_dtpmqrt
State, th4, TASK, 0.253491, 0.254229, 0.000738, 0.000000, lapack_dtpmqrt
State, th4, TASK, 0.254232, 0.254979, 0.000747, 0.000000, lapack_dtpmqrt
State, th4, TASK, 0.254982, 0.255731, 0.000749, 0.000000, lapack_dtpmqrt
State, th4, TASK, 0.255734, 0.256486, 0.000752, 0.000000, lapack_dtpmqrt
State, th4, TASK, 0.256490, 0.257234, 0.000744, 0.000000, lapack_dtpmqrt
State, th4, TASK, 0.257237, 0.257990, 0.000753, 0.000000, lapack_dtpmqrt
State, th4, TASK, 0.257993, 0.258738, 0.000744, 0.000000, lapack_dtpmqrt
State, th4, TASK, 0.258741, 0.259495, 0.000755, 0.000000, lapack_dtpmqrt
State, th4, TASK, 0.259499, 0.260261, 0.000762, 0.000000, lapack_dtpmqrt
State, th4, TASK, 0.260264, 0.261028, 0.000763, 0.000000, lapack_dtpmqrt
State, th4, TASK, 0.261031, 0.261797, 0.000766, 0.000000, lapack_dtpmqrt
State, th4, TASK, 0.261800, 0.262562, 0.000762, 0.000000, lapack_dtpmqrt
State, th4, TASK, 0.262566, 0.263317, 0.000752, 0.000000, lapack_dtpmqrt
State, th4, TASK, 0.263320, 0.264070, 0.000749, 0.000000, lapack_dtpmqrt
State, th4, TASK, 0.264073, 0.264836, 0.000763, 0.000000, lapack_dtpmqrt
State, th4, TASK, 0.264840, 0.265600, 0.000761, 0.000000, lapack_dtpmqrt
State, th4, TASK, 0.265604, 0.266357, 0.000754, 0.000000, lapack_dtpmqrt
State, th4, TASK, 0.266361, 0.267117, 0.000756, 0.000000, lapack_dtpmqrt
State, th4, TASK, 0.267121, 0.267895, 0.000775, 0.000000, lapack_dtpmqrt
State, th4, TASK, 0.267899, 0.268662, 0.000763, 0.000000, lapack_dtpmqrt
State, th4, TASK, 0.268666, 0.269437, 0.000771, 0.000000, lapack_dtpmqrt
State, th4, TASK, 0.269440, 0.270209, 0.000768, 0.000000, lapack_dtpmqrt
State, th4, TASK, 0.270213, 0.270994, 0.000781, 0.000000, lapack_dtpmqrt
State, th4, TASK, 0.270998, 0.271769, 0.000771, 0.000000, lapack_dtpmqrt
State, th4, TASK, 0.271772, 0.272532, 0.000759, 0.000000, lapack_dtpmqrt
State, th4, TASK, 0.272535, 0.273295, 0.000760, 0.000000, lapack_dtpmqrt
State, th4, TASK, 0.273299, 0.274062, 0.000764, 0.000000, lapack_dtpmqrt
State, th4, TASK, 0.274066, 0.274829, 0.000763, 0.000000, lapack_dtpmqrt
State, th4, TASK, 0.274832, 0.275605, 0.000772, 0.000000, lapack_dtpmqrt
State, th4, TASK, 0.275608, 0.276374, 0.000766, 0.000000, lapack_dtpmqrt
State, th4, TASK, 0.276378, 0.277141, 0.000763, 0.000000, lapack_dtpmqrt
State, th4, TASK, 0.277145, 0.277904, 0.000759, 0.000000, lapack_dtpmqrt
State, th4, TASK, 0.277907, 0.278663, 0.000757, 0.000000, lapack_dtpmqrt
State, th4, TASK, 0.278744, 0.279500, 0.000756, 0.000000, lapack_dtpmqrt
State, th4, TASK, 0.279503, 0.280262, 0.000759, 0.000000, lapack_dtpmqrt
State, th4, TASK, 0.280266, 0.281022, 0.000756, 0.000000, lapack_dtpmqrt
State, th4, TASK, 0.281025, 0.281787, 0.000762, 0.000000, lapack_dtpmqrt
State, th4, TASK, 0.281790, 0.282548, 0.000758, 0.000000, lapack_dtpmqrt
State, th4, TASK, 0.282552, 0.283315, 0.000763, 0.000000, lapack_dtpmqrt
State, th4, TASK, 0.283319, 0.284079, 0.000760, 0.000000, lapack_dtpmqrt
State, th4, TASK, 0.284082, 0.284842, 0.000760, 0.000000, lapack_dtpmqrt
State, th4, TASK, 0.284846, 0.285606, 0.000760, 0.000000, lapack_dtpmqrt
State, th4, TASK, 0.285609, 0.286368, 0.000759, 0.000000, lapack_dtpmqrt
State, th4, TASK, 0.286384, 0.287156, 0.000772, 0.000000, lapack_dtpmqrt
State, th4, TASK, 0.287159, 0.287923, 0.000764, 0.000000, lapack_dtpmqrt
State, th4, TASK, 0.287927, 0.288682, 0.000756, 0.000000, lapack_dtpmqrt
State, th4, TASK, 0.288686, 0.289437, 0.000751, 0.000000, lapack_dtpmqrt
State, th4, TASK, 0.289441, 0.290190, 0.000749, 0.000000, lapack_dtpmqrt
State, th4, TASK, 0.290193, 0.290955, 0.000761, 0.000000, lapack_dtpmqrt
State, th4, TASK, 0.290958, 0.291702, 0.000744, 0.000000, lapack_dtpmqrt
State, th4, TASK, 0.291705, 0.292446, 0.000741, 0.000000, lapack_dtpmqrt
State, th4, TASK, 0.292449, 0.293194, 0.000745, 0.000000, lapack_dtpmqrt
State, th4, TASK, 0.293201, 0.293947, 0.000746, 0.000000, lapack_dtpmqrt
State, th4, TASK, 0.293951, 0.294693, 0.000742, 0.000000, lapack_dtpmqrt
State, th4, TASK, 0.294696, 0.295444, 0.000748, 0.000000, lapack_dtpmqrt
State, th4, TASK, 0.295448, 0.296189, 0.000741, 0.000000, lapack_dtpmqrt
State, th4, TASK, 0.296192, 0.296933, 0.000741, 0.000000, lapack_dtpmqrt
State, th4, TASK, 0.296936, 0.297681, 0.000745, 0.000000, lapack_dtpmqrt
State, th4, TASK, 0.297684, 0.298433, 0.000748, 0.000000, lapack_dtpmqrt
State, th4, TASK, 0.298436, 0.299192, 0.000756, 0.000000, lapack_dtpmqrt
State, th4, TASK, 0.299195, 0.299955, 0.000760, 0.000000, lapack_dtpmqrt
State, th4, TASK, 0.300021, 0.300760, 0.000739, 0.000000, lapack_dtpmqrt
State, th4, TASK, 0.300763, 0.301188, 0.000425, 0.000000, lapack_dlarfb
State, th4, TASK, 0.301191, 0.301611, 0.000420, 0.000000, lapack_dlarfb
State, th4, TASK, 0.301633, 0.302382, 0.000749, 0.000000, lapack_dtpmqrt
State, th4, TASK, 0.302416, 0.303204, 0.000788, 0.000000, lapack_dtpmqrt
State, th4, TASK, 0.303207, 0.303988, 0.000781, 0.000000, lapack_dtpmqrt
State, th4, TASK, 0.303992, 0.304789, 0.000798, 0.000000, lapack_dtpmqrt
State, th4, TASK, 0.304792, 0.305563, 0.000771, 0.000000, lapack_dtpmqrt
State, th4, TASK, 0.305567, 0.306324, 0.000757, 0.000000, lapack_dtpmqrt
State, th4, TASK, 0.306328, 0.307086, 0.000759, 0.000000, lapack_dtpmqrt
State, th4, TASK, 0.307090, 0.307836, 0.000746, 0.000000, lapack_dtpmqrt
State, th4, TASK, 0.307840, 0.308590, 0.000750, 0.000000, lapack_dtpmqrt
State, th4, TASK, 0.308593, 0.309341, 0.000748, 0.000000, lapack_dtpmqrt
State, th4, TASK, 0.309345, 0.310091, 0.000746, 0.000000, lapack_dtpmqrt
State, th4, TASK, 0.310094, 0.310844, 0.000750, 0.000000, lapack_dtpmqrt
State, th4, TASK, 0.310847, 0.311600, 0.000753, 0.000000, lapack_dtpmqrt
State, th4, TASK, 0.311604, 0.312354, 0.000750, 0.000000, lapack_dtpmqrt
State, th4, TASK, 0.312357, 0.313108, 0.000751, 0.000000, lapack_dtpmqrt
State, th4, TASK, 0.313251, 0.313997, 0.000746, 0.000000, lapack_dtpmqrt
State, th4, TASK, 0.314065, 0.314838, 0.000773, 0.000000, lapack_dtpmqrt
State, th4, TASK, 0.314842, 0.315619, 0.000777, 0.000000, lapack_dtpmqrt
State, th4, TASK, 0.315623, 0.316387, 0.000764, 0.000000, lapack_dtpmqrt
State, th4, TASK, 0.316390, 0.317148, 0.000758, 0.000000, lapack_dtpmqrt
State, th4, TASK, 0.317152, 0.317916, 0.000764, 0.000000, lapack_dtpmqrt
State, th4, TASK, 0.317919, 0.318682, 0.000763, 0.000000, lapack_dtpmqrt
State, th4, TASK, 0.318686, 0.319455, 0.000769, 0.000000, lapack_dtpmqrt
State, th4, TASK, 0.319459, 0.320225, 0.000766, 0.000000, lapack_dtpmqrt
State, th4, TASK, 0.320228, 0.320989, 0.000761, 0.000000, lapack_dtpmqrt
State, th4, TASK, 0.320993, 0.321757, 0.000763, 0.000000, lapack_dtpmqrt
State, th4, TASK, 0.321760, 0.322519, 0.000758, 0.000000, lapack_dtpmqrt
State, th4, TASK, 0.322522, 0.323285, 0.000763, 0.000000, lapack_dtpmqrt
State, th4, TASK, 0.323289, 0.324055, 0.000766, 0.000000, lapack_dtpmqrt
State, th4, TASK, 0.324059, 0.324827, 0.000768, 0.000000, lapack_dtpmqrt
State, th4, TASK, 0.324830, 0.325602, 0.000771, 0.000000, lapack_dtpmqrt
State, th4, TASK, 0.325605, 0.326372, 0.000768, 0.000000, lapack_dtpmqrt
State, th4, TASK, 0.326384, 0.327155, 0.000771, 0.000000, lapack_dtpmqrt
State, th4, TASK, 0.327158, 0.327921, 0.000763, 0.000000, lapack_dtpmqrt
State, th4, TASK, 0.327924, 0.328686, 0.000762, 0.000000, lapack_dtpmqrt
State, th4, TASK, 0.328689, 0.329450, 0.000761, 0.000000, lapack_dtpmqrt
State, th4, TASK, 0.329453, 0.330217, 0.000763, 0.000000, lapack_dtpmqrt
State, th4, TASK, 0.330380, 0.330933, 0.000553, 0.000000, lapack_dtpqrt
State, th4, TASK, 0.330941, 0.331555, 0.000614, 0.000000, lapack_dtpqrt
State, th4, TASK, 0.331563, 0.332299, 0.000737, 0.000000, lapack_dtpmqrt
State, th4, TASK, 0.332303, 0.333031, 0.000729, 0.000000, lapack_dtpmqrt
State, th4, TASK, 0.333035, 0.333763, 0.000729, 0.000000, lapack_dtpmqrt
State, th4, TASK, 0.333766, 0.334497, 0.000731, 0.000000, lapack_dtpmqrt
State, th4, TASK, 0.334500, 0.335237, 0.000737, 0.000000, lapack_dtpmqrt
State, th4, TASK, 0.335240, 0.335971, 0.000731, 0.000000, lapack_dtpmqrt
State, th4, TASK, 0.335974, 0.336704, 0.000730, 0.000000, lapack_dtpmqrt
State, th4, TASK, 0.336708, 0.337438, 0.000731, 0.000000, lapack_dtpmqrt
State, th4, TASK, 0.337442, 0.338173, 0.000731, 0.000000, lapack_dtpmqrt
State, th4, TASK, 0.338176, 0.338914, 0.000738, 0.000000, lapack_dtpmqrt
State, th4, TASK, 0.339132, 0.339917, 0.000785, 0.000000, lapack_dtpmqrt
State, th4, TASK, 0.339921, 0.340687, 0.000765, 0.000000, lapack_dtpmqrt
State, th4, TASK, 0.340690, 0.341454, 0.000764, 0.000000, lapack_dtpmqrt
State, th4, TASK, 0.341464, 0.342232, 0.000769, 0.000000, lapack_dtpmqrt
State, th4, TASK, 0.342236, 0.343007, 0.000772, 0.000000, lapack_dtpmqrt
State, th4, TASK, 0.343011, 0.343777, 0.000766, 0.000000, lapack_dtpmqrt
State, th4, TASK, 0.343802, 0.344560, 0.000758, 0.000000, lapack_dtpmqrt
State, th4, TASK, 0.344564, 0.345305, 0.000742, 0.000000, lapack_dtpmqrt
State, th4, TASK, 0.345308, 0.346044, 0.000735, 0.000000, lapack_dtpmqrt
State, th4, TASK, 0.346049, 0.346799, 0.000750, 0.000000, lapack_dtpmqrt
State, th4, TASK, 0.346802, 0.347559, 0.000757, 0.000000, lapack_dtpmqrt
State, th4, TASK, 0.347563, 0.348311, 0.000748, 0.000000, lapack_dtpmqrt
State, th4, TASK, 0.348314, 0.349061, 0.000746, 0.000000, lapack_dtpmqrt
State, th4, TASK, 0.349069, 0.349612, 0.000543, 0.000000, lapack_dtpqrt
State, th4, TASK, 0.349618, 0.350220, 0.000601, 0.000000, lapack_dtpqrt
State, th4, TASK, 0.350365, 0.350900, 0.000535, 0.000000, lapack_dtpqrt
State, th4, TASK, 0.350912, 0.351653, 0.000741, 0.000000, lapack_dtpmqrt
State, th4, TASK, 0.351656, 0.352390, 0.000734, 0.000000, lapack_dtpmqrt
State, th4, TASK, 0.352394, 0.353136, 0.000743, 0.000000, lapack_dtpmqrt
State, th4, TASK, 0.353139, 0.353882, 0.000742, 0.000000, lapack_dtpmqrt
State, th4, TASK, 0.353885, 0.354628, 0.000743, 0.000000, lapack_dtpmqrt
State, th4, TASK, 0.354632, 0.355392, 0.000760, 0.000000, lapack_dtpmqrt
State, th4, TASK, 0.355773, 0.356545, 0.000772, 0.000000, lapack_dtpmqrt
State, th4, TASK, 0.356548, 0.357305, 0.000757, 0.000000, lapack_dtpmqrt
State, th4, TASK, 0.357308, 0.358064, 0.000755, 0.000000, lapack_dtpmqrt
State, th4, TASK, 0.358067, 0.358818, 0.000751, 0.000000, lapack_dtpmqrt
State, th4, TASK, 0.358822, 0.359568, 0.000746, 0.000000, lapack_dtpmqrt
State, th4, TASK, 0.359637, 0.360379, 0.000742, 0.000000, lapack_dtpmqrt
State, th4, TASK, 0.360430, 0.361176, 0.000745, 0.000000, lapack_dtpmqrt
State, th4, TASK, 0.361179, 0.361913, 0.000734, 0.000000, lapack_dtpmqrt
State, th4, TASK, 0.361917, 0.362667, 0.000750, 0.000000, lapack_dtpmqrt
State, th4, TASK, 0.362737, 0.363511, 0.000774, 0.000000, lapack_dtpmqrt
State, th4, TASK, 0.363687, 0.364080, 0.000394, 0.000000, lapack_dgeqrt
State, th4, TASK, 0.364158, 0.364682, 0.000525, 0.000000, lapack_dtpqrt
State, th4, TASK, 0.364967, 0.365701, 0.000735, 0.000000, lapack_dtpmqrt
State, th4, TASK, 0.365705, 0.366439, 0.000734, 0.000000, lapack_dtpmqrt
State, th4, TASK, 0.366442, 0.367186, 0.000744, 0.000000, lapack_dtpmqrt
State, th4, TASK, 0.367201, 0.367630, 0.000429, 0.000000, lapack_dlarfb
State, th4, TASK, 0.368071, 0.368847, 0.000776, 0.000000, lapack_dtpmqrt
State, th4, TASK, 0.368885, 0.369407, 0.000522, 0.000000, lapack_dtpqrt
State, th4, TASK, 0.369426, 0.370166, 0.000740, 0.000000, lapack_dtpmqrt
State, th4, TASK, 0.370469, 0.371235, 0.000766, 0.000000, lapack_dtpmqrt
State, th4, TASK, 0.371814, 0.372252, 0.000438, 0.000000, lapack_dlarfb
State, th4, TASK, 0.372283, 0.373055, 0.000772, 0.000000, lapack_dtpmqrt
State, th4, TASK, 0.373612, 0.373999, 0.000387, 0.000000, lapack_dgeqrt
State, th4, TASK, 0.375822, 0.376563, 0.000741, 0.000000, lapack_dtpmqrt
State, th4, TASK, 0.376575, 0.377318, 0.000744, 0.000000, lapack_dtpmqrt
State, th4, TASK, 0.378051, 0.378786, 0.000735, 0.000000, lapack_dtpmqrt
State, th3, TASK, 0.010967, 0.012244, 0.001276, 0.000000, lapack_dgeqrt
State, th3, TASK, 0.012309, 0.012887, 0.000578, 0.000000, lapack_dlarfb
State, th3, TASK, 0.012891, 0.013305, 0.000414, 0.000000, lapack_dlarfb
State, th3, TASK, 0.014057, 0.015074, 0.001017, 0.000000, lapack_dtpmqrt
State, th3, TASK, 0.015078, 0.015845, 0.000767, 0.000000, lapack_dtpmqrt
State, th3, TASK, 0.015849, 0.016610, 0.000762, 0.000000, lapack_dtpmqrt
State, th3, TASK, 0.016613, 0.017385, 0.000771, 0.000000, lapack_dtpmqrt
State, th3, TASK, 0.017393, 0.017851, 0.000458, 0.000000, lapack_dlarfb
State, th3, TASK, 0.017854, 0.018278, 0.000424, 0.000000, lapack_dlarfb
State, th3, TASK, 0.018282, 0.018709, 0.000427, 0.000000, lapack_dlarfb
State, th3, TASK, 0.018713, 0.019151, 0.000438, 0.000000, lapack_dlarfb
State, th3, TASK, 0.019154, 0.019574, 0.000420, 0.000000, lapack_dlarfb
State, th3, TASK, 0.019578, 0.020120, 0.000543, 0.000000, lapack_dtpqrt
State, th3, TASK, 0.020136, 0.020887, 0.000752, 0.000000, lapack_dtpmqrt
State, th3, TASK, 0.020891, 0.021492, 0.000601, 0.000000, lapack_dgeqrt
State, th3, TASK, 0.021501, 0.021931, 0.000430, 0.000000, lapack_dlarfb
State, th3, TASK, 0.021934, 0.022347, 0.000413, 0.000000, lapack_dlarfb
State, th3, TASK, 0.022351, 0.022764, 0.000413, 0.000000, lapack_dlarfb
State, th3, TASK, 0.022768, 0.023537, 0.000770, 0.000000, lapack_dtpmqrt
State, th3, TASK, 0.023541, 0.024287, 0.000746, 0.000000, lapack_dtpmqrt
State, th3, TASK, 0.024290, 0.025034, 0.000744, 0.000000, lapack_dtpmqrt
State, th3, TASK, 0.025038, 0.025775, 0.000737, 0.000000, lapack_dtpmqrt
State, th3, TASK, 0.025778, 0.026523, 0.000746, 0.000000, lapack_dtpmqrt
State, th3, TASK, 0.026527, 0.026966, 0.000439, 0.000000, lapack_dlarfb
State, th3, TASK, 0.026972, 0.027738, 0.000765, 0.000000, lapack_dtpmqrt
State, th3, TASK, 0.027741, 0.028500, 0.000759, 0.000000, lapack_dtpmqrt
State, th3, TASK, 0.028504, 0.029249, 0.000745, 0.000000, lapack_dtpmqrt
State, th3, TASK, 0.029253, 0.029999, 0.000746, 0.000000, lapack_dtpmqrt
State, th3, TASK, 0.030005, 0.030754, 0.000748, 0.000000, lapack_dtpmqrt
State, th3, TASK, 0.030758, 0.031525, 0.000767, 0.000000, lapack_dtpmqrt
State, th3, TASK, 0.031529, 0.032293, 0.000764, 0.000000, lapack_dtpmqrt
State, th3, TASK, 0.032296, 0.033053, 0.000757, 0.000000, lapack_dtpmqrt
State, th3, TASK, 0.033056, 0.033803, 0.000747, 0.000000, lapack_dtpmqrt
State, th3, TASK, 0.033807, 0.034552, 0.000745, 0.000000, lapack_dtpmqrt
State, th3, TASK, 0.034556, 0.035313, 0.000757, 0.000000, lapack_dtpmqrt
State, th3, TASK, 0.035317, 0.036088, 0.000771, 0.000000, lapack_dtpmqrt
State, th3, TASK, 0.036091, 0.036855, 0.000764, 0.000000, lapack_dtpmqrt
State, th3, TASK, 0.036859, 0.037623, 0.000765, 0.000000, lapack_dtpmqrt
State, th3, TASK, 0.037626, 0.038391, 0.000765, 0.000000, lapack_dtpmqrt
State, th3, TASK, 0.038395, 0.039173, 0.000778, 0.000000, lapack_dtpmqrt
State, th3, TASK, 0.039176, 0.039913, 0.000737, 0.000000, lapack_dtpmqrt
State, th3, TASK, 0.039916, 0.040653, 0.000736, 0.000000, lapack_dtpmqrt
State, th3, TASK, 0.040657, 0.041398, 0.000741, 0.000000, lapack_dtpmqrt
State, th3, TASK, 0.041401, 0.042144, 0.000743, 0.000000, lapack_dtpmqrt
State, th3, TASK, 0.042147, 0.042896, 0.000749, 0.000000, lapack_dtpmqrt
State, th3, TASK, 0.042902, 0.043663, 0.000761, 0.000000, lapack_dtpmqrt
State, th3, TASK, 0.043666, 0.044412, 0.000746, 0.000000, lapack_dtpmqrt
State, th3, TASK, 0.044416, 0.045168, 0.000752, 0.000000, lapack_dtpmqrt
State, th3, TASK, 0.045171, 0.045916, 0.000745, 0.000000, lapack_dtpmqrt
State, th3, TASK, 0.045922, 0.046700, 0.000777, 0.000000, lapack_dtpmqrt
State, th3, TASK, 0.046704, 0.047488, 0.000785, 0.000000, lapack_dtpmqrt
State, th3, TASK, 0.047493, 0.048274, 0.000781, 0.000000, lapack_dtpmqrt
State, th3, TASK, 0.048278, 0.049051, 0.000773, 0.000000, lapack_dtpmqrt
State, th3, TASK, 0.049054, 0.049828, 0.000774, 0.000000, lapack_dtpmqrt
State, th3, TASK, 0.049832, 0.050605, 0.000773, 0.000000, lapack_dtpmqrt
State, th3, TASK, 0.050608, 0.051379, 0.000771, 0.000000, lapack_dtpmqrt
State, th3, TASK, 0.051382, 0.052132, 0.000750, 0.000000, lapack_dtpmqrt
State, th3, TASK, 0.052136, 0.052888, 0.000752, 0.000000, lapack_dtpmqrt
State, th3, TASK, 0.052892, 0.053648, 0.000756, 0.000000, lapack_dtpmqrt
State, th3, TASK, 0.053651, 0.054406, 0.000755, 0.000000, lapack_dtpmqrt
State, th3, TASK, 0.054409, 0.055172, 0.000763, 0.000000, lapack_dtpmqrt
State, th3, TASK, 0.055176, 0.055928, 0.000751, 0.000000, lapack_dtpmqrt
State, th3, TASK, 0.055931, 0.056679, 0.000749, 0.000000, lapack_dtpmqrt
State, th3, TASK, 0.056689, 0.057465, 0.000777, 0.000000, lapack_dtpmqrt
State, th3, TASK, 0.057468, 0.058230, 0.000761, 0.000000, lapack_dtpmqrt
State, th3, TASK, 0.058234, 0.058995, 0.000761, 0.000000, lapack_dtpmqrt
State, th3, TASK, 0.058999, 0.059747, 0.000748, 0.000000, lapack_dtpmqrt
State, th3, TASK, 0.059750, 0.060500, 0.000750, 0.000000, lapack_dtpmqrt
State, th3, TASK, 0.060503, 0.061257, 0.000754, 0.000000, lapack_dtpmqrt
State, th3, TASK, 0.061261, 0.062012, 0.000751, 0.000000, lapack_dtpmqrt
State, th3, TASK, 0.062016, 0.062763, 0.000748, 0.000000, lapack_dtpmqrt
State, th3, TASK, 0.062767, 0.063531, 0.000764, 0.000000, lapack_dtpmqrt
State, th3, TASK, 0.063534, 0.064289, 0.000755, 0.000000, lapack_dtpmqrt
State, th3, TASK, 0.064292, 0.065047, 0.000755, 0.000000, lapack_dtpmqrt
State, th3, TASK, 0.065051, 0.065807, 0.000757, 0.000000, lapack_dtpmqrt
State, th3, TASK, 0.065810, 0.066571, 0.000761, 0.000000, lapack_dtpmqrt
State, th3, TASK, 0.066575, 0.067349, 0.000774, 0.000000, lapack_dtpmqrt
State, th3, TASK, 0.067353, 0.068105, 0.000752, 0.000000, lapack_dtpmqrt
State, th3, TASK, 0.068108, 0.068859, 0.000751, 0.000000, lapack_dtpmqrt
State, th3, TASK, 0.068862, 0.069614, 0.000752, 0.000000, lapack_dtpmqrt
State, th3, TASK, 0.069617, 0.070374, 0.000757, 0.000000, lapack_dtpmqrt
State, th3, TASK, 0.070377, 0.071139, 0.000761, 0.000000, lapack_dtpmqrt
State, th3, TASK, 0.071142, 0.071895, 0.000752, 0.000000, lapack_dtpmqrt
State, th3, TASK, 0.071898, 0.072648, 0.000750, 0.000000, lapack_dtpmqrt
State, th3, TASK, 0.072651, 0.073406, 0.000755, 0.000000, lapack_dtpmqrt
State, th3, TASK, 0.073409, 0.074158, 0.000749, 0.000000, lapack_dtpmqrt
State, th3, TASK, 0.074161, 0.074920, 0.000759, 0.000000, lapack_dtpmqrt
State, th3, TASK, 0.074923, 0.075671, 0.000748, 0.000000, lapack_dtpmqrt
State, th3, TASK, 0.075675, 0.076425, 0.000751, 0.000000, lapack_dtpmqrt
State, th3, TASK, 0.076429, 0.077178, 0.000749, 0.000000, lapack_dtpmqrt
State, th3, TASK, 0.077182, 0.077942, 0.000760, 0.000000, lapack_dtpmqrt
State, th3, TASK, 0.077945, 0.078697, 0.000751, 0.000000, lapack_dtpmqrt
State, th3, TASK, 0.078700, 0.079458, 0.000759, 0.000000, lapack_dtpmqrt
State, th3, TASK, 0.079462, 0.080217, 0.000755, 0.000000, lapack_dtpmqrt
State, th3, TASK, 0.080220, 0.080977, 0.000757, 0.000000, lapack_dtpmqrt
State, th3, TASK, 0.080980, 0.081731, 0.000751, 0.000000, lapack_dtpmqrt
State, th3, TASK, 0.081734, 0.082485, 0.000751, 0.000000, lapack_dtpmqrt
State, th3, TASK, 0.082489, 0.083251, 0.000762, 0.000000, lapack_dtpmqrt
State, th3, TASK, 0.083255, 0.084011, 0.000756, 0.000000, lapack_dtpmqrt
State, th3, TASK, 0.084014, 0.084768, 0.000754, 0.000000, lapack_dtpmqrt
State, th3, TASK, 0.084771, 0.085526, 0.000755, 0.000000, lapack_dtpmqrt
State, th3, TASK, 0.085530, 0.086282, 0.000753, 0.000000, lapack_dtpmqrt
State, th3, TASK, 0.086286, 0.087047, 0.000762, 0.000000, lapack_dtpmqrt
State, th3, TASK, 0.087050, 0.087801, 0.000751, 0.000000, lapack_dtpmqrt
State, th3, TASK, 0.087804, 0.088557, 0.000753, 0.000000, lapack_dtpmqrt
State, th3, TASK, 0.088561, 0.089310, 0.000749, 0.000000, lapack_dtpmqrt
State, th3, TASK, 0.089314, 0.090066, 0.000752, 0.000000, lapack_dtpmqrt
State, th3, TASK, 0.090070, 0.090868, 0.000797, 0.000000, lapack_dtpmqrt
State, th3, TASK, 0.090872, 0.091646, 0.000774, 0.000000, lapack_dtpmqrt
State, th3, TASK, 0.091649, 0.092424, 0.000775, 0.000000, lapack_dtpmqrt
State, th3, TASK, 0.092427, 0.093203, 0.000776, 0.000000, lapack_dtpmqrt
State, th3, TASK, 0.093206, 0.093986, 0.000779, 0.000000, lapack_dtpmqrt
State, th3, TASK, 0.093989, 0.094756, 0.000767, 0.000000, lapack_dtpmqrt
State, th3, TASK, 0.094760, 0.095531, 0.000771, 0.000000, lapack_dtpmqrt
State, th3, TASK, 0.095535, 0.096297, 0.000762, 0.000000, lapack_dtpmqrt
State, th3, TASK, 0.096300, 0.097059, 0.000759, 0.000000, lapack_dtpmqrt
State, th3, TASK, 0.097062, 0.097824, 0.000762, 0.000000, lapack_dtpmqrt
State, th3, TASK, 0.097828, 0.098606, 0.000779, 0.000000, lapack_dtpmqrt
State, th3, TASK, 0.098609, 0.099401, 0.000791, 0.000000, lapack_dtpmqrt
State, th3, TASK, 0.099404, 0.100191, 0.000787, 0.000000, lapack_dtpmqrt
State, th3, TASK, 0.100194, 0.100972, 0.000778, 0.000000, lapack_dtpmqrt
State, th3, TASK, 0.100976, 0.101742, 0.000767, 0.000000, lapack_dtpmqrt
State, th3, TASK, 0.101746, 0.102515, 0.000769, 0.000000, lapack_dtpmqrt
State, th3, TASK, 0.102518, 0.103283, 0.000766, 0.000000, lapack_dtpmqrt
State, th3, TASK, 0.103287, 0.104056, 0.000769, 0.000000, lapack_dtpmqrt
State, th3, TASK, 0.104059, 0.104828, 0.000769, 0.000000, lapack_dtpmqrt
State, th3, TASK, 0.104832, 0.105592, 0.000760, 0.000000, lapack_dtpmqrt
State, th3, TASK, 0.105602, 0.106359, 0.000758, 0.000000, lapack_dtpmqrt
State, th3, TASK, 0.106363, 0.107133, 0.000771, 0.000000, lapack_dtpmqrt
State, th3, TASK, 0.107137, 0.107905, 0.000768, 0.000000, lapack_dtpmqrt
State, th3, TASK, 0.107908, 0.108678, 0.000770, 0.000000, lapack_dtpmqrt
State, th3, TASK, 0.108682, 0.109450, 0.000768, 0.000000, lapack_dtpmqrt
State, th3, TASK, 0.109454, 0.110209, 0.000755, 0.000000, lapack_dtpmqrt
State, th3, TASK, 0.110212, 0.110974, 0.000762, 0.000000, lapack_dtpmqrt
State, th3, TASK, 0.110977, 0.111732, 0.000756, 0.000000, lapack_dtpmqrt
State, th3, TASK, 0.111736, 0.112490, 0.000754, 0.000000, lapack_dtpmqrt
State, th3, TASK, 0.112493, 0.113256, 0.000763, 0.000000, lapack_dtpmqrt
State, th3, TASK, 0.113261, 0.114019, 0.000759, 0.000000, lapack_dtpmqrt
State, th3, TASK, 0.114022, 0.114787, 0.000764, 0.000000, lapack_dtpmqrt
State, th3, TASK, 0.114791, 0.115555, 0.000764, 0.000000, lapack_dtpmqrt
State, th3, TASK, 0.115559, 0.116311, 0.000752, 0.000000, lapack_dtpmqrt
State, th3, TASK, 0.116314, 0.117069, 0.000754, 0.000000, lapack_dtpmqrt
State, th3, TASK, 0.117072, 0.117823, 0.000751, 0.000000, lapack_dtpmqrt
State, th3, TASK, 0.117826, 0.118571, 0.000745, 0.000000, lapack_dtpmqrt
State, th3, TASK, 0.118575, 0.119328, 0.000753, 0.000000, lapack_dtpmqrt
State, th3, TASK, 0.119332, 0.120071, 0.000739, 0.000000, lapack_dtpmqrt
State, th3, TASK, 0.120074, 0.120813, 0.000739, 0.000000, lapack_dtpmqrt
State, th3, TASK, 0.120817, 0.121366, 0.000549, 0.000000, lapack_dtpqrt
State, th3, TASK, 0.121379, 0.122127, 0.000748, 0.000000, lapack_dtpmqrt
State, th3, TASK, 0.122130, 0.122900, 0.000771, 0.000000, lapack_dtpmqrt
State, th3, TASK, 0.122904, 0.123675, 0.000771, 0.000000, lapack_dtpmqrt
State, th3, TASK, 0.123678, 0.124431, 0.000753, 0.000000, lapack_dtpmqrt
State, th3, TASK, 0.124434, 0.125184, 0.000750, 0.000000, lapack_dtpmqrt
State, th3, TASK, 0.125187, 0.125925, 0.000738, 0.000000, lapack_dtpmqrt
State, th3, TASK, 0.125928, 0.126680, 0.000751, 0.000000, lapack_dtpmqrt
State, th3, TASK, 0.126683, 0.127430, 0.000748, 0.000000, lapack_dtpmqrt
State, th3, TASK, 0.127434, 0.128175, 0.000741, 0.000000, lapack_dtpmqrt
State, th3, TASK, 0.128180, 0.128596, 0.000415, 0.000000, lapack_dlarfb
State, th3, TASK, 0.128601, 0.129382, 0.000782, 0.000000, lapack_dtpmqrt
State, th3, TASK, 0.129386, 0.130149, 0.000764, 0.000000, lapack_dtpmqrt
State, th3, TASK, 0.130153, 0.130919, 0.000767, 0.000000, lapack_dtpmqrt
State, th3, TASK, 0.130924, 0.131683, 0.000760, 0.000000, lapack_dtpmqrt
State, th3, TASK, 0.131686, 0.132452, 0.000766, 0.000000, lapack_dtpmqrt
State, th3, TASK, 0.132456, 0.133222, 0.000767, 0.000000, lapack_dtpmqrt
State, th3, TASK, 0.133226, 0.133990, 0.000764, 0.000000, lapack_dtpmqrt
State, th3, TASK, 0.133993, 0.134760, 0.000767, 0.000000, lapack_dtpmqrt
State, th3, TASK, 0.134763, 0.135531, 0.000768, 0.000000, lapack_dtpmqrt
State, th3, TASK, 0.135534, 0.136299, 0.000766, 0.000000, lapack_dtpmqrt
State, th3, TASK, 0.136303, 0.137074, 0.000771, 0.000000, lapack_dtpmqrt
State, th3, TASK, 0.137077, 0.137846, 0.000769, 0.000000, lapack_dtpmqrt
State, th3, TASK, 0.137850, 0.138616, 0.000766, 0.000000, lapack_dtpmqrt
State, th3, TASK, 0.138619, 0.139396, 0.000777, 0.000000, lapack_dtpmqrt
State, th3, TASK, 0.139400, 0.140174, 0.000774, 0.000000, lapack_dtpmqrt
State, th3, TASK, 0.140177, 0.140946, 0.000769, 0.000000, lapack_dtpmqrt
State, th3, TASK, 0.140950, 0.141726, 0.000777, 0.000000, lapack_dtpmqrt
State, th3, TASK, 0.141730, 0.142497, 0.000767, 0.000000, lapack_dtpmqrt
State, th3, TASK, 0.142500, 0.143272, 0.000771, 0.000000, lapack_dtpmqrt
State, th3, TASK, 0.143275, 0.144045, 0.000770, 0.000000, lapack_dtpmqrt
State, th3, TASK, 0.144048, 0.144824, 0.000775, 0.000000, lapack_dtpmqrt
State, th3, TASK, 0.144827, 0.145592, 0.000766, 0.000000, lapack_dtpmqrt
State, th3, TASK, 0.145596, 0.146365, 0.000769, 0.000000, lapack_dtpmqrt
State, th3, TASK, 0.146369, 0.146803, 0.000434, 0.000000, lapack_dlarfb
State, th3, TASK, 0.146808, 0.147570, 0.000761, 0.000000, lapack_dtpmqrt
State, th3, TASK, 0.147573, 0.148322, 0.000748, 0.000000, lapack_dtpmqrt
State, th3, TASK, 0.148325, 0.149065, 0.000740, 0.000000, lapack_dtpmqrt
State, th3, TASK, 0.149069, 0.149808, 0.000739, 0.000000, lapack_dtpmqrt
State, th3, TASK, 0.149811, 0.150557, 0.000745, 0.000000, lapack_dtpmqrt
State, th3, TASK, 0.150560, 0.151316, 0.000756, 0.000000, lapack_dtpmqrt
State, th3, TASK, 0.151320, 0.152068, 0.000748, 0.000000, lapack_dtpmqrt
State, th3, TASK, 0.152071, 0.152827, 0.000756, 0.000000, lapack_dtpmqrt
State, th3, TASK, 0.152832, 0.153607, 0.000775, 0.000000, lapack_dtpmqrt
State, th3, TASK, 0.153615, 0.154387, 0.000772, 0.000000, lapack_dtpmqrt
State, th3, TASK, 0.154391, 0.155163, 0.000772, 0.000000, lapack_dtpmqrt
State, th3, TASK, 0.155168, 0.155927, 0.000759, 0.000000, lapack_dtpmqrt
State, th3, TASK, 0.155930, 0.156692, 0.000762, 0.000000, lapack_dtpmqrt
State, th3, TASK, 0.156695, 0.157458, 0.000763, 0.000000, lapack_dtpmqrt
State, th3, TASK, 0.157461, 0.158223, 0.000762, 0.000000, lapack_dtpmqrt
State, th3, TASK, 0.158226, 0.158993, 0.000767, 0.000000, lapack_dtpmqrt
State, th3, TASK, 0.158996, 0.159748, 0.000752, 0.000000, lapack_dtpmqrt
State, th3, TASK, 0.159751, 0.160499, 0.000748, 0.000000, lapack_dtpmqrt
State, th3, TASK, 0.160502, 0.161249, 0.000746, 0.000000, lapack_dtpmqrt
State, th3, TASK, 0.161252, 0.161998, 0.000745, 0.000000, lapack_dtpmqrt
State, th3, TASK, 0.162001, 0.162749, 0.000748, 0.000000, lapack_dtpmqrt
State, th3, TASK, 0.162751, 0.163505, 0.000753, 0.000000, lapack_dtpmqrt
State, th3, TASK, 0.163508, 0.164254, 0.000746, 0.000000, lapack_dtpmqrt
State, th3, TASK, 0.164257, 0.165005, 0.000747, 0.000000, lapack_dtpmqrt
State, th3, TASK, 0.165009, 0.165770, 0.000761, 0.000000, lapack_dtpmqrt
State, th3, TASK, 0.165773, 0.166521, 0.000748, 0.000000, lapack_dtpmqrt
State, th3, TASK, 0.166525, 0.167276, 0.000751, 0.000000, lapack_dtpmqrt
State, th3, TASK, 0.167280, 0.168024, 0.000744, 0.000000, lapack_dtpmqrt
State, th3, TASK, 0.168028, 0.168779, 0.000751, 0.000000, lapack_dtpmqrt
State, th3, TASK, 0.168782, 0.169548, 0.000766, 0.000000, lapack_dtpmqrt
State, th3, TASK, 0.169551, 0.170308, 0.000757, 0.000000, lapack_dtpmqrt
State, th3, TASK, 0.170430, 0.171214, 0.000783, 0.000000, lapack_dtpmqrt
State, th3, TASK, 0.171264, 0.172019, 0.000754, 0.000000, lapack_dtpmqrt
State, th3, TASK, 0.172022, 0.172765, 0.000742, 0.000000, lapack_dtpmqrt
State, th3, TASK, 0.172769, 0.173508, 0.000740, 0.000000, lapack_dtpmqrt
State, th3, TASK, 0.173512, 0.174248, 0.000737, 0.000000, lapack_dtpmqrt
State, th3, TASK, 0.174252, 0.174999, 0.000747, 0.000000, lapack_dtpmqrt
State, th3, TASK, 0.175002, 0.175742, 0.000740, 0.000000, lapack_dtpmqrt
State, th3, TASK, 0.175745, 0.176483, 0.000738, 0.000000, lapack_dtpmqrt
State, th3, TASK, 0.176486, 0.177226, 0.000740, 0.000000, lapack_dtpmqrt
State, th3, TASK, 0.177230, 0.177971, 0.000741, 0.000000, lapack_dtpmqrt
State, th3, TASK, 0.177974, 0.178723, 0.000749, 0.000000, lapack_dtpmqrt
State, th3, TASK, 0.178726, 0.179478, 0.000752, 0.000000, lapack_dtpmqrt
State, th3, TASK, 0.179482, 0.180220, 0.000739, 0.000000, lapack_dtpmqrt
State, th3, TASK, 0.180224, 0.180961, 0.000737, 0.000000, lapack_dtpmqrt
State, th3, TASK, 0.180964, 0.181708, 0.000744, 0.000000, lapack_dtpmqrt
State, th3, TASK, 0.181711, 0.182455, 0.000744, 0.000000, lapack_dtpmqrt
State, th3, TASK, 0.182458, 0.183203, 0.000745, 0.000000, lapack_dtpmqrt
State, th3, TASK, 0.183207, 0.183946, 0.000739, 0.000000, lapack_dtpmqrt
State, th3, TASK, 0.183951, 0.184499, 0.000548, 0.000000, lapack_dtpqrt
State, th3, TASK, 0.184509, 0.185271, 0.000762, 0.000000, lapack_dtpmqrt
State, th3, TASK, 0.185274, 0.186032, 0.000757, 0.000000, lapack_dtpmqrt
State, th3, TASK, 0.186035, 0.186789, 0.000754, 0.000000, lapack_dtpmqrt
State, th3, TASK, 0.186792, 0.187559, 0.000767, 0.000000, lapack_dtpmqrt
State, th3, TASK, 0.187563, 0.188326, 0.000764, 0.000000, lapack_dtpmqrt
State, th3, TASK, 0.188330, 0.189094, 0.000764, 0.000000, lapack_dtpmqrt
State, th3, TASK, 0.189097, 0.189858, 0.000762, 0.000000, lapack_dtpmqrt
State, th3, TASK, 0.189862, 0.190625, 0.000763, 0.000000, lapack_dtpmqrt
State, th3, TASK, 0.190682, 0.191454, 0.000772, 0.000000, lapack_dtpmqrt
State, th3, TASK, 0.191458, 0.192216, 0.000758, 0.000000, lapack_dtpmqrt
State, th3, TASK, 0.192219, 0.192972, 0.000753, 0.000000, lapack_dtpmqrt
State, th3, TASK, 0.192975, 0.193730, 0.000755, 0.000000, lapack_dtpmqrt
State, th3, TASK, 0.193733, 0.194489, 0.000756, 0.000000, lapack_dtpmqrt
State, th3, TASK, 0.194627, 0.195420, 0.000793, 0.000000, lapack_dtpmqrt
State, th3, TASK, 0.195423, 0.196203, 0.000780, 0.000000, lapack_dtpmqrt
State, th3, TASK, 0.196207, 0.196974, 0.000767, 0.000000, lapack_dtpmqrt
State, th3, TASK, 0.196977, 0.197744, 0.000767, 0.000000, lapack_dtpmqrt
State, th3, TASK, 0.197747, 0.198530, 0.000782, 0.000000, lapack_dtpmqrt
State, th3, TASK, 0.198533, 0.199323, 0.000789, 0.000000, lapack_dtpmqrt
State, th3, TASK, 0.199326, 0.200099, 0.000772, 0.000000, lapack_dtpmqrt
State, th3, TASK, 0.200102, 0.200876, 0.000774, 0.000000, lapack_dtpmqrt
State, th3, TASK, 0.200890, 0.201680, 0.000790, 0.000000, lapack_dtpmqrt
State, th3, TASK, 0.201684, 0.202460, 0.000776, 0.000000, lapack_dtpmqrt
State, th3, TASK, 0.202469, 0.203256, 0.000788, 0.000000, lapack_dtpmqrt
State, th3, TASK, 0.203260, 0.204046, 0.000787, 0.000000, lapack_dtpmqrt
State, th3, TASK, 0.204050, 0.204830, 0.000780, 0.000000, lapack_dtpmqrt
State, th3, TASK, 0.204833, 0.205618, 0.000785, 0.000000, lapack_dtpmqrt
State, th3, TASK, 0.205622, 0.206402, 0.000780, 0.000000, lapack_dtpmqrt
State, th3, TASK, 0.206405, 0.207189, 0.000784, 0.000000, lapack_dtpmqrt
State, th3, TASK, 0.207192, 0.207970, 0.000778, 0.000000, lapack_dtpmqrt
State, th3, TASK, 0.207973, 0.208751, 0.000778, 0.000000, lapack_dtpmqrt
State, th3, TASK, 0.208755, 0.209531, 0.000776, 0.000000, lapack_dtpmqrt
State, th3, TASK, 0.209534, 0.210311, 0.000777, 0.000000, lapack_dtpmqrt
State, th3, TASK, 0.210314, 0.211099, 0.000785, 0.000000, lapack_dtpmqrt
State, th3, TASK, 0.211102, 0.211874, 0.000772, 0.000000, lapack_dtpmqrt
State, th3, TASK, 0.211878, 0.212654, 0.000776, 0.000000, lapack_dtpmqrt
State, th3, TASK, 0.212657, 0.213431, 0.000775, 0.000000, lapack_dtpmqrt
State, th3, TASK, 0.213435, 0.214218, 0.000783, 0.000000, lapack_dtpmqrt
State, th3, TASK, 0.214222, 0.215008, 0.000786, 0.000000, lapack_dtpmqrt
State, th3, TASK, 0.215011, 0.215785, 0.000773, 0.000000, lapack_dtpmqrt
State, th3, TASK, 0.216347, 0.217154, 0.000807, 0.000000, lapack_dtpmqrt
State, th3, TASK, 0.217158, 0.217959, 0.000801, 0.000000, lapack_dtpmqrt
State, th3, TASK, 0.217963, 0.218751, 0.000789, 0.000000, lapack_dtpmqrt
State, th3, TASK, 0.218755, 0.219548, 0.000793, 0.000000, lapack_dtpmqrt
State, th3, TASK, 0.219552, 0.220334, 0.000782, 0.000000, lapack_dtpmqrt
State, th3, TASK, 0.220337, 0.221120, 0.000783, 0.000000, lapack_dtpmqrt
State, th3, TASK, 0.221124, 0.221904, 0.000780, 0.000000, lapack_dtpmqrt
State, th3, TASK, 0.221908, 0.222692, 0.000785, 0.000000, lapack_dtpmqrt
State, th3, TASK, 0.222697, 0.223489, 0.000793, 0.000000, lapack_dtpmqrt
State, th3, TASK, 0.223493, 0.224267, 0.000775, 0.000000, lapack_dtpmqrt
State, th3, TASK, 0.224271, 0.225046, 0.000775, 0.000000, lapack_dtpmqrt
State, th3, TASK, 0.225049, 0.225832, 0.000783, 0.000000, lapack_dtpmqrt
State, th3, TASK, 0.225836, 0.226615, 0.000780, 0.000000, lapack_dtpmqrt
State, th3, TASK, 0.226619, 0.227412, 0.000792, 0.000000, lapack_dtpmqrt
State, th3, TASK, 0.227415, 0.228204, 0.000789, 0.000000, lapack_dtpmqrt
State, th3, TASK, 0.228208, 0.228991, 0.000783, 0.000000, lapack_dtpmqrt
State, th3, TASK, 0.228994, 0.229774, 0.000780, 0.000000, lapack_dtpmqrt
State, th3, TASK, 0.229778, 0.230558, 0.000781, 0.000000, lapack_dtpmqrt
State, th3, TASK, 0.230562, 0.231345, 0.000783, 0.000000, lapack_dtpmqrt
State, th3, TASK, 0.231349, 0.232126, 0.000776, 0.000000, lapack_dtpmqrt
State, th3, TASK, 0.232129, 0.232904, 0.000775, 0.000000, lapack_dtpmqrt
State, th3, TASK, 0.232908, 0.233704, 0.000797, 0.000000, lapack_dtpmqrt
State, th3, TASK, 0.233707, 0.234493, 0.000786, 0.000000, lapack_dtpmqrt
State, th3, TASK, 0.234500, 0.234953, 0.000453, 0.000000, lapack_dlarfb
State, th3, TASK, 0.235452, 0.236209, 0.000757, 0.000000, lapack_dtpmqrt
State, th3, TASK, 0.236213, 0.236974, 0.000762, 0.000000, lapack_dtpmqrt
State, th3, TASK, 0.236978, 0.237738, 0.000760, 0.000000, lapack_dtpmqrt
State, th3, TASK, 0.237742, 0.238503, 0.000762, 0.000000, lapack_dtpmqrt
State, th3, TASK, 0.238507, 0.239275, 0.000767, 0.000000, lapack_dtpmqrt
State, th3, TASK, 0.239279, 0.240066, 0.000787, 0.000000, lapack_dtpmqrt
State, th3, TASK, 0.240069, 0.240848, 0.000779, 0.000000, lapack_dtpmqrt
State, th3, TASK, 0.240851, 0.241623, 0.000772, 0.000000, lapack_dtpmqrt
State, th3, TASK, 0.241626, 0.242399, 0.000773, 0.000000, lapack_dtpmqrt
State, th3, TASK, 0.242403, 0.243184, 0.000781, 0.000000, lapack_dtpmqrt
State, th3, TASK, 0.243187, 0.243951, 0.000763, 0.000000, lapack_dtpmqrt
State, th3, TASK, 0.243954, 0.244720, 0.000766, 0.000000, lapack_dtpmqrt
State, th3, TASK, 0.244724, 0.245484, 0.000760, 0.000000, lapack_dtpmqrt
State, th3, TASK, 0.245488, 0.246241, 0.000753, 0.000000, lapack_dtpmqrt
State, th3, TASK, 0.246244, 0.247020, 0.000776, 0.000000, lapack_dtpmqrt
State, th3, TASK, 0.247023, 0.247781, 0.000758, 0.000000, lapack_dtpmqrt
State, th3, TASK, 0.247785, 0.248544, 0.000759, 0.000000, lapack_dtpmqrt
State, th3, TASK, 0.248547, 0.249308, 0.000761, 0.000000, lapack_dtpmqrt
State, th3, TASK, 0.249312, 0.250071, 0.000759, 0.000000, lapack_dtpmqrt
State, th3, TASK, 0.250074, 0.250836, 0.000762, 0.000000, lapack_dtpmqrt
State, th3, TASK, 0.250841, 0.251599, 0.000758, 0.000000, lapack_dtpmqrt
State, th3, TASK, 0.251603, 0.252357, 0.000755, 0.000000, lapack_dtpmqrt
State, th3, TASK, 0.252361, 0.253114, 0.000754, 0.000000, lapack_dtpmqrt
State, th3, TASK, 0.253122, 0.253886, 0.000764, 0.000000, lapack_dtpmqrt
State, th3, TASK, 0.253889, 0.254648, 0.000759, 0.000000, lapack_dtpmqrt
State, th3, TASK, 0.254653, 0.255424, 0.000772, 0.000000, lapack_dtpmqrt
State, th3, TASK, 0.255427, 0.256198, 0.000771, 0.000000, lapack_dtpmqrt
State, th3, TASK, 0.256207, 0.256968, 0.000761, 0.000000, lapack_dtpmqrt
State, th3, TASK, 0.256972, 0.257729, 0.000757, 0.000000, lapack_dtpmqrt
State, th3, TASK, 0.257733, 0.258490, 0.000757, 0.000000, lapack_dtpmqrt
State, th3, TASK, 0.258493, 0.259259, 0.000766, 0.000000, lapack_dtpmqrt
State, th3, TASK, 0.259262, 0.260021, 0.000759, 0.000000, lapack_dtpmqrt
State, th3, TASK, 0.260025, 0.260781, 0.000756, 0.000000, lapack_dtpmqrt
State, th3, TASK, 0.260785, 0.261540, 0.000756, 0.000000, lapack_dtpmqrt
State, th3, TASK, 0.261564, 0.262367, 0.000803, 0.000000, lapack_dtpmqrt
State, th3, TASK, 0.262371, 0.263155, 0.000784, 0.000000, lapack_dtpmqrt
State, th3, TASK, 0.263158, 0.263932, 0.000774, 0.000000, lapack_dtpmqrt
State, th3, TASK, 0.263936, 0.264707, 0.000771, 0.000000, lapack_dtpmqrt
State, th3, TASK, 0.265071, 0.265843, 0.000772, 0.000000, lapack_dtpmqrt
State, th3, TASK, 0.265847, 0.266612, 0.000765, 0.000000, lapack_dtpmqrt
State, th3, TASK, 0.266615, 0.267386, 0.000771, 0.000000, lapack_dtpmqrt
State, th3, TASK, 0.267391, 0.268158, 0.000767, 0.000000, lapack_dtpmqrt
State, th3, TASK, 0.268161, 0.268930, 0.000769, 0.000000, lapack_dtpmqrt
State, th3, TASK, 0.268940, 0.269719, 0.000779, 0.000000, lapack_dtpmqrt
State, th3, TASK, 0.269723, 0.270491, 0.000769, 0.000000, lapack_dtpmqrt
State, th3, TASK, 0.270495, 0.271271, 0.000776, 0.000000, lapack_dtpmqrt
State, th3, TASK, 0.271274, 0.272034, 0.000760, 0.000000, lapack_dtpmqrt
State, th3, TASK, 0.272038, 0.272797, 0.000760, 0.000000, lapack_dtpmqrt
State, th3, TASK, 0.272801, 0.273560, 0.000760, 0.000000, lapack_dtpmqrt
State, th3, TASK, 0.273564, 0.274321, 0.000757, 0.000000, lapack_dtpmqrt
State, th3, TASK, 0.274325, 0.275090, 0.000765, 0.000000, lapack_dtpmqrt
State, th3, TASK, 0.275093, 0.275855, 0.000762, 0.000000, lapack_dtpmqrt
State, th3, TASK, 0.275858, 0.276618, 0.000760, 0.000000, lapack_dtpmqrt
State, th3, TASK, 0.276622, 0.277383, 0.000762, 0.000000, lapack_dtpmqrt
State, th3, TASK, 0.277386, 0.278148, 0.000762, 0.000000, lapack_dtpmqrt
State, th3, TASK, 0.278172, 0.278969, 0.000797, 0.000000, lapack_dtpmqrt
State, th3, TASK, 0.278972, 0.279747, 0.000775, 0.000000, lapack_dtpmqrt
State, th3, TASK, 0.279751, 0.280522, 0.000771, 0.000000, lapack_dtpmqrt
State, th3, TASK, 0.280542, 0.281326, 0.000784, 0.000000, lapack_dtpmqrt
State, th3, TASK, 0.281329, 0.282104, 0.000775, 0.000000, lapack_dtpmqrt
State, th3, TASK, 0.282107, 0.282891, 0.000783, 0.000000, lapack_dtpmqrt
State, th3, TASK, 0.282894, 0.283666, 0.000773, 0.000000, lapack_dtpmqrt
State, th3, TASK, 0.283670, 0.284431, 0.000761, 0.000000, lapack_dtpmqrt
State, th3, TASK, 0.284435, 0.285195, 0.000760, 0.000000, lapack_dtpmqrt
State, th3, TASK, 0.285198, 0.285956, 0.000758, 0.000000, lapack_dtpmqrt
State, th3, TASK, 0.285959, 0.286716, 0.000757, 0.000000, lapack_dtpmqrt
State, th3, TASK, 0.286719, 0.287485, 0.000766, 0.000000, lapack_dtpmqrt
State, th3, TASK, 0.287488, 0.288256, 0.000768, 0.000000, lapack_dtpmqrt
State, th3, TASK, 0.288260, 0.289029, 0.000770, 0.000000, lapack_dtpmqrt
State, th3, TASK, 0.289033, 0.289800, 0.000768, 0.000000, lapack_dtpmqrt
State, th3, TASK, 0.289804, 0.290569, 0.000764, 0.000000, lapack_dtpmqrt
State, th3, TASK, 0.290572, 0.291328, 0.000756, 0.000000, lapack_dtpmqrt
State, th3, TASK, 0.291331, 0.292087, 0.000756, 0.000000, lapack_dtpmqrt
State, th3, TASK, 0.292091, 0.292860, 0.000769, 0.000000, lapack_dtpmqrt
State, th3, TASK, 0.292863, 0.293635, 0.000772, 0.000000, lapack_dtpmqrt
State, th3, TASK, 0.293639, 0.294416, 0.000777, 0.000000, lapack_dtpmqrt
State, th3, TASK, 0.294419, 0.295207, 0.000787, 0.000000, lapack_dtpmqrt
State, th3, TASK, 0.295215, 0.295993, 0.000779, 0.000000, lapack_dtpmqrt
State, th3, TASK, 0.295997, 0.296763, 0.000766, 0.000000, lapack_dtpmqrt
State, th3, TASK, 0.296766, 0.297533, 0.000766, 0.000000, lapack_dtpmqrt
State, th3, TASK, 0.297536, 0.298307, 0.000772, 0.000000, lapack_dtpmqrt
State, th3, TASK, 0.298311, 0.299083, 0.000772, 0.000000, lapack_dtpmqrt
State, th3, TASK, 0.299086, 0.299848, 0.000762, 0.000000, lapack_dtpmqrt
State, th3, TASK, 0.299851, 0.300616, 0.000764, 0.000000, lapack_dtpmqrt
State, th3, TASK, 0.300619, 0.301382, 0.000763, 0.000000, lapack_dtpmqrt
State, th3, TASK, 0.301385, 0.302140, 0.000755, 0.000000, lapack_dtpmqrt
State, th3, TASK, 0.302408, 0.303214, 0.000806, 0.000000, lapack_dtpmqrt
State, th3, TASK, 0.303224, 0.304031, 0.000806, 0.000000, lapack_dtpmqrt
State, th3, TASK, 0.304034, 0.304822, 0.000788, 0.000000, lapack_dtpmqrt
State, th3, TASK, 0.304826, 0.305616, 0.000791, 0.000000, lapack_dtpmqrt
State, th3, TASK, 0.305620, 0.306401, 0.000782, 0.000000, lapack_dtpmqrt
State, th3, TASK, 0.306405, 0.307218, 0.000813, 0.000000, lapack_dtpmqrt
State, th3, TASK, 0.307221, 0.308015, 0.000793, 0.000000, lapack_dtpmqrt
State, th3, TASK, 0.308018, 0.308808, 0.000789, 0.000000, lapack_dtpmqrt
State, th3, TASK, 0.308811, 0.309601, 0.000790, 0.000000, lapack_dtpmqrt
State, th3, TASK, 0.309605, 0.310388, 0.000783, 0.000000, lapack_dtpmqrt
State, th3, TASK, 0.310391, 0.311177, 0.000786, 0.000000, lapack_dtpmqrt
State, th3, TASK, 0.311181, 0.311962, 0.000780, 0.000000, lapack_dtpmqrt
State, th3, TASK, 0.311965, 0.312746, 0.000781, 0.000000, lapack_dtpmqrt
State, th3, TASK, 0.312749, 0.313532, 0.000783, 0.000000, lapack_dtpmqrt
State, th3, TASK, 0.313536, 0.314323, 0.000787, 0.000000, lapack_dtpmqrt
State, th3, TASK, 0.314326, 0.315104, 0.000778, 0.000000, lapack_dtpmqrt
State, th3, TASK, 0.315108, 0.315871, 0.000763, 0.000000, lapack_dtpmqrt
State, th3, TASK, 0.315875, 0.316632, 0.000756, 0.000000, lapack_dtpmqrt
State, th3, TASK, 0.316635, 0.317399, 0.000764, 0.000000, lapack_dtpmqrt
State, th3, TASK, 0.317403, 0.318174, 0.000772, 0.000000, lapack_dtpmqrt
State, th3, TASK, 0.318178, 0.318955, 0.000777, 0.000000, lapack_dtpmqrt
State, th3, TASK, 0.318958, 0.319730, 0.000772, 0.000000, lapack_dtpmqrt
State, th3, TASK, 0.319733, 0.320509, 0.000776, 0.000000, lapack_dtpmqrt
State, th3, TASK, 0.320513, 0.321276, 0.000763, 0.000000, lapack_dtpmqrt
State, th3, TASK, 0.321279, 0.322048, 0.000768, 0.000000, lapack_dtpmqrt
State, th3, TASK, 0.322052, 0.322809, 0.000757, 0.000000, lapack_dtpmqrt
State, th3, TASK, 0.322812, 0.323572, 0.000760, 0.000000, lapack_dtpmqrt
State, th3, TASK, 0.323783, 0.324526, 0.000742, 0.000000, lapack_dtpmqrt
State, th3, TASK, 0.324529, 0.325277, 0.000748, 0.000000, lapack_dtpmqrt
State, th3, TASK, 0.325280, 0.326028, 0.000748, 0.000000, lapack_dtpmqrt
State, th3, TASK, 0.326031, 0.326782, 0.000750, 0.000000, lapack_dtpmqrt
State, th3, TASK, 0.326785, 0.327537, 0.000753, 0.000000, lapack_dtpmqrt
State, th3, TASK, 0.327552, 0.328306, 0.000753, 0.000000, lapack_dtpmqrt
State, th3, TASK, 0.328310, 0.329057, 0.000747, 0.000000, lapack_dtpmqrt
State, th3, TASK, 0.329060, 0.329806, 0.000746, 0.000000, lapack_dtpmqrt
State, th3, TASK, 0.329810, 0.330556, 0.000746, 0.000000, lapack_dtpmqrt
State, th3, TASK, 0.330884, 0.331637, 0.000752, 0.000000, lapack_dtpmqrt
State, th3, TASK, 0.331640, 0.332382, 0.000742, 0.000000, lapack_dtpmqrt
State, th3, TASK, 0.332385, 0.333125, 0.000739, 0.000000, lapack_dtpmqrt
State, th3, TASK, 0.333128, 0.333870, 0.000742, 0.000000, lapack_dtpmqrt
State, th3, TASK, 0.333873, 0.334618, 0.000745, 0.000000, lapack_dtpmqrt
State, th3, TASK, 0.334621, 0.335379, 0.000758, 0.000000, lapack_dtpmqrt
State, th3, TASK, 0.335382, 0.336127, 0.000744, 0.000000, lapack_dtpmqrt
State, th3, TASK, 0.336130, 0.336875, 0.000745, 0.000000, lapack_dtpmqrt
State, th3, TASK, 0.336878, 0.337624, 0.000746, 0.000000, lapack_dtpmqrt
State, th3, TASK, 0.337627, 0.338370, 0.000742, 0.000000, lapack_dtpmqrt
State, th3, TASK, 0.338419, 0.339165, 0.000746, 0.000000, lapack_dtpmqrt
State, th3, TASK, 0.339168, 0.339912, 0.000744, 0.000000, lapack_dtpmqrt
State, th3, TASK, 0.339915, 0.340664, 0.000749, 0.000000, lapack_dtpmqrt
State, th3, TASK, 0.340668, 0.341414, 0.000746, 0.000000, lapack_dtpmqrt
State, th3, TASK, 0.341417, 0.342166, 0.000749, 0.000000, lapack_dtpmqrt
State, th3, TASK, 0.342170, 0.342920, 0.000751, 0.000000, lapack_dtpmqrt
State, th3, TASK, 0.342924, 0.343347, 0.000423, 0.000000, lapack_dlarfb
State, th3, TASK, 0.343394, 0.344160, 0.000766, 0.000000, lapack_dtpmqrt
State, th3, TASK, 0.344164, 0.344930, 0.000766, 0.000000, lapack_dtpmqrt
State, th3, TASK, 0.344933, 0.345698, 0.000765, 0.000000, lapack_dtpmqrt
State, th3, TASK, 0.345702, 0.346470, 0.000768, 0.000000, lapack_dtpmqrt
State, th3, TASK, 0.346481, 0.347254, 0.000773, 0.000000, lapack_dtpmqrt
State, th3, TASK, 0.347258, 0.348020, 0.000762, 0.000000, lapack_dtpmqrt
State, th3, TASK, 0.348023, 0.348784, 0.000762, 0.000000, lapack_dtpmqrt
State, th3, TASK, 0.348788, 0.349550, 0.000763, 0.000000, lapack_dtpmqrt
State, th3, TASK, 0.349554, 0.350313, 0.000759, 0.000000, lapack_dtpmqrt
State, th3, TASK, 0.350585, 0.351351, 0.000767, 0.000000, lapack_dtpmqrt
State, th3, TASK, 0.351355, 0.352117, 0.000762, 0.000000, lapack_dtpmqrt
State, th3, TASK, 0.352120, 0.352883, 0.000763, 0.000000, lapack_dtpmqrt
State, th3, TASK, 0.352891, 0.353654, 0.000764, 0.000000, lapack_dtpmqrt
State, th3, TASK, 0.353673, 0.354436, 0.000763, 0.000000, lapack_dtpmqrt
State, th3, TASK, 0.354440, 0.355207, 0.000767, 0.000000, lapack_dtpmqrt
State, th3, TASK, 0.355304, 0.356065, 0.000761, 0.000000, lapack_dtpmqrt
State, th3, TASK, 0.356068, 0.356813, 0.000744, 0.000000, lapack_dtpmqrt
State, th3, TASK, 0.356816, 0.357561, 0.000745, 0.000000, lapack_dtpmqrt
State, th3, TASK, 0.357564, 0.358311, 0.000747, 0.000000, lapack_dtpmqrt
State, th3, TASK, 0.358315, 0.359065, 0.000750, 0.000000, lapack_dtpmqrt
State, th3, TASK, 0.359068, 0.359808, 0.000740, 0.000000, lapack_dtpmqrt
State, th3, TASK, 0.360269, 0.361038, 0.000770, 0.000000, lapack_dtpmqrt
State, th3, TASK, 0.361047, 0.361834, 0.000786, 0.000000, lapack_dtpmqrt
State, th3, TASK, 0.361837, 0.362611, 0.000774, 0.000000, lapack_dtpmqrt
State, th3, TASK, 0.362891, 0.363682, 0.000790, 0.000000, lapack_dtpmqrt
State, th3, TASK, 0.363688, 0.364462, 0.000774, 0.000000, lapack_dtpmqrt
State, th3, TASK, 0.364465, 0.365228, 0.000763, 0.000000, lapack_dtpmqrt
State, th3, TASK, 0.365542, 0.366312, 0.000771, 0.000000, lapack_dtpmqrt
State, th3, TASK, 0.366316, 0.367071, 0.000755, 0.000000, lapack_dtpmqrt
State, th3, TASK, 0.367074, 0.367826, 0.000752, 0.000000, lapack_dtpmqrt
State, th3, TASK, 0.367843, 0.368602, 0.000759, 0.000000, lapack_dtpmqrt
State, th3, TASK, 0.368679, 0.369423, 0.000744, 0.000000, lapack_dtpmqrt
State, th3, TASK, 0.369463, 0.370005, 0.000541, 0.000000, lapack_dtpqrt
State, th3, TASK, 0.370225, 0.371000, 0.000774, 0.000000, lapack_dtpmqrt
State, th3, TASK, 0.371394, 0.372191, 0.000797, 0.000000, lapack_dtpmqrt
State, th3, TASK, 0.372823, 0.373609, 0.000786, 0.000000, lapack_dtpmqrt
State, th3, TASK, 0.375822, 0.376578, 0.000757, 0.000000, lapack_dtpmqrt
State, th3, TASK, 0.378048, 0.378451, 0.000402, 0.000000, lapack_dgeqrt
State, th23, TASK, 0.012255, 0.012984, 0.000729, 0.000000, lapack_dlarfb
State, th23, TASK, 0.014048, 0.015188, 0.001140, 0.000000, lapack_dtpmqrt
State, th23, TASK, 0.015193, 0.016021, 0.000829, 0.000000, lapack_dtpmqrt
State, th23, TASK, 0.016534, 0.017329, 0.000794, 0.000000, lapack_dtpmqrt
State, th23, TASK, 0.017333, 0.018123, 0.000790, 0.000000, lapack_dtpmqrt
State, th23, TASK, 0.018127, 0.018923, 0.000795, 0.000000, lapack_dtpmqrt
State, th23, TASK, 0.018928, 0.019704, 0.000776, 0.000000, lapack_dtpmqrt
State, th23, TASK, 0.019708, 0.020454, 0.000746, 0.000000, lapack_dtpmqrt
State, th23, TASK, 0.020462, 0.021245, 0.000784, 0.000000, lapack_dtpmqrt
State, th23, TASK, 0.021250, 0.022063, 0.000814, 0.000000, lapack_dtpmqrt
State, th23, TASK, 0.022069, 0.022889, 0.000819, 0.000000, lapack_dtpmqrt
State, th23, TASK, 0.022893, 0.023664, 0.000771, 0.000000, lapack_dtpmqrt
State, th23, TASK, 0.023668, 0.024410, 0.000742, 0.000000, lapack_dtpmqrt
State, th23, TASK, 0.024414, 0.025158, 0.000744, 0.000000, lapack_dtpmqrt
State, th23, TASK, 0.025162, 0.025904, 0.000742, 0.000000, lapack_dtpmqrt
State, th23, TASK, 0.025908, 0.026669, 0.000761, 0.000000, lapack_dtpmqrt
State, th23, TASK, 0.026674, 0.027114, 0.000440, 0.000000, lapack_dlarfb
State, th23, TASK, 0.027124, 0.027655, 0.000531, 0.000000, lapack_dtpqrt
State, th23, TASK, 0.027670, 0.028415, 0.000745, 0.000000, lapack_dtpmqrt
State, th23, TASK, 0.028419, 0.029196, 0.000777, 0.000000, lapack_dtpmqrt
State, th23, TASK, 0.029199, 0.030234, 0.001035, 0.000000, lapack_dtpqrt
State, th23, TASK, 0.030251, 0.031001, 0.000750, 0.000000, lapack_dtpmqrt
State, th23, TASK, 0.031005, 0.031743, 0.000738, 0.000000, lapack_dtpmqrt
State, th23, TASK, 0.031746, 0.032485, 0.000739, 0.000000, lapack_dtpmqrt
State, th23, TASK, 0.032489, 0.033231, 0.000742, 0.000000, lapack_dtpmqrt
State, th23, TASK, 0.033236, 0.034015, 0.000779, 0.000000, lapack_dtpmqrt
State, th23, TASK, 0.034019, 0.034780, 0.000760, 0.000000, lapack_dtpmqrt
State, th23, TASK, 0.034784, 0.035532, 0.000748, 0.000000, lapack_dtpmqrt
State, th23, TASK, 0.035536, 0.036288, 0.000751, 0.000000, lapack_dtpmqrt
State, th23, TASK, 0.036293, 0.037034, 0.000741, 0.000000, lapack_dtpmqrt
State, th23, TASK, 0.037038, 0.037791, 0.000753, 0.000000, lapack_dtpmqrt
State, th23, TASK, 0.037795, 0.038559, 0.000764, 0.000000, lapack_dtpmqrt
State, th23, TASK, 0.038563, 0.039312, 0.000749, 0.000000, lapack_dtpmqrt
State, th23, TASK, 0.039316, 0.040054, 0.000738, 0.000000, lapack_dtpmqrt
State, th23, TASK, 0.040059, 0.040813, 0.000755, 0.000000, lapack_dtpmqrt
State, th23, TASK, 0.040818, 0.041562, 0.000744, 0.000000, lapack_dtpmqrt
State, th23, TASK, 0.041566, 0.042301, 0.000735, 0.000000, lapack_dtpmqrt
State, th23, TASK, 0.042305, 0.043054, 0.000749, 0.000000, lapack_dtpmqrt
State, th23, TASK, 0.043058, 0.043794, 0.000736, 0.000000, lapack_dtpmqrt
State, th23, TASK, 0.043800, 0.044247, 0.000447, 0.000000, lapack_dlarfb
State, th23, TASK, 0.044251, 0.044673, 0.000422, 0.000000, lapack_dlarfb
State, th23, TASK, 0.044678, 0.045467, 0.000789, 0.000000, lapack_dtpmqrt
State, th23, TASK, 0.045473, 0.046242, 0.000770, 0.000000, lapack_dtpmqrt
State, th23, TASK, 0.046247, 0.047017, 0.000770, 0.000000, lapack_dtpmqrt
State, th23, TASK, 0.047021, 0.047783, 0.000762, 0.000000, lapack_dtpmqrt
State, th23, TASK, 0.047787, 0.048551, 0.000763, 0.000000, lapack_dtpmqrt
State, th23, TASK, 0.048555, 0.049310, 0.000755, 0.000000, lapack_dtpmqrt
State, th23, TASK, 0.049313, 0.050066, 0.000753, 0.000000, lapack_dtpmqrt
State, th23, TASK, 0.050070, 0.050823, 0.000753, 0.000000, lapack_dtpmqrt
State, th23, TASK, 0.050828, 0.051592, 0.000764, 0.000000, lapack_dtpmqrt
State, th23, TASK, 0.051597, 0.052360, 0.000763, 0.000000, lapack_dtpmqrt
State, th23, TASK, 0.052364, 0.053128, 0.000764, 0.000000, lapack_dtpmqrt
State, th23, TASK, 0.053132, 0.053919, 0.000787, 0.000000, lapack_dtpmqrt
State, th23, TASK, 0.053924, 0.054699, 0.000775, 0.000000, lapack_dtpmqrt
State, th23, TASK, 0.054703, 0.055477, 0.000774, 0.000000, lapack_dtpmqrt
State, th23, TASK, 0.055482, 0.056249, 0.000767, 0.000000, lapack_dtpmqrt
State, th23, TASK, 0.056253, 0.057025, 0.000772, 0.000000, lapack_dtpmqrt
State, th23, TASK, 0.057029, 0.057820, 0.000791, 0.000000, lapack_dtpmqrt
State, th23, TASK, 0.057825, 0.058262, 0.000438, 0.000000, lapack_dlarfb
State, th23, TASK, 0.058268, 0.058693, 0.000425, 0.000000, lapack_dlarfb
State, th23, TASK, 0.058698, 0.059757, 0.001059, 0.000000, lapack_dtpqrt
State, th23, TASK, 0.059775, 0.060541, 0.000767, 0.000000, lapack_dtpmqrt
State, th23, TASK, 0.060546, 0.061091, 0.000546, 0.000000, lapack_dtpqrt
State, th23, TASK, 0.061109, 0.061885, 0.000776, 0.000000, lapack_dtpmqrt
State, th23, TASK, 0.061889, 0.062626, 0.000737, 0.000000, lapack_dtpmqrt
State, th23, TASK, 0.062631, 0.063166, 0.000535, 0.000000, lapack_dtpqrt
State, th23, TASK, 0.063182, 0.063926, 0.000744, 0.000000, lapack_dtpmqrt
State, th23, TASK, 0.063930, 0.064439, 0.000509, 0.000000, lapack_dtpqrt
State, th23, TASK, 0.064453, 0.065206, 0.000753, 0.000000, lapack_dtpmqrt
State, th23, TASK, 0.065210, 0.065975, 0.000765, 0.000000, lapack_dtpmqrt
State, th23, TASK, 0.065979, 0.066756, 0.000777, 0.000000, lapack_dtpmqrt
State, th23, TASK, 0.066760, 0.067523, 0.000763, 0.000000, lapack_dtpmqrt
State, th23, TASK, 0.067528, 0.068283, 0.000755, 0.000000, lapack_dtpmqrt
State, th23, TASK, 0.068286, 0.069042, 0.000756, 0.000000, lapack_dtpmqrt
State, th23, TASK, 0.069046, 0.069809, 0.000763, 0.000000, lapack_dtpmqrt
State, th23, TASK, 0.069813, 0.070553, 0.000741, 0.000000, lapack_dtpmqrt
State, th23, TASK, 0.070557, 0.071320, 0.000763, 0.000000, lapack_dtpmqrt
State, th23, TASK, 0.071324, 0.072078, 0.000753, 0.000000, lapack_dtpmqrt
State, th23, TASK, 0.072081, 0.073158, 0.001077, 0.000000, lapack_dtpqrt
State, th23, TASK, 0.073177, 0.073929, 0.000752, 0.000000, lapack_dtpmqrt
State, th23, TASK, 0.073932, 0.074465, 0.000533, 0.000000, lapack_dtpqrt
State, th23, TASK, 0.074479, 0.075271, 0.000792, 0.000000, lapack_dtpmqrt
State, th23, TASK, 0.075274, 0.076063, 0.000788, 0.000000, lapack_dtpmqrt
State, th23, TASK, 0.076066, 0.076840, 0.000774, 0.000000, lapack_dtpmqrt
State, th23, TASK, 0.076844, 0.077602, 0.000758, 0.000000, lapack_dtpmqrt
State, th23, TASK, 0.077606, 0.078345, 0.000739, 0.000000, lapack_dtpmqrt
State, th23, TASK, 0.078349, 0.079091, 0.000742, 0.000000, lapack_dtpmqrt
State, th23, TASK, 0.079094, 0.079836, 0.000742, 0.000000, lapack_dtpmqrt
State, th23, TASK, 0.079840, 0.080574, 0.000734, 0.000000, lapack_dtpmqrt
State, th23, TASK, 0.080578, 0.081322, 0.000744, 0.000000, lapack_dtpmqrt
State, th23, TASK, 0.081325, 0.082066, 0.000740, 0.000000, lapack_dtpmqrt
State, th23, TASK, 0.082069, 0.082819, 0.000750, 0.000000, lapack_dtpmqrt
State, th23, TASK, 0.082823, 0.083618, 0.000794, 0.000000, lapack_dtpmqrt
State, th23, TASK, 0.083622, 0.084376, 0.000754, 0.000000, lapack_dtpmqrt
State, th23, TASK, 0.084380, 0.085118, 0.000738, 0.000000, lapack_dtpmqrt
State, th23, TASK, 0.085122, 0.085893, 0.000771, 0.000000, lapack_dtpmqrt
State, th23, TASK, 0.085897, 0.086674, 0.000777, 0.000000, lapack_dtpmqrt
State, th23, TASK, 0.086679, 0.087435, 0.000757, 0.000000, lapack_dtpmqrt
State, th23, TASK, 0.087440, 0.088187, 0.000747, 0.000000, lapack_dtpmqrt
State, th23, TASK, 0.088191, 0.088959, 0.000769, 0.000000, lapack_dtpmqrt
State, th23, TASK, 0.088963, 0.089718, 0.000756, 0.000000, lapack_dtpmqrt
State, th23, TASK, 0.089722, 0.090458, 0.000736, 0.000000, lapack_dtpmqrt
State, th23, TASK, 0.090461, 0.091209, 0.000748, 0.000000, lapack_dtpmqrt
State, th23, TASK, 0.091213, 0.091959, 0.000746, 0.000000, lapack_dtpmqrt
State, th23, TASK, 0.091963, 0.092704, 0.000741, 0.000000, lapack_dtpmqrt
State, th23, TASK, 0.092708, 0.093449, 0.000741, 0.000000, lapack_dtpmqrt
State, th23, TASK, 0.093453, 0.094191, 0.000738, 0.000000, lapack_dtpmqrt
State, th23, TASK, 0.094195, 0.094942, 0.000747, 0.000000, lapack_dtpmqrt
State, th23, TASK, 0.094946, 0.095685, 0.000738, 0.000000, lapack_dtpmqrt
State, th23, TASK, 0.095688, 0.096442, 0.000754, 0.000000, lapack_dtpmqrt
State, th23, TASK, 0.096445, 0.097181, 0.000735, 0.000000, lapack_dtpmqrt
State, th23, TASK, 0.097185, 0.097919, 0.000734, 0.000000, lapack_dtpmqrt
State, th23, TASK, 0.097922, 0.098654, 0.000732, 0.000000, lapack_dtpmqrt
State, th23, TASK, 0.098658, 0.099402, 0.000743, 0.000000, lapack_dtpmqrt
State, th23, TASK, 0.099406, 0.100148, 0.000742, 0.000000, lapack_dtpmqrt
State, th23, TASK, 0.100152, 0.100892, 0.000740, 0.000000, lapack_dtpmqrt
State, th23, TASK, 0.100896, 0.101634, 0.000738, 0.000000, lapack_dtpmqrt
State, th23, TASK, 0.101637, 0.102376, 0.000739, 0.000000, lapack_dtpmqrt
State, th23, TASK, 0.102380, 0.103125, 0.000746, 0.000000, lapack_dtpmqrt
State, th23, TASK, 0.103129, 0.103873, 0.000744, 0.000000, lapack_dtpmqrt
State, th23, TASK, 0.103877, 0.104624, 0.000748, 0.000000, lapack_dtpmqrt
State, th23, TASK, 0.104628, 0.105363, 0.000736, 0.000000, lapack_dtpmqrt
State, th23, TASK, 0.105367, 0.106104, 0.000737, 0.000000, lapack_dtpmqrt
State, th23, TASK, 0.106108, 0.106847, 0.000739, 0.000000, lapack_dtpmqrt
State, th23, TASK, 0.106851, 0.107601, 0.000750, 0.000000, lapack_dtpmqrt
State, th23, TASK, 0.107605, 0.108351, 0.000746, 0.000000, lapack_dtpmqrt
State, th23, TASK, 0.108355, 0.109094, 0.000739, 0.000000, lapack_dtpmqrt
State, th23, TASK, 0.109101, 0.109859, 0.000758, 0.000000, lapack_dtpmqrt
State, th23, TASK, 0.109863, 0.110611, 0.000748, 0.000000, lapack_dtpmqrt
State, th23, TASK, 0.110615, 0.111372, 0.000756, 0.000000, lapack_dtpmqrt
State, th23, TASK, 0.111377, 0.112122, 0.000745, 0.000000, lapack_dtpmqrt
State, th23, TASK, 0.112126, 0.112875, 0.000749, 0.000000, lapack_dtpmqrt
State, th23, TASK, 0.112878, 0.113623, 0.000745, 0.000000, lapack_dtpmqrt
State, th23, TASK, 0.113627, 0.114380, 0.000753, 0.000000, lapack_dtpmqrt
State, th23, TASK, 0.114384, 0.115134, 0.000751, 0.000000, lapack_dtpmqrt
State, th23, TASK, 0.115138, 0.115880, 0.000741, 0.000000, lapack_dtpmqrt
State, th23, TASK, 0.115883, 0.116617, 0.000734, 0.000000, lapack_dtpmqrt
State, th23, TASK, 0.116621, 0.117361, 0.000740, 0.000000, lapack_dtpmqrt
State, th23, TASK, 0.117366, 0.118106, 0.000740, 0.000000, lapack_dtpmqrt
State, th23, TASK, 0.118109, 0.118857, 0.000749, 0.000000, lapack_dtpmqrt
State, th23, TASK, 0.118862, 0.119605, 0.000743, 0.000000, lapack_dtpmqrt
State, th23, TASK, 0.119609, 0.120360, 0.000751, 0.000000, lapack_dtpmqrt
State, th23, TASK, 0.120364, 0.121119, 0.000755, 0.000000, lapack_dtpmqrt
State, th23, TASK, 0.121123, 0.121877, 0.000754, 0.000000, lapack_dtpmqrt
State, th23, TASK, 0.121881, 0.122632, 0.000751, 0.000000, lapack_dtpmqrt
State, th23, TASK, 0.122636, 0.123382, 0.000746, 0.000000, lapack_dtpmqrt
State, th23, TASK, 0.123386, 0.124118, 0.000731, 0.000000, lapack_dtpmqrt
State, th23, TASK, 0.124122, 0.124857, 0.000736, 0.000000, lapack_dtpmqrt
State, th23, TASK, 0.124861, 0.125595, 0.000734, 0.000000, lapack_dtpmqrt
State, th23, TASK, 0.125598, 0.126336, 0.000738, 0.000000, lapack_dtpmqrt
State, th23, TASK, 0.126340, 0.127099, 0.000759, 0.000000, lapack_dtpmqrt
State, th23, TASK, 0.127108, 0.127883, 0.000775, 0.000000, lapack_dtpmqrt
State, th23, TASK, 0.127887, 0.128650, 0.000763, 0.000000, lapack_dtpmqrt
State, th23, TASK, 0.128654, 0.129434, 0.000780, 0.000000, lapack_dtpmqrt
State, th23, TASK, 0.129438, 0.130227, 0.000789, 0.000000, lapack_dtpmqrt
State, th23, TASK, 0.130231, 0.131012, 0.000781, 0.000000, lapack_dtpmqrt
State, th23, TASK, 0.131018, 0.131787, 0.000769, 0.000000, lapack_dtpmqrt
State, th23, TASK, 0.131790, 0.132556, 0.000766, 0.000000, lapack_dtpmqrt
State, th23, TASK, 0.132560, 0.133328, 0.000768, 0.000000, lapack_dtpmqrt
State, th23, TASK, 0.133332, 0.134101, 0.000769, 0.000000, lapack_dtpmqrt
State, th23, TASK, 0.134105, 0.134889, 0.000784, 0.000000, lapack_dtpmqrt
State, th23, TASK, 0.134894, 0.135663, 0.000769, 0.000000, lapack_dtpmqrt
State, th23, TASK, 0.135667, 0.136439, 0.000773, 0.000000, lapack_dtpmqrt
State, th23, TASK, 0.136443, 0.137216, 0.000773, 0.000000, lapack_dtpmqrt
State, th23, TASK, 0.137220, 0.137989, 0.000769, 0.000000, lapack_dtpmqrt
State, th23, TASK, 0.137992, 0.138757, 0.000764, 0.000000, lapack_dtpmqrt
State, th23, TASK, 0.138761, 0.139544, 0.000784, 0.000000, lapack_dtpmqrt
State, th23, TASK, 0.139549, 0.140328, 0.000779, 0.000000, lapack_dtpmqrt
State, th23, TASK, 0.140332, 0.141106, 0.000774, 0.000000, lapack_dtpmqrt
State, th23, TASK, 0.141109, 0.141888, 0.000778, 0.000000, lapack_dtpmqrt
State, th23, TASK, 0.141891, 0.142667, 0.000775, 0.000000, lapack_dtpmqrt
State, th23, TASK, 0.142670, 0.143461, 0.000791, 0.000000, lapack_dtpmqrt
State, th23, TASK, 0.143467, 0.144247, 0.000780, 0.000000, lapack_dtpmqrt
State, th23, TASK, 0.144251, 0.145036, 0.000785, 0.000000, lapack_dtpmqrt
State, th23, TASK, 0.145040, 0.145830, 0.000790, 0.000000, lapack_dtpmqrt
State, th23, TASK, 0.145834, 0.146615, 0.000781, 0.000000, lapack_dtpmqrt
State, th23, TASK, 0.146619, 0.147415, 0.000797, 0.000000, lapack_dtpmqrt
State, th23, TASK, 0.147420, 0.148215, 0.000795, 0.000000, lapack_dtpmqrt
State, th23, TASK, 0.148218, 0.148998, 0.000780, 0.000000, lapack_dtpmqrt
State, th23, TASK, 0.149002, 0.149775, 0.000773, 0.000000, lapack_dtpmqrt
State, th23, TASK, 0.149779, 0.150556, 0.000777, 0.000000, lapack_dtpmqrt
State, th23, TASK, 0.150561, 0.151350, 0.000790, 0.000000, lapack_dtpmqrt
State, th23, TASK, 0.151354, 0.152128, 0.000774, 0.000000, lapack_dtpmqrt
State, th23, TASK, 0.152132, 0.152917, 0.000785, 0.000000, lapack_dtpmqrt
State, th23, TASK, 0.152921, 0.153700, 0.000779, 0.000000, lapack_dtpmqrt
State, th23, TASK, 0.153704, 0.154492, 0.000787, 0.000000, lapack_dtpmqrt
State, th23, TASK, 0.154495, 0.155288, 0.000793, 0.000000, lapack_dtpmqrt
State, th23, TASK, 0.155293, 0.156075, 0.000782, 0.000000, lapack_dtpmqrt
State, th23, TASK, 0.156079, 0.156863, 0.000784, 0.000000, lapack_dtpmqrt
State, th23, TASK, 0.156868, 0.157648, 0.000781, 0.000000, lapack_dtpmqrt
State, th23, TASK, 0.157652, 0.158430, 0.000778, 0.000000, lapack_dtpmqrt
State, th23, TASK, 0.158438, 0.159225, 0.000787, 0.000000, lapack_dtpmqrt
State, th23, TASK, 0.159230, 0.160011, 0.000782, 0.000000, lapack_dtpmqrt
State, th23, TASK, 0.160016, 0.160780, 0.000764, 0.000000, lapack_dtpmqrt
State, th23, TASK, 0.160784, 0.161548, 0.000764, 0.000000, lapack_dtpmqrt
State, th23, TASK, 0.161552, 0.162313, 0.000762, 0.000000, lapack_dtpmqrt
State, th23, TASK, 0.162317, 0.163085, 0.000767, 0.000000, lapack_dtpmqrt
State, th23, TASK, 0.163091, 0.163853, 0.000763, 0.000000, lapack_dtpmqrt
State, th23, TASK, 0.163857, 0.164619, 0.000762, 0.000000, lapack_dtpmqrt
State, th23, TASK, 0.164623, 0.165383, 0.000759, 0.000000, lapack_dtpmqrt
State, th23, TASK, 0.165386, 0.166147, 0.000761, 0.000000, lapack_dtpmqrt
State, th23, TASK, 0.166162, 0.166935, 0.000772, 0.000000, lapack_dtpmqrt
State, th23, TASK, 0.166939, 0.167702, 0.000763, 0.000000, lapack_dtpmqrt
State, th23, TASK, 0.167706, 0.168472, 0.000766, 0.000000, lapack_dtpmqrt
State, th23, TASK, 0.168476, 0.169245, 0.000770, 0.000000, lapack_dtpmqrt
State, th23, TASK, 0.169250, 0.170020, 0.000771, 0.000000, lapack_dtpmqrt
State, th23, TASK, 0.170024, 0.170795, 0.000771, 0.000000, lapack_dtpmqrt
State, th23, TASK, 0.170817, 0.171597, 0.000780, 0.000000, lapack_dtpmqrt
State, th23, TASK, 0.171601, 0.172361, 0.000761, 0.000000, lapack_dtpmqrt
State, th23, TASK, 0.172366, 0.173127, 0.000762, 0.000000, lapack_dtpmqrt
State, th23, TASK, 0.173131, 0.173896, 0.000765, 0.000000, lapack_dtpmqrt
State, th23, TASK, 0.173900, 0.174668, 0.000768, 0.000000, lapack_dtpmqrt
State, th23, TASK, 0.174672, 0.175439, 0.000767, 0.000000, lapack_dtpmqrt
State, th23, TASK, 0.175444, 0.176203, 0.000759, 0.000000, lapack_dtpmqrt
State, th23, TASK, 0.176211, 0.177006, 0.000795, 0.000000, lapack_dtpmqrt
State, th23, TASK, 0.177011, 0.177810, 0.000800, 0.000000, lapack_dtpmqrt
State, th23, TASK, 0.177814, 0.178612, 0.000797, 0.000000, lapack_dtpmqrt
State, th23, TASK, 0.178615, 0.179417, 0.000801, 0.000000, lapack_dtpmqrt
State, th23, TASK, 0.179421, 0.180218, 0.000797, 0.000000, lapack_dtpmqrt
State, th23, TASK, 0.180222, 0.181022, 0.000800, 0.000000, lapack_dtpmqrt
State, th23, TASK, 0.181026, 0.181823, 0.000797, 0.000000, lapack_dtpmqrt
State, th23, TASK, 0.181827, 0.182622, 0.000795, 0.000000, lapack_dtpmqrt
State, th23, TASK, 0.182626, 0.183432, 0.000805, 0.000000, lapack_dtpmqrt
State, th23, TASK, 0.183436, 0.184231, 0.000794, 0.000000, lapack_dtpmqrt
State, th23, TASK, 0.184235, 0.185035, 0.000800, 0.000000, lapack_dtpmqrt
State, th23, TASK, 0.185039, 0.185858, 0.000819, 0.000000, lapack_dtpmqrt
State, th23, TASK, 0.185862, 0.186663, 0.000801, 0.000000, lapack_dtpmqrt
State, th23, TASK, 0.186666, 0.187467, 0.000801, 0.000000, lapack_dtpmqrt
State, th23, TASK, 0.187472, 0.188252, 0.000781, 0.000000, lapack_dtpmqrt
State, th23, TASK, 0.188256, 0.189044, 0.000787, 0.000000, lapack_dtpmqrt
State, th23, TASK, 0.189048, 0.189831, 0.000784, 0.000000, lapack_dtpmqrt
State, th23, TASK, 0.189836, 0.190621, 0.000785, 0.000000, lapack_dtpmqrt
State, th23, TASK, 0.190625, 0.191423, 0.000798, 0.000000, lapack_dtpmqrt
State, th23, TASK, 0.191427, 0.192217, 0.000790, 0.000000, lapack_dtpmqrt
State, th23, TASK, 0.192221, 0.193004, 0.000783, 0.000000, lapack_dtpmqrt
State, th23, TASK, 0.193008, 0.193792, 0.000784, 0.000000, lapack_dtpmqrt
State, th23, TASK, 0.193796, 0.194582, 0.000786, 0.000000, lapack_dtpmqrt
State, th23, TASK, 0.194586, 0.195378, 0.000793, 0.000000, lapack_dtpmqrt
State, th23, TASK, 0.195383, 0.196175, 0.000792, 0.000000, lapack_dtpmqrt
State, th23, TASK, 0.196179, 0.196959, 0.000780, 0.000000, lapack_dtpmqrt
State, th23, TASK, 0.196963, 0.197737, 0.000775, 0.000000, lapack_dtpmqrt
State, th23, TASK, 0.197742, 0.198529, 0.000788, 0.000000, lapack_dtpmqrt
State, th23, TASK, 0.198533, 0.199323, 0.000790, 0.000000, lapack_dtpmqrt
State, th23, TASK, 0.199327, 0.200102, 0.000774, 0.000000, lapack_dtpmqrt
State, th23, TASK, 0.200105, 0.200882, 0.000777, 0.000000, lapack_dtpmqrt
State, th23, TASK, 0.200885, 0.201658, 0.000772, 0.000000, lapack_dtpmqrt
State, th23, TASK, 0.201663, 0.202437, 0.000774, 0.000000, lapack_dtpmqrt
State, th23, TASK, 0.202441, 0.203220, 0.000779, 0.000000, lapack_dtpmqrt
State, th23, TASK, 0.203224, 0.203994, 0.000769, 0.000000, lapack_dtpmqrt
State, th23, TASK, 0.203997, 0.204766, 0.000769, 0.000000, lapack_dtpmqrt
State, th23, TASK, 0.204770, 0.205537, 0.000767, 0.000000, lapack_dtpmqrt
State, th23, TASK, 0.205541, 0.206311, 0.000770, 0.000000, lapack_dtpmqrt
State, th23, TASK, 0.206315, 0.207091, 0.000776, 0.000000, lapack_dtpmqrt
State, th23, TASK, 0.207095, 0.207868, 0.000772, 0.000000, lapack_dtpmqrt
State, th23, TASK, 0.207871, 0.208644, 0.000772, 0.000000, lapack_dtpmqrt
State, th23, TASK, 0.208651, 0.209428, 0.000776, 0.000000, lapack_dtpmqrt
State, th23, TASK, 0.209431, 0.210205, 0.000774, 0.000000, lapack_dtpmqrt
State, th23, TASK, 0.210210, 0.210995, 0.000785, 0.000000, lapack_dtpmqrt
State, th23, TASK, 0.210999, 0.211783, 0.000784, 0.000000, lapack_dtpmqrt
State, th23, TASK, 0.211787, 0.212574, 0.000787, 0.000000, lapack_dtpmqrt
State, th23, TASK, 0.212578, 0.213363, 0.000784, 0.000000, lapack_dtpmqrt
State, th23, TASK, 0.213367, 0.214141, 0.000774, 0.000000, lapack_dtpmqrt
State, th23, TASK, 0.214145, 0.214918, 0.000773, 0.000000, lapack_dtpmqrt
State, th23, TASK, 0.214931, 0.215360, 0.000429, 0.000000, lapack_dlarfb
State, th23, TASK, 0.215512, 0.216290, 0.000778, 0.000000, lapack_dtpmqrt
State, th23, TASK, 0.216337, 0.217160, 0.000823, 0.000000, lapack_dtpmqrt
State, th23, TASK, 0.217164, 0.217975, 0.000811, 0.000000, lapack_dtpmqrt
State, th23, TASK, 0.217979, 0.218795, 0.000816, 0.000000, lapack_dtpmqrt
State, th23, TASK, 0.218799, 0.219616, 0.000817, 0.000000, lapack_dtpmqrt
State, th23, TASK, 0.219620, 0.220422, 0.000802, 0.000000, lapack_dtpmqrt
State, th23, TASK, 0.220426, 0.221227, 0.000801, 0.000000, lapack_dtpmqrt
State, th23, TASK, 0.221232, 0.222040, 0.000808, 0.000000, lapack_dtpmqrt
State, th23, TASK, 0.222044, 0.222833, 0.000789, 0.000000, lapack_dtpmqrt
State, th23, TASK, 0.222839, 0.223629, 0.000790, 0.000000, lapack_dtpmqrt
State, th23, TASK, 0.223633, 0.224431, 0.000798, 0.000000, lapack_dtpmqrt
State, th23, TASK, 0.224435, 0.225228, 0.000793, 0.000000, lapack_dtpmqrt
State, th23, TASK, 0.225232, 0.226023, 0.000791, 0.000000, lapack_dtpmqrt
State, th23, TASK, 0.226027, 0.226811, 0.000784, 0.000000, lapack_dtpmqrt
State, th23, TASK, 0.226815, 0.227599, 0.000785, 0.000000, lapack_dtpmqrt
State, th23, TASK, 0.227603, 0.228378, 0.000775, 0.000000, lapack_dtpmqrt
State, th23, TASK, 0.228383, 0.229160, 0.000777, 0.000000, lapack_dtpmqrt
State, th23, TASK, 0.229164, 0.229944, 0.000780, 0.000000, lapack_dtpmqrt
State, th23, TASK, 0.229949, 0.230748, 0.000799, 0.000000, lapack_dtpmqrt
State, th23, TASK, 0.230752, 0.231552, 0.000800, 0.000000, lapack_dtpmqrt
State, th23, TASK, 0.231556, 0.232332, 0.000776, 0.000000, lapack_dtpmqrt
State, th23, TASK, 0.232335, 0.233105, 0.000770, 0.000000, lapack_dtpmqrt
State, th23, TASK, 0.233109, 0.233885, 0.000776, 0.000000, lapack_dtpmqrt
State, th23, TASK, 0.233890, 0.234676, 0.000786, 0.000000, lapack_dtpmqrt
State, th23, TASK, 0.235228, 0.235989, 0.000761, 0.000000, lapack_dtpmqrt
State, th23, TASK, 0.235994, 0.236758, 0.000765, 0.000000, lapack_dtpmqrt
State, th23, TASK, 0.236762, 0.237532, 0.000770, 0.000000, lapack_dtpmqrt
State, th23, TASK, 0.237535, 0.238307, 0.000772, 0.000000, lapack_dtpmqrt
State, th23, TASK, 0.238311, 0.239085, 0.000774, 0.000000, lapack_dtpmqrt
State, th23, TASK, 0.239089, 0.239861, 0.000772, 0.000000, lapack_dtpmqrt
State, th23, TASK, 0.239865, 0.240633, 0.000769, 0.000000, lapack_dtpmqrt
State, th23, TASK, 0.240638, 0.241393, 0.000755, 0.000000, lapack_dtpmqrt
State, th23, TASK, 0.241397, 0.242153, 0.000756, 0.000000, lapack_dtpmqrt
State, th23, TASK, 0.242157, 0.242932, 0.000775, 0.000000, lapack_dtpmqrt
State, th23, TASK, 0.242937, 0.243698, 0.000761, 0.000000, lapack_dtpmqrt
State, th23, TASK, 0.243702, 0.244456, 0.000754, 0.000000, lapack_dtpmqrt
State, th23, TASK, 0.244461, 0.244998, 0.000537, 0.000000, lapack_dtpqrt
State, th23, TASK, 0.245010, 0.245551, 0.000541, 0.000000, lapack_dtpqrt
State, th23, TASK, 0.245562, 0.246100, 0.000538, 0.000000, lapack_dtpqrt
State, th23, TASK, 0.246111, 0.246650, 0.000539, 0.000000, lapack_dtpqrt
State, th23, TASK, 0.246661, 0.247207, 0.000546, 0.000000, lapack_dtpqrt
State, th23, TASK, 0.247218, 0.247660, 0.000442, 0.000000, lapack_dlarfb
State, th23, TASK, 0.247664, 0.248089, 0.000425, 0.000000, lapack_dlarfb
State, th23, TASK, 0.248093, 0.248512, 0.000418, 0.000000, lapack_dlarfb
State, th23, TASK, 0.248515, 0.248930, 0.000415, 0.000000, lapack_dlarfb
State, th23, TASK, 0.248935, 0.249354, 0.000418, 0.000000, lapack_dlarfb
State, th23, TASK, 0.249358, 0.249774, 0.000416, 0.000000, lapack_dlarfb
State, th23, TASK, 0.249777, 0.250202, 0.000425, 0.000000, lapack_dlarfb
State, th23, TASK, 0.250218, 0.250642, 0.000424, 0.000000, lapack_dlarfb
State, th23, TASK, 0.250800, 0.251565, 0.000766, 0.000000, lapack_dtpmqrt
State, th23, TASK, 0.251570, 0.252321, 0.000751, 0.000000, lapack_dtpmqrt
State, th23, TASK, 0.252336, 0.253113, 0.000777, 0.000000, lapack_dtpmqrt
State, th23, TASK, 0.253116, 0.253882, 0.000766, 0.000000, lapack_dtpmqrt
State, th23, TASK, 0.253886, 0.254650, 0.000764, 0.000000, lapack_dtpmqrt
State, th23, TASK, 0.254655, 0.255430, 0.000776, 0.000000, lapack_dtpmqrt
State, th23, TASK, 0.255439, 0.256198, 0.000759, 0.000000, lapack_dtpmqrt
State, th23, TASK, 0.256202, 0.256960, 0.000758, 0.000000, lapack_dtpmqrt
State, th23, TASK, 0.256965, 0.257727, 0.000762, 0.000000, lapack_dtpmqrt
State, th23, TASK, 0.257730, 0.258499, 0.000769, 0.000000, lapack_dtpmqrt
State, th23, TASK, 0.258503, 0.259275, 0.000773, 0.000000, lapack_dtpmqrt
State, th23, TASK, 0.259280, 0.260038, 0.000758, 0.000000, lapack_dtpmqrt
State, th23, TASK, 0.260042, 0.260806, 0.000764, 0.000000, lapack_dtpmqrt
State, th23, TASK, 0.260809, 0.261567, 0.000758, 0.000000, lapack_dtpmqrt
State, th23, TASK, 0.261574, 0.262349, 0.000775, 0.000000, lapack_dtpmqrt
State, th23, TASK, 0.262353, 0.263126, 0.000773, 0.000000, lapack_dtpmqrt
State, th23, TASK, 0.263130, 0.263891, 0.000761, 0.000000, lapack_dtpmqrt
State, th23, TASK, 0.263895, 0.264656, 0.000761, 0.000000, lapack_dtpmqrt
State, th23, TASK, 0.264660, 0.265443, 0.000783, 0.000000, lapack_dtpmqrt
State, th23, TASK, 0.265447, 0.266230, 0.000783, 0.000000, lapack_dtpmqrt
State, th23, TASK, 0.266234, 0.267016, 0.000782, 0.000000, lapack_dtpmqrt
State, th23, TASK, 0.267020, 0.267784, 0.000764, 0.000000, lapack_dtpmqrt
State, th23, TASK, 0.267788, 0.268553, 0.000765, 0.000000, lapack_dtpmqrt
State, th23, TASK, 0.268559, 0.269346, 0.000787, 0.000000, lapack_dtpmqrt
State, th23, TASK, 0.269351, 0.270122, 0.000771, 0.000000, lapack_dtpmqrt
State, th23, TASK, 0.270126, 0.270899, 0.000773, 0.000000, lapack_dtpmqrt
State, th23, TASK, 0.270903, 0.271667, 0.000763, 0.000000, lapack_dtpmqrt
State, th23, TASK, 0.271671, 0.272431, 0.000760, 0.000000, lapack_dtpmqrt
State, th23, TASK, 0.272434, 0.273198, 0.000763, 0.000000, lapack_dtpmqrt
State, th23, TASK, 0.273202, 0.273958, 0.000756, 0.000000, lapack_dtpmqrt
State, th23, TASK, 0.273962, 0.274732, 0.000770, 0.000000, lapack_dtpmqrt
State, th23, TASK, 0.274736, 0.275496, 0.000760, 0.000000, lapack_dtpmqrt
State, th23, TASK, 0.275499, 0.276254, 0.000754, 0.000000, lapack_dtpmqrt
State, th23, TASK, 0.276257, 0.277015, 0.000758, 0.000000, lapack_dtpmqrt
State, th23, TASK, 0.277020, 0.277779, 0.000760, 0.000000, lapack_dtpmqrt
State, th23, TASK, 0.277783, 0.278545, 0.000762, 0.000000, lapack_dtpmqrt
State, th23, TASK, 0.278549, 0.279346, 0.000797, 0.000000, lapack_dtpmqrt
State, th23, TASK, 0.279351, 0.280141, 0.000790, 0.000000, lapack_dtpmqrt
State, th23, TASK, 0.280145, 0.280923, 0.000778, 0.000000, lapack_dtpmqrt
State, th23, TASK, 0.280927, 0.281698, 0.000771, 0.000000, lapack_dtpmqrt
State, th23, TASK, 0.281703, 0.282460, 0.000757, 0.000000, lapack_dtpmqrt
State, th23, TASK, 0.282464, 0.283238, 0.000774, 0.000000, lapack_dtpmqrt
State, th23, TASK, 0.283242, 0.284008, 0.000767, 0.000000, lapack_dtpmqrt
State, th23, TASK, 0.284016, 0.284783, 0.000767, 0.000000, lapack_dtpmqrt
State, th23, TASK, 0.284787, 0.285552, 0.000765, 0.000000, lapack_dtpmqrt
State, th23, TASK, 0.285557, 0.286330, 0.000773, 0.000000, lapack_dtpmqrt
State, th23, TASK, 0.286334, 0.287117, 0.000784, 0.000000, lapack_dtpmqrt
State, th23, TASK, 0.287122, 0.287890, 0.000768, 0.000000, lapack_dtpmqrt
State, th23, TASK, 0.287894, 0.288662, 0.000767, 0.000000, lapack_dtpmqrt
State, th23, TASK, 0.288666, 0.289430, 0.000765, 0.000000, lapack_dtpmqrt
State, th23, TASK, 0.289434, 0.290195, 0.000761, 0.000000, lapack_dtpmqrt
State, th23, TASK, 0.290287, 0.291047, 0.000759, 0.000000, lapack_dtpmqrt
State, th23, TASK, 0.291052, 0.291799, 0.000747, 0.000000, lapack_dtpmqrt
State, th23, TASK, 0.291803, 0.292548, 0.000745, 0.000000, lapack_dtpmqrt
State, th23, TASK, 0.292552, 0.293300, 0.000748, 0.000000, lapack_dtpmqrt
State, th23, TASK, 0.293304, 0.294054, 0.000750, 0.000000, lapack_dtpmqrt
State, th23, TASK, 0.294058, 0.294807, 0.000748, 0.000000, lapack_dtpmqrt
State, th23, TASK, 0.294810, 0.295564, 0.000754, 0.000000, lapack_dtpmqrt
State, th23, TASK, 0.295568, 0.296317, 0.000749, 0.000000, lapack_dtpmqrt
State, th23, TASK, 0.296321, 0.297068, 0.000747, 0.000000, lapack_dtpmqrt
State, th23, TASK, 0.297072, 0.297822, 0.000750, 0.000000, lapack_dtpmqrt
State, th23, TASK, 0.297826, 0.298578, 0.000752, 0.000000, lapack_dtpmqrt
State, th23, TASK, 0.298584, 0.299367, 0.000783, 0.000000, lapack_dtpmqrt
State, th23, TASK, 0.299371, 0.300142, 0.000771, 0.000000, lapack_dtpmqrt
State, th23, TASK, 0.300146, 0.300920, 0.000774, 0.000000, lapack_dtpmqrt
State, th23, TASK, 0.300924, 0.301691, 0.000767, 0.000000, lapack_dtpmqrt
State, th23, TASK, 0.302080, 0.302833, 0.000753, 0.000000, lapack_dtpmqrt
State, th23, TASK, 0.302837, 0.303607, 0.000770, 0.000000, lapack_dtpmqrt
State, th23, TASK, 0.303611, 0.304368, 0.000757, 0.000000, lapack_dtpmqrt
State, th23, TASK, 0.304372, 0.305145, 0.000773, 0.000000, lapack_dtpmqrt
State, th23, TASK, 0.305154, 0.305922, 0.000768, 0.000000, lapack_dtpmqrt
State, th23, TASK, 0.305926, 0.306696, 0.000771, 0.000000, lapack_dtpmqrt
State, th23, TASK, 0.306700, 0.307478, 0.000777, 0.000000, lapack_dtpmqrt
State, th23, TASK, 0.307482, 0.308252, 0.000770, 0.000000, lapack_dtpmqrt
State, th23, TASK, 0.308256, 0.309024, 0.000768, 0.000000, lapack_dtpmqrt
State, th23, TASK, 0.309028, 0.309797, 0.000769, 0.000000, lapack_dtpmqrt
State, th23, TASK, 0.309801, 0.310572, 0.000771, 0.000000, lapack_dtpmqrt
State, th23, TASK, 0.310575, 0.311364, 0.000789, 0.000000, lapack_dtpmqrt
State, th23, TASK, 0.311369, 0.312147, 0.000778, 0.000000, lapack_dtpmqrt
State, th23, TASK, 0.312200, 0.312662, 0.000462, 0.000000, lapack_dlarfb
State, th23, TASK, 0.312666, 0.313096, 0.000429, 0.000000, lapack_dlarfb
State, th23, TASK, 0.313112, 0.313884, 0.000773, 0.000000, lapack_dtpmqrt
State, th23, TASK, 0.314061, 0.314867, 0.000807, 0.000000, lapack_dtpmqrt
State, th23, TASK, 0.314872, 0.315669, 0.000798, 0.000000, lapack_dtpmqrt
State, th23, TASK, 0.315673, 0.316459, 0.000786, 0.000000, lapack_dtpmqrt
State, th23, TASK, 0.316463, 0.317257, 0.000794, 0.000000, lapack_dtpmqrt
State, th23, TASK, 0.317261, 0.318044, 0.000783, 0.000000, lapack_dtpmqrt
State, th23, TASK, 0.318048, 0.318825, 0.000777, 0.000000, lapack_dtpmqrt
State, th23, TASK, 0.318829, 0.319613, 0.000784, 0.000000, lapack_dtpmqrt
State, th23, TASK, 0.319618, 0.320399, 0.000781, 0.000000, lapack_dtpmqrt
State, th23, TASK, 0.320402, 0.321191, 0.000789, 0.000000, lapack_dtpmqrt
State, th23, TASK, 0.321196, 0.321981, 0.000785, 0.000000, lapack_dtpmqrt
State, th23, TASK, 0.321985, 0.322778, 0.000793, 0.000000, lapack_dtpmqrt
State, th23, TASK, 0.322782, 0.323561, 0.000780, 0.000000, lapack_dtpmqrt
State, th23, TASK, 0.323649, 0.324417, 0.000768, 0.000000, lapack_dtpmqrt
State, th23, TASK, 0.324421, 0.325175, 0.000754, 0.000000, lapack_dtpmqrt
State, th23, TASK, 0.325179, 0.325931, 0.000752, 0.000000, lapack_dtpmqrt
State, th23, TASK, 0.325934, 0.326683, 0.000749, 0.000000, lapack_dtpmqrt
State, th23, TASK, 0.326687, 0.327442, 0.000756, 0.000000, lapack_dtpmqrt
State, th23, TASK, 0.327446, 0.328193, 0.000747, 0.000000, lapack_dtpmqrt
State, th23, TASK, 0.328197, 0.328948, 0.000751, 0.000000, lapack_dtpmqrt
State, th23, TASK, 0.328952, 0.329703, 0.000751, 0.000000, lapack_dtpmqrt
State, th23, TASK, 0.329712, 0.330154, 0.000443, 0.000000, lapack_dlarfb
State, th23, TASK, 0.330220, 0.330983, 0.000763, 0.000000, lapack_dtpmqrt
State, th23, TASK, 0.330988, 0.331730, 0.000742, 0.000000, lapack_dtpmqrt
State, th23, TASK, 0.331733, 0.332477, 0.000743, 0.000000, lapack_dtpmqrt
State, th23, TASK, 0.332480, 0.333224, 0.000744, 0.000000, lapack_dtpmqrt
State, th23, TASK, 0.333228, 0.333984, 0.000756, 0.000000, lapack_dtpmqrt
State, th23, TASK, 0.333988, 0.334742, 0.000753, 0.000000, lapack_dtpmqrt
State, th23, TASK, 0.334745, 0.335502, 0.000757, 0.000000, lapack_dtpmqrt
State, th23, TASK, 0.335507, 0.336309, 0.000802, 0.000000, lapack_dtpmqrt
State, th23, TASK, 0.336313, 0.337085, 0.000772, 0.000000, lapack_dtpmqrt
State, th23, TASK, 0.337089, 0.337850, 0.000760, 0.000000, lapack_dtpmqrt
State, th23, TASK, 0.337853, 0.338616, 0.000763, 0.000000, lapack_dtpmqrt
State, th23, TASK, 0.338640, 0.339417, 0.000777, 0.000000, lapack_dtpmqrt
State, th23, TASK, 0.339422, 0.340193, 0.000772, 0.000000, lapack_dtpmqrt
State, th23, TASK, 0.340197, 0.341001, 0.000804, 0.000000, lapack_dtpmqrt
State, th23, TASK, 0.341005, 0.341807, 0.000802, 0.000000, lapack_dtpmqrt
State, th23, TASK, 0.341810, 0.342601, 0.000791, 0.000000, lapack_dtpmqrt
State, th23, TASK, 0.342606, 0.343390, 0.000784, 0.000000, lapack_dtpmqrt
State, th23, TASK, 0.343397, 0.344137, 0.000740, 0.000000, lapack_dtpmqrt
State, th23, TASK, 0.344141, 0.344897, 0.000755, 0.000000, lapack_dtpmqrt
State, th23, TASK, 0.344900, 0.345664, 0.000764, 0.000000, lapack_dtpmqrt
State, th23, TASK, 0.345668, 0.346432, 0.000764, 0.000000, lapack_dtpmqrt
State, th23, TASK, 0.346438, 0.347238, 0.000800, 0.000000, lapack_dtpmqrt
State, th23, TASK, 0.347242, 0.347996, 0.000754, 0.000000, lapack_dtpmqrt
State, th23, TASK, 0.348000, 0.348753, 0.000753, 0.000000, lapack_dtpmqrt
State, th23, TASK, 0.348757, 0.349511, 0.000754, 0.000000, lapack_dtpmqrt
State, th23, TASK, 0.349515, 0.350267, 0.000752, 0.000000, lapack_dtpmqrt
State, th23, TASK, 0.350664, 0.351438, 0.000774, 0.000000, lapack_dtpmqrt
State, th23, TASK, 0.351447, 0.352215, 0.000767, 0.000000, lapack_dtpmqrt
State, th23, TASK, 0.352218, 0.352974, 0.000756, 0.000000, lapack_dtpmqrt
State, th23, TASK, 0.352978, 0.353731, 0.000753, 0.000000, lapack_dtpmqrt
State, th23, TASK, 0.353734, 0.354513, 0.000778, 0.000000, lapack_dtpmqrt
State, th23, TASK, 0.354521, 0.355299, 0.000779, 0.000000, lapack_dtpmqrt
State, th23, TASK, 0.355396, 0.356202, 0.000806, 0.000000, lapack_dtpmqrt
State, th23, TASK, 0.356206, 0.356992, 0.000786, 0.000000, lapack_dtpmqrt
State, th23, TASK, 0.356996, 0.357774, 0.000778, 0.000000, lapack_dtpmqrt
State, th23, TASK, 0.357778, 0.358542, 0.000764, 0.000000, lapack_dtpmqrt
State, th23, TASK, 0.358546, 0.359318, 0.000772, 0.000000, lapack_dtpmqrt
State, th23, TASK, 0.359573, 0.360371, 0.000798, 0.000000, lapack_dtpmqrt
State, th23, TASK, 0.360381, 0.361154, 0.000773, 0.000000, lapack_dtpmqrt
State, th23, TASK, 0.361197, 0.361970, 0.000774, 0.000000, lapack_dtpmqrt
State, th23, TASK, 0.361974, 0.362751, 0.000777, 0.000000, lapack_dtpmqrt
State, th23, TASK, 0.362879, 0.363440, 0.000561, 0.000000, lapack_dtpqrt
State, th23, TASK, 0.363447, 0.363994, 0.000546, 0.000000, lapack_dtpqrt
State, th23, TASK, 0.364083, 0.364559, 0.000475, 0.000000, lapack_dlarfb
State, th23, TASK, 0.364914, 0.365722, 0.000808, 0.000000, lapack_dtpmqrt
State, th23, TASK, 0.365726, 0.366521, 0.000794, 0.000000, lapack_dtpmqrt
State, th23, TASK, 0.366525, 0.367323, 0.000798, 0.000000, lapack_dtpmqrt
State, th23, TASK, 0.367388, 0.368152, 0.000763, 0.000000, lapack_dtpmqrt
State, th23, TASK, 0.368376, 0.368921, 0.000544, 0.000000, lapack_dtpqrt
State, th23, TASK, 0.368930, 0.369689, 0.000758, 0.000000, lapack_dtpmqrt
State, th23, TASK, 0.369693, 0.370466, 0.000773, 0.000000, lapack_dtpmqrt
State, th23, TASK, 0.370639, 0.371388, 0.000749, 0.000000, lapack_dtpmqrt
State, th23, TASK, 0.371549, 0.372312, 0.000763, 0.000000, lapack_dtpmqrt
State, th23, TASK, 0.372960, 0.373513, 0.000553, 0.000000, lapack_dtpqrt
State, th23, TASK, 0.373736, 0.374506, 0.000770, 0.000000, lapack_dtpmqrt
State, th23, TASK, 0.375032, 0.375818, 0.000787, 0.000000, lapack_dtpmqrt
State, th22, TASK, 0.012294, 0.012973, 0.000679, 0.000000, lapack_dlarfb
State, th22, TASK, 0.014035, 0.015113, 0.001078, 0.000000, lapack_dtpmqrt
State, th22, TASK, 0.015120, 0.015953, 0.000834, 0.000000, lapack_dtpmqrt
State, th22, TASK, 0.015957, 0.016719, 0.000762, 0.000000, lapack_dtpmqrt
State, th22, TASK, 0.016723, 0.017476, 0.000753, 0.000000, lapack_dtpmqrt
State, th22, TASK, 0.017480, 0.018237, 0.000757, 0.000000, lapack_dtpmqrt
State, th22, TASK, 0.018241, 0.019007, 0.000766, 0.000000, lapack_dtpmqrt
State, th22, TASK, 0.019014, 0.019773, 0.000760, 0.000000, lapack_dtpmqrt
State, th22, TASK, 0.019777, 0.020521, 0.000744, 0.000000, lapack_dtpmqrt
State, th22, TASK, 0.020525, 0.021280, 0.000754, 0.000000, lapack_dtpmqrt
State, th22, TASK, 0.021287, 0.021811, 0.000525, 0.000000, lapack_dtpqrt
State, th22, TASK, 0.021826, 0.022552, 0.000726, 0.000000, lapack_dtpmqrt
State, th22, TASK, 0.022557, 0.023091, 0.000534, 0.000000, lapack_dtpqrt
State, th22, TASK, 0.023105, 0.023853, 0.000748, 0.000000, lapack_dtpmqrt
State, th22, TASK, 0.023857, 0.024626, 0.000769, 0.000000, lapack_dtpmqrt
State, th22, TASK, 0.024630, 0.025362, 0.000733, 0.000000, lapack_dtpmqrt
State, th22, TASK, 0.025367, 0.026100, 0.000733, 0.000000, lapack_dtpmqrt
State, th22, TASK, 0.026104, 0.026854, 0.000750, 0.000000, lapack_dtpmqrt
State, th22, TASK, 0.026858, 0.027304, 0.000446, 0.000000, lapack_dlarfb
State, th22, TASK, 0.027308, 0.028068, 0.000760, 0.000000, lapack_dtpmqrt
State, th22, TASK, 0.028072, 0.028834, 0.000762, 0.000000, lapack_dtpmqrt
State, th22, TASK, 0.028838, 0.029604, 0.000766, 0.000000, lapack_dtpmqrt
State, th22, TASK, 0.029608, 0.030369, 0.000761, 0.000000, lapack_dtpmqrt
State, th22, TASK, 0.030375, 0.031134, 0.000759, 0.000000, lapack_dtpmqrt
State, th22, TASK, 0.031138, 0.031889, 0.000751, 0.000000, lapack_dtpmqrt
State, th22, TASK, 0.031893, 0.032640, 0.000748, 0.000000, lapack_dtpmqrt
State, th22, TASK, 0.032645, 0.033403, 0.000758, 0.000000, lapack_dtpmqrt
State, th22, TASK, 0.033407, 0.034147, 0.000739, 0.000000, lapack_dtpmqrt
State, th22, TASK, 0.034151, 0.034903, 0.000752, 0.000000, lapack_dtpmqrt
State, th22, TASK, 0.034907, 0.035649, 0.000742, 0.000000, lapack_dtpmqrt
State, th22, TASK, 0.035653, 0.036414, 0.000762, 0.000000, lapack_dtpmqrt
State, th22, TASK, 0.036419, 0.037174, 0.000755, 0.000000, lapack_dtpmqrt
State, th22, TASK, 0.037178, 0.037938, 0.000760, 0.000000, lapack_dtpmqrt
State, th22, TASK, 0.037942, 0.038701, 0.000759, 0.000000, lapack_dtpmqrt
State, th22, TASK, 0.038705, 0.039473, 0.000768, 0.000000, lapack_dtpmqrt
State, th22, TASK, 0.039478, 0.040209, 0.000731, 0.000000, lapack_dtpmqrt
State, th22, TASK, 0.040213, 0.040943, 0.000730, 0.000000, lapack_dtpmqrt
State, th22, TASK, 0.040947, 0.041674, 0.000727, 0.000000, lapack_dtpmqrt
State, th22, TASK, 0.041678, 0.042408, 0.000731, 0.000000, lapack_dtpmqrt
State, th22, TASK, 0.042412, 0.043159, 0.000746, 0.000000, lapack_dtpmqrt
State, th22, TASK, 0.043164, 0.043928, 0.000764, 0.000000, lapack_dtpmqrt
State, th22, TASK, 0.043932, 0.044682, 0.000749, 0.000000, lapack_dtpmqrt
State, th22, TASK, 0.044685, 0.045440, 0.000755, 0.000000, lapack_dtpmqrt
State, th22, TASK, 0.045444, 0.046198, 0.000755, 0.000000, lapack_dtpmqrt
State, th22, TASK, 0.046202, 0.046960, 0.000758, 0.000000, lapack_dtpmqrt
State, th22, TASK, 0.046964, 0.047723, 0.000759, 0.000000, lapack_dtpmqrt
State, th22, TASK, 0.047727, 0.048483, 0.000756, 0.000000, lapack_dtpmqrt
State, th22, TASK, 0.048487, 0.049243, 0.000756, 0.000000, lapack_dtpmqrt
State, th22, TASK, 0.049246, 0.050002, 0.000755, 0.000000, lapack_dtpmqrt
State, th22, TASK, 0.050006, 0.050764, 0.000758, 0.000000, lapack_dtpmqrt
State, th22, TASK, 0.050769, 0.051546, 0.000777, 0.000000, lapack_dtpmqrt
State, th22, TASK, 0.051550, 0.052301, 0.000751, 0.000000, lapack_dtpmqrt
State, th22, TASK, 0.052306, 0.053038, 0.000732, 0.000000, lapack_dtpmqrt
State, th22, TASK, 0.053041, 0.053775, 0.000733, 0.000000, lapack_dtpmqrt
State, th22, TASK, 0.053779, 0.054544, 0.000765, 0.000000, lapack_dtpmqrt
State, th22, TASK, 0.054551, 0.055319, 0.000768, 0.000000, lapack_dtpmqrt
State, th22, TASK, 0.055324, 0.056045, 0.000721, 0.000000, lapack_dtpmqrt
State, th22, TASK, 0.056049, 0.056786, 0.000737, 0.000000, lapack_dtpmqrt
State, th22, TASK, 0.056790, 0.057530, 0.000741, 0.000000, lapack_dtpmqrt
State, th22, TASK, 0.057534, 0.058271, 0.000737, 0.000000, lapack_dtpmqrt
State, th22, TASK, 0.058275, 0.059021, 0.000746, 0.000000, lapack_dtpmqrt
State, th22, TASK, 0.059026, 0.059760, 0.000734, 0.000000, lapack_dtpmqrt
State, th22, TASK, 0.059764, 0.060498, 0.000734, 0.000000, lapack_dtpmqrt
State, th22, TASK, 0.060508, 0.061252, 0.000744, 0.000000, lapack_dtpmqrt
State, th22, TASK, 0.061256, 0.062006, 0.000751, 0.000000, lapack_dtpmqrt
State, th22, TASK, 0.062011, 0.062752, 0.000741, 0.000000, lapack_dtpmqrt
State, th22, TASK, 0.062756, 0.063540, 0.000784, 0.000000, lapack_dtpmqrt
State, th22, TASK, 0.063544, 0.064301, 0.000757, 0.000000, lapack_dtpmqrt
State, th22, TASK, 0.064305, 0.065046, 0.000741, 0.000000, lapack_dtpmqrt
State, th22, TASK, 0.065050, 0.065789, 0.000739, 0.000000, lapack_dtpmqrt
State, th22, TASK, 0.065793, 0.066561, 0.000768, 0.000000, lapack_dtpmqrt
State, th22, TASK, 0.066567, 0.067324, 0.000757, 0.000000, lapack_dtpmqrt
State, th22, TASK, 0.067329, 0.068084, 0.000755, 0.000000, lapack_dtpmqrt
State, th22, TASK, 0.068088, 0.068841, 0.000753, 0.000000, lapack_dtpmqrt
State, th22, TASK, 0.068845, 0.069597, 0.000752, 0.000000, lapack_dtpmqrt
State, th22, TASK, 0.069601, 0.070359, 0.000758, 0.000000, lapack_dtpmqrt
State, th22, TASK, 0.070363, 0.071132, 0.000769, 0.000000, lapack_dtpmqrt
State, th22, TASK, 0.071137, 0.071899, 0.000763, 0.000000, lapack_dtpmqrt
State, th22, TASK, 0.071903, 0.072668, 0.000765, 0.000000, lapack_dtpmqrt
State, th22, TASK, 0.072673, 0.073436, 0.000763, 0.000000, lapack_dtpmqrt
State, th22, TASK, 0.073440, 0.074205, 0.000765, 0.000000, lapack_dtpmqrt
State, th22, TASK, 0.074209, 0.074983, 0.000774, 0.000000, lapack_dtpmqrt
State, th22, TASK, 0.074988, 0.075755, 0.000767, 0.000000, lapack_dtpmqrt
State, th22, TASK, 0.075759, 0.076514, 0.000756, 0.000000, lapack_dtpmqrt
State, th22, TASK, 0.076518, 0.077260, 0.000741, 0.000000, lapack_dtpmqrt
State, th22, TASK, 0.077263, 0.077999, 0.000736, 0.000000, lapack_dtpmqrt
State, th22, TASK, 0.078002, 0.078737, 0.000736, 0.000000, lapack_dtpmqrt
State, th22, TASK, 0.078742, 0.079482, 0.000740, 0.000000, lapack_dtpmqrt
State, th22, TASK, 0.079486, 0.080221, 0.000735, 0.000000, lapack_dtpmqrt
State, th22, TASK, 0.080225, 0.080962, 0.000738, 0.000000, lapack_dtpmqrt
State, th22, TASK, 0.080966, 0.081707, 0.000741, 0.000000, lapack_dtpmqrt
State, th22, TASK, 0.081711, 0.082449, 0.000738, 0.000000, lapack_dtpmqrt
State, th22, TASK, 0.082453, 0.083199, 0.000746, 0.000000, lapack_dtpmqrt
State, th22, TASK, 0.083203, 0.083945, 0.000742, 0.000000, lapack_dtpmqrt
State, th22, TASK, 0.083948, 0.084695, 0.000747, 0.000000, lapack_dtpmqrt
State, th22, TASK, 0.084700, 0.085437, 0.000737, 0.000000, lapack_dtpmqrt
State, th22, TASK, 0.085440, 0.086176, 0.000735, 0.000000, lapack_dtpmqrt
State, th22, TASK, 0.086181, 0.086938, 0.000757, 0.000000, lapack_dtpmqrt
State, th22, TASK, 0.086942, 0.087692, 0.000749, 0.000000, lapack_dtpmqrt
State, th22, TASK, 0.087696, 0.088449, 0.000753, 0.000000, lapack_dtpmqrt
State, th22, TASK, 0.088453, 0.089191, 0.000738, 0.000000, lapack_dtpmqrt
State, th22, TASK, 0.089195, 0.089934, 0.000739, 0.000000, lapack_dtpmqrt
State, th22, TASK, 0.089937, 0.090684, 0.000746, 0.000000, lapack_dtpmqrt
State, th22, TASK, 0.090688, 0.091445, 0.000757, 0.000000, lapack_dtpmqrt
State, th22, TASK, 0.091449, 0.092191, 0.000742, 0.000000, lapack_dtpmqrt
State, th22, TASK, 0.092195, 0.092937, 0.000743, 0.000000, lapack_dtpmqrt
State, th22, TASK, 0.092941, 0.093686, 0.000745, 0.000000, lapack_dtpmqrt
State, th22, TASK, 0.093690, 0.094442, 0.000752, 0.000000, lapack_dtpmqrt
State, th22, TASK, 0.094445, 0.095217, 0.000772, 0.000000, lapack_dtpmqrt
State, th22, TASK, 0.095221, 0.095969, 0.000748, 0.000000, lapack_dtpmqrt
State, th22, TASK, 0.095973, 0.096713, 0.000741, 0.000000, lapack_dtpmqrt
State, th22, TASK, 0.096718, 0.097451, 0.000733, 0.000000, lapack_dtpmqrt
State, th22, TASK, 0.097455, 0.098180, 0.000726, 0.000000, lapack_dtpmqrt
State, th22, TASK, 0.098184, 0.098921, 0.000737, 0.000000, lapack_dtpmqrt
State, th22, TASK, 0.098925, 0.099659, 0.000734, 0.000000, lapack_dtpmqrt
State, th22, TASK, 0.099663, 0.100396, 0.000733, 0.000000, lapack_dtpmqrt
State, th22, TASK, 0.100400, 0.101137, 0.000737, 0.000000, lapack_dtpmqrt
State, th22, TASK, 0.101141, 0.101879, 0.000739, 0.000000, lapack_dtpmqrt
State, th22, TASK, 0.101884, 0.102409, 0.000525, 0.000000, lapack_dtpqrt
State, th22, TASK, 0.102424, 0.103163, 0.000739, 0.000000, lapack_dtpmqrt
State, th22, TASK, 0.103166, 0.103688, 0.000522, 0.000000, lapack_dtpqrt
State, th22, TASK, 0.103701, 0.104431, 0.000731, 0.000000, lapack_dtpmqrt
State, th22, TASK, 0.104435, 0.104958, 0.000523, 0.000000, lapack_dtpqrt
State, th22, TASK, 0.104971, 0.105702, 0.000731, 0.000000, lapack_dtpmqrt
State, th22, TASK, 0.105706, 0.106434, 0.000728, 0.000000, lapack_dtpmqrt
State, th22, TASK, 0.106437, 0.106974, 0.000537, 0.000000, lapack_dtpqrt
State, th22, TASK, 0.106986, 0.107725, 0.000739, 0.000000, lapack_dtpmqrt
State, th22, TASK, 0.107733, 0.108491, 0.000758, 0.000000, lapack_dtpmqrt
State, th22, TASK, 0.108494, 0.109023, 0.000529, 0.000000, lapack_dtpqrt
State, th22, TASK, 0.109043, 0.109787, 0.000744, 0.000000, lapack_dtpmqrt
State, th22, TASK, 0.109790, 0.110527, 0.000737, 0.000000, lapack_dtpmqrt
State, th22, TASK, 0.110530, 0.111275, 0.000745, 0.000000, lapack_dtpmqrt
State, th22, TASK, 0.111280, 0.112034, 0.000754, 0.000000, lapack_dtpmqrt
State, th22, TASK, 0.112037, 0.112788, 0.000751, 0.000000, lapack_dtpmqrt
State, th22, TASK, 0.112792, 0.113563, 0.000771, 0.000000, lapack_dtpmqrt
State, th22, TASK, 0.113566, 0.114326, 0.000761, 0.000000, lapack_dtpmqrt
State, th22, TASK, 0.114330, 0.115096, 0.000766, 0.000000, lapack_dtpmqrt
State, th22, TASK, 0.115099, 0.115849, 0.000749, 0.000000, lapack_dtpmqrt
State, th22, TASK, 0.115852, 0.116400, 0.000548, 0.000000, lapack_dtpqrt
State, th22, TASK, 0.116418, 0.117175, 0.000757, 0.000000, lapack_dtpmqrt
State, th22, TASK, 0.117178, 0.117947, 0.000768, 0.000000, lapack_dtpmqrt
State, th22, TASK, 0.117951, 0.118695, 0.000744, 0.000000, lapack_dtpmqrt
State, th22, TASK, 0.118698, 0.119449, 0.000751, 0.000000, lapack_dtpmqrt
State, th22, TASK, 0.119453, 0.120209, 0.000756, 0.000000, lapack_dtpmqrt
State, th22, TASK, 0.120213, 0.120960, 0.000747, 0.000000, lapack_dtpmqrt
State, th22, TASK, 0.120964, 0.121702, 0.000738, 0.000000, lapack_dtpmqrt
State, th22, TASK, 0.121706, 0.122435, 0.000729, 0.000000, lapack_dtpmqrt
State, th22, TASK, 0.122438, 0.123185, 0.000747, 0.000000, lapack_dtpmqrt
State, th22, TASK, 0.123189, 0.123926, 0.000737, 0.000000, lapack_dtpmqrt
State, th22, TASK, 0.123930, 0.124662, 0.000732, 0.000000, lapack_dtpmqrt
State, th22, TASK, 0.124665, 0.125422, 0.000757, 0.000000, lapack_dtpmqrt
State, th22, TASK, 0.125426, 0.126163, 0.000738, 0.000000, lapack_dtpmqrt
State, th22, TASK, 0.126167, 0.126909, 0.000743, 0.000000, lapack_dtpmqrt
State, th22, TASK, 0.126914, 0.127665, 0.000751, 0.000000, lapack_dtpmqrt
State, th22, TASK, 0.127669, 0.128402, 0.000733, 0.000000, lapack_dtpmqrt
State, th22, TASK, 0.128405, 0.128928, 0.000523, 0.000000, lapack_dtpqrt
State, th22, TASK, 0.128952, 0.129692, 0.000740, 0.000000, lapack_dtpmqrt
State, th22, TASK, 0.129696, 0.130435, 0.000739, 0.000000, lapack_dtpmqrt
State, th22, TASK, 0.130439, 0.131181, 0.000742, 0.000000, lapack_dtpmqrt
State, th22, TASK, 0.131185, 0.131919, 0.000734, 0.000000, lapack_dtpmqrt
State, th22, TASK, 0.131922, 0.132659, 0.000736, 0.000000, lapack_dtpmqrt
State, th22, TASK, 0.132664, 0.133401, 0.000737, 0.000000, lapack_dtpmqrt
State, th22, TASK, 0.133405, 0.134141, 0.000736, 0.000000, lapack_dtpmqrt
State, th22, TASK, 0.134145, 0.134888, 0.000743, 0.000000, lapack_dtpmqrt
State, th22, TASK, 0.134892, 0.135638, 0.000746, 0.000000, lapack_dtpmqrt
State, th22, TASK, 0.135642, 0.136383, 0.000741, 0.000000, lapack_dtpmqrt
State, th22, TASK, 0.136387, 0.137121, 0.000735, 0.000000, lapack_dtpmqrt
State, th22, TASK, 0.137126, 0.137861, 0.000736, 0.000000, lapack_dtpmqrt
State, th22, TASK, 0.137865, 0.138607, 0.000742, 0.000000, lapack_dtpmqrt
State, th22, TASK, 0.138610, 0.139362, 0.000751, 0.000000, lapack_dtpmqrt
State, th22, TASK, 0.139366, 0.140105, 0.000740, 0.000000, lapack_dtpmqrt
State, th22, TASK, 0.140109, 0.140852, 0.000743, 0.000000, lapack_dtpmqrt
State, th22, TASK, 0.140855, 0.141604, 0.000750, 0.000000, lapack_dtpmqrt
State, th22, TASK, 0.141608, 0.142351, 0.000743, 0.000000, lapack_dtpmqrt
State, th22, TASK, 0.142355, 0.143103, 0.000748, 0.000000, lapack_dtpmqrt
State, th22, TASK, 0.143107, 0.143847, 0.000740, 0.000000, lapack_dtpmqrt
State, th22, TASK, 0.143852, 0.144595, 0.000743, 0.000000, lapack_dtpmqrt
State, th22, TASK, 0.144599, 0.145340, 0.000742, 0.000000, lapack_dtpmqrt
State, th22, TASK, 0.145344, 0.146081, 0.000737, 0.000000, lapack_dtpmqrt
State, th22, TASK, 0.146085, 0.146825, 0.000741, 0.000000, lapack_dtpmqrt
State, th22, TASK, 0.146828, 0.147585, 0.000757, 0.000000, lapack_dtpmqrt
State, th22, TASK, 0.147589, 0.148337, 0.000748, 0.000000, lapack_dtpmqrt
State, th22, TASK, 0.148341, 0.149079, 0.000738, 0.000000, lapack_dtpmqrt
State, th22, TASK, 0.149082, 0.149820, 0.000738, 0.000000, lapack_dtpmqrt
State, th22, TASK, 0.149824, 0.150567, 0.000743, 0.000000, lapack_dtpmqrt
State, th22, TASK, 0.150570, 0.151321, 0.000751, 0.000000, lapack_dtpmqrt
State, th22, TASK, 0.151326, 0.152066, 0.000741, 0.000000, lapack_dtpmqrt
State, th22, TASK, 0.152071, 0.152809, 0.000738, 0.000000, lapack_dtpmqrt
State, th22, TASK, 0.152812, 0.153556, 0.000744, 0.000000, lapack_dtpmqrt
State, th22, TASK, 0.153560, 0.154294, 0.000735, 0.000000, lapack_dtpmqrt
State, th22, TASK, 0.154298, 0.155039, 0.000741, 0.000000, lapack_dtpmqrt
State, th22, TASK, 0.155047, 0.155780, 0.000734, 0.000000, lapack_dtpmqrt
State, th22, TASK, 0.155784, 0.156530, 0.000746, 0.000000, lapack_dtpmqrt
State, th22, TASK, 0.156534, 0.157281, 0.000746, 0.000000, lapack_dtpmqrt
State, th22, TASK, 0.157284, 0.158030, 0.000745, 0.000000, lapack_dtpmqrt
State, th22, TASK, 0.158034, 0.158777, 0.000744, 0.000000, lapack_dtpmqrt
State, th22, TASK, 0.158781, 0.159537, 0.000756, 0.000000, lapack_dtpmqrt
State, th22, TASK, 0.159540, 0.160280, 0.000740, 0.000000, lapack_dtpmqrt
State, th22, TASK, 0.160284, 0.161015, 0.000731, 0.000000, lapack_dtpmqrt
State, th22, TASK, 0.161019, 0.161749, 0.000730, 0.000000, lapack_dtpmqrt
State, th22, TASK, 0.161753, 0.162490, 0.000736, 0.000000, lapack_dtpmqrt
State, th22, TASK, 0.162494, 0.163238, 0.000744, 0.000000, lapack_dtpmqrt
State, th22, TASK, 0.163243, 0.163983, 0.000741, 0.000000, lapack_dtpmqrt
State, th22, TASK, 0.163987, 0.164721, 0.000734, 0.000000, lapack_dtpmqrt
State, th22, TASK, 0.164726, 0.165145, 0.000419, 0.000000, lapack_dlarfb
State, th22, TASK, 0.165151, 0.165588, 0.000437, 0.000000, lapack_dlarfb
State, th22, TASK, 0.165594, 0.166367, 0.000773, 0.000000, lapack_dtpmqrt
State, th22, TASK, 0.166371, 0.167129, 0.000758, 0.000000, lapack_dtpmqrt
State, th22, TASK, 0.167133, 0.167891, 0.000758, 0.000000, lapack_dtpmqrt
State, th22, TASK, 0.167895, 0.168652, 0.000757, 0.000000, lapack_dtpmqrt
State, th22, TASK, 0.168656, 0.169411, 0.000755, 0.000000, lapack_dtpmqrt
State, th22, TASK, 0.169415, 0.170174, 0.000759, 0.000000, lapack_dtpmqrt
State, th22, TASK, 0.170178, 0.170934, 0.000756, 0.000000, lapack_dtpmqrt
State, th22, TASK, 0.171065, 0.171830, 0.000766, 0.000000, lapack_dtpmqrt
State, th22, TASK, 0.171834, 0.172585, 0.000751, 0.000000, lapack_dtpmqrt
State, th22, TASK, 0.172589, 0.173346, 0.000757, 0.000000, lapack_dtpmqrt
State, th22, TASK, 0.173350, 0.174102, 0.000752, 0.000000, lapack_dtpmqrt
State, th22, TASK, 0.174105, 0.174860, 0.000755, 0.000000, lapack_dtpmqrt
State, th22, TASK, 0.174864, 0.175624, 0.000760, 0.000000, lapack_dtpmqrt
State, th22, TASK, 0.175628, 0.176377, 0.000749, 0.000000, lapack_dtpmqrt
State, th22, TASK, 0.176381, 0.177137, 0.000756, 0.000000, lapack_dtpmqrt
State, th22, TASK, 0.177140, 0.177894, 0.000754, 0.000000, lapack_dtpmqrt
State, th22, TASK, 0.177897, 0.178654, 0.000757, 0.000000, lapack_dtpmqrt
State, th22, TASK, 0.178658, 0.179437, 0.000779, 0.000000, lapack_dtpmqrt
State, th22, TASK, 0.179441, 0.180211, 0.000770, 0.000000, lapack_dtpmqrt
State, th22, TASK, 0.180214, 0.180985, 0.000771, 0.000000, lapack_dtpmqrt
State, th22, TASK, 0.180989, 0.181757, 0.000768, 0.000000, lapack_dtpmqrt
State, th22, TASK, 0.181760, 0.182528, 0.000768, 0.000000, lapack_dtpmqrt
State, th22, TASK, 0.182532, 0.183314, 0.000782, 0.000000, lapack_dtpmqrt
State, th22, TASK, 0.183317, 0.184093, 0.000775, 0.000000, lapack_dtpmqrt
State, th22, TASK, 0.184096, 0.184873, 0.000777, 0.000000, lapack_dtpmqrt
State, th22, TASK, 0.184877, 0.185648, 0.000771, 0.000000, lapack_dtpmqrt
State, th22, TASK, 0.185652, 0.186426, 0.000774, 0.000000, lapack_dtpmqrt
State, th22, TASK, 0.186430, 0.187210, 0.000781, 0.000000, lapack_dtpmqrt
State, th22, TASK, 0.187214, 0.187977, 0.000762, 0.000000, lapack_dtpmqrt
State, th22, TASK, 0.187980, 0.188743, 0.000763, 0.000000, lapack_dtpmqrt
State, th22, TASK, 0.188753, 0.189530, 0.000777, 0.000000, lapack_dtpmqrt
State, th22, TASK, 0.189533, 0.190290, 0.000757, 0.000000, lapack_dtpmqrt
State, th22, TASK, 0.190293, 0.191051, 0.000758, 0.000000, lapack_dtpmqrt
State, th22, TASK, 0.191055, 0.191790, 0.000735, 0.000000, lapack_dtpmqrt
State, th22, TASK, 0.191795, 0.192533, 0.000738, 0.000000, lapack_dtpmqrt
State, th22, TASK, 0.192537, 0.193274, 0.000737, 0.000000, lapack_dtpmqrt
State, th22, TASK, 0.193278, 0.194018, 0.000740, 0.000000, lapack_dtpmqrt
State, th22, TASK, 0.194021, 0.194760, 0.000739, 0.000000, lapack_dtpmqrt
State, th22, TASK, 0.194838, 0.195593, 0.000754, 0.000000, lapack_dtpmqrt
State, th22, TASK, 0.195596, 0.196327, 0.000731, 0.000000, lapack_dtpmqrt
State, th22, TASK, 0.196331, 0.197058, 0.000727, 0.000000, lapack_dtpmqrt
State, th22, TASK, 0.197062, 0.197794, 0.000732, 0.000000, lapack_dtpmqrt
State, th22, TASK, 0.197797, 0.198531, 0.000734, 0.000000, lapack_dtpmqrt
State, th22, TASK, 0.198534, 0.199278, 0.000744, 0.000000, lapack_dtpmqrt
State, th22, TASK, 0.199283, 0.200020, 0.000737, 0.000000, lapack_dtpmqrt
State, th22, TASK, 0.200023, 0.200759, 0.000736, 0.000000, lapack_dtpmqrt
State, th22, TASK, 0.200763, 0.201498, 0.000735, 0.000000, lapack_dtpmqrt
State, th22, TASK, 0.201502, 0.202240, 0.000739, 0.000000, lapack_dtpmqrt
State, th22, TASK, 0.202244, 0.202988, 0.000744, 0.000000, lapack_dtpmqrt
State, th22, TASK, 0.203003, 0.203738, 0.000735, 0.000000, lapack_dtpmqrt
State, th22, TASK, 0.203742, 0.204479, 0.000737, 0.000000, lapack_dtpmqrt
State, th22, TASK, 0.204483, 0.205223, 0.000740, 0.000000, lapack_dtpmqrt
State, th22, TASK, 0.205227, 0.205966, 0.000740, 0.000000, lapack_dtpmqrt
State, th22, TASK, 0.205971, 0.206707, 0.000736, 0.000000, lapack_dtpmqrt
State, th22, TASK, 0.206711, 0.207454, 0.000743, 0.000000, lapack_dtpmqrt
State, th22, TASK, 0.207458, 0.208195, 0.000737, 0.000000, lapack_dtpmqrt
State, th22, TASK, 0.208199, 0.208932, 0.000734, 0.000000, lapack_dtpmqrt
State, th22, TASK, 0.208936, 0.209673, 0.000737, 0.000000, lapack_dtpmqrt
State, th22, TASK, 0.209677, 0.210415, 0.000738, 0.000000, lapack_dtpmqrt
State, th22, TASK, 0.210419, 0.211160, 0.000741, 0.000000, lapack_dtpmqrt
State, th22, TASK, 0.211164, 0.211894, 0.000730, 0.000000, lapack_dtpmqrt
State, th22, TASK, 0.211898, 0.212631, 0.000733, 0.000000, lapack_dtpmqrt
State, th22, TASK, 0.212635, 0.213372, 0.000737, 0.000000, lapack_dtpmqrt
State, th22, TASK, 0.213376, 0.214118, 0.000742, 0.000000, lapack_dtpmqrt
State, th22, TASK, 0.214122, 0.214862, 0.000740, 0.000000, lapack_dtpmqrt
State, th22, TASK, 0.214865, 0.215611, 0.000746, 0.000000, lapack_dtpmqrt
State, th22, TASK, 0.215869, 0.216608, 0.000739, 0.000000, lapack_dtpmqrt
State, th22, TASK, 0.216612, 0.217346, 0.000734, 0.000000, lapack_dtpmqrt
State, th22, TASK, 0.217350, 0.218084, 0.000735, 0.000000, lapack_dtpmqrt
State, th22, TASK, 0.218089, 0.218823, 0.000734, 0.000000, lapack_dtpmqrt
State, th22, TASK, 0.218827, 0.219566, 0.000739, 0.000000, lapack_dtpmqrt
State, th22, TASK, 0.219570, 0.220306, 0.000736, 0.000000, lapack_dtpmqrt
State, th22, TASK, 0.220309, 0.221046, 0.000737, 0.000000, lapack_dtpmqrt
State, th22, TASK, 0.221050, 0.221787, 0.000737, 0.000000, lapack_dtpmqrt
State, th22, TASK, 0.221791, 0.222525, 0.000734, 0.000000, lapack_dtpmqrt
State, th22, TASK, 0.222528, 0.223271, 0.000743, 0.000000, lapack_dtpmqrt
State, th22, TASK, 0.223275, 0.224012, 0.000737, 0.000000, lapack_dtpmqrt
State, th22, TASK, 0.224016, 0.224752, 0.000736, 0.000000, lapack_dtpmqrt
State, th22, TASK, 0.224756, 0.225495, 0.000740, 0.000000, lapack_dtpmqrt
State, th22, TASK, 0.225499, 0.226237, 0.000738, 0.000000, lapack_dtpmqrt
State, th22, TASK, 0.226240, 0.226987, 0.000747, 0.000000, lapack_dtpmqrt
State, th22, TASK, 0.226995, 0.227748, 0.000753, 0.000000, lapack_dtpmqrt
State, th22, TASK, 0.227752, 0.228496, 0.000744, 0.000000, lapack_dtpmqrt
State, th22, TASK, 0.228500, 0.229244, 0.000744, 0.000000, lapack_dtpmqrt
State, th22, TASK, 0.229248, 0.229989, 0.000742, 0.000000, lapack_dtpmqrt
State, th22, TASK, 0.229994, 0.230737, 0.000743, 0.000000, lapack_dtpmqrt
State, th22, TASK, 0.230741, 0.231488, 0.000747, 0.000000, lapack_dtpmqrt
State, th22, TASK, 0.231492, 0.232230, 0.000739, 0.000000, lapack_dtpmqrt
State, th22, TASK, 0.232234, 0.232978, 0.000744, 0.000000, lapack_dtpmqrt
State, th22, TASK, 0.232982, 0.233727, 0.000745, 0.000000, lapack_dtpmqrt
State, th22, TASK, 0.233732, 0.234471, 0.000739, 0.000000, lapack_dtpmqrt
State, th22, TASK, 0.234474, 0.235225, 0.000751, 0.000000, lapack_dtpmqrt
State, th22, TASK, 0.235475, 0.236255, 0.000780, 0.000000, lapack_dtpmqrt
State, th22, TASK, 0.236259, 0.237037, 0.000778, 0.000000, lapack_dtpmqrt
State, th22, TASK, 0.237041, 0.237818, 0.000777, 0.000000, lapack_dtpmqrt
State, th22, TASK, 0.237822, 0.238599, 0.000777, 0.000000, lapack_dtpmqrt
State, th22, TASK, 0.238602, 0.239382, 0.000780, 0.000000, lapack_dtpmqrt
State, th22, TASK, 0.239387, 0.240156, 0.000769, 0.000000, lapack_dtpmqrt
State, th22, TASK, 0.240160, 0.240927, 0.000768, 0.000000, lapack_dtpmqrt
State, th22, TASK, 0.240932, 0.241703, 0.000772, 0.000000, lapack_dtpmqrt
State, th22, TASK, 0.241707, 0.242481, 0.000774, 0.000000, lapack_dtpmqrt
State, th22, TASK, 0.242486, 0.243268, 0.000782, 0.000000, lapack_dtpmqrt
State, th22, TASK, 0.243271, 0.244045, 0.000773, 0.000000, lapack_dtpmqrt
State, th22, TASK, 0.244051, 0.244819, 0.000768, 0.000000, lapack_dtpmqrt
State, th22, TASK, 0.244823, 0.245589, 0.000767, 0.000000, lapack_dtpmqrt
State, th22, TASK, 0.245593, 0.246356, 0.000763, 0.000000, lapack_dtpmqrt
State, th22, TASK, 0.246359, 0.247134, 0.000775, 0.000000, lapack_dtpmqrt
State, th22, TASK, 0.247138, 0.247904, 0.000766, 0.000000, lapack_dtpmqrt
State, th22, TASK, 0.247908, 0.248672, 0.000765, 0.000000, lapack_dtpmqrt
State, th22, TASK, 0.248676, 0.249445, 0.000769, 0.000000, lapack_dtpmqrt
State, th22, TASK, 0.249449, 0.250218, 0.000769, 0.000000, lapack_dtpmqrt
State, th22, TASK, 0.250221, 0.250992, 0.000771, 0.000000, lapack_dtpmqrt
State, th22, TASK, 0.251046, 0.251813, 0.000767, 0.000000, lapack_dtpmqrt
State, th22, TASK, 0.251821, 0.252575, 0.000753, 0.000000, lapack_dtpmqrt
State, th22, TASK, 0.252578, 0.253336, 0.000757, 0.000000, lapack_dtpmqrt
State, th22, TASK, 0.253341, 0.254097, 0.000756, 0.000000, lapack_dtpmqrt
State, th22, TASK, 0.254101, 0.254851, 0.000750, 0.000000, lapack_dtpmqrt
State, th22, TASK, 0.254855, 0.255609, 0.000753, 0.000000, lapack_dtpmqrt
State, th22, TASK, 0.255613, 0.256363, 0.000750, 0.000000, lapack_dtpmqrt
State, th22, TASK, 0.256367, 0.257119, 0.000752, 0.000000, lapack_dtpmqrt
State, th22, TASK, 0.257131, 0.257885, 0.000754, 0.000000, lapack_dtpmqrt
State, th22, TASK, 0.257889, 0.258630, 0.000741, 0.000000, lapack_dtpmqrt
State, th22, TASK, 0.258633, 0.259375, 0.000742, 0.000000, lapack_dtpmqrt
State, th22, TASK, 0.259379, 0.260115, 0.000736, 0.000000, lapack_dtpmqrt
State, th22, TASK, 0.260118, 0.260856, 0.000738, 0.000000, lapack_dtpmqrt
State, th22, TASK, 0.260860, 0.261612, 0.000751, 0.000000, lapack_dtpmqrt
State, th22, TASK, 0.261616, 0.262368, 0.000752, 0.000000, lapack_dtpmqrt
State, th22, TASK, 0.262372, 0.263134, 0.000761, 0.000000, lapack_dtpmqrt
State, th22, TASK, 0.263138, 0.263892, 0.000754, 0.000000, lapack_dtpmqrt
State, th22, TASK, 0.263896, 0.264649, 0.000753, 0.000000, lapack_dtpmqrt
State, th22, TASK, 0.264666, 0.265445, 0.000779, 0.000000, lapack_dtpmqrt
State, th22, TASK, 0.265449, 0.266228, 0.000779, 0.000000, lapack_dtpmqrt
State, th22, TASK, 0.266232, 0.267012, 0.000780, 0.000000, lapack_dtpmqrt
State, th22, TASK, 0.267015, 0.267785, 0.000769, 0.000000, lapack_dtpmqrt
State, th22, TASK, 0.267789, 0.268554, 0.000765, 0.000000, lapack_dtpmqrt
State, th22, TASK, 0.268558, 0.269336, 0.000777, 0.000000, lapack_dtpmqrt
State, th22, TASK, 0.269339, 0.270107, 0.000768, 0.000000, lapack_dtpmqrt
State, th22, TASK, 0.270111, 0.270886, 0.000775, 0.000000, lapack_dtpmqrt
State, th22, TASK, 0.270890, 0.271656, 0.000767, 0.000000, lapack_dtpmqrt
State, th22, TASK, 0.271660, 0.272421, 0.000761, 0.000000, lapack_dtpmqrt
State, th22, TASK, 0.272425, 0.273181, 0.000757, 0.000000, lapack_dtpmqrt
State, th22, TASK, 0.273185, 0.273947, 0.000762, 0.000000, lapack_dtpmqrt
State, th22, TASK, 0.273950, 0.274716, 0.000766, 0.000000, lapack_dtpmqrt
State, th22, TASK, 0.274720, 0.275485, 0.000765, 0.000000, lapack_dtpmqrt
State, th22, TASK, 0.275489, 0.276245, 0.000756, 0.000000, lapack_dtpmqrt
State, th22, TASK, 0.276248, 0.277007, 0.000758, 0.000000, lapack_dtpmqrt
State, th22, TASK, 0.277010, 0.277767, 0.000757, 0.000000, lapack_dtpmqrt
State, th22, TASK, 0.277772, 0.278537, 0.000764, 0.000000, lapack_dtpmqrt
State, th22, TASK, 0.278709, 0.279477, 0.000768, 0.000000, lapack_dtpmqrt
State, th22, TASK, 0.279481, 0.280224, 0.000742, 0.000000, lapack_dtpmqrt
State, th22, TASK, 0.280227, 0.280968, 0.000741, 0.000000, lapack_dtpmqrt
State, th22, TASK, 0.280972, 0.281717, 0.000744, 0.000000, lapack_dtpmqrt
State, th22, TASK, 0.281720, 0.282467, 0.000746, 0.000000, lapack_dtpmqrt
State, th22, TASK, 0.282470, 0.283223, 0.000753, 0.000000, lapack_dtpmqrt
State, th22, TASK, 0.283227, 0.283969, 0.000742, 0.000000, lapack_dtpmqrt
State, th22, TASK, 0.283973, 0.284715, 0.000742, 0.000000, lapack_dtpmqrt
State, th22, TASK, 0.284719, 0.285461, 0.000742, 0.000000, lapack_dtpmqrt
State, th22, TASK, 0.285465, 0.286206, 0.000741, 0.000000, lapack_dtpmqrt
State, th22, TASK, 0.286215, 0.286979, 0.000765, 0.000000, lapack_dtpmqrt
State, th22, TASK, 0.286984, 0.287734, 0.000750, 0.000000, lapack_dtpmqrt
State, th22, TASK, 0.287781, 0.288511, 0.000731, 0.000000, lapack_dtpmqrt
State, th22, TASK, 0.288515, 0.289246, 0.000731, 0.000000, lapack_dtpmqrt
State, th22, TASK, 0.289250, 0.289984, 0.000734, 0.000000, lapack_dtpmqrt
State, th22, TASK, 0.290149, 0.290919, 0.000770, 0.000000, lapack_dtpmqrt
State, th22, TASK, 0.290924, 0.291670, 0.000746, 0.000000, lapack_dtpmqrt
State, th22, TASK, 0.291674, 0.292408, 0.000735, 0.000000, lapack_dtpmqrt
State, th22, TASK, 0.292412, 0.293146, 0.000734, 0.000000, lapack_dtpmqrt
State, th22, TASK, 0.293150, 0.293882, 0.000732, 0.000000, lapack_dtpmqrt
State, th22, TASK, 0.293886, 0.294616, 0.000729, 0.000000, lapack_dtpmqrt
State, th22, TASK, 0.294619, 0.295354, 0.000735, 0.000000, lapack_dtpmqrt
State, th22, TASK, 0.295359, 0.296089, 0.000730, 0.000000, lapack_dtpmqrt
State, th22, TASK, 0.296093, 0.296820, 0.000728, 0.000000, lapack_dtpmqrt
State, th22, TASK, 0.296824, 0.297553, 0.000729, 0.000000, lapack_dtpmqrt
State, th22, TASK, 0.297557, 0.298290, 0.000732, 0.000000, lapack_dtpmqrt
State, th22, TASK, 0.298296, 0.299046, 0.000749, 0.000000, lapack_dtpmqrt
State, th22, TASK, 0.299050, 0.299781, 0.000731, 0.000000, lapack_dtpmqrt
State, th22, TASK, 0.299792, 0.300555, 0.000763, 0.000000, lapack_dtpmqrt
State, th22, TASK, 0.300563, 0.301319, 0.000757, 0.000000, lapack_dtpmqrt
State, th22, TASK, 0.301323, 0.302078, 0.000755, 0.000000, lapack_dtpmqrt
State, th22, TASK, 0.302218, 0.302981, 0.000762, 0.000000, lapack_dtpmqrt
State, th22, TASK, 0.302985, 0.303731, 0.000746, 0.000000, lapack_dtpmqrt
State, th22, TASK, 0.303735, 0.304482, 0.000746, 0.000000, lapack_dtpmqrt
State, th22, TASK, 0.304491, 0.305249, 0.000758, 0.000000, lapack_dtpmqrt
State, th22, TASK, 0.305253, 0.306007, 0.000754, 0.000000, lapack_dtpmqrt
State, th22, TASK, 0.306011, 0.306765, 0.000755, 0.000000, lapack_dtpmqrt
State, th22, TASK, 0.306769, 0.307530, 0.000761, 0.000000, lapack_dtpmqrt
State, th22, TASK, 0.307534, 0.308287, 0.000753, 0.000000, lapack_dtpmqrt
State, th22, TASK, 0.308291, 0.309047, 0.000757, 0.000000, lapack_dtpmqrt
State, th22, TASK, 0.309052, 0.309805, 0.000752, 0.000000, lapack_dtpmqrt
State, th22, TASK, 0.309809, 0.310570, 0.000762, 0.000000, lapack_dtpmqrt
State, th22, TASK, 0.310574, 0.311344, 0.000770, 0.000000, lapack_dtpmqrt
State, th22, TASK, 0.311348, 0.312109, 0.000760, 0.000000, lapack_dtpmqrt
State, th22, TASK, 0.312113, 0.312873, 0.000760, 0.000000, lapack_dtpmqrt
State, th22, TASK, 0.312877, 0.313640, 0.000763, 0.000000, lapack_dtpmqrt
State, th22, TASK, 0.314070, 0.314864, 0.000795, 0.000000, lapack_dtpmqrt
State, th22, TASK, 0.314869, 0.315658, 0.000789, 0.000000, lapack_dtpmqrt
State, th22, TASK, 0.315662, 0.316448, 0.000786, 0.000000, lapack_dtpmqrt
State, th22, TASK, 0.316452, 0.317249, 0.000798, 0.000000, lapack_dtpmqrt
State, th22, TASK, 0.317253, 0.318033, 0.000780, 0.000000, lapack_dtpmqrt
State, th22, TASK, 0.318037, 0.318818, 0.000780, 0.000000, lapack_dtpmqrt
State, th22, TASK, 0.318822, 0.319607, 0.000785, 0.000000, lapack_dtpmqrt
State, th22, TASK, 0.319611, 0.320391, 0.000780, 0.000000, lapack_dtpmqrt
State, th22, TASK, 0.320395, 0.321183, 0.000788, 0.000000, lapack_dtpmqrt
State, th22, TASK, 0.321187, 0.321976, 0.000789, 0.000000, lapack_dtpmqrt
State, th22, TASK, 0.321980, 0.322771, 0.000791, 0.000000, lapack_dtpmqrt
State, th22, TASK, 0.322774, 0.323555, 0.000781, 0.000000, lapack_dtpmqrt
State, th22, TASK, 0.323749, 0.324488, 0.000739, 0.000000, lapack_dtpmqrt
State, th22, TASK, 0.324492, 0.325231, 0.000739, 0.000000, lapack_dtpmqrt
State, th22, TASK, 0.325235, 0.325982, 0.000747, 0.000000, lapack_dtpmqrt
State, th22, TASK, 0.325986, 0.326725, 0.000738, 0.000000, lapack_dtpmqrt
State, th22, TASK, 0.326729, 0.327478, 0.000749, 0.000000, lapack_dtpmqrt
State, th22, TASK, 0.327482, 0.328222, 0.000740, 0.000000, lapack_dtpmqrt
State, th22, TASK, 0.328225, 0.328965, 0.000740, 0.000000, lapack_dtpmqrt
State, th22, TASK, 0.328969, 0.329705, 0.000737, 0.000000, lapack_dtpmqrt
State, th22, TASK, 0.329711, 0.330154, 0.000443, 0.000000, lapack_dlarfb
State, th22, TASK, 0.330250, 0.330991, 0.000741, 0.000000, lapack_dtpmqrt
State, th22, TASK, 0.330996, 0.331730, 0.000734, 0.000000, lapack_dtpmqrt
State, th22, TASK, 0.331734, 0.332470, 0.000736, 0.000000, lapack_dtpmqrt
State, th22, TASK, 0.332474, 0.333215, 0.000741, 0.000000, lapack_dtpmqrt
State, th22, TASK, 0.333218, 0.333962, 0.000744, 0.000000, lapack_dtpmqrt
State, th22, TASK, 0.333966, 0.334709, 0.000743, 0.000000, lapack_dtpmqrt
State, th22, TASK, 0.334713, 0.335464, 0.000751, 0.000000, lapack_dtpmqrt
State, th22, TASK, 0.335467, 0.336207, 0.000740, 0.000000, lapack_dtpmqrt
State, th22, TASK, 0.336211, 0.336951, 0.000740, 0.000000, lapack_dtpmqrt
State, th22, TASK, 0.336955, 0.337694, 0.000739, 0.000000, lapack_dtpmqrt
State, th22, TASK, 0.337706, 0.338137, 0.000432, 0.000000, lapack_dlarfb
State, th22, TASK, 0.338141, 0.338570, 0.000429, 0.000000, lapack_dlarfb
State, th22, TASK, 0.339144, 0.339934, 0.000791, 0.000000, lapack_dtpmqrt
State, th22, TASK, 0.339938, 0.340709, 0.000771, 0.000000, lapack_dtpmqrt
State, th22, TASK, 0.340713, 0.341482, 0.000769, 0.000000, lapack_dtpmqrt
State, th22, TASK, 0.341486, 0.342256, 0.000770, 0.000000, lapack_dtpmqrt
State, th22, TASK, 0.342260, 0.343029, 0.000769, 0.000000, lapack_dtpmqrt
State, th22, TASK, 0.343032, 0.343808, 0.000776, 0.000000, lapack_dtpmqrt
State, th22, TASK, 0.343813, 0.344603, 0.000790, 0.000000, lapack_dtpmqrt
State, th22, TASK, 0.344607, 0.345382, 0.000775, 0.000000, lapack_dtpmqrt
State, th22, TASK, 0.345385, 0.346159, 0.000774, 0.000000, lapack_dtpmqrt
State, th22, TASK, 0.346163, 0.346945, 0.000782, 0.000000, lapack_dtpmqrt
State, th22, TASK, 0.346949, 0.347723, 0.000774, 0.000000, lapack_dtpmqrt
State, th22, TASK, 0.347726, 0.348500, 0.000774, 0.000000, lapack_dtpmqrt
State, th22, TASK, 0.348504, 0.349269, 0.000766, 0.000000, lapack_dtpmqrt
State, th22, TASK, 0.349410, 0.350177, 0.000767, 0.000000, lapack_dtpmqrt
State, th22, TASK, 0.350185, 0.350944, 0.000759, 0.000000, lapack_dtpmqrt
State, th22, TASK, 0.350949, 0.351702, 0.000754, 0.000000, lapack_dtpmqrt
State, th22, TASK, 0.351707, 0.352464, 0.000758, 0.000000, lapack_dtpmqrt
State, th22, TASK, 0.352468, 0.353221, 0.000753, 0.000000, lapack_dtpmqrt
State, th22, TASK, 0.353225, 0.353964, 0.000739, 0.000000, lapack_dtpmqrt
State, th22, TASK, 0.353968, 0.354702, 0.000735, 0.000000, lapack_dtpmqrt
State, th22, TASK, 0.354713, 0.355138, 0.000425, 0.000000, lapack_dlarfb
State, th22, TASK, 0.355205, 0.355981, 0.000776, 0.000000, lapack_dtpmqrt
State, th22, TASK, 0.355985, 0.356732, 0.000747, 0.000000, lapack_dtpmqrt
State, th22, TASK, 0.356735, 0.357481, 0.000746, 0.000000, lapack_dtpmqrt
State, th22, TASK, 0.357485, 0.358232, 0.000746, 0.000000, lapack_dtpmqrt
State, th22, TASK, 0.358411, 0.358944, 0.000533, 0.000000, lapack_dtpqrt
State, th22, TASK, 0.358951, 0.359472, 0.000521, 0.000000, lapack_dtpqrt
State, th22, TASK, 0.359550, 0.360361, 0.000810, 0.000000, lapack_dtpmqrt
State, th22, TASK, 0.360432, 0.361194, 0.000762, 0.000000, lapack_dtpmqrt
State, th22, TASK, 0.361205, 0.361958, 0.000753, 0.000000, lapack_dtpmqrt
State, th22, TASK, 0.361962, 0.362734, 0.000772, 0.000000, lapack_dtpmqrt
State, th22, TASK, 0.362740, 0.363514, 0.000774, 0.000000, lapack_dtpmqrt
State, th22, TASK, 0.364169, 0.364978, 0.000809, 0.000000, lapack_dtpmqrt
State, th22, TASK, 0.365072, 0.365843, 0.000771, 0.000000, lapack_dtpmqrt
State, th22, TASK, 0.365846, 0.366611, 0.000764, 0.000000, lapack_dtpmqrt
State, th22, TASK, 0.366614, 0.367384, 0.000770, 0.000000, lapack_dtpmqrt
State, th22, TASK, 0.367396, 0.367852, 0.000456, 0.000000, lapack_dlarfb
State, th22, TASK, 0.368091, 0.368876, 0.000786, 0.000000, lapack_dtpmqrt
State, th22, TASK, 0.368880, 0.369665, 0.000784, 0.000000, lapack_dtpmqrt
State, th22, TASK, 0.369668, 0.370217, 0.000548, 0.000000, lapack_dtpqrt
State, th22, TASK, 0.370306, 0.371079, 0.000773, 0.000000, lapack_dtpmqrt
State, th22, TASK, 0.371446, 0.372254, 0.000808, 0.000000, lapack_dtpmqrt
State, th22, TASK, 0.372274, 0.373051, 0.000777, 0.000000, lapack_dtpmqrt
State, th22, TASK, 0.373619, 0.374406, 0.000787, 0.000000, lapack_dtpmqrt
State, th22, TASK, 0.376222, 0.376692, 0.000470, 0.000000, lapack_dlarfb
State, th21, TASK, 0.012284, 0.012980, 0.000696, 0.000000, lapack_dlarfb
State, th21, TASK, 0.014038, 0.015148, 0.001111, 0.000000, lapack_dtpmqrt
State, th21, TASK, 0.015154, 0.015952, 0.000798, 0.000000, lapack_dtpmqrt
State, th21, TASK, 0.015956, 0.016699, 0.000742, 0.000000, lapack_dtpmqrt
State, th21, TASK, 0.016703, 0.017443, 0.000740, 0.000000, lapack_dtpmqrt
State, th21, TASK, 0.017448, 0.018188, 0.000741, 0.000000, lapack_dtpmqrt
State, th21, TASK, 0.018192, 0.018932, 0.000740, 0.000000, lapack_dtpmqrt
State, th21, TASK, 0.018944, 0.019690, 0.000746, 0.000000, lapack_dtpmqrt
State, th21, TASK, 0.019695, 0.020430, 0.000736, 0.000000, lapack_dtpmqrt
State, th21, TASK, 0.020437, 0.020968, 0.000531, 0.000000, lapack_dtpqrt
State, th21, TASK, 0.020984, 0.021729, 0.000745, 0.000000, lapack_dtpmqrt
State, th21, TASK, 0.021734, 0.022514, 0.000780, 0.000000, lapack_dtpmqrt
State, th21, TASK, 0.022518, 0.023304, 0.000786, 0.000000, lapack_dtpmqrt
State, th21, TASK, 0.023308, 0.024089, 0.000781, 0.000000, lapack_dtpmqrt
State, th21, TASK, 0.024093, 0.024881, 0.000788, 0.000000, lapack_dtpmqrt
State, th21, TASK, 0.024885, 0.025646, 0.000761, 0.000000, lapack_dtpmqrt
State, th21, TASK, 0.025650, 0.026402, 0.000752, 0.000000, lapack_dtpmqrt
State, th21, TASK, 0.026407, 0.027168, 0.000762, 0.000000, lapack_dtpmqrt
State, th21, TASK, 0.027173, 0.027926, 0.000754, 0.000000, lapack_dtpmqrt
State, th21, TASK, 0.027930, 0.028683, 0.000753, 0.000000, lapack_dtpmqrt
State, th21, TASK, 0.028687, 0.029426, 0.000739, 0.000000, lapack_dtpmqrt
State, th21, TASK, 0.029431, 0.030203, 0.000771, 0.000000, lapack_dtpmqrt
State, th21, TASK, 0.030207, 0.030960, 0.000754, 0.000000, lapack_dtpmqrt
State, th21, TASK, 0.030964, 0.031713, 0.000748, 0.000000, lapack_dtpmqrt
State, th21, TASK, 0.031717, 0.032471, 0.000755, 0.000000, lapack_dtpmqrt
State, th21, TASK, 0.032476, 0.033241, 0.000765, 0.000000, lapack_dtpmqrt
State, th21, TASK, 0.033245, 0.033997, 0.000752, 0.000000, lapack_dtpmqrt
State, th21, TASK, 0.034001, 0.034756, 0.000756, 0.000000, lapack_dtpmqrt
State, th21, TASK, 0.034761, 0.035528, 0.000768, 0.000000, lapack_dtpmqrt
State, th21, TASK, 0.035533, 0.036287, 0.000755, 0.000000, lapack_dtpmqrt
State, th21, TASK, 0.036291, 0.037024, 0.000733, 0.000000, lapack_dtpmqrt
State, th21, TASK, 0.037028, 0.037763, 0.000735, 0.000000, lapack_dtpmqrt
State, th21, TASK, 0.037767, 0.038193, 0.000426, 0.000000, lapack_dlarfb
State, th21, TASK, 0.038198, 0.038965, 0.000767, 0.000000, lapack_dtpmqrt
State, th21, TASK, 0.038969, 0.039721, 0.000752, 0.000000, lapack_dtpmqrt
State, th21, TASK, 0.039725, 0.040480, 0.000755, 0.000000, lapack_dtpmqrt
State, th21, TASK, 0.040484, 0.041242, 0.000758, 0.000000, lapack_dtpmqrt
State, th21, TASK, 0.041246, 0.041982, 0.000736, 0.000000, lapack_dtpmqrt
State, th21, TASK, 0.041986, 0.042717, 0.000731, 0.000000, lapack_dtpmqrt
State, th21, TASK, 0.042721, 0.043459, 0.000739, 0.000000, lapack_dtpmqrt
State, th21, TASK, 0.043464, 0.044197, 0.000733, 0.000000, lapack_dtpmqrt
State, th21, TASK, 0.044200, 0.044957, 0.000756, 0.000000, lapack_dtpmqrt
State, th21, TASK, 0.044961, 0.045728, 0.000767, 0.000000, lapack_dtpmqrt
State, th21, TASK, 0.045732, 0.046492, 0.000760, 0.000000, lapack_dtpmqrt
State, th21, TASK, 0.046497, 0.047255, 0.000758, 0.000000, lapack_dtpmqrt
State, th21, TASK, 0.047259, 0.048013, 0.000754, 0.000000, lapack_dtpmqrt
State, th21, TASK, 0.048017, 0.048774, 0.000757, 0.000000, lapack_dtpmqrt
State, th21, TASK, 0.048778, 0.049537, 0.000760, 0.000000, lapack_dtpmqrt
State, th21, TASK, 0.049541, 0.050296, 0.000755, 0.000000, lapack_dtpmqrt
State, th21, TASK, 0.050301, 0.051063, 0.000762, 0.000000, lapack_dtpmqrt
State, th21, TASK, 0.051068, 0.051825, 0.000758, 0.000000, lapack_dtpmqrt
State, th21, TASK, 0.051829, 0.052593, 0.000764, 0.000000, lapack_dtpmqrt
State, th21, TASK, 0.052597, 0.053360, 0.000762, 0.000000, lapack_dtpmqrt
State, th21, TASK, 0.053368, 0.054119, 0.000751, 0.000000, lapack_dtpmqrt
State, th21, TASK, 0.054123, 0.054870, 0.000747, 0.000000, lapack_dtpmqrt
State, th21, TASK, 0.054880, 0.055625, 0.000745, 0.000000, lapack_dtpmqrt
State, th21, TASK, 0.055629, 0.056374, 0.000745, 0.000000, lapack_dtpmqrt
State, th21, TASK, 0.056378, 0.057128, 0.000750, 0.000000, lapack_dtpmqrt
State, th21, TASK, 0.057132, 0.057878, 0.000746, 0.000000, lapack_dtpmqrt
State, th21, TASK, 0.057882, 0.058628, 0.000746, 0.000000, lapack_dtpmqrt
State, th21, TASK, 0.058633, 0.059385, 0.000752, 0.000000, lapack_dtpmqrt
State, th21, TASK, 0.059389, 0.060144, 0.000755, 0.000000, lapack_dtpmqrt
State, th21, TASK, 0.060148, 0.060911, 0.000763, 0.000000, lapack_dtpmqrt
State, th21, TASK, 0.060919, 0.061692, 0.000773, 0.000000, lapack_dtpmqrt
State, th21, TASK, 0.061697, 0.062461, 0.000764, 0.000000, lapack_dtpmqrt
State, th21, TASK, 0.062466, 0.063229, 0.000763, 0.000000, lapack_dtpmqrt
State, th21, TASK, 0.063234, 0.063983, 0.000750, 0.000000, lapack_dtpmqrt
State, th21, TASK, 0.063987, 0.064742, 0.000755, 0.000000, lapack_dtpmqrt
State, th21, TASK, 0.064748, 0.065504, 0.000756, 0.000000, lapack_dtpmqrt
State, th21, TASK, 0.065507, 0.066256, 0.000749, 0.000000, lapack_dtpmqrt
State, th21, TASK, 0.066260, 0.067015, 0.000755, 0.000000, lapack_dtpmqrt
State, th21, TASK, 0.067019, 0.067772, 0.000752, 0.000000, lapack_dtpmqrt
State, th21, TASK, 0.067776, 0.068524, 0.000748, 0.000000, lapack_dtpmqrt
State, th21, TASK, 0.068527, 0.069274, 0.000746, 0.000000, lapack_dtpmqrt
State, th21, TASK, 0.069278, 0.070025, 0.000748, 0.000000, lapack_dtpmqrt
State, th21, TASK, 0.070029, 0.070777, 0.000749, 0.000000, lapack_dtpmqrt
State, th21, TASK, 0.070781, 0.071537, 0.000756, 0.000000, lapack_dtpmqrt
State, th21, TASK, 0.071541, 0.072270, 0.000729, 0.000000, lapack_dtpmqrt
State, th21, TASK, 0.072273, 0.073000, 0.000727, 0.000000, lapack_dtpmqrt
State, th21, TASK, 0.073004, 0.073730, 0.000726, 0.000000, lapack_dtpmqrt
State, th21, TASK, 0.073734, 0.074462, 0.000728, 0.000000, lapack_dtpmqrt
State, th21, TASK, 0.074466, 0.075243, 0.000777, 0.000000, lapack_dtpmqrt
State, th21, TASK, 0.075248, 0.076005, 0.000757, 0.000000, lapack_dtpmqrt
State, th21, TASK, 0.076009, 0.076764, 0.000755, 0.000000, lapack_dtpmqrt
State, th21, TASK, 0.076769, 0.077524, 0.000755, 0.000000, lapack_dtpmqrt
State, th21, TASK, 0.077528, 0.078281, 0.000753, 0.000000, lapack_dtpmqrt
State, th21, TASK, 0.078285, 0.079042, 0.000757, 0.000000, lapack_dtpmqrt
State, th21, TASK, 0.079046, 0.079796, 0.000751, 0.000000, lapack_dtpmqrt
State, th21, TASK, 0.079800, 0.080552, 0.000752, 0.000000, lapack_dtpmqrt
State, th21, TASK, 0.080556, 0.081313, 0.000756, 0.000000, lapack_dtpmqrt
State, th21, TASK, 0.081316, 0.082072, 0.000756, 0.000000, lapack_dtpmqrt
State, th21, TASK, 0.082076, 0.082829, 0.000753, 0.000000, lapack_dtpmqrt
State, th21, TASK, 0.082833, 0.083587, 0.000755, 0.000000, lapack_dtpmqrt
State, th21, TASK, 0.083592, 0.084343, 0.000751, 0.000000, lapack_dtpmqrt
State, th21, TASK, 0.084347, 0.085089, 0.000742, 0.000000, lapack_dtpmqrt
State, th21, TASK, 0.085093, 0.085844, 0.000751, 0.000000, lapack_dtpmqrt
State, th21, TASK, 0.085847, 0.086582, 0.000735, 0.000000, lapack_dtpmqrt
State, th21, TASK, 0.086587, 0.087328, 0.000741, 0.000000, lapack_dtpmqrt
State, th21, TASK, 0.087332, 0.088072, 0.000741, 0.000000, lapack_dtpmqrt
State, th21, TASK, 0.088076, 0.088814, 0.000739, 0.000000, lapack_dtpmqrt
State, th21, TASK, 0.088818, 0.089551, 0.000733, 0.000000, lapack_dtpmqrt
State, th21, TASK, 0.089555, 0.090311, 0.000756, 0.000000, lapack_dtpmqrt
State, th21, TASK, 0.090316, 0.091083, 0.000767, 0.000000, lapack_dtpmqrt
State, th21, TASK, 0.091088, 0.091840, 0.000752, 0.000000, lapack_dtpmqrt
State, th21, TASK, 0.091844, 0.092597, 0.000752, 0.000000, lapack_dtpmqrt
State, th21, TASK, 0.092600, 0.093358, 0.000757, 0.000000, lapack_dtpmqrt
State, th21, TASK, 0.093362, 0.094123, 0.000761, 0.000000, lapack_dtpmqrt
State, th21, TASK, 0.094127, 0.094882, 0.000756, 0.000000, lapack_dtpmqrt
State, th21, TASK, 0.094887, 0.095634, 0.000747, 0.000000, lapack_dtpmqrt
State, th21, TASK, 0.095637, 0.096387, 0.000750, 0.000000, lapack_dtpmqrt
State, th21, TASK, 0.096391, 0.097142, 0.000751, 0.000000, lapack_dtpmqrt
State, th21, TASK, 0.097145, 0.097898, 0.000753, 0.000000, lapack_dtpmqrt
State, th21, TASK, 0.097902, 0.098669, 0.000767, 0.000000, lapack_dtpmqrt
State, th21, TASK, 0.098673, 0.099448, 0.000775, 0.000000, lapack_dtpmqrt
State, th21, TASK, 0.099452, 0.100209, 0.000757, 0.000000, lapack_dtpmqrt
State, th21, TASK, 0.100213, 0.100964, 0.000751, 0.000000, lapack_dtpmqrt
State, th21, TASK, 0.100968, 0.101720, 0.000752, 0.000000, lapack_dtpmqrt
State, th21, TASK, 0.101724, 0.102480, 0.000757, 0.000000, lapack_dtpmqrt
State, th21, TASK, 0.102484, 0.103241, 0.000757, 0.000000, lapack_dtpmqrt
State, th21, TASK, 0.103245, 0.103991, 0.000746, 0.000000, lapack_dtpmqrt
State, th21, TASK, 0.103995, 0.104751, 0.000756, 0.000000, lapack_dtpmqrt
State, th21, TASK, 0.104754, 0.105297, 0.000543, 0.000000, lapack_dtpqrt
State, th21, TASK, 0.105316, 0.106063, 0.000747, 0.000000, lapack_dtpmqrt
State, th21, TASK, 0.106066, 0.106832, 0.000766, 0.000000, lapack_dtpmqrt
State, th21, TASK, 0.106835, 0.107574, 0.000739, 0.000000, lapack_dtpmqrt
State, th21, TASK, 0.107578, 0.108326, 0.000748, 0.000000, lapack_dtpmqrt
State, th21, TASK, 0.108330, 0.109067, 0.000737, 0.000000, lapack_dtpmqrt
State, th21, TASK, 0.109075, 0.109831, 0.000756, 0.000000, lapack_dtpmqrt
State, th21, TASK, 0.109836, 0.110606, 0.000771, 0.000000, lapack_dtpmqrt
State, th21, TASK, 0.110611, 0.111380, 0.000769, 0.000000, lapack_dtpmqrt
State, th21, TASK, 0.111385, 0.112149, 0.000764, 0.000000, lapack_dtpmqrt
State, th21, TASK, 0.112153, 0.112892, 0.000738, 0.000000, lapack_dtpmqrt
State, th21, TASK, 0.112895, 0.113625, 0.000729, 0.000000, lapack_dtpmqrt
State, th21, TASK, 0.113629, 0.114354, 0.000725, 0.000000, lapack_dtpmqrt
State, th21, TASK, 0.114358, 0.115102, 0.000744, 0.000000, lapack_dtpmqrt
State, th21, TASK, 0.115106, 0.115866, 0.000760, 0.000000, lapack_dtpmqrt
State, th21, TASK, 0.115870, 0.116609, 0.000739, 0.000000, lapack_dtpmqrt
State, th21, TASK, 0.116613, 0.117340, 0.000727, 0.000000, lapack_dtpmqrt
State, th21, TASK, 0.117343, 0.118073, 0.000729, 0.000000, lapack_dtpmqrt
State, th21, TASK, 0.118077, 0.118806, 0.000730, 0.000000, lapack_dtpmqrt
State, th21, TASK, 0.118810, 0.119544, 0.000734, 0.000000, lapack_dtpmqrt
State, th21, TASK, 0.119548, 0.120301, 0.000752, 0.000000, lapack_dtpmqrt
State, th21, TASK, 0.120304, 0.121046, 0.000742, 0.000000, lapack_dtpmqrt
State, th21, TASK, 0.121049, 0.121777, 0.000727, 0.000000, lapack_dtpmqrt
State, th21, TASK, 0.121781, 0.122505, 0.000725, 0.000000, lapack_dtpmqrt
State, th21, TASK, 0.122510, 0.123254, 0.000744, 0.000000, lapack_dtpmqrt
State, th21, TASK, 0.123258, 0.123991, 0.000732, 0.000000, lapack_dtpmqrt
State, th21, TASK, 0.123994, 0.124730, 0.000736, 0.000000, lapack_dtpmqrt
State, th21, TASK, 0.124734, 0.125464, 0.000730, 0.000000, lapack_dtpmqrt
State, th21, TASK, 0.125468, 0.126223, 0.000755, 0.000000, lapack_dtpmqrt
State, th21, TASK, 0.126227, 0.126988, 0.000762, 0.000000, lapack_dtpmqrt
State, th21, TASK, 0.126992, 0.127740, 0.000747, 0.000000, lapack_dtpmqrt
State, th21, TASK, 0.127743, 0.128489, 0.000746, 0.000000, lapack_dtpmqrt
State, th21, TASK, 0.128494, 0.129239, 0.000746, 0.000000, lapack_dtpmqrt
State, th21, TASK, 0.129243, 0.129989, 0.000746, 0.000000, lapack_dtpmqrt
State, th21, TASK, 0.129992, 0.130748, 0.000755, 0.000000, lapack_dtpmqrt
State, th21, TASK, 0.130752, 0.131509, 0.000757, 0.000000, lapack_dtpmqrt
State, th21, TASK, 0.131512, 0.132250, 0.000738, 0.000000, lapack_dtpmqrt
State, th21, TASK, 0.132255, 0.133043, 0.000788, 0.000000, lapack_dtpmqrt
State, th21, TASK, 0.133047, 0.133818, 0.000772, 0.000000, lapack_dtpmqrt
State, th21, TASK, 0.133822, 0.134596, 0.000774, 0.000000, lapack_dtpmqrt
State, th21, TASK, 0.134601, 0.135378, 0.000776, 0.000000, lapack_dtpmqrt
State, th21, TASK, 0.135381, 0.136158, 0.000777, 0.000000, lapack_dtpmqrt
State, th21, TASK, 0.136162, 0.136937, 0.000775, 0.000000, lapack_dtpmqrt
State, th21, TASK, 0.136941, 0.137717, 0.000777, 0.000000, lapack_dtpmqrt
State, th21, TASK, 0.137722, 0.138496, 0.000774, 0.000000, lapack_dtpmqrt
State, th21, TASK, 0.138500, 0.139276, 0.000776, 0.000000, lapack_dtpmqrt
State, th21, TASK, 0.139280, 0.140027, 0.000747, 0.000000, lapack_dtpmqrt
State, th21, TASK, 0.140031, 0.140783, 0.000752, 0.000000, lapack_dtpmqrt
State, th21, TASK, 0.140787, 0.141543, 0.000756, 0.000000, lapack_dtpmqrt
State, th21, TASK, 0.141547, 0.142303, 0.000756, 0.000000, lapack_dtpmqrt
State, th21, TASK, 0.142306, 0.143067, 0.000761, 0.000000, lapack_dtpmqrt
State, th21, TASK, 0.143071, 0.143826, 0.000755, 0.000000, lapack_dtpmqrt
State, th21, TASK, 0.143829, 0.144583, 0.000754, 0.000000, lapack_dtpmqrt
State, th21, TASK, 0.144587, 0.145348, 0.000761, 0.000000, lapack_dtpmqrt
State, th21, TASK, 0.145352, 0.146105, 0.000753, 0.000000, lapack_dtpmqrt
State, th21, TASK, 0.146108, 0.146860, 0.000752, 0.000000, lapack_dtpmqrt
State, th21, TASK, 0.146865, 0.147621, 0.000756, 0.000000, lapack_dtpmqrt
State, th21, TASK, 0.147625, 0.148376, 0.000751, 0.000000, lapack_dtpmqrt
State, th21, TASK, 0.148380, 0.149129, 0.000749, 0.000000, lapack_dtpmqrt
State, th21, TASK, 0.149133, 0.149880, 0.000748, 0.000000, lapack_dtpmqrt
State, th21, TASK, 0.149884, 0.150631, 0.000747, 0.000000, lapack_dtpmqrt
State, th21, TASK, 0.150634, 0.151424, 0.000790, 0.000000, lapack_dtpmqrt
State, th21, TASK, 0.151428, 0.152197, 0.000770, 0.000000, lapack_dtpmqrt
State, th21, TASK, 0.152201, 0.152967, 0.000766, 0.000000, lapack_dtpmqrt
State, th21, TASK, 0.152971, 0.153726, 0.000755, 0.000000, lapack_dtpmqrt
State, th21, TASK, 0.153730, 0.154489, 0.000758, 0.000000, lapack_dtpmqrt
State, th21, TASK, 0.154493, 0.155254, 0.000761, 0.000000, lapack_dtpmqrt
State, th21, TASK, 0.155259, 0.156013, 0.000754, 0.000000, lapack_dtpmqrt
State, th21, TASK, 0.156017, 0.156772, 0.000755, 0.000000, lapack_dtpmqrt
State, th21, TASK, 0.156775, 0.157530, 0.000755, 0.000000, lapack_dtpmqrt
State, th21, TASK, 0.157539, 0.158284, 0.000746, 0.000000, lapack_dtpmqrt
State, th21, TASK, 0.158288, 0.159033, 0.000746, 0.000000, lapack_dtpmqrt
State, th21, TASK, 0.159038, 0.159779, 0.000741, 0.000000, lapack_dtpmqrt
State, th21, TASK, 0.159782, 0.160523, 0.000741, 0.000000, lapack_dtpmqrt
State, th21, TASK, 0.160527, 0.161271, 0.000745, 0.000000, lapack_dtpmqrt
State, th21, TASK, 0.161275, 0.162016, 0.000741, 0.000000, lapack_dtpmqrt
State, th21, TASK, 0.162019, 0.162759, 0.000739, 0.000000, lapack_dtpmqrt
State, th21, TASK, 0.162765, 0.163198, 0.000433, 0.000000, lapack_dlarfb
State, th21, TASK, 0.163202, 0.163615, 0.000412, 0.000000, lapack_dlarfb
State, th21, TASK, 0.163620, 0.164033, 0.000413, 0.000000, lapack_dlarfb
State, th21, TASK, 0.164038, 0.164813, 0.000774, 0.000000, lapack_dtpmqrt
State, th21, TASK, 0.164817, 0.165584, 0.000767, 0.000000, lapack_dtpmqrt
State, th21, TASK, 0.165587, 0.166354, 0.000767, 0.000000, lapack_dtpmqrt
State, th21, TASK, 0.166358, 0.167125, 0.000767, 0.000000, lapack_dtpmqrt
State, th21, TASK, 0.167129, 0.167885, 0.000756, 0.000000, lapack_dtpmqrt
State, th21, TASK, 0.167889, 0.168650, 0.000761, 0.000000, lapack_dtpmqrt
State, th21, TASK, 0.168653, 0.169412, 0.000759, 0.000000, lapack_dtpmqrt
State, th21, TASK, 0.169416, 0.170176, 0.000760, 0.000000, lapack_dtpmqrt
State, th21, TASK, 0.170181, 0.170944, 0.000763, 0.000000, lapack_dtpmqrt
State, th21, TASK, 0.170974, 0.171503, 0.000529, 0.000000, lapack_dtpqrt
State, th21, TASK, 0.171527, 0.172265, 0.000738, 0.000000, lapack_dtpmqrt
State, th21, TASK, 0.172269, 0.173004, 0.000735, 0.000000, lapack_dtpmqrt
State, th21, TASK, 0.173008, 0.173742, 0.000734, 0.000000, lapack_dtpmqrt
State, th21, TASK, 0.173746, 0.174479, 0.000733, 0.000000, lapack_dtpmqrt
State, th21, TASK, 0.174484, 0.175224, 0.000740, 0.000000, lapack_dtpmqrt
State, th21, TASK, 0.175228, 0.175966, 0.000738, 0.000000, lapack_dtpmqrt
State, th21, TASK, 0.175970, 0.176705, 0.000736, 0.000000, lapack_dtpmqrt
State, th21, TASK, 0.176709, 0.177445, 0.000736, 0.000000, lapack_dtpmqrt
State, th21, TASK, 0.177449, 0.178185, 0.000736, 0.000000, lapack_dtpmqrt
State, th21, TASK, 0.178188, 0.178935, 0.000746, 0.000000, lapack_dtpmqrt
State, th21, TASK, 0.178939, 0.179682, 0.000743, 0.000000, lapack_dtpmqrt
State, th21, TASK, 0.179686, 0.180423, 0.000737, 0.000000, lapack_dtpmqrt
State, th21, TASK, 0.180427, 0.181166, 0.000739, 0.000000, lapack_dtpmqrt
State, th21, TASK, 0.181170, 0.181909, 0.000739, 0.000000, lapack_dtpmqrt
State, th21, TASK, 0.181913, 0.182652, 0.000738, 0.000000, lapack_dtpmqrt
State, th21, TASK, 0.182655, 0.183405, 0.000750, 0.000000, lapack_dtpmqrt
State, th21, TASK, 0.183410, 0.184156, 0.000746, 0.000000, lapack_dtpmqrt
State, th21, TASK, 0.184160, 0.184907, 0.000748, 0.000000, lapack_dtpmqrt
State, th21, TASK, 0.184911, 0.185650, 0.000739, 0.000000, lapack_dtpmqrt
State, th21, TASK, 0.185653, 0.186395, 0.000742, 0.000000, lapack_dtpmqrt
State, th21, TASK, 0.186399, 0.187139, 0.000740, 0.000000, lapack_dtpmqrt
State, th21, TASK, 0.187143, 0.187885, 0.000742, 0.000000, lapack_dtpmqrt
State, th21, TASK, 0.187889, 0.188632, 0.000743, 0.000000, lapack_dtpmqrt
State, th21, TASK, 0.188636, 0.189377, 0.000741, 0.000000, lapack_dtpmqrt
State, th21, TASK, 0.189381, 0.190130, 0.000749, 0.000000, lapack_dtpmqrt
State, th21, TASK, 0.190133, 0.190732, 0.000598, 0.000000, lapack_dgeqrt
State, th21, TASK, 0.190754, 0.191175, 0.000421, 0.000000, lapack_dlarfb
State, th21, TASK, 0.191179, 0.191590, 0.000412, 0.000000, lapack_dlarfb
State, th21, TASK, 0.191594, 0.192004, 0.000411, 0.000000, lapack_dlarfb
State, th21, TASK, 0.192007, 0.192419, 0.000411, 0.000000, lapack_dlarfb
State, th21, TASK, 0.192423, 0.192833, 0.000410, 0.000000, lapack_dlarfb
State, th21, TASK, 0.192836, 0.193246, 0.000410, 0.000000, lapack_dlarfb
State, th21, TASK, 0.193249, 0.193660, 0.000411, 0.000000, lapack_dlarfb
State, th21, TASK, 0.193663, 0.194074, 0.000411, 0.000000, lapack_dlarfb
State, th21, TASK, 0.194077, 0.194489, 0.000412, 0.000000, lapack_dlarfb
State, th21, TASK, 0.194494, 0.195031, 0.000536, 0.000000, lapack_dtpqrt
State, th21, TASK, 0.195058, 0.195840, 0.000783, 0.000000, lapack_dtpmqrt
State, th21, TASK, 0.195844, 0.196630, 0.000786, 0.000000, lapack_dtpmqrt
State, th21, TASK, 0.196634, 0.197431, 0.000797, 0.000000, lapack_dtpmqrt
State, th21, TASK, 0.197435, 0.198225, 0.000790, 0.000000, lapack_dtpmqrt
State, th21, TASK, 0.198229, 0.199022, 0.000793, 0.000000, lapack_dtpmqrt
State, th21, TASK, 0.199027, 0.199811, 0.000785, 0.000000, lapack_dtpmqrt
State, th21, TASK, 0.199816, 0.200602, 0.000786, 0.000000, lapack_dtpmqrt
State, th21, TASK, 0.200606, 0.201393, 0.000787, 0.000000, lapack_dtpmqrt
State, th21, TASK, 0.201402, 0.202179, 0.000777, 0.000000, lapack_dtpmqrt
State, th21, TASK, 0.202183, 0.202964, 0.000782, 0.000000, lapack_dtpmqrt
State, th21, TASK, 0.202968, 0.203753, 0.000784, 0.000000, lapack_dtpmqrt
State, th21, TASK, 0.203757, 0.204539, 0.000782, 0.000000, lapack_dtpmqrt
State, th21, TASK, 0.204542, 0.205316, 0.000773, 0.000000, lapack_dtpmqrt
State, th21, TASK, 0.205320, 0.206093, 0.000774, 0.000000, lapack_dtpmqrt
State, th21, TASK, 0.206097, 0.206878, 0.000781, 0.000000, lapack_dtpmqrt
State, th21, TASK, 0.206882, 0.207655, 0.000773, 0.000000, lapack_dtpmqrt
State, th21, TASK, 0.207659, 0.208440, 0.000782, 0.000000, lapack_dtpmqrt
State, th21, TASK, 0.208444, 0.209223, 0.000779, 0.000000, lapack_dtpmqrt
State, th21, TASK, 0.209227, 0.210005, 0.000778, 0.000000, lapack_dtpmqrt
State, th21, TASK, 0.210009, 0.210784, 0.000775, 0.000000, lapack_dtpmqrt
State, th21, TASK, 0.210788, 0.211571, 0.000783, 0.000000, lapack_dtpmqrt
State, th21, TASK, 0.211576, 0.212353, 0.000777, 0.000000, lapack_dtpmqrt
State, th21, TASK, 0.212357, 0.213131, 0.000774, 0.000000, lapack_dtpmqrt
State, th21, TASK, 0.213134, 0.213907, 0.000773, 0.000000, lapack_dtpmqrt
State, th21, TASK, 0.213940, 0.214408, 0.000468, 0.000000, lapack_dlarfb
State, th21, TASK, 0.214412, 0.214846, 0.000433, 0.000000, lapack_dlarfb
State, th21, TASK, 0.214851, 0.215287, 0.000436, 0.000000, lapack_dlarfb
State, th21, TASK, 0.215291, 0.215723, 0.000431, 0.000000, lapack_dlarfb
State, th21, TASK, 0.215873, 0.216638, 0.000765, 0.000000, lapack_dtpmqrt
State, th21, TASK, 0.216642, 0.217397, 0.000755, 0.000000, lapack_dtpmqrt
State, th21, TASK, 0.217400, 0.218153, 0.000753, 0.000000, lapack_dtpmqrt
State, th21, TASK, 0.218157, 0.218926, 0.000768, 0.000000, lapack_dtpmqrt
State, th21, TASK, 0.218929, 0.219686, 0.000756, 0.000000, lapack_dtpmqrt
State, th21, TASK, 0.219689, 0.220453, 0.000763, 0.000000, lapack_dtpmqrt
State, th21, TASK, 0.220456, 0.221216, 0.000760, 0.000000, lapack_dtpmqrt
State, th21, TASK, 0.221220, 0.221977, 0.000757, 0.000000, lapack_dtpmqrt
State, th21, TASK, 0.221981, 0.222738, 0.000757, 0.000000, lapack_dtpmqrt
State, th21, TASK, 0.222752, 0.223534, 0.000782, 0.000000, lapack_dtpmqrt
State, th21, TASK, 0.223538, 0.224301, 0.000763, 0.000000, lapack_dtpmqrt
State, th21, TASK, 0.224306, 0.225075, 0.000769, 0.000000, lapack_dtpmqrt
State, th21, TASK, 0.225078, 0.225845, 0.000767, 0.000000, lapack_dtpmqrt
State, th21, TASK, 0.225849, 0.226628, 0.000779, 0.000000, lapack_dtpmqrt
State, th21, TASK, 0.226633, 0.227415, 0.000782, 0.000000, lapack_dtpmqrt
State, th21, TASK, 0.227419, 0.228182, 0.000763, 0.000000, lapack_dtpmqrt
State, th21, TASK, 0.228185, 0.228969, 0.000783, 0.000000, lapack_dtpmqrt
State, th21, TASK, 0.228973, 0.229741, 0.000768, 0.000000, lapack_dtpmqrt
State, th21, TASK, 0.229745, 0.230508, 0.000763, 0.000000, lapack_dtpmqrt
State, th21, TASK, 0.230512, 0.231279, 0.000767, 0.000000, lapack_dtpmqrt
State, th21, TASK, 0.231284, 0.232044, 0.000760, 0.000000, lapack_dtpmqrt
State, th21, TASK, 0.232048, 0.232806, 0.000759, 0.000000, lapack_dtpmqrt
State, th21, TASK, 0.232810, 0.233575, 0.000765, 0.000000, lapack_dtpmqrt
State, th21, TASK, 0.233579, 0.234342, 0.000763, 0.000000, lapack_dtpmqrt
State, th21, TASK, 0.234345, 0.235111, 0.000766, 0.000000, lapack_dtpmqrt
State, th21, TASK, 0.235277, 0.236051, 0.000774, 0.000000, lapack_dtpmqrt
State, th21, TASK, 0.236055, 0.236818, 0.000763, 0.000000, lapack_dtpmqrt
State, th21, TASK, 0.236822, 0.237583, 0.000760, 0.000000, lapack_dtpmqrt
State, th21, TASK, 0.237587, 0.238346, 0.000759, 0.000000, lapack_dtpmqrt
State, th21, TASK, 0.238350, 0.239115, 0.000765, 0.000000, lapack_dtpmqrt
State, th21, TASK, 0.239119, 0.239876, 0.000757, 0.000000, lapack_dtpmqrt
State, th21, TASK, 0.239880, 0.240637, 0.000757, 0.000000, lapack_dtpmqrt
State, th21, TASK, 0.240647, 0.241404, 0.000757, 0.000000, lapack_dtpmqrt
State, th21, TASK, 0.241408, 0.242167, 0.000759, 0.000000, lapack_dtpmqrt
State, th21, TASK, 0.242171, 0.242941, 0.000771, 0.000000, lapack_dtpmqrt
State, th21, TASK, 0.242945, 0.243706, 0.000761, 0.000000, lapack_dtpmqrt
State, th21, TASK, 0.243711, 0.244472, 0.000761, 0.000000, lapack_dtpmqrt
State, th21, TASK, 0.244476, 0.245239, 0.000763, 0.000000, lapack_dtpmqrt
State, th21, TASK, 0.245243, 0.246007, 0.000764, 0.000000, lapack_dtpmqrt
State, th21, TASK, 0.246011, 0.246776, 0.000765, 0.000000, lapack_dtpmqrt
State, th21, TASK, 0.246779, 0.247548, 0.000768, 0.000000, lapack_dtpmqrt
State, th21, TASK, 0.247552, 0.248311, 0.000760, 0.000000, lapack_dtpmqrt
State, th21, TASK, 0.248315, 0.249070, 0.000755, 0.000000, lapack_dtpmqrt
State, th21, TASK, 0.249074, 0.249826, 0.000752, 0.000000, lapack_dtpmqrt
State, th21, TASK, 0.249835, 0.250591, 0.000755, 0.000000, lapack_dtpmqrt
State, th21, TASK, 0.250594, 0.251355, 0.000761, 0.000000, lapack_dtpmqrt
State, th21, TASK, 0.251360, 0.252115, 0.000755, 0.000000, lapack_dtpmqrt
State, th21, TASK, 0.252119, 0.252878, 0.000759, 0.000000, lapack_dtpmqrt
State, th21, TASK, 0.252882, 0.253643, 0.000760, 0.000000, lapack_dtpmqrt
State, th21, TASK, 0.253646, 0.254403, 0.000757, 0.000000, lapack_dtpmqrt
State, th21, TASK, 0.254407, 0.255177, 0.000770, 0.000000, lapack_dtpmqrt
State, th21, TASK, 0.255181, 0.255940, 0.000760, 0.000000, lapack_dtpmqrt
State, th21, TASK, 0.255944, 0.256702, 0.000757, 0.000000, lapack_dtpmqrt
State, th21, TASK, 0.256706, 0.257465, 0.000759, 0.000000, lapack_dtpmqrt
State, th21, TASK, 0.257470, 0.258239, 0.000769, 0.000000, lapack_dtpmqrt
State, th21, TASK, 0.258243, 0.259014, 0.000771, 0.000000, lapack_dtpmqrt
State, th21, TASK, 0.259018, 0.259792, 0.000774, 0.000000, lapack_dtpmqrt
State, th21, TASK, 0.259795, 0.260564, 0.000769, 0.000000, lapack_dtpmqrt
State, th21, TASK, 0.260568, 0.261337, 0.000769, 0.000000, lapack_dtpmqrt
State, th21, TASK, 0.261544, 0.262301, 0.000757, 0.000000, lapack_dtpmqrt
State, th21, TASK, 0.262305, 0.263058, 0.000753, 0.000000, lapack_dtpmqrt
State, th21, TASK, 0.263062, 0.263808, 0.000746, 0.000000, lapack_dtpmqrt
State, th21, TASK, 0.263813, 0.264557, 0.000745, 0.000000, lapack_dtpmqrt
State, th21, TASK, 0.264561, 0.265315, 0.000754, 0.000000, lapack_dtpmqrt
State, th21, TASK, 0.265348, 0.266096, 0.000748, 0.000000, lapack_dtpmqrt
State, th21, TASK, 0.266100, 0.266838, 0.000738, 0.000000, lapack_dtpmqrt
State, th21, TASK, 0.266841, 0.267592, 0.000751, 0.000000, lapack_dtpmqrt
State, th21, TASK, 0.267596, 0.268337, 0.000741, 0.000000, lapack_dtpmqrt
State, th21, TASK, 0.268342, 0.269087, 0.000746, 0.000000, lapack_dtpmqrt
State, th21, TASK, 0.269091, 0.269839, 0.000748, 0.000000, lapack_dtpmqrt
State, th21, TASK, 0.269843, 0.270585, 0.000741, 0.000000, lapack_dtpmqrt
State, th21, TASK, 0.270588, 0.271337, 0.000749, 0.000000, lapack_dtpmqrt
State, th21, TASK, 0.271341, 0.272089, 0.000747, 0.000000, lapack_dtpmqrt
State, th21, TASK, 0.272092, 0.272841, 0.000748, 0.000000, lapack_dtpmqrt
State, th21, TASK, 0.272845, 0.273597, 0.000753, 0.000000, lapack_dtpmqrt
State, th21, TASK, 0.273601, 0.274356, 0.000755, 0.000000, lapack_dtpmqrt
State, th21, TASK, 0.274360, 0.275118, 0.000758, 0.000000, lapack_dtpmqrt
State, th21, TASK, 0.275122, 0.275876, 0.000753, 0.000000, lapack_dtpmqrt
State, th21, TASK, 0.275880, 0.276626, 0.000746, 0.000000, lapack_dtpmqrt
State, th21, TASK, 0.276630, 0.277386, 0.000756, 0.000000, lapack_dtpmqrt
State, th21, TASK, 0.277390, 0.278168, 0.000778, 0.000000, lapack_dtpmqrt
State, th21, TASK, 0.278253, 0.279003, 0.000750, 0.000000, lapack_dtpmqrt
State, th21, TASK, 0.279007, 0.279733, 0.000726, 0.000000, lapack_dtpmqrt
State, th21, TASK, 0.279737, 0.280466, 0.000730, 0.000000, lapack_dtpmqrt
State, th21, TASK, 0.280471, 0.281200, 0.000730, 0.000000, lapack_dtpmqrt
State, th21, TASK, 0.281204, 0.281933, 0.000729, 0.000000, lapack_dtpmqrt
State, th21, TASK, 0.281936, 0.282665, 0.000729, 0.000000, lapack_dtpmqrt
State, th21, TASK, 0.282669, 0.283403, 0.000734, 0.000000, lapack_dtpmqrt
State, th21, TASK, 0.283407, 0.284138, 0.000731, 0.000000, lapack_dtpmqrt
State, th21, TASK, 0.284142, 0.284870, 0.000728, 0.000000, lapack_dtpmqrt
State, th21, TASK, 0.284873, 0.285601, 0.000728, 0.000000, lapack_dtpmqrt
State, th21, TASK, 0.285605, 0.286335, 0.000731, 0.000000, lapack_dtpmqrt
State, th21, TASK, 0.286339, 0.287075, 0.000736, 0.000000, lapack_dtpmqrt
State, th21, TASK, 0.287079, 0.287805, 0.000726, 0.000000, lapack_dtpmqrt
State, th21, TASK, 0.287816, 0.288268, 0.000452, 0.000000, lapack_dlarfb
State, th21, TASK, 0.288272, 0.288701, 0.000429, 0.000000, lapack_dlarfb
State, th21, TASK, 0.288704, 0.289132, 0.000427, 0.000000, lapack_dlarfb
State, th21, TASK, 0.289135, 0.289565, 0.000429, 0.000000, lapack_dlarfb
State, th21, TASK, 0.289932, 0.290670, 0.000738, 0.000000, lapack_dtpmqrt
State, th21, TASK, 0.290673, 0.291422, 0.000748, 0.000000, lapack_dtpmqrt
State, th21, TASK, 0.291427, 0.292178, 0.000752, 0.000000, lapack_dtpmqrt
State, th21, TASK, 0.292182, 0.292937, 0.000755, 0.000000, lapack_dtpmqrt
State, th21, TASK, 0.292940, 0.293691, 0.000751, 0.000000, lapack_dtpmqrt
State, th21, TASK, 0.293694, 0.294439, 0.000744, 0.000000, lapack_dtpmqrt
State, th21, TASK, 0.294442, 0.295190, 0.000748, 0.000000, lapack_dtpmqrt
State, th21, TASK, 0.295194, 0.295936, 0.000742, 0.000000, lapack_dtpmqrt
State, th21, TASK, 0.295939, 0.296681, 0.000742, 0.000000, lapack_dtpmqrt
State, th21, TASK, 0.296684, 0.297426, 0.000742, 0.000000, lapack_dtpmqrt
State, th21, TASK, 0.297438, 0.298173, 0.000735, 0.000000, lapack_dtpmqrt
State, th21, TASK, 0.298183, 0.298935, 0.000752, 0.000000, lapack_dtpmqrt
State, th21, TASK, 0.298939, 0.299684, 0.000744, 0.000000, lapack_dtpmqrt
State, th21, TASK, 0.299688, 0.300450, 0.000763, 0.000000, lapack_dtpmqrt
State, th21, TASK, 0.300454, 0.301207, 0.000752, 0.000000, lapack_dtpmqrt
State, th21, TASK, 0.301210, 0.301964, 0.000754, 0.000000, lapack_dtpmqrt
State, th21, TASK, 0.302203, 0.302957, 0.000754, 0.000000, lapack_dtpmqrt
State, th21, TASK, 0.302961, 0.303713, 0.000752, 0.000000, lapack_dtpmqrt
State, th21, TASK, 0.303717, 0.304465, 0.000748, 0.000000, lapack_dtpmqrt
State, th21, TASK, 0.304469, 0.305219, 0.000751, 0.000000, lapack_dtpmqrt
State, th21, TASK, 0.305223, 0.305971, 0.000748, 0.000000, lapack_dtpmqrt
State, th21, TASK, 0.305975, 0.306721, 0.000746, 0.000000, lapack_dtpmqrt
State, th21, TASK, 0.306724, 0.307474, 0.000750, 0.000000, lapack_dtpmqrt
State, th21, TASK, 0.307478, 0.308224, 0.000746, 0.000000, lapack_dtpmqrt
State, th21, TASK, 0.308228, 0.308974, 0.000746, 0.000000, lapack_dtpmqrt
State, th21, TASK, 0.308977, 0.309720, 0.000742, 0.000000, lapack_dtpmqrt
State, th21, TASK, 0.309723, 0.310466, 0.000743, 0.000000, lapack_dtpmqrt
State, th21, TASK, 0.310471, 0.311242, 0.000772, 0.000000, lapack_dtpmqrt
State, th21, TASK, 0.311247, 0.312008, 0.000761, 0.000000, lapack_dtpmqrt
State, th21, TASK, 0.312011, 0.312774, 0.000763, 0.000000, lapack_dtpmqrt
State, th21, TASK, 0.312778, 0.313536, 0.000758, 0.000000, lapack_dtpmqrt
State, th21, TASK, 0.313642, 0.314402, 0.000760, 0.000000, lapack_dtpmqrt
State, th21, TASK, 0.314406, 0.315172, 0.000767, 0.000000, lapack_dtpmqrt
State, th21, TASK, 0.315176, 0.315941, 0.000764, 0.000000, lapack_dtpmqrt
State, th21, TASK, 0.315944, 0.316706, 0.000762, 0.000000, lapack_dtpmqrt
State, th21, TASK, 0.316711, 0.317473, 0.000763, 0.000000, lapack_dtpmqrt
State, th21, TASK, 0.317477, 0.318233, 0.000756, 0.000000, lapack_dtpmqrt
State, th21, TASK, 0.318238, 0.318998, 0.000761, 0.000000, lapack_dtpmqrt
State, th21, TASK, 0.319002, 0.319765, 0.000763, 0.000000, lapack_dtpmqrt
State, th21, TASK, 0.319769, 0.320532, 0.000763, 0.000000, lapack_dtpmqrt
State, th21, TASK, 0.320536, 0.321296, 0.000760, 0.000000, lapack_dtpmqrt
State, th21, TASK, 0.321300, 0.322057, 0.000758, 0.000000, lapack_dtpmqrt
State, th21, TASK, 0.322064, 0.322485, 0.000422, 0.000000, lapack_dlarfb
State, th21, TASK, 0.322489, 0.322938, 0.000450, 0.000000, lapack_dlarfb
State, th21, TASK, 0.322980, 0.323746, 0.000766, 0.000000, lapack_dtpmqrt
State, th21, TASK, 0.323828, 0.324597, 0.000769, 0.000000, lapack_dtpmqrt
State, th21, TASK, 0.324601, 0.325387, 0.000786, 0.000000, lapack_dtpmqrt
State, th21, TASK, 0.325391, 0.326178, 0.000786, 0.000000, lapack_dtpmqrt
State, th21, TASK, 0.326181, 0.326967, 0.000786, 0.000000, lapack_dtpmqrt
State, th21, TASK, 0.326972, 0.327749, 0.000777, 0.000000, lapack_dtpmqrt
State, th21, TASK, 0.327753, 0.328532, 0.000780, 0.000000, lapack_dtpmqrt
State, th21, TASK, 0.328570, 0.329340, 0.000770, 0.000000, lapack_dtpmqrt
State, th21, TASK, 0.329346, 0.330115, 0.000769, 0.000000, lapack_dtpmqrt
State, th21, TASK, 0.330122, 0.330889, 0.000766, 0.000000, lapack_dtpmqrt
State, th21, TASK, 0.330893, 0.331668, 0.000775, 0.000000, lapack_dtpmqrt
State, th21, TASK, 0.331672, 0.332436, 0.000763, 0.000000, lapack_dtpmqrt
State, th21, TASK, 0.332439, 0.333206, 0.000767, 0.000000, lapack_dtpmqrt
State, th21, TASK, 0.333210, 0.333976, 0.000766, 0.000000, lapack_dtpmqrt
State, th21, TASK, 0.333980, 0.334735, 0.000755, 0.000000, lapack_dtpmqrt
State, th21, TASK, 0.334738, 0.335510, 0.000772, 0.000000, lapack_dtpmqrt
State, th21, TASK, 0.335521, 0.336291, 0.000770, 0.000000, lapack_dtpmqrt
State, th21, TASK, 0.336295, 0.337067, 0.000772, 0.000000, lapack_dtpmqrt
State, th21, TASK, 0.337071, 0.337830, 0.000759, 0.000000, lapack_dtpmqrt
State, th21, TASK, 0.337834, 0.338597, 0.000764, 0.000000, lapack_dtpmqrt
State, th21, TASK, 0.339139, 0.339937, 0.000798, 0.000000, lapack_dtpmqrt
State, th21, TASK, 0.339940, 0.340709, 0.000769, 0.000000, lapack_dtpmqrt
State, th21, TASK, 0.340713, 0.341481, 0.000768, 0.000000, lapack_dtpmqrt
State, th21, TASK, 0.341485, 0.342264, 0.000779, 0.000000, lapack_dtpmqrt
State, th21, TASK, 0.342268, 0.343031, 0.000763, 0.000000, lapack_dtpmqrt
State, th21, TASK, 0.343035, 0.343819, 0.000784, 0.000000, lapack_dtpmqrt
State, th21, TASK, 0.343824, 0.344598, 0.000775, 0.000000, lapack_dtpmqrt
State, th21, TASK, 0.344602, 0.345380, 0.000778, 0.000000, lapack_dtpmqrt
State, th21, TASK, 0.345383, 0.346156, 0.000773, 0.000000, lapack_dtpmqrt
State, th21, TASK, 0.346160, 0.346949, 0.000789, 0.000000, lapack_dtpmqrt
State, th21, TASK, 0.346958, 0.347724, 0.000766, 0.000000, lapack_dtpmqrt
State, th21, TASK, 0.347727, 0.348501, 0.000774, 0.000000, lapack_dtpmqrt
State, th21, TASK, 0.348506, 0.349275, 0.000769, 0.000000, lapack_dtpmqrt
State, th21, TASK, 0.349486, 0.349921, 0.000436, 0.000000, lapack_dlarfb
State, th21, TASK, 0.349929, 0.350363, 0.000433, 0.000000, lapack_dlarfb
State, th21, TASK, 0.350911, 0.351711, 0.000800, 0.000000, lapack_dtpmqrt
State, th21, TASK, 0.351715, 0.352509, 0.000794, 0.000000, lapack_dtpmqrt
State, th21, TASK, 0.352513, 0.353307, 0.000794, 0.000000, lapack_dtpmqrt
State, th21, TASK, 0.353310, 0.354097, 0.000786, 0.000000, lapack_dtpmqrt
State, th21, TASK, 0.354100, 0.354892, 0.000793, 0.000000, lapack_dtpmqrt
State, th21, TASK, 0.354896, 0.355677, 0.000781, 0.000000, lapack_dtpmqrt
State, th21, TASK, 0.355764, 0.356319, 0.000556, 0.000000, lapack_dtpqrt
State, th21, TASK, 0.356327, 0.357054, 0.000727, 0.000000, lapack_dtpmqrt
State, th21, TASK, 0.357057, 0.357784, 0.000727, 0.000000, lapack_dtpmqrt
State, th21, TASK, 0.357787, 0.358516, 0.000728, 0.000000, lapack_dtpmqrt
State, th21, TASK, 0.358520, 0.359249, 0.000729, 0.000000, lapack_dtpmqrt
State, th21, TASK, 0.359253, 0.359981, 0.000728, 0.000000, lapack_dtpmqrt
State, th21, TASK, 0.360263, 0.360778, 0.000516, 0.000000, lapack_dtpqrt
State, th21, TASK, 0.361044, 0.361834, 0.000790, 0.000000, lapack_dtpmqrt
State, th21, TASK, 0.361838, 0.362620, 0.000782, 0.000000, lapack_dtpmqrt
State, th21, TASK, 0.362669, 0.363479, 0.000810, 0.000000, lapack_dtpmqrt
State, th21, TASK, 0.363486, 0.364255, 0.000769, 0.000000, lapack_dtpmqrt
State, th21, TASK, 0.364259, 0.364998, 0.000739, 0.000000, lapack_dtpmqrt
State, th21, TASK, 0.365002, 0.365743, 0.000741, 0.000000, lapack_dtpmqrt
State, th21, TASK, 0.365746, 0.366493, 0.000747, 0.000000, lapack_dtpmqrt
State, th21, TASK, 0.366497, 0.367244, 0.000747, 0.000000, lapack_dtpmqrt
State, th21, TASK, 0.367292, 0.368068, 0.000775, 0.000000, lapack_dtpmqrt
State, th21, TASK, 0.368155, 0.368900, 0.000745, 0.000000, lapack_dtpmqrt
State, th21, TASK, 0.368903, 0.369666, 0.000763, 0.000000, lapack_dtpmqrt
State, th21, TASK, 0.369671, 0.370108, 0.000437, 0.000000, lapack_dlarfb
State, th21, TASK, 0.370220, 0.371029, 0.000809, 0.000000, lapack_dtpmqrt
State, th21, TASK, 0.371383, 0.372187, 0.000804, 0.000000, lapack_dtpmqrt
State, th21, TASK, 0.372314, 0.373065, 0.000751, 0.000000, lapack_dtpmqrt
State, th21, TASK, 0.373628, 0.374396, 0.000768, 0.000000, lapack_dtpmqrt
State, th21, TASK, 0.374409, 0.375196, 0.000787, 0.000000, lapack_dtpmqrt
State, th20, TASK, 0.012302, 0.013005, 0.000703, 0.000000, lapack_dlarfb
State, th20, TASK, 0.014042, 0.015121, 0.001078, 0.000000, lapack_dtpmqrt
State, th20, TASK, 0.015126, 0.015912, 0.000786, 0.000000, lapack_dtpmqrt
State, th20, TASK, 0.015916, 0.016692, 0.000776, 0.000000, lapack_dtpmqrt
State, th20, TASK, 0.016696, 0.017451, 0.000755, 0.000000, lapack_dtpmqrt
State, th20, TASK, 0.017455, 0.018200, 0.000746, 0.000000, lapack_dtpmqrt
State, th20, TASK, 0.018204, 0.018956, 0.000751, 0.000000, lapack_dtpmqrt
State, th20, TASK, 0.018966, 0.019719, 0.000753, 0.000000, lapack_dtpmqrt
State, th20, TASK, 0.019723, 0.020468, 0.000745, 0.000000, lapack_dtpmqrt
State, th20, TASK, 0.020472, 0.021247, 0.000775, 0.000000, lapack_dtpmqrt
State, th20, TASK, 0.021255, 0.022016, 0.000761, 0.000000, lapack_dtpmqrt
State, th20, TASK, 0.022020, 0.022800, 0.000780, 0.000000, lapack_dtpmqrt
State, th20, TASK, 0.022804, 0.023582, 0.000777, 0.000000, lapack_dtpmqrt
State, th20, TASK, 0.023586, 0.024351, 0.000765, 0.000000, lapack_dtpmqrt
State, th20, TASK, 0.024356, 0.024770, 0.000415, 0.000000, lapack_dlarfb
State, th20, TASK, 0.024774, 0.025209, 0.000435, 0.000000, lapack_dlarfb
State, th20, TASK, 0.025214, 0.026263, 0.001049, 0.000000, lapack_dtpqrt
State, th20, TASK, 0.026283, 0.027020, 0.000736, 0.000000, lapack_dtpmqrt
State, th20, TASK, 0.027024, 0.027755, 0.000731, 0.000000, lapack_dtpmqrt
State, th20, TASK, 0.027758, 0.028496, 0.000737, 0.000000, lapack_dtpmqrt
State, th20, TASK, 0.028499, 0.029237, 0.000737, 0.000000, lapack_dtpmqrt
State, th20, TASK, 0.029241, 0.029976, 0.000735, 0.000000, lapack_dtpmqrt
State, th20, TASK, 0.029979, 0.030733, 0.000753, 0.000000, lapack_dtpmqrt
State, th20, TASK, 0.030737, 0.031485, 0.000747, 0.000000, lapack_dtpmqrt
State, th20, TASK, 0.031489, 0.032257, 0.000768, 0.000000, lapack_dtpmqrt
State, th20, TASK, 0.032260, 0.033025, 0.000764, 0.000000, lapack_dtpmqrt
State, th20, TASK, 0.033029, 0.033781, 0.000752, 0.000000, lapack_dtpmqrt
State, th20, TASK, 0.033785, 0.034560, 0.000775, 0.000000, lapack_dtpmqrt
State, th20, TASK, 0.034564, 0.035305, 0.000741, 0.000000, lapack_dtpmqrt
State, th20, TASK, 0.035310, 0.036057, 0.000747, 0.000000, lapack_dtpmqrt
State, th20, TASK, 0.036061, 0.036801, 0.000741, 0.000000, lapack_dtpmqrt
State, th20, TASK, 0.036805, 0.037552, 0.000747, 0.000000, lapack_dtpmqrt
State, th20, TASK, 0.037556, 0.038293, 0.000736, 0.000000, lapack_dtpmqrt
State, th20, TASK, 0.038298, 0.039048, 0.000750, 0.000000, lapack_dtpmqrt
State, th20, TASK, 0.039052, 0.039792, 0.000740, 0.000000, lapack_dtpmqrt
State, th20, TASK, 0.039796, 0.040544, 0.000748, 0.000000, lapack_dtpmqrt
State, th20, TASK, 0.040548, 0.041298, 0.000751, 0.000000, lapack_dtpmqrt
State, th20, TASK, 0.041302, 0.042062, 0.000760, 0.000000, lapack_dtpmqrt
State, th20, TASK, 0.042066, 0.042823, 0.000757, 0.000000, lapack_dtpmqrt
State, th20, TASK, 0.042826, 0.043575, 0.000749, 0.000000, lapack_dtpmqrt
State, th20, TASK, 0.043580, 0.044328, 0.000749, 0.000000, lapack_dtpmqrt
State, th20, TASK, 0.044332, 0.045078, 0.000746, 0.000000, lapack_dtpmqrt
State, th20, TASK, 0.045082, 0.045829, 0.000747, 0.000000, lapack_dtpmqrt
State, th20, TASK, 0.045833, 0.046858, 0.001025, 0.000000, lapack_dtpqrt
State, th20, TASK, 0.046880, 0.047614, 0.000734, 0.000000, lapack_dtpmqrt
State, th20, TASK, 0.047618, 0.048110, 0.000492, 0.000000, lapack_dtpqrt
State, th20, TASK, 0.048125, 0.048893, 0.000768, 0.000000, lapack_dtpmqrt
State, th20, TASK, 0.048898, 0.049670, 0.000772, 0.000000, lapack_dtpmqrt
State, th20, TASK, 0.049674, 0.050445, 0.000770, 0.000000, lapack_dtpmqrt
State, th20, TASK, 0.050449, 0.051226, 0.000777, 0.000000, lapack_dtpmqrt
State, th20, TASK, 0.051232, 0.052003, 0.000771, 0.000000, lapack_dtpmqrt
State, th20, TASK, 0.052007, 0.052755, 0.000748, 0.000000, lapack_dtpmqrt
State, th20, TASK, 0.052759, 0.053508, 0.000749, 0.000000, lapack_dtpmqrt
State, th20, TASK, 0.053513, 0.054272, 0.000759, 0.000000, lapack_dtpmqrt
State, th20, TASK, 0.054277, 0.055031, 0.000754, 0.000000, lapack_dtpmqrt
State, th20, TASK, 0.055036, 0.055791, 0.000755, 0.000000, lapack_dtpmqrt
State, th20, TASK, 0.055795, 0.056540, 0.000746, 0.000000, lapack_dtpmqrt
State, th20, TASK, 0.056544, 0.057291, 0.000747, 0.000000, lapack_dtpmqrt
State, th20, TASK, 0.057295, 0.058051, 0.000757, 0.000000, lapack_dtpmqrt
State, th20, TASK, 0.058055, 0.058796, 0.000741, 0.000000, lapack_dtpmqrt
State, th20, TASK, 0.058800, 0.059551, 0.000750, 0.000000, lapack_dtpmqrt
State, th20, TASK, 0.059555, 0.060321, 0.000767, 0.000000, lapack_dtpmqrt
State, th20, TASK, 0.060325, 0.061092, 0.000766, 0.000000, lapack_dtpmqrt
State, th20, TASK, 0.061099, 0.061842, 0.000743, 0.000000, lapack_dtpmqrt
State, th20, TASK, 0.061846, 0.062590, 0.000744, 0.000000, lapack_dtpmqrt
State, th20, TASK, 0.062595, 0.063378, 0.000783, 0.000000, lapack_dtpmqrt
State, th20, TASK, 0.063382, 0.064137, 0.000755, 0.000000, lapack_dtpmqrt
State, th20, TASK, 0.064141, 0.064895, 0.000754, 0.000000, lapack_dtpmqrt
State, th20, TASK, 0.064899, 0.065657, 0.000758, 0.000000, lapack_dtpmqrt
State, th20, TASK, 0.065661, 0.066422, 0.000760, 0.000000, lapack_dtpmqrt
State, th20, TASK, 0.066426, 0.067185, 0.000760, 0.000000, lapack_dtpmqrt
State, th20, TASK, 0.067190, 0.067941, 0.000750, 0.000000, lapack_dtpmqrt
State, th20, TASK, 0.067945, 0.068696, 0.000752, 0.000000, lapack_dtpmqrt
State, th20, TASK, 0.068700, 0.069450, 0.000751, 0.000000, lapack_dtpmqrt
State, th20, TASK, 0.069454, 0.070213, 0.000758, 0.000000, lapack_dtpmqrt
State, th20, TASK, 0.070217, 0.070976, 0.000759, 0.000000, lapack_dtpmqrt
State, th20, TASK, 0.070980, 0.071734, 0.000754, 0.000000, lapack_dtpmqrt
State, th20, TASK, 0.071738, 0.072486, 0.000748, 0.000000, lapack_dtpmqrt
State, th20, TASK, 0.072490, 0.073251, 0.000760, 0.000000, lapack_dtpmqrt
State, th20, TASK, 0.073256, 0.074010, 0.000754, 0.000000, lapack_dtpmqrt
State, th20, TASK, 0.074014, 0.074765, 0.000750, 0.000000, lapack_dtpmqrt
State, th20, TASK, 0.074770, 0.075530, 0.000760, 0.000000, lapack_dtpmqrt
State, th20, TASK, 0.075534, 0.076288, 0.000754, 0.000000, lapack_dtpmqrt
State, th20, TASK, 0.076292, 0.077043, 0.000751, 0.000000, lapack_dtpmqrt
State, th20, TASK, 0.077048, 0.077801, 0.000753, 0.000000, lapack_dtpmqrt
State, th20, TASK, 0.077804, 0.078558, 0.000754, 0.000000, lapack_dtpmqrt
State, th20, TASK, 0.078563, 0.079321, 0.000759, 0.000000, lapack_dtpmqrt
State, th20, TASK, 0.079326, 0.080079, 0.000753, 0.000000, lapack_dtpmqrt
State, th20, TASK, 0.080083, 0.080833, 0.000751, 0.000000, lapack_dtpmqrt
State, th20, TASK, 0.080837, 0.081587, 0.000751, 0.000000, lapack_dtpmqrt
State, th20, TASK, 0.081591, 0.082342, 0.000751, 0.000000, lapack_dtpmqrt
State, th20, TASK, 0.082346, 0.083099, 0.000753, 0.000000, lapack_dtpmqrt
State, th20, TASK, 0.083103, 0.083847, 0.000743, 0.000000, lapack_dtpmqrt
State, th20, TASK, 0.083851, 0.084588, 0.000737, 0.000000, lapack_dtpmqrt
State, th20, TASK, 0.084592, 0.085353, 0.000760, 0.000000, lapack_dtpmqrt
State, th20, TASK, 0.085357, 0.086098, 0.000741, 0.000000, lapack_dtpmqrt
State, th20, TASK, 0.086102, 0.086844, 0.000742, 0.000000, lapack_dtpmqrt
State, th20, TASK, 0.086849, 0.087603, 0.000755, 0.000000, lapack_dtpmqrt
State, th20, TASK, 0.087607, 0.088355, 0.000747, 0.000000, lapack_dtpmqrt
State, th20, TASK, 0.088359, 0.089100, 0.000742, 0.000000, lapack_dtpmqrt
State, th20, TASK, 0.089104, 0.089855, 0.000751, 0.000000, lapack_dtpmqrt
State, th20, TASK, 0.089859, 0.090605, 0.000746, 0.000000, lapack_dtpmqrt
State, th20, TASK, 0.090609, 0.091362, 0.000753, 0.000000, lapack_dtpmqrt
State, th20, TASK, 0.091367, 0.092114, 0.000747, 0.000000, lapack_dtpmqrt
State, th20, TASK, 0.092118, 0.092868, 0.000750, 0.000000, lapack_dtpmqrt
State, th20, TASK, 0.092871, 0.093616, 0.000745, 0.000000, lapack_dtpmqrt
State, th20, TASK, 0.093620, 0.094364, 0.000744, 0.000000, lapack_dtpmqrt
State, th20, TASK, 0.094368, 0.095106, 0.000738, 0.000000, lapack_dtpmqrt
State, th20, TASK, 0.095110, 0.095839, 0.000730, 0.000000, lapack_dtpmqrt
State, th20, TASK, 0.095843, 0.096572, 0.000729, 0.000000, lapack_dtpmqrt
State, th20, TASK, 0.096576, 0.097306, 0.000730, 0.000000, lapack_dtpmqrt
State, th20, TASK, 0.097310, 0.098043, 0.000733, 0.000000, lapack_dtpmqrt
State, th20, TASK, 0.098047, 0.098775, 0.000729, 0.000000, lapack_dtpmqrt
State, th20, TASK, 0.098781, 0.099558, 0.000777, 0.000000, lapack_dtpmqrt
State, th20, TASK, 0.099562, 0.100321, 0.000759, 0.000000, lapack_dtpmqrt
State, th20, TASK, 0.100325, 0.101084, 0.000759, 0.000000, lapack_dtpmqrt
State, th20, TASK, 0.101088, 0.101852, 0.000764, 0.000000, lapack_dtpmqrt
State, th20, TASK, 0.101856, 0.102613, 0.000758, 0.000000, lapack_dtpmqrt
State, th20, TASK, 0.102617, 0.103376, 0.000759, 0.000000, lapack_dtpmqrt
State, th20, TASK, 0.103380, 0.104128, 0.000747, 0.000000, lapack_dtpmqrt
State, th20, TASK, 0.104132, 0.104884, 0.000751, 0.000000, lapack_dtpmqrt
State, th20, TASK, 0.104887, 0.105626, 0.000739, 0.000000, lapack_dtpmqrt
State, th20, TASK, 0.105630, 0.106373, 0.000743, 0.000000, lapack_dtpmqrt
State, th20, TASK, 0.106377, 0.107126, 0.000749, 0.000000, lapack_dtpmqrt
State, th20, TASK, 0.107130, 0.107872, 0.000742, 0.000000, lapack_dtpmqrt
State, th20, TASK, 0.107875, 0.108618, 0.000743, 0.000000, lapack_dtpmqrt
State, th20, TASK, 0.108624, 0.109355, 0.000732, 0.000000, lapack_dtpmqrt
State, th20, TASK, 0.109364, 0.110095, 0.000731, 0.000000, lapack_dtpmqrt
State, th20, TASK, 0.110099, 0.110836, 0.000737, 0.000000, lapack_dtpmqrt
State, th20, TASK, 0.110840, 0.111589, 0.000749, 0.000000, lapack_dtpmqrt
State, th20, TASK, 0.111593, 0.112340, 0.000747, 0.000000, lapack_dtpmqrt
State, th20, TASK, 0.112344, 0.113092, 0.000748, 0.000000, lapack_dtpmqrt
State, th20, TASK, 0.113096, 0.113839, 0.000743, 0.000000, lapack_dtpmqrt
State, th20, TASK, 0.113842, 0.114590, 0.000747, 0.000000, lapack_dtpmqrt
State, th20, TASK, 0.114594, 0.115349, 0.000755, 0.000000, lapack_dtpmqrt
State, th20, TASK, 0.115352, 0.116096, 0.000744, 0.000000, lapack_dtpmqrt
State, th20, TASK, 0.116101, 0.116866, 0.000765, 0.000000, lapack_dtpmqrt
State, th20, TASK, 0.116870, 0.117616, 0.000746, 0.000000, lapack_dtpmqrt
State, th20, TASK, 0.117620, 0.118360, 0.000741, 0.000000, lapack_dtpmqrt
State, th20, TASK, 0.118364, 0.119114, 0.000751, 0.000000, lapack_dtpmqrt
State, th20, TASK, 0.119118, 0.119857, 0.000739, 0.000000, lapack_dtpmqrt
State, th20, TASK, 0.119862, 0.120614, 0.000753, 0.000000, lapack_dtpmqrt
State, th20, TASK, 0.120618, 0.121361, 0.000743, 0.000000, lapack_dtpmqrt
State, th20, TASK, 0.121365, 0.122105, 0.000740, 0.000000, lapack_dtpmqrt
State, th20, TASK, 0.122109, 0.122849, 0.000740, 0.000000, lapack_dtpmqrt
State, th20, TASK, 0.122853, 0.123598, 0.000745, 0.000000, lapack_dtpmqrt
State, th20, TASK, 0.123602, 0.124355, 0.000753, 0.000000, lapack_dtpmqrt
State, th20, TASK, 0.124359, 0.125114, 0.000756, 0.000000, lapack_dtpmqrt
State, th20, TASK, 0.125118, 0.125859, 0.000741, 0.000000, lapack_dtpmqrt
State, th20, TASK, 0.125863, 0.126611, 0.000747, 0.000000, lapack_dtpmqrt
State, th20, TASK, 0.126614, 0.127372, 0.000758, 0.000000, lapack_dtpmqrt
State, th20, TASK, 0.127375, 0.128124, 0.000748, 0.000000, lapack_dtpmqrt
State, th20, TASK, 0.128127, 0.128876, 0.000750, 0.000000, lapack_dtpmqrt
State, th20, TASK, 0.128881, 0.129631, 0.000750, 0.000000, lapack_dtpmqrt
State, th20, TASK, 0.129637, 0.130186, 0.000549, 0.000000, lapack_dtpqrt
State, th20, TASK, 0.130199, 0.130732, 0.000533, 0.000000, lapack_dtpqrt
State, th20, TASK, 0.130745, 0.131520, 0.000775, 0.000000, lapack_dtpmqrt
State, th20, TASK, 0.131524, 0.132271, 0.000747, 0.000000, lapack_dtpmqrt
State, th20, TASK, 0.132275, 0.133015, 0.000740, 0.000000, lapack_dtpmqrt
State, th20, TASK, 0.133019, 0.133759, 0.000740, 0.000000, lapack_dtpmqrt
State, th20, TASK, 0.133763, 0.134508, 0.000745, 0.000000, lapack_dtpmqrt
State, th20, TASK, 0.134513, 0.135261, 0.000748, 0.000000, lapack_dtpmqrt
State, th20, TASK, 0.135266, 0.136005, 0.000740, 0.000000, lapack_dtpmqrt
State, th20, TASK, 0.136009, 0.136745, 0.000736, 0.000000, lapack_dtpmqrt
State, th20, TASK, 0.136749, 0.137487, 0.000737, 0.000000, lapack_dtpmqrt
State, th20, TASK, 0.137490, 0.138227, 0.000737, 0.000000, lapack_dtpmqrt
State, th20, TASK, 0.138231, 0.138979, 0.000748, 0.000000, lapack_dtpmqrt
State, th20, TASK, 0.138983, 0.139742, 0.000758, 0.000000, lapack_dtpmqrt
State, th20, TASK, 0.139745, 0.140494, 0.000748, 0.000000, lapack_dtpmqrt
State, th20, TASK, 0.140497, 0.141241, 0.000744, 0.000000, lapack_dtpmqrt
State, th20, TASK, 0.141245, 0.141980, 0.000735, 0.000000, lapack_dtpmqrt
State, th20, TASK, 0.141984, 0.142717, 0.000734, 0.000000, lapack_dtpmqrt
State, th20, TASK, 0.142721, 0.143460, 0.000739, 0.000000, lapack_dtpmqrt
State, th20, TASK, 0.143464, 0.144192, 0.000728, 0.000000, lapack_dtpmqrt
State, th20, TASK, 0.144196, 0.144928, 0.000732, 0.000000, lapack_dtpmqrt
State, th20, TASK, 0.144932, 0.145665, 0.000733, 0.000000, lapack_dtpmqrt
State, th20, TASK, 0.145669, 0.146402, 0.000733, 0.000000, lapack_dtpmqrt
State, th20, TASK, 0.146407, 0.147148, 0.000741, 0.000000, lapack_dtpmqrt
State, th20, TASK, 0.147152, 0.147885, 0.000732, 0.000000, lapack_dtpmqrt
State, th20, TASK, 0.147888, 0.148621, 0.000732, 0.000000, lapack_dtpmqrt
State, th20, TASK, 0.148624, 0.149359, 0.000734, 0.000000, lapack_dtpmqrt
State, th20, TASK, 0.149363, 0.150095, 0.000732, 0.000000, lapack_dtpmqrt
State, th20, TASK, 0.150098, 0.150832, 0.000734, 0.000000, lapack_dtpmqrt
State, th20, TASK, 0.150836, 0.151575, 0.000739, 0.000000, lapack_dtpmqrt
State, th20, TASK, 0.151578, 0.152309, 0.000731, 0.000000, lapack_dtpmqrt
State, th20, TASK, 0.152313, 0.153042, 0.000729, 0.000000, lapack_dtpmqrt
State, th20, TASK, 0.153046, 0.153777, 0.000732, 0.000000, lapack_dtpmqrt
State, th20, TASK, 0.153781, 0.154516, 0.000735, 0.000000, lapack_dtpmqrt
State, th20, TASK, 0.154520, 0.155262, 0.000742, 0.000000, lapack_dtpmqrt
State, th20, TASK, 0.155266, 0.156000, 0.000734, 0.000000, lapack_dtpmqrt
State, th20, TASK, 0.156005, 0.156737, 0.000732, 0.000000, lapack_dtpmqrt
State, th20, TASK, 0.156745, 0.157476, 0.000731, 0.000000, lapack_dtpmqrt
State, th20, TASK, 0.157480, 0.158213, 0.000733, 0.000000, lapack_dtpmqrt
State, th20, TASK, 0.158217, 0.158987, 0.000770, 0.000000, lapack_dtpmqrt
State, th20, TASK, 0.158992, 0.159739, 0.000747, 0.000000, lapack_dtpmqrt
State, th20, TASK, 0.159743, 0.160478, 0.000735, 0.000000, lapack_dtpmqrt
State, th20, TASK, 0.160481, 0.161212, 0.000731, 0.000000, lapack_dtpmqrt
State, th20, TASK, 0.161216, 0.161950, 0.000734, 0.000000, lapack_dtpmqrt
State, th20, TASK, 0.161954, 0.162688, 0.000734, 0.000000, lapack_dtpmqrt
State, th20, TASK, 0.162692, 0.163436, 0.000744, 0.000000, lapack_dtpmqrt
State, th20, TASK, 0.163440, 0.164177, 0.000737, 0.000000, lapack_dtpmqrt
State, th20, TASK, 0.164181, 0.164915, 0.000734, 0.000000, lapack_dtpmqrt
State, th20, TASK, 0.164918, 0.165652, 0.000733, 0.000000, lapack_dtpmqrt
State, th20, TASK, 0.165656, 0.166401, 0.000745, 0.000000, lapack_dtpmqrt
State, th20, TASK, 0.166404, 0.167158, 0.000754, 0.000000, lapack_dtpmqrt
State, th20, TASK, 0.167162, 0.167909, 0.000746, 0.000000, lapack_dtpmqrt
State, th20, TASK, 0.167912, 0.168661, 0.000748, 0.000000, lapack_dtpmqrt
State, th20, TASK, 0.168665, 0.169411, 0.000746, 0.000000, lapack_dtpmqrt
State, th20, TASK, 0.169415, 0.170162, 0.000747, 0.000000, lapack_dtpmqrt
State, th20, TASK, 0.170166, 0.170923, 0.000757, 0.000000, lapack_dtpmqrt
State, th20, TASK, 0.170947, 0.171702, 0.000755, 0.000000, lapack_dtpmqrt
State, th20, TASK, 0.171705, 0.172470, 0.000765, 0.000000, lapack_dtpmqrt
State, th20, TASK, 0.172473, 0.173239, 0.000765, 0.000000, lapack_dtpmqrt
State, th20, TASK, 0.173242, 0.173999, 0.000756, 0.000000, lapack_dtpmqrt
State, th20, TASK, 0.174003, 0.174762, 0.000759, 0.000000, lapack_dtpmqrt
State, th20, TASK, 0.174766, 0.175533, 0.000767, 0.000000, lapack_dtpmqrt
State, th20, TASK, 0.175537, 0.176297, 0.000761, 0.000000, lapack_dtpmqrt
State, th20, TASK, 0.176301, 0.177063, 0.000762, 0.000000, lapack_dtpmqrt
State, th20, TASK, 0.177068, 0.177831, 0.000763, 0.000000, lapack_dtpmqrt
State, th20, TASK, 0.177835, 0.178592, 0.000757, 0.000000, lapack_dtpmqrt
State, th20, TASK, 0.178596, 0.179357, 0.000761, 0.000000, lapack_dtpmqrt
State, th20, TASK, 0.179361, 0.180108, 0.000747, 0.000000, lapack_dtpmqrt
State, th20, TASK, 0.180112, 0.180860, 0.000747, 0.000000, lapack_dtpmqrt
State, th20, TASK, 0.180864, 0.181618, 0.000754, 0.000000, lapack_dtpmqrt
State, th20, TASK, 0.181623, 0.182378, 0.000756, 0.000000, lapack_dtpmqrt
State, th20, TASK, 0.182383, 0.183144, 0.000761, 0.000000, lapack_dtpmqrt
State, th20, TASK, 0.183148, 0.183902, 0.000754, 0.000000, lapack_dtpmqrt
State, th20, TASK, 0.183905, 0.184671, 0.000766, 0.000000, lapack_dtpmqrt
State, th20, TASK, 0.184675, 0.185431, 0.000756, 0.000000, lapack_dtpmqrt
State, th20, TASK, 0.185435, 0.186193, 0.000758, 0.000000, lapack_dtpmqrt
State, th20, TASK, 0.186197, 0.186960, 0.000763, 0.000000, lapack_dtpmqrt
State, th20, TASK, 0.186965, 0.187723, 0.000759, 0.000000, lapack_dtpmqrt
State, th20, TASK, 0.187727, 0.188488, 0.000760, 0.000000, lapack_dtpmqrt
State, th20, TASK, 0.188492, 0.189252, 0.000760, 0.000000, lapack_dtpmqrt
State, th20, TASK, 0.189255, 0.190007, 0.000752, 0.000000, lapack_dtpmqrt
State, th20, TASK, 0.190011, 0.190769, 0.000758, 0.000000, lapack_dtpmqrt
State, th20, TASK, 0.190773, 0.191546, 0.000773, 0.000000, lapack_dtpmqrt
State, th20, TASK, 0.191550, 0.192316, 0.000766, 0.000000, lapack_dtpmqrt
State, th20, TASK, 0.192320, 0.193072, 0.000752, 0.000000, lapack_dtpmqrt
State, th20, TASK, 0.193077, 0.193830, 0.000752, 0.000000, lapack_dtpmqrt
State, th20, TASK, 0.193833, 0.194590, 0.000757, 0.000000, lapack_dtpmqrt
State, th20, TASK, 0.194595, 0.195349, 0.000754, 0.000000, lapack_dtpmqrt
State, th20, TASK, 0.195353, 0.196110, 0.000757, 0.000000, lapack_dtpmqrt
State, th20, TASK, 0.196114, 0.196866, 0.000752, 0.000000, lapack_dtpmqrt
State, th20, TASK, 0.196870, 0.197618, 0.000748, 0.000000, lapack_dtpmqrt
State, th20, TASK, 0.197621, 0.198363, 0.000742, 0.000000, lapack_dtpmqrt
State, th20, TASK, 0.198366, 0.199114, 0.000748, 0.000000, lapack_dtpmqrt
State, th20, TASK, 0.199118, 0.199855, 0.000737, 0.000000, lapack_dtpmqrt
State, th20, TASK, 0.199859, 0.200602, 0.000744, 0.000000, lapack_dtpmqrt
State, th20, TASK, 0.200606, 0.201350, 0.000744, 0.000000, lapack_dtpmqrt
State, th20, TASK, 0.201354, 0.202091, 0.000737, 0.000000, lapack_dtpmqrt
State, th20, TASK, 0.202095, 0.202830, 0.000736, 0.000000, lapack_dtpmqrt
State, th20, TASK, 0.202834, 0.203583, 0.000749, 0.000000, lapack_dtpmqrt
State, th20, TASK, 0.203587, 0.204322, 0.000735, 0.000000, lapack_dtpmqrt
State, th20, TASK, 0.204326, 0.205067, 0.000741, 0.000000, lapack_dtpmqrt
State, th20, TASK, 0.205075, 0.205816, 0.000741, 0.000000, lapack_dtpmqrt
State, th20, TASK, 0.205820, 0.206565, 0.000745, 0.000000, lapack_dtpmqrt
State, th20, TASK, 0.206569, 0.207321, 0.000753, 0.000000, lapack_dtpmqrt
State, th20, TASK, 0.207325, 0.208066, 0.000741, 0.000000, lapack_dtpmqrt
State, th20, TASK, 0.208070, 0.208815, 0.000745, 0.000000, lapack_dtpmqrt
State, th20, TASK, 0.208819, 0.209568, 0.000749, 0.000000, lapack_dtpmqrt
State, th20, TASK, 0.209572, 0.210321, 0.000750, 0.000000, lapack_dtpmqrt
State, th20, TASK, 0.210325, 0.211076, 0.000751, 0.000000, lapack_dtpmqrt
State, th20, TASK, 0.211081, 0.211820, 0.000739, 0.000000, lapack_dtpmqrt
State, th20, TASK, 0.211824, 0.212568, 0.000744, 0.000000, lapack_dtpmqrt
State, th20, TASK, 0.212572, 0.213310, 0.000738, 0.000000, lapack_dtpmqrt
State, th20, TASK, 0.213313, 0.214057, 0.000743, 0.000000, lapack_dtpmqrt
State, th20, TASK, 0.214061, 0.214797, 0.000736, 0.000000, lapack_dtpmqrt
State, th20, TASK, 0.214800, 0.215550, 0.000750, 0.000000, lapack_dtpmqrt
State, th20, TASK, 0.215580, 0.216315, 0.000735, 0.000000, lapack_dtpmqrt
State, th20, TASK, 0.216350, 0.217149, 0.000800, 0.000000, lapack_dtpmqrt
State, th20, TASK, 0.217154, 0.217913, 0.000760, 0.000000, lapack_dtpmqrt
State, th20, TASK, 0.217918, 0.218664, 0.000746, 0.000000, lapack_dtpmqrt
State, th20, TASK, 0.218668, 0.219427, 0.000758, 0.000000, lapack_dtpmqrt
State, th20, TASK, 0.219431, 0.220177, 0.000746, 0.000000, lapack_dtpmqrt
State, th20, TASK, 0.220181, 0.220926, 0.000745, 0.000000, lapack_dtpmqrt
State, th20, TASK, 0.220930, 0.221675, 0.000745, 0.000000, lapack_dtpmqrt
State, th20, TASK, 0.221679, 0.222426, 0.000747, 0.000000, lapack_dtpmqrt
State, th20, TASK, 0.222430, 0.223186, 0.000755, 0.000000, lapack_dtpmqrt
State, th20, TASK, 0.223190, 0.223932, 0.000742, 0.000000, lapack_dtpmqrt
State, th20, TASK, 0.223936, 0.224681, 0.000745, 0.000000, lapack_dtpmqrt
State, th20, TASK, 0.224686, 0.225431, 0.000745, 0.000000, lapack_dtpmqrt
State, th20, TASK, 0.225435, 0.226180, 0.000745, 0.000000, lapack_dtpmqrt
State, th20, TASK, 0.226184, 0.226940, 0.000757, 0.000000, lapack_dtpmqrt
State, th20, TASK, 0.226945, 0.227691, 0.000746, 0.000000, lapack_dtpmqrt
State, th20, TASK, 0.227694, 0.228445, 0.000751, 0.000000, lapack_dtpmqrt
State, th20, TASK, 0.228449, 0.229204, 0.000755, 0.000000, lapack_dtpmqrt
State, th20, TASK, 0.229208, 0.229959, 0.000751, 0.000000, lapack_dtpmqrt
State, th20, TASK, 0.229964, 0.230712, 0.000748, 0.000000, lapack_dtpmqrt
State, th20, TASK, 0.230716, 0.231480, 0.000764, 0.000000, lapack_dtpmqrt
State, th20, TASK, 0.231484, 0.232240, 0.000756, 0.000000, lapack_dtpmqrt
State, th20, TASK, 0.232244, 0.232997, 0.000754, 0.000000, lapack_dtpmqrt
State, th20, TASK, 0.233001, 0.233749, 0.000747, 0.000000, lapack_dtpmqrt
State, th20, TASK, 0.233757, 0.234181, 0.000423, 0.000000, lapack_dlarfb
State, th20, TASK, 0.234184, 0.234610, 0.000426, 0.000000, lapack_dlarfb
State, th20, TASK, 0.234681, 0.235472, 0.000791, 0.000000, lapack_dtpmqrt
State, th20, TASK, 0.235533, 0.236309, 0.000776, 0.000000, lapack_dtpmqrt
State, th20, TASK, 0.236313, 0.237072, 0.000759, 0.000000, lapack_dtpmqrt
State, th20, TASK, 0.237076, 0.237847, 0.000772, 0.000000, lapack_dtpmqrt
State, th20, TASK, 0.237851, 0.238618, 0.000767, 0.000000, lapack_dtpmqrt
State, th20, TASK, 0.238623, 0.239398, 0.000775, 0.000000, lapack_dtpmqrt
State, th20, TASK, 0.239402, 0.240166, 0.000764, 0.000000, lapack_dtpmqrt
State, th20, TASK, 0.240170, 0.240930, 0.000760, 0.000000, lapack_dtpmqrt
State, th20, TASK, 0.240934, 0.241695, 0.000761, 0.000000, lapack_dtpmqrt
State, th20, TASK, 0.241700, 0.242456, 0.000756, 0.000000, lapack_dtpmqrt
State, th20, TASK, 0.242460, 0.243226, 0.000766, 0.000000, lapack_dtpmqrt
State, th20, TASK, 0.243230, 0.243986, 0.000755, 0.000000, lapack_dtpmqrt
State, th20, TASK, 0.243990, 0.244745, 0.000755, 0.000000, lapack_dtpmqrt
State, th20, TASK, 0.244749, 0.245504, 0.000755, 0.000000, lapack_dtpmqrt
State, th20, TASK, 0.245508, 0.246264, 0.000756, 0.000000, lapack_dtpmqrt
State, th20, TASK, 0.246267, 0.247029, 0.000762, 0.000000, lapack_dtpmqrt
State, th20, TASK, 0.247033, 0.247787, 0.000754, 0.000000, lapack_dtpmqrt
State, th20, TASK, 0.247792, 0.248550, 0.000758, 0.000000, lapack_dtpmqrt
State, th20, TASK, 0.248554, 0.249296, 0.000742, 0.000000, lapack_dtpmqrt
State, th20, TASK, 0.249300, 0.250046, 0.000746, 0.000000, lapack_dtpmqrt
State, th20, TASK, 0.250050, 0.250797, 0.000746, 0.000000, lapack_dtpmqrt
State, th20, TASK, 0.250850, 0.251611, 0.000761, 0.000000, lapack_dtpmqrt
State, th20, TASK, 0.251616, 0.252364, 0.000748, 0.000000, lapack_dtpmqrt
State, th20, TASK, 0.252378, 0.253117, 0.000740, 0.000000, lapack_dtpmqrt
State, th20, TASK, 0.253125, 0.253871, 0.000745, 0.000000, lapack_dtpmqrt
State, th20, TASK, 0.253875, 0.254643, 0.000768, 0.000000, lapack_dtpmqrt
State, th20, TASK, 0.254649, 0.255421, 0.000773, 0.000000, lapack_dtpmqrt
State, th20, TASK, 0.255426, 0.256187, 0.000762, 0.000000, lapack_dtpmqrt
State, th20, TASK, 0.256191, 0.256951, 0.000760, 0.000000, lapack_dtpmqrt
State, th20, TASK, 0.256955, 0.257717, 0.000762, 0.000000, lapack_dtpmqrt
State, th20, TASK, 0.257721, 0.258487, 0.000766, 0.000000, lapack_dtpmqrt
State, th20, TASK, 0.258491, 0.259264, 0.000773, 0.000000, lapack_dtpmqrt
State, th20, TASK, 0.259268, 0.260029, 0.000761, 0.000000, lapack_dtpmqrt
State, th20, TASK, 0.260032, 0.260793, 0.000761, 0.000000, lapack_dtpmqrt
State, th20, TASK, 0.260797, 0.261558, 0.000761, 0.000000, lapack_dtpmqrt
State, th20, TASK, 0.261570, 0.262331, 0.000761, 0.000000, lapack_dtpmqrt
State, th20, TASK, 0.262334, 0.263106, 0.000772, 0.000000, lapack_dtpmqrt
State, th20, TASK, 0.263111, 0.263875, 0.000764, 0.000000, lapack_dtpmqrt
State, th20, TASK, 0.263878, 0.264640, 0.000762, 0.000000, lapack_dtpmqrt
State, th20, TASK, 0.264651, 0.265403, 0.000751, 0.000000, lapack_dtpmqrt
State, th20, TASK, 0.265407, 0.266160, 0.000753, 0.000000, lapack_dtpmqrt
State, th20, TASK, 0.266163, 0.266926, 0.000762, 0.000000, lapack_dtpmqrt
State, th20, TASK, 0.266932, 0.267686, 0.000755, 0.000000, lapack_dtpmqrt
State, th20, TASK, 0.267690, 0.268446, 0.000756, 0.000000, lapack_dtpmqrt
State, th20, TASK, 0.268449, 0.269204, 0.000755, 0.000000, lapack_dtpmqrt
State, th20, TASK, 0.269208, 0.269964, 0.000755, 0.000000, lapack_dtpmqrt
State, th20, TASK, 0.269967, 0.270723, 0.000756, 0.000000, lapack_dtpmqrt
State, th20, TASK, 0.270727, 0.271490, 0.000763, 0.000000, lapack_dtpmqrt
State, th20, TASK, 0.271494, 0.272251, 0.000757, 0.000000, lapack_dtpmqrt
State, th20, TASK, 0.272255, 0.273019, 0.000764, 0.000000, lapack_dtpmqrt
State, th20, TASK, 0.273030, 0.273794, 0.000764, 0.000000, lapack_dtpmqrt
State, th20, TASK, 0.273798, 0.274549, 0.000752, 0.000000, lapack_dtpmqrt
State, th20, TASK, 0.274553, 0.275310, 0.000757, 0.000000, lapack_dtpmqrt
State, th20, TASK, 0.275314, 0.276067, 0.000753, 0.000000, lapack_dtpmqrt
State, th20, TASK, 0.276089, 0.276520, 0.000431, 0.000000, lapack_dlarfb
State, th20, TASK, 0.276524, 0.276941, 0.000418, 0.000000, lapack_dlarfb
State, th20, TASK, 0.276945, 0.277362, 0.000417, 0.000000, lapack_dlarfb
State, th20, TASK, 0.277366, 0.277802, 0.000436, 0.000000, lapack_dlarfb
State, th20, TASK, 0.277806, 0.278226, 0.000420, 0.000000, lapack_dlarfb
State, th20, TASK, 0.278239, 0.279017, 0.000778, 0.000000, lapack_dtpmqrt
State, th20, TASK, 0.279021, 0.279770, 0.000749, 0.000000, lapack_dtpmqrt
State, th20, TASK, 0.279774, 0.280521, 0.000747, 0.000000, lapack_dtpmqrt
State, th20, TASK, 0.280525, 0.281275, 0.000750, 0.000000, lapack_dtpmqrt
State, th20, TASK, 0.281279, 0.282028, 0.000750, 0.000000, lapack_dtpmqrt
State, th20, TASK, 0.282032, 0.282782, 0.000749, 0.000000, lapack_dtpmqrt
State, th20, TASK, 0.282786, 0.283542, 0.000756, 0.000000, lapack_dtpmqrt
State, th20, TASK, 0.283546, 0.284300, 0.000753, 0.000000, lapack_dtpmqrt
State, th20, TASK, 0.284303, 0.285058, 0.000754, 0.000000, lapack_dtpmqrt
State, th20, TASK, 0.285064, 0.285819, 0.000755, 0.000000, lapack_dtpmqrt
State, th20, TASK, 0.285823, 0.286575, 0.000753, 0.000000, lapack_dtpmqrt
State, th20, TASK, 0.286579, 0.287339, 0.000760, 0.000000, lapack_dtpmqrt
State, th20, TASK, 0.287343, 0.288098, 0.000755, 0.000000, lapack_dtpmqrt
State, th20, TASK, 0.288102, 0.288855, 0.000754, 0.000000, lapack_dtpmqrt
State, th20, TASK, 0.288859, 0.289611, 0.000752, 0.000000, lapack_dtpmqrt
State, th20, TASK, 0.289615, 0.290372, 0.000756, 0.000000, lapack_dtpmqrt
State, th20, TASK, 0.290500, 0.291271, 0.000770, 0.000000, lapack_dtpmqrt
State, th20, TASK, 0.291276, 0.292046, 0.000771, 0.000000, lapack_dtpmqrt
State, th20, TASK, 0.292050, 0.292818, 0.000768, 0.000000, lapack_dtpmqrt
State, th20, TASK, 0.292822, 0.293602, 0.000780, 0.000000, lapack_dtpmqrt
State, th20, TASK, 0.293605, 0.294385, 0.000780, 0.000000, lapack_dtpmqrt
State, th20, TASK, 0.294389, 0.295172, 0.000782, 0.000000, lapack_dtpmqrt
State, th20, TASK, 0.295176, 0.295949, 0.000773, 0.000000, lapack_dtpmqrt
State, th20, TASK, 0.295953, 0.296724, 0.000771, 0.000000, lapack_dtpmqrt
State, th20, TASK, 0.296728, 0.297497, 0.000768, 0.000000, lapack_dtpmqrt
State, th20, TASK, 0.297500, 0.298269, 0.000768, 0.000000, lapack_dtpmqrt
State, th20, TASK, 0.298273, 0.299064, 0.000791, 0.000000, lapack_dtpmqrt
State, th20, TASK, 0.299068, 0.299851, 0.000783, 0.000000, lapack_dtpmqrt
State, th20, TASK, 0.299855, 0.300637, 0.000783, 0.000000, lapack_dtpmqrt
State, th20, TASK, 0.300645, 0.301423, 0.000778, 0.000000, lapack_dtpmqrt
State, th20, TASK, 0.301427, 0.302214, 0.000787, 0.000000, lapack_dtpmqrt
State, th20, TASK, 0.302219, 0.302970, 0.000752, 0.000000, lapack_dtpmqrt
State, th20, TASK, 0.302975, 0.303718, 0.000742, 0.000000, lapack_dtpmqrt
State, th20, TASK, 0.303721, 0.304465, 0.000744, 0.000000, lapack_dtpmqrt
State, th20, TASK, 0.304472, 0.305224, 0.000752, 0.000000, lapack_dtpmqrt
State, th20, TASK, 0.305228, 0.305976, 0.000749, 0.000000, lapack_dtpmqrt
State, th20, TASK, 0.305980, 0.306738, 0.000758, 0.000000, lapack_dtpmqrt
State, th20, TASK, 0.306741, 0.307505, 0.000763, 0.000000, lapack_dtpmqrt
State, th20, TASK, 0.307508, 0.308267, 0.000759, 0.000000, lapack_dtpmqrt
State, th20, TASK, 0.308271, 0.309028, 0.000757, 0.000000, lapack_dtpmqrt
State, th20, TASK, 0.309032, 0.309790, 0.000758, 0.000000, lapack_dtpmqrt
State, th20, TASK, 0.309794, 0.310555, 0.000761, 0.000000, lapack_dtpmqrt
State, th20, TASK, 0.310559, 0.311314, 0.000756, 0.000000, lapack_dtpmqrt
State, th20, TASK, 0.311319, 0.312068, 0.000750, 0.000000, lapack_dtpmqrt
State, th20, TASK, 0.312072, 0.312819, 0.000747, 0.000000, lapack_dtpmqrt
State, th20, TASK, 0.312823, 0.313569, 0.000746, 0.000000, lapack_dtpmqrt
State, th20, TASK, 0.313581, 0.314354, 0.000773, 0.000000, lapack_dtpmqrt
State, th20, TASK, 0.314359, 0.315142, 0.000784, 0.000000, lapack_dtpmqrt
State, th20, TASK, 0.315147, 0.315921, 0.000774, 0.000000, lapack_dtpmqrt
State, th20, TASK, 0.315925, 0.316698, 0.000773, 0.000000, lapack_dtpmqrt
State, th20, TASK, 0.316701, 0.317474, 0.000773, 0.000000, lapack_dtpmqrt
State, th20, TASK, 0.317480, 0.318254, 0.000774, 0.000000, lapack_dtpmqrt
State, th20, TASK, 0.318258, 0.319021, 0.000763, 0.000000, lapack_dtpmqrt
State, th20, TASK, 0.319024, 0.319788, 0.000764, 0.000000, lapack_dtpmqrt
State, th20, TASK, 0.319791, 0.320563, 0.000772, 0.000000, lapack_dtpmqrt
State, th20, TASK, 0.320680, 0.321214, 0.000534, 0.000000, lapack_dtpqrt
State, th20, TASK, 0.321224, 0.321957, 0.000733, 0.000000, lapack_dtpqrt
State, th20, TASK, 0.321966, 0.322700, 0.000734, 0.000000, lapack_dtpqrt
State, th20, TASK, 0.322717, 0.323143, 0.000426, 0.000000, lapack_dlarfb
State, th20, TASK, 0.323286, 0.324049, 0.000763, 0.000000, lapack_dtpmqrt
State, th20, TASK, 0.324053, 0.324815, 0.000762, 0.000000, lapack_dtpmqrt
State, th20, TASK, 0.324825, 0.325585, 0.000759, 0.000000, lapack_dtpmqrt
State, th20, TASK, 0.325588, 0.326338, 0.000750, 0.000000, lapack_dtpmqrt
State, th20, TASK, 0.326342, 0.327095, 0.000752, 0.000000, lapack_dtpmqrt
State, th20, TASK, 0.327099, 0.327849, 0.000749, 0.000000, lapack_dtpmqrt
State, th20, TASK, 0.327853, 0.328607, 0.000754, 0.000000, lapack_dtpmqrt
State, th20, TASK, 0.328646, 0.329103, 0.000456, 0.000000, lapack_dlarfb
State, th20, TASK, 0.329107, 0.329535, 0.000428, 0.000000, lapack_dlarfb
State, th20, TASK, 0.329538, 0.329968, 0.000430, 0.000000, lapack_dlarfb
State, th20, TASK, 0.330106, 0.330886, 0.000780, 0.000000, lapack_dtpmqrt
State, th20, TASK, 0.330890, 0.331660, 0.000769, 0.000000, lapack_dtpmqrt
State, th20, TASK, 0.331664, 0.332425, 0.000761, 0.000000, lapack_dtpmqrt
State, th20, TASK, 0.332429, 0.333195, 0.000767, 0.000000, lapack_dtpmqrt
State, th20, TASK, 0.333199, 0.333962, 0.000763, 0.000000, lapack_dtpmqrt
State, th20, TASK, 0.333966, 0.334728, 0.000762, 0.000000, lapack_dtpmqrt
State, th20, TASK, 0.334732, 0.335499, 0.000767, 0.000000, lapack_dtpmqrt
State, th20, TASK, 0.335506, 0.336246, 0.000740, 0.000000, lapack_dtpmqrt
State, th20, TASK, 0.336250, 0.336989, 0.000740, 0.000000, lapack_dtpmqrt
State, th20, TASK, 0.336993, 0.337738, 0.000745, 0.000000, lapack_dtpmqrt
State, th20, TASK, 0.337745, 0.338176, 0.000431, 0.000000, lapack_dlarfb
State, th20, TASK, 0.338328, 0.339117, 0.000789, 0.000000, lapack_dtpmqrt
State, th20, TASK, 0.339134, 0.339928, 0.000795, 0.000000, lapack_dtpmqrt
State, th20, TASK, 0.339932, 0.340702, 0.000770, 0.000000, lapack_dtpmqrt
State, th20, TASK, 0.340706, 0.341473, 0.000767, 0.000000, lapack_dtpmqrt
State, th20, TASK, 0.341477, 0.342244, 0.000767, 0.000000, lapack_dtpmqrt
State, th20, TASK, 0.342247, 0.343019, 0.000772, 0.000000, lapack_dtpmqrt
State, th20, TASK, 0.343022, 0.343799, 0.000777, 0.000000, lapack_dtpmqrt
State, th20, TASK, 0.343822, 0.344595, 0.000772, 0.000000, lapack_dtpmqrt
State, th20, TASK, 0.344599, 0.345374, 0.000775, 0.000000, lapack_dtpmqrt
State, th20, TASK, 0.345377, 0.346150, 0.000773, 0.000000, lapack_dtpmqrt
State, th20, TASK, 0.346154, 0.346939, 0.000784, 0.000000, lapack_dtpmqrt
State, th20, TASK, 0.346943, 0.347713, 0.000770, 0.000000, lapack_dtpmqrt
State, th20, TASK, 0.347717, 0.348491, 0.000774, 0.000000, lapack_dtpmqrt
State, th20, TASK, 0.348502, 0.349262, 0.000761, 0.000000, lapack_dtpmqrt
State, th20, TASK, 0.349482, 0.349931, 0.000449, 0.000000, lapack_dlarfb
State, th20, TASK, 0.350247, 0.350993, 0.000746, 0.000000, lapack_dtpmqrt
State, th20, TASK, 0.350997, 0.351733, 0.000735, 0.000000, lapack_dtpmqrt
State, th20, TASK, 0.351736, 0.352472, 0.000736, 0.000000, lapack_dtpmqrt
State, th20, TASK, 0.352476, 0.353215, 0.000739, 0.000000, lapack_dtpmqrt
State, th20, TASK, 0.353218, 0.353957, 0.000738, 0.000000, lapack_dtpmqrt
State, th20, TASK, 0.353961, 0.354686, 0.000726, 0.000000, lapack_dtpmqrt
State, th20, TASK, 0.354690, 0.355419, 0.000729, 0.000000, lapack_dtpmqrt
State, th20, TASK, 0.355464, 0.356239, 0.000775, 0.000000, lapack_dtpmqrt
State, th20, TASK, 0.356243, 0.357000, 0.000757, 0.000000, lapack_dtpmqrt
State, th20, TASK, 0.357003, 0.357770, 0.000766, 0.000000, lapack_dtpmqrt
State, th20, TASK, 0.357774, 0.358539, 0.000765, 0.000000, lapack_dtpmqrt
State, th20, TASK, 0.358680, 0.359453, 0.000774, 0.000000, lapack_dtpmqrt
State, th20, TASK, 0.359479, 0.360002, 0.000524, 0.000000, lapack_dtpqrt
State, th20, TASK, 0.360374, 0.361121, 0.000747, 0.000000, lapack_dtpmqrt
State, th20, TASK, 0.361310, 0.361801, 0.000491, 0.000000, lapack_dtpqrt
State, th20, TASK, 0.361808, 0.362332, 0.000524, 0.000000, lapack_dtpqrt
State, th20, TASK, 0.362348, 0.362883, 0.000535, 0.000000, lapack_dtpqrt
State, th20, TASK, 0.362894, 0.363683, 0.000788, 0.000000, lapack_dtpmqrt
State, th20, TASK, 0.363698, 0.364464, 0.000766, 0.000000, lapack_dtpmqrt
State, th20, TASK, 0.364468, 0.365232, 0.000764, 0.000000, lapack_dtpmqrt
State, th20, TASK, 0.365245, 0.365994, 0.000748, 0.000000, lapack_dtpmqrt
State, th20, TASK, 0.365998, 0.366746, 0.000748, 0.000000, lapack_dtpmqrt
State, th20, TASK, 0.366750, 0.367288, 0.000537, 0.000000, lapack_dtpqrt
State, th20, TASK, 0.367297, 0.368087, 0.000790, 0.000000, lapack_dtpmqrt
State, th20, TASK, 0.368108, 0.368891, 0.000783, 0.000000, lapack_dtpmqrt
State, th20, TASK, 0.368926, 0.369461, 0.000535, 0.000000, lapack_dtpqrt
State, th20, TASK, 0.369489, 0.370285, 0.000796, 0.000000, lapack_dtpmqrt
State, th20, TASK, 0.370636, 0.371381, 0.000745, 0.000000, lapack_dtpmqrt
State, th20, TASK, 0.371401, 0.372188, 0.000787, 0.000000, lapack_dtpmqrt
State, th20, TASK, 0.373726, 0.374472, 0.000745, 0.000000, lapack_dtpmqrt
State, th2, TASK, 0.012257, 0.012949, 0.000692, 0.000000, lapack_dlarfb
State, th2, TASK, 0.012953, 0.013386, 0.000432, 0.000000, lapack_dlarfb
State, th2, TASK, 0.014045, 0.015190, 0.001146, 0.000000, lapack_dtpmqrt
State, th2, TASK, 0.015195, 0.016062, 0.000868, 0.000000, lapack_dtpmqrt
State, th2, TASK, 0.016522, 0.017305, 0.000783, 0.000000, lapack_dtpmqrt
State, th2, TASK, 0.017308, 0.018091, 0.000782, 0.000000, lapack_dtpmqrt
State, th2, TASK, 0.018094, 0.018892, 0.000798, 0.000000, lapack_dtpmqrt
State, th2, TASK, 0.018896, 0.019315, 0.000419, 0.000000, lapack_dlarfb
State, th2, TASK, 0.019414, 0.020196, 0.000782, 0.000000, lapack_dtpmqrt
State, th2, TASK, 0.020199, 0.020965, 0.000767, 0.000000, lapack_dtpmqrt
State, th2, TASK, 0.020969, 0.021725, 0.000756, 0.000000, lapack_dtpmqrt
State, th2, TASK, 0.021732, 0.022504, 0.000772, 0.000000, lapack_dtpmqrt
State, th2, TASK, 0.022507, 0.023295, 0.000788, 0.000000, lapack_dtpmqrt
State, th2, TASK, 0.023299, 0.024069, 0.000770, 0.000000, lapack_dtpmqrt
State, th2, TASK, 0.024073, 0.024831, 0.000759, 0.000000, lapack_dtpmqrt
State, th2, TASK, 0.024836, 0.025259, 0.000422, 0.000000, lapack_dlarfb
State, th2, TASK, 0.025263, 0.025677, 0.000413, 0.000000, lapack_dlarfb
State, th2, TASK, 0.025681, 0.026108, 0.000427, 0.000000, lapack_dlarfb
State, th2, TASK, 0.026112, 0.026525, 0.000414, 0.000000, lapack_dlarfb
State, th2, TASK, 0.026529, 0.027293, 0.000764, 0.000000, lapack_dtpmqrt
State, th2, TASK, 0.027297, 0.028065, 0.000768, 0.000000, lapack_dtpmqrt
State, th2, TASK, 0.028069, 0.028837, 0.000769, 0.000000, lapack_dtpmqrt
State, th2, TASK, 0.028841, 0.029610, 0.000769, 0.000000, lapack_dtpmqrt
State, th2, TASK, 0.029613, 0.030380, 0.000766, 0.000000, lapack_dtpmqrt
State, th2, TASK, 0.030383, 0.031157, 0.000773, 0.000000, lapack_dtpmqrt
State, th2, TASK, 0.031160, 0.031941, 0.000782, 0.000000, lapack_dtpmqrt
State, th2, TASK, 0.031946, 0.032698, 0.000752, 0.000000, lapack_dtpmqrt
State, th2, TASK, 0.032701, 0.033443, 0.000742, 0.000000, lapack_dtpmqrt
State, th2, TASK, 0.033447, 0.034194, 0.000748, 0.000000, lapack_dtpmqrt
State, th2, TASK, 0.034198, 0.034973, 0.000775, 0.000000, lapack_dtpmqrt
State, th2, TASK, 0.034976, 0.035733, 0.000757, 0.000000, lapack_dtpmqrt
State, th2, TASK, 0.035736, 0.036482, 0.000746, 0.000000, lapack_dtpmqrt
State, th2, TASK, 0.036485, 0.037232, 0.000747, 0.000000, lapack_dtpmqrt
State, th2, TASK, 0.037236, 0.037998, 0.000762, 0.000000, lapack_dtpmqrt
State, th2, TASK, 0.038002, 0.038752, 0.000750, 0.000000, lapack_dtpmqrt
State, th2, TASK, 0.038755, 0.039514, 0.000759, 0.000000, lapack_dtpmqrt
State, th2, TASK, 0.039518, 0.040264, 0.000746, 0.000000, lapack_dtpmqrt
State, th2, TASK, 0.040267, 0.041020, 0.000753, 0.000000, lapack_dtpmqrt
State, th2, TASK, 0.041024, 0.041449, 0.000424, 0.000000, lapack_dlarfb
State, th2, TASK, 0.041453, 0.042209, 0.000756, 0.000000, lapack_dtpmqrt
State, th2, TASK, 0.042212, 0.042969, 0.000757, 0.000000, lapack_dtpmqrt
State, th2, TASK, 0.042974, 0.043398, 0.000425, 0.000000, lapack_dlarfb
State, th2, TASK, 0.043403, 0.043827, 0.000424, 0.000000, lapack_dlarfb
State, th2, TASK, 0.043831, 0.044252, 0.000421, 0.000000, lapack_dlarfb
State, th2, TASK, 0.044256, 0.045021, 0.000764, 0.000000, lapack_dtpmqrt
State, th2, TASK, 0.045024, 0.045784, 0.000760, 0.000000, lapack_dtpmqrt
State, th2, TASK, 0.045787, 0.046544, 0.000757, 0.000000, lapack_dtpmqrt
State, th2, TASK, 0.046547, 0.047315, 0.000768, 0.000000, lapack_dtpmqrt
State, th2, TASK, 0.047318, 0.048079, 0.000760, 0.000000, lapack_dtpmqrt
State, th2, TASK, 0.048083, 0.048842, 0.000760, 0.000000, lapack_dtpmqrt
State, th2, TASK, 0.048846, 0.049605, 0.000759, 0.000000, lapack_dtpmqrt
State, th2, TASK, 0.049608, 0.050379, 0.000771, 0.000000, lapack_dtpmqrt
State, th2, TASK, 0.050382, 0.051162, 0.000780, 0.000000, lapack_dtpmqrt
State, th2, TASK, 0.051166, 0.051929, 0.000763, 0.000000, lapack_dtpmqrt
State, th2, TASK, 0.051933, 0.052496, 0.000564, 0.000000, lapack_dtpqrt
State, th2, TASK, 0.052506, 0.053570, 0.001064, 0.000000, lapack_dtpqrt
State, th2, TASK, 0.053583, 0.054350, 0.000767, 0.000000, lapack_dtpmqrt
State, th2, TASK, 0.054353, 0.055147, 0.000794, 0.000000, lapack_dtpmqrt
State, th2, TASK, 0.055150, 0.055928, 0.000777, 0.000000, lapack_dtpmqrt
State, th2, TASK, 0.055931, 0.056674, 0.000743, 0.000000, lapack_dtpmqrt
State, th2, TASK, 0.056678, 0.057421, 0.000743, 0.000000, lapack_dtpmqrt
State, th2, TASK, 0.057426, 0.058172, 0.000746, 0.000000, lapack_dtpmqrt
State, th2, TASK, 0.058176, 0.058931, 0.000755, 0.000000, lapack_dtpmqrt
State, th2, TASK, 0.058938, 0.059685, 0.000747, 0.000000, lapack_dtpmqrt
State, th2, TASK, 0.059688, 0.060439, 0.000751, 0.000000, lapack_dtpmqrt
State, th2, TASK, 0.060443, 0.061198, 0.000755, 0.000000, lapack_dtpmqrt
State, th2, TASK, 0.061202, 0.061954, 0.000752, 0.000000, lapack_dtpmqrt
State, th2, TASK, 0.061958, 0.062712, 0.000755, 0.000000, lapack_dtpmqrt
State, th2, TASK, 0.062716, 0.063479, 0.000763, 0.000000, lapack_dtpmqrt
State, th2, TASK, 0.063483, 0.064230, 0.000747, 0.000000, lapack_dtpmqrt
State, th2, TASK, 0.064233, 0.064979, 0.000746, 0.000000, lapack_dtpmqrt
State, th2, TASK, 0.064982, 0.065731, 0.000748, 0.000000, lapack_dtpmqrt
State, th2, TASK, 0.065734, 0.066486, 0.000752, 0.000000, lapack_dtpmqrt
State, th2, TASK, 0.066489, 0.067281, 0.000793, 0.000000, lapack_dtpmqrt
State, th2, TASK, 0.067285, 0.068046, 0.000761, 0.000000, lapack_dtpmqrt
State, th2, TASK, 0.068049, 0.068808, 0.000758, 0.000000, lapack_dtpmqrt
State, th2, TASK, 0.068811, 0.069582, 0.000771, 0.000000, lapack_dtpmqrt
State, th2, TASK, 0.069587, 0.070352, 0.000765, 0.000000, lapack_dtpmqrt
State, th2, TASK, 0.070355, 0.071128, 0.000773, 0.000000, lapack_dtpmqrt
State, th2, TASK, 0.071131, 0.071898, 0.000767, 0.000000, lapack_dtpmqrt
State, th2, TASK, 0.071902, 0.072663, 0.000761, 0.000000, lapack_dtpmqrt
State, th2, TASK, 0.072667, 0.073434, 0.000767, 0.000000, lapack_dtpmqrt
State, th2, TASK, 0.073437, 0.074202, 0.000765, 0.000000, lapack_dtpmqrt
State, th2, TASK, 0.074206, 0.074975, 0.000770, 0.000000, lapack_dtpmqrt
State, th2, TASK, 0.074979, 0.075737, 0.000758, 0.000000, lapack_dtpmqrt
State, th2, TASK, 0.075740, 0.076500, 0.000759, 0.000000, lapack_dtpmqrt
State, th2, TASK, 0.076503, 0.077266, 0.000763, 0.000000, lapack_dtpmqrt
State, th2, TASK, 0.077269, 0.078022, 0.000752, 0.000000, lapack_dtpmqrt
State, th2, TASK, 0.078025, 0.078774, 0.000749, 0.000000, lapack_dtpmqrt
State, th2, TASK, 0.078777, 0.079535, 0.000757, 0.000000, lapack_dtpmqrt
State, th2, TASK, 0.079538, 0.080296, 0.000757, 0.000000, lapack_dtpmqrt
State, th2, TASK, 0.080300, 0.081045, 0.000746, 0.000000, lapack_dtpmqrt
State, th2, TASK, 0.081049, 0.081788, 0.000739, 0.000000, lapack_dtpmqrt
State, th2, TASK, 0.081792, 0.082536, 0.000744, 0.000000, lapack_dtpmqrt
State, th2, TASK, 0.082540, 0.083295, 0.000755, 0.000000, lapack_dtpmqrt
State, th2, TASK, 0.083298, 0.084048, 0.000749, 0.000000, lapack_dtpmqrt
State, th2, TASK, 0.084051, 0.084805, 0.000754, 0.000000, lapack_dtpmqrt
State, th2, TASK, 0.084809, 0.085561, 0.000752, 0.000000, lapack_dtpmqrt
State, th2, TASK, 0.085565, 0.086312, 0.000747, 0.000000, lapack_dtpmqrt
State, th2, TASK, 0.086315, 0.087071, 0.000756, 0.000000, lapack_dtpmqrt
State, th2, TASK, 0.087074, 0.087825, 0.000751, 0.000000, lapack_dtpmqrt
State, th2, TASK, 0.087830, 0.088586, 0.000757, 0.000000, lapack_dtpmqrt
State, th2, TASK, 0.088590, 0.089348, 0.000759, 0.000000, lapack_dtpmqrt
State, th2, TASK, 0.089352, 0.090100, 0.000749, 0.000000, lapack_dtpmqrt
State, th2, TASK, 0.090104, 0.090849, 0.000745, 0.000000, lapack_dtpmqrt
State, th2, TASK, 0.090852, 0.091604, 0.000751, 0.000000, lapack_dtpmqrt
State, th2, TASK, 0.091607, 0.092349, 0.000742, 0.000000, lapack_dtpmqrt
State, th2, TASK, 0.092354, 0.093129, 0.000775, 0.000000, lapack_dtpmqrt
State, th2, TASK, 0.093132, 0.093890, 0.000757, 0.000000, lapack_dtpmqrt
State, th2, TASK, 0.093894, 0.094671, 0.000778, 0.000000, lapack_dtpmqrt
State, th2, TASK, 0.094675, 0.095464, 0.000788, 0.000000, lapack_dtpmqrt
State, th2, TASK, 0.095466, 0.096264, 0.000798, 0.000000, lapack_dtpmqrt
State, th2, TASK, 0.096268, 0.097052, 0.000784, 0.000000, lapack_dtpmqrt
State, th2, TASK, 0.097055, 0.097844, 0.000789, 0.000000, lapack_dtpmqrt
State, th2, TASK, 0.097847, 0.098620, 0.000772, 0.000000, lapack_dtpmqrt
State, th2, TASK, 0.098623, 0.099393, 0.000771, 0.000000, lapack_dtpmqrt
State, th2, TASK, 0.099397, 0.100160, 0.000764, 0.000000, lapack_dtpmqrt
State, th2, TASK, 0.100163, 0.100948, 0.000784, 0.000000, lapack_dtpmqrt
State, th2, TASK, 0.100951, 0.101721, 0.000769, 0.000000, lapack_dtpmqrt
State, th2, TASK, 0.101724, 0.102488, 0.000763, 0.000000, lapack_dtpmqrt
State, th2, TASK, 0.102491, 0.103260, 0.000769, 0.000000, lapack_dtpmqrt
State, th2, TASK, 0.103263, 0.104021, 0.000758, 0.000000, lapack_dtpmqrt
State, th2, TASK, 0.104024, 0.104785, 0.000761, 0.000000, lapack_dtpmqrt
State, th2, TASK, 0.104788, 0.105547, 0.000759, 0.000000, lapack_dtpmqrt
State, th2, TASK, 0.105551, 0.106327, 0.000777, 0.000000, lapack_dtpmqrt
State, th2, TASK, 0.106332, 0.107105, 0.000772, 0.000000, lapack_dtpmqrt
State, th2, TASK, 0.107108, 0.107862, 0.000754, 0.000000, lapack_dtpmqrt
State, th2, TASK, 0.107870, 0.108616, 0.000746, 0.000000, lapack_dtpmqrt
State, th2, TASK, 0.108620, 0.109359, 0.000739, 0.000000, lapack_dtpmqrt
State, th2, TASK, 0.109363, 0.109914, 0.000551, 0.000000, lapack_dtpqrt
State, th2, TASK, 0.109925, 0.110690, 0.000765, 0.000000, lapack_dtpmqrt
State, th2, TASK, 0.110693, 0.111236, 0.000543, 0.000000, lapack_dtpqrt
State, th2, TASK, 0.111247, 0.111999, 0.000752, 0.000000, lapack_dtpmqrt
State, th2, TASK, 0.112002, 0.112755, 0.000752, 0.000000, lapack_dtpmqrt
State, th2, TASK, 0.112757, 0.113295, 0.000538, 0.000000, lapack_dtpqrt
State, th2, TASK, 0.113306, 0.114060, 0.000754, 0.000000, lapack_dtpmqrt
State, th2, TASK, 0.114063, 0.114834, 0.000771, 0.000000, lapack_dtpmqrt
State, th2, TASK, 0.114838, 0.115611, 0.000774, 0.000000, lapack_dtpmqrt
State, th2, TASK, 0.115614, 0.116370, 0.000755, 0.000000, lapack_dtpmqrt
State, th2, TASK, 0.116373, 0.116915, 0.000542, 0.000000, lapack_dtpqrt
State, th2, TASK, 0.116927, 0.117674, 0.000747, 0.000000, lapack_dtpmqrt
State, th2, TASK, 0.117677, 0.118429, 0.000752, 0.000000, lapack_dtpmqrt
State, th2, TASK, 0.118432, 0.119221, 0.000789, 0.000000, lapack_dtpmqrt
State, th2, TASK, 0.119225, 0.119981, 0.000756, 0.000000, lapack_dtpmqrt
State, th2, TASK, 0.119984, 0.120728, 0.000745, 0.000000, lapack_dtpmqrt
State, th2, TASK, 0.120732, 0.121475, 0.000743, 0.000000, lapack_dtpmqrt
State, th2, TASK, 0.121479, 0.122228, 0.000750, 0.000000, lapack_dtpmqrt
State, th2, TASK, 0.122232, 0.122994, 0.000762, 0.000000, lapack_dtpmqrt
State, th2, TASK, 0.122998, 0.123753, 0.000755, 0.000000, lapack_dtpmqrt
State, th2, TASK, 0.123757, 0.124527, 0.000770, 0.000000, lapack_dtpmqrt
State, th2, TASK, 0.124530, 0.125283, 0.000753, 0.000000, lapack_dtpmqrt
State, th2, TASK, 0.125287, 0.126042, 0.000755, 0.000000, lapack_dtpmqrt
State, th2, TASK, 0.126045, 0.126801, 0.000756, 0.000000, lapack_dtpmqrt
State, th2, TASK, 0.126804, 0.127564, 0.000761, 0.000000, lapack_dtpmqrt
State, th2, TASK, 0.127568, 0.128321, 0.000753, 0.000000, lapack_dtpmqrt
State, th2, TASK, 0.128324, 0.129079, 0.000755, 0.000000, lapack_dtpmqrt
State, th2, TASK, 0.129088, 0.129847, 0.000759, 0.000000, lapack_dtpmqrt
State, th2, TASK, 0.129851, 0.130605, 0.000754, 0.000000, lapack_dtpmqrt
State, th2, TASK, 0.130609, 0.131369, 0.000760, 0.000000, lapack_dtpmqrt
State, th2, TASK, 0.131373, 0.132125, 0.000753, 0.000000, lapack_dtpmqrt
State, th2, TASK, 0.132128, 0.132883, 0.000754, 0.000000, lapack_dtpmqrt
State, th2, TASK, 0.132886, 0.133640, 0.000753, 0.000000, lapack_dtpmqrt
State, th2, TASK, 0.133643, 0.134398, 0.000755, 0.000000, lapack_dtpmqrt
State, th2, TASK, 0.134401, 0.135162, 0.000761, 0.000000, lapack_dtpmqrt
State, th2, TASK, 0.135166, 0.135922, 0.000756, 0.000000, lapack_dtpmqrt
State, th2, TASK, 0.135925, 0.136677, 0.000751, 0.000000, lapack_dtpmqrt
State, th2, TASK, 0.136680, 0.137434, 0.000754, 0.000000, lapack_dtpmqrt
State, th2, TASK, 0.137437, 0.138189, 0.000752, 0.000000, lapack_dtpmqrt
State, th2, TASK, 0.138192, 0.138950, 0.000757, 0.000000, lapack_dtpmqrt
State, th2, TASK, 0.138953, 0.139710, 0.000758, 0.000000, lapack_dtpmqrt
State, th2, TASK, 0.139714, 0.140468, 0.000755, 0.000000, lapack_dtpmqrt
State, th2, TASK, 0.140471, 0.141226, 0.000754, 0.000000, lapack_dtpmqrt
State, th2, TASK, 0.141229, 0.141988, 0.000758, 0.000000, lapack_dtpmqrt
State, th2, TASK, 0.141991, 0.142751, 0.000760, 0.000000, lapack_dtpmqrt
State, th2, TASK, 0.142755, 0.143518, 0.000763, 0.000000, lapack_dtpmqrt
State, th2, TASK, 0.143522, 0.144280, 0.000758, 0.000000, lapack_dtpmqrt
State, th2, TASK, 0.144283, 0.145042, 0.000759, 0.000000, lapack_dtpmqrt
State, th2, TASK, 0.145046, 0.145804, 0.000758, 0.000000, lapack_dtpmqrt
State, th2, TASK, 0.145807, 0.146562, 0.000755, 0.000000, lapack_dtpmqrt
State, th2, TASK, 0.146564, 0.147327, 0.000762, 0.000000, lapack_dtpmqrt
State, th2, TASK, 0.147330, 0.148113, 0.000783, 0.000000, lapack_dtpmqrt
State, th2, TASK, 0.148116, 0.148892, 0.000776, 0.000000, lapack_dtpmqrt
State, th2, TASK, 0.148895, 0.149676, 0.000781, 0.000000, lapack_dtpmqrt
State, th2, TASK, 0.149680, 0.150465, 0.000785, 0.000000, lapack_dtpmqrt
State, th2, TASK, 0.150468, 0.151260, 0.000793, 0.000000, lapack_dtpmqrt
State, th2, TASK, 0.151264, 0.152047, 0.000784, 0.000000, lapack_dtpmqrt
State, th2, TASK, 0.152051, 0.152835, 0.000784, 0.000000, lapack_dtpmqrt
State, th2, TASK, 0.152838, 0.153624, 0.000786, 0.000000, lapack_dtpmqrt
State, th2, TASK, 0.153627, 0.154409, 0.000782, 0.000000, lapack_dtpmqrt
State, th2, TASK, 0.154413, 0.155200, 0.000787, 0.000000, lapack_dtpmqrt
State, th2, TASK, 0.155203, 0.155989, 0.000785, 0.000000, lapack_dtpmqrt
State, th2, TASK, 0.155996, 0.156783, 0.000787, 0.000000, lapack_dtpmqrt
State, th2, TASK, 0.156786, 0.157556, 0.000770, 0.000000, lapack_dtpmqrt
State, th2, TASK, 0.157560, 0.158333, 0.000772, 0.000000, lapack_dtpmqrt
State, th2, TASK, 0.158336, 0.159116, 0.000780, 0.000000, lapack_dtpmqrt
State, th2, TASK, 0.159119, 0.159895, 0.000776, 0.000000, lapack_dtpmqrt
State, th2, TASK, 0.159898, 0.160654, 0.000756, 0.000000, lapack_dtpmqrt
State, th2, TASK, 0.160657, 0.161412, 0.000754, 0.000000, lapack_dtpmqrt
State, th2, TASK, 0.161415, 0.162168, 0.000754, 0.000000, lapack_dtpmqrt
State, th2, TASK, 0.162172, 0.162931, 0.000760, 0.000000, lapack_dtpmqrt
State, th2, TASK, 0.162935, 0.163691, 0.000756, 0.000000, lapack_dtpmqrt
State, th2, TASK, 0.163695, 0.164453, 0.000758, 0.000000, lapack_dtpmqrt
State, th2, TASK, 0.164456, 0.165212, 0.000756, 0.000000, lapack_dtpmqrt
State, th2, TASK, 0.165215, 0.165967, 0.000752, 0.000000, lapack_dtpmqrt
State, th2, TASK, 0.165973, 0.166722, 0.000749, 0.000000, lapack_dtpmqrt
State, th2, TASK, 0.166725, 0.167473, 0.000748, 0.000000, lapack_dtpmqrt
State, th2, TASK, 0.167477, 0.168219, 0.000742, 0.000000, lapack_dtpmqrt
State, th2, TASK, 0.168222, 0.168967, 0.000745, 0.000000, lapack_dtpmqrt
State, th2, TASK, 0.168971, 0.169716, 0.000746, 0.000000, lapack_dtpmqrt
State, th2, TASK, 0.169720, 0.170469, 0.000749, 0.000000, lapack_dtpmqrt
State, th2, TASK, 0.170504, 0.171270, 0.000766, 0.000000, lapack_dtpmqrt
State, th2, TASK, 0.171365, 0.172139, 0.000773, 0.000000, lapack_dtpmqrt
State, th2, TASK, 0.172142, 0.172900, 0.000758, 0.000000, lapack_dtpmqrt
State, th2, TASK, 0.172904, 0.173664, 0.000760, 0.000000, lapack_dtpmqrt
State, th2, TASK, 0.173667, 0.174434, 0.000767, 0.000000, lapack_dtpmqrt
State, th2, TASK, 0.174437, 0.175206, 0.000769, 0.000000, lapack_dtpmqrt
State, th2, TASK, 0.175210, 0.175977, 0.000767, 0.000000, lapack_dtpmqrt
State, th2, TASK, 0.175981, 0.176750, 0.000769, 0.000000, lapack_dtpmqrt
State, th2, TASK, 0.176753, 0.177512, 0.000759, 0.000000, lapack_dtpmqrt
State, th2, TASK, 0.177515, 0.178272, 0.000757, 0.000000, lapack_dtpmqrt
State, th2, TASK, 0.178276, 0.179045, 0.000769, 0.000000, lapack_dtpmqrt
State, th2, TASK, 0.179049, 0.179814, 0.000766, 0.000000, lapack_dtpmqrt
State, th2, TASK, 0.179817, 0.180580, 0.000762, 0.000000, lapack_dtpmqrt
State, th2, TASK, 0.180583, 0.181345, 0.000762, 0.000000, lapack_dtpmqrt
State, th2, TASK, 0.181354, 0.182129, 0.000775, 0.000000, lapack_dtpmqrt
State, th2, TASK, 0.182133, 0.182916, 0.000783, 0.000000, lapack_dtpmqrt
State, th2, TASK, 0.182919, 0.183692, 0.000773, 0.000000, lapack_dtpmqrt
State, th2, TASK, 0.183696, 0.184474, 0.000778, 0.000000, lapack_dtpmqrt
State, th2, TASK, 0.184477, 0.185257, 0.000780, 0.000000, lapack_dtpmqrt
State, th2, TASK, 0.185260, 0.186033, 0.000773, 0.000000, lapack_dtpmqrt
State, th2, TASK, 0.186037, 0.186810, 0.000772, 0.000000, lapack_dtpmqrt
State, th2, TASK, 0.186813, 0.187587, 0.000774, 0.000000, lapack_dtpmqrt
State, th2, TASK, 0.187590, 0.188360, 0.000770, 0.000000, lapack_dtpmqrt
State, th2, TASK, 0.188364, 0.189135, 0.000771, 0.000000, lapack_dtpmqrt
State, th2, TASK, 0.189138, 0.189916, 0.000778, 0.000000, lapack_dtpmqrt
State, th2, TASK, 0.189920, 0.190695, 0.000774, 0.000000, lapack_dtpmqrt
State, th2, TASK, 0.190706, 0.191474, 0.000769, 0.000000, lapack_dtpmqrt
State, th2, TASK, 0.191478, 0.192238, 0.000760, 0.000000, lapack_dtpmqrt
State, th2, TASK, 0.192241, 0.192995, 0.000754, 0.000000, lapack_dtpmqrt
State, th2, TASK, 0.192998, 0.193739, 0.000741, 0.000000, lapack_dtpmqrt
State, th2, TASK, 0.193743, 0.194479, 0.000736, 0.000000, lapack_dtpmqrt
State, th2, TASK, 0.194493, 0.195245, 0.000752, 0.000000, lapack_dtpmqrt
State, th2, TASK, 0.195249, 0.195993, 0.000744, 0.000000, lapack_dtpmqrt
State, th2, TASK, 0.195997, 0.196748, 0.000751, 0.000000, lapack_dtpmqrt
State, th2, TASK, 0.196751, 0.197496, 0.000744, 0.000000, lapack_dtpmqrt
State, th2, TASK, 0.197499, 0.198258, 0.000758, 0.000000, lapack_dtpmqrt
State, th2, TASK, 0.198261, 0.199020, 0.000759, 0.000000, lapack_dtpmqrt
State, th2, TASK, 0.199024, 0.199779, 0.000755, 0.000000, lapack_dtpmqrt
State, th2, TASK, 0.199782, 0.200530, 0.000748, 0.000000, lapack_dtpmqrt
State, th2, TASK, 0.200533, 0.201277, 0.000744, 0.000000, lapack_dtpmqrt
State, th2, TASK, 0.201280, 0.202020, 0.000740, 0.000000, lapack_dtpmqrt
State, th2, TASK, 0.202023, 0.202768, 0.000745, 0.000000, lapack_dtpmqrt
State, th2, TASK, 0.202771, 0.203522, 0.000751, 0.000000, lapack_dtpmqrt
State, th2, TASK, 0.203526, 0.204271, 0.000746, 0.000000, lapack_dtpmqrt
State, th2, TASK, 0.204275, 0.205021, 0.000746, 0.000000, lapack_dtpmqrt
State, th2, TASK, 0.205029, 0.205782, 0.000753, 0.000000, lapack_dtpmqrt
State, th2, TASK, 0.205786, 0.206527, 0.000742, 0.000000, lapack_dtpmqrt
State, th2, TASK, 0.206531, 0.207282, 0.000751, 0.000000, lapack_dtpmqrt
State, th2, TASK, 0.207286, 0.208032, 0.000746, 0.000000, lapack_dtpmqrt
State, th2, TASK, 0.208035, 0.208792, 0.000757, 0.000000, lapack_dtpmqrt
State, th2, TASK, 0.208796, 0.209552, 0.000757, 0.000000, lapack_dtpmqrt
State, th2, TASK, 0.209555, 0.210314, 0.000758, 0.000000, lapack_dtpmqrt
State, th2, TASK, 0.210317, 0.211084, 0.000766, 0.000000, lapack_dtpmqrt
State, th2, TASK, 0.211087, 0.211848, 0.000761, 0.000000, lapack_dtpmqrt
State, th2, TASK, 0.211851, 0.212615, 0.000764, 0.000000, lapack_dtpmqrt
State, th2, TASK, 0.212619, 0.213370, 0.000752, 0.000000, lapack_dtpmqrt
State, th2, TASK, 0.213373, 0.214130, 0.000756, 0.000000, lapack_dtpmqrt
State, th2, TASK, 0.214136, 0.214570, 0.000434, 0.000000, lapack_dlarfb
State, th2, TASK, 0.214574, 0.215010, 0.000436, 0.000000, lapack_dlarfb
State, th2, TASK, 0.215013, 0.215438, 0.000425, 0.000000, lapack_dlarfb
State, th2, TASK, 0.215604, 0.216354, 0.000751, 0.000000, lapack_dtpmqrt
State, th2, TASK, 0.216358, 0.217122, 0.000764, 0.000000, lapack_dtpmqrt
State, th2, TASK, 0.217125, 0.217896, 0.000771, 0.000000, lapack_dtpmqrt
State, th2, TASK, 0.217900, 0.218665, 0.000765, 0.000000, lapack_dtpmqrt
State, th2, TASK, 0.218668, 0.219429, 0.000761, 0.000000, lapack_dtpmqrt
State, th2, TASK, 0.219432, 0.220181, 0.000749, 0.000000, lapack_dtpmqrt
State, th2, TASK, 0.220184, 0.220941, 0.000757, 0.000000, lapack_dtpmqrt
State, th2, TASK, 0.220944, 0.221698, 0.000754, 0.000000, lapack_dtpmqrt
State, th2, TASK, 0.221702, 0.222455, 0.000753, 0.000000, lapack_dtpmqrt
State, th2, TASK, 0.222458, 0.223215, 0.000757, 0.000000, lapack_dtpmqrt
State, th2, TASK, 0.223219, 0.223976, 0.000757, 0.000000, lapack_dtpmqrt
State, th2, TASK, 0.223979, 0.224725, 0.000746, 0.000000, lapack_dtpmqrt
State, th2, TASK, 0.224729, 0.225474, 0.000746, 0.000000, lapack_dtpmqrt
State, th2, TASK, 0.225478, 0.226224, 0.000746, 0.000000, lapack_dtpmqrt
State, th2, TASK, 0.226227, 0.226982, 0.000755, 0.000000, lapack_dtpmqrt
State, th2, TASK, 0.226985, 0.227733, 0.000748, 0.000000, lapack_dtpmqrt
State, th2, TASK, 0.227737, 0.228492, 0.000755, 0.000000, lapack_dtpmqrt
State, th2, TASK, 0.228495, 0.229249, 0.000754, 0.000000, lapack_dtpmqrt
State, th2, TASK, 0.229253, 0.230005, 0.000752, 0.000000, lapack_dtpmqrt
State, th2, TASK, 0.230009, 0.230755, 0.000746, 0.000000, lapack_dtpmqrt
State, th2, TASK, 0.230758, 0.231509, 0.000751, 0.000000, lapack_dtpmqrt
State, th2, TASK, 0.231513, 0.232256, 0.000743, 0.000000, lapack_dtpmqrt
State, th2, TASK, 0.232260, 0.233008, 0.000748, 0.000000, lapack_dtpmqrt
State, th2, TASK, 0.233011, 0.233761, 0.000749, 0.000000, lapack_dtpmqrt
State, th2, TASK, 0.233764, 0.234512, 0.000748, 0.000000, lapack_dtpmqrt
State, th2, TASK, 0.234526, 0.235285, 0.000758, 0.000000, lapack_dtpmqrt
State, th2, TASK, 0.235398, 0.236162, 0.000763, 0.000000, lapack_dtpmqrt
State, th2, TASK, 0.236165, 0.236924, 0.000759, 0.000000, lapack_dtpmqrt
State, th2, TASK, 0.236927, 0.237683, 0.000757, 0.000000, lapack_dtpmqrt
State, th2, TASK, 0.237687, 0.238441, 0.000754, 0.000000, lapack_dtpmqrt
State, th2, TASK, 0.238446, 0.239235, 0.000789, 0.000000, lapack_dtpmqrt
State, th2, TASK, 0.239239, 0.240013, 0.000774, 0.000000, lapack_dtpmqrt
State, th2, TASK, 0.240016, 0.240784, 0.000768, 0.000000, lapack_dtpmqrt
State, th2, TASK, 0.240788, 0.241552, 0.000764, 0.000000, lapack_dtpmqrt
State, th2, TASK, 0.241556, 0.242316, 0.000760, 0.000000, lapack_dtpmqrt
State, th2, TASK, 0.242320, 0.243084, 0.000764, 0.000000, lapack_dtpmqrt
State, th2, TASK, 0.243087, 0.243849, 0.000762, 0.000000, lapack_dtpmqrt
State, th2, TASK, 0.243853, 0.244609, 0.000757, 0.000000, lapack_dtpmqrt
State, th2, TASK, 0.244612, 0.245363, 0.000751, 0.000000, lapack_dtpmqrt
State, th2, TASK, 0.245366, 0.246116, 0.000750, 0.000000, lapack_dtpmqrt
State, th2, TASK, 0.246119, 0.246866, 0.000746, 0.000000, lapack_dtpmqrt
State, th2, TASK, 0.246869, 0.247625, 0.000756, 0.000000, lapack_dtpmqrt
State, th2, TASK, 0.247628, 0.248385, 0.000757, 0.000000, lapack_dtpmqrt
State, th2, TASK, 0.248389, 0.249144, 0.000755, 0.000000, lapack_dtpmqrt
State, th2, TASK, 0.249147, 0.249896, 0.000749, 0.000000, lapack_dtpmqrt
State, th2, TASK, 0.249899, 0.250650, 0.000751, 0.000000, lapack_dtpmqrt
State, th2, TASK, 0.250653, 0.251404, 0.000751, 0.000000, lapack_dtpmqrt
State, th2, TASK, 0.251408, 0.252164, 0.000756, 0.000000, lapack_dtpmqrt
State, th2, TASK, 0.252167, 0.252930, 0.000763, 0.000000, lapack_dtpmqrt
State, th2, TASK, 0.252938, 0.253695, 0.000758, 0.000000, lapack_dtpmqrt
State, th2, TASK, 0.253699, 0.254462, 0.000763, 0.000000, lapack_dtpmqrt
State, th2, TASK, 0.254465, 0.255231, 0.000766, 0.000000, lapack_dtpmqrt
State, th2, TASK, 0.255241, 0.256000, 0.000759, 0.000000, lapack_dtpmqrt
State, th2, TASK, 0.256002, 0.256764, 0.000762, 0.000000, lapack_dtpmqrt
State, th2, TASK, 0.256767, 0.257527, 0.000760, 0.000000, lapack_dtpmqrt
State, th2, TASK, 0.257530, 0.258293, 0.000763, 0.000000, lapack_dtpmqrt
State, th2, TASK, 0.258296, 0.259057, 0.000761, 0.000000, lapack_dtpmqrt
State, th2, TASK, 0.259060, 0.259825, 0.000764, 0.000000, lapack_dtpmqrt
State, th2, TASK, 0.259828, 0.260583, 0.000754, 0.000000, lapack_dtpmqrt
State, th2, TASK, 0.260586, 0.261338, 0.000752, 0.000000, lapack_dtpmqrt
State, th2, TASK, 0.261342, 0.262094, 0.000753, 0.000000, lapack_dtpmqrt
State, th2, TASK, 0.262098, 0.262849, 0.000751, 0.000000, lapack_dtpmqrt
State, th2, TASK, 0.262852, 0.263615, 0.000762, 0.000000, lapack_dtpmqrt
State, th2, TASK, 0.263618, 0.264380, 0.000762, 0.000000, lapack_dtpmqrt
State, th2, TASK, 0.264384, 0.265146, 0.000762, 0.000000, lapack_dtpmqrt
State, th2, TASK, 0.265150, 0.265911, 0.000761, 0.000000, lapack_dtpmqrt
State, th2, TASK, 0.265915, 0.266676, 0.000761, 0.000000, lapack_dtpmqrt
State, th2, TASK, 0.266679, 0.267428, 0.000748, 0.000000, lapack_dtpmqrt
State, th2, TASK, 0.267431, 0.268173, 0.000742, 0.000000, lapack_dtpmqrt
State, th2, TASK, 0.268176, 0.268926, 0.000750, 0.000000, lapack_dtpmqrt
State, th2, TASK, 0.268929, 0.269682, 0.000753, 0.000000, lapack_dtpmqrt
State, th2, TASK, 0.269685, 0.270433, 0.000748, 0.000000, lapack_dtpmqrt
State, th2, TASK, 0.270436, 0.271192, 0.000756, 0.000000, lapack_dtpmqrt
State, th2, TASK, 0.271197, 0.271948, 0.000751, 0.000000, lapack_dtpmqrt
State, th2, TASK, 0.271952, 0.272700, 0.000748, 0.000000, lapack_dtpmqrt
State, th2, TASK, 0.272703, 0.273450, 0.000746, 0.000000, lapack_dtpmqrt
State, th2, TASK, 0.273453, 0.274199, 0.000746, 0.000000, lapack_dtpmqrt
State, th2, TASK, 0.274203, 0.274955, 0.000752, 0.000000, lapack_dtpmqrt
State, th2, TASK, 0.274959, 0.275705, 0.000746, 0.000000, lapack_dtpmqrt
State, th2, TASK, 0.275708, 0.276453, 0.000745, 0.000000, lapack_dtpmqrt
State, th2, TASK, 0.276457, 0.277201, 0.000745, 0.000000, lapack_dtpmqrt
State, th2, TASK, 0.277205, 0.277954, 0.000749, 0.000000, lapack_dtpmqrt
State, th2, TASK, 0.277957, 0.278705, 0.000747, 0.000000, lapack_dtpmqrt
State, th2, TASK, 0.278792, 0.279346, 0.000555, 0.000000, lapack_dtpqrt
State, th2, TASK, 0.279354, 0.279899, 0.000545, 0.000000, lapack_dtpqrt
State, th2, TASK, 0.279907, 0.280426, 0.000519, 0.000000, lapack_dtpqrt
State, th2, TASK, 0.280433, 0.280972, 0.000539, 0.000000, lapack_dtpqrt
State, th2, TASK, 0.280981, 0.281518, 0.000537, 0.000000, lapack_dtpqrt
State, th2, TASK, 0.281526, 0.282063, 0.000537, 0.000000, lapack_dtpqrt
State, th2, TASK, 0.282071, 0.282608, 0.000538, 0.000000, lapack_dtpqrt
State, th2, TASK, 0.282617, 0.283156, 0.000539, 0.000000, lapack_dtpqrt
State, th2, TASK, 0.283165, 0.283704, 0.000539, 0.000000, lapack_dtpqrt
State, th2, TASK, 0.283711, 0.284249, 0.000538, 0.000000, lapack_dtpqrt
State, th2, TASK, 0.284257, 0.284800, 0.000542, 0.000000, lapack_dtpqrt
State, th2, TASK, 0.284807, 0.285350, 0.000543, 0.000000, lapack_dtpqrt
State, th2, TASK, 0.285357, 0.285896, 0.000539, 0.000000, lapack_dtpqrt
State, th2, TASK, 0.285905, 0.286446, 0.000541, 0.000000, lapack_dtpqrt
State, th2, TASK, 0.286454, 0.287005, 0.000551, 0.000000, lapack_dtpqrt
State, th2, TASK, 0.287012, 0.287551, 0.000539, 0.000000, lapack_dtpqrt
State, th2, TASK, 0.287560, 0.288098, 0.000538, 0.000000, lapack_dtpqrt
State, th2, TASK, 0.288106, 0.288642, 0.000535, 0.000000, lapack_dtpqrt
State, th2, TASK, 0.288651, 0.289082, 0.000431, 0.000000, lapack_dlarfb
State, th2, TASK, 0.289086, 0.289511, 0.000425, 0.000000, lapack_dlarfb
State, th2, TASK, 0.289515, 0.289935, 0.000420, 0.000000, lapack_dlarfb
State, th2, TASK, 0.289938, 0.290487, 0.000548, 0.000000, lapack_dtpqrt
State, th2, TASK, 0.290502, 0.291268, 0.000766, 0.000000, lapack_dtpmqrt
State, th2, TASK, 0.291272, 0.292035, 0.000763, 0.000000, lapack_dtpmqrt
State, th2, TASK, 0.292039, 0.292819, 0.000780, 0.000000, lapack_dtpmqrt
State, th2, TASK, 0.292822, 0.293607, 0.000785, 0.000000, lapack_dtpmqrt
State, th2, TASK, 0.293610, 0.294374, 0.000764, 0.000000, lapack_dtpmqrt
State, th2, TASK, 0.294378, 0.295151, 0.000773, 0.000000, lapack_dtpmqrt
State, th2, TASK, 0.295154, 0.295903, 0.000749, 0.000000, lapack_dtpmqrt
State, th2, TASK, 0.295907, 0.296657, 0.000750, 0.000000, lapack_dtpmqrt
State, th2, TASK, 0.296665, 0.297427, 0.000762, 0.000000, lapack_dtpmqrt
State, th2, TASK, 0.297431, 0.298200, 0.000769, 0.000000, lapack_dtpmqrt
State, th2, TASK, 0.298203, 0.298984, 0.000780, 0.000000, lapack_dtpmqrt
State, th2, TASK, 0.298988, 0.299760, 0.000772, 0.000000, lapack_dtpmqrt
State, th2, TASK, 0.299785, 0.300567, 0.000782, 0.000000, lapack_dtpmqrt
State, th2, TASK, 0.300571, 0.301341, 0.000769, 0.000000, lapack_dtpmqrt
State, th2, TASK, 0.301344, 0.302114, 0.000770, 0.000000, lapack_dtpmqrt
State, th2, TASK, 0.302118, 0.302868, 0.000750, 0.000000, lapack_dtpmqrt
State, th2, TASK, 0.302871, 0.303630, 0.000759, 0.000000, lapack_dtpmqrt
State, th2, TASK, 0.303634, 0.304383, 0.000750, 0.000000, lapack_dtpmqrt
State, th2, TASK, 0.304387, 0.305149, 0.000762, 0.000000, lapack_dtpmqrt
State, th2, TASK, 0.305152, 0.305917, 0.000765, 0.000000, lapack_dtpmqrt
State, th2, TASK, 0.305921, 0.306695, 0.000774, 0.000000, lapack_dtpmqrt
State, th2, TASK, 0.306698, 0.307473, 0.000775, 0.000000, lapack_dtpmqrt
State, th2, TASK, 0.307476, 0.308245, 0.000768, 0.000000, lapack_dtpmqrt
State, th2, TASK, 0.308248, 0.309015, 0.000767, 0.000000, lapack_dtpmqrt
State, th2, TASK, 0.309018, 0.309788, 0.000770, 0.000000, lapack_dtpmqrt
State, th2, TASK, 0.309792, 0.310564, 0.000772, 0.000000, lapack_dtpmqrt
State, th2, TASK, 0.310567, 0.311351, 0.000784, 0.000000, lapack_dtpmqrt
State, th2, TASK, 0.311354, 0.312135, 0.000780, 0.000000, lapack_dtpmqrt
State, th2, TASK, 0.312196, 0.312644, 0.000447, 0.000000, lapack_dlarfb
State, th2, TASK, 0.312647, 0.313081, 0.000434, 0.000000, lapack_dlarfb
State, th2, TASK, 0.313084, 0.313839, 0.000755, 0.000000, lapack_dtpmqrt
State, th2, TASK, 0.313888, 0.314653, 0.000765, 0.000000, lapack_dtpmqrt
State, th2, TASK, 0.314656, 0.315430, 0.000773, 0.000000, lapack_dtpmqrt
State, th2, TASK, 0.315437, 0.316196, 0.000759, 0.000000, lapack_dtpmqrt
State, th2, TASK, 0.316200, 0.316945, 0.000745, 0.000000, lapack_dtpmqrt
State, th2, TASK, 0.316948, 0.317693, 0.000745, 0.000000, lapack_dtpmqrt
State, th2, TASK, 0.317696, 0.318442, 0.000746, 0.000000, lapack_dtpmqrt
State, th2, TASK, 0.318445, 0.319196, 0.000751, 0.000000, lapack_dtpmqrt
State, th2, TASK, 0.319199, 0.319942, 0.000743, 0.000000, lapack_dtpmqrt
State, th2, TASK, 0.319946, 0.320692, 0.000746, 0.000000, lapack_dtpmqrt
State, th2, TASK, 0.320738, 0.321484, 0.000746, 0.000000, lapack_dtpmqrt
State, th2, TASK, 0.321488, 0.322227, 0.000739, 0.000000, lapack_dtpmqrt
State, th2, TASK, 0.322231, 0.322977, 0.000746, 0.000000, lapack_dtpmqrt
State, th2, TASK, 0.323035, 0.323779, 0.000744, 0.000000, lapack_dtpmqrt
State, th2, TASK, 0.323823, 0.324561, 0.000737, 0.000000, lapack_dtpmqrt
State, th2, TASK, 0.324564, 0.325302, 0.000737, 0.000000, lapack_dtpmqrt
State, th2, TASK, 0.325305, 0.326041, 0.000736, 0.000000, lapack_dtpmqrt
State, th2, TASK, 0.326044, 0.326781, 0.000736, 0.000000, lapack_dtpmqrt
State, th2, TASK, 0.326784, 0.327530, 0.000746, 0.000000, lapack_dtpmqrt
State, th2, TASK, 0.327542, 0.328294, 0.000751, 0.000000, lapack_dtpmqrt
State, th2, TASK, 0.328297, 0.329042, 0.000745, 0.000000, lapack_dtpmqrt
State, th2, TASK, 0.329046, 0.329792, 0.000746, 0.000000, lapack_dtpmqrt
State, th2, TASK, 0.329795, 0.330539, 0.000745, 0.000000, lapack_dtpmqrt
State, th2, TASK, 0.330856, 0.331620, 0.000764, 0.000000, lapack_dtpmqrt
State, th2, TASK, 0.331624, 0.332383, 0.000759, 0.000000, lapack_dtpmqrt
State, th2, TASK, 0.332386, 0.333140, 0.000754, 0.000000, lapack_dtpmqrt
State, th2, TASK, 0.333143, 0.333896, 0.000752, 0.000000, lapack_dtpmqrt
State, th2, TASK, 0.333899, 0.334650, 0.000750, 0.000000, lapack_dtpmqrt
State, th2, TASK, 0.334653, 0.335413, 0.000760, 0.000000, lapack_dtpmqrt
State, th2, TASK, 0.335421, 0.336176, 0.000755, 0.000000, lapack_dtpmqrt
State, th2, TASK, 0.336179, 0.336930, 0.000751, 0.000000, lapack_dtpmqrt
State, th2, TASK, 0.336934, 0.337682, 0.000749, 0.000000, lapack_dtpmqrt
State, th2, TASK, 0.337686, 0.338435, 0.000749, 0.000000, lapack_dtpmqrt
State, th2, TASK, 0.339130, 0.339901, 0.000771, 0.000000, lapack_dtpmqrt
State, th2, TASK, 0.339905, 0.340669, 0.000765, 0.000000, lapack_dtpmqrt
State, th2, TASK, 0.340673, 0.341436, 0.000763, 0.000000, lapack_dtpmqrt
State, th2, TASK, 0.341439, 0.342206, 0.000767, 0.000000, lapack_dtpmqrt
State, th2, TASK, 0.342210, 0.342974, 0.000765, 0.000000, lapack_dtpmqrt
State, th2, TASK, 0.342978, 0.343736, 0.000758, 0.000000, lapack_dtpmqrt
State, th2, TASK, 0.343770, 0.344521, 0.000751, 0.000000, lapack_dtpmqrt
State, th2, TASK, 0.344525, 0.345276, 0.000751, 0.000000, lapack_dtpmqrt
State, th2, TASK, 0.345280, 0.346033, 0.000754, 0.000000, lapack_dtpmqrt
State, th2, TASK, 0.346045, 0.346792, 0.000747, 0.000000, lapack_dtpmqrt
State, th2, TASK, 0.346796, 0.347552, 0.000756, 0.000000, lapack_dtpmqrt
State, th2, TASK, 0.347555, 0.348305, 0.000750, 0.000000, lapack_dtpmqrt
State, th2, TASK, 0.348309, 0.349053, 0.000745, 0.000000, lapack_dtpmqrt
State, th2, TASK, 0.349063, 0.349820, 0.000757, 0.000000, lapack_dtpmqrt
State, th2, TASK, 0.349823, 0.350582, 0.000759, 0.000000, lapack_dtpmqrt
State, th2, TASK, 0.350907, 0.351665, 0.000758, 0.000000, lapack_dtpmqrt
State, th2, TASK, 0.351668, 0.352405, 0.000737, 0.000000, lapack_dtpmqrt
State, th2, TASK, 0.352408, 0.353145, 0.000737, 0.000000, lapack_dtpmqrt
State, th2, TASK, 0.353148, 0.353896, 0.000748, 0.000000, lapack_dtpmqrt
State, th2, TASK, 0.353899, 0.354644, 0.000744, 0.000000, lapack_dtpmqrt
State, th2, TASK, 0.354647, 0.355395, 0.000748, 0.000000, lapack_dtpmqrt
State, th2, TASK, 0.355399, 0.356159, 0.000761, 0.000000, lapack_dtpmqrt
State, th2, TASK, 0.356163, 0.356918, 0.000755, 0.000000, lapack_dtpmqrt
State, th2, TASK, 0.356921, 0.357680, 0.000759, 0.000000, lapack_dtpmqrt
State, th2, TASK, 0.357683, 0.358440, 0.000757, 0.000000, lapack_dtpmqrt
State, th2, TASK, 0.358535, 0.359290, 0.000755, 0.000000, lapack_dtpmqrt
State, th2, TASK, 0.359299, 0.359730, 0.000431, 0.000000, lapack_dlarfb
State, th2, TASK, 0.360270, 0.361056, 0.000785, 0.000000, lapack_dtpmqrt
State, th2, TASK, 0.361067, 0.361808, 0.000741, 0.000000, lapack_dtpmqrt
State, th2, TASK, 0.361811, 0.362572, 0.000761, 0.000000, lapack_dtpmqrt
State, th2, TASK, 0.362613, 0.363395, 0.000782, 0.000000, lapack_dtpmqrt
State, th2, TASK, 0.363399, 0.364160, 0.000762, 0.000000, lapack_dtpmqrt
State, th2, TASK, 0.364164, 0.364918, 0.000754, 0.000000, lapack_dtpmqrt
State, th2, TASK, 0.365053, 0.365816, 0.000763, 0.000000, lapack_dtpmqrt
State, th2, TASK, 0.365819, 0.366590, 0.000771, 0.000000, lapack_dtpmqrt
State, th2, TASK, 0.366593, 0.367374, 0.000781, 0.000000, lapack_dtpmqrt
State, th2, TASK, 0.367396, 0.368153, 0.000757, 0.000000, lapack_dtpmqrt
State, th2, TASK, 0.368377, 0.369118, 0.000741, 0.000000, lapack_dtpmqrt
State, th2, TASK, 0.369122, 0.369874, 0.000753, 0.000000, lapack_dtpmqrt
State, th2, TASK, 0.369902, 0.370658, 0.000756, 0.000000, lapack_dtpmqrt
State, th2, TASK, 0.370663, 0.371429, 0.000766, 0.000000, lapack_dtpmqrt
State, th2, TASK, 0.371433, 0.372190, 0.000757, 0.000000, lapack_dtpmqrt
State, th2, TASK, 0.372194, 0.372957, 0.000764, 0.000000, lapack_dtpmqrt
State, th2, TASK, 0.372965, 0.373717, 0.000752, 0.000000, lapack_dtpmqrt
State, th2, TASK, 0.376581, 0.377333, 0.000751, 0.000000, lapack_dtpmqrt
State, th19, TASK, 0.012300, 0.012989, 0.000690, 0.000000, lapack_dlarfb
State, th19, TASK, 0.014013, 0.015130, 0.001117, 0.000000, lapack_dtpmqrt
State, th19, TASK, 0.015136, 0.015972, 0.000836, 0.000000, lapack_dtpmqrt
State, th19, TASK, 0.015977, 0.016721, 0.000744, 0.000000, lapack_dtpmqrt
State, th19, TASK, 0.016725, 0.017482, 0.000757, 0.000000, lapack_dtpmqrt
State, th19, TASK, 0.017488, 0.017914, 0.000427, 0.000000, lapack_dlarfb
State, th19, TASK, 0.017918, 0.018345, 0.000427, 0.000000, lapack_dlarfb
State, th19, TASK, 0.018349, 0.018779, 0.000430, 0.000000, lapack_dlarfb
State, th19, TASK, 0.018782, 0.019225, 0.000443, 0.000000, lapack_dlarfb
State, th19, TASK, 0.019418, 0.020203, 0.000785, 0.000000, lapack_dtpmqrt
State, th19, TASK, 0.020208, 0.020986, 0.000778, 0.000000, lapack_dtpmqrt
State, th19, TASK, 0.020990, 0.021762, 0.000772, 0.000000, lapack_dtpmqrt
State, th19, TASK, 0.021766, 0.022514, 0.000747, 0.000000, lapack_dtpmqrt
State, th19, TASK, 0.022518, 0.023278, 0.000760, 0.000000, lapack_dtpmqrt
State, th19, TASK, 0.023283, 0.024035, 0.000752, 0.000000, lapack_dtpmqrt
State, th19, TASK, 0.024038, 0.024791, 0.000753, 0.000000, lapack_dtpmqrt
State, th19, TASK, 0.024796, 0.025565, 0.000768, 0.000000, lapack_dtpmqrt
State, th19, TASK, 0.025570, 0.026336, 0.000767, 0.000000, lapack_dtpmqrt
State, th19, TASK, 0.026341, 0.027112, 0.000770, 0.000000, lapack_dtpmqrt
State, th19, TASK, 0.027117, 0.027888, 0.000772, 0.000000, lapack_dtpmqrt
State, th19, TASK, 0.027893, 0.028673, 0.000780, 0.000000, lapack_dtpmqrt
State, th19, TASK, 0.028678, 0.029424, 0.000746, 0.000000, lapack_dtpmqrt
State, th19, TASK, 0.029427, 0.030161, 0.000734, 0.000000, lapack_dtpmqrt
State, th19, TASK, 0.030165, 0.030929, 0.000764, 0.000000, lapack_dtpmqrt
State, th19, TASK, 0.030933, 0.031682, 0.000749, 0.000000, lapack_dtpmqrt
State, th19, TASK, 0.031685, 0.032433, 0.000747, 0.000000, lapack_dtpmqrt
State, th19, TASK, 0.032437, 0.033190, 0.000753, 0.000000, lapack_dtpmqrt
State, th19, TASK, 0.033195, 0.033925, 0.000730, 0.000000, lapack_dtpmqrt
State, th19, TASK, 0.033929, 0.034659, 0.000730, 0.000000, lapack_dtpmqrt
State, th19, TASK, 0.034663, 0.035411, 0.000748, 0.000000, lapack_dtpmqrt
State, th19, TASK, 0.035416, 0.036184, 0.000768, 0.000000, lapack_dtpmqrt
State, th19, TASK, 0.036188, 0.036954, 0.000766, 0.000000, lapack_dtpmqrt
State, th19, TASK, 0.036958, 0.037722, 0.000763, 0.000000, lapack_dtpmqrt
State, th19, TASK, 0.037726, 0.038489, 0.000763, 0.000000, lapack_dtpmqrt
State, th19, TASK, 0.038493, 0.039275, 0.000782, 0.000000, lapack_dtpmqrt
State, th19, TASK, 0.039280, 0.040023, 0.000743, 0.000000, lapack_dtpmqrt
State, th19, TASK, 0.040027, 0.040760, 0.000733, 0.000000, lapack_dtpmqrt
State, th19, TASK, 0.040764, 0.041494, 0.000730, 0.000000, lapack_dtpmqrt
State, th19, TASK, 0.041498, 0.042230, 0.000732, 0.000000, lapack_dtpmqrt
State, th19, TASK, 0.042234, 0.042973, 0.000739, 0.000000, lapack_dtpmqrt
State, th19, TASK, 0.042978, 0.043731, 0.000753, 0.000000, lapack_dtpmqrt
State, th19, TASK, 0.043736, 0.044479, 0.000744, 0.000000, lapack_dtpmqrt
State, th19, TASK, 0.044484, 0.045235, 0.000751, 0.000000, lapack_dtpmqrt
State, th19, TASK, 0.045238, 0.045989, 0.000751, 0.000000, lapack_dtpmqrt
State, th19, TASK, 0.045994, 0.046753, 0.000759, 0.000000, lapack_dtpmqrt
State, th19, TASK, 0.046760, 0.047181, 0.000421, 0.000000, lapack_dlarfb
State, th19, TASK, 0.047188, 0.047724, 0.000536, 0.000000, lapack_dtpqrt
State, th19, TASK, 0.047738, 0.048472, 0.000733, 0.000000, lapack_dtpmqrt
State, th19, TASK, 0.048476, 0.048990, 0.000515, 0.000000, lapack_dtpqrt
State, th19, TASK, 0.049005, 0.049748, 0.000743, 0.000000, lapack_dtpmqrt
State, th19, TASK, 0.049752, 0.050492, 0.000740, 0.000000, lapack_dtpmqrt
State, th19, TASK, 0.050496, 0.051245, 0.000749, 0.000000, lapack_dtpmqrt
State, th19, TASK, 0.051251, 0.051686, 0.000434, 0.000000, lapack_dlarfb
State, th19, TASK, 0.051690, 0.052224, 0.000535, 0.000000, lapack_dtpqrt
State, th19, TASK, 0.052248, 0.052989, 0.000741, 0.000000, lapack_dtpmqrt
State, th19, TASK, 0.052993, 0.053636, 0.000643, 0.000000, lapack_dgeqrt
State, th19, TASK, 0.053651, 0.054439, 0.000788, 0.000000, lapack_dtpmqrt
State, th19, TASK, 0.054443, 0.054855, 0.000412, 0.000000, lapack_dlarfb
State, th19, TASK, 0.054859, 0.055606, 0.000747, 0.000000, lapack_dtpmqrt
State, th19, TASK, 0.055610, 0.056020, 0.000410, 0.000000, lapack_dlarfb
State, th19, TASK, 0.056024, 0.056758, 0.000734, 0.000000, lapack_dtpmqrt
State, th19, TASK, 0.056763, 0.057508, 0.000746, 0.000000, lapack_dtpmqrt
State, th19, TASK, 0.057512, 0.057950, 0.000438, 0.000000, lapack_dlarfb
State, th19, TASK, 0.057958, 0.058730, 0.000772, 0.000000, lapack_dtpmqrt
State, th19, TASK, 0.058736, 0.059489, 0.000753, 0.000000, lapack_dtpmqrt
State, th19, TASK, 0.059495, 0.060239, 0.000744, 0.000000, lapack_dtpmqrt
State, th19, TASK, 0.060243, 0.060656, 0.000413, 0.000000, lapack_dlarfb
State, th19, TASK, 0.060660, 0.061394, 0.000735, 0.000000, lapack_dtpmqrt
State, th19, TASK, 0.061399, 0.062132, 0.000733, 0.000000, lapack_dtpmqrt
State, th19, TASK, 0.062136, 0.062888, 0.000752, 0.000000, lapack_dtpmqrt
State, th19, TASK, 0.062892, 0.063643, 0.000751, 0.000000, lapack_dtpmqrt
State, th19, TASK, 0.063647, 0.064059, 0.000412, 0.000000, lapack_dlarfb
State, th19, TASK, 0.064063, 0.064799, 0.000736, 0.000000, lapack_dtpmqrt
State, th19, TASK, 0.064803, 0.065533, 0.000730, 0.000000, lapack_dtpmqrt
State, th19, TASK, 0.065537, 0.066269, 0.000732, 0.000000, lapack_dtpmqrt
State, th19, TASK, 0.066273, 0.067014, 0.000740, 0.000000, lapack_dtpmqrt
State, th19, TASK, 0.067018, 0.067755, 0.000737, 0.000000, lapack_dtpmqrt
State, th19, TASK, 0.067759, 0.068172, 0.000413, 0.000000, lapack_dlarfb
State, th19, TASK, 0.068175, 0.068914, 0.000740, 0.000000, lapack_dtpmqrt
State, th19, TASK, 0.068918, 0.069653, 0.000734, 0.000000, lapack_dtpmqrt
State, th19, TASK, 0.069657, 0.070386, 0.000729, 0.000000, lapack_dtpmqrt
State, th19, TASK, 0.070391, 0.071128, 0.000737, 0.000000, lapack_dtpmqrt
State, th19, TASK, 0.071132, 0.071862, 0.000730, 0.000000, lapack_dtpmqrt
State, th19, TASK, 0.071865, 0.072278, 0.000413, 0.000000, lapack_dlarfb
State, th19, TASK, 0.072282, 0.073014, 0.000733, 0.000000, lapack_dtpmqrt
State, th19, TASK, 0.073018, 0.073752, 0.000734, 0.000000, lapack_dtpmqrt
State, th19, TASK, 0.073756, 0.074492, 0.000736, 0.000000, lapack_dtpmqrt
State, th19, TASK, 0.074496, 0.075238, 0.000742, 0.000000, lapack_dtpmqrt
State, th19, TASK, 0.075243, 0.075972, 0.000730, 0.000000, lapack_dtpmqrt
State, th19, TASK, 0.075976, 0.076719, 0.000743, 0.000000, lapack_dtpmqrt
State, th19, TASK, 0.076723, 0.077465, 0.000742, 0.000000, lapack_dtpmqrt
State, th19, TASK, 0.077469, 0.078211, 0.000741, 0.000000, lapack_dtpmqrt
State, th19, TASK, 0.078214, 0.078959, 0.000745, 0.000000, lapack_dtpmqrt
State, th19, TASK, 0.078963, 0.079388, 0.000425, 0.000000, lapack_dlarfb
State, th19, TASK, 0.079391, 0.080124, 0.000733, 0.000000, lapack_dtpmqrt
State, th19, TASK, 0.080128, 0.080868, 0.000741, 0.000000, lapack_dtpmqrt
State, th19, TASK, 0.080873, 0.081624, 0.000751, 0.000000, lapack_dtpmqrt
State, th19, TASK, 0.081629, 0.082381, 0.000752, 0.000000, lapack_dtpmqrt
State, th19, TASK, 0.082385, 0.083143, 0.000758, 0.000000, lapack_dtpmqrt
State, th19, TASK, 0.083148, 0.083897, 0.000749, 0.000000, lapack_dtpmqrt
State, th19, TASK, 0.083901, 0.084652, 0.000751, 0.000000, lapack_dtpmqrt
State, th19, TASK, 0.084656, 0.085404, 0.000749, 0.000000, lapack_dtpmqrt
State, th19, TASK, 0.085408, 0.086160, 0.000752, 0.000000, lapack_dtpmqrt
State, th19, TASK, 0.086165, 0.086694, 0.000529, 0.000000, lapack_dtpqrt
State, th19, TASK, 0.086715, 0.087463, 0.000749, 0.000000, lapack_dtpmqrt
State, th19, TASK, 0.087468, 0.088217, 0.000749, 0.000000, lapack_dtpmqrt
State, th19, TASK, 0.088220, 0.088960, 0.000741, 0.000000, lapack_dtpmqrt
State, th19, TASK, 0.088964, 0.089699, 0.000735, 0.000000, lapack_dtpmqrt
State, th19, TASK, 0.089702, 0.090431, 0.000729, 0.000000, lapack_dtpmqrt
State, th19, TASK, 0.090435, 0.091175, 0.000740, 0.000000, lapack_dtpmqrt
State, th19, TASK, 0.091179, 0.091907, 0.000727, 0.000000, lapack_dtpmqrt
State, th19, TASK, 0.091910, 0.092638, 0.000728, 0.000000, lapack_dtpmqrt
State, th19, TASK, 0.092641, 0.093380, 0.000739, 0.000000, lapack_dtpmqrt
State, th19, TASK, 0.093385, 0.094118, 0.000733, 0.000000, lapack_dtpmqrt
State, th19, TASK, 0.094121, 0.094856, 0.000735, 0.000000, lapack_dtpmqrt
State, th19, TASK, 0.094860, 0.095606, 0.000746, 0.000000, lapack_dtpmqrt
State, th19, TASK, 0.095611, 0.096353, 0.000742, 0.000000, lapack_dtpmqrt
State, th19, TASK, 0.096357, 0.097090, 0.000733, 0.000000, lapack_dtpmqrt
State, th19, TASK, 0.097094, 0.097826, 0.000732, 0.000000, lapack_dtpmqrt
State, th19, TASK, 0.097830, 0.098566, 0.000736, 0.000000, lapack_dtpmqrt
State, th19, TASK, 0.098570, 0.099320, 0.000750, 0.000000, lapack_dtpmqrt
State, th19, TASK, 0.099324, 0.100067, 0.000742, 0.000000, lapack_dtpmqrt
State, th19, TASK, 0.100071, 0.100834, 0.000763, 0.000000, lapack_dtpmqrt
State, th19, TASK, 0.100837, 0.101578, 0.000740, 0.000000, lapack_dtpmqrt
State, th19, TASK, 0.101582, 0.102320, 0.000739, 0.000000, lapack_dtpmqrt
State, th19, TASK, 0.102324, 0.103072, 0.000748, 0.000000, lapack_dtpmqrt
State, th19, TASK, 0.103077, 0.103813, 0.000737, 0.000000, lapack_dtpmqrt
State, th19, TASK, 0.103822, 0.104557, 0.000734, 0.000000, lapack_dtpmqrt
State, th19, TASK, 0.104561, 0.105297, 0.000736, 0.000000, lapack_dtpmqrt
State, th19, TASK, 0.105303, 0.106054, 0.000751, 0.000000, lapack_dtpmqrt
State, th19, TASK, 0.106057, 0.106800, 0.000742, 0.000000, lapack_dtpmqrt
State, th19, TASK, 0.106804, 0.107557, 0.000753, 0.000000, lapack_dtpmqrt
State, th19, TASK, 0.107562, 0.108312, 0.000750, 0.000000, lapack_dtpmqrt
State, th19, TASK, 0.108316, 0.109082, 0.000766, 0.000000, lapack_dtpmqrt
State, th19, TASK, 0.109086, 0.109849, 0.000764, 0.000000, lapack_dtpmqrt
State, th19, TASK, 0.109853, 0.110626, 0.000772, 0.000000, lapack_dtpmqrt
State, th19, TASK, 0.110629, 0.111406, 0.000777, 0.000000, lapack_dtpmqrt
State, th19, TASK, 0.111410, 0.112181, 0.000771, 0.000000, lapack_dtpmqrt
State, th19, TASK, 0.112185, 0.112939, 0.000754, 0.000000, lapack_dtpmqrt
State, th19, TASK, 0.112943, 0.113712, 0.000769, 0.000000, lapack_dtpmqrt
State, th19, TASK, 0.113717, 0.114468, 0.000751, 0.000000, lapack_dtpmqrt
State, th19, TASK, 0.114472, 0.115232, 0.000760, 0.000000, lapack_dtpmqrt
State, th19, TASK, 0.115237, 0.115994, 0.000757, 0.000000, lapack_dtpmqrt
State, th19, TASK, 0.115998, 0.116752, 0.000755, 0.000000, lapack_dtpmqrt
State, th19, TASK, 0.116756, 0.117507, 0.000750, 0.000000, lapack_dtpmqrt
State, th19, TASK, 0.117511, 0.118260, 0.000750, 0.000000, lapack_dtpmqrt
State, th19, TASK, 0.118264, 0.119024, 0.000760, 0.000000, lapack_dtpmqrt
State, th19, TASK, 0.119028, 0.119779, 0.000751, 0.000000, lapack_dtpmqrt
State, th19, TASK, 0.119783, 0.120526, 0.000743, 0.000000, lapack_dtpmqrt
State, th19, TASK, 0.120530, 0.121272, 0.000742, 0.000000, lapack_dtpmqrt
State, th19, TASK, 0.121279, 0.122016, 0.000737, 0.000000, lapack_dtpmqrt
State, th19, TASK, 0.122020, 0.122754, 0.000734, 0.000000, lapack_dtpmqrt
State, th19, TASK, 0.122758, 0.123500, 0.000742, 0.000000, lapack_dtpmqrt
State, th19, TASK, 0.123505, 0.124246, 0.000741, 0.000000, lapack_dtpmqrt
State, th19, TASK, 0.124250, 0.124990, 0.000740, 0.000000, lapack_dtpmqrt
State, th19, TASK, 0.124994, 0.125736, 0.000742, 0.000000, lapack_dtpmqrt
State, th19, TASK, 0.125740, 0.126482, 0.000743, 0.000000, lapack_dtpmqrt
State, th19, TASK, 0.126486, 0.127244, 0.000758, 0.000000, lapack_dtpmqrt
State, th19, TASK, 0.127251, 0.127992, 0.000741, 0.000000, lapack_dtpmqrt
State, th19, TASK, 0.127996, 0.128731, 0.000735, 0.000000, lapack_dtpmqrt
State, th19, TASK, 0.128735, 0.129464, 0.000730, 0.000000, lapack_dtpmqrt
State, th19, TASK, 0.129469, 0.130200, 0.000731, 0.000000, lapack_dtpmqrt
State, th19, TASK, 0.130204, 0.130940, 0.000736, 0.000000, lapack_dtpmqrt
State, th19, TASK, 0.130944, 0.131676, 0.000731, 0.000000, lapack_dtpmqrt
State, th19, TASK, 0.131681, 0.132411, 0.000730, 0.000000, lapack_dtpmqrt
State, th19, TASK, 0.132414, 0.133146, 0.000732, 0.000000, lapack_dtpmqrt
State, th19, TASK, 0.133150, 0.133881, 0.000731, 0.000000, lapack_dtpmqrt
State, th19, TASK, 0.133885, 0.134617, 0.000732, 0.000000, lapack_dtpmqrt
State, th19, TASK, 0.134620, 0.135373, 0.000753, 0.000000, lapack_dtpmqrt
State, th19, TASK, 0.135377, 0.136109, 0.000732, 0.000000, lapack_dtpmqrt
State, th19, TASK, 0.136113, 0.136843, 0.000731, 0.000000, lapack_dtpmqrt
State, th19, TASK, 0.136847, 0.137583, 0.000736, 0.000000, lapack_dtpmqrt
State, th19, TASK, 0.137587, 0.138319, 0.000732, 0.000000, lapack_dtpmqrt
State, th19, TASK, 0.138322, 0.139064, 0.000741, 0.000000, lapack_dtpmqrt
State, th19, TASK, 0.139068, 0.139798, 0.000730, 0.000000, lapack_dtpmqrt
State, th19, TASK, 0.139802, 0.140530, 0.000728, 0.000000, lapack_dtpmqrt
State, th19, TASK, 0.140536, 0.141283, 0.000747, 0.000000, lapack_dtpmqrt
State, th19, TASK, 0.141289, 0.142047, 0.000758, 0.000000, lapack_dtpmqrt
State, th19, TASK, 0.142051, 0.142807, 0.000756, 0.000000, lapack_dtpmqrt
State, th19, TASK, 0.142810, 0.143575, 0.000765, 0.000000, lapack_dtpmqrt
State, th19, TASK, 0.143580, 0.144338, 0.000757, 0.000000, lapack_dtpmqrt
State, th19, TASK, 0.144341, 0.145103, 0.000762, 0.000000, lapack_dtpmqrt
State, th19, TASK, 0.145108, 0.145868, 0.000760, 0.000000, lapack_dtpmqrt
State, th19, TASK, 0.145871, 0.146630, 0.000758, 0.000000, lapack_dtpmqrt
State, th19, TASK, 0.146634, 0.147417, 0.000784, 0.000000, lapack_dtpmqrt
State, th19, TASK, 0.147422, 0.148201, 0.000779, 0.000000, lapack_dtpmqrt
State, th19, TASK, 0.148204, 0.148973, 0.000769, 0.000000, lapack_dtpmqrt
State, th19, TASK, 0.148978, 0.149733, 0.000756, 0.000000, lapack_dtpmqrt
State, th19, TASK, 0.149738, 0.150495, 0.000757, 0.000000, lapack_dtpmqrt
State, th19, TASK, 0.150499, 0.151264, 0.000766, 0.000000, lapack_dtpmqrt
State, th19, TASK, 0.151269, 0.152028, 0.000759, 0.000000, lapack_dtpmqrt
State, th19, TASK, 0.152037, 0.152802, 0.000765, 0.000000, lapack_dtpmqrt
State, th19, TASK, 0.152806, 0.153571, 0.000765, 0.000000, lapack_dtpmqrt
State, th19, TASK, 0.153576, 0.154338, 0.000762, 0.000000, lapack_dtpmqrt
State, th19, TASK, 0.154342, 0.155110, 0.000768, 0.000000, lapack_dtpmqrt
State, th19, TASK, 0.155115, 0.155882, 0.000767, 0.000000, lapack_dtpmqrt
State, th19, TASK, 0.155886, 0.156647, 0.000761, 0.000000, lapack_dtpmqrt
State, th19, TASK, 0.156651, 0.157408, 0.000756, 0.000000, lapack_dtpmqrt
State, th19, TASK, 0.157412, 0.158167, 0.000755, 0.000000, lapack_dtpmqrt
State, th19, TASK, 0.158170, 0.158958, 0.000788, 0.000000, lapack_dtpmqrt
State, th19, TASK, 0.158962, 0.159732, 0.000770, 0.000000, lapack_dtpmqrt
State, th19, TASK, 0.159736, 0.160508, 0.000772, 0.000000, lapack_dtpmqrt
State, th19, TASK, 0.160512, 0.161283, 0.000771, 0.000000, lapack_dtpmqrt
State, th19, TASK, 0.161287, 0.162056, 0.000769, 0.000000, lapack_dtpmqrt
State, th19, TASK, 0.162060, 0.162826, 0.000766, 0.000000, lapack_dtpmqrt
State, th19, TASK, 0.162830, 0.163601, 0.000772, 0.000000, lapack_dtpmqrt
State, th19, TASK, 0.163606, 0.164374, 0.000768, 0.000000, lapack_dtpmqrt
State, th19, TASK, 0.164378, 0.165147, 0.000769, 0.000000, lapack_dtpmqrt
State, th19, TASK, 0.165151, 0.165916, 0.000765, 0.000000, lapack_dtpmqrt
State, th19, TASK, 0.165920, 0.166683, 0.000763, 0.000000, lapack_dtpmqrt
State, th19, TASK, 0.166687, 0.167464, 0.000777, 0.000000, lapack_dtpmqrt
State, th19, TASK, 0.167468, 0.168235, 0.000767, 0.000000, lapack_dtpmqrt
State, th19, TASK, 0.168239, 0.169007, 0.000768, 0.000000, lapack_dtpmqrt
State, th19, TASK, 0.169012, 0.169781, 0.000769, 0.000000, lapack_dtpmqrt
State, th19, TASK, 0.169785, 0.170550, 0.000765, 0.000000, lapack_dtpmqrt
State, th19, TASK, 0.170799, 0.171559, 0.000761, 0.000000, lapack_dtpmqrt
State, th19, TASK, 0.171564, 0.172316, 0.000752, 0.000000, lapack_dtpmqrt
State, th19, TASK, 0.172319, 0.173067, 0.000748, 0.000000, lapack_dtpmqrt
State, th19, TASK, 0.173071, 0.173820, 0.000749, 0.000000, lapack_dtpmqrt
State, th19, TASK, 0.173824, 0.174574, 0.000750, 0.000000, lapack_dtpmqrt
State, th19, TASK, 0.174578, 0.175338, 0.000760, 0.000000, lapack_dtpmqrt
State, th19, TASK, 0.175343, 0.176096, 0.000752, 0.000000, lapack_dtpmqrt
State, th19, TASK, 0.176100, 0.176854, 0.000754, 0.000000, lapack_dtpmqrt
State, th19, TASK, 0.176858, 0.177614, 0.000756, 0.000000, lapack_dtpmqrt
State, th19, TASK, 0.177618, 0.178375, 0.000757, 0.000000, lapack_dtpmqrt
State, th19, TASK, 0.178379, 0.179141, 0.000762, 0.000000, lapack_dtpmqrt
State, th19, TASK, 0.179145, 0.179904, 0.000759, 0.000000, lapack_dtpmqrt
State, th19, TASK, 0.179907, 0.180655, 0.000747, 0.000000, lapack_dtpmqrt
State, th19, TASK, 0.180659, 0.181404, 0.000745, 0.000000, lapack_dtpmqrt
State, th19, TASK, 0.181408, 0.182153, 0.000745, 0.000000, lapack_dtpmqrt
State, th19, TASK, 0.182157, 0.182911, 0.000754, 0.000000, lapack_dtpmqrt
State, th19, TASK, 0.182915, 0.183663, 0.000748, 0.000000, lapack_dtpmqrt
State, th19, TASK, 0.183667, 0.184413, 0.000747, 0.000000, lapack_dtpmqrt
State, th19, TASK, 0.184417, 0.185183, 0.000766, 0.000000, lapack_dtpmqrt
State, th19, TASK, 0.185187, 0.185944, 0.000757, 0.000000, lapack_dtpmqrt
State, th19, TASK, 0.185951, 0.186719, 0.000768, 0.000000, lapack_dtpmqrt
State, th19, TASK, 0.186723, 0.187480, 0.000757, 0.000000, lapack_dtpmqrt
State, th19, TASK, 0.187485, 0.188236, 0.000751, 0.000000, lapack_dtpmqrt
State, th19, TASK, 0.188240, 0.188997, 0.000757, 0.000000, lapack_dtpmqrt
State, th19, TASK, 0.189002, 0.189760, 0.000758, 0.000000, lapack_dtpmqrt
State, th19, TASK, 0.189764, 0.190523, 0.000759, 0.000000, lapack_dtpmqrt
State, th19, TASK, 0.190527, 0.191295, 0.000768, 0.000000, lapack_dtpmqrt
State, th19, TASK, 0.191299, 0.192060, 0.000761, 0.000000, lapack_dtpmqrt
State, th19, TASK, 0.192064, 0.192832, 0.000768, 0.000000, lapack_dtpmqrt
State, th19, TASK, 0.192836, 0.193602, 0.000766, 0.000000, lapack_dtpmqrt
State, th19, TASK, 0.193606, 0.194373, 0.000767, 0.000000, lapack_dtpmqrt
State, th19, TASK, 0.194481, 0.195264, 0.000782, 0.000000, lapack_dtpmqrt
State, th19, TASK, 0.195269, 0.196027, 0.000758, 0.000000, lapack_dtpmqrt
State, th19, TASK, 0.196030, 0.196788, 0.000758, 0.000000, lapack_dtpmqrt
State, th19, TASK, 0.196792, 0.197554, 0.000762, 0.000000, lapack_dtpmqrt
State, th19, TASK, 0.197559, 0.198330, 0.000771, 0.000000, lapack_dtpmqrt
State, th19, TASK, 0.198333, 0.199105, 0.000771, 0.000000, lapack_dtpmqrt
State, th19, TASK, 0.199109, 0.199871, 0.000762, 0.000000, lapack_dtpmqrt
State, th19, TASK, 0.199875, 0.200638, 0.000763, 0.000000, lapack_dtpmqrt
State, th19, TASK, 0.200643, 0.201406, 0.000764, 0.000000, lapack_dtpmqrt
State, th19, TASK, 0.201414, 0.202179, 0.000764, 0.000000, lapack_dtpmqrt
State, th19, TASK, 0.202182, 0.202951, 0.000769, 0.000000, lapack_dtpmqrt
State, th19, TASK, 0.202955, 0.203718, 0.000763, 0.000000, lapack_dtpmqrt
State, th19, TASK, 0.203722, 0.204488, 0.000766, 0.000000, lapack_dtpmqrt
State, th19, TASK, 0.204492, 0.205256, 0.000765, 0.000000, lapack_dtpmqrt
State, th19, TASK, 0.205260, 0.206025, 0.000765, 0.000000, lapack_dtpmqrt
State, th19, TASK, 0.206029, 0.206797, 0.000767, 0.000000, lapack_dtpmqrt
State, th19, TASK, 0.206801, 0.207570, 0.000769, 0.000000, lapack_dtpmqrt
State, th19, TASK, 0.207575, 0.208339, 0.000764, 0.000000, lapack_dtpmqrt
State, th19, TASK, 0.208343, 0.209104, 0.000761, 0.000000, lapack_dtpmqrt
State, th19, TASK, 0.209108, 0.209870, 0.000763, 0.000000, lapack_dtpmqrt
State, th19, TASK, 0.209874, 0.210638, 0.000764, 0.000000, lapack_dtpmqrt
State, th19, TASK, 0.210642, 0.211414, 0.000772, 0.000000, lapack_dtpmqrt
State, th19, TASK, 0.211418, 0.212180, 0.000762, 0.000000, lapack_dtpmqrt
State, th19, TASK, 0.212184, 0.212948, 0.000764, 0.000000, lapack_dtpmqrt
State, th19, TASK, 0.212952, 0.213718, 0.000766, 0.000000, lapack_dtpmqrt
State, th19, TASK, 0.213730, 0.214497, 0.000767, 0.000000, lapack_dtpmqrt
State, th19, TASK, 0.214501, 0.215276, 0.000775, 0.000000, lapack_dtpmqrt
State, th19, TASK, 0.215281, 0.216037, 0.000757, 0.000000, lapack_dtpmqrt
State, th19, TASK, 0.216319, 0.217098, 0.000778, 0.000000, lapack_dtpmqrt
State, th19, TASK, 0.217102, 0.217894, 0.000792, 0.000000, lapack_dtpmqrt
State, th19, TASK, 0.217897, 0.218689, 0.000792, 0.000000, lapack_dtpmqrt
State, th19, TASK, 0.218693, 0.219481, 0.000788, 0.000000, lapack_dtpmqrt
State, th19, TASK, 0.219486, 0.220260, 0.000774, 0.000000, lapack_dtpmqrt
State, th19, TASK, 0.220263, 0.221030, 0.000767, 0.000000, lapack_dtpmqrt
State, th19, TASK, 0.221045, 0.221817, 0.000772, 0.000000, lapack_dtpmqrt
State, th19, TASK, 0.221821, 0.222588, 0.000767, 0.000000, lapack_dtpmqrt
State, th19, TASK, 0.222593, 0.223361, 0.000768, 0.000000, lapack_dtpmqrt
State, th19, TASK, 0.223365, 0.224127, 0.000762, 0.000000, lapack_dtpmqrt
State, th19, TASK, 0.224131, 0.224893, 0.000762, 0.000000, lapack_dtpmqrt
State, th19, TASK, 0.224897, 0.225659, 0.000762, 0.000000, lapack_dtpmqrt
State, th19, TASK, 0.225663, 0.226424, 0.000761, 0.000000, lapack_dtpmqrt
State, th19, TASK, 0.226429, 0.227196, 0.000767, 0.000000, lapack_dtpmqrt
State, th19, TASK, 0.227200, 0.227959, 0.000759, 0.000000, lapack_dtpmqrt
State, th19, TASK, 0.227963, 0.228728, 0.000764, 0.000000, lapack_dtpmqrt
State, th19, TASK, 0.228732, 0.229496, 0.000765, 0.000000, lapack_dtpmqrt
State, th19, TASK, 0.229501, 0.230264, 0.000763, 0.000000, lapack_dtpmqrt
State, th19, TASK, 0.230268, 0.231035, 0.000767, 0.000000, lapack_dtpmqrt
State, th19, TASK, 0.231040, 0.231800, 0.000761, 0.000000, lapack_dtpmqrt
State, th19, TASK, 0.231805, 0.232565, 0.000761, 0.000000, lapack_dtpmqrt
State, th19, TASK, 0.232569, 0.233334, 0.000765, 0.000000, lapack_dtpmqrt
State, th19, TASK, 0.233338, 0.234102, 0.000764, 0.000000, lapack_dtpmqrt
State, th19, TASK, 0.234106, 0.234869, 0.000763, 0.000000, lapack_dtpmqrt
State, th19, TASK, 0.234932, 0.235700, 0.000769, 0.000000, lapack_dtpmqrt
State, th19, TASK, 0.235704, 0.236458, 0.000753, 0.000000, lapack_dtpmqrt
State, th19, TASK, 0.236462, 0.237226, 0.000764, 0.000000, lapack_dtpmqrt
State, th19, TASK, 0.237230, 0.237990, 0.000760, 0.000000, lapack_dtpmqrt
State, th19, TASK, 0.237994, 0.238754, 0.000761, 0.000000, lapack_dtpmqrt
State, th19, TASK, 0.238758, 0.239521, 0.000763, 0.000000, lapack_dtpmqrt
State, th19, TASK, 0.239527, 0.240296, 0.000769, 0.000000, lapack_dtpmqrt
State, th19, TASK, 0.240301, 0.241063, 0.000762, 0.000000, lapack_dtpmqrt
State, th19, TASK, 0.241067, 0.241838, 0.000771, 0.000000, lapack_dtpmqrt
State, th19, TASK, 0.241842, 0.242618, 0.000776, 0.000000, lapack_dtpmqrt
State, th19, TASK, 0.242622, 0.243403, 0.000781, 0.000000, lapack_dtpmqrt
State, th19, TASK, 0.243408, 0.244180, 0.000772, 0.000000, lapack_dtpmqrt
State, th19, TASK, 0.244184, 0.244958, 0.000773, 0.000000, lapack_dtpmqrt
State, th19, TASK, 0.244962, 0.245743, 0.000781, 0.000000, lapack_dtpmqrt
State, th19, TASK, 0.245747, 0.246531, 0.000784, 0.000000, lapack_dtpmqrt
State, th19, TASK, 0.246535, 0.247315, 0.000780, 0.000000, lapack_dtpmqrt
State, th19, TASK, 0.247319, 0.248099, 0.000780, 0.000000, lapack_dtpmqrt
State, th19, TASK, 0.248102, 0.248871, 0.000768, 0.000000, lapack_dtpmqrt
State, th19, TASK, 0.248875, 0.249641, 0.000766, 0.000000, lapack_dtpmqrt
State, th19, TASK, 0.249645, 0.250417, 0.000772, 0.000000, lapack_dtpmqrt
State, th19, TASK, 0.250421, 0.251191, 0.000771, 0.000000, lapack_dtpmqrt
State, th19, TASK, 0.251201, 0.251967, 0.000767, 0.000000, lapack_dtpmqrt
State, th19, TASK, 0.251971, 0.252730, 0.000759, 0.000000, lapack_dtpmqrt
State, th19, TASK, 0.252734, 0.253491, 0.000757, 0.000000, lapack_dtpmqrt
State, th19, TASK, 0.253495, 0.254257, 0.000762, 0.000000, lapack_dtpmqrt
State, th19, TASK, 0.254261, 0.255024, 0.000764, 0.000000, lapack_dtpmqrt
State, th19, TASK, 0.255029, 0.255789, 0.000760, 0.000000, lapack_dtpmqrt
State, th19, TASK, 0.255793, 0.256555, 0.000762, 0.000000, lapack_dtpmqrt
State, th19, TASK, 0.256562, 0.257333, 0.000771, 0.000000, lapack_dtpmqrt
State, th19, TASK, 0.257338, 0.258091, 0.000754, 0.000000, lapack_dtpmqrt
State, th19, TASK, 0.258096, 0.258848, 0.000752, 0.000000, lapack_dtpmqrt
State, th19, TASK, 0.258852, 0.259610, 0.000759, 0.000000, lapack_dtpmqrt
State, th19, TASK, 0.259615, 0.260369, 0.000754, 0.000000, lapack_dtpmqrt
State, th19, TASK, 0.260372, 0.261129, 0.000757, 0.000000, lapack_dtpmqrt
State, th19, TASK, 0.261132, 0.261883, 0.000750, 0.000000, lapack_dtpmqrt
State, th19, TASK, 0.261887, 0.262627, 0.000741, 0.000000, lapack_dtpmqrt
State, th19, TASK, 0.262632, 0.263379, 0.000747, 0.000000, lapack_dtpmqrt
State, th19, TASK, 0.263383, 0.264125, 0.000742, 0.000000, lapack_dtpmqrt
State, th19, TASK, 0.264130, 0.264872, 0.000742, 0.000000, lapack_dtpmqrt
State, th19, TASK, 0.265111, 0.265878, 0.000767, 0.000000, lapack_dtpmqrt
State, th19, TASK, 0.265882, 0.266632, 0.000750, 0.000000, lapack_dtpmqrt
State, th19, TASK, 0.266636, 0.267405, 0.000769, 0.000000, lapack_dtpmqrt
State, th19, TASK, 0.267409, 0.268173, 0.000764, 0.000000, lapack_dtpmqrt
State, th19, TASK, 0.268177, 0.268940, 0.000763, 0.000000, lapack_dtpmqrt
State, th19, TASK, 0.268950, 0.269711, 0.000761, 0.000000, lapack_dtpmqrt
State, th19, TASK, 0.269715, 0.270474, 0.000759, 0.000000, lapack_dtpmqrt
State, th19, TASK, 0.270478, 0.271245, 0.000767, 0.000000, lapack_dtpmqrt
State, th19, TASK, 0.271249, 0.272000, 0.000751, 0.000000, lapack_dtpmqrt
State, th19, TASK, 0.272004, 0.272756, 0.000752, 0.000000, lapack_dtpmqrt
State, th19, TASK, 0.272760, 0.273512, 0.000752, 0.000000, lapack_dtpmqrt
State, th19, TASK, 0.273516, 0.274271, 0.000754, 0.000000, lapack_dtpmqrt
State, th19, TASK, 0.274274, 0.275035, 0.000761, 0.000000, lapack_dtpmqrt
State, th19, TASK, 0.275039, 0.275791, 0.000751, 0.000000, lapack_dtpmqrt
State, th19, TASK, 0.275795, 0.276548, 0.000753, 0.000000, lapack_dtpmqrt
State, th19, TASK, 0.276552, 0.277308, 0.000756, 0.000000, lapack_dtpmqrt
State, th19, TASK, 0.277313, 0.278069, 0.000757, 0.000000, lapack_dtpmqrt
State, th19, TASK, 0.278073, 0.278820, 0.000746, 0.000000, lapack_dtpmqrt
State, th19, TASK, 0.278824, 0.279575, 0.000750, 0.000000, lapack_dtpmqrt
State, th19, TASK, 0.279579, 0.280320, 0.000742, 0.000000, lapack_dtpmqrt
State, th19, TASK, 0.280325, 0.281072, 0.000747, 0.000000, lapack_dtpmqrt
State, th19, TASK, 0.281075, 0.281819, 0.000743, 0.000000, lapack_dtpmqrt
State, th19, TASK, 0.281823, 0.282566, 0.000744, 0.000000, lapack_dtpmqrt
State, th19, TASK, 0.282571, 0.283321, 0.000750, 0.000000, lapack_dtpmqrt
State, th19, TASK, 0.283325, 0.284069, 0.000744, 0.000000, lapack_dtpmqrt
State, th19, TASK, 0.284075, 0.284829, 0.000754, 0.000000, lapack_dtpmqrt
State, th19, TASK, 0.284833, 0.285572, 0.000739, 0.000000, lapack_dtpmqrt
State, th19, TASK, 0.285576, 0.286311, 0.000736, 0.000000, lapack_dtpmqrt
State, th19, TASK, 0.286315, 0.287045, 0.000730, 0.000000, lapack_dtpmqrt
State, th19, TASK, 0.287049, 0.287778, 0.000729, 0.000000, lapack_dtpmqrt
State, th19, TASK, 0.287807, 0.288538, 0.000730, 0.000000, lapack_dtpmqrt
State, th19, TASK, 0.288544, 0.288975, 0.000431, 0.000000, lapack_dlarfb
State, th19, TASK, 0.288980, 0.289411, 0.000432, 0.000000, lapack_dlarfb
State, th19, TASK, 0.289415, 0.289847, 0.000432, 0.000000, lapack_dlarfb
State, th19, TASK, 0.289975, 0.290709, 0.000734, 0.000000, lapack_dtpmqrt
State, th19, TASK, 0.290714, 0.291454, 0.000740, 0.000000, lapack_dtpmqrt
State, th19, TASK, 0.291458, 0.292196, 0.000737, 0.000000, lapack_dtpmqrt
State, th19, TASK, 0.292200, 0.292936, 0.000736, 0.000000, lapack_dtpmqrt
State, th19, TASK, 0.292940, 0.293689, 0.000749, 0.000000, lapack_dtpmqrt
State, th19, TASK, 0.293692, 0.294429, 0.000736, 0.000000, lapack_dtpmqrt
State, th19, TASK, 0.294433, 0.295180, 0.000746, 0.000000, lapack_dtpmqrt
State, th19, TASK, 0.295184, 0.295925, 0.000741, 0.000000, lapack_dtpmqrt
State, th19, TASK, 0.295928, 0.296668, 0.000740, 0.000000, lapack_dtpmqrt
State, th19, TASK, 0.296672, 0.297412, 0.000740, 0.000000, lapack_dtpmqrt
State, th19, TASK, 0.297415, 0.298152, 0.000736, 0.000000, lapack_dtpmqrt
State, th19, TASK, 0.298167, 0.298934, 0.000768, 0.000000, lapack_dtpmqrt
State, th19, TASK, 0.298946, 0.299687, 0.000741, 0.000000, lapack_dtpmqrt
State, th19, TASK, 0.299691, 0.300436, 0.000745, 0.000000, lapack_dtpmqrt
State, th19, TASK, 0.300441, 0.301191, 0.000750, 0.000000, lapack_dtpmqrt
State, th19, TASK, 0.301195, 0.301940, 0.000745, 0.000000, lapack_dtpmqrt
State, th19, TASK, 0.302006, 0.302758, 0.000751, 0.000000, lapack_dtpmqrt
State, th19, TASK, 0.302762, 0.303520, 0.000759, 0.000000, lapack_dtpmqrt
State, th19, TASK, 0.303524, 0.304272, 0.000748, 0.000000, lapack_dtpmqrt
State, th19, TASK, 0.304276, 0.305028, 0.000751, 0.000000, lapack_dtpmqrt
State, th19, TASK, 0.305032, 0.305783, 0.000751, 0.000000, lapack_dtpmqrt
State, th19, TASK, 0.305787, 0.306537, 0.000750, 0.000000, lapack_dtpmqrt
State, th19, TASK, 0.306541, 0.307308, 0.000767, 0.000000, lapack_dtpmqrt
State, th19, TASK, 0.307319, 0.308077, 0.000758, 0.000000, lapack_dtpmqrt
State, th19, TASK, 0.308081, 0.308832, 0.000751, 0.000000, lapack_dtpmqrt
State, th19, TASK, 0.308836, 0.309584, 0.000749, 0.000000, lapack_dtpmqrt
State, th19, TASK, 0.309588, 0.310334, 0.000746, 0.000000, lapack_dtpmqrt
State, th19, TASK, 0.310338, 0.311098, 0.000760, 0.000000, lapack_dtpmqrt
State, th19, TASK, 0.311102, 0.311862, 0.000760, 0.000000, lapack_dtpmqrt
State, th19, TASK, 0.311866, 0.312625, 0.000759, 0.000000, lapack_dtpmqrt
State, th19, TASK, 0.312629, 0.313391, 0.000762, 0.000000, lapack_dtpmqrt
State, th19, TASK, 0.313647, 0.314399, 0.000753, 0.000000, lapack_dtpmqrt
State, th19, TASK, 0.314403, 0.315160, 0.000757, 0.000000, lapack_dtpmqrt
State, th19, TASK, 0.315165, 0.315921, 0.000757, 0.000000, lapack_dtpmqrt
State, th19, TASK, 0.315925, 0.316685, 0.000760, 0.000000, lapack_dtpmqrt
State, th19, TASK, 0.316689, 0.317444, 0.000755, 0.000000, lapack_dtpmqrt
State, th19, TASK, 0.317452, 0.318218, 0.000765, 0.000000, lapack_dtpmqrt
State, th19, TASK, 0.318222, 0.318979, 0.000757, 0.000000, lapack_dtpmqrt
State, th19, TASK, 0.318983, 0.319731, 0.000748, 0.000000, lapack_dtpmqrt
State, th19, TASK, 0.319735, 0.320492, 0.000757, 0.000000, lapack_dtpmqrt
State, th19, TASK, 0.320495, 0.321254, 0.000759, 0.000000, lapack_dtpmqrt
State, th19, TASK, 0.321259, 0.322019, 0.000760, 0.000000, lapack_dtpmqrt
State, th19, TASK, 0.322023, 0.322766, 0.000743, 0.000000, lapack_dtpmqrt
State, th19, TASK, 0.322769, 0.323520, 0.000751, 0.000000, lapack_dtpmqrt
State, th19, TASK, 0.323559, 0.324314, 0.000755, 0.000000, lapack_dtpmqrt
State, th19, TASK, 0.324318, 0.325073, 0.000755, 0.000000, lapack_dtpmqrt
State, th19, TASK, 0.325077, 0.325833, 0.000756, 0.000000, lapack_dtpmqrt
State, th19, TASK, 0.325838, 0.326595, 0.000757, 0.000000, lapack_dtpmqrt
State, th19, TASK, 0.326604, 0.327367, 0.000762, 0.000000, lapack_dtpmqrt
State, th19, TASK, 0.327371, 0.328134, 0.000763, 0.000000, lapack_dtpmqrt
State, th19, TASK, 0.328138, 0.328902, 0.000764, 0.000000, lapack_dtpmqrt
State, th19, TASK, 0.328906, 0.329671, 0.000765, 0.000000, lapack_dtpmqrt
State, th19, TASK, 0.329675, 0.330439, 0.000764, 0.000000, lapack_dtpmqrt
State, th19, TASK, 0.330559, 0.331307, 0.000748, 0.000000, lapack_dtpmqrt
State, th19, TASK, 0.331312, 0.332048, 0.000736, 0.000000, lapack_dtpmqrt
State, th19, TASK, 0.332052, 0.332788, 0.000736, 0.000000, lapack_dtpmqrt
State, th19, TASK, 0.332792, 0.333531, 0.000739, 0.000000, lapack_dtpmqrt
State, th19, TASK, 0.333535, 0.334278, 0.000743, 0.000000, lapack_dtpmqrt
State, th19, TASK, 0.334282, 0.335026, 0.000744, 0.000000, lapack_dtpmqrt
State, th19, TASK, 0.335030, 0.335775, 0.000745, 0.000000, lapack_dtpmqrt
State, th19, TASK, 0.335779, 0.336521, 0.000741, 0.000000, lapack_dtpmqrt
State, th19, TASK, 0.336524, 0.337265, 0.000740, 0.000000, lapack_dtpmqrt
State, th19, TASK, 0.337269, 0.338010, 0.000741, 0.000000, lapack_dtpmqrt
State, th19, TASK, 0.338013, 0.338753, 0.000740, 0.000000, lapack_dtpmqrt
State, th19, TASK, 0.339137, 0.339927, 0.000791, 0.000000, lapack_dtpmqrt
State, th19, TASK, 0.339931, 0.340699, 0.000768, 0.000000, lapack_dtpmqrt
State, th19, TASK, 0.340703, 0.341472, 0.000769, 0.000000, lapack_dtpmqrt
State, th19, TASK, 0.341476, 0.342238, 0.000762, 0.000000, lapack_dtpmqrt
State, th19, TASK, 0.342242, 0.343016, 0.000774, 0.000000, lapack_dtpmqrt
State, th19, TASK, 0.343020, 0.343794, 0.000774, 0.000000, lapack_dtpmqrt
State, th19, TASK, 0.344129, 0.344905, 0.000776, 0.000000, lapack_dtpmqrt
State, th19, TASK, 0.344909, 0.345675, 0.000766, 0.000000, lapack_dtpmqrt
State, th19, TASK, 0.345679, 0.346446, 0.000767, 0.000000, lapack_dtpmqrt
State, th19, TASK, 0.346454, 0.347220, 0.000766, 0.000000, lapack_dtpmqrt
State, th19, TASK, 0.347224, 0.347972, 0.000748, 0.000000, lapack_dtpmqrt
State, th19, TASK, 0.347975, 0.348724, 0.000748, 0.000000, lapack_dtpmqrt
State, th19, TASK, 0.348731, 0.349484, 0.000753, 0.000000, lapack_dtpmqrt
State, th19, TASK, 0.349488, 0.350244, 0.000756, 0.000000, lapack_dtpmqrt
State, th19, TASK, 0.350309, 0.351062, 0.000753, 0.000000, lapack_dtpmqrt
State, th19, TASK, 0.351066, 0.351802, 0.000736, 0.000000, lapack_dtpmqrt
State, th19, TASK, 0.351806, 0.352543, 0.000736, 0.000000, lapack_dtpmqrt
State, th19, TASK, 0.352547, 0.353285, 0.000738, 0.000000, lapack_dtpmqrt
State, th19, TASK, 0.353288, 0.354024, 0.000736, 0.000000, lapack_dtpmqrt
State, th19, TASK, 0.354028, 0.354767, 0.000739, 0.000000, lapack_dtpmqrt
State, th19, TASK, 0.354770, 0.355515, 0.000745, 0.000000, lapack_dtpmqrt
State, th19, TASK, 0.355758, 0.356294, 0.000535, 0.000000, lapack_dtpqrt
State, th19, TASK, 0.356301, 0.356832, 0.000531, 0.000000, lapack_dtpqrt
State, th19, TASK, 0.356839, 0.357345, 0.000507, 0.000000, lapack_dtpqrt
State, th19, TASK, 0.357352, 0.357879, 0.000527, 0.000000, lapack_dtpqrt
State, th19, TASK, 0.357885, 0.358409, 0.000524, 0.000000, lapack_dtpqrt
State, th19, TASK, 0.358444, 0.359236, 0.000792, 0.000000, lapack_dtpmqrt
State, th19, TASK, 0.359242, 0.359687, 0.000445, 0.000000, lapack_dlarfb
State, th19, TASK, 0.360273, 0.361040, 0.000768, 0.000000, lapack_dtpmqrt
State, th19, TASK, 0.361159, 0.361937, 0.000778, 0.000000, lapack_dtpmqrt
State, th19, TASK, 0.361942, 0.362736, 0.000795, 0.000000, lapack_dtpmqrt
State, th19, TASK, 0.362754, 0.363502, 0.000748, 0.000000, lapack_dtpmqrt
State, th19, TASK, 0.363515, 0.364280, 0.000766, 0.000000, lapack_dtpmqrt
State, th19, TASK, 0.364285, 0.365049, 0.000764, 0.000000, lapack_dtpmqrt
State, th19, TASK, 0.365236, 0.365994, 0.000759, 0.000000, lapack_dtpmqrt
State, th19, TASK, 0.365999, 0.366749, 0.000751, 0.000000, lapack_dtpmqrt
State, th19, TASK, 0.366755, 0.367165, 0.000409, 0.000000, lapack_dgeqrt
State, th19, TASK, 0.367172, 0.367590, 0.000418, 0.000000, lapack_dlarfb
State, th19, TASK, 0.368181, 0.368937, 0.000756, 0.000000, lapack_dtpmqrt
State, th19, TASK, 0.368941, 0.369677, 0.000736, 0.000000, lapack_dtpmqrt
State, th19, TASK, 0.369996, 0.370756, 0.000761, 0.000000, lapack_dtpmqrt
State, th19, TASK, 0.371003, 0.371562, 0.000559, 0.000000, lapack_dtpqrt
State, th19, TASK, 0.372193, 0.372991, 0.000798, 0.000000, lapack_dtpmqrt
State, th19, TASK, 0.375209, 0.375987, 0.000778, 0.000000, lapack_dtpmqrt
State, th19, TASK, 0.380232, 0.380636, 0.000404, 0.000000, lapack_dgeqrt
State, th18, TASK, 0.012303, 0.013017, 0.000715, 0.000000, lapack_dlarfb
State, th18, TASK, 0.013999, 0.015070, 0.001071, 0.000000, lapack_dtpqrt
State, th18, TASK, 0.015087, 0.016077, 0.000990, 0.000000, lapack_dtpmqrt
State, th18, TASK, 0.016517, 0.017308, 0.000791, 0.000000, lapack_dtpmqrt
State, th18, TASK, 0.017312, 0.018092, 0.000781, 0.000000, lapack_dtpmqrt
State, th18, TASK, 0.018096, 0.018897, 0.000800, 0.000000, lapack_dtpmqrt
State, th18, TASK, 0.018903, 0.019659, 0.000757, 0.000000, lapack_dtpmqrt
State, th18, TASK, 0.019664, 0.020416, 0.000752, 0.000000, lapack_dtpmqrt
State, th18, TASK, 0.020425, 0.021181, 0.000756, 0.000000, lapack_dtpmqrt
State, th18, TASK, 0.021186, 0.021928, 0.000742, 0.000000, lapack_dtpmqrt
State, th18, TASK, 0.021932, 0.022676, 0.000744, 0.000000, lapack_dtpmqrt
State, th18, TASK, 0.022680, 0.023118, 0.000438, 0.000000, lapack_dlarfb
State, th18, TASK, 0.023123, 0.023550, 0.000427, 0.000000, lapack_dlarfb
State, th18, TASK, 0.023555, 0.023971, 0.000416, 0.000000, lapack_dlarfb
State, th18, TASK, 0.023976, 0.024744, 0.000768, 0.000000, lapack_dtpmqrt
State, th18, TASK, 0.024747, 0.025499, 0.000752, 0.000000, lapack_dtpmqrt
State, th18, TASK, 0.025503, 0.025937, 0.000434, 0.000000, lapack_dlarfb
State, th18, TASK, 0.025942, 0.026373, 0.000431, 0.000000, lapack_dlarfb
State, th18, TASK, 0.026376, 0.026805, 0.000428, 0.000000, lapack_dlarfb
State, th18, TASK, 0.026815, 0.027568, 0.000753, 0.000000, lapack_dtpmqrt
State, th18, TASK, 0.027572, 0.028322, 0.000750, 0.000000, lapack_dtpmqrt
State, th18, TASK, 0.028327, 0.029096, 0.000769, 0.000000, lapack_dtpmqrt
State, th18, TASK, 0.029100, 0.029860, 0.000761, 0.000000, lapack_dtpmqrt
State, th18, TASK, 0.029865, 0.030636, 0.000771, 0.000000, lapack_dtpmqrt
State, th18, TASK, 0.030641, 0.031195, 0.000554, 0.000000, lapack_dtpqrt
State, th18, TASK, 0.031209, 0.031951, 0.000743, 0.000000, lapack_dtpmqrt
State, th18, TASK, 0.031955, 0.032477, 0.000522, 0.000000, lapack_dtpqrt
State, th18, TASK, 0.032490, 0.033243, 0.000753, 0.000000, lapack_dtpmqrt
State, th18, TASK, 0.033246, 0.033995, 0.000749, 0.000000, lapack_dtpmqrt
State, th18, TASK, 0.033999, 0.034778, 0.000779, 0.000000, lapack_dtpmqrt
State, th18, TASK, 0.034782, 0.035554, 0.000772, 0.000000, lapack_dtpmqrt
State, th18, TASK, 0.035558, 0.036301, 0.000743, 0.000000, lapack_dtpmqrt
State, th18, TASK, 0.036306, 0.037068, 0.000763, 0.000000, lapack_dtpmqrt
State, th18, TASK, 0.037074, 0.037828, 0.000754, 0.000000, lapack_dtpmqrt
State, th18, TASK, 0.037833, 0.038584, 0.000751, 0.000000, lapack_dtpmqrt
State, th18, TASK, 0.038588, 0.039340, 0.000752, 0.000000, lapack_dtpmqrt
State, th18, TASK, 0.039344, 0.040082, 0.000738, 0.000000, lapack_dtpmqrt
State, th18, TASK, 0.040086, 0.040845, 0.000759, 0.000000, lapack_dtpmqrt
State, th18, TASK, 0.040849, 0.041594, 0.000745, 0.000000, lapack_dtpmqrt
State, th18, TASK, 0.041599, 0.042345, 0.000746, 0.000000, lapack_dtpmqrt
State, th18, TASK, 0.042349, 0.043096, 0.000746, 0.000000, lapack_dtpmqrt
State, th18, TASK, 0.043100, 0.043876, 0.000777, 0.000000, lapack_dtpmqrt
State, th18, TASK, 0.043881, 0.044644, 0.000762, 0.000000, lapack_dtpmqrt
State, th18, TASK, 0.044648, 0.045401, 0.000752, 0.000000, lapack_dtpmqrt
State, th18, TASK, 0.045405, 0.046153, 0.000748, 0.000000, lapack_dtpmqrt
State, th18, TASK, 0.046157, 0.046909, 0.000752, 0.000000, lapack_dtpmqrt
State, th18, TASK, 0.046914, 0.047658, 0.000744, 0.000000, lapack_dtpmqrt
State, th18, TASK, 0.047661, 0.048405, 0.000744, 0.000000, lapack_dtpmqrt
State, th18, TASK, 0.048409, 0.049156, 0.000747, 0.000000, lapack_dtpmqrt
State, th18, TASK, 0.049160, 0.049912, 0.000751, 0.000000, lapack_dtpmqrt
State, th18, TASK, 0.049917, 0.050665, 0.000748, 0.000000, lapack_dtpmqrt
State, th18, TASK, 0.050668, 0.051422, 0.000753, 0.000000, lapack_dtpmqrt
State, th18, TASK, 0.051426, 0.052176, 0.000751, 0.000000, lapack_dtpmqrt
State, th18, TASK, 0.052181, 0.052956, 0.000775, 0.000000, lapack_dtpmqrt
State, th18, TASK, 0.052960, 0.053724, 0.000764, 0.000000, lapack_dtpmqrt
State, th18, TASK, 0.053727, 0.054487, 0.000760, 0.000000, lapack_dtpmqrt
State, th18, TASK, 0.054491, 0.055258, 0.000767, 0.000000, lapack_dtpmqrt
State, th18, TASK, 0.055263, 0.056021, 0.000758, 0.000000, lapack_dtpmqrt
State, th18, TASK, 0.056025, 0.056780, 0.000754, 0.000000, lapack_dtpmqrt
State, th18, TASK, 0.056783, 0.057535, 0.000752, 0.000000, lapack_dtpmqrt
State, th18, TASK, 0.057539, 0.058289, 0.000750, 0.000000, lapack_dtpmqrt
State, th18, TASK, 0.058292, 0.059048, 0.000756, 0.000000, lapack_dtpmqrt
State, th18, TASK, 0.059053, 0.059828, 0.000775, 0.000000, lapack_dtpmqrt
State, th18, TASK, 0.059837, 0.060610, 0.000773, 0.000000, lapack_dtpmqrt
State, th18, TASK, 0.060614, 0.061369, 0.000755, 0.000000, lapack_dtpmqrt
State, th18, TASK, 0.061373, 0.062121, 0.000747, 0.000000, lapack_dtpmqrt
State, th18, TASK, 0.062124, 0.062892, 0.000767, 0.000000, lapack_dtpmqrt
State, th18, TASK, 0.062895, 0.063651, 0.000756, 0.000000, lapack_dtpmqrt
State, th18, TASK, 0.063655, 0.064407, 0.000751, 0.000000, lapack_dtpmqrt
State, th18, TASK, 0.064410, 0.065162, 0.000752, 0.000000, lapack_dtpmqrt
State, th18, TASK, 0.065166, 0.065923, 0.000757, 0.000000, lapack_dtpmqrt
State, th18, TASK, 0.065927, 0.066679, 0.000752, 0.000000, lapack_dtpmqrt
State, th18, TASK, 0.066682, 0.067438, 0.000756, 0.000000, lapack_dtpmqrt
State, th18, TASK, 0.067442, 0.068186, 0.000744, 0.000000, lapack_dtpmqrt
State, th18, TASK, 0.068190, 0.068933, 0.000744, 0.000000, lapack_dtpmqrt
State, th18, TASK, 0.068937, 0.069683, 0.000746, 0.000000, lapack_dtpmqrt
State, th18, TASK, 0.069686, 0.070441, 0.000754, 0.000000, lapack_dtpmqrt
State, th18, TASK, 0.070444, 0.071192, 0.000748, 0.000000, lapack_dtpmqrt
State, th18, TASK, 0.071197, 0.071934, 0.000737, 0.000000, lapack_dtpmqrt
State, th18, TASK, 0.071937, 0.072669, 0.000732, 0.000000, lapack_dtpmqrt
State, th18, TASK, 0.072673, 0.073431, 0.000758, 0.000000, lapack_dtpmqrt
State, th18, TASK, 0.073437, 0.074191, 0.000755, 0.000000, lapack_dtpmqrt
State, th18, TASK, 0.074195, 0.074961, 0.000766, 0.000000, lapack_dtpmqrt
State, th18, TASK, 0.074965, 0.075724, 0.000759, 0.000000, lapack_dtpmqrt
State, th18, TASK, 0.075728, 0.076483, 0.000755, 0.000000, lapack_dtpmqrt
State, th18, TASK, 0.076487, 0.077245, 0.000758, 0.000000, lapack_dtpmqrt
State, th18, TASK, 0.077248, 0.077993, 0.000745, 0.000000, lapack_dtpmqrt
State, th18, TASK, 0.077997, 0.078744, 0.000746, 0.000000, lapack_dtpmqrt
State, th18, TASK, 0.078748, 0.079501, 0.000753, 0.000000, lapack_dtpmqrt
State, th18, TASK, 0.079505, 0.080251, 0.000746, 0.000000, lapack_dtpmqrt
State, th18, TASK, 0.080255, 0.081002, 0.000747, 0.000000, lapack_dtpmqrt
State, th18, TASK, 0.081006, 0.081753, 0.000747, 0.000000, lapack_dtpmqrt
State, th18, TASK, 0.081758, 0.082497, 0.000739, 0.000000, lapack_dtpmqrt
State, th18, TASK, 0.082500, 0.083249, 0.000748, 0.000000, lapack_dtpmqrt
State, th18, TASK, 0.083253, 0.084032, 0.000778, 0.000000, lapack_dtpmqrt
State, th18, TASK, 0.084036, 0.084810, 0.000774, 0.000000, lapack_dtpmqrt
State, th18, TASK, 0.084814, 0.085581, 0.000767, 0.000000, lapack_dtpmqrt
State, th18, TASK, 0.085585, 0.086345, 0.000760, 0.000000, lapack_dtpmqrt
State, th18, TASK, 0.086349, 0.087110, 0.000761, 0.000000, lapack_dtpmqrt
State, th18, TASK, 0.087114, 0.087869, 0.000755, 0.000000, lapack_dtpmqrt
State, th18, TASK, 0.087873, 0.088629, 0.000757, 0.000000, lapack_dtpmqrt
State, th18, TASK, 0.088633, 0.089392, 0.000759, 0.000000, lapack_dtpmqrt
State, th18, TASK, 0.089396, 0.090156, 0.000760, 0.000000, lapack_dtpmqrt
State, th18, TASK, 0.090159, 0.090926, 0.000767, 0.000000, lapack_dtpmqrt
State, th18, TASK, 0.090931, 0.091681, 0.000750, 0.000000, lapack_dtpmqrt
State, th18, TASK, 0.091684, 0.092434, 0.000750, 0.000000, lapack_dtpmqrt
State, th18, TASK, 0.092439, 0.093182, 0.000743, 0.000000, lapack_dtpmqrt
State, th18, TASK, 0.093186, 0.093927, 0.000741, 0.000000, lapack_dtpmqrt
State, th18, TASK, 0.093930, 0.094671, 0.000740, 0.000000, lapack_dtpmqrt
State, th18, TASK, 0.094675, 0.095423, 0.000749, 0.000000, lapack_dtpmqrt
State, th18, TASK, 0.095427, 0.096169, 0.000741, 0.000000, lapack_dtpmqrt
State, th18, TASK, 0.096173, 0.096888, 0.000715, 0.000000, lapack_dtpqrt
State, th18, TASK, 0.096903, 0.097636, 0.000733, 0.000000, lapack_dtpmqrt
State, th18, TASK, 0.097641, 0.098155, 0.000514, 0.000000, lapack_dtpqrt
State, th18, TASK, 0.098168, 0.098901, 0.000733, 0.000000, lapack_dtpmqrt
State, th18, TASK, 0.098905, 0.099631, 0.000726, 0.000000, lapack_dtpmqrt
State, th18, TASK, 0.099634, 0.100370, 0.000736, 0.000000, lapack_dtpmqrt
State, th18, TASK, 0.100373, 0.101112, 0.000739, 0.000000, lapack_dtpmqrt
State, th18, TASK, 0.101115, 0.101842, 0.000727, 0.000000, lapack_dtpmqrt
State, th18, TASK, 0.101846, 0.102591, 0.000746, 0.000000, lapack_dtpmqrt
State, th18, TASK, 0.102594, 0.103352, 0.000757, 0.000000, lapack_dtpmqrt
State, th18, TASK, 0.103355, 0.104105, 0.000750, 0.000000, lapack_dtpmqrt
State, th18, TASK, 0.104109, 0.104840, 0.000731, 0.000000, lapack_dtpmqrt
State, th18, TASK, 0.104843, 0.105567, 0.000724, 0.000000, lapack_dtpmqrt
State, th18, TASK, 0.105571, 0.106307, 0.000736, 0.000000, lapack_dtpmqrt
State, th18, TASK, 0.106310, 0.107046, 0.000736, 0.000000, lapack_dtpmqrt
State, th18, TASK, 0.107050, 0.107790, 0.000740, 0.000000, lapack_dtpmqrt
State, th18, TASK, 0.107800, 0.108540, 0.000740, 0.000000, lapack_dtpmqrt
State, th18, TASK, 0.108546, 0.109075, 0.000529, 0.000000, lapack_dtpqrt
State, th18, TASK, 0.109091, 0.109846, 0.000754, 0.000000, lapack_dtpmqrt
State, th18, TASK, 0.109849, 0.110620, 0.000771, 0.000000, lapack_dtpmqrt
State, th18, TASK, 0.110623, 0.111405, 0.000782, 0.000000, lapack_dtpmqrt
State, th18, TASK, 0.111409, 0.112166, 0.000757, 0.000000, lapack_dtpmqrt
State, th18, TASK, 0.112170, 0.112921, 0.000751, 0.000000, lapack_dtpmqrt
State, th18, TASK, 0.112924, 0.113669, 0.000745, 0.000000, lapack_dtpmqrt
State, th18, TASK, 0.113672, 0.114421, 0.000749, 0.000000, lapack_dtpmqrt
State, th18, TASK, 0.114425, 0.115203, 0.000778, 0.000000, lapack_dtpmqrt
State, th18, TASK, 0.115207, 0.115947, 0.000740, 0.000000, lapack_dtpmqrt
State, th18, TASK, 0.115951, 0.116685, 0.000734, 0.000000, lapack_dtpmqrt
State, th18, TASK, 0.116689, 0.117420, 0.000731, 0.000000, lapack_dtpmqrt
State, th18, TASK, 0.117424, 0.118161, 0.000738, 0.000000, lapack_dtpmqrt
State, th18, TASK, 0.118165, 0.118951, 0.000786, 0.000000, lapack_dtpmqrt
State, th18, TASK, 0.118955, 0.119689, 0.000734, 0.000000, lapack_dtpmqrt
State, th18, TASK, 0.119693, 0.120427, 0.000734, 0.000000, lapack_dtpmqrt
State, th18, TASK, 0.120430, 0.121159, 0.000728, 0.000000, lapack_dtpmqrt
State, th18, TASK, 0.121163, 0.121892, 0.000728, 0.000000, lapack_dtpmqrt
State, th18, TASK, 0.121896, 0.122632, 0.000736, 0.000000, lapack_dtpmqrt
State, th18, TASK, 0.122636, 0.123410, 0.000774, 0.000000, lapack_dtpmqrt
State, th18, TASK, 0.123414, 0.124154, 0.000741, 0.000000, lapack_dtpmqrt
State, th18, TASK, 0.124158, 0.124901, 0.000743, 0.000000, lapack_dtpmqrt
State, th18, TASK, 0.124905, 0.125651, 0.000746, 0.000000, lapack_dtpmqrt
State, th18, TASK, 0.125655, 0.126395, 0.000741, 0.000000, lapack_dtpmqrt
State, th18, TASK, 0.126399, 0.127149, 0.000750, 0.000000, lapack_dtpmqrt
State, th18, TASK, 0.127154, 0.127897, 0.000743, 0.000000, lapack_dtpmqrt
State, th18, TASK, 0.127901, 0.128649, 0.000748, 0.000000, lapack_dtpmqrt
State, th18, TASK, 0.128657, 0.129426, 0.000769, 0.000000, lapack_dtpmqrt
State, th18, TASK, 0.129430, 0.130194, 0.000765, 0.000000, lapack_dtpmqrt
State, th18, TASK, 0.130198, 0.130962, 0.000764, 0.000000, lapack_dtpmqrt
State, th18, TASK, 0.130966, 0.131721, 0.000756, 0.000000, lapack_dtpmqrt
State, th18, TASK, 0.131725, 0.132478, 0.000753, 0.000000, lapack_dtpmqrt
State, th18, TASK, 0.132482, 0.133241, 0.000760, 0.000000, lapack_dtpmqrt
State, th18, TASK, 0.133246, 0.134000, 0.000753, 0.000000, lapack_dtpmqrt
State, th18, TASK, 0.134003, 0.134761, 0.000757, 0.000000, lapack_dtpmqrt
State, th18, TASK, 0.134764, 0.135523, 0.000759, 0.000000, lapack_dtpmqrt
State, th18, TASK, 0.135527, 0.136282, 0.000755, 0.000000, lapack_dtpmqrt
State, th18, TASK, 0.136286, 0.137040, 0.000754, 0.000000, lapack_dtpmqrt
State, th18, TASK, 0.137044, 0.137794, 0.000751, 0.000000, lapack_dtpmqrt
State, th18, TASK, 0.137798, 0.138554, 0.000756, 0.000000, lapack_dtpmqrt
State, th18, TASK, 0.138558, 0.139318, 0.000760, 0.000000, lapack_dtpmqrt
State, th18, TASK, 0.139322, 0.140070, 0.000748, 0.000000, lapack_dtpmqrt
State, th18, TASK, 0.140074, 0.140856, 0.000782, 0.000000, lapack_dtpmqrt
State, th18, TASK, 0.140860, 0.141637, 0.000778, 0.000000, lapack_dtpmqrt
State, th18, TASK, 0.141641, 0.142420, 0.000779, 0.000000, lapack_dtpmqrt
State, th18, TASK, 0.142424, 0.143215, 0.000792, 0.000000, lapack_dtpmqrt
State, th18, TASK, 0.143219, 0.144005, 0.000785, 0.000000, lapack_dtpmqrt
State, th18, TASK, 0.144008, 0.144798, 0.000789, 0.000000, lapack_dtpmqrt
State, th18, TASK, 0.144802, 0.145594, 0.000793, 0.000000, lapack_dtpmqrt
State, th18, TASK, 0.145599, 0.146392, 0.000793, 0.000000, lapack_dtpmqrt
State, th18, TASK, 0.146396, 0.147183, 0.000787, 0.000000, lapack_dtpmqrt
State, th18, TASK, 0.147187, 0.147969, 0.000782, 0.000000, lapack_dtpmqrt
State, th18, TASK, 0.147974, 0.148756, 0.000782, 0.000000, lapack_dtpmqrt
State, th18, TASK, 0.148760, 0.149558, 0.000798, 0.000000, lapack_dtpmqrt
State, th18, TASK, 0.149562, 0.150351, 0.000789, 0.000000, lapack_dtpmqrt
State, th18, TASK, 0.150354, 0.151133, 0.000779, 0.000000, lapack_dtpmqrt
State, th18, TASK, 0.151137, 0.151912, 0.000775, 0.000000, lapack_dtpmqrt
State, th18, TASK, 0.151917, 0.152362, 0.000445, 0.000000, lapack_dlarfb
State, th18, TASK, 0.152367, 0.153127, 0.000761, 0.000000, lapack_dtpmqrt
State, th18, TASK, 0.153131, 0.153880, 0.000749, 0.000000, lapack_dtpmqrt
State, th18, TASK, 0.153883, 0.154625, 0.000741, 0.000000, lapack_dtpmqrt
State, th18, TASK, 0.154628, 0.155377, 0.000749, 0.000000, lapack_dtpmqrt
State, th18, TASK, 0.155382, 0.156121, 0.000738, 0.000000, lapack_dtpmqrt
State, th18, TASK, 0.156129, 0.156869, 0.000740, 0.000000, lapack_dtpmqrt
State, th18, TASK, 0.156873, 0.157615, 0.000742, 0.000000, lapack_dtpmqrt
State, th18, TASK, 0.157620, 0.158369, 0.000749, 0.000000, lapack_dtpmqrt
State, th18, TASK, 0.158372, 0.159155, 0.000783, 0.000000, lapack_dtpmqrt
State, th18, TASK, 0.159159, 0.159919, 0.000760, 0.000000, lapack_dtpmqrt
State, th18, TASK, 0.159923, 0.160682, 0.000759, 0.000000, lapack_dtpmqrt
State, th18, TASK, 0.160686, 0.161444, 0.000758, 0.000000, lapack_dtpmqrt
State, th18, TASK, 0.161448, 0.162209, 0.000761, 0.000000, lapack_dtpmqrt
State, th18, TASK, 0.162212, 0.162980, 0.000768, 0.000000, lapack_dtpmqrt
State, th18, TASK, 0.162984, 0.163745, 0.000761, 0.000000, lapack_dtpmqrt
State, th18, TASK, 0.163748, 0.164512, 0.000764, 0.000000, lapack_dtpmqrt
State, th18, TASK, 0.164521, 0.165278, 0.000757, 0.000000, lapack_dtpmqrt
State, th18, TASK, 0.165282, 0.166020, 0.000738, 0.000000, lapack_dtpmqrt
State, th18, TASK, 0.166023, 0.166757, 0.000734, 0.000000, lapack_dtpmqrt
State, th18, TASK, 0.166761, 0.167513, 0.000752, 0.000000, lapack_dtpmqrt
State, th18, TASK, 0.167516, 0.168263, 0.000747, 0.000000, lapack_dtpmqrt
State, th18, TASK, 0.168267, 0.169019, 0.000752, 0.000000, lapack_dtpmqrt
State, th18, TASK, 0.169022, 0.169773, 0.000751, 0.000000, lapack_dtpmqrt
State, th18, TASK, 0.169778, 0.170532, 0.000754, 0.000000, lapack_dtpmqrt
State, th18, TASK, 0.170552, 0.171328, 0.000776, 0.000000, lapack_dtpmqrt
State, th18, TASK, 0.171510, 0.172275, 0.000765, 0.000000, lapack_dtpmqrt
State, th18, TASK, 0.172279, 0.173026, 0.000747, 0.000000, lapack_dtpmqrt
State, th18, TASK, 0.173030, 0.173774, 0.000745, 0.000000, lapack_dtpmqrt
State, th18, TASK, 0.173778, 0.174524, 0.000746, 0.000000, lapack_dtpmqrt
State, th18, TASK, 0.174527, 0.175281, 0.000753, 0.000000, lapack_dtpmqrt
State, th18, TASK, 0.175285, 0.176031, 0.000746, 0.000000, lapack_dtpmqrt
State, th18, TASK, 0.176035, 0.176784, 0.000749, 0.000000, lapack_dtpmqrt
State, th18, TASK, 0.176788, 0.177537, 0.000749, 0.000000, lapack_dtpmqrt
State, th18, TASK, 0.177541, 0.178292, 0.000751, 0.000000, lapack_dtpmqrt
State, th18, TASK, 0.178295, 0.179055, 0.000759, 0.000000, lapack_dtpmqrt
State, th18, TASK, 0.179058, 0.179810, 0.000751, 0.000000, lapack_dtpmqrt
State, th18, TASK, 0.179813, 0.180560, 0.000746, 0.000000, lapack_dtpmqrt
State, th18, TASK, 0.180563, 0.181310, 0.000747, 0.000000, lapack_dtpmqrt
State, th18, TASK, 0.181314, 0.182062, 0.000748, 0.000000, lapack_dtpmqrt
State, th18, TASK, 0.182066, 0.182814, 0.000748, 0.000000, lapack_dtpmqrt
State, th18, TASK, 0.182817, 0.183577, 0.000760, 0.000000, lapack_dtpmqrt
State, th18, TASK, 0.183581, 0.184333, 0.000751, 0.000000, lapack_dtpmqrt
State, th18, TASK, 0.184336, 0.185088, 0.000752, 0.000000, lapack_dtpmqrt
State, th18, TASK, 0.185092, 0.185851, 0.000759, 0.000000, lapack_dtpmqrt
State, th18, TASK, 0.185856, 0.186607, 0.000751, 0.000000, lapack_dtpmqrt
State, th18, TASK, 0.186610, 0.187357, 0.000747, 0.000000, lapack_dtpmqrt
State, th18, TASK, 0.187361, 0.188113, 0.000752, 0.000000, lapack_dtpmqrt
State, th18, TASK, 0.188117, 0.188869, 0.000752, 0.000000, lapack_dtpmqrt
State, th18, TASK, 0.188873, 0.189630, 0.000757, 0.000000, lapack_dtpmqrt
State, th18, TASK, 0.189633, 0.190380, 0.000746, 0.000000, lapack_dtpmqrt
State, th18, TASK, 0.190438, 0.191205, 0.000767, 0.000000, lapack_dtpmqrt
State, th18, TASK, 0.191212, 0.191629, 0.000417, 0.000000, lapack_dlarfb
State, th18, TASK, 0.191638, 0.192059, 0.000421, 0.000000, lapack_dlarfb
State, th18, TASK, 0.192062, 0.192483, 0.000421, 0.000000, lapack_dlarfb
State, th18, TASK, 0.192487, 0.192904, 0.000418, 0.000000, lapack_dlarfb
State, th18, TASK, 0.192909, 0.193333, 0.000424, 0.000000, lapack_dlarfb
State, th18, TASK, 0.193336, 0.193753, 0.000417, 0.000000, lapack_dlarfb
State, th18, TASK, 0.193758, 0.194171, 0.000413, 0.000000, lapack_dlarfb
State, th18, TASK, 0.194439, 0.195206, 0.000766, 0.000000, lapack_dtpmqrt
State, th18, TASK, 0.195210, 0.195973, 0.000762, 0.000000, lapack_dtpmqrt
State, th18, TASK, 0.195976, 0.196744, 0.000768, 0.000000, lapack_dtpmqrt
State, th18, TASK, 0.196748, 0.197511, 0.000764, 0.000000, lapack_dtpmqrt
State, th18, TASK, 0.197515, 0.198278, 0.000764, 0.000000, lapack_dtpmqrt
State, th18, TASK, 0.198282, 0.199059, 0.000777, 0.000000, lapack_dtpmqrt
State, th18, TASK, 0.199063, 0.199835, 0.000772, 0.000000, lapack_dtpmqrt
State, th18, TASK, 0.199839, 0.200605, 0.000766, 0.000000, lapack_dtpmqrt
State, th18, TASK, 0.200609, 0.201375, 0.000767, 0.000000, lapack_dtpmqrt
State, th18, TASK, 0.201386, 0.202161, 0.000775, 0.000000, lapack_dtpmqrt
State, th18, TASK, 0.202164, 0.202938, 0.000773, 0.000000, lapack_dtpmqrt
State, th18, TASK, 0.202946, 0.203712, 0.000767, 0.000000, lapack_dtpmqrt
State, th18, TASK, 0.203717, 0.204485, 0.000768, 0.000000, lapack_dtpmqrt
State, th18, TASK, 0.204489, 0.205255, 0.000765, 0.000000, lapack_dtpmqrt
State, th18, TASK, 0.205259, 0.206023, 0.000764, 0.000000, lapack_dtpmqrt
State, th18, TASK, 0.206027, 0.206791, 0.000764, 0.000000, lapack_dtpmqrt
State, th18, TASK, 0.206795, 0.207565, 0.000770, 0.000000, lapack_dtpmqrt
State, th18, TASK, 0.207569, 0.208340, 0.000771, 0.000000, lapack_dtpmqrt
State, th18, TASK, 0.208344, 0.209114, 0.000771, 0.000000, lapack_dtpmqrt
State, th18, TASK, 0.209118, 0.209880, 0.000762, 0.000000, lapack_dtpmqrt
State, th18, TASK, 0.209883, 0.210642, 0.000759, 0.000000, lapack_dtpmqrt
State, th18, TASK, 0.210646, 0.211415, 0.000769, 0.000000, lapack_dtpmqrt
State, th18, TASK, 0.211419, 0.212184, 0.000765, 0.000000, lapack_dtpmqrt
State, th18, TASK, 0.212187, 0.212953, 0.000766, 0.000000, lapack_dtpmqrt
State, th18, TASK, 0.212957, 0.213727, 0.000770, 0.000000, lapack_dtpmqrt
State, th18, TASK, 0.213820, 0.214582, 0.000762, 0.000000, lapack_dtpmqrt
State, th18, TASK, 0.214586, 0.215338, 0.000752, 0.000000, lapack_dtpmqrt
State, th18, TASK, 0.215343, 0.215778, 0.000435, 0.000000, lapack_dlarfb
State, th18, TASK, 0.215852, 0.216623, 0.000771, 0.000000, lapack_dtpmqrt
State, th18, TASK, 0.216627, 0.217387, 0.000760, 0.000000, lapack_dtpmqrt
State, th18, TASK, 0.217391, 0.218149, 0.000758, 0.000000, lapack_dtpmqrt
State, th18, TASK, 0.218152, 0.218914, 0.000762, 0.000000, lapack_dtpmqrt
State, th18, TASK, 0.218919, 0.219684, 0.000765, 0.000000, lapack_dtpmqrt
State, th18, TASK, 0.219687, 0.220451, 0.000764, 0.000000, lapack_dtpmqrt
State, th18, TASK, 0.220454, 0.221218, 0.000763, 0.000000, lapack_dtpmqrt
State, th18, TASK, 0.221221, 0.221981, 0.000760, 0.000000, lapack_dtpmqrt
State, th18, TASK, 0.221985, 0.222742, 0.000757, 0.000000, lapack_dtpmqrt
State, th18, TASK, 0.222745, 0.223510, 0.000764, 0.000000, lapack_dtpmqrt
State, th18, TASK, 0.223514, 0.224276, 0.000762, 0.000000, lapack_dtpmqrt
State, th18, TASK, 0.224280, 0.225044, 0.000764, 0.000000, lapack_dtpmqrt
State, th18, TASK, 0.225048, 0.225804, 0.000756, 0.000000, lapack_dtpmqrt
State, th18, TASK, 0.225807, 0.226560, 0.000753, 0.000000, lapack_dtpmqrt
State, th18, TASK, 0.226568, 0.227344, 0.000775, 0.000000, lapack_dtpmqrt
State, th18, TASK, 0.227348, 0.228102, 0.000754, 0.000000, lapack_dtpmqrt
State, th18, TASK, 0.228106, 0.228863, 0.000757, 0.000000, lapack_dtpmqrt
State, th18, TASK, 0.228867, 0.229628, 0.000761, 0.000000, lapack_dtpmqrt
State, th18, TASK, 0.229632, 0.230392, 0.000760, 0.000000, lapack_dtpmqrt
State, th18, TASK, 0.230396, 0.231158, 0.000762, 0.000000, lapack_dtpmqrt
State, th18, TASK, 0.231162, 0.231920, 0.000758, 0.000000, lapack_dtpmqrt
State, th18, TASK, 0.231924, 0.232686, 0.000761, 0.000000, lapack_dtpmqrt
State, th18, TASK, 0.232690, 0.233452, 0.000763, 0.000000, lapack_dtpmqrt
State, th18, TASK, 0.233456, 0.234213, 0.000757, 0.000000, lapack_dtpmqrt
State, th18, TASK, 0.234217, 0.234975, 0.000758, 0.000000, lapack_dtpmqrt
State, th18, TASK, 0.235161, 0.235912, 0.000751, 0.000000, lapack_dtpmqrt
State, th18, TASK, 0.235916, 0.236665, 0.000748, 0.000000, lapack_dtpmqrt
State, th18, TASK, 0.236669, 0.237422, 0.000753, 0.000000, lapack_dtpmqrt
State, th18, TASK, 0.237426, 0.238177, 0.000751, 0.000000, lapack_dtpmqrt
State, th18, TASK, 0.238181, 0.238924, 0.000743, 0.000000, lapack_dtpmqrt
State, th18, TASK, 0.238929, 0.239668, 0.000740, 0.000000, lapack_dtpmqrt
State, th18, TASK, 0.239672, 0.240407, 0.000735, 0.000000, lapack_dtpmqrt
State, th18, TASK, 0.240410, 0.241148, 0.000738, 0.000000, lapack_dtpmqrt
State, th18, TASK, 0.241152, 0.241891, 0.000739, 0.000000, lapack_dtpmqrt
State, th18, TASK, 0.241894, 0.242637, 0.000742, 0.000000, lapack_dtpmqrt
State, th18, TASK, 0.242640, 0.243392, 0.000752, 0.000000, lapack_dtpmqrt
State, th18, TASK, 0.243397, 0.244137, 0.000741, 0.000000, lapack_dtpmqrt
State, th18, TASK, 0.244141, 0.244880, 0.000739, 0.000000, lapack_dtpmqrt
State, th18, TASK, 0.244884, 0.245622, 0.000738, 0.000000, lapack_dtpmqrt
State, th18, TASK, 0.245626, 0.246367, 0.000742, 0.000000, lapack_dtpmqrt
State, th18, TASK, 0.246371, 0.247123, 0.000752, 0.000000, lapack_dtpmqrt
State, th18, TASK, 0.247127, 0.247867, 0.000740, 0.000000, lapack_dtpmqrt
State, th18, TASK, 0.247870, 0.248613, 0.000743, 0.000000, lapack_dtpmqrt
State, th18, TASK, 0.248617, 0.249359, 0.000742, 0.000000, lapack_dtpmqrt
State, th18, TASK, 0.249363, 0.250101, 0.000738, 0.000000, lapack_dtpmqrt
State, th18, TASK, 0.250105, 0.250872, 0.000767, 0.000000, lapack_dtpmqrt
State, th18, TASK, 0.250882, 0.251635, 0.000752, 0.000000, lapack_dtpmqrt
State, th18, TASK, 0.251643, 0.252405, 0.000762, 0.000000, lapack_dtpmqrt
State, th18, TASK, 0.252409, 0.253167, 0.000758, 0.000000, lapack_dtpmqrt
State, th18, TASK, 0.253171, 0.253938, 0.000767, 0.000000, lapack_dtpmqrt
State, th18, TASK, 0.253950, 0.254711, 0.000761, 0.000000, lapack_dtpmqrt
State, th18, TASK, 0.254715, 0.255465, 0.000750, 0.000000, lapack_dtpmqrt
State, th18, TASK, 0.255469, 0.256220, 0.000751, 0.000000, lapack_dtpmqrt
State, th18, TASK, 0.256223, 0.256976, 0.000752, 0.000000, lapack_dtpmqrt
State, th18, TASK, 0.256980, 0.257731, 0.000751, 0.000000, lapack_dtpmqrt
State, th18, TASK, 0.257735, 0.258486, 0.000751, 0.000000, lapack_dtpmqrt
State, th18, TASK, 0.258489, 0.259244, 0.000755, 0.000000, lapack_dtpmqrt
State, th18, TASK, 0.259248, 0.259995, 0.000747, 0.000000, lapack_dtpmqrt
State, th18, TASK, 0.259999, 0.260744, 0.000745, 0.000000, lapack_dtpmqrt
State, th18, TASK, 0.260748, 0.261493, 0.000745, 0.000000, lapack_dtpmqrt
State, th18, TASK, 0.261497, 0.262243, 0.000747, 0.000000, lapack_dtpmqrt
State, th18, TASK, 0.262247, 0.262995, 0.000748, 0.000000, lapack_dtpmqrt
State, th18, TASK, 0.262999, 0.263743, 0.000744, 0.000000, lapack_dtpmqrt
State, th18, TASK, 0.263747, 0.264490, 0.000743, 0.000000, lapack_dtpmqrt
State, th18, TASK, 0.264494, 0.265241, 0.000747, 0.000000, lapack_dtpmqrt
State, th18, TASK, 0.265346, 0.265874, 0.000528, 0.000000, lapack_dtpqrt
State, th18, TASK, 0.265885, 0.266395, 0.000509, 0.000000, lapack_dtpqrt
State, th18, TASK, 0.266405, 0.266936, 0.000531, 0.000000, lapack_dtpqrt
State, th18, TASK, 0.266947, 0.267454, 0.000508, 0.000000, lapack_dtpqrt
State, th18, TASK, 0.267465, 0.267995, 0.000530, 0.000000, lapack_dtpqrt
State, th18, TASK, 0.268006, 0.268515, 0.000509, 0.000000, lapack_dtpqrt
State, th18, TASK, 0.268525, 0.269053, 0.000528, 0.000000, lapack_dtpqrt
State, th18, TASK, 0.269064, 0.269591, 0.000526, 0.000000, lapack_dtpqrt
State, th18, TASK, 0.269600, 0.270128, 0.000527, 0.000000, lapack_dtpqrt
State, th18, TASK, 0.270138, 0.270668, 0.000530, 0.000000, lapack_dtpqrt
State, th18, TASK, 0.270678, 0.271210, 0.000533, 0.000000, lapack_dtpqrt
State, th18, TASK, 0.271222, 0.271779, 0.000557, 0.000000, lapack_dtpqrt
State, th18, TASK, 0.271790, 0.272395, 0.000605, 0.000000, lapack_dtpqrt
State, th18, TASK, 0.272404, 0.272929, 0.000526, 0.000000, lapack_dtpqrt
State, th18, TASK, 0.272939, 0.273462, 0.000523, 0.000000, lapack_dtpqrt
State, th18, TASK, 0.273472, 0.274000, 0.000528, 0.000000, lapack_dtpqrt
State, th18, TASK, 0.274011, 0.274543, 0.000532, 0.000000, lapack_dtpqrt
State, th18, TASK, 0.274553, 0.275088, 0.000535, 0.000000, lapack_dtpqrt
State, th18, TASK, 0.275099, 0.275626, 0.000527, 0.000000, lapack_dtpqrt
State, th18, TASK, 0.275638, 0.276062, 0.000424, 0.000000, lapack_dlarfb
State, th18, TASK, 0.276069, 0.276823, 0.000754, 0.000000, lapack_dtpmqrt
State, th18, TASK, 0.276827, 0.277574, 0.000747, 0.000000, lapack_dtpmqrt
State, th18, TASK, 0.277579, 0.278323, 0.000744, 0.000000, lapack_dtpmqrt
State, th18, TASK, 0.278545, 0.279331, 0.000786, 0.000000, lapack_dtpmqrt
State, th18, TASK, 0.279335, 0.280119, 0.000784, 0.000000, lapack_dtpmqrt
State, th18, TASK, 0.280122, 0.280901, 0.000779, 0.000000, lapack_dtpmqrt
State, th18, TASK, 0.280905, 0.281672, 0.000767, 0.000000, lapack_dtpmqrt
State, th18, TASK, 0.281675, 0.282436, 0.000762, 0.000000, lapack_dtpmqrt
State, th18, TASK, 0.282440, 0.283200, 0.000760, 0.000000, lapack_dtpmqrt
State, th18, TASK, 0.283203, 0.283953, 0.000750, 0.000000, lapack_dtpmqrt
State, th18, TASK, 0.283962, 0.284735, 0.000773, 0.000000, lapack_dtpmqrt
State, th18, TASK, 0.284739, 0.285489, 0.000750, 0.000000, lapack_dtpmqrt
State, th18, TASK, 0.285494, 0.286232, 0.000738, 0.000000, lapack_dtpmqrt
State, th18, TASK, 0.286236, 0.286976, 0.000740, 0.000000, lapack_dtpmqrt
State, th18, TASK, 0.286980, 0.287721, 0.000741, 0.000000, lapack_dtpmqrt
State, th18, TASK, 0.287725, 0.288458, 0.000733, 0.000000, lapack_dtpmqrt
State, th18, TASK, 0.288462, 0.289193, 0.000731, 0.000000, lapack_dtpmqrt
State, th18, TASK, 0.289196, 0.289929, 0.000732, 0.000000, lapack_dtpmqrt
State, th18, TASK, 0.290159, 0.290916, 0.000757, 0.000000, lapack_dtpmqrt
State, th18, TASK, 0.290920, 0.291664, 0.000743, 0.000000, lapack_dtpmqrt
State, th18, TASK, 0.291668, 0.292407, 0.000740, 0.000000, lapack_dtpmqrt
State, th18, TASK, 0.292411, 0.293145, 0.000735, 0.000000, lapack_dtpmqrt
State, th18, TASK, 0.293149, 0.293881, 0.000732, 0.000000, lapack_dtpmqrt
State, th18, TASK, 0.293885, 0.294614, 0.000729, 0.000000, lapack_dtpmqrt
State, th18, TASK, 0.294617, 0.295352, 0.000735, 0.000000, lapack_dtpmqrt
State, th18, TASK, 0.295356, 0.296089, 0.000733, 0.000000, lapack_dtpmqrt
State, th18, TASK, 0.296099, 0.296826, 0.000728, 0.000000, lapack_dtpmqrt
State, th18, TASK, 0.296830, 0.297561, 0.000731, 0.000000, lapack_dtpmqrt
State, th18, TASK, 0.297565, 0.298291, 0.000726, 0.000000, lapack_dtpmqrt
State, th18, TASK, 0.298304, 0.299053, 0.000748, 0.000000, lapack_dtpmqrt
State, th18, TASK, 0.299057, 0.299788, 0.000731, 0.000000, lapack_dtpmqrt
State, th18, TASK, 0.299871, 0.300642, 0.000771, 0.000000, lapack_dtpmqrt
State, th18, TASK, 0.300646, 0.301426, 0.000780, 0.000000, lapack_dtpmqrt
State, th18, TASK, 0.301446, 0.302201, 0.000754, 0.000000, lapack_dtpmqrt
State, th18, TASK, 0.302418, 0.303205, 0.000787, 0.000000, lapack_dtpmqrt
State, th18, TASK, 0.303209, 0.303999, 0.000791, 0.000000, lapack_dtpmqrt
State, th18, TASK, 0.304003, 0.304793, 0.000790, 0.000000, lapack_dtpmqrt
State, th18, TASK, 0.304797, 0.305595, 0.000799, 0.000000, lapack_dtpmqrt
State, th18, TASK, 0.305599, 0.306375, 0.000776, 0.000000, lapack_dtpmqrt
State, th18, TASK, 0.306379, 0.307178, 0.000799, 0.000000, lapack_dtpmqrt
State, th18, TASK, 0.307183, 0.307962, 0.000779, 0.000000, lapack_dtpmqrt
State, th18, TASK, 0.307966, 0.308743, 0.000778, 0.000000, lapack_dtpmqrt
State, th18, TASK, 0.308747, 0.309526, 0.000779, 0.000000, lapack_dtpmqrt
State, th18, TASK, 0.309530, 0.310320, 0.000790, 0.000000, lapack_dtpmqrt
State, th18, TASK, 0.310324, 0.311111, 0.000787, 0.000000, lapack_dtpmqrt
State, th18, TASK, 0.311115, 0.311899, 0.000784, 0.000000, lapack_dtpmqrt
State, th18, TASK, 0.311903, 0.312680, 0.000777, 0.000000, lapack_dtpmqrt
State, th18, TASK, 0.312683, 0.313462, 0.000778, 0.000000, lapack_dtpmqrt
State, th18, TASK, 0.313536, 0.314294, 0.000758, 0.000000, lapack_dtpmqrt
State, th18, TASK, 0.314298, 0.315075, 0.000777, 0.000000, lapack_dtpmqrt
State, th18, TASK, 0.315079, 0.315838, 0.000758, 0.000000, lapack_dtpmqrt
State, th18, TASK, 0.315841, 0.316618, 0.000777, 0.000000, lapack_dtpmqrt
State, th18, TASK, 0.316622, 0.317404, 0.000782, 0.000000, lapack_dtpmqrt
State, th18, TASK, 0.317407, 0.318184, 0.000777, 0.000000, lapack_dtpmqrt
State, th18, TASK, 0.318187, 0.318964, 0.000776, 0.000000, lapack_dtpmqrt
State, th18, TASK, 0.318967, 0.319739, 0.000772, 0.000000, lapack_dtpmqrt
State, th18, TASK, 0.319743, 0.320520, 0.000777, 0.000000, lapack_dtpmqrt
State, th18, TASK, 0.320524, 0.321312, 0.000788, 0.000000, lapack_dtpmqrt
State, th18, TASK, 0.321315, 0.322081, 0.000765, 0.000000, lapack_dtpmqrt
State, th18, TASK, 0.322084, 0.322849, 0.000764, 0.000000, lapack_dtpmqrt
State, th18, TASK, 0.322853, 0.323614, 0.000761, 0.000000, lapack_dtpmqrt
State, th18, TASK, 0.323678, 0.324423, 0.000745, 0.000000, lapack_dtpmqrt
State, th18, TASK, 0.324427, 0.325174, 0.000747, 0.000000, lapack_dtpmqrt
State, th18, TASK, 0.325178, 0.325929, 0.000751, 0.000000, lapack_dtpmqrt
State, th18, TASK, 0.325933, 0.326682, 0.000749, 0.000000, lapack_dtpmqrt
State, th18, TASK, 0.326686, 0.327441, 0.000755, 0.000000, lapack_dtpmqrt
State, th18, TASK, 0.327445, 0.328194, 0.000749, 0.000000, lapack_dtpmqrt
State, th18, TASK, 0.328198, 0.328948, 0.000749, 0.000000, lapack_dtpmqrt
State, th18, TASK, 0.328951, 0.329701, 0.000749, 0.000000, lapack_dtpmqrt
State, th18, TASK, 0.329710, 0.330151, 0.000441, 0.000000, lapack_dlarfb
State, th18, TASK, 0.330223, 0.330983, 0.000760, 0.000000, lapack_dtpmqrt
State, th18, TASK, 0.330987, 0.331729, 0.000741, 0.000000, lapack_dtpmqrt
State, th18, TASK, 0.331733, 0.332476, 0.000743, 0.000000, lapack_dtpmqrt
State, th18, TASK, 0.332480, 0.333223, 0.000743, 0.000000, lapack_dtpmqrt
State, th18, TASK, 0.333227, 0.333970, 0.000743, 0.000000, lapack_dtpmqrt
State, th18, TASK, 0.333973, 0.334719, 0.000746, 0.000000, lapack_dtpmqrt
State, th18, TASK, 0.334723, 0.335478, 0.000755, 0.000000, lapack_dtpmqrt
State, th18, TASK, 0.335482, 0.336226, 0.000745, 0.000000, lapack_dtpmqrt
State, th18, TASK, 0.336230, 0.336972, 0.000742, 0.000000, lapack_dtpmqrt
State, th18, TASK, 0.336975, 0.337718, 0.000742, 0.000000, lapack_dtpmqrt
State, th18, TASK, 0.337730, 0.338157, 0.000427, 0.000000, lapack_dlarfb
State, th18, TASK, 0.338161, 0.338576, 0.000414, 0.000000, lapack_dlarfb
State, th18, TASK, 0.338603, 0.339398, 0.000795, 0.000000, lapack_dtpmqrt
State, th18, TASK, 0.339402, 0.340193, 0.000791, 0.000000, lapack_dtpmqrt
State, th18, TASK, 0.340197, 0.341003, 0.000806, 0.000000, lapack_dtpmqrt
State, th18, TASK, 0.341007, 0.341798, 0.000791, 0.000000, lapack_dtpmqrt
State, th18, TASK, 0.341811, 0.342592, 0.000781, 0.000000, lapack_dtpmqrt
State, th18, TASK, 0.342596, 0.343385, 0.000788, 0.000000, lapack_dtpmqrt
State, th18, TASK, 0.343643, 0.344196, 0.000553, 0.000000, lapack_dtpqrt
State, th18, TASK, 0.344210, 0.344962, 0.000752, 0.000000, lapack_dtpmqrt
State, th18, TASK, 0.344971, 0.345741, 0.000770, 0.000000, lapack_dtpmqrt
State, th18, TASK, 0.345744, 0.346526, 0.000782, 0.000000, lapack_dtpmqrt
State, th18, TASK, 0.346530, 0.347298, 0.000768, 0.000000, lapack_dtpmqrt
State, th18, TASK, 0.347302, 0.348074, 0.000772, 0.000000, lapack_dtpmqrt
State, th18, TASK, 0.348078, 0.348849, 0.000771, 0.000000, lapack_dtpmqrt
State, th18, TASK, 0.348852, 0.349627, 0.000775, 0.000000, lapack_dtpmqrt
State, th18, TASK, 0.349631, 0.350409, 0.000778, 0.000000, lapack_dtpmqrt
State, th18, TASK, 0.350518, 0.351281, 0.000763, 0.000000, lapack_dtpmqrt
State, th18, TASK, 0.351286, 0.352034, 0.000748, 0.000000, lapack_dtpmqrt
State, th18, TASK, 0.352038, 0.352781, 0.000743, 0.000000, lapack_dtpmqrt
State, th18, TASK, 0.352784, 0.353524, 0.000740, 0.000000, lapack_dtpmqrt
State, th18, TASK, 0.353596, 0.354135, 0.000539, 0.000000, lapack_dtpqrt
State, th18, TASK, 0.354143, 0.354667, 0.000525, 0.000000, lapack_dtpqrt
State, th18, TASK, 0.354674, 0.355209, 0.000535, 0.000000, lapack_dtpqrt
State, th18, TASK, 0.355775, 0.356538, 0.000763, 0.000000, lapack_dtpmqrt
State, th18, TASK, 0.356542, 0.357310, 0.000768, 0.000000, lapack_dtpmqrt
State, th18, TASK, 0.357313, 0.358093, 0.000780, 0.000000, lapack_dtpmqrt
State, th18, TASK, 0.358096, 0.358890, 0.000793, 0.000000, lapack_dtpmqrt
State, th18, TASK, 0.358894, 0.359668, 0.000774, 0.000000, lapack_dtpmqrt
State, th18, TASK, 0.360277, 0.361045, 0.000768, 0.000000, lapack_dtpmqrt
State, th18, TASK, 0.361049, 0.361834, 0.000785, 0.000000, lapack_dtpmqrt
State, th18, TASK, 0.361838, 0.362611, 0.000773, 0.000000, lapack_dtpmqrt
State, th18, TASK, 0.362614, 0.363389, 0.000775, 0.000000, lapack_dtpmqrt
State, th18, TASK, 0.363393, 0.364190, 0.000797, 0.000000, lapack_dtpmqrt
State, th18, TASK, 0.364258, 0.364713, 0.000456, 0.000000, lapack_dlarfb
State, th18, TASK, 0.364992, 0.365535, 0.000543, 0.000000, lapack_dtpqrt
State, th18, TASK, 0.365550, 0.366336, 0.000786, 0.000000, lapack_dtpmqrt
State, th18, TASK, 0.366340, 0.367131, 0.000791, 0.000000, lapack_dtpmqrt
State, th18, TASK, 0.367135, 0.367921, 0.000787, 0.000000, lapack_dtpmqrt
State, th18, TASK, 0.367935, 0.368717, 0.000781, 0.000000, lapack_dtpmqrt
State, th18, TASK, 0.368736, 0.369536, 0.000801, 0.000000, lapack_dtpmqrt
State, th18, TASK, 0.369540, 0.370302, 0.000762, 0.000000, lapack_dtpmqrt
State, th18, TASK, 0.370699, 0.371475, 0.000776, 0.000000, lapack_dtpmqrt
State, th18, TASK, 0.372257, 0.373068, 0.000811, 0.000000, lapack_dtpmqrt
State, th18, TASK, 0.373613, 0.374398, 0.000785, 0.000000, lapack_dtpmqrt
State, th18, TASK, 0.375034, 0.375816, 0.000782, 0.000000, lapack_dtpmqrt
State, th17, TASK, 0.012291, 0.012984, 0.000693, 0.000000, lapack_dlarfb
State, th17, TASK, 0.014026, 0.015139, 0.001113, 0.000000, lapack_dtpmqrt
State, th17, TASK, 0.015146, 0.015965, 0.000820, 0.000000, lapack_dtpmqrt
State, th17, TASK, 0.015976, 0.016512, 0.000536, 0.000000, lapack_dtpqrt
State, th17, TASK, 0.016550, 0.017316, 0.000767, 0.000000, lapack_dtpmqrt
State, th17, TASK, 0.017320, 0.018091, 0.000770, 0.000000, lapack_dtpmqrt
State, th17, TASK, 0.018095, 0.018898, 0.000803, 0.000000, lapack_dtpmqrt
State, th17, TASK, 0.018903, 0.019674, 0.000771, 0.000000, lapack_dtpmqrt
State, th17, TASK, 0.019679, 0.020433, 0.000755, 0.000000, lapack_dtpmqrt
State, th17, TASK, 0.020441, 0.021245, 0.000804, 0.000000, lapack_dtpmqrt
State, th17, TASK, 0.021250, 0.022051, 0.000801, 0.000000, lapack_dtpmqrt
State, th17, TASK, 0.022056, 0.022863, 0.000807, 0.000000, lapack_dtpmqrt
State, th17, TASK, 0.022867, 0.023637, 0.000769, 0.000000, lapack_dtpmqrt
State, th17, TASK, 0.023641, 0.024385, 0.000744, 0.000000, lapack_dtpmqrt
State, th17, TASK, 0.024390, 0.025137, 0.000747, 0.000000, lapack_dtpmqrt
State, th17, TASK, 0.025141, 0.025880, 0.000739, 0.000000, lapack_dtpmqrt
State, th17, TASK, 0.025884, 0.026653, 0.000769, 0.000000, lapack_dtpmqrt
State, th17, TASK, 0.026659, 0.027211, 0.000551, 0.000000, lapack_dtpqrt
State, th17, TASK, 0.027227, 0.028001, 0.000774, 0.000000, lapack_dtpmqrt
State, th17, TASK, 0.028004, 0.028759, 0.000754, 0.000000, lapack_dtpmqrt
State, th17, TASK, 0.028762, 0.029506, 0.000744, 0.000000, lapack_dtpmqrt
State, th17, TASK, 0.029511, 0.030244, 0.000734, 0.000000, lapack_dtpmqrt
State, th17, TASK, 0.030248, 0.031011, 0.000763, 0.000000, lapack_dtpmqrt
State, th17, TASK, 0.031017, 0.031552, 0.000535, 0.000000, lapack_dtpqrt
State, th17, TASK, 0.031567, 0.032350, 0.000783, 0.000000, lapack_dtpmqrt
State, th17, TASK, 0.032354, 0.033098, 0.000744, 0.000000, lapack_dtpmqrt
State, th17, TASK, 0.033102, 0.033841, 0.000739, 0.000000, lapack_dtpmqrt
State, th17, TASK, 0.033845, 0.034603, 0.000758, 0.000000, lapack_dtpmqrt
State, th17, TASK, 0.034609, 0.035392, 0.000783, 0.000000, lapack_dtpmqrt
State, th17, TASK, 0.035397, 0.036147, 0.000749, 0.000000, lapack_dtpmqrt
State, th17, TASK, 0.036152, 0.036890, 0.000738, 0.000000, lapack_dtpmqrt
State, th17, TASK, 0.036893, 0.037662, 0.000768, 0.000000, lapack_dtpmqrt
State, th17, TASK, 0.037666, 0.038405, 0.000739, 0.000000, lapack_dtpmqrt
State, th17, TASK, 0.038410, 0.039146, 0.000737, 0.000000, lapack_dtpmqrt
State, th17, TASK, 0.039150, 0.039881, 0.000731, 0.000000, lapack_dtpmqrt
State, th17, TASK, 0.039885, 0.040654, 0.000770, 0.000000, lapack_dtpmqrt
State, th17, TASK, 0.040660, 0.041405, 0.000745, 0.000000, lapack_dtpmqrt
State, th17, TASK, 0.041409, 0.042155, 0.000746, 0.000000, lapack_dtpmqrt
State, th17, TASK, 0.042159, 0.042914, 0.000755, 0.000000, lapack_dtpmqrt
State, th17, TASK, 0.042919, 0.043665, 0.000746, 0.000000, lapack_dtpmqrt
State, th17, TASK, 0.043669, 0.044415, 0.000746, 0.000000, lapack_dtpmqrt
State, th17, TASK, 0.044421, 0.045174, 0.000753, 0.000000, lapack_dtpmqrt
State, th17, TASK, 0.045178, 0.045929, 0.000750, 0.000000, lapack_dtpmqrt
State, th17, TASK, 0.045933, 0.046685, 0.000752, 0.000000, lapack_dtpmqrt
State, th17, TASK, 0.046689, 0.047449, 0.000759, 0.000000, lapack_dtpmqrt
State, th17, TASK, 0.047453, 0.048204, 0.000751, 0.000000, lapack_dtpmqrt
State, th17, TASK, 0.048208, 0.048960, 0.000752, 0.000000, lapack_dtpmqrt
State, th17, TASK, 0.048964, 0.049714, 0.000750, 0.000000, lapack_dtpmqrt
State, th17, TASK, 0.049718, 0.050469, 0.000751, 0.000000, lapack_dtpmqrt
State, th17, TASK, 0.050473, 0.051234, 0.000761, 0.000000, lapack_dtpmqrt
State, th17, TASK, 0.051238, 0.051994, 0.000756, 0.000000, lapack_dtpmqrt
State, th17, TASK, 0.052000, 0.052764, 0.000764, 0.000000, lapack_dtpmqrt
State, th17, TASK, 0.052769, 0.053514, 0.000745, 0.000000, lapack_dtpmqrt
State, th17, TASK, 0.053520, 0.054070, 0.000550, 0.000000, lapack_dtpqrt
State, th17, TASK, 0.054086, 0.054616, 0.000530, 0.000000, lapack_dtpqrt
State, th17, TASK, 0.054629, 0.055182, 0.000552, 0.000000, lapack_dtpqrt
State, th17, TASK, 0.055199, 0.055936, 0.000736, 0.000000, lapack_dtpmqrt
State, th17, TASK, 0.055941, 0.056706, 0.000765, 0.000000, lapack_dtpmqrt
State, th17, TASK, 0.056711, 0.057484, 0.000773, 0.000000, lapack_dtpmqrt
State, th17, TASK, 0.057488, 0.058264, 0.000775, 0.000000, lapack_dtpmqrt
State, th17, TASK, 0.058268, 0.059050, 0.000783, 0.000000, lapack_dtpmqrt
State, th17, TASK, 0.059055, 0.059839, 0.000784, 0.000000, lapack_dtpmqrt
State, th17, TASK, 0.059843, 0.060616, 0.000773, 0.000000, lapack_dtpmqrt
State, th17, TASK, 0.060620, 0.061393, 0.000773, 0.000000, lapack_dtpmqrt
State, th17, TASK, 0.061398, 0.062170, 0.000772, 0.000000, lapack_dtpmqrt
State, th17, TASK, 0.062175, 0.062959, 0.000784, 0.000000, lapack_dtpmqrt
State, th17, TASK, 0.062964, 0.063730, 0.000766, 0.000000, lapack_dtpmqrt
State, th17, TASK, 0.063734, 0.064493, 0.000759, 0.000000, lapack_dtpmqrt
State, th17, TASK, 0.064497, 0.065260, 0.000762, 0.000000, lapack_dtpmqrt
State, th17, TASK, 0.065264, 0.066027, 0.000763, 0.000000, lapack_dtpmqrt
State, th17, TASK, 0.066031, 0.066800, 0.000769, 0.000000, lapack_dtpmqrt
State, th17, TASK, 0.066805, 0.067569, 0.000764, 0.000000, lapack_dtpmqrt
State, th17, TASK, 0.067574, 0.068324, 0.000750, 0.000000, lapack_dtpmqrt
State, th17, TASK, 0.068328, 0.069075, 0.000747, 0.000000, lapack_dtpmqrt
State, th17, TASK, 0.069079, 0.069825, 0.000746, 0.000000, lapack_dtpmqrt
State, th17, TASK, 0.069828, 0.070573, 0.000745, 0.000000, lapack_dtpmqrt
State, th17, TASK, 0.070577, 0.071330, 0.000754, 0.000000, lapack_dtpmqrt
State, th17, TASK, 0.071334, 0.072079, 0.000745, 0.000000, lapack_dtpmqrt
State, th17, TASK, 0.072083, 0.072827, 0.000745, 0.000000, lapack_dtpmqrt
State, th17, TASK, 0.072831, 0.073577, 0.000746, 0.000000, lapack_dtpmqrt
State, th17, TASK, 0.073581, 0.074330, 0.000749, 0.000000, lapack_dtpmqrt
State, th17, TASK, 0.074334, 0.075089, 0.000755, 0.000000, lapack_dtpmqrt
State, th17, TASK, 0.075094, 0.075842, 0.000749, 0.000000, lapack_dtpmqrt
State, th17, TASK, 0.075846, 0.076610, 0.000764, 0.000000, lapack_dtpmqrt
State, th17, TASK, 0.076614, 0.077363, 0.000749, 0.000000, lapack_dtpmqrt
State, th17, TASK, 0.077366, 0.078110, 0.000743, 0.000000, lapack_dtpmqrt
State, th17, TASK, 0.078114, 0.078858, 0.000744, 0.000000, lapack_dtpmqrt
State, th17, TASK, 0.078861, 0.079601, 0.000739, 0.000000, lapack_dtpmqrt
State, th17, TASK, 0.079606, 0.080378, 0.000772, 0.000000, lapack_dtpmqrt
State, th17, TASK, 0.080383, 0.081140, 0.000757, 0.000000, lapack_dtpmqrt
State, th17, TASK, 0.081144, 0.081903, 0.000759, 0.000000, lapack_dtpmqrt
State, th17, TASK, 0.081907, 0.082674, 0.000767, 0.000000, lapack_dtpmqrt
State, th17, TASK, 0.082679, 0.083442, 0.000764, 0.000000, lapack_dtpmqrt
State, th17, TASK, 0.083447, 0.084216, 0.000770, 0.000000, lapack_dtpmqrt
State, th17, TASK, 0.084220, 0.084995, 0.000775, 0.000000, lapack_dtpmqrt
State, th17, TASK, 0.084999, 0.085768, 0.000769, 0.000000, lapack_dtpmqrt
State, th17, TASK, 0.085773, 0.086542, 0.000769, 0.000000, lapack_dtpmqrt
State, th17, TASK, 0.086546, 0.087339, 0.000792, 0.000000, lapack_dtpmqrt
State, th17, TASK, 0.087343, 0.088121, 0.000778, 0.000000, lapack_dtpmqrt
State, th17, TASK, 0.088125, 0.088907, 0.000782, 0.000000, lapack_dtpmqrt
State, th17, TASK, 0.088911, 0.089682, 0.000771, 0.000000, lapack_dtpmqrt
State, th17, TASK, 0.089685, 0.090451, 0.000766, 0.000000, lapack_dtpmqrt
State, th17, TASK, 0.090455, 0.091231, 0.000776, 0.000000, lapack_dtpmqrt
State, th17, TASK, 0.091236, 0.092004, 0.000769, 0.000000, lapack_dtpmqrt
State, th17, TASK, 0.092010, 0.092769, 0.000759, 0.000000, lapack_dtpmqrt
State, th17, TASK, 0.092773, 0.093531, 0.000758, 0.000000, lapack_dtpmqrt
State, th17, TASK, 0.093535, 0.094296, 0.000761, 0.000000, lapack_dtpmqrt
State, th17, TASK, 0.094300, 0.095044, 0.000745, 0.000000, lapack_dtpmqrt
State, th17, TASK, 0.095049, 0.095804, 0.000755, 0.000000, lapack_dtpmqrt
State, th17, TASK, 0.095809, 0.096333, 0.000524, 0.000000, lapack_dtpqrt
State, th17, TASK, 0.096347, 0.097074, 0.000727, 0.000000, lapack_dtpmqrt
State, th17, TASK, 0.097077, 0.097602, 0.000525, 0.000000, lapack_dtpqrt
State, th17, TASK, 0.097616, 0.098351, 0.000735, 0.000000, lapack_dtpmqrt
State, th17, TASK, 0.098356, 0.098888, 0.000533, 0.000000, lapack_dtpqrt
State, th17, TASK, 0.098902, 0.099634, 0.000732, 0.000000, lapack_dtpmqrt
State, th17, TASK, 0.099638, 0.100364, 0.000726, 0.000000, lapack_dtpmqrt
State, th17, TASK, 0.100367, 0.101127, 0.000760, 0.000000, lapack_dtpmqrt
State, th17, TASK, 0.101131, 0.101664, 0.000534, 0.000000, lapack_dtpqrt
State, th17, TASK, 0.101679, 0.102415, 0.000736, 0.000000, lapack_dtpmqrt
State, th17, TASK, 0.102419, 0.103226, 0.000808, 0.000000, lapack_dtpmqrt
State, th17, TASK, 0.103232, 0.103978, 0.000746, 0.000000, lapack_dtpmqrt
State, th17, TASK, 0.103981, 0.104726, 0.000745, 0.000000, lapack_dtpmqrt
State, th17, TASK, 0.104730, 0.105486, 0.000756, 0.000000, lapack_dtpmqrt
State, th17, TASK, 0.105489, 0.106251, 0.000761, 0.000000, lapack_dtpmqrt
State, th17, TASK, 0.106254, 0.107048, 0.000794, 0.000000, lapack_dtpmqrt
State, th17, TASK, 0.107052, 0.107821, 0.000769, 0.000000, lapack_dtpmqrt
State, th17, TASK, 0.107825, 0.108577, 0.000752, 0.000000, lapack_dtpmqrt
State, th17, TASK, 0.108580, 0.109349, 0.000769, 0.000000, lapack_dtpmqrt
State, th17, TASK, 0.109353, 0.110109, 0.000756, 0.000000, lapack_dtpmqrt
State, th17, TASK, 0.110114, 0.110869, 0.000756, 0.000000, lapack_dtpmqrt
State, th17, TASK, 0.110880, 0.111625, 0.000745, 0.000000, lapack_dtpmqrt
State, th17, TASK, 0.111629, 0.112386, 0.000757, 0.000000, lapack_dtpmqrt
State, th17, TASK, 0.112390, 0.113149, 0.000759, 0.000000, lapack_dtpmqrt
State, th17, TASK, 0.113153, 0.113926, 0.000773, 0.000000, lapack_dtpmqrt
State, th17, TASK, 0.113930, 0.114683, 0.000753, 0.000000, lapack_dtpmqrt
State, th17, TASK, 0.114687, 0.115443, 0.000757, 0.000000, lapack_dtpmqrt
State, th17, TASK, 0.115448, 0.116206, 0.000759, 0.000000, lapack_dtpmqrt
State, th17, TASK, 0.116210, 0.116967, 0.000757, 0.000000, lapack_dtpmqrt
State, th17, TASK, 0.116971, 0.117729, 0.000757, 0.000000, lapack_dtpmqrt
State, th17, TASK, 0.117733, 0.118491, 0.000759, 0.000000, lapack_dtpmqrt
State, th17, TASK, 0.118495, 0.119267, 0.000772, 0.000000, lapack_dtpmqrt
State, th17, TASK, 0.119272, 0.120036, 0.000764, 0.000000, lapack_dtpmqrt
State, th17, TASK, 0.120040, 0.120816, 0.000776, 0.000000, lapack_dtpmqrt
State, th17, TASK, 0.120819, 0.121585, 0.000766, 0.000000, lapack_dtpmqrt
State, th17, TASK, 0.121590, 0.122348, 0.000758, 0.000000, lapack_dtpmqrt
State, th17, TASK, 0.122353, 0.123098, 0.000745, 0.000000, lapack_dtpmqrt
State, th17, TASK, 0.123103, 0.123842, 0.000739, 0.000000, lapack_dtpmqrt
State, th17, TASK, 0.123845, 0.124596, 0.000751, 0.000000, lapack_dtpmqrt
State, th17, TASK, 0.124599, 0.125349, 0.000750, 0.000000, lapack_dtpmqrt
State, th17, TASK, 0.125354, 0.126105, 0.000751, 0.000000, lapack_dtpmqrt
State, th17, TASK, 0.126108, 0.126859, 0.000751, 0.000000, lapack_dtpmqrt
State, th17, TASK, 0.126863, 0.127626, 0.000763, 0.000000, lapack_dtpmqrt
State, th17, TASK, 0.127632, 0.128179, 0.000547, 0.000000, lapack_dtpqrt
State, th17, TASK, 0.128197, 0.128960, 0.000763, 0.000000, lapack_dtpmqrt
State, th17, TASK, 0.128963, 0.129760, 0.000796, 0.000000, lapack_dtpmqrt
State, th17, TASK, 0.129764, 0.130571, 0.000807, 0.000000, lapack_dtpmqrt
State, th17, TASK, 0.130575, 0.131398, 0.000823, 0.000000, lapack_dtpmqrt
State, th17, TASK, 0.131402, 0.132197, 0.000795, 0.000000, lapack_dtpmqrt
State, th17, TASK, 0.132200, 0.132981, 0.000780, 0.000000, lapack_dtpmqrt
State, th17, TASK, 0.132984, 0.133751, 0.000767, 0.000000, lapack_dtpmqrt
State, th17, TASK, 0.133755, 0.134525, 0.000769, 0.000000, lapack_dtpmqrt
State, th17, TASK, 0.134529, 0.135306, 0.000777, 0.000000, lapack_dtpmqrt
State, th17, TASK, 0.135311, 0.136088, 0.000777, 0.000000, lapack_dtpmqrt
State, th17, TASK, 0.136092, 0.136873, 0.000780, 0.000000, lapack_dtpmqrt
State, th17, TASK, 0.136876, 0.137643, 0.000767, 0.000000, lapack_dtpmqrt
State, th17, TASK, 0.137647, 0.138417, 0.000770, 0.000000, lapack_dtpmqrt
State, th17, TASK, 0.138421, 0.139198, 0.000777, 0.000000, lapack_dtpmqrt
State, th17, TASK, 0.139202, 0.139970, 0.000767, 0.000000, lapack_dtpmqrt
State, th17, TASK, 0.139974, 0.140755, 0.000781, 0.000000, lapack_dtpmqrt
State, th17, TASK, 0.140759, 0.141516, 0.000758, 0.000000, lapack_dtpmqrt
State, th17, TASK, 0.141520, 0.142271, 0.000751, 0.000000, lapack_dtpmqrt
State, th17, TASK, 0.142275, 0.143035, 0.000760, 0.000000, lapack_dtpmqrt
State, th17, TASK, 0.143040, 0.143803, 0.000763, 0.000000, lapack_dtpmqrt
State, th17, TASK, 0.143806, 0.144574, 0.000767, 0.000000, lapack_dtpmqrt
State, th17, TASK, 0.144577, 0.145344, 0.000767, 0.000000, lapack_dtpmqrt
State, th17, TASK, 0.145348, 0.146114, 0.000766, 0.000000, lapack_dtpmqrt
State, th17, TASK, 0.146117, 0.146681, 0.000564, 0.000000, lapack_dtpqrt
State, th17, TASK, 0.146695, 0.147463, 0.000769, 0.000000, lapack_dtpmqrt
State, th17, TASK, 0.147468, 0.148215, 0.000747, 0.000000, lapack_dtpmqrt
State, th17, TASK, 0.148219, 0.148972, 0.000753, 0.000000, lapack_dtpmqrt
State, th17, TASK, 0.148975, 0.149729, 0.000753, 0.000000, lapack_dtpmqrt
State, th17, TASK, 0.149733, 0.150488, 0.000755, 0.000000, lapack_dtpmqrt
State, th17, TASK, 0.150492, 0.151257, 0.000765, 0.000000, lapack_dtpmqrt
State, th17, TASK, 0.151261, 0.152031, 0.000770, 0.000000, lapack_dtpmqrt
State, th17, TASK, 0.152035, 0.152805, 0.000770, 0.000000, lapack_dtpmqrt
State, th17, TASK, 0.152808, 0.153577, 0.000768, 0.000000, lapack_dtpmqrt
State, th17, TASK, 0.153581, 0.154341, 0.000760, 0.000000, lapack_dtpmqrt
State, th17, TASK, 0.154346, 0.155108, 0.000763, 0.000000, lapack_dtpmqrt
State, th17, TASK, 0.155113, 0.155878, 0.000765, 0.000000, lapack_dtpmqrt
State, th17, TASK, 0.155882, 0.156650, 0.000769, 0.000000, lapack_dtpmqrt
State, th17, TASK, 0.156654, 0.157416, 0.000762, 0.000000, lapack_dtpmqrt
State, th17, TASK, 0.157420, 0.158181, 0.000761, 0.000000, lapack_dtpmqrt
State, th17, TASK, 0.158184, 0.158962, 0.000778, 0.000000, lapack_dtpmqrt
State, th17, TASK, 0.158967, 0.159727, 0.000761, 0.000000, lapack_dtpmqrt
State, th17, TASK, 0.159731, 0.160491, 0.000760, 0.000000, lapack_dtpmqrt
State, th17, TASK, 0.160495, 0.161257, 0.000762, 0.000000, lapack_dtpmqrt
State, th17, TASK, 0.161260, 0.162019, 0.000759, 0.000000, lapack_dtpmqrt
State, th17, TASK, 0.162023, 0.162782, 0.000760, 0.000000, lapack_dtpmqrt
State, th17, TASK, 0.162786, 0.163554, 0.000768, 0.000000, lapack_dtpmqrt
State, th17, TASK, 0.163559, 0.164324, 0.000765, 0.000000, lapack_dtpmqrt
State, th17, TASK, 0.164329, 0.165100, 0.000772, 0.000000, lapack_dtpmqrt
State, th17, TASK, 0.165104, 0.165877, 0.000773, 0.000000, lapack_dtpmqrt
State, th17, TASK, 0.165881, 0.166646, 0.000766, 0.000000, lapack_dtpmqrt
State, th17, TASK, 0.166650, 0.167422, 0.000772, 0.000000, lapack_dtpmqrt
State, th17, TASK, 0.167426, 0.168194, 0.000767, 0.000000, lapack_dtpmqrt
State, th17, TASK, 0.168197, 0.168965, 0.000767, 0.000000, lapack_dtpmqrt
State, th17, TASK, 0.168969, 0.169742, 0.000773, 0.000000, lapack_dtpmqrt
State, th17, TASK, 0.169746, 0.170517, 0.000770, 0.000000, lapack_dtpmqrt
State, th17, TASK, 0.170806, 0.171576, 0.000769, 0.000000, lapack_dtpmqrt
State, th17, TASK, 0.171581, 0.172339, 0.000759, 0.000000, lapack_dtpmqrt
State, th17, TASK, 0.172343, 0.173101, 0.000758, 0.000000, lapack_dtpmqrt
State, th17, TASK, 0.173104, 0.173863, 0.000759, 0.000000, lapack_dtpmqrt
State, th17, TASK, 0.173867, 0.174628, 0.000761, 0.000000, lapack_dtpmqrt
State, th17, TASK, 0.174631, 0.175397, 0.000766, 0.000000, lapack_dtpmqrt
State, th17, TASK, 0.175402, 0.176162, 0.000760, 0.000000, lapack_dtpmqrt
State, th17, TASK, 0.176166, 0.176928, 0.000762, 0.000000, lapack_dtpmqrt
State, th17, TASK, 0.176931, 0.177695, 0.000763, 0.000000, lapack_dtpmqrt
State, th17, TASK, 0.177698, 0.178459, 0.000761, 0.000000, lapack_dtpmqrt
State, th17, TASK, 0.178463, 0.179228, 0.000765, 0.000000, lapack_dtpmqrt
State, th17, TASK, 0.179233, 0.179994, 0.000761, 0.000000, lapack_dtpmqrt
State, th17, TASK, 0.179997, 0.180757, 0.000760, 0.000000, lapack_dtpmqrt
State, th17, TASK, 0.180761, 0.181520, 0.000760, 0.000000, lapack_dtpmqrt
State, th17, TASK, 0.181524, 0.182287, 0.000762, 0.000000, lapack_dtpmqrt
State, th17, TASK, 0.182291, 0.183061, 0.000770, 0.000000, lapack_dtpmqrt
State, th17, TASK, 0.183064, 0.183829, 0.000764, 0.000000, lapack_dtpmqrt
State, th17, TASK, 0.183833, 0.184596, 0.000764, 0.000000, lapack_dtpmqrt
State, th17, TASK, 0.184600, 0.185366, 0.000766, 0.000000, lapack_dtpmqrt
State, th17, TASK, 0.185370, 0.186138, 0.000768, 0.000000, lapack_dtpmqrt
State, th17, TASK, 0.186145, 0.186906, 0.000761, 0.000000, lapack_dtpmqrt
State, th17, TASK, 0.186910, 0.187654, 0.000744, 0.000000, lapack_dtpmqrt
State, th17, TASK, 0.187658, 0.188412, 0.000755, 0.000000, lapack_dtpmqrt
State, th17, TASK, 0.188416, 0.189169, 0.000752, 0.000000, lapack_dtpmqrt
State, th17, TASK, 0.189173, 0.189925, 0.000752, 0.000000, lapack_dtpmqrt
State, th17, TASK, 0.189929, 0.190676, 0.000747, 0.000000, lapack_dtpmqrt
State, th17, TASK, 0.190699, 0.191498, 0.000799, 0.000000, lapack_dtpmqrt
State, th17, TASK, 0.191502, 0.192288, 0.000786, 0.000000, lapack_dtpmqrt
State, th17, TASK, 0.192291, 0.193078, 0.000787, 0.000000, lapack_dtpmqrt
State, th17, TASK, 0.193082, 0.193851, 0.000770, 0.000000, lapack_dtpmqrt
State, th17, TASK, 0.193855, 0.194623, 0.000767, 0.000000, lapack_dtpmqrt
State, th17, TASK, 0.194723, 0.195478, 0.000755, 0.000000, lapack_dtpmqrt
State, th17, TASK, 0.195483, 0.196231, 0.000748, 0.000000, lapack_dtpmqrt
State, th17, TASK, 0.196235, 0.196983, 0.000748, 0.000000, lapack_dtpmqrt
State, th17, TASK, 0.196987, 0.197736, 0.000749, 0.000000, lapack_dtpmqrt
State, th17, TASK, 0.197740, 0.198490, 0.000750, 0.000000, lapack_dtpmqrt
State, th17, TASK, 0.198493, 0.199247, 0.000753, 0.000000, lapack_dtpmqrt
State, th17, TASK, 0.199251, 0.199999, 0.000748, 0.000000, lapack_dtpmqrt
State, th17, TASK, 0.200003, 0.200750, 0.000747, 0.000000, lapack_dtpmqrt
State, th17, TASK, 0.200754, 0.201500, 0.000746, 0.000000, lapack_dtpmqrt
State, th17, TASK, 0.201504, 0.202253, 0.000749, 0.000000, lapack_dtpmqrt
State, th17, TASK, 0.202257, 0.203006, 0.000749, 0.000000, lapack_dtpmqrt
State, th17, TASK, 0.203010, 0.203761, 0.000751, 0.000000, lapack_dtpmqrt
State, th17, TASK, 0.203765, 0.204517, 0.000751, 0.000000, lapack_dtpmqrt
State, th17, TASK, 0.204521, 0.205264, 0.000744, 0.000000, lapack_dtpmqrt
State, th17, TASK, 0.205268, 0.206012, 0.000744, 0.000000, lapack_dtpmqrt
State, th17, TASK, 0.206016, 0.206765, 0.000749, 0.000000, lapack_dtpmqrt
State, th17, TASK, 0.206769, 0.207526, 0.000757, 0.000000, lapack_dtpmqrt
State, th17, TASK, 0.207531, 0.208284, 0.000753, 0.000000, lapack_dtpmqrt
State, th17, TASK, 0.208288, 0.209038, 0.000750, 0.000000, lapack_dtpmqrt
State, th17, TASK, 0.209043, 0.209791, 0.000748, 0.000000, lapack_dtpmqrt
State, th17, TASK, 0.209795, 0.210546, 0.000751, 0.000000, lapack_dtpmqrt
State, th17, TASK, 0.210549, 0.211309, 0.000760, 0.000000, lapack_dtpmqrt
State, th17, TASK, 0.211313, 0.212063, 0.000750, 0.000000, lapack_dtpmqrt
State, th17, TASK, 0.212067, 0.212817, 0.000750, 0.000000, lapack_dtpmqrt
State, th17, TASK, 0.212820, 0.213568, 0.000747, 0.000000, lapack_dtpmqrt
State, th17, TASK, 0.213572, 0.214321, 0.000750, 0.000000, lapack_dtpmqrt
State, th17, TASK, 0.214325, 0.215098, 0.000773, 0.000000, lapack_dtpmqrt
State, th17, TASK, 0.215102, 0.215866, 0.000763, 0.000000, lapack_dtpmqrt
State, th17, TASK, 0.216345, 0.217170, 0.000825, 0.000000, lapack_dtpmqrt
State, th17, TASK, 0.217174, 0.217976, 0.000802, 0.000000, lapack_dtpmqrt
State, th17, TASK, 0.217979, 0.218798, 0.000819, 0.000000, lapack_dtpmqrt
State, th17, TASK, 0.218802, 0.219619, 0.000817, 0.000000, lapack_dtpmqrt
State, th17, TASK, 0.219623, 0.220423, 0.000800, 0.000000, lapack_dtpmqrt
State, th17, TASK, 0.220428, 0.221229, 0.000801, 0.000000, lapack_dtpmqrt
State, th17, TASK, 0.221233, 0.222039, 0.000806, 0.000000, lapack_dtpmqrt
State, th17, TASK, 0.222043, 0.222833, 0.000790, 0.000000, lapack_dtpmqrt
State, th17, TASK, 0.222838, 0.223632, 0.000795, 0.000000, lapack_dtpmqrt
State, th17, TASK, 0.223636, 0.224430, 0.000793, 0.000000, lapack_dtpmqrt
State, th17, TASK, 0.224434, 0.225228, 0.000794, 0.000000, lapack_dtpmqrt
State, th17, TASK, 0.225231, 0.226021, 0.000789, 0.000000, lapack_dtpmqrt
State, th17, TASK, 0.226024, 0.226813, 0.000788, 0.000000, lapack_dtpmqrt
State, th17, TASK, 0.226818, 0.227597, 0.000780, 0.000000, lapack_dtpmqrt
State, th17, TASK, 0.227601, 0.228378, 0.000777, 0.000000, lapack_dtpmqrt
State, th17, TASK, 0.228383, 0.229163, 0.000780, 0.000000, lapack_dtpmqrt
State, th17, TASK, 0.229167, 0.229946, 0.000778, 0.000000, lapack_dtpmqrt
State, th17, TASK, 0.229949, 0.230748, 0.000798, 0.000000, lapack_dtpmqrt
State, th17, TASK, 0.230752, 0.231554, 0.000802, 0.000000, lapack_dtpmqrt
State, th17, TASK, 0.231558, 0.232328, 0.000770, 0.000000, lapack_dtpmqrt
State, th17, TASK, 0.232331, 0.233106, 0.000775, 0.000000, lapack_dtpmqrt
State, th17, TASK, 0.233110, 0.233886, 0.000776, 0.000000, lapack_dtpmqrt
State, th17, TASK, 0.233891, 0.234679, 0.000788, 0.000000, lapack_dtpmqrt
State, th17, TASK, 0.234957, 0.235512, 0.000555, 0.000000, lapack_dtpqrt
State, th17, TASK, 0.235541, 0.236333, 0.000792, 0.000000, lapack_dtpmqrt
State, th17, TASK, 0.236337, 0.237101, 0.000764, 0.000000, lapack_dtpmqrt
State, th17, TASK, 0.237105, 0.237869, 0.000764, 0.000000, lapack_dtpmqrt
State, th17, TASK, 0.237873, 0.238649, 0.000776, 0.000000, lapack_dtpmqrt
State, th17, TASK, 0.238653, 0.239425, 0.000772, 0.000000, lapack_dtpmqrt
State, th17, TASK, 0.239429, 0.240200, 0.000771, 0.000000, lapack_dtpmqrt
State, th17, TASK, 0.240204, 0.240963, 0.000760, 0.000000, lapack_dtpmqrt
State, th17, TASK, 0.240968, 0.241726, 0.000759, 0.000000, lapack_dtpmqrt
State, th17, TASK, 0.241730, 0.242487, 0.000757, 0.000000, lapack_dtpmqrt
State, th17, TASK, 0.242490, 0.243250, 0.000760, 0.000000, lapack_dtpmqrt
State, th17, TASK, 0.243255, 0.244030, 0.000775, 0.000000, lapack_dtpmqrt
State, th17, TASK, 0.244034, 0.244781, 0.000748, 0.000000, lapack_dtpmqrt
State, th17, TASK, 0.244785, 0.245536, 0.000751, 0.000000, lapack_dtpmqrt
State, th17, TASK, 0.245540, 0.246291, 0.000752, 0.000000, lapack_dtpmqrt
State, th17, TASK, 0.246295, 0.247056, 0.000760, 0.000000, lapack_dtpmqrt
State, th17, TASK, 0.247059, 0.247815, 0.000755, 0.000000, lapack_dtpmqrt
State, th17, TASK, 0.247819, 0.248578, 0.000759, 0.000000, lapack_dtpmqrt
State, th17, TASK, 0.248582, 0.249335, 0.000753, 0.000000, lapack_dtpmqrt
State, th17, TASK, 0.249339, 0.250090, 0.000751, 0.000000, lapack_dtpmqrt
State, th17, TASK, 0.250093, 0.250849, 0.000756, 0.000000, lapack_dtpmqrt
State, th17, TASK, 0.250854, 0.251615, 0.000760, 0.000000, lapack_dtpmqrt
State, th17, TASK, 0.251619, 0.252373, 0.000754, 0.000000, lapack_dtpmqrt
State, th17, TASK, 0.252381, 0.253135, 0.000754, 0.000000, lapack_dtpmqrt
State, th17, TASK, 0.253139, 0.253884, 0.000745, 0.000000, lapack_dtpmqrt
State, th17, TASK, 0.253887, 0.254655, 0.000768, 0.000000, lapack_dtpmqrt
State, th17, TASK, 0.254659, 0.255427, 0.000767, 0.000000, lapack_dtpmqrt
State, th17, TASK, 0.255432, 0.256198, 0.000766, 0.000000, lapack_dtpmqrt
State, th17, TASK, 0.256202, 0.256960, 0.000757, 0.000000, lapack_dtpmqrt
State, th17, TASK, 0.256964, 0.257728, 0.000763, 0.000000, lapack_dtpmqrt
State, th17, TASK, 0.257731, 0.258501, 0.000769, 0.000000, lapack_dtpmqrt
State, th17, TASK, 0.258505, 0.259273, 0.000769, 0.000000, lapack_dtpmqrt
State, th17, TASK, 0.259278, 0.260039, 0.000761, 0.000000, lapack_dtpmqrt
State, th17, TASK, 0.260044, 0.260803, 0.000759, 0.000000, lapack_dtpmqrt
State, th17, TASK, 0.260807, 0.261570, 0.000763, 0.000000, lapack_dtpmqrt
State, th17, TASK, 0.261609, 0.262374, 0.000765, 0.000000, lapack_dtpmqrt
State, th17, TASK, 0.262378, 0.263147, 0.000770, 0.000000, lapack_dtpmqrt
State, th17, TASK, 0.263152, 0.263910, 0.000759, 0.000000, lapack_dtpmqrt
State, th17, TASK, 0.263914, 0.264674, 0.000760, 0.000000, lapack_dtpmqrt
State, th17, TASK, 0.264678, 0.265448, 0.000770, 0.000000, lapack_dtpmqrt
State, th17, TASK, 0.265451, 0.266232, 0.000781, 0.000000, lapack_dtpmqrt
State, th17, TASK, 0.266236, 0.267015, 0.000779, 0.000000, lapack_dtpmqrt
State, th17, TASK, 0.267020, 0.267786, 0.000766, 0.000000, lapack_dtpmqrt
State, th17, TASK, 0.267790, 0.268554, 0.000765, 0.000000, lapack_dtpmqrt
State, th17, TASK, 0.268558, 0.269347, 0.000790, 0.000000, lapack_dtpmqrt
State, th17, TASK, 0.269351, 0.270118, 0.000767, 0.000000, lapack_dtpmqrt
State, th17, TASK, 0.270122, 0.270893, 0.000771, 0.000000, lapack_dtpmqrt
State, th17, TASK, 0.270898, 0.271667, 0.000769, 0.000000, lapack_dtpmqrt
State, th17, TASK, 0.271671, 0.272431, 0.000760, 0.000000, lapack_dtpmqrt
State, th17, TASK, 0.272435, 0.273191, 0.000756, 0.000000, lapack_dtpmqrt
State, th17, TASK, 0.273196, 0.273954, 0.000758, 0.000000, lapack_dtpmqrt
State, th17, TASK, 0.273958, 0.274726, 0.000768, 0.000000, lapack_dtpmqrt
State, th17, TASK, 0.274730, 0.275493, 0.000763, 0.000000, lapack_dtpmqrt
State, th17, TASK, 0.275497, 0.276250, 0.000754, 0.000000, lapack_dtpmqrt
State, th17, TASK, 0.276254, 0.277016, 0.000762, 0.000000, lapack_dtpmqrt
State, th17, TASK, 0.277020, 0.277777, 0.000758, 0.000000, lapack_dtpmqrt
State, th17, TASK, 0.277781, 0.278544, 0.000762, 0.000000, lapack_dtpmqrt
State, th17, TASK, 0.278708, 0.279485, 0.000777, 0.000000, lapack_dtpmqrt
State, th17, TASK, 0.279490, 0.280247, 0.000757, 0.000000, lapack_dtpmqrt
State, th17, TASK, 0.280251, 0.281009, 0.000758, 0.000000, lapack_dtpmqrt
State, th17, TASK, 0.281012, 0.281771, 0.000758, 0.000000, lapack_dtpmqrt
State, th17, TASK, 0.281775, 0.282537, 0.000762, 0.000000, lapack_dtpmqrt
State, th17, TASK, 0.282541, 0.283312, 0.000772, 0.000000, lapack_dtpmqrt
State, th17, TASK, 0.283318, 0.284068, 0.000750, 0.000000, lapack_dtpmqrt
State, th17, TASK, 0.284072, 0.284832, 0.000761, 0.000000, lapack_dtpmqrt
State, th17, TASK, 0.284836, 0.285596, 0.000761, 0.000000, lapack_dtpmqrt
State, th17, TASK, 0.285601, 0.286366, 0.000766, 0.000000, lapack_dtpmqrt
State, th17, TASK, 0.286394, 0.287165, 0.000771, 0.000000, lapack_dtpmqrt
State, th17, TASK, 0.287169, 0.287936, 0.000767, 0.000000, lapack_dtpmqrt
State, th17, TASK, 0.287939, 0.288708, 0.000769, 0.000000, lapack_dtpmqrt
State, th17, TASK, 0.288712, 0.289482, 0.000770, 0.000000, lapack_dtpmqrt
State, th17, TASK, 0.289486, 0.290255, 0.000768, 0.000000, lapack_dtpmqrt
State, th17, TASK, 0.290269, 0.291050, 0.000781, 0.000000, lapack_dtpmqrt
State, th17, TASK, 0.291054, 0.291828, 0.000774, 0.000000, lapack_dtpmqrt
State, th17, TASK, 0.291832, 0.292595, 0.000764, 0.000000, lapack_dtpmqrt
State, th17, TASK, 0.292599, 0.293366, 0.000767, 0.000000, lapack_dtpmqrt
State, th17, TASK, 0.293370, 0.294138, 0.000768, 0.000000, lapack_dtpmqrt
State, th17, TASK, 0.294142, 0.294912, 0.000770, 0.000000, lapack_dtpmqrt
State, th17, TASK, 0.294916, 0.295679, 0.000763, 0.000000, lapack_dtpmqrt
State, th17, TASK, 0.295684, 0.296454, 0.000770, 0.000000, lapack_dtpmqrt
State, th17, TASK, 0.296458, 0.297223, 0.000765, 0.000000, lapack_dtpmqrt
State, th17, TASK, 0.297227, 0.297995, 0.000768, 0.000000, lapack_dtpmqrt
State, th17, TASK, 0.297999, 0.298765, 0.000766, 0.000000, lapack_dtpmqrt
State, th17, TASK, 0.298772, 0.299541, 0.000769, 0.000000, lapack_dtpmqrt
State, th17, TASK, 0.299545, 0.300292, 0.000748, 0.000000, lapack_dtpmqrt
State, th17, TASK, 0.300297, 0.301046, 0.000750, 0.000000, lapack_dtpmqrt
State, th17, TASK, 0.301050, 0.301801, 0.000751, 0.000000, lapack_dtpmqrt
State, th17, TASK, 0.302084, 0.302871, 0.000788, 0.000000, lapack_dtpmqrt
State, th17, TASK, 0.302881, 0.303655, 0.000775, 0.000000, lapack_dtpmqrt
State, th17, TASK, 0.303660, 0.304433, 0.000773, 0.000000, lapack_dtpmqrt
State, th17, TASK, 0.304440, 0.305208, 0.000768, 0.000000, lapack_dtpmqrt
State, th17, TASK, 0.305212, 0.305971, 0.000759, 0.000000, lapack_dtpmqrt
State, th17, TASK, 0.305975, 0.306740, 0.000765, 0.000000, lapack_dtpmqrt
State, th17, TASK, 0.306744, 0.307525, 0.000781, 0.000000, lapack_dtpmqrt
State, th17, TASK, 0.307529, 0.308273, 0.000744, 0.000000, lapack_dtpmqrt
State, th17, TASK, 0.308277, 0.309030, 0.000753, 0.000000, lapack_dtpmqrt
State, th17, TASK, 0.309033, 0.309794, 0.000761, 0.000000, lapack_dtpmqrt
State, th17, TASK, 0.309798, 0.310558, 0.000761, 0.000000, lapack_dtpmqrt
State, th17, TASK, 0.310562, 0.311322, 0.000760, 0.000000, lapack_dtpmqrt
State, th17, TASK, 0.311327, 0.312076, 0.000749, 0.000000, lapack_dtpmqrt
State, th17, TASK, 0.312080, 0.312833, 0.000752, 0.000000, lapack_dtpmqrt
State, th17, TASK, 0.312836, 0.313579, 0.000743, 0.000000, lapack_dtpmqrt
State, th17, TASK, 0.313843, 0.314612, 0.000770, 0.000000, lapack_dtpmqrt
State, th17, TASK, 0.314617, 0.315375, 0.000758, 0.000000, lapack_dtpmqrt
State, th17, TASK, 0.315379, 0.316133, 0.000754, 0.000000, lapack_dtpmqrt
State, th17, TASK, 0.316136, 0.316891, 0.000755, 0.000000, lapack_dtpmqrt
State, th17, TASK, 0.316895, 0.317650, 0.000756, 0.000000, lapack_dtpmqrt
State, th17, TASK, 0.317657, 0.318434, 0.000777, 0.000000, lapack_dtpmqrt
State, th17, TASK, 0.318438, 0.319204, 0.000767, 0.000000, lapack_dtpmqrt
State, th17, TASK, 0.319208, 0.319969, 0.000761, 0.000000, lapack_dtpmqrt
State, th17, TASK, 0.319972, 0.320736, 0.000763, 0.000000, lapack_dtpmqrt
State, th17, TASK, 0.320933, 0.321711, 0.000778, 0.000000, lapack_dtpmqrt
State, th17, TASK, 0.321715, 0.322493, 0.000779, 0.000000, lapack_dtpmqrt
State, th17, TASK, 0.322498, 0.323283, 0.000785, 0.000000, lapack_dtpmqrt
State, th17, TASK, 0.323292, 0.324081, 0.000789, 0.000000, lapack_dtpmqrt
State, th17, TASK, 0.324085, 0.324864, 0.000779, 0.000000, lapack_dtpmqrt
State, th17, TASK, 0.324868, 0.325641, 0.000773, 0.000000, lapack_dtpmqrt
State, th17, TASK, 0.325645, 0.326418, 0.000773, 0.000000, lapack_dtpmqrt
State, th17, TASK, 0.326423, 0.327200, 0.000776, 0.000000, lapack_dtpmqrt
State, th17, TASK, 0.327204, 0.327960, 0.000756, 0.000000, lapack_dtpmqrt
State, th17, TASK, 0.327964, 0.328719, 0.000755, 0.000000, lapack_dtpmqrt
State, th17, TASK, 0.328723, 0.329482, 0.000759, 0.000000, lapack_dtpmqrt
State, th17, TASK, 0.329486, 0.330247, 0.000761, 0.000000, lapack_dtpmqrt
State, th17, TASK, 0.330251, 0.331012, 0.000762, 0.000000, lapack_dtpmqrt
State, th17, TASK, 0.331017, 0.331777, 0.000760, 0.000000, lapack_dtpmqrt
State, th17, TASK, 0.331781, 0.332546, 0.000764, 0.000000, lapack_dtpmqrt
State, th17, TASK, 0.332549, 0.333313, 0.000764, 0.000000, lapack_dtpmqrt
State, th17, TASK, 0.333317, 0.334081, 0.000764, 0.000000, lapack_dtpmqrt
State, th17, TASK, 0.334085, 0.334843, 0.000758, 0.000000, lapack_dtpmqrt
State, th17, TASK, 0.334846, 0.335616, 0.000770, 0.000000, lapack_dtpmqrt
State, th17, TASK, 0.335620, 0.336383, 0.000762, 0.000000, lapack_dtpmqrt
State, th17, TASK, 0.336387, 0.337148, 0.000761, 0.000000, lapack_dtpmqrt
State, th17, TASK, 0.337152, 0.337919, 0.000768, 0.000000, lapack_dtpmqrt
State, th17, TASK, 0.337923, 0.338395, 0.000472, 0.000000, lapack_dlarfb
State, th17, TASK, 0.338579, 0.339125, 0.000546, 0.000000, lapack_dtpqrt
State, th17, TASK, 0.339147, 0.339937, 0.000790, 0.000000, lapack_dtpmqrt
State, th17, TASK, 0.339941, 0.340711, 0.000770, 0.000000, lapack_dtpmqrt
State, th17, TASK, 0.340715, 0.341490, 0.000775, 0.000000, lapack_dtpmqrt
State, th17, TASK, 0.341494, 0.342267, 0.000773, 0.000000, lapack_dtpmqrt
State, th17, TASK, 0.342271, 0.343042, 0.000771, 0.000000, lapack_dtpmqrt
State, th17, TASK, 0.343046, 0.343821, 0.000775, 0.000000, lapack_dtpmqrt
State, th17, TASK, 0.344201, 0.344975, 0.000774, 0.000000, lapack_dtpmqrt
State, th17, TASK, 0.344978, 0.345753, 0.000775, 0.000000, lapack_dtpmqrt
State, th17, TASK, 0.345757, 0.346521, 0.000764, 0.000000, lapack_dtpmqrt
State, th17, TASK, 0.346525, 0.347308, 0.000783, 0.000000, lapack_dtpmqrt
State, th17, TASK, 0.347313, 0.348080, 0.000767, 0.000000, lapack_dtpmqrt
State, th17, TASK, 0.348083, 0.348858, 0.000775, 0.000000, lapack_dtpmqrt
State, th17, TASK, 0.348862, 0.349632, 0.000770, 0.000000, lapack_dtpmqrt
State, th17, TASK, 0.349635, 0.350409, 0.000774, 0.000000, lapack_dtpmqrt
State, th17, TASK, 0.350414, 0.351194, 0.000780, 0.000000, lapack_dtpmqrt
State, th17, TASK, 0.351198, 0.351969, 0.000771, 0.000000, lapack_dtpmqrt
State, th17, TASK, 0.351973, 0.352742, 0.000769, 0.000000, lapack_dtpmqrt
State, th17, TASK, 0.352746, 0.353501, 0.000756, 0.000000, lapack_dtpmqrt
State, th17, TASK, 0.353527, 0.354284, 0.000757, 0.000000, lapack_dtpmqrt
State, th17, TASK, 0.354287, 0.355039, 0.000751, 0.000000, lapack_dtpmqrt
State, th17, TASK, 0.355042, 0.355792, 0.000750, 0.000000, lapack_dtpmqrt
State, th17, TASK, 0.355796, 0.356550, 0.000754, 0.000000, lapack_dtpmqrt
State, th17, TASK, 0.356553, 0.357327, 0.000775, 0.000000, lapack_dtpmqrt
State, th17, TASK, 0.357332, 0.358089, 0.000758, 0.000000, lapack_dtpmqrt
State, th17, TASK, 0.358099, 0.358696, 0.000597, 0.000000, lapack_dgeqrt
State, th17, TASK, 0.358706, 0.359150, 0.000444, 0.000000, lapack_dlarfb
State, th17, TASK, 0.359154, 0.359585, 0.000431, 0.000000, lapack_dlarfb
State, th17, TASK, 0.359677, 0.360428, 0.000750, 0.000000, lapack_dtpmqrt
State, th17, TASK, 0.360782, 0.361308, 0.000526, 0.000000, lapack_dtpqrt
State, th17, TASK, 0.361447, 0.361899, 0.000452, 0.000000, lapack_dlarfb
State, th17, TASK, 0.361902, 0.362340, 0.000438, 0.000000, lapack_dlarfb
State, th17, TASK, 0.362595, 0.363387, 0.000792, 0.000000, lapack_dtpmqrt
State, th17, TASK, 0.363392, 0.364193, 0.000801, 0.000000, lapack_dtpmqrt
State, th17, TASK, 0.364282, 0.365046, 0.000763, 0.000000, lapack_dtpmqrt
State, th17, TASK, 0.365231, 0.366016, 0.000785, 0.000000, lapack_dtpmqrt
State, th17, TASK, 0.366019, 0.366776, 0.000757, 0.000000, lapack_dtpmqrt
State, th17, TASK, 0.366780, 0.367326, 0.000546, 0.000000, lapack_dtpqrt
State, th17, TASK, 0.367375, 0.368148, 0.000772, 0.000000, lapack_dtpmqrt
State, th17, TASK, 0.368385, 0.369190, 0.000806, 0.000000, lapack_dtpmqrt
State, th17, TASK, 0.369194, 0.369994, 0.000800, 0.000000, lapack_dtpmqrt
State, th17, TASK, 0.370670, 0.371493, 0.000823, 0.000000, lapack_dtpmqrt
State, th17, TASK, 0.371532, 0.372311, 0.000778, 0.000000, lapack_dtpmqrt
State, th17, TASK, 0.374401, 0.375189, 0.000788, 0.000000, lapack_dtpmqrt
State, th16, TASK, 0.012269, 0.012987, 0.000718, 0.000000, lapack_dlarfb
State, th16, TASK, 0.014044, 0.015185, 0.001142, 0.000000, lapack_dtpmqrt
State, th16, TASK, 0.015192, 0.016070, 0.000878, 0.000000, lapack_dtpmqrt
State, th16, TASK, 0.016537, 0.017349, 0.000811, 0.000000, lapack_dtpmqrt
State, th16, TASK, 0.017359, 0.017797, 0.000438, 0.000000, lapack_dlarfb
State, th16, TASK, 0.017801, 0.018227, 0.000427, 0.000000, lapack_dlarfb
State, th16, TASK, 0.018232, 0.018649, 0.000417, 0.000000, lapack_dlarfb
State, th16, TASK, 0.018653, 0.019087, 0.000434, 0.000000, lapack_dlarfb
State, th16, TASK, 0.019091, 0.019526, 0.000435, 0.000000, lapack_dlarfb
State, th16, TASK, 0.019539, 0.020316, 0.000776, 0.000000, lapack_dtpmqrt
State, th16, TASK, 0.020321, 0.021072, 0.000751, 0.000000, lapack_dtpmqrt
State, th16, TASK, 0.021076, 0.021825, 0.000749, 0.000000, lapack_dtpmqrt
State, th16, TASK, 0.021831, 0.022604, 0.000773, 0.000000, lapack_dtpmqrt
State, th16, TASK, 0.022609, 0.023395, 0.000787, 0.000000, lapack_dtpmqrt
State, th16, TASK, 0.023399, 0.024179, 0.000780, 0.000000, lapack_dtpmqrt
State, th16, TASK, 0.024183, 0.024957, 0.000774, 0.000000, lapack_dtpmqrt
State, th16, TASK, 0.024961, 0.025745, 0.000784, 0.000000, lapack_dtpmqrt
State, th16, TASK, 0.025751, 0.026515, 0.000764, 0.000000, lapack_dtpmqrt
State, th16, TASK, 0.026519, 0.027292, 0.000773, 0.000000, lapack_dtpmqrt
State, th16, TASK, 0.027296, 0.028056, 0.000760, 0.000000, lapack_dtpmqrt
State, th16, TASK, 0.028060, 0.028820, 0.000760, 0.000000, lapack_dtpmqrt
State, th16, TASK, 0.028824, 0.029583, 0.000759, 0.000000, lapack_dtpmqrt
State, th16, TASK, 0.029589, 0.030367, 0.000778, 0.000000, lapack_dtpmqrt
State, th16, TASK, 0.030371, 0.031133, 0.000762, 0.000000, lapack_dtpmqrt
State, th16, TASK, 0.031137, 0.031886, 0.000748, 0.000000, lapack_dtpmqrt
State, th16, TASK, 0.031890, 0.032637, 0.000747, 0.000000, lapack_dtpmqrt
State, th16, TASK, 0.032640, 0.033425, 0.000784, 0.000000, lapack_dtpmqrt
State, th16, TASK, 0.033428, 0.034191, 0.000763, 0.000000, lapack_dtpmqrt
State, th16, TASK, 0.034195, 0.034960, 0.000766, 0.000000, lapack_dtpmqrt
State, th16, TASK, 0.034965, 0.035727, 0.000762, 0.000000, lapack_dtpmqrt
State, th16, TASK, 0.035732, 0.036160, 0.000428, 0.000000, lapack_dlarfb
State, th16, TASK, 0.036166, 0.036940, 0.000774, 0.000000, lapack_dtpmqrt
State, th16, TASK, 0.036944, 0.037705, 0.000761, 0.000000, lapack_dtpmqrt
State, th16, TASK, 0.037709, 0.038484, 0.000775, 0.000000, lapack_dtpmqrt
State, th16, TASK, 0.038489, 0.039271, 0.000782, 0.000000, lapack_dtpmqrt
State, th16, TASK, 0.039275, 0.040034, 0.000759, 0.000000, lapack_dtpmqrt
State, th16, TASK, 0.040038, 0.040807, 0.000768, 0.000000, lapack_dtpmqrt
State, th16, TASK, 0.040811, 0.041578, 0.000767, 0.000000, lapack_dtpmqrt
State, th16, TASK, 0.041581, 0.042349, 0.000768, 0.000000, lapack_dtpmqrt
State, th16, TASK, 0.042353, 0.043129, 0.000777, 0.000000, lapack_dtpmqrt
State, th16, TASK, 0.043136, 0.043575, 0.000439, 0.000000, lapack_dlarfb
State, th16, TASK, 0.043579, 0.044362, 0.000783, 0.000000, lapack_dtpmqrt
State, th16, TASK, 0.044367, 0.045140, 0.000772, 0.000000, lapack_dtpmqrt
State, th16, TASK, 0.045147, 0.045580, 0.000433, 0.000000, lapack_dlarfb
State, th16, TASK, 0.045586, 0.046353, 0.000767, 0.000000, lapack_dtpmqrt
State, th16, TASK, 0.046357, 0.047119, 0.000762, 0.000000, lapack_dtpmqrt
State, th16, TASK, 0.047124, 0.047878, 0.000754, 0.000000, lapack_dtpmqrt
State, th16, TASK, 0.047882, 0.048640, 0.000758, 0.000000, lapack_dtpmqrt
State, th16, TASK, 0.048644, 0.049404, 0.000761, 0.000000, lapack_dtpmqrt
State, th16, TASK, 0.049409, 0.050165, 0.000756, 0.000000, lapack_dtpmqrt
State, th16, TASK, 0.050170, 0.050936, 0.000766, 0.000000, lapack_dtpmqrt
State, th16, TASK, 0.050940, 0.051699, 0.000759, 0.000000, lapack_dtpmqrt
State, th16, TASK, 0.051702, 0.052465, 0.000762, 0.000000, lapack_dtpmqrt
State, th16, TASK, 0.052469, 0.053226, 0.000757, 0.000000, lapack_dtpmqrt
State, th16, TASK, 0.053230, 0.054003, 0.000773, 0.000000, lapack_dtpmqrt
State, th16, TASK, 0.054007, 0.054763, 0.000756, 0.000000, lapack_dtpmqrt
State, th16, TASK, 0.054767, 0.055521, 0.000753, 0.000000, lapack_dtpmqrt
State, th16, TASK, 0.055524, 0.056271, 0.000747, 0.000000, lapack_dtpmqrt
State, th16, TASK, 0.056276, 0.057042, 0.000767, 0.000000, lapack_dtpmqrt
State, th16, TASK, 0.057046, 0.057823, 0.000777, 0.000000, lapack_dtpmqrt
State, th16, TASK, 0.057827, 0.058372, 0.000544, 0.000000, lapack_dtpqrt
State, th16, TASK, 0.058388, 0.059165, 0.000777, 0.000000, lapack_dtpmqrt
State, th16, TASK, 0.059169, 0.059722, 0.000553, 0.000000, lapack_dtpqrt
State, th16, TASK, 0.059741, 0.060544, 0.000802, 0.000000, lapack_dtpmqrt
State, th16, TASK, 0.060548, 0.061342, 0.000794, 0.000000, lapack_dtpmqrt
State, th16, TASK, 0.061347, 0.062097, 0.000750, 0.000000, lapack_dtpmqrt
State, th16, TASK, 0.062101, 0.062851, 0.000751, 0.000000, lapack_dtpmqrt
State, th16, TASK, 0.062856, 0.063648, 0.000792, 0.000000, lapack_dtpmqrt
State, th16, TASK, 0.063652, 0.064406, 0.000753, 0.000000, lapack_dtpmqrt
State, th16, TASK, 0.064409, 0.065168, 0.000758, 0.000000, lapack_dtpmqrt
State, th16, TASK, 0.065172, 0.065957, 0.000785, 0.000000, lapack_dtpmqrt
State, th16, TASK, 0.065961, 0.066720, 0.000759, 0.000000, lapack_dtpmqrt
State, th16, TASK, 0.066723, 0.067484, 0.000761, 0.000000, lapack_dtpmqrt
State, th16, TASK, 0.067489, 0.068244, 0.000756, 0.000000, lapack_dtpmqrt
State, th16, TASK, 0.068248, 0.069005, 0.000757, 0.000000, lapack_dtpmqrt
State, th16, TASK, 0.069010, 0.069783, 0.000773, 0.000000, lapack_dtpmqrt
State, th16, TASK, 0.069787, 0.070543, 0.000756, 0.000000, lapack_dtpmqrt
State, th16, TASK, 0.070547, 0.071312, 0.000765, 0.000000, lapack_dtpmqrt
State, th16, TASK, 0.071316, 0.072081, 0.000765, 0.000000, lapack_dtpmqrt
State, th16, TASK, 0.072085, 0.072865, 0.000780, 0.000000, lapack_dtpmqrt
State, th16, TASK, 0.072868, 0.073624, 0.000755, 0.000000, lapack_dtpmqrt
State, th16, TASK, 0.073628, 0.074385, 0.000757, 0.000000, lapack_dtpmqrt
State, th16, TASK, 0.074389, 0.075155, 0.000766, 0.000000, lapack_dtpmqrt
State, th16, TASK, 0.075160, 0.075912, 0.000752, 0.000000, lapack_dtpmqrt
State, th16, TASK, 0.075916, 0.076676, 0.000760, 0.000000, lapack_dtpmqrt
State, th16, TASK, 0.076681, 0.077428, 0.000747, 0.000000, lapack_dtpmqrt
State, th16, TASK, 0.077432, 0.078193, 0.000761, 0.000000, lapack_dtpmqrt
State, th16, TASK, 0.078197, 0.078972, 0.000776, 0.000000, lapack_dtpmqrt
State, th16, TASK, 0.078976, 0.079742, 0.000766, 0.000000, lapack_dtpmqrt
State, th16, TASK, 0.079746, 0.080516, 0.000770, 0.000000, lapack_dtpmqrt
State, th16, TASK, 0.080521, 0.081297, 0.000776, 0.000000, lapack_dtpmqrt
State, th16, TASK, 0.081301, 0.082064, 0.000762, 0.000000, lapack_dtpmqrt
State, th16, TASK, 0.082067, 0.082825, 0.000758, 0.000000, lapack_dtpmqrt
State, th16, TASK, 0.082829, 0.083598, 0.000768, 0.000000, lapack_dtpmqrt
State, th16, TASK, 0.083602, 0.084363, 0.000762, 0.000000, lapack_dtpmqrt
State, th16, TASK, 0.084367, 0.085119, 0.000752, 0.000000, lapack_dtpmqrt
State, th16, TASK, 0.085122, 0.085872, 0.000750, 0.000000, lapack_dtpmqrt
State, th16, TASK, 0.085876, 0.086629, 0.000752, 0.000000, lapack_dtpmqrt
State, th16, TASK, 0.086633, 0.087396, 0.000763, 0.000000, lapack_dtpmqrt
State, th16, TASK, 0.087400, 0.088155, 0.000755, 0.000000, lapack_dtpmqrt
State, th16, TASK, 0.088158, 0.088908, 0.000750, 0.000000, lapack_dtpmqrt
State, th16, TASK, 0.088912, 0.089671, 0.000758, 0.000000, lapack_dtpmqrt
State, th16, TASK, 0.089675, 0.090438, 0.000763, 0.000000, lapack_dtpmqrt
State, th16, TASK, 0.090442, 0.091208, 0.000767, 0.000000, lapack_dtpmqrt
State, th16, TASK, 0.091212, 0.091975, 0.000762, 0.000000, lapack_dtpmqrt
State, th16, TASK, 0.091978, 0.092749, 0.000771, 0.000000, lapack_dtpmqrt
State, th16, TASK, 0.092752, 0.093516, 0.000763, 0.000000, lapack_dtpmqrt
State, th16, TASK, 0.093520, 0.094306, 0.000786, 0.000000, lapack_dtpmqrt
State, th16, TASK, 0.094310, 0.095083, 0.000773, 0.000000, lapack_dtpmqrt
State, th16, TASK, 0.095087, 0.095858, 0.000771, 0.000000, lapack_dtpmqrt
State, th16, TASK, 0.095863, 0.096633, 0.000770, 0.000000, lapack_dtpmqrt
State, th16, TASK, 0.096636, 0.097410, 0.000774, 0.000000, lapack_dtpmqrt
State, th16, TASK, 0.097414, 0.098168, 0.000754, 0.000000, lapack_dtpmqrt
State, th16, TASK, 0.098172, 0.098931, 0.000759, 0.000000, lapack_dtpmqrt
State, th16, TASK, 0.098935, 0.099691, 0.000756, 0.000000, lapack_dtpmqrt
State, th16, TASK, 0.099695, 0.100455, 0.000760, 0.000000, lapack_dtpmqrt
State, th16, TASK, 0.100459, 0.101218, 0.000758, 0.000000, lapack_dtpmqrt
State, th16, TASK, 0.101222, 0.101979, 0.000757, 0.000000, lapack_dtpmqrt
State, th16, TASK, 0.101985, 0.102747, 0.000762, 0.000000, lapack_dtpmqrt
State, th16, TASK, 0.102750, 0.103512, 0.000762, 0.000000, lapack_dtpmqrt
State, th16, TASK, 0.103516, 0.104271, 0.000755, 0.000000, lapack_dtpmqrt
State, th16, TASK, 0.104275, 0.105031, 0.000757, 0.000000, lapack_dtpmqrt
State, th16, TASK, 0.105036, 0.105791, 0.000755, 0.000000, lapack_dtpmqrt
State, th16, TASK, 0.105794, 0.106552, 0.000758, 0.000000, lapack_dtpmqrt
State, th16, TASK, 0.106556, 0.107320, 0.000764, 0.000000, lapack_dtpmqrt
State, th16, TASK, 0.107325, 0.108095, 0.000771, 0.000000, lapack_dtpmqrt
State, th16, TASK, 0.108099, 0.108862, 0.000762, 0.000000, lapack_dtpmqrt
State, th16, TASK, 0.108869, 0.109633, 0.000764, 0.000000, lapack_dtpmqrt
State, th16, TASK, 0.109637, 0.110399, 0.000762, 0.000000, lapack_dtpmqrt
State, th16, TASK, 0.110403, 0.111176, 0.000773, 0.000000, lapack_dtpmqrt
State, th16, TASK, 0.111181, 0.111935, 0.000755, 0.000000, lapack_dtpmqrt
State, th16, TASK, 0.111939, 0.112711, 0.000772, 0.000000, lapack_dtpmqrt
State, th16, TASK, 0.112715, 0.113477, 0.000762, 0.000000, lapack_dtpmqrt
State, th16, TASK, 0.113481, 0.114250, 0.000769, 0.000000, lapack_dtpmqrt
State, th16, TASK, 0.114254, 0.115019, 0.000765, 0.000000, lapack_dtpmqrt
State, th16, TASK, 0.115023, 0.115776, 0.000753, 0.000000, lapack_dtpmqrt
State, th16, TASK, 0.115780, 0.116534, 0.000754, 0.000000, lapack_dtpmqrt
State, th16, TASK, 0.116538, 0.117308, 0.000770, 0.000000, lapack_dtpmqrt
State, th16, TASK, 0.117311, 0.118067, 0.000756, 0.000000, lapack_dtpmqrt
State, th16, TASK, 0.118071, 0.118828, 0.000757, 0.000000, lapack_dtpmqrt
State, th16, TASK, 0.118831, 0.119602, 0.000771, 0.000000, lapack_dtpmqrt
State, th16, TASK, 0.119606, 0.120363, 0.000756, 0.000000, lapack_dtpmqrt
State, th16, TASK, 0.120366, 0.121120, 0.000754, 0.000000, lapack_dtpmqrt
State, th16, TASK, 0.121124, 0.121890, 0.000767, 0.000000, lapack_dtpmqrt
State, th16, TASK, 0.121894, 0.122652, 0.000758, 0.000000, lapack_dtpmqrt
State, th16, TASK, 0.122657, 0.123426, 0.000769, 0.000000, lapack_dtpmqrt
State, th16, TASK, 0.123430, 0.124194, 0.000765, 0.000000, lapack_dtpmqrt
State, th16, TASK, 0.124198, 0.124963, 0.000765, 0.000000, lapack_dtpmqrt
State, th16, TASK, 0.124966, 0.125729, 0.000763, 0.000000, lapack_dtpmqrt
State, th16, TASK, 0.125732, 0.126511, 0.000778, 0.000000, lapack_dtpmqrt
State, th16, TASK, 0.126514, 0.127299, 0.000785, 0.000000, lapack_dtpmqrt
State, th16, TASK, 0.127303, 0.128075, 0.000772, 0.000000, lapack_dtpmqrt
State, th16, TASK, 0.128079, 0.128851, 0.000772, 0.000000, lapack_dtpmqrt
State, th16, TASK, 0.128855, 0.129612, 0.000756, 0.000000, lapack_dtpmqrt
State, th16, TASK, 0.129616, 0.130371, 0.000755, 0.000000, lapack_dtpmqrt
State, th16, TASK, 0.130374, 0.131155, 0.000780, 0.000000, lapack_dtpmqrt
State, th16, TASK, 0.131158, 0.131930, 0.000771, 0.000000, lapack_dtpmqrt
State, th16, TASK, 0.131933, 0.132704, 0.000770, 0.000000, lapack_dtpmqrt
State, th16, TASK, 0.132708, 0.133474, 0.000767, 0.000000, lapack_dtpmqrt
State, th16, TASK, 0.133478, 0.134250, 0.000772, 0.000000, lapack_dtpmqrt
State, th16, TASK, 0.134254, 0.135036, 0.000782, 0.000000, lapack_dtpmqrt
State, th16, TASK, 0.135041, 0.135809, 0.000768, 0.000000, lapack_dtpmqrt
State, th16, TASK, 0.135812, 0.136578, 0.000765, 0.000000, lapack_dtpmqrt
State, th16, TASK, 0.136581, 0.137353, 0.000772, 0.000000, lapack_dtpmqrt
State, th16, TASK, 0.137357, 0.138131, 0.000774, 0.000000, lapack_dtpmqrt
State, th16, TASK, 0.138134, 0.138916, 0.000782, 0.000000, lapack_dtpmqrt
State, th16, TASK, 0.138921, 0.139705, 0.000784, 0.000000, lapack_dtpmqrt
State, th16, TASK, 0.139709, 0.140490, 0.000781, 0.000000, lapack_dtpmqrt
State, th16, TASK, 0.140493, 0.141275, 0.000782, 0.000000, lapack_dtpmqrt
State, th16, TASK, 0.141279, 0.142065, 0.000786, 0.000000, lapack_dtpmqrt
State, th16, TASK, 0.142068, 0.142852, 0.000784, 0.000000, lapack_dtpmqrt
State, th16, TASK, 0.142855, 0.143642, 0.000787, 0.000000, lapack_dtpmqrt
State, th16, TASK, 0.143646, 0.144423, 0.000776, 0.000000, lapack_dtpmqrt
State, th16, TASK, 0.144426, 0.145200, 0.000774, 0.000000, lapack_dtpmqrt
State, th16, TASK, 0.145204, 0.145977, 0.000773, 0.000000, lapack_dtpmqrt
State, th16, TASK, 0.145981, 0.146760, 0.000780, 0.000000, lapack_dtpmqrt
State, th16, TASK, 0.146764, 0.147548, 0.000784, 0.000000, lapack_dtpmqrt
State, th16, TASK, 0.147553, 0.148323, 0.000770, 0.000000, lapack_dtpmqrt
State, th16, TASK, 0.148327, 0.149096, 0.000769, 0.000000, lapack_dtpmqrt
State, th16, TASK, 0.149100, 0.149880, 0.000780, 0.000000, lapack_dtpmqrt
State, th16, TASK, 0.149884, 0.150651, 0.000767, 0.000000, lapack_dtpmqrt
State, th16, TASK, 0.150654, 0.151425, 0.000771, 0.000000, lapack_dtpmqrt
State, th16, TASK, 0.151430, 0.152193, 0.000763, 0.000000, lapack_dtpmqrt
State, th16, TASK, 0.152197, 0.152963, 0.000767, 0.000000, lapack_dtpmqrt
State, th16, TASK, 0.152967, 0.153733, 0.000766, 0.000000, lapack_dtpmqrt
State, th16, TASK, 0.153737, 0.154501, 0.000764, 0.000000, lapack_dtpmqrt
State, th16, TASK, 0.154505, 0.155280, 0.000775, 0.000000, lapack_dtpmqrt
State, th16, TASK, 0.155283, 0.156070, 0.000787, 0.000000, lapack_dtpmqrt
State, th16, TASK, 0.156074, 0.156842, 0.000768, 0.000000, lapack_dtpmqrt
State, th16, TASK, 0.156846, 0.157610, 0.000764, 0.000000, lapack_dtpmqrt
State, th16, TASK, 0.157614, 0.158374, 0.000761, 0.000000, lapack_dtpmqrt
State, th16, TASK, 0.158382, 0.159155, 0.000772, 0.000000, lapack_dtpmqrt
State, th16, TASK, 0.159159, 0.159925, 0.000767, 0.000000, lapack_dtpmqrt
State, th16, TASK, 0.159929, 0.160691, 0.000762, 0.000000, lapack_dtpmqrt
State, th16, TASK, 0.160697, 0.161463, 0.000766, 0.000000, lapack_dtpmqrt
State, th16, TASK, 0.161466, 0.162227, 0.000761, 0.000000, lapack_dtpmqrt
State, th16, TASK, 0.162231, 0.162990, 0.000759, 0.000000, lapack_dtpmqrt
State, th16, TASK, 0.162994, 0.163742, 0.000748, 0.000000, lapack_dtpmqrt
State, th16, TASK, 0.163746, 0.164494, 0.000748, 0.000000, lapack_dtpmqrt
State, th16, TASK, 0.164498, 0.165248, 0.000750, 0.000000, lapack_dtpmqrt
State, th16, TASK, 0.165252, 0.165997, 0.000745, 0.000000, lapack_dtpmqrt
State, th16, TASK, 0.166001, 0.166746, 0.000746, 0.000000, lapack_dtpmqrt
State, th16, TASK, 0.166750, 0.167502, 0.000752, 0.000000, lapack_dtpmqrt
State, th16, TASK, 0.167506, 0.167930, 0.000423, 0.000000, lapack_dlarfb
State, th16, TASK, 0.167934, 0.168712, 0.000778, 0.000000, lapack_dtpmqrt
State, th16, TASK, 0.168717, 0.169474, 0.000757, 0.000000, lapack_dtpmqrt
State, th16, TASK, 0.169478, 0.170242, 0.000764, 0.000000, lapack_dtpmqrt
State, th16, TASK, 0.170534, 0.171305, 0.000771, 0.000000, lapack_dtpmqrt
State, th16, TASK, 0.171317, 0.172076, 0.000758, 0.000000, lapack_dtpmqrt
State, th16, TASK, 0.172081, 0.172832, 0.000751, 0.000000, lapack_dtpmqrt
State, th16, TASK, 0.172836, 0.173590, 0.000755, 0.000000, lapack_dtpmqrt
State, th16, TASK, 0.173595, 0.174348, 0.000754, 0.000000, lapack_dtpmqrt
State, th16, TASK, 0.174352, 0.175111, 0.000759, 0.000000, lapack_dtpmqrt
State, th16, TASK, 0.175115, 0.175869, 0.000754, 0.000000, lapack_dtpmqrt
State, th16, TASK, 0.175873, 0.176628, 0.000755, 0.000000, lapack_dtpmqrt
State, th16, TASK, 0.176632, 0.177387, 0.000756, 0.000000, lapack_dtpmqrt
State, th16, TASK, 0.177391, 0.178146, 0.000755, 0.000000, lapack_dtpmqrt
State, th16, TASK, 0.178150, 0.178913, 0.000763, 0.000000, lapack_dtpmqrt
State, th16, TASK, 0.178917, 0.179672, 0.000754, 0.000000, lapack_dtpmqrt
State, th16, TASK, 0.179676, 0.180429, 0.000753, 0.000000, lapack_dtpmqrt
State, th16, TASK, 0.180432, 0.181184, 0.000751, 0.000000, lapack_dtpmqrt
State, th16, TASK, 0.181187, 0.181944, 0.000757, 0.000000, lapack_dtpmqrt
State, th16, TASK, 0.181948, 0.182705, 0.000757, 0.000000, lapack_dtpmqrt
State, th16, TASK, 0.182709, 0.183475, 0.000766, 0.000000, lapack_dtpmqrt
State, th16, TASK, 0.183479, 0.184239, 0.000760, 0.000000, lapack_dtpmqrt
State, th16, TASK, 0.184243, 0.184994, 0.000751, 0.000000, lapack_dtpmqrt
State, th16, TASK, 0.184998, 0.185745, 0.000747, 0.000000, lapack_dtpmqrt
State, th16, TASK, 0.185749, 0.186494, 0.000745, 0.000000, lapack_dtpmqrt
State, th16, TASK, 0.186497, 0.187253, 0.000756, 0.000000, lapack_dtpmqrt
State, th16, TASK, 0.187256, 0.188007, 0.000751, 0.000000, lapack_dtpmqrt
State, th16, TASK, 0.188010, 0.188759, 0.000748, 0.000000, lapack_dtpmqrt
State, th16, TASK, 0.188762, 0.189512, 0.000750, 0.000000, lapack_dtpmqrt
State, th16, TASK, 0.189518, 0.190289, 0.000771, 0.000000, lapack_dtpmqrt
State, th16, TASK, 0.190293, 0.191051, 0.000758, 0.000000, lapack_dtpmqrt
State, th16, TASK, 0.191055, 0.191801, 0.000746, 0.000000, lapack_dtpmqrt
State, th16, TASK, 0.191805, 0.192556, 0.000751, 0.000000, lapack_dtpmqrt
State, th16, TASK, 0.192560, 0.193312, 0.000752, 0.000000, lapack_dtpmqrt
State, th16, TASK, 0.193316, 0.194066, 0.000750, 0.000000, lapack_dtpmqrt
State, th16, TASK, 0.194070, 0.194828, 0.000758, 0.000000, lapack_dtpmqrt
State, th16, TASK, 0.195047, 0.195858, 0.000811, 0.000000, lapack_dtpmqrt
State, th16, TASK, 0.195862, 0.196654, 0.000792, 0.000000, lapack_dtpmqrt
State, th16, TASK, 0.196658, 0.197453, 0.000795, 0.000000, lapack_dtpmqrt
State, th16, TASK, 0.197457, 0.198246, 0.000789, 0.000000, lapack_dtpmqrt
State, th16, TASK, 0.198250, 0.199042, 0.000792, 0.000000, lapack_dtpmqrt
State, th16, TASK, 0.199047, 0.199833, 0.000786, 0.000000, lapack_dtpmqrt
State, th16, TASK, 0.199837, 0.200619, 0.000782, 0.000000, lapack_dtpmqrt
State, th16, TASK, 0.200623, 0.201418, 0.000796, 0.000000, lapack_dtpmqrt
State, th16, TASK, 0.201422, 0.202213, 0.000790, 0.000000, lapack_dtpmqrt
State, th16, TASK, 0.202216, 0.203013, 0.000797, 0.000000, lapack_dtpmqrt
State, th16, TASK, 0.203017, 0.203806, 0.000789, 0.000000, lapack_dtpmqrt
State, th16, TASK, 0.203810, 0.204602, 0.000792, 0.000000, lapack_dtpmqrt
State, th16, TASK, 0.204606, 0.205399, 0.000793, 0.000000, lapack_dtpmqrt
State, th16, TASK, 0.205404, 0.206198, 0.000794, 0.000000, lapack_dtpmqrt
State, th16, TASK, 0.206202, 0.206998, 0.000796, 0.000000, lapack_dtpmqrt
State, th16, TASK, 0.207002, 0.207793, 0.000791, 0.000000, lapack_dtpmqrt
State, th16, TASK, 0.207805, 0.208591, 0.000786, 0.000000, lapack_dtpmqrt
State, th16, TASK, 0.208595, 0.209387, 0.000791, 0.000000, lapack_dtpmqrt
State, th16, TASK, 0.209392, 0.210187, 0.000796, 0.000000, lapack_dtpmqrt
State, th16, TASK, 0.210191, 0.210991, 0.000800, 0.000000, lapack_dtpmqrt
State, th16, TASK, 0.210995, 0.211793, 0.000798, 0.000000, lapack_dtpmqrt
State, th16, TASK, 0.211797, 0.212597, 0.000800, 0.000000, lapack_dtpmqrt
State, th16, TASK, 0.212601, 0.213395, 0.000794, 0.000000, lapack_dtpmqrt
State, th16, TASK, 0.213399, 0.214184, 0.000785, 0.000000, lapack_dtpmqrt
State, th16, TASK, 0.214195, 0.214632, 0.000437, 0.000000, lapack_dlarfb
State, th16, TASK, 0.214636, 0.215073, 0.000437, 0.000000, lapack_dlarfb
State, th16, TASK, 0.215077, 0.215508, 0.000431, 0.000000, lapack_dlarfb
State, th16, TASK, 0.215671, 0.216456, 0.000785, 0.000000, lapack_dtpmqrt
State, th16, TASK, 0.216460, 0.217209, 0.000749, 0.000000, lapack_dtpmqrt
State, th16, TASK, 0.217213, 0.217966, 0.000753, 0.000000, lapack_dtpmqrt
State, th16, TASK, 0.217970, 0.218724, 0.000753, 0.000000, lapack_dtpmqrt
State, th16, TASK, 0.218727, 0.219487, 0.000760, 0.000000, lapack_dtpmqrt
State, th16, TASK, 0.219491, 0.220253, 0.000762, 0.000000, lapack_dtpmqrt
State, th16, TASK, 0.220257, 0.221016, 0.000759, 0.000000, lapack_dtpmqrt
State, th16, TASK, 0.221021, 0.221775, 0.000755, 0.000000, lapack_dtpmqrt
State, th16, TASK, 0.221779, 0.222534, 0.000755, 0.000000, lapack_dtpmqrt
State, th16, TASK, 0.222537, 0.223292, 0.000755, 0.000000, lapack_dtpmqrt
State, th16, TASK, 0.223296, 0.224044, 0.000748, 0.000000, lapack_dtpmqrt
State, th16, TASK, 0.224048, 0.224792, 0.000745, 0.000000, lapack_dtpmqrt
State, th16, TASK, 0.224796, 0.225545, 0.000749, 0.000000, lapack_dtpmqrt
State, th16, TASK, 0.225549, 0.226297, 0.000748, 0.000000, lapack_dtpmqrt
State, th16, TASK, 0.226300, 0.227052, 0.000751, 0.000000, lapack_dtpmqrt
State, th16, TASK, 0.227059, 0.227808, 0.000750, 0.000000, lapack_dtpmqrt
State, th16, TASK, 0.227812, 0.228555, 0.000744, 0.000000, lapack_dtpmqrt
State, th16, TASK, 0.228559, 0.229300, 0.000741, 0.000000, lapack_dtpmqrt
State, th16, TASK, 0.229305, 0.230047, 0.000742, 0.000000, lapack_dtpmqrt
State, th16, TASK, 0.230051, 0.230797, 0.000746, 0.000000, lapack_dtpmqrt
State, th16, TASK, 0.230801, 0.231552, 0.000751, 0.000000, lapack_dtpmqrt
State, th16, TASK, 0.231556, 0.232300, 0.000744, 0.000000, lapack_dtpmqrt
State, th16, TASK, 0.232304, 0.233052, 0.000748, 0.000000, lapack_dtpmqrt
State, th16, TASK, 0.233056, 0.233806, 0.000750, 0.000000, lapack_dtpmqrt
State, th16, TASK, 0.233810, 0.234557, 0.000746, 0.000000, lapack_dtpmqrt
State, th16, TASK, 0.234606, 0.235394, 0.000788, 0.000000, lapack_dtpmqrt
State, th16, TASK, 0.235517, 0.236293, 0.000776, 0.000000, lapack_dtpmqrt
State, th16, TASK, 0.236297, 0.237092, 0.000795, 0.000000, lapack_dtpmqrt
State, th16, TASK, 0.237096, 0.237864, 0.000768, 0.000000, lapack_dtpmqrt
State, th16, TASK, 0.237867, 0.238635, 0.000767, 0.000000, lapack_dtpmqrt
State, th16, TASK, 0.238639, 0.239412, 0.000773, 0.000000, lapack_dtpmqrt
State, th16, TASK, 0.239416, 0.240177, 0.000762, 0.000000, lapack_dtpmqrt
State, th16, TASK, 0.240181, 0.240944, 0.000763, 0.000000, lapack_dtpmqrt
State, th16, TASK, 0.240948, 0.241714, 0.000766, 0.000000, lapack_dtpmqrt
State, th16, TASK, 0.241718, 0.242472, 0.000754, 0.000000, lapack_dtpmqrt
State, th16, TASK, 0.242476, 0.243244, 0.000768, 0.000000, lapack_dtpmqrt
State, th16, TASK, 0.243248, 0.244007, 0.000759, 0.000000, lapack_dtpmqrt
State, th16, TASK, 0.244011, 0.244767, 0.000756, 0.000000, lapack_dtpmqrt
State, th16, TASK, 0.244771, 0.245528, 0.000757, 0.000000, lapack_dtpmqrt
State, th16, TASK, 0.245533, 0.246290, 0.000757, 0.000000, lapack_dtpmqrt
State, th16, TASK, 0.246294, 0.247060, 0.000767, 0.000000, lapack_dtpmqrt
State, th16, TASK, 0.247065, 0.247822, 0.000758, 0.000000, lapack_dtpmqrt
State, th16, TASK, 0.247826, 0.248582, 0.000756, 0.000000, lapack_dtpmqrt
State, th16, TASK, 0.248586, 0.249342, 0.000756, 0.000000, lapack_dtpmqrt
State, th16, TASK, 0.249345, 0.250100, 0.000755, 0.000000, lapack_dtpmqrt
State, th16, TASK, 0.250103, 0.250858, 0.000755, 0.000000, lapack_dtpmqrt
State, th16, TASK, 0.250862, 0.251622, 0.000760, 0.000000, lapack_dtpmqrt
State, th16, TASK, 0.251626, 0.252382, 0.000757, 0.000000, lapack_dtpmqrt
State, th16, TASK, 0.252388, 0.253150, 0.000762, 0.000000, lapack_dtpmqrt
State, th16, TASK, 0.253154, 0.253908, 0.000754, 0.000000, lapack_dtpmqrt
State, th16, TASK, 0.253912, 0.254667, 0.000755, 0.000000, lapack_dtpmqrt
State, th16, TASK, 0.254671, 0.255437, 0.000767, 0.000000, lapack_dtpmqrt
State, th16, TASK, 0.255442, 0.256206, 0.000764, 0.000000, lapack_dtpmqrt
State, th16, TASK, 0.256214, 0.256971, 0.000757, 0.000000, lapack_dtpmqrt
State, th16, TASK, 0.256975, 0.257735, 0.000760, 0.000000, lapack_dtpmqrt
State, th16, TASK, 0.257739, 0.258507, 0.000768, 0.000000, lapack_dtpmqrt
State, th16, TASK, 0.258511, 0.259281, 0.000771, 0.000000, lapack_dtpmqrt
State, th16, TASK, 0.259286, 0.260047, 0.000762, 0.000000, lapack_dtpmqrt
State, th16, TASK, 0.260051, 0.260812, 0.000760, 0.000000, lapack_dtpmqrt
State, th16, TASK, 0.260816, 0.261579, 0.000762, 0.000000, lapack_dtpmqrt
State, th16, TASK, 0.261582, 0.262352, 0.000769, 0.000000, lapack_dtpmqrt
State, th16, TASK, 0.262356, 0.263131, 0.000775, 0.000000, lapack_dtpmqrt
State, th16, TASK, 0.263135, 0.263899, 0.000764, 0.000000, lapack_dtpmqrt
State, th16, TASK, 0.263902, 0.264665, 0.000762, 0.000000, lapack_dtpmqrt
State, th16, TASK, 0.264709, 0.265475, 0.000766, 0.000000, lapack_dtpmqrt
State, th16, TASK, 0.265479, 0.266234, 0.000755, 0.000000, lapack_dtpmqrt
State, th16, TASK, 0.266237, 0.267018, 0.000781, 0.000000, lapack_dtpmqrt
State, th16, TASK, 0.267023, 0.267788, 0.000765, 0.000000, lapack_dtpmqrt
State, th16, TASK, 0.267791, 0.268558, 0.000767, 0.000000, lapack_dtpmqrt
State, th16, TASK, 0.268562, 0.269368, 0.000807, 0.000000, lapack_dtpmqrt
State, th16, TASK, 0.269373, 0.270141, 0.000768, 0.000000, lapack_dtpmqrt
State, th16, TASK, 0.270146, 0.270925, 0.000779, 0.000000, lapack_dtpmqrt
State, th16, TASK, 0.270929, 0.271699, 0.000770, 0.000000, lapack_dtpmqrt
State, th16, TASK, 0.271703, 0.272476, 0.000772, 0.000000, lapack_dtpmqrt
State, th16, TASK, 0.272480, 0.273250, 0.000770, 0.000000, lapack_dtpmqrt
State, th16, TASK, 0.273253, 0.274031, 0.000777, 0.000000, lapack_dtpmqrt
State, th16, TASK, 0.274035, 0.274820, 0.000784, 0.000000, lapack_dtpmqrt
State, th16, TASK, 0.274824, 0.275610, 0.000787, 0.000000, lapack_dtpmqrt
State, th16, TASK, 0.275614, 0.276376, 0.000762, 0.000000, lapack_dtpmqrt
State, th16, TASK, 0.276380, 0.277149, 0.000769, 0.000000, lapack_dtpmqrt
State, th16, TASK, 0.277153, 0.277921, 0.000768, 0.000000, lapack_dtpmqrt
State, th16, TASK, 0.277924, 0.278695, 0.000770, 0.000000, lapack_dtpmqrt
State, th16, TASK, 0.278699, 0.279475, 0.000776, 0.000000, lapack_dtpmqrt
State, th16, TASK, 0.279480, 0.280247, 0.000767, 0.000000, lapack_dtpmqrt
State, th16, TASK, 0.280252, 0.281017, 0.000765, 0.000000, lapack_dtpmqrt
State, th16, TASK, 0.281021, 0.281788, 0.000767, 0.000000, lapack_dtpmqrt
State, th16, TASK, 0.281792, 0.282558, 0.000767, 0.000000, lapack_dtpmqrt
State, th16, TASK, 0.282562, 0.283340, 0.000778, 0.000000, lapack_dtpmqrt
State, th16, TASK, 0.283344, 0.284114, 0.000770, 0.000000, lapack_dtpmqrt
State, th16, TASK, 0.284119, 0.284887, 0.000768, 0.000000, lapack_dtpmqrt
State, th16, TASK, 0.284891, 0.285651, 0.000760, 0.000000, lapack_dtpmqrt
State, th16, TASK, 0.285655, 0.286414, 0.000760, 0.000000, lapack_dtpmqrt
State, th16, TASK, 0.286418, 0.287197, 0.000779, 0.000000, lapack_dtpmqrt
State, th16, TASK, 0.287201, 0.287970, 0.000769, 0.000000, lapack_dtpmqrt
State, th16, TASK, 0.287974, 0.288745, 0.000771, 0.000000, lapack_dtpmqrt
State, th16, TASK, 0.288748, 0.289496, 0.000748, 0.000000, lapack_dtpmqrt
State, th16, TASK, 0.289500, 0.290264, 0.000763, 0.000000, lapack_dtpmqrt
State, th16, TASK, 0.290492, 0.291297, 0.000805, 0.000000, lapack_dtpmqrt
State, th16, TASK, 0.291301, 0.292083, 0.000782, 0.000000, lapack_dtpmqrt
State, th16, TASK, 0.292087, 0.292854, 0.000767, 0.000000, lapack_dtpmqrt
State, th16, TASK, 0.292858, 0.293634, 0.000776, 0.000000, lapack_dtpmqrt
State, th16, TASK, 0.293638, 0.294414, 0.000776, 0.000000, lapack_dtpmqrt
State, th16, TASK, 0.294418, 0.295203, 0.000785, 0.000000, lapack_dtpmqrt
State, th16, TASK, 0.295208, 0.295981, 0.000773, 0.000000, lapack_dtpmqrt
State, th16, TASK, 0.295985, 0.296749, 0.000765, 0.000000, lapack_dtpmqrt
State, th16, TASK, 0.296753, 0.297512, 0.000759, 0.000000, lapack_dtpmqrt
State, th16, TASK, 0.297516, 0.298287, 0.000772, 0.000000, lapack_dtpmqrt
State, th16, TASK, 0.298291, 0.299079, 0.000788, 0.000000, lapack_dtpmqrt
State, th16, TASK, 0.299084, 0.299869, 0.000785, 0.000000, lapack_dtpmqrt
State, th16, TASK, 0.299915, 0.300686, 0.000771, 0.000000, lapack_dtpmqrt
State, th16, TASK, 0.300689, 0.301445, 0.000755, 0.000000, lapack_dtpmqrt
State, th16, TASK, 0.301501, 0.302287, 0.000786, 0.000000, lapack_dtpmqrt
State, th16, TASK, 0.302410, 0.303223, 0.000813, 0.000000, lapack_dtpmqrt
State, th16, TASK, 0.303227, 0.304027, 0.000800, 0.000000, lapack_dtpmqrt
State, th16, TASK, 0.304031, 0.304815, 0.000784, 0.000000, lapack_dtpmqrt
State, th16, TASK, 0.304819, 0.305613, 0.000795, 0.000000, lapack_dtpmqrt
State, th16, TASK, 0.305617, 0.306401, 0.000783, 0.000000, lapack_dtpmqrt
State, th16, TASK, 0.306409, 0.307210, 0.000802, 0.000000, lapack_dtpmqrt
State, th16, TASK, 0.307214, 0.308002, 0.000787, 0.000000, lapack_dtpmqrt
State, th16, TASK, 0.308006, 0.308789, 0.000783, 0.000000, lapack_dtpmqrt
State, th16, TASK, 0.308792, 0.309577, 0.000784, 0.000000, lapack_dtpmqrt
State, th16, TASK, 0.309581, 0.310365, 0.000784, 0.000000, lapack_dtpmqrt
State, th16, TASK, 0.310369, 0.311160, 0.000792, 0.000000, lapack_dtpmqrt
State, th16, TASK, 0.311164, 0.311949, 0.000785, 0.000000, lapack_dtpmqrt
State, th16, TASK, 0.311953, 0.312737, 0.000783, 0.000000, lapack_dtpmqrt
State, th16, TASK, 0.312740, 0.313533, 0.000793, 0.000000, lapack_dtpmqrt
State, th16, TASK, 0.314022, 0.314799, 0.000777, 0.000000, lapack_dtpmqrt
State, th16, TASK, 0.314803, 0.315575, 0.000772, 0.000000, lapack_dtpmqrt
State, th16, TASK, 0.315580, 0.316339, 0.000759, 0.000000, lapack_dtpmqrt
State, th16, TASK, 0.316342, 0.317099, 0.000757, 0.000000, lapack_dtpmqrt
State, th16, TASK, 0.317103, 0.317865, 0.000762, 0.000000, lapack_dtpmqrt
State, th16, TASK, 0.317868, 0.318631, 0.000762, 0.000000, lapack_dtpmqrt
State, th16, TASK, 0.318635, 0.319404, 0.000769, 0.000000, lapack_dtpmqrt
State, th16, TASK, 0.319408, 0.320169, 0.000761, 0.000000, lapack_dtpmqrt
State, th16, TASK, 0.320172, 0.320931, 0.000759, 0.000000, lapack_dtpmqrt
State, th16, TASK, 0.320999, 0.321421, 0.000423, 0.000000, lapack_dlarfb
State, th16, TASK, 0.321425, 0.321846, 0.000422, 0.000000, lapack_dlarfb
State, th16, TASK, 0.321850, 0.322274, 0.000424, 0.000000, lapack_dlarfb
State, th16, TASK, 0.322278, 0.322703, 0.000426, 0.000000, lapack_dlarfb
State, th16, TASK, 0.322706, 0.323136, 0.000430, 0.000000, lapack_dlarfb
State, th16, TASK, 0.323575, 0.324361, 0.000786, 0.000000, lapack_dtpmqrt
State, th16, TASK, 0.324365, 0.325145, 0.000780, 0.000000, lapack_dtpmqrt
State, th16, TASK, 0.325150, 0.325926, 0.000776, 0.000000, lapack_dtpmqrt
State, th16, TASK, 0.325930, 0.326710, 0.000780, 0.000000, lapack_dtpmqrt
State, th16, TASK, 0.326714, 0.327501, 0.000787, 0.000000, lapack_dtpmqrt
State, th16, TASK, 0.327506, 0.328276, 0.000770, 0.000000, lapack_dtpmqrt
State, th16, TASK, 0.328535, 0.329320, 0.000785, 0.000000, lapack_dtpmqrt
State, th16, TASK, 0.329324, 0.330101, 0.000777, 0.000000, lapack_dtpmqrt
State, th16, TASK, 0.330422, 0.331195, 0.000773, 0.000000, lapack_dtpmqrt
State, th16, TASK, 0.331199, 0.331949, 0.000749, 0.000000, lapack_dtpmqrt
State, th16, TASK, 0.331952, 0.332706, 0.000754, 0.000000, lapack_dtpmqrt
State, th16, TASK, 0.332710, 0.333462, 0.000753, 0.000000, lapack_dtpmqrt
State, th16, TASK, 0.333466, 0.334217, 0.000751, 0.000000, lapack_dtpmqrt
State, th16, TASK, 0.334220, 0.334979, 0.000758, 0.000000, lapack_dtpmqrt
State, th16, TASK, 0.334982, 0.335733, 0.000751, 0.000000, lapack_dtpmqrt
State, th16, TASK, 0.335737, 0.336489, 0.000752, 0.000000, lapack_dtpmqrt
State, th16, TASK, 0.336493, 0.337245, 0.000752, 0.000000, lapack_dtpmqrt
State, th16, TASK, 0.337249, 0.338004, 0.000755, 0.000000, lapack_dtpmqrt
State, th16, TASK, 0.338012, 0.338447, 0.000435, 0.000000, lapack_dlarfb
State, th16, TASK, 0.338621, 0.339399, 0.000777, 0.000000, lapack_dtpmqrt
State, th16, TASK, 0.339403, 0.340200, 0.000797, 0.000000, lapack_dtpmqrt
State, th16, TASK, 0.340204, 0.341007, 0.000803, 0.000000, lapack_dtpmqrt
State, th16, TASK, 0.341011, 0.341808, 0.000797, 0.000000, lapack_dtpmqrt
State, th16, TASK, 0.341898, 0.342368, 0.000470, 0.000000, lapack_dlarfb
State, th16, TASK, 0.342372, 0.342812, 0.000440, 0.000000, lapack_dlarfb
State, th16, TASK, 0.342820, 0.343264, 0.000443, 0.000000, lapack_dlarfb
State, th16, TASK, 0.343318, 0.344127, 0.000808, 0.000000, lapack_dtpmqrt
State, th16, TASK, 0.344148, 0.344918, 0.000771, 0.000000, lapack_dtpmqrt
State, th16, TASK, 0.344922, 0.345695, 0.000773, 0.000000, lapack_dtpmqrt
State, th16, TASK, 0.345699, 0.346456, 0.000757, 0.000000, lapack_dtpmqrt
State, th16, TASK, 0.346468, 0.347244, 0.000775, 0.000000, lapack_dtpmqrt
State, th16, TASK, 0.347248, 0.348014, 0.000766, 0.000000, lapack_dtpmqrt
State, th16, TASK, 0.348018, 0.348773, 0.000755, 0.000000, lapack_dtpmqrt
State, th16, TASK, 0.348777, 0.349546, 0.000770, 0.000000, lapack_dtpmqrt
State, th16, TASK, 0.349550, 0.350307, 0.000757, 0.000000, lapack_dtpmqrt
State, th16, TASK, 0.350505, 0.351292, 0.000787, 0.000000, lapack_dtpmqrt
State, th16, TASK, 0.351298, 0.352084, 0.000787, 0.000000, lapack_dtpmqrt
State, th16, TASK, 0.352089, 0.352876, 0.000787, 0.000000, lapack_dtpmqrt
State, th16, TASK, 0.352880, 0.353670, 0.000790, 0.000000, lapack_dtpmqrt
State, th16, TASK, 0.353880, 0.354331, 0.000451, 0.000000, lapack_dlarfb
State, th16, TASK, 0.354334, 0.354765, 0.000431, 0.000000, lapack_dlarfb
State, th16, TASK, 0.354773, 0.355201, 0.000428, 0.000000, lapack_dlarfb
State, th16, TASK, 0.355210, 0.355997, 0.000787, 0.000000, lapack_dtpmqrt
State, th16, TASK, 0.356001, 0.356770, 0.000768, 0.000000, lapack_dtpmqrt
State, th16, TASK, 0.356774, 0.357542, 0.000768, 0.000000, lapack_dtpmqrt
State, th16, TASK, 0.357545, 0.358307, 0.000761, 0.000000, lapack_dtpmqrt
State, th16, TASK, 0.358310, 0.359080, 0.000769, 0.000000, lapack_dtpmqrt
State, th16, TASK, 0.359084, 0.359854, 0.000770, 0.000000, lapack_dtpmqrt
State, th16, TASK, 0.360265, 0.361062, 0.000797, 0.000000, lapack_dtpmqrt
State, th16, TASK, 0.361117, 0.361943, 0.000826, 0.000000, lapack_dtpmqrt
State, th16, TASK, 0.361947, 0.362755, 0.000808, 0.000000, lapack_dtpmqrt
State, th16, TASK, 0.362893, 0.363696, 0.000803, 0.000000, lapack_dtpmqrt
State, th16, TASK, 0.363997, 0.364539, 0.000542, 0.000000, lapack_dtpqrt
State, th16, TASK, 0.364546, 0.364990, 0.000443, 0.000000, lapack_dlarfb
State, th16, TASK, 0.365049, 0.365814, 0.000766, 0.000000, lapack_dtpmqrt
State, th16, TASK, 0.365819, 0.366590, 0.000772, 0.000000, lapack_dtpmqrt
State, th16, TASK, 0.366594, 0.367373, 0.000779, 0.000000, lapack_dtpmqrt
State, th16, TASK, 0.367939, 0.368733, 0.000793, 0.000000, lapack_dtpmqrt
State, th16, TASK, 0.368850, 0.369618, 0.000769, 0.000000, lapack_dtpmqrt
State, th16, TASK, 0.369629, 0.370087, 0.000458, 0.000000, lapack_dlarfb
State, th16, TASK, 0.370635, 0.371405, 0.000770, 0.000000, lapack_dtpmqrt
State, th16, TASK, 0.371814, 0.372269, 0.000455, 0.000000, lapack_dlarfb
State, th16, TASK, 0.372818, 0.373621, 0.000803, 0.000000, lapack_dtpmqrt
State, th16, TASK, 0.373786, 0.374570, 0.000784, 0.000000, lapack_dtpmqrt
State, th16, TASK, 0.375194, 0.376000, 0.000806, 0.000000, lapack_dtpmqrt
State, th16, TASK, 0.378903, 0.379449, 0.000546, 0.000000, lapack_dtpqrt
State, th15, TASK, 0.012278, 0.012960, 0.000682, 0.000000, lapack_dlarfb
State, th15, TASK, 0.012967, 0.013417, 0.000450, 0.000000, lapack_dlarfb
State, th15, TASK, 0.014008, 0.015065, 0.001057, 0.000000, lapack_dtpmqrt
State, th15, TASK, 0.015069, 0.015845, 0.000776, 0.000000, lapack_dtpmqrt
State, th15, TASK, 0.015849, 0.016617, 0.000768, 0.000000, lapack_dtpmqrt
State, th15, TASK, 0.016621, 0.017388, 0.000767, 0.000000, lapack_dtpmqrt
State, th15, TASK, 0.017400, 0.017830, 0.000430, 0.000000, lapack_dlarfb
State, th15, TASK, 0.017833, 0.018266, 0.000433, 0.000000, lapack_dlarfb
State, th15, TASK, 0.018270, 0.018707, 0.000437, 0.000000, lapack_dlarfb
State, th15, TASK, 0.018710, 0.019153, 0.000442, 0.000000, lapack_dlarfb
State, th15, TASK, 0.019159, 0.019922, 0.000763, 0.000000, lapack_dtpmqrt
State, th15, TASK, 0.019926, 0.020678, 0.000751, 0.000000, lapack_dtpmqrt
State, th15, TASK, 0.020681, 0.021408, 0.000727, 0.000000, lapack_dtpmqrt
State, th15, TASK, 0.021416, 0.022171, 0.000755, 0.000000, lapack_dtpmqrt
State, th15, TASK, 0.022176, 0.022918, 0.000742, 0.000000, lapack_dtpmqrt
State, th15, TASK, 0.022923, 0.023682, 0.000759, 0.000000, lapack_dtpmqrt
State, th15, TASK, 0.023686, 0.024440, 0.000754, 0.000000, lapack_dtpmqrt
State, th15, TASK, 0.024447, 0.025205, 0.000758, 0.000000, lapack_dtpmqrt
State, th15, TASK, 0.025210, 0.025951, 0.000741, 0.000000, lapack_dtpmqrt
State, th15, TASK, 0.025955, 0.026700, 0.000745, 0.000000, lapack_dtpmqrt
State, th15, TASK, 0.026704, 0.027449, 0.000746, 0.000000, lapack_dtpmqrt
State, th15, TASK, 0.027454, 0.028178, 0.000725, 0.000000, lapack_dtpmqrt
State, th15, TASK, 0.028182, 0.028908, 0.000726, 0.000000, lapack_dtpmqrt
State, th15, TASK, 0.028914, 0.029691, 0.000777, 0.000000, lapack_dtpmqrt
State, th15, TASK, 0.029695, 0.030464, 0.000770, 0.000000, lapack_dtpmqrt
State, th15, TASK, 0.030469, 0.031246, 0.000777, 0.000000, lapack_dtpmqrt
State, th15, TASK, 0.031251, 0.032001, 0.000750, 0.000000, lapack_dtpmqrt
State, th15, TASK, 0.032005, 0.032789, 0.000783, 0.000000, lapack_dtpmqrt
State, th15, TASK, 0.032793, 0.033555, 0.000762, 0.000000, lapack_dtpmqrt
State, th15, TASK, 0.033559, 0.034318, 0.000759, 0.000000, lapack_dtpmqrt
State, th15, TASK, 0.034322, 0.035094, 0.000772, 0.000000, lapack_dtpmqrt
State, th15, TASK, 0.035098, 0.035843, 0.000745, 0.000000, lapack_dtpmqrt
State, th15, TASK, 0.035847, 0.036588, 0.000741, 0.000000, lapack_dtpmqrt
State, th15, TASK, 0.036592, 0.037326, 0.000733, 0.000000, lapack_dtpmqrt
State, th15, TASK, 0.037331, 0.038084, 0.000753, 0.000000, lapack_dtpmqrt
State, th15, TASK, 0.038089, 0.038832, 0.000744, 0.000000, lapack_dtpmqrt
State, th15, TASK, 0.038836, 0.039589, 0.000752, 0.000000, lapack_dtpmqrt
State, th15, TASK, 0.039593, 0.040333, 0.000740, 0.000000, lapack_dtpmqrt
State, th15, TASK, 0.040336, 0.041077, 0.000741, 0.000000, lapack_dtpmqrt
State, th15, TASK, 0.041080, 0.041827, 0.000746, 0.000000, lapack_dtpmqrt
State, th15, TASK, 0.041830, 0.042580, 0.000749, 0.000000, lapack_dtpmqrt
State, th15, TASK, 0.042584, 0.043329, 0.000746, 0.000000, lapack_dtpmqrt
State, th15, TASK, 0.043334, 0.044081, 0.000747, 0.000000, lapack_dtpmqrt
State, th15, TASK, 0.044085, 0.044841, 0.000756, 0.000000, lapack_dtpmqrt
State, th15, TASK, 0.044845, 0.045583, 0.000738, 0.000000, lapack_dtpmqrt
State, th15, TASK, 0.045587, 0.046323, 0.000737, 0.000000, lapack_dtpmqrt
State, th15, TASK, 0.046327, 0.047072, 0.000745, 0.000000, lapack_dtpmqrt
State, th15, TASK, 0.047077, 0.047820, 0.000743, 0.000000, lapack_dtpmqrt
State, th15, TASK, 0.047823, 0.048580, 0.000757, 0.000000, lapack_dtpmqrt
State, th15, TASK, 0.048584, 0.049339, 0.000755, 0.000000, lapack_dtpmqrt
State, th15, TASK, 0.049344, 0.050102, 0.000758, 0.000000, lapack_dtpmqrt
State, th15, TASK, 0.050106, 0.050864, 0.000757, 0.000000, lapack_dtpmqrt
State, th15, TASK, 0.050868, 0.051636, 0.000769, 0.000000, lapack_dtpmqrt
State, th15, TASK, 0.051641, 0.052407, 0.000766, 0.000000, lapack_dtpmqrt
State, th15, TASK, 0.052411, 0.053157, 0.000746, 0.000000, lapack_dtpmqrt
State, th15, TASK, 0.053161, 0.053930, 0.000769, 0.000000, lapack_dtpmqrt
State, th15, TASK, 0.053934, 0.054685, 0.000751, 0.000000, lapack_dtpmqrt
State, th15, TASK, 0.054689, 0.055463, 0.000774, 0.000000, lapack_dtpmqrt
State, th15, TASK, 0.055471, 0.056004, 0.000533, 0.000000, lapack_dtpqrt
State, th15, TASK, 0.056017, 0.056753, 0.000736, 0.000000, lapack_dtpmqrt
State, th15, TASK, 0.056756, 0.057488, 0.000732, 0.000000, lapack_dtpmqrt
State, th15, TASK, 0.057492, 0.058265, 0.000773, 0.000000, lapack_dtpmqrt
State, th15, TASK, 0.058269, 0.059045, 0.000777, 0.000000, lapack_dtpmqrt
State, th15, TASK, 0.059055, 0.059832, 0.000777, 0.000000, lapack_dtpmqrt
State, th15, TASK, 0.059836, 0.060606, 0.000770, 0.000000, lapack_dtpmqrt
State, th15, TASK, 0.060610, 0.061393, 0.000782, 0.000000, lapack_dtpmqrt
State, th15, TASK, 0.061396, 0.062186, 0.000789, 0.000000, lapack_dtpmqrt
State, th15, TASK, 0.062189, 0.062631, 0.000442, 0.000000, lapack_dlarfb
State, th15, TASK, 0.062635, 0.063419, 0.000784, 0.000000, lapack_dtpmqrt
State, th15, TASK, 0.063425, 0.064201, 0.000776, 0.000000, lapack_dtpmqrt
State, th15, TASK, 0.064205, 0.064981, 0.000776, 0.000000, lapack_dtpmqrt
State, th15, TASK, 0.064984, 0.065759, 0.000774, 0.000000, lapack_dtpmqrt
State, th15, TASK, 0.065763, 0.066199, 0.000437, 0.000000, lapack_dlarfb
State, th15, TASK, 0.066203, 0.066971, 0.000768, 0.000000, lapack_dtpmqrt
State, th15, TASK, 0.066976, 0.067737, 0.000761, 0.000000, lapack_dtpmqrt
State, th15, TASK, 0.067740, 0.068500, 0.000760, 0.000000, lapack_dtpmqrt
State, th15, TASK, 0.068504, 0.069264, 0.000760, 0.000000, lapack_dtpmqrt
State, th15, TASK, 0.069267, 0.070049, 0.000782, 0.000000, lapack_dtpmqrt
State, th15, TASK, 0.070053, 0.070485, 0.000432, 0.000000, lapack_dlarfb
State, th15, TASK, 0.070488, 0.071255, 0.000767, 0.000000, lapack_dtpmqrt
State, th15, TASK, 0.071260, 0.072027, 0.000767, 0.000000, lapack_dtpmqrt
State, th15, TASK, 0.072031, 0.072811, 0.000779, 0.000000, lapack_dtpmqrt
State, th15, TASK, 0.072815, 0.073589, 0.000774, 0.000000, lapack_dtpmqrt
State, th15, TASK, 0.073593, 0.074360, 0.000767, 0.000000, lapack_dtpmqrt
State, th15, TASK, 0.074363, 0.074807, 0.000443, 0.000000, lapack_dlarfb
State, th15, TASK, 0.074810, 0.075583, 0.000772, 0.000000, lapack_dtpmqrt
State, th15, TASK, 0.075588, 0.076348, 0.000760, 0.000000, lapack_dtpmqrt
State, th15, TASK, 0.076351, 0.077109, 0.000758, 0.000000, lapack_dtpmqrt
State, th15, TASK, 0.077113, 0.077873, 0.000761, 0.000000, lapack_dtpmqrt
State, th15, TASK, 0.077877, 0.078632, 0.000755, 0.000000, lapack_dtpmqrt
State, th15, TASK, 0.078636, 0.079398, 0.000762, 0.000000, lapack_dtpmqrt
State, th15, TASK, 0.079401, 0.080157, 0.000756, 0.000000, lapack_dtpmqrt
State, th15, TASK, 0.080161, 0.080907, 0.000746, 0.000000, lapack_dtpmqrt
State, th15, TASK, 0.080911, 0.081663, 0.000751, 0.000000, lapack_dtpmqrt
State, th15, TASK, 0.081667, 0.082105, 0.000438, 0.000000, lapack_dlarfb
State, th15, TASK, 0.082109, 0.082531, 0.000422, 0.000000, lapack_dlarfb
State, th15, TASK, 0.082536, 0.083294, 0.000758, 0.000000, lapack_dtpmqrt
State, th15, TASK, 0.083299, 0.084035, 0.000736, 0.000000, lapack_dtpmqrt
State, th15, TASK, 0.084039, 0.084777, 0.000738, 0.000000, lapack_dtpmqrt
State, th15, TASK, 0.084780, 0.085516, 0.000736, 0.000000, lapack_dtpmqrt
State, th15, TASK, 0.085520, 0.086264, 0.000745, 0.000000, lapack_dtpmqrt
State, th15, TASK, 0.086270, 0.087056, 0.000786, 0.000000, lapack_dtpmqrt
State, th15, TASK, 0.087061, 0.087825, 0.000764, 0.000000, lapack_dtpmqrt
State, th15, TASK, 0.087828, 0.088589, 0.000761, 0.000000, lapack_dtpmqrt
State, th15, TASK, 0.088593, 0.089355, 0.000762, 0.000000, lapack_dtpmqrt
State, th15, TASK, 0.089359, 0.090116, 0.000757, 0.000000, lapack_dtpmqrt
State, th15, TASK, 0.090120, 0.090904, 0.000785, 0.000000, lapack_dtpmqrt
State, th15, TASK, 0.090908, 0.091672, 0.000764, 0.000000, lapack_dtpmqrt
State, th15, TASK, 0.091675, 0.092448, 0.000772, 0.000000, lapack_dtpmqrt
State, th15, TASK, 0.092453, 0.093220, 0.000767, 0.000000, lapack_dtpmqrt
State, th15, TASK, 0.093225, 0.093985, 0.000760, 0.000000, lapack_dtpmqrt
State, th15, TASK, 0.093989, 0.094749, 0.000761, 0.000000, lapack_dtpmqrt
State, th15, TASK, 0.094754, 0.095524, 0.000770, 0.000000, lapack_dtpmqrt
State, th15, TASK, 0.095529, 0.096301, 0.000772, 0.000000, lapack_dtpmqrt
State, th15, TASK, 0.096305, 0.097064, 0.000759, 0.000000, lapack_dtpmqrt
State, th15, TASK, 0.097068, 0.097830, 0.000762, 0.000000, lapack_dtpmqrt
State, th15, TASK, 0.097833, 0.098592, 0.000759, 0.000000, lapack_dtpmqrt
State, th15, TASK, 0.098596, 0.099353, 0.000757, 0.000000, lapack_dtpmqrt
State, th15, TASK, 0.099357, 0.100106, 0.000748, 0.000000, lapack_dtpmqrt
State, th15, TASK, 0.100109, 0.100867, 0.000758, 0.000000, lapack_dtpmqrt
State, th15, TASK, 0.100871, 0.101632, 0.000761, 0.000000, lapack_dtpmqrt
State, th15, TASK, 0.101636, 0.102387, 0.000751, 0.000000, lapack_dtpmqrt
State, th15, TASK, 0.102391, 0.103154, 0.000763, 0.000000, lapack_dtpmqrt
State, th15, TASK, 0.103157, 0.103908, 0.000750, 0.000000, lapack_dtpmqrt
State, th15, TASK, 0.103911, 0.104663, 0.000752, 0.000000, lapack_dtpmqrt
State, th15, TASK, 0.104666, 0.105423, 0.000756, 0.000000, lapack_dtpmqrt
State, th15, TASK, 0.105426, 0.106181, 0.000755, 0.000000, lapack_dtpmqrt
State, th15, TASK, 0.106191, 0.106706, 0.000515, 0.000000, lapack_dtpqrt
State, th15, TASK, 0.106726, 0.107489, 0.000763, 0.000000, lapack_dtpmqrt
State, th15, TASK, 0.107493, 0.108253, 0.000760, 0.000000, lapack_dtpmqrt
State, th15, TASK, 0.108257, 0.109000, 0.000743, 0.000000, lapack_dtpmqrt
State, th15, TASK, 0.109003, 0.109763, 0.000760, 0.000000, lapack_dtpmqrt
State, th15, TASK, 0.109766, 0.110499, 0.000733, 0.000000, lapack_dtpmqrt
State, th15, TASK, 0.110502, 0.111242, 0.000740, 0.000000, lapack_dtpmqrt
State, th15, TASK, 0.111245, 0.111982, 0.000737, 0.000000, lapack_dtpmqrt
State, th15, TASK, 0.111986, 0.112718, 0.000732, 0.000000, lapack_dtpmqrt
State, th15, TASK, 0.112721, 0.113476, 0.000755, 0.000000, lapack_dtpmqrt
State, th15, TASK, 0.113479, 0.114213, 0.000734, 0.000000, lapack_dtpmqrt
State, th15, TASK, 0.114217, 0.114972, 0.000755, 0.000000, lapack_dtpmqrt
State, th15, TASK, 0.114976, 0.115712, 0.000736, 0.000000, lapack_dtpmqrt
State, th15, TASK, 0.115716, 0.116455, 0.000739, 0.000000, lapack_dtpmqrt
State, th15, TASK, 0.116458, 0.117193, 0.000735, 0.000000, lapack_dtpmqrt
State, th15, TASK, 0.117197, 0.117930, 0.000733, 0.000000, lapack_dtpmqrt
State, th15, TASK, 0.117933, 0.118688, 0.000755, 0.000000, lapack_dtpmqrt
State, th15, TASK, 0.118692, 0.119443, 0.000751, 0.000000, lapack_dtpmqrt
State, th15, TASK, 0.119447, 0.120186, 0.000739, 0.000000, lapack_dtpmqrt
State, th15, TASK, 0.120190, 0.120922, 0.000732, 0.000000, lapack_dtpmqrt
State, th15, TASK, 0.120926, 0.121694, 0.000768, 0.000000, lapack_dtpmqrt
State, th15, TASK, 0.121698, 0.122435, 0.000736, 0.000000, lapack_dtpmqrt
State, th15, TASK, 0.122438, 0.123183, 0.000745, 0.000000, lapack_dtpmqrt
State, th15, TASK, 0.123187, 0.123933, 0.000746, 0.000000, lapack_dtpmqrt
State, th15, TASK, 0.123936, 0.124674, 0.000738, 0.000000, lapack_dtpmqrt
State, th15, TASK, 0.124677, 0.125404, 0.000727, 0.000000, lapack_dtpmqrt
State, th15, TASK, 0.125408, 0.126142, 0.000734, 0.000000, lapack_dtpmqrt
State, th15, TASK, 0.126145, 0.126891, 0.000747, 0.000000, lapack_dtpmqrt
State, th15, TASK, 0.126895, 0.127630, 0.000735, 0.000000, lapack_dtpmqrt
State, th15, TASK, 0.127635, 0.128367, 0.000733, 0.000000, lapack_dtpmqrt
State, th15, TASK, 0.128371, 0.129137, 0.000766, 0.000000, lapack_dtpmqrt
State, th15, TASK, 0.129141, 0.129893, 0.000752, 0.000000, lapack_dtpmqrt
State, th15, TASK, 0.129897, 0.130644, 0.000747, 0.000000, lapack_dtpmqrt
State, th15, TASK, 0.130648, 0.131399, 0.000751, 0.000000, lapack_dtpmqrt
State, th15, TASK, 0.131405, 0.132179, 0.000774, 0.000000, lapack_dtpmqrt
State, th15, TASK, 0.132183, 0.132955, 0.000773, 0.000000, lapack_dtpmqrt
State, th15, TASK, 0.132959, 0.133732, 0.000773, 0.000000, lapack_dtpmqrt
State, th15, TASK, 0.133735, 0.134506, 0.000770, 0.000000, lapack_dtpmqrt
State, th15, TASK, 0.134509, 0.135288, 0.000779, 0.000000, lapack_dtpmqrt
State, th15, TASK, 0.135292, 0.136069, 0.000777, 0.000000, lapack_dtpmqrt
State, th15, TASK, 0.136073, 0.136854, 0.000781, 0.000000, lapack_dtpmqrt
State, th15, TASK, 0.136858, 0.137626, 0.000768, 0.000000, lapack_dtpmqrt
State, th15, TASK, 0.137630, 0.138400, 0.000770, 0.000000, lapack_dtpmqrt
State, th15, TASK, 0.138404, 0.139181, 0.000777, 0.000000, lapack_dtpmqrt
State, th15, TASK, 0.139185, 0.139945, 0.000760, 0.000000, lapack_dtpmqrt
State, th15, TASK, 0.139950, 0.140697, 0.000746, 0.000000, lapack_dtpmqrt
State, th15, TASK, 0.140701, 0.141434, 0.000734, 0.000000, lapack_dtpmqrt
State, th15, TASK, 0.141438, 0.142169, 0.000731, 0.000000, lapack_dtpmqrt
State, th15, TASK, 0.142172, 0.142916, 0.000744, 0.000000, lapack_dtpmqrt
State, th15, TASK, 0.142920, 0.143657, 0.000736, 0.000000, lapack_dtpmqrt
State, th15, TASK, 0.143662, 0.144405, 0.000743, 0.000000, lapack_dtpmqrt
State, th15, TASK, 0.144409, 0.145152, 0.000743, 0.000000, lapack_dtpmqrt
State, th15, TASK, 0.145156, 0.145895, 0.000740, 0.000000, lapack_dtpmqrt
State, th15, TASK, 0.145899, 0.146649, 0.000750, 0.000000, lapack_dtpmqrt
State, th15, TASK, 0.146652, 0.147411, 0.000759, 0.000000, lapack_dtpmqrt
State, th15, TASK, 0.147415, 0.148168, 0.000752, 0.000000, lapack_dtpmqrt
State, th15, TASK, 0.148171, 0.148927, 0.000756, 0.000000, lapack_dtpmqrt
State, th15, TASK, 0.148931, 0.149685, 0.000754, 0.000000, lapack_dtpmqrt
State, th15, TASK, 0.149688, 0.150444, 0.000756, 0.000000, lapack_dtpmqrt
State, th15, TASK, 0.150448, 0.151208, 0.000761, 0.000000, lapack_dtpmqrt
State, th15, TASK, 0.151212, 0.151971, 0.000758, 0.000000, lapack_dtpmqrt
State, th15, TASK, 0.151975, 0.152730, 0.000756, 0.000000, lapack_dtpmqrt
State, th15, TASK, 0.152734, 0.153487, 0.000753, 0.000000, lapack_dtpmqrt
State, th15, TASK, 0.153491, 0.154241, 0.000750, 0.000000, lapack_dtpmqrt
State, th15, TASK, 0.154250, 0.155005, 0.000755, 0.000000, lapack_dtpmqrt
State, th15, TASK, 0.155009, 0.155758, 0.000749, 0.000000, lapack_dtpmqrt
State, th15, TASK, 0.155762, 0.156511, 0.000749, 0.000000, lapack_dtpmqrt
State, th15, TASK, 0.156514, 0.157265, 0.000751, 0.000000, lapack_dtpmqrt
State, th15, TASK, 0.157269, 0.158019, 0.000750, 0.000000, lapack_dtpmqrt
State, th15, TASK, 0.158023, 0.158778, 0.000755, 0.000000, lapack_dtpmqrt
State, th15, TASK, 0.158782, 0.159540, 0.000758, 0.000000, lapack_dtpmqrt
State, th15, TASK, 0.159544, 0.160321, 0.000778, 0.000000, lapack_dtpmqrt
State, th15, TASK, 0.160326, 0.161085, 0.000760, 0.000000, lapack_dtpmqrt
State, th15, TASK, 0.161089, 0.161515, 0.000426, 0.000000, lapack_dlarfb
State, th15, TASK, 0.161518, 0.162282, 0.000763, 0.000000, lapack_dtpmqrt
State, th15, TASK, 0.162286, 0.163041, 0.000755, 0.000000, lapack_dtpmqrt
State, th15, TASK, 0.163044, 0.163785, 0.000741, 0.000000, lapack_dtpmqrt
State, th15, TASK, 0.163790, 0.164539, 0.000749, 0.000000, lapack_dtpmqrt
State, th15, TASK, 0.164542, 0.165296, 0.000753, 0.000000, lapack_dtpmqrt
State, th15, TASK, 0.165299, 0.166053, 0.000754, 0.000000, lapack_dtpmqrt
State, th15, TASK, 0.166057, 0.166809, 0.000752, 0.000000, lapack_dtpmqrt
State, th15, TASK, 0.166812, 0.167570, 0.000757, 0.000000, lapack_dtpmqrt
State, th15, TASK, 0.167574, 0.168324, 0.000750, 0.000000, lapack_dtpmqrt
State, th15, TASK, 0.168329, 0.169079, 0.000751, 0.000000, lapack_dtpmqrt
State, th15, TASK, 0.169083, 0.169841, 0.000758, 0.000000, lapack_dtpmqrt
State, th15, TASK, 0.169845, 0.170602, 0.000757, 0.000000, lapack_dtpmqrt
State, th15, TASK, 0.170606, 0.171360, 0.000754, 0.000000, lapack_dtpmqrt
State, th15, TASK, 0.171508, 0.172266, 0.000757, 0.000000, lapack_dtpmqrt
State, th15, TASK, 0.172270, 0.173010, 0.000741, 0.000000, lapack_dtpmqrt
State, th15, TASK, 0.173014, 0.173753, 0.000740, 0.000000, lapack_dtpmqrt
State, th15, TASK, 0.173757, 0.174500, 0.000742, 0.000000, lapack_dtpmqrt
State, th15, TASK, 0.174503, 0.175252, 0.000749, 0.000000, lapack_dtpmqrt
State, th15, TASK, 0.175256, 0.176000, 0.000743, 0.000000, lapack_dtpmqrt
State, th15, TASK, 0.176004, 0.176746, 0.000741, 0.000000, lapack_dtpmqrt
State, th15, TASK, 0.176749, 0.177490, 0.000741, 0.000000, lapack_dtpmqrt
State, th15, TASK, 0.177494, 0.178237, 0.000743, 0.000000, lapack_dtpmqrt
State, th15, TASK, 0.178241, 0.178984, 0.000743, 0.000000, lapack_dtpmqrt
State, th15, TASK, 0.178988, 0.179736, 0.000749, 0.000000, lapack_dtpmqrt
State, th15, TASK, 0.179740, 0.180485, 0.000745, 0.000000, lapack_dtpmqrt
State, th15, TASK, 0.180489, 0.181234, 0.000745, 0.000000, lapack_dtpmqrt
State, th15, TASK, 0.181238, 0.181983, 0.000745, 0.000000, lapack_dtpmqrt
State, th15, TASK, 0.181987, 0.182732, 0.000745, 0.000000, lapack_dtpmqrt
State, th15, TASK, 0.182737, 0.183489, 0.000752, 0.000000, lapack_dtpmqrt
State, th15, TASK, 0.183493, 0.184236, 0.000742, 0.000000, lapack_dtpmqrt
State, th15, TASK, 0.184240, 0.184985, 0.000745, 0.000000, lapack_dtpmqrt
State, th15, TASK, 0.184989, 0.185736, 0.000746, 0.000000, lapack_dtpmqrt
State, th15, TASK, 0.185739, 0.186481, 0.000742, 0.000000, lapack_dtpmqrt
State, th15, TASK, 0.186485, 0.187236, 0.000751, 0.000000, lapack_dtpmqrt
State, th15, TASK, 0.187240, 0.187981, 0.000741, 0.000000, lapack_dtpmqrt
State, th15, TASK, 0.187986, 0.188729, 0.000743, 0.000000, lapack_dtpmqrt
State, th15, TASK, 0.188733, 0.189472, 0.000740, 0.000000, lapack_dtpmqrt
State, th15, TASK, 0.189476, 0.190222, 0.000746, 0.000000, lapack_dtpmqrt
State, th15, TASK, 0.190226, 0.190994, 0.000768, 0.000000, lapack_dtpmqrt
State, th15, TASK, 0.190999, 0.191754, 0.000755, 0.000000, lapack_dtpmqrt
State, th15, TASK, 0.191759, 0.192502, 0.000743, 0.000000, lapack_dtpmqrt
State, th15, TASK, 0.192506, 0.193243, 0.000737, 0.000000, lapack_dtpmqrt
State, th15, TASK, 0.193246, 0.193983, 0.000736, 0.000000, lapack_dtpmqrt
State, th15, TASK, 0.193986, 0.194720, 0.000733, 0.000000, lapack_dtpmqrt
State, th15, TASK, 0.194731, 0.195483, 0.000752, 0.000000, lapack_dtpmqrt
State, th15, TASK, 0.195487, 0.196230, 0.000743, 0.000000, lapack_dtpmqrt
State, th15, TASK, 0.196234, 0.196976, 0.000743, 0.000000, lapack_dtpmqrt
State, th15, TASK, 0.196980, 0.197720, 0.000739, 0.000000, lapack_dtpmqrt
State, th15, TASK, 0.197723, 0.198463, 0.000740, 0.000000, lapack_dtpmqrt
State, th15, TASK, 0.198467, 0.199214, 0.000747, 0.000000, lapack_dtpmqrt
State, th15, TASK, 0.199217, 0.199960, 0.000742, 0.000000, lapack_dtpmqrt
State, th15, TASK, 0.199964, 0.200706, 0.000743, 0.000000, lapack_dtpmqrt
State, th15, TASK, 0.200710, 0.201449, 0.000739, 0.000000, lapack_dtpmqrt
State, th15, TASK, 0.201453, 0.202195, 0.000742, 0.000000, lapack_dtpmqrt
State, th15, TASK, 0.202208, 0.202955, 0.000747, 0.000000, lapack_dtpmqrt
State, th15, TASK, 0.202970, 0.203711, 0.000742, 0.000000, lapack_dtpmqrt
State, th15, TASK, 0.203715, 0.204451, 0.000736, 0.000000, lapack_dtpmqrt
State, th15, TASK, 0.204454, 0.205193, 0.000739, 0.000000, lapack_dtpmqrt
State, th15, TASK, 0.205197, 0.205935, 0.000738, 0.000000, lapack_dtpmqrt
State, th15, TASK, 0.205938, 0.206676, 0.000738, 0.000000, lapack_dtpmqrt
State, th15, TASK, 0.206680, 0.207425, 0.000745, 0.000000, lapack_dtpmqrt
State, th15, TASK, 0.207429, 0.208166, 0.000737, 0.000000, lapack_dtpmqrt
State, th15, TASK, 0.208169, 0.208906, 0.000736, 0.000000, lapack_dtpmqrt
State, th15, TASK, 0.208909, 0.209647, 0.000738, 0.000000, lapack_dtpmqrt
State, th15, TASK, 0.209651, 0.210385, 0.000735, 0.000000, lapack_dtpmqrt
State, th15, TASK, 0.210388, 0.211131, 0.000742, 0.000000, lapack_dtpmqrt
State, th15, TASK, 0.211135, 0.211872, 0.000736, 0.000000, lapack_dtpmqrt
State, th15, TASK, 0.211875, 0.212612, 0.000737, 0.000000, lapack_dtpmqrt
State, th15, TASK, 0.212615, 0.213353, 0.000737, 0.000000, lapack_dtpmqrt
State, th15, TASK, 0.213356, 0.214095, 0.000739, 0.000000, lapack_dtpmqrt
State, th15, TASK, 0.214099, 0.214833, 0.000734, 0.000000, lapack_dtpmqrt
State, th15, TASK, 0.214837, 0.215577, 0.000740, 0.000000, lapack_dtpmqrt
State, th15, TASK, 0.215615, 0.216354, 0.000739, 0.000000, lapack_dtpmqrt
State, th15, TASK, 0.216364, 0.217136, 0.000772, 0.000000, lapack_dtpmqrt
State, th15, TASK, 0.217140, 0.217898, 0.000758, 0.000000, lapack_dtpmqrt
State, th15, TASK, 0.217902, 0.218641, 0.000739, 0.000000, lapack_dtpmqrt
State, th15, TASK, 0.218645, 0.219390, 0.000745, 0.000000, lapack_dtpmqrt
State, th15, TASK, 0.219394, 0.220135, 0.000741, 0.000000, lapack_dtpmqrt
State, th15, TASK, 0.220139, 0.220879, 0.000741, 0.000000, lapack_dtpmqrt
State, th15, TASK, 0.220883, 0.221626, 0.000743, 0.000000, lapack_dtpmqrt
State, th15, TASK, 0.221630, 0.222380, 0.000750, 0.000000, lapack_dtpmqrt
State, th15, TASK, 0.222384, 0.223139, 0.000755, 0.000000, lapack_dtpmqrt
State, th15, TASK, 0.223144, 0.223888, 0.000745, 0.000000, lapack_dtpmqrt
State, th15, TASK, 0.223892, 0.224638, 0.000746, 0.000000, lapack_dtpmqrt
State, th15, TASK, 0.224643, 0.225393, 0.000750, 0.000000, lapack_dtpmqrt
State, th15, TASK, 0.225397, 0.226150, 0.000753, 0.000000, lapack_dtpmqrt
State, th15, TASK, 0.226154, 0.226919, 0.000765, 0.000000, lapack_dtpmqrt
State, th15, TASK, 0.226923, 0.227682, 0.000759, 0.000000, lapack_dtpmqrt
State, th15, TASK, 0.227686, 0.228439, 0.000752, 0.000000, lapack_dtpmqrt
State, th15, TASK, 0.228442, 0.229195, 0.000753, 0.000000, lapack_dtpmqrt
State, th15, TASK, 0.229199, 0.229949, 0.000750, 0.000000, lapack_dtpmqrt
State, th15, TASK, 0.229953, 0.230704, 0.000751, 0.000000, lapack_dtpmqrt
State, th15, TASK, 0.230708, 0.231471, 0.000763, 0.000000, lapack_dtpmqrt
State, th15, TASK, 0.231475, 0.232230, 0.000755, 0.000000, lapack_dtpmqrt
State, th15, TASK, 0.232234, 0.232988, 0.000754, 0.000000, lapack_dtpmqrt
State, th15, TASK, 0.232992, 0.233742, 0.000751, 0.000000, lapack_dtpmqrt
State, th15, TASK, 0.233755, 0.234176, 0.000421, 0.000000, lapack_dlarfb
State, th15, TASK, 0.234180, 0.234601, 0.000421, 0.000000, lapack_dlarfb
State, th15, TASK, 0.234671, 0.235451, 0.000780, 0.000000, lapack_dtpmqrt
State, th15, TASK, 0.235523, 0.236326, 0.000803, 0.000000, lapack_dtpmqrt
State, th15, TASK, 0.236330, 0.237104, 0.000774, 0.000000, lapack_dtpmqrt
State, th15, TASK, 0.237109, 0.237878, 0.000770, 0.000000, lapack_dtpmqrt
State, th15, TASK, 0.237882, 0.238645, 0.000763, 0.000000, lapack_dtpmqrt
State, th15, TASK, 0.238649, 0.239421, 0.000771, 0.000000, lapack_dtpmqrt
State, th15, TASK, 0.239426, 0.240196, 0.000770, 0.000000, lapack_dtpmqrt
State, th15, TASK, 0.240200, 0.240958, 0.000759, 0.000000, lapack_dtpmqrt
State, th15, TASK, 0.240962, 0.241718, 0.000756, 0.000000, lapack_dtpmqrt
State, th15, TASK, 0.241722, 0.242475, 0.000752, 0.000000, lapack_dtpmqrt
State, th15, TASK, 0.242478, 0.243245, 0.000767, 0.000000, lapack_dtpmqrt
State, th15, TASK, 0.243250, 0.244006, 0.000756, 0.000000, lapack_dtpmqrt
State, th15, TASK, 0.244010, 0.244766, 0.000755, 0.000000, lapack_dtpmqrt
State, th15, TASK, 0.244769, 0.245528, 0.000758, 0.000000, lapack_dtpmqrt
State, th15, TASK, 0.245531, 0.246287, 0.000756, 0.000000, lapack_dtpmqrt
State, th15, TASK, 0.246291, 0.247050, 0.000760, 0.000000, lapack_dtpmqrt
State, th15, TASK, 0.247054, 0.247811, 0.000756, 0.000000, lapack_dtpmqrt
State, th15, TASK, 0.247815, 0.248568, 0.000753, 0.000000, lapack_dtpmqrt
State, th15, TASK, 0.248571, 0.249327, 0.000756, 0.000000, lapack_dtpmqrt
State, th15, TASK, 0.249331, 0.250085, 0.000754, 0.000000, lapack_dtpmqrt
State, th15, TASK, 0.250093, 0.250847, 0.000754, 0.000000, lapack_dtpmqrt
State, th15, TASK, 0.250851, 0.251605, 0.000753, 0.000000, lapack_dtpmqrt
State, th15, TASK, 0.251609, 0.252353, 0.000744, 0.000000, lapack_dtpmqrt
State, th15, TASK, 0.252360, 0.253100, 0.000741, 0.000000, lapack_dtpmqrt
State, th15, TASK, 0.253104, 0.253870, 0.000766, 0.000000, lapack_dtpmqrt
State, th15, TASK, 0.253874, 0.254645, 0.000771, 0.000000, lapack_dtpmqrt
State, th15, TASK, 0.254649, 0.255421, 0.000772, 0.000000, lapack_dtpmqrt
State, th15, TASK, 0.255426, 0.256188, 0.000763, 0.000000, lapack_dtpmqrt
State, th15, TASK, 0.256192, 0.256952, 0.000759, 0.000000, lapack_dtpmqrt
State, th15, TASK, 0.256956, 0.257717, 0.000762, 0.000000, lapack_dtpmqrt
State, th15, TASK, 0.257721, 0.258489, 0.000767, 0.000000, lapack_dtpmqrt
State, th15, TASK, 0.258492, 0.259263, 0.000771, 0.000000, lapack_dtpmqrt
State, th15, TASK, 0.259268, 0.260028, 0.000761, 0.000000, lapack_dtpmqrt
State, th15, TASK, 0.260032, 0.260793, 0.000761, 0.000000, lapack_dtpmqrt
State, th15, TASK, 0.260797, 0.261559, 0.000762, 0.000000, lapack_dtpmqrt
State, th15, TASK, 0.261563, 0.262352, 0.000788, 0.000000, lapack_dtpmqrt
State, th15, TASK, 0.262355, 0.263130, 0.000775, 0.000000, lapack_dtpmqrt
State, th15, TASK, 0.263134, 0.263901, 0.000767, 0.000000, lapack_dtpmqrt
State, th15, TASK, 0.263906, 0.264664, 0.000759, 0.000000, lapack_dtpmqrt
State, th15, TASK, 0.264669, 0.265437, 0.000768, 0.000000, lapack_dtpmqrt
State, th15, TASK, 0.265441, 0.266220, 0.000780, 0.000000, lapack_dtpmqrt
State, th15, TASK, 0.266224, 0.267003, 0.000779, 0.000000, lapack_dtpmqrt
State, th15, TASK, 0.267007, 0.267774, 0.000767, 0.000000, lapack_dtpmqrt
State, th15, TASK, 0.267778, 0.268544, 0.000766, 0.000000, lapack_dtpmqrt
State, th15, TASK, 0.268555, 0.269346, 0.000791, 0.000000, lapack_dtpmqrt
State, th15, TASK, 0.269350, 0.270112, 0.000762, 0.000000, lapack_dtpmqrt
State, th15, TASK, 0.270116, 0.270898, 0.000782, 0.000000, lapack_dtpmqrt
State, th15, TASK, 0.270902, 0.271661, 0.000759, 0.000000, lapack_dtpmqrt
State, th15, TASK, 0.271665, 0.272425, 0.000760, 0.000000, lapack_dtpmqrt
State, th15, TASK, 0.272429, 0.273188, 0.000760, 0.000000, lapack_dtpmqrt
State, th15, TASK, 0.273192, 0.273948, 0.000756, 0.000000, lapack_dtpmqrt
State, th15, TASK, 0.273952, 0.274719, 0.000768, 0.000000, lapack_dtpmqrt
State, th15, TASK, 0.274724, 0.275487, 0.000763, 0.000000, lapack_dtpmqrt
State, th15, TASK, 0.275491, 0.276248, 0.000757, 0.000000, lapack_dtpmqrt
State, th15, TASK, 0.276253, 0.277011, 0.000758, 0.000000, lapack_dtpmqrt
State, th15, TASK, 0.277015, 0.277773, 0.000759, 0.000000, lapack_dtpmqrt
State, th15, TASK, 0.277777, 0.278542, 0.000764, 0.000000, lapack_dtpmqrt
State, th15, TASK, 0.278548, 0.279335, 0.000787, 0.000000, lapack_dtpmqrt
State, th15, TASK, 0.279339, 0.280138, 0.000799, 0.000000, lapack_dtpmqrt
State, th15, TASK, 0.280142, 0.280912, 0.000770, 0.000000, lapack_dtpmqrt
State, th15, TASK, 0.280916, 0.281688, 0.000772, 0.000000, lapack_dtpmqrt
State, th15, TASK, 0.281692, 0.282460, 0.000768, 0.000000, lapack_dtpmqrt
State, th15, TASK, 0.282463, 0.283235, 0.000772, 0.000000, lapack_dtpmqrt
State, th15, TASK, 0.283239, 0.284003, 0.000763, 0.000000, lapack_dtpmqrt
State, th15, TASK, 0.284007, 0.284768, 0.000761, 0.000000, lapack_dtpmqrt
State, th15, TASK, 0.284772, 0.285515, 0.000743, 0.000000, lapack_dtpmqrt
State, th15, TASK, 0.285519, 0.286263, 0.000743, 0.000000, lapack_dtpmqrt
State, th15, TASK, 0.286267, 0.287014, 0.000748, 0.000000, lapack_dtpmqrt
State, th15, TASK, 0.287019, 0.287760, 0.000741, 0.000000, lapack_dtpmqrt
State, th15, TASK, 0.287765, 0.288503, 0.000739, 0.000000, lapack_dtpmqrt
State, th15, TASK, 0.288508, 0.289239, 0.000731, 0.000000, lapack_dtpmqrt
State, th15, TASK, 0.289243, 0.289972, 0.000729, 0.000000, lapack_dtpmqrt
State, th15, TASK, 0.290035, 0.290806, 0.000770, 0.000000, lapack_dtpmqrt
State, th15, TASK, 0.290809, 0.291567, 0.000758, 0.000000, lapack_dtpmqrt
State, th15, TASK, 0.291572, 0.292325, 0.000754, 0.000000, lapack_dtpmqrt
State, th15, TASK, 0.292329, 0.293083, 0.000754, 0.000000, lapack_dtpmqrt
State, th15, TASK, 0.293087, 0.293838, 0.000751, 0.000000, lapack_dtpmqrt
State, th15, TASK, 0.293841, 0.294594, 0.000753, 0.000000, lapack_dtpmqrt
State, th15, TASK, 0.294598, 0.295354, 0.000756, 0.000000, lapack_dtpmqrt
State, th15, TASK, 0.295358, 0.296112, 0.000753, 0.000000, lapack_dtpmqrt
State, th15, TASK, 0.296115, 0.296869, 0.000754, 0.000000, lapack_dtpmqrt
State, th15, TASK, 0.296873, 0.297626, 0.000753, 0.000000, lapack_dtpmqrt
State, th15, TASK, 0.297630, 0.298383, 0.000753, 0.000000, lapack_dtpmqrt
State, th15, TASK, 0.298387, 0.299150, 0.000763, 0.000000, lapack_dtpmqrt
State, th15, TASK, 0.299159, 0.299924, 0.000765, 0.000000, lapack_dtpmqrt
State, th15, TASK, 0.299927, 0.300692, 0.000765, 0.000000, lapack_dtpmqrt
State, th15, TASK, 0.300698, 0.301135, 0.000437, 0.000000, lapack_dlarfb
State, th15, TASK, 0.301139, 0.301575, 0.000436, 0.000000, lapack_dlarfb
State, th15, TASK, 0.301694, 0.302449, 0.000755, 0.000000, lapack_dtpmqrt
State, th15, TASK, 0.302453, 0.303221, 0.000768, 0.000000, lapack_dtpmqrt
State, th15, TASK, 0.303226, 0.303985, 0.000759, 0.000000, lapack_dtpmqrt
State, th15, TASK, 0.303988, 0.304746, 0.000757, 0.000000, lapack_dtpmqrt
State, th15, TASK, 0.304749, 0.305508, 0.000759, 0.000000, lapack_dtpmqrt
State, th15, TASK, 0.305512, 0.306273, 0.000761, 0.000000, lapack_dtpmqrt
State, th15, TASK, 0.306277, 0.307039, 0.000763, 0.000000, lapack_dtpmqrt
State, th15, TASK, 0.307043, 0.307793, 0.000750, 0.000000, lapack_dtpmqrt
State, th15, TASK, 0.307797, 0.308560, 0.000763, 0.000000, lapack_dtpmqrt
State, th15, TASK, 0.308563, 0.309325, 0.000761, 0.000000, lapack_dtpmqrt
State, th15, TASK, 0.309329, 0.310091, 0.000762, 0.000000, lapack_dtpmqrt
State, th15, TASK, 0.310094, 0.310863, 0.000769, 0.000000, lapack_dtpmqrt
State, th15, TASK, 0.310866, 0.311624, 0.000757, 0.000000, lapack_dtpmqrt
State, th15, TASK, 0.311628, 0.312377, 0.000750, 0.000000, lapack_dtpmqrt
State, th15, TASK, 0.312382, 0.312817, 0.000434, 0.000000, lapack_dlarfb
State, th15, TASK, 0.312820, 0.313251, 0.000431, 0.000000, lapack_dlarfb
State, th15, TASK, 0.313395, 0.314175, 0.000780, 0.000000, lapack_dtpmqrt
State, th15, TASK, 0.314179, 0.314970, 0.000791, 0.000000, lapack_dtpmqrt
State, th15, TASK, 0.314974, 0.315756, 0.000782, 0.000000, lapack_dtpmqrt
State, th15, TASK, 0.315760, 0.316531, 0.000771, 0.000000, lapack_dtpmqrt
State, th15, TASK, 0.316535, 0.317296, 0.000761, 0.000000, lapack_dtpmqrt
State, th15, TASK, 0.317300, 0.318071, 0.000772, 0.000000, lapack_dtpmqrt
State, th15, TASK, 0.318075, 0.318841, 0.000766, 0.000000, lapack_dtpmqrt
State, th15, TASK, 0.318845, 0.319614, 0.000769, 0.000000, lapack_dtpmqrt
State, th15, TASK, 0.319618, 0.320388, 0.000770, 0.000000, lapack_dtpmqrt
State, th15, TASK, 0.320392, 0.320994, 0.000602, 0.000000, lapack_dgeqrt
State, th15, TASK, 0.321010, 0.321429, 0.000419, 0.000000, lapack_dlarfb
State, th15, TASK, 0.321432, 0.321842, 0.000410, 0.000000, lapack_dlarfb
State, th15, TASK, 0.321846, 0.322255, 0.000409, 0.000000, lapack_dlarfb
State, th15, TASK, 0.322258, 0.322668, 0.000410, 0.000000, lapack_dlarfb
State, th15, TASK, 0.322672, 0.323099, 0.000427, 0.000000, lapack_dlarfb
State, th15, TASK, 0.323294, 0.324069, 0.000775, 0.000000, lapack_dtpmqrt
State, th15, TASK, 0.324074, 0.324834, 0.000760, 0.000000, lapack_dtpmqrt
State, th15, TASK, 0.324838, 0.325595, 0.000757, 0.000000, lapack_dtpmqrt
State, th15, TASK, 0.325599, 0.326359, 0.000760, 0.000000, lapack_dtpmqrt
State, th15, TASK, 0.326365, 0.327132, 0.000767, 0.000000, lapack_dtpmqrt
State, th15, TASK, 0.327136, 0.327911, 0.000775, 0.000000, lapack_dtpmqrt
State, th15, TASK, 0.327915, 0.328692, 0.000777, 0.000000, lapack_dtpmqrt
State, th15, TASK, 0.328697, 0.329476, 0.000780, 0.000000, lapack_dtpmqrt
State, th15, TASK, 0.329480, 0.330247, 0.000767, 0.000000, lapack_dtpmqrt
State, th15, TASK, 0.330542, 0.331298, 0.000756, 0.000000, lapack_dtpmqrt
State, th15, TASK, 0.331303, 0.332041, 0.000739, 0.000000, lapack_dtpmqrt
State, th15, TASK, 0.332045, 0.332783, 0.000738, 0.000000, lapack_dtpmqrt
State, th15, TASK, 0.332787, 0.333528, 0.000741, 0.000000, lapack_dtpmqrt
State, th15, TASK, 0.333532, 0.334276, 0.000744, 0.000000, lapack_dtpmqrt
State, th15, TASK, 0.334279, 0.335027, 0.000747, 0.000000, lapack_dtpmqrt
State, th15, TASK, 0.335031, 0.335774, 0.000742, 0.000000, lapack_dtpmqrt
State, th15, TASK, 0.335778, 0.336517, 0.000739, 0.000000, lapack_dtpmqrt
State, th15, TASK, 0.336521, 0.337260, 0.000739, 0.000000, lapack_dtpmqrt
State, th15, TASK, 0.337264, 0.338000, 0.000736, 0.000000, lapack_dtpmqrt
State, th15, TASK, 0.338004, 0.338751, 0.000747, 0.000000, lapack_dtpmqrt
State, th15, TASK, 0.339134, 0.339923, 0.000789, 0.000000, lapack_dtpmqrt
State, th15, TASK, 0.339927, 0.340696, 0.000769, 0.000000, lapack_dtpmqrt
State, th15, TASK, 0.340700, 0.341468, 0.000768, 0.000000, lapack_dtpmqrt
State, th15, TASK, 0.341472, 0.342239, 0.000767, 0.000000, lapack_dtpmqrt
State, th15, TASK, 0.342243, 0.343014, 0.000771, 0.000000, lapack_dtpmqrt
State, th15, TASK, 0.343018, 0.343795, 0.000777, 0.000000, lapack_dtpmqrt
State, th15, TASK, 0.343800, 0.344605, 0.000805, 0.000000, lapack_dtpmqrt
State, th15, TASK, 0.344609, 0.345389, 0.000781, 0.000000, lapack_dtpmqrt
State, th15, TASK, 0.345393, 0.346165, 0.000772, 0.000000, lapack_dtpmqrt
State, th15, TASK, 0.346173, 0.346954, 0.000781, 0.000000, lapack_dtpmqrt
State, th15, TASK, 0.346958, 0.347728, 0.000769, 0.000000, lapack_dtpmqrt
State, th15, TASK, 0.347732, 0.348505, 0.000773, 0.000000, lapack_dtpmqrt
State, th15, TASK, 0.348510, 0.349278, 0.000768, 0.000000, lapack_dtpmqrt
State, th15, TASK, 0.349486, 0.349919, 0.000433, 0.000000, lapack_dlarfb
State, th15, TASK, 0.349923, 0.350361, 0.000438, 0.000000, lapack_dlarfb
State, th15, TASK, 0.350411, 0.351187, 0.000776, 0.000000, lapack_dtpmqrt
State, th15, TASK, 0.351191, 0.351960, 0.000769, 0.000000, lapack_dtpmqrt
State, th15, TASK, 0.351965, 0.352730, 0.000765, 0.000000, lapack_dtpmqrt
State, th15, TASK, 0.352733, 0.353469, 0.000736, 0.000000, lapack_dtpmqrt
State, th15, TASK, 0.353473, 0.353870, 0.000397, 0.000000, lapack_dgeqrt
State, th15, TASK, 0.353881, 0.354312, 0.000431, 0.000000, lapack_dlarfb
State, th15, TASK, 0.354315, 0.354726, 0.000411, 0.000000, lapack_dlarfb
State, th15, TASK, 0.354729, 0.355147, 0.000418, 0.000000, lapack_dlarfb
State, th15, TASK, 0.355394, 0.356188, 0.000794, 0.000000, lapack_dtpmqrt
State, th15, TASK, 0.356193, 0.356975, 0.000782, 0.000000, lapack_dtpmqrt
State, th15, TASK, 0.356979, 0.357756, 0.000777, 0.000000, lapack_dtpmqrt
State, th15, TASK, 0.357760, 0.358532, 0.000772, 0.000000, lapack_dtpmqrt
State, th15, TASK, 0.358541, 0.359293, 0.000752, 0.000000, lapack_dtpmqrt
State, th15, TASK, 0.359301, 0.359725, 0.000424, 0.000000, lapack_dlarfb
State, th15, TASK, 0.359734, 0.360260, 0.000526, 0.000000, lapack_dtpqrt
State, th15, TASK, 0.360280, 0.361038, 0.000758, 0.000000, lapack_dtpmqrt
State, th15, TASK, 0.361042, 0.361791, 0.000748, 0.000000, lapack_dtpmqrt
State, th15, TASK, 0.361795, 0.362566, 0.000772, 0.000000, lapack_dtpmqrt
State, th15, TASK, 0.362612, 0.363400, 0.000788, 0.000000, lapack_dtpmqrt
State, th15, TASK, 0.363405, 0.364188, 0.000784, 0.000000, lapack_dtpmqrt
State, th15, TASK, 0.364192, 0.364963, 0.000771, 0.000000, lapack_dtpmqrt
State, th15, TASK, 0.364977, 0.365751, 0.000774, 0.000000, lapack_dtpmqrt
State, th15, TASK, 0.365755, 0.366523, 0.000768, 0.000000, lapack_dtpmqrt
State, th15, TASK, 0.366527, 0.367311, 0.000784, 0.000000, lapack_dtpmqrt
State, th15, TASK, 0.367318, 0.368093, 0.000776, 0.000000, lapack_dtpmqrt
State, th15, TASK, 0.368142, 0.368877, 0.000735, 0.000000, lapack_dtpmqrt
State, th15, TASK, 0.368896, 0.369658, 0.000763, 0.000000, lapack_dtpmqrt
State, th15, TASK, 0.369663, 0.370101, 0.000437, 0.000000, lapack_dlarfb
State, th15, TASK, 0.370638, 0.371381, 0.000743, 0.000000, lapack_dtpmqrt
State, th15, TASK, 0.372196, 0.372993, 0.000797, 0.000000, lapack_dtpmqrt
State, th15, TASK, 0.372997, 0.373784, 0.000787, 0.000000, lapack_dtpmqrt
State, th15, TASK, 0.376697, 0.377242, 0.000545, 0.000000, lapack_dtpqrt
State, th14, TASK, 0.012273, 0.012990, 0.000716, 0.000000, lapack_dlarfb
State, th14, TASK, 0.014002, 0.015135, 0.001133, 0.000000, lapack_dtpmqrt
State, th14, TASK, 0.015141, 0.015924, 0.000783, 0.000000, lapack_dtpmqrt
State, th14, TASK, 0.015928, 0.016703, 0.000775, 0.000000, lapack_dtpmqrt
State, th14, TASK, 0.016708, 0.017456, 0.000748, 0.000000, lapack_dtpmqrt
State, th14, TASK, 0.017460, 0.018205, 0.000745, 0.000000, lapack_dtpmqrt
State, th14, TASK, 0.018209, 0.018960, 0.000750, 0.000000, lapack_dtpmqrt
State, th14, TASK, 0.018965, 0.019724, 0.000760, 0.000000, lapack_dtpmqrt
State, th14, TASK, 0.019728, 0.020474, 0.000746, 0.000000, lapack_dtpmqrt
State, th14, TASK, 0.020478, 0.021247, 0.000769, 0.000000, lapack_dtpmqrt
State, th14, TASK, 0.021253, 0.021813, 0.000560, 0.000000, lapack_dtpqrt
State, th14, TASK, 0.021832, 0.022586, 0.000753, 0.000000, lapack_dtpmqrt
State, th14, TASK, 0.022589, 0.023341, 0.000752, 0.000000, lapack_dtpmqrt
State, th14, TASK, 0.023345, 0.024092, 0.000746, 0.000000, lapack_dtpmqrt
State, th14, TASK, 0.024096, 0.024834, 0.000739, 0.000000, lapack_dtpmqrt
State, th14, TASK, 0.024838, 0.025578, 0.000740, 0.000000, lapack_dtpmqrt
State, th14, TASK, 0.025582, 0.026323, 0.000741, 0.000000, lapack_dtpmqrt
State, th14, TASK, 0.026328, 0.027078, 0.000750, 0.000000, lapack_dtpmqrt
State, th14, TASK, 0.027082, 0.027839, 0.000757, 0.000000, lapack_dtpmqrt
State, th14, TASK, 0.027843, 0.028622, 0.000779, 0.000000, lapack_dtpmqrt
State, th14, TASK, 0.028627, 0.029377, 0.000750, 0.000000, lapack_dtpmqrt
State, th14, TASK, 0.029381, 0.030146, 0.000766, 0.000000, lapack_dtpmqrt
State, th14, TASK, 0.030150, 0.030913, 0.000763, 0.000000, lapack_dtpmqrt
State, th14, TASK, 0.030917, 0.031673, 0.000756, 0.000000, lapack_dtpmqrt
State, th14, TASK, 0.031677, 0.032439, 0.000762, 0.000000, lapack_dtpmqrt
State, th14, TASK, 0.032443, 0.032878, 0.000435, 0.000000, lapack_dlarfb
State, th14, TASK, 0.032884, 0.033412, 0.000528, 0.000000, lapack_dtpqrt
State, th14, TASK, 0.033426, 0.034168, 0.000742, 0.000000, lapack_dtpmqrt
State, th14, TASK, 0.034171, 0.034969, 0.000798, 0.000000, lapack_dtpmqrt
State, th14, TASK, 0.034975, 0.036031, 0.001056, 0.000000, lapack_dtpqrt
State, th14, TASK, 0.036047, 0.036804, 0.000757, 0.000000, lapack_dtpmqrt
State, th14, TASK, 0.036808, 0.037348, 0.000539, 0.000000, lapack_dtpqrt
State, th14, TASK, 0.037361, 0.038119, 0.000757, 0.000000, lapack_dtpmqrt
State, th14, TASK, 0.038124, 0.038883, 0.000760, 0.000000, lapack_dtpmqrt
State, th14, TASK, 0.038888, 0.039631, 0.000744, 0.000000, lapack_dtpmqrt
State, th14, TASK, 0.039635, 0.040367, 0.000732, 0.000000, lapack_dtpmqrt
State, th14, TASK, 0.040372, 0.041141, 0.000769, 0.000000, lapack_dtpmqrt
State, th14, TASK, 0.041144, 0.041898, 0.000754, 0.000000, lapack_dtpmqrt
State, th14, TASK, 0.041902, 0.042660, 0.000758, 0.000000, lapack_dtpmqrt
State, th14, TASK, 0.042664, 0.043406, 0.000743, 0.000000, lapack_dtpmqrt
State, th14, TASK, 0.043411, 0.044149, 0.000738, 0.000000, lapack_dtpmqrt
State, th14, TASK, 0.044153, 0.044884, 0.000731, 0.000000, lapack_dtpmqrt
State, th14, TASK, 0.044888, 0.045398, 0.000510, 0.000000, lapack_dtpqrt
State, th14, TASK, 0.045421, 0.046159, 0.000738, 0.000000, lapack_dtpmqrt
State, th14, TASK, 0.046163, 0.046685, 0.000522, 0.000000, lapack_dtpqrt
State, th14, TASK, 0.046699, 0.047500, 0.000801, 0.000000, lapack_dtpmqrt
State, th14, TASK, 0.047505, 0.048289, 0.000785, 0.000000, lapack_dtpmqrt
State, th14, TASK, 0.048294, 0.049077, 0.000783, 0.000000, lapack_dtpmqrt
State, th14, TASK, 0.049081, 0.049822, 0.000741, 0.000000, lapack_dtpmqrt
State, th14, TASK, 0.049827, 0.050568, 0.000741, 0.000000, lapack_dtpmqrt
State, th14, TASK, 0.050571, 0.051321, 0.000750, 0.000000, lapack_dtpmqrt
State, th14, TASK, 0.051326, 0.051879, 0.000553, 0.000000, lapack_dtpqrt
State, th14, TASK, 0.051893, 0.052660, 0.000767, 0.000000, lapack_dtpmqrt
State, th14, TASK, 0.052664, 0.053425, 0.000761, 0.000000, lapack_dtpmqrt
State, th14, TASK, 0.053429, 0.054175, 0.000746, 0.000000, lapack_dtpmqrt
State, th14, TASK, 0.054178, 0.054970, 0.000791, 0.000000, lapack_dtpmqrt
State, th14, TASK, 0.054974, 0.055736, 0.000763, 0.000000, lapack_dtpmqrt
State, th14, TASK, 0.055740, 0.056272, 0.000532, 0.000000, lapack_dtpqrt
State, th14, TASK, 0.056290, 0.057038, 0.000748, 0.000000, lapack_dtpmqrt
State, th14, TASK, 0.057042, 0.057791, 0.000749, 0.000000, lapack_dtpmqrt
State, th14, TASK, 0.057795, 0.058571, 0.000777, 0.000000, lapack_dtpmqrt
State, th14, TASK, 0.058575, 0.059336, 0.000761, 0.000000, lapack_dtpmqrt
State, th14, TASK, 0.059341, 0.060091, 0.000750, 0.000000, lapack_dtpmqrt
State, th14, TASK, 0.060099, 0.060844, 0.000744, 0.000000, lapack_dtpmqrt
State, th14, TASK, 0.060847, 0.061592, 0.000745, 0.000000, lapack_dtpmqrt
State, th14, TASK, 0.061597, 0.062341, 0.000744, 0.000000, lapack_dtpmqrt
State, th14, TASK, 0.062345, 0.062887, 0.000542, 0.000000, lapack_dtpqrt
State, th14, TASK, 0.062904, 0.063661, 0.000757, 0.000000, lapack_dtpmqrt
State, th14, TASK, 0.063664, 0.064416, 0.000752, 0.000000, lapack_dtpmqrt
State, th14, TASK, 0.064420, 0.065164, 0.000743, 0.000000, lapack_dtpmqrt
State, th14, TASK, 0.065167, 0.065912, 0.000745, 0.000000, lapack_dtpmqrt
State, th14, TASK, 0.065916, 0.066658, 0.000743, 0.000000, lapack_dtpmqrt
State, th14, TASK, 0.066662, 0.067411, 0.000749, 0.000000, lapack_dtpmqrt
State, th14, TASK, 0.067415, 0.068169, 0.000754, 0.000000, lapack_dtpmqrt
State, th14, TASK, 0.068173, 0.068923, 0.000750, 0.000000, lapack_dtpmqrt
State, th14, TASK, 0.068926, 0.069467, 0.000541, 0.000000, lapack_dtpqrt
State, th14, TASK, 0.069483, 0.070242, 0.000760, 0.000000, lapack_dtpmqrt
State, th14, TASK, 0.070246, 0.071006, 0.000759, 0.000000, lapack_dtpmqrt
State, th14, TASK, 0.071009, 0.071786, 0.000777, 0.000000, lapack_dtpmqrt
State, th14, TASK, 0.071789, 0.072541, 0.000752, 0.000000, lapack_dtpmqrt
State, th14, TASK, 0.072544, 0.073287, 0.000743, 0.000000, lapack_dtpmqrt
State, th14, TASK, 0.073291, 0.074036, 0.000745, 0.000000, lapack_dtpmqrt
State, th14, TASK, 0.074039, 0.074783, 0.000744, 0.000000, lapack_dtpmqrt
State, th14, TASK, 0.074786, 0.075533, 0.000746, 0.000000, lapack_dtpmqrt
State, th14, TASK, 0.075537, 0.076274, 0.000737, 0.000000, lapack_dtpmqrt
State, th14, TASK, 0.076280, 0.077018, 0.000738, 0.000000, lapack_dtpmqrt
State, th14, TASK, 0.077021, 0.077560, 0.000539, 0.000000, lapack_dtpqrt
State, th14, TASK, 0.077580, 0.078339, 0.000759, 0.000000, lapack_dtpmqrt
State, th14, TASK, 0.078343, 0.079119, 0.000775, 0.000000, lapack_dtpmqrt
State, th14, TASK, 0.079123, 0.079885, 0.000762, 0.000000, lapack_dtpmqrt
State, th14, TASK, 0.079889, 0.080636, 0.000747, 0.000000, lapack_dtpmqrt
State, th14, TASK, 0.080640, 0.081393, 0.000754, 0.000000, lapack_dtpmqrt
State, th14, TASK, 0.081397, 0.082139, 0.000742, 0.000000, lapack_dtpmqrt
State, th14, TASK, 0.082143, 0.082888, 0.000745, 0.000000, lapack_dtpmqrt
State, th14, TASK, 0.082892, 0.083636, 0.000744, 0.000000, lapack_dtpmqrt
State, th14, TASK, 0.083639, 0.084382, 0.000743, 0.000000, lapack_dtpmqrt
State, th14, TASK, 0.084386, 0.085141, 0.000755, 0.000000, lapack_dtpmqrt
State, th14, TASK, 0.085145, 0.085892, 0.000748, 0.000000, lapack_dtpmqrt
State, th14, TASK, 0.085895, 0.086637, 0.000742, 0.000000, lapack_dtpmqrt
State, th14, TASK, 0.086641, 0.087398, 0.000757, 0.000000, lapack_dtpmqrt
State, th14, TASK, 0.087402, 0.088161, 0.000759, 0.000000, lapack_dtpmqrt
State, th14, TASK, 0.088165, 0.088925, 0.000760, 0.000000, lapack_dtpmqrt
State, th14, TASK, 0.088928, 0.089679, 0.000751, 0.000000, lapack_dtpmqrt
State, th14, TASK, 0.089683, 0.090441, 0.000758, 0.000000, lapack_dtpmqrt
State, th14, TASK, 0.090445, 0.090996, 0.000551, 0.000000, lapack_dtpqrt
State, th14, TASK, 0.091011, 0.091772, 0.000761, 0.000000, lapack_dtpmqrt
State, th14, TASK, 0.091775, 0.092552, 0.000777, 0.000000, lapack_dtpmqrt
State, th14, TASK, 0.092556, 0.093306, 0.000750, 0.000000, lapack_dtpmqrt
State, th14, TASK, 0.093310, 0.094076, 0.000766, 0.000000, lapack_dtpmqrt
State, th14, TASK, 0.094081, 0.094866, 0.000785, 0.000000, lapack_dtpmqrt
State, th14, TASK, 0.094870, 0.095644, 0.000774, 0.000000, lapack_dtpmqrt
State, th14, TASK, 0.095648, 0.096416, 0.000769, 0.000000, lapack_dtpmqrt
State, th14, TASK, 0.096420, 0.097187, 0.000767, 0.000000, lapack_dtpmqrt
State, th14, TASK, 0.097191, 0.097962, 0.000771, 0.000000, lapack_dtpmqrt
State, th14, TASK, 0.097965, 0.098724, 0.000758, 0.000000, lapack_dtpmqrt
State, th14, TASK, 0.098727, 0.099492, 0.000765, 0.000000, lapack_dtpmqrt
State, th14, TASK, 0.099497, 0.100256, 0.000759, 0.000000, lapack_dtpmqrt
State, th14, TASK, 0.100260, 0.101016, 0.000756, 0.000000, lapack_dtpmqrt
State, th14, TASK, 0.101019, 0.101777, 0.000757, 0.000000, lapack_dtpmqrt
State, th14, TASK, 0.101780, 0.102537, 0.000756, 0.000000, lapack_dtpmqrt
State, th14, TASK, 0.102541, 0.103330, 0.000789, 0.000000, lapack_dtpmqrt
State, th14, TASK, 0.103334, 0.104103, 0.000769, 0.000000, lapack_dtpmqrt
State, th14, TASK, 0.104107, 0.104868, 0.000761, 0.000000, lapack_dtpmqrt
State, th14, TASK, 0.104872, 0.105638, 0.000766, 0.000000, lapack_dtpmqrt
State, th14, TASK, 0.105641, 0.106401, 0.000760, 0.000000, lapack_dtpmqrt
State, th14, TASK, 0.106405, 0.107173, 0.000768, 0.000000, lapack_dtpmqrt
State, th14, TASK, 0.107178, 0.107941, 0.000764, 0.000000, lapack_dtpmqrt
State, th14, TASK, 0.107949, 0.108714, 0.000765, 0.000000, lapack_dtpmqrt
State, th14, TASK, 0.108718, 0.109488, 0.000770, 0.000000, lapack_dtpmqrt
State, th14, TASK, 0.109492, 0.110281, 0.000789, 0.000000, lapack_dtpmqrt
State, th14, TASK, 0.110286, 0.111076, 0.000790, 0.000000, lapack_dtpmqrt
State, th14, TASK, 0.111080, 0.111843, 0.000763, 0.000000, lapack_dtpmqrt
State, th14, TASK, 0.111847, 0.112610, 0.000763, 0.000000, lapack_dtpmqrt
State, th14, TASK, 0.112614, 0.113378, 0.000764, 0.000000, lapack_dtpmqrt
State, th14, TASK, 0.113381, 0.114145, 0.000763, 0.000000, lapack_dtpmqrt
State, th14, TASK, 0.114148, 0.114922, 0.000774, 0.000000, lapack_dtpmqrt
State, th14, TASK, 0.114926, 0.115692, 0.000765, 0.000000, lapack_dtpmqrt
State, th14, TASK, 0.115696, 0.116464, 0.000768, 0.000000, lapack_dtpmqrt
State, th14, TASK, 0.116468, 0.117239, 0.000770, 0.000000, lapack_dtpmqrt
State, th14, TASK, 0.117243, 0.118010, 0.000767, 0.000000, lapack_dtpmqrt
State, th14, TASK, 0.118015, 0.118785, 0.000771, 0.000000, lapack_dtpmqrt
State, th14, TASK, 0.118789, 0.119576, 0.000787, 0.000000, lapack_dtpmqrt
State, th14, TASK, 0.119580, 0.120347, 0.000767, 0.000000, lapack_dtpmqrt
State, th14, TASK, 0.120351, 0.121120, 0.000768, 0.000000, lapack_dtpmqrt
State, th14, TASK, 0.121124, 0.121898, 0.000775, 0.000000, lapack_dtpmqrt
State, th14, TASK, 0.121903, 0.122679, 0.000775, 0.000000, lapack_dtpmqrt
State, th14, TASK, 0.122683, 0.123458, 0.000776, 0.000000, lapack_dtpmqrt
State, th14, TASK, 0.123462, 0.124230, 0.000768, 0.000000, lapack_dtpmqrt
State, th14, TASK, 0.124234, 0.124998, 0.000764, 0.000000, lapack_dtpmqrt
State, th14, TASK, 0.125002, 0.125774, 0.000772, 0.000000, lapack_dtpmqrt
State, th14, TASK, 0.125778, 0.126549, 0.000771, 0.000000, lapack_dtpmqrt
State, th14, TASK, 0.126553, 0.127322, 0.000769, 0.000000, lapack_dtpmqrt
State, th14, TASK, 0.127327, 0.128109, 0.000782, 0.000000, lapack_dtpmqrt
State, th14, TASK, 0.128112, 0.128880, 0.000768, 0.000000, lapack_dtpmqrt
State, th14, TASK, 0.128886, 0.129659, 0.000773, 0.000000, lapack_dtpmqrt
State, th14, TASK, 0.129662, 0.130436, 0.000774, 0.000000, lapack_dtpmqrt
State, th14, TASK, 0.130441, 0.131213, 0.000772, 0.000000, lapack_dtpmqrt
State, th14, TASK, 0.131218, 0.131983, 0.000766, 0.000000, lapack_dtpmqrt
State, th14, TASK, 0.131987, 0.132744, 0.000757, 0.000000, lapack_dtpmqrt
State, th14, TASK, 0.132748, 0.133517, 0.000769, 0.000000, lapack_dtpmqrt
State, th14, TASK, 0.133521, 0.134286, 0.000765, 0.000000, lapack_dtpmqrt
State, th14, TASK, 0.134290, 0.135062, 0.000772, 0.000000, lapack_dtpmqrt
State, th14, TASK, 0.135066, 0.135829, 0.000763, 0.000000, lapack_dtpmqrt
State, th14, TASK, 0.135833, 0.136602, 0.000768, 0.000000, lapack_dtpmqrt
State, th14, TASK, 0.136606, 0.137364, 0.000758, 0.000000, lapack_dtpmqrt
State, th14, TASK, 0.137367, 0.138126, 0.000758, 0.000000, lapack_dtpmqrt
State, th14, TASK, 0.138129, 0.138901, 0.000772, 0.000000, lapack_dtpmqrt
State, th14, TASK, 0.138905, 0.139664, 0.000760, 0.000000, lapack_dtpmqrt
State, th14, TASK, 0.139668, 0.140428, 0.000760, 0.000000, lapack_dtpmqrt
State, th14, TASK, 0.140433, 0.141211, 0.000779, 0.000000, lapack_dtpmqrt
State, th14, TASK, 0.141216, 0.141989, 0.000773, 0.000000, lapack_dtpmqrt
State, th14, TASK, 0.141993, 0.142769, 0.000776, 0.000000, lapack_dtpmqrt
State, th14, TASK, 0.142773, 0.143557, 0.000784, 0.000000, lapack_dtpmqrt
State, th14, TASK, 0.143561, 0.144338, 0.000777, 0.000000, lapack_dtpmqrt
State, th14, TASK, 0.144341, 0.145106, 0.000765, 0.000000, lapack_dtpmqrt
State, th14, TASK, 0.145110, 0.145874, 0.000764, 0.000000, lapack_dtpmqrt
State, th14, TASK, 0.145877, 0.146638, 0.000762, 0.000000, lapack_dtpmqrt
State, th14, TASK, 0.146643, 0.147425, 0.000782, 0.000000, lapack_dtpmqrt
State, th14, TASK, 0.147430, 0.148203, 0.000773, 0.000000, lapack_dtpmqrt
State, th14, TASK, 0.148207, 0.148982, 0.000775, 0.000000, lapack_dtpmqrt
State, th14, TASK, 0.148986, 0.149744, 0.000758, 0.000000, lapack_dtpmqrt
State, th14, TASK, 0.149747, 0.150503, 0.000756, 0.000000, lapack_dtpmqrt
State, th14, TASK, 0.150506, 0.151271, 0.000764, 0.000000, lapack_dtpmqrt
State, th14, TASK, 0.151275, 0.152032, 0.000757, 0.000000, lapack_dtpmqrt
State, th14, TASK, 0.152036, 0.152815, 0.000779, 0.000000, lapack_dtpmqrt
State, th14, TASK, 0.152819, 0.153590, 0.000771, 0.000000, lapack_dtpmqrt
State, th14, TASK, 0.153595, 0.154360, 0.000766, 0.000000, lapack_dtpmqrt
State, th14, TASK, 0.154364, 0.155138, 0.000773, 0.000000, lapack_dtpmqrt
State, th14, TASK, 0.155143, 0.155907, 0.000765, 0.000000, lapack_dtpmqrt
State, th14, TASK, 0.155911, 0.156672, 0.000762, 0.000000, lapack_dtpmqrt
State, th14, TASK, 0.156676, 0.157442, 0.000766, 0.000000, lapack_dtpmqrt
State, th14, TASK, 0.157451, 0.158217, 0.000766, 0.000000, lapack_dtpmqrt
State, th14, TASK, 0.158220, 0.158991, 0.000772, 0.000000, lapack_dtpmqrt
State, th14, TASK, 0.158997, 0.159758, 0.000761, 0.000000, lapack_dtpmqrt
State, th14, TASK, 0.159761, 0.160518, 0.000757, 0.000000, lapack_dtpmqrt
State, th14, TASK, 0.160522, 0.161282, 0.000760, 0.000000, lapack_dtpmqrt
State, th14, TASK, 0.161287, 0.162052, 0.000766, 0.000000, lapack_dtpmqrt
State, th14, TASK, 0.162056, 0.162821, 0.000765, 0.000000, lapack_dtpmqrt
State, th14, TASK, 0.162825, 0.163601, 0.000776, 0.000000, lapack_dtpmqrt
State, th14, TASK, 0.163605, 0.164371, 0.000767, 0.000000, lapack_dtpmqrt
State, th14, TASK, 0.164375, 0.165141, 0.000765, 0.000000, lapack_dtpmqrt
State, th14, TASK, 0.165144, 0.165906, 0.000762, 0.000000, lapack_dtpmqrt
State, th14, TASK, 0.165910, 0.166666, 0.000756, 0.000000, lapack_dtpmqrt
State, th14, TASK, 0.166670, 0.167442, 0.000772, 0.000000, lapack_dtpmqrt
State, th14, TASK, 0.167448, 0.168215, 0.000767, 0.000000, lapack_dtpmqrt
State, th14, TASK, 0.168219, 0.168981, 0.000762, 0.000000, lapack_dtpmqrt
State, th14, TASK, 0.168985, 0.169745, 0.000760, 0.000000, lapack_dtpmqrt
State, th14, TASK, 0.169750, 0.170540, 0.000790, 0.000000, lapack_dtpmqrt
State, th14, TASK, 0.170546, 0.171314, 0.000768, 0.000000, lapack_dtpmqrt
State, th14, TASK, 0.171508, 0.172037, 0.000530, 0.000000, lapack_dtpqrt
State, th14, TASK, 0.172049, 0.172575, 0.000525, 0.000000, lapack_dtpqrt
State, th14, TASK, 0.172585, 0.173115, 0.000530, 0.000000, lapack_dtpqrt
State, th14, TASK, 0.173126, 0.173653, 0.000527, 0.000000, lapack_dtpqrt
State, th14, TASK, 0.173666, 0.174196, 0.000530, 0.000000, lapack_dtpqrt
State, th14, TASK, 0.174207, 0.174736, 0.000529, 0.000000, lapack_dtpqrt
State, th14, TASK, 0.174747, 0.175286, 0.000539, 0.000000, lapack_dtpqrt
State, th14, TASK, 0.175297, 0.175827, 0.000530, 0.000000, lapack_dtpqrt
State, th14, TASK, 0.175839, 0.176369, 0.000530, 0.000000, lapack_dtpqrt
State, th14, TASK, 0.176381, 0.176911, 0.000530, 0.000000, lapack_dtpqrt
State, th14, TASK, 0.176922, 0.177452, 0.000530, 0.000000, lapack_dtpqrt
State, th14, TASK, 0.177463, 0.177994, 0.000531, 0.000000, lapack_dtpqrt
State, th14, TASK, 0.178005, 0.178536, 0.000530, 0.000000, lapack_dtpqrt
State, th14, TASK, 0.178547, 0.179083, 0.000536, 0.000000, lapack_dtpqrt
State, th14, TASK, 0.179095, 0.179625, 0.000530, 0.000000, lapack_dtpqrt
State, th14, TASK, 0.179636, 0.180166, 0.000530, 0.000000, lapack_dtpqrt
State, th14, TASK, 0.180178, 0.180706, 0.000528, 0.000000, lapack_dtpqrt
State, th14, TASK, 0.180717, 0.181247, 0.000530, 0.000000, lapack_dtpqrt
State, th14, TASK, 0.181259, 0.181789, 0.000530, 0.000000, lapack_dtpqrt
State, th14, TASK, 0.181800, 0.182324, 0.000524, 0.000000, lapack_dtpqrt
State, th14, TASK, 0.182336, 0.182868, 0.000532, 0.000000, lapack_dtpqrt
State, th14, TASK, 0.182888, 0.183402, 0.000514, 0.000000, lapack_dtpqrt
State, th14, TASK, 0.183413, 0.183944, 0.000531, 0.000000, lapack_dtpqrt
State, th14, TASK, 0.183956, 0.184723, 0.000767, 0.000000, lapack_dtpmqrt
State, th14, TASK, 0.184727, 0.185485, 0.000758, 0.000000, lapack_dtpmqrt
State, th14, TASK, 0.185489, 0.186250, 0.000762, 0.000000, lapack_dtpmqrt
State, th14, TASK, 0.186254, 0.187021, 0.000767, 0.000000, lapack_dtpmqrt
State, th14, TASK, 0.187025, 0.187786, 0.000761, 0.000000, lapack_dtpmqrt
State, th14, TASK, 0.187791, 0.188550, 0.000760, 0.000000, lapack_dtpmqrt
State, th14, TASK, 0.188554, 0.189321, 0.000767, 0.000000, lapack_dtpmqrt
State, th14, TASK, 0.189325, 0.190094, 0.000769, 0.000000, lapack_dtpmqrt
State, th14, TASK, 0.190098, 0.190863, 0.000765, 0.000000, lapack_dtpmqrt
State, th14, TASK, 0.190868, 0.191646, 0.000777, 0.000000, lapack_dtpmqrt
State, th14, TASK, 0.191650, 0.192417, 0.000767, 0.000000, lapack_dtpmqrt
State, th14, TASK, 0.192420, 0.193187, 0.000767, 0.000000, lapack_dtpmqrt
State, th14, TASK, 0.193192, 0.193957, 0.000766, 0.000000, lapack_dtpmqrt
State, th14, TASK, 0.193961, 0.194727, 0.000766, 0.000000, lapack_dtpmqrt
State, th14, TASK, 0.194833, 0.195597, 0.000765, 0.000000, lapack_dtpmqrt
State, th14, TASK, 0.195602, 0.196373, 0.000771, 0.000000, lapack_dtpmqrt
State, th14, TASK, 0.196376, 0.197143, 0.000767, 0.000000, lapack_dtpmqrt
State, th14, TASK, 0.197147, 0.197914, 0.000767, 0.000000, lapack_dtpmqrt
State, th14, TASK, 0.197918, 0.198672, 0.000754, 0.000000, lapack_dtpmqrt
State, th14, TASK, 0.198676, 0.199441, 0.000765, 0.000000, lapack_dtpmqrt
State, th14, TASK, 0.199445, 0.200198, 0.000753, 0.000000, lapack_dtpmqrt
State, th14, TASK, 0.200202, 0.200954, 0.000752, 0.000000, lapack_dtpmqrt
State, th14, TASK, 0.200958, 0.201724, 0.000765, 0.000000, lapack_dtpmqrt
State, th14, TASK, 0.201733, 0.202496, 0.000764, 0.000000, lapack_dtpmqrt
State, th14, TASK, 0.202500, 0.203282, 0.000782, 0.000000, lapack_dtpmqrt
State, th14, TASK, 0.203287, 0.204058, 0.000771, 0.000000, lapack_dtpmqrt
State, th14, TASK, 0.204062, 0.204830, 0.000769, 0.000000, lapack_dtpmqrt
State, th14, TASK, 0.204834, 0.205603, 0.000769, 0.000000, lapack_dtpmqrt
State, th14, TASK, 0.205607, 0.206383, 0.000777, 0.000000, lapack_dtpmqrt
State, th14, TASK, 0.206387, 0.207157, 0.000770, 0.000000, lapack_dtpmqrt
State, th14, TASK, 0.207161, 0.207936, 0.000774, 0.000000, lapack_dtpmqrt
State, th14, TASK, 0.207940, 0.208707, 0.000767, 0.000000, lapack_dtpmqrt
State, th14, TASK, 0.208719, 0.209489, 0.000771, 0.000000, lapack_dtpmqrt
State, th14, TASK, 0.209493, 0.210257, 0.000764, 0.000000, lapack_dtpmqrt
State, th14, TASK, 0.210261, 0.211035, 0.000773, 0.000000, lapack_dtpmqrt
State, th14, TASK, 0.211039, 0.211807, 0.000768, 0.000000, lapack_dtpmqrt
State, th14, TASK, 0.211810, 0.212579, 0.000768, 0.000000, lapack_dtpmqrt
State, th14, TASK, 0.212582, 0.213353, 0.000771, 0.000000, lapack_dtpmqrt
State, th14, TASK, 0.213357, 0.214125, 0.000768, 0.000000, lapack_dtpmqrt
State, th14, TASK, 0.214133, 0.214917, 0.000784, 0.000000, lapack_dtpmqrt
State, th14, TASK, 0.214921, 0.215688, 0.000767, 0.000000, lapack_dtpmqrt
State, th14, TASK, 0.215780, 0.216328, 0.000548, 0.000000, lapack_dtpqrt
State, th14, TASK, 0.216359, 0.217156, 0.000797, 0.000000, lapack_dtpmqrt
State, th14, TASK, 0.217160, 0.217927, 0.000767, 0.000000, lapack_dtpmqrt
State, th14, TASK, 0.217931, 0.218677, 0.000746, 0.000000, lapack_dtpmqrt
State, th14, TASK, 0.218681, 0.219431, 0.000750, 0.000000, lapack_dtpmqrt
State, th14, TASK, 0.219435, 0.220185, 0.000750, 0.000000, lapack_dtpmqrt
State, th14, TASK, 0.220189, 0.220934, 0.000745, 0.000000, lapack_dtpmqrt
State, th14, TASK, 0.220938, 0.221683, 0.000745, 0.000000, lapack_dtpmqrt
State, th14, TASK, 0.221687, 0.222429, 0.000742, 0.000000, lapack_dtpmqrt
State, th14, TASK, 0.222433, 0.223189, 0.000756, 0.000000, lapack_dtpmqrt
State, th14, TASK, 0.223194, 0.223941, 0.000747, 0.000000, lapack_dtpmqrt
State, th14, TASK, 0.223944, 0.224689, 0.000745, 0.000000, lapack_dtpmqrt
State, th14, TASK, 0.224694, 0.225438, 0.000744, 0.000000, lapack_dtpmqrt
State, th14, TASK, 0.225442, 0.226187, 0.000745, 0.000000, lapack_dtpmqrt
State, th14, TASK, 0.226191, 0.226943, 0.000753, 0.000000, lapack_dtpmqrt
State, th14, TASK, 0.226948, 0.227698, 0.000751, 0.000000, lapack_dtpmqrt
State, th14, TASK, 0.227703, 0.228456, 0.000753, 0.000000, lapack_dtpmqrt
State, th14, TASK, 0.228460, 0.229214, 0.000754, 0.000000, lapack_dtpmqrt
State, th14, TASK, 0.229218, 0.229969, 0.000751, 0.000000, lapack_dtpmqrt
State, th14, TASK, 0.229973, 0.230724, 0.000751, 0.000000, lapack_dtpmqrt
State, th14, TASK, 0.230728, 0.231488, 0.000761, 0.000000, lapack_dtpmqrt
State, th14, TASK, 0.231493, 0.232246, 0.000753, 0.000000, lapack_dtpmqrt
State, th14, TASK, 0.232249, 0.233003, 0.000753, 0.000000, lapack_dtpmqrt
State, th14, TASK, 0.233006, 0.233747, 0.000741, 0.000000, lapack_dtpmqrt
State, th14, TASK, 0.233751, 0.234178, 0.000427, 0.000000, lapack_dlarfb
State, th14, TASK, 0.234182, 0.234607, 0.000425, 0.000000, lapack_dlarfb
State, th14, TASK, 0.235530, 0.236326, 0.000796, 0.000000, lapack_dtpmqrt
State, th14, TASK, 0.236330, 0.237087, 0.000756, 0.000000, lapack_dtpmqrt
State, th14, TASK, 0.237090, 0.237860, 0.000770, 0.000000, lapack_dtpmqrt
State, th14, TASK, 0.237864, 0.238633, 0.000770, 0.000000, lapack_dtpmqrt
State, th14, TASK, 0.238637, 0.239415, 0.000778, 0.000000, lapack_dtpmqrt
State, th14, TASK, 0.239419, 0.240185, 0.000766, 0.000000, lapack_dtpmqrt
State, th14, TASK, 0.240190, 0.240948, 0.000758, 0.000000, lapack_dtpmqrt
State, th14, TASK, 0.240952, 0.241713, 0.000761, 0.000000, lapack_dtpmqrt
State, th14, TASK, 0.241716, 0.242475, 0.000759, 0.000000, lapack_dtpmqrt
State, th14, TASK, 0.242479, 0.243246, 0.000767, 0.000000, lapack_dtpmqrt
State, th14, TASK, 0.243250, 0.244009, 0.000758, 0.000000, lapack_dtpmqrt
State, th14, TASK, 0.244012, 0.244766, 0.000754, 0.000000, lapack_dtpmqrt
State, th14, TASK, 0.244770, 0.245526, 0.000756, 0.000000, lapack_dtpmqrt
State, th14, TASK, 0.245530, 0.246290, 0.000761, 0.000000, lapack_dtpmqrt
State, th14, TASK, 0.246294, 0.247055, 0.000761, 0.000000, lapack_dtpmqrt
State, th14, TASK, 0.247059, 0.247811, 0.000752, 0.000000, lapack_dtpmqrt
State, th14, TASK, 0.247815, 0.248571, 0.000757, 0.000000, lapack_dtpmqrt
State, th14, TASK, 0.248575, 0.249328, 0.000753, 0.000000, lapack_dtpmqrt
State, th14, TASK, 0.249332, 0.250091, 0.000759, 0.000000, lapack_dtpmqrt
State, th14, TASK, 0.250094, 0.250848, 0.000754, 0.000000, lapack_dtpmqrt
State, th14, TASK, 0.250909, 0.251664, 0.000755, 0.000000, lapack_dtpmqrt
State, th14, TASK, 0.251668, 0.252421, 0.000753, 0.000000, lapack_dtpmqrt
State, th14, TASK, 0.252427, 0.253193, 0.000767, 0.000000, lapack_dtpmqrt
State, th14, TASK, 0.253197, 0.253957, 0.000760, 0.000000, lapack_dtpmqrt
State, th14, TASK, 0.253961, 0.254723, 0.000762, 0.000000, lapack_dtpmqrt
State, th14, TASK, 0.254727, 0.255497, 0.000770, 0.000000, lapack_dtpmqrt
State, th14, TASK, 0.255502, 0.256262, 0.000760, 0.000000, lapack_dtpmqrt
State, th14, TASK, 0.256265, 0.257030, 0.000764, 0.000000, lapack_dtpmqrt
State, th14, TASK, 0.257033, 0.257793, 0.000760, 0.000000, lapack_dtpmqrt
State, th14, TASK, 0.257797, 0.258553, 0.000756, 0.000000, lapack_dtpmqrt
State, th14, TASK, 0.258557, 0.259319, 0.000762, 0.000000, lapack_dtpmqrt
State, th14, TASK, 0.259323, 0.260080, 0.000757, 0.000000, lapack_dtpmqrt
State, th14, TASK, 0.260083, 0.260839, 0.000756, 0.000000, lapack_dtpmqrt
State, th14, TASK, 0.260844, 0.261606, 0.000763, 0.000000, lapack_dtpmqrt
State, th14, TASK, 0.261679, 0.262133, 0.000454, 0.000000, lapack_dlarfb
State, th14, TASK, 0.262137, 0.262552, 0.000415, 0.000000, lapack_dlarfb
State, th14, TASK, 0.262555, 0.262979, 0.000424, 0.000000, lapack_dlarfb
State, th14, TASK, 0.262983, 0.263407, 0.000424, 0.000000, lapack_dlarfb
State, th14, TASK, 0.263412, 0.263844, 0.000432, 0.000000, lapack_dlarfb
State, th14, TASK, 0.263848, 0.264280, 0.000432, 0.000000, lapack_dlarfb
State, th14, TASK, 0.264284, 0.264719, 0.000435, 0.000000, lapack_dlarfb
State, th14, TASK, 0.264793, 0.265343, 0.000551, 0.000000, lapack_dtpqrt
State, th14, TASK, 0.265362, 0.266112, 0.000751, 0.000000, lapack_dtpmqrt
State, th14, TASK, 0.266116, 0.266861, 0.000745, 0.000000, lapack_dtpmqrt
State, th14, TASK, 0.266864, 0.267615, 0.000751, 0.000000, lapack_dtpmqrt
State, th14, TASK, 0.267619, 0.268364, 0.000745, 0.000000, lapack_dtpmqrt
State, th14, TASK, 0.268368, 0.269114, 0.000746, 0.000000, lapack_dtpmqrt
State, th14, TASK, 0.269118, 0.269863, 0.000744, 0.000000, lapack_dtpmqrt
State, th14, TASK, 0.269866, 0.270610, 0.000744, 0.000000, lapack_dtpmqrt
State, th14, TASK, 0.270614, 0.271368, 0.000754, 0.000000, lapack_dtpmqrt
State, th14, TASK, 0.271372, 0.272116, 0.000744, 0.000000, lapack_dtpmqrt
State, th14, TASK, 0.272120, 0.272866, 0.000746, 0.000000, lapack_dtpmqrt
State, th14, TASK, 0.272869, 0.273615, 0.000746, 0.000000, lapack_dtpmqrt
State, th14, TASK, 0.273618, 0.274371, 0.000753, 0.000000, lapack_dtpmqrt
State, th14, TASK, 0.274375, 0.275136, 0.000761, 0.000000, lapack_dtpmqrt
State, th14, TASK, 0.275141, 0.275896, 0.000755, 0.000000, lapack_dtpmqrt
State, th14, TASK, 0.275899, 0.276651, 0.000751, 0.000000, lapack_dtpmqrt
State, th14, TASK, 0.276654, 0.277407, 0.000753, 0.000000, lapack_dtpmqrt
State, th14, TASK, 0.277411, 0.278173, 0.000762, 0.000000, lapack_dtpmqrt
State, th14, TASK, 0.278326, 0.279082, 0.000756, 0.000000, lapack_dtpmqrt
State, th14, TASK, 0.279086, 0.279835, 0.000749, 0.000000, lapack_dtpmqrt
State, th14, TASK, 0.279839, 0.280590, 0.000751, 0.000000, lapack_dtpmqrt
State, th14, TASK, 0.280594, 0.281339, 0.000745, 0.000000, lapack_dtpmqrt
State, th14, TASK, 0.281343, 0.282089, 0.000746, 0.000000, lapack_dtpmqrt
State, th14, TASK, 0.282093, 0.282835, 0.000742, 0.000000, lapack_dtpmqrt
State, th14, TASK, 0.282840, 0.283589, 0.000749, 0.000000, lapack_dtpmqrt
State, th14, TASK, 0.283593, 0.284335, 0.000742, 0.000000, lapack_dtpmqrt
State, th14, TASK, 0.284339, 0.285084, 0.000745, 0.000000, lapack_dtpmqrt
State, th14, TASK, 0.285088, 0.285838, 0.000750, 0.000000, lapack_dtpmqrt
State, th14, TASK, 0.285841, 0.286592, 0.000751, 0.000000, lapack_dtpmqrt
State, th14, TASK, 0.286597, 0.287354, 0.000757, 0.000000, lapack_dtpmqrt
State, th14, TASK, 0.287358, 0.288107, 0.000750, 0.000000, lapack_dtpmqrt
State, th14, TASK, 0.288119, 0.288544, 0.000426, 0.000000, lapack_dlarfb
State, th14, TASK, 0.288548, 0.288975, 0.000426, 0.000000, lapack_dlarfb
State, th14, TASK, 0.288978, 0.289392, 0.000414, 0.000000, lapack_dlarfb
State, th14, TASK, 0.289395, 0.289821, 0.000426, 0.000000, lapack_dlarfb
State, th14, TASK, 0.290071, 0.290878, 0.000807, 0.000000, lapack_dtpmqrt
State, th14, TASK, 0.290882, 0.291676, 0.000794, 0.000000, lapack_dtpmqrt
State, th14, TASK, 0.291680, 0.292470, 0.000790, 0.000000, lapack_dtpmqrt
State, th14, TASK, 0.292474, 0.293251, 0.000777, 0.000000, lapack_dtpmqrt
State, th14, TASK, 0.293255, 0.294035, 0.000780, 0.000000, lapack_dtpmqrt
State, th14, TASK, 0.294038, 0.294817, 0.000779, 0.000000, lapack_dtpmqrt
State, th14, TASK, 0.294821, 0.295607, 0.000787, 0.000000, lapack_dtpmqrt
State, th14, TASK, 0.295613, 0.296381, 0.000769, 0.000000, lapack_dtpmqrt
State, th14, TASK, 0.296390, 0.297154, 0.000764, 0.000000, lapack_dtpmqrt
State, th14, TASK, 0.297158, 0.297924, 0.000766, 0.000000, lapack_dtpmqrt
State, th14, TASK, 0.297928, 0.298698, 0.000770, 0.000000, lapack_dtpmqrt
State, th14, TASK, 0.298703, 0.299474, 0.000772, 0.000000, lapack_dtpmqrt
State, th14, TASK, 0.299479, 0.300240, 0.000762, 0.000000, lapack_dtpmqrt
State, th14, TASK, 0.300244, 0.301006, 0.000762, 0.000000, lapack_dtpmqrt
State, th14, TASK, 0.301010, 0.301773, 0.000762, 0.000000, lapack_dtpmqrt
State, th14, TASK, 0.301800, 0.302600, 0.000800, 0.000000, lapack_dtpmqrt
State, th14, TASK, 0.302604, 0.303396, 0.000792, 0.000000, lapack_dtpmqrt
State, th14, TASK, 0.303400, 0.304171, 0.000770, 0.000000, lapack_dtpmqrt
State, th14, TASK, 0.304174, 0.304954, 0.000780, 0.000000, lapack_dtpmqrt
State, th14, TASK, 0.304958, 0.305740, 0.000782, 0.000000, lapack_dtpmqrt
State, th14, TASK, 0.305744, 0.306523, 0.000778, 0.000000, lapack_dtpmqrt
State, th14, TASK, 0.306526, 0.307309, 0.000783, 0.000000, lapack_dtpmqrt
State, th14, TASK, 0.307323, 0.308076, 0.000754, 0.000000, lapack_dtpmqrt
State, th14, TASK, 0.308080, 0.308828, 0.000748, 0.000000, lapack_dtpmqrt
State, th14, TASK, 0.308832, 0.309582, 0.000750, 0.000000, lapack_dtpmqrt
State, th14, TASK, 0.309585, 0.310333, 0.000748, 0.000000, lapack_dtpmqrt
State, th14, TASK, 0.310338, 0.311098, 0.000760, 0.000000, lapack_dtpmqrt
State, th14, TASK, 0.311102, 0.311862, 0.000759, 0.000000, lapack_dtpmqrt
State, th14, TASK, 0.311866, 0.312627, 0.000761, 0.000000, lapack_dtpmqrt
State, th14, TASK, 0.312630, 0.313394, 0.000763, 0.000000, lapack_dtpmqrt
State, th14, TASK, 0.313465, 0.314213, 0.000747, 0.000000, lapack_dtpmqrt
State, th14, TASK, 0.314217, 0.314994, 0.000777, 0.000000, lapack_dtpmqrt
State, th14, TASK, 0.314998, 0.315768, 0.000770, 0.000000, lapack_dtpmqrt
State, th14, TASK, 0.315779, 0.316565, 0.000786, 0.000000, lapack_dtpmqrt
State, th14, TASK, 0.316568, 0.317346, 0.000778, 0.000000, lapack_dtpmqrt
State, th14, TASK, 0.317350, 0.318130, 0.000780, 0.000000, lapack_dtpmqrt
State, th14, TASK, 0.318135, 0.318918, 0.000784, 0.000000, lapack_dtpmqrt
State, th14, TASK, 0.318923, 0.319703, 0.000780, 0.000000, lapack_dtpmqrt
State, th14, TASK, 0.319706, 0.320486, 0.000780, 0.000000, lapack_dtpmqrt
State, th14, TASK, 0.320567, 0.321346, 0.000779, 0.000000, lapack_dtpmqrt
State, th14, TASK, 0.321349, 0.322122, 0.000773, 0.000000, lapack_dtpmqrt
State, th14, TASK, 0.322126, 0.322893, 0.000767, 0.000000, lapack_dtpmqrt
State, th14, TASK, 0.322898, 0.323675, 0.000777, 0.000000, lapack_dtpmqrt
State, th14, TASK, 0.323831, 0.324615, 0.000784, 0.000000, lapack_dtpmqrt
State, th14, TASK, 0.324619, 0.325381, 0.000762, 0.000000, lapack_dtpmqrt
State, th14, TASK, 0.325385, 0.326172, 0.000787, 0.000000, lapack_dtpmqrt
State, th14, TASK, 0.326175, 0.326963, 0.000787, 0.000000, lapack_dtpmqrt
State, th14, TASK, 0.326967, 0.327745, 0.000778, 0.000000, lapack_dtpmqrt
State, th14, TASK, 0.327749, 0.328525, 0.000776, 0.000000, lapack_dtpmqrt
State, th14, TASK, 0.328536, 0.329302, 0.000766, 0.000000, lapack_dtpmqrt
State, th14, TASK, 0.329306, 0.330071, 0.000765, 0.000000, lapack_dtpmqrt
State, th14, TASK, 0.330097, 0.330907, 0.000809, 0.000000, lapack_dtpmqrt
State, th14, TASK, 0.330911, 0.331696, 0.000785, 0.000000, lapack_dtpmqrt
State, th14, TASK, 0.331700, 0.332450, 0.000750, 0.000000, lapack_dtpmqrt
State, th14, TASK, 0.332454, 0.333211, 0.000757, 0.000000, lapack_dtpmqrt
State, th14, TASK, 0.333215, 0.333973, 0.000758, 0.000000, lapack_dtpmqrt
State, th14, TASK, 0.333977, 0.334741, 0.000764, 0.000000, lapack_dtpmqrt
State, th14, TASK, 0.334744, 0.335516, 0.000771, 0.000000, lapack_dtpmqrt
State, th14, TASK, 0.335531, 0.336307, 0.000776, 0.000000, lapack_dtpmqrt
State, th14, TASK, 0.336311, 0.337080, 0.000770, 0.000000, lapack_dtpmqrt
State, th14, TASK, 0.337085, 0.337844, 0.000760, 0.000000, lapack_dtpmqrt
State, th14, TASK, 0.337848, 0.338611, 0.000763, 0.000000, lapack_dtpmqrt
State, th14, TASK, 0.338687, 0.339454, 0.000766, 0.000000, lapack_dtpmqrt
State, th14, TASK, 0.339458, 0.340214, 0.000756, 0.000000, lapack_dtpmqrt
State, th14, TASK, 0.340218, 0.341004, 0.000786, 0.000000, lapack_dtpmqrt
State, th14, TASK, 0.341007, 0.341807, 0.000799, 0.000000, lapack_dtpmqrt
State, th14, TASK, 0.341810, 0.342598, 0.000788, 0.000000, lapack_dtpmqrt
State, th14, TASK, 0.342602, 0.343388, 0.000786, 0.000000, lapack_dtpmqrt
State, th14, TASK, 0.343393, 0.344145, 0.000752, 0.000000, lapack_dtpmqrt
State, th14, TASK, 0.344151, 0.344909, 0.000757, 0.000000, lapack_dtpmqrt
State, th14, TASK, 0.344912, 0.345676, 0.000764, 0.000000, lapack_dtpmqrt
State, th14, TASK, 0.345680, 0.346441, 0.000761, 0.000000, lapack_dtpmqrt
State, th14, TASK, 0.346453, 0.347232, 0.000778, 0.000000, lapack_dtpmqrt
State, th14, TASK, 0.347236, 0.347982, 0.000746, 0.000000, lapack_dtpmqrt
State, th14, TASK, 0.347986, 0.348737, 0.000751, 0.000000, lapack_dtpmqrt
State, th14, TASK, 0.348741, 0.349496, 0.000756, 0.000000, lapack_dtpmqrt
State, th14, TASK, 0.349500, 0.350253, 0.000753, 0.000000, lapack_dtpmqrt
State, th14, TASK, 0.350316, 0.351089, 0.000773, 0.000000, lapack_dtpmqrt
State, th14, TASK, 0.351093, 0.351849, 0.000755, 0.000000, lapack_dtpmqrt
State, th14, TASK, 0.351852, 0.352603, 0.000751, 0.000000, lapack_dtpmqrt
State, th14, TASK, 0.352607, 0.353354, 0.000747, 0.000000, lapack_dtpmqrt
State, th14, TASK, 0.353358, 0.354108, 0.000751, 0.000000, lapack_dtpmqrt
State, th14, TASK, 0.354112, 0.354878, 0.000767, 0.000000, lapack_dtpmqrt
State, th14, TASK, 0.354882, 0.355636, 0.000754, 0.000000, lapack_dtpmqrt
State, th14, TASK, 0.355760, 0.356554, 0.000794, 0.000000, lapack_dtpmqrt
State, th14, TASK, 0.356558, 0.357340, 0.000782, 0.000000, lapack_dtpmqrt
State, th14, TASK, 0.357343, 0.358110, 0.000767, 0.000000, lapack_dtpmqrt
State, th14, TASK, 0.358114, 0.358905, 0.000792, 0.000000, lapack_dtpmqrt
State, th14, TASK, 0.358909, 0.359689, 0.000780, 0.000000, lapack_dtpmqrt
State, th14, TASK, 0.360339, 0.361156, 0.000817, 0.000000, lapack_dtpmqrt
State, th14, TASK, 0.361207, 0.361985, 0.000779, 0.000000, lapack_dtpmqrt
State, th14, TASK, 0.361989, 0.362765, 0.000776, 0.000000, lapack_dtpmqrt
State, th14, TASK, 0.362769, 0.363543, 0.000774, 0.000000, lapack_dtpmqrt
State, th14, TASK, 0.363684, 0.364474, 0.000790, 0.000000, lapack_dtpmqrt
State, th14, TASK, 0.364478, 0.365243, 0.000765, 0.000000, lapack_dtpmqrt
State, th14, TASK, 0.365557, 0.366357, 0.000800, 0.000000, lapack_dtpmqrt
State, th14, TASK, 0.366361, 0.367145, 0.000784, 0.000000, lapack_dtpmqrt
State, th14, TASK, 0.367149, 0.367936, 0.000787, 0.000000, lapack_dtpmqrt
State, th14, TASK, 0.368042, 0.368774, 0.000732, 0.000000, lapack_dtpqrt
State, th14, TASK, 0.368866, 0.369668, 0.000802, 0.000000, lapack_dtpmqrt
State, th14, TASK, 0.369879, 0.370695, 0.000815, 0.000000, lapack_dtpmqrt
State, th14, TASK, 0.371409, 0.372194, 0.000785, 0.000000, lapack_dtpmqrt
State, th14, TASK, 0.372821, 0.373624, 0.000803, 0.000000, lapack_dtpmqrt
State, th14, TASK, 0.373721, 0.374489, 0.000769, 0.000000, lapack_dtpmqrt
State, th14, TASK, 0.376004, 0.376543, 0.000540, 0.000000, lapack_dtpqrt
State, th14, TASK, 0.377246, 0.378069, 0.000823, 0.000000, lapack_dtpmqrt
State, th14, TASK, 0.378453, 0.378898, 0.000444, 0.000000, lapack_dlarfb
State, th13, TASK, 0.012271, 0.012995, 0.000723, 0.000000, lapack_dlarfb
State, th13, TASK, 0.014031, 0.015125, 0.001094, 0.000000, lapack_dtpmqrt
State, th13, TASK, 0.015131, 0.015917, 0.000786, 0.000000, lapack_dtpmqrt
State, th13, TASK, 0.015921, 0.016691, 0.000770, 0.000000, lapack_dtpmqrt
State, th13, TASK, 0.016695, 0.017455, 0.000760, 0.000000, lapack_dtpmqrt
State, th13, TASK, 0.017458, 0.018205, 0.000747, 0.000000, lapack_dtpmqrt
State, th13, TASK, 0.018209, 0.018962, 0.000753, 0.000000, lapack_dtpmqrt
State, th13, TASK, 0.018970, 0.019408, 0.000438, 0.000000, lapack_dlarfb
State, th13, TASK, 0.019420, 0.020222, 0.000803, 0.000000, lapack_dtpmqrt
State, th13, TASK, 0.020227, 0.020996, 0.000770, 0.000000, lapack_dtpmqrt
State, th13, TASK, 0.021001, 0.021773, 0.000772, 0.000000, lapack_dtpmqrt
State, th13, TASK, 0.021779, 0.022566, 0.000787, 0.000000, lapack_dtpmqrt
State, th13, TASK, 0.022570, 0.023362, 0.000792, 0.000000, lapack_dtpmqrt
State, th13, TASK, 0.023366, 0.024146, 0.000780, 0.000000, lapack_dtpmqrt
State, th13, TASK, 0.024150, 0.024918, 0.000768, 0.000000, lapack_dtpmqrt
State, th13, TASK, 0.024922, 0.025682, 0.000760, 0.000000, lapack_dtpmqrt
State, th13, TASK, 0.025686, 0.026427, 0.000741, 0.000000, lapack_dtpmqrt
State, th13, TASK, 0.026431, 0.027180, 0.000749, 0.000000, lapack_dtpmqrt
State, th13, TASK, 0.027185, 0.027939, 0.000753, 0.000000, lapack_dtpmqrt
State, th13, TASK, 0.027942, 0.028697, 0.000755, 0.000000, lapack_dtpmqrt
State, th13, TASK, 0.028702, 0.029445, 0.000743, 0.000000, lapack_dtpmqrt
State, th13, TASK, 0.029450, 0.030225, 0.000775, 0.000000, lapack_dtpmqrt
State, th13, TASK, 0.030229, 0.031013, 0.000784, 0.000000, lapack_dtpmqrt
State, th13, TASK, 0.031018, 0.031788, 0.000770, 0.000000, lapack_dtpmqrt
State, th13, TASK, 0.031792, 0.032573, 0.000781, 0.000000, lapack_dtpmqrt
State, th13, TASK, 0.032576, 0.033368, 0.000792, 0.000000, lapack_dtpmqrt
State, th13, TASK, 0.033372, 0.034127, 0.000755, 0.000000, lapack_dtpmqrt
State, th13, TASK, 0.034131, 0.034898, 0.000767, 0.000000, lapack_dtpmqrt
State, th13, TASK, 0.034901, 0.035671, 0.000769, 0.000000, lapack_dtpmqrt
State, th13, TASK, 0.035676, 0.036467, 0.000790, 0.000000, lapack_dtpmqrt
State, th13, TASK, 0.036471, 0.037248, 0.000777, 0.000000, lapack_dtpmqrt
State, th13, TASK, 0.037252, 0.038033, 0.000780, 0.000000, lapack_dtpmqrt
State, th13, TASK, 0.038037, 0.038820, 0.000783, 0.000000, lapack_dtpmqrt
State, th13, TASK, 0.038824, 0.039600, 0.000777, 0.000000, lapack_dtpmqrt
State, th13, TASK, 0.039605, 0.040372, 0.000767, 0.000000, lapack_dtpmqrt
State, th13, TASK, 0.040375, 0.041140, 0.000765, 0.000000, lapack_dtpmqrt
State, th13, TASK, 0.041144, 0.041904, 0.000761, 0.000000, lapack_dtpmqrt
State, th13, TASK, 0.041908, 0.042340, 0.000432, 0.000000, lapack_dlarfb
State, th13, TASK, 0.042344, 0.043138, 0.000794, 0.000000, lapack_dtpmqrt
State, th13, TASK, 0.043142, 0.043912, 0.000770, 0.000000, lapack_dtpmqrt
State, th13, TASK, 0.043915, 0.044685, 0.000770, 0.000000, lapack_dtpmqrt
State, th13, TASK, 0.044689, 0.045462, 0.000773, 0.000000, lapack_dtpmqrt
State, th13, TASK, 0.045467, 0.046238, 0.000771, 0.000000, lapack_dtpmqrt
State, th13, TASK, 0.046242, 0.047020, 0.000778, 0.000000, lapack_dtpmqrt
State, th13, TASK, 0.047024, 0.047803, 0.000779, 0.000000, lapack_dtpmqrt
State, th13, TASK, 0.047807, 0.048589, 0.000782, 0.000000, lapack_dtpmqrt
State, th13, TASK, 0.048593, 0.049379, 0.000786, 0.000000, lapack_dtpmqrt
State, th13, TASK, 0.049383, 0.050162, 0.000779, 0.000000, lapack_dtpmqrt
State, th13, TASK, 0.050166, 0.050723, 0.000556, 0.000000, lapack_dtpqrt
State, th13, TASK, 0.050738, 0.051816, 0.001078, 0.000000, lapack_dtpqrt
State, th13, TASK, 0.051831, 0.052594, 0.000763, 0.000000, lapack_dtpmqrt
State, th13, TASK, 0.052598, 0.053386, 0.000788, 0.000000, lapack_dtpmqrt
State, th13, TASK, 0.053391, 0.054166, 0.000775, 0.000000, lapack_dtpmqrt
State, th13, TASK, 0.054170, 0.054963, 0.000792, 0.000000, lapack_dtpmqrt
State, th13, TASK, 0.054967, 0.055744, 0.000778, 0.000000, lapack_dtpmqrt
State, th13, TASK, 0.055748, 0.056527, 0.000778, 0.000000, lapack_dtpmqrt
State, th13, TASK, 0.056531, 0.057293, 0.000762, 0.000000, lapack_dtpmqrt
State, th13, TASK, 0.057297, 0.057830, 0.000534, 0.000000, lapack_dtpqrt
State, th13, TASK, 0.057843, 0.058595, 0.000752, 0.000000, lapack_dtpmqrt
State, th13, TASK, 0.058599, 0.059352, 0.000753, 0.000000, lapack_dtpmqrt
State, th13, TASK, 0.059356, 0.060104, 0.000748, 0.000000, lapack_dtpmqrt
State, th13, TASK, 0.060108, 0.060645, 0.000537, 0.000000, lapack_dtpqrt
State, th13, TASK, 0.060660, 0.061412, 0.000752, 0.000000, lapack_dtpmqrt
State, th13, TASK, 0.061420, 0.062175, 0.000755, 0.000000, lapack_dtpmqrt
State, th13, TASK, 0.062179, 0.062949, 0.000770, 0.000000, lapack_dtpmqrt
State, th13, TASK, 0.062954, 0.063699, 0.000745, 0.000000, lapack_dtpmqrt
State, th13, TASK, 0.063702, 0.064451, 0.000749, 0.000000, lapack_dtpmqrt
State, th13, TASK, 0.064454, 0.065225, 0.000771, 0.000000, lapack_dtpmqrt
State, th13, TASK, 0.065228, 0.065976, 0.000748, 0.000000, lapack_dtpmqrt
State, th13, TASK, 0.065980, 0.066528, 0.000548, 0.000000, lapack_dtpqrt
State, th13, TASK, 0.066546, 0.067304, 0.000758, 0.000000, lapack_dtpmqrt
State, th13, TASK, 0.067307, 0.068044, 0.000736, 0.000000, lapack_dtpmqrt
State, th13, TASK, 0.068048, 0.068784, 0.000737, 0.000000, lapack_dtpmqrt
State, th13, TASK, 0.068787, 0.069535, 0.000748, 0.000000, lapack_dtpmqrt
State, th13, TASK, 0.069538, 0.070294, 0.000756, 0.000000, lapack_dtpmqrt
State, th13, TASK, 0.070297, 0.071046, 0.000748, 0.000000, lapack_dtpmqrt
State, th13, TASK, 0.071049, 0.071817, 0.000767, 0.000000, lapack_dtpmqrt
State, th13, TASK, 0.071820, 0.072564, 0.000744, 0.000000, lapack_dtpmqrt
State, th13, TASK, 0.072567, 0.073313, 0.000746, 0.000000, lapack_dtpmqrt
State, th13, TASK, 0.073317, 0.074075, 0.000758, 0.000000, lapack_dtpmqrt
State, th13, TASK, 0.074079, 0.074834, 0.000755, 0.000000, lapack_dtpmqrt
State, th13, TASK, 0.074839, 0.075593, 0.000754, 0.000000, lapack_dtpmqrt
State, th13, TASK, 0.075598, 0.076380, 0.000782, 0.000000, lapack_dtpmqrt
State, th13, TASK, 0.076384, 0.077172, 0.000788, 0.000000, lapack_dtpmqrt
State, th13, TASK, 0.077177, 0.077969, 0.000792, 0.000000, lapack_dtpmqrt
State, th13, TASK, 0.077973, 0.078770, 0.000797, 0.000000, lapack_dtpmqrt
State, th13, TASK, 0.078774, 0.079524, 0.000750, 0.000000, lapack_dtpmqrt
State, th13, TASK, 0.079528, 0.080270, 0.000742, 0.000000, lapack_dtpmqrt
State, th13, TASK, 0.080274, 0.081022, 0.000748, 0.000000, lapack_dtpmqrt
State, th13, TASK, 0.081026, 0.081772, 0.000746, 0.000000, lapack_dtpmqrt
State, th13, TASK, 0.081776, 0.082527, 0.000750, 0.000000, lapack_dtpmqrt
State, th13, TASK, 0.082532, 0.083606, 0.001073, 0.000000, lapack_dtpqrt
State, th13, TASK, 0.083620, 0.084387, 0.000767, 0.000000, lapack_dtpmqrt
State, th13, TASK, 0.084391, 0.084944, 0.000553, 0.000000, lapack_dtpqrt
State, th13, TASK, 0.084957, 0.085494, 0.000537, 0.000000, lapack_dtpqrt
State, th13, TASK, 0.085509, 0.086259, 0.000750, 0.000000, lapack_dtpmqrt
State, th13, TASK, 0.086262, 0.086797, 0.000535, 0.000000, lapack_dtpqrt
State, th13, TASK, 0.086811, 0.087558, 0.000747, 0.000000, lapack_dtpmqrt
State, th13, TASK, 0.087563, 0.088318, 0.000756, 0.000000, lapack_dtpmqrt
State, th13, TASK, 0.088322, 0.089134, 0.000811, 0.000000, lapack_dtpmqrt
State, th13, TASK, 0.089137, 0.089890, 0.000753, 0.000000, lapack_dtpmqrt
State, th13, TASK, 0.089894, 0.090640, 0.000746, 0.000000, lapack_dtpmqrt
State, th13, TASK, 0.090645, 0.091391, 0.000746, 0.000000, lapack_dtpmqrt
State, th13, TASK, 0.091395, 0.092134, 0.000739, 0.000000, lapack_dtpqrt
State, th13, TASK, 0.092152, 0.092899, 0.000747, 0.000000, lapack_dtpmqrt
State, th13, TASK, 0.092903, 0.093445, 0.000543, 0.000000, lapack_dtpqrt
State, th13, TASK, 0.093460, 0.094240, 0.000780, 0.000000, lapack_dtpmqrt
State, th13, TASK, 0.094243, 0.094993, 0.000750, 0.000000, lapack_dtpmqrt
State, th13, TASK, 0.094997, 0.095745, 0.000749, 0.000000, lapack_dtpmqrt
State, th13, TASK, 0.095749, 0.096505, 0.000755, 0.000000, lapack_dtpmqrt
State, th13, TASK, 0.096509, 0.097252, 0.000743, 0.000000, lapack_dtpmqrt
State, th13, TASK, 0.097256, 0.098004, 0.000748, 0.000000, lapack_dtpmqrt
State, th13, TASK, 0.098007, 0.098757, 0.000750, 0.000000, lapack_dtpmqrt
State, th13, TASK, 0.098762, 0.099510, 0.000749, 0.000000, lapack_dtpmqrt
State, th13, TASK, 0.099514, 0.100269, 0.000756, 0.000000, lapack_dtpmqrt
State, th13, TASK, 0.100273, 0.101050, 0.000777, 0.000000, lapack_dtpmqrt
State, th13, TASK, 0.101053, 0.101798, 0.000744, 0.000000, lapack_dtpmqrt
State, th13, TASK, 0.101801, 0.102535, 0.000734, 0.000000, lapack_dtpmqrt
State, th13, TASK, 0.102539, 0.103288, 0.000749, 0.000000, lapack_dtpmqrt
State, th13, TASK, 0.103292, 0.104030, 0.000738, 0.000000, lapack_dtpmqrt
State, th13, TASK, 0.104033, 0.104768, 0.000735, 0.000000, lapack_dtpmqrt
State, th13, TASK, 0.104771, 0.105506, 0.000734, 0.000000, lapack_dtpmqrt
State, th13, TASK, 0.105509, 0.106245, 0.000736, 0.000000, lapack_dtpmqrt
State, th13, TASK, 0.106249, 0.106993, 0.000744, 0.000000, lapack_dtpmqrt
State, th13, TASK, 0.106996, 0.107728, 0.000732, 0.000000, lapack_dtpmqrt
State, th13, TASK, 0.107731, 0.108462, 0.000731, 0.000000, lapack_dtpmqrt
State, th13, TASK, 0.108465, 0.109208, 0.000742, 0.000000, lapack_dtpmqrt
State, th13, TASK, 0.109215, 0.109951, 0.000736, 0.000000, lapack_dtpmqrt
State, th13, TASK, 0.109954, 0.110692, 0.000738, 0.000000, lapack_dtpmqrt
State, th13, TASK, 0.110697, 0.111435, 0.000739, 0.000000, lapack_dtpmqrt
State, th13, TASK, 0.111439, 0.112212, 0.000772, 0.000000, lapack_dtpmqrt
State, th13, TASK, 0.112216, 0.112977, 0.000761, 0.000000, lapack_dtpmqrt
State, th13, TASK, 0.112981, 0.113744, 0.000763, 0.000000, lapack_dtpmqrt
State, th13, TASK, 0.113748, 0.114514, 0.000766, 0.000000, lapack_dtpmqrt
State, th13, TASK, 0.114517, 0.115293, 0.000776, 0.000000, lapack_dtpmqrt
State, th13, TASK, 0.115297, 0.116063, 0.000767, 0.000000, lapack_dtpmqrt
State, th13, TASK, 0.116067, 0.116823, 0.000757, 0.000000, lapack_dtpmqrt
State, th13, TASK, 0.116827, 0.117588, 0.000761, 0.000000, lapack_dtpmqrt
State, th13, TASK, 0.117591, 0.118351, 0.000760, 0.000000, lapack_dtpmqrt
State, th13, TASK, 0.118354, 0.119117, 0.000763, 0.000000, lapack_dtpmqrt
State, th13, TASK, 0.119123, 0.119889, 0.000766, 0.000000, lapack_dtpmqrt
State, th13, TASK, 0.119893, 0.120643, 0.000750, 0.000000, lapack_dtpmqrt
State, th13, TASK, 0.120646, 0.121398, 0.000751, 0.000000, lapack_dtpmqrt
State, th13, TASK, 0.121402, 0.122160, 0.000758, 0.000000, lapack_dtpmqrt
State, th13, TASK, 0.122164, 0.122931, 0.000767, 0.000000, lapack_dtpmqrt
State, th13, TASK, 0.122936, 0.123689, 0.000753, 0.000000, lapack_dtpmqrt
State, th13, TASK, 0.123693, 0.124450, 0.000757, 0.000000, lapack_dtpmqrt
State, th13, TASK, 0.124454, 0.125207, 0.000753, 0.000000, lapack_dtpmqrt
State, th13, TASK, 0.125211, 0.125967, 0.000756, 0.000000, lapack_dtpmqrt
State, th13, TASK, 0.125971, 0.126722, 0.000751, 0.000000, lapack_dtpmqrt
State, th13, TASK, 0.126726, 0.127476, 0.000750, 0.000000, lapack_dtpmqrt
State, th13, TASK, 0.127482, 0.128260, 0.000777, 0.000000, lapack_dtpmqrt
State, th13, TASK, 0.128264, 0.129032, 0.000768, 0.000000, lapack_dtpmqrt
State, th13, TASK, 0.129037, 0.129570, 0.000533, 0.000000, lapack_dtpqrt
State, th13, TASK, 0.129583, 0.130090, 0.000507, 0.000000, lapack_dtpqrt
State, th13, TASK, 0.130102, 0.130629, 0.000527, 0.000000, lapack_dtpqrt
State, th13, TASK, 0.130643, 0.131179, 0.000536, 0.000000, lapack_dtpqrt
State, th13, TASK, 0.131191, 0.131717, 0.000526, 0.000000, lapack_dtpqrt
State, th13, TASK, 0.131729, 0.132255, 0.000526, 0.000000, lapack_dtpqrt
State, th13, TASK, 0.132268, 0.132796, 0.000528, 0.000000, lapack_dtpqrt
State, th13, TASK, 0.132809, 0.133575, 0.000766, 0.000000, lapack_dtpmqrt
State, th13, TASK, 0.133578, 0.134334, 0.000756, 0.000000, lapack_dtpmqrt
State, th13, TASK, 0.134338, 0.135098, 0.000760, 0.000000, lapack_dtpmqrt
State, th13, TASK, 0.135102, 0.135858, 0.000755, 0.000000, lapack_dtpmqrt
State, th13, TASK, 0.135861, 0.136617, 0.000756, 0.000000, lapack_dtpmqrt
State, th13, TASK, 0.136621, 0.137380, 0.000759, 0.000000, lapack_dtpmqrt
State, th13, TASK, 0.137383, 0.138132, 0.000749, 0.000000, lapack_dtpmqrt
State, th13, TASK, 0.138135, 0.138896, 0.000760, 0.000000, lapack_dtpmqrt
State, th13, TASK, 0.138901, 0.139695, 0.000795, 0.000000, lapack_dtpmqrt
State, th13, TASK, 0.139699, 0.140441, 0.000741, 0.000000, lapack_dtpmqrt
State, th13, TASK, 0.140445, 0.141182, 0.000738, 0.000000, lapack_dtpmqrt
State, th13, TASK, 0.141186, 0.141922, 0.000736, 0.000000, lapack_dtpmqrt
State, th13, TASK, 0.141926, 0.142668, 0.000742, 0.000000, lapack_dtpmqrt
State, th13, TASK, 0.142672, 0.143426, 0.000754, 0.000000, lapack_dtpmqrt
State, th13, TASK, 0.143430, 0.144177, 0.000747, 0.000000, lapack_dtpmqrt
State, th13, TASK, 0.144181, 0.144939, 0.000758, 0.000000, lapack_dtpmqrt
State, th13, TASK, 0.144942, 0.145700, 0.000758, 0.000000, lapack_dtpmqrt
State, th13, TASK, 0.145705, 0.146465, 0.000760, 0.000000, lapack_dtpmqrt
State, th13, TASK, 0.146468, 0.147234, 0.000766, 0.000000, lapack_dtpmqrt
State, th13, TASK, 0.147238, 0.148009, 0.000772, 0.000000, lapack_dtpmqrt
State, th13, TASK, 0.148013, 0.148780, 0.000767, 0.000000, lapack_dtpmqrt
State, th13, TASK, 0.148784, 0.149539, 0.000756, 0.000000, lapack_dtpmqrt
State, th13, TASK, 0.149544, 0.150299, 0.000756, 0.000000, lapack_dtpmqrt
State, th13, TASK, 0.150302, 0.151065, 0.000763, 0.000000, lapack_dtpmqrt
State, th13, TASK, 0.151069, 0.151839, 0.000770, 0.000000, lapack_dtpmqrt
State, th13, TASK, 0.151843, 0.152595, 0.000752, 0.000000, lapack_dtpmqrt
State, th13, TASK, 0.152599, 0.153363, 0.000765, 0.000000, lapack_dtpmqrt
State, th13, TASK, 0.153367, 0.154133, 0.000766, 0.000000, lapack_dtpmqrt
State, th13, TASK, 0.154136, 0.154906, 0.000769, 0.000000, lapack_dtpmqrt
State, th13, TASK, 0.154910, 0.155672, 0.000763, 0.000000, lapack_dtpmqrt
State, th13, TASK, 0.155676, 0.156438, 0.000762, 0.000000, lapack_dtpmqrt
State, th13, TASK, 0.156447, 0.157211, 0.000764, 0.000000, lapack_dtpmqrt
State, th13, TASK, 0.157215, 0.157966, 0.000752, 0.000000, lapack_dtpmqrt
State, th13, TASK, 0.157970, 0.158711, 0.000741, 0.000000, lapack_dtpmqrt
State, th13, TASK, 0.158715, 0.159487, 0.000772, 0.000000, lapack_dtpmqrt
State, th13, TASK, 0.159491, 0.160252, 0.000761, 0.000000, lapack_dtpmqrt
State, th13, TASK, 0.160255, 0.161019, 0.000764, 0.000000, lapack_dtpmqrt
State, th13, TASK, 0.161023, 0.161788, 0.000765, 0.000000, lapack_dtpmqrt
State, th13, TASK, 0.161792, 0.162560, 0.000768, 0.000000, lapack_dtpmqrt
State, th13, TASK, 0.162564, 0.163337, 0.000772, 0.000000, lapack_dtpmqrt
State, th13, TASK, 0.163342, 0.164119, 0.000777, 0.000000, lapack_dtpmqrt
State, th13, TASK, 0.164123, 0.164887, 0.000764, 0.000000, lapack_dtpmqrt
State, th13, TASK, 0.164891, 0.165651, 0.000760, 0.000000, lapack_dtpmqrt
State, th13, TASK, 0.165654, 0.166415, 0.000761, 0.000000, lapack_dtpmqrt
State, th13, TASK, 0.166419, 0.167193, 0.000774, 0.000000, lapack_dtpmqrt
State, th13, TASK, 0.167197, 0.167965, 0.000768, 0.000000, lapack_dtpmqrt
State, th13, TASK, 0.167969, 0.168734, 0.000765, 0.000000, lapack_dtpmqrt
State, th13, TASK, 0.168737, 0.169503, 0.000766, 0.000000, lapack_dtpmqrt
State, th13, TASK, 0.169507, 0.170288, 0.000781, 0.000000, lapack_dtpmqrt
State, th13, TASK, 0.170311, 0.171102, 0.000790, 0.000000, lapack_dtpmqrt
State, th13, TASK, 0.171217, 0.172008, 0.000791, 0.000000, lapack_dtpmqrt
State, th13, TASK, 0.172012, 0.172788, 0.000776, 0.000000, lapack_dtpmqrt
State, th13, TASK, 0.172793, 0.173571, 0.000778, 0.000000, lapack_dtpmqrt
State, th13, TASK, 0.173575, 0.174354, 0.000779, 0.000000, lapack_dtpmqrt
State, th13, TASK, 0.174358, 0.175141, 0.000783, 0.000000, lapack_dtpmqrt
State, th13, TASK, 0.175145, 0.175925, 0.000780, 0.000000, lapack_dtpmqrt
State, th13, TASK, 0.175930, 0.176700, 0.000771, 0.000000, lapack_dtpmqrt
State, th13, TASK, 0.176704, 0.177471, 0.000767, 0.000000, lapack_dtpmqrt
State, th13, TASK, 0.177475, 0.178240, 0.000766, 0.000000, lapack_dtpmqrt
State, th13, TASK, 0.178247, 0.179021, 0.000773, 0.000000, lapack_dtpmqrt
State, th13, TASK, 0.179025, 0.179785, 0.000760, 0.000000, lapack_dtpmqrt
State, th13, TASK, 0.179789, 0.180550, 0.000761, 0.000000, lapack_dtpmqrt
State, th13, TASK, 0.180553, 0.181318, 0.000764, 0.000000, lapack_dtpmqrt
State, th13, TASK, 0.181321, 0.182093, 0.000772, 0.000000, lapack_dtpmqrt
State, th13, TASK, 0.182097, 0.182885, 0.000788, 0.000000, lapack_dtpmqrt
State, th13, TASK, 0.182890, 0.183662, 0.000772, 0.000000, lapack_dtpmqrt
State, th13, TASK, 0.183666, 0.184436, 0.000770, 0.000000, lapack_dtpmqrt
State, th13, TASK, 0.184440, 0.185212, 0.000772, 0.000000, lapack_dtpmqrt
State, th13, TASK, 0.185216, 0.185992, 0.000775, 0.000000, lapack_dtpmqrt
State, th13, TASK, 0.185995, 0.186770, 0.000775, 0.000000, lapack_dtpmqrt
State, th13, TASK, 0.186774, 0.187553, 0.000779, 0.000000, lapack_dtpmqrt
State, th13, TASK, 0.187557, 0.188338, 0.000780, 0.000000, lapack_dtpmqrt
State, th13, TASK, 0.188341, 0.189120, 0.000779, 0.000000, lapack_dtpmqrt
State, th13, TASK, 0.189124, 0.189912, 0.000788, 0.000000, lapack_dtpmqrt
State, th13, TASK, 0.189916, 0.190702, 0.000787, 0.000000, lapack_dtpmqrt
State, th13, TASK, 0.190738, 0.191179, 0.000441, 0.000000, lapack_dlarfb
State, th13, TASK, 0.191182, 0.191603, 0.000421, 0.000000, lapack_dlarfb
State, th13, TASK, 0.191607, 0.192029, 0.000422, 0.000000, lapack_dlarfb
State, th13, TASK, 0.192033, 0.192456, 0.000423, 0.000000, lapack_dlarfb
State, th13, TASK, 0.192460, 0.192878, 0.000419, 0.000000, lapack_dlarfb
State, th13, TASK, 0.192882, 0.193301, 0.000420, 0.000000, lapack_dlarfb
State, th13, TASK, 0.193306, 0.193729, 0.000422, 0.000000, lapack_dlarfb
State, th13, TASK, 0.193732, 0.194144, 0.000412, 0.000000, lapack_dlarfb
State, th13, TASK, 0.194263, 0.195042, 0.000779, 0.000000, lapack_dtpmqrt
State, th13, TASK, 0.195046, 0.195801, 0.000755, 0.000000, lapack_dtpmqrt
State, th13, TASK, 0.195805, 0.196562, 0.000757, 0.000000, lapack_dtpmqrt
State, th13, TASK, 0.196566, 0.197325, 0.000758, 0.000000, lapack_dtpmqrt
State, th13, TASK, 0.197328, 0.198085, 0.000757, 0.000000, lapack_dtpmqrt
State, th13, TASK, 0.198088, 0.198845, 0.000757, 0.000000, lapack_dtpmqrt
State, th13, TASK, 0.198850, 0.199613, 0.000763, 0.000000, lapack_dtpmqrt
State, th13, TASK, 0.199617, 0.200373, 0.000757, 0.000000, lapack_dtpmqrt
State, th13, TASK, 0.200377, 0.201137, 0.000760, 0.000000, lapack_dtpmqrt
State, th13, TASK, 0.201140, 0.201897, 0.000757, 0.000000, lapack_dtpmqrt
State, th13, TASK, 0.201901, 0.202659, 0.000757, 0.000000, lapack_dtpmqrt
State, th13, TASK, 0.202662, 0.203424, 0.000762, 0.000000, lapack_dtpmqrt
State, th13, TASK, 0.203438, 0.204198, 0.000761, 0.000000, lapack_dtpmqrt
State, th13, TASK, 0.204202, 0.204964, 0.000762, 0.000000, lapack_dtpmqrt
State, th13, TASK, 0.204968, 0.205728, 0.000760, 0.000000, lapack_dtpmqrt
State, th13, TASK, 0.205731, 0.206493, 0.000762, 0.000000, lapack_dtpmqrt
State, th13, TASK, 0.206497, 0.207263, 0.000767, 0.000000, lapack_dtpmqrt
State, th13, TASK, 0.207268, 0.208030, 0.000762, 0.000000, lapack_dtpmqrt
State, th13, TASK, 0.208034, 0.208790, 0.000756, 0.000000, lapack_dtpmqrt
State, th13, TASK, 0.208793, 0.209553, 0.000760, 0.000000, lapack_dtpmqrt
State, th13, TASK, 0.209557, 0.210319, 0.000762, 0.000000, lapack_dtpmqrt
State, th13, TASK, 0.210323, 0.211092, 0.000769, 0.000000, lapack_dtpmqrt
State, th13, TASK, 0.211096, 0.211861, 0.000765, 0.000000, lapack_dtpmqrt
State, th13, TASK, 0.211864, 0.212631, 0.000766, 0.000000, lapack_dtpmqrt
State, th13, TASK, 0.212634, 0.213395, 0.000761, 0.000000, lapack_dtpmqrt
State, th13, TASK, 0.213398, 0.214154, 0.000755, 0.000000, lapack_dtpmqrt
State, th13, TASK, 0.214157, 0.214927, 0.000770, 0.000000, lapack_dtpmqrt
State, th13, TASK, 0.214931, 0.215691, 0.000760, 0.000000, lapack_dtpmqrt
State, th13, TASK, 0.215788, 0.216574, 0.000786, 0.000000, lapack_dtpmqrt
State, th13, TASK, 0.216578, 0.217346, 0.000768, 0.000000, lapack_dtpmqrt
State, th13, TASK, 0.217351, 0.218133, 0.000782, 0.000000, lapack_dtpmqrt
State, th13, TASK, 0.218137, 0.218917, 0.000781, 0.000000, lapack_dtpmqrt
State, th13, TASK, 0.218922, 0.219703, 0.000781, 0.000000, lapack_dtpmqrt
State, th13, TASK, 0.219707, 0.220477, 0.000769, 0.000000, lapack_dtpmqrt
State, th13, TASK, 0.220481, 0.221246, 0.000765, 0.000000, lapack_dtpmqrt
State, th13, TASK, 0.221250, 0.222017, 0.000767, 0.000000, lapack_dtpmqrt
State, th13, TASK, 0.222021, 0.222789, 0.000768, 0.000000, lapack_dtpmqrt
State, th13, TASK, 0.222793, 0.223568, 0.000775, 0.000000, lapack_dtpmqrt
State, th13, TASK, 0.223572, 0.224338, 0.000766, 0.000000, lapack_dtpmqrt
State, th13, TASK, 0.224341, 0.225103, 0.000762, 0.000000, lapack_dtpmqrt
State, th13, TASK, 0.225107, 0.225878, 0.000770, 0.000000, lapack_dtpmqrt
State, th13, TASK, 0.225882, 0.226655, 0.000773, 0.000000, lapack_dtpmqrt
State, th13, TASK, 0.226659, 0.227428, 0.000769, 0.000000, lapack_dtpmqrt
State, th13, TASK, 0.227433, 0.228196, 0.000763, 0.000000, lapack_dtpmqrt
State, th13, TASK, 0.228200, 0.228970, 0.000770, 0.000000, lapack_dtpmqrt
State, th13, TASK, 0.228974, 0.229747, 0.000772, 0.000000, lapack_dtpmqrt
State, th13, TASK, 0.229751, 0.230526, 0.000775, 0.000000, lapack_dtpmqrt
State, th13, TASK, 0.230530, 0.231309, 0.000778, 0.000000, lapack_dtpmqrt
State, th13, TASK, 0.231313, 0.232092, 0.000779, 0.000000, lapack_dtpmqrt
State, th13, TASK, 0.232096, 0.232871, 0.000775, 0.000000, lapack_dtpmqrt
State, th13, TASK, 0.232874, 0.233634, 0.000760, 0.000000, lapack_dtpmqrt
State, th13, TASK, 0.233638, 0.234390, 0.000752, 0.000000, lapack_dtpmqrt
State, th13, TASK, 0.234394, 0.235159, 0.000765, 0.000000, lapack_dtpmqrt
State, th13, TASK, 0.235249, 0.236014, 0.000765, 0.000000, lapack_dtpmqrt
State, th13, TASK, 0.236018, 0.236762, 0.000744, 0.000000, lapack_dtpmqrt
State, th13, TASK, 0.236766, 0.237514, 0.000749, 0.000000, lapack_dtpmqrt
State, th13, TASK, 0.237521, 0.238268, 0.000747, 0.000000, lapack_dtpmqrt
State, th13, TASK, 0.238272, 0.239026, 0.000754, 0.000000, lapack_dtpmqrt
State, th13, TASK, 0.239030, 0.239782, 0.000751, 0.000000, lapack_dtpmqrt
State, th13, TASK, 0.239786, 0.240537, 0.000751, 0.000000, lapack_dtpmqrt
State, th13, TASK, 0.240541, 0.241295, 0.000755, 0.000000, lapack_dtpmqrt
State, th13, TASK, 0.241299, 0.242054, 0.000755, 0.000000, lapack_dtpmqrt
State, th13, TASK, 0.242059, 0.242813, 0.000754, 0.000000, lapack_dtpmqrt
State, th13, TASK, 0.242817, 0.243582, 0.000765, 0.000000, lapack_dtpmqrt
State, th13, TASK, 0.243586, 0.244344, 0.000757, 0.000000, lapack_dtpmqrt
State, th13, TASK, 0.244347, 0.245109, 0.000762, 0.000000, lapack_dtpmqrt
State, th13, TASK, 0.245112, 0.245873, 0.000761, 0.000000, lapack_dtpmqrt
State, th13, TASK, 0.245877, 0.246639, 0.000762, 0.000000, lapack_dtpmqrt
State, th13, TASK, 0.246643, 0.247413, 0.000770, 0.000000, lapack_dtpmqrt
State, th13, TASK, 0.247417, 0.248179, 0.000762, 0.000000, lapack_dtpmqrt
State, th13, TASK, 0.248182, 0.248943, 0.000761, 0.000000, lapack_dtpmqrt
State, th13, TASK, 0.248947, 0.249707, 0.000760, 0.000000, lapack_dtpmqrt
State, th13, TASK, 0.249711, 0.250472, 0.000761, 0.000000, lapack_dtpmqrt
State, th13, TASK, 0.250475, 0.251243, 0.000768, 0.000000, lapack_dtpmqrt
State, th13, TASK, 0.251247, 0.252011, 0.000764, 0.000000, lapack_dtpmqrt
State, th13, TASK, 0.252015, 0.252782, 0.000767, 0.000000, lapack_dtpmqrt
State, th13, TASK, 0.252790, 0.253555, 0.000764, 0.000000, lapack_dtpmqrt
State, th13, TASK, 0.253558, 0.254321, 0.000762, 0.000000, lapack_dtpmqrt
State, th13, TASK, 0.254332, 0.255092, 0.000760, 0.000000, lapack_dtpmqrt
State, th13, TASK, 0.255097, 0.255846, 0.000749, 0.000000, lapack_dtpmqrt
State, th13, TASK, 0.255850, 0.256602, 0.000751, 0.000000, lapack_dtpmqrt
State, th13, TASK, 0.256605, 0.257359, 0.000753, 0.000000, lapack_dtpmqrt
State, th13, TASK, 0.257362, 0.258114, 0.000751, 0.000000, lapack_dtpmqrt
State, th13, TASK, 0.258117, 0.258869, 0.000752, 0.000000, lapack_dtpmqrt
State, th13, TASK, 0.258878, 0.259630, 0.000751, 0.000000, lapack_dtpmqrt
State, th13, TASK, 0.259634, 0.260392, 0.000758, 0.000000, lapack_dtpmqrt
State, th13, TASK, 0.260396, 0.261152, 0.000757, 0.000000, lapack_dtpmqrt
State, th13, TASK, 0.261232, 0.262001, 0.000769, 0.000000, lapack_dtpmqrt
State, th13, TASK, 0.262005, 0.262773, 0.000768, 0.000000, lapack_dtpmqrt
State, th13, TASK, 0.262777, 0.263546, 0.000769, 0.000000, lapack_dtpmqrt
State, th13, TASK, 0.263550, 0.264305, 0.000755, 0.000000, lapack_dtpmqrt
State, th13, TASK, 0.264309, 0.265065, 0.000756, 0.000000, lapack_dtpmqrt
State, th13, TASK, 0.265122, 0.265901, 0.000779, 0.000000, lapack_dtpmqrt
State, th13, TASK, 0.265905, 0.266679, 0.000774, 0.000000, lapack_dtpmqrt
State, th13, TASK, 0.266683, 0.267462, 0.000779, 0.000000, lapack_dtpmqrt
State, th13, TASK, 0.267466, 0.268240, 0.000774, 0.000000, lapack_dtpmqrt
State, th13, TASK, 0.268244, 0.269015, 0.000771, 0.000000, lapack_dtpmqrt
State, th13, TASK, 0.269019, 0.269779, 0.000761, 0.000000, lapack_dtpmqrt
State, th13, TASK, 0.269783, 0.270555, 0.000772, 0.000000, lapack_dtpmqrt
State, th13, TASK, 0.270558, 0.271339, 0.000781, 0.000000, lapack_dtpmqrt
State, th13, TASK, 0.271343, 0.272105, 0.000762, 0.000000, lapack_dtpmqrt
State, th13, TASK, 0.272110, 0.272879, 0.000769, 0.000000, lapack_dtpmqrt
State, th13, TASK, 0.272883, 0.273658, 0.000775, 0.000000, lapack_dtpmqrt
State, th13, TASK, 0.273667, 0.274274, 0.000607, 0.000000, lapack_dgeqrt
State, th13, TASK, 0.274290, 0.274708, 0.000418, 0.000000, lapack_dlarfb
State, th13, TASK, 0.274711, 0.275130, 0.000418, 0.000000, lapack_dlarfb
State, th13, TASK, 0.275133, 0.275558, 0.000425, 0.000000, lapack_dlarfb
State, th13, TASK, 0.275561, 0.275972, 0.000411, 0.000000, lapack_dlarfb
State, th13, TASK, 0.275975, 0.276385, 0.000410, 0.000000, lapack_dlarfb
State, th13, TASK, 0.276388, 0.276798, 0.000410, 0.000000, lapack_dlarfb
State, th13, TASK, 0.276803, 0.277213, 0.000410, 0.000000, lapack_dlarfb
State, th13, TASK, 0.277216, 0.277650, 0.000435, 0.000000, lapack_dlarfb
State, th13, TASK, 0.277654, 0.278067, 0.000413, 0.000000, lapack_dlarfb
State, th13, TASK, 0.278151, 0.278912, 0.000761, 0.000000, lapack_dtpmqrt
State, th13, TASK, 0.278916, 0.279656, 0.000740, 0.000000, lapack_dtpmqrt
State, th13, TASK, 0.279660, 0.280402, 0.000742, 0.000000, lapack_dtpmqrt
State, th13, TASK, 0.280406, 0.281153, 0.000748, 0.000000, lapack_dtpmqrt
State, th13, TASK, 0.281157, 0.281899, 0.000742, 0.000000, lapack_dtpmqrt
State, th13, TASK, 0.281904, 0.282652, 0.000748, 0.000000, lapack_dtpmqrt
State, th13, TASK, 0.282656, 0.283408, 0.000751, 0.000000, lapack_dtpmqrt
State, th13, TASK, 0.283412, 0.284162, 0.000751, 0.000000, lapack_dtpmqrt
State, th13, TASK, 0.284167, 0.284909, 0.000742, 0.000000, lapack_dtpmqrt
State, th13, TASK, 0.284913, 0.285653, 0.000740, 0.000000, lapack_dtpmqrt
State, th13, TASK, 0.285658, 0.286404, 0.000746, 0.000000, lapack_dtpmqrt
State, th13, TASK, 0.286408, 0.287169, 0.000761, 0.000000, lapack_dtpmqrt
State, th13, TASK, 0.287173, 0.287920, 0.000747, 0.000000, lapack_dtpmqrt
State, th13, TASK, 0.287925, 0.288678, 0.000753, 0.000000, lapack_dtpmqrt
State, th13, TASK, 0.288682, 0.289432, 0.000751, 0.000000, lapack_dtpmqrt
State, th13, TASK, 0.289436, 0.290190, 0.000753, 0.000000, lapack_dtpmqrt
State, th13, TASK, 0.290199, 0.290954, 0.000755, 0.000000, lapack_dtpmqrt
State, th13, TASK, 0.290958, 0.291704, 0.000746, 0.000000, lapack_dtpmqrt
State, th13, TASK, 0.291707, 0.292455, 0.000747, 0.000000, lapack_dtpmqrt
State, th13, TASK, 0.292459, 0.293208, 0.000749, 0.000000, lapack_dtpmqrt
State, th13, TASK, 0.293211, 0.293960, 0.000749, 0.000000, lapack_dtpmqrt
State, th13, TASK, 0.293964, 0.294708, 0.000744, 0.000000, lapack_dtpmqrt
State, th13, TASK, 0.294712, 0.295465, 0.000752, 0.000000, lapack_dtpmqrt
State, th13, TASK, 0.295469, 0.296219, 0.000750, 0.000000, lapack_dtpmqrt
State, th13, TASK, 0.296222, 0.296971, 0.000749, 0.000000, lapack_dtpmqrt
State, th13, TASK, 0.296974, 0.297720, 0.000746, 0.000000, lapack_dtpmqrt
State, th13, TASK, 0.297724, 0.298468, 0.000744, 0.000000, lapack_dtpmqrt
State, th13, TASK, 0.298476, 0.299265, 0.000788, 0.000000, lapack_dtpmqrt
State, th13, TASK, 0.299269, 0.300035, 0.000767, 0.000000, lapack_dtpmqrt
State, th13, TASK, 0.300071, 0.300532, 0.000460, 0.000000, lapack_dlarfb
State, th13, TASK, 0.300536, 0.300971, 0.000435, 0.000000, lapack_dlarfb
State, th13, TASK, 0.300975, 0.301407, 0.000432, 0.000000, lapack_dlarfb
State, th13, TASK, 0.301410, 0.301847, 0.000437, 0.000000, lapack_dlarfb
State, th13, TASK, 0.302143, 0.302931, 0.000788, 0.000000, lapack_dtpmqrt
State, th13, TASK, 0.302936, 0.303697, 0.000761, 0.000000, lapack_dtpmqrt
State, th13, TASK, 0.303701, 0.304463, 0.000762, 0.000000, lapack_dtpmqrt
State, th13, TASK, 0.304467, 0.305221, 0.000754, 0.000000, lapack_dtpmqrt
State, th13, TASK, 0.305225, 0.305980, 0.000755, 0.000000, lapack_dtpmqrt
State, th13, TASK, 0.305984, 0.306747, 0.000763, 0.000000, lapack_dtpmqrt
State, th13, TASK, 0.306750, 0.307518, 0.000768, 0.000000, lapack_dtpmqrt
State, th13, TASK, 0.307522, 0.308283, 0.000761, 0.000000, lapack_dtpmqrt
State, th13, TASK, 0.308287, 0.309045, 0.000758, 0.000000, lapack_dtpmqrt
State, th13, TASK, 0.309051, 0.309810, 0.000759, 0.000000, lapack_dtpmqrt
State, th13, TASK, 0.309813, 0.310581, 0.000768, 0.000000, lapack_dtpmqrt
State, th13, TASK, 0.310585, 0.311349, 0.000764, 0.000000, lapack_dtpmqrt
State, th13, TASK, 0.311354, 0.312114, 0.000760, 0.000000, lapack_dtpmqrt
State, th13, TASK, 0.312118, 0.312876, 0.000759, 0.000000, lapack_dtpmqrt
State, th13, TASK, 0.312881, 0.313643, 0.000762, 0.000000, lapack_dtpmqrt
State, th13, TASK, 0.314057, 0.314597, 0.000540, 0.000000, lapack_dtpqrt
State, th13, TASK, 0.314605, 0.315145, 0.000540, 0.000000, lapack_dtpqrt
State, th13, TASK, 0.315154, 0.315687, 0.000534, 0.000000, lapack_dtpqrt
State, th13, TASK, 0.315697, 0.316240, 0.000543, 0.000000, lapack_dtpqrt
State, th13, TASK, 0.316251, 0.316786, 0.000535, 0.000000, lapack_dtpqrt
State, th13, TASK, 0.316794, 0.317333, 0.000539, 0.000000, lapack_dtpqrt
State, th13, TASK, 0.317341, 0.317900, 0.000559, 0.000000, lapack_dtpqrt
State, th13, TASK, 0.317909, 0.318525, 0.000616, 0.000000, lapack_dtpqrt
State, th13, TASK, 0.318533, 0.319078, 0.000545, 0.000000, lapack_dtpqrt
State, th13, TASK, 0.319087, 0.319620, 0.000534, 0.000000, lapack_dtpqrt
State, th13, TASK, 0.319629, 0.320152, 0.000523, 0.000000, lapack_dtpqrt
State, th13, TASK, 0.320161, 0.320674, 0.000513, 0.000000, lapack_dtpqrt
State, th13, TASK, 0.320695, 0.321488, 0.000793, 0.000000, lapack_dtpmqrt
State, th13, TASK, 0.321493, 0.322277, 0.000783, 0.000000, lapack_dtpmqrt
State, th13, TASK, 0.322280, 0.323071, 0.000791, 0.000000, lapack_dtpmqrt
State, th13, TASK, 0.323269, 0.323823, 0.000553, 0.000000, lapack_dtpqrt
State, th13, TASK, 0.323841, 0.324623, 0.000782, 0.000000, lapack_dtpmqrt
State, th13, TASK, 0.324627, 0.325389, 0.000763, 0.000000, lapack_dtpmqrt
State, th13, TASK, 0.325393, 0.326188, 0.000795, 0.000000, lapack_dtpmqrt
State, th13, TASK, 0.326191, 0.326964, 0.000773, 0.000000, lapack_dtpmqrt
State, th13, TASK, 0.326969, 0.327743, 0.000774, 0.000000, lapack_dtpmqrt
State, th13, TASK, 0.327747, 0.328530, 0.000783, 0.000000, lapack_dtpmqrt
State, th13, TASK, 0.328535, 0.329311, 0.000776, 0.000000, lapack_dtpmqrt
State, th13, TASK, 0.329315, 0.330094, 0.000779, 0.000000, lapack_dtpmqrt
State, th13, TASK, 0.330132, 0.330890, 0.000757, 0.000000, lapack_dtpmqrt
State, th13, TASK, 0.330894, 0.331633, 0.000739, 0.000000, lapack_dtpmqrt
State, th13, TASK, 0.331637, 0.332386, 0.000749, 0.000000, lapack_dtpmqrt
State, th13, TASK, 0.332390, 0.333136, 0.000747, 0.000000, lapack_dtpmqrt
State, th13, TASK, 0.333140, 0.333888, 0.000748, 0.000000, lapack_dtpmqrt
State, th13, TASK, 0.333892, 0.334641, 0.000749, 0.000000, lapack_dtpmqrt
State, th13, TASK, 0.334645, 0.335397, 0.000752, 0.000000, lapack_dtpmqrt
State, th13, TASK, 0.335402, 0.336153, 0.000751, 0.000000, lapack_dtpmqrt
State, th13, TASK, 0.336172, 0.336566, 0.000395, 0.000000, lapack_dgeqrt
State, th13, TASK, 0.336579, 0.336992, 0.000413, 0.000000, lapack_dlarfb
State, th13, TASK, 0.336995, 0.337404, 0.000409, 0.000000, lapack_dlarfb
State, th13, TASK, 0.337407, 0.337815, 0.000408, 0.000000, lapack_dlarfb
State, th13, TASK, 0.337818, 0.338228, 0.000409, 0.000000, lapack_dlarfb
State, th13, TASK, 0.338374, 0.339176, 0.000802, 0.000000, lapack_dtpmqrt
State, th13, TASK, 0.339180, 0.339989, 0.000809, 0.000000, lapack_dtpmqrt
State, th13, TASK, 0.339993, 0.340792, 0.000798, 0.000000, lapack_dtpmqrt
State, th13, TASK, 0.340796, 0.341579, 0.000783, 0.000000, lapack_dtpmqrt
State, th13, TASK, 0.341779, 0.342304, 0.000525, 0.000000, lapack_dtpqrt
State, th13, TASK, 0.342311, 0.342834, 0.000523, 0.000000, lapack_dtpqrt
State, th13, TASK, 0.342849, 0.343376, 0.000527, 0.000000, lapack_dtpqrt
State, th13, TASK, 0.343389, 0.344147, 0.000758, 0.000000, lapack_dtpmqrt
State, th13, TASK, 0.344199, 0.344969, 0.000770, 0.000000, lapack_dtpmqrt
State, th13, TASK, 0.344974, 0.345745, 0.000771, 0.000000, lapack_dtpmqrt
State, th13, TASK, 0.345749, 0.346517, 0.000768, 0.000000, lapack_dtpmqrt
State, th13, TASK, 0.346521, 0.347305, 0.000784, 0.000000, lapack_dtpmqrt
State, th13, TASK, 0.347309, 0.348078, 0.000768, 0.000000, lapack_dtpmqrt
State, th13, TASK, 0.348081, 0.348853, 0.000772, 0.000000, lapack_dtpmqrt
State, th13, TASK, 0.348857, 0.349632, 0.000775, 0.000000, lapack_dtpmqrt
State, th13, TASK, 0.349636, 0.350409, 0.000773, 0.000000, lapack_dtpmqrt
State, th13, TASK, 0.350413, 0.351191, 0.000778, 0.000000, lapack_dtpmqrt
State, th13, TASK, 0.351196, 0.351967, 0.000771, 0.000000, lapack_dtpmqrt
State, th13, TASK, 0.351971, 0.352744, 0.000773, 0.000000, lapack_dtpmqrt
State, th13, TASK, 0.352747, 0.353499, 0.000752, 0.000000, lapack_dtpmqrt
State, th13, TASK, 0.353657, 0.354424, 0.000768, 0.000000, lapack_dtpmqrt
State, th13, TASK, 0.354428, 0.355186, 0.000757, 0.000000, lapack_dtpmqrt
State, th13, TASK, 0.355206, 0.355753, 0.000548, 0.000000, lapack_dtpqrt
State, th13, TASK, 0.355778, 0.356544, 0.000767, 0.000000, lapack_dtpmqrt
State, th13, TASK, 0.356549, 0.357307, 0.000758, 0.000000, lapack_dtpmqrt
State, th13, TASK, 0.357311, 0.358098, 0.000787, 0.000000, lapack_dtpmqrt
State, th13, TASK, 0.358102, 0.358892, 0.000790, 0.000000, lapack_dtpmqrt
State, th13, TASK, 0.358896, 0.359673, 0.000777, 0.000000, lapack_dtpmqrt
State, th13, TASK, 0.359682, 0.360449, 0.000767, 0.000000, lapack_dtpmqrt
State, th13, TASK, 0.360453, 0.361204, 0.000751, 0.000000, lapack_dtpmqrt
State, th13, TASK, 0.361444, 0.361902, 0.000458, 0.000000, lapack_dlarfb
State, th13, TASK, 0.361905, 0.362344, 0.000439, 0.000000, lapack_dlarfb
State, th13, TASK, 0.362576, 0.363410, 0.000835, 0.000000, lapack_dtpmqrt
State, th13, TASK, 0.363415, 0.364198, 0.000783, 0.000000, lapack_dtpmqrt
State, th13, TASK, 0.364202, 0.364973, 0.000771, 0.000000, lapack_dtpmqrt
State, th13, TASK, 0.364982, 0.365762, 0.000779, 0.000000, lapack_dtpmqrt
State, th13, TASK, 0.365766, 0.366541, 0.000775, 0.000000, lapack_dtpmqrt
State, th13, TASK, 0.366544, 0.367325, 0.000781, 0.000000, lapack_dtpmqrt
State, th13, TASK, 0.367376, 0.368139, 0.000762, 0.000000, lapack_dtpmqrt
State, th13, TASK, 0.368384, 0.369189, 0.000805, 0.000000, lapack_dtpmqrt
State, th13, TASK, 0.369194, 0.369992, 0.000798, 0.000000, lapack_dtpmqrt
State, th13, TASK, 0.370642, 0.371395, 0.000753, 0.000000, lapack_dtpmqrt
State, th13, TASK, 0.371807, 0.372272, 0.000465, 0.000000, lapack_dlarfb
State, th13, TASK, 0.372316, 0.373072, 0.000756, 0.000000, lapack_dtpmqrt
State, th13, TASK, 0.375031, 0.375816, 0.000786, 0.000000, lapack_dtpmqrt
State, th12, TASK, 0.012288, 0.012974, 0.000686, 0.000000, lapack_dlarfb
State, th12, TASK, 0.014005, 0.015155, 0.001150, 0.000000, lapack_dtpmqrt
State, th12, TASK, 0.015161, 0.016018, 0.000857, 0.000000, lapack_dtpmqrt
State, th12, TASK, 0.016515, 0.017568, 0.001052, 0.000000, lapack_dtpqrt
State, th12, TASK, 0.017586, 0.018347, 0.000761, 0.000000, lapack_dtpmqrt
State, th12, TASK, 0.018351, 0.019137, 0.000786, 0.000000, lapack_dtpmqrt
State, th12, TASK, 0.019141, 0.019882, 0.000741, 0.000000, lapack_dtpmqrt
State, th12, TASK, 0.019886, 0.020644, 0.000758, 0.000000, lapack_dtpmqrt
State, th12, TASK, 0.020648, 0.021407, 0.000759, 0.000000, lapack_dtpmqrt
State, th12, TASK, 0.021415, 0.022207, 0.000792, 0.000000, lapack_dtpmqrt
State, th12, TASK, 0.022211, 0.023005, 0.000793, 0.000000, lapack_dtpmqrt
State, th12, TASK, 0.023009, 0.023788, 0.000779, 0.000000, lapack_dtpmqrt
State, th12, TASK, 0.023792, 0.024586, 0.000795, 0.000000, lapack_dtpmqrt
State, th12, TASK, 0.024590, 0.025368, 0.000778, 0.000000, lapack_dtpmqrt
State, th12, TASK, 0.025373, 0.026143, 0.000770, 0.000000, lapack_dtpmqrt
State, th12, TASK, 0.026147, 0.026934, 0.000787, 0.000000, lapack_dtpmqrt
State, th12, TASK, 0.026938, 0.027720, 0.000782, 0.000000, lapack_dtpmqrt
State, th12, TASK, 0.027725, 0.028497, 0.000772, 0.000000, lapack_dtpmqrt
State, th12, TASK, 0.028500, 0.029283, 0.000783, 0.000000, lapack_dtpmqrt
State, th12, TASK, 0.029289, 0.030059, 0.000770, 0.000000, lapack_dtpmqrt
State, th12, TASK, 0.030063, 0.030821, 0.000758, 0.000000, lapack_dtpmqrt
State, th12, TASK, 0.030825, 0.031591, 0.000767, 0.000000, lapack_dtpmqrt
State, th12, TASK, 0.031595, 0.032354, 0.000759, 0.000000, lapack_dtpmqrt
State, th12, TASK, 0.032359, 0.033120, 0.000761, 0.000000, lapack_dtpmqrt
State, th12, TASK, 0.033124, 0.033869, 0.000744, 0.000000, lapack_dtpmqrt
State, th12, TASK, 0.033872, 0.034619, 0.000747, 0.000000, lapack_dtpmqrt
State, th12, TASK, 0.034623, 0.035396, 0.000773, 0.000000, lapack_dtpmqrt
State, th12, TASK, 0.035401, 0.036176, 0.000775, 0.000000, lapack_dtpmqrt
State, th12, TASK, 0.036180, 0.036948, 0.000768, 0.000000, lapack_dtpmqrt
State, th12, TASK, 0.036952, 0.037709, 0.000757, 0.000000, lapack_dtpmqrt
State, th12, TASK, 0.037713, 0.038465, 0.000752, 0.000000, lapack_dtpmqrt
State, th12, TASK, 0.038469, 0.039227, 0.000759, 0.000000, lapack_dtpmqrt
State, th12, TASK, 0.039233, 0.039986, 0.000753, 0.000000, lapack_dtpmqrt
State, th12, TASK, 0.039991, 0.040738, 0.000747, 0.000000, lapack_dtpmqrt
State, th12, TASK, 0.040741, 0.041485, 0.000743, 0.000000, lapack_dtpmqrt
State, th12, TASK, 0.041489, 0.042238, 0.000749, 0.000000, lapack_dtpmqrt
State, th12, TASK, 0.042242, 0.042998, 0.000756, 0.000000, lapack_dtpmqrt
State, th12, TASK, 0.043003, 0.043742, 0.000739, 0.000000, lapack_dtpmqrt
State, th12, TASK, 0.043745, 0.044479, 0.000734, 0.000000, lapack_dtpmqrt
State, th12, TASK, 0.044483, 0.045215, 0.000732, 0.000000, lapack_dtpmqrt
State, th12, TASK, 0.045219, 0.045954, 0.000735, 0.000000, lapack_dtpmqrt
State, th12, TASK, 0.045960, 0.046728, 0.000768, 0.000000, lapack_dtpmqrt
State, th12, TASK, 0.046732, 0.047499, 0.000767, 0.000000, lapack_dtpmqrt
State, th12, TASK, 0.047506, 0.047922, 0.000416, 0.000000, lapack_dlarfb
State, th12, TASK, 0.047926, 0.048342, 0.000416, 0.000000, lapack_dlarfb
State, th12, TASK, 0.048347, 0.049119, 0.000771, 0.000000, lapack_dtpmqrt
State, th12, TASK, 0.049122, 0.049891, 0.000768, 0.000000, lapack_dtpmqrt
State, th12, TASK, 0.049896, 0.050668, 0.000773, 0.000000, lapack_dtpmqrt
State, th12, TASK, 0.050673, 0.051458, 0.000785, 0.000000, lapack_dtpmqrt
State, th12, TASK, 0.051463, 0.052238, 0.000775, 0.000000, lapack_dtpmqrt
State, th12, TASK, 0.052242, 0.053021, 0.000779, 0.000000, lapack_dtpmqrt
State, th12, TASK, 0.053025, 0.053820, 0.000795, 0.000000, lapack_dtpmqrt
State, th12, TASK, 0.053823, 0.054618, 0.000795, 0.000000, lapack_dtpmqrt
State, th12, TASK, 0.054622, 0.055432, 0.000810, 0.000000, lapack_dtpmqrt
State, th12, TASK, 0.055437, 0.056233, 0.000796, 0.000000, lapack_dtpmqrt
State, th12, TASK, 0.056237, 0.057029, 0.000792, 0.000000, lapack_dtpmqrt
State, th12, TASK, 0.057034, 0.057829, 0.000795, 0.000000, lapack_dtpmqrt
State, th12, TASK, 0.057833, 0.058617, 0.000784, 0.000000, lapack_dtpmqrt
State, th12, TASK, 0.058621, 0.059392, 0.000770, 0.000000, lapack_dtpmqrt
State, th12, TASK, 0.059397, 0.060161, 0.000764, 0.000000, lapack_dtpmqrt
State, th12, TASK, 0.060164, 0.060934, 0.000769, 0.000000, lapack_dtpmqrt
State, th12, TASK, 0.060938, 0.061709, 0.000771, 0.000000, lapack_dtpmqrt
State, th12, TASK, 0.061713, 0.062479, 0.000767, 0.000000, lapack_dtpmqrt
State, th12, TASK, 0.062488, 0.063266, 0.000778, 0.000000, lapack_dtpmqrt
State, th12, TASK, 0.063270, 0.064038, 0.000767, 0.000000, lapack_dtpmqrt
State, th12, TASK, 0.064042, 0.064807, 0.000765, 0.000000, lapack_dtpmqrt
State, th12, TASK, 0.064811, 0.065581, 0.000770, 0.000000, lapack_dtpmqrt
State, th12, TASK, 0.065585, 0.066355, 0.000770, 0.000000, lapack_dtpmqrt
State, th12, TASK, 0.066359, 0.067139, 0.000780, 0.000000, lapack_dtpmqrt
State, th12, TASK, 0.067143, 0.067906, 0.000763, 0.000000, lapack_dtpmqrt
State, th12, TASK, 0.067910, 0.068683, 0.000773, 0.000000, lapack_dtpmqrt
State, th12, TASK, 0.068687, 0.069444, 0.000757, 0.000000, lapack_dtpmqrt
State, th12, TASK, 0.069448, 0.070206, 0.000758, 0.000000, lapack_dtpmqrt
State, th12, TASK, 0.070209, 0.070974, 0.000764, 0.000000, lapack_dtpmqrt
State, th12, TASK, 0.070977, 0.071765, 0.000788, 0.000000, lapack_dtpmqrt
State, th12, TASK, 0.071771, 0.072552, 0.000781, 0.000000, lapack_dtpmqrt
State, th12, TASK, 0.072555, 0.073339, 0.000784, 0.000000, lapack_dtpmqrt
State, th12, TASK, 0.073344, 0.074125, 0.000781, 0.000000, lapack_dtpmqrt
State, th12, TASK, 0.074128, 0.074918, 0.000789, 0.000000, lapack_dtpmqrt
State, th12, TASK, 0.074922, 0.075701, 0.000779, 0.000000, lapack_dtpmqrt
State, th12, TASK, 0.075705, 0.076488, 0.000783, 0.000000, lapack_dtpmqrt
State, th12, TASK, 0.076492, 0.077274, 0.000781, 0.000000, lapack_dtpmqrt
State, th12, TASK, 0.077277, 0.078056, 0.000778, 0.000000, lapack_dtpmqrt
State, th12, TASK, 0.078060, 0.078839, 0.000779, 0.000000, lapack_dtpmqrt
State, th12, TASK, 0.078843, 0.079628, 0.000785, 0.000000, lapack_dtpmqrt
State, th12, TASK, 0.079632, 0.080411, 0.000780, 0.000000, lapack_dtpmqrt
State, th12, TASK, 0.080415, 0.081191, 0.000776, 0.000000, lapack_dtpmqrt
State, th12, TASK, 0.081195, 0.081965, 0.000770, 0.000000, lapack_dtpmqrt
State, th12, TASK, 0.081970, 0.082740, 0.000770, 0.000000, lapack_dtpmqrt
State, th12, TASK, 0.082744, 0.083509, 0.000765, 0.000000, lapack_dtpmqrt
State, th12, TASK, 0.083513, 0.084278, 0.000766, 0.000000, lapack_dtpmqrt
State, th12, TASK, 0.084283, 0.085044, 0.000762, 0.000000, lapack_dtpmqrt
State, th12, TASK, 0.085048, 0.085807, 0.000759, 0.000000, lapack_dtpmqrt
State, th12, TASK, 0.085810, 0.086563, 0.000752, 0.000000, lapack_dtpmqrt
State, th12, TASK, 0.086567, 0.087326, 0.000759, 0.000000, lapack_dtpmqrt
State, th12, TASK, 0.087330, 0.088080, 0.000751, 0.000000, lapack_dtpmqrt
State, th12, TASK, 0.088084, 0.088832, 0.000748, 0.000000, lapack_dtpmqrt
State, th12, TASK, 0.088836, 0.089585, 0.000748, 0.000000, lapack_dtpmqrt
State, th12, TASK, 0.089589, 0.090346, 0.000758, 0.000000, lapack_dtpmqrt
State, th12, TASK, 0.090350, 0.091111, 0.000761, 0.000000, lapack_dtpmqrt
State, th12, TASK, 0.091115, 0.091872, 0.000758, 0.000000, lapack_dtpmqrt
State, th12, TASK, 0.091876, 0.092626, 0.000750, 0.000000, lapack_dtpmqrt
State, th12, TASK, 0.092630, 0.093376, 0.000747, 0.000000, lapack_dtpmqrt
State, th12, TASK, 0.093380, 0.094131, 0.000751, 0.000000, lapack_dtpmqrt
State, th12, TASK, 0.094135, 0.094888, 0.000753, 0.000000, lapack_dtpmqrt
State, th12, TASK, 0.094893, 0.095438, 0.000546, 0.000000, lapack_dtpqrt
State, th12, TASK, 0.095461, 0.096199, 0.000737, 0.000000, lapack_dtpmqrt
State, th12, TASK, 0.096202, 0.096953, 0.000751, 0.000000, lapack_dtpmqrt
State, th12, TASK, 0.096956, 0.097706, 0.000750, 0.000000, lapack_dtpmqrt
State, th12, TASK, 0.097710, 0.098460, 0.000751, 0.000000, lapack_dtpmqrt
State, th12, TASK, 0.098464, 0.099255, 0.000791, 0.000000, lapack_dtpmqrt
State, th12, TASK, 0.099260, 0.100041, 0.000781, 0.000000, lapack_dtpmqrt
State, th12, TASK, 0.100045, 0.100822, 0.000777, 0.000000, lapack_dtpmqrt
State, th12, TASK, 0.100827, 0.101598, 0.000772, 0.000000, lapack_dtpmqrt
State, th12, TASK, 0.101602, 0.102369, 0.000768, 0.000000, lapack_dtpmqrt
State, th12, TASK, 0.102373, 0.103138, 0.000765, 0.000000, lapack_dtpmqrt
State, th12, TASK, 0.103142, 0.103899, 0.000758, 0.000000, lapack_dtpmqrt
State, th12, TASK, 0.103903, 0.104660, 0.000757, 0.000000, lapack_dtpmqrt
State, th12, TASK, 0.104664, 0.105445, 0.000781, 0.000000, lapack_dtpmqrt
State, th12, TASK, 0.105448, 0.106235, 0.000787, 0.000000, lapack_dtpmqrt
State, th12, TASK, 0.106239, 0.107032, 0.000793, 0.000000, lapack_dtpmqrt
State, th12, TASK, 0.107036, 0.107813, 0.000777, 0.000000, lapack_dtpmqrt
State, th12, TASK, 0.107816, 0.108573, 0.000757, 0.000000, lapack_dtpmqrt
State, th12, TASK, 0.108577, 0.109345, 0.000769, 0.000000, lapack_dtpmqrt
State, th12, TASK, 0.109349, 0.110101, 0.000752, 0.000000, lapack_dtpmqrt
State, th12, TASK, 0.110105, 0.110859, 0.000754, 0.000000, lapack_dtpmqrt
State, th12, TASK, 0.110862, 0.111629, 0.000767, 0.000000, lapack_dtpmqrt
State, th12, TASK, 0.111638, 0.112393, 0.000756, 0.000000, lapack_dtpmqrt
State, th12, TASK, 0.112398, 0.113145, 0.000748, 0.000000, lapack_dtpmqrt
State, th12, TASK, 0.113150, 0.113901, 0.000751, 0.000000, lapack_dtpmqrt
State, th12, TASK, 0.113905, 0.114654, 0.000749, 0.000000, lapack_dtpmqrt
State, th12, TASK, 0.114658, 0.115430, 0.000772, 0.000000, lapack_dtpmqrt
State, th12, TASK, 0.115434, 0.116185, 0.000750, 0.000000, lapack_dtpmqrt
State, th12, TASK, 0.116189, 0.116946, 0.000757, 0.000000, lapack_dtpmqrt
State, th12, TASK, 0.116950, 0.117702, 0.000753, 0.000000, lapack_dtpmqrt
State, th12, TASK, 0.117706, 0.118461, 0.000755, 0.000000, lapack_dtpmqrt
State, th12, TASK, 0.118466, 0.119237, 0.000771, 0.000000, lapack_dtpmqrt
State, th12, TASK, 0.119241, 0.120000, 0.000759, 0.000000, lapack_dtpmqrt
State, th12, TASK, 0.120004, 0.120754, 0.000750, 0.000000, lapack_dtpmqrt
State, th12, TASK, 0.120758, 0.121510, 0.000751, 0.000000, lapack_dtpmqrt
State, th12, TASK, 0.121513, 0.122266, 0.000753, 0.000000, lapack_dtpmqrt
State, th12, TASK, 0.122270, 0.123041, 0.000771, 0.000000, lapack_dtpmqrt
State, th12, TASK, 0.123046, 0.123806, 0.000761, 0.000000, lapack_dtpmqrt
State, th12, TASK, 0.123810, 0.124556, 0.000746, 0.000000, lapack_dtpmqrt
State, th12, TASK, 0.124560, 0.125302, 0.000742, 0.000000, lapack_dtpmqrt
State, th12, TASK, 0.125308, 0.126045, 0.000737, 0.000000, lapack_dtpmqrt
State, th12, TASK, 0.126049, 0.126792, 0.000743, 0.000000, lapack_dtpmqrt
State, th12, TASK, 0.126796, 0.127544, 0.000747, 0.000000, lapack_dtpmqrt
State, th12, TASK, 0.127548, 0.128289, 0.000742, 0.000000, lapack_dtpmqrt
State, th12, TASK, 0.128293, 0.129036, 0.000743, 0.000000, lapack_dtpmqrt
State, th12, TASK, 0.129040, 0.129786, 0.000746, 0.000000, lapack_dtpmqrt
State, th12, TASK, 0.129790, 0.130590, 0.000801, 0.000000, lapack_dtpmqrt
State, th12, TASK, 0.130596, 0.131384, 0.000788, 0.000000, lapack_dtpmqrt
State, th12, TASK, 0.131388, 0.132179, 0.000791, 0.000000, lapack_dtpmqrt
State, th12, TASK, 0.132183, 0.132958, 0.000776, 0.000000, lapack_dtpmqrt
State, th12, TASK, 0.132962, 0.133744, 0.000781, 0.000000, lapack_dtpmqrt
State, th12, TASK, 0.133747, 0.134528, 0.000781, 0.000000, lapack_dtpmqrt
State, th12, TASK, 0.134532, 0.135323, 0.000791, 0.000000, lapack_dtpmqrt
State, th12, TASK, 0.135328, 0.136106, 0.000778, 0.000000, lapack_dtpmqrt
State, th12, TASK, 0.136109, 0.136887, 0.000778, 0.000000, lapack_dtpmqrt
State, th12, TASK, 0.136891, 0.137663, 0.000772, 0.000000, lapack_dtpmqrt
State, th12, TASK, 0.137667, 0.138443, 0.000775, 0.000000, lapack_dtpmqrt
State, th12, TASK, 0.138447, 0.139243, 0.000797, 0.000000, lapack_dtpmqrt
State, th12, TASK, 0.139248, 0.140014, 0.000767, 0.000000, lapack_dtpmqrt
State, th12, TASK, 0.140018, 0.140791, 0.000773, 0.000000, lapack_dtpmqrt
State, th12, TASK, 0.140795, 0.141543, 0.000748, 0.000000, lapack_dtpmqrt
State, th12, TASK, 0.141547, 0.142296, 0.000749, 0.000000, lapack_dtpmqrt
State, th12, TASK, 0.142300, 0.143054, 0.000754, 0.000000, lapack_dtpmqrt
State, th12, TASK, 0.143058, 0.143806, 0.000748, 0.000000, lapack_dtpmqrt
State, th12, TASK, 0.143810, 0.144558, 0.000749, 0.000000, lapack_dtpmqrt
State, th12, TASK, 0.144562, 0.145309, 0.000747, 0.000000, lapack_dtpmqrt
State, th12, TASK, 0.145313, 0.146062, 0.000749, 0.000000, lapack_dtpmqrt
State, th12, TASK, 0.146066, 0.146813, 0.000747, 0.000000, lapack_dtpmqrt
State, th12, TASK, 0.146817, 0.147571, 0.000754, 0.000000, lapack_dtpmqrt
State, th12, TASK, 0.147576, 0.148323, 0.000747, 0.000000, lapack_dtpmqrt
State, th12, TASK, 0.148326, 0.149069, 0.000743, 0.000000, lapack_dtpmqrt
State, th12, TASK, 0.149074, 0.149821, 0.000747, 0.000000, lapack_dtpmqrt
State, th12, TASK, 0.149824, 0.150573, 0.000748, 0.000000, lapack_dtpmqrt
State, th12, TASK, 0.150576, 0.151326, 0.000750, 0.000000, lapack_dtpmqrt
State, th12, TASK, 0.151330, 0.152072, 0.000743, 0.000000, lapack_dtpmqrt
State, th12, TASK, 0.152076, 0.152822, 0.000746, 0.000000, lapack_dtpmqrt
State, th12, TASK, 0.152825, 0.153574, 0.000749, 0.000000, lapack_dtpmqrt
State, th12, TASK, 0.153578, 0.154339, 0.000761, 0.000000, lapack_dtpmqrt
State, th12, TASK, 0.154343, 0.155113, 0.000770, 0.000000, lapack_dtpmqrt
State, th12, TASK, 0.155118, 0.155880, 0.000762, 0.000000, lapack_dtpmqrt
State, th12, TASK, 0.155883, 0.156649, 0.000766, 0.000000, lapack_dtpmqrt
State, th12, TASK, 0.156653, 0.157415, 0.000762, 0.000000, lapack_dtpmqrt
State, th12, TASK, 0.157419, 0.158176, 0.000757, 0.000000, lapack_dtpmqrt
State, th12, TASK, 0.158180, 0.158973, 0.000793, 0.000000, lapack_dtpmqrt
State, th12, TASK, 0.158977, 0.159756, 0.000780, 0.000000, lapack_dtpmqrt
State, th12, TASK, 0.159760, 0.160517, 0.000756, 0.000000, lapack_dtpmqrt
State, th12, TASK, 0.160525, 0.161279, 0.000754, 0.000000, lapack_dtpmqrt
State, th12, TASK, 0.161283, 0.162039, 0.000757, 0.000000, lapack_dtpmqrt
State, th12, TASK, 0.162045, 0.162803, 0.000759, 0.000000, lapack_dtpmqrt
State, th12, TASK, 0.162807, 0.163570, 0.000763, 0.000000, lapack_dtpmqrt
State, th12, TASK, 0.163574, 0.164330, 0.000756, 0.000000, lapack_dtpmqrt
State, th12, TASK, 0.164334, 0.165092, 0.000758, 0.000000, lapack_dtpmqrt
State, th12, TASK, 0.165096, 0.165862, 0.000766, 0.000000, lapack_dtpmqrt
State, th12, TASK, 0.165866, 0.166628, 0.000762, 0.000000, lapack_dtpmqrt
State, th12, TASK, 0.166632, 0.167391, 0.000759, 0.000000, lapack_dtpmqrt
State, th12, TASK, 0.167395, 0.168148, 0.000752, 0.000000, lapack_dtpmqrt
State, th12, TASK, 0.168152, 0.168915, 0.000763, 0.000000, lapack_dtpmqrt
State, th12, TASK, 0.168919, 0.169670, 0.000752, 0.000000, lapack_dtpmqrt
State, th12, TASK, 0.169675, 0.170428, 0.000753, 0.000000, lapack_dtpmqrt
State, th12, TASK, 0.170474, 0.171260, 0.000787, 0.000000, lapack_dtpmqrt
State, th12, TASK, 0.171309, 0.172071, 0.000763, 0.000000, lapack_dtpmqrt
State, th12, TASK, 0.172075, 0.172837, 0.000761, 0.000000, lapack_dtpmqrt
State, th12, TASK, 0.172841, 0.173603, 0.000762, 0.000000, lapack_dtpmqrt
State, th12, TASK, 0.173606, 0.174369, 0.000762, 0.000000, lapack_dtpmqrt
State, th12, TASK, 0.174373, 0.175142, 0.000769, 0.000000, lapack_dtpmqrt
State, th12, TASK, 0.175147, 0.175907, 0.000760, 0.000000, lapack_dtpmqrt
State, th12, TASK, 0.175911, 0.176672, 0.000761, 0.000000, lapack_dtpmqrt
State, th12, TASK, 0.176676, 0.177436, 0.000760, 0.000000, lapack_dtpmqrt
State, th12, TASK, 0.177440, 0.178200, 0.000759, 0.000000, lapack_dtpmqrt
State, th12, TASK, 0.178203, 0.178962, 0.000759, 0.000000, lapack_dtpmqrt
State, th12, TASK, 0.178966, 0.179720, 0.000754, 0.000000, lapack_dtpmqrt
State, th12, TASK, 0.179724, 0.180474, 0.000750, 0.000000, lapack_dtpmqrt
State, th12, TASK, 0.180478, 0.181230, 0.000752, 0.000000, lapack_dtpmqrt
State, th12, TASK, 0.181234, 0.181992, 0.000759, 0.000000, lapack_dtpmqrt
State, th12, TASK, 0.181996, 0.182752, 0.000756, 0.000000, lapack_dtpmqrt
State, th12, TASK, 0.182756, 0.183518, 0.000762, 0.000000, lapack_dtpmqrt
State, th12, TASK, 0.183522, 0.184272, 0.000750, 0.000000, lapack_dtpmqrt
State, th12, TASK, 0.184282, 0.185069, 0.000787, 0.000000, lapack_dtpmqrt
State, th12, TASK, 0.185073, 0.185840, 0.000767, 0.000000, lapack_dtpmqrt
State, th12, TASK, 0.185844, 0.186615, 0.000771, 0.000000, lapack_dtpmqrt
State, th12, TASK, 0.186619, 0.187394, 0.000775, 0.000000, lapack_dtpmqrt
State, th12, TASK, 0.187398, 0.188170, 0.000771, 0.000000, lapack_dtpmqrt
State, th12, TASK, 0.188174, 0.188941, 0.000767, 0.000000, lapack_dtpmqrt
State, th12, TASK, 0.188945, 0.189713, 0.000768, 0.000000, lapack_dtpmqrt
State, th12, TASK, 0.189717, 0.190482, 0.000765, 0.000000, lapack_dtpmqrt
State, th12, TASK, 0.190501, 0.191282, 0.000781, 0.000000, lapack_dtpmqrt
State, th12, TASK, 0.191286, 0.192045, 0.000758, 0.000000, lapack_dtpmqrt
State, th12, TASK, 0.192049, 0.192808, 0.000760, 0.000000, lapack_dtpmqrt
State, th12, TASK, 0.192812, 0.193578, 0.000767, 0.000000, lapack_dtpmqrt
State, th12, TASK, 0.193582, 0.194348, 0.000766, 0.000000, lapack_dtpmqrt
State, th12, TASK, 0.194352, 0.195134, 0.000782, 0.000000, lapack_dtpmqrt
State, th12, TASK, 0.195139, 0.195921, 0.000783, 0.000000, lapack_dtpmqrt
State, th12, TASK, 0.195925, 0.196714, 0.000789, 0.000000, lapack_dtpmqrt
State, th12, TASK, 0.196718, 0.197502, 0.000784, 0.000000, lapack_dtpmqrt
State, th12, TASK, 0.197506, 0.198296, 0.000789, 0.000000, lapack_dtpmqrt
State, th12, TASK, 0.198299, 0.199096, 0.000796, 0.000000, lapack_dtpmqrt
State, th12, TASK, 0.199101, 0.199884, 0.000783, 0.000000, lapack_dtpmqrt
State, th12, TASK, 0.199888, 0.200677, 0.000788, 0.000000, lapack_dtpmqrt
State, th12, TASK, 0.200680, 0.201470, 0.000789, 0.000000, lapack_dtpmqrt
State, th12, TASK, 0.201474, 0.202263, 0.000789, 0.000000, lapack_dtpmqrt
State, th12, TASK, 0.202266, 0.203049, 0.000783, 0.000000, lapack_dtpmqrt
State, th12, TASK, 0.203053, 0.203824, 0.000770, 0.000000, lapack_dtpmqrt
State, th12, TASK, 0.203827, 0.204596, 0.000768, 0.000000, lapack_dtpmqrt
State, th12, TASK, 0.204600, 0.205377, 0.000777, 0.000000, lapack_dtpmqrt
State, th12, TASK, 0.205381, 0.206157, 0.000776, 0.000000, lapack_dtpmqrt
State, th12, TASK, 0.206161, 0.206937, 0.000776, 0.000000, lapack_dtpmqrt
State, th12, TASK, 0.206941, 0.207709, 0.000768, 0.000000, lapack_dtpmqrt
State, th12, TASK, 0.207713, 0.208491, 0.000778, 0.000000, lapack_dtpmqrt
State, th12, TASK, 0.208494, 0.209266, 0.000772, 0.000000, lapack_dtpmqrt
State, th12, TASK, 0.209270, 0.210041, 0.000772, 0.000000, lapack_dtpmqrt
State, th12, TASK, 0.210049, 0.210823, 0.000774, 0.000000, lapack_dtpmqrt
State, th12, TASK, 0.210826, 0.211609, 0.000782, 0.000000, lapack_dtpmqrt
State, th12, TASK, 0.211613, 0.212387, 0.000774, 0.000000, lapack_dtpmqrt
State, th12, TASK, 0.212392, 0.213165, 0.000773, 0.000000, lapack_dtpmqrt
State, th12, TASK, 0.213168, 0.213940, 0.000772, 0.000000, lapack_dtpmqrt
State, th12, TASK, 0.213944, 0.214723, 0.000779, 0.000000, lapack_dtpmqrt
State, th12, TASK, 0.214727, 0.215510, 0.000783, 0.000000, lapack_dtpmqrt
State, th12, TASK, 0.215553, 0.216303, 0.000751, 0.000000, lapack_dtpmqrt
State, th12, TASK, 0.216335, 0.216877, 0.000542, 0.000000, lapack_dtpqrt
State, th12, TASK, 0.216889, 0.217403, 0.000514, 0.000000, lapack_dtpqrt
State, th12, TASK, 0.217414, 0.217956, 0.000542, 0.000000, lapack_dtpqrt
State, th12, TASK, 0.217968, 0.218501, 0.000534, 0.000000, lapack_dtpqrt
State, th12, TASK, 0.218512, 0.219037, 0.000525, 0.000000, lapack_dtpqrt
State, th12, TASK, 0.219047, 0.219585, 0.000538, 0.000000, lapack_dtpqrt
State, th12, TASK, 0.219596, 0.220123, 0.000527, 0.000000, lapack_dtpqrt
State, th12, TASK, 0.220134, 0.220647, 0.000513, 0.000000, lapack_dtpqrt
State, th12, TASK, 0.220659, 0.221191, 0.000532, 0.000000, lapack_dtpqrt
State, th12, TASK, 0.221203, 0.221739, 0.000536, 0.000000, lapack_dtpqrt
State, th12, TASK, 0.221750, 0.222285, 0.000535, 0.000000, lapack_dtpqrt
State, th12, TASK, 0.222297, 0.222829, 0.000532, 0.000000, lapack_dtpqrt
State, th12, TASK, 0.222839, 0.223384, 0.000545, 0.000000, lapack_dtpqrt
State, th12, TASK, 0.223396, 0.223932, 0.000536, 0.000000, lapack_dtpqrt
State, th12, TASK, 0.223942, 0.224475, 0.000533, 0.000000, lapack_dtpqrt
State, th12, TASK, 0.224486, 0.225005, 0.000519, 0.000000, lapack_dtpqrt
State, th12, TASK, 0.225015, 0.225540, 0.000525, 0.000000, lapack_dtpqrt
State, th12, TASK, 0.225551, 0.226088, 0.000537, 0.000000, lapack_dtpqrt
State, th12, TASK, 0.226099, 0.226637, 0.000538, 0.000000, lapack_dtpqrt
State, th12, TASK, 0.226648, 0.227174, 0.000526, 0.000000, lapack_dtpqrt
State, th12, TASK, 0.227186, 0.227722, 0.000536, 0.000000, lapack_dtpqrt
State, th12, TASK, 0.227733, 0.228274, 0.000541, 0.000000, lapack_dtpqrt
State, th12, TASK, 0.228284, 0.228889, 0.000605, 0.000000, lapack_dgeqrt
State, th12, TASK, 0.228909, 0.229322, 0.000413, 0.000000, lapack_dlarfb
State, th12, TASK, 0.229325, 0.229736, 0.000411, 0.000000, lapack_dlarfb
State, th12, TASK, 0.229739, 0.230149, 0.000410, 0.000000, lapack_dlarfb
State, th12, TASK, 0.230153, 0.230564, 0.000410, 0.000000, lapack_dlarfb
State, th12, TASK, 0.230567, 0.230984, 0.000417, 0.000000, lapack_dlarfb
State, th12, TASK, 0.230987, 0.231398, 0.000411, 0.000000, lapack_dlarfb
State, th12, TASK, 0.231402, 0.231824, 0.000422, 0.000000, lapack_dlarfb
State, th12, TASK, 0.231827, 0.232238, 0.000412, 0.000000, lapack_dlarfb
State, th12, TASK, 0.232241, 0.232651, 0.000410, 0.000000, lapack_dlarfb
State, th12, TASK, 0.232654, 0.233065, 0.000411, 0.000000, lapack_dlarfb
State, th12, TASK, 0.233068, 0.233482, 0.000414, 0.000000, lapack_dlarfb
State, th12, TASK, 0.233485, 0.233895, 0.000410, 0.000000, lapack_dlarfb
State, th12, TASK, 0.233898, 0.234308, 0.000410, 0.000000, lapack_dlarfb
State, th12, TASK, 0.234312, 0.234727, 0.000416, 0.000000, lapack_dlarfb
State, th12, TASK, 0.235519, 0.236301, 0.000782, 0.000000, lapack_dtpmqrt
State, th12, TASK, 0.236305, 0.237096, 0.000791, 0.000000, lapack_dtpmqrt
State, th12, TASK, 0.237099, 0.237871, 0.000772, 0.000000, lapack_dtpmqrt
State, th12, TASK, 0.237875, 0.238651, 0.000776, 0.000000, lapack_dtpmqrt
State, th12, TASK, 0.238656, 0.239428, 0.000772, 0.000000, lapack_dtpmqrt
State, th12, TASK, 0.239432, 0.240197, 0.000765, 0.000000, lapack_dtpmqrt
State, th12, TASK, 0.240201, 0.240973, 0.000772, 0.000000, lapack_dtpmqrt
State, th12, TASK, 0.240977, 0.241751, 0.000774, 0.000000, lapack_dtpmqrt
State, th12, TASK, 0.241755, 0.242520, 0.000766, 0.000000, lapack_dtpmqrt
State, th12, TASK, 0.242524, 0.243291, 0.000767, 0.000000, lapack_dtpmqrt
State, th12, TASK, 0.243295, 0.244051, 0.000756, 0.000000, lapack_dtpmqrt
State, th12, TASK, 0.244055, 0.244808, 0.000753, 0.000000, lapack_dtpmqrt
State, th12, TASK, 0.244812, 0.245569, 0.000758, 0.000000, lapack_dtpmqrt
State, th12, TASK, 0.245574, 0.246334, 0.000760, 0.000000, lapack_dtpmqrt
State, th12, TASK, 0.246338, 0.247104, 0.000766, 0.000000, lapack_dtpmqrt
State, th12, TASK, 0.247108, 0.247864, 0.000757, 0.000000, lapack_dtpmqrt
State, th12, TASK, 0.247868, 0.248621, 0.000753, 0.000000, lapack_dtpmqrt
State, th12, TASK, 0.248625, 0.249380, 0.000756, 0.000000, lapack_dtpmqrt
State, th12, TASK, 0.249384, 0.250138, 0.000754, 0.000000, lapack_dtpmqrt
State, th12, TASK, 0.250146, 0.250907, 0.000762, 0.000000, lapack_dtpmqrt
State, th12, TASK, 0.250995, 0.251773, 0.000778, 0.000000, lapack_dtpmqrt
State, th12, TASK, 0.251778, 0.252568, 0.000791, 0.000000, lapack_dtpmqrt
State, th12, TASK, 0.252572, 0.253357, 0.000784, 0.000000, lapack_dtpmqrt
State, th12, TASK, 0.253361, 0.254134, 0.000773, 0.000000, lapack_dtpmqrt
State, th12, TASK, 0.254138, 0.254914, 0.000777, 0.000000, lapack_dtpmqrt
State, th12, TASK, 0.254919, 0.255692, 0.000774, 0.000000, lapack_dtpmqrt
State, th12, TASK, 0.255697, 0.256474, 0.000777, 0.000000, lapack_dtpmqrt
State, th12, TASK, 0.256478, 0.257246, 0.000767, 0.000000, lapack_dtpmqrt
State, th12, TASK, 0.257250, 0.258012, 0.000762, 0.000000, lapack_dtpmqrt
State, th12, TASK, 0.258017, 0.258785, 0.000769, 0.000000, lapack_dtpmqrt
State, th12, TASK, 0.258789, 0.259563, 0.000774, 0.000000, lapack_dtpmqrt
State, th12, TASK, 0.259568, 0.260333, 0.000765, 0.000000, lapack_dtpmqrt
State, th12, TASK, 0.260337, 0.261106, 0.000769, 0.000000, lapack_dtpmqrt
State, th12, TASK, 0.261156, 0.261912, 0.000756, 0.000000, lapack_dtpmqrt
State, th12, TASK, 0.261916, 0.262670, 0.000754, 0.000000, lapack_dtpmqrt
State, th12, TASK, 0.262674, 0.263432, 0.000758, 0.000000, lapack_dtpmqrt
State, th12, TASK, 0.263436, 0.264188, 0.000752, 0.000000, lapack_dtpmqrt
State, th12, TASK, 0.264192, 0.264941, 0.000749, 0.000000, lapack_dtpmqrt
State, th12, TASK, 0.264945, 0.265694, 0.000750, 0.000000, lapack_dtpmqrt
State, th12, TASK, 0.265698, 0.266459, 0.000760, 0.000000, lapack_dtpmqrt
State, th12, TASK, 0.266463, 0.267231, 0.000769, 0.000000, lapack_dtpmqrt
State, th12, TASK, 0.267236, 0.267999, 0.000763, 0.000000, lapack_dtpmqrt
State, th12, TASK, 0.268003, 0.268766, 0.000763, 0.000000, lapack_dtpmqrt
State, th12, TASK, 0.268770, 0.269537, 0.000767, 0.000000, lapack_dtpmqrt
State, th12, TASK, 0.269540, 0.270306, 0.000766, 0.000000, lapack_dtpmqrt
State, th12, TASK, 0.270314, 0.271091, 0.000777, 0.000000, lapack_dtpmqrt
State, th12, TASK, 0.271094, 0.271852, 0.000758, 0.000000, lapack_dtpmqrt
State, th12, TASK, 0.271856, 0.272619, 0.000763, 0.000000, lapack_dtpmqrt
State, th12, TASK, 0.272623, 0.273380, 0.000757, 0.000000, lapack_dtpmqrt
State, th12, TASK, 0.273383, 0.274153, 0.000770, 0.000000, lapack_dtpmqrt
State, th12, TASK, 0.274157, 0.274933, 0.000776, 0.000000, lapack_dtpmqrt
State, th12, TASK, 0.274938, 0.275710, 0.000772, 0.000000, lapack_dtpmqrt
State, th12, TASK, 0.275713, 0.276497, 0.000783, 0.000000, lapack_dtpmqrt
State, th12, TASK, 0.276501, 0.277267, 0.000766, 0.000000, lapack_dtpmqrt
State, th12, TASK, 0.277270, 0.278038, 0.000768, 0.000000, lapack_dtpmqrt
State, th12, TASK, 0.278177, 0.278973, 0.000796, 0.000000, lapack_dtpmqrt
State, th12, TASK, 0.278977, 0.279754, 0.000777, 0.000000, lapack_dtpmqrt
State, th12, TASK, 0.279759, 0.280538, 0.000779, 0.000000, lapack_dtpmqrt
State, th12, TASK, 0.280544, 0.281356, 0.000812, 0.000000, lapack_dtpmqrt
State, th12, TASK, 0.281360, 0.282152, 0.000793, 0.000000, lapack_dtpmqrt
State, th12, TASK, 0.282157, 0.282961, 0.000804, 0.000000, lapack_dtpmqrt
State, th12, TASK, 0.282965, 0.283756, 0.000791, 0.000000, lapack_dtpmqrt
State, th12, TASK, 0.283760, 0.284540, 0.000780, 0.000000, lapack_dtpmqrt
State, th12, TASK, 0.284544, 0.285332, 0.000788, 0.000000, lapack_dtpmqrt
State, th12, TASK, 0.285336, 0.286125, 0.000789, 0.000000, lapack_dtpmqrt
State, th12, TASK, 0.286129, 0.286916, 0.000787, 0.000000, lapack_dtpmqrt
State, th12, TASK, 0.286921, 0.287699, 0.000778, 0.000000, lapack_dtpmqrt
State, th12, TASK, 0.287703, 0.288483, 0.000780, 0.000000, lapack_dtpmqrt
State, th12, TASK, 0.288487, 0.289269, 0.000781, 0.000000, lapack_dtpmqrt
State, th12, TASK, 0.289273, 0.290067, 0.000794, 0.000000, lapack_dtpmqrt
State, th12, TASK, 0.290235, 0.291063, 0.000828, 0.000000, lapack_dtpmqrt
State, th12, TASK, 0.291068, 0.291867, 0.000798, 0.000000, lapack_dtpmqrt
State, th12, TASK, 0.291870, 0.292653, 0.000783, 0.000000, lapack_dtpmqrt
State, th12, TASK, 0.292656, 0.293439, 0.000783, 0.000000, lapack_dtpmqrt
State, th12, TASK, 0.293453, 0.294233, 0.000780, 0.000000, lapack_dtpmqrt
State, th12, TASK, 0.294237, 0.295008, 0.000772, 0.000000, lapack_dtpmqrt
State, th12, TASK, 0.295013, 0.295784, 0.000771, 0.000000, lapack_dtpmqrt
State, th12, TASK, 0.295788, 0.296562, 0.000775, 0.000000, lapack_dtpmqrt
State, th12, TASK, 0.296566, 0.297339, 0.000773, 0.000000, lapack_dtpmqrt
State, th12, TASK, 0.297343, 0.298116, 0.000773, 0.000000, lapack_dtpmqrt
State, th12, TASK, 0.298120, 0.298898, 0.000778, 0.000000, lapack_dtpmqrt
State, th12, TASK, 0.298902, 0.299672, 0.000771, 0.000000, lapack_dtpmqrt
State, th12, TASK, 0.299676, 0.300450, 0.000774, 0.000000, lapack_dtpmqrt
State, th12, TASK, 0.300458, 0.301230, 0.000772, 0.000000, lapack_dtpmqrt
State, th12, TASK, 0.301234, 0.302004, 0.000769, 0.000000, lapack_dtpmqrt
State, th12, TASK, 0.302311, 0.303103, 0.000792, 0.000000, lapack_dtpmqrt
State, th12, TASK, 0.303107, 0.303886, 0.000779, 0.000000, lapack_dtpmqrt
State, th12, TASK, 0.303889, 0.304659, 0.000770, 0.000000, lapack_dtpmqrt
State, th12, TASK, 0.304662, 0.305434, 0.000772, 0.000000, lapack_dtpmqrt
State, th12, TASK, 0.305438, 0.306216, 0.000777, 0.000000, lapack_dtpmqrt
State, th12, TASK, 0.306219, 0.307003, 0.000784, 0.000000, lapack_dtpmqrt
State, th12, TASK, 0.307007, 0.307781, 0.000774, 0.000000, lapack_dtpmqrt
State, th12, TASK, 0.307786, 0.308566, 0.000780, 0.000000, lapack_dtpmqrt
State, th12, TASK, 0.308570, 0.309345, 0.000776, 0.000000, lapack_dtpmqrt
State, th12, TASK, 0.309349, 0.310123, 0.000773, 0.000000, lapack_dtpmqrt
State, th12, TASK, 0.310126, 0.310911, 0.000785, 0.000000, lapack_dtpmqrt
State, th12, TASK, 0.310914, 0.311693, 0.000779, 0.000000, lapack_dtpmqrt
State, th12, TASK, 0.311697, 0.312473, 0.000776, 0.000000, lapack_dtpmqrt
State, th12, TASK, 0.312484, 0.312914, 0.000431, 0.000000, lapack_dlarfb
State, th12, TASK, 0.312918, 0.313354, 0.000436, 0.000000, lapack_dlarfb
State, th12, TASK, 0.313539, 0.314308, 0.000769, 0.000000, lapack_dtpmqrt
State, th12, TASK, 0.314313, 0.315086, 0.000773, 0.000000, lapack_dtpmqrt
State, th12, TASK, 0.315090, 0.315858, 0.000767, 0.000000, lapack_dtpmqrt
State, th12, TASK, 0.315862, 0.316630, 0.000768, 0.000000, lapack_dtpmqrt
State, th12, TASK, 0.316634, 0.317399, 0.000765, 0.000000, lapack_dtpmqrt
State, th12, TASK, 0.317403, 0.318171, 0.000768, 0.000000, lapack_dtpmqrt
State, th12, TASK, 0.318174, 0.318946, 0.000772, 0.000000, lapack_dtpmqrt
State, th12, TASK, 0.318950, 0.319715, 0.000765, 0.000000, lapack_dtpmqrt
State, th12, TASK, 0.319719, 0.320484, 0.000765, 0.000000, lapack_dtpmqrt
State, th12, TASK, 0.320487, 0.321255, 0.000768, 0.000000, lapack_dtpmqrt
State, th12, TASK, 0.321259, 0.322021, 0.000762, 0.000000, lapack_dtpmqrt
State, th12, TASK, 0.322024, 0.322789, 0.000765, 0.000000, lapack_dtpmqrt
State, th12, TASK, 0.322793, 0.323561, 0.000768, 0.000000, lapack_dtpmqrt
State, th12, TASK, 0.323836, 0.324619, 0.000783, 0.000000, lapack_dtpmqrt
State, th12, TASK, 0.324623, 0.325387, 0.000765, 0.000000, lapack_dtpmqrt
State, th12, TASK, 0.325391, 0.326177, 0.000786, 0.000000, lapack_dtpmqrt
State, th12, TASK, 0.326181, 0.326969, 0.000788, 0.000000, lapack_dtpmqrt
State, th12, TASK, 0.326975, 0.327751, 0.000776, 0.000000, lapack_dtpmqrt
State, th12, TASK, 0.327754, 0.328532, 0.000777, 0.000000, lapack_dtpmqrt
State, th12, TASK, 0.328609, 0.329368, 0.000759, 0.000000, lapack_dtpmqrt
State, th12, TASK, 0.329372, 0.330130, 0.000758, 0.000000, lapack_dtpmqrt
State, th12, TASK, 0.330274, 0.331034, 0.000759, 0.000000, lapack_dtpmqrt
State, th12, TASK, 0.331039, 0.331784, 0.000746, 0.000000, lapack_dtpmqrt
State, th12, TASK, 0.331788, 0.332536, 0.000748, 0.000000, lapack_dtpmqrt
State, th12, TASK, 0.332541, 0.333287, 0.000747, 0.000000, lapack_dtpmqrt
State, th12, TASK, 0.333291, 0.334038, 0.000747, 0.000000, lapack_dtpmqrt
State, th12, TASK, 0.334042, 0.334791, 0.000749, 0.000000, lapack_dtpmqrt
State, th12, TASK, 0.334795, 0.335550, 0.000756, 0.000000, lapack_dtpmqrt
State, th12, TASK, 0.335555, 0.336326, 0.000772, 0.000000, lapack_dtpmqrt
State, th12, TASK, 0.336330, 0.337097, 0.000767, 0.000000, lapack_dtpmqrt
State, th12, TASK, 0.337100, 0.337867, 0.000766, 0.000000, lapack_dtpmqrt
State, th12, TASK, 0.337871, 0.338637, 0.000767, 0.000000, lapack_dtpmqrt
State, th12, TASK, 0.339127, 0.339669, 0.000541, 0.000000, lapack_dtpqrt
State, th12, TASK, 0.339678, 0.340213, 0.000535, 0.000000, lapack_dtpqrt
State, th12, TASK, 0.340220, 0.340752, 0.000531, 0.000000, lapack_dtpqrt
State, th12, TASK, 0.340759, 0.341265, 0.000506, 0.000000, lapack_dtpqrt
State, th12, TASK, 0.341273, 0.341776, 0.000503, 0.000000, lapack_dtpqrt
State, th12, TASK, 0.341803, 0.342603, 0.000800, 0.000000, lapack_dtpmqrt
State, th12, TASK, 0.342607, 0.343394, 0.000787, 0.000000, lapack_dtpmqrt
State, th12, TASK, 0.343693, 0.344481, 0.000787, 0.000000, lapack_dtpmqrt
State, th12, TASK, 0.344484, 0.345268, 0.000784, 0.000000, lapack_dtpmqrt
State, th12, TASK, 0.345272, 0.346042, 0.000771, 0.000000, lapack_dtpmqrt
State, th12, TASK, 0.346046, 0.346829, 0.000783, 0.000000, lapack_dtpmqrt
State, th12, TASK, 0.346833, 0.347610, 0.000777, 0.000000, lapack_dtpmqrt
State, th12, TASK, 0.347615, 0.348384, 0.000769, 0.000000, lapack_dtpmqrt
State, th12, TASK, 0.348388, 0.349158, 0.000770, 0.000000, lapack_dtpmqrt
State, th12, TASK, 0.349474, 0.349924, 0.000450, 0.000000, lapack_dlarfb
State, th12, TASK, 0.350256, 0.351012, 0.000755, 0.000000, lapack_dtpmqrt
State, th12, TASK, 0.351016, 0.351765, 0.000749, 0.000000, lapack_dtpmqrt
State, th12, TASK, 0.351769, 0.352518, 0.000748, 0.000000, lapack_dtpmqrt
State, th12, TASK, 0.352522, 0.353268, 0.000746, 0.000000, lapack_dtpmqrt
State, th12, TASK, 0.353271, 0.354018, 0.000747, 0.000000, lapack_dtpmqrt
State, th12, TASK, 0.354023, 0.354769, 0.000746, 0.000000, lapack_dtpmqrt
State, th12, TASK, 0.354773, 0.355522, 0.000749, 0.000000, lapack_dtpmqrt
State, th12, TASK, 0.355771, 0.356554, 0.000783, 0.000000, lapack_dtpmqrt
State, th12, TASK, 0.356557, 0.357339, 0.000782, 0.000000, lapack_dtpmqrt
State, th12, TASK, 0.357343, 0.358118, 0.000775, 0.000000, lapack_dtpmqrt
State, th12, TASK, 0.358122, 0.358901, 0.000780, 0.000000, lapack_dtpmqrt
State, th12, TASK, 0.358905, 0.359679, 0.000774, 0.000000, lapack_dtpmqrt
State, th12, TASK, 0.360273, 0.361055, 0.000782, 0.000000, lapack_dtpmqrt
State, th12, TASK, 0.361060, 0.361841, 0.000781, 0.000000, lapack_dtpmqrt
State, th12, TASK, 0.361845, 0.362629, 0.000784, 0.000000, lapack_dtpmqrt
State, th12, TASK, 0.362698, 0.363488, 0.000789, 0.000000, lapack_dtpmqrt
State, th12, TASK, 0.363497, 0.364280, 0.000784, 0.000000, lapack_dtpmqrt
State, th12, TASK, 0.364285, 0.365069, 0.000785, 0.000000, lapack_dtpmqrt
State, th12, TASK, 0.365552, 0.366347, 0.000795, 0.000000, lapack_dtpmqrt
State, th12, TASK, 0.366351, 0.367137, 0.000786, 0.000000, lapack_dtpmqrt
State, th12, TASK, 0.367141, 0.367932, 0.000792, 0.000000, lapack_dtpmqrt
State, th12, TASK, 0.368156, 0.368928, 0.000771, 0.000000, lapack_dtpmqrt
State, th12, TASK, 0.368932, 0.369690, 0.000758, 0.000000, lapack_dtpmqrt
State, th12, TASK, 0.370112, 0.370631, 0.000519, 0.000000, lapack_dtpqrt
State, th12, TASK, 0.370758, 0.371530, 0.000772, 0.000000, lapack_dtpmqrt
State, th12, TASK, 0.372276, 0.372813, 0.000537, 0.000000, lapack_dtpqrt
State, th12, TASK, 0.374007, 0.374466, 0.000459, 0.000000, lapack_dlarfb
State, th11, TASK, 0.012293, 0.012950, 0.000657, 0.000000, lapack_dlarfb
State, th11, TASK, 0.012955, 0.013390, 0.000435, 0.000000, lapack_dlarfb
State, th11, TASK, 0.014055, 0.015171, 0.001116, 0.000000, lapack_dtpmqrt
State, th11, TASK, 0.015176, 0.015980, 0.000804, 0.000000, lapack_dtpmqrt
State, th11, TASK, 0.016532, 0.017301, 0.000769, 0.000000, lapack_dtpmqrt
State, th11, TASK, 0.017304, 0.018062, 0.000757, 0.000000, lapack_dtpmqrt
State, th11, TASK, 0.018065, 0.018828, 0.000763, 0.000000, lapack_dtpmqrt
State, th11, TASK, 0.018843, 0.019274, 0.000431, 0.000000, lapack_dlarfb
State, th11, TASK, 0.019424, 0.020203, 0.000779, 0.000000, lapack_dtpmqrt
State, th11, TASK, 0.020206, 0.020968, 0.000762, 0.000000, lapack_dtpmqrt
State, th11, TASK, 0.020972, 0.021745, 0.000773, 0.000000, lapack_dtpmqrt
State, th11, TASK, 0.021752, 0.022532, 0.000781, 0.000000, lapack_dtpmqrt
State, th11, TASK, 0.022536, 0.023322, 0.000787, 0.000000, lapack_dtpmqrt
State, th11, TASK, 0.023326, 0.024104, 0.000778, 0.000000, lapack_dtpmqrt
State, th11, TASK, 0.024107, 0.024883, 0.000776, 0.000000, lapack_dtpmqrt
State, th11, TASK, 0.024886, 0.025314, 0.000428, 0.000000, lapack_dlarfb
State, th11, TASK, 0.025317, 0.025735, 0.000418, 0.000000, lapack_dlarfb
State, th11, TASK, 0.025740, 0.026163, 0.000423, 0.000000, lapack_dlarfb
State, th11, TASK, 0.026168, 0.026591, 0.000422, 0.000000, lapack_dlarfb
State, th11, TASK, 0.026595, 0.027028, 0.000432, 0.000000, lapack_dlarfb
State, th11, TASK, 0.027034, 0.027453, 0.000419, 0.000000, lapack_dlarfb
State, th11, TASK, 0.027457, 0.028006, 0.000549, 0.000000, lapack_dtpqrt
State, th11, TASK, 0.028021, 0.028763, 0.000741, 0.000000, lapack_dtpmqrt
State, th11, TASK, 0.028766, 0.029354, 0.000588, 0.000000, lapack_dgeqrt
State, th11, TASK, 0.029361, 0.030117, 0.000756, 0.000000, lapack_dtpmqrt
State, th11, TASK, 0.030120, 0.030897, 0.000777, 0.000000, lapack_dtpmqrt
State, th11, TASK, 0.030900, 0.031675, 0.000775, 0.000000, lapack_dtpmqrt
State, th11, TASK, 0.031678, 0.032456, 0.000778, 0.000000, lapack_dtpmqrt
State, th11, TASK, 0.032460, 0.032899, 0.000440, 0.000000, lapack_dlarfb
State, th11, TASK, 0.032902, 0.033650, 0.000748, 0.000000, lapack_dtpmqrt
State, th11, TASK, 0.033653, 0.034411, 0.000758, 0.000000, lapack_dtpmqrt
State, th11, TASK, 0.034414, 0.035182, 0.000767, 0.000000, lapack_dtpmqrt
State, th11, TASK, 0.035185, 0.035939, 0.000754, 0.000000, lapack_dtpmqrt
State, th11, TASK, 0.035943, 0.036700, 0.000757, 0.000000, lapack_dtpmqrt
State, th11, TASK, 0.036704, 0.037123, 0.000419, 0.000000, lapack_dlarfb
State, th11, TASK, 0.037126, 0.037878, 0.000752, 0.000000, lapack_dtpmqrt
State, th11, TASK, 0.037881, 0.038632, 0.000751, 0.000000, lapack_dtpmqrt
State, th11, TASK, 0.038635, 0.039395, 0.000760, 0.000000, lapack_dtpmqrt
State, th11, TASK, 0.039399, 0.040158, 0.000760, 0.000000, lapack_dtpmqrt
State, th11, TASK, 0.040162, 0.040917, 0.000755, 0.000000, lapack_dtpmqrt
State, th11, TASK, 0.040920, 0.041337, 0.000417, 0.000000, lapack_dlarfb
State, th11, TASK, 0.041340, 0.042089, 0.000750, 0.000000, lapack_dtpmqrt
State, th11, TASK, 0.042093, 0.042840, 0.000747, 0.000000, lapack_dtpmqrt
State, th11, TASK, 0.042843, 0.043605, 0.000762, 0.000000, lapack_dtpmqrt
State, th11, TASK, 0.043608, 0.044363, 0.000755, 0.000000, lapack_dtpmqrt
State, th11, TASK, 0.044367, 0.045124, 0.000757, 0.000000, lapack_dtpmqrt
State, th11, TASK, 0.045128, 0.045892, 0.000765, 0.000000, lapack_dtpmqrt
State, th11, TASK, 0.045896, 0.046660, 0.000764, 0.000000, lapack_dtpmqrt
State, th11, TASK, 0.046664, 0.047434, 0.000771, 0.000000, lapack_dtpmqrt
State, th11, TASK, 0.047439, 0.048189, 0.000751, 0.000000, lapack_dtpmqrt
State, th11, TASK, 0.048193, 0.048946, 0.000753, 0.000000, lapack_dtpmqrt
State, th11, TASK, 0.048952, 0.050054, 0.001102, 0.000000, lapack_dtpqrt
State, th11, TASK, 0.050067, 0.050846, 0.000779, 0.000000, lapack_dtpmqrt
State, th11, TASK, 0.050850, 0.051649, 0.000799, 0.000000, lapack_dtpmqrt
State, th11, TASK, 0.051654, 0.052215, 0.000561, 0.000000, lapack_dtpqrt
State, th11, TASK, 0.052226, 0.052990, 0.000764, 0.000000, lapack_dtpmqrt
State, th11, TASK, 0.052994, 0.053753, 0.000760, 0.000000, lapack_dtpmqrt
State, th11, TASK, 0.053757, 0.054519, 0.000762, 0.000000, lapack_dtpmqrt
State, th11, TASK, 0.054523, 0.055296, 0.000773, 0.000000, lapack_dtpmqrt
State, th11, TASK, 0.055300, 0.056062, 0.000762, 0.000000, lapack_dtpmqrt
State, th11, TASK, 0.056067, 0.056825, 0.000758, 0.000000, lapack_dtpmqrt
State, th11, TASK, 0.056829, 0.057589, 0.000760, 0.000000, lapack_dtpmqrt
State, th11, TASK, 0.057594, 0.058357, 0.000762, 0.000000, lapack_dtpmqrt
State, th11, TASK, 0.058365, 0.059138, 0.000772, 0.000000, lapack_dtpmqrt
State, th11, TASK, 0.059142, 0.059912, 0.000771, 0.000000, lapack_dtpmqrt
State, th11, TASK, 0.059916, 0.060670, 0.000754, 0.000000, lapack_dtpmqrt
State, th11, TASK, 0.060674, 0.061432, 0.000759, 0.000000, lapack_dtpmqrt
State, th11, TASK, 0.061436, 0.062206, 0.000770, 0.000000, lapack_dtpmqrt
State, th11, TASK, 0.062210, 0.062637, 0.000428, 0.000000, lapack_dlarfb
State, th11, TASK, 0.062641, 0.063432, 0.000791, 0.000000, lapack_dtpmqrt
State, th11, TASK, 0.063437, 0.064204, 0.000767, 0.000000, lapack_dtpmqrt
State, th11, TASK, 0.064207, 0.064973, 0.000766, 0.000000, lapack_dtpmqrt
State, th11, TASK, 0.064976, 0.065744, 0.000768, 0.000000, lapack_dtpmqrt
State, th11, TASK, 0.065748, 0.066177, 0.000429, 0.000000, lapack_dlarfb
State, th11, TASK, 0.066180, 0.066969, 0.000789, 0.000000, lapack_dtpmqrt
State, th11, TASK, 0.066973, 0.067751, 0.000778, 0.000000, lapack_dtpmqrt
State, th11, TASK, 0.067755, 0.068523, 0.000769, 0.000000, lapack_dtpmqrt
State, th11, TASK, 0.068527, 0.069293, 0.000766, 0.000000, lapack_dtpmqrt
State, th11, TASK, 0.069297, 0.070068, 0.000771, 0.000000, lapack_dtpmqrt
State, th11, TASK, 0.070071, 0.070499, 0.000428, 0.000000, lapack_dlarfb
State, th11, TASK, 0.070503, 0.071280, 0.000777, 0.000000, lapack_dtpmqrt
State, th11, TASK, 0.071284, 0.072042, 0.000757, 0.000000, lapack_dtpmqrt
State, th11, TASK, 0.072045, 0.072810, 0.000765, 0.000000, lapack_dtpmqrt
State, th11, TASK, 0.072813, 0.073580, 0.000766, 0.000000, lapack_dtpmqrt
State, th11, TASK, 0.073583, 0.074350, 0.000767, 0.000000, lapack_dtpmqrt
State, th11, TASK, 0.074353, 0.074773, 0.000419, 0.000000, lapack_dlarfb
State, th11, TASK, 0.074776, 0.075565, 0.000788, 0.000000, lapack_dtpmqrt
State, th11, TASK, 0.075568, 0.076338, 0.000770, 0.000000, lapack_dtpmqrt
State, th11, TASK, 0.076341, 0.077103, 0.000762, 0.000000, lapack_dtpmqrt
State, th11, TASK, 0.077106, 0.077872, 0.000766, 0.000000, lapack_dtpmqrt
State, th11, TASK, 0.077875, 0.078636, 0.000761, 0.000000, lapack_dtpmqrt
State, th11, TASK, 0.078639, 0.079411, 0.000772, 0.000000, lapack_dtpmqrt
State, th11, TASK, 0.079414, 0.080178, 0.000764, 0.000000, lapack_dtpmqrt
State, th11, TASK, 0.080181, 0.080938, 0.000758, 0.000000, lapack_dtpmqrt
State, th11, TASK, 0.080942, 0.081697, 0.000754, 0.000000, lapack_dtpmqrt
State, th11, TASK, 0.081700, 0.082127, 0.000427, 0.000000, lapack_dlarfb
State, th11, TASK, 0.082133, 0.082904, 0.000771, 0.000000, lapack_dtpmqrt
State, th11, TASK, 0.082908, 0.083652, 0.000744, 0.000000, lapack_dtpmqrt
State, th11, TASK, 0.083655, 0.084402, 0.000746, 0.000000, lapack_dtpmqrt
State, th11, TASK, 0.084405, 0.085152, 0.000747, 0.000000, lapack_dtpmqrt
State, th11, TASK, 0.085156, 0.085902, 0.000746, 0.000000, lapack_dtpmqrt
State, th11, TASK, 0.085908, 0.086686, 0.000778, 0.000000, lapack_dtpmqrt
State, th11, TASK, 0.086690, 0.087465, 0.000775, 0.000000, lapack_dtpmqrt
State, th11, TASK, 0.087469, 0.088233, 0.000764, 0.000000, lapack_dtpmqrt
State, th11, TASK, 0.088237, 0.089009, 0.000772, 0.000000, lapack_dtpmqrt
State, th11, TASK, 0.089012, 0.089783, 0.000770, 0.000000, lapack_dtpmqrt
State, th11, TASK, 0.089787, 0.090568, 0.000781, 0.000000, lapack_dtpmqrt
State, th11, TASK, 0.090571, 0.091340, 0.000770, 0.000000, lapack_dtpmqrt
State, th11, TASK, 0.091344, 0.092127, 0.000783, 0.000000, lapack_dtpmqrt
State, th11, TASK, 0.092132, 0.092877, 0.000745, 0.000000, lapack_dtpmqrt
State, th11, TASK, 0.092881, 0.093632, 0.000751, 0.000000, lapack_dtpmqrt
State, th11, TASK, 0.093636, 0.094387, 0.000751, 0.000000, lapack_dtpmqrt
State, th11, TASK, 0.094390, 0.095145, 0.000755, 0.000000, lapack_dtpmqrt
State, th11, TASK, 0.095150, 0.095913, 0.000763, 0.000000, lapack_dtpmqrt
State, th11, TASK, 0.095916, 0.096673, 0.000756, 0.000000, lapack_dtpmqrt
State, th11, TASK, 0.096676, 0.097436, 0.000760, 0.000000, lapack_dtpmqrt
State, th11, TASK, 0.097439, 0.098201, 0.000762, 0.000000, lapack_dtpmqrt
State, th11, TASK, 0.098205, 0.098977, 0.000772, 0.000000, lapack_dtpmqrt
State, th11, TASK, 0.098982, 0.099749, 0.000767, 0.000000, lapack_dtpmqrt
State, th11, TASK, 0.099753, 0.100517, 0.000764, 0.000000, lapack_dtpmqrt
State, th11, TASK, 0.100520, 0.101295, 0.000775, 0.000000, lapack_dtpmqrt
State, th11, TASK, 0.101298, 0.102065, 0.000767, 0.000000, lapack_dtpmqrt
State, th11, TASK, 0.102068, 0.102833, 0.000765, 0.000000, lapack_dtpmqrt
State, th11, TASK, 0.102836, 0.103607, 0.000771, 0.000000, lapack_dtpmqrt
State, th11, TASK, 0.103611, 0.104376, 0.000766, 0.000000, lapack_dtpmqrt
State, th11, TASK, 0.104379, 0.105134, 0.000755, 0.000000, lapack_dtpmqrt
State, th11, TASK, 0.105138, 0.105891, 0.000753, 0.000000, lapack_dtpmqrt
State, th11, TASK, 0.105900, 0.106654, 0.000755, 0.000000, lapack_dtpmqrt
State, th11, TASK, 0.106658, 0.107422, 0.000764, 0.000000, lapack_dtpmqrt
State, th11, TASK, 0.107426, 0.108177, 0.000751, 0.000000, lapack_dtpmqrt
State, th11, TASK, 0.108180, 0.108932, 0.000752, 0.000000, lapack_dtpmqrt
State, th11, TASK, 0.108935, 0.109686, 0.000751, 0.000000, lapack_dtpmqrt
State, th11, TASK, 0.109690, 0.110448, 0.000757, 0.000000, lapack_dtpmqrt
State, th11, TASK, 0.110451, 0.111222, 0.000771, 0.000000, lapack_dtpmqrt
State, th11, TASK, 0.111225, 0.111993, 0.000768, 0.000000, lapack_dtpmqrt
State, th11, TASK, 0.111998, 0.112566, 0.000569, 0.000000, lapack_dtpqrt
State, th11, TASK, 0.112580, 0.113348, 0.000768, 0.000000, lapack_dtpmqrt
State, th11, TASK, 0.113351, 0.114115, 0.000764, 0.000000, lapack_dtpmqrt
State, th11, TASK, 0.114118, 0.114867, 0.000749, 0.000000, lapack_dtpmqrt
State, th11, TASK, 0.114870, 0.115645, 0.000774, 0.000000, lapack_dtpmqrt
State, th11, TASK, 0.115648, 0.116392, 0.000744, 0.000000, lapack_dtpmqrt
State, th11, TASK, 0.116396, 0.117138, 0.000742, 0.000000, lapack_dtpmqrt
State, th11, TASK, 0.117142, 0.117891, 0.000749, 0.000000, lapack_dtpmqrt
State, th11, TASK, 0.117894, 0.118639, 0.000745, 0.000000, lapack_dtpmqrt
State, th11, TASK, 0.118642, 0.119383, 0.000741, 0.000000, lapack_dtpmqrt
State, th11, TASK, 0.119387, 0.120146, 0.000759, 0.000000, lapack_dtpmqrt
State, th11, TASK, 0.120150, 0.120709, 0.000560, 0.000000, lapack_dtpqrt
State, th11, TASK, 0.120723, 0.121487, 0.000763, 0.000000, lapack_dtpmqrt
State, th11, TASK, 0.121490, 0.122255, 0.000765, 0.000000, lapack_dtpmqrt
State, th11, TASK, 0.122258, 0.123006, 0.000747, 0.000000, lapack_dtpmqrt
State, th11, TASK, 0.123009, 0.123759, 0.000750, 0.000000, lapack_dtpmqrt
State, th11, TASK, 0.123762, 0.124511, 0.000749, 0.000000, lapack_dtpmqrt
State, th11, TASK, 0.124514, 0.125258, 0.000744, 0.000000, lapack_dtpmqrt
State, th11, TASK, 0.125261, 0.126004, 0.000743, 0.000000, lapack_dtpmqrt
State, th11, TASK, 0.126007, 0.126750, 0.000743, 0.000000, lapack_dtpmqrt
State, th11, TASK, 0.126753, 0.127504, 0.000751, 0.000000, lapack_dtpmqrt
State, th11, TASK, 0.127507, 0.128251, 0.000743, 0.000000, lapack_dtpmqrt
State, th11, TASK, 0.128254, 0.129023, 0.000769, 0.000000, lapack_dtpmqrt
State, th11, TASK, 0.129027, 0.129795, 0.000768, 0.000000, lapack_dtpmqrt
State, th11, TASK, 0.129798, 0.130566, 0.000768, 0.000000, lapack_dtpmqrt
State, th11, TASK, 0.130570, 0.131343, 0.000773, 0.000000, lapack_dtpmqrt
State, th11, TASK, 0.131347, 0.132098, 0.000751, 0.000000, lapack_dtpmqrt
State, th11, TASK, 0.132102, 0.132859, 0.000757, 0.000000, lapack_dtpmqrt
State, th11, TASK, 0.132862, 0.133627, 0.000765, 0.000000, lapack_dtpmqrt
State, th11, TASK, 0.133630, 0.134386, 0.000756, 0.000000, lapack_dtpmqrt
State, th11, TASK, 0.134389, 0.135147, 0.000758, 0.000000, lapack_dtpmqrt
State, th11, TASK, 0.135150, 0.135909, 0.000759, 0.000000, lapack_dtpmqrt
State, th11, TASK, 0.135912, 0.136675, 0.000762, 0.000000, lapack_dtpmqrt
State, th11, TASK, 0.136678, 0.137437, 0.000759, 0.000000, lapack_dtpmqrt
State, th11, TASK, 0.137440, 0.138198, 0.000757, 0.000000, lapack_dtpmqrt
State, th11, TASK, 0.138201, 0.138973, 0.000772, 0.000000, lapack_dtpmqrt
State, th11, TASK, 0.138976, 0.139737, 0.000761, 0.000000, lapack_dtpmqrt
State, th11, TASK, 0.139740, 0.140516, 0.000776, 0.000000, lapack_dtpmqrt
State, th11, TASK, 0.140519, 0.141263, 0.000744, 0.000000, lapack_dtpmqrt
State, th11, TASK, 0.141267, 0.142013, 0.000746, 0.000000, lapack_dtpmqrt
State, th11, TASK, 0.142016, 0.142763, 0.000747, 0.000000, lapack_dtpmqrt
State, th11, TASK, 0.142766, 0.143516, 0.000750, 0.000000, lapack_dtpmqrt
State, th11, TASK, 0.143520, 0.144269, 0.000749, 0.000000, lapack_dtpmqrt
State, th11, TASK, 0.144273, 0.145024, 0.000751, 0.000000, lapack_dtpmqrt
State, th11, TASK, 0.145027, 0.145774, 0.000747, 0.000000, lapack_dtpmqrt
State, th11, TASK, 0.145777, 0.146524, 0.000746, 0.000000, lapack_dtpmqrt
State, th11, TASK, 0.146527, 0.147284, 0.000757, 0.000000, lapack_dtpmqrt
State, th11, TASK, 0.147287, 0.148029, 0.000741, 0.000000, lapack_dtpmqrt
State, th11, TASK, 0.148032, 0.148773, 0.000741, 0.000000, lapack_dtpmqrt
State, th11, TASK, 0.148776, 0.149539, 0.000762, 0.000000, lapack_dtpmqrt
State, th11, TASK, 0.149542, 0.150300, 0.000757, 0.000000, lapack_dtpmqrt
State, th11, TASK, 0.150303, 0.151079, 0.000776, 0.000000, lapack_dtpmqrt
State, th11, TASK, 0.151083, 0.151846, 0.000763, 0.000000, lapack_dtpmqrt
State, th11, TASK, 0.151850, 0.152627, 0.000777, 0.000000, lapack_dtpmqrt
State, th11, TASK, 0.152631, 0.153398, 0.000767, 0.000000, lapack_dtpmqrt
State, th11, TASK, 0.153402, 0.154178, 0.000776, 0.000000, lapack_dtpmqrt
State, th11, TASK, 0.154185, 0.154968, 0.000783, 0.000000, lapack_dtpmqrt
State, th11, TASK, 0.154971, 0.155747, 0.000776, 0.000000, lapack_dtpmqrt
State, th11, TASK, 0.155751, 0.156521, 0.000770, 0.000000, lapack_dtpmqrt
State, th11, TASK, 0.156524, 0.157292, 0.000767, 0.000000, lapack_dtpmqrt
State, th11, TASK, 0.157295, 0.158062, 0.000767, 0.000000, lapack_dtpmqrt
State, th11, TASK, 0.158065, 0.158833, 0.000767, 0.000000, lapack_dtpmqrt
State, th11, TASK, 0.158836, 0.159618, 0.000782, 0.000000, lapack_dtpmqrt
State, th11, TASK, 0.159621, 0.160384, 0.000762, 0.000000, lapack_dtpmqrt
State, th11, TASK, 0.160387, 0.161149, 0.000761, 0.000000, lapack_dtpmqrt
State, th11, TASK, 0.161152, 0.161907, 0.000755, 0.000000, lapack_dtpmqrt
State, th11, TASK, 0.161910, 0.162667, 0.000757, 0.000000, lapack_dtpmqrt
State, th11, TASK, 0.162671, 0.163444, 0.000773, 0.000000, lapack_dtpmqrt
State, th11, TASK, 0.163448, 0.164211, 0.000763, 0.000000, lapack_dtpmqrt
State, th11, TASK, 0.164214, 0.164964, 0.000751, 0.000000, lapack_dtpmqrt
State, th11, TASK, 0.164968, 0.165713, 0.000745, 0.000000, lapack_dtpmqrt
State, th11, TASK, 0.165716, 0.166460, 0.000744, 0.000000, lapack_dtpmqrt
State, th11, TASK, 0.166463, 0.167219, 0.000756, 0.000000, lapack_dtpmqrt
State, th11, TASK, 0.167222, 0.167969, 0.000746, 0.000000, lapack_dtpmqrt
State, th11, TASK, 0.167973, 0.168718, 0.000745, 0.000000, lapack_dtpmqrt
State, th11, TASK, 0.168721, 0.169471, 0.000750, 0.000000, lapack_dtpmqrt
State, th11, TASK, 0.169474, 0.170223, 0.000748, 0.000000, lapack_dtpmqrt
State, th11, TASK, 0.170243, 0.171004, 0.000761, 0.000000, lapack_dtpmqrt
State, th11, TASK, 0.171049, 0.171801, 0.000752, 0.000000, lapack_dtpmqrt
State, th11, TASK, 0.171815, 0.172586, 0.000771, 0.000000, lapack_dtpmqrt
State, th11, TASK, 0.172590, 0.173360, 0.000770, 0.000000, lapack_dtpmqrt
State, th11, TASK, 0.173364, 0.174130, 0.000766, 0.000000, lapack_dtpmqrt
State, th11, TASK, 0.174133, 0.174904, 0.000771, 0.000000, lapack_dtpmqrt
State, th11, TASK, 0.174907, 0.175673, 0.000765, 0.000000, lapack_dtpmqrt
State, th11, TASK, 0.175676, 0.176438, 0.000762, 0.000000, lapack_dtpmqrt
State, th11, TASK, 0.176442, 0.177204, 0.000762, 0.000000, lapack_dtpmqrt
State, th11, TASK, 0.177207, 0.177966, 0.000759, 0.000000, lapack_dtpmqrt
State, th11, TASK, 0.177969, 0.178732, 0.000763, 0.000000, lapack_dtpmqrt
State, th11, TASK, 0.178736, 0.179499, 0.000763, 0.000000, lapack_dtpmqrt
State, th11, TASK, 0.179502, 0.180261, 0.000759, 0.000000, lapack_dtpmqrt
State, th11, TASK, 0.180265, 0.181019, 0.000754, 0.000000, lapack_dtpmqrt
State, th11, TASK, 0.181023, 0.181782, 0.000759, 0.000000, lapack_dtpmqrt
State, th11, TASK, 0.181785, 0.182541, 0.000756, 0.000000, lapack_dtpmqrt
State, th11, TASK, 0.182545, 0.183307, 0.000762, 0.000000, lapack_dtpmqrt
State, th11, TASK, 0.183311, 0.184068, 0.000757, 0.000000, lapack_dtpmqrt
State, th11, TASK, 0.184074, 0.184842, 0.000768, 0.000000, lapack_dtpmqrt
State, th11, TASK, 0.184845, 0.185607, 0.000761, 0.000000, lapack_dtpmqrt
State, th11, TASK, 0.185610, 0.186374, 0.000764, 0.000000, lapack_dtpmqrt
State, th11, TASK, 0.186378, 0.187147, 0.000769, 0.000000, lapack_dtpmqrt
State, th11, TASK, 0.187151, 0.187918, 0.000767, 0.000000, lapack_dtpmqrt
State, th11, TASK, 0.187922, 0.188689, 0.000767, 0.000000, lapack_dtpmqrt
State, th11, TASK, 0.188692, 0.189461, 0.000769, 0.000000, lapack_dtpmqrt
State, th11, TASK, 0.189465, 0.190232, 0.000767, 0.000000, lapack_dtpmqrt
State, th11, TASK, 0.190235, 0.191011, 0.000776, 0.000000, lapack_dtpmqrt
State, th11, TASK, 0.191015, 0.191781, 0.000766, 0.000000, lapack_dtpmqrt
State, th11, TASK, 0.191784, 0.192549, 0.000765, 0.000000, lapack_dtpmqrt
State, th11, TASK, 0.192553, 0.193310, 0.000757, 0.000000, lapack_dtpmqrt
State, th11, TASK, 0.193314, 0.194070, 0.000756, 0.000000, lapack_dtpmqrt
State, th11, TASK, 0.194074, 0.194834, 0.000760, 0.000000, lapack_dtpmqrt
State, th11, TASK, 0.194918, 0.195677, 0.000759, 0.000000, lapack_dtpmqrt
State, th11, TASK, 0.195687, 0.196455, 0.000769, 0.000000, lapack_dtpmqrt
State, th11, TASK, 0.196459, 0.197220, 0.000761, 0.000000, lapack_dtpmqrt
State, th11, TASK, 0.197224, 0.197985, 0.000762, 0.000000, lapack_dtpmqrt
State, th11, TASK, 0.197989, 0.198747, 0.000759, 0.000000, lapack_dtpmqrt
State, th11, TASK, 0.198750, 0.199516, 0.000765, 0.000000, lapack_dtpmqrt
State, th11, TASK, 0.199519, 0.200279, 0.000759, 0.000000, lapack_dtpmqrt
State, th11, TASK, 0.200282, 0.201041, 0.000759, 0.000000, lapack_dtpmqrt
State, th11, TASK, 0.201044, 0.201802, 0.000758, 0.000000, lapack_dtpmqrt
State, th11, TASK, 0.201806, 0.202566, 0.000760, 0.000000, lapack_dtpmqrt
State, th11, TASK, 0.202569, 0.203334, 0.000765, 0.000000, lapack_dtpmqrt
State, th11, TASK, 0.203341, 0.204100, 0.000758, 0.000000, lapack_dtpmqrt
State, th11, TASK, 0.204103, 0.204860, 0.000757, 0.000000, lapack_dtpmqrt
State, th11, TASK, 0.204863, 0.205622, 0.000759, 0.000000, lapack_dtpmqrt
State, th11, TASK, 0.205626, 0.206382, 0.000756, 0.000000, lapack_dtpmqrt
State, th11, TASK, 0.206386, 0.207155, 0.000769, 0.000000, lapack_dtpmqrt
State, th11, TASK, 0.207159, 0.207924, 0.000765, 0.000000, lapack_dtpmqrt
State, th11, TASK, 0.207927, 0.208689, 0.000762, 0.000000, lapack_dtpmqrt
State, th11, TASK, 0.208693, 0.209456, 0.000764, 0.000000, lapack_dtpmqrt
State, th11, TASK, 0.209460, 0.210217, 0.000757, 0.000000, lapack_dtpmqrt
State, th11, TASK, 0.210220, 0.210996, 0.000776, 0.000000, lapack_dtpmqrt
State, th11, TASK, 0.211000, 0.211779, 0.000779, 0.000000, lapack_dtpmqrt
State, th11, TASK, 0.211782, 0.212562, 0.000780, 0.000000, lapack_dtpmqrt
State, th11, TASK, 0.212566, 0.213343, 0.000777, 0.000000, lapack_dtpmqrt
State, th11, TASK, 0.213347, 0.214118, 0.000772, 0.000000, lapack_dtpmqrt
State, th11, TASK, 0.214128, 0.214900, 0.000772, 0.000000, lapack_dtpmqrt
State, th11, TASK, 0.214904, 0.215667, 0.000763, 0.000000, lapack_dtpmqrt
State, th11, TASK, 0.215943, 0.216709, 0.000767, 0.000000, lapack_dtpmqrt
State, th11, TASK, 0.216712, 0.217475, 0.000763, 0.000000, lapack_dtpmqrt
State, th11, TASK, 0.217480, 0.218231, 0.000751, 0.000000, lapack_dtpmqrt
State, th11, TASK, 0.218235, 0.218998, 0.000763, 0.000000, lapack_dtpmqrt
State, th11, TASK, 0.219001, 0.219757, 0.000756, 0.000000, lapack_dtpmqrt
State, th11, TASK, 0.219761, 0.220520, 0.000760, 0.000000, lapack_dtpmqrt
State, th11, TASK, 0.220524, 0.221280, 0.000756, 0.000000, lapack_dtpmqrt
State, th11, TASK, 0.221283, 0.222042, 0.000759, 0.000000, lapack_dtpmqrt
State, th11, TASK, 0.222051, 0.222816, 0.000765, 0.000000, lapack_dtpmqrt
State, th11, TASK, 0.222820, 0.223582, 0.000762, 0.000000, lapack_dtpmqrt
State, th11, TASK, 0.223586, 0.224342, 0.000756, 0.000000, lapack_dtpmqrt
State, th11, TASK, 0.224345, 0.225104, 0.000759, 0.000000, lapack_dtpmqrt
State, th11, TASK, 0.225108, 0.225857, 0.000750, 0.000000, lapack_dtpmqrt
State, th11, TASK, 0.225861, 0.226619, 0.000758, 0.000000, lapack_dtpmqrt
State, th11, TASK, 0.226622, 0.227384, 0.000762, 0.000000, lapack_dtpmqrt
State, th11, TASK, 0.227388, 0.228140, 0.000752, 0.000000, lapack_dtpmqrt
State, th11, TASK, 0.228143, 0.228899, 0.000755, 0.000000, lapack_dtpmqrt
State, th11, TASK, 0.228902, 0.229656, 0.000754, 0.000000, lapack_dtpmqrt
State, th11, TASK, 0.229659, 0.230407, 0.000748, 0.000000, lapack_dtpmqrt
State, th11, TASK, 0.230410, 0.231164, 0.000753, 0.000000, lapack_dtpmqrt
State, th11, TASK, 0.231168, 0.231915, 0.000747, 0.000000, lapack_dtpmqrt
State, th11, TASK, 0.231918, 0.232667, 0.000749, 0.000000, lapack_dtpmqrt
State, th11, TASK, 0.232671, 0.233418, 0.000747, 0.000000, lapack_dtpmqrt
State, th11, TASK, 0.233422, 0.234167, 0.000746, 0.000000, lapack_dtpmqrt
State, th11, TASK, 0.234171, 0.234928, 0.000757, 0.000000, lapack_dtpmqrt
State, th11, TASK, 0.234979, 0.235745, 0.000765, 0.000000, lapack_dtpmqrt
State, th11, TASK, 0.235748, 0.236504, 0.000756, 0.000000, lapack_dtpmqrt
State, th11, TASK, 0.236508, 0.237270, 0.000762, 0.000000, lapack_dtpmqrt
State, th11, TASK, 0.237274, 0.238031, 0.000757, 0.000000, lapack_dtpmqrt
State, th11, TASK, 0.238035, 0.238793, 0.000758, 0.000000, lapack_dtpmqrt
State, th11, TASK, 0.238797, 0.239566, 0.000769, 0.000000, lapack_dtpmqrt
State, th11, TASK, 0.239569, 0.240330, 0.000761, 0.000000, lapack_dtpmqrt
State, th11, TASK, 0.240334, 0.241097, 0.000764, 0.000000, lapack_dtpmqrt
State, th11, TASK, 0.241101, 0.241868, 0.000767, 0.000000, lapack_dtpmqrt
State, th11, TASK, 0.241872, 0.242636, 0.000765, 0.000000, lapack_dtpmqrt
State, th11, TASK, 0.242640, 0.243407, 0.000767, 0.000000, lapack_dtpmqrt
State, th11, TASK, 0.243411, 0.244174, 0.000764, 0.000000, lapack_dtpmqrt
State, th11, TASK, 0.244184, 0.244959, 0.000774, 0.000000, lapack_dtpmqrt
State, th11, TASK, 0.244963, 0.245720, 0.000757, 0.000000, lapack_dtpmqrt
State, th11, TASK, 0.245723, 0.246475, 0.000752, 0.000000, lapack_dtpmqrt
State, th11, TASK, 0.246479, 0.247239, 0.000760, 0.000000, lapack_dtpmqrt
State, th11, TASK, 0.247243, 0.247994, 0.000751, 0.000000, lapack_dtpmqrt
State, th11, TASK, 0.247997, 0.248747, 0.000750, 0.000000, lapack_dtpmqrt
State, th11, TASK, 0.248750, 0.249499, 0.000749, 0.000000, lapack_dtpmqrt
State, th11, TASK, 0.249502, 0.250259, 0.000757, 0.000000, lapack_dtpmqrt
State, th11, TASK, 0.250263, 0.251029, 0.000767, 0.000000, lapack_dtpmqrt
State, th11, TASK, 0.251034, 0.251790, 0.000756, 0.000000, lapack_dtpmqrt
State, th11, TASK, 0.251793, 0.252553, 0.000760, 0.000000, lapack_dtpmqrt
State, th11, TASK, 0.252562, 0.253320, 0.000759, 0.000000, lapack_dtpmqrt
State, th11, TASK, 0.253324, 0.254087, 0.000763, 0.000000, lapack_dtpmqrt
State, th11, TASK, 0.254091, 0.254852, 0.000760, 0.000000, lapack_dtpmqrt
State, th11, TASK, 0.254855, 0.255621, 0.000766, 0.000000, lapack_dtpmqrt
State, th11, TASK, 0.255625, 0.256388, 0.000764, 0.000000, lapack_dtpmqrt
State, th11, TASK, 0.256392, 0.257141, 0.000749, 0.000000, lapack_dtpmqrt
State, th11, TASK, 0.257144, 0.257889, 0.000745, 0.000000, lapack_dtpmqrt
State, th11, TASK, 0.257893, 0.258656, 0.000763, 0.000000, lapack_dtpmqrt
State, th11, TASK, 0.258659, 0.259423, 0.000764, 0.000000, lapack_dtpmqrt
State, th11, TASK, 0.259426, 0.260186, 0.000760, 0.000000, lapack_dtpmqrt
State, th11, TASK, 0.260190, 0.260947, 0.000758, 0.000000, lapack_dtpmqrt
State, th11, TASK, 0.260963, 0.261730, 0.000767, 0.000000, lapack_dtpmqrt
State, th11, TASK, 0.261734, 0.262504, 0.000770, 0.000000, lapack_dtpmqrt
State, th11, TASK, 0.262508, 0.263285, 0.000777, 0.000000, lapack_dtpmqrt
State, th11, TASK, 0.263289, 0.264052, 0.000762, 0.000000, lapack_dtpmqrt
State, th11, TASK, 0.264055, 0.264819, 0.000764, 0.000000, lapack_dtpmqrt
State, th11, TASK, 0.264875, 0.265633, 0.000758, 0.000000, lapack_dtpmqrt
State, th11, TASK, 0.265637, 0.266386, 0.000748, 0.000000, lapack_dtpmqrt
State, th11, TASK, 0.266390, 0.267149, 0.000759, 0.000000, lapack_dtpmqrt
State, th11, TASK, 0.267152, 0.267907, 0.000754, 0.000000, lapack_dtpmqrt
State, th11, TASK, 0.267910, 0.268664, 0.000755, 0.000000, lapack_dtpmqrt
State, th11, TASK, 0.268668, 0.269421, 0.000753, 0.000000, lapack_dtpmqrt
State, th11, TASK, 0.269425, 0.270185, 0.000760, 0.000000, lapack_dtpmqrt
State, th11, TASK, 0.270188, 0.270951, 0.000763, 0.000000, lapack_dtpmqrt
State, th11, TASK, 0.270954, 0.271712, 0.000758, 0.000000, lapack_dtpmqrt
State, th11, TASK, 0.271715, 0.272472, 0.000757, 0.000000, lapack_dtpmqrt
State, th11, TASK, 0.272480, 0.273244, 0.000764, 0.000000, lapack_dtpmqrt
State, th11, TASK, 0.273247, 0.274005, 0.000757, 0.000000, lapack_dtpmqrt
State, th11, TASK, 0.274008, 0.274762, 0.000754, 0.000000, lapack_dtpmqrt
State, th11, TASK, 0.274765, 0.275521, 0.000756, 0.000000, lapack_dtpmqrt
State, th11, TASK, 0.275525, 0.276280, 0.000755, 0.000000, lapack_dtpmqrt
State, th11, TASK, 0.276284, 0.277033, 0.000749, 0.000000, lapack_dtpmqrt
State, th11, TASK, 0.277036, 0.277784, 0.000747, 0.000000, lapack_dtpmqrt
State, th11, TASK, 0.277787, 0.278532, 0.000745, 0.000000, lapack_dtpmqrt
State, th11, TASK, 0.278539, 0.279348, 0.000808, 0.000000, lapack_dtpmqrt
State, th11, TASK, 0.279351, 0.280131, 0.000780, 0.000000, lapack_dtpmqrt
State, th11, TASK, 0.280135, 0.280917, 0.000782, 0.000000, lapack_dtpmqrt
State, th11, TASK, 0.280920, 0.281701, 0.000781, 0.000000, lapack_dtpmqrt
State, th11, TASK, 0.281705, 0.282472, 0.000767, 0.000000, lapack_dtpmqrt
State, th11, TASK, 0.282476, 0.283248, 0.000772, 0.000000, lapack_dtpmqrt
State, th11, TASK, 0.283252, 0.284022, 0.000770, 0.000000, lapack_dtpmqrt
State, th11, TASK, 0.284031, 0.284795, 0.000764, 0.000000, lapack_dtpmqrt
State, th11, TASK, 0.284798, 0.285558, 0.000760, 0.000000, lapack_dtpmqrt
State, th11, TASK, 0.285561, 0.286328, 0.000767, 0.000000, lapack_dtpmqrt
State, th11, TASK, 0.286332, 0.287110, 0.000779, 0.000000, lapack_dtpmqrt
State, th11, TASK, 0.287114, 0.287879, 0.000765, 0.000000, lapack_dtpmqrt
State, th11, TASK, 0.287883, 0.288643, 0.000760, 0.000000, lapack_dtpmqrt
State, th11, TASK, 0.288647, 0.289398, 0.000751, 0.000000, lapack_dtpmqrt
State, th11, TASK, 0.289402, 0.290156, 0.000755, 0.000000, lapack_dtpmqrt
State, th11, TASK, 0.290253, 0.291009, 0.000756, 0.000000, lapack_dtpmqrt
State, th11, TASK, 0.291013, 0.291761, 0.000748, 0.000000, lapack_dtpmqrt
State, th11, TASK, 0.291764, 0.292514, 0.000749, 0.000000, lapack_dtpmqrt
State, th11, TASK, 0.292517, 0.293273, 0.000756, 0.000000, lapack_dtpmqrt
State, th11, TASK, 0.293276, 0.294035, 0.000759, 0.000000, lapack_dtpmqrt
State, th11, TASK, 0.294039, 0.294795, 0.000756, 0.000000, lapack_dtpmqrt
State, th11, TASK, 0.294798, 0.295560, 0.000762, 0.000000, lapack_dtpmqrt
State, th11, TASK, 0.295563, 0.296317, 0.000753, 0.000000, lapack_dtpmqrt
State, th11, TASK, 0.296320, 0.297071, 0.000751, 0.000000, lapack_dtpmqrt
State, th11, TASK, 0.297075, 0.297829, 0.000754, 0.000000, lapack_dtpmqrt
State, th11, TASK, 0.297832, 0.298589, 0.000756, 0.000000, lapack_dtpmqrt
State, th11, TASK, 0.298592, 0.299361, 0.000769, 0.000000, lapack_dtpmqrt
State, th11, TASK, 0.299365, 0.300122, 0.000758, 0.000000, lapack_dtpmqrt
State, th11, TASK, 0.300126, 0.300563, 0.000437, 0.000000, lapack_dlarfb
State, th11, TASK, 0.300567, 0.300988, 0.000422, 0.000000, lapack_dlarfb
State, th11, TASK, 0.300997, 0.301425, 0.000428, 0.000000, lapack_dlarfb
State, th11, TASK, 0.301430, 0.302213, 0.000784, 0.000000, lapack_dtpmqrt
State, th11, TASK, 0.302384, 0.303157, 0.000773, 0.000000, lapack_dtpmqrt
State, th11, TASK, 0.303161, 0.303923, 0.000763, 0.000000, lapack_dtpmqrt
State, th11, TASK, 0.303926, 0.304691, 0.000765, 0.000000, lapack_dtpmqrt
State, th11, TASK, 0.304694, 0.305457, 0.000763, 0.000000, lapack_dtpmqrt
State, th11, TASK, 0.305461, 0.306227, 0.000766, 0.000000, lapack_dtpmqrt
State, th11, TASK, 0.306230, 0.307010, 0.000780, 0.000000, lapack_dtpmqrt
State, th11, TASK, 0.307014, 0.307790, 0.000776, 0.000000, lapack_dtpmqrt
State, th11, TASK, 0.307794, 0.308565, 0.000771, 0.000000, lapack_dtpmqrt
State, th11, TASK, 0.308568, 0.309335, 0.000767, 0.000000, lapack_dtpmqrt
State, th11, TASK, 0.309338, 0.310107, 0.000769, 0.000000, lapack_dtpmqrt
State, th11, TASK, 0.310111, 0.310896, 0.000785, 0.000000, lapack_dtpmqrt
State, th11, TASK, 0.310899, 0.311671, 0.000772, 0.000000, lapack_dtpmqrt
State, th11, TASK, 0.311674, 0.312440, 0.000766, 0.000000, lapack_dtpmqrt
State, th11, TASK, 0.312447, 0.312874, 0.000427, 0.000000, lapack_dlarfb
State, th11, TASK, 0.312878, 0.313301, 0.000423, 0.000000, lapack_dlarfb
State, th11, TASK, 0.313505, 0.314054, 0.000549, 0.000000, lapack_dtpqrt
State, th11, TASK, 0.314072, 0.314838, 0.000766, 0.000000, lapack_dtpmqrt
State, th11, TASK, 0.314842, 0.315612, 0.000771, 0.000000, lapack_dtpmqrt
State, th11, TASK, 0.315616, 0.316381, 0.000765, 0.000000, lapack_dtpmqrt
State, th11, TASK, 0.316385, 0.317152, 0.000767, 0.000000, lapack_dtpmqrt
State, th11, TASK, 0.317155, 0.317924, 0.000769, 0.000000, lapack_dtpmqrt
State, th11, TASK, 0.317927, 0.318692, 0.000765, 0.000000, lapack_dtpmqrt
State, th11, TASK, 0.318696, 0.319469, 0.000773, 0.000000, lapack_dtpmqrt
State, th11, TASK, 0.319472, 0.320234, 0.000761, 0.000000, lapack_dtpmqrt
State, th11, TASK, 0.320236, 0.321002, 0.000765, 0.000000, lapack_dtpmqrt
State, th11, TASK, 0.321005, 0.321764, 0.000759, 0.000000, lapack_dtpmqrt
State, th11, TASK, 0.321767, 0.322530, 0.000762, 0.000000, lapack_dtpmqrt
State, th11, TASK, 0.322533, 0.323291, 0.000758, 0.000000, lapack_dtpmqrt
State, th11, TASK, 0.323566, 0.324332, 0.000766, 0.000000, lapack_dtpmqrt
State, th11, TASK, 0.324336, 0.325089, 0.000753, 0.000000, lapack_dtpmqrt
State, th11, TASK, 0.325093, 0.325847, 0.000754, 0.000000, lapack_dtpmqrt
State, th11, TASK, 0.325851, 0.326606, 0.000755, 0.000000, lapack_dtpmqrt
State, th11, TASK, 0.326620, 0.327384, 0.000764, 0.000000, lapack_dtpmqrt
State, th11, TASK, 0.327387, 0.328142, 0.000756, 0.000000, lapack_dtpmqrt
State, th11, TASK, 0.328146, 0.328900, 0.000755, 0.000000, lapack_dtpmqrt
State, th11, TASK, 0.328904, 0.329661, 0.000757, 0.000000, lapack_dtpmqrt
State, th11, TASK, 0.329664, 0.330420, 0.000755, 0.000000, lapack_dtpmqrt
State, th11, TASK, 0.330442, 0.331218, 0.000777, 0.000000, lapack_dtpmqrt
State, th11, TASK, 0.331222, 0.331988, 0.000766, 0.000000, lapack_dtpmqrt
State, th11, TASK, 0.331991, 0.332757, 0.000766, 0.000000, lapack_dtpmqrt
State, th11, TASK, 0.332761, 0.333533, 0.000772, 0.000000, lapack_dtpmqrt
State, th11, TASK, 0.333536, 0.334303, 0.000767, 0.000000, lapack_dtpmqrt
State, th11, TASK, 0.334307, 0.335072, 0.000765, 0.000000, lapack_dtpmqrt
State, th11, TASK, 0.335075, 0.335833, 0.000758, 0.000000, lapack_dtpmqrt
State, th11, TASK, 0.335837, 0.336596, 0.000759, 0.000000, lapack_dtpmqrt
State, th11, TASK, 0.336599, 0.337363, 0.000763, 0.000000, lapack_dtpmqrt
State, th11, TASK, 0.337365, 0.338124, 0.000759, 0.000000, lapack_dtpmqrt
State, th11, TASK, 0.338132, 0.338566, 0.000434, 0.000000, lapack_dlarfb
State, th11, TASK, 0.339143, 0.339930, 0.000787, 0.000000, lapack_dtpmqrt
State, th11, TASK, 0.339933, 0.340704, 0.000772, 0.000000, lapack_dtpmqrt
State, th11, TASK, 0.340708, 0.341485, 0.000777, 0.000000, lapack_dtpmqrt
State, th11, TASK, 0.341488, 0.342265, 0.000777, 0.000000, lapack_dtpmqrt
State, th11, TASK, 0.342269, 0.343044, 0.000774, 0.000000, lapack_dtpmqrt
State, th11, TASK, 0.343047, 0.343820, 0.000773, 0.000000, lapack_dtpmqrt
State, th11, TASK, 0.343824, 0.344573, 0.000749, 0.000000, lapack_dtpmqrt
State, th11, TASK, 0.344577, 0.345315, 0.000738, 0.000000, lapack_dtpmqrt
State, th11, TASK, 0.345318, 0.346062, 0.000744, 0.000000, lapack_dtpmqrt
State, th11, TASK, 0.346065, 0.346805, 0.000740, 0.000000, lapack_dtpmqrt
State, th11, TASK, 0.346809, 0.347559, 0.000750, 0.000000, lapack_dtpmqrt
State, th11, TASK, 0.347563, 0.348305, 0.000743, 0.000000, lapack_dtpmqrt
State, th11, TASK, 0.348309, 0.349048, 0.000739, 0.000000, lapack_dtpmqrt
State, th11, TASK, 0.349056, 0.349459, 0.000403, 0.000000, lapack_dgeqrt
State, th11, TASK, 0.349485, 0.349921, 0.000435, 0.000000, lapack_dlarfb
State, th11, TASK, 0.349924, 0.350350, 0.000426, 0.000000, lapack_dlarfb
State, th11, TASK, 0.350903, 0.351438, 0.000535, 0.000000, lapack_dtpqrt
State, th11, TASK, 0.351445, 0.351973, 0.000528, 0.000000, lapack_dtpqrt
State, th11, TASK, 0.351979, 0.352514, 0.000535, 0.000000, lapack_dtpqrt
State, th11, TASK, 0.352520, 0.353051, 0.000531, 0.000000, lapack_dtpqrt
State, th11, TASK, 0.353059, 0.353593, 0.000535, 0.000000, lapack_dtpqrt
State, th11, TASK, 0.353666, 0.354445, 0.000779, 0.000000, lapack_dtpmqrt
State, th11, TASK, 0.354449, 0.355217, 0.000768, 0.000000, lapack_dtpmqrt
State, th11, TASK, 0.355395, 0.356168, 0.000773, 0.000000, lapack_dtpmqrt
State, th11, TASK, 0.356171, 0.356941, 0.000769, 0.000000, lapack_dtpmqrt
State, th11, TASK, 0.356944, 0.357708, 0.000765, 0.000000, lapack_dtpmqrt
State, th11, TASK, 0.357712, 0.358474, 0.000762, 0.000000, lapack_dtpmqrt
State, th11, TASK, 0.358477, 0.359254, 0.000777, 0.000000, lapack_dtpmqrt
State, th11, TASK, 0.359259, 0.359686, 0.000427, 0.000000, lapack_dlarfb
State, th11, TASK, 0.360275, 0.361057, 0.000782, 0.000000, lapack_dtpmqrt
State, th11, TASK, 0.361061, 0.361838, 0.000777, 0.000000, lapack_dtpmqrt
State, th11, TASK, 0.361841, 0.362611, 0.000769, 0.000000, lapack_dtpmqrt
State, th11, TASK, 0.362624, 0.363396, 0.000771, 0.000000, lapack_dtpmqrt
State, th11, TASK, 0.363400, 0.364160, 0.000761, 0.000000, lapack_dtpmqrt
State, th11, TASK, 0.364166, 0.364943, 0.000777, 0.000000, lapack_dtpmqrt
State, th11, TASK, 0.364946, 0.365716, 0.000770, 0.000000, lapack_dtpmqrt
State, th11, TASK, 0.365720, 0.366480, 0.000760, 0.000000, lapack_dtpmqrt
State, th11, TASK, 0.366483, 0.367251, 0.000767, 0.000000, lapack_dtpmqrt
State, th11, TASK, 0.367303, 0.368106, 0.000803, 0.000000, lapack_dtpmqrt
State, th11, TASK, 0.368378, 0.369125, 0.000747, 0.000000, lapack_dtpmqrt
State, th11, TASK, 0.369143, 0.369538, 0.000395, 0.000000, lapack_dgeqrt
State, th11, TASK, 0.369543, 0.369965, 0.000422, 0.000000, lapack_dlarfb
State, th11, TASK, 0.370221, 0.371007, 0.000787, 0.000000, lapack_dtpmqrt
State, th11, TASK, 0.371385, 0.372191, 0.000806, 0.000000, lapack_dtpmqrt
State, th11, TASK, 0.372194, 0.372963, 0.000769, 0.000000, lapack_dtpmqrt
State, th11, TASK, 0.373626, 0.374419, 0.000793, 0.000000, lapack_dtpmqrt
State, th11, TASK, 0.374470, 0.375026, 0.000556, 0.000000, lapack_dtpqrt
State, th11, TASK, 0.379451, 0.380228, 0.000777, 0.000000, lapack_dtpmqrt
State, th10, TASK, 0.012308, 0.012944, 0.000636, 0.000000, lapack_dlarfb
State, th10, TASK, 0.012948, 0.013377, 0.000429, 0.000000, lapack_dlarfb
State, th10, TASK, 0.014023, 0.015188, 0.001164, 0.000000, lapack_dtpmqrt
State, th10, TASK, 0.015192, 0.016054, 0.000862, 0.000000, lapack_dtpmqrt
State, th10, TASK, 0.016531, 0.017298, 0.000767, 0.000000, lapack_dtpmqrt
State, th10, TASK, 0.017301, 0.018060, 0.000759, 0.000000, lapack_dtpmqrt
State, th10, TASK, 0.018064, 0.018826, 0.000762, 0.000000, lapack_dtpmqrt
State, th10, TASK, 0.018831, 0.019405, 0.000574, 0.000000, lapack_dtpqrt
State, th10, TASK, 0.019425, 0.020199, 0.000773, 0.000000, lapack_dtpmqrt
State, th10, TASK, 0.020202, 0.020951, 0.000749, 0.000000, lapack_dtpmqrt
State, th10, TASK, 0.020954, 0.021697, 0.000743, 0.000000, lapack_dtpmqrt
State, th10, TASK, 0.021702, 0.022455, 0.000753, 0.000000, lapack_dtpmqrt
State, th10, TASK, 0.022459, 0.023206, 0.000748, 0.000000, lapack_dtpmqrt
State, th10, TASK, 0.023210, 0.023954, 0.000744, 0.000000, lapack_dtpmqrt
State, th10, TASK, 0.023957, 0.024709, 0.000752, 0.000000, lapack_dtpmqrt
State, th10, TASK, 0.024712, 0.025459, 0.000747, 0.000000, lapack_dtpmqrt
State, th10, TASK, 0.025462, 0.026204, 0.000742, 0.000000, lapack_dtpmqrt
State, th10, TASK, 0.026207, 0.026960, 0.000753, 0.000000, lapack_dtpmqrt
State, th10, TASK, 0.026963, 0.027698, 0.000735, 0.000000, lapack_dtpmqrt
State, th10, TASK, 0.027702, 0.028444, 0.000742, 0.000000, lapack_dtpmqrt
State, th10, TASK, 0.028451, 0.029205, 0.000754, 0.000000, lapack_dtpmqrt
State, th10, TASK, 0.029208, 0.029957, 0.000748, 0.000000, lapack_dtpmqrt
State, th10, TASK, 0.029961, 0.030718, 0.000757, 0.000000, lapack_dtpmqrt
State, th10, TASK, 0.030721, 0.031477, 0.000756, 0.000000, lapack_dtpmqrt
State, th10, TASK, 0.031483, 0.032234, 0.000751, 0.000000, lapack_dtpmqrt
State, th10, TASK, 0.032238, 0.032983, 0.000745, 0.000000, lapack_dtpmqrt
State, th10, TASK, 0.032986, 0.033732, 0.000747, 0.000000, lapack_dtpmqrt
State, th10, TASK, 0.033736, 0.034491, 0.000755, 0.000000, lapack_dtpmqrt
State, th10, TASK, 0.034494, 0.035024, 0.000530, 0.000000, lapack_dtpqrt
State, th10, TASK, 0.035035, 0.035780, 0.000745, 0.000000, lapack_dtpmqrt
State, th10, TASK, 0.035783, 0.036539, 0.000756, 0.000000, lapack_dtpmqrt
State, th10, TASK, 0.036542, 0.037297, 0.000754, 0.000000, lapack_dtpmqrt
State, th10, TASK, 0.037301, 0.037841, 0.000540, 0.000000, lapack_dtpqrt
State, th10, TASK, 0.037852, 0.038618, 0.000766, 0.000000, lapack_dtpmqrt
State, th10, TASK, 0.038621, 0.039376, 0.000755, 0.000000, lapack_dtpmqrt
State, th10, TASK, 0.039379, 0.040139, 0.000760, 0.000000, lapack_dtpmqrt
State, th10, TASK, 0.040143, 0.040915, 0.000772, 0.000000, lapack_dtpmqrt
State, th10, TASK, 0.040918, 0.041658, 0.000741, 0.000000, lapack_dtpmqrt
State, th10, TASK, 0.041661, 0.042415, 0.000754, 0.000000, lapack_dtpmqrt
State, th10, TASK, 0.042418, 0.042975, 0.000557, 0.000000, lapack_dtpqrt
State, th10, TASK, 0.042988, 0.043735, 0.000747, 0.000000, lapack_dtpmqrt
State, th10, TASK, 0.043738, 0.044494, 0.000756, 0.000000, lapack_dtpmqrt
State, th10, TASK, 0.044497, 0.045254, 0.000757, 0.000000, lapack_dtpmqrt
State, th10, TASK, 0.045257, 0.046012, 0.000755, 0.000000, lapack_dtpmqrt
State, th10, TASK, 0.046016, 0.046769, 0.000754, 0.000000, lapack_dtpmqrt
State, th10, TASK, 0.046772, 0.047530, 0.000757, 0.000000, lapack_dtpmqrt
State, th10, TASK, 0.047534, 0.048317, 0.000783, 0.000000, lapack_dtpmqrt
State, th10, TASK, 0.048321, 0.049098, 0.000777, 0.000000, lapack_dtpmqrt
State, th10, TASK, 0.049101, 0.049875, 0.000774, 0.000000, lapack_dtpmqrt
State, th10, TASK, 0.049879, 0.050640, 0.000761, 0.000000, lapack_dtpmqrt
State, th10, TASK, 0.050644, 0.051406, 0.000762, 0.000000, lapack_dtpmqrt
State, th10, TASK, 0.051410, 0.052163, 0.000753, 0.000000, lapack_dtpmqrt
State, th10, TASK, 0.052167, 0.052920, 0.000753, 0.000000, lapack_dtpmqrt
State, th10, TASK, 0.052924, 0.053678, 0.000754, 0.000000, lapack_dtpmqrt
State, th10, TASK, 0.053682, 0.054435, 0.000753, 0.000000, lapack_dtpmqrt
State, th10, TASK, 0.054438, 0.055201, 0.000763, 0.000000, lapack_dtpmqrt
State, th10, TASK, 0.055205, 0.055950, 0.000746, 0.000000, lapack_dtpmqrt
State, th10, TASK, 0.055954, 0.056705, 0.000751, 0.000000, lapack_dtpmqrt
State, th10, TASK, 0.056708, 0.057469, 0.000761, 0.000000, lapack_dtpmqrt
State, th10, TASK, 0.057473, 0.058221, 0.000748, 0.000000, lapack_dtpmqrt
State, th10, TASK, 0.058224, 0.058982, 0.000758, 0.000000, lapack_dtpmqrt
State, th10, TASK, 0.058985, 0.059734, 0.000748, 0.000000, lapack_dtpmqrt
State, th10, TASK, 0.059737, 0.060490, 0.000753, 0.000000, lapack_dtpmqrt
State, th10, TASK, 0.060499, 0.061250, 0.000752, 0.000000, lapack_dtpmqrt
State, th10, TASK, 0.061254, 0.062007, 0.000753, 0.000000, lapack_dtpmqrt
State, th10, TASK, 0.062011, 0.062758, 0.000747, 0.000000, lapack_dtpmqrt
State, th10, TASK, 0.062761, 0.063547, 0.000786, 0.000000, lapack_dtpmqrt
State, th10, TASK, 0.063550, 0.064304, 0.000753, 0.000000, lapack_dtpmqrt
State, th10, TASK, 0.064307, 0.065057, 0.000750, 0.000000, lapack_dtpmqrt
State, th10, TASK, 0.065060, 0.065811, 0.000751, 0.000000, lapack_dtpmqrt
State, th10, TASK, 0.065815, 0.066570, 0.000755, 0.000000, lapack_dtpmqrt
State, th10, TASK, 0.066573, 0.067341, 0.000768, 0.000000, lapack_dtpmqrt
State, th10, TASK, 0.067345, 0.068095, 0.000751, 0.000000, lapack_dtpmqrt
State, th10, TASK, 0.068099, 0.068851, 0.000752, 0.000000, lapack_dtpmqrt
State, th10, TASK, 0.068854, 0.069613, 0.000759, 0.000000, lapack_dtpmqrt
State, th10, TASK, 0.069616, 0.070367, 0.000751, 0.000000, lapack_dtpmqrt
State, th10, TASK, 0.070371, 0.071134, 0.000763, 0.000000, lapack_dtpmqrt
State, th10, TASK, 0.071138, 0.071891, 0.000754, 0.000000, lapack_dtpmqrt
State, th10, TASK, 0.071895, 0.072643, 0.000748, 0.000000, lapack_dtpmqrt
State, th10, TASK, 0.072647, 0.073395, 0.000749, 0.000000, lapack_dtpmqrt
State, th10, TASK, 0.073399, 0.074147, 0.000748, 0.000000, lapack_dtpmqrt
State, th10, TASK, 0.074151, 0.074903, 0.000752, 0.000000, lapack_dtpmqrt
State, th10, TASK, 0.074906, 0.075650, 0.000744, 0.000000, lapack_dtpmqrt
State, th10, TASK, 0.075653, 0.076398, 0.000745, 0.000000, lapack_dtpmqrt
State, th10, TASK, 0.076402, 0.077147, 0.000746, 0.000000, lapack_dtpmqrt
State, th10, TASK, 0.077152, 0.077914, 0.000762, 0.000000, lapack_dtpmqrt
State, th10, TASK, 0.077919, 0.078666, 0.000747, 0.000000, lapack_dtpmqrt
State, th10, TASK, 0.078669, 0.079426, 0.000757, 0.000000, lapack_dtpmqrt
State, th10, TASK, 0.079429, 0.080181, 0.000752, 0.000000, lapack_dtpmqrt
State, th10, TASK, 0.080184, 0.080937, 0.000752, 0.000000, lapack_dtpmqrt
State, th10, TASK, 0.080940, 0.081692, 0.000752, 0.000000, lapack_dtpmqrt
State, th10, TASK, 0.081696, 0.082445, 0.000749, 0.000000, lapack_dtpmqrt
State, th10, TASK, 0.082448, 0.083206, 0.000757, 0.000000, lapack_dtpmqrt
State, th10, TASK, 0.083209, 0.083961, 0.000752, 0.000000, lapack_dtpmqrt
State, th10, TASK, 0.083964, 0.084721, 0.000757, 0.000000, lapack_dtpmqrt
State, th10, TASK, 0.084724, 0.085479, 0.000754, 0.000000, lapack_dtpmqrt
State, th10, TASK, 0.085482, 0.086239, 0.000757, 0.000000, lapack_dtpmqrt
State, th10, TASK, 0.086243, 0.087005, 0.000762, 0.000000, lapack_dtpmqrt
State, th10, TASK, 0.087009, 0.087758, 0.000749, 0.000000, lapack_dtpmqrt
State, th10, TASK, 0.087761, 0.088512, 0.000751, 0.000000, lapack_dtpmqrt
State, th10, TASK, 0.088515, 0.089267, 0.000751, 0.000000, lapack_dtpmqrt
State, th10, TASK, 0.089270, 0.090022, 0.000752, 0.000000, lapack_dtpmqrt
State, th10, TASK, 0.090026, 0.090795, 0.000768, 0.000000, lapack_dtpmqrt
State, th10, TASK, 0.090798, 0.091561, 0.000763, 0.000000, lapack_dtpmqrt
State, th10, TASK, 0.091565, 0.092321, 0.000756, 0.000000, lapack_dtpmqrt
State, th10, TASK, 0.092324, 0.093069, 0.000744, 0.000000, lapack_dtpmqrt
State, th10, TASK, 0.093072, 0.093819, 0.000747, 0.000000, lapack_dtpmqrt
State, th10, TASK, 0.093824, 0.094585, 0.000762, 0.000000, lapack_dtpmqrt
State, th10, TASK, 0.094589, 0.095345, 0.000756, 0.000000, lapack_dtpmqrt
State, th10, TASK, 0.095348, 0.096096, 0.000748, 0.000000, lapack_dtpmqrt
State, th10, TASK, 0.096099, 0.096850, 0.000751, 0.000000, lapack_dtpmqrt
State, th10, TASK, 0.096853, 0.097604, 0.000751, 0.000000, lapack_dtpmqrt
State, th10, TASK, 0.097608, 0.098354, 0.000746, 0.000000, lapack_dtpmqrt
State, th10, TASK, 0.098357, 0.099106, 0.000748, 0.000000, lapack_dtpmqrt
State, th10, TASK, 0.099109, 0.099853, 0.000744, 0.000000, lapack_dtpmqrt
State, th10, TASK, 0.099857, 0.100600, 0.000744, 0.000000, lapack_dtpmqrt
State, th10, TASK, 0.100603, 0.101352, 0.000749, 0.000000, lapack_dtpmqrt
State, th10, TASK, 0.101355, 0.102098, 0.000743, 0.000000, lapack_dtpmqrt
State, th10, TASK, 0.102103, 0.102895, 0.000792, 0.000000, lapack_dtpmqrt
State, th10, TASK, 0.102899, 0.103675, 0.000777, 0.000000, lapack_dtpmqrt
State, th10, TASK, 0.103678, 0.104446, 0.000767, 0.000000, lapack_dtpmqrt
State, th10, TASK, 0.104449, 0.105215, 0.000766, 0.000000, lapack_dtpmqrt
State, th10, TASK, 0.105219, 0.105980, 0.000762, 0.000000, lapack_dtpmqrt
State, th10, TASK, 0.105983, 0.106744, 0.000761, 0.000000, lapack_dtpmqrt
State, th10, TASK, 0.106747, 0.107518, 0.000771, 0.000000, lapack_dtpmqrt
State, th10, TASK, 0.107522, 0.108284, 0.000763, 0.000000, lapack_dtpmqrt
State, th10, TASK, 0.108288, 0.109055, 0.000767, 0.000000, lapack_dtpmqrt
State, th10, TASK, 0.109063, 0.109865, 0.000802, 0.000000, lapack_dtpmqrt
State, th10, TASK, 0.109869, 0.110644, 0.000775, 0.000000, lapack_dtpmqrt
State, th10, TASK, 0.110647, 0.111417, 0.000770, 0.000000, lapack_dtpmqrt
State, th10, TASK, 0.111421, 0.112183, 0.000762, 0.000000, lapack_dtpmqrt
State, th10, TASK, 0.112186, 0.112954, 0.000768, 0.000000, lapack_dtpmqrt
State, th10, TASK, 0.112958, 0.113724, 0.000767, 0.000000, lapack_dtpmqrt
State, th10, TASK, 0.113728, 0.114490, 0.000762, 0.000000, lapack_dtpmqrt
State, th10, TASK, 0.114494, 0.115268, 0.000775, 0.000000, lapack_dtpmqrt
State, th10, TASK, 0.115271, 0.116031, 0.000760, 0.000000, lapack_dtpmqrt
State, th10, TASK, 0.116035, 0.116792, 0.000757, 0.000000, lapack_dtpmqrt
State, th10, TASK, 0.116796, 0.117557, 0.000761, 0.000000, lapack_dtpmqrt
State, th10, TASK, 0.117560, 0.118333, 0.000773, 0.000000, lapack_dtpmqrt
State, th10, TASK, 0.118337, 0.119116, 0.000780, 0.000000, lapack_dtpmqrt
State, th10, TASK, 0.119120, 0.119879, 0.000759, 0.000000, lapack_dtpmqrt
State, th10, TASK, 0.119882, 0.120649, 0.000766, 0.000000, lapack_dtpmqrt
State, th10, TASK, 0.120652, 0.121416, 0.000764, 0.000000, lapack_dtpmqrt
State, th10, TASK, 0.121420, 0.122180, 0.000760, 0.000000, lapack_dtpmqrt
State, th10, TASK, 0.122183, 0.122954, 0.000770, 0.000000, lapack_dtpmqrt
State, th10, TASK, 0.122958, 0.123712, 0.000755, 0.000000, lapack_dtpmqrt
State, th10, TASK, 0.123716, 0.124473, 0.000757, 0.000000, lapack_dtpmqrt
State, th10, TASK, 0.124476, 0.125232, 0.000756, 0.000000, lapack_dtpmqrt
State, th10, TASK, 0.125236, 0.125996, 0.000761, 0.000000, lapack_dtpmqrt
State, th10, TASK, 0.125999, 0.126760, 0.000761, 0.000000, lapack_dtpmqrt
State, th10, TASK, 0.126764, 0.127534, 0.000770, 0.000000, lapack_dtpmqrt
State, th10, TASK, 0.127537, 0.128292, 0.000755, 0.000000, lapack_dtpmqrt
State, th10, TASK, 0.128297, 0.128867, 0.000570, 0.000000, lapack_dtpqrt
State, th10, TASK, 0.128875, 0.129431, 0.000555, 0.000000, lapack_dtpqrt
State, th10, TASK, 0.129442, 0.129990, 0.000548, 0.000000, lapack_dtpqrt
State, th10, TASK, 0.130000, 0.130547, 0.000547, 0.000000, lapack_dtpqrt
State, th10, TASK, 0.130556, 0.131114, 0.000558, 0.000000, lapack_dtpqrt
State, th10, TASK, 0.131124, 0.131671, 0.000547, 0.000000, lapack_dtpqrt
State, th10, TASK, 0.131680, 0.132228, 0.000547, 0.000000, lapack_dtpqrt
State, th10, TASK, 0.132238, 0.132793, 0.000555, 0.000000, lapack_dtpqrt
State, th10, TASK, 0.132802, 0.133325, 0.000522, 0.000000, lapack_dtpqrt
State, th10, TASK, 0.133335, 0.133880, 0.000545, 0.000000, lapack_dtpqrt
State, th10, TASK, 0.133890, 0.134431, 0.000540, 0.000000, lapack_dtpqrt
State, th10, TASK, 0.134442, 0.134991, 0.000549, 0.000000, lapack_dtpqrt
State, th10, TASK, 0.135000, 0.135550, 0.000550, 0.000000, lapack_dtpqrt
State, th10, TASK, 0.135561, 0.136107, 0.000546, 0.000000, lapack_dtpqrt
State, th10, TASK, 0.136119, 0.136670, 0.000551, 0.000000, lapack_dtpqrt
State, th10, TASK, 0.136679, 0.137224, 0.000545, 0.000000, lapack_dtpqrt
State, th10, TASK, 0.137233, 0.137776, 0.000542, 0.000000, lapack_dtpqrt
State, th10, TASK, 0.137785, 0.138326, 0.000541, 0.000000, lapack_dtpqrt
State, th10, TASK, 0.138337, 0.138888, 0.000552, 0.000000, lapack_dtpqrt
State, th10, TASK, 0.138897, 0.139447, 0.000550, 0.000000, lapack_dtpqrt
State, th10, TASK, 0.139457, 0.140005, 0.000548, 0.000000, lapack_dtpqrt
State, th10, TASK, 0.140014, 0.140557, 0.000542, 0.000000, lapack_dtpqrt
State, th10, TASK, 0.140567, 0.141328, 0.000760, 0.000000, lapack_dtpmqrt
State, th10, TASK, 0.141331, 0.142085, 0.000754, 0.000000, lapack_dtpmqrt
State, th10, TASK, 0.142088, 0.142848, 0.000760, 0.000000, lapack_dtpmqrt
State, th10, TASK, 0.142852, 0.143616, 0.000764, 0.000000, lapack_dtpmqrt
State, th10, TASK, 0.143620, 0.144374, 0.000755, 0.000000, lapack_dtpmqrt
State, th10, TASK, 0.144378, 0.145133, 0.000756, 0.000000, lapack_dtpmqrt
State, th10, TASK, 0.145137, 0.145894, 0.000757, 0.000000, lapack_dtpmqrt
State, th10, TASK, 0.145897, 0.146652, 0.000755, 0.000000, lapack_dtpmqrt
State, th10, TASK, 0.146656, 0.147431, 0.000775, 0.000000, lapack_dtpmqrt
State, th10, TASK, 0.147434, 0.148190, 0.000755, 0.000000, lapack_dtpmqrt
State, th10, TASK, 0.148194, 0.148943, 0.000749, 0.000000, lapack_dtpmqrt
State, th10, TASK, 0.148946, 0.149697, 0.000751, 0.000000, lapack_dtpmqrt
State, th10, TASK, 0.149700, 0.150459, 0.000759, 0.000000, lapack_dtpmqrt
State, th10, TASK, 0.150462, 0.151234, 0.000772, 0.000000, lapack_dtpmqrt
State, th10, TASK, 0.151237, 0.152000, 0.000763, 0.000000, lapack_dtpmqrt
State, th10, TASK, 0.152004, 0.152761, 0.000757, 0.000000, lapack_dtpmqrt
State, th10, TASK, 0.152764, 0.153523, 0.000759, 0.000000, lapack_dtpmqrt
State, th10, TASK, 0.153532, 0.154283, 0.000751, 0.000000, lapack_dtpmqrt
State, th10, TASK, 0.154287, 0.155051, 0.000764, 0.000000, lapack_dtpmqrt
State, th10, TASK, 0.155055, 0.155813, 0.000758, 0.000000, lapack_dtpmqrt
State, th10, TASK, 0.155816, 0.156570, 0.000754, 0.000000, lapack_dtpmqrt
State, th10, TASK, 0.156574, 0.157327, 0.000753, 0.000000, lapack_dtpmqrt
State, th10, TASK, 0.157330, 0.158088, 0.000757, 0.000000, lapack_dtpmqrt
State, th10, TASK, 0.158091, 0.158865, 0.000774, 0.000000, lapack_dtpmqrt
State, th10, TASK, 0.158869, 0.159641, 0.000772, 0.000000, lapack_dtpmqrt
State, th10, TASK, 0.159645, 0.160401, 0.000757, 0.000000, lapack_dtpmqrt
State, th10, TASK, 0.160405, 0.161154, 0.000749, 0.000000, lapack_dtpmqrt
State, th10, TASK, 0.161157, 0.161905, 0.000748, 0.000000, lapack_dtpmqrt
State, th10, TASK, 0.161909, 0.162663, 0.000754, 0.000000, lapack_dtpmqrt
State, th10, TASK, 0.162666, 0.163426, 0.000760, 0.000000, lapack_dtpmqrt
State, th10, TASK, 0.163429, 0.164182, 0.000753, 0.000000, lapack_dtpmqrt
State, th10, TASK, 0.164186, 0.164936, 0.000750, 0.000000, lapack_dtpmqrt
State, th10, TASK, 0.164939, 0.165690, 0.000751, 0.000000, lapack_dtpmqrt
State, th10, TASK, 0.165693, 0.166447, 0.000753, 0.000000, lapack_dtpmqrt
State, th10, TASK, 0.166450, 0.167208, 0.000758, 0.000000, lapack_dtpmqrt
State, th10, TASK, 0.167212, 0.167966, 0.000754, 0.000000, lapack_dtpmqrt
State, th10, TASK, 0.167969, 0.168723, 0.000754, 0.000000, lapack_dtpmqrt
State, th10, TASK, 0.168726, 0.169482, 0.000756, 0.000000, lapack_dtpmqrt
State, th10, TASK, 0.169487, 0.170240, 0.000753, 0.000000, lapack_dtpmqrt
State, th10, TASK, 0.170245, 0.171031, 0.000787, 0.000000, lapack_dtpmqrt
State, th10, TASK, 0.171034, 0.171816, 0.000782, 0.000000, lapack_dtpmqrt
State, th10, TASK, 0.171819, 0.172598, 0.000779, 0.000000, lapack_dtpmqrt
State, th10, TASK, 0.172601, 0.173388, 0.000787, 0.000000, lapack_dtpmqrt
State, th10, TASK, 0.173391, 0.174173, 0.000781, 0.000000, lapack_dtpmqrt
State, th10, TASK, 0.174176, 0.174967, 0.000791, 0.000000, lapack_dtpmqrt
State, th10, TASK, 0.174970, 0.175751, 0.000781, 0.000000, lapack_dtpmqrt
State, th10, TASK, 0.175754, 0.176533, 0.000778, 0.000000, lapack_dtpmqrt
State, th10, TASK, 0.176536, 0.177310, 0.000775, 0.000000, lapack_dtpmqrt
State, th10, TASK, 0.177313, 0.178088, 0.000775, 0.000000, lapack_dtpmqrt
State, th10, TASK, 0.178091, 0.178865, 0.000774, 0.000000, lapack_dtpmqrt
State, th10, TASK, 0.178869, 0.179649, 0.000780, 0.000000, lapack_dtpmqrt
State, th10, TASK, 0.179653, 0.180425, 0.000772, 0.000000, lapack_dtpmqrt
State, th10, TASK, 0.180429, 0.181209, 0.000780, 0.000000, lapack_dtpmqrt
State, th10, TASK, 0.181212, 0.181989, 0.000777, 0.000000, lapack_dtpmqrt
State, th10, TASK, 0.181991, 0.182768, 0.000777, 0.000000, lapack_dtpmqrt
State, th10, TASK, 0.182771, 0.183549, 0.000778, 0.000000, lapack_dtpmqrt
State, th10, TASK, 0.183552, 0.184315, 0.000762, 0.000000, lapack_dtpmqrt
State, th10, TASK, 0.184318, 0.185081, 0.000763, 0.000000, lapack_dtpmqrt
State, th10, TASK, 0.185084, 0.185855, 0.000771, 0.000000, lapack_dtpmqrt
State, th10, TASK, 0.185858, 0.186627, 0.000769, 0.000000, lapack_dtpmqrt
State, th10, TASK, 0.186630, 0.187407, 0.000776, 0.000000, lapack_dtpmqrt
State, th10, TASK, 0.187410, 0.188174, 0.000765, 0.000000, lapack_dtpmqrt
State, th10, TASK, 0.188182, 0.188949, 0.000768, 0.000000, lapack_dtpmqrt
State, th10, TASK, 0.188953, 0.189724, 0.000771, 0.000000, lapack_dtpmqrt
State, th10, TASK, 0.189727, 0.190499, 0.000772, 0.000000, lapack_dtpmqrt
State, th10, TASK, 0.190602, 0.191367, 0.000765, 0.000000, lapack_dtpmqrt
State, th10, TASK, 0.191370, 0.192137, 0.000767, 0.000000, lapack_dtpmqrt
State, th10, TASK, 0.192141, 0.192902, 0.000760, 0.000000, lapack_dtpmqrt
State, th10, TASK, 0.192905, 0.193666, 0.000761, 0.000000, lapack_dtpmqrt
State, th10, TASK, 0.193669, 0.194437, 0.000767, 0.000000, lapack_dtpmqrt
State, th10, TASK, 0.194764, 0.195540, 0.000776, 0.000000, lapack_dtpmqrt
State, th10, TASK, 0.195543, 0.196320, 0.000777, 0.000000, lapack_dtpmqrt
State, th10, TASK, 0.196323, 0.197096, 0.000773, 0.000000, lapack_dtpmqrt
State, th10, TASK, 0.197099, 0.197868, 0.000768, 0.000000, lapack_dtpmqrt
State, th10, TASK, 0.197870, 0.198636, 0.000766, 0.000000, lapack_dtpmqrt
State, th10, TASK, 0.198640, 0.199411, 0.000772, 0.000000, lapack_dtpmqrt
State, th10, TASK, 0.199415, 0.200179, 0.000764, 0.000000, lapack_dtpmqrt
State, th10, TASK, 0.200182, 0.200951, 0.000769, 0.000000, lapack_dtpmqrt
State, th10, TASK, 0.200954, 0.201730, 0.000776, 0.000000, lapack_dtpmqrt
State, th10, TASK, 0.201734, 0.202503, 0.000769, 0.000000, lapack_dtpmqrt
State, th10, TASK, 0.202507, 0.203284, 0.000777, 0.000000, lapack_dtpmqrt
State, th10, TASK, 0.203291, 0.204053, 0.000761, 0.000000, lapack_dtpmqrt
State, th10, TASK, 0.204056, 0.204822, 0.000766, 0.000000, lapack_dtpmqrt
State, th10, TASK, 0.204826, 0.205595, 0.000768, 0.000000, lapack_dtpmqrt
State, th10, TASK, 0.205598, 0.206372, 0.000774, 0.000000, lapack_dtpmqrt
State, th10, TASK, 0.206375, 0.207148, 0.000774, 0.000000, lapack_dtpmqrt
State, th10, TASK, 0.207151, 0.207922, 0.000771, 0.000000, lapack_dtpmqrt
State, th10, TASK, 0.207928, 0.208696, 0.000768, 0.000000, lapack_dtpmqrt
State, th10, TASK, 0.208699, 0.209456, 0.000757, 0.000000, lapack_dtpmqrt
State, th10, TASK, 0.209459, 0.210230, 0.000770, 0.000000, lapack_dtpmqrt
State, th10, TASK, 0.210233, 0.211010, 0.000778, 0.000000, lapack_dtpmqrt
State, th10, TASK, 0.211014, 0.211789, 0.000775, 0.000000, lapack_dtpmqrt
State, th10, TASK, 0.211792, 0.212571, 0.000779, 0.000000, lapack_dtpmqrt
State, th10, TASK, 0.212574, 0.213348, 0.000774, 0.000000, lapack_dtpmqrt
State, th10, TASK, 0.213352, 0.214127, 0.000775, 0.000000, lapack_dtpmqrt
State, th10, TASK, 0.214131, 0.214907, 0.000777, 0.000000, lapack_dtpmqrt
State, th10, TASK, 0.214910, 0.215677, 0.000767, 0.000000, lapack_dtpmqrt
State, th10, TASK, 0.215691, 0.216452, 0.000762, 0.000000, lapack_dtpmqrt
State, th10, TASK, 0.216455, 0.217200, 0.000744, 0.000000, lapack_dtpmqrt
State, th10, TASK, 0.217204, 0.217954, 0.000751, 0.000000, lapack_dtpmqrt
State, th10, TASK, 0.217958, 0.218711, 0.000753, 0.000000, lapack_dtpmqrt
State, th10, TASK, 0.218714, 0.219465, 0.000751, 0.000000, lapack_dtpmqrt
State, th10, TASK, 0.219468, 0.220207, 0.000739, 0.000000, lapack_dtpmqrt
State, th10, TASK, 0.220210, 0.220954, 0.000744, 0.000000, lapack_dtpmqrt
State, th10, TASK, 0.220956, 0.221702, 0.000745, 0.000000, lapack_dtpmqrt
State, th10, TASK, 0.221705, 0.222447, 0.000742, 0.000000, lapack_dtpmqrt
State, th10, TASK, 0.222450, 0.223202, 0.000752, 0.000000, lapack_dtpmqrt
State, th10, TASK, 0.223206, 0.223963, 0.000757, 0.000000, lapack_dtpmqrt
State, th10, TASK, 0.223966, 0.224717, 0.000751, 0.000000, lapack_dtpmqrt
State, th10, TASK, 0.224720, 0.225470, 0.000749, 0.000000, lapack_dtpmqrt
State, th10, TASK, 0.225474, 0.226225, 0.000751, 0.000000, lapack_dtpmqrt
State, th10, TASK, 0.226229, 0.226989, 0.000761, 0.000000, lapack_dtpmqrt
State, th10, TASK, 0.226993, 0.227748, 0.000755, 0.000000, lapack_dtpmqrt
State, th10, TASK, 0.227751, 0.228503, 0.000752, 0.000000, lapack_dtpmqrt
State, th10, TASK, 0.228507, 0.229259, 0.000752, 0.000000, lapack_dtpmqrt
State, th10, TASK, 0.229262, 0.230013, 0.000751, 0.000000, lapack_dtpmqrt
State, th10, TASK, 0.230016, 0.230763, 0.000747, 0.000000, lapack_dtpmqrt
State, th10, TASK, 0.230766, 0.231517, 0.000751, 0.000000, lapack_dtpmqrt
State, th10, TASK, 0.231520, 0.232265, 0.000745, 0.000000, lapack_dtpmqrt
State, th10, TASK, 0.232269, 0.233016, 0.000747, 0.000000, lapack_dtpmqrt
State, th10, TASK, 0.233019, 0.233768, 0.000749, 0.000000, lapack_dtpmqrt
State, th10, TASK, 0.233771, 0.234524, 0.000753, 0.000000, lapack_dtpmqrt
State, th10, TASK, 0.234560, 0.235318, 0.000759, 0.000000, lapack_dtpmqrt
State, th10, TASK, 0.235470, 0.236256, 0.000786, 0.000000, lapack_dtpmqrt
State, th10, TASK, 0.236260, 0.237041, 0.000781, 0.000000, lapack_dtpmqrt
State, th10, TASK, 0.237044, 0.237822, 0.000777, 0.000000, lapack_dtpmqrt
State, th10, TASK, 0.237825, 0.238602, 0.000777, 0.000000, lapack_dtpmqrt
State, th10, TASK, 0.238605, 0.239391, 0.000786, 0.000000, lapack_dtpmqrt
State, th10, TASK, 0.239394, 0.240163, 0.000769, 0.000000, lapack_dtpmqrt
State, th10, TASK, 0.240166, 0.240934, 0.000768, 0.000000, lapack_dtpmqrt
State, th10, TASK, 0.240937, 0.241716, 0.000779, 0.000000, lapack_dtpmqrt
State, th10, TASK, 0.241720, 0.242495, 0.000775, 0.000000, lapack_dtpmqrt
State, th10, TASK, 0.242499, 0.243283, 0.000784, 0.000000, lapack_dtpmqrt
State, th10, TASK, 0.243286, 0.244059, 0.000773, 0.000000, lapack_dtpmqrt
State, th10, TASK, 0.244068, 0.244844, 0.000776, 0.000000, lapack_dtpmqrt
State, th10, TASK, 0.244848, 0.245616, 0.000769, 0.000000, lapack_dtpmqrt
State, th10, TASK, 0.245620, 0.246389, 0.000770, 0.000000, lapack_dtpmqrt
State, th10, TASK, 0.246392, 0.247170, 0.000778, 0.000000, lapack_dtpmqrt
State, th10, TASK, 0.247174, 0.247939, 0.000765, 0.000000, lapack_dtpmqrt
State, th10, TASK, 0.247942, 0.248710, 0.000768, 0.000000, lapack_dtpmqrt
State, th10, TASK, 0.248713, 0.249480, 0.000767, 0.000000, lapack_dtpmqrt
State, th10, TASK, 0.249484, 0.250253, 0.000769, 0.000000, lapack_dtpmqrt
State, th10, TASK, 0.250256, 0.251027, 0.000771, 0.000000, lapack_dtpmqrt
State, th10, TASK, 0.251030, 0.251790, 0.000759, 0.000000, lapack_dtpmqrt
State, th10, TASK, 0.251793, 0.252553, 0.000760, 0.000000, lapack_dtpmqrt
State, th10, TASK, 0.252562, 0.253324, 0.000762, 0.000000, lapack_dtpmqrt
State, th10, TASK, 0.253327, 0.254090, 0.000763, 0.000000, lapack_dtpmqrt
State, th10, TASK, 0.254094, 0.254855, 0.000762, 0.000000, lapack_dtpmqrt
State, th10, TASK, 0.254859, 0.255628, 0.000769, 0.000000, lapack_dtpmqrt
State, th10, TASK, 0.255631, 0.256395, 0.000764, 0.000000, lapack_dtpmqrt
State, th10, TASK, 0.256398, 0.257148, 0.000750, 0.000000, lapack_dtpmqrt
State, th10, TASK, 0.257151, 0.257905, 0.000754, 0.000000, lapack_dtpmqrt
State, th10, TASK, 0.257908, 0.258660, 0.000752, 0.000000, lapack_dtpmqrt
State, th10, TASK, 0.258663, 0.259430, 0.000766, 0.000000, lapack_dtpmqrt
State, th10, TASK, 0.259433, 0.260187, 0.000754, 0.000000, lapack_dtpmqrt
State, th10, TASK, 0.260190, 0.260949, 0.000759, 0.000000, lapack_dtpmqrt
State, th10, TASK, 0.260956, 0.261738, 0.000782, 0.000000, lapack_dtpmqrt
State, th10, TASK, 0.261742, 0.262504, 0.000762, 0.000000, lapack_dtpmqrt
State, th10, TASK, 0.262508, 0.263285, 0.000777, 0.000000, lapack_dtpmqrt
State, th10, TASK, 0.263289, 0.264051, 0.000763, 0.000000, lapack_dtpmqrt
State, th10, TASK, 0.264055, 0.264816, 0.000762, 0.000000, lapack_dtpmqrt
State, th10, TASK, 0.264819, 0.265585, 0.000765, 0.000000, lapack_dtpmqrt
State, th10, TASK, 0.265588, 0.266349, 0.000761, 0.000000, lapack_dtpmqrt
State, th10, TASK, 0.266353, 0.267121, 0.000768, 0.000000, lapack_dtpmqrt
State, th10, TASK, 0.267124, 0.267885, 0.000761, 0.000000, lapack_dtpmqrt
State, th10, TASK, 0.267888, 0.268651, 0.000762, 0.000000, lapack_dtpmqrt
State, th10, TASK, 0.268653, 0.269417, 0.000764, 0.000000, lapack_dtpmqrt
State, th10, TASK, 0.269420, 0.270191, 0.000771, 0.000000, lapack_dtpmqrt
State, th10, TASK, 0.270195, 0.270971, 0.000776, 0.000000, lapack_dtpmqrt
State, th10, TASK, 0.270974, 0.271741, 0.000767, 0.000000, lapack_dtpmqrt
State, th10, TASK, 0.271744, 0.272509, 0.000765, 0.000000, lapack_dtpmqrt
State, th10, TASK, 0.272512, 0.273264, 0.000752, 0.000000, lapack_dtpmqrt
State, th10, TASK, 0.273267, 0.274019, 0.000752, 0.000000, lapack_dtpmqrt
State, th10, TASK, 0.274022, 0.274777, 0.000755, 0.000000, lapack_dtpmqrt
State, th10, TASK, 0.274780, 0.275543, 0.000763, 0.000000, lapack_dtpmqrt
State, th10, TASK, 0.275546, 0.276311, 0.000765, 0.000000, lapack_dtpmqrt
State, th10, TASK, 0.276314, 0.277079, 0.000764, 0.000000, lapack_dtpmqrt
State, th10, TASK, 0.277085, 0.277531, 0.000446, 0.000000, lapack_dlarfb
State, th10, TASK, 0.277535, 0.277965, 0.000430, 0.000000, lapack_dlarfb
State, th10, TASK, 0.278121, 0.278869, 0.000749, 0.000000, lapack_dtpmqrt
State, th10, TASK, 0.278879, 0.279623, 0.000744, 0.000000, lapack_dtpmqrt
State, th10, TASK, 0.279626, 0.280375, 0.000749, 0.000000, lapack_dtpmqrt
State, th10, TASK, 0.280379, 0.281133, 0.000754, 0.000000, lapack_dtpmqrt
State, th10, TASK, 0.281136, 0.281894, 0.000757, 0.000000, lapack_dtpmqrt
State, th10, TASK, 0.281897, 0.282651, 0.000754, 0.000000, lapack_dtpmqrt
State, th10, TASK, 0.282655, 0.283410, 0.000756, 0.000000, lapack_dtpmqrt
State, th10, TASK, 0.283414, 0.284161, 0.000747, 0.000000, lapack_dtpmqrt
State, th10, TASK, 0.284164, 0.284923, 0.000759, 0.000000, lapack_dtpmqrt
State, th10, TASK, 0.284926, 0.285680, 0.000754, 0.000000, lapack_dtpmqrt
State, th10, TASK, 0.285683, 0.286444, 0.000761, 0.000000, lapack_dtpmqrt
State, th10, TASK, 0.286448, 0.287203, 0.000756, 0.000000, lapack_dtpmqrt
State, th10, TASK, 0.287207, 0.287812, 0.000605, 0.000000, lapack_dgeqrt
State, th10, TASK, 0.287826, 0.288260, 0.000434, 0.000000, lapack_dlarfb
State, th10, TASK, 0.288263, 0.288675, 0.000412, 0.000000, lapack_dlarfb
State, th10, TASK, 0.288678, 0.289100, 0.000422, 0.000000, lapack_dlarfb
State, th10, TASK, 0.289103, 0.289514, 0.000411, 0.000000, lapack_dlarfb
State, th10, TASK, 0.289988, 0.290763, 0.000776, 0.000000, lapack_dtpmqrt
State, th10, TASK, 0.290768, 0.291536, 0.000768, 0.000000, lapack_dtpmqrt
State, th10, TASK, 0.291539, 0.292299, 0.000760, 0.000000, lapack_dtpmqrt
State, th10, TASK, 0.292303, 0.293062, 0.000759, 0.000000, lapack_dtpmqrt
State, th10, TASK, 0.293065, 0.293824, 0.000759, 0.000000, lapack_dtpmqrt
State, th10, TASK, 0.293827, 0.294588, 0.000761, 0.000000, lapack_dtpmqrt
State, th10, TASK, 0.294591, 0.295352, 0.000761, 0.000000, lapack_dtpmqrt
State, th10, TASK, 0.295355, 0.296116, 0.000761, 0.000000, lapack_dtpmqrt
State, th10, TASK, 0.296119, 0.296878, 0.000759, 0.000000, lapack_dtpmqrt
State, th10, TASK, 0.296882, 0.297635, 0.000753, 0.000000, lapack_dtpmqrt
State, th10, TASK, 0.297638, 0.298391, 0.000752, 0.000000, lapack_dtpmqrt
State, th10, TASK, 0.298394, 0.299153, 0.000759, 0.000000, lapack_dtpmqrt
State, th10, TASK, 0.299157, 0.299908, 0.000751, 0.000000, lapack_dtpmqrt
State, th10, TASK, 0.299942, 0.300721, 0.000779, 0.000000, lapack_dtpmqrt
State, th10, TASK, 0.300725, 0.301498, 0.000773, 0.000000, lapack_dtpmqrt
State, th10, TASK, 0.301555, 0.302308, 0.000752, 0.000000, lapack_dtpmqrt
State, th10, TASK, 0.302407, 0.302956, 0.000549, 0.000000, lapack_dtpqrt
State, th10, TASK, 0.302963, 0.303530, 0.000566, 0.000000, lapack_dtpqrt
State, th10, TASK, 0.303538, 0.304147, 0.000609, 0.000000, lapack_dtpqrt
State, th10, TASK, 0.304155, 0.304682, 0.000527, 0.000000, lapack_dtpqrt
State, th10, TASK, 0.304689, 0.305223, 0.000533, 0.000000, lapack_dtpqrt
State, th10, TASK, 0.305231, 0.305761, 0.000530, 0.000000, lapack_dtpqrt
State, th10, TASK, 0.305770, 0.306302, 0.000532, 0.000000, lapack_dtpqrt
State, th10, TASK, 0.306309, 0.306838, 0.000530, 0.000000, lapack_dtpqrt
State, th10, TASK, 0.306846, 0.307384, 0.000538, 0.000000, lapack_dtpqrt
State, th10, TASK, 0.307392, 0.307925, 0.000532, 0.000000, lapack_dtpqrt
State, th10, TASK, 0.307933, 0.308467, 0.000534, 0.000000, lapack_dtpqrt
State, th10, TASK, 0.308474, 0.308985, 0.000511, 0.000000, lapack_dtpqrt
State, th10, TASK, 0.308992, 0.309503, 0.000510, 0.000000, lapack_dtpqrt
State, th10, TASK, 0.309510, 0.310051, 0.000541, 0.000000, lapack_dtpqrt
State, th10, TASK, 0.310059, 0.310601, 0.000542, 0.000000, lapack_dtpqrt
State, th10, TASK, 0.310608, 0.311133, 0.000525, 0.000000, lapack_dtpqrt
State, th10, TASK, 0.311141, 0.311901, 0.000760, 0.000000, lapack_dtpmqrt
State, th10, TASK, 0.311904, 0.312664, 0.000760, 0.000000, lapack_dtpmqrt
State, th10, TASK, 0.312668, 0.313420, 0.000752, 0.000000, lapack_dtpmqrt
State, th10, TASK, 0.313423, 0.314180, 0.000757, 0.000000, lapack_dtpmqrt
State, th10, TASK, 0.314183, 0.314952, 0.000768, 0.000000, lapack_dtpmqrt
State, th10, TASK, 0.314955, 0.315714, 0.000759, 0.000000, lapack_dtpmqrt
State, th10, TASK, 0.315718, 0.316480, 0.000763, 0.000000, lapack_dtpmqrt
State, th10, TASK, 0.316483, 0.317251, 0.000767, 0.000000, lapack_dtpmqrt
State, th10, TASK, 0.317254, 0.318018, 0.000764, 0.000000, lapack_dtpmqrt
State, th10, TASK, 0.318021, 0.318785, 0.000763, 0.000000, lapack_dtpmqrt
State, th10, TASK, 0.318788, 0.319555, 0.000767, 0.000000, lapack_dtpmqrt
State, th10, TASK, 0.319558, 0.320312, 0.000753, 0.000000, lapack_dtpmqrt
State, th10, TASK, 0.320315, 0.321081, 0.000766, 0.000000, lapack_dtpmqrt
State, th10, TASK, 0.321084, 0.321849, 0.000765, 0.000000, lapack_dtpmqrt
State, th10, TASK, 0.321852, 0.322623, 0.000771, 0.000000, lapack_dtpmqrt
State, th10, TASK, 0.322626, 0.323400, 0.000774, 0.000000, lapack_dtpmqrt
State, th10, TASK, 0.323523, 0.324289, 0.000766, 0.000000, lapack_dtpmqrt
State, th10, TASK, 0.324292, 0.325048, 0.000756, 0.000000, lapack_dtpmqrt
State, th10, TASK, 0.325052, 0.325805, 0.000753, 0.000000, lapack_dtpmqrt
State, th10, TASK, 0.325808, 0.326562, 0.000755, 0.000000, lapack_dtpmqrt
State, th10, TASK, 0.326565, 0.327324, 0.000759, 0.000000, lapack_dtpmqrt
State, th10, TASK, 0.327327, 0.328080, 0.000753, 0.000000, lapack_dtpmqrt
State, th10, TASK, 0.328084, 0.328838, 0.000754, 0.000000, lapack_dtpmqrt
State, th10, TASK, 0.328841, 0.329596, 0.000755, 0.000000, lapack_dtpmqrt
State, th10, TASK, 0.329604, 0.330029, 0.000426, 0.000000, lapack_dlarfb
State, th10, TASK, 0.330076, 0.330853, 0.000776, 0.000000, lapack_dtpmqrt
State, th10, TASK, 0.330881, 0.331637, 0.000756, 0.000000, lapack_dtpmqrt
State, th10, TASK, 0.331641, 0.332382, 0.000741, 0.000000, lapack_dtpmqrt
State, th10, TASK, 0.332385, 0.333128, 0.000743, 0.000000, lapack_dtpmqrt
State, th10, TASK, 0.333131, 0.333872, 0.000741, 0.000000, lapack_dtpmqrt
State, th10, TASK, 0.333876, 0.334619, 0.000743, 0.000000, lapack_dtpmqrt
State, th10, TASK, 0.334623, 0.335382, 0.000759, 0.000000, lapack_dtpmqrt
State, th10, TASK, 0.335385, 0.336129, 0.000745, 0.000000, lapack_dtpmqrt
State, th10, TASK, 0.336133, 0.336875, 0.000743, 0.000000, lapack_dtpmqrt
State, th10, TASK, 0.336879, 0.337621, 0.000743, 0.000000, lapack_dtpmqrt
State, th10, TASK, 0.337625, 0.338367, 0.000742, 0.000000, lapack_dtpmqrt
State, th10, TASK, 0.338371, 0.339169, 0.000798, 0.000000, lapack_dtpmqrt
State, th10, TASK, 0.339173, 0.339960, 0.000787, 0.000000, lapack_dtpmqrt
State, th10, TASK, 0.339963, 0.340731, 0.000768, 0.000000, lapack_dtpmqrt
State, th10, TASK, 0.340734, 0.341490, 0.000755, 0.000000, lapack_dtpmqrt
State, th10, TASK, 0.341499, 0.341893, 0.000395, 0.000000, lapack_dgeqrt
State, th10, TASK, 0.341902, 0.342335, 0.000432, 0.000000, lapack_dlarfb
State, th10, TASK, 0.342338, 0.342748, 0.000410, 0.000000, lapack_dlarfb
State, th10, TASK, 0.342751, 0.343168, 0.000417, 0.000000, lapack_dlarfb
State, th10, TASK, 0.343173, 0.343588, 0.000414, 0.000000, lapack_dlarfb
State, th10, TASK, 0.343692, 0.344466, 0.000774, 0.000000, lapack_dtpmqrt
State, th10, TASK, 0.344469, 0.345237, 0.000768, 0.000000, lapack_dtpmqrt
State, th10, TASK, 0.345242, 0.346001, 0.000760, 0.000000, lapack_dtpmqrt
State, th10, TASK, 0.346005, 0.346766, 0.000762, 0.000000, lapack_dtpmqrt
State, th10, TASK, 0.346770, 0.347535, 0.000765, 0.000000, lapack_dtpmqrt
State, th10, TASK, 0.347538, 0.348288, 0.000750, 0.000000, lapack_dtpmqrt
State, th10, TASK, 0.348292, 0.349043, 0.000752, 0.000000, lapack_dtpmqrt
State, th10, TASK, 0.349047, 0.349793, 0.000746, 0.000000, lapack_dtpmqrt
State, th10, TASK, 0.349797, 0.350539, 0.000742, 0.000000, lapack_dtpmqrt
State, th10, TASK, 0.350542, 0.351307, 0.000765, 0.000000, lapack_dtpmqrt
State, th10, TASK, 0.351315, 0.352085, 0.000771, 0.000000, lapack_dtpmqrt
State, th10, TASK, 0.352088, 0.352876, 0.000788, 0.000000, lapack_dtpmqrt
State, th10, TASK, 0.352880, 0.353664, 0.000784, 0.000000, lapack_dtpmqrt
State, th10, TASK, 0.353875, 0.354327, 0.000452, 0.000000, lapack_dlarfb
State, th10, TASK, 0.354332, 0.354761, 0.000430, 0.000000, lapack_dlarfb
State, th10, TASK, 0.354765, 0.355202, 0.000436, 0.000000, lapack_dlarfb
State, th10, TASK, 0.355212, 0.355757, 0.000545, 0.000000, lapack_dtpqrt
State, th10, TASK, 0.355770, 0.356551, 0.000781, 0.000000, lapack_dtpmqrt
State, th10, TASK, 0.356555, 0.357325, 0.000770, 0.000000, lapack_dtpmqrt
State, th10, TASK, 0.357328, 0.358097, 0.000769, 0.000000, lapack_dtpmqrt
State, th10, TASK, 0.358100, 0.358864, 0.000764, 0.000000, lapack_dtpmqrt
State, th10, TASK, 0.358868, 0.359634, 0.000766, 0.000000, lapack_dtpmqrt
State, th10, TASK, 0.359692, 0.360441, 0.000749, 0.000000, lapack_dtpmqrt
State, th10, TASK, 0.361043, 0.361833, 0.000789, 0.000000, lapack_dtpmqrt
State, th10, TASK, 0.361836, 0.362609, 0.000773, 0.000000, lapack_dtpmqrt
State, th10, TASK, 0.362633, 0.363399, 0.000765, 0.000000, lapack_dtpmqrt
State, th10, TASK, 0.363402, 0.364162, 0.000761, 0.000000, lapack_dtpmqrt
State, th10, TASK, 0.364196, 0.364967, 0.000771, 0.000000, lapack_dtpmqrt
State, th10, TASK, 0.365562, 0.366325, 0.000763, 0.000000, lapack_dtpmqrt
State, th10, TASK, 0.366329, 0.367088, 0.000759, 0.000000, lapack_dtpmqrt
State, th10, TASK, 0.367091, 0.367840, 0.000749, 0.000000, lapack_dtpmqrt
State, th10, TASK, 0.368089, 0.368633, 0.000544, 0.000000, lapack_dtpqrt
State, th10, TASK, 0.368639, 0.369389, 0.000750, 0.000000, lapack_dtpmqrt
State, th10, TASK, 0.369409, 0.370157, 0.000749, 0.000000, lapack_dtpmqrt
State, th10, TASK, 0.370290, 0.371063, 0.000773, 0.000000, lapack_dtpmqrt
State, th10, TASK, 0.371238, 0.371987, 0.000749, 0.000000, lapack_dtpmqrt
State, th10, TASK, 0.372190, 0.372963, 0.000773, 0.000000, lapack_dtpmqrt
State, th10, TASK, 0.374421, 0.375205, 0.000784, 0.000000, lapack_dtpmqrt
State, th1, TASK, 0.012306, 0.012946, 0.000640, 0.000000, lapack_dlarfb
State, th1, TASK, 0.012949, 0.013382, 0.000433, 0.000000, lapack_dlarfb
State, th1, TASK, 0.014061, 0.015182, 0.001121, 0.000000, lapack_dtpmqrt
State, th1, TASK, 0.015186, 0.016056, 0.000870, 0.000000, lapack_dtpmqrt
State, th1, TASK, 0.016132, 0.016722, 0.000591, 0.000000, lapack_dgeqrt
State, th1, TASK, 0.016737, 0.017153, 0.000416, 0.000000, lapack_dlarfb
State, th1, TASK, 0.017155, 0.017570, 0.000414, 0.000000, lapack_dlarfb
State, th1, TASK, 0.017573, 0.017991, 0.000418, 0.000000, lapack_dlarfb
State, th1, TASK, 0.017994, 0.018405, 0.000411, 0.000000, lapack_dlarfb
State, th1, TASK, 0.018409, 0.018817, 0.000408, 0.000000, lapack_dlarfb
State, th1, TASK, 0.018820, 0.019243, 0.000423, 0.000000, lapack_dlarfb
State, th1, TASK, 0.019407, 0.020461, 0.001054, 0.000000, lapack_dtpqrt
State, th1, TASK, 0.020475, 0.021252, 0.000777, 0.000000, lapack_dtpmqrt
State, th1, TASK, 0.021255, 0.022006, 0.000751, 0.000000, lapack_dtpmqrt
State, th1, TASK, 0.022010, 0.022788, 0.000778, 0.000000, lapack_dtpmqrt
State, th1, TASK, 0.022791, 0.023544, 0.000754, 0.000000, lapack_dtpmqrt
State, th1, TASK, 0.023548, 0.024298, 0.000750, 0.000000, lapack_dtpmqrt
State, th1, TASK, 0.024302, 0.024734, 0.000432, 0.000000, lapack_dlarfb
State, th1, TASK, 0.024739, 0.025490, 0.000751, 0.000000, lapack_dtpmqrt
State, th1, TASK, 0.025493, 0.026239, 0.000746, 0.000000, lapack_dtpmqrt
State, th1, TASK, 0.026242, 0.027002, 0.000759, 0.000000, lapack_dtpmqrt
State, th1, TASK, 0.027005, 0.027746, 0.000741, 0.000000, lapack_dtpmqrt
State, th1, TASK, 0.027750, 0.028489, 0.000738, 0.000000, lapack_dtpmqrt
State, th1, TASK, 0.028493, 0.029027, 0.000533, 0.000000, lapack_dtpqrt
State, th1, TASK, 0.029036, 0.029775, 0.000739, 0.000000, lapack_dtpmqrt
State, th1, TASK, 0.029778, 0.030311, 0.000534, 0.000000, lapack_dtpqrt
State, th1, TASK, 0.030322, 0.031078, 0.000756, 0.000000, lapack_dtpmqrt
State, th1, TASK, 0.031081, 0.031835, 0.000753, 0.000000, lapack_dtpmqrt
State, th1, TASK, 0.031838, 0.032598, 0.000759, 0.000000, lapack_dtpmqrt
State, th1, TASK, 0.032601, 0.033359, 0.000758, 0.000000, lapack_dtpmqrt
State, th1, TASK, 0.033362, 0.034121, 0.000759, 0.000000, lapack_dtpmqrt
State, th1, TASK, 0.034125, 0.034896, 0.000771, 0.000000, lapack_dtpmqrt
State, th1, TASK, 0.034899, 0.035656, 0.000756, 0.000000, lapack_dtpmqrt
State, th1, TASK, 0.035660, 0.036421, 0.000761, 0.000000, lapack_dtpmqrt
State, th1, TASK, 0.036424, 0.037190, 0.000765, 0.000000, lapack_dtpmqrt
State, th1, TASK, 0.037193, 0.037954, 0.000760, 0.000000, lapack_dtpmqrt
State, th1, TASK, 0.037957, 0.038720, 0.000763, 0.000000, lapack_dtpmqrt
State, th1, TASK, 0.038724, 0.039493, 0.000769, 0.000000, lapack_dtpmqrt
State, th1, TASK, 0.039497, 0.040265, 0.000768, 0.000000, lapack_dtpmqrt
State, th1, TASK, 0.040268, 0.041023, 0.000754, 0.000000, lapack_dtpmqrt
State, th1, TASK, 0.041026, 0.041786, 0.000760, 0.000000, lapack_dtpmqrt
State, th1, TASK, 0.041790, 0.042543, 0.000753, 0.000000, lapack_dtpmqrt
State, th1, TASK, 0.042547, 0.043325, 0.000779, 0.000000, lapack_dtpmqrt
State, th1, TASK, 0.043329, 0.044085, 0.000757, 0.000000, lapack_dtpmqrt
State, th1, TASK, 0.044088, 0.044847, 0.000759, 0.000000, lapack_dtpmqrt
State, th1, TASK, 0.044851, 0.045601, 0.000751, 0.000000, lapack_dtpmqrt
State, th1, TASK, 0.045605, 0.046361, 0.000756, 0.000000, lapack_dtpmqrt
State, th1, TASK, 0.046364, 0.047128, 0.000764, 0.000000, lapack_dtpmqrt
State, th1, TASK, 0.047131, 0.047886, 0.000755, 0.000000, lapack_dtpmqrt
State, th1, TASK, 0.047890, 0.048649, 0.000759, 0.000000, lapack_dtpmqrt
State, th1, TASK, 0.048652, 0.049408, 0.000756, 0.000000, lapack_dtpmqrt
State, th1, TASK, 0.049411, 0.050171, 0.000760, 0.000000, lapack_dtpmqrt
State, th1, TASK, 0.050175, 0.050954, 0.000779, 0.000000, lapack_dtpmqrt
State, th1, TASK, 0.050959, 0.051727, 0.000767, 0.000000, lapack_dtpmqrt
State, th1, TASK, 0.051730, 0.052495, 0.000765, 0.000000, lapack_dtpmqrt
State, th1, TASK, 0.052498, 0.053262, 0.000764, 0.000000, lapack_dtpmqrt
State, th1, TASK, 0.053266, 0.054049, 0.000783, 0.000000, lapack_dtpmqrt
State, th1, TASK, 0.054052, 0.054808, 0.000756, 0.000000, lapack_dtpmqrt
State, th1, TASK, 0.054812, 0.055573, 0.000761, 0.000000, lapack_dtpmqrt
State, th1, TASK, 0.055577, 0.056325, 0.000748, 0.000000, lapack_dtpmqrt
State, th1, TASK, 0.056330, 0.057379, 0.001048, 0.000000, lapack_dtpqrt
State, th1, TASK, 0.057390, 0.058145, 0.000755, 0.000000, lapack_dtpmqrt
State, th1, TASK, 0.058148, 0.058672, 0.000524, 0.000000, lapack_dtpqrt
State, th1, TASK, 0.058686, 0.059454, 0.000768, 0.000000, lapack_dtpmqrt
State, th1, TASK, 0.059458, 0.060234, 0.000776, 0.000000, lapack_dtpmqrt
State, th1, TASK, 0.060238, 0.061018, 0.000780, 0.000000, lapack_dtpmqrt
State, th1, TASK, 0.061021, 0.061802, 0.000781, 0.000000, lapack_dtpmqrt
State, th1, TASK, 0.061806, 0.062572, 0.000767, 0.000000, lapack_dtpmqrt
State, th1, TASK, 0.062576, 0.063361, 0.000785, 0.000000, lapack_dtpmqrt
State, th1, TASK, 0.063365, 0.064144, 0.000779, 0.000000, lapack_dtpmqrt
State, th1, TASK, 0.064148, 0.064911, 0.000763, 0.000000, lapack_dtpmqrt
State, th1, TASK, 0.064914, 0.065673, 0.000758, 0.000000, lapack_dtpmqrt
State, th1, TASK, 0.065676, 0.066438, 0.000762, 0.000000, lapack_dtpmqrt
State, th1, TASK, 0.066442, 0.067222, 0.000780, 0.000000, lapack_dtpmqrt
State, th1, TASK, 0.067225, 0.067978, 0.000753, 0.000000, lapack_dtpmqrt
State, th1, TASK, 0.067981, 0.068739, 0.000758, 0.000000, lapack_dtpmqrt
State, th1, TASK, 0.068743, 0.069505, 0.000762, 0.000000, lapack_dtpmqrt
State, th1, TASK, 0.069509, 0.070255, 0.000746, 0.000000, lapack_dtpmqrt
State, th1, TASK, 0.070258, 0.071014, 0.000756, 0.000000, lapack_dtpmqrt
State, th1, TASK, 0.071018, 0.071764, 0.000747, 0.000000, lapack_dtpmqrt
State, th1, TASK, 0.071768, 0.072513, 0.000745, 0.000000, lapack_dtpmqrt
State, th1, TASK, 0.072517, 0.073262, 0.000745, 0.000000, lapack_dtpmqrt
State, th1, TASK, 0.073266, 0.074031, 0.000766, 0.000000, lapack_dtpmqrt
State, th1, TASK, 0.074035, 0.074466, 0.000430, 0.000000, lapack_dlarfb
State, th1, TASK, 0.074472, 0.075250, 0.000777, 0.000000, lapack_dtpmqrt
State, th1, TASK, 0.075253, 0.076008, 0.000754, 0.000000, lapack_dtpmqrt
State, th1, TASK, 0.076011, 0.076763, 0.000752, 0.000000, lapack_dtpmqrt
State, th1, TASK, 0.076767, 0.077520, 0.000753, 0.000000, lapack_dtpmqrt
State, th1, TASK, 0.077525, 0.078278, 0.000754, 0.000000, lapack_dtpmqrt
State, th1, TASK, 0.078283, 0.079045, 0.000762, 0.000000, lapack_dtpmqrt
State, th1, TASK, 0.079048, 0.079791, 0.000743, 0.000000, lapack_dtpmqrt
State, th1, TASK, 0.079795, 0.080536, 0.000741, 0.000000, lapack_dtpmqrt
State, th1, TASK, 0.080539, 0.081285, 0.000746, 0.000000, lapack_dtpmqrt
State, th1, TASK, 0.081290, 0.081855, 0.000565, 0.000000, lapack_dtpqrt
State, th1, TASK, 0.081869, 0.082638, 0.000769, 0.000000, lapack_dtpmqrt
State, th1, TASK, 0.082642, 0.083195, 0.000553, 0.000000, lapack_dtpqrt
State, th1, TASK, 0.083205, 0.083982, 0.000777, 0.000000, lapack_dtpmqrt
State, th1, TASK, 0.083987, 0.084762, 0.000776, 0.000000, lapack_dtpmqrt
State, th1, TASK, 0.084766, 0.085531, 0.000765, 0.000000, lapack_dtpmqrt
State, th1, TASK, 0.085535, 0.086308, 0.000772, 0.000000, lapack_dtpmqrt
State, th1, TASK, 0.086311, 0.087098, 0.000787, 0.000000, lapack_dtpmqrt
State, th1, TASK, 0.087103, 0.087876, 0.000773, 0.000000, lapack_dtpmqrt
State, th1, TASK, 0.087880, 0.088661, 0.000782, 0.000000, lapack_dtpmqrt
State, th1, TASK, 0.088664, 0.089414, 0.000750, 0.000000, lapack_dtpmqrt
State, th1, TASK, 0.089418, 0.090158, 0.000741, 0.000000, lapack_dtpmqrt
State, th1, TASK, 0.090162, 0.090916, 0.000754, 0.000000, lapack_dtpmqrt
State, th1, TASK, 0.090919, 0.091670, 0.000751, 0.000000, lapack_dtpmqrt
State, th1, TASK, 0.091674, 0.092419, 0.000746, 0.000000, lapack_dtpmqrt
State, th1, TASK, 0.092422, 0.093165, 0.000743, 0.000000, lapack_dtpmqrt
State, th1, TASK, 0.093168, 0.093937, 0.000769, 0.000000, lapack_dtpmqrt
State, th1, TASK, 0.093940, 0.094677, 0.000737, 0.000000, lapack_dtpmqrt
State, th1, TASK, 0.094681, 0.095423, 0.000743, 0.000000, lapack_dtpmqrt
State, th1, TASK, 0.095427, 0.096160, 0.000733, 0.000000, lapack_dtpmqrt
State, th1, TASK, 0.096164, 0.096910, 0.000746, 0.000000, lapack_dtpmqrt
State, th1, TASK, 0.096914, 0.097657, 0.000744, 0.000000, lapack_dtpmqrt
State, th1, TASK, 0.097661, 0.098403, 0.000741, 0.000000, lapack_dtpmqrt
State, th1, TASK, 0.098406, 0.099151, 0.000745, 0.000000, lapack_dtpmqrt
State, th1, TASK, 0.099155, 0.099902, 0.000747, 0.000000, lapack_dtpmqrt
State, th1, TASK, 0.099905, 0.100675, 0.000769, 0.000000, lapack_dtpmqrt
State, th1, TASK, 0.100678, 0.101415, 0.000737, 0.000000, lapack_dtpmqrt
State, th1, TASK, 0.101418, 0.102159, 0.000741, 0.000000, lapack_dtpmqrt
State, th1, TASK, 0.102162, 0.102906, 0.000744, 0.000000, lapack_dtpmqrt
State, th1, TASK, 0.102909, 0.103650, 0.000741, 0.000000, lapack_dtpmqrt
State, th1, TASK, 0.103654, 0.104424, 0.000771, 0.000000, lapack_dtpmqrt
State, th1, TASK, 0.104428, 0.105176, 0.000748, 0.000000, lapack_dtpmqrt
State, th1, TASK, 0.105180, 0.105923, 0.000743, 0.000000, lapack_dtpmqrt
State, th1, TASK, 0.105927, 0.106678, 0.000751, 0.000000, lapack_dtpmqrt
State, th1, TASK, 0.106687, 0.107446, 0.000759, 0.000000, lapack_dtpmqrt
State, th1, TASK, 0.107450, 0.108202, 0.000753, 0.000000, lapack_dtpmqrt
State, th1, TASK, 0.108206, 0.108942, 0.000736, 0.000000, lapack_dtpmqrt
State, th1, TASK, 0.108946, 0.109678, 0.000733, 0.000000, lapack_dtpmqrt
State, th1, TASK, 0.109682, 0.110418, 0.000736, 0.000000, lapack_dtpmqrt
State, th1, TASK, 0.110421, 0.111164, 0.000743, 0.000000, lapack_dtpmqrt
State, th1, TASK, 0.111167, 0.111900, 0.000733, 0.000000, lapack_dtpmqrt
State, th1, TASK, 0.111904, 0.112655, 0.000751, 0.000000, lapack_dtpmqrt
State, th1, TASK, 0.112659, 0.113412, 0.000753, 0.000000, lapack_dtpmqrt
State, th1, TASK, 0.113416, 0.114169, 0.000753, 0.000000, lapack_dtpmqrt
State, th1, TASK, 0.114172, 0.114929, 0.000757, 0.000000, lapack_dtpmqrt
State, th1, TASK, 0.114933, 0.115684, 0.000752, 0.000000, lapack_dtpmqrt
State, th1, TASK, 0.115687, 0.116437, 0.000750, 0.000000, lapack_dtpmqrt
State, th1, TASK, 0.116441, 0.117187, 0.000746, 0.000000, lapack_dtpmqrt
State, th1, TASK, 0.117190, 0.117932, 0.000742, 0.000000, lapack_dtpmqrt
State, th1, TASK, 0.117936, 0.118673, 0.000737, 0.000000, lapack_dtpmqrt
State, th1, TASK, 0.118676, 0.119428, 0.000752, 0.000000, lapack_dtpmqrt
State, th1, TASK, 0.119432, 0.120220, 0.000788, 0.000000, lapack_dtpmqrt
State, th1, TASK, 0.120224, 0.120992, 0.000768, 0.000000, lapack_dtpmqrt
State, th1, TASK, 0.120996, 0.121754, 0.000759, 0.000000, lapack_dtpmqrt
State, th1, TASK, 0.121758, 0.122517, 0.000759, 0.000000, lapack_dtpmqrt
State, th1, TASK, 0.122520, 0.123287, 0.000767, 0.000000, lapack_dtpmqrt
State, th1, TASK, 0.123291, 0.124047, 0.000756, 0.000000, lapack_dtpmqrt
State, th1, TASK, 0.124050, 0.124812, 0.000762, 0.000000, lapack_dtpmqrt
State, th1, TASK, 0.124816, 0.125563, 0.000748, 0.000000, lapack_dtpmqrt
State, th1, TASK, 0.125567, 0.126325, 0.000758, 0.000000, lapack_dtpmqrt
State, th1, TASK, 0.126329, 0.127085, 0.000756, 0.000000, lapack_dtpmqrt
State, th1, TASK, 0.127089, 0.127835, 0.000746, 0.000000, lapack_dtpmqrt
State, th1, TASK, 0.127838, 0.128588, 0.000749, 0.000000, lapack_dtpmqrt
State, th1, TASK, 0.128593, 0.129365, 0.000772, 0.000000, lapack_dtpmqrt
State, th1, TASK, 0.129369, 0.130132, 0.000764, 0.000000, lapack_dtpmqrt
State, th1, TASK, 0.130136, 0.130897, 0.000761, 0.000000, lapack_dtpmqrt
State, th1, TASK, 0.130901, 0.131663, 0.000763, 0.000000, lapack_dtpmqrt
State, th1, TASK, 0.131666, 0.132428, 0.000762, 0.000000, lapack_dtpmqrt
State, th1, TASK, 0.132432, 0.133197, 0.000765, 0.000000, lapack_dtpmqrt
State, th1, TASK, 0.133201, 0.133962, 0.000761, 0.000000, lapack_dtpmqrt
State, th1, TASK, 0.133965, 0.134743, 0.000778, 0.000000, lapack_dtpmqrt
State, th1, TASK, 0.134747, 0.135527, 0.000780, 0.000000, lapack_dtpmqrt
State, th1, TASK, 0.135531, 0.136300, 0.000770, 0.000000, lapack_dtpmqrt
State, th1, TASK, 0.136303, 0.137072, 0.000769, 0.000000, lapack_dtpmqrt
State, th1, TASK, 0.137076, 0.137843, 0.000767, 0.000000, lapack_dtpmqrt
State, th1, TASK, 0.137846, 0.138613, 0.000766, 0.000000, lapack_dtpmqrt
State, th1, TASK, 0.138616, 0.139400, 0.000783, 0.000000, lapack_dtpmqrt
State, th1, TASK, 0.139402, 0.140172, 0.000769, 0.000000, lapack_dtpmqrt
State, th1, TASK, 0.140175, 0.140950, 0.000775, 0.000000, lapack_dtpmqrt
State, th1, TASK, 0.140953, 0.141724, 0.000771, 0.000000, lapack_dtpmqrt
State, th1, TASK, 0.141728, 0.142489, 0.000762, 0.000000, lapack_dtpmqrt
State, th1, TASK, 0.142492, 0.143265, 0.000773, 0.000000, lapack_dtpmqrt
State, th1, TASK, 0.143269, 0.144043, 0.000774, 0.000000, lapack_dtpmqrt
State, th1, TASK, 0.144047, 0.144818, 0.000771, 0.000000, lapack_dtpmqrt
State, th1, TASK, 0.144822, 0.145591, 0.000768, 0.000000, lapack_dtpmqrt
State, th1, TASK, 0.145594, 0.146362, 0.000769, 0.000000, lapack_dtpmqrt
State, th1, TASK, 0.146368, 0.147145, 0.000777, 0.000000, lapack_dtpmqrt
State, th1, TASK, 0.147149, 0.147908, 0.000759, 0.000000, lapack_dtpmqrt
State, th1, TASK, 0.147912, 0.148664, 0.000752, 0.000000, lapack_dtpmqrt
State, th1, TASK, 0.148668, 0.149421, 0.000753, 0.000000, lapack_dtpmqrt
State, th1, TASK, 0.149424, 0.150176, 0.000752, 0.000000, lapack_dtpmqrt
State, th1, TASK, 0.150180, 0.150936, 0.000757, 0.000000, lapack_dtpmqrt
State, th1, TASK, 0.150939, 0.151692, 0.000752, 0.000000, lapack_dtpmqrt
State, th1, TASK, 0.151696, 0.152450, 0.000754, 0.000000, lapack_dtpmqrt
State, th1, TASK, 0.152454, 0.153204, 0.000750, 0.000000, lapack_dtpmqrt
State, th1, TASK, 0.153207, 0.153959, 0.000752, 0.000000, lapack_dtpmqrt
State, th1, TASK, 0.153963, 0.154714, 0.000751, 0.000000, lapack_dtpmqrt
State, th1, TASK, 0.154717, 0.155474, 0.000757, 0.000000, lapack_dtpmqrt
State, th1, TASK, 0.155483, 0.156234, 0.000751, 0.000000, lapack_dtpmqrt
State, th1, TASK, 0.156237, 0.156987, 0.000750, 0.000000, lapack_dtpmqrt
State, th1, TASK, 0.156991, 0.157741, 0.000750, 0.000000, lapack_dtpmqrt
State, th1, TASK, 0.157745, 0.158493, 0.000749, 0.000000, lapack_dtpmqrt
State, th1, TASK, 0.158497, 0.159255, 0.000758, 0.000000, lapack_dtpmqrt
State, th1, TASK, 0.159259, 0.160014, 0.000755, 0.000000, lapack_dtpmqrt
State, th1, TASK, 0.160017, 0.160764, 0.000747, 0.000000, lapack_dtpmqrt
State, th1, TASK, 0.160767, 0.161511, 0.000744, 0.000000, lapack_dtpmqrt
State, th1, TASK, 0.161515, 0.162338, 0.000823, 0.000000, lapack_dtpmqrt
State, th1, TASK, 0.162342, 0.163098, 0.000756, 0.000000, lapack_dtpmqrt
State, th1, TASK, 0.163101, 0.163855, 0.000753, 0.000000, lapack_dtpmqrt
State, th1, TASK, 0.163859, 0.164613, 0.000754, 0.000000, lapack_dtpmqrt
State, th1, TASK, 0.164617, 0.165375, 0.000758, 0.000000, lapack_dtpmqrt
State, th1, TASK, 0.165378, 0.166137, 0.000758, 0.000000, lapack_dtpmqrt
State, th1, TASK, 0.166140, 0.166918, 0.000778, 0.000000, lapack_dtpmqrt
State, th1, TASK, 0.166922, 0.167696, 0.000775, 0.000000, lapack_dtpmqrt
State, th1, TASK, 0.167700, 0.168468, 0.000769, 0.000000, lapack_dtpmqrt
State, th1, TASK, 0.168472, 0.169245, 0.000773, 0.000000, lapack_dtpmqrt
State, th1, TASK, 0.169249, 0.170023, 0.000774, 0.000000, lapack_dtpmqrt
State, th1, TASK, 0.170027, 0.170804, 0.000777, 0.000000, lapack_dtpmqrt
State, th1, TASK, 0.170860, 0.171626, 0.000766, 0.000000, lapack_dtpmqrt
State, th1, TASK, 0.171630, 0.172392, 0.000762, 0.000000, lapack_dtpmqrt
State, th1, TASK, 0.172396, 0.173147, 0.000751, 0.000000, lapack_dtpmqrt
State, th1, TASK, 0.173151, 0.173899, 0.000748, 0.000000, lapack_dtpmqrt
State, th1, TASK, 0.173902, 0.174650, 0.000748, 0.000000, lapack_dtpmqrt
State, th1, TASK, 0.174654, 0.175415, 0.000761, 0.000000, lapack_dtpmqrt
State, th1, TASK, 0.175418, 0.176180, 0.000762, 0.000000, lapack_dtpmqrt
State, th1, TASK, 0.176183, 0.176938, 0.000754, 0.000000, lapack_dtpmqrt
State, th1, TASK, 0.176942, 0.177701, 0.000759, 0.000000, lapack_dtpmqrt
State, th1, TASK, 0.177704, 0.178457, 0.000753, 0.000000, lapack_dtpmqrt
State, th1, TASK, 0.178460, 0.179217, 0.000757, 0.000000, lapack_dtpmqrt
State, th1, TASK, 0.179220, 0.179973, 0.000753, 0.000000, lapack_dtpmqrt
State, th1, TASK, 0.179976, 0.180730, 0.000754, 0.000000, lapack_dtpmqrt
State, th1, TASK, 0.180733, 0.181484, 0.000750, 0.000000, lapack_dtpmqrt
State, th1, TASK, 0.181487, 0.182236, 0.000748, 0.000000, lapack_dtpmqrt
State, th1, TASK, 0.182250, 0.183020, 0.000770, 0.000000, lapack_dtpmqrt
State, th1, TASK, 0.183024, 0.183780, 0.000756, 0.000000, lapack_dtpmqrt
State, th1, TASK, 0.183784, 0.184537, 0.000754, 0.000000, lapack_dtpmqrt
State, th1, TASK, 0.184541, 0.185294, 0.000753, 0.000000, lapack_dtpmqrt
State, th1, TASK, 0.185297, 0.186052, 0.000755, 0.000000, lapack_dtpmqrt
State, th1, TASK, 0.186055, 0.186808, 0.000753, 0.000000, lapack_dtpmqrt
State, th1, TASK, 0.186811, 0.187572, 0.000761, 0.000000, lapack_dtpmqrt
State, th1, TASK, 0.187575, 0.188330, 0.000755, 0.000000, lapack_dtpmqrt
State, th1, TASK, 0.188333, 0.189080, 0.000747, 0.000000, lapack_dtpmqrt
State, th1, TASK, 0.189084, 0.189837, 0.000753, 0.000000, lapack_dtpmqrt
State, th1, TASK, 0.189841, 0.190599, 0.000758, 0.000000, lapack_dtpmqrt
State, th1, TASK, 0.190628, 0.191383, 0.000756, 0.000000, lapack_dtpmqrt
State, th1, TASK, 0.191387, 0.192142, 0.000755, 0.000000, lapack_dtpmqrt
State, th1, TASK, 0.192146, 0.192900, 0.000754, 0.000000, lapack_dtpmqrt
State, th1, TASK, 0.192903, 0.193649, 0.000746, 0.000000, lapack_dtpmqrt
State, th1, TASK, 0.193653, 0.194399, 0.000746, 0.000000, lapack_dtpmqrt
State, th1, TASK, 0.194403, 0.195164, 0.000761, 0.000000, lapack_dtpmqrt
State, th1, TASK, 0.195168, 0.195926, 0.000759, 0.000000, lapack_dtpmqrt
State, th1, TASK, 0.195930, 0.196697, 0.000768, 0.000000, lapack_dtpmqrt
State, th1, TASK, 0.196701, 0.197473, 0.000773, 0.000000, lapack_dtpmqrt
State, th1, TASK, 0.197477, 0.198247, 0.000771, 0.000000, lapack_dtpmqrt
State, th1, TASK, 0.198251, 0.199030, 0.000779, 0.000000, lapack_dtpmqrt
State, th1, TASK, 0.199033, 0.199795, 0.000762, 0.000000, lapack_dtpmqrt
State, th1, TASK, 0.199799, 0.200561, 0.000762, 0.000000, lapack_dtpmqrt
State, th1, TASK, 0.200564, 0.201333, 0.000769, 0.000000, lapack_dtpmqrt
State, th1, TASK, 0.201337, 0.202105, 0.000768, 0.000000, lapack_dtpmqrt
State, th1, TASK, 0.202108, 0.202870, 0.000762, 0.000000, lapack_dtpmqrt
State, th1, TASK, 0.202879, 0.203640, 0.000762, 0.000000, lapack_dtpmqrt
State, th1, TASK, 0.203653, 0.204425, 0.000771, 0.000000, lapack_dtpmqrt
State, th1, TASK, 0.204432, 0.205193, 0.000760, 0.000000, lapack_dtpmqrt
State, th1, TASK, 0.205196, 0.205961, 0.000765, 0.000000, lapack_dtpmqrt
State, th1, TASK, 0.205965, 0.206731, 0.000766, 0.000000, lapack_dtpmqrt
State, th1, TASK, 0.206734, 0.207504, 0.000770, 0.000000, lapack_dtpmqrt
State, th1, TASK, 0.207507, 0.208271, 0.000764, 0.000000, lapack_dtpmqrt
State, th1, TASK, 0.208275, 0.209040, 0.000766, 0.000000, lapack_dtpmqrt
State, th1, TASK, 0.209044, 0.209809, 0.000765, 0.000000, lapack_dtpmqrt
State, th1, TASK, 0.209812, 0.210578, 0.000766, 0.000000, lapack_dtpmqrt
State, th1, TASK, 0.210581, 0.211352, 0.000771, 0.000000, lapack_dtpmqrt
State, th1, TASK, 0.211355, 0.212110, 0.000755, 0.000000, lapack_dtpmqrt
State, th1, TASK, 0.212113, 0.212869, 0.000756, 0.000000, lapack_dtpmqrt
State, th1, TASK, 0.212872, 0.213628, 0.000757, 0.000000, lapack_dtpmqrt
State, th1, TASK, 0.213632, 0.214391, 0.000759, 0.000000, lapack_dtpmqrt
State, th1, TASK, 0.214394, 0.215166, 0.000771, 0.000000, lapack_dtpmqrt
State, th1, TASK, 0.215169, 0.215941, 0.000771, 0.000000, lapack_dtpmqrt
State, th1, TASK, 0.216040, 0.216806, 0.000766, 0.000000, lapack_dtpmqrt
State, th1, TASK, 0.216809, 0.217573, 0.000764, 0.000000, lapack_dtpmqrt
State, th1, TASK, 0.217577, 0.218341, 0.000765, 0.000000, lapack_dtpmqrt
State, th1, TASK, 0.218345, 0.219106, 0.000761, 0.000000, lapack_dtpmqrt
State, th1, TASK, 0.219109, 0.219869, 0.000760, 0.000000, lapack_dtpmqrt
State, th1, TASK, 0.219876, 0.220640, 0.000764, 0.000000, lapack_dtpmqrt
State, th1, TASK, 0.220644, 0.221403, 0.000759, 0.000000, lapack_dtpmqrt
State, th1, TASK, 0.221406, 0.222167, 0.000761, 0.000000, lapack_dtpmqrt
State, th1, TASK, 0.222170, 0.222938, 0.000768, 0.000000, lapack_dtpmqrt
State, th1, TASK, 0.222942, 0.223703, 0.000762, 0.000000, lapack_dtpmqrt
State, th1, TASK, 0.223706, 0.224467, 0.000761, 0.000000, lapack_dtpmqrt
State, th1, TASK, 0.224471, 0.225231, 0.000760, 0.000000, lapack_dtpmqrt
State, th1, TASK, 0.225234, 0.225999, 0.000765, 0.000000, lapack_dtpmqrt
State, th1, TASK, 0.226003, 0.226770, 0.000767, 0.000000, lapack_dtpmqrt
State, th1, TASK, 0.226774, 0.227545, 0.000771, 0.000000, lapack_dtpmqrt
State, th1, TASK, 0.227549, 0.228309, 0.000761, 0.000000, lapack_dtpmqrt
State, th1, TASK, 0.228313, 0.229073, 0.000759, 0.000000, lapack_dtpmqrt
State, th1, TASK, 0.229076, 0.229834, 0.000758, 0.000000, lapack_dtpmqrt
State, th1, TASK, 0.229838, 0.230605, 0.000767, 0.000000, lapack_dtpmqrt
State, th1, TASK, 0.230609, 0.231384, 0.000775, 0.000000, lapack_dtpmqrt
State, th1, TASK, 0.231388, 0.232163, 0.000776, 0.000000, lapack_dtpmqrt
State, th1, TASK, 0.232167, 0.232943, 0.000775, 0.000000, lapack_dtpmqrt
State, th1, TASK, 0.232946, 0.233704, 0.000757, 0.000000, lapack_dtpmqrt
State, th1, TASK, 0.233707, 0.234464, 0.000757, 0.000000, lapack_dtpmqrt
State, th1, TASK, 0.234468, 0.235245, 0.000777, 0.000000, lapack_dtpmqrt
State, th1, TASK, 0.235455, 0.236206, 0.000751, 0.000000, lapack_dtpmqrt
State, th1, TASK, 0.236210, 0.236960, 0.000750, 0.000000, lapack_dtpmqrt
State, th1, TASK, 0.236963, 0.237717, 0.000754, 0.000000, lapack_dtpmqrt
State, th1, TASK, 0.237721, 0.238472, 0.000751, 0.000000, lapack_dtpmqrt
State, th1, TASK, 0.238476, 0.239249, 0.000773, 0.000000, lapack_dtpmqrt
State, th1, TASK, 0.239253, 0.240011, 0.000758, 0.000000, lapack_dtpmqrt
State, th1, TASK, 0.240014, 0.240781, 0.000767, 0.000000, lapack_dtpmqrt
State, th1, TASK, 0.240785, 0.241551, 0.000766, 0.000000, lapack_dtpmqrt
State, th1, TASK, 0.241554, 0.242311, 0.000757, 0.000000, lapack_dtpmqrt
State, th1, TASK, 0.242315, 0.243083, 0.000768, 0.000000, lapack_dtpmqrt
State, th1, TASK, 0.243087, 0.243850, 0.000764, 0.000000, lapack_dtpmqrt
State, th1, TASK, 0.243854, 0.244604, 0.000750, 0.000000, lapack_dtpmqrt
State, th1, TASK, 0.244607, 0.245363, 0.000755, 0.000000, lapack_dtpmqrt
State, th1, TASK, 0.245366, 0.246113, 0.000747, 0.000000, lapack_dtpmqrt
State, th1, TASK, 0.246117, 0.246861, 0.000745, 0.000000, lapack_dtpmqrt
State, th1, TASK, 0.246865, 0.247622, 0.000757, 0.000000, lapack_dtpmqrt
State, th1, TASK, 0.247626, 0.248384, 0.000757, 0.000000, lapack_dtpmqrt
State, th1, TASK, 0.248387, 0.249135, 0.000748, 0.000000, lapack_dtpmqrt
State, th1, TASK, 0.249138, 0.249893, 0.000756, 0.000000, lapack_dtpmqrt
State, th1, TASK, 0.249897, 0.250646, 0.000750, 0.000000, lapack_dtpmqrt
State, th1, TASK, 0.250650, 0.251403, 0.000753, 0.000000, lapack_dtpmqrt
State, th1, TASK, 0.251407, 0.252161, 0.000754, 0.000000, lapack_dtpmqrt
State, th1, TASK, 0.252164, 0.252928, 0.000764, 0.000000, lapack_dtpmqrt
State, th1, TASK, 0.252931, 0.253689, 0.000757, 0.000000, lapack_dtpmqrt
State, th1, TASK, 0.253701, 0.254459, 0.000758, 0.000000, lapack_dtpmqrt
State, th1, TASK, 0.254462, 0.255222, 0.000760, 0.000000, lapack_dtpmqrt
State, th1, TASK, 0.255230, 0.255998, 0.000768, 0.000000, lapack_dtpmqrt
State, th1, TASK, 0.256001, 0.256760, 0.000759, 0.000000, lapack_dtpmqrt
State, th1, TASK, 0.256764, 0.257527, 0.000763, 0.000000, lapack_dtpmqrt
State, th1, TASK, 0.257530, 0.258291, 0.000761, 0.000000, lapack_dtpmqrt
State, th1, TASK, 0.258293, 0.259049, 0.000755, 0.000000, lapack_dtpmqrt
State, th1, TASK, 0.259052, 0.259812, 0.000760, 0.000000, lapack_dtpmqrt
State, th1, TASK, 0.259815, 0.260581, 0.000766, 0.000000, lapack_dtpmqrt
State, th1, TASK, 0.260584, 0.261336, 0.000752, 0.000000, lapack_dtpmqrt
State, th1, TASK, 0.261339, 0.262091, 0.000751, 0.000000, lapack_dtpmqrt
State, th1, TASK, 0.262094, 0.262844, 0.000750, 0.000000, lapack_dtpmqrt
State, th1, TASK, 0.262847, 0.263611, 0.000764, 0.000000, lapack_dtpmqrt
State, th1, TASK, 0.263615, 0.264377, 0.000762, 0.000000, lapack_dtpmqrt
State, th1, TASK, 0.264380, 0.265145, 0.000764, 0.000000, lapack_dtpmqrt
State, th1, TASK, 0.265319, 0.266071, 0.000752, 0.000000, lapack_dtpmqrt
State, th1, TASK, 0.266074, 0.266821, 0.000746, 0.000000, lapack_dtpmqrt
State, th1, TASK, 0.266824, 0.267578, 0.000754, 0.000000, lapack_dtpmqrt
State, th1, TASK, 0.267582, 0.268327, 0.000745, 0.000000, lapack_dtpmqrt
State, th1, TASK, 0.268330, 0.269074, 0.000744, 0.000000, lapack_dtpmqrt
State, th1, TASK, 0.269078, 0.269823, 0.000746, 0.000000, lapack_dtpmqrt
State, th1, TASK, 0.269826, 0.270577, 0.000751, 0.000000, lapack_dtpmqrt
State, th1, TASK, 0.270581, 0.271338, 0.000757, 0.000000, lapack_dtpmqrt
State, th1, TASK, 0.271342, 0.272098, 0.000756, 0.000000, lapack_dtpmqrt
State, th1, TASK, 0.272108, 0.272869, 0.000760, 0.000000, lapack_dtpmqrt
State, th1, TASK, 0.272872, 0.273618, 0.000746, 0.000000, lapack_dtpmqrt
State, th1, TASK, 0.273622, 0.274370, 0.000748, 0.000000, lapack_dtpmqrt
State, th1, TASK, 0.274373, 0.275122, 0.000749, 0.000000, lapack_dtpmqrt
State, th1, TASK, 0.275125, 0.275872, 0.000747, 0.000000, lapack_dtpmqrt
State, th1, TASK, 0.275875, 0.276622, 0.000746, 0.000000, lapack_dtpmqrt
State, th1, TASK, 0.276625, 0.277371, 0.000746, 0.000000, lapack_dtpmqrt
State, th1, TASK, 0.277375, 0.278118, 0.000743, 0.000000, lapack_dtpmqrt
State, th1, TASK, 0.278230, 0.278789, 0.000559, 0.000000, lapack_dtpqrt
State, th1, TASK, 0.278804, 0.279563, 0.000760, 0.000000, lapack_dtpmqrt
State, th1, TASK, 0.279568, 0.280317, 0.000749, 0.000000, lapack_dtpmqrt
State, th1, TASK, 0.280320, 0.281067, 0.000746, 0.000000, lapack_dtpmqrt
State, th1, TASK, 0.281070, 0.281820, 0.000749, 0.000000, lapack_dtpmqrt
State, th1, TASK, 0.281823, 0.282577, 0.000754, 0.000000, lapack_dtpmqrt
State, th1, TASK, 0.282580, 0.283336, 0.000756, 0.000000, lapack_dtpmqrt
State, th1, TASK, 0.283340, 0.284093, 0.000753, 0.000000, lapack_dtpmqrt
State, th1, TASK, 0.284096, 0.284844, 0.000748, 0.000000, lapack_dtpmqrt
State, th1, TASK, 0.284847, 0.285598, 0.000751, 0.000000, lapack_dtpmqrt
State, th1, TASK, 0.285602, 0.286365, 0.000764, 0.000000, lapack_dtpmqrt
State, th1, TASK, 0.286368, 0.287142, 0.000774, 0.000000, lapack_dtpmqrt
State, th1, TASK, 0.287146, 0.287927, 0.000781, 0.000000, lapack_dtpmqrt
State, th1, TASK, 0.287930, 0.288704, 0.000774, 0.000000, lapack_dtpmqrt
State, th1, TASK, 0.288708, 0.289466, 0.000758, 0.000000, lapack_dtpmqrt
State, th1, TASK, 0.289469, 0.290233, 0.000764, 0.000000, lapack_dtpmqrt
State, th1, TASK, 0.290490, 0.291289, 0.000799, 0.000000, lapack_dtpmqrt
State, th1, TASK, 0.291293, 0.292092, 0.000799, 0.000000, lapack_dtpmqrt
State, th1, TASK, 0.292096, 0.292880, 0.000784, 0.000000, lapack_dtpmqrt
State, th1, TASK, 0.292883, 0.293660, 0.000777, 0.000000, lapack_dtpmqrt
State, th1, TASK, 0.293664, 0.294442, 0.000778, 0.000000, lapack_dtpmqrt
State, th1, TASK, 0.294445, 0.295228, 0.000783, 0.000000, lapack_dtpmqrt
State, th1, TASK, 0.295232, 0.296019, 0.000787, 0.000000, lapack_dtpmqrt
State, th1, TASK, 0.296022, 0.296800, 0.000777, 0.000000, lapack_dtpmqrt
State, th1, TASK, 0.296804, 0.297584, 0.000780, 0.000000, lapack_dtpmqrt
State, th1, TASK, 0.297587, 0.298370, 0.000783, 0.000000, lapack_dtpmqrt
State, th1, TASK, 0.298374, 0.299156, 0.000783, 0.000000, lapack_dtpmqrt
State, th1, TASK, 0.299160, 0.299940, 0.000780, 0.000000, lapack_dtpmqrt
State, th1, TASK, 0.299958, 0.300730, 0.000772, 0.000000, lapack_dtpmqrt
State, th1, TASK, 0.300740, 0.301166, 0.000427, 0.000000, lapack_dlarfb
State, th1, TASK, 0.301170, 0.301594, 0.000423, 0.000000, lapack_dlarfb
State, th1, TASK, 0.301850, 0.302401, 0.000551, 0.000000, lapack_dtpqrt
State, th1, TASK, 0.302422, 0.303199, 0.000777, 0.000000, lapack_dtpmqrt
State, th1, TASK, 0.303202, 0.303975, 0.000772, 0.000000, lapack_dtpmqrt
State, th1, TASK, 0.303978, 0.304734, 0.000756, 0.000000, lapack_dtpmqrt
State, th1, TASK, 0.304738, 0.305485, 0.000747, 0.000000, lapack_dtpmqrt
State, th1, TASK, 0.305488, 0.306236, 0.000747, 0.000000, lapack_dtpmqrt
State, th1, TASK, 0.306239, 0.306996, 0.000757, 0.000000, lapack_dtpmqrt
State, th1, TASK, 0.307000, 0.307753, 0.000753, 0.000000, lapack_dtpmqrt
State, th1, TASK, 0.307756, 0.308507, 0.000751, 0.000000, lapack_dtpmqrt
State, th1, TASK, 0.308510, 0.309263, 0.000753, 0.000000, lapack_dtpmqrt
State, th1, TASK, 0.309266, 0.310027, 0.000761, 0.000000, lapack_dtpmqrt
State, th1, TASK, 0.310030, 0.310797, 0.000767, 0.000000, lapack_dtpmqrt
State, th1, TASK, 0.310801, 0.311555, 0.000754, 0.000000, lapack_dtpmqrt
State, th1, TASK, 0.311558, 0.312310, 0.000752, 0.000000, lapack_dtpmqrt
State, th1, TASK, 0.312314, 0.313088, 0.000774, 0.000000, lapack_dtpmqrt
State, th1, TASK, 0.313091, 0.313872, 0.000781, 0.000000, lapack_dtpmqrt
State, th1, TASK, 0.313876, 0.314652, 0.000776, 0.000000, lapack_dtpmqrt
State, th1, TASK, 0.314656, 0.315426, 0.000770, 0.000000, lapack_dtpmqrt
State, th1, TASK, 0.315438, 0.316206, 0.000768, 0.000000, lapack_dtpmqrt
State, th1, TASK, 0.316211, 0.316964, 0.000754, 0.000000, lapack_dtpmqrt
State, th1, TASK, 0.316968, 0.317722, 0.000754, 0.000000, lapack_dtpmqrt
State, th1, TASK, 0.317725, 0.318478, 0.000753, 0.000000, lapack_dtpmqrt
State, th1, TASK, 0.318482, 0.319243, 0.000761, 0.000000, lapack_dtpmqrt
State, th1, TASK, 0.319246, 0.319999, 0.000753, 0.000000, lapack_dtpmqrt
State, th1, TASK, 0.320003, 0.320750, 0.000748, 0.000000, lapack_dtpmqrt
State, th1, TASK, 0.320754, 0.321511, 0.000757, 0.000000, lapack_dtpmqrt
State, th1, TASK, 0.321514, 0.322274, 0.000761, 0.000000, lapack_dtpmqrt
State, th1, TASK, 0.322278, 0.323032, 0.000755, 0.000000, lapack_dtpmqrt
State, th1, TASK, 0.323074, 0.323821, 0.000746, 0.000000, lapack_dtpmqrt
State, th1, TASK, 0.323825, 0.324365, 0.000540, 0.000000, lapack_dtpqrt
State, th1, TASK, 0.324372, 0.324910, 0.000539, 0.000000, lapack_dtpqrt
State, th1, TASK, 0.324919, 0.325453, 0.000535, 0.000000, lapack_dtpqrt
State, th1, TASK, 0.325460, 0.326003, 0.000543, 0.000000, lapack_dtpqrt
State, th1, TASK, 0.326010, 0.326541, 0.000530, 0.000000, lapack_dtpqrt
State, th1, TASK, 0.326548, 0.327092, 0.000544, 0.000000, lapack_dtpqrt
State, th1, TASK, 0.327099, 0.327634, 0.000535, 0.000000, lapack_dtpqrt
State, th1, TASK, 0.327641, 0.328181, 0.000540, 0.000000, lapack_dtpqrt
State, th1, TASK, 0.328187, 0.328728, 0.000540, 0.000000, lapack_dtpqrt
State, th1, TASK, 0.328735, 0.329275, 0.000540, 0.000000, lapack_dtpqrt
State, th1, TASK, 0.329282, 0.329828, 0.000546, 0.000000, lapack_dtpqrt
State, th1, TASK, 0.329835, 0.330379, 0.000544, 0.000000, lapack_dtpqrt
State, th1, TASK, 0.330885, 0.331637, 0.000751, 0.000000, lapack_dtpmqrt
State, th1, TASK, 0.331640, 0.332382, 0.000742, 0.000000, lapack_dtpmqrt
State, th1, TASK, 0.332385, 0.333125, 0.000740, 0.000000, lapack_dtpmqrt
State, th1, TASK, 0.333128, 0.333871, 0.000742, 0.000000, lapack_dtpmqrt
State, th1, TASK, 0.333874, 0.334616, 0.000742, 0.000000, lapack_dtpmqrt
State, th1, TASK, 0.334619, 0.335372, 0.000753, 0.000000, lapack_dtpmqrt
State, th1, TASK, 0.335376, 0.336125, 0.000749, 0.000000, lapack_dtpmqrt
State, th1, TASK, 0.336129, 0.336875, 0.000747, 0.000000, lapack_dtpmqrt
State, th1, TASK, 0.336879, 0.337623, 0.000744, 0.000000, lapack_dtpmqrt
State, th1, TASK, 0.337626, 0.338374, 0.000748, 0.000000, lapack_dtpmqrt
State, th1, TASK, 0.338614, 0.339411, 0.000798, 0.000000, lapack_dtpmqrt
State, th1, TASK, 0.339415, 0.340205, 0.000790, 0.000000, lapack_dtpmqrt
State, th1, TASK, 0.340209, 0.340998, 0.000789, 0.000000, lapack_dtpmqrt
State, th1, TASK, 0.341001, 0.341780, 0.000779, 0.000000, lapack_dtpmqrt
State, th1, TASK, 0.341784, 0.342552, 0.000769, 0.000000, lapack_dtpmqrt
State, th1, TASK, 0.342556, 0.343317, 0.000761, 0.000000, lapack_dtpmqrt
State, th1, TASK, 0.343379, 0.343924, 0.000545, 0.000000, lapack_dtpqrt
State, th1, TASK, 0.344199, 0.344735, 0.000536, 0.000000, lapack_dtpqrt
State, th1, TASK, 0.344741, 0.345274, 0.000533, 0.000000, lapack_dtpqrt
State, th1, TASK, 0.345280, 0.345810, 0.000530, 0.000000, lapack_dtpqrt
State, th1, TASK, 0.345816, 0.346357, 0.000541, 0.000000, lapack_dtpqrt
State, th1, TASK, 0.346363, 0.346913, 0.000550, 0.000000, lapack_dtpqrt
State, th1, TASK, 0.346919, 0.347460, 0.000541, 0.000000, lapack_dtpqrt
State, th1, TASK, 0.347466, 0.347998, 0.000532, 0.000000, lapack_dtpqrt
State, th1, TASK, 0.348008, 0.348540, 0.000532, 0.000000, lapack_dtpqrt
State, th1, TASK, 0.348546, 0.349067, 0.000521, 0.000000, lapack_dtpqrt
State, th1, TASK, 0.349484, 0.349926, 0.000442, 0.000000, lapack_dlarfb
State, th1, TASK, 0.349931, 0.350351, 0.000420, 0.000000, lapack_dlarfb
State, th1, TASK, 0.350905, 0.351650, 0.000745, 0.000000, lapack_dtpmqrt
State, th1, TASK, 0.351654, 0.352395, 0.000741, 0.000000, lapack_dtpmqrt
State, th1, TASK, 0.352398, 0.353143, 0.000744, 0.000000, lapack_dtpmqrt
State, th1, TASK, 0.353146, 0.353890, 0.000744, 0.000000, lapack_dtpmqrt
State, th1, TASK, 0.353894, 0.354639, 0.000745, 0.000000, lapack_dtpmqrt
State, th1, TASK, 0.354642, 0.355394, 0.000752, 0.000000, lapack_dtpmqrt
State, th1, TASK, 0.355763, 0.356539, 0.000776, 0.000000, lapack_dtpmqrt
State, th1, TASK, 0.356543, 0.357303, 0.000760, 0.000000, lapack_dtpmqrt
State, th1, TASK, 0.357306, 0.358048, 0.000742, 0.000000, lapack_dtpmqrt
State, th1, TASK, 0.358052, 0.358798, 0.000747, 0.000000, lapack_dtpmqrt
State, th1, TASK, 0.358802, 0.359556, 0.000755, 0.000000, lapack_dtpmqrt
State, th1, TASK, 0.360005, 0.360540, 0.000535, 0.000000, lapack_dtpqrt
State, th1, TASK, 0.360744, 0.361493, 0.000749, 0.000000, lapack_dtpmqrt
State, th1, TASK, 0.361497, 0.362246, 0.000749, 0.000000, lapack_dtpmqrt
State, th1, TASK, 0.362250, 0.363012, 0.000762, 0.000000, lapack_dtpmqrt
State, th1, TASK, 0.363016, 0.363764, 0.000749, 0.000000, lapack_dtpmqrt
State, th1, TASK, 0.364158, 0.364909, 0.000751, 0.000000, lapack_dtpmqrt
State, th1, TASK, 0.364922, 0.365671, 0.000750, 0.000000, lapack_dtpmqrt
State, th1, TASK, 0.365675, 0.366434, 0.000759, 0.000000, lapack_dtpmqrt
State, th1, TASK, 0.366437, 0.367198, 0.000761, 0.000000, lapack_dtpmqrt
State, th1, TASK, 0.367211, 0.367642, 0.000431, 0.000000, lapack_dlarfb
State, th1, TASK, 0.367831, 0.368595, 0.000764, 0.000000, lapack_dtpmqrt
State, th1, TASK, 0.368636, 0.369386, 0.000750, 0.000000, lapack_dtpmqrt
State, th1, TASK, 0.369411, 0.370170, 0.000759, 0.000000, lapack_dtpmqrt
State, th1, TASK, 0.370224, 0.371006, 0.000782, 0.000000, lapack_dtpmqrt
State, th1, TASK, 0.371433, 0.371971, 0.000538, 0.000000, lapack_dtpqrt
State, th1, TASK, 0.376223, 0.376665, 0.000441, 0.000000, lapack_dlarfb
State, th0, TASK, 0.068113, 0.069019, 0.000906, 0.000000, lapack_dtpmqrt
State, th0, TASK, 0.069024, 0.069797, 0.000773, 0.000000, lapack_dtpmqrt
State, th0, TASK, 0.069801, 0.070569, 0.000768, 0.000000, lapack_dtpmqrt
State, th0, TASK, 0.070574, 0.071363, 0.000789, 0.000000, lapack_dtpmqrt
State, th0, TASK, 0.071366, 0.072142, 0.000776, 0.000000, lapack_dtpmqrt
State, th0, TASK, 0.072145, 0.072911, 0.000766, 0.000000, lapack_dtpmqrt
State, th0, TASK, 0.072914, 0.073679, 0.000765, 0.000000, lapack_dtpmqrt
State, th0, TASK, 0.073682, 0.074445, 0.000763, 0.000000, lapack_dtpmqrt
State, th0, TASK, 0.074453, 0.075054, 0.000602, 0.000000, lapack_dtpqrt
State, th0, TASK, 0.075071, 0.075853, 0.000782, 0.000000, lapack_dtpmqrt
State, th0, TASK, 0.075856, 0.076613, 0.000756, 0.000000, lapack_dtpmqrt
State, th0, TASK, 0.076616, 0.077369, 0.000754, 0.000000, lapack_dtpmqrt
State, th0, TASK, 0.077373, 0.078132, 0.000759, 0.000000, lapack_dtpmqrt
State, th0, TASK, 0.078136, 0.078904, 0.000769, 0.000000, lapack_dtpmqrt
State, th0, TASK, 0.078908, 0.079655, 0.000747, 0.000000, lapack_dtpmqrt
State, th0, TASK, 0.079659, 0.080405, 0.000746, 0.000000, lapack_dtpmqrt
State, th0, TASK, 0.080408, 0.081154, 0.000746, 0.000000, lapack_dtpmqrt
State, th0, TASK, 0.081158, 0.081910, 0.000752, 0.000000, lapack_dtpmqrt
State, th0, TASK, 0.081913, 0.082664, 0.000752, 0.000000, lapack_dtpmqrt
State, th0, TASK, 0.082668, 0.083433, 0.000766, 0.000000, lapack_dtpmqrt
State, th0, TASK, 0.083437, 0.084191, 0.000754, 0.000000, lapack_dtpmqrt
State, th0, TASK, 0.084194, 0.084950, 0.000756, 0.000000, lapack_dtpmqrt
State, th0, TASK, 0.084954, 0.085707, 0.000753, 0.000000, lapack_dtpmqrt
State, th0, TASK, 0.085711, 0.086465, 0.000755, 0.000000, lapack_dtpmqrt
State, th0, TASK, 0.086469, 0.087238, 0.000769, 0.000000, lapack_dtpmqrt
State, th0, TASK, 0.087242, 0.087995, 0.000753, 0.000000, lapack_dtpmqrt
State, th0, TASK, 0.087999, 0.088747, 0.000748, 0.000000, lapack_dtpmqrt
State, th0, TASK, 0.088750, 0.089495, 0.000745, 0.000000, lapack_dtpmqrt
State, th0, TASK, 0.089499, 0.090246, 0.000747, 0.000000, lapack_dtpmqrt
State, th0, TASK, 0.090249, 0.091015, 0.000766, 0.000000, lapack_dtpmqrt
State, th0, TASK, 0.091019, 0.091765, 0.000746, 0.000000, lapack_dtpmqrt
State, th0, TASK, 0.091768, 0.092514, 0.000746, 0.000000, lapack_dtpmqrt
State, th0, TASK, 0.092518, 0.093264, 0.000746, 0.000000, lapack_dtpmqrt
State, th0, TASK, 0.093267, 0.094014, 0.000747, 0.000000, lapack_dtpmqrt
State, th0, TASK, 0.094017, 0.094766, 0.000749, 0.000000, lapack_dtpmqrt
State, th0, TASK, 0.094769, 0.095534, 0.000765, 0.000000, lapack_dtpmqrt
State, th0, TASK, 0.095538, 0.096291, 0.000753, 0.000000, lapack_dtpmqrt
State, th0, TASK, 0.096294, 0.097067, 0.000773, 0.000000, lapack_dtpmqrt
State, th0, TASK, 0.097071, 0.097846, 0.000774, 0.000000, lapack_dtpmqrt
State, th0, TASK, 0.097849, 0.098625, 0.000776, 0.000000, lapack_dtpmqrt
State, th0, TASK, 0.098628, 0.099422, 0.000794, 0.000000, lapack_dtpmqrt
State, th0, TASK, 0.099426, 0.100190, 0.000765, 0.000000, lapack_dtpmqrt
State, th0, TASK, 0.100194, 0.100973, 0.000779, 0.000000, lapack_dtpmqrt
State, th0, TASK, 0.100976, 0.101758, 0.000782, 0.000000, lapack_dtpmqrt
State, th0, TASK, 0.101761, 0.102519, 0.000757, 0.000000, lapack_dtpmqrt
State, th0, TASK, 0.102522, 0.103304, 0.000782, 0.000000, lapack_dtpmqrt
State, th0, TASK, 0.103308, 0.104063, 0.000755, 0.000000, lapack_dtpmqrt
State, th0, TASK, 0.104067, 0.104812, 0.000745, 0.000000, lapack_dtpmqrt
State, th0, TASK, 0.104815, 0.105577, 0.000762, 0.000000, lapack_dtpmqrt
State, th0, TASK, 0.105580, 0.106341, 0.000761, 0.000000, lapack_dtpmqrt
State, th0, TASK, 0.106345, 0.107136, 0.000792, 0.000000, lapack_dtpmqrt
State, th0, TASK, 0.107140, 0.107905, 0.000765, 0.000000, lapack_dtpmqrt
State, th0, TASK, 0.107908, 0.108678, 0.000770, 0.000000, lapack_dtpmqrt
State, th0, TASK, 0.108683, 0.109461, 0.000778, 0.000000, lapack_dtpmqrt
State, th0, TASK, 0.109465, 0.110253, 0.000788, 0.000000, lapack_dtpmqrt
State, th0, TASK, 0.110256, 0.111044, 0.000787, 0.000000, lapack_dtpmqrt
State, th0, TASK, 0.111048, 0.111812, 0.000765, 0.000000, lapack_dtpmqrt
State, th0, TASK, 0.111816, 0.112584, 0.000768, 0.000000, lapack_dtpmqrt
State, th0, TASK, 0.112587, 0.113353, 0.000766, 0.000000, lapack_dtpmqrt
State, th0, TASK, 0.113357, 0.114121, 0.000764, 0.000000, lapack_dtpmqrt
State, th0, TASK, 0.114124, 0.114889, 0.000765, 0.000000, lapack_dtpmqrt
State, th0, TASK, 0.114894, 0.115672, 0.000778, 0.000000, lapack_dtpmqrt
State, th0, TASK, 0.115675, 0.116438, 0.000762, 0.000000, lapack_dtpmqrt
State, th0, TASK, 0.116441, 0.117199, 0.000758, 0.000000, lapack_dtpmqrt
State, th0, TASK, 0.117203, 0.117957, 0.000754, 0.000000, lapack_dtpmqrt
State, th0, TASK, 0.117961, 0.118706, 0.000746, 0.000000, lapack_dtpmqrt
State, th0, TASK, 0.118710, 0.119477, 0.000767, 0.000000, lapack_dtpmqrt
State, th0, TASK, 0.119481, 0.120245, 0.000764, 0.000000, lapack_dtpmqrt
State, th0, TASK, 0.120249, 0.120996, 0.000747, 0.000000, lapack_dtpmqrt
State, th0, TASK, 0.120999, 0.121742, 0.000742, 0.000000, lapack_dtpmqrt
State, th0, TASK, 0.121745, 0.122490, 0.000745, 0.000000, lapack_dtpmqrt
State, th0, TASK, 0.122493, 0.123257, 0.000765, 0.000000, lapack_dtpmqrt
State, th0, TASK, 0.123261, 0.124005, 0.000744, 0.000000, lapack_dtpmqrt
State, th0, TASK, 0.124008, 0.124751, 0.000743, 0.000000, lapack_dtpmqrt
State, th0, TASK, 0.124755, 0.125508, 0.000753, 0.000000, lapack_dtpmqrt
State, th0, TASK, 0.125511, 0.126261, 0.000750, 0.000000, lapack_dtpmqrt
State, th0, TASK, 0.126265, 0.127029, 0.000764, 0.000000, lapack_dtpmqrt
State, th0, TASK, 0.127032, 0.127771, 0.000738, 0.000000, lapack_dtpmqrt
State, th0, TASK, 0.127774, 0.128515, 0.000741, 0.000000, lapack_dtpmqrt
State, th0, TASK, 0.128519, 0.129261, 0.000742, 0.000000, lapack_dtpmqrt
State, th0, TASK, 0.129264, 0.130004, 0.000740, 0.000000, lapack_dtpmqrt
State, th0, TASK, 0.130007, 0.130762, 0.000755, 0.000000, lapack_dtpmqrt
State, th0, TASK, 0.130768, 0.131566, 0.000798, 0.000000, lapack_dtpmqrt
State, th0, TASK, 0.131570, 0.132349, 0.000780, 0.000000, lapack_dtpmqrt
State, th0, TASK, 0.132353, 0.133134, 0.000781, 0.000000, lapack_dtpmqrt
State, th0, TASK, 0.133137, 0.133916, 0.000779, 0.000000, lapack_dtpmqrt
State, th0, TASK, 0.133920, 0.134702, 0.000782, 0.000000, lapack_dtpmqrt
State, th0, TASK, 0.134705, 0.135508, 0.000803, 0.000000, lapack_dtpmqrt
State, th0, TASK, 0.135512, 0.136291, 0.000779, 0.000000, lapack_dtpmqrt
State, th0, TASK, 0.136295, 0.137081, 0.000786, 0.000000, lapack_dtpmqrt
State, th0, TASK, 0.137084, 0.137865, 0.000781, 0.000000, lapack_dtpmqrt
State, th0, TASK, 0.137868, 0.138636, 0.000768, 0.000000, lapack_dtpmqrt
State, th0, TASK, 0.138639, 0.139418, 0.000779, 0.000000, lapack_dtpmqrt
State, th0, TASK, 0.139421, 0.140190, 0.000768, 0.000000, lapack_dtpmqrt
State, th0, TASK, 0.140193, 0.140966, 0.000773, 0.000000, lapack_dtpmqrt
State, th0, TASK, 0.140970, 0.141743, 0.000773, 0.000000, lapack_dtpmqrt
State, th0, TASK, 0.141746, 0.142510, 0.000764, 0.000000, lapack_dtpmqrt
State, th0, TASK, 0.142513, 0.143301, 0.000787, 0.000000, lapack_dtpmqrt
State, th0, TASK, 0.143305, 0.144067, 0.000762, 0.000000, lapack_dtpmqrt
State, th0, TASK, 0.144070, 0.144823, 0.000753, 0.000000, lapack_dtpmqrt
State, th0, TASK, 0.144826, 0.145575, 0.000748, 0.000000, lapack_dtpmqrt
State, th0, TASK, 0.145578, 0.146326, 0.000749, 0.000000, lapack_dtpmqrt
State, th0, TASK, 0.146330, 0.147111, 0.000782, 0.000000, lapack_dtpmqrt
State, th0, TASK, 0.147115, 0.147862, 0.000747, 0.000000, lapack_dtpmqrt
State, th0, TASK, 0.147865, 0.148614, 0.000749, 0.000000, lapack_dtpmqrt
State, th0, TASK, 0.148618, 0.149369, 0.000751, 0.000000, lapack_dtpmqrt
State, th0, TASK, 0.149372, 0.150136, 0.000764, 0.000000, lapack_dtpmqrt
State, th0, TASK, 0.150140, 0.150911, 0.000771, 0.000000, lapack_dtpmqrt
State, th0, TASK, 0.150915, 0.151668, 0.000753, 0.000000, lapack_dtpmqrt
State, th0, TASK, 0.151672, 0.152424, 0.000753, 0.000000, lapack_dtpmqrt
State, th0, TASK, 0.152428, 0.153185, 0.000757, 0.000000, lapack_dtpmqrt
State, th0, TASK, 0.153188, 0.153944, 0.000757, 0.000000, lapack_dtpmqrt
State, th0, TASK, 0.153948, 0.154712, 0.000764, 0.000000, lapack_dtpmqrt
State, th0, TASK, 0.154716, 0.155497, 0.000781, 0.000000, lapack_dtpmqrt
State, th0, TASK, 0.155501, 0.156269, 0.000768, 0.000000, lapack_dtpmqrt
State, th0, TASK, 0.156272, 0.157031, 0.000758, 0.000000, lapack_dtpmqrt
State, th0, TASK, 0.157034, 0.157788, 0.000754, 0.000000, lapack_dtpmqrt
State, th0, TASK, 0.157791, 0.158545, 0.000753, 0.000000, lapack_dtpmqrt
State, th0, TASK, 0.158548, 0.159323, 0.000774, 0.000000, lapack_dtpmqrt
State, th0, TASK, 0.159326, 0.160086, 0.000760, 0.000000, lapack_dtpmqrt
State, th0, TASK, 0.160089, 0.160844, 0.000755, 0.000000, lapack_dtpmqrt
State, th0, TASK, 0.160848, 0.161607, 0.000760, 0.000000, lapack_dtpmqrt
State, th0, TASK, 0.161613, 0.162493, 0.000880, 0.000000, lapack_dtpmqrt
State, th0, TASK, 0.162497, 0.163264, 0.000767, 0.000000, lapack_dtpmqrt
State, th0, TASK, 0.163268, 0.164019, 0.000752, 0.000000, lapack_dtpmqrt
State, th0, TASK, 0.164023, 0.164789, 0.000766, 0.000000, lapack_dtpmqrt
State, th0, TASK, 0.164792, 0.165556, 0.000764, 0.000000, lapack_dtpmqrt
State, th0, TASK, 0.165560, 0.166319, 0.000759, 0.000000, lapack_dtpmqrt
State, th0, TASK, 0.166323, 0.167104, 0.000781, 0.000000, lapack_dtpmqrt
State, th0, TASK, 0.167107, 0.167865, 0.000758, 0.000000, lapack_dtpmqrt
State, th0, TASK, 0.167871, 0.168305, 0.000434, 0.000000, lapack_dlarfb
State, th0, TASK, 0.168315, 0.168733, 0.000418, 0.000000, lapack_dlarfb
State, th0, TASK, 0.168739, 0.169508, 0.000769, 0.000000, lapack_dtpmqrt
State, th0, TASK, 0.169511, 0.170273, 0.000762, 0.000000, lapack_dtpmqrt
State, th0, TASK, 0.170277, 0.171061, 0.000784, 0.000000, lapack_dtpmqrt
State, th0, TASK, 0.171273, 0.172035, 0.000762, 0.000000, lapack_dtpmqrt
State, th0, TASK, 0.172039, 0.172817, 0.000779, 0.000000, lapack_dtpmqrt
State, th0, TASK, 0.172821, 0.173589, 0.000767, 0.000000, lapack_dtpmqrt
State, th0, TASK, 0.173592, 0.174360, 0.000767, 0.000000, lapack_dtpmqrt
State, th0, TASK, 0.174363, 0.175149, 0.000786, 0.000000, lapack_dtpmqrt
State, th0, TASK, 0.175156, 0.175936, 0.000780, 0.000000, lapack_dtpmqrt
State, th0, TASK, 0.175940, 0.176721, 0.000781, 0.000000, lapack_dtpmqrt
State, th0, TASK, 0.176725, 0.177508, 0.000783, 0.000000, lapack_dtpmqrt
State, th0, TASK, 0.177511, 0.178293, 0.000782, 0.000000, lapack_dtpmqrt
State, th0, TASK, 0.178297, 0.179092, 0.000795, 0.000000, lapack_dtpmqrt
State, th0, TASK, 0.179096, 0.179877, 0.000781, 0.000000, lapack_dtpmqrt
State, th0, TASK, 0.179881, 0.180661, 0.000780, 0.000000, lapack_dtpmqrt
State, th0, TASK, 0.180665, 0.181446, 0.000782, 0.000000, lapack_dtpmqrt
State, th0, TASK, 0.181450, 0.182228, 0.000778, 0.000000, lapack_dtpmqrt
State, th0, TASK, 0.182232, 0.183024, 0.000792, 0.000000, lapack_dtpmqrt
State, th0, TASK, 0.183027, 0.183804, 0.000777, 0.000000, lapack_dtpmqrt
State, th0, TASK, 0.183807, 0.184579, 0.000772, 0.000000, lapack_dtpmqrt
State, th0, TASK, 0.184583, 0.185352, 0.000769, 0.000000, lapack_dtpmqrt
State, th0, TASK, 0.185355, 0.186118, 0.000762, 0.000000, lapack_dtpmqrt
State, th0, TASK, 0.186121, 0.186891, 0.000769, 0.000000, lapack_dtpmqrt
State, th0, TASK, 0.186895, 0.187671, 0.000776, 0.000000, lapack_dtpmqrt
State, th0, TASK, 0.187675, 0.188450, 0.000775, 0.000000, lapack_dtpmqrt
State, th0, TASK, 0.188454, 0.189233, 0.000779, 0.000000, lapack_dtpmqrt
State, th0, TASK, 0.189237, 0.190015, 0.000778, 0.000000, lapack_dtpmqrt
State, th0, TASK, 0.190019, 0.190791, 0.000772, 0.000000, lapack_dtpmqrt
State, th0, TASK, 0.190795, 0.191583, 0.000788, 0.000000, lapack_dtpmqrt
State, th0, TASK, 0.191586, 0.192367, 0.000781, 0.000000, lapack_dtpmqrt
State, th0, TASK, 0.192371, 0.193150, 0.000779, 0.000000, lapack_dtpmqrt
State, th0, TASK, 0.193153, 0.193925, 0.000772, 0.000000, lapack_dtpmqrt
State, th0, TASK, 0.193929, 0.194705, 0.000777, 0.000000, lapack_dtpmqrt
State, th0, TASK, 0.195040, 0.195843, 0.000803, 0.000000, lapack_dtpmqrt
State, th0, TASK, 0.195846, 0.196642, 0.000796, 0.000000, lapack_dtpmqrt
State, th0, TASK, 0.196646, 0.197446, 0.000800, 0.000000, lapack_dtpmqrt
State, th0, TASK, 0.197450, 0.198248, 0.000798, 0.000000, lapack_dtpmqrt
State, th0, TASK, 0.198252, 0.199049, 0.000797, 0.000000, lapack_dtpmqrt
State, th0, TASK, 0.199052, 0.199833, 0.000781, 0.000000, lapack_dtpmqrt
State, th0, TASK, 0.199837, 0.200619, 0.000782, 0.000000, lapack_dtpmqrt
State, th0, TASK, 0.200623, 0.201413, 0.000791, 0.000000, lapack_dtpmqrt
State, th0, TASK, 0.201417, 0.202210, 0.000793, 0.000000, lapack_dtpmqrt
State, th0, TASK, 0.202214, 0.203023, 0.000809, 0.000000, lapack_dtpmqrt
State, th0, TASK, 0.203027, 0.203807, 0.000780, 0.000000, lapack_dtpmqrt
State, th0, TASK, 0.203810, 0.204594, 0.000784, 0.000000, lapack_dtpmqrt
State, th0, TASK, 0.204598, 0.205388, 0.000790, 0.000000, lapack_dtpmqrt
State, th0, TASK, 0.205392, 0.206188, 0.000796, 0.000000, lapack_dtpmqrt
State, th0, TASK, 0.206191, 0.206994, 0.000802, 0.000000, lapack_dtpmqrt
State, th0, TASK, 0.206997, 0.207793, 0.000796, 0.000000, lapack_dtpmqrt
State, th0, TASK, 0.207797, 0.208579, 0.000782, 0.000000, lapack_dtpmqrt
State, th0, TASK, 0.208582, 0.209368, 0.000786, 0.000000, lapack_dtpmqrt
State, th0, TASK, 0.209373, 0.210159, 0.000787, 0.000000, lapack_dtpmqrt
State, th0, TASK, 0.210163, 0.210961, 0.000798, 0.000000, lapack_dtpmqrt
State, th0, TASK, 0.210964, 0.211747, 0.000783, 0.000000, lapack_dtpmqrt
State, th0, TASK, 0.211751, 0.212530, 0.000780, 0.000000, lapack_dtpmqrt
State, th0, TASK, 0.212534, 0.213307, 0.000773, 0.000000, lapack_dtpmqrt
State, th0, TASK, 0.213310, 0.214089, 0.000779, 0.000000, lapack_dtpmqrt
State, th0, TASK, 0.214093, 0.214526, 0.000433, 0.000000, lapack_dlarfb
State, th0, TASK, 0.214530, 0.214973, 0.000443, 0.000000, lapack_dlarfb
State, th0, TASK, 0.214977, 0.215405, 0.000428, 0.000000, lapack_dlarfb
State, th0, TASK, 0.216308, 0.217087, 0.000779, 0.000000, lapack_dtpmqrt
State, th0, TASK, 0.217091, 0.217860, 0.000769, 0.000000, lapack_dtpmqrt
State, th0, TASK, 0.217863, 0.218631, 0.000768, 0.000000, lapack_dtpmqrt
State, th0, TASK, 0.218635, 0.219414, 0.000779, 0.000000, lapack_dtpmqrt
State, th0, TASK, 0.219417, 0.220186, 0.000768, 0.000000, lapack_dtpmqrt
State, th0, TASK, 0.220189, 0.220944, 0.000755, 0.000000, lapack_dtpmqrt
State, th0, TASK, 0.220952, 0.221721, 0.000769, 0.000000, lapack_dtpmqrt
State, th0, TASK, 0.221725, 0.222481, 0.000757, 0.000000, lapack_dtpmqrt
State, th0, TASK, 0.222485, 0.223254, 0.000769, 0.000000, lapack_dtpmqrt
State, th0, TASK, 0.223258, 0.224016, 0.000759, 0.000000, lapack_dtpmqrt
State, th0, TASK, 0.224020, 0.224778, 0.000758, 0.000000, lapack_dtpmqrt
State, th0, TASK, 0.224782, 0.225540, 0.000758, 0.000000, lapack_dtpmqrt
State, th0, TASK, 0.225543, 0.226298, 0.000755, 0.000000, lapack_dtpmqrt
State, th0, TASK, 0.226302, 0.227073, 0.000770, 0.000000, lapack_dtpmqrt
State, th0, TASK, 0.227076, 0.227832, 0.000756, 0.000000, lapack_dtpmqrt
State, th0, TASK, 0.227836, 0.228590, 0.000754, 0.000000, lapack_dtpmqrt
State, th0, TASK, 0.228593, 0.229346, 0.000752, 0.000000, lapack_dtpmqrt
State, th0, TASK, 0.229349, 0.230103, 0.000754, 0.000000, lapack_dtpmqrt
State, th0, TASK, 0.230106, 0.230862, 0.000756, 0.000000, lapack_dtpmqrt
State, th0, TASK, 0.230865, 0.231637, 0.000772, 0.000000, lapack_dtpmqrt
State, th0, TASK, 0.231640, 0.232393, 0.000753, 0.000000, lapack_dtpmqrt
State, th0, TASK, 0.232397, 0.233152, 0.000755, 0.000000, lapack_dtpmqrt
State, th0, TASK, 0.233155, 0.233910, 0.000755, 0.000000, lapack_dtpmqrt
State, th0, TASK, 0.233914, 0.234668, 0.000755, 0.000000, lapack_dtpmqrt
State, th0, TASK, 0.234679, 0.235449, 0.000770, 0.000000, lapack_dtpmqrt
State, th0, TASK, 0.235528, 0.236336, 0.000808, 0.000000, lapack_dtpmqrt
State, th0, TASK, 0.236340, 0.237123, 0.000783, 0.000000, lapack_dtpmqrt
State, th0, TASK, 0.237127, 0.237908, 0.000781, 0.000000, lapack_dtpmqrt
State, th0, TASK, 0.237912, 0.238689, 0.000777, 0.000000, lapack_dtpmqrt
State, th0, TASK, 0.238692, 0.239477, 0.000785, 0.000000, lapack_dtpmqrt
State, th0, TASK, 0.239480, 0.240255, 0.000774, 0.000000, lapack_dtpmqrt
State, th0, TASK, 0.240258, 0.241038, 0.000779, 0.000000, lapack_dtpmqrt
State, th0, TASK, 0.241041, 0.241820, 0.000778, 0.000000, lapack_dtpmqrt
State, th0, TASK, 0.241823, 0.242594, 0.000771, 0.000000, lapack_dtpmqrt
State, th0, TASK, 0.242597, 0.243391, 0.000794, 0.000000, lapack_dtpmqrt
State, th0, TASK, 0.243395, 0.244155, 0.000760, 0.000000, lapack_dtpmqrt
State, th0, TASK, 0.244158, 0.244934, 0.000776, 0.000000, lapack_dtpmqrt
State, th0, TASK, 0.244937, 0.245719, 0.000782, 0.000000, lapack_dtpmqrt
State, th0, TASK, 0.245723, 0.246505, 0.000781, 0.000000, lapack_dtpmqrt
State, th0, TASK, 0.246508, 0.247292, 0.000784, 0.000000, lapack_dtpmqrt
State, th0, TASK, 0.247295, 0.248063, 0.000768, 0.000000, lapack_dtpmqrt
State, th0, TASK, 0.248066, 0.248835, 0.000769, 0.000000, lapack_dtpmqrt
State, th0, TASK, 0.248838, 0.249611, 0.000772, 0.000000, lapack_dtpmqrt
State, th0, TASK, 0.249614, 0.250387, 0.000772, 0.000000, lapack_dtpmqrt
State, th0, TASK, 0.250391, 0.251183, 0.000792, 0.000000, lapack_dtpmqrt
State, th0, TASK, 0.251212, 0.251762, 0.000550, 0.000000, lapack_dtpqrt
State, th0, TASK, 0.251770, 0.252315, 0.000545, 0.000000, lapack_dtpqrt
State, th0, TASK, 0.252323, 0.252868, 0.000546, 0.000000, lapack_dtpqrt
State, th0, TASK, 0.252877, 0.253422, 0.000545, 0.000000, lapack_dtpqrt
State, th0, TASK, 0.253430, 0.253973, 0.000543, 0.000000, lapack_dtpqrt
State, th0, TASK, 0.253980, 0.254522, 0.000542, 0.000000, lapack_dtpqrt
State, th0, TASK, 0.254530, 0.255088, 0.000558, 0.000000, lapack_dtpqrt
State, th0, TASK, 0.255097, 0.255609, 0.000512, 0.000000, lapack_dtpqrt
State, th0, TASK, 0.255616, 0.256153, 0.000537, 0.000000, lapack_dtpqrt
State, th0, TASK, 0.256161, 0.256698, 0.000537, 0.000000, lapack_dtpqrt
State, th0, TASK, 0.256706, 0.257250, 0.000544, 0.000000, lapack_dtpqrt
State, th0, TASK, 0.257258, 0.257799, 0.000541, 0.000000, lapack_dtpqrt
State, th0, TASK, 0.257807, 0.258338, 0.000531, 0.000000, lapack_dtpqrt
State, th0, TASK, 0.258347, 0.258899, 0.000552, 0.000000, lapack_dtpqrt
State, th0, TASK, 0.258909, 0.259448, 0.000539, 0.000000, lapack_dtpqrt
State, th0, TASK, 0.259455, 0.259989, 0.000534, 0.000000, lapack_dtpqrt
State, th0, TASK, 0.259998, 0.260539, 0.000541, 0.000000, lapack_dtpqrt
State, th0, TASK, 0.260546, 0.261089, 0.000543, 0.000000, lapack_dtpqrt
State, th0, TASK, 0.261096, 0.261636, 0.000540, 0.000000, lapack_dtpqrt
State, th0, TASK, 0.261645, 0.262186, 0.000541, 0.000000, lapack_dtpqrt
State, th0, TASK, 0.262194, 0.262623, 0.000428, 0.000000, lapack_dlarfb
State, th0, TASK, 0.262629, 0.263062, 0.000433, 0.000000, lapack_dlarfb
State, th0, TASK, 0.263072, 0.263502, 0.000430, 0.000000, lapack_dlarfb
State, th0, TASK, 0.263506, 0.263933, 0.000427, 0.000000, lapack_dlarfb
State, th0, TASK, 0.263936, 0.264364, 0.000428, 0.000000, lapack_dlarfb
State, th0, TASK, 0.264368, 0.264790, 0.000422, 0.000000, lapack_dlarfb
State, th0, TASK, 0.264822, 0.265583, 0.000761, 0.000000, lapack_dtpmqrt
State, th0, TASK, 0.265588, 0.266349, 0.000762, 0.000000, lapack_dtpmqrt
State, th0, TASK, 0.266353, 0.267134, 0.000781, 0.000000, lapack_dtpmqrt
State, th0, TASK, 0.267137, 0.267890, 0.000752, 0.000000, lapack_dtpmqrt
State, th0, TASK, 0.267893, 0.268651, 0.000758, 0.000000, lapack_dtpmqrt
State, th0, TASK, 0.268654, 0.269417, 0.000763, 0.000000, lapack_dtpmqrt
State, th0, TASK, 0.269421, 0.270191, 0.000770, 0.000000, lapack_dtpmqrt
State, th0, TASK, 0.270194, 0.270975, 0.000781, 0.000000, lapack_dtpmqrt
State, th0, TASK, 0.270978, 0.271739, 0.000761, 0.000000, lapack_dtpmqrt
State, th0, TASK, 0.271743, 0.272504, 0.000761, 0.000000, lapack_dtpmqrt
State, th0, TASK, 0.272508, 0.273255, 0.000747, 0.000000, lapack_dtpmqrt
State, th0, TASK, 0.273258, 0.274009, 0.000751, 0.000000, lapack_dtpmqrt
State, th0, TASK, 0.274012, 0.274773, 0.000761, 0.000000, lapack_dtpmqrt
State, th0, TASK, 0.274776, 0.275549, 0.000773, 0.000000, lapack_dtpmqrt
State, th0, TASK, 0.275553, 0.276314, 0.000761, 0.000000, lapack_dtpmqrt
State, th0, TASK, 0.276317, 0.277077, 0.000760, 0.000000, lapack_dtpmqrt
State, th0, TASK, 0.277090, 0.277531, 0.000441, 0.000000, lapack_dlarfb
State, th0, TASK, 0.277536, 0.277968, 0.000433, 0.000000, lapack_dlarfb
State, th0, TASK, 0.278041, 0.278796, 0.000756, 0.000000, lapack_dtpmqrt
State, th0, TASK, 0.278800, 0.279570, 0.000770, 0.000000, lapack_dtpmqrt
State, th0, TASK, 0.279573, 0.280329, 0.000756, 0.000000, lapack_dtpmqrt
State, th0, TASK, 0.280332, 0.281090, 0.000758, 0.000000, lapack_dtpmqrt
State, th0, TASK, 0.281094, 0.281843, 0.000749, 0.000000, lapack_dtpmqrt
State, th0, TASK, 0.281847, 0.282596, 0.000749, 0.000000, lapack_dtpmqrt
State, th0, TASK, 0.282599, 0.283368, 0.000769, 0.000000, lapack_dtpmqrt
State, th0, TASK, 0.283372, 0.284122, 0.000750, 0.000000, lapack_dtpmqrt
State, th0, TASK, 0.284126, 0.284878, 0.000752, 0.000000, lapack_dtpmqrt
State, th0, TASK, 0.284881, 0.285636, 0.000755, 0.000000, lapack_dtpmqrt
State, th0, TASK, 0.285645, 0.286424, 0.000779, 0.000000, lapack_dtpmqrt
State, th0, TASK, 0.286428, 0.287211, 0.000783, 0.000000, lapack_dtpmqrt
State, th0, TASK, 0.287214, 0.287974, 0.000760, 0.000000, lapack_dtpmqrt
State, th0, TASK, 0.287978, 0.288737, 0.000759, 0.000000, lapack_dtpmqrt
State, th0, TASK, 0.288741, 0.289494, 0.000753, 0.000000, lapack_dtpmqrt
State, th0, TASK, 0.289497, 0.290251, 0.000754, 0.000000, lapack_dtpmqrt
State, th0, TASK, 0.290376, 0.291149, 0.000773, 0.000000, lapack_dtpmqrt
State, th0, TASK, 0.291152, 0.291892, 0.000740, 0.000000, lapack_dtpmqrt
State, th0, TASK, 0.291896, 0.292640, 0.000744, 0.000000, lapack_dtpmqrt
State, th0, TASK, 0.292643, 0.293388, 0.000745, 0.000000, lapack_dtpmqrt
State, th0, TASK, 0.293391, 0.294165, 0.000774, 0.000000, lapack_dtpmqrt
State, th0, TASK, 0.294168, 0.294929, 0.000760, 0.000000, lapack_dtpmqrt
State, th0, TASK, 0.294933, 0.295676, 0.000743, 0.000000, lapack_dtpmqrt
State, th0, TASK, 0.295679, 0.296423, 0.000744, 0.000000, lapack_dtpmqrt
State, th0, TASK, 0.296426, 0.297176, 0.000750, 0.000000, lapack_dtpmqrt
State, th0, TASK, 0.297179, 0.297925, 0.000745, 0.000000, lapack_dtpmqrt
State, th0, TASK, 0.297928, 0.298680, 0.000751, 0.000000, lapack_dtpmqrt
State, th0, TASK, 0.298683, 0.299451, 0.000768, 0.000000, lapack_dtpmqrt
State, th0, TASK, 0.299464, 0.300065, 0.000601, 0.000000, lapack_dgeqrt
State, th0, TASK, 0.300078, 0.300524, 0.000446, 0.000000, lapack_dlarfb
State, th0, TASK, 0.300527, 0.300950, 0.000422, 0.000000, lapack_dlarfb
State, th0, TASK, 0.300953, 0.301363, 0.000411, 0.000000, lapack_dlarfb
State, th0, TASK, 0.301366, 0.301785, 0.000418, 0.000000, lapack_dlarfb
State, th0, TASK, 0.301968, 0.302711, 0.000743, 0.000000, lapack_dtpmqrt
State, th0, TASK, 0.302714, 0.303470, 0.000756, 0.000000, lapack_dtpmqrt
State, th0, TASK, 0.303474, 0.304220, 0.000746, 0.000000, lapack_dtpmqrt
State, th0, TASK, 0.304224, 0.304976, 0.000753, 0.000000, lapack_dtpmqrt
State, th0, TASK, 0.304980, 0.305732, 0.000752, 0.000000, lapack_dtpmqrt
State, th0, TASK, 0.305735, 0.306485, 0.000750, 0.000000, lapack_dtpmqrt
State, th0, TASK, 0.306488, 0.307255, 0.000767, 0.000000, lapack_dtpmqrt
State, th0, TASK, 0.307258, 0.308004, 0.000745, 0.000000, lapack_dtpmqrt
State, th0, TASK, 0.308007, 0.308752, 0.000745, 0.000000, lapack_dtpmqrt
State, th0, TASK, 0.308755, 0.309502, 0.000747, 0.000000, lapack_dtpmqrt
State, th0, TASK, 0.309505, 0.310253, 0.000748, 0.000000, lapack_dtpmqrt
State, th0, TASK, 0.310256, 0.311031, 0.000775, 0.000000, lapack_dtpmqrt
State, th0, TASK, 0.311034, 0.311782, 0.000748, 0.000000, lapack_dtpmqrt
State, th0, TASK, 0.311792, 0.312193, 0.000401, 0.000000, lapack_dgeqrt
State, th0, TASK, 0.312205, 0.312632, 0.000426, 0.000000, lapack_dlarfb
State, th0, TASK, 0.312635, 0.313045, 0.000410, 0.000000, lapack_dlarfb
State, th0, TASK, 0.313048, 0.313465, 0.000417, 0.000000, lapack_dlarfb
State, th0, TASK, 0.313573, 0.314349, 0.000776, 0.000000, lapack_dtpmqrt
State, th0, TASK, 0.314352, 0.315155, 0.000803, 0.000000, lapack_dtpmqrt
State, th0, TASK, 0.315158, 0.315938, 0.000780, 0.000000, lapack_dtpmqrt
State, th0, TASK, 0.315942, 0.316712, 0.000770, 0.000000, lapack_dtpmqrt
State, th0, TASK, 0.316715, 0.317482, 0.000767, 0.000000, lapack_dtpmqrt
State, th0, TASK, 0.317488, 0.318255, 0.000767, 0.000000, lapack_dtpmqrt
State, th0, TASK, 0.318259, 0.319038, 0.000779, 0.000000, lapack_dtpmqrt
State, th0, TASK, 0.319041, 0.319805, 0.000764, 0.000000, lapack_dtpmqrt
State, th0, TASK, 0.319808, 0.320571, 0.000763, 0.000000, lapack_dtpmqrt
State, th0, TASK, 0.320575, 0.321337, 0.000762, 0.000000, lapack_dtpmqrt
State, th0, TASK, 0.321340, 0.322103, 0.000762, 0.000000, lapack_dtpmqrt
State, th0, TASK, 0.322106, 0.322869, 0.000763, 0.000000, lapack_dtpmqrt
State, th0, TASK, 0.322872, 0.323646, 0.000774, 0.000000, lapack_dtpmqrt
State, th0, TASK, 0.323830, 0.324642, 0.000812, 0.000000, lapack_dtpmqrt
State, th0, TASK, 0.324646, 0.325416, 0.000771, 0.000000, lapack_dtpmqrt
State, th0, TASK, 0.325419, 0.326188, 0.000769, 0.000000, lapack_dtpmqrt
State, th0, TASK, 0.326192, 0.326998, 0.000806, 0.000000, lapack_dtpmqrt
State, th0, TASK, 0.327002, 0.327783, 0.000781, 0.000000, lapack_dtpmqrt
State, th0, TASK, 0.327787, 0.328568, 0.000781, 0.000000, lapack_dtpmqrt
State, th0, TASK, 0.328639, 0.329092, 0.000453, 0.000000, lapack_dlarfb
State, th0, TASK, 0.329095, 0.329527, 0.000432, 0.000000, lapack_dlarfb
State, th0, TASK, 0.329530, 0.329963, 0.000432, 0.000000, lapack_dlarfb
State, th0, TASK, 0.330119, 0.330927, 0.000808, 0.000000, lapack_dtpmqrt
State, th0, TASK, 0.330931, 0.331701, 0.000770, 0.000000, lapack_dtpmqrt
State, th0, TASK, 0.331704, 0.332473, 0.000769, 0.000000, lapack_dtpmqrt
State, th0, TASK, 0.332477, 0.333245, 0.000768, 0.000000, lapack_dtpmqrt
State, th0, TASK, 0.333248, 0.334013, 0.000765, 0.000000, lapack_dtpmqrt
State, th0, TASK, 0.334016, 0.334786, 0.000770, 0.000000, lapack_dtpmqrt
State, th0, TASK, 0.334790, 0.335582, 0.000793, 0.000000, lapack_dtpmqrt
State, th0, TASK, 0.335593, 0.336361, 0.000767, 0.000000, lapack_dtpmqrt
State, th0, TASK, 0.336364, 0.337134, 0.000770, 0.000000, lapack_dtpmqrt
State, th0, TASK, 0.337138, 0.337909, 0.000772, 0.000000, lapack_dtpmqrt
State, th0, TASK, 0.337913, 0.338685, 0.000772, 0.000000, lapack_dtpmqrt
State, th0, TASK, 0.339120, 0.339891, 0.000771, 0.000000, lapack_dtpmqrt
State, th0, TASK, 0.339895, 0.340664, 0.000769, 0.000000, lapack_dtpmqrt
State, th0, TASK, 0.340667, 0.341425, 0.000757, 0.000000, lapack_dtpmqrt
State, th0, TASK, 0.341438, 0.342202, 0.000763, 0.000000, lapack_dtpmqrt
State, th0, TASK, 0.342205, 0.342973, 0.000768, 0.000000, lapack_dtpmqrt
State, th0, TASK, 0.342977, 0.343722, 0.000745, 0.000000, lapack_dtpmqrt
State, th0, TASK, 0.343926, 0.344467, 0.000541, 0.000000, lapack_dtpqrt
State, th0, TASK, 0.344474, 0.345004, 0.000530, 0.000000, lapack_dtpqrt
State, th0, TASK, 0.345009, 0.345536, 0.000527, 0.000000, lapack_dtpqrt
State, th0, TASK, 0.345551, 0.346323, 0.000772, 0.000000, lapack_dtpmqrt
State, th0, TASK, 0.346327, 0.347105, 0.000778, 0.000000, lapack_dtpmqrt
State, th0, TASK, 0.347109, 0.347873, 0.000764, 0.000000, lapack_dtpmqrt
State, th0, TASK, 0.347876, 0.348639, 0.000762, 0.000000, lapack_dtpmqrt
State, th0, TASK, 0.348642, 0.349407, 0.000764, 0.000000, lapack_dtpmqrt
State, th0, TASK, 0.349477, 0.349927, 0.000450, 0.000000, lapack_dlarfb
State, th0, TASK, 0.350270, 0.351055, 0.000785, 0.000000, lapack_dtpmqrt
State, th0, TASK, 0.351058, 0.351817, 0.000758, 0.000000, lapack_dtpmqrt
State, th0, TASK, 0.351820, 0.352579, 0.000759, 0.000000, lapack_dtpmqrt
State, th0, TASK, 0.352582, 0.353344, 0.000761, 0.000000, lapack_dtpmqrt
State, th0, TASK, 0.353348, 0.354107, 0.000760, 0.000000, lapack_dtpmqrt
State, th0, TASK, 0.354111, 0.354886, 0.000775, 0.000000, lapack_dtpmqrt
State, th0, TASK, 0.354891, 0.355660, 0.000769, 0.000000, lapack_dtpmqrt
State, th0, TASK, 0.355680, 0.356433, 0.000753, 0.000000, lapack_dtpmqrt
State, th0, TASK, 0.356436, 0.357178, 0.000742, 0.000000, lapack_dtpmqrt
State, th0, TASK, 0.357182, 0.357925, 0.000743, 0.000000, lapack_dtpmqrt
State, th0, TASK, 0.357929, 0.358677, 0.000748, 0.000000, lapack_dtpmqrt
State, th0, TASK, 0.358700, 0.359159, 0.000460, 0.000000, lapack_dlarfb
State, th0, TASK, 0.359164, 0.359581, 0.000417, 0.000000, lapack_dlarfb
State, th0, TASK, 0.359671, 0.360428, 0.000757, 0.000000, lapack_dtpmqrt
State, th0, TASK, 0.361040, 0.361439, 0.000399, 0.000000, lapack_dgeqrt
State, th0, TASK, 0.361448, 0.361884, 0.000436, 0.000000, lapack_dlarfb
State, th0, TASK, 0.361887, 0.362302, 0.000415, 0.000000, lapack_dlarfb
State, th0, TASK, 0.362568, 0.363372, 0.000803, 0.000000, lapack_dtpmqrt
State, th0, TASK, 0.363376, 0.364156, 0.000780, 0.000000, lapack_dtpmqrt
State, th0, TASK, 0.364162, 0.364906, 0.000745, 0.000000, lapack_dtpmqrt
State, th0, TASK, 0.364911, 0.365668, 0.000757, 0.000000, lapack_dtpmqrt
State, th0, TASK, 0.365672, 0.366427, 0.000755, 0.000000, lapack_dtpmqrt
State, th0, TASK, 0.366431, 0.367197, 0.000766, 0.000000, lapack_dtpmqrt
State, th0, TASK, 0.367208, 0.367643, 0.000435, 0.000000, lapack_dlarfb
State, th0, TASK, 0.367896, 0.368659, 0.000763, 0.000000, lapack_dtpmqrt
State, th0, TASK, 0.368663, 0.369402, 0.000739, 0.000000, lapack_dtpmqrt
State, th0, TASK, 0.369410, 0.370167, 0.000757, 0.000000, lapack_dtpmqrt
State, th0, TASK, 0.370652, 0.371443, 0.000792, 0.000000, lapack_dtpmqrt
State, th0, TASK, 0.372193, 0.372731, 0.000539, 0.000000, lapack_dtpqrt
State, th0, TASK, 0.372817, 0.373615, 0.000798, 0.000000, lapack_dtpmqrt
State, th0, TASK, 0.374002, 0.374441, 0.000440, 0.000000, lapack_dlarfb
State, th0, TASK, 0.375189, 0.375978, 0.000788, 0.000000, lapack_dtpmqrt
State, th0, TASK, 0.377247, 0.378046, 0.000799, 0.000000, lapack_dtpmqrt
