+ mkdir -p /home/users/rrdmatos/logs
+ echo 'Create TF_CONFIG'
++ scontrol show hostnames 'poti[1,3]'
+ nodes='poti1
poti3'
+ nodes_array=($nodes)
+ MASTER_PORT=29500
+ worker_list=
+ for node in "${nodes_array[@]}"
+ worker_list+='"poti1:29500",'
+ for node in "${nodes_array[@]}"
+ worker_list+='"poti3:29500",'
+ worker_list='"poti1:29500","poti3:29500"'
++ echo '"poti1:29500","poti3:29500"'
+ LIST='"poti1:29500","poti3:29500"'
+ export LIST
+ srun '--export=ALL,SCRATCH=/scratch/rrdmatos,worker_list="poti1:29500","poti3:29500"' bash -c '
# This block of code is executed by each Slurm task on its respective node
echo "--- Running setup on $(hostname) ---"
cd $SCRATCH

rm -r *

cp -r ~/perf/tensorflow/create-env.sh ~/perf/tensorflow/train-* .
DATA_DIR="tiny-imagenet-200"

wget http://cs231n.stanford.edu/tiny-imagenet-200.zip
unzip -q *.zip

.  ./create-env.sh
'
URL transformed to HTTPS due to an HSTS policy
URL transformed to HTTPS due to an HSTS policy
--2025-11-27 00:27:50--  https://cs231n.stanford.edu/tiny-imagenet-200.zip
Resolving cs231n.stanford.edu (cs231n.stanford.edu)... 171.64.64.64
--2025-11-27 00:27:50--  https://cs231n.stanford.edu/tiny-imagenet-200.zip
Resolving cs231n.stanford.edu (cs231n.stanford.edu)... 171.64.64.64
Connecting to cs231n.stanford.edu (cs231n.stanford.edu)|171.64.64.64|:443... connected.
Connecting to cs231n.stanford.edu (cs231n.stanford.edu)|171.64.64.64|:443... connected.
HTTP request sent, awaiting response... 200 OK
Length: 248100043 (237M) [application/zip]
Saving to: ‘tiny-imagenet-200.zip’
HTTP request sent, awaiting response... 200 OK
Length: 248100043 (237M) [application/zip]
Saving to: ‘tiny-imagenet-200.zip’


     0K .......... .......... .......... .......... ..........  0%  138K 29m22s
     0K .......... .......... .......... .......... ..........  0%  138K 29m16s
    50K .......... .......... .......... .......... ..........  0%  277K 21m58s
   100K .......... .......... .......... .......... ..........  0% 18.1M 14m43s
    50K .......... .......... .......... .......... ..........  0%  276K 21m57s
   100K .......... .......... .......... .......... ..........  0%  134M 14m39s
   150K .......... .......... .......... .......... ..........  0%  280K 14m38s
   200K .......... .......... .......... .......... ..........  0% 85.9M 11m43s
   250K .......... .......... .......... .......... ..........  0% 52.0M 9m47s
   300K .......... .......... .......... .......... ..........  0% 36.6M 8m24s
   350K .......... .......... .......... .......... ..........  0% 99.8M 7m21s
   150K .......... .......... .......... .......... ..........  0%  277K 14m38s
   200K .......... .......... .......... .......... ..........  0%  180M 11m42s
   250K .......... .......... .......... .......... ..........  0%  133M 9m45s
   300K .......... .......... .......... .......... ..........  0%  117M 8m22s
   350K .......... .......... .......... .......... ..........  0%  117M 7m19s
   400K .......... .......... .......... .......... ..........  0%  280K 8m8s
   450K .......... .......... .......... .......... ..........  0%  140M 7m19s
   500K .......... .......... .......... .......... ..........  0%  117M 6m39s
   550K .......... .......... .......... .......... ..........  0% 96.8M 6m6s
   600K .......... .......... .......... .......... ..........  0% 60.1M 5m38s
   650K .......... .......... .......... .......... ..........  0%  117M 5m14s
   700K .......... .......... .......... .......... ..........  0%  113M 4m53s
   750K .......... .......... .......... .......... ..........  0%  117M 4m35s
   400K .......... .......... .......... .......... ..........  0%  277K 8m7s
   450K .......... .......... .......... .......... ..........  0%  176M 7m19s
   500K .......... .......... .......... .......... ..........  0%  119M 6m39s
   550K .......... .......... .......... .......... ..........  0%  116M 6m6s
   600K .......... .......... .......... .......... ..........  0%  116M 5m38s
   650K .......... .......... .......... .......... ..........  0%  116M 5m14s
   700K .......... .......... .......... .......... ..........  0%  114M 4m53s
   750K .......... .......... .......... .......... ..........  0%  114M 4m35s
   800K .......... .......... .......... .......... ..........  0% 1.19M 4m30s
   850K .......... .......... .......... .......... ..........  0%  365K 4m52s
   900K .......... .......... .......... .......... ..........  0%  143M 4m37s
   950K .......... .......... .......... .......... ..........  0%  117M 4m23s
  1000K .......... .......... .......... .......... ..........  0%  116M 4m10s
  1050K .......... .......... .......... .......... ..........  0%  116M 3m59s
  1100K .......... .......... .......... .......... ..........  0%  117M 3m49s
  1150K .......... .......... .......... .......... ..........  0%  116M 3m39s
  1200K .......... .......... .......... .......... ..........  0% 89.4M 3m31s
  1250K .......... .......... .......... .......... ..........  0%  117M 3m22s
  1300K .......... .......... .......... .......... ..........  0%  116M 3m15s
  1350K .......... .......... .......... .......... ..........  0%  117M 3m8s
  1400K .......... .......... .......... .......... ..........  0%  115M 3m2s
  1450K .......... .......... .......... .......... ..........  0%  117M 2m56s
  1500K .......... .......... .......... .......... ..........  0%  116M 2m50s
  1550K .......... .......... .......... .......... ..........  0%  117M 2m45s
  1600K .......... .......... .......... .......... ..........  0% 86.9M 2m40s
  1650K .......... .......... .......... .......... ..........  0%  117M 2m35s
   800K .......... .......... .......... .......... ..........  0%  281K 5m9s
   850K .......... .......... .......... .......... ..........  0%  138M 4m52s
   900K .......... .......... .......... .......... ..........  0%  138M 4m37s
   950K .......... .......... .......... .......... ..........  0%  121M 4m23s
  1000K .......... .......... .......... .......... ..........  0%  113M 4m10s
  1050K .......... .......... .......... .......... ..........  0%  119M 3m59s
  1100K .......... .......... .......... .......... ..........  0%  117M 3m49s
  1150K .......... .......... .......... .......... ..........  0%  117M 3m39s
  1200K .......... .......... .......... .......... ..........  0% 88.9M 3m30s
  1250K .......... .......... .......... .......... ..........  0%  116M 3m22s
  1300K .......... .......... .......... .......... ..........  0%  117M 3m15s
  1350K .......... .......... .......... .......... ..........  0%  117M 3m8s
  1400K .......... .......... .......... .......... ..........  0%  114M 3m2s
  1450K .......... .......... .......... .......... ..........  0%  118M 2m55s
  1500K .......... .......... .......... .......... ..........  0%  117M 2m50s
  1550K .......... .......... .......... .......... ..........  0%  116M 2m45s
  1600K .......... .......... .......... .......... ..........  0% 87.1M 2m40s
  1650K .......... .......... .......... .......... ..........  0% 1.32M 2m40s
  1700K .......... .......... .......... .......... ..........  0%  287K 2m55s
  1750K .......... .......... .......... .......... ..........  0%  162M 2m50s
  1800K .......... .......... .......... .......... ..........  0%  127M 2m45s
  1850K .......... .......... .......... .......... ..........  0%  115M 2m41s
  1900K .......... .......... .......... .......... ..........  0%  119M 2m37s
  1950K .......... .......... .......... .......... ..........  0%  117M 2m33s
  2000K .......... .......... .......... .......... ..........  0% 88.8M 2m29s
  2050K .......... .......... .......... .......... ..........  0%  117M 2m26s
  2100K .......... .......... .......... .......... ..........  0%  117M 2m22s
  2150K .......... .......... .......... .......... ..........  0%  117M 2m19s
  2200K .......... .......... .......... .......... ..........  0%  115M 2m16s
  2250K .......... .......... .......... .......... ..........  0%  117M 2m13s
  2300K .......... .......... .......... .......... ..........  0%  117M 2m10s
  2350K .......... .......... .......... .......... ..........  0%  117M 2m7s
  2400K .......... .......... .......... .......... ..........  1% 89.1M 2m5s
  2450K .......... .......... .......... .......... ..........  1%  117M 2m2s
  2500K .......... .......... .......... .......... ..........  1%  117M 2m0s
  2550K .......... .......... .......... .......... ..........  1%  117M 1m58s
  2600K .......... .......... .......... .......... ..........  1%  115M 1m56s
  2650K .......... .......... .......... .......... ..........  1%  117M 1m53s
  2700K .......... .......... .......... .......... ..........  1%  116M 1m51s
  2750K .......... .......... .......... .......... ..........  1%  117M 1m49s
  2800K .......... .......... .......... .......... ..........  1% 86.3M 1m47s
  2850K .......... .......... .......... .......... ..........  1%  118M 1m46s
  2900K .......... .......... .......... .......... ..........  1%  117M 1m44s
  2950K .......... .......... .......... .......... ..........  1%  117M 1m42s
  3000K .......... .......... .......... .......... ..........  1%  115M 1m40s
  3050K .......... .......... .......... .......... ..........  1%  117M 99s
  3100K .......... .......... .......... .......... ..........  1%  117M 97s
  3150K .......... .......... .......... .......... ..........  1%  117M 96s
  3200K .......... .......... .......... .......... ..........  1% 88.6M 94s
  3250K .......... .......... .......... .......... ..........  1%  117M 93s
  3300K .......... .......... .......... .......... ..........  1%  117M 92s
  3350K .......... .......... .......... .......... ..........  1%  117M 90s
  3400K .......... .......... .......... .......... ..........  1%  115M 89s
  1700K .......... .......... .......... .......... ..........  0%  352K 2m55s
  1750K .......... .......... .......... .......... ..........  0%  132M 2m50s
  1800K .......... .......... .......... .......... ..........  0%  115M 2m46s
  1850K .......... .......... .......... .......... ..........  0%  114M 2m41s
  1900K .......... .......... .......... .......... ..........  0%  121M 2m37s
  1950K .......... .......... .......... .......... ..........  0%  117M 2m33s
  2000K .......... .......... .......... .......... ..........  0% 88.9M 2m30s
  2050K .......... .......... .......... .......... ..........  0%  117M 2m26s
  2100K .......... .......... .......... .......... ..........  0%  117M 2m23s
  2150K .......... .......... .......... .......... ..........  0%  117M 2m19s
  2200K .......... .......... .......... .......... ..........  0%  115M 2m16s
  2250K .......... .......... .......... .......... ..........  0%  117M 2m13s
  2300K .......... .......... .......... .......... ..........  0%  117M 2m11s
  2350K .......... .......... .......... .......... ..........  0%  117M 2m8s
  2400K .......... .......... .......... .......... ..........  1% 89.1M 2m5s
  2450K .......... .......... .......... .......... ..........  1%  117M 2m3s
  2500K .......... .......... .......... .......... ..........  1%  117M 2m0s
  2550K .......... .......... .......... .......... ..........  1%  117M 1m58s
  2600K .......... .......... .......... .......... ..........  1%  115M 1m56s
  2650K .......... .......... .......... .......... ..........  1%  117M 1m54s
  2700K .......... .......... .......... .......... ..........  1%  117M 1m52s
  2750K .......... .......... .......... .......... ..........  1%  117M 1m50s
  2800K .......... .......... .......... .......... ..........  1% 86.9M 1m48s
  2850K .......... .......... .......... .......... ..........  1%  117M 1m46s
  2900K .......... .......... .......... .......... ..........  1%  117M 1m44s
  2950K .......... .......... .......... .......... ..........  1%  116M 1m42s
  3000K .......... .......... .......... .......... ..........  1%  116M 1m41s
  3050K .......... .......... .......... .......... ..........  1%  117M 99s
  3100K .......... .......... .......... .......... ..........  1%  117M 98s
  3150K .......... .......... .......... .......... ..........  1%  117M 96s
  3200K .......... .......... .......... .......... ..........  1% 89.1M 95s
  3250K .......... .......... .......... .......... ..........  1%  117M 93s
  3300K .......... .......... .......... .......... ..........  1%  117M 92s
  3450K .......... .......... .......... .......... ..........  1% 1.64M 90s
  3350K .......... .......... .......... .......... ..........  1% 1.95M 92s
  3500K .......... .......... .......... .......... ..........  1%  364K 98s
  3550K .......... .......... .......... .......... ..........  1%  144M 96s
  3600K .......... .......... .......... .......... ..........  1% 89.4M 95s
  3650K .......... .......... .......... .......... ..........  1%  117M 94s
  3700K .......... .......... .......... .......... ..........  1%  116M 92s
  3750K .......... .......... .......... .......... ..........  1%  117M 91s
  3800K .......... .......... .......... .......... ..........  1%  115M 90s
  3850K .......... .......... .......... .......... ..........  1%  117M 89s
  3900K .......... .......... .......... .......... ..........  1%  117M 88s
  3950K .......... .......... .......... .......... ..........  1%  116M 87s
  4000K .......... .......... .......... .......... ..........  1% 87.1M 86s
  4050K .......... .......... .......... .......... ..........  1%  117M 85s
  4100K .......... .......... .......... .......... ..........  1%  117M 84s
  4150K .......... .......... .......... .......... ..........  1%  117M 83s
  4200K .......... .......... .......... .......... ..........  1%  114M 82s
  4250K .......... .......... .......... .......... ..........  1%  118M 81s
  4300K .......... .......... .......... .......... ..........  1%  117M 80s
  4350K .......... .......... .......... .......... ..........  1%  117M 79s
  4400K .......... .......... .......... .......... ..........  1% 88.9M 78s
  4450K .......... .......... .......... .......... ..........  1%  117M 77s
  4500K .......... .......... .......... .......... ..........  1%  117M 76s
  4550K .......... .......... .......... .......... ..........  1%  117M 75s
  4600K .......... .......... .......... .......... ..........  1%  115M 75s
  4650K .......... .......... .......... .......... ..........  1%  117M 74s
  4700K .......... .......... .......... .......... ..........  1%  115M 73s
  4750K .......... .......... .......... .......... ..........  1%  119M 72s
  4800K .......... .......... .......... .......... ..........  2% 87.0M 72s
  4850K .......... .......... .......... .......... ..........  2%  117M 71s
  4900K .......... .......... .......... .......... ..........  2%  117M 70s
  4950K .......... .......... .......... .......... ..........  2%  117M 69s
  5000K .......... .......... .......... .......... ..........  2%  115M 69s
  5050K .......... .......... .......... .......... ..........  2%  117M 68s
  5100K .......... .......... .......... .......... ..........  2%  117M 67s
  5150K .......... .......... .......... .......... ..........  2%  117M 67s
  5200K .......... .......... .......... .......... ..........  2% 88.8M 66s
  5250K .......... .......... .......... .......... ..........  2%  117M 66s
  5300K .......... .......... .......... .......... ..........  2%  117M 65s
  5350K .......... .......... .......... .......... ..........  2%  117M 64s
  5400K .......... .......... .......... .......... ..........  2%  115M 64s
  5450K .......... .......... .......... .......... ..........  2%  115M 63s
  5500K .......... .......... .......... .......... ..........  2%  119M 63s
  5550K .......... .......... .......... .......... ..........  2%  117M 62s
  5600K .......... .......... .......... .......... ..........  2% 89.0M 62s
  5650K .......... .......... .......... .......... ..........  2%  117M 61s
  5700K .......... .......... .......... .......... ..........  2%  117M 61s
  5750K .......... .......... .......... .......... ..........  2%  117M 60s
  5800K .......... .......... .......... .......... ..........  2%  115M 59s
  5850K .......... .......... .......... .......... ..........  2%  117M 59s
  5900K .......... .......... .......... .......... ..........  2%  117M 58s
  5950K .......... .......... .......... .......... ..........  2%  117M 58s
  6000K .......... .......... .......... .......... ..........  2% 87.0M 58s
  6050K .......... .......... .......... .......... ..........  2%  117M 57s
  6100K .......... .......... .......... .......... ..........  2%  117M 57s
  6150K .......... .......... .......... .......... ..........  2%  117M 56s
  6200K .......... .......... .......... .......... ..........  2%  115M 56s
  3400K .......... .......... .......... .......... ..........  1%  329K 1m41s
  3450K .......... .......... .......... .......... ..........  1%  183M 1m40s
  3500K .......... .......... .......... .......... ..........  1%  117M 99s
  3550K .......... .......... .......... .......... ..........  1%  116M 97s
  3600K .......... .......... .......... .......... ..........  1% 89.3M 96s
  3650K .......... .......... .......... .......... ..........  1%  117M 95s
  3700K .......... .......... .......... .......... ..........  1%  117M 93s
  3750K .......... .......... .......... .......... ..........  1%  117M 92s
  3800K .......... .......... .......... .......... ..........  1%  115M 91s
  3850K .......... .......... .......... .......... ..........  1%  117M 90s
  3900K .......... .......... .......... .......... ..........  1%  117M 89s
  3950K .......... .......... .......... .......... ..........  1%  117M 88s
  4000K .......... .......... .......... .......... ..........  1% 87.1M 86s
  4050K .......... .......... .......... .......... ..........  1%  117M 85s
  4100K .......... .......... .......... .......... ..........  1%  117M 84s
  4150K .......... .......... .......... .......... ..........  1%  117M 83s
  4200K .......... .......... .......... .......... ..........  1%  114M 82s
  4250K .......... .......... .......... .......... ..........  1%  118M 81s
  4300K .......... .......... .......... .......... ..........  1%  117M 81s
  4350K .......... .......... .......... .......... ..........  1%  117M 80s
  4400K .......... .......... .......... .......... ..........  1% 89.1M 79s
  4450K .......... .......... .......... .......... ..........  1%  117M 78s
  4500K .......... .......... .......... .......... ..........  1%  117M 77s
  4550K .......... .......... .......... .......... ..........  1%  117M 76s
  4600K .......... .......... .......... .......... ..........  1%  115M 75s
  4650K .......... .......... .......... .......... ..........  1%  117M 75s
  4700K .......... .......... .......... .......... ..........  1%  117M 74s
  4750K .......... .......... .......... .......... ..........  1%  117M 73s
  4800K .......... .......... .......... .......... ..........  2% 87.1M 72s
  4850K .......... .......... .......... .......... ..........  2%  117M 72s
  4900K .......... .......... .......... .......... ..........  2%  117M 71s
  4950K .......... .......... .......... .......... ..........  2%  117M 70s
  5000K .......... .......... .......... .......... ..........  2%  115M 69s
  5050K .......... .......... .......... .......... ..........  2%  117M 69s
  5100K .......... .......... .......... .......... ..........  2%  117M 68s
  5150K .......... .......... .......... .......... ..........  2%  117M 67s
  5200K .......... .......... .......... .......... ..........  2% 88.6M 67s
  5250K .......... .......... .......... .......... ..........  2%  117M 66s
  5300K .......... .......... .......... .......... ..........  2%  117M 66s
  5350K .......... .......... .......... .......... ..........  2%  117M 65s
  5400K .......... .......... .......... .......... ..........  2%  115M 64s
  5450K .......... .......... .......... .......... ..........  2%  117M 64s
  5500K .......... .......... .......... .......... ..........  2%  117M 63s
  5550K .......... .......... .......... .......... ..........  2%  117M 63s
  5600K .......... .......... .......... .......... ..........  2% 89.1M 62s
  5650K .......... .......... .......... .......... ..........  2%  117M 62s
  5700K .......... .......... .......... .......... ..........  2%  117M 61s
  5750K .......... .......... .......... .......... ..........  2%  116M 61s
  5800K .......... .......... .......... .......... ..........  2%  116M 60s
  5850K .......... .......... .......... .......... ..........  2%  117M 60s
  5900K .......... .......... .......... .......... ..........  2%  117M 59s
  5950K .......... .......... .......... .......... ..........  2%  117M 59s
  6000K .......... .......... .......... .......... ..........  2% 87.1M 58s
  6050K .......... .......... .......... .......... ..........  2%  117M 58s
  6100K .......... .......... .......... .......... ..........  2%  117M 57s
  6150K .......... .......... .......... .......... ..........  2%  117M 57s
  6250K .......... .......... .......... .......... ..........  2%  314K 61s
  6300K .......... .......... .......... .......... ..........  2%  202M 61s
  6350K .......... .......... .......... .......... ..........  2%  131M 60s
  6400K .......... .......... .......... .......... ..........  2% 87.9M 60s
  6450K .......... .......... .......... .......... ..........  2%  117M 59s
  6500K .......... .......... .......... .......... ..........  2%  115M 59s
  6550K .......... .......... .......... .......... ..........  2%  117M 58s
  6600K .......... .......... .......... .......... ..........  2%  115M 58s
  6650K .......... .......... .......... .......... ..........  2%  117M 58s
  6700K .......... .......... .......... .......... ..........  2%  118M 57s
  6750K .......... .......... .......... .......... ..........  2%  114M 57s
  6800K .......... .......... .......... .......... ..........  2% 88.7M 56s
  6850K .......... .......... .......... .......... ..........  2%  117M 56s
  6900K .......... .......... .......... .......... ..........  2%  117M 56s
  6950K .......... .......... .......... .......... ..........  2%  117M 55s
  7000K .......... .......... .......... .......... ..........  2%  115M 55s
  7050K .......... .......... .......... .......... ..........  2%  117M 54s
  7100K .......... .......... .......... .......... ..........  2%  117M 54s
  7150K .......... .......... .......... .......... ..........  2%  117M 54s
  7200K .......... .......... .......... .......... ..........  2% 88.6M 53s
  7250K .......... .......... .......... .......... ..........  3%  117M 53s
  7300K .......... .......... .......... .......... ..........  3%  117M 53s
  7350K .......... .......... .......... .......... ..........  3%  116M 52s
  7400K .......... .......... .......... .......... ..........  3%  116M 52s
  7450K .......... .......... .......... .......... ..........  3%  117M 51s
  7500K .......... .......... .......... .......... ..........  3%  117M 51s
  7550K .......... .......... .......... .......... ..........  3%  117M 51s
  7600K .......... .......... .......... .......... ..........  3% 89.1M 50s
  7650K .......... .......... .......... .......... ..........  3%  117M 50s
  7700K .......... .......... .......... .......... ..........  3%  117M 50s
  7750K .......... .......... .......... .......... ..........  3%  117M 50s
  7800K .......... .......... .......... .......... ..........  3%  115M 49s
  7850K .......... .......... .......... .......... ..........  3%  117M 49s
  7900K .......... .......... .......... .......... ..........  3%  116M 49s
  7950K .......... .......... .......... .......... ..........  3%  117M 48s
  8000K .......... .......... .......... .......... ..........  3% 86.7M 48s
  8050K .......... .......... .......... .......... ..........  3%  117M 48s
  8100K .......... .......... .......... .......... ..........  3%  117M 47s
  8150K .......... .......... .......... .......... ..........  3%  119M 47s
  8200K .......... .......... .......... .......... ..........  3%  112M 47s
  8250K .......... .......... .......... .......... ..........  3%  116M 47s
  8300K .......... .......... .......... .......... ..........  3%  119M 46s
  8350K .......... .......... .......... .......... ..........  3%  116M 46s
  8400K .......... .......... .......... .......... ..........  3% 88.2M 46s
  8450K .......... .......... .......... .......... ..........  3%  117M 45s
  8500K .......... .......... .......... .......... ..........  3%  117M 45s
  8550K .......... .......... .......... .......... ..........  3%  117M 45s
  8600K .......... .......... .......... .......... ..........  3%  115M 45s
  8650K .......... .......... .......... .......... ..........  3%  117M 44s
  8700K .......... .......... .......... .......... ..........  3%  117M 44s
  8750K .......... .......... .......... .......... ..........  3%  116M 44s
  8800K .......... .......... .......... .......... ..........  3% 86.9M 44s
  8850K .......... .......... .......... .......... ..........  3%  117M 43s
  8900K .......... .......... .......... .......... ..........  3%  117M 43s
  8950K .......... .......... .......... .......... ..........  3%  117M 43s
  9000K .......... .......... .......... .......... ..........  3%  115M 43s
  9050K .......... .......... .......... .......... ..........  3%  116M 43s
  9100K .......... .......... .......... .......... ..........  3%  116M 42s
  9150K .......... .......... .......... .......... ..........  3%  117M 42s
  9200K .......... .......... .......... .......... ..........  3% 89.2M 42s
  9250K .......... .......... .......... .......... ..........  3%  117M 42s
  9300K .......... .......... .......... .......... ..........  3%  117M 41s
  6200K .......... .......... .......... .......... ..........  2%  309K 62s
  6250K .......... .......... .......... .......... ..........  2%  162M 62s
  6300K .......... .......... .......... .......... ..........  2%  118M 61s
  6350K .......... .......... .......... .......... ..........  2%  117M 61s
  6400K .......... .......... .......... .......... ..........  2% 86.6M 60s
  6450K .......... .......... .......... .......... ..........  2%  119M 60s
  6500K .......... .......... .......... .......... ..........  2%  114M 59s
  6550K .......... .......... .......... .......... ..........  2%  119M 59s
  6600K .......... .......... .......... .......... ..........  2%  112M 59s
  6650K .......... .......... .......... .......... ..........  2%  117M 58s
  6700K .......... .......... .......... .......... ..........  2%  120M 58s
  6750K .......... .......... .......... .......... ..........  2%  115M 57s
  6800K .......... .......... .......... .......... ..........  2% 88.0M 57s
  6850K .......... .......... .......... .......... ..........  2%  117M 56s
  6900K .......... .......... .......... .......... ..........  2%  117M 56s
  6950K .......... .......... .......... .......... ..........  2%  117M 56s
  7000K .......... .......... .......... .......... ..........  2%  115M 55s
  7050K .......... .......... .......... .......... ..........  2%  115M 55s
  7100K .......... .......... .......... .......... ..........  2%  118M 55s
  7150K .......... .......... .......... .......... ..........  2%  117M 54s
  7200K .......... .......... .......... .......... ..........  2% 89.0M 54s
  7250K .......... .......... .......... .......... ..........  3%  117M 53s
  7300K .......... .......... .......... .......... ..........  3%  117M 53s
  7350K .......... .......... .......... .......... ..........  3%  117M 53s
  7400K .......... .......... .......... .......... ..........  3%  115M 52s
  7450K .......... .......... .......... .......... ..........  3%  117M 52s
  7500K .......... .......... .......... .......... ..........  3%  116M 52s
  7550K .......... .......... .......... .......... ..........  3%  117M 51s
  7600K .......... .......... .......... .......... ..........  3% 89.1M 51s
  7650K .......... .......... .......... .......... ..........  3%  117M 51s
  7700K .......... .......... .......... .......... ..........  3%  116M 50s
  7750K .......... .......... .......... .......... ..........  3%  117M 50s
  7800K .......... .......... .......... .......... ..........  3%  114M 50s
  7850K .......... .......... .......... .......... ..........  3%  119M 49s
  7900K .......... .......... .......... .......... ..........  3%  114M 49s
  7950K .......... .......... .......... .......... ..........  3%  118M 49s
  8000K .......... .......... .......... .......... ..........  3% 87.3M 48s
  8050K .......... .......... .......... .......... ..........  3%  117M 48s
  8100K .......... .......... .......... .......... ..........  3%  116M 48s
  8150K .......... .......... .......... .......... ..........  3%  115M 48s
  8200K .......... .......... .......... .......... ..........  3%  116M 47s
  8250K .......... .......... .......... .......... ..........  3%  117M 47s
  8300K .......... .......... .......... .......... ..........  3%  117M 47s
  8350K .......... .......... .......... .......... ..........  3%  116M 46s
  8400K .......... .......... .......... .......... ..........  3% 89.5M 46s
  8450K .......... .......... .......... .......... ..........  3%  117M 46s
  8500K .......... .......... .......... .......... ..........  3%  117M 46s
  8550K .......... .......... .......... .......... ..........  3%  117M 45s
  8600K .......... .......... .......... .......... ..........  3%  115M 45s
  8650K .......... .......... .......... .......... ..........  3%  116M 45s
  8700K .......... .......... .......... .......... ..........  3%  117M 45s
  8750K .......... .......... .......... .......... ..........  3%  117M 44s
  8800K .......... .......... .......... .......... ..........  3% 87.1M 44s
  8850K .......... .......... .......... .......... ..........  3%  117M 44s
  8900K .......... .......... .......... .......... ..........  3%  117M 44s
  8950K .......... .......... .......... .......... ..........  3%  117M 43s
  9000K .......... .......... .......... .......... ..........  3%  115M 43s
  9050K .......... .......... .......... .......... ..........  3%  117M 43s
  9100K .......... .......... .......... .......... ..........  3%  116M 43s
  9150K .......... .......... .......... .......... ..........  3%  118M 42s
  9200K .......... .......... .......... .......... ..........  3% 88.8M 42s
  9350K .......... .......... .......... .......... ..........  3%  322K 45s
  9400K .......... .......... .......... .......... ..........  3%  102M 45s
  9450K .......... .......... .......... .......... ..........  3% 13.6M 45s
  9500K .......... .......... .......... .......... ..........  3%  117M 44s
  9550K .......... .......... .......... .......... ..........  3%  117M 44s
  9600K .......... .......... .......... .......... ..........  3% 87.0M 44s
  9650K .......... .......... .......... .......... ..........  4%  120M 44s
  9700K .......... .......... .......... .......... ..........  4%  114M 43s
  9750K .......... .......... .......... .......... ..........  4%  117M 43s
  9800K .......... .......... .......... .......... ..........  4%  114M 43s
  9850K .......... .......... .......... .......... ..........  4%  118M 43s
  9900K .......... .......... .......... .......... ..........  4%  117M 43s
  9950K .......... .......... .......... .......... ..........  4%  117M 42s
 10000K .......... .......... .......... .......... ..........  4% 88.7M 42s
 10050K .......... .......... .......... .......... ..........  4%  117M 42s
 10100K .......... .......... .......... .......... ..........  4%  116M 42s
 10150K .......... .......... .......... .......... ..........  4%  117M 42s
 10200K .......... .......... .......... .......... ..........  4%  115M 41s
 10250K .......... .......... .......... .......... ..........  4%  117M 41s
 10300K .......... .......... .......... .......... ..........  4%  117M 41s
 10350K .......... .......... .......... .......... ..........  4%  117M 41s
 10400K .......... .......... .......... .......... ..........  4% 89.1M 41s
 10450K .......... .......... .......... .......... ..........  4%  117M 40s
 10500K .......... .......... .......... .......... ..........  4%  117M 40s
 10550K .......... .......... .......... .......... ..........  4%  117M 40s
 10600K .......... .......... .......... .......... ..........  4%  115M 40s
 10650K .......... .......... .......... .......... ..........  4%  117M 40s
 10700K .......... .......... .......... .......... ..........  4%  117M 39s
 10750K .......... .......... .......... .......... ..........  4%  115M 39s
 10800K .......... .......... .......... .......... ..........  4% 87.7M 39s
 10850K .......... .......... .......... .......... ..........  4%  116M 39s
 10900K .......... .......... .......... .......... ..........  4%  118M 39s
 10950K .......... .......... .......... .......... ..........  4%  117M 39s
 11000K .......... .......... .......... .......... ..........  4%  115M 38s
 11050K .......... .......... .......... .......... ..........  4%  117M 38s
 11100K .......... .......... .......... .......... ..........  4%  116M 38s
 11150K .......... .......... .......... .......... ..........  4%  118M 38s
 11200K .......... .......... .......... .......... ..........  4% 89.2M 38s
 11250K .......... .......... .......... .......... ..........  4%  114M 38s
 11300K .......... .......... .......... .......... ..........  4%  119M 37s
 11350K .......... .......... .......... .......... ..........  4%  115M 37s
 11400K .......... .......... .......... .......... ..........  4%  115M 37s
 11450K .......... .......... .......... .......... ..........  4%  115M 37s
 11500K .......... .......... .......... .......... ..........  4%  117M 37s
 11550K .......... .......... .......... .......... ..........  4%  118M 37s
 11600K .......... .......... .......... .......... ..........  4% 88.7M 36s
 11650K .......... .......... .......... .......... ..........  4%  117M 36s
 11700K .......... .......... .......... .......... ..........  4%  116M 36s
 11750K .......... .......... .......... .......... ..........  4%  117M 36s
 11800K .......... .......... .......... .......... ..........  4%  115M 36s
 11850K .......... .......... .......... .......... ..........  4%  117M 36s
 11900K .......... .......... .......... .......... ..........  4%  117M 36s
 11950K .......... .......... .......... .......... ..........  4%  117M 35s
 12000K .......... .......... .......... .......... ..........  4% 87.0M 35s
 12050K .......... .......... .......... .......... ..........  4%  117M 35s
 12100K .......... .......... .......... .......... ..........  5%  117M 35s
 12150K .......... .......... .......... .......... ..........  5%  117M 35s
 12200K .......... .......... .......... .......... ..........  5%  115M 35s
 12250K .......... .......... .......... .......... ..........  5%  117M 34s
 12300K .......... .......... .......... .......... ..........  5%  117M 34s
  9250K .......... .......... .......... .......... ..........  3%  315K 46s
  9300K .......... .......... .......... .......... ..........  3%  125M 46s
  9350K .......... .......... .......... .......... ..........  3%  143M 45s
  9400K .......... .......... .......... .......... ..........  3%  114M 45s
  9450K .......... .......... .......... .......... ..........  3%  120M 45s
  9500K .......... .......... .......... .......... ..........  3%  114M 45s
  9550K .......... .......... .......... .......... ..........  3%  120M 45s
  9600K .......... .......... .......... .......... ..........  3% 86.8M 44s
  9650K .......... .......... .......... .......... ..........  4%  118M 44s
  9700K .......... .......... .......... .......... ..........  4%  116M 44s
  9750K .......... .......... .......... .......... ..........  4%  115M 44s
  9800K .......... .......... .......... .......... ..........  4%  115M 43s
  9850K .......... .......... .......... .......... ..........  4%  117M 43s
  9900K .......... .......... .......... .......... ..........  4%  117M 43s
  9950K .......... .......... .......... .......... ..........  4%  117M 43s
 10000K .......... .......... .......... .......... ..........  4% 89.1M 43s
 10050K .......... .......... .......... .......... ..........  4%  117M 42s
 10100K .......... .......... .......... .......... ..........  4%  117M 42s
 10150K .......... .......... .......... .......... ..........  4%  117M 42s
 10200K .......... .......... .......... .......... ..........  4%  115M 42s
 10250K .......... .......... .......... .......... ..........  4%  117M 42s
 10300K .......... .......... .......... .......... ..........  4%  117M 41s
 10350K .......... .......... .......... .......... ..........  4%  117M 41s
 10400K .......... .......... .......... .......... ..........  4% 88.8M 41s
 10450K .......... .......... .......... .......... ..........  4%  117M 41s
 10500K .......... .......... .......... .......... ..........  4%  117M 41s
 10550K .......... .......... .......... .......... ..........  4%  116M 40s
 10600K .......... .......... .......... .......... ..........  4%  116M 40s
 10650K .......... .......... .......... .......... ..........  4%  117M 40s
 10700K .......... .......... .......... .......... ..........  4%  117M 40s
 10750K .......... .......... .......... .......... ..........  4%  116M 40s
 10800K .......... .......... .......... .......... ..........  4% 87.2M 39s
 10850K .......... .......... .......... .......... ..........  4%  117M 39s
 10900K .......... .......... .......... .......... ..........  4%  117M 39s
 10950K .......... .......... .......... .......... ..........  4%  116M 39s
 11000K .......... .......... .......... .......... ..........  4%  117M 39s
 11050K .......... .......... .......... .......... ..........  4%  118M 39s
 11100K .......... .......... .......... .......... ..........  4%  114M 38s
 11150K .......... .......... .......... .......... ..........  4%  118M 38s
 11200K .......... .......... .......... .......... ..........  4% 88.4M 38s
 11250K .......... .......... .......... .......... ..........  4%  115M 38s
 11300K .......... .......... .......... .......... ..........  4%  119M 38s
 11350K .......... .......... .......... .......... ..........  4%  115M 38s
 11400K .......... .......... .......... .......... ..........  4%  115M 37s
 11450K .......... .......... .......... .......... ..........  4%  116M 37s
 11500K .......... .......... .......... .......... ..........  4%  118M 37s
 11550K .......... .......... .......... .......... ..........  4%  117M 37s
 11600K .......... .......... .......... .......... ..........  4% 89.1M 37s
 11650K .......... .......... .......... .......... ..........  4%  117M 37s
 11700K .......... .......... .......... .......... ..........  4%  117M 36s
 11750K .......... .......... .......... .......... ..........  4%  116M 36s
 11800K .......... .......... .......... .......... ..........  4%  116M 36s
 11850K .......... .......... .......... .......... ..........  4%  117M 36s
 11900K .......... .......... .......... .......... ..........  4%  117M 36s
 11950K .......... .......... .......... .......... ..........  4%  116M 36s
 12000K .......... .......... .......... .......... ..........  4% 87.3M 36s
 12050K .......... .......... .......... .......... ..........  4%  117M 35s
 12100K .......... .......... .......... .......... ..........  5%  117M 35s
 12150K .......... .......... .......... .......... ..........  5%  117M 35s
 12200K .......... .......... .......... .......... ..........  5%  115M 35s
 12250K .......... .......... .......... .......... ..........  5%  116M 35s
 12350K .......... .......... .......... .......... ..........  5%  117M 34s
 12400K .......... .......... .......... .......... ..........  5%  328K 37s
 12450K .......... .......... .......... .......... ..........  5% 90.8M 37s
 12500K .......... .......... .......... .......... ..........  5% 14.5M 37s
 12550K .......... .......... .......... .......... ..........  5% 72.0M 37s
 12600K .......... .......... .......... .......... ..........  5%  116M 36s
 12650K .......... .......... .......... .......... ..........  5% 15.2M 36s
 12700K .......... .......... .......... .......... ..........  5%  117M 36s
 12750K .......... .......... .......... .......... ..........  5%  117M 36s
 12800K .......... .......... .......... .......... ..........  5% 86.8M 36s
 12850K .......... .......... .......... .......... ..........  5%  119M 36s
 12900K .......... .......... .......... .......... ..........  5%  117M 36s
 12950K .......... .......... .......... .......... ..........  5%  117M 35s
 13000K .......... .......... .......... .......... ..........  5%  113M 35s
 13050K .......... .......... .......... .......... ..........  5%  116M 35s
 13100K .......... .......... .......... .......... ..........  5%  117M 35s
 13150K .......... .......... .......... .......... ..........  5%  117M 35s
 13200K .......... .......... .......... .......... ..........  5% 88.7M 35s
 13250K .......... .......... .......... .......... ..........  5%  117M 35s
 13300K .......... .......... .......... .......... ..........  5%  117M 35s
 13350K .......... .......... .......... .......... ..........  5%  117M 34s
 13400K .......... .......... .......... .......... ..........  5%  115M 34s
 13450K .......... .......... .......... .......... ..........  5%  116M 34s
 13500K .......... .......... .......... .......... ..........  5%  117M 34s
 13550K .......... .......... .......... .......... ..........  5%  117M 34s
 13600K .......... .......... .......... .......... ..........  5% 89.1M 34s
 13650K .......... .......... .......... .......... ..........  5%  116M 34s
 13700K .......... .......... .......... .......... ..........  5%  117M 33s
 13750K .......... .......... .......... .......... ..........  5%  117M 33s
 13800K .......... .......... .......... .......... ..........  5%  114M 33s
 13850K .......... .......... .......... .......... ..........  5%  118M 33s
 13900K .......... .......... .......... .......... ..........  5%  117M 33s
 13950K .......... .......... .......... .......... ..........  5%  117M 33s
 14000K .......... .......... .......... .......... ..........  5% 87.1M 33s
 14050K .......... .......... .......... .......... ..........  5%  117M 33s
 14100K .......... .......... .......... .......... ..........  5%  117M 33s
 14150K .......... .......... .......... .......... ..........  5%  117M 32s
 14200K .......... .......... .......... .......... ..........  5%  115M 32s
 14250K .......... .......... .......... .......... ..........  5%  117M 32s
 14300K .......... .......... .......... .......... ..........  5%  116M 32s
 14350K .......... .......... .......... .......... ..........  5%  117M 32s
 14400K .......... .......... .......... .......... ..........  5% 88.3M 32s
 14450K .......... .......... .......... .......... ..........  5%  117M 32s
 14500K .......... .......... .......... .......... ..........  6%  115M 32s
 14550K .......... .......... .......... .......... ..........  6%  120M 32s
 14600K .......... .......... .......... .......... ..........  6%  112M 31s
 14650K .......... .......... .......... .......... ..........  6%  119M 31s
 14700K .......... .......... .......... .......... ..........  6%  117M 31s
 14750K .......... .......... .......... .......... ..........  6%  117M 31s
 14800K .......... .......... .......... .......... ..........  6% 87.0M 31s
 14850K .......... .......... .......... .......... ..........  6%  117M 31s
 14900K .......... .......... .......... .......... ..........  6%  117M 31s
 14950K .......... .......... .......... .......... ..........  6%  117M 31s
 15000K .......... .......... .......... .......... ..........  6%  115M 31s
 15050K .......... .......... .......... .......... ..........  6%  117M 30s
 15100K .......... .......... .......... .......... ..........  6%  117M 30s
 15150K .......... .......... .......... .......... ..........  6%  117M 30s
 15200K .......... .......... .......... .......... ..........  6% 88.9M 30s
 15250K .......... .......... .......... .......... ..........  6%  117M 30s
 15300K .......... .......... .......... .......... ..........  6%  116M 30s
 15350K .......... .......... .......... .......... ..........  6%  116M 30s
 12300K .......... .......... .......... .......... ..........  5%  316K 38s
 12350K .......... .......... .......... .......... ..........  5%  116M 37s
 12400K .......... .......... .......... .......... ..........  5%  105M 37s
 12450K .......... .......... .......... .......... ..........  5%  118M 37s
 12500K .......... .......... .......... .......... ..........  5%  117M 37s
 12550K .......... .......... .......... .......... ..........  5%  116M 37s
 12600K .......... .......... .......... .......... ..........  5%  112M 37s
 12650K .......... .......... .......... .......... ..........  5%  121M 37s
 12700K .......... .......... .......... .......... ..........  5%  113M 36s
 12750K .......... .......... .......... .......... ..........  5%  120M 36s
 12800K .......... .......... .......... .......... ..........  5% 86.9M 36s
 12850K .......... .......... .......... .......... ..........  5%  117M 36s
 12900K .......... .......... .......... .......... ..........  5%  117M 36s
 12950K .......... .......... .......... .......... ..........  5%  117M 36s
 13000K .......... .......... .......... .......... ..........  5%  115M 36s
 13050K .......... .......... .......... .......... ..........  5%  117M 35s
 13100K .......... .......... .......... .......... ..........  5%  114M 35s
 13150K .......... .......... .......... .......... ..........  5%  119M 35s
 13200K .......... .......... .......... .......... ..........  5% 88.9M 35s
 13250K .......... .......... .......... .......... ..........  5%  117M 35s
 13300K .......... .......... .......... .......... ..........  5%  117M 35s
 13350K .......... .......... .......... .......... ..........  5%  117M 35s
 13400K .......... .......... .......... .......... ..........  5%  115M 35s
 13450K .......... .......... .......... .......... ..........  5%  117M 34s
 13500K .......... .......... .......... .......... ..........  5%  117M 34s
 13550K .......... .......... .......... .......... ..........  5%  117M 34s
 13600K .......... .......... .......... .......... ..........  5% 89.0M 34s
 13650K .......... .......... .......... .......... ..........  5%  117M 34s
 13700K .......... .......... .......... .......... ..........  5%  117M 34s
 13750K .......... .......... .......... .......... ..........  5%  117M 34s
 13800K .......... .......... .......... .......... ..........  5%  104M 34s
 13850K .......... .......... .......... .......... ..........  5%  116M 33s
 13900K .......... .......... .......... .......... ..........  5%  118M 33s
 13950K .......... .......... .......... .......... ..........  5%  118M 33s
 14000K .......... .......... .......... .......... ..........  5% 86.4M 33s
 14050K .......... .......... .......... .......... ..........  5%  119M 33s
 14100K .......... .......... .......... .......... ..........  5%  117M 33s
 14150K .......... .......... .......... .......... ..........  5%  113M 33s
 14200K .......... .......... .......... .......... ..........  5%  115M 33s
 14250K .......... .......... .......... .......... ..........  5%  119M 32s
 14300K .......... .......... .......... .......... ..........  5%  117M 32s
 14350K .......... .......... .......... .......... ..........  5%  117M 32s
 14400K .......... .......... .......... .......... ..........  5% 87.1M 32s
 14450K .......... .......... .......... .......... ..........  5%  117M 32s
 14500K .......... .......... .......... .......... ..........  6%  117M 32s
 14550K .......... .......... .......... .......... ..........  6%  117M 32s
 14600K .......... .......... .......... .......... ..........  6%  115M 32s
 14650K .......... .......... .......... .......... ..........  6%  117M 32s
 14700K .......... .......... .......... .......... ..........  6%  117M 31s
 14750K .......... .......... .......... .......... ..........  6%  117M 31s
 14800K .......... .......... .......... .......... ..........  6% 88.9M 31s
 14850K .......... .......... .......... .......... ..........  6%  117M 31s
 14900K .......... .......... .......... .......... ..........  6%  117M 31s
 14950K .......... .......... .......... .......... ..........  6%  117M 31s
 15000K .......... .......... .......... .......... ..........  6%  115M 31s
 15050K .......... .......... .......... .......... ..........  6%  117M 31s
 15100K .......... .......... .......... .......... ..........  6%  117M 31s
 15150K .......... .......... .......... .......... ..........  6%  117M 31s
 15200K .......... .......... .......... .......... ..........  6% 88.9M 30s
 15250K .......... .......... .......... .......... ..........  6%  117M 30s
 15400K .......... .......... .......... .......... ..........  6% 1.34M 30s
 15450K .......... .......... .......... .......... ..........  6%  442K 32s
 15500K .......... .......... .......... .......... ..........  6% 73.1M 32s
 15550K .......... .......... .......... .......... ..........  6% 16.9M 32s
 15600K .......... .......... .......... .......... ..........  6% 38.3M 32s
 15650K .......... .......... .......... .......... ..........  6% 16.1M 32s
 15700K .......... .......... .......... .......... ..........  6% 14.1M 32s
 15750K .......... .......... .......... .......... ..........  6%  130M 31s
 15800K .......... .......... .......... .......... ..........  6%  115M 31s
 15850K .......... .......... .......... .......... ..........  6%  117M 31s
 15900K .......... .......... .......... .......... ..........  6%  114M 31s
 15950K .......... .......... .......... .......... ..........  6%  117M 31s
 16000K .......... .......... .......... .......... ..........  6% 88.9M 31s
 16050K .......... .......... .......... .......... ..........  6%  118M 31s
 16100K .......... .......... .......... .......... ..........  6%  115M 31s
 16150K .......... .......... .......... .......... ..........  6%  117M 31s
 16200K .......... .......... .......... .......... ..........  6%  116M 31s
 16250K .......... .......... .......... .......... ..........  6%  117M 30s
 16300K .......... .......... .......... .......... ..........  6%  117M 30s
 16350K .......... .......... .......... .......... ..........  6%  116M 30s
 16400K .......... .......... .......... .......... ..........  6% 87.2M 30s
 16450K .......... .......... .......... .......... ..........  6%  117M 30s
 16500K .......... .......... .......... .......... ..........  6%  117M 30s
 16550K .......... .......... .......... .......... ..........  6%  116M 30s
 16600K .......... .......... .......... .......... ..........  6%  116M 30s
 16650K .......... .......... .......... .......... ..........  6%  117M 30s
 16700K .......... .......... .......... .......... ..........  6%  117M 30s
 16750K .......... .......... .......... .......... ..........  6%  115M 30s
 16800K .......... .......... .......... .......... ..........  6% 89.5M 29s
 16850K .......... .......... .......... .......... ..........  6%  117M 29s
 16900K .......... .......... .......... .......... ..........  6%  117M 29s
 16950K .......... .......... .......... .......... ..........  7%  117M 29s
 17000K .......... .......... .......... .......... ..........  7%  115M 29s
 17050K .......... .......... .......... .......... ..........  7%  117M 29s
 17100K .......... .......... .......... .......... ..........  7%  117M 29s
 17150K .......... .......... .......... .......... ..........  7%  117M 29s
 17200K .......... .......... .......... .......... ..........  7% 87.0M 29s
 17250K .......... .......... .......... .......... ..........  7%  117M 29s
 17300K .......... .......... .......... .......... ..........  7% 63.4M 29s
 17350K .......... .......... .......... .......... ..........  7%  117M 29s
 17400K .......... .......... .......... .......... ..........  7%  119M 28s
 17450K .......... .......... .......... .......... ..........  7%  113M 28s
 17500K .......... .......... .......... .......... ..........  7%  117M 28s
 17550K .......... .......... .......... .......... ..........  7%  116M 28s
 17600K .......... .......... .......... .......... ..........  7% 88.4M 28s
 17650K .......... .......... .......... .......... ..........  7%  121M 28s
 17700K .......... .......... .......... .......... ..........  7%  116M 28s
 17750K .......... .......... .......... .......... ..........  7%  114M 28s
 17800K .......... .......... .......... .......... ..........  7%  114M 28s
 17850K .......... .......... .......... .......... ..........  7%  118M 28s
 17900K .......... .......... .......... .......... ..........  7%  117M 28s
 17950K .......... .......... .......... .......... ..........  7%  115M 28s
 18000K .......... .......... .......... .......... ..........  7% 89.6M 27s
 18050K .......... .......... .......... .......... ..........  7%  117M 27s
 18100K .......... .......... .......... .......... ..........  7%  117M 27s
 18150K .......... .......... .......... .......... ..........  7%  117M 27s
 18200K .......... .......... .......... .......... ..........  7%  115M 27s
 18250K .......... .......... .......... .......... ..........  7%  116M 27s
 18300K .......... .......... .......... .......... ..........  7%  118M 27s
 18350K .......... .......... .......... .......... ..........  7%  116M 27s
 15300K .......... .......... .......... .......... ..........  6%  315K 33s
 15350K .......... .......... .......... .......... ..........  6%  156M 32s
 15400K .......... .......... .......... .......... ..........  6%  116M 32s
 15450K .......... .......... .......... .......... ..........  6%  118M 32s
 15500K .......... .......... .......... .......... ..........  6%  119M 32s
 15550K .......... .......... .......... .......... ..........  6%  117M 32s
 15600K .......... .......... .......... .......... ..........  6% 88.3M 32s
 15650K .......... .......... .......... .......... ..........  6%  117M 32s
 15700K .......... .......... .......... .......... ..........  6%  116M 32s
 15750K .......... .......... .......... .......... ..........  6%  116M 32s
 15800K .......... .......... .......... .......... ..........  6%  115M 32s
 15850K .......... .......... .......... .......... ..........  6%  117M 31s
 15900K .......... .......... .......... .......... ..........  6%  117M 31s
 15950K .......... .......... .......... .......... ..........  6%  117M 31s
 16000K .......... .......... .......... .......... ..........  6% 88.8M 31s
 16050K .......... .......... .......... .......... ..........  6%  117M 31s
 16100K .......... .......... .......... .......... ..........  6%  117M 31s
 16150K .......... .......... .......... .......... ..........  6%  117M 31s
 16200K .......... .......... .......... .......... ..........  6%  115M 31s
 16250K .......... .......... .......... .......... ..........  6%  117M 31s
 16300K .......... .......... .......... .......... ..........  6%  117M 31s
 16350K .......... .......... .......... .......... ..........  6%  116M 30s
 16400K .......... .......... .......... .......... ..........  6% 87.2M 30s
 16450K .......... .......... .......... .......... ..........  6%  117M 30s
 16500K .......... .......... .......... .......... ..........  6%  117M 30s
 16550K .......... .......... .......... .......... ..........  6%  117M 30s
 16600K .......... .......... .......... .......... ..........  6%  115M 30s
 16650K .......... .......... .......... .......... ..........  6%  117M 30s
 16700K .......... .......... .......... .......... ..........  6%  117M 30s
 16750K .......... .......... .......... .......... ..........  6%  115M 30s
 16800K .......... .......... .......... .......... ..........  6% 89.8M 30s
 16850K .......... .......... .......... .......... ..........  6%  117M 30s
 16900K .......... .......... .......... .......... ..........  6%  117M 29s
 16950K .......... .......... .......... .......... ..........  7%  117M 29s
 17000K .......... .......... .......... .......... ..........  7%  115M 29s
 17050K .......... .......... .......... .......... ..........  7%  117M 29s
 17100K .......... .......... .......... .......... ..........  7%  114M 29s
 17150K .......... .......... .......... .......... ..........  7%  120M 29s
 17200K .......... .......... .......... .......... ..........  7% 86.7M 29s
 17250K .......... .......... .......... .......... ..........  7%  118M 29s
 17300K .......... .......... .......... .......... ..........  7%  116M 29s
 17350K .......... .......... .......... .......... ..........  7%  117M 29s
 17400K .......... .......... .......... .......... ..........  7%  115M 29s
 17450K .......... .......... .......... .......... ..........  7%  117M 29s
 17500K .......... .......... .......... .......... ..........  7%  117M 28s
 17550K .......... .......... .......... .......... ..........  7%  117M 28s
 17600K .......... .......... .......... .......... ..........  7% 88.9M 28s
 17650K .......... .......... .......... .......... ..........  7%  117M 28s
 17700K .......... .......... .......... .......... ..........  7%  117M 28s
 17750K .......... .......... .......... .......... ..........  7%  117M 28s
 17800K .......... .......... .......... .......... ..........  7%  115M 28s
 17850K .......... .......... .......... .......... ..........  7%  117M 28s
 17900K .......... .......... .......... .......... ..........  7%  117M 28s
 17950K .......... .......... .......... .......... ..........  7%  117M 28s
 18000K .......... .......... .......... .......... ..........  7% 87.0M 28s
 18050K .......... .......... .......... .......... ..........  7%  117M 28s
 18100K .......... .......... .......... .......... ..........  7%  117M 28s
 18150K .......... .......... .......... .......... ..........  7%  117M 27s
 18200K .......... .......... .......... .......... ..........  7%  115M 27s
 18250K .......... .......... .......... .......... ..........  7%  117M 27s
 18300K .......... .......... .......... .......... ..........  7%  117M 27s
 18400K .......... .......... .......... .......... ..........  7% 1.45M 27s
 18450K .......... .......... .......... .......... ..........  7%  442K 29s
 18500K .......... .......... .......... .......... ..........  7%  172M 28s
 18550K .......... .......... .......... .......... ..........  7% 15.9M 28s
 18600K .......... .......... .......... .......... ..........  7% 44.1M 28s
 18650K .......... .......... .......... .......... ..........  7% 16.4M 28s
 18700K .......... .......... .......... .......... ..........  7%  117M 28s
 18750K .......... .......... .......... .......... ..........  7% 13.9M 28s
 18800K .......... .......... .......... .......... ..........  7% 87.1M 28s
 18850K .......... .......... .......... .......... ..........  7% 15.2M 28s
 18900K .......... .......... .......... .......... ..........  7%  117M 28s
 18950K .......... .......... .......... .......... ..........  7%  116M 28s
 19000K .......... .......... .......... .......... ..........  7%  116M 28s
 19050K .......... .......... .......... .......... ..........  7%  117M 28s
 19100K .......... .......... .......... .......... ..........  7%  115M 28s
 19150K .......... .......... .......... .......... ..........  7%  117M 28s
 19200K .......... .......... .......... .......... ..........  7% 88.0M 28s
 19250K .......... .......... .......... .......... ..........  7%  117M 27s
 19300K .......... .......... .......... .......... ..........  7%  117M 27s
 19350K .......... .......... .......... .......... ..........  8%  117M 27s
 19400K .......... .......... .......... .......... ..........  8%  115M 27s
 19450K .......... .......... .......... .......... ..........  8%  117M 27s
 19500K .......... .......... .......... .......... ..........  8%  117M 27s
 19550K .......... .......... .......... .......... ..........  8%  117M 27s
 19600K .......... .......... .......... .......... ..........  8% 88.8M 27s
 19650K .......... .......... .......... .......... ..........  8%  117M 27s
 19700K .......... .......... .......... .......... ..........  8%  117M 27s
 19750K .......... .......... .......... .......... ..........  8%  117M 27s
 19800K .......... .......... .......... .......... ..........  8%  115M 27s
 19850K .......... .......... .......... .......... ..........  8%  117M 27s
 19900K .......... .......... .......... .......... ..........  8%  117M 27s
 19950K .......... .......... .......... .......... ..........  8%  117M 27s
 20000K .......... .......... .......... .......... ..........  8% 88.9M 26s
 20050K .......... .......... .......... .......... ..........  8%  117M 26s
 20100K .......... .......... .......... .......... ..........  8%  116M 26s
 20150K .......... .......... .......... .......... ..........  8%  117M 26s
 20200K .......... .......... .......... .......... ..........  8%  115M 26s
 20250K .......... .......... .......... .......... ..........  8%  117M 26s
 20300K .......... .......... .......... .......... ..........  8%  117M 26s
 20350K .......... .......... .......... .......... ..........  8% 61.9M 26s
 20400K .......... .......... .......... .......... ..........  8% 87.1M 26s
 20450K .......... .......... .......... .......... ..........  8%  118M 26s
 20500K .......... .......... .......... .......... ..........  8%  117M 26s
 20550K .......... .......... .......... .......... ..........  8%  114M 26s
 20600K .......... .......... .......... .......... ..........  8%  117M 26s
 20650K .......... .......... .......... .......... ..........  8%  117M 26s
 20700K .......... .......... .......... .......... ..........  8%  117M 26s
 20750K .......... .......... .......... .......... ..........  8%  114M 25s
 20800K .......... .......... .......... .......... ..........  8% 88.5M 25s
 20850K .......... .......... .......... .......... ..........  8%  117M 25s
 20900K .......... .......... .......... .......... ..........  8%  117M 25s
 20950K .......... .......... .......... .......... ..........  8%  117M 25s
 21000K .......... .......... .......... .......... ..........  8%  115M 25s
 21050K .......... .......... .......... .......... ..........  8%  117M 25s
 21100K .......... .......... .......... .......... ..........  8%  117M 25s
 21150K .......... .......... .......... .......... ..........  8%  117M 25s
 21200K .......... .......... .......... .......... ..........  8% 89.1M 25s
 21250K .......... .......... .......... .......... ..........  8%  117M 25s
 21300K .......... .......... .......... .......... ..........  8%  117M 25s
 21350K .......... .......... .......... .......... ..........  8%  117M 25s
 21400K .......... .......... .......... .......... ..........  8%  115M 25s
 18350K .......... .......... .......... .......... ..........  7%  315K 29s
 18400K .......... .......... .......... .......... ..........  7% 89.4M 29s
 18450K .......... .......... .......... .......... ..........  7%  117M 29s
 18500K .......... .......... .......... .......... ..........  7%  117M 29s
 18550K .......... .......... .......... .......... ..........  7%  119M 29s
 18600K .......... .......... .......... .......... ..........  7%  112M 29s
 18650K .......... .......... .......... .......... ..........  7%  119M 29s
 18700K .......... .......... .......... .......... ..........  7%  117M 29s
 18750K .......... .......... .......... .......... ..........  7%  114M 28s
 18800K .......... .......... .......... .......... ..........  7% 87.7M 28s
 18850K .......... .......... .......... .......... ..........  7%  117M 28s
 18900K .......... .......... .......... .......... ..........  7%  117M 28s
 18950K .......... .......... .......... .......... ..........  7%  117M 28s
 19000K .......... .......... .......... .......... ..........  7%  115M 28s
 19050K .......... .......... .......... .......... ..........  7%  117M 28s
 19100K .......... .......... .......... .......... ..........  7%  116M 28s
 19150K .......... .......... .......... .......... ..........  7%  116M 28s
 19200K .......... .......... .......... .......... ..........  7% 90.2M 28s
 19250K .......... .......... .......... .......... ..........  7%  117M 28s
 19300K .......... .......... .......... .......... ..........  7%  117M 28s
 19350K .......... .......... .......... .......... ..........  8%  117M 28s
 19400K .......... .......... .......... .......... ..........  8%  115M 27s
 19450K .......... .......... .......... .......... ..........  8%  117M 27s
 19500K .......... .......... .......... .......... ..........  8%  117M 27s
 19550K .......... .......... .......... .......... ..........  8%  117M 27s
 19600K .......... .......... .......... .......... ..........  8% 88.8M 27s
 19650K .......... .......... .......... .......... ..........  8%  116M 27s
 19700K .......... .......... .......... .......... ..........  8%  117M 27s
 19750K .......... .......... .......... .......... ..........  8%  117M 27s
 19800K .......... .......... .......... .......... ..........  8%  115M 27s
 19850K .......... .......... .......... .......... ..........  8%  117M 27s
 19900K .......... .......... .......... .......... ..........  8%  115M 27s
 19950K .......... .......... .......... .......... ..........  8%  119M 27s
 20000K .......... .......... .......... .......... ..........  8% 87.0M 27s
 20050K .......... .......... .......... .......... ..........  8%  118M 27s
 20100K .......... .......... .......... .......... ..........  8%  117M 26s
 20150K .......... .......... .......... .......... ..........  8%  114M 26s
 20200K .......... .......... .......... .......... ..........  8%  117M 26s
 20250K .......... .......... .......... .......... ..........  8%  117M 26s
 20300K .......... .......... .......... .......... ..........  8%  115M 26s
 20350K .......... .......... .......... .......... ..........  8%  117M 26s
 20400K .......... .......... .......... .......... ..........  8% 89.1M 26s
 20450K .......... .......... .......... .......... ..........  8%  117M 26s
 20500K .......... .......... .......... .......... ..........  8%  117M 26s
 20550K .......... .......... .......... .......... ..........  8%  116M 26s
 20600K .......... .......... .......... .......... ..........  8%  116M 26s
 20650K .......... .......... .......... .......... ..........  8%  117M 26s
 20700K .......... .......... .......... .......... ..........  8%  117M 26s
 20750K .......... .......... .......... .......... ..........  8%  117M 26s
 20800K .......... .......... .......... .......... ..........  8% 88.8M 26s
 20850K .......... .......... .......... .......... ..........  8%  117M 26s
 20900K .......... .......... .......... .......... ..........  8%  117M 25s
 20950K .......... .......... .......... .......... ..........  8%  117M 25s
 21000K .......... .......... .......... .......... ..........  8%  115M 25s
 21050K .......... .......... .......... .......... ..........  8%  116M 25s
 21100K .......... .......... .......... .......... ..........  8%  117M 25s
 21150K .......... .......... .......... .......... ..........  8%  117M 25s
 21200K .......... .......... .......... .......... ..........  8% 87.0M 25s
 21250K .......... .......... .......... .......... ..........  8%  117M 25s
 21300K .......... .......... .......... .......... ..........  8%  117M 25s
 21450K .......... .......... .......... .......... ..........  8% 1.61M 25s
 21500K .......... .......... .......... .......... ..........  8% 80.5M 25s
 21550K .......... .......... .......... .......... ..........  8%  442K 26s
 21600K .......... .......... .......... .......... ..........  8% 15.4M 26s
 21650K .......... .......... .......... .......... ..........  8% 39.9M 26s
 21700K .......... .......... .......... .......... ..........  8% 18.3M 26s
 21750K .......... .......... .......... .......... ..........  8% 92.6M 26s
 21800K .......... .......... .......... .......... ..........  9% 13.8M 26s
 21850K .......... .......... .......... .......... ..........  9% 84.7M 26s
 21900K .......... .......... .......... .......... ..........  9% 7.97M 26s
 21950K .......... .......... .......... .......... ..........  9%  113M 26s
 22000K .......... .......... .......... .......... ..........  9% 89.0M 26s
 22050K .......... .......... .......... .......... ..........  9%  120M 26s
 22100K .......... .......... .......... .......... ..........  9%  115M 25s
 22150K .......... .......... .......... .......... ..........  9%  117M 25s
 22200K .......... .......... .......... .......... ..........  9%  113M 25s
 22250K .......... .......... .......... .......... ..........  9%  117M 25s
 22300K .......... .......... .......... .......... ..........  9%  119M 25s
 22350K .......... .......... .......... .......... ..........  9%  114M 25s
 22400K .......... .......... .......... .......... ..........  9% 89.8M 25s
 22450K .......... .......... .......... .......... ..........  9%  117M 25s
 22500K .......... .......... .......... .......... ..........  9%  117M 25s
 22550K .......... .......... .......... .......... ..........  9%  117M 25s
 22600K .......... .......... .......... .......... ..........  9%  115M 25s
 22650K .......... .......... .......... .......... ..........  9%  116M 25s
 22700K .......... .......... .......... .......... ..........  9%  117M 25s
 22750K .......... .......... .......... .......... ..........  9%  116M 25s
 22800K .......... .......... .......... .......... ..........  9% 87.7M 25s
 22850K .......... .......... .......... .......... ..........  9%  117M 25s
 22900K .......... .......... .......... .......... ..........  9%  117M 25s
 22950K .......... .......... .......... .......... ..........  9%  117M 24s
 23000K .......... .......... .......... .......... ..........  9%  115M 24s
 23050K .......... .......... .......... .......... ..........  9%  117M 24s
 23100K .......... .......... .......... .......... ..........  9%  116M 24s
 23150K .......... .......... .......... .......... ..........  9%  118M 24s
 23200K .......... .......... .......... .......... ..........  9% 89.1M 24s
 23250K .......... .......... .......... .......... ..........  9%  117M 24s
 23300K .......... .......... .......... .......... ..........  9%  117M 24s
 23350K .......... .......... .......... .......... ..........  9%  117M 24s
 23400K .......... .......... .......... .......... ..........  9%  115M 24s
 23450K .......... .......... .......... .......... ..........  9% 67.1M 24s
 23500K .......... .......... .......... .......... ..........  9%  118M 24s
 23550K .......... .......... .......... .......... ..........  9%  117M 24s
 23600K .......... .......... .......... .......... ..........  9% 88.0M 24s
 23650K .......... .......... .......... .......... ..........  9%  117M 24s
 23700K .......... .......... .......... .......... ..........  9%  119M 24s
 23750K .......... .......... .......... .......... ..........  9%  115M 24s
 23800K .......... .......... .......... .......... ..........  9%  114M 24s
 23850K .......... .......... .......... .......... ..........  9%  114M 24s
 23900K .......... .......... .......... .......... ..........  9%  119M 24s
 23950K .......... .......... .......... .......... ..........  9%  117M 23s
 24000K .......... .......... .......... .......... ..........  9% 89.0M 23s
 24050K .......... .......... .......... .......... ..........  9%  117M 23s
 24100K .......... .......... .......... .......... ..........  9%  117M 23s
 24150K .......... .......... .......... .......... ..........  9%  117M 23s
 24200K .......... .......... .......... .......... .......... 10%  115M 23s
 24250K .......... .......... .......... .......... .......... 10%  117M 23s
 24300K .......... .......... .......... .......... .......... 10%  117M 23s
 24350K .......... .......... .......... .......... .......... 10%  117M 23s
 24400K .......... .......... .......... .......... .......... 10% 88.9M 23s
 24450K .......... .......... .......... .......... .......... 10%  117M 23s
 21350K .......... .......... .......... .......... ..........  8%  315K 27s
 21400K .......... .......... .......... .......... ..........  8%  122M 26s
 21450K .......... .......... .......... .......... ..........  8%  137M 26s
 21500K .......... .......... .......... .......... ..........  8%  119M 26s
 21550K .......... .......... .......... .......... ..........  8%  118M 26s
 21600K .......... .......... .......... .......... ..........  8% 87.4M 26s
 21650K .......... .......... .......... .......... ..........  8%  117M 26s
 21700K .......... .......... .......... .......... ..........  8%  116M 26s
 21750K .......... .......... .......... .......... ..........  8%  118M 26s
 21800K .......... .......... .......... .......... ..........  9%  113M 26s
 21850K .......... .......... .......... .......... ..........  9%  117M 26s
 21900K .......... .......... .......... .......... ..........  9%  117M 26s
 21950K .......... .......... .......... .......... ..........  9%  116M 26s
 22000K .......... .......... .......... .......... ..........  9% 89.4M 26s
 22050K .......... .......... .......... .......... ..........  9%  117M 26s
 22100K .......... .......... .......... .......... ..........  9%  117M 26s
 22150K .......... .......... .......... .......... ..........  9%  117M 26s
 22200K .......... .......... .......... .......... ..........  9%  115M 26s
 22250K .......... .......... .......... .......... ..........  9%  117M 25s
 22300K .......... .......... .......... .......... ..........  9%  117M 25s
 22350K .......... .......... .......... .......... ..........  9%  117M 25s
 22400K .......... .......... .......... .......... ..........  9% 88.9M 25s
 22450K .......... .......... .......... .......... ..........  9%  116M 25s
 22500K .......... .......... .......... .......... ..........  9%  117M 25s
 22550K .......... .......... .......... .......... ..........  9%  117M 25s
 22600K .......... .......... .......... .......... ..........  9%  115M 25s
 22650K .......... .......... .......... .......... ..........  9%  117M 25s
 22700K .......... .......... .......... .......... ..........  9%  117M 25s
 22750K .......... .......... .......... .......... ..........  9%  117M 25s
 22800K .......... .......... .......... .......... ..........  9% 87.1M 25s
 22850K .......... .......... .......... .......... ..........  9%  117M 25s
 22900K .......... .......... .......... .......... ..........  9%  117M 25s
 22950K .......... .......... .......... .......... ..........  9%  117M 25s
 23000K .......... .......... .......... .......... ..........  9%  116M 25s
 23050K .......... .......... .......... .......... ..........  9%  117M 25s
 23100K .......... .......... .......... .......... ..........  9%  116M 24s
 23150K .......... .......... .......... .......... ..........  9%  119M 24s
 23200K .......... .......... .......... .......... ..........  9% 87.1M 24s
 23250K .......... .......... .......... .......... ..........  9%  118M 24s
 23300K .......... .......... .......... .......... ..........  9%  117M 24s
 23350K .......... .......... .......... .......... ..........  9%  115M 24s
 23400K .......... .......... .......... .......... ..........  9%  116M 24s
 23450K .......... .......... .......... .......... ..........  9%  118M 24s
 23500K .......... .......... .......... .......... ..........  9%  117M 24s
 23550K .......... .......... .......... .......... ..........  9%  117M 24s
 23600K .......... .......... .......... .......... ..........  9% 87.0M 24s
 23650K .......... .......... .......... .......... ..........  9%  117M 24s
 23700K .......... .......... .......... .......... ..........  9%  117M 24s
 23750K .......... .......... .......... .......... ..........  9%  117M 24s
 23800K .......... .......... .......... .......... ..........  9%  114M 24s
 23850K .......... .......... .......... .......... ..........  9%  118M 24s
 23900K .......... .......... .......... .......... ..........  9%  117M 24s
 23950K .......... .......... .......... .......... ..........  9%  116M 24s
 24000K .......... .......... .......... .......... ..........  9% 89.2M 24s
 24050K .......... .......... .......... .......... ..........  9%  117M 23s
 24100K .......... .......... .......... .......... ..........  9%  117M 23s
 24150K .......... .......... .......... .......... ..........  9%  116M 23s
 24200K .......... .......... .......... .......... .......... 10%  115M 23s
 24250K .......... .......... .......... .......... .......... 10%  117M 23s
 24300K .......... .......... .......... .......... .......... 10%  117M 23s
 24500K .......... .......... .......... .......... .......... 10% 1.79M 23s
 24550K .......... .......... .......... .......... .......... 10% 85.9M 23s
 24600K .......... .......... .......... .......... .......... 10%  433K 24s
 24650K .......... .......... .......... .......... .......... 10% 97.4M 24s
 24700K .......... .......... .......... .......... .......... 10% 31.3M 24s
 24750K .......... .......... .......... .......... .......... 10% 19.3M 24s
 24800K .......... .......... .......... .......... .......... 10% 76.2M 24s
 24850K .......... .......... .......... .......... .......... 10% 14.0M 24s
 24900K .......... .......... .......... .......... .......... 10% 7.66M 24s
 24950K .......... .......... .......... .......... .......... 10% 89.7M 24s
 25000K .......... .......... .......... .......... .......... 10% 14.7M 24s
 25050K .......... .......... .......... .......... .......... 10%  119M 24s
 25100K .......... .......... .......... .......... .......... 10%  115M 24s
 25150K .......... .......... .......... .......... .......... 10%  115M 24s
 25200K .......... .......... .......... .......... .......... 10% 87.8M 24s
 25250K .......... .......... .......... .......... .......... 10%  117M 24s
 25300K .......... .......... .......... .......... .......... 10%  120M 24s
 25350K .......... .......... .......... .......... .......... 10%  114M 23s
 25400K .......... .......... .......... .......... .......... 10%  115M 23s
 25450K .......... .......... .......... .......... .......... 10%  119M 23s
 25500K .......... .......... .......... .......... .......... 10%  117M 23s
 25550K .......... .......... .......... .......... .......... 10%  115M 23s
 25600K .......... .......... .......... .......... .......... 10% 89.8M 23s
 25650K .......... .......... .......... .......... .......... 10%  117M 23s
 25700K .......... .......... .......... .......... .......... 10%  116M 23s
 25750K .......... .......... .......... .......... .......... 10%  117M 23s
 25800K .......... .......... .......... .......... .......... 10%  115M 23s
 25850K .......... .......... .......... .......... .......... 10%  117M 23s
 25900K .......... .......... .......... .......... .......... 10%  117M 23s
 25950K .......... .......... .......... .......... .......... 10%  117M 23s
 26000K .......... .......... .......... .......... .......... 10% 87.0M 23s
 26050K .......... .......... .......... .......... .......... 10%  117M 23s
 26100K .......... .......... .......... .......... .......... 10%  117M 23s
 26150K .......... .......... .......... .......... .......... 10%  117M 23s
 26200K .......... .......... .......... .......... .......... 10%  115M 23s
 26250K .......... .......... .......... .......... .......... 10%  117M 23s
 26300K .......... .......... .......... .......... .......... 10%  117M 23s
 26350K .......... .......... .......... .......... .......... 10%  117M 23s
 26400K .......... .......... .......... .......... .......... 10% 88.9M 23s
 26450K .......... .......... .......... .......... .......... 10%  117M 22s
 26500K .......... .......... .......... .......... .......... 10% 65.3M 22s
 26550K .......... .......... .......... .......... .......... 10%  117M 22s
 26600K .......... .......... .......... .......... .......... 10%  115M 22s
 26650K .......... .......... .......... .......... .......... 11%  117M 22s
 26700K .......... .......... .......... .......... .......... 11%  115M 22s
 26750K .......... .......... .......... .......... .......... 11%  117M 22s
 26800K .......... .......... .......... .......... .......... 11% 89.1M 22s
 26850K .......... .......... .......... .......... .......... 11%  115M 22s
 26900K .......... .......... .......... .......... .......... 11%  117M 22s
 26950K .......... .......... .......... .......... .......... 11%  117M 22s
 27000K .......... .......... .......... .......... .......... 11%  115M 22s
 27050K .......... .......... .......... .......... .......... 11%  117M 22s
 27100K .......... .......... .......... .......... .......... 11%  117M 22s
 27150K .......... .......... .......... .......... .......... 11%  117M 22s
 27200K .......... .......... .......... .......... .......... 11% 88.9M 22s
 27250K .......... .......... .......... .......... .......... 11%  117M 22s
 27300K .......... .......... .......... .......... .......... 11%  117M 22s
 27350K .......... .......... .......... .......... .......... 11%  117M 22s
 27400K .......... .......... .......... .......... .......... 11%  115M 22s
 27450K .......... .......... .......... .......... .......... 11%  117M 22s
 27500K .......... .......... .......... .......... .......... 11%  117M 22s
 24350K .......... .......... .......... .......... .......... 10%  315K 25s
 24400K .......... .......... .......... .......... .......... 10%  120M 25s
 24450K .......... .......... .......... .......... .......... 10%  113M 25s
 24500K .......... .......... .......... .......... .......... 10%  117M 24s
 24550K .......... .......... .......... .......... .......... 10%  118M 24s
 24600K .......... .......... .......... .......... .......... 10%  117M 24s
 24650K .......... .......... .......... .......... .......... 10%  117M 24s
 24700K .......... .......... .......... .......... .......... 10%  114M 24s
 24750K .......... .......... .......... .......... .......... 10%  118M 24s
 24800K .......... .......... .......... .......... .......... 10% 88.1M 24s
 24850K .......... .......... .......... .......... .......... 10%  116M 24s
 24900K .......... .......... .......... .......... .......... 10%  117M 24s
 24950K .......... .......... .......... .......... .......... 10%  117M 24s
 25000K .......... .......... .......... .......... .......... 10%  115M 24s
 25050K .......... .......... .......... .......... .......... 10%  117M 24s
 25100K .......... .......... .......... .......... .......... 10%  117M 24s
 25150K .......... .......... .......... .......... .......... 10%  117M 24s
 25200K .......... .......... .......... .......... .......... 10% 88.9M 24s
 25250K .......... .......... .......... .......... .......... 10%  117M 24s
 25300K .......... .......... .......... .......... .......... 10%  117M 24s
 25350K .......... .......... .......... .......... .......... 10%  117M 24s
 25400K .......... .......... .......... .......... .......... 10%  115M 24s
 25450K .......... .......... .......... .......... .......... 10%  117M 24s
 25500K .......... .......... .......... .......... .......... 10%  117M 23s
 25550K .......... .......... .......... .......... .......... 10%  117M 23s
 25600K .......... .......... .......... .......... .......... 10% 87.1M 23s
 25650K .......... .......... .......... .......... .......... 10%  117M 23s
 25700K .......... .......... .......... .......... .......... 10%  117M 23s
 25750K .......... .......... .......... .......... .......... 10%  117M 23s
 25800K .......... .......... .......... .......... .......... 10%  115M 23s
 25850K .......... .......... .......... .......... .......... 10%  117M 23s
 25900K .......... .......... .......... .......... .......... 10%  117M 23s
 25950K .......... .......... .......... .......... .......... 10%  115M 23s
 26000K .......... .......... .......... .......... .......... 10% 90.3M 23s
 26050K .......... .......... .......... .......... .......... 10%  117M 23s
 26100K .......... .......... .......... .......... .......... 10%  115M 23s
 26150K .......... .......... .......... .......... .......... 10%  117M 23s
 26200K .......... .......... .......... .......... .......... 10%  113M 23s
 26250K .......... .......... .......... .......... .......... 10%  120M 23s
 26300K .......... .......... .......... .......... .......... 10%  116M 23s
 26350K .......... .......... .......... .......... .......... 10%  114M 23s
 26400K .......... .......... .......... .......... .......... 10% 90.3M 23s
 26450K .......... .......... .......... .......... .......... 10%  117M 23s
 26500K .......... .......... .......... .......... .......... 10%  117M 23s
 26550K .......... .......... .......... .......... .......... 10%  117M 23s
 26600K .......... .......... .......... .......... .......... 10%  115M 22s
 26650K .......... .......... .......... .......... .......... 11%  117M 22s
 26700K .......... .......... .......... .......... .......... 11%  117M 22s
 26750K .......... .......... .......... .......... .......... 11%  117M 22s
 26800K .......... .......... .......... .......... .......... 11% 87.0M 22s
 26850K .......... .......... .......... .......... .......... 11%  117M 22s
 26900K .......... .......... .......... .......... .......... 11%  117M 22s
 26950K .......... .......... .......... .......... .......... 11%  117M 22s
 27000K .......... .......... .......... .......... .......... 11%  115M 22s
 27050K .......... .......... .......... .......... .......... 11%  117M 22s
 27100K .......... .......... .......... .......... .......... 11%  117M 22s
 27150K .......... .......... .......... .......... .......... 11%  117M 22s
 27200K .......... .......... .......... .......... .......... 11% 89.1M 22s
 27250K .......... .......... .......... .......... .......... 11%  117M 22s
 27300K .......... .......... .......... .......... .......... 11%  117M 22s
 27550K .......... .......... .......... .......... .......... 11% 1.82M 22s
 27600K .......... .......... .......... .......... .......... 11% 87.0M 22s
 27650K .......... .......... .......... .......... .......... 11%  442K 23s
 27700K .......... .......... .......... .......... .......... 11% 33.4M 22s
 27750K .......... .......... .......... .......... .......... 11% 18.9M 22s
 27800K .......... .......... .......... .......... .......... 11%  107M 22s
 27850K .......... .......... .......... .......... .......... 11% 64.4M 22s
 27900K .......... .......... .......... .......... .......... 11% 14.4M 22s
 27950K .......... .......... .......... .......... .......... 11% 7.78M 22s
 28000K .......... .......... .......... .......... .......... 11% 7.29M 22s
 28050K .......... .......... .......... .......... .......... 11%  133M 22s
 28100K .......... .......... .......... .......... .......... 11%  117M 22s
 28150K .......... .......... .......... .......... .......... 11%  117M 22s
 28200K .......... .......... .......... .......... .......... 11%  117M 22s
 28250K .......... .......... .......... .......... .......... 11%  113M 22s
 28300K .......... .......... .......... .......... .......... 11%  117M 22s
 28350K .......... .......... .......... .......... .......... 11%  119M 22s
 28400K .......... .......... .......... .......... .......... 11% 88.2M 22s
 28450K .......... .......... .......... .......... .......... 11%  115M 22s
 28500K .......... .......... .......... .......... .......... 11%  117M 22s
 28550K .......... .......... .......... .......... .......... 11%  117M 22s
 28600K .......... .......... .......... .......... .......... 11%  115M 22s
 28650K .......... .......... .......... .......... .......... 11%  117M 22s
 28700K .......... .......... .......... .......... .......... 11%  116M 22s
 28750K .......... .......... .......... .......... .......... 11%  117M 22s
 28800K .......... .......... .......... .......... .......... 11% 88.7M 22s
 28850K .......... .......... .......... .......... .......... 11%  117M 22s
 28900K .......... .......... .......... .......... .......... 11%  117M 22s
 28950K .......... .......... .......... .......... .......... 11%  117M 22s
 29000K .......... .......... .......... .......... .......... 11%  115M 22s
 29050K .......... .......... .......... .......... .......... 12%  117M 22s
 29100K .......... .......... .......... .......... .......... 12%  117M 21s
 29150K .......... .......... .......... .......... .......... 12%  117M 21s
 29200K .......... .......... .......... .......... .......... 12% 89.0M 21s
 29250K .......... .......... .......... .......... .......... 12%  117M 21s
 29300K .......... .......... .......... .......... .......... 12%  117M 21s
 29350K .......... .......... .......... .......... .......... 12%  117M 21s
 29400K .......... .......... .......... .......... .......... 12%  115M 21s
 29450K .......... .......... .......... .......... .......... 12%  117M 21s
 29500K .......... .......... .......... .......... .......... 12%  117M 21s
 29550K .......... .......... .......... .......... .......... 12% 68.0M 21s
 29600K .......... .......... .......... .......... .......... 12% 88.9M 21s
 29650K .......... .......... .......... .......... .......... 12%  115M 21s
 29700K .......... .......... .......... .......... .......... 12%  117M 21s
 29750K .......... .......... .......... .......... .......... 12%  117M 21s
 29800K .......... .......... .......... .......... .......... 12%  116M 21s
 29850K .......... .......... .......... .......... .......... 12%  117M 21s
 29900K .......... .......... .......... .......... .......... 12%  115M 21s
 29950K .......... .......... .......... .......... .......... 12%  117M 21s
 30000K .......... .......... .......... .......... .......... 12% 88.6M 21s
 30050K .......... .......... .......... .......... .......... 12%  117M 21s
 30100K .......... .......... .......... .......... .......... 12%  117M 21s
 30150K .......... .......... .......... .......... .......... 12%  117M 21s
 30200K .......... .......... .......... .......... .......... 12%  115M 21s
 30250K .......... .......... .......... .......... .......... 12%  116M 21s
 30300K .......... .......... .......... .......... .......... 12%  118M 21s
 30350K .......... .......... .......... .......... .......... 12%  117M 21s
 30400K .......... .......... .......... .......... .......... 12% 88.8M 21s
 30450K .......... .......... .......... .......... .......... 12%  117M 20s
 30500K .......... .......... .......... .......... .......... 12%  117M 20s
 27350K .......... .......... .......... .......... .......... 11%  315K 23s
 27400K .......... .......... .......... .......... .......... 11%  147M 23s
 27450K .......... .......... .......... .......... .......... 11%  165M 23s
 27500K .......... .......... .......... .......... .......... 11%  120M 23s
 27550K .......... .......... .......... .......... .......... 11%  117M 23s
 27600K .......... .......... .......... .......... .......... 11% 87.5M 23s
 27650K .......... .......... .......... .......... .......... 11%  117M 23s
 27700K .......... .......... .......... .......... .......... 11%  115M 23s
 27750K .......... .......... .......... .......... .......... 11%  117M 23s
 27800K .......... .......... .......... .......... .......... 11%  115M 23s
 27850K .......... .......... .......... .......... .......... 11%  120M 23s
 27900K .......... .......... .......... .......... .......... 11%  117M 23s
 27950K .......... .......... .......... .......... .......... 11%  117M 23s
 28000K .......... .......... .......... .......... .......... 11% 86.7M 23s
 28050K .......... .......... .......... .......... .......... 11%  117M 22s
 28100K .......... .......... .......... .......... .......... 11%  117M 22s
 28150K .......... .......... .......... .......... .......... 11%  117M 22s
 28200K .......... .......... .......... .......... .......... 11%  115M 22s
 28250K .......... .......... .......... .......... .......... 11%  117M 22s
 28300K .......... .......... .......... .......... .......... 11%  117M 22s
 28350K .......... .......... .......... .......... .......... 11%  117M 22s
 28400K .......... .......... .......... .......... .......... 11% 89.0M 22s
 28450K .......... .......... .......... .......... .......... 11%  117M 22s
 28500K .......... .......... .......... .......... .......... 11%  117M 22s
 28550K .......... .......... .......... .......... .......... 11%  116M 22s
 28600K .......... .......... .......... .......... .......... 11%  116M 22s
 28650K .......... .......... .......... .......... .......... 11%  117M 22s
 28700K .......... .......... .......... .......... .......... 11%  116M 22s
 28750K .......... .......... .......... .......... .......... 11%  118M 22s
 28800K .......... .......... .......... .......... .......... 11% 88.9M 22s
 28850K .......... .......... .......... .......... .......... 11%  117M 22s
 28900K .......... .......... .......... .......... .......... 11%  117M 22s
 28950K .......... .......... .......... .......... .......... 11%  114M 22s
 29000K .......... .......... .......... .......... .......... 11%  115M 22s
 29050K .......... .......... .......... .......... .......... 12%  116M 22s
 29100K .......... .......... .......... .......... .......... 12%  117M 22s
 29150K .......... .......... .......... .......... .......... 12%  120M 22s
 29200K .......... .......... .......... .......... .......... 12% 86.9M 22s
 29250K .......... .......... .......... .......... .......... 12%  116M 21s
 29300K .......... .......... .......... .......... .......... 12%  116M 21s
 29350K .......... .......... .......... .......... .......... 12%  117M 21s
 29400K .......... .......... .......... .......... .......... 12%  117M 21s
 29450K .......... .......... .......... .......... .......... 12%  116M 21s
 29500K .......... .......... .......... .......... .......... 12%  117M 21s
 29550K .......... .......... .......... .......... .......... 12%  117M 21s
 29600K .......... .......... .......... .......... .......... 12% 87.0M 21s
 29650K .......... .......... .......... .......... .......... 12%  117M 21s
 29700K .......... .......... .......... .......... .......... 12%  117M 21s
 29750K .......... .......... .......... .......... .......... 12%  117M 21s
 29800K .......... .......... .......... .......... .......... 12%  115M 21s
 29850K .......... .......... .......... .......... .......... 12%  117M 21s
 29900K .......... .......... .......... .......... .......... 12%  117M 21s
 29950K .......... .......... .......... .......... .......... 12%  116M 21s
 30000K .......... .......... .......... .......... .......... 12% 89.5M 21s
 30050K .......... .......... .......... .......... .......... 12%  117M 21s
 30100K .......... .......... .......... .......... .......... 12%  117M 21s
 30150K .......... .......... .......... .......... .......... 12%  117M 21s
 30550K .......... .......... .......... .......... .......... 12% 1.82M 21s
 30600K .......... .......... .......... .......... .......... 12%  115M 21s
 30650K .......... .......... .......... .......... .......... 12%  117M 21s
 30700K .......... .......... .......... .......... .......... 12%  455K 21s
 30750K .......... .......... .......... .......... .......... 12% 31.9M 21s
 30800K .......... .......... .......... .......... .......... 12% 17.5M 21s
 30850K .......... .......... .......... .......... .......... 12% 47.3M 21s
 30900K .......... .......... .......... .......... .......... 12%  117M 21s
 30950K .......... .......... .......... .......... .......... 12% 16.2M 21s
 31000K .......... .......... .......... .......... .......... 12% 7.62M 21s
 31050K .......... .......... .......... .......... .......... 12% 5.06M 21s
 31100K .......... .......... .......... .......... .......... 12%  117M 21s
 31150K .......... .......... .......... .......... .......... 12%  115M 21s
 31200K .......... .......... .......... .......... .......... 12% 90.1M 21s
 31250K .......... .......... .......... .......... .......... 12%  116M 21s
 31300K .......... .......... .......... .......... .......... 12%  117M 21s
 31350K .......... .......... .......... .......... .......... 12%  117M 21s
 31400K .......... .......... .......... .......... .......... 12%  115M 21s
 31450K .......... .......... .......... .......... .......... 13%  118M 21s
 31500K .......... .......... .......... .......... .......... 13%  115M 21s
 31550K .......... .......... .......... .......... .......... 13%  117M 21s
 31600K .......... .......... .......... .......... .......... 13% 89.1M 21s
 31650K .......... .......... .......... .......... .......... 13%  117M 21s
 31700K .......... .......... .......... .......... .......... 13%  116M 21s
 31750K .......... .......... .......... .......... .......... 13%  117M 21s
 31800K .......... .......... .......... .......... .......... 13%  115M 21s
 31850K .......... .......... .......... .......... .......... 13%  117M 21s
 31900K .......... .......... .......... .......... .......... 13%  117M 21s
 31950K .......... .......... .......... .......... .......... 13%  117M 21s
 32000K .......... .......... .......... .......... .......... 13% 89.0M 20s
 32050K .......... .......... .......... .......... .......... 13%  117M 20s
 32100K .......... .......... .......... .......... .......... 13%  117M 20s
 32150K .......... .......... .......... .......... .......... 13%  117M 20s
 32200K .......... .......... .......... .......... .......... 13%  112M 20s
 32250K .......... .......... .......... .......... .......... 13%  117M 20s
 32300K .......... .......... .......... .......... .......... 13%  117M 20s
 32350K .......... .......... .......... .......... .......... 13%  117M 20s
 32400K .......... .......... .......... .......... .......... 13% 89.0M 20s
 32450K .......... .......... .......... .......... .......... 13%  117M 20s
 32500K .......... .......... .......... .......... .......... 13%  117M 20s
 32550K .......... .......... .......... .......... .......... 13%  117M 20s
 32600K .......... .......... .......... .......... .......... 13% 70.0M 20s
 32650K .......... .......... .......... .......... .......... 13%  118M 20s
 32700K .......... .......... .......... .......... .......... 13%  117M 20s
 32750K .......... .......... .......... .......... .......... 13%  116M 20s
 32800K .......... .......... .......... .......... .......... 13% 87.9M 20s
 32850K .......... .......... .......... .......... .......... 13%  117M 20s
 32900K .......... .......... .......... .......... .......... 13%  117M 20s
 32950K .......... .......... .......... .......... .......... 13%  115M 20s
 33000K .......... .......... .......... .......... .......... 13%  116M 20s
 33050K .......... .......... .......... .......... .......... 13%  117M 20s
 33100K .......... .......... .......... .......... .......... 13%  117M 20s
 33150K .......... .......... .......... .......... .......... 13%  117M 20s
 33200K .......... .......... .......... .......... .......... 13% 89.0M 20s
 33250K .......... .......... .......... .......... .......... 13%  117M 20s
 33300K .......... .......... .......... .......... .......... 13%  117M 20s
 33350K .......... .......... .......... .......... .......... 13%  117M 20s
 33400K .......... .......... .......... .......... .......... 13%  115M 20s
 33450K .......... .......... .......... .......... .......... 13%  117M 20s
 33500K .......... .......... .......... .......... .......... 13%  117M 20s
 33550K .......... .......... .......... .......... .......... 13%  117M 19s
 33600K .......... .......... .......... .......... .......... 13% 1.91M 20s
 30200K .......... .......... .......... .......... .......... 12%  270K 22s
 33650K .......... .......... .......... .......... .......... 13%  116M 20s
 33700K .......... .......... .......... .......... .......... 13%  118M 20s
 30250K .......... .......... .......... .......... .......... 12% 22.8M 22s
 30300K .......... .......... .......... .......... .......... 12%  878M 22s
 30350K .......... .......... .......... .......... .......... 12% 1.18G 22s
 30400K .......... .......... .......... .......... .......... 12%  994M 22s
 30450K .......... .......... .......... .......... .......... 12% 1.19G 22s
 30500K .......... .......... .......... .......... .......... 12%  879M 22s
 30550K .......... .......... .......... .......... .......... 12% 1.08G 22s
 30600K .......... .......... .......... .......... .......... 12% 1013M 22s
 30650K .......... .......... .......... .......... .......... 12% 1.07G 22s
 30700K .......... .......... .......... .......... .......... 12% 1.00G 22s
 30750K .......... .......... .......... .......... .......... 12%  916M 22s
 30800K .......... .......... .......... .......... .......... 12%  838M 22s
 30850K .......... .......... .......... .......... .......... 12% 1.01G 22s
 30900K .......... .......... .......... .......... .......... 12%  965M 22s
 30950K .......... .......... .......... .......... .......... 12% 1.01G 21s
 31000K .......... .......... .......... .......... .......... 12%  820M 21s
 31050K .......... .......... .......... .......... .......... 12%  990M 21s
 31100K .......... .......... .......... .......... .......... 12% 1.02G 21s
 31150K .......... .......... .......... .......... .......... 12% 1.03G 21s
 31200K .......... .......... .......... .......... .......... 12%  870M 21s
 31250K .......... .......... .......... .......... .......... 12%  878M 21s
 31300K .......... .......... .......... .......... .......... 12% 1.05G 21s
 31350K .......... .......... .......... .......... .......... 12% 1.04G 21s
 31400K .......... .......... .......... .......... .......... 12%  976M 21s
 31450K .......... .......... .......... .......... .......... 13%  964M 21s
 31500K .......... .......... .......... .......... .......... 13%  939M 21s
 31550K .......... .......... .......... .......... .......... 13% 1.03G 21s
 31600K .......... .......... .......... .......... .......... 13%  881M 21s
 31650K .......... .......... .......... .......... .......... 13%  978M 21s
 31700K .......... .......... .......... .......... .......... 13% 1.04G 21s
 31750K .......... .......... .......... .......... .......... 13%  850M 21s
 31800K .......... .......... .......... .......... .......... 13%  947M 21s
 31850K .......... .......... .......... .......... .......... 13% 1002M 21s
 31900K .......... .......... .......... .......... .......... 13% 1.01G 21s
 31950K .......... .......... .......... .......... .......... 13% 1.01G 21s
 32000K .......... .......... .......... .......... .......... 13%  717M 21s
 32050K .......... .......... .......... .......... .......... 13%  993M 21s
 32100K .......... .......... .......... .......... .......... 13% 1.05G 21s
 32150K .......... .......... .......... .......... .......... 13% 1.04G 21s
 32200K .......... .......... .......... .......... .......... 13%  957M 21s
 32250K .......... .......... .......... .......... .......... 13%  860M 21s
 32300K .......... .......... .......... .......... .......... 13% 1.02G 20s
 32350K .......... .......... .......... .......... .......... 13% 1.02G 20s
 32400K .......... .......... .......... .......... .......... 13%  897M 20s
 32450K .......... .......... .......... .......... .......... 13% 1000M 20s
 32500K .......... .......... .......... .......... .......... 13%  922M 20s
 32550K .......... .......... .......... .......... .......... 13% 1.05G 20s
 32600K .......... .......... .......... .......... .......... 13%  982M 20s
 32650K .......... .......... .......... .......... .......... 13% 1011M 20s
 32700K .......... .......... .......... .......... .......... 13% 1.03G 20s
 32750K .......... .......... .......... .......... .......... 13% 1.04G 20s
 32800K .......... .......... .......... .......... .......... 13%  795M 20s
 32850K .......... .......... .......... .......... .......... 13% 1017M 20s
 32900K .......... .......... .......... .......... .......... 13% 1.06G 20s
 32950K .......... .......... .......... .......... .......... 13% 1.06G 20s
 33000K .......... .......... .......... .......... .......... 13%  872M 20s
 33050K .......... .......... .......... .......... .......... 13% 1.01G 20s
 33100K .......... .......... .......... .......... .......... 13% 1.05G 20s
 33150K .......... .......... .......... .......... .......... 13% 1.08G 20s
 33200K .......... .......... .......... .......... .......... 13%  906M 20s
 33750K .......... .......... .......... .......... .......... 13%  457K 20s
 33800K .......... .......... .......... .......... .......... 13% 78.2M 20s
 33850K .......... .......... .......... .......... .......... 13% 23.2M 20s
 33900K .......... .......... .......... .......... .......... 14% 50.6M 20s
 33950K .......... .......... .......... .......... .......... 14% 48.0M 20s
 34000K .......... .......... .......... .......... .......... 14% 15.4M 20s
 34050K .......... .......... .......... .......... .......... 14% 5.24M 20s
 34100K .......... .......... .......... .......... .......... 14% 5.03M 20s
 34150K .......... .......... .......... .......... .......... 14%  126M 20s
 34200K .......... .......... .......... .......... .......... 14%  116M 20s
 34250K .......... .......... .......... .......... .......... 14%  117M 20s
 34300K .......... .......... .......... .......... .......... 14%  116M 20s
 34350K .......... .......... .......... .......... .......... 14%  117M 20s
 34400K .......... .......... .......... .......... .......... 14% 87.6M 20s
 34450K .......... .......... .......... .......... .......... 14%  117M 20s
 34500K .......... .......... .......... .......... .......... 14%  116M 20s
 34550K .......... .......... .......... .......... .......... 14%  117M 20s
 34600K .......... .......... .......... .......... .......... 14%  115M 20s
 34650K .......... .......... .......... .......... .......... 14%  117M 20s
 34700K .......... .......... .......... .......... .......... 14%  116M 20s
 34750K .......... .......... .......... .......... .......... 14%  117M 20s
 34800K .......... .......... .......... .......... .......... 14% 88.9M 20s
 34850K .......... .......... .......... .......... .......... 14%  117M 20s
 34900K .......... .......... .......... .......... .......... 14%  117M 20s
 34950K .......... .......... .......... .......... .......... 14%  117M 20s
 35000K .......... .......... .......... .......... .......... 14%  115M 20s
 35050K .......... .......... .......... .......... .......... 14%  117M 20s
 35100K .......... .......... .......... .......... .......... 14%  117M 19s
 35150K .......... .......... .......... .......... .......... 14%  115M 19s
 35200K .......... .......... .......... .......... .......... 14% 89.8M 19s
 35250K .......... .......... .......... .......... .......... 14%  117M 19s
 35300K .......... .......... .......... .......... .......... 14%  117M 19s
 35350K .......... .......... .......... .......... .......... 14%  117M 19s
 35400K .......... .......... .......... .......... .......... 14%  115M 19s
 35450K .......... .......... .......... .......... .......... 14%  117M 19s
 35500K .......... .......... .......... .......... .......... 14%  117M 19s
 35550K .......... .......... .......... .......... .......... 14%  115M 19s
 35600K .......... .......... .......... .......... .......... 14% 87.9M 19s
 35650K .......... .......... .......... .......... .......... 14% 83.4M 19s
 35700K .......... .......... .......... .......... .......... 14%  120M 19s
 35750K .......... .......... .......... .......... .......... 14%  113M 19s
 35800K .......... .......... .......... .......... .......... 14%  118M 19s
 35850K .......... .......... .......... .......... .......... 14%  115M 19s
 35900K .......... .......... .......... .......... .......... 14%  115M 19s
 35950K .......... .......... .......... .......... .......... 14%  116M 19s
 36000K .......... .......... .......... .......... .......... 14% 89.6M 19s
 36050K .......... .......... .......... .......... .......... 14%  116M 19s
 36100K .......... .......... .......... .......... .......... 14%  117M 19s
 36150K .......... .......... .......... .......... .......... 14%  117M 19s
 36200K .......... .......... .......... .......... .......... 14%  115M 19s
 36250K .......... .......... .......... .......... .......... 14%  117M 19s
 36300K .......... .......... .......... .......... .......... 15%  117M 19s
 36350K .......... .......... .......... .......... .......... 15%  117M 19s
 36400K .......... .......... .......... .......... .......... 15% 89.1M 19s
 36450K .......... .......... .......... .......... .......... 15%  117M 19s
 36500K .......... .......... .......... .......... .......... 15%  117M 19s
 36550K .......... .......... .......... .......... .......... 15%  117M 19s
 36600K .......... .......... .......... .......... .......... 15%  115M 19s
 33250K .......... .......... .......... .......... .......... 13%  283K 21s
 33300K .......... .......... .......... .......... .......... 13%  237M 21s
 36650K .......... .......... .......... .......... .......... 15% 2.11M 19s
 33350K .......... .......... .......... .......... .......... 13% 99.7M 21s
 33400K .......... .......... .......... .......... .......... 13% 92.1M 21s
 33450K .......... .......... .......... .......... .......... 13%  130M 21s
 33500K .......... .......... .......... .......... .......... 13%  116M 21s
 33550K .......... .......... .......... .......... .......... 13%  117M 21s
 33600K .......... .......... .......... .......... .......... 13% 87.2M 21s
 33650K .......... .......... .......... .......... .......... 13%  117M 21s
 33700K .......... .......... .......... .......... .......... 13%  117M 21s
 33750K .......... .......... .......... .......... .......... 13%  117M 21s
 33800K .......... .......... .......... .......... .......... 13%  115M 21s
 33850K .......... .......... .......... .......... .......... 13% 86.3M 21s
 36700K .......... .......... .......... .......... .......... 15% 10.0M 19s
 33900K .......... .......... .......... .......... .......... 14% 74.4M 20s
 33950K .......... .......... .......... .......... .......... 14%  117M 20s
 34000K .......... .......... .......... .......... .......... 14% 88.9M 20s
 34050K .......... .......... .......... .......... .......... 14%  117M 20s
 34100K .......... .......... .......... .......... .......... 14%  117M 20s
 34150K .......... .......... .......... .......... .......... 14%  117M 20s
 34200K .......... .......... .......... .......... .......... 14%  115M 20s
 34250K .......... .......... .......... .......... .......... 14%  262K 21s
 36750K .......... .......... .......... .......... .......... 15%  258K 20s
 36800K .......... .......... .......... .......... .......... 15%  759M 20s
 34300K .......... .......... .......... .......... .......... 14%  207M 21s
 36850K .......... .......... .......... .......... .......... 15% 1.10G 20s
 36900K .......... .......... .......... .......... .......... 15% 1022M 20s
 34350K .......... .......... .......... .......... .......... 14%  901M 21s
 36950K .......... .......... .......... .......... .......... 15%  649M 20s
 34400K .......... .......... .......... .......... .......... 14%  613M 21s
 37000K .......... .......... .......... .......... .......... 15%  743M 20s
 34450K .......... .......... .......... .......... .......... 14% 1.13G 21s
 37050K .......... .......... .......... .......... .......... 15% 1.10G 20s
 34500K .......... .......... .......... .......... .......... 14% 1.09G 21s
 37100K .......... .......... .......... .......... .......... 15%  740M 20s
 34550K .......... .......... .......... .......... .......... 14%  965M 21s
 37150K .......... .......... .......... .......... .......... 15%  984M 20s
 34600K .......... .......... .......... .......... .......... 14%  939M 21s
 34650K .......... .......... .......... .......... .......... 14% 1.10G 21s
 37200K .......... .......... .......... .......... .......... 15%  643M 20s
 37250K .......... .......... .......... .......... .......... 15% 1.06G 19s
 34700K .......... .......... .......... .......... .......... 14% 1.12G 21s
 34750K .......... .......... .......... .......... .......... 14% 1.12G 21s
 34800K .......... .......... .......... .......... .......... 14%  788M 21s
 37300K .......... .......... .......... .......... .......... 15% 1.07G 19s
 34850K .......... .......... .......... .......... .......... 14% 1.15G 21s
 37350K .......... .......... .......... .......... .......... 15%  970M 19s
 34900K .......... .......... .......... .......... .......... 14% 1.15G 21s
 37400K .......... .......... .......... .......... .......... 15%  984M 19s
 34950K .......... .......... .......... .......... .......... 14% 1.14G 21s
 35000K .......... .......... .......... .......... .......... 14% 1010M 21s
 37450K .......... .......... .......... .......... .......... 15%  952M 19s
 35050K .......... .......... .......... .......... .......... 14% 1017M 21s
 37500K .......... .......... .......... .......... .......... 15% 1.03G 19s
 35100K .......... .......... .......... .......... .......... 14% 1.13G 21s
 37550K .......... .......... .......... .......... .......... 15%  955M 19s
 35150K .......... .......... .......... .......... .......... 14% 1.16G 21s
 37600K .......... .......... .......... .......... .......... 15%  916M 19s
 35200K .......... .......... .......... .......... .......... 14%  951M 21s
 37650K .......... .......... .......... .......... .......... 15% 1.08G 19s
 35250K .......... .......... .......... .......... .......... 14% 1.15G 21s
 37700K .......... .......... .......... .......... .......... 15%  872M 19s
 37750K .......... .......... .......... .......... .......... 15% 1.01G 19s
 37800K .......... .......... .......... .......... .......... 15%  973M 19s
 37850K .......... .......... .......... .......... .......... 15% 1.06G 19s
 37900K .......... .......... .......... .......... .......... 15% 1006M 19s
 37950K .......... .......... .......... .......... .......... 15% 1.03G 19s
 38000K .......... .......... .......... .......... .......... 15%  628M 19s
 38050K .......... .......... .......... .......... .......... 15% 1.01G 19s
 38100K .......... .......... .......... .......... .......... 15%  975M 19s
 38150K .......... .......... .......... .......... .......... 15% 1.06G 19s
 38200K .......... .......... .......... .......... .......... 15%  873M 19s
 38250K .......... .......... .......... .......... .......... 15%  970M 19s
 38300K .......... .......... .......... .......... .......... 15%  995M 19s
 38350K .......... .......... .......... .......... .......... 15% 1.08G 19s
 38400K .......... .......... .......... .......... .......... 15%  908M 19s
 38450K .......... .......... .......... .......... .......... 15% 1.07G 19s
 38500K .......... .......... .......... .......... .......... 15%  902M 19s
 38550K .......... .......... .......... .......... .......... 15% 1.11G 19s
 38600K .......... .......... .......... .......... .......... 15% 1.00G 19s
 38650K .......... .......... .......... .......... .......... 15% 1.09G 19s
 38700K .......... .......... .......... .......... .......... 15% 1010M 19s
 38750K .......... .......... .......... .......... .......... 16%  978M 19s
 38800K .......... .......... .......... .......... .......... 16%  953M 19s
 38850K .......... .......... .......... .......... .......... 16% 1.14G 19s
 38900K .......... .......... .......... .......... .......... 16% 1009M 19s
 38950K .......... .......... .......... .......... .......... 16% 1.12G 18s
 39000K .......... .......... .......... .......... .......... 16%  905M 18s
 39050K .......... .......... .......... .......... .......... 16% 1.13G 18s
 39100K .......... .......... .......... .......... .......... 16% 1.02G 18s
 39150K .......... .......... .......... .......... .......... 16% 1.08G 18s
 39200K .......... .......... .......... .......... .......... 16%  952M 18s
 39250K .......... .......... .......... .......... .......... 16% 1.01G 18s
 39300K .......... .......... .......... .......... .......... 16% 1.03G 18s
 39350K .......... .......... .......... .......... .......... 16% 1.12G 18s
 39400K .......... .......... .......... .......... .......... 16% 1.01G 18s
 39450K .......... .......... .......... .......... .......... 16% 1.11G 18s
 39500K .......... .......... .......... .......... .......... 16%  930M 18s
 39550K .......... .......... .......... .......... .......... 16% 1.13G 18s
 39600K .......... .......... .......... .......... .......... 16%  978M 18s
 39650K .......... .......... .......... .......... .......... 16% 1.14G 18s
 35300K .......... .......... .......... .......... .......... 14%  306K 22s
 35350K .......... .......... .......... .......... .......... 14%  867M 22s
 35400K .......... .......... .......... .......... .......... 14%  734M 22s
 35450K .......... .......... .......... .......... .......... 14% 1.10G 22s
 35500K .......... .......... .......... .......... .......... 14% 1010M 21s
 35550K .......... .......... .......... .......... .......... 14% 1001M 21s
 35600K .......... .......... .......... .......... .......... 14%  861M 21s
 35650K .......... .......... .......... .......... .......... 14% 1.08G 21s
 35700K .......... .......... .......... .......... .......... 14% 1.04G 21s
 35750K .......... .......... .......... .......... .......... 14% 1.06G 21s
 35800K .......... .......... .......... .......... .......... 14%  823M 21s
 35850K .......... .......... .......... .......... .......... 14% 1.05G 21s
 35900K .......... .......... .......... .......... .......... 14% 1.08G 21s
 35950K .......... .......... .......... .......... .......... 14%  997M 21s
 36000K .......... .......... .......... .......... .......... 14% 10.9M 21s
 36050K .......... .......... .......... .......... .......... 14%  105M 21s
 36100K .......... .......... .......... .......... .......... 14%  229M 21s
 36150K .......... .......... .......... .......... .......... 14% 92.4M 21s
 36200K .......... .......... .......... .......... .......... 14%  129M 21s
 36250K .......... .......... .......... .......... .......... 14%  118M 21s
 36300K .......... .......... .......... .......... .......... 15% 83.5M 21s
 36350K .......... .......... .......... .......... .......... 15%  235M 21s
 36400K .......... .......... .......... .......... .......... 15% 80.6M 21s
 36450K .......... .......... .......... .......... .......... 15% 1.06G 21s
 36500K .......... .......... .......... .......... .......... 15% 1.07G 21s
 36550K .......... .......... .......... .......... .......... 15%  904M 21s
 36600K .......... .......... .......... .......... .......... 15%  987M 21s
 36650K .......... .......... .......... .......... .......... 15% 1.10G 21s
 36700K .......... .......... .......... .......... .......... 15% 1.08G 21s
 36750K .......... .......... .......... .......... .......... 15% 1.00G 21s
 36800K .......... .......... .......... .......... .......... 15%  830M 21s
 36850K .......... .......... .......... .......... .......... 15% 1.08G 21s
 36900K .......... .......... .......... .......... .......... 15% 1.14G 21s
 36950K .......... .......... .......... .......... .......... 15% 1.06G 21s
 37000K .......... .......... .......... .......... .......... 15% 1.03G 21s
 37050K .......... .......... .......... .......... .......... 15% 1010M 20s
 37100K .......... .......... .......... .......... .......... 15% 1.10G 20s
 37150K .......... .......... .......... .......... .......... 15% 1.07G 20s
 37200K .......... .......... .......... .......... .......... 15%  954M 20s
 37250K .......... .......... .......... .......... .......... 15% 1.16G 20s
 39700K .......... .......... .......... .......... .......... 16%  286K 19s
 39750K .......... .......... .......... .......... .......... 16%  786M 19s
 39800K .......... .......... .......... .......... .......... 16% 13.7M 19s
 39850K .......... .......... .......... .......... .......... 16%  129M 19s
 39900K .......... .......... .......... .......... .......... 16%  142M 19s
 39950K .......... .......... .......... .......... .......... 16%  118M 19s
 40000K .......... .......... .......... .......... .......... 16% 87.0M 19s
 40050K .......... .......... .......... .......... .......... 16%  117M 19s
 40100K .......... .......... .......... .......... .......... 16%  117M 19s
 40150K .......... .......... .......... .......... .......... 16%  116M 19s
 40200K .......... .......... .......... .......... .......... 16%  115M 19s
 40250K .......... .......... .......... .......... .......... 16%  115M 19s
 40300K .......... .......... .......... .......... .......... 16%  119M 19s
 40350K .......... .......... .......... .......... .......... 16%  117M 19s
 40400K .......... .......... .......... .......... .......... 16% 89.0M 19s
 40450K .......... .......... .......... .......... .......... 16%  117M 19s
 40500K .......... .......... .......... .......... .......... 16%  117M 19s
 40550K .......... .......... .......... .......... .......... 16%  117M 19s
 40600K .......... .......... .......... .......... .......... 16%  115M 19s
 40650K .......... .......... .......... .......... .......... 16%  117M 18s
 40700K .......... .......... .......... .......... .......... 16%  117M 18s
 40750K .......... .......... .......... .......... .......... 16%  117M 18s
 40800K .......... .......... .......... .......... .......... 16% 88.8M 18s
 40850K .......... .......... .......... .......... .......... 16%  117M 18s
 40900K .......... .......... .......... .......... .......... 16%  117M 18s
 40950K .......... .......... .......... .......... .......... 16%  117M 18s
 41000K .......... .......... .......... .......... .......... 16%  115M 18s
 41050K .......... .......... .......... .......... .......... 16%  117M 18s
 41100K .......... .......... .......... .......... .......... 16%  117M 18s
 41150K .......... .......... .......... .......... .......... 17%  117M 18s
 41200K .......... .......... .......... .......... .......... 17% 87.0M 18s
 41250K .......... .......... .......... .......... .......... 17%  117M 18s
 41300K .......... .......... .......... .......... .......... 17%  117M 18s
 41350K .......... .......... .......... .......... .......... 17%  117M 18s
 41400K .......... .......... .......... .......... .......... 17%  115M 18s
 41450K .......... .......... .......... .......... .......... 17%  117M 18s
 41500K .......... .......... .......... .......... .......... 17%  117M 18s
 41550K .......... .......... .......... .......... .......... 17%  117M 18s
 41600K .......... .......... .......... .......... .......... 17% 88.9M 18s
 41650K .......... .......... .......... .......... .......... 17%  117M 18s
 41700K .......... .......... .......... .......... .......... 17%  117M 18s
 37300K .......... .......... .......... .......... .......... 15%  291K 21s
 37350K .......... .......... .......... .......... .......... 15%  143M 21s
 37400K .......... .......... .......... .......... .......... 15%  167M 21s
 37450K .......... .......... .......... .......... .......... 15%  117M 21s
 37500K .......... .......... .......... .......... .......... 15%  116M 21s
 37550K .......... .......... .......... .......... .......... 15%  117M 21s
 37600K .......... .......... .......... .......... .......... 15% 88.8M 21s
 37650K .......... .......... .......... .......... .......... 15%  117M 21s
 37700K .......... .......... .......... .......... .......... 15%  118M 21s
 37750K .......... .......... .......... .......... .......... 15% 25.7M 21s
 37800K .......... .......... .......... .......... .......... 15%  115M 21s
 37850K .......... .......... .......... .......... .......... 15%  117M 21s
 37900K .......... .......... .......... .......... .......... 15%  117M 21s
 37950K .......... .......... .......... .......... .......... 15%  117M 21s
 38000K .......... .......... .......... .......... .......... 15% 87.0M 21s
 38050K .......... .......... .......... .......... .......... 15%  117M 21s
 38100K .......... .......... .......... .......... .......... 15%  117M 21s
 38150K .......... .......... .......... .......... .......... 15%  117M 21s
 38200K .......... .......... .......... .......... .......... 15%  115M 21s
 38250K .......... .......... .......... .......... .......... 15%  115M 21s
 38300K .......... .......... .......... .......... .......... 15%  117M 21s
 38350K .......... .......... .......... .......... .......... 15%  120M 21s
 38400K .......... .......... .......... .......... .......... 15% 87.4M 21s
 38450K .......... .......... .......... .......... .......... 15%  116M 21s
 41750K .......... .......... .......... .......... .......... 17%  314K 19s
 41800K .......... .......... .......... .......... .......... 17% 88.3M 19s
 38500K .......... .......... .......... .......... .......... 15% 34.1M 21s
 41850K .......... .......... .......... .......... .......... 17% 67.2M 19s
 41900K .......... .......... .......... .......... .......... 17%  117M 19s
 38550K .......... .......... .......... .......... .......... 15% 44.9M 21s
 41950K .......... .......... .......... .......... .......... 17% 53.1M 19s
 38600K .......... .......... .......... .......... .......... 15% 46.7M 21s
 42000K .......... .......... .......... .......... .......... 17% 60.5M 19s
 42050K .......... .......... .......... .......... .......... 17% 95.6M 19s
 42100K .......... .......... .......... .......... .......... 17% 88.2M 19s
 38650K .......... .......... .......... .......... .......... 15% 29.9M 20s
 42150K .......... .......... .......... .......... .......... 17% 94.3M 19s
 42200K .......... .......... .......... .......... .......... 17%  115M 18s
 42250K .......... .......... .......... .......... .......... 17%  117M 18s
 42300K .......... .......... .......... .......... .......... 17%  117M 18s
 42350K .......... .......... .......... .......... .......... 17%  117M 18s
 42400K .......... .......... .......... .......... .......... 17% 58.6M 18s
 38700K .......... .......... .......... .......... .......... 15% 15.8M 20s
 42450K .......... .......... .......... .......... .......... 17% 65.5M 18s
 42500K .......... .......... .......... .......... .......... 17% 70.2M 18s
 38750K .......... .......... .......... .......... .......... 16% 53.4M 20s
 42550K .......... .......... .......... .......... .......... 17%  272K 19s
 42600K .......... .......... .......... .......... .......... 17%  185M 19s
 38800K .......... .......... .......... .......... .......... 16%  271K 21s
 42650K .......... .......... .......... .......... .......... 17%  693M 19s
 38850K .......... .......... .......... .......... .......... 16%  793M 21s
 38900K .......... .......... .......... .......... .......... 16%  545M 21s
 38950K .......... .......... .......... .......... .......... 16% 1.12G 21s
 39000K .......... .......... .......... .......... .......... 16%  933M 21s
 39050K .......... .......... .......... .......... .......... 16% 1020M 21s
 39100K .......... .......... .......... .......... .......... 16% 1.06G 21s
 39150K .......... .......... .......... .......... .......... 16% 1.12G 21s
 39200K .......... .......... .......... .......... .......... 16%  993M 21s
 39250K .......... .......... .......... .......... .......... 16% 1.12G 21s
 39300K .......... .......... .......... .......... .......... 16% 1.09G 21s
 39350K .......... .......... .......... .......... .......... 16%  999M 21s
 39400K .......... .......... .......... .......... .......... 16% 1.04G 21s
 39450K .......... .......... .......... .......... .......... 16% 1.19G 21s
 39500K .......... .......... .......... .......... .......... 16% 10.6M 21s
 39550K .......... .......... .......... .......... .......... 16% 1.07G 21s
 39600K .......... .......... .......... .......... .......... 16% 97.5M 21s
 39650K .......... .......... .......... .......... .......... 16% 77.0M 21s
 42700K .......... .......... .......... .......... .......... 17% 7.07M 19s
 42750K .......... .......... .......... .......... .......... 17%  732M 19s
 42800K .......... .......... .......... .......... .......... 17%  736M 19s
 42850K .......... .......... .......... .......... .......... 17% 1022M 19s
 42900K .......... .......... .......... .......... .......... 17% 1.07G 19s
 42950K .......... .......... .......... .......... .......... 17%  894M 19s
 43000K .......... .......... .......... .......... .......... 17%  847M 19s
 43050K .......... .......... .......... .......... .......... 17% 1.12G 19s
 43100K .......... .......... .......... .......... .......... 17% 1.14G 19s
 43150K .......... .......... .......... .......... .......... 17% 1.15G 19s
 43200K .......... .......... .......... .......... .......... 17%  904M 19s
 43250K .......... .......... .......... .......... .......... 17% 1004M 19s
 43300K .......... .......... .......... .......... .......... 17% 1.13G 19s
 43350K .......... .......... .......... .......... .......... 17% 1.16G 19s
 43400K .......... .......... .......... .......... .......... 17%  963M 19s
 43450K .......... .......... .......... .......... .......... 17% 1.14G 19s
 39700K .......... .......... .......... .......... .......... 16% 32.5M 21s
 43500K .......... .......... .......... .......... .......... 17%  988M 19s
 43550K .......... .......... .......... .......... .......... 17% 1.12G 19s
 39750K .......... .......... .......... .......... .......... 16%  362M 21s
 43600K .......... .......... .......... .......... .......... 18%  884M 19s
 39800K .......... .......... .......... .......... .......... 16% 1.03G 21s
 43650K .......... .......... .......... .......... .......... 18% 1.14G 19s
 39850K .......... .......... .......... .......... .......... 16% 1006M 21s
 43700K .......... .......... .......... .......... .......... 18% 1.02G 19s
 39900K .......... .......... .......... .......... .......... 16% 1.02G 21s
 43750K .......... .......... .......... .......... .......... 18% 1024M 19s
 39950K .......... .......... .......... .......... .......... 16% 1.17G 21s
 43800K .......... .......... .......... .......... .......... 18%  912M 19s
 40000K .......... .......... .......... .......... .......... 16%  983M 21s
 43850K .......... .......... .......... .......... .......... 18% 1.13G 19s
 40050K .......... .......... .......... .......... .......... 16% 1.18G 21s
 43900K .......... .......... .......... .......... .......... 18% 1.14G 19s
 40100K .......... .......... .......... .......... .......... 16%  951M 21s
 43950K .......... .......... .......... .......... .......... 18% 1.14G 18s
 40150K .......... .......... .......... .......... .......... 16% 1.05G 21s
 44000K .......... .......... .......... .......... .......... 18%  759M 18s
 40200K .......... .......... .......... .......... .......... 16% 1.05G 21s
 44050K .......... .......... .......... .......... .......... 18% 1.13G 18s
 40250K .......... .......... .......... .......... .......... 16% 1.16G 20s
 44100K .......... .......... .......... .......... .......... 18% 1.16G 18s
 40300K .......... .......... .......... .......... .......... 16% 1.06G 20s
 44150K .......... .......... .......... .......... .......... 18% 1.02G 18s
 40350K .......... .......... .......... .......... .......... 16%  980M 20s
 44200K .......... .......... .......... .......... .......... 18%  927M 18s
 40400K .......... .......... .......... .......... .......... 16% 1000M 20s
 44250K .......... .......... .......... .......... .......... 18% 1006M 18s
 40450K .......... .......... .......... .......... .......... 16% 1.13G 20s
 44300K .......... .......... .......... .......... .......... 18% 1.17G 18s
 40500K .......... .......... .......... .......... .......... 16% 1.09G 20s
 44350K .......... .......... .......... .......... .......... 18% 1.16G 18s
 40550K .......... .......... .......... .......... .......... 16% 1.15G 20s
 44400K .......... .......... .......... .......... .......... 18%  877M 18s
 40600K .......... .......... .......... .......... .......... 16%  836M 20s
 44450K .......... .......... .......... .......... .......... 18% 1.12G 18s
 40650K .......... .......... .......... .......... .......... 16% 1.13G 20s
 44500K .......... .......... .......... .......... .......... 18% 1.19G 18s
 40700K .......... .......... .......... .......... .......... 16% 1.07G 20s
 44550K .......... .......... .......... .......... .......... 18% 1011M 18s
 40750K .......... .......... .......... .......... .......... 16% 1.16G 20s
 44600K .......... .......... .......... .......... .......... 18%  952M 18s
 40800K .......... .......... .......... .......... .......... 16%  980M 20s
 44650K .......... .......... .......... .......... .......... 18% 1.16G 18s
 40850K .......... .......... .......... .......... .......... 16%  900M 20s
 44700K .......... .......... .......... .......... .......... 18% 1.04G 18s
 40900K .......... .......... .......... .......... .......... 16% 1.14G 20s
 44750K .......... .......... .......... .......... .......... 18% 1.15G 18s
 40950K .......... .......... .......... .......... .......... 16% 1.14G 20s
 44800K .......... .......... .......... .......... .......... 18%  795M 18s
 41000K .......... .......... .......... .......... .......... 16% 1.04G 20s
 44850K .......... .......... .......... .......... .......... 18% 1.18G 18s
 41050K .......... .......... .......... .......... .......... 16% 1.04G 20s
 44900K .......... .......... .......... .......... .......... 18% 1.13G 18s
 41100K .......... .......... .......... .......... .......... 16%  999M 20s
 44950K .......... .......... .......... .......... .......... 18% 1.16G 18s
 41150K .......... .......... .......... .......... .......... 17% 1.14G 20s
 45000K .......... .......... .......... .......... .......... 18%  922M 18s
 41200K .......... .......... .......... .......... .......... 17%  968M 20s
 45050K .......... .......... .......... .......... .......... 18% 1000M 18s
 41250K .......... .......... .......... .......... .......... 17% 1.07G 20s
 45100K .......... .......... .......... .......... .......... 18% 1.11G 18s
 41300K .......... .......... .......... .......... .......... 17% 1.14G 20s
 45150K .......... .......... .......... .......... .......... 18% 1014M 18s
 41350K .......... .......... .......... .......... .......... 17%  927M 20s
 45200K .......... .......... .......... .......... .......... 18%  950M 18s
 41400K .......... .......... .......... .......... .......... 17% 1.01G 20s
 45250K .......... .......... .......... .......... .......... 18% 1.15G 18s
 41450K .......... .......... .......... .......... .......... 17% 1.06G 20s
 45300K .......... .......... .......... .......... .......... 18%  999M 18s
 41500K .......... .......... .......... .......... .......... 17% 1.13G 20s
 41550K .......... .......... .......... .......... .......... 17% 1.16G 20s
 41600K .......... .......... .......... .......... .......... 17%  838M 20s
 41650K .......... .......... .......... .......... .......... 17% 1.07G 20s
 41700K .......... .......... .......... .......... .......... 17% 1.12G 20s
 41750K .......... .......... .......... .......... .......... 17% 1.15G 20s
 41800K .......... .......... .......... .......... .......... 17% 1.02G 20s
 45350K .......... .......... .......... .......... .......... 18%  290K 19s
 45400K .......... .......... .......... .......... .......... 18%  153M 19s
 45450K .......... .......... .......... .......... .......... 18%  117M 18s
 45500K .......... .......... .......... .......... .......... 18%  116M 18s
 45550K .......... .......... .......... .......... .......... 18%  117M 18s
 45600K .......... .......... .......... .......... .......... 18% 87.0M 18s
 45650K .......... .......... .......... .......... .......... 18% 10.6M 18s
 45700K .......... .......... .......... .......... .......... 18%  117M 18s
 45750K .......... .......... .......... .......... .......... 18%  117M 18s
 45800K .......... .......... .......... .......... .......... 18%  112M 18s
 41850K .......... .......... .......... .......... .......... 17%  277K 20s
 45850K .......... .......... .......... .......... .......... 18% 59.3M 18s
 41900K .......... .......... .......... .......... .......... 17% 68.0M 20s
 41950K .......... .......... .......... .......... .......... 17%  116M 20s
 42000K .......... .......... .......... .......... .......... 17% 88.9M 20s
 42050K .......... .......... .......... .......... .......... 17%  117M 20s
 42100K .......... .......... .......... .......... .......... 17%  117M 20s
 42150K .......... .......... .......... .......... .......... 17%  117M 20s
 42200K .......... .......... .......... .......... .......... 17%  115M 20s
 42250K .......... .......... .......... .......... .......... 17%  117M 20s
 42300K .......... .......... .......... .......... .......... 17%  117M 20s
 42350K .......... .......... .......... .......... .......... 17%  117M 20s
 42400K .......... .......... .......... .......... .......... 17% 87.0M 20s
 42450K .......... .......... .......... .......... .......... 17%  117M 20s
 42500K .......... .......... .......... .......... .......... 17%  117M 20s
 42550K .......... .......... .......... .......... .......... 17%  117M 20s
 42600K .......... .......... .......... .......... .......... 17%  115M 20s
 42650K .......... .......... .......... .......... .......... 17%  117M 20s
 42700K .......... .......... .......... .......... .......... 17%  117M 20s
 42750K .......... .......... .......... .......... .......... 17%  117M 20s
 42800K .......... .......... .......... .......... .......... 17% 89.1M 20s
 42850K .......... .......... .......... .......... .......... 17%  117M 20s
 42900K .......... .......... .......... .......... .......... 17%  117M 20s
 42950K .......... .......... .......... .......... .......... 17%  117M 20s
 43000K .......... .......... .......... .......... .......... 17%  115M 20s
 43050K .......... .......... .......... .......... .......... 17%  117M 20s
 43100K .......... .......... .......... .......... .......... 17%  117M 20s
 43150K .......... .......... .......... .......... .......... 17%  117M 20s
 43200K .......... .......... .......... .......... .......... 17% 89.1M 20s
 43250K .......... .......... .......... .......... .......... 17%  117M 20s
 43300K .......... .......... .......... .......... .......... 17%  117M 20s
 43350K .......... .......... .......... .......... .......... 17%  117M 20s
 43400K .......... .......... .......... .......... .......... 17%  114M 20s
 43450K .......... .......... .......... .......... .......... 17%  118M 20s
 45900K .......... .......... .......... .......... .......... 18% 3.42M 18s
 45950K .......... .......... .......... .......... .......... 18%  117M 18s
 46000K .......... .......... .......... .......... .......... 19% 89.1M 18s
 46050K .......... .......... .......... .......... .......... 19%  101M 18s
 46100K .......... .......... .......... .......... .......... 19%  117M 18s
 46150K .......... .......... .......... .......... .......... 19%  116M 18s
 46200K .......... .......... .......... .......... .......... 19%  116M 18s
 46250K .......... .......... .......... .......... .......... 19%  117M 18s
 46300K .......... .......... .......... .......... .......... 19%  117M 18s
 46350K .......... .......... .......... .......... .......... 19%  117M 18s
 46400K .......... .......... .......... .......... .......... 19% 87.2M 18s
 46450K .......... .......... .......... .......... .......... 19%  117M 18s
 46500K .......... .......... .......... .......... .......... 19%  117M 18s
 46550K .......... .......... .......... .......... .......... 19%  117M 18s
 46600K .......... .......... .......... .......... .......... 19%  115M 18s
 46650K .......... .......... .......... .......... .......... 19%  116M 18s
 46700K .......... .......... .......... .......... .......... 19%  117M 18s
 46750K .......... .......... .......... .......... .......... 19%  117M 18s
 46800K .......... .......... .......... .......... .......... 19% 88.9M 18s
 46850K .......... .......... .......... .......... .......... 19%  117M 18s
 46900K .......... .......... .......... .......... .......... 19%  113M 18s
 46950K .......... .......... .......... .......... .......... 19%  120M 18s
 47000K .......... .......... .......... .......... .......... 19%  115M 18s
 47050K .......... .......... .......... .......... .......... 19%  117M 18s
 47100K .......... .......... .......... .......... .......... 19%  117M 18s
 47150K .......... .......... .......... .......... .......... 19%  117M 18s
 47200K .......... .......... .......... .......... .......... 19% 88.8M 18s
 47250K .......... .......... .......... .......... .......... 19%  117M 18s
 47300K .......... .......... .......... .......... .......... 19%  117M 18s
 47350K .......... .......... .......... .......... .......... 19%  117M 18s
 47400K .......... .......... .......... .......... .......... 19%  115M 18s
 47450K .......... .......... .......... .......... .......... 19%  117M 18s
 47500K .......... .......... .......... .......... .......... 19%  115M 18s
 47550K .......... .......... .......... .......... .......... 19%  118M 18s
 47600K .......... .......... .......... .......... .......... 19% 87.0M 18s
 47650K .......... .......... .......... .......... .......... 19%  117M 18s
 47700K .......... .......... .......... .......... .......... 19%  117M 18s
 47750K .......... .......... .......... .......... .......... 19%  117M 18s
 47800K .......... .......... .......... .......... .......... 19%  115M 18s
 47850K .......... .......... .......... .......... .......... 19%  117M 18s
 47900K .......... .......... .......... .......... .......... 19%  117M 17s
 47950K .......... .......... .......... .......... .......... 19%  356K 18s
 48000K .......... .......... .......... .......... .......... 19%  107M 18s
 48050K .......... .......... .......... .......... .......... 19%  117M 18s
 48100K .......... .......... .......... .......... .......... 19%  117M 18s
 48150K .......... .......... .......... .......... .......... 19%  117M 18s
 48200K .......... .......... .......... .......... .......... 19%  115M 18s
 48250K .......... .......... .......... .......... .......... 19%  117M 18s
 48300K .......... .......... .......... .......... .......... 19%  117M 18s
 48350K .......... .......... .......... .......... .......... 19%  117M 18s
 48400K .......... .......... .......... .......... .......... 19% 88.8M 18s
 48450K .......... .......... .......... .......... .......... 20%  117M 18s
 48500K .......... .......... .......... .......... .......... 20%  117M 18s
 48550K .......... .......... .......... .......... .......... 20%  116M 18s
 48600K .......... .......... .......... .......... .......... 20%  116M 18s
 48650K .......... .......... .......... .......... .......... 20% 46.3M 18s
 48700K .......... .......... .......... .......... .......... 20% 99.6M 18s
 48750K .......... .......... .......... .......... .......... 20%  117M 18s
 48800K .......... .......... .......... .......... .......... 20% 87.0M 18s
 43500K .......... .......... .......... .......... .......... 17%  300K 20s
 43550K .......... .......... .......... .......... .......... 17%  113M 20s
 43600K .......... .......... .......... .......... .......... 18%  104M 20s
 43650K .......... .......... .......... .......... .......... 18% 70.8M 20s
 43700K .......... .......... .......... .......... .......... 18%  117M 20s
 43750K .......... .......... .......... .......... .......... 18%  117M 20s
 43800K .......... .......... .......... .......... .......... 18%  115M 20s
 43850K .......... .......... .......... .......... .......... 18%  117M 20s
 43900K .......... .......... .......... .......... .......... 18%  117M 20s
 43950K .......... .......... .......... .......... .......... 18%  116M 20s
 48850K .......... .......... .......... .......... .......... 20% 9.80M 18s
 44000K .......... .......... .......... .......... .......... 18% 58.8M 20s
 44050K .......... .......... .......... .......... .......... 18%  116M 20s
 44100K .......... .......... .......... .......... .......... 18%  117M 20s
 44150K .......... .......... .......... .......... .......... 18%  117M 20s
 44200K .......... .......... .......... .......... .......... 18%  115M 20s
 44250K .......... .......... .......... .......... .......... 18%  117M 20s
 44300K .......... .......... .......... .......... .......... 18%  117M 20s
 44350K .......... .......... .......... .......... .......... 18%  115M 20s
 44400K .......... .......... .......... .......... .......... 18% 90.0M 20s
 44450K .......... .......... .......... .......... .......... 18%  117M 20s
 44500K .......... .......... .......... .......... .......... 18%  117M 20s
 44550K .......... .......... .......... .......... .......... 18%  117M 20s
 44600K .......... .......... .......... .......... .......... 18%  116M 20s
 44650K .......... .......... .......... .......... .......... 18%  116M 20s
 44700K .......... .......... .......... .......... .......... 18%  110M 20s
 44750K .......... .......... .......... .......... .......... 18%  124M 20s
 44800K .......... .......... .......... .......... .......... 18% 87.1M 20s
 44850K .......... .......... .......... .......... .......... 18%  117M 20s
 44900K .......... .......... .......... .......... .......... 18%  117M 20s
 44950K .......... .......... .......... .......... .......... 18%  116M 20s
 45000K .......... .......... .......... .......... .......... 18%  116M 20s
 45050K .......... .......... .......... .......... .......... 18%  117M 20s
 45100K .......... .......... .......... .......... .......... 18%  115M 20s
 45150K .......... .......... .......... .......... .......... 18%  119M 19s
 45200K .......... .......... .......... .......... .......... 18% 89.0M 19s
 45250K .......... .......... .......... .......... .......... 18%  117M 19s
 45300K .......... .......... .......... .......... .......... 18%  116M 19s
 45350K .......... .......... .......... .......... .......... 18%  117M 19s
 45400K .......... .......... .......... .......... .......... 18%  116M 19s
 45450K .......... .......... .......... .......... .......... 18%  117M 19s
 45500K .......... .......... .......... .......... .......... 18%  117M 19s
 45550K .......... .......... .......... .......... .......... 18%  116M 19s
 48900K .......... .......... .......... .......... .......... 20% 3.39M 18s
 48950K .......... .......... .......... .......... .......... 20%  116M 18s
 49000K .......... .......... .......... .......... .......... 20%  116M 18s
 49050K .......... .......... .......... .......... .......... 20%  117M 18s
 45600K .......... .......... .......... .......... .......... 18% 21.8M 19s
 49100K .......... .......... .......... .......... .......... 20% 92.1M 18s
 49150K .......... .......... .......... .......... .......... 20%  115M 18s
 49200K .......... .......... .......... .......... .......... 20% 88.9M 18s
 49250K .......... .......... .......... .......... .......... 20%  117M 18s
 49300K .......... .......... .......... .......... .......... 20%  117M 18s
 49350K .......... .......... .......... .......... .......... 20%  117M 18s
 49400K .......... .......... .......... .......... .......... 20%  115M 17s
 49450K .......... .......... .......... .......... .......... 20%  116M 17s
 49500K .......... .......... .......... .......... .......... 20%  117M 17s
 49550K .......... .......... .......... .......... .......... 20%  115M 17s
 49600K .......... .......... .......... .......... .......... 20% 88.0M 17s
 49650K .......... .......... .......... .......... .......... 20%  116M 17s
 49700K .......... .......... .......... .......... .......... 20%  118M 17s
 49750K .......... .......... .......... .......... .......... 20%  117M 17s
 49800K .......... .......... .......... .......... .......... 20%  115M 17s
 49850K .......... .......... .......... .......... .......... 20%  116M 17s
 49900K .......... .......... .......... .......... .......... 20%  118M 17s
 49950K .......... .......... .......... .......... .......... 20%  117M 17s
 50000K .......... .......... .......... .......... .......... 20% 88.8M 17s
 50050K .......... .......... .......... .......... .......... 20%  116M 17s
 50100K .......... .......... .......... .......... .......... 20%  117M 17s
 50150K .......... .......... .......... .......... .......... 20%  117M 17s
 50200K .......... .......... .......... .......... .......... 20%  116M 17s
 50250K .......... .......... .......... .......... .......... 20%  117M 17s
 50300K .......... .......... .......... .......... .......... 20%  115M 17s
 50350K .......... .......... .......... .......... .......... 20%  119M 17s
 50400K .......... .......... .......... .......... .......... 20% 89.1M 17s
 50450K .......... .......... .......... .......... .......... 20%  117M 17s
 50500K .......... .......... .......... .......... .......... 20%  117M 17s
 50550K .......... .......... .......... .......... .......... 20%  117M 17s
 50600K .......... .......... .......... .......... .......... 20%  115M 17s
 50650K .......... .......... .......... .......... .......... 20%  117M 17s
 50700K .......... .......... .......... .......... .......... 20%  117M 17s
 50750K .......... .......... .......... .......... .......... 20%  117M 17s
 50800K .......... .......... .......... .......... .......... 20% 87.0M 17s
 50850K .......... .......... .......... .......... .......... 21%  358K 17s
 50900K .......... .......... .......... .......... .......... 21%  142M 17s
 50950K .......... .......... .......... .......... .......... 21%  154M 17s
 51000K .......... .......... .......... .......... .......... 21%  116M 17s
 51050K .......... .......... .......... .......... .......... 21%  117M 17s
 51100K .......... .......... .......... .......... .......... 21%  117M 17s
 51150K .......... .......... .......... .......... .......... 21%  117M 17s
 51200K .......... .......... .......... .......... .......... 21% 88.8M 17s
 51250K .......... .......... .......... .......... .......... 21%  117M 17s
 51300K .......... .......... .......... .......... .......... 21%  117M 17s
 51350K .......... .......... .......... .......... .......... 21%  117M 17s
 51400K .......... .......... .......... .......... .......... 21%  115M 17s
 51450K .......... .......... .......... .......... .......... 21%  117M 17s
 51500K .......... .......... .......... .......... .......... 21%  117M 17s
 51550K .......... .......... .......... .......... .......... 21%  117M 17s
 51600K .......... .......... .......... .......... .......... 21% 89.1M 17s
 51650K .......... .......... .......... .......... .......... 21%  117M 17s
 51700K .......... .......... .......... .......... .......... 21%  117M 17s
 51750K .......... .......... .......... .......... .......... 21%  117M 17s
 51800K .......... .......... .......... .......... .......... 21%  115M 17s
 51850K .......... .......... .......... .......... .......... 21%  116M 17s
 45650K .......... .......... .......... .......... .......... 18%  305K 20s
 45700K .......... .......... .......... .......... .......... 18%  168M 20s
 45750K .......... .......... .......... .......... .......... 18% 92.2M 20s
 51900K .......... .......... .......... .......... .......... 21% 27.0M 17s
 45800K .......... .......... .......... .......... .......... 18% 83.8M 20s
 45850K .......... .......... .......... .......... .......... 18%  117M 20s
 45900K .......... .......... .......... .......... .......... 18%  117M 20s
 45950K .......... .......... .......... .......... .......... 18%  115M 20s
 46000K .......... .......... .......... .......... .......... 19% 89.7M 20s
 46050K .......... .......... .......... .......... .......... 19%  117M 20s
 46100K .......... .......... .......... .......... .......... 19%  117M 20s
 46150K .......... .......... .......... .......... .......... 19% 85.8M 20s
 46200K .......... .......... .......... .......... .......... 19%  123M 20s
 46250K .......... .......... .......... .......... .......... 19%  117M 20s
 46300K .......... .......... .......... .......... .......... 19%  117M 20s
 46350K .......... .......... .......... .......... .......... 19%  117M 20s
 46400K .......... .......... .......... .......... .......... 19% 89.1M 20s
 46450K .......... .......... .......... .......... .......... 19%  117M 20s
 46500K .......... .......... .......... .......... .......... 19%  117M 20s
 46550K .......... .......... .......... .......... .......... 19%  117M 20s
 46600K .......... .......... .......... .......... .......... 19%  115M 19s
 46650K .......... .......... .......... .......... .......... 19%  117M 19s
 46700K .......... .......... .......... .......... .......... 19%  117M 19s
 46750K .......... .......... .......... .......... .......... 19%  117M 19s
 46800K .......... .......... .......... .......... .......... 19% 87.0M 19s
 46850K .......... .......... .......... .......... .......... 19%  117M 19s
 46900K .......... .......... .......... .......... .......... 19%  117M 19s
 46950K .......... .......... .......... .......... .......... 19%  116M 19s
 47000K .......... .......... .......... .......... .......... 19%  116M 19s
 47050K .......... .......... .......... .......... .......... 19%  117M 19s
 47100K .......... .......... .......... .......... .......... 19%  117M 19s
 47150K .......... .......... .......... .......... .......... 19%  117M 19s
 47200K .......... .......... .......... .......... .......... 19% 88.5M 19s
 47250K .......... .......... .......... .......... .......... 19%  117M 19s
 47300K .......... .......... .......... .......... .......... 19%  117M 19s
 47350K .......... .......... .......... .......... .......... 19%  117M 19s
 47400K .......... .......... .......... .......... .......... 19%  115M 19s
 47450K .......... .......... .......... .......... .......... 19%  117M 19s
 47500K .......... .......... .......... .......... .......... 19%  117M 19s
 47550K .......... .......... .......... .......... .......... 19%  117M 19s
 47600K .......... .......... .......... .......... .......... 19% 89.0M 19s
 47650K .......... .......... .......... .......... .......... 19%  117M 19s
 47700K .......... .......... .......... .......... .......... 19%  117M 19s
 47750K .......... .......... .......... .......... .......... 19%  116M 19s
 51950K .......... .......... .......... .......... .......... 21% 2.75M 17s
 52000K .......... .......... .......... .......... .......... 21% 87.3M 17s
 52050K .......... .......... .......... .......... .......... 21%  117M 17s
 52100K .......... .......... .......... .......... .......... 21%  117M 17s
 52150K .......... .......... .......... .......... .......... 21% 94.5M 17s
 52200K .......... .......... .......... .......... .......... 21%  114M 17s
 52250K .......... .......... .......... .......... .......... 21%  118M 17s
 52300K .......... .......... .......... .......... .......... 21%  117M 17s
 52350K .......... .......... .......... .......... .......... 21%  117M 17s
 52400K .......... .......... .......... .......... .......... 21% 42.2M 17s
 52450K .......... .......... .......... .......... .......... 21%  117M 17s
 52500K .......... .......... .......... .......... .......... 21%  117M 17s
 52550K .......... .......... .......... .......... .......... 21%  117M 17s
 52600K .......... .......... .......... .......... .......... 21%  115M 17s
 52650K .......... .......... .......... .......... .......... 21%  117M 17s
 52700K .......... .......... .......... .......... .......... 21%  116M 17s
 52750K .......... .......... .......... .......... .......... 21%  117M 17s
 52800K .......... .......... .......... .......... .......... 21% 86.9M 17s
 52850K .......... .......... .......... .......... .......... 21%  117M 17s
 52900K .......... .......... .......... .......... .......... 21%  117M 17s
 52950K .......... .......... .......... .......... .......... 21%  117M 17s
 53000K .......... .......... .......... .......... .......... 21%  115M 17s
 53050K .......... .......... .......... .......... .......... 21%  117M 17s
 53100K .......... .......... .......... .......... .......... 21%  117M 17s
 53150K .......... .......... .......... .......... .......... 21%  117M 17s
 53200K .......... .......... .......... .......... .......... 21% 88.9M 17s
 53250K .......... .......... .......... .......... .......... 21%  117M 17s
 53300K .......... .......... .......... .......... .......... 22%  117M 17s
 53350K .......... .......... .......... .......... .......... 22%  117M 17s
 53400K .......... .......... .......... .......... .......... 22%  115M 17s
 53450K .......... .......... .......... .......... .......... 22%  117M 17s
 53500K .......... .......... .......... .......... .......... 22%  117M 17s
 53550K .......... .......... .......... .......... .......... 22%  117M 16s
 53600K .......... .......... .......... .......... .......... 22% 88.9M 16s
 53650K .......... .......... .......... .......... .......... 22%  117M 16s
 53700K .......... .......... .......... .......... .......... 22%  117M 16s
 53750K .......... .......... .......... .......... .......... 22%  117M 16s
 53800K .......... .......... .......... .......... .......... 22%  115M 16s
 53850K .......... .......... .......... .......... .......... 22%  118M 16s
 53900K .......... .......... .......... .......... .......... 22%  358K 17s
 53950K .......... .......... .......... .......... .......... 22%  182M 17s
 54000K .......... .......... .......... .......... .......... 22% 89.0M 17s
 54050K .......... .......... .......... .......... .......... 22%  117M 17s
 54100K .......... .......... .......... .......... .......... 22%  117M 17s
 54150K .......... .......... .......... .......... .......... 22%  117M 17s
 54200K .......... .......... .......... .......... .......... 22%  115M 17s
 54250K .......... .......... .......... .......... .......... 22%  117M 17s
 54300K .......... .......... .......... .......... .......... 22%  117M 17s
 54350K .......... .......... .......... .......... .......... 22%  117M 17s
 54400K .......... .......... .......... .......... .......... 22% 89.1M 17s
 54450K .......... .......... .......... .......... .......... 22%  117M 17s
 54500K .......... .......... .......... .......... .......... 22%  117M 17s
 54550K .......... .......... .......... .......... .......... 22%  117M 17s
 54600K .......... .......... .......... .......... .......... 22%  115M 17s
 54650K .......... .......... .......... .......... .......... 22%  117M 17s
 54700K .......... .......... .......... .......... .......... 22%  117M 17s
 54750K .......... .......... .......... .......... .......... 22%  117M 17s
 54800K .......... .......... .......... .......... .......... 22% 88.9M 17s
 54850K .......... .......... .......... .......... .......... 22%  117M 16s
 54900K .......... .......... .......... .......... .......... 22%  117M 16s
 47800K .......... .......... .......... .......... .......... 19%  300K 20s
 47850K .......... .......... .......... .......... .......... 19%  149M 20s
 47900K .......... .......... .......... .......... .......... 19%  128M 20s
 54950K .......... .......... .......... .......... .......... 22% 25.9M 16s
 47950K .......... .......... .......... .......... .......... 19% 70.9M 20s
 48000K .......... .......... .......... .......... .......... 19% 85.2M 20s
 48050K .......... .......... .......... .......... .......... 19%  117M 19s
 48100K .......... .......... .......... .......... .......... 19%  117M 19s
 48150K .......... .......... .......... .......... .......... 19%  117M 19s
 48200K .......... .......... .......... .......... .......... 19%  115M 19s
 48250K .......... .......... .......... .......... .......... 19%  115M 19s
 48300K .......... .......... .......... .......... .......... 19% 98.8M 19s
 48350K .......... .......... .......... .......... .......... 19%  118M 19s
 48400K .......... .......... .......... .......... .......... 19% 89.1M 19s
 48450K .......... .......... .......... .......... .......... 20%  117M 19s
 48500K .......... .......... .......... .......... .......... 20%  117M 19s
 48550K .......... .......... .......... .......... .......... 20%  117M 19s
 48600K .......... .......... .......... .......... .......... 20%  115M 19s
 48650K .......... .......... .......... .......... .......... 20%  115M 19s
 48700K .......... .......... .......... .......... .......... 20%  118M 19s
 48750K .......... .......... .......... .......... .......... 20%  117M 19s
 48800K .......... .......... .......... .......... .......... 20% 87.0M 19s
 48850K .......... .......... .......... .......... .......... 20%  117M 19s
 48900K .......... .......... .......... .......... .......... 20%  116M 19s
 48950K .......... .......... .......... .......... .......... 20%  117M 19s
 49000K .......... .......... .......... .......... .......... 20%  115M 19s
 49050K .......... .......... .......... .......... .......... 20%  117M 19s
 49100K .......... .......... .......... .......... .......... 20%  117M 19s
 49150K .......... .......... .......... .......... .......... 20%  117M 19s
 49200K .......... .......... .......... .......... .......... 20% 88.8M 19s
 49250K .......... .......... .......... .......... .......... 20%  117M 19s
 49300K .......... .......... .......... .......... .......... 20%  117M 19s
 49350K .......... .......... .......... .......... .......... 20%  117M 19s
 49400K .......... .......... .......... .......... .......... 20%  115M 19s
 49450K .......... .......... .......... .......... .......... 20%  117M 19s
 49500K .......... .......... .......... .......... .......... 20%  117M 19s
 49550K .......... .......... .......... .......... .......... 20%  117M 19s
 49600K .......... .......... .......... .......... .......... 20% 89.1M 19s
 49650K .......... .......... .......... .......... .......... 20%  117M 19s
 49700K .......... .......... .......... .......... .......... 20%  117M 19s
 49750K .......... .......... .......... .......... .......... 20%  117M 19s
 49800K .......... .......... .......... .......... .......... 20%  115M 19s
 49850K .......... .......... .......... .......... .......... 20%  117M 19s
 49900K .......... .......... .......... .......... .......... 20%  117M 19s
 55000K .......... .......... .......... .......... .......... 22% 2.73M 17s
 55050K .......... .......... .......... .......... .......... 22%  117M 16s
 55100K .......... .......... .......... .......... .......... 22%  117M 16s
 55150K .......... .......... .......... .......... .......... 22%  115M 16s
 55200K .......... .......... .......... .......... .......... 22% 70.6M 16s
 55250K .......... .......... .......... .......... .......... 22%  117M 16s
 55300K .......... .......... .......... .......... .......... 22%  117M 16s
 55350K .......... .......... .......... .......... .......... 22%  115M 16s
 55400K .......... .......... .......... .......... .......... 22% 81.2M 16s
 55450K .......... .......... .......... .......... .......... 22%  117M 16s
 55500K .......... .......... .......... .......... .......... 22%  117M 16s
 55550K .......... .......... .......... .......... .......... 22%  117M 16s
 55600K .......... .......... .......... .......... .......... 22% 88.9M 16s
 55650K .......... .......... .......... .......... .......... 22%  117M 16s
 55700K .......... .......... .......... .......... .......... 23%  117M 16s
 55750K .......... .......... .......... .......... .......... 23%  117M 16s
 55800K .......... .......... .......... .......... .......... 23%  116M 16s
 55850K .......... .......... .......... .......... .......... 23%  117M 16s
 55900K .......... .......... .......... .......... .......... 23%  116M 16s
 55950K .......... .......... .......... .......... .......... 23%  118M 16s
 56000K .......... .......... .......... .......... .......... 23% 89.0M 16s
 56050K .......... .......... .......... .......... .......... 23%  117M 16s
 56100K .......... .......... .......... .......... .......... 23%  113M 16s
 56150K .......... .......... .......... .......... .......... 23%  117M 16s
 56200K .......... .......... .......... .......... .......... 23%  116M 16s
 56250K .......... .......... .......... .......... .......... 23%  117M 16s
 56300K .......... .......... .......... .......... .......... 23%  117M 16s
 56350K .......... .......... .......... .......... .......... 23%  115M 16s
 56400K .......... .......... .......... .......... .......... 23% 90.1M 16s
 56450K .......... .......... .......... .......... .......... 23%  117M 16s
 56500K .......... .......... .......... .......... .......... 23%  117M 16s
 56550K .......... .......... .......... .......... .......... 23%  117M 16s
 56600K .......... .......... .......... .......... .......... 23%  114M 16s
 56650K .......... .......... .......... .......... .......... 23%  118M 16s
 56700K .......... .......... .......... .......... .......... 23%  117M 16s
 56750K .......... .......... .......... .......... .......... 23%  117M 16s
 56800K .......... .......... .......... .......... .......... 23% 88.8M 16s
 56850K .......... .......... .......... .......... .......... 23%  117M 16s
 56900K .......... .......... .......... .......... .......... 23%  358K 16s
 56950K .......... .......... .......... .......... .......... 23%  192M 16s
 57000K .......... .......... .......... .......... .......... 23%  114M 16s
 57050K .......... .......... .......... .......... .......... 23%  137M 16s
 57100K .......... .......... .......... .......... .......... 23%  117M 16s
 57150K .......... .......... .......... .......... .......... 23%  117M 16s
 57200K .......... .......... .......... .......... .......... 23% 87.1M 16s
 57250K .......... .......... .......... .......... .......... 23%  117M 16s
 57300K .......... .......... .......... .......... .......... 23%  120M 16s
 57350K .......... .......... .......... .......... .......... 23%  114M 16s
 57400K .......... .......... .......... .......... .......... 23%  116M 16s
 57450K .......... .......... .......... .......... .......... 23%  117M 16s
 57500K .......... .......... .......... .......... .......... 23%  115M 16s
 57550K .......... .......... .......... .......... .......... 23%  118M 16s
 57600K .......... .......... .......... .......... .......... 23% 88.9M 16s
 57650K .......... .......... .......... .......... .......... 23%  116M 16s
 57700K .......... .......... .......... .......... .......... 23%  117M 16s
 57750K .......... .......... .......... .......... .......... 23%  117M 16s
 57800K .......... .......... .......... .......... .......... 23%  115M 16s
 57850K .......... .......... .......... .......... .......... 23%  117M 16s
 57900K .......... .......... .......... .......... .......... 23%  117M 16s
 57950K .......... .......... .......... .......... .......... 23%  117M 16s
 49950K .......... .......... .......... .......... .......... 20% 24.3M 19s
 50000K .......... .......... .......... .......... .......... 20%  304K 19s
 50050K .......... .......... .......... .......... .......... 20%  133M 19s
 50100K .......... .......... .......... .......... .......... 20%  122M 19s
 50150K .......... .......... .......... .......... .......... 20% 81.0M 19s
 50200K .......... .......... .......... .......... .......... 20%  115M 19s
 50250K .......... .......... .......... .......... .......... 20%  117M 19s
 50300K .......... .......... .......... .......... .......... 20%  117M 19s
 50350K .......... .......... .......... .......... .......... 20%  117M 19s
 50400K .......... .......... .......... .......... .......... 20% 89.1M 19s
 50450K .......... .......... .......... .......... .......... 20%  117M 19s
 58000K .......... .......... .......... .......... .......... 23% 9.48M 16s
 50500K .......... .......... .......... .......... .......... 20% 82.4M 19s
 50550K .......... .......... .......... .......... .......... 20%  117M 19s
 50600K .......... .......... .......... .......... .......... 20%  115M 19s
 50650K .......... .......... .......... .......... .......... 20%  116M 19s
 50700K .......... .......... .......... .......... .......... 20%  118M 19s
 50750K .......... .......... .......... .......... .......... 20%  117M 19s
 50800K .......... .......... .......... .......... .......... 20% 89.1M 19s
 50850K .......... .......... .......... .......... .......... 21%  117M 19s
 50900K .......... .......... .......... .......... .......... 21%  117M 19s
 50950K .......... .......... .......... .......... .......... 21%  117M 19s
 51000K .......... .......... .......... .......... .......... 21%  115M 19s
 51050K .......... .......... .......... .......... .......... 21%  117M 19s
 51100K .......... .......... .......... .......... .......... 21%  117M 19s
 51150K .......... .......... .......... .......... .......... 21%  115M 19s
 51200K .......... .......... .......... .......... .......... 21% 87.9M 19s
 51250K .......... .......... .......... .......... .......... 21%  117M 19s
 51300K .......... .......... .......... .......... .......... 21%  117M 19s
 51350K .......... .......... .......... .......... .......... 21%  116M 19s
 51400K .......... .......... .......... .......... .......... 21%  114M 19s
 51450K .......... .......... .......... .......... .......... 21%  119M 19s
 51500K .......... .......... .......... .......... .......... 21%  117M 19s
 51550K .......... .......... .......... .......... .......... 21%  117M 19s
 51600K .......... .......... .......... .......... .......... 21% 89.0M 19s
 51650K .......... .......... .......... .......... .......... 21%  117M 19s
 51700K .......... .......... .......... .......... .......... 21%  117M 18s
 51750K .......... .......... .......... .......... .......... 21%  117M 18s
 51800K .......... .......... .......... .......... .......... 21%  115M 18s
 51850K .......... .......... .......... .......... .......... 21%  117M 18s
 51900K .......... .......... .......... .......... .......... 21%  117M 18s
 51950K .......... .......... .......... .......... .......... 21%  117M 18s
 52000K .......... .......... .......... .......... .......... 21% 87.1M 18s
 52050K .......... .......... .......... .......... .......... 21%  117M 18s
 52100K .......... .......... .......... .......... .......... 21%  117M 18s
 58050K .......... .......... .......... .......... .......... 23% 3.28M 16s
 58100K .......... .......... .......... .......... .......... 24%  117M 16s
 58150K .......... .......... .......... .......... .......... 24%  117M 16s
 52150K .......... .......... .......... .......... .......... 21% 27.6M 18s
 58200K .......... .......... .......... .......... .......... 24% 83.7M 16s
 58250K .......... .......... .......... .......... .......... 24%  117M 16s
 58300K .......... .......... .......... .......... .......... 24%  117M 16s
 58350K .......... .......... .......... .......... .......... 24%  117M 16s
 58400K .......... .......... .......... .......... .......... 24% 89.0M 16s
 58450K .......... .......... .......... .......... .......... 24%  114M 16s
 58500K .......... .......... .......... .......... .......... 24%  116M 16s
 58550K .......... .......... .......... .......... .......... 24%  117M 16s
 58600K .......... .......... .......... .......... .......... 24%  114M 16s
 58650K .......... .......... .......... .......... .......... 24%  118M 16s
 58700K .......... .......... .......... .......... .......... 24%  117M 16s
 58750K .......... .......... .......... .......... .......... 24%  117M 16s
 58800K .......... .......... .......... .......... .......... 24% 87.7M 16s
 58850K .......... .......... .......... .......... .......... 24%  117M 16s
 58900K .......... .......... .......... .......... .......... 24%  117M 16s
 58950K .......... .......... .......... .......... .......... 24%  117M 16s
 59000K .......... .......... .......... .......... .......... 24%  115M 16s
 59050K .......... .......... .......... .......... .......... 24%  117M 16s
 59100K .......... .......... .......... .......... .......... 24%  117M 16s
 59150K .......... .......... .......... .......... .......... 24%  117M 16s
 59200K .......... .......... .......... .......... .......... 24% 88.9M 16s
 59250K .......... .......... .......... .......... .......... 24%  117M 16s
 59300K .......... .......... .......... .......... .......... 24%  117M 16s
 59350K .......... .......... .......... .......... .......... 24%  117M 16s
 59400K .......... .......... .......... .......... .......... 24%  115M 16s
 59450K .......... .......... .......... .......... .......... 24%  117M 16s
 59500K .......... .......... .......... .......... .......... 24%  117M 15s
 59550K .......... .......... .......... .......... .......... 24%  117M 15s
 59600K .......... .......... .......... .......... .......... 24% 87.0M 15s
 59650K .......... .......... .......... .......... .......... 24%  117M 15s
 59700K .......... .......... .......... .......... .......... 24%  117M 15s
 59750K .......... .......... .......... .......... .......... 24%  117M 15s
 59800K .......... .......... .......... .......... .......... 24%  115M 15s
 59850K .......... .......... .......... .......... .......... 24%  116M 15s
 59900K .......... .......... .......... .......... .......... 24%  118M 15s
 59950K .......... .......... .......... .......... .......... 24%  117M 15s
 60000K .......... .......... .......... .......... .......... 24%  358K 16s
 60050K .......... .......... .......... .......... .......... 24%  130M 16s
 60100K .......... .......... .......... .......... .......... 24%  113M 16s
 60150K .......... .......... .......... .......... .......... 24%  116M 16s
 60200K .......... .......... .......... .......... .......... 24%  116M 16s
 60250K .......... .......... .......... .......... .......... 24%  117M 16s
 60300K .......... .......... .......... .......... .......... 24%  117M 16s
 60350K .......... .......... .......... .......... .......... 24%  117M 16s
 60400K .......... .......... .......... .......... .......... 24% 89.1M 16s
 60450K .......... .......... .......... .......... .......... 24%  117M 16s
 60500K .......... .......... .......... .......... .......... 24%  117M 16s
 60550K .......... .......... .......... .......... .......... 25%  117M 16s
 60600K .......... .......... .......... .......... .......... 25%  115M 16s
 60650K .......... .......... .......... .......... .......... 25%  117M 16s
 60700K .......... .......... .......... .......... .......... 25%  117M 16s
 60750K .......... .......... .......... .......... .......... 25%  117M 16s
 60800K .......... .......... .......... .......... .......... 25% 88.8M 16s
 60850K .......... .......... .......... .......... .......... 25%  116M 15s
 60900K .......... .......... .......... .......... .......... 25%  118M 15s
 60950K .......... .......... .......... .......... .......... 25%  117M 15s
 61000K .......... .......... .......... .......... .......... 25%  115M 15s
 52200K .......... .......... .......... .......... .......... 21%  304K 19s
 52250K .......... .......... .......... .......... .......... 21%  108M 19s
 52300K .......... .......... .......... .......... .......... 21%  146M 19s
 52350K .......... .......... .......... .......... .......... 21%  117M 19s
 52400K .......... .......... .......... .......... .......... 21% 88.9M 19s
 52450K .......... .......... .......... .......... .......... 21%  117M 19s
 52500K .......... .......... .......... .......... .......... 21%  117M 19s
 52550K .......... .......... .......... .......... .......... 21%  117M 19s
 52600K .......... .......... .......... .......... .......... 21%  115M 19s
 52650K .......... .......... .......... .......... .......... 21%  117M 19s
 61050K .......... .......... .......... .......... .......... 25% 9.61M 15s
 52700K .......... .......... .......... .......... .......... 21% 70.8M 19s
 52750K .......... .......... .......... .......... .......... 21%  117M 19s
 52800K .......... .......... .......... .......... .......... 21% 89.1M 19s
 52850K .......... .......... .......... .......... .......... 21%  117M 19s
 52900K .......... .......... .......... .......... .......... 21%  117M 19s
 52950K .......... .......... .......... .......... .......... 21%  117M 19s
 53000K .......... .......... .......... .......... .......... 21%  114M 19s
 53050K .......... .......... .......... .......... .......... 21%  118M 19s
 53100K .......... .......... .......... .......... .......... 21%  117M 19s
 53150K .......... .......... .......... .......... .......... 21%  117M 18s
 53200K .......... .......... .......... .......... .......... 21% 87.0M 18s
 53250K .......... .......... .......... .......... .......... 21%  117M 18s
 53300K .......... .......... .......... .......... .......... 22%  117M 18s
 53350K .......... .......... .......... .......... .......... 22%  117M 18s
 53400K .......... .......... .......... .......... .......... 22%  116M 18s
 53450K .......... .......... .......... .......... .......... 22%  117M 18s
 53500K .......... .......... .......... .......... .......... 22%  117M 18s
 53550K .......... .......... .......... .......... .......... 22%  117M 18s
 53600K .......... .......... .......... .......... .......... 22% 88.8M 18s
 53650K .......... .......... .......... .......... .......... 22%  116M 18s
 53700K .......... .......... .......... .......... .......... 22%  117M 18s
 53750K .......... .......... .......... .......... .......... 22%  117M 18s
 53800K .......... .......... .......... .......... .......... 22%  115M 18s
 53850K .......... .......... .......... .......... .......... 22%  117M 18s
 53900K .......... .......... .......... .......... .......... 22%  117M 18s
 53950K .......... .......... .......... .......... .......... 22%  117M 18s
 54000K .......... .......... .......... .......... .......... 22% 89.0M 18s
 54050K .......... .......... .......... .......... .......... 22%  117M 18s
 54100K .......... .......... .......... .......... .......... 22%  117M 18s
 54150K .......... .......... .......... .......... .......... 22%  117M 18s
 54200K .......... .......... .......... .......... .......... 22%  115M 18s
 54250K .......... .......... .......... .......... .......... 22%  117M 18s
 54300K .......... .......... .......... .......... .......... 22%  117M 18s
 54350K .......... .......... .......... .......... .......... 22%  117M 18s
 61100K .......... .......... .......... .......... .......... 25% 3.26M 15s
 61150K .......... .......... .......... .......... .......... 25%  116M 15s
 61200K .......... .......... .......... .......... .......... 25% 69.1M 15s
 61250K .......... .......... .......... .......... .......... 25%  110M 15s
 61300K .......... .......... .......... .......... .......... 25%  117M 15s
 61350K .......... .......... .......... .......... .......... 25%  117M 15s
 61400K .......... .......... .......... .......... .......... 25%  115M 15s
 61450K .......... .......... .......... .......... .......... 25%  117M 15s
 61500K .......... .......... .......... .......... .......... 25%  116M 15s
 61550K .......... .......... .......... .......... .......... 25%  118M 15s
 61600K .......... .......... .......... .......... .......... 25% 89.0M 15s
 61650K .......... .......... .......... .......... .......... 25%  116M 15s
 61700K .......... .......... .......... .......... .......... 25%  117M 15s
 61750K .......... .......... .......... .......... .......... 25%  117M 15s
 61800K .......... .......... .......... .......... .......... 25%  114M 15s
 61850K .......... .......... .......... .......... .......... 25%  118M 15s
 61900K .......... .......... .......... .......... .......... 25%  117M 15s
 61950K .......... .......... .......... .......... .......... 25%  116M 15s
 62000K .......... .......... .......... .......... .......... 25% 89.6M 15s
 62050K .......... .......... .......... .......... .......... 25%  117M 15s
 62100K .......... .......... .......... .......... .......... 25%  117M 15s
 62150K .......... .......... .......... .......... .......... 25%  117M 15s
 62200K .......... .......... .......... .......... .......... 25%  114M 15s
 62250K .......... .......... .......... .......... .......... 25%  118M 15s
 62300K .......... .......... .......... .......... .......... 25%  117M 15s
 62350K .......... .......... .......... .......... .......... 25%  117M 15s
 62400K .......... .......... .......... .......... .......... 25% 87.0M 15s
 62450K .......... .......... .......... .......... .......... 25%  117M 15s
 62500K .......... .......... .......... .......... .......... 25%  117M 15s
 62550K .......... .......... .......... .......... .......... 25%  117M 15s
 62600K .......... .......... .......... .......... .......... 25%  115M 15s
 62650K .......... .......... .......... .......... .......... 25%  115M 15s
 62700K .......... .......... .......... .......... .......... 25%  119M 15s
 62750K .......... .......... .......... .......... .......... 25%  117M 15s
 62800K .......... .......... .......... .......... .......... 25% 88.9M 15s
 62850K .......... .......... .......... .......... .......... 25%  117M 15s
 62900K .......... .......... .......... .......... .......... 25%  117M 15s
 62950K .......... .......... .......... .......... .......... 26%  117M 15s
 63000K .......... .......... .......... .......... .......... 26%  116M 15s
 63050K .......... .......... .......... .......... .......... 26%  358K 15s
 63100K .......... .......... .......... .......... .......... 26%  204M 15s
 63150K .......... .......... .......... .......... .......... 26%  120M 15s
 63200K .......... .......... .......... .......... .......... 26% 87.7M 15s
 63250K .......... .......... .......... .......... .......... 26%  117M 15s
 63300K .......... .......... .......... .......... .......... 26%  117M 15s
 63350K .......... .......... .......... .......... .......... 26%  117M 15s
 63400K .......... .......... .......... .......... .......... 26%  114M 15s
 63450K .......... .......... .......... .......... .......... 26%  119M 15s
 63500K .......... .......... .......... .......... .......... 26%  117M 15s
 63550K .......... .......... .......... .......... .......... 26%  117M 15s
 63600K .......... .......... .......... .......... .......... 26% 88.9M 15s
 63650K .......... .......... .......... .......... .......... 26%  117M 15s
 63700K .......... .......... .......... .......... .......... 26%  117M 15s
 63750K .......... .......... .......... .......... .......... 26%  117M 15s
 63800K .......... .......... .......... .......... .......... 26%  115M 15s
 63850K .......... .......... .......... .......... .......... 26%  117M 15s
 63900K .......... .......... .......... .......... .......... 26%  117M 15s
 63950K .......... .......... .......... .......... .......... 26%  117M 15s
 64000K .......... .......... .......... .......... .......... 26% 87.0M 15s
 64050K .......... .......... .......... .......... .......... 26%  117M 15s
 54400K .......... .......... .......... .......... .......... 22%  302K 19s
 54450K .......... .......... .......... .......... .......... 22%  163M 19s
 54500K .......... .......... .......... .......... .......... 22%  141M 19s
 54550K .......... .......... .......... .......... .......... 22%  117M 18s
 54600K .......... .......... .......... .......... .......... 22%  115M 18s
 54650K .......... .......... .......... .......... .......... 22%  117M 18s
 54700K .......... .......... .......... .......... .......... 22%  117M 18s
 54750K .......... .......... .......... .......... .......... 22%  117M 18s
 54800K .......... .......... .......... .......... .......... 22% 89.1M 18s
 54850K .......... .......... .......... .......... .......... 22%  117M 18s
 54900K .......... .......... .......... .......... .......... 22%  117M 18s
 64100K .......... .......... .......... .......... .......... 26% 9.61M 15s
 54950K .......... .......... .......... .......... .......... 22% 75.9M 18s
 55000K .......... .......... .......... .......... .......... 22%  115M 18s
 55050K .......... .......... .......... .......... .......... 22%  117M 18s
 55100K .......... .......... .......... .......... .......... 22%  117M 18s
 55150K .......... .......... .......... .......... .......... 22%  117M 18s
 55200K .......... .......... .......... .......... .......... 22% 87.0M 18s
 55250K .......... .......... .......... .......... .......... 22%  117M 18s
 55300K .......... .......... .......... .......... .......... 22%  117M 18s
 55350K .......... .......... .......... .......... .......... 22%  117M 18s
 55400K .......... .......... .......... .......... .......... 22%  116M 18s
 55450K .......... .......... .......... .......... .......... 22%  117M 18s
 55500K .......... .......... .......... .......... .......... 22%  117M 18s
 55550K .......... .......... .......... .......... .......... 22%  117M 18s
 55600K .......... .......... .......... .......... .......... 22% 88.8M 18s
 55650K .......... .......... .......... .......... .......... 22%  116M 18s
 55700K .......... .......... .......... .......... .......... 23%  117M 18s
 55750K .......... .......... .......... .......... .......... 23%  117M 18s
 55800K .......... .......... .......... .......... .......... 23%  115M 18s
 55850K .......... .......... .......... .......... .......... 23%  117M 18s
 55900K .......... .......... .......... .......... .......... 23%  117M 18s
 55950K .......... .......... .......... .......... .......... 23%  115M 18s
 56000K .......... .......... .......... .......... .......... 23% 89.8M 18s
 56050K .......... .......... .......... .......... .......... 23%  117M 18s
 56100K .......... .......... .......... .......... .......... 23%  117M 18s
 56150K .......... .......... .......... .......... .......... 23%  117M 18s
 56200K .......... .......... .......... .......... .......... 23%  115M 18s
 56250K .......... .......... .......... .......... .......... 23%  117M 18s
 56300K .......... .......... .......... .......... .......... 23%  117M 18s
 56350K .......... .......... .......... .......... .......... 23%  116M 18s
 56400K .......... .......... .......... .......... .......... 23% 87.7M 18s
 56450K .......... .......... .......... .......... .......... 23%  117M 18s
 56500K .......... .......... .......... .......... .......... 23%  117M 18s
 56550K .......... .......... .......... .......... .......... 23%  117M 18s
 56600K .......... .......... .......... .......... .......... 23%  115M 18s
 64150K .......... .......... .......... .......... .......... 26% 3.25M 15s
 64200K .......... .......... .......... .......... .......... 26%  116M 15s
 64250K .......... .......... .......... .......... .......... 26% 84.4M 15s
 64300K .......... .......... .......... .......... .......... 26%  117M 15s
 64350K .......... .......... .......... .......... .......... 26%  117M 15s
 64400K .......... .......... .......... .......... .......... 26% 89.1M 15s
 64450K .......... .......... .......... .......... .......... 26%  117M 15s
 64500K .......... .......... .......... .......... .......... 26%  117M 15s
 64550K .......... .......... .......... .......... .......... 26%  117M 15s
 64600K .......... .......... .......... .......... .......... 26%  115M 15s
 64650K .......... .......... .......... .......... .......... 26%  117M 15s
 64700K .......... .......... .......... .......... .......... 26%  117M 15s
 64750K .......... .......... .......... .......... .......... 26%  116M 15s
 64800K .......... .......... .......... .......... .......... 26% 89.8M 15s
 64850K .......... .......... .......... .......... .......... 26%  117M 15s
 64900K .......... .......... .......... .......... .......... 26%  117M 15s
 64950K .......... .......... .......... .......... .......... 26%  116M 15s
 65000K .......... .......... .......... .......... .......... 26%  115M 15s
 65050K .......... .......... .......... .......... .......... 26%  117M 15s
 65100K .......... .......... .......... .......... .......... 26%  117M 15s
 65150K .......... .......... .......... .......... .......... 26%  117M 15s
 65200K .......... .......... .......... .......... .......... 26% 87.0M 15s
 65250K .......... .......... .......... .......... .......... 26%  117M 15s
 65300K .......... .......... .......... .......... .......... 26%  117M 15s
 65350K .......... .......... .......... .......... .......... 26%  117M 15s
 65400K .......... .......... .......... .......... .......... 27%  115M 15s
 65450K .......... .......... .......... .......... .......... 27%  116M 15s
 65500K .......... .......... .......... .......... .......... 27%  117M 15s
 65550K .......... .......... .......... .......... .......... 27%  117M 15s
 65600K .......... .......... .......... .......... .......... 27% 89.1M 15s
 65650K .......... .......... .......... .......... .......... 27%  117M 15s
 65700K .......... .......... .......... .......... .......... 27%  117M 15s
 65750K .......... .......... .......... .......... .......... 27%  117M 15s
 65800K .......... .......... .......... .......... .......... 27%  115M 15s
 65850K .......... .......... .......... .......... .......... 27%  117M 15s
 65900K .......... .......... .......... .......... .......... 27%  117M 15s
 65950K .......... .......... .......... .......... .......... 27%  117M 14s
 66000K .......... .......... .......... .......... .......... 27% 88.8M 14s
 66050K .......... .......... .......... .......... .......... 27%  117M 14s
 56650K .......... .......... .......... .......... .......... 23% 1.34M 18s
 66100K .......... .......... .......... .......... .......... 27%  359K 15s
 66150K .......... .......... .......... .......... .......... 27%  135M 15s
 66200K .......... .......... .......... .......... .......... 27%  115M 15s
 66250K .......... .......... .......... .......... .......... 27%  117M 15s
 66300K .......... .......... .......... .......... .......... 27%  117M 15s
 66350K .......... .......... .......... .......... .......... 27%  117M 15s
 66400K .......... .......... .......... .......... .......... 27% 86.9M 15s
 66450K .......... .......... .......... .......... .......... 27%  119M 15s
 66500K .......... .......... .......... .......... .......... 27%  117M 15s
 66550K .......... .......... .......... .......... .......... 27%  117M 15s
 66600K .......... .......... .......... .......... .......... 27%  115M 15s
 66650K .......... .......... .......... .......... .......... 27%  117M 15s
 66700K .......... .......... .......... .......... .......... 27%  117M 15s
 66750K .......... .......... .......... .......... .......... 27%  116M 15s
 66800K .......... .......... .......... .......... .......... 27% 87.2M 15s
 66850K .......... .......... .......... .......... .......... 27%  117M 15s
 66900K .......... .......... .......... .......... .......... 27%  117M 15s
 66950K .......... .......... .......... .......... .......... 27%  117M 15s
 67000K .......... .......... .......... .......... .......... 27%  115M 15s
 67050K .......... .......... .......... .......... .......... 27%  117M 15s
 67100K .......... .......... .......... .......... .......... 27%  115M 15s
 56700K .......... .......... .......... .......... .......... 23%  387K 18s
 56750K .......... .......... .......... .......... .......... 23%  133M 18s
 56800K .......... .......... .......... .......... .......... 23%  103M 18s
 56850K .......... .......... .......... .......... .......... 23%  117M 18s
 56900K .......... .......... .......... .......... .......... 23%  117M 18s
 56950K .......... .......... .......... .......... .......... 23%  117M 18s
 57000K .......... .......... .......... .......... .......... 23%  115M 18s
 57050K .......... .......... .......... .......... .......... 23%  117M 18s
 57100K .......... .......... .......... .......... .......... 23%  117M 18s
 57150K .......... .......... .......... .......... .......... 23%  117M 18s
 57200K .......... .......... .......... .......... .......... 23% 89.0M 18s
 67150K .......... .......... .......... .......... .......... 27% 9.28M 15s
 57250K .......... .......... .......... .......... .......... 23% 56.9M 18s
 57300K .......... .......... .......... .......... .......... 23%  117M 18s
 57350K .......... .......... .......... .......... .......... 23%  117M 18s
 57400K .......... .......... .......... .......... .......... 23%  115M 18s
 57450K .......... .......... .......... .......... .......... 23%  110M 18s
 57500K .......... .......... .......... .......... .......... 23%  125M 18s
 57550K .......... .......... .......... .......... .......... 23%  117M 18s
 57600K .......... .......... .......... .......... .......... 23% 87.0M 18s
 57650K .......... .......... .......... .......... .......... 23%  117M 18s
 57700K .......... .......... .......... .......... .......... 23%  117M 18s
 57750K .......... .......... .......... .......... .......... 23%  117M 18s
 57800K .......... .......... .......... .......... .......... 23%  115M 18s
 57850K .......... .......... .......... .......... .......... 23%  117M 18s
 57900K .......... .......... .......... .......... .......... 23%  117M 18s
 57950K .......... .......... .......... .......... .......... 23%  117M 18s
 58000K .......... .......... .......... .......... .......... 23% 88.8M 18s
 58050K .......... .......... .......... .......... .......... 23%  117M 18s
 58100K .......... .......... .......... .......... .......... 24%  117M 18s
 58150K .......... .......... .......... .......... .......... 24%  117M 18s
 58200K .......... .......... .......... .......... .......... 24%  114M 18s
 58250K .......... .......... .......... .......... .......... 24%  119M 18s
 58300K .......... .......... .......... .......... .......... 24%  115M 18s
 58350K .......... .......... .......... .......... .......... 24%  118M 18s
 58400K .......... .......... .......... .......... .......... 24% 87.0M 18s
 58450K .......... .......... .......... .......... .......... 24%  117M 18s
 58500K .......... .......... .......... .......... .......... 24%  117M 18s
 58550K .......... .......... .......... .......... .......... 24%  117M 17s
 58600K .......... .......... .......... .......... .......... 24%  115M 17s
 58650K .......... .......... .......... .......... .......... 24%  117M 17s
 58700K .......... .......... .......... .......... .......... 24%  117M 17s
 58750K .......... .......... .......... .......... .......... 24%  117M 17s
 58800K .......... .......... .......... .......... .......... 24% 89.0M 17s
 58850K .......... .......... .......... .......... .......... 24%  117M 17s
 67200K .......... .......... .......... .......... .......... 27% 3.24M 15s
 67250K .......... .......... .......... .......... .......... 27%  117M 15s
 67300K .......... .......... .......... .......... .......... 27% 77.8M 15s
 67350K .......... .......... .......... .......... .......... 27%  117M 15s
 67400K .......... .......... .......... .......... .......... 27%  115M 15s
 67450K .......... .......... .......... .......... .......... 27%  117M 14s
 67500K .......... .......... .......... .......... .......... 27%  117M 14s
 67550K .......... .......... .......... .......... .......... 27%  117M 14s
 67600K .......... .......... .......... .......... .......... 27% 88.9M 14s
 67650K .......... .......... .......... .......... .......... 27%  117M 14s
 67700K .......... .......... .......... .......... .......... 27%  117M 14s
 67750K .......... .......... .......... .......... .......... 27%  117M 14s
 67800K .......... .......... .......... .......... .......... 28%  115M 14s
 67850K .......... .......... .......... .......... .......... 28%  117M 14s
 67900K .......... .......... .......... .......... .......... 28%  117M 14s
 67950K .......... .......... .......... .......... .......... 28%  117M 14s
 68000K .......... .......... .......... .......... .......... 28% 86.7M 14s
 68050K .......... .......... .......... .......... .......... 28%  117M 14s
 68100K .......... .......... .......... .......... .......... 28%  117M 14s
 68150K .......... .......... .......... .......... .......... 28%  117M 14s
 68200K .......... .......... .......... .......... .......... 28%  115M 14s
 68250K .......... .......... .......... .......... .......... 28%  117M 14s
 68300K .......... .......... .......... .......... .......... 28%  117M 14s
 68350K .......... .......... .......... .......... .......... 28%  117M 14s
 68400K .......... .......... .......... .......... .......... 28% 89.1M 14s
 68450K .......... .......... .......... .......... .......... 28%  117M 14s
 68500K .......... .......... .......... .......... .......... 28%  117M 14s
 68550K .......... .......... .......... .......... .......... 28%  116M 14s
 68600K .......... .......... .......... .......... .......... 28%  116M 14s
 68650K .......... .......... .......... .......... .......... 28%  117M 14s
 68700K .......... .......... .......... .......... .......... 28%  115M 14s
 68750K .......... .......... .......... .......... .......... 28%  119M 14s
 68800K .......... .......... .......... .......... .......... 28% 88.8M 14s
 68850K .......... .......... .......... .......... .......... 28%  117M 14s
 68900K .......... .......... .......... .......... .......... 28%  117M 14s
 68950K .......... .......... .......... .......... .......... 28%  117M 14s
 69000K .......... .......... .......... .......... .......... 28%  116M 14s
 69050K .......... .......... .......... .......... .......... 28%  116M 14s
 69100K .......... .......... .......... .......... .......... 28%  118M 14s
 58900K .......... .......... .......... .......... .......... 24% 1.49M 17s
 69150K .......... .......... .......... .......... .......... 28%  359K 14s
 69200K .......... .......... .......... .......... .......... 28% 98.0M 14s
 69250K .......... .......... .......... .......... .......... 28%  117M 14s
 69300K .......... .......... .......... .......... .......... 28%  116M 14s
 69350K .......... .......... .......... .......... .......... 28%  117M 14s
 69400K .......... .......... .......... .......... .......... 28%  116M 14s
 69450K .......... .......... .......... .......... .......... 28%  111M 14s
 69500K .......... .......... .......... .......... .......... 28%  123M 14s
 69550K .......... .......... .......... .......... .......... 28%  117M 14s
 69600K .......... .......... .......... .......... .......... 28% 88.8M 14s
 69650K .......... .......... .......... .......... .......... 28%  117M 14s
 69700K .......... .......... .......... .......... .......... 28%  117M 14s
 69750K .......... .......... .......... .......... .......... 28%  116M 14s
 69800K .......... .......... .......... .......... .......... 28%  115M 14s
 69850K .......... .......... .......... .......... .......... 28%  117M 14s
 69900K .......... .......... .......... .......... .......... 28%  117M 14s
 69950K .......... .......... .......... .......... .......... 28%  117M 14s
 70000K .......... .......... .......... .......... .......... 28% 86.9M 14s
 70050K .......... .......... .......... .......... .......... 28%  117M 14s
 70100K .......... .......... .......... .......... .......... 28%  117M 14s
 70150K .......... .......... .......... .......... .......... 28%  117M 14s
 58950K .......... .......... .......... .......... .......... 24%  376K 18s
 59000K .......... .......... .......... .......... .......... 24%  122M 18s
 59050K .......... .......... .......... .......... .......... 24%  138M 18s
 59100K .......... .......... .......... .......... .......... 24%  117M 18s
 59150K .......... .......... .......... .......... .......... 24%  117M 18s
 59200K .......... .......... .......... .......... .......... 24% 88.9M 18s
 59250K .......... .......... .......... .......... .......... 24%  117M 18s
 59300K .......... .......... .......... .......... .......... 24%  117M 18s
 59350K .......... .......... .......... .......... .......... 24%  117M 18s
 59400K .......... .......... .......... .......... .......... 24%  115M 18s
 59450K .......... .......... .......... .......... .......... 24%  117M 18s
 70200K .......... .......... .......... .......... .......... 28% 9.01M 14s
 59500K .......... .......... .......... .......... .......... 24% 70.7M 18s
 59550K .......... .......... .......... .......... .......... 24%  117M 18s
 59600K .......... .......... .......... .......... .......... 24% 87.0M 18s
 59650K .......... .......... .......... .......... .......... 24%  117M 18s
 59700K .......... .......... .......... .......... .......... 24%  117M 18s
 59750K .......... .......... .......... .......... .......... 24%  117M 18s
 59800K .......... .......... .......... .......... .......... 24%  115M 18s
 59850K .......... .......... .......... .......... .......... 24%  117M 18s
 59900K .......... .......... .......... .......... .......... 24%  117M 18s
 59950K .......... .......... .......... .......... .......... 24%  117M 17s
 60000K .......... .......... .......... .......... .......... 24% 88.8M 17s
 60050K .......... .......... .......... .......... .......... 24%  116M 17s
 60100K .......... .......... .......... .......... .......... 24%  117M 17s
 60150K .......... .......... .......... .......... .......... 24%  117M 17s
 60200K .......... .......... .......... .......... .......... 24%  115M 17s
 60250K .......... .......... .......... .......... .......... 24%  117M 17s
 60300K .......... .......... .......... .......... .......... 24%  116M 17s
 60350K .......... .......... .......... .......... .......... 24%  117M 17s
 60400K .......... .......... .......... .......... .......... 24% 89.0M 17s
 60450K .......... .......... .......... .......... .......... 24%  117M 17s
 60500K .......... .......... .......... .......... .......... 24%  117M 17s
 60550K .......... .......... .......... .......... .......... 25%  117M 17s
 60600K .......... .......... .......... .......... .......... 25%  115M 17s
 60650K .......... .......... .......... .......... .......... 25%  116M 17s
 60700K .......... .......... .......... .......... .......... 25%  118M 17s
 60750K .......... .......... .......... .......... .......... 25%  116M 17s
 60800K .......... .......... .......... .......... .......... 25% 87.2M 17s
 60850K .......... .......... .......... .......... .......... 25%  117M 17s
 60900K .......... .......... .......... .......... .......... 25%  117M 17s
 60950K .......... .......... .......... .......... .......... 25%  117M 17s
 61000K .......... .......... .......... .......... .......... 25%  115M 17s
 61050K .......... .......... .......... .......... .......... 25%  117M 17s
 61100K .......... .......... .......... .......... .......... 25%  116M 17s
 61150K .......... .......... .......... .......... .......... 25%  117M 17s
 70250K .......... .......... .......... .......... .......... 29% 3.27M 14s
 70300K .......... .......... .......... .......... .......... 29%  115M 14s
 70350K .......... .......... .......... .......... .......... 29% 77.8M 14s
 70400K .......... .......... .......... .......... .......... 29% 88.9M 14s
 70450K .......... .......... .......... .......... .......... 29%  117M 14s
 70500K .......... .......... .......... .......... .......... 29%  117M 14s
 70550K .......... .......... .......... .......... .......... 29%  117M 14s
 70600K .......... .......... .......... .......... .......... 29%  115M 14s
 70650K .......... .......... .......... .......... .......... 29%  117M 14s
 70700K .......... .......... .......... .......... .......... 29%  117M 14s
 70750K .......... .......... .......... .......... .......... 29%  117M 14s
 70800K .......... .......... .......... .......... .......... 29% 89.1M 14s
 70850K .......... .......... .......... .......... .......... 29%  117M 14s
 70900K .......... .......... .......... .......... .......... 29%  117M 14s
 70950K .......... .......... .......... .......... .......... 29%  117M 14s
 71000K .......... .......... .......... .......... .......... 29%  115M 14s
 71050K .......... .......... .......... .......... .......... 29%  117M 14s
 71100K .......... .......... .......... .......... .......... 29%  117M 14s
 71150K .......... .......... .......... .......... .......... 29%  117M 14s
 71200K .......... .......... .......... .......... .......... 29% 87.0M 14s
 71250K .......... .......... .......... .......... .......... 29%  117M 14s
 71300K .......... .......... .......... .......... .......... 29%  117M 14s
 71350K .......... .......... .......... .......... .......... 29%  117M 14s
 71400K .......... .......... .......... .......... .......... 29%  115M 14s
 71450K .......... .......... .......... .......... .......... 29%  117M 14s
 71500K .......... .......... .......... .......... .......... 29%  117M 14s
 71550K .......... .......... .......... .......... .......... 29%  116M 14s
 71600K .......... .......... .......... .......... .......... 29% 89.6M 14s
 71650K .......... .......... .......... .......... .......... 29%  116M 14s
 71700K .......... .......... .......... .......... .......... 29%  117M 14s
 71750K .......... .......... .......... .......... .......... 29%  117M 14s
 71800K .......... .......... .......... .......... .......... 29%  114M 14s
 71850K .......... .......... .......... .......... .......... 29%  118M 14s
 71900K .......... .......... .......... .......... .......... 29%  116M 14s
 71950K .......... .......... .......... .......... .......... 29%  117M 14s
 72000K .......... .......... .......... .......... .......... 29% 88.8M 14s
 72050K .......... .......... .......... .......... .......... 29%  117M 14s
 72100K .......... .......... .......... .......... .......... 29%  117M 14s
 72150K .......... .......... .......... .......... .......... 29%  117M 14s
 61200K .......... .......... .......... .......... .......... 25% 1.68M 17s
 72200K .......... .......... .......... .......... .......... 29%  359K 14s
 72250K .......... .......... .......... .......... .......... 29%  140M 14s
 72300K .......... .......... .......... .......... .......... 29%  133M 14s
 72350K .......... .......... .......... .......... .......... 29%  120M 14s
 72400K .......... .......... .......... .......... .......... 29% 86.9M 14s
 72450K .......... .......... .......... .......... .......... 29%  117M 14s
 72500K .......... .......... .......... .......... .......... 29%  117M 14s
 72550K .......... .......... .......... .......... .......... 29%  117M 14s
 72600K .......... .......... .......... .......... .......... 29%  115M 14s
 72650K .......... .......... .......... .......... .......... 30%  116M 14s
 72700K .......... .......... .......... .......... .......... 30%  117M 14s
 72750K .......... .......... .......... .......... .......... 30%  117M 14s
 72800K .......... .......... .......... .......... .......... 30% 88.9M 14s
 72850K .......... .......... .......... .......... .......... 30%  117M 14s
 72900K .......... .......... .......... .......... .......... 30%  117M 14s
 72950K .......... .......... .......... .......... .......... 30%  117M 14s
 73000K .......... .......... .......... .......... .......... 30%  115M 14s
 73050K .......... .......... .......... .......... .......... 30%  117M 14s
 73100K .......... .......... .......... .......... .......... 30%  117M 14s
 73150K .......... .......... .......... .......... .......... 30%  117M 14s
 73200K .......... .......... .......... .......... .......... 30% 87.0M 14s
 61250K .......... .......... .......... .......... .......... 25%  366K 18s
 61300K .......... .......... .......... .......... .......... 25%  137M 17s
 61350K .......... .......... .......... .......... .......... 25%  140M 17s
 61400K .......... .......... .......... .......... .......... 25%  115M 17s
 61450K .......... .......... .......... .......... .......... 25%  117M 17s
 61500K .......... .......... .......... .......... .......... 25%  117M 17s
 61550K .......... .......... .......... .......... .......... 25%  117M 17s
 61600K .......... .......... .......... .......... .......... 25% 87.0M 17s
 61650K .......... .......... .......... .......... .......... 25%  117M 17s
 61700K .......... .......... .......... .......... .......... 25%  117M 17s
 61750K .......... .......... .......... .......... .......... 25%  117M 17s
 73250K .......... .......... .......... .......... .......... 30% 9.04M 14s
 61800K .......... .......... .......... .......... .......... 25% 70.3M 17s
 61850K .......... .......... .......... .......... .......... 25%  117M 17s
 61900K .......... .......... .......... .......... .......... 25%  117M 17s
 61950K .......... .......... .......... .......... .......... 25%  116M 17s
 62000K .......... .......... .......... .......... .......... 25% 89.1M 17s
 62050K .......... .......... .......... .......... .......... 25%  117M 17s
 62100K .......... .......... .......... .......... .......... 25%  117M 17s
 62150K .......... .......... .......... .......... .......... 25%  117M 17s
 62200K .......... .......... .......... .......... .......... 25%  115M 17s
 62250K .......... .......... .......... .......... .......... 25%  117M 17s
 62300K .......... .......... .......... .......... .......... 25%  117M 17s
 62350K .......... .......... .......... .......... .......... 25%  117M 17s
 62400K .......... .......... .......... .......... .......... 25% 89.1M 17s
 62450K .......... .......... .......... .......... .......... 25%  117M 17s
 62500K .......... .......... .......... .......... .......... 25%  117M 17s
 62550K .......... .......... .......... .......... .......... 25%  117M 17s
 62600K .......... .......... .......... .......... .......... 25%  115M 17s
 62650K .......... .......... .......... .......... .......... 25%  117M 17s
 62700K .......... .......... .......... .......... .......... 25%  117M 17s
 62750K .......... .......... .......... .......... .......... 25%  117M 17s
 62800K .......... .......... .......... .......... .......... 25% 87.0M 17s
 62850K .......... .......... .......... .......... .......... 25%  117M 17s
 62900K .......... .......... .......... .......... .......... 25%  117M 17s
 62950K .......... .......... .......... .......... .......... 26%  117M 17s
 63000K .......... .......... .......... .......... .......... 26%  114M 17s
 63050K .......... .......... .......... .......... .......... 26%  118M 17s
 63100K .......... .......... .......... .......... .......... 26%  117M 17s
 63150K .......... .......... .......... .......... .......... 26%  117M 17s
 63200K .......... .......... .......... .......... .......... 26% 89.1M 17s
 63250K .......... .......... .......... .......... .......... 26%  117M 17s
 63300K .......... .......... .......... .......... .......... 26%  117M 17s
 63350K .......... .......... .......... .......... .......... 26%  117M 17s
 63400K .......... .......... .......... .......... .......... 26%  115M 17s
 63450K .......... .......... .......... .......... .......... 26%  117M 17s
 73300K .......... .......... .......... .......... .......... 30% 3.25M 14s
 73350K .......... .......... .......... .......... .......... 30%  115M 14s
 63500K .......... .......... .......... .......... .......... 26% 31.9M 17s
 73400K .......... .......... .......... .......... .......... 30% 77.2M 14s
 73450K .......... .......... .......... .......... .......... 30%  117M 14s
 73500K .......... .......... .......... .......... .......... 30%  117M 14s
 73550K .......... .......... .......... .......... .......... 30%  116M 14s
 73600K .......... .......... .......... .......... .......... 30% 89.4M 14s
 73650K .......... .......... .......... .......... .......... 30%  117M 14s
 73700K .......... .......... .......... .......... .......... 30%  117M 14s
 73750K .......... .......... .......... .......... .......... 30%  117M 14s
 73800K .......... .......... .......... .......... .......... 30%  115M 14s
 73850K .......... .......... .......... .......... .......... 30%  117M 14s
 73900K .......... .......... .......... .......... .......... 30%  118M 14s
 73950K .......... .......... .......... .......... .......... 30%  117M 14s
 74000K .......... .......... .......... .......... .......... 30% 86.9M 14s
 74050K .......... .......... .......... .......... .......... 30%  116M 14s
 74100K .......... .......... .......... .......... .......... 30%  118M 14s
 74150K .......... .......... .......... .......... .......... 30%  117M 14s
 74200K .......... .......... .......... .......... .......... 30%  115M 14s
 74250K .......... .......... .......... .......... .......... 30%  117M 14s
 74300K .......... .......... .......... .......... .......... 30%  117M 13s
 74350K .......... .......... .......... .......... .......... 30%  117M 13s
 74400K .......... .......... .......... .......... .......... 30% 88.7M 13s
 74450K .......... .......... .......... .......... .......... 30%  117M 13s
 74500K .......... .......... .......... .......... .......... 30%  117M 13s
 74550K .......... .......... .......... .......... .......... 30%  117M 13s
 74600K .......... .......... .......... .......... .......... 30%  115M 13s
 74650K .......... .......... .......... .......... .......... 30%  117M 13s
 74700K .......... .......... .......... .......... .......... 30%  117M 13s
 74750K .......... .......... .......... .......... .......... 30%  114M 13s
 74800K .......... .......... .......... .......... .......... 30% 90.9M 13s
 74850K .......... .......... .......... .......... .......... 30%  116M 13s
 74900K .......... .......... .......... .......... .......... 30%  117M 13s
 74950K .......... .......... .......... .......... .......... 30%  117M 13s
 75000K .......... .......... .......... .......... .......... 30%  115M 13s
 75050K .......... .......... .......... .......... .......... 30%  117M 13s
 75100K .......... .......... .......... .......... .......... 31%  117M 13s
 75150K .......... .......... .......... .......... .......... 31%  117M 13s
 75200K .......... .......... .......... .......... .......... 31% 1.29M 13s
 75250K .......... .......... .......... .......... .......... 31%  508K 14s
 75300K .......... .......... .......... .......... .......... 31% 13.0M 14s
 75350K .......... .......... .......... .......... .......... 31%  122M 14s
 75400K .......... .......... .......... .......... .......... 31%  116M 14s
 75450K .......... .......... .......... .......... .......... 31%  117M 14s
 75500K .......... .......... .......... .......... .......... 31%  115M 14s
 75550K .......... .......... .......... .......... .......... 31%  119M 13s
 75600K .......... .......... .......... .......... .......... 31% 88.6M 13s
 75650K .......... .......... .......... .......... .......... 31%  117M 13s
 75700K .......... .......... .......... .......... .......... 31%  117M 13s
 75750K .......... .......... .......... .......... .......... 31%  117M 13s
 75800K .......... .......... .......... .......... .......... 31%  115M 13s
 75850K .......... .......... .......... .......... .......... 31%  116M 13s
 75900K .......... .......... .......... .......... .......... 31%  117M 13s
 75950K .......... .......... .......... .......... .......... 31%  117M 13s
 76000K .......... .......... .......... .......... .......... 31% 88.8M 13s
 76050K .......... .......... .......... .......... .......... 31%  117M 13s
 76100K .......... .......... .......... .......... .......... 31%  117M 13s
 76150K .......... .......... .......... .......... .......... 31%  117M 13s
 76200K .......... .......... .......... .......... .......... 31%  115M 13s
 76250K .......... .......... .......... .......... .......... 31%  116M 13s
 63550K .......... .......... .......... .......... .......... 26%  748K 17s
 63600K .......... .......... .......... .......... .......... 26%  514K 17s
 63650K .......... .......... .......... .......... .......... 26%  121M 17s
 63700K .......... .......... .......... .......... .......... 26%  117M 17s
 63750K .......... .......... .......... .......... .......... 26%  117M 17s
 63800K .......... .......... .......... .......... .......... 26%  115M 17s
 63850K .......... .......... .......... .......... .......... 26%  117M 17s
 63900K .......... .......... .......... .......... .......... 26%  117M 17s
 63950K .......... .......... .......... .......... .......... 26%  117M 17s
 64000K .......... .......... .......... .......... .......... 26% 87.0M 17s
 64050K .......... .......... .......... .......... .......... 26%  117M 17s
 64100K .......... .......... .......... .......... .......... 26%  117M 17s
 76300K .......... .......... .......... .......... .......... 31% 9.25M 13s
 64150K .......... .......... .......... .......... .......... 26% 70.6M 17s
 64200K .......... .......... .......... .......... .......... 26%  116M 17s
 64250K .......... .......... .......... .......... .......... 26%  115M 17s
 64300K .......... .......... .......... .......... .......... 26%  119M 17s
 64350K .......... .......... .......... .......... .......... 26%  117M 17s
 64400K .......... .......... .......... .......... .......... 26% 88.9M 17s
 64450K .......... .......... .......... .......... .......... 26%  117M 17s
 64500K .......... .......... .......... .......... .......... 26%  117M 17s
 64550K .......... .......... .......... .......... .......... 26%  117M 17s
 64600K .......... .......... .......... .......... .......... 26%  115M 17s
 64650K .......... .......... .......... .......... .......... 26%  117M 17s
 64700K .......... .......... .......... .......... .......... 26%  117M 17s
 64750K .......... .......... .......... .......... .......... 26%  117M 17s
 64800K .......... .......... .......... .......... .......... 26% 89.1M 17s
 64850K .......... .......... .......... .......... .......... 26%  113M 17s
 64900K .......... .......... .......... .......... .......... 26%  117M 17s
 64950K .......... .......... .......... .......... .......... 26%  117M 17s
 65000K .......... .......... .......... .......... .......... 26%  115M 17s
 65050K .......... .......... .......... .......... .......... 26%  117M 17s
 65100K .......... .......... .......... .......... .......... 26%  116M 17s
 65150K .......... .......... .......... .......... .......... 26%  117M 17s
 65200K .......... .......... .......... .......... .......... 26% 88.9M 17s
 65250K .......... .......... .......... .......... .......... 26%  117M 17s
 65300K .......... .......... .......... .......... .......... 26%  117M 17s
 65350K .......... .......... .......... .......... .......... 26%  117M 17s
 65400K .......... .......... .......... .......... .......... 27%  115M 17s
 65450K .......... .......... .......... .......... .......... 27%  117M 17s
 65500K .......... .......... .......... .......... .......... 27%  117M 17s
 65550K .......... .......... .......... .......... .......... 27%  115M 17s
 65600K .......... .......... .......... .......... .......... 27% 90.0M 17s
 65650K .......... .......... .......... .......... .......... 27%  117M 16s
 65700K .......... .......... .......... .......... .......... 27%  117M 16s
 65750K .......... .......... .......... .......... .......... 27%  117M 16s
 76350K .......... .......... .......... .......... .......... 31% 3.22M 13s
 76400K .......... .......... .......... .......... .......... 31% 87.7M 13s
 65800K .......... .......... .......... .......... .......... 27% 30.6M 16s
 76450K .......... .......... .......... .......... .......... 31% 77.9M 13s
 76500K .......... .......... .......... .......... .......... 31%  117M 13s
 76550K .......... .......... .......... .......... .......... 31%  117M 13s
 76600K .......... .......... .......... .......... .......... 31%  115M 13s
 76650K .......... .......... .......... .......... .......... 31%  117M 13s
 76700K .......... .......... .......... .......... .......... 31%  117M 13s
 76750K .......... .......... .......... .......... .......... 31%  111M 13s
 76800K .......... .......... .......... .......... .......... 31% 93.0M 13s
 76850K .......... .......... .......... .......... .......... 31%  117M 13s
 76900K .......... .......... .......... .......... .......... 31%  117M 13s
 76950K .......... .......... .......... .......... .......... 31%  117M 13s
 77000K .......... .......... .......... .......... .......... 31%  115M 13s
 77050K .......... .......... .......... .......... .......... 31%  117M 13s
 77100K .......... .......... .......... .......... .......... 31%  116M 13s
 77150K .......... .......... .......... .......... .......... 31%  118M 13s
 77200K .......... .......... .......... .......... .......... 31% 86.7M 13s
 77250K .......... .......... .......... .......... .......... 31%  117M 13s
 77300K .......... .......... .......... .......... .......... 31%  117M 13s
 77350K .......... .......... .......... .......... .......... 31%  117M 13s
 77400K .......... .......... .......... .......... .......... 31%  115M 13s
 77450K .......... .......... .......... .......... .......... 31%  117M 13s
 77500K .......... .......... .......... .......... .......... 32%  117M 13s
 77550K .......... .......... .......... .......... .......... 32%  117M 13s
 77600K .......... .......... .......... .......... .......... 32% 89.0M 13s
 77650K .......... .......... .......... .......... .......... 32%  117M 13s
 77700K .......... .......... .......... .......... .......... 32%  117M 13s
 77750K .......... .......... .......... .......... .......... 32%  117M 13s
 77800K .......... .......... .......... .......... .......... 32%  115M 13s
 77850K .......... .......... .......... .......... .......... 32%  117M 13s
 77900K .......... .......... .......... .......... .......... 32%  117M 13s
 77950K .......... .......... .......... .......... .......... 32%  117M 13s
 78000K .......... .......... .......... .......... .......... 32% 89.0M 13s
 78050K .......... .......... .......... .......... .......... 32%  117M 13s
 78100K .......... .......... .......... .......... .......... 32%  116M 13s
 78150K .......... .......... .......... .......... .......... 32%  117M 13s
 78200K .......... .......... .......... .......... .......... 32%  115M 13s
 78250K .......... .......... .......... .......... .......... 32%  117M 13s
 65850K .......... .......... .......... .......... .......... 27% 2.41M 16s
 78300K .......... .......... .......... .......... .......... 32%  379K 13s
 78350K .......... .......... .......... .......... .......... 32% 12.8M 13s
 78400K .......... .......... .......... .......... .......... 32% 12.3M 13s
 78450K .......... .......... .......... .......... .......... 32%  117M 13s
 78500K .......... .......... .......... .......... .......... 32%  117M 13s
 78550K .......... .......... .......... .......... .......... 32%  117M 13s
 78600K .......... .......... .......... .......... .......... 32%  115M 13s
 78650K .......... .......... .......... .......... .......... 32%  116M 13s
 78700K .......... .......... .......... .......... .......... 32%  118M 13s
 78750K .......... .......... .......... .......... .......... 32%  117M 13s
 78800K .......... .......... .......... .......... .......... 32% 89.0M 13s
 78850K .......... .......... .......... .......... .......... 32%  117M 13s
 78900K .......... .......... .......... .......... .......... 32%  117M 13s
 78950K .......... .......... .......... .......... .......... 32%  117M 13s
 79000K .......... .......... .......... .......... .......... 32%  115M 13s
 79050K .......... .......... .......... .......... .......... 32%  117M 13s
 79100K .......... .......... .......... .......... .......... 32%  117M 13s
 79150K .......... .......... .......... .......... .......... 32%  117M 13s
 79200K .......... .......... .......... .......... .......... 32% 88.8M 13s
 79250K .......... .......... .......... .......... .......... 32%  117M 13s
 79300K .......... .......... .......... .......... .......... 32%  117M 13s
 65900K .......... .......... .......... .......... .......... 27%  347K 17s
 65950K .......... .......... .......... .......... .......... 27%  139M 17s
 66000K .......... .......... .......... .......... .......... 27% 98.7M 17s
 66050K .......... .......... .......... .......... .......... 27%  116M 17s
 66100K .......... .......... .......... .......... .......... 27%  117M 17s
 66150K .......... .......... .......... .......... .......... 27%  117M 17s
 66200K .......... .......... .......... .......... .......... 27%  115M 17s
 66250K .......... .......... .......... .......... .......... 27%  117M 17s
 66300K .......... .......... .......... .......... .......... 27%  117M 17s
 66350K .......... .......... .......... .......... .......... 27%  117M 17s
 66400K .......... .......... .......... .......... .......... 27% 88.9M 17s
 79350K .......... .......... .......... .......... .......... 32% 9.29M 13s
 66450K .......... .......... .......... .......... .......... 27% 72.5M 17s
 66500K .......... .......... .......... .......... .......... 27%  117M 17s
 66550K .......... .......... .......... .......... .......... 27%  117M 17s
 66600K .......... .......... .......... .......... .......... 27%  115M 17s
 66650K .......... .......... .......... .......... .......... 27%  117M 17s
 66700K .......... .......... .......... .......... .......... 27%  117M 17s
 66750K .......... .......... .......... .......... .......... 27%  117M 17s
 66800K .......... .......... .......... .......... .......... 27% 88.8M 17s
 66850K .......... .......... .......... .......... .......... 27%  117M 17s
 66900K .......... .......... .......... .......... .......... 27%  117M 17s
 66950K .......... .......... .......... .......... .......... 27%  117M 17s
 67000K .......... .......... .......... .......... .......... 27%  115M 16s
 67050K .......... .......... .......... .......... .......... 27%  117M 16s
 67100K .......... .......... .......... .......... .......... 27%  116M 16s
 67150K .......... .......... .......... .......... .......... 27%  117M 16s
 67200K .......... .......... .......... .......... .......... 27% 86.9M 16s
 67250K .......... .......... .......... .......... .......... 27%  117M 16s
 67300K .......... .......... .......... .......... .......... 27%  116M 16s
 67350K .......... .......... .......... .......... .......... 27%  117M 16s
 67400K .......... .......... .......... .......... .......... 27%  115M 16s
 67450K .......... .......... .......... .......... .......... 27%  116M 16s
 67500K .......... .......... .......... .......... .......... 27%  117M 16s
 67550K .......... .......... .......... .......... .......... 27%  117M 16s
 67600K .......... .......... .......... .......... .......... 27% 88.9M 16s
 67650K .......... .......... .......... .......... .......... 27%  117M 16s
 67700K .......... .......... .......... .......... .......... 27%  117M 16s
 67750K .......... .......... .......... .......... .......... 27%  117M 16s
 67800K .......... .......... .......... .......... .......... 28%  115M 16s
 67850K .......... .......... .......... .......... .......... 28%  117M 16s
 67900K .......... .......... .......... .......... .......... 28%  116M 16s
 67950K .......... .......... .......... .......... .......... 28%  118M 16s
 68000K .......... .......... .......... .......... .......... 28% 89.0M 16s
 68050K .......... .......... .......... .......... .......... 28%  117M 16s
 68100K .......... .......... .......... .......... .......... 28%  117M 16s
 79400K .......... .......... .......... .......... .......... 32% 3.18M 13s
 79450K .......... .......... .......... .......... .......... 32%  117M 13s
 79500K .......... .......... .......... .......... .......... 32%  118M 13s
 68150K .......... .......... .......... .......... .......... 28% 31.2M 16s
 79550K .......... .......... .......... .......... .......... 32% 77.8M 13s
 79600K .......... .......... .......... .......... .......... 32% 87.1M 13s
 79650K .......... .......... .......... .......... .......... 32%  117M 13s
 79700K .......... .......... .......... .......... .......... 32%  117M 13s
 79750K .......... .......... .......... .......... .......... 32%  117M 13s
 79800K .......... .......... .......... .......... .......... 32%  115M 13s
 79850K .......... .......... .......... .......... .......... 32%  117M 13s
 79900K .......... .......... .......... .......... .......... 32%  117M 13s
 79950K .......... .......... .......... .......... .......... 33%  117M 13s
 80000K .......... .......... .......... .......... .......... 33% 88.8M 13s
 80050K .......... .......... .......... .......... .......... 33%  117M 13s
 80100K .......... .......... .......... .......... .......... 33%  117M 13s
 80150K .......... .......... .......... .......... .......... 33%  117M 13s
 80200K .......... .......... .......... .......... .......... 33%  115M 13s
 80250K .......... .......... .......... .......... .......... 33%  117M 13s
 80300K .......... .......... .......... .......... .......... 33%  117M 13s
 80350K .......... .......... .......... .......... .......... 33%  117M 13s
 80400K .......... .......... .......... .......... .......... 33% 89.1M 13s
 80450K .......... .......... .......... .......... .......... 33%  117M 13s
 80500K .......... .......... .......... .......... .......... 33%  113M 13s
 80550K .......... .......... .......... .......... .......... 33%  117M 13s
 80600K .......... .......... .......... .......... .......... 33%  115M 13s
 80650K .......... .......... .......... .......... .......... 33%  117M 13s
 80700K .......... .......... .......... .......... .......... 33%  117M 13s
 80750K .......... .......... .......... .......... .......... 33%  117M 13s
 80800K .......... .......... .......... .......... .......... 33% 88.9M 13s
 80850K .......... .......... .......... .......... .......... 33%  117M 13s
 80900K .......... .......... .......... .......... .......... 33%  117M 13s
 80950K .......... .......... .......... .......... .......... 33%  117M 13s
 81000K .......... .......... .......... .......... .......... 33%  115M 13s
 81050K .......... .......... .......... .......... .......... 33%  116M 13s
 81100K .......... .......... .......... .......... .......... 33%  117M 13s
 81150K .......... .......... .......... .......... .......... 33%  116M 13s
 81200K .......... .......... .......... .......... .......... 33% 89.2M 13s
 81250K .......... .......... .......... .......... .......... 33%  116M 13s
 81300K .......... .......... .......... .......... .......... 33%  117M 13s
 68200K .......... .......... .......... .......... .......... 28% 2.97M 16s
 81350K .......... .......... .......... .......... .......... 33%  389K 13s
 81400K .......... .......... .......... .......... .......... 33% 13.4M 13s
 81450K .......... .......... .......... .......... .......... 33% 6.55M 13s
 81500K .......... .......... .......... .......... .......... 33%  138M 13s
 81550K .......... .......... .......... .......... .......... 33%  115M 13s
 81600K .......... .......... .......... .......... .......... 33% 88.1M 13s
 81650K .......... .......... .......... .......... .......... 33%  117M 13s
 81700K .......... .......... .......... .......... .......... 33%  117M 13s
 81750K .......... .......... .......... .......... .......... 33%  117M 13s
 81800K .......... .......... .......... .......... .......... 33%  112M 13s
 81850K .......... .......... .......... .......... .......... 33%  120M 13s
 81900K .......... .......... .......... .......... .......... 33%  117M 13s
 81950K .......... .......... .......... .......... .......... 33%  117M 13s
 82000K .......... .......... .......... .......... .......... 33% 89.1M 13s
 82050K .......... .......... .......... .......... .......... 33%  117M 13s
 82100K .......... .......... .......... .......... .......... 33%  117M 13s
 82150K .......... .......... .......... .......... .......... 33%  117M 13s
 82200K .......... .......... .......... .......... .......... 33%  115M 13s
 82250K .......... .......... .......... .......... .......... 33%  117M 13s
 82300K .......... .......... .......... .......... .......... 33%  117M 13s
 82350K .......... .......... .......... .......... .......... 34%  117M 13s
 68250K .......... .......... .......... .......... .......... 28%  339K 17s
 68300K .......... .......... .......... .......... .......... 28%  136M 17s
 68350K .......... .......... .......... .......... .......... 28%  117M 16s
 68400K .......... .......... .......... .......... .......... 28% 89.0M 16s
 68450K .......... .......... .......... .......... .......... 28%  117M 16s
 68500K .......... .......... .......... .......... .......... 28%  117M 16s
 68550K .......... .......... .......... .......... .......... 28%  117M 16s
 68600K .......... .......... .......... .......... .......... 28%  115M 16s
 68650K .......... .......... .......... .......... .......... 28%  116M 16s
 68700K .......... .......... .......... .......... .......... 28%  117M 16s
 68750K .......... .......... .......... .......... .......... 28%  117M 16s
 82400K .......... .......... .......... .......... .......... 34% 9.17M 13s
 68800K .......... .......... .......... .......... .......... 28% 77.1M 16s
 68850K .......... .......... .......... .......... .......... 28%  116M 16s
 68900K .......... .......... .......... .......... .......... 28%  117M 16s
 68950K .......... .......... .......... .......... .......... 28%  117M 16s
 69000K .......... .......... .......... .......... .......... 28%  115M 16s
 69050K .......... .......... .......... .......... .......... 28%  117M 16s
 69100K .......... .......... .......... .......... .......... 28%  117M 16s
 69150K .......... .......... .......... .......... .......... 28%  117M 16s
 69200K .......... .......... .......... .......... .......... 28% 87.0M 16s
 69250K .......... .......... .......... .......... .......... 28%  117M 16s
 69300K .......... .......... .......... .......... .......... 28%  117M 16s
 69350K .......... .......... .......... .......... .......... 28%  117M 16s
 69400K .......... .......... .......... .......... .......... 28%  116M 16s
 69450K .......... .......... .......... .......... .......... 28%  117M 16s
 69500K .......... .......... .......... .......... .......... 28%  117M 16s
 69550K .......... .......... .......... .......... .......... 28%  115M 16s
 69600K .......... .......... .......... .......... .......... 28% 89.9M 16s
 69650K .......... .......... .......... .......... .......... 28%  117M 16s
 69700K .......... .......... .......... .......... .......... 28%  117M 16s
 69750K .......... .......... .......... .......... .......... 28%  117M 16s
 69800K .......... .......... .......... .......... .......... 28%  115M 16s
 69850K .......... .......... .......... .......... .......... 28%  117M 16s
 69900K .......... .......... .......... .......... .......... 28%  117M 16s
 69950K .......... .......... .......... .......... .......... 28%  117M 16s
 70000K .......... .......... .......... .......... .......... 28% 89.1M 16s
 70050K .......... .......... .......... .......... .......... 28%  117M 16s
 70100K .......... .......... .......... .......... .......... 28%  117M 16s
 70150K .......... .......... .......... .......... .......... 28%  117M 16s
 70200K .......... .......... .......... .......... .......... 28%  115M 16s
 70250K .......... .......... .......... .......... .......... 29%  115M 16s
 70300K .......... .......... .......... .......... .......... 29%  116M 16s
 70350K .......... .......... .......... .......... .......... 29%  119M 16s
 70400K .......... .......... .......... .......... .......... 29% 87.0M 16s
 70450K .......... .......... .......... .......... .......... 29%  117M 16s
 70500K .......... .......... .......... .......... .......... 29%  117M 16s
 82450K .......... .......... .......... .......... .......... 34% 3.13M 13s
 82500K .......... .......... .......... .......... .......... 34%  118M 13s
 82550K .......... .......... .......... .......... .......... 34%  117M 13s
 82600K .......... .......... .......... .......... .......... 34% 77.2M 13s
 82650K .......... .......... .......... .......... .......... 34%  117M 13s
 82700K .......... .......... .......... .......... .......... 34%  117M 13s
 82750K .......... .......... .......... .......... .......... 34%  117M 13s
 82800K .......... .......... .......... .......... .......... 34% 86.8M 13s
 82850K .......... .......... .......... .......... .......... 34%  117M 13s
 82900K .......... .......... .......... .......... .......... 34%  117M 13s
 82950K .......... .......... .......... .......... .......... 34%  117M 13s
 83000K .......... .......... .......... .......... .......... 34%  115M 13s
 83050K .......... .......... .......... .......... .......... 34%  117M 12s
 83100K .......... .......... .......... .......... .......... 34%  117M 12s
 83150K .......... .......... .......... .......... .......... 34%  117M 12s
 83200K .......... .......... .......... .......... .......... 34% 88.7M 12s
 83250K .......... .......... .......... .......... .......... 34%  117M 12s
 83300K .......... .......... .......... .......... .......... 34%  117M 12s
 83350K .......... .......... .......... .......... .......... 34%  117M 12s
 83400K .......... .......... .......... .......... .......... 34%  115M 12s
 83450K .......... .......... .......... .......... .......... 34%  116M 12s
 83500K .......... .......... .......... .......... .......... 34%  117M 12s
 83550K .......... .......... .......... .......... .......... 34%  117M 12s
 83600K .......... .......... .......... .......... .......... 34% 89.0M 12s
 83650K .......... .......... .......... .......... .......... 34%  117M 12s
 83700K .......... .......... .......... .......... .......... 34%  117M 12s
 83750K .......... .......... .......... .......... .......... 34%  117M 12s
 83800K .......... .......... .......... .......... .......... 34%  112M 12s
 83850K .......... .......... .......... .......... .......... 34%  117M 12s
 83900K .......... .......... .......... .......... .......... 34%  117M 12s
 83950K .......... .......... .......... .......... .......... 34%  117M 12s
 84000K .......... .......... .......... .......... .......... 34% 89.0M 12s
 84050K .......... .......... .......... .......... .......... 34%  117M 12s
 84100K .......... .......... .......... .......... .......... 34%  117M 12s
 84150K .......... .......... .......... .......... .......... 34%  117M 12s
 84200K .......... .......... .......... .......... .......... 34%  115M 12s
 84250K .......... .......... .......... .......... .......... 34%  117M 12s
 84300K .......... .......... .......... .......... .......... 34%  116M 12s
 84350K .......... .......... .......... .......... .......... 34%  116M 12s
 70550K .......... .......... .......... .......... .......... 29% 2.79M 16s
 70600K .......... .......... .......... .......... .......... 29% 1.26M 16s
 84400K .......... .......... .......... .......... .......... 34%  400K 12s
 84450K .......... .......... .......... .......... .......... 34% 14.0M 12s
 84500K .......... .......... .......... .......... .......... 34% 4.48M 12s
 84550K .......... .......... .......... .......... .......... 34%  117M 12s
 84600K .......... .......... .......... .......... .......... 34%  116M 12s
 84650K .......... .......... .......... .......... .......... 34%  117M 12s
 84700K .......... .......... .......... .......... .......... 34%  117M 12s
 84750K .......... .......... .......... .......... .......... 35%  117M 12s
 84800K .......... .......... .......... .......... .......... 35% 87.3M 12s
 84850K .......... .......... .......... .......... .......... 35%  117M 12s
 84900K .......... .......... .......... .......... .......... 35%  117M 12s
 84950K .......... .......... .......... .......... .......... 35%  117M 12s
 85000K .......... .......... .......... .......... .......... 35%  115M 12s
 85050K .......... .......... .......... .......... .......... 35%  117M 12s
 85100K .......... .......... .......... .......... .......... 35%  117M 12s
 85150K .......... .......... .......... .......... .......... 35%  117M 12s
 85200K .......... .......... .......... .......... .......... 35% 89.1M 12s
 85250K .......... .......... .......... .......... .......... 35%  117M 12s
 85300K .......... .......... .......... .......... .......... 35%  117M 12s
 85350K .......... .......... .......... .......... .......... 35%  117M 12s
 85400K .......... .......... .......... .......... .......... 35%  116M 12s
 85450K .......... .......... .......... .......... .......... 35%  117M 12s
 70650K .......... .......... .......... .......... .......... 29%  458K 16s
 70700K .......... .......... .......... .......... .......... 29%  111M 16s
 70750K .......... .......... .......... .......... .......... 29%  132M 16s
 70800K .......... .......... .......... .......... .......... 29% 88.9M 16s
 70850K .......... .......... .......... .......... .......... 29%  117M 16s
 70900K .......... .......... .......... .......... .......... 29%  117M 16s
 70950K .......... .......... .......... .......... .......... 29%  117M 16s
 71000K .......... .......... .......... .......... .......... 29%  115M 16s
 71050K .......... .......... .......... .......... .......... 29%  117M 16s
 71100K .......... .......... .......... .......... .......... 29%  117M 16s
 71150K .......... .......... .......... .......... .......... 29%  117M 16s
 71200K .......... .......... .......... .......... .......... 29% 78.4M 16s
 71250K .......... .......... .......... .......... .......... 29%  117M 16s
 71300K .......... .......... .......... .......... .......... 29%  117M 16s
 71350K .......... .......... .......... .......... .......... 29%  117M 16s
 71400K .......... .......... .......... .......... .......... 29%  115M 16s
 71450K .......... .......... .......... .......... .......... 29%  114M 16s
 71500K .......... .......... .......... .......... .......... 29%  117M 16s
 71550K .......... .......... .......... .......... .......... 29%  117M 16s
 71600K .......... .......... .......... .......... .......... 29% 88.9M 16s
 71650K .......... .......... .......... .......... .......... 29%  117M 16s
 71700K .......... .......... .......... .......... .......... 29%  117M 16s
 71750K .......... .......... .......... .......... .......... 29%  117M 16s
 71800K .......... .......... .......... .......... .......... 29%  115M 16s
 71850K .......... .......... .......... .......... .......... 29%  116M 16s
 71900K .......... .......... .......... .......... .......... 29%  117M 16s
 71950K .......... .......... .......... .......... .......... 29%  117M 16s
 72000K .......... .......... .......... .......... .......... 29% 89.0M 16s
 72050K .......... .......... .......... .......... .......... 29%  117M 16s
 72100K .......... .......... .......... .......... .......... 29%  117M 16s
 72150K .......... .......... .......... .......... .......... 29%  117M 16s
 72200K .......... .......... .......... .......... .......... 29%  115M 16s
 72250K .......... .......... .......... .......... .......... 29%  117M 16s
 72300K .......... .......... .......... .......... .......... 29%  117M 16s
 72350K .......... .......... .......... .......... .......... 29%  117M 16s
 72400K .......... .......... .......... .......... .......... 29% 87.0M 16s
 72450K .......... .......... .......... .......... .......... 29%  117M 16s
 72500K .......... .......... .......... .......... .......... 29%  117M 16s
 72550K .......... .......... .......... .......... .......... 29%  117M 16s
 72600K .......... .......... .......... .......... .......... 29%  114M 16s
 72650K .......... .......... .......... .......... .......... 30%  117M 16s
 72700K .......... .......... .......... .......... .......... 30%  117M 16s
 72750K .......... .......... .......... .......... .......... 30%  117M 16s
 72800K .......... .......... .......... .......... .......... 30% 89.1M 16s
 72850K .......... .......... .......... .......... .......... 30%  117M 16s
 72900K .......... .......... .......... .......... .......... 30%  117M 16s
 85500K .......... .......... .......... .......... .......... 35% 2.38M 12s
 85550K .......... .......... .......... .......... .......... 35%  118M 12s
 85600K .......... .......... .......... .......... .......... 35% 87.0M 12s
 85650K .......... .......... .......... .......... .......... 35% 79.4M 12s
 85700K .......... .......... .......... .......... .......... 35%  117M 12s
 85750K .......... .......... .......... .......... .......... 35%  117M 12s
 85800K .......... .......... .......... .......... .......... 35%  115M 12s
 85850K .......... .......... .......... .......... .......... 35%  117M 12s
 85900K .......... .......... .......... .......... .......... 35%  116M 12s
 85950K .......... .......... .......... .......... .......... 35%  117M 12s
 86000K .......... .......... .......... .......... .......... 35% 88.9M 12s
 86050K .......... .......... .......... .......... .......... 35%  117M 12s
 86100K .......... .......... .......... .......... .......... 35%  117M 12s
 86150K .......... .......... .......... .......... .......... 35%  117M 12s
 86200K .......... .......... .......... .......... .......... 35%  115M 12s
 86250K .......... .......... .......... .......... .......... 35%  117M 12s
 86300K .......... .......... .......... .......... .......... 35%  117M 12s
 86350K .......... .......... .......... .......... .......... 35%  117M 12s
 86400K .......... .......... .......... .......... .......... 35% 89.1M 12s
 86450K .......... .......... .......... .......... .......... 35%  117M 12s
 86500K .......... .......... .......... .......... .......... 35%  117M 12s
 86550K .......... .......... .......... .......... .......... 35%  117M 12s
 86600K .......... .......... .......... .......... .......... 35%  115M 12s
 86650K .......... .......... .......... .......... .......... 35%  117M 12s
 86700K .......... .......... .......... .......... .......... 35%  116M 12s
 86750K .......... .......... .......... .......... .......... 35%  118M 12s
 86800K .......... .......... .......... .......... .......... 35% 87.0M 12s
 86850K .......... .......... .......... .......... .......... 35%  117M 12s
 86900K .......... .......... .......... .......... .......... 35%  117M 12s
 86950K .......... .......... .......... .......... .......... 35%  117M 12s
 87000K .......... .......... .......... .......... .......... 35%  115M 12s
 87050K .......... .......... .......... .......... .......... 35%  117M 12s
 87100K .......... .......... .......... .......... .......... 35%  117M 12s
 87150K .......... .......... .......... .......... .......... 35%  117M 12s
 87200K .......... .......... .......... .......... .......... 36% 88.9M 12s
 87250K .......... .......... .......... .......... .......... 36%  117M 12s
 87300K .......... .......... .......... .......... .......... 36%  117M 12s
 87350K .......... .......... .......... .......... .......... 36%  117M 12s
 87400K .......... .......... .......... .......... .......... 36%  115M 12s
 72950K .......... .......... .......... .......... .......... 30% 2.78M 16s
 87450K .......... .......... .......... .......... .......... 36%  412K 12s
 87500K .......... .......... .......... .......... .......... 36%  205M 12s
 87550K .......... .......... .......... .......... .......... 36% 7.50M 12s
 87600K .......... .......... .......... .......... .......... 36% 4.19M 12s
 87650K .......... .......... .......... .......... .......... 36%  117M 12s
 87700K .......... .......... .......... .......... .......... 36%  114M 12s
 87750K .......... .......... .......... .......... .......... 36%  118M 12s
 87800K .......... .......... .......... .......... .......... 36%  115M 12s
 87850K .......... .......... .......... .......... .......... 36%  115M 12s
 87900K .......... .......... .......... .......... .......... 36%  119M 12s
 87950K .......... .......... .......... .......... .......... 36%  117M 12s
 88000K .......... .......... .......... .......... .......... 36% 86.7M 12s
 88050K .......... .......... .......... .......... .......... 36%  117M 12s
 88100K .......... .......... .......... .......... .......... 36%  117M 12s
 88150K .......... .......... .......... .......... .......... 36%  117M 12s
 88200K .......... .......... .......... .......... .......... 36%  115M 12s
 88250K .......... .......... .......... .......... .......... 36%  117M 12s
 88300K .......... .......... .......... .......... .......... 36%  117M 12s
 88350K .......... .......... .......... .......... .......... 36%  117M 12s
 88400K .......... .......... .......... .......... .......... 36% 88.9M 12s
 88450K .......... .......... .......... .......... .......... 36%  117M 12s
 73000K .......... .......... .......... .......... .......... 30%  339K 16s
 73050K .......... .......... .......... .......... .......... 30%  151M 16s
 73100K .......... .......... .......... .......... .......... 30%  165M 16s
 73150K .......... .......... .......... .......... .......... 30%  116M 16s
 73200K .......... .......... .......... .......... .......... 30% 89.3M 16s
 73250K .......... .......... .......... .......... .......... 30%  117M 16s
 73300K .......... .......... .......... .......... .......... 30%  117M 16s
 73350K .......... .......... .......... .......... .......... 30%  117M 16s
 73400K .......... .......... .......... .......... .......... 30%  115M 16s
 73450K .......... .......... .......... .......... .......... 30%  117M 16s
 73500K .......... .......... .......... .......... .......... 30%  117M 16s
 88500K .......... .......... .......... .......... .......... 36% 9.32M 12s
 73550K .......... .......... .......... .......... .......... 30%  117M 16s
 73600K .......... .......... .......... .......... .......... 30% 58.7M 16s
 73650K .......... .......... .......... .......... .......... 30%  116M 16s
 73700K .......... .......... .......... .......... .......... 30%  117M 16s
 73750K .......... .......... .......... .......... .......... 30%  117M 16s
 73800K .......... .......... .......... .......... .......... 30%  115M 16s
 73850K .......... .......... .......... .......... .......... 30%  117M 16s
 73900K .......... .......... .......... .......... .......... 30%  117M 16s
 73950K .......... .......... .......... .......... .......... 30%  117M 16s
 74000K .......... .......... .......... .......... .......... 30% 88.8M 16s
 74050K .......... .......... .......... .......... .......... 30%  117M 16s
 74100K .......... .......... .......... .......... .......... 30%  117M 16s
 74150K .......... .......... .......... .......... .......... 30%  117M 16s
 74200K .......... .......... .......... .......... .......... 30%  115M 16s
 74250K .......... .......... .......... .......... .......... 30%  117M 16s
 74300K .......... .......... .......... .......... .......... 30%  117M 16s
 74350K .......... .......... .......... .......... .......... 30%  117M 15s
 74400K .......... .......... .......... .......... .......... 30% 88.5M 15s
 74450K .......... .......... .......... .......... .......... 30%  117M 15s
 74500K .......... .......... .......... .......... .......... 30%  117M 15s
 74550K .......... .......... .......... .......... .......... 30%  117M 15s
 74600K .......... .......... .......... .......... .......... 30%  115M 15s
 74650K .......... .......... .......... .......... .......... 30%  116M 15s
 74700K .......... .......... .......... .......... .......... 30%  117M 15s
 74750K .......... .......... .......... .......... .......... 30%  114M 15s
 74800K .......... .......... .......... .......... .......... 30% 88.9M 15s
 74850K .......... .......... .......... .......... .......... 30%  117M 15s
 74900K .......... .......... .......... .......... .......... 30%  116M 15s
 74950K .......... .......... .......... .......... .......... 30%  117M 15s
 75000K .......... .......... .......... .......... .......... 30%  115M 15s
 75050K .......... .......... .......... .......... .......... 30%  117M 15s
 75100K .......... .......... .......... .......... .......... 31%  117M 15s
 75150K .......... .......... .......... .......... .......... 31%  117M 15s
 75200K .......... .......... .......... .......... .......... 31% 88.8M 15s
 75250K .......... .......... .......... .......... .......... 31%  117M 15s
 75300K .......... .......... .......... .......... .......... 31%  117M 15s
 88550K .......... .......... .......... .......... .......... 36% 3.09M 12s
 88600K .......... .......... .......... .......... .......... 36%  113M 12s
 88650K .......... .......... .......... .......... .......... 36%  120M 12s
 88700K .......... .......... .......... .......... .......... 36% 88.1M 12s
 88750K .......... .......... .......... .......... .......... 36%  117M 12s
 88800K .......... .......... .......... .......... .......... 36% 89.1M 12s
 88850K .......... .......... .......... .......... .......... 36%  117M 12s
 88900K .......... .......... .......... .......... .......... 36%  117M 12s
 88950K .......... .......... .......... .......... .......... 36%  117M 12s
 89000K .......... .......... .......... .......... .......... 36%  115M 12s
 89050K .......... .......... .......... .......... .......... 36%  116M 12s
 89100K .......... .......... .......... .......... .......... 36%  118M 12s
 89150K .......... .......... .......... .......... .......... 36%  116M 12s
 89200K .......... .......... .......... .......... .......... 36% 87.1M 12s
 89250K .......... .......... .......... .......... .......... 36%  117M 12s
 89300K .......... .......... .......... .......... .......... 36%  117M 12s
 89350K .......... .......... .......... .......... .......... 36%  117M 12s
 89400K .......... .......... .......... .......... .......... 36%  115M 12s
 89450K .......... .......... .......... .......... .......... 36%  117M 12s
 89500K .......... .......... .......... .......... .......... 36%  116M 12s
 89550K .......... .......... .......... .......... .......... 36%  117M 12s
 89600K .......... .......... .......... .......... .......... 37% 89.1M 12s
 89650K .......... .......... .......... .......... .......... 37%  117M 12s
 89700K .......... .......... .......... .......... .......... 37%  117M 12s
 89750K .......... .......... .......... .......... .......... 37%  116M 12s
 89800K .......... .......... .......... .......... .......... 37%  115M 12s
 89850K .......... .......... .......... .......... .......... 37%  117M 12s
 89900K .......... .......... .......... .......... .......... 37%  117M 12s
 89950K .......... .......... .......... .......... .......... 37%  117M 12s
 90000K .......... .......... .......... .......... .......... 37% 88.8M 12s
 90050K .......... .......... .......... .......... .......... 37%  117M 12s
 90100K .......... .......... .......... .......... .......... 37%  117M 12s
 90150K .......... .......... .......... .......... .......... 37%  117M 12s
 90200K .......... .......... .......... .......... .......... 37%  115M 12s
 90250K .......... .......... .......... .......... .......... 37%  116M 12s
 90300K .......... .......... .......... .......... .......... 37%  118M 12s
 90350K .......... .......... .......... .......... .......... 37%  117M 12s
 90400K .......... .......... .......... .......... .......... 37% 87.0M 12s
 90450K .......... .......... .......... .......... .......... 37% 84.5M 12s
 75350K .......... .......... .......... .......... .......... 31% 2.81M 15s
 90500K .......... .......... .......... .......... .......... 37% 2.64M 12s
 90550K .......... .......... .......... .......... .......... 37%  490K 12s
 90600K .......... .......... .......... .......... .......... 37% 57.8M 12s
 90650K .......... .......... .......... .......... .......... 37% 3.35M 12s
 90700K .......... .......... .......... .......... .......... 37%  117M 12s
 90750K .......... .......... .......... .......... .......... 37% 12.2M 12s
 90800K .......... .......... .......... .......... .......... 37% 89.6M 12s
 90850K .......... .......... .......... .......... .......... 37%  117M 12s
 90900K .......... .......... .......... .......... .......... 37%  117M 12s
 90950K .......... .......... .......... .......... .......... 37%  117M 12s
 91000K .......... .......... .......... .......... .......... 37%  115M 12s
 91050K .......... .......... .......... .......... .......... 37%  117M 12s
 91100K .......... .......... .......... .......... .......... 37%  116M 12s
 91150K .......... .......... .......... .......... .......... 37%  117M 12s
 91200K .......... .......... .......... .......... .......... 37% 86.9M 12s
 91250K .......... .......... .......... .......... .......... 37%  117M 12s
 91300K .......... .......... .......... .......... .......... 37%  117M 12s
 91350K .......... .......... .......... .......... .......... 37%  117M 12s
 91400K .......... .......... .......... .......... .......... 37%  114M 12s
 91450K .......... .......... .......... .......... .......... 37%  118M 12s
 91500K .......... .......... .......... .......... .......... 37%  117M 12s
 75400K .......... .......... .......... .......... .......... 31%  339K 16s
 75450K .......... .......... .......... .......... .......... 31%  118M 16s
 75500K .......... .......... .......... .......... .......... 31%  152M 16s
 75550K .......... .......... .......... .......... .......... 31%  127M 16s
 75600K .......... .......... .......... .......... .......... 31% 88.7M 16s
 75650K .......... .......... .......... .......... .......... 31%  117M 15s
 75700K .......... .......... .......... .......... .......... 31%  117M 15s
 75750K .......... .......... .......... .......... .......... 31%  117M 15s
 75800K .......... .......... .......... .......... .......... 31%  115M 15s
 75850K .......... .......... .......... .......... .......... 31%  117M 15s
 75900K .......... .......... .......... .......... .......... 31%  117M 15s
 91550K .......... .......... .......... .......... .......... 37%  117M 12s
 75950K .......... .......... .......... .......... .......... 31%  117M 15s
 76000K .......... .......... .......... .......... .......... 31% 74.5M 15s
 76050K .......... .......... .......... .......... .......... 31%  117M 15s
 76100K .......... .......... .......... .......... .......... 31%  117M 15s
 76150K .......... .......... .......... .......... .......... 31%  117M 15s
 76200K .......... .......... .......... .......... .......... 31%  115M 15s
 76250K .......... .......... .......... .......... .......... 31%  116M 15s
 76300K .......... .......... .......... .......... .......... 31%  117M 15s
 76350K .......... .......... .......... .......... .......... 31%  115M 15s
 76400K .......... .......... .......... .......... .......... 31% 90.1M 15s
 76450K .......... .......... .......... .......... .......... 31%  117M 15s
 76500K .......... .......... .......... .......... .......... 31%  117M 15s
 76550K .......... .......... .......... .......... .......... 31%  117M 15s
 76600K .......... .......... .......... .......... .......... 31%  113M 15s
 76650K .......... .......... .......... .......... .......... 31%  119M 15s
 76700K .......... .......... .......... .......... .......... 31%  117M 15s
 76750K .......... .......... .......... .......... .......... 31%  117M 15s
 76800K .......... .......... .......... .......... .......... 31% 87.0M 15s
 76850K .......... .......... .......... .......... .......... 31%  117M 15s
 76900K .......... .......... .......... .......... .......... 31%  116M 15s
 76950K .......... .......... .......... .......... .......... 31%  117M 15s
 77000K .......... .......... .......... .......... .......... 31%  115M 15s
 77050K .......... .......... .......... .......... .......... 31%  117M 15s
 77100K .......... .......... .......... .......... .......... 31%  117M 15s
 77150K .......... .......... .......... .......... .......... 31%  117M 15s
 77200K .......... .......... .......... .......... .......... 31% 88.8M 15s
 77250K .......... .......... .......... .......... .......... 31%  117M 15s
 77300K .......... .......... .......... .......... .......... 31%  117M 15s
 77350K .......... .......... .......... .......... .......... 31%  117M 15s
 77400K .......... .......... .......... .......... .......... 31%  115M 15s
 77450K .......... .......... .......... .......... .......... 31%  117M 15s
 77500K .......... .......... .......... .......... .......... 32%  117M 15s
 77550K .......... .......... .......... .......... .......... 32%  117M 15s
 77600K .......... .......... .......... .......... .......... 32% 89.0M 15s
 77650K .......... .......... .......... .......... .......... 32%  117M 15s
 77700K .......... .......... .......... .......... .......... 32%  116M 15s
 91600K .......... .......... .......... .......... .......... 37% 2.33M 12s
 91650K .......... .......... .......... .......... .......... 37%  115M 12s
 91700K .......... .......... .......... .......... .......... 37%  117M 12s
 91750K .......... .......... .......... .......... .......... 37% 92.3M 12s
 91800K .......... .......... .......... .......... .......... 37%  115M 12s
 91850K .......... .......... .......... .......... .......... 37%  117M 12s
 91900K .......... .......... .......... .......... .......... 37%  117M 12s
 91950K .......... .......... .......... .......... .......... 37%  117M 12s
 92000K .......... .......... .......... .......... .......... 37% 89.1M 12s
 92050K .......... .......... .......... .......... .......... 38%  117M 12s
 92100K .......... .......... .......... .......... .......... 38%  117M 12s
 92150K .......... .......... .......... .......... .......... 38%  117M 12s
 92200K .......... .......... .......... .......... .......... 38%  115M 12s
 92250K .......... .......... .......... .......... .......... 38%  117M 12s
 92300K .......... .......... .......... .......... .......... 38%  117M 11s
 92350K .......... .......... .......... .......... .......... 38%  117M 11s
 92400K .......... .......... .......... .......... .......... 38% 87.0M 11s
 92450K .......... .......... .......... .......... .......... 38%  117M 11s
 92500K .......... .......... .......... .......... .......... 38%  117M 11s
 92550K .......... .......... .......... .......... .......... 38%  117M 11s
 92600K .......... .......... .......... .......... .......... 38%  115M 11s
 92650K .......... .......... .......... .......... .......... 38%  117M 11s
 92700K .......... .......... .......... .......... .......... 38%  116M 11s
 92750K .......... .......... .......... .......... .......... 38%  117M 11s
 92800K .......... .......... .......... .......... .......... 38% 89.5M 11s
 92850K .......... .......... .......... .......... .......... 38%  117M 11s
 92900K .......... .......... .......... .......... .......... 38%  117M 11s
 92950K .......... .......... .......... .......... .......... 38%  117M 11s
 93000K .......... .......... .......... .......... .......... 38%  115M 11s
 93050K .......... .......... .......... .......... .......... 38%  117M 11s
 93100K .......... .......... .......... .......... .......... 38%  117M 11s
 93150K .......... .......... .......... .......... .......... 38%  117M 11s
 93200K .......... .......... .......... .......... .......... 38% 89.0M 11s
 93250K .......... .......... .......... .......... .......... 38%  116M 11s
 93300K .......... .......... .......... .......... .......... 38%  117M 11s
 93350K .......... .......... .......... .......... .......... 38%  117M 11s
 93400K .......... .......... .......... .......... .......... 38%  115M 11s
 93450K .......... .......... .......... .......... .......... 38%  117M 11s
 93500K .......... .......... .......... .......... .......... 38%  117M 11s
 77750K .......... .......... .......... .......... .......... 32% 2.83M 15s
 93550K .......... .......... .......... .......... .......... 38% 3.29M 11s
 77800K .......... .......... .......... .......... .......... 32% 1.75M 15s
 93600K .......... .......... .......... .......... .......... 38%  501K 11s
 93650K .......... .......... .......... .......... .......... 38% 15.0M 11s
 93700K .......... .......... .......... .......... .......... 38% 2.24M 11s
 93750K .......... .......... .......... .......... .......... 38%  130M 11s
 93800K .......... .......... .......... .......... .......... 38%  115M 11s
 93850K .......... .......... .......... .......... .......... 38%  117M 11s
 93900K .......... .......... .......... .......... .......... 38%  115M 11s
 93950K .......... .......... .......... .......... .......... 38%  119M 11s
 94000K .......... .......... .......... .......... .......... 38% 88.8M 11s
 94050K .......... .......... .......... .......... .......... 38%  117M 11s
 94100K .......... .......... .......... .......... .......... 38%  116M 11s
 94150K .......... .......... .......... .......... .......... 38%  117M 11s
 94200K .......... .......... .......... .......... .......... 38%  115M 11s
 94250K .......... .......... .......... .......... .......... 38%  117M 11s
 94300K .......... .......... .......... .......... .......... 38%  115M 11s
 94350K .......... .......... .......... .......... .......... 38%  117M 11s
 94400K .......... .......... .......... .......... .......... 38% 87.9M 11s
 94450K .......... .......... .......... .......... .......... 39%  117M 11s
 94500K .......... .......... .......... .......... .......... 39%  117M 11s
 94550K .......... .......... .......... .......... .......... 39%  117M 11s
 94600K .......... .......... .......... .......... .......... 39%  115M 11s
 77850K .......... .......... .......... .......... .......... 32%  416K 15s
 77900K .......... .......... .......... .......... .......... 32%  139M 15s
 77950K .......... .......... .......... .......... .......... 32%  120M 15s
 78000K .......... .......... .......... .......... .......... 32% 87.1M 15s
 78050K .......... .......... .......... .......... .......... 32%  117M 15s
 78100K .......... .......... .......... .......... .......... 32%  117M 15s
 78150K .......... .......... .......... .......... .......... 32%  117M 15s
 78200K .......... .......... .......... .......... .......... 32%  115M 15s
 78250K .......... .......... .......... .......... .......... 32%  117M 15s
 78300K .......... .......... .......... .......... .......... 32%  117M 15s
 78350K .......... .......... .......... .......... .......... 32%  117M 15s
 78400K .......... .......... .......... .......... .......... 32% 75.8M 15s
 78450K .......... .......... .......... .......... .......... 32%  117M 15s
 78500K .......... .......... .......... .......... .......... 32%  117M 15s
 78550K .......... .......... .......... .......... .......... 32%  117M 15s
 78600K .......... .......... .......... .......... .......... 32%  115M 15s
 78650K .......... .......... .......... .......... .......... 32%  117M 15s
 78700K .......... .......... .......... .......... .......... 32%  116M 15s
 78750K .......... .......... .......... .......... .......... 32%  117M 15s
 78800K .......... .......... .......... .......... .......... 32% 87.0M 15s
 78850K .......... .......... .......... .......... .......... 32%  117M 15s
 78900K .......... .......... .......... .......... .......... 32%  117M 15s
 78950K .......... .......... .......... .......... .......... 32%  117M 15s
 79000K .......... .......... .......... .......... .......... 32%  115M 15s
 79050K .......... .......... .......... .......... .......... 32%  117M 15s
 79100K .......... .......... .......... .......... .......... 32%  117M 15s
 79150K .......... .......... .......... .......... .......... 32%  117M 15s
 79200K .......... .......... .......... .......... .......... 32% 89.1M 15s
 79250K .......... .......... .......... .......... .......... 32%  117M 15s
 79300K .......... .......... .......... .......... .......... 32%  117M 15s
 79350K .......... .......... .......... .......... .......... 32%  117M 15s
 79400K .......... .......... .......... .......... .......... 32%  115M 15s
 79450K .......... .......... .......... .......... .......... 32%  117M 15s
 79500K .......... .......... .......... .......... .......... 32%  117M 15s
 79550K .......... .......... .......... .......... .......... 32%  117M 15s
 79600K .......... .......... .......... .......... .......... 32% 88.8M 15s
 79650K .......... .......... .......... .......... .......... 32%  117M 15s
 79700K .......... .......... .......... .......... .......... 32%  117M 15s
 79750K .......... .......... .......... .......... .......... 32%  117M 15s
 79800K .......... .......... .......... .......... .......... 32%  115M 15s
 79850K .......... .......... .......... .......... .......... 32%  117M 15s
 79900K .......... .......... .......... .......... .......... 32%  117M 15s
 79950K .......... .......... .......... .......... .......... 33%  117M 15s
 80000K .......... .......... .......... .......... .......... 33% 87.0M 15s
 80050K .......... .......... .......... .......... .......... 33%  117M 15s
 80100K .......... .......... .......... .......... .......... 33%  117M 15s
 80150K .......... .......... .......... .......... .......... 33%  117M 15s
 94650K .......... .......... .......... .......... .......... 39% 2.33M 11s
 94700K .......... .......... .......... .......... .......... 39%  119M 11s
 94750K .......... .......... .......... .......... .......... 39%  117M 11s
 94800K .......... .......... .......... .......... .......... 39% 75.5M 11s
 94850K .......... .......... .......... .......... .......... 39%  117M 11s
 94900K .......... .......... .......... .......... .......... 39%  117M 11s
 94950K .......... .......... .......... .......... .......... 39%  117M 11s
 95000K .......... .......... .......... .......... .......... 39%  115M 11s
 95050K .......... .......... .......... .......... .......... 39%  117M 11s
 95100K .......... .......... .......... .......... .......... 39%  117M 11s
 95150K .......... .......... .......... .......... .......... 39%  117M 11s
 95200K .......... .......... .......... .......... .......... 39% 88.9M 11s
 95250K .......... .......... .......... .......... .......... 39%  117M 11s
 95300K .......... .......... .......... .......... .......... 39%  117M 11s
 95350K .......... .......... .......... .......... .......... 39%  117M 11s
 95400K .......... .......... .......... .......... .......... 39%  115M 11s
 95450K .......... .......... .......... .......... .......... 39%  117M 11s
 95500K .......... .......... .......... .......... .......... 39%  117M 11s
 95550K .......... .......... .......... .......... .......... 39%  117M 11s
 95600K .......... .......... .......... .......... .......... 39% 87.0M 11s
 95650K .......... .......... .......... .......... .......... 39%  117M 11s
 95700K .......... .......... .......... .......... .......... 39%  117M 11s
 95750K .......... .......... .......... .......... .......... 39%  117M 11s
 95800K .......... .......... .......... .......... .......... 39%  115M 11s
 95850K .......... .......... .......... .......... .......... 39%  117M 11s
 95900K .......... .......... .......... .......... .......... 39%  116M 11s
 95950K .......... .......... .......... .......... .......... 39%  117M 11s
 96000K .......... .......... .......... .......... .......... 39% 88.8M 11s
 96050K .......... .......... .......... .......... .......... 39%  117M 11s
 96100K .......... .......... .......... .......... .......... 39%  117M 11s
 96150K .......... .......... .......... .......... .......... 39%  117M 11s
 96200K .......... .......... .......... .......... .......... 39%  115M 11s
 96250K .......... .......... .......... .......... .......... 39%  116M 11s
 96300K .......... .......... .......... .......... .......... 39%  116M 11s
 96350K .......... .......... .......... .......... .......... 39%  118M 11s
 96400K .......... .......... .......... .......... .......... 39% 89.0M 11s
 96450K .......... .......... .......... .......... .......... 39%  117M 11s
 96500K .......... .......... .......... .......... .......... 39%  117M 11s
 96550K .......... .......... .......... .......... .......... 39%  117M 11s
 80200K .......... .......... .......... .......... .......... 33% 2.79M 15s
 96600K .......... .......... .......... .......... .......... 39% 4.42M 11s
 96650K .......... .......... .......... .......... .......... 39%  501K 11s
 96700K .......... .......... .......... .......... .......... 39% 15.0M 11s
 96750K .......... .......... .......... .......... .......... 39% 2.25M 11s
 96800K .......... .......... .......... .......... .......... 39% 11.8M 11s
 96850K .......... .......... .......... .......... .......... 39%  133M 11s
 96900K .......... .......... .......... .......... .......... 40%  118M 11s
 96950K .......... .......... .......... .......... .......... 40%  117M 11s
 97000K .......... .......... .......... .......... .......... 40%  115M 11s
 97050K .......... .......... .......... .......... .......... 40%  116M 11s
 97100K .......... .......... .......... .......... .......... 40%  118M 11s
 97150K .......... .......... .......... .......... .......... 40%  117M 11s
 97200K .......... .......... .......... .......... .......... 40% 87.0M 11s
 97250K .......... .......... .......... .......... .......... 40%  117M 11s
 97300K .......... .......... .......... .......... .......... 40%  117M 11s
 97350K .......... .......... .......... .......... .......... 40%  117M 11s
 97400K .......... .......... .......... .......... .......... 40%  115M 11s
 97450K .......... .......... .......... .......... .......... 40%  116M 11s
 97500K .......... .......... .......... .......... .......... 40%  118M 11s
 97550K .......... .......... .......... .......... .......... 40%  117M 11s
 97600K .......... .......... .......... .......... .......... 40% 88.9M 11s
 97650K .......... .......... .......... .......... .......... 40%  117M 11s
 80250K .......... .......... .......... .......... .......... 33%  340K 15s
 80300K .......... .......... .......... .......... .......... 33%  149M 15s
 80350K .......... .......... .......... .......... .......... 33%  117M 15s
 80400K .......... .......... .......... .......... .......... 33% 88.6M 15s
 80450K .......... .......... .......... .......... .......... 33%  117M 15s
 80500K .......... .......... .......... .......... .......... 33%  117M 15s
 80550K .......... .......... .......... .......... .......... 33%  117M 15s
 80600K .......... .......... .......... .......... .......... 33%  115M 15s
 80650K .......... .......... .......... .......... .......... 33%  117M 15s
 80700K .......... .......... .......... .......... .......... 33%  117M 15s
 80750K .......... .......... .......... .......... .......... 33%  117M 15s
 80800K .......... .......... .......... .......... .......... 33% 72.3M 15s
 80850K .......... .......... .......... .......... .......... 33%  117M 15s
 80900K .......... .......... .......... .......... .......... 33%  117M 15s
 80950K .......... .......... .......... .......... .......... 33%  117M 15s
 81000K .......... .......... .......... .......... .......... 33%  115M 15s
 81050K .......... .......... .......... .......... .......... 33%  117M 15s
 81100K .......... .......... .......... .......... .......... 33%  117M 15s
 81150K .......... .......... .......... .......... .......... 33%  117M 15s
 81200K .......... .......... .......... .......... .......... 33% 87.0M 15s
 81250K .......... .......... .......... .......... .......... 33%  117M 15s
 81300K .......... .......... .......... .......... .......... 33%  117M 15s
 81350K .......... .......... .......... .......... .......... 33%  117M 15s
 81400K .......... .......... .......... .......... .......... 33%  115M 15s
 81450K .......... .......... .......... .......... .......... 33%  116M 15s
 81500K .......... .......... .......... .......... .......... 33%  118M 15s
 81550K .......... .......... .......... .......... .......... 33%  117M 15s
 81600K .......... .......... .......... .......... .......... 33% 89.1M 15s
 81650K .......... .......... .......... .......... .......... 33%  117M 15s
 81700K .......... .......... .......... .......... .......... 33%  117M 15s
 81750K .......... .......... .......... .......... .......... 33%  117M 15s
 81800K .......... .......... .......... .......... .......... 33%  115M 15s
 81850K .......... .......... .......... .......... .......... 33%  117M 15s
 81900K .......... .......... .......... .......... .......... 33%  117M 15s
 81950K .......... .......... .......... .......... .......... 33%  117M 15s
 82000K .......... .......... .......... .......... .......... 33% 87.1M 15s
 82050K .......... .......... .......... .......... .......... 33%  117M 14s
 82100K .......... .......... .......... .......... .......... 33%  117M 14s
 82150K .......... .......... .......... .......... .......... 33%  117M 14s
 82200K .......... .......... .......... .......... .......... 33%  115M 14s
 82250K .......... .......... .......... .......... .......... 33%  117M 14s
 82300K .......... .......... .......... .......... .......... 33%  117M 14s
 82350K .......... .......... .......... .......... .......... 34%  117M 14s
 82400K .......... .......... .......... .......... .......... 34% 88.9M 14s
 82450K .......... .......... .......... .......... .......... 34%  117M 14s
 82500K .......... .......... .......... .......... .......... 34%  117M 14s
 82550K .......... .......... .......... .......... .......... 34%  117M 14s
 97700K .......... .......... .......... .......... .......... 40% 2.31M 11s
 97750K .......... .......... .......... .......... .......... 40%  117M 11s
 97800K .......... .......... .......... .......... .......... 40% 95.9M 11s
 82600K .......... .......... .......... .......... .......... 34% 32.6M 14s
 97850K .......... .......... .......... .......... .......... 40%  117M 11s
 97900K .......... .......... .......... .......... .......... 40%  117M 11s
 97950K .......... .......... .......... .......... .......... 40%  117M 11s
 98000K .......... .......... .......... .......... .......... 40% 89.0M 11s
 98050K .......... .......... .......... .......... .......... 40%  117M 11s
 98100K .......... .......... .......... .......... .......... 40%  117M 11s
 98150K .......... .......... .......... .......... .......... 40%  117M 11s
 98200K .......... .......... .......... .......... .......... 40%  115M 11s
 98250K .......... .......... .......... .......... .......... 40%  117M 11s
 98300K .......... .......... .......... .......... .......... 40%  117M 11s
 98350K .......... .......... .......... .......... .......... 40%  117M 11s
 98400K .......... .......... .......... .......... .......... 40% 87.0M 11s
 98450K .......... .......... .......... .......... .......... 40%  117M 11s
 98500K .......... .......... .......... .......... .......... 40%  117M 11s
 98550K .......... .......... .......... .......... .......... 40%  117M 11s
 98600K .......... .......... .......... .......... .......... 40%  115M 11s
 98650K .......... .......... .......... .......... .......... 40%  117M 11s
 98700K .......... .......... .......... .......... .......... 40%  117M 11s
 98750K .......... .......... .......... .......... .......... 40%  117M 11s
 98800K .......... .......... .......... .......... .......... 40% 88.9M 11s
 98850K .......... .......... .......... .......... .......... 40%  117M 11s
 98900K .......... .......... .......... .......... .......... 40%  117M 11s
 98950K .......... .......... .......... .......... .......... 40%  117M 11s
 99000K .......... .......... .......... .......... .......... 40%  115M 11s
 99050K .......... .......... .......... .......... .......... 40%  115M 11s
 99100K .......... .......... .......... .......... .......... 40%  118M 11s
 99150K .......... .......... .......... .......... .......... 40%  116M 11s
 99200K .......... .......... .......... .......... .......... 40% 89.6M 11s
 99250K .......... .......... .......... .......... .......... 40%  117M 11s
 99300K .......... .......... .......... .......... .......... 41%  117M 11s
 99350K .......... .......... .......... .......... .......... 41%  117M 11s
 99400K .......... .......... .......... .......... .......... 41%  115M 11s
 99450K .......... .......... .......... .......... .......... 41%  116M 11s
 99500K .......... .......... .......... .......... .......... 41%  117M 11s
 99550K .......... .......... .......... .......... .......... 41%  117M 11s
 99600K .......... .......... .......... .......... .......... 41% 74.1M 11s
 99650K .......... .......... .......... .......... .......... 41% 6.98M 11s
 82650K .......... .......... .......... .......... .......... 34% 1.36M 14s
 99700K .......... .......... .......... .......... .......... 41%  490K 11s
 99750K .......... .......... .......... .......... .......... 41% 37.2M 11s
 99800K .......... .......... .......... .......... .......... 41% 2.28M 11s
 99850K .......... .......... .......... .......... .......... 41% 11.5M 11s
 99900K .......... .......... .......... .......... .......... 41% 12.2M 11s
 99950K .......... .......... .......... .......... .......... 41%  115M 11s
100000K .......... .......... .......... .......... .......... 41% 90.1M 11s
100050K .......... .......... .......... .......... .......... 41%  117M 11s
100100K .......... .......... .......... .......... .......... 41%  117M 11s
100150K .......... .......... .......... .......... .......... 41%  117M 11s
100200K .......... .......... .......... .......... .......... 41%  115M 11s
100250K .......... .......... .......... .......... .......... 41%  117M 11s
100300K .......... .......... .......... .......... .......... 41%  117M 11s
100350K .......... .......... .......... .......... .......... 41%  117M 11s
100400K .......... .......... .......... .......... .......... 41% 87.0M 11s
100450K .......... .......... .......... .......... .......... 41%  117M 11s
100500K .......... .......... .......... .......... .......... 41%  117M 11s
100550K .......... .......... .......... .......... .......... 41%  117M 11s
100600K .......... .......... .......... .......... .......... 41%  116M 11s
100650K .......... .......... .......... .......... .......... 41%  117M 11s
100700K .......... .......... .......... .......... .......... 41%  115M 11s
 82700K .......... .......... .......... .......... .......... 34%  392K 15s
 82750K .......... .......... .......... .......... .......... 34%  173M 15s
 82800K .......... .......... .......... .......... .......... 34% 92.7M 15s
 82850K .......... .......... .......... .......... .......... 34%  117M 15s
 82900K .......... .......... .......... .......... .......... 34%  116M 15s
 82950K .......... .......... .......... .......... .......... 34%  117M 15s
 83000K .......... .......... .......... .......... .......... 34%  115M 15s
 83050K .......... .......... .......... .......... .......... 34%  117M 15s
 83100K .......... .......... .......... .......... .......... 34%  117M 15s
 83150K .......... .......... .......... .......... .......... 34%  117M 15s
 83200K .......... .......... .......... .......... .......... 34% 86.8M 15s
 83250K .......... .......... .......... .......... .......... 34% 93.0M 15s
 83300K .......... .......... .......... .......... .......... 34%  117M 14s
 83350K .......... .......... .......... .......... .......... 34%  116M 14s
 83400K .......... .......... .......... .......... .......... 34%  114M 14s
 83450K .......... .......... .......... .......... .......... 34%  118M 14s
 83500K .......... .......... .......... .......... .......... 34%  117M 14s
 83550K .......... .......... .......... .......... .......... 34%  117M 14s
 83600K .......... .......... .......... .......... .......... 34% 88.9M 14s
 83650K .......... .......... .......... .......... .......... 34%  117M 14s
 83700K .......... .......... .......... .......... .......... 34%  116M 14s
 83750K .......... .......... .......... .......... .......... 34%  117M 14s
 83800K .......... .......... .......... .......... .......... 34%  115M 14s
 83850K .......... .......... .......... .......... .......... 34%  117M 14s
 83900K .......... .......... .......... .......... .......... 34%  117M 14s
 83950K .......... .......... .......... .......... .......... 34%  117M 14s
 84000K .......... .......... .......... .......... .......... 34% 88.9M 14s
 84050K .......... .......... .......... .......... .......... 34%  117M 14s
 84100K .......... .......... .......... .......... .......... 34%  117M 14s
 84150K .......... .......... .......... .......... .......... 34%  117M 14s
 84200K .......... .......... .......... .......... .......... 34%  115M 14s
 84250K .......... .......... .......... .......... .......... 34%  117M 14s
 84300K .......... .......... .......... .......... .......... 34%  117M 14s
 84350K .......... .......... .......... .......... .......... 34%  117M 14s
 84400K .......... .......... .......... .......... .......... 34% 87.1M 14s
 84450K .......... .......... .......... .......... .......... 34%  117M 14s
 84500K .......... .......... .......... .......... .......... 34%  117M 14s
 84550K .......... .......... .......... .......... .......... 34%  117M 14s
 84600K .......... .......... .......... .......... .......... 34%  115M 14s
 84650K .......... .......... .......... .......... .......... 34%  117M 14s
 84700K .......... .......... .......... .......... .......... 34%  117M 14s
 84750K .......... .......... .......... .......... .......... 35%  117M 14s
 84800K .......... .......... .......... .......... .......... 35% 89.1M 14s
 84850K .......... .......... .......... .......... .......... 35%  117M 14s
 84900K .......... .......... .......... .......... .......... 35%  117M 14s
 84950K .......... .......... .......... .......... .......... 35%  117M 14s
 85000K .......... .......... .......... .......... .......... 35%  115M 14s
100750K .......... .......... .......... .......... .......... 41% 2.30M 11s
100800K .......... .......... .......... .......... .......... 41% 88.6M 11s
100850K .......... .......... .......... .......... .......... 41% 99.2M 11s
 85050K .......... .......... .......... .......... .......... 35% 32.7M 14s
100900K .......... .......... .......... .......... .......... 41%  117M 11s
100950K .......... .......... .......... .......... .......... 41%  117M 11s
101000K .......... .......... .......... .......... .......... 41%  115M 11s
101050K .......... .......... .......... .......... .......... 41%  117M 11s
101100K .......... .......... .......... .......... .......... 41%  117M 11s
101150K .......... .......... .......... .......... .......... 41%  117M 11s
101200K .......... .......... .......... .......... .......... 41% 88.8M 11s
101250K .......... .......... .......... .......... .......... 41%  117M 11s
101300K .......... .......... .......... .......... .......... 41%  117M 11s
101350K .......... .......... .......... .......... .......... 41%  114M 11s
101400K .......... .......... .......... .......... .......... 41%  116M 11s
101450K .......... .......... .......... .......... .......... 41%  118M 11s
101500K .......... .......... .......... .......... .......... 41%  117M 11s
101550K .......... .......... .......... .......... .......... 41%  117M 11s
101600K .......... .......... .......... .......... .......... 41% 86.9M 11s
101650K .......... .......... .......... .......... .......... 41%  117M 11s
101700K .......... .......... .......... .......... .......... 41%  117M 11s
101750K .......... .......... .......... .......... .......... 42%  117M 11s
101800K .......... .......... .......... .......... .......... 42%  115M 11s
101850K .......... .......... .......... .......... .......... 42%  117M 11s
101900K .......... .......... .......... .......... .......... 42%  117M 11s
101950K .......... .......... .......... .......... .......... 42%  117M 11s
102000K .......... .......... .......... .......... .......... 42% 89.0M 10s
102050K .......... .......... .......... .......... .......... 42%  117M 10s
102100K .......... .......... .......... .......... .......... 42%  117M 10s
102150K .......... .......... .......... .......... .......... 42%  117M 10s
102200K .......... .......... .......... .......... .......... 42%  115M 10s
102250K .......... .......... .......... .......... .......... 42%  117M 10s
102300K .......... .......... .......... .......... .......... 42%  117M 10s
102350K .......... .......... .......... .......... .......... 42%  117M 10s
102400K .......... .......... .......... .......... .......... 42% 88.9M 10s
102450K .......... .......... .......... .......... .......... 42%  117M 10s
102500K .......... .......... .......... .......... .......... 42%  117M 10s
102550K .......... .......... .......... .......... .......... 42%  117M 10s
102600K .......... .......... .......... .......... .......... 42%  115M 10s
102650K .......... .......... .......... .......... .......... 42% 93.7M 10s
102700K .......... .......... .......... .......... .......... 42%  108M 10s
 85100K .......... .......... .......... .......... .......... 35% 1.52M 14s
102750K .......... .......... .......... .......... .......... 42%  485K 11s
102800K .......... .......... .......... .......... .......... 42% 15.6M 11s
102850K .......... .......... .......... .......... .......... 42% 2.28M 11s
102900K .......... .......... .......... .......... .......... 42% 11.5M 11s
102950K .......... .......... .......... .......... .......... 42% 6.43M 11s
103000K .......... .......... .......... .......... .......... 42%  115M 11s
103050K .......... .......... .......... .......... .......... 42%  117M 11s
103100K .......... .......... .......... .......... .......... 42%  118M 11s
103150K .......... .......... .......... .......... .......... 42%  117M 10s
103200K .......... .......... .......... .......... .......... 42% 86.8M 10s
103250K .......... .......... .......... .......... .......... 42%  117M 10s
103300K .......... .......... .......... .......... .......... 42%  117M 10s
103350K .......... .......... .......... .......... .......... 42%  117M 10s
103400K .......... .......... .......... .......... .......... 42%  115M 10s
103450K .......... .......... .......... .......... .......... 42%  120M 10s
103500K .......... .......... .......... .......... .......... 42%  117M 10s
103550K .......... .......... .......... .......... .......... 42%  116M 10s
103600K .......... .......... .......... .......... .......... 42% 87.0M 10s
103650K .......... .......... .......... .......... .......... 42%  117M 10s
103700K .......... .......... .......... .......... .......... 42%  117M 10s
103750K .......... .......... .......... .......... .......... 42%  117M 10s
 85150K .......... .......... .......... .......... .......... 35%  381K 14s
 85200K .......... .......... .......... .......... .......... 35%  119M 14s
 85250K .......... .......... .......... .......... .......... 35%  118M 14s
 85300K .......... .......... .......... .......... .......... 35%  117M 14s
 85350K .......... .......... .......... .......... .......... 35%  117M 14s
 85400K .......... .......... .......... .......... .......... 35%  115M 14s
 85450K .......... .......... .......... .......... .......... 35%  117M 14s
 85500K .......... .......... .......... .......... .......... 35%  117M 14s
 85550K .......... .......... .......... .......... .......... 35%  117M 14s
 85600K .......... .......... .......... .......... .......... 35% 89.0M 14s
 85650K .......... .......... .......... .......... .......... 35%  116M 14s
 85700K .......... .......... .......... .......... .......... 35% 82.7M 14s
 85750K .......... .......... .......... .......... .......... 35%  117M 14s
 85800K .......... .......... .......... .......... .......... 35%  115M 14s
 85850K .......... .......... .......... .......... .......... 35%  117M 14s
 85900K .......... .......... .......... .......... .......... 35%  117M 14s
 85950K .......... .......... .......... .......... .......... 35%  116M 14s
 86000K .......... .......... .......... .......... .......... 35% 89.3M 14s
 86050K .......... .......... .......... .......... .......... 35%  117M 14s
 86100K .......... .......... .......... .......... .......... 35%  117M 14s
 86150K .......... .......... .......... .......... .......... 35%  116M 14s
 86200K .......... .......... .......... .......... .......... 35%  115M 14s
 86250K .......... .......... .......... .......... .......... 35%  117M 14s
 86300K .......... .......... .......... .......... .......... 35%  117M 14s
 86350K .......... .......... .......... .......... .......... 35%  117M 14s
 86400K .......... .......... .......... .......... .......... 35% 87.0M 14s
 86450K .......... .......... .......... .......... .......... 35%  117M 14s
 86500K .......... .......... .......... .......... .......... 35%  117M 14s
 86550K .......... .......... .......... .......... .......... 35%  117M 14s
 86600K .......... .......... .......... .......... .......... 35%  115M 14s
 86650K .......... .......... .......... .......... .......... 35%  117M 14s
 86700K .......... .......... .......... .......... .......... 35%  117M 14s
 86750K .......... .......... .......... .......... .......... 35%  117M 14s
 86800K .......... .......... .......... .......... .......... 35% 88.9M 14s
 86850K .......... .......... .......... .......... .......... 35%  117M 14s
 86900K .......... .......... .......... .......... .......... 35%  117M 14s
 86950K .......... .......... .......... .......... .......... 35%  116M 14s
 87000K .......... .......... .......... .......... .......... 35%  116M 14s
 87050K .......... .......... .......... .......... .......... 35%  117M 14s
 87100K .......... .......... .......... .......... .......... 35%  117M 14s
 87150K .......... .......... .......... .......... .......... 35%  116M 14s
 87200K .......... .......... .......... .......... .......... 36% 89.2M 14s
 87250K .......... .......... .......... .......... .......... 36%  117M 14s
 87300K .......... .......... .......... .......... .......... 36%  117M 14s
 87350K .......... .......... .......... .......... .......... 36%  117M 14s
 87400K .......... .......... .......... .......... .......... 36%  115M 14s
 87450K .......... .......... .......... .......... .......... 36%  117M 14s
 87500K .......... .......... .......... .......... .......... 36%  115M 14s
103800K .......... .......... .......... .......... .......... 42% 2.29M 10s
103850K .......... .......... .......... .......... .......... 42%  117M 10s
103900K .......... .......... .......... .......... .......... 42%  117M 10s
103950K .......... .......... .......... .......... .......... 42% 91.1M 10s
104000K .......... .......... .......... .......... .......... 42% 90.2M 10s
104050K .......... .......... .......... .......... .......... 42%  117M 10s
104100K .......... .......... .......... .......... .......... 42%  117M 10s
104150K .......... .......... .......... .......... .......... 43%  117M 10s
104200K .......... .......... .......... .......... .......... 43%  115M 10s
104250K .......... .......... .......... .......... .......... 43%  117M 10s
104300K .......... .......... .......... .......... .......... 43%  117M 10s
104350K .......... .......... .......... .......... .......... 43%  117M 10s
104400K .......... .......... .......... .......... .......... 43% 87.0M 10s
104450K .......... .......... .......... .......... .......... 43%  117M 10s
104500K .......... .......... .......... .......... .......... 43%  117M 10s
104550K .......... .......... .......... .......... .......... 43%  117M 10s
104600K .......... .......... .......... .......... .......... 43%  115M 10s
104650K .......... .......... .......... .......... .......... 43%  117M 10s
104700K .......... .......... .......... .......... .......... 43%  117M 10s
104750K .......... .......... .......... .......... .......... 43%  117M 10s
104800K .......... .......... .......... .......... .......... 43% 89.1M 10s
104850K .......... .......... .......... .......... .......... 43%  117M 10s
104900K .......... .......... .......... .......... .......... 43%  117M 10s
104950K .......... .......... .......... .......... .......... 43%  117M 10s
105000K .......... .......... .......... .......... .......... 43%  116M 10s
105050K .......... .......... .......... .......... .......... 43%  117M 10s
105100K .......... .......... .......... .......... .......... 43%  117M 10s
105150K .......... .......... .......... .......... .......... 43%  116M 10s
105200K .......... .......... .......... .......... .......... 43% 89.7M 10s
105250K .......... .......... .......... .......... .......... 43%  117M 10s
105300K .......... .......... .......... .......... .......... 43%  117M 10s
105350K .......... .......... .......... .......... .......... 43%  117M 10s
105400K .......... .......... .......... .......... .......... 43%  115M 10s
105450K .......... .......... .......... .......... .......... 43%  117M 10s
105500K .......... .......... .......... .......... .......... 43%  117M 10s
105550K .......... .......... .......... .......... .......... 43%  117M 10s
105600K .......... .......... .......... .......... .......... 43% 87.0M 10s
105650K .......... .......... .......... .......... .......... 43%  116M 10s
105700K .......... .......... .......... .......... .......... 43%  108M 10s
105750K .......... .......... .......... .......... .......... 43% 76.3M 10s
 87550K .......... .......... .......... .......... .......... 36% 2.80M 14s
105800K .......... .......... .......... .......... .......... 43%  503K 10s
105850K .......... .......... .......... .......... .......... 43% 16.4M 10s
105900K .......... .......... .......... .......... .......... 43% 7.74M 10s
105950K .......... .......... .......... .......... .......... 43% 2.53M 10s
106000K .......... .......... .......... .......... .......... 43% 4.35M 10s
106050K .......... .......... .......... .......... .......... 43%  117M 10s
106100K .......... .......... .......... .......... .......... 43%  117M 10s
106150K .......... .......... .......... .......... .......... 43%  117M 10s
106200K .......... .......... .......... .......... .......... 43%  115M 10s
106250K .......... .......... .......... .......... .......... 43%  117M 10s
106300K .......... .......... .......... .......... .......... 43%  115M 10s
106350K .......... .......... .......... .......... .......... 43%  118M 10s
106400K .......... .......... .......... .......... .......... 43% 88.9M 10s
106450K .......... .......... .......... .......... .......... 43%  117M 10s
106500K .......... .......... .......... .......... .......... 43%  117M 10s
106550K .......... .......... .......... .......... .......... 43%  117M 10s
106600K .......... .......... .......... .......... .......... 44%  115M 10s
106650K .......... .......... .......... .......... .......... 44%  117M 10s
106700K .......... .......... .......... .......... .......... 44%  117M 10s
106750K .......... .......... .......... .......... .......... 44%  115M 10s
106800K .......... .......... .......... .......... .......... 44% 87.8M 10s
 87600K .......... .......... .......... .......... .......... 36%  340K 14s
 87650K .......... .......... .......... .......... .......... 36%  151M 14s
 87700K .......... .......... .......... .......... .......... 36%  119M 14s
 87750K .......... .......... .......... .......... .......... 36%  118M 14s
 87800K .......... .......... .......... .......... .......... 36%  115M 14s
 87850K .......... .......... .......... .......... .......... 36%  117M 14s
 87900K .......... .......... .......... .......... .......... 36%  116M 14s
 87950K .......... .......... .......... .......... .......... 36%  117M 14s
 88000K .......... .......... .......... .......... .......... 36% 88.8M 14s
 88050K .......... .......... .......... .......... .......... 36%  117M 14s
 88100K .......... .......... .......... .......... .......... 36%  117M 14s
 88150K .......... .......... .......... .......... .......... 36% 92.8M 14s
 88200K .......... .......... .......... .......... .......... 36%  115M 14s
 88250K .......... .......... .......... .......... .......... 36%  117M 14s
 88300K .......... .......... .......... .......... .......... 36%  117M 14s
 88350K .......... .......... .......... .......... .......... 36%  117M 14s
 88400K .......... .......... .......... .......... .......... 36% 87.0M 14s
 88450K .......... .......... .......... .......... .......... 36%  117M 14s
 88500K .......... .......... .......... .......... .......... 36%  117M 14s
 88550K .......... .......... .......... .......... .......... 36%  117M 14s
 88600K .......... .......... .......... .......... .......... 36%  115M 14s
 88650K .......... .......... .......... .......... .......... 36%  117M 14s
 88700K .......... .......... .......... .......... .......... 36%  115M 14s
 88750K .......... .......... .......... .......... .......... 36%  118M 14s
 88800K .......... .......... .......... .......... .......... 36% 89.1M 14s
 88850K .......... .......... .......... .......... .......... 36%  117M 14s
 88900K .......... .......... .......... .......... .......... 36%  117M 14s
 88950K .......... .......... .......... .......... .......... 36%  117M 14s
 89000K .......... .......... .......... .......... .......... 36%  115M 14s
 89050K .......... .......... .......... .......... .......... 36%  117M 14s
 89100K .......... .......... .......... .......... .......... 36%  117M 14s
 89150K .......... .......... .......... .......... .......... 36%  117M 14s
 89200K .......... .......... .......... .......... .......... 36% 88.9M 14s
 89250K .......... .......... .......... .......... .......... 36%  117M 14s
 89300K .......... .......... .......... .......... .......... 36%  117M 14s
 89350K .......... .......... .......... .......... .......... 36%  117M 14s
 89400K .......... .......... .......... .......... .......... 36%  115M 14s
 89450K .......... .......... .......... .......... .......... 36%  115M 14s
 89500K .......... .......... .......... .......... .......... 36%  119M 14s
 89550K .......... .......... .......... .......... .......... 36%  117M 14s
 89600K .......... .......... .......... .......... .......... 37% 87.1M 14s
 89650K .......... .......... .......... .......... .......... 37%  117M 14s
 89700K .......... .......... .......... .......... .......... 37%  117M 14s
 89750K .......... .......... .......... .......... .......... 37%  117M 14s
 89800K .......... .......... .......... .......... .......... 37%  115M 14s
 89850K .......... .......... .......... .......... .......... 37%  116M 14s
 89900K .......... .......... .......... .......... .......... 37%  118M 14s
 89950K .......... .......... .......... .......... .......... 37%  117M 14s
106850K .......... .......... .......... .......... .......... 44% 2.29M 10s
106900K .......... .......... .......... .......... .......... 44%  116M 10s
106950K .......... .......... .......... .......... .......... 44%  117M 10s
107000K .......... .......... .......... .......... .......... 44% 90.2M 10s
107050K .......... .......... .......... .......... .......... 44%  119M 10s
107100K .......... .......... .......... .......... .......... 44%  117M 10s
107150K .......... .......... .......... .......... .......... 44%  117M 10s
107200K .......... .......... .......... .......... .......... 44% 88.8M 10s
107250K .......... .......... .......... .......... .......... 44%  117M 10s
107300K .......... .......... .......... .......... .......... 44%  117M 10s
107350K .......... .......... .......... .......... .......... 44%  117M 10s
107400K .......... .......... .......... .......... .......... 44%  115M 10s
107450K .......... .......... .......... .......... .......... 44%  117M 10s
107500K .......... .......... .......... .......... .......... 44%  117M 10s
107550K .......... .......... .......... .......... .......... 44%  117M 10s
107600K .......... .......... .......... .......... .......... 44% 87.0M 10s
107650K .......... .......... .......... .......... .......... 44%  117M 10s
107700K .......... .......... .......... .......... .......... 44%  116M 10s
107750K .......... .......... .......... .......... .......... 44%  117M 10s
107800K .......... .......... .......... .......... .......... 44%  115M 10s
107850K .......... .......... .......... .......... .......... 44%  117M 10s
107900K .......... .......... .......... .......... .......... 44%  117M 10s
107950K .......... .......... .......... .......... .......... 44%  117M 10s
108000K .......... .......... .......... .......... .......... 44% 88.9M 10s
108050K .......... .......... .......... .......... .......... 44%  117M 10s
108100K .......... .......... .......... .......... .......... 44%  117M 10s
108150K .......... .......... .......... .......... .......... 44%  117M 10s
108200K .......... .......... .......... .......... .......... 44%  115M 10s
108250K .......... .......... .......... .......... .......... 44%  117M 10s
108300K .......... .......... .......... .......... .......... 44%  117M 10s
108350K .......... .......... .......... .......... .......... 44%  117M 10s
108400K .......... .......... .......... .......... .......... 44% 88.9M 10s
108450K .......... .......... .......... .......... .......... 44%  117M 10s
108500K .......... .......... .......... .......... .......... 44%  117M 10s
108550K .......... .......... .......... .......... .......... 44%  117M 10s
108600K .......... .......... .......... .......... .......... 44%  115M 10s
108650K .......... .......... .......... .......... .......... 44%  115M 10s
108700K .......... .......... .......... .......... .......... 44%  118M 10s
108750K .......... .......... .......... .......... .......... 44%  102M 10s
 90000K .......... .......... .......... .......... .......... 37% 2.76M 14s
108800K .......... .......... .......... .......... .......... 44% 1.28M 10s
 90050K .......... .......... .......... .......... .......... 37%  996K 14s
108850K .......... .......... .......... .......... .......... 44%  855K 10s
108900K .......... .......... .......... .......... .......... 44% 17.2M 10s
108950K .......... .......... .......... .......... .......... 44% 7.68M 10s
109000K .......... .......... .......... .......... .......... 45% 2.51M 10s
109050K .......... .......... .......... .......... .......... 45% 4.41M 10s
109100K .......... .......... .......... .......... .......... 45% 12.3M 10s
109150K .......... .......... .......... .......... .......... 45%  134M 10s
109200K .......... .......... .......... .......... .......... 45% 89.0M 10s
109250K .......... .......... .......... .......... .......... 45%  116M 10s
109300K .......... .......... .......... .......... .......... 45%  117M 10s
109350K .......... .......... .......... .......... .......... 45%  117M 10s
109400K .......... .......... .......... .......... .......... 45%  116M 10s
109450K .......... .......... .......... .......... .......... 45%  117M 10s
109500K .......... .......... .......... .......... .......... 45%  117M 10s
109550K .......... .......... .......... .......... .......... 45%  117M 10s
109600K .......... .......... .......... .......... .......... 45% 88.8M 10s
109650K .......... .......... .......... .......... .......... 45%  117M 10s
109700K .......... .......... .......... .......... .......... 45%  117M 10s
109750K .......... .......... .......... .......... .......... 45%  117M 10s
109800K .......... .......... .......... .......... .......... 45%  115M 10s
109850K .......... .......... .......... .......... .......... 45%  117M 10s
 90100K .......... .......... .......... .......... .......... 37%  516K 14s
 90150K .......... .......... .......... .......... .......... 37%  127M 14s
 90200K .......... .......... .......... .......... .......... 37%  116M 14s
 90250K .......... .......... .......... .......... .......... 37%  117M 14s
 90300K .......... .......... .......... .......... .......... 37%  117M 14s
 90350K .......... .......... .......... .......... .......... 37%  117M 14s
 90400K .......... .......... .......... .......... .......... 37% 88.8M 14s
 90450K .......... .......... .......... .......... .......... 37%  116M 14s
 90500K .......... .......... .......... .......... .......... 37%  117M 14s
 90550K .......... .......... .......... .......... .......... 37%  117M 14s
 90600K .......... .......... .......... .......... .......... 37%  115M 14s
 90650K .......... .......... .......... .......... .......... 37% 99.9M 14s
 90700K .......... .......... .......... .......... .......... 37%  117M 14s
 90750K .......... .......... .......... .......... .......... 37%  117M 14s
 90800K .......... .......... .......... .......... .......... 37% 87.1M 14s
 90850K .......... .......... .......... .......... .......... 37%  117M 14s
 90900K .......... .......... .......... .......... .......... 37%  117M 14s
 90950K .......... .......... .......... .......... .......... 37%  117M 14s
 91000K .......... .......... .......... .......... .......... 37%  115M 14s
 91050K .......... .......... .......... .......... .......... 37%  117M 14s
 91100K .......... .......... .......... .......... .......... 37%  116M 14s
 91150K .......... .......... .......... .......... .......... 37%  117M 14s
 91200K .......... .......... .......... .......... .......... 37% 88.8M 14s
 91250K .......... .......... .......... .......... .......... 37%  117M 13s
 91300K .......... .......... .......... .......... .......... 37%  117M 13s
 91350K .......... .......... .......... .......... .......... 37%  117M 13s
 91400K .......... .......... .......... .......... .......... 37%  115M 13s
 91450K .......... .......... .......... .......... .......... 37%  117M 13s
 91500K .......... .......... .......... .......... .......... 37%  117M 13s
 91550K .......... .......... .......... .......... .......... 37%  117M 13s
 91600K .......... .......... .......... .......... .......... 37% 87.0M 13s
 91650K .......... .......... .......... .......... .......... 37%  117M 13s
 91700K .......... .......... .......... .......... .......... 37%  117M 13s
 91750K .......... .......... .......... .......... .......... 37%  117M 13s
 91800K .......... .......... .......... .......... .......... 37%  115M 13s
 91850K .......... .......... .......... .......... .......... 37%  117M 13s
 91900K .......... .......... .......... .......... .......... 37%  117M 13s
 91950K .......... .......... .......... .......... .......... 37%  117M 13s
 92000K .......... .......... .......... .......... .......... 37% 88.8M 13s
 92050K .......... .......... .......... .......... .......... 38%  117M 13s
 92100K .......... .......... .......... .......... .......... 38%  117M 13s
 92150K .......... .......... .......... .......... .......... 38%  117M 13s
 92200K .......... .......... .......... .......... .......... 38%  114M 13s
 92250K .......... .......... .......... .......... .......... 38%  118M 13s
 92300K .......... .......... .......... .......... .......... 38%  117M 13s
 92350K .......... .......... .......... .......... .......... 38%  117M 13s
 92400K .......... .......... .......... .......... .......... 38% 89.0M 13s
 92450K .......... .......... .......... .......... .......... 38%  117M 13s
109900K .......... .......... .......... .......... .......... 45% 2.27M 10s
109950K .......... .......... .......... .......... .......... 45%  118M 10s
110000K .......... .......... .......... .......... .......... 45% 88.1M 10s
110050K .......... .......... .......... .......... .......... 45%  117M 10s
110100K .......... .......... .......... .......... .......... 45%  117M 10s
110150K .......... .......... .......... .......... .......... 45%  117M 10s
110200K .......... .......... .......... .......... .......... 45%  115M 10s
110250K .......... .......... .......... .......... .......... 45%  117M 10s
110300K .......... .......... .......... .......... .......... 45%  117M 10s
110350K .......... .......... .......... .......... .......... 45%  117M 10s
110400K .......... .......... .......... .......... .......... 45% 89.1M 10s
110450K .......... .......... .......... .......... .......... 45%  117M 10s
110500K .......... .......... .......... .......... .......... 45%  117M 10s
110550K .......... .......... .......... .......... .......... 45%  117M 10s
110600K .......... .......... .......... .......... .......... 45%  114M 10s
110650K .......... .......... .......... .......... .......... 45%  118M 10s
110700K .......... .......... .......... .......... .......... 45%  117M 10s
110750K .......... .......... .......... .......... .......... 45%  116M 10s
110800K .......... .......... .......... .......... .......... 45% 87.7M 10s
110850K .......... .......... .......... .......... .......... 45%  117M 10s
110900K .......... .......... .......... .......... .......... 45%  117M 10s
110950K .......... .......... .......... .......... .......... 45%  117M 10s
111000K .......... .......... .......... .......... .......... 45%  115M 10s
111050K .......... .......... .......... .......... .......... 45%  117M 10s
111100K .......... .......... .......... .......... .......... 45%  117M 10s
111150K .......... .......... .......... .......... .......... 45%  116M 10s
111200K .......... .......... .......... .......... .......... 45% 89.0M 10s
111250K .......... .......... .......... .......... .......... 45%  116M 10s
111300K .......... .......... .......... .......... .......... 45%  118M 10s
111350K .......... .......... .......... .......... .......... 45%  117M 10s
111400K .......... .......... .......... .......... .......... 45%  115M 10s
111450K .......... .......... .......... .......... .......... 46%  117M 10s
111500K .......... .......... .......... .......... .......... 46%  117M 10s
111550K .......... .......... .......... .......... .......... 46%  117M 10s
111600K .......... .......... .......... .......... .......... 46% 89.1M 10s
111650K .......... .......... .......... .......... .......... 46%  117M 10s
111700K .......... .......... .......... .......... .......... 46%  117M 10s
111750K .......... .......... .......... .......... .......... 46%  117M 10s
111800K .......... .......... .......... .......... .......... 46% 85.6M 10s
111850K .......... .......... .......... .......... .......... 46%  117M 10s
 92500K .......... .......... .......... .......... .......... 38% 2.78M 13s
111900K .......... .......... .......... .......... .......... 46%  541K 10s
111950K .......... .......... .......... .......... .......... 46% 23.8M 10s
112000K .......... .......... .......... .......... .......... 46% 6.72M 10s
112050K .......... .......... .......... .......... .......... 46% 2.48M 10s
112100K .......... .......... .......... .......... .......... 46% 4.53M 10s
112150K .......... .......... .......... .......... .......... 46% 13.1M 10s
112200K .......... .......... .......... .......... .......... 46% 11.7M 10s
112250K .......... .......... .......... .......... .......... 46%  120M 10s
112300K .......... .......... .......... .......... .......... 46%  116M 10s
112350K .......... .......... .......... .......... .......... 46%  117M 10s
112400K .......... .......... .......... .......... .......... 46% 87.2M 10s
112450K .......... .......... .......... .......... .......... 46%  116M 10s
112500K .......... .......... .......... .......... .......... 46%  117M 10s
112550K .......... .......... .......... .......... .......... 46%  116M 10s
112600K .......... .......... .......... .......... .......... 46%  115M 10s
112650K .......... .......... .......... .......... .......... 46%  117M 10s
112700K .......... .......... .......... .......... .......... 46%  118M 10s
112750K .......... .......... .......... .......... .......... 46%  117M 10s
112800K .......... .......... .......... .......... .......... 46% 87.0M 10s
112850K .......... .......... .......... .......... .......... 46%  117M 10s
112900K .......... .......... .......... .......... .......... 46%  117M 10s
 92550K .......... .......... .......... .......... .......... 38%  341K 13s
 92600K .......... .......... .......... .......... .......... 38%  133M 13s
 92650K .......... .......... .......... .......... .......... 38%  149M 13s
 92700K .......... .......... .......... .......... .......... 38%  119M 13s
 92750K .......... .......... .......... .......... .......... 38%  117M 13s
 92800K .......... .......... .......... .......... .......... 38% 87.0M 13s
 92850K .......... .......... .......... .......... .......... 38%  117M 13s
 92900K .......... .......... .......... .......... .......... 38%  117M 13s
 92950K .......... .......... .......... .......... .......... 38%  117M 13s
 93000K .......... .......... .......... .......... .......... 38%  115M 13s
 93050K .......... .......... .......... .......... .......... 38%  117M 13s
 93100K .......... .......... .......... .......... .......... 38%  117M 13s
 93150K .......... .......... .......... .......... .......... 38% 69.5M 13s
 93200K .......... .......... .......... .......... .......... 38% 89.2M 13s
 93250K .......... .......... .......... .......... .......... 38%  117M 13s
 93300K .......... .......... .......... .......... .......... 38%  117M 13s
 93350K .......... .......... .......... .......... .......... 38%  117M 13s
 93400K .......... .......... .......... .......... .......... 38%  115M 13s
 93450K .......... .......... .......... .......... .......... 38%  116M 13s
 93500K .......... .......... .......... .......... .......... 38%  117M 13s
 93550K .......... .......... .......... .......... .......... 38%  117M 13s
 93600K .......... .......... .......... .......... .......... 38% 89.0M 13s
 93650K .......... .......... .......... .......... .......... 38%  117M 13s
 93700K .......... .......... .......... .......... .......... 38%  117M 13s
 93750K .......... .......... .......... .......... .......... 38%  117M 13s
 93800K .......... .......... .......... .......... .......... 38%  115M 13s
 93850K .......... .......... .......... .......... .......... 38%  117M 13s
 93900K .......... .......... .......... .......... .......... 38%  117M 13s
 93950K .......... .......... .......... .......... .......... 38%  117M 13s
 94000K .......... .......... .......... .......... .......... 38% 87.0M 13s
 94050K .......... .......... .......... .......... .......... 38%  117M 13s
 94100K .......... .......... .......... .......... .......... 38%  117M 13s
 94150K .......... .......... .......... .......... .......... 38%  117M 13s
 94200K .......... .......... .......... .......... .......... 38%  115M 13s
 94250K .......... .......... .......... .......... .......... 38%  117M 13s
 94300K .......... .......... .......... .......... .......... 38%  117M 13s
 94350K .......... .......... .......... .......... .......... 38%  117M 13s
 94400K .......... .......... .......... .......... .......... 38% 88.9M 13s
 94450K .......... .......... .......... .......... .......... 39%  117M 13s
 94500K .......... .......... .......... .......... .......... 39%  117M 13s
 94550K .......... .......... .......... .......... .......... 39%  117M 13s
 94600K .......... .......... .......... .......... .......... 39%  115M 13s
 94650K .......... .......... .......... .......... .......... 39%  117M 13s
 94700K .......... .......... .......... .......... .......... 39%  117M 13s
 94750K .......... .......... .......... .......... .......... 39%  115M 13s
 94800K .......... .......... .......... .......... .......... 39% 88.0M 13s
 94850K .......... .......... .......... .......... .......... 39%  117M 13s
 94900K .......... .......... .......... .......... .......... 39%  117M 13s
 94950K .......... .......... .......... .......... .......... 39%  117M 13s
112950K .......... .......... .......... .......... .......... 46% 2.28M 10s
113000K .......... .......... .......... .......... .......... 46%  116M 10s
113050K .......... .......... .......... .......... .......... 46%  117M 10s
113100K .......... .......... .......... .......... .......... 46%  117M 10s
113150K .......... .......... .......... .......... .......... 46%  117M 10s
113200K .......... .......... .......... .......... .......... 46% 88.7M 10s
113250K .......... .......... .......... .......... .......... 46%  117M 10s
113300K .......... .......... .......... .......... .......... 46%  117M 10s
113350K .......... .......... .......... .......... .......... 46%  117M 10s
113400K .......... .......... .......... .......... .......... 46%  115M 10s
113450K .......... .......... .......... .......... .......... 46%  116M 9s
113500K .......... .......... .......... .......... .......... 46%  117M 9s
113550K .......... .......... .......... .......... .......... 46%  115M 9s
113600K .......... .......... .......... .......... .......... 46% 90.1M 9s
113650K .......... .......... .......... .......... .......... 46%  117M 9s
113700K .......... .......... .......... .......... .......... 46% 87.3M 9s
113750K .......... .......... .......... .......... .......... 46%  117M 9s
113800K .......... .......... .......... .......... .......... 46%  116M 9s
113850K .......... .......... .......... .......... .......... 47%  113M 9s
113900K .......... .......... .......... .......... .......... 47%  117M 9s
113950K .......... .......... .......... .......... .......... 47%  117M 9s
114000K .......... .......... .......... .......... .......... 47% 88.9M 9s
114050K .......... .......... .......... .......... .......... 47%  117M 9s
114100K .......... .......... .......... .......... .......... 47%  117M 9s
114150K .......... .......... .......... .......... .......... 47%  116M 9s
114200K .......... .......... .......... .......... .......... 47%  116M 9s
114250K .......... .......... .......... .......... .......... 47%  117M 9s
114300K .......... .......... .......... .......... .......... 47%  115M 9s
114350K .......... .......... .......... .......... .......... 47%  119M 9s
114400K .......... .......... .......... .......... .......... 47% 89.1M 9s
114450K .......... .......... .......... .......... .......... 47%  117M 9s
114500K .......... .......... .......... .......... .......... 47%  117M 9s
114550K .......... .......... .......... .......... .......... 47%  117M 9s
114600K .......... .......... .......... .......... .......... 47%  115M 9s
114650K .......... .......... .......... .......... .......... 47%  117M 9s
114700K .......... .......... .......... .......... .......... 47%  116M 9s
114750K .......... .......... .......... .......... .......... 47%  118M 9s
114800K .......... .......... .......... .......... .......... 47% 87.0M 9s
114850K .......... .......... .......... .......... .......... 47% 76.3M 9s
114900K .......... .......... .......... .......... .......... 47%  117M 9s
 95000K .......... .......... .......... .......... .......... 39% 2.76M 13s
114950K .......... .......... .......... .......... .......... 47%  562K 9s
115000K .......... .......... .......... .......... .......... 47% 25.5M 9s
115050K .......... .......... .......... .......... .......... 47% 6.92M 9s
115100K .......... .......... .......... .......... .......... 47% 2.62M 9s
115150K .......... .......... .......... .......... .......... 47% 4.16M 9s
115200K .......... .......... .......... .......... .......... 47% 12.8M 9s
115250K .......... .......... .......... .......... .......... 47% 11.3M 9s
115300K .......... .......... .......... .......... .......... 47% 12.2M 9s
115350K .......... .......... .......... .......... .......... 47%  117M 9s
115400K .......... .......... .......... .......... .......... 47%  115M 9s
115450K .......... .......... .......... .......... .......... 47%  117M 9s
115500K .......... .......... .......... .......... .......... 47%  116M 9s
115550K .......... .......... .......... .......... .......... 47%  117M 9s
115600K .......... .......... .......... .......... .......... 47% 89.3M 9s
115650K .......... .......... .......... .......... .......... 47%  117M 9s
115700K .......... .......... .......... .......... .......... 47%  117M 9s
115750K .......... .......... .......... .......... .......... 47%  117M 9s
115800K .......... .......... .......... .......... .......... 47%  115M 9s
115850K .......... .......... .......... .......... .......... 47%  117M 9s
115900K .......... .......... .......... .......... .......... 47%  115M 9s
115950K .......... .......... .......... .......... .......... 47%  118M 9s
 95050K .......... .......... .......... .......... .......... 39%  342K 13s
 95100K .......... .......... .......... .......... .......... 39%  135M 13s
 95150K .......... .......... .......... .......... .......... 39%  123M 13s
 95200K .......... .......... .......... .......... .......... 39% 92.1M 13s
 95250K .......... .......... .......... .......... .......... 39%  117M 13s
 95300K .......... .......... .......... .......... .......... 39%  117M 13s
 95350K .......... .......... .......... .......... .......... 39%  117M 13s
 95400K .......... .......... .......... .......... .......... 39%  115M 13s
 95450K .......... .......... .......... .......... .......... 39%  117M 13s
 95500K .......... .......... .......... .......... .......... 39%  115M 13s
 95550K .......... .......... .......... .......... .......... 39%  118M 13s
 95600K .......... .......... .......... .......... .......... 39% 89.0M 13s
 95650K .......... .......... .......... .......... .......... 39% 70.7M 13s
 95700K .......... .......... .......... .......... .......... 39%  117M 13s
 95750K .......... .......... .......... .......... .......... 39%  117M 13s
 95800K .......... .......... .......... .......... .......... 39%  116M 13s
 95850K .......... .......... .......... .......... .......... 39%  117M 13s
 95900K .......... .......... .......... .......... .......... 39%  117M 13s
 95950K .......... .......... .......... .......... .......... 39%  117M 13s
 96000K .......... .......... .......... .......... .......... 39% 87.0M 13s
 96050K .......... .......... .......... .......... .......... 39%  117M 13s
 96100K .......... .......... .......... .......... .......... 39%  110M 13s
 96150K .......... .......... .......... .......... .......... 39%  125M 13s
 96200K .......... .......... .......... .......... .......... 39%  115M 13s
 96250K .......... .......... .......... .......... .......... 39%  117M 13s
 96300K .......... .......... .......... .......... .......... 39%  117M 13s
 96350K .......... .......... .......... .......... .......... 39%  117M 13s
 96400K .......... .......... .......... .......... .......... 39% 89.1M 13s
 96450K .......... .......... .......... .......... .......... 39%  117M 13s
 96500K .......... .......... .......... .......... .......... 39%  117M 13s
 96550K .......... .......... .......... .......... .......... 39%  117M 13s
 96600K .......... .......... .......... .......... .......... 39%  116M 13s
 96650K .......... .......... .......... .......... .......... 39%  117M 13s
 96700K .......... .......... .......... .......... .......... 39%  117M 13s
 96750K .......... .......... .......... .......... .......... 39%  117M 13s
 96800K .......... .......... .......... .......... .......... 39% 89.0M 13s
 96850K .......... .......... .......... .......... .......... 39%  117M 13s
 96900K .......... .......... .......... .......... .......... 40%  117M 13s
 96950K .......... .......... .......... .......... .......... 40%  117M 13s
 97000K .......... .......... .......... .......... .......... 40%  115M 13s
 97050K .......... .......... .......... .......... .......... 40%  117M 13s
 97100K .......... .......... .......... .......... .......... 40%  117M 13s
 97150K .......... .......... .......... .......... .......... 40%  117M 13s
 97200K .......... .......... .......... .......... .......... 40% 87.0M 13s
 97250K .......... .......... .......... .......... .......... 40%  117M 13s
 97300K .......... .......... .......... .......... .......... 40%  117M 13s
 97350K .......... .......... .......... .......... .......... 40%  117M 13s
 97400K .......... .......... .......... .......... .......... 40%  115M 13s
 97450K .......... .......... .......... .......... .......... 40%  117M 13s
116000K .......... .......... .......... .......... .......... 47% 2.24M 9s
116050K .......... .......... .......... .......... .......... 47%  117M 9s
116100K .......... .......... .......... .......... .......... 47%  117M 9s
116150K .......... .......... .......... .......... .......... 47%  117M 9s
116200K .......... .......... .......... .......... .......... 47%  115M 9s
116250K .......... .......... .......... .......... .......... 48%  117M 9s
116300K .......... .......... .......... .......... .......... 48%  117M 9s
116350K .......... .......... .......... .......... .......... 48%  117M 9s
116400K .......... .......... .......... .......... .......... 48% 88.7M 9s
116450K .......... .......... .......... .......... .......... 48%  117M 9s
116500K .......... .......... .......... .......... .......... 48%  117M 9s
116550K .......... .......... .......... .......... .......... 48%  117M 9s
116600K .......... .......... .......... .......... .......... 48%  115M 9s
116650K .......... .......... .......... .......... .......... 48%  117M 9s
116700K .......... .......... .......... .......... .......... 48%  117M 9s
116750K .......... .......... .......... .......... .......... 48%  117M 9s
116800K .......... .......... .......... .......... .......... 48% 88.9M 9s
116850K .......... .......... .......... .......... .......... 48%  117M 9s
116900K .......... .......... .......... .......... .......... 48%  117M 9s
116950K .......... .......... .......... .......... .......... 48%  117M 9s
117000K .......... .......... .......... .......... .......... 48%  115M 9s
117050K .......... .......... .......... .......... .......... 48%  118M 9s
117100K .......... .......... .......... .......... .......... 48%  116M 9s
117150K .......... .......... .......... .......... .......... 48%  114M 9s
117200K .......... .......... .......... .......... .......... 48% 88.5M 9s
117250K .......... .......... .......... .......... .......... 48%  117M 9s
117300K .......... .......... .......... .......... .......... 48%  117M 9s
117350K .......... .......... .......... .......... .......... 48%  117M 9s
117400K .......... .......... .......... .......... .......... 48%  115M 9s
117450K .......... .......... .......... .......... .......... 48%  115M 9s
117500K .......... .......... .......... .......... .......... 48%  118M 9s
117550K .......... .......... .......... .......... .......... 48%  118M 9s
117600K .......... .......... .......... .......... .......... 48% 88.7M 9s
117650K .......... .......... .......... .......... .......... 48%  117M 9s
117700K .......... .......... .......... .......... .......... 48%  117M 9s
117750K .......... .......... .......... .......... .......... 48%  117M 9s
117800K .......... .......... .......... .......... .......... 48%  116M 9s
117850K .......... .......... .......... .......... .......... 48%  117M 9s
117900K .......... .......... .......... .......... .......... 48% 69.6M 9s
117950K .......... .......... .......... .......... .......... 48%  117M 9s
 97500K .......... .......... .......... .......... .......... 40% 2.77M 13s
118000K .......... .......... .......... .......... .......... 48%  586K 9s
118050K .......... .......... .......... .......... .......... 48% 26.3M 9s
118100K .......... .......... .......... .......... .......... 48% 6.80M 9s
118150K .......... .......... .......... .......... .......... 48% 2.63M 9s
118200K .......... .......... .......... .......... .......... 48% 4.17M 9s
118250K .......... .......... .......... .......... .......... 48% 12.9M 9s
118300K .......... .......... .......... .......... .......... 48% 4.24M 9s
118350K .......... .......... .......... .......... .......... 48%  116M 9s
118400K .......... .......... .......... .......... .......... 48% 89.7M 9s
118450K .......... .......... .......... .......... .......... 48%  117M 9s
118500K .......... .......... .......... .......... .......... 48%  116M 9s
118550K .......... .......... .......... .......... .......... 48%  117M 9s
118600K .......... .......... .......... .......... .......... 48%  114M 9s
118650K .......... .......... .......... .......... .......... 48%  117M 9s
118700K .......... .......... .......... .......... .......... 49%  117M 9s
118750K .......... .......... .......... .......... .......... 49%  117M 9s
118800K .......... .......... .......... .......... .......... 49% 88.0M 9s
118850K .......... .......... .......... .......... .......... 49%  117M 9s
118900K .......... .......... .......... .......... .......... 49%  116M 9s
118950K .......... .......... .......... .......... .......... 49%  117M 9s
119000K .......... .......... .......... .......... .......... 49%  114M 9s
 97550K .......... .......... .......... .......... .......... 40%  342K 13s
 97600K .......... .......... .......... .......... .......... 40%  134M 13s
 97650K .......... .......... .......... .......... .......... 40%  117M 13s
 97700K .......... .......... .......... .......... .......... 40%  117M 13s
 97750K .......... .......... .......... .......... .......... 40%  117M 13s
 97800K .......... .......... .......... .......... .......... 40%  115M 13s
 97850K .......... .......... .......... .......... .......... 40%  117M 13s
 97900K .......... .......... .......... .......... .......... 40%  117M 13s
 97950K .......... .......... .......... .......... .......... 40%  117M 13s
 98000K .......... .......... .......... .......... .......... 40% 87.0M 13s
 98050K .......... .......... .......... .......... .......... 40%  117M 13s
 98100K .......... .......... .......... .......... .......... 40%  117M 13s
 98150K .......... .......... .......... .......... .......... 40% 70.9M 13s
 98200K .......... .......... .......... .......... .......... 40%  115M 13s
 98250K .......... .......... .......... .......... .......... 40%  117M 13s
 98300K .......... .......... .......... .......... .......... 40%  117M 13s
 98350K .......... .......... .......... .......... .......... 40%  117M 13s
 98400K .......... .......... .......... .......... .......... 40% 88.8M 13s
 98450K .......... .......... .......... .......... .......... 40%  116M 13s
 98500K .......... .......... .......... .......... .......... 40%  117M 13s
 98550K .......... .......... .......... .......... .......... 40%  117M 13s
 98600K .......... .......... .......... .......... .......... 40%  115M 13s
 98650K .......... .......... .......... .......... .......... 40%  117M 13s
 98700K .......... .......... .......... .......... .......... 40%  116M 13s
 98750K .......... .......... .......... .......... .......... 40%  117M 13s
 98800K .......... .......... .......... .......... .......... 40% 89.0M 13s
 98850K .......... .......... .......... .......... .......... 40%  117M 13s
 98900K .......... .......... .......... .......... .......... 40%  117M 13s
 98950K .......... .......... .......... .......... .......... 40%  117M 13s
 99000K .......... .......... .......... .......... .......... 40%  115M 13s
 99050K .......... .......... .......... .......... .......... 40%  117M 13s
 99100K .......... .......... .......... .......... .......... 40%  117M 13s
 99150K .......... .......... .......... .......... .......... 40%  117M 13s
 99200K .......... .......... .......... .......... .......... 40% 87.0M 13s
 99250K .......... .......... .......... .......... .......... 40%  117M 13s
 99300K .......... .......... .......... .......... .......... 41%  117M 13s
 99350K .......... .......... .......... .......... .......... 41%  117M 13s
 99400K .......... .......... .......... .......... .......... 41%  116M 13s
 99450K .......... .......... .......... .......... .......... 41%  116M 13s
 99500K .......... .......... .......... .......... .......... 41%  116M 13s
 99550K .......... .......... .......... .......... .......... 41%  117M 12s
 99600K .......... .......... .......... .......... .......... 41% 88.9M 12s
 99650K .......... .......... .......... .......... .......... 41%  117M 12s
 99700K .......... .......... .......... .......... .......... 41%  117M 12s
 99750K .......... .......... .......... .......... .......... 41%  117M 12s
 99800K .......... .......... .......... .......... .......... 41%  115M 12s
 99850K .......... .......... .......... .......... .......... 41%  116M 12s
 99900K .......... .......... .......... .......... .......... 41%  117M 12s
 99950K .......... .......... .......... .......... .......... 41%  117M 12s
119050K .......... .......... .......... .......... .......... 49% 2.25M 9s
119100K .......... .......... .......... .......... .......... 49%  121M 9s
119150K .......... .......... .......... .......... .......... 49%  114M 9s
119200K .......... .......... .......... .......... .......... 49% 89.8M 9s
119250K .......... .......... .......... .......... .......... 49%  117M 9s
119300K .......... .......... .......... .......... .......... 49%  117M 9s
119350K .......... .......... .......... .......... .......... 49%  116M 9s
119400K .......... .......... .......... .......... .......... 49%  114M 9s
119450K .......... .......... .......... .......... .......... 49%  117M 9s
119500K .......... .......... .......... .......... .......... 49%  117M 9s
119550K .......... .......... .......... .......... .......... 49%  116M 9s
119600K .......... .......... .......... .......... .......... 49% 90.2M 9s
119650K .......... .......... .......... .......... .......... 49%  116M 9s
119700K .......... .......... .......... .......... .......... 49%  117M 9s
119750K .......... .......... .......... .......... .......... 49%  116M 9s
119800K .......... .......... .......... .......... .......... 49%  111M 9s
119850K .......... .......... .......... .......... .......... 49%  123M 9s
119900K .......... .......... .......... .......... .......... 49%  117M 9s
119950K .......... .......... .......... .......... .......... 49%  117M 9s
120000K .......... .......... .......... .......... .......... 49% 87.0M 9s
120050K .......... .......... .......... .......... .......... 49%  117M 9s
120100K .......... .......... .......... .......... .......... 49%  116M 9s
120150K .......... .......... .......... .......... .......... 49%  117M 9s
120200K .......... .......... .......... .......... .......... 49%  115M 9s
120250K .......... .......... .......... .......... .......... 49%  117M 9s
120300K .......... .......... .......... .......... .......... 49%  117M 9s
120350K .......... .......... .......... .......... .......... 49%  117M 9s
120400K .......... .......... .......... .......... .......... 49% 89.8M 9s
120450K .......... .......... .......... .......... .......... 49%  117M 9s
120500K .......... .......... .......... .......... .......... 49%  117M 9s
120550K .......... .......... .......... .......... .......... 49%  117M 9s
120600K .......... .......... .......... .......... .......... 49%  114M 9s
120650K .......... .......... .......... .......... .......... 49%  117M 9s
120700K .......... .......... .......... .......... .......... 49%  117M 9s
120750K .......... .......... .......... .......... .......... 49%  117M 9s
120800K .......... .......... .......... .......... .......... 49% 89.6M 9s
120850K .......... .......... .......... .......... .......... 49%  117M 9s
120900K .......... .......... .......... .......... .......... 49%  117M 9s
120950K .......... .......... .......... .......... .......... 49% 72.2M 9s
121000K .......... .......... .......... .......... .......... 49%  114M 9s
100000K .......... .......... .......... .......... .......... 41% 2.75M 12s
121050K .......... .......... .......... .......... .......... 49%  614K 9s
121100K .......... .......... .......... .......... .......... 50% 25.9M 9s
121150K .......... .......... .......... .......... .......... 50% 6.67M 9s
121200K .......... .......... .......... .......... .......... 50% 2.54M 9s
121250K .......... .......... .......... .......... .......... 50% 4.48M 9s
121300K .......... .......... .......... .......... .......... 50% 2.59M 9s
121350K .......... .......... .......... .......... .......... 50%  192M 9s
121400K .......... .......... .......... .......... .......... 50%  116M 9s
121450K .......... .......... .......... .......... .......... 50%  117M 9s
121500K .......... .......... .......... .......... .......... 50%  118M 9s
121550K .......... .......... .......... .......... .......... 50%  117M 9s
121600K .......... .......... .......... .......... .......... 50% 86.8M 9s
121650K .......... .......... .......... .......... .......... 50%  117M 9s
121700K .......... .......... .......... .......... .......... 50%  117M 9s
121750K .......... .......... .......... .......... .......... 50%  117M 9s
121800K .......... .......... .......... .......... .......... 50%  115M 9s
121850K .......... .......... .......... .......... .......... 50%  116M 9s
121900K .......... .......... .......... .......... .......... 50%  117M 9s
121950K .......... .......... .......... .......... .......... 50%  117M 9s
122000K .......... .......... .......... .......... .......... 50% 89.8M 9s
100050K .......... .......... .......... .......... .......... 41%  342K 13s
100100K .......... .......... .......... .......... .......... 41%  206M 13s
100150K .......... .......... .......... .......... .......... 41%  121M 13s
100200K .......... .......... .......... .......... .......... 41%  125M 13s
100250K .......... .......... .......... .......... .......... 41%  117M 13s
100300K .......... .......... .......... .......... .......... 41%  117M 13s
100350K .......... .......... .......... .......... .......... 41%  117M 13s
100400K .......... .......... .......... .......... .......... 41% 87.0M 13s
100450K .......... .......... .......... .......... .......... 41%  117M 13s
100500K .......... .......... .......... .......... .......... 41%  117M 13s
100550K .......... .......... .......... .......... .......... 41%  117M 13s
100600K .......... .......... .......... .......... .......... 41%  115M 13s
122050K .......... .......... .......... .......... .......... 50% 8.92M 9s
100650K .......... .......... .......... .......... .......... 41% 70.8M 13s
100700K .......... .......... .......... .......... .......... 41%  117M 12s
100750K .......... .......... .......... .......... .......... 41%  117M 12s
100800K .......... .......... .......... .......... .......... 41% 88.8M 12s
100850K .......... .......... .......... .......... .......... 41%  117M 12s
100900K .......... .......... .......... .......... .......... 41%  117M 12s
100950K .......... .......... .......... .......... .......... 41%  117M 12s
101000K .......... .......... .......... .......... .......... 41%  115M 12s
101050K .......... .......... .......... .......... .......... 41%  117M 12s
101100K .......... .......... .......... .......... .......... 41%  116M 12s
101150K .......... .......... .......... .......... .......... 41%  117M 12s
101200K .......... .......... .......... .......... .......... 41% 89.1M 12s
101250K .......... .......... .......... .......... .......... 41%  113M 12s
101300K .......... .......... .......... .......... .......... 41%  117M 12s
101350K .......... .......... .......... .......... .......... 41%  117M 12s
101400K .......... .......... .......... .......... .......... 41%  115M 12s
101450K .......... .......... .......... .......... .......... 41%  117M 12s
101500K .......... .......... .......... .......... .......... 41%  117M 12s
101550K .......... .......... .......... .......... .......... 41%  115M 12s
101600K .......... .......... .......... .......... .......... 41% 90.1M 12s
101650K .......... .......... .......... .......... .......... 41%  117M 12s
101700K .......... .......... .......... .......... .......... 41%  117M 12s
101750K .......... .......... .......... .......... .......... 42%  117M 12s
101800K .......... .......... .......... .......... .......... 42%  114M 12s
101850K .......... .......... .......... .......... .......... 42%  118M 12s
101900K .......... .......... .......... .......... .......... 42%  117M 12s
101950K .......... .......... .......... .......... .......... 42%  117M 12s
102000K .......... .......... .......... .......... .......... 42% 89.0M 12s
102050K .......... .......... .......... .......... .......... 42%  117M 12s
102100K .......... .......... .......... .......... .......... 42%  117M 12s
102150K .......... .......... .......... .......... .......... 42%  117M 12s
102200K .......... .......... .......... .......... .......... 42%  114M 12s
102250K .......... .......... .......... .......... .......... 42%  117M 12s
102300K .......... .......... .......... .......... .......... 42%  117M 12s
102350K .......... .......... .......... .......... .......... 42%  117M 12s
102400K .......... .......... .......... .......... .......... 42% 86.9M 12s
102450K .......... .......... .......... .......... .......... 42%  117M 12s
122100K .......... .......... .......... .......... .......... 50% 2.96M 9s
122150K .......... .......... .......... .......... .......... 50%  116M 9s
122200K .......... .......... .......... .......... .......... 50%  115M 9s
122250K .......... .......... .......... .......... .......... 50%  117M 9s
122300K .......... .......... .......... .......... .......... 50%  117M 9s
122350K .......... .......... .......... .......... .......... 50%  118M 9s
122400K .......... .......... .......... .......... .......... 50% 89.0M 9s
122450K .......... .......... .......... .......... .......... 50%  117M 9s
122500K .......... .......... .......... .......... .......... 50%  117M 9s
122550K .......... .......... .......... .......... .......... 50%  117M 9s
122600K .......... .......... .......... .......... .......... 50%  113M 9s
122650K .......... .......... .......... .......... .......... 50%  117M 9s
122700K .......... .......... .......... .......... .......... 50%  117M 9s
122750K .......... .......... .......... .......... .......... 50%  115M 9s
122800K .......... .......... .......... .......... .......... 50% 88.3M 9s
122850K .......... .......... .......... .......... .......... 50% 85.4M 9s
122900K .......... .......... .......... .......... .......... 50%  117M 9s
122950K .......... .......... .......... .......... .......... 50%  117M 9s
123000K .......... .......... .......... .......... .......... 50%  115M 9s
123050K .......... .......... .......... .......... .......... 50%  117M 9s
123100K .......... .......... .......... .......... .......... 50%  113M 9s
123150K .......... .......... .......... .......... .......... 50%  120M 9s
123200K .......... .......... .......... .......... .......... 50% 89.9M 9s
123250K .......... .......... .......... .......... .......... 50%  117M 9s
123300K .......... .......... .......... .......... .......... 50%  117M 9s
123350K .......... .......... .......... .......... .......... 50%  116M 9s
123400K .......... .......... .......... .......... .......... 50%  114M 9s
123450K .......... .......... .......... .......... .......... 50%  117M 9s
123500K .......... .......... .......... .......... .......... 50%  117M 9s
123550K .......... .......... .......... .......... .......... 51%  118M 9s
123600K .......... .......... .......... .......... .......... 51% 88.5M 9s
123650K .......... .......... .......... .......... .......... 51%  117M 9s
123700K .......... .......... .......... .......... .......... 51%  117M 9s
123750K .......... .......... .......... .......... .......... 51%  117M 9s
123800K .......... .......... .......... .......... .......... 51%  114M 9s
123850K .......... .......... .......... .......... .......... 51%  116M 9s
123900K .......... .......... .......... .......... .......... 51%  118M 9s
123950K .......... .......... .......... .......... .......... 51%  117M 9s
102500K .......... .......... .......... .......... .......... 42% 2.88M 12s
124000K .......... .......... .......... .......... .......... 51% 54.9M 9s
124050K .......... .......... .......... .......... .......... 51%  117M 9s
102550K .......... .......... .......... .......... .......... 42% 1.24M 12s
124100K .......... .......... .......... .......... .......... 51%  642K 9s
124150K .......... .......... .......... .......... .......... 51% 26.1M 9s
124200K .......... .......... .......... .......... .......... 51% 6.71M 9s
124250K .......... .......... .......... .......... .......... 51% 6.84M 9s
124300K .......... .......... .......... .......... .......... 51% 3.82M 9s
124350K .......... .......... .......... .......... .......... 51% 4.44M 9s
124400K .......... .......... .......... .......... .......... 51% 2.24M 9s
124450K .......... .......... .......... .......... .......... 51%  116M 9s
124500K .......... .......... .......... .......... .......... 51%  117M 9s
124550K .......... .......... .......... .......... .......... 51%  117M 9s
124600K .......... .......... .......... .......... .......... 51%  116M 9s
124650K .......... .......... .......... .......... .......... 51%  117M 9s
124700K .......... .......... .......... .......... .......... 51%  117M 9s
124750K .......... .......... .......... .......... .......... 51%  117M 9s
124800K .......... .......... .......... .......... .......... 51% 88.7M 9s
124850K .......... .......... .......... .......... .......... 51%  111M 9s
124900K .......... .......... .......... .......... .......... 51%  119M 9s
124950K .......... .......... .......... .......... .......... 51%  117M 9s
125000K .......... .......... .......... .......... .......... 51%  115M 9s
125050K .......... .......... .......... .......... .......... 51%  117M 9s
125100K .......... .......... .......... .......... .......... 51%  113M 9s
102600K .......... .......... .......... .......... .......... 42%  464K 12s
102650K .......... .......... .......... .......... .......... 42%  118M 12s
102700K .......... .......... .......... .......... .......... 42%  166M 12s
102750K .......... .......... .......... .......... .......... 42%  116M 12s
102800K .......... .......... .......... .......... .......... 42% 89.0M 12s
102850K .......... .......... .......... .......... .......... 42%  117M 12s
102900K .......... .......... .......... .......... .......... 42%  117M 12s
102950K .......... .......... .......... .......... .......... 42%  117M 12s
103000K .......... .......... .......... .......... .......... 42%  115M 12s
103050K .......... .......... .......... .......... .......... 42%  117M 12s
103100K .......... .......... .......... .......... .......... 42%  117M 12s
103150K .......... .......... .......... .......... .......... 42%  117M 12s
103200K .......... .......... .......... .......... .......... 42% 59.6M 12s
103250K .......... .......... .......... .......... .......... 42%  117M 12s
103300K .......... .......... .......... .......... .......... 42%  117M 12s
103350K .......... .......... .......... .......... .......... 42%  117M 12s
103400K .......... .......... .......... .......... .......... 42%  115M 12s
103450K .......... .......... .......... .......... .......... 42%  117M 12s
103500K .......... .......... .......... .......... .......... 42%  117M 12s
103550K .......... .......... .......... .......... .......... 42%  117M 12s
103600K .......... .......... .......... .......... .......... 42% 86.9M 12s
103650K .......... .......... .......... .......... .......... 42%  117M 12s
103700K .......... .......... .......... .......... .......... 42%  117M 12s
103750K .......... .......... .......... .......... .......... 42%  117M 12s
103800K .......... .......... .......... .......... .......... 42%  115M 12s
103850K .......... .......... .......... .......... .......... 42%  117M 12s
103900K .......... .......... .......... .......... .......... 42%  117M 12s
103950K .......... .......... .......... .......... .......... 42%  117M 12s
104000K .......... .......... .......... .......... .......... 42% 89.1M 12s
104050K .......... .......... .......... .......... .......... 42%  117M 12s
104100K .......... .......... .......... .......... .......... 42%  117M 12s
104150K .......... .......... .......... .......... .......... 43%  117M 12s
104200K .......... .......... .......... .......... .......... 43%  115M 12s
104250K .......... .......... .......... .......... .......... 43%  117M 12s
104300K .......... .......... .......... .......... .......... 43%  117M 12s
104350K .......... .......... .......... .......... .......... 43%  117M 12s
104400K .......... .......... .......... .......... .......... 43% 88.8M 12s
104450K .......... .......... .......... .......... .......... 43%  117M 12s
104500K .......... .......... .......... .......... .......... 43%  117M 12s
104550K .......... .......... .......... .......... .......... 43%  114M 12s
104600K .......... .......... .......... .......... .......... 43%  115M 12s
104650K .......... .......... .......... .......... .......... 43%  117M 12s
104700K .......... .......... .......... .......... .......... 43%  117M 12s
104750K .......... .......... .......... .......... .......... 43%  116M 12s
104800K .......... .......... .......... .......... .......... 43% 89.5M 12s
104850K .......... .......... .......... .......... .......... 43%  117M 12s
104900K .......... .......... .......... .......... .......... 43%  117M 12s
104950K .......... .......... .......... .......... .......... 43%  117M 12s
125150K .......... .......... .......... .......... .......... 51% 2.28M 9s
125200K .......... .......... .......... .......... .......... 51% 89.4M 9s
125250K .......... .......... .......... .......... .......... 51%  117M 9s
125300K .......... .......... .......... .......... .......... 51%  117M 8s
125350K .......... .......... .......... .......... .......... 51%  117M 8s
125400K .......... .......... .......... .......... .......... 51%  115M 8s
125450K .......... .......... .......... .......... .......... 51%  117M 8s
125500K .......... .......... .......... .......... .......... 51%  117M 8s
125550K .......... .......... .......... .......... .......... 51%  117M 8s
125600K .......... .......... .......... .......... .......... 51% 89.0M 8s
125650K .......... .......... .......... .......... .......... 51%  117M 8s
125700K .......... .......... .......... .......... .......... 51%  117M 8s
125750K .......... .......... .......... .......... .......... 51%  117M 8s
125800K .......... .......... .......... .......... .......... 51%  115M 8s
125850K .......... .......... .......... .......... .......... 51%  114M 8s
125900K .......... .......... .......... .......... .......... 51%  119M 8s
125950K .......... .......... .......... .......... .......... 52% 74.0M 8s
126000K .......... .......... .......... .......... .......... 52% 87.1M 8s
126050K .......... .......... .......... .......... .......... 52%  117M 8s
126100K .......... .......... .......... .......... .......... 52%  117M 8s
126150K .......... .......... .......... .......... .......... 52%  116M 8s
126200K .......... .......... .......... .......... .......... 52%  115M 8s
126250K .......... .......... .......... .......... .......... 52%  117M 8s
126300K .......... .......... .......... .......... .......... 52%  117M 8s
126350K .......... .......... .......... .......... .......... 52%  117M 8s
126400K .......... .......... .......... .......... .......... 52% 89.7M 8s
126450K .......... .......... .......... .......... .......... 52%  117M 8s
126500K .......... .......... .......... .......... .......... 52%  116M 8s
126550K .......... .......... .......... .......... .......... 52%  117M 8s
126600K .......... .......... .......... .......... .......... 52%  115M 8s
126650K .......... .......... .......... .......... .......... 52%  117M 8s
126700K .......... .......... .......... .......... .......... 52%  117M 8s
126750K .......... .......... .......... .......... .......... 52%  117M 8s
126800K .......... .......... .......... .......... .......... 52% 89.2M 8s
126850K .......... .......... .......... .......... .......... 52%  116M 8s
126900K .......... .......... .......... .......... .......... 52%  118M 8s
126950K .......... .......... .......... .......... .......... 52%  117M 8s
127000K .......... .......... .......... .......... .......... 52%  115M 8s
105000K .......... .......... .......... .......... .......... 43% 2.86M 12s
127050K .......... .......... .......... .......... .......... 52% 62.0M 8s
127100K .......... .......... .......... .......... .......... 52%  115M 8s
105050K .......... .......... .......... .......... .......... 43% 41.5M 12s
105100K .......... .......... .......... .......... .......... 43%  780K 12s
127150K .......... .......... .......... .......... .......... 52%  671K 8s
127200K .......... .......... .......... .......... .......... 52% 24.8M 8s
127250K .......... .......... .......... .......... .......... 52% 6.91M 8s
127300K .......... .......... .......... .......... .......... 52% 6.92M 8s
127350K .......... .......... .......... .......... .......... 52% 3.81M 8s
127400K .......... .......... .......... .......... .......... 52% 4.40M 8s
127450K .......... .......... .......... .......... .......... 52% 1.93M 8s
127500K .......... .......... .......... .......... .......... 52%  120M 8s
127550K .......... .......... .......... .......... .......... 52%  116M 8s
127600K .......... .......... .......... .......... .......... 52% 89.7M 8s
127650K .......... .......... .......... .......... .......... 52%  117M 8s
127700K .......... .......... .......... .......... .......... 52%  116M 8s
127750K .......... .......... .......... .......... .......... 52%  117M 8s
127800K .......... .......... .......... .......... .......... 52%  115M 8s
127850K .......... .......... .......... .......... .......... 52%  116M 8s
127900K .......... .......... .......... .......... .......... 52%  119M 8s
127950K .......... .......... .......... .......... .......... 52%  117M 8s
128000K .......... .......... .......... .......... .......... 52% 88.8M 8s
128050K .......... .......... .......... .......... .......... 52%  117M 8s
128100K .......... .......... .......... .......... .......... 52%  117M 8s
128150K .......... .......... .......... .......... .......... 52%  114M 8s
105150K .......... .......... .......... .......... .......... 43%  608K 12s
105200K .......... .......... .......... .......... .......... 43%  112M 12s
105250K .......... .......... .......... .......... .......... 43%  118M 12s
105300K .......... .......... .......... .......... .......... 43%  117M 12s
105350K .......... .......... .......... .......... .......... 43%  117M 12s
105400K .......... .......... .......... .......... .......... 43%  115M 12s
105450K .......... .......... .......... .......... .......... 43%  117M 12s
105500K .......... .......... .......... .......... .......... 43%  116M 12s
105550K .......... .......... .......... .......... .......... 43%  117M 12s
105600K .......... .......... .......... .......... .......... 43% 87.0M 12s
105650K .......... .......... .......... .......... .......... 43%  117M 12s
105700K .......... .......... .......... .......... .......... 43% 90.7M 12s
105750K .......... .......... .......... .......... .......... 43%  117M 12s
105800K .......... .......... .......... .......... .......... 43%  115M 12s
105850K .......... .......... .......... .......... .......... 43%  117M 12s
105900K .......... .......... .......... .......... .......... 43%  117M 12s
105950K .......... .......... .......... .......... .......... 43%  117M 12s
106000K .......... .......... .......... .......... .......... 43% 88.8M 12s
106050K .......... .......... .......... .......... .......... 43%  117M 12s
106100K .......... .......... .......... .......... .......... 43%  117M 12s
106150K .......... .......... .......... .......... .......... 43%  117M 12s
106200K .......... .......... .......... .......... .......... 43%  115M 12s
106250K .......... .......... .......... .......... .......... 43%  117M 12s
106300K .......... .......... .......... .......... .......... 43%  117M 12s
106350K .......... .......... .......... .......... .......... 43%  117M 12s
106400K .......... .......... .......... .......... .......... 43% 88.8M 12s
106450K .......... .......... .......... .......... .......... 43%  117M 12s
106500K .......... .......... .......... .......... .......... 43%  117M 12s
106550K .......... .......... .......... .......... .......... 43%  117M 12s
106600K .......... .......... .......... .......... .......... 44%  115M 12s
106650K .......... .......... .......... .......... .......... 44%  117M 12s
106700K .......... .......... .......... .......... .......... 44%  117M 12s
106750K .......... .......... .......... .......... .......... 44%  117M 12s
106800K .......... .......... .......... .......... .......... 44% 87.1M 12s
106850K .......... .......... .......... .......... .......... 44%  117M 12s
106900K .......... .......... .......... .......... .......... 44%  117M 12s
106950K .......... .......... .......... .......... .......... 44%  117M 12s
107000K .......... .......... .......... .......... .......... 44%  115M 12s
107050K .......... .......... .......... .......... .......... 44%  117M 12s
107100K .......... .......... .......... .......... .......... 44%  115M 12s
107150K .......... .......... .......... .......... .......... 44%  118M 12s
107200K .......... .......... .......... .......... .......... 44% 88.9M 12s
107250K .......... .......... .......... .......... .......... 44%  117M 12s
107300K .......... .......... .......... .......... .......... 44%  117M 12s
107350K .......... .......... .......... .......... .......... 44%  117M 12s
107400K .......... .......... .......... .......... .......... 44%  115M 12s
107450K .......... .......... .......... .......... .......... 44%  117M 12s
107500K .......... .......... .......... .......... .......... 44%  117M 12s
128200K .......... .......... .......... .......... .......... 52% 2.27M 8s
128250K .......... .......... .......... .......... .......... 52%  116M 8s
128300K .......... .......... .......... .......... .......... 52%  117M 8s
128350K .......... .......... .......... .......... .......... 52%  117M 8s
128400K .......... .......... .......... .......... .......... 53% 89.5M 8s
128450K .......... .......... .......... .......... .......... 53%  117M 8s
128500K .......... .......... .......... .......... .......... 53%  117M 8s
128550K .......... .......... .......... .......... .......... 53%  117M 8s
128600K .......... .......... .......... .......... .......... 53%  114M 8s
128650K .......... .......... .......... .......... .......... 53%  118M 8s
128700K .......... .......... .......... .......... .......... 53%  117M 8s
128750K .......... .......... .......... .......... .......... 53%  117M 8s
128800K .......... .......... .......... .......... .......... 53% 88.8M 8s
128850K .......... .......... .......... .......... .......... 53%  117M 8s
128900K .......... .......... .......... .......... .......... 53%  117M 8s
128950K .......... .......... .......... .......... .......... 53%  117M 8s
129000K .......... .......... .......... .......... .......... 53% 79.0M 8s
129050K .......... .......... .......... .......... .......... 53%  118M 8s
129100K .......... .......... .......... .......... .......... 53%  117M 8s
129150K .......... .......... .......... .......... .......... 53%  117M 8s
129200K .......... .......... .......... .......... .......... 53% 87.0M 8s
129250K .......... .......... .......... .......... .......... 53%  116M 8s
129300K .......... .......... .......... .......... .......... 53%  117M 8s
129350K .......... .......... .......... .......... .......... 53%  117M 8s
129400K .......... .......... .......... .......... .......... 53%  116M 8s
129450K .......... .......... .......... .......... .......... 53%  116M 8s
129500K .......... .......... .......... .......... .......... 53%  117M 8s
129550K .......... .......... .......... .......... .......... 53%  117M 8s
129600K .......... .......... .......... .......... .......... 53% 89.8M 8s
129650K .......... .......... .......... .......... .......... 53%  117M 8s
129700K .......... .......... .......... .......... .......... 53%  117M 8s
129750K .......... .......... .......... .......... .......... 53%  117M 8s
129800K .......... .......... .......... .......... .......... 53%  113M 8s
129850K .......... .......... .......... .......... .......... 53%  118M 8s
129900K .......... .......... .......... .......... .......... 53%  117M 8s
129950K .......... .......... .......... .......... .......... 53%  117M 8s
130000K .......... .......... .......... .......... .......... 53% 89.6M 8s
130050K .......... .......... .......... .......... .......... 53%  117M 8s
130100K .......... .......... .......... .......... .......... 53% 65.1M 8s
130150K .......... .......... .......... .......... .......... 53%  117M 8s
107550K .......... .......... .......... .......... .......... 44% 2.85M 12s
107600K .......... .......... .......... .......... .......... 44%  813K 12s
130200K .......... .......... .......... .......... .......... 53%  705K 8s
130250K .......... .......... .......... .......... .......... 53% 5.52M 8s
130300K .......... .......... .......... .......... .......... 53%  178M 8s
130350K .......... .......... .......... .......... .......... 53% 2.61M 8s
130400K .......... .......... .......... .......... .......... 53% 17.7M 8s
130450K .......... .......... .......... .......... .......... 53% 5.22M 8s
130500K .......... .......... .......... .......... .......... 53% 1.91M 8s
130550K .......... .......... .......... .......... .......... 53% 12.5M 8s
130600K .......... .......... .......... .......... .......... 53%  114M 8s
130650K .......... .......... .......... .......... .......... 53%  115M 8s
130700K .......... .......... .......... .......... .......... 53%  117M 8s
130750K .......... .......... .......... .......... .......... 53%  118M 8s
130800K .......... .......... .......... .......... .......... 54% 88.3M 8s
130850K .......... .......... .......... .......... .......... 54%  119M 8s
130900K .......... .......... .......... .......... .......... 54%  114M 8s
130950K .......... .......... .......... .......... .......... 54%  117M 8s
131000K .......... .......... .......... .......... .......... 54%  114M 8s
131050K .......... .......... .......... .......... .......... 54%  118M 8s
131100K .......... .......... .......... .......... .......... 54%  118M 8s
131150K .......... .......... .......... .......... .......... 54%  116M 8s
131200K .......... .......... .......... .......... .......... 54% 88.2M 8s
107650K .......... .......... .......... .......... .......... 44%  584K 12s
107700K .......... .......... .......... .......... .......... 44%  138M 12s
107750K .......... .......... .......... .......... .......... 44%  130M 12s
107800K .......... .......... .......... .......... .......... 44%  116M 12s
107850K .......... .......... .......... .......... .......... 44%  112M 12s
107900K .......... .......... .......... .......... .......... 44%  119M 12s
107950K .......... .......... .......... .......... .......... 44%  117M 12s
108000K .......... .......... .......... .......... .......... 44% 89.1M 12s
108050K .......... .......... .......... .......... .......... 44%  117M 12s
108100K .......... .......... .......... .......... .......... 44%  117M 12s
108150K .......... .......... .......... .......... .......... 44%  117M 12s
108200K .......... .......... .......... .......... .......... 44% 89.5M 12s
108250K .......... .......... .......... .......... .......... 44%  123M 12s
108300K .......... .......... .......... .......... .......... 44%  117M 12s
108350K .......... .......... .......... .......... .......... 44%  117M 12s
108400K .......... .......... .......... .......... .......... 44% 88.9M 12s
108450K .......... .......... .......... .......... .......... 44%  117M 12s
108500K .......... .......... .......... .......... .......... 44%  117M 12s
108550K .......... .......... .......... .......... .......... 44%  117M 12s
108600K .......... .......... .......... .......... .......... 44%  114M 12s
108650K .......... .......... .......... .......... .......... 44%  118M 12s
108700K .......... .......... .......... .......... .......... 44%  117M 12s
108750K .......... .......... .......... .......... .......... 44%  117M 12s
108800K .......... .......... .......... .......... .......... 44% 87.0M 12s
108850K .......... .......... .......... .......... .......... 44%  117M 12s
108900K .......... .......... .......... .......... .......... 44%  117M 12s
108950K .......... .......... .......... .......... .......... 44%  117M 12s
109000K .......... .......... .......... .......... .......... 45%  115M 12s
109050K .......... .......... .......... .......... .......... 45%  117M 12s
109100K .......... .......... .......... .......... .......... 45%  117M 12s
109150K .......... .......... .......... .......... .......... 45%  117M 12s
109200K .......... .......... .......... .......... .......... 45% 88.7M 12s
109250K .......... .......... .......... .......... .......... 45%  117M 12s
109300K .......... .......... .......... .......... .......... 45%  117M 11s
109350K .......... .......... .......... .......... .......... 45%  117M 11s
109400K .......... .......... .......... .......... .......... 45%  115M 11s
109450K .......... .......... .......... .......... .......... 45%  116M 11s
109500K .......... .......... .......... .......... .......... 45%  118M 11s
109550K .......... .......... .......... .......... .......... 45%  117M 11s
109600K .......... .......... .......... .......... .......... 45% 89.0M 11s
109650K .......... .......... .......... .......... .......... 45%  117M 11s
109700K .......... .......... .......... .......... .......... 45%  117M 11s
109750K .......... .......... .......... .......... .......... 45%  117M 11s
109800K .......... .......... .......... .......... .......... 45%  115M 11s
109850K .......... .......... .......... .......... .......... 45%  117M 11s
109900K .......... .......... .......... .......... .......... 45%  117M 11s
109950K .......... .......... .......... .......... .......... 45%  117M 11s
110000K .......... .......... .......... .......... .......... 45% 87.1M 11s
131250K .......... .......... .......... .......... .......... 54% 2.30M 8s
131300K .......... .......... .......... .......... .......... 54% 79.3M 8s
131350K .......... .......... .......... .......... .......... 54%  117M 8s
131400K .......... .......... .......... .......... .......... 54%  113M 8s
131450K .......... .......... .......... .......... .......... 54%  117M 8s
131500K .......... .......... .......... .......... .......... 54%  117M 8s
131550K .......... .......... .......... .......... .......... 54%  116M 8s
131600K .......... .......... .......... .......... .......... 54% 89.7M 8s
131650K .......... .......... .......... .......... .......... 54%  117M 8s
131700K .......... .......... .......... .......... .......... 54%  117M 8s
131750K .......... .......... .......... .......... .......... 54%  117M 8s
131800K .......... .......... .......... .......... .......... 54%  114M 8s
131850K .......... .......... .......... .......... .......... 54%  117M 8s
131900K .......... .......... .......... .......... .......... 54%  115M 8s
131950K .......... .......... .......... .......... .......... 54%  118M 8s
132000K .......... .......... .......... .......... .......... 54% 89.5M 8s
132050K .......... .......... .......... .......... .......... 54%  117M 8s
132100K .......... .......... .......... .......... .......... 54%  117M 8s
132150K .......... .......... .......... .......... .......... 54%  117M 8s
132200K .......... .......... .......... .......... .......... 54% 70.2M 8s
132250K .......... .......... .......... .......... .......... 54%  117M 8s
132300K .......... .......... .......... .......... .......... 54%  115M 8s
132350K .......... .......... .......... .......... .......... 54%  113M 8s
132400K .......... .......... .......... .......... .......... 54% 89.9M 8s
132450K .......... .......... .......... .......... .......... 54%  117M 8s
132500K .......... .......... .......... .......... .......... 54%  117M 8s
132550K .......... .......... .......... .......... .......... 54%  116M 8s
132600K .......... .......... .......... .......... .......... 54%  114M 8s
132650K .......... .......... .......... .......... .......... 54%  118M 8s
132700K .......... .......... .......... .......... .......... 54%  117M 8s
132750K .......... .......... .......... .......... .......... 54%  117M 8s
132800K .......... .......... .......... .......... .......... 54% 89.9M 8s
132850K .......... .......... .......... .......... .......... 54%  117M 8s
132900K .......... .......... .......... .......... .......... 54%  117M 8s
132950K .......... .......... .......... .......... .......... 54%  116M 8s
133000K .......... .......... .......... .......... .......... 54%  113M 8s
133050K .......... .......... .......... .......... .......... 54%  118M 8s
133100K .......... .......... .......... .......... .......... 54%  118M 8s
110050K .......... .......... .......... .......... .......... 45% 2.84M 11s
133150K .......... .......... .......... .......... .......... 54% 66.5M 8s
133200K .......... .......... .......... .......... .......... 54% 86.9M 8s
110100K .......... .......... .......... .......... .......... 45% 38.9M 11s
133250K .......... .......... .......... .......... .......... 55%  737K 8s
133300K .......... .......... .......... .......... .......... 55% 5.88M 8s
133350K .......... .......... .......... .......... .......... 55%  151M 8s
133400K .......... .......... .......... .......... .......... 55% 2.63M 8s
133450K .......... .......... .......... .......... .......... 55% 18.3M 8s
110150K .......... .......... .......... .......... .......... 45%  505K 11s
133500K .......... .......... .......... .......... .......... 55% 5.26M 8s
133550K .......... .......... .......... .......... .......... 55% 2.75M 8s
133600K .......... .......... .......... .......... .......... 55% 4.05M 8s
133650K .......... .......... .......... .......... .......... 55%  117M 8s
133700K .......... .......... .......... .......... .......... 55%  117M 8s
133750K .......... .......... .......... .......... .......... 55% 12.5M 8s
133800K .......... .......... .......... .......... .......... 55%  115M 8s
133850K .......... .......... .......... .......... .......... 55%  117M 8s
133900K .......... .......... .......... .......... .......... 55%  117M 8s
133950K .......... .......... .......... .......... .......... 55%  117M 8s
134000K .......... .......... .......... .......... .......... 55% 88.8M 8s
134050K .......... .......... .......... .......... .......... 55%  117M 8s
134100K .......... .......... .......... .......... .......... 55%  117M 8s
134150K .......... .......... .......... .......... .......... 55%  117M 8s
134200K .......... .......... .......... .......... .......... 55% 90.9M 8s
134250K .......... .......... .......... .......... .......... 55% 70.8M 8s
110200K .......... .......... .......... .......... .......... 45% 1.04M 12s
110250K .......... .......... .......... .......... .......... 45% 81.5M 12s
110300K .......... .......... .......... .......... .......... 45%  116M 12s
110350K .......... .......... .......... .......... .......... 45%  117M 12s
110400K .......... .......... .......... .......... .......... 45% 89.1M 11s
110450K .......... .......... .......... .......... .......... 45%  117M 11s
110500K .......... .......... .......... .......... .......... 45%  117M 11s
110550K .......... .......... .......... .......... .......... 45%  117M 11s
110600K .......... .......... .......... .......... .......... 45%  116M 11s
110650K .......... .......... .......... .......... .......... 45%  117M 11s
110700K .......... .......... .......... .......... .......... 45%  117M 11s
110750K .......... .......... .......... .......... .......... 45% 86.2M 11s
110800K .......... .......... .......... .......... .......... 45% 88.8M 11s
110850K .......... .......... .......... .......... .......... 45%  117M 11s
110900K .......... .......... .......... .......... .......... 45%  117M 11s
110950K .......... .......... .......... .......... .......... 45%  117M 11s
111000K .......... .......... .......... .......... .......... 45%  115M 11s
111050K .......... .......... .......... .......... .......... 45%  117M 11s
111100K .......... .......... .......... .......... .......... 45%  117M 11s
111150K .......... .......... .......... .......... .......... 45%  117M 11s
111200K .......... .......... .......... .......... .......... 45% 87.0M 11s
111250K .......... .......... .......... .......... .......... 45%  117M 11s
111300K .......... .......... .......... .......... .......... 45%  117M 11s
111350K .......... .......... .......... .......... .......... 45%  117M 11s
111400K .......... .......... .......... .......... .......... 45%  115M 11s
111450K .......... .......... .......... .......... .......... 46%  117M 11s
111500K .......... .......... .......... .......... .......... 46%  117M 11s
111550K .......... .......... .......... .......... .......... 46%  117M 11s
111600K .......... .......... .......... .......... .......... 46% 89.0M 11s
111650K .......... .......... .......... .......... .......... 46%  117M 11s
111700K .......... .......... .......... .......... .......... 46%  117M 11s
111750K .......... .......... .......... .......... .......... 46%  117M 11s
111800K .......... .......... .......... .......... .......... 46%  114M 11s
111850K .......... .......... .......... .......... .......... 46%  118M 11s
111900K .......... .......... .......... .......... .......... 46%  117M 11s
111950K .......... .......... .......... .......... .......... 46%  117M 11s
112000K .......... .......... .......... .......... .......... 46% 87.0M 11s
112050K .......... .......... .......... .......... .......... 46%  117M 11s
112100K .......... .......... .......... .......... .......... 46%  117M 11s
112150K .......... .......... .......... .......... .......... 46%  117M 11s
112200K .......... .......... .......... .......... .......... 46%  115M 11s
112250K .......... .......... .......... .......... .......... 46%  117M 11s
112300K .......... .......... .......... .......... .......... 46%  117M 11s
112350K .......... .......... .......... .......... .......... 46%  117M 11s
112400K .......... .......... .......... .......... .......... 46% 88.9M 11s
112450K .......... .......... .......... .......... .......... 46%  117M 11s
112500K .......... .......... .......... .......... .......... 46%  117M 11s
134300K .......... .......... .......... .......... .......... 55% 2.36M 8s
112550K .......... .......... .......... .......... .......... 46% 92.9M 11s
134350K .......... .......... .......... .......... .......... 55% 65.3M 8s
134400K .......... .......... .......... .......... .......... 55% 91.7M 8s
134450K .......... .......... .......... .......... .......... 55%  117M 8s
134500K .......... .......... .......... .......... .......... 55%  116M 8s
134550K .......... .......... .......... .......... .......... 55%  117M 8s
134600K .......... .......... .......... .......... .......... 55%  115M 8s
134650K .......... .......... .......... .......... .......... 55%  117M 8s
134700K .......... .......... .......... .......... .......... 55%  117M 8s
134750K .......... .......... .......... .......... .......... 55%  117M 8s
134800K .......... .......... .......... .......... .......... 55% 89.1M 8s
134850K .......... .......... .......... .......... .......... 55%  117M 8s
134900K .......... .......... .......... .......... .......... 55%  117M 8s
134950K .......... .......... .......... .......... .......... 55%  116M 8s
135000K .......... .......... .......... .......... .......... 55%  115M 8s
135050K .......... .......... .......... .......... .......... 55%  115M 8s
135100K .......... .......... .......... .......... .......... 55%  118M 8s
135150K .......... .......... .......... .......... .......... 55%  116M 8s
135200K .......... .......... .......... .......... .......... 55% 89.3M 8s
135250K .......... .......... .......... .......... .......... 55% 67.1M 8s
135300K .......... .......... .......... .......... .......... 55%  118M 8s
135350K .......... .......... .......... .......... .......... 55%  117M 8s
135400K .......... .......... .......... .......... .......... 55%  115M 8s
135450K .......... .......... .......... .......... .......... 55%  116M 8s
135500K .......... .......... .......... .......... .......... 55%  117M 8s
135550K .......... .......... .......... .......... .......... 55%  117M 8s
135600K .......... .......... .......... .......... .......... 55% 87.0M 8s
135650K .......... .......... .......... .......... .......... 56%  117M 8s
135700K .......... .......... .......... .......... .......... 56%  117M 8s
135750K .......... .......... .......... .......... .......... 56%  117M 8s
135800K .......... .......... .......... .......... .......... 56%  115M 8s
135850K .......... .......... .......... .......... .......... 56%  117M 8s
135900K .......... .......... .......... .......... .......... 56%  117M 8s
135950K .......... .......... .......... .......... .......... 56%  116M 8s
136000K .......... .......... .......... .......... .......... 56% 89.1M 8s
136050K .......... .......... .......... .......... .......... 56%  117M 8s
136100K .......... .......... .......... .......... .......... 56%  117M 8s
136150K .......... .......... .......... .......... .......... 56%  117M 8s
112600K .......... .......... .......... .......... .......... 46% 2.85M 11s
136200K .......... .......... .......... .......... .......... 56% 50.0M 8s
136250K .......... .......... .......... .......... .......... 56%  117M 8s
112650K .......... .......... .......... .......... .......... 46% 1.96M 11s
136300K .......... .......... .......... .......... .......... 56%  789K 8s
136350K .......... .......... .......... .......... .......... 56% 5.53M 8s
136400K .......... .......... .......... .......... .......... 56% 89.3M 8s
136450K .......... .......... .......... .......... .......... 56% 2.65M 8s
136500K .......... .......... .......... .......... .......... 56% 18.2M 8s
136550K .......... .......... .......... .......... .......... 56% 5.17M 8s
136600K .......... .......... .......... .......... .......... 56% 2.28M 8s
136650K .......... .......... .......... .......... .......... 56% 6.21M 8s
136700K .......... .......... .......... .......... .......... 56% 62.3M 8s
136750K .......... .......... .......... .......... .......... 56% 6.50M 8s
136800K .......... .......... .......... .......... .......... 56% 89.2M 8s
136850K .......... .......... .......... .......... .......... 56%  117M 8s
136900K .......... .......... .......... .......... .......... 56%  117M 8s
136950K .......... .......... .......... .......... .......... 56%  117M 8s
137000K .......... .......... .......... .......... .......... 56%  115M 8s
137050K .......... .......... .......... .......... .......... 56%  117M 8s
137100K .......... .......... .......... .......... .......... 56%  117M 8s
137150K .......... .......... .......... .......... .......... 56%  117M 8s
137200K .......... .......... .......... .......... .......... 56% 71.4M 8s
112700K .......... .......... .......... .......... .......... 46%  413K 11s
137250K .......... .......... .......... .......... .......... 56%  113M 8s
137300K .......... .......... .......... .......... .......... 56% 76.4M 8s
112750K .......... .......... .......... .......... .......... 46% 38.4M 11s
112800K .......... .......... .......... .......... .......... 46% 87.1M 11s
112850K .......... .......... .......... .......... .......... 46%  116M 11s
112900K .......... .......... .......... .......... .......... 46%  117M 11s
112950K .......... .......... .......... .......... .......... 46%  117M 11s
113000K .......... .......... .......... .......... .......... 46%  115M 11s
113050K .......... .......... .......... .......... .......... 46%  117M 11s
113100K .......... .......... .......... .......... .......... 46%  117M 11s
113150K .......... .......... .......... .......... .......... 46%  117M 11s
113200K .......... .......... .......... .......... .......... 46% 86.8M 11s
113250K .......... .......... .......... .......... .......... 46%  117M 11s
113300K .......... .......... .......... .......... .......... 46% 96.4M 11s
113350K .......... .......... .......... .......... .......... 46%  117M 11s
113400K .......... .......... .......... .......... .......... 46%  115M 11s
113450K .......... .......... .......... .......... .......... 46%  117M 11s
113500K .......... .......... .......... .......... .......... 46%  117M 11s
113550K .......... .......... .......... .......... .......... 46%  117M 11s
113600K .......... .......... .......... .......... .......... 46% 88.8M 11s
113650K .......... .......... .......... .......... .......... 46%  117M 11s
113700K .......... .......... .......... .......... .......... 46%  116M 11s
113750K .......... .......... .......... .......... .......... 46%  117M 11s
113800K .......... .......... .......... .......... .......... 46%  115M 11s
113850K .......... .......... .......... .......... .......... 47%  117M 11s
113900K .......... .......... .......... .......... .......... 47%  115M 11s
113950K .......... .......... .......... .......... .......... 47%  118M 11s
114000K .......... .......... .......... .......... .......... 47% 89.1M 11s
114050K .......... .......... .......... .......... .......... 47%  117M 11s
114100K .......... .......... .......... .......... .......... 47%  117M 11s
114150K .......... .......... .......... .......... .......... 47%  117M 11s
114200K .......... .......... .......... .......... .......... 47%  116M 11s
114250K .......... .......... .......... .......... .......... 47%  116M 11s
114300K .......... .......... .......... .......... .......... 47%  117M 11s
114350K .......... .......... .......... .......... .......... 47%  117M 11s
114400K .......... .......... .......... .......... .......... 47% 87.1M 11s
114450K .......... .......... .......... .......... .......... 47%  117M 11s
114500K .......... .......... .......... .......... .......... 47%  116M 11s
114550K .......... .......... .......... .......... .......... 47%  117M 11s
114600K .......... .......... .......... .......... .......... 47%  115M 11s
114650K .......... .......... .......... .......... .......... 47%  115M 11s
114700K .......... .......... .......... .......... .......... 47%  119M 11s
114750K .......... .......... .......... .......... .......... 47%  115M 11s
114800K .......... .......... .......... .......... .......... 47% 89.6M 11s
114850K .......... .......... .......... .......... .......... 47%  117M 11s
114900K .......... .......... .......... .......... .......... 47%  117M 11s
114950K .......... .......... .......... .......... .......... 47%  117M 11s
115000K .......... .......... .......... .......... .......... 47%  115M 11s
115050K .......... .......... .......... .......... .......... 47%  117M 11s
137350K .......... .......... .......... .......... .......... 56% 2.35M 8s
137400K .......... .......... .......... .......... .......... 56% 75.6M 8s
137450K .......... .......... .......... .......... .......... 56%  119M 8s
137500K .......... .......... .......... .......... .......... 56%  117M 7s
137550K .......... .......... .......... .......... .......... 56%  117M 7s
137600K .......... .......... .......... .......... .......... 56% 87.1M 7s
137650K .......... .......... .......... .......... .......... 56%  117M 7s
137700K .......... .......... .......... .......... .......... 56%  117M 7s
137750K .......... .......... .......... .......... .......... 56%  117M 7s
137800K .......... .......... .......... .......... .......... 56%  115M 7s
137850K .......... .......... .......... .......... .......... 56%  117M 7s
137900K .......... .......... .......... .......... .......... 56%  115M 7s
137950K .......... .......... .......... .......... .......... 56%  118M 7s
138000K .......... .......... .......... .......... .......... 56% 89.1M 7s
138050K .......... .......... .......... .......... .......... 56%  117M 7s
138100K .......... .......... .......... .......... .......... 57%  117M 7s
138150K .......... .......... .......... .......... .......... 57%  117M 7s
138200K .......... .......... .......... .......... .......... 57% 67.0M 7s
138250K .......... .......... .......... .......... .......... 57%  114M 7s
138300K .......... .......... .......... .......... .......... 57%  120M 7s
138350K .......... .......... .......... .......... .......... 57%  117M 7s
138400K .......... .......... .......... .......... .......... 57% 89.0M 7s
138450K .......... .......... .......... .......... .......... 57%  117M 7s
138500K .......... .......... .......... .......... .......... 57%  116M 7s
138550K .......... .......... .......... .......... .......... 57%  117M 7s
138600K .......... .......... .......... .......... .......... 57%  115M 7s
138650K .......... .......... .......... .......... .......... 57%  118M 7s
138700K .......... .......... .......... .......... .......... 57%  115M 7s
138750K .......... .......... .......... .......... .......... 57%  117M 7s
138800K .......... .......... .......... .......... .......... 57% 87.6M 7s
138850K .......... .......... .......... .......... .......... 57%  117M 7s
138900K .......... .......... .......... .......... .......... 57%  117M 7s
138950K .......... .......... .......... .......... .......... 57%  116M 7s
139000K .......... .......... .......... .......... .......... 57%  115M 7s
139050K .......... .......... .......... .......... .......... 57%  117M 7s
139100K .......... .......... .......... .......... .......... 57%  117M 7s
139150K .......... .......... .......... .......... .......... 57%  115M 7s
139200K .......... .......... .......... .......... .......... 57% 90.8M 7s
115100K .......... .......... .......... .......... .......... 47% 2.86M 11s
115150K .......... .......... .......... .......... .......... 47% 76.1M 11s
139250K .......... .......... .......... .......... .......... 57% 45.1M 7s
139300K .......... .......... .......... .......... .......... 57%  116M 7s
115200K .......... .......... .......... .......... .......... 47%  990K 11s
139350K .......... .......... .......... .......... .......... 57%  838K 7s
139400K .......... .......... .......... .......... .......... 57% 44.2M 7s
139450K .......... .......... .......... .......... .......... 57% 5.93M 7s
139500K .......... .......... .......... .......... .......... 57%  117M 7s
139550K .......... .......... .......... .......... .......... 57% 2.56M 7s
139600K .......... .......... .......... .......... .......... 57% 4.37M 7s
139650K .......... .......... .......... .......... .......... 57% 2.29M 7s
139700K .......... .......... .......... .......... .......... 57% 6.16M 7s
139750K .......... .......... .......... .......... .......... 57% 4.30M 7s
139800K .......... .......... .......... .......... .......... 57%  116M 7s
139850K .......... .......... .......... .......... .......... 57%  114M 7s
139900K .......... .......... .......... .......... .......... 57%  119M 7s
139950K .......... .......... .......... .......... .......... 57%  117M 7s
140000K .......... .......... .......... .......... .......... 57% 89.5M 7s
140050K .......... .......... .......... .......... .......... 57%  117M 7s
140100K .......... .......... .......... .......... .......... 57%  117M 7s
140150K .......... .......... .......... .......... .......... 57%  117M 7s
140200K .......... .......... .......... .......... .......... 57%  115M 7s
140250K .......... .......... .......... .......... .......... 57%  117M 7s
140300K .......... .......... .......... .......... .......... 57%  117M 7s
140350K .......... .......... .......... .......... .......... 57%  117M 7s
115250K .......... .......... .......... .......... .......... 47%  520K 11s
115300K .......... .......... .......... .......... .......... 47% 76.5M 11s
115350K .......... .......... .......... .......... .......... 47%  123M 11s
115400K .......... .......... .......... .......... .......... 47%  115M 11s
115450K .......... .......... .......... .......... .......... 47%  117M 11s
115500K .......... .......... .......... .......... .......... 47%  117M 11s
115550K .......... .......... .......... .......... .......... 47%  117M 11s
115600K .......... .......... .......... .......... .......... 47% 89.1M 11s
115650K .......... .......... .......... .......... .......... 47%  117M 11s
115700K .......... .......... .......... .......... .......... 47%  117M 11s
115750K .......... .......... .......... .......... .......... 47%  117M 11s
115800K .......... .......... .......... .......... .......... 47%  115M 11s
115850K .......... .......... .......... .......... .......... 47% 87.0M 11s
115900K .......... .......... .......... .......... .......... 47%  117M 11s
115950K .......... .......... .......... .......... .......... 47%  117M 11s
116000K .......... .......... .......... .......... .......... 47% 88.8M 11s
116050K .......... .......... .......... .......... .......... 47%  117M 11s
116100K .......... .......... .......... .......... .......... 47%  117M 11s
116150K .......... .......... .......... .......... .......... 47%  117M 11s
116200K .......... .......... .......... .......... .......... 47%  115M 11s
116250K .......... .......... .......... .......... .......... 48%  117M 11s
116300K .......... .......... .......... .......... .......... 48%  117M 11s
116350K .......... .......... .......... .......... .......... 48%  117M 11s
116400K .......... .......... .......... .......... .......... 48% 87.2M 11s
116450K .......... .......... .......... .......... .......... 48%  117M 11s
116500K .......... .......... .......... .......... .......... 48%  117M 11s
116550K .......... .......... .......... .......... .......... 48%  117M 11s
116600K .......... .......... .......... .......... .......... 48%  115M 11s
116650K .......... .......... .......... .......... .......... 48%  117M 11s
116700K .......... .......... .......... .......... .......... 48%  116M 11s
116750K .......... .......... .......... .......... .......... 48%  119M 11s
116800K .......... .......... .......... .......... .......... 48% 88.8M 11s
116850K .......... .......... .......... .......... .......... 48%  117M 11s
116900K .......... .......... .......... .......... .......... 48%  117M 11s
116950K .......... .......... .......... .......... .......... 48%  117M 11s
117000K .......... .......... .......... .......... .......... 48%  116M 11s
117050K .......... .......... .......... .......... .......... 48%  116M 11s
117100K .......... .......... .......... .......... .......... 48%  117M 11s
117150K .......... .......... .......... .......... .......... 48%  117M 11s
117200K .......... .......... .......... .......... .......... 48% 88.7M 11s
117250K .......... .......... .......... .......... .......... 48%  117M 11s
117300K .......... .......... .......... .......... .......... 48%  117M 11s
117350K .......... .......... .......... .......... .......... 48%  117M 11s
117400K .......... .......... .......... .......... .......... 48%  115M 11s
117450K .......... .......... .......... .......... .......... 48%  116M 11s
117500K .......... .......... .......... .......... .......... 48%  117M 11s
117550K .......... .......... .......... .......... .......... 48%  117M 11s
117600K .......... .......... .......... .......... .......... 48% 87.6M 11s
140400K .......... .......... .......... .......... .......... 57% 2.30M 7s
140450K .......... .......... .......... .......... .......... 57% 75.8M 7s
140500K .......... .......... .......... .......... .......... 58%  117M 7s
140550K .......... .......... .......... .......... .......... 58%  117M 7s
140600K .......... .......... .......... .......... .......... 58%  115M 7s
140650K .......... .......... .......... .......... .......... 58%  116M 7s
140700K .......... .......... .......... .......... .......... 58%  117M 7s
140750K .......... .......... .......... .......... .......... 58%  117M 7s
140800K .......... .......... .......... .......... .......... 58% 89.2M 7s
140850K .......... .......... .......... .......... .......... 58%  118M 7s
140900K .......... .......... .......... .......... .......... 58%  117M 7s
140950K .......... .......... .......... .......... .......... 58%  116M 7s
141000K .......... .......... .......... .......... .......... 58%  115M 7s
141050K .......... .......... .......... .......... .......... 58%  118M 7s
141100K .......... .......... .......... .......... .......... 58%  117M 7s
141150K .......... .......... .......... .......... .......... 58%  117M 7s
141200K .......... .......... .......... .......... .......... 58% 88.8M 7s
141250K .......... .......... .......... .......... .......... 58% 59.4M 7s
141300K .......... .......... .......... .......... .......... 58%  117M 7s
141350K .......... .......... .......... .......... .......... 58%  117M 7s
141400K .......... .......... .......... .......... .......... 58%  115M 7s
141450K .......... .......... .......... .......... .......... 58%  115M 7s
141500K .......... .......... .......... .......... .......... 58%  117M 7s
141550K .......... .......... .......... .......... .......... 58%  117M 7s
141600K .......... .......... .......... .......... .......... 58% 87.6M 7s
141650K .......... .......... .......... .......... .......... 58%  117M 7s
141700K .......... .......... .......... .......... .......... 58%  117M 7s
141750K .......... .......... .......... .......... .......... 58%  117M 7s
141800K .......... .......... .......... .......... .......... 58%  114M 7s
141850K .......... .......... .......... .......... .......... 58%  117M 7s
141900K .......... .......... .......... .......... .......... 58%  117M 7s
141950K .......... .......... .......... .......... .......... 58%  118M 7s
142000K .......... .......... .......... .......... .......... 58% 88.8M 7s
142050K .......... .......... .......... .......... .......... 58%  117M 7s
142100K .......... .......... .......... .......... .......... 58%  117M 7s
142150K .......... .......... .......... .......... .......... 58%  117M 7s
142200K .......... .......... .......... .......... .......... 58%  113M 7s
142250K .......... .......... .......... .......... .......... 58%  118M 7s
142300K .......... .......... .......... .......... .......... 58% 92.3M 7s
117650K .......... .......... .......... .......... .......... 48% 2.82M 11s
117700K .......... .......... .......... .......... .......... 48%  117M 11s
142350K .......... .......... .......... .......... .......... 58% 50.2M 7s
117750K .......... .......... .......... .......... .......... 48% 1.04M 11s
142400K .......... .......... .......... .......... .......... 58%  891K 7s
142450K .......... .......... .......... .......... .......... 58% 47.5M 7s
142500K .......... .......... .......... .......... .......... 58% 5.87M 7s
142550K .......... .......... .......... .......... .......... 58%  116M 7s
142600K .......... .......... .......... .......... .......... 58% 2.56M 7s
142650K .......... .......... .......... .......... .......... 58% 26.1M 7s
142700K .......... .......... .......... .......... .......... 58% 4.29M 7s
142750K .......... .......... .......... .......... .......... 58% 1.17M 7s
142800K .......... .......... .......... .......... .......... 58%  122M 7s
142850K .......... .......... .......... .......... .......... 58%  116M 7s
142900K .......... .......... .......... .......... .......... 59%  120M 7s
142950K .......... .......... .......... .......... .......... 59%  113M 7s
143000K .......... .......... .......... .......... .......... 59%  114M 7s
143050K .......... .......... .......... .......... .......... 59%  118M 7s
143100K .......... .......... .......... .......... .......... 59%  117M 7s
143150K .......... .......... .......... .......... .......... 59%  117M 7s
143200K .......... .......... .......... .......... .......... 59% 89.0M 7s
143250K .......... .......... .......... .......... .......... 59%  117M 7s
143300K .......... .......... .......... .......... .......... 59%  117M 7s
143350K .......... .......... .......... .......... .......... 59%  116M 7s
143400K .......... .......... .......... .......... .......... 59%  115M 7s
117800K .......... .......... .......... .......... .......... 48%  502K 11s
117850K .......... .......... .......... .......... .......... 48% 71.1M 11s
117900K .......... .......... .......... .......... .......... 48%  120M 11s
117950K .......... .......... .......... .......... .......... 48%  118M 11s
118000K .......... .......... .......... .......... .......... 48% 88.8M 11s
118050K .......... .......... .......... .......... .......... 48%  117M 11s
118100K .......... .......... .......... .......... .......... 48%  117M 11s
118150K .......... .......... .......... .......... .......... 48%  117M 11s
118200K .......... .......... .......... .......... .......... 48%  115M 11s
118250K .......... .......... .......... .......... .......... 48%  117M 11s
118300K .......... .......... .......... .......... .......... 48%  117M 11s
143450K .......... .......... .......... .......... .......... 59% 9.03M 7s
118350K .......... .......... .......... .......... .......... 48%  116M 11s
118400K .......... .......... .......... .......... .......... 48% 74.0M 11s
118450K .......... .......... .......... .......... .......... 48%  117M 11s
118500K .......... .......... .......... .......... .......... 48%  116M 11s
118550K .......... .......... .......... .......... .......... 48%  117M 11s
118600K .......... .......... .......... .......... .......... 48%  113M 11s
118650K .......... .......... .......... .......... .......... 48%  119M 11s
118700K .......... .......... .......... .......... .......... 49%  117M 11s
118750K .......... .......... .......... .......... .......... 49%  117M 11s
118800K .......... .......... .......... .......... .......... 49% 89.8M 11s
118850K .......... .......... .......... .......... .......... 49%  117M 11s
118900K .......... .......... .......... .......... .......... 49%  117M 11s
118950K .......... .......... .......... .......... .......... 49%  117M 11s
119000K .......... .......... .......... .......... .......... 49%  115M 11s
119050K .......... .......... .......... .......... .......... 49%  115M 11s
119100K .......... .......... .......... .......... .......... 49%  118M 11s
119150K .......... .......... .......... .......... .......... 49%  117M 11s
119200K .......... .......... .......... .......... .......... 49% 88.8M 11s
119250K .......... .......... .......... .......... .......... 49%  117M 11s
119300K .......... .......... .......... .......... .......... 49%  117M 11s
119350K .......... .......... .......... .......... .......... 49%  117M 10s
119400K .......... .......... .......... .......... .......... 49%  115M 10s
119450K .......... .......... .......... .......... .......... 49%  117M 10s
119500K .......... .......... .......... .......... .......... 49%  117M 10s
119550K .......... .......... .......... .......... .......... 49%  117M 10s
119600K .......... .......... .......... .......... .......... 49% 87.0M 10s
119650K .......... .......... .......... .......... .......... 49%  117M 10s
119700K .......... .......... .......... .......... .......... 49%  109M 10s
119750K .......... .......... .......... .......... .......... 49%  125M 10s
119800K .......... .......... .......... .......... .......... 49%  115M 10s
119850K .......... .......... .......... .......... .......... 49%  117M 10s
119900K .......... .......... .......... .......... .......... 49%  117M 10s
119950K .......... .......... .......... .......... .......... 49%  115M 10s
120000K .......... .......... .......... .......... .......... 49% 90.9M 10s
120050K .......... .......... .......... .......... .......... 49%  117M 10s
120100K .......... .......... .......... .......... .......... 49%  117M 10s
143500K .......... .......... .......... .......... .......... 59% 3.02M 7s
143550K .......... .......... .......... .......... .......... 59%  117M 7s
143600K .......... .......... .......... .......... .......... 59% 89.4M 7s
143650K .......... .......... .......... .......... .......... 59%  117M 7s
143700K .......... .......... .......... .......... .......... 59%  116M 7s
143750K .......... .......... .......... .......... .......... 59%  117M 7s
143800K .......... .......... .......... .......... .......... 59%  114M 7s
143850K .......... .......... .......... .......... .......... 59%  117M 7s
143900K .......... .......... .......... .......... .......... 59%  117M 7s
143950K .......... .......... .......... .......... .......... 59%  118M 7s
144000K .......... .......... .......... .......... .......... 59% 87.0M 7s
144050K .......... .......... .......... .......... .......... 59%  117M 7s
144100K .......... .......... .......... .......... .......... 59%  117M 7s
144150K .......... .......... .......... .......... .......... 59%  117M 7s
144200K .......... .......... .......... .......... .......... 59%  114M 7s
144250K .......... .......... .......... .......... .......... 59%  117M 7s
144300K .......... .......... .......... .......... .......... 59%  117M 7s
144350K .......... .......... .......... .......... .......... 59% 50.0M 7s
144400K .......... .......... .......... .......... .......... 59% 89.8M 7s
144450K .......... .......... .......... .......... .......... 59%  117M 7s
144500K .......... .......... .......... .......... .......... 59%  117M 7s
144550K .......... .......... .......... .......... .......... 59%  117M 7s
144600K .......... .......... .......... .......... .......... 59%  114M 7s
144650K .......... .......... .......... .......... .......... 59%  115M 7s
144700K .......... .......... .......... .......... .......... 59%  120M 7s
144750K .......... .......... .......... .......... .......... 59%  114M 7s
144800K .......... .......... .......... .......... .......... 59% 90.6M 7s
144850K .......... .......... .......... .......... .......... 59%  117M 7s
144900K .......... .......... .......... .......... .......... 59%  117M 7s
144950K .......... .......... .......... .......... .......... 59%  117M 7s
145000K .......... .......... .......... .......... .......... 59%  115M 7s
145050K .......... .......... .......... .......... .......... 59%  117M 7s
145100K .......... .......... .......... .......... .......... 59%  117M 7s
145150K .......... .......... .......... .......... .......... 59%  117M 7s
145200K .......... .......... .......... .......... .......... 59% 86.8M 7s
145250K .......... .......... .......... .......... .......... 59%  117M 7s
145300K .......... .......... .......... .......... .......... 59%  117M 7s
120150K .......... .......... .......... .......... .......... 49% 2.83M 10s
145350K .......... .......... .......... .......... .......... 60% 66.1M 7s
120200K .......... .......... .......... .......... .......... 49% 69.4M 10s
120250K .......... .......... .......... .......... .......... 49%  117M 10s
145400K .......... .......... .......... .......... .......... 60% 49.8M 7s
145450K .......... .......... .......... .......... .......... 60%  115M 7s
120300K .......... .......... .......... .......... .......... 49% 1.13M 10s
145500K .......... .......... .......... .......... .......... 60%  946K 7s
145550K .......... .......... .......... .......... .......... 60% 5.91M 7s
145600K .......... .......... .......... .......... .......... 60% 89.8M 7s
145650K .......... .......... .......... .......... .......... 60% 2.56M 7s
145700K .......... .......... .......... .......... .......... 60% 5.19M 7s
145750K .......... .......... .......... .......... .......... 60% 2.56M 7s
145800K .......... .......... .......... .......... .......... 60% 1.62M 7s
145850K .......... .......... .......... .......... .......... 60%  119M 7s
145900K .......... .......... .......... .......... .......... 60%  117M 7s
145950K .......... .......... .......... .......... .......... 60%  115M 7s
146000K .......... .......... .......... .......... .......... 60% 89.0M 7s
146050K .......... .......... .......... .......... .......... 60%  116M 7s
146100K .......... .......... .......... .......... .......... 60%  117M 7s
146150K .......... .......... .......... .......... .......... 60%  117M 7s
146200K .......... .......... .......... .......... .......... 60%  113M 7s
146250K .......... .......... .......... .......... .......... 60%  118M 7s
146300K .......... .......... .......... .......... .......... 60%  117M 7s
146350K .......... .......... .......... .......... .......... 60%  118M 7s
146400K .......... .......... .......... .......... .......... 60% 88.8M 7s
146450K .......... .......... .......... .......... .......... 60%  117M 7s
120350K .......... .......... .......... .......... .......... 49%  485K 10s
120400K .......... .......... .......... .......... .......... 49% 60.3M 10s
120450K .......... .......... .......... .......... .......... 49%  117M 10s
120500K .......... .......... .......... .......... .......... 49%  117M 10s
120550K .......... .......... .......... .......... .......... 49%  117M 10s
120600K .......... .......... .......... .......... .......... 49%  115M 10s
120650K .......... .......... .......... .......... .......... 49%  117M 10s
120700K .......... .......... .......... .......... .......... 49%  114M 10s
120750K .......... .......... .......... .......... .......... 49%  118M 10s
120800K .......... .......... .......... .......... .......... 49% 87.5M 10s
120850K .......... .......... .......... .......... .......... 49%  117M 10s
146500K .......... .......... .......... .......... .......... 60% 9.19M 7s
120900K .......... .......... .......... .......... .......... 49% 91.9M 10s
120950K .......... .......... .......... .......... .......... 49%  117M 10s
121000K .......... .......... .......... .......... .......... 49%  115M 10s
121050K .......... .......... .......... .......... .......... 49%  117M 10s
121100K .......... .......... .......... .......... .......... 50%  117M 10s
121150K .......... .......... .......... .......... .......... 50%  117M 10s
121200K .......... .......... .......... .......... .......... 50% 89.7M 10s
121250K .......... .......... .......... .......... .......... 50%  117M 10s
121300K .......... .......... .......... .......... .......... 50%  117M 10s
121350K .......... .......... .......... .......... .......... 50%  117M 10s
121400K .......... .......... .......... .......... .......... 50%  114M 10s
121450K .......... .......... .......... .......... .......... 50%  118M 10s
121500K .......... .......... .......... .......... .......... 50%  115M 10s
121550K .......... .......... .......... .......... .......... 50%  117M 10s
121600K .......... .......... .......... .......... .......... 50% 87.6M 10s
121650K .......... .......... .......... .......... .......... 50%  117M 10s
121700K .......... .......... .......... .......... .......... 50%  117M 10s
121750K .......... .......... .......... .......... .......... 50%  117M 10s
121800K .......... .......... .......... .......... .......... 50%  115M 10s
121850K .......... .......... .......... .......... .......... 50%  117M 10s
121900K .......... .......... .......... .......... .......... 50%  114M 10s
121950K .......... .......... .......... .......... .......... 50%  118M 10s
122000K .......... .......... .......... .......... .......... 50% 89.5M 10s
122050K .......... .......... .......... .......... .......... 50%  117M 10s
122100K .......... .......... .......... .......... .......... 50%  117M 10s
122150K .......... .......... .......... .......... .......... 50%  116M 10s
122200K .......... .......... .......... .......... .......... 50%  114M 10s
122250K .......... .......... .......... .......... .......... 50%  117M 10s
122300K .......... .......... .......... .......... .......... 50%  117M 10s
122350K .......... .......... .......... .......... .......... 50%  117M 10s
122400K .......... .......... .......... .......... .......... 50% 89.7M 10s
122450K .......... .......... .......... .......... .......... 50%  117M 10s
122500K .......... .......... .......... .......... .......... 50%  116M 10s
122550K .......... .......... .......... .......... .......... 50%  117M 10s
122600K .......... .......... .......... .......... .......... 50%  114M 10s
122650K .......... .......... .......... .......... .......... 50%  117M 10s
146550K .......... .......... .......... .......... .......... 60% 3.01M 7s
146600K .......... .......... .......... .......... .......... 60%  115M 7s
146650K .......... .......... .......... .......... .......... 60%  117M 7s
146700K .......... .......... .......... .......... .......... 60%  117M 7s
146750K .......... .......... .......... .......... .......... 60%  118M 7s
146800K .......... .......... .......... .......... .......... 60% 87.0M 7s
146850K .......... .......... .......... .......... .......... 60%  117M 7s
146900K .......... .......... .......... .......... .......... 60%  117M 7s
146950K .......... .......... .......... .......... .......... 60%  116M 7s
147000K .......... .......... .......... .......... .......... 60%  114M 7s
147050K .......... .......... .......... .......... .......... 60%  117M 7s
147100K .......... .......... .......... .......... .......... 60%  115M 7s
147150K .......... .......... .......... .......... .......... 60%  118M 7s
147200K .......... .......... .......... .......... .......... 60% 89.7M 7s
147250K .......... .......... .......... .......... .......... 60%  116M 7s
147300K .......... .......... .......... .......... .......... 60% 43.5M 7s
147350K .......... .......... .......... .......... .......... 60%  117M 7s
147400K .......... .......... .......... .......... .......... 60%  116M 7s
147450K .......... .......... .......... .......... .......... 60%  116M 7s
147500K .......... .......... .......... .......... .......... 60%  117M 7s
147550K .......... .......... .......... .......... .......... 60%  115M 7s
147600K .......... .......... .......... .......... .......... 60% 88.7M 7s
147650K .......... .......... .......... .......... .......... 60%  117M 7s
147700K .......... .......... .......... .......... .......... 60%  117M 7s
147750K .......... .......... .......... .......... .......... 61%  116M 7s
147800K .......... .......... .......... .......... .......... 61%  115M 7s
147850K .......... .......... .......... .......... .......... 61%  117M 7s
147900K .......... .......... .......... .......... .......... 61%  117M 7s
147950K .......... .......... .......... .......... .......... 61%  117M 7s
148000K .......... .......... .......... .......... .......... 61% 89.5M 7s
148050K .......... .......... .......... .......... .......... 61%  117M 7s
148100K .......... .......... .......... .......... .......... 61%  117M 7s
148150K .......... .......... .......... .......... .......... 61%  117M 7s
148200K .......... .......... .......... .......... .......... 61%  115M 7s
148250K .......... .......... .......... .......... .......... 61%  117M 7s
148300K .......... .......... .......... .......... .......... 61%  117M 7s
122700K .......... .......... .......... .......... .......... 50% 2.82M 10s
148350K .......... .......... .......... .......... .......... 61%  117M 7s
122750K .......... .......... .......... .......... .......... 50% 89.4M 10s
148400K .......... .......... .......... .......... .......... 61% 34.1M 7s
148450K .......... .......... .......... .......... .......... 61%  117M 7s
148500K .......... .......... .......... .......... .......... 61%  117M 7s
122800K .......... .......... .......... .......... .......... 50% 1.23M 10s
148550K .......... .......... .......... .......... .......... 61% 1017K 7s
148600K .......... .......... .......... .......... .......... 61% 5.96M 7s
148650K .......... .......... .......... .......... .......... 61% 93.8M 7s
148700K .......... .......... .......... .......... .......... 61% 2.59M 7s
148750K .......... .......... .......... .......... .......... 61% 24.0M 7s
122850K .......... .......... .......... .......... .......... 50% 1.12M 10s
148800K .......... .......... .......... .......... .......... 61% 1.83M 7s
148850K .......... .......... .......... .......... .......... 61% 1.45M 7s
148900K .......... .......... .......... .......... .......... 61%  114M 7s
148950K .......... .......... .......... .......... .......... 61%  121M 7s
149000K .......... .......... .......... .......... .......... 61%  115M 7s
149050K .......... .......... .......... .......... .......... 61%  117M 7s
149100K .......... .......... .......... .......... .......... 61%  115M 7s
149150K .......... .......... .......... .......... .......... 61%  119M 7s
149200K .......... .......... .......... .......... .......... 61% 88.7M 7s
149250K .......... .......... .......... .......... .......... 61%  117M 7s
149300K .......... .......... .......... .......... .......... 61%  117M 7s
149350K .......... .......... .......... .......... .......... 61%  117M 7s
149400K .......... .......... .......... .......... .......... 61%  115M 7s
149450K .......... .......... .......... .......... .......... 61%  115M 7s
149500K .......... .......... .......... .......... .......... 61%  117M 7s
122900K .......... .......... .......... .......... .......... 50%  784K 10s
122950K .......... .......... .......... .......... .......... 50%  125M 10s
123000K .......... .......... .......... .......... .......... 50%  114M 10s
123050K .......... .......... .......... .......... .......... 50%  117M 10s
123100K .......... .......... .......... .......... .......... 50%  117M 10s
123150K .......... .......... .......... .......... .......... 50%  117M 10s
123200K .......... .......... .......... .......... .......... 50% 89.6M 10s
123250K .......... .......... .......... .......... .......... 50%  117M 10s
123300K .......... .......... .......... .......... .......... 50%  117M 10s
123350K .......... .......... .......... .......... .......... 50%  117M 10s
123400K .......... .......... .......... .......... .......... 50%  114M 10s
149550K .......... .......... .......... .......... .......... 61% 9.23M 7s
123450K .......... .......... .......... .......... .......... 50% 69.7M 10s
123500K .......... .......... .......... .......... .......... 50%  118M 10s
123550K .......... .......... .......... .......... .......... 51%  117M 10s
123600K .......... .......... .......... .......... .......... 51% 88.7M 10s
123650K .......... .......... .......... .......... .......... 51%  117M 10s
123700K .......... .......... .......... .......... .......... 51%  117M 10s
123750K .......... .......... .......... .......... .......... 51%  117M 10s
123800K .......... .......... .......... .......... .......... 51%  115M 10s
123850K .......... .......... .......... .......... .......... 51%  117M 10s
123900K .......... .......... .......... .......... .......... 51%  117M 10s
123950K .......... .......... .......... .......... .......... 51%  117M 10s
124000K .......... .......... .......... .......... .......... 51% 87.2M 10s
124050K .......... .......... .......... .......... .......... 51%  117M 10s
124100K .......... .......... .......... .......... .......... 51%  117M 10s
124150K .......... .......... .......... .......... .......... 51%  117M 10s
124200K .......... .......... .......... .......... .......... 51%  114M 10s
124250K .......... .......... .......... .......... .......... 51%  118M 10s
124300K .......... .......... .......... .......... .......... 51%  117M 10s
124350K .......... .......... .......... .......... .......... 51%  115M 10s
124400K .......... .......... .......... .......... .......... 51% 89.8M 10s
124450K .......... .......... .......... .......... .......... 51%  117M 10s
124500K .......... .......... .......... .......... .......... 51%  117M 10s
124550K .......... .......... .......... .......... .......... 51%  117M 10s
124600K .......... .......... .......... .......... .......... 51%  115M 10s
124650K .......... .......... .......... .......... .......... 51%  117M 10s
124700K .......... .......... .......... .......... .......... 51%  116M 10s
124750K .......... .......... .......... .......... .......... 51%  116M 10s
124800K .......... .......... .......... .......... .......... 51% 87.5M 10s
124850K .......... .......... .......... .......... .......... 51%  117M 10s
124900K .......... .......... .......... .......... .......... 51%  117M 10s
124950K .......... .......... .......... .......... .......... 51%  117M 10s
125000K .......... .......... .......... .......... .......... 51%  114M 10s
125050K .......... .......... .......... .......... .......... 51%  117M 10s
125100K .......... .......... .......... .......... .......... 51%  117M 10s
125150K .......... .......... .......... .......... .......... 51%  116M 10s
125200K .......... .......... .......... .......... .......... 51% 70.4M 10s
149600K .......... .......... .......... .......... .......... 61% 2.98M 7s
149650K .......... .......... .......... .......... .......... 61%  116M 7s
149700K .......... .......... .......... .......... .......... 61%  117M 7s
149750K .......... .......... .......... .......... .......... 61%  117M 7s
149800K .......... .......... .......... .......... .......... 61%  115M 7s
149850K .......... .......... .......... .......... .......... 61%  117M 7s
149900K .......... .......... .......... .......... .......... 61%  117M 7s
149950K .......... .......... .......... .......... .......... 61%  117M 7s
150000K .......... .......... .......... .......... .......... 61% 88.9M 7s
150050K .......... .......... .......... .......... .......... 61%  117M 7s
150100K .......... .......... .......... .......... .......... 61%  117M 6s
150150K .......... .......... .......... .......... .......... 61%  117M 6s
150200K .......... .......... .......... .......... .......... 62%  114M 6s
150250K .......... .......... .......... .......... .......... 62%  116M 6s
150300K .......... .......... .......... .......... .......... 62%  116M 6s
150350K .......... .......... .......... .......... .......... 62%  118M 6s
150400K .......... .......... .......... .......... .......... 62% 37.2M 6s
150450K .......... .......... .......... .......... .......... 62%  117M 6s
150500K .......... .......... .......... .......... .......... 62%  117M 6s
150550K .......... .......... .......... .......... .......... 62%  115M 6s
150600K .......... .......... .......... .......... .......... 62%  115M 6s
150650K .......... .......... .......... .......... .......... 62%  117M 6s
150700K .......... .......... .......... .......... .......... 62%  117M 6s
150750K .......... .......... .......... .......... .......... 62%  117M 6s
150800K .......... .......... .......... .......... .......... 62% 86.5M 6s
150850K .......... .......... .......... .......... .......... 62%  118M 6s
150900K .......... .......... .......... .......... .......... 62%  117M 6s
150950K .......... .......... .......... .......... .......... 62%  117M 6s
151000K .......... .......... .......... .......... .......... 62%  115M 6s
151050K .......... .......... .......... .......... .......... 62%  117M 6s
151100K .......... .......... .......... .......... .......... 62%  117M 6s
151150K .......... .......... .......... .......... .......... 62%  117M 6s
151200K .......... .......... .......... .......... .......... 62% 89.7M 6s
151250K .......... .......... .......... .......... .......... 62%  117M 6s
151300K .......... .......... .......... .......... .......... 62%  117M 6s
151350K .......... .......... .......... .......... .......... 62%  117M 6s
151400K .......... .......... .......... .......... .......... 62%  115M 6s
125250K .......... .......... .......... .......... .......... 51% 2.85M 10s
125300K .......... .......... .......... .......... .......... 51% 69.8M 10s
151450K .......... .......... .......... .......... .......... 62% 40.5M 6s
151500K .......... .......... .......... .......... .......... 62%  114M 6s
151550K .......... .......... .......... .......... .......... 62%  118M 6s
125350K .......... .......... .......... .......... .......... 51% 1.36M 10s
151600K .......... .......... .......... .......... .......... 62% 1.06M 6s
151650K .......... .......... .......... .......... .......... 62% 6.01M 6s
151700K .......... .......... .......... .......... .......... 62% 56.5M 6s
151750K .......... .......... .......... .......... .......... 62% 2.67M 6s
151800K .......... .......... .......... .......... .......... 62% 21.9M 6s
125400K .......... .......... .......... .......... .......... 51% 1.13M 10s
151850K .......... .......... .......... .......... .......... 62% 4.46M 6s
151900K .......... .......... .......... .......... .......... 62% 1013K 6s
151950K .......... .......... .......... .......... .......... 62% 12.5M 6s
152000K .......... .......... .......... .......... .......... 62% 97.5M 6s
152050K .......... .......... .......... .......... .......... 62%  117M 6s
152100K .......... .......... .......... .......... .......... 62%  117M 6s
152150K .......... .......... .......... .......... .......... 62%  116M 6s
152200K .......... .......... .......... .......... .......... 62%  115M 6s
152250K .......... .......... .......... .......... .......... 62%  115M 6s
152300K .......... .......... .......... .......... .......... 62%  118M 6s
152350K .......... .......... .......... .......... .......... 62%  117M 6s
152400K .......... .......... .......... .......... .......... 62% 89.7M 6s
152450K .......... .......... .......... .......... .......... 62%  117M 6s
152500K .......... .......... .......... .......... .......... 62%  116M 6s
152550K .......... .......... .......... .......... .......... 62%  117M 6s
125450K .......... .......... .......... .......... .......... 51%  741K 10s
125500K .......... .......... .......... .......... .......... 51%  137M 10s
125550K .......... .......... .......... .......... .......... 51%  117M 10s
125600K .......... .......... .......... .......... .......... 51% 88.8M 10s
125650K .......... .......... .......... .......... .......... 51%  115M 10s
125700K .......... .......... .......... .......... .......... 51%  118M 10s
125750K .......... .......... .......... .......... .......... 51%  117M 10s
125800K .......... .......... .......... .......... .......... 51%  115M 10s
125850K .......... .......... .......... .......... .......... 51%  117M 10s
125900K .......... .......... .......... .......... .......... 51%  117M 10s
152600K .......... .......... .......... .......... .......... 63% 9.25M 6s
125950K .......... .......... .......... .......... .......... 52%  117M 10s
126000K .......... .......... .......... .......... .......... 52% 58.6M 10s
126050K .......... .......... .......... .......... .......... 52%  117M 10s
126100K .......... .......... .......... .......... .......... 52%  117M 10s
126150K .......... .......... .......... .......... .......... 52%  117M 10s
126200K .......... .......... .......... .......... .......... 52%  115M 10s
126250K .......... .......... .......... .......... .......... 52%  117M 10s
126300K .......... .......... .......... .......... .......... 52%  116M 10s
126350K .......... .......... .......... .......... .......... 52%  117M 10s
126400K .......... .......... .......... .......... .......... 52% 89.7M 10s
126450K .......... .......... .......... .......... .......... 52%  116M 10s
126500K .......... .......... .......... .......... .......... 52%  117M 10s
126550K .......... .......... .......... .......... .......... 52%  117M 10s
126600K .......... .......... .......... .......... .......... 52%  115M 10s
126650K .......... .......... .......... .......... .......... 52%  117M 10s
126700K .......... .......... .......... .......... .......... 52%  115M 10s
126750K .......... .......... .......... .......... .......... 52%  115M 10s
126800K .......... .......... .......... .......... .......... 52% 91.0M 10s
126850K .......... .......... .......... .......... .......... 52%  117M 10s
126900K .......... .......... .......... .......... .......... 52%  116M 10s
126950K .......... .......... .......... .......... .......... 52%  117M 10s
127000K .......... .......... .......... .......... .......... 52%  113M 10s
127050K .......... .......... .......... .......... .......... 52%  118M 10s
127100K .......... .......... .......... .......... .......... 52%  118M 10s
127150K .......... .......... .......... .......... .......... 52%  117M 10s
127200K .......... .......... .......... .......... .......... 52% 87.0M 10s
127250K .......... .......... .......... .......... .......... 52%  116M 10s
127300K .......... .......... .......... .......... .......... 52%  117M 10s
127350K .......... .......... .......... .......... .......... 52%  117M 10s
127400K .......... .......... .......... .......... .......... 52%  115M 10s
127450K .......... .......... .......... .......... .......... 52%  117M 10s
127500K .......... .......... .......... .......... .......... 52%  118M 10s
127550K .......... .......... .......... .......... .......... 52%  116M 10s
127600K .......... .......... .......... .......... .......... 52% 89.5M 10s
127650K .......... .......... .......... .......... .......... 52%  117M 10s
127700K .......... .......... .......... .......... .......... 52%  117M 10s
127750K .......... .......... .......... .......... .......... 52% 95.7M 10s
152650K .......... .......... .......... .......... .......... 63% 3.01M 6s
152700K .......... .......... .......... .......... .......... 63%  116M 6s
152750K .......... .......... .......... .......... .......... 63%  117M 6s
152800K .......... .......... .......... .......... .......... 63% 89.5M 6s
152850K .......... .......... .......... .......... .......... 63%  117M 6s
152900K .......... .......... .......... .......... .......... 63%  117M 6s
152950K .......... .......... .......... .......... .......... 63%  117M 6s
153000K .......... .......... .......... .......... .......... 63%  114M 6s
153050K .......... .......... .......... .......... .......... 63%  116M 6s
153100K .......... .......... .......... .......... .......... 63%  117M 6s
153150K .......... .......... .......... .......... .......... 63%  117M 6s
153200K .......... .......... .......... .......... .......... 63% 87.5M 6s
153250K .......... .......... .......... .......... .......... 63%  117M 6s
153300K .......... .......... .......... .......... .......... 63%  117M 6s
153350K .......... .......... .......... .......... .......... 63%  117M 6s
153400K .......... .......... .......... .......... .......... 63%  115M 6s
153450K .......... .......... .......... .......... .......... 63% 40.9M 6s
153500K .......... .......... .......... .......... .......... 63%  118M 6s
153550K .......... .......... .......... .......... .......... 63%  117M 6s
153600K .......... .......... .......... .......... .......... 63% 88.8M 6s
153650K .......... .......... .......... .......... .......... 63%  117M 6s
153700K .......... .......... .......... .......... .......... 63%  117M 6s
153750K .......... .......... .......... .......... .......... 63%  117M 6s
153800K .......... .......... .......... .......... .......... 63%  116M 6s
153850K .......... .......... .......... .......... .......... 63%  117M 6s
153900K .......... .......... .......... .......... .......... 63%  115M 6s
153950K .......... .......... .......... .......... .......... 63%  119M 6s
154000K .......... .......... .......... .......... .......... 63% 87.0M 6s
154050K .......... .......... .......... .......... .......... 63%  116M 6s
154100K .......... .......... .......... .......... .......... 63%  117M 6s
154150K .......... .......... .......... .......... .......... 63%  117M 6s
154200K .......... .......... .......... .......... .......... 63%  114M 6s
154250K .......... .......... .......... .......... .......... 63%  117M 6s
154300K .......... .......... .......... .......... .......... 63%  118M 6s
154350K .......... .......... .......... .......... .......... 63%  117M 6s
154400K .......... .......... .......... .......... .......... 63% 89.0M 6s
154450K .......... .......... .......... .......... .......... 63%  117M 6s
127800K .......... .......... .......... .......... .......... 52% 2.79M 10s
127850K .......... .......... .......... .......... .......... 52%  117M 10s
154500K .......... .......... .......... .......... .......... 63% 40.5M 6s
154550K .......... .......... .......... .......... .......... 63%  117M 6s
154600K .......... .......... .......... .......... .......... 63%  115M 6s
127900K .......... .......... .......... .......... .......... 52% 1.52M 10s
154650K .......... .......... .......... .......... .......... 63% 1.15M 6s
154700K .......... .......... .......... .......... .......... 63% 6.36M 6s
154750K .......... .......... .......... .......... .......... 63% 65.2M 6s
154800K .......... .......... .......... .......... .......... 63% 2.57M 6s
154850K .......... .......... .......... .......... .......... 63% 24.8M 6s
154900K .......... .......... .......... .......... .......... 63% 4.47M 6s
154950K .......... .......... .......... .......... .......... 63% 1011K 6s
155000K .......... .......... .......... .......... .......... 63% 6.46M 6s
155050K .......... .......... .......... .......... .......... 64%  117M 6s
155100K .......... .......... .......... .......... .......... 64%  129M 6s
155150K .......... .......... .......... .......... .......... 64%  118M 6s
155200K .......... .......... .......... .......... .......... 64% 88.8M 6s
155250K .......... .......... .......... .......... .......... 64%  117M 6s
155300K .......... .......... .......... .......... .......... 64%  116M 6s
155350K .......... .......... .......... .......... .......... 64%  117M 6s
155400K .......... .......... .......... .......... .......... 64%  115M 6s
155450K .......... .......... .......... .......... .......... 64%  117M 6s
155500K .......... .......... .......... .......... .......... 64%  116M 6s
155550K .......... .......... .......... .......... .......... 64%  119M 6s
155600K .......... .......... .......... .......... .......... 64% 87.0M 6s
127950K .......... .......... .......... .......... .......... 52%  438K 10s
128000K .......... .......... .......... .......... .......... 52%  116M 10s
128050K .......... .......... .......... .......... .......... 52%  116M 10s
128100K .......... .......... .......... .......... .......... 52%  117M 10s
128150K .......... .......... .......... .......... .......... 52%  117M 10s
128200K .......... .......... .......... .......... .......... 52%  116M 10s
128250K .......... .......... .......... .......... .......... 52%  117M 10s
128300K .......... .......... .......... .......... .......... 52%  116M 10s
128350K .......... .......... .......... .......... .......... 52%  117M 10s
128400K .......... .......... .......... .......... .......... 53% 89.7M 10s
128450K .......... .......... .......... .......... .......... 53%  117M 10s
155650K .......... .......... .......... .......... .......... 64% 9.10M 6s
128500K .......... .......... .......... .......... .......... 53% 70.6M 10s
128550K .......... .......... .......... .......... .......... 53%  117M 10s
128600K .......... .......... .......... .......... .......... 53%  114M 10s
128650K .......... .......... .......... .......... .......... 53%  117M 10s
128700K .......... .......... .......... .......... .......... 53%  117M 10s
128750K .......... .......... .......... .......... .......... 53%  117M 10s
128800K .......... .......... .......... .......... .......... 53% 89.6M 10s
128850K .......... .......... .......... .......... .......... 53%  117M 10s
128900K .......... .......... .......... .......... .......... 53%  117M 10s
128950K .......... .......... .......... .......... .......... 53%  117M 10s
129000K .......... .......... .......... .......... .......... 53%  114M 10s
129050K .......... .......... .......... .......... .......... 53%  116M 10s
129100K .......... .......... .......... .......... .......... 53%  118M 10s
129150K .......... .......... .......... .......... .......... 53%  117M 10s
129200K .......... .......... .......... .......... .......... 53% 87.6M 10s
129250K .......... .......... .......... .......... .......... 53%  117M 10s
129300K .......... .......... .......... .......... .......... 53%  117M 10s
129350K .......... .......... .......... .......... .......... 53%  117M 10s
129400K .......... .......... .......... .......... .......... 53%  115M 10s
129450K .......... .......... .......... .......... .......... 53%  117M 10s
129500K .......... .......... .......... .......... .......... 53%  117M 10s
129550K .......... .......... .......... .......... .......... 53%  118M 10s
129600K .......... .......... .......... .......... .......... 53% 88.8M 10s
129650K .......... .......... .......... .......... .......... 53%  117M 9s
129700K .......... .......... .......... .......... .......... 53%  117M 9s
129750K .......... .......... .......... .......... .......... 53%  117M 9s
129800K .......... .......... .......... .......... .......... 53%  116M 9s
129850K .......... .......... .......... .......... .......... 53%  117M 9s
129900K .......... .......... .......... .......... .......... 53%  117M 9s
129950K .......... .......... .......... .......... .......... 53%  117M 9s
130000K .......... .......... .......... .......... .......... 53% 88.8M 9s
130050K .......... .......... .......... .......... .......... 53%  117M 9s
130100K .......... .......... .......... .......... .......... 53%  117M 9s
130150K .......... .......... .......... .......... .......... 53%  117M 9s
130200K .......... .......... .......... .......... .......... 53%  114M 9s
130250K .......... .......... .......... .......... .......... 53%  117M 9s
130300K .......... .......... .......... .......... .......... 53% 81.0M 9s
155700K .......... .......... .......... .......... .......... 64% 3.01M 6s
155750K .......... .......... .......... .......... .......... 64%  116M 6s
155800K .......... .......... .......... .......... .......... 64%  116M 6s
155850K .......... .......... .......... .......... .......... 64%  117M 6s
155900K .......... .......... .......... .......... .......... 64%  116M 6s
155950K .......... .......... .......... .......... .......... 64%  117M 6s
156000K .......... .......... .......... .......... .......... 64% 88.9M 6s
156050K .......... .......... .......... .......... .......... 64%  117M 6s
156100K .......... .......... .......... .......... .......... 64%  117M 6s
156150K .......... .......... .......... .......... .......... 64%  116M 6s
156200K .......... .......... .......... .......... .......... 64%  114M 6s
156250K .......... .......... .......... .......... .......... 64%  116M 6s
156300K .......... .......... .......... .......... .......... 64%  119M 6s
156350K .......... .......... .......... .......... .......... 64%  117M 6s
156400K .......... .......... .......... .......... .......... 64% 88.8M 6s
156450K .......... .......... .......... .......... .......... 64%  117M 6s
156500K .......... .......... .......... .......... .......... 64% 47.8M 6s
156550K .......... .......... .......... .......... .......... 64%  117M 6s
156600K .......... .......... .......... .......... .......... 64%  115M 6s
156650K .......... .......... .......... .......... .......... 64%  117M 6s
156700K .......... .......... .......... .......... .......... 64%  117M 6s
156750K .......... .......... .......... .......... .......... 64%  115M 6s
156800K .......... .......... .......... .......... .......... 64% 87.7M 6s
156850K .......... .......... .......... .......... .......... 64%  117M 6s
156900K .......... .......... .......... .......... .......... 64%  117M 6s
156950K .......... .......... .......... .......... .......... 64%  117M 6s
157000K .......... .......... .......... .......... .......... 64%  115M 6s
157050K .......... .......... .......... .......... .......... 64%  115M 6s
157100K .......... .......... .......... .......... .......... 64%  116M 6s
157150K .......... .......... .......... .......... .......... 64%  118M 6s
157200K .......... .......... .......... .......... .......... 64% 89.8M 6s
157250K .......... .......... .......... .......... .......... 64%  117M 6s
157300K .......... .......... .......... .......... .......... 64%  117M 6s
157350K .......... .......... .......... .......... .......... 64%  117M 6s
157400K .......... .......... .......... .......... .......... 64%  115M 6s
157450K .......... .......... .......... .......... .......... 65%  117M 6s
157500K .......... .......... .......... .......... .......... 65%  117M 6s
130350K .......... .......... .......... .......... .......... 53% 2.84M 9s
157550K .......... .......... .......... .......... .......... 65%  102M 6s
157600K .......... .......... .......... .......... .......... 65% 38.2M 6s
157650K .......... .......... .......... .......... .......... 65%  116M 6s
130400K .......... .......... .......... .......... .......... 53% 1.73M 9s
130450K .......... .......... .......... .......... .......... 53% 40.5M 9s
157700K .......... .......... .......... .......... .......... 65% 1.27M 6s
157750K .......... .......... .......... .......... .......... 65% 6.43M 6s
157800K .......... .......... .......... .......... .......... 65% 49.5M 6s
157850K .......... .......... .......... .......... .......... 65% 8.56M 6s
157900K .......... .......... .......... .......... .......... 65% 3.25M 6s
157950K .......... .......... .......... .......... .......... 65% 4.46M 6s
158000K .......... .......... .......... .......... .......... 65%  932K 6s
158050K .......... .......... .......... .......... .......... 65% 6.78M 6s
158100K .......... .......... .......... .......... .......... 65%  118M 6s
158150K .......... .......... .......... .......... .......... 65%  119M 6s
158200K .......... .......... .......... .......... .......... 65%  116M 6s
158250K .......... .......... .......... .......... .......... 65%  117M 6s
158300K .......... .......... .......... .......... .......... 65%  114M 6s
158350K .......... .......... .......... .......... .......... 65%  118M 6s
158400K .......... .......... .......... .......... .......... 65% 89.7M 6s
158450K .......... .......... .......... .......... .......... 65%  116M 6s
158500K .......... .......... .......... .......... .......... 65%  117M 6s
158550K .......... .......... .......... .......... .......... 65%  117M 6s
158600K .......... .......... .......... .......... .......... 65%  114M 6s
158650K .......... .......... .......... .......... .......... 65%  117M 6s
130500K .......... .......... .......... .......... .......... 53%  426K 10s
130550K .......... .......... .......... .......... .......... 53%  117M 10s
130600K .......... .......... .......... .......... .......... 53%  120M 9s
130650K .......... .......... .......... .......... .......... 53%  118M 9s
130700K .......... .......... .......... .......... .......... 53%  117M 9s
130750K .......... .......... .......... .......... .......... 53%  117M 9s
130800K .......... .......... .......... .......... .......... 54% 88.3M 9s
130850K .......... .......... .......... .......... .......... 54%  117M 9s
130900K .......... .......... .......... .......... .......... 54%  117M 9s
130950K .......... .......... .......... .......... .......... 54%  117M 9s
131000K .......... .......... .......... .......... .......... 54%  115M 9s
158700K .......... .......... .......... .......... .......... 65% 9.17M 6s
131050K .......... .......... .......... .......... .......... 54% 71.2M 9s
131100K .......... .......... .......... .......... .......... 54%  117M 9s
131150K .......... .......... .......... .......... .......... 54%  116M 9s
131200K .......... .......... .......... .......... .......... 54% 86.8M 9s
131250K .......... .......... .......... .......... .......... 54%  117M 9s
131300K .......... .......... .......... .......... .......... 54%  117M 9s
131350K .......... .......... .......... .......... .......... 54%  117M 9s
131400K .......... .......... .......... .......... .......... 54%  113M 9s
131450K .......... .......... .......... .......... .......... 54%  116M 9s
131500K .......... .......... .......... .......... .......... 54%  118M 9s
131550K .......... .......... .......... .......... .......... 54%  117M 9s
131600K .......... .......... .......... .......... .......... 54% 89.7M 9s
131650K .......... .......... .......... .......... .......... 54%  117M 9s
131700K .......... .......... .......... .......... .......... 54%  117M 9s
131750K .......... .......... .......... .......... .......... 54%  117M 9s
131800K .......... .......... .......... .......... .......... 54%  115M 9s
131850K .......... .......... .......... .......... .......... 54%  117M 9s
131900K .......... .......... .......... .......... .......... 54%  116M 9s
131950K .......... .......... .......... .......... .......... 54%  117M 9s
132000K .......... .......... .......... .......... .......... 54% 88.7M 9s
132050K .......... .......... .......... .......... .......... 54%  117M 9s
132100K .......... .......... .......... .......... .......... 54%  117M 9s
132150K .......... .......... .......... .......... .......... 54%  117M 9s
132200K .......... .......... .......... .......... .......... 54%  115M 9s
132250K .......... .......... .......... .......... .......... 54%  117M 9s
132300K .......... .......... .......... .......... .......... 54%  117M 9s
132350K .......... .......... .......... .......... .......... 54%  117M 9s
132400K .......... .......... .......... .......... .......... 54% 87.1M 9s
132450K .......... .......... .......... .......... .......... 54%  117M 9s
132500K .......... .......... .......... .......... .......... 54%  117M 9s
132550K .......... .......... .......... .......... .......... 54%  116M 9s
132600K .......... .......... .......... .......... .......... 54%  114M 9s
132650K .......... .......... .......... .......... .......... 54%  117M 9s
132700K .......... .......... .......... .......... .......... 54%  117M 9s
132750K .......... .......... .......... .......... .......... 54%  117M 9s
132800K .......... .......... .......... .......... .......... 54% 61.1M 9s
158750K .......... .......... .......... .......... .......... 65% 3.01M 6s
158800K .......... .......... .......... .......... .......... 65% 86.7M 6s
158850K .......... .......... .......... .......... .......... 65%  117M 6s
158900K .......... .......... .......... .......... .......... 65%  117M 6s
158950K .......... .......... .......... .......... .......... 65%  117M 6s
159000K .......... .......... .......... .......... .......... 65%  115M 6s
159050K .......... .......... .......... .......... .......... 65%  117M 6s
159100K .......... .......... .......... .......... .......... 65%  118M 6s
159150K .......... .......... .......... .......... .......... 65%  117M 6s
159200K .......... .......... .......... .......... .......... 65% 88.8M 6s
159250K .......... .......... .......... .......... .......... 65%  117M 6s
159300K .......... .......... .......... .......... .......... 65%  117M 6s
159350K .......... .......... .......... .......... .......... 65%  116M 6s
159400K .......... .......... .......... .......... .......... 65%  115M 6s
159450K .......... .......... .......... .......... .......... 65%  115M 6s
159500K .......... .......... .......... .......... .......... 65%  118M 6s
159550K .......... .......... .......... .......... .......... 65% 46.4M 6s
159600K .......... .......... .......... .......... .......... 65% 88.9M 6s
159650K .......... .......... .......... .......... .......... 65%  117M 6s
159700K .......... .......... .......... .......... .......... 65%  115M 6s
159750K .......... .......... .......... .......... .......... 65%  118M 6s
159800K .......... .......... .......... .......... .......... 65%  115M 6s
159850K .......... .......... .......... .......... .......... 65%  116M 6s
159900K .......... .......... .......... .......... .......... 66%  114M 6s
159950K .......... .......... .......... .......... .......... 66%  117M 6s
160000K .......... .......... .......... .......... .......... 66% 89.7M 6s
160050K .......... .......... .......... .......... .......... 66%  116M 6s
160100K .......... .......... .......... .......... .......... 66%  117M 6s
160150K .......... .......... .......... .......... .......... 66%  117M 6s
160200K .......... .......... .......... .......... .......... 66%  114M 6s
160250K .......... .......... .......... .......... .......... 66%  117M 6s
160300K .......... .......... .......... .......... .......... 66%  116M 6s
160350K .......... .......... .......... .......... .......... 66%  117M 6s
160400K .......... .......... .......... .......... .......... 66% 87.5M 6s
160450K .......... .......... .......... .......... .......... 66%  117M 6s
160500K .......... .......... .......... .......... .......... 66%  117M 6s
160550K .......... .......... .......... .......... .......... 66%  102M 6s
132850K .......... .......... .......... .......... .......... 54% 2.88M 9s
132900K .......... .......... .......... .......... .......... 54% 81.2M 9s
160600K .......... .......... .......... .......... .......... 66% 42.5M 6s
160650K .......... .......... .......... .......... .......... 66%  117M 6s
160700K .......... .......... .......... .......... .......... 66%  117M 6s
132950K .......... .......... .......... .......... .......... 54% 2.00M 9s
133000K .......... .......... .......... .......... .......... 54% 36.6M 9s
160750K .......... .......... .......... .......... .......... 66% 1.40M 6s
160800K .......... .......... .......... .......... .......... 66% 5.89M 6s
160850K .......... .......... .......... .......... .......... 66% 50.8M 6s
160900K .......... .......... .......... .......... .......... 66% 2.72M 6s
160950K .......... .......... .......... .......... .......... 66% 64.5M 6s
161000K .......... .......... .......... .......... .......... 66% 3.94M 6s
161050K .......... .......... .......... .......... .......... 66% 1004K 6s
161100K .......... .......... .......... .......... .......... 66% 3.31M 6s
161150K .......... .......... .......... .......... .......... 66%  185M 6s
161200K .......... .......... .......... .......... .......... 66% 96.7M 6s
161250K .......... .......... .......... .......... .......... 66%  113M 6s
161300K .......... .......... .......... .......... .......... 66%  120M 6s
161350K .......... .......... .......... .......... .......... 66%  114M 6s
161400K .......... .......... .......... .......... .......... 66%  115M 6s
161450K .......... .......... .......... .......... .......... 66%  117M 6s
161500K .......... .......... .......... .......... .......... 66%  115M 6s
161550K .......... .......... .......... .......... .......... 66%  117M 6s
161600K .......... .......... .......... .......... .......... 66% 89.7M 6s
161650K .......... .......... .......... .......... .......... 66%  116M 6s
161700K .......... .......... .......... .......... .......... 66%  117M 6s
133050K .......... .......... .......... .......... .......... 54%  413K 9s
133100K .......... .......... .......... .......... .......... 54%  124M 9s
133150K .......... .......... .......... .......... .......... 54%  126M 9s
133200K .......... .......... .......... .......... .......... 54% 89.5M 9s
133250K .......... .......... .......... .......... .......... 55%  117M 9s
133300K .......... .......... .......... .......... .......... 55%  117M 9s
133350K .......... .......... .......... .......... .......... 55%  117M 9s
133400K .......... .......... .......... .......... .......... 55%  115M 9s
133450K .......... .......... .......... .......... .......... 55%  117M 9s
133500K .......... .......... .......... .......... .......... 55%  117M 9s
133550K .......... .......... .......... .......... .......... 55%  117M 9s
161750K .......... .......... .......... .......... .......... 66% 9.25M 6s
133600K .......... .......... .......... .......... .......... 55% 48.8M 9s
133650K .......... .......... .......... .......... .......... 55%  117M 9s
133700K .......... .......... .......... .......... .......... 55%  117M 9s
133750K .......... .......... .......... .......... .......... 55%  117M 9s
133800K .......... .......... .......... .......... .......... 55%  112M 9s
133850K .......... .......... .......... .......... .......... 55%  119M 9s
133900K .......... .......... .......... .......... .......... 55%  117M 9s
133950K .......... .......... .......... .......... .......... 55%  116M 9s
134000K .......... .......... .......... .......... .......... 55% 89.9M 9s
134050K .......... .......... .......... .......... .......... 55%  117M 9s
134100K .......... .......... .......... .......... .......... 55%  116M 9s
134150K .......... .......... .......... .......... .......... 55%  117M 9s
134200K .......... .......... .......... .......... .......... 55%  115M 9s
134250K .......... .......... .......... .......... .......... 55%  117M 9s
134300K .......... .......... .......... .......... .......... 55%  117M 9s
134350K .......... .......... .......... .......... .......... 55%  117M 9s
134400K .......... .......... .......... .......... .......... 55% 87.4M 9s
134450K .......... .......... .......... .......... .......... 55%  117M 9s
134500K .......... .......... .......... .......... .......... 55%  117M 9s
134550K .......... .......... .......... .......... .......... 55%  117M 9s
134600K .......... .......... .......... .......... .......... 55%  115M 9s
134650K .......... .......... .......... .......... .......... 55%  117M 9s
134700K .......... .......... .......... .......... .......... 55%  117M 9s
134750K .......... .......... .......... .......... .......... 55%  113M 9s
134800K .......... .......... .......... .......... .......... 55% 91.7M 9s
134850K .......... .......... .......... .......... .......... 55%  117M 9s
134900K .......... .......... .......... .......... .......... 55%  117M 9s
134950K .......... .......... .......... .......... .......... 55%  117M 9s
135000K .......... .......... .......... .......... .......... 55%  115M 9s
135050K .......... .......... .......... .......... .......... 55%  117M 9s
135100K .......... .......... .......... .......... .......... 55%  117M 9s
135150K .......... .......... .......... .......... .......... 55%  116M 9s
135200K .......... .......... .......... .......... .......... 55% 88.6M 9s
135250K .......... .......... .......... .......... .......... 55%  117M 9s
135300K .......... .......... .......... .......... .......... 55%  117M 9s
135350K .......... .......... .......... .......... .......... 55%  102M 9s
161800K .......... .......... .......... .......... .......... 66% 3.02M 6s
161850K .......... .......... .......... .......... .......... 66%  117M 6s
161900K .......... .......... .......... .......... .......... 66%  117M 6s
161950K .......... .......... .......... .......... .......... 66%  117M 6s
162000K .......... .......... .......... .......... .......... 66% 88.7M 6s
162050K .......... .......... .......... .......... .......... 66%  117M 6s
162100K .......... .......... .......... .......... .......... 66%  117M 6s
162150K .......... .......... .......... .......... .......... 66%  117M 6s
162200K .......... .......... .......... .......... .......... 66%  115M 6s
162250K .......... .......... .......... .......... .......... 66%  116M 6s
162300K .......... .......... .......... .......... .......... 67%  116M 6s
162350K .......... .......... .......... .......... .......... 67%  119M 6s
162400K .......... .......... .......... .......... .......... 67% 87.0M 6s
162450K .......... .......... .......... .......... .......... 67%  117M 6s
162500K .......... .......... .......... .......... .......... 67%  117M 6s
162550K .......... .......... .......... .......... .......... 67%  117M 6s
162600K .......... .......... .......... .......... .......... 67%  114M 6s
162650K .......... .......... .......... .......... .......... 67% 41.9M 6s
162700K .......... .......... .......... .......... .......... 67%  117M 6s
162750K .......... .......... .......... .......... .......... 67%  117M 6s
162800K .......... .......... .......... .......... .......... 67% 89.7M 6s
162850K .......... .......... .......... .......... .......... 67%  117M 6s
162900K .......... .......... .......... .......... .......... 67%  117M 6s
162950K .......... .......... .......... .......... .......... 67%  117M 6s
163000K .......... .......... .......... .......... .......... 67%  115M 6s
163050K .......... .......... .......... .......... .......... 67%  117M 6s
163100K .......... .......... .......... .......... .......... 67%  117M 6s
163150K .......... .......... .......... .......... .......... 67%  117M 5s
163200K .......... .......... .......... .......... .......... 67% 88.9M 5s
163250K .......... .......... .......... .......... .......... 67%  117M 5s
163300K .......... .......... .......... .......... .......... 67%  117M 5s
163350K .......... .......... .......... .......... .......... 67%  117M 5s
163400K .......... .......... .......... .......... .......... 67%  114M 5s
163450K .......... .......... .......... .......... .......... 67%  118M 5s
163500K .......... .......... .......... .......... .......... 67%  117M 5s
163550K .......... .......... .......... .......... .......... 67%  117M 5s
135400K .......... .......... .......... .......... .......... 55% 2.86M 9s
163600K .......... .......... .......... .......... .......... 67% 64.3M 5s
135450K .......... .......... .......... .......... .......... 55% 75.3M 9s
163650K .......... .......... .......... .......... .......... 67% 44.6M 5s
163700K .......... .......... .......... .......... .......... 67%  117M 5s
163750K .......... .......... .......... .......... .......... 67%  117M 5s
135500K .......... .......... .......... .......... .......... 55% 2.23M 9s
163800K .......... .......... .......... .......... .......... 67% 1.57M 5s
163850K .......... .......... .......... .......... .......... 67% 6.22M 5s
163900K .......... .......... .......... .......... .......... 67% 35.7M 5s
163950K .......... .......... .......... .......... .......... 67% 2.72M 5s
164000K .......... .......... .......... .......... .......... 67% 54.4M 5s
135550K .......... .......... .......... .......... .......... 55%  182M 9s
164050K .......... .......... .......... .......... .......... 67% 3.98M 5s
164100K .......... .......... .......... .......... .......... 67%  820K 5s
164150K .......... .......... .......... .......... .......... 67% 13.0M 5s
164200K .......... .......... .......... .......... .......... 67% 12.9M 5s
164250K .......... .......... .......... .......... .......... 67%  105M 5s
164300K .......... .......... .......... .......... .......... 67%  139M 5s
164350K .......... .......... .......... .......... .......... 67%  111M 5s
164400K .......... .......... .......... .......... .......... 67% 90.7M 5s
164450K .......... .......... .......... .......... .......... 67%  117M 5s
164500K .......... .......... .......... .......... .......... 67%  116M 5s
164550K .......... .......... .......... .......... .......... 67%  118M 5s
164600K .......... .......... .......... .......... .......... 67%  112M 5s
164650K .......... .......... .......... .......... .......... 67%  119M 5s
164700K .......... .......... .......... .......... .......... 67%  117M 5s
164750K .......... .......... .......... .......... .......... 68%  117M 5s
135600K .......... .......... .......... .......... .......... 55%  401K 9s
135650K .......... .......... .......... .......... .......... 56%  133M 9s
135700K .......... .......... .......... .......... .......... 56%  117M 9s
135750K .......... .......... .......... .......... .......... 56%  117M 9s
135800K .......... .......... .......... .......... .......... 56%  115M 9s
135850K .......... .......... .......... .......... .......... 56%  117M 9s
135900K .......... .......... .......... .......... .......... 56%  116M 9s
135950K .......... .......... .......... .......... .......... 56%  116M 9s
136000K .......... .......... .......... .......... .......... 56% 89.8M 9s
136050K .......... .......... .......... .......... .......... 56%  117M 9s
136100K .......... .......... .......... .......... .......... 56%  117M 9s
164800K .......... .......... .......... .......... .......... 68% 9.07M 5s
136150K .......... .......... .......... .......... .......... 56% 70.8M 9s
136200K .......... .......... .......... .......... .......... 56%  115M 9s
136250K .......... .......... .......... .......... .......... 56%  117M 9s
136300K .......... .......... .......... .......... .......... 56%  115M 9s
136350K .......... .......... .......... .......... .......... 56%  118M 9s
136400K .......... .......... .......... .......... .......... 56% 88.8M 9s
136450K .......... .......... .......... .......... .......... 56%  117M 9s
136500K .......... .......... .......... .......... .......... 56%  117M 9s
136550K .......... .......... .......... .......... .......... 56%  117M 9s
136600K .......... .......... .......... .......... .......... 56%  115M 9s
136650K .......... .......... .......... .......... .......... 56%  117M 9s
136700K .......... .......... .......... .......... .......... 56%  117M 9s
136750K .......... .......... .......... .......... .......... 56%  117M 9s
136800K .......... .......... .......... .......... .......... 56% 87.6M 9s
136850K .......... .......... .......... .......... .......... 56%  117M 9s
136900K .......... .......... .......... .......... .......... 56%  117M 9s
136950K .......... .......... .......... .......... .......... 56%  117M 9s
137000K .......... .......... .......... .......... .......... 56%  115M 9s
137050K .......... .......... .......... .......... .......... 56%  117M 9s
137100K .......... .......... .......... .......... .......... 56%  115M 9s
137150K .......... .......... .......... .......... .......... 56%  117M 9s
137200K .......... .......... .......... .......... .......... 56% 89.7M 9s
137250K .......... .......... .......... .......... .......... 56%  117M 9s
137300K .......... .......... .......... .......... .......... 56%  117M 9s
137350K .......... .......... .......... .......... .......... 56%  117M 9s
137400K .......... .......... .......... .......... .......... 56%  114M 9s
137450K .......... .......... .......... .......... .......... 56%  118M 9s
137500K .......... .......... .......... .......... .......... 56%  117M 9s
137550K .......... .......... .......... .......... .......... 56%  117M 9s
137600K .......... .......... .......... .......... .......... 56% 88.7M 9s
137650K .......... .......... .......... .......... .......... 56%  114M 9s
137700K .......... .......... .......... .......... .......... 56%  117M 9s
137750K .......... .......... .......... .......... .......... 56%  117M 9s
137800K .......... .......... .......... .......... .......... 56%  115M 9s
137850K .......... .......... .......... .......... .......... 56%  115M 9s
137900K .......... .......... .......... .......... .......... 56% 71.4M 9s
164850K .......... .......... .......... .......... .......... 68% 3.02M 5s
164900K .......... .......... .......... .......... .......... 68%  119M 5s
164950K .......... .......... .......... .......... .......... 68%  117M 5s
165000K .......... .......... .......... .......... .......... 68%  115M 5s
165050K .......... .......... .......... .......... .......... 68%  115M 5s
165100K .......... .......... .......... .......... .......... 68%  118M 5s
165150K .......... .......... .......... .......... .......... 68%  116M 5s
165200K .......... .......... .......... .......... .......... 68% 87.8M 5s
165250K .......... .......... .......... .......... .......... 68%  117M 5s
165300K .......... .......... .......... .......... .......... 68%  117M 5s
165350K .......... .......... .......... .......... .......... 68%  117M 5s
165400K .......... .......... .......... .......... .......... 68%  115M 5s
165450K .......... .......... .......... .......... .......... 68%  117M 5s
165500K .......... .......... .......... .......... .......... 68%  117M 5s
165550K .......... .......... .......... .......... .......... 68%  117M 5s
165600K .......... .......... .......... .......... .......... 68% 89.7M 5s
165650K .......... .......... .......... .......... .......... 68%  117M 5s
165700K .......... .......... .......... .......... .......... 68% 41.9M 5s
165750K .......... .......... .......... .......... .......... 68%  116M 5s
165800K .......... .......... .......... .......... .......... 68%  115M 5s
165850K .......... .......... .......... .......... .......... 68%  117M 5s
165900K .......... .......... .......... .......... .......... 68%  115M 5s
165950K .......... .......... .......... .......... .......... 68%  117M 5s
166000K .......... .......... .......... .......... .......... 68% 89.8M 5s
166050K .......... .......... .......... .......... .......... 68%  117M 5s
166100K .......... .......... .......... .......... .......... 68%  117M 5s
166150K .......... .......... .......... .......... .......... 68%  116M 5s
166200K .......... .......... .......... .......... .......... 68%  115M 5s
166250K .......... .......... .......... .......... .......... 68%  117M 5s
166300K .......... .......... .......... .......... .......... 68%  117M 5s
166350K .......... .......... .......... .......... .......... 68%  117M 5s
166400K .......... .......... .......... .......... .......... 68% 87.2M 5s
166450K .......... .......... .......... .......... .......... 68%  117M 5s
166500K .......... .......... .......... .......... .......... 68%  117M 5s
166550K .......... .......... .......... .......... .......... 68%  117M 5s
166600K .......... .......... .......... .......... .......... 68%  114M 5s
166650K .......... .......... .......... .......... .......... 68%  117M 5s
137950K .......... .......... .......... .......... .......... 56% 2.83M 9s
138000K .......... .......... .......... .......... .......... 56% 89.8M 9s
166700K .......... .......... .......... .......... .......... 68% 37.6M 5s
166750K .......... .......... .......... .......... .......... 68%  118M 5s
166800K .......... .......... .......... .......... .......... 68% 89.7M 5s
138050K .......... .......... .......... .......... .......... 56% 2.71M 9s
166850K .......... .......... .......... .......... .......... 68% 1.78M 5s
166900K .......... .......... .......... .......... .......... 68% 6.14M 5s
166950K .......... .......... .......... .......... .......... 68% 36.6M 5s
167000K .......... .......... .......... .......... .......... 68% 2.72M 5s
167050K .......... .......... .......... .......... .......... 68% 60.6M 5s
138100K .......... .......... .......... .......... .......... 57% 1.20M 9s
167100K .......... .......... .......... .......... .......... 68% 5.52M 5s
167150K .......... .......... .......... .......... .......... 69%  775K 5s
167200K .......... .......... .......... .......... .......... 69% 6.60M 5s
167250K .......... .......... .......... .......... .......... 69% 12.8M 5s
167300K .......... .......... .......... .......... .......... 69%  118M 5s
167350K .......... .......... .......... .......... .......... 69%  116M 5s
167400K .......... .......... .......... .......... .......... 69%  113M 5s
167450K .......... .......... .......... .......... .......... 69%  117M 5s
167500K .......... .......... .......... .......... .......... 69%  119M 5s
167550K .......... .......... .......... .......... .......... 69%  117M 5s
167600K .......... .......... .......... .......... .......... 69% 86.8M 5s
167650K .......... .......... .......... .......... .......... 69%  117M 5s
167700K .......... .......... .......... .......... .......... 69%  116M 5s
167750K .......... .......... .......... .......... .......... 69%  117M 5s
167800K .......... .......... .......... .......... .......... 69%  111M 5s
138150K .......... .......... .......... .......... .......... 57%  568K 9s
138200K .......... .......... .......... .......... .......... 57%  115M 9s
138250K .......... .......... .......... .......... .......... 57%  117M 9s
138300K .......... .......... .......... .......... .......... 57%  118M 9s
138350K .......... .......... .......... .......... .......... 57%  115M 9s
138400K .......... .......... .......... .......... .......... 57% 89.5M 9s
138450K .......... .......... .......... .......... .......... 57%  117M 9s
138500K .......... .......... .......... .......... .......... 57%  117M 9s
138550K .......... .......... .......... .......... .......... 57%  117M 9s
138600K .......... .......... .......... .......... .......... 57%  114M 9s
138650K .......... .......... .......... .......... .......... 57%  117M 9s
167850K .......... .......... .......... .......... .......... 69% 9.43M 5s
138700K .......... .......... .......... .......... .......... 57% 71.1M 9s
138750K .......... .......... .......... .......... .......... 57%  117M 9s
138800K .......... .......... .......... .......... .......... 57% 87.4M 9s
138850K .......... .......... .......... .......... .......... 57%  117M 9s
138900K .......... .......... .......... .......... .......... 57%  117M 9s
138950K .......... .......... .......... .......... .......... 57%  117M 9s
139000K .......... .......... .......... .......... .......... 57%  114M 9s
139050K .......... .......... .......... .......... .......... 57%  117M 9s
139100K .......... .......... .......... .......... .......... 57%  115M 9s
139150K .......... .......... .......... .......... .......... 57%  119M 9s
139200K .......... .......... .......... .......... .......... 57% 89.7M 9s
139250K .......... .......... .......... .......... .......... 57%  117M 9s
139300K .......... .......... .......... .......... .......... 57%  117M 9s
139350K .......... .......... .......... .......... .......... 57%  117M 9s
139400K .......... .......... .......... .......... .......... 57%  115M 9s
139450K .......... .......... .......... .......... .......... 57%  117M 9s
139500K .......... .......... .......... .......... .......... 57%  117M 9s
139550K .......... .......... .......... .......... .......... 57%  117M 9s
139600K .......... .......... .......... .......... .......... 57% 89.0M 9s
139650K .......... .......... .......... .......... .......... 57%  117M 9s
139700K .......... .......... .......... .......... .......... 57%  117M 9s
139750K .......... .......... .......... .......... .......... 57%  117M 9s
139800K .......... .......... .......... .......... .......... 57%  115M 9s
139850K .......... .......... .......... .......... .......... 57%  113M 9s
139900K .......... .......... .......... .......... .......... 57%  119M 9s
139950K .......... .......... .......... .......... .......... 57%  117M 9s
140000K .......... .......... .......... .......... .......... 57% 87.5M 9s
140050K .......... .......... .......... .......... .......... 57%  117M 9s
140100K .......... .......... .......... .......... .......... 57%  116M 9s
140150K .......... .......... .......... .......... .......... 57%  117M 9s
140200K .......... .......... .......... .......... .......... 57%  115M 8s
140250K .......... .......... .......... .......... .......... 57%  117M 8s
140300K .......... .......... .......... .......... .......... 57%  117M 8s
140350K .......... .......... .......... .......... .......... 57%  117M 8s
140400K .......... .......... .......... .......... .......... 57% 73.7M 8s
140450K .......... .......... .......... .......... .......... 57%  117M 8s
167900K .......... .......... .......... .......... .......... 69% 3.02M 5s
167950K .......... .......... .......... .......... .......... 69%  113M 5s
168000K .......... .......... .......... .......... .......... 69% 89.7M 5s
168050K .......... .......... .......... .......... .......... 69%  117M 5s
168100K .......... .......... .......... .......... .......... 69%  116M 5s
168150K .......... .......... .......... .......... .......... 69%  116M 5s
168200K .......... .......... .......... .......... .......... 69%  115M 5s
168250K .......... .......... .......... .......... .......... 69%  117M 5s
168300K .......... .......... .......... .......... .......... 69%  117M 5s
168350K .......... .......... .......... .......... .......... 69%  117M 5s
168400K .......... .......... .......... .......... .......... 69% 87.7M 5s
168450K .......... .......... .......... .......... .......... 69%  117M 5s
168500K .......... .......... .......... .......... .......... 69%  116M 5s
168550K .......... .......... .......... .......... .......... 69%  117M 5s
168600K .......... .......... .......... .......... .......... 69%  114M 5s
168650K .......... .......... .......... .......... .......... 69%  116M 5s
168700K .......... .......... .......... .......... .......... 69%  119M 5s
168750K .......... .......... .......... .......... .......... 69%  117M 5s
168800K .......... .......... .......... .......... .......... 69% 37.6M 5s
168850K .......... .......... .......... .......... .......... 69%  116M 5s
168900K .......... .......... .......... .......... .......... 69%  116M 5s
168950K .......... .......... .......... .......... .......... 69%  117M 5s
169000K .......... .......... .......... .......... .......... 69%  115M 5s
169050K .......... .......... .......... .......... .......... 69%  115M 5s
169100K .......... .......... .......... .......... .......... 69%  118M 5s
169150K .......... .......... .......... .......... .......... 69%  118M 5s
169200K .......... .......... .......... .......... .......... 69% 88.9M 5s
169250K .......... .......... .......... .......... .......... 69%  117M 5s
169300K .......... .......... .......... .......... .......... 69%  117M 5s
169350K .......... .......... .......... .......... .......... 69%  117M 5s
169400K .......... .......... .......... .......... .......... 69%  116M 5s
169450K .......... .......... .......... .......... .......... 69%  117M 5s
169500K .......... .......... .......... .......... .......... 69%  115M 5s
169550K .......... .......... .......... .......... .......... 70%  118M 5s
169600K .......... .......... .......... .......... .......... 70% 87.0M 5s
169650K .......... .......... .......... .......... .......... 70%  116M 5s
169700K .......... .......... .......... .......... .......... 70%  102M 5s
140500K .......... .......... .......... .......... .......... 58% 2.80M 8s
140550K .......... .......... .......... .......... .......... 58%  117M 8s
169750K .......... .......... .......... .......... .......... 70% 39.6M 5s
169800K .......... .......... .......... .......... .......... 70%  116M 5s
169850K .......... .......... .......... .......... .......... 70%  117M 5s
140600K .......... .......... .......... .......... .......... 58% 3.41M 8s
169900K .......... .......... .......... .......... .......... 70% 2.83M 5s
169950K .......... .......... .......... .......... .......... 70% 3.35M 5s
170000K .......... .......... .......... .......... .......... 70% 32.0M 5s
170050K .......... .......... .......... .......... .......... 70% 2.72M 5s
170100K .......... .......... .......... .......... .......... 70% 64.0M 5s
140650K .......... .......... .......... .......... .......... 58% 1.20M 8s
170150K .......... .......... .......... .......... .......... 70% 5.52M 5s
170200K .......... .......... .......... .......... .......... 70%  773K 5s
170250K .......... .......... .......... .......... .......... 70% 13.9M 5s
170300K .......... .......... .......... .......... .......... 70% 4.41M 5s
170350K .......... .......... .......... .......... .......... 70%  132M 5s
170400K .......... .......... .......... .......... .......... 70% 91.8M 5s
170450K .......... .......... .......... .......... .......... 70%  117M 5s
170500K .......... .......... .......... .......... .......... 70%  116M 5s
170550K .......... .......... .......... .......... .......... 70%  117M 5s
170600K .......... .......... .......... .......... .......... 70%  115M 5s
170650K .......... .......... .......... .......... .......... 70%  114M 5s
170700K .......... .......... .......... .......... .......... 70%  118M 5s
170750K .......... .......... .......... .......... .......... 70%  117M 5s
170800K .......... .......... .......... .......... .......... 70% 89.7M 5s
170850K .......... .......... .......... .......... .......... 70%  116M 5s
140700K .......... .......... .......... .......... .......... 58%  547K 9s
140750K .......... .......... .......... .......... .......... 58%  117M 9s
140800K .......... .......... .......... .......... .......... 58% 89.7M 9s
140850K .......... .......... .......... .......... .......... 58%  116M 9s
140900K .......... .......... .......... .......... .......... 58%  117M 9s
140950K .......... .......... .......... .......... .......... 58%  113M 9s
141000K .......... .......... .......... .......... .......... 58%  114M 9s
141050K .......... .......... .......... .......... .......... 58%  118M 8s
141100K .......... .......... .......... .......... .......... 58%  117M 8s
141150K .......... .......... .......... .......... .......... 58%  118M 8s
170900K .......... .......... .......... .......... .......... 70% 9.45M 5s
141200K .......... .......... .......... .......... .......... 58% 59.4M 8s
141250K .......... .......... .......... .......... .......... 58%  117M 8s
141300K .......... .......... .......... .......... .......... 58%  117M 8s
141350K .......... .......... .......... .......... .......... 58%  117M 8s
141400K .......... .......... .......... .......... .......... 58%  114M 8s
141450K .......... .......... .......... .......... .......... 58%  117M 8s
141500K .......... .......... .......... .......... .......... 58%  117M 8s
141550K .......... .......... .......... .......... .......... 58%  117M 8s
141600K .......... .......... .......... .......... .......... 58% 89.7M 8s
141650K .......... .......... .......... .......... .......... 58%  116M 8s
141700K .......... .......... .......... .......... .......... 58%  117M 8s
141750K .......... .......... .......... .......... .......... 58%  117M 8s
141800K .......... .......... .......... .......... .......... 58%  115M 8s
141850K .......... .......... .......... .......... .......... 58%  117M 8s
141900K .......... .......... .......... .......... .......... 58%  117M 8s
141950K .......... .......... .......... .......... .......... 58%  117M 8s
142000K .......... .......... .......... .......... .......... 58% 87.5M 8s
142050K .......... .......... .......... .......... .......... 58%  117M 8s
142100K .......... .......... .......... .......... .......... 58%  116M 8s
142150K .......... .......... .......... .......... .......... 58%  117M 8s
142200K .......... .......... .......... .......... .......... 58%  115M 8s
142250K .......... .......... .......... .......... .......... 58%  117M 8s
142300K .......... .......... .......... .......... .......... 58%  117M 8s
142350K .......... .......... .......... .......... .......... 58%  117M 8s
142400K .......... .......... .......... .......... .......... 58% 89.5M 8s
142450K .......... .......... .......... .......... .......... 58%  117M 8s
142500K .......... .......... .......... .......... .......... 58%  117M 8s
142550K .......... .......... .......... .......... .......... 58%  117M 8s
142600K .......... .......... .......... .......... .......... 58%  114M 8s
142650K .......... .......... .......... .......... .......... 58%  118M 8s
142700K .......... .......... .......... .......... .......... 58%  117M 8s
142750K .......... .......... .......... .......... .......... 58%  117M 8s
142800K .......... .......... .......... .......... .......... 58% 88.8M 8s
142850K .......... .......... .......... .......... .......... 58%  117M 8s
142900K .......... .......... .......... .......... .......... 59%  117M 8s
142950K .......... .......... .......... .......... .......... 59% 73.2M 8s
143000K .......... .......... .......... .......... .......... 59%  115M 8s
170950K .......... .......... .......... .......... .......... 70% 3.02M 5s
171000K .......... .......... .......... .......... .......... 70%  116M 5s
171050K .......... .......... .......... .......... .......... 70%  115M 5s
171100K .......... .......... .......... .......... .......... 70%  117M 5s
171150K .......... .......... .......... .......... .......... 70%  116M 5s
171200K .......... .......... .......... .......... .......... 70% 87.7M 5s
171250K .......... .......... .......... .......... .......... 70%  117M 5s
171300K .......... .......... .......... .......... .......... 70%  117M 5s
171350K .......... .......... .......... .......... .......... 70%  117M 5s
171400K .......... .......... .......... .......... .......... 70%  111M 5s
171450K .......... .......... .......... .......... .......... 70%  123M 5s
171500K .......... .......... .......... .......... .......... 70%  117M 5s
171550K .......... .......... .......... .......... .......... 70%  117M 5s
171600K .......... .......... .......... .......... .......... 70% 89.0M 5s
171650K .......... .......... .......... .......... .......... 70%  116M 5s
171700K .......... .......... .......... .......... .......... 70%  117M 5s
171750K .......... .......... .......... .......... .......... 70%  117M 5s
171800K .......... .......... .......... .......... .......... 70% 42.4M 5s
171850K .......... .......... .......... .......... .......... 70%  117M 5s
171900K .......... .......... .......... .......... .......... 70%  117M 5s
171950K .......... .......... .......... .......... .......... 70%  115M 5s
143050K .......... .......... .......... .......... .......... 59% 2.81M 8s
143100K .......... .......... .......... .......... .......... 59%  117M 8s
143150K .......... .......... .......... .......... .......... 59% 4.53M 8s
143200K .......... .......... .......... .......... .......... 59%  369K 8s
143250K .......... .......... .......... .......... .......... 59%  200M 8s
143300K .......... .......... .......... .......... .......... 59%  125M 8s
143350K .......... .......... .......... .......... .......... 59%  116M 8s
143400K .......... .......... .......... .......... .......... 59%  116M 8s
143450K .......... .......... .......... .......... .......... 59%  115M 8s
143500K .......... .......... .......... .......... .......... 59%  117M 8s
143550K .......... .......... .......... .......... .......... 59%  117M 8s
143600K .......... .......... .......... .......... .......... 59% 89.7M 8s
143650K .......... .......... .......... .......... .......... 59%  117M 8s
143700K .......... .......... .......... .......... .......... 59%  117M 8s
143750K .......... .......... .......... .......... .......... 59% 70.8M 8s
143800K .......... .......... .......... .......... .......... 59%  115M 8s
143850K .......... .......... .......... .......... .......... 59%  117M 8s
143900K .......... .......... .......... .......... .......... 59%  117M 8s
143950K .......... .......... .......... .......... .......... 59%  115M 8s
144000K .......... .......... .......... .......... .......... 59% 89.7M 8s
144050K .......... .......... .......... .......... .......... 59%  117M 8s
144100K .......... .......... .......... .......... .......... 59%  117M 8s
144150K .......... .......... .......... .......... .......... 59%  117M 8s
144200K .......... .......... .......... .......... .......... 59%  115M 8s
144250K .......... .......... .......... .......... .......... 59%  112M 8s
144300K .......... .......... .......... .......... .......... 59%  117M 8s
144350K .......... .......... .......... .......... .......... 59%  116M 8s
144400K .......... .......... .......... .......... .......... 59% 90.2M 8s
144450K .......... .......... .......... .......... .......... 59%  117M 8s
144500K .......... .......... .......... .......... .......... 59%  117M 8s
144550K .......... .......... .......... .......... .......... 59%  116M 8s
144600K .......... .......... .......... .......... .......... 59%  116M 8s
144650K .......... .......... .......... .......... .......... 59%  116M 8s
144700K .......... .......... .......... .......... .......... 59%  117M 8s
144750K .......... .......... .......... .......... .......... 59%  117M 8s
144800K .......... .......... .......... .......... .......... 59% 88.7M 8s
144850K .......... .......... .......... .......... .......... 59%  117M 8s
144900K .......... .......... .......... .......... .......... 59%  117M 8s
144950K .......... .......... .......... .......... .......... 59%  117M 8s
145000K .......... .......... .......... .......... .......... 59%  115M 8s
145050K .......... .......... .......... .......... .......... 59%  117M 8s
145100K .......... .......... .......... .......... .......... 59%  117M 8s
145150K .......... .......... .......... .......... .......... 59%  114M 8s
145200K .......... .......... .......... .......... .......... 59% 88.3M 8s
145250K .......... .......... .......... .......... .......... 59%  117M 8s
145300K .......... .......... .......... .......... .......... 59%  117M 8s
145350K .......... .......... .......... .......... .......... 60%  117M 8s
145400K .......... .......... .......... .......... .......... 60%  114M 8s
145450K .......... .......... .......... .......... .......... 60%  118M 8s
145500K .......... .......... .......... .......... .......... 60% 80.5M 8s
172000K .......... .......... .......... .......... .......... 71%  273K 5s
172050K .......... .......... .......... .......... .......... 71% 1.05G 5s
172100K .......... .......... .......... .......... .......... 71% 1.11G 5s
172150K .......... .......... .......... .......... .......... 71%  908M 5s
172200K .......... .......... .......... .......... .......... 71%  633M 5s
172250K .......... .......... .......... .......... .......... 71% 1.16G 5s
172300K .......... .......... .......... .......... .......... 71% 1.08G 5s
172350K .......... .......... .......... .......... .......... 71%  953M 5s
172400K .......... .......... .......... .......... .......... 71%  831M 5s
172450K .......... .......... .......... .......... .......... 71%  830M 5s
172500K .......... .......... .......... .......... .......... 71% 1.10G 5s
172550K .......... .......... .......... .......... .......... 71% 1.12G 5s
172600K .......... .......... .......... .......... .......... 71%  936M 5s
172650K .......... .......... .......... .......... .......... 71% 1.08G 5s
172700K .......... .......... .......... .......... .......... 71%  952M 5s
172750K .......... .......... .......... .......... .......... 71% 1.10G 5s
172800K .......... .......... .......... .......... .......... 71%  878M 5s
172850K .......... .......... .......... .......... .......... 71% 1.11G 5s
172900K .......... .......... .......... .......... .......... 71% 1.12G 5s
172950K .......... .......... .......... .......... .......... 71%  986M 5s
173000K .......... .......... .......... .......... .......... 71%  950M 5s
173050K .......... .......... .......... .......... .......... 71% 1.13G 5s
173100K .......... .......... .......... .......... .......... 71% 1.14G 5s
173150K .......... .......... .......... .......... .......... 71% 1.13G 5s
173200K .......... .......... .......... .......... .......... 71%  792M 5s
173250K .......... .......... .......... .......... .......... 71% 1.15G 5s
173300K .......... .......... .......... .......... .......... 71%  971M 5s
173350K .......... .......... .......... .......... .......... 71% 1.08G 5s
173400K .......... .......... .......... .......... .......... 71%  901M 5s
173450K .......... .......... .......... .......... .......... 71%  966M 5s
173500K .......... .......... .......... .......... .......... 71% 1.05G 5s
173550K .......... .......... .......... .......... .......... 71% 1.02G 5s
173600K .......... .......... .......... .......... .......... 71%  843M 5s
173650K .......... .......... .......... .......... .......... 71% 1.06G 5s
173700K .......... .......... .......... .......... .......... 71%  928M 5s
173750K .......... .......... .......... .......... .......... 71% 1018M 5s
173800K .......... .......... .......... .......... .......... 71%  899M 5s
173850K .......... .......... .......... .......... .......... 71% 1.05G 5s
173900K .......... .......... .......... .......... .......... 71% 1.07G 5s
173950K .......... .......... .......... .......... .......... 71%  941M 5s
174000K .......... .......... .......... .......... .......... 71%  833M 5s
174050K .......... .......... .......... .......... .......... 71% 1.05G 5s
174100K .......... .......... .......... .......... .......... 71% 1.07G 5s
174150K .......... .......... .......... .......... .......... 71%  983M 5s
174200K .......... .......... .......... .......... .......... 71%  872M 5s
174250K .......... .......... .......... .......... .......... 71% 1.08G 5s
174300K .......... .......... .......... .......... .......... 71% 1.04G 5s
174350K .......... .......... .......... .......... .......... 71%  991M 5s
174400K .......... .......... .......... .......... .......... 72%  912M 5s
174450K .......... .......... .......... .......... .......... 72%  960M 5s
174500K .......... .......... .......... .......... .......... 72% 1.09G 5s
174550K .......... .......... .......... .......... .......... 72% 1022M 5s
174600K .......... .......... .......... .......... .......... 72%  986M 5s
174650K .......... .......... .......... .......... .......... 72% 1.10G 5s
174700K .......... .......... .......... .......... .......... 72%  929M 5s
174750K .......... .......... .......... .......... .......... 72% 1016M 5s
174800K .......... .......... .......... .......... .......... 72%  941M 5s
145550K .......... .......... .......... .......... .......... 60% 3.62M 8s
145600K .......... .......... .......... .......... .......... 60% 50.6M 8s
145650K .......... .......... .......... .......... .......... 60% 5.14M 8s
145700K .......... .......... .......... .......... .......... 60% 29.9M 8s
145750K .......... .......... .......... .......... .......... 60%  591K 8s
145800K .......... .......... .......... .......... .......... 60%  977K 8s
145850K .......... .......... .......... .......... .......... 60%  117M 8s
145900K .......... .......... .......... .......... .......... 60%  115M 8s
145950K .......... .......... .......... .......... .......... 60%  120M 8s
146000K .......... .......... .......... .......... .......... 60% 88.0M 8s
146050K .......... .......... .......... .......... .......... 60%  118M 8s
146100K .......... .......... .......... .......... .......... 60%  117M 8s
146150K .......... .......... .......... .......... .......... 60%  116M 8s
146200K .......... .......... .......... .......... .......... 60%  115M 8s
146250K .......... .......... .......... .......... .......... 60%  117M 8s
146300K .......... .......... .......... .......... .......... 60% 68.9M 8s
146350K .......... .......... .......... .......... .......... 60%  118M 8s
146400K .......... .......... .......... .......... .......... 60% 87.5M 8s
146450K .......... .......... .......... .......... .......... 60%  117M 8s
146500K .......... .......... .......... .......... .......... 60%  109M 8s
146550K .......... .......... .......... .......... .......... 60%  115M 8s
146600K .......... .......... .......... .......... .......... 60%  100M 8s
146650K .......... .......... .......... .......... .......... 60%  116M 8s
146700K .......... .......... .......... .......... .......... 60% 42.2M 8s
146750K .......... .......... .......... .......... .......... 60%  117M 8s
146800K .......... .......... .......... .......... .......... 60% 89.7M 8s
146850K .......... .......... .......... .......... .......... 60%  116M 8s
146900K .......... .......... .......... .......... .......... 60%  117M 8s
146950K .......... .......... .......... .......... .......... 60%  117M 8s
147000K .......... .......... .......... .......... .......... 60%  114M 8s
147050K .......... .......... .......... .......... .......... 60%  117M 8s
147100K .......... .......... .......... .......... .......... 60%  118M 8s
147150K .......... .......... .......... .......... .......... 60%  117M 8s
147200K .......... .......... .......... .......... .......... 60% 88.8M 8s
147250K .......... .......... .......... .......... .......... 60%  116M 8s
147300K .......... .......... .......... .......... .......... 60%  117M 8s
147350K .......... .......... .......... .......... .......... 60%  117M 8s
147400K .......... .......... .......... .......... .......... 60%  114M 8s
147450K .......... .......... .......... .......... .......... 60%  117M 8s
147500K .......... .......... .......... .......... .......... 60%  117M 8s
147550K .......... .......... .......... .......... .......... 60%  117M 8s
147600K .......... .......... .......... .......... .......... 60% 87.5M 8s
147650K .......... .......... .......... .......... .......... 60%  117M 8s
147700K .......... .......... .......... .......... .......... 60%  117M 8s
147750K .......... .......... .......... .......... .......... 61%  117M 8s
147800K .......... .......... .......... .......... .......... 61%  115M 8s
147850K .......... .......... .......... .......... .......... 61%  117M 8s
147900K .......... .......... .......... .......... .......... 61%  117M 8s
147950K .......... .......... .......... .......... .......... 61%  118M 8s
148000K .......... .......... .......... .......... .......... 61% 88.8M 8s
148050K .......... .......... .......... .......... .......... 61%  117M 8s
174850K .......... .......... .......... .......... .......... 72%  280K 5s
174900K .......... .......... .......... .......... .......... 72%  134M 5s
174950K .......... .......... .......... .......... .......... 72% 88.7M 5s
175000K .......... .......... .......... .......... .......... 72% 91.6M 5s
175050K .......... .......... .......... .......... .......... 72% 57.5M 5s
175100K .......... .......... .......... .......... .......... 72%  117M 5s
175150K .......... .......... .......... .......... .......... 72%  116M 5s
175200K .......... .......... .......... .......... .......... 72% 89.5M 5s
175250K .......... .......... .......... .......... .......... 72%  117M 5s
175300K .......... .......... .......... .......... .......... 72%  117M 5s
175350K .......... .......... .......... .......... .......... 72%  117M 5s
175400K .......... .......... .......... .......... .......... 72%  115M 5s
175450K .......... .......... .......... .......... .......... 72%  117M 5s
175500K .......... .......... .......... .......... .......... 72%  117M 5s
175550K .......... .......... .......... .......... .......... 72%  117M 5s
175600K .......... .......... .......... .......... .......... 72% 87.0M 5s
175650K .......... .......... .......... .......... .......... 72%  117M 5s
175700K .......... .......... .......... .......... .......... 72%  116M 5s
175750K .......... .......... .......... .......... .......... 72%  117M 5s
175800K .......... .......... .......... .......... .......... 72%  115M 5s
175850K .......... .......... .......... .......... .......... 72%  117M 5s
175900K .......... .......... .......... .......... .......... 72% 86.3M 5s
175950K .......... .......... .......... .......... .......... 72%  117M 5s
176000K .......... .......... .......... .......... .......... 72% 89.8M 5s
176050K .......... .......... .......... .......... .......... 72%  117M 5s
176100K .......... .......... .......... .......... .......... 72%  117M 5s
176150K .......... .......... .......... .......... .......... 72%  116M 5s
176200K .......... .......... .......... .......... .......... 72%  116M 5s
176250K .......... .......... .......... .......... .......... 72%  117M 5s
148100K .......... .......... .......... .......... .......... 61% 2.38M 8s
176300K .......... .......... .......... .......... .......... 72% 74.9M 5s
176350K .......... .......... .......... .......... .......... 72%  115M 5s
176400K .......... .......... .......... .......... .......... 72% 89.9M 5s
176450K .......... .......... .......... .......... .......... 72% 87.8M 5s
176500K .......... .......... .......... .......... .......... 72%  108M 5s
176550K .......... .......... .......... .......... .......... 72%  117M 5s
148150K .......... .......... .......... .......... .......... 61% 15.7M 8s
176600K .......... .......... .......... .......... .......... 72% 73.5M 5s
176650K .......... .......... .......... .......... .......... 72%  119M 5s
176700K .......... .......... .......... .......... .......... 72%  112M 5s
176750K .......... .......... .......... .......... .......... 72%  121M 5s
176800K .......... .......... .......... .......... .......... 72% 83.8M 5s
176850K .......... .......... .......... .......... .......... 73%  117M 5s
176900K .......... .......... .......... .......... .......... 73%  117M 5s
176950K .......... .......... .......... .......... .......... 73%  117M 5s
148200K .......... .......... .......... .......... .......... 61% 12.3M 8s
148250K .......... .......... .......... .......... .......... 61% 1.30M 8s
148300K .......... .......... .......... .......... .......... 61% 1.10M 8s
148350K .......... .......... .......... .......... .......... 61%  979K 8s
148400K .......... .......... .......... .......... .......... 61% 87.7M 8s
148450K .......... .......... .......... .......... .......... 61%  115M 8s
148500K .......... .......... .......... .......... .......... 61%  117M 8s
148550K .......... .......... .......... .......... .......... 61%  117M 8s
148600K .......... .......... .......... .......... .......... 61%  111M 8s
148650K .......... .......... .......... .......... .......... 61%  109M 8s
148700K .......... .......... .......... .......... .......... 61%  119M 8s
148750K .......... .......... .......... .......... .......... 61%  117M 8s
148800K .......... .......... .......... .......... .......... 61% 88.7M 8s
148850K .......... .......... .......... .......... .......... 61% 71.1M 8s
148900K .......... .......... .......... .......... .......... 61%  116M 8s
148950K .......... .......... .......... .......... .......... 61%  118M 8s
149000K .......... .......... .......... .......... .......... 61%  115M 8s
149050K .......... .......... .......... .......... .......... 61%  105M 8s
149100K .......... .......... .......... .......... .......... 61%  113M 8s
149150K .......... .......... .......... .......... .......... 61%  111M 8s
149200K .......... .......... .......... .......... .......... 61% 82.9M 8s
149250K .......... .......... .......... .......... .......... 61% 45.0M 8s
149300K .......... .......... .......... .......... .......... 61%  113M 8s
149350K .......... .......... .......... .......... .......... 61%  110M 8s
149400K .......... .......... .......... .......... .......... 61%  113M 8s
149450K .......... .......... .......... .......... .......... 61%  116M 8s
149500K .......... .......... .......... .......... .......... 61%  117M 8s
149550K .......... .......... .......... .......... .......... 61%  117M 8s
149600K .......... .......... .......... .......... .......... 61% 38.1M 8s
149650K .......... .......... .......... .......... .......... 61%  117M 8s
149700K .......... .......... .......... .......... .......... 61%  117M 8s
149750K .......... .......... .......... .......... .......... 61%  117M 8s
149800K .......... .......... .......... .......... .......... 61%  115M 8s
149850K .......... .......... .......... .......... .......... 61%  117M 8s
149900K .......... .......... .......... .......... .......... 61%  117M 8s
149950K .......... .......... .......... .......... .......... 61%  115M 8s
150000K .......... .......... .......... .......... .......... 61% 89.7M 8s
150050K .......... .......... .......... .......... .......... 61%  116M 8s
150100K .......... .......... .......... .......... .......... 61%  117M 8s
150150K .......... .......... .......... .......... .......... 61%  117M 8s
150200K .......... .......... .......... .......... .......... 62%  116M 8s
150250K .......... .......... .......... .......... .......... 62%  117M 8s
150300K .......... .......... .......... .......... .......... 62%  117M 8s
150350K .......... .......... .......... .......... .......... 62%  116M 8s
150400K .......... .......... .......... .......... .......... 62% 88.8M 8s
150450K .......... .......... .......... .......... .......... 62%  117M 8s
150500K .......... .......... .......... .......... .......... 62%  117M 8s
150550K .......... .......... .......... .......... .......... 62%  117M 8s
150600K .......... .......... .......... .......... .......... 62%  115M 8s
177000K .......... .......... .......... .......... .......... 73%  310K 5s
177050K .......... .......... .......... .......... .......... 73%  128M 5s
177100K .......... .......... .......... .......... .......... 73%  104M 5s
177150K .......... .......... .......... .......... .......... 73% 97.2M 5s
177200K .......... .......... .......... .......... .......... 73% 50.4M 5s
177250K .......... .......... .......... .......... .......... 73%  114M 5s
177300K .......... .......... .......... .......... .......... 73%  115M 5s
177350K .......... .......... .......... .......... .......... 73%  117M 5s
177400K .......... .......... .......... .......... .......... 73%  115M 5s
177450K .......... .......... .......... .......... .......... 73%  114M 5s
177500K .......... .......... .......... .......... .......... 73%  119M 5s
177550K .......... .......... .......... .......... .......... 73%  117M 5s
177600K .......... .......... .......... .......... .......... 73% 88.7M 5s
177650K .......... .......... .......... .......... .......... 73%  117M 5s
177700K .......... .......... .......... .......... .......... 73%  117M 5s
177750K .......... .......... .......... .......... .......... 73%  117M 5s
177800K .......... .......... .......... .......... .......... 73%  115M 5s
177850K .......... .......... .......... .......... .......... 73%  117M 5s
177900K .......... .......... .......... .......... .......... 73%  117M 4s
177950K .......... .......... .......... .......... .......... 73%  116M 4s
178000K .......... .......... .......... .......... .......... 73% 88.0M 4s
178050K .......... .......... .......... .......... .......... 73% 82.7M 4s
178100K .......... .......... .......... .......... .......... 73%  116M 4s
178150K .......... .......... .......... .......... .......... 73%  117M 4s
178200K .......... .......... .......... .......... .......... 73%  115M 4s
178250K .......... .......... .......... .......... .......... 73%  116M 4s
178300K .......... .......... .......... .......... .......... 73%  117M 4s
178350K .......... .......... .......... .......... .......... 73%  117M 4s
178400K .......... .......... .......... .......... .......... 73% 89.7M 4s
150650K .......... .......... .......... .......... .......... 62% 2.47M 8s
178450K .......... .......... .......... .......... .......... 73% 85.4M 4s
178500K .......... .......... .......... .......... .......... 73%  118M 4s
178550K .......... .......... .......... .......... .......... 73%  115M 4s
178600K .......... .......... .......... .......... .......... 73%  106M 4s
178650K .......... .......... .......... .......... .......... 73% 74.8M 4s
178700K .......... .......... .......... .......... .......... 73%  116M 4s
178750K .......... .......... .......... .......... .......... 73%  117M 4s
150700K .......... .......... .......... .......... .......... 62% 14.3M 8s
178800K .......... .......... .......... .......... .......... 73% 62.7M 4s
178850K .......... .......... .......... .......... .......... 73%  117M 4s
178900K .......... .......... .......... .......... .......... 73%  117M 4s
178950K .......... .......... .......... .......... .......... 73% 82.5M 4s
179000K .......... .......... .......... .......... .......... 73%  115M 4s
179050K .......... .......... .......... .......... .......... 73%  115M 4s
179100K .......... .......... .......... .......... .......... 73%  118M 4s
179150K .......... .......... .......... .......... .......... 73%  117M 4s
150750K .......... .......... .......... .......... .......... 62% 12.2M 8s
150800K .......... .......... .......... .......... .......... 62% 1.31M 8s
150850K .......... .......... .......... .......... .......... 62%  568K 8s
150900K .......... .......... .......... .......... .......... 62% 6.60M 8s
150950K .......... .......... .......... .......... .......... 62%  117M 8s
151000K .......... .......... .......... .......... .......... 62% 99.3M 8s
151050K .......... .......... .......... .......... .......... 62%  118M 8s
151100K .......... .......... .......... .......... .......... 62%  117M 8s
151150K .......... .......... .......... .......... .......... 62%  117M 8s
151200K .......... .......... .......... .......... .......... 62% 75.3M 8s
151250K .......... .......... .......... .......... .......... 62%  117M 8s
151300K .......... .......... .......... .......... .......... 62%  117M 8s
151350K .......... .......... .......... .......... .......... 62% 93.2M 8s
151400K .......... .......... .......... .......... .......... 62%  107M 8s
151450K .......... .......... .......... .......... .......... 62%  114M 8s
151500K .......... .......... .......... .......... .......... 62%  117M 8s
151550K .......... .......... .......... .......... .......... 62%  117M 8s
151600K .......... .......... .......... .......... .......... 62% 83.8M 8s
151650K .......... .......... .......... .......... .......... 62%  116M 8s
151700K .......... .......... .......... .......... .......... 62%  108M 8s
151750K .......... .......... .......... .......... .......... 62%  113M 8s
151800K .......... .......... .......... .......... .......... 62% 45.0M 7s
151850K .......... .......... .......... .......... .......... 62%  111M 7s
151900K .......... .......... .......... .......... .......... 62%  109M 7s
151950K .......... .......... .......... .......... .......... 62%  115M 7s
152000K .......... .......... .......... .......... .......... 62% 90.8M 7s
152050K .......... .......... .......... .......... .......... 62%  102M 7s
152100K .......... .......... .......... .......... .......... 62%  117M 7s
152150K .......... .......... .......... .......... .......... 62% 45.8M 7s
152200K .......... .......... .......... .......... .......... 62%  110M 7s
152250K .......... .......... .......... .......... .......... 62%  105M 7s
152300K .......... .......... .......... .......... .......... 62%  117M 7s
152350K .......... .......... .......... .......... .......... 62%  117M 7s
152400K .......... .......... .......... .......... .......... 62% 89.7M 7s
152450K .......... .......... .......... .......... .......... 62% 97.2M 7s
152500K .......... .......... .......... .......... .......... 62%  145M 7s
152550K .......... .......... .......... .......... .......... 62%  117M 7s
152600K .......... .......... .......... .......... .......... 63%  113M 7s
152650K .......... .......... .......... .......... .......... 63%  119M 7s
152700K .......... .......... .......... .......... .......... 63%  117M 7s
152750K .......... .......... .......... .......... .......... 63% 85.9M 7s
152800K .......... .......... .......... .......... .......... 63% 61.0M 7s
152850K .......... .......... .......... .......... .......... 63%  117M 7s
152900K .......... .......... .......... .......... .......... 63%  117M 7s
152950K .......... .......... .......... .......... .......... 63%  117M 7s
153000K .......... .......... .......... .......... .......... 63%  115M 7s
153050K .......... .......... .......... .......... .......... 63%  117M 7s
153100K .......... .......... .......... .......... .......... 63%  117M 7s
153150K .......... .......... .......... .......... .......... 63%  117M 7s
179200K .......... .......... .......... .......... .......... 73%  310K 4s
179250K .......... .......... .......... .......... .......... 74%  107M 4s
179300K .......... .......... .......... .......... .......... 74%  115M 4s
179350K .......... .......... .......... .......... .......... 74%  104M 4s
179400K .......... .......... .......... .......... .......... 74% 60.2M 4s
179450K .......... .......... .......... .......... .......... 74%  109M 4s
179500K .......... .......... .......... .......... .......... 74%  117M 4s
179550K .......... .......... .......... .......... .......... 74%  111M 4s
179600K .......... .......... .......... .......... .......... 74% 88.7M 4s
179650K .......... .......... .......... .......... .......... 74%  117M 4s
179700K .......... .......... .......... .......... .......... 74%  117M 4s
179750K .......... .......... .......... .......... .......... 74%  117M 4s
179800K .......... .......... .......... .......... .......... 74%  115M 4s
179850K .......... .......... .......... .......... .......... 74%  116M 4s
179900K .......... .......... .......... .......... .......... 74%  118M 4s
179950K .......... .......... .......... .......... .......... 74%  117M 4s
180000K .......... .......... .......... .......... .......... 74% 87.5M 4s
180050K .......... .......... .......... .......... .......... 74%  117M 4s
180100K .......... .......... .......... .......... .......... 74%  117M 4s
180150K .......... .......... .......... .......... .......... 74%  117M 4s
180200K .......... .......... .......... .......... .......... 74%  114M 4s
180250K .......... .......... .......... .......... .......... 74%  118M 4s
180300K .......... .......... .......... .......... .......... 74% 86.4M 4s
180350K .......... .......... .......... .......... .......... 74%  117M 4s
180400K .......... .......... .......... .......... .......... 74% 88.7M 4s
180450K .......... .......... .......... .......... .......... 74%  117M 4s
180500K .......... .......... .......... .......... .......... 74%  117M 4s
180550K .......... .......... .......... .......... .......... 74%  117M 4s
180600K .......... .......... .......... .......... .......... 74%  115M 4s
180650K .......... .......... .......... .......... .......... 74% 82.7M 4s
180700K .......... .......... .......... .......... .......... 74%  117M 4s
180750K .......... .......... .......... .......... .......... 74%  117M 4s
180800K .......... .......... .......... .......... .......... 74% 88.8M 4s
153200K .......... .......... .......... .......... .......... 63% 2.28M 7s
180850K .......... .......... .......... .......... .......... 74% 74.9M 4s
180900K .......... .......... .......... .......... .......... 74%  117M 4s
180950K .......... .......... .......... .......... .......... 74%  117M 4s
181000K .......... .......... .......... .......... .......... 74% 74.0M 4s
181050K .......... .......... .......... .......... .......... 74%  117M 4s
181100K .......... .......... .......... .......... .......... 74%  117M 4s
153250K .......... .......... .......... .......... .......... 63% 15.4M 7s
181150K .......... .......... .......... .......... .......... 74%  117M 4s
181200K .......... .......... .......... .......... .......... 74% 71.8M 4s
181250K .......... .......... .......... .......... .......... 74%  117M 4s
181300K .......... .......... .......... .......... .......... 74%  117M 4s
181350K .......... .......... .......... .......... .......... 74%  117M 4s
153300K .......... .......... .......... .......... .......... 63% 19.6M 7s
153350K .......... .......... .......... .......... .......... 63% 1.32M 7s
153400K .......... .......... .......... .......... .......... 63%  567K 7s
153450K .......... .......... .......... .......... .......... 63% 6.68M 7s
153500K .......... .......... .......... .......... .......... 63%  155M 7s
153550K .......... .......... .......... .......... .......... 63%  108M 7s
153600K .......... .......... .......... .......... .......... 63% 84.5M 7s
153650K .......... .......... .......... .......... .......... 63%  105M 7s
153700K .......... .......... .......... .......... .......... 63%  117M 7s
153750K .......... .......... .......... .......... .......... 63%  111M 7s
153800K .......... .......... .......... .......... .......... 63%  109M 7s
153850K .......... .......... .......... .......... .......... 63%  114M 7s
153900K .......... .......... .......... .......... .......... 63% 98.2M 7s
153950K .......... .......... .......... .......... .......... 63%  109M 7s
154000K .......... .......... .......... .......... .......... 63% 87.0M 7s
154050K .......... .......... .......... .......... .......... 63%  113M 7s
154100K .......... .......... .......... .......... .......... 63%  115M 7s
154150K .......... .......... .......... .......... .......... 63%  113M 7s
154200K .......... .......... .......... .......... .......... 63%  115M 7s
154250K .......... .......... .......... .......... .......... 63% 97.7M 7s
154300K .......... .......... .......... .......... .......... 63%  102M 7s
154350K .......... .......... .......... .......... .......... 63% 43.7M 7s
154400K .......... .......... .......... .......... .......... 63% 88.9M 7s
154450K .......... .......... .......... .......... .......... 63%  117M 7s
154500K .......... .......... .......... .......... .......... 63%  117M 7s
154550K .......... .......... .......... .......... .......... 63%  117M 7s
154600K .......... .......... .......... .......... .......... 63%  113M 7s
154650K .......... .......... .......... .......... .......... 63%  117M 7s
154700K .......... .......... .......... .......... .......... 63% 46.7M 7s
154750K .......... .......... .......... .......... .......... 63%  100M 7s
154800K .......... .......... .......... .......... .......... 63% 86.4M 7s
154850K .......... .......... .......... .......... .......... 63%  116M 7s
154900K .......... .......... .......... .......... .......... 63%  117M 7s
154950K .......... .......... .......... .......... .......... 63%  117M 7s
155000K .......... .......... .......... .......... .......... 63%  103M 7s
155050K .......... .......... .......... .......... .......... 64%  117M 7s
155100K .......... .......... .......... .......... .......... 64%  117M 7s
155150K .......... .......... .......... .......... .......... 64% 93.8M 7s
155200K .......... .......... .......... .......... .......... 64% 90.3M 7s
155250K .......... .......... .......... .......... .......... 64%  117M 7s
155300K .......... .......... .......... .......... .......... 64%  111M 7s
155350K .......... .......... .......... .......... .......... 64% 78.4M 7s
155400K .......... .......... .......... .......... .......... 64%  107M 7s
155450K .......... .......... .......... .......... .......... 64%  119M 7s
155500K .......... .......... .......... .......... .......... 64%  117M 7s
155550K .......... .......... .......... .......... .......... 64%  116M 7s
155600K .......... .......... .......... .......... .......... 64% 89.7M 7s
155650K .......... .......... .......... .......... .......... 64%  117M 7s
155700K .......... .......... .......... .......... .......... 64%  116M 7s
181400K .......... .......... .......... .......... .......... 74%  311K 4s
181450K .......... .......... .......... .......... .......... 74%  148M 4s
181500K .......... .......... .......... .......... .......... 74%  102M 4s
181550K .......... .......... .......... .......... .......... 74% 81.9M 4s
181600K .......... .......... .......... .......... .......... 74% 59.7M 4s
181650K .......... .......... .......... .......... .......... 74%  116M 4s
181700K .......... .......... .......... .......... .......... 75%  117M 4s
181750K .......... .......... .......... .......... .......... 75%  117M 4s
181800K .......... .......... .......... .......... .......... 75%  115M 4s
181850K .......... .......... .......... .......... .......... 75%  117M 4s
181900K .......... .......... .......... .......... .......... 75%  117M 4s
181950K .......... .......... .......... .......... .......... 75%  114M 4s
182000K .......... .......... .......... .......... .......... 75% 88.8M 4s
182050K .......... .......... .......... .......... .......... 75%  117M 4s
182100K .......... .......... .......... .......... .......... 75%  117M 4s
182150K .......... .......... .......... .......... .......... 75%  116M 4s
182200K .......... .......... .......... .......... .......... 75%  116M 4s
182250K .......... .......... .......... .......... .......... 75%  115M 4s
182300K .......... .......... .......... .......... .......... 75%  117M 4s
182350K .......... .......... .......... .......... .......... 75%  117M 4s
182400K .......... .......... .......... .......... .......... 75% 89.7M 4s
182450K .......... .......... .......... .......... .......... 75%  117M 4s
182500K .......... .......... .......... .......... .......... 75%  117M 4s
182550K .......... .......... .......... .......... .......... 75%  117M 4s
182600K .......... .......... .......... .......... .......... 75%  115M 4s
182650K .......... .......... .......... .......... .......... 75%  117M 4s
182700K .......... .......... .......... .......... .......... 75%  117M 4s
182750K .......... .......... .......... .......... .......... 75%  114M 4s
182800K .......... .......... .......... .......... .......... 75% 90.7M 4s
182850K .......... .......... .......... .......... .......... 75%  117M 4s
182900K .......... .......... .......... .......... .......... 75% 81.0M 4s
182950K .......... .......... .......... .......... .......... 75%  116M 4s
183000K .......... .......... .......... .......... .......... 75%  116M 4s
183050K .......... .......... .......... .......... .......... 75%  117M 4s
155750K .......... .......... .......... .......... .......... 64% 2.30M 7s
183100K .......... .......... .......... .......... .......... 75% 64.4M 4s
183150K .......... .......... .......... .......... .......... 75%  117M 4s
183200K .......... .......... .......... .......... .......... 75% 86.9M 4s
183250K .......... .......... .......... .......... .......... 75% 86.3M 4s
183300K .......... .......... .......... .......... .......... 75%  117M 4s
183350K .......... .......... .......... .......... .......... 75%  117M 4s
183400K .......... .......... .......... .......... .......... 75%  116M 4s
155800K .......... .......... .......... .......... .......... 64% 14.4M 7s
183450K .......... .......... .......... .......... .......... 75% 74.9M 4s
183500K .......... .......... .......... .......... .......... 75%  114M 4s
183550K .......... .......... .......... .......... .......... 75%  118M 4s
183600K .......... .......... .......... .......... .......... 75% 89.7M 4s
183650K .......... .......... .......... .......... .......... 75%  117M 4s
155850K .......... .......... .......... .......... .......... 64% 18.5M 7s
155900K .......... .......... .......... .......... .......... 64% 1.33M 7s
155950K .......... .......... .......... .......... .......... 64%  525K 7s
156000K .......... .......... .......... .......... .......... 64%  114M 7s
156050K .......... .......... .......... .......... .......... 64%  117M 7s
156100K .......... .......... .......... .......... .......... 64%  117M 7s
156150K .......... .......... .......... .......... .......... 64%  117M 7s
156200K .......... .......... .......... .......... .......... 64%  104M 7s
156250K .......... .......... .......... .......... .......... 64%  117M 7s
156300K .......... .......... .......... .......... .......... 64%  117M 7s
156350K .......... .......... .......... .......... .......... 64% 93.9M 7s
156400K .......... .......... .......... .......... .......... 64% 87.7M 7s
156450K .......... .......... .......... .......... .......... 64%  117M 7s
156500K .......... .......... .......... .......... .......... 64%  108M 7s
156550K .......... .......... .......... .......... .......... 64%  111M 7s
156600K .......... .......... .......... .......... .......... 64%  115M 7s
156650K .......... .......... .......... .......... .......... 64%  117M 7s
156700K .......... .......... .......... .......... .......... 64%  117M 7s
156750K .......... .......... .......... .......... .......... 64%  117M 7s
156800K .......... .......... .......... .......... .......... 64% 75.3M 7s
156850K .......... .......... .......... .......... .......... 64%  109M 7s
156900K .......... .......... .......... .......... .......... 64% 41.8M 7s
156950K .......... .......... .......... .......... .......... 64%  114M 7s
157000K .......... .......... .......... .......... .......... 64%  115M 7s
157050K .......... .......... .......... .......... .......... 64%  117M 7s
157100K .......... .......... .......... .......... .......... 64% 79.8M 7s
157150K .......... .......... .......... .......... .......... 64%  117M 7s
157200K .......... .......... .......... .......... .......... 64% 87.0M 7s
157250K .......... .......... .......... .......... .......... 64% 60.2M 7s
157300K .......... .......... .......... .......... .......... 64% 94.3M 7s
157350K .......... .......... .......... .......... .......... 64%  117M 7s
157400K .......... .......... .......... .......... .......... 64%  115M 7s
157450K .......... .......... .......... .......... .......... 65%  117M 7s
157500K .......... .......... .......... .......... .......... 65%  117M 7s
157550K .......... .......... .......... .......... .......... 65%  117M 7s
157600K .......... .......... .......... .......... .......... 65% 88.3M 7s
157650K .......... .......... .......... .......... .......... 65%  117M 7s
157700K .......... .......... .......... .......... .......... 65% 93.2M 7s
157750K .......... .......... .......... .......... .......... 65%  106M 7s
157800K .......... .......... .......... .......... .......... 65%  115M 7s
157850K .......... .......... .......... .......... .......... 65%  117M 7s
157900K .......... .......... .......... .......... .......... 65% 85.5M 7s
157950K .......... .......... .......... .......... .......... 65% 97.5M 7s
158000K .......... .......... .......... .......... .......... 65% 87.0M 7s
158050K .......... .......... .......... .......... .......... 65%  117M 7s
158100K .......... .......... .......... .......... .......... 65%  113M 7s
158150K .......... .......... .......... .......... .......... 65%  117M 7s
158200K .......... .......... .......... .......... .......... 65%  115M 7s
158250K .......... .......... .......... .......... .......... 65%  112M 7s
183700K .......... .......... .......... .......... .......... 75%  311K 4s
183750K .......... .......... .......... .......... .......... 75%  117M 4s
183800K .......... .......... .......... .......... .......... 75% 97.2M 4s
183850K .......... .......... .......... .......... .......... 75% 86.2M 4s
183900K .......... .......... .......... .......... .......... 75% 73.6M 4s
183950K .......... .......... .......... .......... .......... 75%  100M 4s
184000K .......... .......... .......... .......... .......... 75% 91.1M 4s
184050K .......... .......... .......... .......... .......... 75%  117M 4s
184100K .......... .......... .......... .......... .......... 76%  117M 4s
184150K .......... .......... .......... .......... .......... 76%  117M 4s
184200K .......... .......... .......... .......... .......... 76%  115M 4s
184250K .......... .......... .......... .......... .......... 76%  117M 4s
184300K .......... .......... .......... .......... .......... 76%  115M 4s
184350K .......... .......... .......... .......... .......... 76%  117M 4s
184400K .......... .......... .......... .......... .......... 76% 87.6M 4s
184450K .......... .......... .......... .......... .......... 76%  117M 4s
184500K .......... .......... .......... .......... .......... 76%  117M 4s
184550K .......... .......... .......... .......... .......... 76%  117M 4s
184600K .......... .......... .......... .......... .......... 76%  114M 4s
184650K .......... .......... .......... .......... .......... 76%  117M 4s
184700K .......... .......... .......... .......... .......... 76%  116M 4s
184750K .......... .......... .......... .......... .......... 76%  117M 4s
184800K .......... .......... .......... .......... .......... 76% 89.5M 4s
184850K .......... .......... .......... .......... .......... 76%  117M 4s
184900K .......... .......... .......... .......... .......... 76%  116M 4s
184950K .......... .......... .......... .......... .......... 76%  118M 4s
185000K .......... .......... .......... .......... .......... 76%  115M 4s
185050K .......... .......... .......... .......... .......... 76%  115M 4s
185100K .......... .......... .......... .......... .......... 76%  117M 4s
185150K .......... .......... .......... .......... .......... 76%  117M 4s
158300K .......... .......... .......... .......... .......... 65% 2.46M 7s
185200K .......... .......... .......... .......... .......... 76% 56.5M 4s
185250K .......... .......... .......... .......... .......... 76%  117M 4s
185300K .......... .......... .......... .......... .......... 76%  116M 4s
185350K .......... .......... .......... .......... .......... 76% 88.4M 4s
185400K .......... .......... .......... .......... .......... 76% 74.3M 4s
185450K .......... .......... .......... .......... .......... 76%  117M 4s
185500K .......... .......... .......... .......... .......... 76%  117M 4s
185550K .......... .......... .......... .......... .......... 76%  115M 4s
185600K .......... .......... .......... .......... .......... 76% 89.7M 4s
185650K .......... .......... .......... .......... .......... 76%  117M 4s
158350K .......... .......... .......... .......... .......... 65% 9.53M 7s
185700K .......... .......... .......... .......... .......... 76% 79.4M 4s
185750K .......... .......... .......... .......... .......... 76%  116M 4s
185800K .......... .......... .......... .......... .......... 76%  116M 4s
185850K .......... .......... .......... .......... .......... 76%  117M 4s
185900K .......... .......... .......... .......... .......... 76%  117M 4s
158400K .......... .......... .......... .......... .......... 65% 18.1M 7s
185950K .......... .......... .......... .......... .......... 76%  116M 4s
158450K .......... .......... .......... .......... .......... 65%  654K 7s
158500K .......... .......... .......... .......... .......... 65% 1.07M 7s
158550K .......... .......... .......... .......... .......... 65% 4.88M 7s
158600K .......... .......... .......... .......... .......... 65%  119M 7s
158650K .......... .......... .......... .......... .......... 65%  135M 7s
158700K .......... .......... .......... .......... .......... 65% 40.8M 7s
158750K .......... .......... .......... .......... .......... 65%  117M 7s
158800K .......... .......... .......... .......... .......... 65% 88.9M 7s
158850K .......... .......... .......... .......... .......... 65%  117M 7s
158900K .......... .......... .......... .......... .......... 65%  117M 7s
158950K .......... .......... .......... .......... .......... 65%  117M 7s
159000K .......... .......... .......... .......... .......... 65%  115M 7s
159050K .......... .......... .......... .......... .......... 65%  117M 7s
159100K .......... .......... .......... .......... .......... 65%  117M 7s
159150K .......... .......... .......... .......... .......... 65%  117M 7s
159200K .......... .......... .......... .......... .......... 65% 87.0M 7s
159250K .......... .......... .......... .......... .......... 65%  117M 7s
159300K .......... .......... .......... .......... .......... 65%  117M 7s
159350K .......... .......... .......... .......... .......... 65%  117M 7s
159400K .......... .......... .......... .......... .......... 65%  115M 7s
159450K .......... .......... .......... .......... .......... 65% 77.1M 7s
159500K .......... .......... .......... .......... .......... 65%  106M 7s
159550K .......... .......... .......... .......... .......... 65%  117M 7s
159600K .......... .......... .......... .......... .......... 65% 89.1M 7s
159650K .......... .......... .......... .......... .......... 65% 82.1M 7s
159700K .......... .......... .......... .......... .......... 65%  115M 7s
159750K .......... .......... .......... .......... .......... 65%  117M 7s
159800K .......... .......... .......... .......... .......... 65%  111M 7s
159850K .......... .......... .......... .......... .......... 65% 54.0M 7s
159900K .......... .......... .......... .......... .......... 66%  117M 7s
159950K .......... .......... .......... .......... .......... 66%  117M 7s
160000K .......... .......... .......... .......... .......... 66% 89.1M 7s
160050K .......... .......... .......... .......... .......... 66%  117M 7s
160100K .......... .......... .......... .......... .......... 66%  117M 7s
160150K .......... .......... .......... .......... .......... 66%  117M 7s
160200K .......... .......... .......... .......... .......... 66% 98.1M 7s
160250K .......... .......... .......... .......... .......... 66%  101M 7s
160300K .......... .......... .......... .......... .......... 66%  116M 7s
160350K .......... .......... .......... .......... .......... 66%  117M 7s
160400K .......... .......... .......... .......... .......... 66% 87.0M 7s
160450K .......... .......... .......... .......... .......... 66% 91.7M 7s
160500K .......... .......... .......... .......... .......... 66%  102M 7s
160550K .......... .......... .......... .......... .......... 66%  112M 7s
160600K .......... .......... .......... .......... .......... 66%  103M 7s
160650K .......... .......... .......... .......... .......... 66%  112M 7s
160700K .......... .......... .......... .......... .......... 66%  117M 7s
160750K .......... .......... .......... .......... .......... 66%  117M 7s
160800K .......... .......... .......... .......... .......... 66% 88.9M 7s
186000K .......... .......... .......... .......... .......... 76%  312K 4s
186050K .......... .......... .......... .......... .......... 76%  107M 4s
186100K .......... .......... .......... .......... .......... 76%  102M 4s
186150K .......... .......... .......... .......... .......... 76% 64.3M 4s
186200K .......... .......... .......... .......... .......... 76%  115M 4s
186250K .......... .......... .......... .......... .......... 76% 92.0M 4s
186300K .......... .......... .......... .......... .......... 76%  115M 4s
186350K .......... .......... .......... .......... .......... 76%  118M 4s
186400K .......... .......... .......... .......... .......... 76% 87.5M 4s
186450K .......... .......... .......... .......... .......... 76%  117M 4s
186500K .......... .......... .......... .......... .......... 76%  116M 4s
186550K .......... .......... .......... .......... .......... 77%  118M 4s
186600K .......... .......... .......... .......... .......... 77%  114M 4s
186650K .......... .......... .......... .......... .......... 77%  117M 4s
186700K .......... .......... .......... .......... .......... 77%  117M 4s
186750K .......... .......... .......... .......... .......... 77%  117M 4s
186800K .......... .......... .......... .......... .......... 77% 89.7M 4s
186850K .......... .......... .......... .......... .......... 77%  117M 4s
186900K .......... .......... .......... .......... .......... 77%  117M 4s
186950K .......... .......... .......... .......... .......... 77%  117M 4s
187000K .......... .......... .......... .......... .......... 77%  114M 4s
187050K .......... .......... .......... .......... .......... 77%  118M 4s
187100K .......... .......... .......... .......... .......... 77%  117M 4s
187150K .......... .......... .......... .......... .......... 77%  117M 4s
187200K .......... .......... .......... .......... .......... 77% 88.4M 4s
187250K .......... .......... .......... .......... .......... 77%  117M 4s
187300K .......... .......... .......... .......... .......... 77%  117M 4s
187350K .......... .......... .......... .......... .......... 77%  117M 4s
187400K .......... .......... .......... .......... .......... 77%  115M 4s
187450K .......... .......... .......... .......... .......... 77%  115M 4s
187500K .......... .......... .......... .......... .......... 77% 66.4M 4s
160850K .......... .......... .......... .......... .......... 66% 2.43M 7s
187550K .......... .......... .......... .......... .......... 77%  118M 4s
187600K .......... .......... .......... .......... .......... 77% 87.0M 4s
187650K .......... .......... .......... .......... .......... 77%  117M 4s
187700K .......... .......... .......... .......... .......... 77% 74.9M 4s
187750K .......... .......... .......... .......... .......... 77%  117M 4s
187800K .......... .......... .......... .......... .......... 77%  114M 4s
187850K .......... .......... .......... .......... .......... 77%  117M 4s
187900K .......... .......... .......... .......... .......... 77%  118M 4s
187950K .......... .......... .......... .......... .......... 77%  117M 4s
188000K .......... .......... .......... .......... .......... 77% 88.9M 4s
160900K .......... .......... .......... .......... .......... 66% 9.69M 7s
188050K .......... .......... .......... .......... .......... 77% 66.3M 4s
188100K .......... .......... .......... .......... .......... 77%  116M 4s
188150K .......... .......... .......... .......... .......... 77%  117M 4s
188200K .......... .......... .......... .......... .......... 77%  115M 4s
188250K .......... .......... .......... .......... .......... 77%  117M 4s
160950K .......... .......... .......... .......... .......... 66% 19.0M 7s
161000K .......... .......... .......... .......... .......... 66%  654K 7s
161050K .......... .......... .......... .......... .......... 66% 10.9M 7s
161100K .......... .......... .......... .......... .......... 66%  986K 7s
161150K .......... .......... .......... .......... .......... 66% 94.3M 7s
161200K .......... .......... .......... .......... .......... 66% 87.4M 7s
161250K .......... .......... .......... .......... .......... 66% 45.0M 7s
161300K .......... .......... .......... .......... .......... 66%  117M 7s
161350K .......... .......... .......... .......... .......... 66%  110M 7s
161400K .......... .......... .......... .......... .......... 66%  115M 7s
161450K .......... .......... .......... .......... .......... 66% 97.4M 7s
161500K .......... .......... .......... .......... .......... 66%  119M 7s
161550K .......... .......... .......... .......... .......... 66%  108M 7s
161600K .......... .......... .......... .......... .......... 66% 88.8M 7s
161650K .......... .......... .......... .......... .......... 66%  117M 7s
161700K .......... .......... .......... .......... .......... 66%  109M 7s
161750K .......... .......... .......... .......... .......... 66% 58.0M 7s
161800K .......... .......... .......... .......... .......... 66%  115M 7s
161850K .......... .......... .......... .......... .......... 66%  117M 7s
161900K .......... .......... .......... .......... .......... 66%  117M 7s
161950K .......... .......... .......... .......... .......... 66%  117M 7s
162000K .......... .......... .......... .......... .......... 66% 88.8M 7s
162050K .......... .......... .......... .......... .......... 66%  115M 7s
162100K .......... .......... .......... .......... .......... 66%  118M 7s
162150K .......... .......... .......... .......... .......... 66%  117M 7s
162200K .......... .......... .......... .......... .......... 66%  114M 7s
162250K .......... .......... .......... .......... .......... 66%  119M 7s
162300K .......... .......... .......... .......... .......... 67%  117M 7s
162350K .......... .......... .......... .......... .......... 67%  117M 7s
162400K .......... .......... .......... .......... .......... 67% 53.0M 7s
162450K .......... .......... .......... .......... .......... 67%  117M 7s
162500K .......... .......... .......... .......... .......... 67%  117M 7s
162550K .......... .......... .......... .......... .......... 67%  117M 7s
162600K .......... .......... .......... .......... .......... 67%  114M 7s
162650K .......... .......... .......... .......... .......... 67%  111M 7s
162700K .......... .......... .......... .......... .......... 67%  117M 7s
162750K .......... .......... .......... .......... .......... 67%  117M 7s
162800K .......... .......... .......... .......... .......... 67% 75.3M 6s
162850K .......... .......... .......... .......... .......... 67%  110M 6s
162900K .......... .......... .......... .......... .......... 67%  117M 6s
162950K .......... .......... .......... .......... .......... 67%  117M 6s
163000K .......... .......... .......... .......... .......... 67%  115M 6s
163050K .......... .......... .......... .......... .......... 67% 89.0M 6s
163100K .......... .......... .......... .......... .......... 67%  110M 6s
163150K .......... .......... .......... .......... .......... 67%  107M 6s
163200K .......... .......... .......... .......... .......... 67% 79.4M 6s
163250K .......... .......... .......... .......... .......... 67%  104M 6s
163300K .......... .......... .......... .......... .......... 67% 39.7M 6s
163350K .......... .......... .......... .......... .......... 67%  117M 6s
188300K .......... .......... .......... .......... .......... 77%  313K 4s
188350K .......... .......... .......... .......... .......... 77%  128M 4s
188400K .......... .......... .......... .......... .......... 77% 88.6M 4s
188450K .......... .......... .......... .......... .......... 77%  103M 4s
188500K .......... .......... .......... .......... .......... 77% 63.3M 4s
188550K .......... .......... .......... .......... .......... 77%  117M 4s
188600K .......... .......... .......... .......... .......... 77%  105M 4s
188650K .......... .......... .......... .......... .......... 77%  111M 4s
188700K .......... .......... .......... .......... .......... 77%  109M 4s
188750K .......... .......... .......... .......... .......... 77%  117M 4s
188800K .......... .......... .......... .......... .......... 77% 89.8M 4s
188850K .......... .......... .......... .......... .......... 77%  117M 4s
188900K .......... .......... .......... .......... .......... 77%  117M 4s
188950K .......... .......... .......... .......... .......... 78%  117M 4s
189000K .......... .......... .......... .......... .......... 78%  115M 4s
189050K .......... .......... .......... .......... .......... 78%  117M 4s
189100K .......... .......... .......... .......... .......... 78%  117M 4s
189150K .......... .......... .......... .......... .......... 78%  117M 4s
189200K .......... .......... .......... .......... .......... 78% 88.8M 4s
189250K .......... .......... .......... .......... .......... 78%  117M 4s
189300K .......... .......... .......... .......... .......... 78%  117M 4s
189350K .......... .......... .......... .......... .......... 78%  117M 4s
189400K .......... .......... .......... .......... .......... 78%  115M 4s
189450K .......... .......... .......... .......... .......... 78%  115M 4s
189500K .......... .......... .......... .......... .......... 78%  117M 4s
189550K .......... .......... .......... .......... .......... 78%  115M 4s
189600K .......... .......... .......... .......... .......... 78% 88.6M 4s
189650K .......... .......... .......... .......... .......... 78%  117M 4s
189700K .......... .......... .......... .......... .......... 78%  117M 4s
189750K .......... .......... .......... .......... .......... 78%  117M 4s
189800K .......... .......... .......... .......... .......... 78%  113M 4s
189850K .......... .......... .......... .......... .......... 78%  118M 4s
163400K .......... .......... .......... .......... .......... 67% 2.49M 6s
189900K .......... .......... .......... .......... .......... 78% 50.3M 4s
189950K .......... .......... .......... .......... .......... 78%  117M 4s
190000K .......... .......... .......... .......... .......... 78% 89.7M 4s
163450K .......... .......... .......... .......... .......... 67% 22.7M 6s
190050K .......... .......... .......... .......... .......... 78% 74.9M 4s
190100K .......... .......... .......... .......... .......... 78%  117M 4s
190150K .......... .......... .......... .......... .......... 78%  117M 4s
190200K .......... .......... .......... .......... .......... 78%  115M 4s
190250K .......... .......... .......... .......... .......... 78%  117M 4s
190300K .......... .......... .......... .......... .......... 78%  117M 4s
190350K .......... .......... .......... .......... .......... 78%  115M 4s
163500K .......... .......... .......... .......... .......... 67% 14.6M 6s
190400K .......... .......... .......... .......... .......... 78% 56.5M 4s
190450K .......... .......... .......... .......... .......... 78%  116M 4s
190500K .......... .......... .......... .......... .......... 78%  117M 4s
190550K .......... .......... .......... .......... .......... 78%  117M 4s
190600K .......... .......... .......... .......... .......... 78%  115M 4s
163550K .......... .......... .......... .......... .......... 67% 18.5M 6s
190650K .......... .......... .......... .......... .......... 78% 1.22M 4s
163600K .......... .......... .......... .......... .......... 67%  624K 6s
163650K .......... .......... .......... .......... .......... 67%  983K 6s
163700K .......... .......... .......... .......... .......... 67%  115M 6s
163750K .......... .......... .......... .......... .......... 67%  130M 6s
163800K .......... .......... .......... .......... .......... 67% 45.1M 6s
163850K .......... .......... .......... .......... .......... 67%  104M 6s
163900K .......... .......... .......... .......... .......... 67%  113M 6s
163950K .......... .......... .......... .......... .......... 67%  117M 6s
164000K .......... .......... .......... .......... .......... 67% 88.8M 6s
164050K .......... .......... .......... .......... .......... 67% 99.9M 6s
164100K .......... .......... .......... .......... .......... 67%  117M 6s
164150K .......... .......... .......... .......... .......... 67%  116M 6s
164200K .......... .......... .......... .......... .......... 67%  115M 6s
164250K .......... .......... .......... .......... .......... 67%  117M 6s
164300K .......... .......... .......... .......... .......... 67% 57.9M 6s
164350K .......... .......... .......... .......... .......... 67%  116M 6s
164400K .......... .......... .......... .......... .......... 67% 79.7M 6s
164450K .......... .......... .......... .......... .......... 67%  117M 6s
164500K .......... .......... .......... .......... .......... 67%  117M 6s
164550K .......... .......... .......... .......... .......... 67%  117M 6s
164600K .......... .......... .......... .......... .......... 67%  115M 6s
164650K .......... .......... .......... .......... .......... 67%  117M 6s
164700K .......... .......... .......... .......... .......... 67%  117M 6s
164750K .......... .......... .......... .......... .......... 68%  117M 6s
164800K .......... .......... .......... .......... .......... 68% 82.0M 6s
164850K .......... .......... .......... .......... .......... 68%  114M 6s
164900K .......... .......... .......... .......... .......... 68%  117M 6s
164950K .......... .......... .......... .......... .......... 68% 86.7M 6s
165000K .......... .......... .......... .......... .......... 68% 96.9M 6s
165050K .......... .......... .......... .......... .......... 68%  116M 6s
165100K .......... .......... .......... .......... .......... 68%  108M 6s
165150K .......... .......... .......... .......... .......... 68%  116M 6s
165200K .......... .......... .......... .......... .......... 68% 86.1M 6s
165250K .......... .......... .......... .......... .......... 68%  117M 6s
165300K .......... .......... .......... .......... .......... 68%  111M 6s
165350K .......... .......... .......... .......... .......... 68%  110M 6s
165400K .......... .......... .......... .......... .......... 68% 96.3M 6s
165450K .......... .......... .......... .......... .......... 68%  117M 6s
165500K .......... .......... .......... .......... .......... 68%  117M 6s
165550K .......... .......... .......... .......... .......... 68%  113M 6s
165600K .......... .......... .......... .......... .......... 68% 74.4M 6s
165650K .......... .......... .......... .......... .......... 68%  109M 6s
165700K .......... .......... .......... .......... .......... 68%  117M 6s
165750K .......... .......... .......... .......... .......... 68% 95.7M 6s
165800K .......... .......... .......... .......... .......... 68%  113M 6s
165850K .......... .......... .......... .......... .......... 68%  105M 6s
165900K .......... .......... .......... .......... .......... 68% 40.4M 6s
190700K .......... .......... .......... .......... .......... 78%  418K 4s
190750K .......... .......... .......... .......... .......... 78% 76.7M 4s
190800K .......... .......... .......... .......... .......... 78% 69.6M 4s
190850K .......... .......... .......... .......... .......... 78%  117M 4s
190900K .......... .......... .......... .......... .......... 78% 82.8M 4s
190950K .......... .......... .......... .......... .......... 78%  116M 4s
191000K .......... .......... .......... .......... .......... 78%  113M 4s
191050K .......... .......... .......... .......... .......... 78%  104M 4s
191100K .......... .......... .......... .......... .......... 78%  117M 4s
191150K .......... .......... .......... .......... .......... 78%  117M 4s
191200K .......... .......... .......... .......... .......... 78% 89.6M 4s
191250K .......... .......... .......... .......... .......... 78%  117M 4s
191300K .......... .......... .......... .......... .......... 78%  117M 4s
191350K .......... .......... .......... .......... .......... 78%  116M 4s
191400K .......... .......... .......... .......... .......... 79%  115M 4s
191450K .......... .......... .......... .......... .......... 79%  117M 4s
191500K .......... .......... .......... .......... .......... 79%  117M 4s
191550K .......... .......... .......... .......... .......... 79%  117M 4s
191600K .......... .......... .......... .......... .......... 79% 89.5M 4s
191650K .......... .......... .......... .......... .......... 79%  117M 4s
191700K .......... .......... .......... .......... .......... 79%  116M 4s
191750K .......... .......... .......... .......... .......... 79%  117M 4s
191800K .......... .......... .......... .......... .......... 79%  115M 4s
191850K .......... .......... .......... .......... .......... 79%  117M 4s
191900K .......... .......... .......... .......... .......... 79%  117M 4s
191950K .......... .......... .......... .......... .......... 79%  115M 4s
192000K .......... .......... .......... .......... .......... 79% 88.8M 4s
192050K .......... .......... .......... .......... .......... 79%  117M 4s
192100K .......... .......... .......... .......... .......... 79%  117M 4s
192150K .......... .......... .......... .......... .......... 79%  117M 4s
192200K .......... .......... .......... .......... .......... 79%  115M 4s
192250K .......... .......... .......... .......... .......... 79%  117M 4s
165950K .......... .......... .......... .......... .......... 68% 2.44M 6s
192300K .......... .......... .......... .......... .......... 79% 50.2M 4s
192350K .......... .......... .......... .......... .......... 79%  118M 4s
192400K .......... .......... .......... .......... .......... 79% 88.8M 4s
166000K .......... .......... .......... .......... .......... 68% 22.1M 6s
192450K .......... .......... .......... .......... .......... 79% 66.1M 4s
192500K .......... .......... .......... .......... .......... 79%  117M 3s
192550K .......... .......... .......... .......... .......... 79%  117M 3s
192600K .......... .......... .......... .......... .......... 79%  114M 3s
192650K .......... .......... .......... .......... .......... 79%  117M 3s
192700K .......... .......... .......... .......... .......... 79%  117M 3s
192750K .......... .......... .......... .......... .......... 79%  117M 3s
166050K .......... .......... .......... .......... .......... 68% 14.0M 6s
192800K .......... .......... .......... .......... .......... 79% 52.0M 3s
192850K .......... .......... .......... .......... .......... 79%  117M 3s
192900K .......... .......... .......... .......... .......... 79%  117M 3s
192950K .......... .......... .......... .......... .......... 79%  117M 3s
193000K .......... .......... .......... .......... .......... 79%  114M 3s
193050K .......... .......... .......... .......... .......... 79% 94.5M 3s
166100K .......... .......... .......... .......... .......... 68% 18.5M 6s
166150K .......... .......... .......... .......... .......... 68%  662K 6s
166200K .......... .......... .......... .......... .......... 68% 11.0M 6s
166250K .......... .......... .......... .......... .......... 68%  985K 6s
166300K .......... .......... .......... .......... .......... 68% 93.6M 6s
166350K .......... .......... .......... .......... .......... 68% 43.9M 6s
166400K .......... .......... .......... .......... .......... 68% 89.1M 6s
166450K .......... .......... .......... .......... .......... 68%  117M 6s
166500K .......... .......... .......... .......... .......... 68%  117M 6s
166550K .......... .......... .......... .......... .......... 68%  117M 6s
166600K .......... .......... .......... .......... .......... 68%  104M 6s
166650K .......... .......... .......... .......... .......... 68%  117M 6s
166700K .......... .......... .......... .......... .......... 68%  107M 6s
166750K .......... .......... .......... .......... .......... 68%  114M 6s
166800K .......... .......... .......... .......... .......... 68% 86.3M 6s
166850K .......... .......... .......... .......... .......... 68% 59.1M 6s
166900K .......... .......... .......... .......... .......... 68%  114M 6s
166950K .......... .......... .......... .......... .......... 68%  113M 6s
167000K .......... .......... .......... .......... .......... 68%  110M 6s
167050K .......... .......... .......... .......... .......... 68%  117M 6s
167100K .......... .......... .......... .......... .......... 68%  116M 6s
167150K .......... .......... .......... .......... .......... 69%  112M 6s
167200K .......... .......... .......... .......... .......... 69% 89.0M 6s
167250K .......... .......... .......... .......... .......... 69%  117M 6s
167300K .......... .......... .......... .......... .......... 69%  117M 6s
167350K .......... .......... .......... .......... .......... 69%  117M 6s
167400K .......... .......... .......... .......... .......... 69%  115M 6s
167450K .......... .......... .......... .......... .......... 69%  116M 6s
167500K .......... .......... .......... .......... .......... 69%  114M 6s
167550K .......... .......... .......... .......... .......... 69% 83.6M 6s
167600K .......... .......... .......... .......... .......... 69% 79.0M 6s
167650K .......... .......... .......... .......... .......... 69%  113M 6s
167700K .......... .......... .......... .......... .......... 69%  111M 6s
167750K .......... .......... .......... .......... .......... 69%  110M 6s
167800K .......... .......... .......... .......... .......... 69%  114M 6s
167850K .......... .......... .......... .......... .......... 69% 94.7M 6s
167900K .......... .......... .......... .......... .......... 69%  109M 6s
167950K .......... .......... .......... .......... .......... 69% 65.9M 6s
168000K .......... .......... .......... .......... .......... 69% 89.0M 6s
168050K .......... .......... .......... .......... .......... 69%  117M 6s
168100K .......... .......... .......... .......... .......... 69%  117M 6s
168150K .......... .......... .......... .......... .......... 69%  117M 6s
168200K .......... .......... .......... .......... .......... 69%  114M 6s
168250K .......... .......... .......... .......... .......... 69%  116M 6s
168300K .......... .......... .......... .......... .......... 69%  119M 6s
168350K .......... .......... .......... .......... .......... 69%  117M 6s
168400K .......... .......... .......... .......... .......... 69% 89.1M 6s
168450K .......... .......... .......... .......... .......... 69% 43.3M 6s
193100K .......... .......... .......... .......... .......... 79%  315K 3s
193150K .......... .......... .......... .......... .......... 79% 62.5M 3s
193200K .......... .......... .......... .......... .......... 79% 71.4M 3s
193250K .......... .......... .......... .......... .......... 79%  108M 3s
193300K .......... .......... .......... .......... .......... 79%  106M 3s
193350K .......... .......... .......... .......... .......... 79%  105M 3s
193400K .......... .......... .......... .......... .......... 79%  115M 3s
193450K .......... .......... .......... .......... .......... 79% 96.5M 3s
193500K .......... .......... .......... .......... .......... 79%  117M 3s
193550K .......... .......... .......... .......... .......... 79%  117M 3s
193600K .......... .......... .......... .......... .......... 79% 88.7M 3s
193650K .......... .......... .......... .......... .......... 79%  116M 3s
193700K .......... .......... .......... .......... .......... 79%  117M 3s
193750K .......... .......... .......... .......... .......... 79%  117M 3s
193800K .......... .......... .......... .......... .......... 80%  114M 3s
193850K .......... .......... .......... .......... .......... 80%  118M 3s
193900K .......... .......... .......... .......... .......... 80%  117M 3s
193950K .......... .......... .......... .......... .......... 80%  115M 3s
194000K .......... .......... .......... .......... .......... 80% 88.1M 3s
194050K .......... .......... .......... .......... .......... 80%  117M 3s
194100K .......... .......... .......... .......... .......... 80%  117M 3s
194150K .......... .......... .......... .......... .......... 80%  116M 3s
194200K .......... .......... .......... .......... .......... 80%  116M 3s
194250K .......... .......... .......... .......... .......... 80%  117M 3s
194300K .......... .......... .......... .......... .......... 80%  117M 3s
194350K .......... .......... .......... .......... .......... 80%  115M 3s
194400K .......... .......... .......... .......... .......... 80% 89.7M 3s
194450K .......... .......... .......... .......... .......... 80%  117M 3s
194500K .......... .......... .......... .......... .......... 80%  117M 3s
194550K .......... .......... .......... .......... .......... 80%  117M 3s
194600K .......... .......... .......... .......... .......... 80%  115M 3s
194650K .......... .......... .......... .......... .......... 80%  117M 3s
168500K .......... .......... .......... .......... .......... 69% 2.41M 6s
168550K .......... .......... .......... .......... .......... 69%  137M 6s
194700K .......... .......... .......... .......... .......... 80% 50.3M 3s
194750K .......... .......... .......... .......... .......... 80%  117M 3s
194800K .......... .......... .......... .......... .......... 80% 88.7M 3s
194850K .......... .......... .......... .......... .......... 80%  116M 3s
168600K .......... .......... .......... .......... .......... 69% 23.4M 6s
194900K .......... .......... .......... .......... .......... 80% 62.3M 3s
194950K .......... .......... .......... .......... .......... 80%  116M 3s
195000K .......... .......... .......... .......... .......... 80%  115M 3s
195050K .......... .......... .......... .......... .......... 80%  117M 3s
195100K .......... .......... .......... .......... .......... 80%  118M 3s
195150K .......... .......... .......... .......... .......... 80%  117M 3s
195200K .......... .......... .......... .......... .......... 80% 87.1M 3s
168650K .......... .......... .......... .......... .......... 69% 13.5M 6s
195250K .......... .......... .......... .......... .......... 80% 58.4M 3s
195300K .......... .......... .......... .......... .......... 80%  117M 3s
195350K .......... .......... .......... .......... .......... 80%  117M 3s
195400K .......... .......... .......... .......... .......... 80%  115M 3s
195450K .......... .......... .......... .......... .......... 80%  116M 3s
195500K .......... .......... .......... .......... .......... 80% 99.4M 3s
168700K .......... .......... .......... .......... .......... 69%  643K 6s
168750K .......... .......... .......... .......... .......... 69% 11.7M 6s
168800K .......... .......... .......... .......... .......... 69%  982K 6s
168850K .......... .......... .......... .......... .......... 69% 99.5M 6s
168900K .......... .......... .......... .......... .......... 69%  125M 6s
168950K .......... .......... .......... .......... .......... 69% 42.5M 6s
169000K .......... .......... .......... .......... .......... 69%  115M 6s
169050K .......... .......... .......... .......... .......... 69%  117M 6s
169100K .......... .......... .......... .......... .......... 69%  117M 6s
169150K .......... .......... .......... .......... .......... 69%  117M 6s
169200K .......... .......... .......... .......... .......... 69% 87.0M 6s
169250K .......... .......... .......... .......... .......... 69%  117M 6s
169300K .......... .......... .......... .......... .......... 69% 99.2M 6s
169350K .......... .......... .......... .......... .......... 69%  117M 6s
169400K .......... .......... .......... .......... .......... 69%  115M 6s
169450K .......... .......... .......... .......... .......... 69% 47.7M 6s
169500K .......... .......... .......... .......... .......... 69%  117M 6s
169550K .......... .......... .......... .......... .......... 70%  117M 6s
169600K .......... .......... .......... .......... .......... 70% 88.8M 6s
169650K .......... .......... .......... .......... .......... 70%  116M 6s
169700K .......... .......... .......... .......... .......... 70%  117M 6s
169750K .......... .......... .......... .......... .......... 70%  117M 6s
169800K .......... .......... .......... .......... .......... 70%  115M 6s
169850K .......... .......... .......... .......... .......... 70%  116M 6s
169900K .......... .......... .......... .......... .......... 70%  117M 6s
169950K .......... .......... .......... .......... .......... 70%  117M 6s
170000K .......... .......... .......... .......... .......... 70% 87.0M 6s
170050K .......... .......... .......... .......... .......... 70%  117M 6s
170100K .......... .......... .......... .......... .......... 70% 72.6M 6s
170150K .......... .......... .......... .......... .......... 70%  116M 6s
170200K .......... .......... .......... .......... .......... 70%  116M 6s
170250K .......... .......... .......... .......... .......... 70%  117M 6s
170300K .......... .......... .......... .......... .......... 70%  117M 6s
170350K .......... .......... .......... .......... .......... 70%  117M 6s
170400K .......... .......... .......... .......... .......... 70% 89.1M 6s
170450K .......... .......... .......... .......... .......... 70%  117M 6s
170500K .......... .......... .......... .......... .......... 70% 67.3M 6s
170550K .......... .......... .......... .......... .......... 70%  117M 6s
170600K .......... .......... .......... .......... .......... 70%  107M 6s
170650K .......... .......... .......... .......... .......... 70%  115M 6s
170700K .......... .......... .......... .......... .......... 70%  116M 6s
170750K .......... .......... .......... .......... .......... 70%  105M 6s
170800K .......... .......... .......... .......... .......... 70% 87.0M 6s
170850K .......... .......... .......... .......... .......... 70%  117M 6s
170900K .......... .......... .......... .......... .......... 70%  112M 6s
170950K .......... .......... .......... .......... .......... 70%  117M 6s
171000K .......... .......... .......... .......... .......... 70%  115M 6s
171050K .......... .......... .......... .......... .......... 70% 49.2M 6s
195550K .......... .......... .......... .......... .......... 80%  316K 3s
195600K .......... .......... .......... .......... .......... 80% 48.7M 3s
195650K .......... .......... .......... .......... .......... 80% 89.9M 3s
195700K .......... .......... .......... .......... .......... 80%  109M 3s
195750K .......... .......... .......... .......... .......... 80%  112M 3s
195800K .......... .......... .......... .......... .......... 80%  103M 3s
195850K .......... .......... .......... .......... .......... 80%  110M 3s
195900K .......... .......... .......... .......... .......... 80%  109M 3s
195950K .......... .......... .......... .......... .......... 80%  114M 3s
196000K .......... .......... .......... .......... .......... 80% 87.5M 3s
196050K .......... .......... .......... .......... .......... 80%  117M 3s
196100K .......... .......... .......... .......... .......... 80%  117M 3s
196150K .......... .......... .......... .......... .......... 80%  117M 3s
196200K .......... .......... .......... .......... .......... 80%  115M 3s
196250K .......... .......... .......... .......... .......... 81%  117M 3s
196300K .......... .......... .......... .......... .......... 81%  114M 3s
196350K .......... .......... .......... .......... .......... 81%  118M 3s
196400K .......... .......... .......... .......... .......... 81% 89.6M 3s
196450K .......... .......... .......... .......... .......... 81%  117M 3s
196500K .......... .......... .......... .......... .......... 81%  117M 3s
196550K .......... .......... .......... .......... .......... 81%  117M 3s
196600K .......... .......... .......... .......... .......... 81%  113M 3s
196650K .......... .......... .......... .......... .......... 81%  118M 3s
196700K .......... .......... .......... .......... .......... 81%  118M 3s
196750K .......... .......... .......... .......... .......... 81%  117M 3s
196800K .......... .......... .......... .......... .......... 81% 88.8M 3s
196850K .......... .......... .......... .......... .......... 81%  117M 3s
196900K .......... .......... .......... .......... .......... 81%  116M 3s
196950K .......... .......... .......... .......... .......... 81%  117M 3s
197000K .......... .......... .......... .......... .......... 81%  115M 3s
197050K .......... .......... .......... .......... .......... 81%  117M 3s
197100K .......... .......... .......... .......... .......... 81%  117M 3s
197150K .......... .......... .......... .......... .......... 81%  117M 3s
171100K .......... .......... .......... .......... .......... 70% 2.38M 6s
197200K .......... .......... .......... .......... .......... 81% 43.9M 3s
197250K .......... .......... .......... .......... .......... 81%  117M 3s
197300K .......... .......... .......... .......... .......... 81%  117M 3s
197350K .......... .......... .......... .......... .......... 81%  117M 3s
171150K .......... .......... .......... .......... .......... 70% 22.6M 6s
197400K .......... .......... .......... .......... .......... 81% 65.7M 3s
197450K .......... .......... .......... .......... .......... 81%  117M 3s
197500K .......... .......... .......... .......... .......... 81%  117M 3s
197550K .......... .......... .......... .......... .......... 81%  117M 3s
197600K .......... .......... .......... .......... .......... 81% 88.8M 3s
197650K .......... .......... .......... .......... .......... 81%  117M 3s
197700K .......... .......... .......... .......... .......... 81% 82.7M 3s
171200K .......... .......... .......... .......... .......... 70% 13.3M 6s
197750K .......... .......... .......... .......... .......... 81% 61.1M 3s
197800K .......... .......... .......... .......... .......... 81%  115M 3s
197850K .......... .......... .......... .......... .......... 81%  117M 3s
197900K .......... .......... .......... .......... .......... 81%  118M 3s
197950K .......... .......... .......... .......... .......... 81%  107M 3s
171250K .......... .......... .......... .......... .......... 70% 17.8M 6s
171300K .......... .......... .......... .......... .......... 70%  666K 6s
171350K .......... .......... .......... .......... .......... 70% 11.8M 6s
198000K .......... .......... .......... .......... .......... 81%  604K 3s
171400K .......... .......... .......... .......... .......... 70%  981K 6s
171450K .......... .......... .......... .......... .......... 70%  141M 6s
171500K .......... .......... .......... .......... .......... 70%  119M 6s
171550K .......... .......... .......... .......... .......... 70% 43.4M 6s
171600K .......... .......... .......... .......... .......... 70% 87.9M 6s
171650K .......... .......... .......... .......... .......... 70%  117M 6s
171700K .......... .......... .......... .......... .......... 70%  117M 6s
171750K .......... .......... .......... .......... .......... 70%  117M 6s
171800K .......... .......... .......... .......... .......... 70%  115M 6s
171850K .......... .......... .......... .......... .......... 70% 98.8M 6s
171900K .......... .......... .......... .......... .......... 70%  117M 6s
171950K .......... .......... .......... .......... .......... 70%  117M 6s
172000K .......... .......... .......... .......... .......... 71% 49.3M 6s
172050K .......... .......... .......... .......... .......... 71% 88.0M 6s
172100K .......... .......... .......... .......... .......... 71%  113M 6s
172150K .......... .......... .......... .......... .......... 71%  117M 6s
172200K .......... .......... .......... .......... .......... 71%  111M 6s
172250K .......... .......... .......... .......... .......... 71%  117M 6s
172300K .......... .......... .......... .......... .......... 71%  117M 6s
172350K .......... .......... .......... .......... .......... 71%  117M 6s
172400K .......... .......... .......... .......... .......... 71% 76.4M 6s
172450K .......... .......... .......... .......... .......... 71%  117M 6s
172500K .......... .......... .......... .......... .......... 71%  117M 6s
172550K .......... .......... .......... .......... .......... 71%  117M 6s
172600K .......... .......... .......... .......... .......... 71%  115M 6s
172650K .......... .......... .......... .......... .......... 71%  117M 6s
172700K .......... .......... .......... .......... .......... 71% 91.5M 6s
172750K .......... .......... .......... .......... .......... 71%  117M 6s
172800K .......... .......... .......... .......... .......... 71% 81.8M 6s
172850K .......... .......... .......... .......... .......... 71%  117M 6s
172900K .......... .......... .......... .......... .......... 71%  117M 6s
172950K .......... .......... .......... .......... .......... 71%  117M 6s
173000K .......... .......... .......... .......... .......... 71%  115M 6s
173050K .......... .......... .......... .......... .......... 71%  117M 6s
173100K .......... .......... .......... .......... .......... 71%  117M 6s
173150K .......... .......... .......... .......... .......... 71% 66.2M 6s
173200K .......... .......... .......... .......... .......... 71% 87.1M 6s
173250K .......... .......... .......... .......... .......... 71%  103M 6s
173300K .......... .......... .......... .......... .......... 71%  117M 6s
173350K .......... .......... .......... .......... .......... 71%  117M 6s
173400K .......... .......... .......... .......... .......... 71%  115M 6s
173450K .......... .......... .......... .......... .......... 71%  117M 6s
173500K .......... .......... .......... .......... .......... 71%  117M 6s
173550K .......... .......... .......... .......... .......... 71%  115M 6s
173600K .......... .......... .......... .......... .......... 71% 43.0M 6s
173650K .......... .......... .......... .......... .......... 71%  105M 6s
198050K .......... .......... .......... .......... .......... 81%  656K 3s
198100K .......... .......... .......... .......... .......... 81%  117M 3s
198150K .......... .......... .......... .......... .......... 81% 89.3M 3s
198200K .......... .......... .......... .......... .......... 81%  109M 3s
198250K .......... .......... .......... .......... .......... 81%  113M 3s
198300K .......... .......... .......... .......... .......... 81%  108M 3s
198350K .......... .......... .......... .......... .......... 81%  106M 3s
198400K .......... .......... .......... .......... .......... 81% 83.1M 3s
198450K .......... .......... .......... .......... .......... 81%  115M 3s
198500K .......... .......... .......... .......... .......... 81% 98.6M 3s
198550K .......... .......... .......... .......... .......... 81%  117M 3s
198600K .......... .......... .......... .......... .......... 81%  114M 3s
198650K .......... .......... .......... .......... .......... 82%  116M 3s
198700K .......... .......... .......... .......... .......... 82%  118M 3s
198750K .......... .......... .......... .......... .......... 82%  117M 3s
198800K .......... .......... .......... .......... .......... 82% 89.5M 3s
198850K .......... .......... .......... .......... .......... 82%  117M 3s
198900K .......... .......... .......... .......... .......... 82%  116M 3s
198950K .......... .......... .......... .......... .......... 82%  117M 3s
199000K .......... .......... .......... .......... .......... 82%  115M 3s
199050K .......... .......... .......... .......... .......... 82%  117M 3s
199100K .......... .......... .......... .......... .......... 82%  117M 3s
199150K .......... .......... .......... .......... .......... 82%  115M 3s
199200K .......... .......... .......... .......... .......... 82% 87.5M 3s
199250K .......... .......... .......... .......... .......... 82%  117M 3s
199300K .......... .......... .......... .......... .......... 82%  117M 3s
199350K .......... .......... .......... .......... .......... 82%  117M 3s
199400K .......... .......... .......... .......... .......... 82%  116M 3s
199450K .......... .......... .......... .......... .......... 82%  117M 3s
199500K .......... .......... .......... .......... .......... 82%  117M 3s
199550K .......... .......... .......... .......... .......... 82%  117M 3s
199600K .......... .......... .......... .......... .......... 82% 88.7M 3s
199650K .......... .......... .......... .......... .......... 82% 97.0M 3s
173700K .......... .......... .......... .......... .......... 71% 2.35M 6s
199700K .......... .......... .......... .......... .......... 82% 55.0M 3s
199750K .......... .......... .......... .......... .......... 82%  117M 3s
199800K .......... .......... .......... .......... .......... 82%  114M 3s
199850K .......... .......... .......... .......... .......... 82%  101M 3s
173750K .......... .......... .......... .......... .......... 71% 23.5M 6s
199900K .......... .......... .......... .......... .......... 82% 74.9M 3s
199950K .......... .......... .......... .......... .......... 82%  117M 3s
200000K .......... .......... .......... .......... .......... 82% 88.7M 3s
200050K .......... .......... .......... .......... .......... 82%  117M 3s
200100K .......... .......... .......... .......... .......... 82%  117M 3s
200150K .......... .......... .......... .......... .......... 82% 90.6M 3s
200200K .......... .......... .......... .......... .......... 82% 88.0M 3s
173800K .......... .......... .......... .......... .......... 71% 13.9M 6s
200250K .......... .......... .......... .......... .......... 82% 75.1M 3s
200300K .......... .......... .......... .......... .......... 82%  117M 3s
200350K .......... .......... .......... .......... .......... 82%  117M 3s
200400K .......... .......... .......... .......... .......... 82% 87.7M 3s
200450K .......... .......... .......... .......... .......... 82% 82.5M 3s
173850K .......... .......... .......... .......... .......... 71% 17.0M 6s
200500K .......... .......... .......... .......... .......... 82% 1.19M 3s
173900K .......... .......... .......... .......... .......... 71%  668K 6s
173950K .......... .......... .......... .......... .......... 71% 11.6M 6s
174000K .......... .......... .......... .......... .......... 71%  980K 6s
174050K .......... .......... .......... .......... .......... 71%  120M 6s
174100K .......... .......... .......... .......... .......... 71% 53.2M 6s
174150K .......... .......... .......... .......... .......... 71% 91.7M 6s
174200K .......... .......... .......... .......... .......... 71%  115M 6s
174250K .......... .......... .......... .......... .......... 71%  117M 6s
174300K .......... .......... .......... .......... .......... 71% 90.9M 6s
174350K .......... .......... .......... .......... .......... 71%  119M 6s
174400K .......... .......... .......... .......... .......... 72% 89.1M 6s
174450K .......... .......... .......... .......... .......... 72%  117M 6s
174500K .......... .......... .......... .......... .......... 72%  117M 6s
174550K .......... .......... .......... .......... .......... 72%  117M 6s
174600K .......... .......... .......... .......... .......... 72% 58.2M 6s
174650K .......... .......... .......... .......... .......... 72%  101M 6s
174700K .......... .......... .......... .......... .......... 72%  117M 5s
174750K .......... .......... .......... .......... .......... 72%  112M 5s
174800K .......... .......... .......... .......... .......... 72% 89.0M 5s
174850K .......... .......... .......... .......... .......... 72% 95.3M 5s
174900K .......... .......... .......... .......... .......... 72%  117M 5s
174950K .......... .......... .......... .......... .......... 72% 97.2M 5s
175000K .......... .......... .......... .......... .......... 72%  115M 5s
175050K .......... .......... .......... .......... .......... 72%  117M 5s
175100K .......... .......... .......... .......... .......... 72%  117M 5s
175150K .......... .......... .......... .......... .......... 72%  116M 5s
175200K .......... .......... .......... .......... .......... 72% 87.6M 5s
175250K .......... .......... .......... .......... .......... 72%  108M 5s
175300K .......... .......... .......... .......... .......... 72%  109M 5s
175350K .......... .......... .......... .......... .......... 72%  117M 5s
175400K .......... .......... .......... .......... .......... 72% 78.9M 5s
175450K .......... .......... .......... .......... .......... 72%  117M 5s
175500K .......... .......... .......... .......... .......... 72% 99.5M 5s
175550K .......... .......... .......... .......... .......... 72%  117M 5s
175600K .......... .......... .......... .......... .......... 72% 88.9M 5s
175650K .......... .......... .......... .......... .......... 72%  117M 5s
175700K .......... .......... .......... .......... .......... 72%  103M 5s
175750K .......... .......... .......... .......... .......... 72%  108M 5s
175800K .......... .......... .......... .......... .......... 72%  115M 5s
175850K .......... .......... .......... .......... .......... 72%  113M 5s
175900K .......... .......... .......... .......... .......... 72%  107M 5s
175950K .......... .......... .......... .......... .......... 72%  117M 5s
176000K .......... .......... .......... .......... .......... 72% 89.0M 5s
176050K .......... .......... .......... .......... .......... 72%  117M 5s
176100K .......... .......... .......... .......... .......... 72%  117M 5s
176150K .......... .......... .......... .......... .......... 72%  117M 5s
176200K .......... .......... .......... .......... .......... 72% 49.5M 5s
176250K .......... .......... .......... .......... .......... 72%  109M 5s
200550K .......... .......... .......... .......... .......... 82%  426K 3s
200600K .......... .......... .......... .......... .......... 82%  108M 3s
200650K .......... .......... .......... .......... .......... 82%  105M 3s
200700K .......... .......... .......... .......... .......... 82% 96.3M 3s
200750K .......... .......... .......... .......... .......... 82%  102M 3s
200800K .......... .......... .......... .......... .......... 82% 89.7M 3s
200850K .......... .......... .......... .......... .......... 82%  114M 3s
200900K .......... .......... .......... .......... .......... 82%  108M 3s
200950K .......... .......... .......... .......... .......... 82% 90.0M 3s
201000K .......... .......... .......... .......... .......... 82%  113M 3s
201050K .......... .......... .......... .......... .......... 83%  118M 3s
201100K .......... .......... .......... .......... .......... 83%  117M 3s
201150K .......... .......... .......... .......... .......... 83%  118M 3s
201200K .......... .......... .......... .......... .......... 83% 85.1M 3s
201250K .......... .......... .......... .......... .......... 83%  117M 3s
201300K .......... .......... .......... .......... .......... 83%  117M 3s
201350K .......... .......... .......... .......... .......... 83%  117M 3s
201400K .......... .......... .......... .......... .......... 83%  116M 3s
201450K .......... .......... .......... .......... .......... 83%  117M 3s
201500K .......... .......... .......... .......... .......... 83%  115M 3s
201550K .......... .......... .......... .......... .......... 83%  119M 3s
201600K .......... .......... .......... .......... .......... 83% 87.1M 3s
201650K .......... .......... .......... .......... .......... 83%  116M 3s
201700K .......... .......... .......... .......... .......... 83%  117M 3s
201750K .......... .......... .......... .......... .......... 83%  117M 3s
201800K .......... .......... .......... .......... .......... 83%  115M 3s
201850K .......... .......... .......... .......... .......... 83%  116M 3s
201900K .......... .......... .......... .......... .......... 83%  115M 3s
201950K .......... .......... .......... .......... .......... 83%  119M 3s
202000K .......... .......... .......... .......... .......... 83% 89.8M 3s
202050K .......... .......... .......... .......... .......... 83%  117M 3s
202100K .......... .......... .......... .......... .......... 83%  117M 3s
202150K .......... .......... .......... .......... .......... 83%  116M 3s
176300K .......... .......... .......... .......... .......... 72% 2.33M 5s
202200K .......... .......... .......... .......... .......... 83% 49.8M 3s
202250K .......... .......... .......... .......... .......... 83%  117M 3s
202300K .......... .......... .......... .......... .......... 83%  117M 3s
202350K .......... .......... .......... .......... .......... 83%  117M 3s
202400K .......... .......... .......... .......... .......... 83% 55.6M 3s
202450K .......... .......... .......... .......... .......... 83%  116M 3s
202500K .......... .......... .......... .......... .......... 83%  117M 3s
202550K .......... .......... .......... .......... .......... 83%  117M 3s
202600K .......... .......... .......... .......... .......... 83%  116M 3s
202650K .......... .......... .......... .......... .......... 83%  113M 3s
176350K .......... .......... .......... .......... .......... 72% 21.1M 5s
202700K .......... .......... .......... .......... .......... 83% 80.5M 3s
176400K .......... .......... .......... .......... .......... 72% 13.4M 5s
202750K .......... .......... .......... .......... .......... 83%  117M 3s
202800K .......... .......... .......... .......... .......... 83% 54.1M 3s
202850K .......... .......... .......... .......... .......... 83%  117M 3s
202900K .......... .......... .......... .......... .......... 83%  117M 3s
202950K .......... .......... .......... .......... .......... 83%  117M 3s
203000K .......... .......... .......... .......... .......... 83%  103M 3s
203050K .......... .......... .......... .......... .......... 83% 1.20M 3s
176450K .......... .......... .......... .......... .......... 72% 1.12M 5s
176500K .......... .......... .......... .......... .......... 72% 1.30M 5s
176550K .......... .......... .......... .......... .......... 72% 1.19M 5s
176600K .......... .......... .......... .......... .......... 72% 4.79M 5s
176650K .......... .......... .......... .......... .......... 72%  119M 5s
176700K .......... .......... .......... .......... .......... 72% 52.5M 5s
176750K .......... .......... .......... .......... .......... 72%  102M 5s
176800K .......... .......... .......... .......... .......... 72% 82.7M 5s
176850K .......... .......... .......... .......... .......... 73%  108M 5s
176900K .......... .......... .......... .......... .......... 73%  100M 5s
176950K .......... .......... .......... .......... .......... 73% 91.9M 5s
177000K .......... .......... .......... .......... .......... 73%  115M 5s
177050K .......... .......... .......... .......... .......... 73%  104M 5s
177100K .......... .......... .......... .......... .......... 73%  117M 5s
177150K .......... .......... .......... .......... .......... 73%  116M 5s
177200K .......... .......... .......... .......... .......... 73% 66.0M 5s
177250K .......... .......... .......... .......... .......... 73%  101M 5s
177300K .......... .......... .......... .......... .......... 73% 97.5M 5s
177350K .......... .......... .......... .......... .......... 73%  113M 5s
177400K .......... .......... .......... .......... .......... 73%  115M 5s
177450K .......... .......... .......... .......... .......... 73%  108M 5s
177500K .......... .......... .......... .......... .......... 73%  107M 5s
177550K .......... .......... .......... .......... .......... 73%  110M 5s
177600K .......... .......... .......... .......... .......... 73% 81.0M 5s
177650K .......... .......... .......... .......... .......... 73%  117M 5s
177700K .......... .......... .......... .......... .......... 73%  117M 5s
177750K .......... .......... .......... .......... .......... 73%  117M 5s
177800K .......... .......... .......... .......... .......... 73%  114M 5s
177850K .......... .......... .......... .......... .......... 73%  117M 5s
177900K .......... .......... .......... .......... .......... 73%  112M 5s
177950K .......... .......... .......... .......... .......... 73%  111M 5s
178000K .......... .......... .......... .......... .......... 73% 67.8M 5s
178050K .......... .......... .......... .......... .......... 73%  117M 5s
178100K .......... .......... .......... .......... .......... 73% 96.4M 5s
178150K .......... .......... .......... .......... .......... 73%  117M 5s
178200K .......... .......... .......... .......... .......... 73%  109M 5s
178250K .......... .......... .......... .......... .......... 73%  117M 5s
178300K .......... .......... .......... .......... .......... 73%  108M 5s
178350K .......... .......... .......... .......... .......... 73%  112M 5s
178400K .......... .......... .......... .......... .......... 73% 83.4M 5s
178450K .......... .......... .......... .......... .......... 73% 82.2M 5s
178500K .......... .......... .......... .......... .......... 73%  117M 5s
178550K .......... .......... .......... .......... .......... 73%  112M 5s
178600K .......... .......... .......... .......... .......... 73%  116M 5s
178650K .......... .......... .......... .......... .......... 73%  117M 5s
178700K .......... .......... .......... .......... .......... 73%  117M 5s
178750K .......... .......... .......... .......... .......... 73%  117M 5s
178800K .......... .......... .......... .......... .......... 73% 51.1M 5s
178850K .......... .......... .......... .......... .......... 73%  117M 5s
203100K .......... .......... .......... .......... .......... 83%  426K 3s
203150K .......... .......... .......... .......... .......... 83% 85.6M 3s
203200K .......... .......... .......... .......... .......... 83% 62.3M 3s
203250K .......... .......... .......... .......... .......... 83%  117M 3s
203300K .......... .......... .......... .......... .......... 83%  117M 3s
203350K .......... .......... .......... .......... .......... 83%  117M 3s
203400K .......... .......... .......... .......... .......... 83%  114M 3s
203450K .......... .......... .......... .......... .......... 83% 97.0M 3s
203500K .......... .......... .......... .......... .......... 84%  116M 3s
203550K .......... .......... .......... .......... .......... 84%  111M 3s
203600K .......... .......... .......... .......... .......... 84% 84.4M 3s
203650K .......... .......... .......... .......... .......... 84%  116M 3s
203700K .......... .......... .......... .......... .......... 84%  117M 3s
203750K .......... .......... .......... .......... .......... 84%  117M 3s
203800K .......... .......... .......... .......... .......... 84%  114M 3s
203850K .......... .......... .......... .......... .......... 84%  113M 3s
203900K .......... .......... .......... .......... .......... 84%  117M 3s
203950K .......... .......... .......... .......... .......... 84%  117M 3s
204000K .......... .......... .......... .......... .......... 84% 89.8M 3s
204050K .......... .......... .......... .......... .......... 84%  117M 3s
204100K .......... .......... .......... .......... .......... 84%  117M 3s
204150K .......... .......... .......... .......... .......... 84%  117M 3s
204200K .......... .......... .......... .......... .......... 84%  114M 3s
204250K .......... .......... .......... .......... .......... 84%  117M 3s
204300K .......... .......... .......... .......... .......... 84%  116M 3s
204350K .......... .......... .......... .......... .......... 84%  118M 3s
204400K .......... .......... .......... .......... .......... 84% 89.8M 3s
204450K .......... .......... .......... .......... .......... 84%  116M 3s
204500K .......... .......... .......... .......... .......... 84%  117M 3s
204550K .......... .......... .......... .......... .......... 84%  117M 3s
204600K .......... .......... .......... .......... .......... 84%  114M 3s
204650K .......... .......... .......... .......... .......... 84% 92.0M 3s
204700K .......... .......... .......... .......... .......... 84%  110M 3s
178900K .......... .......... .......... .......... .......... 73% 2.32M 5s
204750K .......... .......... .......... .......... .......... 84% 61.6M 3s
204800K .......... .......... .......... .......... .......... 84% 85.0M 3s
204850K .......... .......... .......... .......... .......... 84%  117M 3s
204900K .......... .......... .......... .......... .......... 84%  115M 3s
178950K .......... .......... .......... .......... .......... 73% 20.1M 5s
204950K .......... .......... .......... .......... .......... 84% 50.2M 3s
205000K .......... .......... .......... .......... .......... 84%  115M 3s
205050K .......... .......... .......... .......... .......... 84%  117M 3s
205100K .......... .......... .......... .......... .......... 84%  117M 3s
205150K .......... .......... .......... .......... .......... 84%  117M 3s
205200K .......... .......... .......... .......... .......... 84% 88.8M 3s
205250K .......... .......... .......... .......... .......... 84%  117M 3s
179000K .......... .......... .......... .......... .......... 73% 14.3M 5s
205300K .......... .......... .......... .......... .......... 84% 50.2M 3s
205350K .......... .......... .......... .......... .......... 84%  117M 3s
205400K .......... .......... .......... .......... .......... 84%  115M 3s
205450K .......... .......... .......... .......... .......... 84%  117M 3s
205500K .......... .......... .......... .......... .......... 84%  117M 3s
205550K .......... .......... .......... .......... .......... 84%  117M 3s
179050K .......... .......... .......... .......... .......... 73% 16.3M 5s
179100K .......... .......... .......... .......... .......... 73%  641K 5s
179150K .......... .......... .......... .......... .......... 73%  108M 5s
205600K .......... .......... .......... .......... .......... 84%  612K 3s
179200K .......... .......... .......... .......... .......... 73%  976K 5s
179250K .......... .......... .......... .......... .......... 74%  145M 5s
179300K .......... .......... .......... .......... .......... 74% 73.6M 5s
179350K .......... .......... .......... .......... .......... 74%  106M 5s
179400K .......... .......... .......... .......... .......... 74%  105M 5s
179450K .......... .......... .......... .......... .......... 74% 94.5M 5s
179500K .......... .......... .......... .......... .......... 74%  101M 5s
179550K .......... .......... .......... .......... .......... 74% 92.7M 5s
179600K .......... .......... .......... .......... .......... 74% 83.0M 5s
179650K .......... .......... .......... .......... .......... 74%  117M 5s
179700K .......... .......... .......... .......... .......... 74%  117M 5s
179750K .......... .......... .......... .......... .......... 74%  117M 5s
179800K .......... .......... .......... .......... .......... 74% 79.5M 5s
179850K .......... .......... .......... .......... .......... 74%  110M 5s
179900K .......... .......... .......... .......... .......... 74% 88.2M 5s
179950K .......... .......... .......... .......... .......... 74% 92.9M 5s
180000K .......... .......... .......... .......... .......... 74% 89.0M 5s
180050K .......... .......... .......... .......... .......... 74%  113M 5s
180100K .......... .......... .......... .......... .......... 74%  117M 5s
180150K .......... .......... .......... .......... .......... 74%  117M 5s
180200K .......... .......... .......... .......... .......... 74%  115M 5s
180250K .......... .......... .......... .......... .......... 74%  117M 5s
180300K .......... .......... .......... .......... .......... 74%  116M 5s
180350K .......... .......... .......... .......... .......... 74%  111M 5s
180400K .......... .......... .......... .......... .......... 74% 88.8M 5s
180450K .......... .......... .......... .......... .......... 74%  117M 5s
180500K .......... .......... .......... .......... .......... 74%  117M 5s
180550K .......... .......... .......... .......... .......... 74%  117M 5s
180600K .......... .......... .......... .......... .......... 74% 77.6M 5s
180650K .......... .......... .......... .......... .......... 74%  117M 5s
180700K .......... .......... .......... .......... .......... 74% 95.4M 5s
180750K .......... .......... .......... .......... .......... 74%  117M 5s
180800K .......... .......... .......... .......... .......... 74% 85.8M 5s
180850K .......... .......... .......... .......... .......... 74%  117M 5s
180900K .......... .......... .......... .......... .......... 74%  117M 5s
180950K .......... .......... .......... .......... .......... 74%  112M 5s
181000K .......... .......... .......... .......... .......... 74%  110M 5s
181050K .......... .......... .......... .......... .......... 74% 82.2M 5s
181100K .......... .......... .......... .......... .......... 74%  117M 5s
181150K .......... .......... .......... .......... .......... 74%  111M 5s
181200K .......... .......... .......... .......... .......... 74% 76.3M 5s
181250K .......... .......... .......... .......... .......... 74%  117M 5s
181300K .......... .......... .......... .......... .......... 74%  117M 5s
181350K .......... .......... .......... .......... .......... 74%  117M 5s
181400K .......... .......... .......... .......... .......... 74% 65.0M 5s
181450K .......... .......... .......... .......... .......... 74%  117M 5s
205650K .......... .......... .......... .......... .......... 84%  654K 3s
205700K .......... .......... .......... .......... .......... 84%  112M 3s
205750K .......... .......... .......... .......... .......... 84% 76.4M 3s
205800K .......... .......... .......... .......... .......... 84%  115M 3s
205850K .......... .......... .......... .......... .......... 84%  110M 3s
205900K .......... .......... .......... .......... .......... 85%  114M 3s
205950K .......... .......... .......... .......... .......... 85%  118M 3s
206000K .......... .......... .......... .......... .......... 85% 89.8M 3s
206050K .......... .......... .......... .......... .......... 85%  117M 3s
206100K .......... .......... .......... .......... .......... 85%  115M 3s
206150K .......... .......... .......... .......... .......... 85%  103M 3s
206200K .......... .......... .......... .......... .......... 85%  101M 3s
206250K .......... .......... .......... .......... .......... 85%  117M 3s
206300K .......... .......... .......... .......... .......... 85%  117M 3s
206350K .......... .......... .......... .......... .......... 85%  117M 3s
206400K .......... .......... .......... .......... .......... 85% 88.7M 3s
206450K .......... .......... .......... .......... .......... 85%  117M 3s
206500K .......... .......... .......... .......... .......... 85%  117M 3s
206550K .......... .......... .......... .......... .......... 85%  117M 3s
206600K .......... .......... .......... .......... .......... 85%  115M 3s
206650K .......... .......... .......... .......... .......... 85%  116M 3s
206700K .......... .......... .......... .......... .......... 85%  117M 3s
206750K .......... .......... .......... .......... .......... 85%  118M 3s
206800K .......... .......... .......... .......... .......... 85% 87.0M 3s
206850K .......... .......... .......... .......... .......... 85%  117M 3s
206900K .......... .......... .......... .......... .......... 85%  117M 2s
206950K .......... .......... .......... .......... .......... 85%  116M 2s
207000K .......... .......... .......... .......... .......... 85%  114M 2s
207050K .......... .......... .......... .......... .......... 85%  117M 2s
207100K .......... .......... .......... .......... .......... 85%  117M 2s
207150K .......... .......... .......... .......... .......... 85%  118M 2s
207200K .......... .......... .......... .......... .......... 85% 89.0M 2s
207250K .......... .......... .......... .......... .......... 85%  117M 2s
181500K .......... .......... .......... .......... .......... 74% 2.32M 5s
207300K .......... .......... .......... .......... .......... 85% 69.6M 2s
207350K .......... .......... .......... .......... .......... 85%  117M 2s
207400K .......... .......... .......... .......... .......... 85%  115M 2s
207450K .......... .......... .......... .......... .......... 85%  117M 2s
207500K .......... .......... .......... .......... .......... 85%  107M 2s
181550K .......... .......... .......... .......... .......... 74% 19.7M 5s
207550K .......... .......... .......... .......... .......... 85% 54.4M 2s
207600K .......... .......... .......... .......... .......... 85% 88.8M 2s
207650K .......... .......... .......... .......... .......... 85% 96.1M 2s
207700K .......... .......... .......... .......... .......... 85%  117M 2s
207750K .......... .......... .......... .......... .......... 85%  117M 2s
207800K .......... .......... .......... .......... .......... 85%  115M 2s
207850K .......... .......... .......... .......... .......... 85%  117M 2s
181600K .......... .......... .......... .......... .......... 74% 13.2M 5s
207900K .......... .......... .......... .......... .......... 85% 50.0M 2s
207950K .......... .......... .......... .......... .......... 85%  115M 2s
208000K .......... .......... .......... .......... .......... 85% 88.6M 2s
208050K .......... .......... .......... .......... .......... 85%  117M 2s
208100K .......... .......... .......... .......... .......... 85%  117M 2s
208150K .......... .......... .......... .......... .......... 85%  117M 2s
181650K .......... .......... .......... .......... .......... 74% 16.5M 5s
181700K .......... .......... .......... .......... .......... 75%  642K 5s
181750K .......... .......... .......... .......... .......... 75% 99.2M 5s
208200K .......... .......... .......... .......... .......... 85%  407K 2s
181800K .......... .......... .......... .......... .......... 75%  975K 5s
181850K .......... .......... .......... .......... .......... 75%  151M 5s
181900K .......... .......... .......... .......... .......... 75%  110M 5s
181950K .......... .......... .......... .......... .......... 75%  104M 5s
182000K .......... .......... .......... .......... .......... 75% 78.1M 5s
182050K .......... .......... .......... .......... .......... 75% 94.7M 5s
182100K .......... .......... .......... .......... .......... 75% 99.8M 5s
182150K .......... .......... .......... .......... .......... 75% 94.9M 5s
182200K .......... .......... .......... .......... .......... 75%  116M 5s
182250K .......... .......... .......... .......... .......... 75%  113M 5s
182300K .......... .......... .......... .......... .......... 75%  117M 5s
182350K .......... .......... .......... .......... .......... 75%  113M 5s
182400K .......... .......... .......... .......... .......... 75% 67.9M 5s
182450K .......... .......... .......... .......... .......... 75%  115M 5s
182500K .......... .......... .......... .......... .......... 75% 76.6M 5s
182550K .......... .......... .......... .......... .......... 75%  115M 5s
182600K .......... .......... .......... .......... .......... 75%  115M 5s
182650K .......... .......... .......... .......... .......... 75%  117M 5s
182700K .......... .......... .......... .......... .......... 75%  100M 5s
182750K .......... .......... .......... .......... .......... 75%  117M 5s
182800K .......... .......... .......... .......... .......... 75% 87.0M 5s
182850K .......... .......... .......... .......... .......... 75% 65.5M 5s
182900K .......... .......... .......... .......... .......... 75%  117M 5s
182950K .......... .......... .......... .......... .......... 75%  117M 5s
183000K .......... .......... .......... .......... .......... 75%  115M 5s
183050K .......... .......... .......... .......... .......... 75%  117M 5s
183100K .......... .......... .......... .......... .......... 75%  117M 5s
183150K .......... .......... .......... .......... .......... 75%  117M 5s
183200K .......... .......... .......... .......... .......... 75% 88.9M 5s
183250K .......... .......... .......... .......... .......... 75%  117M 5s
183300K .......... .......... .......... .......... .......... 75%  117M 5s
183350K .......... .......... .......... .......... .......... 75%  117M 5s
183400K .......... .......... .......... .......... .......... 75%  115M 5s
183450K .......... .......... .......... .......... .......... 75%  117M 5s
183500K .......... .......... .......... .......... .......... 75%  117M 5s
183550K .......... .......... .......... .......... .......... 75%  117M 5s
183600K .......... .......... .......... .......... .......... 75% 88.5M 5s
183650K .......... .......... .......... .......... .......... 75% 85.9M 5s
183700K .......... .......... .......... .......... .......... 75% 96.3M 5s
183750K .......... .......... .......... .......... .......... 75%  117M 5s
183800K .......... .......... .......... .......... .......... 75%  108M 5s
183850K .......... .......... .......... .......... .......... 75%  113M 5s
183900K .......... .......... .......... .......... .......... 75%  117M 5s
183950K .......... .......... .......... .......... .......... 75%  116M 5s
184000K .......... .......... .......... .......... .......... 75% 55.1M 5s
184050K .......... .......... .......... .......... .......... 75%  112M 5s
208250K .......... .......... .......... .......... .......... 85% 1.40M 2s
208300K .......... .......... .......... .......... .......... 85%  110M 2s
208350K .......... .......... .......... .......... .......... 86% 77.0M 2s
208400K .......... .......... .......... .......... .......... 86% 89.9M 2s
208450K .......... .......... .......... .......... .......... 86%  113M 2s
208500K .......... .......... .......... .......... .......... 86%  117M 2s
208550K .......... .......... .......... .......... .......... 86%  115M 2s
208600K .......... .......... .......... .......... .......... 86%  102M 2s
208650K .......... .......... .......... .......... .......... 86%  118M 2s
208700K .......... .......... .......... .......... .......... 86%  114M 2s
208750K .......... .......... .......... .......... .......... 86%  118M 2s
208800K .......... .......... .......... .......... .......... 86% 87.5M 2s
208850K .......... .......... .......... .......... .......... 86%  116M 2s
208900K .......... .......... .......... .......... .......... 86%  116M 2s
208950K .......... .......... .......... .......... .......... 86%  117M 2s
209000K .......... .......... .......... .......... .......... 86%  115M 2s
209050K .......... .......... .......... .......... .......... 86%  117M 2s
209100K .......... .......... .......... .......... .......... 86%  117M 2s
209150K .......... .......... .......... .......... .......... 86%  117M 2s
209200K .......... .......... .......... .......... .......... 86% 79.3M 2s
209250K .......... .......... .......... .......... .......... 86%  118M 2s
209300K .......... .......... .......... .......... .......... 86%  117M 2s
209350K .......... .......... .......... .......... .......... 86%  117M 2s
209400K .......... .......... .......... .......... .......... 86%  106M 2s
209450K .......... .......... .......... .......... .......... 86%  118M 2s
209500K .......... .......... .......... .......... .......... 86%  115M 2s
209550K .......... .......... .......... .......... .......... 86%  117M 2s
209600K .......... .......... .......... .......... .......... 86% 89.7M 2s
209650K .......... .......... .......... .......... .......... 86%  117M 2s
209700K .......... .......... .......... .......... .......... 86%  116M 2s
209750K .......... .......... .......... .......... .......... 86%  117M 2s
209800K .......... .......... .......... .......... .......... 86%  115M 2s
209850K .......... .......... .......... .......... .......... 86%  117M 2s
184100K .......... .......... .......... .......... .......... 76% 2.30M 5s
209900K .......... .......... .......... .......... .......... 86% 67.0M 2s
209950K .......... .......... .......... .......... .......... 86%  117M 2s
210000K .......... .......... .......... .......... .......... 86% 87.6M 2s
210050K .......... .......... .......... .......... .......... 86%  117M 2s
210100K .......... .......... .......... .......... .......... 86% 81.0M 2s
184150K .......... .......... .......... .......... .......... 76% 19.6M 5s
210150K .......... .......... .......... .......... .......... 86% 62.0M 2s
210200K .......... .......... .......... .......... .......... 86%  115M 2s
210250K .......... .......... .......... .......... .......... 86%  118M 2s
210300K .......... .......... .......... .......... .......... 86%  117M 2s
210350K .......... .......... .......... .......... .......... 86%  117M 2s
210400K .......... .......... .......... .......... .......... 86% 88.8M 2s
210450K .......... .......... .......... .......... .......... 86%  117M 2s
184200K .......... .......... .......... .......... .......... 76% 13.7M 5s
184250K .......... .......... .......... .......... .......... 76%  133M 5s
210500K .......... .......... .......... .......... .......... 86% 50.2M 2s
210550K .......... .......... .......... .......... .......... 86%  117M 2s
210600K .......... .......... .......... .......... .......... 86%  113M 2s
210650K .......... .......... .......... .......... .......... 86%  118M 2s
210700K .......... .......... .......... .......... .......... 86%  118M 2s
210750K .......... .......... .......... .......... .......... 87%  116M 2s
184300K .......... .......... .......... .......... .......... 76% 1.13M 5s
184350K .......... .......... .......... .......... .......... 76% 1.30M 5s
210800K .......... .......... .......... .......... .......... 87%  407K 2s
184400K .......... .......... .......... .......... .......... 76%  967K 5s
184450K .......... .......... .......... .......... .......... 76%  182M 5s
184500K .......... .......... .......... .......... .......... 76%  121M 5s
184550K .......... .......... .......... .......... .......... 76%  117M 5s
184600K .......... .......... .......... .......... .......... 76%  115M 5s
184650K .......... .......... .......... .......... .......... 76%  117M 5s
184700K .......... .......... .......... .......... .......... 76% 96.5M 5s
184750K .......... .......... .......... .......... .......... 76%  109M 5s
184800K .......... .......... .......... .......... .......... 76% 76.1M 5s
184850K .......... .......... .......... .......... .......... 76%  107M 5s
184900K .......... .......... .......... .......... .......... 76%  111M 5s
184950K .......... .......... .......... .......... .......... 76%  111M 5s
185000K .......... .......... .......... .......... .......... 76%  115M 5s
185050K .......... .......... .......... .......... .......... 76% 90.7M 5s
185100K .......... .......... .......... .......... .......... 76% 98.0M 5s
185150K .......... .......... .......... .......... .......... 76% 83.9M 5s
185200K .......... .......... .......... .......... .......... 76% 89.1M 5s
185250K .......... .......... .......... .......... .......... 76%  117M 5s
185300K .......... .......... .......... .......... .......... 76% 99.7M 5s
185350K .......... .......... .......... .......... .......... 76%  113M 5s
185400K .......... .......... .......... .......... .......... 76%  115M 5s
185450K .......... .......... .......... .......... .......... 76% 92.4M 5s
185500K .......... .......... .......... .......... .......... 76% 80.6M 5s
185550K .......... .......... .......... .......... .......... 76%  110M 5s
185600K .......... .......... .......... .......... .......... 76% 88.9M 5s
185650K .......... .......... .......... .......... .......... 76%  110M 5s
185700K .......... .......... .......... .......... .......... 76%  112M 5s
185750K .......... .......... .......... .......... .......... 76%  117M 5s
185800K .......... .......... .......... .......... .......... 76%  115M 5s
185850K .......... .......... .......... .......... .......... 76%  117M 5s
185900K .......... .......... .......... .......... .......... 76% 99.6M 5s
185950K .......... .......... .......... .......... .......... 76%  117M 5s
186000K .......... .......... .......... .......... .......... 76% 87.0M 5s
186050K .......... .......... .......... .......... .......... 76%  117M 5s
186100K .......... .......... .......... .......... .......... 76%  117M 5s
186150K .......... .......... .......... .......... .......... 76%  117M 5s
186200K .......... .......... .......... .......... .......... 76%  115M 4s
186250K .......... .......... .......... .......... .......... 76%  117M 4s
186300K .......... .......... .......... .......... .......... 76% 93.6M 4s
186350K .......... .......... .......... .......... .......... 76%  107M 4s
186400K .......... .......... .......... .......... .......... 76% 88.8M 4s
186450K .......... .......... .......... .......... .......... 76%  114M 4s
186500K .......... .......... .......... .......... .......... 76%  112M 4s
186550K .......... .......... .......... .......... .......... 77% 96.8M 4s
186600K .......... .......... .......... .......... .......... 77%  115M 4s
186650K .......... .......... .......... .......... .......... 77% 70.1M 4s
186700K .......... .......... .......... .......... .......... 77%  117M 4s
210850K .......... .......... .......... .......... .......... 87% 1.40M 2s
210900K .......... .......... .......... .......... .......... 87% 71.3M 2s
210950K .......... .......... .......... .......... .......... 87%  107M 2s
211000K .......... .......... .......... .......... .......... 87%  115M 2s
211050K .......... .......... .......... .......... .......... 87%  117M 2s
211100K .......... .......... .......... .......... .......... 87%  108M 2s
211150K .......... .......... .......... .......... .......... 87%  117M 2s
211200K .......... .......... .......... .......... .......... 87% 86.9M 2s
211250K .......... .......... .......... .......... .......... 87%  115M 2s
211300K .......... .......... .......... .......... .......... 87%  117M 2s
211350K .......... .......... .......... .......... .......... 87%  112M 2s
211400K .......... .......... .......... .......... .......... 87%  114M 2s
211450K .......... .......... .......... .......... .......... 87%  117M 2s
211500K .......... .......... .......... .......... .......... 87%  118M 2s
211550K .......... .......... .......... .......... .......... 87%  117M 2s
211600K .......... .......... .......... .......... .......... 87% 88.3M 2s
211650K .......... .......... .......... .......... .......... 87%  116M 2s
211700K .......... .......... .......... .......... .......... 87%  117M 2s
211750K .......... .......... .......... .......... .......... 87%  117M 2s
211800K .......... .......... .......... .......... .......... 87%  102M 2s
211850K .......... .......... .......... .......... .......... 87%  107M 2s
211900K .......... .......... .......... .......... .......... 87%  117M 2s
211950K .......... .......... .......... .......... .......... 87%  117M 2s
212000K .......... .......... .......... .......... .......... 87% 87.1M 2s
212050K .......... .......... .......... .......... .......... 87%  117M 2s
212100K .......... .......... .......... .......... .......... 87%  117M 2s
212150K .......... .......... .......... .......... .......... 87%  116M 2s
212200K .......... .......... .......... .......... .......... 87%  106M 2s
212250K .......... .......... .......... .......... .......... 87%  117M 2s
212300K .......... .......... .......... .......... .......... 87%  117M 2s
212350K .......... .......... .......... .......... .......... 87%  117M 2s
212400K .......... .......... .......... .......... .......... 87% 88.7M 2s
212450K .......... .......... .......... .......... .......... 87%  117M 2s
212500K .......... .......... .......... .......... .......... 87% 61.1M 2s
212550K .......... .......... .......... .......... .......... 87%  117M 2s
212600K .......... .......... .......... .......... .......... 87%  114M 2s
212650K .......... .......... .......... .......... .......... 87%  117M 2s
212700K .......... .......... .......... .......... .......... 87%  117M 2s
186750K .......... .......... .......... .......... .......... 77% 2.27M 4s
212750K .......... .......... .......... .......... .......... 87% 58.7M 2s
212800K .......... .......... .......... .......... .......... 87% 88.7M 2s
212850K .......... .......... .......... .......... .......... 87%  117M 2s
212900K .......... .......... .......... .......... .......... 87%  117M 2s
212950K .......... .......... .......... .......... .......... 87%  116M 2s
213000K .......... .......... .......... .......... .......... 87%  116M 2s
213050K .......... .......... .......... .......... .......... 87%  117M 2s
186800K .......... .......... .......... .......... .......... 77% 8.45M 4s
186850K .......... .......... .......... .......... .......... 77%  117M 4s
213100K .......... .......... .......... .......... .......... 87% 50.2M 2s
213150K .......... .......... .......... .......... .......... 87%  117M 2s
213200K .......... .......... .......... .......... .......... 88% 86.8M 2s
213250K .......... .......... .......... .......... .......... 88%  117M 2s
213300K .......... .......... .......... .......... .......... 88%  117M 2s
213350K .......... .......... .......... .......... .......... 88%  115M 2s
213400K .......... .......... .......... .......... .......... 88% 1.21M 2s
186900K .......... .......... .......... .......... .......... 77% 1.14M 4s
186950K .......... .......... .......... .......... .......... 77% 1.31M 4s
187000K .......... .......... .......... .......... .......... 77%  961K 4s
187050K .......... .......... .......... .......... .......... 77%  194M 4s
187100K .......... .......... .......... .......... .......... 77%  117M 4s
187150K .......... .......... .......... .......... .......... 77%  119M 4s
187200K .......... .......... .......... .......... .......... 77% 87.0M 4s
187250K .......... .......... .......... .......... .......... 77%  117M 4s
187300K .......... .......... .......... .......... .......... 77%  117M 4s
187350K .......... .......... .......... .......... .......... 77%  117M 4s
187400K .......... .......... .......... .......... .......... 77%  115M 4s
187450K .......... .......... .......... .......... .......... 77% 82.7M 4s
187500K .......... .......... .......... .......... .......... 77%  117M 4s
187550K .......... .......... .......... .......... .......... 77% 70.6M 4s
187600K .......... .......... .......... .......... .......... 77% 89.1M 4s
187650K .......... .......... .......... .......... .......... 77%  117M 4s
187700K .......... .......... .......... .......... .......... 77%  117M 4s
187750K .......... .......... .......... .......... .......... 77%  117M 4s
187800K .......... .......... .......... .......... .......... 77%  115M 4s
187850K .......... .......... .......... .......... .......... 77%  114M 4s
187900K .......... .......... .......... .......... .......... 77%  119M 4s
187950K .......... .......... .......... .......... .......... 77%  117M 4s
188000K .......... .......... .......... .......... .......... 77% 88.9M 4s
188050K .......... .......... .......... .......... .......... 77%  117M 4s
188100K .......... .......... .......... .......... .......... 77% 72.4M 4s
188150K .......... .......... .......... .......... .......... 77%  112M 4s
188200K .......... .......... .......... .......... .......... 77%  103M 4s
188250K .......... .......... .......... .......... .......... 77%  117M 4s
188300K .......... .......... .......... .......... .......... 77%  112M 4s
188350K .......... .......... .......... .......... .......... 77%  117M 4s
188400K .......... .......... .......... .......... .......... 77% 88.8M 4s
188450K .......... .......... .......... .......... .......... 77%  116M 4s
188500K .......... .......... .......... .......... .......... 77%  100M 4s
188550K .......... .......... .......... .......... .......... 77%  117M 4s
188600K .......... .......... .......... .......... .......... 77%  115M 4s
188650K .......... .......... .......... .......... .......... 77%  117M 4s
188700K .......... .......... .......... .......... .......... 77%  117M 4s
188750K .......... .......... .......... .......... .......... 77%  117M 4s
188800K .......... .......... .......... .......... .......... 77% 89.1M 4s
188850K .......... .......... .......... .......... .......... 77%  117M 4s
188900K .......... .......... .......... .......... .......... 77%  112M 4s
188950K .......... .......... .......... .......... .......... 78% 99.5M 4s
189000K .......... .......... .......... .......... .......... 78% 51.6M 4s
189050K .......... .......... .......... .......... .......... 78%  117M 4s
189100K .......... .......... .......... .......... .......... 78%  117M 4s
189150K .......... .......... .......... .......... .......... 78%  116M 4s
189200K .......... .......... .......... .......... .......... 78% 87.1M 4s
189250K .......... .......... .......... .......... .......... 78%  117M 4s
189300K .......... .......... .......... .......... .......... 78%  117M 4s
213450K .......... .......... .......... .......... .......... 88%  429K 2s
213500K .......... .......... .......... .......... .......... 88% 51.7M 2s
213550K .......... .......... .......... .......... .......... 88% 73.4M 2s
213600K .......... .......... .......... .......... .......... 88% 76.6M 2s
213650K .......... .......... .......... .......... .......... 88%  117M 2s
213700K .......... .......... .......... .......... .......... 88% 72.6M 2s
213750K .......... .......... .......... .......... .......... 88%  117M 2s
213800K .......... .......... .......... .......... .......... 88%  115M 2s
213850K .......... .......... .......... .......... .......... 88%  117M 2s
213900K .......... .......... .......... .......... .......... 88%  117M 2s
213950K .......... .......... .......... .......... .......... 88%  117M 2s
214000K .......... .......... .......... .......... .......... 88% 88.4M 2s
214050K .......... .......... .......... .......... .......... 88%  118M 2s
214100K .......... .......... .......... .......... .......... 88%  117M 2s
214150K .......... .......... .......... .......... .......... 88%  117M 2s
214200K .......... .......... .......... .......... .......... 88%  115M 2s
214250K .......... .......... .......... .......... .......... 88%  117M 2s
214300K .......... .......... .......... .......... .......... 88%  117M 2s
214350K .......... .......... .......... .......... .......... 88%  117M 2s
214400K .......... .......... .......... .......... .......... 88% 86.8M 2s
214450K .......... .......... .......... .......... .......... 88%  117M 2s
214500K .......... .......... .......... .......... .......... 88%  116M 2s
214550K .......... .......... .......... .......... .......... 88%  117M 2s
214600K .......... .......... .......... .......... .......... 88%  115M 2s
214650K .......... .......... .......... .......... .......... 88%  117M 2s
214700K .......... .......... .......... .......... .......... 88%  117M 2s
214750K .......... .......... .......... .......... .......... 88%  115M 2s
214800K .......... .......... .......... .......... .......... 88% 91.0M 2s
214850K .......... .......... .......... .......... .......... 88%  117M 2s
214900K .......... .......... .......... .......... .......... 88%  117M 2s
214950K .......... .......... .......... .......... .......... 88%  116M 2s
215000K .......... .......... .......... .......... .......... 88%  113M 2s
215050K .......... .......... .......... .......... .......... 88%  118M 2s
215100K .......... .......... .......... .......... .......... 88%  117M 2s
189350K .......... .......... .......... .......... .......... 78% 2.24M 4s
215150K .......... .......... .......... .......... .......... 88%  117M 2s
215200K .......... .......... .......... .......... .......... 88% 56.4M 2s
215250K .......... .......... .......... .......... .......... 88% 78.7M 2s
215300K .......... .......... .......... .......... .......... 88%  117M 2s
215350K .......... .......... .......... .......... .......... 88%  117M 2s
189400K .......... .......... .......... .......... .......... 78% 18.3M 4s
215400K .......... .......... .......... .......... .......... 88% 49.7M 2s
215450K .......... .......... .......... .......... .......... 88%  119M 2s
215500K .......... .......... .......... .......... .......... 88%  117M 2s
215550K .......... .......... .......... .......... .......... 88%  115M 2s
215600K .......... .......... .......... .......... .......... 89% 89.8M 2s
215650K .......... .......... .......... .......... .......... 89%  117M 2s
215700K .......... .......... .......... .......... .......... 89%  116M 2s
189450K .......... .......... .......... .......... .......... 78% 14.0M 4s
189500K .......... .......... .......... .......... .......... 78%  117M 4s
215750K .......... .......... .......... .......... .......... 89% 50.3M 2s
215800K .......... .......... .......... .......... .......... 89%  114M 2s
215850K .......... .......... .......... .......... .......... 89%  117M 2s
215900K .......... .......... .......... .......... .......... 89%  115M 2s
215950K .......... .......... .......... .......... .......... 89%  118M 2s
216000K .......... .......... .......... .......... .......... 89% 89.7M 2s
216050K .......... .......... .......... .......... .......... 89%  116M 2s
189550K .......... .......... .......... .......... .......... 78% 1.15M 4s
189600K .......... .......... .......... .......... .......... 78% 1.30M 4s
216100K .......... .......... .......... .......... .......... 89%  411K 2s
189650K .......... .......... .......... .......... .......... 78%  965K 4s
189700K .......... .......... .......... .......... .......... 78%  136M 4s
189750K .......... .......... .......... .......... .......... 78%  119M 4s
189800K .......... .......... .......... .......... .......... 78%  116M 4s
189850K .......... .......... .......... .......... .......... 78%  117M 4s
189900K .......... .......... .......... .......... .......... 78%  117M 4s
189950K .......... .......... .......... .......... .......... 78%  117M 4s
190000K .......... .......... .......... .......... .......... 78% 88.8M 4s
190050K .......... .......... .......... .......... .......... 78%  117M 4s
190100K .......... .......... .......... .......... .......... 78%  117M 4s
190150K .......... .......... .......... .......... .......... 78% 72.2M 4s
190200K .......... .......... .......... .......... .......... 78%  108M 4s
190250K .......... .......... .......... .......... .......... 78%  117M 4s
190300K .......... .......... .......... .......... .......... 78%  117M 4s
190350K .......... .......... .......... .......... .......... 78%  116M 4s
190400K .......... .......... .......... .......... .......... 78% 86.9M 4s
190450K .......... .......... .......... .......... .......... 78%  117M 4s
190500K .......... .......... .......... .......... .......... 78%  117M 4s
190550K .......... .......... .......... .......... .......... 78% 71.2M 4s
190600K .......... .......... .......... .......... .......... 78%  115M 4s
190650K .......... .......... .......... .......... .......... 78%  117M 4s
190700K .......... .......... .......... .......... .......... 78%  117M 4s
190750K .......... .......... .......... .......... .......... 78%  117M 4s
190800K .......... .......... .......... .......... .......... 78% 89.1M 4s
190850K .......... .......... .......... .......... .......... 78%  117M 4s
190900K .......... .......... .......... .......... .......... 78%  117M 4s
190950K .......... .......... .......... .......... .......... 78%  116M 4s
191000K .......... .......... .......... .......... .......... 78%  116M 4s
191050K .......... .......... .......... .......... .......... 78%  110M 4s
191100K .......... .......... .......... .......... .......... 78%  117M 4s
191150K .......... .......... .......... .......... .......... 78%  117M 4s
191200K .......... .......... .......... .......... .......... 78% 80.8M 4s
191250K .......... .......... .......... .......... .......... 78%  115M 4s
191300K .......... .......... .......... .......... .......... 78%  117M 4s
191350K .......... .......... .......... .......... .......... 78%  117M 4s
191400K .......... .......... .......... .......... .......... 79%  112M 4s
191450K .......... .......... .......... .......... .......... 79%  116M 4s
191500K .......... .......... .......... .......... .......... 79%  117M 4s
191550K .......... .......... .......... .......... .......... 79%  110M 4s
191600K .......... .......... .......... .......... .......... 79% 87.3M 4s
191650K .......... .......... .......... .......... .......... 79% 53.9M 4s
191700K .......... .......... .......... .......... .......... 79%  105M 4s
191750K .......... .......... .......... .......... .......... 79%  117M 4s
191800K .......... .......... .......... .......... .......... 79%  115M 4s
191850K .......... .......... .......... .......... .......... 79%  114M 4s
191900K .......... .......... .......... .......... .......... 79%  117M 4s
191950K .......... .......... .......... .......... .......... 79%  116M 4s
216150K .......... .......... .......... .......... .......... 89% 1.40M 2s
216200K .......... .......... .......... .......... .......... 89% 71.1M 2s
216250K .......... .......... .......... .......... .......... 89%  116M 2s
216300K .......... .......... .......... .......... .......... 89% 98.3M 2s
216350K .......... .......... .......... .......... .......... 89%  102M 2s
216400K .......... .......... .......... .......... .......... 89% 68.1M 2s
216450K .......... .......... .......... .......... .......... 89%  105M 2s
216500K .......... .......... .......... .......... .......... 89%  117M 2s
216550K .......... .......... .......... .......... .......... 89%  116M 2s
216600K .......... .......... .......... .......... .......... 89%  115M 2s
216650K .......... .......... .......... .......... .......... 89%  117M 2s
216700K .......... .......... .......... .......... .......... 89%  117M 2s
216750K .......... .......... .......... .......... .......... 89% 47.7M 2s
216800K .......... .......... .......... .......... .......... 89% 88.7M 2s
216850K .......... .......... .......... .......... .......... 89%  117M 2s
216900K .......... .......... .......... .......... .......... 89%  117M 2s
216950K .......... .......... .......... .......... .......... 89%  117M 2s
217000K .......... .......... .......... .......... .......... 89%  115M 2s
217050K .......... .......... .......... .......... .......... 89%  116M 2s
217100K .......... .......... .......... .......... .......... 89%  118M 2s
217150K .......... .......... .......... .......... .......... 89%  117M 2s
217200K .......... .......... .......... .......... .......... 89% 89.5M 2s
217250K .......... .......... .......... .......... .......... 89%  117M 2s
217300K .......... .......... .......... .......... .......... 89%  116M 2s
217350K .......... .......... .......... .......... .......... 89%  117M 2s
217400K .......... .......... .......... .......... .......... 89%  115M 2s
217450K .......... .......... .......... .......... .......... 89%  117M 2s
217500K .......... .......... .......... .......... .......... 89%  117M 2s
217550K .......... .......... .......... .......... .......... 89%  117M 2s
217600K .......... .......... .......... .......... .......... 89% 87.5M 2s
217650K .......... .......... .......... .......... .......... 89%  117M 2s
217700K .......... .......... .......... .......... .......... 89%  117M 2s
217750K .......... .......... .......... .......... .......... 89%  117M 2s
217800K .......... .......... .......... .......... .......... 89%  116M 2s
192000K .......... .......... .......... .......... .......... 79% 2.17M 4s
217850K .......... .......... .......... .......... .......... 89% 67.3M 2s
217900K .......... .......... .......... .......... .......... 89%  115M 2s
217950K .......... .......... .......... .......... .......... 89%  117M 2s
218000K .......... .......... .......... .......... .......... 89% 89.8M 2s
218050K .......... .......... .......... .......... .......... 90% 99.1M 2s
192050K .......... .......... .......... .......... .......... 79% 18.5M 4s
218100K .......... .......... .......... .......... .......... 90% 82.7M 2s
218150K .......... .......... .......... .......... .......... 90%  117M 2s
218200K .......... .......... .......... .......... .......... 90%  115M 2s
218250K .......... .......... .......... .......... .......... 90%  114M 2s
218300K .......... .......... .......... .......... .......... 90% 54.7M 2s
218350K .......... .......... .......... .......... .......... 90%  117M 2s
218400K .......... .......... .......... .......... .......... 90% 89.7M 2s
192100K .......... .......... .......... .......... .......... 79% 12.1M 4s
218450K .......... .......... .......... .......... .......... 90% 41.6M 2s
218500K .......... .......... .......... .......... .......... 90%  117M 2s
218550K .......... .......... .......... .......... .......... 90%  117M 2s
218600K .......... .......... .......... .......... .......... 90%  115M 2s
218650K .......... .......... .......... .......... .......... 90%  115M 2s
218700K .......... .......... .......... .......... .......... 90%  116M 2s
218750K .......... .......... .......... .......... .......... 90%  117M 2s
192150K .......... .......... .......... .......... .......... 79% 15.3M 4s
192200K .......... .......... .......... .......... .......... 79% 1.27M 4s
192250K .......... .......... .......... .......... .......... 79% 1.30M 4s
218800K .......... .......... .......... .......... .......... 90%  414K 2s
192300K .......... .......... .......... .......... .......... 79%  963K 4s
192350K .......... .......... .......... .......... .......... 79%  136M 4s
192400K .......... .......... .......... .......... .......... 79%  105M 4s
192450K .......... .......... .......... .......... .......... 79%  117M 4s
192500K .......... .......... .......... .......... .......... 79%  117M 4s
192550K .......... .......... .......... .......... .......... 79%  117M 4s
192600K .......... .......... .......... .......... .......... 79%  115M 4s
192650K .......... .......... .......... .......... .......... 79%  117M 4s
192700K .......... .......... .......... .......... .......... 79%  117M 4s
192750K .......... .......... .......... .......... .......... 79%  117M 4s
192800K .......... .......... .......... .......... .......... 79% 66.8M 4s
192850K .......... .......... .......... .......... .......... 79%  115M 4s
192900K .......... .......... .......... .......... .......... 79%  117M 4s
192950K .......... .......... .......... .......... .......... 79%  117M 4s
193000K .......... .......... .......... .......... .......... 79%  111M 4s
193050K .......... .......... .......... .......... .......... 79%  117M 4s
193100K .......... .......... .......... .......... .......... 79%  117M 4s
193150K .......... .......... .......... .......... .......... 79%  115M 4s
193200K .......... .......... .......... .......... .......... 79% 62.6M 4s
193250K .......... .......... .......... .......... .......... 79%  115M 4s
193300K .......... .......... .......... .......... .......... 79%  117M 4s
193350K .......... .......... .......... .......... .......... 79%  117M 4s
193400K .......... .......... .......... .......... .......... 79%  115M 4s
193450K .......... .......... .......... .......... .......... 79%  117M 4s
193500K .......... .......... .......... .......... .......... 79% 59.3M 4s
193550K .......... .......... .......... .......... .......... 79%  117M 4s
193600K .......... .......... .......... .......... .......... 79% 88.8M 4s
193650K .......... .......... .......... .......... .......... 79%  102M 4s
193700K .......... .......... .......... .......... .......... 79%  117M 4s
193750K .......... .......... .......... .......... .......... 79%  117M 4s
193800K .......... .......... .......... .......... .......... 80%  115M 4s
193850K .......... .......... .......... .......... .......... 80%  117M 4s
193900K .......... .......... .......... .......... .......... 80%  115M 4s
193950K .......... .......... .......... .......... .......... 80%  119M 4s
194000K .......... .......... .......... .......... .......... 80% 87.0M 4s
194050K .......... .......... .......... .......... .......... 80%  117M 4s
194100K .......... .......... .......... .......... .......... 80%  117M 4s
194150K .......... .......... .......... .......... .......... 80%  117M 4s
194200K .......... .......... .......... .......... .......... 80%  115M 4s
194250K .......... .......... .......... .......... .......... 80%  117M 4s
194300K .......... .......... .......... .......... .......... 80% 86.1M 4s
194350K .......... .......... .......... .......... .......... 80%  103M 4s
194400K .......... .......... .......... .......... .......... 80% 89.1M 4s
194450K .......... .......... .......... .......... .......... 80%  117M 4s
194500K .......... .......... .......... .......... .......... 80%  117M 4s
194550K .......... .......... .......... .......... .......... 80%  117M 4s
194600K .......... .......... .......... .......... .......... 80%  115M 4s
218850K .......... .......... .......... .......... .......... 90% 1.40M 2s
218900K .......... .......... .......... .......... .......... 90% 68.1M 2s
218950K .......... .......... .......... .......... .......... 90%  117M 2s
219000K .......... .......... .......... .......... .......... 90%  101M 2s
219050K .......... .......... .......... .......... .......... 90%  116M 2s
219100K .......... .......... .......... .......... .......... 90% 77.5M 2s
219150K .......... .......... .......... .......... .......... 90%  104M 2s
219200K .......... .......... .......... .......... .......... 90% 88.2M 2s
219250K .......... .......... .......... .......... .......... 90%  117M 2s
219300K .......... .......... .......... .......... .......... 90%  115M 2s
219350K .......... .......... .......... .......... .......... 90%  117M 2s
219400K .......... .......... .......... .......... .......... 90%  115M 2s
219450K .......... .......... .......... .......... .......... 90% 48.5M 2s
219500K .......... .......... .......... .......... .......... 90%  117M 2s
219550K .......... .......... .......... .......... .......... 90%  117M 2s
219600K .......... .......... .......... .......... .......... 90% 87.1M 2s
219650K .......... .......... .......... .......... .......... 90%  116M 2s
219700K .......... .......... .......... .......... .......... 90%  117M 2s
219750K .......... .......... .......... .......... .......... 90% 40.5M 2s
219800K .......... .......... .......... .......... .......... 90%  114M 2s
219850K .......... .......... .......... .......... .......... 90%  118M 2s
219900K .......... .......... .......... .......... .......... 90%  115M 2s
219950K .......... .......... .......... .......... .......... 90%  119M 2s
220000K .......... .......... .......... .......... .......... 90% 88.8M 2s
220050K .......... .......... .......... .......... .......... 90%  117M 2s
220100K .......... .......... .......... .......... .......... 90%  117M 2s
220150K .......... .......... .......... .......... .......... 90%  117M 2s
220200K .......... .......... .......... .......... .......... 90%  115M 2s
220250K .......... .......... .......... .......... .......... 90%  115M 2s
220300K .......... .......... .......... .......... .......... 90%  115M 2s
220350K .......... .......... .......... .......... .......... 90%  118M 2s
220400K .......... .......... .......... .......... .......... 90% 89.7M 2s
220450K .......... .......... .......... .......... .......... 91%  117M 2s
220500K .......... .......... .......... .......... .......... 91%  117M 2s
194650K .......... .......... .......... .......... .......... 80% 2.09M 4s
220550K .......... .......... .......... .......... .......... 91% 59.2M 2s
220600K .......... .......... .......... .......... .......... 91%  113M 2s
220650K .......... .......... .......... .......... .......... 91%  118M 2s
220700K .......... .......... .......... .......... .......... 91%  117M 2s
220750K .......... .......... .......... .......... .......... 91%  117M 2s
194700K .......... .......... .......... .......... .......... 80% 18.8M 4s
220800K .......... .......... .......... .......... .......... 91% 69.2M 2s
220850K .......... .......... .......... .......... .......... 91%  117M 2s
220900K .......... .......... .......... .......... .......... 91%  117M 2s
220950K .......... .......... .......... .......... .......... 91%  116M 1s
221000K .......... .......... .......... .......... .......... 91%  115M 1s
221050K .......... .......... .......... .......... .......... 91%  114M 1s
221100K .......... .......... .......... .......... .......... 91%  119M 1s
194750K .......... .......... .......... .......... .......... 80% 14.0M 4s
221150K .......... .......... .......... .......... .......... 91%  117M 1s
221200K .......... .......... .......... .......... .......... 91% 36.3M 1s
221250K .......... .......... .......... .......... .......... 91%  117M 1s
221300K .......... .......... .......... .......... .......... 91%  117M 1s
221350K .......... .......... .......... .......... .......... 91% 49.9M 1s
221400K .......... .......... .......... .......... .......... 91%  114M 1s
221450K .......... .......... .......... .......... .......... 91%  117M 1s
194800K .......... .......... .......... .......... .......... 80% 1.18M 4s
221500K .......... .......... .......... .......... .......... 91% 1.29M 1s
194850K .......... .......... .......... .......... .......... 80% 1.30M 4s
194900K .......... .......... .......... .......... .......... 80%  142M 4s
194950K .......... .......... .......... .......... .......... 80%  963K 4s
195000K .......... .......... .......... .......... .......... 80%  150M 4s
195050K .......... .......... .......... .......... .......... 80% 69.5M 4s
195100K .......... .......... .......... .......... .......... 80%  117M 4s
195150K .......... .......... .......... .......... .......... 80%  101M 4s
195200K .......... .......... .......... .......... .......... 80% 87.1M 4s
195250K .......... .......... .......... .......... .......... 80%  117M 4s
195300K .......... .......... .......... .......... .......... 80%  117M 4s
195350K .......... .......... .......... .......... .......... 80%  117M 4s
195400K .......... .......... .......... .......... .......... 80%  115M 4s
195450K .......... .......... .......... .......... .......... 80%  117M 4s
195500K .......... .......... .......... .......... .......... 80%  117M 4s
195550K .......... .......... .......... .......... .......... 80%  117M 4s
195600K .......... .......... .......... .......... .......... 80% 88.9M 4s
195650K .......... .......... .......... .......... .......... 80%  117M 4s
195700K .......... .......... .......... .......... .......... 80%  117M 4s
195750K .......... .......... .......... .......... .......... 80%  117M 4s
195800K .......... .......... .......... .......... .......... 80% 93.1M 4s
195850K .......... .......... .......... .......... .......... 80%  117M 4s
195900K .......... .......... .......... .......... .......... 80%  117M 4s
195950K .......... .......... .......... .......... .......... 80%  117M 4s
196000K .......... .......... .......... .......... .......... 80% 87.0M 4s
196050K .......... .......... .......... .......... .......... 80%  117M 4s
196100K .......... .......... .......... .......... .......... 80%  117M 4s
196150K .......... .......... .......... .......... .......... 80% 73.7M 4s
196200K .......... .......... .......... .......... .......... 80%  113M 4s
196250K .......... .......... .......... .......... .......... 81%  108M 4s
196300K .......... .......... .......... .......... .......... 81%  105M 4s
196350K .......... .......... .......... .......... .......... 81%  117M 4s
196400K .......... .......... .......... .......... .......... 81% 83.7M 4s
196450K .......... .......... .......... .......... .......... 81%  117M 4s
196500K .......... .......... .......... .......... .......... 81% 59.3M 4s
196550K .......... .......... .......... .......... .......... 81%  117M 4s
196600K .......... .......... .......... .......... .......... 81%  116M 4s
196650K .......... .......... .......... .......... .......... 81%  117M 4s
196700K .......... .......... .......... .......... .......... 81%  117M 4s
196750K .......... .......... .......... .......... .......... 81%  117M 4s
196800K .......... .......... .......... .......... .......... 81% 87.0M 4s
196850K .......... .......... .......... .......... .......... 81%  117M 4s
196900K .......... .......... .......... .......... .......... 81%  117M 4s
196950K .......... .......... .......... .......... .......... 81%  116M 4s
197000K .......... .......... .......... .......... .......... 81%  116M 4s
197050K .......... .......... .......... .......... .......... 81%  116M 4s
197100K .......... .......... .......... .......... .......... 81%  118M 4s
197150K .......... .......... .......... .......... .......... 81%  116M 4s
197200K .......... .......... .......... .......... .......... 81% 89.0M 4s
197250K .......... .......... .......... .......... .......... 81%  117M 4s
221550K .......... .......... .......... .......... .......... 91%  431K 1s
221600K .......... .......... .......... .......... .......... 91% 41.4M 1s
221650K .......... .......... .......... .......... .......... 91% 76.1M 1s
221700K .......... .......... .......... .......... .......... 91%  109M 1s
221750K .......... .......... .......... .......... .......... 91%  111M 1s
221800K .......... .......... .......... .......... .......... 91%  110M 1s
221850K .......... .......... .......... .......... .......... 91% 72.6M 1s
221900K .......... .......... .......... .......... .......... 91%  117M 1s
221950K .......... .......... .......... .......... .......... 91%  116M 1s
222000K .......... .......... .......... .......... .......... 91% 89.8M 1s
222050K .......... .......... .......... .......... .......... 91%  117M 1s
222100K .......... .......... .......... .......... .......... 91%  117M 1s
222150K .......... .......... .......... .......... .......... 91% 52.7M 1s
222200K .......... .......... .......... .......... .......... 91%  104M 1s
222250K .......... .......... .......... .......... .......... 91%  117M 1s
222300K .......... .......... .......... .......... .......... 91%  117M 1s
222350K .......... .......... .......... .......... .......... 91%  117M 1s
222400K .......... .......... .......... .......... .......... 91% 89.7M 1s
222450K .......... .......... .......... .......... .......... 91% 42.3M 1s
222500K .......... .......... .......... .......... .......... 91%  105M 1s
222550K .......... .......... .......... .......... .......... 91%  117M 1s
222600K .......... .......... .......... .......... .......... 91%  115M 1s
222650K .......... .......... .......... .......... .......... 91%  117M 1s
222700K .......... .......... .......... .......... .......... 91%  117M 1s
222750K .......... .......... .......... .......... .......... 91% 32.8M 1s
222800K .......... .......... .......... .......... .......... 91% 87.0M 1s
222850K .......... .......... .......... .......... .......... 91%  116M 1s
222900K .......... .......... .......... .......... .......... 92%  117M 1s
222950K .......... .......... .......... .......... .......... 92%  117M 1s
223000K .......... .......... .......... .......... .......... 92%  115M 1s
223050K .......... .......... .......... .......... .......... 92%  117M 1s
223100K .......... .......... .......... .......... .......... 92%  118M 1s
223150K .......... .......... .......... .......... .......... 92%  115M 1s
223200K .......... .......... .......... .......... .......... 92% 90.3M 1s
223250K .......... .......... .......... .......... .......... 92%  116M 1s
197300K .......... .......... .......... .......... .......... 81% 2.01M 4s
223300K .......... .......... .......... .......... .......... 92% 61.0M 1s
223350K .......... .......... .......... .......... .......... 92%  117M 1s
223400K .......... .......... .......... .......... .......... 92%  115M 1s
223450K .......... .......... .......... .......... .......... 92%  116M 1s
223500K .......... .......... .......... .......... .......... 92%  117M 1s
223550K .......... .......... .......... .......... .......... 92% 82.7M 1s
223600K .......... .......... .......... .......... .......... 92% 88.7M 1s
223650K .......... .......... .......... .......... .......... 92%  117M 1s
223700K .......... .......... .......... .......... .......... 92%  117M 1s
223750K .......... .......... .......... .......... .......... 92%  117M 1s
223800K .......... .......... .......... .......... .......... 92%  113M 1s
223850K .......... .......... .......... .......... .......... 92%  119M 1s
197350K .......... .......... .......... .......... .......... 81% 8.46M 4s
197400K .......... .......... .......... .......... .......... 81%  136M 4s
223900K .......... .......... .......... .......... .......... 92% 40.1M 1s
223950K .......... .......... .......... .......... .......... 92%  118M 1s
224000K .......... .......... .......... .......... .......... 92% 87.0M 1s
224050K .......... .......... .......... .......... .......... 92%  116M 1s
197450K .......... .......... .......... .......... .......... 81% 22.9M 4s
224100K .......... .......... .......... .......... .......... 92% 88.2M 1s
224150K .......... .......... .......... .......... .......... 92%  117M 1s
224200K .......... .......... .......... .......... .......... 92%  115M 1s
197500K .......... .......... .......... .......... .......... 81% 1.28M 4s
224250K .......... .......... .......... .......... .......... 92% 1.31M 1s
197550K .......... .......... .......... .......... .......... 81% 1.30M 4s
197600K .......... .......... .......... .......... .......... 81%  962K 4s
197650K .......... .......... .......... .......... .......... 81%  167M 4s
197700K .......... .......... .......... .......... .......... 81% 70.7M 4s
197750K .......... .......... .......... .......... .......... 81%  117M 4s
197800K .......... .......... .......... .......... .......... 81%  105M 4s
197850K .......... .......... .......... .......... .......... 81%  117M 4s
197900K .......... .......... .......... .......... .......... 81%  114M 4s
197950K .......... .......... .......... .......... .......... 81%  117M 4s
198000K .......... .......... .......... .......... .......... 81% 49.8M 4s
198050K .......... .......... .......... .......... .......... 81%  117M 4s
198100K .......... .......... .......... .......... .......... 81%  117M 4s
198150K .......... .......... .......... .......... .......... 81%  117M 4s
198200K .......... .......... .......... .......... .......... 81%  115M 4s
198250K .......... .......... .......... .......... .......... 81%  117M 4s
198300K .......... .......... .......... .......... .......... 81%  117M 4s
198350K .......... .......... .......... .......... .......... 81%  117M 4s
198400K .......... .......... .......... .......... .......... 81% 88.8M 4s
198450K .......... .......... .......... .......... .......... 81%  117M 3s
198500K .......... .......... .......... .......... .......... 81%  117M 3s
198550K .......... .......... .......... .......... .......... 81%  117M 3s
198600K .......... .......... .......... .......... .......... 81%  115M 3s
198650K .......... .......... .......... .......... .......... 82%  117M 3s
198700K .......... .......... .......... .......... .......... 82%  117M 3s
198750K .......... .......... .......... .......... .......... 82%  117M 3s
198800K .......... .......... .......... .......... .......... 82% 89.2M 3s
198850K .......... .......... .......... .......... .......... 82%  117M 3s
198900K .......... .......... .......... .......... .......... 82%  117M 3s
198950K .......... .......... .......... .......... .......... 82%  116M 3s
199000K .......... .......... .......... .......... .......... 82%  115M 3s
199050K .......... .......... .......... .......... .......... 82%  109M 3s
199100K .......... .......... .......... .......... .......... 82%  117M 3s
199150K .......... .......... .......... .......... .......... 82% 67.1M 3s
199200K .......... .......... .......... .......... .......... 82% 78.6M 3s
199250K .......... .......... .......... .......... .......... 82%  117M 3s
199300K .......... .......... .......... .......... .......... 82%  117M 3s
199350K .......... .......... .......... .......... .......... 82%  117M 3s
199400K .......... .......... .......... .......... .......... 82%  114M 3s
199450K .......... .......... .......... .......... .......... 82%  118M 3s
199500K .......... .......... .......... .......... .......... 82%  117M 3s
199550K .......... .......... .......... .......... .......... 82% 56.5M 3s
199600K .......... .......... .......... .......... .......... 82% 89.0M 3s
199650K .......... .......... .......... .......... .......... 82%  117M 3s
199700K .......... .......... .......... .......... .......... 82%  117M 3s
199750K .......... .......... .......... .......... .......... 82%  117M 3s
199800K .......... .......... .......... .......... .......... 82%  115M 3s
199850K .......... .......... .......... .......... .......... 82%  117M 3s
199900K .......... .......... .......... .......... .......... 82%  117M 3s
224300K .......... .......... .......... .......... .......... 92%  424K 1s
224350K .......... .......... .......... .......... .......... 92%  118M 1s
224400K .......... .......... .......... .......... .......... 92% 88.6M 1s
224450K .......... .......... .......... .......... .......... 92%  117M 1s
224500K .......... .......... .......... .......... .......... 92%  117M 1s
224550K .......... .......... .......... .......... .......... 92%  116M 1s
224600K .......... .......... .......... .......... .......... 92%  116M 1s
224650K .......... .......... .......... .......... .......... 92%  117M 1s
224700K .......... .......... .......... .......... .......... 92%  117M 1s
224750K .......... .......... .......... .......... .......... 92%  115M 1s
224800K .......... .......... .......... .......... .......... 92% 89.5M 1s
224850K .......... .......... .......... .......... .......... 92%  117M 1s
224900K .......... .......... .......... .......... .......... 92%  117M 1s
224950K .......... .......... .......... .......... .......... 92%  117M 1s
225000K .......... .......... .......... .......... .......... 92%  114M 1s
225050K .......... .......... .......... .......... .......... 92%  114M 1s
225100K .......... .......... .......... .......... .......... 92%  116M 1s
225150K .......... .......... .......... .......... .......... 92%  116M 1s
225200K .......... .......... .......... .......... .......... 92% 58.2M 1s
225250K .......... .......... .......... .......... .......... 92%  100M 1s
225300K .......... .......... .......... .......... .......... 93%  111M 1s
225350K .......... .......... .......... .......... .......... 93%  117M 1s
225400K .......... .......... .......... .......... .......... 93%  115M 1s
225450K .......... .......... .......... .......... .......... 93%  117M 1s
225500K .......... .......... .......... .......... .......... 93% 33.3M 1s
225550K .......... .......... .......... .......... .......... 93%  118M 1s
225600K .......... .......... .......... .......... .......... 93% 89.5M 1s
225650K .......... .......... .......... .......... .......... 93%  117M 1s
225700K .......... .......... .......... .......... .......... 93%  115M 1s
225750K .......... .......... .......... .......... .......... 93%  117M 1s
225800K .......... .......... .......... .......... .......... 93% 29.3M 1s
225850K .......... .......... .......... .......... .......... 93%  117M 1s
225900K .......... .......... .......... .......... .......... 93%  117M 1s
225950K .......... .......... .......... .......... .......... 93%  117M 1s
226000K .......... .......... .......... .......... .......... 93% 86.8M 1s
199950K .......... .......... .......... .......... .......... 82% 1.93M 3s
226050K .......... .......... .......... .......... .......... 93% 50.3M 1s
226100K .......... .......... .......... .......... .......... 93%  116M 1s
226150K .......... .......... .......... .......... .......... 93%  117M 1s
226200K .......... .......... .......... .......... .......... 93%  114M 1s
226250K .......... .......... .......... .......... .......... 93%  117M 1s
226300K .......... .......... .......... .......... .......... 93% 96.8M 1s
226350K .......... .......... .......... .......... .......... 93%  117M 1s
226400K .......... .......... .......... .......... .......... 93% 89.8M 1s
226450K .......... .......... .......... .......... .......... 93%  117M 1s
226500K .......... .......... .......... .......... .......... 93%  117M 1s
226550K .......... .......... .......... .......... .......... 93%  117M 1s
226600K .......... .......... .......... .......... .......... 93%  115M 1s
226650K .......... .......... .......... .......... .......... 93%  117M 1s
200000K .......... .......... .......... .......... .......... 82% 8.02M 3s
200050K .......... .......... .......... .......... .......... 82%  116M 3s
226700K .......... .......... .......... .......... .......... 93% 35.4M 1s
226750K .......... .......... .......... .......... .......... 93%  117M 1s
226800K .......... .......... .......... .......... .......... 93% 88.0M 1s
226850K .......... .......... .......... .......... .......... 93%  103M 1s
226900K .......... .......... .......... .......... .......... 93%  117M 1s
226950K .......... .......... .......... .......... .......... 93%  117M 1s
227000K .......... .......... .......... .......... .......... 93%  115M 1s
200100K .......... .......... .......... .......... .......... 82% 1.26M 3s
200150K .......... .......... .......... .......... .......... 82%  223M 3s
200200K .......... .......... .......... .......... .......... 82%  632K 3s
200250K .......... .......... .......... .......... .......... 82% 4.94M 3s
200300K .......... .......... .......... .......... .......... 82%  108M 3s
200350K .......... .......... .......... .......... .......... 82% 84.5M 3s
200400K .......... .......... .......... .......... .......... 82% 81.8M 3s
200450K .......... .......... .......... .......... .......... 82%  114M 3s
200500K .......... .......... .......... .......... .......... 82%  117M 3s
200550K .......... .......... .......... .......... .......... 82%  110M 3s
200600K .......... .......... .......... .......... .......... 82%  115M 3s
200650K .......... .......... .......... .......... .......... 82% 59.1M 3s
200700K .......... .......... .......... .......... .......... 82%  111M 3s
200750K .......... .......... .......... .......... .......... 82%  117M 3s
200800K .......... .......... .......... .......... .......... 82% 87.8M 3s
200850K .......... .......... .......... .......... .......... 82%  117M 3s
200900K .......... .......... .......... .......... .......... 82%  117M 3s
200950K .......... .......... .......... .......... .......... 82%  117M 3s
201000K .......... .......... .......... .......... .......... 82%  115M 3s
201050K .......... .......... .......... .......... .......... 83%  117M 3s
201100K .......... .......... .......... .......... .......... 83% 56.8M 3s
201150K .......... .......... .......... .......... .......... 83%  117M 3s
201200K .......... .......... .......... .......... .......... 83% 87.1M 3s
201250K .......... .......... .......... .......... .......... 83%  117M 3s
201300K .......... .......... .......... .......... .......... 83%  117M 3s
201350K .......... .......... .......... .......... .......... 83%  117M 3s
201400K .......... .......... .......... .......... .......... 83%  115M 3s
201450K .......... .......... .......... .......... .......... 83%  117M 3s
201500K .......... .......... .......... .......... .......... 83%  117M 3s
201550K .......... .......... .......... .......... .......... 83%  117M 3s
201600K .......... .......... .......... .......... .......... 83% 89.1M 3s
201650K .......... .......... .......... .......... .......... 83%  117M 3s
201700K .......... .......... .......... .......... .......... 83%  117M 3s
201750K .......... .......... .......... .......... .......... 83%  117M 3s
201800K .......... .......... .......... .......... .......... 83%  115M 3s
201850K .......... .......... .......... .......... .......... 83%  117M 3s
201900K .......... .......... .......... .......... .......... 83%  116M 3s
201950K .......... .......... .......... .......... .......... 83%  116M 3s
202000K .......... .......... .......... .......... .......... 83% 89.5M 3s
202050K .......... .......... .......... .......... .......... 83%  117M 3s
202100K .......... .......... .......... .......... .......... 83%  117M 3s
202150K .......... .......... .......... .......... .......... 83%  117M 3s
202200K .......... .......... .......... .......... .......... 83% 79.9M 3s
202250K .......... .......... .......... .......... .......... 83%  116M 3s
202300K .......... .......... .......... .......... .......... 83%  115M 3s
202350K .......... .......... .......... .......... .......... 83%  115M 3s
202400K .......... .......... .......... .......... .......... 83% 86.6M 3s
202450K .......... .......... .......... .......... .......... 83%  117M 3s
202500K .......... .......... .......... .......... .......... 83%  117M 3s
202550K .......... .......... .......... .......... .......... 83%  117M 3s
227050K .......... .......... .......... .......... .......... 93%  326K 1s
227100K .......... .......... .......... .......... .......... 93%  119M 1s
227150K .......... .......... .......... .......... .......... 93%  118M 1s
227200K .......... .......... .......... .......... .......... 93% 83.7M 1s
227250K .......... .......... .......... .......... .......... 93% 26.8M 1s
227300K .......... .......... .......... .......... .......... 93%  117M 1s
227350K .......... .......... .......... .......... .......... 93%  117M 1s
227400K .......... .......... .......... .......... .......... 93%  115M 1s
227450K .......... .......... .......... .......... .......... 93%  116M 1s
227500K .......... .......... .......... .......... .......... 93%  116M 1s
227550K .......... .......... .......... .......... .......... 93%  117M 1s
227600K .......... .......... .......... .......... .......... 93% 89.7M 1s
227650K .......... .......... .......... .......... .......... 93%  117M 1s
227700K .......... .......... .......... .......... .......... 94%  116M 1s
227750K .......... .......... .......... .......... .......... 94%  117M 1s
227800K .......... .......... .......... .......... .......... 94%  114M 1s
227850K .......... .......... .......... .......... .......... 94%  113M 1s
227900K .......... .......... .......... .......... .......... 94%  121M 1s
227950K .......... .......... .......... .......... .......... 94%  117M 1s
228000K .......... .......... .......... .......... .......... 94% 89.7M 1s
228050K .......... .......... .......... .......... .......... 94%  117M 1s
228100K .......... .......... .......... .......... .......... 94%  117M 1s
228150K .......... .......... .......... .......... .......... 94%  116M 1s
228200K .......... .......... .......... .......... .......... 94%  115M 1s
228250K .......... .......... .......... .......... .......... 94%  116M 1s
228300K .......... .......... .......... .......... .......... 94%  117M 1s
228350K .......... .......... .......... .......... .......... 94%  115M 1s
228400K .......... .......... .......... .......... .......... 94% 89.0M 1s
228450K .......... .......... .......... .......... .......... 94%  117M 1s
228500K .......... .......... .......... .......... .......... 94%  117M 1s
228550K .......... .......... .......... .......... .......... 94%  117M 1s
228600K .......... .......... .......... .......... .......... 94% 30.8M 1s
228650K .......... .......... .......... .......... .......... 94%  116M 1s
228700K .......... .......... .......... .......... .......... 94%  117M 1s
202600K .......... .......... .......... .......... .......... 83% 1.95M 3s
228750K .......... .......... .......... .......... .......... 94%  117M 1s
228800K .......... .......... .......... .......... .......... 94% 18.7M 1s
228850K .......... .......... .......... .......... .......... 94%  117M 1s
228900K .......... .......... .......... .......... .......... 94%  117M 1s
228950K .......... .......... .......... .......... .......... 94%  118M 1s
229000K .......... .......... .......... .......... .......... 94%  112M 1s
229050K .......... .......... .......... .......... .......... 94%  117M 1s
229100K .......... .......... .......... .......... .......... 94%  117M 1s
229150K .......... .......... .......... .......... .......... 94%  117M 1s
229200K .......... .......... .......... .......... .......... 94% 88.8M 1s
229250K .......... .......... .......... .......... .......... 94%  117M 1s
229300K .......... .......... .......... .......... .......... 94%  117M 1s
229350K .......... .......... .......... .......... .......... 94%  117M 1s
229400K .......... .......... .......... .......... .......... 94%  116M 1s
202650K .......... .......... .......... .......... .......... 83% 5.94M 3s
202700K .......... .......... .......... .......... .......... 83%  140M 3s
202750K .......... .......... .......... .......... .......... 83%  117M 3s
229450K .......... .......... .......... .......... .......... 94% 26.1M 1s
229500K .......... .......... .......... .......... .......... 94%  117M 1s
229550K .......... .......... .......... .......... .......... 94%  117M 1s
229600K .......... .......... .......... .......... .......... 94% 88.7M 1s
229650K .......... .......... .......... .......... .......... 94% 84.7M 1s
229700K .......... .......... .......... .......... .......... 94%  117M 1s
229750K .......... .......... .......... .......... .......... 94%  116M 1s
202800K .......... .......... .......... .......... .......... 83% 1.33M 3s
202850K .......... .......... .......... .......... .......... 83% 1.30M 3s
229800K .......... .......... .......... .......... .......... 94%  653K 1s
202900K .......... .......... .......... .......... .......... 83%  970K 3s
202950K .......... .......... .......... .......... .......... 83%  138M 3s
203000K .......... .......... .......... .......... .......... 83% 70.1M 3s
203050K .......... .......... .......... .......... .......... 83%  117M 3s
203100K .......... .......... .......... .......... .......... 83%  101M 3s
203150K .......... .......... .......... .......... .......... 83%  110M 3s
203200K .......... .......... .......... .......... .......... 83% 87.0M 3s
203250K .......... .......... .......... .......... .......... 83%  113M 3s
203300K .......... .......... .......... .......... .......... 83%  117M 3s
203350K .......... .......... .......... .......... .......... 83% 59.0M 3s
203400K .......... .......... .......... .......... .......... 83%  113M 3s
203450K .......... .......... .......... .......... .......... 83%  117M 3s
203500K .......... .......... .......... .......... .......... 84%  109M 3s
203550K .......... .......... .......... .......... .......... 84%  116M 3s
203600K .......... .......... .......... .......... .......... 84% 89.3M 3s
203650K .......... .......... .......... .......... .......... 84%  117M 3s
203700K .......... .......... .......... .......... .......... 84%  117M 3s
203750K .......... .......... .......... .......... .......... 84% 61.0M 3s
203800K .......... .......... .......... .......... .......... 84% 95.0M 3s
203850K .......... .......... .......... .......... .......... 84%  117M 3s
203900K .......... .......... .......... .......... .......... 84%  117M 3s
203950K .......... .......... .......... .......... .......... 84%  117M 3s
204000K .......... .......... .......... .......... .......... 84% 88.9M 3s
204050K .......... .......... .......... .......... .......... 84% 46.3M 3s
204100K .......... .......... .......... .......... .......... 84%  117M 3s
204150K .......... .......... .......... .......... .......... 84%  117M 3s
204200K .......... .......... .......... .......... .......... 84%  115M 3s
204250K .......... .......... .......... .......... .......... 84%  117M 3s
204300K .......... .......... .......... .......... .......... 84%  116M 3s
204350K .......... .......... .......... .......... .......... 84%  118M 3s
204400K .......... .......... .......... .......... .......... 84% 87.0M 3s
204450K .......... .......... .......... .......... .......... 84%  117M 3s
204500K .......... .......... .......... .......... .......... 84%  117M 3s
204550K .......... .......... .......... .......... .......... 84%  117M 3s
204600K .......... .......... .......... .......... .......... 84%  115M 3s
204650K .......... .......... .......... .......... .......... 84%  117M 3s
204700K .......... .......... .......... .......... .......... 84%  117M 3s
204750K .......... .......... .......... .......... .......... 84%  117M 3s
204800K .......... .......... .......... .......... .......... 84% 89.1M 3s
204850K .......... .......... .......... .......... .......... 84%  117M 3s
204900K .......... .......... .......... .......... .......... 84%  117M 3s
204950K .......... .......... .......... .......... .......... 84%  117M 3s
205000K .......... .......... .......... .......... .......... 84%  115M 3s
205050K .......... .......... .......... .......... .......... 84%  117M 3s
205100K .......... .......... .......... .......... .......... 84%  117M 3s
205150K .......... .......... .......... .......... .......... 84%  117M 3s
205200K .......... .......... .......... .......... .......... 84% 88.8M 3s
205250K .......... .......... .......... .......... .......... 84%  117M 3s
229850K .......... .......... .......... .......... .......... 94%  666K 1s
229900K .......... .......... .......... .......... .......... 94%  106M 1s
229950K .......... .......... .......... .......... .......... 94%  117M 1s
230000K .......... .......... .......... .......... .......... 94% 82.2M 1s
230050K .......... .......... .......... .......... .......... 94% 27.7M 1s
230100K .......... .......... .......... .......... .......... 94%  117M 1s
230150K .......... .......... .......... .......... .......... 95%  115M 1s
230200K .......... .......... .......... .......... .......... 95%  113M 1s
230250K .......... .......... .......... .......... .......... 95%  105M 1s
230300K .......... .......... .......... .......... .......... 95%  117M 1s
230350K .......... .......... .......... .......... .......... 95% 26.0M 1s
230400K .......... .......... .......... .......... .......... 95% 92.7M 1s
230450K .......... .......... .......... .......... .......... 95%  117M 1s
230500K .......... .......... .......... .......... .......... 95%  117M 1s
230550K .......... .......... .......... .......... .......... 95%  115M 1s
230600K .......... .......... .......... .......... .......... 95%  117M 1s
230650K .......... .......... .......... .......... .......... 95%  115M 1s
230700K .......... .......... .......... .......... .......... 95%  117M 1s
230750K .......... .......... .......... .......... .......... 95%  117M 1s
230800K .......... .......... .......... .......... .......... 95% 87.5M 1s
230850K .......... .......... .......... .......... .......... 95%  117M 1s
230900K .......... .......... .......... .......... .......... 95%  117M 1s
230950K .......... .......... .......... .......... .......... 95%  116M 1s
231000K .......... .......... .......... .......... .......... 95%  114M 1s
231050K .......... .......... .......... .......... .......... 95%  118M 1s
231100K .......... .......... .......... .......... .......... 95%  117M 1s
231150K .......... .......... .......... .......... .......... 95%  115M 1s
231200K .......... .......... .......... .......... .......... 95% 89.8M 1s
231250K .......... .......... .......... .......... .......... 95%  117M 1s
231300K .......... .......... .......... .......... .......... 95%  117M 1s
231350K .......... .......... .......... .......... .......... 95%  117M 1s
231400K .......... .......... .......... .......... .......... 95%  113M 1s
231450K .......... .......... .......... .......... .......... 95%  117M 1s
231500K .......... .......... .......... .......... .......... 95%  117M 1s
231550K .......... .......... .......... .......... .......... 95% 22.0M 1s
231600K .......... .......... .......... .......... .......... 95% 89.5M 1s
231650K .......... .......... .......... .......... .......... 95%  117M 1s
231700K .......... .......... .......... .......... .......... 95%  116M 1s
231750K .......... .......... .......... .......... .......... 95%  117M 1s
231800K .......... .......... .......... .......... .......... 95%  116M 1s
231850K .......... .......... .......... .......... .......... 95% 26.5M 1s
231900K .......... .......... .......... .......... .......... 95%  118M 1s
231950K .......... .......... .......... .......... .......... 95%  117M 1s
232000K .......... .......... .......... .......... .......... 95% 86.5M 1s
232050K .......... .......... .......... .......... .......... 95%  117M 1s
232100K .......... .......... .......... .......... .......... 95%  117M 1s
232150K .......... .......... .......... .......... .......... 95%  117M 1s
232200K .......... .......... .......... .......... .......... 95%  115M 1s
205300K .......... .......... .......... .......... .......... 84% 1.44M 3s
205350K .......... .......... .......... .......... .......... 84%  116M 3s
205400K .......... .......... .......... .......... .......... 84%  116M 3s
205450K .......... .......... .......... .......... .......... 84%  117M 3s
232250K .......... .......... .......... .......... .......... 95% 27.5M 1s
232300K .......... .......... .......... .......... .......... 95%  117M 1s
232350K .......... .......... .......... .......... .......... 95%  117M 1s
232400K .......... .......... .......... .......... .......... 95% 85.9M 1s
232450K .......... .......... .......... .......... .......... 95% 90.2M 1s
232500K .......... .......... .......... .......... .......... 95%  117M 1s
232550K .......... .......... .......... .......... .......... 96%  116M 1s
205500K .......... .......... .......... .......... .......... 84% 1.39M 3s
232600K .......... .......... .......... .......... .......... 96%  666K 1s
205550K .......... .......... .......... .......... .......... 84% 1.30M 3s
205600K .......... .......... .......... .......... .......... 84%  958K 3s
205650K .......... .......... .......... .......... .......... 84%  120M 3s
205700K .......... .......... .......... .......... .......... 84%  116M 3s
205750K .......... .......... .......... .......... .......... 84%  117M 3s
205800K .......... .......... .......... .......... .......... 84%  115M 3s
205850K .......... .......... .......... .......... .......... 84%  117M 3s
205900K .......... .......... .......... .......... .......... 85%  117M 3s
205950K .......... .......... .......... .......... .......... 85%  117M 3s
206000K .......... .......... .......... .......... .......... 85% 88.9M 3s
206050K .......... .......... .......... .......... .......... 85%  107M 3s
206100K .......... .......... .......... .......... .......... 85%  108M 3s
206150K .......... .......... .......... .......... .......... 85%  106M 3s
206200K .......... .......... .......... .......... .......... 85%  115M 3s
206250K .......... .......... .......... .......... .......... 85%  112M 3s
206300K .......... .......... .......... .......... .......... 85%  119M 3s
206350K .......... .......... .......... .......... .......... 85%  117M 3s
206400K .......... .......... .......... .......... .......... 85% 89.0M 3s
206450K .......... .......... .......... .......... .......... 85% 60.2M 3s
206500K .......... .......... .......... .......... .......... 85% 92.5M 3s
206550K .......... .......... .......... .......... .......... 85%  117M 3s
206600K .......... .......... .......... .......... .......... 85%  115M 3s
206650K .......... .......... .......... .......... .......... 85%  116M 3s
206700K .......... .......... .......... .......... .......... 85%  118M 3s
206750K .......... .......... .......... .......... .......... 85% 49.1M 3s
206800K .......... .......... .......... .......... .......... 85% 86.7M 3s
206850K .......... .......... .......... .......... .......... 85%  117M 3s
206900K .......... .......... .......... .......... .......... 85%  117M 3s
206950K .......... .......... .......... .......... .......... 85%  116M 3s
207000K .......... .......... .......... .......... .......... 85%  110M 3s
207050K .......... .......... .......... .......... .......... 85%  119M 3s
207100K .......... .......... .......... .......... .......... 85% 41.5M 3s
207150K .......... .......... .......... .......... .......... 85%  116M 3s
207200K .......... .......... .......... .......... .......... 85% 89.2M 3s
207250K .......... .......... .......... .......... .......... 85%  117M 3s
207300K .......... .......... .......... .......... .......... 85%  117M 3s
207350K .......... .......... .......... .......... .......... 85%  117M 3s
207400K .......... .......... .......... .......... .......... 85%  115M 3s
207450K .......... .......... .......... .......... .......... 85%  117M 3s
207500K .......... .......... .......... .......... .......... 85%  117M 3s
207550K .......... .......... .......... .......... .......... 85%  117M 3s
207600K .......... .......... .......... .......... .......... 85% 87.0M 3s
207650K .......... .......... .......... .......... .......... 85%  117M 3s
207700K .......... .......... .......... .......... .......... 85%  117M 3s
207750K .......... .......... .......... .......... .......... 85%  116M 3s
207800K .......... .......... .......... .......... .......... 85%  115M 3s
207850K .......... .......... .......... .......... .......... 85%  117M 3s
207900K .......... .......... .......... .......... .......... 85%  117M 3s
207950K .......... .......... .......... .......... .......... 85%  117M 3s
232650K .......... .......... .......... .......... .......... 96%  666K 1s
232700K .......... .......... .......... .......... .......... 96%  112M 1s
232750K .......... .......... .......... .......... .......... 96% 98.7M 1s
232800K .......... .......... .......... .......... .......... 96% 23.5M 1s
232850K .......... .......... .......... .......... .......... 96%  182M 1s
232900K .......... .......... .......... .......... .......... 96%  117M 1s
232950K .......... .......... .......... .......... .......... 96%  117M 1s
233000K .......... .......... .......... .......... .......... 96%  115M 1s
233050K .......... .......... .......... .......... .......... 96%  115M 1s
233100K .......... .......... .......... .......... .......... 96%  118M 1s
233150K .......... .......... .......... .......... .......... 96% 26.7M 1s
233200K .......... .......... .......... .......... .......... 96% 82.1M 1s
233250K .......... .......... .......... .......... .......... 96%  116M 1s
233300K .......... .......... .......... .......... .......... 96%  117M 1s
233350K .......... .......... .......... .......... .......... 96% 22.2M 1s
233400K .......... .......... .......... .......... .......... 96%  139M 1s
233450K .......... .......... .......... .......... .......... 96%  117M 1s
233500K .......... .......... .......... .......... .......... 96%  116M 1s
233550K .......... .......... .......... .......... .......... 96%  121M 1s
233600K .......... .......... .......... .......... .......... 96% 86.9M 1s
233650K .......... .......... .......... .......... .......... 96%  117M 1s
233700K .......... .......... .......... .......... .......... 96%  117M 1s
233750K .......... .......... .......... .......... .......... 96%  117M 1s
233800K .......... .......... .......... .......... .......... 96%  115M 1s
233850K .......... .......... .......... .......... .......... 96%  117M 1s
233900K .......... .......... .......... .......... .......... 96%  114M 1s
233950K .......... .......... .......... .......... .......... 96%  119M 1s
234000K .......... .......... .......... .......... .......... 96% 88.8M 1s
234050K .......... .......... .......... .......... .......... 96%  117M 1s
234100K .......... .......... .......... .......... .......... 96%  117M 1s
234150K .......... .......... .......... .......... .......... 96%  117M 1s
234200K .......... .......... .......... .......... .......... 96%  114M 1s
234250K .......... .......... .......... .......... .......... 96%  117M 1s
234300K .......... .......... .......... .......... .......... 96%  118M 1s
234350K .......... .......... .......... .......... .......... 96%  101M 1s
234400K .......... .......... .......... .......... .......... 96% 87.6M 1s
234450K .......... .......... .......... .......... .......... 96%  117M 1s
234500K .......... .......... .......... .......... .......... 96%  117M 1s
234550K .......... .......... .......... .......... .......... 96%  117M 1s
234600K .......... .......... .......... .......... .......... 96%  114M 1s
234650K .......... .......... .......... .......... .......... 96%  117M 1s
234700K .......... .......... .......... .......... .......... 96% 27.7M 1s
234750K .......... .......... .......... .......... .......... 96%  117M 1s
234800K .......... .......... .......... .......... .......... 96% 89.7M 1s
234850K .......... .......... .......... .......... .......... 96%  111M 1s
234900K .......... .......... .......... .......... .......... 96%  117M 1s
208000K .......... .......... .......... .......... .......... 85% 1.47M 3s
208050K .......... .......... .......... .......... .......... 85% 93.2M 3s
208100K .......... .......... .......... .......... .......... 85%  145M 3s
234950K .......... .......... .......... .......... .......... 96% 13.7M 1s
235000K .......... .......... .......... .......... .......... 97%  114M 1s
235050K .......... .......... .......... .......... .......... 97%  117M 1s
235100K .......... .......... .......... .......... .......... 97%  118M 0s
235150K .......... .......... .......... .......... .......... 97%  116M 0s
235200K .......... .......... .......... .......... .......... 97% 88.2M 0s
235250K .......... .......... .......... .......... .......... 97%  119M 0s
235300K .......... .......... .......... .......... .......... 97%  117M 0s
235350K .......... .......... .......... .......... .......... 97%  116M 0s
235400K .......... .......... .......... .......... .......... 97%  114M 0s
208150K .......... .......... .......... .......... .......... 85% 1.39M 3s
208200K .......... .......... .......... .......... .......... 85%  113M 3s
208250K .......... .......... .......... .......... .......... 85%  561K 3s
208300K .......... .......... .......... .......... .......... 85%  161M 3s
208350K .......... .......... .......... .......... .......... 86%  129M 3s
208400K .......... .......... .......... .......... .......... 86% 97.9M 3s
208450K .......... .......... .......... .......... .......... 86%  117M 3s
208500K .......... .......... .......... .......... .......... 86%  116M 3s
208550K .......... .......... .......... .......... .......... 86%  117M 3s
208600K .......... .......... .......... .......... .......... 86% 45.9M 3s
208650K .......... .......... .......... .......... .......... 86%  114M 3s
208700K .......... .......... .......... .......... .......... 86%  117M 3s
208750K .......... .......... .......... .......... .......... 86%  117M 3s
208800K .......... .......... .......... .......... .......... 86% 89.0M 3s
208850K .......... .......... .......... .......... .......... 86%  117M 3s
208900K .......... .......... .......... .......... .......... 86%  117M 3s
208950K .......... .......... .......... .......... .......... 86%  117M 3s
209000K .......... .......... .......... .......... .......... 86%  114M 3s
209050K .......... .......... .......... .......... .......... 86%  118M 3s
209100K .......... .......... .......... .......... .......... 86%  117M 3s
209150K .......... .......... .......... .......... .......... 86%  117M 3s
209200K .......... .......... .......... .......... .......... 86% 87.0M 3s
209250K .......... .......... .......... .......... .......... 86%  117M 3s
209300K .......... .......... .......... .......... .......... 86%  117M 3s
209350K .......... .......... .......... .......... .......... 86%  117M 3s
209400K .......... .......... .......... .......... .......... 86%  115M 3s
209450K .......... .......... .......... .......... .......... 86% 74.3M 3s
209500K .......... .......... .......... .......... .......... 86%  112M 3s
209550K .......... .......... .......... .......... .......... 86%  113M 3s
209600K .......... .......... .......... .......... .......... 86% 84.4M 3s
209650K .......... .......... .......... .......... .......... 86%  117M 3s
209700K .......... .......... .......... .......... .......... 86%  117M 3s
209750K .......... .......... .......... .......... .......... 86%  117M 3s
209800K .......... .......... .......... .......... .......... 86% 43.5M 3s
209850K .......... .......... .......... .......... .......... 86%  114M 3s
209900K .......... .......... .......... .......... .......... 86%  117M 3s
209950K .......... .......... .......... .......... .......... 86%  116M 3s
210000K .......... .......... .......... .......... .......... 86% 89.1M 3s
210050K .......... .......... .......... .......... .......... 86%  117M 3s
210100K .......... .......... .......... .......... .......... 86% 35.1M 3s
210150K .......... .......... .......... .......... .......... 86%  130M 3s
210200K .......... .......... .......... .......... .......... 86%  116M 3s
210250K .......... .......... .......... .......... .......... 86%  113M 3s
210300K .......... .......... .......... .......... .......... 86%  117M 3s
210350K .......... .......... .......... .......... .......... 86%  117M 3s
210400K .......... .......... .......... .......... .......... 86% 88.9M 3s
210450K .......... .......... .......... .......... .......... 86%  117M 3s
210500K .......... .......... .......... .......... .......... 86%  116M 3s
210550K .......... .......... .......... .......... .......... 86%  117M 2s
210600K .......... .......... .......... .......... .......... 86%  115M 2s
210650K .......... .......... .......... .......... .......... 86%  117M 2s
210700K .......... .......... .......... .......... .......... 86%  117M 2s
235450K .......... .......... .......... .......... .......... 97%  338K 0s
235500K .......... .......... .......... .......... .......... 97%  110M 0s
235550K .......... .......... .......... .......... .......... 97%  111M 0s
235600K .......... .......... .......... .......... .......... 97% 81.7M 0s
235650K .......... .......... .......... .......... .......... 97% 28.1M 0s
235700K .......... .......... .......... .......... .......... 97%  103M 0s
235750K .......... .......... .......... .......... .......... 97%  106M 0s
235800K .......... .......... .......... .......... .......... 97%  115M 0s
235850K .......... .......... .......... .......... .......... 97%  117M 0s
235900K .......... .......... .......... .......... .......... 97%  117M 0s
235950K .......... .......... .......... .......... .......... 97%  118M 0s
236000K .......... .......... .......... .......... .......... 97% 24.5M 0s
236050K .......... .......... .......... .......... .......... 97%  117M 0s
236100K .......... .......... .......... .......... .......... 97%  117M 0s
236150K .......... .......... .......... .......... .......... 97%  117M 0s
236200K .......... .......... .......... .......... .......... 97% 23.7M 0s
236250K .......... .......... .......... .......... .......... 97%  117M 0s
236300K .......... .......... .......... .......... .......... 97%  116M 0s
236350K .......... .......... .......... .......... .......... 97%  117M 0s
236400K .......... .......... .......... .......... .......... 97% 88.7M 0s
236450K .......... .......... .......... .......... .......... 97% 20.9M 0s
236500K .......... .......... .......... .......... .......... 97%  117M 0s
236550K .......... .......... .......... .......... .......... 97%  117M 0s
236600K .......... .......... .......... .......... .......... 97%  115M 0s
236650K .......... .......... .......... .......... .......... 97%  113M 0s
236700K .......... .......... .......... .......... .......... 97%  117M 0s
236750K .......... .......... .......... .......... .......... 97%  117M 0s
236800K .......... .......... .......... .......... .......... 97% 88.8M 0s
236850K .......... .......... .......... .......... .......... 97%  117M 0s
236900K .......... .......... .......... .......... .......... 97%  117M 0s
236950K .......... .......... .......... .......... .......... 97%  117M 0s
237000K .......... .......... .......... .......... .......... 97%  115M 0s
237050K .......... .......... .......... .......... .......... 97%  117M 0s
237100K .......... .......... .......... .......... .......... 97%  117M 0s
237150K .......... .......... .......... .......... .......... 97% 92.3M 0s
237200K .......... .......... .......... .......... .......... 97% 88.8M 0s
237250K .......... .......... .......... .......... .......... 97%  117M 0s
237300K .......... .......... .......... .......... .......... 97%  117M 0s
237350K .......... .......... .......... .......... .......... 97%  117M 0s
237400K .......... .......... .......... .......... .......... 98%  114M 0s
237450K .......... .......... .......... .......... .......... 98%  117M 0s
237500K .......... .......... .......... .......... .......... 98%  117M 0s
237550K .......... .......... .......... .......... .......... 98%  117M 0s
237600K .......... .......... .......... .......... .......... 98% 87.6M 0s
237650K .......... .......... .......... .......... .......... 98%  117M 0s
237700K .......... .......... .......... .......... .......... 98%  117M 0s
210750K .......... .......... .......... .......... .......... 87% 1.52M 2s
210800K .......... .......... .......... .......... .......... 87% 82.4M 2s
210850K .......... .......... .......... .......... .......... 87%  117M 2s
237750K .......... .......... .......... .......... .......... 98% 17.0M 0s
237800K .......... .......... .......... .......... .......... 98%  113M 0s
237850K .......... .......... .......... .......... .......... 98%  116M 0s
237900K .......... .......... .......... .......... .......... 98%  118M 0s
237950K .......... .......... .......... .......... .......... 98%  117M 0s
238000K .......... .......... .......... .......... .......... 98% 19.3M 0s
238050K .......... .......... .......... .......... .......... 98%  121M 0s
238100K .......... .......... .......... .......... .......... 98%  116M 0s
238150K .......... .......... .......... .......... .......... 98%  117M 0s
238200K .......... .......... .......... .......... .......... 98%  116M 0s
210900K .......... .......... .......... .......... .......... 87% 1.39M 2s
238250K .......... .......... .......... .......... .......... 98% 1.21M 0s
210950K .......... .......... .......... .......... .......... 87% 1.29M 2s
211000K .......... .......... .......... .......... .......... 87%  964K 2s
211050K .......... .......... .......... .......... .......... 87%  169M 2s
211100K .......... .......... .......... .......... .......... 87%  117M 2s
211150K .......... .......... .......... .......... .......... 87%  117M 2s
211200K .......... .......... .......... .......... .......... 87% 86.7M 2s
211250K .......... .......... .......... .......... .......... 87%  117M 2s
211300K .......... .......... .......... .......... .......... 87% 51.0M 2s
211350K .......... .......... .......... .......... .......... 87%  117M 2s
211400K .......... .......... .......... .......... .......... 87%  115M 2s
211450K .......... .......... .......... .......... .......... 87%  117M 2s
211500K .......... .......... .......... .......... .......... 87%  117M 2s
211550K .......... .......... .......... .......... .......... 87%  117M 2s
211600K .......... .......... .......... .......... .......... 87% 34.3M 2s
211650K .......... .......... .......... .......... .......... 87%  117M 2s
211700K .......... .......... .......... .......... .......... 87%  117M 2s
211750K .......... .......... .......... .......... .......... 87%  116M 2s
211800K .......... .......... .......... .......... .......... 87%  116M 2s
211850K .......... .......... .......... .......... .......... 87%  117M 2s
211900K .......... .......... .......... .......... .......... 87%  117M 2s
211950K .......... .......... .......... .......... .......... 87%  115M 2s
212000K .......... .......... .......... .......... .......... 87% 87.7M 2s
212050K .......... .......... .......... .......... .......... 87%  117M 2s
212100K .......... .......... .......... .......... .......... 87%  117M 2s
212150K .......... .......... .......... .......... .......... 87%  117M 2s
212200K .......... .......... .......... .......... .......... 87%  115M 2s
212250K .......... .......... .......... .......... .......... 87%  116M 2s
212300K .......... .......... .......... .......... .......... 87%  115M 2s
212350K .......... .......... .......... .......... .......... 87%  119M 2s
212400K .......... .......... .......... .......... .......... 87% 88.8M 2s
212450K .......... .......... .......... .......... .......... 87%  117M 2s
212500K .......... .......... .......... .......... .......... 87%  117M 2s
212550K .......... .......... .......... .......... .......... 87%  117M 2s
212600K .......... .......... .......... .......... .......... 87%  115M 2s
212650K .......... .......... .......... .......... .......... 87%  117M 2s
212700K .......... .......... .......... .......... .......... 87%  117M 2s
212750K .......... .......... .......... .......... .......... 87%  116M 2s
212800K .......... .......... .......... .......... .......... 87% 89.4M 2s
212850K .......... .......... .......... .......... .......... 87% 41.9M 2s
212900K .......... .......... .......... .......... .......... 87%  117M 2s
212950K .......... .......... .......... .......... .......... 87%  109M 2s
213000K .......... .......... .......... .......... .......... 87%  115M 2s
213050K .......... .......... .......... .......... .......... 87%  115M 2s
213100K .......... .......... .......... .......... .......... 87%  118M 2s
213150K .......... .......... .......... .......... .......... 87% 30.3M 2s
213200K .......... .......... .......... .......... .......... 88% 88.8M 2s
213250K .......... .......... .......... .......... .......... 88%  114M 2s
213300K .......... .......... .......... .......... .......... 88%  117M 2s
213350K .......... .......... .......... .......... .......... 88%  117M 2s
213400K .......... .......... .......... .......... .......... 88%  115M 2s
213450K .......... .......... .......... .......... .......... 88%  117M 2s
238300K .......... .......... .......... .......... .......... 98%  472K 0s
238350K .......... .......... .......... .......... .......... 98% 82.4M 0s
238400K .......... .......... .......... .......... .......... 98% 89.3M 0s
238450K .......... .......... .......... .......... .......... 98%  117M 0s
238500K .......... .......... .......... .......... .......... 98% 26.9M 0s
238550K .......... .......... .......... .......... .......... 98%  109M 0s
238600K .......... .......... .......... .......... .......... 98%  115M 0s
238650K .......... .......... .......... .......... .......... 98%  108M 0s
238700K .......... .......... .......... .......... .......... 98%  118M 0s
238750K .......... .......... .......... .......... .......... 98%  115M 0s
238800K .......... .......... .......... .......... .......... 98% 30.4M 0s
238850K .......... .......... .......... .......... .......... 98% 54.2M 0s
238900K .......... .......... .......... .......... .......... 98%  117M 0s
238950K .......... .......... .......... .......... .......... 98%  116M 0s
239000K .......... .......... .......... .......... .......... 98%  115M 0s
239050K .......... .......... .......... .......... .......... 98% 25.9M 0s
239100K .......... .......... .......... .......... .......... 98%  109M 0s
239150K .......... .......... .......... .......... .......... 98%  117M 0s
239200K .......... .......... .......... .......... .......... 98% 89.7M 0s
239250K .......... .......... .......... .......... .......... 98%  116M 0s
239300K .......... .......... .......... .......... .......... 98% 21.6M 0s
239350K .......... .......... .......... .......... .......... 98% 99.7M 0s
239400K .......... .......... .......... .......... .......... 98% 18.9M 0s
239450K .......... .......... .......... .......... .......... 98%  129M 0s
239500K .......... .......... .......... .......... .......... 98%  117M 0s
239550K .......... .......... .......... .......... .......... 98%  117M 0s
239600K .......... .......... .......... .......... .......... 98% 88.7M 0s
239650K .......... .......... .......... .......... .......... 98%  117M 0s
239700K .......... .......... .......... .......... .......... 98%  117M 0s
239750K .......... .......... .......... .......... .......... 98%  117M 0s
239800K .......... .......... .......... .......... .......... 98%  115M 0s
239850K .......... .......... .......... .......... .......... 99%  115M 0s
239900K .......... .......... .......... .......... .......... 99%  117M 0s
239950K .......... .......... .......... .......... .......... 99%  114M 0s
240000K .......... .......... .......... .......... .......... 99% 81.5M 0s
240050K .......... .......... .......... .......... .......... 99%  117M 0s
240100K .......... .......... .......... .......... .......... 99%  117M 0s
240150K .......... .......... .......... .......... .......... 99%  117M 0s
240200K .......... .......... .......... .......... .......... 99%  111M 0s
240250K .......... .......... .......... .......... .......... 99%  121M 0s
240300K .......... .......... .......... .......... .......... 99%  117M 0s
240350K .......... .......... .......... .......... .......... 99%  117M 0s
240400K .......... .......... .......... .......... .......... 99% 89.7M 0s
240450K .......... .......... .......... .......... .......... 99%  117M 0s
240500K .......... .......... .......... .......... .......... 99%  117M 0s
240550K .......... .......... .......... .......... .......... 99%  117M 0s
213500K .......... .......... .......... .......... .......... 88% 1.51M 2s
213550K .......... .......... .......... .......... .......... 88%  117M 2s
213600K .......... .......... .......... .......... .......... 88% 88.8M 2s
240600K .......... .......... .......... .......... .......... 99% 27.9M 0s
240650K .......... .......... .......... .......... .......... 99%  117M 0s
240700K .......... .......... .......... .......... .......... 99%  117M 0s
240750K .......... .......... .......... .......... .......... 99%  115M 0s
240800K .......... .......... .......... .......... .......... 99% 89.6M 0s
240850K .......... .......... .......... .......... .......... 99% 36.1M 0s
213650K .......... .......... .......... .......... .......... 88% 1.45M 2s
213700K .......... .......... .......... .......... .......... 88% 1.28M 2s
213750K .......... .......... .......... .......... .......... 88%  966K 2s
213800K .......... .......... .......... .......... .......... 88%  147M 2s
213850K .......... .......... .......... .......... .......... 88%  117M 2s
213900K .......... .......... .......... .......... .......... 88%  117M 2s
213950K .......... .......... .......... .......... .......... 88%  117M 2s
214000K .......... .......... .......... .......... .......... 88% 85.5M 2s
214050K .......... .......... .......... .......... .......... 88% 54.0M 2s
214100K .......... .......... .......... .......... .......... 88%  114M 2s
214150K .......... .......... .......... .......... .......... 88%  113M 2s
214200K .......... .......... .......... .......... .......... 88%  110M 2s
214250K .......... .......... .......... .......... .......... 88%  117M 2s
214300K .......... .......... .......... .......... .......... 88%  115M 2s
214350K .......... .......... .......... .......... .......... 88% 36.7M 2s
214400K .......... .......... .......... .......... .......... 88% 98.8M 2s
214450K .......... .......... .......... .......... .......... 88%  117M 2s
214500K .......... .......... .......... .......... .......... 88%  117M 2s
214550K .......... .......... .......... .......... .......... 88%  117M 2s
214600K .......... .......... .......... .......... .......... 88%  115M 2s
214650K .......... .......... .......... .......... .......... 88% 28.8M 2s
214700K .......... .......... .......... .......... .......... 88%  127M 2s
214750K .......... .......... .......... .......... .......... 88%  116M 2s
214800K .......... .......... .......... .......... .......... 88% 89.1M 2s
214850K .......... .......... .......... .......... .......... 88%  117M 2s
214900K .......... .......... .......... .......... .......... 88%  117M 2s
214950K .......... .......... .......... .......... .......... 88%  117M 2s
215000K .......... .......... .......... .......... .......... 88%  115M 2s
215050K .......... .......... .......... .......... .......... 88%  117M 2s
215100K .......... .......... .......... .......... .......... 88%  117M 2s
215150K .......... .......... .......... .......... .......... 88%  117M 2s
215200K .......... .......... .......... .......... .......... 88% 87.0M 2s
215250K .......... .......... .......... .......... .......... 88%  117M 2s
215300K .......... .......... .......... .......... .......... 88%  117M 2s
215350K .......... .......... .......... .......... .......... 88%  117M 2s
215400K .......... .......... .......... .......... .......... 88%  115M 2s
215450K .......... .......... .......... .......... .......... 88%  117M 2s
215500K .......... .......... .......... .......... .......... 88%  117M 2s
215550K .......... .......... .......... .......... .......... 88%  117M 2s
215600K .......... .......... .......... .......... .......... 89% 88.9M 2s
215650K .......... .......... .......... .......... .......... 89%  116M 2s
215700K .......... .......... .......... .......... .......... 89%  115M 2s
215750K .......... .......... .......... .......... .......... 89%  116M 2s
215800K .......... .......... .......... .......... .......... 89%  115M 2s
215850K .......... .......... .......... .......... .......... 89% 44.0M 2s
215900K .......... .......... .......... .......... .......... 89%  110M 2s
215950K .......... .......... .......... .......... .......... 89%  117M 2s
216000K .......... .......... .......... .......... .......... 89% 82.9M 2s
216050K .......... .......... .......... .......... .......... 89%  117M 2s
216100K .......... .......... .......... .......... .......... 89%  117M 2s
240900K .......... .......... .......... .......... .......... 99%  337K 0s
240950K .......... .......... .......... .......... .......... 99%  117M 0s
241000K .......... .......... .......... .......... .......... 99%  114M 0s
241050K .......... .......... .......... .......... .......... 99%  117M 0s
241100K .......... .......... .......... .......... .......... 99%  117M 0s
241150K .......... .......... .......... .......... .......... 99%  117M 0s
241200K .......... .......... .......... .......... .......... 99% 87.7M 0s
241250K .......... .......... .......... .......... .......... 99%  116M 0s
241300K .......... .......... .......... .......... .......... 99%  117M 0s
241350K .......... .......... .......... .......... .......... 99%  117M 0s
241400K .......... .......... .......... .......... .......... 99%  116M 0s
241450K .......... .......... .......... .......... .......... 99%  117M 0s
241500K .......... .......... .......... .......... .......... 99%  115M 0s
241550K .......... .......... .......... .......... .......... 99%  117M 0s
241600K .......... .......... .......... .......... .......... 99% 89.5M 0s
241650K .......... .......... .......... .......... .......... 99% 71.7M 0s
241700K .......... .......... .......... .......... .......... 99% 55.1M 0s
241750K .......... .......... .......... .......... .......... 99% 99.7M 0s
241800K .......... .......... .......... .......... .......... 99%  114M 0s
241850K .......... .......... .......... .......... .......... 99%  117M 0s
241900K .......... .......... .......... .......... .......... 99% 27.8M 0s
241950K .......... .......... .......... .......... .......... 99% 91.2M 0s
242000K .......... .......... .......... .......... .......... 99% 87.4M 0s
242050K .......... .......... .......... .......... .......... 99%  117M 0s
242100K .......... .......... .......... .......... .......... 99%  117M 0s
242150K .......... .......... .......... .......... .......... 99%  114M 0s
242200K .......... .......... .......... .......... .......... 99% 21.8M 0s
242250K .......... .......... .......... .....                100%  108M=17s

2025-11-27 00:28:08 (13.9 MB/s) - ‘tiny-imagenet-200.zip’ saved [248100043/248100043]

216150K .......... .......... .......... .......... .......... 89% 1.46M 2s
216200K .......... .......... .......... .......... .......... 89%  109M 2s
216250K .......... .......... .......... .......... .......... 89%  146M 2s
216300K .......... .......... .......... .......... .......... 89%  117M 2s
216350K .......... .......... .......... .......... .......... 89%  113M 2s
216400K .......... .......... .......... .......... .......... 89% 1.50M 2s
216450K .......... .......... .......... .......... .......... 89% 1.29M 2s
216500K .......... .......... .......... .......... .......... 89%  963K 2s
216550K .......... .......... .......... .......... .......... 89%  127M 2s
216600K .......... .......... .......... .......... .......... 89%  116M 2s
216650K .......... .......... .......... .......... .......... 89%  114M 2s
216700K .......... .......... .......... .......... .......... 89%  119M 2s
216750K .......... .......... .......... .......... .......... 89%  117M 2s
216800K .......... .......... .......... .......... .......... 89% 53.4M 2s
216850K .......... .......... .......... .......... .......... 89%  117M 2s
216900K .......... .......... .......... .......... .......... 89%  117M 2s
216950K .......... .......... .......... .......... .......... 89%  117M 2s
217000K .......... .......... .......... .......... .......... 89%  112M 2s
217050K .......... .......... .......... .......... .......... 89%  117M 2s
217100K .......... .......... .......... .......... .......... 89% 37.8M 2s
217150K .......... .......... .......... .......... .......... 89%  128M 2s
217200K .......... .......... .......... .......... .......... 89% 87.0M 2s
217250K .......... .......... .......... .......... .......... 89%  117M 2s
217300K .......... .......... .......... .......... .......... 89%  116M 2s
217350K .......... .......... .......... .......... .......... 89%  117M 2s
217400K .......... .......... .......... .......... .......... 89%  115M 2s
217450K .......... .......... .......... .......... .......... 89% 29.9M 2s
217500K .......... .......... .......... .......... .......... 89%  117M 2s
217550K .......... .......... .......... .......... .......... 89%  117M 2s
217600K .......... .......... .......... .......... .......... 89% 24.9M 2s
217650K .......... .......... .......... .......... .......... 89%  128M 2s
217700K .......... .......... .......... .......... .......... 89%  119M 2s
217750K .......... .......... .......... .......... .......... 89%  116M 2s
217800K .......... .......... .......... .......... .......... 89%  115M 2s
217850K .......... .......... .......... .......... .......... 89%  114M 2s
217900K .......... .......... .......... .......... .......... 89%  117M 2s
217950K .......... .......... .......... .......... .......... 89%  116M 2s
218000K .......... .......... .......... .......... .......... 89% 89.0M 2s
218050K .......... .......... .......... .......... .......... 90%  117M 2s
218100K .......... .......... .......... .......... .......... 90%  117M 2s
218150K .......... .......... .......... .......... .......... 90%  117M 2s
218200K .......... .......... .......... .......... .......... 90%  115M 2s
218250K .......... .......... .......... .......... .......... 90%  117M 2s
218300K .......... .......... .......... .......... .......... 90%  117M 2s
218350K .......... .......... .......... .......... .......... 90%  115M 2s
218400K .......... .......... .......... .......... .......... 90% 90.2M 2s
218450K .......... .......... .......... .......... .......... 90%  117M 2s
218500K .......... .......... .......... .......... .......... 90%  117M 2s
218550K .......... .......... .......... .......... .......... 90%  117M 2s
218600K .......... .......... .......... .......... .......... 90%  115M 2s
218650K .......... .......... .......... .......... .......... 90%  117M 2s
218700K .......... .......... .......... .......... .......... 90%  117M 2s
218750K .......... .......... .......... .......... .......... 90%  117M 2s
218800K .......... .......... .......... .......... .......... 90% 87.0M 2s
218850K .......... .......... .......... .......... .......... 90%  117M 2s
218900K .......... .......... .......... .......... .......... 90% 1.48M 2s
218950K .......... .......... .......... .......... .......... 90%  121M 2s
219000K .......... .......... .......... .......... .......... 90%  115M 2s
219050K .......... .......... .......... .......... .......... 90%  119M 2s
219100K .......... .......... .......... .......... .......... 90%  115M 2s
219150K .......... .......... .......... .......... .......... 90% 1.50M 2s
219200K .......... .......... .......... .......... .......... 90%  550K 2s
219250K .......... .......... .......... .......... .......... 90%  154M 2s
219300K .......... .......... .......... .......... .......... 90%  116M 2s
219350K .......... .......... .......... .......... .......... 90%  117M 2s
219400K .......... .......... .......... .......... .......... 90%  115M 2s
219450K .......... .......... .......... .......... .......... 90%  117M 2s
219500K .......... .......... .......... .......... .......... 90%  117M 2s
219550K .......... .......... .......... .......... .......... 90%  117M 2s
219600K .......... .......... .......... .......... .......... 90% 88.9M 2s
219650K .......... .......... .......... .......... .......... 90%  117M 2s
219700K .......... .......... .......... .......... .......... 90%  117M 2s
219750K .......... .......... .......... .......... .......... 90%  117M 2s
219800K .......... .......... .......... .......... .......... 90%  115M 2s
219850K .......... .......... .......... .......... .......... 90%  117M 2s
219900K .......... .......... .......... .......... .......... 90%  117M 2s
219950K .......... .......... .......... .......... .......... 90%  117M 2s
220000K .......... .......... .......... .......... .......... 90% 87.0M 2s
220050K .......... .......... .......... .......... .......... 90%  117M 2s
220100K .......... .......... .......... .......... .......... 90%  117M 2s
220150K .......... .......... .......... .......... .......... 90%  117M 2s
220200K .......... .......... .......... .......... .......... 90% 41.1M 2s
220250K .......... .......... .......... .......... .......... 90% 90.6M 2s
220300K .......... .......... .......... .......... .......... 90%  117M 2s
220350K .......... .......... .......... .......... .......... 90%  116M 2s
220400K .......... .......... .......... .......... .......... 90% 25.9M 2s
220450K .......... .......... .......... .......... .......... 91%  114M 2s
220500K .......... .......... .......... .......... .......... 91%  117M 2s
220550K .......... .......... .......... .......... .......... 91%  117M 2s
220600K .......... .......... .......... .......... .......... 91%  115M 2s
220650K .......... .......... .......... .......... .......... 91% 25.0M 2s
220700K .......... .......... .......... .......... .......... 91%  117M 2s
220750K .......... .......... .......... .......... .......... 91%  116M 2s
220800K .......... .......... .......... .......... .......... 91% 88.3M 2s
220850K .......... .......... .......... .......... .......... 91%  117M 2s
220900K .......... .......... .......... .......... .......... 91%  117M 2s
220950K .......... .......... .......... .......... .......... 91%  117M 2s
221000K .......... .......... .......... .......... .......... 91%  115M 2s
221050K .......... .......... .......... .......... .......... 91%  117M 2s
221100K .......... .......... .......... .......... .......... 91%  117M 2s
221150K .......... .......... .......... .......... .......... 91%  117M 2s
221200K .......... .......... .......... .......... .......... 91% 89.1M 2s
221250K .......... .......... .......... .......... .......... 91%  117M 2s
221300K .......... .......... .......... .......... .......... 91%  117M 2s
221350K .......... .......... .......... .......... .......... 91%  117M 2s
221400K .......... .......... .......... .......... .......... 91%  115M 2s
221450K .......... .......... .......... .......... .......... 91%  117M 2s
221500K .......... .......... .......... .......... .......... 91%  117M 2s
221550K .......... .......... .......... .......... .......... 91%  116M 2s
221600K .......... .......... .......... .......... .......... 91% 87.7M 2s
221650K .......... .......... .......... .......... .......... 91%  117M 2s
221700K .......... .......... .......... .......... .......... 91% 1.56M 2s
221750K .......... .......... .......... .......... .......... 91%  125M 2s
221800K .......... .......... .......... .......... .......... 91%  115M 2s
221850K .......... .......... .......... .......... .......... 91%  114M 2s
221900K .......... .......... .......... .......... .......... 91%  117M 2s
221950K .......... .......... .......... .......... .......... 91%  407K 2s
222000K .......... .......... .......... .......... .......... 91%  117M 2s
222050K .......... .......... .......... .......... .......... 91%  117M 2s
222100K .......... .......... .......... .......... .......... 91%  117M 2s
222150K .......... .......... .......... .......... .......... 91% 24.6M 2s
222200K .......... .......... .......... .......... .......... 91%  117M 2s
222250K .......... .......... .......... .......... .......... 91%  115M 2s
222300K .......... .......... .......... .......... .......... 91%  117M 2s
222350K .......... .......... .......... .......... .......... 91%  116M 2s
222400K .......... .......... .......... .......... .......... 91% 89.2M 2s
222450K .......... .......... .......... .......... .......... 91%  117M 2s
222500K .......... .......... .......... .......... .......... 91%  117M 2s
222550K .......... .......... .......... .......... .......... 91%  117M 2s
222600K .......... .......... .......... .......... .......... 91%  115M 2s
222650K .......... .......... .......... .......... .......... 91%  117M 2s
222700K .......... .......... .......... .......... .......... 91%  117M 2s
222750K .......... .......... .......... .......... .......... 91%  116M 2s
222800K .......... .......... .......... .......... .......... 91% 87.1M 2s
222850K .......... .......... .......... .......... .......... 91%  117M 2s
222900K .......... .......... .......... .......... .......... 92%  117M 2s
222950K .......... .......... .......... .......... .......... 92%  117M 2s
223000K .......... .......... .......... .......... .......... 92%  115M 2s
223050K .......... .......... .......... .......... .......... 92%  117M 2s
223100K .......... .......... .......... .......... .......... 92%  117M 1s
223150K .......... .......... .......... .......... .......... 92%  117M 1s
223200K .......... .......... .......... .......... .......... 92% 42.9M 1s
223250K .......... .......... .......... .......... .......... 92%  112M 1s
223300K .......... .......... .......... .......... .......... 92%  113M 1s
223350K .......... .......... .......... .......... .......... 92%  117M 1s
223400K .......... .......... .......... .......... .......... 92%  115M 1s
223450K .......... .......... .......... .......... .......... 92% 25.8M 1s
223500K .......... .......... .......... .......... .......... 92%  107M 1s
223550K .......... .......... .......... .......... .......... 92%  115M 1s
223600K .......... .......... .......... .......... .......... 92% 88.6M 1s
223650K .......... .......... .......... .......... .......... 92% 24.7M 1s
223700K .......... .......... .......... .......... .......... 92%  117M 1s
223750K .......... .......... .......... .......... .......... 92%  115M 1s
223800K .......... .......... .......... .......... .......... 92%  114M 1s
223850K .......... .......... .......... .......... .......... 92%  117M 1s
223900K .......... .......... .......... .......... .......... 92%  116M 1s
223950K .......... .......... .......... .......... .......... 92%  118M 1s
224000K .......... .......... .......... .......... .......... 92% 88.9M 1s
224050K .......... .......... .......... .......... .......... 92%  117M 1s
224100K .......... .......... .......... .......... .......... 92%  117M 1s
224150K .......... .......... .......... .......... .......... 92%  117M 1s
224200K .......... .......... .......... .......... .......... 92%  115M 1s
224250K .......... .......... .......... .......... .......... 92%  117M 1s
224300K .......... .......... .......... .......... .......... 92%  117M 1s
224350K .......... .......... .......... .......... .......... 92%  117M 1s
224400K .......... .......... .......... .......... .......... 92% 89.0M 1s
224450K .......... .......... .......... .......... .......... 92%  117M 1s
224500K .......... .......... .......... .......... .......... 92% 1.64M 1s
224550K .......... .......... .......... .......... .......... 92%  109M 1s
224600K .......... .......... .......... .......... .......... 92%  110M 1s
224650K .......... .......... .......... .......... .......... 92%  117M 1s
224700K .......... .......... .......... .......... .......... 92% 1.50M 1s
224750K .......... .......... .......... .......... .......... 92%  550K 1s
224800K .......... .......... .......... .......... .......... 92%  124M 1s
224850K .......... .......... .......... .......... .......... 92%  108M 1s
224900K .......... .......... .......... .......... .......... 92%  117M 1s
224950K .......... .......... .......... .......... .......... 92% 25.2M 1s
225000K .......... .......... .......... .......... .......... 92%  115M 1s
225050K .......... .......... .......... .......... .......... 92%  116M 1s
225100K .......... .......... .......... .......... .......... 92%  117M 1s
225150K .......... .......... .......... .......... .......... 92% 23.4M 1s
225200K .......... .......... .......... .......... .......... 92%  100M 1s
225250K .......... .......... .......... .......... .......... 92%  117M 1s
225300K .......... .......... .......... .......... .......... 93%  117M 1s
225350K .......... .......... .......... .......... .......... 93%  117M 1s
225400K .......... .......... .......... .......... .......... 93%  114M 1s
225450K .......... .......... .......... .......... .......... 93%  119M 1s
225500K .......... .......... .......... .......... .......... 93%  117M 1s
225550K .......... .......... .......... .......... .......... 93%  117M 1s
225600K .......... .......... .......... .......... .......... 93% 87.0M 1s
225650K .......... .......... .......... .......... .......... 93%  117M 1s
225700K .......... .......... .......... .......... .......... 93%  117M 1s
225750K .......... .......... .......... .......... .......... 93%  117M 1s
225800K .......... .......... .......... .......... .......... 93%  115M 1s
225850K .......... .......... .......... .......... .......... 93%  117M 1s
225900K .......... .......... .......... .......... .......... 93%  117M 1s
225950K .......... .......... .......... .......... .......... 93%  117M 1s
226000K .......... .......... .......... .......... .......... 93% 88.8M 1s
226050K .......... .......... .......... .......... .......... 93%  117M 1s
226100K .......... .......... .......... .......... .......... 93%  117M 1s
226150K .......... .......... .......... .......... .......... 93%  117M 1s
226200K .......... .......... .......... .......... .......... 93% 68.7M 1s
226250K .......... .......... .......... .......... .......... 93% 92.1M 1s
226300K .......... .......... .......... .......... .......... 93%  113M 1s
226350K .......... .......... .......... .......... .......... 93%  104M 1s
226400K .......... .......... .......... .......... .......... 93% 89.1M 1s
226450K .......... .......... .......... .......... .......... 93% 24.6M 1s
226500K .......... .......... .......... .......... .......... 93%  117M 1s
226550K .......... .......... .......... .......... .......... 93%  115M 1s
226600K .......... .......... .......... .......... .......... 93%  115M 1s
226650K .......... .......... .......... .......... .......... 93%  117M 1s
226700K .......... .......... .......... .......... .......... 93% 23.6M 1s
226750K .......... .......... .......... .......... .......... 93%  117M 1s
226800K .......... .......... .......... .......... .......... 93% 87.0M 1s
226850K .......... .......... .......... .......... .......... 93%  117M 1s
226900K .......... .......... .......... .......... .......... 93%  119M 1s
226950K .......... .......... .......... .......... .......... 93%  114M 1s
227000K .......... .......... .......... .......... .......... 93%  115M 1s
227050K .......... .......... .......... .......... .......... 93%  117M 1s
227100K .......... .......... .......... .......... .......... 93%  117M 1s
227150K .......... .......... .......... .......... .......... 93%  117M 1s
227200K .......... .......... .......... .......... .......... 93% 88.9M 1s
227250K .......... .......... .......... .......... .......... 93%  117M 1s
227300K .......... .......... .......... .......... .......... 93% 1.75M 1s
227350K .......... .......... .......... .......... .......... 93%  103M 1s
227400K .......... .......... .......... .......... .......... 93%  116M 1s
227450K .......... .......... .......... .......... .......... 93%  117M 1s
227500K .......... .......... .......... .......... .......... 93% 1.49M 1s
227550K .......... .......... .......... .......... .......... 93%  551K 1s
227600K .......... .......... .......... .......... .......... 93% 86.0M 1s
227650K .......... .......... .......... .......... .......... 93%  141M 1s
227700K .......... .......... .......... .......... .......... 94%  117M 1s
227750K .......... .......... .......... .......... .......... 94% 27.0M 1s
227800K .......... .......... .......... .......... .......... 94%  111M 1s
227850K .......... .......... .......... .......... .......... 94%  113M 1s
227900K .......... .......... .......... .......... .......... 94%  113M 1s
227950K .......... .......... .......... .......... .......... 94% 24.4M 1s
228000K .......... .......... .......... .......... .......... 94% 86.8M 1s
228050K .......... .......... .......... .......... .......... 94%  117M 1s
228100K .......... .......... .......... .......... .......... 94%  110M 1s
228150K .......... .......... .......... .......... .......... 94%  117M 1s
228200K .......... .......... .......... .......... .......... 94% 22.6M 1s
228250K .......... .......... .......... .......... .......... 94%  117M 1s
228300K .......... .......... .......... .......... .......... 94%  117M 1s
228350K .......... .......... .......... .......... .......... 94%  117M 1s
228400K .......... .......... .......... .......... .......... 94% 87.5M 1s
228450K .......... .......... .......... .......... .......... 94%  117M 1s
228500K .......... .......... .......... .......... .......... 94%  117M 1s
228550K .......... .......... .......... .......... .......... 94%  117M 1s
228600K .......... .......... .......... .......... .......... 94%  114M 1s
228650K .......... .......... .......... .......... .......... 94%  118M 1s
228700K .......... .......... .......... .......... .......... 94%  117M 1s
228750K .......... .......... .......... .......... .......... 94%  117M 1s
228800K .......... .......... .......... .......... .......... 94% 88.9M 1s
228850K .......... .......... .......... .......... .......... 94%  117M 1s
228900K .......... .......... .......... .......... .......... 94%  116M 1s
228950K .......... .......... .......... .......... .......... 94%  117M 1s
229000K .......... .......... .......... .......... .......... 94%  115M 1s
229050K .......... .......... .......... .......... .......... 94%  117M 1s
229100K .......... .......... .......... .......... .......... 94%  117M 1s
229150K .......... .......... .......... .......... .......... 94%  117M 1s
229200K .......... .......... .......... .......... .......... 94% 89.0M 1s
229250K .......... .......... .......... .......... .......... 94% 71.1M 1s
229300K .......... .......... .......... .......... .......... 94%  117M 1s
229350K .......... .......... .......... .......... .......... 94%  117M 1s
229400K .......... .......... .......... .......... .......... 94%  114M 1s
229450K .......... .......... .......... .......... .......... 94%  112M 1s
229500K .......... .......... .......... .......... .......... 94% 24.4M 1s
229550K .......... .......... .......... .......... .......... 94% 99.6M 1s
229600K .......... .......... .......... .......... .......... 94% 87.0M 1s
229650K .......... .......... .......... .......... .......... 94%  117M 1s
229700K .......... .......... .......... .......... .......... 94%  117M 1s
229750K .......... .......... .......... .......... .......... 94%  117M 1s
229800K .......... .......... .......... .......... .......... 94% 22.9M 1s
229850K .......... .......... .......... .......... .......... 94%  117M 1s
229900K .......... .......... .......... .......... .......... 94%  119M 1s
229950K .......... .......... .......... .......... .......... 94%  116M 1s
230000K .......... .......... .......... .......... .......... 94% 88.1M 1s
230050K .......... .......... .......... .......... .......... 94%  117M 1s
230100K .......... .......... .......... .......... .......... 94% 1.88M 1s
230150K .......... .......... .......... .......... .......... 95% 78.5M 1s
230200K .......... .......... .......... .......... .......... 95%  116M 1s
230250K .......... .......... .......... .......... .......... 95%  117M 1s
230300K .......... .......... .......... .......... .......... 95%  110M 1s
230350K .......... .......... .......... .......... .......... 95%  406K 1s
230400K .......... .......... .......... .......... .......... 95% 96.7M 1s
230450K .......... .......... .......... .......... .......... 95%  139M 1s
230500K .......... .......... .......... .......... .......... 95%  117M 1s
230550K .......... .......... .......... .......... .......... 95% 29.0M 1s
230600K .......... .......... .......... .......... .......... 95% 92.1M 1s
230650K .......... .......... .......... .......... .......... 95%  117M 1s
230700K .......... .......... .......... .......... .......... 95%  117M 1s
230750K .......... .......... .......... .......... .......... 95%  117M 1s
230800K .......... .......... .......... .......... .......... 95% 23.3M 1s
230850K .......... .......... .......... .......... .......... 95% 99.9M 1s
230900K .......... .......... .......... .......... .......... 95%  117M 1s
230950K .......... .......... .......... .......... .......... 95%  111M 1s
231000K .......... .......... .......... .......... .......... 95% 22.8M 1s
231050K .......... .......... .......... .......... .......... 95%  126M 1s
231100K .......... .......... .......... .......... .......... 95%  112M 1s
231150K .......... .......... .......... .......... .......... 95%  111M 1s
231200K .......... .......... .......... .......... .......... 95% 88.8M 1s
231250K .......... .......... .......... .......... .......... 95% 22.3M 1s
231300K .......... .......... .......... .......... .......... 95%  117M 1s
231350K .......... .......... .......... .......... .......... 95%  117M 1s
231400K .......... .......... .......... .......... .......... 95%  115M 1s
231450K .......... .......... .......... .......... .......... 95%  115M 1s
231500K .......... .......... .......... .......... .......... 95%  114M 1s
231550K .......... .......... .......... .......... .......... 95%  118M 1s
231600K .......... .......... .......... .......... .......... 95% 89.7M 1s
231650K .......... .......... .......... .......... .......... 95%  117M 1s
231700K .......... .......... .......... .......... .......... 95%  117M 1s
231750K .......... .......... .......... .......... .......... 95%  117M 1s
231800K .......... .......... .......... .......... .......... 95%  114M 1s
231850K .......... .......... .......... .......... .......... 95%  117M 1s
231900K .......... .......... .......... .......... .......... 95%  116M 1s
231950K .......... .......... .......... .......... .......... 95%  118M 1s
232000K .......... .......... .......... .......... .......... 95% 89.7M 1s
232050K .......... .......... .......... .......... .......... 95%  117M 1s
232100K .......... .......... .......... .......... .......... 95%  116M 1s
232150K .......... .......... .......... .......... .......... 95%  117M 1s
232200K .......... .......... .......... .......... .......... 95%  115M 1s
232250K .......... .......... .......... .......... .......... 95%  117M 1s
232300K .......... .......... .......... .......... .......... 95%  115M 1s
232350K .......... .......... .......... .......... .......... 95% 89.5M 1s
232400K .......... .......... .......... .......... .......... 95% 85.5M 1s
232450K .......... .......... .......... .......... .......... 95%  115M 1s
232500K .......... .......... .......... .......... .......... 95%  118M 1s
232550K .......... .......... .......... .......... .......... 96%  115M 1s
232600K .......... .......... .......... .......... .......... 96% 22.8M 1s
232650K .......... .......... .......... .......... .......... 96%  117M 1s
232700K .......... .......... .......... .......... .......... 96%  117M 1s
232750K .......... .......... .......... .......... .......... 96%  117M 1s
232800K .......... .......... .......... .......... .......... 96% 1.73M 1s
232850K .......... .......... .......... .......... .......... 96%  117M 1s
232900K .......... .......... .......... .......... .......... 96%  114M 1s
232950K .......... .......... .......... .......... .......... 96%  120M 1s
233000K .......... .......... .......... .......... .......... 96%  115M 1s
233050K .......... .......... .......... .......... .......... 96%  116M 1s
233100K .......... .......... .......... .......... .......... 96%  117M 1s
233150K .......... .......... .......... .......... .......... 96%  412K 1s
233200K .......... .......... .......... .......... .......... 96%  119M 1s
233250K .......... .......... .......... .......... .......... 96%  116M 1s
233300K .......... .......... .......... .......... .......... 96%  118M 1s
233350K .......... .......... .......... .......... .......... 96%  117M 1s
233400K .......... .......... .......... .......... .......... 96% 33.0M 1s
233450K .......... .......... .......... .......... .......... 96%  104M 1s
233500K .......... .......... .......... .......... .......... 96%  114M 1s
233550K .......... .......... .......... .......... .......... 96%  116M 1s
233600K .......... .......... .......... .......... .......... 96% 25.5M 1s
233650K .......... .......... .......... .......... .......... 96% 84.1M 1s
233700K .......... .......... .......... .......... .......... 96%  113M 1s
233750K .......... .......... .......... .......... .......... 96%  117M 1s
233800K .......... .......... .......... .......... .......... 96%  116M 1s
233850K .......... .......... .......... .......... .......... 96% 25.1M 1s
233900K .......... .......... .......... .......... .......... 96% 79.9M 1s
233950K .......... .......... .......... .......... .......... 96%  117M 1s
234000K .......... .......... .......... .......... .......... 96% 89.7M 1s
234050K .......... .......... .......... .......... .......... 96%  116M 1s
234100K .......... .......... .......... .......... .......... 96% 23.3M 1s
234150K .......... .......... .......... .......... .......... 96%  111M 1s
234200K .......... .......... .......... .......... .......... 96%  115M 1s
234250K .......... .......... .......... .......... .......... 96% 18.3M 1s
234300K .......... .......... .......... .......... .......... 96%  204M 1s
234350K .......... .......... .......... .......... .......... 96%  115M 1s
234400K .......... .......... .......... .......... .......... 96% 89.1M 1s
234450K .......... .......... .......... .......... .......... 96%  115M 1s
234500K .......... .......... .......... .......... .......... 96%  117M 1s
234550K .......... .......... .......... .......... .......... 96%  118M 1s
234600K .......... .......... .......... .......... .......... 96%  116M 1s
234650K .......... .......... .......... .......... .......... 96%  117M 1s
234700K .......... .......... .......... .......... .......... 96%  117M 1s
234750K .......... .......... .......... .......... .......... 96%  117M 1s
234800K .......... .......... .......... .......... .......... 96% 87.0M 1s
234850K .......... .......... .......... .......... .......... 96%  117M 1s
234900K .......... .......... .......... .......... .......... 96%  117M 1s
234950K .......... .......... .......... .......... .......... 96%  117M 1s
235000K .......... .......... .......... .......... .......... 97%  115M 1s
235050K .......... .......... .......... .......... .......... 97%  117M 1s
235100K .......... .......... .......... .......... .......... 97%  117M 1s
235150K .......... .......... .......... .......... .......... 97%  117M 1s
235200K .......... .......... .......... .......... .......... 97% 88.7M 1s
235250K .......... .......... .......... .......... .......... 97%  117M 1s
235300K .......... .......... .......... .......... .......... 97%  117M 1s
235350K .......... .......... .......... .......... .......... 97%  117M 1s
235400K .......... .......... .......... .......... .......... 97%  115M 1s
235450K .......... .......... .......... .......... .......... 97%  117M 1s
235500K .......... .......... .......... .......... .......... 97%  117M 1s
235550K .......... .......... .......... .......... .......... 97%  117M 1s
235600K .......... .......... .......... .......... .......... 97% 88.8M 1s
235650K .......... .......... .......... .......... .......... 97% 1.77M 1s
235700K .......... .......... .......... .......... .......... 97%  116M 1s
235750K .......... .......... .......... .......... .......... 97%  117M 1s
235800K .......... .......... .......... .......... .......... 97%  116M 0s
235850K .......... .......... .......... .......... .......... 97%  404K 0s
235900K .......... .......... .......... .......... .......... 97%  125M 0s
235950K .......... .......... .......... .......... .......... 97%  119M 0s
236000K .......... .......... .......... .......... .......... 97% 87.8M 0s
236050K .......... .......... .......... .......... .......... 97%  117M 0s
236100K .......... .......... .......... .......... .......... 97%  117M 0s
236150K .......... .......... .......... .......... .......... 97%  117M 0s
236200K .......... .......... .......... .......... .......... 97%  115M 0s
236250K .......... .......... .......... .......... .......... 97%  117M 0s
236300K .......... .......... .......... .......... .......... 97%  115M 0s
236350K .......... .......... .......... .......... .......... 97%  117M 0s
236400K .......... .......... .......... .......... .......... 97% 89.1M 0s
236450K .......... .......... .......... .......... .......... 97%  118M 0s
236500K .......... .......... .......... .......... .......... 97% 84.0M 0s
236550K .......... .......... .......... .......... .......... 97%  104M 0s
236600K .......... .......... .......... .......... .......... 97%  109M 0s
236650K .......... .......... .......... .......... .......... 97%  119M 0s
236700K .......... .......... .......... .......... .......... 97%  117M 0s
236750K .......... .......... .......... .......... .......... 97% 26.2M 0s
236800K .......... .......... .......... .......... .......... 97% 60.9M 0s
236850K .......... .......... .......... .......... .......... 97%  111M 0s
236900K .......... .......... .......... .......... .......... 97%  117M 0s
236950K .......... .......... .......... .......... .......... 97% 24.9M 0s
237000K .......... .......... .......... .......... .......... 97% 86.6M 0s
237050K .......... .......... .......... .......... .......... 97%  116M 0s
237100K .......... .......... .......... .......... .......... 97%  103M 0s
237150K .......... .......... .......... .......... .......... 97% 20.3M 0s
237200K .......... .......... .......... .......... .......... 97% 75.8M 0s
237250K .......... .......... .......... .......... .......... 97%  117M 0s
237300K .......... .......... .......... .......... .......... 97% 16.9M 0s
237350K .......... .......... .......... .......... .......... 97%  146M 0s
237400K .......... .......... .......... .......... .......... 98%  118M 0s
237450K .......... .......... .......... .......... .......... 98%  117M 0s
237500K .......... .......... .......... .......... .......... 98%  114M 0s
237550K .......... .......... .......... .......... .......... 98%  114M 0s
237600K .......... .......... .......... .......... .......... 98% 91.0M 0s
237650K .......... .......... .......... .......... .......... 98%  116M 0s
237700K .......... .......... .......... .......... .......... 98%  117M 0s
237750K .......... .......... .......... .......... .......... 98%  117M 0s
237800K .......... .......... .......... .......... .......... 98%  113M 0s
237850K .......... .......... .......... .......... .......... 98%  118M 0s
237900K .......... .......... .......... .......... .......... 98%  117M 0s
237950K .......... .......... .......... .......... .......... 98%  117M 0s
238000K .......... .......... .......... .......... .......... 98% 87.5M 0s
238050K .......... .......... .......... .......... .......... 98%  117M 0s
238100K .......... .......... .......... .......... .......... 98%  117M 0s
238150K .......... .......... .......... .......... .......... 98%  117M 0s
238200K .......... .......... .......... .......... .......... 98%  114M 0s
238250K .......... .......... .......... .......... .......... 98%  117M 0s
238300K .......... .......... .......... .......... .......... 98%  117M 0s
238350K .......... .......... .......... .......... .......... 98%  117M 0s
238400K .......... .......... .......... .......... .......... 98% 89.9M 0s
238450K .......... .......... .......... .......... .......... 98%  117M 0s
238500K .......... .......... .......... .......... .......... 98%  117M 0s
238550K .......... .......... .......... .......... .......... 98% 1.93M 0s
238600K .......... .......... .......... .......... .......... 98%  113M 0s
238650K .......... .......... .......... .......... .......... 98%  117M 0s
238700K .......... .......... .......... .......... .......... 98%  117M 0s
238750K .......... .......... .......... .......... .......... 98%  404K 0s
238800K .......... .......... .......... .......... .......... 98%  105M 0s
238850K .......... .......... .......... .......... .......... 98%  116M 0s
238900K .......... .......... .......... .......... .......... 98% 17.8M 0s
238950K .......... .......... .......... .......... .......... 98%  117M 0s
239000K .......... .......... .......... .......... .......... 98%  114M 0s
239050K .......... .......... .......... .......... .......... 98%  116M 0s
239100K .......... .......... .......... .......... .......... 98%  116M 0s
239150K .......... .......... .......... .......... .......... 98%  115M 0s
239200K .......... .......... .......... .......... .......... 98% 90.3M 0s
239250K .......... .......... .......... .......... .......... 98%  117M 0s
239300K .......... .......... .......... .......... .......... 98%  117M 0s
239350K .......... .......... .......... .......... .......... 98%  116M 0s
239400K .......... .......... .......... .......... .......... 98%  115M 0s
239450K .......... .......... .......... .......... .......... 98%  117M 0s
239500K .......... .......... .......... .......... .......... 98%  117M 0s
239550K .......... .......... .......... .......... .......... 98%  117M 0s
239600K .......... .......... .......... .......... .......... 98% 87.6M 0s
239650K .......... .......... .......... .......... .......... 98%  117M 0s
239700K .......... .......... .......... .......... .......... 98%  117M 0s
239750K .......... .......... .......... .......... .......... 98%  117M 0s
239800K .......... .......... .......... .......... .......... 98%  114M 0s
239850K .......... .......... .......... .......... .......... 99% 30.6M 0s
239900K .......... .......... .......... .......... .......... 99%  110M 0s
239950K .......... .......... .......... .......... .......... 99%  103M 0s
240000K .......... .......... .......... .......... .......... 99% 20.0M 0s
240050K .......... .......... .......... .......... .......... 99% 82.9M 0s
240100K .......... .......... .......... .......... .......... 99%  117M 0s
240150K .......... .......... .......... .......... .......... 99%  115M 0s
240200K .......... .......... .......... .......... .......... 99% 16.8M 0s
240250K .......... .......... .......... .......... .......... 99%  117M 0s
240300K .......... .......... .......... .......... .......... 99%  117M 0s
240350K .......... .......... .......... .......... .......... 99%  115M 0s
240400K .......... .......... .......... .......... .......... 99% 17.2M 0s
240450K .......... .......... .......... .......... .......... 99%  117M 0s
240500K .......... .......... .......... .......... .......... 99%  115M 0s
240550K .......... .......... .......... .......... .......... 99%  116M 0s
240600K .......... .......... .......... .......... .......... 99%  114M 0s
240650K .......... .......... .......... .......... .......... 99%  117M 0s
240700K .......... .......... .......... .......... .......... 99%  117M 0s
240750K .......... .......... .......... .......... .......... 99%  116M 0s
240800K .......... .......... .......... .......... .......... 99% 90.0M 0s
240850K .......... .......... .......... .......... .......... 99%  116M 0s
240900K .......... .......... .......... .......... .......... 99%  117M 0s
240950K .......... .......... .......... .......... .......... 99%  117M 0s
241000K .......... .......... .......... .......... .......... 99%  115M 0s
241050K .......... .......... .......... .......... .......... 99%  116M 0s
241100K .......... .......... .......... .......... .......... 99%  117M 0s
241150K .......... .......... .......... .......... .......... 99%  117M 0s
241200K .......... .......... .......... .......... .......... 99% 87.6M 0s
241250K .......... .......... .......... .......... .......... 99%  117M 0s
241300K .......... .......... .......... .......... .......... 99%  117M 0s
241350K .......... .......... .......... .......... .......... 99%  117M 0s
241400K .......... .......... .......... .......... .......... 99% 2.15M 0s
241450K .......... .......... .......... .......... .......... 99% 89.0M 0s
241500K .......... .......... .......... .......... .......... 99% 96.5M 0s
241550K .......... .......... .......... .......... .......... 99%  118M 0s
241600K .......... .......... .......... .......... .......... 99%  403K 0s
241650K .......... .......... .......... .......... .......... 99%  118M 0s
241700K .......... .......... .......... .......... .......... 99%  117M 0s
241750K .......... .......... .......... .......... .......... 99% 19.4M 0s
241800K .......... .......... .......... .......... .......... 99%  109M 0s
241850K .......... .......... .......... .......... .......... 99%  117M 0s
241900K .......... .......... .......... .......... .......... 99% 17.0M 0s
241950K .......... .......... .......... .......... .......... 99%  118M 0s
242000K .......... .......... .......... .......... .......... 99% 89.2M 0s
242050K .......... .......... .......... .......... .......... 99%  117M 0s
242100K .......... .......... .......... .......... .......... 99%  116M 0s
242150K .......... .......... .......... .......... .......... 99%  117M 0s
242200K .......... .......... .......... .......... .......... 99%  115M 0s
242250K .......... .......... .......... .....                100%  135M=19s

2025-11-27 00:28:10 (12.6 MB/s) - ‘tiny-imagenet-200.zip’ saved [248100043/248100043]

WARNING: tensorflow 2.15.1 does not provide the extra 'and-gpu'
WARNING: tensorflow 2.15.1 does not provide the extra 'and-gpu'
2025-11-27 00:29:22.830767: I tensorflow/core/util/port.cc:113] oneDNN custom operations are on. You may see slightly different numerical results due to floating-point round-off errors from different computation orders. To turn them off, set the environment variable `TF_ENABLE_ONEDNN_OPTS=0`.
2025-11-27 00:29:22.849405: E external/local_xla/xla/stream_executor/cuda/cuda_dnn.cc:9261] Unable to register cuDNN factory: Attempting to register factory for plugin cuDNN when one has already been registered
2025-11-27 00:29:22.849427: E external/local_xla/xla/stream_executor/cuda/cuda_fft.cc:607] Unable to register cuFFT factory: Attempting to register factory for plugin cuFFT when one has already been registered
2025-11-27 00:29:22.849972: E external/local_xla/xla/stream_executor/cuda/cuda_blas.cc:1515] Unable to register cuBLAS factory: Attempting to register factory for plugin cuBLAS when one has already been registered
2025-11-27 00:29:22.853016: I tensorflow/core/platform/cpu_feature_guard.cc:182] This TensorFlow binary is optimized to use available CPU instructions in performance-critical operations.
To enable the following instructions: AVX2 AVX_VNNI FMA, in other operations, rebuild TensorFlow with the appropriate compiler flags.
2025-11-27 00:29:23.173007: W tensorflow/compiler/tf2tensorrt/utils/py_utils.cc:38] TF-TRT Warning: Could not find TensorRT
2025-11-27 00:29:23.505763: I external/local_xla/xla/stream_executor/cuda/cuda_executor.cc:901] successful NUMA node read from SysFS had negative value (-1), but there must be at least one NUMA node, so returning NUMA node zero. See more at https://github.com/torvalds/linux/blob/v6.0/Documentation/ABI/testing/sysfs-bus-pci#L344-L355
2025-11-27 00:29:23.519637: I external/local_xla/xla/stream_executor/cuda/cuda_executor.cc:901] successful NUMA node read from SysFS had negative value (-1), but there must be at least one NUMA node, so returning NUMA node zero. See more at https://github.com/torvalds/linux/blob/v6.0/Documentation/ABI/testing/sysfs-bus-pci#L344-L355
2025-11-27 00:29:23.519763: I external/local_xla/xla/stream_executor/cuda/cuda_executor.cc:901] successful NUMA node read from SysFS had negative value (-1), but there must be at least one NUMA node, so returning NUMA node zero. See more at https://github.com/torvalds/linux/blob/v6.0/Documentation/ABI/testing/sysfs-bus-pci#L344-L355
2025-11-27 00:29:25.457553: I tensorflow/core/util/port.cc:113] oneDNN custom operations are on. You may see slightly different numerical results due to floating-point round-off errors from different computation orders. To turn them off, set the environment variable `TF_ENABLE_ONEDNN_OPTS=0`.
2025-11-27 00:29:25.476620: E external/local_xla/xla/stream_executor/cuda/cuda_dnn.cc:9261] Unable to register cuDNN factory: Attempting to register factory for plugin cuDNN when one has already been registered
2025-11-27 00:29:25.476640: E external/local_xla/xla/stream_executor/cuda/cuda_fft.cc:607] Unable to register cuFFT factory: Attempting to register factory for plugin cuFFT when one has already been registered
2025-11-27 00:29:25.477264: E external/local_xla/xla/stream_executor/cuda/cuda_blas.cc:1515] Unable to register cuBLAS factory: Attempting to register factory for plugin cuBLAS when one has already been registered
2025-11-27 00:29:25.480409: I tensorflow/core/platform/cpu_feature_guard.cc:182] This TensorFlow binary is optimized to use available CPU instructions in performance-critical operations.
To enable the following instructions: AVX2 AVX_VNNI FMA, in other operations, rebuild TensorFlow with the appropriate compiler flags.
2025-11-27 00:29:25.810956: W tensorflow/compiler/tf2tensorrt/utils/py_utils.cc:38] TF-TRT Warning: Could not find TensorRT
2025-11-27 00:29:26.154930: I external/local_xla/xla/stream_executor/cuda/cuda_executor.cc:901] successful NUMA node read from SysFS had negative value (-1), but there must be at least one NUMA node, so returning NUMA node zero. See more at https://github.com/torvalds/linux/blob/v6.0/Documentation/ABI/testing/sysfs-bus-pci#L344-L355
2025-11-27 00:29:26.169068: I external/local_xla/xla/stream_executor/cuda/cuda_executor.cc:901] successful NUMA node read from SysFS had negative value (-1), but there must be at least one NUMA node, so returning NUMA node zero. See more at https://github.com/torvalds/linux/blob/v6.0/Documentation/ABI/testing/sysfs-bus-pci#L344-L355
2025-11-27 00:29:26.169204: I external/local_xla/xla/stream_executor/cuda/cuda_executor.cc:901] successful NUMA node read from SysFS had negative value (-1), but there must be at least one NUMA node, so returning NUMA node zero. See more at https://github.com/torvalds/linux/blob/v6.0/Documentation/ABI/testing/sysfs-bus-pci#L344-L355
+ scontrol show hostnames 'poti[1,3]'
+ echo 'All nodes finished setup.'
+ TO_RUN=train-sync.py
+ '[' ctl == ctl ']'
+ TO_RUN=train-ctl.py
+ env
++ pwd
+ HOME=/home/users/rrdmatos/perf/tensorflow
+ srun '--export=ALL,SCRATCH=/scratch/rrdmatos,TO_RUN=train-ctl.py,HOME=/home/users/rrdmatos/perf/tensorflow,LIST="poti1:29500","poti3:29500"' bash -c '

cd $SCRATCH
source venv/bin/activate

TF_CONFIG=$(cat <<EOF
{
    "cluster": {
        "worker": [$LIST]
    },
    "task": {
        "type": "worker",
        "index": ${SLURM_PROCID}
    }
}
EOF
)
export TF_CONFIG

env

echo "Host: $(hostname) | Rank (PROCID): ${SLURM_PROCID} | TF_CONFIG: ${TF_CONFIG}"

echo "$TO_RUN,$PY_MODEL\n"
python $TO_RUN --model $PY_MODEL --batch $PY_BATCH_SIZE

LOGS_DIR="$HOME/logs/${TO_RUN}_${SLURM_JOB_ID}/${SLURM_PROCID}/"

mkdir -p $LOGS_DIR
cp $SCRATCH/*logs*/ $LOGS_DIR -r
'
2025-11-27 00:29:26.716505: I tensorflow/core/util/port.cc:113] oneDNN custom operations are on. You may see slightly different numerical results due to floating-point round-off errors from different computation orders. To turn them off, set the environment variable `TF_ENABLE_ONEDNN_OPTS=0`.
2025-11-27 00:29:26.716865: I tensorflow/core/util/port.cc:113] oneDNN custom operations are on. You may see slightly different numerical results due to floating-point round-off errors from different computation orders. To turn them off, set the environment variable `TF_ENABLE_ONEDNN_OPTS=0`.
2025-11-27 00:29:26.735023: E external/local_xla/xla/stream_executor/cuda/cuda_dnn.cc:9261] Unable to register cuDNN factory: Attempting to register factory for plugin cuDNN when one has already been registered
2025-11-27 00:29:26.735046: E external/local_xla/xla/stream_executor/cuda/cuda_fft.cc:607] Unable to register cuFFT factory: Attempting to register factory for plugin cuFFT when one has already been registered
2025-11-27 00:29:26.735575: E external/local_xla/xla/stream_executor/cuda/cuda_blas.cc:1515] Unable to register cuBLAS factory: Attempting to register factory for plugin cuBLAS when one has already been registered
2025-11-27 00:29:26.735522: E external/local_xla/xla/stream_executor/cuda/cuda_dnn.cc:9261] Unable to register cuDNN factory: Attempting to register factory for plugin cuDNN when one has already been registered
2025-11-27 00:29:26.735545: E external/local_xla/xla/stream_executor/cuda/cuda_fft.cc:607] Unable to register cuFFT factory: Attempting to register factory for plugin cuFFT when one has already been registered
2025-11-27 00:29:26.736134: E external/local_xla/xla/stream_executor/cuda/cuda_blas.cc:1515] Unable to register cuBLAS factory: Attempting to register factory for plugin cuBLAS when one has already been registered
2025-11-27 00:29:26.738585: I tensorflow/core/platform/cpu_feature_guard.cc:182] This TensorFlow binary is optimized to use available CPU instructions in performance-critical operations.
To enable the following instructions: AVX2 AVX_VNNI FMA, in other operations, rebuild TensorFlow with the appropriate compiler flags.
2025-11-27 00:29:26.739203: I tensorflow/core/platform/cpu_feature_guard.cc:182] This TensorFlow binary is optimized to use available CPU instructions in performance-critical operations.
To enable the following instructions: AVX2 AVX_VNNI FMA, in other operations, rebuild TensorFlow with the appropriate compiler flags.
2025-11-27 00:29:27.058594: W tensorflow/compiler/tf2tensorrt/utils/py_utils.cc:38] TF-TRT Warning: Could not find TensorRT
2025-11-27 00:29:27.060404: W tensorflow/compiler/tf2tensorrt/utils/py_utils.cc:38] TF-TRT Warning: Could not find TensorRT
2025-11-27 00:29:27.395043: I external/local_xla/xla/stream_executor/cuda/cuda_executor.cc:901] successful NUMA node read from SysFS had negative value (-1), but there must be at least one NUMA node, so returning NUMA node zero. See more at https://github.com/torvalds/linux/blob/v6.0/Documentation/ABI/testing/sysfs-bus-pci#L344-L355
2025-11-27 00:29:27.397501: I external/local_xla/xla/stream_executor/cuda/cuda_executor.cc:901] successful NUMA node read from SysFS had negative value (-1), but there must be at least one NUMA node, so returning NUMA node zero. See more at https://github.com/torvalds/linux/blob/v6.0/Documentation/ABI/testing/sysfs-bus-pci#L344-L355
2025-11-27 00:29:27.408909: I external/local_xla/xla/stream_executor/cuda/cuda_executor.cc:901] successful NUMA node read from SysFS had negative value (-1), but there must be at least one NUMA node, so returning NUMA node zero. See more at https://github.com/torvalds/linux/blob/v6.0/Documentation/ABI/testing/sysfs-bus-pci#L344-L355
2025-11-27 00:29:27.409016: I external/local_xla/xla/stream_executor/cuda/cuda_executor.cc:901] successful NUMA node read from SysFS had negative value (-1), but there must be at least one NUMA node, so returning NUMA node zero. See more at https://github.com/torvalds/linux/blob/v6.0/Documentation/ABI/testing/sysfs-bus-pci#L344-L355
2025-11-27 00:29:27.411449: I external/local_xla/xla/stream_executor/cuda/cuda_executor.cc:901] successful NUMA node read from SysFS had negative value (-1), but there must be at least one NUMA node, so returning NUMA node zero. See more at https://github.com/torvalds/linux/blob/v6.0/Documentation/ABI/testing/sysfs-bus-pci#L344-L355
2025-11-27 00:29:27.411539: I external/local_xla/xla/stream_executor/cuda/cuda_executor.cc:901] successful NUMA node read from SysFS had negative value (-1), but there must be at least one NUMA node, so returning NUMA node zero. See more at https://github.com/torvalds/linux/blob/v6.0/Documentation/ABI/testing/sysfs-bus-pci#L344-L355
2025-11-27 00:29:27.411591: I external/local_xla/xla/stream_executor/cuda/cuda_executor.cc:901] successful NUMA node read from SysFS had negative value (-1), but there must be at least one NUMA node, so returning NUMA node zero. See more at https://github.com/torvalds/linux/blob/v6.0/Documentation/ABI/testing/sysfs-bus-pci#L344-L355
2025-11-27 00:29:27.411238: I external/local_xla/xla/stream_executor/cuda/cuda_executor.cc:901] successful NUMA node read from SysFS had negative value (-1), but there must be at least one NUMA node, so returning NUMA node zero. See more at https://github.com/torvalds/linux/blob/v6.0/Documentation/ABI/testing/sysfs-bus-pci#L344-L355
2025-11-27 00:29:27.411371: I external/local_xla/xla/stream_executor/cuda/cuda_executor.cc:901] successful NUMA node read from SysFS had negative value (-1), but there must be at least one NUMA node, so returning NUMA node zero. See more at https://github.com/torvalds/linux/blob/v6.0/Documentation/ABI/testing/sysfs-bus-pci#L344-L355
2025-11-27 00:29:27.413624: I external/local_xla/xla/stream_executor/cuda/cuda_executor.cc:901] successful NUMA node read from SysFS had negative value (-1), but there must be at least one NUMA node, so returning NUMA node zero. See more at https://github.com/torvalds/linux/blob/v6.0/Documentation/ABI/testing/sysfs-bus-pci#L344-L355
2025-11-27 00:29:27.413704: I external/local_xla/xla/stream_executor/cuda/cuda_executor.cc:901] successful NUMA node read from SysFS had negative value (-1), but there must be at least one NUMA node, so returning NUMA node zero. See more at https://github.com/torvalds/linux/blob/v6.0/Documentation/ABI/testing/sysfs-bus-pci#L344-L355
2025-11-27 00:29:27.413748: I external/local_xla/xla/stream_executor/cuda/cuda_executor.cc:901] successful NUMA node read from SysFS had negative value (-1), but there must be at least one NUMA node, so returning NUMA node zero. See more at https://github.com/torvalds/linux/blob/v6.0/Documentation/ABI/testing/sysfs-bus-pci#L344-L355
2025-11-27 00:29:27.452667: I external/local_xla/xla/stream_executor/cuda/cuda_executor.cc:901] successful NUMA node read from SysFS had negative value (-1), but there must be at least one NUMA node, so returning NUMA node zero. See more at https://github.com/torvalds/linux/blob/v6.0/Documentation/ABI/testing/sysfs-bus-pci#L344-L355
2025-11-27 00:29:27.452752: I external/local_xla/xla/stream_executor/cuda/cuda_executor.cc:901] successful NUMA node read from SysFS had negative value (-1), but there must be at least one NUMA node, so returning NUMA node zero. See more at https://github.com/torvalds/linux/blob/v6.0/Documentation/ABI/testing/sysfs-bus-pci#L344-L355
2025-11-27 00:29:27.452817: I external/local_xla/xla/stream_executor/cuda/cuda_executor.cc:901] successful NUMA node read from SysFS had negative value (-1), but there must be at least one NUMA node, so returning NUMA node zero. See more at https://github.com/torvalds/linux/blob/v6.0/Documentation/ABI/testing/sysfs-bus-pci#L344-L355
2025-11-27 00:29:27.452872: I tensorflow/core/common_runtime/gpu/gpu_device.cc:1929] Created device /job:localhost/replica:0/task:0/device:GPU:0 with 10307 MB memory:  -> device: 0, name: NVIDIA GeForce RTX 4070, pci bus id: 0000:01:00.0, compute capability: 8.9
2025-11-27 00:29:27.454486: I external/local_xla/xla/stream_executor/cuda/cuda_executor.cc:901] successful NUMA node read from SysFS had negative value (-1), but there must be at least one NUMA node, so returning NUMA node zero. See more at https://github.com/torvalds/linux/blob/v6.0/Documentation/ABI/testing/sysfs-bus-pci#L344-L355
2025-11-27 00:29:27.454547: I external/local_xla/xla/stream_executor/cuda/cuda_executor.cc:901] successful NUMA node read from SysFS had negative value (-1), but there must be at least one NUMA node, so returning NUMA node zero. See more at https://github.com/torvalds/linux/blob/v6.0/Documentation/ABI/testing/sysfs-bus-pci#L344-L355
2025-11-27 00:29:27.454589: I external/local_xla/xla/stream_executor/cuda/cuda_executor.cc:901] successful NUMA node read from SysFS had negative value (-1), but there must be at least one NUMA node, so returning NUMA node zero. See more at https://github.com/torvalds/linux/blob/v6.0/Documentation/ABI/testing/sysfs-bus-pci#L344-L355
2025-11-27 00:29:27.454643: I external/local_xla/xla/stream_executor/cuda/cuda_executor.cc:901] successful NUMA node read from SysFS had negative value (-1), but there must be at least one NUMA node, so returning NUMA node zero. See more at https://github.com/torvalds/linux/blob/v6.0/Documentation/ABI/testing/sysfs-bus-pci#L344-L355
2025-11-27 00:29:27.453821: I external/local_xla/xla/stream_executor/cuda/cuda_executor.cc:901] successful NUMA node read from SysFS had negative value (-1), but there must be at least one NUMA node, so returning NUMA node zero. See more at https://github.com/torvalds/linux/blob/v6.0/Documentation/ABI/testing/sysfs-bus-pci#L344-L355
2025-11-27 00:29:27.454685: I external/local_xla/xla/stream_executor/cuda/cuda_executor.cc:901] successful NUMA node read from SysFS had negative value (-1), but there must be at least one NUMA node, so returning NUMA node zero. See more at https://github.com/torvalds/linux/blob/v6.0/Documentation/ABI/testing/sysfs-bus-pci#L344-L355
2025-11-27 00:29:27.453906: I external/local_xla/xla/stream_executor/cuda/cuda_executor.cc:901] successful NUMA node read from SysFS had negative value (-1), but there must be at least one NUMA node, so returning NUMA node zero. See more at https://github.com/torvalds/linux/blob/v6.0/Documentation/ABI/testing/sysfs-bus-pci#L344-L355
2025-11-27 00:29:27.454721: I tensorflow/core/common_runtime/gpu/gpu_device.cc:1929] Created device /job:worker/replica:0/task:1/device:GPU:0 with 10307 MB memory:  -> device: 0, name: NVIDIA GeForce RTX 4070, pci bus id: 0000:01:00.0, compute capability: 8.9
2025-11-27 00:29:27.453964: I external/local_xla/xla/stream_executor/cuda/cuda_executor.cc:901] successful NUMA node read from SysFS had negative value (-1), but there must be at least one NUMA node, so returning NUMA node zero. See more at https://github.com/torvalds/linux/blob/v6.0/Documentation/ABI/testing/sysfs-bus-pci#L344-L355
2025-11-27 00:29:27.454010: I tensorflow/core/common_runtime/gpu/gpu_device.cc:1929] Created device /job:localhost/replica:0/task:0/device:GPU:0 with 10307 MB memory:  -> device: 0, name: NVIDIA GeForce RTX 4070, pci bus id: 0000:01:00.0, compute capability: 8.9
2025-11-27 00:29:27.455588: I external/local_xla/xla/stream_executor/cuda/cuda_executor.cc:901] successful NUMA node read from SysFS had negative value (-1), but there must be at least one NUMA node, so returning NUMA node zero. See more at https://github.com/torvalds/linux/blob/v6.0/Documentation/ABI/testing/sysfs-bus-pci#L344-L355
2025-11-27 00:29:27.455655: I external/local_xla/xla/stream_executor/cuda/cuda_executor.cc:901] successful NUMA node read from SysFS had negative value (-1), but there must be at least one NUMA node, so returning NUMA node zero. See more at https://github.com/torvalds/linux/blob/v6.0/Documentation/ABI/testing/sysfs-bus-pci#L344-L355
2025-11-27 00:29:27.455703: I external/local_xla/xla/stream_executor/cuda/cuda_executor.cc:901] successful NUMA node read from SysFS had negative value (-1), but there must be at least one NUMA node, so returning NUMA node zero. See more at https://github.com/torvalds/linux/blob/v6.0/Documentation/ABI/testing/sysfs-bus-pci#L344-L355
2025-11-27 00:29:27.455757: I external/local_xla/xla/stream_executor/cuda/cuda_executor.cc:901] successful NUMA node read from SysFS had negative value (-1), but there must be at least one NUMA node, so returning NUMA node zero. See more at https://github.com/torvalds/linux/blob/v6.0/Documentation/ABI/testing/sysfs-bus-pci#L344-L355
2025-11-27 00:29:27.455799: I external/local_xla/xla/stream_executor/cuda/cuda_executor.cc:901] successful NUMA node read from SysFS had negative value (-1), but there must be at least one NUMA node, so returning NUMA node zero. See more at https://github.com/torvalds/linux/blob/v6.0/Documentation/ABI/testing/sysfs-bus-pci#L344-L355
2025-11-27 00:29:27.455835: I tensorflow/core/common_runtime/gpu/gpu_device.cc:1929] Created device /job:worker/replica:0/task:0/device:GPU:0 with 10307 MB memory:  -> device: 0, name: NVIDIA GeForce RTX 4070, pci bus id: 0000:01:00.0, compute capability: 8.9
2025-11-27 00:29:27.461421: I tensorflow/core/distributed_runtime/rpc/grpc_server_lib.cc:457] Started server with target: grpc://poti3:29500
2025-11-27 00:29:27.462574: I tensorflow/core/distributed_runtime/rpc/grpc_server_lib.cc:457] Started server with target: grpc://poti1:29500
2025-11-27 00:29:27.468236: I external/local_tsl/tsl/distributed_runtime/coordination/coordination_service.cc:553] /job:worker/replica:0/task:1 has connected to coordination service. Incarnation: 1402354817961500917
2025-11-27 00:29:27.469209: I external/local_tsl/tsl/distributed_runtime/coordination/coordination_service_agent.cc:304] Coordination agent has successfully connected.
2025-11-27 00:29:27.477077: I external/local_tsl/tsl/distributed_runtime/coordination/coordination_service.cc:553] /job:worker/replica:0/task:0 has connected to coordination service. Incarnation: 15472563032983813683
2025-11-27 00:29:27.477115: I external/local_tsl/tsl/distributed_runtime/coordination/coordination_service_agent.cc:304] Coordination agent has successfully connected.
WARNING:tensorflow:From /scratch/rrdmatos/train-ctl.py:35: is_gpu_available (from tensorflow.python.framework.test_util) is deprecated and will be removed in a future version.
Instructions for updating:
Use `tf.config.list_physical_devices('GPU')` instead.
2025-11-27 00:29:27.525182: I external/local_xla/xla/stream_executor/cuda/cuda_executor.cc:901] successful NUMA node read from SysFS had negative value (-1), but there must be at least one NUMA node, so returning NUMA node zero. See more at https://github.com/torvalds/linux/blob/v6.0/Documentation/ABI/testing/sysfs-bus-pci#L344-L355
WARNING:tensorflow:From /scratch/rrdmatos/train-ctl.py:35: is_gpu_available (from tensorflow.python.framework.test_util) is deprecated and will be removed in a future version.
Instructions for updating:
Use `tf.config.list_physical_devices('GPU')` instead.
2025-11-27 00:29:27.525276: I external/local_xla/xla/stream_executor/cuda/cuda_executor.cc:901] successful NUMA node read from SysFS had negative value (-1), but there must be at least one NUMA node, so returning NUMA node zero. See more at https://github.com/torvalds/linux/blob/v6.0/Documentation/ABI/testing/sysfs-bus-pci#L344-L355
2025-11-27 00:29:27.524528: I external/local_xla/xla/stream_executor/cuda/cuda_executor.cc:901] successful NUMA node read from SysFS had negative value (-1), but there must be at least one NUMA node, so returning NUMA node zero. See more at https://github.com/torvalds/linux/blob/v6.0/Documentation/ABI/testing/sysfs-bus-pci#L344-L355
2025-11-27 00:29:27.525322: I external/local_xla/xla/stream_executor/cuda/cuda_executor.cc:901] successful NUMA node read from SysFS had negative value (-1), but there must be at least one NUMA node, so returning NUMA node zero. See more at https://github.com/torvalds/linux/blob/v6.0/Documentation/ABI/testing/sysfs-bus-pci#L344-L355
2025-11-27 00:29:27.525388: I external/local_xla/xla/stream_executor/cuda/cuda_executor.cc:901] successful NUMA node read from SysFS had negative value (-1), but there must be at least one NUMA node, so returning NUMA node zero. See more at https://github.com/torvalds/linux/blob/v6.0/Documentation/ABI/testing/sysfs-bus-pci#L344-L355
2025-11-27 00:29:27.524630: I external/local_xla/xla/stream_executor/cuda/cuda_executor.cc:901] successful NUMA node read from SysFS had negative value (-1), but there must be at least one NUMA node, so returning NUMA node zero. See more at https://github.com/torvalds/linux/blob/v6.0/Documentation/ABI/testing/sysfs-bus-pci#L344-L355
2025-11-27 00:29:27.525432: I external/local_xla/xla/stream_executor/cuda/cuda_executor.cc:901] successful NUMA node read from SysFS had negative value (-1), but there must be at least one NUMA node, so returning NUMA node zero. See more at https://github.com/torvalds/linux/blob/v6.0/Documentation/ABI/testing/sysfs-bus-pci#L344-L355
2025-11-27 00:29:27.524684: I external/local_xla/xla/stream_executor/cuda/cuda_executor.cc:901] successful NUMA node read from SysFS had negative value (-1), but there must be at least one NUMA node, so returning NUMA node zero. See more at https://github.com/torvalds/linux/blob/v6.0/Documentation/ABI/testing/sysfs-bus-pci#L344-L355
2025-11-27 00:29:27.524760: I external/local_xla/xla/stream_executor/cuda/cuda_executor.cc:901] successful NUMA node read from SysFS had negative value (-1), but there must be at least one NUMA node, so returning NUMA node zero. See more at https://github.com/torvalds/linux/blob/v6.0/Documentation/ABI/testing/sysfs-bus-pci#L344-L355
2025-11-27 00:29:27.524803: I external/local_xla/xla/stream_executor/cuda/cuda_executor.cc:901] successful NUMA node read from SysFS had negative value (-1), but there must be at least one NUMA node, so returning NUMA node zero. See more at https://github.com/torvalds/linux/blob/v6.0/Documentation/ABI/testing/sysfs-bus-pci#L344-L355
2025-11-27 00:29:27.525469: I tensorflow/core/common_runtime/gpu/gpu_device.cc:1929] Created device /device:GPU:0 with 10307 MB memory:  -> device: 0, name: NVIDIA GeForce RTX 4070, pci bus id: 0000:01:00.0, compute capability: 8.9
2025-11-27 00:29:27.524839: I tensorflow/core/common_runtime/gpu/gpu_device.cc:1929] Created device /device:GPU:0 with 10307 MB memory:  -> device: 0, name: NVIDIA GeForce RTX 4070, pci bus id: 0000:01:00.0, compute capability: 8.9
2025-11-27 00:29:27.525519: I external/local_xla/xla/stream_executor/cuda/cuda_executor.cc:901] successful NUMA node read from SysFS had negative value (-1), but there must be at least one NUMA node, so returning NUMA node zero. See more at https://github.com/torvalds/linux/blob/v6.0/Documentation/ABI/testing/sysfs-bus-pci#L344-L355
2025-11-27 00:29:27.524883: I external/local_xla/xla/stream_executor/cuda/cuda_executor.cc:901] successful NUMA node read from SysFS had negative value (-1), but there must be at least one NUMA node, so returning NUMA node zero. See more at https://github.com/torvalds/linux/blob/v6.0/Documentation/ABI/testing/sysfs-bus-pci#L344-L355
2025-11-27 00:29:27.525563: I external/local_xla/xla/stream_executor/cuda/cuda_executor.cc:901] successful NUMA node read from SysFS had negative value (-1), but there must be at least one NUMA node, so returning NUMA node zero. See more at https://github.com/torvalds/linux/blob/v6.0/Documentation/ABI/testing/sysfs-bus-pci#L344-L355
2025-11-27 00:29:27.525609: I external/local_xla/xla/stream_executor/cuda/cuda_executor.cc:901] successful NUMA node read from SysFS had negative value (-1), but there must be at least one NUMA node, so returning NUMA node zero. See more at https://github.com/torvalds/linux/blob/v6.0/Documentation/ABI/testing/sysfs-bus-pci#L344-L355
2025-11-27 00:29:27.525656: I external/local_xla/xla/stream_executor/cuda/cuda_executor.cc:901] successful NUMA node read from SysFS had negative value (-1), but there must be at least one NUMA node, so returning NUMA node zero. See more at https://github.com/torvalds/linux/blob/v6.0/Documentation/ABI/testing/sysfs-bus-pci#L344-L355
2025-11-27 00:29:27.525698: I external/local_xla/xla/stream_executor/cuda/cuda_executor.cc:901] successful NUMA node read from SysFS had negative value (-1), but there must be at least one NUMA node, so returning NUMA node zero. See more at https://github.com/torvalds/linux/blob/v6.0/Documentation/ABI/testing/sysfs-bus-pci#L344-L355
2025-11-27 00:29:27.525732: I tensorflow/core/common_runtime/gpu/gpu_device.cc:1929] Created device /device:GPU:0 with 10307 MB memory:  -> device: 0, name: NVIDIA GeForce RTX 4070, pci bus id: 0000:01:00.0, compute capability: 8.9
2025-11-27 00:29:27.524926: I external/local_xla/xla/stream_executor/cuda/cuda_executor.cc:901] successful NUMA node read from SysFS had negative value (-1), but there must be at least one NUMA node, so returning NUMA node zero. See more at https://github.com/torvalds/linux/blob/v6.0/Documentation/ABI/testing/sysfs-bus-pci#L344-L355
2025-11-27 00:29:27.524967: I external/local_xla/xla/stream_executor/cuda/cuda_executor.cc:901] successful NUMA node read from SysFS had negative value (-1), but there must be at least one NUMA node, so returning NUMA node zero. See more at https://github.com/torvalds/linux/blob/v6.0/Documentation/ABI/testing/sysfs-bus-pci#L344-L355
2025-11-27 00:29:27.525014: I external/local_xla/xla/stream_executor/cuda/cuda_executor.cc:901] successful NUMA node read from SysFS had negative value (-1), but there must be at least one NUMA node, so returning NUMA node zero. See more at https://github.com/torvalds/linux/blob/v6.0/Documentation/ABI/testing/sysfs-bus-pci#L344-L355
2025-11-27 00:29:27.525055: I external/local_xla/xla/stream_executor/cuda/cuda_executor.cc:901] successful NUMA node read from SysFS had negative value (-1), but there must be at least one NUMA node, so returning NUMA node zero. See more at https://github.com/torvalds/linux/blob/v6.0/Documentation/ABI/testing/sysfs-bus-pci#L344-L355
2025-11-27 00:29:27.525089: I tensorflow/core/common_runtime/gpu/gpu_device.cc:1929] Created device /device:GPU:0 with 10307 MB memory:  -> device: 0, name: NVIDIA GeForce RTX 4070, pci bus id: 0000:01:00.0, compute capability: 8.9
2025-11-27 00:29:37.325451: E tensorflow/core/grappler/optimizers/meta_optimizer.cc:961] layout failed: INVALID_ARGUMENT: Size of values 0 does not match size of permutation 4 @ fanin shape inmodel/block2b_drop/dropout/SelectV2-2-TransposeNHWCToNCHW-LayoutOptimizer
2025-11-27 00:29:37.399329: E tensorflow/core/grappler/optimizers/meta_optimizer.cc:961] layout failed: INVALID_ARGUMENT: Size of values 0 does not match size of permutation 4 @ fanin shape inmodel/block2b_drop/dropout/SelectV2-2-TransposeNHWCToNCHW-LayoutOptimizer
2025-11-27 00:29:38.666251: I external/local_xla/xla/stream_executor/cuda/cuda_dnn.cc:454] Loaded cuDNN version 8904
2025-11-27 00:29:38.884141: I external/local_xla/xla/stream_executor/cuda/cuda_dnn.cc:454] Loaded cuDNN version 8904
2025-11-27 00:29:41.685404: I external/local_xla/xla/service/service.cc:168] XLA service 0x49e4c710 initialized for platform CUDA (this does not guarantee that XLA will be used). Devices:
2025-11-27 00:29:41.685434: I external/local_xla/xla/service/service.cc:176]   StreamExecutor device (0): NVIDIA GeForce RTX 4070, Compute Capability 8.9
2025-11-27 00:29:41.691698: I external/local_xla/xla/service/service.cc:168] XLA service 0x7f33c0019940 initialized for platform CUDA (this does not guarantee that XLA will be used). Devices:
2025-11-27 00:29:41.691734: I external/local_xla/xla/service/service.cc:176]   StreamExecutor device (0): NVIDIA GeForce RTX 4070, Compute Capability 8.9
WARNING: All log messages before absl::InitializeLog() is called are written to STDERR
I0000 00:00:1764214181.705691 2313088 device_compiler.h:186] Compiled cluster using XLA!  This line is logged at most once for the lifetime of the process.
WARNING: All log messages before absl::InitializeLog() is called are written to STDERR
I0000 00:00:1764214181.718239 3677290 device_compiler.h:186] Compiled cluster using XLA!  This line is logged at most once for the lifetime of the process.
2025-11-27 00:31:43.650709: W external/local_tsl/tsl/framework/bfc_allocator.cc:485] Allocator (GPU_0_bfc) ran out of memory trying to allocate 459.38MiB (rounded to 481689600)requested by op gradient_tape/model/block2a_expand_bn/FusedBatchNormGradV3
If the cause is memory fragmentation maybe the environment variable 'TF_GPU_ALLOCATOR=cuda_malloc_async' will improve the situation. 
Current allocation summary follows.
Current allocation summary follows.
2025-11-27 00:31:43.650802: I external/local_tsl/tsl/framework/bfc_allocator.cc:1039] BFCAllocator dump for GPU_0_bfc
2025-11-27 00:31:43.650811: I external/local_tsl/tsl/framework/bfc_allocator.cc:1046] Bin (256): 	Total Chunks: 494, Chunks in use: 485. 123.5KiB allocated for chunks. 121.2KiB in use in bin. 14.4KiB client-requested in use in bin.
2025-11-27 00:31:43.650817: I external/local_tsl/tsl/framework/bfc_allocator.cc:1046] Bin (512): 	Total Chunks: 140, Chunks in use: 133. 86.5KiB allocated for chunks. 82.2KiB in use in bin. 66.0KiB client-requested in use in bin.
2025-11-27 00:31:43.650823: I external/local_tsl/tsl/framework/bfc_allocator.cc:1046] Bin (1024): 	Total Chunks: 90, Chunks in use: 84. 105.2KiB allocated for chunks. 98.0KiB in use in bin. 81.0KiB client-requested in use in bin.
2025-11-27 00:31:43.650828: I external/local_tsl/tsl/framework/bfc_allocator.cc:1046] Bin (2048): 	Total Chunks: 141, Chunks in use: 133. 356.8KiB allocated for chunks. 337.8KiB in use in bin. 312.0KiB client-requested in use in bin.
2025-11-27 00:31:43.650833: I external/local_tsl/tsl/framework/bfc_allocator.cc:1046] Bin (4096): 	Total Chunks: 112, Chunks in use: 106. 528.5KiB allocated for chunks. 498.2KiB in use in bin. 467.9KiB client-requested in use in bin.
2025-11-27 00:31:43.650838: I external/local_tsl/tsl/framework/bfc_allocator.cc:1046] Bin (8192): 	Total Chunks: 40, Chunks in use: 38. 447.0KiB allocated for chunks. 429.8KiB in use in bin. 404.4KiB client-requested in use in bin.
2025-11-27 00:31:43.650843: I external/local_tsl/tsl/framework/bfc_allocator.cc:1046] Bin (16384): 	Total Chunks: 16, Chunks in use: 16. 317.0KiB allocated for chunks. 317.0KiB in use in bin. 292.8KiB client-requested in use in bin.
2025-11-27 00:31:43.650848: I external/local_tsl/tsl/framework/bfc_allocator.cc:1046] Bin (32768): 	Total Chunks: 42, Chunks in use: 41. 1.63MiB allocated for chunks. 1.58MiB in use in bin. 1.52MiB client-requested in use in bin.
2025-11-27 00:31:43.650853: I external/local_tsl/tsl/framework/bfc_allocator.cc:1046] Bin (65536): 	Total Chunks: 45, Chunks in use: 42. 3.71MiB allocated for chunks. 3.50MiB in use in bin. 3.29MiB client-requested in use in bin.
2025-11-27 00:31:43.650858: I external/local_tsl/tsl/framework/bfc_allocator.cc:1046] Bin (131072): 	Total Chunks: 48, Chunks in use: 46. 8.87MiB allocated for chunks. 8.56MiB in use in bin. 8.08MiB client-requested in use in bin.
2025-11-27 00:31:43.650865: I external/local_tsl/tsl/framework/bfc_allocator.cc:1046] Bin (262144): 	Total Chunks: 25, Chunks in use: 24. 8.30MiB allocated for chunks. 8.03MiB in use in bin. 7.11MiB client-requested in use in bin.
2025-11-27 00:31:43.650870: I external/local_tsl/tsl/framework/bfc_allocator.cc:1046] Bin (524288): 	Total Chunks: 26, Chunks in use: 26. 21.72MiB allocated for chunks. 21.72MiB in use in bin. 21.43MiB client-requested in use in bin.
2025-11-27 00:31:43.650876: I external/local_tsl/tsl/framework/bfc_allocator.cc:1046] Bin (1048576): 	Total Chunks: 11, Chunks in use: 11. 16.12MiB allocated for chunks. 16.12MiB in use in bin. 14.54MiB client-requested in use in bin.
2025-11-27 00:31:43.650881: I external/local_tsl/tsl/framework/bfc_allocator.cc:1046] Bin (2097152): 	Total Chunks: 0, Chunks in use: 0. 0B allocated for chunks. 0B in use in bin. 0B client-requested in use in bin.
2025-11-27 00:31:43.650887: I external/local_tsl/tsl/framework/bfc_allocator.cc:1046] Bin (4194304): 	Total Chunks: 1, Chunks in use: 1. 7.63MiB allocated for chunks. 7.63MiB in use in bin. 7.63MiB client-requested in use in bin.
2025-11-27 00:31:43.650892: I external/local_tsl/tsl/framework/bfc_allocator.cc:1046] Bin (8388608): 	Total Chunks: 0, Chunks in use: 0. 0B allocated for chunks. 0B in use in bin. 0B client-requested in use in bin.
2025-11-27 00:31:43.650897: I external/local_tsl/tsl/framework/bfc_allocator.cc:1046] Bin (16777216): 	Total Chunks: 1, Chunks in use: 0. 25.13MiB allocated for chunks. 0B in use in bin. 0B client-requested in use in bin.
2025-11-27 00:31:43.650902: I external/local_tsl/tsl/framework/bfc_allocator.cc:1046] Bin (33554432): 	Total Chunks: 3, Chunks in use: 2. 176.80MiB allocated for chunks. 114.84MiB in use in bin. 114.84MiB client-requested in use in bin.
2025-11-27 00:31:43.650907: I external/local_tsl/tsl/framework/bfc_allocator.cc:1046] Bin (67108864): 	Total Chunks: 3, Chunks in use: 3. 287.11MiB allocated for chunks. 287.11MiB in use in bin. 211.06MiB client-requested in use in bin.
2025-11-27 00:31:43.650912: I external/local_tsl/tsl/framework/bfc_allocator.cc:1046] Bin (134217728): 	Total Chunks: 14, Chunks in use: 7. 2.43GiB allocated for chunks. 1.13GiB in use in bin. 1.05GiB client-requested in use in bin.
2025-11-27 00:31:43.650917: I external/local_tsl/tsl/framework/bfc_allocator.cc:1046] Bin (268435456): 	Total Chunks: 19, Chunks in use: 5. 7.08GiB allocated for chunks. 2.43GiB in use in bin. 2.24GiB client-requested in use in bin.
2025-11-27 00:31:43.650922: I external/local_tsl/tsl/framework/bfc_allocator.cc:1062] Bin for 459.38MiB was 256.00MiB, Chunk State: 
2025-11-27 00:31:43.650930: I external/local_tsl/tsl/framework/bfc_allocator.cc:1068]   Size: 260.02MiB | Requested Size: 114.84MiB | in_use: 0 | bin_num: 20, prev:   Size: 2.0KiB | Requested Size: 1.9KiB | in_use: 1 | bin_num: -1, next:   Size: 1.5KiB | Requested Size: 960B | in_use: 1 | bin_num: -1
2025-11-27 00:31:43.650937: I external/local_tsl/tsl/framework/bfc_allocator.cc:1068]   Size: 263.57MiB | Requested Size: 172.27MiB | in_use: 0 | bin_num: 20, prev:   Size: 2.0KiB | Requested Size: 1.9KiB | in_use: 1 | bin_num: -1, next:   Size: 2.0KiB | Requested Size: 1.9KiB | in_use: 1 | bin_num: -1
2025-11-27 00:31:43.650943: I external/local_tsl/tsl/framework/bfc_allocator.cc:1068]   Size: 263.57MiB | Requested Size: 172.27MiB | in_use: 0 | bin_num: 20, prev:   Size: 2.0KiB | Requested Size: 1.9KiB | in_use: 1 | bin_num: -1, next:   Size: 2.0KiB | Requested Size: 1.9KiB | in_use: 1 | bin_num: -1
2025-11-27 00:31:43.650950: I external/local_tsl/tsl/framework/bfc_allocator.cc:1068]   Size: 284.19MiB | Requested Size: 172.27MiB | in_use: 0 | bin_num: 20, prev:   Size: 476.53MiB | Requested Size: 459.38MiB | in_use: 1 | bin_num: -1, next:   Size: 4.5KiB | Requested Size: 4.5KiB | in_use: 1 | bin_num: -1
2025-11-27 00:31:43.650956: I external/local_tsl/tsl/framework/bfc_allocator.cc:1068]   Size: 297.07MiB | Requested Size: 172.27MiB | in_use: 0 | bin_num: 20, prev:   Size: 2.0KiB | Requested Size: 1.9KiB | in_use: 1 | bin_num: -1, next:   Size: 2.8KiB | Requested Size: 2.6KiB | in_use: 1 | bin_num: -1
2025-11-27 00:31:43.650962: I external/local_tsl/tsl/framework/bfc_allocator.cc:1068]   Size: 297.07MiB | Requested Size: 172.27MiB | in_use: 0 | bin_num: 20, prev:   Size: 512B | Requested Size: 448B | in_use: 1 | bin_num: -1, next:   Size: 4.5KiB | Requested Size: 2.6KiB | in_use: 1 | bin_num: -1
2025-11-27 00:31:43.650968: I external/local_tsl/tsl/framework/bfc_allocator.cc:1068]   Size: 317.69MiB | Requested Size: 172.27MiB | in_use: 0 | bin_num: 20, prev:   Size: 4.5KiB | Requested Size: 4.5KiB | in_use: 1 | bin_num: -1, next:   Size: 4.5KiB | Requested Size: 4.5KiB | in_use: 1 | bin_num: -1
2025-11-27 00:31:43.650974: I external/local_tsl/tsl/framework/bfc_allocator.cc:1068]   Size: 353.29MiB | Requested Size: 172.27MiB | in_use: 0 | bin_num: 20, prev:   Size: 8.2KiB | Requested Size: 4.5KiB | in_use: 1 | bin_num: -1, next:   Size: 2.0KiB | Requested Size: 1.9KiB | in_use: 1 | bin_num: -1
2025-11-27 00:31:43.650980: I external/local_tsl/tsl/framework/bfc_allocator.cc:1068]   Size: 369.00MiB | Requested Size: 172.27MiB | in_use: 0 | bin_num: 20, prev:   Size: 2.8KiB | Requested Size: 2.6KiB | in_use: 1 | bin_num: -1, next:   Size: 768B | Requested Size: 768B | in_use: 1 | bin_num: -1
2025-11-27 00:31:43.650986: I external/local_tsl/tsl/framework/bfc_allocator.cc:1068]   Size: 384.42MiB | Requested Size: 28.71MiB | in_use: 0 | bin_num: 20, prev:   Size: 2.0KiB | Requested Size: 1.9KiB | in_use: 1 | bin_num: -1, next:   Size: 2.8KiB | Requested Size: 2.6KiB | in_use: 1 | bin_num: -1
2025-11-27 00:31:43.650992: I external/local_tsl/tsl/framework/bfc_allocator.cc:1068]   Size: 399.96MiB | Requested Size: 172.27MiB | in_use: 0 | bin_num: 20, prev:   Size: 1.2KiB | Requested Size: 1.2KiB | in_use: 1 | bin_num: -1, next:   Size: 5.0KiB | Requested Size: 4.5KiB | in_use: 1 | bin_num: -1
2025-11-27 00:31:43.650999: I external/local_tsl/tsl/framework/bfc_allocator.cc:1068]   Size: 408.36MiB | Requested Size: 459.38MiB | in_use: 0 | bin_num: 20, prev:   Size: 459.38MiB | Requested Size: 459.38MiB | in_use: 1 | bin_num: -1, next:   Size: 2.0KiB | Requested Size: 1.9KiB | in_use: 1 | bin_num: -1
2025-11-27 00:31:43.651005: I external/local_tsl/tsl/framework/bfc_allocator.cc:1068]   Size: 422.48MiB | Requested Size: 191.22MiB | in_use: 0 | bin_num: 20, prev:   Size: 4.5KiB | Requested Size: 2.6KiB | in_use: 1 | bin_num: -1, next:   Size: 2.0KiB | Requested Size: 1.9KiB | in_use: 1 | bin_num: -1
2025-11-27 00:31:43.651011: I external/local_tsl/tsl/framework/bfc_allocator.cc:1068]   Size: 445.66MiB | Requested Size: 114.84MiB | in_use: 0 | bin_num: 20, prev:   Size: 459.38MiB | Requested Size: 459.38MiB | in_use: 1 | bin_num: -1, next:   Size: 1.2KiB | Requested Size: 1.2KiB | in_use: 1 | bin_num: -1
2025-11-27 00:31:43.651015: I external/local_tsl/tsl/framework/bfc_allocator.cc:1075] Next region of size 10808393728
2025-11-27 00:31:43.651020: I external/local_tsl/tsl/framework/bfc_allocator.cc:1095] InUse at 7f2e92000000 of size 256 next 1
2025-11-27 00:31:43.651024: I external/local_tsl/tsl/framework/bfc_allocator.cc:1095] InUse at 7f2e92000100 of size 1280 next 2
2025-11-27 00:31:43.651028: I external/local_tsl/tsl/framework/bfc_allocator.cc:1095] InUse at 7f2e92000600 of size 256 next 3
2025-11-27 00:31:43.651032: I external/local_tsl/tsl/framework/bfc_allocator.cc:1095] InUse at 7f2e92000700 of size 8000000 next 4
2025-11-27 00:31:43.651036: I external/local_tsl/tsl/framework/bfc_allocator.cc:1095] InUse at 7f2e927a1900 of size 256 next 5
2025-11-27 00:31:43.651040: I external/local_tsl/tsl/framework/bfc_allocator.cc:1095] InUse at 7f2e927a1a00 of size 256 next 6
2025-11-27 00:31:43.651044: I external/local_tsl/tsl/framework/bfc_allocator.cc:1095] InUse at 7f2e927a1b00 of size 256 next 7
2025-11-27 00:31:43.651047: I external/local_tsl/tsl/framework/bfc_allocator.cc:1095] InUse at 7f2e927a1c00 of size 256 next 8
2025-11-27 00:31:43.651051: I external/local_tsl/tsl/framework/bfc_allocator.cc:1095] InUse at 7f2e927a1d00 of size 256 next 9
2025-11-27 00:31:43.651055: I external/local_tsl/tsl/framework/bfc_allocator.cc:1095] InUse at 7f2e927a1e00 of size 256 next 10
2025-11-27 00:31:43.651058: I external/local_tsl/tsl/framework/bfc_allocator.cc:1095] InUse at 7f2e927a1f00 of size 256 next 11
2025-11-27 00:31:43.651062: I external/local_tsl/tsl/framework/bfc_allocator.cc:1095] InUse at 7f2e927a2000 of size 256 next 12
2025-11-27 00:31:43.651066: I external/local_tsl/tsl/framework/bfc_allocator.cc:1095] InUse at 7f2e927a2100 of size 256 next 13
2025-11-27 00:31:43.651070: I external/local_tsl/tsl/framework/bfc_allocator.cc:1095] InUse at 7f2e927a2200 of size 256 next 14
2025-11-27 00:31:43.651073: I external/local_tsl/tsl/framework/bfc_allocator.cc:1095] InUse at 7f2e927a2300 of size 256 next 15
2025-11-27 00:31:43.651077: I external/local_tsl/tsl/framework/bfc_allocator.cc:1095] InUse at 7f2e927a2400 of size 256 next 16
2025-11-27 00:31:43.651081: I external/local_tsl/tsl/framework/bfc_allocator.cc:1095] InUse at 7f2e927a2500 of size 3584 next 18
2025-11-27 00:31:43.651085: I external/local_tsl/tsl/framework/bfc_allocator.cc:1095] InUse at 7f2e927a3300 of size 256 next 20
2025-11-27 00:31:43.651088: I external/local_tsl/tsl/framework/bfc_allocator.cc:1095] InUse at 7f2e927a3400 of size 256 next 21
2025-11-27 00:31:43.651092: I external/local_tsl/tsl/framework/bfc_allocator.cc:1095] InUse at 7f2e927a3500 of size 256 next 19
2025-11-27 00:31:43.651096: I external/local_tsl/tsl/framework/bfc_allocator.cc:1095] InUse at 7f2e927a3600 of size 256 next 252
2025-11-27 00:31:43.651100: I external/local_tsl/tsl/framework/bfc_allocator.cc:1095] InUse at 7f2e927a3700 of size 256 next 22
2025-11-27 00:31:43.651103: I external/local_tsl/tsl/framework/bfc_allocator.cc:1095] InUse at 7f2e927a3800 of size 1280 next 24
2025-11-27 00:31:43.651107: I external/local_tsl/tsl/framework/bfc_allocator.cc:1095] InUse at 7f2e927a3d00 of size 256 next 26
2025-11-27 00:31:43.651111: I external/local_tsl/tsl/framework/bfc_allocator.cc:1095] InUse at 7f2e927a3e00 of size 256 next 27
2025-11-27 00:31:43.651114: I external/local_tsl/tsl/framework/bfc_allocator.cc:1095] InUse at 7f2e927a3f00 of size 256 next 25
2025-11-27 00:31:43.651118: I external/local_tsl/tsl/framework/bfc_allocator.cc:1095] InUse at 7f2e927a4000 of size 256 next 1223
2025-11-27 00:31:43.651122: I external/local_tsl/tsl/framework/bfc_allocator.cc:1095] InUse at 7f2e927a4100 of size 256 next 28
2025-11-27 00:31:43.651126: I external/local_tsl/tsl/framework/bfc_allocator.cc:1095] InUse at 7f2e927a4200 of size 1024 next 30
2025-11-27 00:31:43.651129: I external/local_tsl/tsl/framework/bfc_allocator.cc:1095] InUse at 7f2e927a4600 of size 256 next 32
2025-11-27 00:31:43.651133: I external/local_tsl/tsl/framework/bfc_allocator.cc:1095] InUse at 7f2e927a4700 of size 256 next 33
2025-11-27 00:31:43.651137: I external/local_tsl/tsl/framework/bfc_allocator.cc:1095] InUse at 7f2e927a4800 of size 1024 next 29
2025-11-27 00:31:43.651140: I external/local_tsl/tsl/framework/bfc_allocator.cc:1095] InUse at 7f2e927a4c00 of size 256 next 35
2025-11-27 00:31:43.651144: I external/local_tsl/tsl/framework/bfc_allocator.cc:1095] InUse at 7f2e927a4d00 of size 256 next 36
2025-11-27 00:31:43.651148: I external/local_tsl/tsl/framework/bfc_allocator.cc:1095] InUse at 7f2e927a4e00 of size 2048 next 31
2025-11-27 00:31:43.651152: I external/local_tsl/tsl/framework/bfc_allocator.cc:1095] InUse at 7f2e927a5600 of size 256 next 38
2025-11-27 00:31:43.651156: I external/local_tsl/tsl/framework/bfc_allocator.cc:1095] InUse at 7f2e927a5700 of size 256 next 39
2025-11-27 00:31:43.651160: I external/local_tsl/tsl/framework/bfc_allocator.cc:1095] InUse at 7f2e927a5800 of size 256 next 37
2025-11-27 00:31:43.651163: I external/local_tsl/tsl/framework/bfc_allocator.cc:1095] InUse at 7f2e927a5900 of size 256 next 516
2025-11-27 00:31:43.651167: I external/local_tsl/tsl/framework/bfc_allocator.cc:1095] InUse at 7f2e927a5a00 of size 256 next 40
2025-11-27 00:31:43.651171: I external/local_tsl/tsl/framework/bfc_allocator.cc:1095] InUse at 7f2e927a5b00 of size 6144 next 42
2025-11-27 00:31:43.651175: I external/local_tsl/tsl/framework/bfc_allocator.cc:1095] InUse at 7f2e927a7300 of size 256 next 52
2025-11-27 00:31:43.651179: I external/local_tsl/tsl/framework/bfc_allocator.cc:1095] InUse at 7f2e927a7400 of size 256 next 44
2025-11-27 00:31:43.651183: I external/local_tsl/tsl/framework/bfc_allocator.cc:1095] InUse at 7f2e927a7500 of size 512 next 45
2025-11-27 00:31:43.651186: I external/local_tsl/tsl/framework/bfc_allocator.cc:1095] InUse at 7f2e927a7700 of size 512 next 43
2025-11-27 00:31:43.651190: I external/local_tsl/tsl/framework/bfc_allocator.cc:1095] InUse at 7f2e927a7900 of size 256 next 17
2025-11-27 00:31:43.651194: I external/local_tsl/tsl/framework/bfc_allocator.cc:1095] InUse at 7f2e927a7a00 of size 256 next 452
2025-11-27 00:31:43.651198: I external/local_tsl/tsl/framework/bfc_allocator.cc:1095] InUse at 7f2e927a7b00 of size 256 next 497
2025-11-27 00:31:43.651201: I external/local_tsl/tsl/framework/bfc_allocator.cc:1095] InUse at 7f2e927a7c00 of size 256 next 46
2025-11-27 00:31:43.651205: I external/local_tsl/tsl/framework/bfc_allocator.cc:1095] InUse at 7f2e927a7d00 of size 3584 next 48
2025-11-27 00:31:43.651209: I external/local_tsl/tsl/framework/bfc_allocator.cc:1095] InUse at 7f2e927a8b00 of size 512 next 49
2025-11-27 00:31:43.651213: I external/local_tsl/tsl/framework/bfc_allocator.cc:1095] InUse at 7f2e927a8d00 of size 512 next 50
2025-11-27 00:31:43.651217: I external/local_tsl/tsl/framework/bfc_allocator.cc:1095] InUse at 7f2e927a8f00 of size 256 next 955
2025-11-27 00:31:43.651220: I external/local_tsl/tsl/framework/bfc_allocator.cc:1095] InUse at 7f2e927a9000 of size 256 next 935
2025-11-27 00:31:43.651224: I external/local_tsl/tsl/framework/bfc_allocator.cc:1095] InUse at 7f2e927a9100 of size 256 next 379
2025-11-27 00:31:43.651228: I external/local_tsl/tsl/framework/bfc_allocator.cc:1095] InUse at 7f2e927a9200 of size 256 next 51
2025-11-27 00:31:43.651231: I external/local_tsl/tsl/framework/bfc_allocator.cc:1095] InUse at 7f2e927a9300 of size 1536 next 53
2025-11-27 00:31:43.651235: I external/local_tsl/tsl/framework/bfc_allocator.cc:1095] InUse at 7f2e927a9900 of size 256 next 55
2025-11-27 00:31:43.651239: I external/local_tsl/tsl/framework/bfc_allocator.cc:1095] InUse at 7f2e927a9a00 of size 1536 next 56
2025-11-27 00:31:43.651243: I external/local_tsl/tsl/framework/bfc_allocator.cc:1095] InUse at 7f2e927aa000 of size 256 next 60
2025-11-27 00:31:43.651247: I external/local_tsl/tsl/framework/bfc_allocator.cc:1095] InUse at 7f2e927aa100 of size 256 next 57
2025-11-27 00:31:43.651251: I external/local_tsl/tsl/framework/bfc_allocator.cc:1095] InUse at 7f2e927aa200 of size 512 next 58
2025-11-27 00:31:43.651255: I external/local_tsl/tsl/framework/bfc_allocator.cc:1095] InUse at 7f2e927aa400 of size 9216 next 59
2025-11-27 00:31:43.651258: I external/local_tsl/tsl/framework/bfc_allocator.cc:1095] InUse at 7f2e927ac800 of size 256 next 61
2025-11-27 00:31:43.651262: I external/local_tsl/tsl/framework/bfc_allocator.cc:1095] InUse at 7f2e927ac900 of size 256 next 521
2025-11-27 00:31:43.651266: I external/local_tsl/tsl/framework/bfc_allocator.cc:1095] InUse at 7f2e927aca00 of size 256 next 62
2025-11-27 00:31:43.651270: I external/local_tsl/tsl/framework/bfc_allocator.cc:1095] InUse at 7f2e927acb00 of size 13824 next 64
2025-11-27 00:31:43.651274: I external/local_tsl/tsl/framework/bfc_allocator.cc:1095] InUse at 7f2e927b0100 of size 256 next 74
2025-11-27 00:31:43.651277: I external/local_tsl/tsl/framework/bfc_allocator.cc:1095] InUse at 7f2e927b0200 of size 256 next 77
2025-11-27 00:31:43.651281: I external/local_tsl/tsl/framework/bfc_allocator.cc:1095] InUse at 7f2e927b0300 of size 256 next 66
2025-11-27 00:31:43.651285: I external/local_tsl/tsl/framework/bfc_allocator.cc:1095] InUse at 7f2e927b0400 of size 768 next 67
2025-11-27 00:31:43.651289: I external/local_tsl/tsl/framework/bfc_allocator.cc:1095] InUse at 7f2e927b0700 of size 768 next 65
2025-11-27 00:31:43.651292: I external/local_tsl/tsl/framework/bfc_allocator.cc:1095] InUse at 7f2e927b0a00 of size 256 next 959
2025-11-27 00:31:43.651296: I external/local_tsl/tsl/framework/bfc_allocator.cc:1095] InUse at 7f2e927b0b00 of size 1024 next 557
2025-11-27 00:31:43.651300: I external/local_tsl/tsl/framework/bfc_allocator.cc:1095] InUse at 7f2e927b0f00 of size 256 next 68
2025-11-27 00:31:43.651304: I external/local_tsl/tsl/framework/bfc_allocator.cc:1095] InUse at 7f2e927b1000 of size 5376 next 71
2025-11-27 00:31:43.651308: I external/local_tsl/tsl/framework/bfc_allocator.cc:1095] InUse at 7f2e927b2500 of size 768 next 72
2025-11-27 00:31:43.651311: I external/local_tsl/tsl/framework/bfc_allocator.cc:1095] InUse at 7f2e927b2800 of size 768 next 73
2025-11-27 00:31:43.651315: I external/local_tsl/tsl/framework/bfc_allocator.cc:1095] InUse at 7f2e927b2b00 of size 256 next 969
2025-11-27 00:31:43.651319: I external/local_tsl/tsl/framework/bfc_allocator.cc:1095] InUse at 7f2e927b2c00 of size 256 next 582
2025-11-27 00:31:43.651322: I external/local_tsl/tsl/framework/bfc_allocator.cc:1095] InUse at 7f2e927b2d00 of size 256 next 555
2025-11-27 00:31:43.651326: I external/local_tsl/tsl/framework/bfc_allocator.cc:1095] InUse at 7f2e927b2e00 of size 256 next 1212
2025-11-27 00:31:43.651330: I external/local_tsl/tsl/framework/bfc_allocator.cc:1095] InUse at 7f2e927b2f00 of size 256 next 559
2025-11-27 00:31:43.651334: I external/local_tsl/tsl/framework/bfc_allocator.cc:1095] InUse at 7f2e927b3000 of size 256 next 70
2025-11-27 00:31:43.651337: I external/local_tsl/tsl/framework/bfc_allocator.cc:1095] InUse at 7f2e927b3100 of size 3584 next 76
2025-11-27 00:31:43.651341: I external/local_tsl/tsl/framework/bfc_allocator.cc:1095] InUse at 7f2e927b3f00 of size 3584 next 78
2025-11-27 00:31:43.651345: I external/local_tsl/tsl/framework/bfc_allocator.cc:1095] InUse at 7f2e927b4d00 of size 256 next 82
2025-11-27 00:31:43.651349: I external/local_tsl/tsl/framework/bfc_allocator.cc:1095] InUse at 7f2e927b4e00 of size 256 next 83
2025-11-27 00:31:43.651352: I external/local_tsl/tsl/framework/bfc_allocator.cc:1095] InUse at 7f2e927b4f00 of size 256 next 79
2025-11-27 00:31:43.651356: I external/local_tsl/tsl/framework/bfc_allocator.cc:1095] InUse at 7f2e927b5000 of size 768 next 80
2025-11-27 00:31:43.651360: I external/local_tsl/tsl/framework/bfc_allocator.cc:1095] InUse at 7f2e927b5300 of size 13824 next 81
2025-11-27 00:31:43.651364: I external/local_tsl/tsl/framework/bfc_allocator.cc:1095] InUse at 7f2e927b8900 of size 256 next 75
2025-11-27 00:31:43.651367: I external/local_tsl/tsl/framework/bfc_allocator.cc:1095] InUse at 7f2e927b8a00 of size 13824 next 84
2025-11-27 00:31:43.651371: I external/local_tsl/tsl/framework/bfc_allocator.cc:1095] InUse at 7f2e927bc000 of size 256 next 98
2025-11-27 00:31:43.651375: I external/local_tsl/tsl/framework/bfc_allocator.cc:1095] InUse at 7f2e927bc100 of size 256 next 99
2025-11-27 00:31:43.651378: I external/local_tsl/tsl/framework/bfc_allocator.cc:1095] InUse at 7f2e927bc200 of size 256 next 86
2025-11-27 00:31:43.651382: I external/local_tsl/tsl/framework/bfc_allocator.cc:1095] InUse at 7f2e927bc300 of size 768 next 87
2025-11-27 00:31:43.651386: I external/local_tsl/tsl/framework/bfc_allocator.cc:1095] InUse at 7f2e927bc600 of size 768 next 85
2025-11-27 00:31:43.651390: I external/local_tsl/tsl/framework/bfc_allocator.cc:1095] InUse at 7f2e927bc900 of size 256 next 1096
2025-11-27 00:31:43.651393: I external/local_tsl/tsl/framework/bfc_allocator.cc:1095] InUse at 7f2e927bca00 of size 256 next 547
2025-11-27 00:31:43.651397: I external/local_tsl/tsl/framework/bfc_allocator.cc:1095] InUse at 7f2e927bcb00 of size 256 next 940
2025-11-27 00:31:43.651401: I external/local_tsl/tsl/framework/bfc_allocator.cc:1095] InUse at 7f2e927bcc00 of size 256 next 1267
2025-11-27 00:31:43.651405: I external/local_tsl/tsl/framework/bfc_allocator.cc:1095] InUse at 7f2e927bcd00 of size 256 next 1181
2025-11-27 00:31:43.651408: I external/local_tsl/tsl/framework/bfc_allocator.cc:1095] InUse at 7f2e927bce00 of size 256 next 89
2025-11-27 00:31:43.651413: I external/local_tsl/tsl/framework/bfc_allocator.cc:1095] InUse at 7f2e927bcf00 of size 14592 next 92
2025-11-27 00:31:43.651417: I external/local_tsl/tsl/framework/bfc_allocator.cc:1095] InUse at 7f2e927c0800 of size 768 next 93
2025-11-27 00:31:43.651420: I external/local_tsl/tsl/framework/bfc_allocator.cc:1095] InUse at 7f2e927c0b00 of size 768 next 94
2025-11-27 00:31:43.651424: I external/local_tsl/tsl/framework/bfc_allocator.cc:1095] InUse at 7f2e927c0e00 of size 256 next 475
2025-11-27 00:31:43.651428: I external/local_tsl/tsl/framework/bfc_allocator.cc:1095] InUse at 7f2e927c0f00 of size 256 next 274
2025-11-27 00:31:43.651432: I external/local_tsl/tsl/framework/bfc_allocator.cc:1095] InUse at 7f2e927c1000 of size 256 next 1198
2025-11-27 00:31:43.651435: I external/local_tsl/tsl/framework/bfc_allocator.cc:1095] InUse at 7f2e927c1100 of size 256 next 1293
2025-11-27 00:31:43.651439: I external/local_tsl/tsl/framework/bfc_allocator.cc:1095] InUse at 7f2e927c1200 of size 256 next 991
2025-11-27 00:31:43.651443: I external/local_tsl/tsl/framework/bfc_allocator.cc:1095] InUse at 7f2e927c1300 of size 256 next 91
2025-11-27 00:31:43.651447: I external/local_tsl/tsl/framework/bfc_allocator.cc:1095] InUse at 7f2e927c1400 of size 3584 next 97
2025-11-27 00:31:43.651451: I external/local_tsl/tsl/framework/bfc_allocator.cc:1095] InUse at 7f2e927c2200 of size 3584 next 95
2025-11-27 00:31:43.651454: I external/local_tsl/tsl/framework/bfc_allocator.cc:1095] InUse at 7f2e927c3000 of size 256 next 103
2025-11-27 00:31:43.651458: I external/local_tsl/tsl/framework/bfc_allocator.cc:1095] InUse at 7f2e927c3100 of size 256 next 104
2025-11-27 00:31:43.651462: I external/local_tsl/tsl/framework/bfc_allocator.cc:1095] InUse at 7f2e927c3200 of size 256 next 96
2025-11-27 00:31:43.651466: I external/local_tsl/tsl/framework/bfc_allocator.cc:1095] InUse at 7f2e927c3300 of size 768 next 100
2025-11-27 00:31:43.651470: I external/local_tsl/tsl/framework/bfc_allocator.cc:1095] InUse at 7f2e927c3600 of size 23040 next 102
2025-11-27 00:31:43.651473: I external/local_tsl/tsl/framework/bfc_allocator.cc:1095] InUse at 7f2e927c9000 of size 256 next 101
2025-11-27 00:31:43.651477: I external/local_tsl/tsl/framework/bfc_allocator.cc:1095] InUse at 7f2e927c9100 of size 38400 next 106
2025-11-27 00:31:43.651481: I external/local_tsl/tsl/framework/bfc_allocator.cc:1095] InUse at 7f2e927d2700 of size 256 next 116
2025-11-27 00:31:43.651485: I external/local_tsl/tsl/framework/bfc_allocator.cc:1095] InUse at 7f2e927d2800 of size 256 next 120
2025-11-27 00:31:43.651488: I external/local_tsl/tsl/framework/bfc_allocator.cc:1095] InUse at 7f2e927d2900 of size 256 next 121
2025-11-27 00:31:43.651492: I external/local_tsl/tsl/framework/bfc_allocator.cc:1095] InUse at 7f2e927d2a00 of size 256 next 108
2025-11-27 00:31:43.651496: I external/local_tsl/tsl/framework/bfc_allocator.cc:1095] InUse at 7f2e927d2b00 of size 1024 next 109
2025-11-27 00:31:43.651500: I external/local_tsl/tsl/framework/bfc_allocator.cc:1095] InUse at 7f2e927d2f00 of size 1024 next 107
2025-11-27 00:31:43.651503: I external/local_tsl/tsl/framework/bfc_allocator.cc:1095] InUse at 7f2e927d3300 of size 256 next 1213
2025-11-27 00:31:43.651507: I external/local_tsl/tsl/framework/bfc_allocator.cc:1095] InUse at 7f2e927d3400 of size 256 next 1078
2025-11-27 00:31:43.651511: I external/local_tsl/tsl/framework/bfc_allocator.cc:1095] InUse at 7f2e927d3500 of size 256 next 1239
2025-11-27 00:31:43.651515: I external/local_tsl/tsl/framework/bfc_allocator.cc:1095] InUse at 7f2e927d3600 of size 256 next 425
2025-11-27 00:31:43.651518: I external/local_tsl/tsl/framework/bfc_allocator.cc:1095] InUse at 7f2e927d3700 of size 256 next 1119
2025-11-27 00:31:43.651522: I external/local_tsl/tsl/framework/bfc_allocator.cc:1095] InUse at 7f2e927d3800 of size 256 next 508
2025-11-27 00:31:43.651526: I external/local_tsl/tsl/framework/bfc_allocator.cc:1095] InUse at 7f2e927d3900 of size 256 next 984
2025-11-27 00:31:43.651530: I external/local_tsl/tsl/framework/bfc_allocator.cc:1095] InUse at 7f2e927d3a00 of size 256 next 110
2025-11-27 00:31:43.651533: I external/local_tsl/tsl/framework/bfc_allocator.cc:1095] InUse at 7f2e927d3b00 of size 24064 next 113
2025-11-27 00:31:43.651537: I external/local_tsl/tsl/framework/bfc_allocator.cc:1095] InUse at 7f2e927d9900 of size 1024 next 114
2025-11-27 00:31:43.651541: I external/local_tsl/tsl/framework/bfc_allocator.cc:1095] InUse at 7f2e927d9d00 of size 1024 next 115
2025-11-27 00:31:43.651545: I external/local_tsl/tsl/framework/bfc_allocator.cc:1095] InUse at 7f2e927da100 of size 256 next 1132
2025-11-27 00:31:43.651548: I external/local_tsl/tsl/framework/bfc_allocator.cc:1095] InUse at 7f2e927da200 of size 256 next 1331
2025-11-27 00:31:43.651552: I external/local_tsl/tsl/framework/bfc_allocator.cc:1095] InUse at 7f2e927da300 of size 256 next 1277
2025-11-27 00:31:43.651556: I external/local_tsl/tsl/framework/bfc_allocator.cc:1095] InUse at 7f2e927da400 of size 256 next 931
2025-11-27 00:31:43.651560: I external/local_tsl/tsl/framework/bfc_allocator.cc:1095] InUse at 7f2e927da500 of size 256 next 307
2025-11-27 00:31:43.651563: I external/local_tsl/tsl/framework/bfc_allocator.cc:1095] InUse at 7f2e927da600 of size 256 next 1100
2025-11-27 00:31:43.651567: I external/local_tsl/tsl/framework/bfc_allocator.cc:1095] InUse at 7f2e927da700 of size 256 next 1097
2025-11-27 00:31:43.651571: I external/local_tsl/tsl/framework/bfc_allocator.cc:1095] InUse at 7f2e927da800 of size 256 next 112
2025-11-27 00:31:43.651575: I external/local_tsl/tsl/framework/bfc_allocator.cc:1095] InUse at 7f2e927da900 of size 9728 next 119
2025-11-27 00:31:43.651578: I external/local_tsl/tsl/framework/bfc_allocator.cc:1095] InUse at 7f2e927dcf00 of size 9728 next 117
2025-11-27 00:31:43.651582: I external/local_tsl/tsl/framework/bfc_allocator.cc:1095] InUse at 7f2e927df500 of size 256 next 124
2025-11-27 00:31:43.651586: I external/local_tsl/tsl/framework/bfc_allocator.cc:1095] InUse at 7f2e927df600 of size 256 next 524
2025-11-27 00:31:43.651590: I external/local_tsl/tsl/framework/bfc_allocator.cc:1095] InUse at 7f2e927df700 of size 256 next 126
2025-11-27 00:31:43.651593: I external/local_tsl/tsl/framework/bfc_allocator.cc:1095] InUse at 7f2e927df800 of size 256 next 118
2025-11-27 00:31:43.651597: I external/local_tsl/tsl/framework/bfc_allocator.cc:1095] InUse at 7f2e927df900 of size 1024 next 122
2025-11-27 00:31:43.651601: I external/local_tsl/tsl/framework/bfc_allocator.cc:1095] InUse at 7f2e927dfd00 of size 38400 next 123
2025-11-27 00:31:43.651604: I external/local_tsl/tsl/framework/bfc_allocator.cc:1095] InUse at 7f2e927e9300 of size 38400 next 127
2025-11-27 00:31:43.651608: I external/local_tsl/tsl/framework/bfc_allocator.cc:1095] InUse at 7f2e927f2900 of size 256 next 146
2025-11-27 00:31:43.651612: I external/local_tsl/tsl/framework/bfc_allocator.cc:1095] InUse at 7f2e927f2a00 of size 256 next 144
2025-11-27 00:31:43.651616: I external/local_tsl/tsl/framework/bfc_allocator.cc:1095] InUse at 7f2e927f2b00 of size 512 next 128
2025-11-27 00:31:43.651620: I external/local_tsl/tsl/framework/bfc_allocator.cc:1095] InUse at 7f2e927f2d00 of size 1024 next 129
2025-11-27 00:31:43.651624: I external/local_tsl/tsl/framework/bfc_allocator.cc:1095] InUse at 7f2e927f3100 of size 1024 next 130
2025-11-27 00:31:43.651628: I external/local_tsl/tsl/framework/bfc_allocator.cc:1095] InUse at 7f2e927f3500 of size 256 next 105
2025-11-27 00:31:43.651632: I external/local_tsl/tsl/framework/bfc_allocator.cc:1095] InUse at 7f2e927f3600 of size 256 next 1139
2025-11-27 00:31:43.651635: I external/local_tsl/tsl/framework/bfc_allocator.cc:1095] InUse at 7f2e927f3700 of size 256 next 531
2025-11-27 00:31:43.651639: I external/local_tsl/tsl/framework/bfc_allocator.cc:1095] InUse at 7f2e927f3800 of size 256 next 485
2025-11-27 00:31:43.651643: I external/local_tsl/tsl/framework/bfc_allocator.cc:1095] InUse at 7f2e927f3900 of size 256 next 1020
2025-11-27 00:31:43.651647: I external/local_tsl/tsl/framework/bfc_allocator.cc:1095] InUse at 7f2e927f3a00 of size 256 next 926
2025-11-27 00:31:43.651650: I external/local_tsl/tsl/framework/bfc_allocator.cc:1095] InUse at 7f2e927f3b00 of size 256 next 1006
2025-11-27 00:31:43.651654: I external/local_tsl/tsl/framework/bfc_allocator.cc:1095] InUse at 7f2e927f3c00 of size 256 next 132
2025-11-27 00:31:43.651658: I external/local_tsl/tsl/framework/bfc_allocator.cc:1095] InUse at 7f2e927f3d00 of size 8704 next 133
2025-11-27 00:31:43.651662: I external/local_tsl/tsl/framework/bfc_allocator.cc:1095] InUse at 7f2e927f5f00 of size 1024 next 134
2025-11-27 00:31:43.651665: I external/local_tsl/tsl/framework/bfc_allocator.cc:1095] InUse at 7f2e927f6300 of size 1024 next 135
2025-11-27 00:31:43.651669: I external/local_tsl/tsl/framework/bfc_allocator.cc:1095] InUse at 7f2e927f6700 of size 256 next 1196
2025-11-27 00:31:43.651673: I external/local_tsl/tsl/framework/bfc_allocator.cc:1095] InUse at 7f2e927f6800 of size 1792 next 137
2025-11-27 00:31:43.651677: I external/local_tsl/tsl/framework/bfc_allocator.cc:1095] InUse at 7f2e927f6f00 of size 9728 next 138
2025-11-27 00:31:43.651680: I external/local_tsl/tsl/framework/bfc_allocator.cc:1095] InUse at 7f2e927f9500 of size 9728 next 140
2025-11-27 00:31:43.651684: I external/local_tsl/tsl/framework/bfc_allocator.cc:1095] InUse at 7f2e927fbb00 of size 1024 next 141
2025-11-27 00:31:43.651688: I external/local_tsl/tsl/framework/bfc_allocator.cc:1095] InUse at 7f2e927fbf00 of size 76800 next 143
2025-11-27 00:31:43.651692: I external/local_tsl/tsl/framework/bfc_allocator.cc:1095] InUse at 7f2e9280eb00 of size 512 next 145
2025-11-27 00:31:43.651696: I external/local_tsl/tsl/framework/bfc_allocator.cc:1095] InUse at 7f2e9280ed00 of size 256 next 1220
2025-11-27 00:31:43.651699: I external/local_tsl/tsl/framework/bfc_allocator.cc:1095] InUse at 7f2e9280ee00 of size 256 next 88
2025-11-27 00:31:43.651703: I external/local_tsl/tsl/framework/bfc_allocator.cc:1095] InUse at 7f2e9280ef00 of size 256 next 1082
2025-11-27 00:31:43.651707: I external/local_tsl/tsl/framework/bfc_allocator.cc:1095] InUse at 7f2e9280f000 of size 256 next 139
2025-11-27 00:31:43.651711: I external/local_tsl/tsl/framework/bfc_allocator.cc:1095] InUse at 7f2e9280f100 of size 153600 next 147
2025-11-27 00:31:43.651714: I external/local_tsl/tsl/framework/bfc_allocator.cc:1095] InUse at 7f2e92834900 of size 256 next 161
2025-11-27 00:31:43.651718: I external/local_tsl/tsl/framework/bfc_allocator.cc:1095] InUse at 7f2e92834a00 of size 256 next 162
2025-11-27 00:31:43.651722: I external/local_tsl/tsl/framework/bfc_allocator.cc:1095] InUse at 7f2e92834b00 of size 256 next 182
2025-11-27 00:31:43.651726: I external/local_tsl/tsl/framework/bfc_allocator.cc:1095] InUse at 7f2e92834c00 of size 256 next 166
2025-11-27 00:31:43.651730: I external/local_tsl/tsl/framework/bfc_allocator.cc:1095] InUse at 7f2e92834d00 of size 512 next 167
2025-11-27 00:31:43.651733: I external/local_tsl/tsl/framework/bfc_allocator.cc:1095] InUse at 7f2e92834f00 of size 512 next 149
2025-11-27 00:31:43.651737: I external/local_tsl/tsl/framework/bfc_allocator.cc:1095] InUse at 7f2e92835100 of size 2048 next 150
2025-11-27 00:31:43.651741: I external/local_tsl/tsl/framework/bfc_allocator.cc:1095] InUse at 7f2e92835900 of size 2048 next 148
2025-11-27 00:31:43.651744: I external/local_tsl/tsl/framework/bfc_allocator.cc:1095] InUse at 7f2e92836100 of size 256 next 1063
2025-11-27 00:31:43.651748: I external/local_tsl/tsl/framework/bfc_allocator.cc:1095] InUse at 7f2e92836200 of size 256 next 1367
2025-11-27 00:31:43.651752: I external/local_tsl/tsl/framework/bfc_allocator.cc:1095] InUse at 7f2e92836300 of size 256 next 1039
2025-11-27 00:31:43.651756: I external/local_tsl/tsl/framework/bfc_allocator.cc:1095] InUse at 7f2e92836400 of size 256 next 1169
2025-11-27 00:31:43.651759: I external/local_tsl/tsl/framework/bfc_allocator.cc:1095] InUse at 7f2e92836500 of size 256 next 967
2025-11-27 00:31:43.651763: I external/local_tsl/tsl/framework/bfc_allocator.cc:1095] InUse at 7f2e92836600 of size 256 next 1278
2025-11-27 00:31:43.651767: I external/local_tsl/tsl/framework/bfc_allocator.cc:1095] InUse at 7f2e92836700 of size 256 next 520
2025-11-27 00:31:43.651770: I external/local_tsl/tsl/framework/bfc_allocator.cc:1095] InUse at 7f2e92836800 of size 256 next 571
2025-11-27 00:31:43.651774: I external/local_tsl/tsl/framework/bfc_allocator.cc:1095] InUse at 7f2e92836900 of size 256 next 994
2025-11-27 00:31:43.651778: I external/local_tsl/tsl/framework/bfc_allocator.cc:1095] InUse at 7f2e92836a00 of size 256 next 453
2025-11-27 00:31:43.651782: I external/local_tsl/tsl/framework/bfc_allocator.cc:1095] InUse at 7f2e92836b00 of size 256 next 1202
2025-11-27 00:31:43.651785: I external/local_tsl/tsl/framework/bfc_allocator.cc:1095] InUse at 7f2e92836c00 of size 256 next 459
2025-11-27 00:31:43.651789: I external/local_tsl/tsl/framework/bfc_allocator.cc:1095] InUse at 7f2e92836d00 of size 256 next 1209
2025-11-27 00:31:43.651793: I external/local_tsl/tsl/framework/bfc_allocator.cc:1095] InUse at 7f2e92836e00 of size 256 next 272
2025-11-27 00:31:43.651796: I external/local_tsl/tsl/framework/bfc_allocator.cc:1095] InUse at 7f2e92836f00 of size 256 next 1224
2025-11-27 00:31:43.651800: I external/local_tsl/tsl/framework/bfc_allocator.cc:1095] InUse at 7f2e92837000 of size 256 next 152
2025-11-27 00:31:43.651804: I external/local_tsl/tsl/framework/bfc_allocator.cc:1095] InUse at 7f2e92837100 of size 17408 next 154
2025-11-27 00:31:43.651808: I external/local_tsl/tsl/framework/bfc_allocator.cc:1095] InUse at 7f2e9283b500 of size 2048 next 155
2025-11-27 00:31:43.651812: I external/local_tsl/tsl/framework/bfc_allocator.cc:1095] InUse at 7f2e9283bd00 of size 2048 next 156
2025-11-27 00:31:43.651815: I external/local_tsl/tsl/framework/bfc_allocator.cc:1095] InUse at 7f2e9283c500 of size 256 next 1393
2025-11-27 00:31:43.651819: I external/local_tsl/tsl/framework/bfc_allocator.cc:1095] InUse at 7f2e9283c600 of size 256 next 1031
2025-11-27 00:31:43.651823: I external/local_tsl/tsl/framework/bfc_allocator.cc:1095] InUse at 7f2e9283c700 of size 256 next 532
2025-11-27 00:31:43.651826: I external/local_tsl/tsl/framework/bfc_allocator.cc:1095] InUse at 7f2e9283c800 of size 256 next 548
2025-11-27 00:31:43.651830: I external/local_tsl/tsl/framework/bfc_allocator.cc:1095] InUse at 7f2e9283c900 of size 256 next 1099
2025-11-27 00:31:43.651834: I external/local_tsl/tsl/framework/bfc_allocator.cc:1095] InUse at 7f2e9283ca00 of size 256 next 1171
2025-11-27 00:31:43.651838: I external/local_tsl/tsl/framework/bfc_allocator.cc:1095] InUse at 7f2e9283cb00 of size 256 next 423
2025-11-27 00:31:43.651841: I external/local_tsl/tsl/framework/bfc_allocator.cc:1095] InUse at 7f2e9283cc00 of size 256 next 502
2025-11-27 00:31:43.651845: I external/local_tsl/tsl/framework/bfc_allocator.cc:1095] InUse at 7f2e9283cd00 of size 256 next 1282
2025-11-27 00:31:43.651849: I external/local_tsl/tsl/framework/bfc_allocator.cc:1095] InUse at 7f2e9283ce00 of size 1792 next 157
2025-11-27 00:31:43.651853: I external/local_tsl/tsl/framework/bfc_allocator.cc:1095] InUse at 7f2e9283d500 of size 38400 next 160
2025-11-27 00:31:43.651856: I external/local_tsl/tsl/framework/bfc_allocator.cc:1095] InUse at 7f2e92846b00 of size 38400 next 159
2025-11-27 00:31:43.651860: I external/local_tsl/tsl/framework/bfc_allocator.cc:1095] InUse at 7f2e92850100 of size 256 next 947
2025-11-27 00:31:43.651864: I external/local_tsl/tsl/framework/bfc_allocator.cc:1095] InUse at 7f2e92850200 of size 256 next 558
2025-11-27 00:31:43.651868: I external/local_tsl/tsl/framework/bfc_allocator.cc:1095] InUse at 7f2e92850300 of size 256 next 1155
2025-11-27 00:31:43.651871: I external/local_tsl/tsl/framework/bfc_allocator.cc:1095] InUse at 7f2e92850400 of size 256 next 168
2025-11-27 00:31:43.651875: I external/local_tsl/tsl/framework/bfc_allocator.cc:1095] InUse at 7f2e92850500 of size 256 next 207
2025-11-27 00:31:43.651879: I external/local_tsl/tsl/framework/bfc_allocator.cc:1095] InUse at 7f2e92850600 of size 256 next 185
2025-11-27 00:31:43.651882: I external/local_tsl/tsl/framework/bfc_allocator.cc:1095] InUse at 7f2e92850700 of size 512 next 163
2025-11-27 00:31:43.651886: I external/local_tsl/tsl/framework/bfc_allocator.cc:1095] InUse at 7f2e92850900 of size 2048 next 164
2025-11-27 00:31:43.651890: I external/local_tsl/tsl/framework/bfc_allocator.cc:1095] InUse at 7f2e92851100 of size 153600 next 165
2025-11-27 00:31:43.651894: I external/local_tsl/tsl/framework/bfc_allocator.cc:1095] InUse at 7f2e92876900 of size 153600 next 170
2025-11-27 00:31:43.651897: I external/local_tsl/tsl/framework/bfc_allocator.cc:1095] InUse at 7f2e9289c100 of size 512 next 186
2025-11-27 00:31:43.651901: I external/local_tsl/tsl/framework/bfc_allocator.cc:1095] InUse at 7f2e9289c300 of size 256 next 917
2025-11-27 00:31:43.651905: I external/local_tsl/tsl/framework/bfc_allocator.cc:1095] InUse at 7f2e9289c400 of size 256 next 1022
2025-11-27 00:31:43.651909: I external/local_tsl/tsl/framework/bfc_allocator.cc:1095] InUse at 7f2e9289c500 of size 256 next 1032
2025-11-27 00:31:43.651912: I external/local_tsl/tsl/framework/bfc_allocator.cc:1095] InUse at 7f2e9289c600 of size 256 next 188
2025-11-27 00:31:43.651916: I external/local_tsl/tsl/framework/bfc_allocator.cc:1095] InUse at 7f2e9289c700 of size 512 next 171
2025-11-27 00:31:43.651920: I external/local_tsl/tsl/framework/bfc_allocator.cc:1095] InUse at 7f2e9289c900 of size 2048 next 172
2025-11-27 00:31:43.651924: I external/local_tsl/tsl/framework/bfc_allocator.cc:1095] InUse at 7f2e9289d100 of size 2048 next 169
2025-11-27 00:31:43.651927: I external/local_tsl/tsl/framework/bfc_allocator.cc:1095] InUse at 7f2e9289d900 of size 256 next 1177
2025-11-27 00:31:43.651931: I external/local_tsl/tsl/framework/bfc_allocator.cc:1095] InUse at 7f2e9289da00 of size 256 next 263
2025-11-27 00:31:43.651935: I external/local_tsl/tsl/framework/bfc_allocator.cc:1095] InUse at 7f2e9289db00 of size 256 next 69
2025-11-27 00:31:43.651939: I external/local_tsl/tsl/framework/bfc_allocator.cc:1095] InUse at 7f2e9289dc00 of size 256 next 1185
2025-11-27 00:31:43.651943: I external/local_tsl/tsl/framework/bfc_allocator.cc:1095] InUse at 7f2e9289dd00 of size 256 next 1112
2025-11-27 00:31:43.651946: I external/local_tsl/tsl/framework/bfc_allocator.cc:1095] InUse at 7f2e9289de00 of size 256 next 410
2025-11-27 00:31:43.651965: I external/local_tsl/tsl/framework/bfc_allocator.cc:1095] InUse at 7f2e9289df00 of size 256 next 946
2025-11-27 00:31:43.651970: I external/local_tsl/tsl/framework/bfc_allocator.cc:1095] InUse at 7f2e9289e000 of size 256 next 1140
2025-11-27 00:31:43.651973: I external/local_tsl/tsl/framework/bfc_allocator.cc:1095] InUse at 7f2e9289e100 of size 256 next 429
2025-11-27 00:31:43.651977: I external/local_tsl/tsl/framework/bfc_allocator.cc:1095] InUse at 7f2e9289e200 of size 256 next 996
2025-11-27 00:31:43.651981: I external/local_tsl/tsl/framework/bfc_allocator.cc:1095] InUse at 7f2e9289e300 of size 256 next 1061
2025-11-27 00:31:43.651985: I external/local_tsl/tsl/framework/bfc_allocator.cc:1095] InUse at 7f2e9289e400 of size 256 next 1405
2025-11-27 00:31:43.651988: I external/local_tsl/tsl/framework/bfc_allocator.cc:1095] InUse at 7f2e9289e500 of size 256 next 1057
2025-11-27 00:31:43.651992: I external/local_tsl/tsl/framework/bfc_allocator.cc:1095] InUse at 7f2e9289e600 of size 256 next 1120
2025-11-27 00:31:43.651996: I external/local_tsl/tsl/framework/bfc_allocator.cc:1095] InUse at 7f2e9289e700 of size 256 next 1091
2025-11-27 00:31:43.652000: I external/local_tsl/tsl/framework/bfc_allocator.cc:1095] InUse at 7f2e9289e800 of size 256 next 174
2025-11-27 00:31:43.652003: I external/local_tsl/tsl/framework/bfc_allocator.cc:1095] InUse at 7f2e9289e900 of size 17408 next 176
2025-11-27 00:31:43.652007: I external/local_tsl/tsl/framework/bfc_allocator.cc:1095] InUse at 7f2e928a2d00 of size 2048 next 177
2025-11-27 00:31:43.652011: I external/local_tsl/tsl/framework/bfc_allocator.cc:1095] InUse at 7f2e928a3500 of size 2048 next 178
2025-11-27 00:31:43.652015: I external/local_tsl/tsl/framework/bfc_allocator.cc:1095] InUse at 7f2e928a3d00 of size 256 next 1288
2025-11-27 00:31:43.652018: I external/local_tsl/tsl/framework/bfc_allocator.cc:1095] InUse at 7f2e928a3e00 of size 256 next 1183
2025-11-27 00:31:43.652022: I external/local_tsl/tsl/framework/bfc_allocator.cc:1095] InUse at 7f2e928a3f00 of size 256 next 1150
2025-11-27 00:31:43.652026: I external/local_tsl/tsl/framework/bfc_allocator.cc:1095] InUse at 7f2e928a4000 of size 256 next 1017
2025-11-27 00:31:43.652030: I external/local_tsl/tsl/framework/bfc_allocator.cc:1095] InUse at 7f2e928a4100 of size 256 next 1297
2025-11-27 00:31:43.652033: I external/local_tsl/tsl/framework/bfc_allocator.cc:1095] InUse at 7f2e928a4200 of size 256 next 1046
2025-11-27 00:31:43.652037: I external/local_tsl/tsl/framework/bfc_allocator.cc:1095] InUse at 7f2e928a4300 of size 256 next 515
2025-11-27 00:31:43.652041: I external/local_tsl/tsl/framework/bfc_allocator.cc:1095] InUse at 7f2e928a4400 of size 256 next 294
2025-11-27 00:31:43.652045: I external/local_tsl/tsl/framework/bfc_allocator.cc:1095] InUse at 7f2e928a4500 of size 256 next 1133
2025-11-27 00:31:43.652048: I external/local_tsl/tsl/framework/bfc_allocator.cc:1095] InUse at 7f2e928a4600 of size 256 next 973
2025-11-27 00:31:43.652052: I external/local_tsl/tsl/framework/bfc_allocator.cc:1095] InUse at 7f2e928a4700 of size 256 next 1028
2025-11-27 00:31:43.652056: I external/local_tsl/tsl/framework/bfc_allocator.cc:1095] InUse at 7f2e928a4800 of size 256 next 466
2025-11-27 00:31:43.652059: I external/local_tsl/tsl/framework/bfc_allocator.cc:1095] InUse at 7f2e928a4900 of size 256 next 384
2025-11-27 00:31:43.652063: I external/local_tsl/tsl/framework/bfc_allocator.cc:1095] InUse at 7f2e928a4a00 of size 256 next 580
2025-11-27 00:31:43.652067: I external/local_tsl/tsl/framework/bfc_allocator.cc:1095] InUse at 7f2e928a4b00 of size 256 next 496
2025-11-27 00:31:43.652071: I external/local_tsl/tsl/framework/bfc_allocator.cc:1095] InUse at 7f2e928a4c00 of size 256 next 179
2025-11-27 00:31:43.652075: I external/local_tsl/tsl/framework/bfc_allocator.cc:1095] InUse at 7f2e928a4d00 of size 38400 next 181
2025-11-27 00:31:43.652078: I external/local_tsl/tsl/framework/bfc_allocator.cc:1095] InUse at 7f2e928ae300 of size 38400 next 183
2025-11-27 00:31:43.652082: I external/local_tsl/tsl/framework/bfc_allocator.cc:1095] InUse at 7f2e928b7900 of size 2048 next 180
2025-11-27 00:31:43.652086: I external/local_tsl/tsl/framework/bfc_allocator.cc:1095] InUse at 7f2e928b8100 of size 153600 next 184
2025-11-27 00:31:43.652090: I external/local_tsl/tsl/framework/bfc_allocator.cc:1095] InUse at 7f2e928dd900 of size 153600 next 189
2025-11-27 00:31:43.652093: I external/local_tsl/tsl/framework/bfc_allocator.cc:1095] InUse at 7f2e92903100 of size 512 next 205
2025-11-27 00:31:43.652097: I external/local_tsl/tsl/framework/bfc_allocator.cc:1095] InUse at 7f2e92903300 of size 256 next 1231
2025-11-27 00:31:43.652101: I external/local_tsl/tsl/framework/bfc_allocator.cc:1095] InUse at 7f2e92903400 of size 256 next 1051
2025-11-27 00:31:43.652104: I external/local_tsl/tsl/framework/bfc_allocator.cc:1095] InUse at 7f2e92903500 of size 256 next 1208
2025-11-27 00:31:43.652108: I external/local_tsl/tsl/framework/bfc_allocator.cc:1095] InUse at 7f2e92903600 of size 256 next 204
2025-11-27 00:31:43.652112: I external/local_tsl/tsl/framework/bfc_allocator.cc:1095] InUse at 7f2e92903700 of size 256 next 221
2025-11-27 00:31:43.652116: I external/local_tsl/tsl/framework/bfc_allocator.cc:1095] InUse at 7f2e92903800 of size 256 next 190
2025-11-27 00:31:43.652120: I external/local_tsl/tsl/framework/bfc_allocator.cc:1095] InUse at 7f2e92903900 of size 2048 next 191
2025-11-27 00:31:43.652124: I external/local_tsl/tsl/framework/bfc_allocator.cc:1095] InUse at 7f2e92904100 of size 2048 next 192
2025-11-27 00:31:43.652127: I external/local_tsl/tsl/framework/bfc_allocator.cc:1095] InUse at 7f2e92904900 of size 256 next 1125
2025-11-27 00:31:43.652131: I external/local_tsl/tsl/framework/bfc_allocator.cc:1095] InUse at 7f2e92904a00 of size 256 next 956
2025-11-27 00:31:43.652135: I external/local_tsl/tsl/framework/bfc_allocator.cc:1095] InUse at 7f2e92904b00 of size 256 next 131
2025-11-27 00:31:43.652139: I external/local_tsl/tsl/framework/bfc_allocator.cc:1095] InUse at 7f2e92904c00 of size 256 next 1320
2025-11-27 00:31:43.652143: I external/local_tsl/tsl/framework/bfc_allocator.cc:1095] InUse at 7f2e92904d00 of size 256 next 1387
2025-11-27 00:31:43.652146: I external/local_tsl/tsl/framework/bfc_allocator.cc:1095] InUse at 7f2e92904e00 of size 256 next 1422
2025-11-27 00:31:43.652150: I external/local_tsl/tsl/framework/bfc_allocator.cc:1095] InUse at 7f2e92904f00 of size 256 next 1279
2025-11-27 00:31:43.652154: I external/local_tsl/tsl/framework/bfc_allocator.cc:1095] InUse at 7f2e92905000 of size 256 next 553
2025-11-27 00:31:43.652157: I external/local_tsl/tsl/framework/bfc_allocator.cc:1095] InUse at 7f2e92905100 of size 256 next 1258
2025-11-27 00:31:43.652161: I external/local_tsl/tsl/framework/bfc_allocator.cc:1095] InUse at 7f2e92905200 of size 256 next 919
2025-11-27 00:31:43.652165: I external/local_tsl/tsl/framework/bfc_allocator.cc:1095] InUse at 7f2e92905300 of size 256 next 934
2025-11-27 00:31:43.652169: I external/local_tsl/tsl/framework/bfc_allocator.cc:1095] InUse at 7f2e92905400 of size 256 next 416
2025-11-27 00:31:43.652172: I external/local_tsl/tsl/framework/bfc_allocator.cc:1095] InUse at 7f2e92905500 of size 256 next 487
2025-11-27 00:31:43.652176: I external/local_tsl/tsl/framework/bfc_allocator.cc:1095] InUse at 7f2e92905600 of size 256 next 504
2025-11-27 00:31:43.652180: I external/local_tsl/tsl/framework/bfc_allocator.cc:1095] InUse at 7f2e92905700 of size 256 next 404
2025-11-27 00:31:43.652184: I external/local_tsl/tsl/framework/bfc_allocator.cc:1095] InUse at 7f2e92905800 of size 256 next 194
2025-11-27 00:31:43.652188: I external/local_tsl/tsl/framework/bfc_allocator.cc:1095] InUse at 7f2e92905900 of size 48128 next 195
2025-11-27 00:31:43.652192: I external/local_tsl/tsl/framework/bfc_allocator.cc:1095] InUse at 7f2e92911500 of size 2048 next 196
2025-11-27 00:31:43.652196: I external/local_tsl/tsl/framework/bfc_allocator.cc:1095] InUse at 7f2e92911d00 of size 2048 next 197
2025-11-27 00:31:43.652199: I external/local_tsl/tsl/framework/bfc_allocator.cc:1095] InUse at 7f2e92912500 of size 256 next 987
2025-11-27 00:31:43.652203: I external/local_tsl/tsl/framework/bfc_allocator.cc:1095] InUse at 7f2e92912600 of size 256 next 1187
2025-11-27 00:31:43.652207: I external/local_tsl/tsl/framework/bfc_allocator.cc:1095] InUse at 7f2e92912700 of size 256 next 1089
2025-11-27 00:31:43.652211: I external/local_tsl/tsl/framework/bfc_allocator.cc:1095] InUse at 7f2e92912800 of size 256 next 1163
2025-11-27 00:31:43.652214: I external/local_tsl/tsl/framework/bfc_allocator.cc:1095] InUse at 7f2e92912900 of size 256 next 227
2025-11-27 00:31:43.652218: I external/local_tsl/tsl/framework/bfc_allocator.cc:1095] InUse at 7f2e92912a00 of size 256 next 513
2025-11-27 00:31:43.652222: I external/local_tsl/tsl/framework/bfc_allocator.cc:1095] InUse at 7f2e92912b00 of size 256 next 922
2025-11-27 00:31:43.652226: I external/local_tsl/tsl/framework/bfc_allocator.cc:1095] InUse at 7f2e92912c00 of size 256 next 550
2025-11-27 00:31:43.652230: I external/local_tsl/tsl/framework/bfc_allocator.cc:1095] InUse at 7f2e92912d00 of size 256 next 499
2025-11-27 00:31:43.652233: I external/local_tsl/tsl/framework/bfc_allocator.cc:1095] InUse at 7f2e92912e00 of size 256 next 950
2025-11-27 00:31:43.652237: I external/local_tsl/tsl/framework/bfc_allocator.cc:1095] InUse at 7f2e92912f00 of size 256 next 1175
2025-11-27 00:31:43.652241: I external/local_tsl/tsl/framework/bfc_allocator.cc:1095] InUse at 7f2e92913000 of size 256 next 1010
2025-11-27 00:31:43.652245: I external/local_tsl/tsl/framework/bfc_allocator.cc:1095] InUse at 7f2e92913100 of size 256 next 494
2025-11-27 00:31:43.652249: I external/local_tsl/tsl/framework/bfc_allocator.cc:1095] InUse at 7f2e92913200 of size 256 next 546
2025-11-27 00:31:43.652252: I external/local_tsl/tsl/framework/bfc_allocator.cc:1095] InUse at 7f2e92913300 of size 256 next 1243
2025-11-27 00:31:43.652256: I external/local_tsl/tsl/framework/bfc_allocator.cc:1095] InUse at 7f2e92913400 of size 256 next 199
2025-11-27 00:31:43.652260: I external/local_tsl/tsl/framework/bfc_allocator.cc:1095] InUse at 7f2e92913500 of size 38400 next 200
2025-11-27 00:31:43.652263: I external/local_tsl/tsl/framework/bfc_allocator.cc:1095] InUse at 7f2e9291cb00 of size 38400 next 202
2025-11-27 00:31:43.652267: I external/local_tsl/tsl/framework/bfc_allocator.cc:1095] InUse at 7f2e92926100 of size 2048 next 203
2025-11-27 00:31:43.652271: I external/local_tsl/tsl/framework/bfc_allocator.cc:1095] InUse at 7f2e92926900 of size 215040 next 201
2025-11-27 00:31:43.652275: I external/local_tsl/tsl/framework/bfc_allocator.cc:1095] InUse at 7f2e9295b100 of size 301056 next 209
2025-11-27 00:31:43.652279: I external/local_tsl/tsl/framework/bfc_allocator.cc:1095] InUse at 7f2e929a4900 of size 256 next 241
2025-11-27 00:31:43.652282: I external/local_tsl/tsl/framework/bfc_allocator.cc:1095] InUse at 7f2e929a4a00 of size 256 next 225
2025-11-27 00:31:43.652286: I external/local_tsl/tsl/framework/bfc_allocator.cc:1095] InUse at 7f2e929a4b00 of size 512 next 226
2025-11-27 00:31:43.652290: I external/local_tsl/tsl/framework/bfc_allocator.cc:1095] InUse at 7f2e929a4d00 of size 512 next 224
2025-11-27 00:31:43.652294: I external/local_tsl/tsl/framework/bfc_allocator.cc:1095] InUse at 7f2e929a4f00 of size 256 next 1176
2025-11-27 00:31:43.652297: I external/local_tsl/tsl/framework/bfc_allocator.cc:1095] InUse at 7f2e929a5000 of size 256 next 1203
2025-11-27 00:31:43.652301: I external/local_tsl/tsl/framework/bfc_allocator.cc:1095] InUse at 7f2e929a5100 of size 256 next 1165
2025-11-27 00:31:43.652305: I external/local_tsl/tsl/framework/bfc_allocator.cc:1095] InUse at 7f2e929a5200 of size 256 next 1080
2025-11-27 00:31:43.652308: I external/local_tsl/tsl/framework/bfc_allocator.cc:1095] InUse at 7f2e929a5300 of size 256 next 210
2025-11-27 00:31:43.652312: I external/local_tsl/tsl/framework/bfc_allocator.cc:1095] InUse at 7f2e929a5400 of size 2816 next 211
2025-11-27 00:31:43.652316: I external/local_tsl/tsl/framework/bfc_allocator.cc:1095] InUse at 7f2e929a5f00 of size 2816 next 208
2025-11-27 00:31:43.652320: I external/local_tsl/tsl/framework/bfc_allocator.cc:1095] InUse at 7f2e929a6a00 of size 256 next 1101
2025-11-27 00:31:43.652324: I external/local_tsl/tsl/framework/bfc_allocator.cc:1095] InUse at 7f2e929a6b00 of size 256 next 1329
2025-11-27 00:31:43.652327: I external/local_tsl/tsl/framework/bfc_allocator.cc:1095] InUse at 7f2e929a6c00 of size 256 next 371
2025-11-27 00:31:43.652331: I external/local_tsl/tsl/framework/bfc_allocator.cc:1095] InUse at 7f2e929a6d00 of size 256 next 535
2025-11-27 00:31:43.652335: I external/local_tsl/tsl/framework/bfc_allocator.cc:1095] InUse at 7f2e929a6e00 of size 256 next 125
2025-11-27 00:31:43.652338: I external/local_tsl/tsl/framework/bfc_allocator.cc:1095] InUse at 7f2e929a6f00 of size 256 next 479
2025-11-27 00:31:43.652342: I external/local_tsl/tsl/framework/bfc_allocator.cc:1095] InUse at 7f2e929a7000 of size 256 next 470
2025-11-27 00:31:43.652346: I external/local_tsl/tsl/framework/bfc_allocator.cc:1095] InUse at 7f2e929a7100 of size 256 next 1237
2025-11-27 00:31:43.652349: I external/local_tsl/tsl/framework/bfc_allocator.cc:1095] InUse at 7f2e929a7200 of size 256 next 997
2025-11-27 00:31:43.652353: I external/local_tsl/tsl/framework/bfc_allocator.cc:1095] InUse at 7f2e929a7300 of size 256 next 1284
2025-11-27 00:31:43.652357: I external/local_tsl/tsl/framework/bfc_allocator.cc:1095] InUse at 7f2e929a7400 of size 256 next 1401
2025-11-27 00:31:43.652361: I external/local_tsl/tsl/framework/bfc_allocator.cc:1095] InUse at 7f2e929a7500 of size 256 next 399
2025-11-27 00:31:43.652365: I external/local_tsl/tsl/framework/bfc_allocator.cc:1095] InUse at 7f2e929a7600 of size 256 next 909
2025-11-27 00:31:43.652369: I external/local_tsl/tsl/framework/bfc_allocator.cc:1095] InUse at 7f2e929a7700 of size 256 next 1045
2025-11-27 00:31:43.652373: I external/local_tsl/tsl/framework/bfc_allocator.cc:1095] InUse at 7f2e929a7800 of size 256 next 474
2025-11-27 00:31:43.652376: I external/local_tsl/tsl/framework/bfc_allocator.cc:1095] InUse at 7f2e929a7900 of size 512 next 510
2025-11-27 00:31:43.652380: I external/local_tsl/tsl/framework/bfc_allocator.cc:1095] InUse at 7f2e929a7b00 of size 256 next 1310
2025-11-27 00:31:43.652384: I external/local_tsl/tsl/framework/bfc_allocator.cc:1095] InUse at 7f2e929a7c00 of size 256 next 407
2025-11-27 00:31:43.652387: I external/local_tsl/tsl/framework/bfc_allocator.cc:1095] InUse at 7f2e929a7d00 of size 256 next 1154
2025-11-27 00:31:43.652391: I external/local_tsl/tsl/framework/bfc_allocator.cc:1095] InUse at 7f2e929a7e00 of size 256 next 921
2025-11-27 00:31:43.652395: I external/local_tsl/tsl/framework/bfc_allocator.cc:1095] InUse at 7f2e929a7f00 of size 256 next 213
2025-11-27 00:31:43.652399: I external/local_tsl/tsl/framework/bfc_allocator.cc:1095] InUse at 7f2e929a8000 of size 67328 next 215
2025-11-27 00:31:43.652403: I external/local_tsl/tsl/framework/bfc_allocator.cc:1095] InUse at 7f2e929b8700 of size 2816 next 216
2025-11-27 00:31:43.652406: I external/local_tsl/tsl/framework/bfc_allocator.cc:1095] InUse at 7f2e929b9200 of size 2816 next 217
2025-11-27 00:31:43.652410: I external/local_tsl/tsl/framework/bfc_allocator.cc:1095] InUse at 7f2e929b9d00 of size 256 next 206
2025-11-27 00:31:43.652414: I external/local_tsl/tsl/framework/bfc_allocator.cc:1095] InUse at 7f2e929b9e00 of size 256 next 1143
2025-11-27 00:31:43.652418: I external/local_tsl/tsl/framework/bfc_allocator.cc:1095] InUse at 7f2e929b9f00 of size 256 next 905
2025-11-27 00:31:43.652421: I external/local_tsl/tsl/framework/bfc_allocator.cc:1095] InUse at 7f2e929ba000 of size 256 next 1002
2025-11-27 00:31:43.652425: I external/local_tsl/tsl/framework/bfc_allocator.cc:1095] InUse at 7f2e929ba100 of size 256 next 565
2025-11-27 00:31:43.652429: I external/local_tsl/tsl/framework/bfc_allocator.cc:1095] Free  at 7f2e929ba200 of size 3072 next 1265
2025-11-27 00:31:43.652433: I external/local_tsl/tsl/framework/bfc_allocator.cc:1095] InUse at 7f2e929bae00 of size 256 next 1295
2025-11-27 00:31:43.652436: I external/local_tsl/tsl/framework/bfc_allocator.cc:1095] InUse at 7f2e929baf00 of size 256 next 1413
2025-11-27 00:31:43.652440: I external/local_tsl/tsl/framework/bfc_allocator.cc:1095] InUse at 7f2e929bb000 of size 256 next 1052
2025-11-27 00:31:43.652444: I external/local_tsl/tsl/framework/bfc_allocator.cc:1095] InUse at 7f2e929bb100 of size 256 next 387
2025-11-27 00:31:43.652447: I external/local_tsl/tsl/framework/bfc_allocator.cc:1095] InUse at 7f2e929bb200 of size 256 next 218
2025-11-27 00:31:43.652451: I external/local_tsl/tsl/framework/bfc_allocator.cc:1095] InUse at 7f2e929bb300 of size 75264 next 220
2025-11-27 00:31:43.652455: I external/local_tsl/tsl/framework/bfc_allocator.cc:1095] InUse at 7f2e929cd900 of size 75264 next 219
2025-11-27 00:31:43.652459: I external/local_tsl/tsl/framework/bfc_allocator.cc:1095] InUse at 7f2e929dff00 of size 2816 next 223
2025-11-27 00:31:43.652463: I external/local_tsl/tsl/framework/bfc_allocator.cc:1095] InUse at 7f2e929e0a00 of size 301056 next 222
2025-11-27 00:31:43.652466: I external/local_tsl/tsl/framework/bfc_allocator.cc:1095] InUse at 7f2e92a2a200 of size 301056 next 229
2025-11-27 00:31:43.652470: I external/local_tsl/tsl/framework/bfc_allocator.cc:1095] InUse at 7f2e92a73a00 of size 256 next 267
2025-11-27 00:31:43.652474: I external/local_tsl/tsl/framework/bfc_allocator.cc:1095] InUse at 7f2e92a73b00 of size 256 next 244
2025-11-27 00:31:43.652477: I external/local_tsl/tsl/framework/bfc_allocator.cc:1095] InUse at 7f2e92a73c00 of size 512 next 245
2025-11-27 00:31:43.652481: I external/local_tsl/tsl/framework/bfc_allocator.cc:1095] InUse at 7f2e92a73e00 of size 512 next 246
2025-11-27 00:31:43.652485: I external/local_tsl/tsl/framework/bfc_allocator.cc:1095] InUse at 7f2e92a74000 of size 256 next 914
2025-11-27 00:31:43.652489: I external/local_tsl/tsl/framework/bfc_allocator.cc:1095] InUse at 7f2e92a74100 of size 256 next 1136
2025-11-27 00:31:43.652492: I external/local_tsl/tsl/framework/bfc_allocator.cc:1095] InUse at 7f2e92a74200 of size 256 next 1252
2025-11-27 00:31:43.652496: I external/local_tsl/tsl/framework/bfc_allocator.cc:1095] InUse at 7f2e92a74300 of size 256 next 1346
2025-11-27 00:31:43.652500: I external/local_tsl/tsl/framework/bfc_allocator.cc:1095] InUse at 7f2e92a74400 of size 256 next 230
2025-11-27 00:31:43.652504: I external/local_tsl/tsl/framework/bfc_allocator.cc:1095] InUse at 7f2e92a74500 of size 2816 next 231
2025-11-27 00:31:43.652507: I external/local_tsl/tsl/framework/bfc_allocator.cc:1095] InUse at 7f2e92a75000 of size 2816 next 228
2025-11-27 00:31:43.652511: I external/local_tsl/tsl/framework/bfc_allocator.cc:1095] InUse at 7f2e92a75b00 of size 256 next 1058
2025-11-27 00:31:43.652515: I external/local_tsl/tsl/framework/bfc_allocator.cc:1095] InUse at 7f2e92a75c00 of size 256 next 1361
2025-11-27 00:31:43.652518: I external/local_tsl/tsl/framework/bfc_allocator.cc:1095] InUse at 7f2e92a75d00 of size 256 next 1146
2025-11-27 00:31:43.652522: I external/local_tsl/tsl/framework/bfc_allocator.cc:1095] InUse at 7f2e92a75e00 of size 256 next 1254
2025-11-27 00:31:43.652526: I external/local_tsl/tsl/framework/bfc_allocator.cc:1095] InUse at 7f2e92a75f00 of size 256 next 1442
2025-11-27 00:31:43.652530: I external/local_tsl/tsl/framework/bfc_allocator.cc:1095] InUse at 7f2e92a76000 of size 256 next 1048
2025-11-27 00:31:43.652533: I external/local_tsl/tsl/framework/bfc_allocator.cc:1095] InUse at 7f2e92a76100 of size 256 next 933
2025-11-27 00:31:43.652537: I external/local_tsl/tsl/framework/bfc_allocator.cc:1095] InUse at 7f2e92a76200 of size 256 next 1081
2025-11-27 00:31:43.652541: I external/local_tsl/tsl/framework/bfc_allocator.cc:1095] InUse at 7f2e92a76300 of size 256 next 1023
2025-11-27 00:31:43.652545: I external/local_tsl/tsl/framework/bfc_allocator.cc:1095] InUse at 7f2e92a76400 of size 256 next 1001
2025-11-27 00:31:43.652548: I external/local_tsl/tsl/framework/bfc_allocator.cc:1095] InUse at 7f2e92a76500 of size 256 next 1211
2025-11-27 00:31:43.652552: I external/local_tsl/tsl/framework/bfc_allocator.cc:1095] InUse at 7f2e92a76600 of size 256 next 1370
2025-11-27 00:31:43.652556: I external/local_tsl/tsl/framework/bfc_allocator.cc:1095] InUse at 7f2e92a76700 of size 256 next 491
2025-11-27 00:31:43.652559: I external/local_tsl/tsl/framework/bfc_allocator.cc:1095] InUse at 7f2e92a76800 of size 256 next 1375
2025-11-27 00:31:43.652563: I external/local_tsl/tsl/framework/bfc_allocator.cc:1095] InUse at 7f2e92a76900 of size 256 next 492
2025-11-27 00:31:43.652567: I external/local_tsl/tsl/framework/bfc_allocator.cc:1095] InUse at 7f2e92a76a00 of size 256 next 460
2025-11-27 00:31:43.652571: I external/local_tsl/tsl/framework/bfc_allocator.cc:1095] InUse at 7f2e92a76b00 of size 256 next 1390
2025-11-27 00:31:43.652574: I external/local_tsl/tsl/framework/bfc_allocator.cc:1095] InUse at 7f2e92a76c00 of size 256 next 543
2025-11-27 00:31:43.652578: I external/local_tsl/tsl/framework/bfc_allocator.cc:1095] InUse at 7f2e92a76d00 of size 512 next 1219
2025-11-27 00:31:43.652582: I external/local_tsl/tsl/framework/bfc_allocator.cc:1095] InUse at 7f2e92a76f00 of size 512 next 233
2025-11-27 00:31:43.652585: I external/local_tsl/tsl/framework/bfc_allocator.cc:1095] InUse at 7f2e92a77100 of size 67328 next 235
2025-11-27 00:31:43.652589: I external/local_tsl/tsl/framework/bfc_allocator.cc:1095] InUse at 7f2e92a87800 of size 2816 next 236
2025-11-27 00:31:43.652593: I external/local_tsl/tsl/framework/bfc_allocator.cc:1095] InUse at 7f2e92a88300 of size 2816 next 237
2025-11-27 00:31:43.652597: I external/local_tsl/tsl/framework/bfc_allocator.cc:1095] InUse at 7f2e92a88e00 of size 256 next 1050
2025-11-27 00:31:43.652601: I external/local_tsl/tsl/framework/bfc_allocator.cc:1095] InUse at 7f2e92a88f00 of size 256 next 1410
2025-11-27 00:31:43.652605: I external/local_tsl/tsl/framework/bfc_allocator.cc:1095] InUse at 7f2e92a89000 of size 256 next 365
2025-11-27 00:31:43.652608: I external/local_tsl/tsl/framework/bfc_allocator.cc:1095] InUse at 7f2e92a89100 of size 256 next 1389
2025-11-27 00:31:43.652612: I external/local_tsl/tsl/framework/bfc_allocator.cc:1095] InUse at 7f2e92a89200 of size 256 next 1156
2025-11-27 00:31:43.652616: I external/local_tsl/tsl/framework/bfc_allocator.cc:1095] InUse at 7f2e92a89300 of size 256 next 567
2025-11-27 00:31:43.652620: I external/local_tsl/tsl/framework/bfc_allocator.cc:1095] InUse at 7f2e92a89400 of size 256 next 938
2025-11-27 00:31:43.652623: I external/local_tsl/tsl/framework/bfc_allocator.cc:1095] InUse at 7f2e92a89500 of size 256 next 400
2025-11-27 00:31:43.652627: I external/local_tsl/tsl/framework/bfc_allocator.cc:1095] InUse at 7f2e92a89600 of size 256 next 1248
2025-11-27 00:31:43.652631: I external/local_tsl/tsl/framework/bfc_allocator.cc:1095] InUse at 7f2e92a89700 of size 256 next 578
2025-11-27 00:31:43.652634: I external/local_tsl/tsl/framework/bfc_allocator.cc:1095] InUse at 7f2e92a89800 of size 256 next 904
2025-11-27 00:31:43.652638: I external/local_tsl/tsl/framework/bfc_allocator.cc:1095] InUse at 7f2e92a89900 of size 256 next 1347
2025-11-27 00:31:43.652642: I external/local_tsl/tsl/framework/bfc_allocator.cc:1095] InUse at 7f2e92a89a00 of size 256 next 1287
2025-11-27 00:31:43.652645: I external/local_tsl/tsl/framework/bfc_allocator.cc:1095] InUse at 7f2e92a89b00 of size 256 next 542
2025-11-27 00:31:43.652649: I external/local_tsl/tsl/framework/bfc_allocator.cc:1095] InUse at 7f2e92a89c00 of size 256 next 1344
2025-11-27 00:31:43.652653: I external/local_tsl/tsl/framework/bfc_allocator.cc:1095] InUse at 7f2e92a89d00 of size 256 next 500
2025-11-27 00:31:43.652657: I external/local_tsl/tsl/framework/bfc_allocator.cc:1095] InUse at 7f2e92a89e00 of size 256 next 584
2025-11-27 00:31:43.652661: I external/local_tsl/tsl/framework/bfc_allocator.cc:1095] InUse at 7f2e92a89f00 of size 256 next 1102
2025-11-27 00:31:43.652664: I external/local_tsl/tsl/framework/bfc_allocator.cc:1095] InUse at 7f2e92a8a000 of size 256 next 570
2025-11-27 00:31:43.652668: I external/local_tsl/tsl/framework/bfc_allocator.cc:1095] InUse at 7f2e92a8a100 of size 256 next 391
2025-11-27 00:31:43.652672: I external/local_tsl/tsl/framework/bfc_allocator.cc:1095] InUse at 7f2e92a8a200 of size 256 next 1059
2025-11-27 00:31:43.652676: I external/local_tsl/tsl/framework/bfc_allocator.cc:1095] InUse at 7f2e92a8a300 of size 256 next 238
2025-11-27 00:31:43.652679: I external/local_tsl/tsl/framework/bfc_allocator.cc:1095] InUse at 7f2e92a8a400 of size 75264 next 240
2025-11-27 00:31:43.652683: I external/local_tsl/tsl/framework/bfc_allocator.cc:1095] InUse at 7f2e92a9ca00 of size 75264 next 242
2025-11-27 00:31:43.652687: I external/local_tsl/tsl/framework/bfc_allocator.cc:1095] InUse at 7f2e92aaf000 of size 2816 next 239
2025-11-27 00:31:43.652691: I external/local_tsl/tsl/framework/bfc_allocator.cc:1095] InUse at 7f2e92aafb00 of size 301056 next 243
2025-11-27 00:31:43.652694: I external/local_tsl/tsl/framework/bfc_allocator.cc:1095] InUse at 7f2e92af9300 of size 301056 next 248
2025-11-27 00:31:43.652698: I external/local_tsl/tsl/framework/bfc_allocator.cc:1095] InUse at 7f2e92b42b00 of size 256 next 282
2025-11-27 00:31:43.652702: I external/local_tsl/tsl/framework/bfc_allocator.cc:1095] InUse at 7f2e92b42c00 of size 256 next 283
2025-11-27 00:31:43.652705: I external/local_tsl/tsl/framework/bfc_allocator.cc:1095] InUse at 7f2e92b42d00 of size 256 next 264
2025-11-27 00:31:43.652709: I external/local_tsl/tsl/framework/bfc_allocator.cc:1095] InUse at 7f2e92b42e00 of size 768 next 265
2025-11-27 00:31:43.652713: I external/local_tsl/tsl/framework/bfc_allocator.cc:1095] InUse at 7f2e92b43100 of size 1280 next 249
2025-11-27 00:31:43.652717: I external/local_tsl/tsl/framework/bfc_allocator.cc:1095] InUse at 7f2e92b43600 of size 2816 next 250
2025-11-27 00:31:43.652720: I external/local_tsl/tsl/framework/bfc_allocator.cc:1095] InUse at 7f2e92b44100 of size 2816 next 251
2025-11-27 00:31:43.652724: I external/local_tsl/tsl/framework/bfc_allocator.cc:1095] InUse at 7f2e92b44c00 of size 256 next 1095
2025-11-27 00:31:43.652728: I external/local_tsl/tsl/framework/bfc_allocator.cc:1095] InUse at 7f2e92b44d00 of size 256 next 1395
2025-11-27 00:31:43.652732: I external/local_tsl/tsl/framework/bfc_allocator.cc:1095] InUse at 7f2e92b44e00 of size 256 next 418
2025-11-27 00:31:43.652735: I external/local_tsl/tsl/framework/bfc_allocator.cc:1095] InUse at 7f2e92b44f00 of size 256 next 1199
2025-11-27 00:31:43.652739: I external/local_tsl/tsl/framework/bfc_allocator.cc:1095] InUse at 7f2e92b45000 of size 256 next 1472
2025-11-27 00:31:43.652743: I external/local_tsl/tsl/framework/bfc_allocator.cc:1095] InUse at 7f2e92b45100 of size 3072 next 1327
2025-11-27 00:31:43.652747: I external/local_tsl/tsl/framework/bfc_allocator.cc:1095] InUse at 7f2e92b45d00 of size 256 next 966
2025-11-27 00:31:43.652751: I external/local_tsl/tsl/framework/bfc_allocator.cc:1095] InUse at 7f2e92b45e00 of size 256 next 1242
2025-11-27 00:31:43.652754: I external/local_tsl/tsl/framework/bfc_allocator.cc:1095] InUse at 7f2e92b45f00 of size 256 next 1008
2025-11-27 00:31:43.652758: I external/local_tsl/tsl/framework/bfc_allocator.cc:1095] InUse at 7f2e92b46000 of size 256 next 1144
2025-11-27 00:31:43.652762: I external/local_tsl/tsl/framework/bfc_allocator.cc:1095] InUse at 7f2e92b46100 of size 256 next 253
2025-11-27 00:31:43.652766: I external/local_tsl/tsl/framework/bfc_allocator.cc:1095] InUse at 7f2e92b46200 of size 67328 next 254
2025-11-27 00:31:43.652770: I external/local_tsl/tsl/framework/bfc_allocator.cc:1095] InUse at 7f2e92b56900 of size 2816 next 255
2025-11-27 00:31:43.652774: I external/local_tsl/tsl/framework/bfc_allocator.cc:1095] InUse at 7f2e92b57400 of size 2816 next 256
2025-11-27 00:31:43.652778: I external/local_tsl/tsl/framework/bfc_allocator.cc:1095] InUse at 7f2e92b57f00 of size 256 next 373
2025-11-27 00:31:43.652781: I external/local_tsl/tsl/framework/bfc_allocator.cc:1095] InUse at 7f2e92b58000 of size 256 next 1260
2025-11-27 00:31:43.652785: I external/local_tsl/tsl/framework/bfc_allocator.cc:1095] InUse at 7f2e92b58100 of size 5120 next 258
2025-11-27 00:31:43.652789: I external/local_tsl/tsl/framework/bfc_allocator.cc:1095] InUse at 7f2e92b59500 of size 75264 next 259
2025-11-27 00:31:43.652793: I external/local_tsl/tsl/framework/bfc_allocator.cc:1095] InUse at 7f2e92b6bb00 of size 75264 next 261
2025-11-27 00:31:43.652797: I external/local_tsl/tsl/framework/bfc_allocator.cc:1095] InUse at 7f2e92b7e100 of size 2816 next 262
2025-11-27 00:31:43.652801: I external/local_tsl/tsl/framework/bfc_allocator.cc:1095] InUse at 7f2e92b7ec00 of size 516096 next 260
2025-11-27 00:31:43.652805: I external/local_tsl/tsl/framework/bfc_allocator.cc:1095] InUse at 7f2e92bfcc00 of size 256 next 1238
2025-11-27 00:31:43.652808: I external/local_tsl/tsl/framework/bfc_allocator.cc:1095] InUse at 7f2e92bfcd00 of size 256 next 1004
2025-11-27 00:31:43.652812: I external/local_tsl/tsl/framework/bfc_allocator.cc:1095] InUse at 7f2e92bfce00 of size 256 next 415
2025-11-27 00:31:43.652816: I external/local_tsl/tsl/framework/bfc_allocator.cc:1095] InUse at 7f2e92bfcf00 of size 256 next 462
2025-11-27 00:31:43.652820: I external/local_tsl/tsl/framework/bfc_allocator.cc:1095] InUse at 7f2e92bfd000 of size 256 next 537
2025-11-27 00:31:43.652823: I external/local_tsl/tsl/framework/bfc_allocator.cc:1095] InUse at 7f2e92bfd100 of size 256 next 266
2025-11-27 00:31:43.652827: I external/local_tsl/tsl/framework/bfc_allocator.cc:1095] InUse at 7f2e92bfd200 of size 884736 next 269
2025-11-27 00:31:43.652831: I external/local_tsl/tsl/framework/bfc_allocator.cc:1095] InUse at 7f2e92cd5200 of size 256 next 321
2025-11-27 00:31:43.652835: I external/local_tsl/tsl/framework/bfc_allocator.cc:1095] InUse at 7f2e92cd5300 of size 256 next 341
2025-11-27 00:31:43.652839: I external/local_tsl/tsl/framework/bfc_allocator.cc:1095] InUse at 7f2e92cd5400 of size 256 next 285
2025-11-27 00:31:43.652842: I external/local_tsl/tsl/framework/bfc_allocator.cc:1095] InUse at 7f2e92cd5500 of size 768 next 286
2025-11-27 00:31:43.652846: I external/local_tsl/tsl/framework/bfc_allocator.cc:1095] InUse at 7f2e92cd5800 of size 768 next 287
2025-11-27 00:31:43.652850: I external/local_tsl/tsl/framework/bfc_allocator.cc:1095] InUse at 7f2e92cd5b00 of size 512 next 1471
2025-11-27 00:31:43.652854: I external/local_tsl/tsl/framework/bfc_allocator.cc:1095] InUse at 7f2e92cd5d00 of size 512 next 1111
2025-11-27 00:31:43.652857: I external/local_tsl/tsl/framework/bfc_allocator.cc:1095] Free  at 7f2e92cd5f00 of size 256 next 1276
2025-11-27 00:31:43.652861: I external/local_tsl/tsl/framework/bfc_allocator.cc:1095] InUse at 7f2e92cd6000 of size 256 next 289
2025-11-27 00:31:43.652865: I external/local_tsl/tsl/framework/bfc_allocator.cc:1095] InUse at 7f2e92cd6100 of size 768 next 270
2025-11-27 00:31:43.652869: I external/local_tsl/tsl/framework/bfc_allocator.cc:1095] InUse at 7f2e92cd6400 of size 4608 next 271
2025-11-27 00:31:43.652873: I external/local_tsl/tsl/framework/bfc_allocator.cc:1095] InUse at 7f2e92cd7600 of size 4608 next 268
2025-11-27 00:31:43.652876: I external/local_tsl/tsl/framework/bfc_allocator.cc:1095] Free  at 7f2e92cd8800 of size 9216 next 273
2025-11-27 00:31:43.652880: I external/local_tsl/tsl/framework/bfc_allocator.cc:1095] InUse at 7f2e92cdac00 of size 115200 next 275
2025-11-27 00:31:43.652884: I external/local_tsl/tsl/framework/bfc_allocator.cc:1095] InUse at 7f2e92cf6e00 of size 4608 next 276
2025-11-27 00:31:43.652888: I external/local_tsl/tsl/framework/bfc_allocator.cc:1095] InUse at 7f2e92cf8000 of size 4608 next 277
2025-11-27 00:31:43.652892: I external/local_tsl/tsl/framework/bfc_allocator.cc:1095] InUse at 7f2e92cf9200 of size 256 next 1245
2025-11-27 00:31:43.652895: I external/local_tsl/tsl/framework/bfc_allocator.cc:1095] InUse at 7f2e92cf9300 of size 256 next 1232
2025-11-27 00:31:43.652899: I external/local_tsl/tsl/framework/bfc_allocator.cc:1095] InUse at 7f2e92cf9400 of size 256 next 503
2025-11-27 00:31:43.652903: I external/local_tsl/tsl/framework/bfc_allocator.cc:1095] InUse at 7f2e92cf9500 of size 256 next 1084
2025-11-27 00:31:43.652907: I external/local_tsl/tsl/framework/bfc_allocator.cc:1095] InUse at 7f2e92cf9600 of size 512 next 1273
2025-11-27 00:31:43.652910: I external/local_tsl/tsl/framework/bfc_allocator.cc:1095] InUse at 7f2e92cf9800 of size 512 next 1250
2025-11-27 00:31:43.652914: I external/local_tsl/tsl/framework/bfc_allocator.cc:1095] InUse at 7f2e92cf9a00 of size 512 next 463
2025-11-27 00:31:43.652918: I external/local_tsl/tsl/framework/bfc_allocator.cc:1095] InUse at 7f2e92cf9c00 of size 512 next 1335
2025-11-27 00:31:43.652922: I external/local_tsl/tsl/framework/bfc_allocator.cc:1095] InUse at 7f2e92cf9e00 of size 256 next 1488
2025-11-27 00:31:43.652925: I external/local_tsl/tsl/framework/bfc_allocator.cc:1095] InUse at 7f2e92cf9f00 of size 256 next 1128
2025-11-27 00:31:43.652929: I external/local_tsl/tsl/framework/bfc_allocator.cc:1095] InUse at 7f2e92cfa000 of size 256 next 1416
2025-11-27 00:31:43.652933: I external/local_tsl/tsl/framework/bfc_allocator.cc:1095] InUse at 7f2e92cfa100 of size 256 next 1026
2025-11-27 00:31:43.652936: I external/local_tsl/tsl/framework/bfc_allocator.cc:1095] InUse at 7f2e92cfa200 of size 512 next 1377
2025-11-27 00:31:43.652940: I external/local_tsl/tsl/framework/bfc_allocator.cc:1095] InUse at 7f2e92cfa400 of size 512 next 1269
2025-11-27 00:31:43.652944: I external/local_tsl/tsl/framework/bfc_allocator.cc:1095] InUse at 7f2e92cfa600 of size 4096 next 278
2025-11-27 00:31:43.652948: I external/local_tsl/tsl/framework/bfc_allocator.cc:1095] InUse at 7f2e92cfb600 of size 221184 next 281
2025-11-27 00:31:43.652952: I external/local_tsl/tsl/framework/bfc_allocator.cc:1095] InUse at 7f2e92d31600 of size 221184 next 279
2025-11-27 00:31:43.652956: I external/local_tsl/tsl/framework/bfc_allocator.cc:1095] InUse at 7f2e92d67600 of size 4608 next 280
2025-11-27 00:31:43.652960: I external/local_tsl/tsl/framework/bfc_allocator.cc:1095] InUse at 7f2e92d68800 of size 884736 next 284
2025-11-27 00:31:43.652963: I external/local_tsl/tsl/framework/bfc_allocator.cc:1095] InUse at 7f2e92e40800 of size 884736 next 290
2025-11-27 00:31:43.652967: I external/local_tsl/tsl/framework/bfc_allocator.cc:1095] InUse at 7f2e92f18800 of size 768 next 306
2025-11-27 00:31:43.652971: I external/local_tsl/tsl/framework/bfc_allocator.cc:1095] InUse at 7f2e92f18b00 of size 256 next 426
2025-11-27 00:31:43.652975: I external/local_tsl/tsl/framework/bfc_allocator.cc:1095] InUse at 7f2e92f18c00 of size 1280 next 305
2025-11-27 00:31:43.652978: I external/local_tsl/tsl/framework/bfc_allocator.cc:1095] InUse at 7f2e92f19100 of size 256 next 353
2025-11-27 00:31:43.652982: I external/local_tsl/tsl/framework/bfc_allocator.cc:1095] InUse at 7f2e92f19200 of size 256 next 354
2025-11-27 00:31:43.652986: I external/local_tsl/tsl/framework/bfc_allocator.cc:1095] InUse at 7f2e92f19300 of size 256 next 325
2025-11-27 00:31:43.652990: I external/local_tsl/tsl/framework/bfc_allocator.cc:1095] InUse at 7f2e92f19400 of size 768 next 326
2025-11-27 00:31:43.652993: I external/local_tsl/tsl/framework/bfc_allocator.cc:1095] InUse at 7f2e92f19700 of size 768 next 291
2025-11-27 00:31:43.652997: I external/local_tsl/tsl/framework/bfc_allocator.cc:1095] InUse at 7f2e92f19a00 of size 4608 next 292
2025-11-27 00:31:43.653001: I external/local_tsl/tsl/framework/bfc_allocator.cc:1095] InUse at 7f2e92f1ac00 of size 4608 next 293
2025-11-27 00:31:43.653005: I external/local_tsl/tsl/framework/bfc_allocator.cc:1095] InUse at 7f2e92f1be00 of size 3584 next 432
2025-11-27 00:31:43.653008: I external/local_tsl/tsl/framework/bfc_allocator.cc:1095] InUse at 7f2e92f1cc00 of size 3584 next 1200
2025-11-27 00:31:43.653012: I external/local_tsl/tsl/framework/bfc_allocator.cc:1095] InUse at 7f2e92f1da00 of size 512 next 1462
2025-11-27 00:31:43.653016: I external/local_tsl/tsl/framework/bfc_allocator.cc:1095] InUse at 7f2e92f1dc00 of size 512 next 1353
2025-11-27 00:31:43.653020: I external/local_tsl/tsl/framework/bfc_allocator.cc:1095] InUse at 7f2e92f1de00 of size 1024 next 295
2025-11-27 00:31:43.653023: I external/local_tsl/tsl/framework/bfc_allocator.cc:1095] InUse at 7f2e92f1e200 of size 115200 next 296
2025-11-27 00:31:43.653027: I external/local_tsl/tsl/framework/bfc_allocator.cc:1095] InUse at 7f2e92f3a400 of size 4608 next 297
2025-11-27 00:31:43.653031: I external/local_tsl/tsl/framework/bfc_allocator.cc:1095] InUse at 7f2e92f3b600 of size 4608 next 298
2025-11-27 00:31:43.653034: I external/local_tsl/tsl/framework/bfc_allocator.cc:1095] InUse at 7f2e92f3c800 of size 256 next 1214
2025-11-27 00:31:43.653038: I external/local_tsl/tsl/framework/bfc_allocator.cc:1095] InUse at 7f2e92f3c900 of size 256 next 1049
2025-11-27 00:31:43.653042: I external/local_tsl/tsl/framework/bfc_allocator.cc:1095] InUse at 7f2e92f3ca00 of size 256 next 1027
2025-11-27 00:31:43.653046: I external/local_tsl/tsl/framework/bfc_allocator.cc:1095] InUse at 7f2e92f3cb00 of size 768 next 1152
2025-11-27 00:31:43.653049: I external/local_tsl/tsl/framework/bfc_allocator.cc:1095] Free  at 7f2e92f3ce00 of size 1024 next 481
2025-11-27 00:31:43.653053: I external/local_tsl/tsl/framework/bfc_allocator.cc:1095] InUse at 7f2e92f3d200 of size 256 next 456
2025-11-27 00:31:43.653057: I external/local_tsl/tsl/framework/bfc_allocator.cc:1095] InUse at 7f2e92f3d300 of size 512 next 488
2025-11-27 00:31:43.653060: I external/local_tsl/tsl/framework/bfc_allocator.cc:1095] InUse at 7f2e92f3d500 of size 1024 next 1210
2025-11-27 00:31:43.653064: I external/local_tsl/tsl/framework/bfc_allocator.cc:1095] InUse at 7f2e92f3d900 of size 1024 next 1158
2025-11-27 00:31:43.653068: I external/local_tsl/tsl/framework/bfc_allocator.cc:1095] InUse at 7f2e92f3dd00 of size 256 next 1233
2025-11-27 00:31:43.653072: I external/local_tsl/tsl/framework/bfc_allocator.cc:1095] InUse at 7f2e92f3de00 of size 256 next 1227
2025-11-27 00:31:43.653076: I external/local_tsl/tsl/framework/bfc_allocator.cc:1095] InUse at 7f2e92f3df00 of size 512 next 1468
2025-11-27 00:31:43.653080: I external/local_tsl/tsl/framework/bfc_allocator.cc:1095] InUse at 7f2e92f3e100 of size 2816 next 300
2025-11-27 00:31:43.653083: I external/local_tsl/tsl/framework/bfc_allocator.cc:1095] InUse at 7f2e92f3ec00 of size 221184 next 301
2025-11-27 00:31:43.653087: I external/local_tsl/tsl/framework/bfc_allocator.cc:1095] InUse at 7f2e92f74c00 of size 221184 next 303
2025-11-27 00:31:43.653091: I external/local_tsl/tsl/framework/bfc_allocator.cc:1095] InUse at 7f2e92faac00 of size 4608 next 304
2025-11-27 00:31:43.653095: I external/local_tsl/tsl/framework/bfc_allocator.cc:1095] InUse at 7f2e92fabe00 of size 884736 next 302
2025-11-27 00:31:43.653099: I external/local_tsl/tsl/framework/bfc_allocator.cc:1095] InUse at 7f2e93083e00 of size 884736 next 309
2025-11-27 00:31:43.653103: I external/local_tsl/tsl/framework/bfc_allocator.cc:1095] InUse at 7f2e9315be00 of size 256 next 965
2025-11-27 00:31:43.653107: I external/local_tsl/tsl/framework/bfc_allocator.cc:1095] InUse at 7f2e9315bf00 of size 256 next 1012
2025-11-27 00:31:43.653110: I external/local_tsl/tsl/framework/bfc_allocator.cc:1095] InUse at 7f2e9315c000 of size 256 next 419
2025-11-27 00:31:43.653114: I external/local_tsl/tsl/framework/bfc_allocator.cc:1095] InUse at 7f2e9315c100 of size 256 next 1035
2025-11-27 00:31:43.653118: I external/local_tsl/tsl/framework/bfc_allocator.cc:1095] InUse at 7f2e9315c200 of size 512 next 327
2025-11-27 00:31:43.653121: I external/local_tsl/tsl/framework/bfc_allocator.cc:1095] InUse at 7f2e9315c400 of size 256 next 355
2025-11-27 00:31:43.653125: I external/local_tsl/tsl/framework/bfc_allocator.cc:1095] InUse at 7f2e9315c500 of size 256 next 356
2025-11-27 00:31:43.653129: I external/local_tsl/tsl/framework/bfc_allocator.cc:1095] InUse at 7f2e9315c600 of size 256 next 357
2025-11-27 00:31:43.653132: I external/local_tsl/tsl/framework/bfc_allocator.cc:1095] InUse at 7f2e9315c700 of size 256 next 358
2025-11-27 00:31:43.653136: I external/local_tsl/tsl/framework/bfc_allocator.cc:1095] InUse at 7f2e9315c800 of size 256 next 345
2025-11-27 00:31:43.653140: I external/local_tsl/tsl/framework/bfc_allocator.cc:1095] InUse at 7f2e9315c900 of size 1792 next 310
2025-11-27 00:31:43.653144: I external/local_tsl/tsl/framework/bfc_allocator.cc:1095] InUse at 7f2e9315d000 of size 4608 next 311
2025-11-27 00:31:43.653148: I external/local_tsl/tsl/framework/bfc_allocator.cc:1095] InUse at 7f2e9315e200 of size 4608 next 308
2025-11-27 00:31:43.653151: I external/local_tsl/tsl/framework/bfc_allocator.cc:1095] InUse at 7f2e9315f400 of size 256 next 560
2025-11-27 00:31:43.653155: I external/local_tsl/tsl/framework/bfc_allocator.cc:1095] InUse at 7f2e9315f500 of size 2048 next 970
2025-11-27 00:31:43.653159: I external/local_tsl/tsl/framework/bfc_allocator.cc:1095] InUse at 7f2e9315fd00 of size 2048 next 1060
2025-11-27 00:31:43.653163: I external/local_tsl/tsl/framework/bfc_allocator.cc:1095] InUse at 7f2e93160500 of size 2048 next 1477
2025-11-27 00:31:43.653166: I external/local_tsl/tsl/framework/bfc_allocator.cc:1095] InUse at 7f2e93160d00 of size 512 next 1433
2025-11-27 00:31:43.653170: I external/local_tsl/tsl/framework/bfc_allocator.cc:1095] InUse at 7f2e93160f00 of size 2304 next 313
2025-11-27 00:31:43.653174: I external/local_tsl/tsl/framework/bfc_allocator.cc:1095] InUse at 7f2e93161800 of size 115200 next 315
2025-11-27 00:31:43.653178: I external/local_tsl/tsl/framework/bfc_allocator.cc:1095] InUse at 7f2e9317da00 of size 4608 next 316
2025-11-27 00:31:43.653182: I external/local_tsl/tsl/framework/bfc_allocator.cc:1095] InUse at 7f2e9317ec00 of size 4608 next 317
2025-11-27 00:31:43.653185: I external/local_tsl/tsl/framework/bfc_allocator.cc:1095] Free  at 7f2e9317fe00 of size 256 next 1025
2025-11-27 00:31:43.653189: I external/local_tsl/tsl/framework/bfc_allocator.cc:1095] InUse at 7f2e9317ff00 of size 256 next 937
2025-11-27 00:31:43.653193: I external/local_tsl/tsl/framework/bfc_allocator.cc:1095] InUse at 7f2e93180000 of size 768 next 1421
2025-11-27 00:31:43.653197: I external/local_tsl/tsl/framework/bfc_allocator.cc:1095] InUse at 7f2e93180300 of size 256 next 1222
2025-11-27 00:31:43.653200: I external/local_tsl/tsl/framework/bfc_allocator.cc:1095] InUse at 7f2e93180400 of size 256 next 388
2025-11-27 00:31:43.653204: I external/local_tsl/tsl/framework/bfc_allocator.cc:1095] InUse at 7f2e93180500 of size 512 next 908
2025-11-27 00:31:43.653208: I external/local_tsl/tsl/framework/bfc_allocator.cc:1095] Free  at 7f2e93180700 of size 512 next 63
2025-11-27 00:31:43.653212: I external/local_tsl/tsl/framework/bfc_allocator.cc:1095] InUse at 7f2e93180900 of size 256 next 1072
2025-11-27 00:31:43.653215: I external/local_tsl/tsl/framework/bfc_allocator.cc:1095] InUse at 7f2e93180a00 of size 256 next 214
2025-11-27 00:31:43.653219: I external/local_tsl/tsl/framework/bfc_allocator.cc:1095] InUse at 7f2e93180b00 of size 1024 next 1338
2025-11-27 00:31:43.653223: I external/local_tsl/tsl/framework/bfc_allocator.cc:1095] Free  at 7f2e93180f00 of size 1024 next 1138
2025-11-27 00:31:43.653226: I external/local_tsl/tsl/framework/bfc_allocator.cc:1095] InUse at 7f2e93181300 of size 256 next 1446
2025-11-27 00:31:43.653230: I external/local_tsl/tsl/framework/bfc_allocator.cc:1095] InUse at 7f2e93181400 of size 256 next 173
2025-11-27 00:31:43.653234: I external/local_tsl/tsl/framework/bfc_allocator.cc:1095] InUse at 7f2e93181500 of size 768 next 1042
2025-11-27 00:31:43.653238: I external/local_tsl/tsl/framework/bfc_allocator.cc:1095] InUse at 7f2e93181800 of size 256 next 372
2025-11-27 00:31:43.653241: I external/local_tsl/tsl/framework/bfc_allocator.cc:1095] InUse at 7f2e93181900 of size 256 next 332
2025-11-27 00:31:43.653245: I external/local_tsl/tsl/framework/bfc_allocator.cc:1095] InUse at 7f2e93181a00 of size 512 next 1033
2025-11-27 00:31:43.653249: I external/local_tsl/tsl/framework/bfc_allocator.cc:1095] Free  at 7f2e93181c00 of size 768 next 1311
2025-11-27 00:31:43.653253: I external/local_tsl/tsl/framework/bfc_allocator.cc:1095] InUse at 7f2e93181f00 of size 768 next 318
2025-11-27 00:31:43.653256: I external/local_tsl/tsl/framework/bfc_allocator.cc:1095] InUse at 7f2e93182200 of size 221184 next 320
2025-11-27 00:31:43.653260: I external/local_tsl/tsl/framework/bfc_allocator.cc:1095] InUse at 7f2e931b8200 of size 221184 next 319
2025-11-27 00:31:43.653264: I external/local_tsl/tsl/framework/bfc_allocator.cc:1095] InUse at 7f2e931ee200 of size 4608 next 323
2025-11-27 00:31:43.653268: I external/local_tsl/tsl/framework/bfc_allocator.cc:1095] InUse at 7f2e931ef400 of size 884736 next 322
2025-11-27 00:31:43.653271: I external/local_tsl/tsl/framework/bfc_allocator.cc:1095] InUse at 7f2e932c7400 of size 884736 next 329
2025-11-27 00:31:43.653275: I external/local_tsl/tsl/framework/bfc_allocator.cc:1095] InUse at 7f2e9339f400 of size 1280 next 346
2025-11-27 00:31:43.653279: I external/local_tsl/tsl/framework/bfc_allocator.cc:1095] Free  at 7f2e9339f900 of size 256 next 1129
2025-11-27 00:31:43.653283: I external/local_tsl/tsl/framework/bfc_allocator.cc:1095] InUse at 7f2e9339fa00 of size 256 next 545
2025-11-27 00:31:43.653286: I external/local_tsl/tsl/framework/bfc_allocator.cc:1095] InUse at 7f2e9339fb00 of size 256 next 1409
2025-11-27 00:31:43.653290: I external/local_tsl/tsl/framework/bfc_allocator.cc:1095] InUse at 7f2e9339fc00 of size 768 next 368
2025-11-27 00:31:43.653294: I external/local_tsl/tsl/framework/bfc_allocator.cc:1095] InUse at 7f2e9339ff00 of size 512 next 1481
2025-11-27 00:31:43.653297: I external/local_tsl/tsl/framework/bfc_allocator.cc:1095] InUse at 7f2e933a0100 of size 256 next 1037
2025-11-27 00:31:43.653301: I external/local_tsl/tsl/framework/bfc_allocator.cc:1095] InUse at 7f2e933a0200 of size 256 next 960
2025-11-27 00:31:43.653305: I external/local_tsl/tsl/framework/bfc_allocator.cc:1095] InUse at 7f2e933a0300 of size 256 next 413
2025-11-27 00:31:43.653309: I external/local_tsl/tsl/framework/bfc_allocator.cc:1095] InUse at 7f2e933a0400 of size 256 next 981
2025-11-27 00:31:43.653312: I external/local_tsl/tsl/framework/bfc_allocator.cc:1095] InUse at 7f2e933a0500 of size 256 next 330
2025-11-27 00:31:43.653316: I external/local_tsl/tsl/framework/bfc_allocator.cc:1095] InUse at 7f2e933a0600 of size 4608 next 331
2025-11-27 00:31:43.653320: I external/local_tsl/tsl/framework/bfc_allocator.cc:1095] InUse at 7f2e933a1800 of size 4608 next 328
2025-11-27 00:31:43.653323: I external/local_tsl/tsl/framework/bfc_allocator.cc:1095] Free  at 7f2e933a2a00 of size 512 next 378
2025-11-27 00:31:43.653327: I external/local_tsl/tsl/framework/bfc_allocator.cc:1095] InUse at 7f2e933a2c00 of size 1536 next 958
2025-11-27 00:31:43.653331: I external/local_tsl/tsl/framework/bfc_allocator.cc:1095] InUse at 7f2e933a3200 of size 4096 next 369
2025-11-27 00:31:43.653335: I external/local_tsl/tsl/framework/bfc_allocator.cc:1095] InUse at 7f2e933a4200 of size 1280 next 1228
2025-11-27 00:31:43.653339: I external/local_tsl/tsl/framework/bfc_allocator.cc:1095] InUse at 7f2e933a4700 of size 1792 next 333
2025-11-27 00:31:43.653343: I external/local_tsl/tsl/framework/bfc_allocator.cc:1095] InUse at 7f2e933a4e00 of size 41472 next 335
2025-11-27 00:31:43.653347: I external/local_tsl/tsl/framework/bfc_allocator.cc:1095] InUse at 7f2e933af000 of size 4608 next 336
2025-11-27 00:31:43.653351: I external/local_tsl/tsl/framework/bfc_allocator.cc:1095] InUse at 7f2e933b0200 of size 4608 next 337
2025-11-27 00:31:43.653355: I external/local_tsl/tsl/framework/bfc_allocator.cc:1095] InUse at 7f2e933b1400 of size 2048 next 392
2025-11-27 00:31:43.653359: I external/local_tsl/tsl/framework/bfc_allocator.cc:1095] InUse at 7f2e933b1c00 of size 3584 next 476
2025-11-27 00:31:43.653362: I external/local_tsl/tsl/framework/bfc_allocator.cc:1095] InUse at 7f2e933b2a00 of size 3584 next 338
2025-11-27 00:31:43.653366: I external/local_tsl/tsl/framework/bfc_allocator.cc:1095] InUse at 7f2e933b3800 of size 221184 next 340
2025-11-27 00:31:43.653370: I external/local_tsl/tsl/framework/bfc_allocator.cc:1095] InUse at 7f2e933e9800 of size 221184 next 342
2025-11-27 00:31:43.653374: I external/local_tsl/tsl/framework/bfc_allocator.cc:1095] InUse at 7f2e9341f800 of size 4608 next 339
2025-11-27 00:31:43.653377: I external/local_tsl/tsl/framework/bfc_allocator.cc:1095] InUse at 7f2e93420a00 of size 1474560 next 344
2025-11-27 00:31:43.653381: I external/local_tsl/tsl/framework/bfc_allocator.cc:1095] InUse at 7f2e93588a00 of size 1638400 next 349
2025-11-27 00:31:43.653385: I external/local_tsl/tsl/framework/bfc_allocator.cc:1095] InUse at 7f2e93718a00 of size 256 next 362
2025-11-27 00:31:43.653389: I external/local_tsl/tsl/framework/bfc_allocator.cc:1095] InUse at 7f2e93718b00 of size 256 next 363
2025-11-27 00:31:43.653393: I external/local_tsl/tsl/framework/bfc_allocator.cc:1095] InUse at 7f2e93718c00 of size 256 next 364
2025-11-27 00:31:43.653397: I external/local_tsl/tsl/framework/bfc_allocator.cc:1095] InUse at 7f2e93718d00 of size 256 next 360
2025-11-27 00:31:43.653401: I external/local_tsl/tsl/framework/bfc_allocator.cc:1095] InUse at 7f2e93718e00 of size 1024 next 361
2025-11-27 00:31:43.653404: I external/local_tsl/tsl/framework/bfc_allocator.cc:1095] Free  at 7f2e93719200 of size 512 next 975
2025-11-27 00:31:43.653408: I external/local_tsl/tsl/framework/bfc_allocator.cc:1095] InUse at 7f2e93719400 of size 1536 next 1251
2025-11-27 00:31:43.653412: I external/local_tsl/tsl/framework/bfc_allocator.cc:1095] InUse at 7f2e93719a00 of size 1024 next 350
2025-11-27 00:31:43.653416: I external/local_tsl/tsl/framework/bfc_allocator.cc:1095] InUse at 7f2e93719e00 of size 5120 next 351
2025-11-27 00:31:43.653419: I external/local_tsl/tsl/framework/bfc_allocator.cc:1095] InUse at 7f2e9371b200 of size 5120 next 347
2025-11-27 00:31:43.653423: I external/local_tsl/tsl/framework/bfc_allocator.cc:1095] InUse at 7f2e9371c600 of size 10240 next 352
2025-11-27 00:31:43.653427: I external/local_tsl/tsl/framework/bfc_allocator.cc:1095] InUse at 7f2e9371ee00 of size 1024000 next 359
2025-11-27 00:31:43.653431: I external/local_tsl/tsl/framework/bfc_allocator.cc:1095] Free  at 7f2e93818e00 of size 286464 next 1412
2025-11-27 00:31:43.653435: I external/local_tsl/tsl/framework/bfc_allocator.cc:1095] InUse at 7f2e9385ed00 of size 768 next 142
2025-11-27 00:31:43.653439: I external/local_tsl/tsl/framework/bfc_allocator.cc:1095] InUse at 7f2e9385f000 of size 256 next 1116
2025-11-27 00:31:43.653443: I external/local_tsl/tsl/framework/bfc_allocator.cc:1095] InUse at 7f2e9385f100 of size 256 next 1487
2025-11-27 00:31:43.653447: I external/local_tsl/tsl/framework/bfc_allocator.cc:1095] InUse at 7f2e9385f200 of size 256 next 551
2025-11-27 00:31:43.653450: I external/local_tsl/tsl/framework/bfc_allocator.cc:1095] InUse at 7f2e9385f300 of size 768 next 187
2025-11-27 00:31:43.653454: I external/local_tsl/tsl/framework/bfc_allocator.cc:1095] InUse at 7f2e9385f600 of size 512 next 1343
2025-11-27 00:31:43.653458: I external/local_tsl/tsl/framework/bfc_allocator.cc:1095] InUse at 7f2e9385f800 of size 768 next 1264
2025-11-27 00:31:43.653462: I external/local_tsl/tsl/framework/bfc_allocator.cc:1095] Free  at 7f2e9385fb00 of size 137472 next 942
2025-11-27 00:31:43.653466: I external/local_tsl/tsl/framework/bfc_allocator.cc:1095] InUse at 7f2e93881400 of size 768 next 1459
2025-11-27 00:31:43.653470: I external/local_tsl/tsl/framework/bfc_allocator.cc:1095] InUse at 7f2e93881700 of size 768 next 1455
2025-11-27 00:31:43.653473: I external/local_tsl/tsl/framework/bfc_allocator.cc:1095] InUse at 7f2e93881a00 of size 1024 next 382
2025-11-27 00:31:43.653477: I external/local_tsl/tsl/framework/bfc_allocator.cc:1095] InUse at 7f2e93881e00 of size 512 next 574
2025-11-27 00:31:43.653481: I external/local_tsl/tsl/framework/bfc_allocator.cc:1095] InUse at 7f2e93882000 of size 256 next 525
2025-11-27 00:31:43.653485: I external/local_tsl/tsl/framework/bfc_allocator.cc:1095] Free  at 7f2e93882100 of size 68608 next 982
2025-11-27 00:31:43.653488: I external/local_tsl/tsl/framework/bfc_allocator.cc:1095] InUse at 7f2e93892d00 of size 512 next 1247
2025-11-27 00:31:43.653492: I external/local_tsl/tsl/framework/bfc_allocator.cc:1095] InUse at 7f2e93892f00 of size 512 next 447
2025-11-27 00:31:43.653496: I external/local_tsl/tsl/framework/bfc_allocator.cc:1095] InUse at 7f2e93893100 of size 768 next 1134
2025-11-27 00:31:43.653500: I external/local_tsl/tsl/framework/bfc_allocator.cc:1095] InUse at 7f2e93893400 of size 768 next 1484
2025-11-27 00:31:43.653503: I external/local_tsl/tsl/framework/bfc_allocator.cc:1095] InUse at 7f2e93893700 of size 768 next 1110
2025-11-27 00:31:43.653507: I external/local_tsl/tsl/framework/bfc_allocator.cc:1095] Free  at 7f2e93893a00 of size 768 next 1489
2025-11-27 00:31:43.653511: I external/local_tsl/tsl/framework/bfc_allocator.cc:1095] InUse at 7f2e93893d00 of size 256 next 541
2025-11-27 00:31:43.653515: I external/local_tsl/tsl/framework/bfc_allocator.cc:1095] InUse at 7f2e93893e00 of size 256 next 954
2025-11-27 00:31:43.653518: I external/local_tsl/tsl/framework/bfc_allocator.cc:1095] Free  at 7f2e93893f00 of size 256 next 1380
2025-11-27 00:31:43.653522: I external/local_tsl/tsl/framework/bfc_allocator.cc:1095] InUse at 7f2e93894000 of size 768 next 962
2025-11-27 00:31:43.653526: I external/local_tsl/tsl/framework/bfc_allocator.cc:1095] InUse at 7f2e93894300 of size 123392 next 1388
2025-11-27 00:31:43.653530: I external/local_tsl/tsl/framework/bfc_allocator.cc:1095] InUse at 7f2e938b2500 of size 5376 next 554
2025-11-27 00:31:43.653534: I external/local_tsl/tsl/framework/bfc_allocator.cc:1095] InUse at 7f2e938b3a00 of size 256 next 587
2025-11-27 00:31:43.653537: I external/local_tsl/tsl/framework/bfc_allocator.cc:1095] InUse at 7f2e938b3b00 of size 256 next 588
2025-11-27 00:31:43.653541: I external/local_tsl/tsl/framework/bfc_allocator.cc:1095] InUse at 7f2e938b3c00 of size 256 next 566
2025-11-27 00:31:43.653545: I external/local_tsl/tsl/framework/bfc_allocator.cc:1095] Free  at 7f2e938b3d00 of size 256 next 928
2025-11-27 00:31:43.653549: I external/local_tsl/tsl/framework/bfc_allocator.cc:1095] InUse at 7f2e938b3e00 of size 512 next 1429
2025-11-27 00:31:43.653553: I external/local_tsl/tsl/framework/bfc_allocator.cc:1095] InUse at 7f2e938b4000 of size 768 next 568
2025-11-27 00:31:43.653556: I external/local_tsl/tsl/framework/bfc_allocator.cc:1095] InUse at 7f2e938b4300 of size 256 next 596
2025-11-27 00:31:43.653560: I external/local_tsl/tsl/framework/bfc_allocator.cc:1095] InUse at 7f2e938b4400 of size 256 next 598
2025-11-27 00:31:43.653564: I external/local_tsl/tsl/framework/bfc_allocator.cc:1095] InUse at 7f2e938b4500 of size 256 next 599
2025-11-27 00:31:43.653567: I external/local_tsl/tsl/framework/bfc_allocator.cc:1095] InUse at 7f2e938b4600 of size 256 next 602
2025-11-27 00:31:43.653571: I external/local_tsl/tsl/framework/bfc_allocator.cc:1095] InUse at 7f2e938b4700 of size 256 next 603
2025-11-27 00:31:43.653575: I external/local_tsl/tsl/framework/bfc_allocator.cc:1095] InUse at 7f2e938b4800 of size 256 next 529
2025-11-27 00:31:43.653579: I external/local_tsl/tsl/framework/bfc_allocator.cc:1095] InUse at 7f2e938b4900 of size 38400 next 380
2025-11-27 00:31:43.653582: I external/local_tsl/tsl/framework/bfc_allocator.cc:1095] InUse at 7f2e938bdf00 of size 24064 next 1118
2025-11-27 00:31:43.653586: I external/local_tsl/tsl/framework/bfc_allocator.cc:1095] InUse at 7f2e938c3d00 of size 6144 next 943
2025-11-27 00:31:43.653590: I external/local_tsl/tsl/framework/bfc_allocator.cc:1095] Free  at 7f2e938c5500 of size 6144 next 1085
2025-11-27 00:31:43.653594: I external/local_tsl/tsl/framework/bfc_allocator.cc:1095] InUse at 7f2e938c6d00 of size 1024 next 1480
2025-11-27 00:31:43.653598: I external/local_tsl/tsl/framework/bfc_allocator.cc:1095] Free  at 7f2e938c7100 of size 1280 next 1168
2025-11-27 00:31:43.653601: I external/local_tsl/tsl/framework/bfc_allocator.cc:1095] InUse at 7f2e938c7600 of size 18944 next 398
2025-11-27 00:31:43.653605: I external/local_tsl/tsl/framework/bfc_allocator.cc:1095] InUse at 7f2e938cc000 of size 199168 next 1003
2025-11-27 00:31:43.653609: I external/local_tsl/tsl/framework/bfc_allocator.cc:1095] InUse at 7f2e938fca00 of size 4096 next 1323
2025-11-27 00:31:43.653613: I external/local_tsl/tsl/framework/bfc_allocator.cc:1095] InUse at 7f2e938fda00 of size 48128 next 438
2025-11-27 00:31:43.653617: I external/local_tsl/tsl/framework/bfc_allocator.cc:1095] InUse at 7f2e93909600 of size 48128 next 1360
2025-11-27 00:31:43.653621: I external/local_tsl/tsl/framework/bfc_allocator.cc:1095] InUse at 7f2e93915200 of size 204800 next 490
2025-11-27 00:31:43.653625: I external/local_tsl/tsl/framework/bfc_allocator.cc:1095] InUse at 7f2e93947200 of size 301056 next 374
2025-11-27 00:31:43.653629: I external/local_tsl/tsl/framework/bfc_allocator.cc:1095] InUse at 7f2e93990a00 of size 322304 next 929
2025-11-27 00:31:43.653632: I external/local_tsl/tsl/framework/bfc_allocator.cc:1095] InUse at 7f2e939df500 of size 768 next 1378
2025-11-27 00:31:43.653636: I external/local_tsl/tsl/framework/bfc_allocator.cc:1095] Free  at 7f2e939df800 of size 8448 next 939
2025-11-27 00:31:43.653640: I external/local_tsl/tsl/framework/bfc_allocator.cc:1095] InUse at 7f2e939e1900 of size 38400 next 334
2025-11-27 00:31:43.653644: I external/local_tsl/tsl/framework/bfc_allocator.cc:1095] InUse at 7f2e939eaf00 of size 38400 next 1426
2025-11-27 00:31:43.653647: I external/local_tsl/tsl/framework/bfc_allocator.cc:1095] InUse at 7f2e939f4500 of size 38400 next 401
2025-11-27 00:31:43.653651: I external/local_tsl/tsl/framework/bfc_allocator.cc:1095] InUse at 7f2e939fdb00 of size 38400 next 1291
2025-11-27 00:31:43.653655: I external/local_tsl/tsl/framework/bfc_allocator.cc:1095] InUse at 7f2e93a07100 of size 38400 next 498
2025-11-27 00:31:43.653659: I external/local_tsl/tsl/framework/bfc_allocator.cc:1095] InUse at 7f2e93a10700 of size 38400 next 1432
2025-11-27 00:31:43.653662: I external/local_tsl/tsl/framework/bfc_allocator.cc:1095] InUse at 7f2e93a19d00 of size 153600 next 1324
2025-11-27 00:31:43.653666: I external/local_tsl/tsl/framework/bfc_allocator.cc:1095] InUse at 7f2e93a3f500 of size 198144 next 586
2025-11-27 00:31:43.653670: I external/local_tsl/tsl/framework/bfc_allocator.cc:1095] InUse at 7f2e93a6fb00 of size 256 next 589
2025-11-27 00:31:43.653674: I external/local_tsl/tsl/framework/bfc_allocator.cc:1095] InUse at 7f2e93a6fc00 of size 256 next 590
2025-11-27 00:31:43.653678: I external/local_tsl/tsl/framework/bfc_allocator.cc:1095] InUse at 7f2e93a6fd00 of size 256 next 595
2025-11-27 00:31:43.653682: I external/local_tsl/tsl/framework/bfc_allocator.cc:1095] InUse at 7f2e93a6fe00 of size 256 next 556
2025-11-27 00:31:43.653685: I external/local_tsl/tsl/framework/bfc_allocator.cc:1095] InUse at 7f2e93a6ff00 of size 2816 next 1103
2025-11-27 00:31:43.653689: I external/local_tsl/tsl/framework/bfc_allocator.cc:1095] InUse at 7f2e93a70a00 of size 25344 next 993
2025-11-27 00:31:43.653693: I external/local_tsl/tsl/framework/bfc_allocator.cc:1095] Free  at 7f2e93a76d00 of size 256 next 422
2025-11-27 00:31:43.653697: I external/local_tsl/tsl/framework/bfc_allocator.cc:1095] InUse at 7f2e93a76e00 of size 1280 next 1285
2025-11-27 00:31:43.653701: I external/local_tsl/tsl/framework/bfc_allocator.cc:1095] Free  at 7f2e93a77300 of size 3072 next 1303
2025-11-27 00:31:43.653704: I external/local_tsl/tsl/framework/bfc_allocator.cc:1095] InUse at 7f2e93a77f00 of size 76800 next 390
2025-11-27 00:31:43.653708: I external/local_tsl/tsl/framework/bfc_allocator.cc:1095] InUse at 7f2e93a8ab00 of size 38400 next 1075
2025-11-27 00:31:43.653712: I external/local_tsl/tsl/framework/bfc_allocator.cc:1095] Free  at 7f2e93a94100 of size 76800 next 916
2025-11-27 00:31:43.653716: I external/local_tsl/tsl/framework/bfc_allocator.cc:1095] InUse at 7f2e93aa6d00 of size 229888 next 1160
2025-11-27 00:31:43.653720: I external/local_tsl/tsl/framework/bfc_allocator.cc:1095] InUse at 7f2e93adef00 of size 1792 next 1170
2025-11-27 00:31:43.653724: I external/local_tsl/tsl/framework/bfc_allocator.cc:1095] InUse at 7f2e93adf600 of size 1024 next 1485
2025-11-27 00:31:43.653727: I external/local_tsl/tsl/framework/bfc_allocator.cc:1095] Free  at 7f2e93adfa00 of size 2048 next 175
2025-11-27 00:31:43.653731: I external/local_tsl/tsl/framework/bfc_allocator.cc:1095] InUse at 7f2e93ae0200 of size 1024 next 562
2025-11-27 00:31:43.653735: I external/local_tsl/tsl/framework/bfc_allocator.cc:1095] InUse at 7f2e93ae0600 of size 1024 next 1415
2025-11-27 00:31:43.653738: I external/local_tsl/tsl/framework/bfc_allocator.cc:1095] Free  at 7f2e93ae0a00 of size 2048 next 1436
2025-11-27 00:31:43.653742: I external/local_tsl/tsl/framework/bfc_allocator.cc:1095] InUse at 7f2e93ae1200 of size 2048 next 1355
2025-11-27 00:31:43.653746: I external/local_tsl/tsl/framework/bfc_allocator.cc:1095] InUse at 7f2e93ae1a00 of size 2048 next 1417
2025-11-27 00:31:43.653750: I external/local_tsl/tsl/framework/bfc_allocator.cc:1095] Free  at 7f2e93ae2200 of size 4096 next 519
2025-11-27 00:31:43.653754: I external/local_tsl/tsl/framework/bfc_allocator.cc:1095] InUse at 7f2e93ae3200 of size 3072 next 1317
2025-11-27 00:31:43.653758: I external/local_tsl/tsl/framework/bfc_allocator.cc:1095] InUse at 7f2e93ae3e00 of size 256 next 41
2025-11-27 00:31:43.653762: I external/local_tsl/tsl/framework/bfc_allocator.cc:1095] InUse at 7f2e93ae3f00 of size 512 next 1068
2025-11-27 00:31:43.653766: I external/local_tsl/tsl/framework/bfc_allocator.cc:1095] InUse at 7f2e93ae4100 of size 256 next 1044
2025-11-27 00:31:43.653770: I external/local_tsl/tsl/framework/bfc_allocator.cc:1095] InUse at 7f2e93ae4200 of size 256 next 963
2025-11-27 00:31:43.653774: I external/local_tsl/tsl/framework/bfc_allocator.cc:1095] Free  at 7f2e93ae4300 of size 47872 next 1030
2025-11-27 00:31:43.653778: I external/local_tsl/tsl/framework/bfc_allocator.cc:1095] InUse at 7f2e93aefe00 of size 4864 next 1373
2025-11-27 00:31:43.653781: I external/local_tsl/tsl/framework/bfc_allocator.cc:1095] Free  at 7f2e93af1100 of size 1280 next 471
2025-11-27 00:31:43.653785: I external/local_tsl/tsl/framework/bfc_allocator.cc:1095] InUse at 7f2e93af1600 of size 2048 next 443
2025-11-27 00:31:43.653789: I external/local_tsl/tsl/framework/bfc_allocator.cc:1095] InUse at 7f2e93af1e00 of size 14336 next 1345
2025-11-27 00:31:43.653793: I external/local_tsl/tsl/framework/bfc_allocator.cc:1095] InUse at 7f2e93af5600 of size 2816 next 411
2025-11-27 00:31:43.653797: I external/local_tsl/tsl/framework/bfc_allocator.cc:1095] InUse at 7f2e93af6100 of size 2816 next 370
2025-11-27 00:31:43.653801: I external/local_tsl/tsl/framework/bfc_allocator.cc:1095] InUse at 7f2e93af6c00 of size 2048 next 1043
2025-11-27 00:31:43.653804: I external/local_tsl/tsl/framework/bfc_allocator.cc:1095] InUse at 7f2e93af7400 of size 2304 next 1207
2025-11-27 00:31:43.653808: I external/local_tsl/tsl/framework/bfc_allocator.cc:1095] InUse at 7f2e93af7d00 of size 1280 next 1470
2025-11-27 00:31:43.653812: I external/local_tsl/tsl/framework/bfc_allocator.cc:1095] InUse at 7f2e93af8200 of size 768 next 1316
2025-11-27 00:31:43.653816: I external/local_tsl/tsl/framework/bfc_allocator.cc:1095] InUse at 7f2e93af8500 of size 1280 next 1374
2025-11-27 00:31:43.653819: I external/local_tsl/tsl/framework/bfc_allocator.cc:1095] InUse at 7f2e93af8a00 of size 1024 next 1066
2025-11-27 00:31:43.653823: I external/local_tsl/tsl/framework/bfc_allocator.cc:1095] InUse at 7f2e93af8e00 of size 512 next 441
2025-11-27 00:31:43.653827: I external/local_tsl/tsl/framework/bfc_allocator.cc:1095] InUse at 7f2e93af9000 of size 256 next 1407
2025-11-27 00:31:43.653830: I external/local_tsl/tsl/framework/bfc_allocator.cc:1095] InUse at 7f2e93af9100 of size 256 next 457
2025-11-27 00:31:43.653834: I external/local_tsl/tsl/framework/bfc_allocator.cc:1095] InUse at 7f2e93af9200 of size 1024 next 932
2025-11-27 00:31:43.653838: I external/local_tsl/tsl/framework/bfc_allocator.cc:1095] InUse at 7f2e93af9600 of size 1024 next 442
2025-11-27 00:31:43.653842: I external/local_tsl/tsl/framework/bfc_allocator.cc:1095] InUse at 7f2e93af9a00 of size 512 next 343
2025-11-27 00:31:43.653845: I external/local_tsl/tsl/framework/bfc_allocator.cc:1095] InUse at 7f2e93af9c00 of size 768 next 576
2025-11-27 00:31:43.653849: I external/local_tsl/tsl/framework/bfc_allocator.cc:1095] InUse at 7f2e93af9f00 of size 1280 next 597
2025-11-27 00:31:43.653853: I external/local_tsl/tsl/framework/bfc_allocator.cc:1095] InUse at 7f2e93afa400 of size 256 next 606
2025-11-27 00:31:43.653857: I external/local_tsl/tsl/framework/bfc_allocator.cc:1095] InUse at 7f2e93afa500 of size 768 next 600
2025-11-27 00:31:43.653860: I external/local_tsl/tsl/framework/bfc_allocator.cc:1095] InUse at 7f2e93afa800 of size 1024 next 601
2025-11-27 00:31:43.653864: I external/local_tsl/tsl/framework/bfc_allocator.cc:1095] InUse at 7f2e93afac00 of size 1792 next 583
2025-11-27 00:31:43.653868: I external/local_tsl/tsl/framework/bfc_allocator.cc:1095] InUse at 7f2e93afb300 of size 1024 next 1399
2025-11-27 00:31:43.653872: I external/local_tsl/tsl/framework/bfc_allocator.cc:1095] Free  at 7f2e93afb700 of size 1024 next 1332
2025-11-27 00:31:43.653875: I external/local_tsl/tsl/framework/bfc_allocator.cc:1095] InUse at 7f2e93afbb00 of size 1024 next 1147
2025-11-27 00:31:43.653879: I external/local_tsl/tsl/framework/bfc_allocator.cc:1095] InUse at 7f2e93afbf00 of size 768 next 417
2025-11-27 00:31:43.653883: I external/local_tsl/tsl/framework/bfc_allocator.cc:1095] Free  at 7f2e93afc200 of size 768 next 468
2025-11-27 00:31:43.653887: I external/local_tsl/tsl/framework/bfc_allocator.cc:1095] InUse at 7f2e93afc500 of size 5632 next 585
2025-11-27 00:31:43.653890: I external/local_tsl/tsl/framework/bfc_allocator.cc:1095] InUse at 7f2e93afdb00 of size 3584 next 593
2025-11-27 00:31:43.653894: I external/local_tsl/tsl/framework/bfc_allocator.cc:1095] InUse at 7f2e93afe900 of size 512 next 608
2025-11-27 00:31:43.653898: I external/local_tsl/tsl/framework/bfc_allocator.cc:1095] InUse at 7f2e93afeb00 of size 512 next 609
2025-11-27 00:31:43.653902: I external/local_tsl/tsl/framework/bfc_allocator.cc:1095] InUse at 7f2e93afed00 of size 512 next 611
2025-11-27 00:31:43.653905: I external/local_tsl/tsl/framework/bfc_allocator.cc:1095] InUse at 7f2e93afef00 of size 256 next 613
2025-11-27 00:31:43.653909: I external/local_tsl/tsl/framework/bfc_allocator.cc:1095] InUse at 7f2e93aff000 of size 256 next 604
2025-11-27 00:31:43.653913: I external/local_tsl/tsl/framework/bfc_allocator.cc:1095] InUse at 7f2e93aff100 of size 2048 next 605
2025-11-27 00:31:43.653917: I external/local_tsl/tsl/framework/bfc_allocator.cc:1095] InUse at 7f2e93aff900 of size 256 next 619
2025-11-27 00:31:43.653921: I external/local_tsl/tsl/framework/bfc_allocator.cc:1095] InUse at 7f2e93affa00 of size 256 next 615
2025-11-27 00:31:43.653924: I external/local_tsl/tsl/framework/bfc_allocator.cc:1095] InUse at 7f2e93affb00 of size 512 next 616
2025-11-27 00:31:43.653928: I external/local_tsl/tsl/framework/bfc_allocator.cc:1095] InUse at 7f2e93affd00 of size 256 next 632
2025-11-27 00:31:43.653932: I external/local_tsl/tsl/framework/bfc_allocator.cc:1095] InUse at 7f2e93affe00 of size 256 next 612
2025-11-27 00:31:43.653936: I external/local_tsl/tsl/framework/bfc_allocator.cc:1095] InUse at 7f2e93afff00 of size 2048 next 610
2025-11-27 00:31:43.653939: I external/local_tsl/tsl/framework/bfc_allocator.cc:1095] InUse at 7f2e93b00700 of size 5632 next 572
2025-11-27 00:31:43.653943: I external/local_tsl/tsl/framework/bfc_allocator.cc:1095] InUse at 7f2e93b01d00 of size 4608 next 1077
2025-11-27 00:31:43.653947: I external/local_tsl/tsl/framework/bfc_allocator.cc:1095] InUse at 7f2e93b02f00 of size 4608 next 1235
2025-11-27 00:31:43.653951: I external/local_tsl/tsl/framework/bfc_allocator.cc:1095] InUse at 7f2e93b04100 of size 517632 next 530
2025-11-27 00:31:43.653955: I external/local_tsl/tsl/framework/bfc_allocator.cc:1095] InUse at 7f2e93b82700 of size 221184 next 1055
2025-11-27 00:31:43.653959: I external/local_tsl/tsl/framework/bfc_allocator.cc:1095] InUse at 7f2e93bb8700 of size 221184 next 930
2025-11-27 00:31:43.653962: I external/local_tsl/tsl/framework/bfc_allocator.cc:1095] InUse at 7f2e93bee700 of size 115200 next 1189
2025-11-27 00:31:43.653966: I external/local_tsl/tsl/framework/bfc_allocator.cc:1095] InUse at 7f2e93c0a900 of size 67328 next 420
2025-11-27 00:31:43.653970: I external/local_tsl/tsl/framework/bfc_allocator.cc:1095] InUse at 7f2e93c1b000 of size 75264 next 514
2025-11-27 00:31:43.653973: I external/local_tsl/tsl/framework/bfc_allocator.cc:1095] InUse at 7f2e93c2d600 of size 75264 next 518
2025-11-27 00:31:43.653977: I external/local_tsl/tsl/framework/bfc_allocator.cc:1095] InUse at 7f2e93c3fc00 of size 112128 next 1000
2025-11-27 00:31:43.653981: I external/local_tsl/tsl/framework/bfc_allocator.cc:1095] Free  at 7f2e93c5b200 of size 69888 next 1038
2025-11-27 00:31:43.653985: I external/local_tsl/tsl/framework/bfc_allocator.cc:1095] InUse at 7f2e93c6c300 of size 3072 next 1365
2025-11-27 00:31:43.653989: I external/local_tsl/tsl/framework/bfc_allocator.cc:1095] InUse at 7f2e93c6cf00 of size 1024 next 977
2025-11-27 00:31:43.653993: I external/local_tsl/tsl/framework/bfc_allocator.cc:1095] InUse at 7f2e93c6d300 of size 512 next 402
2025-11-27 00:31:43.653996: I external/local_tsl/tsl/framework/bfc_allocator.cc:1095] InUse at 7f2e93c6d500 of size 512 next 1255
2025-11-27 00:31:43.654000: I external/local_tsl/tsl/framework/bfc_allocator.cc:1095] Free  at 7f2e93c6d700 of size 256 next 1301
2025-11-27 00:31:43.654004: I external/local_tsl/tsl/framework/bfc_allocator.cc:1095] InUse at 7f2e93c6d800 of size 256 next 1153
2025-11-27 00:31:43.654007: I external/local_tsl/tsl/framework/bfc_allocator.cc:1095] InUse at 7f2e93c6d900 of size 256 next 1249
2025-11-27 00:31:43.654011: I external/local_tsl/tsl/framework/bfc_allocator.cc:1095] InUse at 7f2e93c6da00 of size 256 next 1383
2025-11-27 00:31:43.654015: I external/local_tsl/tsl/framework/bfc_allocator.cc:1095] InUse at 7f2e93c6db00 of size 1024 next 910
2025-11-27 00:31:43.654019: I external/local_tsl/tsl/framework/bfc_allocator.cc:1095] Free  at 7f2e93c6df00 of size 2048 next 1180
2025-11-27 00:31:43.654022: I external/local_tsl/tsl/framework/bfc_allocator.cc:1095] InUse at 7f2e93c6e700 of size 2048 next 1384
2025-11-27 00:31:43.654026: I external/local_tsl/tsl/framework/bfc_allocator.cc:1095] InUse at 7f2e93c6ef00 of size 512 next 381
2025-11-27 00:31:43.654030: I external/local_tsl/tsl/framework/bfc_allocator.cc:1095] InUse at 7f2e93c6f100 of size 512 next 1425
2025-11-27 00:31:43.654034: I external/local_tsl/tsl/framework/bfc_allocator.cc:1095] InUse at 7f2e93c6f300 of size 3072 next 1408
2025-11-27 00:31:43.654037: I external/local_tsl/tsl/framework/bfc_allocator.cc:1095] InUse at 7f2e93c6ff00 of size 3072 next 506
2025-11-27 00:31:43.654041: I external/local_tsl/tsl/framework/bfc_allocator.cc:1095] InUse at 7f2e93c70b00 of size 2816 next 1419
2025-11-27 00:31:43.654045: I external/local_tsl/tsl/framework/bfc_allocator.cc:1095] InUse at 7f2e93c71600 of size 9728 next 1124
2025-11-27 00:31:43.654049: I external/local_tsl/tsl/framework/bfc_allocator.cc:1095] InUse at 7f2e93c73c00 of size 14848 next 998
2025-11-27 00:31:43.654053: I external/local_tsl/tsl/framework/bfc_allocator.cc:1095] InUse at 7f2e93c77600 of size 105984 next 257
2025-11-27 00:31:43.654057: I external/local_tsl/tsl/framework/bfc_allocator.cc:1095] InUse at 7f2e93c91400 of size 256 next 1221
2025-11-27 00:31:43.654061: I external/local_tsl/tsl/framework/bfc_allocator.cc:1095] InUse at 7f2e93c91500 of size 13824 next 1328
2025-11-27 00:31:43.654064: I external/local_tsl/tsl/framework/bfc_allocator.cc:1095] InUse at 7f2e93c94b00 of size 13824 next 23
2025-11-27 00:31:43.654068: I external/local_tsl/tsl/framework/bfc_allocator.cc:1095] InUse at 7f2e93c98100 of size 13824 next 1333
2025-11-27 00:31:43.654072: I external/local_tsl/tsl/framework/bfc_allocator.cc:1095] InUse at 7f2e93c9b700 of size 16128 next 1261
2025-11-27 00:31:43.654076: I external/local_tsl/tsl/framework/bfc_allocator.cc:1095] InUse at 7f2e93c9f600 of size 75264 next 1473
2025-11-27 00:31:43.654080: I external/local_tsl/tsl/framework/bfc_allocator.cc:1095] InUse at 7f2e93cb1c00 of size 75264 next 1115
2025-11-27 00:31:43.654084: I external/local_tsl/tsl/framework/bfc_allocator.cc:1095] InUse at 7f2e93cc4200 of size 118272 next 1439
2025-11-27 00:31:43.654088: I external/local_tsl/tsl/framework/bfc_allocator.cc:1095] InUse at 7f2e93ce1000 of size 301056 next 1428
2025-11-27 00:31:43.654092: I external/local_tsl/tsl/framework/bfc_allocator.cc:1095] InUse at 7f2e93d2a800 of size 514816 next 1179
2025-11-27 00:31:43.654096: I external/local_tsl/tsl/framework/bfc_allocator.cc:1095] InUse at 7f2e93da8300 of size 16896 next 406
2025-11-27 00:31:43.654100: I external/local_tsl/tsl/framework/bfc_allocator.cc:1095] InUse at 7f2e93dac500 of size 5120 next 594
2025-11-27 00:31:43.654103: I external/local_tsl/tsl/framework/bfc_allocator.cc:1095] InUse at 7f2e93dad900 of size 6144 next 607
2025-11-27 00:31:43.654107: I external/local_tsl/tsl/framework/bfc_allocator.cc:1095] InUse at 7f2e93daf100 of size 1536 next 614
2025-11-27 00:31:43.654111: I external/local_tsl/tsl/framework/bfc_allocator.cc:1095] InUse at 7f2e93daf700 of size 256 next 642
2025-11-27 00:31:43.654115: I external/local_tsl/tsl/framework/bfc_allocator.cc:1095] InUse at 7f2e93daf800 of size 256 next 646
2025-11-27 00:31:43.654118: I external/local_tsl/tsl/framework/bfc_allocator.cc:1095] InUse at 7f2e93daf900 of size 256 next 622
2025-11-27 00:31:43.654122: I external/local_tsl/tsl/framework/bfc_allocator.cc:1095] InUse at 7f2e93dafa00 of size 768 next 623
2025-11-27 00:31:43.654126: I external/local_tsl/tsl/framework/bfc_allocator.cc:1095] InUse at 7f2e93dafd00 of size 768 next 624
2025-11-27 00:31:43.654130: I external/local_tsl/tsl/framework/bfc_allocator.cc:1095] InUse at 7f2e93db0000 of size 768 next 626
2025-11-27 00:31:43.654133: I external/local_tsl/tsl/framework/bfc_allocator.cc:1095] InUse at 7f2e93db0300 of size 768 next 627
2025-11-27 00:31:43.654137: I external/local_tsl/tsl/framework/bfc_allocator.cc:1095] InUse at 7f2e93db0600 of size 5376 next 617
2025-11-27 00:31:43.654141: I external/local_tsl/tsl/framework/bfc_allocator.cc:1095] InUse at 7f2e93db1b00 of size 9216 next 618
2025-11-27 00:31:43.654145: I external/local_tsl/tsl/framework/bfc_allocator.cc:1095] InUse at 7f2e93db3f00 of size 5376 next 625
2025-11-27 00:31:43.654149: I external/local_tsl/tsl/framework/bfc_allocator.cc:1095] InUse at 7f2e93db5400 of size 3584 next 628
2025-11-27 00:31:43.654153: I external/local_tsl/tsl/framework/bfc_allocator.cc:1095] InUse at 7f2e93db6200 of size 768 next 629
2025-11-27 00:31:43.654157: I external/local_tsl/tsl/framework/bfc_allocator.cc:1095] InUse at 7f2e93db6500 of size 768 next 634
2025-11-27 00:31:43.654161: I external/local_tsl/tsl/framework/bfc_allocator.cc:1095] InUse at 7f2e93db6800 of size 768 next 635
2025-11-27 00:31:43.654165: I external/local_tsl/tsl/framework/bfc_allocator.cc:1095] InUse at 7f2e93db6b00 of size 768 next 638
2025-11-27 00:31:43.654168: I external/local_tsl/tsl/framework/bfc_allocator.cc:1095] InUse at 7f2e93db6e00 of size 768 next 639
2025-11-27 00:31:43.654172: I external/local_tsl/tsl/framework/bfc_allocator.cc:1095] InUse at 7f2e93db7100 of size 256 next 653
2025-11-27 00:31:43.654176: I external/local_tsl/tsl/framework/bfc_allocator.cc:1095] InUse at 7f2e93db7200 of size 256 next 658
2025-11-27 00:31:43.654180: I external/local_tsl/tsl/framework/bfc_allocator.cc:1095] InUse at 7f2e93db7300 of size 256 next 659
2025-11-27 00:31:43.654183: I external/local_tsl/tsl/framework/bfc_allocator.cc:1095] InUse at 7f2e93db7400 of size 256 next 620
2025-11-27 00:31:43.654187: I external/local_tsl/tsl/framework/bfc_allocator.cc:1095] InUse at 7f2e93db7500 of size 13824 next 621
2025-11-27 00:31:43.654191: I external/local_tsl/tsl/framework/bfc_allocator.cc:1095] InUse at 7f2e93dbab00 of size 768 next 643
2025-11-27 00:31:43.654195: I external/local_tsl/tsl/framework/bfc_allocator.cc:1095] InUse at 7f2e93dbae00 of size 1024 next 649
2025-11-27 00:31:43.654198: I external/local_tsl/tsl/framework/bfc_allocator.cc:1095] InUse at 7f2e93dbb200 of size 1792 next 640
2025-11-27 00:31:43.654202: I external/local_tsl/tsl/framework/bfc_allocator.cc:1095] InUse at 7f2e93dbb900 of size 3584 next 641
2025-11-27 00:31:43.654206: I external/local_tsl/tsl/framework/bfc_allocator.cc:1095] InUse at 7f2e93dbc700 of size 6656 next 630
2025-11-27 00:31:43.654210: I external/local_tsl/tsl/framework/bfc_allocator.cc:1095] InUse at 7f2e93dbe100 of size 13824 next 631
2025-11-27 00:31:43.654214: I external/local_tsl/tsl/framework/bfc_allocator.cc:1095] InUse at 7f2e93dc1700 of size 13824 next 633
2025-11-27 00:31:43.654217: I external/local_tsl/tsl/framework/bfc_allocator.cc:1095] InUse at 7f2e93dc4d00 of size 1024 next 651
2025-11-27 00:31:43.654221: I external/local_tsl/tsl/framework/bfc_allocator.cc:1095] InUse at 7f2e93dc5100 of size 1024 next 652
2025-11-27 00:31:43.654225: I external/local_tsl/tsl/framework/bfc_allocator.cc:1095] InUse at 7f2e93dc5500 of size 256 next 681
2025-11-27 00:31:43.654229: I external/local_tsl/tsl/framework/bfc_allocator.cc:1095] InUse at 7f2e93dc5600 of size 256 next 671
2025-11-27 00:31:43.654233: I external/local_tsl/tsl/framework/bfc_allocator.cc:1095] InUse at 7f2e93dc5700 of size 512 next 655
2025-11-27 00:31:43.654236: I external/local_tsl/tsl/framework/bfc_allocator.cc:1095] InUse at 7f2e93dc5900 of size 1024 next 656
2025-11-27 00:31:43.654240: I external/local_tsl/tsl/framework/bfc_allocator.cc:1095] InUse at 7f2e93dc5d00 of size 1024 next 661
2025-11-27 00:31:43.654244: I external/local_tsl/tsl/framework/bfc_allocator.cc:1095] InUse at 7f2e93dc6100 of size 1024 next 662
2025-11-27 00:31:43.654247: I external/local_tsl/tsl/framework/bfc_allocator.cc:1095] InUse at 7f2e93dc6500 of size 1024 next 664
2025-11-27 00:31:43.654251: I external/local_tsl/tsl/framework/bfc_allocator.cc:1095] InUse at 7f2e93dc6900 of size 1024 next 665
2025-11-27 00:31:43.654255: I external/local_tsl/tsl/framework/bfc_allocator.cc:1095] InUse at 7f2e93dc6d00 of size 1024 next 668
2025-11-27 00:31:43.654259: I external/local_tsl/tsl/framework/bfc_allocator.cc:1095] InUse at 7f2e93dc7100 of size 512 next 672
2025-11-27 00:31:43.654262: I external/local_tsl/tsl/framework/bfc_allocator.cc:1095] InUse at 7f2e93dc7300 of size 256 next 708
2025-11-27 00:31:43.654266: I external/local_tsl/tsl/framework/bfc_allocator.cc:1095] InUse at 7f2e93dc7400 of size 256 next 685
2025-11-27 00:31:43.654270: I external/local_tsl/tsl/framework/bfc_allocator.cc:1095] InUse at 7f2e93dc7500 of size 512 next 686
2025-11-27 00:31:43.654273: I external/local_tsl/tsl/framework/bfc_allocator.cc:1095] InUse at 7f2e93dc7700 of size 512 next 687
2025-11-27 00:31:43.654277: I external/local_tsl/tsl/framework/bfc_allocator.cc:1095] InUse at 7f2e93dc7900 of size 512 next 674
2025-11-27 00:31:43.654281: I external/local_tsl/tsl/framework/bfc_allocator.cc:1095] InUse at 7f2e93dc7b00 of size 2816 next 636
2025-11-27 00:31:43.654285: I external/local_tsl/tsl/framework/bfc_allocator.cc:1095] InUse at 7f2e93dc8600 of size 14592 next 637
2025-11-27 00:31:43.654289: I external/local_tsl/tsl/framework/bfc_allocator.cc:1095] InUse at 7f2e93dcbf00 of size 16640 next 549
2025-11-27 00:31:43.654292: I external/local_tsl/tsl/framework/bfc_allocator.cc:1095] Free  at 7f2e93dd0000 of size 191744 next 386
2025-11-27 00:31:43.654296: I external/local_tsl/tsl/framework/bfc_allocator.cc:1095] InUse at 7f2e93dfed00 of size 2816 next 472
2025-11-27 00:31:43.654300: I external/local_tsl/tsl/framework/bfc_allocator.cc:1095] InUse at 7f2e93dff800 of size 2816 next 47
2025-11-27 00:31:43.654304: I external/local_tsl/tsl/framework/bfc_allocator.cc:1095] InUse at 7f2e93e00300 of size 2816 next 533
2025-11-27 00:31:43.654307: I external/local_tsl/tsl/framework/bfc_allocator.cc:1095] InUse at 7f2e93e00e00 of size 2816 next 1123
2025-11-27 00:31:43.654311: I external/local_tsl/tsl/framework/bfc_allocator.cc:1095] InUse at 7f2e93e01900 of size 768 next 484
2025-11-27 00:31:43.654315: I external/local_tsl/tsl/framework/bfc_allocator.cc:1095] Free  at 7f2e93e01c00 of size 2048 next 1420
2025-11-27 00:31:43.654319: I external/local_tsl/tsl/framework/bfc_allocator.cc:1095] InUse at 7f2e93e02400 of size 2816 next 907
2025-11-27 00:31:43.654322: I external/local_tsl/tsl/framework/bfc_allocator.cc:1095] InUse at 7f2e93e02f00 of size 2816 next 591
2025-11-27 00:31:43.654326: I external/local_tsl/tsl/framework/bfc_allocator.cc:1095] InUse at 7f2e93e03a00 of size 2816 next 1382
2025-11-27 00:31:43.654330: I external/local_tsl/tsl/framework/bfc_allocator.cc:1095] InUse at 7f2e93e04500 of size 2816 next 1246
2025-11-27 00:31:43.654334: I external/local_tsl/tsl/framework/bfc_allocator.cc:1095] InUse at 7f2e93e05000 of size 768 next 913
2025-11-27 00:31:43.654338: I external/local_tsl/tsl/framework/bfc_allocator.cc:1095] InUse at 7f2e93e05300 of size 768 next 1304
2025-11-27 00:31:43.654341: I external/local_tsl/tsl/framework/bfc_allocator.cc:1095] InUse at 7f2e93e05600 of size 768 next 941
2025-11-27 00:31:43.654345: I external/local_tsl/tsl/framework/bfc_allocator.cc:1095] InUse at 7f2e93e05900 of size 768 next 1476
2025-11-27 00:31:43.654349: I external/local_tsl/tsl/framework/bfc_allocator.cc:1095] Free  at 7f2e93e05c00 of size 256 next 1014
2025-11-27 00:31:43.654352: I external/local_tsl/tsl/framework/bfc_allocator.cc:1095] InUse at 7f2e93e05d00 of size 768 next 1172
2025-11-27 00:31:43.654356: I external/local_tsl/tsl/framework/bfc_allocator.cc:1095] InUse at 7f2e93e06000 of size 1280 next 983
2025-11-27 00:31:43.654360: I external/local_tsl/tsl/framework/bfc_allocator.cc:1095] Free  at 7f2e93e06500 of size 6400 next 34
2025-11-27 00:31:43.654364: I external/local_tsl/tsl/framework/bfc_allocator.cc:1095] InUse at 7f2e93e07e00 of size 2048 next 986
2025-11-27 00:31:43.654367: I external/local_tsl/tsl/framework/bfc_allocator.cc:1095] Free  at 7f2e93e08600 of size 512 next 232
2025-11-27 00:31:43.654371: I external/local_tsl/tsl/framework/bfc_allocator.cc:1095] InUse at 7f2e93e08800 of size 256 next 198
2025-11-27 00:31:43.654375: I external/local_tsl/tsl/framework/bfc_allocator.cc:1095] Free  at 7f2e93e08900 of size 256 next 1205
2025-11-27 00:31:43.654379: I external/local_tsl/tsl/framework/bfc_allocator.cc:1095] InUse at 7f2e93e08a00 of size 3072 next 1492
2025-11-27 00:31:43.654382: I external/local_tsl/tsl/framework/bfc_allocator.cc:1095] InUse at 7f2e93e09600 of size 1024 next 1122
2025-11-27 00:31:43.654386: I external/local_tsl/tsl/framework/bfc_allocator.cc:1095] InUse at 7f2e93e09a00 of size 1024 next 539
2025-11-27 00:31:43.654390: I external/local_tsl/tsl/framework/bfc_allocator.cc:1095] InUse at 7f2e93e09e00 of size 1024 next 927
2025-11-27 00:31:43.654394: I external/local_tsl/tsl/framework/bfc_allocator.cc:1095] InUse at 7f2e93e0a200 of size 5120 next 1204
2025-11-27 00:31:43.654397: I external/local_tsl/tsl/framework/bfc_allocator.cc:1095] InUse at 7f2e93e0b600 of size 2048 next 464
2025-11-27 00:31:43.654401: I external/local_tsl/tsl/framework/bfc_allocator.cc:1095] InUse at 7f2e93e0be00 of size 2048 next 1307
2025-11-27 00:31:43.654405: I external/local_tsl/tsl/framework/bfc_allocator.cc:1095] InUse at 7f2e93e0c600 of size 2048 next 377
2025-11-27 00:31:43.654409: I external/local_tsl/tsl/framework/bfc_allocator.cc:1095] InUse at 7f2e93e0ce00 of size 3584 next 1166
2025-11-27 00:31:43.654412: I external/local_tsl/tsl/framework/bfc_allocator.cc:1095] Free  at 7f2e93e0dc00 of size 3072 next 1479
2025-11-27 00:31:43.654416: I external/local_tsl/tsl/framework/bfc_allocator.cc:1095] InUse at 7f2e93e0e800 of size 8192 next 1098
2025-11-27 00:31:43.654420: I external/local_tsl/tsl/framework/bfc_allocator.cc:1095] Free  at 7f2e93e10800 of size 2048 next 961
2025-11-27 00:31:43.654424: I external/local_tsl/tsl/framework/bfc_allocator.cc:1095] InUse at 7f2e93e11000 of size 2048 next 1087
2025-11-27 00:31:43.654428: I external/local_tsl/tsl/framework/bfc_allocator.cc:1095] InUse at 7f2e93e11800 of size 2048 next 1330
2025-11-27 00:31:43.654432: I external/local_tsl/tsl/framework/bfc_allocator.cc:1095] InUse at 7f2e93e12000 of size 1024 next 439
2025-11-27 00:31:43.654435: I external/local_tsl/tsl/framework/bfc_allocator.cc:1095] InUse at 7f2e93e12400 of size 2816 next 1369
2025-11-27 00:31:43.654439: I external/local_tsl/tsl/framework/bfc_allocator.cc:1095] InUse at 7f2e93e12f00 of size 4096 next 1216
2025-11-27 00:31:43.654443: I external/local_tsl/tsl/framework/bfc_allocator.cc:1095] InUse at 7f2e93e13f00 of size 1616128 next 1206
2025-11-27 00:31:43.654447: I external/local_tsl/tsl/framework/bfc_allocator.cc:1095] InUse at 7f2e93f9e800 of size 1024000 next 1313
2025-11-27 00:31:43.654450: I external/local_tsl/tsl/framework/bfc_allocator.cc:1095] InUse at 7f2e94098800 of size 516096 next 999
2025-11-27 00:31:43.654454: I external/local_tsl/tsl/framework/bfc_allocator.cc:1095] InUse at 7f2e94116800 of size 546816 next 575
2025-11-27 00:31:43.654458: I external/local_tsl/tsl/framework/bfc_allocator.cc:1095] InUse at 7f2e9419c000 of size 9728 next 654
2025-11-27 00:31:43.654462: I external/local_tsl/tsl/framework/bfc_allocator.cc:1095] InUse at 7f2e9419e600 of size 2048 next 689
2025-11-27 00:31:43.654466: I external/local_tsl/tsl/framework/bfc_allocator.cc:1095] InUse at 7f2e9419ee00 of size 2048 next 690
2025-11-27 00:31:43.654469: I external/local_tsl/tsl/framework/bfc_allocator.cc:1095] InUse at 7f2e9419f600 of size 2048 next 692
2025-11-27 00:31:43.654473: I external/local_tsl/tsl/framework/bfc_allocator.cc:1095] InUse at 7f2e9419fe00 of size 2048 next 693
2025-11-27 00:31:43.654477: I external/local_tsl/tsl/framework/bfc_allocator.cc:1095] InUse at 7f2e941a0600 of size 2048 next 697
2025-11-27 00:31:43.654481: I external/local_tsl/tsl/framework/bfc_allocator.cc:1095] InUse at 7f2e941a0e00 of size 512 next 723
2025-11-27 00:31:43.654485: I external/local_tsl/tsl/framework/bfc_allocator.cc:1095] InUse at 7f2e941a1000 of size 512 next 724
2025-11-27 00:31:43.654489: I external/local_tsl/tsl/framework/bfc_allocator.cc:1095] InUse at 7f2e941a1200 of size 256 next 760
2025-11-27 00:31:43.654493: I external/local_tsl/tsl/framework/bfc_allocator.cc:1095] InUse at 7f2e941a1300 of size 256 next 735
2025-11-27 00:31:43.654496: I external/local_tsl/tsl/framework/bfc_allocator.cc:1095] InUse at 7f2e941a1400 of size 512 next 736
2025-11-27 00:31:43.654500: I external/local_tsl/tsl/framework/bfc_allocator.cc:1095] InUse at 7f2e941a1600 of size 512 next 737
2025-11-27 00:31:43.654504: I external/local_tsl/tsl/framework/bfc_allocator.cc:1095] InUse at 7f2e941a1800 of size 256 next 787
2025-11-27 00:31:43.654508: I external/local_tsl/tsl/framework/bfc_allocator.cc:1095] InUse at 7f2e941a1900 of size 256 next 644
2025-11-27 00:31:43.654511: I external/local_tsl/tsl/framework/bfc_allocator.cc:1095] InUse at 7f2e941a1a00 of size 23040 next 645
2025-11-27 00:31:43.654515: I external/local_tsl/tsl/framework/bfc_allocator.cc:1095] InUse at 7f2e941a7400 of size 8704 next 663
2025-11-27 00:31:43.654519: I external/local_tsl/tsl/framework/bfc_allocator.cc:1095] InUse at 7f2e941a9600 of size 9728 next 666
2025-11-27 00:31:43.654522: I external/local_tsl/tsl/framework/bfc_allocator.cc:1095] InUse at 7f2e941abc00 of size 9728 next 667
2025-11-27 00:31:43.654526: I external/local_tsl/tsl/framework/bfc_allocator.cc:1095] InUse at 7f2e941ae200 of size 2048 next 675
2025-11-27 00:31:43.654530: I external/local_tsl/tsl/framework/bfc_allocator.cc:1095] InUse at 7f2e941aea00 of size 2048 next 678
2025-11-27 00:31:43.654534: I external/local_tsl/tsl/framework/bfc_allocator.cc:1095] InUse at 7f2e941af200 of size 2048 next 679
2025-11-27 00:31:43.654537: I external/local_tsl/tsl/framework/bfc_allocator.cc:1095] InUse at 7f2e941afa00 of size 2048 next 683
2025-11-27 00:31:43.654541: I external/local_tsl/tsl/framework/bfc_allocator.cc:1095] InUse at 7f2e941b0200 of size 512 next 700
2025-11-27 00:31:43.654545: I external/local_tsl/tsl/framework/bfc_allocator.cc:1095] InUse at 7f2e941b0400 of size 256 next 732
2025-11-27 00:31:43.654549: I external/local_tsl/tsl/framework/bfc_allocator.cc:1095] InUse at 7f2e941b0500 of size 256 next 711
2025-11-27 00:31:43.654552: I external/local_tsl/tsl/framework/bfc_allocator.cc:1095] InUse at 7f2e941b0600 of size 512 next 712
2025-11-27 00:31:43.654556: I external/local_tsl/tsl/framework/bfc_allocator.cc:1095] InUse at 7f2e941b0800 of size 512 next 647
2025-11-27 00:31:43.654560: I external/local_tsl/tsl/framework/bfc_allocator.cc:1095] InUse at 7f2e941b0a00 of size 38400 next 648
2025-11-27 00:31:43.654564: I external/local_tsl/tsl/framework/bfc_allocator.cc:1095] InUse at 7f2e941ba000 of size 24064 next 650
2025-11-27 00:31:43.654567: I external/local_tsl/tsl/framework/bfc_allocator.cc:1095] InUse at 7f2e941bfe00 of size 38400 next 657
2025-11-27 00:31:43.654571: I external/local_tsl/tsl/framework/bfc_allocator.cc:1095] InUse at 7f2e941c9400 of size 38400 next 660
2025-11-27 00:31:43.654575: I external/local_tsl/tsl/framework/bfc_allocator.cc:1095] InUse at 7f2e941d2a00 of size 2048 next 702
2025-11-27 00:31:43.654578: I external/local_tsl/tsl/framework/bfc_allocator.cc:1095] InUse at 7f2e941d3200 of size 2048 next 703
2025-11-27 00:31:43.654582: I external/local_tsl/tsl/framework/bfc_allocator.cc:1095] InUse at 7f2e941d3a00 of size 2048 next 705
2025-11-27 00:31:43.654586: I external/local_tsl/tsl/framework/bfc_allocator.cc:1095] InUse at 7f2e941d4200 of size 2048 next 706
2025-11-27 00:31:43.654590: I external/local_tsl/tsl/framework/bfc_allocator.cc:1095] InUse at 7f2e941d4a00 of size 2048 next 709
2025-11-27 00:31:43.654594: I external/local_tsl/tsl/framework/bfc_allocator.cc:1095] InUse at 7f2e941d5200 of size 2816 next 715
2025-11-27 00:31:43.654598: I external/local_tsl/tsl/framework/bfc_allocator.cc:1095] InUse at 7f2e941d5d00 of size 4352 next 676
2025-11-27 00:31:43.654602: I external/local_tsl/tsl/framework/bfc_allocator.cc:1095] InUse at 7f2e941d6e00 of size 17408 next 677
2025-11-27 00:31:43.654606: I external/local_tsl/tsl/framework/bfc_allocator.cc:1095] InUse at 7f2e941db200 of size 17408 next 691
2025-11-27 00:31:43.654609: I external/local_tsl/tsl/framework/bfc_allocator.cc:1095] InUse at 7f2e941df600 of size 2816 next 717
2025-11-27 00:31:43.654613: I external/local_tsl/tsl/framework/bfc_allocator.cc:1095] InUse at 7f2e941e0100 of size 2816 next 718
2025-11-27 00:31:43.654617: I external/local_tsl/tsl/framework/bfc_allocator.cc:1095] InUse at 7f2e941e0c00 of size 2816 next 720
2025-11-27 00:31:43.654621: I external/local_tsl/tsl/framework/bfc_allocator.cc:1095] InUse at 7f2e941e1700 of size 256 next 809
2025-11-27 00:31:43.654625: I external/local_tsl/tsl/framework/bfc_allocator.cc:1095] InUse at 7f2e941e1800 of size 256 next 810
2025-11-27 00:31:43.654629: I external/local_tsl/tsl/framework/bfc_allocator.cc:1095] InUse at 7f2e941e1900 of size 256 next 749
2025-11-27 00:31:43.654633: I external/local_tsl/tsl/framework/bfc_allocator.cc:1095] InUse at 7f2e941e1a00 of size 768 next 750
2025-11-27 00:31:43.654636: I external/local_tsl/tsl/framework/bfc_allocator.cc:1095] InUse at 7f2e941e1d00 of size 1280 next 726
2025-11-27 00:31:43.654640: I external/local_tsl/tsl/framework/bfc_allocator.cc:1095] InUse at 7f2e941e2200 of size 2816 next 727
2025-11-27 00:31:43.654644: I external/local_tsl/tsl/framework/bfc_allocator.cc:1095] InUse at 7f2e941e2d00 of size 2816 next 728
2025-11-27 00:31:43.654647: I external/local_tsl/tsl/framework/bfc_allocator.cc:1095] InUse at 7f2e941e3800 of size 2816 next 730
2025-11-27 00:31:43.654651: I external/local_tsl/tsl/framework/bfc_allocator.cc:1095] InUse at 7f2e941e4300 of size 4864 next 669
2025-11-27 00:31:43.654655: I external/local_tsl/tsl/framework/bfc_allocator.cc:1095] InUse at 7f2e941e5600 of size 76800 next 670
2025-11-27 00:31:43.654659: I external/local_tsl/tsl/framework/bfc_allocator.cc:1095] InUse at 7f2e941f8200 of size 38400 next 680
2025-11-27 00:31:43.654662: I external/local_tsl/tsl/framework/bfc_allocator.cc:1095] InUse at 7f2e94201800 of size 38400 next 682
2025-11-27 00:31:43.654666: I external/local_tsl/tsl/framework/bfc_allocator.cc:1095] InUse at 7f2e9420ae00 of size 2816 next 733
2025-11-27 00:31:43.654670: I external/local_tsl/tsl/framework/bfc_allocator.cc:1095] InUse at 7f2e9420b900 of size 2816 next 739
2025-11-27 00:31:43.654674: I external/local_tsl/tsl/framework/bfc_allocator.cc:1095] InUse at 7f2e9420c400 of size 2816 next 740
2025-11-27 00:31:43.654678: I external/local_tsl/tsl/framework/bfc_allocator.cc:1095] InUse at 7f2e9420cf00 of size 2816 next 742
2025-11-27 00:31:43.654681: I external/local_tsl/tsl/framework/bfc_allocator.cc:1095] InUse at 7f2e9420da00 of size 2816 next 743
2025-11-27 00:31:43.654685: I external/local_tsl/tsl/framework/bfc_allocator.cc:1095] InUse at 7f2e9420e500 of size 2816 next 746
2025-11-27 00:31:43.654689: I external/local_tsl/tsl/framework/bfc_allocator.cc:1095] InUse at 7f2e9420f000 of size 768 next 765
2025-11-27 00:31:43.654693: I external/local_tsl/tsl/framework/bfc_allocator.cc:1095] InUse at 7f2e9420f300 of size 768 next 766
2025-11-27 00:31:43.654696: I external/local_tsl/tsl/framework/bfc_allocator.cc:1095] InUse at 7f2e9420f600 of size 768 next 779
2025-11-27 00:31:43.654700: I external/local_tsl/tsl/framework/bfc_allocator.cc:1095] InUse at 7f2e9420f900 of size 768 next 780
2025-11-27 00:31:43.654704: I external/local_tsl/tsl/framework/bfc_allocator.cc:1095] InUse at 7f2e9420fc00 of size 768 next 791
2025-11-27 00:31:43.654708: I external/local_tsl/tsl/framework/bfc_allocator.cc:1095] InUse at 7f2e9420ff00 of size 768 next 753
2025-11-27 00:31:43.654711: I external/local_tsl/tsl/framework/bfc_allocator.cc:1095] InUse at 7f2e94210200 of size 4608 next 754
2025-11-27 00:31:43.654715: I external/local_tsl/tsl/framework/bfc_allocator.cc:1095] InUse at 7f2e94211400 of size 4608 next 755
2025-11-27 00:31:43.654719: I external/local_tsl/tsl/framework/bfc_allocator.cc:1095] InUse at 7f2e94212600 of size 7680 next 694
2025-11-27 00:31:43.654723: I external/local_tsl/tsl/framework/bfc_allocator.cc:1095] InUse at 7f2e94214400 of size 38400 next 695
2025-11-27 00:31:43.654726: I external/local_tsl/tsl/framework/bfc_allocator.cc:1095] InUse at 7f2e9421da00 of size 38400 next 696
2025-11-27 00:31:43.654730: I external/local_tsl/tsl/framework/bfc_allocator.cc:1095] InUse at 7f2e94227000 of size 38400 next 707
2025-11-27 00:31:43.654734: I external/local_tsl/tsl/framework/bfc_allocator.cc:1095] InUse at 7f2e94230600 of size 55808 next 552
2025-11-27 00:31:43.654738: I external/local_tsl/tsl/framework/bfc_allocator.cc:1095] InUse at 7f2e9423e000 of size 1199616 next 1372
2025-11-27 00:31:43.654742: I external/local_tsl/tsl/framework/bfc_allocator.cc:1095] InUse at 7f2e94362e00 of size 296448 next 1013
2025-11-27 00:31:43.654746: I external/local_tsl/tsl/framework/bfc_allocator.cc:1095] InUse at 7f2e943ab400 of size 221184 next 1444
2025-11-27 00:31:43.654749: I external/local_tsl/tsl/framework/bfc_allocator.cc:1095] InUse at 7f2e943e1400 of size 115200 next 461
2025-11-27 00:31:43.654753: I external/local_tsl/tsl/framework/bfc_allocator.cc:1095] InUse at 7f2e943fd600 of size 4608 next 446
2025-11-27 00:31:43.654757: I external/local_tsl/tsl/framework/bfc_allocator.cc:1095] InUse at 7f2e943fe800 of size 4608 next 367
2025-11-27 00:31:43.654761: I external/local_tsl/tsl/framework/bfc_allocator.cc:1095] InUse at 7f2e943ffa00 of size 4608 next 1056
2025-11-27 00:31:43.654765: I external/local_tsl/tsl/framework/bfc_allocator.cc:1095] InUse at 7f2e94400c00 of size 4608 next 911
2025-11-27 00:31:43.654768: I external/local_tsl/tsl/framework/bfc_allocator.cc:1095] InUse at 7f2e94401e00 of size 4608 next 1340
2025-11-27 00:31:43.654772: I external/local_tsl/tsl/framework/bfc_allocator.cc:1095] InUse at 7f2e94403000 of size 4608 next 507
2025-11-27 00:31:43.654776: I external/local_tsl/tsl/framework/bfc_allocator.cc:1095] InUse at 7f2e94404200 of size 4608 next 906
2025-11-27 00:31:43.654780: I external/local_tsl/tsl/framework/bfc_allocator.cc:1095] InUse at 7f2e94405400 of size 2816 next 1283
2025-11-27 00:31:43.654783: I external/local_tsl/tsl/framework/bfc_allocator.cc:1095] InUse at 7f2e94405f00 of size 2816 next 952
2025-11-27 00:31:43.654787: I external/local_tsl/tsl/framework/bfc_allocator.cc:1095] InUse at 7f2e94406a00 of size 17408 next 1453
2025-11-27 00:31:43.654791: I external/local_tsl/tsl/framework/bfc_allocator.cc:1095] InUse at 7f2e9440ae00 of size 9728 next 949
2025-11-27 00:31:43.654795: I external/local_tsl/tsl/framework/bfc_allocator.cc:1095] InUse at 7f2e9440d400 of size 11264 next 1131
2025-11-27 00:31:43.654798: I external/local_tsl/tsl/framework/bfc_allocator.cc:1095] InUse at 7f2e94410000 of size 48128 next 421
2025-11-27 00:31:43.654802: I external/local_tsl/tsl/framework/bfc_allocator.cc:1095] Free  at 7f2e9441bc00 of size 4608 next 1105
2025-11-27 00:31:43.654806: I external/local_tsl/tsl/framework/bfc_allocator.cc:1095] InUse at 7f2e9441ce00 of size 221184 next 1423
2025-11-27 00:31:43.654810: I external/local_tsl/tsl/framework/bfc_allocator.cc:1095] InUse at 7f2e94452e00 of size 75264 next 1073
2025-11-27 00:31:43.654813: I external/local_tsl/tsl/framework/bfc_allocator.cc:1095] InUse at 7f2e94465400 of size 145920 next 505
2025-11-27 00:31:43.654817: I external/local_tsl/tsl/framework/bfc_allocator.cc:1095] InUse at 7f2e94488e00 of size 296448 next 945
2025-11-27 00:31:43.654821: I external/local_tsl/tsl/framework/bfc_allocator.cc:1095] InUse at 7f2e944d1400 of size 239616 next 1368
2025-11-27 00:31:43.654825: I external/local_tsl/tsl/framework/bfc_allocator.cc:1095] Free  at 7f2e9450bc00 of size 5120 next 1065
2025-11-27 00:31:43.654829: I external/local_tsl/tsl/framework/bfc_allocator.cc:1095] InUse at 7f2e9450d000 of size 5120 next 1218
2025-11-27 00:31:43.654832: I external/local_tsl/tsl/framework/bfc_allocator.cc:1095] InUse at 7f2e9450e400 of size 4608 next 455
2025-11-27 00:31:43.654836: I external/local_tsl/tsl/framework/bfc_allocator.cc:1095] InUse at 7f2e9450f600 of size 4608 next 1009
2025-11-27 00:31:43.654840: I external/local_tsl/tsl/framework/bfc_allocator.cc:1095] InUse at 7f2e94510800 of size 4608 next 563
2025-11-27 00:31:43.654844: I external/local_tsl/tsl/framework/bfc_allocator.cc:1095] InUse at 7f2e94511a00 of size 4608 next 1270
2025-11-27 00:31:43.654847: I external/local_tsl/tsl/framework/bfc_allocator.cc:1095] InUse at 7f2e94512c00 of size 4608 next 1478
2025-11-27 00:31:43.654851: I external/local_tsl/tsl/framework/bfc_allocator.cc:1095] InUse at 7f2e94513e00 of size 4608 next 1334
2025-11-27 00:31:43.654855: I external/local_tsl/tsl/framework/bfc_allocator.cc:1095] InUse at 7f2e94515000 of size 4608 next 1064
2025-11-27 00:31:43.654858: I external/local_tsl/tsl/framework/bfc_allocator.cc:1095] InUse at 7f2e94516200 of size 4608 next 1294
2025-11-27 00:31:43.654862: I external/local_tsl/tsl/framework/bfc_allocator.cc:1095] InUse at 7f2e94517400 of size 4608 next 511
2025-11-27 00:31:43.654866: I external/local_tsl/tsl/framework/bfc_allocator.cc:1095] InUse at 7f2e94518600 of size 4608 next 974
2025-11-27 00:31:43.654870: I external/local_tsl/tsl/framework/bfc_allocator.cc:1095] InUse at 7f2e94519800 of size 4608 next 1437
2025-11-27 00:31:43.654874: I external/local_tsl/tsl/framework/bfc_allocator.cc:1095] InUse at 7f2e9451aa00 of size 4608 next 1186
2025-11-27 00:31:43.654878: I external/local_tsl/tsl/framework/bfc_allocator.cc:1095] InUse at 7f2e9451bc00 of size 41472 next 1024
2025-11-27 00:31:43.654881: I external/local_tsl/tsl/framework/bfc_allocator.cc:1095] InUse at 7f2e94525e00 of size 4608 next 314
2025-11-27 00:31:43.654886: I external/local_tsl/tsl/framework/bfc_allocator.cc:1095] InUse at 7f2e94527000 of size 119808 next 1474
2025-11-27 00:31:43.654890: I external/local_tsl/tsl/framework/bfc_allocator.cc:1095] InUse at 7f2e94544400 of size 367616 next 569
2025-11-27 00:31:43.654894: I external/local_tsl/tsl/framework/bfc_allocator.cc:1095] InUse at 7f2e9459e000 of size 153600 next 673
2025-11-27 00:31:43.654897: I external/local_tsl/tsl/framework/bfc_allocator.cc:1095] InUse at 7f2e945c3800 of size 153600 next 684
2025-11-27 00:31:43.654901: I external/local_tsl/tsl/framework/bfc_allocator.cc:1095] InUse at 7f2e945e9000 of size 153600 next 688
2025-11-27 00:31:43.654905: I external/local_tsl/tsl/framework/bfc_allocator.cc:1095] InUse at 7f2e9460e800 of size 48128 next 704
2025-11-27 00:31:43.654909: I external/local_tsl/tsl/framework/bfc_allocator.cc:1095] InUse at 7f2e9461a400 of size 105472 next 698
2025-11-27 00:31:43.654912: I external/local_tsl/tsl/framework/bfc_allocator.cc:1095] InUse at 7f2e94634000 of size 153600 next 699
2025-11-27 00:31:43.654916: I external/local_tsl/tsl/framework/bfc_allocator.cc:1095] InUse at 7f2e94659800 of size 153600 next 701
2025-11-27 00:31:43.654920: I external/local_tsl/tsl/framework/bfc_allocator.cc:1095] InUse at 7f2e9467f000 of size 67328 next 716
2025-11-27 00:31:43.654924: I external/local_tsl/tsl/framework/bfc_allocator.cc:1095] InUse at 7f2e9468f700 of size 147712 next 710
2025-11-27 00:31:43.654928: I external/local_tsl/tsl/framework/bfc_allocator.cc:1095] InUse at 7f2e946b3800 of size 337920 next 577
2025-11-27 00:31:43.654932: I external/local_tsl/tsl/framework/bfc_allocator.cc:1095] InUse at 7f2e94706000 of size 60211200 next 1225
2025-11-27 00:31:43.654936: I external/local_tsl/tsl/framework/bfc_allocator.cc:1095] Free  at 7f2e98072000 of size 64962560 next 592
2025-11-27 00:31:43.654940: I external/local_tsl/tsl/framework/bfc_allocator.cc:1095] InUse at 7f2e9be66000 of size 75264 next 719
2025-11-27 00:31:43.654943: I external/local_tsl/tsl/framework/bfc_allocator.cc:1095] InUse at 7f2e9be78600 of size 67328 next 729
2025-11-27 00:31:43.654947: I external/local_tsl/tsl/framework/bfc_allocator.cc:1095] InUse at 7f2e9be88d00 of size 75264 next 731
2025-11-27 00:31:43.654951: I external/local_tsl/tsl/framework/bfc_allocator.cc:1095] InUse at 7f2e9be9b300 of size 4608 next 758
2025-11-27 00:31:43.654955: I external/local_tsl/tsl/framework/bfc_allocator.cc:1095] InUse at 7f2e9be9c500 of size 4608 next 762
2025-11-27 00:31:43.654958: I external/local_tsl/tsl/framework/bfc_allocator.cc:1095] InUse at 7f2e9be9d700 of size 256 next 811
2025-11-27 00:31:43.654962: I external/local_tsl/tsl/framework/bfc_allocator.cc:1095] InUse at 7f2e9be9d800 of size 256 next 812
2025-11-27 00:31:43.654966: I external/local_tsl/tsl/framework/bfc_allocator.cc:1095] InUse at 7f2e9be9d900 of size 256 next 813
2025-11-27 00:31:43.654970: I external/local_tsl/tsl/framework/bfc_allocator.cc:1095] InUse at 7f2e9be9da00 of size 256 next 814
2025-11-27 00:31:43.654973: I external/local_tsl/tsl/framework/bfc_allocator.cc:1095] InUse at 7f2e9be9db00 of size 256 next 801
2025-11-27 00:31:43.654977: I external/local_tsl/tsl/framework/bfc_allocator.cc:1095] InUse at 7f2e9be9dc00 of size 1280 next 802
2025-11-27 00:31:43.654981: I external/local_tsl/tsl/framework/bfc_allocator.cc:1095] InUse at 7f2e9be9e100 of size 2048 next 768
2025-11-27 00:31:43.654985: I external/local_tsl/tsl/framework/bfc_allocator.cc:1095] InUse at 7f2e9be9e900 of size 4608 next 769
2025-11-27 00:31:43.654988: I external/local_tsl/tsl/framework/bfc_allocator.cc:1095] InUse at 7f2e9be9fb00 of size 4608 next 770
2025-11-27 00:31:43.654992: I external/local_tsl/tsl/framework/bfc_allocator.cc:1095] InUse at 7f2e9bea0d00 of size 4608 next 772
2025-11-27 00:31:43.654996: I external/local_tsl/tsl/framework/bfc_allocator.cc:1095] InUse at 7f2e9bea1f00 of size 4608 next 773
2025-11-27 00:31:43.655000: I external/local_tsl/tsl/framework/bfc_allocator.cc:1095] InUse at 7f2e9bea3100 of size 4608 next 776
2025-11-27 00:31:43.655003: I external/local_tsl/tsl/framework/bfc_allocator.cc:1095] InUse at 7f2e9bea4300 of size 4608 next 782
2025-11-27 00:31:43.655007: I external/local_tsl/tsl/framework/bfc_allocator.cc:1095] InUse at 7f2e9bea5500 of size 4608 next 783
2025-11-27 00:31:43.655011: I external/local_tsl/tsl/framework/bfc_allocator.cc:1095] InUse at 7f2e9bea6700 of size 4608 next 784
2025-11-27 00:31:43.655014: I external/local_tsl/tsl/framework/bfc_allocator.cc:1095] InUse at 7f2e9bea7900 of size 4608 next 785
2025-11-27 00:31:43.655018: I external/local_tsl/tsl/framework/bfc_allocator.cc:1095] InUse at 7f2e9bea8b00 of size 4608 next 789
2025-11-27 00:31:43.655022: I external/local_tsl/tsl/framework/bfc_allocator.cc:1095] InUse at 7f2e9bea9d00 of size 4608 next 793
2025-11-27 00:31:43.655026: I external/local_tsl/tsl/framework/bfc_allocator.cc:1095] InUse at 7f2e9beaaf00 of size 4608 next 794
2025-11-27 00:31:43.655029: I external/local_tsl/tsl/framework/bfc_allocator.cc:1095] InUse at 7f2e9beac100 of size 4608 next 796
2025-11-27 00:31:43.655033: I external/local_tsl/tsl/framework/bfc_allocator.cc:1095] InUse at 7f2e9bead300 of size 4608 next 797
2025-11-27 00:31:43.655037: I external/local_tsl/tsl/framework/bfc_allocator.cc:1095] InUse at 7f2e9beae500 of size 4864 next 713
2025-11-27 00:31:43.655041: I external/local_tsl/tsl/framework/bfc_allocator.cc:1095] InUse at 7f2e9beaf800 of size 301056 next 714
2025-11-27 00:31:43.655044: I external/local_tsl/tsl/framework/bfc_allocator.cc:1095] InUse at 7f2e9bef9000 of size 67328 next 741
2025-11-27 00:31:43.655048: I external/local_tsl/tsl/framework/bfc_allocator.cc:1095] InUse at 7f2e9bf09700 of size 75264 next 744
2025-11-27 00:31:43.655052: I external/local_tsl/tsl/framework/bfc_allocator.cc:1095] InUse at 7f2e9bf1bd00 of size 75264 next 745
2025-11-27 00:31:43.655056: I external/local_tsl/tsl/framework/bfc_allocator.cc:1095] InUse at 7f2e9bf2e300 of size 1024 next 808
2025-11-27 00:31:43.655059: I external/local_tsl/tsl/framework/bfc_allocator.cc:1095] InUse at 7f2e9bf2e700 of size 512 next 815
2025-11-27 00:31:43.655063: I external/local_tsl/tsl/framework/bfc_allocator.cc:1095] InUse at 7f2e9bf2e900 of size 256 next 816
2025-11-27 00:31:43.655067: I external/local_tsl/tsl/framework/bfc_allocator.cc:1095] InUse at 7f2e9bf2ea00 of size 256 next 817
2025-11-27 00:31:43.655070: I external/local_tsl/tsl/framework/bfc_allocator.cc:1095] InUse at 7f2e9bf2eb00 of size 256 next 818
2025-11-27 00:31:43.655074: I external/local_tsl/tsl/framework/bfc_allocator.cc:1095] InUse at 7f2e9bf2ec00 of size 256 next 819
2025-11-27 00:31:43.655078: I external/local_tsl/tsl/framework/bfc_allocator.cc:1095] InUse at 7f2e9bf2ed00 of size 256 next 820
2025-11-27 00:31:43.655082: I external/local_tsl/tsl/framework/bfc_allocator.cc:1095] InUse at 7f2e9bf2ee00 of size 256 next 821
2025-11-27 00:31:43.655085: I external/local_tsl/tsl/framework/bfc_allocator.cc:1095] InUse at 7f2e9bf2ef00 of size 256 next 822
2025-11-27 00:31:43.655089: I external/local_tsl/tsl/framework/bfc_allocator.cc:1095] InUse at 7f2e9bf2f000 of size 256 next 823
2025-11-27 00:31:43.655093: I external/local_tsl/tsl/framework/bfc_allocator.cc:1095] InUse at 7f2e9bf2f100 of size 256 next 824
2025-11-27 00:31:43.655096: I external/local_tsl/tsl/framework/bfc_allocator.cc:1095] InUse at 7f2e9bf2f200 of size 256 next 825
2025-11-27 00:31:43.655100: I external/local_tsl/tsl/framework/bfc_allocator.cc:1095] InUse at 7f2e9bf2f300 of size 256 next 826
2025-11-27 00:31:43.655104: I external/local_tsl/tsl/framework/bfc_allocator.cc:1095] InUse at 7f2e9bf2f400 of size 256 next 827
2025-11-27 00:31:43.655108: I external/local_tsl/tsl/framework/bfc_allocator.cc:1095] InUse at 7f2e9bf2f500 of size 256 next 828
2025-11-27 00:31:43.655111: I external/local_tsl/tsl/framework/bfc_allocator.cc:1095] InUse at 7f2e9bf2f600 of size 256 next 805
2025-11-27 00:31:43.655115: I external/local_tsl/tsl/framework/bfc_allocator.cc:1095] InUse at 7f2e9bf2f700 of size 5120 next 806
2025-11-27 00:31:43.655119: I external/local_tsl/tsl/framework/bfc_allocator.cc:1095] InUse at 7f2e9bf30b00 of size 5120 next 807
2025-11-27 00:31:43.655122: I external/local_tsl/tsl/framework/bfc_allocator.cc:1095] InUse at 7f2e9bf31f00 of size 256 next 829
2025-11-27 00:31:43.655126: I external/local_tsl/tsl/framework/bfc_allocator.cc:1095] InUse at 7f2e9bf32000 of size 256 next 830
2025-11-27 00:31:43.655130: I external/local_tsl/tsl/framework/bfc_allocator.cc:1095] InUse at 7f2e9bf32100 of size 256 next 831
2025-11-27 00:31:43.655133: I external/local_tsl/tsl/framework/bfc_allocator.cc:1095] InUse at 7f2e9bf32200 of size 256 next 832
2025-11-27 00:31:43.655137: I external/local_tsl/tsl/framework/bfc_allocator.cc:1095] InUse at 7f2e9bf32300 of size 256 next 833
2025-11-27 00:31:43.655141: I external/local_tsl/tsl/framework/bfc_allocator.cc:1095] InUse at 7f2e9bf32400 of size 256 next 834
2025-11-27 00:31:43.655145: I external/local_tsl/tsl/framework/bfc_allocator.cc:1095] InUse at 7f2e9bf32500 of size 256 next 835
2025-11-27 00:31:43.655148: I external/local_tsl/tsl/framework/bfc_allocator.cc:1095] InUse at 7f2e9bf32600 of size 256 next 836
2025-11-27 00:31:43.655152: I external/local_tsl/tsl/framework/bfc_allocator.cc:1095] InUse at 7f2e9bf32700 of size 3584 next 837
2025-11-27 00:31:43.655156: I external/local_tsl/tsl/framework/bfc_allocator.cc:1095] InUse at 7f2e9bf33500 of size 2048 next 838
2025-11-27 00:31:43.655160: I external/local_tsl/tsl/framework/bfc_allocator.cc:1095] InUse at 7f2e9bf33d00 of size 256 next 839
2025-11-27 00:31:43.655163: I external/local_tsl/tsl/framework/bfc_allocator.cc:1095] InUse at 7f2e9bf33e00 of size 512 next 840
2025-11-27 00:31:43.655167: I external/local_tsl/tsl/framework/bfc_allocator.cc:1095] InUse at 7f2e9bf34000 of size 256 next 841
2025-11-27 00:31:43.655171: I external/local_tsl/tsl/framework/bfc_allocator.cc:1095] InUse at 7f2e9bf34100 of size 2816 next 842
2025-11-27 00:31:43.655175: I external/local_tsl/tsl/framework/bfc_allocator.cc:1095] InUse at 7f2e9bf34c00 of size 3584 next 843
2025-11-27 00:31:43.655179: I external/local_tsl/tsl/framework/bfc_allocator.cc:1095] InUse at 7f2e9bf35a00 of size 1536 next 844
2025-11-27 00:31:43.655182: I external/local_tsl/tsl/framework/bfc_allocator.cc:1095] InUse at 7f2e9bf36000 of size 768 next 845
2025-11-27 00:31:43.655186: I external/local_tsl/tsl/framework/bfc_allocator.cc:1095] InUse at 7f2e9bf36300 of size 256 next 846
2025-11-27 00:31:43.655190: I external/local_tsl/tsl/framework/bfc_allocator.cc:1095] InUse at 7f2e9bf36400 of size 256 next 847
2025-11-27 00:31:43.655194: I external/local_tsl/tsl/framework/bfc_allocator.cc:1095] InUse at 7f2e9bf36500 of size 1280 next 848
2025-11-27 00:31:43.655197: I external/local_tsl/tsl/framework/bfc_allocator.cc:1095] InUse at 7f2e9bf36a00 of size 1536 next 849
2025-11-27 00:31:43.655201: I external/local_tsl/tsl/framework/bfc_allocator.cc:1095] InUse at 7f2e9bf37000 of size 1024 next 850
2025-11-27 00:31:43.655205: I external/local_tsl/tsl/framework/bfc_allocator.cc:1095] InUse at 7f2e9bf37400 of size 512 next 851
2025-11-27 00:31:43.655209: I external/local_tsl/tsl/framework/bfc_allocator.cc:1095] InUse at 7f2e9bf37600 of size 1280 next 852
2025-11-27 00:31:43.655213: I external/local_tsl/tsl/framework/bfc_allocator.cc:1095] InUse at 7f2e9bf37b00 of size 256 next 853
2025-11-27 00:31:43.655216: I external/local_tsl/tsl/framework/bfc_allocator.cc:1095] InUse at 7f2e9bf37c00 of size 256 next 855
2025-11-27 00:31:43.655220: I external/local_tsl/tsl/framework/bfc_allocator.cc:1095] InUse at 7f2e9bf37d00 of size 768 next 857
2025-11-27 00:31:43.655224: I external/local_tsl/tsl/framework/bfc_allocator.cc:1095] InUse at 7f2e9bf38000 of size 1280 next 795
2025-11-27 00:31:43.655228: I external/local_tsl/tsl/framework/bfc_allocator.cc:1095] InUse at 7f2e9bf38500 of size 41728 next 721
2025-11-27 00:31:43.655231: I external/local_tsl/tsl/framework/bfc_allocator.cc:1095] InUse at 7f2e9bf42800 of size 301056 next 722
2025-11-27 00:31:43.655235: I external/local_tsl/tsl/framework/bfc_allocator.cc:1095] InUse at 7f2e9bf8c000 of size 301056 next 725
2025-11-27 00:31:43.655239: I external/local_tsl/tsl/framework/bfc_allocator.cc:1095] InUse at 7f2e9bfd5800 of size 301056 next 734
2025-11-27 00:31:43.655243: I external/local_tsl/tsl/framework/bfc_allocator.cc:1095] InUse at 7f2e9c01f000 of size 301056 next 738
2025-11-27 00:31:43.655246: I external/local_tsl/tsl/framework/bfc_allocator.cc:1095] InUse at 7f2e9c068800 of size 3584 next 854
2025-11-27 00:31:43.655250: I external/local_tsl/tsl/framework/bfc_allocator.cc:1095] InUse at 7f2e9c069600 of size 3584 next 856
2025-11-27 00:31:43.655254: I external/local_tsl/tsl/framework/bfc_allocator.cc:1095] InUse at 7f2e9c06a400 of size 256 next 858
2025-11-27 00:31:43.655257: I external/local_tsl/tsl/framework/bfc_allocator.cc:1095] InUse at 7f2e9c06a500 of size 256 next 859
2025-11-27 00:31:43.655261: I external/local_tsl/tsl/framework/bfc_allocator.cc:1095] InUse at 7f2e9c06a600 of size 256 next 860
2025-11-27 00:31:43.655265: I external/local_tsl/tsl/framework/bfc_allocator.cc:1095] InUse at 7f2e9c06a700 of size 1024 next 861
2025-11-27 00:31:43.655269: I external/local_tsl/tsl/framework/bfc_allocator.cc:1095] InUse at 7f2e9c06ab00 of size 1024 next 862
2025-11-27 00:31:43.655272: I external/local_tsl/tsl/framework/bfc_allocator.cc:1095] InUse at 7f2e9c06af00 of size 256 next 863
2025-11-27 00:31:43.655276: I external/local_tsl/tsl/framework/bfc_allocator.cc:1095] InUse at 7f2e9c06b000 of size 512 next 864
2025-11-27 00:31:43.655280: I external/local_tsl/tsl/framework/bfc_allocator.cc:1095] InUse at 7f2e9c06b200 of size 2048 next 865
2025-11-27 00:31:43.655284: I external/local_tsl/tsl/framework/bfc_allocator.cc:1095] InUse at 7f2e9c06ba00 of size 256 next 866
2025-11-27 00:31:43.655287: I external/local_tsl/tsl/framework/bfc_allocator.cc:1095] InUse at 7f2e9c06bb00 of size 256 next 867
2025-11-27 00:31:43.655291: I external/local_tsl/tsl/framework/bfc_allocator.cc:1095] InUse at 7f2e9c06bc00 of size 256 next 868
2025-11-27 00:31:43.655295: I external/local_tsl/tsl/framework/bfc_allocator.cc:1095] InUse at 7f2e9c06bd00 of size 256 next 869
2025-11-27 00:31:43.655298: I external/local_tsl/tsl/framework/bfc_allocator.cc:1095] InUse at 7f2e9c06be00 of size 6144 next 870
2025-11-27 00:31:43.655302: I external/local_tsl/tsl/framework/bfc_allocator.cc:1095] InUse at 7f2e9c06d600 of size 9216 next 871
2025-11-27 00:31:43.655306: I external/local_tsl/tsl/framework/bfc_allocator.cc:1095] InUse at 7f2e9c06fa00 of size 5376 next 872
2025-11-27 00:31:43.655310: I external/local_tsl/tsl/framework/bfc_allocator.cc:1095] InUse at 7f2e9c070f00 of size 13824 next 873
2025-11-27 00:31:43.655313: I external/local_tsl/tsl/framework/bfc_allocator.cc:1095] InUse at 7f2e9c074500 of size 13824 next 874
2025-11-27 00:31:43.655317: I external/local_tsl/tsl/framework/bfc_allocator.cc:1095] InUse at 7f2e9c077b00 of size 14592 next 875
2025-11-27 00:31:43.655321: I external/local_tsl/tsl/framework/bfc_allocator.cc:1095] InUse at 7f2e9c07b400 of size 38400 next 756
2025-11-27 00:31:43.655325: I external/local_tsl/tsl/framework/bfc_allocator.cc:1095] InUse at 7f2e9c084a00 of size 115200 next 757
2025-11-27 00:31:43.655328: I external/local_tsl/tsl/framework/bfc_allocator.cc:1095] InUse at 7f2e9c0a0c00 of size 115200 next 771
2025-11-27 00:31:43.655332: I external/local_tsl/tsl/framework/bfc_allocator.cc:1095] InUse at 7f2e9c0bce00 of size 170496 next 747
2025-11-27 00:31:43.655336: I external/local_tsl/tsl/framework/bfc_allocator.cc:1095] InUse at 7f2e9c0e6800 of size 516096 next 748
2025-11-27 00:31:43.655340: I external/local_tsl/tsl/framework/bfc_allocator.cc:1095] InUse at 7f2e9c164800 of size 221184 next 759
2025-11-27 00:31:43.655344: I external/local_tsl/tsl/framework/bfc_allocator.cc:1095] InUse at 7f2e9c19a800 of size 221184 next 761
2025-11-27 00:31:43.655347: I external/local_tsl/tsl/framework/bfc_allocator.cc:1095] InUse at 7f2e9c1d0800 of size 24064 next 876
2025-11-27 00:31:43.655351: I external/local_tsl/tsl/framework/bfc_allocator.cc:1095] InUse at 7f2e9c1d6600 of size 38400 next 877
2025-11-27 00:31:43.655355: I external/local_tsl/tsl/framework/bfc_allocator.cc:1095] InUse at 7f2e9c1dfc00 of size 38400 next 878
2025-11-27 00:31:43.655359: I external/local_tsl/tsl/framework/bfc_allocator.cc:1095] InUse at 7f2e9c1e9200 of size 8704 next 879
2025-11-27 00:31:43.655362: I external/local_tsl/tsl/framework/bfc_allocator.cc:1095] InUse at 7f2e9c1eb400 of size 9728 next 880
2025-11-27 00:31:43.655366: I external/local_tsl/tsl/framework/bfc_allocator.cc:1095] InUse at 7f2e9c1eda00 of size 9728 next 881
2025-11-27 00:31:43.655370: I external/local_tsl/tsl/framework/bfc_allocator.cc:1095] InUse at 7f2e9c1f0000 of size 92160 next 774
2025-11-27 00:31:43.655374: I external/local_tsl/tsl/framework/bfc_allocator.cc:1095] InUse at 7f2e9c206800 of size 221184 next 751
2025-11-27 00:31:43.655378: I external/local_tsl/tsl/framework/bfc_allocator.cc:1095] InUse at 7f2e9c23c800 of size 884736 next 752
2025-11-27 00:31:43.655381: I external/local_tsl/tsl/framework/bfc_allocator.cc:1095] InUse at 7f2e9c314800 of size 221184 next 775
2025-11-27 00:31:43.655385: I external/local_tsl/tsl/framework/bfc_allocator.cc:1095] InUse at 7f2e9c34a800 of size 221184 next 786
2025-11-27 00:31:43.655389: I external/local_tsl/tsl/framework/bfc_allocator.cc:1095] InUse at 7f2e9c380800 of size 221184 next 788
2025-11-27 00:31:43.655393: I external/local_tsl/tsl/framework/bfc_allocator.cc:1095] InUse at 7f2e9c3b6800 of size 221184 next 763
2025-11-27 00:31:43.655396: I external/local_tsl/tsl/framework/bfc_allocator.cc:1095] InUse at 7f2e9c3ec800 of size 884736 next 764
2025-11-27 00:31:43.655400: I external/local_tsl/tsl/framework/bfc_allocator.cc:1095] InUse at 7f2e9c4c4800 of size 884736 next 767
2025-11-27 00:31:43.655404: I external/local_tsl/tsl/framework/bfc_allocator.cc:1095] InUse at 7f2e9c59c800 of size 221184 next 798
2025-11-27 00:31:43.655408: I external/local_tsl/tsl/framework/bfc_allocator.cc:1095] InUse at 7f2e9c5d2800 of size 17408 next 882
2025-11-27 00:31:43.655411: I external/local_tsl/tsl/framework/bfc_allocator.cc:1095] InUse at 7f2e9c5d6c00 of size 153600 next 883
2025-11-27 00:31:43.655415: I external/local_tsl/tsl/framework/bfc_allocator.cc:1095] InUse at 7f2e9c5fc400 of size 153600 next 884
2025-11-27 00:31:43.655419: I external/local_tsl/tsl/framework/bfc_allocator.cc:1095] InUse at 7f2e9c621c00 of size 48128 next 885
2025-11-27 00:31:43.655422: I external/local_tsl/tsl/framework/bfc_allocator.cc:1095] InUse at 7f2e9c62d800 of size 38400 next 886
2025-11-27 00:31:43.655426: I external/local_tsl/tsl/framework/bfc_allocator.cc:1095] InUse at 7f2e9c636e00 of size 38400 next 887
2025-11-27 00:31:43.655430: I external/local_tsl/tsl/framework/bfc_allocator.cc:1095] InUse at 7f2e9c640400 of size 67328 next 891
2025-11-27 00:31:43.655434: I external/local_tsl/tsl/framework/bfc_allocator.cc:1095] InUse at 7f2e9c650b00 of size 146688 next 777
2025-11-27 00:31:43.655438: I external/local_tsl/tsl/framework/bfc_allocator.cc:1095] InUse at 7f2e9c674800 of size 884736 next 778
2025-11-27 00:31:43.655442: I external/local_tsl/tsl/framework/bfc_allocator.cc:1095] InUse at 7f2e9c74c800 of size 884736 next 781
2025-11-27 00:31:43.655445: I external/local_tsl/tsl/framework/bfc_allocator.cc:1095] InUse at 7f2e9c824800 of size 884736 next 790
2025-11-27 00:31:43.655449: I external/local_tsl/tsl/framework/bfc_allocator.cc:1095] InUse at 7f2e9c8fc800 of size 884736 next 792
2025-11-27 00:31:43.655453: I external/local_tsl/tsl/framework/bfc_allocator.cc:1095] InUse at 7f2e9c9d4800 of size 215040 next 888
2025-11-27 00:31:43.655457: I external/local_tsl/tsl/framework/bfc_allocator.cc:1095] InUse at 7f2e9ca09000 of size 301056 next 889
2025-11-27 00:31:43.655460: I external/local_tsl/tsl/framework/bfc_allocator.cc:1095] InUse at 7f2e9ca52800 of size 301056 next 890
2025-11-27 00:31:43.655464: I external/local_tsl/tsl/framework/bfc_allocator.cc:1095] InUse at 7f2e9ca9c000 of size 75264 next 892
2025-11-27 00:31:43.655468: I external/local_tsl/tsl/framework/bfc_allocator.cc:1095] InUse at 7f2e9caae600 of size 582144 next 799
2025-11-27 00:31:43.655472: I external/local_tsl/tsl/framework/bfc_allocator.cc:1095] InUse at 7f2e9cb3c800 of size 1474560 next 800
2025-11-27 00:31:43.655476: I external/local_tsl/tsl/framework/bfc_allocator.cc:1095] InUse at 7f2e9cca4800 of size 1638400 next 803
2025-11-27 00:31:43.655479: I external/local_tsl/tsl/framework/bfc_allocator.cc:1095] InUse at 7f2e9ce34800 of size 1638400 next 804
2025-11-27 00:31:43.655483: I external/local_tsl/tsl/framework/bfc_allocator.cc:1095] InUse at 7f2e9cfc4800 of size 115200 next 893
2025-11-27 00:31:43.655487: I external/local_tsl/tsl/framework/bfc_allocator.cc:1095] InUse at 7f2e9cfe0a00 of size 884736 next 894
2025-11-27 00:31:43.655491: I external/local_tsl/tsl/framework/bfc_allocator.cc:1095] InUse at 7f2e9d0b8a00 of size 884736 next 895
2025-11-27 00:31:43.655494: I external/local_tsl/tsl/framework/bfc_allocator.cc:1095] InUse at 7f2e9d190a00 of size 41472 next 896
2025-11-27 00:31:43.655498: I external/local_tsl/tsl/framework/bfc_allocator.cc:1095] InUse at 7f2e9d19ac00 of size 221184 next 897
2025-11-27 00:31:43.655502: I external/local_tsl/tsl/framework/bfc_allocator.cc:1095] InUse at 7f2e9d1d0c00 of size 221184 next 898
2025-11-27 00:31:43.655505: I external/local_tsl/tsl/framework/bfc_allocator.cc:1095] InUse at 7f2e9d206c00 of size 4608 next 899
2025-11-27 00:31:43.655509: I external/local_tsl/tsl/framework/bfc_allocator.cc:1095] InUse at 7f2e9d207e00 of size 1474560 next 900
2025-11-27 00:31:43.655513: I external/local_tsl/tsl/framework/bfc_allocator.cc:1095] InUse at 7f2e9d36fe00 of size 1638400 next 901
2025-11-27 00:31:43.655517: I external/local_tsl/tsl/framework/bfc_allocator.cc:1095] InUse at 7f2e9d4ffe00 of size 5120 next 902
2025-11-27 00:31:43.655521: I external/local_tsl/tsl/framework/bfc_allocator.cc:1095] InUse at 7f2e9d501200 of size 1024000 next 903
2025-11-27 00:31:43.655525: I external/local_tsl/tsl/framework/bfc_allocator.cc:1095] InUse at 7f2e9d5fb200 of size 583717120 next 1424
2025-11-27 00:31:43.655529: I external/local_tsl/tsl/framework/bfc_allocator.cc:1095] InUse at 7f2ec02a8300 of size 8448 next 1127
2025-11-27 00:31:43.655533: I external/local_tsl/tsl/framework/bfc_allocator.cc:1095] Free  at 7f2ec02aa400 of size 370451456 next 1234
2025-11-27 00:31:43.655536: I external/local_tsl/tsl/framework/bfc_allocator.cc:1095] InUse at 7f2ed63f4800 of size 2048 next 528
2025-11-27 00:31:43.655540: I external/local_tsl/tsl/framework/bfc_allocator.cc:1095] InUse at 7f2ed63f5000 of size 2048 next 409
2025-11-27 00:31:43.655544: I external/local_tsl/tsl/framework/bfc_allocator.cc:1095] Free  at 7f2ed63f5800 of size 276376576 next 1326
2025-11-27 00:31:43.655548: I external/local_tsl/tsl/framework/bfc_allocator.cc:1095] InUse at 7f2ee6b88400 of size 2048 next 458
2025-11-27 00:31:43.655552: I external/local_tsl/tsl/framework/bfc_allocator.cc:1095] Free  at 7f2ee6b88c00 of size 403092992 next 948
2025-11-27 00:31:43.655555: I external/local_tsl/tsl/framework/bfc_allocator.cc:1095] InUse at 7f2efebf4200 of size 2816 next 1296
2025-11-27 00:31:43.655559: I external/local_tsl/tsl/framework/bfc_allocator.cc:1095] Free  at 7f2efebf4d00 of size 386927616 next 1217
2025-11-27 00:31:43.655563: I external/local_tsl/tsl/framework/bfc_allocator.cc:1095] InUse at 7f2f15cf5900 of size 768 next 992
2025-11-27 00:31:43.655567: I external/local_tsl/tsl/framework/bfc_allocator.cc:1095] InUse at 7f2f15cf5c00 of size 1024 next 1041
2025-11-27 00:31:43.655571: I external/local_tsl/tsl/framework/bfc_allocator.cc:1095] InUse at 7f2f15cf6000 of size 80281600 next 1469
2025-11-27 00:31:43.655575: I external/local_tsl/tsl/framework/bfc_allocator.cc:1095] InUse at 7f2f1a986000 of size 118942720 next 1321
2025-11-27 00:31:43.655579: I external/local_tsl/tsl/framework/bfc_allocator.cc:1095] InUse at 7f2f21af4c00 of size 884736 next 449
2025-11-27 00:31:43.655583: I external/local_tsl/tsl/framework/bfc_allocator.cc:1095] InUse at 7f2f21bccc00 of size 884736 next 486
2025-11-27 00:31:43.655587: I external/local_tsl/tsl/framework/bfc_allocator.cc:1095] InUse at 7f2f21ca4c00 of size 884736 next 435
2025-11-27 00:31:43.655591: I external/local_tsl/tsl/framework/bfc_allocator.cc:1095] InUse at 7f2f21d7cc00 of size 884736 next 573
2025-11-27 00:31:43.655595: I external/local_tsl/tsl/framework/bfc_allocator.cc:1095] InUse at 7f2f21e54c00 of size 60211200 next 1005
2025-11-27 00:31:43.655599: I external/local_tsl/tsl/framework/bfc_allocator.cc:1095] InUse at 7f2f257c0c00 of size 101830656 next 1491
2025-11-27 00:31:43.655602: I external/local_tsl/tsl/framework/bfc_allocator.cc:1095] InUse at 7f2f2b8ddc00 of size 884736 next 1349
2025-11-27 00:31:43.655606: I external/local_tsl/tsl/framework/bfc_allocator.cc:1095] InUse at 7f2f2b9b5c00 of size 171352064 next 1418
2025-11-27 00:31:43.655610: I external/local_tsl/tsl/framework/bfc_allocator.cc:1095] InUse at 7f2f35d1fc00 of size 1638400 next 430
2025-11-27 00:31:43.655614: I external/local_tsl/tsl/framework/bfc_allocator.cc:1095] InUse at 7f2f35eafc00 of size 1474560 next 480
2025-11-27 00:31:43.655618: I external/local_tsl/tsl/framework/bfc_allocator.cc:1095] InUse at 7f2f36017c00 of size 563102720 next 544
2025-11-27 00:31:43.655622: I external/local_tsl/tsl/framework/bfc_allocator.cc:1095] InUse at 7f2f5791c000 of size 2816 next 512
2025-11-27 00:31:43.655625: I external/local_tsl/tsl/framework/bfc_allocator.cc:1095] Free  at 7f2f5791cb00 of size 26349568 next 1162
2025-11-27 00:31:43.655629: I external/local_tsl/tsl/framework/bfc_allocator.cc:1095] InUse at 7f2f5923db00 of size 1280 next 366
2025-11-27 00:31:43.655633: I external/local_tsl/tsl/framework/bfc_allocator.cc:1095] InUse at 7f2f5923e000 of size 170438912 next 1411
2025-11-27 00:31:43.655637: I external/local_tsl/tsl/framework/bfc_allocator.cc:1095] InUse at 7f2f634c9100 of size 4608 next 1402
2025-11-27 00:31:43.655641: I external/local_tsl/tsl/framework/bfc_allocator.cc:1095] InUse at 7f2f634ca300 of size 4608 next 1197
2025-11-27 00:31:43.655644: I external/local_tsl/tsl/framework/bfc_allocator.cc:1095] Free  at 7f2f634cb500 of size 236231680 next 1173
2025-11-27 00:31:43.655648: I external/local_tsl/tsl/framework/bfc_allocator.cc:1095] InUse at 7f2f71615100 of size 2816 next 1452
2025-11-27 00:31:43.655652: I external/local_tsl/tsl/framework/bfc_allocator.cc:1095] InUse at 7f2f71615c00 of size 481689600 next 1121
2025-11-27 00:31:43.655656: I external/local_tsl/tsl/framework/bfc_allocator.cc:1095] Free  at 7f2f8e175c00 of size 467312640 next 988
2025-11-27 00:31:43.655660: I external/local_tsl/tsl/framework/bfc_allocator.cc:1095] InUse at 7f2fa9f1fc00 of size 1280 next 1403
2025-11-27 00:31:43.655663: I external/local_tsl/tsl/framework/bfc_allocator.cc:1095] Free  at 7f2fa9f20100 of size 1792 next 1314
2025-11-27 00:31:43.655668: I external/local_tsl/tsl/framework/bfc_allocator.cc:1095] InUse at 7f2fa9f20800 of size 166559232 next 1159
2025-11-27 00:31:43.655672: I external/local_tsl/tsl/framework/bfc_allocator.cc:1095] Free  at 7f2fb3df8600 of size 4608 next 1086
2025-11-27 00:31:43.655675: I external/local_tsl/tsl/framework/bfc_allocator.cc:1095] InUse at 7f2fb3df9800 of size 166560000 next 980
2025-11-27 00:31:43.655679: I external/local_tsl/tsl/framework/bfc_allocator.cc:1095] InUse at 7f2fbdcd1900 of size 1280 next 1070
2025-11-27 00:31:43.655683: I external/local_tsl/tsl/framework/bfc_allocator.cc:1095] Free  at 7f2fbdcd1e00 of size 419384832 next 1493
2025-11-27 00:31:43.655687: I external/local_tsl/tsl/framework/bfc_allocator.cc:1095] InUse at 7f2fd6cc6c00 of size 5120 next 1498
2025-11-27 00:31:43.655691: I external/local_tsl/tsl/framework/bfc_allocator.cc:1095] Free  at 7f2fd6cc8000 of size 228869376 next 985
2025-11-27 00:31:43.655695: I external/local_tsl/tsl/framework/bfc_allocator.cc:1095] InUse at 7f2fe470c500 of size 196789760 next 1104
2025-11-27 00:31:43.655698: I external/local_tsl/tsl/framework/bfc_allocator.cc:1095] InUse at 7f2ff02b8b00 of size 4608 next 924
2025-11-27 00:31:43.655702: I external/local_tsl/tsl/framework/bfc_allocator.cc:1095] InUse at 7f2ff02b9d00 of size 4608 next 1325
2025-11-27 00:31:43.655706: I external/local_tsl/tsl/framework/bfc_allocator.cc:1095] InUse at 7f2ff02baf00 of size 499677696 next 1371
2025-11-27 00:31:43.655710: I external/local_tsl/tsl/framework/bfc_allocator.cc:1095] Free  at 7f300df42900 of size 297995776 next 1019
2025-11-27 00:31:43.655714: I external/local_tsl/tsl/framework/bfc_allocator.cc:1095] InUse at 7f301fb73700 of size 4608 next 1193
2025-11-27 00:31:43.655717: I external/local_tsl/tsl/framework/bfc_allocator.cc:1095] InUse at 7f301fb74900 of size 166559232 next 1280
2025-11-27 00:31:43.655721: I external/local_tsl/tsl/framework/bfc_allocator.cc:1095] InUse at 7f3029a4c700 of size 4608 next 1145
2025-11-27 00:31:43.655725: I external/local_tsl/tsl/framework/bfc_allocator.cc:1095] InUse at 7f3029a4d900 of size 176594432 next 536
2025-11-27 00:31:43.655729: I external/local_tsl/tsl/framework/bfc_allocator.cc:1095] Free  at 7f30342b7700 of size 176181248 next 1151
2025-11-27 00:31:43.655733: I external/local_tsl/tsl/framework/bfc_allocator.cc:1095] InUse at 7f303eabc700 of size 2816 next 538
2025-11-27 00:31:43.655737: I external/local_tsl/tsl/framework/bfc_allocator.cc:1095] Free  at 7f303eabd200 of size 196789760 next 299
2025-11-27 00:31:43.655741: I external/local_tsl/tsl/framework/bfc_allocator.cc:1095] InUse at 7f304a669800 of size 4608 next 509
2025-11-27 00:31:43.655744: I external/local_tsl/tsl/framework/bfc_allocator.cc:1095] InUse at 7f304a66aa00 of size 4608 next 1348
2025-11-27 00:31:43.655748: I external/local_tsl/tsl/framework/bfc_allocator.cc:1095] Free  at 7f304a66bc00 of size 333118464 next 1451
2025-11-27 00:31:43.655752: I external/local_tsl/tsl/framework/bfc_allocator.cc:1095] InUse at 7f305e41b800 of size 4608 next 483
2025-11-27 00:31:43.655755: I external/local_tsl/tsl/framework/bfc_allocator.cc:1095] InUse at 7f305e41ca00 of size 4608 next 936
2025-11-27 00:31:43.655759: I external/local_tsl/tsl/framework/bfc_allocator.cc:1095] Free  at 7f305e41dc00 of size 166559232 next 1272
2025-11-27 00:31:43.655763: I external/local_tsl/tsl/framework/bfc_allocator.cc:1095] InUse at 7f30682f5a00 of size 4608 next 1457
2025-11-27 00:31:43.655767: I external/local_tsl/tsl/framework/bfc_allocator.cc:1095] Free  at 7f30682f6c00 of size 176594432 next 1386
2025-11-27 00:31:43.655770: I external/local_tsl/tsl/framework/bfc_allocator.cc:1095] InUse at 7f3072b60a00 of size 5120 next 1505
2025-11-27 00:31:43.655774: I external/local_tsl/tsl/framework/bfc_allocator.cc:1095] InUse at 7f3072b61e00 of size 5120 next 1497
2025-11-27 00:31:43.655778: I external/local_tsl/tsl/framework/bfc_allocator.cc:1095] InUse at 7f3072b63200 of size 481689600 next 1305
2025-11-27 00:31:43.655781: I external/local_tsl/tsl/framework/bfc_allocator.cc:1095] Free  at 7f308f6c3200 of size 428195840 next 1351
2025-11-27 00:31:43.655785: I external/local_tsl/tsl/framework/bfc_allocator.cc:1095] InUse at 7f30a8f1f200 of size 2048 next 1069
2025-11-27 00:31:43.655789: I external/local_tsl/tsl/framework/bfc_allocator.cc:1095] Free  at 7f30a8f1fa00 of size 272646912 next 1007
2025-11-27 00:31:43.655793: I external/local_tsl/tsl/framework/bfc_allocator.cc:1095] InUse at 7f30b9323d00 of size 1536 next 1448
2025-11-27 00:31:43.655796: I external/local_tsl/tsl/framework/bfc_allocator.cc:1095] InUse at 7f30b9324300 of size 512 next 445
2025-11-27 00:31:43.655800: I external/local_tsl/tsl/framework/bfc_allocator.cc:1095] Free  at 7f30b9324500 of size 311500800 next 1253
2025-11-27 00:31:43.655804: I external/local_tsl/tsl/framework/bfc_allocator.cc:1095] InUse at 7f30cbc36500 of size 4608 next 473
2025-11-27 00:31:43.655808: I external/local_tsl/tsl/framework/bfc_allocator.cc:1095] Free  at 7f30cbc37700 of size 442998784 next 1427
2025-11-27 00:31:43.655811: I external/local_tsl/tsl/framework/bfc_allocator.cc:1095] InUse at 7f30e62b1700 of size 2048 next 964
2025-11-27 00:31:43.655815: I external/local_tsl/tsl/framework/bfc_allocator.cc:1095] Free  at 7f30e62b1f00 of size 276376576 next 1394
2025-11-27 00:31:43.655819: I external/local_tsl/tsl/framework/bfc_allocator.cc:1095] InUse at 7f30f6a44b00 of size 2048 next 1463
2025-11-27 00:31:43.655823: I external/local_tsl/tsl/framework/bfc_allocator.cc:1095] Free  at 7f30f6a45300 of size 311499776 next 1381
2025-11-27 00:31:43.655826: I external/local_tsl/tsl/framework/bfc_allocator.cc:1095] InUse at 7f3109356f00 of size 2816 next 1071
2025-11-27 00:31:43.655830: I external/local_tsl/tsl/framework/bfc_allocator.cc:1095] Free  at 7f3109357a00 of size 218465792 next 18446744073709551615
2025-11-27 00:31:43.655834: I external/local_tsl/tsl/framework/bfc_allocator.cc:1100]      Summary of in-use Chunks by size: 
2025-11-27 00:31:43.655839: I external/local_tsl/tsl/framework/bfc_allocator.cc:1103] 485 Chunks of size 256 totalling 121.2KiB
2025-11-27 00:31:43.655844: I external/local_tsl/tsl/framework/bfc_allocator.cc:1103] 70 Chunks of size 512 totalling 35.0KiB
2025-11-27 00:31:43.655848: I external/local_tsl/tsl/framework/bfc_allocator.cc:1103] 63 Chunks of size 768 totalling 47.2KiB
2025-11-27 00:31:43.655853: I external/local_tsl/tsl/framework/bfc_allocator.cc:1103] 50 Chunks of size 1024 totalling 50.0KiB
2025-11-27 00:31:43.655857: I external/local_tsl/tsl/framework/bfc_allocator.cc:1103] 19 Chunks of size 1280 totalling 23.8KiB
2025-11-27 00:31:43.655862: I external/local_tsl/tsl/framework/bfc_allocator.cc:1103] 8 Chunks of size 1536 totalling 12.0KiB
2025-11-27 00:31:43.655866: I external/local_tsl/tsl/framework/bfc_allocator.cc:1103] 7 Chunks of size 1792 totalling 12.2KiB
2025-11-27 00:31:43.655871: I external/local_tsl/tsl/framework/bfc_allocator.cc:1103] 56 Chunks of size 2048 totalling 112.0KiB
2025-11-27 00:31:43.655875: I external/local_tsl/tsl/framework/bfc_allocator.cc:1103] 2 Chunks of size 2304 totalling 4.5KiB
2025-11-27 00:31:43.655880: I external/local_tsl/tsl/framework/bfc_allocator.cc:1103] 51 Chunks of size 2816 totalling 140.2KiB
2025-11-27 00:31:43.655884: I external/local_tsl/tsl/framework/bfc_allocator.cc:1103] 6 Chunks of size 3072 totalling 18.0KiB
2025-11-27 00:31:43.655890: I external/local_tsl/tsl/framework/bfc_allocator.cc:1103] 18 Chunks of size 3584 totalling 63.0KiB
2025-11-27 00:31:43.655894: I external/local_tsl/tsl/framework/bfc_allocator.cc:1103] 4 Chunks of size 4096 totalling 16.0KiB
2025-11-27 00:31:43.655899: I external/local_tsl/tsl/framework/bfc_allocator.cc:1103] 1 Chunks of size 4352 totalling 4.2KiB
2025-11-27 00:31:43.655903: I external/local_tsl/tsl/framework/bfc_allocator.cc:1103] 73 Chunks of size 4608 totalling 328.5KiB
2025-11-27 00:31:43.655908: I external/local_tsl/tsl/framework/bfc_allocator.cc:1103] 3 Chunks of size 4864 totalling 14.2KiB
2025-11-27 00:31:43.655912: I external/local_tsl/tsl/framework/bfc_allocator.cc:1103] 12 Chunks of size 5120 totalling 60.0KiB
2025-11-27 00:31:43.655916: I external/local_tsl/tsl/framework/bfc_allocator.cc:1103] 5 Chunks of size 5376 totalling 26.2KiB
2025-11-27 00:31:43.655921: I external/local_tsl/tsl/framework/bfc_allocator.cc:1103] 2 Chunks of size 5632 totalling 11.0KiB
2025-11-27 00:31:43.655925: I external/local_tsl/tsl/framework/bfc_allocator.cc:1103] 4 Chunks of size 6144 totalling 24.0KiB
2025-11-27 00:31:43.655929: I external/local_tsl/tsl/framework/bfc_allocator.cc:1103] 1 Chunks of size 6656 totalling 6.5KiB
2025-11-27 00:31:43.655934: I external/local_tsl/tsl/framework/bfc_allocator.cc:1103] 1 Chunks of size 7680 totalling 7.5KiB
2025-11-27 00:31:43.655938: I external/local_tsl/tsl/framework/bfc_allocator.cc:1103] 1 Chunks of size 8192 totalling 8.0KiB
2025-11-27 00:31:43.655942: I external/local_tsl/tsl/framework/bfc_allocator.cc:1103] 1 Chunks of size 8448 totalling 8.2KiB
2025-11-27 00:31:43.655947: I external/local_tsl/tsl/framework/bfc_allocator.cc:1103] 3 Chunks of size 8704 totalling 25.5KiB
2025-11-27 00:31:43.655953: I external/local_tsl/tsl/framework/bfc_allocator.cc:1103] 3 Chunks of size 9216 totalling 27.0KiB
2025-11-27 00:31:43.655958: I external/local_tsl/tsl/framework/bfc_allocator.cc:1103] 11 Chunks of size 9728 totalling 104.5KiB
2025-11-27 00:31:43.655964: I external/local_tsl/tsl/framework/bfc_allocator.cc:1103] 1 Chunks of size 10240 totalling 10.0KiB
2025-11-27 00:31:43.655969: I external/local_tsl/tsl/framework/bfc_allocator.cc:1103] 1 Chunks of size 11264 totalling 11.0KiB
2025-11-27 00:31:43.655973: I external/local_tsl/tsl/framework/bfc_allocator.cc:1103] 11 Chunks of size 13824 totalling 148.5KiB
2025-11-27 00:31:43.655977: I external/local_tsl/tsl/framework/bfc_allocator.cc:1103] 1 Chunks of size 14336 totalling 14.0KiB
2025-11-27 00:31:43.655982: I external/local_tsl/tsl/framework/bfc_allocator.cc:1103] 3 Chunks of size 14592 totalling 42.8KiB
2025-11-27 00:31:43.655986: I external/local_tsl/tsl/framework/bfc_allocator.cc:1103] 1 Chunks of size 14848 totalling 14.5KiB
2025-11-27 00:31:43.655991: I external/local_tsl/tsl/framework/bfc_allocator.cc:1103] 1 Chunks of size 16128 totalling 15.8KiB
2025-11-27 00:31:43.655995: I external/local_tsl/tsl/framework/bfc_allocator.cc:1103] 1 Chunks of size 16640 totalling 16.2KiB
2025-11-27 00:31:43.656000: I external/local_tsl/tsl/framework/bfc_allocator.cc:1103] 1 Chunks of size 16896 totalling 16.5KiB
2025-11-27 00:31:43.656004: I external/local_tsl/tsl/framework/bfc_allocator.cc:1103] 6 Chunks of size 17408 totalling 102.0KiB
2025-11-27 00:31:43.656009: I external/local_tsl/tsl/framework/bfc_allocator.cc:1103] 1 Chunks of size 18944 totalling 18.5KiB
2025-11-27 00:31:43.656013: I external/local_tsl/tsl/framework/bfc_allocator.cc:1103] 2 Chunks of size 23040 totalling 45.0KiB
2025-11-27 00:31:43.656018: I external/local_tsl/tsl/framework/bfc_allocator.cc:1103] 4 Chunks of size 24064 totalling 94.0KiB
2025-11-27 00:31:43.656022: I external/local_tsl/tsl/framework/bfc_allocator.cc:1103] 1 Chunks of size 25344 totalling 24.8KiB
2025-11-27 00:31:43.656026: I external/local_tsl/tsl/framework/bfc_allocator.cc:1103] 30 Chunks of size 38400 totalling 1.10MiB
2025-11-27 00:31:43.656031: I external/local_tsl/tsl/framework/bfc_allocator.cc:1103] 3 Chunks of size 41472 totalling 121.5KiB
2025-11-27 00:31:43.656035: I external/local_tsl/tsl/framework/bfc_allocator.cc:1103] 1 Chunks of size 41728 totalling 40.8KiB
2025-11-27 00:31:43.656039: I external/local_tsl/tsl/framework/bfc_allocator.cc:1103] 6 Chunks of size 48128 totalling 282.0KiB
2025-11-27 00:31:43.656044: I external/local_tsl/tsl/framework/bfc_allocator.cc:1103] 1 Chunks of size 55808 totalling 54.5KiB
2025-11-27 00:31:43.656048: I external/local_tsl/tsl/framework/bfc_allocator.cc:1103] 8 Chunks of size 67328 totalling 526.0KiB
2025-11-27 00:31:43.656052: I external/local_tsl/tsl/framework/bfc_allocator.cc:1103] 16 Chunks of size 75264 totalling 1.15MiB
2025-11-27 00:31:43.656057: I external/local_tsl/tsl/framework/bfc_allocator.cc:1103] 3 Chunks of size 76800 totalling 225.0KiB
2025-11-27 00:31:43.656061: I external/local_tsl/tsl/framework/bfc_allocator.cc:1103] 1 Chunks of size 92160 totalling 90.0KiB
2025-11-27 00:31:43.656066: I external/local_tsl/tsl/framework/bfc_allocator.cc:1103] 1 Chunks of size 105472 totalling 103.0KiB
2025-11-27 00:31:43.656070: I external/local_tsl/tsl/framework/bfc_allocator.cc:1103] 1 Chunks of size 105984 totalling 103.5KiB
2025-11-27 00:31:43.656075: I external/local_tsl/tsl/framework/bfc_allocator.cc:1103] 1 Chunks of size 112128 totalling 109.5KiB
2025-11-27 00:31:43.656079: I external/local_tsl/tsl/framework/bfc_allocator.cc:1103] 8 Chunks of size 115200 totalling 900.0KiB
2025-11-27 00:31:43.656083: I external/local_tsl/tsl/framework/bfc_allocator.cc:1103] 1 Chunks of size 118272 totalling 115.5KiB
2025-11-27 00:31:43.656088: I external/local_tsl/tsl/framework/bfc_allocator.cc:1103] 1 Chunks of size 119808 totalling 117.0KiB
2025-11-27 00:31:43.656092: I external/local_tsl/tsl/framework/bfc_allocator.cc:1103] 1 Chunks of size 123392 totalling 120.5KiB
2025-11-27 00:31:43.656097: I external/local_tsl/tsl/framework/bfc_allocator.cc:1103] 1 Chunks of size 145920 totalling 142.5KiB
2025-11-27 00:31:43.656101: I external/local_tsl/tsl/framework/bfc_allocator.cc:1103] 1 Chunks of size 146688 totalling 143.2KiB
2025-11-27 00:31:43.656105: I external/local_tsl/tsl/framework/bfc_allocator.cc:1103] 1 Chunks of size 147712 totalling 144.2KiB
2025-11-27 00:31:43.656110: I external/local_tsl/tsl/framework/bfc_allocator.cc:1103] 13 Chunks of size 153600 totalling 1.90MiB
2025-11-27 00:31:43.656114: I external/local_tsl/tsl/framework/bfc_allocator.cc:1103] 1 Chunks of size 170496 totalling 166.5KiB
2025-11-27 00:31:43.656119: I external/local_tsl/tsl/framework/bfc_allocator.cc:1103] 1 Chunks of size 198144 totalling 193.5KiB
2025-11-27 00:31:43.656124: I external/local_tsl/tsl/framework/bfc_allocator.cc:1103] 1 Chunks of size 199168 totalling 194.5KiB
2025-11-27 00:31:43.656128: I external/local_tsl/tsl/framework/bfc_allocator.cc:1103] 1 Chunks of size 204800 totalling 200.0KiB
2025-11-27 00:31:43.656132: I external/local_tsl/tsl/framework/bfc_allocator.cc:1103] 2 Chunks of size 215040 totalling 420.0KiB
2025-11-27 00:31:43.656137: I external/local_tsl/tsl/framework/bfc_allocator.cc:1103] 22 Chunks of size 221184 totalling 4.64MiB
2025-11-27 00:31:43.656141: I external/local_tsl/tsl/framework/bfc_allocator.cc:1103] 1 Chunks of size 229888 totalling 224.5KiB
2025-11-27 00:31:43.656145: I external/local_tsl/tsl/framework/bfc_allocator.cc:1103] 1 Chunks of size 239616 totalling 234.0KiB
2025-11-27 00:31:43.656150: I external/local_tsl/tsl/framework/bfc_allocator.cc:1103] 2 Chunks of size 296448 totalling 579.0KiB
2025-11-27 00:31:43.656154: I external/local_tsl/tsl/framework/bfc_allocator.cc:1103] 14 Chunks of size 301056 totalling 4.02MiB
2025-11-27 00:31:43.656158: I external/local_tsl/tsl/framework/bfc_allocator.cc:1103] 1 Chunks of size 322304 totalling 314.8KiB
2025-11-27 00:31:43.656163: I external/local_tsl/tsl/framework/bfc_allocator.cc:1103] 1 Chunks of size 337920 totalling 330.0KiB
2025-11-27 00:31:43.656167: I external/local_tsl/tsl/framework/bfc_allocator.cc:1103] 1 Chunks of size 367616 totalling 359.0KiB
2025-11-27 00:31:43.656172: I external/local_tsl/tsl/framework/bfc_allocator.cc:1103] 1 Chunks of size 514816 totalling 502.8KiB
2025-11-27 00:31:43.656176: I external/local_tsl/tsl/framework/bfc_allocator.cc:1103] 3 Chunks of size 516096 totalling 1.48MiB
2025-11-27 00:31:43.656180: I external/local_tsl/tsl/framework/bfc_allocator.cc:1103] 1 Chunks of size 517632 totalling 505.5KiB
2025-11-27 00:31:43.656184: I external/local_tsl/tsl/framework/bfc_allocator.cc:1103] 1 Chunks of size 546816 totalling 534.0KiB
2025-11-27 00:31:43.656189: I external/local_tsl/tsl/framework/bfc_allocator.cc:1103] 1 Chunks of size 582144 totalling 568.5KiB
2025-11-27 00:31:43.656193: I external/local_tsl/tsl/framework/bfc_allocator.cc:1103] 21 Chunks of size 884736 totalling 17.72MiB
2025-11-27 00:31:43.656198: I external/local_tsl/tsl/framework/bfc_allocator.cc:1103] 3 Chunks of size 1024000 totalling 2.93MiB
2025-11-27 00:31:43.656202: I external/local_tsl/tsl/framework/bfc_allocator.cc:1103] 1 Chunks of size 1199616 totalling 1.14MiB
2025-11-27 00:31:43.656206: I external/local_tsl/tsl/framework/bfc_allocator.cc:1103] 4 Chunks of size 1474560 totalling 5.62MiB
2025-11-27 00:31:43.656211: I external/local_tsl/tsl/framework/bfc_allocator.cc:1103] 1 Chunks of size 1616128 totalling 1.54MiB
2025-11-27 00:31:43.656215: I external/local_tsl/tsl/framework/bfc_allocator.cc:1103] 5 Chunks of size 1638400 totalling 7.81MiB
2025-11-27 00:31:43.656219: I external/local_tsl/tsl/framework/bfc_allocator.cc:1103] 1 Chunks of size 8000000 totalling 7.63MiB
2025-11-27 00:31:43.656223: I external/local_tsl/tsl/framework/bfc_allocator.cc:1103] 2 Chunks of size 60211200 totalling 114.84MiB
2025-11-27 00:31:43.656228: I external/local_tsl/tsl/framework/bfc_allocator.cc:1103] 1 Chunks of size 80281600 totalling 76.56MiB
2025-11-27 00:31:43.656232: I external/local_tsl/tsl/framework/bfc_allocator.cc:1103] 1 Chunks of size 101830656 totalling 97.11MiB
2025-11-27 00:31:43.656237: I external/local_tsl/tsl/framework/bfc_allocator.cc:1103] 1 Chunks of size 118942720 totalling 113.43MiB
2025-11-27 00:31:43.656241: I external/local_tsl/tsl/framework/bfc_allocator.cc:1103] 2 Chunks of size 166559232 totalling 317.69MiB
2025-11-27 00:31:43.656246: I external/local_tsl/tsl/framework/bfc_allocator.cc:1103] 1 Chunks of size 166560000 totalling 158.84MiB
2025-11-27 00:31:43.656250: I external/local_tsl/tsl/framework/bfc_allocator.cc:1103] 1 Chunks of size 170438912 totalling 162.54MiB
2025-11-27 00:31:43.656254: I external/local_tsl/tsl/framework/bfc_allocator.cc:1103] 1 Chunks of size 171352064 totalling 163.41MiB
2025-11-27 00:31:43.656259: I external/local_tsl/tsl/framework/bfc_allocator.cc:1103] 1 Chunks of size 176594432 totalling 168.41MiB
2025-11-27 00:31:43.656263: I external/local_tsl/tsl/framework/bfc_allocator.cc:1103] 1 Chunks of size 196789760 totalling 187.67MiB
2025-11-27 00:31:43.656267: I external/local_tsl/tsl/framework/bfc_allocator.cc:1103] 2 Chunks of size 481689600 totalling 918.75MiB
2025-11-27 00:31:43.656272: I external/local_tsl/tsl/framework/bfc_allocator.cc:1103] 1 Chunks of size 499677696 totalling 476.53MiB
2025-11-27 00:31:43.656276: I external/local_tsl/tsl/framework/bfc_allocator.cc:1103] 1 Chunks of size 563102720 totalling 537.02MiB
2025-11-27 00:31:43.656281: I external/local_tsl/tsl/framework/bfc_allocator.cc:1103] 1 Chunks of size 583717120 totalling 556.68MiB
2025-11-27 00:31:43.656285: I external/local_tsl/tsl/framework/bfc_allocator.cc:1107] Sum Total of in-use chunks: 4.02GiB
2025-11-27 00:31:43.656289: I external/local_tsl/tsl/framework/bfc_allocator.cc:1109] Total bytes in pool: 10808393728 memory_limit_: 10808393728 available bytes: 0 curr_region_allocation_bytes_: 21616787456
2025-11-27 00:31:43.656296: I external/local_tsl/tsl/framework/bfc_allocator.cc:1114] Stats: 
Limit:                     10808393728
InUse:                      4318550016
MaxInUse:                  10622121728
NumAllocs:                      414977
MaxAllocSize:                620131584
Reserved:                            0
PeakReserved:                        0
LargestFreeBlock:                    0

2025-11-27 00:31:43.656319: W external/local_tsl/tsl/framework/bfc_allocator.cc:497] ********__*__*__*___*************_******___****___*_*******__****_*_*__**_******___*_*__*___*__*_*__
2025-11-27 00:31:43.656334: W tensorflow/core/framework/op_kernel.cc:1839] OP_REQUIRES failed at fused_batch_norm_op.cc:1193 : RESOURCE_EXHAUSTED: OOM when allocating tensor with shape[100,96,112,112] and type float on /job:worker/replica:0/task:1/device:GPU:0 by allocator GPU_0_bfc
2025-11-27 00:31:43.656358: I tensorflow/core/framework/local_rendezvous.cc:421] Local rendezvous recv item cancelled. Key hash: 376800849403678781
2025-11-27 00:31:43.656366: I tensorflow/core/framework/local_rendezvous.cc:421] Local rendezvous recv item cancelled. Key hash: 2002933774129508209
2025-11-27 00:31:43.656374: I tensorflow/core/framework/local_rendezvous.cc:421] Local rendezvous recv item cancelled. Key hash: 7191673595790722853
2025-11-27 00:31:43.656381: I tensorflow/core/framework/local_rendezvous.cc:421] Local rendezvous recv item cancelled. Key hash: 15180175414303371101
2025-11-27 00:31:43.656395: I tensorflow/core/framework/local_rendezvous.cc:421] Local rendezvous recv item cancelled. Key hash: 17396370468979117898
2025-11-27 00:31:43.731484: W tensorflow/core/kernels/data/cache_dataset_ops.cc:858] The calling iterator did not fully read the dataset being cached. In order to avoid unexpected truncation of the dataset, the partially cached contents of the dataset  will be discarded. This can happen if you have an input pipeline similar to `dataset.cache().take(k).repeat()`. You should use `dataset.take(k).cache().repeat()` instead.
Traceback (most recent call last):
  File "/scratch/rrdmatos/train-ctl.py", line 225, in <module>
    distributed_train_step(dist_inputs)
  File "/scratch/rrdmatos/venv/lib/python3.11/site-packages/tensorflow/python/util/traceback_utils.py", line 153, in error_handler
    raise e.with_traceback(filtered_tb) from None
  File "/scratch/rrdmatos/venv/lib/python3.11/site-packages/tensorflow/python/eager/execute.py", line 53, in quick_execute
    tensors = pywrap_tfe.TFE_Py_Execute(ctx._handle, device_name, op_name,
  ^^^^^^^^^^^^^^^^^^^^^^^^^^^^^^^^^^^^^^^^^^^^^^^^^^^^^^^^^^^^^^^^^^^^^^^^
tensorflow.python.framework.errors_impl.ResourceExhaustedError: Graph execution error:

Detected at node gradient_tape/model/block2a_expand_bn/FusedBatchNormGradV3 defined at (most recent call last):
  File "/usr/lib/python3.11/threading.py", line 995, in _bootstrap

  File "/usr/lib/python3.11/threading.py", line 1038, in _bootstrap_inner

  File "/tmp/__autograph_generated_filefct6izdy.py", line 19, in accumulation_step_fn

Detected at node gradient_tape/model/block2a_expand_bn/FusedBatchNormGradV3 defined at (most recent call last):
  File "/usr/lib/python3.11/threading.py", line 995, in _bootstrap

  File "/usr/lib/python3.11/threading.py", line 1038, in _bootstrap_inner

  File "/tmp/__autograph_generated_filefct6izdy.py", line 19, in accumulation_step_fn

2 root error(s) found.
  (0) RESOURCE_EXHAUSTED:  OOM when allocating tensor with shape[100,96,112,112] and type float on /job:worker/replica:0/task:1/device:GPU:0 by allocator GPU_0_bfc
	 [[{{node gradient_tape/model/block2a_expand_bn/FusedBatchNormGradV3}}]]
Hint: If you want to see a list of allocated tensors when OOM happens, add report_tensor_allocations_upon_oom to RunOptions for current allocation info. This isn't available when running in Eager mode.

	 [[cond/pivot_t/_4/_19]]
Hint: If you want to see a list of allocated tensors when OOM happens, add report_tensor_allocations_upon_oom to RunOptions for current allocation info. This isn't available when running in Eager mode.

  (1) RESOURCE_EXHAUSTED:  OOM when allocating tensor with shape[100,96,112,112] and type float on /job:worker/replica:0/task:1/device:GPU:0 by allocator GPU_0_bfc
	 [[{{node gradient_tape/model/block2a_expand_bn/FusedBatchNormGradV3}}]]
Hint: If you want to see a list of allocated tensors when OOM happens, add report_tensor_allocations_upon_oom to RunOptions for current allocation info. This isn't available when running in Eager mode.

0 successful operations.
0 derived errors ignored. [Op:__inference_distributed_train_step_38083]
2025-11-27 00:31:44.927997: E tensorflow/core/common_runtime/ring_alg.cc:291] Aborting RingReduce with UNAVAILABLE: Socket closed
Additional GRPC error information from remote target /job:worker/replica:0/task:1 while calling /tensorflow.WorkerService/RecvBuf:
:{"created":"@1764214304.927921020","description":"Error received from peer ipv4:192.168.30.49:29500","file":"external/com_github_grpc_grpc/src/core/lib/surface/call.cc","file_line":1056,"grpc_message":"Socket closed","grpc_status":14}
2025-11-27 00:31:44.928030: E tensorflow/core/common_runtime/base_collective_executor.cc:249] BaseCollectiveExecutor::StartAbort UNAVAILABLE: Socket closed
Additional GRPC error information from remote target /job:worker/replica:0/task:1 while calling /tensorflow.WorkerService/RecvBuf:
:{"created":"@1764214304.927921020","description":"Error received from peer ipv4:192.168.30.49:29500","file":"external/com_github_grpc_grpc/src/core/lib/surface/call.cc","file_line":1056,"grpc_message":"Socket closed","grpc_status":14}
cp: cannot stat '/scratch/rrdmatos//*logs*/': No such file or directory
srun: error: poti3: task 1: Exited with exit code 1
2025-11-27 00:31:44.985203: W tensorflow/core/kernels/data/cache_dataset_ops.cc:858] The calling iterator did not fully read the dataset being cached. In order to avoid unexpected truncation of the dataset, the partially cached contents of the dataset  will be discarded. This can happen if you have an input pipeline similar to `dataset.cache().take(k).repeat()`. You should use `dataset.take(k).cache().repeat()` instead.
Traceback (most recent call last):
  File "/scratch/rrdmatos/train-ctl.py", line 225, in <module>
    distributed_train_step(dist_inputs)
  File "/scratch/rrdmatos/venv/lib/python3.11/site-packages/tensorflow/python/util/traceback_utils.py", line 153, in error_handler
    raise e.with_traceback(filtered_tb) from None
  File "/scratch/rrdmatos/venv/lib/python3.11/site-packages/tensorflow/python/eager/execute.py", line 53, in quick_execute
    tensors = pywrap_tfe.TFE_Py_Execute(ctx._handle, device_name, op_name,
  ^^^^^^^^^^^^^^^^^^^^^^^^^^^^^^^^^^^^^^^^^^^^^^^^^^^^^^^^^^^^^^^^^^^^^^^^
tensorflow.python.framework.errors_impl.UnavailableError: Graph execution error:

Detected at node cond/CollectiveReduceV2 defined at (most recent call last):
  File "/scratch/rrdmatos/train-ctl.py", line 225, in <module>

  File "/scratch/rrdmatos/train-ctl.py", line 198, in distributed_train_step

  File "/scratch/rrdmatos/train-ctl.py", line 199, in distributed_train_step

Collective ops is aborted by: Socket closed
Additional GRPC error information from remote target /job:worker/replica:0/task:1 while calling /tensorflow.WorkerService/RecvBuf:
:{"created":"@1764214304.927921020","description":"Error received from peer ipv4:192.168.30.49:29500","file":"external/com_github_grpc_grpc/src/core/lib/surface/call.cc","file_line":1056,"grpc_message":"Socket closed","grpc_status":14}
The error could be from a previous operation. Restart your program to reset.
	 [[{{node cond/CollectiveReduceV2}}]] [Op:__inference_distributed_train_step_38836]
