+ mkdir -p /home/users/rrdmatos/logs
+ echo 'Create TF_CONFIG'
++ scontrol show hostnames poti3
+ nodes=poti3
+ nodes_array=($nodes)
+ MASTER_PORT=29500
+ worker_list=
+ for node in "${nodes_array[@]}"
+ worker_list+='"poti3:29500",'
+ worker_list='"poti3:29500"'
++ echo '"poti3:29500"'
+ LIST='"poti3:29500"'
+ export LIST
+ srun '--export=ALL,SCRATCH=/scratch/rrdmatos,worker_list="poti3:29500"' bash -c '
# This block of code is executed by each Slurm task on its respective node
echo "--- Running setup on $(hostname) ---"
cd $SCRATCH

rm -r *

cp -r ~/perf/tensorflow/create-env.sh ~/perf/tensorflow/train-* .
DATA_DIR="tiny-imagenet-200"

wget http://cs231n.stanford.edu/tiny-imagenet-200.zip
unzip -q *.zip

.  ./create-env.sh
'
URL transformed to HTTPS due to an HSTS policy
--2025-11-22 02:14:49--  https://cs231n.stanford.edu/tiny-imagenet-200.zip
Resolving cs231n.stanford.edu (cs231n.stanford.edu)... 171.64.64.64
Connecting to cs231n.stanford.edu (cs231n.stanford.edu)|171.64.64.64|:443... connected.
HTTP request sent, awaiting response... 200 OK
Length: 248100043 (237M) [application/zip]
Saving to: ‘tiny-imagenet-200.zip’

     0K .......... .......... .......... .......... ..........  0%  138K 29m18s
    50K .......... .......... .......... .......... ..........  0%  276K 21m57s
   100K .......... .......... .......... .......... ..........  0% 15.3M 14m43s
   150K .......... .......... .......... .......... ..........  0%  282K 14m37s
   200K .......... .......... .......... .......... ..........  0% 31.8M 11m43s
   250K .......... .......... .......... .......... ..........  0% 24.7M 9m47s
   300K .......... .......... .......... .......... ..........  0% 41.7M 8m24s
   350K .......... .......... .......... .......... ..........  0% 25.7M 7m22s
   400K .......... .......... .......... .......... ..........  0%  284K 8m8s
   450K .......... .......... .......... .......... ..........  0% 15.3M 7m20s
   500K .......... .......... .......... .......... ..........  0% 60.5M 6m40s
   550K .......... .......... .......... .......... ..........  0% 85.8M 6m7s
   600K .......... .......... .......... .......... ..........  0% 62.6M 5m39s
   650K .......... .......... .......... .......... ..........  0% 23.3M 5m16s
   700K .......... .......... .......... .......... ..........  0% 31.3M 4m55s
   750K .......... .......... .......... .......... ..........  0% 25.6M 4m37s
   800K .......... .......... .......... .......... ..........  0% 24.3M 4m21s
   850K .......... .......... .......... .......... ..........  0%  298K 4m52s
   900K .......... .......... .......... .......... ..........  0% 61.3M 4m37s
   950K .......... .......... .......... .......... ..........  0% 46.4M 4m23s
  1000K .......... .......... .......... .......... ..........  0% 27.4M 4m11s
  1050K .......... .......... .......... .......... ..........  0% 24.5M 4m0s
  1100K .......... .......... .......... .......... ..........  0% 36.3M 3m50s
  1150K .......... .......... .......... .......... ..........  0% 69.8M 3m40s
  1200K .......... .......... .......... .......... ..........  0% 67.5M 3m31s
  1250K .......... .......... .......... .......... ..........  0%  117M 3m23s
  1300K .......... .......... .......... .......... ..........  0%  117M 3m16s
  1350K .......... .......... .......... .......... ..........  0%  116M 3m9s
  1400K .......... .......... .......... .......... ..........  0%  115M 3m2s
  1450K .......... .......... .......... .......... ..........  0%  117M 2m56s
  1500K .......... .......... .......... .......... ..........  0%  117M 2m51s
  1550K .......... .......... .......... .......... ..........  0% 55.0M 2m45s
  1600K .......... .......... .......... .......... ..........  0%  297K 3m5s
  1650K .......... .......... .......... .......... ..........  0% 45.4M 3m0s
  1700K .......... .......... .......... .......... ..........  0% 61.7M 2m55s
  1750K .......... .......... .......... .......... ..........  0% 54.0M 2m50s
  1800K .......... .......... .......... .......... ..........  0% 26.9M 2m45s
  1850K .......... .......... .......... .......... ..........  0% 29.0M 2m41s
  1900K .......... .......... .......... .......... ..........  0% 95.3M 2m37s
  1950K .......... .......... .......... .......... ..........  0% 18.1M 2m33s
  2000K .......... .......... .......... .......... ..........  0% 89.7M 2m30s
  2050K .......... .......... .......... .......... ..........  0%  116M 2m26s
  2100K .......... .......... .......... .......... ..........  0%  117M 2m23s
  2150K .......... .......... .......... .......... ..........  0% 59.5M 2m20s
  2200K .......... .......... .......... .......... ..........  0% 53.6M 2m17s
  2250K .......... .......... .......... .......... ..........  0% 25.2M 2m14s
  2300K .......... .......... .......... .......... ..........  0% 71.3M 2m11s
  2350K .......... .......... .......... .......... ..........  0%  118M 2m8s
  2400K .......... .......... .......... .......... ..........  1% 88.7M 2m6s
  2450K .......... .......... .......... .......... ..........  1%  303K 2m19s
  2500K .......... .......... .......... .......... ..........  1% 50.2M 2m16s
  2550K .......... .......... .......... .......... ..........  1% 39.1M 2m14s
  2600K .......... .......... .......... .......... ..........  1% 98.4M 2m11s
  2650K .......... .......... .......... .......... ..........  1% 28.1M 2m9s
  2700K .......... .......... .......... .......... ..........  1% 26.6M 2m7s
  2750K .......... .......... .......... .......... ..........  1%  123M 2m5s
  2800K .......... .......... .......... .......... ..........  1% 17.4M 2m3s
  2850K .......... .......... .......... .......... ..........  1%  115M 2m0s
  2900K .......... .......... .......... .......... ..........  1%  116M 1m58s
  2950K .......... .......... .......... .......... ..........  1%  117M 1m56s
  3000K .......... .......... .......... .......... ..........  1% 65.1M 1m55s
  3050K .......... .......... .......... .......... ..........  1% 54.5M 1m53s
  3100K .......... .......... .......... .......... ..........  1% 25.8M 1m51s
  3150K .......... .......... .......... .......... ..........  1% 80.6M 1m49s
  3200K .......... .......... .......... .......... ..........  1% 80.2M 1m48s
  3250K .......... .......... .......... .......... ..........  1%  116M 1m46s
  3300K .......... .......... .......... .......... ..........  1% 1.24M 1m47s
  3350K .......... .......... .......... .......... ..........  1%  395K 1m55s
  3400K .......... .......... .......... .......... ..........  1%  106M 1m53s
  3450K .......... .......... .......... .......... ..........  1% 37.9M 1m51s
  3500K .......... .......... .......... .......... ..........  1% 33.4M 1m50s
  3550K .......... .......... .......... .......... ..........  1% 83.0M 1m48s
  3600K .......... .......... .......... .......... ..........  1% 25.5M 1m47s
  3650K .......... .......... .......... .......... ..........  1% 19.7M 1m46s
  3700K .......... .......... .......... .......... ..........  1% 94.7M 1m44s
  3750K .......... .......... .......... .......... ..........  1%  117M 1m43s
  3800K .......... .......... .......... .......... ..........  1%  109M 1m42s
  3850K .......... .......... .......... .......... ..........  1% 97.0M 1m40s
  3900K .......... .......... .......... .......... ..........  1% 86.6M 99s
  3950K .......... .......... .......... .......... ..........  1% 55.6M 98s
  4000K .......... .......... .......... .......... ..........  1% 19.9M 97s
  4050K .......... .......... .......... .......... ..........  1%  117M 96s
  4100K .......... .......... .......... .......... ..........  1% 97.1M 94s
  4150K .......... .......... .......... .......... ..........  1%  113M 93s
  4200K .......... .......... .......... .......... ..........  1% 1.25M 94s
  4250K .......... .......... .......... .......... ..........  1%  397K 1m40s
  4300K .......... .......... .......... .......... ..........  1% 56.1M 99s
  4350K .......... .......... .......... .......... ..........  1% 45.9M 98s
  4400K .......... .......... .......... .......... ..........  1% 28.4M 97s
  4450K .......... .......... .......... .......... ..........  1% 78.3M 96s
  4500K .......... .......... .......... .......... ..........  1% 28.1M 95s
  4550K .......... .......... .......... .......... ..........  1% 36.3M 94s
  4600K .......... .......... .......... .......... ..........  1% 30.2M 93s
  4650K .......... .......... .......... .......... ..........  1%  108M 92s
  4700K .......... .......... .......... .......... ..........  1%  110M 91s
  4750K .......... .......... .......... .......... ..........  1%  117M 90s
  4800K .......... .......... .......... .......... ..........  2% 85.6M 89s
  4850K .......... .......... .......... .......... ..........  2% 54.5M 88s
  4900K .......... .......... .......... .......... ..........  2% 22.0M 88s
  4950K .......... .......... .......... .......... ..........  2% 80.6M 87s
  5000K .......... .......... .......... .......... ..........  2%  115M 86s
  5050K .......... .......... .......... .......... ..........  2%  101M 85s
  5100K .......... .......... .......... .......... ..........  2%  110M 84s
  5150K .......... .......... .......... .......... ..........  2% 1.25M 85s
  5200K .......... .......... .......... .......... ..........  2%  395K 90s
  5250K .......... .......... .......... .......... ..........  2% 86.3M 89s
  5300K .......... .......... .......... .......... ..........  2% 48.4M 88s
  5350K .......... .......... .......... .......... ..........  2% 36.7M 88s
  5400K .......... .......... .......... .......... ..........  2% 73.0M 87s
  5450K .......... .......... .......... .......... ..........  2% 28.6M 86s
  5500K .......... .......... .......... .......... ..........  2% 36.9M 85s
  5550K .......... .......... .......... .......... ..........  2% 19.6M 85s
  5600K .......... .......... .......... .......... ..........  2% 60.1M 84s
  5650K .......... .......... .......... .......... ..........  2% 69.6M 83s
  5700K .......... .......... .......... .......... ..........  2%  116M 82s
  5750K .......... .......... .......... .......... ..........  2%  117M 82s
  5800K .......... .......... .......... .......... ..........  2% 66.8M 81s
  5850K .......... .......... .......... .......... ..........  2%  117M 80s
  5900K .......... .......... .......... .......... ..........  2% 39.8M 80s
  5950K .......... .......... .......... .......... ..........  2% 61.4M 79s
  6000K .......... .......... .......... .......... ..........  2% 87.5M 78s
  6050K .......... .......... .......... .......... ..........  2% 82.7M 78s
  6100K .......... .......... .......... .......... ..........  2% 58.3M 77s
  6150K .......... .......... .......... .......... ..........  2%  305K 83s
  6200K .......... .......... .......... .......... ..........  2% 81.6M 82s
  6250K .......... .......... .......... .......... ..........  2% 83.2M 81s
  6300K .......... .......... .......... .......... ..........  2% 49.1M 81s
  6350K .......... .......... .......... .......... ..........  2% 38.8M 80s
  6400K .......... .......... .......... .......... ..........  2% 60.5M 80s
  6450K .......... .......... .......... .......... ..........  2% 27.4M 79s
  6500K .......... .......... .......... .......... ..........  2% 20.5M 79s
  6550K .......... .......... .......... .......... ..........  2% 39.8M 78s
  6600K .......... .......... .......... .......... ..........  2% 62.7M 77s
  6650K .......... .......... .......... .......... ..........  2%  117M 77s
  6700K .......... .......... .......... .......... ..........  2% 72.0M 76s
  6750K .......... .......... .......... .......... ..........  2%  117M 76s
  6800K .......... .......... .......... .......... ..........  2% 65.0M 75s
  6850K .......... .......... .......... .......... ..........  2%  115M 75s
  6900K .......... .......... .......... .......... ..........  2% 41.6M 74s
  6950K .......... .......... .......... .......... ..........  2% 66.9M 74s
  7000K .......... .......... .......... .......... ..........  2% 90.0M 73s
  7050K .......... .......... .......... .......... ..........  2% 96.7M 73s
  7100K .......... .......... .......... .......... ..........  2% 34.5M 72s
  7150K .......... .......... .......... .......... ..........  2% 35.7M 72s
  7200K .......... .......... .......... .......... ..........  2%  308K 76s
  7250K .......... .......... .......... .......... ..........  3% 89.0M 76s
  7300K .......... .......... .......... .......... ..........  3% 79.2M 75s
  7350K .......... .......... .......... .......... ..........  3% 66.1M 75s
  7400K .......... .......... .......... .......... ..........  3% 39.9M 74s
  7450K .......... .......... .......... .......... ..........  3% 76.0M 74s
  7500K .......... .......... .......... .......... ..........  3% 28.3M 73s
  7550K .......... .......... .......... .......... ..........  3% 20.1M 73s
  7600K .......... .......... .......... .......... ..........  3% 28.8M 73s
  7650K .......... .......... .......... .......... ..........  3%  117M 72s
  7700K .......... .......... .......... .......... ..........  3%  110M 72s
  7750K .......... .......... .......... .......... ..........  3% 68.5M 71s
  7800K .......... .......... .......... .......... ..........  3%  115M 71s
  7850K .......... .......... .......... .......... ..........  3%  117M 70s
  7900K .......... .......... .......... .......... ..........  3%  104M 70s
  7950K .......... .......... .......... .......... ..........  3% 51.8M 69s
  8000K .......... .......... .......... .......... ..........  3% 49.2M 69s
  8050K .......... .......... .......... .......... ..........  3% 82.0M 69s
  8100K .......... .......... .......... .......... ..........  3%  116M 68s
  8150K .......... .......... .......... .......... ..........  3%  104M 68s
  8200K .......... .......... .......... .......... ..........  3% 21.4M 67s
  8250K .......... .......... .......... .......... ..........  3%  307K 71s
  8300K .......... .......... .......... .......... ..........  3%  161M 71s
  8350K .......... .......... .......... .......... ..........  3%  103M 71s
  8400K .......... .......... .......... .......... ..........  3% 53.8M 70s
  8450K .......... .......... .......... .......... ..........  3% 38.9M 70s
  8500K .......... .......... .......... .......... ..........  3% 88.7M 69s
  8550K .......... .......... .......... .......... ..........  3% 26.2M 69s
  8600K .......... .......... .......... .......... ..........  3% 23.3M 69s
  8650K .......... .......... .......... .......... ..........  3% 70.0M 68s
  8700K .......... .......... .......... .......... ..........  3% 32.7M 68s
  8750K .......... .......... .......... .......... ..........  3% 99.2M 68s
  8800K .......... .......... .......... .......... ..........  3% 64.7M 67s
  8850K .......... .......... .......... .......... ..........  3%  111M 67s
  8900K .......... .......... .......... .......... ..........  3%  117M 66s
  8950K .......... .......... .......... .......... ..........  3%  116M 66s
  9000K .......... .......... .......... .......... ..........  3%  110M 66s
  9050K .......... .......... .......... .......... ..........  3% 56.9M 65s
  9100K .......... .......... .......... .......... ..........  3% 76.3M 65s
  9150K .......... .......... .......... .......... ..........  3% 70.7M 65s
  9200K .......... .......... .......... .......... ..........  3% 72.7M 64s
  9250K .......... .......... .......... .......... ..........  3%  102M 64s
  9300K .......... .......... .......... .......... ..........  3% 28.7M 64s
  9350K .......... .......... .......... .......... ..........  3%  306K 67s
  9400K .......... .......... .......... .......... ..........  3%  209M 67s
  9450K .......... .......... .......... .......... ..........  3%  119M 67s
  9500K .......... .......... .......... .......... ..........  3%  118M 66s
  9550K .......... .......... .......... .......... ..........  3% 96.8M 66s
  9600K .......... .......... .......... .......... ..........  3% 35.4M 66s
  9650K .......... .......... .......... .......... ..........  4% 85.0M 65s
  9700K .......... .......... .......... .......... ..........  4% 28.1M 65s
  9750K .......... .......... .......... .......... ..........  4% 22.6M 65s
  9800K .......... .......... .......... .......... ..........  4% 77.4M 64s
  9850K .......... .......... .......... .......... ..........  4% 32.3M 64s
  9900K .......... .......... .......... .......... ..........  4% 93.8M 64s
  9950K .......... .......... .......... .......... ..........  4%  118M 63s
 10000K .......... .......... .......... .......... ..........  4% 69.5M 63s
 10050K .......... .......... .......... .......... ..........  4%  117M 63s
 10100K .......... .......... .......... .......... ..........  4%  116M 62s
 10150K .......... .......... .......... .......... ..........  4% 49.3M 62s
 10200K .......... .......... .......... .......... ..........  4% 16.6M 62s
 10250K .......... .......... .......... .......... ..........  4%  117M 62s
 10300K .......... .......... .......... .......... ..........  4%  117M 61s
 10350K .......... .......... .......... .......... ..........  4%  117M 61s
 10400K .......... .......... .......... .......... ..........  4% 87.6M 61s
 10450K .......... .......... .......... .......... ..........  4%  117M 60s
 10500K .......... .......... .......... .......... ..........  4% 1.24M 61s
 10550K .......... .......... .......... .......... ..........  4%  404K 63s
 10600K .......... .......... .......... .......... ..........  4%  112M 63s
 10650K .......... .......... .......... .......... ..........  4%  118M 63s
 10700K .......... .......... .......... .......... ..........  4%  119M 62s
 10750K .......... .......... .......... .......... ..........  4% 64.3M 62s
 10800K .......... .......... .......... .......... ..........  4% 74.3M 62s
 10850K .......... .......... .......... .......... ..........  4% 25.8M 62s
 10900K .......... .......... .......... .......... ..........  4% 90.5M 61s
 10950K .......... .......... .......... .......... ..........  4% 23.2M 61s
 11000K .......... .......... .......... .......... ..........  4% 41.3M 61s
 11050K .......... .......... .......... .......... ..........  4% 56.9M 61s
 11100K .......... .......... .......... .......... ..........  4%  112M 60s
 11150K .......... .......... .......... .......... ..........  4%  111M 60s
 11200K .......... .......... .......... .......... ..........  4% 71.3M 60s
 11250K .......... .......... .......... .......... ..........  4%  117M 59s
 11300K .......... .......... .......... .......... ..........  4%  117M 59s
 11350K .......... .......... .......... .......... ..........  4% 52.9M 59s
 11400K .......... .......... .......... .......... ..........  4% 16.8M 59s
 11450K .......... .......... .......... .......... ..........  4%  110M 58s
 11500K .......... .......... .......... .......... ..........  4%  113M 58s
 11550K .......... .......... .......... .......... ..........  4%  118M 58s
 11600K .......... .......... .......... .......... ..........  4% 88.8M 58s
 11650K .......... .......... .......... .......... ..........  4%  117M 57s
 11700K .......... .......... .......... .......... ..........  4%  117M 57s
 11750K .......... .......... .......... .......... ..........  4%  307K 60s
 11800K .......... .......... .......... .......... ..........  4% 22.1M 60s
 11850K .......... .......... .......... .......... ..........  4% 1.00G 60s
 11900K .......... .......... .......... .......... ..........  4% 1.08G 59s
 11950K .......... .......... .......... .......... ..........  4%  878M 59s
 12000K .......... .......... .......... .......... ..........  4% 55.3M 59s
 12050K .......... .......... .......... .......... ..........  4%  116M 59s
 12100K .......... .......... .......... .......... ..........  5% 42.1M 58s
 12150K .......... .......... .......... .......... ..........  5% 23.5M 58s
 12200K .......... .......... .......... .......... ..........  5% 90.2M 58s
 12250K .......... .......... .......... .......... ..........  5% 41.9M 58s
 12300K .......... .......... .......... .......... ..........  5% 49.6M 58s
 12350K .......... .......... .......... .......... ..........  5% 93.0M 57s
 12400K .......... .......... .......... .......... ..........  5% 87.6M 57s
 12450K .......... .......... .......... .......... ..........  5%  117M 57s
 12500K .......... .......... .......... .......... ..........  5%  117M 57s
 12550K .......... .......... .......... .......... ..........  5% 73.3M 56s
 12600K .......... .......... .......... .......... ..........  5% 89.3M 56s
 12650K .......... .......... .......... .......... ..........  5% 17.6M 56s
 12700K .......... .......... .......... .......... ..........  5%  113M 56s
 12750K .......... .......... .......... .......... ..........  5%  112M 55s
 12800K .......... .......... .......... .......... ..........  5% 89.1M 55s
 12850K .......... .......... .......... .......... ..........  5%  107M 55s
 12900K .......... .......... .......... .......... ..........  5%  117M 55s
 12950K .......... .......... .......... .......... ..........  5%  117M 55s
 13000K .......... .......... .......... .......... ..........  5% 1.24M 55s
 13050K .......... .......... .......... .......... ..........  5%  397K 57s
 13100K .......... .......... .......... .......... ..........  5%  121M 57s
 13150K .......... .......... .......... .......... ..........  5%  115M 57s
 13200K .......... .......... .......... .......... ..........  5% 89.5M 56s
 13250K .......... .......... .......... .......... ..........  5%  117M 56s
 13300K .......... .......... .......... .......... ..........  5%  117M 56s
 13350K .......... .......... .......... .......... ..........  5%  117M 56s
 13400K .......... .......... .......... .......... ..........  5%  114M 56s
 13450K .......... .......... .......... .......... ..........  5% 30.2M 55s
 13500K .......... .......... .......... .......... ..........  5% 94.7M 55s
 13550K .......... .......... .......... .......... ..........  5% 28.8M 55s
 13600K .......... .......... .......... .......... ..........  5% 51.6M 55s
 13650K .......... .......... .......... .......... ..........  5% 60.5M 55s
 13700K .......... .......... .......... .......... ..........  5% 38.5M 54s
 13750K .......... .......... .......... .......... ..........  5% 66.5M 54s
 13800K .......... .......... .......... .......... ..........  5%  115M 54s
 13850K .......... .......... .......... .......... ..........  5%  116M 54s
 13900K .......... .......... .......... .......... ..........  5%  117M 54s
 13950K .......... .......... .......... .......... ..........  5% 41.7M 53s
 14000K .......... .......... .......... .......... ..........  5% 84.6M 53s
 14050K .......... .......... .......... .......... ..........  5%  117M 53s
 14100K .......... .......... .......... .......... ..........  5%  114M 53s
 14150K .......... .......... .......... .......... ..........  5%  117M 53s
 14200K .......... .......... .......... .......... ..........  5%  114M 52s
 14250K .......... .......... .......... .......... ..........  5%  117M 52s
 14300K .......... .......... .......... .......... ..........  5%  117M 52s
 14350K .......... .......... .......... .......... ..........  5%  305K 54s
 14400K .......... .......... .......... .......... ..........  5% 36.6M 54s
 14450K .......... .......... .......... .......... ..........  5%  144M 54s
 14500K .......... .......... .......... .......... ..........  6%  117M 54s
 14550K .......... .......... .......... .......... ..........  6%  117M 54s
 14600K .......... .......... .......... .......... ..........  6%  115M 54s
 14650K .......... .......... .......... .......... ..........  6%  117M 53s
 14700K .......... .......... .......... .......... ..........  6%  115M 53s
 14750K .......... .......... .......... .......... ..........  6%  118M 53s
 14800K .......... .......... .......... .......... ..........  6% 31.4M 53s
 14850K .......... .......... .......... .......... ..........  6% 42.2M 53s
 14900K .......... .......... .......... .......... ..........  6% 49.5M 52s
 14950K .......... .......... .......... .......... ..........  6% 60.9M 52s
 15000K .......... .......... .......... .......... ..........  6% 60.7M 52s
 15050K .......... .......... .......... .......... ..........  6% 49.5M 52s
 15100K .......... .......... .......... .......... ..........  6% 53.6M 52s
 15150K .......... .......... .......... .......... ..........  6%  108M 52s
 15200K .......... .......... .......... .......... ..........  6% 87.5M 51s
 15250K .......... .......... .......... .......... ..........  6%  116M 51s
 15300K .......... .......... .......... .......... ..........  6% 51.0M 51s
 15350K .......... .......... .......... .......... ..........  6% 82.0M 51s
 15400K .......... .......... .......... .......... ..........  6%  114M 51s
 15450K .......... .......... .......... .......... ..........  6% 18.3M 51s
 15500K .......... .......... .......... .......... ..........  6% 12.2M 51s
 15550K .......... .......... .......... .......... ..........  6% 8.27M 50s
 15600K .......... .......... .......... .......... ..........  6% 19.0M 50s
 15650K .......... .......... .......... .......... ..........  6%  117M 50s
 15700K .......... .......... .......... .......... ..........  6% 1.89M 50s
 15750K .......... .......... .......... .......... ..........  6%  397K 52s
 15800K .......... .......... .......... .......... ..........  6%  130M 52s
 15850K .......... .......... .......... .......... ..........  6%  115M 52s
 15900K .......... .......... .......... .......... ..........  6%  113M 51s
 15950K .......... .......... .......... .......... ..........  6%  119M 51s
 16000K .......... .......... .......... .......... ..........  6% 90.7M 51s
 16050K .......... .......... .......... .......... ..........  6%  116M 51s
 16100K .......... .......... .......... .......... ..........  6%  118M 51s
 16150K .......... .......... .......... .......... ..........  6%  117M 51s
 16200K .......... .......... .......... .......... ..........  6% 40.8M 50s
 16250K .......... .......... .......... .......... ..........  6% 44.6M 50s
 16300K .......... .......... .......... .......... ..........  6% 49.8M 50s
 16350K .......... .......... .......... .......... ..........  6% 62.3M 50s
 16400K .......... .......... .......... .......... ..........  6% 55.3M 50s
 16450K .......... .......... .......... .......... ..........  6% 48.2M 50s
 16500K .......... .......... .......... .......... ..........  6% 55.7M 50s
 16550K .......... .......... .......... .......... ..........  6%  111M 49s
 16600K .......... .......... .......... .......... ..........  6%  114M 49s
 16650K .......... .......... .......... .......... ..........  6%  117M 49s
 16700K .......... .......... .......... .......... ..........  6%  115M 49s
 16750K .......... .......... .......... .......... ..........  6% 46.8M 49s
 16800K .......... .......... .......... .......... ..........  6% 87.3M 49s
 16850K .......... .......... .......... .......... ..........  6% 18.2M 49s
 16900K .......... .......... .......... .......... ..........  6% 12.1M 48s
 16950K .......... .......... .......... .......... ..........  7% 12.0M 48s
 17000K .......... .......... .......... .......... ..........  7% 12.4M 48s
 17050K .......... .......... .......... .......... ..........  7% 76.4M 48s
 17100K .......... .......... .......... .......... ..........  7%  116M 48s
 17150K .......... .......... .......... .......... ..........  7% 1.88M 48s
 17200K .......... .......... .......... .......... ..........  7%  398K 50s
 17250K .......... .......... .......... .......... ..........  7%  100M 49s
 17300K .......... .......... .......... .......... ..........  7%  116M 49s
 17350K .......... .......... .......... .......... ..........  7%  117M 49s
 17400K .......... .......... .......... .......... ..........  7%  115M 49s
 17450K .......... .......... .......... .......... ..........  7%  117M 49s
 17500K .......... .......... .......... .......... ..........  7%  115M 49s
 17550K .......... .......... .......... .......... ..........  7%  117M 49s
 17600K .......... .......... .......... .......... ..........  7% 87.6M 48s
 17650K .......... .......... .......... .......... ..........  7% 57.5M 48s
 17700K .......... .......... .......... .......... ..........  7% 47.7M 48s
 17750K .......... .......... .......... .......... ..........  7% 42.9M 48s
 17800K .......... .......... .......... .......... ..........  7%  115M 48s
 17850K .......... .......... .......... .......... ..........  7% 71.5M 48s
 17900K .......... .......... .......... .......... ..........  7% 36.7M 48s
 17950K .......... .......... .......... .......... ..........  7% 77.2M 48s
 18000K .......... .......... .......... .......... ..........  7% 63.2M 47s
 18050K .......... .......... .......... .......... ..........  7% 35.1M 47s
 18100K .......... .......... .......... .......... ..........  7%  120M 47s
 18150K .......... .......... .......... .......... ..........  7%  117M 47s
 18200K .......... .......... .......... .......... ..........  7%  115M 47s
 18250K .......... .......... .......... .......... ..........  7%  114M 47s
 18300K .......... .......... .......... .......... ..........  7%  118M 47s
 18350K .......... .......... .......... .......... ..........  7% 22.1M 46s
 18400K .......... .......... .......... .......... ..........  7% 11.7M 46s
 18450K .......... .......... .......... .......... ..........  7% 7.69M 46s
 18500K .......... .......... .......... .......... ..........  7% 30.2M 46s
 18550K .......... .......... .......... .......... ..........  7% 71.6M 46s
 18600K .......... .......... .......... .......... ..........  7% 13.3M 46s
 18650K .......... .......... .......... .......... ..........  7%  767K 47s
 18700K .......... .......... .......... .......... ..........  7%  601K 48s
 18750K .......... .......... .......... .......... ..........  7%  151M 47s
 18800K .......... .......... .......... .......... ..........  7% 87.1M 47s
 18850K .......... .......... .......... .......... ..........  7%  117M 47s
 18900K .......... .......... .......... .......... ..........  7%  116M 47s
 18950K .......... .......... .......... .......... ..........  7%  117M 47s
 19000K .......... .......... .......... .......... ..........  7%  115M 47s
 19050K .......... .......... .......... .......... ..........  7%  115M 47s
 19100K .......... .......... .......... .......... ..........  7%  117M 46s
 19150K .......... .......... .......... .......... ..........  7%  117M 46s
 19200K .......... .......... .......... .......... ..........  7% 56.1M 46s
 19250K .......... .......... .......... .......... ..........  7% 47.7M 46s
 19300K .......... .......... .......... .......... ..........  7% 47.8M 46s
 19350K .......... .......... .......... .......... ..........  8% 82.0M 46s
 19400K .......... .......... .......... .......... ..........  8% 79.9M 46s
 19450K .......... .......... .......... .......... ..........  8% 43.6M 46s
 19500K .......... .......... .......... .......... ..........  8% 81.7M 46s
 19550K .......... .......... .......... .......... ..........  8% 74.5M 45s
 19600K .......... .......... .......... .......... ..........  8% 32.2M 45s
 19650K .......... .......... .......... .......... ..........  8%  109M 45s
 19700K .......... .......... .......... .......... ..........  8%  117M 45s
 19750K .......... .......... .......... .......... ..........  8%  116M 45s
 19800K .......... .......... .......... .......... ..........  8%  115M 45s
 19850K .......... .......... .......... .......... ..........  8%  117M 45s
 19900K .......... .......... .......... .......... ..........  8% 24.0M 45s
 19950K .......... .......... .......... .......... ..........  8% 12.2M 45s
 20000K .......... .......... .......... .......... ..........  8% 11.7M 44s
 20050K .......... .......... .......... .......... ..........  8% 12.6M 44s
 20100K .......... .......... .......... .......... ..........  8% 90.5M 44s
 20150K .......... .......... .......... .......... ..........  8% 20.0M 44s
 20200K .......... .......... .......... .......... ..........  8% 2.03M 44s
 20250K .......... .......... .......... .......... ..........  8%  398K 46s
 20300K .......... .......... .......... .......... ..........  8% 98.4M 45s
 20350K .......... .......... .......... .......... ..........  8% 99.6M 45s
 20400K .......... .......... .......... .......... ..........  8% 89.6M 45s
 20450K .......... .......... .......... .......... ..........  8%  116M 45s
 20500K .......... .......... .......... .......... ..........  8%  117M 45s
 20550K .......... .......... .......... .......... ..........  8%  116M 45s
 20600K .......... .......... .......... .......... ..........  8%  113M 45s
 20650K .......... .......... .......... .......... ..........  8%  118M 45s
 20700K .......... .......... .......... .......... ..........  8%  117M 45s
 20750K .......... .......... .......... .......... ..........  8%  118M 44s
 20800K .......... .......... .......... .......... ..........  8% 43.4M 44s
 20850K .......... .......... .......... .......... ..........  8% 45.0M 44s
 20900K .......... .......... .......... .......... ..........  8%  103M 44s
 20950K .......... .......... .......... .......... ..........  8% 83.3M 44s
 21000K .......... .......... .......... .......... ..........  8% 80.3M 44s
 21050K .......... .......... .......... .......... ..........  8% 46.5M 44s
 21100K .......... .......... .......... .......... ..........  8% 91.5M 44s
 21150K .......... .......... .......... .......... ..........  8% 71.0M 44s
 21200K .......... .......... .......... .......... ..........  8% 32.8M 43s
 21250K .......... .......... .......... .......... ..........  8%  102M 43s
 21300K .......... .......... .......... .......... ..........  8%  117M 43s
 21350K .......... .......... .......... .......... ..........  8%  117M 43s
 21400K .......... .......... .......... .......... ..........  8%  115M 43s
 21450K .......... .......... .......... .......... ..........  8% 91.1M 43s
 21500K .......... .......... .......... .......... ..........  8% 26.5M 43s
 21550K .......... .......... .......... .......... ..........  8%  145M 43s
 21600K .......... .......... .......... .......... ..........  8% 8.36M 43s
 21650K .......... .......... .......... .......... ..........  8% 11.0M 43s
 21700K .......... .......... .......... .......... ..........  8% 28.5M 43s
 21750K .......... .......... .......... .......... ..........  8% 65.1M 42s
 21800K .......... .......... .......... .......... ..........  9% 14.3M 42s
 21850K .......... .......... .......... .......... ..........  9% 2.14M 42s
 21900K .......... .......... .......... .......... ..........  9%  398K 44s
 21950K .......... .......... .......... .......... ..........  9%  119M 44s
 22000K .......... .......... .......... .......... ..........  9% 85.6M 43s
 22050K .......... .......... .......... .......... ..........  9%  117M 43s
 22100K .......... .......... .......... .......... ..........  9%  117M 43s
 22150K .......... .......... .......... .......... ..........  9%  115M 43s
 22200K .......... .......... .......... .......... ..........  9%  116M 43s
 22250K .......... .......... .......... .......... ..........  9%  117M 43s
 22300K .......... .......... .......... .......... ..........  9%  118M 43s
 22350K .......... .......... .......... .......... ..........  9%  117M 43s
 22400K .......... .......... .......... .......... ..........  9% 88.8M 43s
 22450K .......... .......... .......... .......... ..........  9%  117M 43s
 22500K .......... .......... .......... .......... ..........  9% 67.5M 42s
 22550K .......... .......... .......... .......... ..........  9% 43.4M 42s
 22600K .......... .......... .......... .......... ..........  9%  102M 42s
 22650K .......... .......... .......... .......... ..........  9% 92.3M 42s
 22700K .......... .......... .......... .......... ..........  9% 43.8M 42s
 22750K .......... .......... .......... .......... ..........  9% 96.4M 42s
 22800K .......... .......... .......... .......... ..........  9% 57.6M 42s
 22850K .......... .......... .......... .......... ..........  9% 92.5M 42s
 22900K .......... .......... .......... .......... ..........  9% 38.6M 42s
 22950K .......... .......... .......... .......... ..........  9%  108M 42s
 23000K .......... .......... .......... .......... ..........  9%  111M 41s
 23050K .......... .......... .......... .......... ..........  9%  119M 41s
 23100K .......... .......... .......... .......... ..........  9% 11.5M 41s
 23150K .......... .......... .......... .......... ..........  9% 39.0M 41s
 23200K .......... .......... .......... .......... ..........  9% 88.4M 41s
 23250K .......... .......... .......... .......... ..........  9% 74.3M 41s
 23300K .......... .......... .......... .......... ..........  9% 11.6M 41s
 23350K .......... .......... .......... .......... ..........  9% 20.7M 41s
 23400K .......... .......... .......... .......... ..........  9% 29.0M 41s
 23450K .......... .......... .......... .......... ..........  9% 93.3M 41s
 23500K .......... .......... .......... .......... ..........  9% 13.4M 41s
 23550K .......... .......... .......... .......... ..........  9% 2.15M 41s
 23600K .......... .......... .......... .......... ..........  9%  396K 42s
 23650K .......... .......... .......... .......... ..........  9%  120M 42s
 23700K .......... .......... .......... .......... ..........  9%  117M 42s
 23750K .......... .......... .......... .......... ..........  9%  117M 42s
 23800K .......... .......... .......... .......... ..........  9%  114M 41s
 23850K .......... .......... .......... .......... ..........  9%  117M 41s
 23900K .......... .......... .......... .......... ..........  9%  117M 41s
 23950K .......... .......... .......... .......... ..........  9%  117M 41s
 24000K .......... .......... .......... .......... ..........  9% 87.8M 41s
 24050K .......... .......... .......... .......... ..........  9%  116M 41s
 24100K .......... .......... .......... .......... ..........  9%  117M 41s
 24150K .......... .......... .......... .......... ..........  9%  117M 41s
 24200K .......... .......... .......... .......... .......... 10%  115M 41s
 24250K .......... .......... .......... .......... .......... 10%  117M 41s
 24300K .......... .......... .......... .......... .......... 10% 55.7M 41s
 24350K .......... .......... .......... .......... .......... 10%  117M 41s
 24400K .......... .......... .......... .......... .......... 10% 76.3M 40s
 24450K .......... .......... .......... .......... .......... 10% 48.8M 40s
 24500K .......... .......... .......... .......... .......... 10% 90.8M 40s
 24550K .......... .......... .......... .......... .......... 10% 64.0M 40s
 24600K .......... .......... .......... .......... .......... 10% 98.6M 40s
 24650K .......... .......... .......... .......... .......... 10% 41.0M 40s
 24700K .......... .......... .......... .......... .......... 10%  110M 40s
 24750K .......... .......... .......... .......... .......... 10%  108M 40s
 24800K .......... .......... .......... .......... .......... 10% 85.4M 40s
 24850K .......... .......... .......... .......... .......... 10% 25.6M 40s
 24900K .......... .......... .......... .......... .......... 10% 13.7M 40s
 24950K .......... .......... .......... .......... .......... 10%  116M 40s
 25000K .......... .......... .......... .......... .......... 10%  114M 39s
 25050K .......... .......... .......... .......... .......... 10% 78.3M 39s
 25100K .......... .......... .......... .......... .......... 10% 12.2M 39s
 25150K .......... .......... .......... .......... .......... 10% 19.9M 39s
 25200K .......... .......... .......... .......... .......... 10% 25.5M 39s
 25250K .......... .......... .......... .......... .......... 10% 19.9M 39s
 25300K .......... .......... .......... .......... .......... 10% 2.04M 39s
 25350K .......... .......... .......... .......... .......... 10%  396K 40s
 25400K .......... .......... .......... .......... .......... 10%  157M 40s
 25450K .......... .......... .......... .......... .......... 10%  119M 40s
 25500K .......... .......... .......... .......... .......... 10%  113M 40s
 25550K .......... .......... .......... .......... .......... 10%  120M 40s
 25600K .......... .......... .......... .......... .......... 10% 88.8M 40s
 25650K .......... .......... .......... .......... .......... 10%  117M 40s
 25700K .......... .......... .......... .......... .......... 10%  117M 40s
 25750K .......... .......... .......... .......... .......... 10%  116M 40s
 25800K .......... .......... .......... .......... .......... 10%  116M 39s
 25850K .......... .......... .......... .......... .......... 10%  117M 39s
 25900K .......... .......... .......... .......... .......... 10%  117M 39s
 25950K .......... .......... .......... .......... .......... 10%  117M 39s
 26000K .......... .......... .......... .......... .......... 10% 88.8M 39s
 26050K .......... .......... .......... .......... .......... 10%  117M 39s
 26100K .......... .......... .......... .......... .......... 10%  117M 39s
 26150K .......... .......... .......... .......... .......... 10%  117M 39s
 26200K .......... .......... .......... .......... .......... 10%  114M 39s
 26250K .......... .......... .......... .......... .......... 10%  116M 39s
 26300K .......... .......... .......... .......... .......... 10% 53.0M 39s
 26350K .......... .......... .......... .......... .......... 10% 78.1M 39s
 26400K .......... .......... .......... .......... .......... 10% 58.2M 39s
 26450K .......... .......... .......... .......... .......... 10% 43.8M 38s
 26500K .......... .......... .......... .......... .......... 10% 99.1M 38s
 26550K .......... .......... .......... .......... .......... 10%  113M 38s
 26600K .......... .......... .......... .......... .......... 10%  115M 38s
 26650K .......... .......... .......... .......... .......... 11%  117M 38s
 26700K .......... .......... .......... .......... .......... 11%  117M 38s
 26750K .......... .......... .......... .......... .......... 11% 9.92M 38s
 26800K .......... .......... .......... .......... .......... 11% 85.3M 38s
 26850K .......... .......... .......... .......... .......... 11%  116M 38s
 26900K .......... .......... .......... .......... .......... 11% 90.7M 38s
 26950K .......... .......... .......... .......... .......... 11% 8.22M 38s
 27000K .......... .......... .......... .......... .......... 11% 92.7M 38s
 27050K .......... .......... .......... .......... .......... 11% 29.5M 38s
 27100K .......... .......... .......... .......... .......... 11% 99.5M 38s
 27150K .......... .......... .......... .......... .......... 11% 14.5M 37s
 27200K .......... .......... .......... .......... .......... 11%  335K 39s
 27250K .......... .......... .......... .......... .......... 11%  131M 39s
 27300K .......... .......... .......... .......... .......... 11%  143M 38s
 27350K .......... .......... .......... .......... .......... 11%  117M 38s
 27400K .......... .......... .......... .......... .......... 11%  115M 38s
 27450K .......... .......... .......... .......... .......... 11%  117M 38s
 27500K .......... .......... .......... .......... .......... 11%  115M 38s
 27550K .......... .......... .......... .......... .......... 11%  117M 38s
 27600K .......... .......... .......... .......... .......... 11% 89.9M 38s
 27650K .......... .......... .......... .......... .......... 11%  117M 38s
 27700K .......... .......... .......... .......... .......... 11%  116M 38s
 27750K .......... .......... .......... .......... .......... 11%  117M 38s
 27800K .......... .......... .......... .......... .......... 11%  116M 38s
 27850K .......... .......... .......... .......... .......... 11%  115M 38s
 27900K .......... .......... .......... .......... .......... 11%  118M 38s
 27950K .......... .......... .......... .......... .......... 11%  117M 37s
 28000K .......... .......... .......... .......... .......... 11% 89.6M 37s
 28050K .......... .......... .......... .......... .......... 11%  117M 37s
 28100K .......... .......... .......... .......... .......... 11%  117M 37s
 28150K .......... .......... .......... .......... .......... 11%  117M 37s
 28200K .......... .......... .......... .......... .......... 11%  114M 37s
 28250K .......... .......... .......... .......... .......... 11% 84.2M 37s
 28300K .......... .......... .......... .......... .......... 11% 81.5M 37s
 28350K .......... .......... .......... .......... .......... 11%  101M 37s
 28400K .......... .......... .......... .......... .......... 11% 37.4M 37s
 28450K .......... .......... .......... .......... .......... 11%  117M 37s
 28500K .......... .......... .......... .......... .......... 11%  117M 37s
 28550K .......... .......... .......... .......... .......... 11%  117M 37s
 28600K .......... .......... .......... .......... .......... 11%  114M 37s
 28650K .......... .......... .......... .......... .......... 11% 13.4M 37s
 28700K .......... .......... .......... .......... .......... 11% 30.8M 36s
 28750K .......... .......... .......... .......... .......... 11%  117M 36s
 28800K .......... .......... .......... .......... .......... 11% 89.0M 36s
 28850K .......... .......... .......... .......... .......... 11% 23.7M 36s
 28900K .......... .......... .......... .......... .......... 11% 11.1M 36s
 28950K .......... .......... .......... .......... .......... 11%  107M 36s
 29000K .......... .......... .......... .......... .......... 11% 29.7M 36s
 29050K .......... .......... .......... .......... .......... 12% 21.2M 36s
 29100K .......... .......... .......... .......... .......... 12% 32.2M 36s
 29150K .......... .......... .......... .......... .......... 12%  785K 36s
 29200K .......... .......... .......... .......... .......... 12%  582K 37s
 29250K .......... .......... .......... .......... .......... 12%  121M 37s
 29300K .......... .......... .......... .......... .......... 12%  117M 37s
 29350K .......... .......... .......... .......... .......... 12%  116M 37s
 29400K .......... .......... .......... .......... .......... 12%  115M 37s
 29450K .......... .......... .......... .......... .......... 12%  117M 37s
 29500K .......... .......... .......... .......... .......... 12%  116M 37s
 29550K .......... .......... .......... .......... .......... 12%  117M 36s
 29600K .......... .......... .......... .......... .......... 12% 86.8M 36s
 29650K .......... .......... .......... .......... .......... 12%  117M 36s
 29700K .......... .......... .......... .......... .......... 12%  116M 36s
 29750K .......... .......... .......... .......... .......... 12%  117M 36s
 29800K .......... .......... .......... .......... .......... 12%  112M 36s
 29850K .......... .......... .......... .......... .......... 12%  120M 36s
 29900K .......... .......... .......... .......... .......... 12%  117M 36s
 29950K .......... .......... .......... .......... .......... 12%  117M 36s
 30000K .......... .......... .......... .......... .......... 12% 88.7M 36s
 30050K .......... .......... .......... .......... .......... 12%  117M 36s
 30100K .......... .......... .......... .......... .......... 12%  117M 36s
 30150K .......... .......... .......... .......... .......... 12%  117M 36s
 30200K .......... .......... .......... .......... .......... 12%  113M 36s
 30250K .......... .......... .......... .......... .......... 12%  118M 36s
 30300K .......... .......... .......... .......... .......... 12%  117M 35s
 30350K .......... .......... .......... .......... .......... 12% 48.4M 35s
 30400K .......... .......... .......... .......... .......... 12% 87.7M 35s
 30450K .......... .......... .......... .......... .......... 12%  113M 35s
 30500K .......... .......... .......... .......... .......... 12%  113M 35s
 30550K .......... .......... .......... .......... .......... 12%  117M 35s
 30600K .......... .......... .......... .......... .......... 12%  114M 35s
 30650K .......... .......... .......... .......... .......... 12% 29.9M 35s
 30700K .......... .......... .......... .......... .......... 12% 14.1M 35s
 30750K .......... .......... .......... .......... .......... 12% 99.8M 35s
 30800K .......... .......... .......... .......... .......... 12% 89.5M 35s
 30850K .......... .......... .......... .......... .......... 12% 24.1M 35s
 30900K .......... .......... .......... .......... .......... 12% 22.0M 35s
 30950K .......... .......... .......... .......... .......... 12% 20.1M 35s
 31000K .......... .......... .......... .......... .......... 12% 29.4M 35s
 31050K .......... .......... .......... .......... .......... 12% 96.8M 35s
 31100K .......... .......... .......... .......... .......... 12% 20.9M 35s
 31150K .......... .......... .......... .......... .......... 12% 2.04M 35s
 31200K .......... .......... .......... .......... .......... 12%  394K 35s
 31250K .......... .......... .......... .......... .......... 12%  150M 35s
 31300K .......... .......... .......... .......... .......... 12%  123M 35s
 31350K .......... .......... .......... .......... .......... 12% 86.0M 35s
 31400K .......... .......... .......... .......... .......... 12%  116M 35s
 31450K .......... .......... .......... .......... .......... 13% 31.2M 35s
 31500K .......... .......... .......... .......... .......... 13%  116M 35s
 31550K .......... .......... .......... .......... .......... 13%  117M 35s
 31600K .......... .......... .......... .......... .......... 13% 87.6M 35s
 31650K .......... .......... .......... .......... .......... 13%  116M 35s
 31700K .......... .......... .......... .......... .......... 13%  117M 35s
 31750K .......... .......... .......... .......... .......... 13%  117M 35s
 31800K .......... .......... .......... .......... .......... 13%  115M 35s
 31850K .......... .......... .......... .......... .......... 13%  118M 35s
 31900K .......... .......... .......... .......... .......... 13%  116M 35s
 31950K .......... .......... .......... .......... .......... 13%  117M 35s
 32000K .......... .......... .......... .......... .......... 13% 88.8M 35s
 32050K .......... .......... .......... .......... .......... 13%  117M 34s
 32100K .......... .......... .......... .......... .......... 13%  117M 34s
 32150K .......... .......... .......... .......... .......... 13%  117M 34s
 32200K .......... .......... .......... .......... .......... 13%  114M 34s
 32250K .......... .......... .......... .......... .......... 13%  117M 34s
 32300K .......... .......... .......... .......... .......... 13%  117M 34s
 32350K .......... .......... .......... .......... .......... 13%  118M 34s
 32400K .......... .......... .......... .......... .......... 13% 88.7M 34s
 32450K .......... .......... .......... .......... .......... 13%  117M 34s
 32500K .......... .......... .......... .......... .......... 13%  117M 34s
 32550K .......... .......... .......... .......... .......... 13%  117M 34s
 32600K .......... .......... .......... .......... .......... 13%  114M 34s
 32650K .......... .......... .......... .......... .......... 13%  117M 34s
 32700K .......... .......... .......... .......... .......... 13%  116M 34s
 32750K .......... .......... .......... .......... .......... 13%  117M 34s
 32800K .......... .......... .......... .......... .......... 13% 14.3M 34s
 32850K .......... .......... .......... .......... .......... 13%  117M 34s
 32900K .......... .......... .......... .......... .......... 13%  116M 33s
 32950K .......... .......... .......... .......... .......... 13% 26.5M 33s
 33000K .......... .......... .......... .......... .......... 13% 22.4M 33s
 33050K .......... .......... .......... .......... .......... 13% 20.0M 33s
 33100K .......... .......... .......... .......... .......... 13% 26.1M 33s
 33150K .......... .......... .......... .......... .......... 13%  121M 33s
 33200K .......... .......... .......... .......... .......... 13% 25.8M 33s
 33250K .......... .......... .......... .......... .......... 13% 26.4M 33s
 33300K .......... .......... .......... .......... .......... 13%  783K 34s
 33350K .......... .......... .......... .......... .......... 13%  581K 34s
 33400K .......... .......... .......... .......... .......... 13%  147M 34s
 33450K .......... .......... .......... .......... .......... 13%  117M 34s
 33500K .......... .......... .......... .......... .......... 13%  116M 34s
 33550K .......... .......... .......... .......... .......... 13%  115M 34s
 33600K .......... .......... .......... .......... .......... 13% 29.5M 34s
 33650K .......... .......... .......... .......... .......... 13%  117M 34s
 33700K .......... .......... .......... .......... .......... 13%  116M 34s
 33750K .......... .......... .......... .......... .......... 13%  117M 34s
 33800K .......... .......... .......... .......... .......... 13%  112M 33s
 33850K .......... .......... .......... .......... .......... 13%  115M 33s
 33900K .......... .......... .......... .......... .......... 14%  117M 33s
 33950K .......... .......... .......... .......... .......... 14%  117M 33s
 34000K .......... .......... .......... .......... .......... 14% 89.9M 33s
 34050K .......... .......... .......... .......... .......... 14%  117M 33s
 34100K .......... .......... .......... .......... .......... 14%  117M 33s
 34150K .......... .......... .......... .......... .......... 14%  117M 33s
 34200K .......... .......... .......... .......... .......... 14%  115M 33s
 34250K .......... .......... .......... .......... .......... 14%  117M 33s
 34300K .......... .......... .......... .......... .......... 14%  117M 33s
 34350K .......... .......... .......... .......... .......... 14%  117M 33s
 34400K .......... .......... .......... .......... .......... 14% 88.8M 33s
 34450K .......... .......... .......... .......... .......... 14%  117M 33s
 34500K .......... .......... .......... .......... .......... 14%  117M 33s
 34550K .......... .......... .......... .......... .......... 14%  117M 33s
 34600K .......... .......... .......... .......... .......... 14%  116M 33s
 34650K .......... .......... .......... .......... .......... 14%  116M 33s
 34700K .......... .......... .......... .......... .......... 14%  117M 33s
 34750K .......... .......... .......... .......... .......... 14%  117M 32s
 34800K .......... .......... .......... .......... .......... 14% 87.5M 32s
 34850K .......... .......... .......... .......... .......... 14%  117M 32s
 34900K .......... .......... .......... .......... .......... 14%  117M 32s
 34950K .......... .......... .......... .......... .......... 14%  117M 32s
 35000K .......... .......... .......... .......... .......... 14% 18.1M 32s
 35050K .......... .......... .......... .......... .......... 14%  114M 32s
 35100K .......... .......... .......... .......... .......... 14%  114M 32s
 35150K .......... .......... .......... .......... .......... 14%  118M 32s
 35200K .......... .......... .......... .......... .......... 14% 13.6M 32s
 35250K .......... .......... .......... .......... .......... 14% 18.9M 32s
 35300K .......... .......... .......... .......... .......... 14% 30.4M 32s
 35350K .......... .......... .......... .......... .......... 14%  103M 32s
 35400K .......... .......... .......... .......... .......... 14% 25.7M 32s
 35450K .......... .......... .......... .......... .......... 14% 29.0M 32s
 35500K .......... .......... .......... .......... .......... 14% 2.11M 32s
 35550K .......... .......... .......... .......... .......... 14%  372K 33s
 35600K .......... .......... .......... .......... .......... 14%  131M 33s
 35650K .......... .......... .......... .......... .......... 14%  117M 33s
 35700K .......... .......... .......... .......... .......... 14%  117M 32s
 35750K .......... .......... .......... .......... .......... 14%  117M 32s
 35800K .......... .......... .......... .......... .......... 14%  115M 32s
 35850K .......... .......... .......... .......... .......... 14%  114M 32s
 35900K .......... .......... .......... .......... .......... 14%  120M 32s
 35950K .......... .......... .......... .......... .......... 14%  117M 32s
 36000K .......... .......... .......... .......... .......... 14% 87.1M 32s
 36050K .......... .......... .......... .......... .......... 14%  117M 32s
 36100K .......... .......... .......... .......... .......... 14%  117M 32s
 36150K .......... .......... .......... .......... .......... 14%  116M 32s
 36200K .......... .......... .......... .......... .......... 14%  115M 32s
 36250K .......... .......... .......... .......... .......... 14%  116M 32s
 36300K .......... .......... .......... .......... .......... 15%  117M 32s
 36350K .......... .......... .......... .......... .......... 15%  117M 32s
 36400K .......... .......... .......... .......... .......... 15% 89.8M 32s
 36450K .......... .......... .......... .......... .......... 15%  117M 32s
 36500K .......... .......... .......... .......... .......... 15%  117M 32s
 36550K .......... .......... .......... .......... .......... 15%  117M 32s
 36600K .......... .......... .......... .......... .......... 15%  115M 32s
 36650K .......... .......... .......... .......... .......... 15%  115M 32s
 36700K .......... .......... .......... .......... .......... 15%  117M 32s
 36750K .......... .......... .......... .......... .......... 15%  117M 31s
 36800K .......... .......... .......... .......... .......... 15% 89.7M 31s
 36850K .......... .......... .......... .......... .......... 15%  117M 31s
 36900K .......... .......... .......... .......... .......... 15%  116M 31s
 36950K .......... .......... .......... .......... .......... 15%  117M 31s
 37000K .......... .......... .......... .......... .......... 15%  115M 31s
 37050K .......... .......... .......... .......... .......... 15%  117M 31s
 37100K .......... .......... .......... .......... .......... 15%  115M 31s
 37150K .......... .......... .......... .......... .......... 15%  117M 31s
 37200K .......... .......... .......... .......... .......... 15% 88.5M 31s
 37250K .......... .......... .......... .......... .......... 15%  117M 31s
 37300K .......... .......... .......... .......... .......... 15%  117M 31s
 37350K .......... .......... .......... .......... .......... 15%  117M 31s
 37400K .......... .......... .......... .......... .......... 15%  115M 31s
 37450K .......... .......... .......... .......... .......... 15%  117M 31s
 37500K .......... .......... .......... .......... .......... 15%  117M 31s
 37550K .......... .......... .......... .......... .......... 15% 56.2M 31s
 37600K .......... .......... .......... .......... .......... 15% 28.0M 31s
 37650K .......... .......... .......... .......... .......... 15% 83.6M 31s
 37700K .......... .......... .......... .......... .......... 15%  105M 31s
 37750K .......... .......... .......... .......... .......... 15% 16.0M 31s
 37800K .......... .......... .......... .......... .......... 15% 2.12M 31s
 37850K .......... .......... .......... .......... .......... 15% 1.19M 31s
 37900K .......... .......... .......... .......... .......... 15%  535K 31s
 37950K .......... .......... .......... .......... .......... 15%  122M 31s
 38000K .......... .......... .......... .......... .......... 15% 87.0M 31s
 38050K .......... .......... .......... .......... .......... 15%  116M 31s
 38100K .......... .......... .......... .......... .......... 15%  117M 31s
 38150K .......... .......... .......... .......... .......... 15%  117M 31s
 38200K .......... .......... .......... .......... .......... 15%  114M 31s
 38250K .......... .......... .......... .......... .......... 15%  117M 31s
 38300K .......... .......... .......... .......... .......... 15%  117M 31s
 38350K .......... .......... .......... .......... .......... 15%  117M 31s
 38400K .......... .......... .......... .......... .......... 15% 89.5M 31s
 38450K .......... .......... .......... .......... .......... 15%  117M 31s
 38500K .......... .......... .......... .......... .......... 15%  117M 31s
 38550K .......... .......... .......... .......... .......... 15%  117M 31s
 38600K .......... .......... .......... .......... .......... 15%  115M 31s
 38650K .......... .......... .......... .......... .......... 15%  117M 31s
 38700K .......... .......... .......... .......... .......... 15%  117M 31s
 38750K .......... .......... .......... .......... .......... 16%  117M 30s
 38800K .......... .......... .......... .......... .......... 16% 57.0M 30s
 38850K .......... .......... .......... .......... .......... 16% 40.6M 30s
 38900K .......... .......... .......... .......... .......... 16%  117M 30s
 38950K .......... .......... .......... .......... .......... 16%  117M 30s
 39000K .......... .......... .......... .......... .......... 16%  116M 30s
 39050K .......... .......... .......... .......... .......... 16%  117M 30s
 39100K .......... .......... .......... .......... .......... 16%  117M 30s
 39150K .......... .......... .......... .......... .......... 16%  117M 30s
 39200K .......... .......... .......... .......... .......... 16% 87.1M 30s
 39250K .......... .......... .......... .......... .......... 16%  116M 30s
 39300K .......... .......... .......... .......... .......... 16%  117M 30s
 39350K .......... .......... .......... .......... .......... 16%  117M 30s
 39400K .......... .......... .......... .......... .......... 16%  115M 30s
 39450K .......... .......... .......... .......... .......... 16%  118M 30s
 39500K .......... .......... .......... .......... .......... 16%  117M 30s
 39550K .......... .......... .......... .......... .......... 16%  117M 30s
 39600K .......... .......... .......... .......... .......... 16% 88.7M 30s
 39650K .......... .......... .......... .......... .......... 16%  117M 30s
 39700K .......... .......... .......... .......... .......... 16%  116M 30s
 39750K .......... .......... .......... .......... .......... 16%  117M 30s
 39800K .......... .......... .......... .......... .......... 16%  113M 30s
 39850K .......... .......... .......... .......... .......... 16%  117M 30s
 39900K .......... .......... .......... .......... .......... 16%  118M 29s
 39950K .......... .......... .......... .......... .......... 16%  117M 29s
 40000K .......... .......... .......... .......... .......... 16% 88.8M 29s
 40050K .......... .......... .......... .......... .......... 16%  117M 29s
 40100K .......... .......... .......... .......... .......... 16%  117M 29s
 40150K .......... .......... .......... .......... .......... 16% 28.5M 29s
 40200K .......... .......... .......... .......... .......... 16% 2.03M 29s
 40250K .......... .......... .......... .......... .......... 16% 88.5M 29s
 40300K .......... .......... .......... .......... .......... 16%  372K 30s
 40350K .......... .......... .......... .......... .......... 16%  142M 30s
 40400K .......... .......... .......... .......... .......... 16% 87.6M 30s
 40450K .......... .......... .......... .......... .......... 16%  117M 30s
 40500K .......... .......... .......... .......... .......... 16%  116M 30s
 40550K .......... .......... .......... .......... .......... 16%  117M 30s
 40600K .......... .......... .......... .......... .......... 16%  116M 30s
 40650K .......... .......... .......... .......... .......... 16%  117M 30s
 40700K .......... .......... .......... .......... .......... 16%  116M 30s
 40750K .......... .......... .......... .......... .......... 16%  117M 30s
 40800K .......... .......... .......... .......... .......... 16% 89.8M 30s
 40850K .......... .......... .......... .......... .......... 16%  117M 29s
 40900K .......... .......... .......... .......... .......... 16%  117M 29s
 40950K .......... .......... .......... .......... .......... 16%  117M 29s
 41000K .......... .......... .......... .......... .......... 16%  115M 29s
 41050K .......... .......... .......... .......... .......... 16%  115M 29s
 41100K .......... .......... .......... .......... .......... 16%  119M 29s
 41150K .......... .......... .......... .......... .......... 17%  114M 29s
 41200K .......... .......... .......... .......... .......... 17% 88.7M 29s
 41250K .......... .......... .......... .......... .......... 17%  117M 29s
 41300K .......... .......... .......... .......... .......... 17% 48.8M 29s
 41350K .......... .......... .......... .......... .......... 17%  118M 29s
 41400K .......... .......... .......... .......... .......... 17%  114M 29s
 41450K .......... .......... .......... .......... .......... 17%  107M 29s
 41500K .......... .......... .......... .......... .......... 17%  117M 29s
 41550K .......... .......... .......... .......... .......... 17%  117M 29s
 41600K .......... .......... .......... .......... .......... 17% 48.8M 29s
 41650K .......... .......... .......... .......... .......... 17%  117M 29s
 41700K .......... .......... .......... .......... .......... 17%  117M 29s
 41750K .......... .......... .......... .......... .......... 17%  116M 29s
 41800K .......... .......... .......... .......... .......... 17%  114M 29s
 41850K .......... .......... .......... .......... .......... 17%  118M 29s
 41900K .......... .......... .......... .......... .......... 17%  115M 29s
 41950K .......... .......... .......... .......... .......... 17%  118M 29s
 42000K .......... .......... .......... .......... .......... 17% 89.8M 29s
 42050K .......... .......... .......... .......... .......... 17%  117M 29s
 42100K .......... .......... .......... .......... .......... 17%  117M 29s
 42150K .......... .......... .......... .......... .......... 17%  117M 28s
 42200K .......... .......... .......... .......... .......... 17%  114M 28s
 42250K .......... .......... .......... .......... .......... 17%  118M 28s
 42300K .......... .......... .......... .......... .......... 17%  117M 28s
 42350K .......... .......... .......... .......... .......... 17%  117M 28s
 42400K .......... .......... .......... .......... .......... 17% 86.9M 28s
 42450K .......... .......... .......... .......... .......... 17%  117M 28s
 42500K .......... .......... .......... .......... .......... 17%  117M 28s
 42550K .......... .......... .......... .......... .......... 17%  117M 28s
 42600K .......... .......... .......... .......... .......... 17%  114M 28s
 42650K .......... .......... .......... .......... .......... 17%  116M 28s
 42700K .......... .......... .......... .......... .......... 17% 25.5M 28s
 42750K .......... .......... .......... .......... .......... 17% 2.13M 28s
 42800K .......... .......... .......... .......... .......... 17%  371K 29s
 42850K .......... .......... .......... .......... .......... 17%  124M 29s
 42900K .......... .......... .......... .......... .......... 17%  148M 29s
 42950K .......... .......... .......... .......... .......... 17%  117M 29s
 43000K .......... .......... .......... .......... .......... 17%  115M 29s
 43050K .......... .......... .......... .......... .......... 17%  117M 29s
 43100K .......... .......... .......... .......... .......... 17%  117M 28s
 43150K .......... .......... .......... .......... .......... 17%  117M 28s
 43200K .......... .......... .......... .......... .......... 17% 89.0M 28s
 43250K .......... .......... .......... .......... .......... 17%  117M 28s
 43300K .......... .......... .......... .......... .......... 17%  116M 28s
 43350K .......... .......... .......... .......... .......... 17%  117M 28s
 43400K .......... .......... .......... .......... .......... 17%  116M 28s
 43450K .......... .......... .......... .......... .......... 17%  115M 28s
 43500K .......... .......... .......... .......... .......... 17%  117M 28s
 43550K .......... .......... .......... .......... .......... 17%  117M 28s
 43600K .......... .......... .......... .......... .......... 18% 87.6M 28s
 43650K .......... .......... .......... .......... .......... 18%  117M 28s
 43700K .......... .......... .......... .......... .......... 18%  117M 28s
 43750K .......... .......... .......... .......... .......... 18%  117M 28s
 43800K .......... .......... .......... .......... .......... 18%  114M 28s
 43850K .......... .......... .......... .......... .......... 18%  115M 28s
 43900K .......... .......... .......... .......... .......... 18%  117M 28s
 43950K .......... .......... .......... .......... .......... 18%  118M 28s
 44000K .......... .......... .......... .......... .......... 18% 87.6M 28s
 44050K .......... .......... .......... .......... .......... 18%  117M 28s
 44100K .......... .......... .......... .......... .......... 18%  117M 28s
 44150K .......... .......... .......... .......... .......... 18% 29.6M 28s
 44200K .......... .......... .......... .......... .......... 18% 25.9M 28s
 44250K .......... .......... .......... .......... .......... 18% 56.8M 28s
 44300K .......... .......... .......... .......... .......... 18%  117M 28s
 44350K .......... .......... .......... .......... .......... 18%  117M 28s
 44400K .......... .......... .......... .......... .......... 18% 87.5M 28s
 44450K .......... .......... .......... .......... .......... 18%  117M 27s
 44500K .......... .......... .......... .......... .......... 18%  117M 27s
 44550K .......... .......... .......... .......... .......... 18%  117M 27s
 44600K .......... .......... .......... .......... .......... 18%  114M 27s
 44650K .......... .......... .......... .......... .......... 18%  116M 27s
 44700K .......... .......... .......... .......... .......... 18%  118M 27s
 44750K .......... .......... .......... .......... .......... 18%  116M 27s
 44800K .......... .......... .......... .......... .......... 18% 89.8M 27s
 44850K .......... .......... .......... .......... .......... 18%  117M 27s
 44900K .......... .......... .......... .......... .......... 18%  117M 27s
 44950K .......... .......... .......... .......... .......... 18%  117M 27s
 45000K .......... .......... .......... .......... .......... 18%  115M 27s
 45050K .......... .......... .......... .......... .......... 18%  117M 27s
 45100K .......... .......... .......... .......... .......... 18%  115M 27s
 45150K .......... .......... .......... .......... .......... 18%  117M 27s
 45200K .......... .......... .......... .......... .......... 18% 89.5M 27s
 45250K .......... .......... .......... .......... .......... 18%  117M 27s
 45300K .......... .......... .......... .......... .......... 18%  117M 27s
 45350K .......... .......... .......... .......... .......... 18% 2.27M 27s
 45400K .......... .......... .......... .......... .......... 18%  371K 27s
 45450K .......... .......... .......... .......... .......... 18%  210M 27s
 45500K .......... .......... .......... .......... .......... 18%  122M 27s
 45550K .......... .......... .......... .......... .......... 18%  113M 27s
 45600K .......... .......... .......... .......... .......... 18% 88.7M 27s
 45650K .......... .......... .......... .......... .......... 18%  117M 27s
 45700K .......... .......... .......... .......... .......... 18%  117M 27s
 45750K .......... .......... .......... .......... .......... 18%  117M 27s
 45800K .......... .......... .......... .......... .......... 18%  114M 27s
 45850K .......... .......... .......... .......... .......... 18%  117M 27s
 45900K .......... .......... .......... .......... .......... 18%  117M 27s
 45950K .......... .......... .......... .......... .......... 18%  116M 27s
 46000K .......... .......... .......... .......... .......... 19% 65.7M 27s
 46050K .......... .......... .......... .......... .......... 19%  116M 27s
 46100K .......... .......... .......... .......... .......... 19%  117M 27s
 46150K .......... .......... .......... .......... .......... 19%  117M 27s
 46200K .......... .......... .......... .......... .......... 19%  115M 27s
 46250K .......... .......... .......... .......... .......... 19%  117M 27s
 46300K .......... .......... .......... .......... .......... 19%  117M 27s
 46350K .......... .......... .......... .......... .......... 19%  117M 27s
 46400K .......... .......... .......... .......... .......... 19% 88.8M 27s
 46450K .......... .......... .......... .......... .......... 19%  117M 27s
 46500K .......... .......... .......... .......... .......... 19%  117M 27s
 46550K .......... .......... .......... .......... .......... 19%  116M 27s
 46600K .......... .......... .......... .......... .......... 19%  115M 27s
 46650K .......... .......... .......... .......... .......... 19%  117M 27s
 46700K .......... .......... .......... .......... .......... 19%  118M 27s
 46750K .......... .......... .......... .......... .......... 19%  117M 27s
 46800K .......... .......... .......... .......... .......... 19% 87.0M 27s
 46850K .......... .......... .......... .......... .......... 19% 23.3M 27s
 46900K .......... .......... .......... .......... .......... 19% 85.8M 26s
 46950K .......... .......... .......... .......... .......... 19% 54.2M 26s
 47000K .......... .......... .......... .......... .......... 19%  115M 26s
 47050K .......... .......... .......... .......... .......... 19%  116M 26s
 47100K .......... .......... .......... .......... .......... 19%  116M 26s
 47150K .......... .......... .......... .......... .......... 19%  117M 26s
 47200K .......... .......... .......... .......... .......... 19% 90.5M 26s
 47250K .......... .......... .......... .......... .......... 19%  117M 26s
 47300K .......... .......... .......... .......... .......... 19%  116M 26s
 47350K .......... .......... .......... .......... .......... 19%  117M 26s
 47400K .......... .......... .......... .......... .......... 19% 43.9M 26s
 47450K .......... .......... .......... .......... .......... 19%  116M 26s
 47500K .......... .......... .......... .......... .......... 19% 14.9M 26s
 47550K .......... .......... .......... .......... .......... 19%  117M 26s
 47600K .......... .......... .......... .......... .......... 19% 86.5M 26s
 47650K .......... .......... .......... .......... .......... 19%  118M 26s
 47700K .......... .......... .......... .......... .......... 19%  117M 26s
 47750K .......... .......... .......... .......... .......... 19%  117M 26s
 47800K .......... .......... .......... .......... .......... 19%  115M 26s
 47850K .......... .......... .......... .......... .......... 19%  117M 26s
 47900K .......... .......... .......... .......... .......... 19%  117M 26s
 47950K .......... .......... .......... .......... .......... 19%  114M 26s
 48000K .......... .......... .......... .......... .......... 19% 90.4M 26s
 48050K .......... .......... .......... .......... .......... 19% 2.79M 26s
 48100K .......... .......... .......... .......... .......... 19%  118M 26s
 48150K .......... .......... .......... .......... .......... 19%  371K 26s
 48200K .......... .......... .......... .......... .......... 19%  131M 26s
 48250K .......... .......... .......... .......... .......... 19% 91.7M 26s
 48300K .......... .......... .......... .......... .......... 19%  116M 26s
 48350K .......... .......... .......... .......... .......... 19%  116M 26s
 48400K .......... .......... .......... .......... .......... 19% 90.1M 26s
 48450K .......... .......... .......... .......... .......... 20%  116M 26s
 48500K .......... .......... .......... .......... .......... 20%  117M 26s
 48550K .......... .......... .......... .......... .......... 20%  117M 26s
 48600K .......... .......... .......... .......... .......... 20%  114M 26s
 48650K .......... .......... .......... .......... .......... 20%  116M 26s
 48700K .......... .......... .......... .......... .......... 20%  118M 26s
 48750K .......... .......... .......... .......... .......... 20%  117M 26s
 48800K .......... .......... .......... .......... .......... 20% 87.2M 26s
 48850K .......... .......... .......... .......... .......... 20%  118M 26s
 48900K .......... .......... .......... .......... .......... 20%  117M 26s
 48950K .......... .......... .......... .......... .......... 20%  117M 26s
 49000K .......... .......... .......... .......... .......... 20%  115M 26s
 49050K .......... .......... .......... .......... .......... 20%  117M 26s
 49100K .......... .......... .......... .......... .......... 20%  117M 26s
 49150K .......... .......... .......... .......... .......... 20%  117M 26s
 49200K .......... .......... .......... .......... .......... 20% 19.8M 26s
 49250K .......... .......... .......... .......... .......... 20%  117M 26s
 49300K .......... .......... .......... .......... .......... 20%  117M 26s
 49350K .......... .......... .......... .......... .......... 20%  117M 26s
 49400K .......... .......... .......... .......... .......... 20%  114M 26s
 49450K .......... .......... .......... .......... .......... 20%  117M 25s
 49500K .......... .......... .......... .......... .......... 20%  117M 25s
 49550K .......... .......... .......... .......... .......... 20%  117M 25s
 49600K .......... .......... .......... .......... .......... 20% 89.8M 25s
 49650K .......... .......... .......... .......... .......... 20%  117M 25s
 49700K .......... .......... .......... .......... .......... 20% 92.8M 25s
 49750K .......... .......... .......... .......... .......... 20%  117M 25s
 49800K .......... .......... .......... .......... .......... 20%  113M 25s
 49850K .......... .......... .......... .......... .......... 20%  119M 25s
 49900K .......... .......... .......... .......... .......... 20%  117M 25s
 49950K .......... .......... .......... .......... .......... 20%  117M 25s
 50000K .......... .......... .......... .......... .......... 20% 87.0M 25s
 50050K .......... .......... .......... .......... .......... 20%  117M 25s
 50100K .......... .......... .......... .......... .......... 20%  117M 25s
 50150K .......... .......... .......... .......... .......... 20%  117M 25s
 50200K .......... .......... .......... .......... .......... 20% 76.5M 25s
 50250K .......... .......... .......... .......... .......... 20%  114M 25s
 50300K .......... .......... .......... .......... .......... 20% 15.2M 25s
 50350K .......... .......... .......... .......... .......... 20%  117M 25s
 50400K .......... .......... .......... .......... .......... 20% 88.7M 25s
 50450K .......... .......... .......... .......... .......... 20%  117M 25s
 50500K .......... .......... .......... .......... .......... 20%  117M 25s
 50550K .......... .......... .......... .......... .......... 20%  117M 25s
 50600K .......... .......... .......... .......... .......... 20%  114M 25s
 50650K .......... .......... .......... .......... .......... 20%  117M 25s
 50700K .......... .......... .......... .......... .......... 20%  117M 25s
 50750K .......... .......... .......... .......... .......... 20%  116M 25s
 50800K .......... .......... .......... .......... .......... 20%  325K 25s
 50850K .......... .......... .......... .......... .......... 21%  124M 25s
 50900K .......... .......... .......... .......... .......... 21%  117M 25s
 50950K .......... .......... .......... .......... .......... 21% 60.1M 25s
 51000K .......... .......... .......... .......... .......... 21%  116M 25s
 51050K .......... .......... .......... .......... .......... 21%  117M 25s
 51100K .......... .......... .......... .......... .......... 21%  117M 25s
 51150K .......... .......... .......... .......... .......... 21%  117M 25s
 51200K .......... .......... .......... .......... .......... 21% 88.9M 25s
 51250K .......... .......... .......... .......... .......... 21%  117M 25s
 51300K .......... .......... .......... .......... .......... 21%  117M 25s
 51350K .......... .......... .......... .......... .......... 21%  117M 25s
 51400K .......... .......... .......... .......... .......... 21%  115M 25s
 51450K .......... .......... .......... .......... .......... 21%  117M 25s
 51500K .......... .......... .......... .......... .......... 21%  117M 25s
 51550K .......... .......... .......... .......... .......... 21%  117M 25s
 51600K .......... .......... .......... .......... .......... 21% 88.8M 25s
 51650K .......... .......... .......... .......... .......... 21%  117M 25s
 51700K .......... .......... .......... .......... .......... 21%  117M 25s
 51750K .......... .......... .......... .......... .......... 21%  117M 25s
 51800K .......... .......... .......... .......... .......... 21%  115M 25s
 51850K .......... .......... .......... .......... .......... 21%  117M 25s
 51900K .......... .......... .......... .......... .......... 21%  117M 25s
 51950K .......... .......... .......... .......... .......... 21%  117M 25s
 52000K .......... .......... .......... .......... .......... 21% 87.6M 25s
 52050K .......... .......... .......... .......... .......... 21%  117M 25s
 52100K .......... .......... .......... .......... .......... 21%  117M 25s
 52150K .......... .......... .......... .......... .......... 21%  117M 24s
 52200K .......... .......... .......... .......... .......... 21%  115M 24s
 52250K .......... .......... .......... .......... .......... 21%  117M 24s
 52300K .......... .......... .......... .......... .......... 21%  116M 24s
 52350K .......... .......... .......... .......... .......... 21%  117M 24s
 52400K .......... .......... .......... .......... .......... 21% 89.7M 24s
 52450K .......... .......... .......... .......... .......... 21% 22.2M 24s
 52500K .......... .......... .......... .......... .......... 21%  117M 24s
 52550K .......... .......... .......... .......... .......... 21%  117M 24s
 52600K .......... .......... .......... .......... .......... 21%  115M 24s
 52650K .......... .......... .......... .......... .......... 21%  115M 24s
 52700K .......... .......... .......... .......... .......... 21%  117M 24s
 52750K .......... .......... .......... .......... .......... 21%  116M 24s
 52800K .......... .......... .......... .......... .......... 21% 90.0M 24s
 52850K .......... .......... .......... .......... .......... 21%  117M 24s
 52900K .......... .......... .......... .......... .......... 21%  117M 24s
 52950K .......... .......... .......... .......... .......... 21%  117M 24s
 53000K .......... .......... .......... .......... .......... 21%  114M 24s
 53050K .......... .......... .......... .......... .......... 21%  117M 24s
 53100K .......... .......... .......... .......... .......... 21%  117M 24s
 53150K .......... .......... .......... .......... .......... 21%  116M 24s
 53200K .......... .......... .......... .......... .......... 21% 87.7M 24s
 53250K .......... .......... .......... .......... .......... 21%  117M 24s
 53300K .......... .......... .......... .......... .......... 22%  117M 24s
 53350K .......... .......... .......... .......... .......... 22%  117M 24s
 53400K .......... .......... .......... .......... .......... 22%  100M 24s
 53450K .......... .......... .......... .......... .......... 22%  117M 24s
 53500K .......... .......... .......... .......... .......... 22%  117M 24s
 53550K .......... .......... .......... .......... .......... 22%  117M 24s
 53600K .......... .......... .......... .......... .......... 22% 89.8M 24s
 53650K .......... .......... .......... .......... .......... 22%  117M 24s
 53700K .......... .......... .......... .......... .......... 22%  117M 24s
 53750K .......... .......... .......... .......... .......... 22%  325K 24s
 53800K .......... .......... .......... .......... .......... 22%  168M 24s
 53850K .......... .......... .......... .......... .......... 22%  119M 24s
 53900K .......... .......... .......... .......... .......... 22% 84.2M 24s
 53950K .......... .......... .......... .......... .......... 22%  106M 24s
 54000K .......... .......... .......... .......... .......... 22% 89.6M 24s
 54050K .......... .......... .......... .......... .......... 22% 67.1M 24s
 54100K .......... .......... .......... .......... .......... 22%  116M 24s
 54150K .......... .......... .......... .......... .......... 22%  117M 24s
 54200K .......... .......... .......... .......... .......... 22%  116M 24s
 54250K .......... .......... .......... .......... .......... 22% 14.5M 24s
 54300K .......... .......... .......... .......... .......... 22%  119M 24s
 54350K .......... .......... .......... .......... .......... 22%  116M 24s
 54400K .......... .......... .......... .......... .......... 22% 87.1M 24s
 54450K .......... .......... .......... .......... .......... 22%  117M 24s
 54500K .......... .......... .......... .......... .......... 22% 69.7M 24s
 54550K .......... .......... .......... .......... .......... 22%  117M 24s
 54600K .......... .......... .......... .......... .......... 22%  114M 24s
 54650K .......... .......... .......... .......... .......... 22%  117M 24s
 54700K .......... .......... .......... .......... .......... 22%  117M 24s
 54750K .......... .......... .......... .......... .......... 22%  117M 24s
 54800K .......... .......... .......... .......... .......... 22% 89.7M 24s
 54850K .......... .......... .......... .......... .......... 22%  117M 24s
 54900K .......... .......... .......... .......... .......... 22%  116M 24s
 54950K .......... .......... .......... .......... .......... 22%  117M 24s
 55000K .......... .......... .......... .......... .......... 22%  113M 23s
 55050K .......... .......... .......... .......... .......... 22%  118M 23s
 55100K .......... .......... .......... .......... .......... 22%  115M 23s
 55150K .......... .......... .......... .......... .......... 22%  118M 23s
 55200K .......... .......... .......... .......... .......... 22% 89.7M 23s
 55250K .......... .......... .......... .......... .......... 22%  117M 23s
 55300K .......... .......... .......... .......... .......... 22%  116M 23s
 55350K .......... .......... .......... .......... .......... 22%  117M 23s
 55400K .......... .......... .......... .......... .......... 22%  114M 23s
 55450K .......... .......... .......... .......... .......... 22%  117M 23s
 55500K .......... .......... .......... .......... .......... 22%  117M 23s
 55550K .......... .......... .......... .......... .......... 22%  117M 23s
 55600K .......... .......... .......... .......... .......... 22% 87.6M 23s
 55650K .......... .......... .......... .......... .......... 22%  117M 23s
 55700K .......... .......... .......... .......... .......... 23%  117M 23s
 55750K .......... .......... .......... .......... .......... 23%  117M 23s
 55800K .......... .......... .......... .......... .......... 23% 26.5M 23s
 55850K .......... .......... .......... .......... .......... 23%  117M 23s
 55900K .......... .......... .......... .......... .......... 23% 44.0M 23s
 55950K .......... .......... .......... .......... .......... 23%  118M 23s
 56000K .......... .......... .......... .......... .......... 23% 89.7M 23s
 56050K .......... .......... .......... .......... .......... 23% 79.9M 23s
 56100K .......... .......... .......... .......... .......... 23%  117M 23s
 56150K .......... .......... .......... .......... .......... 23%  117M 23s
 56200K .......... .......... .......... .......... .......... 23%  115M 23s
 56250K .......... .......... .......... .......... .......... 23%  117M 23s
 56300K .......... .......... .......... .......... .......... 23%  117M 23s
 56350K .......... .......... .......... .......... .......... 23%  117M 23s
 56400K .......... .......... .......... .......... .......... 23% 88.7M 23s
 56450K .......... .......... .......... .......... .......... 23%  117M 23s
 56500K .......... .......... .......... .......... .......... 23%  117M 23s
 56550K .......... .......... .......... .......... .......... 23%  117M 23s
 56600K .......... .......... .......... .......... .......... 23%  114M 23s
 56650K .......... .......... .......... .......... .......... 23%  117M 23s
 56700K .......... .......... .......... .......... .......... 23%  115M 23s
 56750K .......... .......... .......... .......... .......... 23%  118M 23s
 56800K .......... .......... .......... .......... .......... 23%  335K 23s
 56850K .......... .......... .......... .......... .......... 23%  236M 23s
 56900K .......... .......... .......... .......... .......... 23%  117M 23s
 56950K .......... .......... .......... .......... .......... 23% 81.6M 23s
 57000K .......... .......... .......... .......... .......... 23%  108M 23s
 57050K .......... .......... .......... .......... .......... 23%  117M 23s
 57100K .......... .......... .......... .......... .......... 23% 65.2M 23s
 57150K .......... .......... .......... .......... .......... 23%  115M 23s
 57200K .......... .......... .......... .......... .......... 23% 89.7M 23s
 57250K .......... .......... .......... .......... .......... 23%  117M 23s
 57300K .......... .......... .......... .......... .......... 23% 14.8M 23s
 57350K .......... .......... .......... .......... .......... 23%  113M 23s
 57400K .......... .......... .......... .......... .......... 23%  109M 23s
 57450K .......... .......... .......... .......... .......... 23%  114M 23s
 57500K .......... .......... .......... .......... .......... 23%  110M 23s
 57550K .......... .......... .......... .......... .......... 23% 73.6M 23s
 57600K .......... .......... .......... .......... .......... 23% 11.3M 23s
 57650K .......... .......... .......... .......... .......... 23% 41.3M 23s
 57700K .......... .......... .......... .......... .......... 23%  117M 23s
 57750K .......... .......... .......... .......... .......... 23% 22.2M 23s
 57800K .......... .......... .......... .......... .......... 23%  115M 23s
 57850K .......... .......... .......... .......... .......... 23%  116M 23s
 57900K .......... .......... .......... .......... .......... 23%  117M 23s
 57950K .......... .......... .......... .......... .......... 23%  117M 23s
 58000K .......... .......... .......... .......... .......... 23% 88.8M 23s
 58050K .......... .......... .......... .......... .......... 23%  117M 22s
 58100K .......... .......... .......... .......... .......... 24%  117M 22s
 58150K .......... .......... .......... .......... .......... 24%  117M 22s
 58200K .......... .......... .......... .......... .......... 24%  115M 22s
 58250K .......... .......... .......... .......... .......... 24%  117M 22s
 58300K .......... .......... .......... .......... .......... 24%  117M 22s
 58350K .......... .......... .......... .......... .......... 24%  117M 22s
 58400K .......... .......... .......... .......... .......... 24% 88.8M 22s
 58450K .......... .......... .......... .......... .......... 24%  117M 22s
 58500K .......... .......... .......... .......... .......... 24%  117M 22s
 58550K .......... .......... .......... .......... .......... 24%  117M 22s
 58600K .......... .......... .......... .......... .......... 24%  116M 22s
 58650K .......... .......... .......... .......... .......... 24%  117M 22s
 58700K .......... .......... .......... .......... .......... 24%  116M 22s
 58750K .......... .......... .......... .......... .......... 24%  117M 22s
 58800K .......... .......... .......... .......... .......... 24% 87.0M 22s
 58850K .......... .......... .......... .......... .......... 24%  118M 22s
 58900K .......... .......... .......... .......... .......... 24%  115M 22s
 58950K .......... .......... .......... .......... .......... 24%  117M 22s
 59000K .......... .......... .......... .......... .......... 24%  114M 22s
 59050K .......... .......... .......... .......... .......... 24%  117M 22s
 59100K .......... .......... .......... .......... .......... 24%  117M 22s
 59150K .......... .......... .......... .......... .......... 24%  116M 22s
 59200K .......... .......... .......... .......... .......... 24% 90.1M 22s
 59250K .......... .......... .......... .......... .......... 24%  117M 22s
 59300K .......... .......... .......... .......... .......... 24%  117M 22s
 59350K .......... .......... .......... .......... .......... 24%  116M 22s
 59400K .......... .......... .......... .......... .......... 24%  115M 22s
 59450K .......... .......... .......... .......... .......... 24%  116M 22s
 59500K .......... .......... .......... .......... .......... 24% 41.2M 22s
 59550K .......... .......... .......... .......... .......... 24%  118M 22s
 59600K .......... .......... .......... .......... .......... 24% 18.0M 22s
 59650K .......... .......... .......... .......... .......... 24% 25.8M 22s
 59700K .......... .......... .......... .......... .......... 24% 89.9M 22s
 59750K .......... .......... .......... .......... .......... 24% 14.4M 22s
 59800K .......... .......... .......... .......... .......... 24%  114M 22s
 59850K .......... .......... .......... .......... .......... 24% 1.75M 22s
 59900K .......... .......... .......... .......... .......... 24%  454K 22s
 59950K .......... .......... .......... .......... .......... 24%  149M 22s
 60000K .......... .......... .......... .......... .......... 24% 87.6M 22s
 60050K .......... .......... .......... .......... .......... 24%  107M 22s
 60100K .......... .......... .......... .......... .......... 24%  114M 22s
 60150K .......... .......... .......... .......... .......... 24% 64.3M 22s
 60200K .......... .......... .......... .......... .......... 24%  114M 22s
 60250K .......... .......... .......... .......... .......... 24%  118M 22s
 60300K .......... .......... .......... .......... .......... 24%  114M 22s
 60350K .......... .......... .......... .......... .......... 24% 15.0M 22s
 60400K .......... .......... .......... .......... .......... 24% 88.6M 22s
 60450K .......... .......... .......... .......... .......... 24%  117M 22s
 60500K .......... .......... .......... .......... .......... 24%  110M 22s
 60550K .......... .......... .......... .......... .......... 25%  102M 22s
 60600K .......... .......... .......... .......... .......... 25% 11.3M 22s
 60650K .......... .......... .......... .......... .......... 25%  114M 22s
 60700K .......... .......... .......... .......... .......... 25% 39.4M 22s
 60750K .......... .......... .......... .......... .......... 25%  107M 22s
 60800K .......... .......... .......... .......... .......... 25% 8.28M 22s
 60850K .......... .......... .......... .......... .......... 25%  117M 22s
 60900K .......... .......... .......... .......... .......... 25% 30.5M 22s
 60950K .......... .......... .......... .......... .......... 25% 51.6M 22s
 61000K .......... .......... .......... .......... .......... 25%  116M 22s
 61050K .......... .......... .......... .......... .......... 25%  114M 22s
 61100K .......... .......... .......... .......... .......... 25%  119M 22s
 61150K .......... .......... .......... .......... .......... 25%  117M 22s
 61200K .......... .......... .......... .......... .......... 25% 89.8M 22s
 61250K .......... .......... .......... .......... .......... 25%  117M 21s
 61300K .......... .......... .......... .......... .......... 25%  117M 21s
 61350K .......... .......... .......... .......... .......... 25%  116M 21s
 61400K .......... .......... .......... .......... .......... 25%  114M 21s
 61450K .......... .......... .......... .......... .......... 25%  117M 21s
 61500K .......... .......... .......... .......... .......... 25%  117M 21s
 61550K .......... .......... .......... .......... .......... 25%  116M 21s
 61600K .......... .......... .......... .......... .......... 25% 89.9M 21s
 61650K .......... .......... .......... .......... .......... 25%  117M 21s
 61700K .......... .......... .......... .......... .......... 25%  117M 21s
 61750K .......... .......... .......... .......... .......... 25%  117M 21s
 61800K .......... .......... .......... .......... .......... 25%  115M 21s
 61850K .......... .......... .......... .......... .......... 25%  115M 21s
 61900K .......... .......... .......... .......... .......... 25%  117M 21s
 61950K .......... .......... .......... .......... .......... 25%  117M 21s
 62000K .......... .......... .......... .......... .......... 25% 87.6M 21s
 62050K .......... .......... .......... .......... .......... 25%  117M 21s
 62100K .......... .......... .......... .......... .......... 25%  116M 21s
 62150K .......... .......... .......... .......... .......... 25%  118M 21s
 62200K .......... .......... .......... .......... .......... 25%  114M 21s
 62250K .......... .......... .......... .......... .......... 25%  116M 21s
 62300K .......... .......... .......... .......... .......... 25%  117M 21s
 62350K .......... .......... .......... .......... .......... 25%  116M 21s
 62400K .......... .......... .......... .......... .......... 25% 90.5M 21s
 62450K .......... .......... .......... .......... .......... 25%  117M 21s
 62500K .......... .......... .......... .......... .......... 25%  117M 21s
 62550K .......... .......... .......... .......... .......... 25%  117M 21s
 62600K .......... .......... .......... .......... .......... 25%  114M 21s
 62650K .......... .......... .......... .......... .......... 25%  118M 21s
 62700K .......... .......... .......... .......... .......... 25%  115M 21s
 62750K .......... .......... .......... .......... .......... 25%  116M 21s
 62800K .......... .......... .......... .......... .......... 25% 19.3M 21s
 62850K .......... .......... .......... .......... .......... 25% 12.7M 21s
 62900K .......... .......... .......... .......... .......... 25% 1.99M 21s
 62950K .......... .......... .......... .......... .......... 26%  453K 21s
 63000K .......... .......... .......... .......... .......... 26%  146M 21s
 63050K .......... .......... .......... .......... .......... 26%  117M 21s
 63100K .......... .......... .......... .......... .......... 26% 6.77M 21s
 63150K .......... .......... .......... .......... .......... 26%  117M 21s
 63200K .......... .......... .......... .......... .......... 26% 89.4M 21s
 63250K .......... .......... .......... .......... .......... 26%  117M 21s
 63300K .......... .......... .......... .......... .......... 26%  114M 21s
 63350K .......... .......... .......... .......... .......... 26%  116M 21s
 63400K .......... .......... .......... .......... .......... 26%  116M 21s
 63450K .......... .......... .......... .......... .......... 26%  117M 21s
 63500K .......... .......... .......... .......... .......... 26%  114M 21s
 63550K .......... .......... .......... .......... .......... 26%  121M 21s
 63600K .......... .......... .......... .......... .......... 26% 87.0M 21s
 63650K .......... .......... .......... .......... .......... 26%  117M 21s
 63700K .......... .......... .......... .......... .......... 26% 72.1M 21s
 63750K .......... .......... .......... .......... .......... 26%  104M 21s
 63800K .......... .......... .......... .......... .......... 26% 43.0M 21s
 63850K .......... .......... .......... .......... .......... 26% 8.47M 21s
 63900K .......... .......... .......... .......... .......... 26%  115M 21s
 63950K .......... .......... .......... .......... .......... 26%  116M 21s
 64000K .......... .......... .......... .......... .......... 26% 27.5M 21s
 64050K .......... .......... .......... .......... .......... 26% 52.6M 21s
 64100K .......... .......... .......... .......... .......... 26%  110M 21s
 64150K .......... .......... .......... .......... .......... 26%  118M 21s
 64200K .......... .......... .......... .......... .......... 26%  115M 21s
 64250K .......... .......... .......... .......... .......... 26%  117M 21s
 64300K .......... .......... .......... .......... .......... 26%  117M 21s
 64350K .......... .......... .......... .......... .......... 26%  117M 21s
 64400K .......... .......... .......... .......... .......... 26% 89.8M 21s
 64450K .......... .......... .......... .......... .......... 26%  117M 21s
 64500K .......... .......... .......... .......... .......... 26%  117M 21s
 64550K .......... .......... .......... .......... .......... 26% 12.3M 21s
 64600K .......... .......... .......... .......... .......... 26%  115M 21s
 64650K .......... .......... .......... .......... .......... 26%  117M 20s
 64700K .......... .......... .......... .......... .......... 26%  113M 20s
 64750K .......... .......... .......... .......... .......... 26% 33.2M 20s
 64800K .......... .......... .......... .......... .......... 26% 70.1M 20s
 64850K .......... .......... .......... .......... .......... 26%  116M 20s
 64900K .......... .......... .......... .......... .......... 26%  117M 20s
 64950K .......... .......... .......... .......... .......... 26%  117M 20s
 65000K .......... .......... .......... .......... .......... 26%  114M 20s
 65050K .......... .......... .......... .......... .......... 26%  117M 20s
 65100K .......... .......... .......... .......... .......... 26%  118M 20s
 65150K .......... .......... .......... .......... .......... 26%  112M 20s
 65200K .......... .......... .......... .......... .......... 26% 89.8M 20s
 65250K .......... .......... .......... .......... .......... 26%  116M 20s
 65300K .......... .......... .......... .......... .......... 26%  118M 20s
 65350K .......... .......... .......... .......... .......... 26%  117M 20s
 65400K .......... .......... .......... .......... .......... 27%  115M 20s
 65450K .......... .......... .......... .......... .......... 27%  117M 20s
 65500K .......... .......... .......... .......... .......... 27%  117M 20s
 65550K .......... .......... .......... .......... .......... 27%  117M 20s
 65600K .......... .......... .......... .......... .......... 27% 88.9M 20s
 65650K .......... .......... .......... .......... .......... 27%  116M 20s
 65700K .......... .......... .......... .......... .......... 27%  118M 20s
 65750K .......... .......... .......... .......... .......... 27%  117M 20s
 65800K .......... .......... .......... .......... .......... 27%  114M 20s
 65850K .......... .......... .......... .......... .......... 27%  117M 20s
 65900K .......... .......... .......... .......... .......... 27% 52.3M 20s
 65950K .......... .......... .......... .......... .......... 27% 1.97M 20s
 66000K .......... .......... .......... .......... .......... 27%  452K 20s
 66050K .......... .......... .......... .......... .......... 27%  116M 20s
 66100K .......... .......... .......... .......... .......... 27%  117M 20s
 66150K .......... .......... .......... .......... .......... 27% 6.87M 20s
 66200K .......... .......... .......... .......... .......... 27%  138M 20s
 66250K .......... .......... .......... .......... .......... 27%  117M 20s
 66300K .......... .......... .......... .......... .......... 27%  115M 20s
 66350K .......... .......... .......... .......... .......... 27% 11.5M 20s
 66400K .......... .......... .......... .......... .......... 27% 90.3M 20s
 66450K .......... .......... .......... .......... .......... 27%  119M 20s
 66500K .......... .......... .......... .......... .......... 27%  114M 20s
 66550K .......... .......... .......... .......... .......... 27%  118M 20s
 66600K .......... .......... .......... .......... .......... 27%  113M 20s
 66650K .......... .......... .......... .......... .......... 27%  115M 20s
 66700K .......... .......... .......... .......... .......... 27%  118M 20s
 66750K .......... .......... .......... .......... .......... 27%  117M 20s
 66800K .......... .......... .......... .......... .......... 27% 89.6M 20s
 66850K .......... .......... .......... .......... .......... 27%  114M 20s
 66900K .......... .......... .......... .......... .......... 27% 16.5M 20s
 66950K .......... .......... .......... .......... .......... 27%  106M 20s
 67000K .......... .......... .......... .......... .......... 27% 30.7M 20s
 67050K .......... .......... .......... .......... .......... 27% 55.8M 20s
 67100K .......... .......... .......... .......... .......... 27% 94.7M 20s
 67150K .......... .......... .......... .......... .......... 27%  102M 20s
 67200K .......... .......... .......... .......... .......... 27% 88.1M 20s
 67250K .......... .......... .......... .......... .......... 27%  117M 20s
 67300K .......... .......... .......... .......... .......... 27%  117M 20s
 67350K .......... .......... .......... .......... .......... 27%  117M 20s
 67400K .......... .......... .......... .......... .......... 27%  114M 20s
 67450K .......... .......... .......... .......... .......... 27%  117M 20s
 67500K .......... .......... .......... .......... .......... 27%  117M 20s
 67550K .......... .......... .......... .......... .......... 27%  116M 20s
 67600K .......... .......... .......... .......... .......... 27% 12.3M 20s
 67650K .......... .......... .......... .......... .......... 27%  103M 20s
 67700K .......... .......... .......... .......... .......... 27%  115M 20s
 67750K .......... .......... .......... .......... .......... 27%  117M 20s
 67800K .......... .......... .......... .......... .......... 28% 34.0M 20s
 67850K .......... .......... .......... .......... .......... 28% 11.9M 20s
 67900K .......... .......... .......... .......... .......... 28%  122M 20s
 67950K .......... .......... .......... .......... .......... 28%  117M 20s
 68000K .......... .......... .......... .......... .......... 28% 87.8M 20s
 68050K .......... .......... .......... .......... .......... 28%  118M 20s
 68100K .......... .......... .......... .......... .......... 28%  115M 20s
 68150K .......... .......... .......... .......... .......... 28%  117M 20s
 68200K .......... .......... .......... .......... .......... 28%  114M 20s
 68250K .......... .......... .......... .......... .......... 28%  118M 20s
 68300K .......... .......... .......... .......... .......... 28%  115M 19s
 68350K .......... .......... .......... .......... .......... 28%  117M 19s
 68400K .......... .......... .......... .......... .......... 28% 89.2M 19s
 68450K .......... .......... .......... .......... .......... 28%  117M 19s
 68500K .......... .......... .......... .......... .......... 28%  117M 19s
 68550K .......... .......... .......... .......... .......... 28%  117M 19s
 68600K .......... .......... .......... .......... .......... 28%  114M 19s
 68650K .......... .......... .......... .......... .......... 28%  117M 19s
 68700K .......... .......... .......... .......... .......... 28%  117M 19s
 68750K .......... .......... .......... .......... .......... 28%  117M 19s
 68800K .......... .......... .......... .......... .......... 28% 89.7M 19s
 68850K .......... .......... .......... .......... .......... 28%  117M 19s
 68900K .......... .......... .......... .......... .......... 28%  117M 19s
 68950K .......... .......... .......... .......... .......... 28%  117M 19s
 69000K .......... .......... .......... .......... .......... 28%  378K 20s
 69050K .......... .......... .......... .......... .......... 28%  265M 20s
 69100K .......... .......... .......... .......... .......... 28%  120M 20s
 69150K .......... .......... .......... .......... .......... 28%  115M 20s
 69200K .......... .......... .......... .......... .......... 28% 7.02M 20s
 69250K .......... .......... .......... .......... .......... 28%  100M 19s
 69300K .......... .......... .......... .......... .......... 28%  116M 19s
 69350K .......... .......... .......... .......... .......... 28%  109M 19s
 69400K .......... .......... .......... .......... .......... 28% 11.9M 19s
 69450K .......... .......... .......... .......... .......... 28% 88.6M 19s
 69500K .......... .......... .......... .......... .......... 28%  117M 19s
 69550K .......... .......... .......... .......... .......... 28% 12.4M 19s
 69600K .......... .......... .......... .......... .......... 28% 41.4M 19s
 69650K .......... .......... .......... .......... .......... 28% 49.5M 19s
 69700K .......... .......... .......... .......... .......... 28%  118M 19s
 69750K .......... .......... .......... .......... .......... 28%  115M 19s
 69800K .......... .......... .......... .......... .......... 28%  114M 19s
 69850K .......... .......... .......... .......... .......... 28%  118M 19s
 69900K .......... .......... .......... .......... .......... 28%  115M 19s
 69950K .......... .......... .......... .......... .......... 28%  118M 19s
 70000K .......... .......... .......... .......... .......... 28% 87.1M 19s
 70050K .......... .......... .......... .......... .......... 28%  117M 19s
 70100K .......... .......... .......... .......... .......... 28%  117M 19s
 70150K .......... .......... .......... .......... .......... 28%  117M 19s
 70200K .......... .......... .......... .......... .......... 28%  115M 19s
 70250K .......... .......... .......... .......... .......... 29%  117M 19s
 70300K .......... .......... .......... .......... .......... 29%  117M 19s
 70350K .......... .......... .......... .......... .......... 29%  117M 19s
 70400K .......... .......... .......... .......... .......... 29% 89.0M 19s
 70450K .......... .......... .......... .......... .......... 29%  117M 19s
 70500K .......... .......... .......... .......... .......... 29%  117M 19s
 70550K .......... .......... .......... .......... .......... 29%  117M 19s
 70600K .......... .......... .......... .......... .......... 29%  115M 19s
 70650K .......... .......... .......... .......... .......... 29% 14.1M 19s
 70700K .......... .......... .......... .......... .......... 29%  108M 19s
 70750K .......... .......... .......... .......... .......... 29% 89.5M 19s
 70800K .......... .......... .......... .......... .......... 29% 89.5M 19s
 70850K .......... .......... .......... .......... .......... 29% 33.3M 19s
 70900K .......... .......... .......... .......... .......... 29% 12.5M 19s
 70950K .......... .......... .......... .......... .......... 29% 97.0M 19s
 71000K .......... .......... .......... .......... .......... 29% 12.2M 19s
 71050K .......... .......... .......... .......... .......... 29%  118M 19s
 71100K .......... .......... .......... .......... .......... 29%  119M 19s
 71150K .......... .......... .......... .......... .......... 29%  116M 19s
 71200K .......... .......... .......... .......... .......... 29% 87.7M 19s
 71250K .......... .......... .......... .......... .......... 29%  119M 19s
 71300K .......... .......... .......... .......... .......... 29%  114M 19s
 71350K .......... .......... .......... .......... .......... 29%  118M 19s
 71400K .......... .......... .......... .......... .......... 29%  116M 19s
 71450K .......... .......... .......... .......... .......... 29%  117M 19s
 71500K .......... .......... .......... .......... .......... 29%  117M 19s
 71550K .......... .......... .......... .......... .......... 29%  117M 19s
 71600K .......... .......... .......... .......... .......... 29% 88.7M 19s
 71650K .......... .......... .......... .......... .......... 29%  117M 19s
 71700K .......... .......... .......... .......... .......... 29%  117M 19s
 71750K .......... .......... .......... .......... .......... 29%  117M 19s
 71800K .......... .......... .......... .......... .......... 29%  114M 19s
 71850K .......... .......... .......... .......... .......... 29%  117M 19s
 71900K .......... .......... .......... .......... .......... 29%  118M 19s
 71950K .......... .......... .......... .......... .......... 29%  117M 19s
 72000K .......... .......... .......... .......... .......... 29% 86.8M 19s
 72050K .......... .......... .......... .......... .......... 29%  820K 19s
 72100K .......... .......... .......... .......... .......... 29%  736K 19s
 72150K .......... .......... .......... .......... .......... 29%  118M 19s
 72200K .......... .......... .......... .......... .......... 29%  114M 19s
 72250K .......... .......... .......... .......... .......... 29% 7.47M 19s
 72300K .......... .......... .......... .......... .......... 29% 69.3M 19s
 72350K .......... .......... .......... .......... .......... 29% 99.7M 19s
 72400K .......... .......... .......... .......... .......... 29% 89.9M 19s
 72450K .......... .......... .......... .......... .......... 29% 12.6M 19s
 72500K .......... .......... .......... .......... .......... 29% 70.2M 19s
 72550K .......... .......... .......... .......... .......... 29%  115M 19s
 72600K .......... .......... .......... .......... .......... 29% 12.3M 19s
 72650K .......... .......... .......... .......... .......... 30% 46.1M 19s
 72700K .......... .......... .......... .......... .......... 30% 10.7M 19s
 72750K .......... .......... .......... .......... .......... 30%  117M 19s
 72800K .......... .......... .......... .......... .......... 30% 88.8M 19s
 72850K .......... .......... .......... .......... .......... 30% 23.1M 19s
 72900K .......... .......... .......... .......... .......... 30%  117M 19s
 72950K .......... .......... .......... .......... .......... 30%  116M 19s
 73000K .......... .......... .......... .......... .......... 30%  116M 19s
 73050K .......... .......... .......... .......... .......... 30%  117M 19s
 73100K .......... .......... .......... .......... .......... 30%  117M 19s
 73150K .......... .......... .......... .......... .......... 30%  114M 18s
 73200K .......... .......... .......... .......... .......... 30% 88.4M 18s
 73250K .......... .......... .......... .......... .......... 30%  117M 18s
 73300K .......... .......... .......... .......... .......... 30%  117M 18s
 73350K .......... .......... .......... .......... .......... 30%  117M 18s
 73400K .......... .......... .......... .......... .......... 30%  113M 18s
 73450K .......... .......... .......... .......... .......... 30%  118M 18s
 73500K .......... .......... .......... .......... .......... 30%  117M 18s
 73550K .......... .......... .......... .......... .......... 30%  117M 18s
 73600K .......... .......... .......... .......... .......... 30% 89.7M 18s
 73650K .......... .......... .......... .......... .......... 30%  117M 18s
 73700K .......... .......... .......... .......... .......... 30%  116M 18s
 73750K .......... .......... .......... .......... .......... 30%  117M 18s
 73800K .......... .......... .......... .......... .......... 30%  115M 18s
 73850K .......... .......... .......... .......... .......... 30%  117M 18s
 73900K .......... .......... .......... .......... .......... 30%  116M 18s
 73950K .......... .......... .......... .......... .......... 30% 17.4M 18s
 74000K .......... .......... .......... .......... .......... 30% 65.4M 18s
 74050K .......... .......... .......... .......... .......... 30% 12.8M 18s
 74100K .......... .......... .......... .......... .......... 30% 74.2M 18s
 74150K .......... .......... .......... .......... .......... 30%  116M 18s
 74200K .......... .......... .......... .......... .......... 30%  115M 18s
 74250K .......... .......... .......... .......... .......... 30%  117M 18s
 74300K .......... .......... .......... .......... .......... 30%  117M 18s
 74350K .......... .......... .......... .......... .......... 30%  117M 18s
 74400K .......... .......... .......... .......... .......... 30% 87.5M 18s
 74450K .......... .......... .......... .......... .......... 30%  117M 18s
 74500K .......... .......... .......... .......... .......... 30%  117M 18s
 74550K .......... .......... .......... .......... .......... 30%  117M 18s
 74600K .......... .......... .......... .......... .......... 30%  111M 18s
 74650K .......... .......... .......... .......... .......... 30% 12.2M 18s
 74700K .......... .......... .......... .......... .......... 30%  116M 18s
 74750K .......... .......... .......... .......... .......... 30%  116M 18s
 74800K .......... .......... .......... .......... .......... 30% 89.8M 18s
 74850K .......... .......... .......... .......... .......... 30%  115M 18s
 74900K .......... .......... .......... .......... .......... 30%  118M 18s
 74950K .......... .......... .......... .......... .......... 30%  115M 18s
 75000K .......... .......... .......... .......... .......... 30%  117M 18s
 75050K .......... .......... .......... .......... .......... 30%  114M 18s
 75100K .......... .......... .......... .......... .......... 31%  869K 18s
 75150K .......... .......... .......... .......... .......... 31%  737K 18s
 75200K .......... .......... .......... .......... .......... 31% 90.0M 18s
 75250K .......... .......... .......... .......... .......... 31%  117M 18s
 75300K .......... .......... .......... .......... .......... 31% 7.93M 18s
 75350K .......... .......... .......... .......... .......... 31% 50.4M 18s
 75400K .......... .......... .......... .......... .......... 31%  102M 18s
 75450K .......... .......... .......... .......... .......... 31%  117M 18s
 75500K .......... .......... .......... .......... .......... 31% 11.6M 18s
 75550K .......... .......... .......... .......... .......... 31%  141M 18s
 75600K .......... .......... .......... .......... .......... 31% 87.6M 18s
 75650K .......... .......... .......... .......... .......... 31% 10.5M 18s
 75700K .......... .......... .......... .......... .......... 31%  117M 18s
 75750K .......... .......... .......... .......... .......... 31% 11.0M 18s
 75800K .......... .......... .......... .......... .......... 31% 96.7M 18s
 75850K .......... .......... .......... .......... .......... 31%  116M 18s
 75900K .......... .......... .......... .......... .......... 31% 25.1M 18s
 75950K .......... .......... .......... .......... .......... 31% 83.6M 18s
 76000K .......... .......... .......... .......... .......... 31% 87.6M 18s
 76050K .......... .......... .......... .......... .......... 31% 12.0M 18s
 76100K .......... .......... .......... .......... .......... 31%  115M 18s
 76150K .......... .......... .......... .......... .......... 31%  119M 18s
 76200K .......... .......... .......... .......... .......... 31% 30.4M 18s
 76250K .......... .......... .......... .......... .......... 31%  155M 18s
 76300K .......... .......... .......... .......... .......... 31%  118M 18s
 76350K .......... .......... .......... .......... .......... 31%  115M 18s
 76400K .......... .......... .......... .......... .......... 31% 89.5M 18s
 76450K .......... .......... .......... .......... .......... 31%  117M 18s
 76500K .......... .......... .......... .......... .......... 31%  116M 18s
 76550K .......... .......... .......... .......... .......... 31%  117M 18s
 76600K .......... .......... .......... .......... .......... 31%  114M 18s
 76650K .......... .......... .......... .......... .......... 31%  117M 18s
 76700K .......... .......... .......... .......... .......... 31%  118M 18s
 76750K .......... .......... .......... .......... .......... 31%  117M 18s
 76800K .......... .......... .......... .......... .......... 31% 88.8M 18s
 76850K .......... .......... .......... .......... .......... 31%  115M 18s
 76900K .......... .......... .......... .......... .......... 31%  119M 18s
 76950K .......... .......... .......... .......... .......... 31%  117M 18s
 77000K .......... .......... .......... .......... .......... 31%  115M 18s
 77050K .......... .......... .......... .......... .......... 31%  115M 18s
 77100K .......... .......... .......... .......... .......... 31% 35.5M 18s
 77150K .......... .......... .......... .......... .......... 31% 50.0M 18s
 77200K .......... .......... .......... .......... .......... 31% 87.1M 18s
 77250K .......... .......... .......... .......... .......... 31%  117M 18s
 77300K .......... .......... .......... .......... .......... 31%  117M 17s
 77350K .......... .......... .......... .......... .......... 31%  114M 17s
 77400K .......... .......... .......... .......... .......... 31%  115M 17s
 77450K .......... .......... .......... .......... .......... 31%  115M 17s
 77500K .......... .......... .......... .......... .......... 32%  117M 17s
 77550K .......... .......... .......... .......... .......... 32%  117M 17s
 77600K .......... .......... .......... .......... .......... 32% 89.8M 17s
 77650K .......... .......... .......... .......... .......... 32%  116M 17s
 77700K .......... .......... .......... .......... .......... 32% 6.39M 17s
 77750K .......... .......... .......... .......... .......... 32%  147M 17s
 77800K .......... .......... .......... .......... .......... 32% 52.9M 17s
 77850K .......... .......... .......... .......... .......... 32%  117M 17s
 77900K .......... .......... .......... .......... .......... 32%  118M 17s
 77950K .......... .......... .......... .......... .......... 32%  114M 17s
 78000K .......... .......... .......... .......... .......... 32% 89.6M 17s
 78050K .......... .......... .......... .......... .......... 32%  117M 17s
 78100K .......... .......... .......... .......... .......... 32%  117M 17s
 78150K .......... .......... .......... .......... .......... 32%  412K 18s
 78200K .......... .......... .......... .......... .......... 32%  170M 17s
 78250K .......... .......... .......... .......... .......... 32%  119M 17s
 78300K .......... .......... .......... .......... .......... 32%  116M 17s
 78350K .......... .......... .......... .......... .......... 32%  116M 17s
 78400K .......... .......... .......... .......... .......... 32% 7.37M 17s
 78450K .......... .......... .......... .......... .......... 32%  101M 17s
 78500K .......... .......... .......... .......... .......... 32%  117M 17s
 78550K .......... .......... .......... .......... .......... 32%  115M 17s
 78600K .......... .......... .......... .......... .......... 32% 12.0M 17s
 78650K .......... .......... .......... .......... .......... 32%  117M 17s
 78700K .......... .......... .......... .......... .......... 32% 12.7M 17s
 78750K .......... .......... .......... .......... .......... 32% 38.3M 17s
 78800K .......... .......... .......... .......... .......... 32% 10.6M 17s
 78850K .......... .......... .......... .......... .......... 32%  100M 17s
 78900K .......... .......... .......... .......... .......... 32%  111M 17s
 78950K .......... .......... .......... .......... .......... 32% 27.3M 17s
 79000K .......... .......... .......... .......... .......... 32% 67.7M 17s
 79050K .......... .......... .......... .......... .......... 32%  117M 17s
 79100K .......... .......... .......... .......... .......... 32% 5.36M 17s
 79150K .......... .......... .......... .......... .......... 32%  167M 17s
 79200K .......... .......... .......... .......... .......... 32% 89.7M 17s
 79250K .......... .......... .......... .......... .......... 32%  116M 17s
 79300K .......... .......... .......... .......... .......... 32% 60.5M 17s
 79350K .......... .......... .......... .......... .......... 32% 54.0M 17s
 79400K .......... .......... .......... .......... .......... 32%  114M 17s
 79450K .......... .......... .......... .......... .......... 32%  116M 17s
 79500K .......... .......... .......... .......... .......... 32%  118M 17s
 79550K .......... .......... .......... .......... .......... 32%  118M 17s
 79600K .......... .......... .......... .......... .......... 32% 87.2M 17s
 79650K .......... .......... .......... .......... .......... 32%  116M 17s
 79700K .......... .......... .......... .......... .......... 32%  117M 17s
 79750K .......... .......... .......... .......... .......... 32%  117M 17s
 79800K .......... .......... .......... .......... .......... 32%  114M 17s
 79850K .......... .......... .......... .......... .......... 32%  117M 17s
 79900K .......... .......... .......... .......... .......... 32%  116M 17s
 79950K .......... .......... .......... .......... .......... 33%  117M 17s
 80000K .......... .......... .......... .......... .......... 33% 89.8M 17s
 80050K .......... .......... .......... .......... .......... 33%  117M 17s
 80100K .......... .......... .......... .......... .......... 33%  117M 17s
 80150K .......... .......... .......... .......... .......... 33%  117M 17s
 80200K .......... .......... .......... .......... .......... 33%  113M 17s
 80250K .......... .......... .......... .......... .......... 33%  118M 17s
 80300K .......... .......... .......... .......... .......... 33%  117M 17s
 80350K .......... .......... .......... .......... .......... 33%  117M 17s
 80400K .......... .......... .......... .......... .......... 33% 89.8M 17s
 80450K .......... .......... .......... .......... .......... 33%  117M 17s
 80500K .......... .......... .......... .......... .......... 33%  116M 17s
 80550K .......... .......... .......... .......... .......... 33%  117M 17s
 80600K .......... .......... .......... .......... .......... 33%  114M 17s
 80650K .......... .......... .......... .......... .......... 33%  115M 17s
 80700K .......... .......... .......... .......... .......... 33%  119M 17s
 80750K .......... .......... .......... .......... .......... 33% 89.1M 17s
 80800K .......... .......... .......... .......... .......... 33% 10.2M 17s
 80850K .......... .......... .......... .......... .......... 33%  401K 17s
 80900K .......... .......... .......... .......... .......... 33%  132M 17s
 80950K .......... .......... .......... .......... .......... 33%  117M 17s
 81000K .......... .......... .......... .......... .......... 33%  117M 17s
 81050K .......... .......... .......... .......... .......... 33%  114M 17s
 81100K .......... .......... .......... .......... .......... 33%  117M 17s
 81150K .......... .......... .......... .......... .......... 33%  116M 17s
 81200K .......... .......... .......... .......... .......... 33% 88.7M 17s
 81250K .......... .......... .......... .......... .......... 33%  117M 17s
 81300K .......... .......... .......... .......... .......... 33%  114M 17s
 81350K .......... .......... .......... .......... .......... 33%  120M 17s
 81400K .......... .......... .......... .......... .......... 33%  113M 17s
 81450K .......... .......... .......... .......... .......... 33% 16.6M 17s
 81500K .......... .......... .......... .......... .......... 33%  119M 17s
 81550K .......... .......... .......... .......... .......... 33% 99.7M 17s
 81600K .......... .......... .......... .......... .......... 33% 12.8M 17s
 81650K .......... .......... .......... .......... .......... 33% 61.8M 17s
 81700K .......... .......... .......... .......... .......... 33%  117M 17s
 81750K .......... .......... .......... .......... .......... 33% 10.5M 17s
 81800K .......... .......... .......... .......... .......... 33%  105M 17s
 81850K .......... .......... .......... .......... .......... 33% 10.8M 17s
 81900K .......... .......... .......... .......... .......... 33%  117M 17s
 81950K .......... .......... .......... .......... .......... 33% 92.7M 17s
 82000K .......... .......... .......... .......... .......... 33% 23.0M 17s
 82050K .......... .......... .......... .......... .......... 33% 92.4M 17s
 82100K .......... .......... .......... .......... .......... 33%  117M 17s
 82150K .......... .......... .......... .......... .......... 33% 5.50M 17s
 82200K .......... .......... .......... .......... .......... 33%  102M 17s
 82250K .......... .......... .......... .......... .......... 33%  117M 17s
 82300K .......... .......... .......... .......... .......... 33%  117M 17s
 82350K .......... .......... .......... .......... .......... 34% 61.9M 17s
 82400K .......... .......... .......... .......... .......... 34% 10.4M 17s
 82450K .......... .......... .......... .......... .......... 34%  117M 17s
 82500K .......... .......... .......... .......... .......... 34%  116M 17s
 82550K .......... .......... .......... .......... .......... 34%  112M 17s
 82600K .......... .......... .......... .......... .......... 34%  114M 17s
 82650K .......... .......... .......... .......... .......... 34%  118M 17s
 82700K .......... .......... .......... .......... .......... 34%  115M 17s
 82750K .......... .......... .......... .......... .......... 34%  122M 17s
 82800K .......... .......... .......... .......... .......... 34% 88.4M 16s
 82850K .......... .......... .......... .......... .......... 34%  115M 16s
 82900K .......... .......... .......... .......... .......... 34%  116M 16s
 82950K .......... .......... .......... .......... .......... 34%  115M 16s
 83000K .......... .......... .......... .......... .......... 34%  115M 16s
 83050K .......... .......... .......... .......... .......... 34%  117M 16s
 83100K .......... .......... .......... .......... .......... 34%  117M 16s
 83150K .......... .......... .......... .......... .......... 34%  114M 16s
 83200K .......... .......... .......... .......... .......... 34% 90.5M 16s
 83250K .......... .......... .......... .......... .......... 34%  117M 16s
 83300K .......... .......... .......... .......... .......... 34%  117M 16s
 83350K .......... .......... .......... .......... .......... 34%  117M 16s
 83400K .......... .......... .......... .......... .......... 34%  115M 16s
 83450K .......... .......... .......... .......... .......... 34%  117M 16s
 83500K .......... .......... .......... .......... .......... 34%  115M 16s
 83550K .......... .......... .......... .......... .......... 34%  116M 16s
 83600K .......... .......... .......... .......... .......... 34% 88.2M 16s
 83650K .......... .......... .......... .......... .......... 34%  117M 16s
 83700K .......... .......... .......... .......... .......... 34%  117M 16s
 83750K .......... .......... .......... .......... .......... 34%  117M 16s
 83800K .......... .......... .......... .......... .......... 34%  115M 16s
 83850K .......... .......... .......... .......... .......... 34% 45.1M 16s
 83900K .......... .......... .......... .......... .......... 34%  400K 16s
 83950K .......... .......... .......... .......... .......... 34%  150M 16s
 84000K .......... .......... .......... .......... .......... 34% 79.6M 16s
 84050K .......... .......... .......... .......... .......... 34% 12.1M 16s
 84100K .......... .......... .......... .......... .......... 34%  117M 16s
 84150K .......... .......... .......... .......... .......... 34%  117M 16s
 84200K .......... .......... .......... .......... .......... 34%  112M 16s
 84250K .......... .......... .......... .......... .......... 34%  117M 16s
 84300K .......... .......... .......... .......... .......... 34%  115M 16s
 84350K .......... .......... .......... .......... .......... 34%  118M 16s
 84400K .......... .......... .......... .......... .......... 34% 89.6M 16s
 84450K .......... .......... .......... .......... .......... 34%  116M 16s
 84500K .......... .......... .......... .......... .......... 34%  115M 16s
 84550K .......... .......... .......... .......... .......... 34%  117M 16s
 84600K .......... .......... .......... .......... .......... 34%  113M 16s
 84650K .......... .......... .......... .......... .......... 34% 19.8M 16s
 84700K .......... .......... .......... .......... .......... 34% 54.4M 16s
 84750K .......... .......... .......... .......... .......... 35%  117M 16s
 84800K .......... .......... .......... .......... .......... 35% 10.2M 16s
 84850K .......... .......... .......... .......... .......... 35%  117M 16s
 84900K .......... .......... .......... .......... .......... 35% 10.9M 16s
 84950K .......... .......... .......... .......... .......... 35%  114M 16s
 85000K .......... .......... .......... .......... .......... 35% 91.7M 16s
 85050K .......... .......... .......... .......... .......... 35% 30.3M 16s
 85100K .......... .......... .......... .......... .......... 35% 56.3M 16s
 85150K .......... .......... .......... .......... .......... 35% 95.2M 16s
 85200K .......... .......... .......... .......... .......... 35% 5.42M 16s
 85250K .......... .......... .......... .......... .......... 35%  117M 16s
 85300K .......... .......... .......... .......... .......... 35%  117M 16s
 85350K .......... .......... .......... .......... .......... 35%  116M 16s
 85400K .......... .......... .......... .......... .......... 35% 61.7M 16s
 85450K .......... .......... .......... .......... .......... 35% 5.97M 16s
 85500K .......... .......... .......... .......... .......... 35%  113M 16s
 85550K .......... .......... .......... .......... .......... 35%  121M 16s
 85600K .......... .......... .......... .......... .......... 35% 88.0M 16s
 85650K .......... .......... .......... .......... .......... 35%  118M 16s
 85700K .......... .......... .......... .......... .......... 35%  117M 16s
 85750K .......... .......... .......... .......... .......... 35%  117M 16s
 85800K .......... .......... .......... .......... .......... 35%  113M 16s
 85850K .......... .......... .......... .......... .......... 35%  115M 16s
 85900K .......... .......... .......... .......... .......... 35%  121M 16s
 85950K .......... .......... .......... .......... .......... 35%  115M 16s
 86000K .......... .......... .......... .......... .......... 35% 87.5M 16s
 86050K .......... .......... .......... .......... .......... 35%  118M 16s
 86100K .......... .......... .......... .......... .......... 35%  114M 16s
 86150K .......... .......... .......... .......... .......... 35%  119M 16s
 86200K .......... .......... .......... .......... .......... 35%  113M 16s
 86250K .......... .......... .......... .......... .......... 35%  113M 16s
 86300K .......... .......... .......... .......... .......... 35%  122M 16s
 86350K .......... .......... .......... .......... .......... 35%  117M 16s
 86400K .......... .......... .......... .......... .......... 35% 88.7M 16s
 86450K .......... .......... .......... .......... .......... 35%  117M 16s
 86500K .......... .......... .......... .......... .......... 35%  117M 16s
 86550K .......... .......... .......... .......... .......... 35%  117M 16s
 86600K .......... .......... .......... .......... .......... 35%  114M 16s
 86650K .......... .......... .......... .......... .......... 35%  116M 16s
 86700K .......... .......... .......... .......... .......... 35%  118M 16s
 86750K .......... .......... .......... .......... .......... 35%  117M 16s
 86800K .......... .......... .......... .......... .......... 35% 87.6M 16s
 86850K .......... .......... .......... .......... .......... 35%  117M 16s
 86900K .......... .......... .......... .......... .......... 35%  117M 16s
 86950K .......... .......... .......... .......... .......... 35%  410K 16s
 87000K .......... .......... .......... .......... .......... 35%  123M 16s
 87050K .......... .......... .......... .......... .......... 35%  140M 16s
 87100K .......... .......... .......... .......... .......... 35% 12.3M 16s
 87150K .......... .......... .......... .......... .......... 35%  102M 16s
 87200K .......... .......... .......... .......... .......... 36% 89.6M 16s
 87250K .......... .......... .......... .......... .......... 36% 12.0M 16s
 87300K .......... .......... .......... .......... .......... 36%  117M 16s
 87350K .......... .......... .......... .......... .......... 36%  115M 16s
 87400K .......... .......... .......... .......... .......... 36%  116M 16s
 87450K .......... .......... .......... .......... .......... 36%  114M 16s
 87500K .......... .......... .......... .......... .......... 36%  120M 16s
 87550K .......... .......... .......... .......... .......... 36%  116M 16s
 87600K .......... .......... .......... .......... .......... 36% 89.4M 16s
 87650K .......... .......... .......... .......... .......... 36%  117M 16s
 87700K .......... .......... .......... .......... .......... 36%  113M 16s
 87750K .......... .......... .......... .......... .......... 36%  117M 16s
 87800K .......... .......... .......... .......... .......... 36%  114M 16s
 87850K .......... .......... .......... .......... .......... 36% 13.8M 16s
 87900K .......... .......... .......... .......... .......... 36%  131M 16s
 87950K .......... .......... .......... .......... .......... 36% 10.8M 16s
 88000K .......... .......... .......... .......... .......... 36% 85.3M 16s
 88050K .......... .......... .......... .......... .......... 36% 91.8M 16s
 88100K .......... .......... .......... .......... .......... 36% 24.6M 16s
 88150K .......... .......... .......... .......... .......... 36% 84.6M 16s
 88200K .......... .......... .......... .......... .......... 36%  110M 16s
 88250K .......... .......... .......... .......... .......... 36% 5.51M 16s
 88300K .......... .......... .......... .......... .......... 36%  117M 16s
 88350K .......... .......... .......... .......... .......... 36%  109M 16s
 88400K .......... .......... .......... .......... .......... 36% 51.2M 16s
 88450K .......... .......... .......... .......... .......... 36%  117M 16s
 88500K .......... .......... .......... .......... .......... 36% 6.02M 16s
 88550K .......... .......... .......... .......... .......... 36%  106M 15s
 88600K .......... .......... .......... .......... .......... 36%  115M 15s
 88650K .......... .......... .......... .......... .......... 36%  116M 15s
 88700K .......... .......... .......... .......... .......... 36% 12.3M 15s
 88750K .......... .......... .......... .......... .......... 36%  117M 15s
 88800K .......... .......... .......... .......... .......... 36% 90.1M 15s
 88850K .......... .......... .......... .......... .......... 36%  115M 15s
 88900K .......... .......... .......... .......... .......... 36%  117M 15s
 88950K .......... .......... .......... .......... .......... 36%  117M 15s
 89000K .......... .......... .......... .......... .......... 36%  115M 15s
 89050K .......... .......... .......... .......... .......... 36%  116M 15s
 89100K .......... .......... .......... .......... .......... 36%  116M 15s
 89150K .......... .......... .......... .......... .......... 36%  121M 15s
 89200K .......... .......... .......... .......... .......... 36% 86.1M 15s
 89250K .......... .......... .......... .......... .......... 36%  120M 15s
 89300K .......... .......... .......... .......... .......... 36%  116M 15s
 89350K .......... .......... .......... .......... .......... 36%  117M 15s
 89400K .......... .......... .......... .......... .......... 36%  115M 15s
 89450K .......... .......... .......... .......... .......... 36%  117M 15s
 89500K .......... .......... .......... .......... .......... 36%  115M 15s
 89550K .......... .......... .......... .......... .......... 36%  120M 15s
 89600K .......... .......... .......... .......... .......... 37% 87.1M 15s
 89650K .......... .......... .......... .......... .......... 37%  117M 15s
 89700K .......... .......... .......... .......... .......... 37%  117M 15s
 89750K .......... .......... .......... .......... .......... 37%  117M 15s
 89800K .......... .......... .......... .......... .......... 37%  115M 15s
 89850K .......... .......... .......... .......... .......... 37%  117M 15s
 89900K .......... .......... .......... .......... .......... 37%  117M 15s
 89950K .......... .......... .......... .......... .......... 37%  117M 15s
 90000K .......... .......... .......... .......... .......... 37%  421K 15s
 90050K .......... .......... .......... .......... .......... 37%  119M 15s
 90100K .......... .......... .......... .......... .......... 37%  118M 15s
 90150K .......... .......... .......... .......... .......... 37% 13.9M 15s
 90200K .......... .......... .......... .......... .......... 37% 65.2M 15s
 90250K .......... .......... .......... .......... .......... 37%  114M 15s
 90300K .......... .......... .......... .......... .......... 37%  117M 15s
 90350K .......... .......... .......... .......... .......... 37% 12.1M 15s
 90400K .......... .......... .......... .......... .......... 37% 89.5M 15s
 90450K .......... .......... .......... .......... .......... 37%  113M 15s
 90500K .......... .......... .......... .......... .......... 37%  114M 15s
 90550K .......... .......... .......... .......... .......... 37% 6.91M 15s
 90600K .......... .......... .......... .......... .......... 37%  115M 15s
 90650K .......... .......... .......... .......... .......... 37%  117M 15s
 90700K .......... .......... .......... .......... .......... 37%  116M 15s
 90750K .......... .......... .......... .......... .......... 37%  118M 15s
 90800K .......... .......... .......... .......... .......... 37% 87.6M 15s
 90850K .......... .......... .......... .......... .......... 37%  118M 15s
 90900K .......... .......... .......... .......... .......... 37%  117M 15s
 90950K .......... .......... .......... .......... .......... 37%  117M 15s
 91000K .......... .......... .......... .......... .......... 37% 51.0M 15s
 91050K .......... .......... .......... .......... .......... 37%  111M 15s
 91100K .......... .......... .......... .......... .......... 37% 92.6M 15s
 91150K .......... .......... .......... .......... .......... 37%  112M 15s
 91200K .......... .......... .......... .......... .......... 37% 21.8M 15s
 91250K .......... .......... .......... .......... .......... 37%  102M 15s
 91300K .......... .......... .......... .......... .......... 37% 5.53M 15s
 91350K .......... .......... .......... .......... .......... 37%  106M 15s
 91400K .......... .......... .......... .......... .......... 37%  115M 15s
 91450K .......... .......... .......... .......... .......... 37%  112M 15s
 91500K .......... .......... .......... .......... .......... 37% 59.0M 15s
 91550K .......... .......... .......... .......... .......... 37% 6.07M 15s
 91600K .......... .......... .......... .......... .......... 37% 74.9M 15s
 91650K .......... .......... .......... .......... .......... 37%  117M 15s
 91700K .......... .......... .......... .......... .......... 37%  113M 15s
 91750K .......... .......... .......... .......... .......... 37% 12.3M 15s
 91800K .......... .......... .......... .......... .......... 37%  109M 15s
 91850K .......... .......... .......... .......... .......... 37%  116M 15s
 91900K .......... .......... .......... .......... .......... 37%  118M 15s
 91950K .......... .......... .......... .......... .......... 37% 12.1M 15s
 92000K .......... .......... .......... .......... .......... 37% 89.6M 15s
 92050K .......... .......... .......... .......... .......... 38%  117M 15s
 92100K .......... .......... .......... .......... .......... 38%  117M 15s
 92150K .......... .......... .......... .......... .......... 38%  113M 15s
 92200K .......... .......... .......... .......... .......... 38%  119M 15s
 92250K .......... .......... .......... .......... .......... 38%  114M 15s
 92300K .......... .......... .......... .......... .......... 38%  114M 15s
 92350K .......... .......... .......... .......... .......... 38%  119M 15s
 92400K .......... .......... .......... .......... .......... 38% 88.7M 15s
 92450K .......... .......... .......... .......... .......... 38%  117M 15s
 92500K .......... .......... .......... .......... .......... 38%  119M 15s
 92550K .......... .......... .......... .......... .......... 38%  117M 15s
 92600K .......... .......... .......... .......... .......... 38%  115M 15s
 92650K .......... .......... .......... .......... .......... 38%  117M 15s
 92700K .......... .......... .......... .......... .......... 38%  117M 15s
 92750K .......... .......... .......... .......... .......... 38%  117M 15s
 92800K .......... .......... .......... .......... .......... 38% 87.8M 15s
 92850K .......... .......... .......... .......... .......... 38%  117M 15s
 92900K .......... .......... .......... .......... .......... 38%  117M 15s
 92950K .......... .......... .......... .......... .......... 38%  117M 15s
 93000K .......... .......... .......... .......... .......... 38%  115M 15s
 93050K .......... .......... .......... .......... .......... 38% 1.25M 15s
 93100K .......... .......... .......... .......... .......... 38%  655K 15s
 93150K .......... .......... .......... .......... .......... 38%  136M 15s
 93200K .......... .......... .......... .......... .......... 38% 14.7M 15s
 93250K .......... .......... .......... .......... .......... 38% 50.6M 15s
 93300K .......... .......... .......... .......... .......... 38%  101M 15s
 93350K .......... .......... .......... .......... .......... 38%  116M 15s
 93400K .......... .......... .......... .......... .......... 38% 12.2M 15s
 93450K .......... .......... .......... .......... .......... 38%  108M 15s
 93500K .......... .......... .......... .......... .......... 38%  115M 15s
 93550K .......... .......... .......... .......... .......... 38%  117M 15s
 93600K .......... .......... .......... .......... .......... 38% 6.81M 15s
 93650K .......... .......... .......... .......... .......... 38% 10.6M 15s
 93700K .......... .......... .......... .......... .......... 38%  117M 15s
 93750K .......... .......... .......... .......... .......... 38%  117M 15s
 93800K .......... .......... .......... .......... .......... 38%  116M 15s
 93850K .......... .......... .......... .......... .......... 38%  119M 15s
 93900K .......... .......... .......... .......... .......... 38%  114M 15s
 93950K .......... .......... .......... .......... .......... 38%  114M 15s
 94000K .......... .......... .......... .......... .......... 38% 90.7M 15s
 94050K .......... .......... .......... .......... .......... 38%  113M 15s
 94100K .......... .......... .......... .......... .......... 38%  118M 15s
 94150K .......... .......... .......... .......... .......... 38%  118M 15s
 94200K .......... .......... .......... .......... .......... 38%  114M 15s
 94250K .......... .......... .......... .......... .......... 38%  117M 15s
 94300K .......... .......... .......... .......... .......... 38%  115M 15s
 94350K .......... .......... .......... .......... .......... 38% 6.85M 15s
 94400K .......... .......... .......... .......... .......... 38% 73.8M 15s
 94450K .......... .......... .......... .......... .......... 39%  117M 15s
 94500K .......... .......... .......... .......... .......... 39%  117M 15s
 94550K .......... .......... .......... .......... .......... 39% 62.0M 14s
 94600K .......... .......... .......... .......... .......... 39% 6.06M 14s
 94650K .......... .......... .......... .......... .......... 39%  118M 14s
 94700K .......... .......... .......... .......... .......... 39% 90.4M 14s
 94750K .......... .......... .......... .......... .......... 39%  112M 14s
 94800K .......... .......... .......... .......... .......... 39% 12.0M 14s
 94850K .......... .......... .......... .......... .......... 39%  110M 14s
 94900K .......... .......... .......... .......... .......... 39%  117M 14s
 94950K .......... .......... .......... .......... .......... 39%  112M 14s
 95000K .......... .......... .......... .......... .......... 39% 11.9M 14s
 95050K .......... .......... .......... .......... .......... 39%  118M 14s
 95100K .......... .......... .......... .......... .......... 39%  117M 14s
 95150K .......... .......... .......... .......... .......... 39%  114M 14s
 95200K .......... .......... .......... .......... .......... 39% 11.8M 14s
 95250K .......... .......... .......... .......... .......... 39%  117M 14s
 95300K .......... .......... .......... .......... .......... 39%  116M 14s
 95350K .......... .......... .......... .......... .......... 39%  118M 14s
 95400K .......... .......... .......... .......... .......... 39%  112M 14s
 95450K .......... .......... .......... .......... .......... 39%  118M 14s
 95500K .......... .......... .......... .......... .......... 39%  116M 14s
 95550K .......... .......... .......... .......... .......... 39%  115M 14s
 95600K .......... .......... .......... .......... .......... 39% 89.7M 14s
 95650K .......... .......... .......... .......... .......... 39%  116M 14s
 95700K .......... .......... .......... .......... .......... 39%  115M 14s
 95750K .......... .......... .......... .......... .......... 39%  116M 14s
 95800K .......... .......... .......... .......... .......... 39%  114M 14s
 95850K .......... .......... .......... .......... .......... 39%  118M 14s
 95900K .......... .......... .......... .......... .......... 39%  117M 14s
 95950K .......... .......... .......... .......... .......... 39%  116M 14s
 96000K .......... .......... .......... .......... .......... 39% 88.9M 14s
 96050K .......... .......... .......... .......... .......... 39%  117M 14s
 96100K .......... .......... .......... .......... .......... 39% 1.38M 14s
 96150K .......... .......... .......... .......... .......... 39%  655K 14s
 96200K .......... .......... .......... .......... .......... 39%  111M 14s
 96250K .......... .......... .......... .......... .......... 39% 15.2M 14s
 96300K .......... .......... .......... .......... .......... 39% 55.0M 14s
 96350K .......... .......... .......... .......... .......... 39%  101M 14s
 96400K .......... .......... .......... .......... .......... 39% 13.0M 14s
 96450K .......... .......... .......... .......... .......... 39% 68.1M 14s
 96500K .......... .......... .......... .......... .......... 39% 93.4M 14s
 96550K .......... .......... .......... .......... .......... 39%  117M 14s
 96600K .......... .......... .......... .......... .......... 39%  112M 14s
 96650K .......... .......... .......... .......... .......... 39% 7.21M 14s
 96700K .......... .......... .......... .......... .......... 39% 10.1M 14s
 96750K .......... .......... .......... .......... .......... 39%  116M 14s
 96800K .......... .......... .......... .......... .......... 39% 87.2M 14s
 96850K .......... .......... .......... .......... .......... 39% 12.0M 14s
 96900K .......... .......... .......... .......... .......... 40%  115M 14s
 96950K .......... .......... .......... .......... .......... 40%  118M 14s
 97000K .......... .......... .......... .......... .......... 40%  116M 14s
 97050K .......... .......... .......... .......... .......... 40%  115M 14s
 97100K .......... .......... .......... .......... .......... 40%  115M 14s
 97150K .......... .......... .......... .......... .......... 40%  117M 14s
 97200K .......... .......... .......... .......... .......... 40% 89.0M 14s
 97250K .......... .......... .......... .......... .......... 40%  117M 14s
 97300K .......... .......... .......... .......... .......... 40%  117M 14s
 97350K .......... .......... .......... .......... .......... 40%  116M 14s
 97400K .......... .......... .......... .......... .......... 40%  119M 14s
 97450K .......... .......... .......... .......... .......... 40% 13.5M 14s
 97500K .......... .......... .......... .......... .......... 40%  117M 14s
 97550K .......... .......... .......... .......... .......... 40%  117M 14s
 97600K .......... .......... .......... .......... .......... 40% 55.3M 14s
 97650K .......... .......... .......... .......... .......... 40% 6.35M 14s
 97700K .......... .......... .......... .......... .......... 40% 55.3M 14s
 97750K .......... .......... .......... .......... .......... 40%  102M 14s
 97800K .......... .......... .......... .......... .......... 40%  115M 14s
 97850K .......... .......... .......... .......... .......... 40% 13.7M 14s
 97900K .......... .......... .......... .......... .......... 40% 63.7M 14s
 97950K .......... .......... .......... .......... .......... 40%  109M 14s
 98000K .......... .......... .......... .......... .......... 40% 11.8M 14s
 98050K .......... .......... .......... .......... .......... 40%  106M 14s
 98100K .......... .......... .......... .......... .......... 40% 98.7M 14s
 98150K .......... .......... .......... .......... .......... 40%  117M 14s
 98200K .......... .......... .......... .......... .......... 40% 11.8M 14s
 98250K .......... .......... .......... .......... .......... 40%  148M 14s
 98300K .......... .......... .......... .......... .......... 40%  117M 14s
 98350K .......... .......... .......... .......... .......... 40% 12.4M 14s
 98400K .......... .......... .......... .......... .......... 40% 90.3M 14s
 98450K .......... .......... .......... .......... .......... 40%  116M 14s
 98500K .......... .......... .......... .......... .......... 40%  115M 14s
 98550K .......... .......... .......... .......... .......... 40%  115M 14s
 98600K .......... .......... .......... .......... .......... 40%  113M 14s
 98650K .......... .......... .......... .......... .......... 40%  119M 14s
 98700K .......... .......... .......... .......... .......... 40%  115M 14s
 98750K .......... .......... .......... .......... .......... 40%  118M 14s
 98800K .......... .......... .......... .......... .......... 40% 90.4M 14s
 98850K .......... .......... .......... .......... .......... 40%  113M 14s
 98900K .......... .......... .......... .......... .......... 40%  117M 14s
 98950K .......... .......... .......... .......... .......... 40%  117M 14s
 99000K .......... .......... .......... .......... .......... 40%  113M 14s
 99050K .......... .......... .......... .......... .......... 40%  118M 14s
 99100K .......... .......... .......... .......... .......... 40%  117M 14s
 99150K .......... .......... .......... .......... .......... 40% 1.53M 14s
 99200K .......... .......... .......... .......... .......... 40%  654K 14s
 99250K .......... .......... .......... .......... .......... 40%  117M 14s
 99300K .......... .......... .......... .......... .......... 41% 13.2M 14s
 99350K .......... .......... .......... .......... .......... 41%  117M 14s
 99400K .......... .......... .......... .......... .......... 41%  114M 14s
 99450K .......... .......... .......... .......... .......... 41% 98.7M 14s
 99500K .......... .......... .......... .......... .......... 41% 12.3M 14s
 99550K .......... .......... .......... .......... .......... 41% 30.4M 14s
 99600K .......... .......... .......... .......... .......... 41% 87.8M 14s
 99650K .......... .......... .......... .......... .......... 41%  116M 14s
 99700K .......... .......... .......... .......... .......... 41% 8.93M 14s
 99750K .......... .......... .......... .......... .......... 41% 9.93M 14s
 99800K .......... .......... .......... .......... .......... 41%  113M 14s
 99850K .......... .......... .......... .......... .......... 41%  101M 14s
 99900K .......... .......... .......... .......... .......... 41% 12.6M 14s
 99950K .......... .......... .......... .......... .......... 41% 81.2M 14s
100000K .......... .......... .......... .......... .......... 41% 5.25M 14s
100050K .......... .......... .......... .......... .......... 41%  632M 14s
100100K .......... .......... .......... .......... .......... 41%  610M 14s
100150K .......... .......... .......... .......... .......... 41%  564M 14s
100200K .......... .......... .......... .......... .......... 41%  526M 14s
100250K .......... .......... .......... .......... .......... 41%  822M 14s
100300K .......... .......... .......... .......... .......... 41%  754M 14s
100350K .......... .......... .......... .......... .......... 41%  716M 14s
100400K .......... .......... .......... .......... .......... 41%  516M 14s
100450K .......... .......... .......... .......... .......... 41%  694M 14s
100500K .......... .......... .......... .......... .......... 41% 1005M 14s
100550K .......... .......... .......... .......... .......... 41% 1.16G 14s
100600K .......... .......... .......... .......... .......... 41% 1006M 14s
100650K .......... .......... .......... .......... .......... 41% 1.02G 14s
100700K .......... .......... .......... .......... .......... 41% 6.90M 14s
100750K .......... .......... .......... .......... .......... 41% 47.9M 14s
100800K .......... .......... .......... .......... .......... 41% 86.7M 14s
100850K .......... .......... .......... .......... .......... 41%  106M 14s
100900K .......... .......... .......... .......... .......... 41% 12.6M 14s
100950K .......... .......... .......... .......... .......... 41%  114M 14s
101000K .......... .......... .......... .......... .......... 41%  114M 14s
101050K .......... .......... .......... .......... .......... 41%  117M 13s
101100K .......... .......... .......... .......... .......... 41% 12.1M 13s
101150K .......... .......... .......... .......... .......... 41%  100M 13s
101200K .......... .......... .......... .......... .......... 41% 80.2M 13s
101250K .......... .......... .......... .......... .......... 41% 12.9M 13s
101300K .......... .......... .......... .......... .......... 41% 73.6M 13s
101350K .......... .......... .......... .......... .......... 41%  117M 13s
101400K .......... .......... .......... .......... .......... 41% 12.4M 13s
101450K .......... .......... .......... .......... .......... 41% 10.2M 13s
101500K .......... .......... .......... .......... .......... 41%  117M 13s
101550K .......... .......... .......... .......... .......... 41%  113M 13s
101600K .......... .......... .......... .......... .......... 41% 89.5M 13s
101650K .......... .......... .......... .......... .......... 41%  120M 13s
101700K .......... .......... .......... .......... .......... 41%  117M 13s
101750K .......... .......... .......... .......... .......... 42%  114M 13s
101800K .......... .......... .......... .......... .......... 42%  115M 13s
101850K .......... .......... .......... .......... .......... 42%  117M 13s
101900K .......... .......... .......... .......... .......... 42%  115M 13s
101950K .......... .......... .......... .......... .......... 42%  117M 13s
102000K .......... .......... .......... .......... .......... 42% 89.9M 13s
102050K .......... .......... .......... .......... .......... 42%  115M 13s
102100K .......... .......... .......... .......... .......... 42%  118M 13s
102150K .......... .......... .......... .......... .......... 42%  117M 13s
102200K .......... .......... .......... .......... .......... 42% 1.79M 13s
102250K .......... .......... .......... .......... .......... 42%  652K 13s
102300K .......... .......... .......... .......... .......... 42%  127M 13s
102350K .......... .......... .......... .......... .......... 42%  116M 13s
102400K .......... .......... .......... .......... .......... 42% 13.1M 13s
102450K .......... .......... .......... .......... .......... 42%  114M 13s
102500K .......... .......... .......... .......... .......... 42% 90.7M 13s
102550K .......... .......... .......... .......... .......... 42% 12.4M 13s
102600K .......... .......... .......... .......... .......... 42% 31.7M 13s
102650K .......... .......... .......... .......... .......... 42%  111M 13s
102700K .......... .......... .......... .......... .......... 42%  117M 13s
102750K .......... .......... .......... .......... .......... 42% 9.12M 13s
102800K .......... .......... .......... .......... .......... 42% 9.33M 13s
102850K .......... .......... .......... .......... .......... 42%  117M 13s
102900K .......... .......... .......... .......... .......... 42%  109M 13s
102950K .......... .......... .......... .......... .......... 42% 13.0M 13s
103000K .......... .......... .......... .......... .......... 42% 65.4M 13s
103050K .......... .......... .......... .......... .......... 42% 5.21M 13s
103100K .......... .......... .......... .......... .......... 42%  133M 13s
103150K .......... .......... .......... .......... .......... 42%  118M 13s
103200K .......... .......... .......... .......... .......... 42% 88.7M 13s
103250K .......... .......... .......... .......... .......... 42%  117M 13s
103300K .......... .......... .......... .......... .......... 42%  117M 13s
103350K .......... .......... .......... .......... .......... 42%  117M 13s
103400K .......... .......... .......... .......... .......... 42%  115M 13s
103450K .......... .......... .......... .......... .......... 42%  117M 13s
103500K .......... .......... .......... .......... .......... 42%  116M 13s
103550K .......... .......... .......... .......... .......... 42%  114M 13s
103600K .......... .......... .......... .......... .......... 42% 14.0M 13s
103650K .......... .......... .......... .......... .......... 42%  138M 13s
103700K .......... .......... .......... .......... .......... 42%  117M 13s
103750K .......... .......... .......... .......... .......... 42%  116M 13s
103800K .......... .......... .......... .......... .......... 42%  113M 13s
103850K .......... .......... .......... .......... .......... 42%  118M 13s
103900K .......... .......... .......... .......... .......... 42%  115M 13s
103950K .......... .......... .......... .......... .......... 42% 13.8M 13s
104000K .......... .......... .......... .......... .......... 42% 87.0M 13s
104050K .......... .......... .......... .......... .......... 42%  117M 13s
104100K .......... .......... .......... .......... .......... 42% 13.8M 13s
104150K .......... .......... .......... .......... .......... 43% 58.2M 13s
104200K .......... .......... .......... .......... .......... 43% 86.0M 13s
104250K .......... .......... .......... .......... .......... 43%  117M 13s
104300K .......... .......... .......... .......... .......... 43% 12.6M 13s
104350K .......... .......... .......... .......... .......... 43% 89.6M 13s
104400K .......... .......... .......... .......... .......... 43% 74.8M 13s
104450K .......... .......... .......... .......... .......... 43% 5.94M 13s
104500K .......... .......... .......... .......... .......... 43%  131M 13s
104550K .......... .......... .......... .......... .......... 43%  113M 13s
104600K .......... .......... .......... .......... .......... 43%  115M 13s
104650K .......... .......... .......... .......... .......... 43% 11.7M 13s
104700K .......... .......... .......... .......... .......... 43%  119M 13s
104750K .......... .......... .......... .......... .......... 43%  116M 13s
104800K .......... .......... .......... .......... .......... 43% 89.7M 13s
104850K .......... .......... .......... .......... .......... 43%  117M 13s
104900K .......... .......... .......... .......... .......... 43%  113M 13s
104950K .......... .......... .......... .......... .......... 43%  118M 13s
105000K .......... .......... .......... .......... .......... 43%  113M 13s
105050K .......... .......... .......... .......... .......... 43%  119M 13s
105100K .......... .......... .......... .......... .......... 43%  117M 13s
105150K .......... .......... .......... .......... .......... 43%  116M 13s
105200K .......... .......... .......... .......... .......... 43% 88.7M 13s
105250K .......... .......... .......... .......... .......... 43% 2.09M 13s
105300K .......... .......... .......... .......... .......... 43%  648K 13s
105350K .......... .......... .......... .......... .......... 43%  119M 13s
105400K .......... .......... .......... .......... .......... 43%  113M 13s
105450K .......... .......... .......... .......... .......... 43% 14.3M 13s
105500K .......... .......... .......... .......... .......... 43%  115M 13s
105550K .......... .......... .......... .......... .......... 43%  102M 13s
105600K .......... .......... .......... .......... .......... 43% 12.1M 13s
105650K .......... .......... .......... .......... .......... 43% 30.3M 13s
105700K .......... .......... .......... .......... .......... 43%  117M 13s
105750K .......... .......... .......... .......... .......... 43%  117M 13s
105800K .......... .......... .......... .......... .......... 43% 9.41M 13s
105850K .......... .......... .......... .......... .......... 43% 9.20M 13s
105900K .......... .......... .......... .......... .......... 43%  116M 13s
105950K .......... .......... .......... .......... .......... 43%  115M 13s
106000K .......... .......... .......... .......... .......... 43% 12.9M 13s
106050K .......... .......... .......... .......... .......... 43% 61.2M 13s
106100K .......... .......... .......... .......... .......... 43% 5.22M 13s
106150K .......... .......... .......... .......... .......... 43%  115M 13s
106200K .......... .......... .......... .......... .......... 43%  114M 13s
106250K .......... .......... .......... .......... .......... 43% 11.9M 13s
106300K .......... .......... .......... .......... .......... 43%  119M 13s
106350K .......... .......... .......... .......... .......... 43%  117M 13s
106400K .......... .......... .......... .......... .......... 43% 87.0M 13s
106450K .......... .......... .......... .......... .......... 43%  116M 13s
106500K .......... .......... .......... .......... .......... 43%  117M 13s
106550K .......... .......... .......... .......... .......... 43%  117M 13s
106600K .......... .......... .......... .......... .......... 44%  118M 13s
106650K .......... .......... .......... .......... .......... 44%  114M 13s
106700K .......... .......... .......... .......... .......... 44%  118M 13s
106750K .......... .......... .......... .......... .......... 44%  117M 13s
106800K .......... .......... .......... .......... .......... 44% 87.5M 13s
106850K .......... .......... .......... .......... .......... 44%  117M 13s
106900K .......... .......... .......... .......... .......... 44%  117M 13s
106950K .......... .......... .......... .......... .......... 44%  117M 13s
107000K .......... .......... .......... .......... .......... 44% 17.7M 13s
107050K .......... .......... .......... .......... .......... 44%  107M 13s
107100K .......... .......... .......... .......... .......... 44%  117M 13s
107150K .......... .......... .......... .......... .......... 44%  117M 13s
107200K .......... .......... .......... .......... .......... 44% 11.9M 13s
107250K .......... .......... .......... .......... .......... 44%  117M 13s
107300K .......... .......... .......... .......... .......... 44% 97.1M 13s
107350K .......... .......... .......... .......... .......... 44% 13.3M 13s
107400K .......... .......... .......... .......... .......... 44% 65.1M 13s
107450K .......... .......... .......... .......... .......... 44% 92.0M 13s
107500K .......... .......... .......... .......... .......... 44% 5.99M 13s
107550K .......... .......... .......... .......... .......... 44%  117M 13s
107600K .......... .......... .......... .......... .......... 44% 79.7M 13s
107650K .......... .......... .......... .......... .......... 44%  107M 13s
107700K .......... .......... .......... .......... .......... 44% 13.0M 13s
107750K .......... .......... .......... .......... .......... 44% 60.1M 13s
107800K .......... .......... .......... .......... .......... 44% 11.6M 13s
107850K .......... .......... .......... .......... .......... 44%  156M 13s
107900K .......... .......... .......... .......... .......... 44%  118M 13s
107950K .......... .......... .......... .......... .......... 44%  112M 13s
108000K .......... .......... .......... .......... .......... 44% 91.2M 12s
108050K .......... .......... .......... .......... .......... 44%  114M 12s
108100K .......... .......... .......... .......... .......... 44%  115M 12s
108150K .......... .......... .......... .......... .......... 44%  118M 12s
108200K .......... .......... .......... .......... .......... 44%  114M 12s
108250K .......... .......... .......... .......... .......... 44%  117M 12s
108300K .......... .......... .......... .......... .......... 44%  119M 12s
108350K .......... .......... .......... .......... .......... 44%  518K 13s
108400K .......... .......... .......... .......... .......... 44%  102M 13s
108450K .......... .......... .......... .......... .......... 44% 16.8M 13s
108500K .......... .......... .......... .......... .......... 44% 62.9M 13s
108550K .......... .......... .......... .......... .......... 44% 94.4M 13s
108600K .......... .......... .......... .......... .......... 44%  109M 12s
108650K .......... .......... .......... .......... .......... 44% 12.7M 12s
108700K .......... .......... .......... .......... .......... 44% 29.8M 12s
108750K .......... .......... .......... .......... .......... 44%  114M 12s
108800K .......... .......... .......... .......... .......... 44% 81.5M 12s
108850K .......... .......... .......... .......... .......... 44% 9.40M 12s
108900K .......... .......... .......... .......... .......... 44% 9.25M 12s
108950K .......... .......... .......... .......... .......... 44%  111M 12s
109000K .......... .......... .......... .......... .......... 45%  115M 12s
109050K .......... .......... .......... .......... .......... 45% 14.8M 12s
109100K .......... .......... .......... .......... .......... 45% 42.4M 12s
109150K .......... .......... .......... .......... .......... 45% 5.42M 12s
109200K .......... .......... .......... .......... .......... 45% 51.6M 12s
109250K .......... .......... .......... .......... .......... 45% 12.0M 12s
109300K .......... .......... .......... .......... .......... 45% 11.8M 12s
109350K .......... .......... .......... .......... .......... 45%  117M 12s
109400K .......... .......... .......... .......... .......... 45%  111M 12s
109450K .......... .......... .......... .......... .......... 45%  118M 12s
109500K .......... .......... .......... .......... .......... 45%  115M 12s
109550K .......... .......... .......... .......... .......... 45%  118M 12s
109600K .......... .......... .......... .......... .......... 45% 87.5M 12s
109650K .......... .......... .......... .......... .......... 45%  117M 12s
109700K .......... .......... .......... .......... .......... 45%  115M 12s
109750K .......... .......... .......... .......... .......... 45%  118M 12s
109800K .......... .......... .......... .......... .......... 45%  115M 12s
109850K .......... .......... .......... .......... .......... 45%  116M 12s
109900K .......... .......... .......... .......... .......... 45%  119M 12s
109950K .......... .......... .......... .......... .......... 45%  117M 12s
110000K .......... .......... .......... .......... .......... 45% 88.6M 12s
110050K .......... .......... .......... .......... .......... 45%  115M 12s
110100K .......... .......... .......... .......... .......... 45%  119M 12s
110150K .......... .......... .......... .......... .......... 45%  117M 12s
110200K .......... .......... .......... .......... .......... 45%  111M 12s
110250K .......... .......... .......... .......... .......... 45% 18.6M 12s
110300K .......... .......... .......... .......... .......... 45%  113M 12s
110350K .......... .......... .......... .......... .......... 45%  114M 12s
110400K .......... .......... .......... .......... .......... 45% 12.9M 12s
110450K .......... .......... .......... .......... .......... 45% 62.1M 12s
110500K .......... .......... .......... .......... .......... 45% 92.2M 12s
110550K .......... .......... .......... .......... .......... 45% 6.12M 12s
110600K .......... .......... .......... .......... .......... 45% 82.0M 12s
110650K .......... .......... .......... .......... .......... 45%  113M 12s
110700K .......... .......... .......... .......... .......... 45% 89.9M 12s
110750K .......... .......... .......... .......... .......... 45%  106M 12s
110800K .......... .......... .......... .......... .......... 45% 11.5M 12s
110850K .......... .......... .......... .......... .......... 45% 12.3M 12s
110900K .......... .......... .......... .......... .......... 45% 94.4M 12s
110950K .......... .......... .......... .......... .......... 45%  112M 12s
111000K .......... .......... .......... .......... .......... 45%  499K 12s
111050K .......... .......... .......... .......... .......... 45%  130M 12s
111100K .......... .......... .......... .......... .......... 45%  117M 12s
111150K .......... .......... .......... .......... .......... 45%  117M 12s
111200K .......... .......... .......... .......... .......... 45% 87.2M 12s
111250K .......... .......... .......... .......... .......... 45%  119M 12s
111300K .......... .......... .......... .......... .......... 45%  114M 12s
111350K .......... .......... .......... .......... .......... 45%  120M 12s
111400K .......... .......... .......... .......... .......... 45%  110M 12s
111450K .......... .......... .......... .......... .......... 46%  116M 12s
111500K .......... .......... .......... .......... .......... 46%  119M 12s
111550K .......... .......... .......... .......... .......... 46%  115M 12s
111600K .......... .......... .......... .......... .......... 46% 89.9M 12s
111650K .......... .......... .......... .......... .......... 46%  117M 12s
111700K .......... .......... .......... .......... .......... 46% 16.2M 12s
111750K .......... .......... .......... .......... .......... 46% 28.5M 12s
111800K .......... .......... .......... .......... .......... 46%  115M 12s
111850K .......... .......... .......... .......... .......... 46%  114M 12s
111900K .......... .......... .......... .......... .......... 46% 5.11M 12s
111950K .......... .......... .......... .......... .......... 46% 51.0M 12s
112000K .......... .......... .......... .......... .......... 46% 86.7M 12s
112050K .......... .......... .......... .......... .......... 46%  116M 12s
112100K .......... .......... .......... .......... .......... 46% 12.6M 12s
112150K .......... .......... .......... .......... .......... 46% 83.1M 12s
112200K .......... .......... .......... .......... .......... 46% 5.58M 12s
112250K .......... .......... .......... .......... .......... 46% 45.1M 12s
112300K .......... .......... .......... .......... .......... 46% 12.6M 12s
112350K .......... .......... .......... .......... .......... 46% 11.3M 12s
112400K .......... .......... .......... .......... .......... 46% 88.5M 12s
112450K .......... .......... .......... .......... .......... 46% 11.9M 12s
112500K .......... .......... .......... .......... .......... 46%  117M 12s
112550K .......... .......... .......... .......... .......... 46%  117M 12s
112600K .......... .......... .......... .......... .......... 46%  117M 12s
112650K .......... .......... .......... .......... .......... 46%  114M 12s
112700K .......... .......... .......... .......... .......... 46%  118M 12s
112750K .......... .......... .......... .......... .......... 46%  115M 12s
112800K .......... .......... .......... .......... .......... 46% 90.4M 12s
112850K .......... .......... .......... .......... .......... 46%  116M 12s
112900K .......... .......... .......... .......... .......... 46%  114M 12s
112950K .......... .......... .......... .......... .......... 46%  118M 12s
113000K .......... .......... .......... .......... .......... 46%  113M 12s
113050K .......... .......... .......... .......... .......... 46%  118M 12s
113100K .......... .......... .......... .......... .......... 46%  117M 12s
113150K .......... .......... .......... .......... .......... 46%  117M 12s
113200K .......... .......... .......... .......... .......... 46% 87.6M 12s
113250K .......... .......... .......... .......... .......... 46%  116M 12s
113300K .......... .......... .......... .......... .......... 46%  117M 12s
113350K .......... .......... .......... .......... .......... 46%  117M 12s
113400K .......... .......... .......... .......... .......... 46%  114M 12s
113450K .......... .......... .......... .......... .......... 46%  118M 12s
113500K .......... .......... .......... .......... .......... 46% 18.7M 12s
113550K .......... .......... .......... .......... .......... 46%  102M 12s
113600K .......... .......... .......... .......... .......... 46% 6.12M 12s
113650K .......... .......... .......... .......... .......... 46% 57.7M 12s
113700K .......... .......... .......... .......... .......... 46%  118M 12s
113750K .......... .......... .......... .......... .......... 46%  117M 12s
113800K .......... .......... .......... .......... .......... 46% 12.9M 12s
113850K .......... .......... .......... .......... .......... 47% 59.0M 12s
113900K .......... .......... .......... .......... .......... 47% 12.5M 12s
113950K .......... .......... .......... .......... .......... 47% 76.7M 12s
114000K .......... .......... .......... .......... .......... 47% 89.6M 12s
114050K .......... .......... .......... .......... .......... 47%  498K 12s
114100K .......... .......... .......... .......... .......... 47%  123M 12s
114150K .......... .......... .......... .......... .......... 47% 12.5M 12s
114200K .......... .......... .......... .......... .......... 47%  114M 12s
114250K .......... .......... .......... .......... .......... 47%  117M 12s
114300K .......... .......... .......... .......... .......... 47% 83.5M 12s
114350K .......... .......... .......... .......... .......... 47%  116M 12s
114400K .......... .......... .......... .......... .......... 47% 87.9M 12s
114450K .......... .......... .......... .......... .......... 47%  275K 12s
114500K .......... .......... .......... .......... .......... 47%  527M 12s
114550K .......... .......... .......... .......... .......... 47% 1.11G 12s
114600K .......... .......... .......... .......... .......... 47% 1.07G 12s
114650K .......... .......... .......... .......... .......... 47% 1.00G 12s
114700K .......... .......... .......... .......... .......... 47% 35.6M 12s
114750K .......... .......... .......... .......... .......... 47%  997M 12s
114800K .......... .......... .......... .......... .......... 47% 1008M 12s
114850K .......... .......... .......... .......... .......... 47% 1.08G 12s
114900K .......... .......... .......... .......... .......... 47% 1.10G 12s
114950K .......... .......... .......... .......... .......... 47% 1.21G 12s
115000K .......... .......... .......... .......... .......... 47%  971M 12s
115050K .......... .......... .......... .......... .......... 47% 1.18G 12s
115100K .......... .......... .......... .......... .......... 47% 1.05G 12s
115150K .......... .......... .......... .......... .......... 47% 1.09G 12s
115200K .......... .......... .......... .......... .......... 47%  914M 12s
115250K .......... .......... .......... .......... .......... 47%  970M 12s
115300K .......... .......... .......... .......... .......... 47%  947M 12s
115350K .......... .......... .......... .......... .......... 47% 1.09G 12s
115400K .......... .......... .......... .......... .......... 47% 1.00G 12s
115450K .......... .......... .......... .......... .......... 47% 1.10G 12s
115500K .......... .......... .......... .......... .......... 47%  901M 12s
115550K .......... .......... .......... .......... .......... 47% 1.08G 12s
115600K .......... .......... .......... .......... .......... 47%  937M 12s
115650K .......... .......... .......... .......... .......... 47% 1.12G 12s
115700K .......... .......... .......... .......... .......... 47% 1014M 12s
115750K .......... .......... .......... .......... .......... 47%  981M 12s
115800K .......... .......... .......... .......... .......... 47% 1.03G 12s
115850K .......... .......... .......... .......... .......... 47% 1.03G 12s
115900K .......... .......... .......... .......... .......... 47% 1.03G 12s
115950K .......... .......... .......... .......... .......... 47% 1.08G 12s
116000K .......... .......... .......... .......... .......... 47%  842M 12s
116050K .......... .......... .......... .......... .......... 47% 1.01G 12s
116100K .......... .......... .......... .......... .......... 47% 1.11G 12s
116150K .......... .......... .......... .......... .......... 47% 1018K 12s
116200K .......... .......... .......... .......... .......... 47%  624M 12s
116250K .......... .......... .......... .......... .......... 48%  881M 12s
116300K .......... .......... .......... .......... .......... 48% 1.21G 12s
116350K .......... .......... .......... .......... .......... 48% 1.24G 12s
116400K .......... .......... .......... .......... .......... 48% 1001M 12s
116450K .......... .......... .......... .......... .......... 48% 1.05G 12s
116500K .......... .......... .......... .......... .......... 48% 1.05G 12s
116550K .......... .......... .......... .......... .......... 48% 1.24G 12s
116600K .......... .......... .......... .......... .......... 48% 1.12G 12s
116650K .......... .......... .......... .......... .......... 48% 1.06G 12s
116700K .......... .......... .......... .......... .......... 48% 1.01G 12s
116750K .......... .......... .......... .......... .......... 48% 1005M 12s
116800K .......... .......... .......... .......... .......... 48%  965M 12s
116850K .......... .......... .......... .......... .......... 48% 1.06G 12s
116900K .......... .......... .......... .......... .......... 48% 1.13G 12s
116950K .......... .......... .......... .......... .......... 48% 1.15G 12s
117000K .......... .......... .......... .......... .......... 48%  971M 12s
117050K .......... .......... .......... .......... .......... 48% 1.05G 11s
117100K .......... .......... .......... .......... .......... 48% 1.17G 11s
117150K .......... .......... .......... .......... .......... 48% 1.01G 11s
117200K .......... .......... .......... .......... .......... 48%  916M 11s
117250K .......... .......... .......... .......... .......... 48%  904M 11s
117300K .......... .......... .......... .......... .......... 48% 1.11G 11s
117350K .......... .......... .......... .......... .......... 48% 1.08G 11s
117400K .......... .......... .......... .......... .......... 48%  385K 12s
117450K .......... .......... .......... .......... .......... 48% 27.9M 12s
117500K .......... .......... .......... .......... .......... 48% 16.9M 12s
117550K .......... .......... .......... .......... .......... 48% 1.07M 12s
117600K .......... .......... .......... .......... .......... 48% 88.8M 12s
117650K .......... .......... .......... .......... .......... 48%  120M 12s
117700K .......... .......... .......... .......... .......... 48%  117M 12s
117750K .......... .......... .......... .......... .......... 48%  274K 12s
117800K .......... .......... .......... .......... .......... 48%  441M 12s
117850K .......... .......... .......... .......... .......... 48% 95.8M 12s
117900K .......... .......... .......... .......... .......... 48%  689M 12s
117950K .......... .......... .......... .......... .......... 48%  891M 12s
118000K .......... .......... .......... .......... .......... 48%  679M 12s
118050K .......... .......... .......... .......... .......... 48% 48.8M 12s
118100K .......... .......... .......... .......... .......... 48%  308M 12s
118150K .......... .......... .......... .......... .......... 48%  910M 12s
118200K .......... .......... .......... .......... .......... 48%  727M 12s
118250K .......... .......... .......... .......... .......... 48%  778M 12s
118300K .......... .......... .......... .......... .......... 48%  903M 12s
118350K .......... .......... .......... .......... .......... 48% 1.19G 12s
118400K .......... .......... .......... .......... .......... 48%  901M 12s
118450K .......... .......... .......... .......... .......... 48%  962M 12s
118500K .......... .......... .......... .......... .......... 48%  807M 12s
118550K .......... .......... .......... .......... .......... 48%  796M 12s
118600K .......... .......... .......... .......... .......... 48%  770M 12s
118650K .......... .......... .......... .......... .......... 48% 12.3M 12s
118700K .......... .......... .......... .......... .......... 49%  757M 12s
118750K .......... .......... .......... .......... .......... 49%  783M 12s
118800K .......... .......... .......... .......... .......... 49%  551M 12s
118850K .......... .......... .......... .......... .......... 49% 1.08G 12s
118900K .......... .......... .......... .......... .......... 49% 1.17G 12s
118950K .......... .......... .......... .......... .......... 49% 1.21G 12s
119000K .......... .......... .......... .......... .......... 49%  993M 12s
119050K .......... .......... .......... .......... .......... 49%  943M 12s
119100K .......... .......... .......... .......... .......... 49% 1.18G 12s
119150K .......... .......... .......... .......... .......... 49%  786M 11s
119200K .......... .......... .......... .......... .......... 49%  639M 11s
119250K .......... .......... .......... .......... .......... 49%  812M 11s
119300K .......... .......... .......... .......... .......... 49%  661M 11s
119350K .......... .......... .......... .......... .......... 49%  800M 11s
119400K .......... .......... .......... .......... .......... 49%  588M 11s
119450K .......... .......... .......... .......... .......... 49%  889M 11s
119500K .......... .......... .......... .......... .......... 49%  813M 11s
119550K .......... .......... .......... .......... .......... 49% 1022M 11s
119600K .......... .......... .......... .......... .......... 49%  895M 11s
119650K .......... .......... .......... .......... .......... 49%  821M 11s
119700K .......... .......... .......... .......... .......... 49%  754M 11s
119750K .......... .......... .......... .......... .......... 49%  808M 11s
119800K .......... .......... .......... .......... .......... 49%  581M 11s
119850K .......... .......... .......... .......... .......... 49%  793M 11s
119900K .......... .......... .......... .......... .......... 49%  781M 11s
119950K .......... .......... .......... .......... .......... 49% 1.13G 11s
120000K .......... .......... .......... .......... .......... 49%  880M 11s
120050K .......... .......... .......... .......... .......... 49%  696M 11s
120100K .......... .......... .......... .......... .......... 49%  778M 11s
120150K .......... .......... .......... .......... .......... 49%  829M 11s
120200K .......... .......... .......... .......... .......... 49%  687M 11s
120250K .......... .......... .......... .......... .......... 49% 1.13G 11s
120300K .......... .......... .......... .......... .......... 49%  939M 11s
120350K .......... .......... .......... .......... .......... 49% 1.16G 11s
120400K .......... .......... .......... .......... .......... 49%  916M 11s
120450K .......... .......... .......... .......... .......... 49% 1.17G 11s
120500K .......... .......... .......... .......... .......... 49% 1.18G 11s
120550K .......... .......... .......... .......... .......... 49% 1020M 11s
120600K .......... .......... .......... .......... .......... 49%  806M 11s
120650K .......... .......... .......... .......... .......... 49%  801M 11s
120700K .......... .......... .......... .......... .......... 49%  864M 11s
120750K .......... .......... .......... .......... .......... 49%  243M 11s
120800K .......... .......... .......... .......... .......... 49%  287K 11s
120850K .......... .......... .......... .......... .......... 49% 10.2M 11s
120900K .......... .......... .......... .......... .......... 49%  113M 11s
120950K .......... .......... .......... .......... .......... 49%  117M 11s
121000K .......... .......... .......... .......... .......... 49%  114M 11s
121050K .......... .......... .......... .......... .......... 49%  117M 11s
121100K .......... .......... .......... .......... .......... 50%  117M 11s
121150K .......... .......... .......... .......... .......... 50%  115M 11s
121200K .......... .......... .......... .......... .......... 50% 90.5M 11s
121250K .......... .......... .......... .......... .......... 50%  116M 11s
121300K .......... .......... .......... .......... .......... 50%  117M 11s
121350K .......... .......... .......... .......... .......... 50%  117M 11s
121400K .......... .......... .......... .......... .......... 50%  115M 11s
121450K .......... .......... .......... .......... .......... 50%  117M 11s
121500K .......... .......... .......... .......... .......... 50%  116M 11s
121550K .......... .......... .......... .......... .......... 50%  119M 11s
121600K .......... .......... .......... .......... .......... 50% 87.1M 11s
121650K .......... .......... .......... .......... .......... 50%  117M 11s
121700K .......... .......... .......... .......... .......... 50%  116M 11s
121750K .......... .......... .......... .......... .......... 50%  117M 11s
121800K .......... .......... .......... .......... .......... 50%  114M 11s
121850K .......... .......... .......... .......... .......... 50%  116M 11s
121900K .......... .......... .......... .......... .......... 50%  117M 11s
121950K .......... .......... .......... .......... .......... 50%  117M 11s
122000K .......... .......... .......... .......... .......... 50% 89.7M 11s
122050K .......... .......... .......... .......... .......... 50%  116M 11s
122100K .......... .......... .......... .......... .......... 50%  117M 11s
122150K .......... .......... .......... .......... .......... 50%  275K 11s
122200K .......... .......... .......... .......... .......... 50%  392M 11s
122250K .......... .......... .......... .......... .......... 50%  153M 11s
122300K .......... .......... .......... .......... .......... 50%  486M 11s
122350K .......... .......... .......... .......... .......... 50%  699M 11s
122400K .......... .......... .......... .......... .......... 50% 1012M 11s
122450K .......... .......... .......... .......... .......... 50% 1.06G 11s
122500K .......... .......... .......... .......... .......... 50% 1.19G 11s
122550K .......... .......... .......... .......... .......... 50%  952M 11s
122600K .......... .......... .......... .......... .......... 50% 1.04G 11s
122650K .......... .......... .......... .......... .......... 50% 1.16G 11s
122700K .......... .......... .......... .......... .......... 50% 1.16G 11s
122750K .......... .......... .......... .......... .......... 50% 1.06G 11s
122800K .......... .......... .......... .......... .......... 50%  839M 11s
122850K .......... .......... .......... .......... .......... 50%  817M 11s
122900K .......... .......... .......... .......... .......... 50%  783M 11s
122950K .......... .......... .......... .......... .......... 50%  680M 11s
123000K .......... .......... .......... .......... .......... 50%  762M 11s
123050K .......... .......... .......... .......... .......... 50%  678M 11s
123100K .......... .......... .......... .......... .......... 50%  800M 11s
123150K .......... .......... .......... .......... .......... 50%  701M 11s
123200K .......... .......... .......... .......... .......... 50%  617M 11s
123250K .......... .......... .......... .......... .......... 50%  812M 11s
123300K .......... .......... .......... .......... .......... 50% 1.01G 11s
123350K .......... .......... .......... .......... .......... 50% 1.06G 11s
123400K .......... .......... .......... .......... .......... 50% 1.09G 11s
123450K .......... .......... .......... .......... .......... 50% 1.18G 11s
123500K .......... .......... .......... .......... .......... 50% 1.07G 11s
123550K .......... .......... .......... .......... .......... 51% 1022M 11s
123600K .......... .......... .......... .......... .......... 51%  989M 11s
123650K .......... .......... .......... .......... .......... 51% 1.01G 11s
123700K .......... .......... .......... .......... .......... 51% 1.06G 11s
123750K .......... .......... .......... .......... .......... 51% 1.18G 11s
123800K .......... .......... .......... .......... .......... 51%  946M 11s
123850K .......... .......... .......... .......... .......... 51%  927M 11s
123900K .......... .......... .......... .......... .......... 51%  684M 11s
123950K .......... .......... .......... .......... .......... 51%  298K 11s
124000K .......... .......... .......... .......... .......... 51% 96.1M 11s
124050K .......... .......... .......... .......... .......... 51% 67.7M 11s
124100K .......... .......... .......... .......... .......... 51% 96.6M 11s
124150K .......... .......... .......... .......... .......... 51% 85.6M 11s
124200K .......... .......... .......... .......... .......... 51% 92.3M 11s
124250K .......... .......... .......... .......... .......... 51% 83.8M 11s
124300K .......... .......... .......... .......... .......... 51% 74.1M 11s
124350K .......... .......... .......... .......... .......... 51% 60.0M 11s
124400K .......... .......... .......... .......... .......... 51% 82.0M 11s
124450K .......... .......... .......... .......... .......... 51% 35.2M 11s
124500K .......... .......... .......... .......... .......... 51%  117M 11s
124550K .......... .......... .......... .......... .......... 51%  117M 11s
124600K .......... .......... .......... .......... .......... 51%  114M 11s
124650K .......... .......... .......... .......... .......... 51%  117M 11s
124700K .......... .......... .......... .......... .......... 51% 87.5M 11s
124750K .......... .......... .......... .......... .......... 51% 64.7M 11s
124800K .......... .......... .......... .......... .......... 51% 54.6M 11s
124850K .......... .......... .......... .......... .......... 51% 79.9M 11s
124900K .......... .......... .......... .......... .......... 51%  117M 11s
124950K .......... .......... .......... .......... .......... 51%  117M 11s
125000K .......... .......... .......... .......... .......... 51% 53.2M 11s
125050K .......... .......... .......... .......... .......... 51%  298K 11s
125100K .......... .......... .......... .......... .......... 51%  181M 11s
125150K .......... .......... .......... .......... .......... 51%  122M 11s
125200K .......... .......... .......... .......... .......... 51% 64.2M 11s
125250K .......... .......... .......... .......... .......... 51% 89.1M 11s
125300K .......... .......... .......... .......... .......... 51% 79.8M 11s
125350K .......... .......... .......... .......... .......... 51% 84.6M 11s
125400K .......... .......... .......... .......... .......... 51% 99.2M 11s
125450K .......... .......... .......... .......... .......... 51% 87.3M 11s
125500K .......... .......... .......... .......... .......... 51% 58.6M 11s
125550K .......... .......... .......... .......... .......... 51% 32.7M 11s
125600K .......... .......... .......... .......... .......... 51% 93.4M 11s
125650K .......... .......... .......... .......... .......... 51%  116M 11s
125700K .......... .......... .......... .......... .......... 51%  117M 11s
125750K .......... .......... .......... .......... .......... 51%  104M 11s
125800K .......... .......... .......... .......... .......... 51%  112M 11s
125850K .......... .......... .......... .......... .......... 51% 96.0M 11s
125900K .......... .......... .......... .......... .......... 51% 46.8M 11s
125950K .......... .......... .......... .......... .......... 52%  117M 11s
126000K .......... .......... .......... .......... .......... 52% 66.6M 11s
126050K .......... .......... .......... .......... .......... 52%  117M 11s
126100K .......... .......... .......... .......... .......... 52% 57.9M 11s
126150K .......... .......... .......... .......... .......... 52% 6.93M 11s
126200K .......... .......... .......... .......... .......... 52%  310K 11s
126250K .......... .......... .......... .......... .......... 52%  168M 11s
126300K .......... .......... .......... .......... .......... 52%  117M 11s
126350K .......... .......... .......... .......... .......... 52% 44.0M 11s
126400K .......... .......... .......... .......... .......... 52% 68.3M 11s
126450K .......... .......... .......... .......... .......... 52% 46.1M 11s
126500K .......... .......... .......... .......... .......... 52% 33.3M 11s
126550K .......... .......... .......... .......... .......... 52% 50.9M 11s
126600K .......... .......... .......... .......... .......... 52% 75.8M 11s
126650K .......... .......... .......... .......... .......... 52%  116M 11s
126700K .......... .......... .......... .......... .......... 52% 66.2M 11s
126750K .......... .......... .......... .......... .......... 52%  117M 11s
126800K .......... .......... .......... .......... .......... 52% 56.0M 11s
126850K .......... .......... .......... .......... .......... 52%  117M 11s
126900K .......... .......... .......... .......... .......... 52%  117M 11s
126950K .......... .......... .......... .......... .......... 52%  117M 11s
127000K .......... .......... .......... .......... .......... 52%  115M 11s
127050K .......... .......... .......... .......... .......... 52%  117M 11s
127100K .......... .......... .......... .......... .......... 52%  116M 11s
127150K .......... .......... .......... .......... .......... 52%  117M 11s
127200K .......... .......... .......... .......... .......... 52% 88.7M 11s
127250K .......... .......... .......... .......... .......... 52%  117M 11s
127300K .......... .......... .......... .......... .......... 52% 7.62M 11s
127350K .......... .......... .......... .......... .......... 52%  310K 11s
127400K .......... .......... .......... .......... .......... 52%  124M 11s
127450K .......... .......... .......... .......... .......... 52%  140M 11s
127500K .......... .......... .......... .......... .......... 52% 82.9M 11s
127550K .......... .......... .......... .......... .......... 52% 47.5M 11s
127600K .......... .......... .......... .......... .......... 52% 88.8M 11s
127650K .......... .......... .......... .......... .......... 52% 26.9M 11s
127700K .......... .......... .......... .......... .......... 52% 41.6M 11s
127750K .......... .......... .......... .......... .......... 52% 84.1M 11s
127800K .......... .......... .......... .......... .......... 52% 97.7M 11s
127850K .......... .......... .......... .......... .......... 52% 69.2M 11s
127900K .......... .......... .......... .......... .......... 52%  115M 11s
127950K .......... .......... .......... .......... .......... 52%  105M 11s
128000K .......... .......... .......... .......... .......... 52% 56.6M 11s
128050K .......... .......... .......... .......... .......... 52% 86.8M 11s
128100K .......... .......... .......... .......... .......... 52%  117M 11s
128150K .......... .......... .......... .......... .......... 52%  117M 11s
128200K .......... .......... .......... .......... .......... 52% 35.6M 11s
128250K .......... .......... .......... .......... .......... 52% 27.6M 11s
128300K .......... .......... .......... .......... .......... 52%  117M 11s
128350K .......... .......... .......... .......... .......... 52%  117M 11s
128400K .......... .......... .......... .......... .......... 53% 80.3M 11s
128450K .......... .......... .......... .......... .......... 53% 88.9M 11s
128500K .......... .......... .......... .......... .......... 53%  309K 11s
128550K .......... .......... .......... .......... .......... 53% 14.5M 11s
128600K .......... .......... .......... .......... .......... 53%  116M 11s
128650K .......... .......... .......... .......... .......... 53%  116M 11s
128700K .......... .......... .......... .......... .......... 53% 47.2M 11s
128750K .......... .......... .......... .......... .......... 53% 90.6M 11s
128800K .......... .......... .......... .......... .......... 53% 26.5M 11s
128850K .......... .......... .......... .......... .......... 53% 70.5M 11s
128900K .......... .......... .......... .......... .......... 53% 50.3M 11s
128950K .......... .......... .......... .......... .......... 53% 85.4M 11s
129000K .......... .......... .......... .......... .......... 53%  105M 11s
129050K .......... .......... .......... .......... .......... 53% 61.3M 11s
129100K .......... .......... .......... .......... .......... 53%  117M 11s
129150K .......... .......... .......... .......... .......... 53% 83.9M 11s
129200K .......... .......... .......... .......... .......... 53% 70.1M 11s
129250K .......... .......... .......... .......... .......... 53% 90.2M 11s
129300K .......... .......... .......... .......... .......... 53%  117M 11s
129350K .......... .......... .......... .......... .......... 53%  117M 11s
129400K .......... .......... .......... .......... .......... 53% 38.1M 11s
129450K .......... .......... .......... .......... .......... 53% 26.5M 11s
129500K .......... .......... .......... .......... .......... 53%  106M 11s
129550K .......... .......... .......... .......... .......... 53%  117M 11s
129600K .......... .......... .......... .......... .......... 53%  273K 11s
129650K .......... .......... .......... .......... .......... 53% 13.1M 11s
129700K .......... .......... .......... .......... .......... 53%  434M 11s
129750K .......... .......... .......... .......... .......... 53% 1.17G 11s
129800K .......... .......... .......... .......... .......... 53%  921M 11s
129850K .......... .......... .......... .......... .......... 53% 1.08G 11s
129900K .......... .......... .......... .......... .......... 53% 1.22G 11s
129950K .......... .......... .......... .......... .......... 53% 1.26G 11s
130000K .......... .......... .......... .......... .......... 53%  965M 11s
130050K .......... .......... .......... .......... .......... 53% 1.23G 11s
130100K .......... .......... .......... .......... .......... 53% 1.07G 11s
130150K .......... .......... .......... .......... .......... 53% 1.22G 11s
130200K .......... .......... .......... .......... .......... 53% 1.04G 11s
130250K .......... .......... .......... .......... .......... 53% 1.25G 11s
130300K .......... .......... .......... .......... .......... 53% 1.14G 11s
130350K .......... .......... .......... .......... .......... 53% 1.19G 11s
130400K .......... .......... .......... .......... .......... 53%  838M 11s
130450K .......... .......... .......... .......... .......... 53% 1.03G 11s
130500K .......... .......... .......... .......... .......... 53% 1.16G 11s
130550K .......... .......... .......... .......... .......... 53% 1.15G 11s
130600K .......... .......... .......... .......... .......... 53%  854M 11s
130650K .......... .......... .......... .......... .......... 53% 1.16G 11s
130700K .......... .......... .......... .......... .......... 53% 1.17G 11s
130750K .......... .......... .......... .......... .......... 53% 1.17G 11s
130800K .......... .......... .......... .......... .......... 54%  926M 11s
130850K .......... .......... .......... .......... .......... 54%  318K 11s
130900K .......... .......... .......... .......... .......... 54% 13.3M 11s
130950K .......... .......... .......... .......... .......... 54% 33.3M 11s
131000K .......... .......... .......... .......... .......... 54% 28.0M 11s
131050K .......... .......... .......... .......... .......... 54%  104M 11s
131100K .......... .......... .......... .......... .......... 54% 84.8M 11s
131150K .......... .......... .......... .......... .......... 54% 60.3M 11s
131200K .......... .......... .......... .......... .......... 54% 34.6M 11s
131250K .......... .......... .......... .......... .......... 54% 52.8M 11s
131300K .......... .......... .......... .......... .......... 54%  114M 11s
131350K .......... .......... .......... .......... .......... 54% 84.3M 11s
131400K .......... .......... .......... .......... .......... 54% 78.5M 11s
131450K .......... .......... .......... .......... .......... 54% 39.0M 11s
131500K .......... .......... .......... .......... .......... 54% 41.1M 11s
131550K .......... .......... .......... .......... .......... 54% 26.3M 11s
131600K .......... .......... .......... .......... .......... 54% 38.5M 11s
131650K .......... .......... .......... .......... .......... 54% 67.2M 11s
131700K .......... .......... .......... .......... .......... 54%  304K 11s
131750K .......... .......... .......... .......... .......... 54% 45.2M 11s
131800K .......... .......... .......... .......... .......... 54% 36.4M 11s
131850K .......... .......... .......... .......... .......... 54% 27.9M 11s
131900K .......... .......... .......... .......... .......... 54%  105M 11s
131950K .......... .......... .......... .......... .......... 54% 82.8M 11s
132000K .......... .......... .......... .......... .......... 54% 52.8M 11s
132050K .......... .......... .......... .......... .......... 54% 41.7M 11s
132100K .......... .......... .......... .......... .......... 54% 53.2M 11s
132150K .......... .......... .......... .......... .......... 54%  100M 11s
132200K .......... .......... .......... .......... .......... 54% 99.4M 11s
132250K .......... .......... .......... .......... .......... 54% 94.9M 11s
132300K .......... .......... .......... .......... .......... 54% 80.0M 11s
132350K .......... .......... .......... .......... .......... 54% 24.4M 11s
132400K .......... .......... .......... .......... .......... 54% 24.4M 11s
132450K .......... .......... .......... .......... .......... 54% 44.1M 11s
132500K .......... .......... .......... .......... .......... 54% 68.1M 11s
132550K .......... .......... .......... .......... .......... 54%  308K 11s
132600K .......... .......... .......... .......... .......... 54% 18.3M 11s
132650K .......... .......... .......... .......... .......... 54% 25.4M 11s
132700K .......... .......... .......... .......... .......... 54% 41.3M 11s
132750K .......... .......... .......... .......... .......... 54% 56.3M 11s
132800K .......... .......... .......... .......... .......... 54% 59.8M 11s
132850K .......... .......... .......... .......... .......... 54% 69.7M 11s
132900K .......... .......... .......... .......... .......... 54% 49.1M 11s
132950K .......... .......... .......... .......... .......... 54% 43.8M 11s
133000K .......... .......... .......... .......... .......... 54%  110M 11s
133050K .......... .......... .......... .......... .......... 54%  101M 11s
133100K .......... .......... .......... .......... .......... 54% 89.8M 11s
133150K .......... .......... .......... .......... .......... 54% 97.4M 11s
133200K .......... .......... .......... .......... .......... 54% 10.3M 11s
133250K .......... .......... .......... .......... .......... 55% 65.2M 11s
133300K .......... .......... .......... .......... .......... 55%  109M 11s
133350K .......... .......... .......... .......... .......... 55%  117M 11s
133400K .......... .......... .......... .......... .......... 55% 66.9M 11s
133450K .......... .......... .......... .......... .......... 55%  304K 11s
133500K .......... .......... .......... .......... .......... 55% 65.5M 11s
133550K .......... .......... .......... .......... .......... 55% 30.7M 11s
133600K .......... .......... .......... .......... .......... 55% 31.2M 11s
133650K .......... .......... .......... .......... .......... 55%  111M 11s
133700K .......... .......... .......... .......... .......... 55% 77.8M 11s
133750K .......... .......... .......... .......... .......... 55% 65.9M 11s
133800K .......... .......... .......... .......... .......... 55% 44.7M 11s
133850K .......... .......... .......... .......... .......... 55% 38.5M 11s
133900K .......... .......... .......... .......... .......... 55%  119M 11s
133950K .......... .......... .......... .......... .......... 55%  117M 11s
134000K .......... .......... .......... .......... .......... 55% 88.7M 11s
134050K .......... .......... .......... .......... .......... 55%  117M 11s
134100K .......... .......... .......... .......... .......... 55% 10.5M 11s
134150K .......... .......... .......... .......... .......... 55% 77.5M 11s
134200K .......... .......... .......... .......... .......... 55%  101M 11s
134250K .......... .......... .......... .......... .......... 55%  115M 11s
134300K .......... .......... .......... .......... .......... 55% 72.1M 11s
134350K .......... .......... .......... .......... .......... 55%  304K 11s
134400K .......... .......... .......... .......... .......... 55% 24.8M 11s
134450K .......... .......... .......... .......... .......... 55% 48.9M 11s
134500K .......... .......... .......... .......... .......... 55% 55.2M 11s
134550K .......... .......... .......... .......... .......... 55%  117M 11s
134600K .......... .......... .......... .......... .......... 55% 68.6M 11s
134650K .......... .......... .......... .......... .......... 55% 72.3M 11s
134700K .......... .......... .......... .......... .......... 55% 48.6M 11s
134750K .......... .......... .......... .......... .......... 55% 37.9M 11s
134800K .......... .......... .......... .......... .......... 55% 78.5M 11s
134850K .......... .......... .......... .......... .......... 55%  114M 11s
134900K .......... .......... .......... .......... .......... 55%  117M 11s
134950K .......... .......... .......... .......... .......... 55%  117M 11s
135000K .......... .......... .......... .......... .......... 55% 10.8M 11s
135050K .......... .......... .......... .......... .......... 55% 80.5M 11s
135100K .......... .......... .......... .......... .......... 55% 83.8M 11s
135150K .......... .......... .......... .......... .......... 55%  110M 11s
135200K .......... .......... .......... .......... .......... 55% 1.04M 11s
135250K .......... .......... .......... .......... .......... 55%  423K 11s
135300K .......... .......... .......... .......... .......... 55% 27.6M 11s
135350K .......... .......... .......... .......... .......... 55% 55.2M 11s
135400K .......... .......... .......... .......... .......... 55% 50.3M 11s
135450K .......... .......... .......... .......... .......... 55%  116M 11s
135500K .......... .......... .......... .......... .......... 55% 75.7M 11s
135550K .......... .......... .......... .......... .......... 55% 87.2M 11s
135600K .......... .......... .......... .......... .......... 55% 37.5M 11s
135650K .......... .......... .......... .......... .......... 56% 38.6M 11s
135700K .......... .......... .......... .......... .......... 56%  100M 11s
135750K .......... .......... .......... .......... .......... 56%  107M 11s
135800K .......... .......... .......... .......... .......... 56%  115M 11s
135850K .......... .......... .......... .......... .......... 56%  115M 11s
135900K .......... .......... .......... .......... .......... 56% 11.0M 11s
135950K .......... .......... .......... .......... .......... 56% 88.5M 11s
136000K .......... .......... .......... .......... .......... 56% 69.4M 11s
136050K .......... .......... .......... .......... .......... 56% 94.5M 11s
136100K .......... .......... .......... .......... .......... 56% 79.8M 11s
136150K .......... .......... .......... .......... .......... 56%  304K 11s
136200K .......... .......... .......... .......... .......... 56%  137M 11s
136250K .......... .......... .......... .......... .......... 56% 30.0M 11s
136300K .......... .......... .......... .......... .......... 56% 39.0M 11s
136350K .......... .......... .......... .......... .......... 56% 82.5M 11s
136400K .......... .......... .......... .......... .......... 56% 59.7M 11s
136450K .......... .......... .......... .......... .......... 56% 86.9M 11s
136500K .......... .......... .......... .......... .......... 56% 46.2M 11s
136550K .......... .......... .......... .......... .......... 56% 44.3M 11s
136600K .......... .......... .......... .......... .......... 56% 71.8M 11s
136650K .......... .......... .......... .......... .......... 56% 85.7M 11s
136700K .......... .......... .......... .......... .......... 56%  119M 11s
136750K .......... .......... .......... .......... .......... 56%  117M 11s
136800K .......... .......... .......... .......... .......... 56% 11.4M 11s
136850K .......... .......... .......... .......... .......... 56% 63.3M 11s
136900K .......... .......... .......... .......... .......... 56% 83.2M 11s
136950K .......... .......... .......... .......... .......... 56%  115M 11s
137000K .......... .......... .......... .......... .......... 56%  103M 11s
137050K .......... .......... .......... .......... .......... 56%  305K 11s
137100K .......... .......... .......... .......... .......... 56% 34.9M 11s
137150K .......... .......... .......... .......... .......... 56% 32.9M 11s
137200K .......... .......... .......... .......... .......... 56% 37.7M 11s
137250K .......... .......... .......... .......... .......... 56% 74.1M 11s
137300K .......... .......... .......... .......... .......... 56%  117M 11s
137350K .......... .......... .......... .......... .......... 56% 67.5M 11s
137400K .......... .......... .......... .......... .......... 56% 97.0M 11s
137450K .......... .......... .......... .......... .......... 56% 44.0M 11s
137500K .......... .......... .......... .......... .......... 56% 39.0M 11s
137550K .......... .......... .......... .......... .......... 56% 93.6M 11s
137600K .......... .......... .......... .......... .......... 56% 72.4M 11s
137650K .......... .......... .......... .......... .......... 56%  117M 11s
137700K .......... .......... .......... .......... .......... 56%  117M 11s
137750K .......... .......... .......... .......... .......... 56% 11.5M 11s
137800K .......... .......... .......... .......... .......... 56% 73.2M 11s
137850K .......... .......... .......... .......... .......... 56% 86.3M 11s
137900K .......... .......... .......... .......... .......... 56%  111M 11s
137950K .......... .......... .......... .......... .......... 56%  105M 11s
138000K .......... .......... .......... .......... .......... 56%  303K 11s
138050K .......... .......... .......... .......... .......... 56% 42.0M 11s
138100K .......... .......... .......... .......... .......... 57% 92.9M 11s
138150K .......... .......... .......... .......... .......... 57% 40.9M 11s
138200K .......... .......... .......... .......... .......... 57% 75.7M 11s
138250K .......... .......... .......... .......... .......... 57% 97.3M 11s
138300K .......... .......... .......... .......... .......... 57% 77.0M 11s
138350K .......... .......... .......... .......... .......... 57% 52.7M 11s
138400K .......... .......... .......... .......... .......... 57% 54.8M 11s
138450K .......... .......... .......... .......... .......... 57% 39.5M 11s
138500K .......... .......... .......... .......... .......... 57% 85.4M 11s
138550K .......... .......... .......... .......... .......... 57%  114M 11s
138600K .......... .......... .......... .......... .......... 57%  115M 11s
138650K .......... .......... .......... .......... .......... 57% 32.3M 11s
138700K .......... .......... .......... .......... .......... 57% 15.7M 11s
138750K .......... .......... .......... .......... .......... 57% 72.1M 11s
138800K .......... .......... .......... .......... .......... 57% 68.8M 11s
138850K .......... .......... .......... .......... .......... 57%  108M 11s
138900K .......... .......... .......... .......... .......... 57% 1.03M 11s
138950K .......... .......... .......... .......... .......... 57%  424K 11s
139000K .......... .......... .......... .......... .......... 57% 42.5M 11s
139050K .......... .......... .......... .......... .......... 57% 67.5M 11s
139100K .......... .......... .......... .......... .......... 57% 48.7M 11s
139150K .......... .......... .......... .......... .......... 57% 82.2M 11s
139200K .......... .......... .......... .......... .......... 57% 67.7M 11s
139250K .......... .......... .......... .......... .......... 57% 96.5M 11s
139300K .......... .......... .......... .......... .......... 57% 50.5M 11s
139350K .......... .......... .......... .......... .......... 57% 74.6M 11s
139400K .......... .......... .......... .......... .......... 57% 37.9M 11s
139450K .......... .......... .......... .......... .......... 57%  107M 11s
139500K .......... .......... .......... .......... .......... 57% 89.5M 11s
139550K .......... .......... .......... .......... .......... 57%  116M 11s
139600K .......... .......... .......... .......... .......... 57% 28.6M 11s
139650K .......... .......... .......... .......... .......... 57% 15.5M 11s
139700K .......... .......... .......... .......... .......... 57% 84.4M 11s
139750K .......... .......... .......... .......... .......... 57% 84.4M 11s
139800K .......... .......... .......... .......... .......... 57%  115M 11s
139850K .......... .......... .......... .......... .......... 57% 1.11M 11s
139900K .......... .......... .......... .......... .......... 57%  411K 11s
139950K .......... .......... .......... .......... .......... 57% 43.5M 11s
140000K .......... .......... .......... .......... .......... 57% 68.6M 11s
140050K .......... .......... .......... .......... .......... 57% 49.5M 11s
140100K .......... .......... .......... .......... .......... 57% 86.4M 11s
140150K .......... .......... .......... .......... .......... 57%  103M 11s
140200K .......... .......... .......... .......... .......... 57% 73.1M 11s
140250K .......... .......... .......... .......... .......... 57% 51.6M 11s
140300K .......... .......... .......... .......... .......... 57% 76.6M 11s
140350K .......... .......... .......... .......... .......... 57% 44.2M 11s
140400K .......... .......... .......... .......... .......... 57% 64.9M 11s
140450K .......... .......... .......... .......... .......... 57%  102M 11s
140500K .......... .......... .......... .......... .......... 58%  116M 11s
140550K .......... .......... .......... .......... .......... 58% 32.1M 11s
140600K .......... .......... .......... .......... .......... 58% 15.7M 11s
140650K .......... .......... .......... .......... .......... 58% 81.6M 11s
140700K .......... .......... .......... .......... .......... 58% 71.4M 11s
140750K .......... .......... .......... .......... .......... 58%  115M 11s
140800K .......... .......... .......... .......... .......... 58% 1.10M 11s
140850K .......... .......... .......... .......... .......... 58%  412K 11s
140900K .......... .......... .......... .......... .......... 58% 43.9M 11s
140950K .......... .......... .......... .......... .......... 58% 96.6M 11s
141000K .......... .......... .......... .......... .......... 58% 48.3M 11s
141050K .......... .......... .......... .......... .......... 58% 83.0M 11s
141100K .......... .......... .......... .......... .......... 58%  117M 11s
141150K .......... .......... .......... .......... .......... 58% 77.1M 11s
141200K .......... .......... .......... .......... .......... 58% 45.1M 11s
141250K .......... .......... .......... .......... .......... 58% 74.0M 11s
141300K .......... .......... .......... .......... .......... 58% 44.4M 11s
141350K .......... .......... .......... .......... .......... 58% 87.3M 11s
141400K .......... .......... .......... .......... .......... 58% 89.9M 11s
141450K .......... .......... .......... .......... .......... 58%  116M 11s
141500K .......... .......... .......... .......... .......... 58%  113M 11s
141550K .......... .......... .......... .......... .......... 58% 12.4M 10s
141600K .......... .......... .......... .......... .......... 58% 51.3M 10s
141650K .......... .......... .......... .......... .......... 58% 81.4M 10s
141700K .......... .......... .......... .......... .......... 58%  107M 10s
141750K .......... .......... .......... .......... .......... 58% 1.12M 10s
141800K .......... .......... .......... .......... .......... 58%  412K 11s
141850K .......... .......... .......... .......... .......... 58% 33.2M 11s
141900K .......... .......... .......... .......... .......... 58% 52.4M 11s
141950K .......... .......... .......... .......... .......... 58% 94.2M 11s
142000K .......... .......... .......... .......... .......... 58% 41.2M 11s
142050K .......... .......... .......... .......... .......... 58% 93.6M 11s
142100K .......... .......... .......... .......... .......... 58% 99.2M 11s
142150K .......... .......... .......... .......... .......... 58% 59.0M 11s
142200K .......... .......... .......... .......... .......... 58% 67.5M 11s
142250K .......... .......... .......... .......... .......... 58% 45.8M 10s
142300K .......... .......... .......... .......... .......... 58% 69.2M 10s
142350K .......... .......... .......... .......... .......... 58%  102M 10s
142400K .......... .......... .......... .......... .......... 58% 71.5M 10s
142450K .......... .......... .......... .......... .......... 58%  117M 10s
142500K .......... .......... .......... .......... .......... 58% 12.4M 10s
142550K .......... .......... .......... .......... .......... 58% 71.5M 10s
142600K .......... .......... .......... .......... .......... 58% 81.7M 10s
142650K .......... .......... .......... .......... .......... 58% 86.7M 10s
142700K .......... .......... .......... .......... .......... 58%  113M 10s
142750K .......... .......... .......... .......... .......... 58% 1.10M 10s
142800K .......... .......... .......... .......... .......... 58%  411K 11s
142850K .......... .......... .......... .......... .......... 58% 46.4M 11s
142900K .......... .......... .......... .......... .......... 59%  145M 11s
142950K .......... .......... .......... .......... .......... 59% 53.5M 10s
143000K .......... .......... .......... .......... .......... 59% 67.4M 10s
143050K .......... .......... .......... .......... .......... 59%  117M 10s
143100K .......... .......... .......... .......... .......... 59%  107M 10s
143150K .......... .......... .......... .......... .......... 59% 60.6M 10s
143200K .......... .......... .......... .......... .......... 59% 53.7M 10s
143250K .......... .......... .......... .......... .......... 59% 41.1M 10s
143300K .......... .......... .......... .......... .......... 59% 82.2M 10s
143350K .......... .......... .......... .......... .......... 59% 99.0M 10s
143400K .......... .......... .......... .......... .......... 59%  113M 10s
143450K .......... .......... .......... .......... .......... 59%  117M 10s
143500K .......... .......... .......... .......... .......... 59% 12.0M 10s
143550K .......... .......... .......... .......... .......... 59% 73.5M 10s
143600K .......... .......... .......... .......... .......... 59% 68.3M 10s
143650K .......... .......... .......... .......... .......... 59%  106M 10s
143700K .......... .......... .......... .......... .......... 59% 1.11M 10s
143750K .......... .......... .......... .......... .......... 59%  412K 10s
143800K .......... .......... .......... .......... .......... 59% 37.2M 10s
143850K .......... .......... .......... .......... .......... 59% 52.9M 10s
143900K .......... .......... .......... .......... .......... 59%  118M 10s
143950K .......... .......... .......... .......... .......... 59% 61.2M 10s
144000K .......... .......... .......... .......... .......... 59% 58.0M 10s
144050K .......... .......... .......... .......... .......... 59%  109M 10s
144100K .......... .......... .......... .......... .......... 59% 93.0M 10s
144150K .......... .......... .......... .......... .......... 59% 52.9M 10s
144200K .......... .......... .......... .......... .......... 59% 49.3M 10s
144250K .......... .......... .......... .......... .......... 59% 59.6M 10s
144300K .......... .......... .......... .......... .......... 59% 84.7M 10s
144350K .......... .......... .......... .......... .......... 59%  111M 10s
144400K .......... .......... .......... .......... .......... 59% 90.0M 10s
144450K .......... .......... .......... .......... .......... 59% 12.7M 10s
144500K .......... .......... .......... .......... .......... 59% 62.8M 10s
144550K .......... .......... .......... .......... .......... 59% 81.2M 10s
144600K .......... .......... .......... .......... .......... 59% 93.7M 10s
144650K .......... .......... .......... .......... .......... 59%  102M 10s
144700K .......... .......... .......... .......... .......... 59% 1.09M 10s
144750K .......... .......... .......... .......... .......... 59%  412K 10s
144800K .......... .......... .......... .......... .......... 59% 46.6M 10s
144850K .......... .......... .......... .......... .......... 59%  128M 10s
144900K .......... .......... .......... .......... .......... 59% 84.7M 10s
144950K .......... .......... .......... .......... .......... 59% 73.8M 10s
145000K .......... .......... .......... .......... .......... 59% 78.5M 10s
145050K .......... .......... .......... .......... .......... 59%  103M 10s
145100K .......... .......... .......... .......... .......... 59% 66.8M 10s
145150K .......... .......... .......... .......... .......... 59% 72.4M 10s
145200K .......... .......... .......... .......... .......... 59% 33.9M 10s
145250K .......... .......... .......... .......... .......... 59% 97.6M 10s
145300K .......... .......... .......... .......... .......... 59% 77.1M 10s
145350K .......... .......... .......... .......... .......... 60% 93.3M 10s
145400K .......... .......... .......... .......... .......... 60%  115M 10s
145450K .......... .......... .......... .......... .......... 60% 12.3M 10s
145500K .......... .......... .......... .......... .......... 60% 87.6M 10s
145550K .......... .......... .......... .......... .......... 60% 89.7M 10s
145600K .......... .......... .......... .......... .......... 60% 74.6M 10s
145650K .......... .......... .......... .......... .......... 60% 94.6M 10s
145700K .......... .......... .......... .......... .......... 60%  302K 10s
145750K .......... .......... .......... .......... .......... 60% 54.6M 10s
145800K .......... .......... .......... .......... .......... 60% 56.1M 10s
145850K .......... .......... .......... .......... .......... 60%  109M 10s
145900K .......... .......... .......... .......... .......... 60%  100M 10s
145950K .......... .......... .......... .......... .......... 60% 72.3M 10s
146000K .......... .......... .......... .......... .......... 60% 64.2M 10s
146050K .......... .......... .......... .......... .......... 60% 96.3M 10s
146100K .......... .......... .......... .......... .......... 60% 70.6M 10s
146150K .......... .......... .......... .......... .......... 60% 23.2M 10s
146200K .......... .......... .......... .......... .......... 60%  115M 10s
146250K .......... .......... .......... .......... .......... 60%  117M 10s
146300K .......... .......... .......... .......... .......... 60%  117M 10s
146350K .......... .......... .......... .......... .......... 60%  117M 10s
146400K .......... .......... .......... .......... .......... 60% 88.7M 10s
146450K .......... .......... .......... .......... .......... 60% 12.9M 10s
146500K .......... .......... .......... .......... .......... 60% 77.4M 10s
146550K .......... .......... .......... .......... .......... 60% 96.2M 10s
146600K .......... .......... .......... .......... .......... 60% 96.7M 10s
146650K .......... .......... .......... .......... .......... 60% 97.0M 10s
146700K .......... .......... .......... .......... .......... 60%  378K 10s
146750K .......... .......... .......... .......... .......... 60% 1.42M 10s
146800K .......... .......... .......... .......... .......... 60% 49.8M 10s
146850K .......... .......... .......... .......... .......... 60%  116M 10s
146900K .......... .......... .......... .......... .......... 60% 84.1M 10s
146950K .......... .......... .......... .......... .......... 60% 95.8M 10s
147000K .......... .......... .......... .......... .......... 60% 83.4M 10s
147050K .......... .......... .......... .......... .......... 60% 33.4M 10s
147100K .......... .......... .......... .......... .......... 60%  117M 10s
147150K .......... .......... .......... .......... .......... 60% 28.8M 10s
147200K .......... .......... .......... .......... .......... 60% 30.1M 10s
147250K .......... .......... .......... .......... .......... 60%  109M 10s
147300K .......... .......... .......... .......... .......... 60%  117M 10s
147350K .......... .......... .......... .......... .......... 60% 62.2M 10s
147400K .......... .......... .......... .......... .......... 60%  115M 10s
147450K .......... .......... .......... .......... .......... 60% 24.0M 10s
147500K .......... .......... .......... .......... .......... 60% 75.4M 10s
147550K .......... .......... .......... .......... .......... 60% 93.9M 10s
147600K .......... .......... .......... .......... .......... 60% 70.7M 10s
147650K .......... .......... .......... .......... .......... 60% 1.15M 10s
147700K .......... .......... .......... .......... .......... 60%  404K 10s
147750K .......... .......... .......... .......... .......... 61%  111M 10s
147800K .......... .......... .......... .......... .......... 61% 57.1M 10s
147850K .......... .......... .......... .......... .......... 61% 88.2M 10s
147900K .......... .......... .......... .......... .......... 61%  116M 10s
147950K .......... .......... .......... .......... .......... 61% 80.8M 10s
148000K .......... .......... .......... .......... .......... 61% 60.6M 10s
148050K .......... .......... .......... .......... .......... 61% 35.3M 10s
148100K .......... .......... .......... .......... .......... 61% 36.3M 10s
148150K .......... .......... .......... .......... .......... 61% 59.5M 10s
148200K .......... .......... .......... .......... .......... 61% 35.6M 10s
148250K .......... .......... .......... .......... .......... 61% 92.3M 10s
148300K .......... .......... .......... .......... .......... 61%  117M 10s
148350K .......... .......... .......... .......... .......... 61% 64.4M 10s
148400K .......... .......... .......... .......... .......... 61% 86.9M 10s
148450K .......... .......... .......... .......... .......... 61% 24.4M 10s
148500K .......... .......... .......... .......... .......... 61% 69.3M 10s
148550K .......... .......... .......... .......... .......... 61% 89.5M 10s
148600K .......... .......... .......... .......... .......... 61%  112M 10s
148650K .......... .......... .......... .......... .......... 61% 48.0M 10s
148700K .......... .......... .......... .......... .......... 61%  379K 10s
148750K .......... .......... .......... .......... .......... 61% 1.44M 10s
148800K .......... .......... .......... .......... .......... 61% 53.2M 10s
148850K .......... .......... .......... .......... .......... 61%  101M 10s
148900K .......... .......... .......... .......... .......... 61%  111M 10s
148950K .......... .......... .......... .......... .......... 61% 86.5M 10s
149000K .......... .......... .......... .......... .......... 61% 74.8M 10s
149050K .......... .......... .......... .......... .......... 61% 35.5M 10s
149100K .......... .......... .......... .......... .......... 61% 31.2M 10s
149150K .......... .......... .......... .......... .......... 61% 77.7M 10s
149200K .......... .......... .......... .......... .......... 61% 32.4M 10s
149250K .......... .......... .......... .......... .......... 61% 86.3M 10s
149300K .......... .......... .......... .......... .......... 61%  117M 10s
149350K .......... .......... .......... .......... .......... 61% 54.1M 10s
149400K .......... .......... .......... .......... .......... 61%  114M 10s
149450K .......... .......... .......... .......... .......... 61% 27.7M 10s
149500K .......... .......... .......... .......... .......... 61% 64.1M 10s
149550K .......... .......... .......... .......... .......... 61% 79.3M 10s
149600K .......... .......... .......... .......... .......... 61% 88.7M 10s
149650K .......... .......... .......... .......... .......... 61% 1.17M 10s
149700K .......... .......... .......... .......... .......... 61%  548K 10s
149750K .......... .......... .......... .......... .......... 61% 1.44M 10s
149800K .......... .......... .......... .......... .......... 61% 92.4M 10s
149850K .......... .......... .......... .......... .......... 61% 79.7M 10s
149900K .......... .......... .......... .......... .......... 61%  112M 10s
149950K .......... .......... .......... .......... .......... 61% 89.3M 10s
150000K .......... .......... .......... .......... .......... 61% 64.0M 10s
150050K .......... .......... .......... .......... .......... 61% 35.3M 10s
150100K .......... .......... .......... .......... .......... 61% 32.0M 10s
150150K .......... .......... .......... .......... .......... 61% 74.2M 10s
150200K .......... .......... .......... .......... .......... 62% 35.6M 10s
150250K .......... .......... .......... .......... .......... 62% 86.5M 10s
150300K .......... .......... .......... .......... .......... 62%  104M 10s
150350K .......... .......... .......... .......... .......... 62% 54.7M 10s
150400K .......... .......... .......... .......... .......... 62% 87.6M 10s
150450K .......... .......... .......... .......... .......... 62% 28.6M 10s
150500K .......... .......... .......... .......... .......... 62% 58.9M 10s
150550K .......... .......... .......... .......... .......... 62% 87.3M 10s
150600K .......... .......... .......... .......... .......... 62%  102M 10s
150650K .......... .......... .......... .......... .......... 62% 27.8M 10s
150700K .......... .......... .......... .......... .......... 62%  549K 10s
150750K .......... .......... .......... .......... .......... 62%  675K 10s
150800K .......... .......... .......... .......... .......... 62% 91.8M 10s
150850K .......... .......... .......... .......... .......... 62% 74.5M 10s
150900K .......... .......... .......... .......... .......... 62%  102M 10s
150950K .......... .......... .......... .......... .......... 62% 94.8M 10s
151000K .......... .......... .......... .......... .......... 62% 96.9M 10s
151050K .......... .......... .......... .......... .......... 62% 31.2M 10s
151100K .......... .......... .......... .......... .......... 62% 99.0M 10s
151150K .......... .......... .......... .......... .......... 62% 29.5M 10s
151200K .......... .......... .......... .......... .......... 62% 33.3M 10s
151250K .......... .......... .......... .......... .......... 62% 94.5M 10s
151300K .......... .......... .......... .......... .......... 62% 90.2M 10s
151350K .......... .......... .......... .......... .......... 62% 54.3M 10s
151400K .......... .......... .......... .......... .......... 62%  115M 10s
151450K .......... .......... .......... .......... .......... 62% 31.5M 10s
151500K .......... .......... .......... .......... .......... 62% 76.0M 10s
151550K .......... .......... .......... .......... .......... 62% 66.0M 10s
151600K .......... .......... .......... .......... .......... 62% 64.2M 10s
151650K .......... .......... .......... .......... .......... 62% 25.8M 10s
151700K .......... .......... .......... .......... .......... 62%  548K 10s
151750K .......... .......... .......... .......... .......... 62%  674K 10s
151800K .......... .......... .......... .......... .......... 62%  118M 10s
151850K .......... .......... .......... .......... .......... 62%  117M 10s
151900K .......... .......... .......... .......... .......... 62%  117M 10s
151950K .......... .......... .......... .......... .......... 62%  117M 10s
152000K .......... .......... .......... .......... .......... 62% 68.5M 10s
152050K .......... .......... .......... .......... .......... 62% 30.1M 10s
152100K .......... .......... .......... .......... .......... 62%  117M 10s
152150K .......... .......... .......... .......... .......... 62% 29.0M 10s
152200K .......... .......... .......... .......... .......... 62%  100M 10s
152250K .......... .......... .......... .......... .......... 62% 34.8M 10s
152300K .......... .......... .......... .......... .......... 62% 83.9M 10s
152350K .......... .......... .......... .......... .......... 62%  109M 10s
152400K .......... .......... .......... .......... .......... 62% 49.6M 10s
152450K .......... .......... .......... .......... .......... 62% 34.5M 10s
152500K .......... .......... .......... .......... .......... 62% 61.8M 10s
152550K .......... .......... .......... .......... .......... 62% 68.5M 10s
152600K .......... .......... .......... .......... .......... 63% 85.8M 10s
152650K .......... .......... .......... .......... .......... 63% 24.7M 10s
152700K .......... .......... .......... .......... .......... 63% 1.10M 10s
152750K .......... .......... .......... .......... .......... 63%  413K 10s
152800K .......... .......... .......... .......... .......... 63%  111M 10s
152850K .......... .......... .......... .......... .......... 63%  127M 10s
152900K .......... .......... .......... .......... .......... 63%  117M 10s
152950K .......... .......... .......... .......... .......... 63%  117M 10s
153000K .......... .......... .......... .......... .......... 63%  115M 10s
153050K .......... .......... .......... .......... .......... 63% 94.4M 10s
153100K .......... .......... .......... .......... .......... 63% 31.0M 10s
153150K .......... .......... .......... .......... .......... 63% 35.8M 10s
153200K .......... .......... .......... .......... .......... 63% 56.5M 10s
153250K .......... .......... .......... .......... .......... 63% 34.0M 10s
153300K .......... .......... .......... .......... .......... 63% 89.2M 10s
153350K .......... .......... .......... .......... .......... 63%  112M 10s
153400K .......... .......... .......... .......... .......... 63% 55.3M 10s
153450K .......... .......... .......... .......... .......... 63% 94.2M 10s
153500K .......... .......... .......... .......... .......... 63% 31.6M 10s
153550K .......... .......... .......... .......... .......... 63% 55.9M 10s
153600K .......... .......... .......... .......... .......... 63% 65.5M 10s
153650K .......... .......... .......... .......... .......... 63% 26.5M 10s
153700K .......... .......... .......... .......... .......... 63% 1.19M 10s
153750K .......... .......... .......... .......... .......... 63%  401K 10s
153800K .......... .......... .......... .......... .......... 63%  139M 10s
153850K .......... .......... .......... .......... .......... 63%  144M 10s
153900K .......... .......... .......... .......... .......... 63%  116M 10s
153950K .......... .......... .......... .......... .......... 63%  116M 10s
154000K .......... .......... .......... .......... .......... 63% 90.0M 10s
154050K .......... .......... .......... .......... .......... 63%  117M 10s
154100K .......... .......... .......... .......... .......... 63% 32.5M 10s
154150K .......... .......... .......... .......... .......... 63% 34.2M 10s
154200K .......... .......... .......... .......... .......... 63% 79.3M 10s
154250K .......... .......... .......... .......... .......... 63% 34.1M 10s
154300K .......... .......... .......... .......... .......... 63% 94.4M 10s
154350K .......... .......... .......... .......... .......... 63% 90.6M 10s
154400K .......... .......... .......... .......... .......... 63% 50.0M 10s
154450K .......... .......... .......... .......... .......... 63% 89.4M 10s
154500K .......... .......... .......... .......... .......... 63% 34.7M 10s
154550K .......... .......... .......... .......... .......... 63% 65.0M 10s
154600K .......... .......... .......... .......... .......... 63% 68.0M 10s
154650K .......... .......... .......... .......... .......... 63% 79.2M 10s
154700K .......... .......... .......... .......... .......... 63% 26.6M 10s
154750K .......... .......... .......... .......... .......... 63% 1.09M 10s
154800K .......... .......... .......... .......... .......... 63%  412K 10s
154850K .......... .......... .......... .......... .......... 63%  147M 10s
154900K .......... .......... .......... .......... .......... 63%  118M 10s
154950K .......... .......... .......... .......... .......... 63%  117M 10s
155000K .......... .......... .......... .......... .......... 63%  115M 10s
155050K .......... .......... .......... .......... .......... 64%  114M 10s
155100K .......... .......... .......... .......... .......... 64% 36.0M 10s
155150K .......... .......... .......... .......... .......... 64%  114M 10s
155200K .......... .......... .......... .......... .......... 64% 28.5M 10s
155250K .......... .......... .......... .......... .......... 64%  101M 10s
155300K .......... .......... .......... .......... .......... 64% 31.9M 10s
155350K .......... .......... .......... .......... .......... 64%  104M 10s
155400K .......... .......... .......... .......... .......... 64% 63.6M 10s
155450K .......... .......... .......... .......... .......... 64% 99.0M 10s
155500K .......... .......... .......... .......... .......... 64% 32.8M 10s
155550K .......... .......... .......... .......... .......... 64% 71.8M 10s
155600K .......... .......... .......... .......... .......... 64% 48.0M 10s
155650K .......... .......... .......... .......... .......... 64% 97.8M 10s
155700K .......... .......... .......... .......... .......... 64% 25.1M 10s
155750K .......... .......... .......... .......... .......... 64% 1.09M 10s
155800K .......... .......... .......... .......... .......... 64%  412K 10s
155850K .......... .......... .......... .......... .......... 64%  168M 10s
155900K .......... .......... .......... .......... .......... 64%  119M 10s
155950K .......... .......... .......... .......... .......... 64%  117M 10s
156000K .......... .......... .......... .......... .......... 64% 88.7M 10s
156050K .......... .......... .......... .......... .......... 64%  117M 10s
156100K .......... .......... .......... .......... .......... 64% 42.5M 10s
156150K .......... .......... .......... .......... .......... 64% 93.5M 10s
156200K .......... .......... .......... .......... .......... 64% 36.8M 10s
156250K .......... .......... .......... .......... .......... 64% 71.8M 10s
156300K .......... .......... .......... .......... .......... 64% 34.9M 10s
156350K .......... .......... .......... .......... .......... 64% 81.1M 10s
156400K .......... .......... .......... .......... .......... 64% 59.3M 10s
156450K .......... .......... .......... .......... .......... 64% 82.9M 10s
156500K .......... .......... .......... .......... .......... 64% 94.9M 10s
156550K .......... .......... .......... .......... .......... 64% 31.8M 10s
156600K .......... .......... .......... .......... .......... 64% 61.4M 10s
156650K .......... .......... .......... .......... .......... 64% 75.8M 10s
156700K .......... .......... .......... .......... .......... 64% 77.9M 10s
156750K .......... .......... .......... .......... .......... 64% 27.4M 10s
156800K .......... .......... .......... .......... .......... 64%  301K 10s
156850K .......... .......... .......... .......... .......... 64%  189M 10s
156900K .......... .......... .......... .......... .......... 64%  121M 10s
156950K .......... .......... .......... .......... .......... 64%  117M 10s
157000K .......... .......... .......... .......... .......... 64%  115M 10s
157050K .......... .......... .......... .......... .......... 64%  117M 10s
157100K .......... .......... .......... .......... .......... 64%  117M 10s
157150K .......... .......... .......... .......... .......... 64% 50.8M 10s
157200K .......... .......... .......... .......... .......... 64% 33.4M 10s
157250K .......... .......... .......... .......... .......... 64% 77.0M 10s
157300K .......... .......... .......... .......... .......... 64% 33.1M 10s
157350K .......... .......... .......... .......... .......... 64% 78.8M 10s
157400K .......... .......... .......... .......... .......... 64% 67.7M 10s
157450K .......... .......... .......... .......... .......... 65% 86.7M 10s
157500K .......... .......... .......... .......... .......... 65%  117M 9s
157550K .......... .......... .......... .......... .......... 65% 33.0M 9s
157600K .......... .......... .......... .......... .......... 65% 68.8M 9s
157650K .......... .......... .......... .......... .......... 65% 51.0M 9s
157700K .......... .......... .......... .......... .......... 65% 84.9M 9s
157750K .......... .......... .......... .......... .......... 65% 26.4M 9s
157800K .......... .......... .......... .......... .......... 65%  543K 9s
157850K .......... .......... .......... .......... .......... 65%  673K 10s
157900K .......... .......... .......... .......... .......... 65%  122M 10s
157950K .......... .......... .......... .......... .......... 65%  117M 10s
158000K .......... .......... .......... .......... .......... 65% 87.5M 10s
158050K .......... .......... .......... .......... .......... 65%  117M 9s
158100K .......... .......... .......... .......... .......... 65%  117M 9s
158150K .......... .......... .......... .......... .......... 65% 74.1M 9s
158200K .......... .......... .......... .......... .......... 65% 80.8M 9s
158250K .......... .......... .......... .......... .......... 65% 36.9M 9s
158300K .......... .......... .......... .......... .......... 65% 80.7M 9s
158350K .......... .......... .......... .......... .......... 65% 34.0M 9s
158400K .......... .......... .......... .......... .......... 65% 63.4M 9s
158450K .......... .......... .......... .......... .......... 65% 68.3M 9s
158500K .......... .......... .......... .......... .......... 65% 88.3M 9s
158550K .......... .......... .......... .......... .......... 65% 38.9M 9s
158600K .......... .......... .......... .......... .......... 65% 63.2M 9s
158650K .......... .......... .......... .......... .......... 65% 62.5M 9s
158700K .......... .......... .......... .......... .......... 65% 78.5M 9s
158750K .......... .......... .......... .......... .......... 65% 67.1M 9s
158800K .......... .......... .......... .......... .......... 65% 1.05M 9s
158850K .......... .......... .......... .......... .......... 65%  411K 9s
158900K .......... .......... .......... .......... .......... 65%  163M 9s
158950K .......... .......... .......... .......... .......... 65%  117M 9s
159000K .......... .......... .......... .......... .......... 65%  115M 9s
159050K .......... .......... .......... .......... .......... 65%  116M 9s
159100K .......... .......... .......... .......... .......... 65%  117M 9s
159150K .......... .......... .......... .......... .......... 65%  106M 9s
159200K .......... .......... .......... .......... .......... 65% 54.1M 9s
159250K .......... .......... .......... .......... .......... 65% 40.5M 9s
159300K .......... .......... .......... .......... .......... 65% 81.8M 9s
159350K .......... .......... .......... .......... .......... 65% 32.3M 9s
159400K .......... .......... .......... .......... .......... 65% 78.3M 9s
159450K .......... .......... .......... .......... .......... 65% 68.0M 9s
159500K .......... .......... .......... .......... .......... 65%  105M 9s
159550K .......... .......... .......... .......... .......... 65% 95.6M 9s
159600K .......... .......... .......... .......... .......... 65% 29.0M 9s
159650K .......... .......... .......... .......... .......... 65% 93.9M 9s
159700K .......... .......... .......... .......... .......... 65% 51.3M 9s
159750K .......... .......... .......... .......... .......... 65%  105M 9s
159800K .......... .......... .......... .......... .......... 65% 1.12M 9s
159850K .......... .......... .......... .......... .......... 65% 14.5M 9s
159900K .......... .......... .......... .......... .......... 66%  411K 9s
159950K .......... .......... .......... .......... .......... 66%  144M 9s
160000K .......... .......... .......... .......... .......... 66% 87.1M 9s
160050K .......... .......... .......... .......... .......... 66%  117M 9s
160100K .......... .......... .......... .......... .......... 66%  116M 9s
160150K .......... .......... .......... .......... .......... 66%  117M 9s
160200K .......... .......... .......... .......... .......... 66% 92.0M 9s
160250K .......... .......... .......... .......... .......... 66% 84.9M 9s
160300K .......... .......... .......... .......... .......... 66% 39.4M 9s
160350K .......... .......... .......... .......... .......... 66% 88.6M 9s
160400K .......... .......... .......... .......... .......... 66% 30.0M 9s
160450K .......... .......... .......... .......... .......... 66% 56.3M 9s
160500K .......... .......... .......... .......... .......... 66%  106M 9s
160550K .......... .......... .......... .......... .......... 66% 88.7M 9s
160600K .......... .......... .......... .......... .......... 66% 40.0M 9s
160650K .......... .......... .......... .......... .......... 66% 65.0M 9s
160700K .......... .......... .......... .......... .......... 66% 66.0M 9s
160750K .......... .......... .......... .......... .......... 66% 64.2M 9s
160800K .......... .......... .......... .......... .......... 66% 25.0M 9s
160850K .......... .......... .......... .......... .......... 66% 1.08M 9s
160900K .......... .......... .......... .......... .......... 66%  410K 9s
160950K .......... .......... .......... .......... .......... 66%  192M 9s
161000K .......... .......... .......... .......... .......... 66%  115M 9s
161050K .......... .......... .......... .......... .......... 66%  117M 9s
161100K .......... .......... .......... .......... .......... 66%  114M 9s
161150K .......... .......... .......... .......... .......... 66%  119M 9s
161200K .......... .......... .......... .......... .......... 66% 87.1M 9s
161250K .......... .......... .......... .......... .......... 66%  105M 9s
161300K .......... .......... .......... .......... .......... 66% 44.1M 9s
161350K .......... .......... .......... .......... .......... 66% 65.3M 9s
161400K .......... .......... .......... .......... .......... 66% 37.0M 9s
161450K .......... .......... .......... .......... .......... 66% 73.5M 9s
161500K .......... .......... .......... .......... .......... 66% 60.4M 9s
161550K .......... .......... .......... .......... .......... 66%  114M 9s
161600K .......... .......... .......... .......... .......... 66% 38.0M 9s
161650K .......... .......... .......... .......... .......... 66% 55.7M 9s
161700K .......... .......... .......... .......... .......... 66% 87.0M 9s
161750K .......... .......... .......... .......... .......... 66% 58.4M 9s
161800K .......... .......... .......... .......... .......... 66% 76.7M 9s
161850K .......... .......... .......... .......... .......... 66% 27.2M 9s
161900K .......... .......... .......... .......... .......... 66% 1.08M 9s
161950K .......... .......... .......... .......... .......... 66%  410K 9s
162000K .......... .......... .......... .......... .......... 66% 98.9M 9s
162050K .......... .......... .......... .......... .......... 66%  117M 9s
162100K .......... .......... .......... .......... .......... 66%  117M 9s
162150K .......... .......... .......... .......... .......... 66%  117M 9s
162200K .......... .......... .......... .......... .......... 66%  116M 9s
162250K .......... .......... .......... .......... .......... 66%  117M 9s
162300K .......... .......... .......... .......... .......... 67%  117M 9s
162350K .......... .......... .......... .......... .......... 67% 47.2M 9s
162400K .......... .......... .......... .......... .......... 67% 27.1M 9s
162450K .......... .......... .......... .......... .......... 67% 85.0M 9s
162500K .......... .......... .......... .......... .......... 67% 73.0M 9s
162550K .......... .......... .......... .......... .......... 67% 69.8M 9s
162600K .......... .......... .......... .......... .......... 67%  113M 9s
162650K .......... .......... .......... .......... .......... 67% 40.6M 9s
162700K .......... .......... .......... .......... .......... 67% 64.0M 9s
162750K .......... .......... .......... .......... .......... 67% 60.7M 9s
162800K .......... .......... .......... .......... .......... 67% 48.5M 9s
162850K .......... .......... .......... .......... .......... 67% 30.8M 9s
162900K .......... .......... .......... .......... .......... 67% 1.07M 9s
162950K .......... .......... .......... .......... .......... 67%  411K 9s
163000K .......... .......... .......... .......... .......... 67%  180M 9s
163050K .......... .......... .......... .......... .......... 67%  119M 9s
163100K .......... .......... .......... .......... .......... 67%  117M 9s
163150K .......... .......... .......... .......... .......... 67%  115M 9s
163200K .......... .......... .......... .......... .......... 67% 86.8M 9s
163250K .......... .......... .......... .......... .......... 67%  117M 9s
163300K .......... .......... .......... .......... .......... 67%  117M 9s
163350K .......... .......... .......... .......... .......... 67% 49.9M 9s
163400K .......... .......... .......... .......... .......... 67% 62.7M 9s
163450K .......... .......... .......... .......... .......... 67% 38.5M 9s
163500K .......... .......... .......... .......... .......... 67% 75.4M 9s
163550K .......... .......... .......... .......... .......... 67% 68.9M 9s
163600K .......... .......... .......... .......... .......... 67% 62.7M 9s
163650K .......... .......... .......... .......... .......... 67% 50.4M 9s
163700K .......... .......... .......... .......... .......... 67% 59.0M 9s
163750K .......... .......... .......... .......... .......... 67% 75.8M 9s
163800K .......... .......... .......... .......... .......... 67% 55.3M 9s
163850K .......... .......... .......... .......... .......... 67% 60.0M 9s
163900K .......... .......... .......... .......... .......... 67% 31.3M 9s
163950K .......... .......... .......... .......... .......... 67% 1.07M 9s
164000K .......... .......... .......... .......... .......... 67%  410K 9s
164050K .......... .......... .......... .......... .......... 67%  120M 9s
164100K .......... .......... .......... .......... .......... 67% 95.8M 9s
164150K .......... .......... .......... .......... .......... 67%  117M 9s
164200K .......... .......... .......... .......... .......... 67%  115M 9s
164250K .......... .......... .......... .......... .......... 67%  117M 9s
164300K .......... .......... .......... .......... .......... 67%  118M 9s
164350K .......... .......... .......... .......... .......... 67%  117M 9s
164400K .......... .......... .......... .......... .......... 67% 37.1M 9s
164450K .......... .......... .......... .......... .......... 67% 46.1M 9s
164500K .......... .......... .......... .......... .......... 67% 84.1M 9s
164550K .......... .......... .......... .......... .......... 67% 67.0M 9s
164600K .......... .......... .......... .......... .......... 67% 63.4M 9s
164650K .......... .......... .......... .......... .......... 67%  113M 9s
164700K .......... .......... .......... .......... .......... 67% 39.0M 9s
164750K .......... .......... .......... .......... .......... 68% 76.4M 9s
164800K .......... .......... .......... .......... .......... 68% 39.4M 9s
164850K .......... .......... .......... .......... .......... 68% 76.4M 9s
164900K .......... .......... .......... .......... .......... 68% 30.9M 9s
164950K .......... .......... .......... .......... .......... 68% 1.07M 9s
165000K .......... .......... .......... .......... .......... 68%  410K 9s
165050K .......... .......... .......... .......... .......... 68%  192M 9s
165100K .......... .......... .......... .......... .......... 68%  123M 9s
165150K .......... .......... .......... .......... .......... 68%  104M 9s
165200K .......... .......... .......... .......... .......... 68% 87.0M 9s
165250K .......... .......... .......... .......... .......... 68%  117M 9s
165300K .......... .......... .......... .......... .......... 68%  117M 9s
165350K .......... .......... .......... .......... .......... 68%  106M 9s
165400K .......... .......... .......... .......... .......... 68% 84.8M 9s
165450K .......... .......... .......... .......... .......... 68% 52.3M 9s
165500K .......... .......... .......... .......... .......... 68% 47.2M 9s
165550K .......... .......... .......... .......... .......... 68% 67.1M 9s
165600K .......... .......... .......... .......... .......... 68% 47.2M 9s
165650K .......... .......... .......... .......... .......... 68% 91.6M 9s
165700K .......... .......... .......... .......... .......... 68%  117M 9s
165750K .......... .......... .......... .......... .......... 68% 35.2M 9s
165800K .......... .......... .......... .......... .......... 68% 73.1M 9s
165850K .......... .......... .......... .......... .......... 68% 55.0M 9s
165900K .......... .......... .......... .......... .......... 68% 74.2M 9s
165950K .......... .......... .......... .......... .......... 68% 27.7M 9s
166000K .......... .......... .......... .......... .......... 68%  368K 9s
166050K .......... .......... .......... .......... .......... 68% 1.55M 9s
166100K .......... .......... .......... .......... .......... 68% 80.9M 9s
166150K .......... .......... .......... .......... .......... 68%  112M 9s
166200K .......... .......... .......... .......... .......... 68%  115M 9s
166250K .......... .......... .......... .......... .......... 68%  115M 9s
166300K .......... .......... .......... .......... .......... 68%  117M 9s
166350K .......... .......... .......... .......... .......... 68%  117M 9s
166400K .......... .......... .......... .......... .......... 68% 87.8M 9s
166450K .......... .......... .......... .......... .......... 68% 62.6M 9s
166500K .......... .......... .......... .......... .......... 68% 44.7M 9s
166550K .......... .......... .......... .......... .......... 68% 83.2M 9s
166600K .......... .......... .......... .......... .......... 68% 69.1M 9s
166650K .......... .......... .......... .......... .......... 68% 56.5M 9s
166700K .......... .......... .......... .......... .......... 68%  107M 9s
166750K .......... .......... .......... .......... .......... 68% 42.4M 9s
166800K .......... .......... .......... .......... .......... 68% 48.7M 9s
166850K .......... .......... .......... .......... .......... 68% 59.4M 9s
166900K .......... .......... .......... .......... .......... 68% 70.8M 9s
166950K .......... .......... .......... .......... .......... 68% 31.2M 9s
167000K .......... .......... .......... .......... .......... 68% 1.06M 9s
167050K .......... .......... .......... .......... .......... 68%  552K 9s
167100K .......... .......... .......... .......... .......... 68% 1.54M 9s
167150K .......... .......... .......... .......... .......... 69% 90.1M 9s
167200K .......... .......... .......... .......... .......... 69% 90.4M 9s
167250K .......... .......... .......... .......... .......... 69%  101M 9s
167300K .......... .......... .......... .......... .......... 69%  117M 9s
167350K .......... .......... .......... .......... .......... 69% 85.7M 9s
167400K .......... .......... .......... .......... .......... 69% 34.1M 9s
167450K .......... .......... .......... .......... .......... 69% 57.2M 9s
167500K .......... .......... .......... .......... .......... 69%  117M 9s
167550K .......... .......... .......... .......... .......... 69%  117M 9s
167600K .......... .......... .......... .......... .......... 69% 87.5M 9s
167650K .......... .......... .......... .......... .......... 69% 75.4M 9s
167700K .......... .......... .......... .......... .......... 69% 99.3M 9s
167750K .......... .......... .......... .......... .......... 69%  106M 9s
167800K .......... .......... .......... .......... .......... 69% 28.3M 9s
167850K .......... .......... .......... .......... .......... 69%  117M 9s
167900K .......... .......... .......... .......... .......... 69% 68.1M 9s
167950K .......... .......... .......... .......... .......... 69% 68.5M 9s
168000K .......... .......... .......... .......... .......... 69% 1.04M 9s
168050K .......... .......... .......... .......... .......... 69%  547K 9s
168100K .......... .......... .......... .......... .......... 69% 1.56M 9s
168150K .......... .......... .......... .......... .......... 69%  119M 9s
168200K .......... .......... .......... .......... .......... 69% 84.6M 9s
168250K .......... .......... .......... .......... .......... 69%  108M 9s
168300K .......... .......... .......... .......... .......... 69%  114M 9s
168350K .......... .......... .......... .......... .......... 69% 88.3M 9s
168400K .......... .......... .......... .......... .......... 69% 30.2M 9s
168450K .......... .......... .......... .......... .......... 69% 76.6M 9s
168500K .......... .......... .......... .......... .......... 69% 78.7M 9s
168550K .......... .......... .......... .......... .......... 69%  117M 9s
168600K .......... .......... .......... .......... .......... 69%  115M 9s
168650K .......... .......... .......... .......... .......... 69%  117M 9s
168700K .......... .......... .......... .......... .......... 69% 77.4M 9s
168750K .......... .......... .......... .......... .......... 69% 89.0M 9s
168800K .......... .......... .......... .......... .......... 69% 41.2M 9s
168850K .......... .......... .......... .......... .......... 69% 46.6M 9s
168900K .......... .......... .......... .......... .......... 69% 68.3M 9s
168950K .......... .......... .......... .......... .......... 69% 33.1M 9s
169000K .......... .......... .......... .......... .......... 69% 52.6M 9s
169050K .......... .......... .......... .......... .......... 69% 1.06M 9s
169100K .......... .......... .......... .......... .......... 69%  550K 9s
169150K .......... .......... .......... .......... .......... 69% 1.56M 9s
169200K .......... .......... .......... .......... .......... 69% 93.5M 9s
169250K .......... .......... .......... .......... .......... 69%  117M 9s
169300K .......... .......... .......... .......... .......... 69%  112M 9s
169350K .......... .......... .......... .......... .......... 69%  117M 9s
169400K .......... .......... .......... .......... .......... 69% 81.5M 9s
169450K .......... .......... .......... .......... .......... 69% 34.2M 9s
169500K .......... .......... .......... .......... .......... 69% 75.4M 9s
169550K .......... .......... .......... .......... .......... 70% 79.9M 8s
169600K .......... .......... .......... .......... .......... 70% 81.2M 8s
169650K .......... .......... .......... .......... .......... 70%  117M 8s
169700K .......... .......... .......... .......... .......... 70%  114M 8s
169750K .......... .......... .......... .......... .......... 70% 67.1M 8s
169800K .......... .......... .......... .......... .......... 70%  103M 8s
169850K .......... .......... .......... .......... .......... 70% 32.0M 8s
169900K .......... .......... .......... .......... .......... 70% 94.9M 8s
169950K .......... .......... .......... .......... .......... 70% 27.0M 8s
170000K .......... .......... .......... .......... .......... 70% 48.3M 8s
170050K .......... .......... .......... .......... .......... 70% 1.07M 8s
170100K .......... .......... .......... .......... .......... 70% 58.0M 8s
170150K .......... .......... .......... .......... .......... 70%  410K 8s
170200K .......... .......... .......... .......... .......... 70%  128M 8s
170250K .......... .......... .......... .......... .......... 70%  117M 8s
170300K .......... .......... .......... .......... .......... 70%  117M 8s
170350K .......... .......... .......... .......... .......... 70%  114M 8s
170400K .......... .......... .......... .......... .......... 70% 77.3M 8s
170450K .......... .......... .......... .......... .......... 70% 21.7M 8s
170500K .......... .......... .......... .......... .......... 70%  117M 8s
170550K .......... .......... .......... .......... .......... 70%  117M 8s
170600K .......... .......... .......... .......... .......... 70%  115M 8s
170650K .......... .......... .......... .......... .......... 70%  117M 8s
170700K .......... .......... .......... .......... .......... 70%  117M 8s
170750K .......... .......... .......... .......... .......... 70%  117M 8s
170800K .......... .......... .......... .......... .......... 70% 87.6M 8s
170850K .......... .......... .......... .......... .......... 70% 52.8M 8s
170900K .......... .......... .......... .......... .......... 70% 44.6M 8s
170950K .......... .......... .......... .......... .......... 70% 77.9M 8s
171000K .......... .......... .......... .......... .......... 70% 29.8M 8s
171050K .......... .......... .......... .......... .......... 70% 50.5M 8s
171100K .......... .......... .......... .......... .......... 70% 1.06M 8s
171150K .......... .......... .......... .......... .......... 70%  549K 8s
171200K .......... .......... .......... .......... .......... 70% 1.56M 8s
171250K .......... .......... .......... .......... .......... 70%  120M 8s
171300K .......... .......... .......... .......... .......... 70%  117M 8s
171350K .......... .......... .......... .......... .......... 70%  117M 8s
171400K .......... .......... .......... .......... .......... 70%  114M 8s
171450K .......... .......... .......... .......... .......... 70%  116M 8s
171500K .......... .......... .......... .......... .......... 70% 22.7M 8s
171550K .......... .......... .......... .......... .......... 70%  118M 8s
171600K .......... .......... .......... .......... .......... 70% 84.2M 8s
171650K .......... .......... .......... .......... .......... 70%  117M 8s
171700K .......... .......... .......... .......... .......... 70%  117M 8s
171750K .......... .......... .......... .......... .......... 70%  116M 8s
171800K .......... .......... .......... .......... .......... 70%  115M 8s
171850K .......... .......... .......... .......... .......... 70%  114M 8s
171900K .......... .......... .......... .......... .......... 70% 36.2M 8s
171950K .......... .......... .......... .......... .......... 70% 45.9M 8s
172000K .......... .......... .......... .......... .......... 71% 30.7M 8s
172050K .......... .......... .......... .......... .......... 71% 54.1M 8s
172100K .......... .......... .......... .......... .......... 71% 1.10M 8s
172150K .......... .......... .......... .......... .......... 71% 20.3M 8s
172200K .......... .......... .......... .......... .......... 71%  410K 8s
172250K .......... .......... .......... .......... .......... 71%  120M 8s
172300K .......... .......... .......... .......... .......... 71%  135M 8s
172350K .......... .......... .......... .......... .......... 71%  115M 8s
172400K .......... .......... .......... .......... .......... 71% 89.9M 8s
172450K .......... .......... .......... .......... .......... 71%  117M 8s
172500K .......... .......... .......... .......... .......... 71% 22.8M 8s
172550K .......... .......... .......... .......... .......... 71%  116M 8s
172600K .......... .......... .......... .......... .......... 71%  115M 8s
172650K .......... .......... .......... .......... .......... 71%  117M 8s
172700K .......... .......... .......... .......... .......... 71%  114M 8s
172750K .......... .......... .......... .......... .......... 71%  119M 8s
172800K .......... .......... .......... .......... .......... 71% 87.5M 8s
172850K .......... .......... .......... .......... .......... 71%  117M 8s
172900K .......... .......... .......... .......... .......... 71% 58.3M 8s
172950K .......... .......... .......... .......... .......... 71% 44.6M 8s
173000K .......... .......... .......... .......... .......... 71% 25.2M 8s
173050K .......... .......... .......... .......... .......... 71%  117M 8s
173100K .......... .......... .......... .......... .......... 71% 53.9M 8s
173150K .......... .......... .......... .......... .......... 71% 1.05M 8s
173200K .......... .......... .......... .......... .......... 71%  410K 8s
173250K .......... .......... .......... .......... .......... 71% 8.44M 8s
173300K .......... .......... .......... .......... .......... 71% 81.2M 8s
173350K .......... .......... .......... .......... .......... 71%  141M 8s
173400K .......... .......... .......... .......... .......... 71%  114M 8s
173450K .......... .......... .......... .......... .......... 71%  118M 8s
173500K .......... .......... .......... .......... .......... 71%  117M 8s
173550K .......... .......... .......... .......... .......... 71%  117M 8s
173600K .......... .......... .......... .......... .......... 71% 88.7M 8s
173650K .......... .......... .......... .......... .......... 71%  117M 8s
173700K .......... .......... .......... .......... .......... 71%  117M 8s
173750K .......... .......... .......... .......... .......... 71%  117M 8s
173800K .......... .......... .......... .......... .......... 71%  115M 8s
173850K .......... .......... .......... .......... .......... 71%  117M 8s
173900K .......... .......... .......... .......... .......... 71%  115M 8s
173950K .......... .......... .......... .......... .......... 71%  116M 8s
174000K .......... .......... .......... .......... .......... 71% 88.3M 8s
174050K .......... .......... .......... .......... .......... 71%  117M 8s
174100K .......... .......... .......... .......... .......... 71%  117M 8s
174150K .......... .......... .......... .......... .......... 71%  117M 8s
174200K .......... .......... .......... .......... .......... 71%  830K 8s
174250K .......... .......... .......... .......... .......... 71%  455K 8s
174300K .......... .......... .......... .......... .......... 71% 8.13M 8s
174350K .......... .......... .......... .......... .......... 71% 3.92M 8s
174400K .......... .......... .......... .......... .......... 72% 4.25M 8s
174450K .......... .......... .......... .......... .......... 72% 12.1M 8s
174500K .......... .......... .......... .......... .......... 72% 5.99M 8s
174550K .......... .......... .......... .......... .......... 72% 13.7M 8s
174600K .......... .......... .......... .......... .......... 72% 46.7M 8s
174650K .......... .......... .......... .......... .......... 72% 24.4M 8s
174700K .......... .......... .......... .......... .......... 72% 8.06M 8s
174750K .......... .......... .......... .......... .......... 72% 35.2M 8s
174800K .......... .......... .......... .......... .......... 72% 4.61M 8s
174850K .......... .......... .......... .......... .......... 72% 14.9M 8s
174900K .......... .......... .......... .......... .......... 72% 26.0M 8s
174950K .......... .......... .......... .......... .......... 72% 18.0M 8s
175000K .......... .......... .......... .......... .......... 72% 25.0M 8s
175050K .......... .......... .......... .......... .......... 72% 16.1M 8s
175100K .......... .......... .......... .......... .......... 72% 41.3M 8s
175150K .......... .......... .......... .......... .......... 72% 12.1M 8s
175200K .......... .......... .......... .......... .......... 72% 20.5M 8s
175250K .......... .......... .......... .......... .......... 72%  549K 8s
175300K .......... .......... .......... .......... .......... 72% 9.02M 8s
175350K .......... .......... .......... .......... .......... 72% 4.13M 8s
175400K .......... .......... .......... .......... .......... 72% 3.92M 8s
175450K .......... .......... .......... .......... .......... 72% 12.8M 8s
175500K .......... .......... .......... .......... .......... 72% 14.7M 8s
175550K .......... .......... .......... .......... .......... 72% 6.09M 8s
175600K .......... .......... .......... .......... .......... 72% 12.3M 8s
175650K .......... .......... .......... .......... .......... 72% 19.9M 8s
175700K .......... .......... .......... .......... .......... 72% 25.2M 8s
175750K .......... .......... .......... .......... .......... 72% 8.88M 8s
175800K .......... .......... .......... .......... .......... 72% 12.6M 8s
175850K .......... .......... .......... .......... .......... 72% 4.97M 8s
175900K .......... .......... .......... .......... .......... 72% 42.2M 8s
175950K .......... .......... .......... .......... .......... 72% 30.5M 8s
176000K .......... .......... .......... .......... .......... 72% 16.3M 8s
176050K .......... .......... .......... .......... .......... 72% 15.2M 8s
176100K .......... .......... .......... .......... .......... 72% 26.5M 8s
176150K .......... .......... .......... .......... .......... 72% 15.7M 8s
176200K .......... .......... .......... .......... .......... 72% 25.9M 8s
176250K .......... .......... .......... .......... .......... 72% 28.0M 8s
176300K .......... .......... .......... .......... .......... 72%  533K 8s
176350K .......... .......... .......... .......... .......... 72% 8.20M 8s
176400K .......... .......... .......... .......... .......... 72% 2.95M 8s
176450K .......... .......... .......... .......... .......... 72% 6.61M 8s
176500K .......... .......... .......... .......... .......... 72% 11.8M 8s
176550K .......... .......... .......... .......... .......... 72% 6.10M 8s
176600K .......... .......... .......... .......... .......... 72% 12.9M 8s
176650K .......... .......... .......... .......... .......... 72%  127M 8s
176700K .......... .......... .......... .......... .......... 72% 19.8M 8s
176750K .......... .......... .......... .......... .......... 72% 8.32M 8s
176800K .......... .......... .......... .......... .......... 72% 9.82M 8s
176850K .......... .......... .......... .......... .......... 73% 6.95M 8s
176900K .......... .......... .......... .......... .......... 73% 14.8M 8s
176950K .......... .......... .......... .......... .......... 73% 26.2M 8s
177000K .......... .......... .......... .......... .......... 73% 18.6M 8s
177050K .......... .......... .......... .......... .......... 73% 27.4M 8s
177100K .......... .......... .......... .......... .......... 73% 14.9M 8s
177150K .......... .......... .......... .......... .......... 73% 43.3M 8s
177200K .......... .......... .......... .......... .......... 73% 11.3M 8s
177250K .......... .......... .......... .......... .......... 73% 23.3M 8s
177300K .......... .......... .......... .......... .......... 73%  821K 8s
177350K .......... .......... .......... .......... .......... 73% 1.36M 8s
177400K .......... .......... .......... .......... .......... 73% 4.09M 8s
177450K .......... .......... .......... .......... .......... 73% 3.91M 8s
177500K .......... .......... .......... .......... .......... 73% 17.5M 8s
177550K .......... .......... .......... .......... .......... 73% 11.5M 8s
177600K .......... .......... .......... .......... .......... 73% 4.31M 8s
177650K .......... .......... .......... .......... .......... 73%  102M 8s
177700K .......... .......... .......... .......... .......... 73% 19.5M 8s
177750K .......... .......... .......... .......... .......... 73% 43.0M 8s
177800K .......... .......... .......... .......... .......... 73% 7.90M 8s
177850K .......... .......... .......... .......... .......... 73% 12.3M 8s
177900K .......... .......... .......... .......... .......... 73% 5.07M 8s
177950K .......... .......... .......... .......... .......... 73% 83.0M 8s
178000K .......... .......... .......... .......... .......... 73% 20.9M 8s
178050K .......... .......... .......... .......... .......... 73% 19.7M 8s
178100K .......... .......... .......... .......... .......... 73% 13.2M 8s
178150K .......... .......... .......... .......... .......... 73% 27.9M 8s
178200K .......... .......... .......... .......... .......... 73% 14.5M 8s
178250K .......... .......... .......... .......... .......... 73% 29.9M 8s
178300K .......... .......... .......... .......... .......... 73% 27.0M 8s
178350K .......... .......... .......... .......... .......... 73%  545K 8s
178400K .......... .......... .......... .......... .......... 73% 4.00M 8s
178450K .......... .......... .......... .......... .......... 73% 4.48M 8s
178500K .......... .......... .......... .......... .......... 73% 7.70M 8s
178550K .......... .......... .......... .......... .......... 73% 7.04M 8s
178600K .......... .......... .......... .......... .......... 73% 6.10M 8s
178650K .......... .......... .......... .......... .......... 73% 14.3M 8s
178700K .......... .......... .......... .......... .......... 73%  101M 8s
178750K .......... .......... .......... .......... .......... 73% 19.8M 8s
178800K .......... .......... .......... .......... .......... 73% 8.11M 8s
178850K .......... .......... .......... .......... .......... 73% 10.1M 8s
178900K .......... .......... .......... .......... .......... 73% 6.96M 8s
178950K .......... .......... .......... .......... .......... 73% 14.9M 8s
179000K .......... .......... .......... .......... .......... 73% 25.1M 8s
179050K .......... .......... .......... .......... .......... 73% 19.1M 8s
179100K .......... .......... .......... .......... .......... 73% 14.2M 8s
179150K .......... .......... .......... .......... .......... 73% 29.8M 8s
179200K .......... .......... .......... .......... .......... 73% 38.8M 8s
179250K .......... .......... .......... .......... .......... 74% 11.6M 8s
179300K .......... .......... .......... .......... .......... 74% 24.2M 8s
179350K .......... .......... .......... .......... .......... 74%  793K 8s
179400K .......... .......... .......... .......... .......... 74% 1.43M 8s
179450K .......... .......... .......... .......... .......... 74% 4.10M 8s
179500K .......... .......... .......... .......... .......... 74% 4.71M 8s
179550K .......... .......... .......... .......... .......... 74% 9.76M 8s
179600K .......... .......... .......... .......... .......... 74% 6.05M 8s
179650K .......... .......... .......... .......... .......... 74% 11.8M 8s
179700K .......... .......... .......... .......... .......... 74% 13.8M 8s
179750K .......... .......... .......... .......... .......... 74% 21.3M 8s
179800K .......... .......... .......... .......... .......... 74% 38.5M 8s
179850K .......... .......... .......... .......... .......... 74% 9.44M 8s
179900K .......... .......... .......... .......... .......... 74% 9.90M 8s
179950K .......... .......... .......... .......... .......... 74% 4.98M 8s
180000K .......... .......... .......... .......... .......... 74% 24.7M 8s
180050K .......... .......... .......... .......... .......... 74% 59.3M 7s
180100K .......... .......... .......... .......... .......... 74% 21.1M 7s
180150K .......... .......... .......... .......... .......... 74% 12.8M 7s
180200K .......... .......... .......... .......... .......... 74% 28.2M 7s
180250K .......... .......... .......... .......... .......... 74% 41.1M 7s
180300K .......... .......... .......... .......... .......... 74% 13.5M 7s
180350K .......... .......... .......... .......... .......... 74% 24.6M 7s
180400K .......... .......... .......... .......... .......... 74%  530K 7s
180450K .......... .......... .......... .......... .......... 74% 4.89M 7s
180500K .......... .......... .......... .......... .......... 74% 5.64M 7s
180550K .......... .......... .......... .......... .......... 74% 5.55M 7s
180600K .......... .......... .......... .......... .......... 74% 7.33M 7s
180650K .......... .......... .......... .......... .......... 74% 8.60M 7s
180700K .......... .......... .......... .......... .......... 74% 8.45M 7s
180750K .......... .......... .......... .......... .......... 74%  147M 7s
180800K .......... .......... .......... .......... .......... 74% 19.8M 7s
180850K .......... .......... .......... .......... .......... 74% 8.98M 7s
180900K .......... .......... .......... .......... .......... 74% 11.6M 7s
180950K .......... .......... .......... .......... .......... 74% 5.91M 7s
181000K .......... .......... .......... .......... .......... 74% 15.5M 7s
181050K .......... .......... .......... .......... .......... 74% 25.7M 7s
181100K .......... .......... .......... .......... .......... 74% 61.7M 7s
181150K .......... .......... .......... .......... .......... 74% 9.37M 7s
181200K .......... .......... .......... .......... .......... 74% 26.8M 7s
181250K .......... .......... .......... .......... .......... 74% 44.6M 7s
181300K .......... .......... .......... .......... .......... 74% 11.7M 7s
181350K .......... .......... .......... .......... .......... 74% 22.2M 7s
181400K .......... .......... .......... .......... .......... 74% 1.18M 7s
181450K .......... .......... .......... .......... .......... 74%  942K 7s
181500K .......... .......... .......... .......... .......... 74% 3.32M 7s
181550K .......... .......... .......... .......... .......... 74% 4.73M 7s
181600K .......... .......... .......... .......... .......... 74% 9.43M 7s
181650K .......... .......... .......... .......... .......... 74% 12.2M 7s
181700K .......... .......... .......... .......... .......... 75% 6.03M 7s
181750K .......... .......... .......... .......... .......... 75% 15.0M 7s
181800K .......... .......... .......... .......... .......... 75% 30.6M 7s
181850K .......... .......... .......... .......... .......... 75% 30.6M 7s
181900K .......... .......... .......... .......... .......... 75% 9.15M 7s
181950K .......... .......... .......... .......... .......... 75% 9.64M 7s
182000K .......... .......... .......... .......... .......... 75% 4.91M 7s
182050K .......... .......... .......... .......... .......... 75%  116M 7s
182100K .......... .......... .......... .......... .......... 75% 22.8M 7s
182150K .......... .......... .......... .......... .......... 75% 20.8M 7s
182200K .......... .......... .......... .......... .......... 75% 13.1M 7s
182250K .......... .......... .......... .......... .......... 75% 39.1M 7s
182300K .......... .......... .......... .......... .......... 75% 28.1M 7s
182350K .......... .......... .......... .......... .......... 75% 13.3M 7s
182400K .......... .......... .......... .......... .......... 75% 21.0M 7s
182450K .......... .......... .......... .......... .......... 75%  787K 7s
182500K .......... .......... .......... .......... .......... 75% 1.44M 7s
182550K .......... .......... .......... .......... .......... 75% 4.20M 7s
182600K .......... .......... .......... .......... .......... 75% 3.82M 7s
182650K .......... .......... .......... .......... .......... 75% 11.4M 7s
182700K .......... .......... .......... .......... .......... 75% 19.0M 7s
182750K .......... .......... .......... .......... .......... 75% 6.14M 7s
182800K .......... .......... .......... .......... .......... 75% 14.6M 7s
182850K .......... .......... .......... .......... .......... 75% 22.2M 7s
182900K .......... .......... .......... .......... .......... 75% 29.5M 7s
182950K .......... .......... .......... .......... .......... 75% 8.86M 7s
183000K .......... .......... .......... .......... .......... 75% 11.5M 7s
183050K .......... .......... .......... .......... .......... 75% 5.04M 7s
183100K .......... .......... .......... .......... .......... 75% 44.8M 7s
183150K .......... .......... .......... .......... .......... 75% 31.4M 7s
183200K .......... .......... .......... .......... .......... 75% 9.44M 7s
183250K .......... .......... .......... .......... .......... 75% 42.1M 7s
183300K .......... .......... .......... .......... .......... 75% 29.7M 7s
183350K .......... .......... .......... .......... .......... 75% 15.4M 7s
183400K .......... .......... .......... .......... .......... 75% 24.9M 7s
183450K .......... .......... .......... .......... .......... 75% 25.9M 7s
183500K .......... .......... .......... .......... .......... 75%  784K 7s
183550K .......... .......... .......... .......... .......... 75% 1.44M 7s
183600K .......... .......... .......... .......... .......... 75% 2.22M 7s
183650K .......... .......... .......... .......... .......... 75% 19.4M 7s
183700K .......... .......... .......... .......... .......... 75% 7.51M 7s
183750K .......... .......... .......... .......... .......... 75% 5.97M 7s
183800K .......... .......... .......... .......... .......... 75% 16.1M 7s
183850K .......... .......... .......... .......... .......... 75%  141M 7s
183900K .......... .......... .......... .......... .......... 75% 23.3M 7s
183950K .......... .......... .......... .......... .......... 75% 29.5M 7s
184000K .......... .......... .......... .......... .......... 75% 5.20M 7s
184050K .......... .......... .......... .......... .......... 75% 6.99M 7s
184100K .......... .......... .......... .......... .......... 76% 14.8M 7s
184150K .......... .......... .......... .......... .......... 76% 26.9M 7s
184200K .......... .......... .......... .......... .......... 76% 19.9M 7s
184250K .......... .......... .......... .......... .......... 76% 14.7M 7s
184300K .......... .......... .......... .......... .......... 76% 43.0M 7s
184350K .......... .......... .......... .......... .......... 76% 28.9M 7s
184400K .......... .......... .......... .......... .......... 76% 11.3M 7s
184450K .......... .......... .......... .......... .......... 76% 21.1M 7s
184500K .......... .......... .......... .......... .......... 76% 1.16M 7s
184550K .......... .......... .......... .......... .......... 76%  926K 7s
184600K .......... .......... .......... .......... .......... 76% 5.41M 7s
184650K .......... .......... .......... .......... .......... 76% 3.23M 7s
184700K .......... .......... .......... .......... .......... 76% 20.0M 7s
184750K .......... .......... .......... .......... .......... 76% 7.72M 7s
184800K .......... .......... .......... .......... .......... 76% 5.86M 7s
184850K .......... .......... .......... .......... .......... 76% 16.5M 7s
184900K .......... .......... .......... .......... .......... 76% 32.6M 7s
184950K .......... .......... .......... .......... .......... 76% 29.5M 7s
185000K .......... .......... .......... .......... .......... 76% 9.66M 7s
185050K .......... .......... .......... .......... .......... 76% 9.32M 7s
185100K .......... .......... .......... .......... .......... 76% 6.61M 7s
185150K .......... .......... .......... .......... .......... 76% 3.70M 7s
185200K .......... .......... .......... .......... .......... 76% 89.6M 7s
185250K .......... .......... .......... .......... .......... 76%  116M 7s
185300K .......... .......... .......... .......... .......... 76%  275K 7s
185350K .......... .......... .......... .......... .......... 76%  462M 7s
185400K .......... .......... .......... .......... .......... 76%  756M 7s
185450K .......... .......... .......... .......... .......... 76%  616M 7s
185500K .......... .......... .......... .......... .......... 76%  810M 7s
185550K .......... .......... .......... .......... .......... 76%  714M 7s
185600K .......... .......... .......... .......... .......... 76%  996M 7s
185650K .......... .......... .......... .......... .......... 76% 1.05G 7s
185700K .......... .......... .......... .......... .......... 76% 1.12G 7s
185750K .......... .......... .......... .......... .......... 76% 1.16G 7s
185800K .......... .......... .......... .......... .......... 76%  917M 7s
185850K .......... .......... .......... .......... .......... 76%  922M 7s
185900K .......... .......... .......... .......... .......... 76% 1.16G 7s
185950K .......... .......... .......... .......... .......... 76% 1.17G 7s
186000K .......... .......... .......... .......... .......... 76%  949M 7s
186050K .......... .......... .......... .......... .......... 76%  909M 7s
186100K .......... .......... .......... .......... .......... 76% 1.11G 7s
186150K .......... .......... .......... .......... .......... 76% 1.13G 7s
186200K .......... .......... .......... .......... .......... 76% 1.06G 7s
186250K .......... .......... .......... .......... .......... 76% 1.04G 7s
186300K .......... .......... .......... .......... .......... 76%  999M 7s
186350K .......... .......... .......... .......... .......... 76% 1.11G 7s
186400K .......... .......... .......... .......... .......... 76%  298M 7s
186450K .......... .......... .......... .......... .......... 76% 21.7M 7s
186500K .......... .......... .......... .......... .......... 76% 19.5M 7s
186550K .......... .......... .......... .......... .......... 77%  519K 7s
186600K .......... .......... .......... .......... .......... 77% 3.65M 7s
186650K .......... .......... .......... .......... .......... 77% 3.85M 7s
186700K .......... .......... .......... .......... .......... 77% 7.30M 7s
186750K .......... .......... .......... .......... .......... 77% 4.55M 7s
186800K .......... .......... .......... .......... .......... 77% 23.9M 7s
186850K .......... .......... .......... .......... .......... 77% 12.1M 7s
186900K .......... .......... .......... .......... .......... 77% 6.32M 7s
186950K .......... .......... .......... .......... .......... 77% 2.37M 7s
187000K .......... .......... .......... .......... .......... 77%  111M 7s
187050K .......... .......... .......... .......... .......... 77%  118M 7s
187100K .......... .......... .......... .......... .......... 77%  119M 7s
187150K .......... .......... .......... .......... .......... 77% 54.2M 7s
187200K .......... .......... .......... .......... .......... 77% 21.2M 7s
187250K .......... .......... .......... .......... .......... 77% 1.04M 7s
187300K .......... .......... .......... .......... .......... 77%  821K 7s
187350K .......... .......... .......... .......... .......... 77%  269K 7s
187400K .......... .......... .......... .......... .......... 77%  656M 7s
187450K .......... .......... .......... .......... .......... 77% 1.14G 7s
187500K .......... .......... .......... .......... .......... 77% 1.18G 7s
187550K .......... .......... .......... .......... .......... 77% 1.26G 7s
187600K .......... .......... .......... .......... .......... 77%  825M 7s
187650K .......... .......... .......... .......... .......... 77% 1.26G 7s
187700K .......... .......... .......... .......... .......... 77% 1.14G 7s
187750K .......... .......... .......... .......... .......... 77% 1.25G 7s
187800K .......... .......... .......... .......... .......... 77% 1.02G 7s
187850K .......... .......... .......... .......... .......... 77% 1.01G 7s
187900K .......... .......... .......... .......... .......... 77% 1.16G 7s
187950K .......... .......... .......... .......... .......... 77% 1.22G 7s
188000K .......... .......... .......... .......... .......... 77%  926M 7s
188050K .......... .......... .......... .......... .......... 77% 1.15G 7s
188100K .......... .......... .......... .......... .......... 77% 3.81M 7s
188150K .......... .......... .......... .......... .......... 77% 7.34M 7s
188200K .......... .......... .......... .......... .......... 77% 4.50M 7s
188250K .......... .......... .......... .......... .......... 77% 15.2M 7s
188300K .......... .......... .......... .......... .......... 77% 7.50M 7s
188350K .......... .......... .......... .......... .......... 77% 2.07M 7s
188400K .......... .......... .......... .......... .......... 77% 44.5M 7s
188450K .......... .......... .......... .......... .......... 77% 42.2M 7s
188500K .......... .......... .......... .......... .......... 77% 19.9M 7s
188550K .......... .......... .......... .......... .......... 77% 1.10M 7s
188600K .......... .......... .......... .......... .......... 77%  779K 7s
188650K .......... .......... .......... .......... .......... 77% 2.83M 7s
188700K .......... .......... .......... .......... .......... 77% 4.17M 7s
188750K .......... .......... .......... .......... .......... 77% 8.62M 7s
188800K .......... .......... .......... .......... .......... 77% 5.15M 7s
188850K .......... .......... .......... .......... .......... 77% 4.32M 7s
188900K .......... .......... .......... .......... .......... 77% 3.76M 7s
188950K .......... .......... .......... .......... .......... 78%  102M 7s
189000K .......... .......... .......... .......... .......... 78% 41.4M 7s
189050K .......... .......... .......... .......... .......... 78% 17.8M 7s
189100K .......... .......... .......... .......... .......... 78%  741K 7s
189150K .......... .......... .......... .......... .......... 78% 1.10M 7s
189200K .......... .......... .......... .......... .......... 78% 2.76M 7s
189250K .......... .......... .......... .......... .......... 78% 3.68M 7s
189300K .......... .......... .......... .......... .......... 78% 25.2M 7s
189350K .......... .......... .......... .......... .......... 78% 6.30M 7s
189400K .......... .......... .......... .......... .......... 78% 4.34M 7s
189450K .......... .......... .......... .......... .......... 78% 3.76M 7s
189500K .......... .......... .......... .......... .......... 78%  103M 7s
189550K .......... .......... .......... .......... .......... 78% 46.2M 7s
189600K .......... .......... .......... .......... .......... 78% 10.3M 7s
189650K .......... .......... .......... .......... .......... 78%  531K 7s
189700K .......... .......... .......... .......... .......... 78% 3.12M 7s
189750K .......... .......... .......... .......... .......... 78% 2.99M 7s
189800K .......... .......... .......... .......... .......... 78% 3.94M 7s
189850K .......... .......... .......... .......... .......... 78% 11.8M 7s
189900K .......... .......... .......... .......... .......... 78% 8.71M 7s
189950K .......... .......... .......... .......... .......... 78% 3.69M 7s
190000K .......... .......... .......... .......... .......... 78% 3.70M 7s
190050K .......... .......... .......... .......... .......... 78%  113M 7s
190100K .......... .......... .......... .......... .......... 78% 46.0M 7s
190150K .......... .......... .......... .......... .......... 78% 16.2M 7s
190200K .......... .......... .......... .......... .......... 78%  740K 7s
190250K .......... .......... .......... .......... .......... 78% 1.17M 7s
190300K .......... .......... .......... .......... .......... 78% 2.61M 7s
190350K .......... .......... .......... .......... .......... 78% 4.15M 7s
190400K .......... .......... .......... .......... .......... 78% 10.5M 7s
190450K .......... .......... .......... .......... .......... 78% 8.86M 7s
190500K .......... .......... .......... .......... .......... 78% 3.67M 7s
190550K .......... .......... .......... .......... .......... 78% 3.77M 7s
190600K .......... .......... .......... .......... .......... 78%  104M 7s
190650K .......... .......... .......... .......... .......... 78% 55.1M 7s
190700K .......... .......... .......... .......... .......... 78% 15.4M 7s
190750K .......... .......... .......... .......... .......... 78% 22.6M 6s
190800K .......... .......... .......... .......... .......... 78%  466K 7s
190850K .......... .......... .......... .......... .......... 78% 2.86M 7s
190900K .......... .......... .......... .......... .......... 78% 7.18M 7s
190950K .......... .......... .......... .......... .......... 78% 5.15M 7s
191000K .......... .......... .......... .......... .......... 78% 19.2M 6s
191050K .......... .......... .......... .......... .......... 78% 6.88M 6s
191100K .......... .......... .......... .......... .......... 78% 2.11M 6s
191150K .......... .......... .......... .......... .......... 78% 53.5M 6s
191200K .......... .......... .......... .......... .......... 78% 78.5M 6s
191250K .......... .......... .......... .......... .......... 78% 15.6M 6s
191300K .......... .......... .......... .......... .......... 78% 19.1M 6s
191350K .......... .......... .......... .......... .......... 78%  511K 6s
191400K .......... .......... .......... .......... .......... 79% 3.85M 6s
191450K .......... .......... .......... .......... .......... 79% 2.92M 6s
191500K .......... .......... .......... .......... .......... 79% 4.29M 6s
191550K .......... .......... .......... .......... .......... 79% 16.9M 6s
191600K .......... .......... .......... .......... .......... 79% 5.43M 6s
191650K .......... .......... .......... .......... .......... 79% 4.43M 6s
191700K .......... .......... .......... .......... .......... 79% 3.79M 6s
191750K .......... .......... .......... .......... .......... 79%  111M 6s
191800K .......... .......... .......... .......... .......... 79% 53.3M 6s
191850K .......... .......... .......... .......... .......... 79% 15.8M 6s
191900K .......... .......... .......... .......... .......... 79% 22.7M 6s
191950K .......... .......... .......... .......... .......... 79%  466K 6s
192000K .......... .......... .......... .......... .......... 79% 2.67M 6s
192050K .......... .......... .......... .......... .......... 79% 4.86M 6s
192100K .......... .......... .......... .......... .......... 79% 7.69M 6s
192150K .......... .......... .......... .......... .......... 79% 31.2M 6s
192200K .......... .......... .......... .......... .......... 79% 6.97M 6s
192250K .......... .......... .......... .......... .......... 79% 2.12M 6s
192300K .......... .......... .......... .......... .......... 79% 56.1M 6s
192350K .......... .......... .......... .......... .......... 79%  116M 6s
192400K .......... .......... .......... .......... .......... 79% 28.4M 6s
192450K .......... .......... .......... .......... .......... 79% 12.5M 6s
192500K .......... .......... .......... .......... .......... 79%  746K 6s
192550K .......... .......... .......... .......... .......... 79% 1.11M 6s
192600K .......... .......... .......... .......... .......... 79% 3.25M 6s
192650K .......... .......... .......... .......... .......... 79% 4.94M 6s
192700K .......... .......... .......... .......... .......... 79% 7.61M 6s
192750K .......... .......... .......... .......... .......... 79% 32.1M 6s
192800K .......... .......... .......... .......... .......... 79% 4.75M 6s
192850K .......... .......... .......... .......... .......... 79% 2.43M 6s
192900K .......... .......... .......... .......... .......... 79% 59.7M 6s
192950K .......... .......... .......... .......... .......... 79%  106M 6s
193000K .......... .......... .......... .......... .......... 79% 24.7M 6s
193050K .......... .......... .......... .......... .......... 79% 14.5M 6s
193100K .......... .......... .......... .......... .......... 79%  746K 6s
193150K .......... .......... .......... .......... .......... 79% 1.18M 6s
193200K .......... .......... .......... .......... .......... 79% 2.50M 6s
193250K .......... .......... .......... .......... .......... 79% 4.48M 6s
193300K .......... .......... .......... .......... .......... 79% 13.3M 6s
193350K .......... .......... .......... .......... .......... 79% 23.7M 6s
193400K .......... .......... .......... .......... .......... 79% 5.14M 6s
193450K .......... .......... .......... .......... .......... 79% 2.43M 6s
193500K .......... .......... .......... .......... .......... 79% 59.1M 6s
193550K .......... .......... .......... .......... .......... 79% 95.8M 6s
193600K .......... .......... .......... .......... .......... 79% 16.3M 6s
193650K .......... .......... .......... .......... .......... 79% 19.2M 6s
193700K .......... .......... .......... .......... .......... 79%  523K 6s
193750K .......... .......... .......... .......... .......... 79% 3.12M 6s
193800K .......... .......... .......... .......... .......... 80% 3.06M 6s
193850K .......... .......... .......... .......... .......... 80% 5.54M 6s
193900K .......... .......... .......... .......... .......... 80% 7.89M 6s
193950K .......... .......... .......... .......... .......... 80% 31.5M 6s
194000K .......... .......... .......... .......... .......... 80% 4.83M 6s
194050K .......... .......... .......... .......... .......... 80% 2.43M 6s
194100K .......... .......... .......... .......... .......... 80% 53.9M 6s
194150K .......... .......... .......... .......... .......... 80%  102M 6s
194200K .......... .......... .......... .......... .......... 80% 20.2M 6s
194250K .......... .......... .......... .......... .......... 80% 16.9M 6s
194300K .......... .......... .......... .......... .......... 80%  742K 6s
194350K .......... .......... .......... .......... .......... 80% 1.19M 6s
194400K .......... .......... .......... .......... .......... 80% 2.51M 6s
194450K .......... .......... .......... .......... .......... 80% 4.53M 6s
194500K .......... .......... .......... .......... .......... 80% 13.6M 6s
194550K .......... .......... .......... .......... .......... 80% 30.8M 6s
194600K .......... .......... .......... .......... .......... 80% 4.87M 6s
194650K .......... .......... .......... .......... .......... 80% 2.41M 6s
194700K .......... .......... .......... .......... .......... 80% 55.1M 6s
194750K .......... .......... .......... .......... .......... 80% 46.2M 6s
194800K .......... .......... .......... .......... .......... 80% 28.1M 6s
194850K .......... .......... .......... .......... .......... 80% 16.9M 6s
194900K .......... .......... .......... .......... .......... 80%  738K 6s
194950K .......... .......... .......... .......... .......... 80% 1.19M 6s
195000K .......... .......... .......... .......... .......... 80% 2.74M 6s
195050K .......... .......... .......... .......... .......... 80% 8.88M 6s
195100K .......... .......... .......... .......... .......... 80% 4.80M 6s
195150K .......... .......... .......... .......... .......... 80% 57.9M 6s
195200K .......... .......... .......... .......... .......... 80% 6.17M 6s
195250K .......... .......... .......... .......... .......... 80% 2.09M 6s
195300K .......... .......... .......... .......... .......... 80% 58.8M 6s
195350K .......... .......... .......... .......... .......... 80% 48.9M 6s
195400K .......... .......... .......... .......... .......... 80% 61.0M 6s
195450K .......... .......... .......... .......... .......... 80% 22.6M 6s
195500K .......... .......... .......... .......... .......... 80% 1.09M 6s
195550K .......... .......... .......... .......... .......... 80%  851K 6s
195600K .......... .......... .......... .......... .......... 80% 1.94M 6s
195650K .......... .......... .......... .......... .......... 80% 11.2M 6s
195700K .......... .......... .......... .......... .......... 80% 4.51M 6s
195750K .......... .......... .......... .......... .......... 80% 54.0M 6s
195800K .......... .......... .......... .......... .......... 80% 8.89M 6s
195850K .......... .......... .......... .......... .......... 80% 3.64M 6s
195900K .......... .......... .......... .......... .......... 80% 3.80M 6s
195950K .......... .......... .......... .......... .......... 80% 49.1M 6s
196000K .......... .......... .......... .......... .......... 80% 39.5M 6s
196050K .......... .......... .......... .......... .......... 80% 24.9M 6s
196100K .......... .......... .......... .......... .......... 80% 19.6M 6s
196150K .......... .......... .......... .......... .......... 80%  496K 6s
196200K .......... .......... .......... .......... .......... 80% 4.51M 6s
196250K .......... .......... .......... .......... .......... 81% 2.97M 6s
196300K .......... .......... .......... .......... .......... 81% 4.54M 6s
196350K .......... .......... .......... .......... .......... 81% 14.8M 6s
196400K .......... .......... .......... .......... .......... 81% 8.42M 6s
196450K .......... .......... .......... .......... .......... 81% 8.06M 6s
196500K .......... .......... .......... .......... .......... 81% 2.41M 6s
196550K .......... .......... .......... .......... .......... 81% 51.4M 6s
196600K .......... .......... .......... .......... .......... 81% 50.1M 6s
196650K .......... .......... .......... .......... .......... 81% 52.0M 6s
196700K .......... .......... .......... .......... .......... 81% 16.0M 6s
196750K .......... .......... .......... .......... .......... 81% 1.10M 6s
196800K .......... .......... .......... .......... .......... 81%  761K 6s
196850K .......... .......... .......... .......... .......... 81% 2.75M 6s
196900K .......... .......... .......... .......... .......... 81% 10.7M 6s
196950K .......... .......... .......... .......... .......... 81% 4.84M 6s
197000K .......... .......... .......... .......... .......... 81% 58.5M 6s
197050K .......... .......... .......... .......... .......... 81% 6.60M 6s
197100K .......... .......... .......... .......... .......... 81% 4.25M 6s
197150K .......... .......... .......... .......... .......... 81% 3.82M 6s
197200K .......... .......... .......... .......... .......... 81% 38.6M 6s
197250K .......... .......... .......... .......... .......... 81% 10.5M 6s
197300K .......... .......... .......... .......... .......... 81% 77.8M 6s
197350K .......... .......... .......... .......... .......... 81% 91.5M 6s
197400K .......... .......... .......... .......... .......... 81%  497K 6s
197450K .......... .......... .......... .......... .......... 81% 3.43M 6s
197500K .......... .......... .......... .......... .......... 81% 3.80M 6s
197550K .......... .......... .......... .......... .......... 81% 4.49M 6s
197600K .......... .......... .......... .......... .......... 81% 14.8M 6s
197650K .......... .......... .......... .......... .......... 81% 9.06M 6s
197700K .......... .......... .......... .......... .......... 81% 7.79M 6s
197750K .......... .......... .......... .......... .......... 81% 2.40M 6s
197800K .......... .......... .......... .......... .......... 81% 72.7M 6s
197850K .......... .......... .......... .......... .......... 81% 41.5M 6s
197900K .......... .......... .......... .......... .......... 81% 11.2M 6s
197950K .......... .......... .......... .......... .......... 81% 80.1M 6s
198000K .......... .......... .......... .......... .......... 81%  729K 6s
198050K .......... .......... .......... .......... .......... 81% 1.19M 6s
198100K .......... .......... .......... .......... .......... 81% 2.78M 6s
198150K .......... .......... .......... .......... .......... 81% 11.2M 6s
198200K .......... .......... .......... .......... .......... 81% 4.89M 6s
198250K .......... .......... .......... .......... .......... 81% 61.4M 6s
198300K .......... .......... .......... .......... .......... 81% 8.78M 6s
198350K .......... .......... .......... .......... .......... 81% 6.07M 6s
198400K .......... .......... .......... .......... .......... 81% 2.64M 6s
198450K .......... .......... .......... .......... .......... 81% 45.9M 6s
198500K .......... .......... .......... .......... .......... 81% 11.1M 6s
198550K .......... .......... .......... .......... .......... 81% 59.9M 6s
198600K .......... .......... .......... .......... .......... 81% 96.9M 6s
198650K .......... .......... .......... .......... .......... 82%  518K 6s
198700K .......... .......... .......... .......... .......... 82% 3.18M 6s
198750K .......... .......... .......... .......... .......... 82% 3.20M 6s
198800K .......... .......... .......... .......... .......... 82% 4.19M 6s
198850K .......... .......... .......... .......... .......... 82% 16.8M 6s
198900K .......... .......... .......... .......... .......... 82% 37.0M 6s
198950K .......... .......... .......... .......... .......... 82% 5.76M 6s
199000K .......... .......... .......... .......... .......... 82% 1.18M 6s
199050K .......... .......... .......... .......... .......... 82%  118M 6s
199100K .......... .......... .......... .......... .......... 82%  147M 6s
199150K .......... .......... .......... .......... .......... 82%  116M 6s
199200K .......... .......... .......... .......... .......... 82% 89.1M 6s
199250K .......... .......... .......... .......... .......... 82% 1.62M 6s
199300K .......... .......... .......... .......... .......... 82%  854K 6s
199350K .......... .......... .......... .......... .......... 82% 3.62M 6s
199400K .......... .......... .......... .......... .......... 82% 3.87M 6s
199450K .......... .......... .......... .......... .......... 82% 3.85M 6s
199500K .......... .......... .......... .......... .......... 82% 64.3M 6s
199550K .......... .......... .......... .......... .......... 82% 14.3M 6s
199600K .......... .......... .......... .......... .......... 82% 4.72M 6s
199650K .......... .......... .......... .......... .......... 82% 1.30M 6s
199700K .......... .......... .......... .......... .......... 82%  162M 6s
199750K .......... .......... .......... .......... .......... 82%  127M 6s
199800K .......... .......... .......... .......... .......... 82%  111M 6s
199850K .......... .......... .......... .......... .......... 82%  117M 6s
199900K .......... .......... .......... .......... .......... 82% 1.62M 6s
199950K .......... .......... .......... .......... .......... 82%  763K 6s
200000K .......... .......... .......... .......... .......... 82% 2.73M 6s
200050K .......... .......... .......... .......... .......... 82% 12.2M 6s
200100K .......... .......... .......... .......... .......... 82% 4.84M 6s
200150K .......... .......... .......... .......... .......... 82% 60.3M 6s
200200K .......... .......... .......... .......... .......... 82% 6.44M 6s
200250K .......... .......... .......... .......... .......... 82% 4.35M 6s
200300K .......... .......... .......... .......... .......... 82% 1.50M 6s
200350K .......... .......... .......... .......... .......... 82%  157M 6s
200400K .......... .......... .......... .......... .......... 82% 89.0M 6s
200450K .......... .......... .......... .......... .......... 82%  117M 6s
200500K .......... .......... .......... .......... .......... 82%  117M 6s
200550K .......... .......... .......... .......... .......... 82%  599K 6s
200600K .......... .......... .......... .......... .......... 82% 3.30M 6s
200650K .......... .......... .......... .......... .......... 82% 3.25M 6s
200700K .......... .......... .......... .......... .......... 82% 13.1M 6s
200750K .......... .......... .......... .......... .......... 82% 4.77M 6s
200800K .......... .......... .......... .......... .......... 82% 13.2M 6s
200850K .......... .......... .......... .......... .......... 82% 7.62M 6s
200900K .......... .......... .......... .......... .......... 82% 1.17M 6s
200950K .......... .......... .......... .......... .......... 82%  115M 6s
201000K .......... .......... .......... .......... .......... 82%  126M 6s
201050K .......... .......... .......... .......... .......... 83%  117M 6s
201100K .......... .......... .......... .......... .......... 83%  117M 6s
201150K .......... .......... .......... .......... .......... 83%  115M 6s
201200K .......... .......... .......... .......... .......... 83%  568K 6s
201250K .......... .......... .......... .......... .......... 83% 3.67M 6s
201300K .......... .......... .......... .......... .......... 83% 3.86M 6s
201350K .......... .......... .......... .......... .......... 83% 3.79M 6s
201400K .......... .......... .......... .......... .......... 83%  133M 6s
201450K .......... .......... .......... .......... .......... 83% 14.4M 6s
201500K .......... .......... .......... .......... .......... 83% 7.58M 6s
201550K .......... .......... .......... .......... .......... 83% 1.16M 6s
201600K .......... .......... .......... .......... .......... 83% 91.2M 6s
201650K .......... .......... .......... .......... .......... 83%  133M 6s
201700K .......... .......... .......... .......... .......... 83%  117M 5s
201750K .......... .......... .......... .......... .......... 83%  117M 5s
201800K .......... .......... .......... .......... .......... 83% 1.63M 5s
201850K .......... .......... .......... .......... .......... 83%  766K 5s
201900K .......... .......... .......... .......... .......... 83% 7.72M 5s
201950K .......... .......... .......... .......... .......... 83% 3.86M 5s
202000K .......... .......... .......... .......... .......... 83% 3.79M 5s
202050K .......... .......... .......... .......... .......... 83% 81.1M 5s
202100K .......... .......... .......... .......... .......... 83% 8.84M 5s
202150K .......... .......... .......... .......... .......... 83% 6.10M 5s
202200K .......... .......... .......... .......... .......... 83% 1.27M 5s
202250K .......... .......... .......... .......... .......... 83%  127M 5s
202300K .......... .......... .......... .......... .......... 83%  126M 5s
202350K .......... .......... .......... .......... .......... 83%  117M 5s
202400K .......... .......... .......... .......... .......... 83% 88.9M 5s
202450K .......... .......... .......... .......... .......... 83%  911K 5s
202500K .......... .......... .......... .......... .......... 83% 1.22M 5s
202550K .......... .......... .......... .......... .......... 83% 2.73M 5s
202600K .......... .......... .......... .......... .......... 83% 17.4M 5s
202650K .......... .......... .......... .......... .......... 83% 4.41M 5s
202700K .......... .......... .......... .......... .......... 83% 89.9M 5s
202750K .......... .......... .......... .......... .......... 83% 8.87M 5s
202800K .......... .......... .......... .......... .......... 83% 1.05M 5s
202850K .......... .......... .......... .......... .......... 83%  124M 5s
202900K .......... .......... .......... .......... .......... 83%  138M 5s
202950K .......... .......... .......... .......... .......... 83%  115M 5s
203000K .......... .......... .......... .......... .......... 83% 51.7M 5s
203050K .......... .......... .......... .......... .......... 83% 42.7M 5s
203100K .......... .......... .......... .......... .......... 83%  935K 5s
203150K .......... .......... .......... .......... .......... 83% 1.19M 5s
203200K .......... .......... .......... .......... .......... 83% 2.80M 5s
203250K .......... .......... .......... .......... .......... 83% 4.71M 5s
203300K .......... .......... .......... .......... .......... 83% 17.0M 5s
203350K .......... .......... .......... .......... .......... 83% 52.9M 5s
203400K .......... .......... .......... .......... .......... 83% 6.69M 5s
203450K .......... .......... .......... .......... .......... 83% 1.10M 5s
203500K .......... .......... .......... .......... .......... 84%  154M 5s
203550K .......... .......... .......... .......... .......... 84%  130M 5s
203600K .......... .......... .......... .......... .......... 84% 90.8M 5s
203650K .......... .......... .......... .......... .......... 84% 58.4M 5s
203700K .......... .......... .......... .......... .......... 84% 26.6M 5s
203750K .......... .......... .......... .......... .......... 84%  559K 5s
203800K .......... .......... .......... .......... .......... 84% 8.25M 5s
203850K .......... .......... .......... .......... .......... 84% 3.13M 5s
203900K .......... .......... .......... .......... .......... 84% 4.68M 5s
203950K .......... .......... .......... .......... .......... 84% 16.9M 5s
204000K .......... .......... .......... .......... .......... 84% 14.8M 5s
204050K .......... .......... .......... .......... .......... 84% 7.40M 5s
204100K .......... .......... .......... .......... .......... 84% 1.14M 5s
204150K .......... .......... .......... .......... .......... 84%  121M 5s
204200K .......... .......... .......... .......... .......... 84%  117M 5s
204250K .......... .......... .......... .......... .......... 84%  125M 5s
204300K .......... .......... .......... .......... .......... 84% 62.7M 5s
204350K .......... .......... .......... .......... .......... 84% 26.8M 5s
204400K .......... .......... .......... .......... .......... 84%  552K 5s
204450K .......... .......... .......... .......... .......... 84% 5.95M 5s
204500K .......... .......... .......... .......... .......... 84% 3.90M 5s
204550K .......... .......... .......... .......... .......... 84% 4.23M 5s
204600K .......... .......... .......... .......... .......... 84% 29.3M 5s
204650K .......... .......... .......... .......... .......... 84% 15.9M 5s
204700K .......... .......... .......... .......... .......... 84% 7.41M 5s
204750K .......... .......... .......... .......... .......... 84% 1.13M 5s
204800K .......... .......... .......... .......... .......... 84%  101M 5s
204850K .......... .......... .......... .......... .......... 84%  136M 5s
204900K .......... .......... .......... .......... .......... 84%  117M 5s
204950K .......... .......... .......... .......... .......... 84% 43.5M 5s
205000K .......... .......... .......... .......... .......... 84% 1.71M 5s
205050K .......... .......... .......... .......... .......... 84%  791K 5s
205100K .......... .......... .......... .......... .......... 84% 6.07M 5s
205150K .......... .......... .......... .......... .......... 84% 3.91M 5s
205200K .......... .......... .......... .......... .......... 84% 3.78M 5s
205250K .......... .......... .......... .......... .......... 84% 81.5M 5s
205300K .......... .......... .......... .......... .......... 84% 8.46M 5s
205350K .......... .......... .......... .......... .......... 84% 6.43M 5s
205400K .......... .......... .......... .......... .......... 84% 1.23M 5s
205450K .......... .......... .......... .......... .......... 84%  115M 5s
205500K .......... .......... .......... .......... .......... 84%  152M 5s
205550K .......... .......... .......... .......... .......... 84%  116M 5s
205600K .......... .......... .......... .......... .......... 84% 45.4M 5s
205650K .......... .......... .......... .......... .......... 84% 1.58M 5s
205700K .......... .......... .......... .......... .......... 84%  784K 5s
205750K .......... .......... .......... .......... .......... 84% 2.93M 5s
205800K .......... .......... .......... .......... .......... 84% 20.4M 5s
205850K .......... .......... .......... .......... .......... 84% 4.33M 5s
205900K .......... .......... .......... .......... .......... 85% 79.9M 5s
205950K .......... .......... .......... .......... .......... 85% 8.46M 5s
206000K .......... .......... .......... .......... .......... 85% 3.73M 5s
206050K .......... .......... .......... .......... .......... 85% 1.20M 5s
206100K .......... .......... .......... .......... .......... 85%  111M 5s
206150K .......... .......... .......... .......... .......... 85% 72.5M 5s
206200K .......... .......... .......... .......... .......... 85% 77.1M 5s
206250K .......... .......... .......... .......... .......... 85%  109M 5s
206300K .......... .......... .......... .......... .......... 85% 2.01M 5s
206350K .......... .......... .......... .......... .......... 85%  782K 5s
206400K .......... .......... .......... .......... .......... 85% 2.90M 5s
206450K .......... .......... .......... .......... .......... 85% 4.60M 5s
206500K .......... .......... .......... .......... .......... 85% 16.5M 5s
206550K .......... .......... .......... .......... .......... 85% 79.2M 5s
206600K .......... .......... .......... .......... .......... 85% 6.77M 5s
206650K .......... .......... .......... .......... .......... 85% 4.27M 5s
206700K .......... .......... .......... .......... .......... 85% 1.20M 5s
206750K .......... .......... .......... .......... .......... 85% 80.5M 5s
206800K .......... .......... .......... .......... .......... 85% 62.6M 5s
206850K .......... .......... .......... .......... .......... 85% 74.5M 5s
206900K .......... .......... .......... .......... .......... 85%  110M 5s
206950K .......... .......... .......... .......... .......... 85%  589K 5s
207000K .......... .......... .......... .......... .......... 85% 10.5M 5s
207050K .......... .......... .......... .......... .......... 85% 3.19M 5s
207100K .......... .......... .......... .......... .......... 85% 18.9M 5s
207150K .......... .......... .......... .......... .......... 85% 4.43M 5s
207200K .......... .......... .......... .......... .......... 85% 27.7M 5s
207250K .......... .......... .......... .......... .......... 85% 6.28M 5s
207300K .......... .......... .......... .......... .......... 85%  993K 5s
207350K .......... .......... .......... .......... .......... 85%  117M 5s
207400K .......... .......... .......... .......... .......... 85% 15.2M 5s
207450K .......... .......... .......... .......... .......... 85% 20.3M 5s
207500K .......... .......... .......... .......... .......... 85% 44.8M 5s
207550K .......... .......... .......... .......... .......... 85% 23.1M 5s
207600K .......... .......... .......... .......... .......... 85%  636K 5s
207650K .......... .......... .......... .......... .......... 85% 6.24M 5s
207700K .......... .......... .......... .......... .......... 85% 3.96M 5s
207750K .......... .......... .......... .......... .......... 85% 4.69M 5s
207800K .......... .......... .......... .......... .......... 85% 16.9M 5s
207850K .......... .......... .......... .......... .......... 85% 31.5M 5s
207900K .......... .......... .......... .......... .......... 85% 6.31M 5s
207950K .......... .......... .......... .......... .......... 85%  989K 5s
208000K .......... .......... .......... .......... .......... 85% 33.4M 5s
208050K .......... .......... .......... .......... .......... 85% 22.8M 5s
208100K .......... .......... .......... .......... .......... 85% 16.9M 5s
208150K .......... .......... .......... .......... .......... 85% 81.6M 5s
208200K .......... .......... .......... .......... .......... 85% 2.78M 5s
208250K .......... .......... .......... .......... .......... 85%  792K 5s
208300K .......... .......... .......... .......... .......... 85% 6.44M 5s
208350K .......... .......... .......... .......... .......... 86% 3.94M 5s
208400K .......... .......... .......... .......... .......... 86% 3.81M 5s
208450K .......... .......... .......... .......... .......... 86% 43.9M 5s
208500K .......... .......... .......... .......... .......... 86% 9.15M 5s
208550K .......... .......... .......... .......... .......... 86% 8.35M 5s
208600K .......... .......... .......... .......... .......... 86% 1.01M 5s
208650K .......... .......... .......... .......... .......... 86% 47.3M 5s
208700K .......... .......... .......... .......... .......... 86% 22.0M 5s
208750K .......... .......... .......... .......... .......... 86% 16.3M 5s
208800K .......... .......... .......... .......... .......... 86% 20.9M 5s
208850K .......... .......... .......... .......... .......... 86% 2.78M 5s
208900K .......... .......... .......... .......... .......... 86%  772K 5s
208950K .......... .......... .......... .......... .......... 86% 3.03M 5s
209000K .......... .......... .......... .......... .......... 86% 24.1M 5s
209050K .......... .......... .......... .......... .......... 86% 4.34M 5s
209100K .......... .......... .......... .......... .......... 86% 45.3M 5s
209150K .......... .......... .......... .......... .......... 86% 9.25M 5s
209200K .......... .......... .......... .......... .......... 86% 3.70M 5s
209250K .......... .......... .......... .......... .......... 86% 1.18M 5s
209300K .......... .......... .......... .......... .......... 86% 41.5M 5s
209350K .......... .......... .......... .......... .......... 86% 14.9M 5s
209400K .......... .......... .......... .......... .......... 86% 32.2M 5s
209450K .......... .......... .......... .......... .......... 86% 22.3M 5s
209500K .......... .......... .......... .......... .......... 86% 2.78M 5s
209550K .......... .......... .......... .......... .......... 86%  707K 5s
209600K .......... .......... .......... .......... .......... 86% 4.67M 5s
209650K .......... .......... .......... .......... .......... 86% 20.0M 5s
209700K .......... .......... .......... .......... .......... 86% 4.48M 5s
209750K .......... .......... .......... .......... .......... 86% 10.1M 5s
209800K .......... .......... .......... .......... .......... 86% 34.4M 5s
209850K .......... .......... .......... .......... .......... 86% 6.47M 5s
209900K .......... .......... .......... .......... .......... 86% 1.04M 5s
209950K .......... .......... .......... .......... .......... 86% 49.9M 5s
210000K .......... .......... .......... .......... .......... 86% 12.5M 5s
210050K .......... .......... .......... .......... .......... 86% 45.0M 5s
210100K .......... .......... .......... .......... .......... 86% 23.8M 5s
210150K .......... .......... .......... .......... .......... 86%  616K 5s
210200K .......... .......... .......... .......... .......... 86% 6.79M 5s
210250K .......... .......... .......... .......... .......... 86% 4.73M 5s
210300K .......... .......... .......... .......... .......... 86% 20.7M 5s
210350K .......... .......... .......... .......... .......... 86% 4.46M 5s
210400K .......... .......... .......... .......... .......... 86% 8.99M 5s
210450K .......... .......... .......... .......... .......... 86% 15.9M 5s
210500K .......... .......... .......... .......... .......... 86%  954K 5s
210550K .......... .......... .......... .......... .......... 86%  186M 4s
210600K .......... .......... .......... .......... .......... 86% 26.2M 4s
210650K .......... .......... .......... .......... .......... 86% 18.1M 4s
210700K .......... .......... .......... .......... .......... 86% 21.7M 4s
210750K .......... .......... .......... .......... .......... 87% 53.2M 4s
210800K .......... .......... .......... .......... .......... 87%  568K 4s
210850K .......... .......... .......... .......... .......... 87% 76.3M 4s
210900K .......... .......... .......... .......... .......... 87% 4.60M 4s
210950K .......... .......... .......... .......... .......... 87% 4.89M 4s
211000K .......... .......... .......... .......... .......... 87% 8.77M 4s
211050K .......... .......... .......... .......... .......... 87% 18.3M 4s
211100K .......... .......... .......... .......... .......... 87% 16.0M 4s
211150K .......... .......... .......... .......... .......... 87%  952K 4s
211200K .......... .......... .......... .......... .......... 87%  112M 4s
211250K .......... .......... .......... .......... .......... 87% 23.8M 4s
211300K .......... .......... .......... .......... .......... 87% 18.2M 4s
211350K .......... .......... .......... .......... .......... 87% 21.3M 4s
211400K .......... .......... .......... .......... .......... 87% 78.5M 4s
211450K .......... .......... .......... .......... .......... 87%  569K 4s
211500K .......... .......... .......... .......... .......... 87% 91.6M 4s
211550K .......... .......... .......... .......... .......... 87% 4.54M 4s
211600K .......... .......... .......... .......... .......... 87% 3.99M 4s
211650K .......... .......... .......... .......... .......... 87% 9.73M 4s
211700K .......... .......... .......... .......... .......... 87% 25.2M 4s
211750K .......... .......... .......... .......... .......... 87% 9.47M 4s
211800K .......... .......... .......... .......... .......... 87% 1010K 4s
211850K .......... .......... .......... .......... .......... 87% 49.1M 4s
211900K .......... .......... .......... .......... .......... 87% 35.5M 4s
211950K .......... .......... .......... .......... .......... 87% 19.6M 4s
212000K .......... .......... .......... .......... .......... 87% 19.3M 4s
212050K .......... .......... .......... .......... .......... 87% 3.01M 4s
212100K .......... .......... .......... .......... .......... 87%  691K 4s
212150K .......... .......... .......... .......... .......... 87% 87.9M 4s
212200K .......... .......... .......... .......... .......... 87% 4.41M 4s
212250K .......... .......... .......... .......... .......... 87% 4.14M 4s
212300K .......... .......... .......... .......... .......... 87% 10.3M 4s
212350K .......... .......... .......... .......... .......... 87% 29.3M 4s
212400K .......... .......... .......... .......... .......... 87% 6.49M 4s
212450K .......... .......... .......... .......... .......... 87% 1.02M 4s
212500K .......... .......... .......... .......... .......... 87% 39.4M 4s
212550K .......... .......... .......... .......... .......... 87% 20.7M 4s
212600K .......... .......... .......... .......... .......... 87% 32.4M 4s
212650K .......... .......... .......... .......... .......... 87% 22.9M 4s
212700K .......... .......... .......... .......... .......... 87% 3.00M 4s
212750K .......... .......... .......... .......... .......... 87%  691K 4s
212800K .......... .......... .......... .......... .......... 87% 4.49M 4s
212850K .......... .......... .......... .......... .......... 87% 37.2M 4s
212900K .......... .......... .......... .......... .......... 87% 4.33M 4s
212950K .......... .......... .......... .......... .......... 87% 9.82M 4s
213000K .......... .......... .......... .......... .......... 87% 25.1M 4s
213050K .......... .......... .......... .......... .......... 87% 7.43M 4s
213100K .......... .......... .......... .......... .......... 87%  850K 4s
213150K .......... .......... .......... .......... .......... 87% 52.9M 4s
213200K .......... .......... .......... .......... .......... 88% 34.2M 4s
213250K .......... .......... .......... .......... .......... 88% 28.5M 4s
213300K .......... .......... .......... .......... .......... 88% 36.1M 4s
213350K .......... .......... .......... .......... .......... 88% 1.41M 4s
213400K .......... .......... .......... .......... .......... 88% 1.08M 4s
213450K .......... .......... .......... .......... .......... 88% 4.52M 4s
213500K .......... .......... .......... .......... .......... 88% 43.6M 4s
213550K .......... .......... .......... .......... .......... 88% 4.34M 4s
213600K .......... .......... .......... .......... .......... 88% 9.37M 4s
213650K .......... .......... .......... .......... .......... 88% 15.4M 4s
213700K .......... .......... .......... .......... .......... 88%  971K 4s
213750K .......... .......... .......... .......... .......... 88% 3.75M 4s
213800K .......... .......... .......... .......... .......... 88% 43.8M 4s
213850K .......... .......... .......... .......... .......... 88% 77.0M 4s
213900K .......... .......... .......... .......... .......... 88% 27.2M 4s
213950K .......... .......... .......... .......... .......... 88% 36.4M 4s
214000K .......... .......... .......... .......... .......... 88%  626K 4s
214050K .......... .......... .......... .......... .......... 88%  184M 4s
214100K .......... .......... .......... .......... .......... 88% 4.57M 4s
214150K .......... .......... .......... .......... .......... 88% 5.11M 4s
214200K .......... .......... .......... .......... .......... 88% 13.3M 4s
214250K .......... .......... .......... .......... .......... 88% 11.8M 4s
214300K .......... .......... .......... .......... .......... 88% 17.2M 4s
214350K .......... .......... .......... .......... .......... 88%  956K 4s
214400K .......... .......... .......... .......... .......... 88% 3.74M 4s
214450K .......... .......... .......... .......... .......... 88% 63.8M 4s
214500K .......... .......... .......... .......... .......... 88% 53.6M 4s
214550K .......... .......... .......... .......... .......... 88% 31.3M 4s
214600K .......... .......... .......... .......... .......... 88% 29.9M 4s
214650K .......... .......... .......... .......... .......... 88%  682K 4s
214700K .......... .......... .......... .......... .......... 88% 7.29M 4s
214750K .......... .......... .......... .......... .......... 88% 4.55M 4s
214800K .......... .......... .......... .......... .......... 88% 5.15M 4s
214850K .......... .......... .......... .......... .......... 88% 9.18M 4s
214900K .......... .......... .......... .......... .......... 88% 15.5M 4s
214950K .......... .......... .......... .......... .......... 88% 14.6M 4s
215000K .......... .......... .......... .......... .......... 88%  795K 4s
215050K .......... .......... .......... .......... .......... 88% 43.2M 4s
215100K .......... .......... .......... .......... .......... 88% 75.8M 4s
215150K .......... .......... .......... .......... .......... 88% 56.9M 4s
215200K .......... .......... .......... .......... .......... 88% 26.7M 4s
215250K .......... .......... .......... .......... .......... 88% 5.92M 4s
215300K .......... .......... .......... .......... .......... 88%  682K 4s
215350K .......... .......... .......... .......... .......... 88%  172M 4s
215400K .......... .......... .......... .......... .......... 88% 4.64M 4s
215450K .......... .......... .......... .......... .......... 88% 5.29M 4s
215500K .......... .......... .......... .......... .......... 88% 13.3M 4s
215550K .......... .......... .......... .......... .......... 88% 11.5M 4s
215600K .......... .......... .......... .......... .......... 89% 7.40M 4s
215650K .......... .......... .......... .......... .......... 89%  815K 4s
215700K .......... .......... .......... .......... .......... 89%  147M 4s
215750K .......... .......... .......... .......... .......... 89% 72.8M 4s
215800K .......... .......... .......... .......... .......... 89% 51.0M 4s
215850K .......... .......... .......... .......... .......... 89% 30.4M 4s
215900K .......... .......... .......... .......... .......... 89% 29.5M 4s
215950K .......... .......... .......... .......... .......... 89%  680K 4s
216000K .......... .......... .......... .......... .......... 89% 7.05M 4s
216050K .......... .......... .......... .......... .......... 89% 4.73M 4s
216100K .......... .......... .......... .......... .......... 89% 5.28M 4s
216150K .......... .......... .......... .......... .......... 89% 8.97M 4s
216200K .......... .......... .......... .......... .......... 89% 15.6M 4s
216250K .......... .......... .......... .......... .......... 89% 14.7M 4s
216300K .......... .......... .......... .......... .......... 89%  789K 4s
216350K .......... .......... .......... .......... .......... 89% 59.3M 4s
216400K .......... .......... .......... .......... .......... 89% 66.4M 4s
216450K .......... .......... .......... .......... .......... 89% 46.1M 4s
216500K .......... .......... .......... .......... .......... 89% 32.6M 4s
216550K .......... .......... .......... .......... .......... 89% 5.93M 4s
216600K .......... .......... .......... .......... .......... 89%  677K 4s
216650K .......... .......... .......... .......... .......... 89% 5.17M 4s
216700K .......... .......... .......... .......... .......... 89% 54.7M 4s
216750K .......... .......... .......... .......... .......... 89% 5.41M 4s
216800K .......... .......... .......... .......... .......... 89% 6.86M 4s
216850K .......... .......... .......... .......... .......... 89% 29.0M 4s
216900K .......... .......... .......... .......... .......... 89% 8.54M 4s
216950K .......... .......... .......... .......... .......... 89%  820K 4s
217000K .......... .......... .......... .......... .......... 89% 56.2M 4s
217050K .......... .......... .......... .......... .......... 89%  109M 4s
217100K .......... .......... .......... .......... .......... 89% 52.9M 4s
217150K .......... .......... .......... .......... .......... 89% 29.1M 4s
217200K .......... .......... .......... .......... .......... 89% 5.81M 4s
217250K .......... .......... .......... .......... .......... 89%  606K 4s
217300K .......... .......... .......... .......... .......... 89% 62.5M 4s
217350K .......... .......... .......... .......... .......... 89% 54.1M 4s
217400K .......... .......... .......... .......... .......... 89% 5.35M 4s
217450K .......... .......... .......... .......... .......... 89% 8.90M 4s
217500K .......... .......... .......... .......... .......... 89% 17.2M 4s
217550K .......... .......... .......... .......... .......... 89% 14.1M 4s
217600K .......... .......... .......... .......... .......... 89%  780K 4s
217650K .......... .......... .......... .......... .......... 89%  129M 4s
217700K .......... .......... .......... .......... .......... 89%  113M 4s
217750K .......... .......... .......... .......... .......... 89% 51.7M 4s
217800K .......... .......... .......... .......... .......... 89% 30.5M 4s
217850K .......... .......... .......... .......... .......... 89% 31.1M 4s
217900K .......... .......... .......... .......... .......... 89%  670K 4s
217950K .......... .......... .......... .......... .......... 89% 3.12M 4s
218000K .......... .......... .......... .......... .......... 89% 48.4M 4s
218050K .......... .......... .......... .......... .......... 90% 5.44M 4s
218100K .......... .......... .......... .......... .......... 90% 7.30M 4s
218150K .......... .......... .......... .......... .......... 90% 30.4M 4s
218200K .......... .......... .......... .......... .......... 90% 14.0M 4s
218250K .......... .......... .......... .......... .......... 90%  785K 4s
218300K .......... .......... .......... .......... .......... 90% 63.6M 4s
218350K .......... .......... .......... .......... .......... 90%  152M 4s
218400K .......... .......... .......... .......... .......... 90% 45.1M 3s
218450K .......... .......... .......... .......... .......... 90% 30.7M 3s
218500K .......... .......... .......... .......... .......... 90% 5.87M 3s
218550K .......... .......... .......... .......... .......... 90%  736K 3s
218600K .......... .......... .......... .......... .......... 90% 3.11M 3s
218650K .......... .......... .......... .......... .......... 90%  104M 3s
218700K .......... .......... .......... .......... .......... 90% 5.38M 3s
218750K .......... .......... .......... .......... .......... 90% 14.0M 3s
218800K .......... .......... .......... .......... .......... 90% 9.61M 3s
218850K .......... .......... .......... .......... .......... 90% 14.3M 3s
218900K .......... .......... .......... .......... .......... 90%  780K 3s
218950K .......... .......... .......... .......... .......... 90%  106M 3s
219000K .......... .......... .......... .......... .......... 90% 20.2M 3s
219050K .......... .......... .......... .......... .......... 90% 47.2M 3s
219100K .......... .......... .......... .......... .......... 90% 83.2M 3s
219150K .......... .......... .......... .......... .......... 90%  116M 3s
219200K .......... .......... .......... .......... .......... 90%  616K 3s
219250K .......... .......... .......... .......... .......... 90% 5.21M 3s
219300K .......... .......... .......... .......... .......... 90%  139M 3s
219350K .......... .......... .......... .......... .......... 90% 5.37M 3s
219400K .......... .......... .......... .......... .......... 90% 14.3M 3s
219450K .......... .......... .......... .......... .......... 90% 11.3M 3s
219500K .......... .......... .......... .......... .......... 90% 21.0M 3s
219550K .......... .......... .......... .......... .......... 90% 4.10M 3s
219600K .......... .......... .......... .......... .......... 90%  916K 3s
219650K .......... .......... .......... .......... .......... 90% 21.2M 3s
219700K .......... .......... .......... .......... .......... 90% 44.3M 3s
219750K .......... .......... .......... .......... .......... 90% 84.7M 3s
219800K .......... .......... .......... .......... .......... 90%  112M 3s
219850K .......... .......... .......... .......... .......... 90% 1.35M 3s
219900K .......... .......... .......... .......... .......... 90%  919K 3s
219950K .......... .......... .......... .......... .......... 90%  169M 3s
220000K .......... .......... .......... .......... .......... 90% 5.32M 3s
220050K .......... .......... .......... .......... .......... 90% 15.0M 3s
220100K .......... .......... .......... .......... .......... 90% 11.4M 3s
220150K .......... .......... .......... .......... .......... 90% 23.3M 3s
220200K .......... .......... .......... .......... .......... 90% 4.02M 3s
220250K .......... .......... .......... .......... .......... 90%  799K 3s
220300K .......... .......... .......... .......... .......... 90%  139M 3s
220350K .......... .......... .......... .......... .......... 90% 33.3M 3s
220400K .......... .......... .......... .......... .......... 90% 53.7M 3s
220450K .......... .......... .......... .......... .......... 91% 58.6M 3s
220500K .......... .......... .......... .......... .......... 91% 1.68M 3s
220550K .......... .......... .......... .......... .......... 91%  915K 3s
220600K .......... .......... .......... .......... .......... 91% 25.5M 3s
220650K .......... .......... .......... .......... .......... 91%  123M 3s
220700K .......... .......... .......... .......... .......... 91% 6.81M 3s
220750K .......... .......... .......... .......... .......... 91% 7.25M 3s
220800K .......... .......... .......... .......... .......... 91% 19.1M 3s
220850K .......... .......... .......... .......... .......... 91% 9.23M 3s
220900K .......... .......... .......... .......... .......... 91%  719K 3s
220950K .......... .......... .......... .......... .......... 91%  138M 3s
221000K .......... .......... .......... .......... .......... 91% 35.6M 3s
221050K .......... .......... .......... .......... .......... 91%  103M 3s
221100K .......... .......... .......... .......... .......... 91% 43.1M 3s
221150K .......... .......... .......... .......... .......... 91% 37.8M 3s
221200K .......... .......... .......... .......... .......... 91%  676K 3s
221250K .......... .......... .......... .......... .......... 91% 4.95M 3s
221300K .......... .......... .......... .......... .......... 91% 45.4M 3s
221350K .......... .......... .......... .......... .......... 91% 6.83M 3s
221400K .......... .......... .......... .......... .......... 91% 9.82M 3s
221450K .......... .......... .......... .......... .......... 91% 14.4M 3s
221500K .......... .......... .......... .......... .......... 91% 22.6M 3s
221550K .......... .......... .......... .......... .......... 91%  682K 3s
221600K .......... .......... .......... .......... .......... 91% 63.7M 3s
221650K .......... .......... .......... .......... .......... 91% 61.9M 3s
221700K .......... .......... .......... .......... .......... 91% 50.9M 3s
221750K .......... .......... .......... .......... .......... 91% 64.9M 3s
221800K .......... .......... .......... .......... .......... 91% 31.9M 3s
221850K .......... .......... .......... .......... .......... 91% 1.71M 3s
221900K .......... .......... .......... .......... .......... 91%  914K 3s
221950K .......... .......... .......... .......... .......... 91% 28.0M 3s
222000K .......... .......... .......... .......... .......... 91% 6.89M 3s
222050K .......... .......... .......... .......... .......... 91% 15.3M 3s
222100K .......... .......... .......... .......... .......... 91% 10.7M 3s
222150K .......... .......... .......... .......... .......... 91% 21.8M 3s
222200K .......... .......... .......... .......... .......... 91%  871K 3s
222250K .......... .......... .......... .......... .......... 91% 2.84M 3s
222300K .......... .......... .......... .......... .......... 91%  117M 3s
222350K .......... .......... .......... .......... .......... 91% 43.3M 3s
222400K .......... .......... .......... .......... .......... 91% 54.5M 3s
222450K .......... .......... .......... .......... .......... 91% 56.9M 3s
222500K .......... .......... .......... .......... .......... 91% 37.6M 3s
222550K .......... .......... .......... .......... .......... 91%  676K 3s
222600K .......... .......... .......... .......... .......... 91% 4.95M 3s
222650K .......... .......... .......... .......... .......... 91% 36.7M 3s
222700K .......... .......... .......... .......... .......... 91% 7.30M 3s
222750K .......... .......... .......... .......... .......... 91% 9.35M 3s
222800K .......... .......... .......... .......... .......... 91% 14.7M 3s
222850K .......... .......... .......... .......... .......... 91% 14.4M 3s
222900K .......... .......... .......... .......... .......... 92%  691K 3s
222950K .......... .......... .......... .......... .......... 92%  146M 3s
223000K .......... .......... .......... .......... .......... 92% 66.1M 3s
223050K .......... .......... .......... .......... .......... 92% 56.6M 3s
223100K .......... .......... .......... .......... .......... 92% 71.6M 3s
223150K .......... .......... .......... .......... .......... 92% 55.3M 3s
223200K .......... .......... .......... .......... .......... 92% 1.63M 3s
223250K .......... .......... .......... .......... .......... 92%  920K 3s
223300K .......... .......... .......... .......... .......... 92% 27.2M 3s
223350K .......... .......... .......... .......... .......... 92% 84.2M 3s
223400K .......... .......... .......... .......... .......... 92% 7.06M 3s
223450K .......... .......... .......... .......... .......... 92% 7.50M 3s
223500K .......... .......... .......... .......... .......... 92% 25.6M 3s
223550K .......... .......... .......... .......... .......... 92% 8.59M 3s
223600K .......... .......... .......... .......... .......... 92%  713K 3s
223650K .......... .......... .......... .......... .......... 92%  187M 3s
223700K .......... .......... .......... .......... .......... 92% 61.0M 3s
223750K .......... .......... .......... .......... .......... 92% 78.0M 3s
223800K .......... .......... .......... .......... .......... 92% 49.9M 3s
223850K .......... .......... .......... .......... .......... 92% 37.1M 3s
223900K .......... .......... .......... .......... .......... 92%  728K 3s
223950K .......... .......... .......... .......... .......... 92% 2.42M 3s
224000K .......... .......... .......... .......... .......... 92% 43.7M 3s
224050K .......... .......... .......... .......... .......... 92% 23.6M 3s
224100K .......... .......... .......... .......... .......... 92% 9.26M 3s
224150K .......... .......... .......... .......... .......... 92% 20.4M 3s
224200K .......... .......... .......... .......... .......... 92% 15.4M 3s
224250K .......... .......... .......... .......... .......... 92%  944K 3s
224300K .......... .......... .......... .......... .......... 92% 2.31M 3s
224350K .......... .......... .......... .......... .......... 92%  119M 3s
224400K .......... .......... .......... .......... .......... 92% 64.0M 3s
224450K .......... .......... .......... .......... .......... 92% 67.8M 3s
224500K .......... .......... .......... .......... .......... 92% 53.4M 3s
224550K .......... .......... .......... .......... .......... 92% 37.7M 3s
224600K .......... .......... .......... .......... .......... 92%  729K 3s
224650K .......... .......... .......... .......... .......... 92% 2.39M 3s
224700K .......... .......... .......... .......... .......... 92% 69.7M 3s
224750K .......... .......... .......... .......... .......... 92% 24.2M 3s
224800K .......... .......... .......... .......... .......... 92% 7.41M 3s
224850K .......... .......... .......... .......... .......... 92% 25.0M 3s
224900K .......... .......... .......... .......... .......... 92% 18.8M 3s
224950K .......... .......... .......... .......... .......... 92%  877K 3s
225000K .......... .......... .......... .......... .......... 92% 2.83M 3s
225050K .......... .......... .......... .......... .......... 92%  126M 3s
225100K .......... .......... .......... .......... .......... 92%  120M 3s
225150K .......... .......... .......... .......... .......... 92% 76.5M 3s
225200K .......... .......... .......... .......... .......... 92% 41.3M 3s
225250K .......... .......... .......... .......... .......... 92% 39.3M 3s
225300K .......... .......... .......... .......... .......... 93%  639K 3s
225350K .......... .......... .......... .......... .......... 93% 4.47M 3s
225400K .......... .......... .......... .......... .......... 93% 81.0M 3s
225450K .......... .......... .......... .......... .......... 93% 24.1M 3s
225500K .......... .......... .......... .......... .......... 93% 9.16M 3s
225550K .......... .......... .......... .......... .......... 93% 21.1M 3s
225600K .......... .......... .......... .......... .......... 93% 11.9M 3s
225650K .......... .......... .......... .......... .......... 93%  679K 3s
225700K .......... .......... .......... .......... .......... 93%  139M 2s
225750K .......... .......... .......... .......... .......... 93%  167M 2s
225800K .......... .......... .......... .......... .......... 93%  116M 2s
225850K .......... .......... .......... .......... .......... 93%  117M 2s
225900K .......... .......... .......... .......... .......... 93% 57.6M 2s
225950K .......... .......... .......... .......... .......... 93% 38.7M 2s
226000K .......... .......... .......... .......... .......... 93%  636K 2s
226050K .......... .......... .......... .......... .......... 93% 4.50M 2s
226100K .......... .......... .......... .......... .......... 93%  101M 2s
226150K .......... .......... .......... .......... .......... 93% 25.1M 2s
226200K .......... .......... .......... .......... .......... 93% 8.99M 2s
226250K .......... .......... .......... .......... .......... 93% 22.6M 2s
226300K .......... .......... .......... .......... .......... 93% 15.0M 2s
226350K .......... .......... .......... .......... .......... 93%  933K 2s
226400K .......... .......... .......... .......... .......... 93% 2.27M 2s
226450K .......... .......... .......... .......... .......... 93%  162M 2s
226500K .......... .......... .......... .......... .......... 93%  117M 2s
226550K .......... .......... .......... .......... .......... 93%  117M 2s
226600K .......... .......... .......... .......... .......... 93% 87.7M 2s
226650K .......... .......... .......... .......... .......... 93% 35.1M 2s
226700K .......... .......... .......... .......... .......... 93% 1.65M 2s
226750K .......... .......... .......... .......... .......... 93%  836K 2s
226800K .......... .......... .......... .......... .......... 93%  108M 2s
226850K .......... .......... .......... .......... .......... 93% 25.8M 2s
226900K .......... .......... .......... .......... .......... 93% 15.4M 2s
226950K .......... .......... .......... .......... .......... 93% 11.9M 2s
227000K .......... .......... .......... .......... .......... 93% 22.0M 2s
227050K .......... .......... .......... .......... .......... 93% 3.90M 2s
227100K .......... .......... .......... .......... .......... 93%  780K 2s
227150K .......... .......... .......... .......... .......... 93%  103M 2s
227200K .......... .......... .......... .......... .......... 93% 96.1M 2s
227250K .......... .......... .......... .......... .......... 93%  270K 2s
227300K .......... .......... .......... .......... .......... 93%  601M 2s
227350K .......... .......... .......... .......... .......... 93% 1.05G 2s
227400K .......... .......... .......... .......... .......... 93%  753M 2s
227450K .......... .......... .......... .......... .......... 93%  771M 2s
227500K .......... .......... .......... .......... .......... 93% 1.20G 2s
227550K .......... .......... .......... .......... .......... 93% 1.23G 2s
227600K .......... .......... .......... .......... .......... 93% 1009M 2s
227650K .......... .......... .......... .......... .......... 93% 1.03G 2s
227700K .......... .......... .......... .......... .......... 94% 1.02G 2s
227750K .......... .......... .......... .......... .......... 94% 1.13G 2s
227800K .......... .......... .......... .......... .......... 94%  916M 2s
227850K .......... .......... .......... .......... .......... 94% 1.16G 2s
227900K .......... .......... .......... .......... .......... 94% 1.15G 2s
227950K .......... .......... .......... .......... .......... 94%  643K 2s
228000K .......... .......... .......... .......... .......... 94% 4.70M 2s
228050K .......... .......... .......... .......... .......... 94% 58.9M 2s
228100K .......... .......... .......... .......... .......... 94% 25.8M 2s
228150K .......... .......... .......... .......... .......... 94% 7.84M 2s
228200K .......... .......... .......... .......... .......... 94% 30.0M 2s
228250K .......... .......... .......... .......... .......... 94% 13.8M 2s
228300K .......... .......... .......... .......... .......... 94%  881K 2s
228350K .......... .......... .......... .......... .......... 94% 2.25M 2s
228400K .......... .......... .......... .......... .......... 94% 33.2M 2s
228450K .......... .......... .......... .......... .......... 94%  611K 2s
228500K .......... .......... .......... .......... .......... 94% 9.69M 2s
228550K .......... .......... .......... .......... .......... 94% 60.2M 2s
228600K .......... .......... .......... .......... .......... 94% 29.5M 2s
228650K .......... .......... .......... .......... .......... 94% 9.53M 2s
228700K .......... .......... .......... .......... .......... 94% 23.6M 2s
228750K .......... .......... .......... .......... .......... 94% 14.1M 2s
228800K .......... .......... .......... .......... .......... 94%  628K 2s
228850K .......... .......... .......... .......... .......... 94% 23.0M 2s
228900K .......... .......... .......... .......... .......... 94% 14.3M 2s
228950K .......... .......... .......... .......... .......... 94%  794K 2s
229000K .......... .......... .......... .......... .......... 94% 2.47M 2s
229050K .......... .......... .......... .......... .......... 94% 88.7M 2s
229100K .......... .......... .......... .......... .......... 94% 97.4M 2s
229150K .......... .......... .......... .......... .......... 94% 11.7M 2s
229200K .......... .......... .......... .......... .......... 94% 11.2M 2s
229250K .......... .......... .......... .......... .......... 94% 25.0M 2s
229300K .......... .......... .......... .......... .......... 94% 3.85M 2s
229350K .......... .......... .......... .......... .......... 94%  717K 2s
229400K .......... .......... .......... .......... .......... 94% 21.6M 2s
229450K .......... .......... .......... .......... .......... 94% 22.3M 2s
229500K .......... .......... .......... .......... .......... 94%  690K 2s
229550K .......... .......... .......... .......... .......... 94% 4.73M 2s
229600K .......... .......... .......... .......... .......... 94% 62.4M 2s
229650K .......... .......... .......... .......... .......... 94% 31.9M 2s
229700K .......... .......... .......... .......... .......... 94% 9.83M 2s
229750K .......... .......... .......... .......... .......... 94% 23.6M 2s
229800K .......... .......... .......... .......... .......... 94% 25.5M 2s
229850K .......... .......... .......... .......... .......... 94%  892K 2s
229900K .......... .......... .......... .......... .......... 94% 1.87M 2s
229950K .......... .......... .......... .......... .......... 94% 19.5M 2s
230000K .......... .......... .......... .......... .......... 94% 1.89M 2s
230050K .......... .......... .......... .......... .......... 94%  922K 2s
230100K .......... .......... .......... .......... .......... 94% 9.23M 2s
230150K .......... .......... .......... .......... .......... 95%  108M 2s
230200K .......... .......... .......... .......... .......... 95% 36.4M 2s
230250K .......... .......... .......... .......... .......... 95% 15.6M 2s
230300K .......... .......... .......... .......... .......... 95% 13.2M 2s
230350K .......... .......... .......... .......... .......... 95% 31.0M 2s
230400K .......... .......... .......... .......... .......... 95%  877K 2s
230450K .......... .......... .......... .......... .......... 95% 1.88M 2s
230500K .......... .......... .......... .......... .......... 95% 20.7M 2s
230550K .......... .......... .......... .......... .......... 95% 24.1M 2s
230600K .......... .......... .......... .......... .......... 95%  783K 2s
230650K .......... .......... .......... .......... .......... 95% 1.97M 2s
230700K .......... .......... .......... .......... .......... 95% 27.4M 2s
230750K .......... .......... .......... .......... .......... 95% 62.3M 2s
230800K .......... .......... .......... .......... .......... 95% 65.0M 2s
230850K .......... .......... .......... .......... .......... 95%  117M 2s
230900K .......... .......... .......... .......... .......... 95% 46.9M 2s
230950K .......... .......... .......... .......... .......... 95% 18.1M 2s
231000K .......... .......... .......... .......... .......... 95%  912K 2s
231050K .......... .......... .......... .......... .......... 95% 1.87M 2s
231100K .......... .......... .......... .......... .......... 95% 14.8M 2s
231150K .......... .......... .......... .......... .......... 95% 53.8M 2s
231200K .......... .......... .......... .......... .......... 95%  566K 2s
231250K .......... .......... .......... .......... .......... 95% 29.5M 2s
231300K .......... .......... .......... .......... .......... 95% 71.8M 2s
231350K .......... .......... .......... .......... .......... 95% 71.4M 2s
231400K .......... .......... .......... .......... .......... 95%  104M 2s
231450K .......... .......... .......... .......... .......... 95%  106M 2s
231500K .......... .......... .......... .......... .......... 95% 46.6M 2s
231550K .......... .......... .......... .......... .......... 95% 18.8M 2s
231600K .......... .......... .......... .......... .......... 95%  852K 2s
231650K .......... .......... .......... .......... .......... 95% 2.13M 2s
231700K .......... .......... .......... .......... .......... 95% 16.6M 2s
231750K .......... .......... .......... .......... .......... 95% 1.78M 2s
231800K .......... .......... .......... .......... .......... 95%  782K 2s
231850K .......... .......... .......... .......... .......... 95%  173M 2s
231900K .......... .......... .......... .......... .......... 95%  110M 2s
231950K .......... .......... .......... .......... .......... 95%  117M 2s
232000K .......... .......... .......... .......... .......... 95% 89.1M 2s
232050K .......... .......... .......... .......... .......... 95%  117M 2s
232100K .......... .......... .......... .......... .......... 95%  117M 2s
232150K .......... .......... .......... .......... .......... 95% 14.8M 2s
232200K .......... .......... .......... .......... .......... 95%  884K 2s
232250K .......... .......... .......... .......... .......... 95% 2.03M 2s
232300K .......... .......... .......... .......... .......... 95% 18.0M 2s
232350K .......... .......... .......... .......... .......... 95% 1.96M 2s
232400K .......... .......... .......... .......... .......... 95%  745K 2s
232450K .......... .......... .......... .......... .......... 95%  175M 2s
232500K .......... .......... .......... .......... .......... 95%  153M 2s
232550K .......... .......... .......... .......... .......... 96%  117M 2s
232600K .......... .......... .......... .......... .......... 96%  106M 1s
232650K .......... .......... .......... .......... .......... 96%  117M 1s
232700K .......... .......... .......... .......... .......... 96%  113M 1s
232750K .......... .......... .......... .......... .......... 96% 23.7M 1s
232800K .......... .......... .......... .......... .......... 96%  887K 1s
232850K .......... .......... .......... .......... .......... 96% 1.91M 1s
232900K .......... .......... .......... .......... .......... 96% 19.9M 1s
232950K .......... .......... .......... .......... .......... 96% 52.1M 1s
233000K .......... .......... .......... .......... .......... 96%  564K 1s
233050K .......... .......... .......... .......... .......... 96% 17.2M 1s
233100K .......... .......... .......... .......... .......... 96%  140M 1s
233150K .......... .......... .......... .......... .......... 96%  121M 1s
233200K .......... .......... .......... .......... .......... 96% 89.1M 1s
233250K .......... .......... .......... .......... .......... 96%  117M 1s
233300K .......... .......... .......... .......... .......... 96%  117M 1s
233350K .......... .......... .......... .......... .......... 96%  117M 1s
233400K .......... .......... .......... .......... .......... 96% 3.82M 1s
233450K .......... .......... .......... .......... .......... 96%  706K 1s
233500K .......... .......... .......... .......... .......... 96% 61.6M 1s
233550K .......... .......... .......... .......... .......... 96% 25.6M 1s
233600K .......... .......... .......... .......... .......... 96% 1.49M 1s
233650K .......... .......... .......... .......... .......... 96%  845K 1s
233700K .......... .......... .......... .......... .......... 96%  130M 1s
233750K .......... .......... .......... .......... .......... 96% 99.0M 1s
233800K .......... .......... .......... .......... .......... 96%  114M 1s
233850K .......... .......... .......... .......... .......... 96%  117M 1s
233900K .......... .......... .......... .......... .......... 96%  117M 1s
233950K .......... .......... .......... .......... .......... 96%  117M 1s
234000K .......... .......... .......... .......... .......... 96% 17.7M 1s
234050K .......... .......... .......... .......... .......... 96%  901K 1s
234100K .......... .......... .......... .......... .......... 96% 1.35M 1s
234150K .......... .......... .......... .......... .......... 96% 25.3M 1s
234200K .......... .......... .......... .......... .......... 96% 87.0M 1s
234250K .......... .......... .......... .......... .......... 96%  895K 1s
234300K .......... .......... .......... .......... .......... 96% 1.90M 1s
234350K .......... .......... .......... .......... .......... 96%  104M 1s
234400K .......... .......... .......... .......... .......... 96% 97.4M 1s
234450K .......... .......... .......... .......... .......... 96%  117M 1s
234500K .......... .......... .......... .......... .......... 96%  117M 1s
234550K .......... .......... .......... .......... .......... 96%  117M 1s
234600K .......... .......... .......... .......... .......... 96%  115M 1s
234650K .......... .......... .......... .......... .......... 96% 19.7M 1s
234700K .......... .......... .......... .......... .......... 96%  896K 1s
234750K .......... .......... .......... .......... .......... 96% 1.35M 1s
234800K .......... .......... .......... .......... .......... 96% 21.1M 1s
234850K .......... .......... .......... .......... .......... 96% 3.35M 1s
234900K .......... .......... .......... .......... .......... 96% 1.18M 1s
234950K .......... .......... .......... .......... .......... 96% 1.89M 1s
235000K .......... .......... .......... .......... .......... 97%  117M 1s
235050K .......... .......... .......... .......... .......... 97%  108M 1s
235100K .......... .......... .......... .......... .......... 97% 96.5M 1s
235150K .......... .......... .......... .......... .......... 97% 60.6M 1s
235200K .......... .......... .......... .......... .......... 97% 88.9M 1s
235250K .......... .......... .......... .......... .......... 97%  117M 1s
235300K .......... .......... .......... .......... .......... 97% 26.9M 1s
235350K .......... .......... .......... .......... .......... 97%  896K 1s
235400K .......... .......... .......... .......... .......... 97% 1.34M 1s
235450K .......... .......... .......... .......... .......... 97% 35.7M 1s
235500K .......... .......... .......... .......... .......... 97% 36.9M 1s
235550K .......... .......... .......... .......... .......... 97% 2.26M 1s
235600K .......... .......... .......... .......... .......... 97%  841K 1s
235650K .......... .......... .......... .......... .......... 97%  113M 1s
235700K .......... .......... .......... .......... .......... 97%  104M 1s
235750K .......... .......... .......... .......... .......... 97%  113M 1s
235800K .......... .......... .......... .......... .......... 97% 56.5M 1s
235850K .......... .......... .......... .......... .......... 97%  117M 1s
235900K .......... .......... .......... .......... .......... 97%  114M 1s
235950K .......... .......... .......... .......... .......... 97% 28.1M 1s
236000K .......... .......... .......... .......... .......... 97%  889K 1s
236050K .......... .......... .......... .......... .......... 97% 1.35M 1s
236100K .......... .......... .......... .......... .......... 97% 39.9M 1s
236150K .......... .......... .......... .......... .......... 97% 47.2M 1s
236200K .......... .......... .......... .......... .......... 97% 2.24M 1s
236250K .......... .......... .......... .......... .......... 97%  838K 1s
236300K .......... .......... .......... .......... .......... 97% 93.9M 1s
236350K .......... .......... .......... .......... .......... 97%  103M 1s
236400K .......... .......... .......... .......... .......... 97% 88.8M 1s
236450K .......... .......... .......... .......... .......... 97%  117M 1s
236500K .......... .......... .......... .......... .......... 97%  109M 1s
236550K .......... .......... .......... .......... .......... 97%  114M 1s
236600K .......... .......... .......... .......... .......... 97% 30.1M 1s
236650K .......... .......... .......... .......... .......... 97%  901K 1s
236700K .......... .......... .......... .......... .......... 97% 12.9M 1s
236750K .......... .......... .......... .......... .......... 97% 1.43M 1s
236800K .......... .......... .......... .......... .......... 97% 39.1M 1s
236850K .......... .......... .......... .......... .......... 97% 2.56M 1s
236900K .......... .......... .......... .......... .......... 97%  805K 1s
236950K .......... .......... .......... .......... .......... 97% 46.5M 1s
237000K .......... .......... .......... .......... .......... 97%  102M 1s
237050K .......... .......... .......... .......... .......... 97%  117M 1s
237100K .......... .......... .......... .......... .......... 97% 95.9M 1s
237150K .......... .......... .......... .......... .......... 97%  117M 1s
237200K .......... .......... .......... .......... .......... 97% 87.1M 1s
237250K .......... .......... .......... .......... .......... 97%  117M 1s
237300K .......... .......... .......... .......... .......... 97% 4.14M 1s
237350K .......... .......... .......... .......... .......... 97% 1.06M 1s
237400K .......... .......... .......... .......... .......... 98% 1.34M 1s
237450K .......... .......... .......... .......... .......... 98% 43.3M 1s
237500K .......... .......... .......... .......... .......... 98% 46.1M 1s
237550K .......... .......... .......... .......... .......... 98%  892K 1s
237600K .......... .......... .......... .......... .......... 98% 1.35M 1s
237650K .......... .......... .......... .......... .......... 98% 27.8M 1s
237700K .......... .......... .......... .......... .......... 98% 23.8M 1s
237750K .......... .......... .......... .......... .......... 98%  117M 1s
237800K .......... .......... .......... .......... .......... 98% 91.9M 1s
237850K .......... .......... .......... .......... .......... 98%  119M 1s
237900K .......... .......... .......... .......... .......... 98% 50.1M 1s
237950K .......... .......... .......... .......... .......... 98%  114M 1s
238000K .......... .......... .......... .......... .......... 98% 1.15M 1s
238050K .......... .......... .......... .......... .......... 98% 1.32M 1s
238100K .......... .......... .......... .......... .......... 98% 70.6M 1s
238150K .......... .......... .......... .......... .......... 98% 57.4M 1s
238200K .......... .......... .......... .......... .......... 98% 2.57M 1s
238250K .......... .......... .......... .......... .......... 98%  679K 1s
238300K .......... .......... .......... .......... .......... 98% 79.7M 1s
238350K .......... .......... .......... .......... .......... 98% 18.2M 1s
238400K .......... .......... .......... .......... .......... 98% 39.5M 1s
238450K .......... .......... .......... .......... .......... 98%  117M 1s
238500K .......... .......... .......... .......... .......... 98% 97.4M 1s
238550K .......... .......... .......... .......... .......... 98% 89.4M 1s
238600K .......... .......... .......... .......... .......... 98% 58.1M 1s
238650K .......... .......... .......... .......... .......... 98% 50.6M 1s
238700K .......... .......... .......... .......... .......... 98% 1.13M 1s
238750K .......... .......... .......... .......... .......... 98% 1.35M 1s
238800K .......... .......... .......... .......... .......... 98% 70.3M 1s
238850K .......... .......... .......... .......... .......... 98% 43.1M 1s
238900K .......... .......... .......... .......... .......... 98%  878K 1s
238950K .......... .......... .......... .......... .......... 98% 1.38M 1s
239000K .......... .......... .......... .......... .......... 98% 39.9M 1s
239050K .......... .......... .......... .......... .......... 98% 25.4M 1s
239100K .......... .......... .......... .......... .......... 98% 42.3M 0s
239150K .......... .......... .......... .......... .......... 98%  115M 0s
239200K .......... .......... .......... .......... .......... 98% 71.0M 0s
239250K .......... .......... .......... .......... .......... 98%  102M 0s
239300K .......... .......... .......... .......... .......... 98% 58.2M 0s
239350K .......... .......... .......... .......... .......... 98% 48.2M 0s
239400K .......... .......... .......... .......... .......... 98% 1.13M 0s
239450K .......... .......... .......... .......... .......... 98% 1.35M 0s
239500K .......... .......... .......... .......... .......... 98% 33.1M 0s
239550K .......... .......... .......... .......... .......... 98%  132M 0s
239600K .......... .......... .......... .......... .......... 98%  880K 0s
239650K .......... .......... .......... .......... .......... 98% 1.21M 0s
239700K .......... .......... .......... .......... .......... 98% 33.7M 0s
239750K .......... .......... .......... .......... .......... 98% 15.5M 0s
239800K .......... .......... .......... .......... .......... 98% 18.7M 0s
239850K .......... .......... .......... .......... .......... 99% 18.0M 0s
239900K .......... .......... .......... .......... .......... 99% 17.8M 0s
239950K .......... .......... .......... .......... .......... 99% 43.6M 0s
240000K .......... .......... .......... .......... .......... 99% 20.0M 0s
240050K .......... .......... .......... .......... .......... 99% 19.5M 0s
240100K .......... .......... .......... .......... .......... 99% 1.74M 0s
240150K .......... .......... .......... .......... .......... 99% 1.38M 0s
240200K .......... .......... .......... .......... .......... 99% 34.2M 0s
240250K .......... .......... .......... .......... .......... 99% 59.0M 0s
240300K .......... .......... .......... .......... .......... 99%  885K 0s
240350K .......... .......... .......... .......... .......... 99% 1.32M 0s
240400K .......... .......... .......... .......... .......... 99% 8.49M 0s
240450K .......... .......... .......... .......... .......... 99% 18.0M 0s
240500K .......... .......... .......... .......... .......... 99% 23.4M 0s
240550K .......... .......... .......... .......... .......... 99% 18.2M 0s
240600K .......... .......... .......... .......... .......... 99% 17.9M 0s
240650K .......... .......... .......... .......... .......... 99% 31.9M 0s
240700K .......... .......... .......... .......... .......... 99% 25.8M 0s
240750K .......... .......... .......... .......... .......... 99% 26.4M 0s
240800K .......... .......... .......... .......... .......... 99% 1.59M 0s
240850K .......... .......... .......... .......... .......... 99% 1.45M 0s
240900K .......... .......... .......... .......... .......... 99% 40.1M 0s
240950K .......... .......... .......... .......... .......... 99% 3.48M 0s
241000K .......... .......... .......... .......... .......... 99% 1.12M 0s
241050K .......... .......... .......... .......... .......... 99% 1.22M 0s
241100K .......... .......... .......... .......... .......... 99% 40.3M 0s
241150K .......... .......... .......... .......... .......... 99% 15.8M 0s
241200K .......... .......... .......... .......... .......... 99% 17.3M 0s
241250K .......... .......... .......... .......... .......... 99% 18.5M 0s
241300K .......... .......... .......... .......... .......... 99% 17.9M 0s
241350K .......... .......... .......... .......... .......... 99% 31.6M 0s
241400K .......... .......... .......... .......... .......... 99% 26.3M 0s
241450K .......... .......... .......... .......... .......... 99% 20.3M 0s
241500K .......... .......... .......... .......... .......... 99% 1.77M 0s
241550K .......... .......... .......... .......... .......... 99% 1.17M 0s
241600K .......... .......... .......... .......... .......... 99% 5.77M 0s
241650K .......... .......... .......... .......... .......... 99% 9.28M 0s
241700K .......... .......... .......... .......... .......... 99% 1.21M 0s
241750K .......... .......... .......... .......... .......... 99% 1.25M 0s
241800K .......... .......... .......... .......... .......... 99% 36.6M 0s
241850K .......... .......... .......... .......... .......... 99% 16.0M 0s
241900K .......... .......... .......... .......... .......... 99% 24.6M 0s
241950K .......... .......... .......... .......... .......... 99% 26.1M 0s
242000K .......... .......... .......... .......... .......... 99% 11.4M 0s
242050K .......... .......... .......... .......... .......... 99% 30.7M 0s
242100K .......... .......... .......... .......... .......... 99% 26.4M 0s
242150K .......... .......... .......... .......... .......... 99% 26.6M 0s
242200K .......... .......... .......... .......... .......... 99% 1.73M 0s
242250K .......... .......... .......... .....                100%  843K=39s

2025-11-22 02:15:28 (6.10 MB/s) - ‘tiny-imagenet-200.zip’ saved [248100043/248100043]

WARNING: tensorflow 2.15.1 does not provide the extra 'and-gpu'
2025-11-22 02:16:30.647610: I tensorflow/core/util/port.cc:113] oneDNN custom operations are on. You may see slightly different numerical results due to floating-point round-off errors from different computation orders. To turn them off, set the environment variable `TF_ENABLE_ONEDNN_OPTS=0`.
2025-11-22 02:16:30.679206: E external/local_xla/xla/stream_executor/cuda/cuda_dnn.cc:9261] Unable to register cuDNN factory: Attempting to register factory for plugin cuDNN when one has already been registered
2025-11-22 02:16:30.679234: E external/local_xla/xla/stream_executor/cuda/cuda_fft.cc:607] Unable to register cuFFT factory: Attempting to register factory for plugin cuFFT when one has already been registered
2025-11-22 02:16:30.680033: E external/local_xla/xla/stream_executor/cuda/cuda_blas.cc:1515] Unable to register cuBLAS factory: Attempting to register factory for plugin cuBLAS when one has already been registered
2025-11-22 02:16:30.684445: I tensorflow/core/platform/cpu_feature_guard.cc:182] This TensorFlow binary is optimized to use available CPU instructions in performance-critical operations.
To enable the following instructions: AVX2 AVX_VNNI FMA, in other operations, rebuild TensorFlow with the appropriate compiler flags.
2025-11-22 02:16:31.233229: W tensorflow/compiler/tf2tensorrt/utils/py_utils.cc:38] TF-TRT Warning: Could not find TensorRT
2025-11-22 02:16:31.810560: I external/local_xla/xla/stream_executor/cuda/cuda_executor.cc:901] successful NUMA node read from SysFS had negative value (-1), but there must be at least one NUMA node, so returning NUMA node zero. See more at https://github.com/torvalds/linux/blob/v6.0/Documentation/ABI/testing/sysfs-bus-pci#L344-L355
2025-11-22 02:16:31.833109: I external/local_xla/xla/stream_executor/cuda/cuda_executor.cc:901] successful NUMA node read from SysFS had negative value (-1), but there must be at least one NUMA node, so returning NUMA node zero. See more at https://github.com/torvalds/linux/blob/v6.0/Documentation/ABI/testing/sysfs-bus-pci#L344-L355
2025-11-22 02:16:31.833284: I external/local_xla/xla/stream_executor/cuda/cuda_executor.cc:901] successful NUMA node read from SysFS had negative value (-1), but there must be at least one NUMA node, so returning NUMA node zero. See more at https://github.com/torvalds/linux/blob/v6.0/Documentation/ABI/testing/sysfs-bus-pci#L344-L355
+ scontrol show hostnames poti3
+ echo 'All nodes finished setup.'
+ TO_RUN=train-sync.py
+ '[' sync == ctl ']'
+ env
++ pwd
+ HOME=/home/users/rrdmatos/perf/tensorflow
+ srun '--export=ALL,SCRATCH=/scratch/rrdmatos,TO_RUN=train-sync.py,HOME=/home/users/rrdmatos/perf/tensorflow,LIST="poti3:29500"' bash -c '

cd $SCRATCH
source venv/bin/activate

TF_CONFIG=$(cat <<EOF
{
    "cluster": {
        "worker": [$LIST]
    },
    "task": {
        "type": "worker",
        "index": ${SLURM_PROCID}
    }
}
EOF
)
export TF_CONFIG

env

echo "Host: $(hostname) | Rank (PROCID): ${SLURM_PROCID} | TF_CONFIG: ${TF_CONFIG}"

echo "$TO_RUN,$PY_MODEL\n"
python $TO_RUN --model $PY_MODEL --batch $PY_BATCH_SIZE

LOGS_DIR="$HOME/logs/${TO_RUN}_${SLURM_JOB_ID}/${SLURM_PROCID}/"

mkdir -p $LOGS_DIR
cp $SCRATCH/*logs*/ $LOGS_DIR -r
'
2025-11-22 02:16:32.426988: I tensorflow/core/util/port.cc:113] oneDNN custom operations are on. You may see slightly different numerical results due to floating-point round-off errors from different computation orders. To turn them off, set the environment variable `TF_ENABLE_ONEDNN_OPTS=0`.
2025-11-22 02:16:32.445951: E external/local_xla/xla/stream_executor/cuda/cuda_dnn.cc:9261] Unable to register cuDNN factory: Attempting to register factory for plugin cuDNN when one has already been registered
2025-11-22 02:16:32.445972: E external/local_xla/xla/stream_executor/cuda/cuda_fft.cc:607] Unable to register cuFFT factory: Attempting to register factory for plugin cuFFT when one has already been registered
2025-11-22 02:16:32.446503: E external/local_xla/xla/stream_executor/cuda/cuda_blas.cc:1515] Unable to register cuBLAS factory: Attempting to register factory for plugin cuBLAS when one has already been registered
2025-11-22 02:16:32.449538: I tensorflow/core/platform/cpu_feature_guard.cc:182] This TensorFlow binary is optimized to use available CPU instructions in performance-critical operations.
To enable the following instructions: AVX2 AVX_VNNI FMA, in other operations, rebuild TensorFlow with the appropriate compiler flags.
2025-11-22 02:16:32.775917: W tensorflow/compiler/tf2tensorrt/utils/py_utils.cc:38] TF-TRT Warning: Could not find TensorRT
2025-11-22 02:16:33.106891: I external/local_tsl/tsl/profiler/lib/profiler_session.cc:104] Profiler session initializing.
2025-11-22 02:16:33.106905: I external/local_tsl/tsl/profiler/lib/profiler_session.cc:119] Profiler session started.
2025-11-22 02:16:33.118165: I external/local_xla/xla/backends/profiler/gpu/cupti_tracer.cc:1883] Profiler found 1 GPUs
2025-11-22 02:16:33.118291: E external/local_xla/xla/backends/profiler/gpu/cupti_error_manager.cc:137] cuptiGetTimestamp: error 999: 
2025-11-22 02:16:33.118296: E external/local_xla/xla/backends/profiler/gpu/cupti_error_manager.cc:186] cuptiSubscribe: ignored due to a previous error.
2025-11-22 02:16:33.118298: E external/local_xla/xla/backends/profiler/gpu/cupti_error_manager.cc:459] cuptiGetResultString: ignored due to a previous error.
2025-11-22 02:16:33.118300: E external/local_xla/xla/backends/profiler/gpu/cupti_tracer.cc:1935] function cupti_interface_->Subscribe( &subscriber_, (CUpti_CallbackFunc)ApiCallback, this)failed with error 
2025-11-22 02:16:33.118336: I external/local_tsl/tsl/profiler/lib/profiler_session.cc:131] Profiler session tear down.
2025-11-22 02:16:33.118354: E external/local_xla/xla/backends/profiler/gpu/cupti_error_manager.cc:142] cuptiFinalize: ignored due to a previous error.
2025-11-22 02:16:33.118355: E external/local_xla/xla/backends/profiler/gpu/cupti_error_manager.cc:459] cuptiGetResultString: ignored due to a previous error.
2025-11-22 02:16:33.118357: E external/local_xla/xla/backends/profiler/gpu/cupti_tracer.cc:2026] function cupti_interface_->Finalize()failed with error 
2025-11-22 02:16:33.118766: I external/local_xla/xla/stream_executor/cuda/cuda_executor.cc:901] successful NUMA node read from SysFS had negative value (-1), but there must be at least one NUMA node, so returning NUMA node zero. See more at https://github.com/torvalds/linux/blob/v6.0/Documentation/ABI/testing/sysfs-bus-pci#L344-L355
2025-11-22 02:16:33.132575: I external/local_xla/xla/stream_executor/cuda/cuda_executor.cc:901] successful NUMA node read from SysFS had negative value (-1), but there must be at least one NUMA node, so returning NUMA node zero. See more at https://github.com/torvalds/linux/blob/v6.0/Documentation/ABI/testing/sysfs-bus-pci#L344-L355
2025-11-22 02:16:33.132687: I external/local_xla/xla/stream_executor/cuda/cuda_executor.cc:901] successful NUMA node read from SysFS had negative value (-1), but there must be at least one NUMA node, so returning NUMA node zero. See more at https://github.com/torvalds/linux/blob/v6.0/Documentation/ABI/testing/sysfs-bus-pci#L344-L355
2025-11-22 02:16:33.135429: I external/local_xla/xla/stream_executor/cuda/cuda_executor.cc:901] successful NUMA node read from SysFS had negative value (-1), but there must be at least one NUMA node, so returning NUMA node zero. See more at https://github.com/torvalds/linux/blob/v6.0/Documentation/ABI/testing/sysfs-bus-pci#L344-L355
2025-11-22 02:16:33.135527: I external/local_xla/xla/stream_executor/cuda/cuda_executor.cc:901] successful NUMA node read from SysFS had negative value (-1), but there must be at least one NUMA node, so returning NUMA node zero. See more at https://github.com/torvalds/linux/blob/v6.0/Documentation/ABI/testing/sysfs-bus-pci#L344-L355
2025-11-22 02:16:33.135581: I external/local_xla/xla/stream_executor/cuda/cuda_executor.cc:901] successful NUMA node read from SysFS had negative value (-1), but there must be at least one NUMA node, so returning NUMA node zero. See more at https://github.com/torvalds/linux/blob/v6.0/Documentation/ABI/testing/sysfs-bus-pci#L344-L355
2025-11-22 02:16:33.176045: I external/local_xla/xla/stream_executor/cuda/cuda_executor.cc:901] successful NUMA node read from SysFS had negative value (-1), but there must be at least one NUMA node, so returning NUMA node zero. See more at https://github.com/torvalds/linux/blob/v6.0/Documentation/ABI/testing/sysfs-bus-pci#L344-L355
2025-11-22 02:16:33.176134: I external/local_xla/xla/stream_executor/cuda/cuda_executor.cc:901] successful NUMA node read from SysFS had negative value (-1), but there must be at least one NUMA node, so returning NUMA node zero. See more at https://github.com/torvalds/linux/blob/v6.0/Documentation/ABI/testing/sysfs-bus-pci#L344-L355
2025-11-22 02:16:33.176196: I external/local_xla/xla/stream_executor/cuda/cuda_executor.cc:901] successful NUMA node read from SysFS had negative value (-1), but there must be at least one NUMA node, so returning NUMA node zero. See more at https://github.com/torvalds/linux/blob/v6.0/Documentation/ABI/testing/sysfs-bus-pci#L344-L355
2025-11-22 02:16:33.176249: I tensorflow/core/common_runtime/gpu/gpu_device.cc:1929] Created device /job:localhost/replica:0/task:0/device:GPU:0 with 10307 MB memory:  -> device: 0, name: NVIDIA GeForce RTX 4070, pci bus id: 0000:01:00.0, compute capability: 8.9
2025-11-22 02:16:33.177943: I external/local_xla/xla/stream_executor/cuda/cuda_executor.cc:901] successful NUMA node read from SysFS had negative value (-1), but there must be at least one NUMA node, so returning NUMA node zero. See more at https://github.com/torvalds/linux/blob/v6.0/Documentation/ABI/testing/sysfs-bus-pci#L344-L355
2025-11-22 02:16:33.178012: I external/local_xla/xla/stream_executor/cuda/cuda_executor.cc:901] successful NUMA node read from SysFS had negative value (-1), but there must be at least one NUMA node, so returning NUMA node zero. See more at https://github.com/torvalds/linux/blob/v6.0/Documentation/ABI/testing/sysfs-bus-pci#L344-L355
2025-11-22 02:16:33.178054: I external/local_xla/xla/stream_executor/cuda/cuda_executor.cc:901] successful NUMA node read from SysFS had negative value (-1), but there must be at least one NUMA node, so returning NUMA node zero. See more at https://github.com/torvalds/linux/blob/v6.0/Documentation/ABI/testing/sysfs-bus-pci#L344-L355
2025-11-22 02:16:33.178107: I external/local_xla/xla/stream_executor/cuda/cuda_executor.cc:901] successful NUMA node read from SysFS had negative value (-1), but there must be at least one NUMA node, so returning NUMA node zero. See more at https://github.com/torvalds/linux/blob/v6.0/Documentation/ABI/testing/sysfs-bus-pci#L344-L355
2025-11-22 02:16:33.178149: I external/local_xla/xla/stream_executor/cuda/cuda_executor.cc:901] successful NUMA node read from SysFS had negative value (-1), but there must be at least one NUMA node, so returning NUMA node zero. See more at https://github.com/torvalds/linux/blob/v6.0/Documentation/ABI/testing/sysfs-bus-pci#L344-L355
2025-11-22 02:16:33.178185: I tensorflow/core/common_runtime/gpu/gpu_device.cc:1929] Created device /job:worker/replica:0/task:0/device:GPU:0 with 10307 MB memory:  -> device: 0, name: NVIDIA GeForce RTX 4070, pci bus id: 0000:01:00.0, compute capability: 8.9
2025-11-22 02:16:33.184770: I tensorflow/core/distributed_runtime/rpc/grpc_server_lib.cc:457] Started server with target: grpc://poti3:29500
2025-11-22 02:16:33.189187: I external/local_tsl/tsl/distributed_runtime/coordination/coordination_service.cc:553] /job:worker/replica:0/task:0 has connected to coordination service. Incarnation: 5504398892378811457
2025-11-22 02:16:33.189296: I external/local_tsl/tsl/distributed_runtime/coordination/coordination_service_agent.cc:304] Coordination agent has successfully connected.
2025-11-22 02:16:39.900447: E tensorflow/core/grappler/optimizers/meta_optimizer.cc:961] layout failed: INVALID_ARGUMENT: Size of values 0 does not match size of permutation 4 @ fanin shape inmodel/block2b_drop/dropout/SelectV2-2-TransposeNHWCToNCHW-LayoutOptimizer
2025-11-22 02:16:41.182365: I external/local_xla/xla/stream_executor/cuda/cuda_dnn.cc:454] Loaded cuDNN version 8904
2025-11-22 02:16:41.866970: I external/local_xla/xla/service/service.cc:168] XLA service 0x7fc48c31afb0 initialized for platform CUDA (this does not guarantee that XLA will be used). Devices:
2025-11-22 02:16:41.866985: I external/local_xla/xla/service/service.cc:176]   StreamExecutor device (0): NVIDIA GeForce RTX 4070, Compute Capability 8.9
WARNING: All log messages before absl::InitializeLog() is called are written to STDERR
I0000 00:00:1763788601.886369  842690 device_compiler.h:186] Compiled cluster using XLA!  This line is logged at most once for the lifetime of the process.
2025-11-22 02:16:45.287928: I external/local_tsl/tsl/profiler/lib/profiler_session.cc:104] Profiler session initializing.
2025-11-22 02:16:45.287943: I external/local_tsl/tsl/profiler/lib/profiler_session.cc:119] Profiler session started.
2025-11-22 02:16:45.287959: E external/local_xla/xla/backends/profiler/gpu/cupti_error_manager.cc:135] cuptiGetTimestamp: ignored due to a previous error.
2025-11-22 02:16:45.287963: E external/local_xla/xla/backends/profiler/gpu/cupti_error_manager.cc:186] cuptiSubscribe: ignored due to a previous error.
2025-11-22 02:16:45.287965: E external/local_xla/xla/backends/profiler/gpu/cupti_error_manager.cc:459] cuptiGetResultString: ignored due to a previous error.
2025-11-22 02:16:45.287968: E external/local_xla/xla/backends/profiler/gpu/cupti_tracer.cc:1935] function cupti_interface_->Subscribe( &subscriber_, (CUpti_CallbackFunc)ApiCallback, this)failed with error 
2025-11-22 02:16:48.305346: I external/local_tsl/tsl/profiler/lib/profiler_session.cc:70] Profiler session collecting data.
2025-11-22 02:16:48.315239: E external/local_xla/xla/backends/profiler/gpu/cupti_error_manager.cc:142] cuptiFinalize: ignored due to a previous error.
2025-11-22 02:16:48.315253: E external/local_xla/xla/backends/profiler/gpu/cupti_error_manager.cc:459] cuptiGetResultString: ignored due to a previous error.
2025-11-22 02:16:48.315256: E external/local_xla/xla/backends/profiler/gpu/cupti_tracer.cc:2026] function cupti_interface_->Finalize()failed with error 
2025-11-22 02:16:48.399332: E external/local_xla/xla/backends/profiler/gpu/cupti_error_manager.cc:135] cuptiGetTimestamp: ignored due to a previous error.
2025-11-22 02:16:48.399358: E external/local_xla/xla/backends/profiler/gpu/cupti_error_manager.cc:135] cuptiGetTimestamp: ignored due to a previous error.
2025-11-22 02:16:48.399361: I external/local_xla/xla/backends/profiler/gpu/cupti_collector.cc:541]  GpuTracer has collected 0 callback api events and 0 activity events. 
2025-11-22 02:16:48.441536: I external/local_tsl/tsl/profiler/lib/profiler_session.cc:131] Profiler session tear down.
2025-11-22 02:16:48.450057: I external/local_tsl/tsl/profiler/rpc/client/save_profile.cc:144] Collecting XSpace to repository: logs/profile/20251122-021633/plugins/profile/2025_11_22_02_16_48/poti3.xplane.pb
+ echo 'Starting distributed training with srun...'
+ echo 'Training completed.'
