+ mkdir -p /home/users/rrdmatos/logs
+ echo 'Create TF_CONFIG'
++ scontrol show hostnames 'poti[4-5]'
+ nodes='poti4
poti5'
+ nodes_array=($nodes)
+ MASTER_PORT=29500
+ worker_list=
+ for node in "${nodes_array[@]}"
+ worker_list+='"poti4:29500",'
+ for node in "${nodes_array[@]}"
+ worker_list+='"poti5:29500",'
+ worker_list='"poti4:29500","poti5:29500"'
++ echo '"poti4:29500","poti5:29500"'
+ LIST='"poti4:29500","poti5:29500"'
+ export LIST
+ srun '--export=ALL,SCRATCH=/scratch/rrdmatos,worker_list="poti4:29500","poti5:29500"' bash -c '
# This block of code is executed by each Slurm task on its respective node
echo "--- Running setup on $(hostname) ---"
cd $SCRATCH

rm -r *

cp -r ~/perf/tensorflow/create-env.sh ~/perf/tensorflow/train-* .
DATA_DIR="tiny-imagenet-200"

wget http://cs231n.stanford.edu/tiny-imagenet-200.zip
unzip -q *.zip

.  ./create-env.sh
'
URL transformed to HTTPS due to an HSTS policy
--2025-11-29 14:49:00--  https://cs231n.stanford.edu/tiny-imagenet-200.zip
Resolving cs231n.stanford.edu (cs231n.stanford.edu)... 171.64.64.64
URL transformed to HTTPS due to an HSTS policy
--2025-11-29 14:49:00--  https://cs231n.stanford.edu/tiny-imagenet-200.zip
Resolving cs231n.stanford.edu (cs231n.stanford.edu)... 171.64.64.64
Connecting to cs231n.stanford.edu (cs231n.stanford.edu)|171.64.64.64|:443... connected.
Connecting to cs231n.stanford.edu (cs231n.stanford.edu)|171.64.64.64|:443... connected.
HTTP request sent, awaiting response... 200 OK
Length: 248100043 (237M) [application/zip]
Saving to: ‘tiny-imagenet-200.zip’
HTTP request sent, awaiting response... 200 OK
Length: 248100043 (237M) [application/zip]
Saving to: ‘tiny-imagenet-200.zip’


     0K .......... .......... .......... .......... ..........  0%  137K 29m26s
     0K .......... .......... .......... .......... ..........  0%  137K 29m26s
    50K .......... .......... .......... .......... ..........  0%  274K 22m4s
   100K .......... .......... .......... .......... ..........  0%  112M 14m43s
    50K .......... .......... .......... .......... ..........  0%  274K 22m4s
   100K .......... .......... .......... .......... ..........  0%  164M 14m43s
   150K .......... .......... .......... .......... ..........  0%  275K 14m42s
   200K .......... .......... .......... .......... ..........  0%  138M 11m46s
   250K .......... .......... .......... .......... ..........  0% 97.1M 9m49s
   300K .......... .......... .......... .......... ..........  0%  107M 8m25s
   350K .......... .......... .......... .......... ..........  0% 97.6M 7m22s
   150K .......... .......... .......... .......... ..........  0%  275K 14m43s
   200K .......... .......... .......... .......... ..........  0%  211M 11m46s
   250K .......... .......... .......... .......... ..........  0%  115M 9m49s
   300K .......... .......... .......... .......... ..........  0%  132M 8m25s
   350K .......... .......... .......... .......... ..........  0%  117M 7m22s
   400K .......... .......... .......... .......... ..........  0%  277K 8m10s
   450K .......... .......... .......... .......... ..........  0%  149M 7m21s
   500K .......... .......... .......... .......... ..........  0%  117M 6m41s
   550K .......... .......... .......... .......... ..........  0%  111M 6m8s
   600K .......... .......... .......... .......... ..........  0%  116M 5m40s
   650K .......... .......... .......... .......... ..........  0%  117M 5m15s
   700K .......... .......... .......... .......... ..........  0%  114M 4m54s
   750K .......... .......... .......... .......... ..........  0%  115M 4m36s
   800K .......... .......... .......... .......... ..........  0% 1.26M 4m31s
   400K .......... .......... .......... .......... ..........  0%  276K 8m10s
   450K .......... .......... .......... .......... ..........  0%  109M 7m21s
   500K .......... .......... .......... .......... ..........  0%  126M 6m41s
   550K .......... .......... .......... .......... ..........  0%  119M 6m8s
   600K .......... .......... .......... .......... ..........  0%  115M 5m39s
   650K .......... .......... .......... .......... ..........  0%  109M 5m15s
   700K .......... .......... .......... .......... ..........  0%  120M 4m54s
   750K .......... .......... .......... .......... ..........  0%  117M 4m36s
   800K .......... .......... .......... .......... ..........  0% 1.22M 4m31s
   850K .......... .......... .......... .......... ..........  0%  355K 4m53s
   900K .......... .......... .......... .......... ..........  0%  137M 4m38s
   950K .......... .......... .......... .......... ..........  0% 67.9M 4m24s
  1000K .......... .......... .......... .......... ..........  0%  116M 4m12s
  1050K .......... .......... .......... .......... ..........  0%  116M 4m0s
  1100K .......... .......... .......... .......... ..........  0%  117M 3m50s
  1150K .......... .......... .......... .......... ..........  0%  117M 3m40s
  1200K .......... .......... .......... .......... ..........  0% 89.2M 3m32s
  1250K .......... .......... .......... .......... ..........  0%  117M 3m24s
  1300K .......... .......... .......... .......... ..........  0%  116M 3m16s
  1350K .......... .......... .......... .......... ..........  0%  117M 3m9s
  1400K .......... .......... .......... .......... ..........  0%  115M 3m3s
  1450K .......... .......... .......... .......... ..........  0%  116M 2m56s
  1500K .......... .......... .......... .......... ..........  0%  117M 2m51s
  1550K .......... .......... .......... .......... ..........  0%  117M 2m46s
  1600K .......... .......... .......... .......... ..........  0% 87.1M 2m41s
  1650K .......... .......... .......... .......... ..........  0%  117M 2m36s
   850K .......... .......... .......... .......... ..........  0%  359K 4m53s
   900K .......... .......... .......... .......... ..........  0%  118M 4m38s
   950K .......... .......... .......... .......... ..........  0%  116M 4m24s
  1000K .......... .......... .......... .......... ..........  0%  113M 4m12s
  1050K .......... .......... .......... .......... ..........  0%  117M 4m0s
  1100K .......... .......... .......... .......... ..........  0%  117M 3m50s
  1150K .......... .......... .......... .......... ..........  0%  117M 3m40s
  1200K .......... .......... .......... .......... ..........  0% 90.1M 3m32s
  1250K .......... .......... .......... .......... ..........  0%  117M 3m23s
  1300K .......... .......... .......... .......... ..........  0%  117M 3m16s
  1350K .......... .......... .......... .......... ..........  0%  117M 3m9s
  1400K .......... .......... .......... .......... ..........  0%  114M 3m2s
  1450K .......... .......... .......... .......... ..........  0%  116M 2m56s
  1500K .......... .......... .......... .......... ..........  0%  118M 2m51s
  1550K .......... .......... .......... .......... ..........  0%  116M 2m45s
  1600K .......... .......... .......... .......... ..........  0% 88.0M 2m40s
  1650K .......... .......... .......... .......... ..........  0%  117M 2m36s
  1700K .......... .......... .......... .......... ..........  0%  286K 2m55s
  1750K .......... .......... .......... .......... ..........  0%  111M 2m51s
  1800K .......... .......... .......... .......... ..........  0%  136M 2m46s
  1850K .......... .......... .......... .......... ..........  0%  117M 2m42s
  1900K .......... .......... .......... .......... ..........  0%  117M 2m37s
  1950K .......... .......... .......... .......... ..........  0%  117M 2m34s
  2000K .......... .......... .......... .......... ..........  0% 89.1M 2m30s
  2050K .......... .......... .......... .......... ..........  0%  116M 2m26s
  2100K .......... .......... .......... .......... ..........  0%  117M 2m23s
  2150K .......... .......... .......... .......... ..........  0%  117M 2m20s
  2200K .......... .......... .......... .......... ..........  0%  115M 2m17s
  2250K .......... .......... .......... .......... ..........  0%  117M 2m14s
  2300K .......... .......... .......... .......... ..........  0%  115M 2m11s
  2350K .......... .......... .......... .......... ..........  0%  118M 2m8s
  2400K .......... .......... .......... .......... ..........  1% 89.0M 2m6s
  2450K .......... .......... .......... .......... ..........  1%  117M 2m3s
  2500K .......... .......... .......... .......... ..........  1%  117M 2m1s
  2550K .......... .......... .......... .......... ..........  1%  117M 1m58s
  2600K .......... .......... .......... .......... ..........  1%  115M 1m56s
  2650K .......... .......... .......... .......... ..........  1%  117M 1m54s
  2700K .......... .......... .......... .......... ..........  1%  117M 1m52s
  2750K .......... .......... .......... .......... ..........  1%  117M 1m50s
  2800K .......... .......... .......... .......... ..........  1% 87.0M 1m48s
  2850K .......... .......... .......... .......... ..........  1%  117M 1m46s
  2900K .......... .......... .......... .......... ..........  1%  117M 1m44s
  2950K .......... .......... .......... .......... ..........  1%  117M 1m43s
  3000K .......... .......... .......... .......... ..........  1%  116M 1m41s
  3050K .......... .......... .......... .......... ..........  1%  116M 99s
  3100K .......... .......... .......... .......... ..........  1%  117M 98s
  3150K .......... .......... .......... .......... ..........  1%  117M 96s
  3200K .......... .......... .......... .......... ..........  1% 88.8M 95s
  3250K .......... .......... .......... .......... ..........  1%  117M 93s
  3300K .......... .......... .......... .......... ..........  1%  117M 92s
  3350K .......... .......... .......... .......... ..........  1%  117M 91s
  3400K .......... .......... .......... .......... ..........  1% 1.78M 91s
  1700K .......... .......... .......... .......... ..........  0%  285K 2m55s
  1750K .......... .......... .......... .......... ..........  0%  153M 2m51s
  1800K .......... .......... .......... .......... ..........  0%  114M 2m46s
  1850K .......... .......... .......... .......... ..........  0%  114M 2m42s
  1900K .......... .......... .......... .......... ..........  0%  122M 2m37s
  1950K .......... .......... .......... .......... ..........  0%  117M 2m34s
  2000K .......... .......... .......... .......... ..........  0% 88.8M 2m30s
  2050K .......... .......... .......... .......... ..........  0%  117M 2m26s
  2100K .......... .......... .......... .......... ..........  0%  117M 2m23s
  2150K .......... .......... .......... .......... ..........  0%  117M 2m20s
  2200K .......... .......... .......... .......... ..........  0%  115M 2m17s
  2250K .......... .......... .......... .......... ..........  0%  117M 2m14s
  2300K .......... .......... .......... .......... ..........  0%  117M 2m11s
  2350K .......... .......... .......... .......... ..........  0%  117M 2m8s
  2400K .......... .......... .......... .......... ..........  1% 88.8M 2m6s
  2450K .......... .......... .......... .......... ..........  1%  117M 2m3s
  2500K .......... .......... .......... .......... ..........  1%  117M 2m1s
  2550K .......... .......... .......... .......... ..........  1%  117M 1m58s
  2600K .......... .......... .......... .......... ..........  1%  115M 1m56s
  2650K .......... .......... .......... .......... ..........  1%  117M 1m54s
  2700K .......... .......... .......... .......... ..........  1%  115M 1m52s
  2750K .......... .......... .......... .......... ..........  1%  117M 1m50s
  2800K .......... .......... .......... .......... ..........  1% 87.7M 1m48s
  2850K .......... .......... .......... .......... ..........  1%  117M 1m46s
  2900K .......... .......... .......... .......... ..........  1%  117M 1m44s
  2950K .......... .......... .......... .......... ..........  1%  117M 1m43s
  3000K .......... .......... .......... .......... ..........  1%  115M 1m41s
  3050K .......... .......... .......... .......... ..........  1%  117M 99s
  3100K .......... .......... .......... .......... ..........  1%  117M 98s
  3150K .......... .......... .......... .......... ..........  1%  117M 96s
  3200K .......... .......... .......... .......... ..........  1% 88.8M 95s
  3250K .......... .......... .......... .......... ..........  1%  117M 93s
  3300K .......... .......... .......... .......... ..........  1%  117M 92s
  3350K .......... .......... .......... .......... ..........  1%  117M 91s
  3400K .......... .......... .......... .......... ..........  1% 1.70M 91s
  3450K .......... .......... .......... .......... ..........  1%  356K 99s
  3500K .......... .......... .......... .......... ..........  1%  210M 98s
  3550K .......... .......... .......... .......... ..........  1%  114M 97s
  3600K .......... .......... .......... .......... ..........  1%  100M 95s
  3650K .......... .......... .......... .......... ..........  1%  117M 94s
  3700K .......... .......... .......... .......... ..........  1%  117M 93s
  3750K .......... .......... .......... .......... ..........  1%  117M 92s
  3800K .......... .......... .......... .......... ..........  1%  115M 90s
  3850K .......... .......... .......... .......... ..........  1%  117M 89s
  3900K .......... .......... .......... .......... ..........  1%  117M 88s
  3450K .......... .......... .......... .......... ..........  1% 1.18M 93s
  3950K .......... .......... .......... .......... ..........  1%  102M 87s
  4000K .......... .......... .......... .......... ..........  1% 87.0M 86s
  4050K .......... .......... .......... .......... ..........  1%  117M 85s
  4100K .......... .......... .......... .......... ..........  1%  117M 84s
  4150K .......... .......... .......... .......... ..........  1%  117M 83s
  4200K .......... .......... .......... .......... ..........  1%  115M 82s
  4250K .......... .......... .......... .......... ..........  1%  117M 81s
  4300K .......... .......... .......... .......... ..........  1%  115M 80s
  4350K .......... .......... .......... .......... ..........  1%  118M 79s
  4400K .......... .......... .......... .......... ..........  1% 89.0M 78s
  4450K .......... .......... .......... .......... ..........  1%  117M 78s
  4500K .......... .......... .......... .......... ..........  1%  117M 77s
  4550K .......... .......... .......... .......... ..........  1%  117M 76s
  4600K .......... .......... .......... .......... ..........  1%  115M 75s
  4650K .......... .......... .......... .......... ..........  1%  115M 74s
  4700K .......... .......... .......... .......... ..........  1%  118M 73s
  4750K .......... .......... .......... .......... ..........  1%  117M 73s
  4800K .......... .......... .......... .......... ..........  2% 87.0M 72s
  4850K .......... .......... .......... .......... ..........  2%  117M 71s
  4900K .......... .......... .......... .......... ..........  2%  117M 71s
  4950K .......... .......... .......... .......... ..........  2%  117M 70s
  5000K .......... .......... .......... .......... ..........  2%  115M 69s
  5050K .......... .......... .......... .......... ..........  2%  117M 68s
  5100K .......... .......... .......... .......... ..........  2%  117M 68s
  5150K .......... .......... .......... .......... ..........  2%  117M 67s
  5200K .......... .......... .......... .......... ..........  2% 88.8M 67s
  5250K .......... .......... .......... .......... ..........  2% 1.84M 67s
  3500K .......... .......... .......... .......... ..........  1%  510K 98s
  3550K .......... .......... .......... .......... ..........  1%  128M 97s
  3600K .......... .......... .......... .......... ..........  1% 89.1M 95s
  3650K .......... .......... .......... .......... ..........  1%  117M 94s
  3700K .......... .......... .......... .......... ..........  1%  117M 93s
  3750K .......... .......... .......... .......... ..........  1%  117M 92s
  3800K .......... .......... .......... .......... ..........  1%  115M 90s
  3850K .......... .......... .......... .......... ..........  1%  117M 89s
  3900K .......... .......... .......... .......... ..........  1%  115M 88s
  3950K .......... .......... .......... .......... ..........  1%  117M 87s
  4000K .......... .......... .......... .......... ..........  1% 87.7M 86s
  4050K .......... .......... .......... .......... ..........  1%  117M 85s
  4100K .......... .......... .......... .......... ..........  1%  116M 84s
  4150K .......... .......... .......... .......... ..........  1%  117M 83s
  4200K .......... .......... .......... .......... ..........  1%  113M 82s
  4250K .......... .......... .......... .......... ..........  1%  119M 81s
  4300K .......... .......... .......... .......... ..........  1%  117M 80s
  4350K .......... .......... .......... .......... ..........  1%  117M 79s
  4400K .......... .......... .......... .......... ..........  1% 88.7M 78s
  4450K .......... .......... .......... .......... ..........  1%  117M 78s
  4500K .......... .......... .......... .......... ..........  1%  117M 77s
  4550K .......... .......... .......... .......... ..........  1%  117M 76s
  4600K .......... .......... .......... .......... ..........  1%  114M 75s
  4650K .......... .......... .......... .......... ..........  1%  117M 74s
  4700K .......... .......... .......... .......... ..........  1%  117M 73s
  4750K .......... .......... .......... .......... ..........  1%  118M 73s
  4800K .......... .......... .......... .......... ..........  2% 87.5M 72s
  4850K .......... .......... .......... .......... ..........  2%  117M 71s
  4900K .......... .......... .......... .......... ..........  2%  117M 71s
  4950K .......... .......... .......... .......... ..........  2%  117M 70s
  5000K .......... .......... .......... .......... ..........  2%  113M 69s
  5050K .......... .......... .......... .......... ..........  2%  118M 68s
  5100K .......... .......... .......... .......... ..........  2%  116M 68s
  5150K .......... .......... .......... .......... ..........  2%  116M 67s
  5200K .......... .......... .......... .......... ..........  2% 90.6M 67s
  5250K .......... .......... .......... .......... ..........  2%  117M 66s
  5300K .......... .......... .......... .......... ..........  2%  116M 65s
  5350K .......... .......... .......... .......... ..........  2%  117M 65s
  5400K .......... .......... .......... .......... ..........  2%  114M 64s
  5450K .......... .......... .......... .......... ..........  2%  117M 64s
  5500K .......... .......... .......... .......... ..........  2%  117M 63s
  5550K .......... .......... .......... .......... ..........  2%  117M 62s
  5600K .......... .......... .......... .......... ..........  2% 89.8M 62s
  5650K .......... .......... .......... .......... ..........  2%  117M 61s
  5700K .......... .......... .......... .......... ..........  2%  117M 61s
  5750K .......... .......... .......... .......... ..........  2%  117M 60s
  5800K .......... .......... .......... .......... ..........  2%  114M 60s
  5850K .......... .......... .......... .......... ..........  2%  117M 59s
  5900K .......... .......... .......... .......... ..........  2%  117M 59s
  5950K .......... .......... .......... .......... ..........  2%  115M 58s
  6000K .......... .......... .......... .......... ..........  2% 2.29M 59s
  5300K .......... .......... .......... .......... ..........  2%  356K 73s
  5350K .......... .......... .......... .......... ..........  2%  124M 72s
  5400K .......... .......... .......... .......... ..........  2%  130M 71s
  5450K .......... .......... .......... .......... ..........  2%  117M 71s
  5500K .......... .......... .......... .......... ..........  2%  117M 70s
  5550K .......... .......... .......... .......... ..........  2%  117M 69s
  5600K .......... .......... .......... .......... ..........  2% 89.0M 69s
  5650K .......... .......... .......... .......... ..........  2%  117M 68s
  5700K .......... .......... .......... .......... ..........  2%  117M 68s
  5750K .......... .......... .......... .......... ..........  2%  117M 67s
  5800K .......... .......... .......... .......... ..........  2%  115M 66s
  6050K .......... .......... .......... .......... ..........  2% 1.16M 60s
  5850K .......... .......... .......... .......... ..........  2% 84.5M 66s
  5900K .......... .......... .......... .......... ..........  2%  117M 65s
  5950K .......... .......... .......... .......... ..........  2%  117M 65s
  6000K .......... .......... .......... .......... ..........  2% 87.0M 64s
  6050K .......... .......... .......... .......... ..........  2%  117M 64s
  6100K .......... .......... .......... .......... ..........  2%  117M 63s
  6150K .......... .......... .......... .......... ..........  2%  117M 63s
  6200K .......... .......... .......... .......... ..........  2%  115M 62s
  6250K .......... .......... .......... .......... ..........  2%  117M 62s
  6300K .......... .......... .......... .......... ..........  2%  116M 61s
  6350K .......... .......... .......... .......... ..........  2%  117M 61s
  6400K .......... .......... .......... .......... ..........  2% 88.8M 60s
  6450K .......... .......... .......... .......... ..........  2%  117M 60s
  6500K .......... .......... .......... .......... ..........  2%  117M 59s
  6550K .......... .......... .......... .......... ..........  2%  117M 59s
  6600K .......... .......... .......... .......... ..........  2%  115M 59s
  6650K .......... .......... .......... .......... ..........  2% 83.3M 58s
  6700K .......... .......... .......... .......... ..........  2% 67.5M 58s
  6750K .......... .......... .......... .......... ..........  2%  117M 57s
  6800K .......... .......... .......... .......... ..........  2% 63.2M 57s
  6850K .......... .......... .......... .......... ..........  2%  117M 56s
  6900K .......... .......... .......... .......... ..........  2%  117M 56s
  6950K .......... .......... .......... .......... ..........  2%  117M 56s
  7000K .......... .......... .......... .......... ..........  2%  114M 55s
  7050K .......... .......... .......... .......... ..........  2%  118M 55s
  7100K .......... .......... .......... .......... ..........  2% 73.1M 54s
  7150K .......... .......... .......... .......... ..........  2%  117M 54s
  7200K .......... .......... .......... .......... ..........  2% 1.98M 55s
  6100K .......... .......... .......... .......... ..........  2%  513K 63s
  6150K .......... .......... .......... .......... ..........  2%  118M 62s
  6200K .......... .......... .......... .......... ..........  2% 82.1M 62s
  6250K .......... .......... .......... .......... ..........  2%  117M 62s
  6300K .......... .......... .......... .......... ..........  2%  117M 61s
  6350K .......... .......... .......... .......... ..........  2%  117M 61s
  6400K .......... .......... .......... .......... ..........  2% 88.7M 60s
  6450K .......... .......... .......... .......... ..........  2%  117M 60s
  6500K .......... .......... .......... .......... ..........  2%  117M 59s
  6550K .......... .......... .......... .......... ..........  2%  117M 59s
  6600K .......... .......... .......... .......... ..........  2%  114M 58s
  6650K .......... .......... .......... .......... ..........  2%  117M 58s
  6700K .......... .......... .......... .......... ..........  2%  117M 57s
  6750K .......... .......... .......... .......... ..........  2%  117M 57s
  6800K .......... .......... .......... .......... ..........  2% 89.5M 57s
  6850K .......... .......... .......... .......... ..........  2%  116M 56s
  6900K .......... .......... .......... .......... ..........  2%  117M 56s
  6950K .......... .......... .......... .......... ..........  2%  117M 55s
  7000K .......... .......... .......... .......... ..........  2%  114M 55s
  7050K .......... .......... .......... .......... ..........  2%  117M 55s
  7100K .......... .......... .......... .......... ..........  2%  117M 54s
  7150K .......... .......... .......... .......... ..........  2%  117M 54s
  7200K .......... .......... .......... .......... ..........  2% 87.6M 54s
  7250K .......... .......... .......... .......... ..........  3%  115M 53s
  7300K .......... .......... .......... .......... ..........  3%  118M 53s
  7350K .......... .......... .......... .......... ..........  3%  117M 52s
  7400K .......... .......... .......... .......... ..........  3%  115M 52s
  7450K .......... .......... .......... .......... ..........  3%  117M 52s
  7500K .......... .......... .......... .......... ..........  3%  117M 51s
  7550K .......... .......... .......... .......... ..........  3%  117M 51s
  7600K .......... .......... .......... .......... ..........  3% 88.9M 51s
  7650K .......... .......... .......... .......... ..........  3%  117M 50s
  7700K .......... .......... .......... .......... ..........  3%  117M 50s
  7750K .......... .......... .......... .......... ..........  3%  117M 50s
  7800K .......... .......... .......... .......... ..........  3%  114M 49s
  7850K .......... .......... .......... .......... ..........  3%  117M 49s
  7900K .......... .......... .......... .......... ..........  3%  117M 49s
  7950K .......... .......... .......... .......... ..........  3%  117M 49s
  8000K .......... .......... .......... .......... ..........  3% 87.5M 48s
  8050K .......... .......... .......... .......... ..........  3%  117M 48s
  8100K .......... .......... .......... .......... ..........  3%  117M 48s
  8150K .......... .......... .......... .......... ..........  3%  117M 47s
  8200K .......... .......... .......... .......... ..........  3%  115M 47s
  8250K .......... .......... .......... .......... ..........  3%  117M 47s
  8300K .......... .......... .......... .......... ..........  3%  115M 47s
  8350K .......... .......... .......... .......... ..........  3%  117M 46s
  8400K .......... .......... .......... .......... ..........  3% 89.9M 46s
  8450K .......... .......... .......... .......... ..........  3%  117M 46s
  8500K .......... .......... .......... .......... ..........  3%  116M 45s
  8550K .......... .......... .......... .......... ..........  3%  117M 45s
  8600K .......... .......... .......... .......... ..........  3%  115M 45s
  8650K .......... .......... .......... .......... ..........  3% 2.34M 45s
  7250K .......... .......... .......... .......... ..........  3%  355K 59s
  7300K .......... .......... .......... .......... ..........  3%  137M 58s
  7350K .......... .......... .......... .......... ..........  3%  133M 58s
  7400K .......... .......... .......... .......... ..........  3%  115M 57s
  7450K .......... .......... .......... .......... ..........  3%  117M 57s
  7500K .......... .......... .......... .......... ..........  3%  117M 57s
  7550K .......... .......... .......... .......... ..........  3%  117M 56s
  7600K .......... .......... .......... .......... ..........  3% 88.8M 56s
  7650K .......... .......... .......... .......... ..........  3%  117M 56s
  7700K .......... .......... .......... .......... ..........  3%  117M 55s
  7750K .......... .......... .......... .......... ..........  3%  117M 55s
  7800K .......... .......... .......... .......... ..........  3% 77.2M 55s
  8700K .......... .......... .......... .......... ..........  3% 1.15M 46s
  7850K .......... .......... .......... .......... ..........  3%  117M 54s
  7900K .......... .......... .......... .......... ..........  3%  117M 54s
  7950K .......... .......... .......... .......... ..........  3%  117M 54s
  8000K .......... .......... .......... .......... ..........  3% 87.0M 53s
  8050K .......... .......... .......... .......... ..........  3%  117M 53s
  8100K .......... .......... .......... .......... ..........  3%  117M 53s
  8150K .......... .......... .......... .......... ..........  3%  117M 52s
  8200K .......... .......... .......... .......... ..........  3%  115M 52s
  8250K .......... .......... .......... .......... ..........  3%  117M 52s
  8300K .......... .......... .......... .......... ..........  3%  117M 51s
  8350K .......... .......... .......... .......... ..........  3%  117M 51s
  8400K .......... .......... .......... .......... ..........  3% 89.1M 51s
  8450K .......... .......... .......... .......... ..........  3%  117M 50s
  8500K .......... .......... .......... .......... ..........  3%  117M 50s
  8550K .......... .......... .......... .......... ..........  3%  117M 50s
  8600K .......... .......... .......... .......... ..........  3%  115M 50s
  8650K .......... .......... .......... .......... ..........  3%  117M 49s
  8700K .......... .......... .......... .......... ..........  3%  117M 49s
  8750K .......... .......... .......... .......... ..........  3%  117M 49s
  8800K .......... .......... .......... .......... ..........  3% 88.0M 48s
  8850K .......... .......... .......... .......... ..........  3%  117M 48s
  8900K .......... .......... .......... .......... ..........  3%  117M 48s
  8950K .......... .......... .......... .......... ..........  3%  117M 48s
  9000K .......... .......... .......... .......... ..........  3%  115M 47s
  9050K .......... .......... .......... .......... ..........  3%  117M 47s
  9100K .......... .......... .......... .......... ..........  3% 92.2M 47s
  9150K .......... .......... .......... .......... ..........  3%  112M 47s
  9200K .......... .......... .......... .......... ..........  3% 1.98M 47s
  9250K .......... .......... .......... .......... ..........  3% 1.15M 48s
  8750K .......... .......... .......... .......... ..........  3%  514K 48s
  8800K .......... .......... .......... .......... ..........  3% 92.4M 48s
  8850K .......... .......... .......... .......... ..........  3% 88.8M 48s
  8900K .......... .......... .......... .......... ..........  3%  117M 48s
  8950K .......... .......... .......... .......... ..........  3%  117M 47s
  9000K .......... .......... .......... .......... ..........  3%  115M 47s
  9050K .......... .......... .......... .......... ..........  3%  117M 47s
  9100K .......... .......... .......... .......... ..........  3%  117M 47s
  9150K .......... .......... .......... .......... ..........  3%  115M 46s
  9200K .......... .......... .......... .......... ..........  3% 87.6M 46s
  9250K .......... .......... .......... .......... ..........  3% 79.1M 46s
  9300K .......... .......... .......... .......... ..........  3%  117M 46s
  9350K .......... .......... .......... .......... ..........  3%  117M 45s
  9400K .......... .......... .......... .......... ..........  3%  114M 45s
  9450K .......... .......... .......... .......... ..........  3%  117M 45s
  9500K .......... .......... .......... .......... ..........  3%  116M 45s
  9550K .......... .......... .......... .......... ..........  3%  118M 44s
  9600K .......... .......... .......... .......... ..........  3% 89.6M 44s
  9650K .......... .......... .......... .......... ..........  4%  117M 44s
  9700K .......... .......... .......... .......... ..........  4%  117M 44s
  9750K .......... .......... .......... .......... ..........  4%  117M 43s
  9800K .......... .......... .......... .......... ..........  4%  115M 43s
  9850K .......... .......... .......... .......... ..........  4%  117M 43s
  9900K .......... .......... .......... .......... ..........  4%  117M 43s
  9950K .......... .......... .......... .......... ..........  4%  117M 43s
 10000K .......... .......... .......... .......... ..........  4% 88.9M 42s
 10050K .......... .......... .......... .......... ..........  4%  117M 42s
 10100K .......... .......... .......... .......... ..........  4%  117M 42s
 10150K .......... .......... .......... .......... ..........  4%  117M 42s
 10200K .......... .......... .......... .......... ..........  4%  115M 42s
 10250K .......... .......... .......... .......... ..........  4%  117M 41s
 10300K .......... .......... .......... .......... ..........  4%  114M 41s
 10350K .......... .......... .......... .......... ..........  4%  118M 41s
 10400K .......... .......... .......... .......... ..........  4% 87.5M 41s
 10450K .......... .......... .......... .......... ..........  4%  117M 41s
 10500K .......... .......... .......... .......... ..........  4%  117M 40s
 10550K .......... .......... .......... .......... ..........  4%  117M 40s
 10600K .......... .......... .......... .......... ..........  4%  114M 40s
 10650K .......... .......... .......... .......... ..........  4%  117M 40s
 10700K .......... .......... .......... .......... ..........  4%  117M 40s
 10750K .......... .......... .......... .......... ..........  4%  117M 39s
 10800K .......... .......... .......... .......... ..........  4% 89.8M 39s
 10850K .......... .......... .......... .......... ..........  4%  117M 39s
 10900K .......... .......... .......... .......... ..........  4%  116M 39s
 10950K .......... .......... .......... .......... ..........  4%  117M 39s
 11000K .......... .......... .......... .......... ..........  4%  115M 39s
 11050K .......... .......... .......... .......... ..........  4%  115M 38s
 11100K .......... .......... .......... .......... ..........  4%  119M 38s
 11150K .......... .......... .......... .......... ..........  4%  117M 38s
 11200K .......... .......... .......... .......... ..........  4% 87.6M 38s
 11250K .......... .......... .......... .......... ..........  4% 2.38M 38s
 11300K .......... .......... .......... .......... ..........  4%  106M 38s
  9300K .......... .......... .......... .......... ..........  3%  507K 50s
  9350K .......... .......... .......... .......... ..........  3%  117M 50s
  9400K .......... .......... .......... .......... ..........  3%  138M 49s
  9450K .......... .......... .......... .......... ..........  3%  117M 49s
  9500K .......... .......... .......... .......... ..........  3%  117M 49s
  9550K .......... .......... .......... .......... ..........  3%  117M 49s
  9600K .......... .......... .......... .......... ..........  3% 89.1M 48s
  9650K .......... .......... .......... .......... ..........  4%  117M 48s
  9700K .......... .......... .......... .......... ..........  4%  117M 48s
  9750K .......... .......... .......... .......... ..........  4%  117M 48s
  9800K .......... .......... .......... .......... ..........  4%  115M 47s
  9850K .......... .......... .......... .......... ..........  4% 67.3M 47s
  9900K .......... .......... .......... .......... ..........  4%  117M 47s
  9950K .......... .......... .......... .......... ..........  4%  115M 47s
 10000K .......... .......... .......... .......... ..........  4% 89.7M 46s
 10050K .......... .......... .......... .......... ..........  4%  117M 46s
 10100K .......... .......... .......... .......... ..........  4%  117M 46s
 10150K .......... .......... .......... .......... ..........  4%  117M 46s
 10200K .......... .......... .......... .......... ..........  4%  115M 46s
 10250K .......... .......... .......... .......... ..........  4%  117M 45s
 10300K .......... .......... .......... .......... ..........  4%  117M 45s
 10350K .......... .......... .......... .......... ..........  4%  115M 45s
 10400K .......... .......... .......... .......... ..........  4% 88.0M 45s
 10450K .......... .......... .......... .......... ..........  4%  117M 44s
 10500K .......... .......... .......... .......... ..........  4%  117M 44s
 10550K .......... .......... .......... .......... ..........  4%  117M 44s
 10600K .......... .......... .......... .......... ..........  4%  113M 44s
 10650K .......... .......... .......... .......... ..........  4%  119M 44s
 10700K .......... .......... .......... .......... ..........  4%  116M 43s
 10750K .......... .......... .......... .......... ..........  4%  117M 43s
 10800K .......... .......... .......... .......... ..........  4% 89.1M 43s
 10850K .......... .......... .......... .......... ..........  4%  117M 43s
 10900K .......... .......... .......... .......... ..........  4%  117M 43s
 10950K .......... .......... .......... .......... ..........  4%  117M 42s
 11000K .......... .......... .......... .......... ..........  4%  115M 42s
 11050K .......... .......... .......... .......... ..........  4%  117M 42s
 11100K .......... .......... .......... .......... ..........  4%  117M 42s
 11150K .......... .......... .......... .......... ..........  4%  117M 42s
 11200K .......... .......... .......... .......... ..........  4% 87.0M 42s
 11250K .......... .......... .......... .......... ..........  4%  117M 41s
 11300K .......... .......... .......... .......... ..........  4%  117M 41s
 11350K .......... .......... .......... .......... ..........  4% 2.03M 41s
 11350K .......... .......... .......... .......... ..........  4%  580K 40s
 11400K .......... .......... .......... .......... ..........  4%  937K 40s
 11450K .......... .......... .......... .......... ..........  4% 95.9M 40s
 11500K .......... .......... .......... .......... ..........  4%  104M 40s
 11550K .......... .......... .......... .......... ..........  4%  117M 40s
 11600K .......... .......... .......... .......... ..........  4% 88.3M 40s
 11650K .......... .......... .......... .......... ..........  4%  117M 40s
 11700K .......... .......... .......... .......... ..........  4%  117M 39s
 11750K .......... .......... .......... .......... ..........  4%  117M 39s
 11800K .......... .......... .......... .......... ..........  4%  115M 39s
 11850K .......... .......... .......... .......... ..........  4%  114M 39s
 11900K .......... .......... .......... .......... ..........  4% 79.6M 39s
 11950K .......... .......... .......... .......... ..........  4%  119M 39s
 12000K .......... .......... .......... .......... ..........  4% 89.8M 38s
 12050K .......... .......... .......... .......... ..........  4%  117M 38s
 12100K .......... .......... .......... .......... ..........  5%  116M 38s
 12150K .......... .......... .......... .......... ..........  5%  117M 38s
 12200K .......... .......... .......... .......... ..........  5%  115M 38s
 12250K .......... .......... .......... .......... ..........  5%  116M 38s
 12300K .......... .......... .......... .......... ..........  5%  117M 37s
 12350K .......... .......... .......... .......... ..........  5% 64.6M 37s
 12400K .......... .......... .......... .......... ..........  5% 88.6M 37s
 12450K .......... .......... .......... .......... ..........  5%  117M 37s
 12500K .......... .......... .......... .......... ..........  5%  117M 37s
 12550K .......... .......... .......... .......... ..........  5%  117M 37s
 12600K .......... .......... .......... .......... ..........  5%  114M 37s
 12650K .......... .......... .......... .......... ..........  5%  117M 36s
 12700K .......... .......... .......... .......... ..........  5%  117M 36s
 12750K .......... .......... .......... .......... ..........  5%  117M 36s
 12800K .......... .......... .......... .......... ..........  5% 87.5M 36s
 12850K .......... .......... .......... .......... ..........  5%  117M 36s
 12900K .......... .......... .......... .......... ..........  5%  116M 36s
 12950K .......... .......... .......... .......... ..........  5%  117M 36s
 13000K .......... .......... .......... .......... ..........  5%  115M 35s
 13050K .......... .......... .......... .......... ..........  5%  117M 35s
 13100K .......... .......... .......... .......... ..........  5%  117M 35s
 13150K .......... .......... .......... .......... ..........  5%  117M 35s
 13200K .......... .......... .......... .......... ..........  5% 88.8M 35s
 13250K .......... .......... .......... .......... ..........  5%  117M 35s
 13300K .......... .......... .......... .......... ..........  5%  117M 35s
 13350K .......... .......... .......... .......... ..........  5%  117M 35s
 13400K .......... .......... .......... .......... ..........  5%  115M 34s
 13450K .......... .......... .......... .......... ..........  5%  117M 34s
 13500K .......... .......... .......... .......... ..........  5%  117M 34s
 13550K .......... .......... .......... .......... ..........  5%  117M 34s
 13600K .......... .......... .......... .......... ..........  5% 88.8M 34s
 13650K .......... .......... .......... .......... ..........  5%  117M 34s
 13700K .......... .......... .......... .......... ..........  5%  117M 34s
 13750K .......... .......... .......... .......... ..........  5%  117M 34s
 13800K .......... .......... .......... .......... ..........  5%  114M 33s
 13850K .......... .......... .......... .......... ..........  5%  117M 33s
 13900K .......... .......... .......... .......... ..........  5% 2.43M 34s
 11400K .......... .......... .......... .......... ..........  4%  356K 44s
 11450K .......... .......... .......... .......... ..........  4% 87.2M 44s
 11500K .......... .......... .......... .......... ..........  4%  161M 44s
 11550K .......... .......... .......... .......... ..........  4%  117M 44s
 11600K .......... .......... .......... .......... ..........  4% 88.8M 43s
 11650K .......... .......... .......... .......... ..........  4%  117M 43s
 11700K .......... .......... .......... .......... ..........  4%  117M 43s
 11750K .......... .......... .......... .......... ..........  4%  116M 43s
 11800K .......... .......... .......... .......... ..........  4%  116M 43s
 11850K .......... .......... .......... .......... ..........  4%  117M 42s
 11900K .......... .......... .......... .......... ..........  4%  117M 42s
 11950K .......... .......... .......... .......... ..........  4%  117M 42s
 13950K .......... .......... .......... .......... ..........  5%  162M 33s
 12000K .......... .......... .......... .......... ..........  4% 49.3M 42s
 12050K .......... .......... .......... .......... ..........  4%  117M 42s
 12100K .......... .......... .......... .......... ..........  5%  117M 42s
 12150K .......... .......... .......... .......... ..........  5%  117M 41s
 12200K .......... .......... .......... .......... ..........  5%  115M 41s
 12250K .......... .......... .......... .......... ..........  5%  117M 41s
 12300K .......... .......... .......... .......... ..........  5%  115M 41s
 12350K .......... .......... .......... .......... ..........  5%  119M 41s
 12400K .......... .......... .......... .......... ..........  5% 87.0M 41s
 12450K .......... .......... .......... .......... ..........  5%  117M 40s
 12500K .......... .......... .......... .......... ..........  5%  117M 40s
 12550K .......... .......... .......... .......... ..........  5%  117M 40s
 12600K .......... .......... .......... .......... ..........  5%  115M 40s
 12650K .......... .......... .......... .......... ..........  5%  117M 40s
 12700K .......... .......... .......... .......... ..........  5%  117M 40s
 12750K .......... .......... .......... .......... ..........  5%  117M 39s
 12800K .......... .......... .......... .......... ..........  5% 88.4M 39s
 12850K .......... .......... .......... .......... ..........  5%  117M 39s
 12900K .......... .......... .......... .......... ..........  5%  117M 39s
 12950K .......... .......... .......... .......... ..........  5%  117M 39s
 13000K .......... .......... .......... .......... ..........  5%  115M 39s
 13050K .......... .......... .......... .......... ..........  5%  117M 39s
 13100K .......... .......... .......... .......... ..........  5%  117M 38s
 13150K .......... .......... .......... .......... ..........  5%  117M 38s
 13200K .......... .......... .......... .......... ..........  5% 89.0M 38s
 13250K .......... .......... .......... .......... ..........  5%  117M 38s
 13300K .......... .......... .......... .......... ..........  5%  117M 38s
 13350K .......... .......... .......... .......... ..........  5%  117M 38s
 13400K .......... .......... .......... .......... ..........  5%  116M 38s
 13450K .......... .......... .......... .......... ..........  5%  117M 37s
 13500K .......... .......... .......... .......... ..........  5%  117M 37s
 13550K .......... .......... .......... .......... ..........  5% 2.16M 37s
 14000K .......... .......... .......... .......... ..........  5%  579K 35s
 14050K .......... .......... .......... .......... ..........  5%  936K 35s
 14100K .......... .......... .......... .......... ..........  5%  104M 35s
 14150K .......... .......... .......... .......... ..........  5%  106M 35s
 14200K .......... .......... .......... .......... ..........  5%  113M 35s
 14250K .......... .......... .......... .......... ..........  5%  107M 35s
 14300K .......... .......... .......... .......... ..........  5%  117M 35s
 14350K .......... .......... .......... .......... ..........  5%  118M 35s
 14400K .......... .......... .......... .......... ..........  5% 86.9M 35s
 14450K .......... .......... .......... .......... ..........  5%  116M 34s
 14500K .......... .......... .......... .......... ..........  6%  117M 34s
 14550K .......... .......... .......... .......... ..........  6% 77.3M 34s
 14600K .......... .......... .......... .......... ..........  6%  115M 34s
 14650K .......... .......... .......... .......... ..........  6%  117M 34s
 14700K .......... .......... .......... .......... ..........  6%  117M 34s
 14750K .......... .......... .......... .......... ..........  6%  115M 34s
 14800K .......... .......... .......... .......... ..........  6% 89.9M 34s
 14850K .......... .......... .......... .......... ..........  6%  117M 33s
 14900K .......... .......... .......... .......... ..........  6%  117M 33s
 14950K .......... .......... .......... .......... ..........  6%  117M 33s
 15000K .......... .......... .......... .......... ..........  6% 66.2M 33s
 15050K .......... .......... .......... .......... ..........  6%  117M 33s
 15100K .......... .......... .......... .......... ..........  6%  117M 33s
 15150K .......... .......... .......... .......... ..........  6%  117M 33s
 15200K .......... .......... .......... .......... ..........  6% 88.8M 33s
 15250K .......... .......... .......... .......... ..........  6% 53.9M 33s
 15300K .......... .......... .......... .......... ..........  6%  118M 33s
 15350K .......... .......... .......... .......... ..........  6%  113M 32s
 15400K .......... .......... .......... .......... ..........  6%  114M 32s
 15450K .......... .......... .......... .......... ..........  6%  117M 32s
 15500K .......... .......... .......... .......... ..........  6%  117M 32s
 15550K .......... .......... .......... .......... ..........  6%  117M 32s
 15600K .......... .......... .......... .......... ..........  6% 89.8M 32s
 15650K .......... .......... .......... .......... ..........  6%  117M 32s
 15700K .......... .......... .......... .......... ..........  6%  117M 32s
 15750K .......... .......... .......... .......... ..........  6%  117M 32s
 15800K .......... .......... .......... .......... ..........  6%  114M 31s
 15850K .......... .......... .......... .......... ..........  6%  118M 31s
 15900K .......... .......... .......... .......... ..........  6%  117M 31s
 15950K .......... .......... .......... .......... ..........  6%  117M 31s
 16000K .......... .......... .......... .......... ..........  6% 88.9M 31s
 16050K .......... .......... .......... .......... ..........  6%  117M 31s
 16100K .......... .......... .......... .......... ..........  6%  116M 31s
 16150K .......... .......... .......... .......... ..........  6%  118M 31s
 16200K .......... .......... .......... .......... ..........  6%  115M 31s
 16250K .......... .......... .......... .......... ..........  6%  117M 31s
 16300K .......... .......... .......... .......... ..........  6%  117M 31s
 16350K .......... .......... .......... .......... ..........  6%  115M 30s
 16400K .......... .......... .......... .......... ..........  6% 88.7M 30s
 16450K .......... .......... .......... .......... ..........  6%  117M 30s
 16500K .......... .......... .......... .......... ..........  6%  117M 30s
 16550K .......... .......... .......... .......... ..........  6%  117M 30s
 16600K .......... .......... .......... .......... ..........  6% 2.51M 30s
 13600K .......... .......... .......... .......... ..........  5%  355K 40s
 13650K .......... .......... .......... .......... ..........  5%  163M 40s
 13700K .......... .......... .......... .......... ..........  5%  118M 39s
 13750K .......... .......... .......... .......... ..........  5%  120M 39s
 13800K .......... .......... .......... .......... ..........  5%  115M 39s
 13850K .......... .......... .......... .......... ..........  5%  116M 39s
 13900K .......... .......... .......... .......... ..........  5%  117M 39s
 13950K .......... .......... .......... .......... ..........  5%  117M 39s
 14000K .......... .......... .......... .......... ..........  5% 88.8M 39s
 14050K .......... .......... .......... .......... ..........  5%  117M 38s
 14100K .......... .......... .......... .......... ..........  5%  117M 38s
 14150K .......... .......... .......... .......... ..........  5%  117M 38s
 14200K .......... .......... .......... .......... ..........  5%  115M 38s
 16650K .......... .......... .......... .......... ..........  6% 1.13M 31s
 14250K .......... .......... .......... .......... ..........  5% 59.2M 38s
 14300K .......... .......... .......... .......... ..........  5%  117M 38s
 14350K .......... .......... .......... .......... ..........  5%  117M 38s
 14400K .......... .......... .......... .......... ..........  5% 87.0M 37s
 14450K .......... .......... .......... .......... ..........  5%  117M 37s
 14500K .......... .......... .......... .......... ..........  6%  117M 37s
 14550K .......... .......... .......... .......... ..........  6%  117M 37s
 14600K .......... .......... .......... .......... ..........  6%  115M 37s
 14650K .......... .......... .......... .......... ..........  6%  115M 37s
 14700K .......... .......... .......... .......... ..........  6%  118M 37s
 14750K .......... .......... .......... .......... ..........  6%  117M 37s
 14800K .......... .......... .......... .......... ..........  6% 89.0M 36s
 14850K .......... .......... .......... .......... ..........  6%  117M 36s
 14900K .......... .......... .......... .......... ..........  6%  117M 36s
 14950K .......... .......... .......... .......... ..........  6%  117M 36s
 15000K .......... .......... .......... .......... ..........  6%  115M 36s
 15050K .......... .......... .......... .......... ..........  6%  117M 36s
 15100K .......... .......... .......... .......... ..........  6%  117M 36s
 15150K .......... .......... .......... .......... ..........  6%  117M 36s
 15200K .......... .......... .......... .......... ..........  6% 88.8M 35s
 15250K .......... .......... .......... .......... ..........  6%  117M 35s
 15300K .......... .......... .......... .......... ..........  6%  117M 35s
 15350K .......... .......... .......... .......... ..........  6%  117M 35s
 15400K .......... .......... .......... .......... ..........  6%  115M 35s
 15450K .......... .......... .......... .......... ..........  6%  117M 35s
 15500K .......... .......... .......... .......... ..........  6%  117M 35s
 15550K .......... .......... .......... .......... ..........  6%  117M 35s
 15600K .......... .......... .......... .......... ..........  6% 87.1M 35s
 15650K .......... .......... .......... .......... ..........  6%  117M 34s
 15700K .......... .......... .......... .......... ..........  6%  117M 34s
 15750K .......... .......... .......... .......... ..........  6%  117M 34s
 15800K .......... .......... .......... .......... ..........  6%  115M 34s
 15850K .......... .......... .......... .......... ..........  6% 2.23M 34s
 15900K .......... .......... .......... .......... ..........  6% 1.14M 35s
 16700K .......... .......... .......... .......... ..........  6%  519K 32s
 16750K .......... .......... .......... .......... ..........  6%  126M 32s
 16800K .......... .......... .......... .......... ..........  6% 41.9M 32s
 16850K .......... .......... .......... .......... ..........  6%  117M 32s
 16900K .......... .......... .......... .......... ..........  6%  117M 32s
 16950K .......... .......... .......... .......... ..........  7%  117M 31s
 17000K .......... .......... .......... .......... ..........  7%  115M 31s
 17050K .......... .......... .......... .......... ..........  7%  116M 31s
 17100K .......... .......... .......... .......... ..........  7%  114M 31s
 17150K .......... .......... .......... .......... ..........  7%  118M 31s
 17200K .......... .......... .......... .......... ..........  7% 87.6M 31s
 17250K .......... .......... .......... .......... ..........  7%  117M 31s
 17300K .......... .......... .......... .......... ..........  7%  117M 31s
 17350K .......... .......... .......... .......... ..........  7%  117M 31s
 17400K .......... .......... .......... .......... ..........  7%  114M 31s
 17450K .......... .......... .......... .......... ..........  7%  117M 31s
 17500K .......... .......... .......... .......... ..........  7%  117M 30s
 17550K .......... .......... .......... .......... ..........  7%  117M 30s
 17600K .......... .......... .......... .......... ..........  7% 89.8M 30s
 17650K .......... .......... .......... .......... ..........  7%  113M 30s
 17700K .......... .......... .......... .......... ..........  7%  117M 30s
 17750K .......... .......... .......... .......... ..........  7%  110M 30s
 17800K .......... .......... .......... .......... ..........  7%  115M 30s
 17850K .......... .......... .......... .......... ..........  7%  112M 30s
 17900K .......... .......... .......... .......... ..........  7% 56.5M 30s
 17950K .......... .......... .......... .......... ..........  7%  113M 30s
 18000K .......... .......... .......... .......... ..........  7% 89.9M 30s
 18050K .......... .......... .......... .......... ..........  7%  114M 30s
 18100K .......... .......... .......... .......... ..........  7%  117M 29s
 18150K .......... .......... .......... .......... ..........  7%  116M 29s
 18200K .......... .......... .......... .......... ..........  7%  115M 29s
 18250K .......... .......... .......... .......... ..........  7%  117M 29s
 18300K .......... .......... .......... .......... ..........  7% 47.8M 29s
 18350K .......... .......... .......... .......... ..........  7%  117M 29s
 18400K .......... .......... .......... .......... ..........  7% 88.0M 29s
 18450K .......... .......... .......... .......... ..........  7%  117M 29s
 18500K .......... .......... .......... .......... ..........  7%  117M 29s
 18550K .......... .......... .......... .......... ..........  7%  117M 29s
 18600K .......... .......... .......... .......... ..........  7%  114M 29s
 18650K .......... .......... .......... .......... ..........  7%  117M 29s
 18700K .......... .......... .......... .......... ..........  7%  117M 28s
 18750K .......... .......... .......... .......... ..........  7%  117M 28s
 18800K .......... .......... .......... .......... ..........  7% 89.6M 28s
 18850K .......... .......... .......... .......... ..........  7%  117M 28s
 18900K .......... .......... .......... .......... ..........  7%  116M 28s
 18950K .......... .......... .......... .......... ..........  7%  117M 28s
 19000K .......... .......... .......... .......... ..........  7%  114M 28s
 19050K .......... .......... .......... .......... ..........  7%  115M 28s
 19100K .......... .......... .......... .......... ..........  7%  118M 28s
 19150K .......... .......... .......... .......... ..........  7%  118M 28s
 19200K .......... .......... .......... .......... ..........  7% 87.6M 28s
 19250K .......... .......... .......... .......... ..........  7% 2.66M 28s
 19300K .......... .......... .......... .......... ..........  7% 73.7M 28s
 15950K .......... .......... .......... .......... ..........  6%  508K 36s
 16000K .......... .......... .......... .......... ..........  6%  123M 36s
 16050K .......... .......... .......... .......... ..........  6%  117M 36s
 16100K .......... .......... .......... .......... ..........  6%  117M 36s
 16150K .......... .......... .......... .......... ..........  6%  117M 36s
 16200K .......... .......... .......... .......... ..........  6%  116M 36s
 16250K .......... .......... .......... .......... ..........  6%  116M 35s
 16300K .......... .......... .......... .......... ..........  6%  117M 35s
 16350K .......... .......... .......... .......... ..........  6%  116M 35s
 16400K .......... .......... .......... .......... ..........  6% 89.2M 35s
 16450K .......... .......... .......... .......... ..........  6%  117M 35s
 16500K .......... .......... .......... .......... ..........  6%  117M 35s
 16550K .......... .......... .......... .......... ..........  6% 81.0M 35s
 16600K .......... .......... .......... .......... ..........  6%  115M 35s
 16650K .......... .......... .......... .......... ..........  6%  115M 35s
 16700K .......... .......... .......... .......... ..........  6%  119M 34s
 16750K .......... .......... .......... .......... ..........  6%  117M 34s
 16800K .......... .......... .......... .......... ..........  6% 87.0M 34s
 16850K .......... .......... .......... .......... ..........  6%  117M 34s
 16900K .......... .......... .......... .......... ..........  6%  117M 34s
 16950K .......... .......... .......... .......... ..........  7%  117M 34s
 17000K .......... .......... .......... .......... ..........  7%  114M 34s
 17050K .......... .......... .......... .......... ..........  7%  118M 34s
 17100K .......... .......... .......... .......... ..........  7%  117M 34s
 17150K .......... .......... .......... .......... ..........  7%  117M 34s
 17200K .......... .......... .......... .......... ..........  7% 89.0M 33s
 17250K .......... .......... .......... .......... ..........  7%  117M 33s
 17300K .......... .......... .......... .......... ..........  7%  117M 33s
 17350K .......... .......... .......... .......... ..........  7%  117M 33s
 17400K .......... .......... .......... .......... ..........  7%  114M 33s
 17450K .......... .......... .......... .......... ..........  7%  118M 33s
 17500K .......... .......... .......... .......... ..........  7%  117M 33s
 17550K .......... .......... .......... .......... ..........  7%  117M 33s
 17600K .......... .......... .......... .......... ..........  7% 87.0M 33s
 17650K .......... .......... .......... .......... ..........  7%  117M 33s
 17700K .......... .......... .......... .......... ..........  7%  117M 32s
 17750K .......... .......... .......... .......... ..........  7%  117M 32s
 17800K .......... .......... .......... .......... ..........  7%  115M 32s
 17850K .......... .......... .......... .......... ..........  7%  117M 32s
 17900K .......... .......... .......... .......... ..........  7%  117M 32s
 17950K .......... .......... .......... .......... ..........  7%  117M 32s
 18000K .......... .......... .......... .......... ..........  7% 88.8M 32s
 18050K .......... .......... .......... .......... ..........  7%  117M 32s
 18100K .......... .......... .......... .......... ..........  7%  117M 32s
 18150K .......... .......... .......... .......... ..........  7%  117M 32s
 18200K .......... .......... .......... .......... ..........  7%  115M 32s
 18250K .......... .......... .......... .......... ..........  7% 2.33M 32s
 18300K .......... .......... .......... .......... ..........  7% 63.4M 32s
 19350K .......... .......... .......... .......... ..........  8%  597K 29s
 19400K .......... .......... .......... .......... ..........  8%  893K 29s
 19450K .......... .......... .......... .......... ..........  8%  105M 29s
 19500K .......... .......... .......... .......... ..........  8% 48.5M 29s
 19550K .......... .......... .......... .......... ..........  8%  117M 29s
 19600K .......... .......... .......... .......... ..........  8% 89.9M 29s
 19650K .......... .......... .......... .......... ..........  8%  116M 29s
 19700K .......... .......... .......... .......... ..........  8%  117M 29s
 19750K .......... .......... .......... .......... ..........  8%  117M 29s
 19800K .......... .......... .......... .......... ..........  8%  114M 29s
 19850K .......... .......... .......... .......... ..........  8% 43.0M 29s
 19900K .......... .......... .......... .......... ..........  8%  115M 29s
 19950K .......... .......... .......... .......... ..........  8%  117M 28s
 20000K .......... .......... .......... .......... ..........  8% 88.8M 28s
 20050K .......... .......... .......... .......... ..........  8%  117M 28s
 20100K .......... .......... .......... .......... ..........  8%  117M 28s
 20150K .......... .......... .......... .......... ..........  8%  117M 28s
 20200K .......... .......... .......... .......... ..........  8%  115M 28s
 20250K .......... .......... .......... .......... ..........  8%  117M 28s
 20300K .......... .......... .......... .......... ..........  8%  115M 28s
 20350K .......... .......... .......... .......... ..........  8%  117M 28s
 20400K .......... .......... .......... .......... ..........  8% 89.5M 28s
 20450K .......... .......... .......... .......... ..........  8%  117M 28s
 20500K .......... .......... .......... .......... ..........  8%  117M 28s
 20550K .......... .......... .......... .......... ..........  8%  117M 28s
 20600K .......... .......... .......... .......... ..........  8%  114M 28s
 20650K .......... .......... .......... .......... ..........  8%  117M 27s
 20700K .......... .......... .......... .......... ..........  8%  117M 27s
 20750K .......... .......... .......... .......... ..........  8%  118M 27s
 20800K .......... .......... .......... .......... ..........  8% 87.1M 27s
 20850K .......... .......... .......... .......... ..........  8%  117M 27s
 20900K .......... .......... .......... .......... ..........  8%  117M 27s
 20950K .......... .......... .......... .......... ..........  8%  117M 27s
 21000K .......... .......... .......... .......... ..........  8% 59.0M 27s
 21050K .......... .......... .......... .......... ..........  8%  116M 27s
 21100K .......... .......... .......... .......... ..........  8%  116M 27s
 21150K .......... .......... .......... .......... ..........  8%  117M 27s
 21200K .......... .......... .......... .......... ..........  8% 89.8M 27s
 21250K .......... .......... .......... .......... ..........  8%  117M 27s
 21300K .......... .......... .......... .......... ..........  8%  117M 27s
 21350K .......... .......... .......... .......... ..........  8% 45.3M 27s
 21400K .......... .......... .......... .......... ..........  8%  115M 26s
 21450K .......... .......... .......... .......... ..........  8%  114M 26s
 21500K .......... .......... .......... .......... ..........  8%  118M 26s
 21550K .......... .......... .......... .......... ..........  8%  116M 26s
 21600K .......... .......... .......... .......... ..........  8% 88.8M 26s
 21650K .......... .......... .......... .......... ..........  8%  117M 26s
 21700K .......... .......... .......... .......... ..........  8%  117M 26s
 21750K .......... .......... .......... .......... ..........  8%  117M 26s
 21800K .......... .......... .......... .......... ..........  9%  115M 26s
 21850K .......... .......... .......... .......... ..........  9%  116M 26s
 21900K .......... .......... .......... .......... ..........  9%  117M 26s
 21950K .......... .......... .......... .......... ..........  9%  117M 26s
 22000K .......... .......... .......... .......... ..........  9% 2.72M 26s
 18350K .......... .......... .......... .......... ..........  7%  355K 33s
 18400K .......... .......... .......... .......... ..........  7%  122M 33s
 18450K .......... .......... .......... .......... ..........  7%  117M 33s
 18500K .......... .......... .......... .......... ..........  7%  117M 33s
 18550K .......... .......... .......... .......... ..........  7%  117M 33s
 18600K .......... .......... .......... .......... ..........  7%  115M 33s
 18650K .......... .......... .......... .......... ..........  7%  116M 33s
 18700K .......... .......... .......... .......... ..........  7%  116M 33s
 18750K .......... .......... .......... .......... ..........  7%  117M 33s
 18800K .......... .......... .......... .......... ..........  7% 87.0M 32s
 18850K .......... .......... .......... .......... ..........  7%  117M 32s
 18900K .......... .......... .......... .......... ..........  7%  117M 32s
 18950K .......... .......... .......... .......... ..........  7%  117M 32s
 19000K .......... .......... .......... .......... ..........  7%  106M 32s
 19050K .......... .......... .......... .......... ..........  7%  117M 32s
 19100K .......... .......... .......... .......... ..........  7%  117M 32s
 19150K .......... .......... .......... .......... ..........  7%  117M 32s
 19200K .......... .......... .......... .......... ..........  7% 89.1M 32s
 19250K .......... .......... .......... .......... ..........  7%  117M 32s
 19300K .......... .......... .......... .......... ..........  7%  117M 32s
 19350K .......... .......... .......... .......... ..........  8%  117M 32s
 19400K .......... .......... .......... .......... ..........  8%  115M 31s
 19450K .......... .......... .......... .......... ..........  8%  117M 31s
 19500K .......... .......... .......... .......... ..........  8%  117M 31s
 19550K .......... .......... .......... .......... ..........  8%  115M 31s
 19600K .......... .......... .......... .......... ..........  8% 89.9M 31s
 19650K .......... .......... .......... .......... ..........  8%  117M 31s
 19700K .......... .......... .......... .......... ..........  8%  117M 31s
 19750K .......... .......... .......... .......... ..........  8%  117M 31s
 19800K .......... .......... .......... .......... ..........  8%  115M 31s
 19850K .......... .......... .......... .......... ..........  8%  117M 31s
 19900K .......... .......... .......... .......... ..........  8%  117M 31s
 19950K .......... .......... .......... .......... ..........  8%  117M 31s
 20000K .......... .......... .......... .......... ..........  8% 86.9M 30s
 20050K .......... .......... .......... .......... ..........  8%  117M 30s
 20100K .......... .......... .......... .......... ..........  8%  117M 30s
 20150K .......... .......... .......... .......... ..........  8%  117M 30s
 20200K .......... .......... .......... .......... ..........  8%  116M 30s
 20250K .......... .......... .......... .......... ..........  8%  117M 30s
 20300K .......... .......... .......... .......... ..........  8%  117M 30s
 20350K .......... .......... .......... .......... ..........  8%  117M 30s
 20400K .......... .......... .......... .......... ..........  8% 88.8M 30s
 20450K .......... .......... .......... .......... ..........  8%  116M 30s
 20500K .......... .......... .......... .......... ..........  8%  117M 30s
 20550K .......... .......... .......... .......... ..........  8%  117M 30s
 20600K .......... .......... .......... .......... ..........  8%  115M 30s
 20650K .......... .......... .......... .......... ..........  8%  117M 29s
 20700K .......... .......... .......... .......... ..........  8%  117M 29s
 20750K .......... .......... .......... .......... ..........  8%  117M 29s
 20800K .......... .......... .......... .......... ..........  8% 2.37M 29s
 22050K .......... .......... .......... .......... ..........  9%  582K 27s
 22100K .......... .......... .......... .......... ..........  9%  929K 27s
 22150K .......... .......... .......... .......... ..........  9%  118M 27s
 22200K .......... .......... .......... .......... ..........  9% 49.1M 27s
 22250K .......... .......... .......... .......... ..........  9%  108M 27s
 22300K .......... .......... .......... .......... ..........  9%  117M 27s
 22350K .......... .......... .......... .......... ..........  9%  104M 27s
 22400K .......... .......... .......... .......... ..........  9% 87.0M 27s
 22450K .......... .......... .......... .......... ..........  9%  117M 27s
 22500K .......... .......... .......... .......... ..........  9%  117M 27s
 22550K .......... .......... .......... .......... ..........  9% 45.4M 27s
 22600K .......... .......... .......... .......... ..........  9%  114M 27s
 22650K .......... .......... .......... .......... ..........  9%  117M 27s
 22700K .......... .......... .......... .......... ..........  9%  117M 26s
 22750K .......... .......... .......... .......... ..........  9%  117M 26s
 22800K .......... .......... .......... .......... ..........  9% 89.8M 26s
 22850K .......... .......... .......... .......... ..........  9%  117M 26s
 22900K .......... .......... .......... .......... ..........  9% 38.5M 26s
 22950K .......... .......... .......... .......... ..........  9%  117M 26s
 23000K .......... .......... .......... .......... ..........  9%  114M 26s
 23050K .......... .......... .......... .......... ..........  9%  117M 26s
 23100K .......... .......... .......... .......... ..........  9%  117M 26s
 23150K .......... .......... .......... .......... ..........  9%  116M 26s
 23200K .......... .......... .......... .......... ..........  9% 90.0M 26s
 23250K .......... .......... .......... .......... ..........  9%  116M 26s
 23300K .......... .......... .......... .......... ..........  9%  117M 26s
 23350K .......... .......... .......... .......... ..........  9%  117M 26s
 23400K .......... .......... .......... .......... ..........  9%  113M 26s
 23450K .......... .......... .......... .......... ..........  9%  118M 26s
 23500K .......... .......... .......... .......... ..........  9%  117M 26s
 23550K .......... .......... .......... .......... ..........  9%  116M 25s
 23600K .......... .......... .......... .......... ..........  9% 87.7M 25s
 23650K .......... .......... .......... .......... ..........  9%  117M 25s
 23700K .......... .......... .......... .......... ..........  9%  117M 25s
 23750K .......... .......... .......... .......... ..........  9%  117M 25s
 23800K .......... .......... .......... .......... ..........  9%  114M 25s
 23850K .......... .......... .......... .......... ..........  9%  118M 25s
 23900K .......... .......... .......... .......... ..........  9%  117M 25s
 23950K .......... .......... .......... .......... ..........  9%  117M 25s
 24000K .......... .......... .......... .......... ..........  9% 89.7M 25s
 24050K .......... .......... .......... .......... ..........  9% 80.0M 25s
 24100K .......... .......... .......... .......... ..........  9%  105M 25s
 24150K .......... .......... .......... .......... ..........  9%  117M 25s
 24200K .......... .......... .......... .......... .......... 10%  114M 25s
 24250K .......... .......... .......... .......... .......... 10%  117M 25s
 24300K .......... .......... .......... .......... .......... 10%  117M 25s
 24350K .......... .......... .......... .......... .......... 10%  117M 25s
 24400K .......... .......... .......... .......... .......... 10% 89.7M 25s
 24450K .......... .......... .......... .......... .......... 10% 39.2M 25s
 24500K .......... .......... .......... .......... .......... 10%  117M 24s
 24550K .......... .......... .......... .......... .......... 10%  116M 24s
 24600K .......... .......... .......... .......... .......... 10%  115M 24s
 24650K .......... .......... .......... .......... .......... 10%  117M 24s
 24700K .......... .......... .......... .......... .......... 10% 2.90M 24s
 20850K .......... .......... .......... .......... ..........  8%  355K 31s
 20900K .......... .......... .......... .......... ..........  8%  158M 31s
 20950K .......... .......... .......... .......... ..........  8%  117M 31s
 21000K .......... .......... .......... .......... ..........  8% 29.0M 31s
 21050K .......... .......... .......... .......... ..........  8%  117M 31s
 21100K .......... .......... .......... .......... ..........  8%  117M 31s
 21150K .......... .......... .......... .......... ..........  8%  116M 30s
 21200K .......... .......... .......... .......... ..........  8% 89.0M 30s
 21250K .......... .......... .......... .......... ..........  8%  117M 30s
 21300K .......... .......... .......... .......... ..........  8%  117M 30s
 21350K .......... .......... .......... .......... ..........  8%  117M 30s
 21400K .......... .......... .......... .......... ..........  8%  115M 30s
 21450K .......... .......... .......... .......... ..........  8%  116M 30s
 21500K .......... .......... .......... .......... ..........  8%  117M 30s
 21550K .......... .......... .......... .......... ..........  8%  117M 30s
 21600K .......... .......... .......... .......... ..........  8% 89.1M 30s
 21650K .......... .......... .......... .......... ..........  8%  117M 30s
 21700K .......... .......... .......... .......... ..........  8%  117M 30s
 21750K .......... .......... .......... .......... ..........  8%  117M 30s
 21800K .......... .......... .......... .......... ..........  9%  115M 30s
 21850K .......... .......... .......... .......... ..........  9%  117M 29s
 21900K .......... .......... .......... .......... ..........  9%  115M 29s
 21950K .......... .......... .......... .......... ..........  9%  118M 29s
 22000K .......... .......... .......... .......... ..........  9% 87.0M 29s
 22050K .......... .......... .......... .......... ..........  9%  117M 29s
 22100K .......... .......... .......... .......... ..........  9%  117M 29s
 22150K .......... .......... .......... .......... ..........  9%  117M 29s
 22200K .......... .......... .......... .......... ..........  9%  115M 29s
 22250K .......... .......... .......... .......... ..........  9%  116M 29s
 22300K .......... .......... .......... .......... ..........  9%  117M 29s
 22350K .......... .......... .......... .......... ..........  9%  117M 29s
 22400K .......... .......... .......... .......... ..........  9% 88.8M 29s
 22450K .......... .......... .......... .......... ..........  9%  117M 29s
 22500K .......... .......... .......... .......... ..........  9%  117M 29s
 22550K .......... .......... .......... .......... ..........  9%  117M 29s
 22600K .......... .......... .......... .......... ..........  9%  115M 28s
 22650K .......... .......... .......... .......... ..........  9%  117M 28s
 22700K .......... .......... .......... .......... ..........  9%  115M 28s
 22750K .......... .......... .......... .......... ..........  9%  119M 28s
 22800K .......... .......... .......... .......... ..........  9% 89.1M 28s
 22850K .......... .......... .......... .......... ..........  9%  117M 28s
 22900K .......... .......... .......... .......... ..........  9%  117M 28s
 22950K .......... .......... .......... .......... ..........  9%  117M 28s
 23000K .......... .......... .......... .......... ..........  9%  115M 28s
 23050K .......... .......... .......... .......... ..........  9%  117M 28s
 23100K .......... .......... .......... .......... ..........  9%  117M 28s
 23150K .......... .......... .......... .......... ..........  9%  117M 28s
 23200K .......... .......... .......... .......... ..........  9% 87.0M 28s
 23250K .......... .......... .......... .......... ..........  9%  117M 28s
 23300K .......... .......... .......... .......... ..........  9%  117M 28s
 23350K .......... .......... .......... .......... ..........  9%  117M 27s
 23400K .......... .......... .......... .......... ..........  9% 2.45M 28s
 24750K .......... .......... .......... .......... .......... 10%  597K 25s
 24800K .......... .......... .......... .......... .......... 10%  892K 26s
 24850K .......... .......... .......... .......... .......... 10%  111M 25s
 24900K .......... .......... .......... .......... .......... 10% 47.5M 25s
 24950K .......... .......... .......... .......... .......... 10%  101M 25s
 25000K .......... .......... .......... .......... .......... 10%  115M 25s
 25050K .......... .......... .......... .......... .......... 10%  111M 25s
 25100K .......... .......... .......... .......... .......... 10%  114M 25s
 25150K .......... .......... .......... .......... .......... 10%  116M 25s
 25200K .......... .......... .......... .......... .......... 10% 88.9M 25s
 25250K .......... .......... .......... .......... .......... 10% 47.1M 25s
 25300K .......... .......... .......... .......... .......... 10%  117M 25s
 25350K .......... .......... .......... .......... .......... 10%  117M 25s
 25400K .......... .......... .......... .......... .......... 10%  115M 25s
 25450K .......... .......... .......... .......... .......... 10%  109M 25s
 25500K .......... .......... .......... .......... .......... 10%  117M 25s
 25550K .......... .......... .......... .......... .......... 10%  117M 25s
 25600K .......... .......... .......... .......... .......... 10% 35.2M 25s
 25650K .......... .......... .......... .......... .......... 10%  114M 25s
 25700K .......... .......... .......... .......... .......... 10%  117M 25s
 25750K .......... .......... .......... .......... .......... 10%  117M 25s
 25800K .......... .......... .......... .......... .......... 10%  114M 25s
 25850K .......... .......... .......... .......... .......... 10%  117M 24s
 25900K .......... .......... .......... .......... .......... 10% 33.8M 24s
 25950K .......... .......... .......... .......... .......... 10%  117M 24s
 26000K .......... .......... .......... .......... .......... 10% 87.8M 24s
 26050K .......... .......... .......... .......... .......... 10%  117M 24s
 26100K .......... .......... .......... .......... .......... 10%  117M 24s
 26150K .......... .......... .......... .......... .......... 10%  117M 24s
 26200K .......... .......... .......... .......... .......... 10%  115M 24s
 26250K .......... .......... .......... .......... .......... 10%  116M 24s
 26300K .......... .......... .......... .......... .......... 10%  118M 24s
 26350K .......... .......... .......... .......... .......... 10%  117M 24s
 26400K .......... .......... .......... .......... .......... 10% 88.8M 24s
 26450K .......... .......... .......... .......... .......... 10%  117M 24s
 26500K .......... .......... .......... .......... .......... 10%  117M 24s
 26550K .......... .......... .......... .......... .......... 10%  117M 24s
 26600K .......... .......... .......... .......... .......... 10%  114M 24s
 26650K .......... .......... .......... .......... .......... 11%  117M 24s
 26700K .......... .......... .......... .......... .......... 11%  117M 24s
 26750K .......... .......... .......... .......... .......... 11%  115M 24s
 26800K .......... .......... .......... .......... .......... 11% 88.5M 24s
 26850K .......... .......... .......... .......... .......... 11%  117M 24s
 26900K .......... .......... .......... .......... .......... 11%  117M 23s
 26950K .......... .......... .......... .......... .......... 11%  117M 23s
 27000K .......... .......... .......... .......... .......... 11%  115M 23s
 27050K .......... .......... .......... .......... .......... 11%  117M 23s
 27100K .......... .......... .......... .......... .......... 11%  117M 23s
 27150K .......... .......... .......... .......... .......... 11%  111M 23s
 27200K .......... .......... .......... .......... .......... 11% 80.7M 23s
 27250K .......... .......... .......... .......... .......... 11%  109M 23s
 27300K .......... .......... .......... .......... .......... 11%  117M 23s
 27350K .......... .......... .......... .......... .......... 11%  116M 23s
 23450K .......... .......... .......... .......... ..........  9%  358K 29s
 23500K .......... .......... .......... .......... ..........  9% 25.1M 29s
 23550K .......... .......... .......... .......... ..........  9%  118M 29s
 23600K .......... .......... .......... .......... ..........  9% 28.3M 29s
 23650K .......... .......... .......... .......... ..........  9%  117M 29s
 23700K .......... .......... .......... .......... ..........  9%  116M 29s
 23750K .......... .......... .......... .......... ..........  9%  117M 28s
 23800K .......... .......... .......... .......... ..........  9%  115M 28s
 23850K .......... .......... .......... .......... ..........  9%  117M 28s
 23900K .......... .......... .......... .......... ..........  9%  117M 28s
 23950K .......... .......... .......... .......... ..........  9%  117M 28s
 24000K .......... .......... .......... .......... ..........  9% 87.0M 28s
 24050K .......... .......... .......... .......... ..........  9%  117M 28s
 24100K .......... .......... .......... .......... ..........  9%  117M 28s
 24150K .......... .......... .......... .......... ..........  9%  117M 28s
 24200K .......... .......... .......... .......... .......... 10%  115M 28s
 24250K .......... .......... .......... .......... .......... 10%  116M 28s
 24300K .......... .......... .......... .......... .......... 10%  118M 28s
 24350K .......... .......... .......... .......... .......... 10%  117M 28s
 24400K .......... .......... .......... .......... .......... 10% 89.1M 28s
 24450K .......... .......... .......... .......... .......... 10%  117M 28s
 24500K .......... .......... .......... .......... .......... 10%  117M 28s
 24550K .......... .......... .......... .......... .......... 10%  117M 28s
 24600K .......... .......... .......... .......... .......... 10%  115M 27s
 24650K .......... .......... .......... .......... .......... 10%  117M 27s
 24700K .......... .......... .......... .......... .......... 10%  117M 27s
 24750K .......... .......... .......... .......... .......... 10%  116M 27s
 24800K .......... .......... .......... .......... .......... 10% 89.0M 27s
 24850K .......... .......... .......... .......... .......... 10%  117M 27s
 24900K .......... .......... .......... .......... .......... 10%  117M 27s
 24950K .......... .......... .......... .......... .......... 10%  117M 27s
 25000K .......... .......... .......... .......... .......... 10%  115M 27s
 25050K .......... .......... .......... .......... .......... 10% 40.0M 27s
 25100K .......... .......... .......... .......... .......... 10%  117M 27s
 25150K .......... .......... .......... .......... .......... 10%  117M 27s
 25200K .......... .......... .......... .......... .......... 10% 87.0M 27s
 25250K .......... .......... .......... .......... .......... 10%  117M 27s
 25300K .......... .......... .......... .......... .......... 10%  117M 27s
 25350K .......... .......... .......... .......... .......... 10%  117M 27s
 25400K .......... .......... .......... .......... .......... 10%  115M 27s
 25450K .......... .......... .......... .......... .......... 10%  117M 27s
 25500K .......... .......... .......... .......... .......... 10%  116M 26s
 25550K .......... .......... .......... .......... .......... 10%  118M 26s
 25600K .......... .......... .......... .......... .......... 10% 89.0M 26s
 25650K .......... .......... .......... .......... .......... 10%  117M 26s
 25700K .......... .......... .......... .......... .......... 10%  117M 26s
 25750K .......... .......... .......... .......... .......... 10%  117M 26s
 25800K .......... .......... .......... .......... .......... 10%  116M 26s
 25850K .......... .......... .......... .......... .......... 10%  117M 26s
 25900K .......... .......... .......... .......... .......... 10%  117M 26s
 25950K .......... .......... .......... .......... .......... 10%  116M 26s
 26000K .......... .......... .......... .......... .......... 10% 3.06M 26s
 26050K .......... .......... .......... .......... .......... 10% 1.19M 26s
 27400K .......... .......... .......... .......... .......... 11%  341K 24s
 27450K .......... .......... .......... .......... .......... 11%  144M 24s
 27500K .......... .......... .......... .......... .......... 11%  117M 24s
 27550K .......... .......... .......... .......... .......... 11% 5.17M 24s
 27600K .......... .......... .......... .......... .......... 11% 84.9M 24s
 27650K .......... .......... .......... .......... .......... 11% 49.7M 24s
 27700K .......... .......... .......... .......... .......... 11% 93.1M 24s
 27750K .......... .......... .......... .......... .......... 11%  117M 24s
 27800K .......... .......... .......... .......... .......... 11%  105M 24s
 27850K .......... .......... .......... .......... .......... 11%  115M 24s
 27900K .......... .......... .......... .......... .......... 11%  117M 24s
 27950K .......... .......... .......... .......... .......... 11%  117M 24s
 28000K .......... .......... .......... .......... .......... 11% 41.9M 24s
 28050K .......... .......... .......... .......... .......... 11%  117M 24s
 28100K .......... .......... .......... .......... .......... 11%  117M 24s
 28150K .......... .......... .......... .......... .......... 11%  112M 24s
 28200K .......... .......... .......... .......... .......... 11%  109M 24s
 28250K .......... .......... .......... .......... .......... 11%  117M 23s
 28300K .......... .......... .......... .......... .......... 11%  113M 23s
 28350K .......... .......... .......... .......... .......... 11% 40.2M 23s
 28400K .......... .......... .......... .......... .......... 11% 86.1M 23s
 28450K .......... .......... .......... .......... .......... 11%  116M 23s
 28500K .......... .......... .......... .......... .......... 11%  114M 23s
 28550K .......... .......... .......... .......... .......... 11%  116M 23s
 28600K .......... .......... .......... .......... .......... 11%  115M 23s
 28650K .......... .......... .......... .......... .......... 11% 33.6M 23s
 28700K .......... .......... .......... .......... .......... 11%  117M 23s
 28750K .......... .......... .......... .......... .......... 11% 33.4M 23s
 28800K .......... .......... .......... .......... .......... 11% 88.9M 23s
 28850K .......... .......... .......... .......... .......... 11%  115M 23s
 28900K .......... .......... .......... .......... .......... 11%  118M 23s
 28950K .......... .......... .......... .......... .......... 11%  117M 23s
 29000K .......... .......... .......... .......... .......... 11%  115M 23s
 29050K .......... .......... .......... .......... .......... 12%  117M 23s
 29100K .......... .......... .......... .......... .......... 12%  115M 23s
 29150K .......... .......... .......... .......... .......... 12%  118M 23s
 29200K .......... .......... .......... .......... .......... 12% 86.9M 23s
 29250K .......... .......... .......... .......... .......... 12%  117M 23s
 29300K .......... .......... .......... .......... .......... 12%  117M 23s
 29350K .......... .......... .......... .......... .......... 12%  117M 23s
 29400K .......... .......... .......... .......... .......... 12%  114M 23s
 29450K .......... .......... .......... .......... .......... 12%  115M 23s
 29500K .......... .......... .......... .......... .......... 12%  119M 22s
 29550K .......... .......... .......... .......... .......... 12%  117M 22s
 29600K .......... .......... .......... .......... .......... 12% 89.5M 22s
 29650K .......... .......... .......... .......... .......... 12%  117M 22s
 29700K .......... .......... .......... .......... .......... 12%  117M 22s
 29750K .......... .......... .......... .......... .......... 12%  117M 22s
 29800K .......... .......... .......... .......... .......... 12%  115M 22s
 29850K .......... .......... .......... .......... .......... 12%  117M 22s
 29900K .......... .......... .......... .......... .......... 12%  117M 22s
 29950K .......... .......... .......... .......... .......... 12%  115M 22s
 30000K .......... .......... .......... .......... .......... 12% 89.7M 22s
 30050K .......... .......... .......... .......... .......... 12%  117M 22s
 26100K .......... .......... .......... .......... .......... 10%  500K 27s
 26150K .......... .......... .......... .......... .......... 10% 23.5M 27s
 26200K .......... .......... .......... .......... .......... 10% 31.4M 27s
 26250K .......... .......... .......... .......... .......... 10%  118M 27s
 26300K .......... .......... .......... .......... .......... 10%  117M 27s
 26350K .......... .......... .......... .......... .......... 10%  117M 27s
 26400K .......... .......... .......... .......... .......... 10% 88.8M 27s
 26450K .......... .......... .......... .......... .......... 10%  117M 27s
 26500K .......... .......... .......... .......... .......... 10%  117M 27s
 26550K .......... .......... .......... .......... .......... 10%  117M 27s
 26600K .......... .......... .......... .......... .......... 10%  114M 27s
 26650K .......... .......... .......... .......... .......... 11%  118M 27s
 26700K .......... .......... .......... .......... .......... 11%  117M 27s
 26750K .......... .......... .......... .......... .......... 11%  117M 26s
 26800K .......... .......... .......... .......... .......... 11% 87.0M 26s
 26850K .......... .......... .......... .......... .......... 11%  117M 26s
 26900K .......... .......... .......... .......... .......... 11%  116M 26s
 26950K .......... .......... .......... .......... .......... 11%  117M 26s
 27000K .......... .......... .......... .......... .......... 11%  115M 26s
 27050K .......... .......... .......... .......... .......... 11%  117M 26s
 27100K .......... .......... .......... .......... .......... 11%  117M 26s
 27150K .......... .......... .......... .......... .......... 11%  117M 26s
 27200K .......... .......... .......... .......... .......... 11% 88.9M 26s
 27250K .......... .......... .......... .......... .......... 11%  117M 26s
 27300K .......... .......... .......... .......... .......... 11%  117M 26s
 27350K .......... .......... .......... .......... .......... 11%  117M 26s
 27400K .......... .......... .......... .......... .......... 11% 63.9M 26s
 27450K .......... .......... .......... .......... .......... 11%  117M 26s
 27500K .......... .......... .......... .......... .......... 11% 28.8M 26s
 27550K .......... .......... .......... .......... .......... 11%  136M 26s
 27600K .......... .......... .......... .......... .......... 11% 88.8M 26s
 27650K .......... .......... .......... .......... .......... 11%  117M 26s
 27700K .......... .......... .......... .......... .......... 11%  117M 26s
 27750K .......... .......... .......... .......... .......... 11%  117M 25s
 27800K .......... .......... .......... .......... .......... 11%  115M 25s
 27850K .......... .......... .......... .......... .......... 11%  117M 25s
 27900K .......... .......... .......... .......... .......... 11%  117M 25s
 27950K .......... .......... .......... .......... .......... 11%  117M 25s
 28000K .......... .......... .......... .......... .......... 11% 87.1M 25s
 28050K .......... .......... .......... .......... .......... 11%  117M 25s
 28100K .......... .......... .......... .......... .......... 11%  117M 25s
 28150K .......... .......... .......... .......... .......... 11%  117M 25s
 28200K .......... .......... .......... .......... .......... 11%  115M 25s
 28250K .......... .......... .......... .......... .......... 11%  117M 25s
 28300K .......... .......... .......... .......... .......... 11%  117M 25s
 28350K .......... .......... .......... .......... .......... 11%  117M 25s
 28400K .......... .......... .......... .......... .......... 11% 88.8M 25s
 28450K .......... .......... .......... .......... .......... 11%  117M 25s
 28500K .......... .......... .......... .......... .......... 11%  117M 25s
 28550K .......... .......... .......... .......... .......... 11%  117M 25s
 28600K .......... .......... .......... .......... .......... 11%  115M 25s
 28650K .......... .......... .......... .......... .......... 11%  117M 25s
 28700K .......... .......... .......... .......... .......... 11%  117M 25s
 28750K .......... .......... .......... .......... .......... 11% 3.46M 25s
 30100K .......... .......... .......... .......... .......... 12%  343K 23s
 30150K .......... .......... .......... .......... .......... 12%  159M 23s
 30200K .......... .......... .......... .......... .......... 12%  113M 23s
 30250K .......... .......... .......... .......... .......... 12% 4.45M 23s
 30300K .......... .......... .......... .......... .......... 12%  117M 23s
 30350K .......... .......... .......... .......... .......... 12%  113M 23s
 30400K .......... .......... .......... .......... .......... 12% 89.4M 23s
 30450K .......... .......... .......... .......... .......... 12%  117M 23s
 30500K .......... .......... .......... .......... .......... 12%  117M 23s
 30550K .......... .......... .......... .......... .......... 12%  117M 23s
 30600K .......... .......... .......... .......... .......... 12%  115M 23s
 30650K .......... .......... .......... .......... .......... 12%  117M 23s
 30700K .......... .......... .......... .......... .......... 12%  117M 23s
 30750K .......... .......... .......... .......... .......... 12%  116M 23s
 30800K .......... .......... .......... .......... .......... 12% 89.8M 23s
 30850K .......... .......... .......... .......... .......... 12%  117M 22s
 30900K .......... .......... .......... .......... .......... 12%  117M 22s
 30950K .......... .......... .......... .......... .......... 12%  117M 22s
 31000K .......... .......... .......... .......... .......... 12%  114M 22s
 31050K .......... .......... .......... .......... .......... 12% 54.0M 22s
 31100K .......... .......... .......... .......... .......... 12%  112M 22s
 31150K .......... .......... .......... .......... .......... 12%  110M 22s
 31200K .......... .......... .......... .......... .......... 12% 87.9M 22s
 31250K .......... .......... .......... .......... .......... 12%  116M 22s
 31300K .......... .......... .......... .......... .......... 12%  117M 22s
 31350K .......... .......... .......... .......... .......... 12% 33.7M 22s
 31400K .......... .......... .......... .......... .......... 12%  103M 22s
 31450K .......... .......... .......... .......... .......... 13%  115M 22s
 31500K .......... .......... .......... .......... .......... 13% 34.4M 22s
 31550K .......... .......... .......... .......... .......... 13%  116M 22s
 31600K .......... .......... .......... .......... .......... 13% 86.5M 22s
 31650K .......... .......... .......... .......... .......... 13%  117M 22s
 31700K .......... .......... .......... .......... .......... 13%  117M 22s
 31750K .......... .......... .......... .......... .......... 13% 32.8M 22s
 31800K .......... .......... .......... .......... .......... 13%  116M 22s
 31850K .......... .......... .......... .......... .......... 13%  119M 22s
 31900K .......... .......... .......... .......... .......... 13%  116M 22s
 31950K .......... .......... .......... .......... .......... 13%  115M 22s
 32000K .......... .......... .......... .......... .......... 13% 88.8M 22s
 32050K .......... .......... .......... .......... .......... 13%  117M 22s
 32100K .......... .......... .......... .......... .......... 13%  116M 22s
 32150K .......... .......... .......... .......... .......... 13%  117M 22s
 32200K .......... .......... .......... .......... .......... 13%  115M 22s
 32250K .......... .......... .......... .......... .......... 13%  117M 21s
 32300K .......... .......... .......... .......... .......... 13%  117M 21s
 32350K .......... .......... .......... .......... .......... 13%  117M 21s
 32400K .......... .......... .......... .......... .......... 13% 88.8M 21s
 32450K .......... .......... .......... .......... .......... 13%  115M 21s
 32500K .......... .......... .......... .......... .......... 13%  119M 21s
 32550K .......... .......... .......... .......... .......... 13%  117M 21s
 32600K .......... .......... .......... .......... .......... 13%  114M 21s
 32650K .......... .......... .......... .......... .......... 13%  117M 21s
 32700K .......... .......... .......... .......... .......... 13%  117M 21s
 32750K .......... .......... .......... .......... .......... 13%  116M 21s
 28800K .......... .......... .......... .......... .......... 11%  354K 26s
 28850K .......... .......... .......... .......... .......... 11%  162M 26s
 28900K .......... .......... .......... .......... .......... 11% 27.5M 26s
 28950K .......... .......... .......... .......... .......... 11% 31.5M 25s
 29000K .......... .......... .......... .......... .......... 11% 28.1M 25s
 29050K .......... .......... .......... .......... .......... 12%  117M 25s
 29100K .......... .......... .......... .......... .......... 12%  115M 25s
 29150K .......... .......... .......... .......... .......... 12%  115M 25s
 29200K .......... .......... .......... .......... .......... 12% 89.1M 25s
 29250K .......... .......... .......... .......... .......... 12%  117M 25s
 29300K .......... .......... .......... .......... .......... 12%  117M 25s
 29350K .......... .......... .......... .......... .......... 12%  117M 25s
 29400K .......... .......... .......... .......... .......... 12%  115M 25s
 29450K .......... .......... .......... .......... .......... 12%  117M 25s
 29500K .......... .......... .......... .......... .......... 12%  115M 25s
 29550K .......... .......... .......... .......... .......... 12%  117M 25s
 29600K .......... .......... .......... .......... .......... 12% 87.8M 25s
 29650K .......... .......... .......... .......... .......... 12%  117M 25s
 29700K .......... .......... .......... .......... .......... 12%  117M 25s
 29750K .......... .......... .......... .......... .......... 12%  117M 25s
 29800K .......... .......... .......... .......... .......... 12%  115M 25s
 29850K .......... .......... .......... .......... .......... 12%  117M 25s
 29900K .......... .......... .......... .......... .......... 12%  117M 25s
 29950K .......... .......... .......... .......... .......... 12%  117M 25s
 30000K .......... .......... .......... .......... .......... 12% 88.8M 25s
 30050K .......... .......... .......... .......... .......... 12%  117M 25s
 30100K .......... .......... .......... .......... .......... 12%  117M 24s
 30150K .......... .......... .......... .......... .......... 12%  116M 24s
 30200K .......... .......... .......... .......... .......... 12%  116M 24s
 30250K .......... .......... .......... .......... .......... 12% 84.7M 24s
 30300K .......... .......... .......... .......... .......... 12%  104M 24s
 30350K .......... .......... .......... .......... .......... 12%  117M 24s
 30400K .......... .......... .......... .......... .......... 12% 89.0M 24s
 30450K .......... .......... .......... .......... .......... 12%  117M 24s
 30500K .......... .......... .......... .......... .......... 12%  117M 24s
 30550K .......... .......... .......... .......... .......... 12%  117M 24s
 30600K .......... .......... .......... .......... .......... 12% 27.4M 24s
 30650K .......... .......... .......... .......... .......... 12%  117M 24s
 30700K .......... .......... .......... .......... .......... 12%  117M 24s
 30750K .......... .......... .......... .......... .......... 12%  114M 24s
 30800K .......... .......... .......... .......... .......... 12% 89.1M 24s
 30850K .......... .......... .......... .......... .......... 12%  117M 24s
 30900K .......... .......... .......... .......... .......... 12%  117M 24s
 30950K .......... .......... .......... .......... .......... 12%  117M 24s
 31000K .......... .......... .......... .......... .......... 12%  115M 24s
 31050K .......... .......... .......... .......... .......... 12%  117M 24s
 31100K .......... .......... .......... .......... .......... 12%  117M 24s
 31150K .......... .......... .......... .......... .......... 12%  117M 24s
 31200K .......... .......... .......... .......... .......... 12% 87.0M 24s
 31250K .......... .......... .......... .......... .......... 12%  117M 24s
 31300K .......... .......... .......... .......... .......... 12%  117M 23s
 31350K .......... .......... .......... .......... .......... 12%  117M 23s
 31400K .......... .......... .......... .......... .......... 12%  115M 23s
 31450K .......... .......... .......... .......... .......... 13%  117M 23s
 31500K .......... .......... .......... .......... .......... 13% 3.83M 23s
 32800K .......... .......... .......... .......... .......... 13%  345K 22s
 32850K .......... .......... .......... .......... .......... 13%  220M 22s
 32900K .......... .......... .......... .......... .......... 13%  118M 22s
 32950K .......... .......... .......... .......... .......... 13%  118M 22s
 33000K .......... .......... .......... .......... .......... 13% 4.49M 22s
 33050K .......... .......... .......... .......... .......... 13%  114M 22s
 33100K .......... .......... .......... .......... .......... 13%  113M 22s
 33150K .......... .......... .......... .......... .......... 13%  116M 22s
 33200K .......... .......... .......... .......... .......... 13% 89.8M 22s
 33250K .......... .......... .......... .......... .......... 13%  117M 22s
 33300K .......... .......... .......... .......... .......... 13%  117M 22s
 33350K .......... .......... .......... .......... .......... 13% 33.1M 22s
 33400K .......... .......... .......... .......... .......... 13%  116M 22s
 33450K .......... .......... .......... .......... .......... 13%  114M 22s
 33500K .......... .......... .......... .......... .......... 13%  116M 22s
 33550K .......... .......... .......... .......... .......... 13%  117M 22s
 33600K .......... .......... .......... .......... .......... 13% 89.8M 22s
 33650K .......... .......... .......... .......... .......... 13%  117M 21s
 33700K .......... .......... .......... .......... .......... 13%  117M 21s
 33750K .......... .......... .......... .......... .......... 13%  116M 21s
 33800K .......... .......... .......... .......... .......... 13%  114M 21s
 33850K .......... .......... .......... .......... .......... 13%  117M 21s
 33900K .......... .......... .......... .......... .......... 14%  117M 21s
 33950K .......... .......... .......... .......... .......... 14%  116M 21s
 34000K .......... .......... .......... .......... .......... 14% 88.1M 21s
 34050K .......... .......... .......... .......... .......... 14%  117M 21s
 34100K .......... .......... .......... .......... .......... 14% 62.0M 21s
 34150K .......... .......... .......... .......... .......... 14% 96.7M 21s
 34200K .......... .......... .......... .......... .......... 14% 34.6M 21s
 34250K .......... .......... .......... .......... .......... 14%  110M 21s
 34300K .......... .......... .......... .......... .......... 14%  117M 21s
 34350K .......... .......... .......... .......... .......... 14%  116M 21s
 34400K .......... .......... .......... .......... .......... 14% 89.7M 21s
 34450K .......... .......... .......... .......... .......... 14%  117M 21s
 34500K .......... .......... .......... .......... .......... 14% 33.6M 21s
 34550K .......... .......... .......... .......... .......... 14%  106M 21s
 34600K .......... .......... .......... .......... .......... 14%  115M 21s
 34650K .......... .......... .......... .......... .......... 14%  115M 21s
 34700K .......... .......... .......... .......... .......... 14%  117M 21s
 34750K .......... .......... .......... .......... .......... 14%  118M 21s
 34800K .......... .......... .......... .......... .......... 14% 88.8M 21s
 34850K .......... .......... .......... .......... .......... 14% 31.8M 21s
 34900K .......... .......... .......... .......... .......... 14%  117M 21s
 34950K .......... .......... .......... .......... .......... 14%  116M 21s
 35000K .......... .......... .......... .......... .......... 14%  115M 21s
 35050K .......... .......... .......... .......... .......... 14%  117M 21s
 35100K .......... .......... .......... .......... .......... 14%  117M 21s
 35150K .......... .......... .......... .......... .......... 14%  117M 21s
 35200K .......... .......... .......... .......... .......... 14% 86.9M 20s
 35250K .......... .......... .......... .......... .......... 14%  117M 20s
 35300K .......... .......... .......... .......... .......... 14%  117M 20s
 35350K .......... .......... .......... .......... .......... 14%  117M 20s
 35400K .......... .......... .......... .......... .......... 14%  114M 20s
 35450K .......... .......... .......... .......... .......... 14%  117M 20s
 35500K .......... .......... .......... .......... .......... 14%  115M 20s
 31550K .......... .......... .......... .......... .......... 13%  354K 24s
 31600K .......... .......... .......... .......... .......... 13% 32.9M 24s
 31650K .......... .......... .......... .......... .......... 13% 90.2M 24s
 31700K .......... .......... .......... .......... .......... 13% 9.68M 24s
 31750K .......... .......... .......... .......... .......... 13%  117M 24s
 31800K .......... .......... .......... .......... .......... 13%  116M 24s
 31850K .......... .......... .......... .......... .......... 13%  117M 24s
 31900K .......... .......... .......... .......... .......... 13%  115M 24s
 31950K .......... .......... .......... .......... .......... 13%  119M 24s
 32000K .......... .......... .......... .......... .......... 13% 88.8M 24s
 32050K .......... .......... .......... .......... .......... 13%  117M 24s
 32100K .......... .......... .......... .......... .......... 13%  117M 24s
 32150K .......... .......... .......... .......... .......... 13%  117M 24s
 32200K .......... .......... .......... .......... .......... 13%  116M 24s
 32250K .......... .......... .......... .......... .......... 13%  117M 24s
 32300K .......... .......... .......... .......... .......... 13%  117M 24s
 32350K .......... .......... .......... .......... .......... 13%  117M 24s
 32400K .......... .......... .......... .......... .......... 13% 87.0M 24s
 32450K .......... .......... .......... .......... .......... 13%  117M 24s
 32500K .......... .......... .......... .......... .......... 13%  117M 24s
 32550K .......... .......... .......... .......... .......... 13%  117M 24s
 32600K .......... .......... .......... .......... .......... 13%  115M 24s
 32650K .......... .......... .......... .......... .......... 13%  117M 23s
 32700K .......... .......... .......... .......... .......... 13%  117M 23s
 32750K .......... .......... .......... .......... .......... 13%  117M 23s
 32800K .......... .......... .......... .......... .......... 13% 88.8M 23s
 32850K .......... .......... .......... .......... .......... 13%  117M 23s
 32900K .......... .......... .......... .......... .......... 13%  117M 23s
 32950K .......... .......... .......... .......... .......... 13%  117M 23s
 33000K .......... .......... .......... .......... .......... 13%  115M 23s
 33050K .......... .......... .......... .......... .......... 13%  117M 23s
 33100K .......... .......... .......... .......... .......... 13%  117M 23s
 33150K .......... .......... .......... .......... .......... 13%  117M 23s
 33200K .......... .......... .......... .......... .......... 13% 12.6M 23s
 33250K .......... .......... .......... .......... .......... 13% 12.6M 23s
 33300K .......... .......... .......... .......... .......... 13%  117M 23s
 33350K .......... .......... .......... .......... .......... 13%  117M 23s
 33400K .......... .......... .......... .......... .......... 13%  115M 23s
 33450K .......... .......... .......... .......... .......... 13% 15.5M 23s
 33500K .......... .......... .......... .......... .......... 13% 14.0M 23s
 33550K .......... .......... .......... .......... .......... 13%  117M 23s
 33600K .......... .......... .......... .......... .......... 13% 87.0M 23s
 33650K .......... .......... .......... .......... .......... 13%  117M 23s
 33700K .......... .......... .......... .......... .......... 13% 16.6M 23s
 33750K .......... .......... .......... .......... .......... 13% 43.9M 23s
 33800K .......... .......... .......... .......... .......... 13%  114M 23s
 33850K .......... .......... .......... .......... .......... 13%  118M 23s
 33900K .......... .......... .......... .......... .......... 14%  117M 23s
 33950K .......... .......... .......... .......... .......... 14%  117M 23s
 34000K .......... .......... .......... .......... .......... 14% 89.0M 23s
 34050K .......... .......... .......... .......... .......... 14%  117M 23s
 34100K .......... .......... .......... .......... .......... 14%  117M 22s
 34150K .......... .......... .......... .......... .......... 14%  117M 22s
 34200K .......... .......... .......... .......... .......... 14%  115M 22s
 34250K .......... .......... .......... .......... .......... 14%  115M 22s
 34300K .......... .......... .......... .......... .......... 14%  118M 22s
 34350K .......... .......... .......... .......... .......... 14%  117M 22s
 35550K .......... .......... .......... .......... .......... 14% 1.20M 21s
 35600K .......... .......... .......... .......... .......... 14%  483K 21s
 35650K .......... .......... .......... .......... .......... 14%  121M 21s
 35700K .......... .......... .......... .......... .......... 14% 4.50M 21s
 35750K .......... .......... .......... .......... .......... 14%  107M 21s
 35800K .......... .......... .......... .......... .......... 14%  114M 21s
 35850K .......... .......... .......... .......... .......... 14%  115M 21s
 35900K .......... .......... .......... .......... .......... 14%  115M 21s
 35950K .......... .......... .......... .......... .......... 14%  116M 21s
 36000K .......... .......... .......... .......... .......... 14% 84.5M 21s
 36050K .......... .......... .......... .......... .......... 14% 33.9M 21s
 36100K .......... .......... .......... .......... .......... 14%  117M 21s
 36150K .......... .......... .......... .......... .......... 14%  117M 21s
 36200K .......... .......... .......... .......... .......... 14%  115M 21s
 36250K .......... .......... .......... .......... .......... 14%  114M 21s
 36300K .......... .......... .......... .......... .......... 15%  118M 21s
 36350K .......... .......... .......... .......... .......... 15%  116M 21s
 36400K .......... .......... .......... .......... .......... 15% 28.8M 21s
 36450K .......... .......... .......... .......... .......... 15%  117M 21s
 36500K .......... .......... .......... .......... .......... 15%  117M 21s
 36550K .......... .......... .......... .......... .......... 15%  117M 21s
 36600K .......... .......... .......... .......... .......... 15%  114M 21s
 36650K .......... .......... .......... .......... .......... 15%  117M 20s
 36700K .......... .......... .......... .......... .......... 15%  117M 20s
 36750K .......... .......... .......... .......... .......... 15%  116M 20s
 36800K .......... .......... .......... .......... .......... 15% 90.1M 20s
 36850K .......... .......... .......... .......... .......... 15%  117M 20s
 36900K .......... .......... .......... .......... .......... 15%  117M 20s
 36950K .......... .......... .......... .......... .......... 15%  107M 20s
 37000K .......... .......... .......... .......... .......... 15%  115M 20s
 37050K .......... .......... .......... .......... .......... 15%  116M 20s
 37100K .......... .......... .......... .......... .......... 15%  117M 20s
 37150K .......... .......... .......... .......... .......... 15%  117M 20s
 37200K .......... .......... .......... .......... .......... 15% 87.6M 20s
 37250K .......... .......... .......... .......... .......... 15%  116M 20s
 37300K .......... .......... .......... .......... .......... 15% 38.5M 20s
 37350K .......... .......... .......... .......... .......... 15%  105M 20s
 37400K .......... .......... .......... .......... .......... 15%  111M 20s
 37450K .......... .......... .......... .......... .......... 15%  115M 20s
 37500K .......... .......... .......... .......... .......... 15%  119M 20s
 37550K .......... .......... .......... .......... .......... 15%  118M 20s
 37600K .......... .......... .......... .......... .......... 15% 88.9M 20s
 37650K .......... .......... .......... .......... .......... 15% 34.3M 20s
 37700K .......... .......... .......... .......... .......... 15%  117M 20s
 37750K .......... .......... .......... .......... .......... 15%  117M 20s
 37800K .......... .......... .......... .......... .......... 15%  114M 20s
 37850K .......... .......... .......... .......... .......... 15%  117M 20s
 37900K .......... .......... .......... .......... .......... 15% 22.4M 20s
 37950K .......... .......... .......... .......... .......... 15%  140M 20s
 38000K .......... .......... .......... .......... .......... 15% 87.4M 20s
 38050K .......... .......... .......... .......... .......... 15%  117M 20s
 38100K .......... .......... .......... .......... .......... 15%  117M 20s
 38150K .......... .......... .......... .......... .......... 15%  117M 20s
 38200K .......... .......... .......... .......... .......... 15%  114M 20s
 38250K .......... .......... .......... .......... .......... 15%  117M 20s
 38300K .......... .......... .......... .......... .......... 15%  118M 20s
 38350K .......... .......... .......... .......... .......... 15%  117M 20s
 34400K .......... .......... .......... .......... .......... 14%  366K 23s
 34450K .......... .......... .......... .......... .......... 14% 38.9M 23s
 34500K .......... .......... .......... .......... .......... 14%  114M 23s
 34550K .......... .......... .......... .......... .......... 14% 30.5M 23s
 34600K .......... .......... .......... .......... .......... 14% 12.5M 23s
 34650K .......... .......... .......... .......... .......... 14%  117M 23s
 34700K .......... .......... .......... .......... .......... 14%  117M 23s
 34750K .......... .......... .......... .......... .......... 14%  117M 23s
 34800K .......... .......... .......... .......... .......... 14% 89.1M 23s
 34850K .......... .......... .......... .......... .......... 14%  116M 23s
 34900K .......... .......... .......... .......... .......... 14%  117M 23s
 34950K .......... .......... .......... .......... .......... 14%  117M 23s
 35000K .......... .......... .......... .......... .......... 14%  115M 23s
 35050K .......... .......... .......... .......... .......... 14%  117M 23s
 35100K .......... .......... .......... .......... .......... 14%  117M 23s
 35150K .......... .......... .......... .......... .......... 14%  117M 23s
 35200K .......... .......... .......... .......... .......... 14% 88.8M 23s
 35250K .......... .......... .......... .......... .......... 14%  117M 23s
 35300K .......... .......... .......... .......... .......... 14%  117M 22s
 35350K .......... .......... .......... .......... .......... 14%  117M 22s
 35400K .......... .......... .......... .......... .......... 14%  115M 22s
 35450K .......... .......... .......... .......... .......... 14% 16.9M 22s
 35500K .......... .......... .......... .......... .......... 14%  144M 22s
 35550K .......... .......... .......... .......... .......... 14%  113M 22s
 35600K .......... .......... .......... .......... .......... 14% 88.8M 22s
 35650K .......... .......... .......... .......... .......... 14%  116M 22s
 35700K .......... .......... .......... .......... .......... 14%  118M 22s
 35750K .......... .......... .......... .......... .......... 14%  115M 22s
 35800K .......... .......... .......... .......... .......... 14%  116M 22s
 35850K .......... .......... .......... .......... .......... 14%  116M 22s
 35900K .......... .......... .......... .......... .......... 14%  117M 22s
 35950K .......... .......... .......... .......... .......... 14%  117M 22s
 36000K .......... .......... .......... .......... .......... 14% 88.7M 22s
 36050K .......... .......... .......... .......... .......... 14% 52.9M 22s
 36100K .......... .......... .......... .......... .......... 14%  110M 22s
 36150K .......... .......... .......... .......... .......... 14% 12.8M 22s
 36200K .......... .......... .......... .......... .......... 14%  108M 22s
 36250K .......... .......... .......... .......... .......... 14%  112M 22s
 36300K .......... .......... .......... .......... .......... 15%  112M 22s
 36350K .......... .......... .......... .......... .......... 15% 15.4M 22s
 36400K .......... .......... .......... .......... .......... 15% 13.4M 22s
 36450K .......... .......... .......... .......... .......... 15%  116M 22s
 36500K .......... .......... .......... .......... .......... 15%  117M 22s
 36550K .......... .......... .......... .......... .......... 15%  117M 22s
 36600K .......... .......... .......... .......... .......... 15% 16.7M 22s
 36650K .......... .......... .......... .......... .......... 15% 45.0M 22s
 36700K .......... .......... .......... .......... .......... 15%  117M 22s
 36750K .......... .......... .......... .......... .......... 15%  117M 22s
 36800K .......... .......... .......... .......... .......... 15% 87.0M 22s
 36850K .......... .......... .......... .......... .......... 15%  113M 22s
 36900K .......... .......... .......... .......... .......... 15%  117M 22s
 36950K .......... .......... .......... .......... .......... 15%  117M 21s
 37000K .......... .......... .......... .......... .......... 15%  115M 21s
 37050K .......... .......... .......... .......... .......... 15%  117M 21s
 37100K .......... .......... .......... .......... .......... 15%  116M 21s
 38400K .......... .......... .......... .......... .......... 15%  352K 20s
 38450K .......... .......... .......... .......... .......... 15%  122M 20s
 38500K .......... .......... .......... .......... .......... 15%  148M 20s
 38550K .......... .......... .......... .......... .......... 15% 4.55M 20s
 38600K .......... .......... .......... .......... .......... 15%  115M 20s
 38650K .......... .......... .......... .......... .......... 15% 76.5M 20s
 38700K .......... .......... .......... .......... .......... 15%  115M 20s
 38750K .......... .......... .......... .......... .......... 16%  118M 20s
 38800K .......... .......... .......... .......... .......... 16% 87.6M 20s
 38850K .......... .......... .......... .......... .......... 16%  117M 20s
 38900K .......... .......... .......... .......... .......... 16% 41.8M 20s
 38950K .......... .......... .......... .......... .......... 16%  117M 20s
 39000K .......... .......... .......... .......... .......... 16%  115M 20s
 39050K .......... .......... .......... .......... .......... 16%  117M 20s
 39100K .......... .......... .......... .......... .......... 16%  117M 20s
 39150K .......... .......... .......... .......... .......... 16%  117M 20s
 39200K .......... .......... .......... .......... .......... 16% 28.8M 20s
 39250K .......... .......... .......... .......... .......... 16%  174M 20s
 39300K .......... .......... .......... .......... .......... 16%  117M 20s
 39350K .......... .......... .......... .......... .......... 16%  117M 20s
 39400K .......... .......... .......... .......... .......... 16% 17.8M 20s
 39450K .......... .......... .......... .......... .......... 16%  114M 20s
 39500K .......... .......... .......... .......... .......... 16%  119M 20s
 39550K .......... .......... .......... .......... .......... 16%  117M 20s
 39600K .......... .......... .......... .......... .......... 16% 87.7M 20s
 39650K .......... .......... .......... .......... .......... 16%  120M 20s
 39700K .......... .......... .......... .......... .......... 16%  113M 20s
 39750K .......... .......... .......... .......... .......... 16%  117M 20s
 39800K .......... .......... .......... .......... .......... 16%  115M 20s
 39850K .......... .......... .......... .......... .......... 16%  117M 20s
 39900K .......... .......... .......... .......... .......... 16%  117M 19s
 39950K .......... .......... .......... .......... .......... 16%  115M 19s
 40000K .......... .......... .......... .......... .......... 16% 89.8M 19s
 40050K .......... .......... .......... .......... .......... 16%  117M 19s
 40100K .......... .......... .......... .......... .......... 16%  117M 19s
 40150K .......... .......... .......... .......... .......... 16%  117M 19s
 40200K .......... .......... .......... .......... .......... 16%  115M 19s
 40250K .......... .......... .......... .......... .......... 16%  117M 19s
 40300K .......... .......... .......... .......... .......... 16%  117M 19s
 40350K .......... .......... .......... .......... .......... 16%  117M 19s
 40400K .......... .......... .......... .......... .......... 16% 88.6M 19s
 40450K .......... .......... .......... .......... .......... 16%  117M 19s
 40500K .......... .......... .......... .......... .......... 16%  117M 19s
 40550K .......... .......... .......... .......... .......... 16%  117M 19s
 40600K .......... .......... .......... .......... .......... 16%  115M 19s
 40650K .......... .......... .......... .......... .......... 16%  117M 19s
 40700K .......... .......... .......... .......... .......... 16%  116M 19s
 40750K .......... .......... .......... .......... .......... 16%  117M 19s
 40800K .......... .......... .......... .......... .......... 16% 35.9M 19s
 40850K .......... .......... .......... .......... .......... 16%  117M 19s
 40900K .......... .......... .......... .......... .......... 16%  116M 19s
 40950K .......... .......... .......... .......... .......... 16% 15.3M 19s
 41000K .......... .......... .......... .......... .......... 16%  115M 19s
 41050K .......... .......... .......... .......... .......... 16%  117M 19s
 41100K .......... .......... .......... .......... .......... 16%  117M 19s
 41150K .......... .......... .......... .......... .......... 17%  118M 19s
 41200K .......... .......... .......... .......... .......... 17% 87.7M 19s
 41250K .......... .......... .......... .......... .......... 17%  117M 19s
 41300K .......... .......... .......... .......... .......... 17%  116M 19s
 37150K .......... .......... .......... .......... .......... 15%  357K 22s
 37200K .......... .......... .......... .......... .......... 15%  113M 22s
 37250K .......... .......... .......... .......... .......... 15%  116M 22s
 37300K .......... .......... .......... .......... .......... 15%  117M 22s
 37350K .......... .......... .......... .......... .......... 15%  117M 22s
 37400K .......... .......... .......... .......... .......... 15%  115M 22s
 37450K .......... .......... .......... .......... .......... 15%  117M 22s
 37500K .......... .......... .......... .......... .......... 15% 21.1M 22s
 37550K .......... .......... .......... .......... .......... 15%  118M 22s
 37600K .......... .......... .......... .......... .......... 15% 89.0M 22s
 37650K .......... .......... .......... .......... .......... 15%  114M 22s
 37700K .......... .......... .......... .......... .......... 15%  112M 22s
 37750K .......... .......... .......... .......... .......... 15%  117M 22s
 37800K .......... .......... .......... .......... .......... 15% 95.3M 22s
 37850K .......... .......... .......... .......... .......... 15%  117M 22s
 37900K .......... .......... .......... .......... .......... 15%  117M 22s
 37950K .......... .......... .......... .......... .......... 15%  117M 22s
 38000K .......... .......... .......... .......... .......... 15% 59.8M 22s
 38050K .......... .......... .......... .......... .......... 15%  117M 22s
 38100K .......... .......... .......... .......... .......... 15%  117M 22s
 38150K .......... .......... .......... .......... .......... 15%  117M 21s
 38200K .......... .......... .......... .......... .......... 15%  115M 21s
 38250K .......... .......... .......... .......... .......... 15%  117M 21s
 38300K .......... .......... .......... .......... .......... 15%  117M 21s
 38350K .......... .......... .......... .......... .......... 15%  117M 21s
 38400K .......... .......... .......... .......... .......... 15% 18.9M 21s
 38450K .......... .......... .......... .......... .......... 15%  117M 21s
 38500K .......... .......... .......... .......... .......... 15%  117M 21s
 38550K .......... .......... .......... .......... .......... 15% 16.0M 21s
 38600K .......... .......... .......... .......... .......... 15%  115M 21s
 38650K .......... .......... .......... .......... .......... 15%  118M 21s
 38700K .......... .......... .......... .......... .......... 15%  117M 21s
 38750K .......... .......... .......... .......... .......... 16%  114M 21s
 38800K .......... .......... .......... .......... .......... 16% 88.2M 21s
 38850K .......... .......... .......... .......... .......... 16%  115M 21s
 38900K .......... .......... .......... .......... .......... 16%  116M 21s
 38950K .......... .......... .......... .......... .......... 16%  117M 21s
 39000K .......... .......... .......... .......... .......... 16%  115M 21s
 39050K .......... .......... .......... .......... .......... 16% 29.5M 21s
 39100K .......... .......... .......... .......... .......... 16%  106M 21s
 39150K .......... .......... .......... .......... .......... 16%  115M 21s
 39200K .......... .......... .......... .......... .......... 16% 80.2M 21s
 39250K .......... .......... .......... .......... .......... 16% 15.4M 21s
 39300K .......... .......... .......... .......... .......... 16% 14.2M 21s
 39350K .......... .......... .......... .......... .......... 16%  114M 21s
 39400K .......... .......... .......... .......... .......... 16%  104M 21s
 39450K .......... .......... .......... .......... .......... 16%  117M 21s
 39500K .......... .......... .......... .......... .......... 16% 17.1M 21s
 39550K .......... .......... .......... .......... .......... 16% 43.5M 21s
 39600K .......... .......... .......... .......... .......... 16% 84.7M 21s
 39650K .......... .......... .......... .......... .......... 16%  111M 21s
 39700K .......... .......... .......... .......... .......... 16%  117M 21s
 39750K .......... .......... .......... .......... .......... 16%  117M 21s
 39800K .......... .......... .......... .......... .......... 16%  115M 21s
 39850K .......... .......... .......... .......... .......... 16%  112M 21s
 39900K .......... .......... .......... .......... .......... 16%  117M 21s
 39950K .......... .......... .......... .......... .......... 16%  117M 21s
 41350K .......... .......... .......... .......... .......... 17%  360K 19s
 41400K .......... .......... .......... .......... .......... 17%  117M 19s
 41450K .......... .......... .......... .......... .......... 17% 4.56M 19s
 41500K .......... .......... .......... .......... .......... 17%  117M 19s
 41550K .......... .......... .......... .......... .......... 17%  115M 19s
 41600K .......... .......... .......... .......... .......... 17% 71.9M 19s
 41650K .......... .......... .......... .......... .......... 17%  113M 19s
 41700K .......... .......... .......... .......... .......... 17%  116M 19s
 41750K .......... .......... .......... .......... .......... 17%  117M 19s
 41800K .......... .......... .......... .......... .......... 17%  113M 19s
 41850K .......... .......... .......... .......... .......... 17% 48.8M 19s
 41900K .......... .......... .......... .......... .......... 17% 82.9M 19s
 41950K .......... .......... .......... .......... .......... 17%  116M 19s
 42000K .......... .......... .......... .......... .......... 17% 87.2M 19s
 42050K .......... .......... .......... .......... .......... 17%  116M 19s
 42100K .......... .......... .......... .......... .......... 17%  117M 19s
 42150K .......... .......... .......... .......... .......... 17% 36.0M 19s
 42200K .......... .......... .......... .......... .......... 17%  101M 19s
 42250K .......... .......... .......... .......... .......... 17%  105M 19s
 42300K .......... .......... .......... .......... .......... 17%  117M 19s
 42350K .......... .......... .......... .......... .......... 17% 8.74M 19s
 42400K .......... .......... .......... .......... .......... 17% 89.3M 19s
 42450K .......... .......... .......... .......... .......... 17%  115M 19s
 42500K .......... .......... .......... .......... .......... 17%  117M 19s
 42550K .......... .......... .......... .......... .......... 17%  119M 19s
 42600K .......... .......... .......... .......... .......... 17%  116M 19s
 42650K .......... .......... .......... .......... .......... 17%  114M 19s
 42700K .......... .......... .......... .......... .......... 17%  117M 19s
 42750K .......... .......... .......... .......... .......... 17%  117M 19s
 42800K .......... .......... .......... .......... .......... 17% 88.8M 19s
 42850K .......... .......... .......... .......... .......... 17%  117M 19s
 42900K .......... .......... .......... .......... .......... 17%  117M 19s
 42950K .......... .......... .......... .......... .......... 17%  117M 19s
 43000K .......... .......... .......... .......... .......... 17%  115M 19s
 43050K .......... .......... .......... .......... .......... 17%  117M 19s
 43100K .......... .......... .......... .......... .......... 17%  117M 19s
 43150K .......... .......... .......... .......... .......... 17%  117M 19s
 43200K .......... .......... .......... .......... .......... 17% 89.3M 19s
 43250K .......... .......... .......... .......... .......... 17%  117M 19s
 43300K .......... .......... .......... .......... .......... 17%  117M 19s
 43350K .......... .......... .......... .......... .......... 17%  116M 18s
 43400K .......... .......... .......... .......... .......... 17%  115M 18s
 43450K .......... .......... .......... .......... .......... 17%  117M 18s
 43500K .......... .......... .......... .......... .......... 17%  116M 18s
 43550K .......... .......... .......... .......... .......... 17%  118M 18s
 43600K .......... .......... .......... .......... .......... 18% 87.3M 18s
 43650K .......... .......... .......... .......... .......... 18%  117M 18s
 43700K .......... .......... .......... .......... .......... 18%  117M 18s
 43750K .......... .......... .......... .......... .......... 18%  117M 18s
 43800K .......... .......... .......... .......... .......... 18%  115M 18s
 43850K .......... .......... .......... .......... .......... 18% 12.1M 18s
 43900K .......... .......... .......... .......... .......... 18%  117M 18s
 43950K .......... .......... .......... .......... .......... 18%  120M 18s
 44000K .......... .......... .......... .......... .......... 18% 86.6M 18s
 44050K .......... .......... .......... .......... .......... 18%  117M 18s
 44100K .......... .......... .......... .......... .......... 18%  117M 18s
 44150K .......... .......... .......... .......... .......... 18%  115M 18s
 44200K .......... .......... .......... .......... .......... 18%  116M 18s
 44250K .......... .......... .......... .......... .......... 18% 1.50M 18s
 40000K .......... .......... .......... .......... .......... 16%  356K 21s
 40050K .......... .......... .......... .......... .......... 16% 16.6M 21s
 40100K .......... .......... .......... .......... .......... 16%  160M 21s
 40150K .......... .......... .......... .......... .......... 16%  120M 21s
 40200K .......... .......... .......... .......... .......... 16%  115M 21s
 40250K .......... .......... .......... .......... .......... 16%  117M 21s
 40300K .......... .......... .......... .......... .......... 16%  117M 21s
 40350K .......... .......... .......... .......... .......... 16%  117M 21s
 40400K .......... .......... .......... .......... .......... 16% 87.0M 21s
 40450K .......... .......... .......... .......... .......... 16%  116M 21s
 40500K .......... .......... .......... .......... .......... 16%  117M 21s
 40550K .......... .......... .......... .......... .......... 16%  117M 21s
 40600K .......... .......... .......... .......... .......... 16%  115M 21s
 40650K .......... .......... .......... .......... .......... 16%  117M 21s
 40700K .......... .......... .......... .......... .......... 16%  116M 21s
 40750K .......... .......... .......... .......... .......... 16%  117M 21s
 40800K .......... .......... .......... .......... .......... 16% 88.9M 21s
 40850K .......... .......... .......... .......... .......... 16%  117M 21s
 40900K .......... .......... .......... .......... .......... 16%  117M 21s
 40950K .......... .......... .......... .......... .......... 16%  116M 21s
 41000K .......... .......... .......... .......... .......... 16%  116M 21s
 41050K .......... .......... .......... .......... .......... 16%  117M 21s
 41100K .......... .......... .......... .......... .......... 16%  117M 21s
 41150K .......... .......... .......... .......... .......... 17%  117M 21s
 41200K .......... .......... .......... .......... .......... 17% 89.1M 21s
 41250K .......... .......... .......... .......... .......... 17%  117M 20s
 41300K .......... .......... .......... .......... .......... 17% 25.2M 20s
 41350K .......... .......... .......... .......... .......... 17%  109M 20s
 41400K .......... .......... .......... .......... .......... 17%  108M 20s
 41450K .......... .......... .......... .......... .......... 17% 16.4M 20s
 41500K .......... .......... .......... .......... .......... 17%  106M 20s
 41550K .......... .......... .......... .......... .......... 17% 15.3M 20s
 41600K .......... .......... .......... .......... .......... 17% 92.7M 20s
 41650K .......... .......... .......... .......... .......... 17%  113M 20s
 41700K .......... .......... .......... .......... .......... 17%  119M 20s
 41750K .......... .......... .......... .......... .......... 17%  117M 20s
 41800K .......... .......... .......... .......... .......... 17%  115M 20s
 41850K .......... .......... .......... .......... .......... 17%  115M 20s
 41900K .......... .......... .......... .......... .......... 17%  117M 20s
 41950K .......... .......... .......... .......... .......... 17%  117M 20s
 42000K .......... .......... .......... .......... .......... 17% 89.1M 20s
 42050K .......... .......... .......... .......... .......... 17%  117M 20s
 42100K .......... .......... .......... .......... .......... 17%  116M 20s
 42150K .......... .......... .......... .......... .......... 17% 27.1M 20s
 42200K .......... .......... .......... .......... .......... 17% 15.6M 20s
 42250K .......... .......... .......... .......... .......... 17% 73.9M 20s
 42300K .......... .......... .......... .......... .......... 17%  108M 20s
 42350K .......... .......... .......... .......... .......... 17% 99.1M 20s
 42400K .......... .......... .......... .......... .......... 17% 16.4M 20s
 42450K .......... .......... .......... .......... .......... 17% 45.1M 20s
 42500K .......... .......... .......... .......... .......... 17%  100M 20s
 42550K .......... .......... .......... .......... .......... 17%  113M 20s
 42600K .......... .......... .......... .......... .......... 17%  108M 20s
 42650K .......... .......... .......... .......... .......... 17%  118M 20s
 42700K .......... .......... .......... .......... .......... 17%  117M 20s
 42750K .......... .......... .......... .......... .......... 17%  117M 20s
 42800K .......... .......... .......... .......... .......... 17% 88.8M 20s
 42850K .......... .......... .......... .......... .......... 17%  117M 20s
 42900K .......... .......... .......... .......... .......... 17%  112M 20s
 44300K .......... .......... .......... .......... .......... 18%  481K 19s
 44350K .......... .......... .......... .......... .......... 18%  130M 19s
 44400K .......... .......... .......... .......... .......... 18% 4.55M 19s
 44450K .......... .......... .......... .......... .......... 18%  117M 19s
 44500K .......... .......... .......... .......... .......... 18%  117M 19s
 44550K .......... .......... .......... .......... .......... 18%  117M 19s
 44600K .......... .......... .......... .......... .......... 18%  104M 19s
 44650K .......... .......... .......... .......... .......... 18%  116M 19s
 44700K .......... .......... .......... .......... .......... 18%  118M 19s
 44750K .......... .......... .......... .......... .......... 18%  116M 18s
 44800K .......... .......... .......... .......... .......... 18% 47.1M 18s
 44850K .......... .......... .......... .......... .......... 18% 78.7M 18s
 44900K .......... .......... .......... .......... .......... 18%  117M 18s
 44950K .......... .......... .......... .......... .......... 18%  117M 18s
 45000K .......... .......... .......... .......... .......... 18%  115M 18s
 45050K .......... .......... .......... .......... .......... 18%  116M 18s
 45100K .......... .......... .......... .......... .......... 18%  116M 18s
 45150K .......... .......... .......... .......... .......... 18% 41.0M 18s
 45200K .......... .......... .......... .......... .......... 18% 87.5M 18s
 45250K .......... .......... .......... .......... .......... 18% 89.5M 18s
 45300K .......... .......... .......... .......... .......... 18% 5.48M 18s
 45350K .......... .......... .......... .......... .......... 18%  117M 18s
 45400K .......... .......... .......... .......... .......... 18%  115M 18s
 45450K .......... .......... .......... .......... .......... 18%  116M 18s
 45500K .......... .......... .......... .......... .......... 18%  117M 18s
 45550K .......... .......... .......... .......... .......... 18%  117M 18s
 45600K .......... .......... .......... .......... .......... 18% 89.4M 18s
 45650K .......... .......... .......... .......... .......... 18%  116M 18s
 45700K .......... .......... .......... .......... .......... 18%  117M 18s
 45750K .......... .......... .......... .......... .......... 18%  117M 18s
 45800K .......... .......... .......... .......... .......... 18%  115M 18s
 45850K .......... .......... .......... .......... .......... 18%  115M 18s
 45900K .......... .......... .......... .......... .......... 18%  118M 18s
 45950K .......... .......... .......... .......... .......... 18%  117M 18s
 46000K .......... .......... .......... .......... .......... 19% 87.0M 18s
 46050K .......... .......... .......... .......... .......... 19%  117M 18s
 46100K .......... .......... .......... .......... .......... 19%  117M 18s
 46150K .......... .......... .......... .......... .......... 19%  116M 18s
 46200K .......... .......... .......... .......... .......... 19%  116M 18s
 46250K .......... .......... .......... .......... .......... 19%  117M 18s
 46300K .......... .......... .......... .......... .......... 19%  117M 18s
 46350K .......... .......... .......... .......... .......... 19%  117M 18s
 46400K .......... .......... .......... .......... .......... 19% 88.9M 18s
 46450K .......... .......... .......... .......... .......... 19%  117M 18s
 46500K .......... .......... .......... .......... .......... 19%  117M 18s
 46550K .......... .......... .......... .......... .......... 19%  117M 18s
 46600K .......... .......... .......... .......... .......... 19%  115M 18s
 46650K .......... .......... .......... .......... .......... 19%  116M 18s
 46700K .......... .......... .......... .......... .......... 19%  117M 18s
 46750K .......... .......... .......... .......... .......... 19%  117M 18s
 46800K .......... .......... .......... .......... .......... 19% 11.9M 18s
 46850K .......... .......... .......... .......... .......... 19%  117M 18s
 46900K .......... .......... .......... .......... .......... 19%  117M 18s
 46950K .......... .......... .......... .......... .......... 19%  116M 18s
 47000K .......... .......... .......... .......... .......... 19%  115M 18s
 47050K .......... .......... .......... .......... .......... 19%  118M 18s
 47100K .......... .......... .......... .......... .......... 19%  117M 18s
 47150K .......... .......... .......... .......... .......... 19%  114M 17s
 47200K .......... .......... .......... .......... .......... 19% 87.4M 17s
 47250K .......... .......... .......... .......... .......... 19%  118M 17s
 47300K .......... .......... .......... .......... .......... 19% 1.72M 18s
 42950K .......... .......... .......... .......... .......... 17%  357K 20s
 43000K .......... .......... .......... .......... .......... 17% 16.6M 20s
 43050K .......... .......... .......... .......... .......... 17% 15.9M 20s
 43100K .......... .......... .......... .......... .......... 17%  117M 20s
 43150K .......... .......... .......... .......... .......... 17%  119M 20s
 43200K .......... .......... .......... .......... .......... 17% 88.0M 20s
 43250K .......... .......... .......... .......... .......... 17%  117M 20s
 43300K .......... .......... .......... .......... .......... 17%  113M 20s
 43350K .......... .......... .......... .......... .......... 17%  117M 20s
 43400K .......... .......... .......... .......... .......... 17%  118M 20s
 43450K .......... .......... .......... .......... .......... 17%  113M 20s
 43500K .......... .......... .......... .......... .......... 17%  115M 20s
 43550K .......... .......... .......... .......... .......... 17%  117M 20s
 43600K .......... .......... .......... .......... .......... 18% 88.8M 20s
 43650K .......... .......... .......... .......... .......... 18%  117M 20s
 43700K .......... .......... .......... .......... .......... 18%  117M 20s
 43750K .......... .......... .......... .......... .......... 18%  117M 20s
 43800K .......... .......... .......... .......... .......... 18%  115M 20s
 43850K .......... .......... .......... .......... .......... 18%  115M 20s
 43900K .......... .......... .......... .......... .......... 18%  118M 20s
 43950K .......... .......... .......... .......... .......... 18% 13.2M 20s
 44000K .......... .......... .......... .......... .......... 18% 88.8M 20s
 44050K .......... .......... .......... .......... .......... 18%  117M 20s
 44100K .......... .......... .......... .......... .......... 18% 27.0M 20s
 44150K .......... .......... .......... .......... .......... 18%  117M 20s
 44200K .......... .......... .......... .......... .......... 18% 12.7M 20s
 44250K .......... .......... .......... .......... .......... 18%  117M 20s
 44300K .......... .......... .......... .......... .......... 18% 16.4M 20s
 44350K .......... .......... .......... .......... .......... 18%  117M 20s
 44400K .......... .......... .......... .......... .......... 18% 87.0M 20s
 44450K .......... .......... .......... .......... .......... 18%  117M 20s
 44500K .......... .......... .......... .......... .......... 18%  117M 20s
 44550K .......... .......... .......... .......... .......... 18%  117M 20s
 44600K .......... .......... .......... .......... .......... 18%  115M 20s
 44650K .......... .......... .......... .......... .......... 18%  117M 19s
 44700K .......... .......... .......... .......... .......... 18%  117M 19s
 44750K .......... .......... .......... .......... .......... 18%  117M 19s
 44800K .......... .......... .......... .......... .......... 18% 89.1M 19s
 44850K .......... .......... .......... .......... .......... 18%  117M 19s
 44900K .......... .......... .......... .......... .......... 18%  116M 19s
 44950K .......... .......... .......... .......... .......... 18% 42.0M 19s
 45000K .......... .......... .......... .......... .......... 18%  115M 19s
 45050K .......... .......... .......... .......... .......... 18%  115M 19s
 45100K .......... .......... .......... .......... .......... 18%  117M 19s
 45150K .......... .......... .......... .......... .......... 18%  117M 19s
 45200K .......... .......... .......... .......... .......... 18% 89.0M 19s
 45250K .......... .......... .......... .......... .......... 18%  117M 19s
 45300K .......... .......... .......... .......... .......... 18%  117M 19s
 45350K .......... .......... .......... .......... .......... 18%  116M 19s
 45400K .......... .......... .......... .......... .......... 18% 50.1M 19s
 45450K .......... .......... .......... .......... .......... 18%  117M 19s
 45500K .......... .......... .......... .......... .......... 18% 22.8M 19s
 45550K .......... .......... .......... .......... .......... 18%  136M 19s
 45600K .......... .......... .......... .......... .......... 18% 87.0M 19s
 45650K .......... .......... .......... .......... .......... 18% 77.5M 19s
 45700K .......... .......... .......... .......... .......... 18%  117M 19s
 45750K .......... .......... .......... .......... .......... 18%  117M 19s
 45800K .......... .......... .......... .......... .......... 18%  115M 19s
 45850K .......... .......... .......... .......... .......... 18% 1.22M 19s
 47350K .......... .......... .......... .......... .......... 19%  480K 18s
 47400K .......... .......... .......... .......... .......... 19%  116M 18s
 47450K .......... .......... .......... .......... .......... 19% 4.66M 18s
 47500K .......... .......... .......... .......... .......... 19%  119M 18s
 47550K .......... .......... .......... .......... .......... 19%  116M 18s
 47600K .......... .......... .......... .......... .......... 19% 89.1M 18s
 47650K .......... .......... .......... .......... .......... 19%  108M 18s
 47700K .......... .......... .......... .......... .......... 19%  104M 18s
 47750K .......... .......... .......... .......... .......... 19%  117M 18s
 47800K .......... .......... .......... .......... .......... 19%  115M 18s
 47850K .......... .......... .......... .......... .......... 19% 56.6M 18s
 47900K .......... .......... .......... .......... .......... 19% 81.0M 18s
 47950K .......... .......... .......... .......... .......... 19%  117M 18s
 48000K .......... .......... .......... .......... .......... 19% 80.4M 18s
 48050K .......... .......... .......... .......... .......... 19%  117M 18s
 48100K .......... .......... .......... .......... .......... 19%  117M 18s
 48150K .......... .......... .......... .......... .......... 19%  117M 18s
 48200K .......... .......... .......... .......... .......... 19% 3.59M 18s
 48250K .......... .......... .......... .......... .......... 19%  137M 18s
 48300K .......... .......... .......... .......... .......... 19%  117M 18s
 48350K .......... .......... .......... .......... .......... 19%  113M 18s
 48400K .......... .......... .......... .......... .......... 19% 90.2M 18s
 48450K .......... .......... .......... .......... .......... 20%  115M 18s
 48500K .......... .......... .......... .......... .......... 20%  118M 18s
 48550K .......... .......... .......... .......... .......... 20%  115M 18s
 48600K .......... .......... .......... .......... .......... 20%  115M 18s
 48650K .......... .......... .......... .......... .......... 20%  116M 17s
 48700K .......... .......... .......... .......... .......... 20%  118M 17s
 48750K .......... .......... .......... .......... .......... 20%  117M 17s
 48800K .......... .......... .......... .......... .......... 20% 88.9M 17s
 48850K .......... .......... .......... .......... .......... 20%  117M 17s
 48900K .......... .......... .......... .......... .......... 20%  117M 17s
 48950K .......... .......... .......... .......... .......... 20%  117M 17s
 49000K .......... .......... .......... .......... .......... 20%  115M 17s
 49050K .......... .......... .......... .......... .......... 20%  117M 17s
 49100K .......... .......... .......... .......... .......... 20%  116M 17s
 49150K .......... .......... .......... .......... .......... 20%  117M 17s
 49200K .......... .......... .......... .......... .......... 20% 87.2M 17s
 49250K .......... .......... .......... .......... .......... 20%  117M 17s
 49300K .......... .......... .......... .......... .......... 20%  117M 17s
 49350K .......... .......... .......... .......... .......... 20%  117M 17s
 49400K .......... .......... .......... .......... .......... 20%  115M 17s
 49450K .......... .......... .......... .......... .......... 20%  117M 17s
 49500K .......... .......... .......... .......... .......... 20%  117M 17s
 49550K .......... .......... .......... .......... .......... 20%  117M 17s
 49600K .......... .......... .......... .......... .......... 20% 89.2M 17s
 49650K .......... .......... .......... .......... .......... 20%  117M 17s
 49700K .......... .......... .......... .......... .......... 20%  117M 17s
 49750K .......... .......... .......... .......... .......... 20% 12.9M 17s
 49800K .......... .......... .......... .......... .......... 20%  115M 17s
 49850K .......... .......... .......... .......... .......... 20%  117M 17s
 49900K .......... .......... .......... .......... .......... 20%  115M 17s
 49950K .......... .......... .......... .......... .......... 20%  117M 17s
 50000K .......... .......... .......... .......... .......... 20% 88.5M 17s
 50050K .......... .......... .......... .......... .......... 20%  116M 17s
 50100K .......... .......... .......... .......... .......... 20%  117M 17s
 50150K .......... .......... .......... .......... .......... 20%  114M 17s
 50200K .......... .......... .......... .......... .......... 20%  115M 17s
 50250K .......... .......... .......... .......... .......... 20%  116M 17s
 50300K .......... .......... .......... .......... .......... 20%  117M 17s
 50350K .......... .......... .......... .......... .......... 20% 1.95M 17s
 45900K .......... .......... .......... .......... .......... 18%  494K 19s
 45950K .......... .......... .......... .......... .......... 18% 16.4M 19s
 46000K .......... .......... .......... .......... .......... 19% 94.5M 19s
 46050K .......... .......... .......... .......... .......... 19%  117M 19s
 46100K .......... .......... .......... .......... .......... 19%  117M 19s
 46150K .......... .......... .......... .......... .......... 19%  117M 19s
 46200K .......... .......... .......... .......... .......... 19%  114M 19s
 46250K .......... .......... .......... .......... .......... 19%  118M 19s
 46300K .......... .......... .......... .......... .......... 19%  116M 19s
 46350K .......... .......... .......... .......... .......... 19% 16.0M 19s
 46400K .......... .......... .......... .......... .......... 19% 89.5M 19s
 46450K .......... .......... .......... .......... .......... 19%  116M 19s
 46500K .......... .......... .......... .......... .......... 19%  115M 19s
 46550K .......... .......... .......... .......... .......... 19%  117M 19s
 46600K .......... .......... .......... .......... .......... 19%  113M 19s
 46650K .......... .......... .......... .......... .......... 19%  117M 19s
 46700K .......... .......... .......... .......... .......... 19%  117M 19s
 46750K .......... .......... .......... .......... .......... 19%  116M 19s
 46800K .......... .......... .......... .......... .......... 19% 89.0M 19s
 46850K .......... .......... .......... .......... .......... 19% 47.2M 19s
 46900K .......... .......... .......... .......... .......... 19%  117M 19s
 46950K .......... .......... .......... .......... .......... 19%  117M 19s
 47000K .......... .......... .......... .......... .......... 19%  115M 19s
 47050K .......... .......... .......... .......... .......... 19% 26.3M 19s
 47100K .......... .......... .......... .......... .......... 19% 13.0M 19s
 47150K .......... .......... .......... .......... .......... 19%  109M 19s
 47200K .......... .......... .......... .......... .......... 19% 15.9M 19s
 47250K .......... .......... .......... .......... .......... 19%  108M 19s
 47300K .......... .......... .......... .......... .......... 19%  116M 19s
 47350K .......... .......... .......... .......... .......... 19%  114M 19s
 47400K .......... .......... .......... .......... .......... 19%  115M 19s
 47450K .......... .......... .......... .......... .......... 19%  117M 19s
 47500K .......... .......... .......... .......... .......... 19%  115M 19s
 47550K .......... .......... .......... .......... .......... 19%  117M 19s
 47600K .......... .......... .......... .......... .......... 19% 87.0M 19s
 47650K .......... .......... .......... .......... .......... 19%  117M 19s
 47700K .......... .......... .......... .......... .......... 19%  117M 19s
 47750K .......... .......... .......... .......... .......... 19%  117M 19s
 47800K .......... .......... .......... .......... .......... 19%  115M 19s
 47850K .......... .......... .......... .......... .......... 19% 44.3M 19s
 47900K .......... .......... .......... .......... .......... 19% 15.0M 19s
 47950K .......... .......... .......... .......... .......... 19%  146M 19s
 48000K .......... .......... .......... .......... .......... 19% 88.8M 19s
 48050K .......... .......... .......... .......... .......... 19%  115M 19s
 48100K .......... .......... .......... .......... .......... 19%  117M 19s
 48150K .......... .......... .......... .......... .......... 19%  119M 19s
 48200K .......... .......... .......... .......... .......... 19%  115M 18s
 48250K .......... .......... .......... .......... .......... 19%  117M 18s
 48300K .......... .......... .......... .......... .......... 19%  117M 18s
 48350K .......... .......... .......... .......... .......... 19%  117M 18s
 48400K .......... .......... .......... .......... .......... 19% 87.0M 18s
 48450K .......... .......... .......... .......... .......... 20%  117M 18s
 48500K .......... .......... .......... .......... .......... 20%  117M 18s
 48550K .......... .......... .......... .......... .......... 20%  117M 18s
 48600K .......... .......... .......... .......... .......... 20%  115M 18s
 48650K .......... .......... .......... .......... .......... 20%  115M 18s
 48700K .......... .......... .......... .......... .......... 20%  119M 18s
 48750K .......... .......... .......... .......... .......... 20%  117M 18s
 50400K .......... .......... .......... .......... .......... 20%  479K 17s
 50450K .......... .......... .......... .......... .......... 20%  121M 17s
 50500K .......... .......... .......... .......... .......... 20% 4.70M 17s
 50550K .......... .......... .......... .......... .......... 20%  102M 17s
 50600K .......... .......... .......... .......... .......... 20%  110M 17s
 50650K .......... .......... .......... .......... .......... 20%  117M 17s
 50700K .......... .......... .......... .......... .......... 20%  117M 17s
 50750K .......... .......... .......... .......... .......... 20% 99.3M 17s
 50800K .......... .......... .......... .......... .......... 20% 88.6M 17s
 50850K .......... .......... .......... .......... .......... 21%  117M 17s
 50900K .......... .......... .......... .......... .......... 21% 60.3M 17s
 50950K .......... .......... .......... .......... .......... 21% 73.7M 17s
 51000K .......... .......... .......... .......... .......... 21%  115M 17s
 51050K .......... .......... .......... .......... .......... 21%  109M 17s
 51100K .......... .......... .......... .......... .......... 21%  114M 17s
 51150K .......... .......... .......... .......... .......... 21%  112M 17s
 51200K .......... .......... .......... .......... .......... 21% 39.8M 17s
 51250K .......... .......... .......... .......... .......... 21% 2.99M 17s
 51300K .......... .......... .......... .......... .......... 21%  117M 17s
 51350K .......... .......... .......... .......... .......... 21%  118M 17s
 51400K .......... .......... .......... .......... .......... 21%  116M 17s
 51450K .......... .......... .......... .......... .......... 21%  116M 17s
 51500K .......... .......... .......... .......... .......... 21%  114M 17s
 51550K .......... .......... .......... .......... .......... 21%  118M 17s
 51600K .......... .......... .......... .......... .......... 21% 88.3M 17s
 51650K .......... .......... .......... .......... .......... 21%  115M 17s
 51700K .......... .......... .......... .......... .......... 21%  118M 17s
 51750K .......... .......... .......... .......... .......... 21%  116M 17s
 51800K .......... .......... .......... .......... .......... 21%  115M 17s
 51850K .......... .......... .......... .......... .......... 21%  117M 17s
 51900K .......... .......... .......... .......... .......... 21%  117M 17s
 51950K .......... .......... .......... .......... .......... 21%  117M 17s
 52000K .......... .......... .......... .......... .......... 21% 89.3M 17s
 52050K .......... .......... .......... .......... .......... 21%  117M 17s
 52100K .......... .......... .......... .......... .......... 21%  116M 17s
 52150K .......... .......... .......... .......... .......... 21%  117M 17s
 52200K .......... .......... .......... .......... .......... 21%  115M 17s
 52250K .......... .......... .......... .......... .......... 21%  117M 17s
 52300K .......... .......... .......... .......... .......... 21%  117M 17s
 52350K .......... .......... .......... .......... .......... 21%  117M 17s
 52400K .......... .......... .......... .......... .......... 21% 87.2M 17s
 52450K .......... .......... .......... .......... .......... 21%  117M 17s
 52500K .......... .......... .......... .......... .......... 21%  117M 17s
 52550K .......... .......... .......... .......... .......... 21%  117M 17s
 52600K .......... .......... .......... .......... .......... 21%  115M 17s
 52650K .......... .......... .......... .......... .......... 21%  117M 17s
 52700K .......... .......... .......... .......... .......... 21%  117M 17s
 52750K .......... .......... .......... .......... .......... 21% 12.7M 17s
 52800K .......... .......... .......... .......... .......... 21% 89.3M 16s
 52850K .......... .......... .......... .......... .......... 21%  114M 16s
 52900K .......... .......... .......... .......... .......... 21%  121M 16s
 52950K .......... .......... .......... .......... .......... 21%  114M 16s
 53000K .......... .......... .......... .......... .......... 21%  117M 16s
 53050K .......... .......... .......... .......... .......... 21%  116M 16s
 53100K .......... .......... .......... .......... .......... 21%  115M 16s
 53150K .......... .......... .......... .......... .......... 21%  119M 16s
 53200K .......... .......... .......... .......... .......... 21% 89.1M 16s
 53250K .......... .......... .......... .......... .......... 21%  116M 16s
 53300K .......... .......... .......... .......... .......... 22%  114M 16s
 53350K .......... .......... .......... .......... .......... 22%  117M 16s
 53400K .......... .......... .......... .......... .......... 22% 2.30M 16s
 48800K .......... .......... .......... .......... .......... 20%  355K 19s
 48850K .......... .......... .......... .......... .......... 20% 18.1M 19s
 48900K .......... .......... .......... .......... .......... 20% 36.3M 19s
 48950K .......... .......... .......... .......... .......... 20%  117M 19s
 49000K .......... .......... .......... .......... .......... 20%  116M 19s
 49050K .......... .......... .......... .......... .......... 20%  117M 19s
 49100K .......... .......... .......... .......... .......... 20%  117M 19s
 49150K .......... .......... .......... .......... .......... 20%  115M 19s
 49200K .......... .......... .......... .......... .......... 20% 89.9M 19s
 49250K .......... .......... .......... .......... .......... 20% 20.4M 19s
 49300K .......... .......... .......... .......... .......... 20%  117M 19s
 49350K .......... .......... .......... .......... .......... 20%  117M 19s
 49400K .......... .......... .......... .......... .......... 20%  115M 19s
 49450K .......... .......... .......... .......... .......... 20% 13.2M 19s
 49500K .......... .......... .......... .......... .......... 20%  118M 19s
 49550K .......... .......... .......... .......... .......... 20%  117M 18s
 49600K .......... .......... .......... .......... .......... 20% 86.9M 18s
 49650K .......... .......... .......... .......... .......... 20%  117M 18s
 49700K .......... .......... .......... .......... .......... 20%  115M 18s
 49750K .......... .......... .......... .......... .......... 20%  117M 18s
 49800K .......... .......... .......... .......... .......... 20%  115M 18s
 49850K .......... .......... .......... .......... .......... 20%  119M 18s
 49900K .......... .......... .......... .......... .......... 20%  117M 18s
 49950K .......... .......... .......... .......... .......... 20%  117M 18s
 50000K .......... .......... .......... .......... .......... 20% 19.1M 18s
 50050K .......... .......... .......... .......... .......... 20% 99.2M 18s
 50100K .......... .......... .......... .......... .......... 20% 17.0M 18s
 50150K .......... .......... .......... .......... .......... 20% 88.6M 18s
 50200K .......... .......... .......... .......... .......... 20%  113M 18s
 50250K .......... .......... .......... .......... .......... 20%  117M 18s
 50300K .......... .......... .......... .......... .......... 20%  117M 18s
 50350K .......... .......... .......... .......... .......... 20%  117M 18s
 50400K .......... .......... .......... .......... .......... 20% 85.9M 18s
 50450K .......... .......... .......... .......... .......... 20%  116M 18s
 50500K .......... .......... .......... .......... .......... 20%  116M 18s
 50550K .......... .......... .......... .......... .......... 20%  116M 18s
 50600K .......... .......... .......... .......... .......... 20%  115M 18s
 50650K .......... .......... .......... .......... .......... 20%  117M 18s
 50700K .......... .......... .......... .......... .......... 20%  117M 18s
 50750K .......... .......... .......... .......... .......... 20% 48.2M 18s
 50800K .......... .......... .......... .......... .......... 20% 14.5M 18s
 50850K .......... .......... .......... .......... .......... 21%  117M 18s
 50900K .......... .......... .......... .......... .......... 21%  102M 18s
 50950K .......... .......... .......... .......... .......... 21%  117M 18s
 51000K .......... .......... .......... .......... .......... 21% 15.7M 18s
 51050K .......... .......... .......... .......... .......... 21%  129M 18s
 51100K .......... .......... .......... .......... .......... 21%  117M 18s
 51150K .......... .......... .......... .......... .......... 21%  117M 18s
 51200K .......... .......... .......... .......... .......... 21% 86.7M 18s
 51250K .......... .......... .......... .......... .......... 21%  117M 18s
 51300K .......... .......... .......... .......... .......... 21%  117M 18s
 51350K .......... .......... .......... .......... .......... 21%  120M 18s
 51400K .......... .......... .......... .......... .......... 21%  114M 18s
 51450K .......... .......... .......... .......... .......... 21%  117M 18s
 51500K .......... .......... .......... .......... .......... 21%  115M 18s
 51550K .......... .......... .......... .......... .......... 21%  118M 18s
 51600K .......... .......... .......... .......... .......... 21% 87.0M 18s
 51650K .......... .......... .......... .......... .......... 21%  117M 18s
 51700K .......... .......... .......... .......... .......... 21% 1.32M 18s
 53450K .......... .......... .......... .......... .......... 22%  479K 17s
 53500K .......... .......... .......... .......... .......... 22%  116M 17s
 53550K .......... .......... .......... .......... .......... 22% 4.78M 17s
 53600K .......... .......... .......... .......... .......... 22% 72.5M 17s
 53650K .......... .......... .......... .......... .......... 22%  105M 17s
 53700K .......... .......... .......... .......... .......... 22%  112M 17s
 53750K .......... .......... .......... .......... .......... 22%  117M 17s
 53800K .......... .......... .......... .......... .......... 22%  108M 17s
 53850K .......... .......... .......... .......... .......... 22% 95.2M 17s
 53900K .......... .......... .......... .......... .......... 22%  115M 17s
 53950K .......... .......... .......... .......... .......... 22% 63.5M 17s
 54000K .......... .......... .......... .......... .......... 22% 61.8M 17s
 54050K .......... .......... .......... .......... .......... 22%  117M 17s
 54100K .......... .......... .......... .......... .......... 22%  107M 16s
 54150K .......... .......... .......... .......... .......... 22%  117M 16s
 54200K .......... .......... .......... .......... .......... 22%  113M 16s
 54250K .......... .......... .......... .......... .......... 22%  112M 16s
 54300K .......... .......... .......... .......... .......... 22% 2.38M 16s
 54350K .......... .......... .......... .......... .......... 22%  117M 16s
 54400K .......... .......... .......... .......... .......... 22% 89.2M 16s
 54450K .......... .......... .......... .......... .......... 22%  117M 16s
 54500K .......... .......... .......... .......... .......... 22%  116M 16s
 54550K .......... .......... .......... .......... .......... 22%  118M 16s
 54600K .......... .......... .......... .......... .......... 22%  115M 16s
 54650K .......... .......... .......... .......... .......... 22%  115M 16s
 54700K .......... .......... .......... .......... .......... 22%  119M 16s
 54750K .......... .......... .......... .......... .......... 22%  115M 16s
 54800K .......... .......... .......... .......... .......... 22% 88.8M 16s
 54850K .......... .......... .......... .......... .......... 22%  117M 16s
 54900K .......... .......... .......... .......... .......... 22%  117M 16s
 54950K .......... .......... .......... .......... .......... 22%  117M 16s
 55000K .......... .......... .......... .......... .......... 22%  115M 16s
 55050K .......... .......... .......... .......... .......... 22%  117M 16s
 55100K .......... .......... .......... .......... .......... 22%  117M 16s
 55150K .......... .......... .......... .......... .......... 22%  117M 16s
 55200K .......... .......... .......... .......... .......... 22% 87.2M 16s
 55250K .......... .......... .......... .......... .......... 22%  117M 16s
 55300K .......... .......... .......... .......... .......... 22%  117M 16s
 55350K .......... .......... .......... .......... .......... 22%  117M 16s
 55400K .......... .......... .......... .......... .......... 22%  115M 16s
 55450K .......... .......... .......... .......... .......... 22%  116M 16s
 55500K .......... .......... .......... .......... .......... 22%  117M 16s
 55550K .......... .......... .......... .......... .......... 22%  117M 16s
 55600K .......... .......... .......... .......... .......... 22% 89.3M 16s
 55650K .......... .......... .......... .......... .......... 22%  117M 16s
 55700K .......... .......... .......... .......... .......... 23%  117M 16s
 55750K .......... .......... .......... .......... .......... 23%  117M 16s
 55800K .......... .......... .......... .......... .......... 23% 12.6M 16s
 55850K .......... .......... .......... .......... .......... 23%  116M 16s
 55900K .......... .......... .......... .......... .......... 23%  118M 16s
 55950K .......... .......... .......... .......... .......... 23%  117M 16s
 56000K .......... .......... .......... .......... .......... 23% 89.0M 16s
 56050K .......... .......... .......... .......... .......... 23%  118M 16s
 56100K .......... .......... .......... .......... .......... 23%  117M 16s
 56150K .......... .......... .......... .......... .......... 23%  117M 16s
 56200K .......... .......... .......... .......... .......... 23%  115M 16s
 56250K .......... .......... .......... .......... .......... 23%  115M 16s
 56300K .......... .......... .......... .......... .......... 23%  118M 16s
 56350K .......... .......... .......... .......... .......... 23%  117M 16s
 56400K .......... .......... .......... .......... .......... 23% 87.0M 16s
 56450K .......... .......... .......... .......... .......... 23% 2.76M 16s
 51750K .......... .......... .......... .......... .......... 21%  494K 18s
 51800K .......... .......... .......... .......... .......... 21% 19.8M 18s
 51850K .......... .......... .......... .......... .......... 21% 28.4M 18s
 51900K .......... .......... .......... .......... .......... 21%  128M 18s
 51950K .......... .......... .......... .......... .......... 21%  117M 18s
 52000K .......... .......... .......... .......... .......... 21% 88.8M 18s
 52050K .......... .......... .......... .......... .......... 21%  117M 18s
 52100K .......... .......... .......... .......... .......... 21%  116M 18s
 52150K .......... .......... .......... .......... .......... 21%  117M 18s
 52200K .......... .......... .......... .......... .......... 21% 25.4M 18s
 52250K .......... .......... .......... .......... .......... 21% 77.1M 18s
 52300K .......... .......... .......... .......... .......... 21%  117M 18s
 52350K .......... .......... .......... .......... .......... 21%  116M 18s
 52400K .......... .......... .......... .......... .......... 21% 13.3M 18s
 52450K .......... .......... .......... .......... .......... 21%  110M 18s
 52500K .......... .......... .......... .......... .......... 21%  117M 18s
 52550K .......... .......... .......... .......... .......... 21%  117M 18s
 52600K .......... .......... .......... .......... .......... 21%  115M 18s
 52650K .......... .......... .......... .......... .......... 21% 8.81M 18s
 52700K .......... .......... .......... .......... .......... 21%  118M 18s
 52750K .......... .......... .......... .......... .......... 21%  113M 18s
 52800K .......... .......... .......... .......... .......... 21% 87.9M 18s
 52850K .......... .......... .......... .......... .......... 21%  119M 18s
 52900K .......... .......... .......... .......... .......... 21%  117M 18s
 52950K .......... .......... .......... .......... .......... 21%  117M 18s
 53000K .......... .......... .......... .......... .......... 21%  115M 18s
 53050K .......... .......... .......... .......... .......... 21%  117M 18s
 53100K .......... .......... .......... .......... .......... 21%  116M 18s
 53150K .......... .......... .......... .......... .......... 21%  117M 18s
 53200K .......... .......... .......... .......... .......... 21% 87.0M 18s
 53250K .......... .......... .......... .......... .......... 21%  117M 18s
 53300K .......... .......... .......... .......... .......... 22%  117M 18s
 53350K .......... .......... .......... .......... .......... 22%  117M 18s
 53400K .......... .......... .......... .......... .......... 22%  115M 18s
 53450K .......... .......... .......... .......... .......... 22%  117M 17s
 53500K .......... .......... .......... .......... .......... 22%  117M 17s
 53550K .......... .......... .......... .......... .......... 22%  117M 17s
 53600K .......... .......... .......... .......... .......... 22% 88.9M 17s
 53650K .......... .......... .......... .......... .......... 22%  117M 17s
 53700K .......... .......... .......... .......... .......... 22%  117M 17s
 53750K .......... .......... .......... .......... .......... 22%  117M 17s
 53800K .......... .......... .......... .......... .......... 22%  115M 17s
 53850K .......... .......... .......... .......... .......... 22% 17.5M 17s
 53900K .......... .......... .......... .......... .......... 22% 94.0M 17s
 53950K .......... .......... .......... .......... .......... 22%  108M 17s
 54000K .......... .......... .......... .......... .......... 22% 90.1M 17s
 54050K .......... .......... .......... .......... .......... 22% 7.32M 17s
 54100K .......... .......... .......... .......... .......... 22%  117M 17s
 54150K .......... .......... .......... .......... .......... 22%  115M 17s
 54200K .......... .......... .......... .......... .......... 22%  118M 17s
 54250K .......... .......... .......... .......... .......... 22%  114M 17s
 54300K .......... .......... .......... .......... .......... 22%  118M 17s
 54350K .......... .......... .......... .......... .......... 22%  117M 17s
 54400K .......... .......... .......... .......... .......... 22% 86.9M 17s
 54450K .......... .......... .......... .......... .......... 22%  119M 17s
 54500K .......... .......... .......... .......... .......... 22%  116M 17s
 54550K .......... .......... .......... .......... .......... 22%  116M 17s
 54600K .......... .......... .......... .......... .......... 22%  114M 17s
 54650K .......... .......... .......... .......... .......... 22%  117M 17s
 54700K .......... .......... .......... .......... .......... 22%  115M 17s
 54750K .......... .......... .......... .......... .......... 22%  118M 17s
 56500K .......... .......... .......... .......... .......... 23%  478K 16s
 56550K .......... .......... .......... .......... .......... 23%  118M 16s
 56600K .......... .......... .......... .......... .......... 23% 4.78M 16s
 56650K .......... .......... .......... .......... .......... 23%  105M 16s
 56700K .......... .......... .......... .......... .......... 23%  107M 16s
 56750K .......... .......... .......... .......... .......... 23%  110M 16s
 56800K .......... .......... .......... .......... .......... 23% 85.2M 16s
 56850K .......... .......... .......... .......... .......... 23%  110M 16s
 56900K .......... .......... .......... .......... .......... 23%  106M 16s
 56950K .......... .......... .......... .......... .......... 23%  117M 16s
 57000K .......... .......... .......... .......... .......... 23% 61.7M 16s
 57050K .......... .......... .......... .......... .......... 23% 73.7M 16s
 57100K .......... .......... .......... .......... .......... 23%  117M 16s
 57150K .......... .......... .......... .......... .......... 23%  112M 16s
 57200K .......... .......... .......... .......... .......... 23% 86.2M 16s
 57250K .......... .......... .......... .......... .......... 23%  105M 16s
 57300K .......... .......... .......... .......... .......... 23%  117M 16s
 57350K .......... .......... .......... .......... .......... 23% 2.03M 16s
 57400K .......... .......... .......... .......... .......... 23%  123M 16s
 57450K .......... .......... .......... .......... .......... 23%  123M 16s
 57500K .......... .......... .......... .......... .......... 23%  115M 16s
 57550K .......... .......... .......... .......... .......... 23%  116M 16s
 57600K .......... .......... .......... .......... .......... 23% 88.5M 16s
 57650K .......... .......... .......... .......... .......... 23%  118M 16s
 57700K .......... .......... .......... .......... .......... 23%  118M 16s
 57750K .......... .......... .......... .......... .......... 23%  115M 16s
 57800K .......... .......... .......... .......... .......... 23%  113M 16s
 57850K .......... .......... .......... .......... .......... 23%  116M 16s
 57900K .......... .......... .......... .......... .......... 23%  118M 16s
 57950K .......... .......... .......... .......... .......... 23%  117M 16s
 58000K .......... .......... .......... .......... .......... 23% 89.2M 16s
 58050K .......... .......... .......... .......... .......... 23%  117M 16s
 58100K .......... .......... .......... .......... .......... 24%  117M 16s
 58150K .......... .......... .......... .......... .......... 24%  117M 16s
 58200K .......... .......... .......... .......... .......... 24%  114M 16s
 58250K .......... .......... .......... .......... .......... 24%  119M 16s
 58300K .......... .......... .......... .......... .......... 24%  117M 16s
 58350K .......... .......... .......... .......... .......... 24%  117M 16s
 58400K .......... .......... .......... .......... .......... 24% 87.0M 16s
 58450K .......... .......... .......... .......... .......... 24%  117M 16s
 58500K .......... .......... .......... .......... .......... 24%  115M 16s
 58550K .......... .......... .......... .......... .......... 24%  119M 16s
 58600K .......... .......... .......... .......... .......... 24%  115M 16s
 58650K .......... .......... .......... .......... .......... 24%  117M 16s
 58700K .......... .......... .......... .......... .......... 24%  117M 16s
 58750K .......... .......... .......... .......... .......... 24%  117M 15s
 58800K .......... .......... .......... .......... .......... 24% 88.8M 15s
 58850K .......... .......... .......... .......... .......... 24%  117M 15s
 58900K .......... .......... .......... .......... .......... 24% 12.6M 15s
 58950K .......... .......... .......... .......... .......... 24%  119M 15s
 59000K .......... .......... .......... .......... .......... 24%  114M 15s
 59050K .......... .......... .......... .......... .......... 24%  113M 15s
 59100K .......... .......... .......... .......... .......... 24%  117M 15s
 59150K .......... .......... .......... .......... .......... 24%  119M 15s
 59200K .......... .......... .......... .......... .......... 24% 88.3M 15s
 59250K .......... .......... .......... .......... .......... 24%  118M 15s
 59300K .......... .......... .......... .......... .......... 24%  113M 15s
 59350K .......... .......... .......... .......... .......... 24%  119M 15s
 59400K .......... .......... .......... .......... .......... 24%  113M 15s
 59450K .......... .......... .......... .......... .......... 24%  116M 15s
 59500K .......... .......... .......... .......... .......... 24% 3.41M 15s
 54800K .......... .......... .......... .......... .......... 22%  373K 17s
 54850K .......... .......... .......... .......... .......... 22% 13.4M 17s
 54900K .......... .......... .......... .......... .......... 22%  101M 17s
 54950K .......... .......... .......... .......... .......... 22%  104M 17s
 55000K .......... .......... .......... .......... .......... 22%  116M 17s
 55050K .......... .......... .......... .......... .......... 22%  107M 17s
 55100K .......... .......... .......... .......... .......... 22%  117M 17s
 55150K .......... .......... .......... .......... .......... 22%  117M 17s
 55200K .......... .......... .......... .......... .......... 22% 87.0M 17s
 55250K .......... .......... .......... .......... .......... 22% 23.9M 17s
 55300K .......... .......... .......... .......... .......... 22%  117M 17s
 55350K .......... .......... .......... .......... .......... 22%  117M 17s
 55400K .......... .......... .......... .......... .......... 22%  106M 17s
 55450K .......... .......... .......... .......... .......... 22% 15.1M 17s
 55500K .......... .......... .......... .......... .......... 22% 71.2M 17s
 55550K .......... .......... .......... .......... .......... 22%  107M 17s
 55600K .......... .......... .......... .......... .......... 22% 82.3M 17s
 55650K .......... .......... .......... .......... .......... 22% 5.30M 17s
 55700K .......... .......... .......... .......... .......... 23%  119M 17s
 55750K .......... .......... .......... .......... .......... 23%  117M 17s
 55800K .......... .......... .......... .......... .......... 23%  115M 17s
 55850K .......... .......... .......... .......... .......... 23%  117M 17s
 55900K .......... .......... .......... .......... .......... 23%  118M 17s
 55950K .......... .......... .......... .......... .......... 23%  115M 17s
 56000K .......... .......... .......... .......... .......... 23% 89.5M 17s
 56050K .......... .......... .......... .......... .......... 23%  117M 17s
 56100K .......... .......... .......... .......... .......... 23%  114M 17s
 56150K .......... .......... .......... .......... .......... 23%  118M 17s
 56200K .......... .......... .......... .......... .......... 23%  114M 17s
 56250K .......... .......... .......... .......... .......... 23%  118M 17s
 56300K .......... .......... .......... .......... .......... 23%  117M 17s
 56350K .......... .......... .......... .......... .......... 23%  117M 17s
 56400K .......... .......... .......... .......... .......... 23% 87.0M 17s
 56450K .......... .......... .......... .......... .......... 23%  117M 17s
 56500K .......... .......... .......... .......... .......... 23%  117M 17s
 56550K .......... .......... .......... .......... .......... 23%  116M 17s
 56600K .......... .......... .......... .......... .......... 23%  116M 17s
 56650K .......... .......... .......... .......... .......... 23%  117M 17s
 56700K .......... .......... .......... .......... .......... 23%  117M 17s
 56750K .......... .......... .......... .......... .......... 23%  117M 17s
 56800K .......... .......... .......... .......... .......... 23% 89.1M 17s
 56850K .......... .......... .......... .......... .......... 23%  117M 17s
 56900K .......... .......... .......... .......... .......... 23%  117M 17s
 56950K .......... .......... .......... .......... .......... 23%  117M 17s
 57000K .......... .......... .......... .......... .......... 23%  116M 17s
 57050K .......... .......... .......... .......... .......... 23%  117M 17s
 57100K .......... .......... .......... .......... .......... 23% 28.3M 17s
 57150K .......... .......... .......... .......... .......... 23% 11.7M 17s
 57200K .......... .......... .......... .......... .......... 23% 88.8M 17s
 57250K .......... .......... .......... .......... .......... 23%  116M 17s
 57300K .......... .......... .......... .......... .......... 23%  114M 17s
 57350K .......... .......... .......... .......... .......... 23%  109M 17s
 57400K .......... .......... .......... .......... .......... 23% 12.3M 17s
 57450K .......... .......... .......... .......... .......... 23%  118M 17s
 57500K .......... .......... .......... .......... .......... 23%  116M 17s
 57550K .......... .......... .......... .......... .......... 23%  117M 17s
 57600K .......... .......... .......... .......... .......... 23% 87.0M 17s
 57650K .......... .......... .......... .......... .......... 23%  120M 17s
 57700K .......... .......... .......... .......... .......... 23%  113M 16s
 57750K .......... .......... .......... .......... .......... 23%  117M 16s
 57800K .......... .......... .......... .......... .......... 23% 1.66M 17s
 59550K .......... .......... .......... .......... .......... 24%  479K 16s
 59600K .......... .......... .......... .......... .......... 24% 89.2M 16s
 59650K .......... .......... .......... .......... .......... 24% 4.84M 16s
 59700K .......... .......... .......... .......... .......... 24%  102M 16s
 59750K .......... .......... .......... .......... .......... 24% 93.5M 16s
 59800K .......... .......... .......... .......... .......... 24%  113M 16s
 59850K .......... .......... .......... .......... .......... 24%  113M 16s
 59900K .......... .......... .......... .......... .......... 24%  114M 16s
 59950K .......... .......... .......... .......... .......... 24%  108M 16s
 60000K .......... .......... .......... .......... .......... 24% 87.4M 15s
 60050K .......... .......... .......... .......... .......... 24%  117M 15s
 60100K .......... .......... .......... .......... .......... 24% 48.2M 15s
 60150K .......... .......... .......... .......... .......... 24%  112M 15s
 60200K .......... .......... .......... .......... .......... 24%  114M 15s
 60250K .......... .......... .......... .......... .......... 24%  102M 15s
 60300K .......... .......... .......... .......... .......... 24%  117M 15s
 60350K .......... .......... .......... .......... .......... 24%  117M 15s
 60400K .......... .......... .......... .......... .......... 24% 1.76M 15s
 60450K .......... .......... .......... .......... .......... 24%  121M 15s
 60500K .......... .......... .......... .......... .......... 24%  114M 15s
 60550K .......... .......... .......... .......... .......... 25%  115M 15s
 60600K .......... .......... .......... .......... .......... 25%  116M 15s
 60650K .......... .......... .......... .......... .......... 25%  117M 15s
 60700K .......... .......... .......... .......... .......... 25%  113M 15s
 60750K .......... .......... .......... .......... .......... 25%  120M 15s
 60800K .......... .......... .......... .......... .......... 25% 89.3M 15s
 60850K .......... .......... .......... .......... .......... 25%  116M 15s
 60900K .......... .......... .......... .......... .......... 25%  116M 15s
 60950K .......... .......... .......... .......... .......... 25%  117M 15s
 61000K .......... .......... .......... .......... .......... 25%  115M 15s
 61050K .......... .......... .......... .......... .......... 25%  117M 15s
 61100K .......... .......... .......... .......... .......... 25%  117M 15s
 61150K .......... .......... .......... .......... .......... 25%  117M 15s
 61200K .......... .......... .......... .......... .......... 25% 88.8M 15s
 61250K .......... .......... .......... .......... .......... 25%  117M 15s
 61300K .......... .......... .......... .......... .......... 25%  117M 15s
 61350K .......... .......... .......... .......... .......... 25%  117M 15s
 61400K .......... .......... .......... .......... .......... 25%  115M 15s
 61450K .......... .......... .......... .......... .......... 25%  117M 15s
 61500K .......... .......... .......... .......... .......... 25%  116M 15s
 61550K .......... .......... .......... .......... .......... 25%  118M 15s
 61600K .......... .......... .......... .......... .......... 25% 87.3M 15s
 61650K .......... .......... .......... .......... .......... 25%  117M 15s
 61700K .......... .......... .......... .......... .......... 25%  117M 15s
 61750K .......... .......... .......... .......... .......... 25%  117M 15s
 61800K .......... .......... .......... .......... .......... 25%  115M 15s
 61850K .......... .......... .......... .......... .......... 25%  117M 15s
 61900K .......... .......... .......... .......... .......... 25% 12.6M 15s
 61950K .......... .......... .......... .......... .......... 25%  119M 15s
 62000K .......... .......... .......... .......... .......... 25% 89.5M 15s
 62050K .......... .......... .......... .......... .......... 25%  115M 15s
 62100K .......... .......... .......... .......... .......... 25%  118M 15s
 62150K .......... .......... .......... .......... .......... 25%  117M 15s
 62200K .......... .......... .......... .......... .......... 25%  115M 15s
 62250K .......... .......... .......... .......... .......... 25%  114M 15s
 62300K .......... .......... .......... .......... .......... 25%  119M 15s
 62350K .......... .......... .......... .......... .......... 25%  118M 15s
 62400K .......... .......... .......... .......... .......... 25% 87.2M 15s
 62450K .......... .......... .......... .......... .......... 25%  117M 15s
 62500K .......... .......... .......... .......... .......... 25%  117M 15s
 62550K .......... .......... .......... .......... .......... 25% 4.63M 15s
 57850K .......... .......... .......... .......... .......... 23%  492K 17s
 57900K .......... .......... .......... .......... .......... 23% 22.5M 17s
 57950K .......... .......... .......... .......... .......... 23% 27.5M 17s
 58000K .......... .......... .......... .......... .......... 23% 76.9M 17s
 58050K .......... .......... .......... .......... .......... 23%  117M 17s
 58100K .......... .......... .......... .......... .......... 24%  103M 17s
 58150K .......... .......... .......... .......... .......... 24%  117M 17s
 58200K .......... .......... .......... .......... .......... 24%  115M 17s
 58250K .......... .......... .......... .......... .......... 24%  117M 17s
 58300K .......... .......... .......... .......... .......... 24% 24.2M 17s
 58350K .......... .......... .......... .......... .......... 24%  117M 17s
 58400K .......... .......... .......... .......... .......... 24% 88.8M 17s
 58450K .......... .......... .......... .......... .......... 24%  111M 17s
 58500K .......... .......... .......... .......... .......... 24% 15.8M 17s
 58550K .......... .......... .......... .......... .......... 24% 59.3M 17s
 58600K .......... .......... .......... .......... .......... 24%  115M 17s
 58650K .......... .......... .......... .......... .......... 24%  103M 17s
 58700K .......... .......... .......... .......... .......... 24% 5.28M 17s
 58750K .......... .......... .......... .......... .......... 24% 12.1M 17s
 58800K .......... .......... .......... .......... .......... 24% 89.8M 17s
 58850K .......... .......... .......... .......... .......... 24%  117M 17s
 58900K .......... .......... .......... .......... .......... 24%  117M 17s
 58950K .......... .......... .......... .......... .......... 24%  116M 17s
 59000K .......... .......... .......... .......... .......... 24%  114M 17s
 59050K .......... .......... .......... .......... .......... 24%  115M 16s
 59100K .......... .......... .......... .......... .......... 24%  119M 16s
 59150K .......... .......... .......... .......... .......... 24%  117M 16s
 59200K .......... .......... .......... .......... .......... 24% 88.0M 16s
 59250K .......... .......... .......... .......... .......... 24%  116M 16s
 59300K .......... .......... .......... .......... .......... 24%  117M 16s
 59350K .......... .......... .......... .......... .......... 24%  117M 16s
 59400K .......... .......... .......... .......... .......... 24%  115M 16s
 59450K .......... .......... .......... .......... .......... 24%  117M 16s
 59500K .......... .......... .......... .......... .......... 24%  117M 16s
 59550K .......... .......... .......... .......... .......... 24%  117M 16s
 59600K .......... .......... .......... .......... .......... 24% 87.0M 16s
 59650K .......... .......... .......... .......... .......... 24%  117M 16s
 59700K .......... .......... .......... .......... .......... 24%  117M 16s
 59750K .......... .......... .......... .......... .......... 24%  117M 16s
 59800K .......... .......... .......... .......... .......... 24%  115M 16s
 59850K .......... .......... .......... .......... .......... 24%  117M 16s
 59900K .......... .......... .......... .......... .......... 24%  117M 16s
 59950K .......... .......... .......... .......... .......... 24%  117M 16s
 60000K .......... .......... .......... .......... .......... 24% 88.8M 16s
 60050K .......... .......... .......... .......... .......... 24%  117M 16s
 60100K .......... .......... .......... .......... .......... 24%  117M 16s
 60150K .......... .......... .......... .......... .......... 24% 32.2M 16s
 60200K .......... .......... .......... .......... .......... 24% 66.1M 16s
 60250K .......... .......... .......... .......... .......... 24%  117M 16s
 60300K .......... .......... .......... .......... .......... 24%  111M 16s
 60350K .......... .......... .......... .......... .......... 24%  117M 16s
 60400K .......... .......... .......... .......... .......... 24% 6.39M 16s
 60450K .......... .......... .......... .......... .......... 24%  120M 16s
 60500K .......... .......... .......... .......... .......... 24%  114M 16s
 60550K .......... .......... .......... .......... .......... 25%  120M 16s
 60600K .......... .......... .......... .......... .......... 25%  115M 16s
 60650K .......... .......... .......... .......... .......... 25%  115M 16s
 60700K .......... .......... .......... .......... .......... 25%  117M 16s
 60750K .......... .......... .......... .......... .......... 25%  112M 16s
 60800K .......... .......... .......... .......... .......... 25% 89.2M 16s
 60850K .......... .......... .......... .......... .......... 25%  119M 16s
 62600K .......... .......... .......... .......... .......... 25%  477K 15s
 62650K .......... .......... .......... .......... .......... 25%  150M 15s
 62700K .......... .......... .......... .......... .......... 25% 5.05M 15s
 62750K .......... .......... .......... .......... .......... 25% 57.2M 15s
 62800K .......... .......... .......... .......... .......... 25% 75.1M 15s
 62850K .......... .......... .......... .......... .......... 25%  116M 15s
 62900K .......... .......... .......... .......... .......... 25%  104M 15s
 62950K .......... .......... .......... .......... .......... 26%  115M 15s
 63000K .......... .......... .......... .......... .......... 26%  107M 15s
 63050K .......... .......... .......... .......... .......... 26%  115M 15s
 63100K .......... .......... .......... .......... .......... 26%  115M 15s
 63150K .......... .......... .......... .......... .......... 26% 50.1M 15s
 63200K .......... .......... .......... .......... .......... 26% 82.2M 15s
 63250K .......... .......... .......... .......... .......... 26%  117M 15s
 63300K .......... .......... .......... .......... .......... 26%  101M 15s
 63350K .......... .......... .......... .......... .......... 26%  117M 15s
 63400K .......... .......... .......... .......... .......... 26% 1.56M 15s
 63450K .......... .......... .......... .......... .......... 26%  251M 15s
 63500K .......... .......... .......... .......... .......... 26%  119M 15s
 63550K .......... .......... .......... .......... .......... 26%  118M 15s
 63600K .......... .......... .......... .......... .......... 26% 86.8M 15s
 63650K .......... .......... .......... .......... .......... 26%  117M 15s
 63700K .......... .......... .......... .......... .......... 26%  120M 15s
 63750K .......... .......... .......... .......... .......... 26%  117M 15s
 63800K .......... .......... .......... .......... .......... 26%  115M 15s
 63850K .......... .......... .......... .......... .......... 26%  116M 15s
 63900K .......... .......... .......... .......... .......... 26%  115M 15s
 63950K .......... .......... .......... .......... .......... 26%  116M 15s
 64000K .......... .......... .......... .......... .......... 26% 88.8M 15s
 64050K .......... .......... .......... .......... .......... 26%  117M 15s
 64100K .......... .......... .......... .......... .......... 26%  117M 15s
 64150K .......... .......... .......... .......... .......... 26%  117M 15s
 64200K .......... .......... .......... .......... .......... 26%  115M 15s
 64250K .......... .......... .......... .......... .......... 26%  116M 15s
 64300K .......... .......... .......... .......... .......... 26%  117M 15s
 64350K .......... .......... .......... .......... .......... 26%  117M 15s
 64400K .......... .......... .......... .......... .......... 26% 87.3M 15s
 64450K .......... .......... .......... .......... .......... 26%  117M 15s
 64500K .......... .......... .......... .......... .......... 26%  117M 15s
 64550K .......... .......... .......... .......... .......... 26%  117M 15s
 64600K .......... .......... .......... .......... .......... 26%  115M 15s
 64650K .......... .......... .......... .......... .......... 26%  117M 15s
 64700K .......... .......... .......... .......... .......... 26%  117M 15s
 64750K .......... .......... .......... .......... .......... 26%  117M 15s
 64800K .......... .......... .......... .......... .......... 26% 88.8M 15s
 64850K .......... .......... .......... .......... .......... 26%  116M 15s
 64900K .......... .......... .......... .......... .......... 26%  117M 15s
 64950K .......... .......... .......... .......... .......... 26% 12.5M 15s
 65000K .......... .......... .......... .......... .......... 26%  114M 15s
 65050K .......... .......... .......... .......... .......... 26%  115M 15s
 65100K .......... .......... .......... .......... .......... 26%  118M 15s
 65150K .......... .......... .......... .......... .......... 26%  119M 15s
 65200K .......... .......... .......... .......... .......... 26% 88.4M 14s
 65250K .......... .......... .......... .......... .......... 26%  114M 14s
 65300K .......... .......... .......... .......... .......... 26%  119M 14s
 65350K .......... .......... .......... .......... .......... 26%  115M 14s
 65400K .......... .......... .......... .......... .......... 27%  117M 14s
 65450K .......... .......... .......... .......... .......... 27%  116M 14s
 65500K .......... .......... .......... .......... .......... 27%  118M 14s
 65550K .......... .......... .......... .......... .......... 27%  118M 14s
 65600K .......... .......... .......... .......... .......... 27% 7.08M 14s
 60900K .......... .......... .......... .......... .......... 25%  393K 16s
 60950K .......... .......... .......... .......... .......... 25% 13.9M 16s
 61000K .......... .......... .......... .......... .......... 25%  135M 16s
 61050K .......... .......... .......... .......... .......... 25% 91.0M 16s
 61100K .......... .......... .......... .......... .......... 25%  114M 16s
 61150K .......... .......... .......... .......... .......... 25%  108M 16s
 61200K .......... .......... .......... .......... .......... 25% 87.5M 16s
 61250K .......... .......... .......... .......... .......... 25%  117M 16s
 61300K .......... .......... .......... .......... .......... 25% 33.9M 16s
 61350K .......... .......... .......... .......... .......... 25% 51.9M 16s
 61400K .......... .......... .......... .......... .......... 25%  110M 16s
 61450K .......... .......... .......... .......... .......... 25%  117M 16s
 61500K .......... .......... .......... .......... .......... 25%  105M 16s
 61550K .......... .......... .......... .......... .......... 25% 16.3M 16s
 61600K .......... .......... .......... .......... .......... 25% 46.9M 16s
 61650K .......... .......... .......... .......... .......... 25%  108M 16s
 61700K .......... .......... .......... .......... .......... 25%  114M 16s
 61750K .......... .......... .......... .......... .......... 25% 3.80M 16s
 61800K .......... .......... .......... .......... .......... 25%  109M 16s
 61850K .......... .......... .......... .......... .......... 25% 12.1M 16s
 61900K .......... .......... .......... .......... .......... 25%  118M 16s
 61950K .......... .......... .......... .......... .......... 25%  116M 16s
 62000K .......... .......... .......... .......... .......... 25% 88.5M 16s
 62050K .......... .......... .......... .......... .......... 25%  116M 16s
 62100K .......... .......... .......... .......... .......... 25%  117M 16s
 62150K .......... .......... .......... .......... .......... 25%  116M 16s
 62200K .......... .......... .......... .......... .......... 25%  115M 16s
 62250K .......... .......... .......... .......... .......... 25%  115M 16s
 62300K .......... .......... .......... .......... .......... 25%  120M 16s
 62350K .......... .......... .......... .......... .......... 25%  114M 16s
 62400K .......... .......... .......... .......... .......... 25% 88.0M 16s
 62450K .......... .......... .......... .......... .......... 25%  117M 16s
 62500K .......... .......... .......... .......... .......... 25%  117M 16s
 62550K .......... .......... .......... .......... .......... 25%  117M 16s
 62600K .......... .......... .......... .......... .......... 25%  115M 16s
 62650K .......... .......... .......... .......... .......... 25%  117M 16s
 62700K .......... .......... .......... .......... .......... 25%  117M 16s
 62750K .......... .......... .......... .......... .......... 25%  117M 16s
 62800K .......... .......... .......... .......... .......... 25% 88.9M 16s
 62850K .......... .......... .......... .......... .......... 25%  117M 16s
 62900K .......... .......... .......... .......... .......... 25%  117M 16s
 62950K .......... .......... .......... .......... .......... 26%  117M 16s
 63000K .......... .......... .......... .......... .......... 26%  115M 16s
 63050K .......... .......... .......... .......... .......... 26%  117M 16s
 63100K .......... .......... .......... .......... .......... 26%  117M 16s
 63150K .......... .......... .......... .......... .......... 26%  117M 16s
 63200K .......... .......... .......... .......... .......... 26% 88.9M 16s
 63250K .......... .......... .......... .......... .......... 26%  117M 16s
 63300K .......... .......... .......... .......... .......... 26%  116M 16s
 63350K .......... .......... .......... .......... .......... 26%  117M 16s
 63400K .......... .......... .......... .......... .......... 26%  115M 16s
 63450K .......... .......... .......... .......... .......... 26% 9.20M 16s
 63500K .......... .......... .......... .......... .......... 26% 11.9M 16s
 63550K .......... .......... .......... .......... .......... 26%  117M 16s
 63600K .......... .......... .......... .......... .......... 26% 88.2M 16s
 63650K .......... .......... .......... .......... .......... 26%  115M 16s
 63700K .......... .......... .......... .......... .......... 26%  120M 15s
 63750K .......... .......... .......... .......... .......... 26%  114M 15s
 63800K .......... .......... .......... .......... .......... 26%  117M 15s
 63850K .......... .......... .......... .......... .......... 26%  115M 15s
 63900K .......... .......... .......... .......... .......... 26%  119M 15s
 65650K .......... .......... .......... .......... .......... 27%  476K 15s
 65700K .......... .......... .......... .......... .......... 27%  154M 15s
 65750K .......... .......... .......... .......... .......... 27% 4.91M 15s
 65800K .......... .......... .......... .......... .......... 27% 91.6M 15s
 65850K .......... .......... .......... .......... .......... 27%  116M 15s
 65900K .......... .......... .......... .......... .......... 27% 94.5M 15s
 65950K .......... .......... .......... .......... .......... 27%  105M 15s
 66000K .......... .......... .......... .......... .......... 27% 86.1M 15s
 66050K .......... .......... .......... .......... .......... 27%  109M 15s
 66100K .......... .......... .......... .......... .......... 27%  117M 15s
 66150K .......... .......... .......... .......... .......... 27%  111M 15s
 66200K .......... .......... .......... .......... .......... 27% 50.5M 15s
 66250K .......... .......... .......... .......... .......... 27%  113M 15s
 66300K .......... .......... .......... .......... .......... 27%  117M 15s
 66350K .......... .......... .......... .......... .......... 27%  107M 15s
 66400K .......... .......... .......... .......... .......... 27% 80.6M 14s
 66450K .......... .......... .......... .......... .......... 27% 1.41M 15s
 66500K .......... .......... .......... .......... .......... 27%  120M 15s
 66550K .......... .......... .......... .......... .......... 27%  121M 15s
 66600K .......... .......... .......... .......... .......... 27%  114M 15s
 66650K .......... .......... .......... .......... .......... 27%  117M 15s
 66700K .......... .......... .......... .......... .......... 27%  116M 14s
 66750K .......... .......... .......... .......... .......... 27%  112M 14s
 66800K .......... .......... .......... .......... .......... 27% 89.3M 14s
 66850K .......... .......... .......... .......... .......... 27%  119M 14s
 66900K .......... .......... .......... .......... .......... 27%  117M 14s
 66950K .......... .......... .......... .......... .......... 27%  116M 14s
 67000K .......... .......... .......... .......... .......... 27%  113M 14s
 67050K .......... .......... .......... .......... .......... 27%  119M 14s
 67100K .......... .......... .......... .......... .......... 27%  117M 14s
 67150K .......... .......... .......... .......... .......... 27%  117M 14s
 67200K .......... .......... .......... .......... .......... 27% 89.4M 14s
 67250K .......... .......... .......... .......... .......... 27%  117M 14s
 67300K .......... .......... .......... .......... .......... 27%  117M 14s
 67350K .......... .......... .......... .......... .......... 27%  117M 14s
 67400K .......... .......... .......... .......... .......... 27%  111M 14s
 67450K .......... .......... .......... .......... .......... 27%  117M 14s
 67500K .......... .......... .......... .......... .......... 27%  117M 14s
 67550K .......... .......... .......... .......... .......... 27%  117M 14s
 67600K .......... .......... .......... .......... .......... 27% 89.3M 14s
 67650K .......... .......... .......... .......... .......... 27%  117M 14s
 67700K .......... .......... .......... .......... .......... 27%  117M 14s
 67750K .......... .......... .......... .......... .......... 27%  117M 14s
 67800K .......... .......... .......... .......... .......... 28%  114M 14s
 67850K .......... .......... .......... .......... .......... 28%  119M 14s
 67900K .......... .......... .......... .......... .......... 28%  117M 14s
 67950K .......... .......... .......... .......... .......... 28%  117M 14s
 68000K .......... .......... .......... .......... .......... 28% 12.2M 14s
 68050K .......... .......... .......... .......... .......... 28%  115M 14s
 68100K .......... .......... .......... .......... .......... 28%  118M 14s
 68150K .......... .......... .......... .......... .......... 28%  118M 14s
 68200K .......... .......... .......... .......... .......... 28%  114M 14s
 68250K .......... .......... .......... .......... .......... 28%  116M 14s
 68300K .......... .......... .......... .......... .......... 28%  117M 14s
 68350K .......... .......... .......... .......... .......... 28%  116M 14s
 68400K .......... .......... .......... .......... .......... 28% 88.5M 14s
 68450K .......... .......... .......... .......... .......... 28%  116M 14s
 68500K .......... .......... .......... .......... .......... 28%  117M 14s
 68550K .......... .......... .......... .......... .......... 28%  117M 14s
 68600K .......... .......... .......... .......... .......... 28%  115M 14s
 68650K .......... .......... .......... .......... .......... 28%  117M 14s
 63950K .......... .......... .......... .......... .......... 26%  405K 16s
 64000K .......... .......... .......... .......... .......... 26% 13.8M 16s
 64050K .......... .......... .......... .......... .......... 26%  117M 16s
 64100K .......... .......... .......... .......... .......... 26%  103M 16s
 64150K .......... .......... .......... .......... .......... 26% 97.0M 16s
 64200K .......... .......... .......... .......... .......... 26%  101M 16s
 64250K .......... .......... .......... .......... .......... 26%  117M 16s
 64300K .......... .......... .......... .......... .......... 26%  117M 16s
 64350K .......... .......... .......... .......... .......... 26% 35.0M 16s
 64400K .......... .......... .......... .......... .......... 26% 44.1M 16s
 64450K .......... .......... .......... .......... .......... 26%  117M 16s
 64500K .......... .......... .......... .......... .......... 26%  115M 16s
 64550K .......... .......... .......... .......... .......... 26%  114M 16s
 64600K .......... .......... .......... .......... .......... 26% 16.2M 16s
 64650K .......... .......... .......... .......... .......... 26% 52.1M 16s
 64700K .......... .......... .......... .......... .......... 26%  115M 16s
 68700K .......... .......... .......... .......... .......... 28% 1.11M 14s
 64750K .......... .......... .......... .......... .......... 26%  117M 16s
 64800K .......... .......... .......... .......... .......... 26% 5.21M 16s
 64850K .......... .......... .......... .......... .......... 26% 6.28M 16s
 64900K .......... .......... .......... .......... .......... 26% 12.1M 16s
 64950K .......... .......... .......... .......... .......... 26%  120M 16s
 65000K .......... .......... .......... .......... .......... 26%  112M 16s
 65050K .......... .......... .......... .......... .......... 26%  115M 15s
 65100K .......... .......... .......... .......... .......... 26%  121M 15s
 65150K .......... .......... .......... .......... .......... 26%  116M 15s
 65200K .......... .......... .......... .......... .......... 26% 86.3M 15s
 65250K .......... .......... .......... .......... .......... 26%  116M 15s
 65300K .......... .......... .......... .......... .......... 26%  119M 15s
 65350K .......... .......... .......... .......... .......... 26%  116M 15s
 65400K .......... .......... .......... .......... .......... 27%  116M 15s
 65450K .......... .......... .......... .......... .......... 27%  114M 15s
 65500K .......... .......... .......... .......... .......... 27%  120M 15s
 65550K .......... .......... .......... .......... .......... 27%  112M 15s
 65600K .......... .......... .......... .......... .......... 27% 89.0M 15s
 65650K .......... .......... .......... .......... .......... 27%  117M 15s
 65700K .......... .......... .......... .......... .......... 27%  116M 15s
 65750K .......... .......... .......... .......... .......... 27%  117M 15s
 65800K .......... .......... .......... .......... .......... 27%  114M 15s
 65850K .......... .......... .......... .......... .......... 27%  119M 15s
 65900K .......... .......... .......... .......... .......... 27%  117M 15s
 65950K .......... .......... .......... .......... .......... 27%  117M 15s
 66000K .......... .......... .......... .......... .......... 27% 89.0M 15s
 66050K .......... .......... .......... .......... .......... 27%  117M 15s
 66100K .......... .......... .......... .......... .......... 27%  117M 15s
 66150K .......... .......... .......... .......... .......... 27%  117M 15s
 66200K .......... .......... .......... .......... .......... 27%  115M 15s
 66250K .......... .......... .......... .......... .......... 27%  116M 15s
 66300K .......... .......... .......... .......... .......... 27%  117M 15s
 66350K .......... .......... .......... .......... .......... 27%  117M 15s
 66400K .......... .......... .......... .......... .......... 27% 87.0M 15s
 66450K .......... .......... .......... .......... .......... 27%  117M 15s
 66500K .......... .......... .......... .......... .......... 27% 9.32M 15s
 66550K .......... .......... .......... .......... .......... 27%  106M 15s
 66600K .......... .......... .......... .......... .......... 27%  106M 15s
 66650K .......... .......... .......... .......... .......... 27%  116M 15s
 68750K .......... .......... .......... .......... .......... 28%  780K 14s
 68800K .......... .......... .......... .......... .......... 28% 4.88M 14s
 68850K .......... .......... .......... .......... .......... 28% 94.1M 14s
 68900K .......... .......... .......... .......... .......... 28% 96.0M 14s
 68950K .......... .......... .......... .......... .......... 28% 94.0M 14s
 69000K .......... .......... .......... .......... .......... 28%  115M 14s
 69050K .......... .......... .......... .......... .......... 28%  107M 14s
 69100K .......... .......... .......... .......... .......... 28%  114M 14s
 69150K .......... .......... .......... .......... .......... 28%  110M 14s
 69200K .......... .......... .......... .......... .......... 28% 82.2M 14s
 69250K .......... .......... .......... .......... .......... 28% 51.7M 14s
 69300K .......... .......... .......... .......... .......... 28%  111M 14s
 69350K .......... .......... .......... .......... .......... 28%  117M 14s
 69400K .......... .......... .......... .......... .......... 28% 94.9M 14s
 69450K .......... .......... .......... .......... .......... 28%  117M 14s
 69500K .......... .......... .......... .......... .......... 28% 1.28M 14s
 69550K .......... .......... .......... .......... .......... 28%  120M 14s
 69600K .......... .......... .......... .......... .......... 28% 89.9M 14s
 69650K .......... .......... .......... .......... .......... 28%  112M 14s
 69700K .......... .......... .......... .......... .......... 28%  121M 14s
 69750K .......... .......... .......... .......... .......... 28%  114M 14s
 66700K .......... .......... .......... .......... .......... 27%  384K 15s
 66750K .......... .......... .......... .......... .......... 27%  164M 15s
 66800K .......... .......... .......... .......... .......... 27% 95.7M 15s
 66850K .......... .......... .......... .......... .......... 27%  116M 15s
 66900K .......... .......... .......... .......... .......... 27%  118M 15s
 66950K .......... .......... .......... .......... .......... 27%  113M 15s
 67000K .......... .......... .......... .......... .......... 27%  118M 15s
 67050K .......... .......... .......... .......... .......... 27%  115M 15s
 67100K .......... .......... .......... .......... .......... 27%  118M 15s
 67150K .......... .......... .......... .......... .......... 27%  116M 15s
 67200K .......... .......... .......... .......... .......... 27% 86.3M 15s
 67250K .......... .......... .......... .......... .......... 27%  118M 15s
 67300K .......... .......... .......... .......... .......... 27%  117M 15s
 67350K .......... .......... .......... .......... .......... 27%  117M 15s
 67400K .......... .......... .......... .......... .......... 27%  116M 15s
 67450K .......... .......... .......... .......... .......... 27%  116M 15s
 67500K .......... .......... .......... .......... .......... 27%  117M 15s
 67550K .......... .......... .......... .......... .......... 27%  117M 15s
 67600K .......... .......... .......... .......... .......... 27% 87.0M 15s
 67650K .......... .......... .......... .......... .......... 27% 41.3M 15s
 67700K .......... .......... .......... .......... .......... 27% 50.5M 15s
 67750K .......... .......... .......... .......... .......... 27%  109M 15s
 67800K .......... .......... .......... .......... .......... 28% 5.35M 15s
 67850K .......... .......... .......... .......... .......... 28%  109M 15s
 67900K .......... .......... .......... .......... .......... 28% 6.24M 15s
 67950K .......... .......... .......... .......... .......... 28% 12.4M 15s
 68000K .......... .......... .......... .......... .......... 28% 69.3M 15s
 68050K .......... .......... .......... .......... .......... 28%  117M 15s
 68100K .......... .......... .......... .......... .......... 28%  117M 15s
 68150K .......... .......... .......... .......... .......... 28%  117M 15s
 68200K .......... .......... .......... .......... .......... 28%  115M 15s
 68250K .......... .......... .......... .......... .......... 28%  117M 15s
 68300K .......... .......... .......... .......... .......... 28%  117M 15s
 68350K .......... .......... .......... .......... .......... 28% 12.2M 15s
 68400K .......... .......... .......... .......... .......... 28% 87.8M 15s
 68450K .......... .......... .......... .......... .......... 28%  118M 15s
 68500K .......... .......... .......... .......... .......... 28%  114M 15s
 68550K .......... .......... .......... .......... .......... 28%  119M 15s
 68600K .......... .......... .......... .......... .......... 28%  116M 15s
 68650K .......... .......... .......... .......... .......... 28%  116M 15s
 68700K .......... .......... .......... .......... .......... 28%  114M 15s
 68750K .......... .......... .......... .......... .......... 28%  118M 15s
 68800K .......... .......... .......... .......... .......... 28% 87.2M 15s
 68850K .......... .......... .......... .......... .......... 28%  118M 15s
 68900K .......... .......... .......... .......... .......... 28%  117M 15s
 68950K .......... .......... .......... .......... .......... 28%  117M 15s
 69000K .......... .......... .......... .......... .......... 28%  116M 15s
 69050K .......... .......... .......... .......... .......... 28%  117M 15s
 69100K .......... .......... .......... .......... .......... 28%  117M 15s
 69150K .......... .......... .......... .......... .......... 28%  117M 15s
 69200K .......... .......... .......... .......... .......... 28% 87.0M 15s
 69250K .......... .......... .......... .......... .......... 28%  117M 15s
 69300K .......... .......... .......... .......... .......... 28%  117M 15s
 69350K .......... .......... .......... .......... .......... 28%  117M 15s
 69400K .......... .......... .......... .......... .......... 28%  116M 15s
 69450K .......... .......... .......... .......... .......... 28%  117M 15s
 69500K .......... .......... .......... .......... .......... 28%  117M 15s
 69550K .......... .......... .......... .......... .......... 28% 31.6M 15s
 69600K .......... .......... .......... .......... .......... 28% 67.3M 15s
 69650K .......... .......... .......... .......... .......... 28%  117M 15s
 69700K .......... .......... .......... .......... .......... 28%  117M 15s
 69800K .......... .......... .......... .......... .......... 28%  274K 15s
 69850K .......... .......... .......... .......... .......... 28% 58.1M 15s
 69900K .......... .......... .......... .......... .......... 28%  295M 14s
 69950K .......... .......... .......... .......... .......... 28%  157M 14s
 70000K .......... .......... .......... .......... .......... 28%  650M 14s
 70050K .......... .......... .......... .......... .......... 28%  783M 14s
 70100K .......... .......... .......... .......... .......... 28%  815M 14s
 70150K .......... .......... .......... .......... .......... 28%  999M 14s
 70200K .......... .......... .......... .......... .......... 28%  870M 14s
 70250K .......... .......... .......... .......... .......... 29%  842M 14s
 70300K .......... .......... .......... .......... .......... 29%  681M 14s
 70350K .......... .......... .......... .......... .......... 29%  996M 14s
 70400K .......... .......... .......... .......... .......... 29%  818M 14s
 70450K .......... .......... .......... .......... .......... 29%  869M 14s
 70500K .......... .......... .......... .......... .......... 29% 1.02G 14s
 70550K .......... .......... .......... .......... .......... 29%  756M 14s
 70600K .......... .......... .......... .......... .......... 29%  880M 14s
 70650K .......... .......... .......... .......... .......... 29% 1.03G 14s
 70700K .......... .......... .......... .......... .......... 29% 1.11G 14s
 70750K .......... .......... .......... .......... .......... 29% 1.05G 14s
 70800K .......... .......... .......... .......... .......... 29%  777M 14s
 70850K .......... .......... .......... .......... .......... 29% 1.08G 14s
 70900K .......... .......... .......... .......... .......... 29% 1.10G 14s
 70950K .......... .......... .......... .......... .......... 29% 1.06G 14s
 71000K .......... .......... .......... .......... .......... 29% 1019M 14s
 71050K .......... .......... .......... .......... .......... 29%  991M 14s
 71100K .......... .......... .......... .......... .......... 29% 1.14G 14s
 71150K .......... .......... .......... .......... .......... 29% 1.04G 14s
 71200K .......... .......... .......... .......... .......... 29%  963M 14s
 71250K .......... .......... .......... .......... .......... 29% 1.10G 14s
 71300K .......... .......... .......... .......... .......... 29% 1012M 14s
 71350K .......... .......... .......... .......... .......... 29% 1.07G 14s
 71400K .......... .......... .......... .......... .......... 29% 1001M 14s
 71450K .......... .......... .......... .......... .......... 29% 1.11G 14s
 71500K .......... .......... .......... .......... .......... 29% 1.07G 14s
 71550K .......... .......... .......... .......... .......... 29%  955M 14s
 71600K .......... .......... .......... .......... .......... 29%  988M 14s
 71650K .......... .......... .......... .......... .......... 29% 1.14G 14s
 71700K .......... .......... .......... .......... .......... 29% 1.13G 14s
 71750K .......... .......... .......... .......... .......... 29% 1.03G 14s
 71800K .......... .......... .......... .......... .......... 29%  920M 14s
 71850K .......... .......... .......... .......... .......... 29% 1.14G 14s
 71900K .......... .......... .......... .......... .......... 29% 1.11G 14s
 71950K .......... .......... .......... .......... .......... 29%  949M 14s
 72000K .......... .......... .......... .......... .......... 29%  934M 14s
 72050K .......... .......... .......... .......... .......... 29%  969M 14s
 72100K .......... .......... .......... .......... .......... 29% 1.12G 14s
 72150K .......... .......... .......... .......... .......... 29% 1.03G 14s
 72200K .......... .......... .......... .......... .......... 29% 1.01G 14s
 72250K .......... .......... .......... .......... .......... 29% 1.13G 14s
 72300K .......... .......... .......... .......... .......... 29%  987M 14s
 72350K .......... .......... .......... .......... .......... 29% 1.08G 14s
 72400K .......... .......... .......... .......... .......... 29%  972M 14s
 72450K .......... .......... .......... .......... .......... 29% 1.13G 14s
 72500K .......... .......... .......... .......... .......... 29% 1.18G 14s
 69750K .......... .......... .......... .......... .......... 28%  384K 15s
 69800K .......... .......... .......... .......... .......... 28%  134M 15s
 69850K .......... .......... .......... .......... .......... 28%  125M 15s
 69900K .......... .......... .......... .......... .......... 28%  118M 15s
 69950K .......... .......... .......... .......... .......... 28%  117M 15s
 70000K .......... .......... .......... .......... .......... 28% 88.9M 15s
 70050K .......... .......... .......... .......... .......... 28% 12.9M 15s
 70100K .......... .......... .......... .......... .......... 28%  113M 15s
 70150K .......... .......... .......... .......... .......... 28%  120M 15s
 70200K .......... .......... .......... .......... .......... 28%  114M 15s
 70250K .......... .......... .......... .......... .......... 29%  117M 15s
 70300K .......... .......... .......... .......... .......... 29%  114M 15s
 70350K .......... .......... .......... .......... .......... 29%  115M 15s
 70400K .......... .......... .......... .......... .......... 29% 90.1M 15s
 70450K .......... .......... .......... .......... .......... 29%  116M 15s
 70500K .......... .......... .......... .......... .......... 29%  118M 15s
 70550K .......... .......... .......... .......... .......... 29%  117M 15s
 70600K .......... .......... .......... .......... .......... 29%  111M 15s
 70650K .......... .......... .......... .......... .......... 29%  117M 15s
 70700K .......... .......... .......... .......... .......... 29%  117M 15s
 70750K .......... .......... .......... .......... .......... 29%  117M 15s
 70800K .......... .......... .......... .......... .......... 29% 89.1M 15s
 70850K .......... .......... .......... .......... .......... 29% 7.25M 15s
 70900K .......... .......... .......... .......... .......... 29% 76.2M 15s
 70950K .......... .......... .......... .......... .......... 29% 6.30M 15s
 71000K .......... .......... .......... .......... .......... 29% 12.0M 15s
 71050K .......... .......... .......... .......... .......... 29%  112M 15s
 71100K .......... .......... .......... .......... .......... 29%  116M 15s
 71150K .......... .......... .......... .......... .......... 29% 91.6M 15s
 71200K .......... .......... .......... .......... .......... 29% 89.1M 15s
 71250K .......... .......... .......... .......... .......... 29%  117M 15s
 71300K .......... .......... .......... .......... .......... 29%  117M 15s
 71350K .......... .......... .......... .......... .......... 29%  117M 15s
 71400K .......... .......... .......... .......... .......... 29% 12.4M 14s
 71450K .......... .......... .......... .......... .......... 29%  106M 14s
 71500K .......... .......... .......... .......... .......... 29%  117M 14s
 71550K .......... .......... .......... .......... .......... 29%  117M 14s
 71600K .......... .......... .......... .......... .......... 29% 86.9M 14s
 71650K .......... .......... .......... .......... .......... 29% 12.3M 14s
 71700K .......... .......... .......... .......... .......... 29%  117M 14s
 71750K .......... .......... .......... .......... .......... 29%  117M 14s
 71800K .......... .......... .......... .......... .......... 29%  118M 14s
 71850K .......... .......... .......... .......... .......... 29%  117M 14s
 71900K .......... .......... .......... .......... .......... 29%  116M 14s
 71950K .......... .......... .......... .......... .......... 29%  117M 14s
 72000K .......... .......... .......... .......... .......... 29% 87.7M 14s
 72050K .......... .......... .......... .......... .......... 29%  117M 14s
 72100K .......... .......... .......... .......... .......... 29%  116M 14s
 72150K .......... .......... .......... .......... .......... 29%  115M 14s
 72200K .......... .......... .......... .......... .......... 29%  115M 14s
 72250K .......... .......... .......... .......... .......... 29%  117M 14s
 72300K .......... .......... .......... .......... .......... 29%  117M 14s
 72350K .......... .......... .......... .......... .......... 29%  117M 14s
 72400K .......... .......... .......... .......... .......... 29% 89.0M 14s
 72450K .......... .......... .......... .......... .......... 29%  117M 14s
 72500K .......... .......... .......... .......... .......... 29%  117M 14s
 72550K .......... .......... .......... .......... .......... 29%  117M 14s
 72600K .......... .......... .......... .......... .......... 29%  115M 14s
 72650K .......... .......... .......... .......... .......... 30%  117M 14s
 72700K .......... .......... .......... .......... .......... 30%  117M 14s
 72750K .......... .......... .......... .......... .......... 30%  117M 14s
 72550K .......... .......... .......... .......... .......... 29%  279K 14s
 72600K .......... .......... .......... .......... .......... 29%  117M 14s
 72650K .......... .......... .......... .......... .......... 30%  113M 14s
 72700K .......... .......... .......... .......... .......... 30%  118M 14s
 72750K .......... .......... .......... .......... .......... 30%  116M 14s
 72800K .......... .......... .......... .......... .......... 30% 88.4M 14s
 72850K .......... .......... .......... .......... .......... 30%  117M 14s
 72900K .......... .......... .......... .......... .......... 30%  117M 14s
 72950K .......... .......... .......... .......... .......... 30%  117M 14s
 73000K .......... .......... .......... .......... .......... 30%  115M 14s
 73050K .......... .......... .......... .......... .......... 30%  114M 14s
 73100K .......... .......... .......... .......... .......... 30%  117M 14s
 73150K .......... .......... .......... .......... .......... 30%  118M 14s
 73200K .......... .......... .......... .......... .......... 30% 89.4M 14s
 73250K .......... .......... .......... .......... .......... 30%  117M 14s
 73300K .......... .......... .......... .......... .......... 30%  117M 14s
 73350K .......... .......... .......... .......... .......... 30%  117M 14s
 73400K .......... .......... .......... .......... .......... 30%  115M 14s
 73450K .......... .......... .......... .......... .......... 30%  117M 14s
 73500K .......... .......... .......... .......... .......... 30%  117M 14s
 73550K .......... .......... .......... .......... .......... 30%  117M 14s
 73600K .......... .......... .......... .......... .......... 30% 87.0M 14s
 73650K .......... .......... .......... .......... .......... 30%  117M 14s
 73700K .......... .......... .......... .......... .......... 30%  117M 14s
 73750K .......... .......... .......... .......... .......... 30%  117M 14s
 73800K .......... .......... .......... .......... .......... 30%  113M 14s
 73850K .......... .......... .......... .......... .......... 30%  119M 14s
 73900K .......... .......... .......... .......... .......... 30%  117M 14s
 73950K .......... .......... .......... .......... .......... 30%  117M 14s
 74000K .......... .......... .......... .......... .......... 30% 88.8M 14s
 74050K .......... .......... .......... .......... .......... 30%  117M 14s
 74100K .......... .......... .......... .......... .......... 30%  117M 14s
 74150K .......... .......... .......... .......... .......... 30%  117M 14s
 74200K .......... .......... .......... .......... .......... 30%  115M 14s
 74250K .......... .......... .......... .......... .......... 30%  117M 14s
 74300K .......... .......... .......... .......... .......... 30%  117M 14s
 74350K .......... .......... .......... .......... .......... 30%  117M 14s
 74400K .......... .......... .......... .......... .......... 30% 89.3M 14s
 74450K .......... .......... .......... .......... .......... 30%  117M 14s
 74500K .......... .......... .......... .......... .......... 30%  117M 14s
 74550K .......... .......... .......... .......... .......... 30%  117M 14s
 74600K .......... .......... .......... .......... .......... 30%  115M 14s
 74650K .......... .......... .......... .......... .......... 30%  117M 14s
 72800K .......... .......... .......... .......... .......... 30%  390K 14s
 72850K .......... .......... .......... .......... .......... 30%  162M 14s
 72900K .......... .......... .......... .......... .......... 30%  118M 14s
 72950K .......... .......... .......... .......... .......... 30%  126M 14s
 73000K .......... .......... .......... .......... .......... 30%  115M 14s
 73050K .......... .......... .......... .......... .......... 30%  117M 14s
 73100K .......... .......... .......... .......... .......... 30% 13.3M 14s
 73150K .......... .......... .......... .......... .......... 30%  120M 14s
 73200K .......... .......... .......... .......... .......... 30% 85.1M 14s
 73250K .......... .......... .......... .......... .......... 30%  117M 14s
 73300K .......... .......... .......... .......... .......... 30% 11.9M 14s
 73350K .......... .......... .......... .......... .......... 30%  120M 14s
 73400K .......... .......... .......... .......... .......... 30%  114M 14s
 73450K .......... .......... .......... .......... .......... 30%  116M 14s
 73500K .......... .......... .......... .......... .......... 30%  115M 14s
 73550K .......... .......... .......... .......... .......... 30%  118M 14s
 73600K .......... .......... .......... .......... .......... 30% 88.4M 14s
 73650K .......... .......... .......... .......... .......... 30%  117M 14s
 73700K .......... .......... .......... .......... .......... 30%  116M 14s
 73750K .......... .......... .......... .......... .......... 30%  116M 14s
 73800K .......... .......... .......... .......... .......... 30%  112M 14s
 73850K .......... .......... .......... .......... .......... 30%  115M 14s
 73900K .......... .......... .......... .......... .......... 30%  118M 14s
 73950K .......... .......... .......... .......... .......... 30% 14.8M 14s
 74000K .......... .......... .......... .......... .......... 30% 6.28M 14s
 74050K .......... .......... .......... .......... .......... 30% 11.8M 14s
 74100K .......... .......... .......... .......... .......... 30%  113M 14s
 74150K .......... .......... .......... .......... .......... 30% 90.4M 14s
 74200K .......... .......... .......... .......... .......... 30%  110M 14s
 74250K .......... .......... .......... .......... .......... 30%  117M 14s
 74300K .......... .......... .......... .......... .......... 30%  117M 14s
 74350K .......... .......... .......... .......... .......... 30%  114M 14s
 74400K .......... .......... .......... .......... .......... 30% 13.1M 14s
 74450K .......... .......... .......... .......... .......... 30% 68.2M 14s
 74500K .......... .......... .......... .......... .......... 30%  115M 14s
 74550K .......... .......... .......... .......... .......... 30%  117M 14s
 74600K .......... .......... .......... .......... .......... 30%  108M 14s
 74650K .......... .......... .......... .......... .......... 30%  117M 14s
 74700K .......... .......... .......... .......... .......... 30% 12.1M 14s
 74750K .......... .......... .......... .......... .......... 30%  119M 14s
 74800K .......... .......... .......... .......... .......... 30% 86.7M 14s
 74850K .......... .......... .......... .......... .......... 30% 12.2M 14s
 74900K .......... .......... .......... .......... .......... 30%  125M 14s
 74950K .......... .......... .......... .......... .......... 30%  116M 14s
 75000K .......... .......... .......... .......... .......... 30%  118M 14s
 75050K .......... .......... .......... .......... .......... 30%  114M 14s
 75100K .......... .......... .......... .......... .......... 31%  117M 14s
 75150K .......... .......... .......... .......... .......... 31%  115M 14s
 75200K .......... .......... .......... .......... .......... 31% 89.8M 14s
 75250K .......... .......... .......... .......... .......... 31%  116M 14s
 75300K .......... .......... .......... .......... .......... 31%  114M 14s
 75350K .......... .......... .......... .......... .......... 31%  119M 14s
 75400K .......... .......... .......... .......... .......... 31%  115M 14s
 75450K .......... .......... .......... .......... .......... 31%  115M 14s
 75500K .......... .......... .......... .......... .......... 31%  117M 14s
 75550K .......... .......... .......... .......... .......... 31%  117M 14s
 75600K .......... .......... .......... .......... .......... 31% 88.8M 14s
 75650K .......... .......... .......... .......... .......... 31%  117M 14s
 75700K .......... .......... .......... .......... .......... 31%  117M 14s
 75750K .......... .......... .......... .......... .......... 31%  117M 14s
 75800K .......... .......... .......... .......... .......... 31%  114M 14s
 75850K .......... .......... .......... .......... .......... 31% 1.34M 14s
 74700K .......... .......... .......... .......... .......... 30%  305K 14s
 74750K .......... .......... .......... .......... .......... 30%  163M 14s
 74800K .......... .......... .......... .......... .......... 30% 87.1M 14s
 74850K .......... .......... .......... .......... .......... 30%  117M 14s
 74900K .......... .......... .......... .......... .......... 30%  117M 14s
 74950K .......... .......... .......... .......... .......... 30%  117M 14s
 75000K .......... .......... .......... .......... .......... 30%  115M 14s
 75050K .......... .......... .......... .......... .......... 30%  117M 14s
 75100K .......... .......... .......... .......... .......... 31%  117M 14s
 75150K .......... .......... .......... .......... .......... 31%  117M 14s
 75200K .......... .......... .......... .......... .......... 31% 88.9M 14s
 75250K .......... .......... .......... .......... .......... 31%  117M 14s
 75300K .......... .......... .......... .......... .......... 31%  117M 14s
 75350K .......... .......... .......... .......... .......... 31%  117M 14s
 75400K .......... .......... .......... .......... .......... 31%  115M 14s
 75450K .......... .......... .......... .......... .......... 31%  116M 14s
 75500K .......... .......... .......... .......... .......... 31%  118M 14s
 75550K .......... .......... .......... .......... .......... 31%  116M 14s
 75600K .......... .......... .......... .......... .......... 31% 89.5M 14s
 75650K .......... .......... .......... .......... .......... 31%  117M 14s
 75700K .......... .......... .......... .......... .......... 31%  117M 14s
 75750K .......... .......... .......... .......... .......... 31%  117M 14s
 75800K .......... .......... .......... .......... .......... 31%  115M 14s
 75850K .......... .......... .......... .......... .......... 31%  116M 14s
 75900K .......... .......... .......... .......... .......... 31%  117M 14s
 75950K .......... .......... .......... .......... .......... 31%  117M 14s
 76000K .......... .......... .......... .......... .......... 31% 87.0M 14s
 76050K .......... .......... .......... .......... .......... 31%  117M 14s
 76100K .......... .......... .......... .......... .......... 31%  117M 14s
 76150K .......... .......... .......... .......... .......... 31%  117M 14s
 76200K .......... .......... .......... .......... .......... 31%  115M 14s
 76250K .......... .......... .......... .......... .......... 31%  117M 14s
 76300K .......... .......... .......... .......... .......... 31%  117M 14s
 76350K .......... .......... .......... .......... .......... 31%  117M 14s
 76400K .......... .......... .......... .......... .......... 31% 88.9M 14s
 76450K .......... .......... .......... .......... .......... 31%  117M 14s
 76500K .......... .......... .......... .......... .......... 31%  117M 14s
 76550K .......... .......... .......... .......... .......... 31%  117M 14s
 76600K .......... .......... .......... .......... .......... 31%  115M 14s
 76650K .......... .......... .......... .......... .......... 31%  116M 14s
 76700K .......... .......... .......... .......... .......... 31%  117M 14s
 76750K .......... .......... .......... .......... .......... 31%  117M 13s
 76800K .......... .......... .......... .......... .......... 31% 87.4M 13s
 76850K .......... .......... .......... .......... .......... 31%  116M 13s
 75900K .......... .......... .......... .......... .......... 31%  565K 14s
 75950K .......... .......... .......... .......... .......... 31%  145M 14s
 76000K .......... .......... .......... .......... .......... 31% 87.0M 14s
 76050K .......... .......... .......... .......... .......... 31%  117M 14s
 76100K .......... .......... .......... .......... .......... 31%  117M 14s
 76150K .......... .......... .......... .......... .......... 31% 13.6M 14s
 76200K .......... .......... .......... .......... .......... 31%  115M 14s
 76250K .......... .......... .......... .......... .......... 31%  115M 14s
 76300K .......... .......... .......... .......... .......... 31%  113M 14s
 76350K .......... .......... .......... .......... .......... 31% 12.0M 14s
 76400K .......... .......... .......... .......... .......... 31% 84.7M 14s
 76450K .......... .......... .......... .......... .......... 31%  117M 14s
 76500K .......... .......... .......... .......... .......... 31% 12.0M 14s
 76550K .......... .......... .......... .......... .......... 31%  117M 14s
 76600K .......... .......... .......... .......... .......... 31%  115M 14s
 76650K .......... .......... .......... .......... .......... 31%  117M 14s
 76700K .......... .......... .......... .......... .......... 31%  116M 14s
 76750K .......... .......... .......... .......... .......... 31%  119M 14s
 76800K .......... .......... .......... .......... .......... 31% 87.9M 14s
 76850K .......... .......... .......... .......... .......... 31%  115M 14s
 76900K .......... .......... .......... .......... .......... 31%  115M 14s
 76950K .......... .......... .......... .......... .......... 31%  118M 14s
 77000K .......... .......... .......... .......... .......... 31%  117M 14s
 77050K .......... .......... .......... .......... .......... 31% 7.35M 14s
 77100K .......... .......... .......... .......... .......... 31% 12.2M 14s
 77150K .......... .......... .......... .......... .......... 31% 60.7M 14s
 77200K .......... .......... .......... .......... .......... 31% 77.2M 14s
 77250K .......... .......... .......... .......... .......... 31% 96.8M 14s
 77300K .......... .......... .......... .......... .......... 31%  117M 14s
 77350K .......... .......... .......... .......... .......... 31%  117M 14s
 77400K .......... .......... .......... .......... .......... 31%  115M 14s
 77450K .......... .......... .......... .......... .......... 31% 14.1M 14s
 77500K .......... .......... .......... .......... .......... 32% 57.2M 14s
 77550K .......... .......... .......... .......... .......... 32%  115M 14s
 77600K .......... .......... .......... .......... .......... 32% 87.0M 14s
 77650K .......... .......... .......... .......... .......... 32%  117M 14s
 77700K .......... .......... .......... .......... .......... 32% 13.0M 14s
 77750K .......... .......... .......... .......... .......... 32% 69.8M 14s
 77800K .......... .......... .......... .......... .......... 32%  111M 14s
 77850K .......... .......... .......... .......... .......... 32%  111M 14s
 77900K .......... .......... .......... .......... .......... 32% 12.6M 14s
 77950K .......... .......... .......... .......... .......... 32% 11.9M 14s
 78000K .......... .......... .......... .......... .......... 32% 89.1M 14s
 78050K .......... .......... .......... .......... .......... 32%  117M 14s
 78100K .......... .......... .......... .......... .......... 32%  117M 14s
 78150K .......... .......... .......... .......... .......... 32%  116M 14s
 78200K .......... .......... .......... .......... .......... 32%  117M 14s
 78250K .......... .......... .......... .......... .......... 32%  114M 13s
 78300K .......... .......... .......... .......... .......... 32%  119M 13s
 78350K .......... .......... .......... .......... .......... 32%  113M 13s
 78400K .......... .......... .......... .......... .......... 32% 90.3M 13s
 78450K .......... .......... .......... .......... .......... 32%  114M 13s
 78500K .......... .......... .......... .......... .......... 32%  118M 13s
 78550K .......... .......... .......... .......... .......... 32%  117M 13s
 78600K .......... .......... .......... .......... .......... 32%  115M 13s
 78650K .......... .......... .......... .......... .......... 32%  117M 13s
 78700K .......... .......... .......... .......... .......... 32%  117M 13s
 78750K .......... .......... .......... .......... .......... 32%  117M 13s
 78800K .......... .......... .......... .......... .......... 32% 88.8M 13s
 78850K .......... .......... .......... .......... .......... 32%  117M 13s
 78900K .......... .......... .......... .......... .......... 32% 1.49M 13s
 76900K .......... .......... .......... .......... .......... 31%  306K 14s
 76950K .......... .......... .......... .......... .......... 31%  168M 14s
 77000K .......... .......... .......... .......... .......... 31%  116M 14s
 77050K .......... .......... .......... .......... .......... 31%  115M 14s
 77100K .......... .......... .......... .......... .......... 31%  119M 14s
 77150K .......... .......... .......... .......... .......... 31%  117M 14s
 77200K .......... .......... .......... .......... .......... 31% 89.3M 14s
 77250K .......... .......... .......... .......... .......... 31%  117M 14s
 77300K .......... .......... .......... .......... .......... 31%  117M 14s
 77350K .......... .......... .......... .......... .......... 31%  117M 14s
 77400K .......... .......... .......... .......... .......... 31%  115M 14s
 77450K .......... .......... .......... .......... .......... 31%  117M 14s
 77500K .......... .......... .......... .......... .......... 32%  116M 14s
 77550K .......... .......... .......... .......... .......... 32%  118M 14s
 77600K .......... .......... .......... .......... .......... 32% 88.8M 14s
 77650K .......... .......... .......... .......... .......... 32%  117M 14s
 77700K .......... .......... .......... .......... .......... 32%  115M 14s
 77750K .......... .......... .......... .......... .......... 32%  118M 14s
 77800K .......... .......... .......... .......... .......... 32%  114M 14s
 77850K .......... .......... .......... .......... .......... 32%  118M 14s
 77900K .......... .......... .......... .......... .......... 32%  117M 14s
 77950K .......... .......... .......... .......... .......... 32%  117M 14s
 78000K .......... .......... .......... .......... .......... 32% 87.2M 14s
 78050K .......... .......... .......... .......... .......... 32%  117M 14s
 78100K .......... .......... .......... .......... .......... 32%  117M 14s
 78150K .......... .......... .......... .......... .......... 32%  117M 14s
 78200K .......... .......... .......... .......... .......... 32%  115M 13s
 78250K .......... .......... .......... .......... .......... 32%  117M 13s
 78300K .......... .......... .......... .......... .......... 32%  117M 13s
 78350K .......... .......... .......... .......... .......... 32%  117M 13s
 78400K .......... .......... .......... .......... .......... 32% 89.5M 13s
 78450K .......... .......... .......... .......... .......... 32%  117M 13s
 78500K .......... .......... .......... .......... .......... 32%  117M 13s
 78550K .......... .......... .......... .......... .......... 32%  117M 13s
 78600K .......... .......... .......... .......... .......... 32%  115M 13s
 78650K .......... .......... .......... .......... .......... 32%  117M 13s
 78700K .......... .......... .......... .......... .......... 32%  117M 13s
 78750K .......... .......... .......... .......... .......... 32%  117M 13s
 78800K .......... .......... .......... .......... .......... 32% 88.8M 13s
 78850K .......... .......... .......... .......... .......... 32%  117M 13s
 78900K .......... .......... .......... .......... .......... 32%  117M 13s
 78950K .......... .......... .......... .......... .......... 32%  117M 13s
 79000K .......... .......... .......... .......... .......... 32%  115M 13s
 79050K .......... .......... .......... .......... .......... 32%  117M 13s
 79100K .......... .......... .......... .......... .......... 32%  115M 13s
 78950K .......... .......... .......... .......... .......... 32%  565K 14s
 79000K .......... .......... .......... .......... .......... 32%  116M 14s
 79050K .......... .......... .......... .......... .......... 32%  119M 14s
 79100K .......... .......... .......... .......... .......... 32%  117M 14s
 79150K .......... .......... .......... .......... .......... 32%  115M 14s
 79200K .......... .......... .......... .......... .......... 32% 13.6M 14s
 79250K .......... .......... .......... .......... .......... 32%  105M 14s
 79300K .......... .......... .......... .......... .......... 32%  115M 14s
 79350K .......... .......... .......... .......... .......... 32%  114M 13s
 79400K .......... .......... .......... .......... .......... 32% 11.8M 13s
 79450K .......... .......... .......... .......... .......... 32%  116M 13s
 79500K .......... .......... .......... .......... .......... 32%  116M 13s
 79550K .......... .......... .......... .......... .......... 32% 87.8M 13s
 79600K .......... .......... .......... .......... .......... 32% 6.35M 13s
 79650K .......... .......... .......... .......... .......... 32%  115M 13s
 79700K .......... .......... .......... .......... .......... 32%  119M 13s
 79750K .......... .......... .......... .......... .......... 32%  114M 13s
 79800K .......... .......... .......... .......... .......... 32%  115M 13s
 79850K .......... .......... .......... .......... .......... 32%  120M 13s
 79900K .......... .......... .......... .......... .......... 32%  114M 13s
 79950K .......... .......... .......... .......... .......... 33% 94.2M 13s
 80000K .......... .......... .......... .......... .......... 33% 89.4M 13s
 80050K .......... .......... .......... .......... .......... 33%  114M 13s
 80100K .......... .......... .......... .......... .......... 33% 16.3M 13s
 80150K .......... .......... .......... .......... .......... 33% 11.5M 13s
 80200K .......... .......... .......... .......... .......... 33%  117M 13s
 80250K .......... .......... .......... .......... .......... 33%  110M 13s
 80300K .......... .......... .......... .......... .......... 33% 81.0M 13s
 80350K .......... .......... .......... .......... .......... 33%  117M 13s
 80400K .......... .......... .......... .......... .......... 33% 88.9M 13s
 80450K .......... .......... .......... .......... .......... 33%  117M 13s
 80500K .......... .......... .......... .......... .......... 33%  117M 13s
 80550K .......... .......... .......... .......... .......... 33% 12.8M 13s
 80600K .......... .......... .......... .......... .......... 33%  109M 13s
 80650K .......... .......... .......... .......... .......... 33%  107M 13s
 80700K .......... .......... .......... .......... .......... 33%  115M 13s
 80750K .......... .......... .......... .......... .......... 33%  114M 13s
 80800K .......... .......... .......... .......... .......... 33% 11.8M 13s
 80850K .......... .......... .......... .......... .......... 33%  102M 13s
 80900K .......... .......... .......... .......... .......... 33%  114M 13s
 80950K .......... .......... .......... .......... .......... 33%  117M 13s
 81000K .......... .......... .......... .......... .......... 33% 6.43M 13s
 81050K .......... .......... .......... .......... .......... 33% 12.2M 13s
 81100K .......... .......... .......... .......... .......... 33%  117M 13s
 81150K .......... .......... .......... .......... .......... 33%  115M 13s
 81200K .......... .......... .......... .......... .......... 33% 88.0M 13s
 81250K .......... .......... .......... .......... .......... 33%  120M 13s
 81300K .......... .......... .......... .......... .......... 33%  116M 13s
 81350K .......... .......... .......... .......... .......... 33%  114M 13s
 81400K .......... .......... .......... .......... .......... 33%  115M 13s
 81450K .......... .......... .......... .......... .......... 33%  118M 13s
 81500K .......... .......... .......... .......... .......... 33%  115M 13s
 81550K .......... .......... .......... .......... .......... 33%  116M 13s
 81600K .......... .......... .......... .......... .......... 33% 89.4M 13s
 81650K .......... .......... .......... .......... .......... 33%  117M 13s
 81700K .......... .......... .......... .......... .......... 33%  117M 13s
 81750K .......... .......... .......... .......... .......... 33%  117M 13s
 81800K .......... .......... .......... .......... .......... 33%  115M 13s
 81850K .......... .......... .......... .......... .......... 33%  117M 13s
 81900K .......... .......... .......... .......... .......... 33%  117M 13s
 79150K .......... .......... .......... .......... .......... 32%  306K 14s
 79200K .......... .......... .......... .......... .......... 32%  107M 14s
 79250K .......... .......... .......... .......... .......... 32%  116M 14s
 79300K .......... .......... .......... .......... .......... 32%  118M 14s
 79350K .......... .......... .......... .......... .......... 32%  114M 14s
 79400K .......... .......... .......... .......... .......... 32%  115M 14s
 79450K .......... .......... .......... .......... .......... 32%  117M 14s
 79500K .......... .......... .......... .......... .......... 32%  117M 14s
 79550K .......... .......... .......... .......... .......... 32%  117M 14s
 79600K .......... .......... .......... .......... .......... 32% 89.3M 14s
 79650K .......... .......... .......... .......... .......... 32%  116M 13s
 79700K .......... .......... .......... .......... .......... 32%  118M 13s
 79750K .......... .......... .......... .......... .......... 32%  117M 13s
 79800K .......... .......... .......... .......... .......... 32%  114M 13s
 79850K .......... .......... .......... .......... .......... 32%  116M 13s
 79900K .......... .......... .......... .......... .......... 32%  118M 13s
 79950K .......... .......... .......... .......... .......... 33%  117M 13s
 80000K .......... .......... .......... .......... .......... 33% 87.2M 13s
 80050K .......... .......... .......... .......... .......... 33%  117M 13s
 80100K .......... .......... .......... .......... .......... 33%  117M 13s
 80150K .......... .......... .......... .......... .......... 33%  117M 13s
 80200K .......... .......... .......... .......... .......... 33%  115M 13s
 80250K .......... .......... .......... .......... .......... 33%  116M 13s
 80300K .......... .......... .......... .......... .......... 33%  117M 13s
 80350K .......... .......... .......... .......... .......... 33%  116M 13s
 80400K .......... .......... .......... .......... .......... 33% 90.1M 13s
 80450K .......... .......... .......... .......... .......... 33%  117M 13s
 80500K .......... .......... .......... .......... .......... 33%  117M 13s
 80550K .......... .......... .......... .......... .......... 33%  117M 13s
 80600K .......... .......... .......... .......... .......... 33%  115M 13s
 80650K .......... .......... .......... .......... .......... 33%  117M 13s
 80700K .......... .......... .......... .......... .......... 33%  117M 13s
 80750K .......... .......... .......... .......... .......... 33%  117M 13s
 80800K .......... .......... .......... .......... .......... 33% 88.8M 13s
 80850K .......... .......... .......... .......... .......... 33%  117M 13s
 80900K .......... .......... .......... .......... .......... 33%  117M 13s
 80950K .......... .......... .......... .......... .......... 33%  117M 13s
 81000K .......... .......... .......... .......... .......... 33%  115M 13s
 81050K .......... .......... .......... .......... .......... 33%  116M 13s
 81100K .......... .......... .......... .......... .......... 33%  117M 13s
 81150K .......... .......... .......... .......... .......... 33%  117M 13s
 81200K .......... .......... .......... .......... .......... 33% 87.5M 13s
 81250K .......... .......... .......... .......... .......... 33%  117M 13s
 81300K .......... .......... .......... .......... .......... 33%  117M 13s
 81350K .......... .......... .......... .......... .......... 33%  117M 13s
 81400K .......... .......... .......... .......... .......... 33%  115M 13s
 81950K .......... .......... .......... .......... .......... 33% 1.67M 13s
 82000K .......... .......... .......... .......... .......... 33%  562K 13s
 82050K .......... .......... .......... .......... .......... 33%  117M 13s
 82100K .......... .......... .......... .......... .......... 33%  117M 13s
 82150K .......... .......... .......... .......... .......... 33%  117M 13s
 82200K .......... .......... .......... .......... .......... 33%  115M 13s
 82250K .......... .......... .......... .......... .......... 33% 15.4M 13s
 82300K .......... .......... .......... .......... .......... 33%  110M 13s
 82350K .......... .......... .......... .......... .......... 34%  102M 13s
 82400K .......... .......... .......... .......... .......... 34% 12.1M 13s
 82450K .......... .......... .......... .......... .......... 34% 78.5M 13s
 82500K .......... .......... .......... .......... .......... 34%  117M 13s
 82550K .......... .......... .......... .......... .......... 34%  115M 13s
 82600K .......... .......... .......... .......... .......... 34% 6.27M 13s
 82650K .......... .......... .......... .......... .......... 34%  130M 13s
 82700K .......... .......... .......... .......... .......... 34%  108M 13s
 82750K .......... .......... .......... .......... .......... 34% 12.1M 13s
 82800K .......... .......... .......... .......... .......... 34% 88.8M 13s
 82850K .......... .......... .......... .......... .......... 34%  117M 13s
 82900K .......... .......... .......... .......... .......... 34%  116M 13s
 82950K .......... .......... .......... .......... .......... 34%  117M 13s
 83000K .......... .......... .......... .......... .......... 34%  113M 13s
 83050K .......... .......... .......... .......... .......... 34%  117M 13s
 83100K .......... .......... .......... .......... .......... 34%  116M 13s
 83150K .......... .......... .......... .......... .......... 34%  119M 13s
 83200K .......... .......... .......... .......... .......... 34% 18.4M 13s
 83250K .......... .......... .......... .......... .......... 34% 41.8M 13s
 83300K .......... .......... .......... .......... .......... 34%  113M 13s
 83350K .......... .......... .......... .......... .......... 34% 82.8M 13s
 83400K .......... .......... .......... .......... .......... 34%  116M 13s
 83450K .......... .......... .......... .......... .......... 34%  117M 13s
 83500K .......... .......... .......... .......... .......... 34%  117M 13s
 83550K .......... .......... .......... .......... .......... 34%  117M 13s
 83600K .......... .......... .......... .......... .......... 34% 12.3M 13s
 83650K .......... .......... .......... .......... .......... 34%  117M 13s
 83700K .......... .......... .......... .......... .......... 34%  105M 13s
 83750K .......... .......... .......... .......... .......... 34%  117M 13s
 83800K .......... .......... .......... .......... .......... 34%  106M 13s
 83850K .......... .......... .......... .......... .......... 34% 12.2M 13s
 83900K .......... .......... .......... .......... .......... 34%  102M 13s
 83950K .......... .......... .......... .......... .......... 34%  111M 13s
 84000K .......... .......... .......... .......... .......... 34% 13.7M 13s
 84050K .......... .......... .......... .......... .......... 34% 10.8M 13s
 84100K .......... .......... .......... .......... .......... 34% 6.39M 13s
 84150K .......... .......... .......... .......... .......... 34%  135M 13s
 84200K .......... .......... .......... .......... .......... 34%  116M 13s
 84250K .......... .......... .......... .......... .......... 34%  117M 13s
 84300K .......... .......... .......... .......... .......... 34%  117M 13s
 84350K .......... .......... .......... .......... .......... 34%  114M 13s
 84400K .......... .......... .......... .......... .......... 34% 88.9M 13s
 84450K .......... .......... .......... .......... .......... 34%  117M 13s
 84500K .......... .......... .......... .......... .......... 34%  115M 13s
 84550K .......... .......... .......... .......... .......... 34%  120M 13s
 84600K .......... .......... .......... .......... .......... 34%  116M 13s
 84650K .......... .......... .......... .......... .......... 34%  116M 13s
 84700K .......... .......... .......... .......... .......... 34%  117M 13s
 84750K .......... .......... .......... .......... .......... 35%  117M 13s
 84800K .......... .......... .......... .......... .......... 35% 87.0M 13s
 84850K .......... .......... .......... .......... .......... 35%  117M 13s
 84900K .......... .......... .......... .......... .......... 35%  117M 13s
 84950K .......... .......... .......... .......... .......... 35%  117M 13s
 81450K .......... .......... .......... .......... .......... 33%  307K 13s
 81500K .......... .......... .......... .......... .......... 33%  105M 13s
 81550K .......... .......... .......... .......... .......... 33%  117M 13s
 81600K .......... .......... .......... .......... .......... 33% 88.4M 13s
 81650K .......... .......... .......... .......... .......... 33%  117M 13s
 81700K .......... .......... .......... .......... .......... 33%  117M 13s
 81750K .......... .......... .......... .......... .......... 33%  117M 13s
 81800K .......... .......... .......... .......... .......... 33%  115M 13s
 81850K .......... .......... .......... .......... .......... 33%  117M 13s
 81900K .......... .......... .......... .......... .......... 33%  116M 13s
 81950K .......... .......... .......... .......... .......... 33%  118M 13s
 82000K .......... .......... .......... .......... .......... 33% 88.7M 13s
 82050K .......... .......... .......... .......... .......... 33%  117M 13s
 82100K .......... .......... .......... .......... .......... 33%  117M 13s
 82150K .......... .......... .......... .......... .......... 33%  117M 13s
 82200K .......... .......... .......... .......... .......... 33%  115M 13s
 82250K .......... .......... .......... .......... .......... 33%  117M 13s
 82300K .......... .......... .......... .......... .......... 33%  117M 13s
 82350K .......... .......... .......... .......... .......... 34%  117M 13s
 82400K .......... .......... .......... .......... .......... 34% 87.3M 13s
 82450K .......... .......... .......... .......... .......... 34%  116M 13s
 82500K .......... .......... .......... .......... .......... 34%  117M 13s
 82550K .......... .......... .......... .......... .......... 34%  117M 13s
 82600K .......... .......... .......... .......... .......... 34%  115M 13s
 82650K .......... .......... .......... .......... .......... 34%  117M 13s
 82700K .......... .......... .......... .......... .......... 34%  116M 13s
 82750K .......... .......... .......... .......... .......... 34%  118M 13s
 82800K .......... .......... .......... .......... .......... 34% 89.3M 13s
 82850K .......... .......... .......... .......... .......... 34%  117M 13s
 82900K .......... .......... .......... .......... .......... 34%  117M 13s
 82950K .......... .......... .......... .......... .......... 34%  117M 13s
 83000K .......... .......... .......... .......... .......... 34%  115M 13s
 83050K .......... .......... .......... .......... .......... 34%  118M 13s
 83100K .......... .......... .......... .......... .......... 34%  117M 13s
 83150K .......... .......... .......... .......... .......... 34%  117M 13s
 83200K .......... .......... .......... .......... .......... 34% 87.0M 13s
 83250K .......... .......... .......... .......... .......... 34%  117M 13s
 83300K .......... .......... .......... .......... .......... 34%  117M 13s
 83350K .......... .......... .......... .......... .......... 34%  117M 13s
 83400K .......... .......... .......... .......... .......... 34%  115M 13s
 83450K .......... .......... .......... .......... .......... 34%  117M 13s
 83500K .......... .......... .......... .......... .......... 34%  116M 13s
 83550K .......... .......... .......... .......... .......... 34%  117M 13s
 83600K .......... .......... .......... .......... .......... 34% 88.8M 13s
 83650K .......... .......... .......... .......... .......... 34%  117M 13s
 83700K .......... .......... .......... .......... .......... 34%  117M 13s
 85000K .......... .......... .......... .......... .......... 35%  438K 13s
 85050K .......... .......... .......... .......... .......... 35%  130M 13s
 85100K .......... .......... .......... .......... .......... 35%  127M 13s
 85150K .......... .......... .......... .......... .......... 35%  117M 13s
 85200K .......... .......... .......... .......... .......... 35% 89.1M 13s
 85250K .......... .......... .......... .......... .......... 35% 18.6M 13s
 85300K .......... .......... .......... .......... .......... 35% 59.2M 13s
 85350K .......... .......... .......... .......... .......... 35%  117M 13s
 85400K .......... .......... .......... .......... .......... 35%  113M 13s
 85450K .......... .......... .......... .......... .......... 35% 12.6M 13s
 85500K .......... .......... .......... .......... .......... 35% 64.6M 13s
 85550K .......... .......... .......... .......... .......... 35%  117M 13s
 85600K .......... .......... .......... .......... .......... 35% 74.1M 13s
 85650K .......... .......... .......... .......... .......... 35% 6.47M 13s
 85700K .......... .......... .......... .......... .......... 35% 97.4M 13s
 85750K .......... .......... .......... .......... .......... 35% 6.36M 13s
 85800K .......... .......... .......... .......... .......... 35%  115M 13s
 85850K .......... .......... .......... .......... .......... 35%  120M 13s
 85900K .......... .......... .......... .......... .......... 35%  116M 13s
 85950K .......... .......... .......... .......... .......... 35%  115M 13s
 86000K .......... .......... .......... .......... .......... 35% 89.6M 13s
 86050K .......... .......... .......... .......... .......... 35%  117M 13s
 86100K .......... .......... .......... .......... .......... 35%  117M 13s
 86150K .......... .......... .......... .......... .......... 35%  113M 13s
 86200K .......... .......... .......... .......... .......... 35%  116M 13s
 86250K .......... .......... .......... .......... .......... 35%  118M 13s
 86300K .......... .......... .......... .......... .......... 35%  118M 13s
 86350K .......... .......... .......... .......... .......... 35%  116M 13s
 86400K .......... .......... .......... .......... .......... 35% 87.0M 13s
 86450K .......... .......... .......... .......... .......... 35%  117M 13s
 86500K .......... .......... .......... .......... .......... 35%  117M 13s
 86550K .......... .......... .......... .......... .......... 35%  117M 13s
 86600K .......... .......... .......... .......... .......... 35% 15.7M 13s
 86650K .......... .......... .......... .......... .......... 35%  103M 13s
 86700K .......... .......... .......... .......... .......... 35% 84.5M 13s
 86750K .......... .......... .......... .......... .......... 35%  117M 12s
 86800K .......... .......... .......... .......... .......... 35% 88.9M 12s
 86850K .......... .......... .......... .......... .......... 35% 15.2M 12s
 86900K .......... .......... .......... .......... .......... 35% 40.2M 12s
 86950K .......... .......... .......... .......... .......... 35% 99.8M 12s
 87000K .......... .......... .......... .......... .......... 35%  115M 12s
 87050K .......... .......... .......... .......... .......... 35% 14.4M 12s
 87100K .......... .......... .......... .......... .......... 35% 10.7M 12s
 87150K .......... .......... .......... .......... .......... 35% 6.44M 12s
 87200K .......... .......... .......... .......... .......... 36% 11.4M 12s
 87250K .......... .......... .......... .......... .......... 36%  117M 12s
 87300K .......... .......... .......... .......... .......... 36%  118M 12s
 87350K .......... .......... .......... .......... .......... 36%  116M 12s
 87400K .......... .......... .......... .......... .......... 36%  116M 12s
 87450K .......... .......... .......... .......... .......... 36%  113M 12s
 87500K .......... .......... .......... .......... .......... 36%  120M 12s
 87550K .......... .......... .......... .......... .......... 36%  117M 12s
 87600K .......... .......... .......... .......... .......... 36% 87.4M 12s
 87650K .......... .......... .......... .......... .......... 36%  115M 12s
 87700K .......... .......... .......... .......... .......... 36%  120M 12s
 87750K .......... .......... .......... .......... .......... 36%  114M 12s
 87800K .......... .......... .......... .......... .......... 36%  117M 12s
 87850K .......... .......... .......... .......... .......... 36%  117M 12s
 87900K .......... .......... .......... .......... .......... 36%  117M 12s
 87950K .......... .......... .......... .......... .......... 36%  117M 12s
 88000K .......... .......... .......... .......... .......... 36% 2.23M 12s
 83750K .......... .......... .......... .......... .......... 34%  308K 13s
 83800K .......... .......... .......... .......... .......... 34%  111M 13s
 83850K .......... .......... .......... .......... .......... 34%  118M 13s
 83900K .......... .......... .......... .......... .......... 34%  117M 13s
 83950K .......... .......... .......... .......... .......... 34%  116M 13s
 84000K .......... .......... .......... .......... .......... 34% 89.4M 13s
 84050K .......... .......... .......... .......... .......... 34%  117M 13s
 84100K .......... .......... .......... .......... .......... 34%  117M 13s
 84150K .......... .......... .......... .......... .......... 34%  117M 13s
 84200K .......... .......... .......... .......... .......... 34%  115M 13s
 84250K .......... .......... .......... .......... .......... 34%  117M 13s
 84300K .......... .......... .......... .......... .......... 34%  117M 13s
 84350K .......... .......... .......... .......... .......... 34%  117M 13s
 84400K .......... .......... .......... .......... .......... 34% 87.1M 13s
 84450K .......... .......... .......... .......... .......... 34%  117M 13s
 84500K .......... .......... .......... .......... .......... 34%  117M 13s
 84550K .......... .......... .......... .......... .......... 34%  116M 13s
 84600K .......... .......... .......... .......... .......... 34%  116M 13s
 84650K .......... .......... .......... .......... .......... 34%  117M 13s
 84700K .......... .......... .......... .......... .......... 34%  117M 13s
 84750K .......... .......... .......... .......... .......... 35%  117M 13s
 84800K .......... .......... .......... .......... .......... 35% 88.8M 13s
 84850K .......... .......... .......... .......... .......... 35%  117M 13s
 84900K .......... .......... .......... .......... .......... 35%  117M 13s
 84950K .......... .......... .......... .......... .......... 35%  117M 13s
 85000K .......... .......... .......... .......... .......... 35%  115M 13s
 85050K .......... .......... .......... .......... .......... 35%  116M 13s
 85100K .......... .......... .......... .......... .......... 35%  118M 13s
 85150K .......... .......... .......... .......... .......... 35%  115M 13s
 85200K .......... .......... .......... .......... .......... 35% 90.4M 13s
 85250K .......... .......... .......... .......... .......... 35%  117M 13s
 85300K .......... .......... .......... .......... .......... 35%  117M 13s
 85350K .......... .......... .......... .......... .......... 35%  117M 13s
 85400K .......... .......... .......... .......... .......... 35%  114M 13s
 85450K .......... .......... .......... .......... .......... 35%  118M 13s
 85500K .......... .......... .......... .......... .......... 35%  116M 13s
 85550K .......... .......... .......... .......... .......... 35%  116M 13s
 85600K .......... .......... .......... .......... .......... 35% 88.1M 13s
 85650K .......... .......... .......... .......... .......... 35%  116M 13s
 85700K .......... .......... .......... .......... .......... 35%  117M 13s
 85750K .......... .......... .......... .......... .......... 35%  116M 13s
 85800K .......... .......... .......... .......... .......... 35%  116M 13s
 85850K .......... .......... .......... .......... .......... 35%  117M 13s
 85900K .......... .......... .......... .......... .......... 35%  115M 13s
 85950K .......... .......... .......... .......... .......... 35%  119M 13s
 86000K .......... .......... .......... .......... .......... 35% 88.8M 13s
 86050K .......... .......... .......... .......... .......... 35%  117M 13s
 88050K .......... .......... .......... .......... .......... 36%  561K 12s
 88100K .......... .......... .......... .......... .......... 36% 95.5M 12s
 88150K .......... .......... .......... .......... .......... 36%  117M 12s
 88200K .......... .......... .......... .......... .......... 36%  115M 12s
 88250K .......... .......... .......... .......... .......... 36%  116M 12s
 88300K .......... .......... .......... .......... .......... 36% 19.5M 12s
 88350K .......... .......... .......... .......... .......... 36% 52.8M 12s
 88400K .......... .......... .......... .......... .......... 36% 89.4M 12s
 88450K .......... .......... .......... .......... .......... 36%  117M 12s
 88500K .......... .......... .......... .......... .......... 36% 11.8M 12s
 88550K .......... .......... .......... .......... .......... 36%  112M 12s
 88600K .......... .......... .......... .......... .......... 36%  116M 12s
 88650K .......... .......... .......... .......... .......... 36% 84.6M 12s
 88700K .......... .......... .......... .......... .......... 36% 6.37M 12s
 88750K .......... .......... .......... .......... .......... 36%  116M 12s
 88800K .......... .......... .......... .......... .......... 36% 6.31M 12s
 88850K .......... .......... .......... .......... .......... 36%  117M 12s
 88900K .......... .......... .......... .......... .......... 36% 11.9M 12s
 88950K .......... .......... .......... .......... .......... 36%  117M 12s
 89000K .......... .......... .......... .......... .......... 36%  115M 12s
 89050K .......... .......... .......... .......... .......... 36%  112M 12s
 89100K .......... .......... .......... .......... .......... 36%  118M 12s
 89150K .......... .......... .......... .......... .......... 36%  120M 12s
 89200K .......... .......... .......... .......... .......... 36% 87.9M 12s
 89250K .......... .......... .......... .......... .......... 36%  116M 12s
 89300K .......... .......... .......... .......... .......... 36%  116M 12s
 89350K .......... .......... .......... .......... .......... 36%  112M 12s
 89400K .......... .......... .......... .......... .......... 36%  115M 12s
 89450K .......... .......... .......... .......... .......... 36%  119M 12s
 89500K .......... .......... .......... .......... .......... 36%  113M 12s
 89550K .......... .......... .......... .......... .......... 36%  116M 12s
 89600K .......... .......... .......... .......... .......... 37% 88.9M 12s
 89650K .......... .......... .......... .......... .......... 37%  117M 12s
 89700K .......... .......... .......... .......... .......... 37%  117M 12s
 89750K .......... .......... .......... .......... .......... 37%  117M 12s
 89800K .......... .......... .......... .......... .......... 37%  115M 12s
 89850K .......... .......... .......... .......... .......... 37%  117M 12s
 89900K .......... .......... .......... .......... .......... 37%  117M 12s
 89950K .......... .......... .......... .......... .......... 37% 15.3M 12s
 90000K .......... .......... .......... .......... .......... 37% 78.1M 12s
 90050K .......... .......... .......... .......... .......... 37%  117M 12s
 90100K .......... .......... .......... .......... .......... 37% 15.5M 12s
 90150K .......... .......... .......... .......... .......... 37% 10.6M 12s
 90200K .......... .......... .......... .......... .......... 37% 6.41M 12s
 90250K .......... .......... .......... .......... .......... 37% 82.0M 12s
 90300K .......... .......... .......... .......... .......... 37% 11.9M 12s
 90350K .......... .......... .......... .......... .......... 37%  117M 12s
 90400K .......... .......... .......... .......... .......... 37% 87.0M 12s
 90450K .......... .......... .......... .......... .......... 37%  111M 12s
 90500K .......... .......... .......... .......... .......... 37%  112M 12s
 90550K .......... .......... .......... .......... .......... 37% 11.8M 12s
 90600K .......... .......... .......... .......... .......... 37%  127M 12s
 90650K .......... .......... .......... .......... .......... 37%  117M 12s
 90700K .......... .......... .......... .......... .......... 37%  118M 12s
 90750K .......... .......... .......... .......... .......... 37%  118M 12s
 90800K .......... .......... .......... .......... .......... 37% 88.4M 12s
 90850K .......... .......... .......... .......... .......... 37%  116M 12s
 90900K .......... .......... .......... .......... .......... 37%  116M 12s
 90950K .......... .......... .......... .......... .......... 37%  117M 12s
 91000K .......... .......... .......... .......... .......... 37%  114M 12s
 91050K .......... .......... .......... .......... .......... 37%  116M 12s
 91100K .......... .......... .......... .......... .......... 37% 1.98M 12s
 86100K .......... .......... .......... .......... .......... 35%  309K 13s
 86150K .......... .......... .......... .......... .......... 35%  108M 13s
 86200K .......... .......... .......... .......... .......... 35%  113M 13s
 86250K .......... .......... .......... .......... .......... 35%  117M 13s
 86300K .......... .......... .......... .......... .......... 35%  116M 13s
 86350K .......... .......... .......... .......... .......... 35%  118M 13s
 86400K .......... .......... .......... .......... .......... 35% 88.9M 13s
 86450K .......... .......... .......... .......... .......... 35%  117M 13s
 86500K .......... .......... .......... .......... .......... 35%  113M 13s
 86550K .......... .......... .......... .......... .......... 35%  117M 13s
 86600K .......... .......... .......... .......... .......... 35%  115M 13s
 86650K .......... .......... .......... .......... .......... 35%  117M 13s
 86700K .......... .......... .......... .......... .......... 35%  117M 13s
 86750K .......... .......... .......... .......... .......... 35%  116M 13s
 86800K .......... .......... .......... .......... .......... 35% 89.7M 13s
 86850K .......... .......... .......... .......... .......... 35%  116M 13s
 86900K .......... .......... .......... .......... .......... 35%  117M 13s
 86950K .......... .......... .......... .......... .......... 35%  117M 13s
 87000K .......... .......... .......... .......... .......... 35%  115M 13s
 87050K .......... .......... .......... .......... .......... 35%  117M 13s
 87100K .......... .......... .......... .......... .......... 35%  117M 13s
 87150K .......... .......... .......... .......... .......... 35%  117M 13s
 87200K .......... .......... .......... .......... .......... 36% 88.8M 13s
 87250K .......... .......... .......... .......... .......... 36%  117M 13s
 87300K .......... .......... .......... .......... .......... 36%  117M 13s
 87350K .......... .......... .......... .......... .......... 36%  117M 13s
 87400K .......... .......... .......... .......... .......... 36%  114M 13s
 87450K .......... .......... .......... .......... .......... 36%  118M 13s
 87500K .......... .......... .......... .......... .......... 36%  116M 13s
 87550K .......... .......... .......... .......... .......... 36%  117M 13s
 87600K .......... .......... .......... .......... .......... 36% 87.1M 13s
 87650K .......... .......... .......... .......... .......... 36%  117M 13s
 87700K .......... .......... .......... .......... .......... 36%  117M 13s
 87750K .......... .......... .......... .......... .......... 36%  117M 13s
 87800K .......... .......... .......... .......... .......... 36%  115M 13s
 87850K .......... .......... .......... .......... .......... 36%  117M 13s
 87900K .......... .......... .......... .......... .......... 36%  117M 13s
 87950K .......... .......... .......... .......... .......... 36%  116M 13s
 88000K .......... .......... .......... .......... .......... 36% 89.5M 13s
 88050K .......... .......... .......... .......... .......... 36%  116M 13s
 88100K .......... .......... .......... .......... .......... 36%  117M 13s
 88150K .......... .......... .......... .......... .......... 36%  117M 13s
 88200K .......... .......... .......... .......... .......... 36%  115M 13s
 88250K .......... .......... .......... .......... .......... 36%  117M 13s
 88300K .......... .......... .......... .......... .......... 36%  117M 13s
 88350K .......... .......... .......... .......... .......... 36%  117M 12s
 88400K .......... .......... .......... .......... .......... 36% 88.8M 12s
 88450K .......... .......... .......... .......... .......... 36%  117M 12s
 91150K .......... .......... .......... .......... .......... 37%  604K 12s
 91200K .......... .......... .......... .......... .......... 37%  105M 12s
 91250K .......... .......... .......... .......... .......... 37%  117M 12s
 91300K .......... .......... .......... .......... .......... 37%  117M 12s
 91350K .......... .......... .......... .......... .......... 37% 20.2M 12s
 91400K .......... .......... .......... .......... .......... 37% 49.0M 12s
 91450K .......... .......... .......... .......... .......... 37%  117M 12s
 91500K .......... .......... .......... .......... .......... 37%  102M 12s
 91550K .......... .......... .......... .......... .......... 37% 11.8M 12s
 91600K .......... .......... .......... .......... .......... 37% 89.7M 12s
 91650K .......... .......... .......... .......... .......... 37% 97.7M 12s
 91700K .......... .......... .......... .......... .......... 37% 6.41M 12s
 91750K .......... .......... .......... .......... .......... 37% 78.4M 12s
 91800K .......... .......... .......... .......... .......... 37% 6.42M 12s
 91850K .......... .......... .......... .......... .......... 37%  138M 12s
 91900K .......... .......... .......... .......... .......... 37% 11.5M 12s
 91950K .......... .......... .......... .......... .......... 37%  148M 12s
 92000K .......... .......... .......... .......... .......... 37% 11.7M 12s
 92050K .......... .......... .......... .......... .......... 38%  117M 12s
 92100K .......... .......... .......... .......... .......... 38%  119M 12s
 92150K .......... .......... .......... .......... .......... 38%  117M 12s
 92200K .......... .......... .......... .......... .......... 38%  112M 12s
 92250K .......... .......... .......... .......... .......... 38%  117M 12s
 92300K .......... .......... .......... .......... .......... 38%  115M 12s
 92350K .......... .......... .......... .......... .......... 38%  119M 12s
 92400K .......... .......... .......... .......... .......... 38% 88.5M 12s
 92450K .......... .......... .......... .......... .......... 38%  113M 12s
 92500K .......... .......... .......... .......... .......... 38%  119M 12s
 92550K .......... .......... .......... .......... .......... 38%  116M 12s
 92600K .......... .......... .......... .......... .......... 38%  115M 12s
 92650K .......... .......... .......... .......... .......... 38%  117M 12s
 92700K .......... .......... .......... .......... .......... 38%  117M 12s
 92750K .......... .......... .......... .......... .......... 38%  117M 12s
 92800K .......... .......... .......... .......... .......... 38% 88.9M 12s
 92850K .......... .......... .......... .......... .......... 38%  117M 12s
 92900K .......... .......... .......... .......... .......... 38%  117M 12s
 92950K .......... .......... .......... .......... .......... 38%  117M 12s
 93000K .......... .......... .......... .......... .......... 38%  113M 12s
 93050K .......... .......... .......... .......... .......... 38%  117M 12s
 93100K .......... .......... .......... .......... .......... 38%  118M 12s
 93150K .......... .......... .......... .......... .......... 38%  117M 12s
 93200K .......... .......... .......... .......... .......... 38% 7.26M 12s
 93250K .......... .......... .......... .......... .......... 38% 6.70M 12s
 93300K .......... .......... .......... .......... .......... 38% 54.9M 12s
 93350K .......... .......... .......... .......... .......... 38% 12.1M 12s
 93400K .......... .......... .......... .......... .......... 38% 99.2M 12s
 93450K .......... .......... .......... .......... .......... 38%  117M 12s
 93500K .......... .......... .......... .......... .......... 38%  117M 12s
 93550K .......... .......... .......... .......... .......... 38% 93.1M 12s
 93600K .......... .......... .......... .......... .......... 38% 12.3M 12s
 93650K .......... .......... .......... .......... .......... 38% 11.7M 12s
 93700K .......... .......... .......... .......... .......... 38%  117M 12s
 93750K .......... .......... .......... .......... .......... 38%  117M 12s
 93800K .......... .......... .......... .......... .......... 38%  115M 12s
 93850K .......... .......... .......... .......... .......... 38%  117M 12s
 93900K .......... .......... .......... .......... .......... 38%  114M 12s
 93950K .......... .......... .......... .......... .......... 38%  115M 12s
 94000K .......... .......... .......... .......... .......... 38% 90.1M 12s
 94050K .......... .......... .......... .......... .......... 38%  117M 12s
 94100K .......... .......... .......... .......... .......... 38%  114M 12s
 88500K .......... .......... .......... .......... .......... 36%  309K 13s
 88550K .......... .......... .......... .......... .......... 36%  164M 13s
 88600K .......... .......... .......... .......... .......... 36%  134M 13s
 88650K .......... .......... .......... .......... .......... 36%  116M 13s
 88700K .......... .......... .......... .......... .......... 36%  117M 13s
 88750K .......... .......... .......... .......... .......... 36%  116M 13s
 88800K .......... .......... .......... .......... .......... 36% 87.3M 13s
 88850K .......... .......... .......... .......... .......... 36%  117M 13s
 88900K .......... .......... .......... .......... .......... 36%  117M 13s
 88950K .......... .......... .......... .......... .......... 36%  117M 13s
 89000K .......... .......... .......... .......... .......... 36%  115M 13s
 89050K .......... .......... .......... .......... .......... 36%  117M 13s
 89100K .......... .......... .......... .......... .......... 36%  118M 13s
 89150K .......... .......... .......... .......... .......... 36%  117M 13s
 89200K .......... .......... .......... .......... .......... 36% 88.8M 13s
 89250K .......... .......... .......... .......... .......... 36%  116M 13s
 89300K .......... .......... .......... .......... .......... 36%  117M 13s
 89350K .......... .......... .......... .......... .......... 36%  117M 13s
 89400K .......... .......... .......... .......... .......... 36%  115M 13s
 89450K .......... .......... .......... .......... .......... 36%  117M 13s
 89500K .......... .......... .......... .......... .......... 36%  117M 13s
 89550K .......... .......... .......... .......... .......... 36%  116M 13s
 89600K .......... .......... .......... .......... .......... 37% 89.6M 13s
 89650K .......... .......... .......... .......... .......... 37%  117M 13s
 89700K .......... .......... .......... .......... .......... 37%  117M 12s
 89750K .......... .......... .......... .......... .......... 37%  117M 12s
 89800K .......... .......... .......... .......... .......... 37%  115M 12s
 89850K .......... .......... .......... .......... .......... 37%  112M 12s
 89900K .......... .......... .......... .......... .......... 37%  117M 12s
 89950K .......... .......... .......... .......... .......... 37%  116M 12s
 90000K .......... .......... .......... .......... .......... 37% 89.5M 12s
 90050K .......... .......... .......... .......... .......... 37%  117M 12s
 90100K .......... .......... .......... .......... .......... 37%  117M 12s
 90150K .......... .......... .......... .......... .......... 37%  117M 12s
 90200K .......... .......... .......... .......... .......... 37%  114M 12s
 90250K .......... .......... .......... .......... .......... 37%  118M 12s
 90300K .......... .......... .......... .......... .......... 37%  117M 12s
 90350K .......... .......... .......... .......... .......... 37%  115M 12s
 90400K .......... .......... .......... .......... .......... 37% 89.8M 12s
 90450K .......... .......... .......... .......... .......... 37%  117M 12s
 90500K .......... .......... .......... .......... .......... 37%  117M 12s
 90550K .......... .......... .......... .......... .......... 37%  117M 12s
 90600K .......... .......... .......... .......... .......... 37%  115M 12s
 90650K .......... .......... .......... .......... .......... 37%  117M 12s
 90700K .......... .......... .......... .......... .......... 37%  117M 12s
 90750K .......... .......... .......... .......... .......... 37%  117M 12s
 90800K .......... .......... .......... .......... .......... 37% 87.1M 12s
 90850K .......... .......... .......... .......... .......... 37%  117M 12s
 94150K .......... .......... .......... .......... .......... 38%  484K 12s
 94200K .......... .......... .......... .......... .......... 38%  157M 12s
 94250K .......... .......... .......... .......... .......... 38%  126M 12s
 94300K .......... .......... .......... .......... .......... 38%  112M 12s
 94350K .......... .......... .......... .......... .......... 38%  117M 12s
 94400K .......... .......... .......... .......... .......... 38% 16.2M 12s
 94450K .......... .......... .......... .......... .......... 39% 98.3M 12s
 94500K .......... .......... .......... .......... .......... 39%  117M 12s
 94550K .......... .......... .......... .......... .......... 39%  105M 12s
 94600K .......... .......... .......... .......... .......... 39% 11.7M 12s
 94650K .......... .......... .......... .......... .......... 39% 98.3M 12s
 94700K .......... .......... .......... .......... .......... 39%  117M 12s
 94750K .......... .......... .......... .......... .......... 39%  117M 12s
 94800K .......... .......... .......... .......... .......... 39% 6.14M 12s
 94850K .......... .......... .......... .......... .......... 39%  102M 12s
 90900K .......... .......... .......... .......... .......... 37% 1.13M 12s
 94900K .......... .......... .......... .......... .......... 39% 6.52M 12s
 94950K .......... .......... .......... .......... .......... 39% 12.4M 12s
 95000K .......... .......... .......... .......... .......... 39% 78.3M 12s
 95050K .......... .......... .......... .......... .......... 39% 12.1M 12s
 95100K .......... .......... .......... .......... .......... 39% 11.8M 12s
 95150K .......... .......... .......... .......... .......... 39%  122M 12s
 95200K .......... .......... .......... .......... .......... 39% 89.0M 12s
 95250K .......... .......... .......... .......... .......... 39%  115M 12s
 95300K .......... .......... .......... .......... .......... 39%  119M 12s
 95350K .......... .......... .......... .......... .......... 39%  117M 12s
 95400K .......... .......... .......... .......... .......... 39%  110M 12s
 95450K .......... .......... .......... .......... .......... 39%  119M 12s
 95500K .......... .......... .......... .......... .......... 39%  117M 12s
 95550K .......... .......... .......... .......... .......... 39%  118M 12s
 95600K .......... .......... .......... .......... .......... 39% 88.4M 12s
 95650K .......... .......... .......... .......... .......... 39%  116M 12s
 95700K .......... .......... .......... .......... .......... 39%  117M 12s
 95750K .......... .......... .......... .......... .......... 39%  116M 12s
 95800K .......... .......... .......... .......... .......... 39%  116M 12s
 95850K .......... .......... .......... .......... .......... 39%  117M 11s
 95900K .......... .......... .......... .......... .......... 39%  117M 11s
 95950K .......... .......... .......... .......... .......... 39%  117M 11s
 96000K .......... .......... .......... .......... .......... 39% 87.0M 11s
 96050K .......... .......... .......... .......... .......... 39%  117M 11s
 96100K .......... .......... .......... .......... .......... 39%  117M 11s
 96150K .......... .......... .......... .......... .......... 39%  117M 11s
 96200K .......... .......... .......... .......... .......... 39%  115M 11s
 96250K .......... .......... .......... .......... .......... 39% 17.0M 11s
 96300K .......... .......... .......... .......... .......... 39% 6.61M 11s
 96350K .......... .......... .......... .......... .......... 39% 62.3M 11s
 96400K .......... .......... .......... .......... .......... 39% 11.7M 11s
 96450K .......... .......... .......... .......... .......... 39%  110M 11s
 96500K .......... .......... .......... .......... .......... 39%  110M 11s
 96550K .......... .......... .......... .......... .......... 39%  108M 11s
 96600K .......... .......... .......... .......... .......... 39%  113M 11s
 96650K .......... .......... .......... .......... .......... 39% 12.5M 11s
 96700K .......... .......... .......... .......... .......... 39% 11.7M 11s
 96750K .......... .......... .......... .......... .......... 39% 12.0M 11s
 96800K .......... .......... .......... .......... .......... 39% 89.4M 11s
 96850K .......... .......... .......... .......... .......... 39%  117M 11s
 96900K .......... .......... .......... .......... .......... 40%  114M 11s
 96950K .......... .......... .......... .......... .......... 40%  119M 11s
 97000K .......... .......... .......... .......... .......... 40%  113M 11s
 97050K .......... .......... .......... .......... .......... 40%  119M 11s
 97100K .......... .......... .......... .......... .......... 40%  117M 11s
 97150K .......... .......... .......... .......... .......... 40%  116M 11s
 90950K .......... .......... .......... .......... .......... 37%  421K 13s
 91000K .......... .......... .......... .......... .......... 37%  146M 12s
 91050K .......... .......... .......... .......... .......... 37%  114M 12s
 91100K .......... .......... .......... .......... .......... 37%  117M 12s
 91150K .......... .......... .......... .......... .......... 37%  117M 12s
 91200K .......... .......... .......... .......... .......... 37% 89.0M 12s
 91250K .......... .......... .......... .......... .......... 37%  117M 12s
 91300K .......... .......... .......... .......... .......... 37%  117M 12s
 91350K .......... .......... .......... .......... .......... 37%  117M 12s
 91400K .......... .......... .......... .......... .......... 37%  115M 12s
 91450K .......... .......... .......... .......... .......... 37%  115M 12s
 91500K .......... .......... .......... .......... .......... 37%  117M 12s
 91550K .......... .......... .......... .......... .......... 37%  119M 12s
 91600K .......... .......... .......... .......... .......... 37% 88.8M 12s
 91650K .......... .......... .......... .......... .......... 37%  117M 12s
 91700K .......... .......... .......... .......... .......... 37%  117M 12s
 91750K .......... .......... .......... .......... .......... 37%  117M 12s
 91800K .......... .......... .......... .......... .......... 37%  115M 12s
 91850K .......... .......... .......... .......... .......... 37%  117M 12s
 91900K .......... .......... .......... .......... .......... 37%  116M 12s
 91950K .......... .......... .......... .......... .......... 37%  115M 12s
 92000K .......... .......... .......... .......... .......... 37% 88.2M 12s
 92050K .......... .......... .......... .......... .......... 38%  117M 12s
 92100K .......... .......... .......... .......... .......... 38%  117M 12s
 92150K .......... .......... .......... .......... .......... 38%  117M 12s
 92200K .......... .......... .......... .......... .......... 38%  113M 12s
 92250K .......... .......... .......... .......... .......... 38%  118M 12s
 92300K .......... .......... .......... .......... .......... 38%  117M 12s
 92350K .......... .......... .......... .......... .......... 38%  117M 12s
 92400K .......... .......... .......... .......... .......... 38% 89.5M 12s
 92450K .......... .......... .......... .......... .......... 38%  117M 12s
 92500K .......... .......... .......... .......... .......... 38%  117M 12s
 92550K .......... .......... .......... .......... .......... 38%  117M 12s
 92600K .......... .......... .......... .......... .......... 38%  115M 12s
 92650K .......... .......... .......... .......... .......... 38%  117M 12s
 92700K .......... .......... .......... .......... .......... 38%  115M 12s
 92750K .......... .......... .......... .......... .......... 38%  118M 12s
 92800K .......... .......... .......... .......... .......... 38% 89.5M 12s
 92850K .......... .......... .......... .......... .......... 38%  117M 12s
 92900K .......... .......... .......... .......... .......... 38%  117M 12s
 92950K .......... .......... .......... .......... .......... 38%  117M 12s
 93000K .......... .......... .......... .......... .......... 38%  115M 12s
 93050K .......... .......... .......... .......... .......... 38%  117M 12s
 93100K .......... .......... .......... .......... .......... 38%  117M 12s
 93150K .......... .......... .......... .......... .......... 38%  113M 12s
 93200K .......... .......... .......... .......... .......... 38% 89.3M 12s
 93250K .......... .......... .......... .......... .......... 38%  117M 12s
 93300K .......... .......... .......... .......... .......... 38%  117M 12s
 93350K .......... .......... .......... .......... .......... 38%  117M 12s
 97200K .......... .......... .......... .......... .......... 40%  500K 11s
 97250K .......... .......... .......... .......... .......... 40%  132M 11s
 97300K .......... .......... .......... .......... .......... 40%  142M 11s
 97350K .......... .......... .......... .......... .......... 40%  117M 11s
 97400K .......... .......... .......... .......... .......... 40%  115M 11s
 97450K .......... .......... .......... .......... .......... 40% 27.7M 11s
 97500K .......... .......... .......... .......... .......... 40% 34.4M 11s
 97550K .......... .......... .......... .......... .......... 40% 92.6M 11s
 97600K .......... .......... .......... .......... .......... 40% 88.8M 11s
 97650K .......... .......... .......... .......... .......... 40% 11.4M 11s
 97700K .......... .......... .......... .......... .......... 40%  117M 11s
 97750K .......... .......... .......... .......... .......... 40%  117M 11s
 97800K .......... .......... .......... .......... .......... 40%  115M 11s
 97850K .......... .......... .......... .......... .......... 40% 6.25M 11s
 97900K .......... .......... .......... .......... .......... 40%  112M 11s
 93400K .......... .......... .......... .......... .......... 38% 1.14M 12s
 97950K .......... .......... .......... .......... .......... 40% 6.66M 11s
 98000K .......... .......... .......... .......... .......... 40% 69.5M 11s
 98050K .......... .......... .......... .......... .......... 40% 11.7M 11s
 98100K .......... .......... .......... .......... .......... 40% 12.2M 11s
 98150K .......... .......... .......... .......... .......... 40% 6.35M 11s
 98200K .......... .......... .......... .......... .......... 40%  116M 11s
 98250K .......... .......... .......... .......... .......... 40%  117M 11s
 98300K .......... .......... .......... .......... .......... 40%  112M 11s
 98350K .......... .......... .......... .......... .......... 40%  118M 11s
 98400K .......... .......... .......... .......... .......... 40% 89.4M 11s
 98450K .......... .......... .......... .......... .......... 40%  117M 11s
 98500K .......... .......... .......... .......... .......... 40%  117M 11s
 98550K .......... .......... .......... .......... .......... 40%  116M 11s
 98600K .......... .......... .......... .......... .......... 40%  116M 11s
 98650K .......... .......... .......... .......... .......... 40%  117M 11s
 98700K .......... .......... .......... .......... .......... 40%  114M 11s
 98750K .......... .......... .......... .......... .......... 40%  119M 11s
 98800K .......... .......... .......... .......... .......... 40% 87.0M 11s
 98850K .......... .......... .......... .......... .......... 40%  117M 11s
 98900K .......... .......... .......... .......... .......... 40%  117M 11s
 98950K .......... .......... .......... .......... .......... 40%  117M 11s
 99000K .......... .......... .......... .......... .......... 40%  115M 11s
 99050K .......... .......... .......... .......... .......... 40%  115M 11s
 99100K .......... .......... .......... .......... .......... 40%  119M 11s
 99150K .......... .......... .......... .......... .......... 40%  117M 11s
 99200K .......... .......... .......... .......... .......... 40% 88.8M 11s
 99250K .......... .......... .......... .......... .......... 40%  117M 11s
 99300K .......... .......... .......... .......... .......... 41%  116M 11s
 99350K .......... .......... .......... .......... .......... 41% 8.05M 11s
 99400K .......... .......... .......... .......... .......... 41% 11.4M 11s
 99450K .......... .......... .......... .......... .......... 41% 59.8M 11s
 99500K .......... .......... .......... .......... .......... 41%  117M 11s
 99550K .......... .......... .......... .......... .......... 41%  117M 11s
 99600K .......... .......... .......... .......... .......... 41% 82.9M 11s
 99650K .......... .......... .......... .......... .......... 41% 29.9M 11s
 99700K .......... .......... .......... .......... .......... 41% 18.5M 11s
 99750K .......... .......... .......... .......... .......... 41% 11.3M 11s
 99800K .......... .......... .......... .......... .......... 41% 6.28M 11s
 99850K .......... .......... .......... .......... .......... 41%  137M 11s
 99900K .......... .......... .......... .......... .......... 41%  120M 11s
 99950K .......... .......... .......... .......... .......... 41%  117M 11s
100000K .......... .......... .......... .......... .......... 41% 87.8M 11s
100050K .......... .......... .......... .......... .......... 41%  114M 11s
100100K .......... .......... .......... .......... .......... 41%  118M 11s
100150K .......... .......... .......... .......... .......... 41%  115M 11s
100200K .......... .......... .......... .......... .......... 41%  118M 11s
100250K .......... .......... .......... .......... .......... 41%  113M 11s
 93450K .......... .......... .......... .......... .......... 38%  422K 12s
 93500K .......... .......... .......... .......... .......... 38%  118M 12s
 93550K .......... .......... .......... .......... .......... 38%  117M 12s
 93600K .......... .......... .......... .......... .......... 38% 88.7M 12s
 93650K .......... .......... .......... .......... .......... 38%  117M 12s
 93700K .......... .......... .......... .......... .......... 38%  117M 12s
 93750K .......... .......... .......... .......... .......... 38%  117M 12s
 93800K .......... .......... .......... .......... .......... 38%  115M 12s
 93850K .......... .......... .......... .......... .......... 38%  117M 12s
 93900K .......... .......... .......... .......... .......... 38%  116M 12s
 93950K .......... .......... .......... .......... .......... 38%  116M 12s
 94000K .......... .......... .......... .......... .......... 38% 87.8M 12s
 94050K .......... .......... .......... .......... .......... 38%  117M 12s
 94100K .......... .......... .......... .......... .......... 38%  115M 12s
 94150K .......... .......... .......... .......... .......... 38%  118M 12s
 94200K .......... .......... .......... .......... .......... 38%  114M 12s
 94250K .......... .......... .......... .......... .......... 38%  116M 12s
 94300K .......... .......... .......... .......... .......... 38%  117M 12s
 94350K .......... .......... .......... .......... .......... 38%  117M 12s
 94400K .......... .......... .......... .......... .......... 38% 89.7M 12s
 94450K .......... .......... .......... .......... .......... 39%  117M 12s
 94500K .......... .......... .......... .......... .......... 39%  117M 12s
 94550K .......... .......... .......... .......... .......... 39%  117M 12s
 94600K .......... .......... .......... .......... .......... 39%  114M 12s
 94650K .......... .......... .......... .......... .......... 39%  117M 12s
 94700K .......... .......... .......... .......... .......... 39%  117M 12s
 94750K .......... .......... .......... .......... .......... 39%  117M 12s
 94800K .......... .......... .......... .......... .......... 39% 89.7M 12s
 94850K .......... .......... .......... .......... .......... 39%  116M 12s
 94900K .......... .......... .......... .......... .......... 39%  117M 12s
 94950K .......... .......... .......... .......... .......... 39%  117M 12s
 95000K .......... .......... .......... .......... .......... 39%  115M 12s
 95050K .......... .......... .......... .......... .......... 39%  117M 12s
 95100K .......... .......... .......... .......... .......... 39%  117M 12s
 95150K .......... .......... .......... .......... .......... 39%  117M 12s
 95200K .......... .......... .......... .......... .......... 39% 87.6M 12s
 95250K .......... .......... .......... .......... .......... 39%  117M 12s
 95300K .......... .......... .......... .......... .......... 39%  117M 12s
 95350K .......... .......... .......... .......... .......... 39%  116M 12s
 95400K .......... .......... .......... .......... .......... 39%  114M 12s
 95450K .......... .......... .......... .......... .......... 39%  117M 12s
 95500K .......... .......... .......... .......... .......... 39%  117M 12s
 95550K .......... .......... .......... .......... .......... 39%  117M 12s
 95600K .......... .......... .......... .......... .......... 39% 89.6M 12s
 95650K .......... .......... .......... .......... .......... 39%  117M 12s
 95700K .......... .......... .......... .......... .......... 39%  117M 12s
 95750K .......... .......... .......... .......... .......... 39%  117M 12s
 95800K .......... .......... .......... .......... .......... 39%  115M 12s
 95850K .......... .......... .......... .......... .......... 39%  117M 12s
100300K .......... .......... .......... .......... .......... 41%  520K 11s
100350K .......... .......... .......... .......... .......... 41%  121M 11s
100400K .......... .......... .......... .......... .......... 41% 89.1M 11s
100450K .......... .......... .......... .......... .......... 41%  117M 11s
100500K .......... .......... .......... .......... .......... 41% 30.6M 11s
100550K .......... .......... .......... .......... .......... 41% 33.5M 11s
100600K .......... .......... .......... .......... .......... 41% 85.9M 11s
100650K .......... .......... .......... .......... .......... 41%  113M 11s
100700K .......... .......... .......... .......... .......... 41% 10.7M 11s
100750K .......... .......... .......... .......... .......... 41%  117M 11s
100800K .......... .......... .......... .......... .......... 41% 86.8M 11s
100850K .......... .......... .......... .......... .......... 41%  117M 11s
100900K .......... .......... .......... .......... .......... 41% 6.49M 11s
100950K .......... .......... .......... .......... .......... 41%  115M 11s
 95900K .......... .......... .......... .......... .......... 39% 1.14M 12s
101000K .......... .......... .......... .......... .......... 41% 6.64M 11s
101050K .......... .......... .......... .......... .......... 41% 87.7M 11s
101100K .......... .......... .......... .......... .......... 41% 11.7M 11s
101150K .......... .......... .......... .......... .......... 41% 14.2M 11s
101200K .......... .......... .......... .......... .......... 41% 5.82M 11s
101250K .......... .......... .......... .......... .......... 41% 12.1M 11s
101300K .......... .......... .......... .......... .......... 41%  117M 11s
101350K .......... .......... .......... .......... .......... 41%  117M 11s
101400K .......... .......... .......... .......... .......... 41%  117M 11s
101450K .......... .......... .......... .......... .......... 41%  114M 11s
101500K .......... .......... .......... .......... .......... 41%  120M 11s
101550K .......... .......... .......... .......... .......... 41%  116M 11s
101600K .......... .......... .......... .......... .......... 41% 86.3M 11s
101650K .......... .......... .......... .......... .......... 41%  121M 11s
101700K .......... .......... .......... .......... .......... 41%  114M 11s
101750K .......... .......... .......... .......... .......... 42%  119M 11s
101800K .......... .......... .......... .......... .......... 42%  115M 11s
101850K .......... .......... .......... .......... .......... 42%  117M 11s
101900K .......... .......... .......... .......... .......... 42%  117M 11s
101950K .......... .......... .......... .......... .......... 42%  117M 11s
102000K .......... .......... .......... .......... .......... 42% 87.0M 11s
102050K .......... .......... .......... .......... .......... 42%  117M 11s
102100K .......... .......... .......... .......... .......... 42%  117M 11s
102150K .......... .......... .......... .......... .......... 42%  117M 11s
102200K .......... .......... .......... .......... .......... 42%  115M 11s
102250K .......... .......... .......... .......... .......... 42%  117M 11s
102300K .......... .......... .......... .......... .......... 42%  117M 11s
102350K .......... .......... .......... .......... .......... 42%  117M 11s
102400K .......... .......... .......... .......... .......... 42% 15.7M 11s
102450K .......... .......... .......... .......... .......... 42% 13.1M 11s
102500K .......... .......... .......... .......... .......... 42% 53.7M 11s
102550K .......... .......... .......... .......... .......... 42%  117M 11s
102600K .......... .......... .......... .......... .......... 42%  115M 11s
102650K .......... .......... .......... .......... .......... 42%  115M 11s
102700K .......... .......... .......... .......... .......... 42%  118M 11s
102750K .......... .......... .......... .......... .......... 42% 12.8M 11s
102800K .......... .......... .......... .......... .......... 42% 11.1M 11s
102850K .......... .......... .......... .......... .......... 42% 11.9M 11s
 95950K .......... .......... .......... .......... .......... 39%  420K 12s
 96000K .......... .......... .......... .......... .......... 39%  152M 12s
 96050K .......... .......... .......... .......... .......... 39%  117M 12s
 96100K .......... .......... .......... .......... .......... 39%  117M 12s
 96150K .......... .......... .......... .......... .......... 39%  117M 12s
 96200K .......... .......... .......... .......... .......... 39%  114M 12s
 96250K .......... .......... .......... .......... .......... 39%  117M 12s
 96300K .......... .......... .......... .......... .......... 39%  117M 12s
 96350K .......... .......... .......... .......... .......... 39%  117M 12s
 96400K .......... .......... .......... .......... .......... 39% 87.7M 12s
 96450K .......... .......... .......... .......... .......... 39%  117M 12s
 96500K .......... .......... .......... .......... .......... 39%  117M 12s
 96550K .......... .......... .......... .......... .......... 39%  117M 12s
 96600K .......... .......... .......... .......... .......... 39%  115M 12s
 96650K .......... .......... .......... .......... .......... 39%  118M 12s
 96700K .......... .......... .......... .......... .......... 39%  117M 12s
 96750K .......... .......... .......... .......... .......... 39%  117M 12s
 96800K .......... .......... .......... .......... .......... 39% 88.8M 12s
 96850K .......... .......... .......... .......... .......... 39%  117M 12s
 96900K .......... .......... .......... .......... .......... 40%  117M 12s
 96950K .......... .......... .......... .......... .......... 40%  117M 12s
 97000K .......... .......... .......... .......... .......... 40%  115M 12s
 97050K .......... .......... .......... .......... .......... 40%  117M 12s
 97100K .......... .......... .......... .......... .......... 40%  115M 12s
 97150K .......... .......... .......... .......... .......... 40%  118M 12s
 97200K .......... .......... .......... .......... .......... 40% 87.1M 12s
 97250K .......... .......... .......... .......... .......... 40%  117M 12s
 97300K .......... .......... .......... .......... .......... 40%  117M 12s
 97350K .......... .......... .......... .......... .......... 40%  117M 12s
 97400K .......... .......... .......... .......... .......... 40%  115M 12s
 97450K .......... .......... .......... .......... .......... 40%  117M 12s
 97500K .......... .......... .......... .......... .......... 40%  116M 12s
 97550K .......... .......... .......... .......... .......... 40%  117M 12s
 97600K .......... .......... .......... .......... .......... 40% 89.1M 12s
 97650K .......... .......... .......... .......... .......... 40%  117M 12s
 97700K .......... .......... .......... .......... .......... 40%  116M 12s
 97750K .......... .......... .......... .......... .......... 40%  117M 12s
 97800K .......... .......... .......... .......... .......... 40%  115M 12s
 97850K .......... .......... .......... .......... .......... 40%  117M 12s
 97900K .......... .......... .......... .......... .......... 40%  117M 12s
 97950K .......... .......... .......... .......... .......... 40%  115M 12s
 98000K .......... .......... .......... .......... .......... 40% 89.8M 12s
 98050K .......... .......... .......... .......... .......... 40%  117M 12s
 98100K .......... .......... .......... .......... .......... 40%  117M 12s
 98150K .......... .......... .......... .......... .......... 40%  117M 12s
 98200K .......... .......... .......... .......... .......... 40%  115M 12s
 98250K .......... .......... .......... .......... .......... 40%  117M 12s
 98300K .......... .......... .......... .......... .......... 40%  115M 12s
 98350K .......... .......... .......... .......... .......... 40%  119M 12s
102900K .......... .......... .......... .......... .......... 42%  483K 11s
102950K .......... .......... .......... .......... .......... 42%  111M 11s
103000K .......... .......... .......... .......... .......... 42%  118M 11s
103050K .......... .......... .......... .......... .......... 42%  131M 11s
103100K .......... .......... .......... .......... .......... 42%  121M 11s
103150K .......... .......... .......... .......... .......... 42%  117M 11s
103200K .......... .......... .......... .......... .......... 42% 87.2M 11s
103250K .......... .......... .......... .......... .......... 42%  115M 11s
103300K .......... .......... .......... .......... .......... 42%  118M 11s
103350K .......... .......... .......... .......... .......... 42%  115M 11s
103400K .......... .......... .......... .......... .......... 42%  115M 11s
103450K .......... .......... .......... .......... .......... 42%  116M 11s
103500K .......... .......... .......... .......... .......... 42%  118M 11s
103550K .......... .......... .......... .......... .......... 42%  117M 11s
103600K .......... .......... .......... .......... .......... 42% 88.8M 11s
103650K .......... .......... .......... .......... .......... 42%  117M 11s
103700K .......... .......... .......... .......... .......... 42%  117M 11s
103750K .......... .......... .......... .......... .......... 42% 15.0M 11s
103800K .......... .......... .......... .......... .......... 42%  115M 11s
103850K .......... .......... .......... .......... .......... 42%  117M 11s
103900K .......... .......... .......... .......... .......... 42%  117M 11s
103950K .......... .......... .......... .......... .......... 42% 6.47M 11s
104000K .......... .......... .......... .......... .......... 42% 30.2M 11s
 98400K .......... .......... .......... .......... .......... 40% 1.15M 12s
104050K .......... .......... .......... .......... .......... 42% 7.84M 11s
104100K .......... .......... .......... .......... .......... 42% 11.4M 11s
104150K .......... .......... .......... .......... .......... 43% 99.8M 11s
104200K .......... .......... .......... .......... .......... 43% 12.2M 11s
104250K .......... .......... .......... .......... .......... 43% 4.35M 11s
104300K .......... .......... .......... .......... .......... 43%  107M 11s
104350K .......... .......... .......... .......... .......... 43%  115M 11s
104400K .......... .......... .......... .......... .......... 43% 84.8M 11s
104450K .......... .......... .......... .......... .......... 43%  106M 11s
104500K .......... .......... .......... .......... .......... 43% 12.4M 11s
104550K .......... .......... .......... .......... .......... 43%  119M 11s
104600K .......... .......... .......... .......... .......... 43%  112M 11s
104650K .......... .......... .......... .......... .......... 43%  115M 11s
104700K .......... .......... .......... .......... .......... 43%  118M 11s
104750K .......... .......... .......... .......... .......... 43%  119M 11s
104800K .......... .......... .......... .......... .......... 43% 88.6M 11s
104850K .......... .......... .......... .......... .......... 43%  113M 11s
104900K .......... .......... .......... .......... .......... 43%  120M 11s
104950K .......... .......... .......... .......... .......... 43%  117M 11s
105000K .......... .......... .......... .......... .......... 43%  111M 11s
105050K .......... .......... .......... .......... .......... 43%  117M 11s
105100K .......... .......... .......... .......... .......... 43%  115M 11s
105150K .......... .......... .......... .......... .......... 43%  118M 11s
105200K .......... .......... .......... .......... .......... 43% 89.2M 11s
105250K .......... .......... .......... .......... .......... 43%  117M 11s
105300K .......... .......... .......... .......... .......... 43%  117M 11s
105350K .......... .......... .......... .......... .......... 43%  117M 11s
105400K .......... .......... .......... .......... .......... 43%  115M 10s
105450K .......... .......... .......... .......... .......... 43%  117M 10s
105500K .......... .......... .......... .......... .......... 43% 20.1M 10s
105550K .......... .......... .......... .......... .......... 43% 41.3M 10s
105600K .......... .......... .......... .......... .......... 43% 83.5M 10s
105650K .......... .......... .......... .......... .......... 43%  116M 10s
105700K .......... .......... .......... .......... .......... 43%  117M 10s
105750K .......... .......... .......... .......... .......... 43%  117M 10s
105800K .......... .......... .......... .......... .......... 43% 13.0M 10s
105850K .......... .......... .......... .......... .......... 43% 11.3M 10s
105900K .......... .......... .......... .......... .......... 43% 12.0M 10s
105950K .......... .......... .......... .......... .......... 43% 12.3M 10s
 98450K .......... .......... .......... .......... .......... 40%  421K 12s
 98500K .......... .......... .......... .......... .......... 40%  101M 12s
 98550K .......... .......... .......... .......... .......... 40%  118M 12s
 98600K .......... .......... .......... .......... .......... 40%  114M 12s
 98650K .......... .......... .......... .......... .......... 40%  117M 12s
 98700K .......... .......... .......... .......... .......... 40%  118M 12s
 98750K .......... .......... .......... .......... .......... 40%  117M 12s
 98800K .......... .......... .......... .......... .......... 40% 88.8M 12s
 98850K .......... .......... .......... .......... .......... 40%  117M 12s
 98900K .......... .......... .......... .......... .......... 40%  117M 12s
 98950K .......... .......... .......... .......... .......... 40%  117M 12s
 99000K .......... .......... .......... .......... .......... 40%  115M 12s
 99050K .......... .......... .......... .......... .......... 40%  117M 12s
 99100K .......... .......... .......... .......... .......... 40%  114M 12s
 99150K .......... .......... .......... .......... .......... 40%  118M 12s
 99200K .......... .......... .......... .......... .......... 40% 89.7M 12s
 99250K .......... .......... .......... .......... .......... 40%  117M 12s
 99300K .......... .......... .......... .......... .......... 41%  116M 12s
 99350K .......... .......... .......... .......... .......... 41%  117M 12s
 99400K .......... .......... .......... .......... .......... 41%  115M 12s
 99450K .......... .......... .......... .......... .......... 41%  117M 12s
 99500K .......... .......... .......... .......... .......... 41%  115M 12s
 99550K .......... .......... .......... .......... .......... 41%  117M 12s
 99600K .......... .......... .......... .......... .......... 41% 87.6M 12s
 99650K .......... .......... .......... .......... .......... 41%  117M 12s
 99700K .......... .......... .......... .......... .......... 41%  117M 12s
 99750K .......... .......... .......... .......... .......... 41%  117M 12s
 99800K .......... .......... .......... .......... .......... 41%  115M 12s
 99850K .......... .......... .......... .......... .......... 41%  114M 12s
 99900K .......... .......... .......... .......... .......... 41%  120M 12s
 99950K .......... .......... .......... .......... .......... 41%  116M 11s
100000K .......... .......... .......... .......... .......... 41% 89.4M 11s
100050K .......... .......... .......... .......... .......... 41%  117M 11s
100100K .......... .......... .......... .......... .......... 41%  117M 11s
100150K .......... .......... .......... .......... .......... 41%  117M 11s
100200K .......... .......... .......... .......... .......... 41%  115M 11s
100250K .......... .......... .......... .......... .......... 41%  117M 11s
100300K .......... .......... .......... .......... .......... 41%  117M 11s
100350K .......... .......... .......... .......... .......... 41%  117M 11s
100400K .......... .......... .......... .......... .......... 41% 87.5M 11s
100450K .......... .......... .......... .......... .......... 41%  117M 11s
100500K .......... .......... .......... .......... .......... 41%  117M 11s
100550K .......... .......... .......... .......... .......... 41%  117M 11s
100600K .......... .......... .......... .......... .......... 41%  114M 11s
100650K .......... .......... .......... .......... .......... 41%  113M 11s
100700K .......... .......... .......... .......... .......... 41%  121M 11s
100750K .......... .......... .......... .......... .......... 41%  117M 11s
100800K .......... .......... .......... .......... .......... 41% 89.8M 11s
100850K .......... .......... .......... .......... .......... 41%  116M 11s
100900K .......... .......... .......... .......... .......... 41%  117M 11s
100950K .......... .......... .......... .......... .......... 41%  117M 11s
106000K .......... .......... .......... .......... .......... 43%  497K 11s
106050K .......... .......... .......... .......... .......... 43%  140M 11s
106100K .......... .......... .......... .......... .......... 43%  117M 11s
106150K .......... .......... .......... .......... .......... 43% 12.8M 11s
106200K .......... .......... .......... .......... .......... 43%  116M 11s
106250K .......... .......... .......... .......... .......... 43%  117M 11s
106300K .......... .......... .......... .......... .......... 43%  118M 11s
106350K .......... .......... .......... .......... .......... 43%  118M 10s
106400K .......... .......... .......... .......... .......... 43% 88.1M 10s
106450K .......... .......... .......... .......... .......... 43%  117M 10s
106500K .......... .......... .......... .......... .......... 43%  113M 10s
106550K .......... .......... .......... .......... .......... 43%  117M 10s
106600K .......... .......... .......... .......... .......... 44%  117M 10s
106650K .......... .......... .......... .......... .......... 44%  117M 10s
106700K .......... .......... .......... .......... .......... 44%  117M 10s
106750K .......... .......... .......... .......... .......... 44%  117M 10s
106800K .......... .......... .......... .......... .......... 44% 87.1M 10s
106850K .......... .......... .......... .......... .......... 44%  117M 10s
106900K .......... .......... .......... .......... .......... 44%  117M 10s
106950K .......... .......... .......... .......... .......... 44%  116M 10s
107000K .......... .......... .......... .......... .......... 44% 7.30M 10s
107050K .......... .......... .......... .......... .......... 44%  117M 10s
107100K .......... .......... .......... .......... .......... 44% 6.89M 10s
107150K .......... .......... .......... .......... .......... 44% 84.8M 10s
107200K .......... .......... .......... .......... .......... 44% 10.8M 10s
107250K .......... .......... .......... .......... .......... 44% 12.1M 10s
107300K .......... .......... .......... .......... .......... 44% 6.46M 10s
107350K .......... .......... .......... .......... .......... 44% 11.7M 10s
107400K .......... .......... .......... .......... .......... 44%  115M 10s
107450K .......... .......... .......... .......... .......... 44%  112M 10s
107500K .......... .......... .......... .......... .......... 44%  117M 10s
107550K .......... .......... .......... .......... .......... 44% 12.7M 10s
107600K .......... .......... .......... .......... .......... 44% 76.1M 10s
107650K .......... .......... .......... .......... .......... 44%  114M 10s
107700K .......... .......... .......... .......... .......... 44% 11.8M 10s
107750K .......... .......... .......... .......... .......... 44%  117M 10s
107800K .......... .......... .......... .......... .......... 44%  115M 10s
107850K .......... .......... .......... .......... .......... 44%  114M 10s
107900K .......... .......... .......... .......... .......... 44%  117M 10s
107950K .......... .......... .......... .......... .......... 44%  116M 10s
108000K .......... .......... .......... .......... .......... 44% 88.4M 10s
108050K .......... .......... .......... .......... .......... 44%  118M 10s
108100K .......... .......... .......... .......... .......... 44%  115M 10s
108150K .......... .......... .......... .......... .......... 44%  116M 10s
108200K .......... .......... .......... .......... .......... 44%  117M 10s
108250K .......... .......... .......... .......... .......... 44%  114M 10s
108300K .......... .......... .......... .......... .......... 44%  118M 10s
108350K .......... .......... .......... .......... .......... 44%  117M 10s
108400K .......... .......... .......... .......... .......... 44% 88.8M 10s
108450K .......... .......... .......... .......... .......... 44%  117M 10s
108500K .......... .......... .......... .......... .......... 44%  117M 10s
108550K .......... .......... .......... .......... .......... 44%  117M 10s
108600K .......... .......... .......... .......... .......... 44% 96.0M 10s
101000K .......... .......... .......... .......... .......... 41%  583K 11s
108650K .......... .......... .......... .......... .......... 44%  117M 10s
108700K .......... .......... .......... .......... .......... 44%  117M 10s
108750K .......... .......... .......... .......... .......... 44%  116M 10s
108800K .......... .......... .......... .......... .......... 44% 87.2M 10s
108850K .......... .......... .......... .......... .......... 44% 19.0M 10s
108900K .......... .......... .......... .......... .......... 44% 10.9M 10s
108950K .......... .......... .......... .......... .......... 44% 12.7M 10s
109000K .......... .......... .......... .......... .......... 45% 11.6M 10s
101050K .......... .......... .......... .......... .......... 41%  666K 12s
101100K .......... .......... .......... .......... .......... 41%  122M 12s
101150K .......... .......... .......... .......... .......... 41%  117M 12s
101200K .......... .......... .......... .......... .......... 41% 88.8M 11s
101250K .......... .......... .......... .......... .......... 41%  117M 11s
101300K .......... .......... .......... .......... .......... 41%  117M 11s
101350K .......... .......... .......... .......... .......... 41%  117M 11s
101400K .......... .......... .......... .......... .......... 41%  114M 11s
101450K .......... .......... .......... .......... .......... 41%  117M 11s
101500K .......... .......... .......... .......... .......... 41%  116M 11s
101550K .......... .......... .......... .......... .......... 41%  117M 11s
101600K .......... .......... .......... .......... .......... 41% 87.5M 11s
101650K .......... .......... .......... .......... .......... 41%  117M 11s
101700K .......... .......... .......... .......... .......... 41%  117M 11s
101750K .......... .......... .......... .......... .......... 42%  117M 11s
101800K .......... .......... .......... .......... .......... 42%  114M 11s
101850K .......... .......... .......... .......... .......... 42%  118M 11s
101900K .......... .......... .......... .......... .......... 42%  117M 11s
101950K .......... .......... .......... .......... .......... 42%  117M 11s
102000K .......... .......... .......... .......... .......... 42% 88.7M 11s
102050K .......... .......... .......... .......... .......... 42%  116M 11s
102100K .......... .......... .......... .......... .......... 42%  117M 11s
102150K .......... .......... .......... .......... .......... 42%  117M 11s
102200K .......... .......... .......... .......... .......... 42%  115M 11s
102250K .......... .......... .......... .......... .......... 42%  117M 11s
102300K .......... .......... .......... .......... .......... 42%  117M 11s
102350K .......... .......... .......... .......... .......... 42%  117M 11s
102400K .......... .......... .......... .......... .......... 42% 88.8M 11s
102450K .......... .......... .......... .......... .......... 42%  117M 11s
102500K .......... .......... .......... .......... .......... 42%  117M 11s
102550K .......... .......... .......... .......... .......... 42%  117M 11s
102600K .......... .......... .......... .......... .......... 42%  115M 11s
102650K .......... .......... .......... .......... .......... 42%  117M 11s
102700K .......... .......... .......... .......... .......... 42%  117M 11s
102750K .......... .......... .......... .......... .......... 42%  117M 11s
102800K .......... .......... .......... .......... .......... 42% 87.6M 11s
102850K .......... .......... .......... .......... .......... 42%  117M 11s
102900K .......... .......... .......... .......... .......... 42%  117M 11s
102950K .......... .......... .......... .......... .......... 42%  117M 11s
103000K .......... .......... .......... .......... .......... 42%  114M 11s
103050K .......... .......... .......... .......... .......... 42%  119M 11s
103100K .......... .......... .......... .......... .......... 42%  117M 11s
103150K .......... .......... .......... .......... .......... 42%  117M 11s
103200K .......... .......... .......... .......... .......... 42% 88.8M 11s
103250K .......... .......... .......... .......... .......... 42%  117M 11s
103300K .......... .......... .......... .......... .......... 42%  117M 11s
103350K .......... .......... .......... .......... .......... 42%  117M 11s
103400K .......... .......... .......... .......... .......... 42%  114M 11s
103450K .......... .......... .......... .......... .......... 42%  117M 11s
103500K .......... .......... .......... .......... .......... 42%  117M 11s
109050K .......... .......... .......... .......... .......... 45%  498K 10s
109100K .......... .......... .......... .......... .......... 45%  104M 10s
109150K .......... .......... .......... .......... .......... 45%  142M 10s
109200K .......... .......... .......... .......... .......... 45% 13.3M 10s
109250K .......... .......... .......... .......... .......... 45% 72.9M 10s
109300K .......... .......... .......... .......... .......... 45%  116M 10s
109350K .......... .......... .......... .......... .......... 45% 11.9M 10s
109400K .......... .......... .......... .......... .......... 45%  117M 10s
109450K .......... .......... .......... .......... .......... 45%  117M 10s
109500K .......... .......... .......... .......... .......... 45%  114M 10s
109550K .......... .......... .......... .......... .......... 45%  119M 10s
109600K .......... .......... .......... .......... .......... 45% 88.7M 10s
109650K .......... .......... .......... .......... .......... 45%  113M 10s
109700K .......... .......... .......... .......... .......... 45%  120M 10s
109750K .......... .......... .......... .......... .......... 45%  116M 10s
109800K .......... .......... .......... .......... .......... 45%  112M 10s
109850K .......... .......... .......... .......... .......... 45%  119M 10s
109900K .......... .......... .......... .......... .......... 45%  113M 10s
109950K .......... .......... .......... .......... .......... 45%  117M 10s
110000K .......... .......... .......... .......... .......... 45% 22.6M 10s
110050K .......... .......... .......... .......... .......... 45% 35.8M 10s
110100K .......... .......... .......... .......... .......... 45% 33.0M 10s
103550K .......... .......... .......... .......... .......... 42% 1.17M 11s
110150K .......... .......... .......... .......... .......... 45% 7.88M 10s
110200K .......... .......... .......... .......... .......... 45% 12.3M 10s
110250K .......... .......... .......... .......... .......... 45% 60.5M 10s
110300K .......... .......... .......... .......... .......... 45% 12.1M 10s
110350K .......... .......... .......... .......... .......... 45% 4.42M 10s
110400K .......... .......... .......... .......... .......... 45% 61.5M 10s
110450K .......... .......... .......... .......... .......... 45%  116M 10s
110500K .......... .......... .......... .......... .......... 45%  113M 10s
110550K .......... .......... .......... .......... .......... 45%  107M 10s
110600K .......... .......... .......... .......... .......... 45% 12.2M 10s
110650K .......... .......... .......... .......... .......... 45%  117M 10s
110700K .......... .......... .......... .......... .......... 45%  117M 10s
110750K .......... .......... .......... .......... .......... 45% 12.2M 10s
110800K .......... .......... .......... .......... .......... 45% 77.7M 10s
110850K .......... .......... .......... .......... .......... 45%  117M 10s
110900K .......... .......... .......... .......... .......... 45% 95.8M 10s
110950K .......... .......... .......... .......... .......... 45%  117M 10s
111000K .......... .......... .......... .......... .......... 45% 12.1M 10s
111050K .......... .......... .......... .......... .......... 45%  121M 10s
111100K .......... .......... .......... .......... .......... 45%  117M 10s
111150K .......... .......... .......... .......... .......... 45%  115M 10s
111200K .......... .......... .......... .......... .......... 45% 87.4M 10s
111250K .......... .......... .......... .......... .......... 45%  117M 10s
111300K .......... .......... .......... .......... .......... 45%  118M 10s
111350K .......... .......... .......... .......... .......... 45%  117M 10s
111400K .......... .......... .......... .......... .......... 45%  112M 10s
111450K .......... .......... .......... .......... .......... 46%  119M 10s
111500K .......... .......... .......... .......... .......... 46%  116M 10s
111550K .......... .......... .......... .......... .......... 46%  113M 10s
111600K .......... .......... .......... .......... .......... 46% 89.6M 10s
111650K .......... .......... .......... .......... .......... 46%  117M 10s
111700K .......... .......... .......... .......... .......... 46%  117M 10s
111750K .......... .......... .......... .......... .......... 46%  117M 10s
111800K .......... .......... .......... .......... .......... 46%  116M 10s
111850K .......... .......... .......... .......... .......... 46%  117M 10s
111900K .......... .......... .......... .......... .......... 46%  117M 10s
111950K .......... .......... .......... .......... .......... 46% 19.0M 10s
112000K .......... .......... .......... .......... .......... 46% 11.5M 10s
112050K .......... .......... .......... .......... .......... 46% 11.4M 10s
103600K .......... .......... .......... .......... .......... 42%  420K 11s
103650K .......... .......... .......... .......... .......... 42% 84.7M 11s
103700K .......... .......... .......... .......... .......... 42%  164M 11s
103750K .......... .......... .......... .......... .......... 42%  117M 11s
103800K .......... .......... .......... .......... .......... 42%  114M 11s
103850K .......... .......... .......... .......... .......... 42%  118M 11s
103900K .......... .......... .......... .......... .......... 42%  115M 11s
103950K .......... .......... .......... .......... .......... 42%  116M 11s
104000K .......... .......... .......... .......... .......... 42% 89.8M 11s
104050K .......... .......... .......... .......... .......... 42%  117M 11s
104100K .......... .......... .......... .......... .......... 42%  116M 11s
104150K .......... .......... .......... .......... .......... 43%  117M 11s
104200K .......... .......... .......... .......... .......... 43%  113M 11s
104250K .......... .......... .......... .......... .......... 43%  118M 11s
104300K .......... .......... .......... .......... .......... 43%  117M 11s
104350K .......... .......... .......... .......... .......... 43%  117M 11s
104400K .......... .......... .......... .......... .......... 43% 89.4M 11s
104450K .......... .......... .......... .......... .......... 43%  117M 11s
104500K .......... .......... .......... .......... .......... 43%  117M 11s
104550K .......... .......... .......... .......... .......... 43%  115M 11s
104600K .......... .......... .......... .......... .......... 43%  116M 11s
104650K .......... .......... .......... .......... .......... 43%  118M 11s
104700K .......... .......... .......... .......... .......... 43%  113M 11s
104750K .......... .......... .......... .......... .......... 43%  117M 11s
104800K .......... .......... .......... .......... .......... 43% 87.1M 11s
104850K .......... .......... .......... .......... .......... 43%  117M 11s
104900K .......... .......... .......... .......... .......... 43%  116M 11s
104950K .......... .......... .......... .......... .......... 43%  117M 11s
105000K .......... .......... .......... .......... .......... 43%  114M 11s
105050K .......... .......... .......... .......... .......... 43%  116M 11s
105100K .......... .......... .......... .......... .......... 43%  116M 11s
105150K .......... .......... .......... .......... .......... 43%  116M 11s
105200K .......... .......... .......... .......... .......... 43% 90.9M 11s
105250K .......... .......... .......... .......... .......... 43%  117M 11s
105300K .......... .......... .......... .......... .......... 43%  117M 11s
105350K .......... .......... .......... .......... .......... 43%  117M 11s
105400K .......... .......... .......... .......... .......... 43%  115M 11s
105450K .......... .......... .......... .......... .......... 43%  117M 11s
105500K .......... .......... .......... .......... .......... 43%  117M 11s
105550K .......... .......... .......... .......... .......... 43%  114M 11s
105600K .......... .......... .......... .......... .......... 43% 89.8M 11s
105650K .......... .......... .......... .......... .......... 43%  117M 11s
105700K .......... .......... .......... .......... .......... 43%  117M 11s
105750K .......... .......... .......... .......... .......... 43%  117M 11s
105800K .......... .......... .......... .......... .......... 43%  115M 11s
105850K .......... .......... .......... .......... .......... 43%  117M 11s
105900K .......... .......... .......... .......... .......... 43%  112M 11s
105950K .......... .......... .......... .......... .......... 43%  120M 11s
106000K .......... .......... .......... .......... .......... 43% 87.7M 11s
106050K .......... .......... .......... .......... .......... 43%  117M 11s
106100K .......... .......... .......... .......... .......... 43%  117M 11s
112100K .......... .......... .......... .......... .......... 46%  496K 10s
112150K .......... .......... .......... .......... .......... 46%  161M 10s
112200K .......... .......... .......... .......... .......... 46%  116M 10s
112250K .......... .......... .......... .......... .......... 46%  117M 10s
112300K .......... .......... .......... .......... .......... 46% 13.5M 10s
112350K .......... .......... .......... .......... .......... 46%  117M 10s
112400K .......... .......... .......... .......... .......... 46% 12.1M 10s
112450K .......... .......... .......... .......... .......... 46% 80.2M 10s
112500K .......... .......... .......... .......... .......... 46%  117M 10s
112550K .......... .......... .......... .......... .......... 46%  108M 10s
112600K .......... .......... .......... .......... .......... 46%  115M 10s
112650K .......... .......... .......... .......... .......... 46%  115M 10s
112700K .......... .......... .......... .......... .......... 46% 7.33M 10s
112750K .......... .......... .......... .......... .......... 46%  117M 10s
112800K .......... .......... .......... .......... .......... 46% 88.5M 10s
112850K .......... .......... .......... .......... .......... 46%  115M 10s
112900K .......... .......... .......... .......... .......... 46%  120M 10s
112950K .......... .......... .......... .......... .......... 46%  116M 10s
113000K .......... .......... .......... .......... .......... 46%  112M 10s
113050K .......... .......... .......... .......... .......... 46%  119M 10s
113100K .......... .......... .......... .......... .......... 46%  117M 10s
113150K .......... .......... .......... .......... .......... 46%  116M 10s
106150K .......... .......... .......... .......... .......... 43% 1.11M 11s
113200K .......... .......... .......... .......... .......... 46% 13.5M 10s
113250K .......... .......... .......... .......... .......... 46%  110M 10s
113300K .......... .......... .......... .......... .......... 46% 11.1M 10s
113350K .......... .......... .......... .......... .......... 46% 12.5M 10s
113400K .......... .......... .......... .......... .......... 46% 4.42M 10s
113450K .......... .......... .......... .......... .......... 46% 87.9M 10s
113500K .......... .......... .......... .......... .......... 46% 77.6M 10s
113550K .......... .......... .......... .......... .......... 46%  110M 10s
113600K .......... .......... .......... .......... .......... 46% 85.8M 10s
113650K .......... .......... .......... .......... .......... 46% 12.3M 10s
113700K .......... .......... .......... .......... .......... 46%  112M 10s
113750K .......... .......... .......... .......... .......... 46%  114M 10s
113800K .......... .......... .......... .......... .......... 46% 12.8M 10s
113850K .......... .......... .......... .......... .......... 47% 73.6M 10s
113900K .......... .......... .......... .......... .......... 47%  111M 10s
113950K .......... .......... .......... .......... .......... 47% 96.6M 10s
114000K .......... .......... .......... .......... .......... 47% 88.2M 10s
114050K .......... .......... .......... .......... .......... 47% 12.0M 10s
114100K .......... .......... .......... .......... .......... 47%  117M 10s
114150K .......... .......... .......... .......... .......... 47% 12.1M 10s
114200K .......... .......... .......... .......... .......... 47%  115M 10s
114250K .......... .......... .......... .......... .......... 47%  115M 10s
114300K .......... .......... .......... .......... .......... 47%  119M 10s
114350K .......... .......... .......... .......... .......... 47%  115M 10s
114400K .......... .......... .......... .......... .......... 47% 89.7M 10s
114450K .......... .......... .......... .......... .......... 47%  114M 10s
114500K .......... .......... .......... .......... .......... 47%  120M 10s
114550K .......... .......... .......... .......... .......... 47%  116M 10s
114600K .......... .......... .......... .......... .......... 47%  113M 10s
114650K .......... .......... .......... .......... .......... 47%  117M 10s
114700K .......... .......... .......... .......... .......... 47%  116M 10s
114750K .......... .......... .......... .......... .......... 47%  117M 10s
114800K .......... .......... .......... .......... .......... 47% 87.0M 10s
114850K .......... .......... .......... .......... .......... 47%  117M 10s
114900K .......... .......... .......... .......... .......... 47%  117M 10s
114950K .......... .......... .......... .......... .......... 47%  117M 10s
115000K .......... .......... .......... .......... .......... 47%  115M 10s
115050K .......... .......... .......... .......... .......... 47%  117M 10s
115100K .......... .......... .......... .......... .......... 47% 7.55M 10s
106200K .......... .......... .......... .......... .......... 43%  428K 11s
106250K .......... .......... .......... .......... .......... 43%  169M 11s
106300K .......... .......... .......... .......... .......... 43%  118M 11s
106350K .......... .......... .......... .......... .......... 43%  110M 11s
106400K .......... .......... .......... .......... .......... 43% 89.7M 11s
106450K .......... .......... .......... .......... .......... 43%  117M 11s
106500K .......... .......... .......... .......... .......... 43%  117M 11s
106550K .......... .......... .......... .......... .......... 43%  117M 11s
106600K .......... .......... .......... .......... .......... 44%  115M 11s
106650K .......... .......... .......... .......... .......... 44%  117M 11s
106700K .......... .......... .......... .......... .......... 44%  115M 11s
106750K .......... .......... .......... .......... .......... 44%  117M 11s
106800K .......... .......... .......... .......... .......... 44% 87.5M 11s
106850K .......... .......... .......... .......... .......... 44%  117M 11s
106900K .......... .......... .......... .......... .......... 44%  117M 11s
106950K .......... .......... .......... .......... .......... 44%  117M 11s
107000K .......... .......... .......... .......... .......... 44%  114M 11s
107050K .......... .......... .......... .......... .......... 44%  116M 11s
107100K .......... .......... .......... .......... .......... 44%  117M 11s
107150K .......... .......... .......... .......... .......... 44%  117M 11s
107200K .......... .......... .......... .......... .......... 44% 89.7M 11s
107250K .......... .......... .......... .......... .......... 44%  110M 11s
107300K .......... .......... .......... .......... .......... 44%  115M 11s
107350K .......... .......... .......... .......... .......... 44%  117M 11s
107400K .......... .......... .......... .......... .......... 44%  114M 11s
107450K .......... .......... .......... .......... .......... 44%  117M 11s
107500K .......... .......... .......... .......... .......... 44%  118M 11s
107550K .......... .......... .......... .......... .......... 44%  117M 11s
107600K .......... .......... .......... .......... .......... 44% 88.8M 11s
107650K .......... .......... .......... .......... .......... 44%  117M 11s
107700K .......... .......... .......... .......... .......... 44%  117M 11s
107750K .......... .......... .......... .......... .......... 44%  117M 11s
107800K .......... .......... .......... .......... .......... 44%  113M 11s
107850K .......... .......... .......... .......... .......... 44%  117M 11s
107900K .......... .......... .......... .......... .......... 44%  116M 11s
107950K .......... .......... .......... .......... .......... 44%  118M 11s
108000K .......... .......... .......... .......... .......... 44% 87.6M 11s
108050K .......... .......... .......... .......... .......... 44%  117M 11s
108100K .......... .......... .......... .......... .......... 44%  117M 11s
108150K .......... .......... .......... .......... .......... 44%  117M 11s
108200K .......... .......... .......... .......... .......... 44%  116M 11s
108250K .......... .......... .......... .......... .......... 44%  110M 11s
108300K .......... .......... .......... .......... .......... 44%  102M 11s
108350K .......... .......... .......... .......... .......... 44%  117M 11s
108400K .......... .......... .......... .......... .......... 44% 88.8M 11s
108450K .......... .......... .......... .......... .......... 44%  117M 11s
108500K .......... .......... .......... .......... .......... 44%  117M 11s
108550K .......... .......... .......... .......... .......... 44%  117M 11s
108600K .......... .......... .......... .......... .......... 44%  114M 11s
108650K .......... .......... .......... .......... .......... 44%  117M 11s
108700K .......... .......... .......... .......... .......... 44%  117M 11s
115150K .......... .......... .......... .......... .......... 47%  497K 10s
115200K .......... .......... .......... .......... .......... 47% 69.0M 10s
115250K .......... .......... .......... .......... .......... 47%  115M 10s
115300K .......... .......... .......... .......... .......... 47%  117M 10s
115350K .......... .......... .......... .......... .......... 47% 13.9M 10s
115400K .......... .......... .......... .......... .......... 47%  115M 10s
115450K .......... .......... .......... .......... .......... 47% 12.9M 10s
115500K .......... .......... .......... .......... .......... 47% 67.0M 10s
115550K .......... .......... .......... .......... .......... 47%  109M 10s
115600K .......... .......... .......... .......... .......... 47% 86.9M 10s
115650K .......... .......... .......... .......... .......... 47%  113M 10s
115700K .......... .......... .......... .......... .......... 47%  101M 10s
115750K .......... .......... .......... .......... .......... 47% 7.31M 10s
115800K .......... .......... .......... .......... .......... 47% 11.7M 10s
115850K .......... .......... .......... .......... .......... 47%  139M 10s
115900K .......... .......... .......... .......... .......... 47%  114M 10s
115950K .......... .......... .......... .......... .......... 47%  118M 10s
116000K .......... .......... .......... .......... .......... 47% 55.5M 10s
108750K .......... .......... .......... .......... .......... 44% 1.07M 11s
116050K .......... .......... .......... .......... .......... 47% 74.9M 10s
116100K .......... .......... .......... .......... .......... 47%  118M 10s
116150K .......... .......... .......... .......... .......... 47%  115M 10s
116200K .......... .......... .......... .......... .......... 47%  118M 10s
116250K .......... .......... .......... .......... .......... 48%  114M 10s
116300K .......... .......... .......... .......... .......... 48%  119M 10s
116350K .......... .......... .......... .......... .......... 48% 15.6M 10s
116400K .......... .......... .......... .......... .......... 48% 12.0M 10s
116450K .......... .......... .......... .......... .......... 48% 4.45M 10s
116500K .......... .......... .......... .......... .......... 48% 72.9M 9s
116550K .......... .......... .......... .......... .......... 48% 79.5M 9s
116600K .......... .......... .......... .......... .......... 48% 64.2M 9s
116650K .......... .......... .......... .......... .......... 48%  117M 9s
116700K .......... .......... .......... .......... .......... 48%  116M 9s
116750K .......... .......... .......... .......... .......... 48% 13.3M 9s
116800K .......... .......... .......... .......... .......... 48% 87.3M 9s
116850K .......... .......... .......... .......... .......... 48%  117M 9s
116900K .......... .......... .......... .......... .......... 48% 12.0M 9s
116950K .......... .......... .......... .......... .......... 48%  105M 9s
117000K .......... .......... .......... .......... .......... 48%  107M 9s
117050K .......... .......... .......... .......... .......... 48%  118M 9s
117100K .......... .......... .......... .......... .......... 48% 11.7M 9s
117150K .......... .......... .......... .......... .......... 48%  122M 9s
117200K .......... .......... .......... .......... .......... 48% 6.12M 9s
117250K .......... .......... .......... .......... .......... 48%  182M 9s
117300K .......... .......... .......... .......... .......... 48%  114M 9s
117350K .......... .......... .......... .......... .......... 48%  116M 9s
117400K .......... .......... .......... .......... .......... 48%  120M 9s
117450K .......... .......... .......... .......... .......... 48%  112M 9s
117500K .......... .......... .......... .......... .......... 48%  118M 9s
117550K .......... .......... .......... .......... .......... 48%  110M 9s
117600K .......... .......... .......... .......... .......... 48% 91.5M 9s
117650K .......... .......... .......... .......... .......... 48%  120M 9s
117700K .......... .......... .......... .......... .......... 48%  115M 9s
117750K .......... .......... .......... .......... .......... 48%  115M 9s
117800K .......... .......... .......... .......... .......... 48%  115M 9s
117850K .......... .......... .......... .......... .......... 48%  116M 9s
117900K .......... .......... .......... .......... .......... 48%  116M 9s
117950K .......... .......... .......... .......... .......... 48%  117M 9s
118000K .......... .......... .......... .......... .......... 48% 89.5M 9s
118050K .......... .......... .......... .......... .......... 48%  117M 9s
118100K .......... .......... .......... .......... .......... 48%  117M 9s
118150K .......... .......... .......... .......... .......... 48% 17.8M 9s
108800K .......... .......... .......... .......... .......... 44%  435K 11s
108850K .......... .......... .......... .......... .......... 44%  148M 11s
108900K .......... .......... .......... .......... .......... 44%  117M 11s
108950K .......... .......... .......... .......... .......... 44%  117M 11s
109000K .......... .......... .......... .......... .......... 45%  114M 11s
109050K .......... .......... .......... .......... .......... 45%  117M 11s
109100K .......... .......... .......... .......... .......... 45%  117M 11s
109150K .......... .......... .......... .......... .......... 45%  117M 11s
109200K .......... .......... .......... .......... .......... 45% 87.8M 11s
109250K .......... .......... .......... .......... .......... 45%  117M 11s
109300K .......... .......... .......... .......... .......... 45%  115M 11s
109350K .......... .......... .......... .......... .......... 45%  118M 11s
109400K .......... .......... .......... .......... .......... 45%  115M 11s
109450K .......... .......... .......... .......... .......... 45%  118M 11s
109500K .......... .......... .......... .......... .......... 45%  117M 11s
109550K .......... .......... .......... .......... .......... 45%  117M 11s
109600K .......... .......... .......... .......... .......... 45% 88.8M 11s
109650K .......... .......... .......... .......... .......... 45%  117M 11s
109700K .......... .......... .......... .......... .......... 45%  117M 11s
109750K .......... .......... .......... .......... .......... 45%  117M 11s
109800K .......... .......... .......... .......... .......... 45%  114M 11s
109850K .......... .......... .......... .......... .......... 45%  117M 11s
109900K .......... .......... .......... .......... .......... 45%  117M 11s
109950K .......... .......... .......... .......... .......... 45%  118M 11s
110000K .......... .......... .......... .......... .......... 45% 87.1M 11s
110050K .......... .......... .......... .......... .......... 45%  117M 11s
110100K .......... .......... .......... .......... .......... 45%  117M 11s
110150K .......... .......... .......... .......... .......... 45%  117M 11s
110200K .......... .......... .......... .......... .......... 45%  110M 11s
110250K .......... .......... .......... .......... .......... 45%  122M 11s
110300K .......... .......... .......... .......... .......... 45%  117M 11s
110350K .......... .......... .......... .......... .......... 45%  114M 11s
110400K .......... .......... .......... .......... .......... 45% 90.4M 11s
110450K .......... .......... .......... .......... .......... 45%  117M 11s
110500K .......... .......... .......... .......... .......... 45%  117M 11s
110550K .......... .......... .......... .......... .......... 45%  116M 10s
110600K .......... .......... .......... .......... .......... 45%  114M 10s
110650K .......... .......... .......... .......... .......... 45%  117M 10s
110700K .......... .......... .......... .......... .......... 45%  116M 10s
110750K .......... .......... .......... .......... .......... 45%  115M 10s
110800K .......... .......... .......... .......... .......... 45% 90.3M 10s
110850K .......... .......... .......... .......... .......... 45%  117M 10s
110900K .......... .......... .......... .......... .......... 45%  117M 10s
110950K .......... .......... .......... .......... .......... 45%  117M 10s
111000K .......... .......... .......... .......... .......... 45%  113M 10s
111050K .......... .......... .......... .......... .......... 45%  118M 10s
111100K .......... .......... .......... .......... .......... 45%  117M 10s
111150K .......... .......... .......... .......... .......... 45%  116M 10s
111200K .......... .......... .......... .......... .......... 45% 87.7M 10s
111250K .......... .......... .......... .......... .......... 45%  117M 10s
111300K .......... .......... .......... .......... .......... 45%  114M 10s
118200K .......... .......... .......... .......... .......... 48%  496K 9s
118250K .......... .......... .......... .......... .......... 48%  100M 9s
118300K .......... .......... .......... .......... .......... 48%  116M 9s
118350K .......... .......... .......... .......... .......... 48%  118M 9s
118400K .......... .......... .......... .......... .......... 48% 13.8M 9s
118450K .......... .......... .......... .......... .......... 48%  101M 9s
118500K .......... .......... .......... .......... .......... 48% 12.2M 9s
118550K .......... .......... .......... .......... .......... 48%  108M 9s
118600K .......... .......... .......... .......... .......... 48%  115M 9s
118650K .......... .......... .......... .......... .......... 48%  108M 9s
118700K .......... .......... .......... .......... .......... 49%  105M 9s
118750K .......... .......... .......... .......... .......... 49%  104M 9s
118800K .......... .......... .......... .......... .......... 49% 7.18M 9s
118850K .......... .......... .......... .......... .......... 49% 11.8M 9s
118900K .......... .......... .......... .......... .......... 49%  118M 9s
111350K .......... .......... .......... .......... .......... 45% 1.09M 10s
118950K .......... .......... .......... .......... .......... 49% 10.3M 9s
119000K .......... .......... .......... .......... .......... 49%  118M 9s
119050K .......... .......... .......... .......... .......... 49%  115M 9s
119100K .......... .......... .......... .......... .......... 49%  118M 9s
119150K .......... .......... .......... .......... .......... 49%  116M 9s
119200K .......... .......... .......... .......... .......... 49% 87.8M 9s
119250K .......... .......... .......... .......... .......... 49%  120M 9s
119300K .......... .......... .......... .......... .......... 49%  114M 9s
119350K .......... .......... .......... .......... .......... 49%  120M 9s
119400K .......... .......... .......... .......... .......... 49%  112M 9s
119450K .......... .......... .......... .......... .......... 49% 39.7M 9s
119500K .......... .......... .......... .......... .......... 49% 22.1M 9s
119550K .......... .......... .......... .......... .......... 49% 4.39M 9s
119600K .......... .......... .......... .......... .......... 49% 65.0M 9s
119650K .......... .......... .......... .......... .......... 49% 66.3M 9s
119700K .......... .......... .......... .......... .......... 49%  117M 9s
119750K .......... .......... .......... .......... .......... 49%  117M 9s
119800K .......... .......... .......... .......... .......... 49% 13.4M 9s
119850K .......... .......... .......... .......... .......... 49%  113M 9s
119900K .......... .......... .......... .......... .......... 49%  110M 9s
119950K .......... .......... .......... .......... .......... 49% 12.6M 9s
120000K .......... .......... .......... .......... .......... 49% 58.0M 9s
120050K .......... .......... .......... .......... .......... 49%  117M 9s
120100K .......... .......... .......... .......... .......... 49%  117M 9s
120150K .......... .......... .......... .......... .......... 49% 11.7M 9s
120200K .......... .......... .......... .......... .......... 49%  115M 9s
111400K .......... .......... .......... .......... .......... 45% 1.16M 10s
120250K .......... .......... .......... .......... .......... 49% 6.35M 9s
120300K .......... .......... .......... .......... .......... 49% 11.9M 9s
120350K .......... .......... .......... .......... .......... 49%  115M 9s
120400K .......... .......... .......... .......... .......... 49% 88.1M 9s
120450K .......... .......... .......... .......... .......... 49%  120M 9s
120500K .......... .......... .......... .......... .......... 49%  117M 9s
120550K .......... .......... .......... .......... .......... 49%  114M 9s
120600K .......... .......... .......... .......... .......... 49%  115M 9s
120650K .......... .......... .......... .......... .......... 49%  118M 9s
120700K .......... .......... .......... .......... .......... 49%  117M 9s
120750K .......... .......... .......... .......... .......... 49%  114M 9s
120800K .......... .......... .......... .......... .......... 49% 89.7M 9s
120850K .......... .......... .......... .......... .......... 49%  115M 9s
120900K .......... .......... .......... .......... .......... 49%  117M 9s
120950K .......... .......... .......... .......... .......... 49%  117M 9s
121000K .......... .......... .......... .......... .......... 49%  115M 9s
121050K .......... .......... .......... .......... .......... 49%  117M 9s
121100K .......... .......... .......... .......... .......... 50%  117M 9s
121150K .......... .......... .......... .......... .......... 50%  115M 9s
121200K .......... .......... .......... .......... .......... 50% 3.78M 9s
111450K .......... .......... .......... .......... .......... 46%  680K 11s
111500K .......... .......... .......... .......... .......... 46%  101M 11s
111550K .......... .......... .......... .......... .......... 46%  115M 11s
111600K .......... .......... .......... .......... .......... 46% 86.5M 11s
111650K .......... .......... .......... .......... .......... 46%  115M 11s
111700K .......... .......... .......... .......... .......... 46%  117M 10s
111750K .......... .......... .......... .......... .......... 46%  117M 10s
111800K .......... .......... .......... .......... .......... 46%  115M 10s
111850K .......... .......... .......... .......... .......... 46%  117M 10s
111900K .......... .......... .......... .......... .......... 46%  117M 10s
111950K .......... .......... .......... .......... .......... 46%  117M 10s
112000K .......... .......... .......... .......... .......... 46% 88.8M 10s
112050K .......... .......... .......... .......... .......... 46%  117M 10s
112100K .......... .......... .......... .......... .......... 46%  107M 10s
112150K .......... .......... .......... .......... .......... 46%  117M 10s
112200K .......... .......... .......... .......... .......... 46%  115M 10s
112250K .......... .......... .......... .......... .......... 46%  117M 10s
112300K .......... .......... .......... .......... .......... 46%  117M 10s
112350K .......... .......... .......... .......... .......... 46%  117M 10s
112400K .......... .......... .......... .......... .......... 46% 87.3M 10s
112450K .......... .......... .......... .......... .......... 46%  117M 10s
112500K .......... .......... .......... .......... .......... 46%  117M 10s
112550K .......... .......... .......... .......... .......... 46%  117M 10s
112600K .......... .......... .......... .......... .......... 46%  114M 10s
112650K .......... .......... .......... .......... .......... 46%  118M 10s
112700K .......... .......... .......... .......... .......... 46%  116M 10s
112750K .......... .......... .......... .......... .......... 46%  118M 10s
112800K .......... .......... .......... .......... .......... 46% 89.3M 10s
112850K .......... .......... .......... .......... .......... 46%  117M 10s
112900K .......... .......... .......... .......... .......... 46%  117M 10s
112950K .......... .......... .......... .......... .......... 46%  117M 10s
113000K .......... .......... .......... .......... .......... 46%  115M 10s
113050K .......... .......... .......... .......... .......... 46%  117M 10s
113100K .......... .......... .......... .......... .......... 46%  117M 10s
113150K .......... .......... .......... .......... .......... 46%  116M 10s
113200K .......... .......... .......... .......... .......... 46% 87.5M 10s
113250K .......... .......... .......... .......... .......... 46%  117M 10s
113300K .......... .......... .......... .......... .......... 46%  117M 10s
113350K .......... .......... .......... .......... .......... 46%  117M 10s
113400K .......... .......... .......... .......... .......... 46%  115M 10s
113450K .......... .......... .......... .......... .......... 46%  116M 10s
113500K .......... .......... .......... .......... .......... 46%  116M 10s
113550K .......... .......... .......... .......... .......... 46%  117M 10s
113600K .......... .......... .......... .......... .......... 46% 89.3M 10s
113650K .......... .......... .......... .......... .......... 46%  117M 10s
113700K .......... .......... .......... .......... .......... 46%  116M 10s
113750K .......... .......... .......... .......... .......... 46%  117M 10s
113800K .......... .......... .......... .......... .......... 46%  115M 10s
113850K .......... .......... .......... .......... .......... 47%  117M 10s
113900K .......... .......... .......... .......... .......... 47%  117M 10s
121250K .......... .......... .......... .......... .......... 50%  575K 9s
121300K .......... .......... .......... .......... .......... 50% 84.4M 9s
121350K .......... .......... .......... .......... .......... 50%  113M 9s
121400K .......... .......... .......... .......... .......... 50% 17.4M 9s
121450K .......... .......... .......... .......... .......... 50% 47.9M 9s
121500K .......... .......... .......... .......... .......... 50% 90.8M 9s
121550K .......... .......... .......... .......... .......... 50% 12.4M 9s
121600K .......... .......... .......... .......... .......... 50% 78.7M 9s
121650K .......... .......... .......... .......... .......... 50%  116M 9s
121700K .......... .......... .......... .......... .......... 50%  115M 9s
121750K .......... .......... .......... .......... .......... 50%  112M 9s
121800K .......... .......... .......... .......... .......... 50% 7.34M 9s
121850K .......... .......... .......... .......... .......... 50%  101M 9s
121900K .......... .......... .......... .......... .......... 50% 11.8M 9s
113950K .......... .......... .......... .......... .......... 47% 1.20M 10s
121950K .......... .......... .......... .......... .......... 50% 5.79M 9s
122000K .......... .......... .......... .......... .......... 50% 88.6M 9s
122050K .......... .......... .......... .......... .......... 50%  113M 9s
122100K .......... .......... .......... .......... .......... 50%  118M 9s
122150K .......... .......... .......... .......... .......... 50%  115M 9s
122200K .......... .......... .......... .......... .......... 50%  115M 9s
122250K .......... .......... .......... .......... .......... 50%  113M 9s
122300K .......... .......... .......... .......... .......... 50%  121M 9s
122350K .......... .......... .......... .......... .......... 50%  116M 9s
122400K .......... .......... .......... .......... .......... 50% 89.1M 9s
122450K .......... .......... .......... .......... .......... 50%  118M 9s
122500K .......... .......... .......... .......... .......... 50%  113M 9s
122550K .......... .......... .......... .......... .......... 50%  117M 9s
122600K .......... .......... .......... .......... .......... 50% 4.90M 9s
122650K .......... .......... .......... .......... .......... 50% 82.0M 9s
122700K .......... .......... .......... .......... .......... 50% 64.5M 9s
122750K .......... .......... .......... .......... .......... 50%  117M 9s
122800K .......... .......... .......... .......... .......... 50% 89.7M 9s
122850K .......... .......... .......... .......... .......... 50% 13.5M 9s
122900K .......... .......... .......... .......... .......... 50% 92.0M 9s
122950K .......... .......... .......... .......... .......... 50% 13.3M 9s
123000K .......... .......... .......... .......... .......... 50% 83.0M 9s
123050K .......... .......... .......... .......... .......... 50% 74.9M 9s
123100K .......... .......... .......... .......... .......... 50% 98.7M 9s
123150K .......... .......... .......... .......... .......... 50%  114M 9s
123200K .......... .......... .......... .......... .......... 50% 11.1M 9s
123250K .......... .......... .......... .......... .......... 50%  156M 9s
114000K .......... .......... .......... .......... .......... 47% 1.05M 10s
123300K .......... .......... .......... .......... .......... 50% 6.44M 9s
123350K .......... .......... .......... .......... .......... 50% 11.6M 9s
123400K .......... .......... .......... .......... .......... 50%  110M 9s
123450K .......... .......... .......... .......... .......... 50%  120M 9s
123500K .......... .......... .......... .......... .......... 50% 11.9M 9s
123550K .......... .......... .......... .......... .......... 51%  119M 9s
123600K .......... .......... .......... .......... .......... 51% 89.5M 9s
123650K .......... .......... .......... .......... .......... 51%  112M 9s
123700K .......... .......... .......... .......... .......... 51%  116M 9s
123750K .......... .......... .......... .......... .......... 51%  120M 9s
123800K .......... .......... .......... .......... .......... 51%  114M 9s
123850K .......... .......... .......... .......... .......... 51%  115M 9s
123900K .......... .......... .......... .......... .......... 51%  118M 9s
123950K .......... .......... .......... .......... .......... 51%  115M 9s
124000K .......... .......... .......... .......... .......... 51% 88.7M 9s
124050K .......... .......... .......... .......... .......... 51%  116M 9s
124100K .......... .......... .......... .......... .......... 51%  117M 9s
124150K .......... .......... .......... .......... .......... 51%  117M 9s
124200K .......... .......... .......... .......... .......... 51%  114M 9s
124250K .......... .......... .......... .......... .......... 51%  117M 9s
114050K .......... .......... .......... .......... .......... 47%  681K 10s
114100K .......... .......... .......... .......... .......... 47%  162M 10s
114150K .......... .......... .......... .......... .......... 47%  113M 10s
114200K .......... .......... .......... .......... .......... 47%  115M 10s
114250K .......... .......... .......... .......... .......... 47%  110M 10s
114300K .......... .......... .......... .......... .......... 47%  116M 10s
114350K .......... .......... .......... .......... .......... 47%  116M 10s
114400K .......... .......... .......... .......... .......... 47% 87.4M 10s
114450K .......... .......... .......... .......... .......... 47%  117M 10s
114500K .......... .......... .......... .......... .......... 47%  117M 10s
114550K .......... .......... .......... .......... .......... 47%  117M 10s
114600K .......... .......... .......... .......... .......... 47%  105M 10s
114650K .......... .......... .......... .......... .......... 47%  116M 10s
114700K .......... .......... .......... .......... .......... 47%  118M 10s
114750K .......... .......... .......... .......... .......... 47%  117M 10s
114800K .......... .......... .......... .......... .......... 47% 88.8M 10s
114850K .......... .......... .......... .......... .......... 47%  116M 10s
114900K .......... .......... .......... .......... .......... 47%  117M 10s
114950K .......... .......... .......... .......... .......... 47%  117M 10s
115000K .......... .......... .......... .......... .......... 47%  115M 10s
115050K .......... .......... .......... .......... .......... 47%  115M 10s
115100K .......... .......... .......... .......... .......... 47%  118M 10s
115150K .......... .......... .......... .......... .......... 47%  117M 10s
115200K .......... .......... .......... .......... .......... 47% 89.4M 10s
115250K .......... .......... .......... .......... .......... 47% 75.4M 10s
115300K .......... .......... .......... .......... .......... 47%  117M 10s
115350K .......... .......... .......... .......... .......... 47%  117M 10s
115400K .......... .......... .......... .......... .......... 47%  115M 10s
115450K .......... .......... .......... .......... .......... 47%  117M 10s
115500K .......... .......... .......... .......... .......... 47%  117M 10s
115550K .......... .......... .......... .......... .......... 47%  115M 10s
115600K .......... .......... .......... .......... .......... 47% 88.1M 10s
115650K .......... .......... .......... .......... .......... 47%  117M 10s
115700K .......... .......... .......... .......... .......... 47%  117M 10s
115750K .......... .......... .......... .......... .......... 47%  117M 10s
115800K .......... .......... .......... .......... .......... 47%  115M 10s
115850K .......... .......... .......... .......... .......... 47%  117M 10s
115900K .......... .......... .......... .......... .......... 47%  117M 10s
115950K .......... .......... .......... .......... .......... 47%  117M 10s
116000K .......... .......... .......... .......... .......... 47% 89.4M 10s
116050K .......... .......... .......... .......... .......... 47%  116M 10s
116100K .......... .......... .......... .......... .......... 47%  117M 10s
116150K .......... .......... .......... .......... .......... 47%  117M 10s
116200K .......... .......... .......... .......... .......... 47%  115M 10s
116250K .......... .......... .......... .......... .......... 48%  117M 10s
116300K .......... .......... .......... .......... .......... 48%  117M 10s
116350K .......... .......... .......... .......... .......... 48%  117M 10s
116400K .......... .......... .......... .......... .......... 48% 87.0M 10s
116450K .......... .......... .......... .......... .......... 48%  117M 10s
116500K .......... .......... .......... .......... .......... 48%  117M 10s
116550K .......... .......... .......... .......... .......... 48%  117M 10s
124300K .......... .......... .......... .......... .......... 51%  523K 9s
124350K .......... .......... .......... .......... .......... 51%  117M 9s
124400K .......... .......... .......... .......... .......... 51% 64.8M 9s
124450K .......... .......... .......... .......... .......... 51% 18.5M 9s
124500K .......... .......... .......... .......... .......... 51% 41.5M 9s
124550K .......... .......... .......... .......... .......... 51% 88.3M 9s
124600K .......... .......... .......... .......... .......... 51% 14.0M 9s
124650K .......... .......... .......... .......... .......... 51% 52.5M 9s
124700K .......... .......... .......... .......... .......... 51%  105M 9s
124750K .......... .......... .......... .......... .......... 51%  116M 9s
124800K .......... .......... .......... .......... .......... 51% 84.4M 9s
124850K .......... .......... .......... .......... .......... 51% 7.66M 9s
124900K .......... .......... .......... .......... .......... 51% 69.6M 9s
116600K .......... .......... .......... .......... .......... 48% 1.21M 10s
124950K .......... .......... .......... .......... .......... 51% 11.5M 9s
125000K .......... .......... .......... .......... .......... 51% 5.82M 9s
125050K .......... .......... .......... .......... .......... 51%  117M 9s
125100K .......... .......... .......... .......... .......... 51%  116M 9s
125150K .......... .......... .......... .......... .......... 51%  117M 9s
125200K .......... .......... .......... .......... .......... 51% 11.5M 9s
125250K .......... .......... .......... .......... .......... 51%  117M 9s
125300K .......... .......... .......... .......... .......... 51%  115M 9s
125350K .......... .......... .......... .......... .......... 51%  118M 9s
125400K .......... .......... .......... .......... .......... 51%  113M 9s
125450K .......... .......... .......... .......... .......... 51%  115M 9s
125500K .......... .......... .......... .......... .......... 51%  121M 9s
125550K .......... .......... .......... .......... .......... 51%  115M 9s
125600K .......... .......... .......... .......... .......... 51% 86.8M 9s
125650K .......... .......... .......... .......... .......... 51% 7.74M 9s
125700K .......... .......... .......... .......... .......... 51% 88.9M 9s
125750K .......... .......... .......... .......... .......... 51% 72.0M 9s
125800K .......... .......... .......... .......... .......... 51%  104M 9s
125850K .......... .......... .......... .......... .......... 51%  101M 9s
125900K .......... .......... .......... .......... .......... 51% 13.3M 9s
125950K .......... .......... .......... .......... .......... 52%  139M 9s
126000K .......... .......... .......... .......... .......... 52% 12.6M 9s
126050K .......... .......... .......... .......... .......... 52% 61.9M 9s
126100K .......... .......... .......... .......... .......... 52%  116M 9s
126150K .......... .......... .......... .......... .......... 52% 86.7M 9s
126200K .......... .......... .......... .......... .......... 52%  114M 9s
126250K .......... .......... .......... .......... .......... 52% 11.7M 9s
126300K .......... .......... .......... .......... .......... 52%  115M 9s
116650K .......... .......... .......... .......... .......... 48% 1.05M 10s
126350K .......... .......... .......... .......... .......... 52% 14.4M 9s
126400K .......... .......... .......... .......... .......... 52% 5.77M 9s
126450K .......... .......... .......... .......... .......... 52%  113M 9s
126500K .......... .......... .......... .......... .......... 52% 11.6M 9s
126550K .......... .......... .......... .......... .......... 52% 12.3M 9s
126600K .......... .......... .......... .......... .......... 52%  114M 9s
126650K .......... .......... .......... .......... .......... 52%  119M 9s
126700K .......... .......... .......... .......... .......... 52%  113M 9s
126750K .......... .......... .......... .......... .......... 52%  118M 9s
126800K .......... .......... .......... .......... .......... 52% 89.5M 9s
126850K .......... .......... .......... .......... .......... 52%  117M 9s
126900K .......... .......... .......... .......... .......... 52%  115M 9s
126950K .......... .......... .......... .......... .......... 52%  116M 9s
127000K .......... .......... .......... .......... .......... 52%  116M 9s
127050K .......... .......... .......... .......... .......... 52%  116M 9s
127100K .......... .......... .......... .......... .......... 52%  116M 9s
127150K .......... .......... .......... .......... .......... 52%  116M 9s
127200K .......... .......... .......... .......... .......... 52% 88.4M 8s
127250K .......... .......... .......... .......... .......... 52%  117M 8s
127300K .......... .......... .......... .......... .......... 52%  117M 8s
116700K .......... .......... .......... .......... .......... 48% 1.13M 10s
127350K .......... .......... .......... .......... .......... 52% 1.01M 9s
116750K .......... .......... .......... .......... .......... 48% 1.61M 10s
116800K .......... .......... .......... .......... .......... 48% 56.7M 10s
116850K .......... .......... .......... .......... .......... 48%  117M 10s
116900K .......... .......... .......... .......... .......... 48%  117M 10s
116950K .......... .......... .......... .......... .......... 48%  117M 10s
117000K .......... .......... .......... .......... .......... 48%  115M 10s
117050K .......... .......... .......... .......... .......... 48%  115M 10s
117100K .......... .......... .......... .......... .......... 48%  119M 10s
117150K .......... .......... .......... .......... .......... 48%  117M 10s
117200K .......... .......... .......... .......... .......... 48% 89.2M 10s
117250K .......... .......... .......... .......... .......... 48%  117M 10s
117300K .......... .......... .......... .......... .......... 48%  116M 10s
117350K .......... .......... .......... .......... .......... 48%  117M 10s
117400K .......... .......... .......... .......... .......... 48%  114M 10s
117450K .......... .......... .......... .......... .......... 48%  118M 10s
117500K .......... .......... .......... .......... .......... 48%  117M 10s
117550K .......... .......... .......... .......... .......... 48%  117M 10s
117600K .......... .......... .......... .......... .......... 48% 87.1M 10s
117650K .......... .......... .......... .......... .......... 48%  117M 10s
117700K .......... .......... .......... .......... .......... 48%  117M 10s
117750K .......... .......... .......... .......... .......... 48%  117M 10s
117800K .......... .......... .......... .......... .......... 48%  113M 10s
117850K .......... .......... .......... .......... .......... 48%  119M 10s
117900K .......... .......... .......... .......... .......... 48%  117M 10s
117950K .......... .......... .......... .......... .......... 48%  113M 10s
118000K .......... .......... .......... .......... .......... 48% 88.8M 10s
118050K .......... .......... .......... .......... .......... 48%  117M 10s
118100K .......... .......... .......... .......... .......... 48%  117M 10s
118150K .......... .......... .......... .......... .......... 48%  117M 10s
118200K .......... .......... .......... .......... .......... 48%  115M 10s
118250K .......... .......... .......... .......... .......... 48%  116M 10s
118300K .......... .......... .......... .......... .......... 48%  117M 10s
118350K .......... .......... .......... .......... .......... 48%  116M 10s
118400K .......... .......... .......... .......... .......... 48% 89.5M 10s
118450K .......... .......... .......... .......... .......... 48% 67.5M 10s
118500K .......... .......... .......... .......... .......... 48%  115M 10s
118550K .......... .......... .......... .......... .......... 48%  117M 10s
118600K .......... .......... .......... .......... .......... 48%  115M 10s
118650K .......... .......... .......... .......... .......... 48%  117M 10s
118700K .......... .......... .......... .......... .......... 49%  117M 10s
118750K .......... .......... .......... .......... .......... 49%  117M 10s
118800K .......... .......... .......... .......... .......... 49% 89.3M 10s
118850K .......... .......... .......... .......... .......... 49%  117M 10s
118900K .......... .......... .......... .......... .......... 49%  117M 10s
118950K .......... .......... .......... .......... .......... 49%  117M 10s
119000K .......... .......... .......... .......... .......... 49%  115M 10s
119050K .......... .......... .......... .......... .......... 49%  117M 10s
119100K .......... .......... .......... .......... .......... 49%  117M 10s
119150K .......... .......... .......... .......... .......... 49%  116M 10s
119200K .......... .......... .......... .......... .......... 49% 87.5M 10s
127400K .......... .......... .......... .......... .......... 52% 1.11M 9s
127450K .......... .......... .......... .......... .......... 52% 74.0M 9s
127500K .......... .......... .......... .......... .......... 52%  104M 9s
127550K .......... .......... .......... .......... .......... 52% 14.7M 9s
127600K .......... .......... .......... .......... .......... 52% 73.4M 9s
127650K .......... .......... .......... .......... .......... 52% 14.3M 9s
127700K .......... .......... .......... .......... .......... 52% 47.9M 9s
127750K .......... .......... .......... .......... .......... 52%  106M 9s
127800K .......... .......... .......... .......... .......... 52% 99.7M 9s
127850K .......... .......... .......... .......... .......... 52%  117M 8s
127900K .......... .......... .......... .......... .......... 52%  116M 8s
127950K .......... .......... .......... .......... .......... 52% 7.31M 8s
119250K .......... .......... .......... .......... .......... 49% 1.23M 10s
128000K .......... .......... .......... .......... .......... 52% 11.1M 8s
119300K .......... .......... .......... .......... .......... 49% 9.92M 10s
128050K .......... .......... .......... .......... .......... 52% 5.88M 8s
128100K .......... .......... .......... .......... .......... 52%  117M 8s
128150K .......... .......... .......... .......... .......... 52%  107M 8s
128200K .......... .......... .......... .......... .......... 52% 6.28M 8s
128250K .......... .......... .......... .......... .......... 52%  117M 8s
128300K .......... .......... .......... .......... .......... 52%  116M 8s
128350K .......... .......... .......... .......... .......... 52%  113M 8s
128400K .......... .......... .......... .......... .......... 53% 91.5M 8s
128450K .......... .......... .......... .......... .......... 53%  115M 8s
128500K .......... .......... .......... .......... .......... 53%  117M 8s
128550K .......... .......... .......... .......... .......... 53%  116M 8s
128600K .......... .......... .......... .......... .......... 53%  115M 8s
128650K .......... .......... .......... .......... .......... 53%  115M 8s
128700K .......... .......... .......... .......... .......... 53%  120M 8s
128750K .......... .......... .......... .......... .......... 53% 18.4M 8s
128800K .......... .......... .......... .......... .......... 53% 48.4M 8s
128850K .......... .......... .......... .......... .......... 53%  117M 8s
128900K .......... .......... .......... .......... .......... 53%  117M 8s
128950K .......... .......... .......... .......... .......... 53% 13.4M 8s
129000K .......... .......... .......... .......... .......... 53% 79.6M 8s
129050K .......... .......... .......... .......... .......... 53% 13.4M 8s
129100K .......... .......... .......... .......... .......... 53% 99.6M 8s
129150K .......... .......... .......... .......... .......... 53% 67.5M 8s
129200K .......... .......... .......... .......... .......... 53% 71.2M 8s
129250K .......... .......... .......... .......... .......... 53%  117M 8s
129300K .......... .......... .......... .......... .......... 53% 12.6M 8s
129350K .......... .......... .......... .......... .......... 53% 78.1M 8s
129400K .......... .......... .......... .......... .......... 53% 6.56M 8s
129450K .......... .......... .......... .......... .......... 53% 12.4M 8s
129500K .......... .......... .......... .......... .......... 53% 62.0M 8s
129550K .......... .......... .......... .......... .......... 53%  100M 8s
129600K .......... .......... .......... .......... .......... 53% 6.21M 8s
129650K .......... .......... .......... .......... .......... 53% 12.0M 8s
129700K .......... .......... .......... .......... .......... 53%  128M 8s
129750K .......... .......... .......... .......... .......... 53%  117M 8s
129800K .......... .......... .......... .......... .......... 53%  112M 8s
129850K .......... .......... .......... .......... .......... 53%  117M 8s
129900K .......... .......... .......... .......... .......... 53%  115M 8s
129950K .......... .......... .......... .......... .......... 53%  118M 8s
130000K .......... .......... .......... .......... .......... 53% 86.9M 8s
130050K .......... .......... .......... .......... .......... 53%  118M 8s
130100K .......... .......... .......... .......... .......... 53%  115M 8s
130150K .......... .......... .......... .......... .......... 53%  120M 8s
130200K .......... .......... .......... .......... .......... 53%  111M 8s
130250K .......... .......... .......... .......... .......... 53%  117M 8s
130300K .......... .......... .......... .......... .......... 53%  117M 8s
130350K .......... .......... .......... .......... .......... 53%  117M 8s
119350K .......... .......... .......... .......... .......... 49%  587K 10s
130400K .......... .......... .......... .......... .......... 53% 1.09M 8s
119400K .......... .......... .......... .......... .......... 49% 1.61M 10s
119450K .......... .......... .......... .......... .......... 49%  119M 10s
119500K .......... .......... .......... .......... .......... 49% 77.6M 10s
119550K .......... .......... .......... .......... .......... 49%  116M 10s
119600K .......... .......... .......... .......... .......... 49% 89.3M 10s
119650K .......... .......... .......... .......... .......... 49%  117M 10s
119700K .......... .......... .......... .......... .......... 49%  117M 10s
119750K .......... .......... .......... .......... .......... 49%  117M 10s
119800K .......... .......... .......... .......... .......... 49%  111M 10s
119850K .......... .......... .......... .......... .......... 49%  117M 10s
119900K .......... .......... .......... .......... .......... 49%  117M 10s
119950K .......... .......... .......... .......... .......... 49%  117M 10s
120000K .......... .......... .......... .......... .......... 49% 88.1M 10s
120050K .......... .......... .......... .......... .......... 49% 54.7M 10s
120100K .......... .......... .......... .......... .......... 49%  117M 10s
120150K .......... .......... .......... .......... .......... 49%  117M 10s
120200K .......... .......... .......... .......... .......... 49%  115M 10s
120250K .......... .......... .......... .......... .......... 49%  117M 10s
120300K .......... .......... .......... .......... .......... 49%  117M 10s
120350K .......... .......... .......... .......... .......... 49%  115M 10s
120400K .......... .......... .......... .......... .......... 49% 89.9M 10s
120450K .......... .......... .......... .......... .......... 49%  117M 10s
120500K .......... .......... .......... .......... .......... 49%  117M 10s
120550K .......... .......... .......... .......... .......... 49%  117M 10s
120600K .......... .......... .......... .......... .......... 49%  115M 10s
120650K .......... .......... .......... .......... .......... 49%  117M 10s
120700K .......... .......... .......... .......... .......... 49%  117M 10s
120750K .......... .......... .......... .......... .......... 49%  117M 10s
120800K .......... .......... .......... .......... .......... 49% 89.3M 10s
120850K .......... .......... .......... .......... .......... 49%  117M 10s
120900K .......... .......... .......... .......... .......... 49%  117M 10s
120950K .......... .......... .......... .......... .......... 49%  117M 10s
121000K .......... .......... .......... .......... .......... 49%  115M 10s
121050K .......... .......... .......... .......... .......... 49%  117M 10s
121100K .......... .......... .......... .......... .......... 50%  116M 10s
121150K .......... .......... .......... .......... .......... 50%  117M 10s
121200K .......... .......... .......... .......... .......... 50% 87.0M 10s
121250K .......... .......... .......... .......... .......... 50%  117M 10s
121300K .......... .......... .......... .......... .......... 50%  117M 10s
121350K .......... .......... .......... .......... .......... 50%  117M 10s
121400K .......... .......... .......... .......... .......... 50%  115M 9s
121450K .......... .......... .......... .......... .......... 50%  117M 9s
121500K .......... .......... .......... .......... .......... 50%  117M 9s
121550K .......... .......... .......... .......... .......... 50%  116M 9s
121600K .......... .......... .......... .......... .......... 50% 57.6M 9s
121650K .......... .......... .......... .......... .......... 50%  117M 9s
121700K .......... .......... .......... .......... .......... 50%  116M 9s
121750K .......... .......... .......... .......... .......... 50%  117M 9s
121800K .......... .......... .......... .......... .......... 50%  115M 9s
121850K .......... .......... .......... .......... .......... 50%  114M 9s
121900K .......... .......... .......... .......... .......... 50%  119M 9s
130450K .......... .......... .......... .......... .......... 53% 1.11M 8s
130500K .......... .......... .......... .......... .......... 53% 77.7M 8s
130550K .......... .......... .......... .......... .......... 53% 20.6M 8s
130600K .......... .......... .......... .......... .......... 53% 35.5M 8s
130650K .......... .......... .......... .......... .......... 53% 88.0M 8s
130700K .......... .......... .......... .......... .......... 53% 15.3M 8s
130750K .......... .......... .......... .......... .......... 53% 40.2M 8s
130800K .......... .......... .......... .......... .......... 54% 76.4M 8s
130850K .......... .......... .......... .......... .......... 54%  101M 8s
130900K .......... .......... .......... .......... .......... 54%  117M 8s
130950K .......... .......... .......... .......... .......... 54%  114M 8s
131000K .......... .......... .......... .......... .......... 54% 7.35M 8s
131050K .......... .......... .......... .......... .......... 54% 13.3M 8s
121950K .......... .......... .......... .......... .......... 50% 1.13M 9s
131100K .......... .......... .......... .......... .......... 54% 5.67M 8s
131150K .......... .......... .......... .......... .......... 54% 68.8M 8s
131200K .......... .......... .......... .......... .......... 54% 72.7M 8s
131250K .......... .......... .......... .......... .......... 54% 6.33M 8s
131300K .......... .......... .......... .......... .......... 54%  117M 8s
131350K .......... .......... .......... .......... .......... 54% 12.0M 8s
131400K .......... .......... .......... .......... .......... 54%  116M 8s
131450K .......... .......... .......... .......... .......... 54%  117M 8s
131500K .......... .......... .......... .......... .......... 54%  117M 8s
131550K .......... .......... .......... .......... .......... 54%  116M 8s
131600K .......... .......... .......... .......... .......... 54% 89.9M 8s
131650K .......... .......... .......... .......... .......... 54%  116M 8s
131700K .......... .......... .......... .......... .......... 54%  116M 8s
131750K .......... .......... .......... .......... .......... 54%  114M 8s
131800K .......... .......... .......... .......... .......... 54%  117M 8s
131850K .......... .......... .......... .......... .......... 54%  116M 8s
131900K .......... .......... .......... .......... .......... 54%  118M 8s
131950K .......... .......... .......... .......... .......... 54%  117M 8s
132000K .......... .......... .......... .......... .......... 54% 31.9M 8s
132050K .......... .......... .......... .......... .......... 54% 25.9M 8s
132100K .......... .......... .......... .......... .......... 54% 13.1M 8s
132150K .......... .......... .......... .......... .......... 54%  115M 8s
132200K .......... .......... .......... .......... .......... 54% 66.7M 8s
132250K .......... .......... .......... .......... .......... 54% 98.3M 8s
132300K .......... .......... .......... .......... .......... 54%  103M 8s
132350K .......... .......... .......... .......... .......... 54%  117M 8s
132400K .......... .......... .......... .......... .......... 54% 11.5M 8s
132450K .......... .......... .......... .......... .......... 54% 6.86M 8s
132500K .......... .......... .......... .......... .......... 54% 11.6M 8s
132550K .......... .......... .......... .......... .......... 54% 60.5M 8s
132600K .......... .......... .......... .......... .......... 54%  102M 8s
132650K .......... .......... .......... .......... .......... 54% 3.25M 8s
132700K .......... .......... .......... .......... .......... 54%  117M 8s
132750K .......... .......... .......... .......... .......... 54%  117M 8s
132800K .......... .......... .......... .......... .......... 54% 87.4M 8s
132850K .......... .......... .......... .......... .......... 54%  115M 8s
132900K .......... .......... .......... .......... .......... 54%  120M 8s
132950K .......... .......... .......... .......... .......... 54%  115M 8s
133000K .......... .......... .......... .......... .......... 54%  116M 8s
133050K .......... .......... .......... .......... .......... 54%  117M 8s
133100K .......... .......... .......... .......... .......... 54%  118M 8s
133150K .......... .......... .......... .......... .......... 54%  114M 8s
133200K .......... .......... .......... .......... .......... 54% 89.3M 8s
133250K .......... .......... .......... .......... .......... 55%  117M 8s
133300K .......... .......... .......... .......... .......... 55%  116M 8s
133350K .......... .......... .......... .......... .......... 55%  117M 8s
133400K .......... .......... .......... .......... .......... 55%  115M 8s
122000K .......... .......... .......... .......... .......... 50%  583K 10s
133450K .......... .......... .......... .......... .......... 55% 1.20M 8s
122050K .......... .......... .......... .......... .......... 50% 1.61M 10s
122100K .......... .......... .......... .......... .......... 50%  133M 10s
122150K .......... .......... .......... .......... .......... 50% 81.0M 10s
122200K .......... .......... .......... .......... .......... 50%  110M 10s
122250K .......... .......... .......... .......... .......... 50%  116M 10s
122300K .......... .......... .......... .......... .......... 50%  116M 10s
122350K .......... .......... .......... .......... .......... 50%  117M 10s
122400K .......... .......... .......... .......... .......... 50% 87.2M 10s
122450K .......... .......... .......... .......... .......... 50%  117M 9s
122500K .......... .......... .......... .......... .......... 50%  117M 9s
122550K .......... .......... .......... .......... .......... 50%  114M 9s
122600K .......... .......... .......... .......... .......... 50%  115M 9s
122650K .......... .......... .......... .......... .......... 50%  117M 9s
122700K .......... .......... .......... .......... .......... 50% 56.5M 9s
122750K .......... .......... .......... .......... .......... 50%  118M 9s
122800K .......... .......... .......... .......... .......... 50% 87.9M 9s
122850K .......... .......... .......... .......... .......... 50%  117M 9s
122900K .......... .......... .......... .......... .......... 50%  117M 9s
122950K .......... .......... .......... .......... .......... 50%  117M 9s
123000K .......... .......... .......... .......... .......... 50%  115M 9s
123050K .......... .......... .......... .......... .......... 50%  117M 9s
123100K .......... .......... .......... .......... .......... 50%  113M 9s
123150K .......... .......... .......... .......... .......... 50%  118M 9s
123200K .......... .......... .......... .......... .......... 50% 41.7M 9s
123250K .......... .......... .......... .......... .......... 50%  117M 9s
123300K .......... .......... .......... .......... .......... 50%  114M 9s
123350K .......... .......... .......... .......... .......... 50%  117M 9s
123400K .......... .......... .......... .......... .......... 50%  115M 9s
123450K .......... .......... .......... .......... .......... 50%  117M 9s
123500K .......... .......... .......... .......... .......... 50%  115M 9s
123550K .......... .......... .......... .......... .......... 51%  119M 9s
123600K .......... .......... .......... .......... .......... 51% 88.8M 9s
123650K .......... .......... .......... .......... .......... 51%  117M 9s
123700K .......... .......... .......... .......... .......... 51%  117M 9s
123750K .......... .......... .......... .......... .......... 51%  117M 9s
123800K .......... .......... .......... .......... .......... 51%  115M 9s
123850K .......... .......... .......... .......... .......... 51%  115M 9s
123900K .......... .......... .......... .......... .......... 51%  116M 9s
123950K .......... .......... .......... .......... .......... 51%  119M 9s
124000K .......... .......... .......... .......... .......... 51% 89.4M 9s
124050K .......... .......... .......... .......... .......... 51%  117M 9s
124100K .......... .......... .......... .......... .......... 51%  116M 9s
124150K .......... .......... .......... .......... .......... 51%  117M 9s
124200K .......... .......... .......... .......... .......... 51%  115M 9s
124250K .......... .......... .......... .......... .......... 51%  115M 9s
124300K .......... .......... .......... .......... .......... 51%  119M 9s
124350K .......... .......... .......... .......... .......... 51%  117M 9s
124400K .......... .......... .......... .......... .......... 51% 86.8M 9s
124450K .......... .......... .......... .......... .......... 51%  117M 9s
124500K .......... .......... .......... .......... .......... 51%  117M 9s
124550K .......... .......... .......... .......... .......... 51%  117M 9s
133500K .......... .......... .......... .......... .......... 55% 1.10M 8s
133550K .......... .......... .......... .......... .......... 55% 84.2M 8s
133600K .......... .......... .......... .......... .......... 55% 20.4M 8s
133650K .......... .......... .......... .......... .......... 55% 30.8M 8s
133700K .......... .......... .......... .......... .......... 55%  114M 8s
133750K .......... .......... .......... .......... .......... 55% 12.0M 8s
133800K .......... .......... .......... .......... .......... 55%  115M 8s
133850K .......... .......... .......... .......... .......... 55% 96.5M 8s
133900K .......... .......... .......... .......... .......... 55%  113M 8s
133950K .......... .......... .......... .......... .......... 55%  103M 8s
134000K .......... .......... .......... .......... .......... 55% 7.87M 8s
134050K .......... .......... .......... .......... .......... 55% 50.5M 8s
124600K .......... .......... .......... .......... .......... 51% 1.26M 9s
134100K .......... .......... .......... .......... .......... 55% 11.6M 8s
124650K .......... .......... .......... .......... .......... 51% 9.66M 9s
134150K .......... .......... .......... .......... .......... 55% 6.10M 8s
134200K .......... .......... .......... .......... .......... 55% 65.0M 8s
134250K .......... .......... .......... .......... .......... 55% 99.3M 8s
134300K .......... .......... .......... .......... .......... 55% 3.22M 8s
134350K .......... .......... .......... .......... .......... 55%  135M 8s
134400K .......... .......... .......... .......... .......... 55% 88.0M 8s
134450K .......... .......... .......... .......... .......... 55%  118M 8s
134500K .......... .......... .......... .......... .......... 55%  117M 8s
134550K .......... .......... .......... .......... .......... 55%  116M 8s
134600K .......... .......... .......... .......... .......... 55%  115M 8s
134650K .......... .......... .......... .......... .......... 55%  116M 8s
134700K .......... .......... .......... .......... .......... 55%  117M 8s
134750K .......... .......... .......... .......... .......... 55%  116M 8s
134800K .......... .......... .......... .......... .......... 55% 87.6M 8s
134850K .......... .......... .......... .......... .......... 55%  116M 8s
134900K .......... .......... .......... .......... .......... 55%  117M 8s
134950K .......... .......... .......... .......... .......... 55%  117M 8s
135000K .......... .......... .......... .......... .......... 55%  114M 8s
135050K .......... .......... .......... .......... .......... 55%  116M 8s
135100K .......... .......... .......... .......... .......... 55%  118M 8s
135150K .......... .......... .......... .......... .......... 55% 20.4M 8s
135200K .......... .......... .......... .......... .......... 55% 79.3M 8s
135250K .......... .......... .......... .......... .......... 55% 68.7M 8s
135300K .......... .......... .......... .......... .......... 55% 89.0M 8s
135350K .......... .......... .......... .......... .......... 55%  117M 8s
135400K .......... .......... .......... .......... .......... 55%  114M 8s
135450K .......... .......... .......... .......... .......... 55% 11.9M 8s
135500K .......... .......... .......... .......... .......... 55% 6.77M 8s
135550K .......... .......... .......... .......... .......... 55% 12.1M 8s
135600K .......... .......... .......... .......... .......... 55% 46.0M 8s
135650K .......... .......... .......... .......... .......... 56%  106M 8s
135700K .......... .......... .......... .......... .......... 56% 3.25M 8s
135750K .......... .......... .......... .......... .......... 56%  120M 8s
135800K .......... .......... .......... .......... .......... 56%  111M 8s
135850K .......... .......... .......... .......... .......... 56%  106M 8s
135900K .......... .......... .......... .......... .......... 56%  117M 8s
135950K .......... .......... .......... .......... .......... 56%  117M 8s
136000K .......... .......... .......... .......... .......... 56% 11.5M 8s
136050K .......... .......... .......... .......... .......... 56%  129M 8s
136100K .......... .......... .......... .......... .......... 56%  117M 8s
136150K .......... .......... .......... .......... .......... 56%  118M 8s
136200K .......... .......... .......... .......... .......... 56%  115M 8s
136250K .......... .......... .......... .......... .......... 56%  112M 8s
136300K .......... .......... .......... .......... .......... 56%  121M 8s
136350K .......... .......... .......... .......... .......... 56%  117M 8s
136400K .......... .......... .......... .......... .......... 56% 87.2M 8s
136450K .......... .......... .......... .......... .......... 56%  115M 8s
124700K .......... .......... .......... .......... .......... 51%  595K 9s
124750K .......... .......... .......... .......... .......... 51% 1.57M 9s
124800K .......... .......... .......... .......... .......... 51% 33.2M 9s
124850K .......... .......... .......... .......... .......... 51%  116M 9s
124900K .......... .......... .......... .......... .......... 51%  117M 9s
124950K .......... .......... .......... .......... .......... 51%  117M 9s
125000K .......... .......... .......... .......... .......... 51%  114M 9s
125050K .......... .......... .......... .......... .......... 51%  115M 9s
125100K .......... .......... .......... .......... .......... 51%  118M 9s
125150K .......... .......... .......... .......... .......... 51%  116M 9s
125200K .......... .......... .......... .......... .......... 51% 89.8M 9s
125250K .......... .......... .......... .......... .......... 51%  117M 9s
125300K .......... .......... .......... .......... .......... 51%  117M 9s
125350K .......... .......... .......... .......... .......... 51%  117M 9s
125400K .......... .......... .......... .......... .......... 51%  115M 9s
125450K .......... .......... .......... .......... .......... 51%  117M 9s
125500K .......... .......... .......... .......... .......... 51%  116M 9s
125550K .......... .......... .......... .......... .......... 51%  117M 9s
125600K .......... .......... .......... .......... .......... 51% 87.2M 9s
125650K .......... .......... .......... .......... .......... 51%  117M 9s
125700K .......... .......... .......... .......... .......... 51%  117M 9s
125750K .......... .......... .......... .......... .......... 51%  117M 9s
125800K .......... .......... .......... .......... .......... 51%  115M 9s
125850K .......... .......... .......... .......... .......... 51%  117M 9s
125900K .......... .......... .......... .......... .......... 51% 52.3M 9s
125950K .......... .......... .......... .......... .......... 52%  116M 9s
126000K .......... .......... .......... .......... .......... 52% 89.4M 9s
126050K .......... .......... .......... .......... .......... 52%  117M 9s
126100K .......... .......... .......... .......... .......... 52%  117M 9s
126150K .......... .......... .......... .......... .......... 52%  117M 9s
126200K .......... .......... .......... .......... .......... 52%  116M 9s
126250K .......... .......... .......... .......... .......... 52%  114M 9s
126300K .......... .......... .......... .......... .......... 52%  119M 9s
126350K .......... .......... .......... .......... .......... 52% 48.1M 9s
126400K .......... .......... .......... .......... .......... 52% 89.8M 9s
126450K .......... .......... .......... .......... .......... 52%  113M 9s
126500K .......... .......... .......... .......... .......... 52%  117M 9s
126550K .......... .......... .......... .......... .......... 52%  117M 9s
126600K .......... .......... .......... .......... .......... 52%  115M 9s
126650K .......... .......... .......... .......... .......... 52%  117M 9s
126700K .......... .......... .......... .......... .......... 52%  117M 9s
126750K .......... .......... .......... .......... .......... 52%  117M 9s
126800K .......... .......... .......... .......... .......... 52% 88.1M 9s
126850K .......... .......... .......... .......... .......... 52%  118M 9s
126900K .......... .......... .......... .......... .......... 52%  117M 9s
126950K .......... .......... .......... .......... .......... 52%  117M 9s
127000K .......... .......... .......... .......... .......... 52%  115M 9s
127050K .......... .......... .......... .......... .......... 52%  117M 9s
127100K .......... .......... .......... .......... .......... 52%  117M 9s
127150K .......... .......... .......... .......... .......... 52%  117M 9s
127200K .......... .......... .......... .......... .......... 52% 89.1M 9s
127250K .......... .......... .......... .......... .......... 52%  117M 9s
136500K .......... .......... .......... .......... .......... 56%  617K 8s
136550K .......... .......... .......... .......... .......... 56%  138M 8s
136600K .......... .......... .......... .......... .......... 56% 78.9M 8s
136650K .......... .......... .......... .......... .......... 56% 22.5M 8s
136700K .......... .......... .......... .......... .......... 56% 32.4M 8s
136750K .......... .......... .......... .......... .......... 56% 84.4M 8s
136800K .......... .......... .......... .......... .......... 56% 11.5M 8s
136850K .......... .......... .......... .......... .......... 56%  117M 8s
136900K .......... .......... .......... .......... .......... 56% 94.1M 8s
136950K .......... .......... .......... .......... .......... 56%  117M 8s
137000K .......... .......... .......... .......... .......... 56%  104M 8s
137050K .......... .......... .......... .......... .......... 56%  109M 8s
137100K .......... .......... .......... .......... .......... 56% 7.46M 8s
127300K .......... .......... .......... .......... .......... 52% 1.29M 9s
137150K .......... .......... .......... .......... .......... 56% 11.5M 8s
137200K .......... .......... .......... .......... .......... 56% 5.83M 8s
137250K .......... .......... .......... .......... .......... 56% 93.1M 8s
137300K .......... .......... .......... .......... .......... 56% 97.9M 8s
137350K .......... .......... .......... .......... .......... 56% 3.22M 8s
137400K .......... .......... .......... .......... .......... 56% 11.9M 8s
137450K .......... .......... .......... .......... .......... 56%  117M 8s
137500K .......... .......... .......... .......... .......... 56%  115M 8s
137550K .......... .......... .......... .......... .......... 56%  120M 8s
137600K .......... .......... .......... .......... .......... 56% 86.7M 8s
137650K .......... .......... .......... .......... .......... 56%  118M 8s
137700K .......... .......... .......... .......... .......... 56%  117M 8s
137750K .......... .......... .......... .......... .......... 56%  118M 8s
137800K .......... .......... .......... .......... .......... 56%  114M 8s
137850K .......... .......... .......... .......... .......... 56%  115M 8s
137900K .......... .......... .......... .......... .......... 56%  115M 8s
137950K .......... .......... .......... .......... .......... 56%  119M 8s
138000K .......... .......... .......... .......... .......... 56% 87.8M 8s
138050K .......... .......... .......... .......... .......... 56%  116M 8s
138100K .......... .......... .......... .......... .......... 57%  117M 8s
138150K .......... .......... .......... .......... .......... 57%  117M 8s
138200K .......... .......... .......... .......... .......... 57%  114M 8s
138250K .......... .......... .......... .......... .......... 57%  117M 8s
138300K .......... .......... .......... .......... .......... 57%  118M 8s
138350K .......... .......... .......... .......... .......... 57%  117M 8s
138400K .......... .......... .......... .......... .......... 57% 88.7M 8s
138450K .......... .......... .......... .......... .......... 57%  117M 8s
138500K .......... .......... .......... .......... .......... 57% 17.9M 8s
127350K .......... .......... .......... .......... .......... 52% 1.05M 9s
138550K .......... .......... .......... .......... .......... 57% 6.93M 8s
138600K .......... .......... .......... .......... .......... 57% 11.1M 8s
138650K .......... .......... .......... .......... .......... 57% 58.1M 8s
138700K .......... .......... .......... .......... .......... 57%  115M 8s
138750K .......... .......... .......... .......... .......... 57% 6.95M 8s
138800K .......... .......... .......... .......... .......... 57% 5.71M 8s
138850K .......... .......... .......... .......... .......... 57% 96.1M 8s
138900K .......... .......... .......... .......... .......... 57%  113M 8s
138950K .......... .......... .......... .......... .......... 57%  117M 8s
139000K .......... .......... .......... .......... .......... 57%  114M 8s
139050K .......... .......... .......... .......... .......... 57% 6.28M 8s
139100K .......... .......... .......... .......... .......... 57%  117M 8s
139150K .......... .......... .......... .......... .......... 57%  115M 8s
139200K .......... .......... .......... .......... .......... 57% 89.8M 8s
139250K .......... .......... .......... .......... .......... 57%  115M 7s
139300K .......... .......... .......... .......... .......... 57%  119M 7s
139350K .......... .......... .......... .......... .......... 57%  114M 7s
139400K .......... .......... .......... .......... .......... 57%  117M 7s
139450K .......... .......... .......... .......... .......... 57%  114M 7s
139500K .......... .......... .......... .......... .......... 57%  117M 7s
127400K .......... .......... .......... .......... .......... 52% 1.15M 9s
127450K .......... .......... .......... .......... .......... 52% 1.56M 9s
127500K .......... .......... .......... .......... .......... 52% 38.8M 9s
127550K .......... .......... .......... .......... .......... 52%  118M 9s
127600K .......... .......... .......... .......... .......... 52% 87.3M 9s
127650K .......... .......... .......... .......... .......... 52%  117M 9s
127700K .......... .......... .......... .......... .......... 52%  117M 9s
127750K .......... .......... .......... .......... .......... 52%  117M 9s
127800K .......... .......... .......... .......... .......... 52%  115M 9s
127850K .......... .......... .......... .......... .......... 52% 42.1M 9s
127900K .......... .......... .......... .......... .......... 52%  117M 9s
127950K .......... .......... .......... .......... .......... 52%  118M 9s
128000K .......... .......... .......... .......... .......... 52% 87.9M 9s
128050K .......... .......... .......... .......... .......... 52%  117M 9s
128100K .......... .......... .......... .......... .......... 52%  117M 9s
128150K .......... .......... .......... .......... .......... 52%  117M 9s
128200K .......... .......... .......... .......... .......... 52%  115M 9s
128250K .......... .......... .......... .......... .......... 52%  117M 9s
128300K .......... .......... .......... .......... .......... 52%  117M 9s
128350K .......... .......... .......... .......... .......... 52%  117M 9s
128400K .......... .......... .......... .......... .......... 53% 89.2M 9s
128450K .......... .......... .......... .......... .......... 53%  117M 9s
128500K .......... .......... .......... .......... .......... 53%  117M 9s
128550K .......... .......... .......... .......... .......... 53%  117M 9s
128600K .......... .......... .......... .......... .......... 53%  115M 9s
128650K .......... .......... .......... .......... .......... 53%  116M 9s
128700K .......... .......... .......... .......... .......... 53%  117M 9s
128750K .......... .......... .......... .......... .......... 53%  117M 9s
128800K .......... .......... .......... .......... .......... 53% 87.2M 9s
128850K .......... .......... .......... .......... .......... 53%  117M 9s
128900K .......... .......... .......... .......... .......... 53%  117M 9s
128950K .......... .......... .......... .......... .......... 53%  117M 9s
129000K .......... .......... .......... .......... .......... 53%  115M 9s
129050K .......... .......... .......... .......... .......... 53% 79.2M 9s
129100K .......... .......... .......... .......... .......... 53%  117M 9s
129150K .......... .......... .......... .......... .......... 53%  115M 9s
129200K .......... .......... .......... .......... .......... 53% 90.3M 9s
129250K .......... .......... .......... .......... .......... 53%  117M 9s
129300K .......... .......... .......... .......... .......... 53%  111M 9s
129350K .......... .......... .......... .......... .......... 53%  117M 9s
129400K .......... .......... .......... .......... .......... 53% 36.9M 9s
129450K .......... .......... .......... .......... .......... 53%  116M 9s
129500K .......... .......... .......... .......... .......... 53%  117M 9s
129550K .......... .......... .......... .......... .......... 53%  117M 9s
129600K .......... .......... .......... .......... .......... 53% 88.5M 9s
129650K .......... .......... .......... .......... .......... 53%  117M 9s
129700K .......... .......... .......... .......... .......... 53%  117M 9s
129750K .......... .......... .......... .......... .......... 53%  117M 9s
129800K .......... .......... .......... .......... .......... 53%  115M 9s
129850K .......... .......... .......... .......... .......... 53%  117M 9s
129900K .......... .......... .......... .......... .......... 53%  115M 9s
129950K .......... .......... .......... .......... .......... 53%  117M 9s
130000K .......... .......... .......... .......... .......... 53% 87.9M 9s
139550K .......... .......... .......... .......... .......... 57%  117M 7s
139600K .......... .......... .......... .......... .......... 57%  647K 8s
139650K .......... .......... .......... .......... .......... 57% 75.3M 8s
139700K .......... .......... .......... .......... .......... 57% 22.7M 7s
139750K .......... .......... .......... .......... .......... 57% 28.6M 7s
139800K .......... .......... .......... .......... .......... 57%  114M 7s
139850K .......... .......... .......... .......... .......... 57% 12.1M 7s
139900K .......... .......... .......... .......... .......... 57% 86.3M 7s
139950K .......... .......... .......... .......... .......... 57%  104M 7s
140000K .......... .......... .......... .......... .......... 57% 87.0M 7s
140050K .......... .......... .......... .......... .......... 57%  117M 7s
140100K .......... .......... .......... .......... .......... 57% 8.26M 7s
140150K .......... .......... .......... .......... .......... 57% 47.3M 7s
140200K .......... .......... .......... .......... .......... 57% 11.5M 7s
140250K .......... .......... .......... .......... .......... 57% 5.89M 7s
140300K .......... .......... .......... .......... .......... 57%  101M 7s
140350K .......... .......... .......... .......... .......... 57% 6.02M 7s
140400K .......... .......... .......... .......... .......... 57% 6.37M 7s
140450K .......... .......... .......... .......... .......... 57% 6.20M 7s
140500K .......... .......... .......... .......... .......... 58%  125M 7s
140550K .......... .......... .......... .......... .......... 58%  117M 7s
140600K .......... .......... .......... .......... .......... 58%  113M 7s
140650K .......... .......... .......... .......... .......... 58%  118M 7s
140700K .......... .......... .......... .......... .......... 58%  117M 7s
140750K .......... .......... .......... .......... .......... 58%  118M 7s
140800K .......... .......... .......... .......... .......... 58% 87.7M 7s
140850K .......... .......... .......... .......... .......... 58%  116M 7s
140900K .......... .......... .......... .......... .......... 58%  120M 7s
140950K .......... .......... .......... .......... .......... 58%  114M 7s
141000K .......... .......... .......... .......... .......... 58%  115M 7s
141050K .......... .......... .......... .......... .......... 58%  119M 7s
141100K .......... .......... .......... .......... .......... 58%  116M 7s
141150K .......... .......... .......... .......... .......... 58%  117M 7s
141200K .......... .......... .......... .......... .......... 58% 86.9M 7s
141250K .......... .......... .......... .......... .......... 58%  117M 7s
141300K .......... .......... .......... .......... .......... 58%  116M 7s
141350K .......... .......... .......... .......... .......... 58%  117M 7s
141400K .......... .......... .......... .......... .......... 58%  113M 7s
141450K .......... .......... .......... .......... .......... 58%  118M 7s
141500K .......... .......... .......... .......... .......... 58%  117M 7s
141550K .......... .......... .......... .......... .......... 58%  115M 7s
130050K .......... .......... .......... .......... .......... 53%  601K 9s
130100K .......... .......... .......... .......... .......... 53%  141M 9s
141600K .......... .......... .......... .......... .......... 58% 8.58M 7s
141650K .......... .......... .......... .......... .......... 58% 11.6M 7s
141700K .......... .......... .......... .......... .......... 58% 43.9M 7s
141750K .......... .......... .......... .......... .......... 58%  117M 7s
141800K .......... .......... .......... .......... .......... 58% 14.8M 7s
141850K .......... .......... .......... .......... .......... 58% 4.04M 7s
141900K .......... .......... .......... .......... .......... 58%  108M 7s
141950K .......... .......... .......... .......... .......... 58% 89.9M 7s
142000K .......... .......... .......... .......... .......... 58% 86.6M 7s
142050K .......... .......... .......... .......... .......... 58%  117M 7s
142100K .......... .......... .......... .......... .......... 58% 6.28M 7s
142150K .......... .......... .......... .......... .......... 58% 11.8M 7s
142200K .......... .......... .......... .......... .......... 58%  118M 7s
142250K .......... .......... .......... .......... .......... 58%  112M 7s
142300K .......... .......... .......... .......... .......... 58%  116M 7s
142350K .......... .......... .......... .......... .......... 58%  120M 7s
142400K .......... .......... .......... .......... .......... 58% 87.7M 7s
142450K .......... .......... .......... .......... .......... 58%  119M 7s
142500K .......... .......... .......... .......... .......... 58%  114M 7s
142550K .......... .......... .......... .......... .......... 58%  115M 7s
142600K .......... .......... .......... .......... .......... 58%  117M 7s
130150K .......... .......... .......... .......... .......... 53%  680K 9s
130200K .......... .......... .......... .......... .......... 53% 39.6M 9s
130250K .......... .......... .......... .......... .......... 53%  105M 9s
130300K .......... .......... .......... .......... .......... 53%  116M 9s
130350K .......... .......... .......... .......... .......... 53%  117M 9s
130400K .......... .......... .......... .......... .......... 53% 82.0M 9s
130450K .......... .......... .......... .......... .......... 53%  117M 9s
130500K .......... .......... .......... .......... .......... 53%  117M 9s
130550K .......... .......... .......... .......... .......... 53%  117M 9s
130600K .......... .......... .......... .......... .......... 53% 45.0M 9s
130650K .......... .......... .......... .......... .......... 53%  109M 9s
130700K .......... .......... .......... .......... .......... 53%  117M 9s
130750K .......... .......... .......... .......... .......... 53%  117M 9s
130800K .......... .......... .......... .......... .......... 54% 88.8M 9s
130850K .......... .......... .......... .......... .......... 54%  117M 9s
130900K .......... .......... .......... .......... .......... 54%  117M 9s
130950K .......... .......... .......... .......... .......... 54% 34.4M 9s
131000K .......... .......... .......... .......... .......... 54%  134M 9s
131050K .......... .......... .......... .......... .......... 54%  117M 9s
131100K .......... .......... .......... .......... .......... 54%  117M 9s
131150K .......... .......... .......... .......... .......... 54%  115M 9s
131200K .......... .......... .......... .......... .......... 54% 87.1M 9s
131250K .......... .......... .......... .......... .......... 54%  117M 9s
131300K .......... .......... .......... .......... .......... 54%  117M 9s
131350K .......... .......... .......... .......... .......... 54%  117M 9s
131400K .......... .......... .......... .......... .......... 54%  115M 9s
131450K .......... .......... .......... .......... .......... 54%  116M 9s
131500K .......... .......... .......... .......... .......... 54%  117M 9s
131550K .......... .......... .......... .......... .......... 54%  117M 9s
131600K .......... .......... .......... .......... .......... 54% 89.3M 9s
131650K .......... .......... .......... .......... .......... 54%  117M 9s
131700K .......... .......... .......... .......... .......... 54%  117M 9s
131750K .......... .......... .......... .......... .......... 54%  117M 9s
131800K .......... .......... .......... .......... .......... 54%  115M 9s
131850K .......... .......... .......... .......... .......... 54%  117M 9s
131900K .......... .......... .......... .......... .......... 54%  117M 9s
131950K .......... .......... .......... .......... .......... 54%  117M 9s
132000K .......... .......... .......... .......... .......... 54% 88.0M 9s
132050K .......... .......... .......... .......... .......... 54%  118M 9s
132100K .......... .......... .......... .......... .......... 54%  117M 9s
132150K .......... .......... .......... .......... .......... 54%  106M 9s
132200K .......... .......... .......... .......... .......... 54%  115M 9s
132250K .......... .......... .......... .......... .......... 54%  107M 9s
132300K .......... .......... .......... .......... .......... 54%  116M 9s
132350K .......... .......... .......... .......... .......... 54%  115M 9s
132400K .......... .......... .......... .......... .......... 54% 87.4M 9s
132450K .......... .......... .......... .......... .......... 54%  117M 9s
132500K .......... .......... .......... .......... .......... 54%  116M 9s
132550K .......... .......... .......... .......... .......... 54% 32.6M 9s
132600K .......... .......... .......... .......... .......... 54%  121M 8s
132650K .......... .......... .......... .......... .......... 54%  114M 8s
132700K .......... .......... .......... .......... .......... 54%  117M 8s
142650K .......... .......... .......... .......... .......... 58%  681K 7s
142700K .......... .......... .......... .......... .......... 58% 75.5M 7s
142750K .......... .......... .......... .......... .......... 58% 14.3M 7s
142800K .......... .......... .......... .......... .......... 58% 82.7M 7s
142850K .......... .......... .......... .......... .......... 58%  117M 7s
142900K .......... .......... .......... .......... .......... 59% 12.1M 7s
142950K .......... .......... .......... .......... .......... 59% 79.8M 7s
143000K .......... .......... .......... .......... .......... 59%  103M 7s
143050K .......... .......... .......... .......... .......... 59%  117M 7s
143100K .......... .......... .......... .......... .......... 59%  118M 7s
143150K .......... .......... .......... .......... .......... 59%  117M 7s
132750K .......... .......... .......... .......... .......... 54% 1.35M 9s
143200K .......... .......... .......... .......... .......... 59% 5.14M 7s
143250K .......... .......... .......... .......... .......... 59% 34.6M 7s
143300K .......... .......... .......... .......... .......... 59% 5.89M 7s
143350K .......... .......... .......... .......... .......... 59%  108M 7s
143400K .......... .......... .......... .......... .......... 59% 5.98M 7s
143450K .......... .......... .......... .......... .......... 59% 6.50M 7s
143500K .......... .......... .......... .......... .......... 59% 6.20M 7s
143550K .......... .......... .......... .......... .......... 59%  108M 7s
143600K .......... .......... .......... .......... .......... 59% 11.6M 7s
143650K .......... .......... .......... .......... .......... 59%  114M 7s
143700K .......... .......... .......... .......... .......... 59%  118M 7s
143750K .......... .......... .......... .......... .......... 59%  120M 7s
143800K .......... .......... .......... .......... .......... 59%  110M 7s
143850K .......... .......... .......... .......... .......... 59%  121M 7s
143900K .......... .......... .......... .......... .......... 59%  115M 7s
143950K .......... .......... .......... .......... .......... 59%  114M 7s
144000K .......... .......... .......... .......... .......... 59% 90.6M 7s
144050K .......... .......... .......... .......... .......... 59%  118M 7s
144100K .......... .......... .......... .......... .......... 59%  113M 7s
144150K .......... .......... .......... .......... .......... 59%  116M 7s
144200K .......... .......... .......... .......... .......... 59%  114M 7s
144250K .......... .......... .......... .......... .......... 59%  118M 7s
144300K .......... .......... .......... .......... .......... 59%  117M 7s
144350K .......... .......... .......... .......... .......... 59%  118M 7s
144400K .......... .......... .......... .......... .......... 59% 88.8M 7s
144450K .......... .......... .......... .......... .......... 59%  117M 7s
144500K .......... .......... .......... .......... .......... 59%  117M 7s
144550K .......... .......... .......... .......... .......... 59%  117M 7s
144600K .......... .......... .......... .......... .......... 59%  116M 7s
144650K .......... .......... .......... .......... .......... 59%  117M 7s
132800K .......... .......... .......... .......... .......... 54% 1018K 9s
144700K .......... .......... .......... .......... .......... 59% 9.03M 7s
144750K .......... .......... .......... .......... .......... 59% 59.3M 7s
144800K .......... .......... .......... .......... .......... 59% 45.4M 7s
144850K .......... .......... .......... .......... .......... 59% 15.4M 7s
144900K .......... .......... .......... .......... .......... 59% 3.99M 7s
144950K .......... .......... .......... .......... .......... 59%  116M 7s
145000K .......... .......... .......... .......... .......... 59% 80.8M 7s
145050K .......... .......... .......... .......... .......... 59%  117M 7s
145100K .......... .......... .......... .......... .......... 59%  115M 7s
145150K .......... .......... .......... .......... .......... 59% 6.42M 7s
145200K .......... .......... .......... .......... .......... 59% 11.1M 7s
145250K .......... .......... .......... .......... .......... 59% 11.7M 7s
145300K .......... .......... .......... .......... .......... 59% 74.9M 7s
132850K .......... .......... .......... .......... .......... 54% 1.19M 9s
145350K .......... .......... .......... .......... .......... 60%  117M 7s
145400K .......... .......... .......... .......... .......... 60%  115M 7s
145450K .......... .......... .......... .......... .......... 60%  117M 7s
145500K .......... .......... .......... .......... .......... 60%  118M 7s
145550K .......... .......... .......... .......... .......... 60%  117M 7s
145600K .......... .......... .......... .......... .......... 60% 88.9M 7s
145650K .......... .......... .......... .......... .......... 60%  116M 7s
132900K .......... .......... .......... .......... .......... 54% 1.55M 9s
132950K .......... .......... .......... .......... .......... 54%  138M 9s
133000K .......... .......... .......... .......... .......... 54% 79.3M 9s
133050K .......... .......... .......... .......... .......... 54%  117M 9s
133100K .......... .......... .......... .......... .......... 54%  116M 9s
133150K .......... .......... .......... .......... .......... 54%  118M 9s
133200K .......... .......... .......... .......... .......... 54% 88.7M 9s
133250K .......... .......... .......... .......... .......... 55%  117M 9s
133300K .......... .......... .......... .......... .......... 55% 51.6M 9s
133350K .......... .......... .......... .......... .......... 55%  117M 9s
133400K .......... .......... .......... .......... .......... 55%  115M 9s
133450K .......... .......... .......... .......... .......... 55%  115M 9s
133500K .......... .......... .......... .......... .......... 55%  117M 9s
133550K .......... .......... .......... .......... .......... 55%  117M 8s
133600K .......... .......... .......... .......... .......... 55% 85.3M 8s
133650K .......... .......... .......... .......... .......... 55% 33.7M 8s
133700K .......... .......... .......... .......... .......... 55%  130M 8s
133750K .......... .......... .......... .......... .......... 55%  117M 8s
133800K .......... .......... .......... .......... .......... 55%  115M 8s
133850K .......... .......... .......... .......... .......... 55%  117M 8s
133900K .......... .......... .......... .......... .......... 55%  117M 8s
133950K .......... .......... .......... .......... .......... 55%  116M 8s
134000K .......... .......... .......... .......... .......... 55% 30.6M 8s
134050K .......... .......... .......... .......... .......... 55%  117M 8s
134100K .......... .......... .......... .......... .......... 55%  118M 8s
134150K .......... .......... .......... .......... .......... 55%  116M 8s
134200K .......... .......... .......... .......... .......... 55%  115M 8s
134250K .......... .......... .......... .......... .......... 55%  116M 8s
134300K .......... .......... .......... .......... .......... 55%  117M 8s
134350K .......... .......... .......... .......... .......... 55%  117M 8s
134400K .......... .......... .......... .......... .......... 55% 87.0M 8s
134450K .......... .......... .......... .......... .......... 55%  117M 8s
134500K .......... .......... .......... .......... .......... 55%  116M 8s
134550K .......... .......... .......... .......... .......... 55%  117M 8s
134600K .......... .......... .......... .......... .......... 55%  115M 8s
134650K .......... .......... .......... .......... .......... 55%  115M 8s
134700K .......... .......... .......... .......... .......... 55%  119M 8s
134750K .......... .......... .......... .......... .......... 55%  117M 8s
134800K .......... .......... .......... .......... .......... 55% 88.8M 8s
134850K .......... .......... .......... .......... .......... 55%  117M 8s
134900K .......... .......... .......... .......... .......... 55%  117M 8s
134950K .......... .......... .......... .......... .......... 55%  117M 8s
135000K .......... .......... .......... .......... .......... 55%  115M 8s
135050K .......... .......... .......... .......... .......... 55%  117M 8s
135100K .......... .......... .......... .......... .......... 55%  117M 8s
135150K .......... .......... .......... .......... .......... 55%  116M 8s
135200K .......... .......... .......... .......... .......... 55% 89.1M 8s
135250K .......... .......... .......... .......... .......... 55%  118M 8s
135300K .......... .......... .......... .......... .......... 55%  117M 8s
135350K .......... .......... .......... .......... .......... 55%  117M 8s
135400K .......... .......... .......... .......... .......... 55%  115M 8s
135450K .......... .......... .......... .......... .......... 55%  117M 8s
145700K .......... .......... .......... .......... .......... 60%  720K 7s
145750K .......... .......... .......... .......... .......... 60% 85.9M 7s
145800K .......... .......... .......... .......... .......... 60% 26.1M 7s
145850K .......... .......... .......... .......... .......... 60% 24.8M 7s
145900K .......... .......... .......... .......... .......... 60%  105M 7s
145950K .......... .......... .......... .......... .......... 60% 12.1M 7s
146000K .......... .......... .......... .......... .......... 60% 68.1M 7s
146050K .......... .......... .......... .......... .......... 60%  107M 7s
146100K .......... .......... .......... .......... .......... 60%  117M 7s
146150K .......... .......... .......... .......... .......... 60%  117M 7s
146200K .......... .......... .......... .......... .......... 60% 8.72M 7s
146250K .......... .......... .......... .......... .......... 60% 36.5M 7s
135500K .......... .......... .......... .......... .......... 55% 1.36M 8s
146300K .......... .......... .......... .......... .......... 60% 11.4M 7s
146350K .......... .......... .......... .......... .......... 60% 5.91M 7s
146400K .......... .......... .......... .......... .......... 60% 77.9M 7s
146450K .......... .......... .......... .......... .......... 60% 6.07M 7s
146500K .......... .......... .......... .......... .......... 60% 6.59M 7s
146550K .......... .......... .......... .......... .......... 60% 6.21M 7s
146600K .......... .......... .......... .......... .......... 60% 6.11M 7s
146650K .......... .......... .......... .......... .......... 60%  117M 7s
146700K .......... .......... .......... .......... .......... 60%  116M 7s
146750K .......... .......... .......... .......... .......... 60%  114M 7s
146800K .......... .......... .......... .......... .......... 60% 88.4M 7s
146850K .......... .......... .......... .......... .......... 60%  121M 7s
146900K .......... .......... .......... .......... .......... 60%  116M 7s
146950K .......... .......... .......... .......... .......... 60%  112M 7s
147000K .......... .......... .......... .......... .......... 60%  116M 7s
147050K .......... .......... .......... .......... .......... 60%  114M 7s
147100K .......... .......... .......... .......... .......... 60%  120M 7s
147150K .......... .......... .......... .......... .......... 60%  115M 7s
147200K .......... .......... .......... .......... .......... 60% 89.6M 7s
147250K .......... .......... .......... .......... .......... 60%  117M 7s
147300K .......... .......... .......... .......... .......... 60%  117M 7s
147350K .......... .......... .......... .......... .......... 60%  117M 7s
147400K .......... .......... .......... .......... .......... 60%  115M 7s
147450K .......... .......... .......... .......... .......... 60%  117M 7s
147500K .......... .......... .......... .......... .......... 60%  117M 7s
147550K .......... .......... .......... .......... .......... 60%  116M 7s
147600K .......... .......... .......... .......... .......... 60% 87.0M 7s
147650K .......... .......... .......... .......... .......... 60%  117M 7s
147700K .......... .......... .......... .......... .......... 60% 53.6M 7s
147750K .......... .......... .......... .......... .......... 61% 39.2M 7s
147800K .......... .......... .......... .......... .......... 61% 36.5M 7s
147850K .......... .......... .......... .......... .......... 61%  116M 7s
147900K .......... .......... .......... .......... .......... 61% 15.6M 7s
147950K .......... .......... .......... .......... .......... 61% 4.00M 7s
148000K .......... .......... .......... .......... .......... 61% 57.9M 7s
148050K .......... .......... .......... .......... .......... 61%  117M 7s
148100K .......... .......... .......... .......... .......... 61%  117M 7s
148150K .......... .......... .......... .......... .......... 61%  117M 7s
148200K .......... .......... .......... .......... .......... 61% 4.24M 7s
148250K .......... .......... .......... .......... .......... 61%  152M 7s
135550K .......... .......... .......... .......... .......... 55%  952K 8s
148300K .......... .......... .......... .......... .......... 61% 5.98M 7s
148350K .......... .......... .......... .......... .......... 61%  114M 7s
148400K .......... .......... .......... .......... .......... 61% 88.5M 7s
148450K .......... .......... .......... .......... .......... 61%  117M 7s
148500K .......... .......... .......... .......... .......... 61%  115M 7s
148550K .......... .......... .......... .......... .......... 61%  119M 7s
148600K .......... .......... .......... .......... .......... 61%  117M 7s
148650K .......... .......... .......... .......... .......... 61%  117M 7s
148700K .......... .......... .......... .......... .......... 61%  117M 7s
135600K .......... .......... .......... .......... .......... 55%  718K 8s
135650K .......... .......... .......... .......... .......... 56%  118M 8s
135700K .......... .......... .......... .......... .......... 56%  117M 8s
135750K .......... .......... .......... .......... .......... 56%  117M 8s
135800K .......... .......... .......... .......... .......... 56%  115M 8s
135850K .......... .......... .......... .......... .......... 56%  118M 8s
135900K .......... .......... .......... .......... .......... 56%  117M 8s
135950K .......... .......... .......... .......... .......... 56%  115M 8s
136000K .......... .......... .......... .......... .......... 56% 90.2M 8s
136050K .......... .......... .......... .......... .......... 56%  117M 8s
136100K .......... .......... .......... .......... .......... 56%  117M 8s
136150K .......... .......... .......... .......... .......... 56%  117M 8s
136200K .......... .......... .......... .......... .......... 56%  113M 8s
136250K .......... .......... .......... .......... .......... 56%  119M 8s
136300K .......... .......... .......... .......... .......... 56%  117M 8s
136350K .......... .......... .......... .......... .......... 56%  117M 8s
136400K .......... .......... .......... .......... .......... 56% 45.9M 8s
136450K .......... .......... .......... .......... .......... 56%  112M 8s
136500K .......... .......... .......... .......... .......... 56%  117M 8s
136550K .......... .......... .......... .......... .......... 56%  117M 8s
136600K .......... .......... .......... .......... .......... 56%  115M 8s
136650K .......... .......... .......... .......... .......... 56%  117M 8s
136700K .......... .......... .......... .......... .......... 56%  116M 8s
136750K .......... .......... .......... .......... .......... 56% 32.7M 8s
136800K .......... .......... .......... .......... .......... 56% 88.9M 8s
136850K .......... .......... .......... .......... .......... 56%  117M 8s
136900K .......... .......... .......... .......... .......... 56%  117M 8s
136950K .......... .......... .......... .......... .......... 56%  117M 8s
137000K .......... .......... .......... .......... .......... 56%  114M 8s
137050K .......... .......... .......... .......... .......... 56%  118M 8s
137100K .......... .......... .......... .......... .......... 56% 31.6M 8s
137150K .......... .......... .......... .......... .......... 56%  117M 8s
137200K .......... .......... .......... .......... .......... 56% 88.8M 8s
137250K .......... .......... .......... .......... .......... 56%  117M 8s
137300K .......... .......... .......... .......... .......... 56%  114M 8s
137350K .......... .......... .......... .......... .......... 56%  116M 8s
137400K .......... .......... .......... .......... .......... 56%  116M 8s
137450K .......... .......... .......... .......... .......... 56%  117M 8s
137500K .......... .......... .......... .......... .......... 56%  117M 8s
137550K .......... .......... .......... .......... .......... 56%  117M 8s
137600K .......... .......... .......... .......... .......... 56% 88.8M 8s
137650K .......... .......... .......... .......... .......... 56%  117M 8s
137700K .......... .......... .......... .......... .......... 56%  117M 8s
137750K .......... .......... .......... .......... .......... 56%  117M 8s
137800K .......... .......... .......... .......... .......... 56%  115M 8s
137850K .......... .......... .......... .......... .......... 56%  116M 8s
137900K .......... .......... .......... .......... .......... 56%  118M 8s
137950K .......... .......... .......... .......... .......... 56%  116M 8s
138000K .......... .......... .......... .......... .......... 56% 89.5M 8s
138050K .......... .......... .......... .......... .......... 56%  117M 8s
138100K .......... .......... .......... .......... .......... 57%  117M 8s
138150K .......... .......... .......... .......... .......... 57%  117M 8s
138200K .......... .......... .......... .......... .......... 57%  115M 8s
148750K .......... .......... .......... .......... .......... 61%  116M 7s
148800K .......... .......... .......... .......... .......... 61%  758K 7s
148850K .......... .......... .......... .......... .......... 61% 26.0M 7s
148900K .......... .......... .......... .......... .......... 61% 25.0M 7s
148950K .......... .......... .......... .......... .......... 61% 17.7M 7s
149000K .......... .......... .......... .......... .......... 61% 32.9M 7s
149050K .......... .......... .......... .......... .......... 61% 58.5M 7s
149100K .......... .......... .......... .......... .......... 61% 92.9M 7s
149150K .......... .......... .......... .......... .......... 61%  112M 7s
149200K .......... .......... .......... .......... .......... 61% 81.9M 7s
149250K .......... .......... .......... .......... .......... 61% 7.58M 7s
149300K .......... .......... .......... .......... .......... 61%  117M 7s
149350K .......... .......... .......... .......... .......... 61% 4.14M 7s
149400K .......... .......... .......... .......... .......... 61% 54.1M 7s
149450K .......... .......... .......... .......... .......... 61% 96.3M 7s
149500K .......... .......... .......... .......... .......... 61% 6.09M 7s
149550K .......... .......... .......... .......... .......... 61% 6.73M 7s
149600K .......... .......... .......... .......... .......... 61% 3.09M 7s
149650K .......... .......... .......... .......... .......... 61% 11.6M 7s
149700K .......... .......... .......... .......... .......... 61%  117M 7s
149750K .......... .......... .......... .......... .......... 61% 42.1M 7s
149800K .......... .......... .......... .......... .......... 61%  115M 7s
149850K .......... .......... .......... .......... .......... 61%  117M 7s
149900K .......... .......... .......... .......... .......... 61%  115M 7s
149950K .......... .......... .......... .......... .......... 61%  117M 7s
150000K .......... .......... .......... .......... .......... 61% 89.7M 7s
150050K .......... .......... .......... .......... .......... 61%  117M 7s
150100K .......... .......... .......... .......... .......... 61%  117M 7s
150150K .......... .......... .......... .......... .......... 61%  116M 7s
150200K .......... .......... .......... .......... .......... 62%  114M 7s
150250K .......... .......... .......... .......... .......... 62%  117M 7s
150300K .......... .......... .......... .......... .......... 62%  117M 7s
150350K .......... .......... .......... .......... .......... 62%  117M 7s
150400K .......... .......... .......... .......... .......... 62% 89.5M 7s
150450K .......... .......... .......... .......... .......... 62%  117M 7s
150500K .......... .......... .......... .......... .......... 62%  117M 7s
150550K .......... .......... .......... .......... .......... 62%  116M 7s
150600K .......... .......... .......... .......... .......... 62%  116M 7s
150650K .......... .......... .......... .......... .......... 62%  117M 7s
150700K .......... .......... .......... .......... .......... 62%  117M 7s
138250K .......... .......... .......... .......... .......... 57%  546K 8s
138300K .......... .......... .......... .......... .......... 57%  190M 8s
150750K .......... .......... .......... .......... .......... 62% 44.1M 7s
150800K .......... .......... .......... .......... .......... 62% 87.6M 7s
150850K .......... .......... .......... .......... .......... 62%  117M 7s
150900K .......... .......... .......... .......... .......... 62%  117M 7s
150950K .......... .......... .......... .......... .......... 62% 14.5M 7s
151000K .......... .......... .......... .......... .......... 62% 5.54M 7s
151050K .......... .......... .......... .......... .......... 62% 64.2M 7s
151100K .......... .......... .......... .......... .......... 62%  115M 7s
151150K .......... .......... .......... .......... .......... 62%  118M 7s
151200K .......... .......... .......... .......... .......... 62% 6.31M 7s
151250K .......... .......... .......... .......... .......... 62% 11.7M 7s
151300K .......... .......... .......... .......... .......... 62% 11.5M 7s
151350K .......... .......... .......... .......... .......... 62% 11.3M 7s
151400K .......... .......... .......... .......... .......... 62% 12.1M 7s
151450K .......... .......... .......... .......... .......... 62%  115M 7s
151500K .......... .......... .......... .......... .......... 62%  116M 7s
151550K .......... .......... .......... .......... .......... 62%  118M 7s
151600K .......... .......... .......... .......... .......... 62% 90.5M 7s
151650K .......... .......... .......... .......... .......... 62%  115M 6s
151700K .......... .......... .......... .......... .......... 62%  117M 6s
151750K .......... .......... .......... .......... .......... 62%  116M 6s
151800K .......... .......... .......... .......... .......... 62%  113M 6s
138350K .......... .......... .......... .......... .......... 57%  770K 8s
138400K .......... .......... .......... .......... .......... 57%  117M 8s
138450K .......... .......... .......... .......... .......... 57%  115M 8s
138500K .......... .......... .......... .......... .......... 57%  117M 8s
138550K .......... .......... .......... .......... .......... 57%  117M 8s
138600K .......... .......... .......... .......... .......... 57%  115M 8s
138650K .......... .......... .......... .......... .......... 57% 27.4M 8s
138700K .......... .......... .......... .......... .......... 57%  119M 8s
138750K .......... .......... .......... .......... .......... 57%  116M 8s
138800K .......... .......... .......... .......... .......... 57% 86.9M 8s
138850K .......... .......... .......... .......... .......... 57%  117M 8s
138900K .......... .......... .......... .......... .......... 57%  117M 8s
138950K .......... .......... .......... .......... .......... 57%  117M 8s
139000K .......... .......... .......... .......... .......... 57%  115M 8s
139050K .......... .......... .......... .......... .......... 57%  117M 8s
139100K .......... .......... .......... .......... .......... 57%  117M 8s
139150K .......... .......... .......... .......... .......... 57%  117M 8s
139200K .......... .......... .......... .......... .......... 57% 88.8M 8s
139250K .......... .......... .......... .......... .......... 57%  117M 8s
139300K .......... .......... .......... .......... .......... 57%  117M 8s
139350K .......... .......... .......... .......... .......... 57%  117M 8s
139400K .......... .......... .......... .......... .......... 57%  115M 8s
139450K .......... .......... .......... .......... .......... 57%  116M 8s
139500K .......... .......... .......... .......... .......... 57% 75.2M 8s
139550K .......... .......... .......... .......... .......... 57%  110M 8s
139600K .......... .......... .......... .......... .......... 57% 89.5M 8s
139650K .......... .......... .......... .......... .......... 57%  117M 8s
139700K .......... .......... .......... .......... .......... 57%  117M 8s
139750K .......... .......... .......... .......... .......... 57%  117M 8s
139800K .......... .......... .......... .......... .......... 57%  115M 8s
139850K .......... .......... .......... .......... .......... 57% 32.2M 8s
139900K .......... .......... .......... .......... .......... 57%  111M 8s
139950K .......... .......... .......... .......... .......... 57%  115M 8s
140000K .......... .......... .......... .......... .......... 57% 87.6M 8s
140050K .......... .......... .......... .......... .......... 57%  117M 8s
140100K .......... .......... .......... .......... .......... 57%  117M 8s
140150K .......... .......... .......... .......... .......... 57%  117M 8s
140200K .......... .......... .......... .......... .......... 57% 27.3M 8s
140250K .......... .......... .......... .......... .......... 57%  119M 8s
140300K .......... .......... .......... .......... .......... 57%  115M 8s
140350K .......... .......... .......... .......... .......... 57%  118M 8s
140400K .......... .......... .......... .......... .......... 57% 87.3M 8s
140450K .......... .......... .......... .......... .......... 57%  116M 8s
140500K .......... .......... .......... .......... .......... 58%  117M 8s
140550K .......... .......... .......... .......... .......... 58%  117M 8s
140600K .......... .......... .......... .......... .......... 58%  115M 8s
140650K .......... .......... .......... .......... .......... 58%  117M 8s
140700K .......... .......... .......... .......... .......... 58%  116M 8s
140750K .......... .......... .......... .......... .......... 58%  118M 8s
140800K .......... .......... .......... .......... .......... 58% 88.8M 8s
140850K .......... .......... .......... .......... .......... 58%  117M 8s
140900K .......... .......... .......... .......... .......... 58%  117M 8s
140950K .......... .......... .......... .......... .......... 58%  117M 8s
151850K .......... .......... .......... .......... .......... 62%  804K 7s
151900K .......... .......... .......... .......... .......... 62% 25.9M 7s
151950K .......... .......... .......... .......... .......... 62% 24.3M 7s
152000K .......... .......... .......... .......... .......... 62% 12.6M 7s
152050K .......... .......... .......... .......... .......... 62% 62.6M 6s
152100K .......... .......... .......... .......... .......... 62% 92.3M 6s
152150K .......... .......... .......... .......... .......... 62% 97.2M 6s
152200K .......... .......... .......... .......... .......... 62%  112M 6s
152250K .......... .......... .......... .......... .......... 62%  116M 6s
152300K .......... .......... .......... .......... .......... 62% 7.63M 6s
141000K .......... .......... .......... .......... .......... 58% 1.46M 8s
152350K .......... .......... .......... .......... .......... 62% 96.3M 6s
152400K .......... .......... .......... .......... .......... 62% 4.10M 6s
152450K .......... .......... .......... .......... .......... 62% 56.2M 6s
152500K .......... .......... .......... .......... .......... 62%  114M 6s
152550K .......... .......... .......... .......... .......... 62% 3.28M 6s
152600K .......... .......... .......... .......... .......... 63%  108M 6s
152650K .......... .......... .......... .......... .......... 63% 3.13M 6s
152700K .......... .......... .......... .......... .......... 63% 11.2M 6s
152750K .......... .......... .......... .......... .......... 63%  116M 6s
152800K .......... .......... .......... .......... .......... 63% 9.83M 6s
152850K .......... .......... .......... .......... .......... 63%  114M 6s
152900K .......... .......... .......... .......... .......... 63%  121M 6s
152950K .......... .......... .......... .......... .......... 63%  117M 6s
153000K .......... .......... .......... .......... .......... 63%  114M 6s
153050K .......... .......... .......... .......... .......... 63%  112M 6s
153100K .......... .......... .......... .......... .......... 63%  120M 6s
153150K .......... .......... .......... .......... .......... 63%  118M 6s
153200K .......... .......... .......... .......... .......... 63% 86.7M 6s
153250K .......... .......... .......... .......... .......... 63%  115M 6s
153300K .......... .......... .......... .......... .......... 63%  120M 6s
153350K .......... .......... .......... .......... .......... 63%  115M 6s
153400K .......... .......... .......... .......... .......... 63%  116M 6s
153450K .......... .......... .......... .......... .......... 63%  116M 6s
153500K .......... .......... .......... .......... .......... 63%  117M 6s
153550K .......... .......... .......... .......... .......... 63%  117M 6s
153600K .......... .......... .......... .......... .......... 63% 87.5M 6s
153650K .......... .......... .......... .......... .......... 63%  117M 6s
153700K .......... .......... .......... .......... .......... 63%  116M 6s
153750K .......... .......... .......... .......... .......... 63%  118M 6s
141050K .......... .......... .......... .......... .......... 58%  824K 8s
153800K .......... .......... .......... .......... .......... 63% 47.7M 6s
153850K .......... .......... .......... .......... .......... 63%  119M 6s
153900K .......... .......... .......... .......... .......... 63%  117M 6s
153950K .......... .......... .......... .......... .......... 63%  116M 6s
154000K .......... .......... .......... .......... .......... 63% 90.1M 6s
154050K .......... .......... .......... .......... .......... 63% 6.05M 6s
154100K .......... .......... .......... .......... .......... 63% 59.8M 6s
154150K .......... .......... .......... .......... .......... 63%  117M 6s
154200K .......... .......... .......... .......... .......... 63%  115M 6s
154250K .......... .......... .......... .......... .......... 63% 6.55M 6s
154300K .......... .......... .......... .......... .......... 63% 11.4M 6s
141100K .......... .......... .......... .......... .......... 58% 1.66M 8s
154350K .......... .......... .......... .......... .......... 63% 11.4M 6s
154400K .......... .......... .......... .......... .......... 63% 6.11M 6s
154450K .......... .......... .......... .......... .......... 63%  105M 6s
154500K .......... .......... .......... .......... .......... 63%  116M 6s
154550K .......... .......... .......... .......... .......... 63%  115M 6s
141150K .......... .......... .......... .......... .......... 58% 1.52M 8s
141200K .......... .......... .......... .......... .......... 58% 84.9M 8s
141250K .......... .......... .......... .......... .......... 58%  115M 8s
141300K .......... .......... .......... .......... .......... 58%  116M 8s
141350K .......... .......... .......... .......... .......... 58%  117M 8s
141400K .......... .......... .......... .......... .......... 58% 29.0M 8s
141450K .......... .......... .......... .......... .......... 58% 94.3M 8s
141500K .......... .......... .......... .......... .......... 58%  117M 8s
141550K .......... .......... .......... .......... .......... 58%  117M 8s
141600K .......... .......... .......... .......... .......... 58% 89.4M 8s
141650K .......... .......... .......... .......... .......... 58%  117M 8s
141700K .......... .......... .......... .......... .......... 58%  117M 8s
141750K .......... .......... .......... .......... .......... 58% 26.4M 8s
141800K .......... .......... .......... .......... .......... 58%  115M 8s
141850K .......... .......... .......... .......... .......... 58%  116M 8s
141900K .......... .......... .......... .......... .......... 58%  117M 8s
141950K .......... .......... .......... .......... .......... 58%  114M 8s
142000K .......... .......... .......... .......... .......... 58% 90.0M 8s
142050K .......... .......... .......... .......... .......... 58%  117M 8s
142100K .......... .......... .......... .......... .......... 58%  117M 8s
142150K .......... .......... .......... .......... .......... 58%  117M 8s
142200K .......... .......... .......... .......... .......... 58%  115M 8s
142250K .......... .......... .......... .......... .......... 58%  115M 8s
142300K .......... .......... .......... .......... .......... 58%  117M 8s
142350K .......... .......... .......... .......... .......... 58%  118M 8s
142400K .......... .......... .......... .......... .......... 58% 89.3M 8s
142450K .......... .......... .......... .......... .......... 58%  117M 8s
142500K .......... .......... .......... .......... .......... 58%  117M 8s
142550K .......... .......... .......... .......... .......... 58%  117M 8s
142600K .......... .......... .......... .......... .......... 58%  115M 8s
142650K .......... .......... .......... .......... .......... 58%  117M 8s
142700K .......... .......... .......... .......... .......... 58%  117M 8s
142750K .......... .......... .......... .......... .......... 58%  117M 8s
142800K .......... .......... .......... .......... .......... 58% 87.0M 8s
142850K .......... .......... .......... .......... .......... 58%  117M 8s
142900K .......... .......... .......... .......... .......... 59%  117M 8s
142950K .......... .......... .......... .......... .......... 59%  117M 8s
143000K .......... .......... .......... .......... .......... 59% 31.2M 8s
143050K .......... .......... .......... .......... .......... 59%  119M 8s
143100K .......... .......... .......... .......... .......... 59%  117M 8s
143150K .......... .......... .......... .......... .......... 59%  117M 8s
143200K .......... .......... .......... .......... .......... 59% 88.8M 8s
143250K .......... .......... .......... .......... .......... 59%  117M 8s
143300K .......... .......... .......... .......... .......... 59%  117M 8s
143350K .......... .......... .......... .......... .......... 59% 24.3M 8s
143400K .......... .......... .......... .......... .......... 59%  114M 8s
143450K .......... .......... .......... .......... .......... 59%  116M 8s
143500K .......... .......... .......... .......... .......... 59%  117M 8s
143550K .......... .......... .......... .......... .......... 59%  115M 8s
143600K .......... .......... .......... .......... .......... 59% 89.3M 8s
143650K .......... .......... .......... .......... .......... 59%  116M 8s
143700K .......... .......... .......... .......... .......... 59%  117M 8s
143750K .......... .......... .......... .......... .......... 59%  117M 8s
154600K .......... .......... .......... .......... .......... 63%  726K 6s
154650K .......... .......... .......... .......... .......... 63%  116M 6s
154700K .......... .......... .......... .......... .......... 63%  118M 6s
154750K .......... .......... .......... .......... .......... 63%  117M 6s
154800K .......... .......... .......... .......... .......... 63% 89.3M 6s
154850K .......... .......... .......... .......... .......... 63%  115M 6s
154900K .......... .......... .......... .......... .......... 63%  117M 6s
154950K .......... .......... .......... .......... .......... 63%  117M 6s
155000K .......... .......... .......... .......... .......... 63%  111M 6s
155050K .......... .......... .......... .......... .......... 64%  120M 6s
155100K .......... .......... .......... .......... .......... 64%  116M 6s
155150K .......... .......... .......... .......... .......... 64% 90.0M 6s
155200K .......... .......... .......... .......... .......... 64% 66.3M 6s
155250K .......... .......... .......... .......... .......... 64%  117M 6s
155300K .......... .......... .......... .......... .......... 64% 8.99M 6s
155350K .......... .......... .......... .......... .......... 64%  101M 6s
155400K .......... .......... .......... .......... .......... 64% 34.0M 6s
143800K .......... .......... .......... .......... .......... 59% 1.54M 8s
155450K .......... .......... .......... .......... .......... 64% 4.11M 6s
155500K .......... .......... .......... .......... .......... 64% 68.1M 6s
155550K .......... .......... .......... .......... .......... 64%  112M 6s
155600K .......... .......... .......... .......... .......... 64% 5.95M 6s
155650K .......... .......... .......... .......... .......... 64% 6.74M 6s
155700K .......... .......... .......... .......... .......... 64%  116M 6s
155750K .......... .......... .......... .......... .......... 64% 2.50M 6s
155800K .......... .......... .......... .......... .......... 64%  115M 6s
155850K .......... .......... .......... .......... .......... 64% 10.1M 6s
155900K .......... .......... .......... .......... .......... 64%  117M 6s
155950K .......... .......... .......... .......... .......... 64%  117M 6s
156000K .......... .......... .......... .......... .......... 64% 11.7M 6s
156050K .......... .......... .......... .......... .......... 64%  118M 6s
156100K .......... .......... .......... .......... .......... 64%  114M 6s
156150K .......... .......... .......... .......... .......... 64%  118M 6s
156200K .......... .......... .......... .......... .......... 64%  115M 6s
156250K .......... .......... .......... .......... .......... 64%  115M 6s
156300K .......... .......... .......... .......... .......... 64%  115M 6s
156350K .......... .......... .......... .......... .......... 64%  118M 6s
156400K .......... .......... .......... .......... .......... 64% 89.2M 6s
156450K .......... .......... .......... .......... .......... 64%  115M 6s
156500K .......... .......... .......... .......... .......... 64%  116M 6s
156550K .......... .......... .......... .......... .......... 64%  114M 6s
156600K .......... .......... .......... .......... .......... 64%  114M 6s
156650K .......... .......... .......... .......... .......... 64%  117M 6s
156700K .......... .......... .......... .......... .......... 64%  118M 6s
156750K .......... .......... .......... .......... .......... 64%  115M 6s
156800K .......... .......... .......... .......... .......... 64% 90.0M 6s
143850K .......... .......... .......... .......... .......... 59%  777K 8s
156850K .......... .......... .......... .......... .......... 64% 50.2M 6s
156900K .......... .......... .......... .......... .......... 64%  117M 6s
156950K .......... .......... .......... .......... .......... 64%  117M 6s
157000K .......... .......... .......... .......... .......... 64%  115M 6s
157050K .......... .......... .......... .......... .......... 64%  117M 6s
157100K .......... .......... .......... .......... .......... 64% 10.8M 6s
157150K .......... .......... .......... .......... .......... 64% 64.0M 6s
157200K .......... .......... .......... .......... .......... 64% 85.8M 6s
157250K .......... .......... .......... .......... .......... 64% 88.4M 6s
157300K .......... .......... .......... .......... .......... 64% 6.71M 6s
157350K .......... .......... .......... .......... .......... 64% 11.1M 6s
157400K .......... .......... .......... .......... .......... 64% 12.0M 6s
143900K .......... .......... .......... .......... .......... 59% 1.90M 8s
157450K .......... .......... .......... .......... .......... 65% 11.3M 6s
157500K .......... .......... .......... .......... .......... 65% 11.7M 6s
157550K .......... .......... .......... .......... .......... 65%  114M 6s
157600K .......... .......... .......... .......... .......... 65% 78.8M 6s
143950K .......... .......... .......... .......... .......... 59% 1.52M 8s
144000K .......... .......... .......... .......... .......... 59% 92.2M 8s
144050K .......... .......... .......... .......... .......... 59%  111M 8s
144100K .......... .......... .......... .......... .......... 59%  114M 8s
144150K .......... .......... .......... .......... .......... 59%  116M 8s
144200K .......... .......... .......... .......... .......... 59% 30.7M 8s
144250K .......... .......... .......... .......... .......... 59% 80.0M 8s
144300K .......... .......... .......... .......... .......... 59%  117M 8s
144350K .......... .......... .......... .......... .......... 59%  117M 8s
144400K .......... .......... .......... .......... .......... 59% 88.8M 8s
144450K .......... .......... .......... .......... .......... 59%  117M 8s
144500K .......... .......... .......... .......... .......... 59%  117M 8s
144550K .......... .......... .......... .......... .......... 59% 26.8M 8s
144600K .......... .......... .......... .......... .......... 59%  115M 8s
144650K .......... .......... .......... .......... .......... 59%  115M 8s
144700K .......... .......... .......... .......... .......... 59%  119M 8s
144750K .......... .......... .......... .......... .......... 59%  117M 8s
144800K .......... .......... .......... .......... .......... 59% 75.1M 8s
144850K .......... .......... .......... .......... .......... 59% 22.8M 8s
144900K .......... .......... .......... .......... .......... 59%  135M 8s
144950K .......... .......... .......... .......... .......... 59%  115M 8s
145000K .......... .......... .......... .......... .......... 59%  113M 7s
145050K .......... .......... .......... .......... .......... 59%  121M 7s
145100K .......... .......... .......... .......... .......... 59%  114M 7s
145150K .......... .......... .......... .......... .......... 59%  117M 7s
145200K .......... .......... .......... .......... .......... 59% 88.8M 7s
145250K .......... .......... .......... .......... .......... 59%  117M 7s
145300K .......... .......... .......... .......... .......... 59%  117M 7s
145350K .......... .......... .......... .......... .......... 60%  116M 7s
145400K .......... .......... .......... .......... .......... 60%  115M 7s
145450K .......... .......... .......... .......... .......... 60%  117M 7s
145500K .......... .......... .......... .......... .......... 60%  117M 7s
145550K .......... .......... .......... .......... .......... 60%  117M 7s
145600K .......... .......... .......... .......... .......... 60% 89.4M 7s
145650K .......... .......... .......... .......... .......... 60%  117M 7s
145700K .......... .......... .......... .......... .......... 60%  117M 7s
145750K .......... .......... .......... .......... .......... 60%  117M 7s
145800K .......... .......... .......... .......... .......... 60%  115M 7s
145850K .......... .......... .......... .......... .......... 60%  117M 7s
145900K .......... .......... .......... .......... .......... 60%  117M 7s
145950K .......... .......... .......... .......... .......... 60%  117M 7s
146000K .......... .......... .......... .......... .......... 60% 86.9M 7s
146050K .......... .......... .......... .......... .......... 60%  117M 7s
146100K .......... .......... .......... .......... .......... 60%  117M 7s
146150K .......... .......... .......... .......... .......... 60% 35.1M 7s
146200K .......... .......... .......... .......... .......... 60%  114M 7s
146250K .......... .......... .......... .......... .......... 60%  118M 7s
146300K .......... .......... .......... .......... .......... 60%  117M 7s
146350K .......... .......... .......... .......... .......... 60%  117M 7s
146400K .......... .......... .......... .......... .......... 60% 21.4M 7s
146450K .......... .......... .......... .......... .......... 60%  117M 7s
146500K .......... .......... .......... .......... .......... 60%  117M 7s
146550K .......... .......... .......... .......... .......... 60%  117M 7s
146600K .......... .......... .......... .......... .......... 60%  115M 7s
157650K .......... .......... .......... .......... .......... 65%  688K 6s
157700K .......... .......... .......... .......... .......... 65%  170M 6s
157750K .......... .......... .......... .......... .......... 65%  123M 6s
157800K .......... .......... .......... .......... .......... 65%  113M 6s
157850K .......... .......... .......... .......... .......... 65%  118M 6s
157900K .......... .......... .......... .......... .......... 65%  112M 6s
157950K .......... .......... .......... .......... .......... 65%  122M 6s
158000K .......... .......... .......... .......... .......... 65% 88.7M 6s
158050K .......... .......... .......... .......... .......... 65%  116M 6s
158100K .......... .......... .......... .......... .......... 65%  116M 6s
158150K .......... .......... .......... .......... .......... 65%  114M 6s
158200K .......... .......... .......... .......... .......... 65%  116M 6s
158250K .......... .......... .......... .......... .......... 65%  117M 6s
158300K .......... .......... .......... .......... .......... 65%  117M 6s
158350K .......... .......... .......... .......... .......... 65% 24.1M 6s
158400K .......... .......... .......... .......... .......... 65% 31.3M 6s
158450K .......... .......... .......... .......... .......... 65%  100M 6s
158500K .......... .......... .......... .......... .......... 65% 4.12M 6s
158550K .......... .......... .......... .......... .......... 65% 64.4M 6s
158600K .......... .......... .......... .......... .......... 65% 5.96M 6s
158650K .......... .......... .......... .......... .......... 65%  118M 6s
158700K .......... .......... .......... .......... .......... 65% 6.83M 6s
158750K .......... .......... .......... .......... .......... 65%  117M 6s
146650K .......... .......... .......... .......... .......... 60%  686K 7s
158800K .......... .......... .......... .......... .......... 65% 2.50M 6s
158850K .......... .......... .......... .......... .......... 65% 82.3M 6s
158900K .......... .......... .......... .......... .......... 65% 9.99M 6s
158950K .......... .......... .......... .......... .......... 65%  114M 6s
159000K .......... .......... .......... .......... .......... 65%  115M 6s
159050K .......... .......... .......... .......... .......... 65% 12.0M 6s
159100K .......... .......... .......... .......... .......... 65% 94.1M 6s
159150K .......... .......... .......... .......... .......... 65%  109M 6s
159200K .......... .......... .......... .......... .......... 65% 87.2M 6s
159250K .......... .......... .......... .......... .......... 65%  117M 6s
159300K .......... .......... .......... .......... .......... 65% 12.5M 6s
159350K .......... .......... .......... .......... .......... 65%  120M 6s
159400K .......... .......... .......... .......... .......... 65%  113M 6s
159450K .......... .......... .......... .......... .......... 65%  116M 6s
159500K .......... .......... .......... .......... .......... 65%  117M 6s
159550K .......... .......... .......... .......... .......... 65%  118M 6s
159600K .......... .......... .......... .......... .......... 65% 87.8M 6s
159650K .......... .......... .......... .......... .......... 65%  114M 6s
159700K .......... .......... .......... .......... .......... 65%  121M 6s
159750K .......... .......... .......... .......... .......... 65%  114M 6s
159800K .......... .......... .......... .......... .......... 65%  112M 6s
159850K .......... .......... .......... .......... .......... 65%  118M 6s
146700K .......... .......... .......... .......... .......... 60% 1.96M 7s
159900K .......... .......... .......... .......... .......... 66% 52.6M 6s
159950K .......... .......... .......... .......... .......... 66%  117M 6s
160000K .......... .......... .......... .......... .......... 66% 88.7M 6s
160050K .......... .......... .......... .......... .......... 66%  117M 6s
160100K .......... .......... .......... .......... .......... 66%  117M 6s
160150K .......... .......... .......... .......... .......... 66% 59.6M 6s
160200K .......... .......... .......... .......... .......... 66% 58.2M 6s
160250K .......... .......... .......... .......... .......... 66%  117M 6s
160300K .......... .......... .......... .......... .......... 66% 98.0M 6s
160350K .......... .......... .......... .......... .......... 66%  100M 6s
160400K .......... .......... .......... .......... .......... 66% 4.29M 6s
146750K .......... .......... .......... .......... .......... 60% 2.22M 7s
160450K .......... .......... .......... .......... .......... 66% 6.12M 6s
160500K .......... .......... .......... .......... .......... 66%  125M 6s
160550K .......... .......... .......... .......... .......... 66% 11.8M 6s
160600K .......... .......... .......... .......... .......... 66%  108M 6s
160650K .......... .......... .......... .......... .......... 66%  103M 6s
160700K .......... .......... .......... .......... .......... 66%  114M 6s
146800K .......... .......... .......... .......... .......... 60% 1.50M 7s
146850K .......... .......... .......... .......... .......... 60%  118M 7s
146900K .......... .......... .......... .......... .......... 60%  117M 7s
146950K .......... .......... .......... .......... .......... 60%  114M 7s
147000K .......... .......... .......... .......... .......... 60%  107M 7s
147050K .......... .......... .......... .......... .......... 60% 27.4M 7s
147100K .......... .......... .......... .......... .......... 60%  116M 7s
147150K .......... .......... .......... .......... .......... 60%  116M 7s
147200K .......... .......... .......... .......... .......... 60% 87.3M 7s
147250K .......... .......... .......... .......... .......... 60%  117M 7s
147300K .......... .......... .......... .......... .......... 60%  107M 7s
147350K .......... .......... .......... .......... .......... 60%  117M 7s
147400K .......... .......... .......... .......... .......... 60% 27.1M 7s
147450K .......... .......... .......... .......... .......... 60%  117M 7s
147500K .......... .......... .......... .......... .......... 60%  116M 7s
147550K .......... .......... .......... .......... .......... 60%  117M 7s
147600K .......... .......... .......... .......... .......... 60% 87.5M 7s
147650K .......... .......... .......... .......... .......... 60% 94.7M 7s
147700K .......... .......... .......... .......... .......... 60% 24.2M 7s
147750K .......... .......... .......... .......... .......... 61%  106M 7s
147800K .......... .......... .......... .......... .......... 61% 20.4M 7s
147850K .......... .......... .......... .......... .......... 61%  117M 7s
147900K .......... .......... .......... .......... .......... 61%  117M 7s
147950K .......... .......... .......... .......... .......... 61%  117M 7s
148000K .......... .......... .......... .......... .......... 61% 87.3M 7s
148050K .......... .......... .......... .......... .......... 61%  120M 7s
148100K .......... .......... .......... .......... .......... 61%  113M 7s
148150K .......... .......... .......... .......... .......... 61%  117M 7s
148200K .......... .......... .......... .......... .......... 61%  115M 7s
148250K .......... .......... .......... .......... .......... 61%  117M 7s
148300K .......... .......... .......... .......... .......... 61%  115M 7s
148350K .......... .......... .......... .......... .......... 61%  119M 7s
148400K .......... .......... .......... .......... .......... 61% 88.8M 7s
148450K .......... .......... .......... .......... .......... 61%  117M 7s
148500K .......... .......... .......... .......... .......... 61%  117M 7s
148550K .......... .......... .......... .......... .......... 61%  117M 7s
148600K .......... .......... .......... .......... .......... 61%  115M 7s
148650K .......... .......... .......... .......... .......... 61%  117M 7s
148700K .......... .......... .......... .......... .......... 61%  116M 7s
148750K .......... .......... .......... .......... .......... 61%  117M 7s
148800K .......... .......... .......... .......... .......... 61% 89.5M 7s
148850K .......... .......... .......... .......... .......... 61%  117M 7s
148900K .......... .......... .......... .......... .......... 61%  116M 7s
148950K .......... .......... .......... .......... .......... 61%  117M 7s
149000K .......... .......... .......... .......... .......... 61%  115M 7s
149050K .......... .......... .......... .......... .......... 61%  115M 7s
149100K .......... .......... .......... .......... .......... 61%  118M 7s
149150K .......... .......... .......... .......... .......... 61%  116M 7s
149200K .......... .......... .......... .......... .......... 61% 87.3M 7s
149250K .......... .......... .......... .......... .......... 61% 41.7M 7s
149300K .......... .......... .......... .......... .......... 61%  117M 7s
160750K .......... .......... .......... .......... .......... 66%  689K 6s
160800K .......... .......... .......... .......... .......... 66% 89.2M 6s
160850K .......... .......... .......... .......... .......... 66%  117M 6s
160900K .......... .......... .......... .......... .......... 66% 11.4M 6s
160950K .......... .......... .......... .......... .......... 66%  140M 6s
161000K .......... .......... .......... .......... .......... 66%  114M 6s
161050K .......... .......... .......... .......... .......... 66%  117M 6s
161100K .......... .......... .......... .......... .......... 66%  117M 6s
161150K .......... .......... .......... .......... .......... 66%  116M 6s
161200K .......... .......... .......... .......... .......... 66% 88.7M 6s
161250K .......... .......... .......... .......... .......... 66%  115M 6s
161300K .......... .......... .......... .......... .......... 66%  116M 6s
161350K .......... .......... .......... .......... .......... 66%  118M 6s
161400K .......... .......... .......... .......... .......... 66%  113M 6s
161450K .......... .......... .......... .......... .......... 66%  113M 6s
161500K .......... .......... .......... .......... .......... 66%  120M 6s
161550K .......... .......... .......... .......... .......... 66% 4.67M 6s
161600K .......... .......... .......... .......... .......... 66% 43.6M 6s
161650K .......... .......... .......... .......... .......... 66%  117M 6s
161700K .......... .......... .......... .......... .......... 66% 5.98M 6s
161750K .......... .......... .......... .......... .......... 66% 6.87M 6s
161800K .......... .......... .......... .......... .......... 66% 3.09M 6s
161850K .......... .......... .......... .......... .......... 66% 12.0M 6s
161900K .......... .......... .......... .......... .......... 66% 63.3M 6s
161950K .......... .......... .......... .......... .......... 66% 10.5M 6s
162000K .......... .......... .......... .......... .......... 66% 71.1M 6s
162050K .......... .......... .......... .......... .......... 66%  117M 6s
162100K .......... .......... .......... .......... .......... 66% 11.6M 6s
162150K .......... .......... .......... .......... .......... 66%  130M 6s
162200K .......... .......... .......... .......... .......... 66%  115M 6s
162250K .......... .......... .......... .......... .......... 66%  115M 6s
162300K .......... .......... .......... .......... .......... 67% 12.0M 6s
162350K .......... .......... .......... .......... .......... 67%  178M 6s
162400K .......... .......... .......... .......... .......... 67% 85.7M 6s
162450K .......... .......... .......... .......... .......... 67% 12.1M 6s
162500K .......... .......... .......... .......... .......... 67%  117M 6s
162550K .......... .......... .......... .......... .......... 67%  116M 6s
162600K .......... .......... .......... .......... .......... 67%  116M 6s
162650K .......... .......... .......... .......... .......... 67%  116M 6s
162700K .......... .......... .......... .......... .......... 67%  115M 6s
162750K .......... .......... .......... .......... .......... 67%  118M 6s
162800K .......... .......... .......... .......... .......... 67% 88.7M 6s
162850K .......... .......... .......... .......... .......... 67%  117M 6s
162900K .......... .......... .......... .......... .......... 67%  116M 6s
162950K .......... .......... .......... .......... .......... 67%  114M 6s
163000K .......... .......... .......... .......... .......... 67%  115M 6s
163050K .......... .......... .......... .......... .......... 67%  117M 6s
163100K .......... .......... .......... .......... .......... 67%  116M 6s
163150K .......... .......... .......... .......... .......... 67%  117M 6s
163200K .......... .......... .......... .......... .......... 67% 89.7M 6s
163250K .......... .......... .......... .......... .......... 67%  116M 6s
163300K .......... .......... .......... .......... .......... 67%  117M 6s
163350K .......... .......... .......... .......... .......... 67%  117M 6s
163400K .......... .......... .......... .......... .......... 67% 9.91M 6s
163450K .......... .......... .......... .......... .......... 67%  105M 6s
163500K .......... .......... .......... .......... .......... 67% 10.8M 6s
149350K .......... .......... .......... .......... .......... 61%  414K 7s
149400K .......... .......... .......... .......... .......... 61%  171M 7s
149450K .......... .......... .......... .......... .......... 61%  119M 7s
149500K .......... .......... .......... .......... .......... 61%  116M 7s
149550K .......... .......... .......... .......... .......... 61%  116M 7s
163550K .......... .......... .......... .......... .......... 67% 6.17M 6s
163600K .......... .......... .......... .......... .......... 67% 11.2M 6s
163650K .......... .......... .......... .......... .......... 67% 95.3M 6s
163700K .......... .......... .......... .......... .......... 67%  117M 6s
149600K .......... .......... .......... .......... .......... 61% 1.60M 7s
149650K .......... .......... .......... .......... .......... 61%  115M 7s
149700K .......... .......... .......... .......... .......... 61%  112M 7s
149750K .......... .......... .......... .......... .......... 61%  117M 7s
149800K .......... .......... .......... .......... .......... 61%  115M 7s
149850K .......... .......... .......... .......... .......... 61%  116M 7s
149900K .......... .......... .......... .......... .......... 61% 27.1M 7s
149950K .......... .......... .......... .......... .......... 61%  115M 7s
150000K .......... .......... .......... .......... .......... 61% 90.3M 7s
150050K .......... .......... .......... .......... .......... 61%  106M 7s
150100K .......... .......... .......... .......... .......... 61%  117M 7s
150150K .......... .......... .......... .......... .......... 61%  117M 7s
150200K .......... .......... .......... .......... .......... 62% 28.7M 7s
150250K .......... .......... .......... .......... .......... 62%  105M 7s
150300K .......... .......... .......... .......... .......... 62%  106M 7s
150350K .......... .......... .......... .......... .......... 62%  106M 7s
150400K .......... .......... .......... .......... .......... 62% 87.0M 7s
150450K .......... .......... .......... .......... .......... 62%  115M 7s
150500K .......... .......... .......... .......... .......... 62% 96.1M 7s
150550K .......... .......... .......... .......... .......... 62% 24.8M 7s
150600K .......... .......... .......... .......... .......... 62%  106M 7s
150650K .......... .......... .......... .......... .......... 62% 20.1M 7s
150700K .......... .......... .......... .......... .......... 62%  117M 7s
150750K .......... .......... .......... .......... .......... 62% 20.3M 7s
150800K .......... .......... .......... .......... .......... 62%  105M 7s
150850K .......... .......... .......... .......... .......... 62%  117M 7s
150900K .......... .......... .......... .......... .......... 62%  117M 7s
150950K .......... .......... .......... .......... .......... 62%  116M 7s
151000K .......... .......... .......... .......... .......... 62%  115M 7s
151050K .......... .......... .......... .......... .......... 62%  117M 7s
163750K .......... .......... .......... .......... .......... 67% 1.08M 6s
151100K .......... .......... .......... .......... .......... 62% 70.8M 7s
151150K .......... .......... .......... .......... .......... 62%  117M 7s
151200K .......... .......... .......... .......... .......... 62% 87.0M 7s
151250K .......... .......... .......... .......... .......... 62%  117M 7s
151300K .......... .......... .......... .......... .......... 62%  117M 7s
151350K .......... .......... .......... .......... .......... 62%  117M 7s
151400K .......... .......... .......... .......... .......... 62%  115M 7s
151450K .......... .......... .......... .......... .......... 62%  117M 7s
151500K .......... .......... .......... .......... .......... 62%  117M 7s
151550K .......... .......... .......... .......... .......... 62%  117M 7s
151600K .......... .......... .......... .......... .......... 62% 88.8M 7s
151650K .......... .......... .......... .......... .......... 62%  117M 7s
151700K .......... .......... .......... .......... .......... 62%  117M 7s
151750K .......... .......... .......... .......... .......... 62%  117M 7s
151800K .......... .......... .......... .......... .......... 62%  115M 7s
151850K .......... .......... .......... .......... .......... 62%  117M 7s
151900K .......... .......... .......... .......... .......... 62%  116M 7s
151950K .......... .......... .......... .......... .......... 62%  118M 7s
152000K .......... .......... .......... .......... .......... 62% 89.4M 7s
152050K .......... .......... .......... .......... .......... 62%  117M 7s
152100K .......... .......... .......... .......... .......... 62%  117M 7s
152150K .......... .......... .......... .......... .......... 62%  117M 7s
163800K .......... .......... .......... .......... .......... 67% 1.76M 6s
163850K .......... .......... .......... .......... .......... 67%  119M 6s
163900K .......... .......... .......... .......... .......... 67%  117M 6s
163950K .......... .......... .......... .......... .......... 67%  117M 6s
164000K .......... .......... .......... .......... .......... 67% 11.3M 6s
164050K .......... .......... .......... .......... .......... 67% 12.2M 6s
164100K .......... .......... .......... .......... .......... 67%  119M 6s
164150K .......... .......... .......... .......... .......... 67%  115M 6s
164200K .......... .......... .......... .......... .......... 67%  113M 6s
164250K .......... .......... .......... .......... .......... 67%  117M 6s
164300K .......... .......... .......... .......... .......... 67%  118M 6s
164350K .......... .......... .......... .......... .......... 67%  118M 6s
164400K .......... .......... .......... .......... .......... 67% 86.0M 6s
164450K .......... .......... .......... .......... .......... 67%  120M 6s
164500K .......... .......... .......... .......... .......... 67%  118M 6s
164550K .......... .......... .......... .......... .......... 67%  114M 6s
164600K .......... .......... .......... .......... .......... 67% 7.17M 6s
164650K .......... .......... .......... .......... .......... 67% 69.6M 6s
164700K .......... .......... .......... .......... .......... 67% 65.4M 6s
164750K .......... .......... .......... .......... .......... 68% 5.99M 6s
164800K .......... .......... .......... .......... .......... 68% 6.72M 6s
164850K .......... .......... .......... .......... .......... 68% 3.12M 6s
164900K .......... .......... .......... .......... .......... 68% 10.7M 6s
164950K .......... .......... .......... .......... .......... 68% 97.6M 6s
165000K .......... .......... .......... .......... .......... 68% 10.9M 5s
165050K .......... .......... .......... .......... .......... 68% 64.4M 5s
165100K .......... .......... .......... .......... .......... 68%  117M 5s
165150K .......... .......... .......... .......... .......... 68%  115M 5s
165200K .......... .......... .......... .......... .......... 68% 11.6M 5s
165250K .......... .......... .......... .......... .......... 68%  105M 5s
165300K .......... .......... .......... .......... .......... 68%  117M 5s
165350K .......... .......... .......... .......... .......... 68% 13.2M 5s
165400K .......... .......... .......... .......... .......... 68% 92.4M 5s
165450K .......... .......... .......... .......... .......... 68%  100M 5s
165500K .......... .......... .......... .......... .......... 68% 12.1M 5s
165550K .......... .......... .......... .......... .......... 68% 11.9M 5s
165600K .......... .......... .......... .......... .......... 68% 89.7M 5s
165650K .......... .......... .......... .......... .......... 68%  117M 5s
165700K .......... .......... .......... .......... .......... 68%  115M 5s
165750K .......... .......... .......... .......... .......... 68%  120M 5s
165800K .......... .......... .......... .......... .......... 68%  110M 5s
165850K .......... .......... .......... .......... .......... 68%  118M 5s
165900K .......... .......... .......... .......... .......... 68%  120M 5s
165950K .......... .......... .......... .......... .......... 68%  117M 5s
166000K .......... .......... .......... .......... .......... 68% 87.7M 5s
166050K .......... .......... .......... .......... .......... 68%  115M 5s
166100K .......... .......... .......... .......... .......... 68%  117M 5s
166150K .......... .......... .......... .......... .......... 68%  116M 5s
166200K .......... .......... .......... .......... .......... 68%  115M 5s
166250K .......... .......... .......... .......... .......... 68%  117M 5s
166300K .......... .......... .......... .......... .......... 68%  117M 5s
166350K .......... .......... .......... .......... .......... 68%  115M 5s
166400K .......... .......... .......... .......... .......... 68% 89.9M 5s
166450K .......... .......... .......... .......... .......... 68% 43.1M 5s
166500K .......... .......... .......... .......... .......... 68% 10.4M 5s
166550K .......... .......... .......... .......... .......... 68%  134M 5s
152200K .......... .......... .......... .......... .......... 62%  419K 7s
152250K .......... .......... .......... .......... .......... 62%  117M 7s
152300K .......... .......... .......... .......... .......... 62%  118M 7s
166600K .......... .......... .......... .......... .......... 68% 4.31M 5s
166650K .......... .......... .......... .......... .......... 68% 70.4M 5s
166700K .......... .......... .......... .......... .......... 68% 80.8M 5s
166750K .......... .......... .......... .......... .......... 68%  106M 5s
152350K .......... .......... .......... .......... .......... 62% 1.51M 7s
152400K .......... .......... .......... .......... .......... 62% 87.0M 7s
152450K .......... .......... .......... .......... .......... 62%  120M 7s
152500K .......... .......... .......... .......... .......... 62%  115M 7s
152550K .......... .......... .......... .......... .......... 62%  115M 7s
152600K .......... .......... .......... .......... .......... 63%  115M 7s
152650K .......... .......... .......... .......... .......... 63%  116M 7s
152700K .......... .......... .......... .......... .......... 63%  117M 7s
152750K .......... .......... .......... .......... .......... 63%  110M 7s
152800K .......... .......... .......... .......... .......... 63% 93.4M 7s
152850K .......... .......... .......... .......... .......... 63%  117M 7s
152900K .......... .......... .......... .......... .......... 63%  116M 7s
152950K .......... .......... .......... .......... .......... 63%  117M 7s
153000K .......... .......... .......... .......... .......... 63% 44.5M 7s
153050K .......... .......... .......... .......... .......... 63% 86.5M 7s
153100K .......... .......... .......... .......... .......... 63%  110M 7s
153150K .......... .......... .......... .......... .......... 63% 97.0M 7s
153200K .......... .......... .......... .......... .......... 63% 85.2M 7s
153250K .......... .......... .......... .......... .......... 63%  110M 7s
153300K .......... .......... .......... .......... .......... 63%  113M 7s
153350K .......... .......... .......... .......... .......... 63% 24.7M 7s
153400K .......... .......... .......... .......... .......... 63% 94.5M 7s
153450K .......... .......... .......... .......... .......... 63% 21.9M 7s
153500K .......... .......... .......... .......... .......... 63% 84.4M 7s
153550K .......... .......... .......... .......... .......... 63%  104M 7s
153600K .......... .......... .......... .......... .......... 63% 19.8M 7s
153650K .......... .......... .......... .......... .......... 63%  117M 7s
153700K .......... .......... .......... .......... .......... 63%  117M 7s
153750K .......... .......... .......... .......... .......... 63%  116M 7s
153800K .......... .......... .......... .......... .......... 63% 19.0M 7s
153850K .......... .......... .......... .......... .......... 63%  116M 7s
153900K .......... .......... .......... .......... .......... 63%  116M 7s
153950K .......... .......... .......... .......... .......... 63%  116M 7s
154000K .......... .......... .......... .......... .......... 63% 88.6M 7s
154050K .......... .......... .......... .......... .......... 63%  120M 7s
154100K .......... .......... .......... .......... .......... 63%  113M 7s
154150K .......... .......... .......... .......... .......... 63%  117M 7s
154200K .......... .......... .......... .......... .......... 63%  115M 7s
154250K .......... .......... .......... .......... .......... 63%  115M 7s
154300K .......... .......... .......... .......... .......... 63%  118M 7s
154350K .......... .......... .......... .......... .......... 63%  115M 7s
154400K .......... .......... .......... .......... .......... 63% 90.3M 7s
154450K .......... .......... .......... .......... .......... 63%  117M 7s
154500K .......... .......... .......... .......... .......... 63%  117M 7s
154550K .......... .......... .......... .......... .......... 63%  117M 7s
154600K .......... .......... .......... .......... .......... 63%  115M 7s
154650K .......... .......... .......... .......... .......... 63%  117M 7s
154700K .......... .......... .......... .......... .......... 63%  117M 7s
154750K .......... .......... .......... .......... .......... 63%  117M 7s
154800K .......... .......... .......... .......... .......... 63% 88.8M 7s
154850K .......... .......... .......... .......... .......... 63%  117M 7s
154900K .......... .......... .......... .......... .......... 63%  117M 7s
154950K .......... .......... .......... .......... .......... 63%  117M 7s
166800K .......... .......... .......... .......... .......... 68%  685K 5s
166850K .......... .......... .......... .......... .......... 68%  161M 5s
166900K .......... .......... .......... .......... .......... 68%  118M 5s
166950K .......... .......... .......... .......... .......... 68%  116M 5s
167000K .......... .......... .......... .......... .......... 68%  114M 5s
167050K .......... .......... .......... .......... .......... 68% 12.2M 5s
167100K .......... .......... .......... .......... .......... 68% 12.5M 5s
167150K .......... .......... .......... .......... .......... 69% 84.0M 5s
167200K .......... .......... .......... .......... .......... 69% 11.5M 5s
167250K .......... .......... .......... .......... .......... 69%  117M 5s
167300K .......... .......... .......... .......... .......... 69%  117M 5s
167350K .......... .......... .......... .......... .......... 69%  117M 5s
167400K .......... .......... .......... .......... .......... 69%  115M 5s
167450K .......... .......... .......... .......... .......... 69%  117M 5s
167500K .......... .......... .......... .......... .......... 69%  114M 5s
167550K .......... .......... .......... .......... .......... 69%  118M 5s
167600K .......... .......... .......... .......... .......... 69% 89.8M 5s
167650K .......... .......... .......... .......... .......... 69% 16.0M 5s
167700K .......... .......... .......... .......... .......... 69% 67.5M 5s
167750K .......... .......... .......... .......... .......... 69% 66.3M 5s
155000K .......... .......... .......... .......... .......... 63% 1.22M 7s
167800K .......... .......... .......... .......... .......... 69% 5.25M 5s
167850K .......... .......... .......... .......... .......... 69% 8.19M 5s
167900K .......... .......... .......... .......... .......... 69% 3.12M 5s
167950K .......... .......... .......... .......... .......... 69% 10.5M 5s
168000K .......... .......... .......... .......... .......... 69% 85.8M 5s
168050K .......... .......... .......... .......... .......... 69% 10.5M 5s
168100K .......... .......... .......... .......... .......... 69% 84.1M 5s
168150K .......... .......... .......... .......... .......... 69% 95.5M 5s
168200K .......... .......... .......... .......... .......... 69%  113M 5s
168250K .......... .......... .......... .......... .......... 69% 12.1M 5s
168300K .......... .......... .......... .......... .......... 69%  117M 5s
168350K .......... .......... .......... .......... .......... 69%  106M 5s
168400K .......... .......... .......... .......... .......... 69% 13.3M 5s
168450K .......... .......... .......... .......... .......... 69% 72.7M 5s
168500K .......... .......... .......... .......... .......... 69%  100M 5s
168550K .......... .......... .......... .......... .......... 69% 6.31M 5s
168600K .......... .......... .......... .......... .......... 69% 12.0M 5s
168650K .......... .......... .......... .......... .......... 69%  117M 5s
168700K .......... .......... .......... .......... .......... 69%  117M 5s
168750K .......... .......... .......... .......... .......... 69%  115M 5s
168800K .......... .......... .......... .......... .......... 69% 88.5M 5s
168850K .......... .......... .......... .......... .......... 69%  118M 5s
168900K .......... .......... .......... .......... .......... 69%  118M 5s
168950K .......... .......... .......... .......... .......... 69%  116M 5s
169000K .......... .......... .......... .......... .......... 69%  113M 5s
169050K .......... .......... .......... .......... .......... 69%  114M 5s
169100K .......... .......... .......... .......... .......... 69%  116M 5s
169150K .......... .......... .......... .......... .......... 69%  119M 5s
169200K .......... .......... .......... .......... .......... 69% 88.7M 5s
169250K .......... .......... .......... .......... .......... 69%  117M 5s
169300K .......... .......... .......... .......... .......... 69%  117M 5s
169350K .......... .......... .......... .......... .......... 69%  117M 5s
169400K .......... .......... .......... .......... .......... 69%  114M 5s
169450K .......... .......... .......... .......... .......... 69%  117M 5s
169500K .......... .......... .......... .......... .......... 69%  117M 5s
169550K .......... .......... .......... .......... .......... 70%  118M 5s
169600K .......... .......... .......... .......... .......... 70% 27.0M 5s
155050K .......... .......... .......... .......... .......... 64%  641K 7s
155100K .......... .......... .......... .......... .......... 64%  116M 7s
169650K .......... .......... .......... .......... .......... 70% 4.42M 5s
169700K .......... .......... .......... .......... .......... 70% 62.5M 5s
169750K .......... .......... .......... .......... .......... 70% 60.3M 5s
169800K .......... .......... .......... .......... .......... 70%  110M 5s
155150K .......... .......... .......... .......... .......... 64% 1.52M 7s
155200K .......... .......... .......... .......... .......... 64% 71.5M 7s
155250K .......... .......... .......... .......... .......... 64%  117M 7s
155300K .......... .......... .......... .......... .......... 64%  117M 7s
155350K .......... .......... .......... .......... .......... 64% 20.8M 7s
155400K .......... .......... .......... .......... .......... 64%  115M 7s
155450K .......... .......... .......... .......... .......... 64%  120M 7s
155500K .......... .......... .......... .......... .......... 64%  115M 7s
155550K .......... .......... .......... .......... .......... 64%  115M 7s
155600K .......... .......... .......... .......... .......... 64% 90.4M 7s
155650K .......... .......... .......... .......... .......... 64%  115M 7s
155700K .......... .......... .......... .......... .......... 64%  117M 7s
155750K .......... .......... .......... .......... .......... 64%  117M 7s
155800K .......... .......... .......... .......... .......... 64%  115M 7s
155850K .......... .......... .......... .......... .......... 64%  117M 7s
155900K .......... .......... .......... .......... .......... 64%  117M 7s
155950K .......... .......... .......... .......... .......... 64%  116M 7s
156000K .......... .......... .......... .......... .......... 64% 87.5M 7s
156050K .......... .......... .......... .......... .......... 64%  117M 7s
156100K .......... .......... .......... .......... .......... 64%  117M 7s
156150K .......... .......... .......... .......... .......... 64%  117M 7s
156200K .......... .......... .......... .......... .......... 64% 43.8M 7s
156250K .......... .......... .......... .......... .......... 64% 20.7M 7s
156300K .......... .......... .......... .......... .......... 64%  141M 7s
156350K .......... .......... .......... .......... .......... 64% 79.3M 7s
169850K .......... .......... .......... .......... .......... 70% 1.19M 5s
156400K .......... .......... .......... .......... .......... 64% 20.5M 7s
156450K .......... .......... .......... .......... .......... 64% 96.7M 7s
156500K .......... .......... .......... .......... .......... 64%  109M 7s
156550K .......... .......... .......... .......... .......... 64%  117M 7s
156600K .......... .......... .......... .......... .......... 64%  114M 7s
156650K .......... .......... .......... .......... .......... 64% 19.7M 7s
156700K .......... .......... .......... .......... .......... 64%  112M 7s
156750K .......... .......... .......... .......... .......... 64%  117M 6s
156800K .......... .......... .......... .......... .......... 64% 89.5M 6s
156850K .......... .......... .......... .......... .......... 64%  117M 6s
156900K .......... .......... .......... .......... .......... 64%  117M 6s
156950K .......... .......... .......... .......... .......... 64% 20.4M 6s
157000K .......... .......... .......... .......... .......... 64%  126M 6s
157050K .......... .......... .......... .......... .......... 64%  119M 6s
157100K .......... .......... .......... .......... .......... 64%  116M 6s
157150K .......... .......... .......... .......... .......... 64%  116M 6s
157200K .......... .......... .......... .......... .......... 64% 86.6M 6s
157250K .......... .......... .......... .......... .......... 64%  117M 6s
157300K .......... .......... .......... .......... .......... 64%  117M 6s
157350K .......... .......... .......... .......... .......... 64%  117M 6s
157400K .......... .......... .......... .......... .......... 64%  115M 6s
157450K .......... .......... .......... .......... .......... 65%  117M 6s
157500K .......... .......... .......... .......... .......... 65%  117M 6s
157550K .......... .......... .......... .......... .......... 65%  117M 6s
157600K .......... .......... .......... .......... .......... 65% 88.8M 6s
157650K .......... .......... .......... .......... .......... 65%  117M 6s
157700K .......... .......... .......... .......... .......... 65%  117M 6s
157750K .......... .......... .......... .......... .......... 65%  117M 6s
157800K .......... .......... .......... .......... .......... 65%  115M 6s
157850K .......... .......... .......... .......... .......... 65%  117M 6s
169900K .......... .......... .......... .......... .......... 70% 1.51M 5s
169950K .......... .......... .......... .......... .......... 70%  143M 5s
170000K .......... .......... .......... .......... .......... 70% 87.9M 5s
170050K .......... .......... .......... .......... .......... 70%  116M 5s
170100K .......... .......... .......... .......... .......... 70% 12.1M 5s
170150K .......... .......... .......... .......... .......... 70% 13.0M 5s
170200K .......... .......... .......... .......... .......... 70% 65.3M 5s
170250K .......... .......... .......... .......... .......... 70% 6.19M 5s
170300K .......... .......... .......... .......... .......... 70%  118M 5s
170350K .......... .......... .......... .......... .......... 70%  117M 5s
170400K .......... .......... .......... .......... .......... 70% 89.5M 5s
170450K .......... .......... .......... .......... .......... 70%  114M 5s
170500K .......... .......... .......... .......... .......... 70%  115M 5s
170550K .......... .......... .......... .......... .......... 70%  118M 5s
170600K .......... .......... .......... .......... .......... 70%  115M 5s
170650K .......... .......... .......... .......... .......... 70%  117M 5s
170700K .......... .......... .......... .......... .......... 70%  115M 5s
170750K .......... .......... .......... .......... .......... 70%  118M 5s
170800K .......... .......... .......... .......... .......... 70% 88.0M 5s
170850K .......... .......... .......... .......... .......... 70% 5.60M 5s
170900K .......... .......... .......... .......... .......... 70% 8.33M 5s
170950K .......... .......... .......... .......... .......... 70% 3.15M 5s
171000K .......... .......... .......... .......... .......... 70% 10.1M 5s
171050K .......... .......... .......... .......... .......... 70%  105M 5s
171100K .......... .......... .......... .......... .......... 70% 10.6M 5s
171150K .......... .......... .......... .......... .......... 70% 88.0M 5s
171200K .......... .......... .......... .......... .......... 70% 74.0M 5s
171250K .......... .......... .......... .......... .......... 70% 13.3M 5s
171300K .......... .......... .......... .......... .......... 70% 60.6M 5s
171350K .......... .......... .......... .......... .......... 70%  111M 5s
171400K .......... .......... .......... .......... .......... 70%  112M 5s
171450K .......... .......... .......... .......... .......... 70% 14.4M 5s
171500K .......... .......... .......... .......... .......... 70% 59.8M 5s
171550K .......... .......... .......... .......... .......... 70% 91.8M 5s
171600K .......... .......... .......... .......... .......... 70% 3.18M 5s
171650K .......... .......... .......... .......... .......... 70%  168M 5s
171700K .......... .......... .......... .......... .......... 70%  117M 5s
171750K .......... .......... .......... .......... .......... 70%  117M 5s
171800K .......... .......... .......... .......... .......... 70%  116M 5s
171850K .......... .......... .......... .......... .......... 70%  114M 5s
171900K .......... .......... .......... .......... .......... 70%  116M 5s
171950K .......... .......... .......... .......... .......... 70%  118M 5s
172000K .......... .......... .......... .......... .......... 71% 87.6M 5s
172050K .......... .......... .......... .......... .......... 71%  115M 5s
172100K .......... .......... .......... .......... .......... 71%  120M 5s
172150K .......... .......... .......... .......... .......... 71%  114M 5s
172200K .......... .......... .......... .......... .......... 71%  116M 5s
172250K .......... .......... .......... .......... .......... 71%  115M 5s
172300K .......... .......... .......... .......... .......... 71%  118M 5s
172350K .......... .......... .......... .......... .......... 71%  117M 5s
172400K .......... .......... .......... .......... .......... 71% 89.6M 5s
172450K .......... .......... .......... .......... .......... 71%  117M 5s
172500K .......... .......... .......... .......... .......... 71%  117M 5s
172550K .......... .......... .......... .......... .......... 71%  117M 5s
172600K .......... .......... .......... .......... .......... 71%  116M 5s
172650K .......... .......... .......... .......... .......... 71%  117M 5s
157900K .......... .......... .......... .......... .......... 65%  434K 6s
157950K .......... .......... .......... .......... .......... 65%  119M 6s
172700K .......... .......... .......... .......... .......... 71% 5.58M 5s
172750K .......... .......... .......... .......... .......... 71%  109M 5s
172800K .......... .......... .......... .......... .......... 71% 42.3M 5s
172850K .......... .......... .......... .......... .......... 71%  116M 5s
158000K .......... .......... .......... .......... .......... 65% 1.51M 6s
158050K .......... .......... .......... .......... .......... 65% 85.2M 6s
158100K .......... .......... .......... .......... .......... 65% 79.8M 6s
158150K .......... .......... .......... .......... .......... 65%  117M 6s
158200K .......... .......... .......... .......... .......... 65%  116M 6s
158250K .......... .......... .......... .......... .......... 65% 22.2M 6s
158300K .......... .......... .......... .......... .......... 65%  116M 6s
158350K .......... .......... .......... .......... .......... 65%  117M 6s
158400K .......... .......... .......... .......... .......... 65% 87.0M 6s
158450K .......... .......... .......... .......... .......... 65%  117M 6s
158500K .......... .......... .......... .......... .......... 65% 19.0M 6s
158550K .......... .......... .......... .......... .......... 65%  120M 6s
158600K .......... .......... .......... .......... .......... 65%  112M 6s
158650K .......... .......... .......... .......... .......... 65%  117M 6s
158700K .......... .......... .......... .......... .......... 65%  117M 6s
158750K .......... .......... .......... .......... .......... 65%  120M 6s
158800K .......... .......... .......... .......... .......... 65% 86.0M 6s
158850K .......... .......... .......... .......... .......... 65%  117M 6s
158900K .......... .......... .......... .......... .......... 65%  117M 6s
158950K .......... .......... .......... .......... .......... 65%  117M 6s
159000K .......... .......... .......... .......... .......... 65%  115M 6s
159050K .......... .......... .......... .......... .......... 65%  117M 6s
159100K .......... .......... .......... .......... .......... 65% 83.7M 6s
159150K .......... .......... .......... .......... .......... 65%  104M 6s
159200K .......... .......... .......... .......... .......... 65% 64.9M 6s
172900K .......... .......... .......... .......... .......... 71% 1.19M 5s
159250K .......... .......... .......... .......... .......... 65% 22.0M 6s
159300K .......... .......... .......... .......... .......... 65% 88.8M 6s
159350K .......... .......... .......... .......... .......... 65%  104M 6s
159400K .......... .......... .......... .......... .......... 65%  115M 6s
159450K .......... .......... .......... .......... .......... 65%  117M 6s
159500K .......... .......... .......... .......... .......... 65% 20.2M 6s
159550K .......... .......... .......... .......... .......... 65%  103M 6s
159600K .......... .......... .......... .......... .......... 65% 86.8M 6s
159650K .......... .......... .......... .......... .......... 65%  117M 6s
159700K .......... .......... .......... .......... .......... 65%  117M 6s
159750K .......... .......... .......... .......... .......... 65%  117M 6s
159800K .......... .......... .......... .......... .......... 65% 20.9M 6s
159850K .......... .......... .......... .......... .......... 65%  117M 6s
159900K .......... .......... .......... .......... .......... 66%  114M 6s
159950K .......... .......... .......... .......... .......... 66%  117M 6s
160000K .......... .......... .......... .......... .......... 66% 86.2M 6s
160050K .......... .......... .......... .......... .......... 66%  116M 6s
160100K .......... .......... .......... .......... .......... 66% 17.7M 6s
160150K .......... .......... .......... .......... .......... 66%  120M 6s
160200K .......... .......... .......... .......... .......... 66%  115M 6s
160250K .......... .......... .......... .......... .......... 66%  116M 6s
160300K .......... .......... .......... .......... .......... 66%  116M 6s
160350K .......... .......... .......... .......... .......... 66%  114M 6s
160400K .......... .......... .......... .......... .......... 66% 89.9M 6s
160450K .......... .......... .......... .......... .......... 66%  113M 6s
160500K .......... .......... .......... .......... .......... 66%  117M 6s
160550K .......... .......... .......... .......... .......... 66%  117M 6s
160600K .......... .......... .......... .......... .......... 66%  115M 6s
160650K .......... .......... .......... .......... .......... 66%  117M 6s
160700K .......... .......... .......... .......... .......... 66%  117M 6s
172950K .......... .......... .......... .......... .......... 71% 1.51M 5s
173000K .......... .......... .......... .......... .......... 71%  116M 5s
173050K .......... .......... .......... .......... .......... 71%  117M 5s
173100K .......... .......... .......... .......... .......... 71%  117M 5s
173150K .......... .......... .......... .......... .......... 71% 12.3M 5s
173200K .......... .......... .......... .......... .......... 71% 12.0M 5s
173250K .......... .......... .......... .......... .......... 71% 82.1M 5s
173300K .......... .......... .......... .......... .......... 71% 4.19M 5s
173350K .......... .......... .......... .......... .......... 71%  117M 5s
173400K .......... .......... .......... .......... .......... 71%  114M 5s
173450K .......... .......... .......... .......... .......... 71%  116M 5s
173500K .......... .......... .......... .......... .......... 71%  119M 5s
173550K .......... .......... .......... .......... .......... 71%  117M 5s
173600K .......... .......... .......... .......... .......... 71% 89.5M 5s
173650K .......... .......... .......... .......... .......... 71%  117M 5s
173700K .......... .......... .......... .......... .......... 71%  115M 5s
173750K .......... .......... .......... .......... .......... 71%  118M 5s
173800K .......... .......... .......... .......... .......... 71%  109M 5s
173850K .......... .......... .......... .......... .......... 71%  121M 5s
173900K .......... .......... .......... .......... .......... 71% 9.73M 5s
173950K .......... .......... .......... .......... .......... 71% 8.26M 5s
174000K .......... .......... .......... .......... .......... 71% 2.51M 5s
174050K .......... .......... .......... .......... .......... 71% 57.0M 5s
174100K .......... .......... .......... .......... .......... 71% 86.6M 5s
174150K .......... .......... .......... .......... .......... 71% 10.7M 5s
174200K .......... .......... .......... .......... .......... 71% 88.6M 5s
174250K .......... .......... .......... .......... .......... 71% 99.2M 5s
174300K .......... .......... .......... .......... .......... 71%  117M 5s
174350K .......... .......... .......... .......... .......... 71% 12.1M 5s
174400K .......... .......... .......... .......... .......... 72% 81.2M 5s
174450K .......... .......... .......... .......... .......... 72%  112M 5s
174500K .......... .......... .......... .......... .......... 72%  117M 5s
174550K .......... .......... .......... .......... .......... 72% 12.9M 5s
174600K .......... .......... .......... .......... .......... 72%  110M 5s
174650K .......... .......... .......... .......... .......... 72% 6.44M 5s
174700K .......... .......... .......... .......... .......... 72% 6.14M 5s
174750K .......... .......... .......... .......... .......... 72% 84.5M 5s
174800K .......... .......... .......... .......... .......... 72% 11.7M 5s
174850K .......... .......... .......... .......... .......... 72%  120M 5s
174900K .......... .......... .......... .......... .......... 72%  117M 5s
174950K .......... .......... .......... .......... .......... 72%  115M 5s
175000K .......... .......... .......... .......... .......... 72%  114M 5s
175050K .......... .......... .......... .......... .......... 72%  116M 5s
175100K .......... .......... .......... .......... .......... 72%  114M 5s
175150K .......... .......... .......... .......... .......... 72%  118M 5s
175200K .......... .......... .......... .......... .......... 72% 89.8M 5s
175250K .......... .......... .......... .......... .......... 72%  117M 5s
175300K .......... .......... .......... .......... .......... 72%  114M 5s
175350K .......... .......... .......... .......... .......... 72%  116M 5s
175400K .......... .......... .......... .......... .......... 72%  114M 5s
175450K .......... .......... .......... .......... .......... 72%  117M 5s
175500K .......... .......... .......... .......... .......... 72%  118M 5s
175550K .......... .......... .......... .......... .......... 72%  116M 5s
175600K .......... .......... .......... .......... .......... 72% 89.5M 5s
175650K .......... .......... .......... .......... .......... 72%  117M 5s
175700K .......... .......... .......... .......... .......... 72%  117M 5s
160750K .......... .......... .......... .......... .......... 66% 1.27M 6s
160800K .......... .......... .......... .......... .......... 66%  660K 6s
160850K .......... .......... .......... .......... .......... 66%  117M 6s
175750K .......... .......... .......... .......... .......... 72% 10.0M 5s
175800K .......... .......... .......... .......... .......... 72% 81.5M 5s
175850K .......... .......... .......... .......... .......... 72% 48.4M 5s
175900K .......... .......... .......... .......... .......... 72%  117M 5s
160900K .......... .......... .......... .......... .......... 66% 1.56M 6s
160950K .......... .......... .......... .......... .......... 66%  117M 6s
161000K .......... .......... .......... .......... .......... 66% 78.4M 6s
161050K .......... .......... .......... .......... .......... 66%  107M 6s
161100K .......... .......... .......... .......... .......... 66% 23.2M 6s
161150K .......... .......... .......... .......... .......... 66%  103M 6s
161200K .......... .......... .......... .......... .......... 66% 81.1M 6s
161250K .......... .......... .......... .......... .......... 66%  117M 6s
161300K .......... .......... .......... .......... .......... 66%  117M 6s
161350K .......... .......... .......... .......... .......... 66% 19.2M 6s
161400K .......... .......... .......... .......... .......... 66%  113M 6s
161450K .......... .......... .......... .......... .......... 66%  118M 6s
161500K .......... .......... .......... .......... .......... 66%  117M 6s
161550K .......... .......... .......... .......... .......... 66%  117M 6s
161600K .......... .......... .......... .......... .......... 66% 87.2M 6s
161650K .......... .......... .......... .......... .......... 66% 17.8M 6s
161700K .......... .......... .......... .......... .......... 66%  129M 6s
161750K .......... .......... .......... .......... .......... 66%  117M 6s
161800K .......... .......... .......... .......... .......... 66%  118M 6s
161850K .......... .......... .......... .......... .......... 66%  116M 6s
161900K .......... .......... .......... .......... .......... 66%  113M 6s
161950K .......... .......... .......... .......... .......... 66%  116M 6s
162000K .......... .......... .......... .......... .......... 66% 89.4M 6s
162050K .......... .......... .......... .......... .......... 66%  117M 6s
162100K .......... .......... .......... .......... .......... 66% 70.8M 6s
175950K .......... .......... .......... .......... .......... 72% 1.15M 5s
162150K .......... .......... .......... .......... .......... 66%  117M 6s
162200K .......... .......... .......... .......... .......... 66%  115M 6s
162250K .......... .......... .......... .......... .......... 66%  117M 6s
162300K .......... .......... .......... .......... .......... 67%  117M 6s
162350K .......... .......... .......... .......... .......... 67%  116M 6s
162400K .......... .......... .......... .......... .......... 67% 20.9M 6s
162450K .......... .......... .......... .......... .......... 67% 99.2M 6s
162500K .......... .......... .......... .......... .......... 67%  112M 6s
162550K .......... .......... .......... .......... .......... 67%  117M 6s
162600K .......... .......... .......... .......... .......... 67%  115M 6s
162650K .......... .......... .......... .......... .......... 67%  117M 6s
162700K .......... .......... .......... .......... .......... 67% 21.4M 6s
162750K .......... .......... .......... .......... .......... 67%  104M 6s
162800K .......... .......... .......... .......... .......... 67% 82.0M 6s
162850K .......... .......... .......... .......... .......... 67%  117M 6s
162900K .......... .......... .......... .......... .......... 67%  117M 6s
162950K .......... .......... .......... .......... .......... 67%  117M 6s
163000K .......... .......... .......... .......... .......... 67% 17.6M 6s
163050K .......... .......... .......... .......... .......... 67%  117M 6s
163100K .......... .......... .......... .......... .......... 67%  116M 6s
163150K .......... .......... .......... .......... .......... 67% 17.9M 6s
163200K .......... .......... .......... .......... .......... 67% 89.3M 6s
163250K .......... .......... .......... .......... .......... 67%  116M 6s
163300K .......... .......... .......... .......... .......... 67%  120M 6s
163350K .......... .......... .......... .......... .......... 67%  116M 6s
163400K .......... .......... .......... .......... .......... 67%  114M 6s
163450K .......... .......... .......... .......... .......... 67%  116M 6s
163500K .......... .......... .......... .......... .......... 67%  115M 6s
163550K .......... .......... .......... .......... .......... 67%  117M 6s
163600K .......... .......... .......... .......... .......... 67% 88.9M 6s
176000K .......... .......... .......... .......... .......... 72% 1.57M 5s
176050K .......... .......... .......... .......... .......... 72%  118M 5s
176100K .......... .......... .......... .......... .......... 72%  116M 5s
176150K .......... .......... .......... .......... .......... 72%  117M 5s
176200K .......... .......... .......... .......... .......... 72% 12.5M 5s
176250K .......... .......... .......... .......... .......... 72% 12.6M 5s
176300K .......... .......... .......... .......... .......... 72% 78.2M 5s
176350K .......... .......... .......... .......... .......... 72% 6.31M 5s
176400K .......... .......... .......... .......... .......... 72% 11.0M 5s
176450K .......... .......... .......... .......... .......... 72% 11.7M 5s
176500K .......... .......... .......... .......... .......... 72%  120M 5s
176550K .......... .......... .......... .......... .......... 72%  115M 5s
176600K .......... .......... .......... .......... .......... 72%  114M 5s
176650K .......... .......... .......... .......... .......... 72%  118M 5s
176700K .......... .......... .......... .......... .......... 72%  114M 5s
176750K .......... .......... .......... .......... .......... 72%  116M 5s
176800K .......... .......... .......... .......... .......... 72% 89.1M 5s
176850K .......... .......... .......... .......... .......... 73% 90.9M 5s
176900K .......... .......... .......... .......... .......... 73%  114M 5s
176950K .......... .......... .......... .......... .......... 73% 42.9M 5s
177000K .......... .......... .......... .......... .......... 73% 8.84M 5s
177050K .......... .......... .......... .......... .......... 73% 58.6M 5s
177100K .......... .......... .......... .......... .......... 73% 2.47M 5s
177150K .......... .......... .......... .......... .......... 73% 75.6M 5s
177200K .......... .......... .......... .......... .......... 73% 10.6M 5s
177250K .......... .......... .......... .......... .......... 73% 73.3M 5s
177300K .......... .......... .......... .......... .......... 73%  117M 5s
177350K .......... .......... .......... .......... .......... 73%  117M 5s
177400K .......... .......... .......... .......... .......... 73% 12.3M 5s
177450K .......... .......... .......... .......... .......... 73%  100M 5s
177500K .......... .......... .......... .......... .......... 73%  113M 5s
177550K .......... .......... .......... .......... .......... 73%  117M 5s
177600K .......... .......... .......... .......... .......... 73% 12.4M 5s
177650K .......... .......... .......... .......... .......... 73%  102M 5s
177700K .......... .......... .......... .......... .......... 73% 6.58M 5s
177750K .......... .......... .......... .......... .......... 73% 6.03M 5s
177800K .......... .......... .......... .......... .......... 73% 11.4M 5s
177850K .......... .......... .......... .......... .......... 73% 12.0M 5s
177900K .......... .......... .......... .......... .......... 73%  126M 5s
177950K .......... .......... .......... .......... .......... 73%  112M 5s
178000K .......... .......... .......... .......... .......... 73% 89.5M 5s
178050K .......... .......... .......... .......... .......... 73%  118M 5s
178100K .......... .......... .......... .......... .......... 73%  117M 5s
178150K .......... .......... .......... .......... .......... 73%  116M 5s
178200K .......... .......... .......... .......... .......... 73%  113M 4s
178250K .......... .......... .......... .......... .......... 73%  114M 4s
178300K .......... .......... .......... .......... .......... 73%  122M 4s
178350K .......... .......... .......... .......... .......... 73%  116M 4s
178400K .......... .......... .......... .......... .......... 73% 88.3M 4s
178450K .......... .......... .......... .......... .......... 73%  113M 4s
178500K .......... .......... .......... .......... .......... 73%  117M 4s
178550K .......... .......... .......... .......... .......... 73%  117M 4s
178600K .......... .......... .......... .......... .......... 73%  114M 4s
178650K .......... .......... .......... .......... .......... 73%  117M 4s
178700K .......... .......... .......... .......... .......... 73%  116M 4s
163650K .......... .......... .......... .......... .......... 67%  435K 6s
163700K .......... .......... .......... .......... .......... 67%  132M 6s
178750K .......... .......... .......... .......... .......... 73%  118M 4s
178800K .......... .......... .......... .......... .......... 73% 31.8M 4s
178850K .......... .......... .......... .......... .......... 73% 52.3M 4s
178900K .......... .......... .......... .......... .......... 73%  117M 4s
178950K .......... .......... .......... .......... .......... 73%  117M 4s
163750K .......... .......... .......... .......... .......... 67% 1.78M 6s
163800K .......... .......... .......... .......... .......... 67% 67.0M 6s
163850K .......... .......... .......... .......... .......... 67% 82.6M 6s
163900K .......... .......... .......... .......... .......... 67%  112M 6s
163950K .......... .......... .......... .......... .......... 67%  112M 6s
164000K .......... .......... .......... .......... .......... 67% 21.1M 6s
164050K .......... .......... .......... .......... .......... 67%  105M 6s
164100K .......... .......... .......... .......... .......... 67%  117M 6s
164150K .......... .......... .......... .......... .......... 67%  109M 6s
164200K .......... .......... .......... .......... .......... 67%  115M 6s
164250K .......... .......... .......... .......... .......... 67% 19.8M 6s
164300K .......... .......... .......... .......... .......... 67%  104M 6s
164350K .......... .......... .......... .......... .......... 67%  112M 6s
164400K .......... .......... .......... .......... .......... 67% 87.3M 6s
164450K .......... .......... .......... .......... .......... 67%  117M 6s
164500K .......... .......... .......... .......... .......... 67%  117M 6s
164550K .......... .......... .......... .......... .......... 67% 18.8M 6s
164600K .......... .......... .......... .......... .......... 67%  107M 6s
164650K .......... .......... .......... .......... .......... 67%  103M 6s
164700K .......... .......... .......... .......... .......... 67%  117M 6s
179000K .......... .......... .......... .......... .......... 73% 1.15M 4s
164750K .......... .......... .......... .......... .......... 68% 15.6M 6s
164800K .......... .......... .......... .......... .......... 68% 88.8M 6s
164850K .......... .......... .......... .......... .......... 68%  118M 6s
164900K .......... .......... .......... .......... .......... 68%  115M 6s
164950K .......... .......... .......... .......... .......... 68%  117M 6s
165000K .......... .......... .......... .......... .......... 68%  118M 6s
165050K .......... .......... .......... .......... .......... 68%  113M 6s
165100K .......... .......... .......... .......... .......... 68%  117M 6s
165150K .......... .......... .......... .......... .......... 68%  117M 6s
165200K .......... .......... .......... .......... .......... 68% 88.9M 6s
165250K .......... .......... .......... .......... .......... 68%  117M 6s
165300K .......... .......... .......... .......... .......... 68%  117M 6s
165350K .......... .......... .......... .......... .......... 68%  117M 6s
165400K .......... .......... .......... .......... .......... 68%  115M 6s
165450K .......... .......... .......... .......... .......... 68%  117M 6s
165500K .......... .......... .......... .......... .......... 68%  117M 6s
165550K .......... .......... .......... .......... .......... 68% 30.7M 6s
165600K .......... .......... .......... .......... .......... 68% 64.7M 6s
165650K .......... .......... .......... .......... .......... 68%  110M 6s
165700K .......... .......... .......... .......... .......... 68%  113M 6s
165750K .......... .......... .......... .......... .......... 68%  117M 6s
165800K .......... .......... .......... .......... .......... 68%  109M 6s
165850K .......... .......... .......... .......... .......... 68% 20.1M 6s
165900K .......... .......... .......... .......... .......... 68% 63.4M 6s
165950K .......... .......... .......... .......... .......... 68%  117M 6s
166000K .......... .......... .......... .......... .......... 68% 17.3M 6s
166050K .......... .......... .......... .......... .......... 68%  114M 6s
166100K .......... .......... .......... .......... .......... 68%  114M 6s
166150K .......... .......... .......... .......... .......... 68%  117M 6s
166200K .......... .......... .......... .......... .......... 68%  114M 6s
166250K .......... .......... .......... .......... .......... 68%  118M 6s
179050K .......... .......... .......... .......... .......... 73% 1.57M 4s
179100K .......... .......... .......... .......... .......... 73%  118M 4s
179150K .......... .......... .......... .......... .......... 73%  115M 4s
179200K .......... .......... .......... .......... .......... 73% 14.7M 4s
179250K .......... .......... .......... .......... .......... 74% 50.7M 4s
179300K .......... .......... .......... .......... .......... 74% 12.5M 4s
179350K .......... .......... .......... .......... .......... 74% 72.7M 4s
179400K .......... .......... .......... .......... .......... 74% 4.29M 4s
179450K .......... .......... .......... .......... .......... 74% 79.4M 4s
179500K .......... .......... .......... .......... .......... 74% 11.8M 4s
179550K .......... .......... .......... .......... .......... 74% 11.5M 4s
179600K .......... .......... .......... .......... .......... 74% 88.6M 4s
179650K .......... .......... .......... .......... .......... 74%  118M 4s
179700K .......... .......... .......... .......... .......... 74%  118M 4s
179750K .......... .......... .......... .......... .......... 74%  116M 4s
179800K .......... .......... .......... .......... .......... 74%  114M 4s
179850K .......... .......... .......... .......... .......... 74%  115M 4s
179900K .......... .......... .......... .......... .......... 74%  117M 4s
179950K .......... .......... .......... .......... .......... 74%  118M 4s
180000K .......... .......... .......... .......... .......... 74% 87.7M 4s
180050K .......... .......... .......... .......... .......... 74% 19.2M 4s
180100K .......... .......... .......... .......... .......... 74% 59.1M 4s
180150K .......... .......... .......... .......... .......... 74% 2.45M 4s
180200K .......... .......... .......... .......... .......... 74% 93.7M 4s
180250K .......... .......... .......... .......... .......... 74% 10.8M 4s
180300K .......... .......... .......... .......... .......... 74%  114M 4s
180350K .......... .......... .......... .......... .......... 74% 71.8M 4s
180400K .......... .......... .......... .......... .......... 74% 86.4M 4s
180450K .......... .......... .......... .......... .......... 74% 12.7M 4s
180500K .......... .......... .......... .......... .......... 74% 87.2M 4s
180550K .......... .......... .......... .......... .......... 74%  106M 4s
180600K .......... .......... .......... .......... .......... 74%  110M 4s
180650K .......... .......... .......... .......... .......... 74% 13.0M 4s
180700K .......... .......... .......... .......... .......... 74% 96.1M 4s
180750K .......... .......... .......... .......... .......... 74% 6.65M 4s
180800K .......... .......... .......... .......... .......... 74% 5.82M 4s
180850K .......... .......... .......... .......... .......... 74% 12.4M 4s
180900K .......... .......... .......... .......... .......... 74% 11.4M 4s
180950K .......... .......... .......... .......... .......... 74%  106M 4s
181000K .......... .......... .......... .......... .......... 74% 11.9M 4s
181050K .......... .......... .......... .......... .......... 74%  115M 4s
181100K .......... .......... .......... .......... .......... 74%  118M 4s
181150K .......... .......... .......... .......... .......... 74%  116M 4s
181200K .......... .......... .......... .......... .......... 74% 88.1M 4s
181250K .......... .......... .......... .......... .......... 74%  118M 4s
181300K .......... .......... .......... .......... .......... 74%  118M 4s
181350K .......... .......... .......... .......... .......... 74%  116M 4s
181400K .......... .......... .......... .......... .......... 74%  114M 4s
181450K .......... .......... .......... .......... .......... 74%  114M 4s
181500K .......... .......... .......... .......... .......... 74%  118M 4s
181550K .......... .......... .......... .......... .......... 74%  116M 4s
181600K .......... .......... .......... .......... .......... 74% 88.8M 4s
181650K .......... .......... .......... .......... .......... 74%  117M 4s
181700K .......... .......... .......... .......... .......... 75%  117M 4s
181750K .......... .......... .......... .......... .......... 75%  117M 4s
181800K .......... .......... .......... .......... .......... 75%  115M 4s
166300K .......... .......... .......... .......... .......... 68%  414K 6s
166350K .......... .......... .......... .......... .......... 68%  118M 6s
166400K .......... .......... .......... .......... .......... 68% 89.9M 6s
166450K .......... .......... .......... .......... .......... 68%  116M 6s
166500K .......... .......... .......... .......... .......... 68%  114M 6s
166550K .......... .......... .......... .......... .......... 68%  116M 6s
166600K .......... .......... .......... .......... .......... 68%  117M 6s
181850K .......... .......... .......... .......... .......... 75% 13.9M 4s
181900K .......... .......... .......... .......... .......... 75%  117M 4s
181950K .......... .......... .......... .......... .......... 75%  117M 4s
182000K .......... .......... .......... .......... .......... 75% 88.7M 4s
166650K .......... .......... .......... .......... .......... 68% 2.23M 6s
166700K .......... .......... .......... .......... .......... 68%  116M 6s
166750K .......... .......... .......... .......... .......... 68% 85.9M 6s
166800K .......... .......... .......... .......... .......... 68% 80.1M 6s
166850K .......... .......... .......... .......... .......... 68% 27.8M 6s
166900K .......... .......... .......... .......... .......... 68% 55.4M 6s
166950K .......... .......... .......... .......... .......... 68%  101M 6s
167000K .......... .......... .......... .......... .......... 68%  115M 6s
167050K .......... .......... .......... .......... .......... 68%  117M 6s
167100K .......... .......... .......... .......... .......... 68%  117M 6s
167150K .......... .......... .......... .......... .......... 69% 19.5M 6s
167200K .......... .......... .......... .......... .......... 69% 79.0M 6s
167250K .......... .......... .......... .......... .......... 69%  117M 6s
167300K .......... .......... .......... .......... .......... 69%  117M 6s
167350K .......... .......... .......... .......... .......... 69%  117M 6s
167400K .......... .......... .......... .......... .......... 69%  114M 6s
167450K .......... .......... .......... .......... .......... 69% 19.9M 6s
167500K .......... .......... .......... .......... .......... 69% 74.4M 6s
167550K .......... .......... .......... .......... .......... 69%  117M 6s
167600K .......... .......... .......... .......... .......... 69% 15.0M 6s
167650K .......... .......... .......... .......... .......... 69%  117M 6s
167700K .......... .......... .......... .......... .......... 69% 17.1M 6s
167750K .......... .......... .......... .......... .......... 69%  132M 6s
167800K .......... .......... .......... .......... .......... 69%  115M 6s
167850K .......... .......... .......... .......... .......... 69%  120M 6s
167900K .......... .......... .......... .......... .......... 69%  116M 6s
167950K .......... .......... .......... .......... .......... 69%  115M 6s
168000K .......... .......... .......... .......... .......... 69% 89.3M 6s
168050K .......... .......... .......... .......... .......... 69%  115M 6s
168100K .......... .......... .......... .......... .......... 69%  117M 6s
168150K .......... .......... .......... .......... .......... 69%  117M 6s
168200K .......... .......... .......... .......... .......... 69%  113M 6s
168250K .......... .......... .......... .......... .......... 69%  119M 6s
168300K .......... .......... .......... .......... .......... 69%  117M 6s
168350K .......... .......... .......... .......... .......... 69%  117M 6s
168400K .......... .......... .......... .......... .......... 69% 87.0M 6s
168450K .......... .......... .......... .......... .......... 69%  117M 6s
168500K .......... .......... .......... .......... .......... 69%  117M 6s
168550K .......... .......... .......... .......... .......... 69%  117M 6s
168600K .......... .......... .......... .......... .......... 69%  115M 6s
168650K .......... .......... .......... .......... .......... 69%  117M 6s
168700K .......... .......... .......... .......... .......... 69%  117M 6s
168750K .......... .......... .......... .......... .......... 69% 29.1M 6s
168800K .......... .......... .......... .......... .......... 69% 66.6M 6s
168850K .......... .......... .......... .......... .......... 69%  117M 6s
168900K .......... .......... .......... .......... .......... 69% 18.1M 5s
168950K .......... .......... .......... .......... .......... 69%  117M 5s
169000K .......... .......... .......... .......... .......... 69%  115M 5s
169050K .......... .......... .......... .......... .......... 69%  108M 5s
169100K .......... .......... .......... .......... .......... 69%  117M 5s
182050K .......... .......... .......... .......... .......... 75%  739K 4s
182100K .......... .......... .......... .......... .......... 75% 94.1M 4s
182150K .......... .......... .......... .......... .......... 75%  117M 4s
182200K .......... .......... .......... .......... .......... 75%  115M 4s
182250K .......... .......... .......... .......... .......... 75% 16.5M 4s
182300K .......... .......... .......... .......... .......... 75% 41.5M 4s
182350K .......... .......... .......... .......... .......... 75% 12.8M 4s
182400K .......... .......... .......... .......... .......... 75% 6.09M 4s
182450K .......... .......... .......... .......... .......... 75% 11.6M 4s
182500K .......... .......... .......... .......... .......... 75% 11.5M 4s
182550K .......... .......... .......... .......... .......... 75% 82.1M 4s
182600K .......... .......... .......... .......... .......... 75% 11.9M 4s
182650K .......... .......... .......... .......... .......... 75% 11.6M 4s
182700K .......... .......... .......... .......... .......... 75%  125M 4s
182750K .......... .......... .......... .......... .......... 75%  111M 4s
182800K .......... .......... .......... .......... .......... 75% 90.7M 4s
182850K .......... .......... .......... .......... .......... 75%  115M 4s
182900K .......... .......... .......... .......... .......... 75%  118M 4s
182950K .......... .......... .......... .......... .......... 75%  115M 4s
183000K .......... .......... .......... .......... .......... 75%  116M 4s
183050K .......... .......... .......... .......... .......... 75%  116M 4s
183100K .......... .......... .......... .......... .......... 75%  117M 4s
183150K .......... .......... .......... .......... .......... 75%  115M 4s
183200K .......... .......... .......... .......... .......... 75% 2.60M 4s
183250K .......... .......... .......... .......... .......... 75% 88.2M 4s
183300K .......... .......... .......... .......... .......... 75% 10.8M 4s
183350K .......... .......... .......... .......... .......... 75%  117M 4s
183400K .......... .......... .......... .......... .......... 75% 66.9M 4s
183450K .......... .......... .......... .......... .......... 75%  116M 4s
183500K .......... .......... .......... .......... .......... 75% 11.5M 4s
183550K .......... .......... .......... .......... .......... 75%  145M 4s
183600K .......... .......... .......... .......... .......... 75% 88.3M 4s
183650K .......... .......... .......... .......... .......... 75%  117M 4s
183700K .......... .......... .......... .......... .......... 75% 13.6M 4s
183750K .......... .......... .......... .......... .......... 75%  107M 4s
183800K .......... .......... .......... .......... .......... 75% 14.7M 4s
183850K .......... .......... .......... .......... .......... 75% 3.97M 4s
183900K .......... .......... .......... .......... .......... 75%  112M 4s
183950K .......... .......... .......... .......... .......... 75% 6.20M 4s
184000K .......... .......... .......... .......... .......... 75% 85.6M 4s
184050K .......... .......... .......... .......... .......... 75% 6.19M 4s
184100K .......... .......... .......... .......... .......... 76%  183M 4s
184150K .......... .......... .......... .......... .......... 76%  118M 4s
184200K .......... .......... .......... .......... .......... 76%  114M 4s
184250K .......... .......... .......... .......... .......... 76%  117M 4s
184300K .......... .......... .......... .......... .......... 76%  116M 4s
184350K .......... .......... .......... .......... .......... 76%  118M 4s
184400K .......... .......... .......... .......... .......... 76% 89.2M 4s
184450K .......... .......... .......... .......... .......... 76%  117M 4s
184500K .......... .......... .......... .......... .......... 76%  117M 4s
184550K .......... .......... .......... .......... .......... 76%  115M 4s
184600K .......... .......... .......... .......... .......... 76%  114M 4s
184650K .......... .......... .......... .......... .......... 76%  113M 4s
184700K .......... .......... .......... .......... .......... 76%  120M 4s
184750K .......... .......... .......... .......... .......... 76%  115M 4s
184800K .......... .......... .......... .......... .......... 76% 89.8M 4s
184850K .......... .......... .......... .......... .......... 76%  117M 4s
169150K .......... .......... .......... .......... .......... 69%  116M 5s
169200K .......... .......... .......... .......... .......... 69%  401K 6s
169250K .......... .......... .......... .......... .......... 69%  117M 6s
184900K .......... .......... .......... .......... .......... 76% 32.0M 4s
184950K .......... .......... .......... .......... .......... 76%  117M 4s
185000K .......... .......... .......... .......... .......... 76%  115M 4s
185050K .......... .......... .......... .......... .......... 76%  117M 4s
169300K .......... .......... .......... .......... .......... 69% 2.37M 6s
169350K .......... .......... .......... .......... .......... 69%  118M 6s
169400K .......... .......... .......... .......... .......... 69%  115M 6s
169450K .......... .......... .......... .......... .......... 69%  113M 6s
169500K .......... .......... .......... .......... .......... 69%  116M 5s
169550K .......... .......... .......... .......... .......... 70%  119M 5s
169600K .......... .......... .......... .......... .......... 70% 86.7M 5s
169650K .......... .......... .......... .......... .......... 70%  116M 5s
169700K .......... .......... .......... .......... .......... 70%  118M 5s
169750K .......... .......... .......... .......... .......... 70%  117M 5s
169800K .......... .......... .......... .......... .......... 70%  115M 5s
169850K .......... .......... .......... .......... .......... 70%  117M 5s
169900K .......... .......... .......... .......... .......... 70%  117M 5s
169950K .......... .......... .......... .......... .......... 70%  117M 5s
170000K .......... .......... .......... .......... .......... 70% 20.9M 5s
170050K .......... .......... .......... .......... .......... 70% 97.5M 5s
170100K .......... .......... .......... .......... .......... 70%  103M 5s
170150K .......... .......... .......... .......... .......... 70%  117M 5s
170200K .......... .......... .......... .......... .......... 70%  115M 5s
170250K .......... .......... .......... .......... .......... 70%  117M 5s
170300K .......... .......... .......... .......... .......... 70% 20.9M 5s
170350K .......... .......... .......... .......... .......... 70% 65.4M 5s
170400K .......... .......... .......... .......... .......... 70% 88.8M 5s
170450K .......... .......... .......... .......... .......... 70% 17.0M 5s
170500K .......... .......... .......... .......... .......... 70% 73.7M 5s
170550K .......... .......... .......... .......... .......... 70%  117M 5s
170600K .......... .......... .......... .......... .......... 70% 17.5M 5s
170650K .......... .......... .......... .......... .......... 70%  117M 5s
170700K .......... .......... .......... .......... .......... 70%  116M 5s
170750K .......... .......... .......... .......... .......... 70%  117M 5s
170800K .......... .......... .......... .......... .......... 70% 17.3M 5s
170850K .......... .......... .......... .......... .......... 70%  117M 5s
170900K .......... .......... .......... .......... .......... 70%  117M 5s
170950K .......... .......... .......... .......... .......... 70%  117M 5s
171000K .......... .......... .......... .......... .......... 70%  117M 5s
171050K .......... .......... .......... .......... .......... 70%  117M 5s
171100K .......... .......... .......... .......... .......... 70%  117M 5s
171150K .......... .......... .......... .......... .......... 70%  114M 5s
171200K .......... .......... .......... .......... .......... 70% 88.8M 5s
171250K .......... .......... .......... .......... .......... 70%  117M 5s
171300K .......... .......... .......... .......... .......... 70%  117M 5s
171350K .......... .......... .......... .......... .......... 70%  117M 5s
171400K .......... .......... .......... .......... .......... 70%  115M 5s
171450K .......... .......... .......... .......... .......... 70%  116M 5s
171500K .......... .......... .......... .......... .......... 70%  116M 5s
171550K .......... .......... .......... .......... .......... 70%  118M 5s
171600K .......... .......... .......... .......... .......... 70% 89.3M 5s
171650K .......... .......... .......... .......... .......... 70%  117M 5s
171700K .......... .......... .......... .......... .......... 70%  117M 5s
171750K .......... .......... .......... .......... .......... 70%  117M 5s
171800K .......... .......... .......... .......... .......... 70% 27.0M 5s
171850K .......... .......... .......... .......... .......... 70%  113M 5s
171900K .......... .......... .......... .......... .......... 70%  117M 5s
171950K .......... .......... .......... .......... .......... 70%  109M 5s
172000K .......... .......... .......... .......... .......... 71% 87.0M 5s
185100K .......... .......... .......... .......... .......... 76%  742K 4s
185150K .......... .......... .......... .......... .......... 76%  118M 4s
185200K .......... .......... .......... .......... .......... 76% 86.9M 4s
185250K .......... .......... .......... .......... .......... 76%  117M 4s
185300K .......... .......... .......... .......... .......... 76%  117M 4s
185350K .......... .......... .......... .......... .......... 76% 19.3M 4s
185400K .......... .......... .......... .......... .......... 76% 13.1M 4s
185450K .......... .......... .......... .......... .......... 76% 64.3M 4s
185500K .......... .......... .......... .......... .......... 76% 4.32M 4s
185550K .......... .......... .......... .......... .......... 76% 67.2M 4s
185600K .......... .......... .......... .......... .......... 76% 11.3M 4s
185650K .......... .......... .......... .......... .......... 76% 12.9M 4s
185700K .......... .......... .......... .......... .......... 76% 10.8M 4s
185750K .......... .......... .......... .......... .......... 76%  116M 4s
185800K .......... .......... .......... .......... .......... 76% 11.8M 4s
185850K .......... .......... .......... .......... .......... 76%  131M 4s
185900K .......... .......... .......... .......... .......... 76%  114M 4s
185950K .......... .......... .......... .......... .......... 76%  116M 4s
186000K .......... .......... .......... .......... .......... 76% 89.2M 4s
186050K .......... .......... .......... .......... .......... 76%  118M 4s
186100K .......... .......... .......... .......... .......... 76%  113M 4s
186150K .......... .......... .......... .......... .......... 76%  118M 4s
186200K .......... .......... .......... .......... .......... 76%  113M 4s
186250K .......... .......... .......... .......... .......... 76% 3.27M 4s
186300K .......... .......... .......... .......... .......... 76%  116M 4s
186350K .......... .......... .......... .......... .......... 76% 10.4M 4s
186400K .......... .......... .......... .......... .......... 76% 60.2M 4s
186450K .......... .......... .......... .......... .......... 76%  105M 4s
186500K .......... .......... .......... .......... .......... 76%  111M 4s
186550K .......... .......... .......... .......... .......... 77% 11.4M 4s
186600K .......... .......... .......... .......... .......... 77% 41.0M 4s
186650K .......... .......... .......... .......... .......... 77%  699M 4s
186700K .......... .......... .......... .......... .......... 77%  721M 4s
186750K .......... .......... .......... .......... .......... 77% 14.5M 4s
186800K .......... .......... .......... .......... .......... 77% 13.9M 4s
186850K .......... .......... .......... .......... .......... 77% 4.03M 4s
186900K .......... .......... .......... .......... .......... 77% 79.8M 4s
186950K .......... .......... .......... .......... .......... 77% 12.8M 4s
187000K .......... .......... .......... .......... .......... 77% 10.8M 4s
187050K .......... .......... .......... .......... .......... 77%  117M 4s
187100K .......... .......... .......... .......... .......... 77% 6.18M 4s
187150K .......... .......... .......... .......... .......... 77% 11.1M 4s
187200K .......... .......... .......... .......... .......... 77% 90.1M 4s
187250K .......... .......... .......... .......... .......... 77%  117M 4s
187300K .......... .......... .......... .......... .......... 77%  119M 4s
187350K .......... .......... .......... .......... .......... 77%  117M 4s
187400K .......... .......... .......... .......... .......... 77%  113M 4s
187450K .......... .......... .......... .......... .......... 77%  116M 4s
187500K .......... .......... .......... .......... .......... 77%  116M 4s
187550K .......... .......... .......... .......... .......... 77%  117M 4s
187600K .......... .......... .......... .......... .......... 77% 88.1M 4s
187650K .......... .......... .......... .......... .......... 77%  117M 4s
187700K .......... .......... .......... .......... .......... 77%  116M 4s
187750K .......... .......... .......... .......... .......... 77%  119M 4s
187800K .......... .......... .......... .......... .......... 77%  114M 4s
187850K .......... .......... .......... .......... .......... 77%  117M 4s
187900K .......... .......... .......... .......... .......... 77%  117M 4s
172050K .......... .......... .......... .......... .......... 71%  389K 5s
172100K .......... .......... .......... .......... .......... 71%  158M 5s
172150K .......... .......... .......... .......... .......... 71%  117M 5s
187950K .......... .......... .......... .......... .......... 77% 33.1M 4s
188000K .......... .......... .......... .......... .......... 77% 87.0M 4s
188050K .......... .......... .......... .......... .......... 77%  117M 4s
188100K .......... .......... .......... .......... .......... 77%  117M 4s
172200K .......... .......... .......... .......... .......... 71% 2.92M 5s
172250K .......... .......... .......... .......... .......... 71%  117M 5s
172300K .......... .......... .......... .......... .......... 71%  107M 5s
172350K .......... .......... .......... .......... .......... 71% 17.6M 5s
172400K .......... .......... .......... .......... .......... 71% 93.1M 5s
172450K .......... .......... .......... .......... .......... 71%  114M 5s
172500K .......... .......... .......... .......... .......... 71%  118M 5s
172550K .......... .......... .......... .......... .......... 71%  115M 5s
172600K .......... .......... .......... .......... .......... 71%  114M 5s
172650K .......... .......... .......... .......... .......... 71%  116M 5s
172700K .......... .......... .......... .......... .......... 71%  120M 5s
172750K .......... .......... .......... .......... .......... 71%  116M 5s
172800K .......... .......... .......... .......... .......... 71% 87.4M 5s
172850K .......... .......... .......... .......... .......... 71%  117M 5s
172900K .......... .......... .......... .......... .......... 71%  117M 5s
172950K .......... .......... .......... .......... .......... 71%  117M 5s
173000K .......... .......... .......... .......... .......... 71%  115M 5s
173050K .......... .......... .......... .......... .......... 71%  117M 5s
173100K .......... .......... .......... .......... .......... 71%  117M 5s
173150K .......... .......... .......... .......... .......... 71% 26.3M 5s
173200K .......... .......... .......... .......... .......... 71% 55.7M 5s
173250K .......... .......... .......... .......... .......... 71%  116M 5s
173300K .......... .......... .......... .......... .......... 71% 16.8M 5s
173350K .......... .......... .......... .......... .......... 71% 78.7M 5s
173400K .......... .......... .......... .......... .......... 71%  114M 5s
173450K .......... .......... .......... .......... .......... 71% 17.6M 5s
173500K .......... .......... .......... .......... .......... 71%  107M 5s
173550K .......... .......... .......... .......... .......... 71%  118M 5s
173600K .......... .......... .......... .......... .......... 71% 89.5M 5s
173650K .......... .......... .......... .......... .......... 71% 18.2M 5s
173700K .......... .......... .......... .......... .......... 71%  126M 5s
173750K .......... .......... .......... .......... .......... 71%  114M 5s
173800K .......... .......... .......... .......... .......... 71%  115M 5s
173850K .......... .......... .......... .......... .......... 71%  115M 5s
173900K .......... .......... .......... .......... .......... 71%  118M 5s
173950K .......... .......... .......... .......... .......... 71% 17.1M 5s
174000K .......... .......... .......... .......... .......... 71% 87.3M 5s
174050K .......... .......... .......... .......... .......... 71%  117M 5s
174100K .......... .......... .......... .......... .......... 71%  118M 5s
174150K .......... .......... .......... .......... .......... 71%  115M 5s
174200K .......... .......... .......... .......... .......... 71%  115M 5s
174250K .......... .......... .......... .......... .......... 71%  115M 5s
174300K .......... .......... .......... .......... .......... 71%  118M 5s
174350K .......... .......... .......... .......... .......... 71%  117M 5s
174400K .......... .......... .......... .......... .......... 72% 89.4M 5s
174450K .......... .......... .......... .......... .......... 72%  117M 5s
174500K .......... .......... .......... .......... .......... 72%  117M 5s
174550K .......... .......... .......... .......... .......... 72%  117M 5s
174600K .......... .......... .......... .......... .......... 72%  116M 5s
174650K .......... .......... .......... .......... .......... 72%  117M 5s
174700K .......... .......... .......... .......... .......... 72%  117M 5s
174750K .......... .......... .......... .......... .......... 72%  117M 5s
174800K .......... .......... .......... .......... .......... 72% 86.9M 5s
174850K .......... .......... .......... .......... .......... 72%  117M 5s
174900K .......... .......... .......... .......... .......... 72%  117M 5s
188150K .......... .......... .......... .......... .......... 77%  791K 4s
188200K .......... .......... .......... .......... .......... 77% 91.4M 4s
188250K .......... .......... .......... .......... .......... 77%  117M 4s
188300K .......... .......... .......... .......... .......... 77%  113M 4s
188350K .......... .......... .......... .......... .......... 77% 67.0M 4s
188400K .......... .......... .......... .......... .......... 77% 21.4M 4s
188450K .......... .......... .......... .......... .......... 77% 12.7M 4s
188500K .......... .......... .......... .......... .......... 77% 79.8M 4s
188550K .......... .......... .......... .......... .......... 77% 4.27M 4s
188600K .......... .......... .......... .......... .......... 77% 83.5M 4s
188650K .......... .......... .......... .......... .......... 77% 11.5M 4s
188700K .......... .......... .......... .......... .......... 77%  119M 4s
188750K .......... .......... .......... .......... .......... 77% 6.19M 4s
188800K .......... .......... .......... .......... .......... 77% 83.1M 4s
188850K .......... .......... .......... .......... .......... 77% 6.34M 4s
188900K .......... .......... .......... .......... .......... 77%  116M 4s
188950K .......... .......... .......... .......... .......... 78%  117M 4s
189000K .......... .......... .......... .......... .......... 78%  115M 4s
189050K .......... .......... .......... .......... .......... 78%  116M 4s
189100K .......... .......... .......... .......... .......... 78%  118M 4s
189150K .......... .......... .......... .......... .......... 78%  116M 4s
189200K .......... .......... .......... .......... .......... 78% 88.5M 4s
189250K .......... .......... .......... .......... .......... 78%  115M 4s
189300K .......... .......... .......... .......... .......... 78% 4.26M 4s
189350K .......... .......... .......... .......... .......... 78%  162M 4s
189400K .......... .......... .......... .......... .......... 78% 10.5M 4s
189450K .......... .......... .......... .......... .......... 78% 64.2M 4s
189500K .......... .......... .......... .......... .......... 78%  117M 4s
189550K .......... .......... .......... .......... .......... 78%  109M 4s
189600K .......... .......... .......... .......... .......... 78% 11.1M 4s
189650K .......... .......... .......... .......... .......... 78% 39.2M 4s
189700K .......... .......... .......... .......... .......... 78%  116M 4s
189750K .......... .......... .......... .......... .......... 78% 20.3M 4s
189800K .......... .......... .......... .......... .......... 78% 80.1M 4s
189850K .......... .......... .......... .......... .......... 78% 88.6M 4s
189900K .......... .......... .......... .......... .......... 78% 3.27M 4s
189950K .......... .......... .......... .......... .......... 78% 74.6M 4s
190000K .......... .......... .......... .......... .......... 78% 6.04M 4s
190050K .......... .......... .......... .......... .......... 78%  144M 4s
190100K .......... .......... .......... .......... .......... 78%  117M 4s
190150K .......... .......... .......... .......... .......... 78% 6.27M 4s
190200K .......... .......... .......... .......... .......... 78% 10.8M 4s
190250K .......... .......... .......... .......... .......... 78%  111M 4s
190300K .......... .......... .......... .......... .......... 78% 11.9M 4s
190350K .......... .......... .......... .......... .......... 78%  118M 4s
190400K .......... .......... .......... .......... .......... 78% 89.3M 4s
190450K .......... .......... .......... .......... .......... 78%  114M 4s
190500K .......... .......... .......... .......... .......... 78%  118M 4s
190550K .......... .......... .......... .......... .......... 78%  117M 4s
190600K .......... .......... .......... .......... .......... 78%  114M 4s
190650K .......... .......... .......... .......... .......... 78%  115M 4s
190700K .......... .......... .......... .......... .......... 78%  115M 4s
190750K .......... .......... .......... .......... .......... 78%  120M 4s
190800K .......... .......... .......... .......... .......... 78% 86.8M 4s
190850K .......... .......... .......... .......... .......... 78%  116M 4s
190900K .......... .......... .......... .......... .......... 78%  120M 4s
190950K .......... .......... .......... .......... .......... 78%  117M 4s
174950K .......... .......... .......... .......... .......... 72%  382K 5s
175000K .......... .......... .......... .......... .......... 72%  151M 5s
191000K .......... .......... .......... .......... .......... 78% 35.1M 4s
191050K .......... .......... .......... .......... .......... 78%  119M 4s
191100K .......... .......... .......... .......... .......... 78%  117M 4s
191150K .......... .......... .......... .......... .......... 78%  117M 4s
175050K .......... .......... .......... .......... .......... 72% 3.81M 5s
175100K .......... .......... .......... .......... .......... 72% 71.4M 5s
175150K .......... .......... .......... .......... .......... 72%  106M 5s
175200K .......... .......... .......... .......... .......... 72% 83.1M 5s
175250K .......... .......... .......... .......... .......... 72% 17.7M 5s
175300K .......... .......... .......... .......... .......... 72%  117M 5s
175350K .......... .......... .......... .......... .......... 72%  117M 5s
175400K .......... .......... .......... .......... .......... 72% 17.0M 5s
175450K .......... .......... .......... .......... .......... 72%  118M 5s
175500K .......... .......... .......... .......... .......... 72%  118M 5s
175550K .......... .......... .......... .......... .......... 72%  114M 5s
175600K .......... .......... .......... .......... .......... 72% 88.1M 5s
175650K .......... .......... .......... .......... .......... 72%  119M 5s
175700K .......... .......... .......... .......... .......... 72%  117M 5s
175750K .......... .......... .......... .......... .......... 72%  115M 5s
175800K .......... .......... .......... .......... .......... 72%  115M 5s
175850K .......... .......... .......... .......... .......... 72%  117M 5s
175900K .......... .......... .......... .......... .......... 72%  116M 5s
175950K .......... .......... .......... .......... .......... 72%  117M 5s
176000K .......... .......... .......... .......... .......... 72% 87.1M 5s
176050K .......... .......... .......... .......... .......... 72%  117M 5s
176100K .......... .......... .......... .......... .......... 72%  116M 5s
176150K .......... .......... .......... .......... .......... 72%  117M 5s
176200K .......... .......... .......... .......... .......... 72% 23.4M 5s
176250K .......... .......... .......... .......... .......... 72% 62.8M 5s
176300K .......... .......... .......... .......... .......... 72%  116M 5s
176350K .......... .......... .......... .......... .......... 72% 17.6M 5s
176400K .......... .......... .......... .......... .......... 72% 81.9M 5s
176450K .......... .......... .......... .......... .......... 72%  117M 5s
176500K .......... .......... .......... .......... .......... 72%  117M 5s
176550K .......... .......... .......... .......... .......... 72% 18.6M 5s
176600K .......... .......... .......... .......... .......... 72%  111M 5s
176650K .......... .......... .......... .......... .......... 72%  117M 5s
176700K .......... .......... .......... .......... .......... 72%  110M 5s
176750K .......... .......... .......... .......... .......... 72%  117M 5s
176800K .......... .......... .......... .......... .......... 72% 16.3M 5s
176850K .......... .......... .......... .......... .......... 73%  117M 5s
176900K .......... .......... .......... .......... .......... 73%  117M 5s
176950K .......... .......... .......... .......... .......... 73%  117M 5s
177000K .......... .......... .......... .......... .......... 73% 17.5M 5s
177050K .......... .......... .......... .......... .......... 73%  118M 5s
177100K .......... .......... .......... .......... .......... 73%  114M 5s
177150K .......... .......... .......... .......... .......... 73%  119M 5s
177200K .......... .......... .......... .......... .......... 73% 87.2M 5s
177250K .......... .......... .......... .......... .......... 73%  120M 5s
177300K .......... .......... .......... .......... .......... 73%  113M 5s
177350K .......... .......... .......... .......... .......... 73%  117M 5s
177400K .......... .......... .......... .......... .......... 73%  115M 5s
177450K .......... .......... .......... .......... .......... 73%  117M 5s
177500K .......... .......... .......... .......... .......... 73%  117M 5s
177550K .......... .......... .......... .......... .......... 73%  116M 5s
177600K .......... .......... .......... .......... .......... 73% 89.3M 5s
177650K .......... .......... .......... .......... .......... 73%  117M 5s
177700K .......... .......... .......... .......... .......... 73%  117M 5s
177750K .......... .......... .......... .......... .......... 73%  117M 5s
191200K .......... .......... .......... .......... .......... 78%  838K 4s
191250K .......... .......... .......... .......... .......... 78% 82.7M 4s
191300K .......... .......... .......... .......... .......... 78%  116M 4s
191350K .......... .......... .......... .......... .......... 78%  107M 4s
191400K .......... .......... .......... .......... .......... 79% 22.1M 4s
191450K .......... .......... .......... .......... .......... 79% 73.3M 4s
191500K .......... .......... .......... .......... .......... 79% 12.6M 4s
191550K .......... .......... .......... .......... .......... 79% 85.3M 4s
191600K .......... .......... .......... .......... .......... 79% 4.20M 4s
191650K .......... .......... .......... .......... .......... 79% 13.5M 4s
191700K .......... .......... .......... .......... .......... 79% 42.5M 4s
191750K .......... .......... .......... .......... .......... 79% 13.2M 4s
177800K .......... .......... .......... .......... .......... 73% 1.28M 5s
191800K .......... .......... .......... .......... .......... 79% 10.3M 4s
191850K .......... .......... .......... .......... .......... 79%  114M 4s
191900K .......... .......... .......... .......... .......... 79% 4.29M 4s
191950K .......... .......... .......... .......... .......... 79%  115M 4s
192000K .......... .......... .......... .......... .......... 79% 89.8M 3s
192050K .......... .......... .......... .......... .......... 79%  115M 3s
192100K .......... .......... .......... .......... .......... 79%  115M 3s
192150K .......... .......... .......... .......... .......... 79%  118M 3s
192200K .......... .......... .......... .......... .......... 79%  116M 3s
192250K .......... .......... .......... .......... .......... 79%  116M 3s
192300K .......... .......... .......... .......... .......... 79%  118M 3s
192350K .......... .......... .......... .......... .......... 79%  112M 3s
192400K .......... .......... .......... .......... .......... 79% 4.06M 3s
192450K .......... .......... .......... .......... .......... 79%  114M 3s
192500K .......... .......... .......... .......... .......... 79% 69.2M 3s
192550K .......... .......... .......... .......... .......... 79%  117M 3s
192600K .......... .......... .......... .......... .......... 79% 11.5M 3s
192650K .......... .......... .......... .......... .......... 79%  108M 3s
192700K .......... .......... .......... .......... .......... 79% 40.0M 3s
192750K .......... .......... .......... .......... .......... 79%  111M 3s
192800K .......... .......... .......... .......... .......... 79% 20.0M 3s
192850K .......... .......... .......... .......... .......... 79% 69.3M 3s
192900K .......... .......... .......... .......... .......... 79%  100M 3s
192950K .......... .......... .......... .......... .......... 79% 3.25M 3s
193000K .......... .......... .......... .......... .......... 79% 73.2M 3s
193050K .......... .......... .......... .......... .......... 79% 6.25M 3s
193100K .......... .......... .......... .......... .......... 79%  107M 3s
193150K .......... .......... .......... .......... .......... 79%  110M 3s
193200K .......... .......... .......... .......... .......... 79% 6.15M 3s
193250K .......... .......... .......... .......... .......... 79% 10.8M 3s
193300K .......... .......... .......... .......... .......... 79% 12.0M 3s
193350K .......... .......... .......... .......... .......... 79% 12.0M 3s
193400K .......... .......... .......... .......... .......... 79%  110M 3s
193450K .......... .......... .......... .......... .......... 79%  121M 3s
193500K .......... .......... .......... .......... .......... 79%  115M 3s
193550K .......... .......... .......... .......... .......... 79%  119M 3s
193600K .......... .......... .......... .......... .......... 79% 85.5M 3s
193650K .......... .......... .......... .......... .......... 79%  120M 3s
193700K .......... .......... .......... .......... .......... 79%  117M 3s
193750K .......... .......... .......... .......... .......... 79%  112M 3s
193800K .......... .......... .......... .......... .......... 80%  116M 3s
193850K .......... .......... .......... .......... .......... 80%  119M 3s
193900K .......... .......... .......... .......... .......... 80%  118M 3s
193950K .......... .......... .......... .......... .......... 80%  116M 3s
177850K .......... .......... .......... .......... .......... 73%  529K 5s
177900K .......... .......... .......... .......... .......... 73%  147M 5s
194000K .......... .......... .......... .......... .......... 80% 35.5M 3s
194050K .......... .......... .......... .......... .......... 80%  117M 3s
194100K .......... .......... .......... .......... .......... 80%  117M 3s
194150K .......... .......... .......... .......... .......... 80%  116M 3s
194200K .......... .......... .......... .......... .......... 80%  116M 3s
177950K .......... .......... .......... .......... .......... 73% 5.31M 5s
178000K .......... .......... .......... .......... .......... 73% 56.5M 5s
178050K .......... .......... .......... .......... .......... 73%  107M 5s
178100K .......... .......... .......... .......... .......... 73% 17.9M 5s
178150K .......... .......... .......... .......... .......... 73%  109M 5s
178200K .......... .......... .......... .......... .......... 73%  115M 5s
178250K .......... .......... .......... .......... .......... 73%  116M 5s
178300K .......... .......... .......... .......... .......... 73% 17.1M 5s
178350K .......... .......... .......... .......... .......... 73%  116M 5s
178400K .......... .......... .......... .......... .......... 73% 87.2M 5s
178450K .......... .......... .......... .......... .......... 73%  117M 5s
178500K .......... .......... .......... .......... .......... 73%  116M 5s
178550K .......... .......... .......... .......... .......... 73% 17.1M 5s
178600K .......... .......... .......... .......... .......... 73%  118M 5s
178650K .......... .......... .......... .......... .......... 73%  113M 5s
178700K .......... .......... .......... .......... .......... 73%  119M 5s
178750K .......... .......... .......... .......... .......... 73%  118M 5s
178800K .......... .......... .......... .......... .......... 73% 86.9M 5s
178850K .......... .......... .......... .......... .......... 73%  118M 5s
178900K .......... .......... .......... .......... .......... 73%  116M 5s
178950K .......... .......... .......... .......... .......... 73%  117M 5s
179000K .......... .......... .......... .......... .......... 73%  115M 5s
179050K .......... .......... .......... .......... .......... 73%  116M 5s
179100K .......... .......... .......... .......... .......... 73% 93.0M 5s
179150K .......... .......... .......... .......... .......... 73%  115M 5s
179200K .......... .......... .......... .......... .......... 73% 25.4M 5s
179250K .......... .......... .......... .......... .......... 74% 65.8M 5s
179300K .......... .......... .......... .......... .......... 74%  117M 5s
179350K .......... .......... .......... .......... .......... 74%  117M 5s
179400K .......... .......... .......... .......... .......... 74%  113M 5s
179450K .......... .......... .......... .......... .......... 74% 18.6M 5s
179500K .......... .......... .......... .......... .......... 74%  117M 5s
179550K .......... .......... .......... .......... .......... 74%  105M 5s
179600K .......... .......... .......... .......... .......... 74% 84.7M 5s
179650K .......... .......... .......... .......... .......... 74%  117M 5s
179700K .......... .......... .......... .......... .......... 74% 17.4M 5s
179750K .......... .......... .......... .......... .......... 74%  114M 5s
179800K .......... .......... .......... .......... .......... 74%  113M 5s
179850K .......... .......... .......... .......... .......... 74%  117M 5s
179900K .......... .......... .......... .......... .......... 74% 17.2M 5s
179950K .......... .......... .......... .......... .......... 74%  118M 5s
180000K .......... .......... .......... .......... .......... 74% 89.0M 5s
180050K .......... .......... .......... .......... .......... 74% 16.6M 5s
180100K .......... .......... .......... .......... .......... 74%  117M 5s
180150K .......... .......... .......... .......... .......... 74%  117M 5s
180200K .......... .......... .......... .......... .......... 74%  115M 5s
180250K .......... .......... .......... .......... .......... 74%  116M 5s
180300K .......... .......... .......... .......... .......... 74%  113M 5s
180350K .......... .......... .......... .......... .......... 74%  121M 5s
180400K .......... .......... .......... .......... .......... 74% 86.7M 5s
180450K .......... .......... .......... .......... .......... 74%  116M 5s
180500K .......... .......... .......... .......... .......... 74%  117M 5s
180550K .......... .......... .......... .......... .......... 74%  117M 5s
180600K .......... .......... .......... .......... .......... 74%  115M 5s
180650K .......... .......... .......... .......... .......... 74%  117M 5s
180700K .......... .......... .......... .......... .......... 74%  117M 5s
194250K .......... .......... .......... .......... .......... 80%  892K 3s
194300K .......... .......... .......... .......... .......... 80% 94.2M 3s
194350K .......... .......... .......... .......... .......... 80%  116M 3s
194400K .......... .......... .......... .......... .......... 80% 75.4M 3s
194450K .......... .......... .......... .......... .......... 80% 22.3M 3s
194500K .......... .......... .......... .......... .......... 80% 74.1M 3s
194550K .......... .......... .......... .......... .......... 80% 12.6M 3s
194600K .......... .......... .......... .......... .......... 80% 89.3M 3s
194650K .......... .......... .......... .......... .......... 80% 4.24M 3s
194700K .......... .......... .......... .......... .......... 80% 98.3M 3s
194750K .......... .......... .......... .......... .......... 80% 11.3M 3s
194800K .......... .......... .......... .......... .......... 80% 13.4M 3s
194850K .......... .......... .......... .......... .......... 80% 10.3M 3s
194900K .......... .......... .......... .......... .......... 80%  106M 3s
194950K .......... .......... .......... .......... .......... 80% 3.24M 3s
195000K .......... .......... .......... .......... .......... 80%  114M 3s
195050K .......... .......... .......... .......... .......... 80%  115M 3s
195100K .......... .......... .......... .......... .......... 80%  117M 3s
195150K .......... .......... .......... .......... .......... 80%  118M 3s
195200K .......... .......... .......... .......... .......... 80% 87.1M 3s
195250K .......... .......... .......... .......... .......... 80%  118M 3s
195300K .......... .......... .......... .......... .......... 80%  115M 3s
195350K .......... .......... .......... .......... .......... 80%  118M 3s
195400K .......... .......... .......... .......... .......... 80%  112M 3s
195450K .......... .......... .......... .......... .......... 80% 6.01M 3s
195500K .......... .......... .......... .......... .......... 80% 98.9M 3s
195550K .......... .......... .......... .......... .......... 80%  111M 3s
195600K .......... .......... .......... .......... .......... 80% 54.0M 3s
195650K .......... .......... .......... .......... .......... 80% 12.0M 3s
195700K .......... .......... .......... .......... .......... 80% 83.7M 3s
195750K .......... .......... .......... .......... .......... 80% 38.3M 3s
195800K .......... .......... .......... .......... .......... 80%  115M 3s
195850K .......... .......... .......... .......... .......... 80% 22.0M 3s
195900K .......... .......... .......... .......... .......... 80% 68.1M 3s
195950K .......... .......... .......... .......... .......... 80% 90.0M 3s
196000K .......... .......... .......... .......... .......... 80% 3.23M 3s
196050K .......... .......... .......... .......... .......... 80% 81.9M 3s
196100K .......... .......... .......... .......... .......... 80% 6.21M 3s
196150K .......... .......... .......... .......... .......... 80%  104M 3s
196200K .......... .......... .......... .......... .......... 80%  102M 3s
196250K .......... .......... .......... .......... .......... 81% 6.35M 3s
196300K .......... .......... .......... .......... .......... 81% 10.5M 3s
196350K .......... .......... .......... .......... .......... 81% 4.27M 3s
196400K .......... .......... .......... .......... .......... 81% 88.6M 3s
196450K .......... .......... .......... .......... .......... 81%  113M 3s
196500K .......... .......... .......... .......... .......... 81%  117M 3s
196550K .......... .......... .......... .......... .......... 81%  115M 3s
196600K .......... .......... .......... .......... .......... 81%  117M 3s
196650K .......... .......... .......... .......... .......... 81%  116M 3s
196700K .......... .......... .......... .......... .......... 81%  116M 3s
196750K .......... .......... .......... .......... .......... 81%  120M 3s
196800K .......... .......... .......... .......... .......... 81% 87.7M 3s
196850K .......... .......... .......... .......... .......... 81%  117M 3s
196900K .......... .......... .......... .......... .......... 81%  116M 3s
196950K .......... .......... .......... .......... .......... 81%  116M 3s
197000K .......... .......... .......... .......... .......... 81%  116M 3s
197050K .......... .......... .......... .......... .......... 81%  117M 3s
180750K .......... .......... .......... .......... .......... 74%  375K 5s
180800K .......... .......... .......... .......... .......... 74%  127M 5s
197100K .......... .......... .......... .......... .......... 81% 40.9M 3s
197150K .......... .......... .......... .......... .......... 81%  115M 3s
197200K .......... .......... .......... .......... .......... 81% 87.8M 3s
197250K .......... .......... .......... .......... .......... 81%  117M 3s
180850K .......... .......... .......... .......... .......... 74% 8.33M 5s
180900K .......... .......... .......... .......... .......... 74%  108M 5s
180950K .......... .......... .......... .......... .......... 74%  101M 5s
181000K .......... .......... .......... .......... .......... 74% 18.2M 5s
181050K .......... .......... .......... .......... .......... 74% 91.7M 5s
181100K .......... .......... .......... .......... .......... 74%  118M 5s
181150K .......... .......... .......... .......... .......... 74%  117M 5s
181200K .......... .......... .......... .......... .......... 74% 16.5M 5s
181250K .......... .......... .......... .......... .......... 74%  112M 5s
181300K .......... .......... .......... .......... .......... 74%  117M 5s
181350K .......... .......... .......... .......... .......... 74%  117M 5s
181400K .......... .......... .......... .......... .......... 74%  115M 5s
181450K .......... .......... .......... .......... .......... 74% 17.4M 5s
181500K .......... .......... .......... .......... .......... 74%  103M 5s
181550K .......... .......... .......... .......... .......... 74%  119M 5s
181600K .......... .......... .......... .......... .......... 74% 88.8M 5s
181650K .......... .......... .......... .......... .......... 74% 15.9M 5s
181700K .......... .......... .......... .......... .......... 75%  133M 5s
181750K .......... .......... .......... .......... .......... 75% 98.9M 5s
181800K .......... .......... .......... .......... .......... 75% 93.6M 5s
181850K .......... .......... .......... .......... .......... 75%  119M 5s
181900K .......... .......... .......... .......... .......... 75%  117M 4s
181950K .......... .......... .......... .......... .......... 75%  116M 4s
182000K .......... .......... .......... .......... .......... 75% 85.5M 4s
182050K .......... .......... .......... .......... .......... 75%  118M 4s
182100K .......... .......... .......... .......... .......... 75%  117M 4s
182150K .......... .......... .......... .......... .......... 75%  117M 4s
182200K .......... .......... .......... .......... .......... 75%  115M 4s
182250K .......... .......... .......... .......... .......... 75%  117M 4s
182300K .......... .......... .......... .......... .......... 75%  116M 4s
182350K .......... .......... .......... .......... .......... 75% 29.3M 4s
182400K .......... .......... .......... .......... .......... 75% 80.3M 4s
182450K .......... .......... .......... .......... .......... 75%  108M 4s
182500K .......... .......... .......... .......... .......... 75%  117M 4s
182550K .......... .......... .......... .......... .......... 75%  117M 4s
182600K .......... .......... .......... .......... .......... 75% 17.1M 4s
182650K .......... .......... .......... .......... .......... 75%  116M 4s
182700K .......... .......... .......... .......... .......... 75%  117M 4s
182750K .......... .......... .......... .......... .......... 75%  117M 4s
182800K .......... .......... .......... .......... .......... 75% 16.6M 4s
182850K .......... .......... .......... .......... .......... 75%  107M 4s
182900K .......... .......... .......... .......... .......... 75%  117M 4s
182950K .......... .......... .......... .......... .......... 75% 17.7M 4s
183000K .......... .......... .......... .......... .......... 75% 89.2M 4s
183050K .......... .......... .......... .......... .......... 75%  115M 4s
183100K .......... .......... .......... .......... .......... 75%  114M 4s
183150K .......... .......... .......... .......... .......... 75%  117M 4s
183200K .......... .......... .......... .......... .......... 75% 15.8M 4s
183250K .......... .......... .......... .......... .......... 75%  120M 4s
183300K .......... .......... .......... .......... .......... 75%  113M 4s
183350K .......... .......... .......... .......... .......... 75%  117M 4s
183400K .......... .......... .......... .......... .......... 75%  118M 4s
183450K .......... .......... .......... .......... .......... 75%  115M 4s
183500K .......... .......... .......... .......... .......... 75%  117M 4s
183550K .......... .......... .......... .......... .......... 75%  116M 4s
197300K .......... .......... .......... .......... .......... 81%  959K 3s
197350K .......... .......... .......... .......... .......... 81% 66.1M 3s
197400K .......... .......... .......... .......... .......... 81%  111M 3s
197450K .......... .......... .......... .......... .......... 81%  107M 3s
197500K .......... .......... .......... .......... .......... 81% 67.4M 3s
197550K .......... .......... .......... .......... .......... 81% 22.3M 3s
197600K .......... .......... .......... .......... .......... 81% 12.1M 3s
197650K .......... .......... .......... .......... .......... 81%  104M 3s
197700K .......... .......... .......... .......... .......... 81% 4.30M 3s
197750K .......... .......... .......... .......... .......... 81% 71.0M 3s
197800K .......... .......... .......... .......... .......... 81% 11.3M 3s
197850K .......... .......... .......... .......... .......... 81%  110M 3s
183600K .......... .......... .......... .......... .......... 75% 1.47M 4s
197900K .......... .......... .......... .......... .......... 81% 6.24M 3s
197950K .......... .......... .......... .......... .......... 81%  107M 3s
198000K .......... .......... .......... .......... .......... 81% 2.57M 3s
198050K .......... .......... .......... .......... .......... 81%  117M 3s
198100K .......... .......... .......... .......... .......... 81%  117M 3s
198150K .......... .......... .......... .......... .......... 81%  113M 3s
198200K .......... .......... .......... .......... .......... 81%  116M 3s
198250K .......... .......... .......... .......... .......... 81%  114M 3s
198300K .......... .......... .......... .......... .......... 81%  115M 3s
198350K .......... .......... .......... .......... .......... 81%  123M 3s
198400K .......... .......... .......... .......... .......... 81% 87.9M 3s
198450K .......... .......... .......... .......... .......... 81%  115M 3s
198500K .......... .......... .......... .......... .......... 81% 11.2M 3s
198550K .......... .......... .......... .......... .......... 81% 98.4M 3s
198600K .......... .......... .......... .......... .......... 81% 63.6M 3s
198650K .......... .......... .......... .......... .......... 82%  105M 3s
198700K .......... .......... .......... .......... .......... 82% 12.7M 3s
198750K .......... .......... .......... .......... .......... 82% 61.6M 3s
198800K .......... .......... .......... .......... .......... 82% 34.8M 3s
198850K .......... .......... .......... .......... .......... 82%  104M 3s
198900K .......... .......... .......... .......... .......... 82% 25.8M 3s
198950K .......... .......... .......... .......... .......... 82% 45.2M 3s
199000K .......... .......... .......... .......... .......... 82%  105M 3s
199050K .......... .......... .......... .......... .......... 82% 3.25M 3s
199100K .......... .......... .......... .......... .......... 82% 82.1M 3s
199150K .......... .......... .......... .......... .......... 82% 6.26M 3s
199200K .......... .......... .......... .......... .......... 82% 70.1M 3s
199250K .......... .......... .......... .......... .......... 82%  112M 3s
199300K .......... .......... .......... .......... .......... 82% 6.27M 3s
199350K .......... .......... .......... .......... .......... 82% 3.09M 3s
199400K .......... .......... .......... .......... .......... 82% 12.3M 3s
199450K .......... .......... .......... .......... .......... 82%  138M 3s
199500K .......... .......... .......... .......... .......... 82%  114M 3s
199550K .......... .......... .......... .......... .......... 82%  117M 3s
199600K .......... .......... .......... .......... .......... 82% 89.4M 3s
199650K .......... .......... .......... .......... .......... 82%  118M 3s
199700K .......... .......... .......... .......... .......... 82%  117M 3s
199750K .......... .......... .......... .......... .......... 82%  116M 3s
199800K .......... .......... .......... .......... .......... 82%  113M 3s
199850K .......... .......... .......... .......... .......... 82%  118M 3s
199900K .......... .......... .......... .......... .......... 82%  115M 3s
199950K .......... .......... .......... .......... .......... 82%  120M 3s
200000K .......... .......... .......... .......... .......... 82% 86.6M 3s
200050K .......... .......... .......... .......... .......... 82%  117M 3s
183650K .......... .......... .......... .......... .......... 75%  491K 4s
183700K .......... .......... .......... .......... .......... 75%  117M 4s
200100K .......... .......... .......... .......... .......... 82% 34.5M 3s
200150K .......... .......... .......... .......... .......... 82%  117M 3s
200200K .......... .......... .......... .......... .......... 82%  115M 3s
200250K .......... .......... .......... .......... .......... 82%  117M 3s
200300K .......... .......... .......... .......... .......... 82%  116M 3s
183750K .......... .......... .......... .......... .......... 75% 20.8M 4s
183800K .......... .......... .......... .......... .......... 75%  115M 4s
183850K .......... .......... .......... .......... .......... 75%  115M 4s
183900K .......... .......... .......... .......... .......... 75% 19.7M 4s
183950K .......... .......... .......... .......... .......... 75% 90.9M 4s
184000K .......... .......... .......... .......... .......... 75% 81.6M 4s
184050K .......... .......... .......... .......... .......... 75%  116M 4s
184100K .......... .......... .......... .......... .......... 76% 18.6M 4s
184150K .......... .......... .......... .......... .......... 76% 79.3M 4s
184200K .......... .......... .......... .......... .......... 76%  111M 4s
184250K .......... .......... .......... .......... .......... 76%  117M 4s
184300K .......... .......... .......... .......... .......... 76%  117M 4s
184350K .......... .......... .......... .......... .......... 76% 17.7M 4s
184400K .......... .......... .......... .......... .......... 76% 77.6M 4s
184450K .......... .......... .......... .......... .......... 76%  116M 4s
184500K .......... .......... .......... .......... .......... 76%  117M 4s
184550K .......... .......... .......... .......... .......... 76% 17.4M 4s
184600K .......... .......... .......... .......... .......... 76% 74.4M 4s
184650K .......... .......... .......... .......... .......... 76% 70.6M 4s
184700K .......... .......... .......... .......... .......... 76% 17.4M 4s
184750K .......... .......... .......... .......... .......... 76%  117M 4s
184800K .......... .......... .......... .......... .......... 76% 87.4M 4s
184850K .......... .......... .......... .......... .......... 76%  117M 4s
184900K .......... .......... .......... .......... .......... 76%  117M 4s
184950K .......... .......... .......... .......... .......... 76%  117M 4s
185000K .......... .......... .......... .......... .......... 76%  115M 4s
185050K .......... .......... .......... .......... .......... 76%  118M 4s
185100K .......... .......... .......... .......... .......... 76%  116M 4s
185150K .......... .......... .......... .......... .......... 76%  117M 4s
185200K .......... .......... .......... .......... .......... 76% 87.1M 4s
185250K .......... .......... .......... .......... .......... 76%  116M 4s
185300K .......... .......... .......... .......... .......... 76%  117M 4s
185350K .......... .......... .......... .......... .......... 76%  117M 4s
185400K .......... .......... .......... .......... .......... 76%  115M 4s
185450K .......... .......... .......... .......... .......... 76%  117M 4s
185500K .......... .......... .......... .......... .......... 76% 33.3M 4s
185550K .......... .......... .......... .......... .......... 76% 83.0M 4s
185600K .......... .......... .......... .......... .......... 76% 88.8M 4s
185650K .......... .......... .......... .......... .......... 76%  115M 4s
185700K .......... .......... .......... .......... .......... 76% 17.6M 4s
185750K .......... .......... .......... .......... .......... 76%  114M 4s
185800K .......... .......... .......... .......... .......... 76%  101M 4s
185850K .......... .......... .......... .......... .......... 76% 18.0M 4s
185900K .......... .......... .......... .......... .......... 76% 85.2M 4s
185950K .......... .......... .......... .......... .......... 76%  108M 4s
186000K .......... .......... .......... .......... .......... 76% 89.4M 4s
186050K .......... .......... .......... .......... .......... 76%  112M 4s
186100K .......... .......... .......... .......... .......... 76% 16.6M 4s
186150K .......... .......... .......... .......... .......... 76%  117M 4s
186200K .......... .......... .......... .......... .......... 76%  114M 4s
200350K .......... .......... .......... .......... .......... 82% 2.69M 3s
200400K .......... .......... .......... .......... .......... 82% 1.58M 3s
200450K .......... .......... .......... .......... .......... 82%  108M 3s
200500K .......... .......... .......... .......... .......... 82%  117M 3s
200550K .......... .......... .......... .......... .......... 82% 22.5M 3s
200600K .......... .......... .......... .......... .......... 82% 62.7M 3s
200650K .......... .......... .......... .......... .......... 82% 12.6M 3s
200700K .......... .......... .......... .......... .......... 82%  111M 3s
200750K .......... .......... .......... .......... .......... 82% 4.30M 3s
200800K .......... .......... .......... .......... .......... 82% 13.4M 3s
200850K .......... .......... .......... .......... .......... 82% 31.4M 3s
200900K .......... .......... .......... .......... .......... 82% 15.1M 3s
200950K .......... .......... .......... .......... .......... 82% 9.62M 3s
201000K .......... .......... .......... .......... .......... 82%  116M 3s
201050K .......... .......... .......... .......... .......... 83% 2.18M 3s
201100K .......... .......... .......... .......... .......... 83%  118M 3s
201150K .......... .......... .......... .......... .......... 83%  116M 3s
201200K .......... .......... .......... .......... .......... 83% 87.7M 3s
201250K .......... .......... .......... .......... .......... 83%  116M 3s
201300K .......... .......... .......... .......... .......... 83%  115M 3s
201350K .......... .......... .......... .......... .......... 83%  118M 3s
201400K .......... .......... .......... .......... .......... 83%  113M 3s
201450K .......... .......... .......... .......... .......... 83%  116M 3s
201500K .......... .......... .......... .......... .......... 83%  116M 3s
201550K .......... .......... .......... .......... .......... 83%  117M 3s
201600K .......... .......... .......... .......... .......... 83% 54.6M 3s
201650K .......... .......... .......... .......... .......... 83% 64.3M 3s
201700K .......... .......... .......... .......... .......... 83% 88.3M 3s
201750K .......... .......... .......... .......... .......... 83%  117M 3s
201800K .......... .......... .......... .......... .......... 83% 11.4M 3s
201850K .......... .......... .......... .......... .......... 83% 40.8M 3s
201900K .......... .......... .......... .......... .......... 83%  102M 3s
201950K .......... .......... .......... .......... .......... 83%  111M 3s
202000K .......... .......... .......... .......... .......... 83% 18.3M 3s
202050K .......... .......... .......... .......... .......... 83%  117M 3s
202100K .......... .......... .......... .......... .......... 83% 3.25M 3s
202150K .......... .......... .......... .......... .......... 83% 90.2M 3s
202200K .......... .......... .......... .......... .......... 83% 6.04M 3s
202250K .......... .......... .......... .......... .......... 83%  157M 3s
202300K .......... .......... .......... .......... .......... 83%  102M 3s
202350K .......... .......... .......... .......... .......... 83% 6.26M 3s
202400K .......... .......... .......... .......... .......... 83% 3.09M 3s
202450K .......... .......... .......... .......... .......... 83% 6.41M 3s
202500K .......... .......... .......... .......... .......... 83%  122M 3s
202550K .......... .......... .......... .......... .......... 83%  116M 3s
202600K .......... .......... .......... .......... .......... 83%  117M 3s
202650K .......... .......... .......... .......... .......... 83%  116M 3s
202700K .......... .......... .......... .......... .......... 83%  113M 3s
202750K .......... .......... .......... .......... .......... 83%  117M 3s
202800K .......... .......... .......... .......... .......... 83% 90.5M 3s
202850K .......... .......... .......... .......... .......... 83%  116M 3s
202900K .......... .......... .......... .......... .......... 83%  113M 3s
202950K .......... .......... .......... .......... .......... 83%  117M 3s
203000K .......... .......... .......... .......... .......... 83%  113M 3s
203050K .......... .......... .......... .......... .......... 83%  120M 3s
203100K .......... .......... .......... .......... .......... 83%  117M 3s
186250K .......... .......... .......... .......... .......... 76%  356K 4s
186300K .......... .......... .......... .......... .......... 76%  117M 4s
186350K .......... .......... .......... .......... .......... 76%  115M 4s
186400K .......... .......... .......... .......... .......... 76% 89.9M 4s
186450K .......... .......... .......... .......... .......... 76%  116M 4s
186500K .......... .......... .......... .......... .......... 76%  116M 4s
186550K .......... .......... .......... .......... .......... 77%  117M 4s
186600K .......... .......... .......... .......... .......... 77%  112M 4s
203150K .......... .......... .......... .......... .......... 83% 11.9M 3s
203200K .......... .......... .......... .......... .......... 83% 86.7M 3s
203250K .......... .......... .......... .......... .......... 83%  117M 3s
203300K .......... .......... .......... .......... .......... 83%  117M 3s
186650K .......... .......... .......... .......... .......... 77% 20.7M 4s
186700K .......... .......... .......... .......... .......... 77%  117M 4s
186750K .......... .......... .......... .......... .......... 77%  117M 4s
186800K .......... .......... .......... .......... .......... 77% 87.2M 4s
186850K .......... .......... .......... .......... .......... 77%  117M 4s
186900K .......... .......... .......... .......... .......... 77%  117M 4s
186950K .......... .......... .......... .......... .......... 77%  117M 4s
187000K .......... .......... .......... .......... .......... 77%  115M 4s
187050K .......... .......... .......... .......... .......... 77%  116M 4s
187100K .......... .......... .......... .......... .......... 77%  117M 4s
187150K .......... .......... .......... .......... .......... 77%  117M 4s
187200K .......... .......... .......... .......... .......... 77% 89.3M 4s
187250K .......... .......... .......... .......... .......... 77% 36.4M 4s
187300K .......... .......... .......... .......... .......... 77%  107M 4s
187350K .......... .......... .......... .......... .......... 77%  111M 4s
187400K .......... .......... .......... .......... .......... 77%  115M 4s
187450K .......... .......... .......... .......... .......... 77%  109M 4s
187500K .......... .......... .......... .......... .......... 77% 16.4M 4s
203350K .......... .......... .......... .......... .......... 83% 4.05M 3s
187550K .......... .......... .......... .......... .......... 77%  114M 4s
187600K .......... .......... .......... .......... .......... 77% 15.8M 4s
187650K .......... .......... .......... .......... .......... 77% 98.4M 4s
187700K .......... .......... .......... .......... .......... 77% 16.1M 4s
187750K .......... .......... .......... .......... .......... 77%  117M 4s
187800K .......... .......... .......... .......... .......... 77%  113M 4s
187850K .......... .......... .......... .......... .......... 77%  119M 4s
187900K .......... .......... .......... .......... .......... 77%  117M 4s
187950K .......... .......... .......... .......... .......... 77%  115M 4s
188000K .......... .......... .......... .......... .......... 77% 88.1M 4s
188050K .......... .......... .......... .......... .......... 77%  117M 4s
188100K .......... .......... .......... .......... .......... 77%  117M 4s
188150K .......... .......... .......... .......... .......... 77%  117M 4s
188200K .......... .......... .......... .......... .......... 77%  115M 4s
188250K .......... .......... .......... .......... .......... 77%  117M 4s
188300K .......... .......... .......... .......... .......... 77%  117M 4s
188350K .......... .......... .......... .......... .......... 77%  117M 4s
188400K .......... .......... .......... .......... .......... 77% 89.2M 4s
188450K .......... .......... .......... .......... .......... 77%  117M 4s
188500K .......... .......... .......... .......... .......... 77%  117M 4s
188550K .......... .......... .......... .......... .......... 77%  117M 4s
188600K .......... .......... .......... .......... .......... 77% 34.4M 4s
188650K .......... .......... .......... .......... .......... 77%  116M 4s
188700K .......... .......... .......... .......... .......... 77% 95.8M 4s
188750K .......... .......... .......... .......... .......... 77% 19.0M 4s
188800K .......... .......... .......... .......... .......... 77% 59.8M 4s
188850K .......... .......... .......... .......... .......... 77%  106M 4s
188900K .......... .......... .......... .......... .......... 77%  113M 4s
188950K .......... .......... .......... .......... .......... 78%  117M 4s
189000K .......... .......... .......... .......... .......... 78% 17.1M 4s
189050K .......... .......... .......... .......... .......... 78% 85.3M 4s
189100K .......... .......... .......... .......... .......... 78%  117M 4s
203400K .......... .......... .......... .......... .......... 83% 1.60M 3s
203450K .......... .......... .......... .......... .......... 83% 90.1M 3s
203500K .......... .......... .......... .......... .......... 84%  116M 3s
203550K .......... .......... .......... .......... .......... 84% 75.8M 3s
203600K .......... .......... .......... .......... .......... 84% 23.7M 3s
203650K .......... .......... .......... .......... .......... 84% 16.4M 3s
203700K .......... .......... .......... .......... .......... 84% 28.7M 3s
203750K .......... .......... .......... .......... .......... 84% 6.79M 3s
203800K .......... .......... .......... .......... .......... 84% 10.7M 3s
203850K .......... .......... .......... .......... .......... 84% 14.1M 3s
203900K .......... .......... .......... .......... .......... 84% 29.8M 3s
203950K .......... .......... .......... .......... .......... 84% 15.4M 3s
204000K .......... .......... .......... .......... .......... 84% 9.81M 3s
204050K .......... .......... .......... .......... .......... 84% 73.4M 3s
204100K .......... .......... .......... .......... .......... 84% 2.17M 3s
204150K .......... .......... .......... .......... .......... 84% 12.1M 3s
204200K .......... .......... .......... .......... .......... 84%  147M 3s
204250K .......... .......... .......... .......... .......... 84%  117M 3s
204300K .......... .......... .......... .......... .......... 84%  113M 3s
204350K .......... .......... .......... .......... .......... 84%  117M 3s
204400K .......... .......... .......... .......... .......... 84% 90.0M 3s
204450K .......... .......... .......... .......... .......... 84%  114M 3s
204500K .......... .......... .......... .......... .......... 84%  115M 3s
204550K .......... .......... .......... .......... .......... 84%  121M 3s
204600K .......... .......... .......... .......... .......... 84%  112M 3s
204650K .......... .......... .......... .......... .......... 84%  117M 3s
204700K .......... .......... .......... .......... .......... 84%  116M 3s
204750K .......... .......... .......... .......... .......... 84%  117M 3s
204800K .......... .......... .......... .......... .......... 84% 89.7M 3s
204850K .......... .......... .......... .......... .......... 84% 30.5M 3s
204900K .......... .......... .......... .......... .......... 84% 42.1M 3s
204950K .......... .......... .......... .......... .......... 84%  104M 3s
205000K .......... .......... .......... .......... .......... 84%  115M 3s
205050K .......... .......... .......... .......... .......... 84% 20.3M 3s
205100K .......... .......... .......... .......... .......... 84% 84.3M 3s
205150K .......... .......... .......... .......... .......... 84% 3.27M 3s
205200K .......... .......... .......... .......... .......... 84% 68.0M 3s
205250K .......... .......... .......... .......... .......... 84% 97.5M 3s
205300K .......... .......... .......... .......... .......... 84% 6.16M 3s
205350K .......... .......... .......... .......... .......... 84%  104M 3s
205400K .......... .......... .......... .......... .......... 84% 6.31M 3s
205450K .......... .......... .......... .......... .......... 84% 88.7M 3s
205500K .......... .......... .......... .......... .......... 84% 3.12M 3s
205550K .......... .......... .......... .......... .......... 84% 6.42M 3s
205600K .......... .......... .......... .......... .......... 84% 90.0M 3s
205650K .......... .......... .......... .......... .......... 84%  117M 3s
205700K .......... .......... .......... .......... .......... 84%  117M 3s
205750K .......... .......... .......... .......... .......... 84% 11.8M 3s
205800K .......... .......... .......... .......... .......... 84%  111M 3s
205850K .......... .......... .......... .......... .......... 84% 73.4M 3s
205900K .......... .......... .......... .......... .......... 85%  111M 3s
189150K .......... .......... .......... .......... .......... 78%  352K 4s
205950K .......... .......... .......... .......... .......... 85% 71.5M 2s
206000K .......... .......... .......... .......... .......... 85% 89.0M 2s
206050K .......... .......... .......... .......... .......... 85% 75.7M 2s
206100K .......... .......... .......... .......... .......... 85%  100M 2s
206150K .......... .......... .......... .......... .......... 85%  115M 2s
189200K .......... .......... .......... .......... .......... 78% 17.4M 4s
189250K .......... .......... .......... .......... .......... 78%  117M 4s
206200K .......... .......... .......... .......... .......... 85% 49.8M 2s
206250K .......... .......... .......... .......... .......... 85%  117M 2s
206300K .......... .......... .......... .......... .......... 85%  116M 2s
206350K .......... .......... .......... .......... .......... 85%  115M 2s
206400K .......... .......... .......... .......... .......... 85% 90.0M 2s
189300K .......... .......... .......... .......... .......... 78% 20.7M 4s
189350K .......... .......... .......... .......... .......... 78%  116M 4s
189400K .......... .......... .......... .......... .......... 78%  113M 4s
189450K .......... .......... .......... .......... .......... 78%  117M 4s
189500K .......... .......... .......... .......... .......... 78%  118M 4s
189550K .......... .......... .......... .......... .......... 78%  119M 4s
189600K .......... .......... .......... .......... .......... 78% 89.2M 4s
189650K .......... .......... .......... .......... .......... 78%  115M 4s
189700K .......... .......... .......... .......... .......... 78%  116M 4s
189750K .......... .......... .......... .......... .......... 78%  117M 4s
189800K .......... .......... .......... .......... .......... 78%  115M 4s
189850K .......... .......... .......... .......... .......... 78%  117M 4s
189900K .......... .......... .......... .......... .......... 78%  116M 4s
189950K .......... .......... .......... .......... .......... 78%  117M 4s
190000K .......... .......... .......... .......... .......... 78% 87.0M 4s
190050K .......... .......... .......... .......... .......... 78%  117M 4s
190100K .......... .......... .......... .......... .......... 78%  117M 4s
190150K .......... .......... .......... .......... .......... 78%  117M 4s
190200K .......... .......... .......... .......... .......... 78%  115M 4s
190250K .......... .......... .......... .......... .......... 78%  117M 4s
190300K .......... .......... .......... .......... .......... 78%  117M 4s
190350K .......... .......... .......... .......... .......... 78%  117M 4s
190400K .......... .......... .......... .......... .......... 78% 88.7M 4s
190450K .......... .......... .......... .......... .......... 78%  117M 4s
190500K .......... .......... .......... .......... .......... 78% 18.8M 4s
190550K .......... .......... .......... .......... .......... 78% 94.0M 4s
190600K .......... .......... .......... .......... .......... 78% 16.5M 4s
190650K .......... .......... .......... .......... .......... 78% 97.1M 4s
190700K .......... .......... .......... .......... .......... 78%  116M 4s
190750K .......... .......... .......... .......... .......... 78%  116M 4s
190800K .......... .......... .......... .......... .......... 78% 15.5M 4s
190850K .......... .......... .......... .......... .......... 78%  117M 4s
190900K .......... .......... .......... .......... .......... 78%  115M 4s
190950K .......... .......... .......... .......... .......... 78%  115M 4s
191000K .......... .......... .......... .......... .......... 78%  114M 4s
191050K .......... .......... .......... .......... .......... 78%  119M 4s
191100K .......... .......... .......... .......... .......... 78%  117M 4s
191150K .......... .......... .......... .......... .......... 78%  116M 4s
191200K .......... .......... .......... .......... .......... 78% 87.3M 4s
191250K .......... .......... .......... .......... .......... 78%  117M 4s
191300K .......... .......... .......... .......... .......... 78%  117M 4s
191350K .......... .......... .......... .......... .......... 78%  117M 4s
191400K .......... .......... .......... .......... .......... 79%  115M 4s
191450K .......... .......... .......... .......... .......... 79%  115M 4s
191500K .......... .......... .......... .......... .......... 79%  119M 4s
191550K .......... .......... .......... .......... .......... 79%  117M 4s
191600K .......... .......... .......... .......... .......... 79% 88.7M 4s
191650K .......... .......... .......... .......... .......... 79% 43.5M 4s
191700K .......... .......... .......... .......... .......... 79% 72.4M 4s
191750K .......... .......... .......... .......... .......... 79%  103M 4s
191800K .......... .......... .......... .......... .......... 79%  115M 4s
191850K .......... .......... .......... .......... .......... 79%  110M 4s
191900K .......... .......... .......... .......... .......... 79% 16.9M 4s
191950K .......... .......... .......... .......... .......... 79% 94.6M 4s
206450K .......... .......... .......... .......... .......... 85% 1.20M 2s
206500K .......... .......... .......... .......... .......... 85%  123M 2s
206550K .......... .......... .......... .......... .......... 85%  100M 2s
206600K .......... .......... .......... .......... .......... 85%  114M 2s
206650K .......... .......... .......... .......... .......... 85% 21.6M 2s
206700K .......... .......... .......... .......... .......... 85%  142M 2s
206750K .......... .......... .......... .......... .......... 85% 16.1M 2s
206800K .......... .......... .......... .......... .......... 85% 5.73M 2s
206850K .......... .......... .......... .......... .......... 85% 10.7M 2s
206900K .......... .......... .......... .......... .......... 85% 13.6M 2s
206950K .......... .......... .......... .......... .......... 85%  117M 2s
207000K .......... .......... .......... .......... .......... 85% 11.3M 2s
207050K .......... .......... .......... .......... .......... 85% 10.2M 2s
207100K .......... .......... .......... .......... .......... 85% 70.5M 2s
207150K .......... .......... .......... .......... .......... 85%  115M 2s
207200K .......... .......... .......... .......... .......... 85% 1.63M 2s
207250K .......... .......... .......... .......... .......... 85% 22.3M 2s
207300K .......... .......... .......... .......... .......... 85%  132M 2s
207350K .......... .......... .......... .......... .......... 85%  117M 2s
207400K .......... .......... .......... .......... .......... 85%  115M 2s
207450K .......... .......... .......... .......... .......... 85%  117M 2s
207500K .......... .......... .......... .......... .......... 85%  117M 2s
207550K .......... .......... .......... .......... .......... 85%  117M 2s
207600K .......... .......... .......... .......... .......... 85% 89.6M 2s
207650K .......... .......... .......... .......... .......... 85%  117M 2s
207700K .......... .......... .......... .......... .......... 85%  117M 2s
207750K .......... .......... .......... .......... .......... 85%  117M 2s
207800K .......... .......... .......... .......... .......... 85%  114M 2s
207850K .......... .......... .......... .......... .......... 85%  118M 2s
207900K .......... .......... .......... .......... .......... 85%  115M 2s
207950K .......... .......... .......... .......... .......... 85%  118M 2s
208000K .......... .......... .......... .......... .......... 85% 89.7M 2s
208050K .......... .......... .......... .......... .......... 85%  117M 2s
208100K .......... .......... .......... .......... .......... 85%  116M 2s
208150K .......... .......... .......... .......... .......... 85%  117M 2s
208200K .......... .......... .......... .......... .......... 85% 3.58M 2s
208250K .......... .......... .......... .......... .......... 85%  100M 2s
208300K .......... .......... .......... .......... .......... 85% 94.3M 2s
208350K .......... .......... .......... .......... .......... 86% 6.26M 2s
208400K .......... .......... .......... .......... .......... 86% 75.4M 2s
208450K .......... .......... .......... .......... .......... 86% 6.24M 2s
208500K .......... .......... .......... .......... .......... 86% 84.8M 2s
208550K .......... .......... .......... .......... .......... 86% 3.14M 2s
208600K .......... .......... .......... .......... .......... 86% 6.54M 2s
208650K .......... .......... .......... .......... .......... 86% 92.5M 2s
208700K .......... .......... .......... .......... .......... 86% 95.3M 2s
208750K .......... .......... .......... .......... .......... 86%  117M 2s
192000K .......... .......... .......... .......... .......... 79%  353K 4s
192050K .......... .......... .......... .......... .......... 79% 51.1M 4s
208800K .......... .......... .......... .......... .......... 86% 5.57M 2s
208850K .......... .......... .......... .......... .......... 86%  153M 2s
208900K .......... .......... .......... .......... .......... 86%  114M 2s
208950K .......... .......... .......... .......... .......... 86%  118M 2s
192100K .......... .......... .......... .......... .......... 79% 12.1M 4s
209000K .......... .......... .......... .......... .......... 86% 82.7M 2s
209050K .......... .......... .......... .......... .......... 86% 88.7M 2s
209100K .......... .......... .......... .......... .......... 86%  119M 2s
209150K .......... .......... .......... .......... .......... 86%  114M 2s
209200K .......... .......... .......... .......... .......... 86% 67.1M 2s
192150K .......... .......... .......... .......... .......... 79% 21.7M 4s
209250K .......... .......... .......... .......... .......... 86% 98.8M 2s
209300K .......... .......... .......... .......... .......... 86%  115M 2s
209350K .......... .......... .......... .......... .......... 86%  117M 2s
209400K .......... .......... .......... .......... .......... 86%  115M 2s
209450K .......... .......... .......... .......... .......... 86%  106M 2s
192200K .......... .......... .......... .......... .......... 79% 17.6M 4s
192250K .......... .......... .......... .......... .......... 79%  117M 4s
192300K .......... .......... .......... .......... .......... 79%  117M 4s
192350K .......... .......... .......... .......... .......... 79%  117M 4s
192400K .......... .......... .......... .......... .......... 79% 86.8M 4s
192450K .......... .......... .......... .......... .......... 79%  116M 4s
192500K .......... .......... .......... .......... .......... 79%  118M 4s
192550K .......... .......... .......... .......... .......... 79%  120M 4s
192600K .......... .......... .......... .......... .......... 79%  114M 4s
192650K .......... .......... .......... .......... .......... 79%  114M 4s
192700K .......... .......... .......... .......... .......... 79%  118M 4s
192750K .......... .......... .......... .......... .......... 79%  118M 4s
192800K .......... .......... .......... .......... .......... 79% 86.8M 4s
192850K .......... .......... .......... .......... .......... 79%  117M 4s
192900K .......... .......... .......... .......... .......... 79%  117M 4s
192950K .......... .......... .......... .......... .......... 79%  117M 4s
193000K .......... .......... .......... .......... .......... 79%  115M 4s
193050K .......... .......... .......... .......... .......... 79%  117M 4s
193100K .......... .......... .......... .......... .......... 79%  117M 4s
193150K .......... .......... .......... .......... .......... 79%  116M 4s
193200K .......... .......... .......... .......... .......... 79% 89.6M 4s
193250K .......... .......... .......... .......... .......... 79%  117M 4s
193300K .......... .......... .......... .......... .......... 79%  117M 4s
193350K .......... .......... .......... .......... .......... 79%  117M 4s
193400K .......... .......... .......... .......... .......... 79%  100M 4s
193450K .......... .......... .......... .......... .......... 79%  117M 4s
193500K .......... .......... .......... .......... .......... 79% 42.4M 4s
193550K .......... .......... .......... .......... .......... 79% 66.7M 4s
193600K .......... .......... .......... .......... .......... 79% 86.9M 4s
193650K .......... .......... .......... .......... .......... 79%  116M 4s
193700K .......... .......... .......... .......... .......... 79%  113M 4s
193750K .......... .......... .......... .......... .......... 79% 16.2M 4s
193800K .......... .......... .......... .......... .......... 80%  110M 4s
193850K .......... .......... .......... .......... .......... 80%  117M 4s
193900K .......... .......... .......... .......... .......... 80%  117M 4s
193950K .......... .......... .......... .......... .......... 80% 15.5M 4s
194000K .......... .......... .......... .......... .......... 80% 96.4M 4s
194050K .......... .......... .......... .......... .......... 80%  117M 4s
194100K .......... .......... .......... .......... .......... 80%  119M 4s
194150K .......... .......... .......... .......... .......... 80%  115M 4s
194200K .......... .......... .......... .......... .......... 80%  115M 4s
194250K .......... .......... .......... .......... .......... 80%  116M 4s
194300K .......... .......... .......... .......... .......... 80%  117M 4s
194350K .......... .......... .......... .......... .......... 80%  116M 4s
194400K .......... .......... .......... .......... .......... 80% 87.2M 4s
194450K .......... .......... .......... .......... .......... 80%  116M 4s
194500K .......... .......... .......... .......... .......... 80%  117M 4s
194550K .......... .......... .......... .......... .......... 80%  117M 4s
194600K .......... .......... .......... .......... .......... 80%  115M 4s
194650K .......... .......... .......... .......... .......... 80%  116M 3s
194700K .......... .......... .......... .......... .......... 80%  115M 3s
194750K .......... .......... .......... .......... .......... 80%  118M 3s
194800K .......... .......... .......... .......... .......... 80% 90.2M 3s
194850K .......... .......... .......... .......... .......... 80% 45.3M 3s
194900K .......... .......... .......... .......... .......... 80% 99.3M 3s
209500K .......... .......... .......... .......... .......... 86% 1.31M 2s
209550K .......... .......... .......... .......... .......... 86%  116M 2s
209600K .......... .......... .......... .......... .......... 86% 79.9M 2s
209650K .......... .......... .......... .......... .......... 86%  117M 2s
209700K .......... .......... .......... .......... .......... 86% 21.9M 2s
209750K .......... .......... .......... .......... .......... 86%  149M 2s
209800K .......... .......... .......... .......... .......... 86% 16.2M 2s
209850K .......... .......... .......... .......... .......... 86% 28.5M 2s
209900K .......... .......... .......... .......... .......... 86% 4.31M 2s
209950K .......... .......... .......... .......... .......... 86% 14.1M 2s
210000K .......... .......... .......... .......... .......... 86% 84.6M 2s
210050K .......... .......... .......... .......... .......... 86% 5.70M 2s
210100K .......... .......... .......... .......... .......... 86%  103M 2s
210150K .......... .......... .......... .......... .......... 86% 66.6M 2s
210200K .......... .......... .......... .......... .......... 86%  103M 2s
210250K .......... .......... .......... .......... .......... 86% 1.64M 2s
210300K .......... .......... .......... .......... .......... 86%  119M 2s
210350K .......... .......... .......... .......... .......... 86% 23.3M 2s
210400K .......... .......... .......... .......... .......... 86% 84.6M 2s
210450K .......... .......... .......... .......... .......... 86% 12.0M 2s
210500K .......... .......... .......... .......... .......... 86%  117M 2s
210550K .......... .......... .......... .......... .......... 86%  117M 2s
210600K .......... .......... .......... .......... .......... 86%  115M 2s
210650K .......... .......... .......... .......... .......... 86%  117M 2s
210700K .......... .......... .......... .......... .......... 86%  117M 2s
210750K .......... .......... .......... .......... .......... 87%  116M 2s
210800K .......... .......... .......... .......... .......... 87% 88.8M 2s
210850K .......... .......... .......... .......... .......... 87%  114M 2s
210900K .......... .......... .......... .......... .......... 87%  118M 2s
210950K .......... .......... .......... .......... .......... 87%  116M 2s
211000K .......... .......... .......... .......... .......... 87%  116M 2s
211050K .......... .......... .......... .......... .......... 87%  118M 2s
211100K .......... .......... .......... .......... .......... 87%  114M 2s
211150K .......... .......... .......... .......... .......... 87%  118M 2s
211200K .......... .......... .......... .......... .......... 87% 87.5M 2s
194950K .......... .......... .......... .......... .......... 80%  585K 3s
211250K .......... .......... .......... .......... .......... 87% 4.91M 2s
211300K .......... .......... .......... .......... .......... 87%  104M 2s
211350K .......... .......... .......... .......... .......... 87%  101M 2s
211400K .......... .......... .......... .......... .......... 87% 6.20M 2s
211450K .......... .......... .......... .......... .......... 87% 75.8M 2s
211500K .......... .......... .......... .......... .......... 87%  117M 2s
211550K .......... .......... .......... .......... .......... 87% 6.23M 2s
211600K .......... .......... .......... .......... .......... 87% 3.11M 2s
211650K .......... .......... .......... .......... .......... 87% 6.51M 2s
211700K .......... .......... .......... .......... .......... 87%  107M 2s
211750K .......... .......... .......... .......... .......... 87% 91.2M 2s
211800K .......... .......... .......... .......... .......... 87%  110M 2s
211850K .......... .......... .......... .......... .......... 87%  115M 2s
195000K .......... .......... .......... .......... .......... 80%  877K 4s
211900K .......... .......... .......... .......... .......... 87% 5.76M 2s
211950K .......... .......... .......... .......... .......... 87%  109M 2s
212000K .......... .......... .......... .......... .......... 87% 85.6M 2s
212050K .......... .......... .......... .......... .......... 87% 80.4M 2s
195050K .......... .......... .......... .......... .......... 80% 11.5M 3s
212100K .......... .......... .......... .......... .......... 87% 75.1M 2s
212150K .......... .......... .......... .......... .......... 87%  118M 2s
195100K .......... .......... .......... .......... .......... 80% 23.8M 3s
195150K .......... .......... .......... .......... .......... 80% 17.8M 3s
195200K .......... .......... .......... .......... .......... 80% 88.5M 3s
195250K .......... .......... .......... .......... .......... 80%  117M 3s
195300K .......... .......... .......... .......... .......... 80%  110M 3s
195350K .......... .......... .......... .......... .......... 80%  117M 3s
195400K .......... .......... .......... .......... .......... 80%  115M 3s
195450K .......... .......... .......... .......... .......... 80%  117M 3s
195500K .......... .......... .......... .......... .......... 80% 14.5M 3s
195550K .......... .......... .......... .......... .......... 80%  149M 3s
195600K .......... .......... .......... .......... .......... 80% 86.7M 3s
195650K .......... .......... .......... .......... .......... 80%  121M 3s
195700K .......... .......... .......... .......... .......... 80%  115M 3s
195750K .......... .......... .......... .......... .......... 80%  118M 3s
195800K .......... .......... .......... .......... .......... 80%  112M 3s
195850K .......... .......... .......... .......... .......... 80%  119M 3s
195900K .......... .......... .......... .......... .......... 80%  113M 3s
195950K .......... .......... .......... .......... .......... 80%  118M 3s
196000K .......... .......... .......... .......... .......... 80% 89.3M 3s
196050K .......... .......... .......... .......... .......... 80%  117M 3s
196100K .......... .......... .......... .......... .......... 80%  117M 3s
196150K .......... .......... .......... .......... .......... 80%  117M 3s
196200K .......... .......... .......... .......... .......... 80%  115M 3s
196250K .......... .......... .......... .......... .......... 81%  117M 3s
196300K .......... .......... .......... .......... .......... 81%  117M 3s
196350K .......... .......... .......... .......... .......... 81%  117M 3s
196400K .......... .......... .......... .......... .......... 81% 87.0M 3s
196450K .......... .......... .......... .......... .......... 81%  117M 3s
196500K .......... .......... .......... .......... .......... 81%  117M 3s
196550K .......... .......... .......... .......... .......... 81%  117M 3s
196600K .......... .......... .......... .......... .......... 81%  115M 3s
196650K .......... .......... .......... .......... .......... 81% 51.4M 3s
196700K .......... .......... .......... .......... .......... 81% 64.3M 3s
196750K .......... .......... .......... .......... .......... 81%  110M 3s
196800K .......... .......... .......... .......... .......... 81% 88.8M 3s
196850K .......... .......... .......... .......... .......... 81%  117M 3s
196900K .......... .......... .......... .......... .......... 81% 16.0M 3s
196950K .......... .......... .......... .......... .......... 81%  117M 3s
197000K .......... .......... .......... .......... .......... 81%  109M 3s
197050K .......... .......... .......... .......... .......... 81%  117M 3s
197100K .......... .......... .......... .......... .......... 81% 14.9M 3s
197150K .......... .......... .......... .......... .......... 81%  118M 3s
197200K .......... .......... .......... .......... .......... 81% 87.3M 3s
197250K .......... .......... .......... .......... .......... 81%  119M 3s
197300K .......... .......... .......... .......... .......... 81%  116M 3s
197350K .......... .......... .......... .......... .......... 81%  117M 3s
197400K .......... .......... .......... .......... .......... 81%  112M 3s
197450K .......... .......... .......... .......... .......... 81%  117M 3s
197500K .......... .......... .......... .......... .......... 81%  116M 3s
197550K .......... .......... .......... .......... .......... 81%  117M 3s
197600K .......... .......... .......... .......... .......... 81% 89.5M 3s
197650K .......... .......... .......... .......... .......... 81%  117M 3s
197700K .......... .......... .......... .......... .......... 81%  116M 3s
197750K .......... .......... .......... .......... .......... 81%  117M 3s
197800K .......... .......... .......... .......... .......... 81%  115M 3s
197850K .......... .......... .......... .......... .......... 81%  117M 3s
212200K .......... .......... .......... .......... .......... 87% 1.19M 2s
212250K .......... .......... .......... .......... .......... 87%  131M 2s
212300K .......... .......... .......... .......... .......... 87%  116M 2s
212350K .......... .......... .......... .......... .......... 87%  117M 2s
212400K .......... .......... .......... .......... .......... 87% 88.5M 2s
212450K .......... .......... .......... .......... .......... 87%  116M 2s
212500K .......... .......... .......... .......... .......... 87%  115M 2s
212550K .......... .......... .......... .......... .......... 87%  115M 2s
212600K .......... .......... .......... .......... .......... 87%  115M 2s
212650K .......... .......... .......... .......... .......... 87%  116M 2s
212700K .......... .......... .......... .......... .......... 87%  116M 2s
212750K .......... .......... .......... .......... .......... 87%  118M 2s
212800K .......... .......... .......... .......... .......... 87% 88.1M 2s
212850K .......... .......... .......... .......... .......... 87% 47.5M 2s
212900K .......... .......... .......... .......... .......... 87% 5.42M 2s
212950K .......... .......... .......... .......... .......... 87% 12.4M 2s
213000K .......... .......... .......... .......... .......... 87% 13.8M 2s
213050K .......... .......... .......... .......... .......... 87%  117M 2s
213100K .......... .......... .......... .......... .......... 87% 11.8M 2s
213150K .......... .......... .......... .......... .......... 87% 10.5M 2s
213200K .......... .......... .......... .......... .......... 88% 44.3M 2s
213250K .......... .......... .......... .......... .......... 88% 98.6M 2s
213300K .......... .......... .......... .......... .......... 88% 1.64M 2s
213350K .......... .......... .......... .......... .......... 88% 25.0M 2s
213400K .......... .......... .......... .......... .......... 88% 74.0M 2s
213450K .......... .......... .......... .......... .......... 88%  116M 2s
213500K .......... .......... .......... .......... .......... 88% 12.0M 2s
213550K .......... .......... .......... .......... .......... 88%  117M 2s
213600K .......... .......... .......... .......... .......... 88% 89.7M 2s
213650K .......... .......... .......... .......... .......... 88% 12.1M 2s
213700K .......... .......... .......... .......... .......... 88%  117M 2s
213750K .......... .......... .......... .......... .......... 88%  116M 2s
213800K .......... .......... .......... .......... .......... 88%  113M 2s
213850K .......... .......... .......... .......... .......... 88%  116M 2s
213900K .......... .......... .......... .......... .......... 88%  119M 2s
213950K .......... .......... .......... .......... .......... 88%  120M 2s
214000K .......... .......... .......... .......... .......... 88% 87.3M 2s
214050K .......... .......... .......... .......... .......... 88%  117M 2s
214100K .......... .......... .......... .......... .......... 88%  113M 2s
214150K .......... .......... .......... .......... .......... 88%  121M 2s
214200K .......... .......... .......... .......... .......... 88%  113M 2s
214250K .......... .......... .......... .......... .......... 88%  116M 2s
197900K .......... .......... .......... .......... .......... 81%  584K 3s
214300K .......... .......... .......... .......... .......... 88% 7.70M 2s
214350K .......... .......... .......... .......... .......... 88%  111M 2s
214400K .......... .......... .......... .......... .......... 88% 63.9M 2s
214450K .......... .......... .......... .......... .......... 88% 6.49M 2s
214500K .......... .......... .......... .......... .......... 88% 55.4M 2s
214550K .......... .......... .......... .......... .......... 88%  113M 2s
214600K .......... .......... .......... .......... .......... 88% 6.23M 2s
214650K .......... .......... .......... .......... .......... 88% 3.19M 2s
214700K .......... .......... .......... .......... .......... 88% 6.74M 2s
214750K .......... .......... .......... .......... .......... 88% 49.0M 2s
214800K .......... .......... .......... .......... .......... 88% 70.7M 2s
214850K .......... .......... .......... .......... .......... 88%  117M 2s
214900K .......... .......... .......... .......... .......... 88%  117M 2s
197950K .......... .......... .......... .......... .......... 81%  888K 3s
214950K .......... .......... .......... .......... .......... 88% 5.76M 2s
215000K .......... .......... .......... .......... .......... 88%  109M 2s
215050K .......... .......... .......... .......... .......... 88%  104M 2s
215100K .......... .......... .......... .......... .......... 88% 70.5M 2s
215150K .......... .......... .......... .......... .......... 88%  101M 2s
215200K .......... .......... .......... .......... .......... 88% 80.7M 2s
198000K .......... .......... .......... .......... .......... 81% 11.0M 3s
198050K .......... .......... .......... .......... .......... 81% 20.3M 3s
198100K .......... .......... .......... .......... .......... 81% 58.7M 3s
198150K .......... .......... .......... .......... .......... 81%  117M 3s
198200K .......... .......... .......... .......... .......... 81%  114M 3s
198250K .......... .......... .......... .......... .......... 81%  117M 3s
198300K .......... .......... .......... .......... .......... 81%  114M 3s
198350K .......... .......... .......... .......... .......... 81%  112M 3s
198400K .......... .......... .......... .......... .......... 81% 89.0M 3s
198450K .......... .......... .......... .......... .......... 81% 15.3M 3s
198500K .......... .......... .......... .......... .......... 81%  110M 3s
198550K .......... .......... .......... .......... .......... 81%  113M 3s
198600K .......... .......... .......... .......... .......... 81%  115M 3s
198650K .......... .......... .......... .......... .......... 82% 14.8M 3s
198700K .......... .......... .......... .......... .......... 82%  116M 3s
198750K .......... .......... .......... .......... .......... 82%  114M 3s
198800K .......... .......... .......... .......... .......... 82% 91.5M 3s
198850K .......... .......... .......... .......... .......... 82%  116M 3s
198900K .......... .......... .......... .......... .......... 82%  113M 3s
198950K .......... .......... .......... .......... .......... 82%  115M 3s
199000K .......... .......... .......... .......... .......... 82%  114M 3s
199050K .......... .......... .......... .......... .......... 82%  118M 3s
199100K .......... .......... .......... .......... .......... 82%  117M 3s
199150K .......... .......... .......... .......... .......... 82%  117M 3s
199200K .......... .......... .......... .......... .......... 82% 88.9M 3s
199250K .......... .......... .......... .......... .......... 82%  117M 3s
199300K .......... .......... .......... .......... .......... 82%  117M 3s
199350K .......... .......... .......... .......... .......... 82%  117M 3s
199400K .......... .......... .......... .......... .......... 82%  115M 3s
199450K .......... .......... .......... .......... .......... 82%  115M 3s
199500K .......... .......... .......... .......... .......... 82%  118M 3s
199550K .......... .......... .......... .......... .......... 82%  117M 3s
199600K .......... .......... .......... .......... .......... 82% 89.4M 3s
199650K .......... .......... .......... .......... .......... 82%  117M 3s
199700K .......... .......... .......... .......... .......... 82%  117M 3s
199750K .......... .......... .......... .......... .......... 82%  117M 3s
199800K .......... .......... .......... .......... .......... 82%  115M 3s
199850K .......... .......... .......... .......... .......... 82% 47.5M 3s
199900K .......... .......... .......... .......... .......... 82%  105M 3s
199950K .......... .......... .......... .......... .......... 82%  117M 3s
200000K .......... .......... .......... .......... .......... 82% 14.1M 3s
200050K .......... .......... .......... .......... .......... 82%  117M 3s
200100K .......... .......... .......... .......... .......... 82%  117M 3s
200150K .......... .......... .......... .......... .......... 82%  117M 3s
200200K .......... .......... .......... .......... .......... 82% 14.5M 3s
200250K .......... .......... .......... .......... .......... 82%  144M 3s
200300K .......... .......... .......... .......... .......... 82%  120M 3s
200350K .......... .......... .......... .......... .......... 82%  117M 3s
200400K .......... .......... .......... .......... .......... 82% 88.7M 3s
200450K .......... .......... .......... .......... .......... 82%  116M 3s
200500K .......... .......... .......... .......... .......... 82%  114M 3s
200550K .......... .......... .......... .......... .......... 82%  117M 3s
200600K .......... .......... .......... .......... .......... 82%  117M 3s
200650K .......... .......... .......... .......... .......... 82%  117M 3s
200700K .......... .......... .......... .......... .......... 82%  117M 3s
200750K .......... .......... .......... .......... .......... 82%  116M 3s
215250K .......... .......... .......... .......... .......... 88% 1.09M 2s
215300K .......... .......... .......... .......... .......... 88%  124M 2s
215350K .......... .......... .......... .......... .......... 88%  110M 2s
215400K .......... .......... .......... .......... .......... 88%  121M 2s
215450K .......... .......... .......... .......... .......... 88%  114M 2s
215500K .......... .......... .......... .......... .......... 88%  118M 2s
215550K .......... .......... .......... .......... .......... 88%  119M 2s
215600K .......... .......... .......... .......... .......... 89% 86.8M 2s
215650K .......... .......... .......... .......... .......... 89%  117M 2s
215700K .......... .......... .......... .......... .......... 89%  116M 2s
215750K .......... .......... .......... .......... .......... 89%  117M 2s
215800K .......... .......... .......... .......... .......... 89%  115M 2s
215850K .......... .......... .......... .......... .......... 89%  117M 2s
215900K .......... .......... .......... .......... .......... 89%  113M 2s
215950K .......... .......... .......... .......... .......... 89%  120M 2s
216000K .......... .......... .......... .......... .......... 89% 5.10M 2s
216050K .......... .......... .......... .......... .......... 89% 13.5M 2s
216100K .......... .......... .......... .......... .......... 89%  117M 2s
216150K .......... .......... .......... .......... .......... 89% 5.83M 2s
216200K .......... .......... .......... .......... .......... 89%  129M 2s
216250K .......... .......... .......... .......... .......... 89% 49.0M 2s
216300K .......... .......... .......... .......... .......... 89% 95.8M 2s
200800K .......... .......... .......... .......... .......... 82% 1.22M 3s
216350K .......... .......... .......... .......... .......... 89% 1.65M 2s
216400K .......... .......... .......... .......... .......... 89% 21.8M 2s
216450K .......... .......... .......... .......... .......... 89% 81.7M 2s
216500K .......... .......... .......... .......... .......... 89%  108M 2s
216550K .......... .......... .......... .......... .......... 89% 12.1M 2s
216600K .......... .......... .......... .......... .......... 89%  108M 2s
216650K .......... .......... .......... .......... .......... 89%  108M 2s
216700K .......... .......... .......... .......... .......... 89%  118M 2s
216750K .......... .......... .......... .......... .......... 89% 12.1M 2s
216800K .......... .......... .......... .......... .......... 89% 11.6M 2s
216850K .......... .......... .......... .......... .......... 89%  117M 2s
216900K .......... .......... .......... .......... .......... 89%  113M 2s
216950K .......... .......... .......... .......... .......... 89%  119M 2s
217000K .......... .......... .......... .......... .......... 89%  118M 2s
217050K .......... .......... .......... .......... .......... 89%  116M 2s
217100K .......... .......... .......... .......... .......... 89%  114M 2s
217150K .......... .......... .......... .......... .......... 89%  118M 2s
217200K .......... .......... .......... .......... .......... 89% 89.1M 2s
217250K .......... .......... .......... .......... .......... 89%  117M 2s
217300K .......... .......... .......... .......... .......... 89%  117M 2s
217350K .......... .......... .......... .......... .......... 89% 17.7M 2s
217400K .......... .......... .......... .......... .......... 89%  116M 2s
217450K .......... .......... .......... .......... .......... 89%  116M 2s
217500K .......... .......... .......... .......... .......... 89% 6.83M 2s
217550K .......... .......... .......... .......... .......... 89% 36.4M 2s
217600K .......... .......... .......... .......... .......... 89% 77.1M 2s
217650K .......... .......... .......... .......... .......... 89% 6.25M 2s
217700K .......... .......... .......... .......... .......... 89% 3.19M 2s
217750K .......... .......... .......... .......... .......... 89% 6.82M 2s
217800K .......... .......... .......... .......... .......... 89% 45.0M 2s
217850K .......... .......... .......... .......... .......... 89% 80.5M 2s
217900K .......... .......... .......... .......... .......... 89%  117M 2s
217950K .......... .......... .......... .......... .......... 89%  115M 2s
200850K .......... .......... .......... .......... .......... 82%  513K 3s
218000K .......... .......... .......... .......... .......... 89% 5.68M 2s
218050K .......... .......... .......... .......... .......... 90%  104M 2s
218100K .......... .......... .......... .......... .......... 90%  112M 2s
218150K .......... .......... .......... .......... .......... 90%  117M 2s
200900K .......... .......... .......... .......... .......... 82% 11.4M 3s
218200K .......... .......... .......... .......... .......... 90% 63.7M 2s
200950K .......... .......... .......... .......... .......... 82% 26.3M 3s
201000K .......... .......... .......... .......... .......... 82% 16.1M 3s
201050K .......... .......... .......... .......... .......... 83%  163M 3s
201100K .......... .......... .......... .......... .......... 83%  115M 3s
201150K .......... .......... .......... .......... .......... 83%  119M 3s
201200K .......... .......... .......... .......... .......... 83% 89.1M 3s
201250K .......... .......... .......... .......... .......... 83%  109M 3s
201300K .......... .......... .......... .......... .......... 83%  117M 3s
201350K .......... .......... .......... .......... .......... 83% 15.9M 3s
201400K .......... .......... .......... .......... .......... 83% 97.7M 3s
201450K .......... .......... .......... .......... .......... 83%  100M 3s
201500K .......... .......... .......... .......... .......... 83%  117M 3s
201550K .......... .......... .......... .......... .......... 83% 15.2M 3s
201600K .......... .......... .......... .......... .......... 83% 84.9M 3s
201650K .......... .......... .......... .......... .......... 83%  117M 3s
201700K .......... .......... .......... .......... .......... 83%  113M 3s
201750K .......... .......... .......... .......... .......... 83%  117M 3s
201800K .......... .......... .......... .......... .......... 83%  112M 3s
201850K .......... .......... .......... .......... .......... 83% 14.7M 3s
201900K .......... .......... .......... .......... .......... 83%  118M 3s
201950K .......... .......... .......... .......... .......... 83%  115M 3s
202000K .......... .......... .......... .......... .......... 83% 87.0M 3s
202050K .......... .......... .......... .......... .......... 83%  117M 3s
202100K .......... .......... .......... .......... .......... 83%  119M 3s
202150K .......... .......... .......... .......... .......... 83%  117M 3s
202200K .......... .......... .......... .......... .......... 83%  116M 3s
202250K .......... .......... .......... .......... .......... 83%  116M 3s
202300K .......... .......... .......... .......... .......... 83%  117M 3s
202350K .......... .......... .......... .......... .......... 83%  117M 3s
202400K .......... .......... .......... .......... .......... 83% 87.0M 3s
202450K .......... .......... .......... .......... .......... 83%  117M 3s
202500K .......... .......... .......... .......... .......... 83%  117M 3s
202550K .......... .......... .......... .......... .......... 83%  117M 3s
202600K .......... .......... .......... .......... .......... 83%  115M 3s
202650K .......... .......... .......... .......... .......... 83%  117M 3s
202700K .......... .......... .......... .......... .......... 83%  116M 3s
202750K .......... .......... .......... .......... .......... 83%  117M 3s
202800K .......... .......... .......... .......... .......... 83% 88.8M 3s
202850K .......... .......... .......... .......... .......... 83%  117M 3s
202900K .......... .......... .......... .......... .......... 83%  117M 3s
202950K .......... .......... .......... .......... .......... 83% 49.7M 3s
203000K .......... .......... .......... .......... .......... 83%  102M 3s
203050K .......... .......... .......... .......... .......... 83%  117M 3s
203100K .......... .......... .......... .......... .......... 83%  117M 3s
203150K .......... .......... .......... .......... .......... 83% 15.0M 3s
203200K .......... .......... .......... .......... .......... 83% 82.0M 3s
203250K .......... .......... .......... .......... .......... 83%  113M 3s
203300K .......... .......... .......... .......... .......... 83%  117M 3s
203350K .......... .......... .......... .......... .......... 83% 14.8M 3s
203400K .......... .......... .......... .......... .......... 83%  115M 3s
203450K .......... .......... .......... .......... .......... 83%  115M 3s
203500K .......... .......... .......... .......... .......... 84%  118M 3s
203550K .......... .......... .......... .......... .......... 84%  117M 3s
203600K .......... .......... .......... .......... .......... 84% 89.1M 3s
203650K .......... .......... .......... .......... .......... 84%  113M 3s
203700K .......... .......... .......... .......... .......... 84%  117M 3s
203750K .......... .......... .......... .......... .......... 84%  117M 3s
218250K .......... .......... .......... .......... .......... 90% 1.01M 2s
218300K .......... .......... .......... .......... .......... 90%  116M 2s
218350K .......... .......... .......... .......... .......... 90%  118M 2s
218400K .......... .......... .......... .......... .......... 90% 88.6M 2s
218450K .......... .......... .......... .......... .......... 90%  117M 2s
218500K .......... .......... .......... .......... .......... 90%  117M 2s
218550K .......... .......... .......... .......... .......... 90%  118M 2s
218600K .......... .......... .......... .......... .......... 90%  112M 2s
218650K .......... .......... .......... .......... .......... 90%  116M 2s
218700K .......... .......... .......... .......... .......... 90%  120M 2s
218750K .......... .......... .......... .......... .......... 90%  116M 2s
218800K .......... .......... .......... .......... .......... 90% 86.3M 2s
218850K .......... .......... .......... .......... .......... 90%  117M 2s
218900K .......... .......... .......... .......... .......... 90%  117M 2s
218950K .......... .......... .......... .......... .......... 90%  117M 2s
219000K .......... .......... .......... .......... .......... 90%  114M 2s
219050K .......... .......... .......... .......... .......... 90% 8.55M 2s
219100K .......... .......... .......... .......... .......... 90% 13.8M 2s
219150K .......... .......... .......... .......... .......... 90% 82.8M 2s
219200K .......... .......... .......... .......... .......... 90% 12.4M 2s
219250K .......... .......... .......... .......... .......... 90% 9.94M 2s
219300K .......... .......... .......... .......... .......... 90% 44.7M 2s
219350K .......... .......... .......... .......... .......... 90%  117M 2s
219400K .......... .......... .......... .......... .......... 90% 1.65M 2s
219450K .......... .......... .......... .......... .......... 90% 24.0M 2s
219500K .......... .......... .......... .......... .......... 90% 74.5M 2s
219550K .......... .......... .......... .......... .......... 90% 97.5M 2s
219600K .......... .......... .......... .......... .......... 90% 11.7M 2s
219650K .......... .......... .......... .......... .......... 90%  117M 2s
219700K .......... .......... .......... .......... .......... 90%  106M 2s
219750K .......... .......... .......... .......... .......... 90%  117M 2s
219800K .......... .......... .......... .......... .......... 90% 12.1M 2s
219850K .......... .......... .......... .......... .......... 90% 12.3M 2s
219900K .......... .......... .......... .......... .......... 90% 91.4M 2s
219950K .......... .......... .......... .......... .......... 90% 11.8M 2s
220000K .......... .......... .......... .......... .......... 90% 91.9M 2s
220050K .......... .......... .......... .......... .......... 90%  113M 2s
220100K .......... .......... .......... .......... .......... 90%  120M 2s
220150K .......... .......... .......... .......... .......... 90%  117M 2s
220200K .......... .......... .......... .......... .......... 90%  114M 2s
220250K .......... .......... .......... .......... .......... 90%  117M 2s
220300K .......... .......... .......... .......... .......... 90%  116M 1s
220350K .......... .......... .......... .......... .......... 90%  115M 1s
220400K .......... .......... .......... .......... .......... 90% 88.3M 1s
220450K .......... .......... .......... .......... .......... 91%  117M 1s
220500K .......... .......... .......... .......... .......... 91%  117M 1s
220550K .......... .......... .......... .......... .......... 91% 7.71M 1s
220600K .......... .......... .......... .......... .......... 91% 59.5M 1s
220650K .......... .......... .......... .......... .......... 91%  109M 1s
220700K .......... .......... .......... .......... .......... 91% 6.67M 1s
220750K .......... .......... .......... .......... .......... 91% 3.09M 1s
220800K .......... .......... .......... .......... .......... 91% 6.71M 1s
220850K .......... .......... .......... .......... .......... 91% 45.5M 1s
220900K .......... .......... .......... .......... .......... 91% 81.6M 1s
220950K .......... .......... .......... .......... .......... 91%  101M 1s
203800K .......... .......... .......... .......... .......... 84%  375K 3s
221000K .......... .......... .......... .......... .......... 91% 6.01M 1s
221050K .......... .......... .......... .......... .......... 91% 69.3M 1s
221100K .......... .......... .......... .......... .......... 91% 98.8M 1s
221150K .......... .......... .......... .......... .......... 91%  116M 1s
221200K .......... .......... .......... .......... .......... 91% 88.8M 1s
203850K .......... .......... .......... .......... .......... 84% 9.31M 3s
221250K .......... .......... .......... .......... .......... 91% 60.1M 1s
203900K .......... .......... .......... .......... .......... 84% 30.7M 3s
203950K .......... .......... .......... .......... .......... 84% 20.9M 3s
204000K .......... .......... .......... .......... .......... 84% 42.9M 3s
204050K .......... .......... .......... .......... .......... 84%  114M 3s
204100K .......... .......... .......... .......... .......... 84%  116M 3s
204150K .......... .......... .......... .......... .......... 84%  116M 3s
204200K .......... .......... .......... .......... .......... 84%  115M 3s
204250K .......... .......... .......... .......... .......... 84%  117M 3s
204300K .......... .......... .......... .......... .......... 84%  116M 3s
204350K .......... .......... .......... .......... .......... 84% 15.7M 3s
204400K .......... .......... .......... .......... .......... 84% 75.6M 3s
204450K .......... .......... .......... .......... .......... 84%  110M 3s
204500K .......... .......... .......... .......... .......... 84% 16.5M 3s
204550K .......... .......... .......... .......... .......... 84% 69.8M 3s
204600K .......... .......... .......... .......... .......... 84%  111M 3s
204650K .......... .......... .......... .......... .......... 84%  117M 3s
204700K .......... .......... .......... .......... .......... 84%  117M 3s
204750K .......... .......... .......... .......... .......... 84%  115M 3s
204800K .......... .......... .......... .......... .......... 84% 7.39M 3s
204850K .......... .......... .......... .......... .......... 84%  118M 3s
204900K .......... .......... .......... .......... .......... 84%  118M 3s
204950K .......... .......... .......... .......... .......... 84%  113M 3s
205000K .......... .......... .......... .......... .......... 84%  115M 3s
205050K .......... .......... .......... .......... .......... 84%  117M 3s
205100K .......... .......... .......... .......... .......... 84%  118M 3s
205150K .......... .......... .......... .......... .......... 84%  117M 3s
205200K .......... .......... .......... .......... .......... 84% 86.6M 3s
205250K .......... .......... .......... .......... .......... 84%  116M 3s
205300K .......... .......... .......... .......... .......... 84%  118M 3s
205350K .......... .......... .......... .......... .......... 84%  117M 3s
205400K .......... .......... .......... .......... .......... 84%  115M 3s
205450K .......... .......... .......... .......... .......... 84%  116M 3s
205500K .......... .......... .......... .......... .......... 84%  115M 3s
205550K .......... .......... .......... .......... .......... 84%  118M 3s
205600K .......... .......... .......... .......... .......... 84% 89.3M 3s
205650K .......... .......... .......... .......... .......... 84%  117M 3s
205700K .......... .......... .......... .......... .......... 84%  117M 3s
205750K .......... .......... .......... .......... .......... 84%  117M 3s
205800K .......... .......... .......... .......... .......... 84%  114M 3s
205850K .......... .......... .......... .......... .......... 84%  119M 3s
205900K .......... .......... .......... .......... .......... 85%  117M 3s
205950K .......... .......... .......... .......... .......... 85%  117M 3s
206000K .......... .......... .......... .......... .......... 85% 89.0M 3s
206050K .......... .......... .......... .......... .......... 85%  117M 3s
206100K .......... .......... .......... .......... .......... 85% 73.0M 3s
206150K .......... .......... .......... .......... .......... 85% 95.2M 3s
206200K .......... .......... .......... .......... .......... 85%  115M 3s
206250K .......... .......... .......... .......... .......... 85%  116M 3s
206300K .......... .......... .......... .......... .......... 85% 15.0M 3s
206350K .......... .......... .......... .......... .......... 85%  116M 3s
221300K .......... .......... .......... .......... .......... 91% 1.01M 1s
221350K .......... .......... .......... .......... .......... 91%  118M 1s
221400K .......... .......... .......... .......... .......... 91%  115M 1s
221450K .......... .......... .......... .......... .......... 91% 11.9M 1s
221500K .......... .......... .......... .......... .......... 91%  117M 1s
221550K .......... .......... .......... .......... .......... 91%  116M 1s
221600K .......... .......... .......... .......... .......... 91% 87.2M 1s
221650K .......... .......... .......... .......... .......... 91%  119M 1s
221700K .......... .......... .......... .......... .......... 91%  118M 1s
221750K .......... .......... .......... .......... .......... 91%  113M 1s
221800K .......... .......... .......... .......... .......... 91%  115M 1s
221850K .......... .......... .......... .......... .......... 91%  117M 1s
221900K .......... .......... .......... .......... .......... 91%  118M 1s
221950K .......... .......... .......... .......... .......... 91%  112M 1s
222000K .......... .......... .......... .......... .......... 91% 90.0M 1s
222050K .......... .......... .......... .......... .......... 91%  117M 1s
222100K .......... .......... .......... .......... .......... 91% 24.2M 1s
222150K .......... .......... .......... .......... .......... 91% 13.3M 1s
222200K .......... .......... .......... .......... .......... 91% 36.4M 1s
222250K .......... .......... .......... .......... .......... 91% 17.8M 1s
222300K .......... .......... .......... .......... .......... 91% 9.60M 1s
222350K .......... .......... .......... .......... .......... 91% 47.3M 1s
222400K .......... .......... .......... .......... .......... 91% 78.5M 1s
222450K .......... .......... .......... .......... .......... 91% 1.64M 1s
222500K .......... .......... .......... .......... .......... 91% 28.0M 1s
222550K .......... .......... .......... .......... .......... 91% 68.8M 1s
222600K .......... .......... .......... .......... .......... 91% 94.9M 1s
222650K .......... .......... .......... .......... .......... 91% 12.3M 1s
222700K .......... .......... .......... .......... .......... 91%  117M 1s
222750K .......... .......... .......... .......... .......... 91%  111M 1s
222800K .......... .......... .......... .......... .......... 91% 13.0M 1s
222850K .......... .......... .......... .......... .......... 91% 58.8M 1s
222900K .......... .......... .......... .......... .......... 92% 12.0M 1s
222950K .......... .......... .......... .......... .......... 92%  109M 1s
223000K .......... .......... .......... .......... .......... 92% 6.32M 1s
223050K .......... .......... .......... .......... .......... 92%  117M 1s
223100K .......... .......... .......... .......... .......... 92%  117M 1s
223150K .......... .......... .......... .......... .......... 92%  117M 1s
223200K .......... .......... .......... .......... .......... 92% 88.1M 1s
223250K .......... .......... .......... .......... .......... 92%  118M 1s
223300K .......... .......... .......... .......... .......... 92%  118M 1s
223350K .......... .......... .......... .......... .......... 92%  117M 1s
223400K .......... .......... .......... .......... .......... 92%  112M 1s
223450K .......... .......... .......... .......... .......... 92%  118M 1s
223500K .......... .......... .......... .......... .......... 92%  117M 1s
223550K .......... .......... .......... .......... .......... 92%  115M 1s
223600K .......... .......... .......... .......... .......... 92% 17.4M 1s
223650K .......... .......... .......... .......... .......... 92% 55.8M 1s
223700K .......... .......... .......... .......... .......... 92%  101M 1s
223750K .......... .......... .......... .......... .......... 92% 6.82M 1s
223800K .......... .......... .......... .......... .......... 92% 3.07M 1s
223850K .......... .......... .......... .......... .......... 92% 6.86M 1s
223900K .......... .......... .......... .......... .......... 92% 44.7M 1s
223950K .......... .......... .......... .......... .......... 92%  107M 1s
224000K .......... .......... .......... .......... .......... 92% 64.9M 1s
206400K .......... .......... .......... .......... .......... 85%  366K 3s
206450K .......... .......... .......... .......... .......... 85%  137M 3s
206500K .......... .......... .......... .......... .......... 85%  117M 3s
206550K .......... .......... .......... .......... .......... 85%  120M 3s
206600K .......... .......... .......... .......... .......... 85%  114M 3s
206650K .......... .......... .......... .......... .......... 85%  112M 3s
206700K .......... .......... .......... .......... .......... 85%  118M 3s
206750K .......... .......... .......... .......... .......... 85%  119M 3s
206800K .......... .......... .......... .......... .......... 85% 87.8M 3s
224050K .......... .......... .......... .......... .......... 92% 5.40M 1s
224100K .......... .......... .......... .......... .......... 92%  118M 1s
224150K .......... .......... .......... .......... .......... 92%  117M 1s
224200K .......... .......... .......... .......... .......... 92%  115M 1s
224250K .......... .......... .......... .......... .......... 92%  117M 1s
224300K .......... .......... .......... .......... .......... 92% 67.8M 1s
206850K .......... .......... .......... .......... .......... 85% 14.8M 3s
206900K .......... .......... .......... .......... .......... 85% 21.9M 3s
206950K .......... .......... .......... .......... .......... 85% 44.4M 3s
207000K .......... .......... .......... .......... .......... 85%  115M 3s
207050K .......... .......... .......... .......... .......... 85%  107M 3s
207100K .......... .......... .......... .......... .......... 85%  117M 3s
207150K .......... .......... .......... .......... .......... 85%  117M 3s
207200K .......... .......... .......... .......... .......... 85% 88.8M 3s
207250K .......... .......... .......... .......... .......... 85%  115M 3s
207300K .......... .......... .......... .......... .......... 85% 16.0M 3s
207350K .......... .......... .......... .......... .......... 85% 98.6M 3s
207400K .......... .......... .......... .......... .......... 85%  115M 3s
207450K .......... .......... .......... .......... .......... 85%  108M 3s
207500K .......... .......... .......... .......... .......... 85% 15.1M 3s
207550K .......... .......... .......... .......... .......... 85%  117M 3s
207600K .......... .......... .......... .......... .......... 85% 82.3M 3s
207650K .......... .......... .......... .......... .......... 85%  117M 3s
207700K .......... .......... .......... .......... .......... 85%  117M 3s
207750K .......... .......... .......... .......... .......... 85% 7.63M 3s
207800K .......... .......... .......... .......... .......... 85% 13.2M 3s
207850K .......... .......... .......... .......... .......... 85%  147M 3s
207900K .......... .......... .......... .......... .......... 85%  117M 3s
207950K .......... .......... .......... .......... .......... 85%  117M 3s
208000K .......... .......... .......... .......... .......... 85% 89.4M 3s
208050K .......... .......... .......... .......... .......... 85%  114M 2s
208100K .......... .......... .......... .......... .......... 85%  117M 2s
208150K .......... .......... .......... .......... .......... 85%  117M 2s
208200K .......... .......... .......... .......... .......... 85%  114M 2s
208250K .......... .......... .......... .......... .......... 85%  120M 2s
208300K .......... .......... .......... .......... .......... 85%  116M 2s
208350K .......... .......... .......... .......... .......... 86%  114M 2s
208400K .......... .......... .......... .......... .......... 86% 88.5M 2s
208450K .......... .......... .......... .......... .......... 86%  117M 2s
208500K .......... .......... .......... .......... .......... 86%  117M 2s
208550K .......... .......... .......... .......... .......... 86%  117M 2s
208600K .......... .......... .......... .......... .......... 86%  115M 2s
208650K .......... .......... .......... .......... .......... 86%  117M 2s
208700K .......... .......... .......... .......... .......... 86%  117M 2s
208750K .......... .......... .......... .......... .......... 86%  117M 2s
208800K .......... .......... .......... .......... .......... 86% 88.8M 2s
208850K .......... .......... .......... .......... .......... 86%  117M 2s
208900K .......... .......... .......... .......... .......... 86%  117M 2s
208950K .......... .......... .......... .......... .......... 86%  117M 2s
209000K .......... .......... .......... .......... .......... 86%  115M 2s
209050K .......... .......... .......... .......... .......... 86%  117M 2s
209100K .......... .......... .......... .......... .......... 86%  117M 2s
209150K .......... .......... .......... .......... .......... 86%  117M 2s
209200K .......... .......... .......... .......... .......... 86% 89.4M 2s
209250K .......... .......... .......... .......... .......... 86%  117M 2s
209300K .......... .......... .......... .......... .......... 86%  117M 2s
209350K .......... .......... .......... .......... .......... 86%  108M 2s
224350K .......... .......... .......... .......... .......... 92% 1.02M 1s
224400K .......... .......... .......... .......... .......... 92% 57.5M 1s
224450K .......... .......... .......... .......... .......... 92%  117M 1s
224500K .......... .......... .......... .......... .......... 92% 11.9M 1s
224550K .......... .......... .......... .......... .......... 92% 12.0M 1s
224600K .......... .......... .......... .......... .......... 92%  119M 1s
224650K .......... .......... .......... .......... .......... 92%  116M 1s
224700K .......... .......... .......... .......... .......... 92%  116M 1s
224750K .......... .......... .......... .......... .......... 92%  116M 1s
224800K .......... .......... .......... .......... .......... 92% 87.2M 1s
224850K .......... .......... .......... .......... .......... 92%  119M 1s
224900K .......... .......... .......... .......... .......... 92%  118M 1s
224950K .......... .......... .......... .......... .......... 92%  114M 1s
225000K .......... .......... .......... .......... .......... 92%  115M 1s
225050K .......... .......... .......... .......... .......... 92%  117M 1s
225100K .......... .......... .......... .......... .......... 92%  118M 1s
225150K .......... .......... .......... .......... .......... 92%  115M 1s
225200K .......... .......... .......... .......... .......... 92% 29.2M 1s
225250K .......... .......... .......... .......... .......... 92% 36.5M 1s
225300K .......... .......... .......... .......... .......... 93% 17.8M 1s
225350K .......... .......... .......... .......... .......... 93% 9.48M 1s
225400K .......... .......... .......... .......... .......... 93% 50.1M 1s
225450K .......... .......... .......... .......... .......... 93% 93.9M 1s
225500K .......... .......... .......... .......... .......... 93% 1.65M 1s
225550K .......... .......... .......... .......... .......... 93% 26.0M 1s
225600K .......... .......... .......... .......... .......... 93% 50.0M 1s
225650K .......... .......... .......... .......... .......... 93% 90.5M 1s
225700K .......... .......... .......... .......... .......... 93% 12.6M 1s
225750K .......... .......... .......... .......... .......... 93%  112M 1s
225800K .......... .......... .......... .......... .......... 93%  104M 1s
225850K .......... .......... .......... .......... .......... 93%  116M 1s
225900K .......... .......... .......... .......... .......... 93% 11.9M 1s
225950K .......... .......... .......... .......... .......... 93% 13.1M 1s
226000K .......... .......... .......... .......... .......... 93% 55.0M 1s
226050K .......... .......... .......... .......... .......... 93% 6.38M 1s
226100K .......... .......... .......... .......... .......... 93% 11.9M 1s
226150K .......... .......... .......... .......... .......... 93%  118M 1s
226200K .......... .......... .......... .......... .......... 93%  115M 1s
226250K .......... .......... .......... .......... .......... 93%  117M 1s
226300K .......... .......... .......... .......... .......... 93%  116M 1s
226350K .......... .......... .......... .......... .......... 93%  117M 1s
226400K .......... .......... .......... .......... .......... 93% 87.9M 1s
226450K .......... .......... .......... .......... .......... 93%  115M 1s
226500K .......... .......... .......... .......... .......... 93%  117M 1s
226550K .......... .......... .......... .......... .......... 93%  116M 1s
226600K .......... .......... .......... .......... .......... 93%  114M 1s
226650K .......... .......... .......... .......... .......... 93%  116M 1s
226700K .......... .......... .......... .......... .......... 93%  117M 1s
226750K .......... .......... .......... .......... .......... 93%  117M 1s
226800K .......... .......... .......... .......... .......... 93% 2.23M 1s
226850K .......... .......... .......... .......... .......... 93%  135M 1s
226900K .......... .......... .......... .......... .......... 93% 6.86M 1s
226950K .......... .......... .......... .......... .......... 93% 44.7M 1s
227000K .......... .......... .......... .......... .......... 93% 75.1M 1s
227050K .......... .......... .......... .......... .......... 93%  104M 1s
209400K .......... .......... .......... .......... .......... 86%  358K 2s
209450K .......... .......... .......... .......... .......... 86%  187M 2s
209500K .......... .......... .......... .......... .......... 86%  115M 2s
227100K .......... .......... .......... .......... .......... 93% 4.69M 1s
209550K .......... .......... .......... .......... .......... 86%  119M 2s
209600K .......... .......... .......... .......... .......... 86% 58.4M 2s
209650K .......... .......... .......... .......... .......... 86%  117M 2s
209700K .......... .......... .......... .......... .......... 86%  117M 2s
209750K .......... .......... .......... .......... .......... 86%  116M 2s
209800K .......... .......... .......... .......... .......... 86% 70.2M 2s
227150K .......... .......... .......... .......... .......... 93% 19.0M 1s
227200K .......... .......... .......... .......... .......... 93% 88.9M 1s
227250K .......... .......... .......... .......... .......... 93%  117M 1s
227300K .......... .......... .......... .......... .......... 93% 85.8M 1s
227350K .......... .......... .......... .......... .......... 93%  116M 1s
209850K .......... .......... .......... .......... .......... 86% 20.6M 2s
209900K .......... .......... .......... .......... .......... 86%  115M 2s
209950K .......... .......... .......... .......... .......... 86%  118M 2s
210000K .......... .......... .......... .......... .......... 86% 87.0M 2s
210050K .......... .......... .......... .......... .......... 86%  117M 2s
210100K .......... .......... .......... .......... .......... 86%  117M 2s
210150K .......... .......... .......... .......... .......... 86%  117M 2s
210200K .......... .......... .......... .......... .......... 86%  115M 2s
210250K .......... .......... .......... .......... .......... 86%  117M 2s
210300K .......... .......... .......... .......... .......... 86% 18.3M 2s
210350K .......... .......... .......... .......... .......... 86%  105M 2s
210400K .......... .......... .......... .......... .......... 86% 83.0M 2s
210450K .......... .......... .......... .......... .......... 86% 16.6M 2s
210500K .......... .......... .......... .......... .......... 86% 69.9M 2s
210550K .......... .......... .......... .......... .......... 86%  111M 2s
210600K .......... .......... .......... .......... .......... 86% 97.7M 2s
210650K .......... .......... .......... .......... .......... 86%  117M 2s
210700K .......... .......... .......... .......... .......... 86%  116M 2s
210750K .......... .......... .......... .......... .......... 87% 7.50M 2s
210800K .......... .......... .......... .......... .......... 87% 7.01M 2s
210850K .......... .......... .......... .......... .......... 87%  115M 2s
210900K .......... .......... .......... .......... .......... 87%  117M 2s
210950K .......... .......... .......... .......... .......... 87%  115M 2s
211000K .......... .......... .......... .......... .......... 87%  114M 2s
211050K .......... .......... .......... .......... .......... 87%  120M 2s
211100K .......... .......... .......... .......... .......... 87%  115M 2s
211150K .......... .......... .......... .......... .......... 87%  116M 2s
211200K .......... .......... .......... .......... .......... 87% 90.9M 2s
211250K .......... .......... .......... .......... .......... 87%  115M 2s
211300K .......... .......... .......... .......... .......... 87%  117M 2s
211350K .......... .......... .......... .......... .......... 87%  117M 2s
211400K .......... .......... .......... .......... .......... 87%  115M 2s
211450K .......... .......... .......... .......... .......... 87%  117M 2s
211500K .......... .......... .......... .......... .......... 87%  117M 2s
211550K .......... .......... .......... .......... .......... 87%  115M 2s
211600K .......... .......... .......... .......... .......... 87% 88.2M 2s
211650K .......... .......... .......... .......... .......... 87%  117M 2s
211700K .......... .......... .......... .......... .......... 87%  117M 2s
211750K .......... .......... .......... .......... .......... 87%  117M 2s
211800K .......... .......... .......... .......... .......... 87%  113M 2s
211850K .......... .......... .......... .......... .......... 87%  119M 2s
211900K .......... .......... .......... .......... .......... 87%  117M 2s
211950K .......... .......... .......... .......... .......... 87%  117M 2s
212000K .......... .......... .......... .......... .......... 87% 88.8M 2s
212050K .......... .......... .......... .......... .......... 87%  115M 2s
212100K .......... .......... .......... .......... .......... 87%  118M 2s
212150K .......... .......... .......... .......... .......... 87%  117M 2s
212200K .......... .......... .......... .......... .......... 87%  115M 2s
212250K .......... .......... .......... .......... .......... 87%  116M 2s
212300K .......... .......... .......... .......... .......... 87%  117M 2s
227400K .......... .......... .......... .......... .......... 93% 1.09M 1s
227450K .......... .......... .......... .......... .......... 93%  129M 1s
227500K .......... .......... .......... .......... .......... 93% 12.0M 1s
227550K .......... .......... .......... .......... .......... 93% 96.9M 1s
227600K .......... .......... .......... .......... .......... 93% 6.21M 1s
227650K .......... .......... .......... .......... .......... 93%  117M 1s
227700K .......... .......... .......... .......... .......... 94%  115M 1s
227750K .......... .......... .......... .......... .......... 94%  117M 1s
227800K .......... .......... .......... .......... .......... 94%  115M 1s
227850K .......... .......... .......... .......... .......... 94%  117M 1s
227900K .......... .......... .......... .......... .......... 94%  119M 1s
227950K .......... .......... .......... .......... .......... 94%  114M 1s
228000K .......... .......... .......... .......... .......... 94% 89.3M 1s
228050K .......... .......... .......... .......... .......... 94%  118M 1s
228100K .......... .......... .......... .......... .......... 94%  114M 1s
228150K .......... .......... .......... .......... .......... 94%  117M 1s
228200K .......... .......... .......... .......... .......... 94%  115M 1s
228250K .......... .......... .......... .......... .......... 94%  115M 1s
228300K .......... .......... .......... .......... .......... 94%  119M 1s
228350K .......... .......... .......... .......... .......... 94% 52.5M 1s
228400K .......... .......... .......... .......... .......... 94% 8.98M 1s
228450K .......... .......... .......... .......... .......... 94% 51.3M 1s
228500K .......... .......... .......... .......... .......... 94% 92.0M 1s
228550K .......... .......... .......... .......... .......... 94% 1.63M 1s
228600K .......... .......... .......... .......... .......... 94% 35.4M 1s
228650K .......... .......... .......... .......... .......... 94% 49.1M 1s
228700K .......... .......... .......... .......... .......... 94% 99.5M 1s
228750K .......... .......... .......... .......... .......... 94% 12.6M 1s
228800K .......... .......... .......... .......... .......... 94% 73.8M 1s
228850K .......... .......... .......... .......... .......... 94%  117M 1s
228900K .......... .......... .......... .......... .......... 94%  105M 1s
228950K .......... .......... .......... .......... .......... 94% 14.2M 1s
229000K .......... .......... .......... .......... .......... 94% 11.3M 1s
229050K .......... .......... .......... .......... .......... 94% 62.3M 1s
229100K .......... .......... .......... .......... .......... 94% 6.41M 1s
229150K .......... .......... .......... .......... .......... 94% 11.8M 1s
229200K .......... .......... .......... .......... .......... 94% 11.9M 1s
229250K .......... .......... .......... .......... .......... 94%  115M 1s
229300K .......... .......... .......... .......... .......... 94%  116M 1s
229350K .......... .......... .......... .......... .......... 94%  117M 1s
229400K .......... .......... .......... .......... .......... 94%  117M 1s
229450K .......... .......... .......... .......... .......... 94%  117M 1s
229500K .......... .......... .......... .......... .......... 94%  117M 1s
229550K .......... .......... .......... .......... .......... 94%  116M 1s
229600K .......... .......... .......... .......... .......... 94% 86.7M 1s
229650K .......... .......... .......... .......... .......... 94%  118M 1s
229700K .......... .......... .......... .......... .......... 94%  115M 1s
229750K .......... .......... .......... .......... .......... 94%  117M 1s
229800K .......... .......... .......... .......... .......... 94%  117M 1s
229850K .......... .......... .......... .......... .......... 94% 2.67M 1s
229900K .......... .......... .......... .......... .......... 94%  143M 1s
229950K .......... .......... .......... .......... .......... 94% 6.96M 1s
230000K .......... .......... .......... .......... .......... 94% 37.8M 1s
230050K .......... .......... .......... .......... .......... 94% 82.2M 1s
230100K .......... .......... .......... .......... .......... 94% 93.8M 1s
230150K .......... .......... .......... .......... .......... 95% 4.77M 1s
212350K .......... .......... .......... .......... .......... 87%  356K 2s
212400K .......... .......... .......... .......... .......... 87%  154M 2s
212450K .......... .......... .......... .......... .......... 87% 74.8M 2s
212500K .......... .......... .......... .......... .......... 87%  118M 2s
212550K .......... .......... .......... .......... .......... 87%  116M 2s
212600K .......... .......... .......... .......... .......... 87%  114M 2s
212650K .......... .......... .......... .......... .......... 87%  114M 2s
212700K .......... .......... .......... .......... .......... 87%  117M 2s
212750K .......... .......... .......... .......... .......... 87%  120M 2s
230200K .......... .......... .......... .......... .......... 95% 7.91M 1s
230250K .......... .......... .......... .......... .......... 95%  117M 1s
230300K .......... .......... .......... .......... .......... 95%  117M 1s
230350K .......... .......... .......... .......... .......... 95%  116M 1s
230400K .......... .......... .......... .......... .......... 95% 85.7M 1s
212800K .......... .......... .......... .......... .......... 87% 19.2M 2s
212850K .......... .......... .......... .......... .......... 87%  116M 2s
212900K .......... .......... .......... .......... .......... 87%  117M 2s
212950K .......... .......... .......... .......... .......... 87%  117M 2s
213000K .......... .......... .......... .......... .......... 87%  115M 2s
213050K .......... .......... .......... .......... .......... 87%  115M 2s
213100K .......... .......... .......... .......... .......... 87%  118M 2s
213150K .......... .......... .......... .......... .......... 87%  117M 2s
213200K .......... .......... .......... .......... .......... 88% 89.4M 2s
213250K .......... .......... .......... .......... .......... 88%  117M 2s
213300K .......... .......... .......... .......... .......... 88%  117M 2s
213350K .......... .......... .......... .......... .......... 88%  117M 2s
213400K .......... .......... .......... .......... .......... 88%  115M 2s
213450K .......... .......... .......... .......... .......... 88% 26.8M 2s
213500K .......... .......... .......... .......... .......... 88% 36.5M 2s
213550K .......... .......... .......... .......... .......... 88%  115M 2s
213600K .......... .......... .......... .......... .......... 88% 90.3M 2s
213650K .......... .......... .......... .......... .......... 88%  117M 2s
213700K .......... .......... .......... .......... .......... 88%  117M 2s
213750K .......... .......... .......... .......... .......... 88% 3.09M 2s
213800K .......... .......... .......... .......... .......... 88%  127M 2s
213850K .......... .......... .......... .......... .......... 88%  114M 2s
213900K .......... .......... .......... .......... .......... 88%  122M 2s
213950K .......... .......... .......... .......... .......... 88%  117M 2s
214000K .......... .......... .......... .......... .......... 88% 88.4M 2s
214050K .......... .......... .......... .......... .......... 88%  116M 2s
214100K .......... .......... .......... .......... .......... 88%  114M 2s
214150K .......... .......... .......... .......... .......... 88%  119M 2s
214200K .......... .......... .......... .......... .......... 88%  115M 2s
214250K .......... .......... .......... .......... .......... 88%  116M 2s
214300K .......... .......... .......... .......... .......... 88%  117M 2s
214350K .......... .......... .......... .......... .......... 88%  117M 2s
214400K .......... .......... .......... .......... .......... 88% 85.9M 2s
214450K .......... .......... .......... .......... .......... 88%  115M 2s
214500K .......... .......... .......... .......... .......... 88%  116M 2s
214550K .......... .......... .......... .......... .......... 88%  115M 2s
214600K .......... .......... .......... .......... .......... 88%  115M 2s
214650K .......... .......... .......... .......... .......... 88%  117M 2s
214700K .......... .......... .......... .......... .......... 88%  117M 2s
214750K .......... .......... .......... .......... .......... 88%  117M 2s
214800K .......... .......... .......... .......... .......... 88% 88.9M 2s
214850K .......... .......... .......... .......... .......... 88%  117M 2s
214900K .......... .......... .......... .......... .......... 88%  117M 2s
214950K .......... .......... .......... .......... .......... 88%  117M 2s
215000K .......... .......... .......... .......... .......... 88%  115M 2s
215050K .......... .......... .......... .......... .......... 88%  117M 2s
215100K .......... .......... .......... .......... .......... 88%  117M 2s
215150K .......... .......... .......... .......... .......... 88%  117M 2s
215200K .......... .......... .......... .......... .......... 88% 89.5M 2s
215250K .......... .......... .......... .......... .......... 88%  117M 2s
230450K .......... .......... .......... .......... .......... 95% 1.18M 1s
230500K .......... .......... .......... .......... .......... 95%  128M 1s
230550K .......... .......... .......... .......... .......... 95% 12.7M 1s
230600K .......... .......... .......... .......... .......... 95% 20.8M 1s
230650K .......... .......... .......... .......... .......... 95% 23.4M 1s
230700K .......... .......... .......... .......... .......... 95% 11.2M 1s
230750K .......... .......... .......... .......... .......... 95%  117M 1s
230800K .......... .......... .......... .......... .......... 95% 11.6M 1s
230850K .......... .......... .......... .......... .......... 95%  123M 1s
230900K .......... .......... .......... .......... .......... 95%  115M 1s
230950K .......... .......... .......... .......... .......... 95%  118M 1s
231000K .......... .......... .......... .......... .......... 95%  114M 1s
231050K .......... .......... .......... .......... .......... 95%  117M 1s
231100K .......... .......... .......... .......... .......... 95%  116M 1s
231150K .......... .......... .......... .......... .......... 95%  116M 1s
231200K .......... .......... .......... .......... .......... 95% 89.2M 1s
231250K .......... .......... .......... .......... .......... 95%  117M 1s
231300K .......... .......... .......... .......... .......... 95%  114M 1s
231350K .......... .......... .......... .......... .......... 95%  119M 1s
231400K .......... .......... .......... .......... .......... 95% 31.0M 1s
231450K .......... .......... .......... .......... .......... 95% 46.7M 1s
231500K .......... .......... .......... .......... .......... 95%  110M 1s
231550K .......... .......... .......... .......... .......... 95% 48.2M 1s
231600K .......... .......... .......... .......... .......... 95% 1.62M 1s
231650K .......... .......... .......... .......... .......... 95% 36.1M 1s
231700K .......... .......... .......... .......... .......... 95% 49.4M 1s
231750K .......... .......... .......... .......... .......... 95% 96.8M 1s
231800K .......... .......... .......... .......... .......... 95% 12.8M 1s
231850K .......... .......... .......... .......... .......... 95% 85.6M 1s
231900K .......... .......... .......... .......... .......... 95%  108M 1s
231950K .......... .......... .......... .......... .......... 95%  117M 1s
232000K .......... .......... .......... .......... .......... 95% 6.45M 1s
232050K .......... .......... .......... .......... .......... 95% 70.8M 1s
232100K .......... .......... .......... .......... .......... 95% 6.50M 1s
232150K .......... .......... .......... .......... .......... 95% 11.2M 1s
232200K .......... .......... .......... .......... .......... 95%  139M 1s
232250K .......... .......... .......... .......... .......... 95% 12.2M 1s
232300K .......... .......... .......... .......... .......... 95%  117M 1s
232350K .......... .......... .......... .......... .......... 95% 11.6M 1s
232400K .......... .......... .......... .......... .......... 95%  108M 1s
232450K .......... .......... .......... .......... .......... 95%  118M 1s
232500K .......... .......... .......... .......... .......... 95%  113M 1s
232550K .......... .......... .......... .......... .......... 96%  115M 1s
232600K .......... .......... .......... .......... .......... 96%  117M 1s
232650K .......... .......... .......... .......... .......... 96%  118M 1s
232700K .......... .......... .......... .......... .......... 96%  118M 1s
232750K .......... .......... .......... .......... .......... 96%  113M 1s
232800K .......... .......... .......... .......... .......... 96% 88.4M 1s
232850K .......... .......... .......... .......... .......... 96%  118M 1s
232900K .......... .......... .......... .......... .......... 96% 3.36M 1s
232950K .......... .......... .......... .......... .......... 96% 7.08M 1s
233000K .......... .......... .......... .......... .......... 96% 41.1M 1s
233050K .......... .......... .......... .......... .......... 96%  117M 1s
233100K .......... .......... .......... .......... .......... 96% 73.4M 1s
233150K .......... .......... .......... .......... .......... 96%  109M 1s
233200K .......... .......... .......... .......... .......... 96% 3.75M 1s
215300K .......... .......... .......... .......... .......... 88%  357K 2s
215350K .......... .......... .......... .......... .......... 88%  118M 2s
215400K .......... .......... .......... .......... .......... 88%  110M 2s
215450K .......... .......... .......... .......... .......... 88%  120M 2s
215500K .......... .......... .......... .......... .......... 88%  115M 2s
215550K .......... .......... .......... .......... .......... 88%  118M 2s
215600K .......... .......... .......... .......... .......... 89% 86.1M 2s
215650K .......... .......... .......... .......... .......... 89%  120M 2s
215700K .......... .......... .......... .......... .......... 89%  115M 2s
215750K .......... .......... .......... .......... .......... 89%  116M 2s
233250K .......... .......... .......... .......... .......... 96% 6.87M 1s
233300K .......... .......... .......... .......... .......... 96%  117M 1s
233350K .......... .......... .......... .......... .......... 96%  116M 1s
215800K .......... .......... .......... .......... .......... 89% 27.3M 2s
233400K .......... .......... .......... .......... .......... 96% 85.3M 1s
215850K .......... .......... .......... .......... .......... 89% 50.4M 2s
215900K .......... .......... .......... .......... .......... 89%  117M 2s
215950K .......... .......... .......... .......... .......... 89%  117M 2s
216000K .......... .......... .......... .......... .......... 89% 89.3M 2s
216050K .......... .......... .......... .......... .......... 89%  117M 2s
216100K .......... .......... .......... .......... .......... 89%  116M 2s
216150K .......... .......... .......... .......... .......... 89%  117M 2s
216200K .......... .......... .......... .......... .......... 89%  115M 2s
216250K .......... .......... .......... .......... .......... 89%  117M 2s
216300K .......... .......... .......... .......... .......... 89%  117M 2s
216350K .......... .......... .......... .......... .......... 89%  117M 2s
216400K .......... .......... .......... .......... .......... 89% 87.0M 2s
216450K .......... .......... .......... .......... .......... 89%  117M 2s
216500K .......... .......... .......... .......... .......... 89%  117M 2s
216550K .......... .......... .......... .......... .......... 89%  117M 2s
216600K .......... .......... .......... .......... .......... 89%  115M 2s
216650K .......... .......... .......... .......... .......... 89%  117M 2s
216700K .......... .......... .......... .......... .......... 89%  117M 2s
216750K .......... .......... .......... .......... .......... 89% 2.69M 2s
216800K .......... .......... .......... .......... .......... 89% 88.8M 2s
216850K .......... .......... .......... .......... .......... 89%  117M 2s
216900K .......... .......... .......... .......... .......... 89%  117M 2s
216950K .......... .......... .......... .......... .......... 89%  118M 2s
217000K .......... .......... .......... .......... .......... 89%  112M 2s
217050K .......... .......... .......... .......... .......... 89%  120M 2s
217100K .......... .......... .......... .......... .......... 89%  116M 2s
217150K .......... .......... .......... .......... .......... 89%  115M 2s
217200K .......... .......... .......... .......... .......... 89% 88.3M 2s
217250K .......... .......... .......... .......... .......... 89%  118M 2s
217300K .......... .......... .......... .......... .......... 89%  117M 2s
217350K .......... .......... .......... .......... .......... 89%  117M 2s
217400K .......... .......... .......... .......... .......... 89%  115M 2s
217450K .......... .......... .......... .......... .......... 89%  116M 2s
217500K .......... .......... .......... .......... .......... 89%  118M 2s
217550K .......... .......... .......... .......... .......... 89%  117M 2s
217600K .......... .......... .......... .......... .......... 89% 86.9M 2s
217650K .......... .......... .......... .......... .......... 89%  117M 2s
217700K .......... .......... .......... .......... .......... 89%  117M 2s
217750K .......... .......... .......... .......... .......... 89%  117M 2s
217800K .......... .......... .......... .......... .......... 89%  115M 2s
217850K .......... .......... .......... .......... .......... 89%  115M 2s
217900K .......... .......... .......... .......... .......... 89%  118M 2s
217950K .......... .......... .......... .......... .......... 89%  117M 2s
218000K .......... .......... .......... .......... .......... 89% 89.4M 2s
218050K .......... .......... .......... .......... .......... 90%  117M 2s
218100K .......... .......... .......... .......... .......... 90%  117M 2s
218150K .......... .......... .......... .......... .......... 90%  117M 2s
218200K .......... .......... .......... .......... .......... 90%  115M 2s
218250K .......... .......... .......... .......... .......... 90%  117M 2s
233450K .......... .......... .......... .......... .......... 96% 1.24M 1s
233500K .......... .......... .......... .......... .......... 96%  126M 1s
233550K .......... .......... .......... .......... .......... 96%  117M 1s
233600K .......... .......... .......... .......... .......... 96% 20.0M 1s
233650K .......... .......... .......... .......... .......... 96% 94.2M 1s
233700K .......... .......... .......... .......... .......... 96% 6.56M 1s
233750K .......... .......... .......... .......... .......... 96% 72.3M 1s
233800K .......... .......... .......... .......... .......... 96%  111M 1s
233850K .......... .......... .......... .......... .......... 96% 6.39M 1s
233900K .......... .......... .......... .......... .......... 96%  115M 1s
233950K .......... .......... .......... .......... .......... 96%  118M 1s
234000K .......... .......... .......... .......... .......... 96% 86.4M 1s
234050K .......... .......... .......... .......... .......... 96%  121M 1s
234100K .......... .......... .......... .......... .......... 96%  116M 1s
234150K .......... .......... .......... .......... .......... 96%  117M 1s
234200K .......... .......... .......... .......... .......... 96%  112M 1s
234250K .......... .......... .......... .......... .......... 96%  116M 1s
234300K .......... .......... .......... .......... .......... 96%  117M 1s
234350K .......... .......... .......... .......... .......... 96%  118M 1s
234400K .......... .......... .......... .......... .......... 96% 87.2M 1s
234450K .......... .......... .......... .......... .......... 96%  119M 1s
234500K .......... .......... .......... .......... .......... 96%  117M 1s
234550K .......... .......... .......... .......... .......... 96%  117M 1s
234600K .......... .......... .......... .......... .......... 96%  115M 1s
234650K .......... .......... .......... .......... .......... 96% 1.70M 1s
234700K .......... .......... .......... .......... .......... 96% 99.6M 1s
234750K .......... .......... .......... .......... .......... 96% 25.7M 1s
234800K .......... .......... .......... .......... .......... 96% 13.0M 1s
234850K .......... .......... .......... .......... .......... 96%  102M 1s
234900K .......... .......... .......... .......... .......... 96% 61.4M 0s
234950K .......... .......... .......... .......... .......... 96% 97.2M 0s
235000K .......... .......... .......... .......... .......... 97%  115M 0s
235050K .......... .......... .......... .......... .......... 97% 14.3M 0s
235100K .......... .......... .......... .......... .......... 97% 10.6M 0s
235150K .......... .......... .......... .......... .......... 97% 6.44M 0s
235200K .......... .......... .......... .......... .......... 97% 77.0M 0s
235250K .......... .......... .......... .......... .......... 97% 11.7M 0s
235300K .......... .......... .......... .......... .......... 97% 12.3M 0s
235350K .......... .......... .......... .......... .......... 97%  103M 0s
235400K .......... .......... .......... .......... .......... 97% 11.9M 0s
235450K .......... .......... .......... .......... .......... 97% 12.0M 0s
235500K .......... .......... .......... .......... .......... 97%  118M 0s
235550K .......... .......... .......... .......... .......... 97%  114M 0s
235600K .......... .......... .......... .......... .......... 97% 89.3M 0s
235650K .......... .......... .......... .......... .......... 97%  115M 0s
235700K .......... .......... .......... .......... .......... 97%  117M 0s
235750K .......... .......... .......... .......... .......... 97%  118M 0s
235800K .......... .......... .......... .......... .......... 97%  115M 0s
235850K .......... .......... .......... .......... .......... 97%  116M 0s
235900K .......... .......... .......... .......... .......... 97%  118M 0s
235950K .......... .......... .......... .......... .......... 97% 4.45M 0s
236000K .......... .......... .......... .......... .......... 97% 6.88M 0s
236050K .......... .......... .......... .......... .......... 97% 45.2M 0s
236100K .......... .......... .......... .......... .......... 97%  103M 0s
236150K .......... .......... .......... .......... .......... 97% 72.0M 0s
236200K .......... .......... .......... .......... .......... 97%  107M 0s
236250K .......... .......... .......... .......... .......... 97% 4.87M 0s
218300K .......... .......... .......... .......... .......... 90%  356K 2s
218350K .......... .......... .......... .......... .......... 90%  118M 2s
218400K .......... .......... .......... .......... .......... 90% 88.0M 2s
218450K .......... .......... .......... .......... .......... 90%  119M 2s
218500K .......... .......... .......... .......... .......... 90%  116M 2s
218550K .......... .......... .......... .......... .......... 90%  116M 2s
218600K .......... .......... .......... .......... .......... 90%  114M 2s
218650K .......... .......... .......... .......... .......... 90%  119M 2s
218700K .......... .......... .......... .......... .......... 90%  113M 2s
218750K .......... .......... .......... .......... .......... 90%  120M 2s
218800K .......... .......... .......... .......... .......... 90% 86.3M 2s
236300K .......... .......... .......... .......... .......... 97% 3.58M 0s
236350K .......... .......... .......... .......... .......... 97%  115M 0s
236400K .......... .......... .......... .......... .......... 97% 90.0M 0s
236450K .......... .......... .......... .......... .......... 97% 69.6M 0s
218850K .......... .......... .......... .......... .......... 90% 20.9M 2s
218900K .......... .......... .......... .......... .......... 90%  116M 2s
218950K .......... .......... .......... .......... .......... 90%  117M 2s
219000K .......... .......... .......... .......... .......... 90%  115M 2s
219050K .......... .......... .......... .......... .......... 90%  117M 2s
219100K .......... .......... .......... .......... .......... 90%  116M 2s
219150K .......... .......... .......... .......... .......... 90%  118M 2s
219200K .......... .......... .......... .......... .......... 90% 89.4M 2s
219250K .......... .......... .......... .......... .......... 90%  117M 2s
219300K .......... .......... .......... .......... .......... 90%  117M 2s
219350K .......... .......... .......... .......... .......... 90%  117M 2s
219400K .......... .......... .......... .......... .......... 90%  115M 2s
219450K .......... .......... .......... .......... .......... 90%  117M 2s
219500K .......... .......... .......... .......... .......... 90%  117M 2s
219550K .......... .......... .......... .......... .......... 90%  117M 2s
219600K .......... .......... .......... .......... .......... 90% 88.8M 2s
219650K .......... .......... .......... .......... .......... 90%  117M 2s
219700K .......... .......... .......... .......... .......... 90%  116M 2s
219750K .......... .......... .......... .......... .......... 90% 2.68M 2s
219800K .......... .......... .......... .......... .......... 90%  132M 2s
219850K .......... .......... .......... .......... .......... 90%  115M 2s
219900K .......... .......... .......... .......... .......... 90%  115M 2s
219950K .......... .......... .......... .......... .......... 90%  115M 2s
220000K .......... .......... .......... .......... .......... 90% 90.4M 2s
220050K .......... .......... .......... .......... .......... 90%  117M 2s
220100K .......... .......... .......... .......... .......... 90%  116M 2s
220150K .......... .......... .......... .......... .......... 90%  117M 2s
220200K .......... .......... .......... .......... .......... 90%  111M 2s
220250K .......... .......... .......... .......... .......... 90%  118M 2s
220300K .......... .......... .......... .......... .......... 90%  118M 2s
220350K .......... .......... .......... .......... .......... 90%  117M 2s
220400K .......... .......... .......... .......... .......... 90% 87.0M 2s
220450K .......... .......... .......... .......... .......... 91%  117M 2s
220500K .......... .......... .......... .......... .......... 91%  117M 2s
220550K .......... .......... .......... .......... .......... 91%  117M 2s
220600K .......... .......... .......... .......... .......... 91%  115M 2s
220650K .......... .......... .......... .......... .......... 91%  117M 2s
220700K .......... .......... .......... .......... .......... 91%  115M 2s
220750K .......... .......... .......... .......... .......... 91%  119M 2s
220800K .......... .......... .......... .......... .......... 91% 88.8M 2s
220850K .......... .......... .......... .......... .......... 91%  117M 2s
220900K .......... .......... .......... .......... .......... 91%  117M 2s
220950K .......... .......... .......... .......... .......... 91%  117M 2s
221000K .......... .......... .......... .......... .......... 91%  115M 2s
221050K .......... .......... .......... .......... .......... 91%  116M 2s
221100K .......... .......... .......... .......... .......... 91%  117M 2s
221150K .......... .......... .......... .......... .......... 91%  117M 2s
221200K .......... .......... .......... .......... .......... 91% 89.4M 2s
221250K .......... .......... .......... .......... .......... 91%  117M 2s
236500K .......... .......... .......... .......... .......... 97% 1.23M 0s
236550K .......... .......... .......... .......... .......... 97%  122M 0s
236600K .......... .......... .......... .......... .......... 97%  116M 0s
236650K .......... .......... .......... .......... .......... 97%  117M 0s
236700K .......... .......... .......... .......... .......... 97%  117M 0s
236750K .......... .......... .......... .......... .......... 97% 8.95M 0s
236800K .......... .......... .......... .......... .......... 97% 59.8M 0s
236850K .......... .......... .......... .......... .......... 97%  117M 0s
236900K .......... .......... .......... .......... .......... 97% 4.30M 0s
236950K .......... .......... .......... .......... .......... 97%  133M 0s
237000K .......... .......... .......... .......... .......... 97%  119M 0s
237050K .......... .......... .......... .......... .......... 97%  116M 0s
237100K .......... .......... .......... .......... .......... 97%  114M 0s
237150K .......... .......... .......... .......... .......... 97%  118M 0s
237200K .......... .......... .......... .......... .......... 97% 89.3M 0s
237250K .......... .......... .......... .......... .......... 97%  113M 0s
237300K .......... .......... .......... .......... .......... 97%  118M 0s
237350K .......... .......... .......... .......... .......... 97%  115M 0s
237400K .......... .......... .......... .......... .......... 98%  115M 0s
237450K .......... .......... .......... .......... .......... 98%  116M 0s
237500K .......... .......... .......... .......... .......... 98%  118M 0s
237550K .......... .......... .......... .......... .......... 98%  116M 0s
237600K .......... .......... .......... .......... .......... 98% 89.3M 0s
237650K .......... .......... .......... .......... .......... 98%  117M 0s
237700K .......... .......... .......... .......... .......... 98% 1.94M 0s
237750K .......... .......... .......... .......... .......... 98% 98.2M 0s
237800K .......... .......... .......... .......... .......... 98% 25.6M 0s
237850K .......... .......... .......... .......... .......... 98%  101M 0s
237900K .......... .......... .......... .......... .......... 98% 13.5M 0s
237950K .......... .......... .......... .......... .......... 98% 88.3M 0s
238000K .......... .......... .......... .......... .......... 98% 53.7M 0s
238050K .......... .......... .......... .......... .......... 98%  117M 0s
238100K .......... .......... .......... .......... .......... 98% 6.63M 0s
238150K .......... .......... .......... .......... .......... 98% 81.5M 0s
238200K .......... .......... .......... .......... .......... 98% 6.51M 0s
238250K .......... .......... .......... .......... .......... 98% 77.3M 0s
238300K .......... .......... .......... .......... .......... 98% 11.6M 0s
238350K .......... .......... .......... .......... .......... 98% 12.3M 0s
238400K .......... .......... .......... .......... .......... 98% 88.2M 0s
238450K .......... .......... .......... .......... .......... 98% 11.8M 0s
238500K .......... .......... .......... .......... .......... 98% 12.1M 0s
238550K .......... .......... .......... .......... .......... 98%  102M 0s
238600K .......... .......... .......... .......... .......... 98% 2.31M 0s
238650K .......... .......... .......... .......... .......... 98%  131M 0s
238700K .......... .......... .......... .......... .......... 98%  115M 0s
238750K .......... .......... .......... .......... .......... 98%  118M 0s
238800K .......... .......... .......... .......... .......... 98% 86.5M 0s
238850K .......... .......... .......... .......... .......... 98%  120M 0s
238900K .......... .......... .......... .......... .......... 98%  116M 0s
238950K .......... .......... .......... .......... .......... 98%  115M 0s
239000K .......... .......... .......... .......... .......... 98%  115M 0s
239050K .......... .......... .......... .......... .......... 98%  116M 0s
239100K .......... .......... .......... .......... .......... 98%  119M 0s
239150K .......... .......... .......... .......... .......... 98%  115M 0s
239200K .......... .......... .......... .......... .......... 98% 88.9M 0s
239250K .......... .......... .......... .......... .......... 98%  117M 0s
239300K .......... .......... .......... .......... .......... 98% 4.90M 0s
221300K .......... .......... .......... .......... .......... 91%  356K 2s
221350K .......... .......... .......... .......... .......... 91%  200M 2s
221400K .......... .......... .......... .......... .......... 91%  113M 2s
221450K .......... .......... .......... .......... .......... 91%  116M 2s
221500K .......... .......... .......... .......... .......... 91%  116M 2s
221550K .......... .......... .......... .......... .......... 91%  118M 2s
221600K .......... .......... .......... .......... .......... 91% 89.1M 1s
221650K .......... .......... .......... .......... .......... 91%  118M 1s
221700K .......... .......... .......... .......... .......... 91%  116M 1s
221750K .......... .......... .......... .......... .......... 91%  117M 1s
221800K .......... .......... .......... .......... .......... 91%  112M 1s
221850K .......... .......... .......... .......... .......... 91%  118M 1s
239350K .......... .......... .......... .......... .......... 98% 3.31M 0s
239400K .......... .......... .......... .......... .......... 98%  115M 0s
239450K .......... .......... .......... .......... .......... 98%  117M 0s
239500K .......... .......... .......... .......... .......... 98% 70.9M 0s
221900K .......... .......... .......... .......... .......... 91% 20.8M 1s
221950K .......... .......... .......... .......... .......... 91%  117M 1s
222000K .......... .......... .......... .......... .......... 91% 87.0M 1s
222050K .......... .......... .......... .......... .......... 91%  117M 1s
222100K .......... .......... .......... .......... .......... 91%  117M 1s
222150K .......... .......... .......... .......... .......... 91%  117M 1s
222200K .......... .......... .......... .......... .......... 91%  115M 1s
222250K .......... .......... .......... .......... .......... 91%  117M 1s
222300K .......... .......... .......... .......... .......... 91%  117M 1s
222350K .......... .......... .......... .......... .......... 91%  117M 1s
222400K .......... .......... .......... .......... .......... 91% 88.8M 1s
222450K .......... .......... .......... .......... .......... 91%  115M 1s
222500K .......... .......... .......... .......... .......... 91%  118M 1s
222550K .......... .......... .......... .......... .......... 91%  117M 1s
222600K .......... .......... .......... .......... .......... 91%  115M 1s
222650K .......... .......... .......... .......... .......... 91%  117M 1s
222700K .......... .......... .......... .......... .......... 91%  117M 1s
222750K .......... .......... .......... .......... .......... 91% 2.67M 1s
222800K .......... .......... .......... .......... .......... 91%  108M 1s
222850K .......... .......... .......... .......... .......... 91%  116M 1s
222900K .......... .......... .......... .......... .......... 92%  113M 1s
222950K .......... .......... .......... .......... .......... 92%  120M 1s
223000K .......... .......... .......... .......... .......... 92%  113M 1s
223050K .......... .......... .......... .......... .......... 92%  115M 1s
223100K .......... .......... .......... .......... .......... 92%  120M 1s
223150K .......... .......... .......... .......... .......... 92%  117M 1s
223200K .......... .......... .......... .......... .......... 92% 86.9M 1s
223250K .......... .......... .......... .......... .......... 92%  117M 1s
223300K .......... .......... .......... .......... .......... 92%  118M 1s
223350K .......... .......... .......... .......... .......... 92%  117M 1s
223400K .......... .......... .......... .......... .......... 92%  115M 1s
223450K .......... .......... .......... .......... .......... 92%  116M 1s
223500K .......... .......... .......... .......... .......... 92%  117M 1s
223550K .......... .......... .......... .......... .......... 92%  116M 1s
223600K .......... .......... .......... .......... .......... 92% 86.6M 1s
223650K .......... .......... .......... .......... .......... 92%  116M 1s
223700K .......... .......... .......... .......... .......... 92%  117M 1s
223750K .......... .......... .......... .......... .......... 92%  117M 1s
223800K .......... .......... .......... .......... .......... 92%  115M 1s
223850K .......... .......... .......... .......... .......... 92%  117M 1s
223900K .......... .......... .......... .......... .......... 92%  115M 1s
223950K .......... .......... .......... .......... .......... 92%  119M 1s
224000K .......... .......... .......... .......... .......... 92% 88.8M 1s
224050K .......... .......... .......... .......... .......... 92%  117M 1s
224100K .......... .......... .......... .......... .......... 92%  117M 1s
224150K .......... .......... .......... .......... .......... 92%  117M 1s
224200K .......... .......... .......... .......... .......... 92%  115M 1s
224250K .......... .......... .......... .......... .......... 92%  116M 1s
224300K .......... .......... .......... .......... .......... 92%  117M 1s
239550K .......... .......... .......... .......... .......... 98% 1.24M 0s
239600K .......... .......... .......... .......... .......... 98%  104M 0s
239650K .......... .......... .......... .......... .......... 98%  117M 0s
239700K .......... .......... .......... .......... .......... 98%  117M 0s
239750K .......... .......... .......... .......... .......... 98%  117M 0s
239800K .......... .......... .......... .......... .......... 98% 21.2M 0s
239850K .......... .......... .......... .......... .......... 99%  110M 0s
239900K .......... .......... .......... .......... .......... 99% 6.29M 0s
239950K .......... .......... .......... .......... .......... 99%  111M 0s
240000K .......... .......... .......... .......... .......... 99% 11.9M 0s
240050K .......... .......... .......... .......... .......... 99%  117M 0s
240100K .......... .......... .......... .......... .......... 99%  111M 0s
240150K .......... .......... .......... .......... .......... 99%  116M 0s
240200K .......... .......... .......... .......... .......... 99% 12.2M 0s
240250K .......... .......... .......... .......... .......... 99%  117M 0s
240300K .......... .......... .......... .......... .......... 99%  119M 0s
240350K .......... .......... .......... .......... .......... 99%  111M 0s
240400K .......... .......... .......... .......... .......... 99% 89.7M 0s
240450K .......... .......... .......... .......... .......... 99%  116M 0s
240500K .......... .......... .......... .......... .......... 99%  117M 0s
240550K .......... .......... .......... .......... .......... 99%  120M 0s
240600K .......... .......... .......... .......... .......... 99%  113M 0s
240650K .......... .......... .......... .......... .......... 99%  115M 0s
240700K .......... .......... .......... .......... .......... 99%  118M 0s
240750K .......... .......... .......... .......... .......... 99% 2.27M 0s
240800K .......... .......... .......... .......... .......... 99% 71.3M 0s
240850K .......... .......... .......... .......... .......... 99% 39.1M 0s
240900K .......... .......... .......... .......... .......... 99% 43.3M 0s
240950K .......... .......... .......... .......... .......... 99% 13.5M 0s
241000K .......... .......... .......... .......... .......... 99% 64.7M 0s
241050K .......... .......... .......... .......... .......... 99%  116M 0s
241100K .......... .......... .......... .......... .......... 99% 84.2M 0s
241150K .......... .......... .......... .......... .......... 99% 15.8M 0s
241200K .......... .......... .......... .......... .......... 99% 9.84M 0s
241250K .......... .......... .......... .......... .......... 99% 6.50M 0s
241300K .......... .......... .......... .......... .......... 99%  100M 0s
241350K .......... .......... .......... .......... .......... 99% 11.2M 0s
241400K .......... .......... .......... .......... .......... 99%  116M 0s
241450K .......... .......... .......... .......... .......... 99% 12.2M 0s
241500K .......... .......... .......... .......... .......... 99% 13.2M 0s
241550K .......... .......... .......... .......... .......... 99% 10.9M 0s
241600K .......... .......... .......... .......... .......... 99% 89.4M 0s
241650K .......... .......... .......... .......... .......... 99% 2.31M 0s
241700K .......... .......... .......... .......... .......... 99% 12.2M 0s
241750K .......... .......... .......... .......... .......... 99%  122M 0s
241800K .......... .......... .......... .......... .......... 99%  115M 0s
241850K .......... .......... .......... .......... .......... 99%  117M 0s
241900K .......... .......... .......... .......... .......... 99%  117M 0s
241950K .......... .......... .......... .......... .......... 99%  116M 0s
242000K .......... .......... .......... .......... .......... 99% 87.2M 0s
242050K .......... .......... .......... .......... .......... 99%  118M 0s
242100K .......... .......... .......... .......... .......... 99%  117M 0s
242150K .......... .......... .......... .......... .......... 99%  117M 0s
242200K .......... .......... .......... .......... .......... 99%  113M 0s
242250K .......... .......... .......... .....                100%  142M=16s

2025-11-29 14:49:17 (14.4 MB/s) - ‘tiny-imagenet-200.zip’ saved [248100043/248100043]

224350K .......... .......... .......... .......... .......... 92%  356K 1s
224400K .......... .......... .......... .......... .......... 92% 92.0M 1s
224450K .......... .......... .......... .......... .......... 92%  113M 1s
224500K .......... .......... .......... .......... .......... 92%  119M 1s
224550K .......... .......... .......... .......... .......... 92%  116M 1s
224600K .......... .......... .......... .......... .......... 92%  113M 1s
224650K .......... .......... .......... .......... .......... 92%  115M 1s
224700K .......... .......... .......... .......... .......... 92%  120M 1s
224750K .......... .......... .......... .......... .......... 92%  118M 1s
224800K .......... .......... .......... .......... .......... 92% 86.8M 1s
224850K .......... .......... .......... .......... .......... 92%  118M 1s
224900K .......... .......... .......... .......... .......... 92%  117M 1s
224950K .......... .......... .......... .......... .......... 92%  117M 1s
225000K .......... .......... .......... .......... .......... 92%  115M 1s
225050K .......... .......... .......... .......... .......... 92%  117M 1s
225100K .......... .......... .......... .......... .......... 92%  116M 1s
225150K .......... .......... .......... .......... .......... 92%  116M 1s
225200K .......... .......... .......... .......... .......... 92% 87.9M 1s
225250K .......... .......... .......... .......... .......... 92%  117M 1s
225300K .......... .......... .......... .......... .......... 93%  117M 1s
225350K .......... .......... .......... .......... .......... 93%  117M 1s
225400K .......... .......... .......... .......... .......... 93%  113M 1s
225450K .......... .......... .......... .......... .......... 93%  118M 1s
225500K .......... .......... .......... .......... .......... 93%  117M 1s
225550K .......... .......... .......... .......... .......... 93%  116M 1s
225600K .......... .......... .......... .......... .......... 93% 89.6M 1s
225650K .......... .......... .......... .......... .......... 93%  117M 1s
225700K .......... .......... .......... .......... .......... 93%  117M 1s
225750K .......... .......... .......... .......... .......... 93%  117M 1s
225800K .......... .......... .......... .......... .......... 93% 3.02M 1s
225850K .......... .......... .......... .......... .......... 93% 11.3M 1s
225900K .......... .......... .......... .......... .......... 93%  115M 1s
225950K .......... .......... .......... .......... .......... 93%  117M 1s
226000K .......... .......... .......... .......... .......... 93% 90.2M 1s
226050K .......... .......... .......... .......... .......... 93%  115M 1s
226100K .......... .......... .......... .......... .......... 93%  116M 1s
226150K .......... .......... .......... .......... .......... 93%  117M 1s
226200K .......... .......... .......... .......... .......... 93%  114M 1s
226250K .......... .......... .......... .......... .......... 93%  114M 1s
226300K .......... .......... .......... .......... .......... 93%  116M 1s
226350K .......... .......... .......... .......... .......... 93%  118M 1s
226400K .......... .......... .......... .......... .......... 93% 90.0M 1s
226450K .......... .......... .......... .......... .......... 93%  116M 1s
226500K .......... .......... .......... .......... .......... 93%  117M 1s
226550K .......... .......... .......... .......... .......... 93%  117M 1s
226600K .......... .......... .......... .......... .......... 93%  115M 1s
226650K .......... .......... .......... .......... .......... 93%  117M 1s
226700K .......... .......... .......... .......... .......... 93%  117M 1s
226750K .......... .......... .......... .......... .......... 93%  116M 1s
226800K .......... .......... .......... .......... .......... 93% 87.3M 1s
226850K .......... .......... .......... .......... .......... 93%  117M 1s
226900K .......... .......... .......... .......... .......... 93%  117M 1s
226950K .......... .......... .......... .......... .......... 93%  117M 1s
227000K .......... .......... .......... .......... .......... 93%  115M 1s
227050K .......... .......... .......... .......... .......... 93%  116M 1s
227100K .......... .......... .......... .......... .......... 93%  117M 1s
227150K .......... .......... .......... .......... .......... 93%  117M 1s
227200K .......... .......... .......... .......... .......... 93% 89.1M 1s
227250K .......... .......... .......... .......... .......... 93%  117M 1s
227300K .......... .......... .......... .......... .......... 93%  117M 1s
227350K .......... .......... .......... .......... .......... 93%  366K 1s
227400K .......... .......... .......... .......... .......... 93%  149M 1s
227450K .......... .......... .......... .......... .......... 93% 12.0M 1s
227500K .......... .......... .......... .......... .......... 93%  117M 1s
227550K .......... .......... .......... .......... .......... 93%  115M 1s
227600K .......... .......... .......... .......... .......... 93% 88.6M 1s
227650K .......... .......... .......... .......... .......... 93%  116M 1s
227700K .......... .......... .......... .......... .......... 94%  118M 1s
227750K .......... .......... .......... .......... .......... 94%  116M 1s
227800K .......... .......... .......... .......... .......... 94%  114M 1s
227850K .......... .......... .......... .......... .......... 94%  115M 1s
227900K .......... .......... .......... .......... .......... 94%  115M 1s
227950K .......... .......... .......... .......... .......... 94%  118M 1s
228000K .......... .......... .......... .......... .......... 94% 88.2M 1s
228050K .......... .......... .......... .......... .......... 94%  117M 1s
228100K .......... .......... .......... .......... .......... 94%  117M 1s
228150K .......... .......... .......... .......... .......... 94%  117M 1s
228200K .......... .......... .......... .......... .......... 94%  115M 1s
228250K .......... .......... .......... .......... .......... 94%  117M 1s
228300K .......... .......... .......... .......... .......... 94%  117M 1s
228350K .......... .......... .......... .......... .......... 94%  117M 1s
228400K .......... .......... .......... .......... .......... 94% 89.3M 1s
228450K .......... .......... .......... .......... .......... 94%  117M 1s
228500K .......... .......... .......... .......... .......... 94%  117M 1s
228550K .......... .......... .......... .......... .......... 94%  117M 1s
228600K .......... .......... .......... .......... .......... 94%  115M 1s
228650K .......... .......... .......... .......... .......... 94%  117M 1s
228700K .......... .......... .......... .......... .......... 94%  117M 1s
228750K .......... .......... .......... .......... .......... 94%  117M 1s
228800K .......... .......... .......... .......... .......... 94% 87.1M 1s
228850K .......... .......... .......... .......... .......... 94% 3.00M 1s
228900K .......... .......... .......... .......... .......... 94%  118M 1s
228950K .......... .......... .......... .......... .......... 94%  109M 1s
229000K .......... .......... .......... .......... .......... 94% 12.3M 1s
229050K .......... .......... .......... .......... .......... 94%  117M 1s
229100K .......... .......... .......... .......... .......... 94%  119M 1s
229150K .......... .......... .......... .......... .......... 94%  114M 1s
229200K .......... .......... .......... .......... .......... 94% 87.7M 1s
229250K .......... .......... .......... .......... .......... 94%  121M 1s
229300K .......... .......... .......... .......... .......... 94%  116M 1s
229350K .......... .......... .......... .......... .......... 94%  113M 1s
229400K .......... .......... .......... .......... .......... 94%  117M 1s
229450K .......... .......... .......... .......... .......... 94%  113M 1s
229500K .......... .......... .......... .......... .......... 94%  121M 1s
229550K .......... .......... .......... .......... .......... 94%  114M 1s
229600K .......... .......... .......... .......... .......... 94% 88.8M 1s
229650K .......... .......... .......... .......... .......... 94%  117M 1s
229700K .......... .......... .......... .......... .......... 94%  117M 1s
229750K .......... .......... .......... .......... .......... 94%  117M 1s
229800K .......... .......... .......... .......... .......... 94%  115M 1s
229850K .......... .......... .......... .......... .......... 94%  117M 1s
229900K .......... .......... .......... .......... .......... 94%  117M 1s
229950K .......... .......... .......... .......... .......... 94%  115M 1s
230000K .......... .......... .......... .......... .......... 94% 90.4M 1s
230050K .......... .......... .......... .......... .......... 94%  117M 1s
230100K .......... .......... .......... .......... .......... 94%  117M 1s
230150K .......... .......... .......... .......... .......... 95%  117M 1s
230200K .......... .......... .......... .......... .......... 95%  115M 1s
230250K .......... .......... .......... .......... .......... 95%  117M 1s
230300K .......... .......... .......... .......... .......... 95%  115M 1s
230350K .......... .......... .......... .......... .......... 95%  118M 1s
230400K .......... .......... .......... .......... .......... 95%  375K 1s
230450K .......... .......... .......... .......... .......... 95%  124M 1s
230500K .......... .......... .......... .......... .......... 95% 12.0M 1s
230550K .......... .......... .......... .......... .......... 95%  117M 1s
230600K .......... .......... .......... .......... .......... 95% 12.0M 1s
230650K .......... .......... .......... .......... .......... 95%  120M 1s
230700K .......... .......... .......... .......... .......... 95%  114M 1s
230750K .......... .......... .......... .......... .......... 95%  117M 1s
230800K .......... .......... .......... .......... .......... 95% 88.6M 1s
230850K .......... .......... .......... .......... .......... 95%  114M 1s
230900K .......... .......... .......... .......... .......... 95%  120M 1s
230950K .......... .......... .......... .......... .......... 95%  116M 1s
231000K .......... .......... .......... .......... .......... 95%  115M 1s
231050K .......... .......... .......... .......... .......... 95%  113M 1s
231100K .......... .......... .......... .......... .......... 95%  119M 1s
231150K .......... .......... .......... .......... .......... 95%  117M 1s
231200K .......... .......... .......... .......... .......... 95% 87.1M 1s
231250K .......... .......... .......... .......... .......... 95%  117M 1s
231300K .......... .......... .......... .......... .......... 95%  117M 1s
231350K .......... .......... .......... .......... .......... 95%  117M 1s
231400K .......... .......... .......... .......... .......... 95%  115M 1s
231450K .......... .......... .......... .......... .......... 95%  117M 1s
231500K .......... .......... .......... .......... .......... 95%  117M 1s
231550K .......... .......... .......... .......... .......... 95%  117M 1s
231600K .......... .......... .......... .......... .......... 95% 88.8M 1s
231650K .......... .......... .......... .......... .......... 95%  116M 1s
231700K .......... .......... .......... .......... .......... 95%  117M 1s
231750K .......... .......... .......... .......... .......... 95%  117M 1s
231800K .......... .......... .......... .......... .......... 95%  115M 1s
231850K .......... .......... .......... .......... .......... 95%  117M 1s
231900K .......... .......... .......... .......... .......... 95% 5.77M 1s
231950K .......... .......... .......... .......... .......... 95% 10.8M 1s
232000K .......... .......... .......... .......... .......... 95% 81.9M 1s
232050K .......... .......... .......... .......... .......... 95% 12.4M 1s
232100K .......... .......... .......... .......... .......... 95% 11.9M 1s
232150K .......... .......... .......... .......... .......... 95%  121M 1s
232200K .......... .......... .......... .......... .......... 95%  115M 1s
232250K .......... .......... .......... .......... .......... 95%  116M 1s
232300K .......... .......... .......... .......... .......... 95%  116M 1s
232350K .......... .......... .......... .......... .......... 95%  115M 1s
232400K .......... .......... .......... .......... .......... 95% 87.9M 1s
232450K .......... .......... .......... .......... .......... 95%  118M 1s
232500K .......... .......... .......... .......... .......... 95%  114M 1s
232550K .......... .......... .......... .......... .......... 96%  119M 1s
232600K .......... .......... .......... .......... .......... 96%  114M 1s
232650K .......... .......... .......... .......... .......... 96%  117M 1s
232700K .......... .......... .......... .......... .......... 96%  116M 1s
232750K .......... .......... .......... .......... .......... 96%  117M 1s
232800K .......... .......... .......... .......... .......... 96% 89.4M 1s
232850K .......... .......... .......... .......... .......... 96%  117M 1s
232900K .......... .......... .......... .......... .......... 96%  117M 1s
232950K .......... .......... .......... .......... .......... 96%  117M 1s
233000K .......... .......... .......... .......... .......... 96%  115M 1s
233050K .......... .......... .......... .......... .......... 96%  117M 1s
233100K .......... .......... .......... .......... .......... 96%  117M 1s
233150K .......... .......... .......... .......... .......... 96%  117M 1s
233200K .......... .......... .......... .......... .......... 96% 88.8M 1s
233250K .......... .......... .......... .......... .......... 96%  117M 1s
233300K .......... .......... .......... .......... .......... 96%  117M 1s
233350K .......... .......... .......... .......... .......... 96%  117M 1s
233400K .......... .......... .......... .......... .......... 96%  115M 1s
233450K .......... .......... .......... .......... .......... 96%  117M 1s
233500K .......... .......... .......... .......... .......... 96%  387K 1s
233550K .......... .......... .......... .......... .......... 96% 12.7M 1s
233600K .......... .......... .......... .......... .......... 96% 11.4M 1s
233650K .......... .......... .......... .......... .......... 96% 88.6M 1s
233700K .......... .......... .......... .......... .......... 96%  107M 1s
233750K .......... .......... .......... .......... .......... 96% 12.3M 1s
233800K .......... .......... .......... .......... .......... 96%  114M 1s
233850K .......... .......... .......... .......... .......... 96%  114M 1s
233900K .......... .......... .......... .......... .......... 96%  118M 1s
233950K .......... .......... .......... .......... .......... 96%  118M 1s
234000K .......... .......... .......... .......... .......... 96% 88.5M 1s
234050K .......... .......... .......... .......... .......... 96%  113M 1s
234100K .......... .......... .......... .......... .......... 96%  118M 1s
234150K .......... .......... .......... .......... .......... 96%  115M 1s
234200K .......... .......... .......... .......... .......... 96%  117M 1s
234250K .......... .......... .......... .......... .......... 96%  114M 1s
234300K .......... .......... .......... .......... .......... 96%  116M 1s
234350K .......... .......... .......... .......... .......... 96%  117M 1s
234400K .......... .......... .......... .......... .......... 96% 89.5M 1s
234450K .......... .......... .......... .......... .......... 96%  117M 1s
234500K .......... .......... .......... .......... .......... 96%  117M 1s
234550K .......... .......... .......... .......... .......... 96%  117M 1s
234600K .......... .......... .......... .......... .......... 96%  115M 1s
234650K .......... .......... .......... .......... .......... 96%  117M 1s
234700K .......... .......... .......... .......... .......... 96%  117M 1s
234750K .......... .......... .......... .......... .......... 96%  117M 1s
234800K .......... .......... .......... .......... .......... 96% 87.1M 1s
234850K .......... .......... .......... .......... .......... 96%  116M 1s
234900K .......... .......... .......... .......... .......... 96%  117M 1s
234950K .......... .......... .......... .......... .......... 96% 10.4M 1s
235000K .......... .......... .......... .......... .......... 97% 10.2M 1s
235050K .......... .......... .......... .......... .......... 97% 92.3M 1s
235100K .......... .......... .......... .......... .......... 97% 12.5M 1s
235150K .......... .......... .......... .......... .......... 97% 12.5M 1s
235200K .......... .......... .......... .......... .......... 97% 71.2M 1s
235250K .......... .......... .......... .......... .......... 97%  116M 1s
235300K .......... .......... .......... .......... .......... 97% 12.2M 0s
235350K .......... .......... .......... .......... .......... 97%  116M 0s
235400K .......... .......... .......... .......... .......... 97%  118M 0s
235450K .......... .......... .......... .......... .......... 97%  115M 0s
235500K .......... .......... .......... .......... .......... 97%  117M 0s
235550K .......... .......... .......... .......... .......... 97%  114M 0s
235600K .......... .......... .......... .......... .......... 97% 89.2M 0s
235650K .......... .......... .......... .......... .......... 97%  117M 0s
235700K .......... .......... .......... .......... .......... 97%  117M 0s
235750K .......... .......... .......... .......... .......... 97%  114M 0s
235800K .......... .......... .......... .......... .......... 97%  115M 0s
235850K .......... .......... .......... .......... .......... 97%  117M 0s
235900K .......... .......... .......... .......... .......... 97%  117M 0s
235950K .......... .......... .......... .......... .......... 97%  117M 0s
236000K .......... .......... .......... .......... .......... 97% 89.4M 0s
236050K .......... .......... .......... .......... .......... 97%  117M 0s
236100K .......... .......... .......... .......... .......... 97%  117M 0s
236150K .......... .......... .......... .......... .......... 97%  117M 0s
236200K .......... .......... .......... .......... .......... 97%  115M 0s
236250K .......... .......... .......... .......... .......... 97%  116M 0s
236300K .......... .......... .......... .......... .......... 97%  116M 0s
236350K .......... .......... .......... .......... .......... 97%  119M 0s
236400K .......... .......... .......... .......... .......... 97% 88.8M 0s
236450K .......... .......... .......... .......... .......... 97%  117M 0s
236500K .......... .......... .......... .......... .......... 97%  117M 0s
236550K .......... .......... .......... .......... .......... 97%  398K 0s
236600K .......... .......... .......... .......... .......... 97% 13.2M 0s
236650K .......... .......... .......... .......... .......... 97% 66.7M 0s
236700K .......... .......... .......... .......... .......... 97% 11.8M 0s
236750K .......... .......... .......... .......... .......... 97%  117M 0s
236800K .......... .......... .......... .......... .......... 97% 6.27M 0s
236850K .......... .......... .......... .......... .......... 97%  135M 0s
236900K .......... .......... .......... .......... .......... 97%  115M 0s
236950K .......... .......... .......... .......... .......... 97%  118M 0s
237000K .......... .......... .......... .......... .......... 97%  115M 0s
237050K .......... .......... .......... .......... .......... 97%  118M 0s
237100K .......... .......... .......... .......... .......... 97%  115M 0s
237150K .......... .......... .......... .......... .......... 97%  117M 0s
237200K .......... .......... .......... .......... .......... 97% 90.0M 0s
237250K .......... .......... .......... .......... .......... 97%  114M 0s
237300K .......... .......... .......... .......... .......... 97%  118M 0s
237350K .......... .......... .......... .......... .......... 97%  117M 0s
237400K .......... .......... .......... .......... .......... 98%  115M 0s
237450K .......... .......... .......... .......... .......... 98%  117M 0s
237500K .......... .......... .......... .......... .......... 98%  117M 0s
237550K .......... .......... .......... .......... .......... 98%  117M 0s
237600K .......... .......... .......... .......... .......... 98% 88.7M 0s
237650K .......... .......... .......... .......... .......... 98%  117M 0s
237700K .......... .......... .......... .......... .......... 98%  117M 0s
237750K .......... .......... .......... .......... .......... 98%  117M 0s
237800K .......... .......... .......... .......... .......... 98%  115M 0s
237850K .......... .......... .......... .......... .......... 98%  116M 0s
237900K .......... .......... .......... .......... .......... 98%  117M 0s
237950K .......... .......... .......... .......... .......... 98%  116M 0s
238000K .......... .......... .......... .......... .......... 98% 87.9M 0s
238050K .......... .......... .......... .......... .......... 98% 8.92M 0s
238100K .......... .......... .......... .......... .......... 98%  105M 0s
238150K .......... .......... .......... .......... .......... 98% 12.5M 0s
238200K .......... .......... .......... .......... .......... 98%  115M 0s
238250K .......... .......... .......... .......... .......... 98% 12.1M 0s
238300K .......... .......... .......... .......... .......... 98%  116M 0s
238350K .......... .......... .......... .......... .......... 98% 12.2M 0s
238400K .......... .......... .......... .......... .......... 98% 11.8M 0s
238450K .......... .......... .......... .......... .......... 98%  118M 0s
238500K .......... .......... .......... .......... .......... 98%  117M 0s
238550K .......... .......... .......... .......... .......... 98%  117M 0s
238600K .......... .......... .......... .......... .......... 98%  112M 0s
238650K .......... .......... .......... .......... .......... 98%  119M 0s
238700K .......... .......... .......... .......... .......... 98%  117M 0s
238750K .......... .......... .......... .......... .......... 98%  114M 0s
238800K .......... .......... .......... .......... .......... 98% 88.2M 0s
238850K .......... .......... .......... .......... .......... 98%  118M 0s
238900K .......... .......... .......... .......... .......... 98%  115M 0s
238950K .......... .......... .......... .......... .......... 98%  117M 0s
239000K .......... .......... .......... .......... .......... 98%  115M 0s
239050K .......... .......... .......... .......... .......... 98%  117M 0s
239100K .......... .......... .......... .......... .......... 98%  117M 0s
239150K .......... .......... .......... .......... .......... 98%  117M 0s
239200K .......... .......... .......... .......... .......... 98% 88.8M 0s
239250K .......... .......... .......... .......... .......... 98%  117M 0s
239300K .......... .......... .......... .......... .......... 98%  117M 0s
239350K .......... .......... .......... .......... .......... 98%  117M 0s
239400K .......... .......... .......... .......... .......... 98%  115M 0s
239450K .......... .......... .......... .......... .......... 98%  117M 0s
239500K .......... .......... .......... .......... .......... 98%  117M 0s
239550K .......... .......... .......... .......... .......... 98%  117M 0s
239600K .......... .......... .......... .......... .......... 98%  409K 0s
239650K .......... .......... .......... .......... .......... 98% 12.3M 0s
239700K .......... .......... .......... .......... .......... 98%  113M 0s
239750K .......... .......... .......... .......... .......... 98% 11.9M 0s
239800K .......... .......... .......... .......... .......... 98%  113M 0s
239850K .......... .......... .......... .......... .......... 99% 6.49M 0s
239900K .......... .......... .......... .......... .......... 99% 93.8M 0s
239950K .......... .......... .......... .......... .......... 99% 12.3M 0s
240000K .......... .......... .......... .......... .......... 99% 88.8M 0s
240050K .......... .......... .......... .......... .......... 99%  120M 0s
240100K .......... .......... .......... .......... .......... 99%  115M 0s
240150K .......... .......... .......... .......... .......... 99%  118M 0s
240200K .......... .......... .......... .......... .......... 99%  115M 0s
240250K .......... .......... .......... .......... .......... 99%  115M 0s
240300K .......... .......... .......... .......... .......... 99%  115M 0s
240350K .......... .......... .......... .......... .......... 99%  115M 0s
240400K .......... .......... .......... .......... .......... 99% 88.2M 0s
240450K .......... .......... .......... .......... .......... 99%  119M 0s
240500K .......... .......... .......... .......... .......... 99%  117M 0s
240550K .......... .......... .......... .......... .......... 99%  117M 0s
240600K .......... .......... .......... .......... .......... 99%  114M 0s
240650K .......... .......... .......... .......... .......... 99%  118M 0s
240700K .......... .......... .......... .......... .......... 99%  116M 0s
240750K .......... .......... .......... .......... .......... 99%  117M 0s
240800K .......... .......... .......... .......... .......... 99% 87.1M 0s
240850K .......... .......... .......... .......... .......... 99%  117M 0s
240900K .......... .......... .......... .......... .......... 99%  117M 0s
240950K .......... .......... .......... .......... .......... 99%  117M 0s
241000K .......... .......... .......... .......... .......... 99%  115M 0s
241050K .......... .......... .......... .......... .......... 99%  117M 0s
241100K .......... .......... .......... .......... .......... 99% 25.9M 0s
241150K .......... .......... .......... .......... .......... 99% 99.5M 0s
241200K .......... .......... .......... .......... .......... 99% 12.2M 0s
241250K .......... .......... .......... .......... .......... 99% 13.9M 0s
241300K .......... .......... .......... .......... .......... 99% 51.4M 0s
241350K .......... .......... .......... .......... .......... 99% 97.5M 0s
241400K .......... .......... .......... .......... .......... 99% 12.5M 0s
241450K .......... .......... .......... .......... .......... 99% 6.34M 0s
241500K .......... .......... .......... .......... .......... 99%  148M 0s
241550K .......... .......... .......... .......... .......... 99%  115M 0s
241600K .......... .......... .......... .......... .......... 99% 89.8M 0s
241650K .......... .......... .......... .......... .......... 99%  117M 0s
241700K .......... .......... .......... .......... .......... 99%  116M 0s
241750K .......... .......... .......... .......... .......... 99%  115M 0s
241800K .......... .......... .......... .......... .......... 99%  113M 0s
241850K .......... .......... .......... .......... .......... 99%  119M 0s
241900K .......... .......... .......... .......... .......... 99%  115M 0s
241950K .......... .......... .......... .......... .......... 99%  119M 0s
242000K .......... .......... .......... .......... .......... 99% 87.3M 0s
242050K .......... .......... .......... .......... .......... 99%  117M 0s
242100K .......... .......... .......... .......... .......... 99%  117M 0s
242150K .......... .......... .......... .......... .......... 99%  117M 0s
242200K .......... .......... .......... .......... .......... 99%  115M 0s
242250K .......... .......... .......... .....                100%  140M=17s

2025-11-29 14:49:18 (13.7 MB/s) - ‘tiny-imagenet-200.zip’ saved [248100043/248100043]

WARNING: tensorflow 2.15.1 does not provide the extra 'and-gpu'
WARNING: tensorflow 2.15.1 does not provide the extra 'and-gpu'
2025-11-29 14:50:30.683889: I tensorflow/core/util/port.cc:113] oneDNN custom operations are on. You may see slightly different numerical results due to floating-point round-off errors from different computation orders. To turn them off, set the environment variable `TF_ENABLE_ONEDNN_OPTS=0`.
2025-11-29 14:50:30.703254: E external/local_xla/xla/stream_executor/cuda/cuda_dnn.cc:9261] Unable to register cuDNN factory: Attempting to register factory for plugin cuDNN when one has already been registered
2025-11-29 14:50:30.703280: E external/local_xla/xla/stream_executor/cuda/cuda_fft.cc:607] Unable to register cuFFT factory: Attempting to register factory for plugin cuFFT when one has already been registered
2025-11-29 14:50:30.703905: E external/local_xla/xla/stream_executor/cuda/cuda_blas.cc:1515] Unable to register cuBLAS factory: Attempting to register factory for plugin cuBLAS when one has already been registered
2025-11-29 14:50:30.707096: I tensorflow/core/platform/cpu_feature_guard.cc:182] This TensorFlow binary is optimized to use available CPU instructions in performance-critical operations.
To enable the following instructions: AVX2 AVX_VNNI FMA, in other operations, rebuild TensorFlow with the appropriate compiler flags.
2025-11-29 14:50:31.038207: W tensorflow/compiler/tf2tensorrt/utils/py_utils.cc:38] TF-TRT Warning: Could not find TensorRT
2025-11-29 14:50:31.382137: I external/local_xla/xla/stream_executor/cuda/cuda_executor.cc:901] successful NUMA node read from SysFS had negative value (-1), but there must be at least one NUMA node, so returning NUMA node zero. See more at https://github.com/torvalds/linux/blob/v6.0/Documentation/ABI/testing/sysfs-bus-pci#L344-L355
2025-11-29 14:50:31.396253: I external/local_xla/xla/stream_executor/cuda/cuda_executor.cc:901] successful NUMA node read from SysFS had negative value (-1), but there must be at least one NUMA node, so returning NUMA node zero. See more at https://github.com/torvalds/linux/blob/v6.0/Documentation/ABI/testing/sysfs-bus-pci#L344-L355
2025-11-29 14:50:31.396378: I external/local_xla/xla/stream_executor/cuda/cuda_executor.cc:901] successful NUMA node read from SysFS had negative value (-1), but there must be at least one NUMA node, so returning NUMA node zero. See more at https://github.com/torvalds/linux/blob/v6.0/Documentation/ABI/testing/sysfs-bus-pci#L344-L355
2025-11-29 14:50:35.054362: I tensorflow/core/util/port.cc:113] oneDNN custom operations are on. You may see slightly different numerical results due to floating-point round-off errors from different computation orders. To turn them off, set the environment variable `TF_ENABLE_ONEDNN_OPTS=0`.
2025-11-29 14:50:35.074158: E external/local_xla/xla/stream_executor/cuda/cuda_dnn.cc:9261] Unable to register cuDNN factory: Attempting to register factory for plugin cuDNN when one has already been registered
2025-11-29 14:50:35.074180: E external/local_xla/xla/stream_executor/cuda/cuda_fft.cc:607] Unable to register cuFFT factory: Attempting to register factory for plugin cuFFT when one has already been registered
2025-11-29 14:50:35.074903: E external/local_xla/xla/stream_executor/cuda/cuda_blas.cc:1515] Unable to register cuBLAS factory: Attempting to register factory for plugin cuBLAS when one has already been registered
2025-11-29 14:50:35.078330: I tensorflow/core/platform/cpu_feature_guard.cc:182] This TensorFlow binary is optimized to use available CPU instructions in performance-critical operations.
To enable the following instructions: AVX2 AVX_VNNI FMA, in other operations, rebuild TensorFlow with the appropriate compiler flags.
2025-11-29 14:50:35.409071: W tensorflow/compiler/tf2tensorrt/utils/py_utils.cc:38] TF-TRT Warning: Could not find TensorRT
2025-11-29 14:50:35.753871: I external/local_xla/xla/stream_executor/cuda/cuda_executor.cc:901] successful NUMA node read from SysFS had negative value (-1), but there must be at least one NUMA node, so returning NUMA node zero. See more at https://github.com/torvalds/linux/blob/v6.0/Documentation/ABI/testing/sysfs-bus-pci#L344-L355
2025-11-29 14:50:35.767940: I external/local_xla/xla/stream_executor/cuda/cuda_executor.cc:901] successful NUMA node read from SysFS had negative value (-1), but there must be at least one NUMA node, so returning NUMA node zero. See more at https://github.com/torvalds/linux/blob/v6.0/Documentation/ABI/testing/sysfs-bus-pci#L344-L355
2025-11-29 14:50:35.768085: I external/local_xla/xla/stream_executor/cuda/cuda_executor.cc:901] successful NUMA node read from SysFS had negative value (-1), but there must be at least one NUMA node, so returning NUMA node zero. See more at https://github.com/torvalds/linux/blob/v6.0/Documentation/ABI/testing/sysfs-bus-pci#L344-L355
+ scontrol show hostnames 'poti[4-5]'
+ echo 'All nodes finished setup.'
+ TO_RUN=train-sync.py
+ '[' ctl == ctl ']'
+ TO_RUN=train-ctl.py
+ env
++ pwd
+ HOME=/home/users/rrdmatos/perf/tensorflow
+ srun '--export=ALL,SCRATCH=/scratch/rrdmatos,TO_RUN=train-ctl.py,HOME=/home/users/rrdmatos/perf/tensorflow,LIST="poti4:29500","poti5:29500"' bash -c '

cd $SCRATCH
source venv/bin/activate

TF_CONFIG=$(cat <<EOF
{
    "cluster": {
        "worker": [$LIST]
    },
    "task": {
        "type": "worker",
        "index": ${SLURM_PROCID}
    }
}
EOF
)
export TF_CONFIG

env

echo "Host: $(hostname) | Rank (PROCID): ${SLURM_PROCID} | TF_CONFIG: ${TF_CONFIG}"

echo "$TO_RUN,$PY_MODEL\n"
python $TO_RUN --model $PY_MODEL --batch $PY_BATCH_SIZE

LOGS_DIR="$HOME/logs/${TO_RUN}_${SLURM_JOB_ID}/${SLURM_PROCID}/"

mkdir -p $LOGS_DIR
cp $SCRATCH/*logs*/ $LOGS_DIR -r
'
2025-11-29 14:50:36.259565: I tensorflow/core/util/port.cc:113] oneDNN custom operations are on. You may see slightly different numerical results due to floating-point round-off errors from different computation orders. To turn them off, set the environment variable `TF_ENABLE_ONEDNN_OPTS=0`.
2025-11-29 14:50:36.279416: E external/local_xla/xla/stream_executor/cuda/cuda_dnn.cc:9261] Unable to register cuDNN factory: Attempting to register factory for plugin cuDNN when one has already been registered
2025-11-29 14:50:36.279441: E external/local_xla/xla/stream_executor/cuda/cuda_fft.cc:607] Unable to register cuFFT factory: Attempting to register factory for plugin cuFFT when one has already been registered
2025-11-29 14:50:36.280109: E external/local_xla/xla/stream_executor/cuda/cuda_blas.cc:1515] Unable to register cuBLAS factory: Attempting to register factory for plugin cuBLAS when one has already been registered
2025-11-29 14:50:36.283520: I tensorflow/core/platform/cpu_feature_guard.cc:182] This TensorFlow binary is optimized to use available CPU instructions in performance-critical operations.
To enable the following instructions: AVX2 AVX_VNNI FMA, in other operations, rebuild TensorFlow with the appropriate compiler flags.
2025-11-29 14:50:36.317818: I tensorflow/core/util/port.cc:113] oneDNN custom operations are on. You may see slightly different numerical results due to floating-point round-off errors from different computation orders. To turn them off, set the environment variable `TF_ENABLE_ONEDNN_OPTS=0`.
2025-11-29 14:50:36.349309: E external/local_xla/xla/stream_executor/cuda/cuda_dnn.cc:9261] Unable to register cuDNN factory: Attempting to register factory for plugin cuDNN when one has already been registered
2025-11-29 14:50:36.349339: E external/local_xla/xla/stream_executor/cuda/cuda_fft.cc:607] Unable to register cuFFT factory: Attempting to register factory for plugin cuFFT when one has already been registered
2025-11-29 14:50:36.350186: E external/local_xla/xla/stream_executor/cuda/cuda_blas.cc:1515] Unable to register cuBLAS factory: Attempting to register factory for plugin cuBLAS when one has already been registered
2025-11-29 14:50:36.354679: I tensorflow/core/platform/cpu_feature_guard.cc:182] This TensorFlow binary is optimized to use available CPU instructions in performance-critical operations.
To enable the following instructions: AVX2 AVX_VNNI FMA, in other operations, rebuild TensorFlow with the appropriate compiler flags.
2025-11-29 14:50:36.611012: W tensorflow/compiler/tf2tensorrt/utils/py_utils.cc:38] TF-TRT Warning: Could not find TensorRT
2025-11-29 14:50:36.901175: W tensorflow/compiler/tf2tensorrt/utils/py_utils.cc:38] TF-TRT Warning: Could not find TensorRT
2025-11-29 14:50:36.956081: I external/local_xla/xla/stream_executor/cuda/cuda_executor.cc:901] successful NUMA node read from SysFS had negative value (-1), but there must be at least one NUMA node, so returning NUMA node zero. See more at https://github.com/torvalds/linux/blob/v6.0/Documentation/ABI/testing/sysfs-bus-pci#L344-L355
2025-11-29 14:50:36.970270: I external/local_xla/xla/stream_executor/cuda/cuda_executor.cc:901] successful NUMA node read from SysFS had negative value (-1), but there must be at least one NUMA node, so returning NUMA node zero. See more at https://github.com/torvalds/linux/blob/v6.0/Documentation/ABI/testing/sysfs-bus-pci#L344-L355
2025-11-29 14:50:36.970410: I external/local_xla/xla/stream_executor/cuda/cuda_executor.cc:901] successful NUMA node read from SysFS had negative value (-1), but there must be at least one NUMA node, so returning NUMA node zero. See more at https://github.com/torvalds/linux/blob/v6.0/Documentation/ABI/testing/sysfs-bus-pci#L344-L355
2025-11-29 14:50:36.973456: I external/local_xla/xla/stream_executor/cuda/cuda_executor.cc:901] successful NUMA node read from SysFS had negative value (-1), but there must be at least one NUMA node, so returning NUMA node zero. See more at https://github.com/torvalds/linux/blob/v6.0/Documentation/ABI/testing/sysfs-bus-pci#L344-L355
2025-11-29 14:50:36.973544: I external/local_xla/xla/stream_executor/cuda/cuda_executor.cc:901] successful NUMA node read from SysFS had negative value (-1), but there must be at least one NUMA node, so returning NUMA node zero. See more at https://github.com/torvalds/linux/blob/v6.0/Documentation/ABI/testing/sysfs-bus-pci#L344-L355
2025-11-29 14:50:36.973592: I external/local_xla/xla/stream_executor/cuda/cuda_executor.cc:901] successful NUMA node read from SysFS had negative value (-1), but there must be at least one NUMA node, so returning NUMA node zero. See more at https://github.com/torvalds/linux/blob/v6.0/Documentation/ABI/testing/sysfs-bus-pci#L344-L355
2025-11-29 14:50:37.021876: I external/local_xla/xla/stream_executor/cuda/cuda_executor.cc:901] successful NUMA node read from SysFS had negative value (-1), but there must be at least one NUMA node, so returning NUMA node zero. See more at https://github.com/torvalds/linux/blob/v6.0/Documentation/ABI/testing/sysfs-bus-pci#L344-L355
2025-11-29 14:50:37.021957: I external/local_xla/xla/stream_executor/cuda/cuda_executor.cc:901] successful NUMA node read from SysFS had negative value (-1), but there must be at least one NUMA node, so returning NUMA node zero. See more at https://github.com/torvalds/linux/blob/v6.0/Documentation/ABI/testing/sysfs-bus-pci#L344-L355
2025-11-29 14:50:37.022009: I external/local_xla/xla/stream_executor/cuda/cuda_executor.cc:901] successful NUMA node read from SysFS had negative value (-1), but there must be at least one NUMA node, so returning NUMA node zero. See more at https://github.com/torvalds/linux/blob/v6.0/Documentation/ABI/testing/sysfs-bus-pci#L344-L355
2025-11-29 14:50:37.022057: I tensorflow/core/common_runtime/gpu/gpu_device.cc:1929] Created device /job:localhost/replica:0/task:0/device:GPU:0 with 10307 MB memory:  -> device: 0, name: NVIDIA GeForce RTX 4070, pci bus id: 0000:01:00.0, compute capability: 8.9
2025-11-29 14:50:37.024251: I external/local_xla/xla/stream_executor/cuda/cuda_executor.cc:901] successful NUMA node read from SysFS had negative value (-1), but there must be at least one NUMA node, so returning NUMA node zero. See more at https://github.com/torvalds/linux/blob/v6.0/Documentation/ABI/testing/sysfs-bus-pci#L344-L355
2025-11-29 14:50:37.024316: I external/local_xla/xla/stream_executor/cuda/cuda_executor.cc:901] successful NUMA node read from SysFS had negative value (-1), but there must be at least one NUMA node, so returning NUMA node zero. See more at https://github.com/torvalds/linux/blob/v6.0/Documentation/ABI/testing/sysfs-bus-pci#L344-L355
2025-11-29 14:50:37.024358: I external/local_xla/xla/stream_executor/cuda/cuda_executor.cc:901] successful NUMA node read from SysFS had negative value (-1), but there must be at least one NUMA node, so returning NUMA node zero. See more at https://github.com/torvalds/linux/blob/v6.0/Documentation/ABI/testing/sysfs-bus-pci#L344-L355
2025-11-29 14:50:37.024414: I external/local_xla/xla/stream_executor/cuda/cuda_executor.cc:901] successful NUMA node read from SysFS had negative value (-1), but there must be at least one NUMA node, so returning NUMA node zero. See more at https://github.com/torvalds/linux/blob/v6.0/Documentation/ABI/testing/sysfs-bus-pci#L344-L355
2025-11-29 14:50:37.024456: I external/local_xla/xla/stream_executor/cuda/cuda_executor.cc:901] successful NUMA node read from SysFS had negative value (-1), but there must be at least one NUMA node, so returning NUMA node zero. See more at https://github.com/torvalds/linux/blob/v6.0/Documentation/ABI/testing/sysfs-bus-pci#L344-L355
2025-11-29 14:50:37.024492: I tensorflow/core/common_runtime/gpu/gpu_device.cc:1929] Created device /job:worker/replica:0/task:1/device:GPU:0 with 10307 MB memory:  -> device: 0, name: NVIDIA GeForce RTX 4070, pci bus id: 0000:01:00.0, compute capability: 8.9
2025-11-29 14:50:37.031210: I tensorflow/core/distributed_runtime/rpc/grpc_server_lib.cc:457] Started server with target: grpc://poti5:29500
2025-11-29 14:50:37.473095: I external/local_xla/xla/stream_executor/cuda/cuda_executor.cc:901] successful NUMA node read from SysFS had negative value (-1), but there must be at least one NUMA node, so returning NUMA node zero. See more at https://github.com/torvalds/linux/blob/v6.0/Documentation/ABI/testing/sysfs-bus-pci#L344-L355
2025-11-29 14:50:37.495414: I external/local_xla/xla/stream_executor/cuda/cuda_executor.cc:901] successful NUMA node read from SysFS had negative value (-1), but there must be at least one NUMA node, so returning NUMA node zero. See more at https://github.com/torvalds/linux/blob/v6.0/Documentation/ABI/testing/sysfs-bus-pci#L344-L355
2025-11-29 14:50:37.495578: I external/local_xla/xla/stream_executor/cuda/cuda_executor.cc:901] successful NUMA node read from SysFS had negative value (-1), but there must be at least one NUMA node, so returning NUMA node zero. See more at https://github.com/torvalds/linux/blob/v6.0/Documentation/ABI/testing/sysfs-bus-pci#L344-L355
2025-11-29 14:50:37.499000: I external/local_xla/xla/stream_executor/cuda/cuda_executor.cc:901] successful NUMA node read from SysFS had negative value (-1), but there must be at least one NUMA node, so returning NUMA node zero. See more at https://github.com/torvalds/linux/blob/v6.0/Documentation/ABI/testing/sysfs-bus-pci#L344-L355
2025-11-29 14:50:37.499122: I external/local_xla/xla/stream_executor/cuda/cuda_executor.cc:901] successful NUMA node read from SysFS had negative value (-1), but there must be at least one NUMA node, so returning NUMA node zero. See more at https://github.com/torvalds/linux/blob/v6.0/Documentation/ABI/testing/sysfs-bus-pci#L344-L355
2025-11-29 14:50:37.499207: I external/local_xla/xla/stream_executor/cuda/cuda_executor.cc:901] successful NUMA node read from SysFS had negative value (-1), but there must be at least one NUMA node, so returning NUMA node zero. See more at https://github.com/torvalds/linux/blob/v6.0/Documentation/ABI/testing/sysfs-bus-pci#L344-L355
2025-11-29 14:50:37.586973: I external/local_xla/xla/stream_executor/cuda/cuda_executor.cc:901] successful NUMA node read from SysFS had negative value (-1), but there must be at least one NUMA node, so returning NUMA node zero. See more at https://github.com/torvalds/linux/blob/v6.0/Documentation/ABI/testing/sysfs-bus-pci#L344-L355
2025-11-29 14:50:37.587115: I external/local_xla/xla/stream_executor/cuda/cuda_executor.cc:901] successful NUMA node read from SysFS had negative value (-1), but there must be at least one NUMA node, so returning NUMA node zero. See more at https://github.com/torvalds/linux/blob/v6.0/Documentation/ABI/testing/sysfs-bus-pci#L344-L355
2025-11-29 14:50:37.587217: I external/local_xla/xla/stream_executor/cuda/cuda_executor.cc:901] successful NUMA node read from SysFS had negative value (-1), but there must be at least one NUMA node, so returning NUMA node zero. See more at https://github.com/torvalds/linux/blob/v6.0/Documentation/ABI/testing/sysfs-bus-pci#L344-L355
2025-11-29 14:50:37.587301: I tensorflow/core/common_runtime/gpu/gpu_device.cc:1929] Created device /job:localhost/replica:0/task:0/device:GPU:0 with 10307 MB memory:  -> device: 0, name: NVIDIA GeForce RTX 4070, pci bus id: 0000:01:00.0, compute capability: 8.9
2025-11-29 14:50:37.590189: I external/local_xla/xla/stream_executor/cuda/cuda_executor.cc:901] successful NUMA node read from SysFS had negative value (-1), but there must be at least one NUMA node, so returning NUMA node zero. See more at https://github.com/torvalds/linux/blob/v6.0/Documentation/ABI/testing/sysfs-bus-pci#L344-L355
2025-11-29 14:50:37.590301: I external/local_xla/xla/stream_executor/cuda/cuda_executor.cc:901] successful NUMA node read from SysFS had negative value (-1), but there must be at least one NUMA node, so returning NUMA node zero. See more at https://github.com/torvalds/linux/blob/v6.0/Documentation/ABI/testing/sysfs-bus-pci#L344-L355
2025-11-29 14:50:37.590388: I external/local_xla/xla/stream_executor/cuda/cuda_executor.cc:901] successful NUMA node read from SysFS had negative value (-1), but there must be at least one NUMA node, so returning NUMA node zero. See more at https://github.com/torvalds/linux/blob/v6.0/Documentation/ABI/testing/sysfs-bus-pci#L344-L355
2025-11-29 14:50:37.590493: I external/local_xla/xla/stream_executor/cuda/cuda_executor.cc:901] successful NUMA node read from SysFS had negative value (-1), but there must be at least one NUMA node, so returning NUMA node zero. See more at https://github.com/torvalds/linux/blob/v6.0/Documentation/ABI/testing/sysfs-bus-pci#L344-L355
2025-11-29 14:50:37.590586: I external/local_xla/xla/stream_executor/cuda/cuda_executor.cc:901] successful NUMA node read from SysFS had negative value (-1), but there must be at least one NUMA node, so returning NUMA node zero. See more at https://github.com/torvalds/linux/blob/v6.0/Documentation/ABI/testing/sysfs-bus-pci#L344-L355
2025-11-29 14:50:37.590651: I tensorflow/core/common_runtime/gpu/gpu_device.cc:1929] Created device /job:worker/replica:0/task:0/device:GPU:0 with 10307 MB memory:  -> device: 0, name: NVIDIA GeForce RTX 4070, pci bus id: 0000:01:00.0, compute capability: 8.9
2025-11-29 14:50:37.601756: I tensorflow/core/distributed_runtime/rpc/grpc_server_lib.cc:457] Started server with target: grpc://poti4:29500
2025-11-29 14:50:37.604371: I external/local_tsl/tsl/distributed_runtime/coordination/coordination_service.cc:553] /job:worker/replica:0/task:0 has connected to coordination service. Incarnation: 13082581633494726029
2025-11-29 14:50:37.604610: I external/local_tsl/tsl/distributed_runtime/coordination/coordination_service_agent.cc:304] Coordination agent has successfully connected.
2025-11-29 14:50:38.029010: I external/local_tsl/tsl/distributed_runtime/coordination/coordination_service.cc:553] /job:worker/replica:0/task:1 has connected to coordination service. Incarnation: 18355739351971745390
2025-11-29 14:50:38.032882: I external/local_tsl/tsl/distributed_runtime/coordination/coordination_service_agent.cc:304] Coordination agent has successfully connected.
WARNING:tensorflow:From /scratch/rrdmatos/train-ctl.py:35: is_gpu_available (from tensorflow.python.framework.test_util) is deprecated and will be removed in a future version.
Instructions for updating:
Use `tf.config.list_physical_devices('GPU')` instead.
2025-11-29 14:50:38.080026: I external/local_xla/xla/stream_executor/cuda/cuda_executor.cc:901] successful NUMA node read from SysFS had negative value (-1), but there must be at least one NUMA node, so returning NUMA node zero. See more at https://github.com/torvalds/linux/blob/v6.0/Documentation/ABI/testing/sysfs-bus-pci#L344-L355
2025-11-29 14:50:38.080117: I external/local_xla/xla/stream_executor/cuda/cuda_executor.cc:901] successful NUMA node read from SysFS had negative value (-1), but there must be at least one NUMA node, so returning NUMA node zero. See more at https://github.com/torvalds/linux/blob/v6.0/Documentation/ABI/testing/sysfs-bus-pci#L344-L355
2025-11-29 14:50:38.080160: I external/local_xla/xla/stream_executor/cuda/cuda_executor.cc:901] successful NUMA node read from SysFS had negative value (-1), but there must be at least one NUMA node, so returning NUMA node zero. See more at https://github.com/torvalds/linux/blob/v6.0/Documentation/ABI/testing/sysfs-bus-pci#L344-L355
2025-11-29 14:50:38.080224: I external/local_xla/xla/stream_executor/cuda/cuda_executor.cc:901] successful NUMA node read from SysFS had negative value (-1), but there must be at least one NUMA node, so returning NUMA node zero. See more at https://github.com/torvalds/linux/blob/v6.0/Documentation/ABI/testing/sysfs-bus-pci#L344-L355
2025-11-29 14:50:38.080267: I external/local_xla/xla/stream_executor/cuda/cuda_executor.cc:901] successful NUMA node read from SysFS had negative value (-1), but there must be at least one NUMA node, so returning NUMA node zero. See more at https://github.com/torvalds/linux/blob/v6.0/Documentation/ABI/testing/sysfs-bus-pci#L344-L355
2025-11-29 14:50:38.080305: I tensorflow/core/common_runtime/gpu/gpu_device.cc:1929] Created device /device:GPU:0 with 10307 MB memory:  -> device: 0, name: NVIDIA GeForce RTX 4070, pci bus id: 0000:01:00.0, compute capability: 8.9
2025-11-29 14:50:38.080365: I external/local_xla/xla/stream_executor/cuda/cuda_executor.cc:901] successful NUMA node read from SysFS had negative value (-1), but there must be at least one NUMA node, so returning NUMA node zero. See more at https://github.com/torvalds/linux/blob/v6.0/Documentation/ABI/testing/sysfs-bus-pci#L344-L355
2025-11-29 14:50:38.080407: I external/local_xla/xla/stream_executor/cuda/cuda_executor.cc:901] successful NUMA node read from SysFS had negative value (-1), but there must be at least one NUMA node, so returning NUMA node zero. See more at https://github.com/torvalds/linux/blob/v6.0/Documentation/ABI/testing/sysfs-bus-pci#L344-L355
2025-11-29 14:50:38.080448: I external/local_xla/xla/stream_executor/cuda/cuda_executor.cc:901] successful NUMA node read from SysFS had negative value (-1), but there must be at least one NUMA node, so returning NUMA node zero. See more at https://github.com/torvalds/linux/blob/v6.0/Documentation/ABI/testing/sysfs-bus-pci#L344-L355
2025-11-29 14:50:38.080495: I external/local_xla/xla/stream_executor/cuda/cuda_executor.cc:901] successful NUMA node read from SysFS had negative value (-1), but there must be at least one NUMA node, so returning NUMA node zero. See more at https://github.com/torvalds/linux/blob/v6.0/Documentation/ABI/testing/sysfs-bus-pci#L344-L355
2025-11-29 14:50:38.080541: I external/local_xla/xla/stream_executor/cuda/cuda_executor.cc:901] successful NUMA node read from SysFS had negative value (-1), but there must be at least one NUMA node, so returning NUMA node zero. See more at https://github.com/torvalds/linux/blob/v6.0/Documentation/ABI/testing/sysfs-bus-pci#L344-L355
2025-11-29 14:50:38.080575: I tensorflow/core/common_runtime/gpu/gpu_device.cc:1929] Created device /device:GPU:0 with 10307 MB memory:  -> device: 0, name: NVIDIA GeForce RTX 4070, pci bus id: 0000:01:00.0, compute capability: 8.9
WARNING:tensorflow:From /scratch/rrdmatos/train-ctl.py:35: is_gpu_available (from tensorflow.python.framework.test_util) is deprecated and will be removed in a future version.
Instructions for updating:
Use `tf.config.list_physical_devices('GPU')` instead.
2025-11-29 14:50:38.106417: I external/local_xla/xla/stream_executor/cuda/cuda_executor.cc:901] successful NUMA node read from SysFS had negative value (-1), but there must be at least one NUMA node, so returning NUMA node zero. See more at https://github.com/torvalds/linux/blob/v6.0/Documentation/ABI/testing/sysfs-bus-pci#L344-L355
2025-11-29 14:50:38.106556: I external/local_xla/xla/stream_executor/cuda/cuda_executor.cc:901] successful NUMA node read from SysFS had negative value (-1), but there must be at least one NUMA node, so returning NUMA node zero. See more at https://github.com/torvalds/linux/blob/v6.0/Documentation/ABI/testing/sysfs-bus-pci#L344-L355
2025-11-29 14:50:38.106657: I external/local_xla/xla/stream_executor/cuda/cuda_executor.cc:901] successful NUMA node read from SysFS had negative value (-1), but there must be at least one NUMA node, so returning NUMA node zero. See more at https://github.com/torvalds/linux/blob/v6.0/Documentation/ABI/testing/sysfs-bus-pci#L344-L355
2025-11-29 14:50:38.106782: I external/local_xla/xla/stream_executor/cuda/cuda_executor.cc:901] successful NUMA node read from SysFS had negative value (-1), but there must be at least one NUMA node, so returning NUMA node zero. See more at https://github.com/torvalds/linux/blob/v6.0/Documentation/ABI/testing/sysfs-bus-pci#L344-L355
2025-11-29 14:50:38.106873: I external/local_xla/xla/stream_executor/cuda/cuda_executor.cc:901] successful NUMA node read from SysFS had negative value (-1), but there must be at least one NUMA node, so returning NUMA node zero. See more at https://github.com/torvalds/linux/blob/v6.0/Documentation/ABI/testing/sysfs-bus-pci#L344-L355
2025-11-29 14:50:38.106943: I tensorflow/core/common_runtime/gpu/gpu_device.cc:1929] Created device /device:GPU:0 with 10307 MB memory:  -> device: 0, name: NVIDIA GeForce RTX 4070, pci bus id: 0000:01:00.0, compute capability: 8.9
2025-11-29 14:50:38.107021: I external/local_xla/xla/stream_executor/cuda/cuda_executor.cc:901] successful NUMA node read from SysFS had negative value (-1), but there must be at least one NUMA node, so returning NUMA node zero. See more at https://github.com/torvalds/linux/blob/v6.0/Documentation/ABI/testing/sysfs-bus-pci#L344-L355
2025-11-29 14:50:38.107113: I external/local_xla/xla/stream_executor/cuda/cuda_executor.cc:901] successful NUMA node read from SysFS had negative value (-1), but there must be at least one NUMA node, so returning NUMA node zero. See more at https://github.com/torvalds/linux/blob/v6.0/Documentation/ABI/testing/sysfs-bus-pci#L344-L355
2025-11-29 14:50:38.107199: I external/local_xla/xla/stream_executor/cuda/cuda_executor.cc:901] successful NUMA node read from SysFS had negative value (-1), but there must be at least one NUMA node, so returning NUMA node zero. See more at https://github.com/torvalds/linux/blob/v6.0/Documentation/ABI/testing/sysfs-bus-pci#L344-L355
2025-11-29 14:50:38.107298: I external/local_xla/xla/stream_executor/cuda/cuda_executor.cc:901] successful NUMA node read from SysFS had negative value (-1), but there must be at least one NUMA node, so returning NUMA node zero. See more at https://github.com/torvalds/linux/blob/v6.0/Documentation/ABI/testing/sysfs-bus-pci#L344-L355
2025-11-29 14:50:38.107385: I external/local_xla/xla/stream_executor/cuda/cuda_executor.cc:901] successful NUMA node read from SysFS had negative value (-1), but there must be at least one NUMA node, so returning NUMA node zero. See more at https://github.com/torvalds/linux/blob/v6.0/Documentation/ABI/testing/sysfs-bus-pci#L344-L355
2025-11-29 14:50:38.107450: I tensorflow/core/common_runtime/gpu/gpu_device.cc:1929] Created device /device:GPU:0 with 10307 MB memory:  -> device: 0, name: NVIDIA GeForce RTX 4070, pci bus id: 0000:01:00.0, compute capability: 8.9
2025-11-29 14:50:49.847446: E tensorflow/core/grappler/optimizers/meta_optimizer.cc:961] layout failed: INVALID_ARGUMENT: Size of values 0 does not match size of permutation 4 @ fanin shape inmodel/block2b_drop/dropout/SelectV2-2-TransposeNHWCToNCHW-LayoutOptimizer
2025-11-29 14:50:51.276577: I external/local_xla/xla/stream_executor/cuda/cuda_dnn.cc:454] Loaded cuDNN version 8904
2025-11-29 14:50:52.535107: E tensorflow/core/grappler/optimizers/meta_optimizer.cc:961] layout failed: INVALID_ARGUMENT: Size of values 0 does not match size of permutation 4 @ fanin shape inmodel/block2b_drop/dropout/SelectV2-2-TransposeNHWCToNCHW-LayoutOptimizer
2025-11-29 14:50:54.940982: I external/local_xla/xla/stream_executor/cuda/cuda_dnn.cc:454] Loaded cuDNN version 8904
2025-11-29 14:50:57.795066: I external/local_xla/xla/service/service.cc:168] XLA service 0x7f5430020b00 initialized for platform CUDA (this does not guarantee that XLA will be used). Devices:
2025-11-29 14:50:57.795096: I external/local_xla/xla/service/service.cc:176]   StreamExecutor device (0): NVIDIA GeForce RTX 4070, Compute Capability 8.9
2025-11-29 14:50:57.791685: I external/local_xla/xla/service/service.cc:168] XLA service 0x2b8b7710 initialized for platform CUDA (this does not guarantee that XLA will be used). Devices:
2025-11-29 14:50:57.791722: I external/local_xla/xla/service/service.cc:176]   StreamExecutor device (0): NVIDIA GeForce RTX 4070, Compute Capability 8.9
WARNING: All log messages before absl::InitializeLog() is called are written to STDERR
I0000 00:00:1764438657.814929 2576167 device_compiler.h:186] Compiled cluster using XLA!  This line is logged at most once for the lifetime of the process.
WARNING: All log messages before absl::InitializeLog() is called are written to STDERR
I0000 00:00:1764438657.818296 3693141 device_compiler.h:186] Compiled cluster using XLA!  This line is logged at most once for the lifetime of the process.
2025-11-29 14:53:32.405241: W external/local_tsl/tsl/framework/bfc_allocator.cc:485] Allocator (GPU_0_bfc) ran out of memory trying to allocate 459.38MiB (rounded to 481689600)requested by op gradient_tape/model/block2a_expand_bn/FusedBatchNormGradV3
If the cause is memory fragmentation maybe the environment variable 'TF_GPU_ALLOCATOR=cuda_malloc_async' will improve the situation. 
Current allocation summary follows.
Current allocation summary follows.
2025-11-29 14:53:32.405356: I external/local_tsl/tsl/framework/bfc_allocator.cc:1039] BFCAllocator dump for GPU_0_bfc
2025-11-29 14:53:32.405365: I external/local_tsl/tsl/framework/bfc_allocator.cc:1046] Bin (256): 	Total Chunks: 567, Chunks in use: 561. 141.8KiB allocated for chunks. 140.2KiB in use in bin. 14.6KiB client-requested in use in bin.
2025-11-29 14:53:32.405371: I external/local_tsl/tsl/framework/bfc_allocator.cc:1046] Bin (512): 	Total Chunks: 140, Chunks in use: 136. 88.0KiB allocated for chunks. 85.8KiB in use in bin. 67.5KiB client-requested in use in bin.
2025-11-29 14:53:32.405377: I external/local_tsl/tsl/framework/bfc_allocator.cc:1046] Bin (1024): 	Total Chunks: 92, Chunks in use: 81. 104.5KiB allocated for chunks. 92.2KiB in use in bin. 79.5KiB client-requested in use in bin.
2025-11-29 14:53:32.405382: I external/local_tsl/tsl/framework/bfc_allocator.cc:1046] Bin (2048): 	Total Chunks: 142, Chunks in use: 135. 358.8KiB allocated for chunks. 343.5KiB in use in bin. 316.5KiB client-requested in use in bin.
2025-11-29 14:53:32.405387: I external/local_tsl/tsl/framework/bfc_allocator.cc:1046] Bin (4096): 	Total Chunks: 107, Chunks in use: 103. 512.0KiB allocated for chunks. 490.0KiB in use in bin. 458.9KiB client-requested in use in bin.
2025-11-29 14:53:32.405393: I external/local_tsl/tsl/framework/bfc_allocator.cc:1046] Bin (8192): 	Total Chunks: 39, Chunks in use: 38. 438.0KiB allocated for chunks. 428.5KiB in use in bin. 401.0KiB client-requested in use in bin.
2025-11-29 14:53:32.405398: I external/local_tsl/tsl/framework/bfc_allocator.cc:1046] Bin (16384): 	Total Chunks: 19, Chunks in use: 18. 395.5KiB allocated for chunks. 365.2KiB in use in bin. 323.2KiB client-requested in use in bin.
2025-11-29 14:53:32.405403: I external/local_tsl/tsl/framework/bfc_allocator.cc:1046] Bin (32768): 	Total Chunks: 41, Chunks in use: 38. 1.61MiB allocated for chunks. 1.46MiB in use in bin. 1.42MiB client-requested in use in bin.
2025-11-29 14:53:32.405408: I external/local_tsl/tsl/framework/bfc_allocator.cc:1046] Bin (65536): 	Total Chunks: 46, Chunks in use: 42. 3.72MiB allocated for chunks. 3.35MiB in use in bin. 3.15MiB client-requested in use in bin.
2025-11-29 14:53:32.405413: I external/local_tsl/tsl/framework/bfc_allocator.cc:1046] Bin (131072): 	Total Chunks: 50, Chunks in use: 47. 9.19MiB allocated for chunks. 8.63MiB in use in bin. 8.21MiB client-requested in use in bin.
2025-11-29 14:53:32.405418: I external/local_tsl/tsl/framework/bfc_allocator.cc:1046] Bin (262144): 	Total Chunks: 25, Chunks in use: 25. 7.83MiB allocated for chunks. 7.83MiB in use in bin. 7.20MiB client-requested in use in bin.
2025-11-29 14:53:32.405424: I external/local_tsl/tsl/framework/bfc_allocator.cc:1046] Bin (524288): 	Total Chunks: 26, Chunks in use: 26. 21.72MiB allocated for chunks. 21.72MiB in use in bin. 21.43MiB client-requested in use in bin.
2025-11-29 14:53:32.405430: I external/local_tsl/tsl/framework/bfc_allocator.cc:1046] Bin (1048576): 	Total Chunks: 11, Chunks in use: 11. 16.21MiB allocated for chunks. 16.21MiB in use in bin. 14.54MiB client-requested in use in bin.
2025-11-29 14:53:32.405435: I external/local_tsl/tsl/framework/bfc_allocator.cc:1046] Bin (2097152): 	Total Chunks: 0, Chunks in use: 0. 0B allocated for chunks. 0B in use in bin. 0B client-requested in use in bin.
2025-11-29 14:53:32.405440: I external/local_tsl/tsl/framework/bfc_allocator.cc:1046] Bin (4194304): 	Total Chunks: 1, Chunks in use: 1. 7.63MiB allocated for chunks. 7.63MiB in use in bin. 7.63MiB client-requested in use in bin.
2025-11-29 14:53:32.405445: I external/local_tsl/tsl/framework/bfc_allocator.cc:1046] Bin (8388608): 	Total Chunks: 0, Chunks in use: 0. 0B allocated for chunks. 0B in use in bin. 0B client-requested in use in bin.
2025-11-29 14:53:32.405450: I external/local_tsl/tsl/framework/bfc_allocator.cc:1046] Bin (16777216): 	Total Chunks: 1, Chunks in use: 0. 27.58MiB allocated for chunks. 0B in use in bin. 0B client-requested in use in bin.
2025-11-29 14:53:32.405455: I external/local_tsl/tsl/framework/bfc_allocator.cc:1046] Bin (33554432): 	Total Chunks: 6, Chunks in use: 2. 341.14MiB allocated for chunks. 115.36MiB in use in bin. 115.36MiB client-requested in use in bin.
2025-11-29 14:53:32.405461: I external/local_tsl/tsl/framework/bfc_allocator.cc:1046] Bin (67108864): 	Total Chunks: 4, Chunks in use: 3. 360.05MiB allocated for chunks. 248.93MiB in use in bin. 210.55MiB client-requested in use in bin.
2025-11-29 14:53:32.405466: I external/local_tsl/tsl/framework/bfc_allocator.cc:1046] Bin (134217728): 	Total Chunks: 11, Chunks in use: 7. 1.91GiB allocated for chunks. 1.10GiB in use in bin. 1.05GiB client-requested in use in bin.
2025-11-29 14:53:32.405471: I external/local_tsl/tsl/framework/bfc_allocator.cc:1046] Bin (268435456): 	Total Chunks: 19, Chunks in use: 5. 7.38GiB allocated for chunks. 2.35GiB in use in bin. 2.24GiB client-requested in use in bin.
2025-11-29 14:53:32.405476: I external/local_tsl/tsl/framework/bfc_allocator.cc:1062] Bin for 459.38MiB was 256.00MiB, Chunk State: 
2025-11-29 14:53:32.405484: I external/local_tsl/tsl/framework/bfc_allocator.cc:1068]   Size: 262.88MiB | Requested Size: 114.84MiB | in_use: 0 | bin_num: 20, prev:   Size: 2.8KiB | Requested Size: 2.6KiB | in_use: 1 | bin_num: -1, next:   Size: 1.0KiB | Requested Size: 800B | in_use: 1 | bin_num: -1
2025-11-29 14:53:32.405491: I external/local_tsl/tsl/framework/bfc_allocator.cc:1068]   Size: 263.57MiB | Requested Size: 172.27MiB | in_use: 0 | bin_num: 20, prev:   Size: 2.0KiB | Requested Size: 1.9KiB | in_use: 1 | bin_num: -1, next:   Size: 2.0KiB | Requested Size: 1.9KiB | in_use: 1 | bin_num: -1
2025-11-29 14:53:32.405497: I external/local_tsl/tsl/framework/bfc_allocator.cc:1068]   Size: 279.87MiB | Requested Size: 172.27MiB | in_use: 0 | bin_num: 20, prev:   Size: 2.0KiB | Requested Size: 1.9KiB | in_use: 1 | bin_num: -1, next:   Size: 8.2KiB | Requested Size: 4.5KiB | in_use: 1 | bin_num: -1
2025-11-29 14:53:32.405503: I external/local_tsl/tsl/framework/bfc_allocator.cc:1068]   Size: 297.07MiB | Requested Size: 172.27MiB | in_use: 0 | bin_num: 20, prev:   Size: 768B | Requested Size: 768B | in_use: 1 | bin_num: -1, next:   Size: 768B | Requested Size: 768B | in_use: 1 | bin_num: -1
2025-11-29 14:53:32.405509: I external/local_tsl/tsl/framework/bfc_allocator.cc:1068]   Size: 321.23MiB | Requested Size: 172.27MiB | in_use: 0 | bin_num: 20, prev:   Size: 4.5KiB | Requested Size: 4.5KiB | in_use: 1 | bin_num: -1, next:   Size: 256B | Requested Size: 80B | in_use: 1 | bin_num: -1
2025-11-29 14:53:32.405514: I external/local_tsl/tsl/framework/bfc_allocator.cc:1068]   Size: 329.55MiB | Requested Size: 172.27MiB | in_use: 0 | bin_num: 20, prev:   Size: 6.2KiB | Requested Size: 5.0KiB | in_use: 1 | bin_num: -1
2025-11-29 14:53:32.405520: I external/local_tsl/tsl/framework/bfc_allocator.cc:1068]   Size: 347.11MiB | Requested Size: 172.27MiB | in_use: 0 | bin_num: 20, prev:   Size: 1.41MiB | Requested Size: 1.41MiB | in_use: 1 | bin_num: -1, next:   Size: 2.0KiB | Requested Size: 1.9KiB | in_use: 1 | bin_num: -1
2025-11-29 14:53:32.405527: I external/local_tsl/tsl/framework/bfc_allocator.cc:1068]   Size: 414.21MiB | Requested Size: 459.38MiB | in_use: 0 | bin_num: 20, prev:   Size: 459.38MiB | Requested Size: 459.38MiB | in_use: 1 | bin_num: -1, next:   Size: 864.0KiB | Requested Size: 864.0KiB | in_use: 1 | bin_num: -1
2025-11-29 14:53:32.405533: I external/local_tsl/tsl/framework/bfc_allocator.cc:1068]   Size: 416.05MiB | Requested Size: 114.84MiB | in_use: 0 | bin_num: 20, prev:   Size: 459.38MiB | Requested Size: 459.38MiB | in_use: 1 | bin_num: -1, next:   Size: 4.5KiB | Requested Size: 4.5KiB | in_use: 1 | bin_num: -1
2025-11-29 14:53:32.405539: I external/local_tsl/tsl/framework/bfc_allocator.cc:1068]   Size: 419.25MiB | Requested Size: 3.9KiB | in_use: 0 | bin_num: 20, prev:   Size: 768B | Requested Size: 768B | in_use: 1 | bin_num: -1, next:   Size: 768B | Requested Size: 768B | in_use: 1 | bin_num: -1
2025-11-29 14:53:32.405545: I external/local_tsl/tsl/framework/bfc_allocator.cc:1068]   Size: 437.64MiB | Requested Size: 5.0KiB | in_use: 0 | bin_num: 20, prev:   Size: 5.0KiB | Requested Size: 5.0KiB | in_use: 1 | bin_num: -1, next:   Size: 5.0KiB | Requested Size: 5.0KiB | in_use: 1 | bin_num: -1
2025-11-29 14:53:32.405551: I external/local_tsl/tsl/framework/bfc_allocator.cc:1068]   Size: 447.63MiB | Requested Size: 172.27MiB | in_use: 0 | bin_num: 20, prev:   Size: 459.38MiB | Requested Size: 459.38MiB | in_use: 1 | bin_num: -1, next:   Size: 512B | Requested Size: 448B | in_use: 1 | bin_num: -1
2025-11-29 14:53:32.405557: I external/local_tsl/tsl/framework/bfc_allocator.cc:1068]   Size: 452.97MiB | Requested Size: 71.78MiB | in_use: 0 | bin_num: 20, prev:   Size: 512B | Requested Size: 320B | in_use: 1 | bin_num: -1, next:   Size: 2.8KiB | Requested Size: 2.6KiB | in_use: 1 | bin_num: -1
2025-11-29 14:53:32.405563: I external/local_tsl/tsl/framework/bfc_allocator.cc:1068]   Size: 454.99MiB | Requested Size: 71.78MiB | in_use: 0 | bin_num: 20, prev:   Size: 1000.0KiB | Requested Size: 1000.0KiB | in_use: 1 | bin_num: -1, next:   Size: 1.2KiB | Requested Size: 1.2KiB | in_use: 1 | bin_num: -1
2025-11-29 14:53:32.405568: I external/local_tsl/tsl/framework/bfc_allocator.cc:1075] Next region of size 10808393728
2025-11-29 14:53:32.405573: I external/local_tsl/tsl/framework/bfc_allocator.cc:1095] InUse at 7f4efe000000 of size 256 next 1
2025-11-29 14:53:32.405577: I external/local_tsl/tsl/framework/bfc_allocator.cc:1095] InUse at 7f4efe000100 of size 1280 next 2
2025-11-29 14:53:32.405581: I external/local_tsl/tsl/framework/bfc_allocator.cc:1095] InUse at 7f4efe000600 of size 256 next 3
2025-11-29 14:53:32.405585: I external/local_tsl/tsl/framework/bfc_allocator.cc:1095] InUse at 7f4efe000700 of size 8000000 next 4
2025-11-29 14:53:32.405590: I external/local_tsl/tsl/framework/bfc_allocator.cc:1095] InUse at 7f4efe7a1900 of size 256 next 5
2025-11-29 14:53:32.405594: I external/local_tsl/tsl/framework/bfc_allocator.cc:1095] InUse at 7f4efe7a1a00 of size 256 next 6
2025-11-29 14:53:32.405598: I external/local_tsl/tsl/framework/bfc_allocator.cc:1095] InUse at 7f4efe7a1b00 of size 256 next 7
2025-11-29 14:53:32.405602: I external/local_tsl/tsl/framework/bfc_allocator.cc:1095] InUse at 7f4efe7a1c00 of size 256 next 8
2025-11-29 14:53:32.405606: I external/local_tsl/tsl/framework/bfc_allocator.cc:1095] InUse at 7f4efe7a1d00 of size 256 next 9
2025-11-29 14:53:32.405610: I external/local_tsl/tsl/framework/bfc_allocator.cc:1095] InUse at 7f4efe7a1e00 of size 256 next 10
2025-11-29 14:53:32.405614: I external/local_tsl/tsl/framework/bfc_allocator.cc:1095] InUse at 7f4efe7a1f00 of size 256 next 11
2025-11-29 14:53:32.405618: I external/local_tsl/tsl/framework/bfc_allocator.cc:1095] InUse at 7f4efe7a2000 of size 256 next 12
2025-11-29 14:53:32.405621: I external/local_tsl/tsl/framework/bfc_allocator.cc:1095] InUse at 7f4efe7a2100 of size 256 next 13
2025-11-29 14:53:32.405626: I external/local_tsl/tsl/framework/bfc_allocator.cc:1095] InUse at 7f4efe7a2200 of size 256 next 14
2025-11-29 14:53:32.405629: I external/local_tsl/tsl/framework/bfc_allocator.cc:1095] InUse at 7f4efe7a2300 of size 256 next 15
2025-11-29 14:53:32.405633: I external/local_tsl/tsl/framework/bfc_allocator.cc:1095] InUse at 7f4efe7a2400 of size 256 next 16
2025-11-29 14:53:32.405638: I external/local_tsl/tsl/framework/bfc_allocator.cc:1095] InUse at 7f4efe7a2500 of size 3584 next 18
2025-11-29 14:53:32.405642: I external/local_tsl/tsl/framework/bfc_allocator.cc:1095] InUse at 7f4efe7a3300 of size 256 next 20
2025-11-29 14:53:32.405646: I external/local_tsl/tsl/framework/bfc_allocator.cc:1095] InUse at 7f4efe7a3400 of size 256 next 21
2025-11-29 14:53:32.405650: I external/local_tsl/tsl/framework/bfc_allocator.cc:1095] InUse at 7f4efe7a3500 of size 256 next 19
2025-11-29 14:53:32.405653: I external/local_tsl/tsl/framework/bfc_allocator.cc:1095] InUse at 7f4efe7a3600 of size 256 next 562
2025-11-29 14:53:32.405658: I external/local_tsl/tsl/framework/bfc_allocator.cc:1095] InUse at 7f4efe7a3700 of size 256 next 22
2025-11-29 14:53:32.405662: I external/local_tsl/tsl/framework/bfc_allocator.cc:1095] InUse at 7f4efe7a3800 of size 1280 next 24
2025-11-29 14:53:32.405666: I external/local_tsl/tsl/framework/bfc_allocator.cc:1095] InUse at 7f4efe7a3d00 of size 256 next 26
2025-11-29 14:53:32.405670: I external/local_tsl/tsl/framework/bfc_allocator.cc:1095] InUse at 7f4efe7a3e00 of size 256 next 27
2025-11-29 14:53:32.405674: I external/local_tsl/tsl/framework/bfc_allocator.cc:1095] InUse at 7f4efe7a3f00 of size 256 next 25
2025-11-29 14:53:32.405678: I external/local_tsl/tsl/framework/bfc_allocator.cc:1095] InUse at 7f4efe7a4000 of size 256 next 578
2025-11-29 14:53:32.405682: I external/local_tsl/tsl/framework/bfc_allocator.cc:1095] InUse at 7f4efe7a4100 of size 256 next 28
2025-11-29 14:53:32.405686: I external/local_tsl/tsl/framework/bfc_allocator.cc:1095] InUse at 7f4efe7a4200 of size 1024 next 30
2025-11-29 14:53:32.405690: I external/local_tsl/tsl/framework/bfc_allocator.cc:1095] InUse at 7f4efe7a4600 of size 256 next 32
2025-11-29 14:53:32.405694: I external/local_tsl/tsl/framework/bfc_allocator.cc:1095] InUse at 7f4efe7a4700 of size 256 next 33
2025-11-29 14:53:32.405698: I external/local_tsl/tsl/framework/bfc_allocator.cc:1095] InUse at 7f4efe7a4800 of size 1024 next 29
2025-11-29 14:53:32.405702: I external/local_tsl/tsl/framework/bfc_allocator.cc:1095] InUse at 7f4efe7a4c00 of size 256 next 35
2025-11-29 14:53:32.405706: I external/local_tsl/tsl/framework/bfc_allocator.cc:1095] InUse at 7f4efe7a4d00 of size 256 next 36
2025-11-29 14:53:32.405710: I external/local_tsl/tsl/framework/bfc_allocator.cc:1095] InUse at 7f4efe7a4e00 of size 2048 next 31
2025-11-29 14:53:32.405714: I external/local_tsl/tsl/framework/bfc_allocator.cc:1095] InUse at 7f4efe7a5600 of size 256 next 38
2025-11-29 14:53:32.405718: I external/local_tsl/tsl/framework/bfc_allocator.cc:1095] InUse at 7f4efe7a5700 of size 256 next 39
2025-11-29 14:53:32.405722: I external/local_tsl/tsl/framework/bfc_allocator.cc:1095] InUse at 7f4efe7a5800 of size 256 next 37
2025-11-29 14:53:32.405726: I external/local_tsl/tsl/framework/bfc_allocator.cc:1095] InUse at 7f4efe7a5900 of size 256 next 413
2025-11-29 14:53:32.405730: I external/local_tsl/tsl/framework/bfc_allocator.cc:1095] InUse at 7f4efe7a5a00 of size 256 next 40
2025-11-29 14:53:32.405734: I external/local_tsl/tsl/framework/bfc_allocator.cc:1095] InUse at 7f4efe7a5b00 of size 6144 next 42
2025-11-29 14:53:32.405738: I external/local_tsl/tsl/framework/bfc_allocator.cc:1095] InUse at 7f4efe7a7300 of size 256 next 52
2025-11-29 14:53:32.405742: I external/local_tsl/tsl/framework/bfc_allocator.cc:1095] InUse at 7f4efe7a7400 of size 256 next 44
2025-11-29 14:53:32.405746: I external/local_tsl/tsl/framework/bfc_allocator.cc:1095] InUse at 7f4efe7a7500 of size 512 next 45
2025-11-29 14:53:32.405750: I external/local_tsl/tsl/framework/bfc_allocator.cc:1095] InUse at 7f4efe7a7700 of size 512 next 43
2025-11-29 14:53:32.405754: I external/local_tsl/tsl/framework/bfc_allocator.cc:1095] InUse at 7f4efe7a7900 of size 256 next 942
2025-11-29 14:53:32.405758: I external/local_tsl/tsl/framework/bfc_allocator.cc:1095] InUse at 7f4efe7a7a00 of size 256 next 1083
2025-11-29 14:53:32.405769: I external/local_tsl/tsl/framework/bfc_allocator.cc:1095] InUse at 7f4efe7a7b00 of size 256 next 390
2025-11-29 14:53:32.405774: I external/local_tsl/tsl/framework/bfc_allocator.cc:1095] InUse at 7f4efe7a7c00 of size 256 next 46
2025-11-29 14:53:32.405778: I external/local_tsl/tsl/framework/bfc_allocator.cc:1095] InUse at 7f4efe7a7d00 of size 3584 next 48
2025-11-29 14:53:32.405782: I external/local_tsl/tsl/framework/bfc_allocator.cc:1095] InUse at 7f4efe7a8b00 of size 512 next 49
2025-11-29 14:53:32.405786: I external/local_tsl/tsl/framework/bfc_allocator.cc:1095] InUse at 7f4efe7a8d00 of size 512 next 50
2025-11-29 14:53:32.405790: I external/local_tsl/tsl/framework/bfc_allocator.cc:1095] InUse at 7f4efe7a8f00 of size 256 next 398
2025-11-29 14:53:32.405794: I external/local_tsl/tsl/framework/bfc_allocator.cc:1095] InUse at 7f4efe7a9000 of size 256 next 1044
2025-11-29 14:53:32.405798: I external/local_tsl/tsl/framework/bfc_allocator.cc:1095] InUse at 7f4efe7a9100 of size 256 next 579
2025-11-29 14:53:32.405802: I external/local_tsl/tsl/framework/bfc_allocator.cc:1095] InUse at 7f4efe7a9200 of size 256 next 51
2025-11-29 14:53:32.405806: I external/local_tsl/tsl/framework/bfc_allocator.cc:1095] InUse at 7f4efe7a9300 of size 1536 next 53
2025-11-29 14:53:32.405810: I external/local_tsl/tsl/framework/bfc_allocator.cc:1095] InUse at 7f4efe7a9900 of size 256 next 55
2025-11-29 14:53:32.405814: I external/local_tsl/tsl/framework/bfc_allocator.cc:1095] InUse at 7f4efe7a9a00 of size 1536 next 56
2025-11-29 14:53:32.405818: I external/local_tsl/tsl/framework/bfc_allocator.cc:1095] InUse at 7f4efe7aa000 of size 256 next 60
2025-11-29 14:53:32.405822: I external/local_tsl/tsl/framework/bfc_allocator.cc:1095] InUse at 7f4efe7aa100 of size 256 next 57
2025-11-29 14:53:32.405826: I external/local_tsl/tsl/framework/bfc_allocator.cc:1095] InUse at 7f4efe7aa200 of size 512 next 58
2025-11-29 14:53:32.405830: I external/local_tsl/tsl/framework/bfc_allocator.cc:1095] InUse at 7f4efe7aa400 of size 9216 next 59
2025-11-29 14:53:32.405834: I external/local_tsl/tsl/framework/bfc_allocator.cc:1095] InUse at 7f4efe7ac800 of size 256 next 61
2025-11-29 14:53:32.405838: I external/local_tsl/tsl/framework/bfc_allocator.cc:1095] InUse at 7f4efe7ac900 of size 256 next 1010
2025-11-29 14:53:32.405842: I external/local_tsl/tsl/framework/bfc_allocator.cc:1095] InUse at 7f4efe7aca00 of size 256 next 62
2025-11-29 14:53:32.405846: I external/local_tsl/tsl/framework/bfc_allocator.cc:1095] InUse at 7f4efe7acb00 of size 13824 next 64
2025-11-29 14:53:32.405868: I external/local_tsl/tsl/framework/bfc_allocator.cc:1095] InUse at 7f4efe7b0100 of size 256 next 74
2025-11-29 14:53:32.405872: I external/local_tsl/tsl/framework/bfc_allocator.cc:1095] InUse at 7f4efe7b0200 of size 256 next 77
2025-11-29 14:53:32.405876: I external/local_tsl/tsl/framework/bfc_allocator.cc:1095] InUse at 7f4efe7b0300 of size 256 next 66
2025-11-29 14:53:32.405881: I external/local_tsl/tsl/framework/bfc_allocator.cc:1095] InUse at 7f4efe7b0400 of size 768 next 67
2025-11-29 14:53:32.405885: I external/local_tsl/tsl/framework/bfc_allocator.cc:1095] InUse at 7f4efe7b0700 of size 768 next 65
2025-11-29 14:53:32.405889: I external/local_tsl/tsl/framework/bfc_allocator.cc:1095] InUse at 7f4efe7b0a00 of size 1024 next 475
2025-11-29 14:53:32.405893: I external/local_tsl/tsl/framework/bfc_allocator.cc:1095] InUse at 7f4efe7b0e00 of size 256 next 1211
2025-11-29 14:53:32.405897: I external/local_tsl/tsl/framework/bfc_allocator.cc:1095] InUse at 7f4efe7b0f00 of size 256 next 68
2025-11-29 14:53:32.405901: I external/local_tsl/tsl/framework/bfc_allocator.cc:1095] InUse at 7f4efe7b1000 of size 5376 next 71
2025-11-29 14:53:32.405905: I external/local_tsl/tsl/framework/bfc_allocator.cc:1095] InUse at 7f4efe7b2500 of size 768 next 72
2025-11-29 14:53:32.405909: I external/local_tsl/tsl/framework/bfc_allocator.cc:1095] InUse at 7f4efe7b2800 of size 768 next 73
2025-11-29 14:53:32.405913: I external/local_tsl/tsl/framework/bfc_allocator.cc:1095] InUse at 7f4efe7b2b00 of size 256 next 916
2025-11-29 14:53:32.405917: I external/local_tsl/tsl/framework/bfc_allocator.cc:1095] InUse at 7f4efe7b2c00 of size 256 next 975
2025-11-29 14:53:32.405921: I external/local_tsl/tsl/framework/bfc_allocator.cc:1095] InUse at 7f4efe7b2d00 of size 256 next 1226
2025-11-29 14:53:32.405925: I external/local_tsl/tsl/framework/bfc_allocator.cc:1095] InUse at 7f4efe7b2e00 of size 256 next 420
2025-11-29 14:53:32.405928: I external/local_tsl/tsl/framework/bfc_allocator.cc:1095] InUse at 7f4efe7b2f00 of size 256 next 477
2025-11-29 14:53:32.405932: I external/local_tsl/tsl/framework/bfc_allocator.cc:1095] InUse at 7f4efe7b3000 of size 256 next 70
2025-11-29 14:53:32.405936: I external/local_tsl/tsl/framework/bfc_allocator.cc:1095] InUse at 7f4efe7b3100 of size 3584 next 76
2025-11-29 14:53:32.405940: I external/local_tsl/tsl/framework/bfc_allocator.cc:1095] InUse at 7f4efe7b3f00 of size 3584 next 78
2025-11-29 14:53:32.405944: I external/local_tsl/tsl/framework/bfc_allocator.cc:1095] InUse at 7f4efe7b4d00 of size 256 next 82
2025-11-29 14:53:32.405948: I external/local_tsl/tsl/framework/bfc_allocator.cc:1095] InUse at 7f4efe7b4e00 of size 256 next 83
2025-11-29 14:53:32.405952: I external/local_tsl/tsl/framework/bfc_allocator.cc:1095] InUse at 7f4efe7b4f00 of size 256 next 79
2025-11-29 14:53:32.405956: I external/local_tsl/tsl/framework/bfc_allocator.cc:1095] InUse at 7f4efe7b5000 of size 768 next 80
2025-11-29 14:53:32.405960: I external/local_tsl/tsl/framework/bfc_allocator.cc:1095] InUse at 7f4efe7b5300 of size 13824 next 81
2025-11-29 14:53:32.405964: I external/local_tsl/tsl/framework/bfc_allocator.cc:1095] InUse at 7f4efe7b8900 of size 256 next 75
2025-11-29 14:53:32.405968: I external/local_tsl/tsl/framework/bfc_allocator.cc:1095] InUse at 7f4efe7b8a00 of size 13824 next 84
2025-11-29 14:53:32.405972: I external/local_tsl/tsl/framework/bfc_allocator.cc:1095] InUse at 7f4efe7bc000 of size 256 next 98
2025-11-29 14:53:32.405976: I external/local_tsl/tsl/framework/bfc_allocator.cc:1095] InUse at 7f4efe7bc100 of size 256 next 99
2025-11-29 14:53:32.405980: I external/local_tsl/tsl/framework/bfc_allocator.cc:1095] InUse at 7f4efe7bc200 of size 256 next 86
2025-11-29 14:53:32.405984: I external/local_tsl/tsl/framework/bfc_allocator.cc:1095] InUse at 7f4efe7bc300 of size 768 next 87
2025-11-29 14:53:32.405988: I external/local_tsl/tsl/framework/bfc_allocator.cc:1095] InUse at 7f4efe7bc600 of size 768 next 85
2025-11-29 14:53:32.405991: I external/local_tsl/tsl/framework/bfc_allocator.cc:1095] InUse at 7f4efe7bc900 of size 256 next 1223
2025-11-29 14:53:32.405995: I external/local_tsl/tsl/framework/bfc_allocator.cc:1095] InUse at 7f4efe7bca00 of size 256 next 405
2025-11-29 14:53:32.405999: I external/local_tsl/tsl/framework/bfc_allocator.cc:1095] InUse at 7f4efe7bcb00 of size 256 next 1193
2025-11-29 14:53:32.406003: I external/local_tsl/tsl/framework/bfc_allocator.cc:1095] InUse at 7f4efe7bcc00 of size 256 next 378
2025-11-29 14:53:32.406007: I external/local_tsl/tsl/framework/bfc_allocator.cc:1095] InUse at 7f4efe7bcd00 of size 256 next 1182
2025-11-29 14:53:32.406011: I external/local_tsl/tsl/framework/bfc_allocator.cc:1095] InUse at 7f4efe7bce00 of size 256 next 89
2025-11-29 14:53:32.406015: I external/local_tsl/tsl/framework/bfc_allocator.cc:1095] InUse at 7f4efe7bcf00 of size 14592 next 92
2025-11-29 14:53:32.406020: I external/local_tsl/tsl/framework/bfc_allocator.cc:1095] InUse at 7f4efe7c0800 of size 768 next 93
2025-11-29 14:53:32.406024: I external/local_tsl/tsl/framework/bfc_allocator.cc:1095] InUse at 7f4efe7c0b00 of size 768 next 94
2025-11-29 14:53:32.406028: I external/local_tsl/tsl/framework/bfc_allocator.cc:1095] InUse at 7f4efe7c0e00 of size 256 next 1205
2025-11-29 14:53:32.406032: I external/local_tsl/tsl/framework/bfc_allocator.cc:1095] InUse at 7f4efe7c0f00 of size 256 next 343
2025-11-29 14:53:32.406036: I external/local_tsl/tsl/framework/bfc_allocator.cc:1095] InUse at 7f4efe7c1000 of size 256 next 1066
2025-11-29 14:53:32.406040: I external/local_tsl/tsl/framework/bfc_allocator.cc:1095] InUse at 7f4efe7c1100 of size 256 next 1287
2025-11-29 14:53:32.406044: I external/local_tsl/tsl/framework/bfc_allocator.cc:1095] InUse at 7f4efe7c1200 of size 256 next 369
2025-11-29 14:53:32.406047: I external/local_tsl/tsl/framework/bfc_allocator.cc:1095] InUse at 7f4efe7c1300 of size 256 next 91
2025-11-29 14:53:32.406051: I external/local_tsl/tsl/framework/bfc_allocator.cc:1095] InUse at 7f4efe7c1400 of size 3584 next 97
2025-11-29 14:53:32.406055: I external/local_tsl/tsl/framework/bfc_allocator.cc:1095] InUse at 7f4efe7c2200 of size 3584 next 95
2025-11-29 14:53:32.406059: I external/local_tsl/tsl/framework/bfc_allocator.cc:1095] InUse at 7f4efe7c3000 of size 256 next 103
2025-11-29 14:53:32.406063: I external/local_tsl/tsl/framework/bfc_allocator.cc:1095] InUse at 7f4efe7c3100 of size 256 next 104
2025-11-29 14:53:32.406067: I external/local_tsl/tsl/framework/bfc_allocator.cc:1095] InUse at 7f4efe7c3200 of size 256 next 96
2025-11-29 14:53:32.406071: I external/local_tsl/tsl/framework/bfc_allocator.cc:1095] InUse at 7f4efe7c3300 of size 768 next 100
2025-11-29 14:53:32.406075: I external/local_tsl/tsl/framework/bfc_allocator.cc:1095] InUse at 7f4efe7c3600 of size 23040 next 102
2025-11-29 14:53:32.406079: I external/local_tsl/tsl/framework/bfc_allocator.cc:1095] InUse at 7f4efe7c9000 of size 256 next 101
2025-11-29 14:53:32.406083: I external/local_tsl/tsl/framework/bfc_allocator.cc:1095] InUse at 7f4efe7c9100 of size 38400 next 106
2025-11-29 14:53:32.406087: I external/local_tsl/tsl/framework/bfc_allocator.cc:1095] InUse at 7f4efe7d2700 of size 256 next 116
2025-11-29 14:53:32.406091: I external/local_tsl/tsl/framework/bfc_allocator.cc:1095] InUse at 7f4efe7d2800 of size 256 next 120
2025-11-29 14:53:32.406095: I external/local_tsl/tsl/framework/bfc_allocator.cc:1095] InUse at 7f4efe7d2900 of size 256 next 121
2025-11-29 14:53:32.406099: I external/local_tsl/tsl/framework/bfc_allocator.cc:1095] InUse at 7f4efe7d2a00 of size 256 next 108
2025-11-29 14:53:32.406103: I external/local_tsl/tsl/framework/bfc_allocator.cc:1095] InUse at 7f4efe7d2b00 of size 1024 next 109
2025-11-29 14:53:32.406107: I external/local_tsl/tsl/framework/bfc_allocator.cc:1095] InUse at 7f4efe7d2f00 of size 1024 next 107
2025-11-29 14:53:32.406111: I external/local_tsl/tsl/framework/bfc_allocator.cc:1095] InUse at 7f4efe7d3300 of size 256 next 1129
2025-11-29 14:53:32.406115: I external/local_tsl/tsl/framework/bfc_allocator.cc:1095] InUse at 7f4efe7d3400 of size 256 next 947
2025-11-29 14:53:32.406119: I external/local_tsl/tsl/framework/bfc_allocator.cc:1095] InUse at 7f4efe7d3500 of size 256 next 1034
2025-11-29 14:53:32.406123: I external/local_tsl/tsl/framework/bfc_allocator.cc:1095] InUse at 7f4efe7d3600 of size 256 next 521
2025-11-29 14:53:32.406127: I external/local_tsl/tsl/framework/bfc_allocator.cc:1095] InUse at 7f4efe7d3700 of size 256 next 1022
2025-11-29 14:53:32.406131: I external/local_tsl/tsl/framework/bfc_allocator.cc:1095] InUse at 7f4efe7d3800 of size 256 next 411
2025-11-29 14:53:32.406135: I external/local_tsl/tsl/framework/bfc_allocator.cc:1095] InUse at 7f4efe7d3900 of size 256 next 494
2025-11-29 14:53:32.406139: I external/local_tsl/tsl/framework/bfc_allocator.cc:1095] InUse at 7f4efe7d3a00 of size 256 next 110
2025-11-29 14:53:32.406143: I external/local_tsl/tsl/framework/bfc_allocator.cc:1095] InUse at 7f4efe7d3b00 of size 24064 next 113
2025-11-29 14:53:32.406147: I external/local_tsl/tsl/framework/bfc_allocator.cc:1095] InUse at 7f4efe7d9900 of size 1024 next 114
2025-11-29 14:53:32.406151: I external/local_tsl/tsl/framework/bfc_allocator.cc:1095] InUse at 7f4efe7d9d00 of size 1024 next 115
2025-11-29 14:53:32.406155: I external/local_tsl/tsl/framework/bfc_allocator.cc:1095] InUse at 7f4efe7da100 of size 256 next 533
2025-11-29 14:53:32.406159: I external/local_tsl/tsl/framework/bfc_allocator.cc:1095] InUse at 7f4efe7da200 of size 256 next 1165
2025-11-29 14:53:32.406163: I external/local_tsl/tsl/framework/bfc_allocator.cc:1095] InUse at 7f4efe7da300 of size 256 next 524
2025-11-29 14:53:32.406167: I external/local_tsl/tsl/framework/bfc_allocator.cc:1095] InUse at 7f4efe7da400 of size 256 next 565
2025-11-29 14:53:32.406171: I external/local_tsl/tsl/framework/bfc_allocator.cc:1095] InUse at 7f4efe7da500 of size 256 next 989
2025-11-29 14:53:32.406175: I external/local_tsl/tsl/framework/bfc_allocator.cc:1095] InUse at 7f4efe7da600 of size 256 next 373
2025-11-29 14:53:32.406179: I external/local_tsl/tsl/framework/bfc_allocator.cc:1095] InUse at 7f4efe7da700 of size 256 next 485
2025-11-29 14:53:32.406183: I external/local_tsl/tsl/framework/bfc_allocator.cc:1095] InUse at 7f4efe7da800 of size 256 next 112
2025-11-29 14:53:32.406187: I external/local_tsl/tsl/framework/bfc_allocator.cc:1095] InUse at 7f4efe7da900 of size 9728 next 119
2025-11-29 14:53:32.406191: I external/local_tsl/tsl/framework/bfc_allocator.cc:1095] InUse at 7f4efe7dcf00 of size 9728 next 117
2025-11-29 14:53:32.406195: I external/local_tsl/tsl/framework/bfc_allocator.cc:1095] InUse at 7f4efe7df500 of size 256 next 124
2025-11-29 14:53:32.406199: I external/local_tsl/tsl/framework/bfc_allocator.cc:1095] InUse at 7f4efe7df600 of size 256 next 1080
2025-11-29 14:53:32.406203: I external/local_tsl/tsl/framework/bfc_allocator.cc:1095] InUse at 7f4efe7df700 of size 256 next 126
2025-11-29 14:53:32.406207: I external/local_tsl/tsl/framework/bfc_allocator.cc:1095] InUse at 7f4efe7df800 of size 256 next 118
2025-11-29 14:53:32.406211: I external/local_tsl/tsl/framework/bfc_allocator.cc:1095] InUse at 7f4efe7df900 of size 1024 next 122
2025-11-29 14:53:32.406215: I external/local_tsl/tsl/framework/bfc_allocator.cc:1095] InUse at 7f4efe7dfd00 of size 38400 next 123
2025-11-29 14:53:32.406219: I external/local_tsl/tsl/framework/bfc_allocator.cc:1095] InUse at 7f4efe7e9300 of size 38400 next 127
2025-11-29 14:53:32.406223: I external/local_tsl/tsl/framework/bfc_allocator.cc:1095] InUse at 7f4efe7f2900 of size 256 next 146
2025-11-29 14:53:32.406227: I external/local_tsl/tsl/framework/bfc_allocator.cc:1095] InUse at 7f4efe7f2a00 of size 256 next 144
2025-11-29 14:53:32.406231: I external/local_tsl/tsl/framework/bfc_allocator.cc:1095] InUse at 7f4efe7f2b00 of size 512 next 128
2025-11-29 14:53:32.406235: I external/local_tsl/tsl/framework/bfc_allocator.cc:1095] InUse at 7f4efe7f2d00 of size 1024 next 129
2025-11-29 14:53:32.406239: I external/local_tsl/tsl/framework/bfc_allocator.cc:1095] InUse at 7f4efe7f3100 of size 1024 next 130
2025-11-29 14:53:32.406243: I external/local_tsl/tsl/framework/bfc_allocator.cc:1095] InUse at 7f4efe7f3500 of size 256 next 1190
2025-11-29 14:53:32.406247: I external/local_tsl/tsl/framework/bfc_allocator.cc:1095] InUse at 7f4efe7f3600 of size 256 next 461
2025-11-29 14:53:32.406251: I external/local_tsl/tsl/framework/bfc_allocator.cc:1095] InUse at 7f4efe7f3700 of size 256 next 1040
2025-11-29 14:53:32.406255: I external/local_tsl/tsl/framework/bfc_allocator.cc:1095] InUse at 7f4efe7f3800 of size 256 next 1058
2025-11-29 14:53:32.406259: I external/local_tsl/tsl/framework/bfc_allocator.cc:1095] InUse at 7f4efe7f3900 of size 256 next 1077
2025-11-29 14:53:32.406263: I external/local_tsl/tsl/framework/bfc_allocator.cc:1095] InUse at 7f4efe7f3a00 of size 256 next 470
2025-11-29 14:53:32.406267: I external/local_tsl/tsl/framework/bfc_allocator.cc:1095] InUse at 7f4efe7f3b00 of size 256 next 1207
2025-11-29 14:53:32.406271: I external/local_tsl/tsl/framework/bfc_allocator.cc:1095] InUse at 7f4efe7f3c00 of size 256 next 132
2025-11-29 14:53:32.406275: I external/local_tsl/tsl/framework/bfc_allocator.cc:1095] InUse at 7f4efe7f3d00 of size 8704 next 133
2025-11-29 14:53:32.406279: I external/local_tsl/tsl/framework/bfc_allocator.cc:1095] InUse at 7f4efe7f5f00 of size 1024 next 134
2025-11-29 14:53:32.406283: I external/local_tsl/tsl/framework/bfc_allocator.cc:1095] InUse at 7f4efe7f6300 of size 1024 next 135
2025-11-29 14:53:32.406287: I external/local_tsl/tsl/framework/bfc_allocator.cc:1095] InUse at 7f4efe7f6700 of size 256 next 1127
2025-11-29 14:53:32.406291: I external/local_tsl/tsl/framework/bfc_allocator.cc:1095] InUse at 7f4efe7f6800 of size 256 next 1230
2025-11-29 14:53:32.406295: I external/local_tsl/tsl/framework/bfc_allocator.cc:1095] InUse at 7f4efe7f6900 of size 256 next 1025
2025-11-29 14:53:32.406299: I external/local_tsl/tsl/framework/bfc_allocator.cc:1095] InUse at 7f4efe7f6a00 of size 256 next 1304
2025-11-29 14:53:32.406303: I external/local_tsl/tsl/framework/bfc_allocator.cc:1095] InUse at 7f4efe7f6b00 of size 256 next 142
2025-11-29 14:53:32.406307: I external/local_tsl/tsl/framework/bfc_allocator.cc:1095] InUse at 7f4efe7f6c00 of size 256 next 1262
2025-11-29 14:53:32.406311: I external/local_tsl/tsl/framework/bfc_allocator.cc:1095] InUse at 7f4efe7f6d00 of size 256 next 1162
2025-11-29 14:53:32.406315: I external/local_tsl/tsl/framework/bfc_allocator.cc:1095] InUse at 7f4efe7f6e00 of size 256 next 137
2025-11-29 14:53:32.406319: I external/local_tsl/tsl/framework/bfc_allocator.cc:1095] InUse at 7f4efe7f6f00 of size 9728 next 138
2025-11-29 14:53:32.406323: I external/local_tsl/tsl/framework/bfc_allocator.cc:1095] InUse at 7f4efe7f9500 of size 9728 next 140
2025-11-29 14:53:32.406327: I external/local_tsl/tsl/framework/bfc_allocator.cc:1095] InUse at 7f4efe7fbb00 of size 1024 next 141
2025-11-29 14:53:32.406331: I external/local_tsl/tsl/framework/bfc_allocator.cc:1095] InUse at 7f4efe7fbf00 of size 76800 next 143
2025-11-29 14:53:32.406335: I external/local_tsl/tsl/framework/bfc_allocator.cc:1095] InUse at 7f4efe80eb00 of size 512 next 145
2025-11-29 14:53:32.406339: I external/local_tsl/tsl/framework/bfc_allocator.cc:1095] InUse at 7f4efe80ed00 of size 256 next 1152
2025-11-29 14:53:32.406343: I external/local_tsl/tsl/framework/bfc_allocator.cc:1095] InUse at 7f4efe80ee00 of size 256 next 429
2025-11-29 14:53:32.406347: I external/local_tsl/tsl/framework/bfc_allocator.cc:1095] InUse at 7f4efe80ef00 of size 256 next 501
2025-11-29 14:53:32.406351: I external/local_tsl/tsl/framework/bfc_allocator.cc:1095] InUse at 7f4efe80f000 of size 256 next 139
2025-11-29 14:53:32.406355: I external/local_tsl/tsl/framework/bfc_allocator.cc:1095] InUse at 7f4efe80f100 of size 153600 next 147
2025-11-29 14:53:32.406359: I external/local_tsl/tsl/framework/bfc_allocator.cc:1095] InUse at 7f4efe834900 of size 256 next 161
2025-11-29 14:53:32.406363: I external/local_tsl/tsl/framework/bfc_allocator.cc:1095] InUse at 7f4efe834a00 of size 256 next 162
2025-11-29 14:53:32.406367: I external/local_tsl/tsl/framework/bfc_allocator.cc:1095] InUse at 7f4efe834b00 of size 256 next 182
2025-11-29 14:53:32.406371: I external/local_tsl/tsl/framework/bfc_allocator.cc:1095] InUse at 7f4efe834c00 of size 256 next 166
2025-11-29 14:53:32.406375: I external/local_tsl/tsl/framework/bfc_allocator.cc:1095] InUse at 7f4efe834d00 of size 512 next 167
2025-11-29 14:53:32.406379: I external/local_tsl/tsl/framework/bfc_allocator.cc:1095] InUse at 7f4efe834f00 of size 512 next 149
2025-11-29 14:53:32.406383: I external/local_tsl/tsl/framework/bfc_allocator.cc:1095] InUse at 7f4efe835100 of size 2048 next 150
2025-11-29 14:53:32.406387: I external/local_tsl/tsl/framework/bfc_allocator.cc:1095] InUse at 7f4efe835900 of size 2048 next 148
2025-11-29 14:53:32.406391: I external/local_tsl/tsl/framework/bfc_allocator.cc:1095] InUse at 7f4efe836100 of size 256 next 1313
2025-11-29 14:53:32.406395: I external/local_tsl/tsl/framework/bfc_allocator.cc:1095] InUse at 7f4efe836200 of size 256 next 1078
2025-11-29 14:53:32.406399: I external/local_tsl/tsl/framework/bfc_allocator.cc:1095] InUse at 7f4efe836300 of size 256 next 1170
2025-11-29 14:53:32.406402: I external/local_tsl/tsl/framework/bfc_allocator.cc:1095] InUse at 7f4efe836400 of size 256 next 1051
2025-11-29 14:53:32.406406: I external/local_tsl/tsl/framework/bfc_allocator.cc:1095] InUse at 7f4efe836500 of size 256 next 955
2025-11-29 14:53:32.406410: I external/local_tsl/tsl/framework/bfc_allocator.cc:1095] InUse at 7f4efe836600 of size 256 next 257
2025-11-29 14:53:32.406414: I external/local_tsl/tsl/framework/bfc_allocator.cc:1095] InUse at 7f4efe836700 of size 256 next 573
2025-11-29 14:53:32.406418: I external/local_tsl/tsl/framework/bfc_allocator.cc:1095] InUse at 7f4efe836800 of size 256 next 499
2025-11-29 14:53:32.406422: I external/local_tsl/tsl/framework/bfc_allocator.cc:1095] InUse at 7f4efe836900 of size 256 next 105
2025-11-29 14:53:32.406426: I external/local_tsl/tsl/framework/bfc_allocator.cc:1095] InUse at 7f4efe836a00 of size 256 next 905
2025-11-29 14:53:32.406430: I external/local_tsl/tsl/framework/bfc_allocator.cc:1095] InUse at 7f4efe836b00 of size 256 next 1154
2025-11-29 14:53:32.406434: I external/local_tsl/tsl/framework/bfc_allocator.cc:1095] InUse at 7f4efe836c00 of size 256 next 1379
2025-11-29 14:53:32.406438: I external/local_tsl/tsl/framework/bfc_allocator.cc:1095] InUse at 7f4efe836d00 of size 256 next 932
2025-11-29 14:53:32.406442: I external/local_tsl/tsl/framework/bfc_allocator.cc:1095] InUse at 7f4efe836e00 of size 256 next 158
2025-11-29 14:53:32.406446: I external/local_tsl/tsl/framework/bfc_allocator.cc:1095] InUse at 7f4efe836f00 of size 256 next 1114
2025-11-29 14:53:32.406450: I external/local_tsl/tsl/framework/bfc_allocator.cc:1095] InUse at 7f4efe837000 of size 256 next 152
2025-11-29 14:53:32.406454: I external/local_tsl/tsl/framework/bfc_allocator.cc:1095] InUse at 7f4efe837100 of size 17408 next 154
2025-11-29 14:53:32.406458: I external/local_tsl/tsl/framework/bfc_allocator.cc:1095] InUse at 7f4efe83b500 of size 2048 next 155
2025-11-29 14:53:32.406462: I external/local_tsl/tsl/framework/bfc_allocator.cc:1095] InUse at 7f4efe83bd00 of size 2048 next 156
2025-11-29 14:53:32.406466: I external/local_tsl/tsl/framework/bfc_allocator.cc:1095] InUse at 7f4efe83c500 of size 256 next 1253
2025-11-29 14:53:32.406470: I external/local_tsl/tsl/framework/bfc_allocator.cc:1095] InUse at 7f4efe83c600 of size 256 next 332
2025-11-29 14:53:32.406474: I external/local_tsl/tsl/framework/bfc_allocator.cc:1095] InUse at 7f4efe83c700 of size 256 next 1144
2025-11-29 14:53:32.406478: I external/local_tsl/tsl/framework/bfc_allocator.cc:1095] InUse at 7f4efe83c800 of size 256 next 1102
2025-11-29 14:53:32.406482: I external/local_tsl/tsl/framework/bfc_allocator.cc:1095] InUse at 7f4efe83c900 of size 256 next 1295
2025-11-29 14:53:32.406486: I external/local_tsl/tsl/framework/bfc_allocator.cc:1095] InUse at 7f4efe83ca00 of size 256 next 1150
2025-11-29 14:53:32.406490: I external/local_tsl/tsl/framework/bfc_allocator.cc:1095] InUse at 7f4efe83cb00 of size 256 next 563
2025-11-29 14:53:32.406494: I external/local_tsl/tsl/framework/bfc_allocator.cc:1095] InUse at 7f4efe83cc00 of size 256 next 444
2025-11-29 14:53:32.406498: I external/local_tsl/tsl/framework/bfc_allocator.cc:1095] InUse at 7f4efe83cd00 of size 256 next 982
2025-11-29 14:53:32.406502: I external/local_tsl/tsl/framework/bfc_allocator.cc:1095] InUse at 7f4efe83ce00 of size 256 next 545
2025-11-29 14:53:32.406506: I external/local_tsl/tsl/framework/bfc_allocator.cc:1095] InUse at 7f4efe83cf00 of size 256 next 1214
2025-11-29 14:53:32.406510: I external/local_tsl/tsl/framework/bfc_allocator.cc:1095] InUse at 7f4efe83d000 of size 256 next 538
2025-11-29 14:53:32.406514: I external/local_tsl/tsl/framework/bfc_allocator.cc:1095] InUse at 7f4efe83d100 of size 256 next 447
2025-11-29 14:53:32.406518: I external/local_tsl/tsl/framework/bfc_allocator.cc:1095] InUse at 7f4efe83d200 of size 256 next 491
2025-11-29 14:53:32.406522: I external/local_tsl/tsl/framework/bfc_allocator.cc:1095] InUse at 7f4efe83d300 of size 256 next 389
2025-11-29 14:53:32.406526: I external/local_tsl/tsl/framework/bfc_allocator.cc:1095] InUse at 7f4efe83d400 of size 256 next 157
2025-11-29 14:53:32.406530: I external/local_tsl/tsl/framework/bfc_allocator.cc:1095] InUse at 7f4efe83d500 of size 38400 next 160
2025-11-29 14:53:32.406534: I external/local_tsl/tsl/framework/bfc_allocator.cc:1095] InUse at 7f4efe846b00 of size 38400 next 159
2025-11-29 14:53:32.406538: I external/local_tsl/tsl/framework/bfc_allocator.cc:1095] InUse at 7f4efe850100 of size 256 next 1227
2025-11-29 14:53:32.406542: I external/local_tsl/tsl/framework/bfc_allocator.cc:1095] InUse at 7f4efe850200 of size 256 next 507
2025-11-29 14:53:32.406546: I external/local_tsl/tsl/framework/bfc_allocator.cc:1095] InUse at 7f4efe850300 of size 256 next 560
2025-11-29 14:53:32.406550: I external/local_tsl/tsl/framework/bfc_allocator.cc:1095] InUse at 7f4efe850400 of size 256 next 168
2025-11-29 14:53:32.406554: I external/local_tsl/tsl/framework/bfc_allocator.cc:1095] InUse at 7f4efe850500 of size 256 next 207
2025-11-29 14:53:32.406558: I external/local_tsl/tsl/framework/bfc_allocator.cc:1095] InUse at 7f4efe850600 of size 256 next 185
2025-11-29 14:53:32.406562: I external/local_tsl/tsl/framework/bfc_allocator.cc:1095] InUse at 7f4efe850700 of size 512 next 163
2025-11-29 14:53:32.406566: I external/local_tsl/tsl/framework/bfc_allocator.cc:1095] InUse at 7f4efe850900 of size 2048 next 164
2025-11-29 14:53:32.406569: I external/local_tsl/tsl/framework/bfc_allocator.cc:1095] InUse at 7f4efe851100 of size 153600 next 165
2025-11-29 14:53:32.406573: I external/local_tsl/tsl/framework/bfc_allocator.cc:1095] InUse at 7f4efe876900 of size 153600 next 170
2025-11-29 14:53:32.406577: I external/local_tsl/tsl/framework/bfc_allocator.cc:1095] InUse at 7f4efe89c100 of size 512 next 186
2025-11-29 14:53:32.406581: I external/local_tsl/tsl/framework/bfc_allocator.cc:1095] InUse at 7f4efe89c300 of size 256 next 949
2025-11-29 14:53:32.406585: I external/local_tsl/tsl/framework/bfc_allocator.cc:1095] InUse at 7f4efe89c400 of size 256 next 388
2025-11-29 14:53:32.406589: I external/local_tsl/tsl/framework/bfc_allocator.cc:1095] InUse at 7f4efe89c500 of size 256 next 453
2025-11-29 14:53:32.406593: I external/local_tsl/tsl/framework/bfc_allocator.cc:1095] InUse at 7f4efe89c600 of size 256 next 188
2025-11-29 14:53:32.406597: I external/local_tsl/tsl/framework/bfc_allocator.cc:1095] InUse at 7f4efe89c700 of size 512 next 171
2025-11-29 14:53:32.406601: I external/local_tsl/tsl/framework/bfc_allocator.cc:1095] InUse at 7f4efe89c900 of size 2048 next 172
2025-11-29 14:53:32.406605: I external/local_tsl/tsl/framework/bfc_allocator.cc:1095] InUse at 7f4efe89d100 of size 2048 next 169
2025-11-29 14:53:32.406609: I external/local_tsl/tsl/framework/bfc_allocator.cc:1095] InUse at 7f4efe89d900 of size 256 next 370
2025-11-29 14:53:32.406613: I external/local_tsl/tsl/framework/bfc_allocator.cc:1095] InUse at 7f4efe89da00 of size 256 next 1309
2025-11-29 14:53:32.406617: I external/local_tsl/tsl/framework/bfc_allocator.cc:1095] InUse at 7f4efe89db00 of size 256 next 1155
2025-11-29 14:53:32.406621: I external/local_tsl/tsl/framework/bfc_allocator.cc:1095] InUse at 7f4efe89dc00 of size 256 next 1220
2025-11-29 14:53:32.406625: I external/local_tsl/tsl/framework/bfc_allocator.cc:1095] InUse at 7f4efe89dd00 of size 256 next 1035
2025-11-29 14:53:32.406629: I external/local_tsl/tsl/framework/bfc_allocator.cc:1095] InUse at 7f4efe89de00 of size 256 next 505
2025-11-29 14:53:32.406633: I external/local_tsl/tsl/framework/bfc_allocator.cc:1095] InUse at 7f4efe89df00 of size 256 next 1169
2025-11-29 14:53:32.406637: I external/local_tsl/tsl/framework/bfc_allocator.cc:1095] InUse at 7f4efe89e000 of size 256 next 1125
2025-11-29 14:53:32.406641: I external/local_tsl/tsl/framework/bfc_allocator.cc:1095] InUse at 7f4efe89e100 of size 256 next 1407
2025-11-29 14:53:32.406645: I external/local_tsl/tsl/framework/bfc_allocator.cc:1095] InUse at 7f4efe89e200 of size 256 next 469
2025-11-29 14:53:32.406649: I external/local_tsl/tsl/framework/bfc_allocator.cc:1095] InUse at 7f4efe89e300 of size 256 next 1098
2025-11-29 14:53:32.406653: I external/local_tsl/tsl/framework/bfc_allocator.cc:1095] InUse at 7f4efe89e400 of size 256 next 530
2025-11-29 14:53:32.406657: I external/local_tsl/tsl/framework/bfc_allocator.cc:1095] InUse at 7f4efe89e500 of size 256 next 387
2025-11-29 14:53:32.406661: I external/local_tsl/tsl/framework/bfc_allocator.cc:1095] InUse at 7f4efe89e600 of size 256 next 959
2025-11-29 14:53:32.406665: I external/local_tsl/tsl/framework/bfc_allocator.cc:1095] InUse at 7f4efe89e700 of size 256 next 523
2025-11-29 14:53:32.406669: I external/local_tsl/tsl/framework/bfc_allocator.cc:1095] InUse at 7f4efe89e800 of size 256 next 174
2025-11-29 14:53:32.406673: I external/local_tsl/tsl/framework/bfc_allocator.cc:1095] InUse at 7f4efe89e900 of size 17408 next 176
2025-11-29 14:53:32.406677: I external/local_tsl/tsl/framework/bfc_allocator.cc:1095] InUse at 7f4efe8a2d00 of size 2048 next 177
2025-11-29 14:53:32.406681: I external/local_tsl/tsl/framework/bfc_allocator.cc:1095] InUse at 7f4efe8a3500 of size 2048 next 178
2025-11-29 14:53:32.406685: I external/local_tsl/tsl/framework/bfc_allocator.cc:1095] InUse at 7f4efe8a3d00 of size 256 next 514
2025-11-29 14:53:32.406689: I external/local_tsl/tsl/framework/bfc_allocator.cc:1095] InUse at 7f4efe8a3e00 of size 256 next 193
2025-11-29 14:53:32.406693: I external/local_tsl/tsl/framework/bfc_allocator.cc:1095] InUse at 7f4efe8a3f00 of size 256 next 198
2025-11-29 14:53:32.406697: I external/local_tsl/tsl/framework/bfc_allocator.cc:1095] InUse at 7f4efe8a4000 of size 256 next 1074
2025-11-29 14:53:32.406701: I external/local_tsl/tsl/framework/bfc_allocator.cc:1095] InUse at 7f4efe8a4100 of size 256 next 1118
2025-11-29 14:53:32.406705: I external/local_tsl/tsl/framework/bfc_allocator.cc:1095] InUse at 7f4efe8a4200 of size 256 next 399
2025-11-29 14:53:32.406709: I external/local_tsl/tsl/framework/bfc_allocator.cc:1095] InUse at 7f4efe8a4300 of size 256 next 584
2025-11-29 14:53:32.406713: I external/local_tsl/tsl/framework/bfc_allocator.cc:1095] InUse at 7f4efe8a4400 of size 256 next 1386
2025-11-29 14:53:32.406717: I external/local_tsl/tsl/framework/bfc_allocator.cc:1095] InUse at 7f4efe8a4500 of size 256 next 527
2025-11-29 14:53:32.406721: I external/local_tsl/tsl/framework/bfc_allocator.cc:1095] InUse at 7f4efe8a4600 of size 256 next 1147
2025-11-29 14:53:32.406724: I external/local_tsl/tsl/framework/bfc_allocator.cc:1095] InUse at 7f4efe8a4700 of size 256 next 1334
2025-11-29 14:53:32.406728: I external/local_tsl/tsl/framework/bfc_allocator.cc:1095] InUse at 7f4efe8a4800 of size 256 next 1043
2025-11-29 14:53:32.406732: I external/local_tsl/tsl/framework/bfc_allocator.cc:1095] InUse at 7f4efe8a4900 of size 256 next 1136
2025-11-29 14:53:32.406736: I external/local_tsl/tsl/framework/bfc_allocator.cc:1095] InUse at 7f4efe8a4a00 of size 256 next 1385
2025-11-29 14:53:32.406740: I external/local_tsl/tsl/framework/bfc_allocator.cc:1095] InUse at 7f4efe8a4b00 of size 256 next 1310
2025-11-29 14:53:32.406744: I external/local_tsl/tsl/framework/bfc_allocator.cc:1095] InUse at 7f4efe8a4c00 of size 256 next 179
2025-11-29 14:53:32.406748: I external/local_tsl/tsl/framework/bfc_allocator.cc:1095] InUse at 7f4efe8a4d00 of size 38400 next 181
2025-11-29 14:53:32.406752: I external/local_tsl/tsl/framework/bfc_allocator.cc:1095] InUse at 7f4efe8ae300 of size 38400 next 183
2025-11-29 14:53:32.406756: I external/local_tsl/tsl/framework/bfc_allocator.cc:1095] InUse at 7f4efe8b7900 of size 2048 next 180
2025-11-29 14:53:32.406760: I external/local_tsl/tsl/framework/bfc_allocator.cc:1095] InUse at 7f4efe8b8100 of size 153600 next 184
2025-11-29 14:53:32.406764: I external/local_tsl/tsl/framework/bfc_allocator.cc:1095] InUse at 7f4efe8dd900 of size 153600 next 189
2025-11-29 14:53:32.406768: I external/local_tsl/tsl/framework/bfc_allocator.cc:1095] InUse at 7f4efe903100 of size 512 next 205
2025-11-29 14:53:32.406772: I external/local_tsl/tsl/framework/bfc_allocator.cc:1095] InUse at 7f4efe903300 of size 256 next 1119
2025-11-29 14:53:32.406776: I external/local_tsl/tsl/framework/bfc_allocator.cc:1095] InUse at 7f4efe903400 of size 256 next 451
2025-11-29 14:53:32.406780: I external/local_tsl/tsl/framework/bfc_allocator.cc:1095] InUse at 7f4efe903500 of size 256 next 996
2025-11-29 14:53:32.406784: I external/local_tsl/tsl/framework/bfc_allocator.cc:1095] InUse at 7f4efe903600 of size 256 next 204
2025-11-29 14:53:32.406788: I external/local_tsl/tsl/framework/bfc_allocator.cc:1095] InUse at 7f4efe903700 of size 256 next 221
2025-11-29 14:53:32.406792: I external/local_tsl/tsl/framework/bfc_allocator.cc:1095] InUse at 7f4efe903800 of size 256 next 190
2025-11-29 14:53:32.406796: I external/local_tsl/tsl/framework/bfc_allocator.cc:1095] InUse at 7f4efe903900 of size 2048 next 191
2025-11-29 14:53:32.406800: I external/local_tsl/tsl/framework/bfc_allocator.cc:1095] InUse at 7f4efe904100 of size 2048 next 192
2025-11-29 14:53:32.406804: I external/local_tsl/tsl/framework/bfc_allocator.cc:1095] InUse at 7f4efe904900 of size 256 next 553
2025-11-29 14:53:32.406808: I external/local_tsl/tsl/framework/bfc_allocator.cc:1095] InUse at 7f4efe904a00 of size 256 next 934
2025-11-29 14:53:32.406812: I external/local_tsl/tsl/framework/bfc_allocator.cc:1095] InUse at 7f4efe904b00 of size 256 next 950
2025-11-29 14:53:32.406816: I external/local_tsl/tsl/framework/bfc_allocator.cc:1095] InUse at 7f4efe904c00 of size 256 next 1103
2025-11-29 14:53:32.406820: I external/local_tsl/tsl/framework/bfc_allocator.cc:1095] InUse at 7f4efe904d00 of size 256 next 1189
2025-11-29 14:53:32.406824: I external/local_tsl/tsl/framework/bfc_allocator.cc:1095] InUse at 7f4efe904e00 of size 256 next 379
2025-11-29 14:53:32.406828: I external/local_tsl/tsl/framework/bfc_allocator.cc:1095] InUse at 7f4efe904f00 of size 256 next 532
2025-11-29 14:53:32.406832: I external/local_tsl/tsl/framework/bfc_allocator.cc:1095] InUse at 7f4efe905000 of size 256 next 557
2025-11-29 14:53:32.406836: I external/local_tsl/tsl/framework/bfc_allocator.cc:1095] InUse at 7f4efe905100 of size 256 next 547
2025-11-29 14:53:32.406840: I external/local_tsl/tsl/framework/bfc_allocator.cc:1095] InUse at 7f4efe905200 of size 256 next 1244
2025-11-29 14:53:32.406844: I external/local_tsl/tsl/framework/bfc_allocator.cc:1095] InUse at 7f4efe905300 of size 256 next 951
2025-11-29 14:53:32.406848: I external/local_tsl/tsl/framework/bfc_allocator.cc:1095] InUse at 7f4efe905400 of size 256 next 970
2025-11-29 14:53:32.406851: I external/local_tsl/tsl/framework/bfc_allocator.cc:1095] InUse at 7f4efe905500 of size 256 next 1048
2025-11-29 14:53:32.406855: I external/local_tsl/tsl/framework/bfc_allocator.cc:1095] InUse at 7f4efe905600 of size 256 next 1073
2025-11-29 14:53:32.406859: I external/local_tsl/tsl/framework/bfc_allocator.cc:1095] InUse at 7f4efe905700 of size 256 next 495
2025-11-29 14:53:32.406863: I external/local_tsl/tsl/framework/bfc_allocator.cc:1095] InUse at 7f4efe905800 of size 256 next 194
2025-11-29 14:53:32.406867: I external/local_tsl/tsl/framework/bfc_allocator.cc:1095] InUse at 7f4efe905900 of size 48128 next 195
2025-11-29 14:53:32.406871: I external/local_tsl/tsl/framework/bfc_allocator.cc:1095] InUse at 7f4efe911500 of size 2048 next 196
2025-11-29 14:53:32.406875: I external/local_tsl/tsl/framework/bfc_allocator.cc:1095] InUse at 7f4efe911d00 of size 2048 next 197
2025-11-29 14:53:32.406879: I external/local_tsl/tsl/framework/bfc_allocator.cc:1095] InUse at 7f4efe912500 of size 256 next 1075
2025-11-29 14:53:32.406883: I external/local_tsl/tsl/framework/bfc_allocator.cc:1095] InUse at 7f4efe912600 of size 256 next 1285
2025-11-29 14:53:32.406887: I external/local_tsl/tsl/framework/bfc_allocator.cc:1095] InUse at 7f4efe912700 of size 256 next 591
2025-11-29 14:53:32.406891: I external/local_tsl/tsl/framework/bfc_allocator.cc:1095] InUse at 7f4efe912800 of size 256 next 408
2025-11-29 14:53:32.406895: I external/local_tsl/tsl/framework/bfc_allocator.cc:1095] InUse at 7f4efe912900 of size 256 next 377
2025-11-29 14:53:32.406899: I external/local_tsl/tsl/framework/bfc_allocator.cc:1095] InUse at 7f4efe912a00 of size 256 next 1143
2025-11-29 14:53:32.406903: I external/local_tsl/tsl/framework/bfc_allocator.cc:1095] InUse at 7f4efe912b00 of size 256 next 1291
2025-11-29 14:53:32.406907: I external/local_tsl/tsl/framework/bfc_allocator.cc:1095] InUse at 7f4efe912c00 of size 256 next 973
2025-11-29 14:53:32.406911: I external/local_tsl/tsl/framework/bfc_allocator.cc:1095] InUse at 7f4efe912d00 of size 256 next 1311
2025-11-29 14:53:32.406915: I external/local_tsl/tsl/framework/bfc_allocator.cc:1095] InUse at 7f4efe912e00 of size 256 next 1414
2025-11-29 14:53:32.406919: I external/local_tsl/tsl/framework/bfc_allocator.cc:1095] InUse at 7f4efe912f00 of size 256 next 1115
2025-11-29 14:53:32.406922: I external/local_tsl/tsl/framework/bfc_allocator.cc:1095] InUse at 7f4efe913000 of size 256 next 496
2025-11-29 14:53:32.406926: I external/local_tsl/tsl/framework/bfc_allocator.cc:1095] InUse at 7f4efe913100 of size 256 next 953
2025-11-29 14:53:32.406930: I external/local_tsl/tsl/framework/bfc_allocator.cc:1095] InUse at 7f4efe913200 of size 256 next 1027
2025-11-29 14:53:32.406935: I external/local_tsl/tsl/framework/bfc_allocator.cc:1095] InUse at 7f4efe913300 of size 256 next 1121
2025-11-29 14:53:32.406939: I external/local_tsl/tsl/framework/bfc_allocator.cc:1095] InUse at 7f4efe913400 of size 256 next 199
2025-11-29 14:53:32.406943: I external/local_tsl/tsl/framework/bfc_allocator.cc:1095] InUse at 7f4efe913500 of size 38400 next 200
2025-11-29 14:53:32.406947: I external/local_tsl/tsl/framework/bfc_allocator.cc:1095] InUse at 7f4efe91cb00 of size 38400 next 202
2025-11-29 14:53:32.406950: I external/local_tsl/tsl/framework/bfc_allocator.cc:1095] InUse at 7f4efe926100 of size 2048 next 203
2025-11-29 14:53:32.406954: I external/local_tsl/tsl/framework/bfc_allocator.cc:1095] InUse at 7f4efe926900 of size 215040 next 201
2025-11-29 14:53:32.406959: I external/local_tsl/tsl/framework/bfc_allocator.cc:1095] InUse at 7f4efe95b100 of size 301056 next 209
2025-11-29 14:53:32.406963: I external/local_tsl/tsl/framework/bfc_allocator.cc:1095] InUse at 7f4efe9a4900 of size 256 next 241
2025-11-29 14:53:32.406967: I external/local_tsl/tsl/framework/bfc_allocator.cc:1095] InUse at 7f4efe9a4a00 of size 256 next 225
2025-11-29 14:53:32.406971: I external/local_tsl/tsl/framework/bfc_allocator.cc:1095] InUse at 7f4efe9a4b00 of size 512 next 226
2025-11-29 14:53:32.406975: I external/local_tsl/tsl/framework/bfc_allocator.cc:1095] InUse at 7f4efe9a4d00 of size 512 next 224
2025-11-29 14:53:32.406979: I external/local_tsl/tsl/framework/bfc_allocator.cc:1095] InUse at 7f4efe9a4f00 of size 256 next 1339
2025-11-29 14:53:32.406983: I external/local_tsl/tsl/framework/bfc_allocator.cc:1095] InUse at 7f4efe9a5000 of size 256 next 1204
2025-11-29 14:53:32.406986: I external/local_tsl/tsl/framework/bfc_allocator.cc:1095] InUse at 7f4efe9a5100 of size 256 next 1236
2025-11-29 14:53:32.406990: I external/local_tsl/tsl/framework/bfc_allocator.cc:1095] InUse at 7f4efe9a5200 of size 256 next 1024
2025-11-29 14:53:32.406994: I external/local_tsl/tsl/framework/bfc_allocator.cc:1095] InUse at 7f4efe9a5300 of size 256 next 210
2025-11-29 14:53:32.406998: I external/local_tsl/tsl/framework/bfc_allocator.cc:1095] InUse at 7f4efe9a5400 of size 2816 next 211
2025-11-29 14:53:32.407003: I external/local_tsl/tsl/framework/bfc_allocator.cc:1095] InUse at 7f4efe9a5f00 of size 2816 next 208
2025-11-29 14:53:32.407006: I external/local_tsl/tsl/framework/bfc_allocator.cc:1095] InUse at 7f4efe9a6a00 of size 256 next 1250
2025-11-29 14:53:32.407010: I external/local_tsl/tsl/framework/bfc_allocator.cc:1095] InUse at 7f4efe9a6b00 of size 256 next 418
2025-11-29 14:53:32.407014: I external/local_tsl/tsl/framework/bfc_allocator.cc:1095] InUse at 7f4efe9a6c00 of size 256 next 454
2025-11-29 14:53:32.407018: I external/local_tsl/tsl/framework/bfc_allocator.cc:1095] InUse at 7f4efe9a6d00 of size 256 next 1524
2025-11-29 14:53:32.407022: I external/local_tsl/tsl/framework/bfc_allocator.cc:1095] InUse at 7f4efe9a6e00 of size 256 next 1466
2025-11-29 14:53:32.407026: I external/local_tsl/tsl/framework/bfc_allocator.cc:1095] InUse at 7f4efe9a6f00 of size 256 next 1368
2025-11-29 14:53:32.407030: I external/local_tsl/tsl/framework/bfc_allocator.cc:1095] InUse at 7f4efe9a7000 of size 256 next 1401
2025-11-29 14:53:32.407034: I external/local_tsl/tsl/framework/bfc_allocator.cc:1095] InUse at 7f4efe9a7100 of size 256 next 1548
2025-11-29 14:53:32.407038: I external/local_tsl/tsl/framework/bfc_allocator.cc:1095] InUse at 7f4efe9a7200 of size 512 next 535
2025-11-29 14:53:32.407042: I external/local_tsl/tsl/framework/bfc_allocator.cc:1095] InUse at 7f4efe9a7400 of size 512 next 1564
2025-11-29 14:53:32.407046: I external/local_tsl/tsl/framework/bfc_allocator.cc:1095] InUse at 7f4efe9a7600 of size 768 next 1331
2025-11-29 14:53:32.407050: I external/local_tsl/tsl/framework/bfc_allocator.cc:1095] InUse at 7f4efe9a7900 of size 256 next 918
2025-11-29 14:53:32.407054: I external/local_tsl/tsl/framework/bfc_allocator.cc:1095] InUse at 7f4efe9a7a00 of size 256 next 1011
2025-11-29 14:53:32.407058: I external/local_tsl/tsl/framework/bfc_allocator.cc:1095] InUse at 7f4efe9a7b00 of size 256 next 1267
2025-11-29 14:53:32.407062: I external/local_tsl/tsl/framework/bfc_allocator.cc:1095] InUse at 7f4efe9a7c00 of size 256 next 1409
2025-11-29 14:53:32.407066: I external/local_tsl/tsl/framework/bfc_allocator.cc:1095] InUse at 7f4efe9a7d00 of size 256 next 1255
2025-11-29 14:53:32.407069: I external/local_tsl/tsl/framework/bfc_allocator.cc:1095] InUse at 7f4efe9a7e00 of size 256 next 518
2025-11-29 14:53:32.407073: I external/local_tsl/tsl/framework/bfc_allocator.cc:1095] InUse at 7f4efe9a7f00 of size 256 next 213
2025-11-29 14:53:32.407077: I external/local_tsl/tsl/framework/bfc_allocator.cc:1095] InUse at 7f4efe9a8000 of size 67328 next 215
2025-11-29 14:53:32.407082: I external/local_tsl/tsl/framework/bfc_allocator.cc:1095] InUse at 7f4efe9b8700 of size 2816 next 216
2025-11-29 14:53:32.407086: I external/local_tsl/tsl/framework/bfc_allocator.cc:1095] InUse at 7f4efe9b9200 of size 2816 next 217
2025-11-29 14:53:32.407089: I external/local_tsl/tsl/framework/bfc_allocator.cc:1095] InUse at 7f4efe9b9d00 of size 256 next 946
2025-11-29 14:53:32.407093: I external/local_tsl/tsl/framework/bfc_allocator.cc:1095] InUse at 7f4efe9b9e00 of size 256 next 1245
2025-11-29 14:53:32.407097: I external/local_tsl/tsl/framework/bfc_allocator.cc:1095] InUse at 7f4efe9b9f00 of size 256 next 1345
2025-11-29 14:53:32.407101: I external/local_tsl/tsl/framework/bfc_allocator.cc:1095] InUse at 7f4efe9ba000 of size 256 next 458
2025-11-29 14:53:32.407105: I external/local_tsl/tsl/framework/bfc_allocator.cc:1095] InUse at 7f4efe9ba100 of size 256 next 433
2025-11-29 14:53:32.407109: I external/local_tsl/tsl/framework/bfc_allocator.cc:1095] InUse at 7f4efe9ba200 of size 256 next 419
2025-11-29 14:53:32.407113: I external/local_tsl/tsl/framework/bfc_allocator.cc:1095] InUse at 7f4efe9ba300 of size 256 next 1356
2025-11-29 14:53:32.407117: I external/local_tsl/tsl/framework/bfc_allocator.cc:1095] InUse at 7f4efe9ba400 of size 256 next 1108
2025-11-29 14:53:32.407121: I external/local_tsl/tsl/framework/bfc_allocator.cc:1095] InUse at 7f4efe9ba500 of size 256 next 1365
2025-11-29 14:53:32.407125: I external/local_tsl/tsl/framework/bfc_allocator.cc:1095] InUse at 7f4efe9ba600 of size 256 next 511
2025-11-29 14:53:32.407129: I external/local_tsl/tsl/framework/bfc_allocator.cc:1095] InUse at 7f4efe9ba700 of size 256 next 1280
2025-11-29 14:53:32.407133: I external/local_tsl/tsl/framework/bfc_allocator.cc:1095] InUse at 7f4efe9ba800 of size 256 next 1336
2025-11-29 14:53:32.407137: I external/local_tsl/tsl/framework/bfc_allocator.cc:1095] InUse at 7f4efe9ba900 of size 256 next 1361
2025-11-29 14:53:32.407141: I external/local_tsl/tsl/framework/bfc_allocator.cc:1095] InUse at 7f4efe9baa00 of size 256 next 1151
2025-11-29 14:53:32.407145: I external/local_tsl/tsl/framework/bfc_allocator.cc:1095] InUse at 7f4efe9bab00 of size 256 next 1222
2025-11-29 14:53:32.407149: I external/local_tsl/tsl/framework/bfc_allocator.cc:1095] InUse at 7f4efe9bac00 of size 256 next 1018
2025-11-29 14:53:32.407153: I external/local_tsl/tsl/framework/bfc_allocator.cc:1095] InUse at 7f4efe9bad00 of size 256 next 214
2025-11-29 14:53:32.407157: I external/local_tsl/tsl/framework/bfc_allocator.cc:1095] InUse at 7f4efe9bae00 of size 256 next 1132
2025-11-29 14:53:32.407161: I external/local_tsl/tsl/framework/bfc_allocator.cc:1095] InUse at 7f4efe9baf00 of size 256 next 472
2025-11-29 14:53:32.407165: I external/local_tsl/tsl/framework/bfc_allocator.cc:1095] InUse at 7f4efe9bb000 of size 256 next 1203
2025-11-29 14:53:32.407169: I external/local_tsl/tsl/framework/bfc_allocator.cc:1095] InUse at 7f4efe9bb100 of size 256 next 971
2025-11-29 14:53:32.407173: I external/local_tsl/tsl/framework/bfc_allocator.cc:1095] InUse at 7f4efe9bb200 of size 256 next 218
2025-11-29 14:53:32.407177: I external/local_tsl/tsl/framework/bfc_allocator.cc:1095] InUse at 7f4efe9bb300 of size 75264 next 220
2025-11-29 14:53:32.407181: I external/local_tsl/tsl/framework/bfc_allocator.cc:1095] InUse at 7f4efe9cd900 of size 75264 next 219
2025-11-29 14:53:32.407185: I external/local_tsl/tsl/framework/bfc_allocator.cc:1095] InUse at 7f4efe9dff00 of size 2816 next 223
2025-11-29 14:53:32.407189: I external/local_tsl/tsl/framework/bfc_allocator.cc:1095] InUse at 7f4efe9e0a00 of size 301056 next 222
2025-11-29 14:53:32.407193: I external/local_tsl/tsl/framework/bfc_allocator.cc:1095] InUse at 7f4efea2a200 of size 301056 next 229
2025-11-29 14:53:32.407197: I external/local_tsl/tsl/framework/bfc_allocator.cc:1095] InUse at 7f4efea73a00 of size 256 next 267
2025-11-29 14:53:32.407201: I external/local_tsl/tsl/framework/bfc_allocator.cc:1095] InUse at 7f4efea73b00 of size 256 next 244
2025-11-29 14:53:32.407204: I external/local_tsl/tsl/framework/bfc_allocator.cc:1095] InUse at 7f4efea73c00 of size 512 next 245
2025-11-29 14:53:32.407208: I external/local_tsl/tsl/framework/bfc_allocator.cc:1095] InUse at 7f4efea73e00 of size 512 next 246
2025-11-29 14:53:32.407212: I external/local_tsl/tsl/framework/bfc_allocator.cc:1095] InUse at 7f4efea74000 of size 256 next 1264
2025-11-29 14:53:32.407216: I external/local_tsl/tsl/framework/bfc_allocator.cc:1095] InUse at 7f4efea74100 of size 256 next 1107
2025-11-29 14:53:32.407220: I external/local_tsl/tsl/framework/bfc_allocator.cc:1095] InUse at 7f4efea74200 of size 256 next 274
2025-11-29 14:53:32.407224: I external/local_tsl/tsl/framework/bfc_allocator.cc:1095] InUse at 7f4efea74300 of size 256 next 380
2025-11-29 14:53:32.407228: I external/local_tsl/tsl/framework/bfc_allocator.cc:1095] InUse at 7f4efea74400 of size 256 next 230
2025-11-29 14:53:32.407233: I external/local_tsl/tsl/framework/bfc_allocator.cc:1095] InUse at 7f4efea74500 of size 2816 next 231
2025-11-29 14:53:32.407236: I external/local_tsl/tsl/framework/bfc_allocator.cc:1095] InUse at 7f4efea75000 of size 2816 next 228
2025-11-29 14:53:32.407241: I external/local_tsl/tsl/framework/bfc_allocator.cc:1095] InUse at 7f4efea75b00 of size 1792 next 1166
2025-11-29 14:53:32.407245: I external/local_tsl/tsl/framework/bfc_allocator.cc:1095] InUse at 7f4efea76200 of size 256 next 1347
2025-11-29 14:53:32.407249: I external/local_tsl/tsl/framework/bfc_allocator.cc:1095] InUse at 7f4efea76300 of size 256 next 1425
2025-11-29 14:53:32.407253: I external/local_tsl/tsl/framework/bfc_allocator.cc:1095] InUse at 7f4efea76400 of size 256 next 498
2025-11-29 14:53:32.407256: I external/local_tsl/tsl/framework/bfc_allocator.cc:1095] InUse at 7f4efea76500 of size 256 next 1070
2025-11-29 14:53:32.407260: I external/local_tsl/tsl/framework/bfc_allocator.cc:1095] InUse at 7f4efea76600 of size 768 next 484
2025-11-29 14:53:32.407264: I external/local_tsl/tsl/framework/bfc_allocator.cc:1095] Free  at 7f4efea76900 of size 1280 next 1279
2025-11-29 14:53:32.407268: I external/local_tsl/tsl/framework/bfc_allocator.cc:1095] InUse at 7f4efea76e00 of size 256 next 1270
2025-11-29 14:53:32.407272: I external/local_tsl/tsl/framework/bfc_allocator.cc:1095] InUse at 7f4efea76f00 of size 256 next 1238
2025-11-29 14:53:32.407276: I external/local_tsl/tsl/framework/bfc_allocator.cc:1095] InUse at 7f4efea77000 of size 256 next 233
2025-11-29 14:53:32.407280: I external/local_tsl/tsl/framework/bfc_allocator.cc:1095] InUse at 7f4efea77100 of size 67328 next 235
2025-11-29 14:53:32.407284: I external/local_tsl/tsl/framework/bfc_allocator.cc:1095] InUse at 7f4efea87800 of size 2816 next 236
2025-11-29 14:53:32.407288: I external/local_tsl/tsl/framework/bfc_allocator.cc:1095] InUse at 7f4efea88300 of size 2816 next 237
2025-11-29 14:53:32.407292: I external/local_tsl/tsl/framework/bfc_allocator.cc:1095] InUse at 7f4efea88e00 of size 256 next 1122
2025-11-29 14:53:32.407296: I external/local_tsl/tsl/framework/bfc_allocator.cc:1095] InUse at 7f4efea88f00 of size 256 next 492
2025-11-29 14:53:32.407300: I external/local_tsl/tsl/framework/bfc_allocator.cc:1095] InUse at 7f4efea89000 of size 256 next 409
2025-11-29 14:53:32.407304: I external/local_tsl/tsl/framework/bfc_allocator.cc:1095] InUse at 7f4efea89100 of size 256 next 915
2025-11-29 14:53:32.407308: I external/local_tsl/tsl/framework/bfc_allocator.cc:1095] InUse at 7f4efea89200 of size 256 next 503
2025-11-29 14:53:32.407312: I external/local_tsl/tsl/framework/bfc_allocator.cc:1095] InUse at 7f4efea89300 of size 256 next 1398
2025-11-29 14:53:32.407316: I external/local_tsl/tsl/framework/bfc_allocator.cc:1095] InUse at 7f4efea89400 of size 256 next 961
2025-11-29 14:53:32.407319: I external/local_tsl/tsl/framework/bfc_allocator.cc:1095] InUse at 7f4efea89500 of size 256 next 963
2025-11-29 14:53:32.407323: I external/local_tsl/tsl/framework/bfc_allocator.cc:1095] InUse at 7f4efea89600 of size 256 next 1009
2025-11-29 14:53:32.407327: I external/local_tsl/tsl/framework/bfc_allocator.cc:1095] InUse at 7f4efea89700 of size 256 next 917
2025-11-29 14:53:32.407331: I external/local_tsl/tsl/framework/bfc_allocator.cc:1095] InUse at 7f4efea89800 of size 256 next 125
2025-11-29 14:53:32.407335: I external/local_tsl/tsl/framework/bfc_allocator.cc:1095] InUse at 7f4efea89900 of size 256 next 1289
2025-11-29 14:53:32.407339: I external/local_tsl/tsl/framework/bfc_allocator.cc:1095] InUse at 7f4efea89a00 of size 256 next 558
2025-11-29 14:53:32.407343: I external/local_tsl/tsl/framework/bfc_allocator.cc:1095] InUse at 7f4efea89b00 of size 256 next 512
2025-11-29 14:53:32.407347: I external/local_tsl/tsl/framework/bfc_allocator.cc:1095] InUse at 7f4efea89c00 of size 256 next 1463
2025-11-29 14:53:32.407351: I external/local_tsl/tsl/framework/bfc_allocator.cc:1095] InUse at 7f4efea89d00 of size 256 next 1505
2025-11-29 14:53:32.407355: I external/local_tsl/tsl/framework/bfc_allocator.cc:1095] InUse at 7f4efea89e00 of size 256 next 1554
2025-11-29 14:53:32.407359: I external/local_tsl/tsl/framework/bfc_allocator.cc:1095] InUse at 7f4efea89f00 of size 256 next 396
2025-11-29 14:53:32.407363: I external/local_tsl/tsl/framework/bfc_allocator.cc:1095] InUse at 7f4efea8a000 of size 768 next 1474
2025-11-29 14:53:32.407367: I external/local_tsl/tsl/framework/bfc_allocator.cc:1095] InUse at 7f4efea8a300 of size 256 next 238
2025-11-29 14:53:32.407371: I external/local_tsl/tsl/framework/bfc_allocator.cc:1095] InUse at 7f4efea8a400 of size 75264 next 240
2025-11-29 14:53:32.407375: I external/local_tsl/tsl/framework/bfc_allocator.cc:1095] InUse at 7f4efea9ca00 of size 75264 next 242
2025-11-29 14:53:32.407379: I external/local_tsl/tsl/framework/bfc_allocator.cc:1095] InUse at 7f4efeaaf000 of size 2816 next 239
2025-11-29 14:53:32.407383: I external/local_tsl/tsl/framework/bfc_allocator.cc:1095] InUse at 7f4efeaafb00 of size 301056 next 243
2025-11-29 14:53:32.407387: I external/local_tsl/tsl/framework/bfc_allocator.cc:1095] InUse at 7f4efeaf9300 of size 301056 next 248
2025-11-29 14:53:32.407391: I external/local_tsl/tsl/framework/bfc_allocator.cc:1095] InUse at 7f4efeb42b00 of size 256 next 282
2025-11-29 14:53:32.407395: I external/local_tsl/tsl/framework/bfc_allocator.cc:1095] InUse at 7f4efeb42c00 of size 256 next 283
2025-11-29 14:53:32.407399: I external/local_tsl/tsl/framework/bfc_allocator.cc:1095] InUse at 7f4efeb42d00 of size 256 next 264
2025-11-29 14:53:32.407403: I external/local_tsl/tsl/framework/bfc_allocator.cc:1095] InUse at 7f4efeb42e00 of size 768 next 265
2025-11-29 14:53:32.407407: I external/local_tsl/tsl/framework/bfc_allocator.cc:1095] InUse at 7f4efeb43100 of size 1280 next 249
2025-11-29 14:53:32.407410: I external/local_tsl/tsl/framework/bfc_allocator.cc:1095] InUse at 7f4efeb43600 of size 2816 next 250
2025-11-29 14:53:32.407414: I external/local_tsl/tsl/framework/bfc_allocator.cc:1095] InUse at 7f4efeb44100 of size 2816 next 251
2025-11-29 14:53:32.407418: I external/local_tsl/tsl/framework/bfc_allocator.cc:1095] InUse at 7f4efeb44c00 of size 256 next 516
2025-11-29 14:53:32.407422: I external/local_tsl/tsl/framework/bfc_allocator.cc:1095] InUse at 7f4efeb44d00 of size 256 next 567
2025-11-29 14:53:32.407426: I external/local_tsl/tsl/framework/bfc_allocator.cc:1095] InUse at 7f4efeb44e00 of size 256 next 1301
2025-11-29 14:53:32.407430: I external/local_tsl/tsl/framework/bfc_allocator.cc:1095] InUse at 7f4efeb44f00 of size 256 next 463
2025-11-29 14:53:32.407434: I external/local_tsl/tsl/framework/bfc_allocator.cc:1095] InUse at 7f4efeb45000 of size 256 next 394
2025-11-29 14:53:32.407438: I external/local_tsl/tsl/framework/bfc_allocator.cc:1095] Free  at 7f4efeb45100 of size 1280 next 912
2025-11-29 14:53:32.407442: I external/local_tsl/tsl/framework/bfc_allocator.cc:1095] InUse at 7f4efeb45600 of size 256 next 468
2025-11-29 14:53:32.407446: I external/local_tsl/tsl/framework/bfc_allocator.cc:1095] InUse at 7f4efeb45700 of size 256 next 383
2025-11-29 14:53:32.407450: I external/local_tsl/tsl/framework/bfc_allocator.cc:1095] InUse at 7f4efeb45800 of size 768 next 1367
2025-11-29 14:53:32.407454: I external/local_tsl/tsl/framework/bfc_allocator.cc:1095] InUse at 7f4efeb45b00 of size 768 next 1067
2025-11-29 14:53:32.407458: I external/local_tsl/tsl/framework/bfc_allocator.cc:1095] InUse at 7f4efeb45e00 of size 256 next 1225
2025-11-29 14:53:32.407462: I external/local_tsl/tsl/framework/bfc_allocator.cc:1095] InUse at 7f4efeb45f00 of size 256 next 1086
2025-11-29 14:53:32.407466: I external/local_tsl/tsl/framework/bfc_allocator.cc:1095] InUse at 7f4efeb46000 of size 256 next 416
2025-11-29 14:53:32.407470: I external/local_tsl/tsl/framework/bfc_allocator.cc:1095] InUse at 7f4efeb46100 of size 256 next 253
2025-11-29 14:53:32.407474: I external/local_tsl/tsl/framework/bfc_allocator.cc:1095] InUse at 7f4efeb46200 of size 67328 next 254
2025-11-29 14:53:32.407478: I external/local_tsl/tsl/framework/bfc_allocator.cc:1095] InUse at 7f4efeb56900 of size 2816 next 255
2025-11-29 14:53:32.407482: I external/local_tsl/tsl/framework/bfc_allocator.cc:1095] InUse at 7f4efeb57400 of size 2816 next 256
2025-11-29 14:53:32.407486: I external/local_tsl/tsl/framework/bfc_allocator.cc:1095] InUse at 7f4efeb57f00 of size 256 next 1003
2025-11-29 14:53:32.407490: I external/local_tsl/tsl/framework/bfc_allocator.cc:1095] InUse at 7f4efeb58000 of size 256 next 427
2025-11-29 14:53:32.407494: I external/local_tsl/tsl/framework/bfc_allocator.cc:1095] InUse at 7f4efeb58100 of size 256 next 1362
2025-11-29 14:53:32.407498: I external/local_tsl/tsl/framework/bfc_allocator.cc:1095] InUse at 7f4efeb58200 of size 256 next 913
2025-11-29 14:53:32.407501: I external/local_tsl/tsl/framework/bfc_allocator.cc:1095] InUse at 7f4efeb58300 of size 256 next 395
2025-11-29 14:53:32.407505: I external/local_tsl/tsl/framework/bfc_allocator.cc:1095] InUse at 7f4efeb58400 of size 256 next 1265
2025-11-29 14:53:32.407509: I external/local_tsl/tsl/framework/bfc_allocator.cc:1095] InUse at 7f4efeb58500 of size 256 next 365
2025-11-29 14:53:32.407513: I external/local_tsl/tsl/framework/bfc_allocator.cc:1095] InUse at 7f4efeb58600 of size 256 next 1342
2025-11-29 14:53:32.407517: I external/local_tsl/tsl/framework/bfc_allocator.cc:1095] InUse at 7f4efeb58700 of size 256 next 1303
2025-11-29 14:53:32.407521: I external/local_tsl/tsl/framework/bfc_allocator.cc:1095] InUse at 7f4efeb58800 of size 256 next 400
2025-11-29 14:53:32.407525: I external/local_tsl/tsl/framework/bfc_allocator.cc:1095] InUse at 7f4efeb58900 of size 256 next 1462
2025-11-29 14:53:32.407529: I external/local_tsl/tsl/framework/bfc_allocator.cc:1095] InUse at 7f4efeb58a00 of size 256 next 111
2025-11-29 14:53:32.407533: I external/local_tsl/tsl/framework/bfc_allocator.cc:1095] InUse at 7f4efeb58b00 of size 256 next 1450
2025-11-29 14:53:32.407537: I external/local_tsl/tsl/framework/bfc_allocator.cc:1095] InUse at 7f4efeb58c00 of size 256 next 1458
2025-11-29 14:53:32.407541: I external/local_tsl/tsl/framework/bfc_allocator.cc:1095] InUse at 7f4efeb58d00 of size 256 next 1299
2025-11-29 14:53:32.407545: I external/local_tsl/tsl/framework/bfc_allocator.cc:1095] InUse at 7f4efeb58e00 of size 768 next 1021
2025-11-29 14:53:32.407549: I external/local_tsl/tsl/framework/bfc_allocator.cc:1095] Free  at 7f4efeb59100 of size 1024 next 258
2025-11-29 14:53:32.407553: I external/local_tsl/tsl/framework/bfc_allocator.cc:1095] InUse at 7f4efeb59500 of size 75264 next 259
2025-11-29 14:53:32.407557: I external/local_tsl/tsl/framework/bfc_allocator.cc:1095] InUse at 7f4efeb6bb00 of size 75264 next 261
2025-11-29 14:53:32.407561: I external/local_tsl/tsl/framework/bfc_allocator.cc:1095] InUse at 7f4efeb7e100 of size 2816 next 262
2025-11-29 14:53:32.407565: I external/local_tsl/tsl/framework/bfc_allocator.cc:1095] InUse at 7f4efeb7ec00 of size 516096 next 260
2025-11-29 14:53:32.407571: I external/local_tsl/tsl/framework/bfc_allocator.cc:1095] InUse at 7f4efebfcc00 of size 256 next 334
2025-11-29 14:53:32.407575: I external/local_tsl/tsl/framework/bfc_allocator.cc:1095] InUse at 7f4efebfcd00 of size 256 next 1056
2025-11-29 14:53:32.407579: I external/local_tsl/tsl/framework/bfc_allocator.cc:1095] InUse at 7f4efebfce00 of size 256 next 1416
2025-11-29 14:53:32.407583: I external/local_tsl/tsl/framework/bfc_allocator.cc:1095] InUse at 7f4efebfcf00 of size 256 next 969
2025-11-29 14:53:32.407587: I external/local_tsl/tsl/framework/bfc_allocator.cc:1095] InUse at 7f4efebfd000 of size 256 next 1092
2025-11-29 14:53:32.407591: I external/local_tsl/tsl/framework/bfc_allocator.cc:1095] InUse at 7f4efebfd100 of size 256 next 266
2025-11-29 14:53:32.407596: I external/local_tsl/tsl/framework/bfc_allocator.cc:1095] InUse at 7f4efebfd200 of size 884736 next 269
2025-11-29 14:53:32.407600: I external/local_tsl/tsl/framework/bfc_allocator.cc:1095] InUse at 7f4efecd5200 of size 256 next 321
2025-11-29 14:53:32.407604: I external/local_tsl/tsl/framework/bfc_allocator.cc:1095] InUse at 7f4efecd5300 of size 256 next 341
2025-11-29 14:53:32.407608: I external/local_tsl/tsl/framework/bfc_allocator.cc:1095] InUse at 7f4efecd5400 of size 256 next 285
2025-11-29 14:53:32.407612: I external/local_tsl/tsl/framework/bfc_allocator.cc:1095] InUse at 7f4efecd5500 of size 768 next 286
2025-11-29 14:53:32.407616: I external/local_tsl/tsl/framework/bfc_allocator.cc:1095] InUse at 7f4efecd5800 of size 768 next 287
2025-11-29 14:53:32.407620: I external/local_tsl/tsl/framework/bfc_allocator.cc:1095] InUse at 7f4efecd5b00 of size 256 next 1088
2025-11-29 14:53:32.407624: I external/local_tsl/tsl/framework/bfc_allocator.cc:1095] InUse at 7f4efecd5c00 of size 256 next 417
2025-11-29 14:53:32.407629: I external/local_tsl/tsl/framework/bfc_allocator.cc:1095] InUse at 7f4efecd5d00 of size 256 next 906
2025-11-29 14:53:32.407633: I external/local_tsl/tsl/framework/bfc_allocator.cc:1095] InUse at 7f4efecd5e00 of size 256 next 493
2025-11-29 14:53:32.407637: I external/local_tsl/tsl/framework/bfc_allocator.cc:1095] InUse at 7f4efecd5f00 of size 256 next 936
2025-11-29 14:53:32.407641: I external/local_tsl/tsl/framework/bfc_allocator.cc:1095] InUse at 7f4efecd6000 of size 256 next 289
2025-11-29 14:53:32.407645: I external/local_tsl/tsl/framework/bfc_allocator.cc:1095] InUse at 7f4efecd6100 of size 768 next 270
2025-11-29 14:53:32.407649: I external/local_tsl/tsl/framework/bfc_allocator.cc:1095] InUse at 7f4efecd6400 of size 4608 next 271
2025-11-29 14:53:32.407653: I external/local_tsl/tsl/framework/bfc_allocator.cc:1095] InUse at 7f4efecd7600 of size 4608 next 268
2025-11-29 14:53:32.407657: I external/local_tsl/tsl/framework/bfc_allocator.cc:1095] InUse at 7f4efecd8800 of size 256 next 1013
2025-11-29 14:53:32.407661: I external/local_tsl/tsl/framework/bfc_allocator.cc:1095] InUse at 7f4efecd8900 of size 256 next 1343
2025-11-29 14:53:32.407665: I external/local_tsl/tsl/framework/bfc_allocator.cc:1095] InUse at 7f4efecd8a00 of size 256 next 1432
2025-11-29 14:53:32.407669: I external/local_tsl/tsl/framework/bfc_allocator.cc:1095] InUse at 7f4efecd8b00 of size 256 next 1096
2025-11-29 14:53:32.407673: I external/local_tsl/tsl/framework/bfc_allocator.cc:1095] InUse at 7f4efecd8c00 of size 256 next 543
2025-11-29 14:53:32.407677: I external/local_tsl/tsl/framework/bfc_allocator.cc:1095] InUse at 7f4efecd8d00 of size 256 next 504
2025-11-29 14:53:32.407681: I external/local_tsl/tsl/framework/bfc_allocator.cc:1095] InUse at 7f4efecd8e00 of size 256 next 1428
2025-11-29 14:53:32.407685: I external/local_tsl/tsl/framework/bfc_allocator.cc:1095] InUse at 7f4efecd8f00 of size 256 next 1441
2025-11-29 14:53:32.407689: I external/local_tsl/tsl/framework/bfc_allocator.cc:1095] InUse at 7f4efecd9000 of size 256 next 446
2025-11-29 14:53:32.407693: I external/local_tsl/tsl/framework/bfc_allocator.cc:1095] InUse at 7f4efecd9100 of size 1280 next 1435
2025-11-29 14:53:32.407697: I external/local_tsl/tsl/framework/bfc_allocator.cc:1095] InUse at 7f4efecd9600 of size 256 next 1437
2025-11-29 14:53:32.407701: I external/local_tsl/tsl/framework/bfc_allocator.cc:1095] InUse at 7f4efecd9700 of size 1024 next 1138
2025-11-29 14:53:32.407705: I external/local_tsl/tsl/framework/bfc_allocator.cc:1095] InUse at 7f4efecd9b00 of size 256 next 151
2025-11-29 14:53:32.407709: I external/local_tsl/tsl/framework/bfc_allocator.cc:1095] InUse at 7f4efecd9c00 of size 512 next 1046
2025-11-29 14:53:32.407713: I external/local_tsl/tsl/framework/bfc_allocator.cc:1095] InUse at 7f4efecd9e00 of size 256 next 1054
2025-11-29 14:53:32.407716: I external/local_tsl/tsl/framework/bfc_allocator.cc:1095] InUse at 7f4efecd9f00 of size 256 next 542
2025-11-29 14:53:32.407721: I external/local_tsl/tsl/framework/bfc_allocator.cc:1095] InUse at 7f4efecda000 of size 256 next 1146
2025-11-29 14:53:32.407725: I external/local_tsl/tsl/framework/bfc_allocator.cc:1095] InUse at 7f4efecda100 of size 256 next 1296
2025-11-29 14:53:32.407729: I external/local_tsl/tsl/framework/bfc_allocator.cc:1095] InUse at 7f4efecda200 of size 256 next 460
2025-11-29 14:53:32.407732: I external/local_tsl/tsl/framework/bfc_allocator.cc:1095] InUse at 7f4efecda300 of size 256 next 414
2025-11-29 14:53:32.407736: I external/local_tsl/tsl/framework/bfc_allocator.cc:1095] InUse at 7f4efecda400 of size 256 next 582
2025-11-29 14:53:32.407740: I external/local_tsl/tsl/framework/bfc_allocator.cc:1095] InUse at 7f4efecda500 of size 256 next 570
2025-11-29 14:53:32.407744: I external/local_tsl/tsl/framework/bfc_allocator.cc:1095] InUse at 7f4efecda600 of size 256 next 1089
2025-11-29 14:53:32.407748: I external/local_tsl/tsl/framework/bfc_allocator.cc:1095] InUse at 7f4efecda700 of size 256 next 506
2025-11-29 14:53:32.407752: I external/local_tsl/tsl/framework/bfc_allocator.cc:1095] InUse at 7f4efecda800 of size 256 next 1213
2025-11-29 14:53:32.407756: I external/local_tsl/tsl/framework/bfc_allocator.cc:1095] InUse at 7f4efecda900 of size 256 next 1460
2025-11-29 14:53:32.407760: I external/local_tsl/tsl/framework/bfc_allocator.cc:1095] InUse at 7f4efecdaa00 of size 256 next 1148
2025-11-29 14:53:32.407764: I external/local_tsl/tsl/framework/bfc_allocator.cc:1095] InUse at 7f4efecdab00 of size 256 next 273
2025-11-29 14:53:32.407768: I external/local_tsl/tsl/framework/bfc_allocator.cc:1095] InUse at 7f4efecdac00 of size 115200 next 275
2025-11-29 14:53:32.407772: I external/local_tsl/tsl/framework/bfc_allocator.cc:1095] InUse at 7f4efecf6e00 of size 4608 next 276
2025-11-29 14:53:32.407776: I external/local_tsl/tsl/framework/bfc_allocator.cc:1095] InUse at 7f4efecf8000 of size 4608 next 277
2025-11-29 14:53:32.407780: I external/local_tsl/tsl/framework/bfc_allocator.cc:1095] InUse at 7f4efecf9200 of size 256 next 979
2025-11-29 14:53:32.407784: I external/local_tsl/tsl/framework/bfc_allocator.cc:1095] InUse at 7f4efecf9300 of size 3840 next 1015
2025-11-29 14:53:32.407789: I external/local_tsl/tsl/framework/bfc_allocator.cc:1095] InUse at 7f4efecfa200 of size 256 next 1373
2025-11-29 14:53:32.407793: I external/local_tsl/tsl/framework/bfc_allocator.cc:1095] InUse at 7f4efecfa300 of size 256 next 175
2025-11-29 14:53:32.407797: I external/local_tsl/tsl/framework/bfc_allocator.cc:1095] InUse at 7f4efecfa400 of size 256 next 537
2025-11-29 14:53:32.407801: I external/local_tsl/tsl/framework/bfc_allocator.cc:1095] InUse at 7f4efecfa500 of size 256 next 1185
2025-11-29 14:53:32.407805: I external/local_tsl/tsl/framework/bfc_allocator.cc:1095] InUse at 7f4efecfa600 of size 256 next 1259
2025-11-29 14:53:32.407808: I external/local_tsl/tsl/framework/bfc_allocator.cc:1095] InUse at 7f4efecfa700 of size 1024 next 1502
2025-11-29 14:53:32.407812: I external/local_tsl/tsl/framework/bfc_allocator.cc:1095] Free  at 7f4efecfab00 of size 1536 next 482
2025-11-29 14:53:32.407816: I external/local_tsl/tsl/framework/bfc_allocator.cc:1095] InUse at 7f4efecfb100 of size 256 next 920
2025-11-29 14:53:32.407820: I external/local_tsl/tsl/framework/bfc_allocator.cc:1095] InUse at 7f4efecfb200 of size 256 next 1005
2025-11-29 14:53:32.407824: I external/local_tsl/tsl/framework/bfc_allocator.cc:1095] InUse at 7f4efecfb300 of size 512 next 1360
2025-11-29 14:53:32.407828: I external/local_tsl/tsl/framework/bfc_allocator.cc:1095] Free  at 7f4efecfb500 of size 256 next 278
2025-11-29 14:53:32.407832: I external/local_tsl/tsl/framework/bfc_allocator.cc:1095] InUse at 7f4efecfb600 of size 221184 next 281
2025-11-29 14:53:32.407836: I external/local_tsl/tsl/framework/bfc_allocator.cc:1095] InUse at 7f4efed31600 of size 221184 next 279
2025-11-29 14:53:32.407840: I external/local_tsl/tsl/framework/bfc_allocator.cc:1095] InUse at 7f4efed67600 of size 4608 next 280
2025-11-29 14:53:32.407844: I external/local_tsl/tsl/framework/bfc_allocator.cc:1095] InUse at 7f4efed68800 of size 884736 next 284
2025-11-29 14:53:32.407848: I external/local_tsl/tsl/framework/bfc_allocator.cc:1095] InUse at 7f4efee40800 of size 884736 next 290
2025-11-29 14:53:32.407852: I external/local_tsl/tsl/framework/bfc_allocator.cc:1095] InUse at 7f4efef18800 of size 768 next 306
2025-11-29 14:53:32.407856: I external/local_tsl/tsl/framework/bfc_allocator.cc:1095] InUse at 7f4efef18b00 of size 256 next 1321
2025-11-29 14:53:32.407860: I external/local_tsl/tsl/framework/bfc_allocator.cc:1095] InUse at 7f4efef18c00 of size 256 next 1333
2025-11-29 14:53:32.407864: I external/local_tsl/tsl/framework/bfc_allocator.cc:1095] InUse at 7f4efef18d00 of size 256 next 1292
2025-11-29 14:53:32.407868: I external/local_tsl/tsl/framework/bfc_allocator.cc:1095] InUse at 7f4efef18e00 of size 256 next 407
2025-11-29 14:53:32.407872: I external/local_tsl/tsl/framework/bfc_allocator.cc:1095] InUse at 7f4efef18f00 of size 256 next 1498
2025-11-29 14:53:32.407876: I external/local_tsl/tsl/framework/bfc_allocator.cc:1095] InUse at 7f4efef19000 of size 256 next 305
2025-11-29 14:53:32.407880: I external/local_tsl/tsl/framework/bfc_allocator.cc:1095] InUse at 7f4efef19100 of size 256 next 353
2025-11-29 14:53:32.407884: I external/local_tsl/tsl/framework/bfc_allocator.cc:1095] InUse at 7f4efef19200 of size 256 next 354
2025-11-29 14:53:32.407888: I external/local_tsl/tsl/framework/bfc_allocator.cc:1095] InUse at 7f4efef19300 of size 256 next 325
2025-11-29 14:53:32.407892: I external/local_tsl/tsl/framework/bfc_allocator.cc:1095] InUse at 7f4efef19400 of size 768 next 326
2025-11-29 14:53:32.407896: I external/local_tsl/tsl/framework/bfc_allocator.cc:1095] InUse at 7f4efef19700 of size 768 next 291
2025-11-29 14:53:32.407900: I external/local_tsl/tsl/framework/bfc_allocator.cc:1095] InUse at 7f4efef19a00 of size 4608 next 292
2025-11-29 14:53:32.407904: I external/local_tsl/tsl/framework/bfc_allocator.cc:1095] InUse at 7f4efef1ac00 of size 4608 next 293
2025-11-29 14:53:32.407908: I external/local_tsl/tsl/framework/bfc_allocator.cc:1095] InUse at 7f4efef1be00 of size 256 next 1026
2025-11-29 14:53:32.407912: I external/local_tsl/tsl/framework/bfc_allocator.cc:1095] InUse at 7f4efef1bf00 of size 256 next 1240
2025-11-29 14:53:32.407916: I external/local_tsl/tsl/framework/bfc_allocator.cc:1095] InUse at 7f4efef1c000 of size 256 next 1030
2025-11-29 14:53:32.407919: I external/local_tsl/tsl/framework/bfc_allocator.cc:1095] InUse at 7f4efef1c100 of size 256 next 63
2025-11-29 14:53:32.407923: I external/local_tsl/tsl/framework/bfc_allocator.cc:1095] InUse at 7f4efef1c200 of size 256 next 1187
2025-11-29 14:53:32.407927: I external/local_tsl/tsl/framework/bfc_allocator.cc:1095] InUse at 7f4efef1c300 of size 256 next 1128
2025-11-29 14:53:32.407931: I external/local_tsl/tsl/framework/bfc_allocator.cc:1095] InUse at 7f4efef1c400 of size 256 next 1053
2025-11-29 14:53:32.407935: I external/local_tsl/tsl/framework/bfc_allocator.cc:1095] InUse at 7f4efef1c500 of size 256 next 1423
2025-11-29 14:53:32.407939: I external/local_tsl/tsl/framework/bfc_allocator.cc:1095] InUse at 7f4efef1c600 of size 256 next 1012
2025-11-29 14:53:32.407943: I external/local_tsl/tsl/framework/bfc_allocator.cc:1095] InUse at 7f4efef1c700 of size 256 next 921
2025-11-29 14:53:32.407947: I external/local_tsl/tsl/framework/bfc_allocator.cc:1095] InUse at 7f4efef1c800 of size 256 next 1415
2025-11-29 14:53:32.407951: I external/local_tsl/tsl/framework/bfc_allocator.cc:1095] InUse at 7f4efef1c900 of size 768 next 944
2025-11-29 14:53:32.407955: I external/local_tsl/tsl/framework/bfc_allocator.cc:1095] InUse at 7f4efef1cc00 of size 3840 next 1482
2025-11-29 14:53:32.407959: I external/local_tsl/tsl/framework/bfc_allocator.cc:1095] InUse at 7f4efef1db00 of size 1280 next 1457
2025-11-29 14:53:32.407963: I external/local_tsl/tsl/framework/bfc_allocator.cc:1095] InUse at 7f4efef1e000 of size 256 next 1094
2025-11-29 14:53:32.407967: I external/local_tsl/tsl/framework/bfc_allocator.cc:1095] InUse at 7f4efef1e100 of size 256 next 295
2025-11-29 14:53:32.407971: I external/local_tsl/tsl/framework/bfc_allocator.cc:1095] InUse at 7f4efef1e200 of size 115200 next 296
2025-11-29 14:53:32.407975: I external/local_tsl/tsl/framework/bfc_allocator.cc:1095] InUse at 7f4efef3a400 of size 4608 next 297
2025-11-29 14:53:32.407979: I external/local_tsl/tsl/framework/bfc_allocator.cc:1095] InUse at 7f4efef3b600 of size 4608 next 298
2025-11-29 14:53:32.407983: I external/local_tsl/tsl/framework/bfc_allocator.cc:1095] Free  at 7f4efef3c800 of size 256 next 1219
2025-11-29 14:53:32.407987: I external/local_tsl/tsl/framework/bfc_allocator.cc:1095] InUse at 7f4efef3c900 of size 256 next 1388
2025-11-29 14:53:32.407991: I external/local_tsl/tsl/framework/bfc_allocator.cc:1095] InUse at 7f4efef3ca00 of size 256 next 435
2025-11-29 14:53:32.407995: I external/local_tsl/tsl/framework/bfc_allocator.cc:1095] InUse at 7f4efef3cb00 of size 256 next 1314
2025-11-29 14:53:32.407999: I external/local_tsl/tsl/framework/bfc_allocator.cc:1095] InUse at 7f4efef3cc00 of size 256 next 1235
2025-11-29 14:53:32.408003: I external/local_tsl/tsl/framework/bfc_allocator.cc:1095] InUse at 7f4efef3cd00 of size 256 next 1408
2025-11-29 14:53:32.408007: I external/local_tsl/tsl/framework/bfc_allocator.cc:1095] InUse at 7f4efef3ce00 of size 256 next 34
2025-11-29 14:53:32.408011: I external/local_tsl/tsl/framework/bfc_allocator.cc:1095] InUse at 7f4efef3cf00 of size 256 next 539
2025-11-29 14:53:32.408015: I external/local_tsl/tsl/framework/bfc_allocator.cc:1095] InUse at 7f4efef3d000 of size 256 next 404
2025-11-29 14:53:32.408019: I external/local_tsl/tsl/framework/bfc_allocator.cc:1095] InUse at 7f4efef3d100 of size 256 next 487
2025-11-29 14:53:32.408023: I external/local_tsl/tsl/framework/bfc_allocator.cc:1095] InUse at 7f4efef3d200 of size 1024 next 1195
2025-11-29 14:53:32.408027: I external/local_tsl/tsl/framework/bfc_allocator.cc:1095] InUse at 7f4efef3d600 of size 768 next 1268
2025-11-29 14:53:32.408031: I external/local_tsl/tsl/framework/bfc_allocator.cc:1095] InUse at 7f4efef3d900 of size 512 next 445
2025-11-29 14:53:32.408035: I external/local_tsl/tsl/framework/bfc_allocator.cc:1095] InUse at 7f4efef3db00 of size 512 next 986
2025-11-29 14:53:32.408038: I external/local_tsl/tsl/framework/bfc_allocator.cc:1095] InUse at 7f4efef3dd00 of size 1536 next 965
2025-11-29 14:53:32.408042: I external/local_tsl/tsl/framework/bfc_allocator.cc:1095] InUse at 7f4efef3e300 of size 256 next 548
2025-11-29 14:53:32.408046: I external/local_tsl/tsl/framework/bfc_allocator.cc:1095] InUse at 7f4efef3e400 of size 512 next 187
2025-11-29 14:53:32.408050: I external/local_tsl/tsl/framework/bfc_allocator.cc:1095] Free  at 7f4efef3e600 of size 512 next 1540
2025-11-29 14:53:32.408054: I external/local_tsl/tsl/framework/bfc_allocator.cc:1095] InUse at 7f4efef3e800 of size 1024 next 300
2025-11-29 14:53:32.408058: I external/local_tsl/tsl/framework/bfc_allocator.cc:1095] InUse at 7f4efef3ec00 of size 221184 next 301
2025-11-29 14:53:32.408062: I external/local_tsl/tsl/framework/bfc_allocator.cc:1095] InUse at 7f4efef74c00 of size 221184 next 303
2025-11-29 14:53:32.408066: I external/local_tsl/tsl/framework/bfc_allocator.cc:1095] InUse at 7f4efefaac00 of size 4608 next 304
2025-11-29 14:53:32.408070: I external/local_tsl/tsl/framework/bfc_allocator.cc:1095] InUse at 7f4efefabe00 of size 884736 next 302
2025-11-29 14:53:32.408074: I external/local_tsl/tsl/framework/bfc_allocator.cc:1095] InUse at 7f4eff083e00 of size 884736 next 309
2025-11-29 14:53:32.408078: I external/local_tsl/tsl/framework/bfc_allocator.cc:1095] InUse at 7f4eff15be00 of size 256 next 1329
2025-11-29 14:53:32.408082: I external/local_tsl/tsl/framework/bfc_allocator.cc:1095] InUse at 7f4eff15bf00 of size 256 next 1260
2025-11-29 14:53:32.408086: I external/local_tsl/tsl/framework/bfc_allocator.cc:1095] InUse at 7f4eff15c000 of size 256 next 1322
2025-11-29 14:53:32.408090: I external/local_tsl/tsl/framework/bfc_allocator.cc:1095] InUse at 7f4eff15c100 of size 256 next 1529
2025-11-29 14:53:32.408094: I external/local_tsl/tsl/framework/bfc_allocator.cc:1095] InUse at 7f4eff15c200 of size 256 next 943
2025-11-29 14:53:32.408098: I external/local_tsl/tsl/framework/bfc_allocator.cc:1095] InUse at 7f4eff15c300 of size 256 next 327
2025-11-29 14:53:32.408102: I external/local_tsl/tsl/framework/bfc_allocator.cc:1095] InUse at 7f4eff15c400 of size 256 next 355
2025-11-29 14:53:32.408106: I external/local_tsl/tsl/framework/bfc_allocator.cc:1095] InUse at 7f4eff15c500 of size 256 next 356
2025-11-29 14:53:32.408110: I external/local_tsl/tsl/framework/bfc_allocator.cc:1095] InUse at 7f4eff15c600 of size 256 next 357
2025-11-29 14:53:32.408114: I external/local_tsl/tsl/framework/bfc_allocator.cc:1095] InUse at 7f4eff15c700 of size 256 next 358
2025-11-29 14:53:32.408118: I external/local_tsl/tsl/framework/bfc_allocator.cc:1095] InUse at 7f4eff15c800 of size 256 next 345
2025-11-29 14:53:32.408122: I external/local_tsl/tsl/framework/bfc_allocator.cc:1095] InUse at 7f4eff15c900 of size 1792 next 310
2025-11-29 14:53:32.408126: I external/local_tsl/tsl/framework/bfc_allocator.cc:1095] InUse at 7f4eff15d000 of size 4608 next 311
2025-11-29 14:53:32.408130: I external/local_tsl/tsl/framework/bfc_allocator.cc:1095] InUse at 7f4eff15e200 of size 4608 next 308
2025-11-29 14:53:32.408134: I external/local_tsl/tsl/framework/bfc_allocator.cc:1095] InUse at 7f4eff15f400 of size 1024 next 1069
2025-11-29 14:53:32.408137: I external/local_tsl/tsl/framework/bfc_allocator.cc:1095] Free  at 7f4eff15f800 of size 512 next 1508
2025-11-29 14:53:32.408141: I external/local_tsl/tsl/framework/bfc_allocator.cc:1095] InUse at 7f4eff15fa00 of size 768 next 294
2025-11-29 14:53:32.408145: I external/local_tsl/tsl/framework/bfc_allocator.cc:1095] InUse at 7f4eff15fd00 of size 512 next 1341
2025-11-29 14:53:32.408149: I external/local_tsl/tsl/framework/bfc_allocator.cc:1095] InUse at 7f4eff15ff00 of size 2816 next 1249
2025-11-29 14:53:32.408153: I external/local_tsl/tsl/framework/bfc_allocator.cc:1095] InUse at 7f4eff160a00 of size 256 next 1084
2025-11-29 14:53:32.408157: I external/local_tsl/tsl/framework/bfc_allocator.cc:1095] Free  at 7f4eff160b00 of size 768 next 1180
2025-11-29 14:53:32.408161: I external/local_tsl/tsl/framework/bfc_allocator.cc:1095] InUse at 7f4eff160e00 of size 256 next 1413
2025-11-29 14:53:32.408165: I external/local_tsl/tsl/framework/bfc_allocator.cc:1095] InUse at 7f4eff160f00 of size 256 next 1283
2025-11-29 14:53:32.408169: I external/local_tsl/tsl/framework/bfc_allocator.cc:1095] Free  at 7f4eff161000 of size 256 next 1008
2025-11-29 14:53:32.408173: I external/local_tsl/tsl/framework/bfc_allocator.cc:1095] InUse at 7f4eff161100 of size 256 next 990
2025-11-29 14:53:32.408177: I external/local_tsl/tsl/framework/bfc_allocator.cc:1095] Free  at 7f4eff161200 of size 256 next 1440
2025-11-29 14:53:32.408181: I external/local_tsl/tsl/framework/bfc_allocator.cc:1095] InUse at 7f4eff161300 of size 1280 next 313
2025-11-29 14:53:32.408185: I external/local_tsl/tsl/framework/bfc_allocator.cc:1095] InUse at 7f4eff161800 of size 115200 next 315
2025-11-29 14:53:32.408189: I external/local_tsl/tsl/framework/bfc_allocator.cc:1095] InUse at 7f4eff17da00 of size 4608 next 316
2025-11-29 14:53:32.408193: I external/local_tsl/tsl/framework/bfc_allocator.cc:1095] InUse at 7f4eff17ec00 of size 4608 next 317
2025-11-29 14:53:32.408197: I external/local_tsl/tsl/framework/bfc_allocator.cc:1095] InUse at 7f4eff17fe00 of size 256 next 449
2025-11-29 14:53:32.408201: I external/local_tsl/tsl/framework/bfc_allocator.cc:1095] InUse at 7f4eff17ff00 of size 256 next 1037
2025-11-29 14:53:32.408205: I external/local_tsl/tsl/framework/bfc_allocator.cc:1095] Free  at 7f4eff180000 of size 512 next 206
2025-11-29 14:53:32.408209: I external/local_tsl/tsl/framework/bfc_allocator.cc:1095] InUse at 7f4eff180200 of size 512 next 555
2025-11-29 14:53:32.408213: I external/local_tsl/tsl/framework/bfc_allocator.cc:1095] InUse at 7f4eff180400 of size 768 next 481
2025-11-29 14:53:32.408217: I external/local_tsl/tsl/framework/bfc_allocator.cc:1095] InUse at 7f4eff180700 of size 1280 next 1224
2025-11-29 14:53:32.408221: I external/local_tsl/tsl/framework/bfc_allocator.cc:1095] InUse at 7f4eff180c00 of size 2816 next 1378
2025-11-29 14:53:32.408224: I external/local_tsl/tsl/framework/bfc_allocator.cc:1095] InUse at 7f4eff181700 of size 256 next 434
2025-11-29 14:53:32.408228: I external/local_tsl/tsl/framework/bfc_allocator.cc:1095] InUse at 7f4eff181800 of size 256 next 1042
2025-11-29 14:53:32.408232: I external/local_tsl/tsl/framework/bfc_allocator.cc:1095] InUse at 7f4eff181900 of size 256 next 401
2025-11-29 14:53:32.408236: I external/local_tsl/tsl/framework/bfc_allocator.cc:1095] InUse at 7f4eff181a00 of size 256 next 960
2025-11-29 14:53:32.408240: I external/local_tsl/tsl/framework/bfc_allocator.cc:1095] InUse at 7f4eff181b00 of size 256 next 1391
2025-11-29 14:53:32.408244: I external/local_tsl/tsl/framework/bfc_allocator.cc:1095] InUse at 7f4eff181c00 of size 256 next 1424
2025-11-29 14:53:32.408248: I external/local_tsl/tsl/framework/bfc_allocator.cc:1095] InUse at 7f4eff181d00 of size 256 next 440
2025-11-29 14:53:32.408252: I external/local_tsl/tsl/framework/bfc_allocator.cc:1095] InUse at 7f4eff181e00 of size 512 next 910
2025-11-29 14:53:32.408256: I external/local_tsl/tsl/framework/bfc_allocator.cc:1095] InUse at 7f4eff182000 of size 512 next 318
2025-11-29 14:53:32.408260: I external/local_tsl/tsl/framework/bfc_allocator.cc:1095] InUse at 7f4eff182200 of size 221184 next 320
2025-11-29 14:53:32.408264: I external/local_tsl/tsl/framework/bfc_allocator.cc:1095] InUse at 7f4eff1b8200 of size 221184 next 319
2025-11-29 14:53:32.408268: I external/local_tsl/tsl/framework/bfc_allocator.cc:1095] InUse at 7f4eff1ee200 of size 4608 next 323
2025-11-29 14:53:32.408272: I external/local_tsl/tsl/framework/bfc_allocator.cc:1095] InUse at 7f4eff1ef400 of size 884736 next 322
2025-11-29 14:53:32.408276: I external/local_tsl/tsl/framework/bfc_allocator.cc:1095] InUse at 7f4eff2c7400 of size 884736 next 329
2025-11-29 14:53:32.408280: I external/local_tsl/tsl/framework/bfc_allocator.cc:1095] InUse at 7f4eff39f400 of size 1280 next 346
2025-11-29 14:53:32.408284: I external/local_tsl/tsl/framework/bfc_allocator.cc:1095] InUse at 7f4eff39f900 of size 256 next 1063
2025-11-29 14:53:32.408288: I external/local_tsl/tsl/framework/bfc_allocator.cc:1095] InUse at 7f4eff39fa00 of size 768 next 424
2025-11-29 14:53:32.408292: I external/local_tsl/tsl/framework/bfc_allocator.cc:1095] InUse at 7f4eff39fd00 of size 256 next 1288
2025-11-29 14:53:32.408296: I external/local_tsl/tsl/framework/bfc_allocator.cc:1095] InUse at 7f4eff39fe00 of size 256 next 1513
2025-11-29 14:53:32.408300: I external/local_tsl/tsl/framework/bfc_allocator.cc:1095] InUse at 7f4eff39ff00 of size 768 next 1300
2025-11-29 14:53:32.408304: I external/local_tsl/tsl/framework/bfc_allocator.cc:1095] InUse at 7f4eff3a0200 of size 256 next 1142
2025-11-29 14:53:32.408308: I external/local_tsl/tsl/framework/bfc_allocator.cc:1095] InUse at 7f4eff3a0300 of size 256 next 1017
2025-11-29 14:53:32.408312: I external/local_tsl/tsl/framework/bfc_allocator.cc:1095] InUse at 7f4eff3a0400 of size 256 next 1124
2025-11-29 14:53:32.408316: I external/local_tsl/tsl/framework/bfc_allocator.cc:1095] Free  at 7f4eff3a0500 of size 256 next 330
2025-11-29 14:53:32.408320: I external/local_tsl/tsl/framework/bfc_allocator.cc:1095] InUse at 7f4eff3a0600 of size 4608 next 331
2025-11-29 14:53:32.408324: I external/local_tsl/tsl/framework/bfc_allocator.cc:1095] InUse at 7f4eff3a1800 of size 4608 next 328
2025-11-29 14:53:32.408328: I external/local_tsl/tsl/framework/bfc_allocator.cc:1095] InUse at 7f4eff3a2a00 of size 5376 next 348
2025-11-29 14:53:32.408332: I external/local_tsl/tsl/framework/bfc_allocator.cc:1095] InUse at 7f4eff3a3f00 of size 256 next 1247
2025-11-29 14:53:32.408336: I external/local_tsl/tsl/framework/bfc_allocator.cc:1095] InUse at 7f4eff3a4000 of size 256 next 515
2025-11-29 14:53:32.408340: I external/local_tsl/tsl/framework/bfc_allocator.cc:1095] InUse at 7f4eff3a4100 of size 1024 next 1453
2025-11-29 14:53:32.408344: I external/local_tsl/tsl/framework/bfc_allocator.cc:1095] Free  at 7f4eff3a4500 of size 2304 next 333
2025-11-29 14:53:32.408348: I external/local_tsl/tsl/framework/bfc_allocator.cc:1095] InUse at 7f4eff3a4e00 of size 41472 next 335
2025-11-29 14:53:32.408352: I external/local_tsl/tsl/framework/bfc_allocator.cc:1095] InUse at 7f4eff3af000 of size 4608 next 336
2025-11-29 14:53:32.408356: I external/local_tsl/tsl/framework/bfc_allocator.cc:1095] InUse at 7f4eff3b0200 of size 4608 next 337
2025-11-29 14:53:32.408360: I external/local_tsl/tsl/framework/bfc_allocator.cc:1095] InUse at 7f4eff3b1400 of size 2560 next 480
2025-11-29 14:53:32.408364: I external/local_tsl/tsl/framework/bfc_allocator.cc:1095] Free  at 7f4eff3b1e00 of size 2048 next 69
2025-11-29 14:53:32.408368: I external/local_tsl/tsl/framework/bfc_allocator.cc:1095] InUse at 7f4eff3b2600 of size 2048 next 1351
2025-11-29 14:53:32.408372: I external/local_tsl/tsl/framework/bfc_allocator.cc:1095] InUse at 7f4eff3b2e00 of size 2560 next 338
2025-11-29 14:53:32.408376: I external/local_tsl/tsl/framework/bfc_allocator.cc:1095] InUse at 7f4eff3b3800 of size 221184 next 340
2025-11-29 14:53:32.408380: I external/local_tsl/tsl/framework/bfc_allocator.cc:1095] InUse at 7f4eff3e9800 of size 221184 next 342
2025-11-29 14:53:32.408384: I external/local_tsl/tsl/framework/bfc_allocator.cc:1095] InUse at 7f4eff41f800 of size 4608 next 339
2025-11-29 14:53:32.408388: I external/local_tsl/tsl/framework/bfc_allocator.cc:1095] InUse at 7f4eff420a00 of size 1474560 next 344
2025-11-29 14:53:32.408392: I external/local_tsl/tsl/framework/bfc_allocator.cc:1095] InUse at 7f4eff588a00 of size 1638400 next 349
2025-11-29 14:53:32.408396: I external/local_tsl/tsl/framework/bfc_allocator.cc:1095] InUse at 7f4eff718a00 of size 256 next 362
2025-11-29 14:53:32.408400: I external/local_tsl/tsl/framework/bfc_allocator.cc:1095] InUse at 7f4eff718b00 of size 256 next 363
2025-11-29 14:53:32.408404: I external/local_tsl/tsl/framework/bfc_allocator.cc:1095] InUse at 7f4eff718c00 of size 256 next 364
2025-11-29 14:53:32.408408: I external/local_tsl/tsl/framework/bfc_allocator.cc:1095] InUse at 7f4eff718d00 of size 256 next 360
2025-11-29 14:53:32.408412: I external/local_tsl/tsl/framework/bfc_allocator.cc:1095] InUse at 7f4eff718e00 of size 1024 next 361
2025-11-29 14:53:32.408416: I external/local_tsl/tsl/framework/bfc_allocator.cc:1095] InUse at 7f4eff719200 of size 256 next 1550
2025-11-29 14:53:32.408420: I external/local_tsl/tsl/framework/bfc_allocator.cc:1095] InUse at 7f4eff719300 of size 256 next 964
2025-11-29 14:53:32.408424: I external/local_tsl/tsl/framework/bfc_allocator.cc:1095] InUse at 7f4eff719400 of size 1024 next 930
2025-11-29 14:53:32.408428: I external/local_tsl/tsl/framework/bfc_allocator.cc:1095] InUse at 7f4eff719800 of size 512 next 1168
2025-11-29 14:53:32.408432: I external/local_tsl/tsl/framework/bfc_allocator.cc:1095] InUse at 7f4eff719a00 of size 512 next 978
2025-11-29 14:53:32.408436: I external/local_tsl/tsl/framework/bfc_allocator.cc:1095] InUse at 7f4eff719c00 of size 512 next 350
2025-11-29 14:53:32.408440: I external/local_tsl/tsl/framework/bfc_allocator.cc:1095] InUse at 7f4eff719e00 of size 5120 next 351
2025-11-29 14:53:32.408444: I external/local_tsl/tsl/framework/bfc_allocator.cc:1095] InUse at 7f4eff71b200 of size 5120 next 347
2025-11-29 14:53:32.408448: I external/local_tsl/tsl/framework/bfc_allocator.cc:1095] InUse at 7f4eff71c600 of size 10240 next 352
2025-11-29 14:53:32.408452: I external/local_tsl/tsl/framework/bfc_allocator.cc:1095] InUse at 7f4eff71ee00 of size 1024000 next 359
2025-11-29 14:53:32.408457: I external/local_tsl/tsl/framework/bfc_allocator.cc:1095] InUse at 7f4eff818e00 of size 17152 next 457
2025-11-29 14:53:32.408461: I external/local_tsl/tsl/framework/bfc_allocator.cc:1095] Free  at 7f4eff81d100 of size 218112 next 426
2025-11-29 14:53:32.408465: I external/local_tsl/tsl/framework/bfc_allocator.cc:1095] InUse at 7f4eff852500 of size 2816 next 1140
2025-11-29 14:53:32.408468: I external/local_tsl/tsl/framework/bfc_allocator.cc:1095] InUse at 7f4eff853000 of size 2816 next 939
2025-11-29 14:53:32.408472: I external/local_tsl/tsl/framework/bfc_allocator.cc:1095] InUse at 7f4eff853b00 of size 2816 next 1149
2025-11-29 14:53:32.408476: I external/local_tsl/tsl/framework/bfc_allocator.cc:1095] InUse at 7f4eff854600 of size 2048 next 1141
2025-11-29 14:53:32.408480: I external/local_tsl/tsl/framework/bfc_allocator.cc:1095] InUse at 7f4eff854e00 of size 2048 next 1518
2025-11-29 14:53:32.408484: I external/local_tsl/tsl/framework/bfc_allocator.cc:1095] InUse at 7f4eff855600 of size 2048 next 432
2025-11-29 14:53:32.408488: I external/local_tsl/tsl/framework/bfc_allocator.cc:1095] InUse at 7f4eff855e00 of size 13568 next 1276
2025-11-29 14:53:32.408493: I external/local_tsl/tsl/framework/bfc_allocator.cc:1095] InUse at 7f4eff859300 of size 768 next 1137
2025-11-29 14:53:32.408497: I external/local_tsl/tsl/framework/bfc_allocator.cc:1095] InUse at 7f4eff859600 of size 768 next 1515
2025-11-29 14:53:32.408501: I external/local_tsl/tsl/framework/bfc_allocator.cc:1095] InUse at 7f4eff859900 of size 1280 next 1173
2025-11-29 14:53:32.408504: I external/local_tsl/tsl/framework/bfc_allocator.cc:1095] InUse at 7f4eff859e00 of size 2816 next 546
2025-11-29 14:53:32.408508: I external/local_tsl/tsl/framework/bfc_allocator.cc:1095] InUse at 7f4eff85a900 of size 2816 next 1298
2025-11-29 14:53:32.408512: I external/local_tsl/tsl/framework/bfc_allocator.cc:1095] InUse at 7f4eff85b400 of size 2816 next 1509
2025-11-29 14:53:32.408516: I external/local_tsl/tsl/framework/bfc_allocator.cc:1095] InUse at 7f4eff85bf00 of size 2816 next 234
2025-11-29 14:53:32.408520: I external/local_tsl/tsl/framework/bfc_allocator.cc:1095] InUse at 7f4eff85ca00 of size 22528 next 1512
2025-11-29 14:53:32.408524: I external/local_tsl/tsl/framework/bfc_allocator.cc:1095] InUse at 7f4eff862200 of size 768 next 1106
2025-11-29 14:53:32.408528: I external/local_tsl/tsl/framework/bfc_allocator.cc:1095] InUse at 7f4eff862500 of size 8448 next 1557
2025-11-29 14:53:32.408533: I external/local_tsl/tsl/framework/bfc_allocator.cc:1095] InUse at 7f4eff864600 of size 4608 next 1275
2025-11-29 14:53:32.408537: I external/local_tsl/tsl/framework/bfc_allocator.cc:1095] InUse at 7f4eff865800 of size 2816 next 1490
2025-11-29 14:53:32.408541: I external/local_tsl/tsl/framework/bfc_allocator.cc:1095] InUse at 7f4eff866300 of size 4096 next 1417
2025-11-29 14:53:32.408545: I external/local_tsl/tsl/framework/bfc_allocator.cc:1095] Free  at 7f4eff867300 of size 104704 next 1381
2025-11-29 14:53:32.408549: I external/local_tsl/tsl/framework/bfc_allocator.cc:1095] InUse at 7f4eff880c00 of size 512 next 1357
2025-11-29 14:53:32.408553: I external/local_tsl/tsl/framework/bfc_allocator.cc:1095] InUse at 7f4eff880e00 of size 256 next 540
2025-11-29 14:53:32.408557: I external/local_tsl/tsl/framework/bfc_allocator.cc:1095] InUse at 7f4eff880f00 of size 256 next 1472
2025-11-29 14:53:32.408561: I external/local_tsl/tsl/framework/bfc_allocator.cc:1095] InUse at 7f4eff881000 of size 4096 next 574
2025-11-29 14:53:32.408565: I external/local_tsl/tsl/framework/bfc_allocator.cc:1095] InUse at 7f4eff882000 of size 256 next 525
2025-11-29 14:53:32.408569: I external/local_tsl/tsl/framework/bfc_allocator.cc:1095] Free  at 7f4eff882100 of size 203008 next 554
2025-11-29 14:53:32.408573: I external/local_tsl/tsl/framework/bfc_allocator.cc:1095] InUse at 7f4eff8b3a00 of size 256 next 587
2025-11-29 14:53:32.408577: I external/local_tsl/tsl/framework/bfc_allocator.cc:1095] InUse at 7f4eff8b3b00 of size 256 next 588
2025-11-29 14:53:32.408581: I external/local_tsl/tsl/framework/bfc_allocator.cc:1095] InUse at 7f4eff8b3c00 of size 256 next 566
2025-11-29 14:53:32.408585: I external/local_tsl/tsl/framework/bfc_allocator.cc:1095] InUse at 7f4eff8b3d00 of size 768 next 550
2025-11-29 14:53:32.408589: I external/local_tsl/tsl/framework/bfc_allocator.cc:1095] InUse at 7f4eff8b4000 of size 768 next 568
2025-11-29 14:53:32.408593: I external/local_tsl/tsl/framework/bfc_allocator.cc:1095] InUse at 7f4eff8b4300 of size 256 next 596
2025-11-29 14:53:32.408597: I external/local_tsl/tsl/framework/bfc_allocator.cc:1095] InUse at 7f4eff8b4400 of size 256 next 598
2025-11-29 14:53:32.408601: I external/local_tsl/tsl/framework/bfc_allocator.cc:1095] InUse at 7f4eff8b4500 of size 256 next 599
2025-11-29 14:53:32.408605: I external/local_tsl/tsl/framework/bfc_allocator.cc:1095] InUse at 7f4eff8b4600 of size 256 next 602
2025-11-29 14:53:32.408609: I external/local_tsl/tsl/framework/bfc_allocator.cc:1095] InUse at 7f4eff8b4700 of size 256 next 603
2025-11-29 14:53:32.408613: I external/local_tsl/tsl/framework/bfc_allocator.cc:1095] InUse at 7f4eff8b4800 of size 256 next 529
2025-11-29 14:53:32.408617: I external/local_tsl/tsl/framework/bfc_allocator.cc:1095] InUse at 7f4eff8b4900 of size 104192 next 1335
2025-11-29 14:53:32.408621: I external/local_tsl/tsl/framework/bfc_allocator.cc:1095] Free  at 7f4eff8ce000 of size 1024 next 1359
2025-11-29 14:53:32.408625: I external/local_tsl/tsl/framework/bfc_allocator.cc:1095] InUse at 7f4eff8ce400 of size 3072 next 1101
2025-11-29 14:53:32.408629: I external/local_tsl/tsl/framework/bfc_allocator.cc:1095] Free  at 7f4eff8cf000 of size 100096 next 1097
2025-11-29 14:53:32.408633: I external/local_tsl/tsl/framework/bfc_allocator.cc:1095] InUse at 7f4eff8e7700 of size 2048 next 1218
2025-11-29 14:53:32.408637: I external/local_tsl/tsl/framework/bfc_allocator.cc:1095] InUse at 7f4eff8e7f00 of size 2048 next 1344
2025-11-29 14:53:32.408641: I external/local_tsl/tsl/framework/bfc_allocator.cc:1095] Free  at 7f4eff8e8700 of size 55296 next 1483
2025-11-29 14:53:32.408645: I external/local_tsl/tsl/framework/bfc_allocator.cc:1095] InUse at 7f4eff8f5f00 of size 20480 next 1338
2025-11-29 14:53:32.408649: I external/local_tsl/tsl/framework/bfc_allocator.cc:1095] InUse at 7f4eff8faf00 of size 2816 next 376
2025-11-29 14:53:32.408653: I external/local_tsl/tsl/framework/bfc_allocator.cc:1095] Free  at 7f4eff8fba00 of size 45056 next 559
2025-11-29 14:53:32.408657: I external/local_tsl/tsl/framework/bfc_allocator.cc:1095] InUse at 7f4eff906a00 of size 2816 next 1095
2025-11-29 14:53:32.408661: I external/local_tsl/tsl/framework/bfc_allocator.cc:1095] Free  at 7f4eff907500 of size 2560 next 173
2025-11-29 14:53:32.408665: I external/local_tsl/tsl/framework/bfc_allocator.cc:1095] InUse at 7f4eff907f00 of size 1024 next 1060
2025-11-29 14:53:32.408669: I external/local_tsl/tsl/framework/bfc_allocator.cc:1095] Free  at 7f4eff908300 of size 2048 next 1438
2025-11-29 14:53:32.408673: I external/local_tsl/tsl/framework/bfc_allocator.cc:1095] InUse at 7f4eff908b00 of size 1024 next 136
2025-11-29 14:53:32.408677: I external/local_tsl/tsl/framework/bfc_allocator.cc:1095] InUse at 7f4eff908f00 of size 153600 next 1558
2025-11-29 14:53:32.408681: I external/local_tsl/tsl/framework/bfc_allocator.cc:1095] InUse at 7f4eff92e700 of size 268800 next 410
2025-11-29 14:53:32.408685: I external/local_tsl/tsl/framework/bfc_allocator.cc:1095] InUse at 7f4eff970100 of size 38400 next 90
2025-11-29 14:53:32.408689: I external/local_tsl/tsl/framework/bfc_allocator.cc:1095] InUse at 7f4eff979700 of size 38400 next 940
2025-11-29 14:53:32.408693: I external/local_tsl/tsl/framework/bfc_allocator.cc:1095] InUse at 7f4eff982d00 of size 48128 next 471
2025-11-29 14:53:32.408697: I external/local_tsl/tsl/framework/bfc_allocator.cc:1095] InUse at 7f4eff98e900 of size 67072 next 1468
2025-11-29 14:53:32.408702: I external/local_tsl/tsl/framework/bfc_allocator.cc:1095] InUse at 7f4eff99ef00 of size 301056 next 1032
2025-11-29 14:53:32.408706: I external/local_tsl/tsl/framework/bfc_allocator.cc:1095] InUse at 7f4eff9e8700 of size 153600 next 1394
2025-11-29 14:53:32.408710: I external/local_tsl/tsl/framework/bfc_allocator.cc:1095] InUse at 7f4effa0df00 of size 38400 next 393
2025-11-29 14:53:32.408714: I external/local_tsl/tsl/framework/bfc_allocator.cc:1095] InUse at 7f4effa17500 of size 38400 next 1258
2025-11-29 14:53:32.408718: I external/local_tsl/tsl/framework/bfc_allocator.cc:1095] InUse at 7f4effa20b00 of size 38400 next 1256
2025-11-29 14:53:32.408722: I external/local_tsl/tsl/framework/bfc_allocator.cc:1095] InUse at 7f4effa2a100 of size 13824 next 212
2025-11-29 14:53:32.408726: I external/local_tsl/tsl/framework/bfc_allocator.cc:1095] InUse at 7f4effa2d700 of size 13824 next 1536
2025-11-29 14:53:32.408730: I external/local_tsl/tsl/framework/bfc_allocator.cc:1095] InUse at 7f4effa30d00 of size 6144 next 312
2025-11-29 14:53:32.408734: I external/local_tsl/tsl/framework/bfc_allocator.cc:1095] InUse at 7f4effa32500 of size 3584 next 919
2025-11-29 14:53:32.408738: I external/local_tsl/tsl/framework/bfc_allocator.cc:1095] Free  at 7f4effa33300 of size 5632 next 1480
2025-11-29 14:53:32.408742: I external/local_tsl/tsl/framework/bfc_allocator.cc:1095] InUse at 7f4effa34900 of size 75264 next 1566
2025-11-29 14:53:32.408746: I external/local_tsl/tsl/framework/bfc_allocator.cc:1095] InUse at 7f4effa46f00 of size 75264 next 526
2025-11-29 14:53:32.408750: I external/local_tsl/tsl/framework/bfc_allocator.cc:1095] InUse at 7f4effa59500 of size 91648 next 586
2025-11-29 14:53:32.408754: I external/local_tsl/tsl/framework/bfc_allocator.cc:1095] InUse at 7f4effa6fb00 of size 256 next 589
2025-11-29 14:53:32.408758: I external/local_tsl/tsl/framework/bfc_allocator.cc:1095] InUse at 7f4effa6fc00 of size 256 next 590
2025-11-29 14:53:32.408762: I external/local_tsl/tsl/framework/bfc_allocator.cc:1095] InUse at 7f4effa6fd00 of size 256 next 595
2025-11-29 14:53:32.408766: I external/local_tsl/tsl/framework/bfc_allocator.cc:1095] InUse at 7f4effa6fe00 of size 256 next 556
2025-11-29 14:53:32.408770: I external/local_tsl/tsl/framework/bfc_allocator.cc:1095] Free  at 7f4effa6ff00 of size 167936 next 1085
2025-11-29 14:53:32.408774: I external/local_tsl/tsl/framework/bfc_allocator.cc:1095] InUse at 7f4effa98f00 of size 3584 next 1405
2025-11-29 14:53:32.408778: I external/local_tsl/tsl/framework/bfc_allocator.cc:1095] InUse at 7f4effa99d00 of size 2048 next 392
2025-11-29 14:53:32.408782: I external/local_tsl/tsl/framework/bfc_allocator.cc:1095] Free  at 7f4effa9a500 of size 1024 next 1068
2025-11-29 14:53:32.408786: I external/local_tsl/tsl/framework/bfc_allocator.cc:1095] InUse at 7f4effa9a900 of size 2048 next 1145
2025-11-29 14:53:32.408790: I external/local_tsl/tsl/framework/bfc_allocator.cc:1095] InUse at 7f4effa9b100 of size 2560 next 1352
2025-11-29 14:53:32.408794: I external/local_tsl/tsl/framework/bfc_allocator.cc:1095] InUse at 7f4effa9bb00 of size 3584 next 1079
2025-11-29 14:53:32.408798: I external/local_tsl/tsl/framework/bfc_allocator.cc:1095] InUse at 7f4effa9c900 of size 512 next 927
2025-11-29 14:53:32.408802: I external/local_tsl/tsl/framework/bfc_allocator.cc:1095] InUse at 7f4effa9cb00 of size 3584 next 1532
2025-11-29 14:53:32.408806: I external/local_tsl/tsl/framework/bfc_allocator.cc:1095] InUse at 7f4effa9d900 of size 4096 next 1397
2025-11-29 14:53:32.408810: I external/local_tsl/tsl/framework/bfc_allocator.cc:1095] InUse at 7f4effa9e900 of size 512 next 1323
2025-11-29 14:53:32.408814: I external/local_tsl/tsl/framework/bfc_allocator.cc:1095] InUse at 7f4effa9eb00 of size 512 next 88
2025-11-29 14:53:32.408818: I external/local_tsl/tsl/framework/bfc_allocator.cc:1095] InUse at 7f4effa9ed00 of size 4608 next 1210
2025-11-29 14:53:32.408822: I external/local_tsl/tsl/framework/bfc_allocator.cc:1095] InUse at 7f4effa9ff00 of size 24064 next 1418
2025-11-29 14:53:32.408826: I external/local_tsl/tsl/framework/bfc_allocator.cc:1095] InUse at 7f4effaa5d00 of size 38400 next 541
2025-11-29 14:53:32.408830: I external/local_tsl/tsl/framework/bfc_allocator.cc:1095] InUse at 7f4effaaf300 of size 23040 next 517
2025-11-29 14:53:32.408834: I external/local_tsl/tsl/framework/bfc_allocator.cc:1095] InUse at 7f4effab4d00 of size 14592 next 1377
2025-11-29 14:53:32.408838: I external/local_tsl/tsl/framework/bfc_allocator.cc:1095] InUse at 7f4effab8600 of size 20224 next 1315
2025-11-29 14:53:32.408842: I external/local_tsl/tsl/framework/bfc_allocator.cc:1095] Free  at 7f4effabd500 of size 2560 next 1036
2025-11-29 14:53:32.408846: I external/local_tsl/tsl/framework/bfc_allocator.cc:1095] InUse at 7f4effabdf00 of size 1280 next 1419
2025-11-29 14:53:32.408850: I external/local_tsl/tsl/framework/bfc_allocator.cc:1095] InUse at 7f4effabe400 of size 1280 next 1448
2025-11-29 14:53:32.408854: I external/local_tsl/tsl/framework/bfc_allocator.cc:1095] InUse at 7f4effabe900 of size 4096 next 1464
2025-11-29 14:53:32.408858: I external/local_tsl/tsl/framework/bfc_allocator.cc:1095] Free  at 7f4effabf900 of size 111104 next 1109
2025-11-29 14:53:32.408862: I external/local_tsl/tsl/framework/bfc_allocator.cc:1095] InUse at 7f4effadab00 of size 4608 next 1396
2025-11-29 14:53:32.408866: I external/local_tsl/tsl/framework/bfc_allocator.cc:1095] InUse at 7f4effadbd00 of size 2816 next 1354
2025-11-29 14:53:32.408870: I external/local_tsl/tsl/framework/bfc_allocator.cc:1095] InUse at 7f4effadc800 of size 15360 next 1461
2025-11-29 14:53:32.408874: I external/local_tsl/tsl/framework/bfc_allocator.cc:1095] InUse at 7f4effae0400 of size 1024 next 1161
2025-11-29 14:53:32.408878: I external/local_tsl/tsl/framework/bfc_allocator.cc:1095] Free  at 7f4effae0800 of size 6144 next 1519
2025-11-29 14:53:32.408882: I external/local_tsl/tsl/framework/bfc_allocator.cc:1095] InUse at 7f4effae2000 of size 2048 next 1494
2025-11-29 14:53:32.408886: I external/local_tsl/tsl/framework/bfc_allocator.cc:1095] InUse at 7f4effae2800 of size 2048 next 925
2025-11-29 14:53:32.408890: I external/local_tsl/tsl/framework/bfc_allocator.cc:1095] Free  at 7f4effae3000 of size 30976 next 1369
2025-11-29 14:53:32.408894: I external/local_tsl/tsl/framework/bfc_allocator.cc:1095] InUse at 7f4effaea900 of size 2048 next 412
2025-11-29 14:53:32.408898: I external/local_tsl/tsl/framework/bfc_allocator.cc:1095] InUse at 7f4effaeb100 of size 2048 next 1570
2025-11-29 14:53:32.408902: I external/local_tsl/tsl/framework/bfc_allocator.cc:1095] InUse at 7f4effaeb900 of size 2048 next 1528
2025-11-29 14:53:32.408906: I external/local_tsl/tsl/framework/bfc_allocator.cc:1095] InUse at 7f4effaec100 of size 2048 next 423
2025-11-29 14:53:32.408910: I external/local_tsl/tsl/framework/bfc_allocator.cc:1095] InUse at 7f4effaec900 of size 768 next 1164
2025-11-29 14:53:32.408914: I external/local_tsl/tsl/framework/bfc_allocator.cc:1095] InUse at 7f4effaecc00 of size 1280 next 1212
2025-11-29 14:53:32.408918: I external/local_tsl/tsl/framework/bfc_allocator.cc:1095] InUse at 7f4effaed100 of size 24576 next 1201
2025-11-29 14:53:32.408922: I external/local_tsl/tsl/framework/bfc_allocator.cc:1095] InUse at 7f4effaf3100 of size 2816 next 1420
2025-11-29 14:53:32.408926: I external/local_tsl/tsl/framework/bfc_allocator.cc:1095] InUse at 7f4effaf3c00 of size 2816 next 1234
2025-11-29 14:53:32.408930: I external/local_tsl/tsl/framework/bfc_allocator.cc:1095] InUse at 7f4effaf4700 of size 2816 next 1317
2025-11-29 14:53:32.408934: I external/local_tsl/tsl/framework/bfc_allocator.cc:1095] InUse at 7f4effaf5200 of size 2816 next 366
2025-11-29 14:53:32.408938: I external/local_tsl/tsl/framework/bfc_allocator.cc:1095] InUse at 7f4effaf5d00 of size 2816 next 1521
2025-11-29 14:53:32.408942: I external/local_tsl/tsl/framework/bfc_allocator.cc:1095] InUse at 7f4effaf6800 of size 1024 next 1153
2025-11-29 14:53:32.408946: I external/local_tsl/tsl/framework/bfc_allocator.cc:1095] InUse at 7f4effaf6c00 of size 768 next 922
2025-11-29 14:53:32.408950: I external/local_tsl/tsl/framework/bfc_allocator.cc:1095] Free  at 7f4effaf6f00 of size 1024 next 941
2025-11-29 14:53:32.408954: I external/local_tsl/tsl/framework/bfc_allocator.cc:1095] InUse at 7f4effaf7300 of size 2816 next 478
2025-11-29 14:53:32.408958: I external/local_tsl/tsl/framework/bfc_allocator.cc:1095] InUse at 7f4effaf7e00 of size 2048 next 367
2025-11-29 14:53:32.408962: I external/local_tsl/tsl/framework/bfc_allocator.cc:1095] InUse at 7f4effaf8600 of size 2304 next 1330
2025-11-29 14:53:32.408966: I external/local_tsl/tsl/framework/bfc_allocator.cc:1095] Free  at 7f4effaf8f00 of size 256 next 1443
2025-11-29 14:53:32.408970: I external/local_tsl/tsl/framework/bfc_allocator.cc:1095] InUse at 7f4effaf9000 of size 512 next 987
2025-11-29 14:53:32.408974: I external/local_tsl/tsl/framework/bfc_allocator.cc:1095] InUse at 7f4effaf9200 of size 512 next 1328
2025-11-29 14:53:32.408978: I external/local_tsl/tsl/framework/bfc_allocator.cc:1095] InUse at 7f4effaf9400 of size 512 next 1099
2025-11-29 14:53:32.408982: I external/local_tsl/tsl/framework/bfc_allocator.cc:1095] InUse at 7f4effaf9600 of size 1024 next 1282
2025-11-29 14:53:32.408986: I external/local_tsl/tsl/framework/bfc_allocator.cc:1095] InUse at 7f4effaf9a00 of size 256 next 1232
2025-11-29 14:53:32.408990: I external/local_tsl/tsl/framework/bfc_allocator.cc:1095] InUse at 7f4effaf9b00 of size 256 next 1501
2025-11-29 14:53:32.408994: I external/local_tsl/tsl/framework/bfc_allocator.cc:1095] InUse at 7f4effaf9c00 of size 768 next 576
2025-11-29 14:53:32.408998: I external/local_tsl/tsl/framework/bfc_allocator.cc:1095] InUse at 7f4effaf9f00 of size 1280 next 597
2025-11-29 14:53:32.409002: I external/local_tsl/tsl/framework/bfc_allocator.cc:1095] InUse at 7f4effafa400 of size 256 next 606
2025-11-29 14:53:32.409006: I external/local_tsl/tsl/framework/bfc_allocator.cc:1095] InUse at 7f4effafa500 of size 768 next 600
2025-11-29 14:53:32.409010: I external/local_tsl/tsl/framework/bfc_allocator.cc:1095] InUse at 7f4effafa800 of size 1024 next 601
2025-11-29 14:53:32.409014: I external/local_tsl/tsl/framework/bfc_allocator.cc:1095] InUse at 7f4effafac00 of size 1792 next 583
2025-11-29 14:53:32.409018: I external/local_tsl/tsl/framework/bfc_allocator.cc:1095] InUse at 7f4effafb300 of size 1024 next 1191
2025-11-29 14:53:32.409022: I external/local_tsl/tsl/framework/bfc_allocator.cc:1095] InUse at 7f4effafb700 of size 1024 next 911
2025-11-29 14:53:32.409026: I external/local_tsl/tsl/framework/bfc_allocator.cc:1095] InUse at 7f4effafbb00 of size 1024 next 1019
2025-11-29 14:53:32.409030: I external/local_tsl/tsl/framework/bfc_allocator.cc:1095] InUse at 7f4effafbf00 of size 1024 next 1553
2025-11-29 14:53:32.409034: I external/local_tsl/tsl/framework/bfc_allocator.cc:1095] InUse at 7f4effafc300 of size 2048 next 455
2025-11-29 14:53:32.409038: I external/local_tsl/tsl/framework/bfc_allocator.cc:1095] Free  at 7f4effafcb00 of size 2048 next 465
2025-11-29 14:53:32.409042: I external/local_tsl/tsl/framework/bfc_allocator.cc:1095] InUse at 7f4effafd300 of size 2048 next 585
2025-11-29 14:53:32.409046: I external/local_tsl/tsl/framework/bfc_allocator.cc:1095] InUse at 7f4effafdb00 of size 3584 next 593
2025-11-29 14:53:32.409049: I external/local_tsl/tsl/framework/bfc_allocator.cc:1095] InUse at 7f4effafe900 of size 512 next 608
2025-11-29 14:53:32.409053: I external/local_tsl/tsl/framework/bfc_allocator.cc:1095] InUse at 7f4effafeb00 of size 512 next 609
2025-11-29 14:53:32.409057: I external/local_tsl/tsl/framework/bfc_allocator.cc:1095] InUse at 7f4effafed00 of size 512 next 611
2025-11-29 14:53:32.409061: I external/local_tsl/tsl/framework/bfc_allocator.cc:1095] InUse at 7f4effafef00 of size 256 next 613
2025-11-29 14:53:32.409066: I external/local_tsl/tsl/framework/bfc_allocator.cc:1095] InUse at 7f4effaff000 of size 256 next 604
2025-11-29 14:53:32.409070: I external/local_tsl/tsl/framework/bfc_allocator.cc:1095] InUse at 7f4effaff100 of size 2048 next 605
2025-11-29 14:53:32.409074: I external/local_tsl/tsl/framework/bfc_allocator.cc:1095] InUse at 7f4effaff900 of size 256 next 619
2025-11-29 14:53:32.409078: I external/local_tsl/tsl/framework/bfc_allocator.cc:1095] InUse at 7f4effaffa00 of size 256 next 615
2025-11-29 14:53:32.409082: I external/local_tsl/tsl/framework/bfc_allocator.cc:1095] InUse at 7f4effaffb00 of size 512 next 616
2025-11-29 14:53:32.409086: I external/local_tsl/tsl/framework/bfc_allocator.cc:1095] InUse at 7f4effaffd00 of size 256 next 632
2025-11-29 14:53:32.409089: I external/local_tsl/tsl/framework/bfc_allocator.cc:1095] InUse at 7f4effaffe00 of size 256 next 612
2025-11-29 14:53:32.409093: I external/local_tsl/tsl/framework/bfc_allocator.cc:1095] InUse at 7f4effafff00 of size 2048 next 610
2025-11-29 14:53:32.409097: I external/local_tsl/tsl/framework/bfc_allocator.cc:1095] InUse at 7f4effb00700 of size 5632 next 572
2025-11-29 14:53:32.409102: I external/local_tsl/tsl/framework/bfc_allocator.cc:1095] InUse at 7f4effb01d00 of size 75264 next 479
2025-11-29 14:53:32.409106: I external/local_tsl/tsl/framework/bfc_allocator.cc:1095] InUse at 7f4effb14300 of size 75264 next 1516
2025-11-29 14:53:32.409110: I external/local_tsl/tsl/framework/bfc_allocator.cc:1095] InUse at 7f4effb26900 of size 118272 next 1395
2025-11-29 14:53:32.409114: I external/local_tsl/tsl/framework/bfc_allocator.cc:1095] InUse at 7f4effb43700 of size 537600 next 1469
2025-11-29 14:53:32.409118: I external/local_tsl/tsl/framework/bfc_allocator.cc:1095] InUse at 7f4effbc6b00 of size 516096 next 307
2025-11-29 14:53:32.409122: I external/local_tsl/tsl/framework/bfc_allocator.cc:1095] InUse at 7f4effc44b00 of size 301056 next 1087
2025-11-29 14:53:32.409126: I external/local_tsl/tsl/framework/bfc_allocator.cc:1095] InUse at 7f4effc8e300 of size 373248 next 1571
2025-11-29 14:53:32.409130: I external/local_tsl/tsl/framework/bfc_allocator.cc:1095] InUse at 7f4effce9500 of size 296448 next 1439
2025-11-29 14:53:32.409134: I external/local_tsl/tsl/framework/bfc_allocator.cc:1095] InUse at 7f4effd31b00 of size 221184 next 1431
2025-11-29 14:53:32.409138: I external/local_tsl/tsl/framework/bfc_allocator.cc:1095] InUse at 7f4effd67b00 of size 115200 next 1387
2025-11-29 14:53:32.409142: I external/local_tsl/tsl/framework/bfc_allocator.cc:1095] InUse at 7f4effd83d00 of size 4608 next 1029
2025-11-29 14:53:32.409146: I external/local_tsl/tsl/framework/bfc_allocator.cc:1095] InUse at 7f4effd84f00 of size 166400 next 594
2025-11-29 14:53:32.409150: I external/local_tsl/tsl/framework/bfc_allocator.cc:1095] InUse at 7f4effdad900 of size 6144 next 607
2025-11-29 14:53:32.409154: I external/local_tsl/tsl/framework/bfc_allocator.cc:1095] InUse at 7f4effdaf100 of size 1536 next 614
2025-11-29 14:53:32.409158: I external/local_tsl/tsl/framework/bfc_allocator.cc:1095] InUse at 7f4effdaf700 of size 256 next 642
2025-11-29 14:53:32.409163: I external/local_tsl/tsl/framework/bfc_allocator.cc:1095] InUse at 7f4effdaf800 of size 256 next 646
2025-11-29 14:53:32.409166: I external/local_tsl/tsl/framework/bfc_allocator.cc:1095] InUse at 7f4effdaf900 of size 256 next 622
2025-11-29 14:53:32.409170: I external/local_tsl/tsl/framework/bfc_allocator.cc:1095] InUse at 7f4effdafa00 of size 768 next 623
2025-11-29 14:53:32.409174: I external/local_tsl/tsl/framework/bfc_allocator.cc:1095] InUse at 7f4effdafd00 of size 768 next 624
2025-11-29 14:53:32.409178: I external/local_tsl/tsl/framework/bfc_allocator.cc:1095] InUse at 7f4effdb0000 of size 768 next 626
2025-11-29 14:53:32.409182: I external/local_tsl/tsl/framework/bfc_allocator.cc:1095] InUse at 7f4effdb0300 of size 768 next 627
2025-11-29 14:53:32.409186: I external/local_tsl/tsl/framework/bfc_allocator.cc:1095] InUse at 7f4effdb0600 of size 5376 next 617
2025-11-29 14:53:32.409190: I external/local_tsl/tsl/framework/bfc_allocator.cc:1095] InUse at 7f4effdb1b00 of size 9216 next 618
2025-11-29 14:53:32.409194: I external/local_tsl/tsl/framework/bfc_allocator.cc:1095] InUse at 7f4effdb3f00 of size 5376 next 625
2025-11-29 14:53:32.409198: I external/local_tsl/tsl/framework/bfc_allocator.cc:1095] InUse at 7f4effdb5400 of size 3584 next 628
2025-11-29 14:53:32.409202: I external/local_tsl/tsl/framework/bfc_allocator.cc:1095] InUse at 7f4effdb6200 of size 768 next 629
2025-11-29 14:53:32.409206: I external/local_tsl/tsl/framework/bfc_allocator.cc:1095] InUse at 7f4effdb6500 of size 768 next 634
2025-11-29 14:53:32.409210: I external/local_tsl/tsl/framework/bfc_allocator.cc:1095] InUse at 7f4effdb6800 of size 768 next 635
2025-11-29 14:53:32.409214: I external/local_tsl/tsl/framework/bfc_allocator.cc:1095] InUse at 7f4effdb6b00 of size 768 next 638
2025-11-29 14:53:32.409218: I external/local_tsl/tsl/framework/bfc_allocator.cc:1095] InUse at 7f4effdb6e00 of size 768 next 639
2025-11-29 14:53:32.409222: I external/local_tsl/tsl/framework/bfc_allocator.cc:1095] InUse at 7f4effdb7100 of size 256 next 653
2025-11-29 14:53:32.409226: I external/local_tsl/tsl/framework/bfc_allocator.cc:1095] InUse at 7f4effdb7200 of size 256 next 658
2025-11-29 14:53:32.409230: I external/local_tsl/tsl/framework/bfc_allocator.cc:1095] InUse at 7f4effdb7300 of size 256 next 659
2025-11-29 14:53:32.409234: I external/local_tsl/tsl/framework/bfc_allocator.cc:1095] InUse at 7f4effdb7400 of size 256 next 620
2025-11-29 14:53:32.409238: I external/local_tsl/tsl/framework/bfc_allocator.cc:1095] InUse at 7f4effdb7500 of size 13824 next 621
2025-11-29 14:53:32.409242: I external/local_tsl/tsl/framework/bfc_allocator.cc:1095] InUse at 7f4effdbab00 of size 768 next 643
2025-11-29 14:53:32.409246: I external/local_tsl/tsl/framework/bfc_allocator.cc:1095] InUse at 7f4effdbae00 of size 1024 next 649
2025-11-29 14:53:32.409250: I external/local_tsl/tsl/framework/bfc_allocator.cc:1095] InUse at 7f4effdbb200 of size 1792 next 640
2025-11-29 14:53:32.409254: I external/local_tsl/tsl/framework/bfc_allocator.cc:1095] InUse at 7f4effdbb900 of size 3584 next 641
2025-11-29 14:53:32.409258: I external/local_tsl/tsl/framework/bfc_allocator.cc:1095] InUse at 7f4effdbc700 of size 6656 next 630
2025-11-29 14:53:32.409263: I external/local_tsl/tsl/framework/bfc_allocator.cc:1095] InUse at 7f4effdbe100 of size 13824 next 631
2025-11-29 14:53:32.409267: I external/local_tsl/tsl/framework/bfc_allocator.cc:1095] InUse at 7f4effdc1700 of size 13824 next 633
2025-11-29 14:53:32.409271: I external/local_tsl/tsl/framework/bfc_allocator.cc:1095] InUse at 7f4effdc4d00 of size 1024 next 651
2025-11-29 14:53:32.409274: I external/local_tsl/tsl/framework/bfc_allocator.cc:1095] InUse at 7f4effdc5100 of size 1024 next 652
2025-11-29 14:53:32.409279: I external/local_tsl/tsl/framework/bfc_allocator.cc:1095] InUse at 7f4effdc5500 of size 256 next 681
2025-11-29 14:53:32.409282: I external/local_tsl/tsl/framework/bfc_allocator.cc:1095] InUse at 7f4effdc5600 of size 256 next 671
2025-11-29 14:53:32.409286: I external/local_tsl/tsl/framework/bfc_allocator.cc:1095] InUse at 7f4effdc5700 of size 512 next 655
2025-11-29 14:53:32.409291: I external/local_tsl/tsl/framework/bfc_allocator.cc:1095] InUse at 7f4effdc5900 of size 1024 next 656
2025-11-29 14:53:32.409295: I external/local_tsl/tsl/framework/bfc_allocator.cc:1095] InUse at 7f4effdc5d00 of size 1024 next 661
2025-11-29 14:53:32.409299: I external/local_tsl/tsl/framework/bfc_allocator.cc:1095] InUse at 7f4effdc6100 of size 1024 next 662
2025-11-29 14:53:32.409303: I external/local_tsl/tsl/framework/bfc_allocator.cc:1095] InUse at 7f4effdc6500 of size 1024 next 664
2025-11-29 14:53:32.409307: I external/local_tsl/tsl/framework/bfc_allocator.cc:1095] InUse at 7f4effdc6900 of size 1024 next 665
2025-11-29 14:53:32.409311: I external/local_tsl/tsl/framework/bfc_allocator.cc:1095] InUse at 7f4effdc6d00 of size 1024 next 668
2025-11-29 14:53:32.409314: I external/local_tsl/tsl/framework/bfc_allocator.cc:1095] InUse at 7f4effdc7100 of size 512 next 672
2025-11-29 14:53:32.409318: I external/local_tsl/tsl/framework/bfc_allocator.cc:1095] InUse at 7f4effdc7300 of size 256 next 708
2025-11-29 14:53:32.409322: I external/local_tsl/tsl/framework/bfc_allocator.cc:1095] InUse at 7f4effdc7400 of size 256 next 685
2025-11-29 14:53:32.409326: I external/local_tsl/tsl/framework/bfc_allocator.cc:1095] InUse at 7f4effdc7500 of size 512 next 686
2025-11-29 14:53:32.409330: I external/local_tsl/tsl/framework/bfc_allocator.cc:1095] InUse at 7f4effdc7700 of size 512 next 687
2025-11-29 14:53:32.409334: I external/local_tsl/tsl/framework/bfc_allocator.cc:1095] InUse at 7f4effdc7900 of size 512 next 674
2025-11-29 14:53:32.409338: I external/local_tsl/tsl/framework/bfc_allocator.cc:1095] InUse at 7f4effdc7b00 of size 2816 next 636
2025-11-29 14:53:32.409342: I external/local_tsl/tsl/framework/bfc_allocator.cc:1095] InUse at 7f4effdc8600 of size 14592 next 637
2025-11-29 14:53:32.409346: I external/local_tsl/tsl/framework/bfc_allocator.cc:1095] InUse at 7f4effdcbf00 of size 16640 next 549
2025-11-29 14:53:32.409350: I external/local_tsl/tsl/framework/bfc_allocator.cc:1095] Free  at 7f4effdd0000 of size 70144 next 1492
2025-11-29 14:53:32.409354: I external/local_tsl/tsl/framework/bfc_allocator.cc:1095] InUse at 7f4effde1200 of size 512 next 1160
2025-11-29 14:53:32.409359: I external/local_tsl/tsl/framework/bfc_allocator.cc:1095] InUse at 7f4effde1400 of size 512 next 1176
2025-11-29 14:53:32.409363: I external/local_tsl/tsl/framework/bfc_allocator.cc:1095] InUse at 7f4effde1600 of size 1024 next 1217
2025-11-29 14:53:32.409367: I external/local_tsl/tsl/framework/bfc_allocator.cc:1095] Free  at 7f4effde1a00 of size 1024 next 1320
2025-11-29 14:53:32.409371: I external/local_tsl/tsl/framework/bfc_allocator.cc:1095] InUse at 7f4effde1e00 of size 16128 next 1233
2025-11-29 14:53:32.409375: I external/local_tsl/tsl/framework/bfc_allocator.cc:1095] InUse at 7f4effde5d00 of size 768 next 1184
2025-11-29 14:53:32.409379: I external/local_tsl/tsl/framework/bfc_allocator.cc:1095] InUse at 7f4effde6000 of size 768 next 1551
2025-11-29 14:53:32.409383: I external/local_tsl/tsl/framework/bfc_allocator.cc:1095] InUse at 7f4effde6300 of size 768 next 422
2025-11-29 14:53:32.409387: I external/local_tsl/tsl/framework/bfc_allocator.cc:1095] InUse at 7f4effde6600 of size 256 next 929
2025-11-29 14:53:32.409391: I external/local_tsl/tsl/framework/bfc_allocator.cc:1095] InUse at 7f4effde6700 of size 256 next 1263
2025-11-29 14:53:32.409395: I external/local_tsl/tsl/framework/bfc_allocator.cc:1095] InUse at 7f4effde6800 of size 256 next 1538
2025-11-29 14:53:32.409399: I external/local_tsl/tsl/framework/bfc_allocator.cc:1095] InUse at 7f4effde6900 of size 1024 next 534
2025-11-29 14:53:32.409403: I external/local_tsl/tsl/framework/bfc_allocator.cc:1095] Free  at 7f4effde6d00 of size 1024 next 1163
2025-11-29 14:53:32.409407: I external/local_tsl/tsl/framework/bfc_allocator.cc:1095] InUse at 7f4effde7100 of size 768 next 1527
2025-11-29 14:53:32.409411: I external/local_tsl/tsl/framework/bfc_allocator.cc:1095] InUse at 7f4effde7400 of size 768 next 382
2025-11-29 14:53:32.409415: I external/local_tsl/tsl/framework/bfc_allocator.cc:1095] InUse at 7f4effde7700 of size 1024 next 1370
2025-11-29 14:53:32.409419: I external/local_tsl/tsl/framework/bfc_allocator.cc:1095] InUse at 7f4effde7b00 of size 768 next 1327
2025-11-29 14:53:32.409423: I external/local_tsl/tsl/framework/bfc_allocator.cc:1095] Free  at 7f4effde7e00 of size 1024 next 464
2025-11-29 14:53:32.409427: I external/local_tsl/tsl/framework/bfc_allocator.cc:1095] InUse at 7f4effde8200 of size 3072 next 1100
2025-11-29 14:53:32.409431: I external/local_tsl/tsl/framework/bfc_allocator.cc:1095] InUse at 7f4effde8e00 of size 3072 next 931
2025-11-29 14:53:32.409435: I external/local_tsl/tsl/framework/bfc_allocator.cc:1095] Free  at 7f4effde9a00 of size 64256 next 1082
2025-11-29 14:53:32.409438: I external/local_tsl/tsl/framework/bfc_allocator.cc:1095] InUse at 7f4effdf9500 of size 768 next 1374
2025-11-29 14:53:32.409442: I external/local_tsl/tsl/framework/bfc_allocator.cc:1095] InUse at 7f4effdf9800 of size 768 next 966
2025-11-29 14:53:32.409446: I external/local_tsl/tsl/framework/bfc_allocator.cc:1095] InUse at 7f4effdf9b00 of size 7680 next 1533
2025-11-29 14:53:32.409451: I external/local_tsl/tsl/framework/bfc_allocator.cc:1095] InUse at 7f4effdfb900 of size 85760 next 1574
2025-11-29 14:53:32.409455: I external/local_tsl/tsl/framework/bfc_allocator.cc:1095] InUse at 7f4effe10800 of size 5376 next 1507
2025-11-29 14:53:32.409459: I external/local_tsl/tsl/framework/bfc_allocator.cc:1095] Free  at 7f4effe11d00 of size 4608 next 1534
2025-11-29 14:53:32.409463: I external/local_tsl/tsl/framework/bfc_allocator.cc:1095] InUse at 7f4effe12f00 of size 4608 next 956
2025-11-29 14:53:32.409467: I external/local_tsl/tsl/framework/bfc_allocator.cc:1095] InUse at 7f4effe14100 of size 4608 next 926
2025-11-29 14:53:32.409471: I external/local_tsl/tsl/framework/bfc_allocator.cc:1095] InUse at 7f4effe15300 of size 4608 next 1562
2025-11-29 14:53:32.409475: I external/local_tsl/tsl/framework/bfc_allocator.cc:1095] InUse at 7f4effe16500 of size 4608 next 1290
2025-11-29 14:53:32.409479: I external/local_tsl/tsl/framework/bfc_allocator.cc:1095] InUse at 7f4effe17700 of size 221184 next 1208
2025-11-29 14:53:32.409483: I external/local_tsl/tsl/framework/bfc_allocator.cc:1095] InUse at 7f4effe4d700 of size 221184 next 962
2025-11-29 14:53:32.409487: I external/local_tsl/tsl/framework/bfc_allocator.cc:1095] InUse at 7f4effe83700 of size 75264 next 907
2025-11-29 14:53:32.409491: I external/local_tsl/tsl/framework/bfc_allocator.cc:1095] InUse at 7f4effe95d00 of size 145920 next 462
2025-11-29 14:53:32.409495: I external/local_tsl/tsl/framework/bfc_allocator.cc:1095] InUse at 7f4effeb9700 of size 296448 next 1471
2025-11-29 14:53:32.409499: I external/local_tsl/tsl/framework/bfc_allocator.cc:1095] InUse at 7f4efff01d00 of size 4608 next 1293
2025-11-29 14:53:32.409503: I external/local_tsl/tsl/framework/bfc_allocator.cc:1095] InUse at 7f4efff02f00 of size 221184 next 1526
2025-11-29 14:53:32.409507: I external/local_tsl/tsl/framework/bfc_allocator.cc:1095] InUse at 7f4efff38f00 of size 296448 next 1476
2025-11-29 14:53:32.409511: I external/local_tsl/tsl/framework/bfc_allocator.cc:1095] InUse at 7f4efff81500 of size 221184 next 1198
2025-11-29 14:53:32.409515: I external/local_tsl/tsl/framework/bfc_allocator.cc:1095] InUse at 7f4efffb7500 of size 4608 next 1251
2025-11-29 14:53:32.409519: I external/local_tsl/tsl/framework/bfc_allocator.cc:1095] InUse at 7f4efffb8700 of size 4608 next 1487
2025-11-29 14:53:32.409523: I external/local_tsl/tsl/framework/bfc_allocator.cc:1095] InUse at 7f4efffb9900 of size 4608 next 1434
2025-11-29 14:53:32.409527: I external/local_tsl/tsl/framework/bfc_allocator.cc:1095] InUse at 7f4efffbab00 of size 4608 next 968
2025-11-29 14:53:32.409531: I external/local_tsl/tsl/framework/bfc_allocator.cc:1095] InUse at 7f4efffbbd00 of size 4608 next 1355
2025-11-29 14:53:32.409535: I external/local_tsl/tsl/framework/bfc_allocator.cc:1095] InUse at 7f4efffbcf00 of size 4608 next 1504
2025-11-29 14:53:32.409539: I external/local_tsl/tsl/framework/bfc_allocator.cc:1095] InUse at 7f4efffbe100 of size 4608 next 1179
2025-11-29 14:53:32.409543: I external/local_tsl/tsl/framework/bfc_allocator.cc:1095] InUse at 7f4efffbf300 of size 4608 next 1517
2025-11-29 14:53:32.409547: I external/local_tsl/tsl/framework/bfc_allocator.cc:1095] InUse at 7f4efffc0500 of size 4608 next 1447
2025-11-29 14:53:32.409551: I external/local_tsl/tsl/framework/bfc_allocator.cc:1095] InUse at 7f4efffc1700 of size 4608 next 1126
2025-11-29 14:53:32.409555: I external/local_tsl/tsl/framework/bfc_allocator.cc:1095] InUse at 7f4efffc2900 of size 4608 next 47
2025-11-29 14:53:32.409559: I external/local_tsl/tsl/framework/bfc_allocator.cc:1095] InUse at 7f4efffc3b00 of size 4608 next 1246
2025-11-29 14:53:32.409563: I external/local_tsl/tsl/framework/bfc_allocator.cc:1095] InUse at 7f4efffc4d00 of size 41472 next 937
2025-11-29 14:53:32.409567: I external/local_tsl/tsl/framework/bfc_allocator.cc:1095] InUse at 7f4efffcef00 of size 4608 next 1324
2025-11-29 14:53:32.409571: I external/local_tsl/tsl/framework/bfc_allocator.cc:1095] InUse at 7f4efffd0100 of size 67328 next 450
2025-11-29 14:53:32.409575: I external/local_tsl/tsl/framework/bfc_allocator.cc:1095] InUse at 7f4efffe0800 of size 70912 next 1200
2025-11-29 14:53:32.409579: I external/local_tsl/tsl/framework/bfc_allocator.cc:1095] InUse at 7f4effff1d00 of size 1024 next 945
2025-11-29 14:53:32.409583: I external/local_tsl/tsl/framework/bfc_allocator.cc:1095] Free  at 7f4effff2100 of size 2048 next 1427
2025-11-29 14:53:32.409587: I external/local_tsl/tsl/framework/bfc_allocator.cc:1095] InUse at 7f4effff2900 of size 1024 next 994
2025-11-29 14:53:32.409591: I external/local_tsl/tsl/framework/bfc_allocator.cc:1095] Free  at 7f4effff2d00 of size 6144 next 1007
2025-11-29 14:53:32.409595: I external/local_tsl/tsl/framework/bfc_allocator.cc:1095] InUse at 7f4effff4500 of size 1417728 next 473
2025-11-29 14:53:32.409600: I external/local_tsl/tsl/framework/bfc_allocator.cc:1095] InUse at 7f4f0014e700 of size 38400 next 1389
2025-11-29 14:53:32.409604: I external/local_tsl/tsl/framework/bfc_allocator.cc:1095] InUse at 7f4f00157d00 of size 9728 next 1305
2025-11-29 14:53:32.409608: I external/local_tsl/tsl/framework/bfc_allocator.cc:1095] InUse at 7f4f0015a300 of size 9728 next 977
2025-11-29 14:53:32.409612: I external/local_tsl/tsl/framework/bfc_allocator.cc:1095] InUse at 7f4f0015c900 of size 9216 next 957
2025-11-29 14:53:32.409616: I external/local_tsl/tsl/framework/bfc_allocator.cc:1095] Free  at 7f4f0015ed00 of size 9728 next 1174
2025-11-29 14:53:32.409620: I external/local_tsl/tsl/framework/bfc_allocator.cc:1095] InUse at 7f4f00161300 of size 76800 next 1028
2025-11-29 14:53:32.409624: I external/local_tsl/tsl/framework/bfc_allocator.cc:1095] InUse at 7f4f00173f00 of size 164096 next 575
2025-11-29 14:53:32.409628: I external/local_tsl/tsl/framework/bfc_allocator.cc:1095] InUse at 7f4f0019c000 of size 9728 next 654
2025-11-29 14:53:32.409632: I external/local_tsl/tsl/framework/bfc_allocator.cc:1095] InUse at 7f4f0019e600 of size 2048 next 689
2025-11-29 14:53:32.409636: I external/local_tsl/tsl/framework/bfc_allocator.cc:1095] InUse at 7f4f0019ee00 of size 2048 next 690
2025-11-29 14:53:32.409640: I external/local_tsl/tsl/framework/bfc_allocator.cc:1095] InUse at 7f4f0019f600 of size 2048 next 692
2025-11-29 14:53:32.409644: I external/local_tsl/tsl/framework/bfc_allocator.cc:1095] InUse at 7f4f0019fe00 of size 2048 next 693
2025-11-29 14:53:32.409648: I external/local_tsl/tsl/framework/bfc_allocator.cc:1095] InUse at 7f4f001a0600 of size 2048 next 697
2025-11-29 14:53:32.409652: I external/local_tsl/tsl/framework/bfc_allocator.cc:1095] InUse at 7f4f001a0e00 of size 512 next 723
2025-11-29 14:53:32.409656: I external/local_tsl/tsl/framework/bfc_allocator.cc:1095] InUse at 7f4f001a1000 of size 512 next 724
2025-11-29 14:53:32.409660: I external/local_tsl/tsl/framework/bfc_allocator.cc:1095] InUse at 7f4f001a1200 of size 256 next 760
2025-11-29 14:53:32.409664: I external/local_tsl/tsl/framework/bfc_allocator.cc:1095] InUse at 7f4f001a1300 of size 256 next 735
2025-11-29 14:53:32.409668: I external/local_tsl/tsl/framework/bfc_allocator.cc:1095] InUse at 7f4f001a1400 of size 512 next 736
2025-11-29 14:53:32.409672: I external/local_tsl/tsl/framework/bfc_allocator.cc:1095] InUse at 7f4f001a1600 of size 512 next 737
2025-11-29 14:53:32.409676: I external/local_tsl/tsl/framework/bfc_allocator.cc:1095] InUse at 7f4f001a1800 of size 256 next 787
2025-11-29 14:53:32.409680: I external/local_tsl/tsl/framework/bfc_allocator.cc:1095] InUse at 7f4f001a1900 of size 256 next 644
2025-11-29 14:53:32.409684: I external/local_tsl/tsl/framework/bfc_allocator.cc:1095] InUse at 7f4f001a1a00 of size 23040 next 645
2025-11-29 14:53:32.409688: I external/local_tsl/tsl/framework/bfc_allocator.cc:1095] InUse at 7f4f001a7400 of size 8704 next 663
2025-11-29 14:53:32.409692: I external/local_tsl/tsl/framework/bfc_allocator.cc:1095] InUse at 7f4f001a9600 of size 9728 next 666
2025-11-29 14:53:32.409696: I external/local_tsl/tsl/framework/bfc_allocator.cc:1095] InUse at 7f4f001abc00 of size 9728 next 667
2025-11-29 14:53:32.409700: I external/local_tsl/tsl/framework/bfc_allocator.cc:1095] InUse at 7f4f001ae200 of size 2048 next 675
2025-11-29 14:53:32.409704: I external/local_tsl/tsl/framework/bfc_allocator.cc:1095] InUse at 7f4f001aea00 of size 2048 next 678
2025-11-29 14:53:32.409708: I external/local_tsl/tsl/framework/bfc_allocator.cc:1095] InUse at 7f4f001af200 of size 2048 next 679
2025-11-29 14:53:32.409712: I external/local_tsl/tsl/framework/bfc_allocator.cc:1095] InUse at 7f4f001afa00 of size 2048 next 683
2025-11-29 14:53:32.409716: I external/local_tsl/tsl/framework/bfc_allocator.cc:1095] InUse at 7f4f001b0200 of size 512 next 700
2025-11-29 14:53:32.409720: I external/local_tsl/tsl/framework/bfc_allocator.cc:1095] InUse at 7f4f001b0400 of size 256 next 732
2025-11-29 14:53:32.409724: I external/local_tsl/tsl/framework/bfc_allocator.cc:1095] InUse at 7f4f001b0500 of size 256 next 711
2025-11-29 14:53:32.409728: I external/local_tsl/tsl/framework/bfc_allocator.cc:1095] InUse at 7f4f001b0600 of size 512 next 712
2025-11-29 14:53:32.409732: I external/local_tsl/tsl/framework/bfc_allocator.cc:1095] InUse at 7f4f001b0800 of size 512 next 647
2025-11-29 14:53:32.409736: I external/local_tsl/tsl/framework/bfc_allocator.cc:1095] InUse at 7f4f001b0a00 of size 38400 next 648
2025-11-29 14:53:32.409740: I external/local_tsl/tsl/framework/bfc_allocator.cc:1095] InUse at 7f4f001ba000 of size 24064 next 650
2025-11-29 14:53:32.409744: I external/local_tsl/tsl/framework/bfc_allocator.cc:1095] InUse at 7f4f001bfe00 of size 38400 next 657
2025-11-29 14:53:32.409748: I external/local_tsl/tsl/framework/bfc_allocator.cc:1095] InUse at 7f4f001c9400 of size 38400 next 660
2025-11-29 14:53:32.409752: I external/local_tsl/tsl/framework/bfc_allocator.cc:1095] InUse at 7f4f001d2a00 of size 2048 next 702
2025-11-29 14:53:32.409756: I external/local_tsl/tsl/framework/bfc_allocator.cc:1095] InUse at 7f4f001d3200 of size 2048 next 703
2025-11-29 14:53:32.409760: I external/local_tsl/tsl/framework/bfc_allocator.cc:1095] InUse at 7f4f001d3a00 of size 2048 next 705
2025-11-29 14:53:32.409767: I external/local_tsl/tsl/framework/bfc_allocator.cc:1095] InUse at 7f4f001d4200 of size 2048 next 706
2025-11-29 14:53:32.409771: I external/local_tsl/tsl/framework/bfc_allocator.cc:1095] InUse at 7f4f001d4a00 of size 2048 next 709
2025-11-29 14:53:32.409775: I external/local_tsl/tsl/framework/bfc_allocator.cc:1095] InUse at 7f4f001d5200 of size 2816 next 715
2025-11-29 14:53:32.409779: I external/local_tsl/tsl/framework/bfc_allocator.cc:1095] InUse at 7f4f001d5d00 of size 4352 next 676
2025-11-29 14:53:32.409783: I external/local_tsl/tsl/framework/bfc_allocator.cc:1095] InUse at 7f4f001d6e00 of size 17408 next 677
2025-11-29 14:53:32.409787: I external/local_tsl/tsl/framework/bfc_allocator.cc:1095] InUse at 7f4f001db200 of size 17408 next 691
2025-11-29 14:53:32.409791: I external/local_tsl/tsl/framework/bfc_allocator.cc:1095] InUse at 7f4f001df600 of size 2816 next 717
2025-11-29 14:53:32.409795: I external/local_tsl/tsl/framework/bfc_allocator.cc:1095] InUse at 7f4f001e0100 of size 2816 next 718
2025-11-29 14:53:32.409799: I external/local_tsl/tsl/framework/bfc_allocator.cc:1095] InUse at 7f4f001e0c00 of size 2816 next 720
2025-11-29 14:53:32.409803: I external/local_tsl/tsl/framework/bfc_allocator.cc:1095] InUse at 7f4f001e1700 of size 256 next 809
2025-11-29 14:53:32.409807: I external/local_tsl/tsl/framework/bfc_allocator.cc:1095] InUse at 7f4f001e1800 of size 256 next 810
2025-11-29 14:53:32.409811: I external/local_tsl/tsl/framework/bfc_allocator.cc:1095] InUse at 7f4f001e1900 of size 256 next 749
2025-11-29 14:53:32.409815: I external/local_tsl/tsl/framework/bfc_allocator.cc:1095] InUse at 7f4f001e1a00 of size 768 next 750
2025-11-29 14:53:32.409819: I external/local_tsl/tsl/framework/bfc_allocator.cc:1095] InUse at 7f4f001e1d00 of size 1280 next 726
2025-11-29 14:53:32.409823: I external/local_tsl/tsl/framework/bfc_allocator.cc:1095] InUse at 7f4f001e2200 of size 2816 next 727
2025-11-29 14:53:32.409827: I external/local_tsl/tsl/framework/bfc_allocator.cc:1095] InUse at 7f4f001e2d00 of size 2816 next 728
2025-11-29 14:53:32.409831: I external/local_tsl/tsl/framework/bfc_allocator.cc:1095] InUse at 7f4f001e3800 of size 2816 next 730
2025-11-29 14:53:32.409835: I external/local_tsl/tsl/framework/bfc_allocator.cc:1095] InUse at 7f4f001e4300 of size 4864 next 669
2025-11-29 14:53:32.409840: I external/local_tsl/tsl/framework/bfc_allocator.cc:1095] InUse at 7f4f001e5600 of size 76800 next 670
2025-11-29 14:53:32.409844: I external/local_tsl/tsl/framework/bfc_allocator.cc:1095] InUse at 7f4f001f8200 of size 38400 next 680
2025-11-29 14:53:32.409848: I external/local_tsl/tsl/framework/bfc_allocator.cc:1095] InUse at 7f4f00201800 of size 38400 next 682
2025-11-29 14:53:32.409852: I external/local_tsl/tsl/framework/bfc_allocator.cc:1095] InUse at 7f4f0020ae00 of size 2816 next 733
2025-11-29 14:53:32.409856: I external/local_tsl/tsl/framework/bfc_allocator.cc:1095] InUse at 7f4f0020b900 of size 2816 next 739
2025-11-29 14:53:32.409860: I external/local_tsl/tsl/framework/bfc_allocator.cc:1095] InUse at 7f4f0020c400 of size 2816 next 740
2025-11-29 14:53:32.409864: I external/local_tsl/tsl/framework/bfc_allocator.cc:1095] InUse at 7f4f0020cf00 of size 2816 next 742
2025-11-29 14:53:32.409868: I external/local_tsl/tsl/framework/bfc_allocator.cc:1095] InUse at 7f4f0020da00 of size 2816 next 743
2025-11-29 14:53:32.409872: I external/local_tsl/tsl/framework/bfc_allocator.cc:1095] InUse at 7f4f0020e500 of size 2816 next 746
2025-11-29 14:53:32.409876: I external/local_tsl/tsl/framework/bfc_allocator.cc:1095] InUse at 7f4f0020f000 of size 768 next 765
2025-11-29 14:53:32.409880: I external/local_tsl/tsl/framework/bfc_allocator.cc:1095] InUse at 7f4f0020f300 of size 768 next 766
2025-11-29 14:53:32.409884: I external/local_tsl/tsl/framework/bfc_allocator.cc:1095] InUse at 7f4f0020f600 of size 768 next 779
2025-11-29 14:53:32.409888: I external/local_tsl/tsl/framework/bfc_allocator.cc:1095] InUse at 7f4f0020f900 of size 768 next 780
2025-11-29 14:53:32.409892: I external/local_tsl/tsl/framework/bfc_allocator.cc:1095] InUse at 7f4f0020fc00 of size 768 next 791
2025-11-29 14:53:32.409896: I external/local_tsl/tsl/framework/bfc_allocator.cc:1095] InUse at 7f4f0020ff00 of size 768 next 753
2025-11-29 14:53:32.409900: I external/local_tsl/tsl/framework/bfc_allocator.cc:1095] InUse at 7f4f00210200 of size 4608 next 754
2025-11-29 14:53:32.409904: I external/local_tsl/tsl/framework/bfc_allocator.cc:1095] InUse at 7f4f00211400 of size 4608 next 755
2025-11-29 14:53:32.409908: I external/local_tsl/tsl/framework/bfc_allocator.cc:1095] InUse at 7f4f00212600 of size 7680 next 694
2025-11-29 14:53:32.409912: I external/local_tsl/tsl/framework/bfc_allocator.cc:1095] InUse at 7f4f00214400 of size 38400 next 695
2025-11-29 14:53:32.409916: I external/local_tsl/tsl/framework/bfc_allocator.cc:1095] InUse at 7f4f0021da00 of size 38400 next 696
2025-11-29 14:53:32.409920: I external/local_tsl/tsl/framework/bfc_allocator.cc:1095] InUse at 7f4f00227000 of size 38400 next 707
2025-11-29 14:53:32.409924: I external/local_tsl/tsl/framework/bfc_allocator.cc:1095] InUse at 7f4f00230600 of size 55808 next 552
2025-11-29 14:53:32.409928: I external/local_tsl/tsl/framework/bfc_allocator.cc:1095] InUse at 7f4f0023e000 of size 5120 next 391
2025-11-29 14:53:32.409932: I external/local_tsl/tsl/framework/bfc_allocator.cc:1095] InUse at 7f4f0023f400 of size 221184 next 1031
2025-11-29 14:53:32.409937: I external/local_tsl/tsl/framework/bfc_allocator.cc:1095] InUse at 7f4f00275400 of size 301056 next 1177
2025-11-29 14:53:32.409940: I external/local_tsl/tsl/framework/bfc_allocator.cc:1095] InUse at 7f4f002bec00 of size 215040 next 439
2025-11-29 14:53:32.409945: I external/local_tsl/tsl/framework/bfc_allocator.cc:1095] InUse at 7f4f002f3400 of size 281600 next 1157
2025-11-29 14:53:32.409949: I external/local_tsl/tsl/framework/bfc_allocator.cc:1095] InUse at 7f4f00338000 of size 1024000 next 952
2025-11-29 14:53:32.409953: I external/local_tsl/tsl/framework/bfc_allocator.cc:1095] InUse at 7f4f00432000 of size 1490944 next 569
2025-11-29 14:53:32.409957: I external/local_tsl/tsl/framework/bfc_allocator.cc:1095] InUse at 7f4f0059e000 of size 153600 next 673
2025-11-29 14:53:32.409961: I external/local_tsl/tsl/framework/bfc_allocator.cc:1095] InUse at 7f4f005c3800 of size 153600 next 684
2025-11-29 14:53:32.409965: I external/local_tsl/tsl/framework/bfc_allocator.cc:1095] InUse at 7f4f005e9000 of size 153600 next 688
2025-11-29 14:53:32.409969: I external/local_tsl/tsl/framework/bfc_allocator.cc:1095] InUse at 7f4f0060e800 of size 48128 next 704
2025-11-29 14:53:32.409973: I external/local_tsl/tsl/framework/bfc_allocator.cc:1095] InUse at 7f4f0061a400 of size 105472 next 698
2025-11-29 14:53:32.409977: I external/local_tsl/tsl/framework/bfc_allocator.cc:1095] InUse at 7f4f00634000 of size 153600 next 699
2025-11-29 14:53:32.409981: I external/local_tsl/tsl/framework/bfc_allocator.cc:1095] InUse at 7f4f00659800 of size 153600 next 701
2025-11-29 14:53:32.409985: I external/local_tsl/tsl/framework/bfc_allocator.cc:1095] InUse at 7f4f0067f000 of size 67328 next 716
2025-11-29 14:53:32.409989: I external/local_tsl/tsl/framework/bfc_allocator.cc:1095] InUse at 7f4f0068f700 of size 147712 next 710
2025-11-29 14:53:32.409994: I external/local_tsl/tsl/framework/bfc_allocator.cc:1095] InUse at 7f4f006b3800 of size 337920 next 577
2025-11-29 14:53:32.409998: I external/local_tsl/tsl/framework/bfc_allocator.cc:1095] InUse at 7f4f00706000 of size 60211200 next 580
2025-11-29 14:53:32.410002: I external/local_tsl/tsl/framework/bfc_allocator.cc:1095] Free  at 7f4f04072000 of size 64962560 next 592
2025-11-29 14:53:32.410006: I external/local_tsl/tsl/framework/bfc_allocator.cc:1095] InUse at 7f4f07e66000 of size 75264 next 719
2025-11-29 14:53:32.410010: I external/local_tsl/tsl/framework/bfc_allocator.cc:1095] InUse at 7f4f07e78600 of size 67328 next 729
2025-11-29 14:53:32.410014: I external/local_tsl/tsl/framework/bfc_allocator.cc:1095] InUse at 7f4f07e88d00 of size 75264 next 731
2025-11-29 14:53:32.410018: I external/local_tsl/tsl/framework/bfc_allocator.cc:1095] InUse at 7f4f07e9b300 of size 4608 next 758
2025-11-29 14:53:32.410022: I external/local_tsl/tsl/framework/bfc_allocator.cc:1095] InUse at 7f4f07e9c500 of size 4608 next 762
2025-11-29 14:53:32.410026: I external/local_tsl/tsl/framework/bfc_allocator.cc:1095] InUse at 7f4f07e9d700 of size 256 next 811
2025-11-29 14:53:32.410030: I external/local_tsl/tsl/framework/bfc_allocator.cc:1095] InUse at 7f4f07e9d800 of size 256 next 812
2025-11-29 14:53:32.410034: I external/local_tsl/tsl/framework/bfc_allocator.cc:1095] InUse at 7f4f07e9d900 of size 256 next 813
2025-11-29 14:53:32.410038: I external/local_tsl/tsl/framework/bfc_allocator.cc:1095] InUse at 7f4f07e9da00 of size 256 next 814
2025-11-29 14:53:32.410042: I external/local_tsl/tsl/framework/bfc_allocator.cc:1095] InUse at 7f4f07e9db00 of size 256 next 801
2025-11-29 14:53:32.410046: I external/local_tsl/tsl/framework/bfc_allocator.cc:1095] InUse at 7f4f07e9dc00 of size 1280 next 802
2025-11-29 14:53:32.410050: I external/local_tsl/tsl/framework/bfc_allocator.cc:1095] InUse at 7f4f07e9e100 of size 2048 next 768
2025-11-29 14:53:32.410054: I external/local_tsl/tsl/framework/bfc_allocator.cc:1095] InUse at 7f4f07e9e900 of size 4608 next 769
2025-11-29 14:53:32.410058: I external/local_tsl/tsl/framework/bfc_allocator.cc:1095] InUse at 7f4f07e9fb00 of size 4608 next 770
2025-11-29 14:53:32.410062: I external/local_tsl/tsl/framework/bfc_allocator.cc:1095] InUse at 7f4f07ea0d00 of size 4608 next 772
2025-11-29 14:53:32.410066: I external/local_tsl/tsl/framework/bfc_allocator.cc:1095] InUse at 7f4f07ea1f00 of size 4608 next 773
2025-11-29 14:53:32.410070: I external/local_tsl/tsl/framework/bfc_allocator.cc:1095] InUse at 7f4f07ea3100 of size 4608 next 776
2025-11-29 14:53:32.410074: I external/local_tsl/tsl/framework/bfc_allocator.cc:1095] InUse at 7f4f07ea4300 of size 4608 next 782
2025-11-29 14:53:32.410077: I external/local_tsl/tsl/framework/bfc_allocator.cc:1095] InUse at 7f4f07ea5500 of size 4608 next 783
2025-11-29 14:53:32.410081: I external/local_tsl/tsl/framework/bfc_allocator.cc:1095] InUse at 7f4f07ea6700 of size 4608 next 784
2025-11-29 14:53:32.410086: I external/local_tsl/tsl/framework/bfc_allocator.cc:1095] InUse at 7f4f07ea7900 of size 4608 next 785
2025-11-29 14:53:32.410089: I external/local_tsl/tsl/framework/bfc_allocator.cc:1095] InUse at 7f4f07ea8b00 of size 4608 next 789
2025-11-29 14:53:32.410093: I external/local_tsl/tsl/framework/bfc_allocator.cc:1095] InUse at 7f4f07ea9d00 of size 4608 next 793
2025-11-29 14:53:32.410097: I external/local_tsl/tsl/framework/bfc_allocator.cc:1095] InUse at 7f4f07eaaf00 of size 4608 next 794
2025-11-29 14:53:32.410101: I external/local_tsl/tsl/framework/bfc_allocator.cc:1095] InUse at 7f4f07eac100 of size 4608 next 796
2025-11-29 14:53:32.410105: I external/local_tsl/tsl/framework/bfc_allocator.cc:1095] InUse at 7f4f07ead300 of size 4608 next 797
2025-11-29 14:53:32.410109: I external/local_tsl/tsl/framework/bfc_allocator.cc:1095] InUse at 7f4f07eae500 of size 4864 next 713
2025-11-29 14:53:32.410113: I external/local_tsl/tsl/framework/bfc_allocator.cc:1095] InUse at 7f4f07eaf800 of size 301056 next 714
2025-11-29 14:53:32.410117: I external/local_tsl/tsl/framework/bfc_allocator.cc:1095] InUse at 7f4f07ef9000 of size 67328 next 741
2025-11-29 14:53:32.410121: I external/local_tsl/tsl/framework/bfc_allocator.cc:1095] InUse at 7f4f07f09700 of size 75264 next 744
2025-11-29 14:53:32.410125: I external/local_tsl/tsl/framework/bfc_allocator.cc:1095] InUse at 7f4f07f1bd00 of size 75264 next 745
2025-11-29 14:53:32.410129: I external/local_tsl/tsl/framework/bfc_allocator.cc:1095] InUse at 7f4f07f2e300 of size 1024 next 808
2025-11-29 14:53:32.410133: I external/local_tsl/tsl/framework/bfc_allocator.cc:1095] InUse at 7f4f07f2e700 of size 512 next 815
2025-11-29 14:53:32.410137: I external/local_tsl/tsl/framework/bfc_allocator.cc:1095] InUse at 7f4f07f2e900 of size 256 next 816
2025-11-29 14:53:32.410141: I external/local_tsl/tsl/framework/bfc_allocator.cc:1095] InUse at 7f4f07f2ea00 of size 256 next 817
2025-11-29 14:53:32.410145: I external/local_tsl/tsl/framework/bfc_allocator.cc:1095] InUse at 7f4f07f2eb00 of size 256 next 818
2025-11-29 14:53:32.410149: I external/local_tsl/tsl/framework/bfc_allocator.cc:1095] InUse at 7f4f07f2ec00 of size 256 next 819
2025-11-29 14:53:32.410153: I external/local_tsl/tsl/framework/bfc_allocator.cc:1095] InUse at 7f4f07f2ed00 of size 256 next 820
2025-11-29 14:53:32.410157: I external/local_tsl/tsl/framework/bfc_allocator.cc:1095] InUse at 7f4f07f2ee00 of size 256 next 821
2025-11-29 14:53:32.410161: I external/local_tsl/tsl/framework/bfc_allocator.cc:1095] InUse at 7f4f07f2ef00 of size 256 next 822
2025-11-29 14:53:32.410165: I external/local_tsl/tsl/framework/bfc_allocator.cc:1095] InUse at 7f4f07f2f000 of size 256 next 823
2025-11-29 14:53:32.410169: I external/local_tsl/tsl/framework/bfc_allocator.cc:1095] InUse at 7f4f07f2f100 of size 256 next 824
2025-11-29 14:53:32.410173: I external/local_tsl/tsl/framework/bfc_allocator.cc:1095] InUse at 7f4f07f2f200 of size 256 next 825
2025-11-29 14:53:32.410177: I external/local_tsl/tsl/framework/bfc_allocator.cc:1095] InUse at 7f4f07f2f300 of size 256 next 826
2025-11-29 14:53:32.410181: I external/local_tsl/tsl/framework/bfc_allocator.cc:1095] InUse at 7f4f07f2f400 of size 256 next 827
2025-11-29 14:53:32.410185: I external/local_tsl/tsl/framework/bfc_allocator.cc:1095] InUse at 7f4f07f2f500 of size 256 next 828
2025-11-29 14:53:32.410189: I external/local_tsl/tsl/framework/bfc_allocator.cc:1095] InUse at 7f4f07f2f600 of size 256 next 805
2025-11-29 14:53:32.410193: I external/local_tsl/tsl/framework/bfc_allocator.cc:1095] InUse at 7f4f07f2f700 of size 5120 next 806
2025-11-29 14:53:32.410197: I external/local_tsl/tsl/framework/bfc_allocator.cc:1095] InUse at 7f4f07f30b00 of size 5120 next 807
2025-11-29 14:53:32.410201: I external/local_tsl/tsl/framework/bfc_allocator.cc:1095] InUse at 7f4f07f31f00 of size 256 next 829
2025-11-29 14:53:32.410205: I external/local_tsl/tsl/framework/bfc_allocator.cc:1095] InUse at 7f4f07f32000 of size 256 next 830
2025-11-29 14:53:32.410209: I external/local_tsl/tsl/framework/bfc_allocator.cc:1095] InUse at 7f4f07f32100 of size 256 next 831
2025-11-29 14:53:32.410213: I external/local_tsl/tsl/framework/bfc_allocator.cc:1095] InUse at 7f4f07f32200 of size 256 next 832
2025-11-29 14:53:32.410217: I external/local_tsl/tsl/framework/bfc_allocator.cc:1095] InUse at 7f4f07f32300 of size 256 next 833
2025-11-29 14:53:32.410221: I external/local_tsl/tsl/framework/bfc_allocator.cc:1095] InUse at 7f4f07f32400 of size 256 next 834
2025-11-29 14:53:32.410225: I external/local_tsl/tsl/framework/bfc_allocator.cc:1095] InUse at 7f4f07f32500 of size 256 next 835
2025-11-29 14:53:32.410229: I external/local_tsl/tsl/framework/bfc_allocator.cc:1095] InUse at 7f4f07f32600 of size 256 next 836
2025-11-29 14:53:32.410233: I external/local_tsl/tsl/framework/bfc_allocator.cc:1095] InUse at 7f4f07f32700 of size 3584 next 837
2025-11-29 14:53:32.410237: I external/local_tsl/tsl/framework/bfc_allocator.cc:1095] InUse at 7f4f07f33500 of size 2048 next 838
2025-11-29 14:53:32.410241: I external/local_tsl/tsl/framework/bfc_allocator.cc:1095] InUse at 7f4f07f33d00 of size 256 next 839
2025-11-29 14:53:32.410245: I external/local_tsl/tsl/framework/bfc_allocator.cc:1095] InUse at 7f4f07f33e00 of size 512 next 840
2025-11-29 14:53:32.410249: I external/local_tsl/tsl/framework/bfc_allocator.cc:1095] InUse at 7f4f07f34000 of size 256 next 841
2025-11-29 14:53:32.410253: I external/local_tsl/tsl/framework/bfc_allocator.cc:1095] InUse at 7f4f07f34100 of size 2816 next 842
2025-11-29 14:53:32.410257: I external/local_tsl/tsl/framework/bfc_allocator.cc:1095] InUse at 7f4f07f34c00 of size 3584 next 843
2025-11-29 14:53:32.410261: I external/local_tsl/tsl/framework/bfc_allocator.cc:1095] InUse at 7f4f07f35a00 of size 1536 next 844
2025-11-29 14:53:32.410265: I external/local_tsl/tsl/framework/bfc_allocator.cc:1095] InUse at 7f4f07f36000 of size 768 next 845
2025-11-29 14:53:32.410268: I external/local_tsl/tsl/framework/bfc_allocator.cc:1095] InUse at 7f4f07f36300 of size 256 next 846
2025-11-29 14:53:32.410272: I external/local_tsl/tsl/framework/bfc_allocator.cc:1095] InUse at 7f4f07f36400 of size 256 next 847
2025-11-29 14:53:32.410277: I external/local_tsl/tsl/framework/bfc_allocator.cc:1095] InUse at 7f4f07f36500 of size 1280 next 848
2025-11-29 14:53:32.410281: I external/local_tsl/tsl/framework/bfc_allocator.cc:1095] InUse at 7f4f07f36a00 of size 1536 next 849
2025-11-29 14:53:32.410285: I external/local_tsl/tsl/framework/bfc_allocator.cc:1095] InUse at 7f4f07f37000 of size 1024 next 850
2025-11-29 14:53:32.410289: I external/local_tsl/tsl/framework/bfc_allocator.cc:1095] InUse at 7f4f07f37400 of size 512 next 851
2025-11-29 14:53:32.410293: I external/local_tsl/tsl/framework/bfc_allocator.cc:1095] InUse at 7f4f07f37600 of size 1280 next 852
2025-11-29 14:53:32.410296: I external/local_tsl/tsl/framework/bfc_allocator.cc:1095] InUse at 7f4f07f37b00 of size 256 next 853
2025-11-29 14:53:32.410300: I external/local_tsl/tsl/framework/bfc_allocator.cc:1095] InUse at 7f4f07f37c00 of size 256 next 855
2025-11-29 14:53:32.410304: I external/local_tsl/tsl/framework/bfc_allocator.cc:1095] InUse at 7f4f07f37d00 of size 768 next 857
2025-11-29 14:53:32.410308: I external/local_tsl/tsl/framework/bfc_allocator.cc:1095] InUse at 7f4f07f38000 of size 1280 next 795
2025-11-29 14:53:32.410312: I external/local_tsl/tsl/framework/bfc_allocator.cc:1095] InUse at 7f4f07f38500 of size 41728 next 721
2025-11-29 14:53:32.410317: I external/local_tsl/tsl/framework/bfc_allocator.cc:1095] InUse at 7f4f07f42800 of size 301056 next 722
2025-11-29 14:53:32.410320: I external/local_tsl/tsl/framework/bfc_allocator.cc:1095] InUse at 7f4f07f8c000 of size 301056 next 725
2025-11-29 14:53:32.410324: I external/local_tsl/tsl/framework/bfc_allocator.cc:1095] InUse at 7f4f07fd5800 of size 301056 next 734
2025-11-29 14:53:32.410329: I external/local_tsl/tsl/framework/bfc_allocator.cc:1095] InUse at 7f4f0801f000 of size 301056 next 738
2025-11-29 14:53:32.410333: I external/local_tsl/tsl/framework/bfc_allocator.cc:1095] InUse at 7f4f08068800 of size 3584 next 854
2025-11-29 14:53:32.410337: I external/local_tsl/tsl/framework/bfc_allocator.cc:1095] InUse at 7f4f08069600 of size 3584 next 856
2025-11-29 14:53:32.410341: I external/local_tsl/tsl/framework/bfc_allocator.cc:1095] InUse at 7f4f0806a400 of size 256 next 858
2025-11-29 14:53:32.410345: I external/local_tsl/tsl/framework/bfc_allocator.cc:1095] InUse at 7f4f0806a500 of size 256 next 859
2025-11-29 14:53:32.410349: I external/local_tsl/tsl/framework/bfc_allocator.cc:1095] InUse at 7f4f0806a600 of size 256 next 860
2025-11-29 14:53:32.410353: I external/local_tsl/tsl/framework/bfc_allocator.cc:1095] InUse at 7f4f0806a700 of size 1024 next 861
2025-11-29 14:53:32.410357: I external/local_tsl/tsl/framework/bfc_allocator.cc:1095] InUse at 7f4f0806ab00 of size 1024 next 862
2025-11-29 14:53:32.410361: I external/local_tsl/tsl/framework/bfc_allocator.cc:1095] InUse at 7f4f0806af00 of size 256 next 863
2025-11-29 14:53:32.410365: I external/local_tsl/tsl/framework/bfc_allocator.cc:1095] InUse at 7f4f0806b000 of size 512 next 864
2025-11-29 14:53:32.410369: I external/local_tsl/tsl/framework/bfc_allocator.cc:1095] InUse at 7f4f0806b200 of size 2048 next 865
2025-11-29 14:53:32.410373: I external/local_tsl/tsl/framework/bfc_allocator.cc:1095] InUse at 7f4f0806ba00 of size 256 next 866
2025-11-29 14:53:32.410377: I external/local_tsl/tsl/framework/bfc_allocator.cc:1095] InUse at 7f4f0806bb00 of size 256 next 867
2025-11-29 14:53:32.410381: I external/local_tsl/tsl/framework/bfc_allocator.cc:1095] InUse at 7f4f0806bc00 of size 256 next 868
2025-11-29 14:53:32.410385: I external/local_tsl/tsl/framework/bfc_allocator.cc:1095] InUse at 7f4f0806bd00 of size 256 next 869
2025-11-29 14:53:32.410389: I external/local_tsl/tsl/framework/bfc_allocator.cc:1095] InUse at 7f4f0806be00 of size 6144 next 870
2025-11-29 14:53:32.410393: I external/local_tsl/tsl/framework/bfc_allocator.cc:1095] InUse at 7f4f0806d600 of size 9216 next 871
2025-11-29 14:53:32.410397: I external/local_tsl/tsl/framework/bfc_allocator.cc:1095] InUse at 7f4f0806fa00 of size 5376 next 872
2025-11-29 14:53:32.410401: I external/local_tsl/tsl/framework/bfc_allocator.cc:1095] InUse at 7f4f08070f00 of size 13824 next 873
2025-11-29 14:53:32.410404: I external/local_tsl/tsl/framework/bfc_allocator.cc:1095] InUse at 7f4f08074500 of size 13824 next 874
2025-11-29 14:53:32.410408: I external/local_tsl/tsl/framework/bfc_allocator.cc:1095] InUse at 7f4f08077b00 of size 14592 next 875
2025-11-29 14:53:32.410413: I external/local_tsl/tsl/framework/bfc_allocator.cc:1095] InUse at 7f4f0807b400 of size 38400 next 756
2025-11-29 14:53:32.410417: I external/local_tsl/tsl/framework/bfc_allocator.cc:1095] InUse at 7f4f08084a00 of size 115200 next 757
2025-11-29 14:53:32.410421: I external/local_tsl/tsl/framework/bfc_allocator.cc:1095] InUse at 7f4f080a0c00 of size 115200 next 771
2025-11-29 14:53:32.410425: I external/local_tsl/tsl/framework/bfc_allocator.cc:1095] InUse at 7f4f080bce00 of size 170496 next 747
2025-11-29 14:53:32.410429: I external/local_tsl/tsl/framework/bfc_allocator.cc:1095] InUse at 7f4f080e6800 of size 516096 next 748
2025-11-29 14:53:32.410433: I external/local_tsl/tsl/framework/bfc_allocator.cc:1095] InUse at 7f4f08164800 of size 221184 next 759
2025-11-29 14:53:32.410437: I external/local_tsl/tsl/framework/bfc_allocator.cc:1095] InUse at 7f4f0819a800 of size 221184 next 761
2025-11-29 14:53:32.410441: I external/local_tsl/tsl/framework/bfc_allocator.cc:1095] InUse at 7f4f081d0800 of size 24064 next 876
2025-11-29 14:53:32.410445: I external/local_tsl/tsl/framework/bfc_allocator.cc:1095] InUse at 7f4f081d6600 of size 38400 next 877
2025-11-29 14:53:32.410449: I external/local_tsl/tsl/framework/bfc_allocator.cc:1095] InUse at 7f4f081dfc00 of size 38400 next 878
2025-11-29 14:53:32.410453: I external/local_tsl/tsl/framework/bfc_allocator.cc:1095] InUse at 7f4f081e9200 of size 8704 next 879
2025-11-29 14:53:32.410457: I external/local_tsl/tsl/framework/bfc_allocator.cc:1095] InUse at 7f4f081eb400 of size 9728 next 880
2025-11-29 14:53:32.410461: I external/local_tsl/tsl/framework/bfc_allocator.cc:1095] InUse at 7f4f081eda00 of size 9728 next 881
2025-11-29 14:53:32.410465: I external/local_tsl/tsl/framework/bfc_allocator.cc:1095] InUse at 7f4f081f0000 of size 92160 next 774
2025-11-29 14:53:32.410469: I external/local_tsl/tsl/framework/bfc_allocator.cc:1095] InUse at 7f4f08206800 of size 221184 next 751
2025-11-29 14:53:32.410473: I external/local_tsl/tsl/framework/bfc_allocator.cc:1095] InUse at 7f4f0823c800 of size 884736 next 752
2025-11-29 14:53:32.410477: I external/local_tsl/tsl/framework/bfc_allocator.cc:1095] InUse at 7f4f08314800 of size 221184 next 775
2025-11-29 14:53:32.410481: I external/local_tsl/tsl/framework/bfc_allocator.cc:1095] InUse at 7f4f0834a800 of size 221184 next 786
2025-11-29 14:53:32.410485: I external/local_tsl/tsl/framework/bfc_allocator.cc:1095] InUse at 7f4f08380800 of size 221184 next 788
2025-11-29 14:53:32.410489: I external/local_tsl/tsl/framework/bfc_allocator.cc:1095] InUse at 7f4f083b6800 of size 221184 next 763
2025-11-29 14:53:32.410493: I external/local_tsl/tsl/framework/bfc_allocator.cc:1095] InUse at 7f4f083ec800 of size 884736 next 764
2025-11-29 14:53:32.410497: I external/local_tsl/tsl/framework/bfc_allocator.cc:1095] InUse at 7f4f084c4800 of size 884736 next 767
2025-11-29 14:53:32.410501: I external/local_tsl/tsl/framework/bfc_allocator.cc:1095] InUse at 7f4f0859c800 of size 221184 next 798
2025-11-29 14:53:32.410505: I external/local_tsl/tsl/framework/bfc_allocator.cc:1095] InUse at 7f4f085d2800 of size 17408 next 882
2025-11-29 14:53:32.410509: I external/local_tsl/tsl/framework/bfc_allocator.cc:1095] InUse at 7f4f085d6c00 of size 153600 next 883
2025-11-29 14:53:32.410513: I external/local_tsl/tsl/framework/bfc_allocator.cc:1095] InUse at 7f4f085fc400 of size 153600 next 884
2025-11-29 14:53:32.410517: I external/local_tsl/tsl/framework/bfc_allocator.cc:1095] InUse at 7f4f08621c00 of size 48128 next 885
2025-11-29 14:53:32.410521: I external/local_tsl/tsl/framework/bfc_allocator.cc:1095] InUse at 7f4f0862d800 of size 38400 next 886
2025-11-29 14:53:32.410525: I external/local_tsl/tsl/framework/bfc_allocator.cc:1095] InUse at 7f4f08636e00 of size 38400 next 887
2025-11-29 14:53:32.410529: I external/local_tsl/tsl/framework/bfc_allocator.cc:1095] InUse at 7f4f08640400 of size 67328 next 891
2025-11-29 14:53:32.410533: I external/local_tsl/tsl/framework/bfc_allocator.cc:1095] InUse at 7f4f08650b00 of size 146688 next 777
2025-11-29 14:53:32.410538: I external/local_tsl/tsl/framework/bfc_allocator.cc:1095] InUse at 7f4f08674800 of size 884736 next 778
2025-11-29 14:53:32.410541: I external/local_tsl/tsl/framework/bfc_allocator.cc:1095] InUse at 7f4f0874c800 of size 884736 next 781
2025-11-29 14:53:32.410545: I external/local_tsl/tsl/framework/bfc_allocator.cc:1095] InUse at 7f4f08824800 of size 884736 next 790
2025-11-29 14:53:32.410549: I external/local_tsl/tsl/framework/bfc_allocator.cc:1095] InUse at 7f4f088fc800 of size 884736 next 792
2025-11-29 14:53:32.410553: I external/local_tsl/tsl/framework/bfc_allocator.cc:1095] InUse at 7f4f089d4800 of size 215040 next 888
2025-11-29 14:53:32.410557: I external/local_tsl/tsl/framework/bfc_allocator.cc:1095] InUse at 7f4f08a09000 of size 301056 next 889
2025-11-29 14:53:32.410561: I external/local_tsl/tsl/framework/bfc_allocator.cc:1095] InUse at 7f4f08a52800 of size 301056 next 890
2025-11-29 14:53:32.410565: I external/local_tsl/tsl/framework/bfc_allocator.cc:1095] InUse at 7f4f08a9c000 of size 75264 next 892
2025-11-29 14:53:32.410570: I external/local_tsl/tsl/framework/bfc_allocator.cc:1095] InUse at 7f4f08aae600 of size 582144 next 799
2025-11-29 14:53:32.410574: I external/local_tsl/tsl/framework/bfc_allocator.cc:1095] InUse at 7f4f08b3c800 of size 1474560 next 800
2025-11-29 14:53:32.410578: I external/local_tsl/tsl/framework/bfc_allocator.cc:1095] InUse at 7f4f08ca4800 of size 1638400 next 803
2025-11-29 14:53:32.410582: I external/local_tsl/tsl/framework/bfc_allocator.cc:1095] InUse at 7f4f08e34800 of size 1638400 next 804
2025-11-29 14:53:32.410586: I external/local_tsl/tsl/framework/bfc_allocator.cc:1095] InUse at 7f4f08fc4800 of size 115200 next 893
2025-11-29 14:53:32.410590: I external/local_tsl/tsl/framework/bfc_allocator.cc:1095] InUse at 7f4f08fe0a00 of size 884736 next 894
2025-11-29 14:53:32.410594: I external/local_tsl/tsl/framework/bfc_allocator.cc:1095] InUse at 7f4f090b8a00 of size 884736 next 895
2025-11-29 14:53:32.410598: I external/local_tsl/tsl/framework/bfc_allocator.cc:1095] InUse at 7f4f09190a00 of size 41472 next 896
2025-11-29 14:53:32.410602: I external/local_tsl/tsl/framework/bfc_allocator.cc:1095] InUse at 7f4f0919ac00 of size 221184 next 897
2025-11-29 14:53:32.410606: I external/local_tsl/tsl/framework/bfc_allocator.cc:1095] InUse at 7f4f091d0c00 of size 221184 next 898
2025-11-29 14:53:32.410609: I external/local_tsl/tsl/framework/bfc_allocator.cc:1095] InUse at 7f4f09206c00 of size 4608 next 899
2025-11-29 14:53:32.410613: I external/local_tsl/tsl/framework/bfc_allocator.cc:1095] InUse at 7f4f09207e00 of size 1474560 next 900
2025-11-29 14:53:32.410617: I external/local_tsl/tsl/framework/bfc_allocator.cc:1095] InUse at 7f4f0936fe00 of size 1638400 next 901
2025-11-29 14:53:32.410621: I external/local_tsl/tsl/framework/bfc_allocator.cc:1095] InUse at 7f4f094ffe00 of size 5120 next 902
2025-11-29 14:53:32.410625: I external/local_tsl/tsl/framework/bfc_allocator.cc:1095] InUse at 7f4f09501200 of size 1024000 next 903
2025-11-29 14:53:32.410629: I external/local_tsl/tsl/framework/bfc_allocator.cc:1095] Free  at 7f4f095fb200 of size 477089280 next 1545
2025-11-29 14:53:32.410633: I external/local_tsl/tsl/framework/bfc_allocator.cc:1095] InUse at 7f4f25cf8000 of size 1280 next 1444
2025-11-29 14:53:32.410637: I external/local_tsl/tsl/framework/bfc_allocator.cc:1095] InUse at 7f4f25cf8500 of size 1280 next 1572
2025-11-29 14:53:32.410641: I external/local_tsl/tsl/framework/bfc_allocator.cc:1095] InUse at 7f4f25cf8a00 of size 481689600 next 1045
2025-11-29 14:53:32.410645: I external/local_tsl/tsl/framework/bfc_allocator.cc:1095] Free  at 7f4f42858a00 of size 469373440 next 1350
2025-11-29 14:53:32.410649: I external/local_tsl/tsl/framework/bfc_allocator.cc:1095] InUse at 7f4f5e7f9c00 of size 512 next 1093
2025-11-29 14:53:32.410653: I external/local_tsl/tsl/framework/bfc_allocator.cc:1095] InUse at 7f4f5e7f9e00 of size 512 next 924
2025-11-29 14:53:32.410657: I external/local_tsl/tsl/framework/bfc_allocator.cc:1095] InUse at 7f4f5e7fa000 of size 512 next 425
2025-11-29 14:53:32.410661: I external/local_tsl/tsl/framework/bfc_allocator.cc:1095] Free  at 7f4f5e7fa200 of size 474976768 next 1072
2025-11-29 14:53:32.410665: I external/local_tsl/tsl/framework/bfc_allocator.cc:1095] InUse at 7f4f7acf3400 of size 2816 next 1392
2025-11-29 14:53:32.410669: I external/local_tsl/tsl/framework/bfc_allocator.cc:1095] Free  at 7f4f7acf3f00 of size 275653632 next 1175
2025-11-29 14:53:32.410673: I external/local_tsl/tsl/framework/bfc_allocator.cc:1095] InUse at 7f4f8b3d6300 of size 1024 next 1364
2025-11-29 14:53:32.410677: I external/local_tsl/tsl/framework/bfc_allocator.cc:1095] InUse at 7f4f8b3d6700 of size 768 next 1522
2025-11-29 14:53:32.410681: I external/local_tsl/tsl/framework/bfc_allocator.cc:1095] InUse at 7f4f8b3d6a00 of size 768 next 436
2025-11-29 14:53:32.410685: I external/local_tsl/tsl/framework/bfc_allocator.cc:1095] Free  at 7f4f8b3d6d00 of size 66416128 next 1496
2025-11-29 14:53:32.410689: I external/local_tsl/tsl/framework/bfc_allocator.cc:1095] InUse at 7f4f8f32db00 of size 4608 next 1371
2025-11-29 14:53:32.410693: I external/local_tsl/tsl/framework/bfc_allocator.cc:1095] InUse at 7f4f8f32ed00 of size 4608 next 1421
2025-11-29 14:53:32.410697: I external/local_tsl/tsl/framework/bfc_allocator.cc:1095] InUse at 7f4f8f32ff00 of size 499677696 next 1348
2025-11-29 14:53:32.410701: I external/local_tsl/tsl/framework/bfc_allocator.cc:1095] InUse at 7f4facfb7900 of size 4608 next 1183
2025-11-29 14:53:32.410705: I external/local_tsl/tsl/framework/bfc_allocator.cc:1095] Free  at 7f4facfb8b00 of size 176594432 next 1579
2025-11-29 14:53:32.410709: I external/local_tsl/tsl/framework/bfc_allocator.cc:1095] InUse at 7f4fb7822900 of size 5120 next 431
2025-11-29 14:53:32.410713: I external/local_tsl/tsl/framework/bfc_allocator.cc:1095] Free  at 7f4fb7823d00 of size 458895360 next 1578
2025-11-29 14:53:32.410717: I external/local_tsl/tsl/framework/bfc_allocator.cc:1095] InUse at 7f4fd2dc6d00 of size 5120 next 992
2025-11-29 14:53:32.410721: I external/local_tsl/tsl/framework/bfc_allocator.cc:1095] Free  at 7f4fd2dc8100 of size 236231680 next 1111
2025-11-29 14:53:32.410725: I external/local_tsl/tsl/framework/bfc_allocator.cc:1095] InUse at 7f4fe0f11d00 of size 2816 next 1552
2025-11-29 14:53:32.410729: I external/local_tsl/tsl/framework/bfc_allocator.cc:1095] Free  at 7f4fe0f12800 of size 52684800 next 1278
2025-11-29 14:53:32.410733: I external/local_tsl/tsl/framework/bfc_allocator.cc:1095] InUse at 7f4fe4151000 of size 2816 next 1156
2025-11-29 14:53:32.410737: I external/local_tsl/tsl/framework/bfc_allocator.cc:1095] InUse at 7f4fe4151b00 of size 2816 next 928
2025-11-29 14:53:32.410741: I external/local_tsl/tsl/framework/bfc_allocator.cc:1095] InUse at 7f4fe4152600 of size 481689600 next 502
2025-11-29 14:53:32.410745: I external/local_tsl/tsl/framework/bfc_allocator.cc:1095] Free  at 7f5000cb2600 of size 436262912 next 967
2025-11-29 14:53:32.410749: I external/local_tsl/tsl/framework/bfc_allocator.cc:1095] InUse at 7f501acbfe00 of size 4608 next 1020
2025-11-29 14:53:32.410753: I external/local_tsl/tsl/framework/bfc_allocator.cc:1095] InUse at 7f501acc1000 of size 4608 next 1485
2025-11-29 14:53:32.410757: I external/local_tsl/tsl/framework/bfc_allocator.cc:1095] Free  at 7f501acc2200 of size 28922368 next 314
2025-11-29 14:53:32.410761: I external/local_tsl/tsl/framework/bfc_allocator.cc:1095] InUse at 7f501c857400 of size 768 next 974
2025-11-29 14:53:32.410765: I external/local_tsl/tsl/framework/bfc_allocator.cc:1095] Free  at 7f501c857700 of size 311500544 next 938
2025-11-29 14:53:32.410769: I external/local_tsl/tsl/framework/bfc_allocator.cc:1095] InUse at 7f502f169600 of size 768 next 1014
2025-11-29 14:53:32.410773: I external/local_tsl/tsl/framework/bfc_allocator.cc:1095] InUse at 7f502f169900 of size 2048 next 1511
2025-11-29 14:53:32.410777: I external/local_tsl/tsl/framework/bfc_allocator.cc:1095] Free  at 7f502f16a100 of size 52685312 next 1261
2025-11-29 14:53:32.410781: I external/local_tsl/tsl/framework/bfc_allocator.cc:1095] InUse at 7f50323a8b00 of size 512 next 131
2025-11-29 14:53:32.410785: I external/local_tsl/tsl/framework/bfc_allocator.cc:1095] InUse at 7f50323a8d00 of size 512 next 988
2025-11-29 14:53:32.410789: I external/local_tsl/tsl/framework/bfc_allocator.cc:1095] Free  at 7f50323a8f00 of size 228869376 next 415
2025-11-29 14:53:32.410792: I external/local_tsl/tsl/framework/bfc_allocator.cc:1095] InUse at 7f503fded400 of size 1280 next 41
2025-11-29 14:53:32.410797: I external/local_tsl/tsl/framework/bfc_allocator.cc:1095] InUse at 7f503fded900 of size 583716352 next 1353
2025-11-29 14:53:32.410801: I external/local_tsl/tsl/framework/bfc_allocator.cc:1095] InUse at 7f5062a9a700 of size 4608 next 1057
2025-11-29 14:53:32.410805: I external/local_tsl/tsl/framework/bfc_allocator.cc:1095] InUse at 7f5062a9b900 of size 4608 next 1172
2025-11-29 14:53:32.410809: I external/local_tsl/tsl/framework/bfc_allocator.cc:1095] Free  at 7f5062a9cb00 of size 336830976 next 1555
2025-11-29 14:53:32.410813: I external/local_tsl/tsl/framework/bfc_allocator.cc:1095] InUse at 7f5076bd6d00 of size 256 next 1130
2025-11-29 14:53:32.410817: I external/local_tsl/tsl/framework/bfc_allocator.cc:1095] InUse at 7f5076bd6e00 of size 256 next 1400
2025-11-29 14:53:32.410821: I external/local_tsl/tsl/framework/bfc_allocator.cc:1095] InUse at 7f5076bd6f00 of size 256 next 1171
2025-11-29 14:53:32.410825: I external/local_tsl/tsl/framework/bfc_allocator.cc:1095] InUse at 7f5076bd7000 of size 768 next 1065
2025-11-29 14:53:32.410828: I external/local_tsl/tsl/framework/bfc_allocator.cc:1095] Free  at 7f5076bd7300 of size 439619072 next 448
2025-11-29 14:53:32.410832: I external/local_tsl/tsl/framework/bfc_allocator.cc:1095] InUse at 7f5090f18100 of size 768 next 999
2025-11-29 14:53:32.410836: I external/local_tsl/tsl/framework/bfc_allocator.cc:1095] Free  at 7f5090f18400 of size 228869376 next 1186
2025-11-29 14:53:32.410840: I external/local_tsl/tsl/framework/bfc_allocator.cc:1095] InUse at 7f509e95c900 of size 2048 next 1188
2025-11-29 14:53:32.410845: I external/local_tsl/tsl/framework/bfc_allocator.cc:1095] InUse at 7f509e95d100 of size 80281600 next 1402
2025-11-29 14:53:32.410849: I external/local_tsl/tsl/framework/bfc_allocator.cc:1095] Free  at 7f50a35ed100 of size 116509696 next 1569
2025-11-29 14:53:32.410853: I external/local_tsl/tsl/framework/bfc_allocator.cc:1095] InUse at 7f50aa509d00 of size 7680 next 466
2025-11-29 14:53:32.410857: I external/local_tsl/tsl/framework/bfc_allocator.cc:1095] InUse at 7f50aa50bb00 of size 77683200 next 1059
2025-11-29 14:53:32.410861: I external/local_tsl/tsl/framework/bfc_allocator.cc:1095] InUse at 7f50aef21500 of size 4608 next 385
2025-11-29 14:53:32.410865: I external/local_tsl/tsl/framework/bfc_allocator.cc:1095] InUse at 7f50aef22700 of size 166559232 next 1488
2025-11-29 14:53:32.410869: I external/local_tsl/tsl/framework/bfc_allocator.cc:1095] InUse at 7f50b8dfa500 of size 4608 next 1363
2025-11-29 14:53:32.410873: I external/local_tsl/tsl/framework/bfc_allocator.cc:1095] InUse at 7f50b8dfb700 of size 166559232 next 948
2025-11-29 14:53:32.410878: I external/local_tsl/tsl/framework/bfc_allocator.cc:1095] InUse at 7f50c2cd3500 of size 4608 next 1486
2025-11-29 14:53:32.410882: I external/local_tsl/tsl/framework/bfc_allocator.cc:1095] InUse at 7f50c2cd4700 of size 166559232 next 1358
2025-11-29 14:53:32.410886: I external/local_tsl/tsl/framework/bfc_allocator.cc:1095] InUse at 7f50ccbac500 of size 4608 next 441
2025-11-29 14:53:32.410890: I external/local_tsl/tsl/framework/bfc_allocator.cc:1095] InUse at 7f50ccbad700 of size 176594432 next 1576
2025-11-29 14:53:32.410894: I external/local_tsl/tsl/framework/bfc_allocator.cc:1095] InUse at 7f50d7417500 of size 481689600 next 456
2025-11-29 14:53:32.410898: I external/local_tsl/tsl/framework/bfc_allocator.cc:1095] Free  at 7f50f3f77500 of size 434331392 next 1055
2025-11-29 14:53:32.410902: I external/local_tsl/tsl/framework/bfc_allocator.cc:1095] InUse at 7f510ddad400 of size 884736 next 1216
2025-11-29 14:53:32.410906: I external/local_tsl/tsl/framework/bfc_allocator.cc:1095] InUse at 7f510de85400 of size 884736 next 1567
2025-11-29 14:53:32.410910: I external/local_tsl/tsl/framework/bfc_allocator.cc:1095] InUse at 7f510df5d400 of size 60750080 next 1477
2025-11-29 14:53:32.410914: I external/local_tsl/tsl/framework/bfc_allocator.cc:1095] InUse at 7f511194cd00 of size 103061248 next 1133
2025-11-29 14:53:32.410918: I external/local_tsl/tsl/framework/bfc_allocator.cc:1095] InUse at 7f5117b96400 of size 884736 next 368
2025-11-29 14:53:32.410922: I external/local_tsl/tsl/framework/bfc_allocator.cc:1095] InUse at 7f5117c6e400 of size 884736 next 474
2025-11-29 14:53:32.410926: I external/local_tsl/tsl/framework/bfc_allocator.cc:1095] InUse at 7f5117d46400 of size 163811328 next 1197
2025-11-29 14:53:32.410931: I external/local_tsl/tsl/framework/bfc_allocator.cc:1095] InUse at 7f512197f400 of size 884736 next 958
2025-11-29 14:53:32.410935: I external/local_tsl/tsl/framework/bfc_allocator.cc:1095] InUse at 7f5121a57400 of size 171352064 next 437
2025-11-29 14:53:32.410939: I external/local_tsl/tsl/framework/bfc_allocator.cc:1095] InUse at 7f512bdc1400 of size 1638400 next 1326
2025-11-29 14:53:32.410943: I external/local_tsl/tsl/framework/bfc_allocator.cc:1095] InUse at 7f512bf51400 of size 1474560 next 1491
2025-11-29 14:53:32.410947: I external/local_tsl/tsl/framework/bfc_allocator.cc:1095] Free  at 7f512c0b9400 of size 363968000 next 497
2025-11-29 14:53:32.410951: I external/local_tsl/tsl/framework/bfc_allocator.cc:1095] InUse at 7f5141bd4a00 of size 2048 next 489
2025-11-29 14:53:32.410955: I external/local_tsl/tsl/framework/bfc_allocator.cc:1095] Free  at 7f5141bd5200 of size 276376576 next 1076
2025-11-29 14:53:32.410959: I external/local_tsl/tsl/framework/bfc_allocator.cc:1095] InUse at 7f5152367e00 of size 2048 next 909
2025-11-29 14:53:32.410963: I external/local_tsl/tsl/framework/bfc_allocator.cc:1095] Free  at 7f5152368600 of size 293461248 next 247
2025-11-29 14:53:32.410967: I external/local_tsl/tsl/framework/bfc_allocator.cc:1095] InUse at 7f5163b46300 of size 8448 next 1318
2025-11-29 14:53:32.410971: I external/local_tsl/tsl/framework/bfc_allocator.cc:1095] InUse at 7f5163b48400 of size 166560768 next 1272
2025-11-29 14:53:32.410975: I external/local_tsl/tsl/framework/bfc_allocator.cc:1095] Free  at 7f516da20800 of size 1280 next 1575
2025-11-29 14:53:32.410979: I external/local_tsl/tsl/framework/bfc_allocator.cc:1095] InUse at 7f516da20d00 of size 6400 next 564
2025-11-29 14:53:32.410983: I external/local_tsl/tsl/framework/bfc_allocator.cc:1095] Free  at 7f516da22600 of size 345561600 next 18446744073709551615
2025-11-29 14:53:32.410988: I external/local_tsl/tsl/framework/bfc_allocator.cc:1100]      Summary of in-use Chunks by size: 
2025-11-29 14:53:32.410993: I external/local_tsl/tsl/framework/bfc_allocator.cc:1103] 561 Chunks of size 256 totalling 140.2KiB
2025-11-29 14:53:32.410998: I external/local_tsl/tsl/framework/bfc_allocator.cc:1103] 65 Chunks of size 512 totalling 32.5KiB
2025-11-29 14:53:32.411003: I external/local_tsl/tsl/framework/bfc_allocator.cc:1103] 71 Chunks of size 768 totalling 53.2KiB
2025-11-29 14:53:32.411007: I external/local_tsl/tsl/framework/bfc_allocator.cc:1103] 50 Chunks of size 1024 totalling 50.0KiB
2025-11-29 14:53:32.411012: I external/local_tsl/tsl/framework/bfc_allocator.cc:1103] 21 Chunks of size 1280 totalling 26.2KiB
2025-11-29 14:53:32.411016: I external/local_tsl/tsl/framework/bfc_allocator.cc:1103] 6 Chunks of size 1536 totalling 9.0KiB
2025-11-29 14:53:32.411021: I external/local_tsl/tsl/framework/bfc_allocator.cc:1103] 4 Chunks of size 1792 totalling 7.0KiB
2025-11-29 14:53:32.411025: I external/local_tsl/tsl/framework/bfc_allocator.cc:1103] 56 Chunks of size 2048 totalling 112.0KiB
2025-11-29 14:53:32.411030: I external/local_tsl/tsl/framework/bfc_allocator.cc:1103] 1 Chunks of size 2304 totalling 2.2KiB
2025-11-29 14:53:32.411034: I external/local_tsl/tsl/framework/bfc_allocator.cc:1103] 3 Chunks of size 2560 totalling 7.5KiB
2025-11-29 14:53:32.411039: I external/local_tsl/tsl/framework/bfc_allocator.cc:1103] 53 Chunks of size 2816 totalling 145.8KiB
2025-11-29 14:53:32.411043: I external/local_tsl/tsl/framework/bfc_allocator.cc:1103] 3 Chunks of size 3072 totalling 9.0KiB
2025-11-29 14:53:32.411048: I external/local_tsl/tsl/framework/bfc_allocator.cc:1103] 17 Chunks of size 3584 totalling 59.5KiB
2025-11-29 14:53:32.411052: I external/local_tsl/tsl/framework/bfc_allocator.cc:1103] 2 Chunks of size 3840 totalling 7.5KiB
2025-11-29 14:53:32.411057: I external/local_tsl/tsl/framework/bfc_allocator.cc:1103] 4 Chunks of size 4096 totalling 16.0KiB
2025-11-29 14:53:32.411061: I external/local_tsl/tsl/framework/bfc_allocator.cc:1103] 1 Chunks of size 4352 totalling 4.2KiB
2025-11-29 14:53:32.411066: I external/local_tsl/tsl/framework/bfc_allocator.cc:1103] 72 Chunks of size 4608 totalling 324.0KiB
2025-11-29 14:53:32.411071: I external/local_tsl/tsl/framework/bfc_allocator.cc:1103] 2 Chunks of size 4864 totalling 9.5KiB
2025-11-29 14:53:32.411075: I external/local_tsl/tsl/framework/bfc_allocator.cc:1103] 8 Chunks of size 5120 totalling 40.0KiB
2025-11-29 14:53:32.411080: I external/local_tsl/tsl/framework/bfc_allocator.cc:1103] 6 Chunks of size 5376 totalling 31.5KiB
2025-11-29 14:53:32.411084: I external/local_tsl/tsl/framework/bfc_allocator.cc:1103] 1 Chunks of size 5632 totalling 5.5KiB
2025-11-29 14:53:32.411088: I external/local_tsl/tsl/framework/bfc_allocator.cc:1103] 4 Chunks of size 6144 totalling 24.0KiB
2025-11-29 14:53:32.411093: I external/local_tsl/tsl/framework/bfc_allocator.cc:1103] 1 Chunks of size 6400 totalling 6.2KiB
2025-11-29 14:53:32.411097: I external/local_tsl/tsl/framework/bfc_allocator.cc:1103] 1 Chunks of size 6656 totalling 6.5KiB
2025-11-29 14:53:32.411102: I external/local_tsl/tsl/framework/bfc_allocator.cc:1103] 3 Chunks of size 7680 totalling 22.5KiB
2025-11-29 14:53:32.411106: I external/local_tsl/tsl/framework/bfc_allocator.cc:1103] 2 Chunks of size 8448 totalling 16.5KiB
2025-11-29 14:53:32.411111: I external/local_tsl/tsl/framework/bfc_allocator.cc:1103] 3 Chunks of size 8704 totalling 25.5KiB
2025-11-29 14:53:32.411116: I external/local_tsl/tsl/framework/bfc_allocator.cc:1103] 4 Chunks of size 9216 totalling 36.0KiB
2025-11-29 14:53:32.411120: I external/local_tsl/tsl/framework/bfc_allocator.cc:1103] 11 Chunks of size 9728 totalling 104.5KiB
2025-11-29 14:53:32.411125: I external/local_tsl/tsl/framework/bfc_allocator.cc:1103] 1 Chunks of size 10240 totalling 10.0KiB
2025-11-29 14:53:32.411130: I external/local_tsl/tsl/framework/bfc_allocator.cc:1103] 1 Chunks of size 13568 totalling 13.2KiB
2025-11-29 14:53:32.411134: I external/local_tsl/tsl/framework/bfc_allocator.cc:1103] 10 Chunks of size 13824 totalling 135.0KiB
2025-11-29 14:53:32.411139: I external/local_tsl/tsl/framework/bfc_allocator.cc:1103] 4 Chunks of size 14592 totalling 57.0KiB
2025-11-29 14:53:32.411143: I external/local_tsl/tsl/framework/bfc_allocator.cc:1103] 1 Chunks of size 15360 totalling 15.0KiB
2025-11-29 14:53:32.411148: I external/local_tsl/tsl/framework/bfc_allocator.cc:1103] 1 Chunks of size 16128 totalling 15.8KiB
2025-11-29 14:53:32.411153: I external/local_tsl/tsl/framework/bfc_allocator.cc:1103] 1 Chunks of size 16640 totalling 16.2KiB
2025-11-29 14:53:32.411157: I external/local_tsl/tsl/framework/bfc_allocator.cc:1103] 1 Chunks of size 17152 totalling 16.8KiB
2025-11-29 14:53:32.411162: I external/local_tsl/tsl/framework/bfc_allocator.cc:1103] 5 Chunks of size 17408 totalling 85.0KiB
2025-11-29 14:53:32.411166: I external/local_tsl/tsl/framework/bfc_allocator.cc:1103] 1 Chunks of size 20224 totalling 19.8KiB
2025-11-29 14:53:32.411171: I external/local_tsl/tsl/framework/bfc_allocator.cc:1103] 1 Chunks of size 20480 totalling 20.0KiB
2025-11-29 14:53:32.411175: I external/local_tsl/tsl/framework/bfc_allocator.cc:1103] 1 Chunks of size 22528 totalling 22.0KiB
2025-11-29 14:53:32.411180: I external/local_tsl/tsl/framework/bfc_allocator.cc:1103] 3 Chunks of size 23040 totalling 67.5KiB
2025-11-29 14:53:32.411184: I external/local_tsl/tsl/framework/bfc_allocator.cc:1103] 4 Chunks of size 24064 totalling 94.0KiB
2025-11-29 14:53:32.411189: I external/local_tsl/tsl/framework/bfc_allocator.cc:1103] 1 Chunks of size 24576 totalling 24.0KiB
2025-11-29 14:53:32.411194: I external/local_tsl/tsl/framework/bfc_allocator.cc:1103] 29 Chunks of size 38400 totalling 1.06MiB
2025-11-29 14:53:32.411198: I external/local_tsl/tsl/framework/bfc_allocator.cc:1103] 3 Chunks of size 41472 totalling 121.5KiB
2025-11-29 14:53:32.411203: I external/local_tsl/tsl/framework/bfc_allocator.cc:1103] 1 Chunks of size 41728 totalling 40.8KiB
2025-11-29 14:53:32.411207: I external/local_tsl/tsl/framework/bfc_allocator.cc:1103] 4 Chunks of size 48128 totalling 188.0KiB
2025-11-29 14:53:32.411212: I external/local_tsl/tsl/framework/bfc_allocator.cc:1103] 1 Chunks of size 55808 totalling 54.5KiB
2025-11-29 14:53:32.411216: I external/local_tsl/tsl/framework/bfc_allocator.cc:1103] 1 Chunks of size 67072 totalling 65.5KiB
2025-11-29 14:53:32.411221: I external/local_tsl/tsl/framework/bfc_allocator.cc:1103] 8 Chunks of size 67328 totalling 526.0KiB
2025-11-29 14:53:32.411226: I external/local_tsl/tsl/framework/bfc_allocator.cc:1103] 1 Chunks of size 70912 totalling 69.2KiB
2025-11-29 14:53:32.411230: I external/local_tsl/tsl/framework/bfc_allocator.cc:1103] 16 Chunks of size 75264 totalling 1.15MiB
2025-11-29 14:53:32.411235: I external/local_tsl/tsl/framework/bfc_allocator.cc:1103] 3 Chunks of size 76800 totalling 225.0KiB
2025-11-29 14:53:32.411239: I external/local_tsl/tsl/framework/bfc_allocator.cc:1103] 1 Chunks of size 85760 totalling 83.8KiB
2025-11-29 14:53:32.411244: I external/local_tsl/tsl/framework/bfc_allocator.cc:1103] 1 Chunks of size 91648 totalling 89.5KiB
2025-11-29 14:53:32.411248: I external/local_tsl/tsl/framework/bfc_allocator.cc:1103] 1 Chunks of size 92160 totalling 90.0KiB
2025-11-29 14:53:32.411253: I external/local_tsl/tsl/framework/bfc_allocator.cc:1103] 1 Chunks of size 104192 totalling 101.8KiB
2025-11-29 14:53:32.411257: I external/local_tsl/tsl/framework/bfc_allocator.cc:1103] 1 Chunks of size 105472 totalling 103.0KiB
2025-11-29 14:53:32.411262: I external/local_tsl/tsl/framework/bfc_allocator.cc:1103] 7 Chunks of size 115200 totalling 787.5KiB
2025-11-29 14:53:32.411267: I external/local_tsl/tsl/framework/bfc_allocator.cc:1103] 1 Chunks of size 118272 totalling 115.5KiB
2025-11-29 14:53:32.411271: I external/local_tsl/tsl/framework/bfc_allocator.cc:1103] 1 Chunks of size 145920 totalling 142.5KiB
2025-11-29 14:53:32.411276: I external/local_tsl/tsl/framework/bfc_allocator.cc:1103] 1 Chunks of size 146688 totalling 143.2KiB
2025-11-29 14:53:32.411280: I external/local_tsl/tsl/framework/bfc_allocator.cc:1103] 1 Chunks of size 147712 totalling 144.2KiB
2025-11-29 14:53:32.411285: I external/local_tsl/tsl/framework/bfc_allocator.cc:1103] 14 Chunks of size 153600 totalling 2.05MiB
2025-11-29 14:53:32.411289: I external/local_tsl/tsl/framework/bfc_allocator.cc:1103] 1 Chunks of size 164096 totalling 160.2KiB
2025-11-29 14:53:32.411294: I external/local_tsl/tsl/framework/bfc_allocator.cc:1103] 1 Chunks of size 166400 totalling 162.5KiB
2025-11-29 14:53:32.411298: I external/local_tsl/tsl/framework/bfc_allocator.cc:1103] 1 Chunks of size 170496 totalling 166.5KiB
2025-11-29 14:53:32.411303: I external/local_tsl/tsl/framework/bfc_allocator.cc:1103] 3 Chunks of size 215040 totalling 630.0KiB
2025-11-29 14:53:32.411307: I external/local_tsl/tsl/framework/bfc_allocator.cc:1103] 24 Chunks of size 221184 totalling 5.06MiB
2025-11-29 14:53:32.411312: I external/local_tsl/tsl/framework/bfc_allocator.cc:1103] 1 Chunks of size 268800 totalling 262.5KiB
2025-11-29 14:53:32.411316: I external/local_tsl/tsl/framework/bfc_allocator.cc:1103] 1 Chunks of size 281600 totalling 275.0KiB
2025-11-29 14:53:32.411321: I external/local_tsl/tsl/framework/bfc_allocator.cc:1103] 3 Chunks of size 296448 totalling 868.5KiB
2025-11-29 14:53:32.411325: I external/local_tsl/tsl/framework/bfc_allocator.cc:1103] 15 Chunks of size 301056 totalling 4.31MiB
2025-11-29 14:53:32.411330: I external/local_tsl/tsl/framework/bfc_allocator.cc:1103] 1 Chunks of size 337920 totalling 330.0KiB
2025-11-29 14:53:32.411335: I external/local_tsl/tsl/framework/bfc_allocator.cc:1103] 1 Chunks of size 373248 totalling 364.5KiB
2025-11-29 14:53:32.411339: I external/local_tsl/tsl/framework/bfc_allocator.cc:1103] 3 Chunks of size 516096 totalling 1.48MiB
2025-11-29 14:53:32.411344: I external/local_tsl/tsl/framework/bfc_allocator.cc:1103] 1 Chunks of size 537600 totalling 525.0KiB
2025-11-29 14:53:32.411348: I external/local_tsl/tsl/framework/bfc_allocator.cc:1103] 1 Chunks of size 582144 totalling 568.5KiB
2025-11-29 14:53:32.411353: I external/local_tsl/tsl/framework/bfc_allocator.cc:1103] 21 Chunks of size 884736 totalling 17.72MiB
2025-11-29 14:53:32.411357: I external/local_tsl/tsl/framework/bfc_allocator.cc:1103] 3 Chunks of size 1024000 totalling 2.93MiB
2025-11-29 14:53:32.411362: I external/local_tsl/tsl/framework/bfc_allocator.cc:1103] 1 Chunks of size 1417728 totalling 1.35MiB
2025-11-29 14:53:32.411366: I external/local_tsl/tsl/framework/bfc_allocator.cc:1103] 4 Chunks of size 1474560 totalling 5.62MiB
2025-11-29 14:53:32.411370: I external/local_tsl/tsl/framework/bfc_allocator.cc:1103] 1 Chunks of size 1490944 totalling 1.42MiB
2025-11-29 14:53:32.411375: I external/local_tsl/tsl/framework/bfc_allocator.cc:1103] 5 Chunks of size 1638400 totalling 7.81MiB
2025-11-29 14:53:32.411379: I external/local_tsl/tsl/framework/bfc_allocator.cc:1103] 1 Chunks of size 8000000 totalling 7.63MiB
2025-11-29 14:53:32.411384: I external/local_tsl/tsl/framework/bfc_allocator.cc:1103] 1 Chunks of size 60211200 totalling 57.42MiB
2025-11-29 14:53:32.411388: I external/local_tsl/tsl/framework/bfc_allocator.cc:1103] 1 Chunks of size 60750080 totalling 57.94MiB
2025-11-29 14:53:32.411393: I external/local_tsl/tsl/framework/bfc_allocator.cc:1103] 1 Chunks of size 77683200 totalling 74.08MiB
2025-11-29 14:53:32.411397: I external/local_tsl/tsl/framework/bfc_allocator.cc:1103] 1 Chunks of size 80281600 totalling 76.56MiB
2025-11-29 14:53:32.411402: I external/local_tsl/tsl/framework/bfc_allocator.cc:1103] 1 Chunks of size 103061248 totalling 98.29MiB
2025-11-29 14:53:32.411407: I external/local_tsl/tsl/framework/bfc_allocator.cc:1103] 1 Chunks of size 163811328 totalling 156.22MiB
2025-11-29 14:53:32.411411: I external/local_tsl/tsl/framework/bfc_allocator.cc:1103] 3 Chunks of size 166559232 totalling 476.53MiB
2025-11-29 14:53:32.411416: I external/local_tsl/tsl/framework/bfc_allocator.cc:1103] 1 Chunks of size 166560768 totalling 158.84MiB
2025-11-29 14:53:32.411420: I external/local_tsl/tsl/framework/bfc_allocator.cc:1103] 1 Chunks of size 171352064 totalling 163.41MiB
2025-11-29 14:53:32.411425: I external/local_tsl/tsl/framework/bfc_allocator.cc:1103] 1 Chunks of size 176594432 totalling 168.41MiB
2025-11-29 14:53:32.411429: I external/local_tsl/tsl/framework/bfc_allocator.cc:1103] 3 Chunks of size 481689600 totalling 1.35GiB
2025-11-29 14:53:32.411434: I external/local_tsl/tsl/framework/bfc_allocator.cc:1103] 1 Chunks of size 499677696 totalling 476.53MiB
2025-11-29 14:53:32.411438: I external/local_tsl/tsl/framework/bfc_allocator.cc:1103] 1 Chunks of size 583716352 totalling 556.67MiB
2025-11-29 14:53:32.411443: I external/local_tsl/tsl/framework/bfc_allocator.cc:1107] Sum Total of in-use chunks: 3.87GiB
2025-11-29 14:53:32.411447: I external/local_tsl/tsl/framework/bfc_allocator.cc:1109] Total bytes in pool: 10808393728 memory_limit_: 10808393728 available bytes: 0 curr_region_allocation_bytes_: 21616787456
2025-11-29 14:53:32.411454: I external/local_tsl/tsl/framework/bfc_allocator.cc:1114] Stats: 
Limit:                     10808393728
InUse:                      4160512256
MaxInUse:                  10476200448
NumAllocs:                      532435
MaxAllocSize:                624505344
Reserved:                            0
PeakReserved:                        0
LargestFreeBlock:                    0

2025-11-29 14:53:32.411477: W external/local_tsl/tsl/framework/bfc_allocator.cc:497] **____*****___*____*_********____*_******___*__*_*******__*___*_**************___******__*__*__**___
2025-11-29 14:53:32.411493: W tensorflow/core/framework/op_kernel.cc:1839] OP_REQUIRES failed at fused_batch_norm_op.cc:1193 : RESOURCE_EXHAUSTED: OOM when allocating tensor with shape[100,96,112,112] and type float on /job:worker/replica:0/task:1/device:GPU:0 by allocator GPU_0_bfc
2025-11-29 14:53:32.411516: I tensorflow/core/framework/local_rendezvous.cc:421] Local rendezvous recv item cancelled. Key hash: 1768929711594778676
2025-11-29 14:53:32.411527: I tensorflow/core/framework/local_rendezvous.cc:421] Local rendezvous recv item cancelled. Key hash: 5581370925794492595
2025-11-29 14:53:32.411534: I tensorflow/core/framework/local_rendezvous.cc:421] Local rendezvous recv item cancelled. Key hash: 11086084581746126423
2025-11-29 14:53:32.411547: I tensorflow/core/framework/local_rendezvous.cc:421] Local rendezvous recv item cancelled. Key hash: 6409035891634832636
2025-11-29 14:53:32.411555: I tensorflow/core/framework/local_rendezvous.cc:421] Local rendezvous recv item cancelled. Key hash: 17265906895024510644
2025-11-29 14:53:32.487727: W tensorflow/core/kernels/data/cache_dataset_ops.cc:858] The calling iterator did not fully read the dataset being cached. In order to avoid unexpected truncation of the dataset, the partially cached contents of the dataset  will be discarded. This can happen if you have an input pipeline similar to `dataset.cache().take(k).repeat()`. You should use `dataset.take(k).cache().repeat()` instead.
Traceback (most recent call last):
  File "/scratch/rrdmatos/train-ctl.py", line 225, in <module>
    distributed_train_step(dist_inputs)
  File "/scratch/rrdmatos/venv/lib/python3.11/site-packages/tensorflow/python/util/traceback_utils.py", line 153, in error_handler
    raise e.with_traceback(filtered_tb) from None
  File "/scratch/rrdmatos/venv/lib/python3.11/site-packages/tensorflow/python/eager/execute.py", line 53, in quick_execute
    tensors = pywrap_tfe.TFE_Py_Execute(ctx._handle, device_name, op_name,
  ^^^^^^^^^^^^^^^^^^^^^^^^^^^^^^^^^^^^^^^^^^^^^^^^^^^^^^^^^^^^^^^^^^^^^^^^
tensorflow.python.framework.errors_impl.ResourceExhaustedError: Graph execution error:

Detected at node gradient_tape/model/block2a_expand_bn/FusedBatchNormGradV3 defined at (most recent call last):
  File "/usr/lib/python3.11/threading.py", line 995, in _bootstrap

  File "/usr/lib/python3.11/threading.py", line 1038, in _bootstrap_inner

  File "/tmp/__autograph_generated_filek0k826pf.py", line 19, in accumulation_step_fn

Detected at node gradient_tape/model/block2a_expand_bn/FusedBatchNormGradV3 defined at (most recent call last):
  File "/usr/lib/python3.11/threading.py", line 995, in _bootstrap

  File "/usr/lib/python3.11/threading.py", line 1038, in _bootstrap_inner

  File "/tmp/__autograph_generated_filek0k826pf.py", line 19, in accumulation_step_fn

2 root error(s) found.
  (0) RESOURCE_EXHAUSTED:  OOM when allocating tensor with shape[100,96,112,112] and type float on /job:worker/replica:0/task:1/device:GPU:0 by allocator GPU_0_bfc
	 [[{{node gradient_tape/model/block2a_expand_bn/FusedBatchNormGradV3}}]]
Hint: If you want to see a list of allocated tensors when OOM happens, add report_tensor_allocations_upon_oom to RunOptions for current allocation info. This isn't available when running in Eager mode.

	 [[cond/pivot_t/_4/_19]]
Hint: If you want to see a list of allocated tensors when OOM happens, add report_tensor_allocations_upon_oom to RunOptions for current allocation info. This isn't available when running in Eager mode.

  (1) RESOURCE_EXHAUSTED:  OOM when allocating tensor with shape[100,96,112,112] and type float on /job:worker/replica:0/task:1/device:GPU:0 by allocator GPU_0_bfc
	 [[{{node gradient_tape/model/block2a_expand_bn/FusedBatchNormGradV3}}]]
Hint: If you want to see a list of allocated tensors when OOM happens, add report_tensor_allocations_upon_oom to RunOptions for current allocation info. This isn't available when running in Eager mode.

0 successful operations.
0 derived errors ignored. [Op:__inference_distributed_train_step_38083]
2025-11-29 14:53:33.684408: E tensorflow/core/common_runtime/ring_alg.cc:291] Aborting RingReduce with UNAVAILABLE: Socket closed
Additional GRPC error information from remote target /job:worker/replica:0/task:1 while calling /tensorflow.WorkerService/RecvBuf:
:{"created":"@1764438813.684320975","description":"Error received from peer ipv4:192.168.30.51:29500","file":"external/com_github_grpc_grpc/src/core/lib/surface/call.cc","file_line":1056,"grpc_message":"Socket closed","grpc_status":14}
2025-11-29 14:53:33.684430: E tensorflow/core/common_runtime/base_collective_executor.cc:249] BaseCollectiveExecutor::StartAbort UNAVAILABLE: Socket closed
Additional GRPC error information from remote target /job:worker/replica:0/task:1 while calling /tensorflow.WorkerService/RecvBuf:
:{"created":"@1764438813.684320975","description":"Error received from peer ipv4:192.168.30.51:29500","file":"external/com_github_grpc_grpc/src/core/lib/surface/call.cc","file_line":1056,"grpc_message":"Socket closed","grpc_status":14}
cp: cannot stat '/scratch/rrdmatos//*logs*/': No such file or directory
srun: error: poti5: task 1: Exited with exit code 1
2025-11-29 14:53:33.778415: W tensorflow/core/kernels/data/cache_dataset_ops.cc:858] The calling iterator did not fully read the dataset being cached. In order to avoid unexpected truncation of the dataset, the partially cached contents of the dataset  will be discarded. This can happen if you have an input pipeline similar to `dataset.cache().take(k).repeat()`. You should use `dataset.take(k).cache().repeat()` instead.
Traceback (most recent call last):
  File "/scratch/rrdmatos/train-ctl.py", line 225, in <module>
    distributed_train_step(dist_inputs)
  File "/scratch/rrdmatos/venv/lib/python3.11/site-packages/tensorflow/python/util/traceback_utils.py", line 153, in error_handler
    raise e.with_traceback(filtered_tb) from None
  File "/scratch/rrdmatos/venv/lib/python3.11/site-packages/tensorflow/python/eager/execute.py", line 53, in quick_execute
    tensors = pywrap_tfe.TFE_Py_Execute(ctx._handle, device_name, op_name,
  ^^^^^^^^^^^^^^^^^^^^^^^^^^^^^^^^^^^^^^^^^^^^^^^^^^^^^^^^^^^^^^^^^^^^^^^^
tensorflow.python.framework.errors_impl.UnavailableError: Graph execution error:

Detected at node cond/CollectiveReduceV2 defined at (most recent call last):
  File "/scratch/rrdmatos/train-ctl.py", line 225, in <module>

  File "/scratch/rrdmatos/train-ctl.py", line 198, in distributed_train_step

  File "/scratch/rrdmatos/train-ctl.py", line 199, in distributed_train_step

Collective ops is aborted by: Socket closed
Additional GRPC error information from remote target /job:worker/replica:0/task:1 while calling /tensorflow.WorkerService/RecvBuf:
:{"created":"@1764438813.684320975","description":"Error received from peer ipv4:192.168.30.51:29500","file":"external/com_github_grpc_grpc/src/core/lib/surface/call.cc","file_line":1056,"grpc_message":"Socket closed","grpc_status":14}
The error could be from a previous operation. Restart your program to reset.
	 [[{{node cond/CollectiveReduceV2}}]] [Op:__inference_distributed_train_step_38836]
