+ mkdir -p /home/users/rrdmatos/logs
+ echo 'Create TF_CONFIG'
++ scontrol show hostnames 'poti[1,5]'
+ nodes='poti1
poti5'
+ nodes_array=($nodes)
+ MASTER_PORT=29500
+ worker_list=
+ for node in "${nodes_array[@]}"
+ worker_list+='"poti1:29500",'
+ for node in "${nodes_array[@]}"
+ worker_list+='"poti5:29500",'
+ worker_list='"poti1:29500","poti5:29500"'
++ echo '"poti1:29500","poti5:29500"'
+ LIST='"poti1:29500","poti5:29500"'
+ export LIST
+ srun '--export=ALL,SCRATCH=/scratch/rrdmatos,worker_list="poti1:29500","poti5:29500"' bash -c '
# This block of code is executed by each Slurm task on its respective node
echo "--- Running setup on $(hostname) ---"
cd $SCRATCH

rm -r *

cp -r ~/perf/tensorflow/create-env.sh ~/perf/tensorflow/train-* .
DATA_DIR="tiny-imagenet-200"

wget http://cs231n.stanford.edu/tiny-imagenet-200.zip
unzip -q *.zip

.  ./create-env.sh
'
URL transformed to HTTPS due to an HSTS policy
--2025-11-23 18:57:04--  https://cs231n.stanford.edu/tiny-imagenet-200.zip
Resolving cs231n.stanford.edu (cs231n.stanford.edu)... 171.64.64.64
Connecting to cs231n.stanford.edu (cs231n.stanford.edu)|171.64.64.64|:443... connected.
HTTP request sent, awaiting response... 200 OK
Length: 248100043 (237M) [application/zip]
Saving to: ‘tiny-imagenet-200.zip’

URL transformed to HTTPS due to an HSTS policy
--2025-11-23 18:57:05--  https://cs231n.stanford.edu/tiny-imagenet-200.zip
Resolving cs231n.stanford.edu (cs231n.stanford.edu)... 171.64.64.64
     0K .......... .......... .......... .......... ..........  0%  138K 29m15s
Connecting to cs231n.stanford.edu (cs231n.stanford.edu)|171.64.64.64|:443... connected.
    50K .......... .......... .......... .......... ..........  0%  276K 21m55s
   100K .......... .......... .......... .......... ..........  0%  106M 14m37s
   150K .......... .......... .......... .......... ..........  0%  277K 14m36s
   200K .......... .......... .......... .......... ..........  0%  125M 11m41s
   250K .......... .......... .......... .......... ..........  0%  157M 9m45s
   300K .......... .......... .......... .......... ..........  0%  116M 8m21s
   350K .......... .......... .......... .......... ..........  0%  117M 7m19s
   400K .......... .......... .......... .......... ..........  0%  278K 8m7s
   450K .......... .......... .......... .......... ..........  0%  149M 7m18s
   500K .......... .......... .......... .......... ..........  0%  111M 6m38s
   550K .......... .......... .......... .......... ..........  0%  117M 6m5s
   600K .......... .......... .......... .......... ..........  0%  115M 5m37s
   650K .......... .......... .......... .......... ..........  0%  117M 5m13s
   700K .......... .......... .......... .......... ..........  0%  114M 4m52s
   750K .......... .......... .......... .......... ..........  0%  117M 4m34s
   800K .......... .......... .......... .......... ..........  0% 1.27M 4m29s
HTTP request sent, awaiting response... 200 OK
Length: 248100043 (237M) [application/zip]
Saving to: ‘tiny-imagenet-200.zip’
   850K .......... .......... .......... .......... ..........  0%  358K 4m51s
   900K .......... .......... .......... .......... ..........  0%  155M 4m36s
   950K .......... .......... .......... .......... ..........  0%  139M 4m22s
  1000K .......... .......... .......... .......... ..........  0%  115M 4m10s
  1050K .......... .......... .......... .......... ..........  0%  117M 3m59s
  1100K .......... .......... .......... .......... ..........  0%  117M 3m48s
  1150K .......... .......... .......... .......... ..........  0%  117M 3m39s
  1200K .......... .......... .......... .......... ..........  0% 88.8M 3m30s
  1250K .......... .......... .......... .......... ..........  0%  117M 3m22s
  1300K .......... .......... .......... .......... ..........  0%  117M 3m15s
  1350K .......... .......... .......... .......... ..........  0%  116M 3m8s
  1400K .......... .......... .......... .......... ..........  0%  116M 3m1s
  1450K .......... .......... .......... .......... ..........  0%  115M 2m55s
  1500K .......... .......... .......... .......... ..........  0%  118M 2m50s
  1550K .......... .......... .......... .......... ..........  0%  116M 2m44s
  1600K .......... .......... .......... .......... ..........  0% 87.3M 2m39s
  1650K .......... .......... .......... .......... ..........  0%  118M 2m35s

  1700K .......... .......... .......... .......... ..........  0%  288K 2m54s
  1750K .......... .......... .......... .......... ..........  0%  163M 2m49s
  1800K .......... .......... .......... .......... ..........  0%  139M 2m45s
  1850K .......... .......... .......... .......... ..........  0%  117M 2m40s
  1900K .......... .......... .......... .......... ..........  0%  117M 2m36s
  1950K .......... .......... .......... .......... ..........  0%  117M 2m32s
  2000K .......... .......... .......... .......... ..........  0% 88.9M 2m29s
  2050K .......... .......... .......... .......... ..........  0%  117M 2m25s
  2100K .......... .......... .......... .......... ..........  0%  117M 2m22s
  2150K .......... .......... .......... .......... ..........  0%  117M 2m19s
  2200K .......... .......... .......... .......... ..........  0%  115M 2m16s
  2250K .......... .......... .......... .......... ..........  0%  116M 2m13s
  2300K .......... .......... .......... .......... ..........  0%  117M 2m10s
  2350K .......... .......... .......... .......... ..........  0%  117M 2m7s
  2400K .......... .......... .......... .......... ..........  1% 89.2M 2m5s
  2450K .......... .......... .......... .......... ..........  1%  117M 2m2s
  2500K .......... .......... .......... .......... ..........  1%  117M 2m0s
  2550K .......... .......... .......... .......... ..........  1%  117M 1m57s
  2600K .......... .......... .......... .......... ..........  1%  115M 1m55s
  2650K .......... .......... .......... .......... ..........  1%  117M 1m53s
  2700K .......... .......... .......... .......... ..........  1%  117M 1m51s
  2750K .......... .......... .......... .......... ..........  1%  117M 1m49s
  2800K .......... .......... .......... .......... ..........  1% 87.0M 1m47s
  2850K .......... .......... .......... .......... ..........  1%  117M 1m45s
  2900K .......... .......... .......... .......... ..........  1%  117M 1m44s
  2950K .......... .......... .......... .......... ..........  1%  117M 1m42s
  3000K .......... .......... .......... .......... ..........  1%  115M 1m40s
  3050K .......... .......... .......... .......... ..........  1%  117M 99s
  3100K .......... .......... .......... .......... ..........  1%  117M 97s
  3150K .......... .......... .......... .......... ..........  1%  117M 96s
  3200K .......... .......... .......... .......... ..........  1% 89.1M 94s
  3250K .......... .......... .......... .......... ..........  1%  117M 93s
  3300K .......... .......... .......... .......... ..........  1%  117M 91s
  3350K .......... .......... .......... .......... ..........  1%  117M 90s
  3400K .......... .......... .......... .......... ..........  1%  115M 89s
  3450K .......... .......... .......... .......... ..........  1% 1.74M 89s
     0K .......... .......... .......... .......... ..........  0%  138K 29m14s
  3500K .......... .......... .......... .......... ..........  1%  361K 97s
  3550K .......... .......... .......... .......... ..........  1%  168M 96s
  3600K .......... .......... .......... .......... ..........  1% 89.7M 95s
  3650K .......... .......... .......... .......... ..........  1%  117M 93s
  3700K .......... .......... .......... .......... ..........  1%  117M 92s
  3750K .......... .......... .......... .......... ..........  1%  117M 91s
  3800K .......... .......... .......... .......... ..........  1%  114M 90s
  3850K .......... .......... .......... .......... ..........  1%  119M 89s
  3900K .......... .......... .......... .......... ..........  1%  110M 88s
  3950K .......... .......... .......... .......... ..........  1%  124M 87s
  4000K .......... .......... .......... .......... ..........  1% 87.0M 85s
  4050K .......... .......... .......... .......... ..........  1%  117M 84s
  4100K .......... .......... .......... .......... ..........  1%  117M 83s
  4150K .......... .......... .......... .......... ..........  1%  117M 82s
  4200K .......... .......... .......... .......... ..........  1%  115M 81s
  4250K .......... .......... .......... .......... ..........  1%  115M 81s
  4300K .......... .......... .......... .......... ..........  1%  116M 80s
  4350K .......... .......... .......... .......... ..........  1%  117M 79s
  4400K .......... .......... .......... .......... ..........  1% 89.7M 78s
  4450K .......... .......... .......... .......... ..........  1%  117M 77s
  4500K .......... .......... .......... .......... ..........  1%  117M 76s
  4550K .......... .......... .......... .......... ..........  1%  117M 75s
  4600K .......... .......... .......... .......... ..........  1%  115M 75s
  4650K .......... .......... .......... .......... ..........  1%  113M 74s
  4700K .......... .......... .......... .......... ..........  1%  119M 73s
  4750K .......... .......... .......... .......... ..........  1%  116M 72s
  4800K .......... .......... .......... .......... ..........  2% 87.6M 71s
  4850K .......... .......... .......... .......... ..........  2%  117M 71s
  4900K .......... .......... .......... .......... ..........  2%  117M 70s
  4950K .......... .......... .......... .......... ..........  2%  117M 69s
  5000K .......... .......... .......... .......... ..........  2%  115M 69s
  5050K .......... .......... .......... .......... ..........  2%  118M 68s
  5100K .......... .......... .......... .......... ..........  2%  117M 67s
  5150K .......... .......... .......... .......... ..........  2%  117M 67s
  5200K .......... .......... .......... .......... ..........  2% 88.9M 66s
  5250K .......... .......... .......... .......... ..........  2%  116M 65s
  5300K .......... .......... .......... .......... ..........  2%  117M 65s
  5350K .......... .......... .......... .......... ..........  2%  117M 64s
  5400K .......... .......... .......... .......... ..........  2%  112M 64s
  5450K .......... .......... .......... .......... ..........  2%  120M 63s
  5500K .......... .......... .......... .......... ..........  2%  117M 63s
  5550K .......... .......... .......... .......... ..........  2%  117M 62s
  5600K .......... .......... .......... .......... ..........  2% 88.7M 61s
  5650K .......... .......... .......... .......... ..........  2%  117M 61s
  5700K .......... .......... .......... .......... ..........  2%  117M 60s
  5750K .......... .......... .......... .......... ..........  2%  117M 60s
  5800K .......... .......... .......... .......... ..........  2%  113M 59s
  5850K .......... .......... .......... .......... ..........  2%  118M 59s
  5900K .......... .......... .......... .......... ..........  2%  117M 58s
  5950K .......... .......... .......... .......... ..........  2%  117M 58s
  6000K .......... .......... .......... .......... ..........  2% 87.5M 57s
  6050K .......... .......... .......... .......... ..........  2%  117M 57s
  6100K .......... .......... .......... .......... ..........  2%  117M 56s
    50K .......... .......... .......... .......... ..........  0%  276K 21m55s
   100K .......... .......... .......... .......... ..........  0%  140M 14m37s
  6150K .......... .......... .......... .......... ..........  2%  315K 62s
  6200K .......... .......... .......... .......... ..........  2%  117M 62s
  6250K .......... .......... .......... .......... ..........  2%  113M 61s
  6300K .......... .......... .......... .......... ..........  2%  121M 61s
  6350K .......... .......... .......... .......... ..........  2%  112M 60s
  6400K .......... .......... .......... .......... ..........  2% 89.5M 60s
  6450K .......... .......... .......... .......... ..........  2%  118M 59s
  6500K .......... .......... .......... .......... ..........  2%  113M 59s
  6550K .......... .......... .......... .......... ..........  2%  118M 58s
  6600K .......... .......... .......... .......... ..........  2%  118M 58s
  6650K .......... .......... .......... .......... ..........  2%  112M 57s
  6700K .......... .......... .......... .......... ..........  2%  121M 57s
  6750K .......... .......... .......... .......... ..........  2%  116M 57s
  6800K .......... .......... .......... .......... ..........  2% 88.4M 56s
  6850K .......... .......... .......... .......... ..........  2%  117M 56s
  6900K .......... .......... .......... .......... ..........  2%  117M 55s
  6950K .......... .......... .......... .......... ..........  2%  117M 55s
  7000K .......... .......... .......... .......... ..........  2%  115M 55s
  7050K .......... .......... .......... .......... ..........  2%  117M 54s
  7100K .......... .......... .......... .......... ..........  2%  117M 54s
  7150K .......... .......... .......... .......... ..........  2%  117M 53s
  7200K .......... .......... .......... .......... ..........  2% 87.4M 53s
  7250K .......... .......... .......... .......... ..........  3%  117M 53s
  7300K .......... .......... .......... .......... ..........  3%  117M 52s
  7350K .......... .......... .......... .......... ..........  3%  117M 52s
  7400K .......... .......... .......... .......... ..........  3%  114M 52s
  7450K .......... .......... .......... .......... ..........  3%  118M 51s
  7500K .......... .......... .......... .......... ..........  3%  117M 51s
  7550K .......... .......... .......... .......... ..........  3%  117M 51s
  7600K .......... .......... .......... .......... ..........  3% 88.7M 50s
  7650K .......... .......... .......... .......... ..........  3%  117M 50s
  7700K .......... .......... .......... .......... ..........  3%  117M 50s
  7750K .......... .......... .......... .......... ..........  3%  117M 49s
  7800K .......... .......... .......... .......... ..........  3%  103M 49s
  7850K .......... .......... .......... .......... ..........  3%  132M 49s
  7900K .......... .......... .......... .......... ..........  3%  114M 48s
  7950K .......... .......... .......... .......... ..........  3%  120M 48s
  8000K .......... .......... .......... .......... ..........  3% 86.9M 48s
  8050K .......... .......... .......... .......... ..........  3%  119M 48s
  8100K .......... .......... .......... .......... ..........  3%  114M 47s
  8150K .......... .......... .......... .......... ..........  3%  120M 47s
  8200K .......... .......... .......... .......... ..........  3%  112M 47s
  8250K .......... .......... .......... .......... ..........  3%  118M 46s
  8300K .......... .......... .......... .......... ..........  3%  117M 46s
  8350K .......... .......... .......... .......... ..........  3%  116M 46s
  8400K .......... .......... .......... .......... ..........  3% 87.0M 46s
  8450K .......... .......... .......... .......... ..........  3%  118M 45s
  8500K .......... .......... .......... .......... ..........  3%  117M 45s
  8550K .......... .......... .......... .......... ..........  3%  117M 45s
  8600K .......... .......... .......... .......... ..........  3%  115M 45s
  8650K .......... .......... .......... .......... ..........  3%  115M 44s
  8700K .......... .......... .......... .......... ..........  3%  119M 44s
  8750K .......... .......... .......... .......... ..........  3%  117M 44s
  8800K .......... .......... .......... .......... ..........  3% 86.9M 44s
  8850K .......... .......... .......... .......... ..........  3%  117M 43s
  8900K .......... .......... .......... .......... ..........  3%  117M 43s
  8950K .......... .......... .......... .......... ..........  3%  117M 43s
  9000K .......... .......... .......... .......... ..........  3%  115M 43s
  9050K .......... .......... .......... .......... ..........  3%  117M 42s
  9100K .......... .......... .......... .......... ..........  3%  117M 42s
  9150K .......... .......... .......... .......... ..........  3%  116M 42s
   150K .......... .......... .......... .......... ..........  0%  277K 14m36s
   200K .......... .......... .......... .......... ..........  0%  122M 11m41s
   250K .......... .......... .......... .......... ..........  0%  105M 9m45s
   300K .......... .......... .......... .......... ..........  0%  117M 8m21s
   350K .......... .......... .......... .......... ..........  0% 79.5M 7m19s
  9200K .......... .......... .......... .......... ..........  3%  322K 46s
  9250K .......... .......... .......... .......... ..........  3%  126M 45s
  9300K .......... .......... .......... .......... ..........  3%  116M 45s
  9350K .......... .......... .......... .......... ..........  3%  101M 45s
  9400K .......... .......... .......... .......... ..........  3%  132M 45s
  9450K .......... .......... .......... .......... ..........  3%  117M 44s
  9500K .......... .......... .......... .......... ..........  3%  114M 44s
  9550K .......... .......... .......... .......... ..........  3% 13.4M 44s
  9600K .......... .......... .......... .......... ..........  3% 89.0M 44s
  9650K .......... .......... .......... .......... ..........  4%  117M 44s
  9700K .......... .......... .......... .......... ..........  4%  112M 43s
  9750K .......... .......... .......... .......... ..........  4%  117M 43s
  9800K .......... .......... .......... .......... ..........  4%  115M 43s
  9850K .......... .......... .......... .......... ..........  4%  120M 43s
  9900K .......... .......... .......... .......... ..........  4%  116M 43s
  9950K .......... .......... .......... .......... ..........  4%  116M 42s
 10000K .......... .......... .......... .......... ..........  4% 86.5M 42s
 10050K .......... .......... .......... .......... ..........  4%  118M 42s
 10100K .......... .......... .......... .......... ..........  4%  115M 42s
 10150K .......... .......... .......... .......... ..........  4%  117M 41s
 10200K .......... .......... .......... .......... ..........  4%  115M 41s
 10250K .......... .......... .......... .......... ..........  4%  116M 41s
 10300K .......... .......... .......... .......... ..........  4%  118M 41s
 10350K .......... .......... .......... .......... ..........  4%  117M 41s
 10400K .......... .......... .......... .......... ..........  4% 88.9M 40s
 10450K .......... .......... .......... .......... ..........  4%  117M 40s
 10500K .......... .......... .......... .......... ..........  4%  117M 40s
 10550K .......... .......... .......... .......... ..........  4%  117M 40s
 10600K .......... .......... .......... .......... ..........  4%  115M 40s
 10650K .......... .......... .......... .......... ..........  4%  117M 40s
 10700K .......... .......... .......... .......... ..........  4%  117M 39s
 10750K .......... .......... .......... .......... ..........  4%  117M 39s
 10800K .......... .......... .......... .......... ..........  4% 88.8M 39s
 10850K .......... .......... .......... .......... ..........  4%  117M 39s
 10900K .......... .......... .......... .......... ..........  4%  116M 39s
 10950K .......... .......... .......... .......... ..........  4%  117M 38s
 11000K .......... .......... .......... .......... ..........  4%  115M 38s
 11050K .......... .......... .......... .......... ..........  4%  115M 38s
 11100K .......... .......... .......... .......... ..........  4%  119M 38s
 11150K .......... .......... .......... .......... ..........  4%  117M 38s
 11200K .......... .......... .......... .......... ..........  4% 87.1M 38s
 11250K .......... .......... .......... .......... ..........  4%  117M 37s
 11300K .......... .......... .......... .......... ..........  4%  118M 37s
 11350K .......... .......... .......... .......... ..........  4%  115M 37s
 11400K .......... .......... .......... .......... ..........  4%  114M 37s
 11450K .......... .......... .......... .......... ..........  4%  121M 37s
 11500K .......... .......... .......... .......... ..........  4%  115M 37s
 11550K .......... .......... .......... .......... ..........  4%  117M 36s
 11600K .......... .......... .......... .......... ..........  4% 87.7M 36s
 11650K .......... .......... .......... .......... ..........  4%  117M 36s
 11700K .......... .......... .......... .......... ..........  4%  113M 36s
 11750K .......... .......... .......... .......... ..........  4%  120M 36s
 11800K .......... .......... .......... .......... ..........  4%  115M 36s
 11850K .......... .......... .......... .......... ..........  4%  115M 36s
 11900K .......... .......... .......... .......... ..........  4%  118M 35s
 11950K .......... .......... .......... .......... ..........  4%  117M 35s
 12000K .......... .......... .......... .......... ..........  4% 87.0M 35s
 12050K .......... .......... .......... .......... ..........  4%  117M 35s
 12100K .......... .......... .......... .......... ..........  5%  117M 35s
 12150K .......... .......... .......... .......... ..........  5%  117M 35s
 12200K .......... .......... .......... .......... ..........  5%  115M 35s
   400K .......... .......... .......... .......... ..........  0%  279K 8m7s
   450K .......... .......... .......... .......... ..........  0% 82.2M 7m18s
   500K .......... .......... .......... .......... ..........  0%  105M 6m38s
   550K .......... .......... .......... .......... ..........  0%  117M 6m5s
   600K .......... .......... .......... .......... ..........  0%  116M 5m37s
   650K .......... .......... .......... .......... ..........  0%  117M 5m13s
   700K .......... .......... .......... .......... ..........  0%  113M 4m52s
   750K .......... .......... .......... .......... ..........  0%  117M 4m34s
   800K .......... .......... .......... .......... ..........  0% 1.29M 4m29s
 12250K .......... .......... .......... .......... ..........  5%  330K 37s
 12300K .......... .......... .......... .......... ..........  5%  100M 37s
 12350K .......... .......... .......... .......... ..........  5% 89.2M 37s
 12400K .......... .......... .......... .......... ..........  5% 81.9M 37s
 12450K .......... .......... .......... .......... ..........  5%  117M 37s
 12500K .......... .......... .......... .......... ..........  5%  117M 37s
 12550K .......... .......... .......... .......... ..........  5%  117M 36s
 12600K .......... .......... .......... .......... ..........  5% 14.1M 36s
 12650K .......... .......... .......... .......... ..........  5% 91.2M 36s
 12700K .......... .......... .......... .......... ..........  5%  102M 36s
 12750K .......... .......... .......... .......... ..........  5%  109M 36s
 12800K .......... .......... .......... .......... ..........  5% 88.9M 36s
 12850K .......... .......... .......... .......... ..........  5%  117M 36s
 12900K .......... .......... .......... .......... ..........  5% 14.7M 35s
 12950K .......... .......... .......... .......... ..........  5%  120M 35s
 13000K .......... .......... .......... .......... ..........  5%  114M 35s
 13050K .......... .......... .......... .......... ..........  5%  115M 35s
 13100K .......... .......... .......... .......... ..........  5%  120M 35s
 13150K .......... .......... .......... .......... ..........  5%  116M 35s
 13200K .......... .......... .......... .......... ..........  5% 87.5M 35s
 13250K .......... .......... .......... .......... ..........  5%  117M 35s
 13300K .......... .......... .......... .......... ..........  5%  116M 34s
 13350K .......... .......... .......... .......... ..........  5%  115M 34s
 13400K .......... .......... .......... .......... ..........  5%  114M 34s
 13450K .......... .......... .......... .......... ..........  5%  117M 34s
 13500K .......... .......... .......... .......... ..........  5%  115M 34s
 13550K .......... .......... .......... .......... ..........  5%  119M 34s
 13600K .......... .......... .......... .......... ..........  5% 88.8M 34s
 13650K .......... .......... .......... .......... ..........  5%  117M 34s
 13700K .......... .......... .......... .......... ..........  5%  117M 33s
 13750K .......... .......... .......... .......... ..........  5%  117M 33s
 13800K .......... .......... .......... .......... ..........  5%  112M 33s
 13850K .......... .......... .......... .......... ..........  5%  120M 33s
 13900K .......... .......... .......... .......... ..........  5%  117M 33s
 13950K .......... .......... .......... .......... ..........  5%  117M 33s
 14000K .......... .......... .......... .......... ..........  5% 87.0M 33s
 14050K .......... .......... .......... .......... ..........  5%  117M 33s
 14100K .......... .......... .......... .......... ..........  5%  117M 32s
 14150K .......... .......... .......... .......... ..........  5%  117M 32s
 14200K .......... .......... .......... .......... ..........  5%  114M 32s
 14250K .......... .......... .......... .......... ..........  5%  116M 32s
 14300K .......... .......... .......... .......... ..........  5%  118M 32s
 14350K .......... .......... .......... .......... ..........  5%  117M 32s
 14400K .......... .......... .......... .......... ..........  5% 88.4M 32s
 14450K .......... .......... .......... .......... ..........  5%  119M 32s
 14500K .......... .......... .......... .......... ..........  6%  115M 32s
 14550K .......... .......... .......... .......... ..........  6%  117M 31s
 14600K .......... .......... .......... .......... ..........  6%  115M 31s
 14650K .......... .......... .......... .......... ..........  6%  118M 31s
 14700K .......... .......... .......... .......... ..........  6%  117M 31s
 14750K .......... .......... .......... .......... ..........  6%  113M 31s
 14800K .......... .......... .......... .......... ..........  6% 90.6M 31s
 14850K .......... .......... .......... .......... ..........  6%  117M 31s
 14900K .......... .......... .......... .......... ..........  6%  116M 31s
 14950K .......... .......... .......... .......... ..........  6%  117M 31s
 15000K .......... .......... .......... .......... ..........  6%  115M 31s
 15050K .......... .......... .......... .......... ..........  6%  114M 30s
 15100K .......... .......... .......... .......... ..........  6%  117M 30s
 15150K .......... .......... .......... .......... ..........  6%  117M 30s
 15200K .......... .......... .......... .......... ..........  6% 89.1M 30s
 15250K .......... .......... .......... .......... ..........  6%  117M 30s
   850K .......... .......... .......... .......... ..........  0%  357K 4m51s
   900K .......... .......... .......... .......... ..........  0%  129M 4m36s
   950K .......... .......... .......... .......... ..........  0%  117M 4m22s
  1000K .......... .......... .......... .......... ..........  0%  113M 4m10s
  1050K .......... .......... .......... .......... ..........  0%  120M 3m59s
  1100K .......... .......... .......... .......... ..........  0%  117M 3m48s
  1150K .......... .......... .......... .......... ..........  0%  117M 3m39s
  1200K .......... .......... .......... .......... ..........  0% 88.8M 3m30s
  1250K .......... .......... .......... .......... ..........  0%  117M 3m22s
  1300K .......... .......... .......... .......... ..........  0%  117M 3m15s
  1350K .......... .......... .......... .......... ..........  0%  116M 3m8s
  1400K .......... .......... .......... .......... ..........  0%  116M 3m1s
  1450K .......... .......... .......... .......... ..........  0%  117M 2m55s
  1500K .......... .......... .......... .......... ..........  0%  117M 2m50s
  1550K .......... .......... .......... .......... ..........  0%  117M 2m44s
  1600K .......... .......... .......... .......... ..........  0% 87.0M 2m39s
  1650K .......... .......... .......... .......... ..........  0%  116M 2m35s
 15300K .......... .......... .......... .......... ..........  6%  337K 32s
 15350K .......... .......... .......... .......... ..........  6%  101M 32s
 15400K .......... .......... .......... .......... ..........  6% 77.2M 32s
 15450K .......... .......... .......... .......... ..........  6%  115M 32s
 15500K .......... .......... .......... .......... ..........  6%  106M 32s
 15550K .......... .......... .......... .......... ..........  6%  117M 32s
 15600K .......... .......... .......... .......... ..........  6% 88.3M 32s
 15650K .......... .......... .......... .......... ..........  6% 14.3M 31s
 15700K .......... .......... .......... .......... ..........  6% 93.6M 31s
 15750K .......... .......... .......... .......... ..........  6% 91.5M 31s
 15800K .......... .......... .......... .......... ..........  6%  115M 31s
 15850K .......... .......... .......... .......... ..........  6%  117M 31s
 15900K .......... .......... .......... .......... ..........  6%  117M 31s
 15950K .......... .......... .......... .......... ..........  6% 14.9M 31s
 16000K .......... .......... .......... .......... ..........  6% 84.9M 31s
 16050K .......... .......... .......... .......... ..........  6%  117M 31s
 16100K .......... .......... .......... .......... ..........  6%  106M 31s
 16150K .......... .......... .......... .......... ..........  6%  118M 31s
 16200K .......... .......... .......... .......... ..........  6% 14.3M 30s
 16250K .......... .......... .......... .......... ..........  6%  126M 30s
 16300K .......... .......... .......... .......... ..........  6%  116M 30s
 16350K .......... .......... .......... .......... ..........  6%  117M 30s
 16400K .......... .......... .......... .......... ..........  6% 88.2M 30s
 16450K .......... .......... .......... .......... ..........  6%  114M 30s
 16500K .......... .......... .......... .......... ..........  6%  120M 30s
 16550K .......... .......... .......... .......... ..........  6%  116M 30s
 16600K .......... .......... .......... .......... ..........  6%  115M 30s
 16650K .......... .......... .......... .......... ..........  6%  113M 30s
 16700K .......... .......... .......... .......... ..........  6%  118M 30s
 16750K .......... .......... .......... .......... ..........  6%  117M 29s
 16800K .......... .......... .......... .......... ..........  6% 89.1M 29s
 16850K .......... .......... .......... .......... ..........  6%  117M 29s
 16900K .......... .......... .......... .......... ..........  6%  117M 29s
 16950K .......... .......... .......... .......... ..........  7%  117M 29s
 17000K .......... .......... .......... .......... ..........  7%  115M 29s
 17050K .......... .......... .......... .......... ..........  7%  117M 29s
 17100K .......... .......... .......... .......... ..........  7%  117M 29s
 17150K .......... .......... .......... .......... ..........  7%  112M 29s
 17200K .......... .......... .......... .......... ..........  7% 89.7M 29s
 17250K .......... .......... .......... .......... ..........  7%  117M 29s
 17300K .......... .......... .......... .......... ..........  7%  117M 29s
 17350K .......... .......... .......... .......... ..........  7%  117M 28s
 17400K .......... .......... .......... .......... ..........  7%  115M 28s
 17450K .......... .......... .......... .......... ..........  7%  117M 28s
 17500K .......... .......... .......... .......... ..........  7%  117M 28s
 17550K .......... .......... .......... .......... ..........  7%  117M 28s
 17600K .......... .......... .......... .......... ..........  7% 88.9M 28s
 17650K .......... .......... .......... .......... ..........  7%  116M 28s
 17700K .......... .......... .......... .......... ..........  7%  117M 28s
 17750K .......... .......... .......... .......... ..........  7%  117M 28s
 17800K .......... .......... .......... .......... ..........  7%  115M 28s
 17850K .......... .......... .......... .......... ..........  7%  117M 28s
 17900K .......... .......... .......... .......... ..........  7%  109M 28s
 17950K .......... .......... .......... .......... ..........  7%  118M 27s
 18000K .......... .......... .......... .......... ..........  7% 86.8M 27s
 18050K .......... .......... .......... .......... ..........  7%  117M 27s
 18100K .......... .......... .......... .......... ..........  7%  117M 27s
 18150K .......... .......... .......... .......... ..........  7%  116M 27s
 18200K .......... .......... .......... .......... ..........  7%  115M 27s
 18250K .......... .......... .......... .......... ..........  7%  115M 27s
 18300K .......... .......... .......... .......... ..........  7%  118M 27s
 18350K .......... .......... .......... .......... ..........  7%  118M 27s
  1700K .......... .......... .......... .......... ..........  0%  288K 2m54s
  1750K .......... .......... .......... .......... ..........  0%  130M 2m49s
  1800K .......... .......... .......... .......... ..........  0%  142M 2m45s
  1850K .......... .......... .......... .......... ..........  0%  117M 2m40s
  1900K .......... .......... .......... .......... ..........  0%  117M 2m36s
  1950K .......... .......... .......... .......... ..........  0%  117M 2m32s
  2000K .......... .......... .......... .......... ..........  0% 88.8M 2m29s
  2050K .......... .......... .......... .......... ..........  0%  117M 2m25s
  2100K .......... .......... .......... .......... ..........  0%  117M 2m22s
  2150K .......... .......... .......... .......... ..........  0%  117M 2m19s
  2200K .......... .......... .......... .......... ..........  0%  115M 2m16s
  2250K .......... .......... .......... .......... ..........  0%  117M 2m13s
  2300K .......... .......... .......... .......... ..........  0%  117M 2m10s
  2350K .......... .......... .......... .......... ..........  0%  116M 2m7s
  2400K .......... .......... .......... .......... ..........  1% 89.1M 2m5s
  2450K .......... .......... .......... .......... ..........  1%  117M 2m2s
  2500K .......... .......... .......... .......... ..........  1%  117M 2m0s
  2550K .......... .......... .......... .......... ..........  1%  117M 1m57s
  2600K .......... .......... .......... .......... ..........  1%  115M 1m55s
  2650K .......... .......... .......... .......... ..........  1%  116M 1m53s
  2700K .......... .......... .......... .......... ..........  1%  117M 1m51s
  2750K .......... .......... .......... .......... ..........  1%  117M 1m49s
  2800K .......... .......... .......... .......... ..........  1% 87.0M 1m47s
  2850K .......... .......... .......... .......... ..........  1%  117M 1m45s
  2900K .......... .......... .......... .......... ..........  1%  117M 1m44s
  2950K .......... .......... .......... .......... ..........  1%  117M 1m42s
  3000K .......... .......... .......... .......... ..........  1%  115M 1m40s
  3050K .......... .......... .......... .......... ..........  1%  117M 99s
  3100K .......... .......... .......... .......... ..........  1%  117M 97s
  3150K .......... .......... .......... .......... ..........  1%  117M 96s
  3200K .......... .......... .......... .......... ..........  1% 89.0M 94s
  3250K .......... .......... .......... .......... ..........  1%  117M 93s
  3300K .......... .......... .......... .......... ..........  1%  117M 91s
 18400K .......... .......... .......... .......... ..........  7%  343K 29s
 18450K .......... .......... .......... .......... ..........  7%  158M 28s
 18500K .......... .......... .......... .......... ..........  7%  101M 28s
 18550K .......... .......... .......... .......... ..........  7%  111M 28s
 18600K .......... .......... .......... .......... ..........  7%  115M 28s
 18650K .......... .......... .......... .......... ..........  7% 18.6M 28s
 18700K .......... .......... .......... .......... ..........  7% 49.4M 28s
 18750K .......... .......... .......... .......... ..........  7% 57.7M 28s
 18800K .......... .......... .......... .......... ..........  7% 87.0M 28s
 18850K .......... .......... .......... .......... ..........  7%  117M 28s
 18900K .......... .......... .......... .......... ..........  7%  113M 28s
 18950K .......... .......... .......... .......... ..........  7% 17.4M 28s
 19000K .......... .......... .......... .......... ..........  7% 51.5M 28s
 19050K .......... .......... .......... .......... ..........  7%  117M 28s
 19100K .......... .......... .......... .......... ..........  7%  116M 28s
 19150K .......... .......... .......... .......... ..........  7% 98.4M 28s
 19200K .......... .......... .......... .......... ..........  7% 14.4M 27s
 19250K .......... .......... .......... .......... ..........  7%  109M 27s
 19300K .......... .......... .......... .......... ..........  7%  117M 27s
 19350K .......... .......... .......... .......... ..........  8% 14.8M 27s
 19400K .......... .......... .......... .......... ..........  8%  114M 27s
 19450K .......... .......... .......... .......... ..........  8%  116M 27s
 19500K .......... .......... .......... .......... ..........  8%  114M 27s
 19550K .......... .......... .......... .......... ..........  8%  116M 27s
 19600K .......... .......... .......... .......... ..........  8% 91.6M 27s
 19650K .......... .......... .......... .......... ..........  8%  116M 27s
 19700K .......... .......... .......... .......... ..........  8%  114M 27s
 19750K .......... .......... .......... .......... ..........  8%  120M 27s
 19800K .......... .......... .......... .......... ..........  8%  114M 27s
 19850K .......... .......... .......... .......... ..........  8%  116M 27s
 19900K .......... .......... .......... .......... ..........  8%  117M 27s
 19950K .......... .......... .......... .......... ..........  8%  117M 26s
 20000K .......... .......... .......... .......... ..........  8% 87.0M 26s
 20050K .......... .......... .......... .......... ..........  8%  117M 26s
 20100K .......... .......... .......... .......... ..........  8%  117M 26s
 20150K .......... .......... .......... .......... ..........  8%  117M 26s
 20200K .......... .......... .......... .......... ..........  8%  115M 26s
 20250K .......... .......... .......... .......... ..........  8%  117M 26s
 20300K .......... .......... .......... .......... ..........  8%  115M 26s
 20350K .......... .......... .......... .......... ..........  8%  118M 26s
 20400K .......... .......... .......... .......... ..........  8% 89.0M 26s
 20450K .......... .......... .......... .......... ..........  8%  117M 26s
 20500K .......... .......... .......... .......... ..........  8%  117M 26s
 20550K .......... .......... .......... .......... ..........  8%  117M 26s
 20600K .......... .......... .......... .......... ..........  8%  115M 26s
 20650K .......... .......... .......... .......... ..........  8%  117M 26s
 20700K .......... .......... .......... .......... ..........  8%  116M 25s
 20750K .......... .......... .......... .......... ..........  8%  117M 25s
 20800K .......... .......... .......... .......... ..........  8% 89.1M 25s
 20850K .......... .......... .......... .......... ..........  8%  117M 25s
 20900K .......... .......... .......... .......... ..........  8%  117M 25s
 20950K .......... .......... .......... .......... ..........  8%  117M 25s
 21000K .......... .......... .......... .......... ..........  8%  115M 25s
  3350K .......... .......... .......... .......... ..........  1%  299K 1m42s
  3400K .......... .......... .......... .......... ..........  1%  139M 1m40s
  3450K .......... .......... .......... .......... ..........  1%  152M 99s
  3500K .......... .......... .......... .......... ..........  1%  119M 97s
  3550K .......... .......... .......... .......... ..........  1%  116M 96s
  3600K .......... .......... .......... .......... ..........  1% 89.1M 95s
  3650K .......... .......... .......... .......... ..........  1%  117M 94s
  3700K .......... .......... .......... .......... ..........  1%  117M 92s
  3750K .......... .......... .......... .......... ..........  1%  117M 91s
  3800K .......... .......... .......... .......... ..........  1%  115M 90s
  3850K .......... .......... .......... .......... ..........  1%  117M 89s
  3900K .......... .......... .......... .......... ..........  1%  117M 88s
  3950K .......... .......... .......... .......... ..........  1%  115M 87s
  4000K .......... .......... .......... .......... ..........  1% 87.6M 85s
  4050K .......... .......... .......... .......... ..........  1%  117M 84s
  4100K .......... .......... .......... .......... ..........  1%  117M 83s
  4150K .......... .......... .......... .......... ..........  1%  117M 82s
  4200K .......... .......... .......... .......... ..........  1%  113M 81s
  4250K .......... .......... .......... .......... ..........  1%  119M 81s
  4300K .......... .......... .......... .......... ..........  1%  116M 80s
  4350K .......... .......... .......... .......... ..........  1%  117M 79s
  4400K .......... .......... .......... .......... ..........  1% 89.1M 78s
  4450K .......... .......... .......... .......... ..........  1%  117M 77s
  4500K .......... .......... .......... .......... ..........  1%  117M 76s
  4550K .......... .......... .......... .......... ..........  1%  117M 75s
  4600K .......... .......... .......... .......... ..........  1%  115M 75s
  4650K .......... .......... .......... .......... ..........  1%  117M 74s
  4700K .......... .......... .......... .......... ..........  1%  117M 73s
  4750K .......... .......... .......... .......... ..........  1%  116M 72s
  4800K .......... .......... .......... .......... ..........  2% 87.1M 71s
  4850K .......... .......... .......... .......... ..........  2%  117M 71s
  4900K .......... .......... .......... .......... ..........  2%  117M 70s
  4950K .......... .......... .......... .......... ..........  2%  117M 69s
  5000K .......... .......... .......... .......... ..........  2%  115M 69s
  5050K .......... .......... .......... .......... ..........  2% 1.81M 69s
 21050K .......... .......... .......... .......... ..........  8%  343K 27s
 21100K .......... .......... .......... .......... ..........  8%  145M 27s
 21150K .......... .......... .......... .......... ..........  8%  107M 26s
 21200K .......... .......... .......... .......... ..........  8%  107M 26s
 21250K .......... .......... .......... .......... ..........  8%  118M 26s
 21300K .......... .......... .......... .......... ..........  8%  118M 26s
 21350K .......... .......... .......... .......... ..........  8%  117M 26s
 21400K .......... .......... .......... .......... ..........  8%  115M 26s
 21450K .......... .......... .......... .......... ..........  8%  116M 26s
 21500K .......... .......... .......... .......... ..........  8%  116M 26s
 21550K .......... .......... .......... .......... ..........  8%  118M 26s
 21600K .......... .......... .......... .......... ..........  8% 87.0M 26s
 21650K .......... .......... .......... .......... ..........  8%  117M 26s
 21700K .......... .......... .......... .......... ..........  8% 88.2M 26s
 21750K .......... .......... .......... .......... ..........  8% 67.7M 26s
 21800K .......... .......... .......... .......... ..........  9%  115M 26s
 21850K .......... .......... .......... .......... ..........  9% 82.2M 26s
 21900K .......... .......... .......... .......... ..........  9%  110M 26s
 21950K .......... .......... .......... .......... ..........  9% 17.7M 25s
 22000K .......... .......... .......... .......... ..........  9% 44.9M 25s
 22050K .......... .......... .......... .......... ..........  9%  117M 25s
 22100K .......... .......... .......... .......... ..........  9%  117M 25s
 22150K .......... .......... .......... .......... ..........  9%  117M 25s
 22200K .......... .......... .......... .......... ..........  9% 14.7M 25s
 22250K .......... .......... .......... .......... ..........  9%  140M 25s
 22300K .......... .......... .......... .......... ..........  9%  109M 25s
 22350K .......... .......... .......... .......... ..........  9% 14.7M 25s
 22400K .......... .......... .......... .......... ..........  9% 85.5M 25s
 22450K .......... .......... .......... .......... ..........  9%  117M 25s
 22500K .......... .......... .......... .......... ..........  9%  117M 25s
 22550K .......... .......... .......... .......... ..........  9%  115M 25s
 22600K .......... .......... .......... .......... ..........  9%  116M 25s
 22650K .......... .......... .......... .......... ..........  9% 14.9M 25s
 22700K .......... .......... .......... .......... ..........  9%  117M 25s
 22750K .......... .......... .......... .......... ..........  9%  117M 25s
 22800K .......... .......... .......... .......... ..........  9% 88.7M 25s
 22850K .......... .......... .......... .......... ..........  9%  116M 25s
 22900K .......... .......... .......... .......... ..........  9%  113M 24s
 22950K .......... .......... .......... .......... ..........  9%  119M 24s
 23000K .......... .......... .......... .......... ..........  9%  116M 24s
 23050K .......... .......... .......... .......... ..........  9%  113M 24s
 23100K .......... .......... .......... .......... ..........  9%  118M 24s
 23150K .......... .......... .......... .......... ..........  9%  115M 24s
 23200K .......... .......... .......... .......... ..........  9% 88.9M 24s
 23250K .......... .......... .......... .......... ..........  9%  117M 24s
 23300K .......... .......... .......... .......... ..........  9%  117M 24s
 23350K .......... .......... .......... .......... ..........  9%  117M 24s
 23400K .......... .......... .......... .......... ..........  9%  116M 24s
 23450K .......... .......... .......... .......... ..........  9%  117M 24s
 23500K .......... .......... .......... .......... ..........  9%  117M 24s
 23550K .......... .......... .......... .......... ..........  9%  117M 24s
 23600K .......... .......... .......... .......... ..........  9% 88.9M 24s
 23650K .......... .......... .......... .......... ..........  9%  117M 24s
 23700K .......... .......... .......... .......... ..........  9%  117M 24s
 23750K .......... .......... .......... .......... ..........  9%  117M 24s
 23800K .......... .......... .......... .......... ..........  9%  115M 24s
 23850K .......... .......... .......... .......... ..........  9%  117M 23s
 23900K .......... .......... .......... .......... ..........  9%  117M 23s
 23950K .......... .......... .......... .......... ..........  9%  117M 23s
 24000K .......... .......... .......... .......... ..........  9% 86.9M 23s
 24050K .......... .......... .......... .......... ..........  9%  117M 23s
  5100K .......... .......... .......... .......... ..........  2%  357K 75s
  5150K .......... .......... .......... .......... ..........  2%  140M 74s
  5200K .......... .......... .......... .......... ..........  2% 98.7M 74s
  5250K .......... .......... .......... .......... ..........  2%  117M 73s
  5300K .......... .......... .......... .......... ..........  2%  117M 72s
  5350K .......... .......... .......... .......... ..........  2%  117M 72s
  5400K .......... .......... .......... .......... ..........  2%  115M 71s
  5450K .......... .......... .......... .......... ..........  2%  117M 70s
  5500K .......... .......... .......... .......... ..........  2%  117M 70s
  5550K .......... .......... .......... .......... ..........  2%  116M 69s
  5600K .......... .......... .......... .......... ..........  2% 89.4M 68s
  5650K .......... .......... .......... .......... ..........  2%  117M 68s
  5700K .......... .......... .......... .......... ..........  2%  117M 67s
  5750K .......... .......... .......... .......... ..........  2%  117M 67s
  5800K .......... .......... .......... .......... ..........  2%  115M 66s
  5850K .......... .......... .......... .......... ..........  2%  117M 66s
  5900K .......... .......... .......... .......... ..........  2%  117M 65s
  5950K .......... .......... .......... .......... ..........  2%  116M 64s
  6000K .......... .......... .......... .......... ..........  2% 87.2M 64s
  6050K .......... .......... .......... .......... ..........  2%  117M 63s
  6100K .......... .......... .......... .......... ..........  2%  117M 63s
  6150K .......... .......... .......... .......... ..........  2%  117M 62s
  6200K .......... .......... .......... .......... ..........  2%  115M 62s
  6250K .......... .......... .......... .......... ..........  2%  117M 61s
  6300K .......... .......... .......... .......... ..........  2%  116M 61s
  6350K .......... .......... .......... .......... ..........  2%  118M 60s
  6400K .......... .......... .......... .......... ..........  2% 88.9M 60s
  6450K .......... .......... .......... .......... ..........  2%  117M 60s
  6500K .......... .......... .......... .......... ..........  2%  117M 59s
  6550K .......... .......... .......... .......... ..........  2%  117M 59s
  6600K .......... .......... .......... .......... ..........  2%  115M 58s
  6650K .......... .......... .......... .......... ..........  2%  117M 58s
  6700K .......... .......... .......... .......... ..........  2%  117M 57s
  6750K .......... .......... .......... .......... ..........  2%  117M 57s
  6800K .......... .......... .......... .......... ..........  2% 88.9M 56s
  6850K .......... .......... .......... .......... ..........  2% 1.87M 57s
 24100K .......... .......... .......... .......... ..........  9%  350K 25s
 24150K .......... .......... .......... .......... ..........  9%  127M 24s
 24200K .......... .......... .......... .......... .......... 10% 79.1M 24s
 24250K .......... .......... .......... .......... .......... 10%  124M 24s
 24300K .......... .......... .......... .......... .......... 10% 13.9M 24s
 24350K .......... .......... .......... .......... .......... 10%  142M 24s
 24400K .......... .......... .......... .......... .......... 10% 89.9M 24s
 24450K .......... .......... .......... .......... .......... 10%  113M 24s
 24500K .......... .......... .......... .......... .......... 10%  119M 24s
 24550K .......... .......... .......... .......... .......... 10%  117M 24s
 24600K .......... .......... .......... .......... .......... 10%  114M 24s
 24650K .......... .......... .......... .......... .......... 10%  117M 24s
 24700K .......... .......... .......... .......... .......... 10%  117M 24s
 24750K .......... .......... .......... .......... .......... 10%  116M 24s
 24800K .......... .......... .......... .......... .......... 10% 86.0M 24s
 24850K .......... .......... .......... .......... .......... 10%  118M 24s
 24900K .......... .......... .......... .......... .......... 10%  117M 24s
 24950K .......... .......... .......... .......... .......... 10%  117M 24s
 25000K .......... .......... .......... .......... .......... 10%  115M 24s
 25050K .......... .......... .......... .......... .......... 10%  117M 24s
 25100K .......... .......... .......... .......... .......... 10% 56.2M 24s
 25150K .......... .......... .......... .......... .......... 10%  117M 24s
 25200K .......... .......... .......... .......... .......... 10% 82.0M 23s
 25250K .......... .......... .......... .......... .......... 10%  117M 23s
 25300K .......... .......... .......... .......... .......... 10% 15.0M 23s
 25350K .......... .......... .......... .......... .......... 10% 85.9M 23s
 25400K .......... .......... .......... .......... .......... 10% 14.7M 23s
 25450K .......... .......... .......... .......... .......... 10%  127M 23s
 25500K .......... .......... .......... .......... .......... 10%  117M 23s
 25550K .......... .......... .......... .......... .......... 10%  117M 23s
 25600K .......... .......... .......... .......... .......... 10% 79.8M 23s
 25650K .......... .......... .......... .......... .......... 10%  117M 23s
 25700K .......... .......... .......... .......... .......... 10% 18.5M 23s
 25750K .......... .......... .......... .......... .......... 10% 60.4M 23s
 25800K .......... .......... .......... .......... .......... 10% 99.0M 23s
 25850K .......... .......... .......... .......... .......... 10%  115M 23s
 25900K .......... .......... .......... .......... .......... 10% 14.0M 23s
 25950K .......... .......... .......... .......... .......... 10%  138M 23s
 26000K .......... .......... .......... .......... .......... 10% 89.7M 23s
 26050K .......... .......... .......... .......... .......... 10%  115M 23s
 26100K .......... .......... .......... .......... .......... 10%  115M 23s
 26150K .......... .......... .......... .......... .......... 10%  118M 23s
 26200K .......... .......... .......... .......... .......... 10%  117M 23s
 26250K .......... .......... .......... .......... .......... 10%  118M 23s
 26300K .......... .......... .......... .......... .......... 10%  114M 23s
 26350K .......... .......... .......... .......... .......... 10%  118M 22s
 26400K .......... .......... .......... .......... .......... 10% 87.7M 22s
 26450K .......... .......... .......... .......... .......... 10%  118M 22s
 26500K .......... .......... .......... .......... .......... 10%  117M 22s
 26550K .......... .......... .......... .......... .......... 10%  117M 22s
 26600K .......... .......... .......... .......... .......... 10%  114M 22s
 26650K .......... .......... .......... .......... .......... 11%  119M 22s
 26700K .......... .......... .......... .......... .......... 11%  117M 22s
 26750K .......... .......... .......... .......... .......... 11%  116M 22s
 26800K .......... .......... .......... .......... .......... 11% 87.8M 22s
 26850K .......... .......... .......... .......... .......... 11%  117M 22s
 26900K .......... .......... .......... .......... .......... 11%  117M 22s
 26950K .......... .......... .......... .......... .......... 11%  117M 22s
 27000K .......... .......... .......... .......... .......... 11%  115M 22s
 27050K .......... .......... .......... .......... .......... 11%  117M 22s
 27100K .......... .......... .......... .......... .......... 11%  117M 22s
  6900K .......... .......... .......... .......... ..........  2%  357K 61s
  6950K .......... .......... .......... .......... ..........  2%  115M 61s
  7000K .......... .......... .......... .......... ..........  2%  153M 60s
  7050K .......... .......... .......... .......... ..........  2%  117M 60s
  7100K .......... .......... .......... .......... ..........  2%  116M 60s
  7150K .......... .......... .......... .......... ..........  2%  117M 59s
  7200K .......... .......... .......... .......... ..........  2% 87.1M 59s
  7250K .......... .......... .......... .......... ..........  3%  117M 58s
  7300K .......... .......... .......... .......... ..........  3%  116M 58s
  7350K .......... .......... .......... .......... ..........  3%  117M 58s
  7400K .......... .......... .......... .......... ..........  3%  115M 57s
  7450K .......... .......... .......... .......... ..........  3%  117M 57s
  7500K .......... .......... .......... .......... ..........  3%  117M 56s
  7550K .......... .......... .......... .......... ..........  3%  117M 56s
  7600K .......... .......... .......... .......... ..........  3% 89.1M 56s
  7650K .......... .......... .......... .......... ..........  3%  117M 55s
  7700K .......... .......... .......... .......... ..........  3%  117M 55s
  7750K .......... .......... .......... .......... ..........  3%  117M 55s
  7800K .......... .......... .......... .......... ..........  3%  115M 54s
  7850K .......... .......... .......... .......... ..........  3%  117M 54s
  7900K .......... .......... .......... .......... ..........  3%  117M 54s
  7950K .......... .......... .......... .......... ..........  3%  117M 53s
  8000K .......... .......... .......... .......... ..........  3% 87.0M 53s
  8050K .......... .......... .......... .......... ..........  3%  117M 53s
  8100K .......... .......... .......... .......... ..........  3%  117M 52s
  8150K .......... .......... .......... .......... ..........  3%  117M 52s
  8200K .......... .......... .......... .......... ..........  3%  115M 52s
  8250K .......... .......... .......... .......... ..........  3%  117M 51s
  8300K .......... .......... .......... .......... ..........  3%  117M 51s
  8350K .......... .......... .......... .......... ..........  3%  116M 51s
  8400K .......... .......... .......... .......... ..........  3% 89.1M 50s
  8450K .......... .......... .......... .......... ..........  3%  117M 50s
  8500K .......... .......... .......... .......... ..........  3%  117M 50s
  8550K .......... .......... .......... .......... ..........  3%  117M 50s
  8600K .......... .......... .......... .......... ..........  3%  115M 49s
  8650K .......... .......... .......... .......... ..........  3%  115M 49s
  8700K .......... .......... .......... .......... ..........  3%  118M 49s
  8750K .......... .......... .......... .......... ..........  3% 1.93M 49s
 27150K .......... .......... .......... .......... .......... 11%  358K 23s
 27200K .......... .......... .......... .......... .......... 11% 83.8M 23s
 27250K .......... .......... .......... .......... .......... 11%  118M 23s
 27300K .......... .......... .......... .......... .......... 11%  117M 23s
 27350K .......... .......... .......... .......... .......... 11% 15.0M 23s
 27400K .......... .......... .......... .......... .......... 11% 91.9M 23s
 27450K .......... .......... .......... .......... .......... 11%  104M 23s
 27500K .......... .......... .......... .......... .......... 11%  117M 23s
 27550K .......... .......... .......... .......... .......... 11%  117M 23s
 27600K .......... .......... .......... .......... .......... 11% 14.1M 23s
 27650K .......... .......... .......... .......... .......... 11%  117M 23s
 27700K .......... .......... .......... .......... .......... 11%  117M 22s
 27750K .......... .......... .......... .......... .......... 11%  116M 22s
 27800K .......... .......... .......... .......... .......... 11%  115M 22s
 27850K .......... .......... .......... .......... .......... 11%  117M 22s
 27900K .......... .......... .......... .......... .......... 11%  113M 22s
 27950K .......... .......... .......... .......... .......... 11%  119M 22s
 28000K .......... .......... .......... .......... .......... 11% 88.5M 22s
 28050K .......... .......... .......... .......... .......... 11%  113M 22s
 28100K .......... .......... .......... .......... .......... 11%  118M 22s
 28150K .......... .......... .......... .......... .......... 11%  117M 22s
 28200K .......... .......... .......... .......... .......... 11%  115M 22s
 28250K .......... .......... .......... .......... .......... 11%  117M 22s
 28300K .......... .......... .......... .......... .......... 11% 69.1M 22s
 28350K .......... .......... .......... .......... .......... 11% 71.1M 22s
 28400K .......... .......... .......... .......... .......... 11% 14.7M 22s
 28450K .......... .......... .......... .......... .......... 11%  124M 22s
 28500K .......... .......... .......... .......... .......... 11%  106M 22s
 28550K .......... .......... .......... .......... .......... 11% 97.0M 22s
 28600K .......... .......... .......... .......... .......... 11%  109M 22s
 28650K .......... .......... .......... .......... .......... 11%  116M 22s
 28700K .......... .......... .......... .......... .......... 11%  117M 22s
 28750K .......... .......... .......... .......... .......... 11% 19.1M 22s
 28800K .......... .......... .......... .......... .......... 11% 47.2M 22s
 28850K .......... .......... .......... .......... .......... 11%  101M 22s
 28900K .......... .......... .......... .......... .......... 11%  117M 22s
 28950K .......... .......... .......... .......... .......... 11% 14.8M 22s
 29000K .......... .......... .......... .......... .......... 11% 83.8M 21s
 29050K .......... .......... .......... .......... .......... 12%  110M 21s
 29100K .......... .......... .......... .......... .......... 12%  114M 21s
 29150K .......... .......... .......... .......... .......... 12%  119M 21s
 29200K .......... .......... .......... .......... .......... 12% 88.8M 21s
 29250K .......... .......... .......... .......... .......... 12% 14.2M 21s
 29300K .......... .......... .......... .......... .......... 12%  118M 21s
 29350K .......... .......... .......... .......... .......... 12%  118M 21s
 29400K .......... .......... .......... .......... .......... 12%  115M 21s
 29450K .......... .......... .......... .......... .......... 12%  114M 21s
 29500K .......... .......... .......... .......... .......... 12%  120M 21s
 29550K .......... .......... .......... .......... .......... 12%  116M 21s
 29600K .......... .......... .......... .......... .......... 12% 86.1M 21s
 29650K .......... .......... .......... .......... .......... 12%  117M 21s
 29700K .......... .......... .......... .......... .......... 12%  117M 21s
 29750K .......... .......... .......... .......... .......... 12%  119M 21s
 29800K .......... .......... .......... .......... .......... 12%  115M 21s
 29850K .......... .......... .......... .......... .......... 12%  117M 21s
 29900K .......... .......... .......... .......... .......... 12%  116M 21s
 29950K .......... .......... .......... .......... .......... 12%  117M 21s
 30000K .......... .......... .......... .......... .......... 12% 87.1M 21s
 30050K .......... .......... .......... .......... .......... 12%  116M 21s
 30100K .......... .......... .......... .......... .......... 12%  117M 21s
 30150K .......... .......... .......... .......... .......... 12%  117M 21s
  8800K .......... .......... .......... .......... ..........  3%  351K 53s
  8850K .......... .......... .......... .......... ..........  3%  858M 52s
  8900K .......... .......... .......... .......... ..........  3% 1.13G 52s
  8950K .......... .......... .......... .......... ..........  3% 1.08G 52s
  9000K .......... .......... .......... .......... ..........  3%  908M 51s
  9050K .......... .......... .......... .......... ..........  3% 1021M 51s
  9100K .......... .......... .......... .......... ..........  3%  333M 51s
  9150K .......... .......... .......... .......... ..........  3%  136M 51s
  9200K .......... .......... .......... .......... ..........  3% 87.1M 50s
  9250K .......... .......... .......... .......... ..........  3%  117M 50s
  9300K .......... .......... .......... .......... ..........  3%  117M 50s
  9350K .......... .......... .......... .......... ..........  3%  117M 49s
  9400K .......... .......... .......... .......... ..........  3%  115M 49s
  9450K .......... .......... .......... .......... ..........  3%  117M 49s
  9500K .......... .......... .......... .......... ..........  3%  115M 49s
  9550K .......... .......... .......... .......... ..........  3%  118M 48s
  9600K .......... .......... .......... .......... ..........  3% 89.3M 48s
  9650K .......... .......... .......... .......... ..........  4%  117M 48s
  9700K .......... .......... .......... .......... ..........  4%  116M 48s
  9750K .......... .......... .......... .......... ..........  4%  117M 47s
  9800K .......... .......... .......... .......... ..........  4%  115M 47s
  9850K .......... .......... .......... .......... ..........  4%  117M 47s
  9900K .......... .......... .......... .......... ..........  4%  117M 47s
  9950K .......... .......... .......... .......... ..........  4%  117M 46s
 10000K .......... .......... .......... .......... ..........  4% 89.1M 46s
 10050K .......... .......... .......... .......... ..........  4%  117M 46s
 10100K .......... .......... .......... .......... ..........  4%  116M 46s
 10150K .......... .......... .......... .......... ..........  4%  117M 46s
 10200K .......... .......... .......... .......... ..........  4%  115M 45s
 10250K .......... .......... .......... .......... ..........  4%  115M 45s
 10300K .......... .......... .......... .......... ..........  4%  119M 45s
 10350K .......... .......... .......... .......... ..........  4%  117M 45s
 10400K .......... .......... .......... .......... ..........  4% 87.1M 44s
 10450K .......... .......... .......... .......... ..........  4%  116M 44s
 10500K .......... .......... .......... .......... ..........  4%  117M 44s
 10550K .......... .......... .......... .......... ..........  4%  117M 44s
 10600K .......... .......... .......... .......... ..........  4%  115M 44s
 10650K .......... .......... .......... .......... ..........  4%  117M 43s
 10700K .......... .......... .......... .......... ..........  4% 2.01M 44s
 30200K .......... .......... .......... .......... .......... 12%  366K 22s
 30250K .......... .......... .......... .......... .......... 12% 30.2M 22s
 30300K .......... .......... .......... .......... .......... 12%  931M 22s
 30350K .......... .......... .......... .......... .......... 12%  826M 21s
 30400K .......... .......... .......... .......... .......... 12% 16.9M 21s
 30450K .......... .......... .......... .......... .......... 12% 73.5M 21s
 30500K .......... .......... .......... .......... .......... 12%  101M 21s
 30550K .......... .......... .......... .......... .......... 12%  117M 21s
 30600K .......... .......... .......... .......... .......... 12%  111M 21s
 30650K .......... .......... .......... .......... .......... 12% 15.4M 21s
 30700K .......... .......... .......... .......... .......... 12% 85.1M 21s
 30750K .......... .......... .......... .......... .......... 12%  113M 21s
 30800K .......... .......... .......... .......... .......... 12% 87.5M 21s
 30850K .......... .......... .......... .......... .......... 12%  117M 21s
 30900K .......... .......... .......... .......... .......... 12% 14.4M 21s
 30950K .......... .......... .......... .......... .......... 12%  121M 21s
 31000K .......... .......... .......... .......... .......... 12%  114M 21s
 31050K .......... .......... .......... .......... .......... 12%  113M 21s
 31100K .......... .......... .......... .......... .......... 12%  119M 21s
 31150K .......... .......... .......... .......... .......... 12%  116M 21s
 31200K .......... .......... .......... .......... .......... 12% 89.3M 21s
 31250K .......... .......... .......... .......... .......... 12%  116M 21s
 31300K .......... .......... .......... .......... .......... 12%  114M 21s
 31350K .......... .......... .......... .......... .......... 12%  118M 21s
 31400K .......... .......... .......... .......... .......... 12%  116M 21s
 31450K .......... .......... .......... .......... .......... 13%  100M 21s
 31500K .......... .......... .......... .......... .......... 13%  115M 21s
 31550K .......... .......... .......... .......... .......... 13% 65.8M 21s
 31600K .......... .......... .......... .......... .......... 13% 72.9M 21s
 31650K .......... .......... .......... .......... .......... 13%  117M 21s
 31700K .......... .......... .......... .......... .......... 13%  117M 21s
 31750K .......... .......... .......... .......... .......... 13% 22.1M 21s
 31800K .......... .......... .......... .......... .......... 13%  113M 21s
 31850K .......... .......... .......... .......... .......... 13% 41.4M 20s
 31900K .......... .......... .......... .......... .......... 13% 97.5M 20s
 31950K .......... .......... .......... .......... .......... 13% 16.1M 20s
 32000K .......... .......... .......... .......... .......... 13% 51.4M 20s
 32050K .......... .......... .......... .......... .......... 13%  117M 20s
 32100K .......... .......... .......... .......... .......... 13% 93.2M 20s
 32150K .......... .......... .......... .......... .......... 13%  125M 20s
 32200K .......... .......... .......... .......... .......... 13%  114M 20s
 32250K .......... .......... .......... .......... .......... 13%  117M 20s
 32300K .......... .......... .......... .......... .......... 13% 15.4M 20s
 32350K .......... .......... .......... .......... .......... 13% 74.2M 20s
 32400K .......... .......... .......... .......... .......... 13% 86.0M 20s
 32450K .......... .......... .......... .......... .......... 13% 13.8M 20s
 32500K .......... .......... .......... .......... .......... 13%  117M 20s
 32550K .......... .......... .......... .......... .......... 13%  117M 20s
 32600K .......... .......... .......... .......... .......... 13%  113M 20s
 32650K .......... .......... .......... .......... .......... 13%  117M 20s
 32700K .......... .......... .......... .......... .......... 13%  118M 20s
 32750K .......... .......... .......... .......... .......... 13%  115M 20s
 32800K .......... .......... .......... .......... .......... 13% 88.7M 20s
 32850K .......... .......... .......... .......... .......... 13%  120M 20s
 32900K .......... .......... .......... .......... .......... 13%  114M 20s
 32950K .......... .......... .......... .......... .......... 13%  118M 20s
 33000K .......... .......... .......... .......... .......... 13%  113M 20s
 33050K .......... .......... .......... .......... .......... 13%  116M 20s
 33100K .......... .......... .......... .......... .......... 13%  117M 20s
 33150K .......... .......... .......... .......... .......... 13%  117M 20s
 33200K .......... .......... .......... .......... .......... 13% 89.6M 20s
 10750K .......... .......... .......... .......... ..........  4%  356K 47s
 10800K .......... .......... .......... .......... ..........  4% 20.9M 46s
 10850K .......... .......... .......... .......... ..........  4%  138M 46s
 10900K .......... .......... .......... .......... ..........  4%  117M 46s
 10950K .......... .......... .......... .......... ..........  4%  117M 46s
 11000K .......... .......... .......... .......... ..........  4%  113M 46s
 11050K .......... .......... .......... .......... ..........  4%  119M 45s
 11100K .......... .......... .......... .......... ..........  4%  117M 45s
 11150K .......... .......... .......... .......... ..........  4%  117M 45s
 11200K .......... .......... .......... .......... ..........  4% 87.1M 45s
 11250K .......... .......... .......... .......... ..........  4%  117M 45s
 11300K .......... .......... .......... .......... ..........  4%  117M 44s
 11350K .......... .......... .......... .......... ..........  4%  117M 44s
 11400K .......... .......... .......... .......... ..........  4%  115M 44s
 11450K .......... .......... .......... .......... ..........  4%  117M 44s
 11500K .......... .......... .......... .......... ..........  4%  116M 44s
 11550K .......... .......... .......... .......... ..........  4%  117M 43s
 11600K .......... .......... .......... .......... ..........  4% 88.9M 43s
 11650K .......... .......... .......... .......... ..........  4%  117M 43s
 11700K .......... .......... .......... .......... ..........  4%  117M 43s
 11750K .......... .......... .......... .......... ..........  4%  117M 43s
 11800K .......... .......... .......... .......... ..........  4%  115M 42s
 11850K .......... .......... .......... .......... ..........  4%  117M 42s
 11900K .......... .......... .......... .......... ..........  4%  117M 42s
 11950K .......... .......... .......... .......... ..........  4%  117M 42s
 12000K .......... .......... .......... .......... ..........  4% 89.1M 42s
 12050K .......... .......... .......... .......... ..........  4%  117M 42s
 12100K .......... .......... .......... .......... ..........  5%  117M 41s
 12150K .......... .......... .......... .......... ..........  5%  117M 41s
 12200K .......... .......... .......... .......... ..........  5%  115M 41s
 12250K .......... .......... .......... .......... ..........  5%  117M 41s
 12300K .......... .......... .......... .......... ..........  5%  117M 41s
 12350K .......... .......... .......... .......... ..........  5%  117M 41s
 12400K .......... .......... .......... .......... ..........  5% 87.0M 40s
 12450K .......... .......... .......... .......... ..........  5%  117M 40s
 12500K .......... .......... .......... .......... ..........  5%  117M 40s
 12550K .......... .......... .......... .......... ..........  5%  117M 40s
 12600K .......... .......... .......... .......... ..........  5%  115M 40s
 12650K .......... .......... .......... .......... ..........  5%  117M 40s
 12700K .......... .......... .......... .......... ..........  5%  117M 39s
 12750K .......... .......... .......... .......... ..........  5% 2.24M 40s
 33250K .......... .......... .......... .......... .......... 13%  375K 20s
 33300K .......... .......... .......... .......... .......... 13% 12.2M 20s
 33350K .......... .......... .......... .......... .......... 13%  116M 20s
 33400K .......... .......... .......... .......... .......... 13%  114M 20s
 33450K .......... .......... .......... .......... .......... 13%  117M 20s
 33500K .......... .......... .......... .......... .......... 13%  116M 20s
 33550K .......... .......... .......... .......... .......... 13%  115M 20s
 33600K .......... .......... .......... .......... .......... 13% 90.7M 20s
 33650K .......... .......... .......... .......... .......... 13%  117M 20s
 33700K .......... .......... .......... .......... .......... 13% 16.5M 20s
 33750K .......... .......... .......... .......... .......... 13% 70.1M 20s
 33800K .......... .......... .......... .......... .......... 13%  104M 20s
 33850K .......... .......... .......... .......... .......... 13%  114M 20s
 33900K .......... .......... .......... .......... .......... 14%  119M 20s
 33950K .......... .......... .......... .......... .......... 14% 15.4M 20s
 34000K .......... .......... .......... .......... .......... 14% 67.4M 20s
 34050K .......... .......... .......... .......... .......... 14%  111M 20s
 34100K .......... .......... .......... .......... .......... 14%  116M 20s
 34150K .......... .......... .......... .......... .......... 14%  116M 20s
 34200K .......... .......... .......... .......... .......... 14% 12.5M 20s
 34250K .......... .......... .......... .......... .......... 14%  115M 20s
 34300K .......... .......... .......... .......... .......... 14%  120M 20s
 34350K .......... .......... .......... .......... .......... 14%  117M 20s
 34400K .......... .......... .......... .......... .......... 14% 88.4M 20s
 34450K .......... .......... .......... .......... .......... 14%  118M 20s
 34500K .......... .......... .......... .......... .......... 14%  114M 20s
 34550K .......... .......... .......... .......... .......... 14%  120M 20s
 34600K .......... .......... .......... .......... .......... 14%  114M 20s
 34650K .......... .......... .......... .......... .......... 14%  115M 20s
 34700K .......... .......... .......... .......... .......... 14%  119M 20s
 34750K .......... .......... .......... .......... .......... 14%  117M 20s
 34800K .......... .......... .......... .......... .......... 14% 86.5M 20s
 34850K .......... .......... .......... .......... .......... 14%  118M 20s
 34900K .......... .......... .......... .......... .......... 14%  117M 19s
 34950K .......... .......... .......... .......... .......... 14%  117M 19s
 35000K .......... .......... .......... .......... .......... 14% 19.0M 19s
 35050K .......... .......... .......... .......... .......... 14% 53.3M 19s
 35100K .......... .......... .......... .......... .......... 14% 88.3M 19s
 35150K .......... .......... .......... .......... .......... 14%  116M 19s
 35200K .......... .......... .......... .......... .......... 14% 88.9M 19s
 35250K .......... .......... .......... .......... .......... 14%  115M 19s
 35300K .......... .......... .......... .......... .......... 14% 16.2M 19s
 35350K .......... .......... .......... .......... .......... 14% 64.5M 19s
 35400K .......... .......... .......... .......... .......... 14%  124M 19s
 35450K .......... .......... .......... .......... .......... 14%  104M 19s
 35500K .......... .......... .......... .......... .......... 14% 14.2M 19s
 35550K .......... .......... .......... .......... .......... 14%  107M 19s
 35600K .......... .......... .......... .......... .......... 14% 74.8M 19s
 35650K .......... .......... .......... .......... .......... 14%  110M 19s
 35700K .......... .......... .......... .......... .......... 14%  117M 19s
 35750K .......... .......... .......... .......... .......... 14%  117M 19s
 35800K .......... .......... .......... .......... .......... 14% 14.2M 19s
 35850K .......... .......... .......... .......... .......... 14%  120M 19s
 35900K .......... .......... .......... .......... .......... 14%  117M 19s
 35950K .......... .......... .......... .......... .......... 14%  115M 19s
 36000K .......... .......... .......... .......... .......... 14% 88.5M 19s
 36050K .......... .......... .......... .......... .......... 14%  113M 19s
 36100K .......... .......... .......... .......... .......... 14%  119M 19s
 36150K .......... .......... .......... .......... .......... 14%  117M 19s
 36200K .......... .......... .......... .......... .......... 14%  115M 19s
 36250K .......... .......... .......... .......... .......... 14%  113M 19s
 12800K .......... .......... .......... .......... ..........  5%  356K 42s
 12850K .......... .......... .......... .......... ..........  5% 20.7M 42s
 12900K .......... .......... .......... .......... ..........  5%  118M 42s
 12950K .......... .......... .......... .......... ..........  5%  117M 42s
 13000K .......... .......... .......... .......... ..........  5%  115M 41s
 13050K .......... .......... .......... .......... ..........  5%  117M 41s
 13100K .......... .......... .......... .......... ..........  5%  117M 41s
 13150K .......... .......... .......... .......... ..........  5%  116M 41s
 13200K .......... .......... .......... .......... ..........  5% 89.2M 41s
 13250K .......... .......... .......... .......... ..........  5%  117M 41s
 13300K .......... .......... .......... .......... ..........  5%  117M 40s
 13350K .......... .......... .......... .......... ..........  5%  117M 40s
 13400K .......... .......... .......... .......... ..........  5%  115M 40s
 13450K .......... .......... .......... .......... ..........  5%  117M 40s
 13500K .......... .......... .......... .......... ..........  5%  117M 40s
 13550K .......... .......... .......... .......... ..........  5%  116M 40s
 13600K .......... .......... .......... .......... ..........  5% 87.7M 40s
 13650K .......... .......... .......... .......... ..........  5%  117M 39s
 13700K .......... .......... .......... .......... ..........  5%  116M 39s
 13750K .......... .......... .......... .......... ..........  5%  117M 39s
 13800K .......... .......... .......... .......... ..........  5%  115M 39s
 13850K .......... .......... .......... .......... ..........  5%  117M 39s
 13900K .......... .......... .......... .......... ..........  5%  117M 39s
 13950K .......... .......... .......... .......... ..........  5%  117M 39s
 14000K .......... .......... .......... .......... ..........  5% 89.1M 38s
 14050K .......... .......... .......... .......... ..........  5%  117M 38s
 14100K .......... .......... .......... .......... ..........  5%  117M 38s
 14150K .......... .......... .......... .......... ..........  5%  117M 38s
 14200K .......... .......... .......... .......... ..........  5%  115M 38s
 14250K .......... .......... .......... .......... ..........  5%  116M 38s
 14300K .......... .......... .......... .......... ..........  5%  117M 38s
 14350K .......... .......... .......... .......... ..........  5%  117M 37s
 14400K .......... .......... .......... .......... ..........  5% 87.1M 37s
 14450K .......... .......... .......... .......... ..........  5%  117M 37s
 14500K .......... .......... .......... .......... ..........  6%  117M 37s
 14550K .......... .......... .......... .......... ..........  6%  117M 37s
 14600K .......... .......... .......... .......... ..........  6%  115M 37s
 14650K .......... .......... .......... .......... ..........  6%  117M 37s
 14700K .......... .......... .......... .......... ..........  6%  117M 37s
 14750K .......... .......... .......... .......... ..........  6%  116M 36s
 14800K .......... .......... .......... .......... ..........  6% 89.1M 36s
 14850K .......... .......... .......... .......... ..........  6% 2.38M 37s
 36300K .......... .......... .......... .......... .......... 15%  674K 19s
 14900K .......... .......... .......... .......... ..........  6% 1.15M 37s
 36350K .......... .......... .......... .......... .......... 15%  865K 19s
 36400K .......... .......... .......... .......... .......... 15% 16.9M 19s
 36450K .......... .......... .......... .......... .......... 15%  140M 19s
 36500K .......... .......... .......... .......... .......... 15%  117M 19s
 36550K .......... .......... .......... .......... .......... 15%  117M 19s
 36600K .......... .......... .......... .......... .......... 15%  114M 19s
 36650K .......... .......... .......... .......... .......... 15%  118M 19s
 36700K .......... .......... .......... .......... .......... 15%  117M 19s
 36750K .......... .......... .......... .......... .......... 15% 17.0M 19s
 36800K .......... .......... .......... .......... .......... 15% 60.7M 19s
 36850K .......... .......... .......... .......... .......... 15%  101M 19s
 36900K .......... .......... .......... .......... .......... 15%  117M 19s
 36950K .......... .......... .......... .......... .......... 15%  117M 19s
 37000K .......... .......... .......... .......... .......... 15% 15.7M 19s
 37050K .......... .......... .......... .......... .......... 15% 75.9M 19s
 37100K .......... .......... .......... .......... .......... 15%  116M 19s
 37150K .......... .......... .......... .......... .......... 15%  112M 19s
 37200K .......... .......... .......... .......... .......... 15% 83.9M 19s
 37250K .......... .......... .......... .......... .......... 15% 7.04M 19s
 37300K .......... .......... .......... .......... .......... 15%  119M 19s
 37350K .......... .......... .......... .......... .......... 15%  117M 19s
 37400K .......... .......... .......... .......... .......... 15%  114M 19s
 37450K .......... .......... .......... .......... .......... 15%  115M 19s
 37500K .......... .......... .......... .......... .......... 15%  116M 19s
 37550K .......... .......... .......... .......... .......... 15%  117M 19s
 37600K .......... .......... .......... .......... .......... 15% 88.0M 19s
 37650K .......... .......... .......... .......... .......... 15%  119M 19s
 37700K .......... .......... .......... .......... .......... 15%  114M 19s
 37750K .......... .......... .......... .......... .......... 15%  116M 19s
 37800K .......... .......... .......... .......... .......... 15%  114M 19s
 37850K .......... .......... .......... .......... .......... 15%  118M 19s
 37900K .......... .......... .......... .......... .......... 15%  117M 19s
 37950K .......... .......... .......... .......... .......... 15%  117M 19s
 38000K .......... .......... .......... .......... .......... 15% 89.1M 19s
 38050K .......... .......... .......... .......... .......... 15%  117M 19s
 38100K .......... .......... .......... .......... .......... 15%  117M 19s
 38150K .......... .......... .......... .......... .......... 15%  117M 19s
 38200K .......... .......... .......... .......... .......... 15%  115M 19s
 38250K .......... .......... .......... .......... .......... 15%  117M 18s
 38300K .......... .......... .......... .......... .......... 15% 17.7M 18s
 38350K .......... .......... .......... .......... .......... 15% 72.1M 18s
 38400K .......... .......... .......... .......... .......... 15% 80.5M 18s
 38450K .......... .......... .......... .......... .......... 15%  117M 18s
 38500K .......... .......... .......... .......... .......... 15%  112M 18s
 38550K .......... .......... .......... .......... .......... 15% 13.9M 18s
 38600K .......... .......... .......... .......... .......... 15%  115M 18s
 38650K .......... .......... .......... .......... .......... 15%  117M 18s
 38700K .......... .......... .......... .......... .......... 15%  104M 18s
 38750K .......... .......... .......... .......... .......... 16%  101M 18s
 38800K .......... .......... .......... .......... .......... 16% 87.1M 18s
 38850K .......... .......... .......... .......... .......... 16% 13.9M 18s
 38900K .......... .......... .......... .......... .......... 16%  133M 18s
 38950K .......... .......... .......... .......... .......... 16% 14.9M 18s
 39000K .......... .......... .......... .......... .......... 16%  115M 18s
 39050K .......... .......... .......... .......... .......... 16%  120M 18s
 39100K .......... .......... .......... .......... .......... 16%  116M 18s
 39150K .......... .......... .......... .......... .......... 16%  113M 18s
 39200K .......... .......... .......... .......... .......... 16% 89.7M 18s
 39250K .......... .......... .......... .......... .......... 16%  116M 18s
 39300K .......... .......... .......... .......... .......... 16%  114M 18s
 14950K .......... .......... .......... .......... ..........  6%  501K 38s
 15000K .......... .......... .......... .......... ..........  6% 43.8M 38s
 15050K .......... .......... .......... .......... ..........  6%  141M 38s
 15100K .......... .......... .......... .......... ..........  6%  117M 38s
 15150K .......... .......... .......... .......... ..........  6%  107M 38s
 15200K .......... .......... .......... .......... ..........  6% 88.8M 38s
 15250K .......... .......... .......... .......... ..........  6%  117M 38s
 15300K .......... .......... .......... .......... ..........  6%  117M 38s
 15350K .......... .......... .......... .......... ..........  6%  117M 37s
 15400K .......... .......... .......... .......... ..........  6%  115M 37s
 15450K .......... .......... .......... .......... ..........  6%  117M 37s
 15500K .......... .......... .......... .......... ..........  6%  117M 37s
 15550K .......... .......... .......... .......... ..........  6%  115M 37s
 15600K .......... .......... .......... .......... ..........  6% 88.2M 37s
 15650K .......... .......... .......... .......... ..........  6%  117M 37s
 15700K .......... .......... .......... .......... ..........  6% 94.4M 37s
 15750K .......... .......... .......... .......... ..........  6% 71.0M 36s
 15800K .......... .......... .......... .......... ..........  6%  109M 36s
 15850K .......... .......... .......... .......... ..........  6%  117M 36s
 15900K .......... .......... .......... .......... ..........  6%  116M 36s
 15950K .......... .......... .......... .......... ..........  6%  118M 36s
 16000K .......... .......... .......... .......... ..........  6% 88.9M 36s
 16050K .......... .......... .......... .......... ..........  6%  117M 36s
 16100K .......... .......... .......... .......... ..........  6%  117M 36s
 16150K .......... .......... .......... .......... ..........  6%  117M 36s
 16200K .......... .......... .......... .......... ..........  6%  115M 35s
 16250K .......... .......... .......... .......... ..........  6%  117M 35s
 16300K .......... .......... .......... .......... ..........  6%  115M 35s
 16350K .......... .......... .......... .......... ..........  6%  118M 35s
 16400K .......... .......... .......... .......... ..........  6% 89.2M 35s
 16450K .......... .......... .......... .......... ..........  6%  117M 35s
 16500K .......... .......... .......... .......... ..........  6%  117M 35s
 16550K .......... .......... .......... .......... ..........  6%  117M 35s
 16600K .......... .......... .......... .......... ..........  6%  115M 35s
 16650K .......... .......... .......... .......... ..........  6%  117M 34s
 16700K .......... .......... .......... .......... ..........  6%  117M 34s
 16750K .......... .......... .......... .......... ..........  6%  117M 34s
 16800K .......... .......... .......... .......... ..........  6% 87.1M 34s
 16850K .......... .......... .......... .......... ..........  6%  117M 34s
 16900K .......... .......... .......... .......... ..........  6%  117M 34s
 16950K .......... .......... .......... .......... ..........  7%  117M 34s
 17000K .......... .......... .......... .......... ..........  7%  115M 34s
 17050K .......... .......... .......... .......... ..........  7%  117M 34s
 17100K .......... .......... .......... .......... ..........  7% 2.52M 34s
 39350K .......... .......... .......... .......... .......... 16%  704K 18s
 39400K .......... .......... .......... .......... .......... 16%  836K 19s
 39450K .......... .......... .......... .......... .......... 16% 47.7M 19s
 39500K .......... .......... .......... .......... .......... 16%  126M 19s
 39550K .......... .......... .......... .......... .......... 16%  114M 19s
 39600K .......... .......... .......... .......... .......... 16% 91.0M 19s
 39650K .......... .......... .......... .......... .......... 16%  117M 19s
 39700K .......... .......... .......... .......... .......... 16%  117M 18s
 39750K .......... .......... .......... .......... .......... 16%  117M 18s
 39800K .......... .......... .......... .......... .......... 16% 16.8M 18s
 39850K .......... .......... .......... .......... .......... 16%  117M 18s
 39900K .......... .......... .......... .......... .......... 16% 74.7M 18s
 39950K .......... .......... .......... .......... .......... 16%  104M 18s
 40000K .......... .......... .......... .......... .......... 16% 87.0M 18s
 40050K .......... .......... .......... .......... .......... 16% 15.4M 18s
 40100K .......... .......... .......... .......... .......... 16%  117M 18s
 40150K .......... .......... .......... .......... .......... 16% 78.9M 18s
 40200K .......... .......... .......... .......... .......... 16%  112M 18s
 40250K .......... .......... .......... .......... .......... 16%  104M 18s
 40300K .......... .......... .......... .......... .......... 16%  117M 18s
 40350K .......... .......... .......... .......... .......... 16% 4.95M 18s
 40400K .......... .......... .......... .......... .......... 16% 89.6M 18s
 40450K .......... .......... .......... .......... .......... 16%  114M 18s
 40500K .......... .......... .......... .......... .......... 16%  119M 18s
 40550K .......... .......... .......... .......... .......... 16%  114M 18s
 40600K .......... .......... .......... .......... .......... 16%  115M 18s
 40650K .......... .......... .......... .......... .......... 16%  119M 18s
 40700K .......... .......... .......... .......... .......... 16%  114M 18s
 40750K .......... .......... .......... .......... .......... 16%  119M 18s
 40800K .......... .......... .......... .......... .......... 16% 86.6M 18s
 40850K .......... .......... .......... .......... .......... 16%  119M 18s
 40900K .......... .......... .......... .......... .......... 16%  117M 18s
 40950K .......... .......... .......... .......... .......... 16%  117M 18s
 41000K .......... .......... .......... .......... .......... 16%  115M 18s
 41050K .......... .......... .......... .......... .......... 16%  117M 18s
 41100K .......... .......... .......... .......... .......... 16%  117M 18s
 41150K .......... .......... .......... .......... .......... 17%  117M 18s
 41200K .......... .......... .......... .......... .......... 17% 87.1M 18s
 41250K .......... .......... .......... .......... .......... 17%  117M 18s
 41300K .......... .......... .......... .......... .......... 17%  117M 18s
 41350K .......... .......... .......... .......... .......... 17%  118M 18s
 41400K .......... .......... .......... .......... .......... 17%  114M 18s
 41450K .......... .......... .......... .......... .......... 17%  117M 18s
 41500K .......... .......... .......... .......... .......... 17%  117M 18s
 41550K .......... .......... .......... .......... .......... 17%  117M 18s
 41600K .......... .......... .......... .......... .......... 17% 15.8M 18s
 41650K .......... .......... .......... .......... .......... 17% 82.7M 18s
 41700K .......... .......... .......... .......... .......... 17%  116M 18s
 41750K .......... .......... .......... .......... .......... 17% 93.3M 18s
 41800K .......... .......... .......... .......... .......... 17%  112M 18s
 41850K .......... .......... .......... .......... .......... 17%  117M 18s
 41900K .......... .......... .......... .......... .......... 17%  115M 18s
 41950K .......... .......... .......... .......... .......... 17% 7.72M 18s
 42000K .......... .......... .......... .......... .......... 17% 13.9M 18s
 42050K .......... .......... .......... .......... .......... 17%  119M 17s
 42100K .......... .......... .......... .......... .......... 17%  117M 17s
 42150K .......... .......... .......... .......... .......... 17%  118M 17s
 42200K .......... .......... .......... .......... .......... 17%  114M 17s
 42250K .......... .......... .......... .......... .......... 17%  117M 17s
 42300K .......... .......... .......... .......... .......... 17%  114M 17s
 42350K .......... .......... .......... .......... .......... 17%  118M 17s
 42400K .......... .......... .......... .......... .......... 17% 86.9M 17s
 17150K .......... .......... .......... .......... ..........  7%  356K 36s
 17200K .......... .......... .......... .......... ..........  7% 21.3M 35s
 17250K .......... .......... .......... .......... ..........  7%  106M 35s
 17300K .......... .......... .......... .......... ..........  7%  117M 35s
 17350K .......... .......... .......... .......... ..........  7%  117M 35s
 17400K .......... .......... .......... .......... ..........  7%  111M 35s
 17450K .......... .......... .......... .......... ..........  7%  117M 35s
 17500K .......... .......... .......... .......... ..........  7%  117M 35s
 17550K .......... .......... .......... .......... ..........  7%  117M 35s
 17600K .......... .......... .......... .......... ..........  7% 87.0M 35s
 17650K .......... .......... .......... .......... ..........  7%  117M 35s
 17700K .......... .......... .......... .......... ..........  7%  117M 34s
 17750K .......... .......... .......... .......... ..........  7%  117M 34s
 17800K .......... .......... .......... .......... ..........  7%  115M 34s
 17850K .......... .......... .......... .......... ..........  7%  117M 34s
 17900K .......... .......... .......... .......... ..........  7%  117M 34s
 17950K .......... .......... .......... .......... ..........  7%  117M 34s
 18000K .......... .......... .......... .......... ..........  7% 77.5M 34s
 18050K .......... .......... .......... .......... ..........  7%  102M 34s
 18100K .......... .......... .......... .......... ..........  7%  117M 34s
 18150K .......... .......... .......... .......... ..........  7%  117M 34s
 18200K .......... .......... .......... .......... ..........  7%  115M 33s
 18250K .......... .......... .......... .......... ..........  7%  115M 33s
 18300K .......... .......... .......... .......... ..........  7%  118M 33s
 18350K .......... .......... .......... .......... ..........  7%  117M 33s
 18400K .......... .......... .......... .......... ..........  7% 88.9M 33s
 18450K .......... .......... .......... .......... ..........  7%  117M 33s
 18500K .......... .......... .......... .......... ..........  7%  117M 33s
 18550K .......... .......... .......... .......... ..........  7%  117M 33s
 18600K .......... .......... .......... .......... ..........  7%  115M 33s
 18650K .......... .......... .......... .......... ..........  7%  117M 33s
 18700K .......... .......... .......... .......... ..........  7%  117M 33s
 18750K .......... .......... .......... .......... ..........  7%  117M 32s
 18800K .......... .......... .......... .......... ..........  7% 87.0M 32s
 18850K .......... .......... .......... .......... ..........  7%  117M 32s
 18900K .......... .......... .......... .......... ..........  7%  117M 32s
 18950K .......... .......... .......... .......... ..........  7%  117M 32s
 19000K .......... .......... .......... .......... ..........  7%  115M 32s
 19050K .......... .......... .......... .......... ..........  7%  117M 32s
 19100K .......... .......... .......... .......... ..........  7%  117M 32s
 19150K .......... .......... .......... .......... ..........  7%  117M 32s
 19200K .......... .......... .......... .......... ..........  7% 88.7M 32s
 19250K .......... .......... .......... .......... ..........  7%  117M 32s
 19300K .......... .......... .......... .......... ..........  7%  117M 32s
 19350K .......... .......... .......... .......... ..........  8%  117M 31s
 19400K .......... .......... .......... .......... ..........  8% 2.60M 32s
 19450K .......... .......... .......... .......... ..........  8% 1.13M 32s
 42450K .......... .......... .......... .......... .......... 17%  390K 18s
 42500K .......... .......... .......... .......... .......... 17%  115M 18s
 42550K .......... .......... .......... .......... .......... 17%  141M 18s
 42600K .......... .......... .......... .......... .......... 17%  115M 18s
 42650K .......... .......... .......... .......... .......... 17%  117M 18s
 42700K .......... .......... .......... .......... .......... 17%  117M 18s
 42750K .......... .......... .......... .......... .......... 17%  117M 18s
 42800K .......... .......... .......... .......... .......... 17% 37.4M 18s
 42850K .......... .......... .......... .......... .......... 17%  117M 18s
 42900K .......... .......... .......... .......... .......... 17% 24.4M 18s
 42950K .......... .......... .......... .......... .......... 17% 69.4M 18s
 43000K .......... .......... .......... .......... .......... 17%  107M 18s
 43050K .......... .......... .......... .......... .......... 17%  117M 18s
 43100K .......... .......... .......... .......... .......... 17% 22.5M 18s
 43150K .......... .......... .......... .......... .......... 17% 40.3M 18s
 43200K .......... .......... .......... .......... .......... 17% 50.3M 18s
 43250K .......... .......... .......... .......... .......... 17%  110M 18s
 43300K .......... .......... .......... .......... .......... 17%  117M 18s
 43350K .......... .......... .......... .......... .......... 17% 4.91M 18s
 43400K .......... .......... .......... .......... .......... 17% 14.1M 18s
 43450K .......... .......... .......... .......... .......... 17%  118M 18s
 43500K .......... .......... .......... .......... .......... 17%  114M 17s
 43550K .......... .......... .......... .......... .......... 17%  116M 17s
 43600K .......... .......... .......... .......... .......... 18% 90.1M 17s
 43650K .......... .......... .......... .......... .......... 18%  116M 17s
 43700K .......... .......... .......... .......... .......... 18%  112M 17s
 43750K .......... .......... .......... .......... .......... 18%  121M 17s
 43800K .......... .......... .......... .......... .......... 18%  112M 17s
 43850K .......... .......... .......... .......... .......... 18%  116M 17s
 43900K .......... .......... .......... .......... .......... 18%  119M 17s
 43950K .......... .......... .......... .......... .......... 18%  117M 17s
 44000K .......... .......... .......... .......... .......... 18% 87.0M 17s
 44050K .......... .......... .......... .......... .......... 18%  117M 17s
 44100K .......... .......... .......... .......... .......... 18%  117M 17s
 44150K .......... .......... .......... .......... .......... 18%  117M 17s
 44200K .......... .......... .......... .......... .......... 18%  116M 17s
 44250K .......... .......... .......... .......... .......... 18%  114M 17s
 44300K .......... .......... .......... .......... .......... 18%  119M 17s
 44350K .......... .......... .......... .......... .......... 18%  116M 17s
 44400K .......... .......... .......... .......... .......... 18% 89.0M 17s
 44450K .......... .......... .......... .......... .......... 18%  117M 17s
 44500K .......... .......... .......... .......... .......... 18%  117M 17s
 44550K .......... .......... .......... .......... .......... 18%  117M 17s
 44600K .......... .......... .......... .......... .......... 18%  113M 17s
 44650K .......... .......... .......... .......... .......... 18%  119M 17s
 44700K .......... .......... .......... .......... .......... 18%  117M 17s
 44750K .......... .......... .......... .......... .......... 18% 81.0M 17s
 44800K .......... .......... .......... .......... .......... 18% 89.1M 17s
 44850K .......... .......... .......... .......... .......... 18%  117M 17s
 44900K .......... .......... .......... .......... .......... 18%  117M 17s
 44950K .......... .......... .......... .......... .......... 18% 18.4M 17s
 45000K .......... .......... .......... .......... .......... 18% 7.49M 17s
 45050K .......... .......... .......... .......... .......... 18% 13.4M 17s
 45100K .......... .......... .......... .......... .......... 18%  136M 17s
 45150K .......... .......... .......... .......... .......... 18%  117M 17s
 45200K .......... .......... .......... .......... .......... 18% 88.7M 17s
 45250K .......... .......... .......... .......... .......... 18%  116M 17s
 45300K .......... .......... .......... .......... .......... 18%  114M 17s
 45350K .......... .......... .......... .......... .......... 18%  117M 17s
 45400K .......... .......... .......... .......... .......... 18%  117M 17s
 45450K .......... .......... .......... .......... .......... 18%  115M 17s
 19500K .......... .......... .......... .......... ..........  8%  510K 33s
 19550K .......... .......... .......... .......... ..........  8% 22.1M 33s
 19600K .......... .......... .......... .......... ..........  8% 80.2M 33s
 19650K .......... .......... .......... .......... ..........  8%  117M 33s
 19700K .......... .......... .......... .......... ..........  8%  116M 33s
 19750K .......... .......... .......... .......... ..........  8%  117M 33s
 19800K .......... .......... .......... .......... ..........  8%  115M 32s
 19850K .......... .......... .......... .......... ..........  8%  117M 32s
 19900K .......... .......... .......... .......... ..........  8%  117M 32s
 19950K .......... .......... .......... .......... ..........  8%  117M 32s
 20000K .......... .......... .......... .......... ..........  8% 87.0M 32s
 20050K .......... .......... .......... .......... ..........  8%  117M 32s
 20100K .......... .......... .......... .......... ..........  8%  117M 32s
 20150K .......... .......... .......... .......... ..........  8%  117M 32s
 20200K .......... .......... .......... .......... ..........  8%  115M 32s
 20250K .......... .......... .......... .......... ..........  8%  117M 32s
 20300K .......... .......... .......... .......... ..........  8%  117M 32s
 20350K .......... .......... .......... .......... ..........  8%  117M 32s
 20400K .......... .......... .......... .......... ..........  8% 89.2M 32s
 20450K .......... .......... .......... .......... ..........  8%  117M 31s
 20500K .......... .......... .......... .......... ..........  8%  116M 31s
 20550K .......... .......... .......... .......... ..........  8%  117M 31s
 20600K .......... .......... .......... .......... ..........  8%  114M 31s
 20650K .......... .......... .......... .......... ..........  8%  118M 31s
 20700K .......... .......... .......... .......... ..........  8%  117M 31s
 20750K .......... .......... .......... .......... ..........  8%  117M 31s
 20800K .......... .......... .......... .......... ..........  8% 87.0M 31s
 20850K .......... .......... .......... .......... ..........  8%  117M 31s
 20900K .......... .......... .......... .......... ..........  8%  117M 31s
 20950K .......... .......... .......... .......... ..........  8%  117M 31s
 21000K .......... .......... .......... .......... ..........  8%  115M 31s
 21050K .......... .......... .......... .......... ..........  8%  117M 31s
 21100K .......... .......... .......... .......... ..........  8%  117M 30s
 21150K .......... .......... .......... .......... ..........  8%  117M 30s
 21200K .......... .......... .......... .......... ..........  8% 88.8M 30s
 21250K .......... .......... .......... .......... ..........  8%  117M 30s
 21300K .......... .......... .......... .......... ..........  8%  117M 30s
 21350K .......... .......... .......... .......... ..........  8%  117M 30s
 21400K .......... .......... .......... .......... ..........  8%  115M 30s
 21450K .......... .......... .......... .......... ..........  8%  117M 30s
 21500K .......... .......... .......... .......... ..........  8%  117M 30s
 21550K .......... .......... .......... .......... ..........  8%  117M 30s
 21600K .......... .......... .......... .......... ..........  8% 89.1M 30s
 21650K .......... .......... .......... .......... ..........  8%  117M 30s
 21700K .......... .......... .......... .......... ..........  8%  117M 30s
 21750K .......... .......... .......... .......... ..........  8%  117M 30s
 21800K .......... .......... .......... .......... ..........  9%  115M 29s
 21850K .......... .......... .......... .......... ..........  9% 2.69M 30s
 45500K .......... .......... .......... .......... .......... 18%  399K 17s
 45550K .......... .......... .......... .......... .......... 18%  126M 17s
 45600K .......... .......... .......... .......... .......... 18%  106M 17s
 45650K .......... .......... .......... .......... .......... 18%  112M 17s
 45700K .......... .......... .......... .......... .......... 18%  117M 17s
 45750K .......... .......... .......... .......... .......... 18%  117M 17s
 45800K .......... .......... .......... .......... .......... 18% 44.5M 17s
 45850K .......... .......... .......... .......... .......... 18%  118M 17s
 45900K .......... .......... .......... .......... .......... 18% 29.6M 17s
 45950K .......... .......... .......... .......... .......... 18% 59.8M 17s
 46000K .......... .......... .......... .......... .......... 19% 56.2M 17s
 46050K .......... .......... .......... .......... .......... 19% 22.3M 17s
 46100K .......... .......... .......... .......... .......... 19%  117M 17s
 46150K .......... .......... .......... .......... .......... 19% 40.0M 17s
 46200K .......... .......... .......... .......... .......... 19% 59.0M 17s
 46250K .......... .......... .......... .......... .......... 19%  117M 17s
 46300K .......... .......... .......... .......... .......... 19%  117M 17s
 46350K .......... .......... .......... .......... .......... 19% 4.89M 17s
 46400K .......... .......... .......... .......... .......... 19% 87.1M 17s
 46450K .......... .......... .......... .......... .......... 19% 7.62M 17s
 46500K .......... .......... .......... .......... .......... 19%  115M 17s
 46550K .......... .......... .......... .......... .......... 19%  121M 17s
 46600K .......... .......... .......... .......... .......... 19%  113M 17s
 46650K .......... .......... .......... .......... .......... 19%  119M 17s
 46700K .......... .......... .......... .......... .......... 19%  115M 17s
 46750K .......... .......... .......... .......... .......... 19%  117M 17s
 46800K .......... .......... .......... .......... .......... 19% 88.7M 17s
 46850K .......... .......... .......... .......... .......... 19%  116M 17s
 46900K .......... .......... .......... .......... .......... 19%  114M 17s
 46950K .......... .......... .......... .......... .......... 19%  116M 17s
 47000K .......... .......... .......... .......... .......... 19%  116M 17s
 47050K .......... .......... .......... .......... .......... 19%  117M 17s
 47100K .......... .......... .......... .......... .......... 19%  117M 17s
 47150K .......... .......... .......... .......... .......... 19%  113M 17s
 47200K .......... .......... .......... .......... .......... 19% 91.0M 17s
 47250K .......... .......... .......... .......... .......... 19%  117M 17s
 47300K .......... .......... .......... .......... .......... 19%  117M 17s
 47350K .......... .......... .......... .......... .......... 19%  117M 17s
 47400K .......... .......... .......... .......... .......... 19%  115M 17s
 47450K .......... .......... .......... .......... .......... 19%  117M 17s
 47500K .......... .......... .......... .......... .......... 19%  117M 16s
 47550K .......... .......... .......... .......... .......... 19%  117M 16s
 47600K .......... .......... .......... .......... .......... 19% 87.0M 16s
 47650K .......... .......... .......... .......... .......... 19%  117M 16s
 47700K .......... .......... .......... .......... .......... 19%  117M 16s
 47750K .......... .......... .......... .......... .......... 19%  117M 16s
 47800K .......... .......... .......... .......... .......... 19%  115M 16s
 47850K .......... .......... .......... .......... .......... 19%  117M 16s
 47900K .......... .......... .......... .......... .......... 19%  117M 16s
 47950K .......... .......... .......... .......... .......... 19%  117M 16s
 48000K .......... .......... .......... .......... .......... 19% 88.3M 16s
 48050K .......... .......... .......... .......... .......... 19% 5.30M 16s
 48100K .......... .......... .......... .......... .......... 19% 14.4M 16s
 48150K .......... .......... .......... .......... .......... 19%  117M 16s
 48200K .......... .......... .......... .......... .......... 19%  118M 16s
 48250K .......... .......... .......... .......... .......... 19%  113M 16s
 48300K .......... .......... .......... .......... .......... 19%  120M 16s
 48350K .......... .......... .......... .......... .......... 19%  113M 16s
 48400K .......... .......... .......... .......... .......... 19% 88.4M 16s
 48450K .......... .......... .......... .......... .......... 20%  120M 16s
 48500K .......... .......... .......... .......... .......... 20%  114M 16s
 21900K .......... .......... .......... .......... ..........  9%  355K 31s
 21950K .......... .......... .......... .......... ..........  9% 30.1M 31s
 22000K .......... .......... .......... .......... ..........  9% 49.4M 31s
 22050K .......... .......... .......... .......... ..........  9%  110M 31s
 22100K .......... .......... .......... .......... ..........  9%  117M 31s
 22150K .......... .......... .......... .......... ..........  9%  117M 31s
 22200K .......... .......... .......... .......... ..........  9%  115M 30s
 22250K .......... .......... .......... .......... ..........  9%  117M 30s
 22300K .......... .......... .......... .......... ..........  9%  117M 30s
 22350K .......... .......... .......... .......... ..........  9%  116M 30s
 22400K .......... .......... .......... .......... ..........  9% 89.6M 30s
 22450K .......... .......... .......... .......... ..........  9%  117M 30s
 22500K .......... .......... .......... .......... ..........  9%  117M 30s
 22550K .......... .......... .......... .......... ..........  9%  117M 30s
 22600K .......... .......... .......... .......... ..........  9%  114M 30s
 22650K .......... .......... .......... .......... ..........  9%  118M 30s
 22700K .......... .......... .......... .......... ..........  9%  117M 30s
 22750K .......... .......... .......... .......... ..........  9%  117M 30s
 22800K .......... .......... .......... .......... ..........  9% 89.2M 30s
 22850K .......... .......... .......... .......... ..........  9%  117M 30s
 22900K .......... .......... .......... .......... ..........  9%  117M 30s
 22950K .......... .......... .......... .......... ..........  9%  117M 29s
 23000K .......... .......... .......... .......... ..........  9%  115M 29s
 23050K .......... .......... .......... .......... ..........  9%  117M 29s
 23100K .......... .......... .......... .......... ..........  9%  117M 29s
 23150K .......... .......... .......... .......... ..........  9%  117M 29s
 23200K .......... .......... .......... .......... ..........  9% 87.0M 29s
 23250K .......... .......... .......... .......... ..........  9%  117M 29s
 23300K .......... .......... .......... .......... ..........  9%  117M 29s
 23350K .......... .......... .......... .......... ..........  9%  117M 29s
 23400K .......... .......... .......... .......... ..........  9%  115M 29s
 23450K .......... .......... .......... .......... ..........  9%  117M 29s
 23500K .......... .......... .......... .......... ..........  9%  117M 29s
 23550K .......... .......... .......... .......... ..........  9%  116M 29s
 23600K .......... .......... .......... .......... ..........  9% 89.7M 29s
 23650K .......... .......... .......... .......... ..........  9%  117M 29s
 23700K .......... .......... .......... .......... ..........  9%  117M 28s
 23750K .......... .......... .......... .......... ..........  9%  117M 28s
 23800K .......... .......... .......... .......... ..........  9%  115M 28s
 23850K .......... .......... .......... .......... ..........  9%  117M 28s
 23900K .......... .......... .......... .......... ..........  9%  117M 28s
 23950K .......... .......... .......... .......... ..........  9%  117M 28s
 24000K .......... .......... .......... .......... ..........  9% 87.1M 28s
 24050K .......... .......... .......... .......... ..........  9%  117M 28s
 24100K .......... .......... .......... .......... ..........  9%  117M 28s
 24150K .......... .......... .......... .......... ..........  9%  117M 28s
 24200K .......... .......... .......... .......... .......... 10%  115M 28s
 24250K .......... .......... .......... .......... .......... 10%  117M 28s
 24300K .......... .......... .......... .......... .......... 10%  117M 28s
 24350K .......... .......... .......... .......... .......... 10%  117M 28s
 48550K .......... .......... .......... .......... .......... 20%  421K 17s
 48600K .......... .......... .......... .......... .......... 20% 13.2M 17s
 48650K .......... .......... .......... .......... .......... 20% 87.2M 17s
 48700K .......... .......... .......... .......... .......... 20%  117M 17s
 48750K .......... .......... .......... .......... .......... 20%  117M 17s
 48800K .......... .......... .......... .......... .......... 20% 87.1M 17s
 48850K .......... .......... .......... .......... .......... 20%  116M 16s
 48900K .......... .......... .......... .......... .......... 20% 22.1M 16s
 48950K .......... .......... .......... .......... .......... 20%  113M 16s
 49000K .......... .......... .......... .......... .......... 20% 40.7M 16s
 49050K .......... .......... .......... .......... .......... 20%  117M 16s
 49100K .......... .......... .......... .......... .......... 20%  117M 16s
 49150K .......... .......... .......... .......... .......... 20% 16.9M 16s
 49200K .......... .......... .......... .......... .......... 20% 84.4M 16s
 49250K .......... .......... .......... .......... .......... 20% 59.7M 16s
 49300K .......... .......... .......... .......... .......... 20%  117M 16s
 49350K .......... .......... .......... .......... .......... 20%  112M 16s
 49400K .......... .......... .......... .......... .......... 20% 4.85M 16s
 49450K .......... .......... .......... .......... .......... 20%  117M 16s
 49500K .......... .......... .......... .......... .......... 20%  117M 16s
 49550K .......... .......... .......... .......... .......... 20% 5.26M 16s
 49600K .......... .......... .......... .......... .......... 20% 87.5M 16s
 49650K .......... .......... .......... .......... .......... 20%  119M 16s
 49700K .......... .......... .......... .......... .......... 20%  117M 16s
 49750K .......... .......... .......... .......... .......... 20%  117M 16s
 49800K .......... .......... .......... .......... .......... 20%  116M 16s
 49850K .......... .......... .......... .......... .......... 20%  116M 16s
 49900K .......... .......... .......... .......... .......... 20%  113M 16s
 49950K .......... .......... .......... .......... .......... 20%  122M 16s
 50000K .......... .......... .......... .......... .......... 20% 87.0M 16s
 50050K .......... .......... .......... .......... .......... 20%  117M 16s
 50100K .......... .......... .......... .......... .......... 20%  117M 16s
 50150K .......... .......... .......... .......... .......... 20%  117M 16s
 50200K .......... .......... .......... .......... .......... 20%  115M 16s
 50250K .......... .......... .......... .......... .......... 20%  117M 16s
 50300K .......... .......... .......... .......... .......... 20%  117M 16s
 50350K .......... .......... .......... .......... .......... 20%  117M 16s
 50400K .......... .......... .......... .......... .......... 20% 88.8M 16s
 50450K .......... .......... .......... .......... .......... 20%  117M 16s
 50500K .......... .......... .......... .......... .......... 20%  117M 16s
 50550K .......... .......... .......... .......... .......... 20%  117M 16s
 50600K .......... .......... .......... .......... .......... 20%  115M 16s
 50650K .......... .......... .......... .......... .......... 20%  115M 16s
 50700K .......... .......... .......... .......... .......... 20%  119M 16s
 50750K .......... .......... .......... .......... .......... 20%  117M 16s
 50800K .......... .......... .......... .......... .......... 20% 87.1M 16s
 50850K .......... .......... .......... .......... .......... 21%  117M 16s
 50900K .......... .......... .......... .......... .......... 21%  117M 16s
 50950K .......... .......... .......... .......... .......... 21%  117M 16s
 51000K .......... .......... .......... .......... .......... 21%  115M 16s
 51050K .......... .......... .......... .......... .......... 21%  117M 16s
 51100K .......... .......... .......... .......... .......... 21%  117M 16s
 51150K .......... .......... .......... .......... .......... 21% 5.40M 16s
 51200K .......... .......... .......... .......... .......... 21% 13.0M 16s
 51250K .......... .......... .......... .......... .......... 21%  115M 16s
 51300K .......... .......... .......... .......... .......... 21%  119M 16s
 51350K .......... .......... .......... .......... .......... 21%  114M 16s
 51400K .......... .......... .......... .......... .......... 21%  115M 16s
 51450K .......... .......... .......... .......... .......... 21%  119M 16s
 51500K .......... .......... .......... .......... .......... 21%  116M 16s
 51550K .......... .......... .......... .......... .......... 21%  115M 16s
 51600K .......... .......... .......... .......... .......... 21% 87.9M 16s
 24400K .......... .......... .......... .......... .......... 10%  316K 29s
 24450K .......... .......... .......... .......... .......... 10%  212M 29s
 24500K .......... .......... .......... .......... .......... 10% 29.6M 29s
 24550K .......... .......... .......... .......... .......... 10%  117M 29s
 24600K .......... .......... .......... .......... .......... 10%  113M 29s
 24650K .......... .......... .......... .......... .......... 10%  117M 29s
 24700K .......... .......... .......... .......... .......... 10%  117M 29s
 24750K .......... .......... .......... .......... .......... 10%  117M 29s
 24800K .......... .......... .......... .......... .......... 10% 89.1M 29s
 24850K .......... .......... .......... .......... .......... 10%  117M 28s
 24900K .......... .......... .......... .......... .......... 10%  117M 28s
 24950K .......... .......... .......... .......... .......... 10%  117M 28s
 25000K .......... .......... .......... .......... .......... 10%  115M 28s
 25050K .......... .......... .......... .......... .......... 10%  117M 28s
 25100K .......... .......... .......... .......... .......... 10%  117M 28s
 25150K .......... .......... .......... .......... .......... 10%  117M 28s
 25200K .......... .......... .......... .......... .......... 10% 86.9M 28s
 25250K .......... .......... .......... .......... .......... 10%  117M 28s
 25300K .......... .......... .......... .......... .......... 10%  117M 28s
 25350K .......... .......... .......... .......... .......... 10%  117M 28s
 25400K .......... .......... .......... .......... .......... 10%  116M 28s
 25450K .......... .......... .......... .......... .......... 10%  117M 28s
 25500K .......... .......... .......... .......... .......... 10%  117M 28s
 25550K .......... .......... .......... .......... .......... 10%  117M 28s
 25600K .......... .......... .......... .......... .......... 10% 88.9M 28s
 25650K .......... .......... .......... .......... .......... 10%  117M 28s
 25700K .......... .......... .......... .......... .......... 10%  116M 27s
 25750K .......... .......... .......... .......... .......... 10%  117M 27s
 25800K .......... .......... .......... .......... .......... 10%  115M 27s
 25850K .......... .......... .......... .......... .......... 10%  117M 27s
 25900K .......... .......... .......... .......... .......... 10%  116M 27s
 25950K .......... .......... .......... .......... .......... 10%  118M 27s
 26000K .......... .......... .......... .......... .......... 10% 89.1M 27s
 26050K .......... .......... .......... .......... .......... 10%  117M 27s
 26100K .......... .......... .......... .......... .......... 10%  117M 27s
 26150K .......... .......... .......... .......... .......... 10%  117M 27s
 26200K .......... .......... .......... .......... .......... 10%  115M 27s
 26250K .......... .......... .......... .......... .......... 10%  117M 27s
 26300K .......... .......... .......... .......... .......... 10%  117M 27s
 26350K .......... .......... .......... .......... .......... 10%  117M 27s
 26400K .......... .......... .......... .......... .......... 10% 87.1M 27s
 26450K .......... .......... .......... .......... .......... 10%  117M 27s
 26500K .......... .......... .......... .......... .......... 10%  117M 27s
 26550K .......... .......... .......... .......... .......... 10%  117M 27s
 26600K .......... .......... .......... .......... .......... 10%  115M 27s
 26650K .......... .......... .......... .......... .......... 11%  117M 26s
 26700K .......... .......... .......... .......... .......... 11%  117M 26s
 26750K .......... .......... .......... .......... .......... 11%  116M 26s
 26800K .......... .......... .......... .......... .......... 11% 89.0M 26s
 26850K .......... .......... .......... .......... .......... 11%  117M 26s
 26900K .......... .......... .......... .......... .......... 11%  117M 26s
 26950K .......... .......... .......... .......... .......... 11%  117M 26s
 27000K .......... .......... .......... .......... .......... 11% 2.64M 26s
 51650K .......... .......... .......... .......... .......... 21%  420K 16s
 51700K .......... .......... .......... .......... .......... 21%  110M 16s
 51750K .......... .......... .......... .......... .......... 21%  117M 16s
 51800K .......... .......... .......... .......... .......... 21%  115M 16s
 51850K .......... .......... .......... .......... .......... 21%  117M 16s
 51900K .......... .......... .......... .......... .......... 21% 22.8M 16s
 51950K .......... .......... .......... .......... .......... 21%  117M 16s
 52000K .......... .......... .......... .......... .......... 21% 36.9M 16s
 52050K .......... .......... .......... .......... .......... 21%  117M 16s
 52100K .......... .......... .......... .......... .......... 21%  104M 16s
 52150K .......... .......... .......... .......... .......... 21% 17.1M 16s
 52200K .......... .......... .......... .......... .......... 21%  115M 16s
 52250K .......... .......... .......... .......... .......... 21% 63.8M 16s
 52300K .......... .......... .......... .......... .......... 21%  117M 16s
 52350K .......... .......... .......... .......... .......... 21% 94.7M 16s
 52400K .......... .......... .......... .......... .......... 21% 4.76M 16s
 52450K .......... .......... .......... .......... .......... 21%  117M 16s
 52500K .......... .......... .......... .......... .......... 21% 5.25M 16s
 52550K .......... .......... .......... .......... .......... 21%  130M 16s
 52600K .......... .......... .......... .......... .......... 21% 14.8M 16s
 52650K .......... .......... .......... .......... .......... 21%  119M 16s
 52700K .......... .......... .......... .......... .......... 21%  116M 16s
 52750K .......... .......... .......... .......... .......... 21%  117M 16s
 52800K .......... .......... .......... .......... .......... 21% 88.1M 16s
 52850K .......... .......... .......... .......... .......... 21%  117M 16s
 52900K .......... .......... .......... .......... .......... 21%  116M 16s
 52950K .......... .......... .......... .......... .......... 21%  116M 16s
 53000K .......... .......... .......... .......... .......... 21%  114M 16s
 53050K .......... .......... .......... .......... .......... 21%  116M 16s
 53100K .......... .......... .......... .......... .......... 21%  114M 16s
 53150K .......... .......... .......... .......... .......... 21%  118M 16s
 53200K .......... .......... .......... .......... .......... 21% 88.9M 16s
 53250K .......... .......... .......... .......... .......... 21%  117M 16s
 53300K .......... .......... .......... .......... .......... 22%  117M 16s
 53350K .......... .......... .......... .......... .......... 22%  117M 16s
 53400K .......... .......... .......... .......... .......... 22%  115M 16s
 53450K .......... .......... .......... .......... .......... 22%  117M 16s
 53500K .......... .......... .......... .......... .......... 22%  117M 15s
 53550K .......... .......... .......... .......... .......... 22%  117M 15s
 53600K .......... .......... .......... .......... .......... 22% 87.0M 15s
 53650K .......... .......... .......... .......... .......... 22%  117M 15s
 53700K .......... .......... .......... .......... .......... 22%  117M 15s
 53750K .......... .......... .......... .......... .......... 22%  117M 15s
 53800K .......... .......... .......... .......... .......... 22%  115M 15s
 53850K .......... .......... .......... .......... .......... 22%  115M 15s
 53900K .......... .......... .......... .......... .......... 22%  118M 15s
 53950K .......... .......... .......... .......... .......... 22%  117M 15s
 54000K .......... .......... .......... .......... .......... 22% 89.1M 15s
 54050K .......... .......... .......... .......... .......... 22%  117M 15s
 54100K .......... .......... .......... .......... .......... 22%  117M 15s
 54150K .......... .......... .......... .......... .......... 22% 16.2M 15s
 54200K .......... .......... .......... .......... .......... 22% 7.55M 15s
 54250K .......... .......... .......... .......... .......... 22% 69.8M 15s
 54300K .......... .......... .......... .......... .......... 22%  117M 15s
 27050K .......... .......... .......... .......... .......... 11%  359K 27s
 27100K .......... .......... .......... .......... .......... 11% 43.4M 27s
 27150K .......... .......... .......... .......... .......... 11% 58.9M 27s
 27200K .......... .......... .......... .......... .......... 11% 79.3M 27s
 27250K .......... .......... .......... .......... .......... 11%  117M 27s
 27300K .......... .......... .......... .......... .......... 11%  100M 27s
 27350K .......... .......... .......... .......... .......... 11% 85.8M 27s
 27400K .......... .......... .......... .......... .......... 11%  109M 27s
 27450K .......... .......... .......... .......... .......... 11%  117M 27s
 27500K .......... .......... .......... .......... .......... 11% 59.0M 27s
 27550K .......... .......... .......... .......... .......... 11%  117M 27s
 27600K .......... .......... .......... .......... .......... 11% 88.2M 27s
 27650K .......... .......... .......... .......... .......... 11%  117M 27s
 27700K .......... .......... .......... .......... .......... 11%  117M 27s
 27750K .......... .......... .......... .......... .......... 11%  117M 27s
 27800K .......... .......... .......... .......... .......... 11%  115M 27s
 27850K .......... .......... .......... .......... .......... 11%  117M 26s
 27900K .......... .......... .......... .......... .......... 11%  117M 26s
 27950K .......... .......... .......... .......... .......... 11%  117M 26s
 28000K .......... .......... .......... .......... .......... 11% 89.1M 26s
 28050K .......... .......... .......... .......... .......... 11%  117M 26s
 28100K .......... .......... .......... .......... .......... 11%  117M 26s
 28150K .......... .......... .......... .......... .......... 11%  117M 26s
 28200K .......... .......... .......... .......... .......... 11%  115M 26s
 28250K .......... .......... .......... .......... .......... 11%  116M 26s
 28300K .......... .......... .......... .......... .......... 11%  118M 26s
 28350K .......... .......... .......... .......... .......... 11%  117M 26s
 28400K .......... .......... .......... .......... .......... 11% 88.9M 26s
 28450K .......... .......... .......... .......... .......... 11%  117M 26s
 28500K .......... .......... .......... .......... .......... 11%  117M 26s
 28550K .......... .......... .......... .......... .......... 11%  117M 26s
 28600K .......... .......... .......... .......... .......... 11%  115M 26s
 28650K .......... .......... .......... .......... .......... 11%  115M 26s
 28700K .......... .......... .......... .......... .......... 11%  119M 26s
 28750K .......... .......... .......... .......... .......... 11%  117M 26s
 28800K .......... .......... .......... .......... .......... 11% 87.1M 26s
 28850K .......... .......... .......... .......... .......... 11%  117M 26s
 28900K .......... .......... .......... .......... .......... 11%  117M 25s
 28950K .......... .......... .......... .......... .......... 11%  117M 25s
 29000K .......... .......... .......... .......... .......... 11%  115M 25s
 29050K .......... .......... .......... .......... .......... 12%  117M 25s
 29100K .......... .......... .......... .......... .......... 12%  117M 25s
 29150K .......... .......... .......... .......... .......... 12%  117M 25s
 29200K .......... .......... .......... .......... .......... 12% 89.1M 25s
 29250K .......... .......... .......... .......... .......... 12%  117M 25s
 29300K .......... .......... .......... .......... .......... 12%  117M 25s
 29350K .......... .......... .......... .......... .......... 12%  117M 25s
 29400K .......... .......... .......... .......... .......... 12%  114M 25s
 29450K .......... .......... .......... .......... .......... 12%  119M 25s
 29500K .......... .......... .......... .......... .......... 12%  116M 25s
 29550K .......... .......... .......... .......... .......... 12%  117M 25s
 29600K .......... .......... .......... .......... .......... 12% 3.06M 25s
 54350K .......... .......... .......... .......... .......... 22%  409K 16s
 54400K .......... .......... .......... .......... .......... 22% 89.4M 16s
 54450K .......... .......... .......... .......... .......... 22%  114M 16s
 54500K .......... .......... .......... .......... .......... 22%  119M 16s
 54550K .......... .......... .......... .......... .......... 22%  116M 16s
 54600K .......... .......... .......... .......... .......... 22%  116M 16s
 54650K .......... .......... .......... .......... .......... 22%  114M 16s
 54700K .......... .......... .......... .......... .......... 22%  119M 16s
 54750K .......... .......... .......... .......... .......... 22%  111M 16s
 54800K .......... .......... .......... .......... .......... 22% 90.0M 16s
 54850K .......... .......... .......... .......... .......... 22%  119M 15s
 54900K .......... .......... .......... .......... .......... 22%  117M 15s
 54950K .......... .......... .......... .......... .......... 22%  116M 15s
 55000K .......... .......... .......... .......... .......... 22%  115M 15s
 55050K .......... .......... .......... .......... .......... 22%  117M 15s
 55100K .......... .......... .......... .......... .......... 22%  117M 15s
 55150K .......... .......... .......... .......... .......... 22% 21.2M 15s
 55200K .......... .......... .......... .......... .......... 22% 72.8M 15s
 55250K .......... .......... .......... .......... .......... 22%  117M 15s
 55300K .......... .......... .......... .......... .......... 22% 55.9M 15s
 55350K .......... .......... .......... .......... .......... 22% 74.0M 15s
 55400K .......... .......... .......... .......... .......... 22% 5.10M 15s
 55450K .......... .......... .......... .......... .......... 22%  117M 15s
 55500K .......... .......... .......... .......... .......... 22% 78.7M 15s
 55550K .......... .......... .......... .......... .......... 22% 5.36M 15s
 55600K .......... .......... .......... .......... .......... 22% 14.5M 15s
 55650K .......... .......... .......... .......... .......... 22% 84.3M 15s
 55700K .......... .......... .......... .......... .......... 23%  117M 15s
 55750K .......... .......... .......... .......... .......... 23%  116M 15s
 55800K .......... .......... .......... .......... .......... 23%  115M 15s
 55850K .......... .......... .......... .......... .......... 23%  117M 15s
 55900K .......... .......... .......... .......... .......... 23%  117M 15s
 55950K .......... .......... .......... .......... .......... 23% 14.6M 15s
 56000K .......... .......... .......... .......... .......... 23% 90.6M 15s
 56050K .......... .......... .......... .......... .......... 23%  116M 15s
 56100K .......... .......... .......... .......... .......... 23%  116M 15s
 56150K .......... .......... .......... .......... .......... 23%  116M 15s
 56200K .......... .......... .......... .......... .......... 23%  113M 15s
 56250K .......... .......... .......... .......... .......... 23%  119M 15s
 56300K .......... .......... .......... .......... .......... 23%  116M 15s
 56350K .......... .......... .......... .......... .......... 23%  116M 15s
 56400K .......... .......... .......... .......... .......... 23% 86.4M 15s
 56450K .......... .......... .......... .......... .......... 23%  117M 15s
 56500K .......... .......... .......... .......... .......... 23%  117M 15s
 56550K .......... .......... .......... .......... .......... 23%  117M 15s
 56600K .......... .......... .......... .......... .......... 23%  115M 15s
 56650K .......... .......... .......... .......... .......... 23%  117M 15s
 56700K .......... .......... .......... .......... .......... 23%  115M 15s
 56750K .......... .......... .......... .......... .......... 23%  118M 15s
 56800K .......... .......... .......... .......... .......... 23% 89.2M 15s
 56850K .......... .......... .......... .......... .......... 23%  117M 15s
 56900K .......... .......... .......... .......... .......... 23%  117M 15s
 56950K .......... .......... .......... .......... .......... 23%  117M 15s
 57000K .......... .......... .......... .......... .......... 23%  115M 15s
 57050K .......... .......... .......... .......... .......... 23%  116M 15s
 57100K .......... .......... .......... .......... .......... 23%  117M 15s
 57150K .......... .......... .......... .......... .......... 23%  117M 15s
 57200K .......... .......... .......... .......... .......... 23% 17.3M 15s
 57250K .......... .......... .......... .......... .......... 23% 11.8M 15s
 57300K .......... .......... .......... .......... .......... 23%  117M 15s
 29650K .......... .......... .......... .......... .......... 12%  354K 26s
 29700K .......... .......... .......... .......... .......... 12%  212M 26s
 29750K .......... .......... .......... .......... .......... 12% 32.1M 26s
 29800K .......... .......... .......... .......... .......... 12%  115M 26s
 29850K .......... .......... .......... .......... .......... 12%  104M 26s
 29900K .......... .......... .......... .......... .......... 12%  117M 26s
 29950K .......... .......... .......... .......... .......... 12%  102M 26s
 30000K .......... .......... .......... .......... .......... 12% 62.6M 26s
 30050K .......... .......... .......... .......... .......... 12%  117M 26s
 30100K .......... .......... .......... .......... .......... 12% 61.7M 26s
 30150K .......... .......... .......... .......... .......... 12%  113M 25s
 30200K .......... .......... .......... .......... .......... 12%  115M 25s
 30250K .......... .......... .......... .......... .......... 12%  117M 25s
 30300K .......... .......... .......... .......... .......... 12%  117M 25s
 30350K .......... .......... .......... .......... .......... 12%  117M 25s
 30400K .......... .......... .......... .......... .......... 12% 89.1M 25s
 30450K .......... .......... .......... .......... .......... 12%  114M 25s
 30500K .......... .......... .......... .......... .......... 12%  117M 25s
 30550K .......... .......... .......... .......... .......... 12%  115M 25s
 30600K .......... .......... .......... .......... .......... 12% 89.1M 25s
 30650K .......... .......... .......... .......... .......... 12%  118M 25s
 30700K .......... .......... .......... .......... .......... 12%  116M 25s
 30750K .......... .......... .......... .......... .......... 12%  117M 25s
 30800K .......... .......... .......... .......... .......... 12% 89.1M 25s
 30850K .......... .......... .......... .......... .......... 12%  117M 25s
 30900K .......... .......... .......... .......... .......... 12%  113M 25s
 30950K .......... .......... .......... .......... .......... 12% 75.1M 25s
 31000K .......... .......... .......... .......... .......... 12%  115M 25s
 31050K .......... .......... .......... .......... .......... 12%  117M 25s
 31100K .......... .......... .......... .......... .......... 12%  117M 25s
 31150K .......... .......... .......... .......... .......... 12%  117M 25s
 31200K .......... .......... .......... .......... .......... 12% 89.0M 25s
 31250K .......... .......... .......... .......... .......... 12%  117M 25s
 31300K .......... .......... .......... .......... .......... 12%  117M 24s
 31350K .......... .......... .......... .......... .......... 12%  117M 24s
 31400K .......... .......... .......... .......... .......... 12%  115M 24s
 31450K .......... .......... .......... .......... .......... 13%  117M 24s
 31500K .......... .......... .......... .......... .......... 13%  117M 24s
 31550K .......... .......... .......... .......... .......... 13%  117M 24s
 31600K .......... .......... .......... .......... .......... 13% 89.0M 24s
 31650K .......... .......... .......... .......... .......... 13%  117M 24s
 31700K .......... .......... .......... .......... .......... 13%  117M 24s
 31750K .......... .......... .......... .......... .......... 13%  117M 24s
 31800K .......... .......... .......... .......... .......... 13%  115M 24s
 31850K .......... .......... .......... .......... .......... 13%  117M 24s
 31900K .......... .......... .......... .......... .......... 13%  117M 24s
 31950K .......... .......... .......... .......... .......... 13%  117M 24s
 32000K .......... .......... .......... .......... .......... 13% 87.0M 24s
 32050K .......... .......... .......... .......... .......... 13%  117M 24s
 32100K .......... .......... .......... .......... .......... 13%  117M 24s
 32150K .......... .......... .......... .......... .......... 13%  116M 24s
 32200K .......... .......... .......... .......... .......... 13%  116M 24s
 32250K .......... .......... .......... .......... .......... 13% 3.18M 24s
 32300K .......... .......... .......... .......... .......... 13% 1.08M 24s
 57350K .......... .......... .......... .......... .......... 23%  409K 15s
 57400K .......... .......... .......... .......... .......... 23%  109M 15s
 57450K .......... .......... .......... .......... .......... 23%  119M 15s
 57500K .......... .......... .......... .......... .......... 23%  117M 15s
 57550K .......... .......... .......... .......... .......... 23%  113M 15s
 57600K .......... .......... .......... .......... .......... 23% 87.0M 15s
 57650K .......... .......... .......... .......... .......... 23% 14.3M 15s
 57700K .......... .......... .......... .......... .......... 23%  120M 15s
 57750K .......... .......... .......... .......... .......... 23%  116M 15s
 57800K .......... .......... .......... .......... .......... 23%  116M 15s
 57850K .......... .......... .......... .......... .......... 23%  115M 15s
 57900K .......... .......... .......... .......... .......... 23%  117M 15s
 57950K .......... .......... .......... .......... .......... 23%  115M 15s
 58000K .......... .......... .......... .......... .......... 23% 88.2M 15s
 58050K .......... .......... .......... .......... .......... 23%  117M 15s
 58100K .......... .......... .......... .......... .......... 24%  113M 15s
 58150K .......... .......... .......... .......... .......... 24%  119M 15s
 58200K .......... .......... .......... .......... .......... 24%  115M 15s
 58250K .......... .......... .......... .......... .......... 24%  117M 15s
 58300K .......... .......... .......... .......... .......... 24%  117M 15s
 58350K .......... .......... .......... .......... .......... 24%  117M 15s
 58400K .......... .......... .......... .......... .......... 24% 5.27M 15s
 58450K .......... .......... .......... .......... .......... 24%  129M 15s
 58500K .......... .......... .......... .......... .......... 24% 57.2M 15s
 58550K .......... .......... .......... .......... .......... 24% 5.21M 15s
 58600K .......... .......... .......... .......... .......... 24% 16.5M 15s
 58650K .......... .......... .......... .......... .......... 24%  167M 15s
 58700K .......... .......... .......... .......... .......... 24% 74.1M 15s
 58750K .......... .......... .......... .......... .......... 24%  112M 15s
 58800K .......... .......... .......... .......... .......... 24% 90.1M 15s
 58850K .......... .......... .......... .......... .......... 24%  117M 15s
 58900K .......... .......... .......... .......... .......... 24%  117M 15s
 58950K .......... .......... .......... .......... .......... 24% 15.4M 15s
 59000K .......... .......... .......... .......... .......... 24% 75.6M 15s
 59050K .......... .......... .......... .......... .......... 24%  117M 15s
 59100K .......... .......... .......... .......... .......... 24%  118M 15s
 59150K .......... .......... .......... .......... .......... 24%  117M 15s
 59200K .......... .......... .......... .......... .......... 24% 14.0M 15s
 59250K .......... .......... .......... .......... .......... 24%  118M 15s
 59300K .......... .......... .......... .......... .......... 24%  114M 15s
 59350K .......... .......... .......... .......... .......... 24%  119M 15s
 59400K .......... .......... .......... .......... .......... 24%  116M 15s
 59450K .......... .......... .......... .......... .......... 24%  115M 15s
 59500K .......... .......... .......... .......... .......... 24%  120M 15s
 59550K .......... .......... .......... .......... .......... 24%  116M 15s
 59600K .......... .......... .......... .......... .......... 24% 88.0M 15s
 59650K .......... .......... .......... .......... .......... 24%  115M 15s
 59700K .......... .......... .......... .......... .......... 24%  117M 15s
 59750K .......... .......... .......... .......... .......... 24%  117M 15s
 59800K .......... .......... .......... .......... .......... 24%  115M 15s
 59850K .......... .......... .......... .......... .......... 24%  117M 15s
 59900K .......... .......... .......... .......... .......... 24%  117M 14s
 59950K .......... .......... .......... .......... .......... 24%  115M 14s
 60000K .......... .......... .......... .......... .......... 24% 89.8M 14s
 60050K .......... .......... .......... .......... .......... 24%  117M 14s
 60100K .......... .......... .......... .......... .......... 24%  117M 14s
 60150K .......... .......... .......... .......... .......... 24%  117M 14s
 60200K .......... .......... .......... .......... .......... 24%  115M 14s
 60250K .......... .......... .......... .......... .......... 24%  116M 14s
 60300K .......... .......... .......... .......... .......... 24% 18.4M 14s
 60350K .......... .......... .......... .......... .......... 24% 40.9M 14s
 32350K .......... .......... .......... .......... .......... 13%  519K 25s
 32400K .......... .......... .......... .......... .......... 13% 31.8M 25s
 32450K .......... .......... .......... .......... .......... 13%  117M 25s
 32500K .......... .......... .......... .......... .......... 13%  117M 25s
 32550K .......... .......... .......... .......... .......... 13%  117M 24s
 32600K .......... .......... .......... .......... .......... 13%  105M 24s
 32650K .......... .......... .......... .......... .......... 13% 43.3M 24s
 32700K .......... .......... .......... .......... .......... 13%  114M 24s
 32750K .......... .......... .......... .......... .......... 13%  118M 24s
 32800K .......... .......... .......... .......... .......... 13% 89.0M 24s
 32850K .......... .......... .......... .......... .......... 13%  117M 24s
 32900K .......... .......... .......... .......... .......... 13%  117M 24s
 32950K .......... .......... .......... .......... .......... 13%  117M 24s
 33000K .......... .......... .......... .......... .......... 13%  115M 24s
 33050K .......... .......... .......... .......... .......... 13%  117M 24s
 33100K .......... .......... .......... .......... .......... 13%  117M 24s
 33150K .......... .......... .......... .......... .......... 13%  116M 24s
 33200K .......... .......... .......... .......... .......... 13% 87.6M 24s
 33250K .......... .......... .......... .......... .......... 13%  117M 24s
 33300K .......... .......... .......... .......... .......... 13%  117M 24s
 33350K .......... .......... .......... .......... .......... 13%  117M 24s
 33400K .......... .......... .......... .......... .......... 13%  103M 24s
 33450K .......... .......... .......... .......... .......... 13%  117M 24s
 33500K .......... .......... .......... .......... .......... 13%  117M 24s
 33550K .......... .......... .......... .......... .......... 13%  117M 24s
 33600K .......... .......... .......... .......... .......... 13% 72.4M 24s
 33650K .......... .......... .......... .......... .......... 13%  117M 24s
 33700K .......... .......... .......... .......... .......... 13%  117M 24s
 33750K .......... .......... .......... .......... .......... 13%  113M 24s
 33800K .......... .......... .......... .......... .......... 13%  115M 23s
 33850K .......... .......... .......... .......... .......... 13%  117M 23s
 33900K .......... .......... .......... .......... .......... 14%  117M 23s
 33950K .......... .......... .......... .......... .......... 14%  117M 23s
 34000K .......... .......... .......... .......... .......... 14% 88.8M 23s
 34050K .......... .......... .......... .......... .......... 14%  117M 23s
 34100K .......... .......... .......... .......... .......... 14%  108M 23s
 34150K .......... .......... .......... .......... .......... 14%  117M 23s
 34200K .......... .......... .......... .......... .......... 14%  115M 23s
 34250K .......... .......... .......... .......... .......... 14% 52.0M 23s
 34300K .......... .......... .......... .......... .......... 14%  117M 23s
 34350K .......... .......... .......... .......... .......... 14%  117M 23s
 34400K .......... .......... .......... .......... .......... 14% 87.2M 23s
 34450K .......... .......... .......... .......... .......... 14%  117M 23s
 34500K .......... .......... .......... .......... .......... 14%  117M 23s
 34550K .......... .......... .......... .......... .......... 14%  117M 23s
 34600K .......... .......... .......... .......... .......... 14%  115M 23s
 34650K .......... .......... .......... .......... .......... 14% 99.8M 23s
 34700K .......... .......... .......... .......... .......... 14%  115M 23s
 34750K .......... .......... .......... .......... .......... 14%  119M 23s
 34800K .......... .......... .......... .......... .......... 14% 88.9M 23s
 34850K .......... .......... .......... .......... .......... 14%  117M 23s
 34900K .......... .......... .......... .......... .......... 14% 3.42M 23s
 34950K .......... .......... .......... .......... .......... 14% 1.06M 23s
 60400K .......... .......... .......... .......... .......... 24%  408K 15s
 60450K .......... .......... .......... .......... .......... 24%  135M 15s
 60500K .......... .......... .......... .......... .......... 24% 98.4M 15s
 60550K .......... .......... .......... .......... .......... 25%  117M 15s
 60600K .......... .......... .......... .......... .......... 25%  113M 15s
 60650K .......... .......... .......... .......... .......... 25%  117M 15s
 60700K .......... .......... .......... .......... .......... 25% 16.3M 15s
 60750K .......... .......... .......... .......... .......... 25% 70.5M 15s
 60800K .......... .......... .......... .......... .......... 25% 78.6M 15s
 60850K .......... .......... .......... .......... .......... 25% 13.9M 15s
 60900K .......... .......... .......... .......... .......... 25%  116M 15s
 60950K .......... .......... .......... .......... .......... 25%  120M 15s
 61000K .......... .......... .......... .......... .......... 25%  114M 15s
 61050K .......... .......... .......... .......... .......... 25%  114M 15s
 61100K .......... .......... .......... .......... .......... 25%  116M 15s
 61150K .......... .......... .......... .......... .......... 25%  119M 15s
 61200K .......... .......... .......... .......... .......... 25% 87.7M 15s
 61250K .......... .......... .......... .......... .......... 25%  116M 14s
 61300K .......... .......... .......... .......... .......... 25%  120M 14s
 61350K .......... .......... .......... .......... .......... 25%  114M 14s
 61400K .......... .......... .......... .......... .......... 25%  114M 14s
 61450K .......... .......... .......... .......... .......... 25%  118M 14s
 61500K .......... .......... .......... .......... .......... 25% 7.60M 14s
 61550K .......... .......... .......... .......... .......... 25%  118M 14s
 61600K .......... .......... .......... .......... .......... 25% 5.25M 14s
 61650K .......... .......... .......... .......... .......... 25% 16.4M 14s
 61700K .......... .......... .......... .......... .......... 25% 69.9M 14s
 61750K .......... .......... .......... .......... .......... 25% 93.4M 14s
 61800K .......... .......... .......... .......... .......... 25%  115M 14s
 61850K .......... .......... .......... .......... .......... 25%  117M 14s
 61900K .......... .......... .......... .......... .......... 25%  117M 14s
 61950K .......... .......... .......... .......... .......... 25% 15.5M 14s
 62000K .......... .......... .......... .......... .......... 25% 54.9M 14s
 62050K .......... .......... .......... .......... .......... 25%  117M 14s
 62100K .......... .......... .......... .......... .......... 25%  117M 14s
 62150K .......... .......... .......... .......... .......... 25%  117M 14s
 62200K .......... .......... .......... .......... .......... 25% 15.4M 14s
 62250K .......... .......... .......... .......... .......... 25%  163M 14s
 62300K .......... .......... .......... .......... .......... 25% 77.1M 14s
 62350K .......... .......... .......... .......... .......... 25%  117M 14s
 62400K .......... .......... .......... .......... .......... 25% 86.9M 14s
 62450K .......... .......... .......... .......... .......... 25% 14.0M 14s
 62500K .......... .......... .......... .......... .......... 25%  149M 14s
 62550K .......... .......... .......... .......... .......... 25%  117M 14s
 62600K .......... .......... .......... .......... .......... 25%  114M 14s
 62650K .......... .......... .......... .......... .......... 25%  119M 14s
 62700K .......... .......... .......... .......... .......... 25%  116M 14s
 62750K .......... .......... .......... .......... .......... 25%  117M 14s
 62800K .......... .......... .......... .......... .......... 25% 87.5M 14s
 62850K .......... .......... .......... .......... .......... 25%  118M 14s
 62900K .......... .......... .......... .......... .......... 25%  115M 14s
 62950K .......... .......... .......... .......... .......... 26%  117M 14s
 63000K .......... .......... .......... .......... .......... 26%  115M 14s
 63050K .......... .......... .......... .......... .......... 26%  117M 14s
 63100K .......... .......... .......... .......... .......... 26%  117M 14s
 63150K .......... .......... .......... .......... .......... 26%  115M 14s
 63200K .......... .......... .......... .......... .......... 26% 90.5M 14s
 63250K .......... .......... .......... .......... .......... 26%  116M 14s
 63300K .......... .......... .......... .......... .......... 26%  117M 14s
 63350K .......... .......... .......... .......... .......... 26%  113M 14s
 63400K .......... .......... .......... .......... .......... 26%  114M 14s
 35000K .......... .......... .......... .......... .......... 14%  520K 24s
 35050K .......... .......... .......... .......... .......... 14% 33.4M 24s
 35100K .......... .......... .......... .......... .......... 14%  102M 23s
 35150K .......... .......... .......... .......... .......... 14%  117M 23s
 35200K .......... .......... .......... .......... .......... 14% 88.9M 23s
 35250K .......... .......... .......... .......... .......... 14%  116M 23s
 35300K .......... .......... .......... .......... .......... 14% 43.3M 23s
 35350K .......... .......... .......... .......... .......... 14% 84.0M 23s
 35400K .......... .......... .......... .......... .......... 14%  115M 23s
 35450K .......... .......... .......... .......... .......... 14%  114M 23s
 35500K .......... .......... .......... .......... .......... 14%  117M 23s
 35550K .......... .......... .......... .......... .......... 14%  118M 23s
 35600K .......... .......... .......... .......... .......... 14% 87.1M 23s
 35650K .......... .......... .......... .......... .......... 14%  117M 23s
 35700K .......... .......... .......... .......... .......... 14%  117M 23s
 35750K .......... .......... .......... .......... .......... 14%  117M 23s
 35800K .......... .......... .......... .......... .......... 14%  115M 23s
 35850K .......... .......... .......... .......... .......... 14%  116M 23s
 35900K .......... .......... .......... .......... .......... 14% 58.9M 23s
 35950K .......... .......... .......... .......... .......... 14%  119M 23s
 36000K .......... .......... .......... .......... .......... 14% 86.5M 23s
 36050K .......... .......... .......... .......... .......... 14%  117M 23s
 36100K .......... .......... .......... .......... .......... 14%  117M 23s
 36150K .......... .......... .......... .......... .......... 14%  117M 23s
 36200K .......... .......... .......... .......... .......... 14%  115M 23s
 36250K .......... .......... .......... .......... .......... 14%  117M 23s
 36300K .......... .......... .......... .......... .......... 15%  116M 23s
 36350K .......... .......... .......... .......... .......... 15%  117M 23s
 36400K .......... .......... .......... .......... .......... 15% 89.1M 23s
 36450K .......... .......... .......... .......... .......... 15%  117M 23s
 36500K .......... .......... .......... .......... .......... 15%  117M 22s
 36550K .......... .......... .......... .......... .......... 15%  117M 22s
 36600K .......... .......... .......... .......... .......... 15%  115M 22s
 36650K .......... .......... .......... .......... .......... 15%  117M 22s
 36700K .......... .......... .......... .......... .......... 15%  117M 22s
 36750K .......... .......... .......... .......... .......... 15%  117M 22s
 36800K .......... .......... .......... .......... .......... 15% 87.1M 22s
 36850K .......... .......... .......... .......... .......... 15%  117M 22s
 36900K .......... .......... .......... .......... .......... 15%  117M 22s
 36950K .......... .......... .......... .......... .......... 15%  117M 22s
 37000K .......... .......... .......... .......... .......... 15%  110M 22s
 37050K .......... .......... .......... .......... .......... 15%  117M 22s
 37100K .......... .......... .......... .......... .......... 15%  117M 22s
 37150K .......... .......... .......... .......... .......... 15%  117M 22s
 37200K .......... .......... .......... .......... .......... 15% 88.9M 22s
 37250K .......... .......... .......... .......... .......... 15%  117M 22s
 37300K .......... .......... .......... .......... .......... 15%  117M 22s
 37350K .......... .......... .......... .......... .......... 15% 63.0M 22s
 37400K .......... .......... .......... .......... .......... 15%  115M 22s
 37450K .......... .......... .......... .......... .......... 15%  117M 22s
 37500K .......... .......... .......... .......... .......... 15%  117M 22s
 37550K .......... .......... .......... .......... .......... 15%  826K 22s
 37600K .......... .......... .......... .......... .......... 15%  159M 22s
 37650K .......... .......... .......... .......... .......... 15%  119M 22s
 63450K .......... .......... .......... .......... .......... 26%  409K 14s
 63500K .......... .......... .......... .......... .......... 26%  104M 14s
 63550K .......... .......... .......... .......... .......... 26%  118M 14s
 63600K .......... .......... .......... .......... .......... 26% 76.2M 14s
 63650K .......... .......... .......... .......... .......... 26%  117M 14s
 63700K .......... .......... .......... .......... .......... 26%  117M 14s
 63750K .......... .......... .......... .......... .......... 26% 18.1M 14s
 63800K .......... .......... .......... .......... .......... 26% 46.4M 14s
 63850K .......... .......... .......... .......... .......... 26% 15.1M 14s
 63900K .......... .......... .......... .......... .......... 26%  117M 14s
 63950K .......... .......... .......... .......... .......... 26% 78.8M 14s
 64000K .......... .......... .......... .......... .......... 26% 78.8M 14s
 64050K .......... .......... .......... .......... .......... 26%  109M 14s
 64100K .......... .......... .......... .......... .......... 26% 14.0M 14s
 64150K .......... .......... .......... .......... .......... 26%  181M 14s
 64200K .......... .......... .......... .......... .......... 26%  117M 14s
 64250K .......... .......... .......... .......... .......... 26%  113M 14s
 64300K .......... .......... .......... .......... .......... 26%  116M 14s
 64350K .......... .......... .......... .......... .......... 26%  118M 14s
 64400K .......... .......... .......... .......... .......... 26% 88.8M 14s
 64450K .......... .......... .......... .......... .......... 26%  117M 14s
 64500K .......... .......... .......... .......... .......... 26%  114M 14s
 64550K .......... .......... .......... .......... .......... 26% 14.5M 14s
 64600K .......... .......... .......... .......... .......... 26% 5.31M 14s
 64650K .......... .......... .......... .......... .......... 26%  145M 14s
 64700K .......... .......... .......... .......... .......... 26% 17.2M 14s
 64750K .......... .......... .......... .......... .......... 26% 47.2M 14s
 64800K .......... .......... .......... .......... .......... 26% 78.5M 14s
 64850K .......... .......... .......... .......... .......... 26%  116M 14s
 64900K .......... .......... .......... .......... .......... 26%  117M 14s
 64950K .......... .......... .......... .......... .......... 26%  116M 14s
 65000K .......... .......... .......... .......... .......... 26% 17.5M 14s
 65050K .......... .......... .......... .......... .......... 26% 44.0M 14s
 65100K .......... .......... .......... .......... .......... 26%  117M 14s
 65150K .......... .......... .......... .......... .......... 26%  114M 14s
 65200K .......... .......... .......... .......... .......... 26% 87.0M 14s
 65250K .......... .......... .......... .......... .......... 26% 17.6M 14s
 65300K .......... .......... .......... .......... .......... 26% 55.8M 14s
 65350K .......... .......... .......... .......... .......... 26%  117M 14s
 65400K .......... .......... .......... .......... .......... 27%  105M 14s
 65450K .......... .......... .......... .......... .......... 27%  110M 14s
 65500K .......... .......... .......... .......... .......... 27% 7.62M 14s
 65550K .......... .......... .......... .......... .......... 27%  117M 14s
 65600K .......... .......... .......... .......... .......... 27% 89.1M 14s
 65650K .......... .......... .......... .......... .......... 27%  115M 14s
 65700K .......... .......... .......... .......... .......... 27%  121M 14s
 65750K .......... .......... .......... .......... .......... 27%  115M 14s
 65800K .......... .......... .......... .......... .......... 27%  114M 14s
 65850K .......... .......... .......... .......... .......... 27%  118M 14s
 65900K .......... .......... .......... .......... .......... 27%  116M 14s
 65950K .......... .......... .......... .......... .......... 27%  113M 14s
 66000K .......... .......... .......... .......... .......... 27% 89.1M 14s
 66050K .......... .......... .......... .......... .......... 27%  116M 14s
 66100K .......... .......... .......... .......... .......... 27%  117M 14s
 66150K .......... .......... .......... .......... .......... 27%  115M 14s
 66200K .......... .......... .......... .......... .......... 27%  113M 14s
 66250K .......... .......... .......... .......... .......... 27%  118M 14s
 66300K .......... .......... .......... .......... .......... 27%  117M 14s
 66350K .......... .......... .......... .......... .......... 27%  115M 14s
 66400K .......... .......... .......... .......... .......... 27% 90.0M 14s
 37700K .......... .......... .......... .......... .......... 15%  520K 23s
 37750K .......... .......... .......... .......... .......... 15% 64.5M 23s
 37800K .......... .......... .......... .......... .......... 15%  108M 22s
 37850K .......... .......... .......... .......... .......... 15%  114M 22s
 37900K .......... .......... .......... .......... .......... 15%  120M 22s
 37950K .......... .......... .......... .......... .......... 15%  117M 22s
 38000K .......... .......... .......... .......... .......... 15% 36.2M 22s
 38050K .......... .......... .......... .......... .......... 15% 99.8M 22s
 38100K .......... .......... .......... .......... .......... 15%  117M 22s
 38150K .......... .......... .......... .......... .......... 15%  113M 22s
 38200K .......... .......... .......... .......... .......... 15%  115M 22s
 38250K .......... .......... .......... .......... .......... 15%  117M 22s
 38300K .......... .......... .......... .......... .......... 15%  117M 22s
 38350K .......... .......... .......... .......... .......... 15%  117M 22s
 38400K .......... .......... .......... .......... .......... 15% 89.1M 22s
 38450K .......... .......... .......... .......... .......... 15%  117M 22s
 38500K .......... .......... .......... .......... .......... 15%  117M 22s
 38550K .......... .......... .......... .......... .......... 15%  117M 22s
 38600K .......... .......... .......... .......... .......... 15% 61.2M 22s
 38650K .......... .......... .......... .......... .......... 15%  117M 22s
 38700K .......... .......... .......... .......... .......... 15%  117M 22s
 38750K .......... .......... .......... .......... .......... 16%  107M 22s
 38800K .......... .......... .......... .......... .......... 16% 88.8M 22s
 38850K .......... .......... .......... .......... .......... 16%  117M 22s
 38900K .......... .......... .......... .......... .......... 16%  117M 22s
 38950K .......... .......... .......... .......... .......... 16% 40.0M 22s
 39000K .......... .......... .......... .......... .......... 16%  115M 22s
 39050K .......... .......... .......... .......... .......... 16%  117M 22s
 39100K .......... .......... .......... .......... .......... 16%  114M 22s
 39150K .......... .......... .......... .......... .......... 16%  117M 22s
 39200K .......... .......... .......... .......... .......... 16% 89.0M 22s
 39250K .......... .......... .......... .......... .......... 16%  117M 22s
 39300K .......... .......... .......... .......... .......... 16%  117M 22s
 39350K .......... .......... .......... .......... .......... 16%  117M 22s
 39400K .......... .......... .......... .......... .......... 16%  115M 21s
 39450K .......... .......... .......... .......... .......... 16%  117M 21s
 39500K .......... .......... .......... .......... .......... 16%  117M 21s
 39550K .......... .......... .......... .......... .......... 16%  117M 21s
 39600K .......... .......... .......... .......... .......... 16% 89.2M 21s
 39650K .......... .......... .......... .......... .......... 16%  117M 21s
 39700K .......... .......... .......... .......... .......... 16%  117M 21s
 39750K .......... .......... .......... .......... .......... 16%  117M 21s
 39800K .......... .......... .......... .......... .......... 16%  115M 21s
 39850K .......... .......... .......... .......... .......... 16%  117M 21s
 39900K .......... .......... .......... .......... .......... 16%  117M 21s
 39950K .......... .......... .......... .......... .......... 16%  117M 21s
 40000K .......... .......... .......... .......... .......... 16% 87.1M 21s
 66450K .......... .......... .......... .......... .......... 27% 1.25M 14s
 66500K .......... .......... .......... .......... .......... 27%  114M 14s
 40050K .......... .......... .......... .......... .......... 16% 50.2M 21s
 40100K .......... .......... .......... .......... .......... 16%  117M 21s
 40150K .......... .......... .......... .......... .......... 16%  117M 21s
 40200K .......... .......... .......... .......... .......... 16%  114M 21s
 40250K .......... .......... .......... .......... .......... 16%  837K 21s
 40300K .......... .......... .......... .......... .......... 16%  165M 21s
 40350K .......... .......... .......... .......... .......... 16%  125M 21s
 66550K .......... .......... .......... .......... .......... 27%  622K 14s
 66600K .......... .......... .......... .......... .......... 27%  127M 14s
 66650K .......... .......... .......... .......... .......... 27% 94.9M 14s
 66700K .......... .......... .......... .......... .......... 27%  117M 14s
 66750K .......... .......... .......... .......... .......... 27%  106M 14s
 66800K .......... .......... .......... .......... .......... 27% 18.7M 14s
 66850K .......... .......... .......... .......... .......... 27% 35.7M 14s
 66900K .......... .......... .......... .......... .......... 27% 17.2M 14s
 66950K .......... .......... .......... .......... .......... 27% 54.1M 14s
 67000K .......... .......... .......... .......... .......... 27%  114M 14s
 67050K .......... .......... .......... .......... .......... 27% 88.8M 14s
 67100K .......... .......... .......... .......... .......... 27%  117M 14s
 67150K .......... .......... .......... .......... .......... 27% 7.52M 14s
 67200K .......... .......... .......... .......... .......... 27%  125M 14s
 67250K .......... .......... .......... .......... .......... 27%  117M 14s
 67300K .......... .......... .......... .......... .......... 27%  116M 14s
 67350K .......... .......... .......... .......... .......... 27%  114M 14s
 67400K .......... .......... .......... .......... .......... 27%  117M 14s
 67450K .......... .......... .......... .......... .......... 27%  112M 14s
 67500K .......... .......... .......... .......... .......... 27%  120M 14s
 67550K .......... .......... .......... .......... .......... 27%  115M 14s
 67600K .......... .......... .......... .......... .......... 27% 5.28M 14s
 67650K .......... .......... .......... .......... .......... 27%  146M 14s
 67700K .......... .......... .......... .......... .......... 27% 17.4M 14s
 67750K .......... .......... .......... .......... .......... 27% 46.6M 14s
 67800K .......... .......... .......... .......... .......... 28%  106M 14s
 67850K .......... .......... .......... .......... .......... 28%  118M 14s
 67900K .......... .......... .......... .......... .......... 28%  111M 14s
 67950K .......... .......... .......... .......... .......... 28%  101M 14s
 68000K .......... .......... .......... .......... .......... 28% 17.2M 14s
 68050K .......... .......... .......... .......... .......... 28%  117M 14s
 68100K .......... .......... .......... .......... .......... 28% 40.6M 14s
 68150K .......... .......... .......... .......... .......... 28%  117M 14s
 68200K .......... .......... .......... .......... .......... 28%  114M 14s
 68250K .......... .......... .......... .......... .......... 28% 18.4M 14s
 68300K .......... .......... .......... .......... .......... 28% 54.4M 13s
 68350K .......... .......... .......... .......... .......... 28%  116M 13s
 68400K .......... .......... .......... .......... .......... 28% 79.8M 13s
 68450K .......... .......... .......... .......... .......... 28%  101M 13s
 68500K .......... .......... .......... .......... .......... 28% 7.62M 13s
 68550K .......... .......... .......... .......... .......... 28% 14.4M 13s
 68600K .......... .......... .......... .......... .......... 28%  115M 13s
 68650K .......... .......... .......... .......... .......... 28%  115M 13s
 68700K .......... .......... .......... .......... .......... 28%  115M 13s
 68750K .......... .......... .......... .......... .......... 28%  118M 13s
 68800K .......... .......... .......... .......... .......... 28% 88.8M 13s
 68850K .......... .......... .......... .......... .......... 28%  117M 13s
 68900K .......... .......... .......... .......... .......... 28%  117M 13s
 68950K .......... .......... .......... .......... .......... 28%  118M 13s
 69000K .......... .......... .......... .......... .......... 28%  110M 13s
 69050K .......... .......... .......... .......... .......... 28%  119M 13s
 69100K .......... .......... .......... .......... .......... 28%  119M 13s
 69150K .......... .......... .......... .......... .......... 28%  115M 13s
 69200K .......... .......... .......... .......... .......... 28% 87.8M 13s
 69250K .......... .......... .......... .......... .......... 28%  116M 13s
 69300K .......... .......... .......... .......... .......... 28%  116M 13s
 69350K .......... .......... .......... .......... .......... 28%  118M 13s
 69400K .......... .......... .......... .......... .......... 28%  115M 13s
 69450K .......... .......... .......... .......... .......... 28%  117M 13s
 40400K .......... .......... .......... .......... .......... 16%  522K 22s
 40450K .......... .......... .......... .......... .......... 16%  106M 22s
 40500K .......... .......... .......... .......... .......... 16% 78.0M 22s
 40550K .......... .......... .......... .......... .......... 16%  106M 22s
 40600K .......... .......... .......... .......... .......... 16% 22.6M 22s
 40650K .......... .......... .......... .......... .......... 16%  117M 22s
 40700K .......... .......... .......... .......... .......... 16%  119M 22s
 40750K .......... .......... .......... .......... .......... 16%  111M 21s
 40800K .......... .......... .......... .......... .......... 16% 89.7M 21s
 40850K .......... .......... .......... .......... .......... 16%  117M 21s
 40900K .......... .......... .......... .......... .......... 16%  117M 21s
 40950K .......... .......... .......... .......... .......... 16%  117M 21s
 41000K .......... .......... .......... .......... .......... 16%  116M 21s
 41050K .......... .......... .......... .......... .......... 16%  117M 21s
 41100K .......... .......... .......... .......... .......... 16%  117M 21s
 41150K .......... .......... .......... .......... .......... 17%  117M 21s
 41200K .......... .......... .......... .......... .......... 17% 88.8M 21s
 41250K .......... .......... .......... .......... .......... 17%  117M 21s
 41300K .......... .......... .......... .......... .......... 17%  117M 21s
 41350K .......... .......... .......... .......... .......... 17%  117M 21s
 41400K .......... .......... .......... .......... .......... 17%  115M 21s
 41450K .......... .......... .......... .......... .......... 17%  117M 21s
 41500K .......... .......... .......... .......... .......... 17%  115M 21s
 41550K .......... .......... .......... .......... .......... 17%  119M 21s
 41600K .......... .......... .......... .......... .......... 17% 87.1M 21s
 41650K .......... .......... .......... .......... .......... 17% 68.3M 21s
 41700K .......... .......... .......... .......... .......... 17%  115M 21s
 41750K .......... .......... .......... .......... .......... 17%  110M 21s
 41800K .......... .......... .......... .......... .......... 17%  115M 21s
 41850K .......... .......... .......... .......... .......... 17%  115M 21s
 41900K .......... .......... .......... .......... .......... 17%  115M 21s
 41950K .......... .......... .......... .......... .......... 17%  114M 21s
 42000K .......... .......... .......... .......... .......... 17% 89.3M 21s
 42050K .......... .......... .......... .......... .......... 17%  117M 21s
 42100K .......... .......... .......... .......... .......... 17%  117M 21s
 42150K .......... .......... .......... .......... .......... 17%  117M 21s
 42200K .......... .......... .......... .......... .......... 17%  115M 21s
 42250K .......... .......... .......... .......... .......... 17%  117M 21s
 42300K .......... .......... .......... .......... .......... 17% 37.0M 21s
 42350K .......... .......... .......... .......... .......... 17%  116M 21s
 42400K .......... .......... .......... .......... .......... 17% 89.0M 21s
 42450K .......... .......... .......... .......... .......... 17%  115M 21s
 42500K .......... .......... .......... .......... .......... 17%  117M 20s
 42550K .......... .......... .......... .......... .......... 17%  117M 20s
 42600K .......... .......... .......... .......... .......... 17%  115M 20s
 42650K .......... .......... .......... .......... .......... 17%  117M 20s
 42700K .......... .......... .......... .......... .......... 17%  117M 20s
 69500K .......... .......... .......... .......... .......... 28% 1.31M 13s
 42750K .......... .......... .......... .......... .......... 17% 50.2M 20s
 42800K .......... .......... .......... .......... .......... 17% 89.1M 20s
 42850K .......... .......... .......... .......... .......... 17%  117M 20s
 42900K .......... .......... .......... .......... .......... 17%  117M 20s
 42950K .......... .......... .......... .......... .......... 17%  117M 20s
 43000K .......... .......... .......... .......... .......... 17%  850K 20s
 43050K .......... .......... .......... .......... .......... 17%  170M 20s
 43100K .......... .......... .......... .......... .......... 17%  121M 20s
 69550K .......... .......... .......... .......... .......... 28%  632K 13s
 69600K .......... .......... .......... .......... .......... 28% 57.2M 13s
 69650K .......... .......... .......... .......... .......... 28% 87.8M 13s
 69700K .......... .......... .......... .......... .......... 28%  117M 13s
 69750K .......... .......... .......... .......... .......... 28%  103M 13s
 69800K .......... .......... .......... .......... .......... 28% 20.8M 13s
 69850K .......... .......... .......... .......... .......... 28% 28.2M 13s
 69900K .......... .......... .......... .......... .......... 28%  116M 13s
 69950K .......... .......... .......... .......... .......... 28% 18.1M 13s
 70000K .......... .......... .......... .......... .......... 28% 48.6M 13s
 70050K .......... .......... .......... .......... .......... 28% 75.7M 13s
 70100K .......... .......... .......... .......... .......... 28%  117M 13s
 70150K .......... .......... .......... .......... .......... 28%  117M 13s
 70200K .......... .......... .......... .......... .......... 28% 8.08M 13s
 70250K .......... .......... .......... .......... .......... 29%  112M 13s
 70300K .......... .......... .......... .......... .......... 29% 4.04M 13s
 70350K .......... .......... .......... .......... .......... 29%  129M 13s
 70400K .......... .......... .......... .......... .......... 29% 89.3M 13s
 70450K .......... .......... .......... .......... .......... 29%  116M 13s
 70500K .......... .......... .......... .......... .......... 29%  114M 13s
 70550K .......... .......... .......... .......... .......... 29%  117M 13s
 70600K .......... .......... .......... .......... .......... 29%  116M 13s
 70650K .......... .......... .......... .......... .......... 29%  118M 13s
 70700K .......... .......... .......... .......... .......... 29%  114M 13s
 70750K .......... .......... .......... .......... .......... 29%  118M 13s
 70800K .......... .......... .......... .......... .......... 29% 89.1M 13s
 70850K .......... .......... .......... .......... .......... 29%  114M 13s
 70900K .......... .......... .......... .......... .......... 29%  117M 13s
 70950K .......... .......... .......... .......... .......... 29%  117M 13s
 71000K .......... .......... .......... .......... .......... 29% 17.0M 13s
 71050K .......... .......... .......... .......... .......... 29%  114M 13s
 71100K .......... .......... .......... .......... .......... 29%  118M 13s
 71150K .......... .......... .......... .......... .......... 29% 93.6M 13s
 71200K .......... .......... .......... .......... .......... 29% 41.9M 13s
 71250K .......... .......... .......... .......... .......... 29% 18.6M 13s
 71300K .......... .......... .......... .......... .......... 29%  100M 13s
 71350K .......... .......... .......... .......... .......... 29%  117M 13s
 71400K .......... .......... .......... .......... .......... 29% 55.8M 13s
 71450K .......... .......... .......... .......... .......... 29%  102M 13s
 71500K .......... .......... .......... .......... .......... 29% 7.47M 13s
 71550K .......... .......... .......... .......... .......... 29%  145M 13s
 71600K .......... .......... .......... .......... .......... 29% 88.8M 13s
 71650K .......... .......... .......... .......... .......... 29% 14.4M 13s
 71700K .......... .......... .......... .......... .......... 29% 14.2M 13s
 71750K .......... .......... .......... .......... .......... 29%  117M 13s
 71800K .......... .......... .......... .......... .......... 29%  115M 13s
 71850K .......... .......... .......... .......... .......... 29%  118M 13s
 71900K .......... .......... .......... .......... .......... 29%  113M 13s
 71950K .......... .......... .......... .......... .......... 29%  120M 13s
 72000K .......... .......... .......... .......... .......... 29% 88.4M 13s
 72050K .......... .......... .......... .......... .......... 29%  113M 13s
 72100K .......... .......... .......... .......... .......... 29%  118M 13s
 72150K .......... .......... .......... .......... .......... 29%  116M 13s
 72200K .......... .......... .......... .......... .......... 29%  115M 13s
 72250K .......... .......... .......... .......... .......... 29%  117M 13s
 72300K .......... .......... .......... .......... .......... 29%  117M 13s
 72350K .......... .......... .......... .......... .......... 29%  117M 13s
 72400K .......... .......... .......... .......... .......... 29% 87.6M 13s
 72450K .......... .......... .......... .......... .......... 29%  117M 13s
 72500K .......... .......... .......... .......... .......... 29%  116M 13s
 43150K .......... .......... .......... .......... .......... 17%  524K 21s
 43200K .......... .......... .......... .......... .......... 17% 56.3M 21s
 43250K .......... .......... .......... .......... .......... 17%  139M 21s
 43300K .......... .......... .......... .......... .......... 17%  116M 21s
 43350K .......... .......... .......... .......... .......... 17% 23.0M 21s
 43400K .......... .......... .......... .......... .......... 17% 94.7M 21s
 43450K .......... .......... .......... .......... .......... 17%  117M 21s
 43500K .......... .......... .......... .......... .......... 17%  117M 21s
 43550K .......... .......... .......... .......... .......... 17%  117M 21s
 43600K .......... .......... .......... .......... .......... 18% 88.9M 21s
 43650K .......... .......... .......... .......... .......... 18%  117M 21s
 43700K .......... .......... .......... .......... .......... 18%  117M 21s
 43750K .......... .......... .......... .......... .......... 18%  117M 21s
 43800K .......... .......... .......... .......... .......... 18%  115M 21s
 43850K .......... .......... .......... .......... .......... 18%  117M 20s
 43900K .......... .......... .......... .......... .......... 18%  117M 20s
 43950K .......... .......... .......... .......... .......... 18%  117M 20s
 44000K .......... .......... .......... .......... .......... 18% 28.3M 20s
 44050K .......... .......... .......... .......... .......... 18%  117M 20s
 44100K .......... .......... .......... .......... .......... 18%  116M 20s
 44150K .......... .......... .......... .......... .......... 18%  116M 20s
 44200K .......... .......... .......... .......... .......... 18%  112M 20s
 44250K .......... .......... .......... .......... .......... 18%  117M 20s
 44300K .......... .......... .......... .......... .......... 18%  117M 20s
 44350K .......... .......... .......... .......... .......... 18%  116M 20s
 44400K .......... .......... .......... .......... .......... 18% 89.0M 20s
 44450K .......... .......... .......... .......... .......... 18%  116M 20s
 44500K .......... .......... .......... .......... .......... 18%  117M 20s
 44550K .......... .......... .......... .......... .......... 18%  117M 20s
 44600K .......... .......... .......... .......... .......... 18%  115M 20s
 44650K .......... .......... .......... .......... .......... 18%  117M 20s
 44700K .......... .......... .......... .......... .......... 18%  116M 20s
 44750K .......... .......... .......... .......... .......... 18%  117M 20s
 44800K .......... .......... .......... .......... .......... 18% 89.3M 20s
 44850K .......... .......... .......... .......... .......... 18%  117M 20s
 44900K .......... .......... .......... .......... .......... 18%  117M 20s
 44950K .......... .......... .......... .......... .......... 18%  117M 20s
 45000K .......... .......... .......... .......... .......... 18% 73.4M 20s
 45050K .......... .......... .......... .......... .......... 18%  107M 20s
 45100K .......... .......... .......... .......... .......... 18%  117M 20s
 45150K .......... .......... .......... .......... .......... 18%  114M 20s
 45200K .......... .......... .......... .......... .......... 18% 85.3M 20s
 45250K .......... .......... .......... .......... .......... 18%  117M 20s
 45300K .......... .......... .......... .......... .......... 18%  117M 20s
 45350K .......... .......... .......... .......... .......... 18%  117M 20s
 45400K .......... .......... .......... .......... .......... 18%  115M 20s
 45450K .......... .......... .......... .......... .......... 18%  117M 20s
 72550K .......... .......... .......... .......... .......... 29% 1.42M 13s
 45500K .......... .......... .......... .......... .......... 18% 50.0M 20s
 45550K .......... .......... .......... .......... .......... 18%  118M 20s
 45600K .......... .......... .......... .......... .......... 18% 88.9M 20s
 45650K .......... .......... .......... .......... .......... 18%  835K 20s
 45700K .......... .......... .......... .......... .......... 18%  137M 20s
 45750K .......... .......... .......... .......... .......... 18%  164M 20s
 45800K .......... .......... .......... .......... .......... 18%  112M 20s
 45850K .......... .......... .......... .......... .......... 18%  115M 20s
 72600K .......... .......... .......... .......... .......... 29%  633K 13s
 72650K .......... .......... .......... .......... .......... 30% 54.9M 13s
 72700K .......... .......... .......... .......... .......... 30%  115M 13s
 72750K .......... .......... .......... .......... .......... 30% 90.9M 13s
 72800K .......... .......... .......... .......... .......... 30% 80.2M 13s
 72850K .......... .......... .......... .......... .......... 30% 21.7M 13s
 72900K .......... .......... .......... .......... .......... 30% 37.0M 13s
 72950K .......... .......... .......... .......... .......... 30% 62.0M 13s
 73000K .......... .......... .......... .......... .......... 30% 17.8M 13s
 73050K .......... .......... .......... .......... .......... 30% 42.5M 13s
 73100K .......... .......... .......... .......... .......... 30%  107M 13s
 73150K .......... .......... .......... .......... .......... 30%  116M 13s
 73200K .......... .......... .......... .......... .......... 30% 8.28M 13s
 73250K .......... .......... .......... .......... .......... 30% 77.8M 13s
 73300K .......... .......... .......... .......... .......... 30% 81.5M 13s
 73350K .......... .......... .......... .......... .......... 30% 3.25M 13s
 73400K .......... .......... .......... .......... .......... 30%  115M 13s
 73450K .......... .......... .......... .......... .......... 30%  120M 13s
 73500K .......... .......... .......... .......... .......... 30%  115M 13s
 73550K .......... .......... .......... .......... .......... 30%  115M 13s
 73600K .......... .......... .......... .......... .......... 30% 90.4M 13s
 73650K .......... .......... .......... .......... .......... 30%  115M 13s
 73700K .......... .......... .......... .......... .......... 30%  115M 13s
 73750K .......... .......... .......... .......... .......... 30%  116M 13s
 73800K .......... .......... .......... .......... .......... 30%  116M 13s
 73850K .......... .......... .......... .......... .......... 30%  116M 13s
 73900K .......... .......... .......... .......... .......... 30%  117M 13s
 73950K .......... .......... .......... .......... .......... 30%  116M 13s
 74000K .......... .......... .......... .......... .......... 30% 87.6M 13s
 74050K .......... .......... .......... .......... .......... 30%  117M 13s
 74100K .......... .......... .......... .......... .......... 30%  117M 13s
 74150K .......... .......... .......... .......... .......... 30%  117M 13s
 74200K .......... .......... .......... .......... .......... 30%  115M 13s
 74250K .......... .......... .......... .......... .......... 30%  100M 13s
 74300K .......... .......... .......... .......... .......... 30% 20.7M 13s
 74350K .......... .......... .......... .......... .......... 30% 63.0M 13s
 74400K .......... .......... .......... .......... .......... 30% 50.6M 13s
 74450K .......... .......... .......... .......... .......... 30%  117M 13s
 74500K .......... .......... .......... .......... .......... 30% 97.0M 13s
 74550K .......... .......... .......... .......... .......... 30% 7.88M 13s
 74600K .......... .......... .......... .......... .......... 30% 73.9M 13s
 74650K .......... .......... .......... .......... .......... 30%  117M 13s
 74700K .......... .......... .......... .......... .......... 30% 15.5M 13s
 74750K .......... .......... .......... .......... .......... 30% 14.2M 13s
 74800K .......... .......... .......... .......... .......... 30% 59.4M 13s
 74850K .......... .......... .......... .......... .......... 30% 86.5M 13s
 74900K .......... .......... .......... .......... .......... 30%  117M 13s
 74950K .......... .......... .......... .......... .......... 30%  117M 13s
 75000K .......... .......... .......... .......... .......... 30%  115M 13s
 75050K .......... .......... .......... .......... .......... 30% 14.6M 13s
 75100K .......... .......... .......... .......... .......... 31%  119M 13s
 75150K .......... .......... .......... .......... .......... 31%  116M 13s
 75200K .......... .......... .......... .......... .......... 31% 87.6M 13s
 75250K .......... .......... .......... .......... .......... 31%  118M 13s
 75300K .......... .......... .......... .......... .......... 31%  118M 13s
 75350K .......... .......... .......... .......... .......... 31%  113M 13s
 75400K .......... .......... .......... .......... .......... 31%  114M 13s
 75450K .......... .......... .......... .......... .......... 31%  115M 13s
 75500K .......... .......... .......... .......... .......... 31%  118M 13s
 45900K .......... .......... .......... .......... .......... 18%  536K 20s
 45950K .......... .......... .......... .......... .......... 18% 39.2M 20s
 46000K .......... .......... .......... .......... .......... 19% 66.6M 20s
 46050K .......... .......... .......... .......... .......... 19%  117M 20s
 46100K .......... .......... .......... .......... .......... 19% 23.4M 20s
 46150K .......... .......... .......... .......... .......... 19%  103M 20s
 46200K .......... .......... .......... .......... .......... 19%  106M 20s
 46250K .......... .......... .......... .......... .......... 19%  117M 20s
 46300K .......... .......... .......... .......... .......... 19%  112M 20s
 46350K .......... .......... .......... .......... .......... 19%  111M 20s
 46400K .......... .......... .......... .......... .......... 19% 85.6M 20s
 46450K .......... .......... .......... .......... .......... 19%  117M 20s
 46500K .......... .......... .......... .......... .......... 19%  117M 20s
 46550K .......... .......... .......... .......... .......... 19%  116M 20s
 46600K .......... .......... .......... .......... .......... 19%  116M 20s
 46650K .......... .......... .......... .......... .......... 19%  117M 20s
 46700K .......... .......... .......... .......... .......... 19%  117M 20s
 46750K .......... .......... .......... .......... .......... 19% 31.3M 20s
 46800K .......... .......... .......... .......... .......... 19% 87.1M 20s
 46850K .......... .......... .......... .......... .......... 19%  117M 20s
 46900K .......... .......... .......... .......... .......... 19%  117M 20s
 46950K .......... .......... .......... .......... .......... 19%  117M 20s
 47000K .......... .......... .......... .......... .......... 19%  115M 20s
 47050K .......... .......... .......... .......... .......... 19%  117M 20s
 47100K .......... .......... .......... .......... .......... 19% 26.7M 20s
 47150K .......... .......... .......... .......... .......... 19%  131M 20s
 47200K .......... .......... .......... .......... .......... 19% 90.8M 19s
 47250K .......... .......... .......... .......... .......... 19%  115M 19s
 47300K .......... .......... .......... .......... .......... 19%  115M 19s
 47350K .......... .......... .......... .......... .......... 19%  117M 19s
 47400K .......... .......... .......... .......... .......... 19%  115M 19s
 47450K .......... .......... .......... .......... .......... 19%  117M 19s
 47500K .......... .......... .......... .......... .......... 19%  117M 19s
 47550K .......... .......... .......... .......... .......... 19%  115M 19s
 47600K .......... .......... .......... .......... .......... 19% 90.2M 19s
 47650K .......... .......... .......... .......... .......... 19%  117M 19s
 47700K .......... .......... .......... .......... .......... 19%  117M 19s
 47750K .......... .......... .......... .......... .......... 19%  117M 19s
 47800K .......... .......... .......... .......... .......... 19%  114M 19s
 47850K .......... .......... .......... .......... .......... 19%  117M 19s
 47900K .......... .......... .......... .......... .......... 19%  118M 19s
 47950K .......... .......... .......... .......... .......... 19%  117M 19s
 48000K .......... .......... .......... .......... .......... 19% 87.1M 19s
 48050K .......... .......... .......... .......... .......... 19%  117M 19s
 48100K .......... .......... .......... .......... .......... 19%  117M 19s
 48150K .......... .......... .......... .......... .......... 19%  117M 19s
 48200K .......... .......... .......... .......... .......... 19%  115M 19s
 75550K .......... .......... .......... .......... .......... 31%  118M 13s
 75600K .......... .......... .......... .......... .......... 31% 1.51M 13s
 48250K .......... .......... .......... .......... .......... 19% 50.2M 19s
 48300K .......... .......... .......... .......... .......... 19%  117M 19s
 48350K .......... .......... .......... .......... .......... 19%  116M 19s
 48400K .......... .......... .......... .......... .......... 19%  846K 19s
 48450K .......... .......... .......... .......... .......... 20%  124M 19s
 48500K .......... .......... .......... .......... .......... 20%  146M 19s
 48550K .......... .......... .......... .......... .......... 20%  117M 19s
 48600K .......... .......... .......... .......... .......... 20%  115M 19s
 75650K .......... .......... .......... .......... .......... 31%  642K 13s
 75700K .......... .......... .......... .......... .......... 31% 44.2M 13s
 75750K .......... .......... .......... .......... .......... 31% 99.1M 13s
 75800K .......... .......... .......... .......... .......... 31%  112M 13s
 75850K .......... .......... .......... .......... .......... 31% 92.4M 13s
 75900K .......... .......... .......... .......... .......... 31% 23.9M 13s
 75950K .......... .......... .......... .......... .......... 31% 37.8M 13s
 76000K .......... .......... .......... .......... .......... 31% 18.0M 13s
 76050K .......... .......... .......... .......... .......... 31% 58.9M 13s
 76100K .......... .......... .......... .......... .......... 31% 33.6M 13s
 76150K .......... .......... .......... .......... .......... 31% 98.4M 13s
 76200K .......... .......... .......... .......... .......... 31%  115M 13s
 76250K .......... .......... .......... .......... .......... 31%  117M 13s
 76300K .......... .......... .......... .......... .......... 31% 8.53M 13s
 76350K .......... .......... .......... .......... .......... 31% 59.3M 13s
 76400K .......... .......... .......... .......... .......... 31% 3.26M 13s
 76450K .......... .......... .......... .......... .......... 31%  117M 13s
 76500K .......... .......... .......... .......... .......... 31% 80.0M 13s
 76550K .......... .......... .......... .......... .......... 31%  117M 13s
 76600K .......... .......... .......... .......... .......... 31% 14.1M 13s
 76650K .......... .......... .......... .......... .......... 31%  115M 13s
 76700K .......... .......... .......... .......... .......... 31%  120M 13s
 76750K .......... .......... .......... .......... .......... 31%  115M 13s
 76800K .......... .......... .......... .......... .......... 31% 89.2M 13s
 76850K .......... .......... .......... .......... .......... 31%  117M 13s
 76900K .......... .......... .......... .......... .......... 31%  116M 13s
 76950K .......... .......... .......... .......... .......... 31%  113M 13s
 77000K .......... .......... .......... .......... .......... 31%  117M 13s
 77050K .......... .......... .......... .......... .......... 31%  117M 13s
 77100K .......... .......... .......... .......... .......... 31%  118M 13s
 77150K .......... .......... .......... .......... .......... 31%  117M 12s
 77200K .......... .......... .......... .......... .......... 31% 87.0M 12s
 77250K .......... .......... .......... .......... .......... 31%  117M 12s
 77300K .......... .......... .......... .......... .......... 31%  117M 12s
 77350K .......... .......... .......... .......... .......... 31%  116M 12s
 77400K .......... .......... .......... .......... .......... 31%  114M 12s
 77450K .......... .......... .......... .......... .......... 31%  117M 12s
 77500K .......... .......... .......... .......... .......... 32%  117M 12s
 77550K .......... .......... .......... .......... .......... 32% 8.04M 12s
 77600K .......... .......... .......... .......... .......... 32% 65.3M 12s
 77650K .......... .......... .......... .......... .......... 32%  117M 12s
 77700K .......... .......... .......... .......... .......... 32% 15.6M 12s
 77750K .......... .......... .......... .......... .......... 32% 14.2M 12s
 77800K .......... .......... .......... .......... .......... 32% 68.9M 12s
 77850K .......... .......... .......... .......... .......... 32%  117M 12s
 77900K .......... .......... .......... .......... .......... 32% 92.0M 12s
 77950K .......... .......... .......... .......... .......... 32% 96.4M 12s
 78000K .......... .......... .......... .......... .......... 32% 87.6M 12s
 78050K .......... .......... .......... .......... .......... 32% 14.8M 12s
 78100K .......... .......... .......... .......... .......... 32%  127M 12s
 78150K .......... .......... .......... .......... .......... 32% 95.6M 12s
 78200K .......... .......... .......... .......... .......... 32%  114M 12s
 48650K .......... .......... .......... .......... .......... 20%  537K 19s
 48700K .......... .......... .......... .......... .......... 20% 37.6M 19s
 48750K .......... .......... .......... .......... .......... 20%  116M 19s
 48800K .......... .......... .......... .......... .......... 20% 89.1M 19s
 48850K .......... .......... .......... .......... .......... 20% 13.7M 19s
 48900K .......... .......... .......... .......... .......... 20%  117M 19s
 48950K .......... .......... .......... .......... .......... 20%  117M 19s
 49000K .......... .......... .......... .......... .......... 20%  115M 19s
 49050K .......... .......... .......... .......... .......... 20%  115M 19s
 49100K .......... .......... .......... .......... .......... 20%  115M 19s
 49150K .......... .......... .......... .......... .......... 20%  119M 19s
 49200K .......... .......... .......... .......... .......... 20% 87.1M 19s
 49250K .......... .......... .......... .......... .......... 20%  117M 19s
 49300K .......... .......... .......... .......... .......... 20%  117M 19s
 49350K .......... .......... .......... .......... .......... 20%  117M 19s
 49400K .......... .......... .......... .......... .......... 20%  115M 19s
 49450K .......... .......... .......... .......... .......... 20%  117M 19s
 49500K .......... .......... .......... .......... .......... 20%  117M 19s
 49550K .......... .......... .......... .......... .......... 20%  117M 19s
 49600K .......... .......... .......... .......... .......... 20% 88.8M 19s
 49650K .......... .......... .......... .......... .......... 20%  117M 19s
 49700K .......... .......... .......... .......... .......... 20%  117M 19s
 49750K .......... .......... .......... .......... .......... 20%  117M 19s
 49800K .......... .......... .......... .......... .......... 20%  115M 19s
 49850K .......... .......... .......... .......... .......... 20%  117M 19s
 49900K .......... .......... .......... .......... .......... 20% 35.0M 19s
 49950K .......... .......... .......... .......... .......... 20%  116M 19s
 50000K .......... .......... .......... .......... .......... 20% 88.6M 19s
 50050K .......... .......... .......... .......... .......... 20%  117M 19s
 50100K .......... .......... .......... .......... .......... 20%  114M 19s
 50150K .......... .......... .......... .......... .......... 20%  117M 19s
 50200K .......... .......... .......... .......... .......... 20%  109M 19s
 50250K .......... .......... .......... .......... .......... 20%  118M 19s
 50300K .......... .......... .......... .......... .......... 20%  117M 19s
 50350K .......... .......... .......... .......... .......... 20%  117M 19s
 50400K .......... .......... .......... .......... .......... 20% 87.0M 19s
 50450K .......... .......... .......... .......... .......... 20%  117M 19s
 50500K .......... .......... .......... .......... .......... 20%  117M 19s
 50550K .......... .......... .......... .......... .......... 20% 26.2M 19s
 50600K .......... .......... .......... .......... .......... 20%  115M 19s
 50650K .......... .......... .......... .......... .......... 20%  117M 19s
 50700K .......... .......... .......... .......... .......... 20%  117M 19s
 50750K .......... .......... .......... .......... .......... 20%  117M 19s
 50800K .......... .......... .......... .......... .......... 20% 89.3M 18s
 50850K .......... .......... .......... .......... .......... 21%  117M 18s
 50900K .......... .......... .......... .......... .......... 21%  117M 18s
 50950K .......... .......... .......... .......... .......... 21%  117M 18s
 51000K .......... .......... .......... .......... .......... 21%  115M 18s
 78250K .......... .......... .......... .......... .......... 32% 1.32M 12s
 78300K .......... .......... .......... .......... .......... 32%  115M 12s
 78350K .......... .......... .......... .......... .......... 32%  119M 12s
 78400K .......... .......... .......... .......... .......... 32% 90.2M 12s
 78450K .......... .......... .......... .......... .......... 32%  112M 12s
 78500K .......... .......... .......... .......... .......... 32%  118M 12s
 78550K .......... .......... .......... .......... .......... 32%  118M 12s
 51050K .......... .......... .......... .......... .......... 21% 14.3M 18s
 78600K .......... .......... .......... .......... .......... 32% 70.6M 12s
 78650K .......... .......... .......... .......... .......... 32%  109M 12s
 51100K .......... .......... .......... .......... .......... 21% 41.8M 18s
 51150K .......... .......... .......... .......... .......... 21% 85.2M 18s
 51200K .......... .......... .......... .......... .......... 21%  923K 19s
 51250K .......... .......... .......... .......... .......... 21%  128M 19s
 51300K .......... .......... .......... .......... .......... 21%  168M 18s
 51350K .......... .......... .......... .......... .......... 21%  121M 18s
 51400K .......... .......... .......... .......... .......... 21%  115M 18s
 51450K .......... .......... .......... .......... .......... 21%  117M 18s
 78700K .......... .......... .......... .......... .......... 32%  689K 12s
 78750K .......... .......... .......... .......... .......... 32% 37.7M 12s
 78800K .......... .......... .......... .......... .......... 32% 63.6M 12s
 78850K .......... .......... .......... .......... .......... 32%  117M 12s
 78900K .......... .......... .......... .......... .......... 32% 32.5M 12s
 78950K .......... .......... .......... .......... .......... 32% 48.1M 12s
 79000K .......... .......... .......... .......... .......... 32% 14.2M 12s
 79050K .......... .......... .......... .......... .......... 32%  117M 12s
 79100K .......... .......... .......... .......... .......... 32% 26.8M 12s
 79150K .......... .......... .......... .......... .......... 32% 98.8M 12s
 79200K .......... .......... .......... .......... .......... 32% 77.4M 12s
 79250K .......... .......... .......... .......... .......... 32% 9.29M 12s
 79300K .......... .......... .......... .......... .......... 32%  117M 12s
 79350K .......... .......... .......... .......... .......... 32% 39.2M 12s
 79400K .......... .......... .......... .......... .......... 32% 3.27M 12s
 79450K .......... .......... .......... .......... .......... 32%  118M 12s
 79500K .......... .......... .......... .......... .......... 32%  117M 12s
 79550K .......... .......... .......... .......... .......... 32%  117M 12s
 79600K .......... .......... .......... .......... .......... 32% 74.2M 12s
 79650K .......... .......... .......... .......... .......... 32% 7.65M 12s
 79700K .......... .......... .......... .......... .......... 32%  118M 12s
 79750K .......... .......... .......... .......... .......... 32%  117M 12s
 79800K .......... .......... .......... .......... .......... 32%  113M 12s
 79850K .......... .......... .......... .......... .......... 32%  117M 12s
 79900K .......... .......... .......... .......... .......... 32%  118M 12s
 79950K .......... .......... .......... .......... .......... 33%  116M 12s
 80000K .......... .......... .......... .......... .......... 33% 87.8M 12s
 80050K .......... .......... .......... .......... .......... 33%  118M 12s
 80100K .......... .......... .......... .......... .......... 33%  116M 12s
 80150K .......... .......... .......... .......... .......... 33%  114M 12s
 80200K .......... .......... .......... .......... .......... 33%  116M 12s
 80250K .......... .......... .......... .......... .......... 33%  117M 12s
 80300K .......... .......... .......... .......... .......... 33%  116M 12s
 80350K .......... .......... .......... .......... .......... 33%  117M 12s
 80400K .......... .......... .......... .......... .......... 33% 89.8M 12s
 80450K .......... .......... .......... .......... .......... 33%  117M 12s
 80500K .......... .......... .......... .......... .......... 33%  115M 12s
 80550K .......... .......... .......... .......... .......... 33%  118M 12s
 80600K .......... .......... .......... .......... .......... 33% 17.7M 12s
 80650K .......... .......... .......... .......... .......... 33% 72.7M 12s
 80700K .......... .......... .......... .......... .......... 33% 57.6M 12s
 80750K .......... .......... .......... .......... .......... 33% 15.8M 12s
 80800K .......... .......... .......... .......... .......... 33% 13.8M 12s
 80850K .......... .......... .......... .......... .......... 33% 64.4M 12s
 80900K .......... .......... .......... .......... .......... 33%  117M 12s
 80950K .......... .......... .......... .......... .......... 33% 91.6M 12s
 81000K .......... .......... .......... .......... .......... 33% 88.7M 12s
 81050K .......... .......... .......... .......... .......... 33% 94.9M 12s
 81100K .......... .......... .......... .......... .......... 33%  115M 12s
 81150K .......... .......... .......... .......... .......... 33% 16.3M 12s
 81200K .......... .......... .......... .......... .......... 33% 59.3M 12s
 81250K .......... .......... .......... .......... .......... 33%  112M 12s
 51500K .......... .......... .......... .......... .......... 21%  539K 19s
 51550K .......... .......... .......... .......... .......... 21% 39.9M 19s
 51600K .......... .......... .......... .......... .......... 21% 85.9M 19s
 51650K .......... .......... .......... .......... .......... 21%  117M 19s
 51700K .......... .......... .......... .......... .......... 21% 27.3M 19s
 51750K .......... .......... .......... .......... .......... 21% 22.9M 19s
 51800K .......... .......... .......... .......... .......... 21%  115M 19s
 51850K .......... .......... .......... .......... .......... 21%  113M 19s
 51900K .......... .......... .......... .......... .......... 21%  120M 19s
 51950K .......... .......... .......... .......... .......... 21%  117M 19s
 52000K .......... .......... .......... .......... .......... 21% 89.0M 19s
 52050K .......... .......... .......... .......... .......... 21%  117M 19s
 52100K .......... .......... .......... .......... .......... 21%  117M 19s
 52150K .......... .......... .......... .......... .......... 21% 18.1M 18s
 52200K .......... .......... .......... .......... .......... 21%  116M 18s
 52250K .......... .......... .......... .......... .......... 21%  118M 18s
 52300K .......... .......... .......... .......... .......... 21%  116M 18s
 52350K .......... .......... .......... .......... .......... 21%  115M 18s
 52400K .......... .......... .......... .......... .......... 21% 88.1M 18s
 52450K .......... .......... .......... .......... .......... 21%  116M 18s
 52500K .......... .......... .......... .......... .......... 21%  117M 18s
 52550K .......... .......... .......... .......... .......... 21%  117M 18s
 52600K .......... .......... .......... .......... .......... 21%  115M 18s
 52650K .......... .......... .......... .......... .......... 21%  117M 18s
 52700K .......... .......... .......... .......... .......... 21%  117M 18s
 52750K .......... .......... .......... .......... .......... 21%  115M 18s
 52800K .......... .......... .......... .......... .......... 21% 87.8M 18s
 52850K .......... .......... .......... .......... .......... 21%  117M 18s
 52900K .......... .......... .......... .......... .......... 21%  117M 18s
 52950K .......... .......... .......... .......... .......... 21%  117M 18s
 53000K .......... .......... .......... .......... .......... 21%  115M 18s
 53050K .......... .......... .......... .......... .......... 21%  117M 18s
 53100K .......... .......... .......... .......... .......... 21%  117M 18s
 53150K .......... .......... .......... .......... .......... 21%  117M 18s
 53200K .......... .......... .......... .......... .......... 21% 88.8M 18s
 53250K .......... .......... .......... .......... .......... 21%  117M 18s
 53300K .......... .......... .......... .......... .......... 22%  117M 18s
 53350K .......... .......... .......... .......... .......... 22%  117M 18s
 53400K .......... .......... .......... .......... .......... 22%  115M 18s
 53450K .......... .......... .......... .......... .......... 22%  117M 18s
 53500K .......... .......... .......... .......... .......... 22%  116M 18s
 53550K .......... .......... .......... .......... .......... 22%  117M 18s
 53600K .......... .......... .......... .......... .......... 22% 88.9M 18s
 53650K .......... .......... .......... .......... .......... 22%  117M 18s
 53700K .......... .......... .......... .......... .......... 22%  117M 18s
 53750K .......... .......... .......... .......... .......... 22%  117M 18s
 53800K .......... .......... .......... .......... .......... 22%  115M 18s
 53850K .......... .......... .......... .......... .......... 22%  115M 18s
 81300K .......... .......... .......... .......... .......... 33% 1.33M 12s
 81350K .......... .......... .......... .......... .......... 33%  117M 12s
 53900K .......... .......... .......... .......... .......... 22%  829K 18s
 53950K .......... .......... .......... .......... .......... 22%  173M 18s
 54000K .......... .......... .......... .......... .......... 22% 92.1M 18s
 54050K .......... .......... .......... .......... .......... 22%  114M 18s
 54100K .......... .......... .......... .......... .......... 22%  118M 18s
 54150K .......... .......... .......... .......... .......... 22%  117M 18s
 54200K .......... .......... .......... .......... .......... 22%  115M 18s
 54250K .......... .......... .......... .......... .......... 22%  117M 18s
 54300K .......... .......... .......... .......... .......... 22%  117M 18s
 81400K .......... .......... .......... .......... .......... 33%  660K 12s
 81450K .......... .......... .......... .......... .......... 33%  113M 12s
 81500K .......... .......... .......... .......... .......... 33%  117M 12s
 81550K .......... .......... .......... .......... .......... 33%  115M 12s
 81600K .......... .......... .......... .......... .......... 33% 89.7M 12s
 81650K .......... .......... .......... .......... .......... 33%  118M 12s
 81700K .......... .......... .......... .......... .......... 33%  115M 12s
 81750K .......... .......... .......... .......... .......... 33%  118M 12s
 81800K .......... .......... .......... .......... .......... 33%  116M 12s
 81850K .......... .......... .......... .......... .......... 33%  113M 12s
 81900K .......... .......... .......... .......... .......... 33%  120M 12s
 81950K .......... .......... .......... .......... .......... 33%  117M 12s
 82000K .......... .......... .......... .......... .......... 33% 87.0M 12s
 82050K .......... .......... .......... .......... .......... 33% 15.5M 12s
 82100K .......... .......... .......... .......... .......... 33% 27.8M 12s
 82150K .......... .......... .......... .......... .......... 33%  133M 12s
 82200K .......... .......... .......... .......... .......... 33% 53.6M 12s
 82250K .......... .......... .......... .......... .......... 33%  117M 12s
 82300K .......... .......... .......... .......... .......... 33% 9.99M 12s
 82350K .......... .......... .......... .......... .......... 34%  125M 12s
 82400K .......... .......... .......... .......... .......... 34% 29.9M 12s
 82450K .......... .......... .......... .......... .......... 34% 3.28M 12s
 82500K .......... .......... .......... .......... .......... 34%  118M 12s
 82550K .......... .......... .......... .......... .......... 34%  107M 12s
 82600K .......... .......... .......... .......... .......... 34% 99.8M 12s
 82650K .......... .......... .......... .......... .......... 34%  116M 12s
 82700K .......... .......... .......... .......... .......... 34% 7.88M 12s
 82750K .......... .......... .......... .......... .......... 34% 81.2M 12s
 82800K .......... .......... .......... .......... .......... 34% 69.2M 12s
 82850K .......... .......... .......... .......... .......... 34%  116M 12s
 82900K .......... .......... .......... .......... .......... 34%  117M 12s
 82950K .......... .......... .......... .......... .......... 34% 14.6M 12s
 83000K .......... .......... .......... .......... .......... 34%  114M 12s
 83050K .......... .......... .......... .......... .......... 34%  121M 12s
 83100K .......... .......... .......... .......... .......... 34%  115M 12s
 83150K .......... .......... .......... .......... .......... 34%  117M 12s
 83200K .......... .......... .......... .......... .......... 34% 88.1M 12s
 83250K .......... .......... .......... .......... .......... 34%  116M 12s
 83300K .......... .......... .......... .......... .......... 34%  114M 12s
 83350K .......... .......... .......... .......... .......... 34%  120M 12s
 83400K .......... .......... .......... .......... .......... 34%  112M 12s
 83450K .......... .......... .......... .......... .......... 34%  120M 12s
 83500K .......... .......... .......... .......... .......... 34%  117M 12s
 83550K .......... .......... .......... .......... .......... 34%  117M 12s
 83600K .......... .......... .......... .......... .......... 34% 88.8M 12s
 83650K .......... .......... .......... .......... .......... 34%  116M 12s
 83700K .......... .......... .......... .......... .......... 34%  117M 12s
 83750K .......... .......... .......... .......... .......... 34% 19.2M 12s
 83800K .......... .......... .......... .......... .......... 34% 91.9M 12s
 83850K .......... .......... .......... .......... .......... 34% 14.7M 12s
 83900K .......... .......... .......... .......... .......... 34% 39.3M 12s
 83950K .......... .......... .......... .......... .......... 34% 89.4M 12s
 84000K .......... .......... .......... .......... .......... 34% 72.2M 12s
 84050K .......... .......... .......... .......... .......... 34%  117M 12s
 84100K .......... .......... .......... .......... .......... 34% 93.8M 12s
 84150K .......... .......... .......... .......... .......... 34% 20.1M 12s
 84200K .......... .......... .......... .......... .......... 34% 38.3M 12s
 84250K .......... .......... .......... .......... .......... 34%  117M 12s
 84300K .......... .......... .......... .......... .......... 34%  117M 12s
 54350K .......... .......... .......... .......... .......... 22% 1.26M 18s
 54400K .......... .......... .......... .......... .......... 22%  940K 18s
 54450K .......... .......... .......... .......... .......... 22%  158M 18s
 54500K .......... .......... .......... .......... .......... 22%  117M 18s
 54550K .......... .......... .......... .......... .......... 22% 27.0M 18s
 54600K .......... .......... .......... .......... .......... 22% 25.1M 18s
 54650K .......... .......... .......... .......... .......... 22% 78.9M 18s
 54700K .......... .......... .......... .......... .......... 22%  117M 18s
 54750K .......... .......... .......... .......... .......... 22%  116M 18s
 54800K .......... .......... .......... .......... .......... 22% 89.1M 18s
 54850K .......... .......... .......... .......... .......... 22%  117M 18s
 54900K .......... .......... .......... .......... .......... 22%  117M 18s
 54950K .......... .......... .......... .......... .......... 22%  117M 18s
 55000K .......... .......... .......... .......... .......... 22%  115M 18s
 55050K .......... .......... .......... .......... .......... 22% 19.0M 18s
 55100K .......... .......... .......... .......... .......... 22%  116M 18s
 55150K .......... .......... .......... .......... .......... 22%  111M 18s
 55200K .......... .......... .......... .......... .......... 22% 89.1M 18s
 55250K .......... .......... .......... .......... .......... 22%  117M 18s
 55300K .......... .......... .......... .......... .......... 22%  117M 18s
 55350K .......... .......... .......... .......... .......... 22%  117M 18s
 55400K .......... .......... .......... .......... .......... 22%  115M 18s
 55450K .......... .......... .......... .......... .......... 22% 16.4M 18s
 55500K .......... .......... .......... .......... .......... 22%  139M 18s
 55550K .......... .......... .......... .......... .......... 22%  115M 18s
 55600K .......... .......... .......... .......... .......... 22% 89.2M 18s
 55650K .......... .......... .......... .......... .......... 22%  116M 18s
 55700K .......... .......... .......... .......... .......... 23%  117M 18s
 55750K .......... .......... .......... .......... .......... 23%  114M 18s
 55800K .......... .......... .......... .......... .......... 23%  118M 18s
 55850K .......... .......... .......... .......... .......... 23%  116M 18s
 55900K .......... .......... .......... .......... .......... 23%  117M 18s
 55950K .......... .......... .......... .......... .......... 23%  117M 18s
 56000K .......... .......... .......... .......... .......... 23% 86.8M 18s
 56050K .......... .......... .......... .......... .......... 23%  117M 17s
 56100K .......... .......... .......... .......... .......... 23%  117M 17s
 56150K .......... .......... .......... .......... .......... 23%  117M 17s
 56200K .......... .......... .......... .......... .......... 23%  115M 17s
 56250K .......... .......... .......... .......... .......... 23%  116M 17s
 56300K .......... .......... .......... .......... .......... 23%  117M 17s
 56350K .......... .......... .......... .......... .......... 23%  117M 17s
 56400K .......... .......... .......... .......... .......... 23% 89.0M 17s
 56450K .......... .......... .......... .......... .......... 23%  117M 17s
 56500K .......... .......... .......... .......... .......... 23%  117M 17s
 56550K .......... .......... .......... .......... .......... 23%  117M 17s
 56600K .......... .......... .......... .......... .......... 23%  115M 17s
 56650K .......... .......... .......... .......... .......... 23%  117M 17s
 56700K .......... .......... .......... .......... .......... 23%  117M 17s
 84350K .......... .......... .......... .......... .......... 34% 1.27M 12s
 56750K .......... .......... .......... .......... .......... 23%  864K 17s
 56800K .......... .......... .......... .......... .......... 23% 90.4M 17s
 56850K .......... .......... .......... .......... .......... 23%  135M 17s
 56900K .......... .......... .......... .......... .......... 23%  117M 17s
 56950K .......... .......... .......... .......... .......... 23%  117M 17s
 57000K .......... .......... .......... .......... .......... 23%  115M 17s
 57050K .......... .......... .......... .......... .......... 23%  117M 17s
 57100K .......... .......... .......... .......... .......... 23%  117M 17s
 84400K .......... .......... .......... .......... .......... 34%  673K 12s
 84450K .......... .......... .......... .......... .......... 34%  117M 12s
 84500K .......... .......... .......... .......... .......... 34%  117M 12s
 84550K .......... .......... .......... .......... .......... 34%  117M 12s
 84600K .......... .......... .......... .......... .......... 34%  114M 12s
 84650K .......... .......... .......... .......... .......... 34% 14.7M 12s
 84700K .......... .......... .......... .......... .......... 34%  130M 12s
 84750K .......... .......... .......... .......... .......... 35%  114M 12s
 84800K .......... .......... .......... .......... .......... 35% 90.5M 12s
 84850K .......... .......... .......... .......... .......... 35%  113M 12s
 84900K .......... .......... .......... .......... .......... 35%  118M 12s
 84950K .......... .......... .......... .......... .......... 35%  115M 12s
 85000K .......... .......... .......... .......... .......... 35%  114M 12s
 85050K .......... .......... .......... .......... .......... 35%  118M 12s
 85100K .......... .......... .......... .......... .......... 35%  116M 12s
 85150K .......... .......... .......... .......... .......... 35%  117M 12s
 85200K .......... .......... .......... .......... .......... 35% 33.5M 12s
 85250K .......... .......... .......... .......... .......... 35% 51.3M 12s
 85300K .......... .......... .......... .......... .......... 35%  101M 12s
 85350K .......... .......... .......... .......... .......... 35% 9.91M 12s
 85400K .......... .......... .......... .......... .......... 35%  155M 12s
 85450K .......... .......... .......... .......... .......... 35% 33.0M 12s
 85500K .......... .......... .......... .......... .......... 35% 3.26M 12s
 85550K .......... .......... .......... .......... .......... 35%  116M 12s
 85600K .......... .......... .......... .......... .......... 35% 86.3M 12s
 85650K .......... .......... .......... .......... .......... 35%  117M 12s
 85700K .......... .......... .......... .......... .......... 35% 93.6M 12s
 85750K .......... .......... .......... .......... .......... 35% 8.00M 12s
 85800K .......... .......... .......... .......... .......... 35% 76.5M 12s
 85850K .......... .......... .......... .......... .......... 35%  116M 12s
 85900K .......... .......... .......... .......... .......... 35% 79.4M 12s
 85950K .......... .......... .......... .......... .......... 35%  111M 12s
 86000K .......... .......... .......... .......... .......... 35% 14.2M 12s
 86050K .......... .......... .......... .......... .......... 35% 14.4M 12s
 86100K .......... .......... .......... .......... .......... 35%  117M 12s
 86150K .......... .......... .......... .......... .......... 35%  117M 12s
 86200K .......... .......... .......... .......... .......... 35%  113M 12s
 86250K .......... .......... .......... .......... .......... 35%  118M 12s
 86300K .......... .......... .......... .......... .......... 35%  118M 12s
 86350K .......... .......... .......... .......... .......... 35%  112M 12s
 86400K .......... .......... .......... .......... .......... 35% 88.7M 12s
 86450K .......... .......... .......... .......... .......... 35%  118M 12s
 86500K .......... .......... .......... .......... .......... 35%  118M 12s
 86550K .......... .......... .......... .......... .......... 35%  116M 12s
 86600K .......... .......... .......... .......... .......... 35%  114M 11s
 86650K .......... .......... .......... .......... .......... 35%  118M 11s
 86700K .......... .......... .......... .......... .......... 35%  115M 11s
 86750K .......... .......... .......... .......... .......... 35%  118M 11s
 86800K .......... .......... .......... .......... .......... 35% 87.1M 11s
 86850K .......... .......... .......... .......... .......... 35%  117M 11s
 86900K .......... .......... .......... .......... .......... 35% 19.8M 11s
 86950K .......... .......... .......... .......... .......... 35% 37.2M 11s
 87000K .......... .......... .......... .......... .......... 35% 74.6M 11s
 87050K .......... .......... .......... .......... .......... 35%  117M 11s
 87100K .......... .......... .......... .......... .......... 35% 97.8M 11s
 87150K .......... .......... .......... .......... .......... 35%  104M 11s
 87200K .......... .......... .......... .......... .......... 36% 18.9M 11s
 87250K .......... .......... .......... .......... .......... 36% 40.3M 11s
 87300K .......... .......... .......... .......... .......... 36%  118M 11s
 87350K .......... .......... .......... .......... .......... 36%  106M 11s
 57150K .......... .......... .......... .......... .......... 23%  534K 18s
 57200K .......... .......... .......... .......... .......... 23%  125M 18s
 57250K .......... .......... .......... .......... .......... 23%  118M 18s
 57300K .......... .......... .......... .......... .......... 23%  117M 18s
 57350K .......... .......... .......... .......... .......... 23%  117M 18s
 57400K .......... .......... .......... .......... .......... 23%  117M 17s
 57450K .......... .......... .......... .......... .......... 23%  115M 17s
 57500K .......... .......... .......... .......... .......... 23% 64.7M 17s
 57550K .......... .......... .......... .......... .......... 23% 73.3M 17s
 57600K .......... .......... .......... .......... .......... 23% 87.1M 17s
 57650K .......... .......... .......... .......... .......... 23%  117M 17s
 57700K .......... .......... .......... .......... .......... 23%  117M 17s
 57750K .......... .......... .......... .......... .......... 23%  117M 17s
 57800K .......... .......... .......... .......... .......... 23%  115M 17s
 57850K .......... .......... .......... .......... .......... 23%  117M 17s
 57900K .......... .......... .......... .......... .......... 23%  117M 17s
 57950K .......... .......... .......... .......... .......... 23% 19.1M 17s
 58000K .......... .......... .......... .......... .......... 23% 86.2M 17s
 58050K .......... .......... .......... .......... .......... 23%  117M 17s
 58100K .......... .......... .......... .......... .......... 24%  110M 17s
 58150K .......... .......... .......... .......... .......... 24%  117M 17s
 58200K .......... .......... .......... .......... .......... 24%  115M 17s
 58250K .......... .......... .......... .......... .......... 24%  103M 17s
 58300K .......... .......... .......... .......... .......... 24%  117M 17s
 58350K .......... .......... .......... .......... .......... 24%  117M 17s
 58400K .......... .......... .......... .......... .......... 24% 16.4M 17s
 58450K .......... .......... .......... .......... .......... 24%  117M 17s
 58500K .......... .......... .......... .......... .......... 24%  117M 17s
 58550K .......... .......... .......... .......... .......... 24% 16.7M 17s
 58600K .......... .......... .......... .......... .......... 24%  125M 17s
 58650K .......... .......... .......... .......... .......... 24%  117M 17s
 58700K .......... .......... .......... .......... .......... 24%  116M 17s
 58750K .......... .......... .......... .......... .......... 24%  114M 17s
 58800K .......... .......... .......... .......... .......... 24% 88.6M 17s
 58850K .......... .......... .......... .......... .......... 24%  117M 17s
 58900K .......... .......... .......... .......... .......... 24%  115M 17s
 58950K .......... .......... .......... .......... .......... 24%  117M 17s
 59000K .......... .......... .......... .......... .......... 24%  115M 17s
 59050K .......... .......... .......... .......... .......... 24%  117M 17s
 59100K .......... .......... .......... .......... .......... 24%  117M 17s
 59150K .......... .......... .......... .......... .......... 24%  117M 17s
 59200K .......... .......... .......... .......... .......... 24% 88.8M 17s
 59250K .......... .......... .......... .......... .......... 24%  117M 17s
 59300K .......... .......... .......... .......... .......... 24%  117M 17s
 59350K .......... .......... .......... .......... .......... 24%  117M 17s
 59400K .......... .......... .......... .......... .......... 24%  115M 17s
 59450K .......... .......... .......... .......... .......... 24%  117M 17s
 59500K .......... .......... .......... .......... .......... 24%  117M 17s
 59550K .......... .......... .......... .......... .......... 24%  117M 17s
 59600K .......... .......... .......... .......... .......... 24% 89.0M 17s
 87400K .......... .......... .......... .......... .......... 36% 1.20M 11s
 59650K .......... .......... .......... .......... .......... 24%  899K 17s
 59700K .......... .......... .......... .......... .......... 24%  251M 17s
 59750K .......... .......... .......... .......... .......... 24%  116M 17s
 59800K .......... .......... .......... .......... .......... 24%  123M 17s
 59850K .......... .......... .......... .......... .......... 24%  120M 17s
 59900K .......... .......... .......... .......... .......... 24%  115M 17s
 59950K .......... .......... .......... .......... .......... 24%  118M 17s
 60000K .......... .......... .......... .......... .......... 24% 87.1M 17s
 87450K .......... .......... .......... .......... .......... 36%  697K 12s
 87500K .......... .......... .......... .......... .......... 36% 95.9M 12s
 87550K .......... .......... .......... .......... .......... 36% 84.9M 12s
 87600K .......... .......... .......... .......... .......... 36% 88.7M 12s
 87650K .......... .......... .......... .......... .......... 36%  117M 12s
 87700K .......... .......... .......... .......... .......... 36% 7.68M 12s
 87750K .......... .......... .......... .......... .......... 36%  131M 11s
 87800K .......... .......... .......... .......... .......... 36%  115M 11s
 87850K .......... .......... .......... .......... .......... 36%  117M 11s
 87900K .......... .......... .......... .......... .......... 36%  110M 11s
 87950K .......... .......... .......... .......... .......... 36%  125M 11s
 88000K .......... .......... .......... .......... .......... 36% 85.3M 11s
 88050K .......... .......... .......... .......... .......... 36%  121M 11s
 88100K .......... .......... .......... .......... .......... 36%  115M 11s
 88150K .......... .......... .......... .......... .......... 36%  117M 11s
 88200K .......... .......... .......... .......... .......... 36%  113M 11s
 88250K .......... .......... .......... .......... .......... 36%  117M 11s
 88300K .......... .......... .......... .......... .......... 36%  115M 11s
 88350K .......... .......... .......... .......... .......... 36%  117M 11s
 88400K .......... .......... .......... .......... .......... 36% 15.6M 11s
 88450K .......... .......... .......... .......... .......... 36% 26.6M 11s
 88500K .......... .......... .......... .......... .......... 36%  117M 11s
 88550K .......... .......... .......... .......... .......... 36% 3.34M 11s
 88600K .......... .......... .......... .......... .......... 36% 70.5M 11s
 88650K .......... .......... .......... .......... .......... 36%  117M 11s
 88700K .......... .......... .......... .......... .......... 36%  115M 11s
 88750K .......... .......... .......... .......... .......... 36% 95.1M 11s
 88800K .......... .......... .......... .......... .......... 36% 8.23M 11s
 88850K .......... .......... .......... .......... .......... 36% 71.4M 11s
 88900K .......... .......... .......... .......... .......... 36% 55.4M 11s
 88950K .......... .......... .......... .......... .......... 36%  116M 11s
 89000K .......... .......... .......... .......... .......... 36%  114M 11s
 89050K .......... .......... .......... .......... .......... 36% 16.1M 11s
 89100K .......... .......... .......... .......... .......... 36% 14.0M 11s
 89150K .......... .......... .......... .......... .......... 36% 79.0M 11s
 89200K .......... .......... .......... .......... .......... 36% 13.1M 11s
 89250K .......... .......... .......... .......... .......... 36%  183M 11s
 89300K .......... .......... .......... .......... .......... 36%  118M 11s
 89350K .......... .......... .......... .......... .......... 36%  116M 11s
 89400K .......... .......... .......... .......... .......... 36%  111M 11s
 89450K .......... .......... .......... .......... .......... 36%  119M 11s
 89500K .......... .......... .......... .......... .......... 36%  116M 11s
 89550K .......... .......... .......... .......... .......... 36%  113M 11s
 89600K .......... .......... .......... .......... .......... 37% 91.4M 11s
 89650K .......... .......... .......... .......... .......... 37%  113M 11s
 89700K .......... .......... .......... .......... .......... 37%  118M 11s
 89750K .......... .......... .......... .......... .......... 37%  116M 11s
 89800K .......... .......... .......... .......... .......... 37%  115M 11s
 89850K .......... .......... .......... .......... .......... 37%  117M 11s
 89900K .......... .......... .......... .......... .......... 37%  117M 11s
 89950K .......... .......... .......... .......... .......... 37%  116M 11s
 90000K .......... .......... .......... .......... .......... 37% 88.9M 11s
 90050K .......... .......... .......... .......... .......... 37% 83.2M 11s
 90100K .......... .......... .......... .......... .......... 37% 99.7M 11s
 90150K .......... .......... .......... .......... .......... 37%  117M 11s
 90200K .......... .......... .......... .......... .......... 37%  104M 11s
 90250K .......... .......... .......... .......... .......... 37% 27.3M 11s
 90300K .......... .......... .......... .......... .......... 37% 25.6M 11s
 90350K .......... .......... .......... .......... .......... 37%  112M 11s
 90400K .......... .......... .......... .......... .......... 37% 89.4M 11s
 60050K .......... .......... .......... .......... .......... 24%  535K 17s
 60100K .......... .......... .......... .......... .......... 24%  121M 17s
 60150K .......... .......... .......... .......... .......... 24% 13.6M 17s
 60200K .......... .......... .......... .......... .......... 24%  129M 17s
 60250K .......... .......... .......... .......... .......... 24%  117M 17s
 60300K .......... .......... .......... .......... .......... 24%  119M 17s
 60350K .......... .......... .......... .......... .......... 24%  116M 17s
 60400K .......... .......... .......... .......... .......... 24% 86.8M 17s
 60450K .......... .......... .......... .......... .......... 24%  121M 17s
 60500K .......... .......... .......... .......... .......... 24%  116M 17s
 60550K .......... .......... .......... .......... .......... 25%  113M 17s
 60600K .......... .......... .......... .......... .......... 25%  116M 17s
 60650K .......... .......... .......... .......... .......... 25%  115M 17s
 60700K .......... .......... .......... .......... .......... 25%  119M 17s
 60750K .......... .......... .......... .......... .......... 25%  117M 17s
 60800K .......... .......... .......... .......... .......... 25% 88.9M 17s
 60850K .......... .......... .......... .......... .......... 25%  117M 17s
 60900K .......... .......... .......... .......... .......... 25%  117M 17s
 60950K .......... .......... .......... .......... .......... 25%  117M 17s
 61000K .......... .......... .......... .......... .......... 25%  115M 17s
 61050K .......... .......... .......... .......... .......... 25%  116M 17s
 61100K .......... .......... .......... .......... .......... 25%  117M 17s
 61150K .......... .......... .......... .......... .......... 25%  117M 17s
 61200K .......... .......... .......... .......... .......... 25% 89.2M 17s
 61250K .......... .......... .......... .......... .......... 25% 21.4M 17s
 61300K .......... .......... .......... .......... .......... 25% 76.5M 17s
 61350K .......... .......... .......... .......... .......... 25%  117M 17s
 61400K .......... .......... .......... .......... .......... 25% 65.2M 17s
 61450K .......... .......... .......... .......... .......... 25% 19.8M 17s
 61500K .......... .......... .......... .......... .......... 25% 92.2M 17s
 61550K .......... .......... .......... .......... .......... 25%  116M 17s
 61600K .......... .......... .......... .......... .......... 25% 87.3M 17s
 61650K .......... .......... .......... .......... .......... 25%  117M 16s
 61700K .......... .......... .......... .......... .......... 25%  117M 16s
 61750K .......... .......... .......... .......... .......... 25%  117M 16s
 61800K .......... .......... .......... .......... .......... 25%  115M 16s
 61850K .......... .......... .......... .......... .......... 25% 16.4M 16s
 61900K .......... .......... .......... .......... .......... 25%  117M 16s
 61950K .......... .......... .......... .......... .......... 25%  119M 16s
 62000K .......... .......... .......... .......... .......... 25% 87.0M 16s
 62050K .......... .......... .......... .......... .......... 25%  117M 16s
 62100K .......... .......... .......... .......... .......... 25%  117M 16s
 62150K .......... .......... .......... .......... .......... 25%  117M 16s
 62200K .......... .......... .......... .......... .......... 25%  115M 16s
 62250K .......... .......... .......... .......... .......... 25%  116M 16s
 62300K .......... .......... .......... .......... .......... 25%  117M 16s
 62350K .......... .......... .......... .......... .......... 25%  117M 16s
 62400K .......... .......... .......... .......... .......... 25% 89.1M 16s
 62450K .......... .......... .......... .......... .......... 25%  117M 16s
 62500K .......... .......... .......... .......... .......... 25%  117M 16s
 62550K .......... .......... .......... .......... .......... 25%  117M 16s
 90450K .......... .......... .......... .......... .......... 37% 1.12M 11s
 62600K .......... .......... .......... .......... .......... 25% 1.31M 16s
 62650K .......... .......... .......... .......... .......... 25% 3.09M 16s
 62700K .......... .......... .......... .......... .......... 25%  138M 16s
 62750K .......... .......... .......... .......... .......... 25%  114M 16s
 62800K .......... .......... .......... .......... .......... 25% 89.0M 16s
 62850K .......... .......... .......... .......... .......... 25%  117M 16s
 62900K .......... .......... .......... .......... .......... 25%  117M 16s
 62950K .......... .......... .......... .......... .......... 26%  117M 16s
 90500K .......... .......... .......... .......... .......... 37%  725K 11s
 90550K .......... .......... .......... .......... .......... 37% 68.1M 11s
 90600K .......... .......... .......... .......... .......... 37%  116M 11s
 90650K .......... .......... .......... .......... .......... 37%  111M 11s
 90700K .......... .......... .......... .......... .......... 37%  119M 11s
 90750K .......... .......... .......... .......... .......... 37% 8.08M 11s
 90800K .......... .......... .......... .......... .......... 37% 60.7M 11s
 90850K .......... .......... .......... .......... .......... 37%  117M 11s
 90900K .......... .......... .......... .......... .......... 37%  115M 11s
 90950K .......... .......... .......... .......... .......... 37% 14.0M 11s
 91000K .......... .......... .......... .......... .......... 37%  115M 11s
 91050K .......... .......... .......... .......... .......... 37%  113M 11s
 91100K .......... .......... .......... .......... .......... 37%  121M 11s
 91150K .......... .......... .......... .......... .......... 37%  112M 11s
 91200K .......... .......... .......... .......... .......... 37% 88.7M 11s
 91250K .......... .......... .......... .......... .......... 37%  118M 11s
 91300K .......... .......... .......... .......... .......... 37%  117M 11s
 91350K .......... .......... .......... .......... .......... 37%  117M 11s
 91400K .......... .......... .......... .......... .......... 37%  114M 11s
 91450K .......... .......... .......... .......... .......... 37%  118M 11s
 91500K .......... .......... .......... .......... .......... 37% 48.7M 11s
 91550K .......... .......... .......... .......... .......... 37% 3.29M 11s
 91600K .......... .......... .......... .......... .......... 37% 50.1M 11s
 91650K .......... .......... .......... .......... .......... 37%  117M 11s
 91700K .......... .......... .......... .......... .......... 37%  106M 11s
 91750K .......... .......... .......... .......... .......... 37% 78.8M 11s
 91800K .......... .......... .......... .......... .......... 37% 9.15M 11s
 91850K .......... .......... .......... .......... .......... 37% 76.3M 11s
 91900K .......... .......... .......... .......... .......... 37% 61.9M 11s
 91950K .......... .......... .......... .......... .......... 37%  118M 11s
 92000K .......... .......... .......... .......... .......... 37% 42.9M 11s
 92050K .......... .......... .......... .......... .......... 38% 20.5M 11s
 92100K .......... .......... .......... .......... .......... 38% 78.1M 11s
 92150K .......... .......... .......... .......... .......... 38% 13.7M 11s
 92200K .......... .......... .......... .......... .......... 38% 56.1M 11s
 92250K .......... .......... .......... .......... .......... 38% 14.6M 11s
 92300K .......... .......... .......... .......... .......... 38%  153M 11s
 92350K .......... .......... .......... .......... .......... 38% 84.8M 11s
 92400K .......... .......... .......... .......... .......... 38% 79.0M 11s
 92450K .......... .......... .......... .......... .......... 38% 14.4M 11s
 92500K .......... .......... .......... .......... .......... 38%  117M 11s
 92550K .......... .......... .......... .......... .......... 38%  119M 11s
 92600K .......... .......... .......... .......... .......... 38%  114M 11s
 92650K .......... .......... .......... .......... .......... 38%  117M 11s
 92700K .......... .......... .......... .......... .......... 38%  115M 11s
 92750K .......... .......... .......... .......... .......... 38%  117M 11s
 92800K .......... .......... .......... .......... .......... 38% 89.4M 11s
 92850K .......... .......... .......... .......... .......... 38%  114M 11s
 92900K .......... .......... .......... .......... .......... 38%  118M 11s
 92950K .......... .......... .......... .......... .......... 38%  117M 11s
 93000K .......... .......... .......... .......... .......... 38%  113M 11s
 93050K .......... .......... .......... .......... .......... 38%  118M 11s
 93100K .......... .......... .......... .......... .......... 38%  117M 11s
 93150K .......... .......... .......... .......... .......... 38%  115M 11s
 93200K .......... .......... .......... .......... .......... 38% 88.3M 11s
 93250K .......... .......... .......... .......... .......... 38%  117M 11s
 93300K .......... .......... .......... .......... .......... 38%  117M 11s
 93350K .......... .......... .......... .......... .......... 38%  116M 11s
 93400K .......... .......... .......... .......... .......... 38% 82.0M 11s
 63000K .......... .......... .......... .......... .......... 26%  535K 16s
 63050K .......... .......... .......... .......... .......... 26%  162M 16s
 63100K .......... .......... .......... .......... .......... 26% 14.6M 16s
 63150K .......... .......... .......... .......... .......... 26% 84.3M 16s
 63200K .......... .......... .......... .......... .......... 26% 89.1M 16s
 63250K .......... .......... .......... .......... .......... 26%  117M 16s
 63300K .......... .......... .......... .......... .......... 26%  117M 16s
 63350K .......... .......... .......... .......... .......... 26%  117M 16s
 63400K .......... .......... .......... .......... .......... 26%  115M 16s
 63450K .......... .......... .......... .......... .......... 26%  117M 16s
 63500K .......... .......... .......... .......... .......... 26% 14.5M 16s
 63550K .......... .......... .......... .......... .......... 26%  120M 16s
 63600K .......... .......... .......... .......... .......... 26% 88.3M 16s
 63650K .......... .......... .......... .......... .......... 26%  113M 16s
 63700K .......... .......... .......... .......... .......... 26%  115M 16s
 63750K .......... .......... .......... .......... .......... 26%  116M 16s
 63800K .......... .......... .......... .......... .......... 26%  119M 16s
 63850K .......... .......... .......... .......... .......... 26%  115M 16s
 63900K .......... .......... .......... .......... .......... 26%  118M 16s
 63950K .......... .......... .......... .......... .......... 26%  113M 16s
 64000K .......... .......... .......... .......... .......... 26% 88.9M 16s
 64050K .......... .......... .......... .......... .......... 26%  117M 16s
 64100K .......... .......... .......... .......... .......... 26%  117M 16s
 64150K .......... .......... .......... .......... .......... 26%  117M 16s
 64200K .......... .......... .......... .......... .......... 26%  115M 16s
 64250K .......... .......... .......... .......... .......... 26%  117M 16s
 64300K .......... .......... .......... .......... .......... 26%  117M 16s
 64350K .......... .......... .......... .......... .......... 26%  117M 16s
 64400K .......... .......... .......... .......... .......... 26% 22.0M 16s
 64450K .......... .......... .......... .......... .......... 26%  102M 16s
 64500K .......... .......... .......... .......... .......... 26%  115M 16s
 64550K .......... .......... .......... .......... .......... 26%  117M 16s
 64600K .......... .......... .......... .......... .......... 26%  115M 16s
 64650K .......... .......... .......... .......... .......... 26%  117M 16s
 64700K .......... .......... .......... .......... .......... 26%  117M 16s
 64750K .......... .......... .......... .......... .......... 26%  117M 16s
 64800K .......... .......... .......... .......... .......... 26% 15.6M 16s
 64850K .......... .......... .......... .......... .......... 26%  117M 16s
 64900K .......... .......... .......... .......... .......... 26%  117M 16s
 64950K .......... .......... .......... .......... .......... 26%  116M 16s
 65000K .......... .......... .......... .......... .......... 26%  116M 16s
 65050K .......... .......... .......... .......... .......... 26%  117M 16s
 65100K .......... .......... .......... .......... .......... 26%  116M 16s
 65150K .......... .......... .......... .......... .......... 26%  118M 16s
 93450K .......... .......... .......... .......... .......... 38% 1.13M 11s
 93500K .......... .......... .......... .......... .......... 38%  152M 11s
 65200K .......... .......... .......... .......... .......... 26%  896K 16s
 65250K .......... .......... .......... .......... .......... 26%  160M 16s
 65300K .......... .......... .......... .......... .......... 26%  125M 16s
 65350K .......... .......... .......... .......... .......... 26%  128M 16s
 65400K .......... .......... .......... .......... .......... 27%  111M 16s
 65450K .......... .......... .......... .......... .......... 27%  117M 16s
 65500K .......... .......... .......... .......... .......... 27%  116M 16s
 65550K .......... .......... .......... .......... .......... 27%  121M 16s
 65600K .......... .......... .......... .......... .......... 27% 87.6M 16s
 65650K .......... .......... .......... .......... .......... 27%  117M 16s
 65700K .......... .......... .......... .......... .......... 27%  114M 16s
 65750K .......... .......... .......... .......... .......... 27%  115M 16s
 65800K .......... .......... .......... .......... .......... 27%  116M 16s
 65850K .......... .......... .......... .......... .......... 27%  117M 16s
 93550K .......... .......... .......... .......... .......... 38%  725K 11s
 93600K .......... .......... .......... .......... .......... 38% 49.8M 11s
 93650K .......... .......... .......... .......... .......... 38%  110M 11s
 93700K .......... .......... .......... .......... .......... 38%  117M 11s
 93750K .......... .......... .......... .......... .......... 38%  116M 11s
 93800K .......... .......... .......... .......... .......... 38% 8.42M 11s
 93850K .......... .......... .......... .......... .......... 38% 52.4M 11s
 93900K .......... .......... .......... .......... .......... 38%  111M 11s
 93950K .......... .......... .......... .......... .......... 38%  112M 11s
 94000K .......... .......... .......... .......... .......... 38% 14.7M 11s
 94050K .......... .......... .......... .......... .......... 38% 71.1M 11s
 94100K .......... .......... .......... .......... .......... 38% 14.2M 11s
 94150K .......... .......... .......... .......... .......... 38%  116M 11s
 94200K .......... .......... .......... .......... .......... 38%  114M 11s
 94250K .......... .......... .......... .......... .......... 38%  116M 11s
 94300K .......... .......... .......... .......... .......... 38%  115M 11s
 94350K .......... .......... .......... .......... .......... 38%  120M 11s
 94400K .......... .......... .......... .......... .......... 38% 88.8M 11s
 94450K .......... .......... .......... .......... .......... 39%  115M 11s
 94500K .......... .......... .......... .......... .......... 39%  117M 11s
 94550K .......... .......... .......... .......... .......... 39%  119M 11s
 94600K .......... .......... .......... .......... .......... 39%  116M 11s
 94650K .......... .......... .......... .......... .......... 39% 4.00M 11s
 65900K .......... .......... .......... .......... .......... 27%  551K 16s
 94700K .......... .......... .......... .......... .......... 39% 48.0M 11s
 65950K .......... .......... .......... .......... .......... 27%  145M 16s
 94750K .......... .......... .......... .......... .......... 39%  102M 11s
 66000K .......... .......... .......... .......... .......... 27% 15.5M 16s
 94800K .......... .......... .......... .......... .......... 39% 62.9M 11s
 66050K .......... .......... .......... .......... .......... 27% 63.5M 16s
 94850K .......... .......... .......... .......... .......... 39%  117M 11s
 66100K .......... .......... .......... .......... .......... 27%  106M 16s
 94900K .......... .......... .......... .......... .......... 39% 8.88M 11s
 66150K .......... .......... .......... .......... .......... 27%  113M 16s
 94950K .......... .......... .......... .......... .......... 39% 59.8M 11s
 66200K .......... .......... .......... .......... .......... 27%  115M 16s
 95000K .......... .......... .......... .......... .......... 39% 50.4M 11s
 66250K .......... .......... .......... .......... .......... 27%  117M 16s
 95050K .......... .......... .......... .......... .......... 39%  117M 11s
 66300K .......... .......... .......... .......... .......... 27%  117M 16s
 95100K .......... .......... .......... .......... .......... 39% 98.4M 11s
 66350K .......... .......... .......... .......... .......... 27%  117M 16s
 95150K .......... .......... .......... .......... .......... 39% 19.1M 11s
 66400K .......... .......... .......... .......... .......... 27% 14.3M 16s
 95200K .......... .......... .......... .......... .......... 39% 13.4M 11s
 66450K .......... .......... .......... .......... .......... 27%  117M 16s
 95250K .......... .......... .......... .......... .......... 39% 50.5M 11s
 66500K .......... .......... .......... .......... .......... 27%  110M 16s
 95300K .......... .......... .......... .......... .......... 39%  117M 11s
 66550K .......... .......... .......... .......... .......... 27%  117M 16s
 95350K .......... .......... .......... .......... .......... 39% 14.9M 11s
 66600K .......... .......... .......... .......... .......... 27%  115M 16s
 95400K .......... .......... .......... .......... .......... 39% 71.8M 11s
 66650K .......... .......... .......... .......... .......... 27%  117M 16s
 95450K .......... .......... .......... .......... .......... 39%  114M 11s
 66700K .......... .......... .......... .......... .......... 27%  115M 16s
 95500K .......... .......... .......... .......... .......... 39% 17.4M 11s
 66750K .......... .......... .......... .......... .......... 27%  119M 16s
 95550K .......... .......... .......... .......... .......... 39% 52.7M 11s
 66800K .......... .......... .......... .......... .......... 27% 87.0M 16s
 95600K .......... .......... .......... .......... .......... 39% 14.0M 11s
 66850K .......... .......... .......... .......... .......... 27%  117M 16s
 95650K .......... .......... .......... .......... .......... 39%  119M 11s
 66900K .......... .......... .......... .......... .......... 27% 15.2M 16s
 95700K .......... .......... .......... .......... .......... 39%  118M 11s
 66950K .......... .......... .......... .......... .......... 27%  129M 16s
 95750K .......... .......... .......... .......... .......... 39%  115M 11s
 67000K .......... .......... .......... .......... .......... 27%  119M 16s
 95800K .......... .......... .......... .......... .......... 39%  114M 11s
 67050K .......... .......... .......... .......... .......... 27%  113M 16s
 95850K .......... .......... .......... .......... .......... 39%  114M 11s
 67100K .......... .......... .......... .......... .......... 27%  120M 16s
 95900K .......... .......... .......... .......... .......... 39%  118M 11s
 67150K .......... .......... .......... .......... .......... 27%  115M 16s
 95950K .......... .......... .......... .......... .......... 39%  120M 11s
 67200K .......... .......... .......... .......... .......... 27% 87.2M 16s
 96000K .......... .......... .......... .......... .......... 39% 87.9M 11s
 67250K .......... .......... .......... .......... .......... 27%  117M 16s
 96050K .......... .......... .......... .......... .......... 39%  114M 11s
 67300K .......... .......... .......... .......... .......... 27%  117M 16s
 96100K .......... .......... .......... .......... .......... 39%  117M 11s
 67350K .......... .......... .......... .......... .......... 27%  117M 16s
 96150K .......... .......... .......... .......... .......... 39%  117M 11s
 67400K .......... .......... .......... .......... .......... 27%  115M 16s
 96200K .......... .......... .......... .......... .......... 39%  115M 11s
 67450K .......... .......... .......... .......... .......... 27%  116M 16s
 96250K .......... .......... .......... .......... .......... 39%  117M 11s
 67500K .......... .......... .......... .......... .......... 27%  118M 16s
 96300K .......... .......... .......... .......... .......... 39%  117M 11s
 67550K .......... .......... .......... .......... .......... 27%  117M 15s
 96350K .......... .......... .......... .......... .......... 39%  115M 11s
 67600K .......... .......... .......... .......... .......... 27% 89.1M 15s
 96400K .......... .......... .......... .......... .......... 39% 90.0M 11s
 67650K .......... .......... .......... .......... .......... 27%  117M 15s
 96450K .......... .......... .......... .......... .......... 39% 1.21M 11s
 67700K .......... .......... .......... .......... .......... 27%  117M 15s
 96500K .......... .......... .......... .......... .......... 39%  117M 11s
 67750K .......... .......... .......... .......... .......... 27% 35.5M 15s
 96550K .......... .......... .......... .......... .......... 39% 12.7M 11s
 67800K .......... .......... .......... .......... .......... 28%  104M 15s
 96600K .......... .......... .......... .......... .......... 39%  764K 11s
 67850K .......... .......... .......... .......... .......... 28%  105M 15s
 96650K .......... .......... .......... .......... .......... 39% 42.6M 11s
 67900K .......... .......... .......... .......... .......... 28%  117M 15s
 96700K .......... .......... .......... .......... .......... 39%  184M 11s
 67950K .......... .......... .......... .......... .......... 28%  117M 15s
 96750K .......... .......... .......... .......... .......... 39%  114M 11s
 68000K .......... .......... .......... .......... .......... 28% 87.0M 15s
 68050K .......... .......... .......... .......... .......... 28%  117M 15s
 68100K .......... .......... .......... .......... .......... 28%  117M 15s
 68150K .......... .......... .......... .......... .......... 28%  117M 15s
 68200K .......... .......... .......... .......... .......... 28%  898K 15s
 68250K .......... .......... .......... .......... .......... 28%  134M 15s
 68300K .......... .......... .......... .......... .......... 28%  167M 15s
 68350K .......... .......... .......... .......... .......... 28%  118M 15s
 68400K .......... .......... .......... .......... .......... 28% 13.6M 15s
 68450K .......... .......... .......... .......... .......... 28%  117M 15s
 68500K .......... .......... .......... .......... .......... 28%  118M 15s
 68550K .......... .......... .......... .......... .......... 28%  116M 15s
 68600K .......... .......... .......... .......... .......... 28%  114M 15s
 68650K .......... .......... .......... .......... .......... 28%  116M 15s
 68700K .......... .......... .......... .......... .......... 28%  117M 15s
 68750K .......... .......... .......... .......... .......... 28%  117M 15s
 68800K .......... .......... .......... .......... .......... 28% 89.1M 15s
 68850K .......... .......... .......... .......... .......... 28%  117M 15s
 96800K .......... .......... .......... .......... .......... 39% 8.38M 11s
 96850K .......... .......... .......... .......... .......... 39% 45.7M 11s
 96900K .......... .......... .......... .......... .......... 40%  117M 11s
 96950K .......... .......... .......... .......... .......... 40%  117M 11s
 97000K .......... .......... .......... .......... .......... 40% 15.3M 11s
 97050K .......... .......... .......... .......... .......... 40% 65.8M 11s
 97100K .......... .......... .......... .......... .......... 40% 14.0M 11s
 97150K .......... .......... .......... .......... .......... 40%  155M 11s
 97200K .......... .......... .......... .......... .......... 40% 88.3M 11s
 97250K .......... .......... .......... .......... .......... 40% 14.0M 11s
 97300K .......... .......... .......... .......... .......... 40%  117M 11s
 97350K .......... .......... .......... .......... .......... 40%  120M 11s
 97400K .......... .......... .......... .......... .......... 40%  114M 11s
 97450K .......... .......... .......... .......... .......... 40%  113M 11s
 97500K .......... .......... .......... .......... .......... 40%  120M 11s
 97550K .......... .......... .......... .......... .......... 40%  116M 11s
 97600K .......... .......... .......... .......... .......... 40% 87.7M 11s
 97650K .......... .......... .......... .......... .......... 40%  117M 10s
 68900K .......... .......... .......... .......... .......... 28% 1.32M 15s
 97700K .......... .......... .......... .......... .......... 40% 5.34M 10s
 97750K .......... .......... .......... .......... .......... 40% 46.1M 10s
 97800K .......... .......... .......... .......... .......... 40% 92.9M 10s
 97850K .......... .......... .......... .......... .......... 40%  117M 10s
 97900K .......... .......... .......... .......... .......... 40% 81.4M 10s
 97950K .......... .......... .......... .......... .......... 40% 9.07M 10s
 98000K .......... .......... .......... .......... .......... 40% 45.0M 10s
 98050K .......... .......... .......... .......... .......... 40% 54.5M 10s
 98100K .......... .......... .......... .......... .......... 40%  117M 10s
 98150K .......... .......... .......... .......... .......... 40% 93.1M 10s
 98200K .......... .......... .......... .......... .......... 40% 19.8M 10s
 98250K .......... .......... .......... .......... .......... 40% 13.8M 10s
 98300K .......... .......... .......... .......... .......... 40%  118M 10s
 98350K .......... .......... .......... .......... .......... 40% 45.9M 10s
 98400K .......... .......... .......... .......... .......... 40% 14.4M 10s
 98450K .......... .......... .......... .......... .......... 40% 67.5M 10s
 98500K .......... .......... .......... .......... .......... 40%  117M 10s
 98550K .......... .......... .......... .......... .......... 40%  117M 10s
 98600K .......... .......... .......... .......... .......... 40% 7.85M 10s
 98650K .......... .......... .......... .......... .......... 40% 14.0M 10s
 98700K .......... .......... .......... .......... .......... 40%  116M 10s
 98750K .......... .......... .......... .......... .......... 40%  118M 10s
 98800K .......... .......... .......... .......... .......... 40% 87.9M 10s
 98850K .......... .......... .......... .......... .......... 40%  115M 10s
 98900K .......... .......... .......... .......... .......... 40%  118M 10s
 98950K .......... .......... .......... .......... .......... 40%  115M 10s
 99000K .......... .......... .......... .......... .......... 40%  118M 10s
 99050K .......... .......... .......... .......... .......... 40%  115M 10s
 99100K .......... .......... .......... .......... .......... 40%  116M 10s
 99150K .......... .......... .......... .......... .......... 40%  119M 10s
 99200K .......... .......... .......... .......... .......... 40% 87.1M 10s
 99250K .......... .......... .......... .......... .......... 40%  116M 10s
 99300K .......... .......... .......... .......... .......... 41%  117M 10s
 99350K .......... .......... .......... .......... .......... 41%  117M 10s
 99400K .......... .......... .......... .......... .......... 41%  114M 10s
 99450K .......... .......... .......... .......... .......... 41%  117M 10s
 68950K .......... .......... .......... .......... .......... 28%  988K 15s
 69000K .......... .......... .......... .......... .......... 28%  116M 15s
 69050K .......... .......... .......... .......... .......... 28% 14.8M 15s
 69100K .......... .......... .......... .......... .......... 28% 93.9M 15s
 69150K .......... .......... .......... .......... .......... 28%  117M 15s
 69200K .......... .......... .......... .......... .......... 28% 88.8M 15s
 69250K .......... .......... .......... .......... .......... 28%  117M 15s
 69300K .......... .......... .......... .......... .......... 28%  117M 15s
 69350K .......... .......... .......... .......... .......... 28%  117M 15s
 69400K .......... .......... .......... .......... .......... 28%  115M 15s
 69450K .......... .......... .......... .......... .......... 28% 15.3M 15s
 69500K .......... .......... .......... .......... .......... 28%  102M 15s
 69550K .......... .......... .......... .......... .......... 28%  117M 15s
 69600K .......... .......... .......... .......... .......... 28% 87.1M 15s
 69650K .......... .......... .......... .......... .......... 28%  117M 15s
 69700K .......... .......... .......... .......... .......... 28%  117M 15s
 69750K .......... .......... .......... .......... .......... 28%  117M 15s
 69800K .......... .......... .......... .......... .......... 28%  114M 15s
 69850K .......... .......... .......... .......... .......... 28%  118M 15s
 69900K .......... .......... .......... .......... .......... 28% 7.38M 15s
 69950K .......... .......... .......... .......... .......... 28%  120M 15s
 70000K .......... .......... .......... .......... .......... 28% 88.2M 15s
 70050K .......... .......... .......... .......... .......... 28%  115M 15s
 70100K .......... .......... .......... .......... .......... 28%  115M 15s
 70150K .......... .......... .......... .......... .......... 28%  119M 15s
 70200K .......... .......... .......... .......... .......... 28%  115M 15s
 70250K .......... .......... .......... .......... .......... 29%  114M 15s
 70300K .......... .......... .......... .......... .......... 29%  115M 15s
 70350K .......... .......... .......... .......... .......... 29%  121M 15s
 70400K .......... .......... .......... .......... .......... 29% 86.5M 15s
 70450K .......... .......... .......... .......... .......... 29%  117M 15s
 70500K .......... .......... .......... .......... .......... 29%  117M 15s
 70550K .......... .......... .......... .......... .......... 29%  117M 15s
 70600K .......... .......... .......... .......... .......... 29%  115M 15s
 70650K .......... .......... .......... .......... .......... 29%  117M 15s
 70700K .......... .......... .......... .......... .......... 29%  117M 15s
 70750K .......... .......... .......... .......... .......... 29%  117M 15s
 70800K .......... .......... .......... .......... .......... 29% 89.2M 15s
 70850K .......... .......... .......... .......... .......... 29%  117M 15s
 70900K .......... .......... .......... .......... .......... 29%  117M 15s
 70950K .......... .......... .......... .......... .......... 29%  116M 15s
 71000K .......... .......... .......... .......... .......... 29%  116M 15s
 71050K .......... .......... .......... .......... .......... 29%  117M 15s
 71100K .......... .......... .......... .......... .......... 29%  117M 15s
 71150K .......... .......... .......... .......... .......... 29%  117M 15s
 71200K .......... .......... .......... .......... .......... 29% 87.0M 15s
 99500K .......... .......... .......... .......... .......... 41% 1.29M 10s
 99550K .......... .......... .......... .......... .......... 41% 13.9M 10s
 71250K .......... .......... .......... .......... .......... 29%  939K 15s
 71300K .......... .......... .......... .......... .......... 29%  107M 15s
 71350K .......... .......... .......... .......... .......... 29%  136M 15s
 71400K .......... .......... .......... .......... .......... 29% 14.9M 15s
 71450K .......... .......... .......... .......... .......... 29% 77.7M 15s
 71500K .......... .......... .......... .......... .......... 29%  117M 15s
 71550K .......... .......... .......... .......... .......... 29% 12.0M 15s
 71600K .......... .......... .......... .......... .......... 29% 94.4M 15s
 71650K .......... .......... .......... .......... .......... 29%  117M 15s
 71700K .......... .......... .......... .......... .......... 29%  118M 15s
 71750K .......... .......... .......... .......... .......... 29%  117M 15s
 71800K .......... .......... .......... .......... .......... 29%  113M 15s
 71850K .......... .......... .......... .......... .......... 29%  117M 15s
 71900K .......... .......... .......... .......... .......... 29%  117M 15s
 99600K .......... .......... .......... .......... .......... 41%  761K 10s
 99650K .......... .......... .......... .......... .......... 41% 51.8M 10s
 99700K .......... .......... .......... .......... .......... 41%  116M 10s
 99750K .......... .......... .......... .......... .......... 41%  117M 10s
 99800K .......... .......... .......... .......... .......... 41% 8.74M 10s
 99850K .......... .......... .......... .......... .......... 41% 48.2M 10s
 99900K .......... .......... .......... .......... .......... 41%  115M 10s
 99950K .......... .......... .......... .......... .......... 41%  101M 10s
100000K .......... .......... .......... .......... .......... 41% 14.6M 10s
100050K .......... .......... .......... .......... .......... 41% 68.3M 10s
100100K .......... .......... .......... .......... .......... 41% 14.0M 10s
100150K .......... .......... .......... .......... .......... 41%  125M 10s
100200K .......... .......... .......... .......... .......... 41%  116M 10s
100250K .......... .......... .......... .......... .......... 41% 14.3M 10s
100300K .......... .......... .......... .......... .......... 41% 14.5M 10s
100350K .......... .......... .......... .......... .......... 41%  127M 10s
100400K .......... .......... .......... .......... .......... 41% 89.2M 10s
100450K .......... .......... .......... .......... .......... 41%  119M 10s
100500K .......... .......... .......... .......... .......... 41%  115M 10s
100550K .......... .......... .......... .......... .......... 41%  116M 10s
100600K .......... .......... .......... .......... .......... 41%  115M 10s
100650K .......... .......... .......... .......... .......... 41%  114M 10s
100700K .......... .......... .......... .......... .......... 41%  116M 10s
 71950K .......... .......... .......... .......... .......... 29% 1.47M 15s
100750K .......... .......... .......... .......... .......... 41% 7.14M 10s
100800K .......... .......... .......... .......... .......... 41% 65.7M 10s
100850K .......... .......... .......... .......... .......... 41%  117M 10s
100900K .......... .......... .......... .......... .......... 41%  100M 10s
100950K .......... .......... .......... .......... .......... 41% 9.72M 10s
101000K .......... .......... .......... .......... .......... 41% 35.6M 10s
101050K .......... .......... .......... .......... .......... 41%  118M 10s
101100K .......... .......... .......... .......... .......... 41% 54.8M 10s
101150K .......... .......... .......... .......... .......... 41%  107M 10s
101200K .......... .......... .......... .......... .......... 41% 22.5M 10s
101250K .......... .......... .......... .......... .......... 41% 15.6M 10s
101300K .......... .......... .......... .......... .......... 41%  116M 10s
101350K .......... .......... .......... .......... .......... 41% 30.5M 10s
101400K .......... .......... .......... .......... .......... 41% 15.9M 10s
101450K .......... .......... .......... .......... .......... 41% 38.5M 10s
101500K .......... .......... .......... .......... .......... 41%  116M 10s
101550K .......... .......... .......... .......... .......... 41%  117M 10s
101600K .......... .......... .......... .......... .......... 41% 21.3M 10s
101650K .......... .......... .......... .......... .......... 41% 6.60M 10s
101700K .......... .......... .......... .......... .......... 41% 14.0M 10s
101750K .......... .......... .......... .......... .......... 42%  122M 10s
101800K .......... .......... .......... .......... .......... 42%  115M 10s
101850K .......... .......... .......... .......... .......... 42%  113M 10s
101900K .......... .......... .......... .......... .......... 42%  121M 10s
101950K .......... .......... .......... .......... .......... 42%  117M 10s
102000K .......... .......... .......... .......... .......... 42% 86.9M 10s
102050K .......... .......... .......... .......... .......... 42%  116M 10s
102100K .......... .......... .......... .......... .......... 42%  120M 10s
102150K .......... .......... .......... .......... .......... 42%  114M 10s
102200K .......... .......... .......... .......... .......... 42%  116M 10s
102250K .......... .......... .......... .......... .......... 42%  117M 10s
102300K .......... .......... .......... .......... .......... 42%  117M 10s
102350K .......... .......... .......... .......... .......... 42%  117M 10s
102400K .......... .......... .......... .......... .......... 42% 87.5M 10s
102450K .......... .......... .......... .......... .......... 42%  117M 10s
102500K .......... .......... .......... .......... .......... 42%  117M 10s
 72000K .......... .......... .......... .......... .......... 29%  983K 15s
 72050K .......... .......... .......... .......... .......... 29% 18.9M 15s
 72100K .......... .......... .......... .......... .......... 29% 49.9M 15s
 72150K .......... .......... .......... .......... .......... 29% 92.4M 15s
 72200K .......... .......... .......... .......... .......... 29%  109M 15s
 72250K .......... .......... .......... .......... .......... 29%  117M 15s
 72300K .......... .......... .......... .......... .......... 29%  108M 15s
 72350K .......... .......... .......... .......... .......... 29%  116M 15s
 72400K .......... .......... .......... .......... .......... 29% 85.8M 15s
 72450K .......... .......... .......... .......... .......... 29% 15.3M 15s
 72500K .......... .......... .......... .......... .......... 29%  106M 15s
 72550K .......... .......... .......... .......... .......... 29%  112M 15s
 72600K .......... .......... .......... .......... .......... 29%  115M 15s
 72650K .......... .......... .......... .......... .......... 30%  104M 15s
 72700K .......... .......... .......... .......... .......... 30%  117M 15s
 72750K .......... .......... .......... .......... .......... 30%  115M 15s
 72800K .......... .......... .......... .......... .......... 30% 89.9M 15s
 72850K .......... .......... .......... .......... .......... 30%  117M 15s
 72900K .......... .......... .......... .......... .......... 30% 4.93M 15s
 72950K .......... .......... .......... .......... .......... 30%  133M 15s
 73000K .......... .......... .......... .......... .......... 30%  114M 15s
 73050K .......... .......... .......... .......... .......... 30%  119M 15s
 73100K .......... .......... .......... .......... .......... 30%  117M 15s
 73150K .......... .......... .......... .......... .......... 30%  116M 15s
 73200K .......... .......... .......... .......... .......... 30% 88.1M 15s
 73250K .......... .......... .......... .......... .......... 30%  114M 15s
 73300K .......... .......... .......... .......... .......... 30%  117M 15s
 73350K .......... .......... .......... .......... .......... 30%  118M 15s
 73400K .......... .......... .......... .......... .......... 30%  116M 15s
 73450K .......... .......... .......... .......... .......... 30%  114M 15s
 73500K .......... .......... .......... .......... .......... 30%  117M 15s
 73550K .......... .......... .......... .......... .......... 30%  117M 15s
 73600K .......... .......... .......... .......... .......... 30% 88.9M 15s
 73650K .......... .......... .......... .......... .......... 30%  117M 15s
 73700K .......... .......... .......... .......... .......... 30%  117M 15s
 73750K .......... .......... .......... .......... .......... 30%  117M 15s
 73800K .......... .......... .......... .......... .......... 30%  115M 15s
 73850K .......... .......... .......... .......... .......... 30%  117M 15s
 73900K .......... .......... .......... .......... .......... 30%  117M 14s
 73950K .......... .......... .......... .......... .......... 30%  117M 14s
 74000K .......... .......... .......... .......... .......... 30% 89.0M 14s
 74050K .......... .......... .......... .......... .......... 30%  117M 14s
 74100K .......... .......... .......... .......... .......... 30%  117M 14s
 74150K .......... .......... .......... .......... .......... 30%  117M 14s
 74200K .......... .......... .......... .......... .......... 30%  115M 14s
 74250K .......... .......... .......... .......... .......... 30%  117M 14s
102550K .......... .......... .......... .......... .......... 42% 1.29M 10s
102600K .......... .......... .......... .......... .......... 42%  113M 10s
102650K .......... .......... .......... .......... .......... 42% 1.16M 10s
 74300K .......... .......... .......... .......... .......... 30% 1001K 15s
 74350K .......... .......... .......... .......... .......... 30%  125M 14s
 74400K .......... .......... .......... .......... .......... 30% 15.9M 14s
 74450K .......... .......... .......... .......... .......... 30% 56.9M 14s
 74500K .......... .......... .......... .......... .......... 30%  109M 14s
 74550K .......... .......... .......... .......... .......... 30%  116M 14s
102700K .......... .......... .......... .......... .......... 42% 2.06M 10s
102750K .......... .......... .......... .......... .......... 42% 50.8M 10s
102800K .......... .......... .......... .......... .......... 42% 89.7M 10s
102850K .......... .......... .......... .......... .......... 42% 8.86M 10s
102900K .......... .......... .......... .......... .......... 42% 44.4M 10s
102950K .......... .......... .......... .......... .......... 42%  117M 10s
103000K .......... .......... .......... .......... .......... 42% 91.0M 10s
103050K .......... .......... .......... .......... .......... 42% 16.1M 10s
103100K .......... .......... .......... .......... .......... 42% 60.5M 10s
103150K .......... .......... .......... .......... .......... 42%  117M 10s
103200K .......... .......... .......... .......... .......... 42% 13.8M 10s
103250K .......... .......... .......... .......... .......... 42% 88.1M 10s
103300K .......... .......... .......... .......... .......... 42% 15.0M 10s
103350K .......... .......... .......... .......... .......... 42% 16.4M 10s
103400K .......... .......... .......... .......... .......... 42% 59.9M 10s
 74600K .......... .......... .......... .......... .......... 30% 1.21M 15s
 74650K .......... .......... .......... .......... .......... 30%  157M 15s
 74700K .......... .......... .......... .......... .......... 30% 15.6M 15s
 74750K .......... .......... .......... .......... .......... 30% 27.1M 14s
 74800K .......... .......... .......... .......... .......... 30% 90.8M 14s
103450K .......... .......... .......... .......... .......... 42% 4.47M 10s
103500K .......... .......... .......... .......... .......... 42%  111M 10s
 74850K .......... .......... .......... .......... .......... 30% 36.7M 14s
 74900K .......... .......... .......... .......... .......... 30% 74.4M 14s
103550K .......... .......... .......... .......... .......... 42% 53.7M 10s
 74950K .......... .......... .......... .......... .......... 30% 67.2M 14s
103600K .......... .......... .......... .......... .......... 42% 41.9M 10s
103650K .......... .......... .......... .......... .......... 42%  118M 10s
103700K .......... .......... .......... .......... .......... 42%  114M 10s
103750K .......... .......... .......... .......... .......... 42%  118M 10s
103800K .......... .......... .......... .......... .......... 42%  113M 10s
103850K .......... .......... .......... .......... .......... 42%  117M 10s
103900K .......... .......... .......... .......... .......... 42%  116M 10s
103950K .......... .......... .......... .......... .......... 42%  118M 10s
104000K .......... .......... .......... .......... .......... 42% 87.3M 10s
104050K .......... .......... .......... .......... .......... 42% 45.8M 10s
104100K .......... .......... .......... .......... .......... 42% 54.8M 10s
104150K .......... .......... .......... .......... .......... 43%  107M 10s
104200K .......... .......... .......... .......... .......... 43%  115M 10s
104250K .......... .......... .......... .......... .......... 43% 26.8M 10s
104300K .......... .......... .......... .......... .......... 43% 15.9M 10s
104350K .......... .......... .......... .......... .......... 43% 33.0M 10s
104400K .......... .......... .......... .......... .......... 43% 14.0M 10s
104450K .......... .......... .......... .......... .......... 43%  143M 10s
104500K .......... .......... .......... .......... .......... 43% 34.9M 10s
104550K .......... .......... .......... .......... .......... 43%  114M 10s
104600K .......... .......... .......... .......... .......... 43% 23.6M 10s
104650K .......... .......... .......... .......... .......... 43%  142M 10s
104700K .......... .......... .......... .......... .......... 43% 11.9M 10s
104750K .......... .......... .......... .......... .......... 43% 7.23M 10s
104800K .......... .......... .......... .......... .......... 43% 63.0M 10s
104850K .......... .......... .......... .......... .......... 43%  101M 10s
104900K .......... .......... .......... .......... .......... 43%  117M 10s
104950K .......... .......... .......... .......... .......... 43%  117M 10s
105000K .......... .......... .......... .......... .......... 43% 14.2M 10s
105050K .......... .......... .......... .......... .......... 43%  117M 10s
105100K .......... .......... .......... .......... .......... 43%  115M 10s
105150K .......... .......... .......... .......... .......... 43%  119M 10s
105200K .......... .......... .......... .......... .......... 43% 87.2M 10s
105250K .......... .......... .......... .......... .......... 43%  118M 10s
105300K .......... .......... .......... .......... .......... 43%  115M 10s
105350K .......... .......... .......... .......... .......... 43%  115M 10s
105400K .......... .......... .......... .......... .......... 43%  114M 10s
105450K .......... .......... .......... .......... .......... 43%  119M 10s
105500K .......... .......... .......... .......... .......... 43%  115M 10s
 75000K .......... .......... .......... .......... .......... 30% 1.14M 15s
 75050K .......... .......... .......... .......... .......... 30%  156M 15s
 75100K .......... .......... .......... .......... .......... 31% 23.6M 15s
 75150K .......... .......... .......... .......... .......... 31%  117M 14s
 75200K .......... .......... .......... .......... .......... 31% 77.9M 14s
 75250K .......... .......... .......... .......... .......... 31%  115M 14s
 75300K .......... .......... .......... .......... .......... 31%  117M 14s
 75350K .......... .......... .......... .......... .......... 31%  107M 14s
 75400K .......... .......... .......... .......... .......... 31%  115M 14s
 75450K .......... .......... .......... .......... .......... 31%  117M 14s
 75500K .......... .......... .......... .......... .......... 31% 15.1M 14s
 75550K .......... .......... .......... .......... .......... 31%  120M 14s
 75600K .......... .......... .......... .......... .......... 31% 85.8M 14s
 75650K .......... .......... .......... .......... .......... 31%  109M 14s
 75700K .......... .......... .......... .......... .......... 31%  116M 14s
 75750K .......... .......... .......... .......... .......... 31%  104M 14s
 75800K .......... .......... .......... .......... .......... 31%  113M 14s
 75850K .......... .......... .......... .......... .......... 31%  115M 14s
 75900K .......... .......... .......... .......... .......... 31%  117M 14s
 75950K .......... .......... .......... .......... .......... 31% 4.96M 14s
 76000K .......... .......... .......... .......... .......... 31% 11.6M 14s
 76050K .......... .......... .......... .......... .......... 31%  117M 14s
 76100K .......... .......... .......... .......... .......... 31%  117M 14s
 76150K .......... .......... .......... .......... .......... 31%  115M 14s
 76200K .......... .......... .......... .......... .......... 31%  115M 14s
 76250K .......... .......... .......... .......... .......... 31%  120M 14s
 76300K .......... .......... .......... .......... .......... 31%  115M 14s
 76350K .......... .......... .......... .......... .......... 31%  113M 14s
 76400K .......... .......... .......... .......... .......... 31% 88.9M 14s
 76450K .......... .......... .......... .......... .......... 31%  116M 14s
 76500K .......... .......... .......... .......... .......... 31%  119M 14s
 76550K .......... .......... .......... .......... .......... 31%  115M 14s
 76600K .......... .......... .......... .......... .......... 31%  116M 14s
 76650K .......... .......... .......... .......... .......... 31%  117M 14s
 76700K .......... .......... .......... .......... .......... 31%  117M 14s
 76750K .......... .......... .......... .......... .......... 31%  117M 14s
 76800K .......... .......... .......... .......... .......... 31% 89.2M 14s
 76850K .......... .......... .......... .......... .......... 31%  117M 14s
 76900K .......... .......... .......... .......... .......... 31%  117M 14s
 76950K .......... .......... .......... .......... .......... 31%  117M 14s
 77000K .......... .......... .......... .......... .......... 31%  115M 14s
 77050K .......... .......... .......... .......... .......... 31%  116M 14s
 77100K .......... .......... .......... .......... .......... 31%  118M 14s
 77150K .......... .......... .......... .......... .......... 31%  117M 14s
 77200K .......... .......... .......... .......... .......... 31% 88.8M 14s
 77250K .......... .......... .......... .......... .......... 31%  117M 14s
105550K .......... .......... .......... .......... .......... 43% 1.27M 10s
105600K .......... .......... .......... .......... .......... 43% 91.6M 10s
105650K .......... .......... .......... .......... .......... 43%  117M 10s
 77300K .......... .......... .......... .......... .......... 31% 1.46M 14s
105700K .......... .......... .......... .......... .......... 43% 1.30M 10s
 77350K .......... .......... .......... .......... .......... 31% 3.68M 14s
 77400K .......... .......... .......... .......... .......... 31%  123M 14s
 77450K .......... .......... .......... .......... .......... 31%  145M 14s
 77500K .......... .......... .......... .......... .......... 32% 14.6M 14s
 77550K .......... .......... .......... .......... .......... 32%  117M 14s
 77600K .......... .......... .......... .......... .......... 32% 87.1M 14s
105750K .......... .......... .......... .......... .......... 43% 1.92M 10s
105800K .......... .......... .......... .......... .......... 43%  121M 10s
105850K .......... .......... .......... .......... .......... 43%  163M 10s
105900K .......... .......... .......... .......... .......... 43% 9.88M 10s
105950K .......... .......... .......... .......... .......... 43% 29.9M 10s
106000K .......... .......... .......... .......... .......... 43% 65.2M 10s
106050K .......... .......... .......... .......... .......... 43% 19.2M 10s
106100K .......... .......... .......... .......... .......... 43% 97.8M 10s
106150K .......... .......... .......... .......... .......... 43% 41.8M 10s
106200K .......... .......... .......... .......... .......... 43% 17.2M 10s
106250K .......... .......... .......... .......... .......... 43% 43.9M 10s
106300K .......... .......... .......... .......... .......... 43%  115M 10s
106350K .......... .......... .......... .......... .......... 43% 18.6M 10s
106400K .......... .......... .......... .......... .......... 43% 12.3M 10s
106450K .......... .......... .......... .......... .......... 43% 4.61M 10s
106500K .......... .......... .......... .......... .......... 43% 49.8M 10s
106550K .......... .......... .......... .......... .......... 43%  116M 10s
106600K .......... .......... .......... .......... .......... 44% 10.7M 10s
106650K .......... .......... .......... .......... .......... 44%  116M 10s
106700K .......... .......... .......... .......... .......... 44%  119M 10s
106750K .......... .......... .......... .......... .......... 44%  117M 10s
106800K .......... .......... .......... .......... .......... 44% 89.2M 10s
106850K .......... .......... .......... .......... .......... 44%  114M 10s
106900K .......... .......... .......... .......... .......... 44%  115M 10s
106950K .......... .......... .......... .......... .......... 44%  121M 10s
107000K .......... .......... .......... .......... .......... 44%  111M 10s
107050K .......... .......... .......... .......... .......... 44%  117M 10s
107100K .......... .......... .......... .......... .......... 44%  118M 10s
107150K .......... .......... .......... .......... .......... 44%  118M 10s
107200K .......... .......... .......... .......... .......... 44% 86.6M 10s
107250K .......... .......... .......... .......... .......... 44%  116M 10s
107300K .......... .......... .......... .......... .......... 44%  119M 10s
107350K .......... .......... .......... .......... .......... 44% 19.5M 10s
107400K .......... .......... .......... .......... .......... 44% 33.0M 10s
107450K .......... .......... .......... .......... .......... 44%  117M 10s
107500K .......... .......... .......... .......... .......... 44% 15.1M 10s
107550K .......... .......... .......... .......... .......... 44% 35.2M 10s
107600K .......... .......... .......... .......... .......... 44% 73.8M 10s
107650K .......... .......... .......... .......... .......... 44% 31.2M 10s
107700K .......... .......... .......... .......... .......... 44% 66.7M 10s
107750K .......... .......... .......... .......... .......... 44% 6.81M 10s
107800K .......... .......... .......... .......... .......... 44% 12.8M 10s
107850K .......... .......... .......... .......... .......... 44% 74.6M 10s
107900K .......... .......... .......... .......... .......... 44%  115M 10s
107950K .......... .......... .......... .......... .......... 44%  100M 10s
108000K .......... .......... .......... .......... .......... 44% 89.0M 10s
108050K .......... .......... .......... .......... .......... 44% 14.3M 10s
108100K .......... .......... .......... .......... .......... 44% 13.8M 10s
108150K .......... .......... .......... .......... .......... 44%  117M 10s
108200K .......... .......... .......... .......... .......... 44%  114M 10s
108250K .......... .......... .......... .......... .......... 44%  114M 10s
108300K .......... .......... .......... .......... .......... 44%  119M 10s
108350K .......... .......... .......... .......... .......... 44%  117M 9s
108400K .......... .......... .......... .......... .......... 44% 88.6M 9s
108450K .......... .......... .......... .......... .......... 44%  118M 9s
108500K .......... .......... .......... .......... .......... 44%  114M 9s
108550K .......... .......... .......... .......... .......... 44%  118M 9s
108600K .......... .......... .......... .......... .......... 44%  115M 9s
 77650K .......... .......... .......... .......... .......... 32%  525K 14s
 77700K .......... .......... .......... .......... .......... 32%  133M 14s
 77750K .......... .......... .......... .......... .......... 32%  117M 14s
 77800K .......... .......... .......... .......... .......... 32%  115M 14s
 77850K .......... .......... .......... .......... .......... 32%  116M 14s
 77900K .......... .......... .......... .......... .......... 32%  117M 14s
 77950K .......... .......... .......... .......... .......... 32%  117M 14s
 78000K .......... .......... .......... .......... .......... 32% 89.1M 14s
 78050K .......... .......... .......... .......... .......... 32%  117M 14s
 78100K .......... .......... .......... .......... .......... 32%  117M 14s
 78150K .......... .......... .......... .......... .......... 32%  117M 14s
 78200K .......... .......... .......... .......... .......... 32%  115M 14s
 78250K .......... .......... .......... .......... .......... 32%  117M 14s
 78300K .......... .......... .......... .......... .......... 32%  117M 14s
 78350K .......... .......... .......... .......... .......... 32%  117M 14s
 78400K .......... .......... .......... .......... .......... 32% 87.0M 14s
 78450K .......... .......... .......... .......... .......... 32%  117M 14s
 78500K .......... .......... .......... .......... .......... 32%  116M 14s
 78550K .......... .......... .......... .......... .......... 32%  118M 14s
 78600K .......... .......... .......... .......... .......... 32%  115M 14s
 78650K .......... .......... .......... .......... .......... 32%  117M 14s
 78700K .......... .......... .......... .......... .......... 32%  117M 14s
 78750K .......... .......... .......... .......... .......... 32%  116M 14s
 78800K .......... .......... .......... .......... .......... 32% 89.1M 14s
 78850K .......... .......... .......... .......... .......... 32%  116M 14s
 78900K .......... .......... .......... .......... .......... 32%  117M 14s
 78950K .......... .......... .......... .......... .......... 32% 12.3M 14s
 79000K .......... .......... .......... .......... .......... 32% 13.2M 14s
 79050K .......... .......... .......... .......... .......... 32% 11.3M 14s
 79100K .......... .......... .......... .......... .......... 32%  119M 14s
 79150K .......... .......... .......... .......... .......... 32% 12.3M 14s
 79200K .......... .......... .......... .......... .......... 32% 87.6M 14s
 79250K .......... .......... .......... .......... .......... 32%  118M 14s
 79300K .......... .......... .......... .......... .......... 32%  117M 14s
 79350K .......... .......... .......... .......... .......... 32%  116M 14s
 79400K .......... .......... .......... .......... .......... 32%  115M 14s
 79450K .......... .......... .......... .......... .......... 32%  115M 14s
 79500K .......... .......... .......... .......... .......... 32%  119M 14s
 79550K .......... .......... .......... .......... .......... 32%  116M 14s
 79600K .......... .......... .......... .......... .......... 32% 88.9M 14s
 79650K .......... .......... .......... .......... .......... 32%  114M 14s
 79700K .......... .......... .......... .......... .......... 32%  117M 14s
 79750K .......... .......... .......... .......... .......... 32%  117M 14s
 79800K .......... .......... .......... .......... .......... 32%  114M 14s
 79850K .......... .......... .......... .......... .......... 32%  119M 14s
 79900K .......... .......... .......... .......... .......... 32%  117M 14s
 79950K .......... .......... .......... .......... .......... 33%  117M 14s
 80000K .......... .......... .......... .......... .......... 33% 88.9M 14s
 80050K .......... .......... .......... .......... .......... 33%  117M 14s
 80100K .......... .......... .......... .......... .......... 33%  117M 14s
 80150K .......... .......... .......... .......... .......... 33%  116M 14s
 80200K .......... .......... .......... .......... .......... 33%  116M 14s
 80250K .......... .......... .......... .......... .......... 33%  117M 14s
 80300K .......... .......... .......... .......... .......... 33%  117M 14s
108650K .......... .......... .......... .......... .......... 44% 1.27M 10s
108700K .......... .......... .......... .......... .......... 44%  115M 9s
 80350K .......... .......... .......... .......... .......... 33%  117M 14s
 80400K .......... .......... .......... .......... .......... 33% 1.14M 14s
 80450K .......... .......... .......... .......... .......... 33% 97.4M 14s
 80500K .......... .......... .......... .......... .......... 33%  117M 14s
 80550K .......... .......... .......... .......... .......... 33% 15.5M 14s
 80600K .......... .......... .......... .......... .......... 33% 88.3M 14s
 80650K .......... .......... .......... .......... .......... 33%  117M 14s
108750K .......... .......... .......... .......... .......... 44% 1.43M 10s
108800K .......... .......... .......... .......... .......... 44% 1.93M 10s
108850K .......... .......... .......... .......... .......... 44% 86.4M 10s
108900K .......... .......... .......... .......... .......... 44% 87.4M 10s
108950K .......... .......... .......... .......... .......... 44% 9.63M 10s
109000K .......... .......... .......... .......... .......... 45% 34.6M 10s
109050K .......... .......... .......... .......... .......... 45%  118M 10s
109100K .......... .......... .......... .......... .......... 45% 70.4M 10s
109150K .......... .......... .......... .......... .......... 45% 18.5M 10s
109200K .......... .......... .......... .......... .......... 45% 36.4M 10s
109250K .......... .......... .......... .......... .......... 45% 15.9M 9s
109300K .......... .......... .......... .......... .......... 45%  117M 9s
109350K .......... .......... .......... .......... .......... 45% 55.6M 9s
109400K .......... .......... .......... .......... .......... 45% 16.6M 9s
109450K .......... .......... .......... .......... .......... 45% 14.1M 9s
109500K .......... .......... .......... .......... .......... 45%  118M 9s
109550K .......... .......... .......... .......... .......... 45% 4.39M 9s
109600K .......... .......... .......... .......... .......... 45% 6.16M 9s
109650K .......... .......... .......... .......... .......... 45%  119M 9s
109700K .......... .......... .......... .......... .......... 45%  116M 9s
109750K .......... .......... .......... .......... .......... 45%  116M 9s
109800K .......... .......... .......... .......... .......... 45%  113M 9s
109850K .......... .......... .......... .......... .......... 45%  115M 9s
109900K .......... .......... .......... .......... .......... 45%  116M 9s
109950K .......... .......... .......... .......... .......... 45%  118M 9s
110000K .......... .......... .......... .......... .......... 45% 88.6M 9s
110050K .......... .......... .......... .......... .......... 45%  115M 9s
110100K .......... .......... .......... .......... .......... 45%  118M 9s
110150K .......... .......... .......... .......... .......... 45%  117M 9s
110200K .......... .......... .......... .......... .......... 45%  114M 9s
110250K .......... .......... .......... .......... .......... 45%  116M 9s
110300K .......... .......... .......... .......... .......... 45%  118M 9s
110350K .......... .......... .......... .......... .......... 45%  118M 9s
110400K .......... .......... .......... .......... .......... 45% 85.9M 9s
110450K .......... .......... .......... .......... .......... 45%  115M 9s
110500K .......... .......... .......... .......... .......... 45%  116M 9s
110550K .......... .......... .......... .......... .......... 45% 16.2M 9s
110600K .......... .......... .......... .......... .......... 45% 35.0M 9s
110650K .......... .......... .......... .......... .......... 45% 72.0M 9s
110700K .......... .......... .......... .......... .......... 45%  117M 9s
110750K .......... .......... .......... .......... .......... 45% 27.7M 9s
110800K .......... .......... .......... .......... .......... 45% 6.78M 9s
110850K .......... .......... .......... .......... .......... 45% 12.6M 9s
110900K .......... .......... .......... .......... .......... 45% 63.8M 9s
110950K .......... .......... .......... .......... .......... 45%  117M 9s
111000K .......... .......... .......... .......... .......... 45% 94.4M 9s
111050K .......... .......... .......... .......... .......... 45% 82.0M 9s
111100K .......... .......... .......... .......... .......... 45% 21.0M 9s
111150K .......... .......... .......... .......... .......... 45% 42.7M 9s
111200K .......... .......... .......... .......... .......... 45% 13.1M 9s
111250K .......... .......... .......... .......... .......... 45% 83.7M 9s
 80700K .......... .......... .......... .......... .......... 33%  525K 14s
 80750K .......... .......... .......... .......... .......... 33% 12.1M 14s
 80800K .......... .......... .......... .......... .......... 33%  108M 14s
 80850K .......... .......... .......... .......... .......... 33%  115M 14s
 80900K .......... .......... .......... .......... .......... 33%  117M 14s
 80950K .......... .......... .......... .......... .......... 33%  116M 14s
 81000K .......... .......... .......... .......... .......... 33%  112M 14s
 81050K .......... .......... .......... .......... .......... 33%  115M 14s
 81100K .......... .......... .......... .......... .......... 33%  119M 14s
 81150K .......... .......... .......... .......... .......... 33%  117M 14s
 81200K .......... .......... .......... .......... .......... 33% 87.3M 14s
 81250K .......... .......... .......... .......... .......... 33%  117M 14s
 81300K .......... .......... .......... .......... .......... 33%  117M 14s
 81350K .......... .......... .......... .......... .......... 33%  117M 14s
 81400K .......... .......... .......... .......... .......... 33%  115M 14s
 81450K .......... .......... .......... .......... .......... 33%  117M 14s
 81500K .......... .......... .......... .......... .......... 33%  117M 14s
 81550K .......... .......... .......... .......... .......... 33%  117M 14s
 81600K .......... .......... .......... .......... .......... 33% 89.0M 14s
 81650K .......... .......... .......... .......... .......... 33%  117M 14s
 81700K .......... .......... .......... .......... .......... 33%  117M 14s
 81750K .......... .......... .......... .......... .......... 33%  117M 14s
 81800K .......... .......... .......... .......... .......... 33%  115M 14s
 81850K .......... .......... .......... .......... .......... 33%  117M 14s
 81900K .......... .......... .......... .......... .......... 33%  117M 13s
 81950K .......... .......... .......... .......... .......... 33%  117M 13s
 82000K .......... .......... .......... .......... .......... 33% 87.1M 13s
 82050K .......... .......... .......... .......... .......... 33% 13.6M 13s
 82100K .......... .......... .......... .......... .......... 33% 11.4M 13s
 82150K .......... .......... .......... .......... .......... 33%  113M 13s
 82200K .......... .......... .......... .......... .......... 33% 12.4M 13s
 82250K .......... .......... .......... .......... .......... 33%  116M 13s
 82300K .......... .......... .......... .......... .......... 33%  110M 13s
 82350K .......... .......... .......... .......... .......... 34%  110M 13s
 82400K .......... .......... .......... .......... .......... 34% 88.2M 13s
 82450K .......... .......... .......... .......... .......... 34% 12.0M 13s
 82500K .......... .......... .......... .......... .......... 34%  129M 13s
 82550K .......... .......... .......... .......... .......... 34%  117M 13s
 82600K .......... .......... .......... .......... .......... 34%  117M 13s
 82650K .......... .......... .......... .......... .......... 34%  113M 13s
 82700K .......... .......... .......... .......... .......... 34%  119M 13s
 82750K .......... .......... .......... .......... .......... 34%  116M 13s
 82800K .......... .......... .......... .......... .......... 34% 88.2M 13s
 82850K .......... .......... .......... .......... .......... 34%  117M 13s
 82900K .......... .......... .......... .......... .......... 34%  117M 13s
 82950K .......... .......... .......... .......... .......... 34%  114M 13s
 83000K .......... .......... .......... .......... .......... 34%  117M 13s
 83050K .......... .......... .......... .......... .......... 34%  117M 13s
 83100K .......... .......... .......... .......... .......... 34%  117M 13s
 83150K .......... .......... .......... .......... .......... 34%  117M 13s
 83200K .......... .......... .......... .......... .......... 34% 87.0M 13s
 83250K .......... .......... .......... .......... .......... 34%  117M 13s
 83300K .......... .......... .......... .......... .......... 34%  117M 13s
 83350K .......... .......... .......... .......... .......... 34%  117M 13s
 83400K .......... .......... .......... .......... .......... 34%  115M 13s
111300K .......... .......... .......... .......... .......... 45% 1.08M 9s
111350K .......... .......... .......... .......... .......... 45%  116M 9s
111400K .......... .......... .......... .......... .......... 45%  117M 9s
111450K .......... .......... .......... .......... .......... 46%  113M 9s
111500K .......... .......... .......... .......... .......... 46%  120M 9s
111550K .......... .......... .......... .......... .......... 46%  118M 9s
111600K .......... .......... .......... .......... .......... 46% 86.7M 9s
111650K .......... .......... .......... .......... .......... 46%  117M 9s
111700K .......... .......... .......... .......... .......... 46%  118M 9s
111750K .......... .......... .......... .......... .......... 46%  115M 9s
111800K .......... .......... .......... .......... .......... 46% 1.81M 9s
 83450K .......... .......... .......... .......... .......... 34% 1.24M 13s
 83500K .......... .......... .......... .......... .......... 34%  174M 13s
 83550K .......... .......... .......... .......... .......... 34%  123M 13s
 83600K .......... .......... .......... .......... .......... 34% 15.3M 13s
 83650K .......... .......... .......... .......... .......... 34% 90.8M 13s
 83700K .......... .......... .......... .......... .......... 34%  112M 13s
111850K .......... .......... .......... .......... .......... 46% 1.96M 9s
111900K .......... .......... .......... .......... .......... 46% 36.0M 9s
111950K .......... .......... .......... .......... .......... 46%  106M 9s
112000K .......... .......... .......... .......... .......... 46% 9.33M 9s
112050K .......... .......... .......... .......... .......... 46% 32.9M 9s
112100K .......... .......... .......... .......... .......... 46%  117M 9s
112150K .......... .......... .......... .......... .......... 46% 68.7M 9s
112200K .......... .......... .......... .......... .......... 46% 19.2M 9s
112250K .......... .......... .......... .......... .......... 46% 35.5M 9s
112300K .......... .......... .......... .......... .......... 46%  129M 9s
112350K .......... .......... .......... .......... .......... 46% 16.8M 9s
112400K .......... .......... .......... .......... .......... 46% 42.3M 9s
112450K .......... .......... .......... .......... .......... 46% 17.1M 9s
112500K .......... .......... .......... .......... .......... 46% 13.6M 9s
112550K .......... .......... .......... .......... .......... 46%  184M 9s
112600K .......... .......... .......... .......... .......... 46% 4.39M 9s
112650K .......... .......... .......... .......... .......... 46% 6.25M 9s
112700K .......... .......... .......... .......... .......... 46% 98.4M 9s
112750K .......... .......... .......... .......... .......... 46% 13.0M 9s
112800K .......... .......... .......... .......... .......... 46%  128M 9s
112850K .......... .......... .......... .......... .......... 46%  118M 9s
112900K .......... .......... .......... .......... .......... 46%  116M 9s
112950K .......... .......... .......... .......... .......... 46%  115M 9s
113000K .......... .......... .......... .......... .......... 46%  111M 9s
113050K .......... .......... .......... .......... .......... 46%  121M 9s
113100K .......... .......... .......... .......... .......... 46%  115M 9s
113150K .......... .......... .......... .......... .......... 46%  114M 9s
113200K .......... .......... .......... .......... .......... 46% 91.3M 9s
113250K .......... .......... .......... .......... .......... 46%  116M 9s
113300K .......... .......... .......... .......... .......... 46%  116M 9s
113350K .......... .......... .......... .......... .......... 46%  116M 9s
113400K .......... .......... .......... .......... .......... 46%  113M 9s
113450K .......... .......... .......... .......... .......... 46%  115M 9s
113500K .......... .......... .......... .......... .......... 46%  118M 9s
113550K .......... .......... .......... .......... .......... 46%  117M 9s
113600K .......... .......... .......... .......... .......... 46% 89.1M 9s
113650K .......... .......... .......... .......... .......... 46% 62.2M 9s
113700K .......... .......... .......... .......... .......... 46% 64.3M 9s
113750K .......... .......... .......... .......... .......... 46% 31.2M 9s
113800K .......... .......... .......... .......... .......... 46%  132M 9s
113850K .......... .......... .......... .......... .......... 47% 7.10M 9s
113900K .......... .......... .......... .......... .......... 47% 11.3M 9s
113950K .......... .......... .......... .......... .......... 47% 45.3M 9s
114000K .......... .......... .......... .......... .......... 47% 90.3M 9s
114050K .......... .......... .......... .......... .......... 47%  117M 9s
114100K .......... .......... .......... .......... .......... 47% 87.4M 9s
114150K .......... .......... .......... .......... .......... 47% 18.5M 9s
114200K .......... .......... .......... .......... .......... 47%  112M 9s
114250K .......... .......... .......... .......... .......... 47% 12.5M 9s
114300K .......... .......... .......... .......... .......... 47%  117M 9s
 83750K .......... .......... .......... .......... .......... 34%  525K 13s
 83800K .......... .......... .......... .......... .......... 34% 12.3M 13s
 83850K .......... .......... .......... .......... .......... 34% 66.6M 13s
 83900K .......... .......... .......... .......... .......... 34%  117M 13s
 83950K .......... .......... .......... .......... .......... 34%  117M 13s
 84000K .......... .......... .......... .......... .......... 34% 88.9M 13s
 84050K .......... .......... .......... .......... .......... 34%  117M 13s
 84100K .......... .......... .......... .......... .......... 34% 13.2M 13s
 84150K .......... .......... .......... .......... .......... 34%  117M 13s
 84200K .......... .......... .......... .......... .......... 34%  115M 13s
 84250K .......... .......... .......... .......... .......... 34%  117M 13s
 84300K .......... .......... .......... .......... .......... 34%  117M 13s
 84350K .......... .......... .......... .......... .......... 34%  113M 13s
 84400K .......... .......... .......... .......... .......... 34% 89.9M 13s
 84450K .......... .......... .......... .......... .......... 34%  114M 13s
 84500K .......... .......... .......... .......... .......... 34%  117M 13s
 84550K .......... .......... .......... .......... .......... 34%  117M 13s
 84600K .......... .......... .......... .......... .......... 34%  115M 13s
 84650K .......... .......... .......... .......... .......... 34%  120M 13s
 84700K .......... .......... .......... .......... .......... 34%  114M 13s
 84750K .......... .......... .......... .......... .......... 35%  118M 13s
 84800K .......... .......... .......... .......... .......... 35% 89.1M 13s
 84850K .......... .......... .......... .......... .......... 35%  117M 13s
 84900K .......... .......... .......... .......... .......... 35%  117M 13s
 84950K .......... .......... .......... .......... .......... 35%  117M 13s
 85000K .......... .......... .......... .......... .......... 35%  115M 13s
 85050K .......... .......... .......... .......... .......... 35%  117M 13s
 85100K .......... .......... .......... .......... .......... 35%  113M 13s
 85150K .......... .......... .......... .......... .......... 35% 12.6M 13s
 85200K .......... .......... .......... .......... .......... 35% 73.1M 13s
 85250K .......... .......... .......... .......... .......... 35% 12.6M 13s
 85300K .......... .......... .......... .......... .......... 35%  117M 13s
 85350K .......... .......... .......... .......... .......... 35%  117M 13s
 85400K .......... .......... .......... .......... .......... 35%  115M 13s
 85450K .......... .......... .......... .......... .......... 35%  114M 13s
 85500K .......... .......... .......... .......... .......... 35%  117M 13s
 85550K .......... .......... .......... .......... .......... 35% 12.0M 13s
 85600K .......... .......... .......... .......... .......... 35% 86.9M 13s
 85650K .......... .......... .......... .......... .......... 35%  117M 13s
 85700K .......... .......... .......... .......... .......... 35%  117M 13s
 85750K .......... .......... .......... .......... .......... 35% 12.3M 13s
 85800K .......... .......... .......... .......... .......... 35%  116M 13s
 85850K .......... .......... .......... .......... .......... 35%  114M 13s
 85900K .......... .......... .......... .......... .......... 35%  117M 13s
 85950K .......... .......... .......... .......... .......... 35%  115M 13s
 86000K .......... .......... .......... .......... .......... 35% 90.0M 13s
 86050K .......... .......... .......... .......... .......... 35%  114M 13s
 86100K .......... .......... .......... .......... .......... 35%  120M 13s
 86150K .......... .......... .......... .......... .......... 35%  114M 13s
 86200K .......... .......... .......... .......... .......... 35%  115M 13s
 86250K .......... .......... .......... .......... .......... 35%  116M 13s
 86300K .......... .......... .......... .......... .......... 35%  116M 13s
 86350K .......... .......... .......... .......... .......... 35%  120M 13s
 86400K .......... .......... .......... .......... .......... 35% 87.0M 13s
 86450K .......... .......... .......... .......... .......... 35%  117M 13s
114350K .......... .......... .......... .......... .......... 47% 1024K 9s
114400K .......... .......... .......... .......... .......... 47% 89.2M 9s
114450K .......... .......... .......... .......... .......... 47%  117M 9s
 86500K .......... .......... .......... .......... .......... 35% 1.36M 13s
 86550K .......... .......... .......... .......... .......... 35% 86.3M 13s
 86600K .......... .......... .......... .......... .......... 35% 91.9M 13s
 86650K .......... .......... .......... .......... .......... 35% 16.4M 13s
 86700K .......... .......... .......... .......... .......... 35% 52.3M 13s
 86750K .......... .......... .......... .......... .......... 35% 95.8M 13s
114500K .......... .......... .......... .......... .......... 47%  977K 9s
114550K .......... .......... .......... .......... .......... 47%  121M 9s
114600K .......... .......... .......... .......... .......... 47%  111M 9s
114650K .......... .......... .......... .......... .......... 47%  122M 9s
114700K .......... .......... .......... .......... .......... 47%  113M 9s
114750K .......... .......... .......... .......... .......... 47%  118M 9s
114800K .......... .......... .......... .......... .......... 47% 87.3M 9s
114850K .......... .......... .......... .......... .......... 47%  121M 9s
114900K .......... .......... .......... .......... .......... 47%  115M 9s
114950K .......... .......... .......... .......... .......... 47%  117M 9s
115000K .......... .......... .......... .......... .......... 47%  114M 9s
115050K .......... .......... .......... .......... .......... 47% 29.1M 9s
115100K .......... .......... .......... .......... .......... 47% 17.6M 9s
115150K .......... .......... .......... .......... .......... 47%  142M 9s
115200K .......... .......... .......... .......... .......... 47% 54.5M 9s
115250K .......... .......... .......... .......... .......... 47% 22.0M 9s
115300K .......... .......... .......... .......... .......... 47% 31.2M 9s
115350K .......... .......... .......... .......... .......... 47% 34.7M 9s
115400K .......... .......... .......... .......... .......... 47% 29.3M 9s
115450K .......... .......... .......... .......... .......... 47% 38.8M 9s
115500K .......... .......... .......... .......... .......... 47% 18.4M 9s
115550K .......... .......... .......... .......... .......... 47% 21.8M 9s
115600K .......... .......... .......... .......... .......... 47% 4.37M 9s
115650K .......... .......... .......... .......... .......... 47% 28.8M 9s
115700K .......... .......... .......... .......... .......... 47% 6.31M 9s
115750K .......... .......... .......... .......... .......... 47% 64.8M 9s
115800K .......... .......... .......... .......... .......... 47% 14.7M 9s
115850K .......... .......... .......... .......... .......... 47%  110M 9s
115900K .......... .......... .......... .......... .......... 47% 70.1M 9s
115950K .......... .......... .......... .......... .......... 47%  117M 9s
116000K .......... .......... .......... .......... .......... 47% 13.4M 9s
116050K .......... .......... .......... .......... .......... 47%  117M 9s
116100K .......... .......... .......... .......... .......... 47%  115M 9s
116150K .......... .......... .......... .......... .......... 47%  115M 9s
116200K .......... .......... .......... .......... .......... 47%  117M 9s
116250K .......... .......... .......... .......... .......... 48%  113M 9s
116300K .......... .......... .......... .......... .......... 48%  120M 9s
116350K .......... .......... .......... .......... .......... 48%  113M 9s
116400K .......... .......... .......... .......... .......... 48% 90.0M 9s
116450K .......... .......... .......... .......... .......... 48%  114M 9s
116500K .......... .......... .......... .......... .......... 48%  120M 9s
116550K .......... .......... .......... .......... .......... 48%  113M 9s
116600K .......... .......... .......... .......... .......... 48%  118M 9s
116650K .......... .......... .......... .......... .......... 48%  116M 9s
116700K .......... .......... .......... .......... .......... 48%  117M 9s
116750K .......... .......... .......... .......... .......... 48%  116M 9s
116800K .......... .......... .......... .......... .......... 48% 89.2M 9s
116850K .......... .......... .......... .......... .......... 48% 24.5M 9s
116900K .......... .......... .......... .......... .......... 48% 6.97M 9s
116950K .......... .......... .......... .......... .......... 48%  142M 9s
117000K .......... .......... .......... .......... .......... 48% 26.6M 9s
117050K .......... .......... .......... .......... .......... 48% 82.6M 9s
117100K .......... .......... .......... .......... .......... 48% 83.6M 9s
117150K .......... .......... .......... .......... .......... 48%  117M 9s
117200K .......... .......... .......... .......... .......... 48% 27.1M 9s
117250K .......... .......... .......... .......... .......... 48% 10.5M 9s
117300K .......... .......... .......... .......... .......... 48% 74.6M 9s
 86800K .......... .......... .......... .......... .......... 35%  527K 13s
 86850K .......... .......... .......... .......... .......... 35% 14.6M 13s
 86900K .......... .......... .......... .......... .......... 35% 50.4M 13s
 86950K .......... .......... .......... .......... .......... 35%  115M 13s
 87000K .......... .......... .......... .......... .......... 35%  115M 13s
 87050K .......... .......... .......... .......... .......... 35%  109M 13s
 87100K .......... .......... .......... .......... .......... 35%  119M 13s
 87150K .......... .......... .......... .......... .......... 35% 13.9M 13s
 87200K .......... .......... .......... .......... .......... 36% 70.1M 13s
 87250K .......... .......... .......... .......... .......... 36%  115M 13s
 87300K .......... .......... .......... .......... .......... 36%  114M 13s
 87350K .......... .......... .......... .......... .......... 36%  113M 13s
 87400K .......... .......... .......... .......... .......... 36%  116M 13s
 87450K .......... .......... .......... .......... .......... 36% 12.0M 13s
 87500K .......... .......... .......... .......... .......... 36%  120M 13s
 87550K .......... .......... .......... .......... .......... 36%  117M 13s
 87600K .......... .......... .......... .......... .......... 36% 88.1M 13s
 87650K .......... .......... .......... .......... .......... 36%  113M 13s
 87700K .......... .......... .......... .......... .......... 36%  120M 13s
 87750K .......... .......... .......... .......... .......... 36%  113M 13s
 87800K .......... .......... .......... .......... .......... 36%  116M 13s
 87850K .......... .......... .......... .......... .......... 36%  117M 13s
 87900K .......... .......... .......... .......... .......... 36%  117M 13s
 87950K .......... .......... .......... .......... .......... 36%  117M 13s
 88000K .......... .......... .......... .......... .......... 36% 87.9M 13s
 88050K .......... .......... .......... .......... .......... 36%  117M 13s
 88100K .......... .......... .......... .......... .......... 36%  117M 13s
 88150K .......... .......... .......... .......... .......... 36%  117M 13s
 88200K .......... .......... .......... .......... .......... 36%  116M 13s
 88250K .......... .......... .......... .......... .......... 36%  116M 13s
 88300K .......... .......... .......... .......... .......... 36% 13.1M 13s
 88350K .......... .......... .......... .......... .......... 36%  116M 13s
 88400K .......... .......... .......... .......... .......... 36% 88.5M 13s
 88450K .......... .......... .......... .......... .......... 36% 84.2M 13s
 88500K .......... .......... .......... .......... .......... 36%  117M 13s
 88550K .......... .......... .......... .......... .......... 36% 13.7M 13s
 88600K .......... .......... .......... .......... .......... 36% 58.5M 13s
 88650K .......... .......... .......... .......... .......... 36%  117M 13s
 88700K .......... .......... .......... .......... .......... 36%  115M 13s
 88750K .......... .......... .......... .......... .......... 36%  117M 13s
117350K .......... .......... .......... .......... .......... 48% 1.21M 9s
 88800K .......... .......... .......... .......... .......... 36% 12.5M 13s
 88850K .......... .......... .......... .......... .......... 36% 79.3M 13s
 88900K .......... .......... .......... .......... .......... 36%  104M 13s
 88950K .......... .......... .......... .......... .......... 36%  117M 13s
 89000K .......... .......... .......... .......... .......... 36%  115M 13s
 89050K .......... .......... .......... .......... .......... 36%  117M 13s
 89100K .......... .......... .......... .......... .......... 36% 12.1M 13s
 89150K .......... .......... .......... .......... .......... 36%  117M 13s
 89200K .......... .......... .......... .......... .......... 36% 87.8M 13s
 89250K .......... .......... .......... .......... .......... 36%  117M 12s
 89300K .......... .......... .......... .......... .......... 36%  117M 12s
117400K .......... .......... .......... .......... .......... 48% 4.71M 9s
 89350K .......... .......... .......... .......... .......... 36% 77.3M 12s
 89400K .......... .......... .......... .......... .......... 36%  114M 12s
 89450K .......... .......... .......... .......... .......... 36%  118M 12s
 89500K .......... .......... .......... .......... .......... 36%  118M 12s
117450K .......... .......... .......... .......... .......... 48% 22.4M 9s
117500K .......... .......... .......... .......... .......... 48%  115M 9s
 89550K .......... .......... .......... .......... .......... 36% 1.53M 12s
 89600K .......... .......... .......... .......... .......... 37% 67.1M 12s
 89650K .......... .......... .......... .......... .......... 37% 22.3M 12s
 89700K .......... .......... .......... .......... .......... 37% 32.0M 12s
 89750K .......... .......... .......... .......... .......... 37% 60.6M 12s
 89800K .......... .......... .......... .......... .......... 37%  103M 12s
117550K .......... .......... .......... .......... .......... 48% 1.02M 9s
117600K .......... .......... .......... .......... .......... 48% 80.2M 9s
117650K .......... .......... .......... .......... .......... 48%  101M 9s
117700K .......... .......... .......... .......... .......... 48%  117M 9s
117750K .......... .......... .......... .......... .......... 48% 8.52M 9s
117800K .......... .......... .......... .......... .......... 48%  119M 9s
117850K .......... .......... .......... .......... .......... 48%  116M 9s
117900K .......... .......... .......... .......... .......... 48%  115M 9s
117950K .......... .......... .......... .......... .......... 48%  116M 9s
118000K .......... .......... .......... .......... .......... 48% 88.2M 9s
118050K .......... .......... .......... .......... .......... 48%  116M 9s
118100K .......... .......... .......... .......... .......... 48%  118M 9s
118150K .......... .......... .......... .......... .......... 48%  114M 9s
118200K .......... .......... .......... .......... .......... 48%  116M 9s
118250K .......... .......... .......... .......... .......... 48%  116M 9s
118300K .......... .......... .......... .......... .......... 48%  113M 9s
118350K .......... .......... .......... .......... .......... 48% 17.3M 9s
118400K .......... .......... .......... .......... .......... 48% 18.5M 9s
118450K .......... .......... .......... .......... .......... 48%  117M 9s
118500K .......... .......... .......... .......... .......... 48%  104M 9s
118550K .......... .......... .......... .......... .......... 48% 11.1M 9s
118600K .......... .......... .......... .......... .......... 48% 34.8M 9s
118650K .......... .......... .......... .......... .......... 48%  112M 9s
118700K .......... .......... .......... .......... .......... 49% 2.65M 9s
118750K .......... .......... .......... .......... .......... 49% 47.4M 9s
118800K .......... .......... .......... .......... .......... 49% 14.4M 9s
118850K .......... .......... .......... .......... .......... 49% 67.3M 9s
118900K .......... .......... .......... .......... .......... 49%  117M 9s
118950K .......... .......... .......... .......... .......... 49% 95.4M 9s
119000K .......... .......... .......... .......... .......... 49%  116M 9s
119050K .......... .......... .......... .......... .......... 49% 13.5M 9s
119100K .......... .......... .......... .......... .......... 49%  161M 9s
119150K .......... .......... .......... .......... .......... 49%  115M 9s
119200K .......... .......... .......... .......... .......... 49% 14.1M 9s
119250K .......... .......... .......... .......... .......... 49%  116M 9s
119300K .......... .......... .......... .......... .......... 49%  119M 9s
119350K .......... .......... .......... .......... .......... 49%  117M 9s
119400K .......... .......... .......... .......... .......... 49%  108M 9s
119450K .......... .......... .......... .......... .......... 49%  122M 9s
119500K .......... .......... .......... .......... .......... 49%  118M 9s
119550K .......... .......... .......... .......... .......... 49%  117M 9s
119600K .......... .......... .......... .......... .......... 49% 87.8M 9s
119650K .......... .......... .......... .......... .......... 49%  115M 9s
119700K .......... .......... .......... .......... .......... 49%  117M 9s
119750K .......... .......... .......... .......... .......... 49%  117M 9s
119800K .......... .......... .......... .......... .......... 49%  115M 9s
119850K .......... .......... .......... .......... .......... 49%  115M 9s
119900K .......... .......... .......... .......... .......... 49%  118M 9s
119950K .......... .......... .......... .......... .......... 49% 33.4M 9s
120000K .......... .......... .......... .......... .......... 49% 8.05M 9s
120050K .......... .......... .......... .......... .......... 49%  117M 9s
120100K .......... .......... .......... .......... .......... 49% 84.9M 9s
120150K .......... .......... .......... .......... .......... 49% 87.6M 9s
120200K .......... .......... .......... .......... .......... 49% 32.2M 9s
120250K .......... .......... .......... .......... .......... 49%  110M 9s
120300K .......... .......... .......... .......... .......... 49% 10.6M 9s
120350K .......... .......... .......... .......... .......... 49% 58.8M 9s
 89850K .......... .......... .......... .......... .......... 37%  528K 13s
 89900K .......... .......... .......... .......... .......... 37% 96.4M 13s
 89950K .......... .......... .......... .......... .......... 37% 12.7M 13s
 90000K .......... .......... .......... .......... .......... 37% 87.0M 13s
 90050K .......... .......... .......... .......... .......... 37%  117M 13s
 90100K .......... .......... .......... .......... .......... 37%  117M 13s
 90150K .......... .......... .......... .......... .......... 37%  117M 13s
 90200K .......... .......... .......... .......... .......... 37% 13.7M 13s
 90250K .......... .......... .......... .......... .......... 37% 92.4M 13s
 90300K .......... .......... .......... .......... .......... 37%  117M 13s
 90350K .......... .......... .......... .......... .......... 37%  117M 12s
 90400K .......... .......... .......... .......... .......... 37% 87.1M 12s
 90450K .......... .......... .......... .......... .......... 37% 12.0M 12s
 90500K .......... .......... .......... .......... .......... 37% 12.2M 12s
 90550K .......... .......... .......... .......... .......... 37%  117M 12s
 90600K .......... .......... .......... .......... .......... 37%  114M 12s
 90650K .......... .......... .......... .......... .......... 37%  116M 12s
 90700K .......... .......... .......... .......... .......... 37%  120M 12s
 90750K .......... .......... .......... .......... .......... 37%  116M 12s
 90800K .......... .......... .......... .......... .......... 37% 88.4M 12s
 90850K .......... .......... .......... .......... .......... 37%  117M 12s
 90900K .......... .......... .......... .......... .......... 37%  115M 12s
 90950K .......... .......... .......... .......... .......... 37%  114M 12s
 91000K .......... .......... .......... .......... .......... 37%  118M 12s
 91050K .......... .......... .......... .......... .......... 37%  115M 12s
 91100K .......... .......... .......... .......... .......... 37%  117M 12s
 91150K .......... .......... .......... .......... .......... 37%  115M 12s
 91200K .......... .......... .......... .......... .......... 37% 90.1M 12s
 91250K .......... .......... .......... .......... .......... 37%  117M 12s
 91300K .......... .......... .......... .......... .......... 37%  117M 12s
 91350K .......... .......... .......... .......... .......... 37%  117M 12s
 91400K .......... .......... .......... .......... .......... 37%  115M 12s
 91450K .......... .......... .......... .......... .......... 37%  117M 12s
 91500K .......... .......... .......... .......... .......... 37%  117M 12s
 91550K .......... .......... .......... .......... .......... 37%  117M 12s
 91600K .......... .......... .......... .......... .......... 37% 13.8M 12s
 91650K .......... .......... .......... .......... .......... 37% 56.2M 12s
 91700K .......... .......... .......... .......... .......... 37%  104M 12s
 91750K .......... .......... .......... .......... .......... 37%  117M 12s
 91800K .......... .......... .......... .......... .......... 37%  115M 12s
 91850K .......... .......... .......... .......... .......... 37% 13.1M 12s
 91900K .......... .......... .......... .......... .......... 37% 69.8M 12s
 91950K .......... .......... .......... .......... .......... 37%  117M 12s
 92000K .......... .......... .......... .......... .......... 37% 89.7M 12s
 92050K .......... .......... .......... .......... .......... 38%  117M 12s
 92100K .......... .......... .......... .......... .......... 38% 12.5M 12s
120400K .......... .......... .......... .......... .......... 49%  992K 9s
 92150K .......... .......... .......... .......... .......... 38% 11.4M 12s
 92200K .......... .......... .......... .......... .......... 38%  115M 12s
 92250K .......... .......... .......... .......... .......... 38%  115M 12s
120450K .......... .......... .......... .......... .......... 49% 15.4M 9s
 92300K .......... .......... .......... .......... .......... 38% 82.5M 12s
 92350K .......... .......... .......... .......... .......... 38%  114M 12s
 92400K .......... .......... .......... .......... .......... 38% 87.7M 12s
 92450K .......... .......... .......... .......... .......... 38%  114M 12s
 92500K .......... .......... .......... .......... .......... 38%  120M 12s
120500K .......... .......... .......... .......... .......... 49% 18.6M 9s
 92550K .......... .......... .......... .......... .......... 38% 61.5M 12s
120550K .......... .......... .......... .......... .......... 49% 51.0M 9s
 92600K .......... .......... .......... .......... .......... 38% 1.74M 12s
 92650K .......... .......... .......... .......... .......... 38%  121M 12s
 92700K .......... .......... .......... .......... .......... 38% 23.0M 12s
 92750K .......... .......... .......... .......... .......... 38% 32.4M 12s
 92800K .......... .......... .......... .......... .......... 38% 48.9M 12s
 92850K .......... .......... .......... .......... .......... 38% 91.9M 12s
120600K .......... .......... .......... .......... .......... 49% 1.11M 9s
120650K .......... .......... .......... .......... .......... 49% 90.9M 9s
120700K .......... .......... .......... .......... .......... 49%  117M 9s
120750K .......... .......... .......... .......... .......... 49% 97.3M 9s
120800K .......... .......... .......... .......... .......... 49% 8.63M 9s
120850K .......... .......... .......... .......... .......... 49% 73.6M 9s
120900K .......... .......... .......... .......... .......... 49% 14.2M 9s
120950K .......... .......... .......... .......... .......... 49%  134M 9s
121000K .......... .......... .......... .......... .......... 49%  113M 9s
121050K .......... .......... .......... .......... .......... 49%  115M 9s
121100K .......... .......... .......... .......... .......... 50%  122M 9s
121150K .......... .......... .......... .......... .......... 50%  113M 9s
121200K .......... .......... .......... .......... .......... 50% 90.5M 9s
121250K .......... .......... .......... .......... .......... 50%  117M 9s
121300K .......... .......... .......... .......... .......... 50%  113M 8s
121350K .......... .......... .......... .......... .......... 50%  117M 8s
121400K .......... .......... .......... .......... .......... 50%  117M 8s
121450K .......... .......... .......... .......... .......... 50% 24.9M 8s
121500K .......... .......... .......... .......... .......... 50% 67.6M 8s
121550K .......... .......... .......... .......... .......... 50% 11.9M 8s
121600K .......... .......... .......... .......... .......... 50% 88.8M 8s
121650K .......... .......... .......... .......... .......... 50%  117M 8s
121700K .......... .......... .......... .......... .......... 50% 29.3M 8s
121750K .......... .......... .......... .......... .......... 50% 2.68M 8s
121800K .......... .......... .......... .......... .......... 50% 12.6M 8s
121850K .......... .......... .......... .......... .......... 50%  143M 8s
121900K .......... .......... .......... .......... .......... 50%  101M 8s
121950K .......... .......... .......... .......... .......... 50% 58.3M 8s
122000K .......... .......... .......... .......... .......... 50% 88.7M 8s
122050K .......... .......... .......... .......... .......... 50%  113M 8s
122100K .......... .......... .......... .......... .......... 50%  117M 8s
122150K .......... .......... .......... .......... .......... 50% 14.0M 8s
122200K .......... .......... .......... .......... .......... 50%  113M 8s
122250K .......... .......... .......... .......... .......... 50% 14.7M 8s
122300K .......... .......... .......... .......... .......... 50%  136M 8s
122350K .......... .......... .......... .......... .......... 50%  102M 8s
122400K .......... .......... .......... .......... .......... 50% 13.7M 8s
122450K .......... .......... .......... .......... .......... 50%  119M 8s
122500K .......... .......... .......... .......... .......... 50%  113M 8s
122550K .......... .......... .......... .......... .......... 50%  118M 8s
122600K .......... .......... .......... .......... .......... 50%  113M 8s
122650K .......... .......... .......... .......... .......... 50%  120M 8s
122700K .......... .......... .......... .......... .......... 50%  115M 8s
122750K .......... .......... .......... .......... .......... 50%  115M 8s
122800K .......... .......... .......... .......... .......... 50% 89.8M 8s
122850K .......... .......... .......... .......... .......... 50%  118M 8s
122900K .......... .......... .......... .......... .......... 50%  115M 8s
122950K .......... .......... .......... .......... .......... 50%  116M 8s
123000K .......... .......... .......... .......... .......... 50%  113M 8s
123050K .......... .......... .......... .......... .......... 50% 13.4M 8s
123100K .......... .......... .......... .......... .......... 50% 55.6M 8s
123150K .......... .......... .......... .......... .......... 50% 89.9M 8s
123200K .......... .......... .......... .......... .......... 50% 29.4M 8s
123250K .......... .......... .......... .......... .......... 50%  121M 8s
123300K .......... .......... .......... .......... .......... 50% 10.9M 8s
123350K .......... .......... .......... .......... .......... 50% 47.3M 8s
 92900K .......... .......... .......... .......... .......... 38%  527K 12s
 92950K .......... .......... .......... .......... .......... 38% 12.9M 12s
 93000K .......... .......... .......... .......... .......... 38%  117M 12s
 93050K .......... .......... .......... .......... .......... 38% 95.9M 12s
 93100K .......... .......... .......... .......... .......... 38%  118M 12s
 93150K .......... .......... .......... .......... .......... 38%  117M 12s
 93200K .......... .......... .......... .......... .......... 38% 13.9M 12s
 93250K .......... .......... .......... .......... .......... 38% 86.0M 12s
 93300K .......... .......... .......... .......... .......... 38% 91.0M 12s
 93350K .......... .......... .......... .......... .......... 38%  116M 12s
 93400K .......... .......... .......... .......... .......... 38%  116M 12s
 93450K .......... .......... .......... .......... .......... 38%  117M 12s
 93500K .......... .......... .......... .......... .......... 38% 11.6M 12s
 93550K .......... .......... .......... .......... .......... 38% 12.6M 12s
 93600K .......... .......... .......... .......... .......... 38% 11.6M 12s
 93650K .......... .......... .......... .......... .......... 38%  115M 12s
 93700K .......... .......... .......... .......... .......... 38%  118M 12s
 93750K .......... .......... .......... .......... .......... 38%  119M 12s
 93800K .......... .......... .......... .......... .......... 38%  112M 12s
 93850K .......... .......... .......... .......... .......... 38%  120M 12s
 93900K .......... .......... .......... .......... .......... 38%  117M 12s
 93950K .......... .......... .......... .......... .......... 38%  114M 12s
 94000K .......... .......... .......... .......... .......... 38% 88.2M 12s
 94050K .......... .......... .......... .......... .......... 38%  120M 12s
 94100K .......... .......... .......... .......... .......... 38%  114M 12s
 94150K .......... .......... .......... .......... .......... 38%  118M 12s
 94200K .......... .......... .......... .......... .......... 38%  116M 12s
 94250K .......... .......... .......... .......... .......... 38%  117M 12s
 94300K .......... .......... .......... .......... .......... 38%  116M 12s
 94350K .......... .......... .......... .......... .......... 38%  118M 12s
 94400K .......... .......... .......... .......... .......... 38% 87.1M 12s
 94450K .......... .......... .......... .......... .......... 39%  117M 12s
 94500K .......... .......... .......... .......... .......... 39%  117M 12s
 94550K .......... .......... .......... .......... .......... 39%  117M 12s
 94600K .......... .......... .......... .......... .......... 39%  115M 12s
 94650K .......... .......... .......... .......... .......... 39%  116M 12s
 94700K .......... .......... .......... .......... .......... 39%  117M 12s
 94750K .......... .......... .......... .......... .......... 39%  117M 12s
 94800K .......... .......... .......... .......... .......... 39% 88.8M 12s
 94850K .......... .......... .......... .......... .......... 39%  117M 12s
123400K .......... .......... .......... .......... .......... 50% 1.21M 8s
123450K .......... .......... .......... .......... .......... 50%  138M 8s
 94900K .......... .......... .......... .......... .......... 39% 14.2M 12s
 94950K .......... .......... .......... .......... .......... 39% 63.4M 12s
 95000K .......... .......... .......... .......... .......... 39% 89.0M 12s
 95050K .......... .......... .......... .......... .......... 39%  117M 12s
 95100K .......... .......... .......... .......... .......... 39%  117M 12s
 95150K .......... .......... .......... .......... .......... 39% 13.0M 12s
 95200K .......... .......... .......... .......... .......... 39% 10.8M 12s
 95250K .......... .......... .......... .......... .......... 39%  101M 12s
123500K .......... .......... .......... .......... .......... 50% 3.75M 8s
123550K .......... .......... .......... .......... .......... 51% 14.4M 8s
 95300K .......... .......... .......... .......... .......... 39% 1.52M 12s
 95350K .......... .......... .......... .......... .......... 39%  168M 12s
 95400K .......... .......... .......... .......... .......... 39%  111M 12s
 95450K .......... .......... .......... .......... .......... 39%  120M 12s
 95500K .......... .......... .......... .......... .......... 39%  117M 12s
 95550K .......... .......... .......... .......... .......... 39%  118M 12s
 95600K .......... .......... .......... .......... .......... 39% 88.3M 12s
 95650K .......... .......... .......... .......... .......... 39%  117M 12s
 95700K .......... .......... .......... .......... .......... 39%  117M 12s
 95750K .......... .......... .......... .......... .......... 39%  117M 12s
 95800K .......... .......... .......... .......... .......... 39%  115M 12s
 95850K .......... .......... .......... .......... .......... 39%  117M 12s
 95900K .......... .......... .......... .......... .......... 39%  117M 12s
123600K .......... .......... .......... .......... .......... 51% 1.27M 8s
123650K .......... .......... .......... .......... .......... 51%  125M 8s
123700K .......... .......... .......... .......... .......... 51% 7.84M 8s
123750K .......... .......... .......... .......... .......... 51% 74.0M 8s
123800K .......... .......... .......... .......... .......... 51% 9.37M 8s
123850K .......... .......... .......... .......... .......... 51% 47.8M 8s
123900K .......... .......... .......... .......... .......... 51%  117M 8s
123950K .......... .......... .......... .......... .......... 51% 14.8M 8s
124000K .......... .......... .......... .......... .......... 51% 13.3M 8s
124050K .......... .......... .......... .......... .......... 51%  114M 8s
124100K .......... .......... .......... .......... .......... 51%  116M 8s
124150K .......... .......... .......... .......... .......... 51%  118M 8s
124200K .......... .......... .......... .......... .......... 51%  117M 8s
124250K .......... .......... .......... .......... .......... 51%  115M 8s
124300K .......... .......... .......... .......... .......... 51%  117M 8s
124350K .......... .......... .......... .......... .......... 51%  118M 8s
124400K .......... .......... .......... .......... .......... 51% 86.8M 8s
124450K .......... .......... .......... .......... .......... 51%  117M 8s
124500K .......... .......... .......... .......... .......... 51%  118M 8s
124550K .......... .......... .......... .......... .......... 51%  117M 8s
124600K .......... .......... .......... .......... .......... 51% 20.3M 8s
124650K .......... .......... .......... .......... .......... 51% 58.6M 8s
124700K .......... .......... .......... .......... .......... 51%  107M 8s
124750K .......... .......... .......... .......... .......... 51% 33.3M 8s
124800K .......... .......... .......... .......... .......... 51% 2.63M 8s
124850K .......... .......... .......... .......... .......... 51% 14.4M 8s
124900K .......... .......... .......... .......... .......... 51% 60.4M 8s
124950K .......... .......... .......... .......... .......... 51% 78.6M 8s
125000K .......... .......... .......... .......... .......... 51% 72.5M 8s
125050K .......... .......... .......... .......... .......... 51% 98.3M 8s
125100K .......... .......... .......... .......... .......... 51%  117M 8s
125150K .......... .......... .......... .......... .......... 51%  111M 8s
125200K .......... .......... .......... .......... .......... 51% 13.9M 8s
125250K .......... .......... .......... .......... .......... 51%  114M 8s
125300K .......... .......... .......... .......... .......... 51% 15.0M 8s
125350K .......... .......... .......... .......... .......... 51%  117M 8s
125400K .......... .......... .......... .......... .......... 51% 87.6M 8s
125450K .......... .......... .......... .......... .......... 51% 7.42M 8s
125500K .......... .......... .......... .......... .......... 51%  119M 8s
125550K .......... .......... .......... .......... .......... 51%  115M 8s
125600K .......... .......... .......... .......... .......... 51% 88.6M 8s
125650K .......... .......... .......... .......... .......... 51%  120M 8s
125700K .......... .......... .......... .......... .......... 51%  114M 8s
125750K .......... .......... .......... .......... .......... 51%  118M 8s
125800K .......... .......... .......... .......... .......... 51%  114M 8s
125850K .......... .......... .......... .......... .......... 51%  118M 8s
125900K .......... .......... .......... .......... .......... 51%  116M 8s
125950K .......... .......... .......... .......... .......... 52%  113M 8s
126000K .......... .......... .......... .......... .......... 52% 89.8M 8s
126050K .......... .......... .......... .......... .......... 52%  117M 8s
126100K .......... .......... .......... .......... .......... 52% 71.7M 8s
126150K .......... .......... .......... .......... .......... 52% 67.0M 8s
126200K .......... .......... .......... .......... .......... 52%  113M 8s
126250K .......... .......... .......... .......... .......... 52% 33.2M 8s
126300K .......... .......... .......... .......... .......... 52% 10.7M 8s
126350K .......... .......... .......... .......... .......... 52% 50.6M 8s
 95950K .......... .......... .......... .......... .......... 39%  528K 12s
 96000K .......... .......... .......... .......... .......... 39% 13.5M 12s
 96050K .......... .......... .......... .......... .......... 39% 95.7M 12s
 96100K .......... .......... .......... .......... .......... 39% 94.9M 12s
 96150K .......... .......... .......... .......... .......... 39%  116M 12s
 96200K .......... .......... .......... .......... .......... 39% 95.7M 12s
 96250K .......... .......... .......... .......... .......... 39%  117M 12s
 96300K .......... .......... .......... .......... .......... 39% 14.3M 12s
 96350K .......... .......... .......... .......... .......... 39%  103M 12s
 96400K .......... .......... .......... .......... .......... 39% 72.9M 12s
 96450K .......... .......... .......... .......... .......... 39%  117M 12s
 96500K .......... .......... .......... .......... .......... 39%  117M 12s
 96550K .......... .......... .......... .......... .......... 39% 6.42M 12s
 96600K .......... .......... .......... .......... .......... 39%  126M 12s
 96650K .......... .......... .......... .......... .......... 39% 11.9M 12s
 96700K .......... .......... .......... .......... .......... 39%  118M 12s
 96750K .......... .......... .......... .......... .......... 39% 11.6M 12s
 96800K .......... .......... .......... .......... .......... 39% 93.8M 12s
 96850K .......... .......... .......... .......... .......... 39%  120M 12s
 96900K .......... .......... .......... .......... .......... 40%  116M 12s
 96950K .......... .......... .......... .......... .......... 40%  117M 12s
 97000K .......... .......... .......... .......... .......... 40%  114M 12s
 97050K .......... .......... .......... .......... .......... 40%  117M 12s
 97100K .......... .......... .......... .......... .......... 40%  115M 12s
 97150K .......... .......... .......... .......... .......... 40%  115M 12s
 97200K .......... .......... .......... .......... .......... 40% 89.1M 12s
 97250K .......... .......... .......... .......... .......... 40%  117M 12s
 97300K .......... .......... .......... .......... .......... 40%  114M 12s
 97350K .......... .......... .......... .......... .......... 40%  119M 12s
 97400K .......... .......... .......... .......... .......... 40%  116M 12s
 97450K .......... .......... .......... .......... .......... 40%  117M 12s
 97500K .......... .......... .......... .......... .......... 40%  116M 12s
 97550K .......... .......... .......... .......... .......... 40%  117M 12s
 97600K .......... .......... .......... .......... .......... 40% 87.0M 12s
 97650K .......... .......... .......... .......... .......... 40%  117M 12s
 97700K .......... .......... .......... .......... .......... 40%  117M 12s
 97750K .......... .......... .......... .......... .......... 40%  117M 12s
 97800K .......... .......... .......... .......... .......... 40%  115M 12s
 97850K .......... .......... .......... .......... .......... 40%  117M 12s
 97900K .......... .......... .......... .......... .......... 40%  117M 12s
126400K .......... .......... .......... .......... .......... 52% 1.14M 8s
126450K .......... .......... .......... .......... .......... 52%  116M 8s
 97950K .......... .......... .......... .......... .......... 40% 49.9M 12s
 98000K .......... .......... .......... .......... .......... 40% 90.0M 12s
 98050K .......... .......... .......... .......... .......... 40%  117M 12s
 98100K .......... .......... .......... .......... .......... 40%  117M 11s
 98150K .......... .......... .......... .......... .......... 40%  117M 11s
 98200K .......... .......... .......... .......... .......... 40% 16.2M 11s
126500K .......... .......... .......... .......... .......... 52% 6.40M 8s
 98250K .......... .......... .......... .......... .......... 40% 11.2M 11s
 98300K .......... .......... .......... .......... .......... 40% 93.1M 11s
126550K .......... .......... .......... .......... .......... 52% 7.82M 8s
 98350K .......... .......... .......... .......... .......... 40% 1.51M 12s
 98400K .......... .......... .......... .......... .......... 40%  120M 11s
 98450K .......... .......... .......... .......... .......... 40% 12.6M 11s
 98500K .......... .......... .......... .......... .......... 40%  127M 11s
 98550K .......... .......... .......... .......... .......... 40%  119M 11s
 98600K .......... .......... .......... .......... .......... 40%  113M 11s
 98650K .......... .......... .......... .......... .......... 40%  121M 11s
 98700K .......... .......... .......... .......... .......... 40%  117M 11s
 98750K .......... .......... .......... .......... .......... 40%  113M 11s
 98800K .......... .......... .......... .......... .......... 40% 89.9M 11s
 98850K .......... .......... .......... .......... .......... 40%  116M 11s
 98900K .......... .......... .......... .......... .......... 40%  116M 11s
 98950K .......... .......... .......... .......... .......... 40%  113M 11s
126600K .......... .......... .......... .......... .......... 52% 1.26M 8s
126650K .......... .......... .......... .......... .......... 52%  121M 8s
126700K .......... .......... .......... .......... .......... 52%  115M 8s
126750K .......... .......... .......... .......... .......... 52% 8.03M 8s
126800K .......... .......... .......... .......... .......... 52% 8.85M 8s
126850K .......... .......... .......... .......... .......... 52% 54.6M 8s
126900K .......... .......... .......... .......... .......... 52%  116M 8s
126950K .......... .......... .......... .......... .......... 52% 14.2M 8s
127000K .......... .......... .......... .......... .......... 52% 13.7M 8s
127050K .......... .......... .......... .......... .......... 52% 14.4M 8s
127100K .......... .......... .......... .......... .......... 52%  133M 8s
127150K .......... .......... .......... .......... .......... 52%  114M 8s
127200K .......... .......... .......... .......... .......... 52% 90.8M 8s
127250K .......... .......... .......... .......... .......... 52%  114M 8s
127300K .......... .......... .......... .......... .......... 52%  116M 8s
127350K .......... .......... .......... .......... .......... 52%  118M 8s
127400K .......... .......... .......... .......... .......... 52%  116M 8s
127450K .......... .......... .......... .......... .......... 52%  116M 8s
127500K .......... .......... .......... .......... .......... 52%  115M 8s
127550K .......... .......... .......... .......... .......... 52%  117M 8s
127600K .......... .......... .......... .......... .......... 52% 88.7M 8s
127650K .......... .......... .......... .......... .......... 52%  117M 8s
127700K .......... .......... .......... .......... .......... 52%  117M 8s
127750K .......... .......... .......... .......... .......... 52%  117M 8s
127800K .......... .......... .......... .......... .......... 52% 72.6M 8s
127850K .......... .......... .......... .......... .......... 52%  117M 8s
 99000K .......... .......... .......... .......... .......... 40% 1.21M 11s
127900K .......... .......... .......... .......... .......... 52% 2.62M 8s
127950K .......... .......... .......... .......... .......... 52% 12.9M 8s
128000K .......... .......... .......... .......... .......... 52% 53.5M 8s
128050K .......... .......... .......... .......... .......... 52% 79.2M 8s
128100K .......... .......... .......... .......... .......... 52%  100M 8s
128150K .......... .......... .......... .......... .......... 52%  117M 8s
128200K .......... .......... .......... .......... .......... 52% 99.6M 8s
128250K .......... .......... .......... .......... .......... 52% 15.0M 8s
128300K .......... .......... .......... .......... .......... 52%  100M 8s
128350K .......... .......... .......... .......... .......... 52%  117M 8s
128400K .......... .......... .......... .......... .......... 53% 14.7M 8s
128450K .......... .......... .......... .......... .......... 53% 81.7M 8s
128500K .......... .......... .......... .......... .......... 53% 7.39M 8s
128550K .......... .......... .......... .......... .......... 53%  105M 8s
128600K .......... .......... .......... .......... .......... 53%  115M 8s
128650K .......... .......... .......... .......... .......... 53% 14.2M 8s
128700K .......... .......... .......... .......... .......... 53%  118M 8s
128750K .......... .......... .......... .......... .......... 53%  115M 8s
128800K .......... .......... .......... .......... .......... 53% 89.1M 8s
128850K .......... .......... .......... .......... .......... 53%  115M 8s
128900K .......... .......... .......... .......... .......... 53%  116M 8s
128950K .......... .......... .......... .......... .......... 53%  117M 8s
129000K .......... .......... .......... .......... .......... 53%  116M 8s
129050K .......... .......... .......... .......... .......... 53%  115M 8s
129100K .......... .......... .......... .......... .......... 53%  118M 8s
129150K .......... .......... .......... .......... .......... 53%  115M 8s
129200K .......... .......... .......... .......... .......... 53% 88.2M 8s
129250K .......... .......... .......... .......... .......... 53%  117M 8s
129300K .......... .......... .......... .......... .......... 53% 16.5M 8s
129350K .......... .......... .......... .......... .......... 53%  141M 8s
129400K .......... .......... .......... .......... .......... 53% 43.9M 8s
 99050K .......... .......... .......... .......... .......... 40%  977K 12s
 99100K .......... .......... .......... .......... .......... 40% 14.0M 12s
 99150K .......... .......... .......... .......... .......... 40% 88.6M 12s
 99200K .......... .......... .......... .......... .......... 40% 83.8M 11s
 99250K .......... .......... .......... .......... .......... 40%  115M 11s
 99300K .......... .......... .......... .......... .......... 41%  117M 11s
 99350K .......... .......... .......... .......... .......... 41% 14.1M 11s
 99400K .......... .......... .......... .......... .......... 41% 81.8M 11s
 99450K .......... .......... .......... .......... .......... 41%  117M 11s
 99500K .......... .......... .......... .......... .......... 41%  117M 11s
 99550K .......... .......... .......... .......... .......... 41%  109M 11s
 99600K .......... .......... .......... .......... .......... 41% 6.50M 11s
 99650K .......... .......... .......... .......... .......... 41% 11.5M 11s
 99700K .......... .......... .......... .......... .......... 41%  117M 11s
 99750K .......... .......... .......... .......... .......... 41%  117M 11s
 99800K .......... .......... .......... .......... .......... 41% 11.3M 11s
 99850K .......... .......... .......... .......... .......... 41%  117M 11s
 99900K .......... .......... .......... .......... .......... 41%  117M 11s
 99950K .......... .......... .......... .......... .......... 41%  117M 11s
100000K .......... .......... .......... .......... .......... 41% 12.1M 11s
100050K .......... .......... .......... .......... .......... 41%  121M 11s
100100K .......... .......... .......... .......... .......... 41%  112M 11s
100150K .......... .......... .......... .......... .......... 41%  121M 11s
100200K .......... .......... .......... .......... .......... 41%  115M 11s
100250K .......... .......... .......... .......... .......... 41%  115M 11s
100300K .......... .......... .......... .......... .......... 41%  114M 11s
100350K .......... .......... .......... .......... .......... 41%  117M 11s
100400K .......... .......... .......... .......... .......... 41% 88.1M 11s
100450K .......... .......... .......... .......... .......... 41%  120M 11s
100500K .......... .......... .......... .......... .......... 41%  116M 11s
100550K .......... .......... .......... .......... .......... 41%  117M 11s
100600K .......... .......... .......... .......... .......... 41%  115M 11s
100650K .......... .......... .......... .......... .......... 41%  117M 11s
100700K .......... .......... .......... .......... .......... 41%  117M 11s
100750K .......... .......... .......... .......... .......... 41%  117M 11s
129450K .......... .......... .......... .......... .......... 53% 1.09M 8s
100800K .......... .......... .......... .......... .......... 41% 51.3M 11s
100850K .......... .......... .......... .......... .......... 41%  117M 11s
100900K .......... .......... .......... .......... .......... 41%  117M 11s
100950K .......... .......... .......... .......... .......... 41%  117M 11s
101000K .......... .......... .......... .......... .......... 41% 83.1M 11s
101050K .......... .......... .......... .......... .......... 41%  117M 11s
101100K .......... .......... .......... .......... .......... 41%  117M 11s
101150K .......... .......... .......... .......... .......... 41%  117M 11s
101200K .......... .......... .......... .......... .......... 41% 89.0M 11s
101250K .......... .......... .......... .......... .......... 41% 53.2M 11s
129500K .......... .......... .......... .......... .......... 53% 8.82M 8s
101300K .......... .......... .......... .......... .......... 41% 17.0M 11s
101350K .......... .......... .......... .......... .......... 41% 94.0M 11s
129550K .......... .......... .......... .......... .......... 53%  117M 8s
129600K .......... .......... .......... .......... .......... 53% 8.18M 8s
101400K .......... .......... .......... .......... .......... 41% 1.50M 11s
101450K .......... .......... .......... .......... .......... 41%  135M 11s
101500K .......... .......... .......... .......... .......... 41%  117M 11s
101550K .......... .......... .......... .......... .......... 41% 13.6M 11s
101600K .......... .......... .......... .......... .......... 41% 11.6M 11s
101650K .......... .......... .......... .......... .......... 41%  117M 11s
101700K .......... .......... .......... .......... .......... 41%  117M 11s
129650K .......... .......... .......... .......... .......... 53% 1.25M 8s
101750K .......... .......... .......... .......... .......... 42% 51.5M 11s
101800K .......... .......... .......... .......... .......... 42% 86.9M 11s
101850K .......... .......... .......... .......... .......... 42%  116M 11s
101900K .......... .......... .......... .......... .......... 42%  117M 11s
101950K .......... .......... .......... .......... .......... 42%  115M 11s
102000K .......... .......... .......... .......... .......... 42% 89.6M 11s
129700K .......... .......... .......... .......... .......... 53% 15.1M 8s
129750K .......... .......... .......... .......... .......... 53% 23.3M 8s
129800K .......... .......... .......... .......... .......... 53% 37.4M 8s
129850K .......... .......... .......... .......... .......... 53% 8.65M 8s
129900K .......... .......... .......... .......... .......... 53% 45.6M 8s
129950K .......... .......... .......... .......... .......... 53% 15.3M 8s
130000K .......... .......... .......... .......... .......... 53% 13.0M 8s
130050K .......... .......... .......... .......... .......... 53%  127M 8s
130100K .......... .......... .......... .......... .......... 53% 14.6M 8s
130150K .......... .......... .......... .......... .......... 53% 76.0M 8s
130200K .......... .......... .......... .......... .......... 53%  115M 8s
130250K .......... .......... .......... .......... .......... 53% 14.4M 8s
130300K .......... .......... .......... .......... .......... 53%  119M 8s
130350K .......... .......... .......... .......... .......... 53%  113M 8s
130400K .......... .......... .......... .......... .......... 53% 89.2M 8s
130450K .......... .......... .......... .......... .......... 53%  120M 8s
130500K .......... .......... .......... .......... .......... 53%  116M 8s
130550K .......... .......... .......... .......... .......... 53%  116M 8s
130600K .......... .......... .......... .......... .......... 53%  114M 8s
130650K .......... .......... .......... .......... .......... 53%  113M 8s
130700K .......... .......... .......... .......... .......... 53%  118M 8s
130750K .......... .......... .......... .......... .......... 53%  116M 8s
130800K .......... .......... .......... .......... .......... 54% 88.5M 8s
130850K .......... .......... .......... .......... .......... 54%  115M 8s
102050K .......... .......... .......... .......... .......... 42% 1.35M 11s
130900K .......... .......... .......... .......... .......... 54% 3.32M 8s
130950K .......... .......... .......... .......... .......... 54% 35.8M 8s
131000K .......... .......... .......... .......... .......... 54% 12.7M 8s
131050K .......... .......... .......... .......... .......... 54% 54.1M 8s
131100K .......... .......... .......... .......... .......... 54% 83.3M 8s
131150K .......... .......... .......... .......... .......... 54%  116M 8s
131200K .......... .......... .......... .......... .......... 54% 84.3M 8s
131250K .......... .......... .......... .......... .......... 54% 87.5M 8s
131300K .......... .......... .......... .......... .......... 54% 16.5M 8s
131350K .......... .......... .......... .......... .......... 54% 68.8M 8s
131400K .......... .......... .......... .......... .......... 54%  116M 8s
131450K .......... .......... .......... .......... .......... 54% 16.1M 8s
131500K .......... .......... .......... .......... .......... 54% 63.8M 8s
131550K .......... .......... .......... .......... .......... 54% 8.44M 8s
131600K .......... .......... .......... .......... .......... 54% 34.0M 8s
131650K .......... .......... .......... .......... .......... 54%  117M 8s
131700K .......... .......... .......... .......... .......... 54% 15.0M 8s
131750K .......... .......... .......... .......... .......... 54% 84.1M 8s
131800K .......... .......... .......... .......... .......... 54%  103M 8s
131850K .......... .......... .......... .......... .......... 54%  117M 8s
131900K .......... .......... .......... .......... .......... 54% 14.2M 8s
131950K .......... .......... .......... .......... .......... 54%  114M 8s
132000K .......... .......... .......... .......... .......... 54% 88.2M 8s
132050K .......... .......... .......... .......... .......... 54%  117M 8s
132100K .......... .......... .......... .......... .......... 54%  117M 8s
132150K .......... .......... .......... .......... .......... 54%  118M 8s
132200K .......... .......... .......... .......... .......... 54%  116M 8s
132250K .......... .......... .......... .......... .......... 54%  115M 8s
132300K .......... .......... .......... .......... .......... 54%  115M 8s
132350K .......... .......... .......... .......... .......... 54%  119M 8s
132400K .......... .......... .......... .......... .......... 54% 87.7M 8s
132450K .......... .......... .......... .......... .......... 54% 88.8M 8s
102100K .......... .......... .......... .......... .......... 42%  972K 11s
102150K .......... .......... .......... .......... .......... 42% 14.7M 11s
102200K .......... .......... .......... .......... .......... 42% 87.4M 11s
102250K .......... .......... .......... .......... .......... 42%  117M 11s
102300K .......... .......... .......... .......... .......... 42% 98.1M 11s
102350K .......... .......... .......... .......... .......... 42%  116M 11s
102400K .......... .......... .......... .......... .......... 42% 14.0M 11s
102450K .......... .......... .......... .......... .......... 42% 85.1M 11s
102500K .......... .......... .......... .......... .......... 42%  112M 11s
102550K .......... .......... .......... .......... .......... 42%  117M 11s
102600K .......... .......... .......... .......... .......... 42%  101M 11s
102650K .......... .......... .......... .......... .......... 42% 13.4M 11s
102700K .......... .......... .......... .......... .......... 42% 6.17M 11s
102750K .......... .......... .......... .......... .......... 42% 99.6M 11s
102800K .......... .......... .......... .......... .......... 42% 87.2M 11s
102850K .......... .......... .......... .......... .......... 42% 11.4M 11s
102900K .......... .......... .......... .......... .......... 42%  112M 11s
102950K .......... .......... .......... .......... .......... 42%  105M 11s
103000K .......... .......... .......... .......... .......... 42% 6.53M 11s
103050K .......... .......... .......... .......... .......... 42%  117M 11s
103100K .......... .......... .......... .......... .......... 42%  120M 11s
103150K .......... .......... .......... .......... .......... 42%  113M 11s
103200K .......... .......... .......... .......... .......... 42% 88.9M 11s
103250K .......... .......... .......... .......... .......... 42%  117M 11s
103300K .......... .......... .......... .......... .......... 42%  115M 11s
103350K .......... .......... .......... .......... .......... 42%  116M 11s
103400K .......... .......... .......... .......... .......... 42%  119M 11s
103450K .......... .......... .......... .......... .......... 42%  113M 11s
103500K .......... .......... .......... .......... .......... 42%  115M 11s
103550K .......... .......... .......... .......... .......... 42%  120M 11s
103600K .......... .......... .......... .......... .......... 42% 87.2M 11s
103650K .......... .......... .......... .......... .......... 42%  117M 11s
103700K .......... .......... .......... .......... .......... 42%  117M 11s
103750K .......... .......... .......... .......... .......... 42%  117M 11s
103800K .......... .......... .......... .......... .......... 42%  107M 11s
103850K .......... .......... .......... .......... .......... 42%  117M 11s
103900K .......... .......... .......... .......... .......... 42%  117M 11s
103950K .......... .......... .......... .......... .......... 42%  117M 11s
104000K .......... .......... .......... .......... .......... 42% 88.9M 11s
132500K .......... .......... .......... .......... .......... 54% 1009K 8s
104050K .......... .......... .......... .......... .......... 42% 52.0M 11s
104100K .......... .......... .......... .......... .......... 42%  117M 11s
104150K .......... .......... .......... .......... .......... 43%  117M 11s
104200K .......... .......... .......... .......... .......... 43%  115M 11s
104250K .......... .......... .......... .......... .......... 43%  115M 11s
104300K .......... .......... .......... .......... .......... 43%  118M 11s
132550K .......... .......... .......... .......... .......... 54% 15.3M 8s
132600K .......... .......... .......... .......... .......... 54%  112M 8s
104350K .......... .......... .......... .......... .......... 43% 50.4M 11s
104400K .......... .......... .......... .......... .......... 43% 88.8M 11s
132650K .......... .......... .......... .......... .......... 54% 15.3M 8s
104450K .......... .......... .......... .......... .......... 43% 1.54M 11s
104500K .......... .......... .......... .......... .......... 43%  149M 11s
104550K .......... .......... .......... .......... .......... 43%  136M 11s
104600K .......... .......... .......... .......... .......... 43% 14.2M 11s
132700K .......... .......... .......... .......... .......... 54% 1.23M 8s
104650K .......... .......... .......... .......... .......... 43% 5.81M 11s
104700K .......... .......... .......... .......... .......... 43%  117M 11s
104750K .......... .......... .......... .......... .......... 43%  113M 11s
104800K .......... .......... .......... .......... .......... 43% 87.8M 11s
104850K .......... .......... .......... .......... .......... 43%  120M 11s
104900K .......... .......... .......... .......... .......... 43%  113M 11s
104950K .......... .......... .......... .......... .......... 43%  119M 11s
105000K .......... .......... .......... .......... .......... 43%  112M 11s
105050K .......... .......... .......... .......... .......... 43%  117M 11s
105100K .......... .......... .......... .......... .......... 43%  117M 11s
132750K .......... .......... .......... .......... .......... 54% 7.90M 8s
132800K .......... .......... .......... .......... .......... 54% 88.8M 8s
132850K .......... .......... .......... .......... .......... 54%  117M 8s
132900K .......... .......... .......... .......... .......... 54% 10.1M 8s
132950K .......... .......... .......... .......... .......... 54% 46.4M 8s
133000K .......... .......... .......... .......... .......... 54% 15.6M 8s
133050K .......... .......... .......... .......... .......... 54%  115M 8s
133100K .......... .......... .......... .......... .......... 54% 13.9M 8s
133150K .......... .......... .......... .......... .......... 54% 14.6M 8s
133200K .......... .......... .......... .......... .......... 54% 56.5M 8s
133250K .......... .......... .......... .......... .......... 55%  114M 8s
133300K .......... .......... .......... .......... .......... 55%  117M 8s
133350K .......... .......... .......... .......... .......... 55% 7.48M 8s
133400K .......... .......... .......... .......... .......... 55%  116M 8s
133450K .......... .......... .......... .......... .......... 55%  118M 8s
133500K .......... .......... .......... .......... .......... 55%  115M 8s
133550K .......... .......... .......... .......... .......... 55%  117M 8s
133600K .......... .......... .......... .......... .......... 55% 88.5M 8s
133650K .......... .......... .......... .......... .......... 55%  117M 8s
133700K .......... .......... .......... .......... .......... 55%  116M 8s
133750K .......... .......... .......... .......... .......... 55%  115M 8s
133800K .......... .......... .......... .......... .......... 55%  113M 8s
133850K .......... .......... .......... .......... .......... 55%  121M 8s
133900K .......... .......... .......... .......... .......... 55%  112M 7s
133950K .......... .......... .......... .......... .......... 55%  117M 7s
134000K .......... .......... .......... .......... .......... 55% 3.88M 7s
134050K .......... .......... .......... .......... .......... 55% 12.5M 7s
134100K .......... .......... .......... .......... .......... 55% 52.8M 7s
134150K .......... .......... .......... .......... .......... 55% 79.1M 7s
134200K .......... .......... .......... .......... .......... 55%  115M 7s
134250K .......... .......... .......... .......... .......... 55%  117M 7s
134300K .......... .......... .......... .......... .......... 55% 80.5M 7s
134350K .......... .......... .......... .......... .......... 55% 18.7M 7s
134400K .......... .......... .......... .......... .......... 55% 41.9M 7s
134450K .......... .......... .......... .......... .......... 55%  117M 7s
134500K .......... .......... .......... .......... .......... 55% 17.2M 7s
134550K .......... .......... .......... .......... .......... 55% 53.0M 7s
134600K .......... .......... .......... .......... .......... 55% 9.25M 7s
134650K .......... .......... .......... .......... .......... 55% 31.9M 7s
134700K .......... .......... .......... .......... .......... 55% 65.3M 7s
134750K .......... .......... .......... .......... .......... 55% 15.4M 7s
134800K .......... .......... .......... .......... .......... 55% 64.5M 7s
134850K .......... .......... .......... .......... .......... 55% 98.5M 7s
134900K .......... .......... .......... .......... .......... 55%  117M 7s
134950K .......... .......... .......... .......... .......... 55% 7.32M 7s
135000K .......... .......... .......... .......... .......... 55%  118M 7s
135050K .......... .......... .......... .......... .......... 55%  116M 7s
135100K .......... .......... .......... .......... .......... 55%  116M 7s
135150K .......... .......... .......... .......... .......... 55%  115M 7s
135200K .......... .......... .......... .......... .......... 55% 89.4M 7s
135250K .......... .......... .......... .......... .......... 55%  115M 7s
135300K .......... .......... .......... .......... .......... 55%  118M 7s
135350K .......... .......... .......... .......... .......... 55%  115M 7s
135400K .......... .......... .......... .......... .......... 55%  113M 7s
135450K .......... .......... .......... .......... .......... 55%  118M 7s
135500K .......... .......... .......... .......... .......... 55%  115M 7s
105150K .......... .......... .......... .......... .......... 43%  600K 11s
105200K .......... .......... .......... .......... .......... 43% 13.9M 11s
105250K .......... .......... .......... .......... .......... 43% 90.9M 11s
105300K .......... .......... .......... .......... .......... 43%  117M 11s
105350K .......... .......... .......... .......... .......... 43% 94.9M 11s
105400K .......... .......... .......... .......... .......... 43%  115M 11s
105450K .......... .......... .......... .......... .......... 43% 14.1M 11s
105500K .......... .......... .......... .......... .......... 43%  132M 11s
105550K .......... .......... .......... .......... .......... 43% 90.6M 11s
105600K .......... .......... .......... .......... .......... 43% 85.0M 11s
105650K .......... .......... .......... .......... .......... 43%  116M 11s
105700K .......... .......... .......... .......... .......... 43% 6.61M 11s
105750K .......... .......... .......... .......... .......... 43% 11.4M 11s
105800K .......... .......... .......... .......... .......... 43% 79.8M 11s
105850K .......... .......... .......... .......... .......... 43%  110M 11s
105900K .......... .......... .......... .......... .......... 43% 11.6M 11s
105950K .......... .......... .......... .......... .......... 43% 73.3M 11s
106000K .......... .......... .......... .......... .......... 43% 6.68M 11s
106050K .......... .......... .......... .......... .......... 43%  133M 11s
106100K .......... .......... .......... .......... .......... 43% 11.9M 11s
106150K .......... .......... .......... .......... .......... 43%  116M 11s
106200K .......... .......... .......... .......... .......... 43%  118M 11s
106250K .......... .......... .......... .......... .......... 43%  113M 11s
106300K .......... .......... .......... .......... .......... 43%  117M 11s
106350K .......... .......... .......... .......... .......... 43%  117M 11s
106400K .......... .......... .......... .......... .......... 43% 88.4M 11s
106450K .......... .......... .......... .......... .......... 43%  116M 11s
106500K .......... .......... .......... .......... .......... 43%  121M 11s
106550K .......... .......... .......... .......... .......... 43%  117M 11s
106600K .......... .......... .......... .......... .......... 44%  112M 11s
106650K .......... .......... .......... .......... .......... 44%  114M 11s
106700K .......... .......... .......... .......... .......... 44%  119M 11s
106750K .......... .......... .......... .......... .......... 44%  117M 11s
106800K .......... .......... .......... .......... .......... 44% 88.9M 11s
106850K .......... .......... .......... .......... .......... 44% 79.4M 11s
106900K .......... .......... .......... .......... .......... 44%  117M 11s
106950K .......... .......... .......... .......... .......... 44%  117M 11s
107000K .......... .......... .......... .......... .......... 44%  115M 11s
107050K .......... .......... .......... .......... .......... 44%  117M 11s
135550K .......... .......... .......... .......... .......... 55% 1.02M 7s
107100K .......... .......... .......... .......... .......... 44% 62.9M 11s
107150K .......... .......... .......... .......... .......... 44%  117M 11s
107200K .......... .......... .......... .......... .......... 44% 89.1M 11s
107250K .......... .......... .......... .......... .......... 44%  117M 11s
107300K .......... .......... .......... .......... .......... 44%  117M 11s
107350K .......... .......... .......... .......... .......... 44%  117M 11s
135600K .......... .......... .......... .......... .......... 55% 9.32M 7s
135650K .......... .......... .......... .......... .......... 56%  117M 7s
107400K .......... .......... .......... .......... .......... 44% 50.0M 11s
107450K .......... .......... .......... .......... .......... 44%  117M 11s
135700K .......... .......... .......... .......... .......... 56% 38.4M 7s
107500K .......... .......... .......... .......... .......... 44% 1.75M 11s
107550K .......... .......... .......... .......... .......... 44%  100M 11s
107600K .......... .......... .......... .......... .......... 44% 16.1M 11s
107650K .......... .......... .......... .......... .......... 44% 64.7M 11s
135750K .......... .......... .......... .......... .......... 56% 1.28M 7s
107700K .......... .......... .......... .......... .......... 44% 5.79M 11s
107750K .......... .......... .......... .......... .......... 44%  114M 11s
135800K .......... .......... .......... .......... .......... 56% 8.01M 7s
135850K .......... .......... .......... .......... .......... 56% 71.2M 7s
135900K .......... .......... .......... .......... .......... 56%  117M 7s
135950K .......... .......... .......... .......... .......... 56% 10.3M 7s
136000K .......... .......... .......... .......... .......... 56% 36.1M 7s
136050K .......... .......... .......... .......... .......... 56% 21.7M 7s
136100K .......... .......... .......... .......... .......... 56% 12.4M 7s
136150K .......... .......... .......... .......... .......... 56% 82.5M 7s
136200K .......... .......... .......... .......... .......... 56% 14.2M 7s
136250K .......... .......... .......... .......... .......... 56% 51.0M 7s
136300K .......... .......... .......... .......... .......... 56%  112M 7s
136350K .......... .......... .......... .......... .......... 56%  113M 7s
136400K .......... .......... .......... .......... .......... 56% 7.67M 7s
136450K .......... .......... .......... .......... .......... 56% 71.5M 7s
136500K .......... .......... .......... .......... .......... 56% 13.9M 7s
136550K .......... .......... .......... .......... .......... 56%  120M 7s
136600K .......... .......... .......... .......... .......... 56%  109M 7s
136650K .......... .......... .......... .......... .......... 56%  117M 7s
136700K .......... .......... .......... .......... .......... 56%  121M 7s
136750K .......... .......... .......... .......... .......... 56%  112M 7s
136800K .......... .......... .......... .......... .......... 56% 91.3M 7s
136850K .......... .......... .......... .......... .......... 56%  116M 7s
136900K .......... .......... .......... .......... .......... 56%  117M 7s
136950K .......... .......... .......... .......... .......... 56%  117M 7s
137000K .......... .......... .......... .......... .......... 56%  111M 7s
137050K .......... .......... .......... .......... .......... 56% 5.33M 7s
137100K .......... .......... .......... .......... .......... 56% 13.2M 7s
137150K .......... .......... .......... .......... .......... 56% 39.3M 7s
137200K .......... .......... .......... .......... .......... 56% 64.1M 7s
137250K .......... .......... .......... .......... .......... 56%  116M 7s
137300K .......... .......... .......... .......... .......... 56%  112M 7s
137350K .......... .......... .......... .......... .......... 56% 80.1M 7s
137400K .......... .......... .......... .......... .......... 56% 23.5M 7s
137450K .......... .......... .......... .......... .......... 56% 49.4M 7s
137500K .......... .......... .......... .......... .......... 56% 47.5M 7s
137550K .......... .......... .......... .......... .......... 56% 20.3M 7s
137600K .......... .......... .......... .......... .......... 56% 32.7M 7s
137650K .......... .......... .......... .......... .......... 56% 9.92M 7s
137700K .......... .......... .......... .......... .......... 56% 27.7M 7s
137750K .......... .......... .......... .......... .......... 56% 61.1M 7s
137800K .......... .......... .......... .......... .......... 56% 15.9M 7s
137850K .......... .......... .......... .......... .......... 56% 67.9M 7s
137900K .......... .......... .......... .......... .......... 56%  117M 7s
137950K .......... .......... .......... .......... .......... 56% 86.7M 7s
138000K .......... .......... .......... .......... .......... 56% 4.92M 7s
138050K .......... .......... .......... .......... .......... 56%  119M 7s
138100K .......... .......... .......... .......... .......... 57%  113M 7s
138150K .......... .......... .......... .......... .......... 57%  117M 7s
138200K .......... .......... .......... .......... .......... 57%  113M 7s
138250K .......... .......... .......... .......... .......... 57%  121M 7s
138300K .......... .......... .......... .......... .......... 57%  116M 7s
138350K .......... .......... .......... .......... .......... 57%  113M 7s
138400K .......... .......... .......... .......... .......... 57% 88.6M 7s
138450K .......... .......... .......... .......... .......... 57%  118M 7s
138500K .......... .......... .......... .......... .......... 57%  118M 7s
138550K .......... .......... .......... .......... .......... 57%  113M 7s
107800K .......... .......... .......... .......... .......... 44%  556K 11s
107850K .......... .......... .......... .......... .......... 44%  152M 11s
107900K .......... .......... .......... .......... .......... 44%  130M 11s
107950K .......... .......... .......... .......... .......... 44%  117M 11s
108000K .......... .......... .......... .......... .......... 44% 87.1M 11s
108050K .......... .......... .......... .......... .......... 44%  117M 11s
108100K .......... .......... .......... .......... .......... 44%  117M 11s
108150K .......... .......... .......... .......... .......... 44%  117M 11s
108200K .......... .......... .......... .......... .......... 44%  115M 11s
108250K .......... .......... .......... .......... .......... 44%  117M 11s
108300K .......... .......... .......... .......... .......... 44%  117M 11s
108350K .......... .......... .......... .......... .......... 44%  117M 11s
108400K .......... .......... .......... .......... .......... 44% 89.1M 11s
108450K .......... .......... .......... .......... .......... 44%  117M 11s
108500K .......... .......... .......... .......... .......... 44%  116M 10s
108550K .......... .......... .......... .......... .......... 44%  117M 10s
108600K .......... .......... .......... .......... .......... 44%  115M 10s
108650K .......... .......... .......... .......... .......... 44%  117M 10s
108700K .......... .......... .......... .......... .......... 44% 14.1M 10s
108750K .......... .......... .......... .......... .......... 44% 11.8M 10s
108800K .......... .......... .......... .......... .......... 44% 10.8M 10s
108850K .......... .......... .......... .......... .......... 44% 85.1M 10s
108900K .......... .......... .......... .......... .......... 44%  113M 10s
108950K .......... .......... .......... .......... .......... 44% 11.0M 10s
109000K .......... .......... .......... .......... .......... 45%  115M 10s
109050K .......... .......... .......... .......... .......... 45% 6.82M 10s
109100K .......... .......... .......... .......... .......... 45% 95.1M 10s
109150K .......... .......... .......... .......... .......... 45% 6.21M 10s
109200K .......... .......... .......... .......... .......... 45%  102M 10s
109250K .......... .......... .......... .......... .......... 45%  117M 10s
109300K .......... .......... .......... .......... .......... 45%  116M 10s
109350K .......... .......... .......... .......... .......... 45%  115M 10s
109400K .......... .......... .......... .......... .......... 45%  116M 10s
109450K .......... .......... .......... .......... .......... 45%  119M 10s
109500K .......... .......... .......... .......... .......... 45%  115M 10s
109550K .......... .......... .......... .......... .......... 45%  115M 10s
109600K .......... .......... .......... .......... .......... 45% 88.4M 10s
109650K .......... .......... .......... .......... .......... 45%  120M 10s
109700K .......... .......... .......... .......... .......... 45%  116M 10s
109750K .......... .......... .......... .......... .......... 45%  116M 10s
109800K .......... .......... .......... .......... .......... 45%  115M 10s
109850K .......... .......... .......... .......... .......... 45%  116M 10s
109900K .......... .......... .......... .......... .......... 45%  117M 10s
138600K .......... .......... .......... .......... .......... 57% 1.01M 7s
109950K .......... .......... .......... .......... .......... 45% 82.6M 10s
110000K .......... .......... .......... .......... .......... 45% 89.2M 10s
110050K .......... .......... .......... .......... .......... 45%  117M 10s
110100K .......... .......... .......... .......... .......... 45%  103M 10s
110150K .......... .......... .......... .......... .......... 45%  117M 10s
110200K .......... .......... .......... .......... .......... 45%  115M 10s
110250K .......... .......... .......... .......... .......... 45%  117M 10s
110300K .......... .......... .......... .......... .......... 45%  115M 10s
110350K .......... .......... .......... .......... .......... 45%  119M 10s
138650K .......... .......... .......... .......... .......... 57% 10.1M 7s
110400K .......... .......... .......... .......... .......... 45% 46.0M 10s
110450K .......... .......... .......... .......... .......... 45%  117M 10s
110500K .......... .......... .......... .......... .......... 45%  117M 10s
138700K .......... .......... .......... .......... .......... 57% 32.1M 7s
110550K .......... .......... .......... .......... .......... 45% 1.98M 10s
110600K .......... .......... .......... .......... .......... 45%  123M 10s
110650K .......... .......... .......... .......... .......... 45% 17.5M 10s
110700K .......... .......... .......... .......... .......... 45% 55.4M 10s
138750K .......... .......... .......... .......... .......... 57% 1.41M 7s
110750K .......... .......... .......... .......... .......... 45% 5.86M 10s
138800K .......... .......... .......... .......... .......... 57% 8.05M 7s
138850K .......... .......... .......... .......... .......... 57%  116M 7s
138900K .......... .......... .......... .......... .......... 57% 59.5M 7s
138950K .......... .......... .......... .......... .......... 57% 13.0M 7s
139000K .......... .......... .......... .......... .......... 57% 22.4M 7s
139050K .......... .......... .......... .......... .......... 57%  120M 7s
139100K .......... .......... .......... .......... .......... 57% 23.4M 7s
139150K .......... .......... .......... .......... .......... 57% 12.8M 7s
139200K .......... .......... .......... .......... .......... 57% 14.4M 7s
139250K .......... .......... .......... .......... .......... 57% 31.1M 7s
139300K .......... .......... .......... .......... .......... 57%  117M 7s
139350K .......... .......... .......... .......... .......... 57% 82.7M 7s
139400K .......... .......... .......... .......... .......... 57% 8.46M 7s
139450K .......... .......... .......... .......... .......... 57% 46.1M 7s
139500K .......... .......... .......... .......... .......... 57%  117M 7s
139550K .......... .......... .......... .......... .......... 57% 14.3M 7s
139600K .......... .......... .......... .......... .......... 57% 12.9M 7s
139650K .......... .......... .......... .......... .......... 57%  117M 7s
139700K .......... .......... .......... .......... .......... 57%  118M 7s
139750K .......... .......... .......... .......... .......... 57%  115M 7s
139800K .......... .......... .......... .......... .......... 57%  115M 7s
139850K .......... .......... .......... .......... .......... 57%  112M 7s
139900K .......... .......... .......... .......... .......... 57%  122M 7s
139950K .......... .......... .......... .......... .......... 57%  116M 7s
140000K .......... .......... .......... .......... .......... 57% 87.6M 7s
140050K .......... .......... .......... .......... .......... 57%  118M 7s
140100K .......... .......... .......... .......... .......... 57% 8.49M 7s
140150K .......... .......... .......... .......... .......... 57% 10.2M 7s
140200K .......... .......... .......... .......... .......... 57%  115M 7s
140250K .......... .......... .......... .......... .......... 57% 74.8M 7s
140300K .......... .......... .......... .......... .......... 57%  117M 7s
140350K .......... .......... .......... .......... .......... 57% 82.8M 7s
140400K .......... .......... .......... .......... .......... 57% 22.3M 7s
140450K .......... .......... .......... .......... .......... 57%  118M 7s
140500K .......... .......... .......... .......... .......... 58% 31.0M 7s
140550K .......... .......... .......... .......... .......... 58% 19.9M 7s
140600K .......... .......... .......... .......... .......... 58% 38.7M 7s
140650K .......... .......... .......... .......... .......... 58%  117M 7s
140700K .......... .......... .......... .......... .......... 58% 9.85M 7s
140750K .......... .......... .......... .......... .......... 58% 23.2M 7s
140800K .......... .......... .......... .......... .......... 58% 21.6M 7s
140850K .......... .......... .......... .......... .......... 58% 28.4M 7s
140900K .......... .......... .......... .......... .......... 58%  118M 7s
140950K .......... .......... .......... .......... .......... 58% 86.0M 7s
141000K .......... .......... .......... .......... .......... 58% 4.97M 7s
141050K .......... .......... .......... .......... .......... 58% 13.7M 7s
141100K .......... .......... .......... .......... .......... 58%  117M 7s
141150K .......... .......... .......... .......... .......... 58%  115M 7s
141200K .......... .......... .......... .......... .......... 58% 89.5M 7s
141250K .......... .......... .......... .......... .......... 58%  115M 7s
141300K .......... .......... .......... .......... .......... 58%  118M 7s
141350K .......... .......... .......... .......... .......... 58%  119M 7s
141400K .......... .......... .......... .......... .......... 58%  112M 7s
141450K .......... .......... .......... .......... .......... 58%  116M 7s
141500K .......... .......... .......... .......... .......... 58%  119M 7s
141550K .......... .......... .......... .......... .......... 58%  117M 7s
141600K .......... .......... .......... .......... .......... 58% 87.2M 7s
141650K .......... .......... .......... .......... .......... 58%  117M 7s
110800K .......... .......... .......... .......... .......... 45%  533K 10s
110850K .......... .......... .......... .......... .......... 45%  153M 10s
110900K .......... .......... .......... .......... .......... 45%  131M 10s
110950K .......... .......... .......... .......... .......... 45%  117M 10s
111000K .......... .......... .......... .......... .......... 45%  115M 10s
111050K .......... .......... .......... .......... .......... 45%  115M 10s
111100K .......... .......... .......... .......... .......... 45%  119M 10s
111150K .......... .......... .......... .......... .......... 45%  117M 10s
111200K .......... .......... .......... .......... .......... 45% 89.2M 10s
111250K .......... .......... .......... .......... .......... 45%  117M 10s
111300K .......... .......... .......... .......... .......... 45%  114M 10s
111350K .......... .......... .......... .......... .......... 45%  117M 10s
111400K .......... .......... .......... .......... .......... 45%  115M 10s
111450K .......... .......... .......... .......... .......... 46%  117M 10s
111500K .......... .......... .......... .......... .......... 46%  117M 10s
111550K .......... .......... .......... .......... .......... 46%  116M 10s
111600K .......... .......... .......... .......... .......... 46% 89.5M 10s
111650K .......... .......... .......... .......... .......... 46%  117M 10s
111700K .......... .......... .......... .......... .......... 46%  117M 10s
111750K .......... .......... .......... .......... .......... 46%  117M 10s
111800K .......... .......... .......... .......... .......... 46% 6.61M 10s
111850K .......... .......... .......... .......... .......... 46% 77.9M 10s
111900K .......... .......... .......... .......... .......... 46%  102M 10s
111950K .......... .......... .......... .......... .......... 46% 95.3M 10s
112000K .......... .......... .......... .......... .......... 46% 10.7M 10s
112050K .......... .......... .......... .......... .......... 46%  117M 10s
112100K .......... .......... .......... .......... .......... 46% 6.94M 10s
112150K .......... .......... .......... .......... .......... 46% 72.9M 10s
112200K .......... .......... .......... .......... .......... 46% 6.31M 10s
112250K .......... .......... .......... .......... .......... 46%  117M 10s
112300K .......... .......... .......... .......... .......... 46%  111M 10s
112350K .......... .......... .......... .......... .......... 46%  117M 10s
112400K .......... .......... .......... .......... .......... 46% 86.8M 10s
112450K .......... .......... .......... .......... .......... 46% 12.2M 10s
112500K .......... .......... .......... .......... .......... 46%  117M 10s
112550K .......... .......... .......... .......... .......... 46%  115M 10s
112600K .......... .......... .......... .......... .......... 46%  119M 10s
112650K .......... .......... .......... .......... .......... 46%  113M 10s
112700K .......... .......... .......... .......... .......... 46%  119M 10s
112750K .......... .......... .......... .......... .......... 46%  115M 10s
112800K .......... .......... .......... .......... .......... 46% 88.2M 10s
112850K .......... .......... .......... .......... .......... 46%  115M 10s
112900K .......... .......... .......... .......... .......... 46%  117M 10s
112950K .......... .......... .......... .......... .......... 46%  119M 10s
113000K .......... .......... .......... .......... .......... 46%  105M 10s
113050K .......... .......... .......... .......... .......... 46%  117M 10s
113100K .......... .......... .......... .......... .......... 46%  117M 10s
113150K .......... .......... .......... .......... .......... 46%  117M 10s
113200K .......... .......... .......... .......... .......... 46% 67.4M 10s
113250K .......... .......... .......... .......... .......... 46%  117M 10s
113300K .......... .......... .......... .......... .......... 46%  117M 10s
113350K .......... .......... .......... .......... .......... 46%  116M 10s
113400K .......... .......... .......... .......... .......... 46%  116M 10s
113450K .......... .......... .......... .......... .......... 46%  117M 10s
141700K .......... .......... .......... .......... .......... 58%  946K 7s
113500K .......... .......... .......... .......... .......... 46% 63.7M 10s
113550K .......... .......... .......... .......... .......... 46%  117M 10s
141750K .......... .......... .......... .......... .......... 58% 32.0M 7s
141800K .......... .......... .......... .......... .......... 58%  115M 7s
113600K .......... .......... .......... .......... .......... 46% 2.29M 10s
113650K .......... .......... .......... .......... .......... 46%  118M 10s
113700K .......... .......... .......... .......... .......... 46% 18.3M 10s
113750K .......... .......... .......... .......... .......... 46% 47.9M 10s
141850K .......... .......... .......... .......... .......... 58% 1.57M 7s
113800K .......... .......... .......... .......... .......... 46% 5.81M 10s
141900K .......... .......... .......... .......... .......... 58% 8.29M 7s
141950K .......... .......... .......... .......... .......... 58% 47.7M 7s
142000K .......... .......... .......... .......... .......... 58% 13.3M 7s
142050K .......... .......... .......... .......... .......... 58% 24.4M 7s
142100K .......... .......... .......... .......... .......... 58% 21.8M 7s
142150K .......... .......... .......... .......... .......... 58%  111M 7s
142200K .......... .......... .......... .......... .......... 58% 12.9M 7s
142250K .......... .......... .......... .......... .......... 58% 15.8M 7s
142300K .......... .......... .......... .......... .......... 58% 25.4M 7s
142350K .......... .......... .......... .......... .......... 58%  118M 7s
142400K .......... .......... .......... .......... .......... 58% 64.0M 7s
142450K .......... .......... .......... .......... .......... 58% 8.77M 7s
142500K .......... .......... .......... .......... .......... 58% 40.2M 7s
142550K .......... .......... .......... .......... .......... 58% 15.5M 7s
142600K .......... .......... .......... .......... .......... 58% 7.82M 7s
142650K .......... .......... .......... .......... .......... 58% 40.1M 7s
142700K .......... .......... .......... .......... .......... 58%  117M 7s
142750K .......... .......... .......... .......... .......... 58%  113M 7s
142800K .......... .......... .......... .......... .......... 58% 89.7M 7s
142850K .......... .......... .......... .......... .......... 58%  117M 7s
142900K .......... .......... .......... .......... .......... 59%  117M 7s
142950K .......... .......... .......... .......... .......... 59%  118M 7s
143000K .......... .......... .......... .......... .......... 59%  114M 7s
143050K .......... .......... .......... .......... .......... 59%  117M 7s
143100K .......... .......... .......... .......... .......... 59%  116M 7s
143150K .......... .......... .......... .......... .......... 59%  113M 7s
143200K .......... .......... .......... .......... .......... 59% 7.08M 7s
143250K .......... .......... .......... .......... .......... 59% 50.2M 7s
143300K .......... .......... .......... .......... .......... 59%  117M 7s
143350K .......... .......... .......... .......... .......... 59% 81.0M 7s
143400K .......... .......... .......... .......... .......... 59%  116M 7s
143450K .......... .......... .......... .......... .......... 59% 23.5M 7s
143500K .......... .......... .......... .......... .......... 59% 29.4M 7s
143550K .......... .......... .......... .......... .......... 59% 21.2M 7s
143600K .......... .......... .......... .......... .......... 59% 34.1M 7s
143650K .......... .......... .......... .......... .......... 59%  117M 7s
143700K .......... .......... .......... .......... .......... 59% 9.98M 7s
143750K .......... .......... .......... .......... .......... 59% 22.5M 7s
143800K .......... .......... .......... .......... .......... 59% 23.2M 7s
143850K .......... .......... .......... .......... .......... 59%  121M 7s
143900K .......... .......... .......... .......... .......... 59% 28.2M 7s
143950K .......... .......... .......... .......... .......... 59% 99.8M 7s
144000K .......... .......... .......... .......... .......... 59% 4.82M 7s
144050K .......... .......... .......... .......... .......... 59%  117M 7s
144100K .......... .......... .......... .......... .......... 59%  117M 7s
144150K .......... .......... .......... .......... .......... 59% 7.46M 7s
144200K .......... .......... .......... .......... .......... 59%  111M 7s
144250K .......... .......... .......... .......... .......... 59%  121M 7s
144300K .......... .......... .......... .......... .......... 59%  114M 7s
144350K .......... .......... .......... .......... .......... 59%  117M 7s
144400K .......... .......... .......... .......... .......... 59% 88.8M 7s
144450K .......... .......... .......... .......... .......... 59%  115M 7s
144500K .......... .......... .......... .......... .......... 59%  121M 7s
144550K .......... .......... .......... .......... .......... 59%  114M 7s
144600K .......... .......... .......... .......... .......... 59%  116M 7s
144650K .......... .......... .......... .......... .......... 59%  118M 7s
113850K .......... .......... .......... .......... .......... 47%  517K 10s
113900K .......... .......... .......... .......... .......... 47%  202M 10s
113950K .......... .......... .......... .......... .......... 47%  127M 10s
114000K .......... .......... .......... .......... .......... 47% 93.0M 10s
114050K .......... .......... .......... .......... .......... 47% 49.2M 10s
114100K .......... .......... .......... .......... .......... 47%  117M 10s
114150K .......... .......... .......... .......... .......... 47%  117M 10s
114200K .......... .......... .......... .......... .......... 47%  112M 10s
114250K .......... .......... .......... .......... .......... 47%  118M 10s
114300K .......... .......... .......... .......... .......... 47%  116M 10s
114350K .......... .......... .......... .......... .......... 47%  115M 10s
114400K .......... .......... .......... .......... .......... 47% 88.3M 10s
114450K .......... .......... .......... .......... .......... 47%  119M 10s
114500K .......... .......... .......... .......... .......... 47%  117M 10s
114550K .......... .......... .......... .......... .......... 47%  114M 10s
114600K .......... .......... .......... .......... .......... 47%  117M 10s
114650K .......... .......... .......... .......... .......... 47%  117M 10s
114700K .......... .......... .......... .......... .......... 47%  117M 10s
114750K .......... .......... .......... .......... .......... 47%  117M 10s
114800K .......... .......... .......... .......... .......... 47% 89.1M 10s
114850K .......... .......... .......... .......... .......... 47% 13.3M 10s
114900K .......... .......... .......... .......... .......... 47% 68.9M 10s
114950K .......... .......... .......... .......... .......... 47% 85.5M 10s
115000K .......... .......... .......... .......... .......... 47% 12.1M 10s
115050K .......... .......... .......... .......... .......... 47% 64.1M 10s
115100K .......... .......... .......... .......... .......... 47%  117M 10s
115150K .......... .......... .......... .......... .......... 47% 6.92M 10s
115200K .......... .......... .......... .......... .......... 47% 11.5M 10s
115250K .......... .......... .......... .......... .......... 47% 11.4M 10s
115300K .......... .......... .......... .......... .......... 47%  117M 10s
115350K .......... .......... .......... .......... .......... 47%  104M 10s
115400K .......... .......... .......... .......... .......... 47%  115M 10s
144700K .......... .......... .......... .......... .......... 59% 1.26M 7s
115450K .......... .......... .......... .......... .......... 47% 12.2M 10s
115500K .......... .......... .......... .......... .......... 47%  117M 10s
115550K .......... .......... .......... .......... .......... 47%  117M 10s
115600K .......... .......... .......... .......... .......... 47% 87.2M 10s
115650K .......... .......... .......... .......... .......... 47%  117M 10s
115700K .......... .......... .......... .......... .......... 47% 11.6M 10s
115750K .......... .......... .......... .......... .......... 47%  133M 10s
115800K .......... .......... .......... .......... .......... 47%  117M 10s
115850K .......... .......... .......... .......... .......... 47%  116M 10s
115900K .......... .......... .......... .......... .......... 47%  116M 10s
115950K .......... .......... .......... .......... .......... 47%  117M 10s
116000K .......... .......... .......... .......... .......... 47% 77.3M 10s
116050K .......... .......... .......... .......... .......... 47%  118M 10s
116100K .......... .......... .......... .......... .......... 47%  116M 10s
116150K .......... .......... .......... .......... .......... 47%  116M 10s
116200K .......... .......... .......... .......... .......... 47%  117M 10s
116250K .......... .......... .......... .......... .......... 48%  115M 10s
116300K .......... .......... .......... .......... .......... 48%  115M 10s
116350K .......... .......... .......... .......... .......... 48%  114M 10s
116400K .......... .......... .......... .......... .......... 48% 90.2M 10s
116450K .......... .......... .......... .......... .......... 48%  117M 10s
116500K .......... .......... .......... .......... .......... 48%  117M 10s
116550K .......... .......... .......... .......... .......... 48% 88.0M 10s
116600K .......... .......... .......... .......... .......... 48%  115M 10s
144750K .......... .......... .......... .......... .......... 59% 3.32M 7s
144800K .......... .......... .......... .......... .......... 59% 29.5M 7s
144850K .......... .......... .......... .......... .......... 59%  117M 7s
116650K .......... .......... .......... .......... .......... 48% 2.75M 10s
116700K .......... .......... .......... .......... .......... 48% 81.0M 10s
116750K .......... .......... .......... .......... .......... 48% 20.1M 10s
116800K .......... .......... .......... .......... .......... 48% 34.1M 10s
144900K .......... .......... .......... .......... .......... 59% 1.76M 7s
116850K .......... .......... .......... .......... .......... 48% 6.07M 10s
144950K .......... .......... .......... .......... .......... 59% 7.41M 7s
145000K .......... .......... .......... .......... .......... 59% 14.8M 7s
145050K .......... .......... .......... .......... .......... 59%  132M 7s
145100K .......... .......... .......... .......... .......... 59% 22.8M 7s
145150K .......... .......... .......... .......... .......... 59% 22.1M 7s
145200K .......... .......... .......... .......... .......... 59% 12.5M 7s
145250K .......... .......... .......... .......... .......... 59% 15.2M 7s
145300K .......... .......... .......... .......... .......... 59%  127M 7s
145350K .......... .......... .......... .......... .......... 60% 26.1M 7s
145400K .......... .......... .......... .......... .......... 60%  106M 7s
145450K .......... .......... .......... .......... .......... 60% 8.70M 7s
145500K .......... .......... .......... .......... .......... 60% 34.3M 7s
145550K .......... .......... .......... .......... .......... 60%  118M 7s
145600K .......... .......... .......... .......... .......... 60% 15.4M 7s
145650K .......... .......... .......... .......... .......... 60% 6.73M 7s
145700K .......... .......... .......... .......... .......... 60% 14.1M 7s
145750K .......... .......... .......... .......... .......... 60%  121M 7s
145800K .......... .......... .......... .......... .......... 60%  114M 7s
145850K .......... .......... .......... .......... .......... 60%  120M 7s
145900K .......... .......... .......... .......... .......... 60%  112M 7s
145950K .......... .......... .......... .......... .......... 60%  121M 7s
146000K .......... .......... .......... .......... .......... 60% 87.3M 7s
146050K .......... .......... .......... .......... .......... 60%  116M 7s
146100K .......... .......... .......... .......... .......... 60%  117M 7s
146150K .......... .......... .......... .......... .......... 60%  120M 7s
146200K .......... .......... .......... .......... .......... 60%  111M 7s
146250K .......... .......... .......... .......... .......... 60% 24.3M 7s
146300K .......... .......... .......... .......... .......... 60% 18.3M 7s
146350K .......... .......... .......... .......... .......... 60%  118M 7s
146400K .......... .......... .......... .......... .......... 60% 69.4M 7s
146450K .......... .......... .......... .......... .......... 60% 22.7M 7s
146500K .......... .......... .......... .......... .......... 60%  116M 7s
146550K .......... .......... .......... .......... .......... 60% 30.1M 7s
146600K .......... .......... .......... .......... .......... 60% 15.2M 7s
146650K .......... .......... .......... .......... .......... 60%  117M 7s
146700K .......... .......... .......... .......... .......... 60% 10.1M 7s
146750K .......... .......... .......... .......... .......... 60% 22.0M 7s
146800K .......... .......... .......... .......... .......... 60% 23.0M 7s
146850K .......... .......... .......... .......... .......... 60% 26.6M 7s
146900K .......... .......... .......... .......... .......... 60%  141M 7s
146950K .......... .......... .......... .......... .......... 60% 94.8M 7s
147000K .......... .......... .......... .......... .......... 60% 4.76M 7s
147050K .......... .......... .......... .......... .......... 60%  117M 6s
147100K .......... .......... .......... .......... .......... 60%  115M 6s
147150K .......... .......... .......... .......... .......... 60% 7.67M 6s
147200K .......... .......... .......... .......... .......... 60% 13.7M 6s
147250K .......... .......... .......... .......... .......... 60%  117M 6s
147300K .......... .......... .......... .......... .......... 60%  118M 6s
147350K .......... .......... .......... .......... .......... 60%  115M 6s
147400K .......... .......... .......... .......... .......... 60%  117M 6s
147450K .......... .......... .......... .......... .......... 60%  112M 6s
147500K .......... .......... .......... .......... .......... 60%  119M 6s
147550K .......... .......... .......... .......... .......... 60%  116M 6s
147600K .......... .......... .......... .......... .......... 60% 87.7M 6s
147650K .......... .......... .......... .......... .......... 60%  120M 6s
147700K .......... .......... .......... .......... .......... 60%  117M 6s
116900K .......... .......... .......... .......... .......... 48%  499K 10s
116950K .......... .......... .......... .......... .......... 48%  214M 10s
117000K .......... .......... .......... .......... .......... 48%  120M 10s
117050K .......... .......... .......... .......... .......... 48%  124M 10s
117100K .......... .......... .......... .......... .......... 48%  115M 10s
117150K .......... .......... .......... .......... .......... 48%  118M 10s
117200K .......... .......... .......... .......... .......... 48% 87.2M 10s
117250K .......... .......... .......... .......... .......... 48%  117M 10s
117300K .......... .......... .......... .......... .......... 48%  117M 10s
117350K .......... .......... .......... .......... .......... 48%  117M 10s
117400K .......... .......... .......... .......... .......... 48%  115M 10s
117450K .......... .......... .......... .......... .......... 48% 43.1M 10s
117500K .......... .......... .......... .......... .......... 48%  117M 10s
117550K .......... .......... .......... .......... .......... 48%  120M 10s
117600K .......... .......... .......... .......... .......... 48% 87.5M 10s
117650K .......... .......... .......... .......... .......... 48%  115M 10s
117700K .......... .......... .......... .......... .......... 48%  116M 10s
117750K .......... .......... .......... .......... .......... 48%  118M 10s
117800K .......... .......... .......... .......... .......... 48%  115M 10s
117850K .......... .......... .......... .......... .......... 48%  117M 10s
117900K .......... .......... .......... .......... .......... 48%  117M 10s
117950K .......... .......... .......... .......... .......... 48%  115M 10s
118000K .......... .......... .......... .......... .......... 48% 70.8M 10s
118050K .......... .......... .......... .......... .......... 48% 12.7M 10s
118100K .......... .......... .......... .......... .......... 48% 48.3M 10s
118150K .......... .......... .......... .......... .......... 48%  116M 10s
118200K .......... .......... .......... .......... .......... 48% 6.70M 10s
118250K .......... .......... .......... .......... .......... 48% 13.0M 10s
118300K .......... .......... .......... .......... .......... 48% 11.2M 10s
118350K .......... .......... .......... .......... .......... 48%  117M 10s
118400K .......... .......... .......... .......... .......... 48% 86.5M 10s
118450K .......... .......... .......... .......... .......... 48%  115M 10s
118500K .......... .......... .......... .......... .......... 48% 12.0M 10s
118550K .......... .......... .......... .......... .......... 48%  119M 9s
118600K .......... .......... .......... .......... .......... 48%  114M 9s
118650K .......... .......... .......... .......... .......... 48%  105M 9s
118700K .......... .......... .......... .......... .......... 49%  111M 9s
118750K .......... .......... .......... .......... .......... 49% 12.4M 9s
118800K .......... .......... .......... .......... .......... 49% 78.2M 9s
118850K .......... .......... .......... .......... .......... 49%  117M 9s
147750K .......... .......... .......... .......... .......... 61% 1.09M 6s
118900K .......... .......... .......... .......... .......... 49% 11.9M 9s
118950K .......... .......... .......... .......... .......... 49%  118M 9s
119000K .......... .......... .......... .......... .......... 49%  115M 9s
119050K .......... .......... .......... .......... .......... 49%  114M 9s
119100K .......... .......... .......... .......... .......... 49%  117M 9s
119150K .......... .......... .......... .......... .......... 49%  117M 9s
119200K .......... .......... .......... .......... .......... 49% 88.2M 9s
119250K .......... .......... .......... .......... .......... 49%  118M 9s
119300K .......... .......... .......... .......... .......... 49%  117M 9s
119350K .......... .......... .......... .......... .......... 49%  117M 9s
119400K .......... .......... .......... .......... .......... 49%  113M 9s
119450K .......... .......... .......... .......... .......... 49%  117M 9s
119500K .......... .......... .......... .......... .......... 49%  117M 9s
119550K .......... .......... .......... .......... .......... 49%  117M 9s
147800K .......... .......... .......... .......... .......... 61% 5.63M 6s
119600K .......... .......... .......... .......... .......... 49% 80.8M 9s
119650K .......... .......... .......... .......... .......... 49%  117M 9s
147850K .......... .......... .......... .......... .......... 61% 31.9M 6s
147900K .......... .......... .......... .......... .......... 61%  120M 6s
119700K .......... .......... .......... .......... .......... 49% 3.46M 9s
119750K .......... .......... .......... .......... .......... 49% 61.7M 9s
119800K .......... .......... .......... .......... .......... 49% 21.9M 9s
119850K .......... .......... .......... .......... .......... 49% 35.1M 9s
147950K .......... .......... .......... .......... .......... 61% 1.98M 6s
119900K .......... .......... .......... .......... .......... 49% 6.27M 9s
148000K .......... .......... .......... .......... .......... 61% 7.44M 6s
148050K .......... .......... .......... .......... .......... 61% 15.3M 6s
148100K .......... .......... .......... .......... .......... 61%  117M 6s
148150K .......... .......... .......... .......... .......... 61% 23.6M 6s
148200K .......... .......... .......... .......... .......... 61% 21.7M 6s
148250K .......... .......... .......... .......... .......... 61% 12.7M 6s
148300K .......... .......... .......... .......... .......... 61%  117M 6s
148350K .......... .......... .......... .......... .......... 61% 15.6M 6s
148400K .......... .......... .......... .......... .......... 61% 24.1M 6s
148450K .......... .......... .......... .......... .......... 61% 94.6M 6s
148500K .......... .......... .......... .......... .......... 61% 8.89M 6s
148550K .......... .......... .......... .......... .......... 61%  117M 6s
148600K .......... .......... .......... .......... .......... 61% 31.2M 6s
148650K .......... .......... .......... .......... .......... 61% 5.59M 6s
119950K .......... .......... .......... .......... .......... 49% 48.9M 9s
148700K .......... .......... .......... .......... .......... 61% 6.33M 6s
148750K .......... .......... .......... .......... .......... 61%  138M 6s
148800K .......... .......... .......... .......... .......... 61% 87.9M 6s
148850K .......... .......... .......... .......... .......... 61%  115M 6s
148900K .......... .......... .......... .......... .......... 61%  121M 6s
148950K .......... .......... .......... .......... .......... 61%  114M 6s
149000K .......... .......... .......... .......... .......... 61%  116M 6s
149050K .......... .......... .......... .......... .......... 61%  117M 6s
149100K .......... .......... .......... .......... .......... 61%  116M 6s
149150K .......... .......... .......... .......... .......... 61%  118M 6s
149200K .......... .......... .......... .......... .......... 61% 87.9M 6s
149250K .......... .......... .......... .......... .......... 61%  115M 6s
149300K .......... .......... .......... .......... .......... 61%  117M 6s
149350K .......... .......... .......... .......... .......... 61% 45.8M 6s
149400K .......... .......... .......... .......... .......... 61% 70.1M 6s
149450K .......... .......... .......... .......... .......... 61% 24.3M 6s
149500K .......... .......... .......... .......... .......... 61% 85.0M 6s
149550K .......... .......... .......... .......... .......... 61%  117M 6s
149600K .......... .......... .......... .......... .......... 61% 27.7M 6s
149650K .......... .......... .......... .......... .......... 61% 16.4M 6s
149700K .......... .......... .......... .......... .......... 61% 9.96M 6s
149750K .......... .......... .......... .......... .......... 61% 21.8M 6s
149800K .......... .......... .......... .......... .......... 61%  116M 6s
149850K .......... .......... .......... .......... .......... 61% 24.1M 6s
149900K .......... .......... .......... .......... .......... 61% 28.5M 6s
149950K .......... .......... .......... .......... .......... 61% 70.2M 6s
150000K .......... .......... .......... .......... .......... 61% 4.68M 6s
150050K .......... .......... .......... .......... .......... 61%  154M 6s
150100K .......... .......... .......... .......... .......... 61%  109M 6s
150150K .......... .......... .......... .......... .......... 61% 7.72M 6s
150200K .......... .......... .......... .......... .......... 62% 14.1M 6s
150250K .......... .......... .......... .......... .......... 62% 92.0M 6s
150300K .......... .......... .......... .......... .......... 62% 13.6M 6s
150350K .......... .......... .......... .......... .......... 62%  116M 6s
150400K .......... .......... .......... .......... .......... 62% 88.9M 6s
150450K .......... .......... .......... .......... .......... 62%  113M 6s
150500K .......... .......... .......... .......... .......... 62%  117M 6s
150550K .......... .......... .......... .......... .......... 62%  116M 6s
150600K .......... .......... .......... .......... .......... 62%  115M 6s
150650K .......... .......... .......... .......... .......... 62%  117M 6s
150700K .......... .......... .......... .......... .......... 62%  117M 6s
150750K .......... .......... .......... .......... .......... 62%  115M 6s
120000K .......... .......... .......... .......... .......... 49%  483K 9s
120050K .......... .......... .......... .......... .......... 49%  161M 9s
120100K .......... .......... .......... .......... .......... 49%  115M 9s
120150K .......... .......... .......... .......... .......... 49%  101M 9s
120200K .......... .......... .......... .......... .......... 49%  107M 9s
120250K .......... .......... .......... .......... .......... 49%  117M 9s
120300K .......... .......... .......... .......... .......... 49%  117M 9s
120350K .......... .......... .......... .......... .......... 49%  117M 9s
120400K .......... .......... .......... .......... .......... 49% 89.1M 9s
120450K .......... .......... .......... .......... .......... 49%  117M 9s
120500K .......... .......... .......... .......... .......... 49%  117M 9s
120550K .......... .......... .......... .......... .......... 49% 38.5M 9s
120600K .......... .......... .......... .......... .......... 49%  115M 9s
120650K .......... .......... .......... .......... .......... 49%  118M 9s
120700K .......... .......... .......... .......... .......... 49%  116M 9s
120750K .......... .......... .......... .......... .......... 49%  116M 9s
120800K .......... .......... .......... .......... .......... 49% 87.3M 9s
120850K .......... .......... .......... .......... .......... 49%  117M 9s
120900K .......... .......... .......... .......... .......... 49%  117M 9s
120950K .......... .......... .......... .......... .......... 49%  117M 9s
121000K .......... .......... .......... .......... .......... 49%  118M 9s
121050K .......... .......... .......... .......... .......... 49%  113M 9s
121100K .......... .......... .......... .......... .......... 50%  117M 9s
121150K .......... .......... .......... .......... .......... 50% 53.8M 9s
121200K .......... .......... .......... .......... .......... 50% 6.95M 9s
121250K .......... .......... .......... .......... .......... 50% 56.9M 9s
121300K .......... .......... .......... .......... .......... 50% 6.41M 9s
121350K .......... .......... .......... .......... .......... 50%  101M 9s
121400K .......... .......... .......... .......... .......... 50%  116M 9s
121450K .......... .......... .......... .......... .......... 50%  107M 9s
121500K .......... .......... .......... .......... .......... 50%  112M 9s
121550K .......... .......... .......... .......... .......... 50% 12.3M 9s
121600K .......... .......... .......... .......... .......... 50% 82.4M 9s
121650K .......... .......... .......... .......... .......... 50%  115M 9s
121700K .......... .......... .......... .......... .......... 50%  106M 9s
121750K .......... .......... .......... .......... .......... 50%  102M 9s
121800K .......... .......... .......... .......... .......... 50%  115M 9s
121850K .......... .......... .......... .......... .......... 50% 12.2M 9s
121900K .......... .......... .......... .......... .......... 50%  115M 9s
150800K .......... .......... .......... .......... .......... 62% 1.17M 6s
121950K .......... .......... .......... .......... .......... 50% 11.8M 9s
122000K .......... .......... .......... .......... .......... 50% 87.9M 9s
122050K .......... .......... .......... .......... .......... 50%  117M 9s
122100K .......... .......... .......... .......... .......... 50% 12.2M 9s
122150K .......... .......... .......... .......... .......... 50%  118M 9s
122200K .......... .......... .......... .......... .......... 50%  112M 9s
122250K .......... .......... .......... .......... .......... 50%  120M 9s
122300K .......... .......... .......... .......... .......... 50%  117M 9s
122350K .......... .......... .......... .......... .......... 50%  116M 9s
122400K .......... .......... .......... .......... .......... 50% 88.1M 9s
122450K .......... .......... .......... .......... .......... 50%  115M 9s
122500K .......... .......... .......... .......... .......... 50%  117M 9s
122550K .......... .......... .......... .......... .......... 50%  116M 9s
150850K .......... .......... .......... .......... .......... 62% 4.21M 6s
122600K .......... .......... .......... .......... .......... 50% 96.7M 9s
122650K .......... .......... .......... .......... .......... 50%  117M 9s
122700K .......... .......... .......... .......... .......... 50%  117M 9s
150900K .......... .......... .......... .......... .......... 62% 27.3M 6s
150950K .......... .......... .......... .......... .......... 62%  118M 6s
122750K .......... .......... .......... .......... .......... 50% 4.66M 9s
122800K .......... .......... .......... .......... .......... 50% 52.5M 9s
122850K .......... .......... .......... .......... .......... 50% 14.9M 9s
122900K .......... .......... .......... .......... .......... 50%  113M 9s
151000K .......... .......... .......... .......... .......... 62% 2.28M 6s
122950K .......... .......... .......... .......... .......... 50% 5.91M 9s
151050K .......... .......... .......... .......... .......... 62% 8.28M 6s
151100K .......... .......... .......... .......... .......... 62% 47.5M 6s
151150K .......... .......... .......... .......... .......... 62% 15.3M 6s
151200K .......... .......... .......... .......... .......... 62% 23.0M 6s
151250K .......... .......... .......... .......... .......... 62% 19.5M 6s
151300K .......... .......... .......... .......... .......... 62% 16.2M 6s
151350K .......... .......... .......... .......... .......... 62% 39.7M 6s
151400K .......... .......... .......... .......... .......... 62% 15.8M 6s
151450K .......... .......... .......... .......... .......... 62% 27.2M 6s
151500K .......... .......... .......... .......... .......... 62% 84.4M 6s
151550K .......... .......... .......... .......... .......... 62%  118M 6s
151600K .......... .......... .......... .......... .......... 62% 8.82M 6s
151650K .......... .......... .......... .......... .......... 62% 29.8M 6s
123000K .......... .......... .......... .......... .......... 50% 1.19M 9s
151700K .......... .......... .......... .......... .......... 62% 3.06M 6s
151750K .......... .......... .......... .......... .......... 62% 13.3M 6s
151800K .......... .......... .......... .......... .......... 62%  148M 6s
151850K .......... .......... .......... .......... .......... 62%  114M 6s
151900K .......... .......... .......... .......... .......... 62%  121M 6s
151950K .......... .......... .......... .......... .......... 62%  111M 6s
152000K .......... .......... .......... .......... .......... 62% 90.2M 6s
152050K .......... .......... .......... .......... .......... 62%  120M 6s
152100K .......... .......... .......... .......... .......... 62%  116M 6s
152150K .......... .......... .......... .......... .......... 62%  115M 6s
152200K .......... .......... .......... .......... .......... 62%  109M 6s
152250K .......... .......... .......... .......... .......... 62%  123M 6s
152300K .......... .......... .......... .......... .......... 62%  115M 6s
152350K .......... .......... .......... .......... .......... 62%  116M 6s
152400K .......... .......... .......... .......... .......... 62% 89.7M 6s
152450K .......... .......... .......... .......... .......... 62%  117M 6s
152500K .......... .......... .......... .......... .......... 62%  116M 6s
152550K .......... .......... .......... .......... .......... 62%  117M 6s
152600K .......... .......... .......... .......... .......... 63% 47.4M 6s
152650K .......... .......... .......... .......... .......... 63% 16.3M 6s
152700K .......... .......... .......... .......... .......... 63% 9.66M 6s
152750K .......... .......... .......... .......... .......... 63%  168M 6s
152800K .......... .......... .......... .......... .......... 63% 21.2M 6s
152850K .......... .......... .......... .......... .......... 63% 23.1M 6s
152900K .......... .......... .......... .......... .......... 63% 29.7M 6s
152950K .......... .......... .......... .......... .......... 63% 61.0M 6s
153000K .......... .......... .......... .......... .......... 63%  116M 6s
153050K .......... .......... .......... .......... .......... 63% 4.82M 6s
153100K .......... .......... .......... .......... .......... 63% 84.4M 6s
153150K .......... .......... .......... .......... .......... 63% 7.71M 6s
153200K .......... .......... .......... .......... .......... 63% 13.8M 6s
153250K .......... .......... .......... .......... .......... 63%  149M 6s
153300K .......... .......... .......... .......... .......... 63% 86.8M 6s
153350K .......... .......... .......... .......... .......... 63% 13.3M 6s
153400K .......... .......... .......... .......... .......... 63% 13.3M 6s
153450K .......... .......... .......... .......... .......... 63%  141M 6s
153500K .......... .......... .......... .......... .......... 63%  123M 6s
153550K .......... .......... .......... .......... .......... 63%  117M 6s
153600K .......... .......... .......... .......... .......... 63% 86.0M 6s
153650K .......... .......... .......... .......... .......... 63%  118M 6s
153700K .......... .......... .......... .......... .......... 63%  118M 6s
153750K .......... .......... .......... .......... .......... 63%  117M 6s
153800K .......... .......... .......... .......... .......... 63%  112M 6s
153850K .......... .......... .......... .......... .......... 63%  118M 6s
123050K .......... .......... .......... .......... .......... 50%  754K 9s
123100K .......... .......... .......... .......... .......... 50%  126M 9s
123150K .......... .......... .......... .......... .......... 50%  125M 9s
123200K .......... .......... .......... .......... .......... 50% 82.2M 9s
123250K .......... .......... .......... .......... .......... 50%  117M 9s
123300K .......... .......... .......... .......... .......... 50%  117M 9s
123350K .......... .......... .......... .......... .......... 50%  117M 9s
123400K .......... .......... .......... .......... .......... 50%  113M 9s
123450K .......... .......... .......... .......... .......... 50%  119M 9s
123500K .......... .......... .......... .......... .......... 50%  117M 9s
123550K .......... .......... .......... .......... .......... 51%  117M 9s
123600K .......... .......... .......... .......... .......... 51% 89.1M 9s
123650K .......... .......... .......... .......... .......... 51%  117M 9s
123700K .......... .......... .......... .......... .......... 51% 38.9M 9s
123750K .......... .......... .......... .......... .......... 51%  117M 9s
123800K .......... .......... .......... .......... .......... 51%  116M 9s
123850K .......... .......... .......... .......... .......... 51%  114M 9s
123900K .......... .......... .......... .......... .......... 51%  115M 9s
123950K .......... .......... .......... .......... .......... 51%  119M 9s
124000K .......... .......... .......... .......... .......... 51% 87.1M 9s
124050K .......... .......... .......... .......... .......... 51%  117M 9s
124100K .......... .......... .......... .......... .......... 51%  119M 9s
124150K .......... .......... .......... .......... .......... 51%  117M 9s
124200K .......... .......... .......... .......... .......... 51%  113M 9s
124250K .......... .......... .......... .......... .......... 51% 12.7M 9s
124300K .......... .......... .......... .......... .......... 51% 60.1M 9s
124350K .......... .......... .......... .......... .......... 51% 6.41M 9s
124400K .......... .......... .......... .......... .......... 51% 81.4M 9s
124450K .......... .......... .......... .......... .......... 51%  104M 9s
124500K .......... .......... .......... .......... .......... 51%  116M 9s
124550K .......... .......... .......... .......... .......... 51%  117M 9s
124600K .......... .......... .......... .......... .......... 51% 12.1M 9s
124650K .......... .......... .......... .......... .......... 51%  110M 9s
124700K .......... .......... .......... .......... .......... 51%  117M 9s
124750K .......... .......... .......... .......... .......... 51%  117M 9s
124800K .......... .......... .......... .......... .......... 51% 83.1M 9s
124850K .......... .......... .......... .......... .......... 51% 12.3M 9s
124900K .......... .......... .......... .......... .......... 51%  107M 9s
124950K .......... .......... .......... .......... .......... 51%  114M 9s
125000K .......... .......... .......... .......... .......... 51% 12.8M 9s
125050K .......... .......... .......... .......... .......... 51% 67.5M 9s
125100K .......... .......... .......... .......... .......... 51%  117M 9s
125150K .......... .......... .......... .......... .......... 51% 12.1M 9s
125200K .......... .......... .......... .......... .......... 51% 11.6M 9s
153900K .......... .......... .......... .......... .......... 63% 1006K 6s
125250K .......... .......... .......... .......... .......... 51% 68.2M 9s
125300K .......... .......... .......... .......... .......... 51%  115M 9s
125350K .......... .......... .......... .......... .......... 51%  121M 9s
125400K .......... .......... .......... .......... .......... 51%  114M 9s
125450K .......... .......... .......... .......... .......... 51%  117M 9s
125500K .......... .......... .......... .......... .......... 51%  113M 9s
125550K .......... .......... .......... .......... .......... 51%  120M 9s
125600K .......... .......... .......... .......... .......... 51% 86.4M 9s
125650K .......... .......... .......... .......... .......... 51%  115M 9s
125700K .......... .......... .......... .......... .......... 51%  120M 9s
125750K .......... .......... .......... .......... .......... 51%  115M 9s
153950K .......... .......... .......... .......... .......... 63% 9.21M 6s
125800K .......... .......... .......... .......... .......... 51% 7.37M 9s
125850K .......... .......... .......... .......... .......... 51% 69.1M 9s
125900K .......... .......... .......... .......... .......... 51% 23.5M 9s
125950K .......... .......... .......... .......... .......... 52% 29.6M 9s
154000K .......... .......... .......... .......... .......... 63% 2.74M 6s
154050K .......... .......... .......... .......... .......... 63% 99.5M 6s
154100K .......... .......... .......... .......... .......... 63%  117M 6s
126000K .......... .......... .......... .......... .......... 52% 5.95M 9s
154150K .......... .......... .......... .......... .......... 63% 7.55M 6s
154200K .......... .......... .......... .......... .......... 63% 10.6M 6s
154250K .......... .......... .......... .......... .......... 63% 74.6M 6s
154300K .......... .......... .......... .......... .......... 63%  118M 6s
154350K .......... .......... .......... .......... .......... 63% 20.6M 6s
154400K .......... .......... .......... .......... .......... 63% 11.9M 6s
154450K .......... .......... .......... .......... .......... 63% 11.0M 6s
154500K .......... .......... .......... .......... .......... 63%  106M 6s
154550K .......... .......... .......... .......... .......... 63%  117M 6s
154600K .......... .......... .......... .......... .......... 63% 10.2M 6s
154650K .......... .......... .......... .......... .......... 63% 42.4M 6s
154700K .......... .......... .......... .......... .......... 63% 27.3M 6s
154750K .......... .......... .......... .......... .......... 63%  114M 6s
154800K .......... .......... .......... .......... .......... 63% 2.56M 6s
154850K .......... .......... .......... .......... .......... 63% 13.5M 6s
154900K .......... .......... .......... .......... .......... 63%  120M 6s
154950K .......... .......... .......... .......... .......... 63%  112M 6s
155000K .......... .......... .......... .......... .......... 63%  116M 6s
155050K .......... .......... .......... .......... .......... 64%  119M 6s
155100K .......... .......... .......... .......... .......... 64%  114M 6s
155150K .......... .......... .......... .......... .......... 64%  117M 6s
155200K .......... .......... .......... .......... .......... 64% 90.5M 6s
155250K .......... .......... .......... .......... .......... 64%  112M 6s
155300K .......... .......... .......... .......... .......... 64%  120M 6s
155350K .......... .......... .......... .......... .......... 64%  117M 6s
155400K .......... .......... .......... .......... .......... 64%  113M 6s
155450K .......... .......... .......... .......... .......... 64%  117M 6s
155500K .......... .......... .......... .......... .......... 64%  116M 6s
155550K .......... .......... .......... .......... .......... 64%  118M 6s
155600K .......... .......... .......... .......... .......... 64% 88.7M 6s
155650K .......... .......... .......... .......... .......... 64%  117M 6s
155700K .......... .......... .......... .......... .......... 64%  116M 6s
155750K .......... .......... .......... .......... .......... 64% 10.1M 6s
155800K .......... .......... .......... .......... .......... 64% 22.4M 6s
155850K .......... .......... .......... .......... .......... 64% 23.1M 6s
155900K .......... .......... .......... .......... .......... 64%  113M 6s
155950K .......... .......... .......... .......... .......... 64% 28.4M 6s
156000K .......... .......... .......... .......... .......... 64% 50.2M 6s
156050K .......... .......... .......... .......... .......... 64% 4.78M 6s
156100K .......... .......... .......... .......... .......... 64% 90.2M 6s
156150K .......... .......... .......... .......... .......... 64%  117M 6s
156200K .......... .......... .......... .......... .......... 64% 8.08M 6s
156250K .......... .......... .......... .......... .......... 64% 14.4M 6s
156300K .......... .......... .......... .......... .......... 64% 66.9M 6s
156350K .......... .......... .......... .......... .......... 64%  117M 6s
156400K .......... .......... .......... .......... .......... 64% 13.9M 6s
156450K .......... .......... .......... .......... .......... 64% 13.1M 6s
156500K .......... .......... .......... .......... .......... 64% 80.0M 6s
156550K .......... .......... .......... .......... .......... 64%  117M 6s
156600K .......... .......... .......... .......... .......... 64%  115M 6s
126050K .......... .......... .......... .......... .......... 52%  466K 9s
126100K .......... .......... .......... .......... .......... 52%  231M 9s
126150K .......... .......... .......... .......... .......... 52%  124M 9s
126200K .......... .......... .......... .......... .......... 52%  119M 9s
126250K .......... .......... .......... .......... .......... 52%  115M 9s
126300K .......... .......... .......... .......... .......... 52%  119M 9s
126350K .......... .......... .......... .......... .......... 52%  117M 9s
126400K .......... .......... .......... .......... .......... 52% 88.8M 9s
126450K .......... .......... .......... .......... .......... 52%  117M 9s
126500K .......... .......... .......... .......... .......... 52%  117M 9s
126550K .......... .......... .......... .......... .......... 52%  117M 9s
126600K .......... .......... .......... .......... .......... 52%  115M 9s
126650K .......... .......... .......... .......... .......... 52%  117M 9s
126700K .......... .......... .......... .......... .......... 52%  117M 9s
126750K .......... .......... .......... .......... .......... 52% 9.92M 9s
126800K .......... .......... .......... .......... .......... 52% 97.3M 9s
126850K .......... .......... .......... .......... .......... 52%  116M 9s
126900K .......... .......... .......... .......... .......... 52%  117M 9s
126950K .......... .......... .......... .......... .......... 52%  117M 9s
127000K .......... .......... .......... .......... .......... 52%  112M 9s
127050K .......... .......... .......... .......... .......... 52%  118M 9s
127100K .......... .......... .......... .......... .......... 52%  117M 9s
127150K .......... .......... .......... .......... .......... 52%  116M 9s
127200K .......... .......... .......... .......... .......... 52% 87.1M 9s
127250K .......... .......... .......... .......... .......... 52%  117M 9s
127300K .......... .......... .......... .......... .......... 52%  117M 9s
127350K .......... .......... .......... .......... .......... 52% 73.5M 9s
127400K .......... .......... .......... .......... .......... 52% 6.49M 9s
127450K .......... .......... .......... .......... .......... 52% 78.0M 9s
127500K .......... .......... .......... .......... .......... 52%  105M 9s
127550K .......... .......... .......... .......... .......... 52%  108M 9s
127600K .......... .......... .......... .......... .......... 52% 12.2M 9s
127650K .......... .......... .......... .......... .......... 52% 78.4M 9s
127700K .......... .......... .......... .......... .......... 52%  102M 9s
127750K .......... .......... .......... .......... .......... 52%  117M 9s
127800K .......... .......... .......... .......... .......... 52%  115M 9s
127850K .......... .......... .......... .......... .......... 52%  116M 9s
127900K .......... .......... .......... .......... .......... 52% 11.4M 9s
127950K .......... .......... .......... .......... .......... 52%  133M 9s
128000K .......... .......... .......... .......... .......... 52% 89.1M 9s
128050K .......... .......... .......... .......... .......... 52% 12.9M 9s
128100K .......... .......... .......... .......... .......... 52%  108M 9s
128150K .......... .......... .......... .......... .......... 52% 13.0M 9s
128200K .......... .......... .......... .......... .......... 52% 83.9M 9s
128250K .......... .......... .......... .......... .......... 52% 12.1M 9s
128300K .......... .......... .......... .......... .......... 52% 11.0M 9s
128350K .......... .......... .......... .......... .......... 52%  117M 9s
128400K .......... .......... .......... .......... .......... 53% 88.2M 9s
128450K .......... .......... .......... .......... .......... 53%  115M 9s
128500K .......... .......... .......... .......... .......... 53%  114M 9s
128550K .......... .......... .......... .......... .......... 53%  119M 9s
128600K .......... .......... .......... .......... .......... 53%  112M 9s
128650K .......... .......... .......... .......... .......... 53%  118M 9s
128700K .......... .......... .......... .......... .......... 53%  116M 9s
128750K .......... .......... .......... .......... .......... 53%  120M 9s
128800K .......... .......... .......... .......... .......... 53% 88.1M 9s
156650K .......... .......... .......... .......... .......... 64%  817K 6s
156700K .......... .......... .......... .......... .......... 64%  117M 6s
156750K .......... .......... .......... .......... .......... 64%  116M 6s
156800K .......... .......... .......... .......... .......... 64% 89.0M 6s
156850K .......... .......... .......... .......... .......... 64%  118M 6s
156900K .......... .......... .......... .......... .......... 64%  114M 6s
156950K .......... .......... .......... .......... .......... 64%  116M 6s
157000K .......... .......... .......... .......... .......... 64%  116M 6s
157050K .......... .......... .......... .......... .......... 64%  115M 6s
128850K .......... .......... .......... .......... .......... 53% 11.2M 9s
128900K .......... .......... .......... .......... .......... 53%  135M 9s
128950K .......... .......... .......... .......... .......... 53% 21.8M 9s
129000K .......... .......... .......... .......... .......... 53%  107M 8s
157100K .......... .......... .......... .......... .......... 64% 4.43M 6s
129050K .......... .......... .......... .......... .......... 53% 6.06M 8s
157150K .......... .......... .......... .......... .......... 64% 7.30M 6s
157200K .......... .......... .......... .......... .......... 64% 89.7M 6s
157250K .......... .......... .......... .......... .......... 64% 12.2M 6s
157300K .......... .......... .......... .......... .......... 64% 59.1M 6s
157350K .......... .......... .......... .......... .......... 64% 19.0M 6s
157400K .......... .......... .......... .......... .......... 64% 17.7M 6s
157450K .......... .......... .......... .......... .......... 65% 8.73M 6s
157500K .......... .......... .......... .......... .......... 65% 96.4M 6s
157550K .......... .......... .......... .......... .......... 65%  124M 6s
157600K .......... .......... .......... .......... .......... 65% 9.89M 6s
157650K .......... .......... .......... .......... .......... 65% 42.9M 6s
157700K .......... .......... .......... .......... .......... 65% 26.6M 6s
157750K .......... .......... .......... .......... .......... 65% 6.22M 6s
157800K .......... .......... .......... .......... .......... 65%  116M 6s
129100K .......... .......... .......... .......... .......... 53% 1.17M 9s
157850K .......... .......... .......... .......... .......... 65% 4.30M 6s
157900K .......... .......... .......... .......... .......... 65% 13.1M 6s
157950K .......... .......... .......... .......... .......... 65% 97.9M 6s
158000K .......... .......... .......... .......... .......... 65% 13.2M 6s
158050K .......... .......... .......... .......... .......... 65%  117M 6s
158100K .......... .......... .......... .......... .......... 65%  113M 6s
158150K .......... .......... .......... .......... .......... 65%  120M 6s
158200K .......... .......... .......... .......... .......... 65%  114M 6s
158250K .......... .......... .......... .......... .......... 65%  116M 6s
158300K .......... .......... .......... .......... .......... 65%  114M 6s
158350K .......... .......... .......... .......... .......... 65%  116M 6s
158400K .......... .......... .......... .......... .......... 65% 89.5M 6s
158450K .......... .......... .......... .......... .......... 65%  117M 6s
158500K .......... .......... .......... .......... .......... 65%  118M 6s
158550K .......... .......... .......... .......... .......... 65%  116M 6s
158600K .......... .......... .......... .......... .......... 65%  114M 6s
158650K .......... .......... .......... .......... .......... 65%  116M 6s
158700K .......... .......... .......... .......... .......... 65%  118M 6s
158750K .......... .......... .......... .......... .......... 65%  115M 6s
158800K .......... .......... .......... .......... .......... 65% 28.3M 6s
158850K .......... .......... .......... .......... .......... 65% 23.1M 6s
158900K .......... .......... .......... .......... .......... 65%  116M 6s
158950K .......... .......... .......... .......... .......... 65% 24.2M 6s
159000K .......... .......... .......... .......... .......... 65% 27.9M 6s
159050K .......... .......... .......... .......... .......... 65% 46.9M 6s
159100K .......... .......... .......... .......... .......... 65% 4.96M 6s
159150K .......... .......... .......... .......... .......... 65% 66.0M 6s
159200K .......... .......... .......... .......... .......... 65% 70.4M 6s
159250K .......... .......... .......... .......... .......... 65% 8.17M 6s
159300K .......... .......... .......... .......... .......... 65% 14.6M 6s
159350K .......... .......... .......... .......... .......... 65% 58.6M 6s
159400K .......... .......... .......... .......... .......... 65%  116M 6s
159450K .......... .......... .......... .......... .......... 65% 14.6M 6s
159500K .......... .......... .......... .......... .......... 65% 13.1M 6s
159550K .......... .......... .......... .......... .......... 65% 70.6M 6s
159600K .......... .......... .......... .......... .......... 65% 85.9M 6s
159650K .......... .......... .......... .......... .......... 65%  117M 6s
129150K .......... .......... .......... .......... .......... 53%  756K 9s
129200K .......... .......... .......... .......... .......... 53% 95.6M 9s
129250K .......... .......... .......... .......... .......... 53%  116M 9s
129300K .......... .......... .......... .......... .......... 53%  117M 9s
129350K .......... .......... .......... .......... .......... 53%  117M 9s
129400K .......... .......... .......... .......... .......... 53%  115M 9s
129450K .......... .......... .......... .......... .......... 53%  115M 9s
129500K .......... .......... .......... .......... .......... 53%  118M 9s
129550K .......... .......... .......... .......... .......... 53%  117M 9s
129600K .......... .......... .......... .......... .......... 53% 89.1M 9s
129650K .......... .......... .......... .......... .......... 53%  117M 9s
129700K .......... .......... .......... .......... .......... 53%  117M 9s
129750K .......... .......... .......... .......... .......... 53%  117M 8s
129800K .......... .......... .......... .......... .......... 53% 10.3M 8s
129850K .......... .......... .......... .......... .......... 53% 11.9M 8s
129900K .......... .......... .......... .......... .......... 53%  117M 8s
129950K .......... .......... .......... .......... .......... 53%  121M 8s
130000K .......... .......... .......... .......... .......... 53% 88.1M 8s
130050K .......... .......... .......... .......... .......... 53%  116M 8s
130100K .......... .......... .......... .......... .......... 53%  114M 8s
130150K .......... .......... .......... .......... .......... 53%  120M 8s
130200K .......... .......... .......... .......... .......... 53%  113M 8s
130250K .......... .......... .......... .......... .......... 53%  115M 8s
130300K .......... .......... .......... .......... .......... 53%  116M 8s
130350K .......... .......... .......... .......... .......... 53%  119M 8s
130400K .......... .......... .......... .......... .......... 53% 87.8M 8s
130450K .......... .......... .......... .......... .......... 53% 11.9M 8s
130500K .......... .......... .......... .......... .......... 53% 69.2M 8s
130550K .......... .......... .......... .......... .......... 53%  117M 8s
130600K .......... .......... .......... .......... .......... 53%  114M 8s
130650K .......... .......... .......... .......... .......... 53% 87.5M 8s
130700K .......... .......... .......... .......... .......... 53% 12.4M 8s
130750K .......... .......... .......... .......... .......... 53%  106M 8s
130800K .......... .......... .......... .......... .......... 54% 85.7M 8s
130850K .......... .......... .......... .......... .......... 54%  104M 8s
130900K .......... .......... .......... .......... .......... 54%  117M 8s
130950K .......... .......... .......... .......... .......... 54% 11.7M 8s
131000K .......... .......... .......... .......... .......... 54%  102M 8s
131050K .......... .......... .......... .......... .......... 54%  105M 8s
131100K .......... .......... .......... .......... .......... 54% 12.9M 8s
131150K .......... .......... .......... .......... .......... 54%  115M 8s
131200K .......... .......... .......... .......... .......... 54% 11.5M 8s
131250K .......... .......... .......... .......... .......... 54%  128M 8s
131300K .......... .......... .......... .......... .......... 54% 12.5M 8s
131350K .......... .......... .......... .......... .......... 54% 11.2M 8s
131400K .......... .......... .......... .......... .......... 54% 11.8M 8s
131450K .......... .......... .......... .......... .......... 54%  141M 8s
131500K .......... .......... .......... .......... .......... 54%  120M 8s
131550K .......... .......... .......... .......... .......... 54%  116M 8s
131600K .......... .......... .......... .......... .......... 54% 88.2M 8s
131650K .......... .......... .......... .......... .......... 54%  117M 8s
131700K .......... .......... .......... .......... .......... 54% 97.7M 8s
131750K .......... .......... .......... .......... .......... 54%  118M 8s
131800K .......... .......... .......... .......... .......... 54%  113M 8s
131850K .......... .......... .......... .......... .......... 54%  120M 8s
131900K .......... .......... .......... .......... .......... 54%  117M 8s
159700K .......... .......... .......... .......... .......... 65%  774K 6s
131950K .......... .......... .......... .......... .......... 54% 53.6M 8s
132000K .......... .......... .......... .......... .......... 54% 24.4M 8s
132050K .......... .......... .......... .......... .......... 54% 99.7M 8s
159750K .......... .......... .......... .......... .......... 65% 4.53M 6s
159800K .......... .......... .......... .......... .......... 65%  124M 6s
159850K .......... .......... .......... .......... .......... 65%  107M 6s
132100K .......... .......... .......... .......... .......... 54% 5.38M 8s
159900K .......... .......... .......... .......... .......... 66% 74.6M 6s
159950K .......... .......... .......... .......... .......... 66%  120M 6s
160000K .......... .......... .......... .......... .......... 66% 87.0M 6s
160050K .......... .......... .......... .......... .......... 66%  118M 6s
160100K .......... .......... .......... .......... .......... 66%  117M 6s
160150K .......... .......... .......... .......... .......... 66%  117M 6s
160200K .......... .......... .......... .......... .......... 66% 15.1M 6s
160250K .......... .......... .......... .......... .......... 66%  101M 6s
160300K .......... .......... .......... .......... .......... 66%  117M 6s
160350K .......... .......... .......... .......... .......... 66% 11.7M 6s
160400K .......... .......... .......... .......... .......... 66% 16.9M 6s
160450K .......... .......... .......... .......... .......... 66% 17.3M 6s
160500K .......... .......... .......... .......... .......... 66% 9.51M 6s
160550K .......... .......... .......... .......... .......... 66% 77.0M 6s
160600K .......... .......... .......... .......... .......... 66% 73.1M 6s
160650K .......... .......... .......... .......... .......... 66% 10.2M 6s
160700K .......... .......... .......... .......... .......... 66% 42.3M 6s
160750K .......... .......... .......... .......... .......... 66%  117M 6s
160800K .......... .......... .......... .......... .......... 66% 24.3M 6s
160850K .......... .......... .......... .......... .......... 66% 6.27M 6s
160900K .......... .......... .......... .......... .......... 66% 3.45M 6s
160950K .......... .......... .......... .......... .......... 66% 44.4M 6s
161000K .......... .......... .......... .......... .......... 66%  114M 6s
161050K .......... .......... .......... .......... .......... 66%  118M 6s
161100K .......... .......... .......... .......... .......... 66% 13.8M 5s
161150K .......... .......... .......... .......... .......... 66% 13.7M 5s
161200K .......... .......... .......... .......... .......... 66% 99.1M 5s
161250K .......... .......... .......... .......... .......... 66%  119M 5s
161300K .......... .......... .......... .......... .......... 66%  116M 5s
161350K .......... .......... .......... .......... .......... 66%  113M 5s
161400K .......... .......... .......... .......... .......... 66%  116M 5s
161450K .......... .......... .......... .......... .......... 66%  117M 5s
161500K .......... .......... .......... .......... .......... 66%  118M 5s
161550K .......... .......... .......... .......... .......... 66%  117M 5s
161600K .......... .......... .......... .......... .......... 66% 86.9M 5s
161650K .......... .......... .......... .......... .......... 66%  118M 5s
161700K .......... .......... .......... .......... .......... 66%  116M 5s
161750K .......... .......... .......... .......... .......... 66%  117M 5s
161800K .......... .......... .......... .......... .......... 66%  113M 5s
161850K .......... .......... .......... .......... .......... 66%  118M 5s
161900K .......... .......... .......... .......... .......... 66%  117M 5s
161950K .......... .......... .......... .......... .......... 66% 27.6M 5s
162000K .......... .......... .......... .......... .......... 66% 25.6M 5s
162050K .......... .......... .......... .......... .......... 66%  117M 5s
162100K .......... .......... .......... .......... .......... 66% 49.0M 5s
162150K .......... .......... .......... .......... .......... 66% 5.05M 5s
162200K .......... .......... .......... .......... .......... 66% 44.0M 5s
162250K .......... .......... .......... .......... .......... 66%  117M 5s
162300K .......... .......... .......... .......... .......... 67% 8.60M 5s
162350K .......... .......... .......... .......... .......... 67% 16.1M 5s
162400K .......... .......... .......... .......... .......... 67% 29.9M 5s
162450K .......... .......... .......... .......... .......... 67% 21.9M 5s
162500K .......... .......... .......... .......... .......... 67% 40.7M 5s
162550K .......... .......... .......... .......... .......... 67% 12.9M 5s
162600K .......... .......... .......... .......... .......... 67% 48.4M 5s
162650K .......... .......... .......... .......... .......... 67%  117M 5s
162700K .......... .......... .......... .......... .......... 67%  118M 5s
132150K .......... .......... .......... .......... .......... 54%  469K 8s
132200K .......... .......... .......... .......... .......... 54%  139M 8s
132250K .......... .......... .......... .......... .......... 54%  142M 8s
132300K .......... .......... .......... .......... .......... 54%  117M 8s
132350K .......... .......... .......... .......... .......... 54%  117M 8s
132400K .......... .......... .......... .......... .......... 54% 87.1M 8s
132450K .......... .......... .......... .......... .......... 54%  117M 8s
132500K .......... .......... .......... .......... .......... 54%  117M 8s
132550K .......... .......... .......... .......... .......... 54%  116M 8s
132600K .......... .......... .......... .......... .......... 54%  115M 8s
132650K .......... .......... .......... .......... .......... 54%  117M 8s
132700K .......... .......... .......... .......... .......... 54%  117M 8s
132750K .......... .......... .......... .......... .......... 54%  117M 8s
132800K .......... .......... .......... .......... .......... 54% 10.2M 8s
132850K .......... .......... .......... .......... .......... 54% 12.6M 8s
132900K .......... .......... .......... .......... .......... 54% 12.0M 8s
132950K .......... .......... .......... .......... .......... 54%  117M 8s
133000K .......... .......... .......... .......... .......... 54%  114M 8s
133050K .......... .......... .......... .......... .......... 54%  115M 8s
133100K .......... .......... .......... .......... .......... 54%  118M 8s
133150K .......... .......... .......... .......... .......... 54%  119M 8s
133200K .......... .......... .......... .......... .......... 54% 86.4M 8s
133250K .......... .......... .......... .......... .......... 55%  117M 8s
133300K .......... .......... .......... .......... .......... 55%  120M 8s
133350K .......... .......... .......... .......... .......... 55%  116M 8s
133400K .......... .......... .......... .......... .......... 55%  115M 8s
133450K .......... .......... .......... .......... .......... 55%  116M 8s
133500K .......... .......... .......... .......... .......... 55%  112M 8s
133550K .......... .......... .......... .......... .......... 55% 74.6M 8s
133600K .......... .......... .......... .......... .......... 55% 69.1M 8s
133650K .......... .......... .......... .......... .......... 55%  117M 8s
133700K .......... .......... .......... .......... .......... 55% 13.3M 8s
133750K .......... .......... .......... .......... .......... 55% 97.7M 8s
133800K .......... .......... .......... .......... .......... 55% 62.2M 8s
133850K .......... .......... .......... .......... .......... 55%  110M 8s
133900K .......... .......... .......... .......... .......... 55% 97.6M 8s
133950K .......... .......... .......... .......... .......... 55%  117M 8s
134000K .......... .......... .......... .......... .......... 55% 86.9M 8s
134050K .......... .......... .......... .......... .......... 55% 11.7M 8s
134100K .......... .......... .......... .......... .......... 55% 94.3M 8s
134150K .......... .......... .......... .......... .......... 55% 12.9M 8s
134200K .......... .......... .......... .......... .......... 55%  125M 8s
134250K .......... .......... .......... .......... .......... 55% 45.6M 8s
134300K .......... .......... .......... .......... .......... 55% 14.0M 8s
134350K .......... .......... .......... .......... .......... 55% 12.9M 8s
134400K .......... .......... .......... .......... .......... 55% 10.6M 8s
134450K .......... .......... .......... .......... .......... 55% 12.2M 8s
134500K .......... .......... .......... .......... .......... 55% 11.9M 8s
134550K .......... .......... .......... .......... .......... 55%  116M 8s
134600K .......... .......... .......... .......... .......... 55%  116M 8s
134650K .......... .......... .......... .......... .......... 55%  119M 8s
134700K .......... .......... .......... .......... .......... 55%  116M 8s
134750K .......... .......... .......... .......... .......... 55%  109M 8s
134800K .......... .......... .......... .......... .......... 55% 80.2M 8s
134850K .......... .......... .......... .......... .......... 55% 87.8M 8s
134900K .......... .......... .......... .......... .......... 55%  117M 8s
134950K .......... .......... .......... .......... .......... 55%  117M 8s
135000K .......... .......... .......... .......... .......... 55%  115M 8s
135050K .......... .......... .......... .......... .......... 55%  117M 8s
135100K .......... .......... .......... .......... .......... 55%  117M 8s
162750K .......... .......... .......... .......... .......... 67%  758K 5s
162800K .......... .......... .......... .......... .......... 67% 5.11M 5s
162850K .......... .......... .......... .......... .......... 67% 13.0M 5s
162900K .......... .......... .......... .......... .......... 67%  117M 5s
162950K .......... .......... .......... .......... .......... 67%  115M 5s
163000K .......... .......... .......... .......... .......... 67%  115M 5s
163050K .......... .......... .......... .......... .......... 67%  116M 5s
163100K .......... .......... .......... .......... .......... 67%  116M 5s
163150K .......... .......... .......... .......... .......... 67%  120M 5s
163200K .......... .......... .......... .......... .......... 67% 87.3M 5s
163250K .......... .......... .......... .......... .......... 67%  116M 5s
163300K .......... .......... .......... .......... .......... 67%  119M 5s
163350K .......... .......... .......... .......... .......... 67%  117M 5s
163400K .......... .......... .......... .......... .......... 67% 12.5M 5s
163450K .......... .......... .......... .......... .......... 67% 17.8M 5s
163500K .......... .......... .......... .......... .......... 67% 20.6M 5s
163550K .......... .......... .......... .......... .......... 67% 57.7M 5s
163600K .......... .......... .......... .......... .......... 67% 8.88M 5s
163650K .......... .......... .......... .......... .......... 67% 62.8M 5s
163700K .......... .......... .......... .......... .......... 67% 10.4M 5s
163750K .......... .......... .......... .......... .......... 67% 40.8M 5s
163800K .......... .......... .......... .......... .......... 67%  114M 5s
163850K .......... .......... .......... .......... .......... 67% 26.1M 5s
163900K .......... .......... .......... .......... .......... 67% 6.29M 5s
135150K .......... .......... .......... .......... .......... 55% 6.95M 8s
163950K .......... .......... .......... .......... .......... 67% 3.52M 5s
164000K .......... .......... .......... .......... .......... 67% 32.0M 5s
164050K .......... .......... .......... .......... .......... 67%  117M 5s
164100K .......... .......... .......... .......... .......... 67%  116M 5s
164150K .......... .......... .......... .......... .......... 67% 7.44M 5s
164200K .......... .......... .......... .......... .......... 67% 13.1M 5s
164250K .......... .......... .......... .......... .......... 67%  156M 5s
164300K .......... .......... .......... .......... .......... 67%  114M 5s
164350K .......... .......... .......... .......... .......... 67%  120M 5s
164400K .......... .......... .......... .......... .......... 67% 88.5M 5s
164450K .......... .......... .......... .......... .......... 67%  114M 5s
164500K .......... .......... .......... .......... .......... 67%  117M 5s
164550K .......... .......... .......... .......... .......... 67%  117M 5s
164600K .......... .......... .......... .......... .......... 67%  114M 5s
164650K .......... .......... .......... .......... .......... 67%  120M 5s
164700K .......... .......... .......... .......... .......... 67%  116M 5s
164750K .......... .......... .......... .......... .......... 68%  113M 5s
164800K .......... .......... .......... .......... .......... 68% 90.3M 5s
164850K .......... .......... .......... .......... .......... 68%  117M 5s
164900K .......... .......... .......... .......... .......... 68%  117M 5s
164950K .......... .......... .......... .......... .......... 68%  117M 5s
165000K .......... .......... .......... .......... .......... 68%  115M 5s
165050K .......... .......... .......... .......... .......... 68%  114M 5s
165100K .......... .......... .......... .......... .......... 68% 91.0M 5s
165150K .......... .......... .......... .......... .......... 68% 5.01M 5s
165200K .......... .......... .......... .......... .......... 68% 41.9M 5s
165250K .......... .......... .......... .......... .......... 68%  117M 5s
165300K .......... .......... .......... .......... .......... 68% 9.12M 5s
165350K .......... .......... .......... .......... .......... 68% 14.6M 5s
165400K .......... .......... .......... .......... .......... 68% 28.1M 5s
165450K .......... .......... .......... .......... .......... 68%  117M 5s
165500K .......... .......... .......... .......... .......... 68% 22.6M 5s
165550K .......... .......... .......... .......... .......... 68% 12.4M 5s
165600K .......... .......... .......... .......... .......... 68% 29.0M 5s
165650K .......... .......... .......... .......... .......... 68%  117M 5s
165700K .......... .......... .......... .......... .......... 68%  117M 5s
135200K .......... .......... .......... .......... .......... 55%  467K 8s
135250K .......... .......... .......... .......... .......... 55%  124M 8s
135300K .......... .......... .......... .......... .......... 55%  116M 8s
135350K .......... .......... .......... .......... .......... 55%  117M 8s
135400K .......... .......... .......... .......... .......... 55%  115M 8s
135450K .......... .......... .......... .......... .......... 55%  117M 8s
135500K .......... .......... .......... .......... .......... 55%  115M 8s
135550K .......... .......... .......... .......... .......... 55%  118M 8s
135600K .......... .......... .......... .......... .......... 55% 88.9M 8s
135650K .......... .......... .......... .......... .......... 56%  117M 8s
135700K .......... .......... .......... .......... .......... 56%  117M 8s
135750K .......... .......... .......... .......... .......... 56%  117M 8s
135800K .......... .......... .......... .......... .......... 56%  115M 8s
135850K .......... .......... .......... .......... .......... 56% 11.3M 8s
135900K .......... .......... .......... .......... .......... 56% 12.2M 8s
135950K .......... .......... .......... .......... .......... 56% 12.0M 8s
136000K .......... .......... .......... .......... .......... 56% 11.9M 8s
136050K .......... .......... .......... .......... .......... 56%  117M 8s
136100K .......... .......... .......... .......... .......... 56%  120M 8s
136150K .......... .......... .......... .......... .......... 56%  114M 8s
136200K .......... .......... .......... .......... .......... 56%  116M 8s
136250K .......... .......... .......... .......... .......... 56%  114M 8s
136300K .......... .......... .......... .......... .......... 56%  120M 8s
136350K .......... .......... .......... .......... .......... 56%  117M 8s
136400K .......... .......... .......... .......... .......... 56% 88.4M 8s
136450K .......... .......... .......... .......... .......... 56%  116M 8s
136500K .......... .......... .......... .......... .......... 56%  117M 8s
136550K .......... .......... .......... .......... .......... 56%  114M 8s
136600K .......... .......... .......... .......... .......... 56%  117M 8s
136650K .......... .......... .......... .......... .......... 56%  116M 8s
136700K .......... .......... .......... .......... .......... 56%  117M 8s
136750K .......... .......... .......... .......... .......... 56%  117M 8s
136800K .......... .......... .......... .......... .......... 56% 45.8M 8s
136850K .......... .......... .......... .......... .......... 56%  109M 8s
136900K .......... .......... .......... .......... .......... 56%  108M 8s
136950K .......... .......... .......... .......... .......... 56%  103M 8s
137000K .......... .......... .......... .......... .......... 56%  111M 8s
137050K .......... .......... .......... .......... .......... 56%  113M 8s
137100K .......... .......... .......... .......... .......... 56% 11.6M 8s
137150K .......... .......... .......... .......... .......... 56%  117M 8s
137200K .......... .......... .......... .......... .......... 56% 12.6M 8s
137250K .......... .......... .......... .......... .......... 56% 44.5M 8s
165750K .......... .......... .......... .......... .......... 68% 1.11M 5s
137300K .......... .......... .......... .......... .......... 56% 51.6M 8s
137350K .......... .......... .......... .......... .......... 56% 8.15M 8s
137400K .......... .......... .......... .......... .......... 56% 59.6M 8s
137450K .......... .......... .......... .......... .......... 56% 11.3M 8s
137500K .......... .......... .......... .......... .......... 56% 6.19M 8s
137550K .......... .......... .......... .......... .......... 56%  132M 8s
137600K .......... .......... .......... .......... .......... 56% 82.4M 8s
137650K .......... .......... .......... .......... .......... 56%  117M 8s
165800K .......... .......... .......... .......... .......... 68% 2.21M 5s
137700K .......... .......... .......... .......... .......... 56% 11.4M 8s
137750K .......... .......... .......... .......... .......... 56%  117M 8s
137800K .......... .......... .......... .......... .......... 56%  115M 8s
137850K .......... .......... .......... .......... .......... 56%  113M 8s
137900K .......... .......... .......... .......... .......... 56%  120M 8s
137950K .......... .......... .......... .......... .......... 56%  115M 8s
138000K .......... .......... .......... .......... .......... 56% 87.3M 8s
138050K .......... .......... .......... .......... .......... 56%  117M 8s
138100K .......... .......... .......... .......... .......... 57%  117M 8s
138150K .......... .......... .......... .......... .......... 57% 14.7M 8s
138200K .......... .......... .......... .......... .......... 57%  112M 8s
165850K .......... .......... .......... .......... .......... 68% 3.76M 5s
165900K .......... .......... .......... .......... .......... 68%  117M 5s
165950K .......... .......... .......... .......... .......... 68%  117M 5s
166000K .......... .......... .......... .......... .......... 68% 13.2M 5s
166050K .......... .......... .......... .......... .......... 68%  113M 5s
166100K .......... .......... .......... .......... .......... 68%  121M 5s
166150K .......... .......... .......... .......... .......... 68%  116M 5s
166200K .......... .......... .......... .......... .......... 68%  114M 5s
166250K .......... .......... .......... .......... .......... 68%  113M 5s
166300K .......... .......... .......... .......... .......... 68%  117M 5s
166350K .......... .......... .......... .......... .......... 68%  119M 5s
166400K .......... .......... .......... .......... .......... 68% 88.6M 5s
166450K .......... .......... .......... .......... .......... 68% 76.4M 5s
166500K .......... .......... .......... .......... .......... 68% 16.8M 5s
166550K .......... .......... .......... .......... .......... 68% 25.2M 5s
166600K .......... .......... .......... .......... .......... 68% 44.2M 5s
166650K .......... .......... .......... .......... .......... 68% 9.07M 5s
166700K .......... .......... .......... .......... .......... 68% 56.6M 5s
166750K .......... .......... .......... .......... .......... 68% 14.6M 5s
166800K .......... .......... .......... .......... .......... 68% 18.2M 5s
166850K .......... .......... .......... .......... .......... 68%  117M 5s
166900K .......... .......... .......... .......... .......... 68% 28.4M 5s
166950K .......... .......... .......... .......... .......... 68% 6.24M 5s
167000K .......... .......... .......... .......... .......... 68% 6.54M 5s
167050K .......... .......... .......... .......... .......... 68% 6.99M 5s
167100K .......... .......... .......... .......... .......... 68% 44.1M 5s
167150K .......... .......... .......... .......... .......... 69% 72.9M 5s
167200K .......... .......... .......... .......... .......... 69% 7.42M 5s
167250K .......... .......... .......... .......... .......... 69% 14.6M 5s
167300K .......... .......... .......... .......... .......... 69% 70.7M 5s
167350K .......... .......... .......... .......... .......... 69% 91.2M 5s
167400K .......... .......... .......... .......... .......... 69% 13.7M 5s
167450K .......... .......... .......... .......... .......... 69%  121M 5s
167500K .......... .......... .......... .......... .......... 69%  114M 5s
167550K .......... .......... .......... .......... .......... 69%  116M 5s
167600K .......... .......... .......... .......... .......... 69% 90.1M 5s
167650K .......... .......... .......... .......... .......... 69%  114M 5s
167700K .......... .......... .......... .......... .......... 69%  115M 5s
167750K .......... .......... .......... .......... .......... 69%  118M 5s
167800K .......... .......... .......... .......... .......... 69%  115M 5s
167850K .......... .......... .......... .......... .......... 69%  117M 5s
167900K .......... .......... .......... .......... .......... 69%  115M 5s
167950K .......... .......... .......... .......... .......... 69%  117M 5s
168000K .......... .......... .......... .......... .......... 69% 88.1M 5s
168050K .......... .......... .......... .......... .......... 69%  117M 5s
168100K .......... .......... .......... .......... .......... 69%  117M 5s
168150K .......... .......... .......... .......... .......... 69%  117M 5s
168200K .......... .......... .......... .......... .......... 69% 7.41M 5s
168250K .......... .......... .......... .......... .......... 69% 38.8M 5s
168300K .......... .......... .......... .......... .......... 69% 9.26M 5s
168350K .......... .......... .......... .......... .......... 69%  153M 5s
168400K .......... .......... .......... .......... .......... 69% 14.7M 5s
168450K .......... .......... .......... .......... .......... 69% 28.0M 5s
168500K .......... .......... .......... .......... .......... 69% 22.9M 5s
168550K .......... .......... .......... .......... .......... 69% 11.8M 5s
168600K .......... .......... .......... .......... .......... 69%  143M 5s
168650K .......... .......... .......... .......... .......... 69% 28.1M 5s
168700K .......... .......... .......... .......... .......... 69%  112M 5s
138250K .......... .......... .......... .......... .......... 57%  466K 8s
138300K .......... .......... .......... .......... .......... 57%  148M 8s
138350K .......... .......... .......... .......... .......... 57%  140M 8s
138400K .......... .......... .......... .......... .......... 57% 89.1M 8s
138450K .......... .......... .......... .......... .......... 57%  117M 8s
138500K .......... .......... .......... .......... .......... 57%  117M 8s
138550K .......... .......... .......... .......... .......... 57%  117M 8s
138600K .......... .......... .......... .......... .......... 57%  115M 8s
138650K .......... .......... .......... .......... .......... 57%  116M 8s
138700K .......... .......... .......... .......... .......... 57%  117M 8s
138750K .......... .......... .......... .......... .......... 57%  117M 8s
138800K .......... .......... .......... .......... .......... 57% 87.1M 8s
138850K .......... .......... .......... .......... .......... 57%  117M 8s
138900K .......... .......... .......... .......... .......... 57%  117M 8s
138950K .......... .......... .......... .......... .......... 57% 6.35M 8s
139000K .......... .......... .......... .......... .......... 57% 11.8M 8s
139050K .......... .......... .......... .......... .......... 57% 12.2M 8s
139100K .......... .......... .......... .......... .......... 57% 11.8M 8s
139150K .......... .......... .......... .......... .......... 57%  138M 8s
139200K .......... .......... .......... .......... .......... 57% 89.6M 8s
139250K .......... .......... .......... .......... .......... 57%  117M 8s
139300K .......... .......... .......... .......... .......... 57%  116M 8s
139350K .......... .......... .......... .......... .......... 57%  117M 8s
139400K .......... .......... .......... .......... .......... 57%  114M 8s
139450K .......... .......... .......... .......... .......... 57%  117M 8s
139500K .......... .......... .......... .......... .......... 57%  117M 8s
139550K .......... .......... .......... .......... .......... 57%  114M 8s
139600K .......... .......... .......... .......... .......... 57% 89.2M 8s
139650K .......... .......... .......... .......... .......... 57%  117M 8s
139700K .......... .......... .......... .......... .......... 57%  117M 8s
139750K .......... .......... .......... .......... .......... 57%  117M 8s
139800K .......... .......... .......... .......... .......... 57%  113M 8s
139850K .......... .......... .......... .......... .......... 57%  116M 8s
139900K .......... .......... .......... .......... .......... 57%  117M 8s
139950K .......... .......... .......... .......... .......... 57%  116M 8s
140000K .......... .......... .......... .......... .......... 57% 89.1M 8s
140050K .......... .......... .......... .......... .......... 57%  117M 8s
140100K .......... .......... .......... .......... .......... 57%  117M 8s
140150K .......... .......... .......... .......... .......... 57% 41.5M 8s
140200K .......... .......... .......... .......... .......... 57%  109M 8s
140250K .......... .......... .......... .......... .......... 57% 13.8M 8s
140300K .......... .......... .......... .......... .......... 57% 68.2M 8s
168750K .......... .......... .......... .......... .......... 69% 1.11M 5s
140350K .......... .......... .......... .......... .......... 57% 31.7M 8s
140400K .......... .......... .......... .......... .......... 57% 7.47M 8s
140450K .......... .......... .......... .......... .......... 57%  117M 8s
140500K .......... .......... .......... .......... .......... 58% 11.5M 8s
168800K .......... .......... .......... .......... .......... 69% 2.65M 5s
140550K .......... .......... .......... .......... .......... 58% 6.29M 8s
140600K .......... .......... .......... .......... .......... 58% 90.9M 8s
140650K .......... .......... .......... .......... .......... 58%  117M 8s
140700K .......... .......... .......... .......... .......... 58%  100M 8s
168850K .......... .......... .......... .......... .......... 69% 11.9M 5s
140750K .......... .......... .......... .......... .......... 58% 11.5M 8s
140800K .......... .......... .......... .......... .......... 58% 6.80M 8s
140850K .......... .......... .......... .......... .......... 58%  121M 7s
140900K .......... .......... .......... .......... .......... 58%  114M 7s
140950K .......... .......... .......... .......... .......... 58%  118M 7s
141000K .......... .......... .......... .......... .......... 58%  115M 7s
141050K .......... .......... .......... .......... .......... 58% 74.1M 7s
141100K .......... .......... .......... .......... .......... 58%  117M 7s
168900K .......... .......... .......... .......... .......... 69% 3.62M 5s
141150K .......... .......... .......... .......... .......... 58%  115M 7s
141200K .......... .......... .......... .......... .......... 58% 48.7M 7s
168950K .......... .......... .......... .......... .......... 69% 39.8M 5s
169000K .......... .......... .......... .......... .......... 69% 20.7M 5s
169050K .......... .......... .......... .......... .......... 69%  144M 5s
169100K .......... .......... .......... .......... .......... 69% 75.3M 5s
169150K .......... .......... .......... .......... .......... 69% 13.0M 5s
169200K .......... .......... .......... .......... .......... 69% 87.1M 5s
169250K .......... .......... .......... .......... .......... 69%  120M 5s
169300K .......... .......... .......... .......... .......... 69%  114M 5s
169350K .......... .......... .......... .......... .......... 69%  118M 5s
169400K .......... .......... .......... .......... .......... 69%  115M 5s
169450K .......... .......... .......... .......... .......... 69%  116M 5s
169500K .......... .......... .......... .......... .......... 69%  117M 5s
169550K .......... .......... .......... .......... .......... 70%  115M 5s
169600K .......... .......... .......... .......... .......... 70% 37.9M 5s
169650K .......... .......... .......... .......... .......... 70% 9.09M 5s
169700K .......... .......... .......... .......... .......... 70% 39.5M 5s
169750K .......... .......... .......... .......... .......... 70% 12.6M 5s
169800K .......... .......... .......... .......... .......... 70%  114M 5s
169850K .......... .......... .......... .......... .......... 70% 20.7M 5s
169900K .......... .......... .......... .......... .......... 70% 31.2M 5s
169950K .......... .......... .......... .......... .......... 70% 66.0M 5s
170000K .......... .......... .......... .......... .......... 70% 6.10M 5s
170050K .......... .......... .......... .......... .......... 70%  144M 5s
141250K .......... .......... .......... .......... .......... 58% 1.33M 7s
170100K .......... .......... .......... .......... .......... 70% 3.52M 5s
170150K .......... .......... .......... .......... .......... 70% 34.6M 5s
170200K .......... .......... .......... .......... .......... 70% 21.7M 5s
170250K .......... .......... .......... .......... .......... 70%  177M 5s
170300K .......... .......... .......... .......... .......... 70% 10.3M 5s
170350K .......... .......... .......... .......... .......... 70% 10.9M 5s
170400K .......... .......... .......... .......... .......... 70% 15.3M 5s
170450K .......... .......... .......... .......... .......... 70%  119M 5s
170500K .......... .......... .......... .......... .......... 70%  117M 5s
170550K .......... .......... .......... .......... .......... 70% 14.4M 5s
170600K .......... .......... .......... .......... .......... 70%  117M 5s
170650K .......... .......... .......... .......... .......... 70%  118M 5s
170700K .......... .......... .......... .......... .......... 70%  116M 5s
170750K .......... .......... .......... .......... .......... 70%  112M 5s
170800K .......... .......... .......... .......... .......... 70% 91.2M 5s
170850K .......... .......... .......... .......... .......... 70%  116M 5s
170900K .......... .......... .......... .......... .......... 70%  116M 5s
170950K .......... .......... .......... .......... .......... 70%  116M 5s
171000K .......... .......... .......... .......... .......... 70%  114M 5s
171050K .......... .......... .......... .......... .......... 70%  113M 5s
171100K .......... .......... .......... .......... .......... 70%  118M 5s
171150K .......... .......... .......... .......... .......... 70%  114M 5s
171200K .......... .......... .......... .......... .......... 70% 90.5M 5s
171250K .......... .......... .......... .......... .......... 70% 11.3M 5s
171300K .......... .......... .......... .......... .......... 70%  117M 5s
171350K .......... .......... .......... .......... .......... 70%  116M 5s
171400K .......... .......... .......... .......... .......... 70% 9.47M 5s
171450K .......... .......... .......... .......... .......... 70% 15.0M 5s
171500K .......... .......... .......... .......... .......... 70% 27.2M 5s
171550K .......... .......... .......... .......... .......... 70%  131M 5s
171600K .......... .......... .......... .......... .......... 70% 20.9M 5s
171650K .......... .......... .......... .......... .......... 70% 12.3M 5s
171700K .......... .......... .......... .......... .......... 70% 27.7M 5s
171750K .......... .......... .......... .......... .......... 70%  116M 5s
171800K .......... .......... .......... .......... .......... 70%  114M 5s
141300K .......... .......... .......... .......... .......... 58%  752K 8s
141350K .......... .......... .......... .......... .......... 58%  143M 8s
141400K .......... .......... .......... .......... .......... 58%  138M 8s
141450K .......... .......... .......... .......... .......... 58%  117M 7s
141500K .......... .......... .......... .......... .......... 58%  117M 7s
141550K .......... .......... .......... .......... .......... 58%  115M 7s
141600K .......... .......... .......... .......... .......... 58% 90.2M 7s
141650K .......... .......... .......... .......... .......... 58%  117M 7s
141700K .......... .......... .......... .......... .......... 58%  116M 7s
141750K .......... .......... .......... .......... .......... 58%  117M 7s
141800K .......... .......... .......... .......... .......... 58%  115M 7s
141850K .......... .......... .......... .......... .......... 58%  117M 7s
141900K .......... .......... .......... .......... .......... 58%  117M 7s
141950K .......... .......... .......... .......... .......... 58%  117M 7s
142000K .......... .......... .......... .......... .......... 58% 6.34M 7s
142050K .......... .......... .......... .......... .......... 58% 11.7M 7s
142100K .......... .......... .......... .......... .......... 58% 11.9M 7s
142150K .......... .......... .......... .......... .......... 58% 11.6M 7s
142200K .......... .......... .......... .......... .......... 58% 12.4M 7s
142250K .......... .......... .......... .......... .......... 58%  141M 7s
142300K .......... .......... .......... .......... .......... 58%  115M 7s
142350K .......... .......... .......... .......... .......... 58%  115M 7s
142400K .......... .......... .......... .......... .......... 58% 88.0M 7s
142450K .......... .......... .......... .......... .......... 58%  120M 7s
142500K .......... .......... .......... .......... .......... 58%  114M 7s
142550K .......... .......... .......... .......... .......... 58%  116M 7s
142600K .......... .......... .......... .......... .......... 58%  118M 7s
142650K .......... .......... .......... .......... .......... 58%  114M 7s
142700K .......... .......... .......... .......... .......... 58%  117M 7s
142750K .......... .......... .......... .......... .......... 58%  116M 7s
142800K .......... .......... .......... .......... .......... 58% 89.5M 7s
142850K .......... .......... .......... .......... .......... 58%  117M 7s
142900K .......... .......... .......... .......... .......... 59%  117M 7s
142950K .......... .......... .......... .......... .......... 59%  117M 7s
143000K .......... .......... .......... .......... .......... 59%  115M 7s
143050K .......... .......... .......... .......... .......... 59%  117M 7s
143100K .......... .......... .......... .......... .......... 59%  117M 7s
143150K .......... .......... .......... .......... .......... 59%  117M 7s
143200K .......... .......... .......... .......... .......... 59% 87.0M 7s
143250K .......... .......... .......... .......... .......... 59%  117M 7s
143300K .......... .......... .......... .......... .......... 59% 98.9M 7s
143350K .......... .......... .......... .......... .......... 59% 33.6M 7s
143400K .......... .......... .......... .......... .......... 59% 40.0M 7s
171850K .......... .......... .......... .......... .......... 70% 1.10M 5s
143450K .......... .......... .......... .......... .......... 59% 9.18M 7s
143500K .......... .......... .......... .......... .......... 59% 40.3M 7s
143550K .......... .......... .......... .......... .......... 59% 11.6M 7s
143600K .......... .......... .......... .......... .......... 59% 6.10M 7s
143650K .......... .......... .......... .......... .......... 59%  105M 7s
143700K .......... .......... .......... .......... .......... 59%  103M 7s
143750K .......... .......... .......... .......... .......... 59%  117M 7s
171900K .......... .......... .......... .......... .......... 70% 2.30M 5s
143800K .......... .......... .......... .......... .......... 59% 11.3M 7s
143850K .......... .......... .......... .......... .......... 59% 7.02M 7s
143900K .......... .......... .......... .......... .......... 59% 97.1M 7s
171950K .......... .......... .......... .......... .......... 70% 3.60M 5s
172000K .......... .......... .......... .......... .......... 71% 30.8M 5s
172050K .......... .......... .......... .......... .......... 71% 21.9M 5s
172100K .......... .......... .......... .......... .......... 71%  113M 5s
172150K .......... .......... .......... .......... .......... 71% 75.5M 5s
172200K .......... .......... .......... .......... .......... 71% 7.06M 5s
172250K .......... .......... .......... .......... .......... 71%  128M 5s
172300K .......... .......... .......... .......... .......... 71%  117M 5s
172350K .......... .......... .......... .......... .......... 71%  116M 5s
172400K .......... .......... .......... .......... .......... 71% 88.2M 5s
172450K .......... .......... .......... .......... .......... 71%  118M 5s
172500K .......... .......... .......... .......... .......... 71%  117M 5s
172550K .......... .......... .......... .......... .......... 71%  114M 5s
172600K .......... .......... .......... .......... .......... 71%  117M 5s
172650K .......... .......... .......... .......... .......... 71%  115M 5s
172700K .......... .......... .......... .......... .......... 71% 12.7M 5s
172750K .......... .......... .......... .......... .......... 71%  116M 5s
172800K .......... .......... .......... .......... .......... 71% 12.7M 5s
172850K .......... .......... .......... .......... .......... 71% 37.0M 5s
172900K .......... .......... .......... .......... .......... 71% 17.9M 5s
172950K .......... .......... .......... .......... .......... 71% 66.9M 5s
173000K .......... .......... .......... .......... .......... 71%  115M 5s
173050K .......... .......... .......... .......... .......... 71% 6.29M 5s
173100K .......... .......... .......... .......... .......... 71% 3.51M 5s
173150K .......... .......... .......... .......... .......... 71% 38.9M 5s
173200K .......... .......... .......... .......... .......... 71% 21.0M 5s
173250K .......... .......... .......... .......... .......... 71%  115M 5s
173300K .......... .......... .......... .......... .......... 71% 12.1M 5s
173350K .......... .......... .......... .......... .......... 71% 31.0M 5s
173400K .......... .......... .......... .......... .......... 71% 7.36M 5s
173450K .......... .......... .......... .......... .......... 71%  140M 5s
173500K .......... .......... .......... .......... .......... 71%  107M 5s
173550K .......... .......... .......... .......... .......... 71% 14.7M 5s
173600K .......... .......... .......... .......... .......... 71% 80.2M 5s
173650K .......... .......... .......... .......... .......... 71% 13.6M 5s
173700K .......... .......... .......... .......... .......... 71%  134M 5s
173750K .......... .......... .......... .......... .......... 71%  119M 5s
173800K .......... .......... .......... .......... .......... 71%  114M 5s
173850K .......... .......... .......... .......... .......... 71%  115M 5s
173900K .......... .......... .......... .......... .......... 71%  115M 5s
173950K .......... .......... .......... .......... .......... 71%  119M 5s
174000K .......... .......... .......... .......... .......... 71% 88.9M 5s
174050K .......... .......... .......... .......... .......... 71%  115M 5s
174100K .......... .......... .......... .......... .......... 71%  116M 5s
174150K .......... .......... .......... .......... .......... 71%  117M 5s
174200K .......... .......... .......... .......... .......... 71%  112M 5s
174250K .......... .......... .......... .......... .......... 71%  116M 5s
174300K .......... .......... .......... .......... .......... 71%  117M 5s
174350K .......... .......... .......... .......... .......... 71% 38.5M 5s
174400K .......... .......... .......... .......... .......... 72% 9.89M 5s
174450K .......... .......... .......... .......... .......... 72% 14.5M 5s
174500K .......... .......... .......... .......... .......... 72%  115M 5s
174550K .......... .......... .......... .......... .......... 72% 27.1M 5s
174600K .......... .......... .......... .......... .......... 72% 23.4M 5s
174650K .......... .......... .......... .......... .......... 72% 12.3M 5s
174700K .......... .......... .......... .......... .......... 72%  116M 5s
174750K .......... .......... .......... .......... .......... 72% 24.6M 5s
174800K .......... .......... .......... .......... .......... 72% 78.5M 5s
143950K .......... .......... .......... .......... .......... 59%  114M 7s
144000K .......... .......... .......... .......... .......... 59%  466K 7s
144050K .......... .......... .......... .......... .......... 59%  128M 7s
144100K .......... .......... .......... .......... .......... 59%  123M 7s
144150K .......... .......... .......... .......... .......... 59%  114M 7s
144200K .......... .......... .......... .......... .......... 59%  114M 7s
144250K .......... .......... .......... .......... .......... 59%  120M 7s
144300K .......... .......... .......... .......... .......... 59%  114M 7s
144350K .......... .......... .......... .......... .......... 59%  118M 7s
144400K .......... .......... .......... .......... .......... 59% 88.5M 7s
144450K .......... .......... .......... .......... .......... 59%  117M 7s
144500K .......... .......... .......... .......... .......... 59%  117M 7s
144550K .......... .......... .......... .......... .......... 59%  115M 7s
144600K .......... .......... .......... .......... .......... 59%  115M 7s
144650K .......... .......... .......... .......... .......... 59%  117M 7s
144700K .......... .......... .......... .......... .......... 59%  117M 7s
144750K .......... .......... .......... .......... .......... 59%  117M 7s
144800K .......... .......... .......... .......... .......... 59% 88.6M 7s
144850K .......... .......... .......... .......... .......... 59%  117M 7s
144900K .......... .......... .......... .......... .......... 59%  117M 7s
144950K .......... .......... .......... .......... .......... 59%  117M 7s
145000K .......... .......... .......... .......... .......... 59%  115M 7s
145050K .......... .......... .......... .......... .......... 59% 12.7M 7s
145100K .......... .......... .......... .......... .......... 59% 11.3M 7s
145150K .......... .......... .......... .......... .......... 59% 11.5M 7s
145200K .......... .......... .......... .......... .......... 59% 11.7M 7s
145250K .......... .......... .......... .......... .......... 59% 12.9M 7s
145300K .......... .......... .......... .......... .......... 59%  103M 7s
145350K .......... .......... .......... .......... .......... 60%  115M 7s
145400K .......... .......... .......... .......... .......... 60%  115M 7s
145450K .......... .......... .......... .......... .......... 60%  106M 7s
145500K .......... .......... .......... .......... .......... 60%  117M 7s
145550K .......... .......... .......... .......... .......... 60%  117M 7s
145600K .......... .......... .......... .......... .......... 60% 88.8M 7s
145650K .......... .......... .......... .......... .......... 60%  117M 7s
145700K .......... .......... .......... .......... .......... 60% 11.8M 7s
145750K .......... .......... .......... .......... .......... 60%  133M 7s
145800K .......... .......... .......... .......... .......... 60%  118M 7s
145850K .......... .......... .......... .......... .......... 60%  115M 7s
145900K .......... .......... .......... .......... .......... 60%  115M 7s
145950K .......... .......... .......... .......... .......... 60%  116M 7s
174850K .......... .......... .......... .......... .......... 72% 1.16M 5s
146000K .......... .......... .......... .......... .......... 60% 59.0M 7s
146050K .......... .......... .......... .......... .......... 60%  115M 7s
146100K .......... .......... .......... .......... .......... 60%  115M 7s
146150K .......... .......... .......... .......... .......... 60%  117M 7s
146200K .......... .......... .......... .......... .......... 60%  118M 7s
146250K .......... .......... .......... .......... .......... 60%  113M 7s
146300K .......... .......... .......... .......... .......... 60%  117M 7s
146350K .......... .......... .......... .......... .......... 60%  117M 7s
146400K .......... .......... .......... .......... .......... 60% 89.1M 7s
146450K .......... .......... .......... .......... .......... 60%  117M 7s
146500K .......... .......... .......... .......... .......... 60% 16.0M 7s
146550K .......... .......... .......... .......... .......... 60% 35.7M 7s
146600K .......... .......... .......... .......... .......... 60% 11.8M 7s
146650K .......... .......... .......... .......... .......... 60% 6.37M 7s
146700K .......... .......... .......... .......... .......... 60% 55.6M 7s
146750K .......... .......... .......... .......... .......... 60%  117M 7s
146800K .......... .......... .......... .......... .......... 60% 85.3M 7s
174900K .......... .......... .......... .......... .......... 72% 2.11M 5s
174950K .......... .......... .......... .......... .......... 72%  119M 5s
146850K .......... .......... .......... .......... .......... 60% 11.4M 7s
146900K .......... .......... .......... .......... .......... 60% 6.91M 7s
146950K .......... .......... .......... .......... .......... 60%  115M 7s
147000K .......... .......... .......... .......... .......... 60%  116M 7s
175000K .......... .......... .......... .......... .......... 72% 3.62M 5s
175050K .......... .......... .......... .......... .......... 72% 27.6M 5s
175100K .......... .......... .......... .......... .......... 72% 24.4M 5s
175150K .......... .......... .......... .......... .......... 72%  116M 5s
175200K .......... .......... .......... .......... .......... 72% 47.3M 5s
175250K .......... .......... .......... .......... .......... 72% 7.09M 5s
175300K .......... .......... .......... .......... .......... 72% 13.6M 4s
175350K .......... .......... .......... .......... .......... 72%  117M 4s
175400K .......... .......... .......... .......... .......... 72%  113M 4s
175450K .......... .......... .......... .......... .......... 72%  117M 4s
175500K .......... .......... .......... .......... .......... 72%  115M 4s
175550K .......... .......... .......... .......... .......... 72%  117M 4s
175600K .......... .......... .......... .......... .......... 72% 89.3M 4s
175650K .......... .......... .......... .......... .......... 72%  117M 4s
175700K .......... .......... .......... .......... .......... 72%  115M 4s
175750K .......... .......... .......... .......... .......... 72% 74.1M 4s
175800K .......... .......... .......... .......... .......... 72%  114M 4s
175850K .......... .......... .......... .......... .......... 72% 13.5M 4s
175900K .......... .......... .......... .......... .......... 72% 39.5M 4s
175950K .......... .......... .......... .......... .......... 72% 19.0M 4s
176000K .......... .......... .......... .......... .......... 72% 39.9M 4s
176050K .......... .......... .......... .......... .......... 72%  117M 4s
176100K .......... .......... .......... .......... .......... 72% 6.38M 4s
176150K .......... .......... .......... .......... .......... 72% 3.50M 4s
176200K .......... .......... .......... .......... .......... 72% 45.8M 4s
176250K .......... .......... .......... .......... .......... 72%  115M 4s
176300K .......... .......... .......... .......... .......... 72% 21.2M 4s
176350K .......... .......... .......... .......... .......... 72% 12.0M 4s
176400K .......... .......... .......... .......... .......... 72% 28.0M 4s
176450K .......... .......... .......... .......... .......... 72% 7.54M 4s
176500K .......... .......... .......... .......... .......... 72% 86.3M 4s
176550K .......... .......... .......... .......... .......... 72%  105M 4s
176600K .......... .......... .......... .......... .......... 72% 12.8M 4s
176650K .......... .......... .......... .......... .......... 72%  120M 4s
176700K .......... .......... .......... .......... .......... 72%  114M 4s
176750K .......... .......... .......... .......... .......... 72% 7.29M 4s
176800K .......... .......... .......... .......... .......... 72% 88.0M 4s
176850K .......... .......... .......... .......... .......... 73%  117M 4s
176900K .......... .......... .......... .......... .......... 73%  114M 4s
176950K .......... .......... .......... .......... .......... 73%  118M 4s
177000K .......... .......... .......... .......... .......... 73%  115M 4s
177050K .......... .......... .......... .......... .......... 73%  114M 4s
177100K .......... .......... .......... .......... .......... 73%  118M 4s
177150K .......... .......... .......... .......... .......... 73%  115M 4s
177200K .......... .......... .......... .......... .......... 73% 87.9M 4s
177250K .......... .......... .......... .......... .......... 73%  117M 4s
177300K .......... .......... .......... .......... .......... 73%  116M 4s
177350K .......... .......... .......... .......... .......... 73%  117M 4s
177400K .......... .......... .......... .......... .......... 73%  113M 4s
177450K .......... .......... .......... .......... .......... 73% 23.7M 4s
177500K .......... .......... .......... .......... .......... 73% 15.2M 4s
177550K .......... .......... .......... .......... .......... 73% 25.3M 4s
177600K .......... .......... .......... .......... .......... 73% 24.2M 4s
177650K .......... .......... .......... .......... .......... 73%  117M 4s
177700K .......... .......... .......... .......... .......... 73% 12.2M 4s
177750K .......... .......... .......... .......... .......... 73% 23.9M 4s
177800K .......... .......... .......... .......... .......... 73% 84.5M 4s
177850K .......... .......... .......... .......... .......... 73%  117M 4s
147050K .......... .......... .......... .......... .......... 60%  467K 7s
147100K .......... .......... .......... .......... .......... 60%  128M 7s
147150K .......... .......... .......... .......... .......... 60%  118M 7s
147200K .......... .......... .......... .......... .......... 60% 88.7M 7s
147250K .......... .......... .......... .......... .......... 60%  117M 7s
147300K .......... .......... .......... .......... .......... 60%  117M 7s
147350K .......... .......... .......... .......... .......... 60%  117M 7s
147400K .......... .......... .......... .......... .......... 60% 12.2M 7s
147450K .......... .......... .......... .......... .......... 60%  125M 7s
147500K .......... .......... .......... .......... .......... 60%  117M 7s
147550K .......... .......... .......... .......... .......... 60%  116M 7s
147600K .......... .......... .......... .......... .......... 60% 87.2M 7s
147650K .......... .......... .......... .......... .......... 60%  121M 7s
147700K .......... .......... .......... .......... .......... 60%  116M 7s
147750K .......... .......... .......... .......... .......... 61%  114M 7s
147800K .......... .......... .......... .......... .......... 61%  118M 7s
147850K .......... .......... .......... .......... .......... 61%  117M 7s
147900K .......... .......... .......... .......... .......... 61%  113M 7s
147950K .......... .......... .......... .......... .......... 61%  115M 7s
148000K .......... .......... .......... .......... .......... 61% 89.4M 7s
148050K .......... .......... .......... .......... .......... 61%  117M 7s
148100K .......... .......... .......... .......... .......... 61%  117M 7s
148150K .......... .......... .......... .......... .......... 61% 12.1M 7s
148200K .......... .......... .......... .......... .......... 61% 11.5M 7s
148250K .......... .......... .......... .......... .......... 61% 12.6M 7s
148300K .......... .......... .......... .......... .......... 61% 12.6M 7s
148350K .......... .......... .......... .......... .......... 61% 74.3M 7s
148400K .......... .......... .......... .......... .......... 61% 88.2M 7s
148450K .......... .......... .......... .......... .......... 61%  117M 7s
148500K .......... .......... .......... .......... .......... 61%  117M 7s
148550K .......... .......... .......... .......... .......... 61%  117M 7s
148600K .......... .......... .......... .......... .......... 61%  114M 7s
148650K .......... .......... .......... .......... .......... 61%  119M 7s
148700K .......... .......... .......... .......... .......... 61%  117M 7s
148750K .......... .......... .......... .......... .......... 61% 12.0M 7s
148800K .......... .......... .......... .......... .......... 61% 91.2M 7s
148850K .......... .......... .......... .......... .......... 61%  112M 7s
148900K .......... .......... .......... .......... .......... 61%  117M 7s
148950K .......... .......... .......... .......... .......... 61%  117M 7s
149000K .......... .......... .......... .......... .......... 61%  115M 7s
177900K .......... .......... .......... .......... .......... 73% 1.16M 4s
149050K .......... .......... .......... .......... .......... 61% 11.2M 7s
149100K .......... .......... .......... .......... .......... 61%  117M 7s
149150K .......... .......... .......... .......... .......... 61%  117M 7s
149200K .......... .......... .......... .......... .......... 61% 89.1M 7s
149250K .......... .......... .......... .......... .......... 61%  116M 7s
149300K .......... .......... .......... .......... .......... 61% 82.1M 7s
149350K .......... .......... .......... .......... .......... 61%  117M 7s
149400K .......... .......... .......... .......... .......... 61%  115M 7s
149450K .......... .......... .......... .......... .......... 61%  117M 7s
149500K .......... .......... .......... .......... .......... 61%  114M 7s
149550K .......... .......... .......... .......... .......... 61%  120M 7s
149600K .......... .......... .......... .......... .......... 61% 87.0M 7s
149650K .......... .......... .......... .......... .......... 61% 12.7M 7s
149700K .......... .......... .......... .......... .......... 61% 6.06M 7s
149750K .......... .......... .......... .......... .......... 61% 69.4M 7s
149800K .......... .......... .......... .......... .......... 61%  115M 7s
149850K .......... .......... .......... .......... .......... 61%  104M 7s
177950K .......... .......... .......... .......... .......... 73% 2.11M 4s
149900K .......... .......... .......... .......... .......... 61% 11.1M 7s
178000K .......... .......... .......... .......... .......... 73% 5.28M 4s
149950K .......... .......... .......... .......... .......... 61% 6.97M 7s
150000K .......... .......... .......... .......... .......... 61% 87.1M 7s
178050K .......... .......... .......... .......... .......... 73% 10.6M 4s
178100K .......... .......... .......... .......... .......... 73% 29.3M 4s
178150K .......... .......... .......... .......... .......... 73% 21.0M 4s
178200K .......... .......... .......... .......... .......... 73% 45.6M 4s
178250K .......... .......... .......... .......... .......... 73% 7.37M 4s
178300K .......... .......... .......... .......... .......... 73%  128M 4s
178350K .......... .......... .......... .......... .......... 73% 13.0M 4s
178400K .......... .......... .......... .......... .......... 73% 12.4M 4s
178450K .......... .......... .......... .......... .......... 73%  117M 4s
178500K .......... .......... .......... .......... .......... 73%  117M 4s
178550K .......... .......... .......... .......... .......... 73%  115M 4s
178600K .......... .......... .......... .......... .......... 73%  116M 4s
178650K .......... .......... .......... .......... .......... 73%  119M 4s
178700K .......... .......... .......... .......... .......... 73%  113M 4s
178750K .......... .......... .......... .......... .......... 73%  120M 4s
178800K .......... .......... .......... .......... .......... 73% 87.5M 4s
178850K .......... .......... .......... .......... .......... 73%  119M 4s
178900K .......... .......... .......... .......... .......... 73%  102M 4s
178950K .......... .......... .......... .......... .......... 73% 40.4M 4s
179000K .......... .......... .......... .......... .......... 73% 21.0M 4s
179050K .......... .......... .......... .......... .......... 73% 32.8M 4s
179100K .......... .......... .......... .......... .......... 73%  122M 4s
179150K .......... .......... .......... .......... .......... 73% 6.47M 4s
150050K .......... .......... .......... .......... .......... 61% 1.11M 7s
179200K .......... .......... .......... .......... .......... 73% 3.48M 4s
179250K .......... .......... .......... .......... .......... 74% 39.2M 4s
179300K .......... .......... .......... .......... .......... 74% 22.9M 4s
179350K .......... .......... .......... .......... .......... 74%  165M 4s
179400K .......... .......... .......... .......... .......... 74% 11.7M 4s
179450K .......... .......... .......... .......... .......... 74% 31.9M 4s
179500K .......... .......... .......... .......... .......... 74% 7.57M 4s
179550K .......... .......... .......... .......... .......... 74% 72.0M 4s
179600K .......... .......... .......... .......... .......... 74% 64.5M 4s
179650K .......... .......... .......... .......... .......... 74% 13.2M 4s
179700K .......... .......... .......... .......... .......... 74% 82.1M 4s
179750K .......... .......... .......... .......... .......... 74% 7.61M 4s
179800K .......... .......... .......... .......... .......... 74% 71.2M 4s
179850K .......... .......... .......... .......... .......... 74% 13.6M 4s
179900K .......... .......... .......... .......... .......... 74%  115M 4s
179950K .......... .......... .......... .......... .......... 74%  119M 4s
180000K .......... .......... .......... .......... .......... 74% 88.3M 4s
180050K .......... .......... .......... .......... .......... 74%  113M 4s
180100K .......... .......... .......... .......... .......... 74%  116M 4s
180150K .......... .......... .......... .......... .......... 74%  118M 4s
180200K .......... .......... .......... .......... .......... 74%  114M 4s
180250K .......... .......... .......... .......... .......... 74%  115M 4s
180300K .......... .......... .......... .......... .......... 74%  120M 4s
180350K .......... .......... .......... .......... .......... 74%  115M 4s
180400K .......... .......... .......... .......... .......... 74% 88.6M 4s
180450K .......... .......... .......... .......... .......... 74%  117M 4s
180500K .......... .......... .......... .......... .......... 74% 27.8M 4s
180550K .......... .......... .......... .......... .......... 74%  156M 4s
180600K .......... .......... .......... .......... .......... 74% 29.2M 4s
180650K .......... .......... .......... .......... .......... 74% 25.3M 4s
180700K .......... .......... .......... .......... .......... 74% 11.7M 4s
180750K .......... .......... .......... .......... .......... 74%  151M 4s
180800K .......... .......... .......... .......... .......... 74% 21.7M 4s
180850K .......... .......... .......... .......... .......... 74% 75.9M 4s
150100K .......... .......... .......... .......... .......... 61%  790K 7s
150150K .......... .......... .......... .......... .......... 61%  122M 7s
150200K .......... .......... .......... .......... .......... 62%  140M 7s
150250K .......... .......... .......... .......... .......... 62%  116M 7s
150300K .......... .......... .......... .......... .......... 62%  117M 7s
150350K .......... .......... .......... .......... .......... 62%  117M 7s
150400K .......... .......... .......... .......... .......... 62% 89.1M 7s
150450K .......... .......... .......... .......... .......... 62% 12.4M 7s
150500K .......... .......... .......... .......... .......... 62%  117M 7s
150550K .......... .......... .......... .......... .......... 62% 12.5M 7s
150600K .......... .......... .......... .......... .......... 62%  115M 7s
150650K .......... .......... .......... .......... .......... 62%  118M 7s
150700K .......... .......... .......... .......... .......... 62%  114M 7s
150750K .......... .......... .......... .......... .......... 62%  116M 7s
150800K .......... .......... .......... .......... .......... 62% 90.2M 7s
150850K .......... .......... .......... .......... .......... 62%  114M 7s
150900K .......... .......... .......... .......... .......... 62%  120M 7s
150950K .......... .......... .......... .......... .......... 62%  117M 7s
151000K .......... .......... .......... .......... .......... 62%  115M 7s
151050K .......... .......... .......... .......... .......... 62%  116M 7s
151100K .......... .......... .......... .......... .......... 62%  113M 7s
151150K .......... .......... .......... .......... .......... 62%  119M 7s
151200K .......... .......... .......... .......... .......... 62% 82.0M 7s
151250K .......... .......... .......... .......... .......... 62% 11.4M 7s
151300K .......... .......... .......... .......... .......... 62% 11.7M 7s
151350K .......... .......... .......... .......... .......... 62% 14.3M 7s
151400K .......... .......... .......... .......... .......... 62% 59.6M 7s
151450K .......... .......... .......... .......... .......... 62%  106M 7s
151500K .......... .......... .......... .......... .......... 62%  117M 7s
151550K .......... .......... .......... .......... .......... 62%  117M 7s
151600K .......... .......... .......... .......... .......... 62% 88.8M 7s
151650K .......... .......... .......... .......... .......... 62%  109M 7s
151700K .......... .......... .......... .......... .......... 62%  117M 7s
151750K .......... .......... .......... .......... .......... 62%  117M 7s
151800K .......... .......... .......... .......... .......... 62% 12.9M 7s
151850K .......... .......... .......... .......... .......... 62% 80.6M 7s
151900K .......... .......... .......... .......... .......... 62%  113M 7s
151950K .......... .......... .......... .......... .......... 62%  111M 7s
152000K .......... .......... .......... .......... .......... 62% 77.8M 7s
152050K .......... .......... .......... .......... .......... 62%  117M 7s
180900K .......... .......... .......... .......... .......... 74% 1.16M 4s
152100K .......... .......... .......... .......... .......... 62% 11.4M 7s
180950K .......... .......... .......... .......... .......... 74% 8.12M 4s
152150K .......... .......... .......... .......... .......... 62% 11.5M 7s
152200K .......... .......... .......... .......... .......... 62%  116M 7s
152250K .......... .......... .......... .......... .......... 62%  116M 7s
152300K .......... .......... .......... .......... .......... 62%  114M 7s
152350K .......... .......... .......... .......... .......... 62%  119M 7s
152400K .......... .......... .......... .......... .......... 62% 86.6M 7s
152450K .......... .......... .......... .......... .......... 62%  119M 7s
152500K .......... .......... .......... .......... .......... 62%  114M 7s
152550K .......... .......... .......... .......... .......... 62%  118M 7s
152600K .......... .......... .......... .......... .......... 63%  115M 7s
152650K .......... .......... .......... .......... .......... 63%  117M 7s
152700K .......... .......... .......... .......... .......... 63%  114M 7s
152750K .......... .......... .......... .......... .......... 63% 6.58M 7s
152800K .......... .......... .......... .......... .......... 63% 41.0M 7s
152850K .......... .......... .......... .......... .......... 63% 87.1M 7s
181000K .......... .......... .......... .......... .......... 74% 2.84M 4s
152900K .......... .......... .......... .......... .......... 63% 13.1M 7s
152950K .......... .......... .......... .......... .......... 63% 46.6M 6s
181050K .......... .......... .......... .......... .......... 74% 5.20M 4s
153000K .......... .......... .......... .......... .......... 63% 7.08M 6s
153050K .......... .......... .......... .......... .......... 63% 96.2M 6s
181100K .......... .......... .......... .......... .......... 74% 10.6M 4s
181150K .......... .......... .......... .......... .......... 74% 34.1M 4s
181200K .......... .......... .......... .......... .......... 74% 13.1M 4s
181250K .......... .......... .......... .......... .......... 74%  117M 4s
181300K .......... .......... .......... .......... .......... 74% 7.93M 4s
181350K .......... .......... .......... .......... .......... 74% 13.3M 4s
181400K .......... .......... .......... .......... .......... 74% 6.68M 4s
181450K .......... .......... .......... .......... .......... 74%  131M 4s
181500K .......... .......... .......... .......... .......... 74%  119M 4s
181550K .......... .......... .......... .......... .......... 74%  116M 4s
181600K .......... .......... .......... .......... .......... 74% 89.7M 4s
181650K .......... .......... .......... .......... .......... 74%  117M 4s
181700K .......... .......... .......... .......... .......... 75%  117M 4s
181750K .......... .......... .......... .......... .......... 75%  118M 4s
181800K .......... .......... .......... .......... .......... 75%  112M 4s
181850K .......... .......... .......... .......... .......... 75%  117M 4s
181900K .......... .......... .......... .......... .......... 75%  115M 4s
181950K .......... .......... .......... .......... .......... 75%  118M 4s
182000K .......... .......... .......... .......... .......... 75% 87.9M 4s
182050K .......... .......... .......... .......... .......... 75%  118M 4s
182100K .......... .......... .......... .......... .......... 75%  117M 4s
182150K .......... .......... .......... .......... .......... 75% 47.8M 4s
182200K .......... .......... .......... .......... .......... 75% 6.54M 4s
153100K .......... .......... .......... .......... .......... 63% 1.10M 7s
182250K .......... .......... .......... .......... .......... 75% 3.50M 4s
182300K .......... .......... .......... .......... .......... 75%  117M 4s
182350K .......... .......... .......... .......... .......... 75% 36.9M 4s
182400K .......... .......... .......... .......... .......... 75% 24.3M 4s
182450K .......... .......... .......... .......... .......... 75% 11.8M 4s
182500K .......... .......... .......... .......... .......... 75% 31.6M 4s
182550K .......... .......... .......... .......... .......... 75%  117M 4s
182600K .......... .......... .......... .......... .......... 75% 7.22M 4s
182650K .......... .......... .......... .......... .......... 75% 72.8M 4s
182700K .......... .......... .......... .......... .......... 75% 13.5M 4s
182750K .......... .......... .......... .......... .......... 75%  118M 4s
182800K .......... .......... .......... .......... .......... 75% 56.5M 4s
182850K .......... .......... .......... .......... .......... 75% 7.43M 4s
182900K .......... .......... .......... .......... .......... 75% 13.3M 4s
182950K .......... .......... .......... .......... .......... 75% 13.4M 4s
183000K .......... .......... .......... .......... .......... 75%  114M 4s
183050K .......... .......... .......... .......... .......... 75%  114M 4s
183100K .......... .......... .......... .......... .......... 75%  121M 4s
183150K .......... .......... .......... .......... .......... 75%  113M 4s
183200K .......... .......... .......... .......... .......... 75% 88.9M 4s
183250K .......... .......... .......... .......... .......... 75%  118M 4s
183300K .......... .......... .......... .......... .......... 75%  117M 4s
183350K .......... .......... .......... .......... .......... 75%  118M 4s
183400K .......... .......... .......... .......... .......... 75%  114M 4s
183450K .......... .......... .......... .......... .......... 75%  112M 4s
183500K .......... .......... .......... .......... .......... 75%  118M 4s
183550K .......... .......... .......... .......... .......... 75%  118M 4s
183600K .......... .......... .......... .......... .......... 75% 88.8M 4s
183650K .......... .......... .......... .......... .......... 75%  116M 4s
183700K .......... .......... .......... .......... .......... 75% 58.3M 4s
183750K .......... .......... .......... .......... .......... 75% 12.3M 4s
183800K .......... .......... .......... .......... .......... 75% 63.7M 4s
183850K .......... .......... .......... .......... .......... 75% 21.6M 4s
183900K .......... .......... .......... .......... .......... 75% 67.6M 4s
153150K .......... .......... .......... .......... .......... 63%  788K 7s
153200K .......... .......... .......... .......... .......... 63% 91.3M 7s
153250K .......... .......... .......... .......... .......... 63%  117M 7s
153300K .......... .......... .......... .......... .......... 63%  117M 7s
153350K .......... .......... .......... .......... .......... 63%  117M 7s
153400K .......... .......... .......... .......... .......... 63%  115M 7s
153450K .......... .......... .......... .......... .......... 63%  117M 7s
153500K .......... .......... .......... .......... .......... 63% 13.4M 7s
153550K .......... .......... .......... .......... .......... 63%  117M 6s
153600K .......... .......... .......... .......... .......... 63% 12.5M 6s
153650K .......... .......... .......... .......... .......... 63% 12.3M 6s
153700K .......... .......... .......... .......... .......... 63%  117M 6s
153750K .......... .......... .......... .......... .......... 63%  117M 6s
153800K .......... .......... .......... .......... .......... 63%  118M 6s
153850K .......... .......... .......... .......... .......... 63%  114M 6s
153900K .......... .......... .......... .......... .......... 63%  120M 6s
153950K .......... .......... .......... .......... .......... 63%  117M 6s
154000K .......... .......... .......... .......... .......... 63% 85.8M 6s
154050K .......... .......... .......... .......... .......... 63%  117M 6s
154100K .......... .......... .......... .......... .......... 63%  119M 6s
154150K .......... .......... .......... .......... .......... 63%  117M 6s
154200K .......... .......... .......... .......... .......... 63%  113M 6s
154250K .......... .......... .......... .......... .......... 63%  119M 6s
154300K .......... .......... .......... .......... .......... 63% 74.6M 6s
154350K .......... .......... .......... .......... .......... 63% 11.6M 6s
154400K .......... .......... .......... .......... .......... 63% 12.3M 6s
154450K .......... .......... .......... .......... .......... 63%  111M 6s
154500K .......... .......... .......... .......... .......... 63%  110M 6s
154550K .......... .......... .......... .......... .......... 63%  117M 6s
154600K .......... .......... .......... .......... .......... 63%  115M 6s
154650K .......... .......... .......... .......... .......... 63%  112M 6s
154700K .......... .......... .......... .......... .......... 63%  106M 6s
154750K .......... .......... .......... .......... .......... 63%  117M 6s
154800K .......... .......... .......... .......... .......... 63% 78.5M 6s
154850K .......... .......... .......... .......... .......... 63% 12.9M 6s
154900K .......... .......... .......... .......... .......... 63%  106M 6s
154950K .......... .......... .......... .......... .......... 63% 96.8M 6s
155000K .......... .......... .......... .......... .......... 63%  115M 6s
155050K .......... .......... .......... .......... .......... 64%  110M 6s
155100K .......... .......... .......... .......... .......... 64%  103M 6s
183950K .......... .......... .......... .......... .......... 75% 1.18M 4s
155150K .......... .......... .......... .......... .......... 64% 11.4M 6s
184000K .......... .......... .......... .......... .......... 75% 8.03M 4s
155200K .......... .......... .......... .......... .......... 64% 6.19M 6s
155250K .......... .......... .......... .......... .......... 64%  129M 6s
155300K .......... .......... .......... .......... .......... 64%  117M 6s
155350K .......... .......... .......... .......... .......... 64%  116M 6s
155400K .......... .......... .......... .......... .......... 64%  113M 6s
155450K .......... .......... .......... .......... .......... 64%  120M 6s
155500K .......... .......... .......... .......... .......... 64%  115M 6s
155550K .......... .......... .......... .......... .......... 64%  117M 6s
155600K .......... .......... .......... .......... .......... 64% 90.4M 6s
155650K .......... .......... .......... .......... .......... 64%  113M 6s
155700K .......... .......... .......... .......... .......... 64%  119M 6s
155750K .......... .......... .......... .......... .......... 64%  117M 6s
155800K .......... .......... .......... .......... .......... 64% 11.1M 6s
155850K .......... .......... .......... .......... .......... 64% 95.5M 6s
155900K .......... .......... .......... .......... .......... 64% 71.9M 6s
184050K .......... .......... .......... .......... .......... 75% 2.78M 4s
155950K .......... .......... .......... .......... .......... 64% 13.3M 6s
156000K .......... .......... .......... .......... .......... 64% 39.5M 6s
184100K .......... .......... .......... .......... .......... 76% 4.95M 4s
156050K .......... .......... .......... .......... .......... 64% 6.98M 6s
156100K .......... .......... .......... .......... .......... 64%  117M 6s
184150K .......... .......... .......... .......... .......... 76% 11.8M 4s
184200K .......... .......... .......... .......... .......... 76% 46.4M 4s
184250K .......... .......... .......... .......... .......... 76% 17.6M 4s
184300K .......... .......... .......... .......... .......... 76% 32.7M 4s
184350K .......... .......... .......... .......... .......... 76% 7.70M 4s
184400K .......... .......... .......... .......... .......... 76% 6.71M 4s
184450K .......... .......... .......... .......... .......... 76% 12.8M 4s
184500K .......... .......... .......... .......... .......... 76%  117M 4s
184550K .......... .......... .......... .......... .......... 76% 13.3M 4s
184600K .......... .......... .......... .......... .......... 76%  115M 4s
184650K .......... .......... .......... .......... .......... 76%  119M 4s
184700K .......... .......... .......... .......... .......... 76%  117M 4s
184750K .......... .......... .......... .......... .......... 76%  114M 4s
184800K .......... .......... .......... .......... .......... 76% 87.8M 4s
184850K .......... .......... .......... .......... .......... 76%  118M 4s
184900K .......... .......... .......... .......... .......... 76%  115M 4s
184950K .......... .......... .......... .......... .......... 76%  115M 4s
185000K .......... .......... .......... .......... .......... 76%  117M 4s
185050K .......... .......... .......... .......... .......... 76%  118M 4s
185100K .......... .......... .......... .......... .......... 76%  115M 4s
185150K .......... .......... .......... .......... .......... 76%  118M 4s
185200K .......... .......... .......... .......... .......... 76% 87.0M 4s
185250K .......... .......... .......... .......... .......... 76% 10.6M 4s
185300K .......... .......... .......... .......... .......... 76% 3.75M 4s
185350K .......... .......... .......... .......... .......... 76% 18.8M 4s
185400K .......... .......... .......... .......... .......... 76%  147M 4s
185450K .......... .......... .......... .......... .......... 76% 30.6M 4s
185500K .......... .......... .......... .......... .......... 76% 15.5M 4s
185550K .......... .......... .......... .......... .......... 76% 19.6M 4s
185600K .......... .......... .......... .......... .......... 76% 8.15M 4s
185650K .......... .......... .......... .......... .......... 76% 34.8M 4s
185700K .......... .......... .......... .......... .......... 76% 58.0M 4s
185750K .......... .......... .......... .......... .......... 76% 14.3M 4s
185800K .......... .......... .......... .......... .......... 76% 50.7M 4s
185850K .......... .......... .......... .......... .......... 76%  117M 4s
185900K .......... .......... .......... .......... .......... 76% 7.64M 4s
185950K .......... .......... .......... .......... .......... 76% 13.3M 4s
186000K .......... .......... .......... .......... .......... 76% 12.9M 4s
186050K .......... .......... .......... .......... .......... 76% 86.0M 4s
186100K .......... .......... .......... .......... .......... 76%  116M 4s
186150K .......... .......... .......... .......... .......... 76% 13.7M 4s
186200K .......... .......... .......... .......... .......... 76%  115M 4s
186250K .......... .......... .......... .......... .......... 76%  118M 4s
186300K .......... .......... .......... .......... .......... 76%  115M 4s
186350K .......... .......... .......... .......... .......... 76%  115M 4s
186400K .......... .......... .......... .......... .......... 76% 88.7M 4s
186450K .......... .......... .......... .......... .......... 76%  120M 4s
186500K .......... .......... .......... .......... .......... 76%  112M 4s
186550K .......... .......... .......... .......... .......... 77%  116M 4s
186600K .......... .......... .......... .......... .......... 77%  116M 4s
186650K .......... .......... .......... .......... .......... 77%  118M 4s
186700K .......... .......... .......... .......... .......... 77%  115M 4s
186750K .......... .......... .......... .......... .......... 77%  118M 4s
186800K .......... .......... .......... .......... .......... 77% 43.2M 4s
186850K .......... .......... .......... .......... .......... 77% 22.0M 4s
186900K .......... .......... .......... .......... .......... 77% 35.4M 4s
186950K .......... .......... .......... .......... .......... 77%  117M 4s
156150K .......... .......... .......... .......... .......... 64%  465K 6s
156200K .......... .......... .......... .......... .......... 64%  112M 6s
156250K .......... .......... .......... .......... .......... 64%  182M 6s
156300K .......... .......... .......... .......... .......... 64%  118M 6s
156350K .......... .......... .......... .......... .......... 64%  117M 6s
156400K .......... .......... .......... .......... .......... 64% 89.0M 6s
156450K .......... .......... .......... .......... .......... 64%  117M 6s
156500K .......... .......... .......... .......... .......... 64% 14.0M 6s
156550K .......... .......... .......... .......... .......... 64% 97.9M 6s
156600K .......... .......... .......... .......... .......... 64%  108M 6s
156650K .......... .......... .......... .......... .......... 64% 12.9M 6s
156700K .......... .......... .......... .......... .......... 64% 12.1M 6s
156750K .......... .......... .......... .......... .......... 64% 11.7M 6s
156800K .......... .......... .......... .......... .......... 64%  102M 6s
156850K .......... .......... .......... .......... .......... 64%  115M 6s
156900K .......... .......... .......... .......... .......... 64%  115M 6s
156950K .......... .......... .......... .......... .......... 64%  117M 6s
157000K .......... .......... .......... .......... .......... 64%  115M 6s
157050K .......... .......... .......... .......... .......... 64%  116M 6s
157100K .......... .......... .......... .......... .......... 64%  117M 6s
157150K .......... .......... .......... .......... .......... 64%  115M 6s
157200K .......... .......... .......... .......... .......... 64% 90.7M 6s
157250K .......... .......... .......... .......... .......... 64%  114M 6s
157300K .......... .......... .......... .......... .......... 64%  116M 6s
157350K .......... .......... .......... .......... .......... 64%  118M 6s
157400K .......... .......... .......... .......... .......... 64% 55.8M 6s
157450K .......... .......... .......... .......... .......... 65% 15.2M 6s
157500K .......... .......... .......... .......... .......... 65% 54.3M 6s
157550K .......... .......... .......... .......... .......... 65%  100M 6s
157600K .......... .......... .......... .......... .......... 65% 89.1M 6s
157650K .......... .......... .......... .......... .......... 65%  117M 6s
157700K .......... .......... .......... .......... .......... 65%  117M 6s
157750K .......... .......... .......... .......... .......... 65%  103M 6s
157800K .......... .......... .......... .......... .......... 65%  114M 6s
157850K .......... .......... .......... .......... .......... 65%  102M 6s
157900K .......... .......... .......... .......... .......... 65% 13.9M 6s
157950K .......... .......... .......... .......... .......... 65% 66.1M 6s
158000K .......... .......... .......... .......... .......... 65% 79.1M 6s
158050K .......... .......... .......... .......... .......... 65%  117M 6s
187000K .......... .......... .......... .......... .......... 77% 1.19M 4s
158100K .......... .......... .......... .......... .......... 65% 58.3M 6s
158150K .......... .......... .......... .......... .......... 65%  117M 6s
158200K .......... .......... .......... .......... .......... 65% 12.4M 6s
187050K .......... .......... .......... .......... .......... 77% 7.82M 4s
158250K .......... .......... .......... .......... .......... 65% 6.34M 6s
158300K .......... .......... .......... .......... .......... 65% 12.3M 6s
158350K .......... .......... .......... .......... .......... 65%  117M 6s
158400K .......... .......... .......... .......... .......... 65% 87.9M 6s
158450K .......... .......... .......... .......... .......... 65%  117M 6s
158500K .......... .......... .......... .......... .......... 65%  116M 6s
158550K .......... .......... .......... .......... .......... 65%  116M 6s
158600K .......... .......... .......... .......... .......... 65%  115M 6s
158650K .......... .......... .......... .......... .......... 65%  116M 6s
158700K .......... .......... .......... .......... .......... 65%  114M 6s
158750K .......... .......... .......... .......... .......... 65%  120M 6s
158800K .......... .......... .......... .......... .......... 65% 88.1M 6s
158850K .......... .......... .......... .......... .......... 65%  116M 6s
158900K .......... .......... .......... .......... .......... 65% 42.9M 6s
158950K .......... .......... .......... .......... .......... 65% 99.8M 6s
159000K .......... .......... .......... .......... .......... 65% 13.0M 6s
187100K .......... .......... .......... .......... .......... 77% 2.01M 4s
159050K .......... .......... .......... .......... .......... 65% 6.44M 6s
159100K .......... .......... .......... .......... .......... 65%  130M 6s
159150K .......... .......... .......... .......... .......... 65% 94.3M 6s
187150K .......... .......... .......... .......... .......... 77% 15.7M 4s
187200K .......... .......... .......... .......... .......... 77% 11.7M 4s
187250K .......... .......... .......... .......... .......... 77% 13.3M 4s
187300K .......... .......... .......... .......... .......... 77% 30.3M 4s
187350K .......... .......... .......... .......... .......... 77% 8.42M 4s
187400K .......... .......... .......... .......... .......... 77% 79.1M 4s
187450K .......... .......... .......... .......... .......... 77% 14.6M 4s
187500K .......... .......... .......... .......... .......... 77% 6.58M 4s
187550K .......... .......... .......... .......... .......... 77% 11.7M 4s
187600K .......... .......... .......... .......... .......... 77% 76.4M 4s
187650K .......... .......... .......... .......... .......... 77%  117M 4s
187700K .......... .......... .......... .......... .......... 77%  116M 4s
187750K .......... .......... .......... .......... .......... 77% 14.0M 4s
187800K .......... .......... .......... .......... .......... 77%  115M 4s
187850K .......... .......... .......... .......... .......... 77%  114M 4s
187900K .......... .......... .......... .......... .......... 77%  118M 4s
187950K .......... .......... .......... .......... .......... 77%  117M 4s
188000K .......... .......... .......... .......... .......... 77% 86.8M 4s
188050K .......... .......... .......... .......... .......... 77%  121M 4s
188100K .......... .......... .......... .......... .......... 77%  112M 4s
188150K .......... .......... .......... .......... .......... 77%  118M 4s
188200K .......... .......... .......... .......... .......... 77%  117M 4s
188250K .......... .......... .......... .......... .......... 77%  113M 4s
188300K .......... .......... .......... .......... .......... 77% 41.3M 4s
188350K .......... .......... .......... .......... .......... 77% 3.68M 4s
188400K .......... .......... .......... .......... .......... 77% 17.2M 4s
188450K .......... .......... .......... .......... .......... 77% 40.5M 4s
188500K .......... .......... .......... .......... .......... 77% 15.1M 4s
188550K .......... .......... .......... .......... .......... 77%  117M 4s
188600K .......... .......... .......... .......... .......... 77% 19.7M 4s
188650K .......... .......... .......... .......... .......... 77% 8.26M 4s
188700K .......... .......... .......... .......... .......... 77% 25.3M 4s
188750K .......... .......... .......... .......... .......... 77%  118M 4s
188800K .......... .......... .......... .......... .......... 77% 22.4M 4s
188850K .......... .......... .......... .......... .......... 77% 23.4M 4s
188900K .......... .......... .......... .......... .......... 77% 8.86M 4s
188950K .......... .......... .......... .......... .......... 78% 12.2M 4s
189000K .......... .......... .......... .......... .......... 78% 56.9M 4s
189050K .......... .......... .......... .......... .......... 78% 13.4M 4s
189100K .......... .......... .......... .......... .......... 78% 48.0M 4s
189150K .......... .......... .......... .......... .......... 78% 14.5M 4s
189200K .......... .......... .......... .......... .......... 78% 68.4M 4s
189250K .......... .......... .......... .......... .......... 78%  117M 4s
189300K .......... .......... .......... .......... .......... 78% 13.6M 4s
189350K .......... .......... .......... .......... .......... 78%  115M 4s
189400K .......... .......... .......... .......... .......... 78%  119M 4s
189450K .......... .......... .......... .......... .......... 78%  116M 4s
189500K .......... .......... .......... .......... .......... 78%  115M 4s
189550K .......... .......... .......... .......... .......... 78%  118M 3s
189600K .......... .......... .......... .......... .......... 78% 88.0M 3s
189650K .......... .......... .......... .......... .......... 78%  114M 3s
189700K .......... .......... .......... .......... .......... 78%  120M 3s
189750K .......... .......... .......... .......... .......... 78%  114M 3s
189800K .......... .......... .......... .......... .......... 78%  118M 3s
189850K .......... .......... .......... .......... .......... 78%  117M 3s
189900K .......... .......... .......... .......... .......... 78%  117M 3s
189950K .......... .......... .......... .......... .......... 78% 88.9M 3s
159200K .......... .......... .......... .......... .......... 65%  464K 6s
159250K .......... .......... .......... .......... .......... 65% 97.2M 6s
159300K .......... .......... .......... .......... .......... 65%  160M 6s
159350K .......... .......... .......... .......... .......... 65%  117M 6s
159400K .......... .......... .......... .......... .......... 65%  115M 6s
159450K .......... .......... .......... .......... .......... 65%  116M 6s
159500K .......... .......... .......... .......... .......... 65%  117M 6s
159550K .......... .......... .......... .......... .......... 65% 14.9M 6s
159600K .......... .......... .......... .......... .......... 65% 71.5M 6s
159650K .......... .......... .......... .......... .......... 65% 12.9M 6s
159700K .......... .......... .......... .......... .......... 65%  113M 6s
159750K .......... .......... .......... .......... .......... 65% 12.3M 6s
159800K .......... .......... .......... .......... .......... 65% 11.9M 6s
159850K .......... .......... .......... .......... .......... 65% 11.8M 6s
159900K .......... .......... .......... .......... .......... 66%  119M 6s
159950K .......... .......... .......... .......... .......... 66%  113M 6s
160000K .......... .......... .......... .......... .......... 66% 88.2M 6s
160050K .......... .......... .......... .......... .......... 66%  119M 6s
190000K .......... .......... .......... .......... .......... 78% 1.19M 3s
190050K .......... .......... .......... .......... .......... 78% 8.16M 3s
190100K .......... .......... .......... .......... .......... 78%  118M 3s
190150K .......... .......... .......... .......... .......... 78% 2.03M 3s
190200K .......... .......... .......... .......... .......... 78% 15.5M 3s
190250K .......... .......... .......... .......... .......... 78% 6.40M 3s
190300K .......... .......... .......... .......... .......... 78%  190M 3s
190350K .......... .......... .......... .......... .......... 78% 26.1M 3s
190400K .......... .......... .......... .......... .......... 78% 8.78M 3s
190450K .......... .......... .......... .......... .......... 78% 13.4M 3s
190500K .......... .......... .......... .......... .......... 78% 11.7M 3s
190550K .......... .......... .......... .......... .......... 78% 13.6M 3s
190600K .......... .......... .......... .......... .......... 78% 11.5M 3s
190650K .......... .......... .......... .......... .......... 78% 61.0M 3s
190700K .......... .......... .......... .......... .......... 78%  115M 3s
190750K .......... .......... .......... .......... .......... 78%  117M 3s
190800K .......... .......... .......... .......... .......... 78% 13.4M 3s
190850K .......... .......... .......... .......... .......... 78% 13.5M 3s
190900K .......... .......... .......... .......... .......... 78%  120M 3s
190950K .......... .......... .......... .......... .......... 78%  114M 3s
191000K .......... .......... .......... .......... .......... 78%  116M 3s
191050K .......... .......... .......... .......... .......... 78%  113M 3s
191100K .......... .......... .......... .......... .......... 78%  120M 3s
191150K .......... .......... .......... .......... .......... 78%  114M 3s
191200K .......... .......... .......... .......... .......... 78% 89.4M 3s
191250K .......... .......... .......... .......... .......... 78%  116M 3s
191300K .......... .......... .......... .......... .......... 78%  115M 3s
191350K .......... .......... .......... .......... .......... 78%  116M 3s
191400K .......... .......... .......... .......... .......... 79% 4.29M 3s
191450K .......... .......... .......... .......... .......... 79% 26.1M 3s
191500K .......... .......... .......... .......... .......... 79% 35.8M 3s
191550K .......... .......... .......... .......... .......... 79% 16.7M 3s
191600K .......... .......... .......... .......... .......... 79% 17.8M 3s
191650K .......... .......... .......... .......... .......... 79%  101M 3s
191700K .......... .......... .......... .......... .......... 79% 8.08M 3s
191750K .......... .......... .......... .......... .......... 79% 27.0M 3s
191800K .......... .......... .......... .......... .......... 79% 23.7M 3s
191850K .......... .......... .......... .......... .......... 79%  134M 3s
191900K .......... .......... .......... .......... .......... 79% 28.2M 3s
191950K .......... .......... .......... .......... .......... 79% 8.28M 3s
192000K .......... .......... .......... .......... .......... 79% 12.2M 3s
192050K .......... .......... .......... .......... .......... 79% 11.8M 3s
192100K .......... .......... .......... .......... .......... 79%  117M 3s
192150K .......... .......... .......... .......... .......... 79% 39.1M 3s
192200K .......... .......... .......... .......... .......... 79% 16.4M 3s
192250K .......... .......... .......... .......... .......... 79% 50.0M 3s
192300K .......... .......... .......... .......... .......... 79%  113M 3s
192350K .......... .......... .......... .......... .......... 79% 7.17M 3s
192400K .......... .......... .......... .......... .......... 79% 90.8M 3s
192450K .......... .......... .......... .......... .......... 79%  117M 3s
192500K .......... .......... .......... .......... .......... 79%  116M 3s
192550K .......... .......... .......... .......... .......... 79%  113M 3s
192600K .......... .......... .......... .......... .......... 79%  117M 3s
192650K .......... .......... .......... .......... .......... 79%  114M 3s
192700K .......... .......... .......... .......... .......... 79%  119M 3s
192750K .......... .......... .......... .......... .......... 79%  113M 3s
192800K .......... .......... .......... .......... .......... 79% 88.6M 3s
192850K .......... .......... .......... .......... .......... 79%  118M 3s
192900K .......... .......... .......... .......... .......... 79%  117M 3s
192950K .......... .......... .......... .......... .......... 79%  117M 3s
193000K .......... .......... .......... .......... .......... 79%  115M 3s
193050K .......... .......... .......... .......... .......... 79%  115M 3s
160100K .......... .......... .......... .......... .......... 66%  276K 6s
160150K .......... .......... .......... .......... .......... 66%  143M 6s
160200K .......... .......... .......... .......... .......... 66%  132M 6s
160250K .......... .......... .......... .......... .......... 66%  106M 6s
160300K .......... .......... .......... .......... .......... 66%  204M 6s
160350K .......... .......... .......... .......... .......... 66%  500M 6s
160400K .......... .......... .......... .......... .......... 66%  813M 6s
160450K .......... .......... .......... .......... .......... 66%  947M 6s
160500K .......... .......... .......... .......... .......... 66% 1.01G 6s
160550K .......... .......... .......... .......... .......... 66% 1.01G 6s
160600K .......... .......... .......... .......... .......... 66%  963M 6s
160650K .......... .......... .......... .......... .......... 66% 1.04G 6s
160700K .......... .......... .......... .......... .......... 66%  958M 6s
160750K .......... .......... .......... .......... .......... 66% 1004M 6s
160800K .......... .......... .......... .......... .......... 66%  880M 6s
160850K .......... .......... .......... .......... .......... 66% 1.04G 6s
160900K .......... .......... .......... .......... .......... 66% 1.07G 6s
160950K .......... .......... .......... .......... .......... 66%  891M 6s
161000K .......... .......... .......... .......... .......... 66%  995M 6s
161050K .......... .......... .......... .......... .......... 66% 1.04G 6s
161100K .......... .......... .......... .......... .......... 66% 1.06G 6s
161150K .......... .......... .......... .......... .......... 66% 1018M 6s
161200K .......... .......... .......... .......... .......... 66%  794M 6s
161250K .......... .......... .......... .......... .......... 66% 1.08G 6s
161300K .......... .......... .......... .......... .......... 66% 1.10G 6s
161350K .......... .......... .......... .......... .......... 66% 1.01G 6s
161400K .......... .......... .......... .......... .......... 66%  992M 6s
161450K .......... .......... .......... .......... .......... 66%  986M 6s
161500K .......... .......... .......... .......... .......... 66% 1.10G 6s
161550K .......... .......... .......... .......... .......... 66% 1.05G 6s
161600K .......... .......... .......... .......... .......... 66%  746M 6s
161650K .......... .......... .......... .......... .......... 66% 1.02G 6s
161700K .......... .......... .......... .......... .......... 66% 1.09G 6s
161750K .......... .......... .......... .......... .......... 66%  927M 6s
161800K .......... .......... .......... .......... .......... 66% 1005M 6s
161850K .......... .......... .......... .......... .......... 66% 1.13G 6s
161900K .......... .......... .......... .......... .......... 66% 1.09G 6s
161950K .......... .......... .......... .......... .......... 66% 1.04G 6s
162000K .......... .......... .......... .......... .......... 66%  838M 6s
162050K .......... .......... .......... .......... .......... 66% 1.09G 6s
162100K .......... .......... .......... .......... .......... 66% 1.11G 6s
162150K .......... .......... .......... .......... .......... 66% 1.07G 6s
162200K .......... .......... .......... .......... .......... 66% 1.02G 6s
162250K .......... .......... .......... .......... .......... 66% 1.08G 6s
162300K .......... .......... .......... .......... .......... 67% 1.01G 6s
162350K .......... .......... .......... .......... .......... 67% 1.01G 6s
162400K .......... .......... .......... .......... .......... 67%  892M 6s
162450K .......... .......... .......... .......... .......... 67% 1.04G 6s
162500K .......... .......... .......... .......... .......... 67% 1015M 6s
162550K .......... .......... .......... .......... .......... 67% 1023M 6s
162600K .......... .......... .......... .......... .......... 67%  981M 6s
162650K .......... .......... .......... .......... .......... 67% 1.07G 6s
162700K .......... .......... .......... .......... .......... 67% 1.07G 6s
162750K .......... .......... .......... .......... .......... 67%  964M 6s
162800K .......... .......... .......... .......... .......... 67%  906M 6s
162850K .......... .......... .......... .......... .......... 67% 1.07G 6s
162900K .......... .......... .......... .......... .......... 67% 1.01G 6s
193100K .......... .......... .......... .......... .......... 79% 1.29M 3s
193150K .......... .......... .......... .......... .......... 79% 8.07M 3s
193200K .......... .......... .......... .......... .......... 79% 2.05M 3s
193250K .......... .......... .......... .......... .......... 79% 7.32M 3s
193300K .......... .......... .......... .......... .......... 79% 74.7M 3s
193350K .......... .......... .......... .......... .......... 79% 12.0M 3s
193400K .......... .......... .......... .......... .......... 79% 28.7M 3s
193450K .......... .......... .......... .......... .......... 79% 8.77M 3s
193500K .......... .......... .......... .......... .......... 79%  126M 3s
193550K .......... .......... .......... .......... .......... 79% 12.0M 3s
193600K .......... .......... .......... .......... .......... 79% 7.14M 3s
193650K .......... .......... .......... .......... .......... 79% 10.6M 3s
193700K .......... .......... .......... .......... .......... 79% 76.2M 3s
193750K .......... .......... .......... .......... .......... 79%  116M 3s
193800K .......... .......... .......... .......... .......... 80% 15.0M 3s
193850K .......... .......... .......... .......... .......... 80% 72.1M 3s
193900K .......... .......... .......... .......... .......... 80% 13.3M 3s
193950K .......... .......... .......... .......... .......... 80%  115M 3s
194000K .......... .......... .......... .......... .......... 80% 89.9M 3s
194050K .......... .......... .......... .......... .......... 80% 13.6M 3s
194100K .......... .......... .......... .......... .......... 80%  117M 3s
194150K .......... .......... .......... .......... .......... 80%  119M 3s
194200K .......... .......... .......... .......... .......... 80%  114M 3s
194250K .......... .......... .......... .......... .......... 80%  115M 3s
194300K .......... .......... .......... .......... .......... 80%  119M 3s
194350K .......... .......... .......... .......... .......... 80%  114M 3s
194400K .......... .......... .......... .......... .......... 80% 90.1M 3s
194450K .......... .......... .......... .......... .......... 80% 5.25M 3s
194500K .......... .......... .......... .......... .......... 80% 27.4M 3s
194550K .......... .......... .......... .......... .......... 80%  161M 3s
194600K .......... .......... .......... .......... .......... 80% 18.0M 3s
194650K .......... .......... .......... .......... .......... 80% 18.8M 3s
194700K .......... .......... .......... .......... .......... 80% 70.6M 3s
194750K .......... .......... .......... .......... .......... 80%  117M 3s
194800K .......... .......... .......... .......... .......... 80% 6.50M 3s
194850K .......... .......... .......... .......... .......... 80% 26.0M 3s
194900K .......... .......... .......... .......... .......... 80% 25.7M 3s
194950K .......... .......... .......... .......... .......... 80%  117M 3s
195000K .......... .......... .......... .......... .......... 80% 8.76M 3s
195050K .......... .......... .......... .......... .......... 80% 12.1M 3s
195100K .......... .......... .......... .......... .......... 80% 11.7M 3s
195150K .......... .......... .......... .......... .......... 80% 35.4M 3s
195200K .......... .......... .......... .......... .......... 80% 15.3M 3s
195250K .......... .......... .......... .......... .......... 80%  117M 3s
195300K .......... .......... .......... .......... .......... 80% 54.4M 3s
195350K .......... .......... .......... .......... .......... 80% 7.41M 3s
195400K .......... .......... .......... .......... .......... 80% 13.0M 3s
195450K .......... .......... .......... .......... .......... 80%  135M 3s
195500K .......... .......... .......... .......... .......... 80%  117M 3s
195550K .......... .......... .......... .......... .......... 80%  114M 3s
195600K .......... .......... .......... .......... .......... 80% 89.7M 3s
195650K .......... .......... .......... .......... .......... 80%  114M 3s
195700K .......... .......... .......... .......... .......... 80%  119M 3s
195750K .......... .......... .......... .......... .......... 80%  114M 3s
195800K .......... .......... .......... .......... .......... 80%  114M 3s
195850K .......... .......... .......... .......... .......... 80%  118M 3s
195900K .......... .......... .......... .......... .......... 80%  118M 3s
195950K .......... .......... .......... .......... .......... 80%  117M 3s
196000K .......... .......... .......... .......... .......... 80% 87.5M 3s
196050K .......... .......... .......... .......... .......... 80%  117M 3s
162950K .......... .......... .......... .......... .......... 67%  280K 6s
163000K .......... .......... .......... .......... .......... 67%  157M 6s
163050K .......... .......... .......... .......... .......... 67%  122M 6s
163100K .......... .......... .......... .......... .......... 67%  111M 6s
163150K .......... .......... .......... .......... .......... 67%  119M 6s
163200K .......... .......... .......... .......... .......... 67% 89.0M 6s
163250K .......... .......... .......... .......... .......... 67%  117M 6s
163300K .......... .......... .......... .......... .......... 67%  117M 6s
163350K .......... .......... .......... .......... .......... 67%  117M 6s
163400K .......... .......... .......... .......... .......... 67%  115M 6s
163450K .......... .......... .......... .......... .......... 67%  117M 6s
163500K .......... .......... .......... .......... .......... 67%  117M 6s
163550K .......... .......... .......... .......... .......... 67%  117M 6s
163600K .......... .......... .......... .......... .......... 67% 88.9M 6s
163650K .......... .......... .......... .......... .......... 67%  117M 6s
163700K .......... .......... .......... .......... .......... 67%  117M 6s
163750K .......... .......... .......... .......... .......... 67%  117M 6s
163800K .......... .......... .......... .......... .......... 67%  115M 6s
163850K .......... .......... .......... .......... .......... 67%  117M 6s
163900K .......... .......... .......... .......... .......... 67%  117M 6s
163950K .......... .......... .......... .......... .......... 67%  117M 6s
164000K .......... .......... .......... .......... .......... 67% 87.1M 6s
164050K .......... .......... .......... .......... .......... 67%  117M 6s
164100K .......... .......... .......... .......... .......... 67%  117M 6s
164150K .......... .......... .......... .......... .......... 67%  117M 6s
164200K .......... .......... .......... .......... .......... 67%  115M 6s
164250K .......... .......... .......... .......... .......... 67%  117M 6s
164300K .......... .......... .......... .......... .......... 67%  117M 6s
164350K .......... .......... .......... .......... .......... 67%  117M 6s
164400K .......... .......... .......... .......... .......... 67% 89.1M 6s
164450K .......... .......... .......... .......... .......... 67%  117M 6s
164500K .......... .......... .......... .......... .......... 67%  117M 6s
164550K .......... .......... .......... .......... .......... 67%  117M 6s
164600K .......... .......... .......... .......... .......... 67%  115M 6s
164650K .......... .......... .......... .......... .......... 67%  117M 6s
164700K .......... .......... .......... .......... .......... 67%  117M 6s
164750K .......... .......... .......... .......... .......... 68%  117M 6s
164800K .......... .......... .......... .......... .......... 68% 88.8M 6s
164850K .......... .......... .......... .......... .......... 68%  117M 6s
164900K .......... .......... .......... .......... .......... 68%  117M 6s
164950K .......... .......... .......... .......... .......... 68%  117M 6s
165000K .......... .......... .......... .......... .......... 68%  115M 6s
165050K .......... .......... .......... .......... .......... 68%  117M 6s
165100K .......... .......... .......... .......... .......... 68%  117M 6s
165150K .......... .......... .......... .......... .......... 68%  117M 6s
196100K .......... .......... .......... .......... .......... 80% 1.16M 3s
196150K .......... .......... .......... .......... .......... 80%  118M 3s
196200K .......... .......... .......... .......... .......... 80%  113M 3s
196250K .......... .......... .......... .......... .......... 81% 2.82M 3s
196300K .......... .......... .......... .......... .......... 81% 6.39M 3s
196350K .......... .......... .......... .......... .......... 81% 11.4M 3s
196400K .......... .......... .......... .......... .......... 81% 11.8M 3s
196450K .......... .......... .......... .......... .......... 81% 25.3M 3s
196500K .......... .......... .......... .......... .......... 81% 9.12M 3s
196550K .......... .......... .......... .......... .......... 81% 11.9M 3s
196600K .......... .......... .......... .......... .......... 81%  115M 3s
196650K .......... .......... .......... .......... .......... 81% 7.51M 3s
196700K .......... .......... .......... .......... .......... 81% 11.8M 3s
196750K .......... .......... .......... .......... .......... 81% 51.4M 3s
196800K .......... .......... .......... .......... .......... 81% 13.5M 3s
196850K .......... .......... .......... .......... .......... 81% 52.4M 3s
196900K .......... .......... .......... .......... .......... 81%  116M 3s
196950K .......... .......... .......... .......... .......... 81% 14.4M 3s
197000K .......... .......... .......... .......... .......... 81% 69.2M 3s
197050K .......... .......... .......... .......... .......... 81% 7.18M 3s
197100K .......... .......... .......... .......... .......... 81%  117M 3s
197150K .......... .......... .......... .......... .......... 81%  115M 3s
197200K .......... .......... .......... .......... .......... 81% 88.8M 3s
197250K .......... .......... .......... .......... .......... 81%  115M 3s
197300K .......... .......... .......... .......... .......... 81%  118M 3s
197350K .......... .......... .......... .......... .......... 81%  118M 3s
197400K .......... .......... .......... .......... .......... 81%  113M 3s
197450K .......... .......... .......... .......... .......... 81%  116M 3s
197500K .......... .......... .......... .......... .......... 81%  114M 3s
197550K .......... .......... .......... .......... .......... 81% 6.67M 3s
197600K .......... .......... .......... .......... .......... 81% 16.9M 3s
197650K .......... .......... .......... .......... .......... 81% 19.2M 3s
197700K .......... .......... .......... .......... .......... 81% 67.4M 3s
197750K .......... .......... .......... .......... .......... 81%  117M 3s
197800K .......... .......... .......... .......... .......... 81% 8.70M 3s
197850K .......... .......... .......... .......... .......... 81% 13.6M 3s
197900K .......... .......... .......... .......... .......... 81% 23.6M 3s
197950K .......... .......... .......... .......... .......... 81%  131M 3s
198000K .......... .......... .......... .......... .......... 81% 88.7M 3s
198050K .......... .......... .......... .......... .......... 81% 5.50M 3s
198100K .......... .......... .......... .......... .......... 81% 11.0M 3s
198150K .......... .......... .......... .......... .......... 81% 37.9M 3s
198200K .......... .......... .......... .......... .......... 81% 15.8M 3s
198250K .......... .......... .......... .......... .......... 81%  118M 3s
198300K .......... .......... .......... .......... .......... 81% 53.3M 3s
198350K .......... .......... .......... .......... .......... 81% 7.28M 3s
198400K .......... .......... .......... .......... .......... 81% 71.5M 3s
198450K .......... .......... .......... .......... .......... 81% 7.35M 3s
198500K .......... .......... .......... .......... .......... 81%  117M 3s
198550K .......... .......... .......... .......... .......... 81%  119M 3s
198600K .......... .......... .......... .......... .......... 81%  111M 3s
198650K .......... .......... .......... .......... .......... 82%  115M 3s
198700K .......... .......... .......... .......... .......... 82%  121M 3s
198750K .......... .......... .......... .......... .......... 82%  116M 3s
198800K .......... .......... .......... .......... .......... 82% 87.9M 3s
198850K .......... .......... .......... .......... .......... 82%  115M 3s
198900K .......... .......... .......... .......... .......... 82%  115M 3s
198950K .......... .......... .......... .......... .......... 82%  118M 3s
199000K .......... .......... .......... .......... .......... 82%  117M 3s
199050K .......... .......... .......... .......... .......... 82%  113M 3s
199100K .......... .......... .......... .......... .......... 82%  118M 3s
165200K .......... .......... .......... .......... .......... 68%  309K 6s
165250K .......... .......... .......... .......... .......... 68%  130M 6s
165300K .......... .......... .......... .......... .......... 68%  143M 6s
165350K .......... .......... .......... .......... .......... 68%  117M 6s
165400K .......... .......... .......... .......... .......... 68%  115M 6s
165450K .......... .......... .......... .......... .......... 68%  115M 6s
165500K .......... .......... .......... .......... .......... 68%  119M 6s
165550K .......... .......... .......... .......... .......... 68%  117M 6s
165600K .......... .......... .......... .......... .......... 68% 89.1M 6s
165650K .......... .......... .......... .......... .......... 68%  117M 6s
165700K .......... .......... .......... .......... .......... 68%  117M 6s
165750K .......... .......... .......... .......... .......... 68%  117M 6s
165800K .......... .......... .......... .......... .......... 68%  115M 6s
165850K .......... .......... .......... .......... .......... 68%  117M 6s
165900K .......... .......... .......... .......... .......... 68%  117M 6s
165950K .......... .......... .......... .......... .......... 68%  117M 6s
166000K .......... .......... .......... .......... .......... 68% 89.1M 6s
166050K .......... .......... .......... .......... .......... 68%  117M 6s
166100K .......... .......... .......... .......... .......... 68%  117M 6s
166150K .......... .......... .......... .......... .......... 68%  117M 6s
166200K .......... .......... .......... .......... .......... 68%  115M 6s
166250K .......... .......... .......... .......... .......... 68%  117M 6s
166300K .......... .......... .......... .......... .......... 68%  117M 6s
166350K .......... .......... .......... .......... .......... 68%  117M 6s
166400K .......... .......... .......... .......... .......... 68% 87.1M 6s
166450K .......... .......... .......... .......... .......... 68%  117M 6s
166500K .......... .......... .......... .......... .......... 68%  117M 6s
166550K .......... .......... .......... .......... .......... 68%  116M 6s
166600K .......... .......... .......... .......... .......... 68%  116M 6s
166650K .......... .......... .......... .......... .......... 68%  116M 6s
166700K .......... .......... .......... .......... .......... 68%  117M 6s
166750K .......... .......... .......... .......... .......... 68%  115M 6s
166800K .......... .......... .......... .......... .......... 68% 90.2M 6s
166850K .......... .......... .......... .......... .......... 68%  117M 6s
166900K .......... .......... .......... .......... .......... 68%  117M 6s
166950K .......... .......... .......... .......... .......... 68%  117M 5s
167000K .......... .......... .......... .......... .......... 68%  115M 5s
167050K .......... .......... .......... .......... .......... 68%  117M 5s
167100K .......... .......... .......... .......... .......... 68%  117M 5s
167150K .......... .......... .......... .......... .......... 69%  117M 5s
167200K .......... .......... .......... .......... .......... 69% 87.1M 5s
167250K .......... .......... .......... .......... .......... 69%  117M 5s
167300K .......... .......... .......... .......... .......... 69%  117M 5s
167350K .......... .......... .......... .......... .......... 69%  117M 5s
167400K .......... .......... .......... .......... .......... 69%  115M 5s
167450K .......... .......... .......... .......... .......... 69%  117M 5s
199150K .......... .......... .......... .......... .......... 82% 1.24M 3s
199200K .......... .......... .......... .......... .......... 82% 88.9M 3s
199250K .......... .......... .......... .......... .......... 82% 2.89M 3s
199300K .......... .......... .......... .......... .......... 82% 11.0M 3s
199350K .......... .......... .......... .......... .......... 82% 14.6M 3s
199400K .......... .......... .......... .......... .......... 82% 11.4M 3s
199450K .......... .......... .......... .......... .......... 82% 8.77M 3s
199500K .......... .......... .......... .......... .......... 82% 8.87M 3s
199550K .......... .......... .......... .......... .......... 82% 11.5M 3s
199600K .......... .......... .......... .......... .......... 82% 16.6M 3s
199650K .......... .......... .......... .......... .......... 82%  117M 3s
199700K .......... .......... .......... .......... .......... 82% 6.44M 3s
199750K .......... .......... .......... .......... .......... 82% 45.2M 3s
199800K .......... .......... .......... .......... .......... 82% 13.3M 3s
199850K .......... .......... .......... .......... .......... 82%  180M 3s
199900K .......... .......... .......... .......... .......... 82% 52.0M 3s
199950K .......... .......... .......... .......... .......... 82% 14.9M 3s
200000K .......... .......... .......... .......... .......... 82% 48.0M 3s
200050K .......... .......... .......... .......... .......... 82% 7.31M 3s
200100K .......... .......... .......... .......... .......... 82%  117M 3s
200150K .......... .......... .......... .......... .......... 82% 13.5M 3s
200200K .......... .......... .......... .......... .......... 82%  115M 3s
200250K .......... .......... .......... .......... .......... 82%  119M 3s
200300K .......... .......... .......... .......... .......... 82%  116M 3s
200350K .......... .......... .......... .......... .......... 82%  115M 3s
200400K .......... .......... .......... .......... .......... 82% 88.8M 3s
200450K .......... .......... .......... .......... .......... 82%  118M 3s
200500K .......... .......... .......... .......... .......... 82%  116M 3s
200550K .......... .......... .......... .......... .......... 82%  114M 3s
200600K .......... .......... .......... .......... .......... 82% 11.7M 3s
200650K .......... .......... .......... .......... .......... 82% 17.7M 3s
200700K .......... .......... .......... .......... .......... 82% 19.2M 3s
200750K .......... .......... .......... .......... .......... 82%  118M 3s
200800K .......... .......... .......... .......... .......... 82% 51.8M 3s
200850K .......... .......... .......... .......... .......... 82% 8.82M 3s
200900K .......... .......... .......... .......... .......... 82% 14.3M 3s
200950K .......... .......... .......... .......... .......... 82% 27.0M 3s
201000K .......... .......... .......... .......... .......... 82% 62.3M 3s
201050K .......... .......... .......... .......... .......... 83% 94.0M 3s
201100K .......... .......... .......... .......... .......... 83% 5.67M 3s
201150K .......... .......... .......... .......... .......... 83% 10.4M 3s
201200K .......... .......... .......... .......... .......... 83% 32.8M 3s
201250K .......... .......... .......... .......... .......... 83%  130M 3s
201300K .......... .......... .......... .......... .......... 83% 15.7M 3s
201350K .......... .......... .......... .......... .......... 83% 54.7M 3s
201400K .......... .......... .......... .......... .......... 83% 7.37M 3s
201450K .......... .......... .......... .......... .......... 83%  116M 3s
201500K .......... .......... .......... .......... .......... 83% 82.4M 3s
201550K .......... .......... .......... .......... .......... 83% 4.95M 3s
201600K .......... .......... .......... .......... .......... 83% 89.9M 3s
201650K .......... .......... .......... .......... .......... 83%  113M 3s
201700K .......... .......... .......... .......... .......... 83%  120M 3s
201750K .......... .......... .......... .......... .......... 83%  113M 3s
201800K .......... .......... .......... .......... .......... 83%  116M 3s
201850K .......... .......... .......... .......... .......... 83%  113M 3s
201900K .......... .......... .......... .......... .......... 83%  118M 3s
201950K .......... .......... .......... .......... .......... 83%  119M 3s
202000K .......... .......... .......... .......... .......... 83% 88.4M 3s
202050K .......... .......... .......... .......... .......... 83%  117M 3s
202100K .......... .......... .......... .......... .......... 83%  115M 3s
202150K .......... .......... .......... .......... .......... 83%  117M 3s
167500K .......... .......... .......... .......... .......... 69%  309K 6s
167550K .......... .......... .......... .......... .......... 69%  165M 6s
167600K .......... .......... .......... .......... .......... 69% 89.6M 6s
167650K .......... .......... .......... .......... .......... 69%  117M 5s
167700K .......... .......... .......... .......... .......... 69%  117M 5s
167750K .......... .......... .......... .......... .......... 69%  117M 5s
167800K .......... .......... .......... .......... .......... 69%  114M 5s
167850K .......... .......... .......... .......... .......... 69%  118M 5s
167900K .......... .......... .......... .......... .......... 69%  117M 5s
167950K .......... .......... .......... .......... .......... 69%  117M 5s
168000K .......... .......... .......... .......... .......... 69% 88.9M 5s
168050K .......... .......... .......... .......... .......... 69%  117M 5s
168100K .......... .......... .......... .......... .......... 69%  117M 5s
168150K .......... .......... .......... .......... .......... 69%  117M 5s
168200K .......... .......... .......... .......... .......... 69%  115M 5s
168250K .......... .......... .......... .......... .......... 69%  117M 5s
168300K .......... .......... .......... .......... .......... 69%  117M 5s
168350K .......... .......... .......... .......... .......... 69%  117M 5s
168400K .......... .......... .......... .......... .......... 69% 87.0M 5s
168450K .......... .......... .......... .......... .......... 69%  117M 5s
168500K .......... .......... .......... .......... .......... 69%  117M 5s
168550K .......... .......... .......... .......... .......... 69%  117M 5s
168600K .......... .......... .......... .......... .......... 69%  115M 5s
168650K .......... .......... .......... .......... .......... 69%  117M 5s
168700K .......... .......... .......... .......... .......... 69%  117M 5s
168750K .......... .......... .......... .......... .......... 69%  117M 5s
168800K .......... .......... .......... .......... .......... 69% 89.1M 5s
168850K .......... .......... .......... .......... .......... 69%  117M 5s
168900K .......... .......... .......... .......... .......... 69%  117M 5s
168950K .......... .......... .......... .......... .......... 69%  116M 5s
169000K .......... .......... .......... .......... .......... 69%  116M 5s
169050K .......... .......... .......... .......... .......... 69%  117M 5s
169100K .......... .......... .......... .......... .......... 69%  117M 5s
169150K .......... .......... .......... .......... .......... 69%  117M 5s
169200K .......... .......... .......... .......... .......... 69% 88.9M 5s
169250K .......... .......... .......... .......... .......... 69%  117M 5s
169300K .......... .......... .......... .......... .......... 69%  117M 5s
169350K .......... .......... .......... .......... .......... 69%  117M 5s
169400K .......... .......... .......... .......... .......... 69%  115M 5s
169450K .......... .......... .......... .......... .......... 69%  116M 5s
169500K .......... .......... .......... .......... .......... 69%  117M 5s
169550K .......... .......... .......... .......... .......... 70%  117M 5s
169600K .......... .......... .......... .......... .......... 70% 87.0M 5s
169650K .......... .......... .......... .......... .......... 70%  117M 5s
169700K .......... .......... .......... .......... .......... 70%  117M 5s
169750K .......... .......... .......... .......... .......... 70%  117M 5s
202200K .......... .......... .......... .......... .......... 83% 1.35M 3s
202250K .......... .......... .......... .......... .......... 83%  117M 3s
202300K .......... .......... .......... .......... .......... 83% 2.94M 3s
202350K .......... .......... .......... .......... .......... 83% 11.1M 3s
202400K .......... .......... .......... .......... .......... 83% 6.60M 3s
202450K .......... .......... .......... .......... .......... 83% 14.2M 3s
202500K .......... .......... .......... .......... .......... 83% 20.5M 3s
202550K .......... .......... .......... .......... .......... 83% 5.02M 3s
202600K .......... .......... .......... .......... .......... 83%  160M 3s
202650K .......... .......... .......... .......... .......... 83% 17.2M 3s
202700K .......... .......... .......... .......... .......... 83% 14.2M 3s
202750K .......... .......... .......... .......... .......... 83% 11.3M 3s
202800K .......... .......... .......... .......... .......... 83% 10.4M 3s
202850K .......... .......... .......... .......... .......... 83%  160M 3s
202900K .......... .......... .......... .......... .......... 83% 53.3M 3s
202950K .......... .......... .......... .......... .......... 83% 14.4M 3s
203000K .......... .......... .......... .......... .......... 83% 59.1M 3s
203050K .......... .......... .......... .......... .......... 83%  116M 3s
203100K .......... .......... .......... .......... .......... 83% 7.28M 3s
203150K .......... .......... .......... .......... .......... 83% 7.25M 3s
203200K .......... .......... .......... .......... .......... 83% 88.4M 3s
203250K .......... .......... .......... .......... .......... 83%  121M 3s
203300K .......... .......... .......... .......... .......... 83%  111M 3s
203350K .......... .......... .......... .......... .......... 83%  115M 3s
203400K .......... .......... .......... .......... .......... 83%  118M 3s
203450K .......... .......... .......... .......... .......... 83%  117M 3s
203500K .......... .......... .......... .......... .......... 84%  118M 3s
203550K .......... .......... .......... .......... .......... 84%  117M 3s
203600K .......... .......... .......... .......... .......... 84% 88.5M 3s
203650K .......... .......... .......... .......... .......... 84% 16.2M 3s
203700K .......... .......... .......... .......... .......... 84% 19.6M 3s
203750K .......... .......... .......... .......... .......... 84%  155M 3s
203800K .......... .......... .......... .......... .......... 84% 37.2M 3s
203850K .......... .......... .......... .......... .......... 84% 9.74M 3s
203900K .......... .......... .......... .......... .......... 84% 53.9M 3s
203950K .......... .......... .......... .......... .......... 84% 16.5M 3s
204000K .......... .......... .......... .......... .......... 84% 20.3M 3s
204050K .......... .......... .......... .......... .......... 84% 50.5M 3s
204100K .......... .......... .......... .......... .......... 84% 10.4M 3s
204150K .......... .......... .......... .......... .......... 84% 6.03M 3s
204200K .......... .......... .......... .......... .......... 84%  109M 3s
204250K .......... .......... .......... .......... .......... 84% 27.1M 3s
204300K .......... .......... .......... .......... .......... 84% 19.5M 3s
204350K .......... .......... .......... .......... .......... 84% 31.8M 3s
204400K .......... .......... .......... .......... .......... 84% 7.94M 2s
204450K .......... .......... .......... .......... .......... 84%  135M 2s
204500K .......... .......... .......... .......... .......... 84% 41.4M 2s
204550K .......... .......... .......... .......... .......... 84% 4.96M 2s
204600K .......... .......... .......... .......... .......... 84% 13.3M 2s
204650K .......... .......... .......... .......... .......... 84%  117M 2s
204700K .......... .......... .......... .......... .......... 84% 91.4M 2s
204750K .......... .......... .......... .......... .......... 84%  115M 2s
204800K .......... .......... .......... .......... .......... 84% 89.5M 2s
204850K .......... .......... .......... .......... .......... 84%  114M 2s
204900K .......... .......... .......... .......... .......... 84%  115M 2s
204950K .......... .......... .......... .......... .......... 84%  120M 2s
205000K .......... .......... .......... .......... .......... 84%  113M 2s
205050K .......... .......... .......... .......... .......... 84%  116M 2s
205100K .......... .......... .......... .......... .......... 84%  118M 2s
205150K .......... .......... .......... .......... .......... 84%  114M 2s
205200K .......... .......... .......... .......... .......... 84% 89.9M 2s
169800K .......... .......... .......... .......... .......... 70%  310K 5s
169850K .......... .......... .......... .......... .......... 70%  153M 5s
169900K .......... .......... .......... .......... .......... 70%  152M 5s
169950K .......... .......... .......... .......... .......... 70%  117M 5s
170000K .......... .......... .......... .......... .......... 70% 89.6M 5s
170050K .......... .......... .......... .......... .......... 70%  117M 5s
170100K .......... .......... .......... .......... .......... 70%  117M 5s
170150K .......... .......... .......... .......... .......... 70%  117M 5s
170200K .......... .......... .......... .......... .......... 70%  115M 5s
170250K .......... .......... .......... .......... .......... 70%  117M 5s
170300K .......... .......... .......... .......... .......... 70%  117M 5s
170350K .......... .......... .......... .......... .......... 70%  116M 5s
170400K .......... .......... .......... .......... .......... 70% 87.7M 5s
170450K .......... .......... .......... .......... .......... 70%  117M 5s
170500K .......... .......... .......... .......... .......... 70%  117M 5s
170550K .......... .......... .......... .......... .......... 70%  117M 5s
170600K .......... .......... .......... .......... .......... 70%  115M 5s
170650K .......... .......... .......... .......... .......... 70%  117M 5s
170700K .......... .......... .......... .......... .......... 70%  117M 5s
170750K .......... .......... .......... .......... .......... 70%  117M 5s
170800K .......... .......... .......... .......... .......... 70% 89.0M 5s
170850K .......... .......... .......... .......... .......... 70%  117M 5s
170900K .......... .......... .......... .......... .......... 70%  117M 5s
170950K .......... .......... .......... .......... .......... 70%  117M 5s
171000K .......... .......... .......... .......... .......... 70%  115M 5s
171050K .......... .......... .......... .......... .......... 70%  117M 5s
171100K .......... .......... .......... .......... .......... 70%  117M 5s
171150K .......... .......... .......... .......... .......... 70%  117M 5s
171200K .......... .......... .......... .......... .......... 70% 88.9M 5s
171250K .......... .......... .......... .......... .......... 70%  117M 5s
171300K .......... .......... .......... .......... .......... 70%  117M 5s
171350K .......... .......... .......... .......... .......... 70%  117M 5s
171400K .......... .......... .......... .......... .......... 70%  115M 5s
171450K .......... .......... .......... .......... .......... 70%  117M 5s
171500K .......... .......... .......... .......... .......... 70%  117M 5s
171550K .......... .......... .......... .......... .......... 70%  117M 5s
171600K .......... .......... .......... .......... .......... 70% 87.0M 5s
171650K .......... .......... .......... .......... .......... 70%  117M 5s
171700K .......... .......... .......... .......... .......... 70%  117M 5s
171750K .......... .......... .......... .......... .......... 70%  117M 5s
171800K .......... .......... .......... .......... .......... 70%  115M 5s
171850K .......... .......... .......... .......... .......... 70%  117M 5s
171900K .......... .......... .......... .......... .......... 70%  117M 5s
171950K .......... .......... .......... .......... .......... 70%  117M 5s
172000K .......... .......... .......... .......... .......... 71% 89.1M 5s
172050K .......... .......... .......... .......... .......... 71%  117M 5s
172100K .......... .......... .......... .......... .......... 71%  117M 5s
172150K .......... .......... .......... .......... .......... 71%  110M 5s
205250K .......... .......... .......... .......... .......... 84% 1.49M 2s
205300K .......... .......... .......... .......... .......... 84% 55.5M 2s
205350K .......... .......... .......... .......... .......... 84%  116M 2s
205400K .......... .......... .......... .......... .......... 84% 2.46M 2s
205450K .......... .......... .......... .......... .......... 84% 6.67M 2s
205500K .......... .......... .......... .......... .......... 84% 13.5M 2s
205550K .......... .......... .......... .......... .......... 84%  116M 2s
205600K .......... .......... .......... .......... .......... 84% 6.63M 2s
205650K .......... .......... .......... .......... .......... 84% 10.4M 2s
205700K .......... .......... .......... .......... .......... 84% 17.2M 2s
205750K .......... .......... .......... .......... .......... 84% 14.0M 2s
205800K .......... .......... .......... .......... .......... 84%  116M 2s
205850K .......... .......... .......... .......... .......... 84% 9.84M 2s
205900K .......... .......... .......... .......... .......... 85% 12.9M 2s
205950K .......... .......... .......... .......... .......... 85% 52.2M 2s
206000K .......... .......... .......... .......... .......... 85% 13.7M 2s
206050K .......... .......... .......... .......... .......... 85% 60.8M 2s
206100K .......... .......... .......... .......... .......... 85%  117M 2s
206150K .......... .......... .......... .......... .......... 85% 3.77M 2s
206200K .......... .......... .......... .......... .......... 85% 13.0M 2s
206250K .......... .......... .......... .......... .......... 85%  125M 2s
206300K .......... .......... .......... .......... .......... 85%  118M 2s
206350K .......... .......... .......... .......... .......... 85%  117M 2s
206400K .......... .......... .......... .......... .......... 85% 88.2M 2s
206450K .......... .......... .......... .......... .......... 85%  118M 2s
206500K .......... .......... .......... .......... .......... 85%  113M 2s
206550K .......... .......... .......... .......... .......... 85%  121M 2s
206600K .......... .......... .......... .......... .......... 85%  114M 2s
206650K .......... .......... .......... .......... .......... 85%  112M 2s
206700K .......... .......... .......... .......... .......... 85%  117M 2s
206750K .......... .......... .......... .......... .......... 85%  118M 2s
206800K .......... .......... .......... .......... .......... 85% 25.7M 2s
206850K .......... .......... .......... .......... .......... 85% 36.1M 2s
206900K .......... .......... .......... .......... .......... 85% 9.76M 2s
206950K .......... .......... .......... .......... .......... 85% 14.5M 2s
207000K .......... .......... .......... .......... .......... 85%  178M 2s
207050K .......... .......... .......... .......... .......... 85% 20.1M 2s
207100K .......... .......... .......... .......... .......... 85% 47.6M 2s
207150K .......... .......... .......... .......... .......... 85% 10.3M 2s
207200K .......... .......... .......... .......... .......... 85% 15.1M 2s
207250K .......... .......... .......... .......... .......... 85% 9.31M 2s
207300K .......... .......... .......... .......... .......... 85% 26.8M 2s
207350K .......... .......... .......... .......... .......... 85% 19.6M 2s
207400K .......... .......... .......... .......... .......... 85% 28.2M 2s
207450K .......... .......... .......... .......... .......... 85%  165M 2s
207500K .......... .......... .......... .......... .......... 85% 8.34M 2s
207550K .......... .......... .......... .......... .......... 85% 37.7M 2s
207600K .......... .......... .......... .......... .......... 85% 4.88M 2s
207650K .......... .......... .......... .......... .......... 85% 6.88M 2s
207700K .......... .......... .......... .......... .......... 85%  164M 2s
207750K .......... .......... .......... .......... .......... 85%  117M 2s
207800K .......... .......... .......... .......... .......... 85%  113M 2s
207850K .......... .......... .......... .......... .......... 85%  118M 2s
207900K .......... .......... .......... .......... .......... 85%  117M 2s
207950K .......... .......... .......... .......... .......... 85%  115M 2s
208000K .......... .......... .......... .......... .......... 85% 88.1M 2s
208050K .......... .......... .......... .......... .......... 85%  116M 2s
208100K .......... .......... .......... .......... .......... 85%  120M 2s
208150K .......... .......... .......... .......... .......... 85%  115M 2s
208200K .......... .......... .......... .......... .......... 85%  114M 2s
208250K .......... .......... .......... .......... .......... 85%  117M 2s
172200K .......... .......... .......... .......... .......... 71%  311K 5s
172250K .......... .......... .......... .......... .......... 71% 99.7M 5s
172300K .......... .......... .......... .......... .......... 71%  152M 5s
172350K .......... .......... .......... .......... .......... 71%  117M 5s
172400K .......... .......... .......... .......... .......... 71% 89.1M 5s
172450K .......... .......... .......... .......... .......... 71%  117M 5s
172500K .......... .......... .......... .......... .......... 71%  117M 5s
172550K .......... .......... .......... .......... .......... 71%  117M 5s
172600K .......... .......... .......... .......... .......... 71%  115M 5s
172650K .......... .......... .......... .......... .......... 71%  116M 5s
172700K .......... .......... .......... .......... .......... 71%  116M 5s
172750K .......... .......... .......... .......... .......... 71%  117M 5s
172800K .......... .......... .......... .......... .......... 71% 87.3M 5s
172850K .......... .......... .......... .......... .......... 71%  117M 5s
172900K .......... .......... .......... .......... .......... 71%  117M 5s
172950K .......... .......... .......... .......... .......... 71%  117M 5s
173000K .......... .......... .......... .......... .......... 71%  115M 5s
173050K .......... .......... .......... .......... .......... 71%  117M 5s
173100K .......... .......... .......... .......... .......... 71%  117M 5s
173150K .......... .......... .......... .......... .......... 71%  117M 5s
173200K .......... .......... .......... .......... .......... 71% 89.1M 5s
173250K .......... .......... .......... .......... .......... 71%  117M 5s
173300K .......... .......... .......... .......... .......... 71%  117M 5s
173350K .......... .......... .......... .......... .......... 71%  117M 5s
173400K .......... .......... .......... .......... .......... 71%  115M 5s
173450K .......... .......... .......... .......... .......... 71%  117M 5s
173500K .......... .......... .......... .......... .......... 71%  117M 5s
173550K .......... .......... .......... .......... .......... 71%  115M 5s
173600K .......... .......... .......... .......... .......... 71% 88.1M 5s
173650K .......... .......... .......... .......... .......... 71%  117M 5s
173700K .......... .......... .......... .......... .......... 71%  117M 5s
173750K .......... .......... .......... .......... .......... 71%  117M 5s
173800K .......... .......... .......... .......... .......... 71%  114M 5s
173850K .......... .......... .......... .......... .......... 71%  118M 5s
173900K .......... .......... .......... .......... .......... 71%  117M 5s
173950K .......... .......... .......... .......... .......... 71%  117M 5s
174000K .......... .......... .......... .......... .......... 71% 88.9M 5s
174050K .......... .......... .......... .......... .......... 71%  117M 5s
174100K .......... .......... .......... .......... .......... 71%  117M 5s
174150K .......... .......... .......... .......... .......... 71%  117M 5s
174200K .......... .......... .......... .......... .......... 71%  115M 5s
174250K .......... .......... .......... .......... .......... 71%  117M 5s
174300K .......... .......... .......... .......... .......... 71%  117M 5s
174350K .......... .......... .......... .......... .......... 71%  117M 5s
174400K .......... .......... .......... .......... .......... 72% 89.1M 5s
174450K .......... .......... .......... .......... .......... 72%  117M 5s
174500K .......... .......... .......... .......... .......... 72%  117M 5s
208300K .......... .......... .......... .......... .......... 85% 1.65M 2s
174550K .......... .......... .......... .......... .......... 72% 74.0M 5s
208350K .......... .......... .......... .......... .......... 86% 43.7M 2s
208400K .......... .......... .......... .......... .......... 86% 3.14M 2s
208450K .......... .......... .......... .......... .......... 86% 6.77M 2s
208500K .......... .......... .......... .......... .......... 86% 6.44M 2s
208550K .......... .......... .......... .......... .......... 86%  166M 2s
208600K .......... .......... .......... .......... .......... 86% 6.26M 2s
208650K .......... .......... .......... .......... .......... 86%  111M 2s
208700K .......... .......... .......... .......... .......... 86% 7.26M 2s
208750K .......... .......... .......... .......... .......... 86%  157M 2s
208800K .......... .......... .......... .......... .......... 86% 14.1M 2s
208850K .......... .......... .......... .......... .......... 86% 11.5M 2s
208900K .......... .......... .......... .......... .......... 86% 10.8M 2s
208950K .......... .......... .......... .......... .......... 86% 32.1M 2s
209000K .......... .......... .......... .......... .......... 86%  114M 2s
209050K .......... .......... .......... .......... .......... 86% 17.1M 2s
209100K .......... .......... .......... .......... .......... 86% 34.9M 2s
209150K .......... .......... .......... .......... .......... 86% 7.91M 2s
209200K .......... .......... .......... .......... .......... 86% 4.44M 2s
209250K .......... .......... .......... .......... .......... 86%  114M 2s
209300K .......... .......... .......... .......... .......... 86% 14.7M 2s
209350K .......... .......... .......... .......... .......... 86%  117M 2s
209400K .......... .......... .......... .......... .......... 86%  112M 2s
209450K .......... .......... .......... .......... .......... 86%  117M 2s
209500K .......... .......... .......... .......... .......... 86%  118M 2s
209550K .......... .......... .......... .......... .......... 86%  113M 2s
209600K .......... .......... .......... .......... .......... 86% 90.6M 2s
209650K .......... .......... .......... .......... .......... 86%  113M 2s
209700K .......... .......... .......... .......... .......... 86%  116M 2s
209750K .......... .......... .......... .......... .......... 86%  117M 2s
209800K .......... .......... .......... .......... .......... 86%  117M 2s
209850K .......... .......... .......... .......... .......... 86%  115M 2s
209900K .......... .......... .......... .......... .......... 86% 11.9M 2s
209950K .......... .......... .......... .......... .......... 86%  154M 2s
210000K .......... .......... .......... .......... .......... 86% 14.3M 2s
210050K .......... .......... .......... .......... .......... 86% 26.0M 2s
210100K .......... .......... .......... .......... .......... 86% 53.5M 2s
210150K .......... .......... .......... .......... .......... 86% 9.45M 2s
210200K .......... .......... .......... .......... .......... 86%  115M 2s
210250K .......... .......... .......... .......... .......... 86% 14.8M 2s
210300K .......... .......... .......... .......... .......... 86% 8.07M 2s
210350K .......... .......... .......... .......... .......... 86% 46.0M 2s
210400K .......... .......... .......... .......... .......... 86% 19.1M 2s
210450K .......... .......... .......... .......... .......... 86%  117M 2s
210500K .......... .......... .......... .......... .......... 86% 7.07M 2s
210550K .......... .......... .......... .......... .......... 86% 80.6M 2s
210600K .......... .......... .......... .......... .......... 86% 4.54M 2s
210650K .......... .......... .......... .......... .......... 86%  140M 2s
210700K .......... .......... .......... .......... .......... 86% 6.85M 2s
210750K .......... .......... .......... .......... .......... 87%  118M 2s
210800K .......... .......... .......... .......... .......... 87% 87.3M 2s
210850K .......... .......... .......... .......... .......... 87% 13.8M 2s
210900K .......... .......... .......... .......... .......... 87%  134M 2s
210950K .......... .......... .......... .......... .......... 87%  115M 2s
211000K .......... .......... .......... .......... .......... 87%  113M 2s
211050K .......... .......... .......... .......... .......... 87%  122M 2s
211100K .......... .......... .......... .......... .......... 87%  116M 2s
211150K .......... .......... .......... .......... .......... 87%  117M 2s
211200K .......... .......... .......... .......... .......... 87% 87.8M 2s
211250K .......... .......... .......... .......... .......... 87%  115M 2s
211300K .......... .......... .......... .......... .......... 87%  116M 2s
174600K .......... .......... .......... .......... .......... 72%  312K 5s
174650K .......... .......... .......... .......... .......... 72%  145M 5s
174700K .......... .......... .......... .......... .......... 72%  127M 5s
174750K .......... .......... .......... .......... .......... 72%  117M 5s
174800K .......... .......... .......... .......... .......... 72% 87.1M 5s
174850K .......... .......... .......... .......... .......... 72%  117M 5s
174900K .......... .......... .......... .......... .......... 72%  117M 5s
174950K .......... .......... .......... .......... .......... 72%  117M 5s
175000K .......... .......... .......... .......... .......... 72%  115M 5s
175050K .......... .......... .......... .......... .......... 72%  115M 5s
175100K .......... .......... .......... .......... .......... 72%  118M 5s
175150K .......... .......... .......... .......... .......... 72%  117M 5s
175200K .......... .......... .......... .......... .......... 72% 89.1M 5s
175250K .......... .......... .......... .......... .......... 72%  117M 5s
175300K .......... .......... .......... .......... .......... 72%  117M 5s
175350K .......... .......... .......... .......... .......... 72%  117M 5s
175400K .......... .......... .......... .......... .......... 72%  115M 5s
175450K .......... .......... .......... .......... .......... 72%  117M 5s
175500K .......... .......... .......... .......... .......... 72%  116M 5s
175550K .......... .......... .......... .......... .......... 72%  117M 5s
175600K .......... .......... .......... .......... .......... 72% 89.2M 5s
175650K .......... .......... .......... .......... .......... 72%  117M 5s
175700K .......... .......... .......... .......... .......... 72%  117M 5s
175750K .......... .......... .......... .......... .......... 72%  117M 5s
175800K .......... .......... .......... .......... .......... 72%  115M 5s
175850K .......... .......... .......... .......... .......... 72%  117M 5s
175900K .......... .......... .......... .......... .......... 72%  117M 5s
175950K .......... .......... .......... .......... .......... 72%  117M 5s
176000K .......... .......... .......... .......... .......... 72% 87.1M 5s
176050K .......... .......... .......... .......... .......... 72%  117M 5s
176100K .......... .......... .......... .......... .......... 72%  117M 5s
176150K .......... .......... .......... .......... .......... 72%  117M 5s
176200K .......... .......... .......... .......... .......... 72%  115M 5s
176250K .......... .......... .......... .......... .......... 72%  117M 5s
176300K .......... .......... .......... .......... .......... 72%  117M 5s
176350K .......... .......... .......... .......... .......... 72%  117M 5s
176400K .......... .......... .......... .......... .......... 72% 88.8M 5s
176450K .......... .......... .......... .......... .......... 72%  117M 5s
176500K .......... .......... .......... .......... .......... 72%  117M 5s
176550K .......... .......... .......... .......... .......... 72%  117M 5s
176600K .......... .......... .......... .......... .......... 72%  115M 5s
176650K .......... .......... .......... .......... .......... 72%  117M 5s
176700K .......... .......... .......... .......... .......... 72%  117M 5s
176750K .......... .......... .......... .......... .......... 72%  117M 5s
176800K .......... .......... .......... .......... .......... 72% 87.0M 5s
176850K .......... .......... .......... .......... .......... 73%  117M 5s
176900K .......... .......... .......... .......... .......... 73%  117M 5s
176950K .......... .......... .......... .......... .......... 73%  117M 5s
177000K .......... .......... .......... .......... .......... 73%  109M 5s
211350K .......... .......... .......... .......... .......... 87% 1.81M 2s
211400K .......... .......... .......... .......... .......... 87%  116M 2s
211450K .......... .......... .......... .......... .......... 87% 3.18M 2s
211500K .......... .......... .......... .......... .......... 87% 6.94M 2s
211550K .......... .......... .......... .......... .......... 87% 11.0M 2s
211600K .......... .......... .......... .......... .......... 87% 4.40M 2s
211650K .......... .......... .......... .......... .......... 87% 82.1M 2s
211700K .......... .......... .......... .......... .......... 87%  117M 2s
211750K .......... .......... .......... .......... .......... 87% 7.73M 2s
211800K .......... .......... .......... .......... .......... 87% 13.9M 2s
211850K .......... .......... .......... .......... .......... 87% 11.2M 2s
211900K .......... .......... .......... .......... .......... 87%  186M 2s
211950K .......... .......... .......... .......... .......... 87% 10.8M 2s
212000K .......... .......... .......... .......... .......... 87% 27.0M 2s
212050K .......... .......... .......... .......... .......... 87% 18.6M 2s
212100K .......... .......... .......... .......... .......... 87% 33.7M 2s
212150K .......... .......... .......... .......... .......... 87%  115M 2s
212200K .......... .......... .......... .......... .......... 87% 7.88M 2s
212250K .......... .......... .......... .......... .......... 87% 7.24M 2s
212300K .......... .......... .......... .......... .......... 87% 4.49M 2s
212350K .......... .......... .......... .......... .......... 87%  164M 2s
212400K .......... .......... .......... .......... .......... 87% 88.9M 2s
212450K .......... .......... .......... .......... .......... 87%  116M 2s
212500K .......... .......... .......... .......... .......... 87%  119M 2s
212550K .......... .......... .......... .......... .......... 87%  113M 2s
212600K .......... .......... .......... .......... .......... 87%  116M 2s
212650K .......... .......... .......... .......... .......... 87%  120M 2s
212700K .......... .......... .......... .......... .......... 87%  115M 2s
212750K .......... .......... .......... .......... .......... 87%  118M 2s
212800K .......... .......... .......... .......... .......... 87% 87.6M 2s
212850K .......... .......... .......... .......... .......... 87%  117M 2s
212900K .......... .......... .......... .......... .......... 87%  117M 2s
212950K .......... .......... .......... .......... .......... 87% 86.2M 2s
213000K .......... .......... .......... .......... .......... 87% 14.1M 2s
213050K .......... .......... .......... .......... .......... 87%  170M 2s
213100K .......... .......... .......... .......... .......... 87% 25.2M 2s
213150K .......... .......... .......... .......... .......... 87% 43.8M 2s
213200K .......... .......... .......... .......... .......... 88% 9.92M 2s
213250K .......... .......... .......... .......... .......... 88% 13.9M 2s
213300K .......... .......... .......... .......... .......... 88%  130M 2s
213350K .......... .......... .......... .......... .......... 88% 8.12M 2s
213400K .......... .......... .......... .......... .......... 88% 37.7M 2s
213450K .......... .......... .......... .......... .......... 88% 22.7M 2s
213500K .......... .......... .......... .......... .......... 88% 89.0M 2s
213550K .......... .......... .......... .......... .......... 88% 7.12M 2s
213600K .......... .......... .......... .......... .......... 88% 52.2M 2s
213650K .......... .......... .......... .......... .......... 88% 4.67M 2s
213700K .......... .......... .......... .......... .......... 88% 6.89M 2s
213750K .......... .......... .......... .......... .......... 88%  107M 2s
213800K .......... .......... .......... .......... .......... 88% 69.5M 2s
213850K .......... .......... .......... .......... .......... 88%  118M 2s
213900K .......... .......... .......... .......... .......... 88% 7.15M 2s
213950K .......... .......... .......... .......... .......... 88%  149M 2s
214000K .......... .......... .......... .......... .......... 88% 88.1M 2s
214050K .......... .......... .......... .......... .......... 88%  118M 2s
214100K .......... .......... .......... .......... .......... 88%  115M 2s
214150K .......... .......... .......... .......... .......... 88%  115M 2s
214200K .......... .......... .......... .......... .......... 88%  114M 2s
214250K .......... .......... .......... .......... .......... 88%  117M 2s
214300K .......... .......... .......... .......... .......... 88%  119M 2s
214350K .......... .......... .......... .......... .......... 88%  113M 2s
177050K .......... .......... .......... .......... .......... 73%  312K 5s
177100K .......... .......... .......... .......... .......... 73%  127M 5s
177150K .......... .......... .......... .......... .......... 73%  123M 5s
177200K .......... .......... .......... .......... .......... 73% 88.6M 5s
177250K .......... .......... .......... .......... .......... 73%  117M 5s
177300K .......... .......... .......... .......... .......... 73%  117M 5s
177350K .......... .......... .......... .......... .......... 73%  117M 5s
177400K .......... .......... .......... .......... .......... 73%  114M 5s
177450K .......... .......... .......... .......... .......... 73%  118M 5s
177500K .......... .......... .......... .......... .......... 73%  117M 5s
177550K .......... .......... .......... .......... .......... 73%  117M 5s
177600K .......... .......... .......... .......... .......... 73% 88.8M 5s
177650K .......... .......... .......... .......... .......... 73%  117M 5s
177700K .......... .......... .......... .......... .......... 73%  117M 5s
177750K .......... .......... .......... .......... .......... 73%  117M 5s
177800K .......... .......... .......... .......... .......... 73%  115M 5s
177850K .......... .......... .......... .......... .......... 73%  117M 5s
177900K .......... .......... .......... .......... .......... 73%  117M 5s
177950K .......... .......... .......... .......... .......... 73%  117M 5s
178000K .......... .......... .......... .......... .......... 73% 87.0M 5s
178050K .......... .......... .......... .......... .......... 73%  117M 5s
178100K .......... .......... .......... .......... .......... 73%  117M 5s
178150K .......... .......... .......... .......... .......... 73%  117M 5s
178200K .......... .......... .......... .......... .......... 73%  115M 5s
178250K .......... .......... .......... .......... .......... 73%  117M 5s
178300K .......... .......... .......... .......... .......... 73%  117M 5s
178350K .......... .......... .......... .......... .......... 73%  117M 5s
178400K .......... .......... .......... .......... .......... 73% 89.1M 5s
178450K .......... .......... .......... .......... .......... 73%  117M 5s
178500K .......... .......... .......... .......... .......... 73%  117M 5s
178550K .......... .......... .......... .......... .......... 73%  117M 5s
178600K .......... .......... .......... .......... .......... 73%  115M 5s
178650K .......... .......... .......... .......... .......... 73%  117M 5s
178700K .......... .......... .......... .......... .......... 73%  117M 5s
178750K .......... .......... .......... .......... .......... 73%  117M 5s
178800K .......... .......... .......... .......... .......... 73% 88.9M 5s
178850K .......... .......... .......... .......... .......... 73%  117M 5s
178900K .......... .......... .......... .......... .......... 73%  117M 5s
178950K .......... .......... .......... .......... .......... 73%  117M 5s
179000K .......... .......... .......... .......... .......... 73%  115M 5s
179050K .......... .......... .......... .......... .......... 73%  117M 5s
179100K .......... .......... .......... .......... .......... 73%  116M 5s
179150K .......... .......... .......... .......... .......... 73%  117M 5s
179200K .......... .......... .......... .......... .......... 73% 87.0M 5s
179250K .......... .......... .......... .......... .......... 74%  117M 5s
179300K .......... .......... .......... .......... .......... 74%  117M 5s
179350K .......... .......... .......... .......... .......... 74%  117M 5s
179400K .......... .......... .......... .......... .......... 74%  115M 5s
179450K .......... .......... .......... .......... .......... 74%  117M 5s
214400K .......... .......... .......... .......... .......... 88% 1.26M 2s
214450K .......... .......... .......... .......... .......... 88%  175M 2s
214500K .......... .......... .......... .......... .......... 88% 99.2M 2s
214550K .......... .......... .......... .......... .......... 88% 13.2M 2s
214600K .......... .......... .......... .......... .......... 88% 4.64M 2s
214650K .......... .......... .......... .......... .......... 88%  119M 2s
214700K .......... .......... .......... .......... .......... 88% 5.94M 2s
214750K .......... .......... .......... .......... .......... 88% 87.6M 2s
179500K .......... .......... .......... .......... .......... 74% 1.14M 5s
214800K .......... .......... .......... .......... .......... 88% 8.18M 2s
214850K .......... .......... .......... .......... .......... 88% 12.4M 2s
214900K .......... .......... .......... .......... .......... 88%  117M 2s
214950K .......... .......... .......... .......... .......... 88% 11.6M 2s
215000K .......... .......... .......... .......... .......... 88% 10.7M 2s
215050K .......... .......... .......... .......... .......... 88% 30.1M 2s
215100K .......... .......... .......... .......... .......... 88%  146M 2s
215150K .......... .......... .......... .......... .......... 88% 17.0M 2s
215200K .......... .......... .......... .......... .......... 88% 32.5M 2s
215250K .......... .......... .......... .......... .......... 88% 7.98M 2s
215300K .......... .......... .......... .......... .......... 88% 4.60M 2s
215350K .......... .......... .......... .......... .......... 88% 7.22M 2s
215400K .......... .......... .......... .......... .......... 88% 12.5M 2s
215450K .......... .......... .......... .......... .......... 88%  114M 2s
215500K .......... .......... .......... .......... .......... 88%  123M 2s
215550K .......... .......... .......... .......... .......... 88%  116M 2s
215600K .......... .......... .......... .......... .......... 89% 87.9M 2s
215650K .......... .......... .......... .......... .......... 89%  115M 2s
215700K .......... .......... .......... .......... .......... 89%  116M 2s
215750K .......... .......... .......... .......... .......... 89%  117M 2s
215800K .......... .......... .......... .......... .......... 89%  114M 2s
215850K .......... .......... .......... .......... .......... 89%  116M 2s
215900K .......... .......... .......... .......... .......... 89%  117M 2s
215950K .......... .......... .......... .......... .......... 89%  119M 2s
216000K .......... .......... .......... .......... .......... 89% 87.0M 2s
216050K .......... .......... .......... .......... .......... 89%  117M 2s
216100K .......... .......... .......... .......... .......... 89% 34.2M 2s
216150K .......... .......... .......... .......... .......... 89% 34.4M 2s
216200K .......... .......... .......... .......... .......... 89%  130M 2s
216250K .......... .......... .......... .......... .......... 89% 10.4M 2s
216300K .......... .......... .......... .......... .......... 89% 13.9M 2s
216350K .......... .......... .......... .......... .......... 89% 11.7M 2s
216400K .......... .......... .......... .......... .......... 89% 15.1M 2s
216450K .......... .......... .......... .......... .......... 89% 22.0M 2s
216500K .......... .......... .......... .......... .......... 89%  183M 2s
216550K .......... .......... .......... .......... .......... 89% 6.98M 2s
216600K .......... .......... .......... .......... .......... 89% 48.7M 2s
216650K .......... .......... .......... .......... .......... 89% 4.70M 2s
216700K .......... .......... .......... .......... .......... 89%  115M 2s
216750K .......... .......... .......... .......... .......... 89% 6.91M 2s
216800K .......... .......... .......... .......... .......... 89% 54.2M 2s
216850K .......... .......... .......... .......... .......... 89%  102M 2s
216900K .......... .......... .......... .......... .......... 89% 7.26M 2s
216950K .......... .......... .......... .......... .......... 89%  117M 2s
217000K .......... .......... .......... .......... .......... 89%  114M 2s
217050K .......... .......... .......... .......... .......... 89% 13.2M 2s
217100K .......... .......... .......... .......... .......... 89%  119M 2s
217150K .......... .......... .......... .......... .......... 89%  115M 2s
217200K .......... .......... .......... .......... .......... 89% 88.8M 2s
217250K .......... .......... .......... .......... .......... 89%  118M 2s
217300K .......... .......... .......... .......... .......... 89%  114M 2s
217350K .......... .......... .......... .......... .......... 89%  119M 2s
217400K .......... .......... .......... .......... .......... 89%  114M 2s
217450K .......... .......... .......... .......... .......... 89%  114M 2s
179550K .......... .......... .......... .......... .......... 74%  418K 5s
179600K .......... .......... .......... .......... .......... 74%  105M 5s
179650K .......... .......... .......... .......... .......... 74%  126M 5s
179700K .......... .......... .......... .......... .......... 74%  117M 5s
179750K .......... .......... .......... .......... .......... 74%  117M 5s
179800K .......... .......... .......... .......... .......... 74%  115M 5s
179850K .......... .......... .......... .......... .......... 74%  115M 5s
179900K .......... .......... .......... .......... .......... 74%  119M 5s
179950K .......... .......... .......... .......... .......... 74%  116M 5s
180000K .......... .......... .......... .......... .......... 74% 87.1M 5s
180050K .......... .......... .......... .......... .......... 74%  117M 5s
180100K .......... .......... .......... .......... .......... 74%  117M 5s
180150K .......... .......... .......... .......... .......... 74%  117M 5s
180200K .......... .......... .......... .......... .......... 74%  115M 5s
180250K .......... .......... .......... .......... .......... 74%  117M 5s
180300K .......... .......... .......... .......... .......... 74%  117M 5s
180350K .......... .......... .......... .......... .......... 74%  116M 5s
180400K .......... .......... .......... .......... .......... 74% 89.7M 5s
180450K .......... .......... .......... .......... .......... 74%  117M 5s
180500K .......... .......... .......... .......... .......... 74%  116M 5s
180550K .......... .......... .......... .......... .......... 74%  117M 5s
180600K .......... .......... .......... .......... .......... 74%  114M 5s
180650K .......... .......... .......... .......... .......... 74%  119M 5s
180700K .......... .......... .......... .......... .......... 74%  117M 5s
180750K .......... .......... .......... .......... .......... 74%  117M 5s
180800K .......... .......... .......... .......... .......... 74% 89.0M 5s
180850K .......... .......... .......... .......... .......... 74%  117M 5s
180900K .......... .......... .......... .......... .......... 74%  117M 5s
180950K .......... .......... .......... .......... .......... 74%  117M 4s
181000K .......... .......... .......... .......... .......... 74%  115M 4s
181050K .......... .......... .......... .......... .......... 74%  117M 4s
181100K .......... .......... .......... .......... .......... 74%  117M 4s
181150K .......... .......... .......... .......... .......... 74%  117M 4s
181200K .......... .......... .......... .......... .......... 74% 87.1M 4s
181250K .......... .......... .......... .......... .......... 74%  117M 4s
181300K .......... .......... .......... .......... .......... 74%  117M 4s
181350K .......... .......... .......... .......... .......... 74%  116M 4s
181400K .......... .......... .......... .......... .......... 74%  115M 4s
181450K .......... .......... .......... .......... .......... 74%  117M 4s
181500K .......... .......... .......... .......... .......... 74%  117M 4s
181550K .......... .......... .......... .......... .......... 74%  117M 4s
181600K .......... .......... .......... .......... .......... 74% 88.9M 4s
181650K .......... .......... .......... .......... .......... 74%  117M 4s
181700K .......... .......... .......... .......... .......... 75%  117M 4s
181750K .......... .......... .......... .......... .......... 75%  117M 4s
181800K .......... .......... .......... .......... .......... 75%  116M 4s
181850K .......... .......... .......... .......... .......... 75%  117M 4s
181900K .......... .......... .......... .......... .......... 75%  117M 4s
181950K .......... .......... .......... .......... .......... 75%  117M 4s
182000K .......... .......... .......... .......... .......... 75% 80.7M 4s
217500K .......... .......... .......... .......... .......... 89% 1.38M 2s
217550K .......... .......... .......... .......... .......... 89% 91.3M 2s
217600K .......... .......... .......... .......... .......... 89% 7.91M 2s
217650K .......... .......... .......... .......... .......... 89% 56.6M 2s
217700K .......... .......... .......... .......... .......... 89% 6.41M 2s
217750K .......... .......... .......... .......... .......... 89% 5.92M 2s
217800K .......... .......... .......... .......... .......... 89% 80.4M 2s
217850K .......... .......... .......... .......... .......... 89% 9.25M 2s
217900K .......... .......... .......... .......... .......... 89% 45.3M 2s
217950K .......... .......... .......... .......... .......... 89% 12.9M 2s
218000K .......... .......... .......... .......... .......... 89% 10.6M 2s
218050K .......... .......... .......... .......... .......... 90% 11.4M 2s
218100K .......... .......... .......... .......... .......... 90% 36.9M 2s
218150K .......... .......... .......... .......... .......... 90% 96.3M 2s
218200K .......... .......... .......... .......... .......... 90% 16.4M 2s
218250K .......... .......... .......... .......... .......... 90% 31.6M 2s
218300K .......... .......... .......... .......... .......... 90% 9.26M 2s
218350K .......... .......... .......... .......... .......... 90% 38.4M 2s
218400K .......... .......... .......... .......... .......... 90% 2.42M 2s
218450K .......... .......... .......... .......... .......... 90% 13.0M 2s
218500K .......... .......... .......... .......... .......... 90%  120M 2s
218550K .......... .......... .......... .......... .......... 90%  116M 2s
218600K .......... .......... .......... .......... .......... 90%  110M 2s
218650K .......... .......... .......... .......... .......... 90%  121M 2s
218700K .......... .......... .......... .......... .......... 90%  116M 2s
218750K .......... .......... .......... .......... .......... 90%  117M 2s
218800K .......... .......... .......... .......... .......... 90% 88.4M 2s
218850K .......... .......... .......... .......... .......... 90%  112M 2s
218900K .......... .......... .......... .......... .......... 90%  116M 2s
218950K .......... .......... .......... .......... .......... 90%  121M 2s
219000K .......... .......... .......... .......... .......... 90%  110M 2s
219050K .......... .......... .......... .......... .......... 90%  116M 2s
219100K .......... .......... .......... .......... .......... 90%  120M 2s
219150K .......... .......... .......... .......... .......... 90%  116M 2s
219200K .......... .......... .......... .......... .......... 90% 13.2M 2s
219250K .......... .......... .......... .......... .......... 90%  153M 2s
219300K .......... .......... .......... .......... .......... 90% 13.9M 2s
219350K .......... .......... .......... .......... .......... 90%  107M 2s
219400K .......... .......... .......... .......... .......... 90% 11.3M 1s
219450K .......... .......... .......... .......... .......... 90%  164M 1s
219500K .......... .......... .......... .......... .......... 90% 15.8M 1s
219550K .......... .......... .......... .......... .......... 90% 5.63M 1s
219600K .......... .......... .......... .......... .......... 90% 86.8M 1s
219650K .......... .......... .......... .......... .......... 90% 4.40M 1s
219700K .......... .......... .......... .......... .......... 90%  152M 1s
219750K .......... .......... .......... .......... .......... 90% 6.87M 1s
219800K .......... .......... .......... .......... .......... 90% 71.3M 1s
219850K .......... .......... .......... .......... .......... 90%  110M 1s
219900K .......... .......... .......... .......... .......... 90%  117M 1s
219950K .......... .......... .......... .......... .......... 90% 7.25M 1s
220000K .......... .......... .......... .......... .......... 90% 83.2M 1s
220050K .......... .......... .......... .......... .......... 90%  116M 1s
220100K .......... .......... .......... .......... .......... 90% 12.9M 1s
220150K .......... .......... .......... .......... .......... 90%  117M 1s
182050K .......... .......... .......... .......... .......... 75%  314K 4s
182100K .......... .......... .......... .......... .......... 75%  129M 4s
182150K .......... .......... .......... .......... .......... 75%  139M 4s
182200K .......... .......... .......... .......... .......... 75%  115M 4s
182250K .......... .......... .......... .......... .......... 75%  117M 4s
182300K .......... .......... .......... .......... .......... 75%  113M 4s
182350K .......... .......... .......... .......... .......... 75%  117M 4s
182400K .......... .......... .......... .......... .......... 75% 80.3M 4s
182450K .......... .......... .......... .......... .......... 75%  117M 4s
182500K .......... .......... .......... .......... .......... 75%  117M 4s
182550K .......... .......... .......... .......... .......... 75%  112M 4s
182600K .......... .......... .......... .......... .......... 75%  115M 4s
182650K .......... .......... .......... .......... .......... 75%  117M 4s
182700K .......... .......... .......... .......... .......... 75%  106M 4s
182750K .......... .......... .......... .......... .......... 75%  118M 4s
182800K .......... .......... .......... .......... .......... 75% 89.1M 4s
182850K .......... .......... .......... .......... .......... 75%  117M 4s
182900K .......... .......... .......... .......... .......... 75%  117M 4s
182950K .......... .......... .......... .......... .......... 75%  117M 4s
183000K .......... .......... .......... .......... .......... 75%  115M 4s
183050K .......... .......... .......... .......... .......... 75%  117M 4s
183100K .......... .......... .......... .......... .......... 75%  117M 4s
183150K .......... .......... .......... .......... .......... 75%  117M 4s
183200K .......... .......... .......... .......... .......... 75% 87.1M 4s
183250K .......... .......... .......... .......... .......... 75%  116M 4s
183300K .......... .......... .......... .......... .......... 75%  117M 4s
183350K .......... .......... .......... .......... .......... 75%  117M 4s
183400K .......... .......... .......... .......... .......... 75%  115M 4s
183450K .......... .......... .......... .......... .......... 75%  116M 4s
183500K .......... .......... .......... .......... .......... 75%  117M 4s
183550K .......... .......... .......... .......... .......... 75%  117M 4s
183600K .......... .......... .......... .......... .......... 75% 88.9M 4s
183650K .......... .......... .......... .......... .......... 75%  117M 4s
183700K .......... .......... .......... .......... .......... 75%  117M 4s
183750K .......... .......... .......... .......... .......... 75%  117M 4s
183800K .......... .......... .......... .......... .......... 75%  115M 4s
183850K .......... .......... .......... .......... .......... 75%  117M 4s
183900K .......... .......... .......... .......... .......... 75%  117M 4s
183950K .......... .......... .......... .......... .......... 75%  117M 4s
184000K .......... .......... .......... .......... .......... 75% 89.1M 4s
184050K .......... .......... .......... .......... .......... 75%  117M 4s
184100K .......... .......... .......... .......... .......... 76%  117M 4s
184150K .......... .......... .......... .......... .......... 76%  117M 4s
184200K .......... .......... .......... .......... .......... 76%  115M 4s
184250K .......... .......... .......... .......... .......... 76%  117M 4s
184300K .......... .......... .......... .......... .......... 76%  117M 4s
184350K .......... .......... .......... .......... .......... 76%  117M 4s
184400K .......... .......... .......... .......... .......... 76% 87.1M 4s
184450K .......... .......... .......... .......... .......... 76%  117M 4s
184500K .......... .......... .......... .......... .......... 76%  117M 4s
220200K .......... .......... .......... .......... .......... 90% 1.27M 1s
220250K .......... .......... .......... .......... .......... 90%  115M 1s
220300K .......... .......... .......... .......... .......... 90%  120M 1s
220350K .......... .......... .......... .......... .......... 90%  118M 1s
220400K .......... .......... .......... .......... .......... 90% 86.9M 1s
220450K .......... .......... .......... .......... .......... 91%  120M 1s
220500K .......... .......... .......... .......... .......... 91%  117M 1s
220550K .......... .......... .......... .......... .......... 91%  113M 1s
220600K .......... .......... .......... .......... .......... 91%  115M 1s
220650K .......... .......... .......... .......... .......... 91%  116M 1s
220700K .......... .......... .......... .......... .......... 91% 14.7M 1s
220750K .......... .......... .......... .......... .......... 91% 6.47M 1s
220800K .......... .......... .......... .......... .......... 91% 5.76M 1s
220850K .......... .......... .......... .......... .......... 91% 74.7M 1s
220900K .......... .......... .......... .......... .......... 91%  117M 1s
184550K .......... .......... .......... .......... .......... 76% 1.26M 4s
220950K .......... .......... .......... .......... .......... 91% 8.22M 1s
221000K .......... .......... .......... .......... .......... 91% 13.0M 1s
221050K .......... .......... .......... .......... .......... 91% 10.8M 1s
221100K .......... .......... .......... .......... .......... 91%  116M 1s
221150K .......... .......... .......... .......... .......... 91% 11.5M 1s
221200K .......... .......... .......... .......... .......... 91% 38.2M 1s
221250K .......... .......... .......... .......... .......... 91% 15.0M 1s
221300K .......... .......... .......... .......... .......... 91% 33.0M 1s
221350K .......... .......... .......... .......... .......... 91%  117M 1s
221400K .......... .......... .......... .......... .......... 91% 7.90M 1s
221450K .......... .......... .......... .......... .......... 91% 2.95M 1s
221500K .......... .......... .......... .......... .......... 91% 6.70M 1s
221550K .......... .......... .......... .......... .......... 91%  119M 1s
221600K .......... .......... .......... .......... .......... 91% 77.4M 1s
221650K .......... .......... .......... .......... .......... 91% 14.2M 1s
221700K .......... .......... .......... .......... .......... 91%  119M 1s
221750K .......... .......... .......... .......... .......... 91%  114M 1s
221800K .......... .......... .......... .......... .......... 91%  116M 1s
221850K .......... .......... .......... .......... .......... 91%  115M 1s
221900K .......... .......... .......... .......... .......... 91%  116M 1s
221950K .......... .......... .......... .......... .......... 91%  117M 1s
222000K .......... .......... .......... .......... .......... 91% 89.7M 1s
222050K .......... .......... .......... .......... .......... 91%  116M 1s
222100K .......... .......... .......... .......... .......... 91%  118M 1s
222150K .......... .......... .......... .......... .......... 91%  115M 1s
222200K .......... .......... .......... .......... .......... 91%  117M 1s
222250K .......... .......... .......... .......... .......... 91%  107M 1s
222300K .......... .......... .......... .......... .......... 91% 14.2M 1s
222350K .......... .......... .......... .......... .......... 91%  100M 1s
222400K .......... .......... .......... .......... .......... 91% 10.9M 1s
222450K .......... .......... .......... .......... .......... 91%  168M 1s
222500K .......... .......... .......... .......... .......... 91% 16.3M 1s
222550K .......... .......... .......... .......... .......... 91% 5.54M 1s
222600K .......... .......... .......... .......... .......... 91%  114M 1s
222650K .......... .......... .......... .......... .......... 91%  117M 1s
222700K .......... .......... .......... .......... .......... 91% 4.48M 1s
222750K .......... .......... .......... .......... .......... 91% 6.73M 1s
222800K .......... .......... .......... .......... .......... 91% 63.4M 1s
222850K .......... .......... .......... .......... .......... 91%  112M 1s
222900K .......... .......... .......... .......... .......... 92%  117M 1s
222950K .......... .......... .......... .......... .......... 92% 7.35M 1s
223000K .......... .......... .......... .......... .......... 92% 89.0M 1s
223050K .......... .......... .......... .......... .......... 92%  108M 1s
223100K .......... .......... .......... .......... .......... 92%  118M 1s
223150K .......... .......... .......... .......... .......... 92% 13.4M 1s
184600K .......... .......... .......... .......... .......... 76%  414K 4s
184650K .......... .......... .......... .......... .......... 76%  132M 4s
184700K .......... .......... .......... .......... .......... 76%  145M 4s
184750K .......... .......... .......... .......... .......... 76%  116M 4s
184800K .......... .......... .......... .......... .......... 76% 89.3M 4s
184850K .......... .......... .......... .......... .......... 76%  117M 4s
184900K .......... .......... .......... .......... .......... 76%  117M 4s
184950K .......... .......... .......... .......... .......... 76%  117M 4s
185000K .......... .......... .......... .......... .......... 76%  115M 4s
185050K .......... .......... .......... .......... .......... 76%  115M 4s
185100K .......... .......... .......... .......... .......... 76%  113M 4s
185150K .......... .......... .......... .......... .......... 76%  117M 4s
185200K .......... .......... .......... .......... .......... 76% 88.9M 4s
185250K .......... .......... .......... .......... .......... 76%  116M 4s
185300K .......... .......... .......... .......... .......... 76%  117M 4s
185350K .......... .......... .......... .......... .......... 76%  117M 4s
185400K .......... .......... .......... .......... .......... 76%  115M 4s
185450K .......... .......... .......... .......... .......... 76%  117M 4s
185500K .......... .......... .......... .......... .......... 76%  117M 4s
185550K .......... .......... .......... .......... .......... 76%  117M 4s
185600K .......... .......... .......... .......... .......... 76% 87.1M 4s
185650K .......... .......... .......... .......... .......... 76%  117M 4s
185700K .......... .......... .......... .......... .......... 76%  116M 4s
185750K .......... .......... .......... .......... .......... 76%  117M 4s
185800K .......... .......... .......... .......... .......... 76%  115M 4s
185850K .......... .......... .......... .......... .......... 76%  117M 4s
185900K .......... .......... .......... .......... .......... 76%  115M 4s
185950K .......... .......... .......... .......... .......... 76%  119M 4s
186000K .......... .......... .......... .......... .......... 76% 89.1M 4s
186050K .......... .......... .......... .......... .......... 76%  117M 4s
186100K .......... .......... .......... .......... .......... 76%  117M 4s
186150K .......... .......... .......... .......... .......... 76%  117M 4s
186200K .......... .......... .......... .......... .......... 76%  115M 4s
186250K .......... .......... .......... .......... .......... 76%  117M 4s
186300K .......... .......... .......... .......... .......... 76%  117M 4s
186350K .......... .......... .......... .......... .......... 76%  117M 4s
186400K .......... .......... .......... .......... .......... 76% 87.0M 4s
186450K .......... .......... .......... .......... .......... 76%  116M 4s
186500K .......... .......... .......... .......... .......... 76%  117M 4s
186550K .......... .......... .......... .......... .......... 77%  117M 4s
186600K .......... .......... .......... .......... .......... 77%  115M 4s
186650K .......... .......... .......... .......... .......... 77%  115M 4s
186700K .......... .......... .......... .......... .......... 77%  118M 4s
186750K .......... .......... .......... .......... .......... 77%  117M 4s
186800K .......... .......... .......... .......... .......... 77% 89.0M 4s
186850K .......... .......... .......... .......... .......... 77%  117M 4s
186900K .......... .......... .......... .......... .......... 77%  117M 4s
186950K .......... .......... .......... .......... .......... 77%  116M 4s
187000K .......... .......... .......... .......... .......... 77%  116M 4s
187050K .......... .......... .......... .......... .......... 77%  117M 4s
187100K .......... .......... .......... .......... .......... 77%  117M 4s
223200K .......... .......... .......... .......... .......... 92% 1.26M 1s
223250K .......... .......... .......... .......... .......... 92% 13.8M 1s
223300K .......... .......... .......... .......... .......... 92%  117M 1s
223350K .......... .......... .......... .......... .......... 92%  117M 1s
223400K .......... .......... .......... .......... .......... 92%  112M 1s
223450K .......... .......... .......... .......... .......... 92%  116M 1s
223500K .......... .......... .......... .......... .......... 92%  116M 1s
223550K .......... .......... .......... .......... .......... 92%  118M 1s
223600K .......... .......... .......... .......... .......... 92% 88.9M 1s
223650K .......... .......... .......... .......... .......... 92%  115M 1s
223700K .......... .......... .......... .......... .......... 92%  118M 1s
223750K .......... .......... .......... .......... .......... 92%  115M 1s
223800K .......... .......... .......... .......... .......... 92% 6.83M 1s
223850K .......... .......... .......... .......... .......... 92% 7.05M 1s
223900K .......... .......... .......... .......... .......... 92% 28.6M 1s
223950K .......... .......... .......... .......... .......... 92% 54.4M 1s
224000K .......... .......... .......... .......... .......... 92% 8.15M 1s
224050K .......... .......... .......... .......... .......... 92% 12.9M 1s
224100K .......... .......... .......... .......... .......... 92% 13.0M 1s
224150K .......... .......... .......... .......... .......... 92% 43.1M 1s
224200K .......... .......... .......... .......... .......... 92% 11.3M 1s
224250K .......... .......... .......... .......... .......... 92% 39.3M 1s
224300K .......... .......... .......... .......... .......... 92% 24.5M 1s
224350K .......... .......... .......... .......... .......... 92% 30.4M 1s
224400K .......... .......... .......... .......... .......... 92% 34.9M 1s
224450K .......... .......... .......... .......... .......... 92% 7.77M 1s
187150K .......... .......... .......... .......... .......... 77% 1.26M 4s
224500K .......... .......... .......... .......... .......... 92% 2.45M 1s
224550K .......... .......... .......... .......... .......... 92% 12.1M 1s
224600K .......... .......... .......... .......... .......... 92%  115M 1s
224650K .......... .......... .......... .......... .......... 92% 76.1M 1s
224700K .......... .......... .......... .......... .......... 92% 7.42M 1s
224750K .......... .......... .......... .......... .......... 92%  116M 1s
224800K .......... .......... .......... .......... .......... 92% 88.3M 1s
224850K .......... .......... .......... .......... .......... 92%  118M 1s
224900K .......... .......... .......... .......... .......... 92%  112M 1s
224950K .......... .......... .......... .......... .......... 92%  121M 1s
225000K .......... .......... .......... .......... .......... 92%  110M 1s
225050K .......... .......... .......... .......... .......... 92%  122M 1s
225100K .......... .......... .......... .......... .......... 92%  115M 1s
225150K .......... .......... .......... .......... .......... 92%  113M 1s
225200K .......... .......... .......... .......... .......... 92% 90.5M 1s
225250K .......... .......... .......... .......... .......... 92%  118M 1s
225300K .......... .......... .......... .......... .......... 93%  114M 1s
225350K .......... .......... .......... .......... .......... 93%  118M 1s
225400K .......... .......... .......... .......... .......... 93%  116M 1s
225450K .......... .......... .......... .......... .......... 93% 12.0M 1s
225500K .......... .......... .......... .......... .......... 93%  116M 1s
225550K .......... .......... .......... .......... .......... 93% 16.0M 1s
225600K .......... .......... .......... .......... .......... 93% 5.54M 1s
225650K .......... .......... .......... .......... .......... 93%  117M 1s
225700K .......... .......... .......... .......... .......... 93% 92.3M 1s
225750K .......... .......... .......... .......... .......... 93% 4.49M 1s
225800K .......... .......... .......... .......... .......... 93% 6.81M 1s
225850K .......... .......... .......... .......... .......... 93%  118M 1s
225900K .......... .......... .......... .......... .......... 93% 73.0M 1s
225950K .......... .......... .......... .......... .......... 93% 7.17M 1s
226000K .......... .......... .......... .......... .......... 93% 89.5M 1s
226050K .......... .......... .......... .......... .......... 93%  111M 1s
226100K .......... .......... .......... .......... .......... 93%  117M 1s
226150K .......... .......... .......... .......... .......... 93%  110M 1s
226200K .......... .......... .......... .......... .......... 93% 13.4M 1s
187200K .......... .......... .......... .......... .......... 77%  415K 4s
187250K .......... .......... .......... .......... .......... 77%  128M 4s
187300K .......... .......... .......... .......... .......... 77%  117M 4s
187350K .......... .......... .......... .......... .......... 77%  117M 4s
187400K .......... .......... .......... .......... .......... 77%  113M 4s
187450K .......... .......... .......... .......... .......... 77%  119M 4s
187500K .......... .......... .......... .......... .......... 77%  117M 4s
187550K .......... .......... .......... .......... .......... 77%  117M 4s
187600K .......... .......... .......... .......... .......... 77% 87.0M 4s
187650K .......... .......... .......... .......... .......... 77%  117M 4s
187700K .......... .......... .......... .......... .......... 77%  106M 4s
187750K .......... .......... .......... .......... .......... 77%  117M 4s
187800K .......... .......... .......... .......... .......... 77%  115M 4s
187850K .......... .......... .......... .......... .......... 77%  117M 4s
187900K .......... .......... .......... .......... .......... 77%  117M 4s
187950K .......... .......... .......... .......... .......... 77%  117M 4s
188000K .......... .......... .......... .......... .......... 77% 88.9M 4s
188050K .......... .......... .......... .......... .......... 77%  117M 4s
188100K .......... .......... .......... .......... .......... 77%  117M 4s
188150K .......... .......... .......... .......... .......... 77%  117M 4s
188200K .......... .......... .......... .......... .......... 77%  115M 4s
188250K .......... .......... .......... .......... .......... 77%  117M 4s
188300K .......... .......... .......... .......... .......... 77%  117M 4s
188350K .......... .......... .......... .......... .......... 77%  117M 4s
188400K .......... .......... .......... .......... .......... 77% 89.1M 4s
188450K .......... .......... .......... .......... .......... 77%  117M 4s
188500K .......... .......... .......... .......... .......... 77%  117M 4s
188550K .......... .......... .......... .......... .......... 77%  117M 4s
188600K .......... .......... .......... .......... .......... 77%  115M 4s
188650K .......... .......... .......... .......... .......... 77%  117M 4s
188700K .......... .......... .......... .......... .......... 77%  117M 4s
188750K .......... .......... .......... .......... .......... 77%  117M 4s
188800K .......... .......... .......... .......... .......... 77% 87.0M 4s
188850K .......... .......... .......... .......... .......... 77%  117M 4s
188900K .......... .......... .......... .......... .......... 77%  117M 4s
188950K .......... .......... .......... .......... .......... 78%  113M 4s
189000K .......... .......... .......... .......... .......... 78%  115M 4s
189050K .......... .......... .......... .......... .......... 78%  117M 4s
189100K .......... .......... .......... .......... .......... 78%  117M 4s
189150K .......... .......... .......... .......... .......... 78%  116M 4s
189200K .......... .......... .......... .......... .......... 78% 89.0M 4s
189250K .......... .......... .......... .......... .......... 78%  117M 4s
189300K .......... .......... .......... .......... .......... 78%  117M 4s
189350K .......... .......... .......... .......... .......... 78%  117M 4s
189400K .......... .......... .......... .......... .......... 78%  115M 4s
189450K .......... .......... .......... .......... .......... 78%  117M 4s
189500K .......... .......... .......... .......... .......... 78%  117M 4s
189550K .......... .......... .......... .......... .......... 78%  117M 4s
189600K .......... .......... .......... .......... .......... 78% 87.0M 4s
189650K .......... .......... .......... .......... .......... 78%  117M 4s
189700K .......... .......... .......... .......... .......... 78%  117M 4s
226250K .......... .......... .......... .......... .......... 93% 1.26M 1s
226300K .......... .......... .......... .......... .......... 93%  129M 1s
226350K .......... .......... .......... .......... .......... 93% 7.37M 1s
226400K .......... .......... .......... .......... .......... 93% 86.6M 1s
226450K .......... .......... .......... .......... .......... 93%  118M 1s
226500K .......... .......... .......... .......... .......... 93%  115M 1s
226550K .......... .......... .......... .......... .......... 93%  116M 1s
226600K .......... .......... .......... .......... .......... 93%  117M 1s
226650K .......... .......... .......... .......... .......... 93%  117M 1s
226700K .......... .......... .......... .......... .......... 93%  114M 1s
226750K .......... .......... .......... .......... .......... 93%  118M 1s
226800K .......... .......... .......... .......... .......... 93% 88.8M 1s
226850K .......... .......... .......... .......... .......... 93% 12.5M 1s
226900K .......... .......... .......... .......... .......... 93%  117M 1s
226950K .......... .......... .......... .......... .......... 93% 6.03M 1s
227000K .......... .......... .......... .......... .......... 93% 42.2M 1s
189750K .......... .......... .......... .......... .......... 78% 1.27M 4s
227050K .......... .......... .......... .......... .......... 93% 8.67M 1s
227100K .......... .......... .......... .......... .......... 93%  119M 1s
227150K .......... .......... .......... .......... .......... 93% 12.6M 1s
227200K .......... .......... .......... .......... .......... 93% 10.2M 1s
227250K .......... .......... .......... .......... .......... 93% 12.2M 1s
227300K .......... .......... .......... .......... .......... 93% 32.2M 1s
227350K .......... .......... .......... .......... .......... 93% 35.4M 1s
227400K .......... .......... .......... .......... .......... 93% 23.3M 1s
227450K .......... .......... .......... .......... .......... 93% 43.0M 1s
227500K .......... .......... .......... .......... .......... 93% 8.04M 1s
189800K .......... .......... .......... .......... .......... 78% 1.13M 4s
227550K .......... .......... .......... .......... .......... 93% 5.20M 1s
227600K .......... .......... .......... .......... .......... 93% 3.47M 1s
227650K .......... .......... .......... .......... .......... 93% 34.1M 1s
227700K .......... .......... .......... .......... .......... 94% 69.9M 1s
227750K .......... .......... .......... .......... .......... 94% 7.48M 1s
227800K .......... .......... .......... .......... .......... 94% 12.9M 1s
227850K .......... .......... .......... .......... .......... 94%  169M 1s
227900K .......... .......... .......... .......... .......... 94%  120M 1s
227950K .......... .......... .......... .......... .......... 94%  113M 1s
228000K .......... .......... .......... .......... .......... 94% 89.7M 1s
228050K .......... .......... .......... .......... .......... 94%  115M 1s
228100K .......... .......... .......... .......... .......... 94%  118M 1s
228150K .......... .......... .......... .......... .......... 94%  117M 1s
228200K .......... .......... .......... .......... .......... 94%  116M 1s
228250K .......... .......... .......... .......... .......... 94%  111M 1s
228300K .......... .......... .......... .......... .......... 94%  119M 1s
228350K .......... .......... .......... .......... .......... 94%  118M 1s
228400K .......... .......... .......... .......... .......... 94% 89.5M 1s
228450K .......... .......... .......... .......... .......... 94%  117M 1s
228500K .......... .......... .......... .......... .......... 94% 49.2M 1s
228550K .......... .......... .......... .......... .......... 94%  117M 1s
228600K .......... .......... .......... .......... .......... 94% 17.9M 1s
228650K .......... .......... .......... .......... .......... 94% 5.66M 1s
228700K .......... .......... .......... .......... .......... 94% 48.1M 1s
228750K .......... .......... .......... .......... .......... 94%  115M 1s
228800K .......... .......... .......... .......... .......... 94% 4.56M 1s
228850K .......... .......... .......... .......... .......... 94% 7.09M 1s
228900K .......... .......... .......... .......... .......... 94% 48.2M 1s
228950K .......... .......... .......... .......... .......... 94% 7.37M 1s
229000K .......... .......... .......... .......... .......... 94%  126M 1s
229050K .......... .......... .......... .......... .......... 94% 74.6M 1s
229100K .......... .......... .......... .......... .......... 94%  117M 1s
229150K .......... .......... .......... .......... .......... 94% 93.5M 1s
229200K .......... .......... .......... .......... .......... 94% 16.1M 1s
229250K .......... .......... .......... .......... .......... 94% 58.2M 1s
189850K .......... .......... .......... .......... .......... 78%  646K 4s
189900K .......... .......... .......... .......... .......... 78%  131M 4s
189950K .......... .......... .......... .......... .......... 78%  110M 4s
190000K .......... .......... .......... .......... .......... 78% 90.3M 4s
190050K .......... .......... .......... .......... .......... 78%  117M 4s
190100K .......... .......... .......... .......... .......... 78%  117M 4s
190150K .......... .......... .......... .......... .......... 78%  117M 4s
190200K .......... .......... .......... .......... .......... 78%  115M 4s
190250K .......... .......... .......... .......... .......... 78%  117M 4s
190300K .......... .......... .......... .......... .......... 78%  117M 4s
190350K .......... .......... .......... .......... .......... 78%  117M 4s
190400K .......... .......... .......... .......... .......... 78% 89.0M 4s
190450K .......... .......... .......... .......... .......... 78%  117M 4s
190500K .......... .......... .......... .......... .......... 78%  117M 4s
190550K .......... .......... .......... .......... .......... 78%  117M 4s
190600K .......... .......... .......... .......... .......... 78%  115M 4s
190650K .......... .......... .......... .......... .......... 78%  117M 4s
190700K .......... .......... .......... .......... .......... 78%  117M 4s
190750K .......... .......... .......... .......... .......... 78%  117M 4s
190800K .......... .......... .......... .......... .......... 78% 87.0M 4s
190850K .......... .......... .......... .......... .......... 78%  117M 4s
190900K .......... .......... .......... .......... .......... 78%  117M 4s
190950K .......... .......... .......... .......... .......... 78%  117M 4s
191000K .......... .......... .......... .......... .......... 78%  115M 4s
191050K .......... .......... .......... .......... .......... 78%  117M 4s
191100K .......... .......... .......... .......... .......... 78% 80.2M 4s
191150K .......... .......... .......... .......... .......... 78%  117M 4s
191200K .......... .......... .......... .......... .......... 78% 88.8M 4s
191250K .......... .......... .......... .......... .......... 78%  117M 4s
191300K .......... .......... .......... .......... .......... 78%  117M 4s
191350K .......... .......... .......... .......... .......... 78%  117M 4s
191400K .......... .......... .......... .......... .......... 79%  115M 4s
191450K .......... .......... .......... .......... .......... 79%  117M 4s
191500K .......... .......... .......... .......... .......... 79%  117M 4s
191550K .......... .......... .......... .......... .......... 79%  117M 4s
191600K .......... .......... .......... .......... .......... 79% 89.1M 4s
191650K .......... .......... .......... .......... .......... 79%  117M 4s
191700K .......... .......... .......... .......... .......... 79%  117M 4s
191750K .......... .......... .......... .......... .......... 79%  117M 4s
191800K .......... .......... .......... .......... .......... 79%  115M 4s
191850K .......... .......... .......... .......... .......... 79%  117M 4s
191900K .......... .......... .......... .......... .......... 79%  117M 4s
191950K .......... .......... .......... .......... .......... 79%  115M 4s
192000K .......... .......... .......... .......... .......... 79% 88.2M 4s
192050K .......... .......... .......... .......... .......... 79%  117M 4s
192100K .......... .......... .......... .......... .......... 79%  117M 4s
192150K .......... .......... .......... .......... .......... 79%  117M 4s
192200K .......... .......... .......... .......... .......... 79%  115M 4s
192250K .......... .......... .......... .......... .......... 79%  117M 4s
192300K .......... .......... .......... .......... .......... 79%  116M 4s
192350K .......... .......... .......... .......... .......... 79%  118M 4s
229300K .......... .......... .......... .......... .......... 94% 1.26M 1s
229350K .......... .......... .......... .......... .......... 94% 7.30M 1s
229400K .......... .......... .......... .......... .......... 94% 91.7M 1s
229450K .......... .......... .......... .......... .......... 94% 12.8M 1s
229500K .......... .......... .......... .......... .......... 94%  184M 1s
229550K .......... .......... .......... .......... .......... 94%  115M 1s
229600K .......... .......... .......... .......... .......... 94% 89.4M 1s
229650K .......... .......... .......... .......... .......... 94%  116M 1s
229700K .......... .......... .......... .......... .......... 94%  115M 1s
229750K .......... .......... .......... .......... .......... 94%  118M 1s
229800K .......... .......... .......... .......... .......... 94%  114M 1s
229850K .......... .......... .......... .......... .......... 94%  115M 1s
229900K .......... .......... .......... .......... .......... 94%  119M 1s
229950K .......... .......... .......... .......... .......... 94% 74.4M 1s
230000K .......... .......... .......... .......... .......... 94% 5.50M 1s
192400K .......... .......... .......... .......... .......... 79% 1.27M 4s
230050K .......... .......... .......... .......... .......... 94% 12.6M 1s
230100K .......... .......... .......... .......... .......... 94% 27.2M 1s
230150K .......... .......... .......... .......... .......... 95% 12.4M 1s
230200K .......... .......... .......... .......... .......... 95% 12.7M 1s
230250K .......... .......... .......... .......... .......... 95% 31.0M 1s
230300K .......... .......... .......... .......... .......... 95% 13.1M 1s
230350K .......... .......... .......... .......... .......... 95% 29.9M 1s
230400K .......... .......... .......... .......... .......... 95% 27.0M 1s
230450K .......... .......... .......... .......... .......... 95% 18.0M 1s
230500K .......... .......... .......... .......... .......... 95% 11.5M 1s
230550K .......... .......... .......... .......... .......... 95% 24.9M 1s
230600K .......... .......... .......... .......... .......... 95% 5.06M 1s
230650K .......... .......... .......... .......... .......... 95% 3.54M 1s
230700K .......... .......... .......... .......... .......... 95% 32.4M 1s
230750K .......... .......... .......... .......... .......... 95% 7.42M 1s
230800K .......... .......... .......... .......... .......... 95% 11.5M 1s
230850K .......... .......... .......... .......... .......... 95%  154M 1s
230900K .......... .......... .......... .......... .......... 95% 13.8M 1s
230950K .......... .......... .......... .......... .......... 95%  118M 1s
231000K .......... .......... .......... .......... .......... 95%  112M 1s
231050K .......... .......... .......... .......... .......... 95%  117M 1s
231100K .......... .......... .......... .......... .......... 95%  117M 1s
231150K .......... .......... .......... .......... .......... 95%  117M 1s
231200K .......... .......... .......... .......... .......... 95% 86.7M 1s
231250K .......... .......... .......... .......... .......... 95%  117M 1s
231300K .......... .......... .......... .......... .......... 95%  121M 1s
231350K .......... .......... .......... .......... .......... 95%  115M 1s
231400K .......... .......... .......... .......... .......... 95%  112M 1s
231450K .......... .......... .......... .......... .......... 95%  116M 1s
231500K .......... .......... .......... .......... .......... 95%  117M 1s
231550K .......... .......... .......... .......... .......... 95%  117M 1s
231600K .......... .......... .......... .......... .......... 95% 89.7M 1s
231650K .......... .......... .......... .......... .......... 95%  115M 1s
231700K .......... .......... .......... .......... .......... 95% 5.88M 1s
231750K .......... .......... .......... .......... .......... 95% 42.7M 1s
231800K .......... .......... .......... .......... .......... 95%  114M 1s
231850K .......... .......... .......... .......... .......... 95% 4.66M 1s
231900K .......... .......... .......... .......... .......... 95% 7.11M 1s
231950K .......... .......... .......... .......... .......... 95% 44.7M 1s
232000K .......... .......... .......... .......... .......... 95% 7.32M 1s
232050K .......... .......... .......... .......... .......... 95%  117M 1s
232100K .......... .......... .......... .......... .......... 95% 68.3M 1s
232150K .......... .......... .......... .......... .......... 95%  103M 1s
232200K .......... .......... .......... .......... .......... 95%  108M 1s
232250K .......... .......... .......... .......... .......... 95%  117M 1s
232300K .......... .......... .......... .......... .......... 95% 15.7M 1s
192450K .......... .......... .......... .......... .......... 79%  415K 4s
192500K .......... .......... .......... .......... .......... 79%  170M 4s
192550K .......... .......... .......... .......... .......... 79%  114M 4s
192600K .......... .......... .......... .......... .......... 79%  113M 4s
192650K .......... .......... .......... .......... .......... 79%  117M 4s
192700K .......... .......... .......... .......... .......... 79%  115M 4s
192750K .......... .......... .......... .......... .......... 79%  118M 4s
192800K .......... .......... .......... .......... .......... 79% 88.9M 4s
192850K .......... .......... .......... .......... .......... 79% 56.0M 4s
192900K .......... .......... .......... .......... .......... 79%  120M 4s
192950K .......... .......... .......... .......... .......... 79%  113M 4s
193000K .......... .......... .......... .......... .......... 79%  116M 4s
193050K .......... .......... .......... .......... .......... 79%  117M 4s
193100K .......... .......... .......... .......... .......... 79%  117M 4s
193150K .......... .......... .......... .......... .......... 79%  117M 4s
193200K .......... .......... .......... .......... .......... 79% 88.9M 4s
193250K .......... .......... .......... .......... .......... 79%  117M 4s
193300K .......... .......... .......... .......... .......... 79%  117M 4s
193350K .......... .......... .......... .......... .......... 79%  117M 4s
193400K .......... .......... .......... .......... .......... 79%  115M 4s
193450K .......... .......... .......... .......... .......... 79%  116M 4s
193500K .......... .......... .......... .......... .......... 79%  117M 4s
193550K .......... .......... .......... .......... .......... 79%  117M 4s
193600K .......... .......... .......... .......... .......... 79% 88.9M 4s
193650K .......... .......... .......... .......... .......... 79%  117M 4s
193700K .......... .......... .......... .......... .......... 79%  117M 4s
193750K .......... .......... .......... .......... .......... 79%  117M 4s
193800K .......... .......... .......... .......... .......... 80%  115M 4s
193850K .......... .......... .......... .......... .......... 80%  117M 4s
193900K .......... .......... .......... .......... .......... 80%  117M 4s
193950K .......... .......... .......... .......... .......... 80%  117M 4s
194000K .......... .......... .......... .......... .......... 80% 87.1M 4s
194050K .......... .......... .......... .......... .......... 80%  117M 4s
194100K .......... .......... .......... .......... .......... 80%  117M 4s
194150K .......... .......... .......... .......... .......... 80%  117M 4s
194200K .......... .......... .......... .......... .......... 80%  115M 4s
194250K .......... .......... .......... .......... .......... 80%  117M 4s
194300K .......... .......... .......... .......... .......... 80%  117M 3s
194350K .......... .......... .......... .......... .......... 80%  117M 3s
194400K .......... .......... .......... .......... .......... 80% 88.9M 3s
194450K .......... .......... .......... .......... .......... 80%  117M 3s
194500K .......... .......... .......... .......... .......... 80%  117M 3s
194550K .......... .......... .......... .......... .......... 80%  117M 3s
194600K .......... .......... .......... .......... .......... 80% 80.1M 3s
194650K .......... .......... .......... .......... .......... 80%  107M 3s
194700K .......... .......... .......... .......... .......... 80%  121M 3s
194750K .......... .......... .......... .......... .......... 80%  115M 3s
194800K .......... .......... .......... .......... .......... 80% 87.0M 3s
194850K .......... .......... .......... .......... .......... 80%  117M 3s
194900K .......... .......... .......... .......... .......... 80%  117M 3s
194950K .......... .......... .......... .......... .......... 80%  117M 3s
195000K .......... .......... .......... .......... .......... 80%  115M 3s
232350K .......... .......... .......... .......... .......... 95% 1.26M 1s
232400K .......... .......... .......... .......... .......... 95% 7.14M 1s
232450K .......... .......... .......... .......... .......... 95% 79.3M 1s
232500K .......... .......... .......... .......... .......... 95%  117M 1s
232550K .......... .......... .......... .......... .......... 96% 13.6M 1s
232600K .......... .......... .......... .......... .......... 96% 12.5M 1s
232650K .......... .......... .......... .......... .......... 96%  120M 1s
232700K .......... .......... .......... .......... .......... 96%  113M 1s
232750K .......... .......... .......... .......... .......... 96%  119M 1s
232800K .......... .......... .......... .......... .......... 96% 88.6M 1s
232850K .......... .......... .......... .......... .......... 96%  115M 1s
232900K .......... .......... .......... .......... .......... 96%  115M 1s
232950K .......... .......... .......... .......... .......... 96%  116M 1s
233000K .......... .......... .......... .......... .......... 96%  114M 1s
233050K .......... .......... .......... .......... .......... 96% 9.01M 1s
233100K .......... .......... .......... .......... .......... 96%  116M 1s
195050K .......... .......... .......... .......... .......... 80% 1.29M 3s
233150K .......... .......... .......... .......... .......... 96% 12.6M 1s
233200K .......... .......... .......... .......... .......... 96% 9.07M 1s
233250K .......... .......... .......... .......... .......... 96% 12.4M 1s
233300K .......... .......... .......... .......... .......... 96% 34.6M 1s
233350K .......... .......... .......... .......... .......... 96% 27.0M 1s
233400K .......... .......... .......... .......... .......... 96% 14.1M 1s
233450K .......... .......... .......... .......... .......... 96% 26.1M 1s
233500K .......... .......... .......... .......... .......... 96% 17.7M 1s
233550K .......... .......... .......... .......... .......... 96%  117M 1s
233600K .......... .......... .......... .......... .......... 96% 10.8M 1s
233650K .......... .......... .......... .......... .......... 96% 4.41M 1s
195100K .......... .......... .......... .......... .......... 80% 1.13M 3s
233700K .......... .......... .......... .......... .......... 96% 3.57M 1s
233750K .......... .......... .......... .......... .......... 96% 34.5M 1s
233800K .......... .......... .......... .......... .......... 96% 7.56M 1s
233850K .......... .......... .......... .......... .......... 96% 74.3M 1s
233900K .......... .......... .......... .......... .......... 96% 12.0M 1s
233950K .......... .......... .......... .......... .......... 96% 13.3M 1s
234000K .......... .......... .......... .......... .......... 96% 12.8M 1s
234050K .......... .......... .......... .......... .......... 96%  129M 1s
234100K .......... .......... .......... .......... .......... 96%  114M 1s
234150K .......... .......... .......... .......... .......... 96%  120M 1s
234200K .......... .......... .......... .......... .......... 96%  113M 1s
234250K .......... .......... .......... .......... .......... 96%  115M 1s
234300K .......... .......... .......... .......... .......... 96%  118M 1s
234350K .......... .......... .......... .......... .......... 96%  118M 1s
234400K .......... .......... .......... .......... .......... 96% 86.7M 1s
234450K .......... .......... .......... .......... .......... 96%  118M 1s
234500K .......... .......... .......... .......... .......... 96%  116M 1s
234550K .......... .......... .......... .......... .......... 96%  115M 1s
234600K .......... .......... .......... .......... .......... 96%  113M 0s
234650K .......... .......... .......... .......... .......... 96%  118M 0s
234700K .......... .......... .......... .......... .......... 96%  117M 0s
234750K .......... .......... .......... .......... .......... 96% 11.2M 0s
234800K .......... .......... .......... .......... .......... 96% 24.6M 0s
234850K .......... .......... .......... .......... .......... 96% 4.97M 0s
234900K .......... .......... .......... .......... .......... 96% 63.0M 0s
234950K .......... .......... .......... .......... .......... 96% 7.08M 0s
235000K .......... .......... .......... .......... .......... 97% 38.7M 0s
235050K .......... .......... .......... .......... .......... 97% 8.45M 0s
235100K .......... .......... .......... .......... .......... 97% 46.7M 0s
235150K .......... .......... .......... .......... .......... 97% 47.1M 0s
235200K .......... .......... .......... .......... .......... 97% 87.5M 0s
235250K .......... .......... .......... .......... .......... 97%  116M 0s
235300K .......... .......... .......... .......... .......... 97% 23.9M 0s
235350K .......... .......... .......... .......... .......... 97% 40.2M 0s
195150K .......... .......... .......... .......... .......... 80%  645K 3s
195200K .......... .......... .......... .......... .......... 80%  122M 3s
195250K .......... .......... .......... .......... .......... 80%  117M 3s
195300K .......... .......... .......... .......... .......... 80%  117M 3s
195350K .......... .......... .......... .......... .......... 80%  117M 3s
195400K .......... .......... .......... .......... .......... 80%  115M 3s
195450K .......... .......... .......... .......... .......... 80%  117M 3s
195500K .......... .......... .......... .......... .......... 80%  117M 3s
195550K .......... .......... .......... .......... .......... 80% 54.8M 3s
195600K .......... .......... .......... .......... .......... 80% 88.6M 3s
195650K .......... .......... .......... .......... .......... 80%  117M 3s
195700K .......... .......... .......... .......... .......... 80%  117M 3s
195750K .......... .......... .......... .......... .......... 80%  117M 3s
195800K .......... .......... .......... .......... .......... 80%  115M 3s
195850K .......... .......... .......... .......... .......... 80%  117M 3s
195900K .......... .......... .......... .......... .......... 80%  117M 3s
195950K .......... .......... .......... .......... .......... 80%  117M 3s
196000K .......... .......... .......... .......... .......... 80% 87.1M 3s
196050K .......... .......... .......... .......... .......... 80%  117M 3s
196100K .......... .......... .......... .......... .......... 80%  116M 3s
196150K .......... .......... .......... .......... .......... 80%  117M 3s
196200K .......... .......... .......... .......... .......... 80%  115M 3s
196250K .......... .......... .......... .......... .......... 81%  116M 3s
196300K .......... .......... .......... .......... .......... 81%  116M 3s
196350K .......... .......... .......... .......... .......... 81%  118M 3s
196400K .......... .......... .......... .......... .......... 81% 44.8M 3s
196450K .......... .......... .......... .......... .......... 81%  119M 3s
196500K .......... .......... .......... .......... .......... 81%  113M 3s
196550K .......... .......... .......... .......... .......... 81%  117M 3s
196600K .......... .......... .......... .......... .......... 81%  115M 3s
196650K .......... .......... .......... .......... .......... 81%  117M 3s
196700K .......... .......... .......... .......... .......... 81%  117M 3s
196750K .......... .......... .......... .......... .......... 81%  117M 3s
196800K .......... .......... .......... .......... .......... 81% 88.9M 3s
196850K .......... .......... .......... .......... .......... 81%  117M 3s
196900K .......... .......... .......... .......... .......... 81%  117M 3s
196950K .......... .......... .......... .......... .......... 81%  117M 3s
197000K .......... .......... .......... .......... .......... 81%  114M 3s
197050K .......... .......... .......... .......... .......... 81%  118M 3s
197100K .......... .......... .......... .......... .......... 81%  115M 3s
197150K .......... .......... .......... .......... .......... 81%  118M 3s
197200K .......... .......... .......... .......... .......... 81% 89.1M 3s
197250K .......... .......... .......... .......... .......... 81%  117M 3s
197300K .......... .......... .......... .......... .......... 81%  117M 3s
197350K .......... .......... .......... .......... .......... 81%  117M 3s
197400K .......... .......... .......... .......... .......... 81%  115M 3s
197450K .......... .......... .......... .......... .......... 81%  117M 3s
197500K .......... .......... .......... .......... .......... 81%  117M 3s
197550K .......... .......... .......... .......... .......... 81%  117M 3s
197600K .......... .......... .......... .......... .......... 81% 87.1M 3s
197650K .......... .......... .......... .......... .......... 81%  117M 3s
197700K .......... .......... .......... .......... .......... 81%  117M 3s
235400K .......... .......... .......... .......... .......... 97% 1.26M 0s
235450K .......... .......... .......... .......... .......... 97% 7.66M 0s
235500K .......... .......... .......... .......... .......... 97% 42.9M 0s
235550K .......... .......... .......... .......... .......... 97%  118M 0s
235600K .......... .......... .......... .......... .......... 97% 13.7M 0s
235650K .......... .......... .......... .......... .......... 97% 11.8M 0s
235700K .......... .......... .......... .......... .......... 97% 13.2M 0s
235750K .......... .......... .......... .......... .......... 97%  116M 0s
235800K .......... .......... .......... .......... .......... 97%  116M 0s
235850K .......... .......... .......... .......... .......... 97%  117M 0s
235900K .......... .......... .......... .......... .......... 97%  115M 0s
235950K .......... .......... .......... .......... .......... 97%  118M 0s
236000K .......... .......... .......... .......... .......... 97% 87.4M 0s
236050K .......... .......... .......... .......... .......... 97%  119M 0s
236100K .......... .......... .......... .......... .......... 97%  116M 0s
236150K .......... .......... .......... .......... .......... 97% 23.2M 0s
197750K .......... .......... .......... .......... .......... 81% 1.31M 3s
236200K .......... .......... .......... .......... .......... 97% 5.65M 0s
236250K .......... .......... .......... .......... .......... 97% 13.2M 0s
236300K .......... .......... .......... .......... .......... 97% 25.9M 0s
236350K .......... .......... .......... .......... .......... 97%  181M 0s
236400K .......... .......... .......... .......... .......... 97% 28.1M 0s
236450K .......... .......... .......... .......... .......... 97% 10.0M 0s
236500K .......... .......... .......... .......... .......... 97% 18.2M 0s
236550K .......... .......... .......... .......... .......... 97% 11.3M 0s
236600K .......... .......... .......... .......... .......... 97%  154M 0s
236650K .......... .......... .......... .......... .......... 97% 24.6M 0s
236700K .......... .......... .......... .......... .......... 97% 4.91M 0s
197800K .......... .......... .......... .......... .......... 81% 1.14M 3s
236750K .......... .......... .......... .......... .......... 97% 3.75M 0s
236800K .......... .......... .......... .......... .......... 97% 21.0M 0s
236850K .......... .......... .......... .......... .......... 97%  117M 0s
236900K .......... .......... .......... .......... .......... 97% 4.92M 0s
236950K .......... .......... .......... .......... .......... 97% 63.5M 0s
237000K .......... .......... .......... .......... .......... 97% 13.0M 0s
237050K .......... .......... .......... .......... .......... 97%  117M 0s
237100K .......... .......... .......... .......... .......... 97% 7.34M 0s
237150K .......... .......... .......... .......... .......... 97%  115M 0s
237200K .......... .......... .......... .......... .......... 97% 88.9M 0s
237250K .......... .......... .......... .......... .......... 97%  116M 0s
237300K .......... .......... .......... .......... .......... 97%  115M 0s
237350K .......... .......... .......... .......... .......... 97%  119M 0s
237400K .......... .......... .......... .......... .......... 98%  114M 0s
237450K .......... .......... .......... .......... .......... 98%  117M 0s
237500K .......... .......... .......... .......... .......... 98%  117M 0s
237550K .......... .......... .......... .......... .......... 98%  118M 0s
237600K .......... .......... .......... .......... .......... 98% 85.1M 0s
237650K .......... .......... .......... .......... .......... 98%  120M 0s
237700K .......... .......... .......... .......... .......... 98%  116M 0s
237750K .......... .......... .......... .......... .......... 98% 44.8M 0s
237800K .......... .......... .......... .......... .......... 98%  116M 0s
237850K .......... .......... .......... .......... .......... 98% 25.6M 0s
237900K .......... .......... .......... .......... .......... 98% 5.00M 0s
237950K .......... .......... .......... .......... .......... 98% 7.07M 0s
238000K .......... .......... .......... .......... .......... 98% 23.5M 0s
238050K .......... .......... .......... .......... .......... 98%  154M 0s
238100K .......... .......... .......... .......... .......... 98% 8.76M 0s
238150K .......... .......... .......... .......... .......... 98% 25.6M 0s
238200K .......... .......... .......... .......... .......... 98%  115M 0s
238250K .......... .......... .......... .......... .......... 98%  117M 0s
238300K .......... .......... .......... .......... .......... 98%  117M 0s
238350K .......... .......... .......... .......... .......... 98% 27.4M 0s
197850K .......... .......... .......... .......... .......... 81%  644K 3s
197900K .......... .......... .......... .......... .......... 81%  158M 3s
197950K .......... .......... .......... .......... .......... 81%  117M 3s
198000K .......... .......... .......... .......... .......... 81% 89.2M 3s
198050K .......... .......... .......... .......... .......... 81%  117M 3s
198100K .......... .......... .......... .......... .......... 81%  117M 3s
198150K .......... .......... .......... .......... .......... 81%  117M 3s
198200K .......... .......... .......... .......... .......... 81%  115M 3s
198250K .......... .......... .......... .......... .......... 81% 60.2M 3s
198300K .......... .......... .......... .......... .......... 81%  103M 3s
198350K .......... .......... .......... .......... .......... 81% 39.9M 3s
198400K .......... .......... .......... .......... .......... 81% 89.1M 3s
198450K .......... .......... .......... .......... .......... 81%  114M 3s
198500K .......... .......... .......... .......... .......... 81%  117M 3s
198550K .......... .......... .......... .......... .......... 81%  117M 3s
198600K .......... .......... .......... .......... .......... 81%  115M 3s
198650K .......... .......... .......... .......... .......... 82%  117M 3s
198700K .......... .......... .......... .......... .......... 82%  117M 3s
198750K .......... .......... .......... .......... .......... 82%  115M 3s
198800K .......... .......... .......... .......... .......... 82% 90.3M 3s
198850K .......... .......... .......... .......... .......... 82%  116M 3s
198900K .......... .......... .......... .......... .......... 82%  117M 3s
198950K .......... .......... .......... .......... .......... 82%  117M 3s
199000K .......... .......... .......... .......... .......... 82% 40.2M 3s
199050K .......... .......... .......... .......... .......... 82%  118M 3s
199100K .......... .......... .......... .......... .......... 82%  118M 3s
199150K .......... .......... .......... .......... .......... 82%  117M 3s
199200K .......... .......... .......... .......... .......... 82% 87.0M 3s
199250K .......... .......... .......... .......... .......... 82%  117M 3s
199300K .......... .......... .......... .......... .......... 82%  117M 3s
199350K .......... .......... .......... .......... .......... 82%  116M 3s
199400K .......... .......... .......... .......... .......... 82%  116M 3s
199450K .......... .......... .......... .......... .......... 82%  117M 3s
199500K .......... .......... .......... .......... .......... 82%  117M 3s
199550K .......... .......... .......... .......... .......... 82%  117M 3s
199600K .......... .......... .......... .......... .......... 82% 88.8M 3s
199650K .......... .......... .......... .......... .......... 82%  117M 3s
199700K .......... .......... .......... .......... .......... 82%  117M 3s
199750K .......... .......... .......... .......... .......... 82%  117M 3s
199800K .......... .......... .......... .......... .......... 82%  115M 3s
199850K .......... .......... .......... .......... .......... 82%  117M 3s
199900K .......... .......... .......... .......... .......... 82%  117M 3s
199950K .......... .......... .......... .......... .......... 82%  115M 3s
200000K .......... .......... .......... .......... .......... 82% 89.9M 3s
200050K .......... .......... .......... .......... .......... 82%  117M 3s
200100K .......... .......... .......... .......... .......... 82%  117M 3s
200150K .......... .......... .......... .......... .......... 82%  117M 3s
200200K .......... .......... .......... .......... .......... 82%  116M 3s
200250K .......... .......... .......... .......... .......... 82%  113M 3s
200300K .......... .......... .......... .......... .......... 82%  117M 3s
200350K .......... .......... .......... .......... .......... 82%  117M 3s
200400K .......... .......... .......... .......... .......... 82% 89.0M 3s
238400K .......... .......... .......... .......... .......... 98% 1.23M 0s
238450K .......... .......... .......... .......... .......... 98% 7.62M 0s
238500K .......... .......... .......... .......... .......... 98%  145M 0s
238550K .......... .......... .......... .......... .......... 98% 39.5M 0s
238600K .......... .......... .......... .......... .......... 98% 18.0M 0s
238650K .......... .......... .......... .......... .......... 98% 10.9M 0s
238700K .......... .......... .......... .......... .......... 98%  141M 0s
238750K .......... .......... .......... .......... .......... 98% 11.8M 0s
238800K .......... .......... .......... .......... .......... 98% 13.1M 0s
238850K .......... .......... .......... .......... .......... 98%  119M 0s
238900K .......... .......... .......... .......... .......... 98%  115M 0s
238950K .......... .......... .......... .......... .......... 98%  118M 0s
239000K .......... .......... .......... .......... .......... 98%  113M 0s
239050K .......... .......... .......... .......... .......... 98%  118M 0s
239100K .......... .......... .......... .......... .......... 98%  117M 0s
239150K .......... .......... .......... .......... .......... 98%  115M 0s
200450K .......... .......... .......... .......... .......... 82% 1.30M 3s
239200K .......... .......... .......... .......... .......... 98% 30.7M 0s
239250K .......... .......... .......... .......... .......... 98% 5.16M 0s
239300K .......... .......... .......... .......... .......... 98% 27.9M 0s
239350K .......... .......... .......... .......... .......... 98%  120M 0s
239400K .......... .......... .......... .......... .......... 98% 28.5M 0s
239450K .......... .......... .......... .......... .......... 98% 14.7M 0s
239500K .......... .......... .......... .......... .......... 98% 31.8M 0s
239550K .......... .......... .......... .......... .......... 98%  116M 0s
239600K .......... .......... .......... .......... .......... 98% 7.00M 0s
239650K .......... .......... .......... .......... .......... 98% 25.9M 0s
239700K .......... .......... .......... .......... .......... 98% 5.23M 0s
239750K .......... .......... .......... .......... .......... 98% 3.55M 0s
239800K .......... .......... .......... .......... .......... 98%  142M 0s
239850K .......... .......... .......... .......... .......... 99% 25.6M 0s
239900K .......... .......... .......... .......... .......... 99% 4.75M 0s
239950K .......... .......... .......... .......... .......... 99%  118M 0s
240000K .......... .......... .......... .......... .......... 99% 11.6M 0s
240050K .......... .......... .......... .......... .......... 99%  133M 0s
240100K .......... .......... .......... .......... .......... 99%  106M 0s
240150K .......... .......... .......... .......... .......... 99% 7.29M 0s
240200K .......... .......... .......... .......... .......... 99% 14.3M 0s
240250K .......... .......... .......... .......... .......... 99%  117M 0s
240300K .......... .......... .......... .......... .......... 99%  120M 0s
240350K .......... .......... .......... .......... .......... 99%  116M 0s
240400K .......... .......... .......... .......... .......... 99% 87.4M 0s
240450K .......... .......... .......... .......... .......... 99%  120M 0s
240500K .......... .......... .......... .......... .......... 99%  118M 0s
240550K .......... .......... .......... .......... .......... 99%  116M 0s
240600K .......... .......... .......... .......... .......... 99%  112M 0s
240650K .......... .......... .......... .......... .......... 99%  115M 0s
240700K .......... .......... .......... .......... .......... 99%  115M 0s
240750K .......... .......... .......... .......... .......... 99%  122M 0s
240800K .......... .......... .......... .......... .......... 99% 86.8M 0s
240850K .......... .......... .......... .......... .......... 99%  117M 0s
240900K .......... .......... .......... .......... .......... 99% 5.46M 0s
240950K .......... .......... .......... .......... .......... 99% 7.10M 0s
241000K .......... .......... .......... .......... .......... 99%  170M 0s
241050K .......... .......... .......... .......... .......... 99% 25.9M 0s
241100K .......... .......... .......... .......... .......... 99% 8.77M 0s
241150K .......... .......... .......... .......... .......... 99% 26.2M 0s
241200K .......... .......... .......... .......... .......... 99% 68.4M 0s
241250K .......... .......... .......... .......... .......... 99%  117M 0s
241300K .......... .......... .......... .......... .......... 99%  117M 0s
241350K .......... .......... .......... .......... .......... 99% 29.1M 0s
200500K .......... .......... .......... .......... .......... 82%  421K 3s
200550K .......... .......... .......... .......... .......... 82%  145M 3s
200600K .......... .......... .......... .......... .......... 82%  148M 3s
200650K .......... .......... .......... .......... .......... 82%  120M 3s
200700K .......... .......... .......... .......... .......... 82%  117M 3s
200750K .......... .......... .......... .......... .......... 82%  117M 3s
200800K .......... .......... .......... .......... .......... 82% 87.2M 3s
200850K .......... .......... .......... .......... .......... 82%  117M 3s
200900K .......... .......... .......... .......... .......... 82%  116M 3s
200950K .......... .......... .......... .......... .......... 82% 78.6M 3s
201000K .......... .......... .......... .......... .......... 82%  115M 3s
201050K .......... .......... .......... .......... .......... 83% 39.0M 3s
201100K .......... .......... .......... .......... .......... 83%  117M 3s
201150K .......... .......... .......... .......... .......... 83%  109M 3s
201200K .......... .......... .......... .......... .......... 83% 89.0M 3s
201250K .......... .......... .......... .......... .......... 83%  117M 3s
201300K .......... .......... .......... .......... .......... 83%  117M 3s
201350K .......... .......... .......... .......... .......... 83%  117M 3s
201400K .......... .......... .......... .......... .......... 83%  112M 3s
201450K .......... .......... .......... .......... .......... 83%  116M 3s
201500K .......... .......... .......... .......... .......... 83%  117M 3s
201550K .......... .......... .......... .......... .......... 83%  117M 3s
201600K .......... .......... .......... .......... .......... 83% 88.8M 3s
201650K .......... .......... .......... .......... .......... 83%  117M 3s
201700K .......... .......... .......... .......... .......... 83% 23.0M 3s
201750K .......... .......... .......... .......... .......... 83%  117M 3s
201800K .......... .......... .......... .......... .......... 83%  113M 3s
201850K .......... .......... .......... .......... .......... 83%  117M 3s
201900K .......... .......... .......... .......... .......... 83%  117M 3s
201950K .......... .......... .......... .......... .......... 83%  117M 3s
202000K .......... .......... .......... .......... .......... 83% 89.1M 3s
202050K .......... .......... .......... .......... .......... 83%  117M 3s
202100K .......... .......... .......... .......... .......... 83%  117M 3s
202150K .......... .......... .......... .......... .......... 83%  117M 3s
202200K .......... .......... .......... .......... .......... 83%  115M 3s
202250K .......... .......... .......... .......... .......... 83%  117M 3s
202300K .......... .......... .......... .......... .......... 83%  116M 3s
202350K .......... .......... .......... .......... .......... 83%  118M 3s
202400K .......... .......... .......... .......... .......... 83% 86.9M 3s
202450K .......... .......... .......... .......... .......... 83%  117M 3s
202500K .......... .......... .......... .......... .......... 83%  117M 3s
202550K .......... .......... .......... .......... .......... 83%  117M 3s
202600K .......... .......... .......... .......... .......... 83%  115M 3s
202650K .......... .......... .......... .......... .......... 83%  117M 3s
202700K .......... .......... .......... .......... .......... 83%  117M 3s
202750K .......... .......... .......... .......... .......... 83%  117M 3s
202800K .......... .......... .......... .......... .......... 83% 88.9M 3s
202850K .......... .......... .......... .......... .......... 83%  117M 3s
202900K .......... .......... .......... .......... .......... 83%  117M 3s
202950K .......... .......... .......... .......... .......... 83%  117M 3s
203000K .......... .......... .......... .......... .......... 83%  115M 3s
203050K .......... .......... .......... .......... .......... 83%  117M 3s
203100K .......... .......... .......... .......... .......... 83%  117M 3s
241400K .......... .......... .......... .......... .......... 99% 1.22M 0s
241450K .......... .......... .......... .......... .......... 99%  170M 0s
241500K .......... .......... .......... .......... .......... 99% 7.56M 0s
241550K .......... .......... .......... .......... .......... 99% 44.7M 0s
241600K .......... .......... .......... .......... .......... 99% 18.4M 0s
241650K .......... .......... .......... .......... .......... 99% 10.7M 0s
241700K .......... .......... .......... .......... .......... 99%  148M 0s
241750K .......... .......... .......... .......... .......... 99% 12.1M 0s
241800K .......... .......... .......... .......... .......... 99% 7.19M 0s
241850K .......... .......... .......... .......... .......... 99%  117M 0s
241900K .......... .......... .......... .......... .......... 99%  119M 0s
241950K .......... .......... .......... .......... .......... 99%  113M 0s
242000K .......... .......... .......... .......... .......... 99% 88.7M 0s
242050K .......... .......... .......... .......... .......... 99%  119M 0s
242100K .......... .......... .......... .......... .......... 99%  115M 0s
242150K .......... .......... .......... .......... .......... 99%  117M 0s
203150K .......... .......... .......... .......... .......... 83%  117M 3s
242200K .......... .......... .......... .......... .......... 99% 65.7M 0s
242250K .......... .......... .......... .....                100%  140M=16s

2025-11-23 18:57:21 (15.0 MB/s) - ‘tiny-imagenet-200.zip’ saved [248100043/248100043]

203200K .......... .......... .......... .......... .......... 83%  322K 3s
203250K .......... .......... .......... .......... .......... 83%  141M 3s
203300K .......... .......... .......... .......... .......... 83%  175M 3s
203350K .......... .......... .......... .......... .......... 83%  117M 3s
203400K .......... .......... .......... .......... .......... 83%  115M 3s
203450K .......... .......... .......... .......... .......... 83% 34.2M 3s
203500K .......... .......... .......... .......... .......... 84%  133M 3s
203550K .......... .......... .......... .......... .......... 84%  118M 3s
203600K .......... .......... .......... .......... .......... 84% 87.8M 3s
203650K .......... .......... .......... .......... .......... 84%  114M 3s
203700K .......... .......... .......... .......... .......... 84%  117M 3s
203750K .......... .......... .......... .......... .......... 84%  117M 3s
203800K .......... .......... .......... .......... .......... 84%  115M 3s
203850K .......... .......... .......... .......... .......... 84%  116M 3s
203900K .......... .......... .......... .......... .......... 84%  117M 3s
203950K .......... .......... .......... .......... .......... 84%  117M 3s
204000K .......... .......... .......... .......... .......... 84% 81.0M 3s
204050K .......... .......... .......... .......... .......... 84%  117M 3s
204100K .......... .......... .......... .......... .......... 84%  117M 3s
204150K .......... .......... .......... .......... .......... 84%  117M 3s
204200K .......... .......... .......... .......... .......... 84%  115M 3s
204250K .......... .......... .......... .......... .......... 84%  116M 3s
204300K .......... .......... .......... .......... .......... 84%  117M 3s
204350K .......... .......... .......... .......... .......... 84%  117M 3s
204400K .......... .......... .......... .......... .......... 84% 88.8M 3s
204450K .......... .......... .......... .......... .......... 84% 24.2M 3s
204500K .......... .......... .......... .......... .......... 84%  117M 3s
204550K .......... .......... .......... .......... .......... 84%  112M 3s
204600K .......... .......... .......... .......... .......... 84%  115M 3s
204650K .......... .......... .......... .......... .......... 84%  101M 3s
204700K .......... .......... .......... .......... .......... 84%  118M 3s
204750K .......... .......... .......... .......... .......... 84%  117M 3s
204800K .......... .......... .......... .......... .......... 84% 87.1M 3s
204850K .......... .......... .......... .......... .......... 84%  117M 3s
204900K .......... .......... .......... .......... .......... 84%  117M 3s
204950K .......... .......... .......... .......... .......... 84%  117M 3s
205000K .......... .......... .......... .......... .......... 84%  115M 3s
205050K .......... .......... .......... .......... .......... 84% 34.1M 3s
205100K .......... .......... .......... .......... .......... 84%  119M 3s
205150K .......... .......... .......... .......... .......... 84%  117M 3s
205200K .......... .......... .......... .......... .......... 84% 90.0M 3s
205250K .......... .......... .......... .......... .......... 84%  113M 3s
205300K .......... .......... .......... .......... .......... 84%  117M 3s
205350K .......... .......... .......... .......... .......... 84%  117M 3s
205400K .......... .......... .......... .......... .......... 84%  115M 3s
205450K .......... .......... .......... .......... .......... 84%  117M 3s
205500K .......... .......... .......... .......... .......... 84%  117M 3s
205550K .......... .......... .......... .......... .......... 84%  117M 3s
205600K .......... .......... .......... .......... .......... 84% 88.8M 3s
205650K .......... .......... .......... .......... .......... 84%  117M 3s
205700K .......... .......... .......... .......... .......... 84%  117M 3s
205750K .......... .......... .......... .......... .......... 84%  117M 3s
205800K .......... .......... .......... .......... .......... 84%  113M 3s
205850K .......... .......... .......... .......... .......... 84%  119M 3s
205900K .......... .......... .......... .......... .......... 85%  117M 3s
205950K .......... .......... .......... .......... .......... 85%  654K 3s
206000K .......... .......... .......... .......... .......... 85%  640K 3s
206050K .......... .......... .......... .......... .......... 85%  124M 3s
206100K .......... .......... .......... .......... .......... 85%  145M 3s
206150K .......... .......... .......... .......... .......... 85%  117M 3s
206200K .......... .......... .......... .......... .......... 85% 41.7M 3s
206250K .......... .......... .......... .......... .......... 85%  115M 3s
206300K .......... .......... .......... .......... .......... 85%  105M 3s
206350K .......... .......... .......... .......... .......... 85%  117M 3s
206400K .......... .......... .......... .......... .......... 85% 87.0M 3s
206450K .......... .......... .......... .......... .......... 85%  117M 3s
206500K .......... .......... .......... .......... .......... 85%  117M 3s
206550K .......... .......... .......... .......... .......... 85%  117M 3s
206600K .......... .......... .......... .......... .......... 85%  115M 3s
206650K .......... .......... .......... .......... .......... 85%  117M 3s
206700K .......... .......... .......... .......... .......... 85%  117M 3s
206750K .......... .......... .......... .......... .......... 85%  117M 3s
206800K .......... .......... .......... .......... .......... 85% 88.9M 3s
206850K .......... .......... .......... .......... .......... 85% 29.1M 3s
206900K .......... .......... .......... .......... .......... 85%  117M 3s
206950K .......... .......... .......... .......... .......... 85%  116M 3s
207000K .......... .......... .......... .......... .......... 85%  114M 3s
207050K .......... .......... .......... .......... .......... 85%  118M 3s
207100K .......... .......... .......... .......... .......... 85%  117M 3s
207150K .......... .......... .......... .......... .......... 85%  117M 3s
207200K .......... .......... .......... .......... .......... 85% 52.7M 3s
207250K .......... .......... .......... .......... .......... 85%  117M 3s
207300K .......... .......... .......... .......... .......... 85%  117M 3s
207350K .......... .......... .......... .......... .......... 85%  114M 3s
207400K .......... .......... .......... .......... .......... 85%  111M 3s
207450K .......... .......... .......... .......... .......... 85%  113M 3s
207500K .......... .......... .......... .......... .......... 85%  117M 3s
207550K .......... .......... .......... .......... .......... 85% 99.4M 3s
207600K .......... .......... .......... .......... .......... 85% 87.0M 3s
207650K .......... .......... .......... .......... .......... 85%  117M 3s
207700K .......... .......... .......... .......... .......... 85%  117M 3s
207750K .......... .......... .......... .......... .......... 85%  117M 3s
207800K .......... .......... .......... .......... .......... 85% 36.7M 3s
207850K .......... .......... .......... .......... .......... 85%  117M 2s
207900K .......... .......... .......... .......... .......... 85%  102M 2s
207950K .......... .......... .......... .......... .......... 85%  117M 2s
208000K .......... .......... .......... .......... .......... 85% 89.1M 2s
208050K .......... .......... .......... .......... .......... 85%  117M 2s
208100K .......... .......... .......... .......... .......... 85%  117M 2s
208150K .......... .......... .......... .......... .......... 85%  117M 2s
208200K .......... .......... .......... .......... .......... 85%  115M 2s
208250K .......... .......... .......... .......... .......... 85%  117M 2s
208300K .......... .......... .......... .......... .......... 85%  117M 2s
208350K .......... .......... .......... .......... .......... 86%  116M 2s
208400K .......... .......... .......... .......... .......... 86% 26.1M 2s
208450K .......... .......... .......... .......... .......... 86%  135M 2s
208500K .......... .......... .......... .......... .......... 86%  114M 2s
208550K .......... .......... .......... .......... .......... 86%  117M 2s
208600K .......... .......... .......... .......... .......... 86%  118M 2s
208650K .......... .......... .......... .......... .......... 86%  115M 2s
208700K .......... .......... .......... .......... .......... 86%  666K 2s
208750K .......... .......... .......... .......... .......... 86%  642K 2s
208800K .......... .......... .......... .......... .......... 86%  105M 2s
208850K .......... .......... .......... .......... .......... 86%  117M 2s
208900K .......... .......... .......... .......... .......... 86%  117M 2s
208950K .......... .......... .......... .......... .......... 86% 43.3M 2s
209000K .......... .......... .......... .......... .......... 86%  115M 2s
209050K .......... .......... .......... .......... .......... 86% 99.7M 2s
209100K .......... .......... .......... .......... .......... 86%  117M 2s
209150K .......... .......... .......... .......... .......... 86%  117M 2s
209200K .......... .......... .......... .......... .......... 86% 88.9M 2s
209250K .......... .......... .......... .......... .......... 86% 61.5M 2s
209300K .......... .......... .......... .......... .......... 86%  117M 2s
209350K .......... .......... .......... .......... .......... 86%  117M 2s
209400K .......... .......... .......... .......... .......... 86%  115M 2s
209450K .......... .......... .......... .......... .......... 86%  117M 2s
209500K .......... .......... .......... .......... .......... 86%  117M 2s
209550K .......... .......... .......... .......... .......... 86%  115M 2s
209600K .......... .......... .......... .......... .......... 86% 35.5M 2s
209650K .......... .......... .......... .......... .......... 86%  101M 2s
209700K .......... .......... .......... .......... .......... 86%  108M 2s
209750K .......... .......... .......... .......... .......... 86%  108M 2s
209800K .......... .......... .......... .......... .......... 86%  115M 2s
209850K .......... .......... .......... .......... .......... 86%  117M 2s
209900K .......... .......... .......... .......... .......... 86% 23.4M 2s
209950K .......... .......... .......... .......... .......... 86%  118M 2s
210000K .......... .......... .......... .......... .......... 86% 87.5M 2s
210050K .......... .......... .......... .......... .......... 86%  116M 2s
210100K .......... .......... .......... .......... .......... 86%  116M 2s
210150K .......... .......... .......... .......... .......... 86%  117M 2s
210200K .......... .......... .......... .......... .......... 86%  115M 2s
210250K .......... .......... .......... .......... .......... 86%  117M 2s
210300K .......... .......... .......... .......... .......... 86%  117M 2s
210350K .......... .......... .......... .......... .......... 86%  117M 2s
210400K .......... .......... .......... .......... .......... 86% 87.0M 2s
210450K .......... .......... .......... .......... .......... 86%  117M 2s
210500K .......... .......... .......... .......... .......... 86%  117M 2s
210550K .......... .......... .......... .......... .......... 86%  117M 2s
210600K .......... .......... .......... .......... .......... 86%  115M 2s
210650K .......... .......... .......... .......... .......... 86%  117M 2s
210700K .......... .......... .......... .......... .......... 86%  117M 2s
210750K .......... .......... .......... .......... .......... 87%  117M 2s
210800K .......... .......... .......... .......... .......... 87% 89.0M 2s
210850K .......... .......... .......... .......... .......... 87%  117M 2s
210900K .......... .......... .......... .......... .......... 87%  117M 2s
210950K .......... .......... .......... .......... .......... 87%  117M 2s
211000K .......... .......... .......... .......... .......... 87%  115M 2s
211050K .......... .......... .......... .......... .......... 87%  117M 2s
211100K .......... .......... .......... .......... .......... 87%  115M 2s
211150K .......... .......... .......... .......... .......... 87% 35.0M 2s
211200K .......... .......... .......... .......... .......... 87% 82.8M 2s
211250K .......... .......... .......... .......... .......... 87%  117M 2s
211300K .......... .......... .......... .......... .......... 87%  117M 2s
211350K .......... .......... .......... .......... .......... 87%  117M 2s
211400K .......... .......... .......... .......... .......... 87%  115M 2s
211450K .......... .......... .......... .......... .......... 87% 1.31M 2s
211500K .......... .......... .......... .......... .......... 87%  431K 2s
211550K .......... .......... .......... .......... .......... 87%  137M 2s
211600K .......... .......... .......... .......... .......... 87% 20.0M 2s
211650K .......... .......... .......... .......... .......... 87%  117M 2s
211700K .......... .......... .......... .......... .......... 87%  117M 2s
211750K .......... .......... .......... .......... .......... 87%  117M 2s
211800K .......... .......... .......... .......... .......... 87%  115M 2s
211850K .......... .......... .......... .......... .......... 87%  115M 2s
211900K .......... .......... .......... .......... .......... 87%  117M 2s
211950K .......... .......... .......... .......... .......... 87%  118M 2s
212000K .......... .......... .......... .......... .......... 87% 89.2M 2s
212050K .......... .......... .......... .......... .......... 87%  117M 2s
212100K .......... .......... .......... .......... .......... 87%  117M 2s
212150K .......... .......... .......... .......... .......... 87%  117M 2s
212200K .......... .......... .......... .......... .......... 87%  115M 2s
212250K .......... .......... .......... .......... .......... 87%  117M 2s
212300K .......... .......... .......... .......... .......... 87%  117M 2s
212350K .......... .......... .......... .......... .......... 87%  117M 2s
212400K .......... .......... .......... .......... .......... 87% 87.1M 2s
212450K .......... .......... .......... .......... .......... 87%  117M 2s
212500K .......... .......... .......... .......... .......... 87%  117M 2s
212550K .......... .......... .......... .......... .......... 87%  117M 2s
212600K .......... .......... .......... .......... .......... 87%  115M 2s
212650K .......... .......... .......... .......... .......... 87% 24.7M 2s
212700K .......... .......... .......... .......... .......... 87%  102M 2s
212750K .......... .......... .......... .......... .......... 87%  117M 2s
212800K .......... .......... .......... .......... .......... 87% 89.1M 2s
212850K .......... .......... .......... .......... .......... 87%  117M 2s
212900K .......... .......... .......... .......... .......... 87%  117M 2s
212950K .......... .......... .......... .......... .......... 87%  117M 2s
213000K .......... .......... .......... .......... .......... 87%  115M 2s
213050K .......... .......... .......... .......... .......... 87%  117M 2s
213100K .......... .......... .......... .......... .......... 87%  117M 2s
213150K .......... .......... .......... .......... .......... 87% 95.8M 2s
213200K .......... .......... .......... .......... .......... 88% 88.9M 2s
213250K .......... .......... .......... .......... .......... 88% 26.9M 2s
213300K .......... .......... .......... .......... .......... 88%  117M 2s
213350K .......... .......... .......... .......... .......... 88%  118M 2s
213400K .......... .......... .......... .......... .......... 88%  114M 2s
213450K .......... .......... .......... .......... .......... 88%  116M 2s
213500K .......... .......... .......... .......... .......... 88%  117M 2s
213550K .......... .......... .......... .......... .......... 88%  117M 2s
213600K .......... .......... .......... .......... .......... 88% 87.0M 2s
213650K .......... .......... .......... .......... .......... 88%  117M 2s
213700K .......... .......... .......... .......... .......... 88%  117M 2s
213750K .......... .......... .......... .......... .......... 88%  117M 2s
213800K .......... .......... .......... .......... .......... 88%  115M 2s
213850K .......... .......... .......... .......... .......... 88%  117M 2s
213900K .......... .......... .......... .......... .......... 88%  117M 2s
213950K .......... .......... .......... .......... .......... 88%  117M 2s
214000K .......... .......... .......... .......... .......... 88% 88.9M 2s
214050K .......... .......... .......... .......... .......... 88%  117M 2s
214100K .......... .......... .......... .......... .......... 88%  117M 2s
214150K .......... .......... .......... .......... .......... 88%  117M 2s
214200K .......... .......... .......... .......... .......... 88%  115M 2s
214250K .......... .......... .......... .......... .......... 88%  328K 2s
214300K .......... .......... .......... .......... .......... 88%  144M 2s
214350K .......... .......... .......... .......... .......... 88%  144M 2s
214400K .......... .......... .......... .......... .......... 88% 20.8M 2s
214450K .......... .......... .......... .......... .......... 88%  117M 2s
214500K .......... .......... .......... .......... .......... 88%  112M 2s
214550K .......... .......... .......... .......... .......... 88%  117M 2s
214600K .......... .......... .......... .......... .......... 88%  108M 2s
214650K .......... .......... .......... .......... .......... 88%  116M 2s
214700K .......... .......... .......... .......... .......... 88%  117M 2s
214750K .......... .......... .......... .......... .......... 88%  117M 2s
214800K .......... .......... .......... .......... .......... 88% 87.1M 2s
214850K .......... .......... .......... .......... .......... 88%  117M 2s
214900K .......... .......... .......... .......... .......... 88%  117M 2s
214950K .......... .......... .......... .......... .......... 88%  117M 2s
215000K .......... .......... .......... .......... .......... 88% 26.4M 2s
215050K .......... .......... .......... .......... .......... 88%  120M 2s
215100K .......... .......... .......... .......... .......... 88%  117M 2s
215150K .......... .......... .......... .......... .......... 88%  116M 2s
215200K .......... .......... .......... .......... .......... 88% 85.8M 2s
215250K .......... .......... .......... .......... .......... 88%  119M 2s
215300K .......... .......... .......... .......... .......... 88%  117M 2s
215350K .......... .......... .......... .......... .......... 88%  117M 2s
215400K .......... .......... .......... .......... .......... 88%  115M 2s
215450K .......... .......... .......... .......... .......... 88%  117M 2s
215500K .......... .......... .......... .......... .......... 88%  111M 2s
215550K .......... .......... .......... .......... .......... 88%  111M 2s
215600K .......... .......... .......... .......... .......... 89% 82.4M 2s
215650K .......... .......... .......... .......... .......... 89%  117M 2s
215700K .......... .......... .......... .......... .......... 89%  117M 2s
215750K .......... .......... .......... .......... .......... 89%  117M 2s
215800K .......... .......... .......... .......... .......... 89%  115M 2s
215850K .......... .......... .......... .......... .......... 89%  117M 2s
215900K .......... .......... .......... .......... .......... 89%  117M 2s
215950K .......... .......... .......... .......... .......... 89%  101M 2s
216000K .......... .......... .......... .......... .......... 89% 85.7M 2s
216050K .......... .......... .......... .......... .......... 89% 26.6M 2s
216100K .......... .......... .......... .......... .......... 89%  117M 2s
216150K .......... .......... .......... .......... .......... 89%  117M 2s
216200K .......... .......... .......... .......... .......... 89%  115M 2s
216250K .......... .......... .......... .......... .......... 89%  117M 2s
216300K .......... .......... .......... .......... .......... 89%  117M 2s
216350K .......... .......... .......... .......... .......... 89%  117M 2s
216400K .......... .......... .......... .......... .......... 89% 89.1M 2s
216450K .......... .......... .......... .......... .......... 89%  114M 2s
216500K .......... .......... .......... .......... .......... 89%  117M 2s
216550K .......... .......... .......... .......... .......... 89%  117M 2s
216600K .......... .......... .......... .......... .......... 89%  114M 2s
216650K .......... .......... .......... .......... .......... 89% 23.6M 2s
216700K .......... .......... .......... .......... .......... 89%  117M 2s
216750K .......... .......... .......... .......... .......... 89%  116M 2s
216800K .......... .......... .......... .......... .......... 89% 88.0M 2s
216850K .......... .......... .......... .......... .......... 89%  116M 2s
216900K .......... .......... .......... .......... .......... 89%  117M 2s
216950K .......... .......... .......... .......... .......... 89%  117M 2s
217000K .......... .......... .......... .......... .......... 89%  115M 2s
217050K .......... .......... .......... .......... .......... 89%  332K 2s
217100K .......... .......... .......... .......... .......... 89%  162M 2s
217150K .......... .......... .......... .......... .......... 89%  147M 2s
217200K .......... .......... .......... .......... .......... 89% 21.7M 2s
217250K .......... .......... .......... .......... .......... 89%  105M 2s
217300K .......... .......... .......... .......... .......... 89%  103M 2s
217350K .......... .......... .......... .......... .......... 89%  117M 2s
217400K .......... .......... .......... .......... .......... 89%  115M 2s
217450K .......... .......... .......... .......... .......... 89%  117M 2s
217500K .......... .......... .......... .......... .......... 89%  117M 2s
217550K .......... .......... .......... .......... .......... 89%  117M 2s
217600K .......... .......... .......... .......... .......... 89% 89.0M 2s
217650K .......... .......... .......... .......... .......... 89%  117M 2s
217700K .......... .......... .......... .......... .......... 89%  117M 2s
217750K .......... .......... .......... .......... .......... 89%  116M 2s
217800K .......... .......... .......... .......... .......... 89% 28.6M 2s
217850K .......... .......... .......... .......... .......... 89% 90.9M 2s
217900K .......... .......... .......... .......... .......... 89%  115M 2s
217950K .......... .......... .......... .......... .......... 89%  119M 2s
218000K .......... .......... .......... .......... .......... 89% 89.1M 2s
218050K .......... .......... .......... .......... .......... 90%  117M 2s
218100K .......... .......... .......... .......... .......... 90%  117M 2s
218150K .......... .......... .......... .......... .......... 90%  117M 2s
218200K .......... .......... .......... .......... .......... 90% 21.9M 2s
218250K .......... .......... .......... .......... .......... 90%  117M 2s
218300K .......... .......... .......... .......... .......... 90%  114M 2s
218350K .......... .......... .......... .......... .......... 90%  116M 2s
218400K .......... .......... .......... .......... .......... 90% 87.5M 2s
218450K .......... .......... .......... .......... .......... 90%  121M 2s
218500K .......... .......... .......... .......... .......... 90%  115M 2s
218550K .......... .......... .......... .......... .......... 90%  117M 2s
218600K .......... .......... .......... .......... .......... 90%  115M 2s
218650K .......... .......... .......... .......... .......... 90%  117M 2s
218700K .......... .......... .......... .......... .......... 90%  117M 2s
218750K .......... .......... .......... .......... .......... 90%  117M 2s
218800K .......... .......... .......... .......... .......... 90% 87.0M 2s
218850K .......... .......... .......... .......... .......... 90%  117M 2s
218900K .......... .......... .......... .......... .......... 90%  117M 2s
218950K .......... .......... .......... .......... .......... 90%  117M 2s
219000K .......... .......... .......... .......... .......... 90%  115M 2s
219050K .......... .......... .......... .......... .......... 90%  117M 2s
219100K .......... .......... .......... .......... .......... 90%  117M 2s
219150K .......... .......... .......... .......... .......... 90%  117M 2s
219200K .......... .......... .......... .......... .......... 90% 89.0M 2s
219250K .......... .......... .......... .......... .......... 90%  117M 2s
219300K .......... .......... .......... .......... .......... 90%  117M 2s
219350K .......... .......... .......... .......... .......... 90%  117M 2s
219400K .......... .......... .......... .......... .......... 90%  115M 2s
219450K .......... .......... .......... .......... .......... 90% 30.1M 2s
219500K .......... .......... .......... .......... .......... 90%  101M 2s
219550K .......... .......... .......... .......... .......... 90%  115M 2s
219600K .......... .......... .......... .......... .......... 90% 90.0M 2s
219650K .......... .......... .......... .......... .......... 90%  117M 2s
219700K .......... .......... .......... .......... .......... 90%  117M 2s
219750K .......... .......... .......... .......... .......... 90%  117M 2s
219800K .......... .......... .......... .......... .......... 90%  115M 2s
219850K .......... .......... .......... .......... .......... 90% 1.40M 2s
219900K .......... .......... .......... .......... .......... 90%  431K 2s
219950K .......... .......... .......... .......... .......... 90%  118M 2s
220000K .......... .......... .......... .......... .......... 90% 11.5M 2s
220050K .......... .......... .......... .......... .......... 90%  120M 2s
220100K .......... .......... .......... .......... .......... 90%  116M 2s
220150K .......... .......... .......... .......... .......... 90%  117M 2s
220200K .......... .......... .......... .......... .......... 90%  112M 2s
220250K .......... .......... .......... .......... .......... 90%  117M 2s
220300K .......... .......... .......... .......... .......... 90%  120M 2s
220350K .......... .......... .......... .......... .......... 90%  113M 2s
220400K .......... .......... .......... .......... .......... 90% 88.9M 2s
220450K .......... .......... .......... .......... .......... 91%  117M 2s
220500K .......... .......... .......... .......... .......... 91%  117M 2s
220550K .......... .......... .......... .......... .......... 91%  116M 2s
220600K .......... .......... .......... .......... .......... 91%  116M 2s
220650K .......... .......... .......... .......... .......... 91%  117M 2s
220700K .......... .......... .......... .......... .......... 91%  117M 2s
220750K .......... .......... .......... .......... .......... 91%  117M 2s
220800K .......... .......... .......... .......... .......... 91% 89.1M 2s
220850K .......... .......... .......... .......... .......... 91%  117M 2s
220900K .......... .......... .......... .......... .......... 91%  117M 2s
220950K .......... .......... .......... .......... .......... 91%  117M 2s
221000K .......... .......... .......... .......... .......... 91% 32.1M 2s
221050K .......... .......... .......... .......... .......... 91% 84.1M 2s
221100K .......... .......... .......... .......... .......... 91%  117M 2s
221150K .......... .......... .......... .......... .......... 91%  117M 2s
221200K .......... .......... .......... .......... .......... 91% 87.0M 2s
221250K .......... .......... .......... .......... .......... 91%  117M 2s
221300K .......... .......... .......... .......... .......... 91%  117M 2s
221350K .......... .......... .......... .......... .......... 91%  117M 2s
221400K .......... .......... .......... .......... .......... 91%  115M 2s
221450K .......... .......... .......... .......... .......... 91%  117M 2s
221500K .......... .......... .......... .......... .......... 91%  117M 1s
221550K .......... .......... .......... .......... .......... 91%  117M 1s
221600K .......... .......... .......... .......... .......... 91% 88.8M 1s
221650K .......... .......... .......... .......... .......... 91%  117M 1s
221700K .......... .......... .......... .......... .......... 91%  117M 1s
221750K .......... .......... .......... .......... .......... 91% 22.5M 1s
221800K .......... .......... .......... .......... .......... 91%  115M 1s
221850K .......... .......... .......... .......... .......... 91%  116M 1s
221900K .......... .......... .......... .......... .......... 91%  119M 1s
221950K .......... .......... .......... .......... .......... 91%  115M 1s
222000K .......... .......... .......... .......... .......... 91% 89.4M 1s
222050K .......... .......... .......... .......... .......... 91%  116M 1s
222100K .......... .......... .......... .......... .......... 91%  117M 1s
222150K .......... .......... .......... .......... .......... 91%  117M 1s
222200K .......... .......... .......... .......... .......... 91%  115M 1s
222250K .......... .......... .......... .......... .......... 91%  117M 1s
222300K .......... .......... .......... .......... .......... 91%  117M 1s
222350K .......... .......... .......... .......... .......... 91%  117M 1s
222400K .......... .......... .......... .......... .......... 91% 87.0M 1s
222450K .......... .......... .......... .......... .......... 91%  117M 1s
222500K .......... .......... .......... .......... .......... 91%  117M 1s
222550K .......... .......... .......... .......... .......... 91%  116M 1s
222600K .......... .......... .......... .......... .......... 91%  116M 1s
222650K .......... .......... .......... .......... .......... 91%  117M 1s
222700K .......... .......... .......... .......... .......... 91% 1.41M 1s
222750K .......... .......... .......... .......... .......... 91%  432K 1s
222800K .......... .......... .......... .......... .......... 91% 11.4M 1s
222850K .......... .......... .......... .......... .......... 91%  117M 1s
222900K .......... .......... .......... .......... .......... 92%  116M 1s
222950K .......... .......... .......... .......... .......... 92%  117M 1s
223000K .......... .......... .......... .......... .......... 92%  115M 1s
223050K .......... .......... .......... .......... .......... 92%  116M 1s
223100K .......... .......... .......... .......... .......... 92%  117M 1s
223150K .......... .......... .......... .......... .......... 92%  117M 1s
223200K .......... .......... .......... .......... .......... 92% 89.1M 1s
223250K .......... .......... .......... .......... .......... 92%  117M 1s
223300K .......... .......... .......... .......... .......... 92%  117M 1s
223350K .......... .......... .......... .......... .......... 92%  117M 1s
223400K .......... .......... .......... .......... .......... 92% 20.5M 1s
223450K .......... .......... .......... .......... .......... 92%  117M 1s
223500K .......... .......... .......... .......... .......... 92%  115M 1s
223550K .......... .......... .......... .......... .......... 92%  115M 1s
223600K .......... .......... .......... .......... .......... 92% 88.9M 1s
223650K .......... .......... .......... .......... .......... 92%  120M 1s
223700K .......... .......... .......... .......... .......... 92%  116M 1s
223750K .......... .......... .......... .......... .......... 92%  115M 1s
223800K .......... .......... .......... .......... .......... 92%  115M 1s
223850K .......... .......... .......... .......... .......... 92%  117M 1s
223900K .......... .......... .......... .......... .......... 92%  117M 1s
223950K .......... .......... .......... .......... .......... 92%  115M 1s
224000K .......... .......... .......... .......... .......... 92% 88.2M 1s
224050K .......... .......... .......... .......... .......... 92%  117M 1s
224100K .......... .......... .......... .......... .......... 92%  117M 1s
224150K .......... .......... .......... .......... .......... 92%  117M 1s
224200K .......... .......... .......... .......... .......... 92%  113M 1s
224250K .......... .......... .......... .......... .......... 92%  117M 1s
224300K .......... .......... .......... .......... .......... 92%  118M 1s
224350K .......... .......... .......... .......... .......... 92%  117M 1s
224400K .......... .......... .......... .......... .......... 92% 89.0M 1s
224450K .......... .......... .......... .......... .......... 92%  117M 1s
224500K .......... .......... .......... .......... .......... 92%  116M 1s
224550K .......... .......... .......... .......... .......... 92%  117M 1s
224600K .......... .......... .......... .......... .......... 92% 39.1M 1s
224650K .......... .......... .......... .......... .......... 92%  117M 1s
224700K .......... .......... .......... .......... .......... 92%  114M 1s
224750K .......... .......... .......... .......... .......... 92%  116M 1s
224800K .......... .......... .......... .......... .......... 92% 89.7M 1s
224850K .......... .......... .......... .......... .......... 92%  117M 1s
224900K .......... .......... .......... .......... .......... 92%  117M 1s
224950K .......... .......... .......... .......... .......... 92%  112M 1s
225000K .......... .......... .......... .......... .......... 92% 18.9M 1s
225050K .......... .......... .......... .......... .......... 92%  117M 1s
225100K .......... .......... .......... .......... .......... 92%  114M 1s
225150K .......... .......... .......... .......... .......... 92%  115M 1s
225200K .......... .......... .......... .......... .......... 92% 88.2M 1s
225250K .......... .......... .......... .......... .......... 92%  116M 1s
225300K .......... .......... .......... .......... .......... 93%  119M 1s
225350K .......... .......... .......... .......... .......... 93%  117M 1s
225400K .......... .......... .......... .......... .......... 93%  115M 1s
225450K .......... .......... .......... .......... .......... 93%  117M 1s
225500K .......... .......... .......... .......... .......... 93%  117M 1s
225550K .......... .......... .......... .......... .......... 93% 1.50M 1s
225600K .......... .......... .......... .......... .......... 93%  432K 1s
225650K .......... .......... .......... .......... .......... 93%  135M 1s
225700K .......... .......... .......... .......... .......... 93% 11.5M 1s
225750K .......... .......... .......... .......... .......... 93%  102M 1s
225800K .......... .......... .......... .......... .......... 93%  115M 1s
225850K .......... .......... .......... .......... .......... 93%  117M 1s
225900K .......... .......... .......... .......... .......... 93%  117M 1s
225950K .......... .......... .......... .......... .......... 93%  117M 1s
226000K .......... .......... .......... .......... .......... 93% 87.1M 1s
226050K .......... .......... .......... .......... .......... 93%  109M 1s
226100K .......... .......... .......... .......... .......... 93%  117M 1s
226150K .......... .......... .......... .......... .......... 93%  117M 1s
226200K .......... .......... .......... .......... .......... 93%  115M 1s
226250K .......... .......... .......... .......... .......... 93% 22.1M 1s
226300K .......... .......... .......... .......... .......... 93%  104M 1s
226350K .......... .......... .......... .......... .......... 93%  108M 1s
226400K .......... .......... .......... .......... .......... 93% 88.5M 1s
226450K .......... .......... .......... .......... .......... 93%  117M 1s
226500K .......... .......... .......... .......... .......... 93%  117M 1s
226550K .......... .......... .......... .......... .......... 93%  116M 1s
226600K .......... .......... .......... .......... .......... 93%  115M 1s
226650K .......... .......... .......... .......... .......... 93%  118M 1s
226700K .......... .......... .......... .......... .......... 93% 18.5M 1s
226750K .......... .......... .......... .......... .......... 93%  118M 1s
226800K .......... .......... .......... .......... .......... 93% 86.4M 1s
226850K .......... .......... .......... .......... .......... 93%  117M 1s
226900K .......... .......... .......... .......... .......... 93%  116M 1s
226950K .......... .......... .......... .......... .......... 93%  116M 1s
227000K .......... .......... .......... .......... .......... 93%  118M 1s
227050K .......... .......... .......... .......... .......... 93%  115M 1s
227100K .......... .......... .......... .......... .......... 93%  117M 1s
227150K .......... .......... .......... .......... .......... 93%  118M 1s
227200K .......... .......... .......... .......... .......... 93% 87.1M 1s
227250K .......... .......... .......... .......... .......... 93%  117M 1s
227300K .......... .......... .......... .......... .......... 93%  117M 1s
227350K .......... .......... .......... .......... .......... 93%  117M 1s
227400K .......... .......... .......... .......... .......... 93%  115M 1s
227450K .......... .......... .......... .......... .......... 93%  117M 1s
227500K .......... .......... .......... .......... .......... 93%  117M 1s
227550K .......... .......... .......... .......... .......... 93%  117M 1s
227600K .......... .......... .......... .......... .......... 93% 89.0M 1s
227650K .......... .......... .......... .......... .......... 93%  117M 1s
227700K .......... .......... .......... .......... .......... 94%  117M 1s
227750K .......... .......... .......... .......... .......... 94%  117M 1s
227800K .......... .......... .......... .......... .......... 94%  115M 1s
227850K .......... .......... .......... .......... .......... 94% 49.4M 1s
227900K .......... .......... .......... .......... .......... 94% 95.2M 1s
227950K .......... .......... .......... .......... .......... 94%  117M 1s
228000K .......... .......... .......... .......... .......... 94% 89.0M 1s
228050K .......... .......... .......... .......... .......... 94%  117M 1s
228100K .......... .......... .......... .......... .......... 94%  117M 1s
228150K .......... .......... .......... .......... .......... 94%  117M 1s
228200K .......... .......... .......... .......... .......... 94%  115M 1s
228250K .......... .......... .......... .......... .......... 94%  117M 1s
228300K .......... .......... .......... .......... .......... 94%  117M 1s
228350K .......... .......... .......... .......... .......... 94%  117M 1s
228400K .......... .......... .......... .......... .......... 94% 87.0M 1s
228450K .......... .......... .......... .......... .......... 94%  338K 1s
228500K .......... .......... .......... .......... .......... 94% 6.78M 1s
228550K .......... .......... .......... .......... .......... 94%  160M 1s
228600K .......... .......... .......... .......... .......... 94%  143M 1s
228650K .......... .......... .......... .......... .......... 94%  113M 1s
228700K .......... .......... .......... .......... .......... 94%  120M 1s
228750K .......... .......... .......... .......... .......... 94%  115M 1s
228800K .......... .......... .......... .......... .......... 94% 89.0M 1s
228850K .......... .......... .......... .......... .......... 94%  113M 1s
228900K .......... .......... .......... .......... .......... 94%  120M 1s
228950K .......... .......... .......... .......... .......... 94%  116M 1s
229000K .......... .......... .......... .......... .......... 94%  116M 1s
229050K .......... .......... .......... .......... .......... 94%  113M 1s
229100K .......... .......... .......... .......... .......... 94%  117M 1s
229150K .......... .......... .......... .......... .......... 94%  116M 1s
229200K .......... .......... .......... .......... .......... 94% 89.5M 1s
229250K .......... .......... .......... .......... .......... 94%  117M 1s
229300K .......... .......... .......... .......... .......... 94%  117M 1s
229350K .......... .......... .......... .......... .......... 94%  117M 1s
229400K .......... .......... .......... .......... .......... 94%  115M 1s
229450K .......... .......... .......... .......... .......... 94%  117M 1s
229500K .......... .......... .......... .......... .......... 94%  117M 1s
229550K .......... .......... .......... .......... .......... 94%  117M 1s
229600K .......... .......... .......... .......... .......... 94% 34.0M 1s
229650K .......... .......... .......... .......... .......... 94%  117M 1s
229700K .......... .......... .......... .......... .......... 94%  117M 1s
229750K .......... .......... .......... .......... .......... 94%  116M 1s
229800K .......... .......... .......... .......... .......... 94%  116M 1s
229850K .......... .......... .......... .......... .......... 94%  117M 1s
229900K .......... .......... .......... .......... .......... 94%  117M 1s
229950K .......... .......... .......... .......... .......... 94%  116M 1s
230000K .......... .......... .......... .......... .......... 94% 87.2M 1s
230050K .......... .......... .......... .......... .......... 94%  117M 1s
230100K .......... .......... .......... .......... .......... 94%  117M 1s
230150K .......... .......... .......... .......... .......... 95%  117M 1s
230200K .......... .......... .......... .......... .......... 95% 15.4M 1s
230250K .......... .......... .......... .......... .......... 95%  130M 1s
230300K .......... .......... .......... .......... .......... 95%  122M 1s
230350K .......... .......... .......... .......... .......... 95%  116M 1s
230400K .......... .......... .......... .......... .......... 95% 87.5M 1s
230450K .......... .......... .......... .......... .......... 95%  117M 1s
230500K .......... .......... .......... .......... .......... 95%  114M 1s
230550K .......... .......... .......... .......... .......... 95%  121M 1s
230600K .......... .......... .......... .......... .......... 95%  114M 1s
230650K .......... .......... .......... .......... .......... 95%  118M 1s
230700K .......... .......... .......... .......... .......... 95%  113M 1s
230750K .......... .......... .......... .......... .......... 95%  117M 1s
230800K .......... .......... .......... .......... .......... 95% 88.9M 1s
230850K .......... .......... .......... .......... .......... 95%  117M 1s
230900K .......... .......... .......... .......... .......... 95%  116M 1s
230950K .......... .......... .......... .......... .......... 95%  117M 1s
231000K .......... .......... .......... .......... .......... 95%  114M 1s
231050K .......... .......... .......... .......... .......... 95%  119M 1s
231100K .......... .......... .......... .......... .......... 95%  117M 1s
231150K .......... .......... .......... .......... .......... 95%  117M 1s
231200K .......... .......... .......... .......... .......... 95% 89.0M 1s
231250K .......... .......... .......... .......... .......... 95%  117M 1s
231300K .......... .......... .......... .......... .......... 95%  117M 1s
231350K .......... .......... .......... .......... .......... 95%  117M 1s
231400K .......... .......... .......... .......... .......... 95%  343K 1s
231450K .......... .......... .......... .......... .......... 95% 6.70M 1s
231500K .......... .......... .......... .......... .......... 95%  150M 1s
231550K .......... .......... .......... .......... .......... 95%  109M 1s
231600K .......... .......... .......... .......... .......... 95%  104M 1s
231650K .......... .......... .......... .......... .......... 95%  117M 1s
231700K .......... .......... .......... .......... .......... 95%  117M 1s
231750K .......... .......... .......... .......... .......... 95%  117M 1s
231800K .......... .......... .......... .......... .......... 95%  115M 1s
231850K .......... .......... .......... .......... .......... 95% 9.32M 1s
231900K .......... .......... .......... .......... .......... 95%  126M 1s
231950K .......... .......... .......... .......... .......... 95%  120M 1s
232000K .......... .......... .......... .......... .......... 95% 86.5M 1s
232050K .......... .......... .......... .......... .......... 95%  116M 1s
232100K .......... .......... .......... .......... .......... 95%  117M 1s
232150K .......... .......... .......... .......... .......... 95%  116M 1s
232200K .......... .......... .......... .......... .......... 95%  116M 1s
232250K .......... .......... .......... .......... .......... 95%  117M 1s
232300K .......... .......... .......... .......... .......... 95%  117M 1s
232350K .......... .......... .......... .......... .......... 95%  117M 1s
232400K .......... .......... .......... .......... .......... 95% 89.3M 1s
232450K .......... .......... .......... .......... .......... 95%  114M 1s
232500K .......... .......... .......... .......... .......... 95%  117M 1s
232550K .......... .......... .......... .......... .......... 96%  117M 1s
232600K .......... .......... .......... .......... .......... 96%  115M 1s
232650K .......... .......... .......... .......... .......... 96%  117M 1s
232700K .......... .......... .......... .......... .......... 96%  117M 1s
232750K .......... .......... .......... .......... .......... 96%  117M 1s
232800K .......... .......... .......... .......... .......... 96% 89.1M 1s
232850K .......... .......... .......... .......... .......... 96%  117M 1s
232900K .......... .......... .......... .......... .......... 96%  117M 1s
232950K .......... .......... .......... .......... .......... 96%  117M 1s
233000K .......... .......... .......... .......... .......... 96%  115M 1s
233050K .......... .......... .......... .......... .......... 96%  117M 1s
233100K .......... .......... .......... .......... .......... 96%  117M 1s
233150K .......... .......... .......... .......... .......... 96%  117M 1s
233200K .......... .......... .......... .......... .......... 96% 87.0M 1s
233250K .......... .......... .......... .......... .......... 96%  117M 1s
233300K .......... .......... .......... .......... .......... 96%  117M 1s
233350K .......... .......... .......... .......... .......... 96%  117M 1s
233400K .......... .......... .......... .......... .......... 96%  115M 1s
233450K .......... .......... .......... .......... .......... 96%  117M 1s
233500K .......... .......... .......... .......... .......... 96%  117M 1s
233550K .......... .......... .......... .......... .......... 96%  117M 1s
233600K .......... .......... .......... .......... .......... 96% 88.8M 1s
233650K .......... .......... .......... .......... .......... 96%  117M 1s
233700K .......... .......... .......... .......... .......... 96%  117M 1s
233750K .......... .......... .......... .......... .......... 96%  117M 1s
233800K .......... .......... .......... .......... .......... 96%  115M 1s
233850K .......... .......... .......... .......... .......... 96%  116M 1s
233900K .......... .......... .......... .......... .......... 96%  118M 1s
233950K .......... .......... .......... .......... .......... 96%  117M 1s
234000K .......... .......... .......... .......... .......... 96% 89.2M 1s
234050K .......... .......... .......... .......... .......... 96%  324K 1s
234100K .......... .......... .......... .......... .......... 96%  211M 1s
234150K .......... .......... .......... .......... .......... 96%  138M 1s
234200K .......... .......... .......... .......... .......... 96%  116M 1s
234250K .......... .......... .......... .......... .......... 96%  116M 1s
234300K .......... .......... .......... .......... .......... 96%  117M 1s
234350K .......... .......... .......... .......... .......... 96%  114M 1s
234400K .......... .......... .......... .......... .......... 96% 89.9M 1s
234450K .......... .......... .......... .......... .......... 96%  116M 1s
234500K .......... .......... .......... .......... .......... 96%  115M 1s
234550K .......... .......... .......... .......... .......... 96%  117M 1s
234600K .......... .......... .......... .......... .......... 96%  114M 1s
234650K .......... .......... .......... .......... .......... 96%  117M 1s
234700K .......... .......... .......... .......... .......... 96%  117M 1s
234750K .......... .......... .......... .......... .......... 96%  117M 1s
234800K .......... .......... .......... .......... .......... 96% 21.9M 1s
234850K .......... .......... .......... .......... .......... 96%  117M 1s
234900K .......... .......... .......... .......... .......... 96%  116M 1s
234950K .......... .......... .......... .......... .......... 96%  118M 1s
235000K .......... .......... .......... .......... .......... 97%  115M 1s
235050K .......... .......... .......... .......... .......... 97%  117M 1s
235100K .......... .......... .......... .......... .......... 97%  117M 1s
235150K .......... .......... .......... .......... .......... 97%  117M 1s
235200K .......... .......... .......... .......... .......... 97% 89.1M 1s
235250K .......... .......... .......... .......... .......... 97%  117M 1s
235300K .......... .......... .......... .......... .......... 97%  117M 0s
235350K .......... .......... .......... .......... .......... 97%  117M 0s
235400K .......... .......... .......... .......... .......... 97%  115M 0s
235450K .......... .......... .......... .......... .......... 97%  117M 0s
235500K .......... .......... .......... .......... .......... 97%  117M 0s
235550K .......... .......... .......... .......... .......... 97%  117M 0s
235600K .......... .......... .......... .......... .......... 97% 88.8M 0s
235650K .......... .......... .......... .......... .......... 97%  117M 0s
235700K .......... .......... .......... .......... .......... 97%  117M 0s
235750K .......... .......... .......... .......... .......... 97%  117M 0s
235800K .......... .......... .......... .......... .......... 97%  115M 0s
235850K .......... .......... .......... .......... .......... 97% 14.1M 0s
235900K .......... .......... .......... .......... .......... 97%  118M 0s
235950K .......... .......... .......... .......... .......... 97%  116M 0s
236000K .......... .......... .......... .......... .......... 97% 86.7M 0s
236050K .......... .......... .......... .......... .......... 97%  119M 0s
236100K .......... .......... .......... .......... .......... 97%  113M 0s
236150K .......... .......... .......... .......... .......... 97%  120M 0s
236200K .......... .......... .......... .......... .......... 97%  114M 0s
236250K .......... .......... .......... .......... .......... 97%  114M 0s
236300K .......... .......... .......... .......... .......... 97%  118M 0s
236350K .......... .......... .......... .......... .......... 97%  115M 0s
236400K .......... .......... .......... .......... .......... 97% 89.3M 0s
236450K .......... .......... .......... .......... .......... 97%  117M 0s
236500K .......... .......... .......... .......... .......... 97%  117M 0s
236550K .......... .......... .......... .......... .......... 97%  117M 0s
236600K .......... .......... .......... .......... .......... 97%  115M 0s
236650K .......... .......... .......... .......... .......... 97%  117M 0s
236700K .......... .......... .......... .......... .......... 97%  117M 0s
236750K .......... .......... .......... .......... .......... 97%  117M 0s
236800K .......... .......... .......... .......... .......... 97% 86.9M 0s
236850K .......... .......... .......... .......... .......... 97%  117M 0s
236900K .......... .......... .......... .......... .......... 97%  117M 0s
236950K .......... .......... .......... .......... .......... 97%  117M 0s
237000K .......... .......... .......... .......... .......... 97%  115M 0s
237050K .......... .......... .......... .......... .......... 97%  331K 0s
237100K .......... .......... .......... .......... .......... 97% 99.8M 0s
237150K .......... .......... .......... .......... .......... 97%  149M 0s
237200K .......... .......... .......... .......... .......... 97% 89.0M 0s
237250K .......... .......... .......... .......... .......... 97%  117M 0s
237300K .......... .......... .......... .......... .......... 97%  117M 0s
237350K .......... .......... .......... .......... .......... 97%  117M 0s
237400K .......... .......... .......... .......... .......... 98%  115M 0s
237450K .......... .......... .......... .......... .......... 98%  117M 0s
237500K .......... .......... .......... .......... .......... 98%  117M 0s
237550K .......... .......... .......... .......... .......... 98%  117M 0s
237600K .......... .......... .......... .......... .......... 98% 89.1M 0s
237650K .......... .......... .......... .......... .......... 98% 9.47M 0s
237700K .......... .......... .......... .......... .......... 98%  117M 0s
237750K .......... .......... .......... .......... .......... 98%  118M 0s
237800K .......... .......... .......... .......... .......... 98%  115M 0s
237850K .......... .......... .......... .......... .......... 98%  113M 0s
237900K .......... .......... .......... .......... .......... 98%  120M 0s
237950K .......... .......... .......... .......... .......... 98%  117M 0s
238000K .......... .......... .......... .......... .......... 98% 88.1M 0s
238050K .......... .......... .......... .......... .......... 98%  116M 0s
238100K .......... .......... .......... .......... .......... 98%  113M 0s
238150K .......... .......... .......... .......... .......... 98%  120M 0s
238200K .......... .......... .......... .......... .......... 98%  114M 0s
238250K .......... .......... .......... .......... .......... 98%  114M 0s
238300K .......... .......... .......... .......... .......... 98%  117M 0s
238350K .......... .......... .......... .......... .......... 98%  117M 0s
238400K .......... .......... .......... .......... .......... 98% 89.1M 0s
238450K .......... .......... .......... .......... .......... 98%  117M 0s
238500K .......... .......... .......... .......... .......... 98%  117M 0s
238550K .......... .......... .......... .......... .......... 98%  117M 0s
238600K .......... .......... .......... .......... .......... 98%  115M 0s
238650K .......... .......... .......... .......... .......... 98%  117M 0s
238700K .......... .......... .......... .......... .......... 98%  117M 0s
238750K .......... .......... .......... .......... .......... 98%  117M 0s
238800K .......... .......... .......... .......... .......... 98% 89.0M 0s
238850K .......... .......... .......... .......... .......... 98%  117M 0s
238900K .......... .......... .......... .......... .......... 98%  117M 0s
238950K .......... .......... .......... .......... .......... 98%  117M 0s
239000K .......... .......... .......... .......... .......... 98%  115M 0s
239050K .......... .......... .......... .......... .......... 98%  117M 0s
239100K .......... .......... .......... .......... .......... 98%  117M 0s
239150K .......... .......... .......... .......... .......... 98%  116M 0s
239200K .......... .......... .......... .......... .......... 98% 87.7M 0s
239250K .......... .......... .......... .......... .......... 98%  117M 0s
239300K .......... .......... .......... .......... .......... 98%  117M 0s
239350K .......... .......... .......... .......... .......... 98%  117M 0s
239400K .......... .......... .......... .......... .......... 98%  115M 0s
239450K .......... .......... .......... .......... .......... 98% 15.0M 0s
239500K .......... .......... .......... .......... .......... 98%  117M 0s
239550K .......... .......... .......... .......... .......... 98%  119M 0s
239600K .......... .......... .......... .......... .......... 98% 86.3M 0s
239650K .......... .......... .......... .......... .......... 98%  120M 0s
239700K .......... .......... .......... .......... .......... 98%  117M 0s
239750K .......... .......... .......... .......... .......... 98%  113M 0s
239800K .......... .......... .......... .......... .......... 98%  118M 0s
239850K .......... .......... .......... .......... .......... 99%  117M 0s
239900K .......... .......... .......... .......... .......... 99%  113M 0s
239950K .......... .......... .......... .......... .......... 99%  120M 0s
240000K .......... .......... .......... .......... .......... 99%  337K 0s
240050K .......... .......... .......... .......... .......... 99%  141M 0s
240100K .......... .......... .......... .......... .......... 99%  119M 0s
240150K .......... .......... .......... .......... .......... 99%  117M 0s
240200K .......... .......... .......... .......... .......... 99%  115M 0s
240250K .......... .......... .......... .......... .......... 99%  117M 0s
240300K .......... .......... .......... .......... .......... 99%  117M 0s
240350K .......... .......... .......... .......... .......... 99%  112M 0s
240400K .......... .......... .......... .......... .......... 99% 92.2M 0s
240450K .......... .......... .......... .......... .......... 99%  117M 0s
240500K .......... .......... .......... .......... .......... 99%  117M 0s
240550K .......... .......... .......... .......... .......... 99%  115M 0s
240600K .......... .......... .......... .......... .......... 99%  116M 0s
240650K .......... .......... .......... .......... .......... 99% 10.0M 0s
240700K .......... .......... .......... .......... .......... 99%  108M 0s
240750K .......... .......... .......... .......... .......... 99%  117M 0s
240800K .......... .......... .......... .......... .......... 99% 88.6M 0s
240850K .......... .......... .......... .......... .......... 99%  117M 0s
240900K .......... .......... .......... .......... .......... 99%  117M 0s
240950K .......... .......... .......... .......... .......... 99%  117M 0s
241000K .......... .......... .......... .......... .......... 99% 13.8M 0s
241050K .......... .......... .......... .......... .......... 99%  117M 0s
241100K .......... .......... .......... .......... .......... 99%  117M 0s
241150K .......... .......... .......... .......... .......... 99%  116M 0s
241200K .......... .......... .......... .......... .......... 99% 87.5M 0s
241250K .......... .......... .......... .......... .......... 99%  118M 0s
241300K .......... .......... .......... .......... .......... 99%  114M 0s
241350K .......... .......... .......... .......... .......... 99%  119M 0s
241400K .......... .......... .......... .......... .......... 99%  115M 0s
241450K .......... .......... .......... .......... .......... 99%  116M 0s
241500K .......... .......... .......... .......... .......... 99%  114M 0s
241550K .......... .......... .......... .......... .......... 99%  119M 0s
241600K .......... .......... .......... .......... .......... 99% 86.8M 0s
241650K .......... .......... .......... .......... .......... 99%  117M 0s
241700K .......... .......... .......... .......... .......... 99%  117M 0s
241750K .......... .......... .......... .......... .......... 99%  117M 0s
241800K .......... .......... .......... .......... .......... 99%  115M 0s
241850K .......... .......... .......... .......... .......... 99%  117M 0s
241900K .......... .......... .......... .......... .......... 99%  117M 0s
241950K .......... .......... .......... .......... .......... 99%  117M 0s
242000K .......... .......... .......... .......... .......... 99% 88.9M 0s
242050K .......... .......... .......... .......... .......... 99%  117M 0s
242100K .......... .......... .......... .......... .......... 99%  117M 0s
242150K .......... .......... .......... .......... .......... 99%  117M 0s
242200K .......... .......... .......... .......... .......... 99%  115M 0s
242250K .......... .......... .......... .....                100%  137M=17s

2025-11-23 18:57:23 (13.7 MB/s) - ‘tiny-imagenet-200.zip’ saved [248100043/248100043]

WARNING: tensorflow 2.15.1 does not provide the extra 'and-gpu'
WARNING: tensorflow 2.15.1 does not provide the extra 'and-gpu'
2025-11-23 18:58:32.981679: I tensorflow/core/util/port.cc:113] oneDNN custom operations are on. You may see slightly different numerical results due to floating-point round-off errors from different computation orders. To turn them off, set the environment variable `TF_ENABLE_ONEDNN_OPTS=0`.
2025-11-23 18:58:33.000446: E external/local_xla/xla/stream_executor/cuda/cuda_dnn.cc:9261] Unable to register cuDNN factory: Attempting to register factory for plugin cuDNN when one has already been registered
2025-11-23 18:58:33.000468: E external/local_xla/xla/stream_executor/cuda/cuda_fft.cc:607] Unable to register cuFFT factory: Attempting to register factory for plugin cuFFT when one has already been registered
2025-11-23 18:58:33.001052: E external/local_xla/xla/stream_executor/cuda/cuda_blas.cc:1515] Unable to register cuBLAS factory: Attempting to register factory for plugin cuBLAS when one has already been registered
2025-11-23 18:58:33.004185: I tensorflow/core/platform/cpu_feature_guard.cc:182] This TensorFlow binary is optimized to use available CPU instructions in performance-critical operations.
To enable the following instructions: AVX2 AVX_VNNI FMA, in other operations, rebuild TensorFlow with the appropriate compiler flags.
2025-11-23 18:58:33.670540: W tensorflow/compiler/tf2tensorrt/utils/py_utils.cc:38] TF-TRT Warning: Could not find TensorRT
2025-11-23 18:58:34.008319: I external/local_xla/xla/stream_executor/cuda/cuda_executor.cc:901] successful NUMA node read from SysFS had negative value (-1), but there must be at least one NUMA node, so returning NUMA node zero. See more at https://github.com/torvalds/linux/blob/v6.0/Documentation/ABI/testing/sysfs-bus-pci#L344-L355
2025-11-23 18:58:34.022286: I external/local_xla/xla/stream_executor/cuda/cuda_executor.cc:901] successful NUMA node read from SysFS had negative value (-1), but there must be at least one NUMA node, so returning NUMA node zero. See more at https://github.com/torvalds/linux/blob/v6.0/Documentation/ABI/testing/sysfs-bus-pci#L344-L355
2025-11-23 18:58:34.022396: I external/local_xla/xla/stream_executor/cuda/cuda_executor.cc:901] successful NUMA node read from SysFS had negative value (-1), but there must be at least one NUMA node, so returning NUMA node zero. See more at https://github.com/torvalds/linux/blob/v6.0/Documentation/ABI/testing/sysfs-bus-pci#L344-L355
2025-11-23 18:58:38.297017: I tensorflow/core/util/port.cc:113] oneDNN custom operations are on. You may see slightly different numerical results due to floating-point round-off errors from different computation orders. To turn them off, set the environment variable `TF_ENABLE_ONEDNN_OPTS=0`.
2025-11-23 18:58:38.316732: E external/local_xla/xla/stream_executor/cuda/cuda_dnn.cc:9261] Unable to register cuDNN factory: Attempting to register factory for plugin cuDNN when one has already been registered
2025-11-23 18:58:38.316755: E external/local_xla/xla/stream_executor/cuda/cuda_fft.cc:607] Unable to register cuFFT factory: Attempting to register factory for plugin cuFFT when one has already been registered
2025-11-23 18:58:38.317446: E external/local_xla/xla/stream_executor/cuda/cuda_blas.cc:1515] Unable to register cuBLAS factory: Attempting to register factory for plugin cuBLAS when one has already been registered
2025-11-23 18:58:38.320879: I tensorflow/core/platform/cpu_feature_guard.cc:182] This TensorFlow binary is optimized to use available CPU instructions in performance-critical operations.
To enable the following instructions: AVX2 AVX_VNNI FMA, in other operations, rebuild TensorFlow with the appropriate compiler flags.
2025-11-23 18:58:38.653483: W tensorflow/compiler/tf2tensorrt/utils/py_utils.cc:38] TF-TRT Warning: Could not find TensorRT
2025-11-23 18:58:39.033544: I external/local_xla/xla/stream_executor/cuda/cuda_executor.cc:901] successful NUMA node read from SysFS had negative value (-1), but there must be at least one NUMA node, so returning NUMA node zero. See more at https://github.com/torvalds/linux/blob/v6.0/Documentation/ABI/testing/sysfs-bus-pci#L344-L355
2025-11-23 18:58:39.047817: I external/local_xla/xla/stream_executor/cuda/cuda_executor.cc:901] successful NUMA node read from SysFS had negative value (-1), but there must be at least one NUMA node, so returning NUMA node zero. See more at https://github.com/torvalds/linux/blob/v6.0/Documentation/ABI/testing/sysfs-bus-pci#L344-L355
2025-11-23 18:58:39.047944: I external/local_xla/xla/stream_executor/cuda/cuda_executor.cc:901] successful NUMA node read from SysFS had negative value (-1), but there must be at least one NUMA node, so returning NUMA node zero. See more at https://github.com/torvalds/linux/blob/v6.0/Documentation/ABI/testing/sysfs-bus-pci#L344-L355
+ scontrol show hostnames 'poti[1,5]'
+ echo 'All nodes finished setup.'
+ TO_RUN=train-sync.py
+ '[' ctl == ctl ']'
+ TO_RUN=train-ctl.py
+ env
++ pwd
+ HOME=/home/users/rrdmatos/perf/tensorflow
+ srun '--export=ALL,SCRATCH=/scratch/rrdmatos,TO_RUN=train-ctl.py,HOME=/home/users/rrdmatos/perf/tensorflow,LIST="poti1:29500","poti5:29500"' bash -c '

cd $SCRATCH
source venv/bin/activate

TF_CONFIG=$(cat <<EOF
{
    "cluster": {
        "worker": [$LIST]
    },
    "task": {
        "type": "worker",
        "index": ${SLURM_PROCID}
    }
}
EOF
)
export TF_CONFIG

env

echo "Host: $(hostname) | Rank (PROCID): ${SLURM_PROCID} | TF_CONFIG: ${TF_CONFIG}"

echo "$TO_RUN,$PY_MODEL\n"
python $TO_RUN --model $PY_MODEL --batch $PY_BATCH_SIZE

LOGS_DIR="$HOME/logs/${TO_RUN}_${SLURM_JOB_ID}/${SLURM_PROCID}/"

mkdir -p $LOGS_DIR
cp $SCRATCH/*logs*/ $LOGS_DIR -r
'
2025-11-23 18:58:39.545639: I tensorflow/core/util/port.cc:113] oneDNN custom operations are on. You may see slightly different numerical results due to floating-point round-off errors from different computation orders. To turn them off, set the environment variable `TF_ENABLE_ONEDNN_OPTS=0`.
2025-11-23 18:58:39.565302: E external/local_xla/xla/stream_executor/cuda/cuda_dnn.cc:9261] Unable to register cuDNN factory: Attempting to register factory for plugin cuDNN when one has already been registered
2025-11-23 18:58:39.565328: E external/local_xla/xla/stream_executor/cuda/cuda_fft.cc:607] Unable to register cuFFT factory: Attempting to register factory for plugin cuFFT when one has already been registered
2025-11-23 18:58:39.566016: E external/local_xla/xla/stream_executor/cuda/cuda_blas.cc:1515] Unable to register cuBLAS factory: Attempting to register factory for plugin cuBLAS when one has already been registered
2025-11-23 18:58:39.569385: I tensorflow/core/platform/cpu_feature_guard.cc:182] This TensorFlow binary is optimized to use available CPU instructions in performance-critical operations.
To enable the following instructions: AVX2 AVX_VNNI FMA, in other operations, rebuild TensorFlow with the appropriate compiler flags.
2025-11-23 18:58:39.599697: I tensorflow/core/util/port.cc:113] oneDNN custom operations are on. You may see slightly different numerical results due to floating-point round-off errors from different computation orders. To turn them off, set the environment variable `TF_ENABLE_ONEDNN_OPTS=0`.
2025-11-23 18:58:39.618602: E external/local_xla/xla/stream_executor/cuda/cuda_dnn.cc:9261] Unable to register cuDNN factory: Attempting to register factory for plugin cuDNN when one has already been registered
2025-11-23 18:58:39.618624: E external/local_xla/xla/stream_executor/cuda/cuda_fft.cc:607] Unable to register cuFFT factory: Attempting to register factory for plugin cuFFT when one has already been registered
2025-11-23 18:58:39.619281: E external/local_xla/xla/stream_executor/cuda/cuda_blas.cc:1515] Unable to register cuBLAS factory: Attempting to register factory for plugin cuBLAS when one has already been registered
2025-11-23 18:58:39.622532: I tensorflow/core/platform/cpu_feature_guard.cc:182] This TensorFlow binary is optimized to use available CPU instructions in performance-critical operations.
To enable the following instructions: AVX2 AVX_VNNI FMA, in other operations, rebuild TensorFlow with the appropriate compiler flags.
2025-11-23 18:58:39.893430: W tensorflow/compiler/tf2tensorrt/utils/py_utils.cc:38] TF-TRT Warning: Could not find TensorRT
2025-11-23 18:58:39.948823: W tensorflow/compiler/tf2tensorrt/utils/py_utils.cc:38] TF-TRT Warning: Could not find TensorRT
2025-11-23 18:58:40.551433: I external/local_xla/xla/stream_executor/cuda/cuda_executor.cc:901] successful NUMA node read from SysFS had negative value (-1), but there must be at least one NUMA node, so returning NUMA node zero. See more at https://github.com/torvalds/linux/blob/v6.0/Documentation/ABI/testing/sysfs-bus-pci#L344-L355
2025-11-23 18:58:40.551806: I external/local_xla/xla/stream_executor/cuda/cuda_executor.cc:901] successful NUMA node read from SysFS had negative value (-1), but there must be at least one NUMA node, so returning NUMA node zero. See more at https://github.com/torvalds/linux/blob/v6.0/Documentation/ABI/testing/sysfs-bus-pci#L344-L355
2025-11-23 18:58:40.566045: I external/local_xla/xla/stream_executor/cuda/cuda_executor.cc:901] successful NUMA node read from SysFS had negative value (-1), but there must be at least one NUMA node, so returning NUMA node zero. See more at https://github.com/torvalds/linux/blob/v6.0/Documentation/ABI/testing/sysfs-bus-pci#L344-L355
2025-11-23 18:58:40.566278: I external/local_xla/xla/stream_executor/cuda/cuda_executor.cc:901] successful NUMA node read from SysFS had negative value (-1), but there must be at least one NUMA node, so returning NUMA node zero. See more at https://github.com/torvalds/linux/blob/v6.0/Documentation/ABI/testing/sysfs-bus-pci#L344-L355
2025-11-23 18:58:40.566150: I external/local_xla/xla/stream_executor/cuda/cuda_executor.cc:901] successful NUMA node read from SysFS had negative value (-1), but there must be at least one NUMA node, so returning NUMA node zero. See more at https://github.com/torvalds/linux/blob/v6.0/Documentation/ABI/testing/sysfs-bus-pci#L344-L355
2025-11-23 18:58:40.566414: I external/local_xla/xla/stream_executor/cuda/cuda_executor.cc:901] successful NUMA node read from SysFS had negative value (-1), but there must be at least one NUMA node, so returning NUMA node zero. See more at https://github.com/torvalds/linux/blob/v6.0/Documentation/ABI/testing/sysfs-bus-pci#L344-L355
2025-11-23 18:58:40.569060: I external/local_xla/xla/stream_executor/cuda/cuda_executor.cc:901] successful NUMA node read from SysFS had negative value (-1), but there must be at least one NUMA node, so returning NUMA node zero. See more at https://github.com/torvalds/linux/blob/v6.0/Documentation/ABI/testing/sysfs-bus-pci#L344-L355
2025-11-23 18:58:40.569169: I external/local_xla/xla/stream_executor/cuda/cuda_executor.cc:901] successful NUMA node read from SysFS had negative value (-1), but there must be at least one NUMA node, so returning NUMA node zero. See more at https://github.com/torvalds/linux/blob/v6.0/Documentation/ABI/testing/sysfs-bus-pci#L344-L355
2025-11-23 18:58:40.569296: I external/local_xla/xla/stream_executor/cuda/cuda_executor.cc:901] successful NUMA node read from SysFS had negative value (-1), but there must be at least one NUMA node, so returning NUMA node zero. See more at https://github.com/torvalds/linux/blob/v6.0/Documentation/ABI/testing/sysfs-bus-pci#L344-L355
2025-11-23 18:58:40.569213: I external/local_xla/xla/stream_executor/cuda/cuda_executor.cc:901] successful NUMA node read from SysFS had negative value (-1), but there must be at least one NUMA node, so returning NUMA node zero. See more at https://github.com/torvalds/linux/blob/v6.0/Documentation/ABI/testing/sysfs-bus-pci#L344-L355
2025-11-23 18:58:40.569391: I external/local_xla/xla/stream_executor/cuda/cuda_executor.cc:901] successful NUMA node read from SysFS had negative value (-1), but there must be at least one NUMA node, so returning NUMA node zero. See more at https://github.com/torvalds/linux/blob/v6.0/Documentation/ABI/testing/sysfs-bus-pci#L344-L355
2025-11-23 18:58:40.569443: I external/local_xla/xla/stream_executor/cuda/cuda_executor.cc:901] successful NUMA node read from SysFS had negative value (-1), but there must be at least one NUMA node, so returning NUMA node zero. See more at https://github.com/torvalds/linux/blob/v6.0/Documentation/ABI/testing/sysfs-bus-pci#L344-L355
2025-11-23 18:58:40.611961: I external/local_xla/xla/stream_executor/cuda/cuda_executor.cc:901] successful NUMA node read from SysFS had negative value (-1), but there must be at least one NUMA node, so returning NUMA node zero. See more at https://github.com/torvalds/linux/blob/v6.0/Documentation/ABI/testing/sysfs-bus-pci#L344-L355
2025-11-23 18:58:40.612050: I external/local_xla/xla/stream_executor/cuda/cuda_executor.cc:901] successful NUMA node read from SysFS had negative value (-1), but there must be at least one NUMA node, so returning NUMA node zero. See more at https://github.com/torvalds/linux/blob/v6.0/Documentation/ABI/testing/sysfs-bus-pci#L344-L355
2025-11-23 18:58:40.612112: I external/local_xla/xla/stream_executor/cuda/cuda_executor.cc:901] successful NUMA node read from SysFS had negative value (-1), but there must be at least one NUMA node, so returning NUMA node zero. See more at https://github.com/torvalds/linux/blob/v6.0/Documentation/ABI/testing/sysfs-bus-pci#L344-L355
2025-11-23 18:58:40.612161: I tensorflow/core/common_runtime/gpu/gpu_device.cc:1929] Created device /job:localhost/replica:0/task:0/device:GPU:0 with 10307 MB memory:  -> device: 0, name: NVIDIA GeForce RTX 4070, pci bus id: 0000:01:00.0, compute capability: 8.9
2025-11-23 18:58:40.614051: I external/local_xla/xla/stream_executor/cuda/cuda_executor.cc:901] successful NUMA node read from SysFS had negative value (-1), but there must be at least one NUMA node, so returning NUMA node zero. See more at https://github.com/torvalds/linux/blob/v6.0/Documentation/ABI/testing/sysfs-bus-pci#L344-L355
2025-11-23 18:58:40.614117: I external/local_xla/xla/stream_executor/cuda/cuda_executor.cc:901] successful NUMA node read from SysFS had negative value (-1), but there must be at least one NUMA node, so returning NUMA node zero. See more at https://github.com/torvalds/linux/blob/v6.0/Documentation/ABI/testing/sysfs-bus-pci#L344-L355
2025-11-23 18:58:40.614159: I external/local_xla/xla/stream_executor/cuda/cuda_executor.cc:901] successful NUMA node read from SysFS had negative value (-1), but there must be at least one NUMA node, so returning NUMA node zero. See more at https://github.com/torvalds/linux/blob/v6.0/Documentation/ABI/testing/sysfs-bus-pci#L344-L355
2025-11-23 18:58:40.614215: I external/local_xla/xla/stream_executor/cuda/cuda_executor.cc:901] successful NUMA node read from SysFS had negative value (-1), but there must be at least one NUMA node, so returning NUMA node zero. See more at https://github.com/torvalds/linux/blob/v6.0/Documentation/ABI/testing/sysfs-bus-pci#L344-L355
2025-11-23 18:58:40.614257: I external/local_xla/xla/stream_executor/cuda/cuda_executor.cc:901] successful NUMA node read from SysFS had negative value (-1), but there must be at least one NUMA node, so returning NUMA node zero. See more at https://github.com/torvalds/linux/blob/v6.0/Documentation/ABI/testing/sysfs-bus-pci#L344-L355
2025-11-23 18:58:40.614292: I tensorflow/core/common_runtime/gpu/gpu_device.cc:1929] Created device /job:worker/replica:0/task:1/device:GPU:0 with 10307 MB memory:  -> device: 0, name: NVIDIA GeForce RTX 4070, pci bus id: 0000:01:00.0, compute capability: 8.9
2025-11-23 18:58:40.619982: I external/local_xla/xla/stream_executor/cuda/cuda_executor.cc:901] successful NUMA node read from SysFS had negative value (-1), but there must be at least one NUMA node, so returning NUMA node zero. See more at https://github.com/torvalds/linux/blob/v6.0/Documentation/ABI/testing/sysfs-bus-pci#L344-L355
2025-11-23 18:58:40.620060: I external/local_xla/xla/stream_executor/cuda/cuda_executor.cc:901] successful NUMA node read from SysFS had negative value (-1), but there must be at least one NUMA node, so returning NUMA node zero. See more at https://github.com/torvalds/linux/blob/v6.0/Documentation/ABI/testing/sysfs-bus-pci#L344-L355
2025-11-23 18:58:40.620115: I external/local_xla/xla/stream_executor/cuda/cuda_executor.cc:901] successful NUMA node read from SysFS had negative value (-1), but there must be at least one NUMA node, so returning NUMA node zero. See more at https://github.com/torvalds/linux/blob/v6.0/Documentation/ABI/testing/sysfs-bus-pci#L344-L355
2025-11-23 18:58:40.620162: I tensorflow/core/common_runtime/gpu/gpu_device.cc:1929] Created device /job:localhost/replica:0/task:0/device:GPU:0 with 10307 MB memory:  -> device: 0, name: NVIDIA GeForce RTX 4070, pci bus id: 0000:01:00.0, compute capability: 8.9
2025-11-23 18:58:40.620927: I tensorflow/core/distributed_runtime/rpc/grpc_server_lib.cc:457] Started server with target: grpc://poti5:29500
2025-11-23 18:58:40.621804: I external/local_xla/xla/stream_executor/cuda/cuda_executor.cc:901] successful NUMA node read from SysFS had negative value (-1), but there must be at least one NUMA node, so returning NUMA node zero. See more at https://github.com/torvalds/linux/blob/v6.0/Documentation/ABI/testing/sysfs-bus-pci#L344-L355
2025-11-23 18:58:40.621870: I external/local_xla/xla/stream_executor/cuda/cuda_executor.cc:901] successful NUMA node read from SysFS had negative value (-1), but there must be at least one NUMA node, so returning NUMA node zero. See more at https://github.com/torvalds/linux/blob/v6.0/Documentation/ABI/testing/sysfs-bus-pci#L344-L355
2025-11-23 18:58:40.621912: I external/local_xla/xla/stream_executor/cuda/cuda_executor.cc:901] successful NUMA node read from SysFS had negative value (-1), but there must be at least one NUMA node, so returning NUMA node zero. See more at https://github.com/torvalds/linux/blob/v6.0/Documentation/ABI/testing/sysfs-bus-pci#L344-L355
2025-11-23 18:58:40.621966: I external/local_xla/xla/stream_executor/cuda/cuda_executor.cc:901] successful NUMA node read from SysFS had negative value (-1), but there must be at least one NUMA node, so returning NUMA node zero. See more at https://github.com/torvalds/linux/blob/v6.0/Documentation/ABI/testing/sysfs-bus-pci#L344-L355
2025-11-23 18:58:40.622008: I external/local_xla/xla/stream_executor/cuda/cuda_executor.cc:901] successful NUMA node read from SysFS had negative value (-1), but there must be at least one NUMA node, so returning NUMA node zero. See more at https://github.com/torvalds/linux/blob/v6.0/Documentation/ABI/testing/sysfs-bus-pci#L344-L355
2025-11-23 18:58:40.622044: I tensorflow/core/common_runtime/gpu/gpu_device.cc:1929] Created device /job:worker/replica:0/task:0/device:GPU:0 with 10307 MB memory:  -> device: 0, name: NVIDIA GeForce RTX 4070, pci bus id: 0000:01:00.0, compute capability: 8.9
2025-11-23 18:58:40.628427: I tensorflow/core/distributed_runtime/rpc/grpc_server_lib.cc:457] Started server with target: grpc://poti1:29500
2025-11-23 18:58:40.631525: I external/local_tsl/tsl/distributed_runtime/coordination/coordination_service.cc:553] /job:worker/replica:0/task:0 has connected to coordination service. Incarnation: 11274889184272154400
2025-11-23 18:58:40.631580: I external/local_tsl/tsl/distributed_runtime/coordination/coordination_service_agent.cc:304] Coordination agent has successfully connected.
2025-11-23 18:58:41.622359: I external/local_tsl/tsl/distributed_runtime/coordination/coordination_service.cc:553] /job:worker/replica:0/task:1 has connected to coordination service. Incarnation: 12396601551146093726
2025-11-23 18:58:41.622508: I external/local_tsl/tsl/distributed_runtime/coordination/coordination_service_agent.cc:304] Coordination agent has successfully connected.
WARNING:tensorflow:From /scratch/rrdmatos/train-ctl.py:35: is_gpu_available (from tensorflow.python.framework.test_util) is deprecated and will be removed in a future version.
Instructions for updating:
Use `tf.config.list_physical_devices('GPU')` instead.
2025-11-23 18:58:41.672366: I external/local_xla/xla/stream_executor/cuda/cuda_executor.cc:901] successful NUMA node read from SysFS had negative value (-1), but there must be at least one NUMA node, so returning NUMA node zero. See more at https://github.com/torvalds/linux/blob/v6.0/Documentation/ABI/testing/sysfs-bus-pci#L344-L355
2025-11-23 18:58:41.672470: I external/local_xla/xla/stream_executor/cuda/cuda_executor.cc:901] successful NUMA node read from SysFS had negative value (-1), but there must be at least one NUMA node, so returning NUMA node zero. See more at https://github.com/torvalds/linux/blob/v6.0/Documentation/ABI/testing/sysfs-bus-pci#L344-L355
2025-11-23 18:58:41.672515: I external/local_xla/xla/stream_executor/cuda/cuda_executor.cc:901] successful NUMA node read from SysFS had negative value (-1), but there must be at least one NUMA node, so returning NUMA node zero. See more at https://github.com/torvalds/linux/blob/v6.0/Documentation/ABI/testing/sysfs-bus-pci#L344-L355
WARNING:tensorflow:From /scratch/rrdmatos/train-ctl.py:35: is_gpu_available (from tensorflow.python.framework.test_util) is deprecated and will be removed in a future version.
Instructions for updating:
Use `tf.config.list_physical_devices('GPU')` instead.
2025-11-23 18:58:41.672579: I external/local_xla/xla/stream_executor/cuda/cuda_executor.cc:901] successful NUMA node read from SysFS had negative value (-1), but there must be at least one NUMA node, so returning NUMA node zero. See more at https://github.com/torvalds/linux/blob/v6.0/Documentation/ABI/testing/sysfs-bus-pci#L344-L355
2025-11-23 18:58:41.672623: I external/local_xla/xla/stream_executor/cuda/cuda_executor.cc:901] successful NUMA node read from SysFS had negative value (-1), but there must be at least one NUMA node, so returning NUMA node zero. See more at https://github.com/torvalds/linux/blob/v6.0/Documentation/ABI/testing/sysfs-bus-pci#L344-L355
2025-11-23 18:58:41.672659: I tensorflow/core/common_runtime/gpu/gpu_device.cc:1929] Created device /device:GPU:0 with 10307 MB memory:  -> device: 0, name: NVIDIA GeForce RTX 4070, pci bus id: 0000:01:00.0, compute capability: 8.9
2025-11-23 18:58:41.672530: I external/local_xla/xla/stream_executor/cuda/cuda_executor.cc:901] successful NUMA node read from SysFS had negative value (-1), but there must be at least one NUMA node, so returning NUMA node zero. See more at https://github.com/torvalds/linux/blob/v6.0/Documentation/ABI/testing/sysfs-bus-pci#L344-L355
2025-11-23 18:58:41.672711: I external/local_xla/xla/stream_executor/cuda/cuda_executor.cc:901] successful NUMA node read from SysFS had negative value (-1), but there must be at least one NUMA node, so returning NUMA node zero. See more at https://github.com/torvalds/linux/blob/v6.0/Documentation/ABI/testing/sysfs-bus-pci#L344-L355
2025-11-23 18:58:41.672753: I external/local_xla/xla/stream_executor/cuda/cuda_executor.cc:901] successful NUMA node read from SysFS had negative value (-1), but there must be at least one NUMA node, so returning NUMA node zero. See more at https://github.com/torvalds/linux/blob/v6.0/Documentation/ABI/testing/sysfs-bus-pci#L344-L355
2025-11-23 18:58:41.672794: I external/local_xla/xla/stream_executor/cuda/cuda_executor.cc:901] successful NUMA node read from SysFS had negative value (-1), but there must be at least one NUMA node, so returning NUMA node zero. See more at https://github.com/torvalds/linux/blob/v6.0/Documentation/ABI/testing/sysfs-bus-pci#L344-L355
2025-11-23 18:58:41.672842: I external/local_xla/xla/stream_executor/cuda/cuda_executor.cc:901] successful NUMA node read from SysFS had negative value (-1), but there must be at least one NUMA node, so returning NUMA node zero. See more at https://github.com/torvalds/linux/blob/v6.0/Documentation/ABI/testing/sysfs-bus-pci#L344-L355
2025-11-23 18:58:41.672616: I external/local_xla/xla/stream_executor/cuda/cuda_executor.cc:901] successful NUMA node read from SysFS had negative value (-1), but there must be at least one NUMA node, so returning NUMA node zero. See more at https://github.com/torvalds/linux/blob/v6.0/Documentation/ABI/testing/sysfs-bus-pci#L344-L355
2025-11-23 18:58:41.672659: I external/local_xla/xla/stream_executor/cuda/cuda_executor.cc:901] successful NUMA node read from SysFS had negative value (-1), but there must be at least one NUMA node, so returning NUMA node zero. See more at https://github.com/torvalds/linux/blob/v6.0/Documentation/ABI/testing/sysfs-bus-pci#L344-L355
2025-11-23 18:58:41.672883: I external/local_xla/xla/stream_executor/cuda/cuda_executor.cc:901] successful NUMA node read from SysFS had negative value (-1), but there must be at least one NUMA node, so returning NUMA node zero. See more at https://github.com/torvalds/linux/blob/v6.0/Documentation/ABI/testing/sysfs-bus-pci#L344-L355
2025-11-23 18:58:41.672917: I tensorflow/core/common_runtime/gpu/gpu_device.cc:1929] Created device /device:GPU:0 with 10307 MB memory:  -> device: 0, name: NVIDIA GeForce RTX 4070, pci bus id: 0000:01:00.0, compute capability: 8.9
2025-11-23 18:58:41.672722: I external/local_xla/xla/stream_executor/cuda/cuda_executor.cc:901] successful NUMA node read from SysFS had negative value (-1), but there must be at least one NUMA node, so returning NUMA node zero. See more at https://github.com/torvalds/linux/blob/v6.0/Documentation/ABI/testing/sysfs-bus-pci#L344-L355
2025-11-23 18:58:41.672765: I external/local_xla/xla/stream_executor/cuda/cuda_executor.cc:901] successful NUMA node read from SysFS had negative value (-1), but there must be at least one NUMA node, so returning NUMA node zero. See more at https://github.com/torvalds/linux/blob/v6.0/Documentation/ABI/testing/sysfs-bus-pci#L344-L355
2025-11-23 18:58:41.672800: I tensorflow/core/common_runtime/gpu/gpu_device.cc:1929] Created device /device:GPU:0 with 10307 MB memory:  -> device: 0, name: NVIDIA GeForce RTX 4070, pci bus id: 0000:01:00.0, compute capability: 8.9
2025-11-23 18:58:41.672840: I external/local_xla/xla/stream_executor/cuda/cuda_executor.cc:901] successful NUMA node read from SysFS had negative value (-1), but there must be at least one NUMA node, so returning NUMA node zero. See more at https://github.com/torvalds/linux/blob/v6.0/Documentation/ABI/testing/sysfs-bus-pci#L344-L355
2025-11-23 18:58:41.672881: I external/local_xla/xla/stream_executor/cuda/cuda_executor.cc:901] successful NUMA node read from SysFS had negative value (-1), but there must be at least one NUMA node, so returning NUMA node zero. See more at https://github.com/torvalds/linux/blob/v6.0/Documentation/ABI/testing/sysfs-bus-pci#L344-L355
2025-11-23 18:58:41.672923: I external/local_xla/xla/stream_executor/cuda/cuda_executor.cc:901] successful NUMA node read from SysFS had negative value (-1), but there must be at least one NUMA node, so returning NUMA node zero. See more at https://github.com/torvalds/linux/blob/v6.0/Documentation/ABI/testing/sysfs-bus-pci#L344-L355
2025-11-23 18:58:41.672969: I external/local_xla/xla/stream_executor/cuda/cuda_executor.cc:901] successful NUMA node read from SysFS had negative value (-1), but there must be at least one NUMA node, so returning NUMA node zero. See more at https://github.com/torvalds/linux/blob/v6.0/Documentation/ABI/testing/sysfs-bus-pci#L344-L355
2025-11-23 18:58:41.673009: I external/local_xla/xla/stream_executor/cuda/cuda_executor.cc:901] successful NUMA node read from SysFS had negative value (-1), but there must be at least one NUMA node, so returning NUMA node zero. See more at https://github.com/torvalds/linux/blob/v6.0/Documentation/ABI/testing/sysfs-bus-pci#L344-L355
2025-11-23 18:58:41.673047: I tensorflow/core/common_runtime/gpu/gpu_device.cc:1929] Created device /device:GPU:0 with 10307 MB memory:  -> device: 0, name: NVIDIA GeForce RTX 4070, pci bus id: 0000:01:00.0, compute capability: 8.9
2025-11-23 18:58:52.200434: E tensorflow/core/grappler/optimizers/meta_optimizer.cc:961] layout failed: INVALID_ARGUMENT: Size of values 0 does not match size of permutation 4 @ fanin shape inmodel/block2b_drop/dropout/SelectV2-2-TransposeNHWCToNCHW-LayoutOptimizer
2025-11-23 18:58:52.212820: E tensorflow/core/grappler/optimizers/meta_optimizer.cc:961] layout failed: INVALID_ARGUMENT: Size of values 0 does not match size of permutation 4 @ fanin shape inmodel/block2b_drop/dropout/SelectV2-2-TransposeNHWCToNCHW-LayoutOptimizer
2025-11-23 18:58:54.058492: I external/local_xla/xla/stream_executor/cuda/cuda_dnn.cc:454] Loaded cuDNN version 8904
2025-11-23 18:58:54.059446: I external/local_xla/xla/stream_executor/cuda/cuda_dnn.cc:454] Loaded cuDNN version 8904
2025-11-23 18:58:56.972514: I external/local_xla/xla/service/service.cc:168] XLA service 0x1964e450 initialized for platform CUDA (this does not guarantee that XLA will be used). Devices:
2025-11-23 18:58:56.972543: I external/local_xla/xla/service/service.cc:176]   StreamExecutor device (0): NVIDIA GeForce RTX 4070, Compute Capability 8.9
2025-11-23 18:58:56.973213: I external/local_xla/xla/service/service.cc:168] XLA service 0x7f3b2402d1a0 initialized for platform CUDA (this does not guarantee that XLA will be used). Devices:
2025-11-23 18:58:56.973244: I external/local_xla/xla/service/service.cc:176]   StreamExecutor device (0): NVIDIA GeForce RTX 4070, Compute Capability 8.9
WARNING: All log messages before absl::InitializeLog() is called are written to STDERR
I0000 00:00:1763935136.993760  559480 device_compiler.h:186] Compiled cluster using XLA!  This line is logged at most once for the lifetime of the process.
WARNING: All log messages before absl::InitializeLog() is called are written to STDERR
I0000 00:00:1763935136.996790 1172974 device_compiler.h:186] Compiled cluster using XLA!  This line is logged at most once for the lifetime of the process.
2025-11-23 19:02:47.797105: E tensorflow/core/grappler/optimizers/meta_optimizer.cc:961] layout failed: INVALID_ARGUMENT: Size of values 0 does not match size of permutation 4 @ fanin shape inmodel/block2b_drop/dropout/SelectV2-2-TransposeNHWCToNCHW-LayoutOptimizer
2025-11-23 19:02:49.141238: E tensorflow/core/grappler/optimizers/meta_optimizer.cc:961] layout failed: INVALID_ARGUMENT: Size of values 0 does not match size of permutation 4 @ fanin shape inmodel/block2b_drop/dropout/SelectV2-2-TransposeNHWCToNCHW-LayoutOptimizer
2025-11-23 19:17:48.248164: E external/local_tsl/tsl/distributed_runtime/coordination/coordination_service_agent.cc:770] Coordination agent is set to ERROR: UNAVAILABLE: failed to connect to all addresses
Additional GRPC error information from remote target /job:worker/replica:0/task:0 while calling /tensorflow.CoordinationService/Heartbeat:
:{"created":"@1763936268.248049687","description":"Failed to pick subchannel","file":"external/com_github_grpc_grpc/src/core/ext/filters/client_channel/client_channel.cc","file_line":3941,"referenced_errors":[{"created":"@1763936268.244713065","description":"failed to connect to all addresses","file":"external/com_github_grpc_grpc/src/core/ext/filters/client_channel/lb_policy/pick_first/pick_first.cc","file_line":393,"grpc_status":14}]}
2025-11-23 19:17:48.248196: E tensorflow/core/common_runtime/base_collective_executor.cc:249] BaseCollectiveExecutor::StartAbort UNAVAILABLE: failed to connect to all addresses
Additional GRPC error information from remote target /job:worker/replica:0/task:0 while calling /tensorflow.CoordinationService/Heartbeat:
:{"created":"@1763936268.248049687","description":"Failed to pick subchannel","file":"external/com_github_grpc_grpc/src/core/ext/filters/client_channel/client_channel.cc","file_line":3941,"referenced_errors":[{"created":"@1763936268.244713065","description":"failed to connect to all addresses","file":"external/com_github_grpc_grpc/src/core/ext/filters/client_channel/lb_policy/pick_first/pick_first.cc","file_line":393,"grpc_status":14}]}
cp: cannot stat '/scratch/rrdmatos//*logs*/': No such file or directory
srun: error: poti5: task 1: Exited with exit code 1
