+ mkdir -p /home/users/rrdmatos/logs
+ echo 'Create TF_CONFIG'
++ scontrol show hostnames poti2
+ nodes=poti2
+ nodes_array=($nodes)
+ MASTER_PORT=29500
+ worker_list=
+ for node in "${nodes_array[@]}"
+ worker_list+='"poti2:29500",'
+ worker_list='"poti2:29500"'
++ echo '"poti2:29500"'
+ LIST='"poti2:29500"'
+ export LIST
+ srun '--export=ALL,SCRATCH=/scratch/rrdmatos,worker_list="poti2:29500"' bash -c '
# This block of code is executed by each Slurm task on its respective node
echo "--- Running setup on $(hostname) ---"
cd $SCRATCH

rm -r *

cp -r ~/perf/tensorflow/create-env.sh ~/perf/tensorflow/train-* .
DATA_DIR="tiny-imagenet-200"

wget http://cs231n.stanford.edu/tiny-imagenet-200.zip
unzip -q *.zip

.  ./create-env.sh
'
URL transformed to HTTPS due to an HSTS policy
--2025-11-26 10:11:16--  https://cs231n.stanford.edu/tiny-imagenet-200.zip
Resolving cs231n.stanford.edu (cs231n.stanford.edu)... 171.64.64.64
Connecting to cs231n.stanford.edu (cs231n.stanford.edu)|171.64.64.64|:443... connected.
HTTP request sent, awaiting response... 200 OK
Length: 248100043 (237M) [application/zip]
Saving to: ‘tiny-imagenet-200.zip’

     0K .......... .......... .......... .......... ..........  0%  138K 29m19s
    50K .......... .......... .......... .......... ..........  0%  275K 21m59s
   100K .......... .......... .......... .......... ..........  0%  129M 14m40s
   150K .......... .......... .......... .......... ..........  0%  276K 14m39s
   200K .......... .......... .......... .......... ..........  0%  135M 11m44s
   250K .......... .......... .......... .......... ..........  0%  117M 9m47s
   300K .......... .......... .......... .......... ..........  0%  117M 8m23s
   350K .......... .......... .......... .......... ..........  0%  274K 9m10s
   400K .......... .......... .......... .......... ..........  0%  111M 8m9s
   450K .......... .......... .......... .......... ..........  0%  117M 7m20s
   500K .......... .......... .......... .......... ..........  0%  117M 6m40s
   550K .......... .......... .......... .......... ..........  0%  117M 6m7s
   600K .......... .......... .......... .......... ..........  0%  115M 5m39s
   650K .......... .......... .......... .......... ..........  0%  116M 5m15s
   700K .......... .......... .......... .......... ..........  0%  272K 5m53s
   750K .......... .......... .......... .......... ..........  0%  217M 5m31s
   800K .......... .......... .......... .......... ..........  0% 97.0M 5m12s
   850K .......... .......... .......... .......... ..........  0%  117M 4m54s
   900K .......... .......... .......... .......... ..........  0%  117M 4m39s
   950K .......... .......... .......... .......... ..........  0%  117M 4m25s
  1000K .......... .......... .......... .......... ..........  0%  115M 4m12s
  1050K .......... .......... .......... .......... ..........  0%  117M 4m1s
  1100K .......... .......... .......... .......... ..........  0%  117M 3m51s
  1150K .......... .......... .......... .......... ..........  0%  117M 3m41s
  1200K .......... .......... .......... .......... ..........  0% 88.8M 3m32s
  1250K .......... .......... .......... .......... ..........  0%  117M 3m24s
  1300K .......... .......... .......... .......... ..........  0%  117M 3m17s
  1350K .......... .......... .......... .......... ..........  0%  116M 3m10s
  1400K .......... .......... .......... .......... ..........  0%  115M 3m3s
  1450K .......... .......... .......... .......... ..........  0%  117M 2m57s
  1500K .......... .......... .......... .......... ..........  0%  284K 3m19s
  1550K .......... .......... .......... .......... ..........  0%  161M 3m12s
  1600K .......... .......... .......... .......... ..........  0% 87.5M 3m7s
  1650K .......... .......... .......... .......... ..........  0%  116M 3m1s
  1700K .......... .......... .......... .......... ..........  0%  117M 2m56s
  1750K .......... .......... .......... .......... ..........  0%  116M 2m51s
  1800K .......... .......... .......... .......... ..........  0%  115M 2m47s
  1850K .......... .......... .......... .......... ..........  0%  118M 2m42s
  1900K .......... .......... .......... .......... ..........  0%  116M 2m38s
  1950K .......... .......... .......... .......... ..........  0%  116M 2m34s
  2000K .......... .......... .......... .......... ..........  0% 89.0M 2m30s
  2050K .......... .......... .......... .......... ..........  0%  117M 2m27s
  2100K .......... .......... .......... .......... ..........  0%  117M 2m23s
  2150K .......... .......... .......... .......... ..........  0%  117M 2m20s
  2200K .......... .......... .......... .......... ..........  0%  115M 2m17s
  2250K .......... .......... .......... .......... ..........  0%  116M 2m14s
  2300K .......... .......... .......... .......... ..........  0%  115M 2m11s
  2350K .......... .......... .......... .......... ..........  0%  119M 2m9s
  2400K .......... .......... .......... .......... ..........  1% 88.8M 2m6s
  2450K .......... .......... .......... .......... ..........  1%  117M 2m3s
  2500K .......... .......... .......... .......... ..........  1%  117M 2m1s
  2550K .......... .......... .......... .......... ..........  1%  117M 1m59s
  2600K .......... .......... .......... .......... ..........  1%  115M 1m57s
  2650K .......... .......... .......... .......... ..........  1%  117M 1m54s
  2700K .......... .......... .......... .......... ..........  1%  290K 2m7s
  2750K .......... .......... .......... .......... ..........  1%  116M 2m5s
  2800K .......... .......... .......... .......... ..........  1% 88.4M 2m3s
  2850K .......... .......... .......... .......... ..........  1%  117M 2m1s
  2900K .......... .......... .......... .......... ..........  1%  116M 1m59s
  2950K .......... .......... .......... .......... ..........  1%  117M 1m57s
  3000K .......... .......... .......... .......... ..........  1%  114M 1m55s
  3050K .......... .......... .......... .......... ..........  1%  117M 1m53s
  3100K .......... .......... .......... .......... ..........  1%  118M 1m51s
  3150K .......... .......... .......... .......... ..........  1%  117M 1m49s
  3200K .......... .......... .......... .......... ..........  1% 89.1M 1m48s
  3250K .......... .......... .......... .......... ..........  1%  117M 1m46s
  3300K .......... .......... .......... .......... ..........  1%  117M 1m45s
  3350K .......... .......... .......... .......... ..........  1%  117M 1m43s
  3400K .......... .......... .......... .......... ..........  1%  115M 1m42s
  3450K .......... .......... .......... .......... ..........  1%  117M 1m40s
  3500K .......... .......... .......... .......... ..........  1%  117M 99s
  3550K .......... .......... .......... .......... ..........  1%  117M 97s
  3600K .......... .......... .......... .......... ..........  1% 88.9M 96s
  3650K .......... .......... .......... .......... ..........  1%  117M 95s
  3700K .......... .......... .......... .......... ..........  1%  117M 94s
  3750K .......... .......... .......... .......... ..........  1%  117M 92s
  3800K .......... .......... .......... .......... ..........  1%  115M 91s
  3850K .......... .......... .......... .......... ..........  1%  117M 90s
  3900K .......... .......... .......... .......... ..........  1%  117M 89s
  3950K .......... .......... .......... .......... ..........  1%  291K 98s
  4000K .......... .......... .......... .......... ..........  1%  105M 97s
  4050K .......... .......... .......... .......... ..........  1%  123M 96s
  4100K .......... .......... .......... .......... ..........  1%  117M 94s
  4150K .......... .......... .......... .......... ..........  1%  117M 93s
  4200K .......... .......... .......... .......... ..........  1%  115M 92s
  4250K .......... .......... .......... .......... ..........  1%  117M 91s
  4300K .......... .......... .......... .......... ..........  1%  117M 90s
  4350K .......... .......... .......... .......... ..........  1%  117M 89s
  4400K .......... .......... .......... .......... ..........  1% 89.3M 88s
  4450K .......... .......... .......... .......... ..........  1%  116M 87s
  4500K .......... .......... .......... .......... ..........  1%  117M 86s
  4550K .......... .......... .......... .......... ..........  1%  117M 85s
  4600K .......... .......... .......... .......... ..........  1%  114M 84s
  4650K .......... .......... .......... .......... ..........  1%  117M 83s
  4700K .......... .......... .......... .......... ..........  1%  117M 83s
  4750K .......... .......... .......... .......... ..........  1%  116M 82s
  4800K .......... .......... .......... .......... ..........  2% 88.4M 81s
  4850K .......... .......... .......... .......... ..........  2%  117M 80s
  4900K .......... .......... .......... .......... ..........  2%  117M 79s
  4950K .......... .......... .......... .......... ..........  2%  117M 78s
  5000K .......... .......... .......... .......... ..........  2%  114M 78s
  5050K .......... .......... .......... .......... ..........  2%  117M 77s
  5100K .......... .......... .......... .......... ..........  2%  117M 76s
  5150K .......... .......... .......... .......... ..........  2%  117M 75s
  5200K .......... .......... .......... .......... ..........  2% 89.9M 75s
  5250K .......... .......... .......... .......... ..........  2%  292K 82s
  5300K .......... .......... .......... .......... ..........  2%  129M 81s
  5350K .......... .......... .......... .......... ..........  2%  153M 80s
  5400K .......... .......... .......... .......... ..........  2%  113M 79s
  5450K .......... .......... .......... .......... ..........  2%  119M 79s
  5500K .......... .......... .......... .......... ..........  2%  116M 78s
  5550K .......... .......... .......... .......... ..........  2%  118M 77s
  5600K .......... .......... .......... .......... ..........  2% 89.0M 77s
  5650K .......... .......... .......... .......... ..........  2%  116M 76s
  5700K .......... .......... .......... .......... ..........  2%  117M 75s
  5750K .......... .......... .......... .......... ..........  2%  117M 75s
  5800K .......... .......... .......... .......... ..........  2%  114M 74s
  5850K .......... .......... .......... .......... ..........  2%  119M 73s
  5900K .......... .......... .......... .......... ..........  2%  117M 73s
  5950K .......... .......... .......... .......... ..........  2%  115M 72s
  6000K .......... .......... .......... .......... ..........  2% 87.7M 72s
  6050K .......... .......... .......... .......... ..........  2%  117M 71s
  6100K .......... .......... .......... .......... ..........  2%  117M 70s
  6150K .......... .......... .......... .......... ..........  2%  117M 70s
  6200K .......... .......... .......... .......... ..........  2%  115M 69s
  6250K .......... .......... .......... .......... ..........  2%  116M 69s
  6300K .......... .......... .......... .......... ..........  2%  118M 68s
  6350K .......... .......... .......... .......... ..........  2%  114M 68s
  6400K .......... .......... .......... .......... ..........  2% 90.8M 67s
  6450K .......... .......... .......... .......... ..........  2%  117M 67s
  6500K .......... .......... .......... .......... ..........  2%  117M 66s
  6550K .......... .......... .......... .......... ..........  2%  117M 66s
  6600K .......... .......... .......... .......... ..........  2%  113M 65s
  6650K .......... .......... .......... .......... ..........  2%  293K 71s
  6700K .......... .......... .......... .......... ..........  2%  153M 70s
  6750K .......... .......... .......... .......... ..........  2%  118M 70s
  6800K .......... .......... .......... .......... ..........  2% 88.9M 69s
  6850K .......... .......... .......... .......... ..........  2%  117M 69s
  6900K .......... .......... .......... .......... ..........  2%  116M 68s
  6950K .......... .......... .......... .......... ..........  2%  117M 68s
  7000K .......... .......... .......... .......... ..........  2%  114M 67s
  7050K .......... .......... .......... .......... ..........  2%  117M 67s
  7100K .......... .......... .......... .......... ..........  2%  117M 66s
  7150K .......... .......... .......... .......... ..........  2%  117M 66s
  7200K .......... .......... .......... .......... ..........  2% 87.9M 65s
  7250K .......... .......... .......... .......... ..........  3%  117M 65s
  7300K .......... .......... .......... .......... ..........  3%  116M 64s
  7350K .......... .......... .......... .......... ..........  3%  117M 64s
  7400K .......... .......... .......... .......... ..........  3%  114M 63s
  7450K .......... .......... .......... .......... ..........  3%  118M 63s
  7500K .......... .......... .......... .......... ..........  3%  117M 63s
  7550K .......... .......... .......... .......... ..........  3%  117M 62s
  7600K .......... .......... .......... .......... ..........  3% 88.8M 62s
  7650K .......... .......... .......... .......... ..........  3%  117M 61s
  7700K .......... .......... .......... .......... ..........  3%  116M 61s
  7750K .......... .......... .......... .......... ..........  3%  117M 61s
  7800K .......... .......... .......... .......... ..........  3%  114M 60s
  7850K .......... .......... .......... .......... ..........  3%  117M 60s
  7900K .......... .......... .......... .......... ..........  3%  117M 60s
  7950K .......... .......... .......... .......... ..........  3%  117M 59s
  8000K .......... .......... .......... .......... ..........  3% 82.8M 59s
  8050K .......... .......... .......... .......... ..........  3%  126M 58s
  8100K .......... .......... .......... .......... ..........  3%  294K 63s
  8150K .......... .......... .......... .......... ..........  3%  118M 63s
  8200K .......... .......... .......... .......... ..........  3%  113M 62s
  8250K .......... .......... .......... .......... ..........  3%  117M 62s
  8300K .......... .......... .......... .......... ..........  3%  119M 61s
  8350K .......... .......... .......... .......... ..........  3%  117M 61s
  8400K .......... .......... .......... .......... ..........  3% 88.9M 61s
  8450K .......... .......... .......... .......... ..........  3%  117M 60s
  8500K .......... .......... .......... .......... ..........  3%  117M 60s
  8550K .......... .......... .......... .......... ..........  3%  116M 60s
  8600K .......... .......... .......... .......... ..........  3%  113M 59s
  8650K .......... .......... .......... .......... ..........  3%  119M 59s
  8700K .......... .......... .......... .......... ..........  3%  115M 59s
  8750K .......... .......... .......... .......... ..........  3%  117M 58s
  8800K .......... .......... .......... .......... ..........  3% 89.9M 58s
  8850K .......... .......... .......... .......... ..........  3%  117M 58s
  8900K .......... .......... .......... .......... ..........  3%  117M 57s
  8950K .......... .......... .......... .......... ..........  3%  116M 57s
  9000K .......... .......... .......... .......... ..........  3%  114M 57s
  9050K .......... .......... .......... .......... ..........  3%  117M 56s
  9100K .......... .......... .......... .......... ..........  3%  117M 56s
  9150K .......... .......... .......... .......... ..........  3%  118M 56s
  9200K .......... .......... .......... .......... ..........  3% 87.1M 55s
  9250K .......... .......... .......... .......... ..........  3%  116M 55s
  9300K .......... .......... .......... .......... ..........  3%  117M 55s
  9350K .......... .......... .......... .......... ..........  3%  116M 55s
  9400K .......... .......... .......... .......... ..........  3%  112M 54s
  9450K .......... .......... .......... .......... ..........  3%  120M 54s
  9500K .......... .......... .......... .......... ..........  3%  117M 54s
  9550K .......... .......... .......... .......... ..........  3%  117M 53s
  9600K .......... .......... .......... .......... ..........  3%  294K 57s
  9650K .......... .......... .......... .......... ..........  4%  121M 57s
  9700K .......... .......... .......... .......... ..........  4%  125M 57s
  9750K .......... .......... .......... .......... ..........  4%  116M 56s
  9800K .......... .......... .......... .......... ..........  4%  115M 56s
  9850K .......... .......... .......... .......... ..........  4% 65.5M 56s
  9900K .......... .......... .......... .......... ..........  4%  117M 55s
  9950K .......... .......... .......... .......... ..........  4%  117M 55s
 10000K .......... .......... .......... .......... ..........  4% 88.8M 55s
 10050K .......... .......... .......... .......... ..........  4%  117M 55s
 10100K .......... .......... .......... .......... ..........  4%  117M 54s
 10150K .......... .......... .......... .......... ..........  4%  116M 54s
 10200K .......... .......... .......... .......... ..........  4%  114M 54s
 10250K .......... .......... .......... .......... ..........  4%  118M 54s
 10300K .......... .......... .......... .......... ..........  4%  115M 53s
 10350K .......... .......... .......... .......... ..........  4%  116M 53s
 10400K .......... .......... .......... .......... ..........  4% 87.9M 53s
 10450K .......... .......... .......... .......... ..........  4%  117M 53s
 10500K .......... .......... .......... .......... ..........  4%  116M 52s
 10550K .......... .......... .......... .......... ..........  4%  117M 52s
 10600K .......... .......... .......... .......... ..........  4%  114M 52s
 10650K .......... .......... .......... .......... ..........  4%  118M 52s
 10700K .......... .......... .......... .......... ..........  4%  115M 51s
 10750K .......... .......... .......... .......... ..........  4%  117M 51s
 10800K .......... .......... .......... .......... ..........  4% 90.1M 51s
 10850K .......... .......... .......... .......... ..........  4%  116M 51s
 10900K .......... .......... .......... .......... ..........  4%  117M 50s
 10950K .......... .......... .......... .......... ..........  4%  117M 50s
 11000K .......... .......... .......... .......... ..........  4%  114M 50s
 11050K .......... .......... .......... .......... ..........  4%  117M 50s
 11100K .......... .......... .......... .......... ..........  4%  117M 49s
 11150K .......... .......... .......... .......... ..........  4% 1.28M 50s
 11200K .......... .......... .......... .......... ..........  4%  382K 52s
 11250K .......... .......... .......... .......... ..........  4%  120M 52s
 11300K .......... .......... .......... .......... ..........  4%  116M 52s
 11350K .......... .......... .......... .......... ..........  4%  117M 52s
 11400K .......... .......... .......... .......... ..........  4%  114M 52s
 11450K .......... .......... .......... .......... ..........  4%  117M 51s
 11500K .......... .......... .......... .......... ..........  4%  117M 51s
 11550K .......... .......... .......... .......... ..........  4%  117M 51s
 11600K .......... .......... .......... .......... ..........  4% 89.9M 51s
 11650K .......... .......... .......... .......... ..........  4%  117M 50s
 11700K .......... .......... .......... .......... ..........  4%  117M 50s
 11750K .......... .......... .......... .......... ..........  4%  117M 50s
 11800K .......... .......... .......... .......... ..........  4%  113M 50s
 11850K .......... .......... .......... .......... ..........  4%  118M 50s
 11900K .......... .......... .......... .......... ..........  4%  118M 49s
 11950K .......... .......... .......... .......... ..........  4%  117M 49s
 12000K .......... .......... .......... .......... ..........  4% 89.1M 49s
 12050K .......... .......... .......... .......... ..........  4%  117M 49s
 12100K .......... .......... .......... .......... ..........  5%  117M 49s
 12150K .......... .......... .......... .......... ..........  5%  117M 48s
 12200K .......... .......... .......... .......... ..........  5%  115M 48s
 12250K .......... .......... .......... .......... ..........  5%  117M 48s
 12300K .......... .......... .......... .......... ..........  5%  115M 48s
 12350K .......... .......... .......... .......... ..........  5%  117M 48s
 12400K .......... .......... .......... .......... ..........  5% 88.0M 47s
 12450K .......... .......... .......... .......... ..........  5%  117M 47s
 12500K .......... .......... .......... .......... ..........  5%  116M 47s
 12550K .......... .......... .......... .......... ..........  5%  117M 47s
 12600K .......... .......... .......... .......... ..........  5%  114M 47s
 12650K .......... .......... .......... .......... ..........  5%  109M 46s
 12700K .......... .......... .......... .......... ..........  5%  126M 46s
 12750K .......... .......... .......... .......... ..........  5%  116M 46s
 12800K .......... .......... .......... .......... ..........  5%  296K 49s
 12850K .......... .......... .......... .......... ..........  5% 25.8M 49s
 12900K .......... .......... .......... .......... ..........  5%  507M 49s
 12950K .......... .......... .......... .......... ..........  5%  597M 48s
 13000K .......... .......... .......... .......... ..........  5%  417M 48s
 13050K .......... .......... .......... .......... ..........  5%  603M 48s
 13100K .......... .......... .......... .......... ..........  5%  467M 48s
 13150K .......... .......... .......... .......... ..........  5%  115M 48s
 13200K .......... .......... .......... .......... ..........  5% 89.6M 47s
 13250K .......... .......... .......... .......... ..........  5%  117M 47s
 13300K .......... .......... .......... .......... ..........  5%  117M 47s
 13350K .......... .......... .......... .......... ..........  5%  117M 47s
 13400K .......... .......... .......... .......... ..........  5%  110M 47s
 13450K .......... .......... .......... .......... ..........  5%  122M 46s
 13500K .......... .......... .......... .......... ..........  5%  117M 46s
 13550K .......... .......... .......... .......... ..........  5% 95.3M 46s
 13600K .......... .......... .......... .......... ..........  5%  104M 46s
 13650K .......... .......... .......... .......... ..........  5%  117M 46s
 13700K .......... .......... .......... .......... ..........  5%  116M 46s
 13750K .......... .......... .......... .......... ..........  5%  118M 45s
 13800K .......... .......... .......... .......... ..........  5%  115M 45s
 13850K .......... .......... .......... .......... ..........  5%  117M 45s
 13900K .......... .......... .......... .......... ..........  5%  117M 45s
 13950K .......... .......... .......... .......... ..........  5%  117M 45s
 14000K .......... .......... .......... .......... ..........  5% 88.9M 45s
 14050K .......... .......... .......... .......... ..........  5%  117M 44s
 14100K .......... .......... .......... .......... ..........  5%  117M 44s
 14150K .......... .......... .......... .......... ..........  5%  117M 44s
 14200K .......... .......... .......... .......... ..........  5%  115M 44s
 14250K .......... .......... .......... .......... ..........  5%  117M 44s
 14300K .......... .......... .......... .......... ..........  5%  117M 44s
 14350K .......... .......... .......... .......... ..........  5%  117M 44s
 14400K .......... .......... .......... .......... ..........  5% 87.1M 43s
 14450K .......... .......... .......... .......... ..........  5%  117M 43s
 14500K .......... .......... .......... .......... ..........  6%  646K 44s
 14550K .......... .......... .......... .......... ..........  6%  544K 46s
 14600K .......... .......... .......... .......... ..........  6%  124M 45s
 14650K .......... .......... .......... .......... ..........  6%  108M 45s
 14700K .......... .......... .......... .......... ..........  6%  127M 45s
 14750K .......... .......... .......... .......... ..........  6%  116M 45s
 14800K .......... .......... .......... .......... ..........  6% 89.6M 45s
 14850K .......... .......... .......... .......... ..........  6%  117M 45s
 14900K .......... .......... .......... .......... ..........  6%  117M 44s
 14950K .......... .......... .......... .......... ..........  6%  117M 44s
 15000K .......... .......... .......... .......... ..........  6%  115M 44s
 15050K .......... .......... .......... .......... ..........  6%  117M 44s
 15100K .......... .......... .......... .......... ..........  6%  117M 44s
 15150K .......... .......... .......... .......... ..........  6%  117M 44s
 15200K .......... .......... .......... .......... ..........  6% 89.1M 44s
 15250K .......... .......... .......... .......... ..........  6%  117M 43s
 15300K .......... .......... .......... .......... ..........  6%  117M 43s
 15350K .......... .......... .......... .......... ..........  6%  117M 43s
 15400K .......... .......... .......... .......... ..........  6%  115M 43s
 15450K .......... .......... .......... .......... ..........  6%  117M 43s
 15500K .......... .......... .......... .......... ..........  6%  115M 43s
 15550K .......... .......... .......... .......... ..........  6%  118M 43s
 15600K .......... .......... .......... .......... ..........  6% 87.0M 42s
 15650K .......... .......... .......... .......... ..........  6%  117M 42s
 15700K .......... .......... .......... .......... ..........  6%  117M 42s
 15750K .......... .......... .......... .......... ..........  6%  117M 42s
 15800K .......... .......... .......... .......... ..........  6%  115M 42s
 15850K .......... .......... .......... .......... ..........  6%  117M 42s
 15900K .......... .......... .......... .......... ..........  6%  116M 42s
 15950K .......... .......... .......... .......... ..........  6%  117M 41s
 16000K .......... .......... .......... .......... ..........  6% 89.1M 41s
 16050K .......... .......... .......... .......... ..........  6%  117M 41s
 16100K .......... .......... .......... .......... ..........  6%  117M 41s
 16150K .......... .......... .......... .......... ..........  6%  117M 41s
 16200K .......... .......... .......... .......... ..........  6%  115M 41s
 16250K .......... .......... .......... .......... ..........  6%  117M 41s
 16300K .......... .......... .......... .......... ..........  6%  300K 43s
 16350K .......... .......... .......... .......... ..........  6%  130M 43s
 16400K .......... .......... .......... .......... ..........  6% 96.8M 43s
 16450K .......... .......... .......... .......... ..........  6%  117M 42s
 16500K .......... .......... .......... .......... ..........  6%  117M 42s
 16550K .......... .......... .......... .......... ..........  6%  117M 42s
 16600K .......... .......... .......... .......... ..........  6%  115M 42s
 16650K .......... .......... .......... .......... ..........  6%  117M 42s
 16700K .......... .......... .......... .......... ..........  6%  117M 42s
 16750K .......... .......... .......... .......... ..........  6%  117M 42s
 16800K .......... .......... .......... .......... ..........  6% 87.0M 42s
 16850K .......... .......... .......... .......... ..........  6%  117M 41s
 16900K .......... .......... .......... .......... ..........  6%  117M 41s
 16950K .......... .......... .......... .......... ..........  7%  117M 41s
 17000K .......... .......... .......... .......... ..........  7%  114M 41s
 17050K .......... .......... .......... .......... ..........  7%  118M 41s
 17100K .......... .......... .......... .......... ..........  7%  117M 41s
 17150K .......... .......... .......... .......... ..........  7%  117M 41s
 17200K .......... .......... .......... .......... ..........  7% 89.1M 41s
 17250K .......... .......... .......... .......... ..........  7%  117M 40s
 17300K .......... .......... .......... .......... ..........  7%  117M 40s
 17350K .......... .......... .......... .......... ..........  7%  117M 40s
 17400K .......... .......... .......... .......... ..........  7%  116M 40s
 17450K .......... .......... .......... .......... ..........  7%  117M 40s
 17500K .......... .......... .......... .......... ..........  7%  117M 40s
 17550K .......... .......... .......... .......... ..........  7%  117M 40s
 17600K .......... .......... .......... .......... ..........  7% 87.1M 40s
 17650K .......... .......... .......... .......... ..........  7%  116M 40s
 17700K .......... .......... .......... .......... ..........  7%  117M 39s
 17750K .......... .......... .......... .......... ..........  7%  117M 39s
 17800K .......... .......... .......... .......... ..........  7%  115M 39s
 17850K .......... .......... .......... .......... ..........  7%  117M 39s
 17900K .......... .......... .......... .......... ..........  7%  117M 39s
 17950K .......... .......... .......... .......... ..........  7%  117M 39s
 18000K .......... .......... .......... .......... ..........  7% 88.8M 39s
 18050K .......... .......... .......... .......... ..........  7%  117M 39s
 18100K .......... .......... .......... .......... ..........  7%  117M 38s
 18150K .......... .......... .......... .......... ..........  7%  670K 39s
 18200K .......... .......... .......... .......... ..........  7%  542K 40s
 18250K .......... .......... .......... .......... ..........  7%  142M 40s
 18300K .......... .......... .......... .......... ..........  7%  133M 40s
 18350K .......... .......... .......... .......... ..........  7%  117M 40s
 18400K .......... .......... .......... .......... ..........  7% 88.9M 40s
 18450K .......... .......... .......... .......... ..........  7%  117M 40s
 18500K .......... .......... .......... .......... ..........  7%  117M 40s
 18550K .......... .......... .......... .......... ..........  7%  117M 40s
 18600K .......... .......... .......... .......... ..........  7%  115M 39s
 18650K .......... .......... .......... .......... ..........  7%  117M 39s
 18700K .......... .......... .......... .......... ..........  7%  117M 39s
 18750K .......... .......... .......... .......... ..........  7%  117M 39s
 18800K .......... .......... .......... .......... ..........  7% 87.0M 39s
 18850K .......... .......... .......... .......... ..........  7%  117M 39s
 18900K .......... .......... .......... .......... ..........  7%  117M 39s
 18950K .......... .......... .......... .......... ..........  7%  117M 39s
 19000K .......... .......... .......... .......... ..........  7%  115M 39s
 19050K .......... .......... .......... .......... ..........  7%  117M 38s
 19100K .......... .......... .......... .......... ..........  7%  117M 38s
 19150K .......... .......... .......... .......... ..........  7%  117M 38s
 19200K .......... .......... .......... .......... ..........  7% 88.9M 38s
 19250K .......... .......... .......... .......... ..........  7%  117M 38s
 19300K .......... .......... .......... .......... ..........  7%  117M 38s
 19350K .......... .......... .......... .......... ..........  8%  117M 38s
 19400K .......... .......... .......... .......... ..........  8%  115M 38s
 19450K .......... .......... .......... .......... ..........  8%  117M 38s
 19500K .......... .......... .......... .......... ..........  8%  117M 38s
 19550K .......... .......... .......... .......... ..........  8%  115M 37s
 19600K .......... .......... .......... .......... ..........  8% 65.6M 37s
 19650K .......... .......... .......... .......... ..........  8%  117M 37s
 19700K .......... .......... .......... .......... ..........  8%  117M 37s
 19750K .......... .......... .......... .......... ..........  8%  117M 37s
 19800K .......... .......... .......... .......... ..........  8%  115M 37s
 19850K .......... .......... .......... .......... ..........  8%  116M 37s
 19900K .......... .......... .......... .......... ..........  8%  117M 37s
 19950K .......... .......... .......... .......... ..........  8%  117M 37s
 20000K .......... .......... .......... .......... ..........  8% 87.0M 37s
 20050K .......... .......... .......... .......... ..........  8% 1.53M 37s
 20100K .......... .......... .......... .......... ..........  8%  372K 38s
 20150K .......... .......... .......... .......... ..........  8%  176M 38s
 20200K .......... .......... .......... .......... ..........  8%  130M 38s
 20250K .......... .......... .......... .......... ..........  8%  117M 38s
 20300K .......... .......... .......... .......... ..........  8%  117M 38s
 20350K .......... .......... .......... .......... ..........  8%  117M 38s
 20400K .......... .......... .......... .......... ..........  8% 88.9M 38s
 20450K .......... .......... .......... .......... ..........  8%  117M 38s
 20500K .......... .......... .......... .......... ..........  8%  117M 37s
 20550K .......... .......... .......... .......... ..........  8%  117M 37s
 20600K .......... .......... .......... .......... ..........  8%  115M 37s
 20650K .......... .......... .......... .......... ..........  8%  117M 37s
 20700K .......... .......... .......... .......... ..........  8%  117M 37s
 20750K .......... .......... .......... .......... ..........  8%  117M 37s
 20800K .......... .......... .......... .......... ..........  8% 87.1M 37s
 20850K .......... .......... .......... .......... ..........  8%  117M 37s
 20900K .......... .......... .......... .......... ..........  8%  117M 37s
 20950K .......... .......... .......... .......... ..........  8%  117M 37s
 21000K .......... .......... .......... .......... ..........  8%  115M 37s
 21050K .......... .......... .......... .......... ..........  8%  117M 36s
 21100K .......... .......... .......... .......... ..........  8%  117M 36s
 21150K .......... .......... .......... .......... ..........  8%  117M 36s
 21200K .......... .......... .......... .......... ..........  8% 89.0M 36s
 21250K .......... .......... .......... .......... ..........  8%  117M 36s
 21300K .......... .......... .......... .......... ..........  8%  117M 36s
 21350K .......... .......... .......... .......... ..........  8%  117M 36s
 21400K .......... .......... .......... .......... ..........  8%  115M 36s
 21450K .......... .......... .......... .......... ..........  8%  117M 36s
 21500K .......... .......... .......... .......... ..........  8%  117M 36s
 21550K .......... .......... .......... .......... ..........  8%  115M 36s
 21600K .......... .......... .......... .......... ..........  8% 89.9M 35s
 21650K .......... .......... .......... .......... ..........  8%  117M 35s
 21700K .......... .......... .......... .......... ..........  8%  117M 35s
 21750K .......... .......... .......... .......... ..........  8%  117M 35s
 21800K .......... .......... .......... .......... ..........  9%  114M 35s
 21850K .......... .......... .......... .......... ..........  9%  118M 35s
 21900K .......... .......... .......... .......... ..........  9%  115M 35s
 21950K .......... .......... .......... .......... ..........  9%  118M 35s
 22000K .......... .......... .......... .......... ..........  9% 87.0M 35s
 22050K .......... .......... .......... .......... ..........  9%  117M 35s
 22100K .......... .......... .......... .......... ..........  9% 1.61M 35s
 22150K .......... .......... .......... .......... ..........  9%  370K 36s
 22200K .......... .......... .......... .......... ..........  9%  111M 36s
 22250K .......... .......... .......... .......... ..........  9%  143M 36s
 22300K .......... .......... .......... .......... ..........  9%  117M 36s
 22350K .......... .......... .......... .......... ..........  9%  116M 36s
 22400K .......... .......... .......... .......... ..........  9% 89.3M 36s
 22450K .......... .......... .......... .......... ..........  9%  117M 36s
 22500K .......... .......... .......... .......... ..........  9%  117M 36s
 22550K .......... .......... .......... .......... ..........  9%  117M 36s
 22600K .......... .......... .......... .......... ..........  9%  115M 35s
 22650K .......... .......... .......... .......... ..........  9%  117M 35s
 22700K .......... .......... .......... .......... ..........  9%  117M 35s
 22750K .......... .......... .......... .......... ..........  9%  117M 35s
 22800K .......... .......... .......... .......... ..........  9% 89.1M 35s
 22850K .......... .......... .......... .......... ..........  9%  117M 35s
 22900K .......... .......... .......... .......... ..........  9%  117M 35s
 22950K .......... .......... .......... .......... ..........  9%  117M 35s
 23000K .......... .......... .......... .......... ..........  9%  115M 35s
 23050K .......... .......... .......... .......... ..........  9%  117M 35s
 23100K .......... .......... .......... .......... ..........  9%  117M 35s
 23150K .......... .......... .......... .......... ..........  9%  117M 35s
 23200K .......... .......... .......... .......... ..........  9% 87.0M 34s
 23250K .......... .......... .......... .......... ..........  9%  117M 34s
 23300K .......... .......... .......... .......... ..........  9%  117M 34s
 23350K .......... .......... .......... .......... ..........  9%  117M 34s
 23400K .......... .......... .......... .......... ..........  9%  115M 34s
 23450K .......... .......... .......... .......... ..........  9%  117M 34s
 23500K .......... .......... .......... .......... ..........  9%  117M 34s
 23550K .......... .......... .......... .......... ..........  9%  117M 34s
 23600K .......... .......... .......... .......... ..........  9% 89.0M 34s
 23650K .......... .......... .......... .......... ..........  9%  116M 34s
 23700K .......... .......... .......... .......... ..........  9%  117M 34s
 23750K .......... .......... .......... .......... ..........  9%  117M 34s
 23800K .......... .......... .......... .......... ..........  9%  115M 34s
 23850K .......... .......... .......... .......... ..........  9%  117M 33s
 23900K .......... .......... .......... .......... ..........  9%  117M 33s
 23950K .......... .......... .......... .......... ..........  9%  117M 33s
 24000K .......... .......... .......... .......... ..........  9% 87.2M 33s
 24050K .......... .......... .......... .......... ..........  9%  117M 33s
 24100K .......... .......... .......... .......... ..........  9%  117M 33s
 24150K .......... .......... .......... .......... ..........  9%  117M 33s
 24200K .......... .......... .......... .......... .......... 10%  115M 33s
 24250K .......... .......... .......... .......... .......... 10%  305K 34s
 24300K .......... .......... .......... .......... .......... 10%  180M 34s
 24350K .......... .......... .......... .......... .......... 10%  143M 34s
 24400K .......... .......... .......... .......... .......... 10% 70.1M 34s
 24450K .......... .......... .......... .......... .......... 10%  117M 34s
 24500K .......... .......... .......... .......... .......... 10%  117M 34s
 24550K .......... .......... .......... .......... .......... 10%  117M 34s
 24600K .......... .......... .......... .......... .......... 10%  115M 34s
 24650K .......... .......... .......... .......... .......... 10%  116M 34s
 24700K .......... .......... .......... .......... .......... 10%  117M 34s
 24750K .......... .......... .......... .......... .......... 10%  117M 34s
 24800K .......... .......... .......... .......... .......... 10% 89.2M 34s
 24850K .......... .......... .......... .......... .......... 10%  117M 33s
 24900K .......... .......... .......... .......... .......... 10%  117M 33s
 24950K .......... .......... .......... .......... .......... 10%  117M 33s
 25000K .......... .......... .......... .......... .......... 10%  115M 33s
 25050K .......... .......... .......... .......... .......... 10%  117M 33s
 25100K .......... .......... .......... .......... .......... 10%  117M 33s
 25150K .......... .......... .......... .......... .......... 10%  117M 33s
 25200K .......... .......... .......... .......... .......... 10% 87.1M 33s
 25250K .......... .......... .......... .......... .......... 10%  117M 33s
 25300K .......... .......... .......... .......... .......... 10%  117M 33s
 25350K .......... .......... .......... .......... .......... 10%  117M 33s
 25400K .......... .......... .......... .......... .......... 10%  115M 33s
 25450K .......... .......... .......... .......... .......... 10%  117M 33s
 25500K .......... .......... .......... .......... .......... 10%  117M 33s
 25550K .......... .......... .......... .......... .......... 10%  117M 33s
 25600K .......... .......... .......... .......... .......... 10% 88.8M 32s
 25650K .......... .......... .......... .......... .......... 10%  117M 32s
 25700K .......... .......... .......... .......... .......... 10%  117M 32s
 25750K .......... .......... .......... .......... .......... 10%  117M 32s
 25800K .......... .......... .......... .......... .......... 10%  115M 32s
 25850K .......... .......... .......... .......... .......... 10%  117M 32s
 25900K .......... .......... .......... .......... .......... 10%  117M 32s
 25950K .......... .......... .......... .......... .......... 10%  117M 32s
 26000K .......... .......... .......... .......... .......... 10% 89.0M 32s
 26050K .......... .......... .......... .......... .......... 10%  117M 32s
 26100K .......... .......... .......... .......... .......... 10%  117M 32s
 26150K .......... .......... .......... .......... .......... 10%  117M 32s
 26200K .......... .......... .......... .......... .......... 10%  115M 32s
 26250K .......... .......... .......... .......... .......... 10%  117M 32s
 26300K .......... .......... .......... .......... .......... 10%  117M 32s
 26350K .......... .......... .......... .......... .......... 10%  117M 31s
 26400K .......... .......... .......... .......... .......... 10% 1.75M 32s
 26450K .......... .......... .......... .......... .......... 10%  355K 33s
 26500K .......... .......... .......... .......... .......... 10%  144M 33s
 26550K .......... .......... .......... .......... .......... 10%  151M 33s
 26600K .......... .......... .......... .......... .......... 10% 82.6M 33s
 26650K .......... .......... .......... .......... .......... 11%  119M 32s
 26700K .......... .......... .......... .......... .......... 11%  117M 32s
 26750K .......... .......... .......... .......... .......... 11%  117M 32s
 26800K .......... .......... .......... .......... .......... 11% 88.6M 32s
 26850K .......... .......... .......... .......... .......... 11%  117M 32s
 26900K .......... .......... .......... .......... .......... 11%  117M 32s
 26950K .......... .......... .......... .......... .......... 11%  117M 32s
 27000K .......... .......... .......... .......... .......... 11%  115M 32s
 27050K .......... .......... .......... .......... .......... 11%  117M 32s
 27100K .......... .......... .......... .......... .......... 11%  117M 32s
 27150K .......... .......... .......... .......... .......... 11%  116M 32s
 27200K .......... .......... .......... .......... .......... 11% 87.3M 32s
 27250K .......... .......... .......... .......... .......... 11%  117M 32s
 27300K .......... .......... .......... .......... .......... 11%  116M 32s
 27350K .......... .......... .......... .......... .......... 11%  117M 32s
 27400K .......... .......... .......... .......... .......... 11%  115M 32s
 27450K .......... .......... .......... .......... .......... 11%  117M 31s
 27500K .......... .......... .......... .......... .......... 11%  117M 31s
 27550K .......... .......... .......... .......... .......... 11%  117M 31s
 27600K .......... .......... .......... .......... .......... 11% 89.0M 31s
 27650K .......... .......... .......... .......... .......... 11%  117M 31s
 27700K .......... .......... .......... .......... .......... 11%  117M 31s
 27750K .......... .......... .......... .......... .......... 11%  117M 31s
 27800K .......... .......... .......... .......... .......... 11%  115M 31s
 27850K .......... .......... .......... .......... .......... 11%  115M 31s
 27900K .......... .......... .......... .......... .......... 11%  119M 31s
 27950K .......... .......... .......... .......... .......... 11%  117M 31s
 28000K .......... .......... .......... .......... .......... 11% 88.9M 31s
 28050K .......... .......... .......... .......... .......... 11%  117M 31s
 28100K .......... .......... .......... .......... .......... 11%  117M 31s
 28150K .......... .......... .......... .......... .......... 11%  116M 31s
 28200K .......... .......... .......... .......... .......... 11%  115M 31s
 28250K .......... .......... .......... .......... .......... 11%  117M 30s
 28300K .......... .......... .......... .......... .......... 11%  117M 30s
 28350K .......... .......... .......... .......... .......... 11%  117M 30s
 28400K .......... .......... .......... .......... .......... 11% 87.0M 30s
 28450K .......... .......... .......... .......... .......... 11%  117M 30s
 28500K .......... .......... .......... .......... .......... 11%  117M 30s
 28550K .......... .......... .......... .......... .......... 11%  117M 30s
 28600K .......... .......... .......... .......... .......... 11%  114M 30s
 28650K .......... .......... .......... .......... .......... 11%  119M 30s
 28700K .......... .......... .......... .......... .......... 11%  117M 30s
 28750K .......... .......... .......... .......... .......... 11%  791K 30s
 28800K .......... .......... .......... .......... .......... 11%  500K 31s
 28850K .......... .......... .......... .......... .......... 11% 71.4M 31s
 28900K .......... .......... .......... .......... .......... 11%  117M 31s
 28950K .......... .......... .......... .......... .......... 11%  117M 31s
 29000K .......... .......... .......... .......... .......... 11% 82.1M 31s
 29050K .......... .......... .......... .......... .......... 12%  117M 31s
 29100K .......... .......... .......... .......... .......... 12%  116M 31s
 29150K .......... .......... .......... .......... .......... 12%  117M 31s
 29200K .......... .......... .......... .......... .......... 12% 89.1M 31s
 29250K .......... .......... .......... .......... .......... 12%  117M 31s
 29300K .......... .......... .......... .......... .......... 12%  117M 31s
 29350K .......... .......... .......... .......... .......... 12%  117M 30s
 29400K .......... .......... .......... .......... .......... 12%  115M 30s
 29450K .......... .......... .......... .......... .......... 12%  117M 30s
 29500K .......... .......... .......... .......... .......... 12%  116M 30s
 29550K .......... .......... .......... .......... .......... 12%  116M 30s
 29600K .......... .......... .......... .......... .......... 12% 87.7M 30s
 29650K .......... .......... .......... .......... .......... 12%  117M 30s
 29700K .......... .......... .......... .......... .......... 12%  117M 30s
 29750K .......... .......... .......... .......... .......... 12%  117M 30s
 29800K .......... .......... .......... .......... .......... 12%  115M 30s
 29850K .......... .......... .......... .......... .......... 12%  117M 30s
 29900K .......... .......... .......... .......... .......... 12%  117M 30s
 29950K .......... .......... .......... .......... .......... 12%  117M 30s
 30000K .......... .......... .......... .......... .......... 12% 89.1M 30s
 30050K .......... .......... .......... .......... .......... 12%  117M 30s
 30100K .......... .......... .......... .......... .......... 12%  117M 30s
 30150K .......... .......... .......... .......... .......... 12%  117M 30s
 30200K .......... .......... .......... .......... .......... 12%  115M 30s
 30250K .......... .......... .......... .......... .......... 12%  117M 29s
 30300K .......... .......... .......... .......... .......... 12%  117M 29s
 30350K .......... .......... .......... .......... .......... 12%  117M 29s
 30400K .......... .......... .......... .......... .......... 12% 88.9M 29s
 30450K .......... .......... .......... .......... .......... 12%  117M 29s
 30500K .......... .......... .......... .......... .......... 12%  114M 29s
 30550K .......... .......... .......... .......... .......... 12%  117M 29s
 30600K .......... .......... .......... .......... .......... 12%  115M 29s
 30650K .......... .......... .......... .......... .......... 12%  117M 29s
 30700K .......... .......... .......... .......... .......... 12%  117M 29s
 30750K .......... .......... .......... .......... .......... 12%  117M 29s
 30800K .......... .......... .......... .......... .......... 12% 88.8M 29s
 30850K .......... .......... .......... .......... .......... 12%  117M 29s
 30900K .......... .......... .......... .......... .......... 12%  110M 29s
 30950K .......... .......... .......... .......... .......... 12%  124M 29s
 31000K .......... .......... .......... .......... .......... 12%  115M 29s
 31050K .......... .......... .......... .......... .......... 12%  116M 29s
 31100K .......... .......... .......... .......... .......... 12%  117M 29s
 31150K .......... .......... .......... .......... .......... 12% 2.43M 29s
 31200K .......... .......... .......... .......... .......... 12%  354K 30s
 31250K .......... .......... .......... .......... .......... 12% 87.9M 30s
 31300K .......... .......... .......... .......... .......... 12% 92.4M 29s
 31350K .......... .......... .......... .......... .......... 12%  117M 29s
 31400K .......... .......... .......... .......... .......... 12%  103M 29s
 31450K .......... .......... .......... .......... .......... 13% 86.2M 29s
 31500K .......... .......... .......... .......... .......... 13%  117M 29s
 31550K .......... .......... .......... .......... .......... 13%  117M 29s
 31600K .......... .......... .......... .......... .......... 13% 87.1M 29s
 31650K .......... .......... .......... .......... .......... 13%  117M 29s
 31700K .......... .......... .......... .......... .......... 13%  117M 29s
 31750K .......... .......... .......... .......... .......... 13%  117M 29s
 31800K .......... .......... .......... .......... .......... 13%  115M 29s
 31850K .......... .......... .......... .......... .......... 13%  117M 29s
 31900K .......... .......... .......... .......... .......... 13%  115M 29s
 31950K .......... .......... .......... .......... .......... 13%  118M 29s
 32000K .......... .......... .......... .......... .......... 13% 89.0M 29s
 32050K .......... .......... .......... .......... .......... 13%  117M 29s
 32100K .......... .......... .......... .......... .......... 13%  117M 29s
 32150K .......... .......... .......... .......... .......... 13%  117M 29s
 32200K .......... .......... .......... .......... .......... 13%  115M 29s
 32250K .......... .......... .......... .......... .......... 13%  117M 29s
 32300K .......... .......... .......... .......... .......... 13%  117M 29s
 32350K .......... .......... .......... .......... .......... 13%  114M 28s
 32400K .......... .......... .......... .......... .......... 13% 90.8M 28s
 32450K .......... .......... .......... .......... .......... 13%  117M 28s
 32500K .......... .......... .......... .......... .......... 13%  117M 28s
 32550K .......... .......... .......... .......... .......... 13%  117M 28s
 32600K .......... .......... .......... .......... .......... 13%  115M 28s
 32650K .......... .......... .......... .......... .......... 13%  117M 28s
 32700K .......... .......... .......... .......... .......... 13%  117M 28s
 32750K .......... .......... .......... .......... .......... 13%  116M 28s
 32800K .......... .......... .......... .......... .......... 13% 87.2M 28s
 32850K .......... .......... .......... .......... .......... 13%  117M 28s
 32900K .......... .......... .......... .......... .......... 13%  117M 28s
 32950K .......... .......... .......... .......... .......... 13%  117M 28s
 33000K .......... .......... .......... .......... .......... 13%  115M 28s
 33050K .......... .......... .......... .......... .......... 13%  117M 28s
 33100K .......... .......... .......... .......... .......... 13%  117M 28s
 33150K .......... .......... .......... .......... .......... 13%  117M 28s
 33200K .......... .......... .......... .......... .......... 13% 89.1M 28s
 33250K .......... .......... .......... .......... .......... 13%  117M 28s
 33300K .......... .......... .......... .......... .......... 13%  117M 28s
 33350K .......... .......... .......... .......... .......... 13%  117M 28s
 33400K .......... .......... .......... .......... .......... 13%  115M 27s
 33450K .......... .......... .......... .......... .......... 13%  117M 27s
 33500K .......... .......... .......... .......... .......... 13%  117M 27s
 33550K .......... .......... .......... .......... .......... 13%  117M 27s
 33600K .......... .......... .......... .......... .......... 13% 88.9M 27s
 33650K .......... .......... .......... .......... .......... 13% 2.60M 27s
 33700K .......... .......... .......... .......... .......... 13%  354K 28s
 33750K .......... .......... .......... .......... .......... 13% 86.0M 28s
 33800K .......... .......... .......... .......... .......... 13%  103M 28s
 33850K .......... .......... .......... .......... .......... 13%  117M 28s
 33900K .......... .......... .......... .......... .......... 14%  115M 28s
 33950K .......... .......... .......... .......... .......... 14% 78.6M 28s
 34000K .......... .......... .......... .......... .......... 14% 88.8M 28s
 34050K .......... .......... .......... .......... .......... 14%  117M 28s
 34100K .......... .......... .......... .......... .......... 14%  117M 28s
 34150K .......... .......... .......... .......... .......... 14%  117M 28s
 34200K .......... .......... .......... .......... .......... 14% 46.2M 28s
 34250K .......... .......... .......... .......... .......... 14%  116M 28s
 34300K .......... .......... .......... .......... .......... 14%  118M 28s
 34350K .......... .......... .......... .......... .......... 14%  117M 28s
 34400K .......... .......... .......... .......... .......... 14% 88.9M 28s
 34450K .......... .......... .......... .......... .......... 14%  117M 28s
 34500K .......... .......... .......... .......... .......... 14%  117M 27s
 34550K .......... .......... .......... .......... .......... 14%  117M 27s
 34600K .......... .......... .......... .......... .......... 14%  115M 27s
 34650K .......... .......... .......... .......... .......... 14%  115M 27s
 34700K .......... .......... .......... .......... .......... 14%  118M 27s
 34750K .......... .......... .......... .......... .......... 14%  117M 27s
 34800K .......... .......... .......... .......... .......... 14% 87.0M 27s
 34850K .......... .......... .......... .......... .......... 14%  117M 27s
 34900K .......... .......... .......... .......... .......... 14%  117M 27s
 34950K .......... .......... .......... .......... .......... 14%  117M 27s
 35000K .......... .......... .......... .......... .......... 14%  116M 27s
 35050K .......... .......... .......... .......... .......... 14%  117M 27s
 35100K .......... .......... .......... .......... .......... 14%  117M 27s
 35150K .......... .......... .......... .......... .......... 14%  117M 27s
 35200K .......... .......... .......... .......... .......... 14% 89.0M 27s
 35250K .......... .......... .......... .......... .......... 14%  117M 27s
 35300K .......... .......... .......... .......... .......... 14%  117M 27s
 35350K .......... .......... .......... .......... .......... 14%  117M 27s
 35400K .......... .......... .......... .......... .......... 14%  115M 27s
 35450K .......... .......... .......... .......... .......... 14%  117M 27s
 35500K .......... .......... .......... .......... .......... 14%  117M 27s
 35550K .......... .......... .......... .......... .......... 14%  117M 27s
 35600K .......... .......... .......... .......... .......... 14% 88.9M 27s
 35650K .......... .......... .......... .......... .......... 14%  117M 27s
 35700K .......... .......... .......... .......... .......... 14%  117M 26s
 35750K .......... .......... .......... .......... .......... 14%  117M 26s
 35800K .......... .......... .......... .......... .......... 14%  116M 26s
 35850K .......... .......... .......... .......... .......... 14%  117M 26s
 35900K .......... .......... .......... .......... .......... 14%  117M 26s
 35950K .......... .......... .......... .......... .......... 14%  117M 26s
 36000K .......... .......... .......... .......... .......... 14% 87.0M 26s
 36050K .......... .......... .......... .......... .......... 14%  116M 26s
 36100K .......... .......... .......... .......... .......... 14%  117M 26s
 36150K .......... .......... .......... .......... .......... 14%  117M 26s
 36200K .......... .......... .......... .......... .......... 14%  115M 26s
 36250K .......... .......... .......... .......... .......... 14%  117M 26s
 36300K .......... .......... .......... .......... .......... 15%  851K 26s
 36350K .......... .......... .......... .......... .......... 15%  500K 27s
 36400K .......... .......... .......... .......... .......... 15% 63.9M 27s
 36450K .......... .......... .......... .......... .......... 15%  117M 27s
 36500K .......... .......... .......... .......... .......... 15%  117M 27s
 36550K .......... .......... .......... .......... .......... 15%  101M 27s
 36600K .......... .......... .......... .......... .......... 15% 97.6M 27s
 36650K .......... .......... .......... .......... .......... 15% 87.2M 27s
 36700K .......... .......... .......... .......... .......... 15%  116M 27s
 36750K .......... .......... .......... .......... .......... 15%  117M 27s
 36800K .......... .......... .......... .......... .......... 15% 45.3M 26s
 36850K .......... .......... .......... .......... .......... 15%  117M 26s
 36900K .......... .......... .......... .......... .......... 15%  117M 26s
 36950K .......... .......... .......... .......... .......... 15%  117M 26s
 37000K .......... .......... .......... .......... .......... 15%  115M 26s
 37050K .......... .......... .......... .......... .......... 15%  117M 26s
 37100K .......... .......... .......... .......... .......... 15%  114M 26s
 37150K .......... .......... .......... .......... .......... 15%  117M 26s
 37200K .......... .......... .......... .......... .......... 15% 88.8M 26s
 37250K .......... .......... .......... .......... .......... 15%  117M 26s
 37300K .......... .......... .......... .......... .......... 15%  117M 26s
 37350K .......... .......... .......... .......... .......... 15%  117M 26s
 37400K .......... .......... .......... .......... .......... 15%  113M 26s
 37450K .......... .......... .......... .......... .......... 15%  117M 26s
 37500K .......... .......... .......... .......... .......... 15%  117M 26s
 37550K .......... .......... .......... .......... .......... 15%  117M 26s
 37600K .......... .......... .......... .......... .......... 15% 89.1M 26s
 37650K .......... .......... .......... .......... .......... 15%  117M 26s
 37700K .......... .......... .......... .......... .......... 15%  117M 26s
 37750K .......... .......... .......... .......... .......... 15%  117M 26s
 37800K .......... .......... .......... .......... .......... 15%  115M 26s
 37850K .......... .......... .......... .......... .......... 15%  117M 26s
 37900K .......... .......... .......... .......... .......... 15%  117M 26s
 37950K .......... .......... .......... .......... .......... 15%  117M 26s
 38000K .......... .......... .......... .......... .......... 15% 87.0M 26s
 38050K .......... .......... .......... .......... .......... 15%  117M 26s
 38100K .......... .......... .......... .......... .......... 15%  117M 25s
 38150K .......... .......... .......... .......... .......... 15%  117M 25s
 38200K .......... .......... .......... .......... .......... 15%  115M 25s
 38250K .......... .......... .......... .......... .......... 15%  116M 25s
 38300K .......... .......... .......... .......... .......... 15%  117M 25s
 38350K .......... .......... .......... .......... .......... 15%  117M 25s
 38400K .......... .......... .......... .......... .......... 15% 89.0M 25s
 38450K .......... .......... .......... .......... .......... 15%  117M 25s
 38500K .......... .......... .......... .......... .......... 15%  117M 25s
 38550K .......... .......... .......... .......... .......... 15%  117M 25s
 38600K .......... .......... .......... .......... .......... 15%  115M 25s
 38650K .......... .......... .......... .......... .......... 15%  117M 25s
 38700K .......... .......... .......... .......... .......... 15%  117M 25s
 38750K .......... .......... .......... .......... .......... 16%  117M 25s
 38800K .......... .......... .......... .......... .......... 16% 88.8M 25s
 38850K .......... .......... .......... .......... .......... 16%  117M 25s
 38900K .......... .......... .......... .......... .......... 16% 2.89M 25s
 38950K .......... .......... .......... .......... .......... 16%  353K 26s
 39000K .......... .......... .......... .......... .......... 16% 75.8M 26s
 39050K .......... .......... .......... .......... .......... 16%  125M 26s
 39100K .......... .......... .......... .......... .......... 16%  117M 26s
 39150K .......... .......... .......... .......... .......... 16% 97.8M 26s
 39200K .......... .......... .......... .......... .......... 16% 87.7M 25s
 39250K .......... .......... .......... .......... .......... 16%  117M 25s
 39300K .......... .......... .......... .......... .......... 16% 86.0M 25s
 39350K .......... .......... .......... .......... .......... 16%  110M 25s
 39400K .......... .......... .......... .......... .......... 16% 54.9M 25s
 39450K .......... .......... .......... .......... .......... 16%  111M 25s
 39500K .......... .......... .......... .......... .......... 16%  117M 25s
 39550K .......... .......... .......... .......... .......... 16%  116M 25s
 39600K .......... .......... .......... .......... .......... 16% 88.9M 25s
 39650K .......... .......... .......... .......... .......... 16%  117M 25s
 39700K .......... .......... .......... .......... .......... 16%  117M 25s
 39750K .......... .......... .......... .......... .......... 16%  117M 25s
 39800K .......... .......... .......... .......... .......... 16%  101M 25s
 39850K .......... .......... .......... .......... .......... 16%  117M 25s
 39900K .......... .......... .......... .......... .......... 16%  117M 25s
 39950K .......... .......... .......... .......... .......... 16%  115M 25s
 40000K .......... .......... .......... .......... .......... 16% 90.1M 25s
 40050K .......... .......... .......... .......... .......... 16%  117M 25s
 40100K .......... .......... .......... .......... .......... 16%  117M 25s
 40150K .......... .......... .......... .......... .......... 16%  117M 25s
 40200K .......... .......... .......... .......... .......... 16%  115M 25s
 40250K .......... .......... .......... .......... .......... 16%  117M 25s
 40300K .......... .......... .......... .......... .......... 16% 81.5M 25s
 40350K .......... .......... .......... .......... .......... 16%  117M 25s
 40400K .......... .......... .......... .......... .......... 16% 52.2M 25s
 40450K .......... .......... .......... .......... .......... 16%  117M 25s
 40500K .......... .......... .......... .......... .......... 16%  117M 25s
 40550K .......... .......... .......... .......... .......... 16%  117M 25s
 40600K .......... .......... .......... .......... .......... 16%  115M 25s
 40650K .......... .......... .......... .......... .......... 16%  116M 24s
 40700K .......... .......... .......... .......... .......... 16%  115M 24s
 40750K .......... .......... .......... .......... .......... 16%  119M 24s
 40800K .......... .......... .......... .......... .......... 16% 89.0M 24s
 40850K .......... .......... .......... .......... .......... 16%  117M 24s
 40900K .......... .......... .......... .......... .......... 16%  117M 24s
 40950K .......... .......... .......... .......... .......... 16%  117M 24s
 41000K .......... .......... .......... .......... .......... 16%  115M 24s
 41050K .......... .......... .......... .......... .......... 16%  117M 24s
 41100K .......... .......... .......... .......... .......... 16%  117M 24s
 41150K .......... .......... .......... .......... .......... 17%  117M 24s
 41200K .......... .......... .......... .......... .......... 17% 87.1M 24s
 41250K .......... .......... .......... .......... .......... 17%  117M 24s
 41300K .......... .......... .......... .......... .......... 17%  117M 24s
 41350K .......... .......... .......... .......... .......... 17%  117M 24s
 41400K .......... .......... .......... .......... .......... 17%  115M 24s
 41450K .......... .......... .......... .......... .......... 17%  117M 24s
 41500K .......... .......... .......... .......... .......... 17%  115M 24s
 41550K .......... .......... .......... .......... .......... 17%  859K 24s
 41600K .......... .......... .......... .......... .......... 17%  500K 25s
 41650K .......... .......... .......... .......... .......... 17% 78.8M 25s
 41700K .......... .......... .......... .......... .......... 17%  117M 25s
 41750K .......... .......... .......... .......... .......... 17%  117M 25s
 41800K .......... .......... .......... .......... .......... 17% 81.1M 24s
 41850K .......... .......... .......... .......... .......... 17%  117M 24s
 41900K .......... .......... .......... .......... .......... 17% 96.8M 24s
 41950K .......... .......... .......... .......... .......... 17% 96.8M 24s
 42000K .......... .......... .......... .......... .......... 17% 88.9M 24s
 42050K .......... .......... .......... .......... .......... 17% 95.2M 24s
 42100K .......... .......... .......... .......... .......... 17%  105M 24s
 42150K .......... .......... .......... .......... .......... 17% 32.8M 24s
 42200K .......... .......... .......... .......... .......... 17%  115M 24s
 42250K .......... .......... .......... .......... .......... 17%  117M 24s
 42300K .......... .......... .......... .......... .......... 17%  117M 24s
 42350K .......... .......... .......... .......... .......... 17%  117M 24s
 42400K .......... .......... .......... .......... .......... 17% 87.0M 24s
 42450K .......... .......... .......... .......... .......... 17%  117M 24s
 42500K .......... .......... .......... .......... .......... 17%  117M 24s
 42550K .......... .......... .......... .......... .......... 17%  117M 24s
 42600K .......... .......... .......... .......... .......... 17%  115M 24s
 42650K .......... .......... .......... .......... .......... 17%  117M 24s
 42700K .......... .......... .......... .......... .......... 17%  117M 24s
 42750K .......... .......... .......... .......... .......... 17%  117M 24s
 42800K .......... .......... .......... .......... .......... 17% 89.1M 24s
 42850K .......... .......... .......... .......... .......... 17%  117M 24s
 42900K .......... .......... .......... .......... .......... 17%  117M 24s
 42950K .......... .......... .......... .......... .......... 17%  117M 24s
 43000K .......... .......... .......... .......... .......... 17%  116M 24s
 43050K .......... .......... .......... .......... .......... 17%  117M 24s
 43100K .......... .......... .......... .......... .......... 17%  117M 24s
 43150K .......... .......... .......... .......... .......... 17%  117M 24s
 43200K .......... .......... .......... .......... .......... 17% 88.9M 24s
 43250K .......... .......... .......... .......... .......... 17%  117M 24s
 43300K .......... .......... .......... .......... .......... 17% 97.1M 24s
 43350K .......... .......... .......... .......... .......... 17%  117M 23s
 43400K .......... .......... .......... .......... .......... 17%  115M 23s
 43450K .......... .......... .......... .......... .......... 17%  117M 23s
 43500K .......... .......... .......... .......... .......... 17%  117M 23s
 43550K .......... .......... .......... .......... .......... 17%  117M 23s
 43600K .......... .......... .......... .......... .......... 18% 87.0M 23s
 43650K .......... .......... .......... .......... .......... 18%  117M 23s
 43700K .......... .......... .......... .......... .......... 18%  117M 23s
 43750K .......... .......... .......... .......... .......... 18%  117M 23s
 43800K .......... .......... .......... .......... .......... 18%  115M 23s
 43850K .......... .......... .......... .......... .......... 18%  115M 23s
 43900K .......... .......... .......... .......... .......... 18%  118M 23s
 43950K .......... .......... .......... .......... .......... 18%  117M 23s
 44000K .......... .......... .......... .......... .......... 18% 89.1M 23s
 44050K .......... .......... .......... .......... .......... 18%  117M 23s
 44100K .......... .......... .......... .......... .......... 18%  117M 23s
 44150K .......... .......... .......... .......... .......... 18%  117M 23s
 44200K .......... .......... .......... .......... .......... 18%  867K 23s
 44250K .......... .......... .......... .......... .......... 18%  500K 24s
 44300K .......... .......... .......... .......... .......... 18% 85.2M 24s
 44350K .......... .......... .......... .......... .......... 18%  119M 24s
 44400K .......... .......... .......... .......... .......... 18% 87.2M 24s
 44450K .......... .......... .......... .......... .......... 18% 85.1M 24s
 44500K .......... .......... .......... .......... .......... 18%  116M 23s
 44550K .......... .......... .......... .......... .......... 18% 82.3M 23s
 44600K .......... .......... .......... .......... .......... 18%  115M 23s
 44650K .......... .......... .......... .......... .......... 18%  117M 23s
 44700K .......... .......... .......... .......... .......... 18%  117M 23s
 44750K .......... .......... .......... .......... .......... 18% 98.5M 23s
 44800K .......... .......... .......... .......... .......... 18% 23.4M 23s
 44850K .......... .......... .......... .......... .......... 18%  117M 23s
 44900K .......... .......... .......... .......... .......... 18%  118M 23s
 44950K .......... .......... .......... .......... .......... 18%  117M 23s
 45000K .......... .......... .......... .......... .......... 18%  115M 23s
 45050K .......... .......... .......... .......... .......... 18%  117M 23s
 45100K .......... .......... .......... .......... .......... 18%  117M 23s
 45150K .......... .......... .......... .......... .......... 18%  117M 23s
 45200K .......... .......... .......... .......... .......... 18% 87.1M 23s
 45250K .......... .......... .......... .......... .......... 18%  117M 23s
 45300K .......... .......... .......... .......... .......... 18%  117M 23s
 45350K .......... .......... .......... .......... .......... 18%  117M 23s
 45400K .......... .......... .......... .......... .......... 18%  115M 23s
 45450K .......... .......... .......... .......... .......... 18%  117M 23s
 45500K .......... .......... .......... .......... .......... 18%  117M 23s
 45550K .......... .......... .......... .......... .......... 18%  117M 23s
 45600K .......... .......... .......... .......... .......... 18% 88.8M 23s
 45650K .......... .......... .......... .......... .......... 18%  117M 23s
 45700K .......... .......... .......... .......... .......... 18%  117M 23s
 45750K .......... .......... .......... .......... .......... 18%  117M 23s
 45800K .......... .......... .......... .......... .......... 18%  115M 23s
 45850K .......... .......... .......... .......... .......... 18%  117M 23s
 45900K .......... .......... .......... .......... .......... 18%  117M 23s
 45950K .......... .......... .......... .......... .......... 18%  117M 23s
 46000K .......... .......... .......... .......... .......... 19% 89.1M 23s
 46050K .......... .......... .......... .......... .......... 19%  117M 23s
 46100K .......... .......... .......... .......... .......... 19%  117M 23s
 46150K .......... .......... .......... .......... .......... 19%  117M 23s
 46200K .......... .......... .......... .......... .......... 19%  114M 23s
 46250K .......... .......... .......... .......... .......... 19%  118M 22s
 46300K .......... .......... .......... .......... .......... 19%  117M 22s
 46350K .......... .......... .......... .......... .......... 19%  117M 22s
 46400K .......... .......... .......... .......... .......... 19% 83.4M 22s
 46450K .......... .......... .......... .......... .......... 19%  117M 22s
 46500K .......... .......... .......... .......... .......... 19%  117M 22s
 46550K .......... .......... .......... .......... .......... 19%  117M 22s
 46600K .......... .......... .......... .......... .......... 19%  115M 22s
 46650K .......... .......... .......... .......... .......... 19%  117M 22s
 46700K .......... .......... .......... .......... .......... 19%  116M 22s
 46750K .......... .......... .......... .......... .......... 19%  116M 22s
 46800K .......... .......... .......... .......... .......... 19% 3.17M 22s
 46850K .......... .......... .......... .......... .......... 19% 1.15M 22s
 46900K .......... .......... .......... .......... .......... 19%  500K 23s
 46950K .......... .......... .......... .......... .......... 19%  234M 23s
 47000K .......... .......... .......... .......... .......... 19%  115M 23s
 47050K .......... .......... .......... .......... .......... 19%  117M 23s
 47100K .......... .......... .......... .......... .......... 19% 80.9M 23s
 47150K .......... .......... .......... .......... .......... 19%  116M 23s
 47200K .......... .......... .......... .......... .......... 19% 64.4M 23s
 47250K .......... .......... .......... .......... .......... 19%  117M 23s
 47300K .......... .......... .......... .......... .......... 19%  117M 23s
 47350K .......... .......... .......... .......... .......... 19%  117M 23s
 47400K .......... .......... .......... .......... .......... 19%  115M 22s
 47450K .......... .......... .......... .......... .......... 19% 25.4M 22s
 47500K .......... .......... .......... .......... .......... 19%  117M 22s
 47550K .......... .......... .......... .......... .......... 19%  109M 22s
 47600K .......... .......... .......... .......... .......... 19% 86.7M 22s
 47650K .......... .......... .......... .......... .......... 19%  117M 22s
 47700K .......... .......... .......... .......... .......... 19%  116M 22s
 47750K .......... .......... .......... .......... .......... 19%  117M 22s
 47800K .......... .......... .......... .......... .......... 19%  115M 22s
 47850K .......... .......... .......... .......... .......... 19%  117M 22s
 47900K .......... .......... .......... .......... .......... 19%  117M 22s
 47950K .......... .......... .......... .......... .......... 19% 53.2M 22s
 48000K .......... .......... .......... .......... .......... 19% 88.2M 22s
 48050K .......... .......... .......... .......... .......... 19%  117M 22s
 48100K .......... .......... .......... .......... .......... 19%  117M 22s
 48150K .......... .......... .......... .......... .......... 19%  117M 22s
 48200K .......... .......... .......... .......... .......... 19%  115M 22s
 48250K .......... .......... .......... .......... .......... 19%  117M 22s
 48300K .......... .......... .......... .......... .......... 19%  117M 22s
 48350K .......... .......... .......... .......... .......... 19%  117M 22s
 48400K .......... .......... .......... .......... .......... 19% 89.1M 22s
 48450K .......... .......... .......... .......... .......... 20%  117M 22s
 48500K .......... .......... .......... .......... .......... 20%  117M 22s
 48550K .......... .......... .......... .......... .......... 20%  117M 22s
 48600K .......... .......... .......... .......... .......... 20%  115M 22s
 48650K .......... .......... .......... .......... .......... 20%  117M 22s
 48700K .......... .......... .......... .......... .......... 20%  117M 22s
 48750K .......... .......... .......... .......... .......... 20%  117M 22s
 48800K .......... .......... .......... .......... .......... 20% 87.1M 22s
 48850K .......... .......... .......... .......... .......... 20%  117M 22s
 48900K .......... .......... .......... .......... .......... 20%  117M 22s
 48950K .......... .......... .......... .......... .......... 20%  117M 22s
 49000K .......... .......... .......... .......... .......... 20%  115M 22s
 49050K .......... .......... .......... .......... .......... 20%  117M 22s
 49100K .......... .......... .......... .......... .......... 20%  117M 22s
 49150K .......... .......... .......... .......... .......... 20%  115M 22s
 49200K .......... .......... .......... .......... .......... 20% 89.6M 22s
 49250K .......... .......... .......... .......... .......... 20%  117M 22s
 49300K .......... .......... .......... .......... .......... 20%  117M 21s
 49350K .......... .......... .......... .......... .......... 20%  117M 21s
 49400K .......... .......... .......... .......... .......... 20%  115M 21s
 49450K .......... .......... .......... .......... .......... 20%  117M 21s
 49500K .......... .......... .......... .......... .......... 20% 3.34M 21s
 49550K .......... .......... .......... .......... .......... 20%  350K 22s
 49600K .......... .......... .......... .......... .......... 20%  111M 22s
 49650K .......... .......... .......... .......... .......... 20%  117M 22s
 49700K .......... .......... .......... .......... .......... 20%  117M 22s
 49750K .......... .......... .......... .......... .......... 20%  117M 22s
 49800K .......... .......... .......... .......... .......... 20%  115M 22s
 49850K .......... .......... .......... .......... .......... 20% 73.5M 22s
 49900K .......... .......... .......... .......... .......... 20%  117M 22s
 49950K .......... .......... .......... .......... .......... 20%  117M 22s
 50000K .......... .......... .......... .......... .......... 20% 87.0M 22s
 50050K .......... .......... .......... .......... .......... 20%  117M 22s
 50100K .......... .......... .......... .......... .......... 20% 37.3M 22s
 50150K .......... .......... .......... .......... .......... 20% 97.8M 22s
 50200K .......... .......... .......... .......... .......... 20%  115M 22s
 50250K .......... .......... .......... .......... .......... 20%  117M 22s
 50300K .......... .......... .......... .......... .......... 20%  117M 22s
 50350K .......... .......... .......... .......... .......... 20%  117M 22s
 50400K .......... .......... .......... .......... .......... 20% 89.1M 22s
 50450K .......... .......... .......... .......... .......... 20%  117M 22s
 50500K .......... .......... .......... .......... .......... 20%  117M 21s
 50550K .......... .......... .......... .......... .......... 20%  117M 21s
 50600K .......... .......... .......... .......... .......... 20% 55.0M 21s
 50650K .......... .......... .......... .......... .......... 20%  111M 21s
 50700K .......... .......... .......... .......... .......... 20%  117M 21s
 50750K .......... .......... .......... .......... .......... 20%  117M 21s
 50800K .......... .......... .......... .......... .......... 20% 88.9M 21s
 50850K .......... .......... .......... .......... .......... 21%  116M 21s
 50900K .......... .......... .......... .......... .......... 21%  117M 21s
 50950K .......... .......... .......... .......... .......... 21%  117M 21s
 51000K .......... .......... .......... .......... .......... 21%  115M 21s
 51050K .......... .......... .......... .......... .......... 21% 47.0M 21s
 51100K .......... .......... .......... .......... .......... 21%  117M 21s
 51150K .......... .......... .......... .......... .......... 21%  117M 21s
 51200K .......... .......... .......... .......... .......... 21% 87.0M 21s
 51250K .......... .......... .......... .......... .......... 21%  117M 21s
 51300K .......... .......... .......... .......... .......... 21%  117M 21s
 51350K .......... .......... .......... .......... .......... 21%  116M 21s
 51400K .......... .......... .......... .......... .......... 21%  116M 21s
 51450K .......... .......... .......... .......... .......... 21%  117M 21s
 51500K .......... .......... .......... .......... .......... 21%  115M 21s
 51550K .......... .......... .......... .......... .......... 21%  118M 21s
 51600K .......... .......... .......... .......... .......... 21% 89.3M 21s
 51650K .......... .......... .......... .......... .......... 21%  117M 21s
 51700K .......... .......... .......... .......... .......... 21%  117M 21s
 51750K .......... .......... .......... .......... .......... 21%  117M 21s
 51800K .......... .......... .......... .......... .......... 21%  116M 21s
 51850K .......... .......... .......... .......... .......... 21%  116M 21s
 51900K .......... .......... .......... .......... .......... 21%  116M 21s
 51950K .......... .......... .......... .......... .......... 21%  117M 21s
 52000K .......... .......... .......... .......... .......... 21% 87.0M 21s
 52050K .......... .......... .......... .......... .......... 21%  117M 21s
 52100K .......... .......... .......... .......... .......... 21%  117M 21s
 52150K .......... .......... .......... .......... .......... 21%  117M 21s
 52200K .......... .......... .......... .......... .......... 21% 3.54M 21s
 52250K .......... .......... .......... .......... .......... 21%  350K 21s
 52300K .......... .......... .......... .......... .......... 21%  126M 21s
 52350K .......... .......... .......... .......... .......... 21%  121M 21s
 52400K .......... .......... .......... .......... .......... 21% 89.3M 21s
 52450K .......... .......... .......... .......... .......... 21%  117M 21s
 52500K .......... .......... .......... .......... .......... 21%  117M 21s
 52550K .......... .......... .......... .......... .......... 21%  107M 21s
 52600K .......... .......... .......... .......... .......... 21% 36.0M 21s
 52650K .......... .......... .......... .......... .......... 21%  117M 21s
 52700K .......... .......... .......... .......... .......... 21%  115M 21s
 52750K .......... .......... .......... .......... .......... 21%  117M 21s
 52800K .......... .......... .......... .......... .......... 21% 76.2M 21s
 52850K .......... .......... .......... .......... .......... 21% 95.1M 21s
 52900K .......... .......... .......... .......... .......... 21%  117M 21s
 52950K .......... .......... .......... .......... .......... 21%  117M 21s
 53000K .......... .......... .......... .......... .......... 21%  115M 21s
 53050K .......... .......... .......... .......... .......... 21%  116M 21s
 53100K .......... .......... .......... .......... .......... 21%  117M 21s
 53150K .......... .......... .......... .......... .......... 21%  117M 21s
 53200K .......... .......... .......... .......... .......... 21% 87.0M 21s
 53250K .......... .......... .......... .......... .......... 21%  117M 21s
 53300K .......... .......... .......... .......... .......... 22% 58.3M 21s
 53350K .......... .......... .......... .......... .......... 22%  105M 21s
 53400K .......... .......... .......... .......... .......... 22%  112M 21s
 53450K .......... .......... .......... .......... .......... 22%  117M 21s
 53500K .......... .......... .......... .......... .......... 22%  117M 21s
 53550K .......... .......... .......... .......... .......... 22%  117M 21s
 53600K .......... .......... .......... .......... .......... 22% 89.0M 21s
 53650K .......... .......... .......... .......... .......... 22%  117M 21s
 53700K .......... .......... .......... .......... .......... 22%  117M 21s
 53750K .......... .......... .......... .......... .......... 22% 48.2M 21s
 53800K .......... .......... .......... .......... .......... 22%  115M 20s
 53850K .......... .......... .......... .......... .......... 22%  116M 20s
 53900K .......... .......... .......... .......... .......... 22%  118M 20s
 53950K .......... .......... .......... .......... .......... 22%  117M 20s
 54000K .......... .......... .......... .......... .......... 22% 88.9M 20s
 54050K .......... .......... .......... .......... .......... 22% 39.6M 20s
 54100K .......... .......... .......... .......... .......... 22%  117M 20s
 54150K .......... .......... .......... .......... .......... 22%  118M 20s
 54200K .......... .......... .......... .......... .......... 22%  112M 20s
 54250K .......... .......... .......... .......... .......... 22%  117M 20s
 54300K .......... .......... .......... .......... .......... 22%  117M 20s
 54350K .......... .......... .......... .......... .......... 22%  117M 20s
 54400K .......... .......... .......... .......... .......... 22% 88.9M 20s
 54450K .......... .......... .......... .......... .......... 22%  117M 20s
 54500K .......... .......... .......... .......... .......... 22%  117M 20s
 54550K .......... .......... .......... .......... .......... 22%  116M 20s
 54600K .......... .......... .......... .......... .......... 22%  116M 20s
 54650K .......... .......... .......... .......... .......... 22%  117M 20s
 54700K .......... .......... .......... .......... .......... 22%  117M 20s
 54750K .......... .......... .......... .......... .......... 22%  117M 20s
 54800K .......... .......... .......... .......... .......... 22% 89.1M 20s
 54850K .......... .......... .......... .......... .......... 22%  117M 20s
 54900K .......... .......... .......... .......... .......... 22%  908K 20s
 54950K .......... .......... .......... .......... .......... 22%  496K 20s
 55000K .......... .......... .......... .......... .......... 22%  110M 20s
 55050K .......... .......... .......... .......... .......... 22%  141M 20s
 55100K .......... .......... .......... .......... .......... 22%  116M 20s
 55150K .......... .......... .......... .......... .......... 22%  117M 20s
 55200K .......... .......... .......... .......... .......... 22% 87.0M 20s
 55250K .......... .......... .......... .......... .......... 22% 96.9M 20s
 55300K .......... .......... .......... .......... .......... 22% 40.8M 20s
 55350K .......... .......... .......... .......... .......... 22%  113M 20s
 55400K .......... .......... .......... .......... .......... 22%  111M 20s
 55450K .......... .......... .......... .......... .......... 22%  117M 20s
 55500K .......... .......... .......... .......... .......... 22%  107M 20s
 55550K .......... .......... .......... .......... .......... 22% 91.5M 20s
 55600K .......... .......... .......... .......... .......... 22% 32.0M 20s
 55650K .......... .......... .......... .......... .......... 22%  117M 20s
 55700K .......... .......... .......... .......... .......... 23%  119M 20s
 55750K .......... .......... .......... .......... .......... 23%  113M 20s
 55800K .......... .......... .......... .......... .......... 23%  115M 20s
 55850K .......... .......... .......... .......... .......... 23%  116M 20s
 55900K .......... .......... .......... .......... .......... 23%  117M 20s
 55950K .......... .......... .......... .......... .......... 23%  117M 20s
 56000K .......... .......... .......... .......... .......... 23% 88.8M 20s
 56050K .......... .......... .......... .......... .......... 23%  117M 20s
 56100K .......... .......... .......... .......... .......... 23%  117M 20s
 56150K .......... .......... .......... .......... .......... 23%  117M 20s
 56200K .......... .......... .......... .......... .......... 23%  114M 20s
 56250K .......... .......... .......... .......... .......... 23%  118M 20s
 56300K .......... .......... .......... .......... .......... 23%  117M 20s
 56350K .......... .......... .......... .......... .......... 23%  117M 20s
 56400K .......... .......... .......... .......... .......... 23% 89.0M 20s
 56450K .......... .......... .......... .......... .......... 23% 99.0M 20s
 56500K .......... .......... .......... .......... .......... 23%  108M 20s
 56550K .......... .......... .......... .......... .......... 23%  117M 20s
 56600K .......... .......... .......... .......... .......... 23%  115M 20s
 56650K .......... .......... .......... .......... .......... 23%  116M 20s
 56700K .......... .......... .......... .......... .......... 23%  115M 20s
 56750K .......... .......... .......... .......... .......... 23% 40.2M 20s
 56800K .......... .......... .......... .......... .......... 23% 86.4M 20s
 56850K .......... .......... .......... .......... .......... 23%  110M 20s
 56900K .......... .......... .......... .......... .......... 23%  117M 20s
 56950K .......... .......... .......... .......... .......... 23%  117M 20s
 57000K .......... .......... .......... .......... .......... 23%  115M 20s
 57050K .......... .......... .......... .......... .......... 23%  117M 20s
 57100K .......... .......... .......... .......... .......... 23%  117M 20s
 57150K .......... .......... .......... .......... .......... 23%  117M 20s
 57200K .......... .......... .......... .......... .......... 23% 33.7M 20s
 57250K .......... .......... .......... .......... .......... 23%  116M 20s
 57300K .......... .......... .......... .......... .......... 23%  115M 19s
 57350K .......... .......... .......... .......... .......... 23%  120M 19s
 57400K .......... .......... .......... .......... .......... 23%  115M 19s
 57450K .......... .......... .......... .......... .......... 23%  117M 19s
 57500K .......... .......... .......... .......... .......... 23%  117M 19s
 57550K .......... .......... .......... .......... .......... 23%  117M 19s
 57600K .......... .......... .......... .......... .......... 23% 4.13M 19s
 57650K .......... .......... .......... .......... .......... 23% 1.14M 20s
 57700K .......... .......... .......... .......... .......... 23%  495K 20s
 57750K .......... .......... .......... .......... .......... 23%  134M 20s
 57800K .......... .......... .......... .......... .......... 23%  112M 20s
 57850K .......... .......... .......... .......... .......... 23%  117M 20s
 57900K .......... .......... .......... .......... .......... 23%  109M 20s
 57950K .......... .......... .......... .......... .......... 23% 96.9M 20s
 58000K .......... .......... .......... .......... .......... 23% 38.5M 20s
 58050K .......... .......... .......... .......... .......... 23%  114M 20s
 58100K .......... .......... .......... .......... .......... 24%  115M 20s
 58150K .......... .......... .......... .......... .......... 24%  105M 20s
 58200K .......... .......... .......... .......... .......... 24%  116M 20s
 58250K .......... .......... .......... .......... .......... 24% 92.1M 20s
 58300K .......... .......... .......... .......... .......... 24%  116M 20s
 58350K .......... .......... .......... .......... .......... 24% 35.0M 20s
 58400K .......... .......... .......... .......... .......... 24% 86.7M 20s
 58450K .......... .......... .......... .......... .......... 24%  117M 20s
 58500K .......... .......... .......... .......... .......... 24%  112M 19s
 58550K .......... .......... .......... .......... .......... 24%  117M 19s
 58600K .......... .......... .......... .......... .......... 24%  115M 19s
 58650K .......... .......... .......... .......... .......... 24%  116M 19s
 58700K .......... .......... .......... .......... .......... 24%  117M 19s
 58750K .......... .......... .......... .......... .......... 24%  115M 19s
 58800K .......... .......... .......... .......... .......... 24% 29.6M 19s
 58850K .......... .......... .......... .......... .......... 24%  117M 19s
 58900K .......... .......... .......... .......... .......... 24%  118M 19s
 58950K .......... .......... .......... .......... .......... 24%  117M 19s
 59000K .......... .......... .......... .......... .......... 24%  115M 19s
 59050K .......... .......... .......... .......... .......... 24%  117M 19s
 59100K .......... .......... .......... .......... .......... 24%  116M 19s
 59150K .......... .......... .......... .......... .......... 24%  117M 19s
 59200K .......... .......... .......... .......... .......... 24% 87.1M 19s
 59250K .......... .......... .......... .......... .......... 24%  117M 19s
 59300K .......... .......... .......... .......... .......... 24%  117M 19s
 59350K .......... .......... .......... .......... .......... 24%  117M 19s
 59400K .......... .......... .......... .......... .......... 24%  115M 19s
 59450K .......... .......... .......... .......... .......... 24%  117M 19s
 59500K .......... .......... .......... .......... .......... 24%  117M 19s
 59550K .......... .......... .......... .......... .......... 24%  116M 19s
 59600K .......... .......... .......... .......... .......... 24% 89.4M 19s
 59650K .......... .......... .......... .......... .......... 24%  117M 19s
 59700K .......... .......... .......... .......... .......... 24%  117M 19s
 59750K .......... .......... .......... .......... .......... 24%  117M 19s
 59800K .......... .......... .......... .......... .......... 24%  115M 19s
 59850K .......... .......... .......... .......... .......... 24%  116M 19s
 59900K .......... .......... .......... .......... .......... 24% 42.0M 19s
 59950K .......... .......... .......... .......... .......... 24%  117M 19s
 60000K .......... .......... .......... .......... .......... 24% 84.8M 19s
 60050K .......... .......... .......... .......... .......... 24%  116M 19s
 60100K .......... .......... .......... .......... .......... 24%  117M 19s
 60150K .......... .......... .......... .......... .......... 24% 84.1M 19s
 60200K .......... .......... .......... .......... .......... 24%  115M 19s
 60250K .......... .......... .......... .......... .......... 24%  116M 19s
 60300K .......... .......... .......... .......... .......... 24%  322K 19s
 60350K .......... .......... .......... .......... .......... 24%  130M 19s
 60400K .......... .......... .......... .......... .......... 24% 86.6M 19s
 60450K .......... .......... .......... .......... .......... 24%  117M 19s
 60500K .......... .......... .......... .......... .......... 24%  117M 19s
 60550K .......... .......... .......... .......... .......... 25%  117M 19s
 60600K .......... .......... .......... .......... .......... 25%  115M 19s
 60650K .......... .......... .......... .......... .......... 25%  117M 19s
 60700K .......... .......... .......... .......... .......... 25% 96.8M 19s
 60750K .......... .......... .......... .......... .......... 25% 82.7M 19s
 60800K .......... .......... .......... .......... .......... 25% 88.7M 19s
 60850K .......... .......... .......... .......... .......... 25%  117M 19s
 60900K .......... .......... .......... .......... .......... 25%  117M 19s
 60950K .......... .......... .......... .......... .......... 25%  116M 19s
 61000K .......... .......... .......... .......... .......... 25%  116M 19s
 61050K .......... .......... .......... .......... .......... 25% 50.5M 19s
 61100K .......... .......... .......... .......... .......... 25%  115M 19s
 61150K .......... .......... .......... .......... .......... 25%  113M 19s
 61200K .......... .......... .......... .......... .......... 25% 89.2M 19s
 61250K .......... .......... .......... .......... .......... 25%  108M 19s
 61300K .......... .......... .......... .......... .......... 25%  117M 19s
 61350K .......... .......... .......... .......... .......... 25%  117M 19s
 61400K .......... .......... .......... .......... .......... 25%  115M 19s
 61450K .......... .......... .......... .......... .......... 25%  116M 19s
 61500K .......... .......... .......... .......... .......... 25% 30.6M 19s
 61550K .......... .......... .......... .......... .......... 25%  145M 19s
 61600K .......... .......... .......... .......... .......... 25% 87.1M 19s
 61650K .......... .......... .......... .......... .......... 25%  117M 19s
 61700K .......... .......... .......... .......... .......... 25%  117M 19s
 61750K .......... .......... .......... .......... .......... 25%  117M 19s
 61800K .......... .......... .......... .......... .......... 25%  115M 19s
 61850K .......... .......... .......... .......... .......... 25% 31.0M 19s
 61900K .......... .......... .......... .......... .......... 25%  136M 19s
 61950K .......... .......... .......... .......... .......... 25%  118M 19s
 62000K .......... .......... .......... .......... .......... 25% 88.4M 19s
 62050K .......... .......... .......... .......... .......... 25%  117M 19s
 62100K .......... .......... .......... .......... .......... 25%  117M 19s
 62150K .......... .......... .......... .......... .......... 25%  117M 19s
 62200K .......... .......... .......... .......... .......... 25%  115M 19s
 62250K .......... .......... .......... .......... .......... 25%  117M 18s
 62300K .......... .......... .......... .......... .......... 25%  117M 18s
 62350K .......... .......... .......... .......... .......... 25%  117M 18s
 62400K .......... .......... .......... .......... .......... 25% 87.1M 18s
 62450K .......... .......... .......... .......... .......... 25%  117M 18s
 62500K .......... .......... .......... .......... .......... 25%  117M 18s
 62550K .......... .......... .......... .......... .......... 25%  117M 18s
 62600K .......... .......... .......... .......... .......... 25%  115M 18s
 62650K .......... .......... .......... .......... .......... 25%  117M 18s
 62700K .......... .......... .......... .......... .......... 25%  117M 18s
 62750K .......... .......... .......... .......... .......... 25%  116M 18s
 62800K .......... .......... .......... .......... .......... 25% 88.8M 18s
 62850K .......... .......... .......... .......... .......... 25%  117M 18s
 62900K .......... .......... .......... .......... .......... 25%  117M 18s
 62950K .......... .......... .......... .......... .......... 26%  117M 18s
 63000K .......... .......... .......... .......... .......... 26%  321K 19s
 63050K .......... .......... .......... .......... .......... 26%  252M 19s
 63100K .......... .......... .......... .......... .......... 26%  128M 19s
 63150K .......... .......... .......... .......... .......... 26%  117M 19s
 63200K .......... .......... .......... .......... .......... 26% 88.6M 19s
 63250K .......... .......... .......... .......... .......... 26%  117M 19s
 63300K .......... .......... .......... .......... .......... 26%  117M 19s
 63350K .......... .......... .......... .......... .......... 26%  116M 19s
 63400K .......... .......... .......... .......... .......... 26% 28.6M 19s
 63450K .......... .......... .......... .......... .......... 26%  116M 18s
 63500K .......... .......... .......... .......... .......... 26%  115M 18s
 63550K .......... .......... .......... .......... .......... 26%  117M 18s
 63600K .......... .......... .......... .......... .......... 26% 89.2M 18s
 63650K .......... .......... .......... .......... .......... 26%  117M 18s
 63700K .......... .......... .......... .......... .......... 26%  116M 18s
 63750K .......... .......... .......... .......... .......... 26%  117M 18s
 63800K .......... .......... .......... .......... .......... 26%  115M 18s
 63850K .......... .......... .......... .......... .......... 26%  117M 18s
 63900K .......... .......... .......... .......... .......... 26%  117M 18s
 63950K .......... .......... .......... .......... .......... 26%  117M 18s
 64000K .......... .......... .......... .......... .......... 26% 86.9M 18s
 64050K .......... .......... .......... .......... .......... 26%  117M 18s
 64100K .......... .......... .......... .......... .......... 26%  117M 18s
 64150K .......... .......... .......... .......... .......... 26%  117M 18s
 64200K .......... .......... .......... .......... .......... 26%  115M 18s
 64250K .......... .......... .......... .......... .......... 26%  117M 18s
 64300K .......... .......... .......... .......... .......... 26%  103M 18s
 64350K .......... .......... .......... .......... .......... 26%  114M 18s
 64400K .......... .......... .......... .......... .......... 26% 88.8M 18s
 64450K .......... .......... .......... .......... .......... 26%  117M 18s
 64500K .......... .......... .......... .......... .......... 26%  113M 18s
 64550K .......... .......... .......... .......... .......... 26%  121M 18s
 64600K .......... .......... .......... .......... .......... 26%  115M 18s
 64650K .......... .......... .......... .......... .......... 26% 35.5M 18s
 64700K .......... .......... .......... .......... .......... 26%  117M 18s
 64750K .......... .......... .......... .......... .......... 26% 85.7M 18s
 64800K .......... .......... .......... .......... .......... 26% 88.9M 18s
 64850K .......... .......... .......... .......... .......... 26% 87.4M 18s
 64900K .......... .......... .......... .......... .......... 26% 26.4M 18s
 64950K .......... .......... .......... .......... .......... 26%  121M 18s
 65000K .......... .......... .......... .......... .......... 26%  115M 18s
 65050K .......... .......... .......... .......... .......... 26%  116M 18s
 65100K .......... .......... .......... .......... .......... 26%  117M 18s
 65150K .......... .......... .......... .......... .......... 26%  115M 18s
 65200K .......... .......... .......... .......... .......... 26% 87.4M 18s
 65250K .......... .......... .......... .......... .......... 26%  117M 18s
 65300K .......... .......... .......... .......... .......... 26%  117M 18s
 65350K .......... .......... .......... .......... .......... 26%  117M 18s
 65400K .......... .......... .......... .......... .......... 27%  115M 18s
 65450K .......... .......... .......... .......... .......... 27%  117M 18s
 65500K .......... .......... .......... .......... .......... 27%  117M 18s
 65550K .......... .......... .......... .......... .......... 27%  117M 18s
 65600K .......... .......... .......... .......... .......... 27% 88.9M 18s
 65650K .......... .......... .......... .......... .......... 27%  117M 18s
 65700K .......... .......... .......... .......... .......... 27%  117M 18s
 65750K .......... .......... .......... .......... .......... 27%  117M 18s
 65800K .......... .......... .......... .......... .......... 27%  113M 18s
 65850K .......... .......... .......... .......... .......... 27%  326K 18s
 65900K .......... .......... .......... .......... .......... 27%  168M 18s
 65950K .......... .......... .......... .......... .......... 27%  117M 18s
 66000K .......... .......... .......... .......... .......... 27% 93.4M 18s
 66050K .......... .......... .......... .......... .......... 27%  117M 18s
 66100K .......... .......... .......... .......... .......... 27%  117M 18s
 66150K .......... .......... .......... .......... .......... 27%  116M 18s
 66200K .......... .......... .......... .......... .......... 27% 29.0M 18s
 66250K .......... .......... .......... .......... .......... 27%  117M 18s
 66300K .......... .......... .......... .......... .......... 27%  116M 18s
 66350K .......... .......... .......... .......... .......... 27%  117M 18s
 66400K .......... .......... .......... .......... .......... 27% 87.0M 18s
 66450K .......... .......... .......... .......... .......... 27% 20.9M 18s
 66500K .......... .......... .......... .......... .......... 27%  126M 18s
 66550K .......... .......... .......... .......... .......... 27%  120M 18s
 66600K .......... .......... .......... .......... .......... 27%  114M 18s
 66650K .......... .......... .......... .......... .......... 27%  117M 18s
 66700K .......... .......... .......... .......... .......... 27%  114M 18s
 66750K .......... .......... .......... .......... .......... 27%  117M 18s
 66800K .......... .......... .......... .......... .......... 27% 88.8M 18s
 66850K .......... .......... .......... .......... .......... 27%  117M 18s
 66900K .......... .......... .......... .......... .......... 27%  117M 18s
 66950K .......... .......... .......... .......... .......... 27%  117M 18s
 67000K .......... .......... .......... .......... .......... 27%  115M 18s
 67050K .......... .......... .......... .......... .......... 27%  117M 18s
 67100K .......... .......... .......... .......... .......... 27%  117M 18s
 67150K .......... .......... .......... .......... .......... 27%  117M 18s
 67200K .......... .......... .......... .......... .......... 27% 89.1M 18s
 67250K .......... .......... .......... .......... .......... 27%  117M 18s
 67300K .......... .......... .......... .......... .......... 27%  117M 18s
 67350K .......... .......... .......... .......... .......... 27%  117M 18s
 67400K .......... .......... .......... .......... .......... 27%  115M 18s
 67450K .......... .......... .......... .......... .......... 27%  117M 18s
 67500K .......... .......... .......... .......... .......... 27%  117M 17s
 67550K .......... .......... .......... .......... .......... 27%  116M 17s
 67600K .......... .......... .......... .......... .......... 27% 86.9M 17s
 67650K .......... .......... .......... .......... .......... 27%  117M 17s
 67700K .......... .......... .......... .......... .......... 27%  117M 17s
 67750K .......... .......... .......... .......... .......... 27% 39.3M 17s
 67800K .......... .......... .......... .......... .......... 28%  115M 17s
 67850K .......... .......... .......... .......... .......... 28%  117M 17s
 67900K .......... .......... .......... .......... .......... 28%  117M 17s
 67950K .......... .......... .......... .......... .......... 28%  117M 17s
 68000K .......... .......... .......... .......... .......... 28% 19.7M 17s
 68050K .......... .......... .......... .......... .......... 28%  128M 17s
 68100K .......... .......... .......... .......... .......... 28%  119M 17s
 68150K .......... .......... .......... .......... .......... 28%  113M 17s
 68200K .......... .......... .......... .......... .......... 28%  119M 17s
 68250K .......... .......... .......... .......... .......... 28%  113M 17s
 68300K .......... .......... .......... .......... .......... 28%  117M 17s
 68350K .......... .......... .......... .......... .......... 28%  116M 17s
 68400K .......... .......... .......... .......... .......... 28% 89.3M 17s
 68450K .......... .......... .......... .......... .......... 28%  117M 17s
 68500K .......... .......... .......... .......... .......... 28%  117M 17s
 68550K .......... .......... .......... .......... .......... 28%  117M 17s
 68600K .......... .......... .......... .......... .......... 28%  115M 17s
 68650K .......... .......... .......... .......... .......... 28% 1.21M 17s
 68700K .......... .......... .......... .......... .......... 28%  447K 17s
 68750K .......... .......... .......... .......... .......... 28%  140M 17s
 68800K .......... .......... .......... .......... .......... 28% 89.2M 17s
 68850K .......... .......... .......... .......... .......... 28%  117M 17s
 68900K .......... .......... .......... .......... .......... 28%  117M 17s
 68950K .......... .......... .......... .......... .......... 28%  117M 17s
 69000K .......... .......... .......... .......... .......... 28% 29.5M 17s
 69050K .......... .......... .......... .......... .......... 28%  117M 17s
 69100K .......... .......... .......... .......... .......... 28%  117M 17s
 69150K .......... .......... .......... .......... .......... 28%  115M 17s
 69200K .......... .......... .......... .......... .......... 28% 86.8M 17s
 69250K .......... .......... .......... .......... .......... 28%  117M 17s
 69300K .......... .......... .......... .......... .......... 28% 21.4M 17s
 69350K .......... .......... .......... .......... .......... 28%  112M 17s
 69400K .......... .......... .......... .......... .......... 28%  110M 17s
 69450K .......... .......... .......... .......... .......... 28%  117M 17s
 69500K .......... .......... .......... .......... .......... 28%  117M 17s
 69550K .......... .......... .......... .......... .......... 28%  117M 17s
 69600K .......... .......... .......... .......... .......... 28% 19.9M 17s
 69650K .......... .......... .......... .......... .......... 28%  115M 17s
 69700K .......... .......... .......... .......... .......... 28%  117M 17s
 69750K .......... .......... .......... .......... .......... 28%  115M 17s
 69800K .......... .......... .......... .......... .......... 28%  117M 17s
 69850K .......... .......... .......... .......... .......... 28%  116M 17s
 69900K .......... .......... .......... .......... .......... 28%  117M 17s
 69950K .......... .......... .......... .......... .......... 28%  117M 17s
 70000K .......... .......... .......... .......... .......... 28% 89.1M 17s
 70050K .......... .......... .......... .......... .......... 28%  117M 17s
 70100K .......... .......... .......... .......... .......... 28%  117M 17s
 70150K .......... .......... .......... .......... .......... 28%  117M 17s
 70200K .......... .......... .......... .......... .......... 28%  115M 17s
 70250K .......... .......... .......... .......... .......... 29%  117M 17s
 70300K .......... .......... .......... .......... .......... 29%  117M 17s
 70350K .......... .......... .......... .......... .......... 29%  117M 17s
 70400K .......... .......... .......... .......... .......... 29% 87.0M 17s
 70450K .......... .......... .......... .......... .......... 29%  116M 17s
 70500K .......... .......... .......... .......... .......... 29%  117M 17s
 70550K .......... .......... .......... .......... .......... 29%  117M 17s
 70600K .......... .......... .......... .......... .......... 29%  115M 17s
 70650K .......... .......... .......... .......... .......... 29%  117M 17s
 70700K .......... .......... .......... .......... .......... 29%  117M 17s
 70750K .......... .......... .......... .......... .......... 29%  117M 17s
 70800K .......... .......... .......... .......... .......... 29% 89.0M 17s
 70850K .......... .......... .......... .......... .......... 29% 41.8M 17s
 70900K .......... .......... .......... .......... .......... 29%  100M 17s
 70950K .......... .......... .......... .......... .......... 29%  116M 17s
 71000K .......... .......... .......... .......... .......... 29%  116M 17s
 71050K .......... .......... .......... .......... .......... 29%  117M 17s
 71100K .......... .......... .......... .......... .......... 29%  112M 17s
 71150K .......... .......... .......... .......... .......... 29% 21.2M 17s
 71200K .......... .......... .......... .......... .......... 29% 88.9M 17s
 71250K .......... .......... .......... .......... .......... 29%  118M 17s
 71300K .......... .......... .......... .......... .......... 29%  115M 17s
 71350K .......... .......... .......... .......... .......... 29%  116M 17s
 71400K .......... .......... .......... .......... .......... 29%  115M 17s
 71450K .......... .......... .......... .......... .......... 29% 1.27M 17s
 71500K .......... .......... .......... .......... .......... 29%  446K 17s
 71550K .......... .......... .......... .......... .......... 29%  152M 17s
 71600K .......... .......... .......... .......... .......... 29%  100M 17s
 71650K .......... .......... .......... .......... .......... 29%  117M 17s
 71700K .......... .......... .......... .......... .......... 29%  117M 17s
 71750K .......... .......... .......... .......... .......... 29%  117M 17s
 71800K .......... .......... .......... .......... .......... 29% 39.4M 17s
 71850K .......... .......... .......... .......... .......... 29% 86.5M 17s
 71900K .......... .......... .......... .......... .......... 29%  112M 17s
 71950K .......... .......... .......... .......... .......... 29%  116M 17s
 72000K .......... .......... .......... .......... .......... 29% 88.1M 17s
 72050K .......... .......... .......... .......... .......... 29%  117M 17s
 72100K .......... .......... .......... .......... .......... 29% 22.1M 17s
 72150K .......... .......... .......... .......... .......... 29%  100M 17s
 72200K .......... .......... .......... .......... .......... 29%  107M 17s
 72250K .......... .......... .......... .......... .......... 29%  110M 17s
 72300K .......... .......... .......... .......... .......... 29%  117M 17s
 72350K .......... .......... .......... .......... .......... 29%  117M 17s
 72400K .......... .......... .......... .......... .......... 29% 20.0M 17s
 72450K .......... .......... .......... .......... .......... 29%  117M 17s
 72500K .......... .......... .......... .......... .......... 29%  117M 17s
 72550K .......... .......... .......... .......... .......... 29%  117M 17s
 72600K .......... .......... .......... .......... .......... 29% 20.4M 17s
 72650K .......... .......... .......... .......... .......... 30%  117M 17s
 72700K .......... .......... .......... .......... .......... 30%  114M 17s
 72750K .......... .......... .......... .......... .......... 30%  119M 17s
 72800K .......... .......... .......... .......... .......... 30% 87.1M 17s
 72850K .......... .......... .......... .......... .......... 30%  118M 17s
 72900K .......... .......... .......... .......... .......... 30%  117M 17s
 72950K .......... .......... .......... .......... .......... 30%  117M 17s
 73000K .......... .......... .......... .......... .......... 30%  115M 17s
 73050K .......... .......... .......... .......... .......... 30%  117M 16s
 73100K .......... .......... .......... .......... .......... 30%  117M 16s
 73150K .......... .......... .......... .......... .......... 30%  117M 16s
 73200K .......... .......... .......... .......... .......... 30% 87.0M 16s
 73250K .......... .......... .......... .......... .......... 30%  117M 16s
 73300K .......... .......... .......... .......... .......... 30%  117M 16s
 73350K .......... .......... .......... .......... .......... 30%  117M 16s
 73400K .......... .......... .......... .......... .......... 30%  115M 16s
 73450K .......... .......... .......... .......... .......... 30%  115M 16s
 73500K .......... .......... .......... .......... .......... 30%  118M 16s
 73550K .......... .......... .......... .......... .......... 30%  117M 16s
 73600K .......... .......... .......... .......... .......... 30% 89.2M 16s
 73650K .......... .......... .......... .......... .......... 30%  117M 16s
 73700K .......... .......... .......... .......... .......... 30%  117M 16s
 73750K .......... .......... .......... .......... .......... 30%  117M 16s
 73800K .......... .......... .......... .......... .......... 30%  115M 16s
 73850K .......... .......... .......... .......... .......... 30%  117M 16s
 73900K .......... .......... .......... .......... .......... 30%  117M 16s
 73950K .......... .......... .......... .......... .......... 30%  117M 16s
 74000K .......... .......... .......... .......... .......... 30% 48.3M 16s
 74050K .......... .......... .......... .......... .......... 30%  102M 16s
 74100K .......... .......... .......... .......... .......... 30%  328K 17s
 74150K .......... .......... .......... .......... .......... 30%  138M 17s
 74200K .......... .......... .......... .......... .......... 30%  115M 16s
 74250K .......... .......... .......... .......... .......... 30%  115M 16s
 74300K .......... .......... .......... .......... .......... 30%  118M 16s
 74350K .......... .......... .......... .......... .......... 30%  114M 16s
 74400K .......... .......... .......... .......... .......... 30% 90.6M 16s
 74450K .......... .......... .......... .......... .......... 30%  115M 16s
 74500K .......... .......... .......... .......... .......... 30%  117M 16s
 74550K .......... .......... .......... .......... .......... 30%  117M 16s
 74600K .......... .......... .......... .......... .......... 30%  115M 16s
 74650K .......... .......... .......... .......... .......... 30%  117M 16s
 74700K .......... .......... .......... .......... .......... 30% 63.0M 16s
 74750K .......... .......... .......... .......... .......... 30%  117M 16s
 74800K .......... .......... .......... .......... .......... 30% 87.0M 16s
 74850K .......... .......... .......... .......... .......... 30%  117M 16s
 74900K .......... .......... .......... .......... .......... 30%  117M 16s
 74950K .......... .......... .......... .......... .......... 30%  117M 16s
 75000K .......... .......... .......... .......... .......... 30%  115M 16s
 75050K .......... .......... .......... .......... .......... 30%  117M 16s
 75100K .......... .......... .......... .......... .......... 31%  117M 16s
 75150K .......... .......... .......... .......... .......... 31%  117M 16s
 75200K .......... .......... .......... .......... .......... 31% 88.8M 16s
 75250K .......... .......... .......... .......... .......... 31% 22.5M 16s
 75300K .......... .......... .......... .......... .......... 31% 95.4M 16s
 75350K .......... .......... .......... .......... .......... 31%  109M 16s
 75400K .......... .......... .......... .......... .......... 31%  115M 16s
 75450K .......... .......... .......... .......... .......... 31% 21.6M 16s
 75500K .......... .......... .......... .......... .......... 31% 95.0M 16s
 75550K .......... .......... .......... .......... .......... 31%  117M 16s
 75600K .......... .......... .......... .......... .......... 31% 89.1M 16s
 75650K .......... .......... .......... .......... .......... 31%  116M 16s
 75700K .......... .......... .......... .......... .......... 31% 17.6M 16s
 75750K .......... .......... .......... .......... .......... 31%  117M 16s
 75800K .......... .......... .......... .......... .......... 31%  114M 16s
 75850K .......... .......... .......... .......... .......... 31%  118M 16s
 75900K .......... .......... .......... .......... .......... 31%  114M 16s
 75950K .......... .......... .......... .......... .......... 31%  117M 16s
 76000K .......... .......... .......... .......... .......... 31% 88.6M 16s
 76050K .......... .......... .......... .......... .......... 31%  117M 16s
 76100K .......... .......... .......... .......... .......... 31%  117M 16s
 76150K .......... .......... .......... .......... .......... 31%  116M 16s
 76200K .......... .......... .......... .......... .......... 31%  116M 16s
 76250K .......... .......... .......... .......... .......... 31%  117M 16s
 76300K .......... .......... .......... .......... .......... 31%  117M 16s
 76350K .......... .......... .......... .......... .......... 31%  116M 16s
 76400K .......... .......... .......... .......... .......... 31% 87.2M 16s
 76450K .......... .......... .......... .......... .......... 31%  117M 16s
 76500K .......... .......... .......... .......... .......... 31%  117M 16s
 76550K .......... .......... .......... .......... .......... 31%  117M 16s
 76600K .......... .......... .......... .......... .......... 31%  115M 16s
 76650K .......... .......... .......... .......... .......... 31%  117M 16s
 76700K .......... .......... .......... .......... .......... 31%  117M 16s
 76750K .......... .......... .......... .......... .......... 31%  117M 16s
 76800K .......... .......... .......... .......... .......... 31% 88.8M 16s
 76850K .......... .......... .......... .......... .......... 31%  117M 16s
 76900K .......... .......... .......... .......... .......... 31%  117M 16s
 76950K .......... .......... .......... .......... .......... 31%  117M 16s
 77000K .......... .......... .......... .......... .......... 31%  332K 16s
 77050K .......... .......... .......... .......... .......... 31%  147M 16s
 77100K .......... .......... .......... .......... .......... 31%  135M 16s
 77150K .......... .......... .......... .......... .......... 31%  117M 16s
 77200K .......... .......... .......... .......... .......... 31% 89.1M 16s
 77250K .......... .......... .......... .......... .......... 31% 18.5M 16s
 77300K .......... .......... .......... .......... .......... 31%  117M 16s
 77350K .......... .......... .......... .......... .......... 31%  117M 16s
 77400K .......... .......... .......... .......... .......... 31%  115M 16s
 77450K .......... .......... .......... .......... .......... 31%  113M 16s
 77500K .......... .......... .......... .......... .......... 32%  118M 16s
 77550K .......... .......... .......... .......... .......... 32%  115M 16s
 77600K .......... .......... .......... .......... .......... 32% 54.8M 16s
 77650K .......... .......... .......... .......... .......... 32%  117M 16s
 77700K .......... .......... .......... .......... .......... 32%  117M 16s
 77750K .......... .......... .......... .......... .......... 32%  117M 16s
 77800K .......... .......... .......... .......... .......... 32%  115M 16s
 77850K .......... .......... .......... .......... .......... 32%  117M 16s
 77900K .......... .......... .......... .......... .......... 32%  117M 16s
 77950K .......... .......... .......... .......... .......... 32%  117M 16s
 78000K .......... .......... .......... .......... .......... 32% 87.0M 16s
 78050K .......... .......... .......... .......... .......... 32%  117M 16s
 78100K .......... .......... .......... .......... .......... 32%  117M 16s
 78150K .......... .......... .......... .......... .......... 32%  117M 16s
 78200K .......... .......... .......... .......... .......... 32%  115M 16s
 78250K .......... .......... .......... .......... .......... 32%  116M 16s
 78300K .......... .......... .......... .......... .......... 32%  117M 16s
 78350K .......... .......... .......... .......... .......... 32% 29.6M 16s
 78400K .......... .......... .......... .......... .......... 32% 73.4M 16s
 78450K .......... .......... .......... .......... .......... 32%  116M 16s
 78500K .......... .......... .......... .......... .......... 32%  117M 16s
 78550K .......... .......... .......... .......... .......... 32%  117M 16s
 78600K .......... .......... .......... .......... .......... 32% 17.6M 16s
 78650K .......... .......... .......... .......... .......... 32%  117M 16s
 78700K .......... .......... .......... .......... .......... 32%  117M 16s
 78750K .......... .......... .......... .......... .......... 32% 16.5M 16s
 78800K .......... .......... .......... .......... .......... 32% 88.9M 16s
 78850K .......... .......... .......... .......... .......... 32%  118M 16s
 78900K .......... .......... .......... .......... .......... 32%  117M 16s
 78950K .......... .......... .......... .......... .......... 32%  114M 15s
 79000K .......... .......... .......... .......... .......... 32%  114M 15s
 79050K .......... .......... .......... .......... .......... 32%  118M 15s
 79100K .......... .......... .......... .......... .......... 32%  117M 15s
 79150K .......... .......... .......... .......... .......... 32%  117M 15s
 79200K .......... .......... .......... .......... .......... 32% 89.1M 15s
 79250K .......... .......... .......... .......... .......... 32%  117M 15s
 79300K .......... .......... .......... .......... .......... 32%  117M 15s
 79350K .......... .......... .......... .......... .......... 32%  117M 15s
 79400K .......... .......... .......... .......... .......... 32%  115M 15s
 79450K .......... .......... .......... .......... .......... 32%  117M 15s
 79500K .......... .......... .......... .......... .......... 32%  117M 15s
 79550K .......... .......... .......... .......... .......... 32%  117M 15s
 79600K .......... .......... .......... .......... .......... 32% 87.1M 15s
 79650K .......... .......... .......... .......... .......... 32%  117M 15s
 79700K .......... .......... .......... .......... .......... 32%  117M 15s
 79750K .......... .......... .......... .......... .......... 32%  117M 15s
 79800K .......... .......... .......... .......... .......... 32%  115M 15s
 79850K .......... .......... .......... .......... .......... 32%  337K 16s
 79900K .......... .......... .......... .......... .......... 32%  137M 16s
 79950K .......... .......... .......... .......... .......... 33%  175M 16s
 80000K .......... .......... .......... .......... .......... 33% 88.8M 16s
 80050K .......... .......... .......... .......... .......... 33%  117M 15s
 80100K .......... .......... .......... .......... .......... 33% 19.8M 15s
 80150K .......... .......... .......... .......... .......... 33%  136M 15s
 80200K .......... .......... .......... .......... .......... 33%  107M 15s
 80250K .......... .......... .......... .......... .......... 33% 14.9M 15s
 80300K .......... .......... .......... .......... .......... 33%  119M 15s
 80350K .......... .......... .......... .......... .......... 33%  112M 15s
 80400K .......... .......... .......... .......... .......... 33% 90.7M 15s
 80450K .......... .......... .......... .......... .......... 33%  116M 15s
 80500K .......... .......... .......... .......... .......... 33%  117M 15s
 80550K .......... .......... .......... .......... .......... 33%  116M 15s
 80600K .......... .......... .......... .......... .......... 33%  112M 15s
 80650K .......... .......... .......... .......... .......... 33%  117M 15s
 80700K .......... .......... .......... .......... .......... 33%  115M 15s
 80750K .......... .......... .......... .......... .......... 33%  118M 15s
 80800K .......... .......... .......... .......... .......... 33% 88.9M 15s
 80850K .......... .......... .......... .......... .......... 33%  117M 15s
 80900K .......... .......... .......... .......... .......... 33%  117M 15s
 80950K .......... .......... .......... .......... .......... 33%  117M 15s
 81000K .......... .......... .......... .......... .......... 33%  115M 15s
 81050K .......... .......... .......... .......... .......... 33%  117M 15s
 81100K .......... .......... .......... .......... .......... 33%  117M 15s
 81150K .......... .......... .......... .......... .......... 33%  117M 15s
 81200K .......... .......... .......... .......... .......... 33% 89.1M 15s
 81250K .......... .......... .......... .......... .......... 33%  117M 15s
 81300K .......... .......... .......... .......... .......... 33%  117M 15s
 81350K .......... .......... .......... .......... .......... 33%  117M 15s
 81400K .......... .......... .......... .......... .......... 33%  115M 15s
 81450K .......... .......... .......... .......... .......... 33% 39.3M 15s
 81500K .......... .......... .......... .......... .......... 33% 62.4M 15s
 81550K .......... .......... .......... .......... .......... 33%  112M 15s
 81600K .......... .......... .......... .......... .......... 33% 16.7M 15s
 81650K .......... .......... .......... .......... .......... 33% 82.9M 15s
 81700K .......... .......... .......... .......... .......... 33%  117M 15s
 81750K .......... .......... .......... .......... .......... 33% 16.7M 15s
 81800K .......... .......... .......... .......... .......... 33%  119M 15s
 81850K .......... .......... .......... .......... .......... 33%  116M 15s
 81900K .......... .......... .......... .......... .......... 33%  115M 15s
 81950K .......... .......... .......... .......... .......... 33%  119M 15s
 82000K .......... .......... .......... .......... .......... 33% 87.9M 15s
 82050K .......... .......... .......... .......... .......... 33%  116M 15s
 82100K .......... .......... .......... .......... .......... 33%  116M 15s
 82150K .......... .......... .......... .......... .......... 33%  117M 15s
 82200K .......... .......... .......... .......... .......... 33%  115M 15s
 82250K .......... .......... .......... .......... .......... 33%  117M 15s
 82300K .......... .......... .......... .......... .......... 33%  117M 15s
 82350K .......... .......... .......... .......... .......... 34%  117M 15s
 82400K .......... .......... .......... .......... .......... 34% 87.1M 15s
 82450K .......... .......... .......... .......... .......... 34%  117M 15s
 82500K .......... .......... .......... .......... .......... 34%  117M 15s
 82550K .......... .......... .......... .......... .......... 34%  117M 15s
 82600K .......... .......... .......... .......... .......... 34%  115M 15s
 82650K .......... .......... .......... .......... .......... 34%  117M 15s
 82700K .......... .......... .......... .......... .......... 34%  117M 15s
 82750K .......... .......... .......... .......... .......... 34%  342K 15s
 82800K .......... .......... .......... .......... .......... 34%  128M 15s
 82850K .......... .......... .......... .......... .......... 34%  125M 15s
 82900K .......... .......... .......... .......... .......... 34%  117M 15s
 82950K .......... .......... .......... .......... .......... 34%  117M 15s
 83000K .......... .......... .......... .......... .......... 34% 19.5M 15s
 83050K .......... .......... .......... .......... .......... 34%  122M 15s
 83100K .......... .......... .......... .......... .......... 34% 15.3M 15s
 83150K .......... .......... .......... .......... .......... 34%  132M 15s
 83200K .......... .......... .......... .......... .......... 34% 86.9M 15s
 83250K .......... .......... .......... .......... .......... 34%  109M 15s
 83300K .......... .......... .......... .......... .......... 34%  117M 15s
 83350K .......... .......... .......... .......... .......... 34% 17.3M 15s
 83400K .......... .......... .......... .......... .......... 34%  115M 15s
 83450K .......... .......... .......... .......... .......... 34%  116M 15s
 83500K .......... .......... .......... .......... .......... 34%  115M 15s
 83550K .......... .......... .......... .......... .......... 34%  115M 15s
 83600K .......... .......... .......... .......... .......... 34%  274K 15s
 83650K .......... .......... .......... .......... .......... 34%  590M 15s
 83700K .......... .......... .......... .......... .......... 34%  722M 15s
 83750K .......... .......... .......... .......... .......... 34% 1.02G 15s
 83800K .......... .......... .......... .......... .......... 34%  720M 15s
 83850K .......... .......... .......... .......... .......... 34%  950M 15s
 83900K .......... .......... .......... .......... .......... 34% 1.04G 15s
 83950K .......... .......... .......... .......... .......... 34% 1.04G 15s
 84000K .......... .......... .......... .......... .......... 34%  874M 15s
 84050K .......... .......... .......... .......... .......... 34%  901M 15s
 84100K .......... .......... .......... .......... .......... 34% 1.04G 15s
 84150K .......... .......... .......... .......... .......... 34% 1.03G 15s
 84200K .......... .......... .......... .......... .......... 34%  966M 15s
 84250K .......... .......... .......... .......... .......... 34%  964M 15s
 84300K .......... .......... .......... .......... .......... 34%  994M 15s
 84350K .......... .......... .......... .......... .......... 34% 1.02G 15s
 84400K .......... .......... .......... .......... .......... 34%  886M 15s
 84450K .......... .......... .......... .......... .......... 34% 1008M 15s
 84500K .......... .......... .......... .......... .......... 34% 1.08G 15s
 84550K .......... .......... .......... .......... .......... 34%  410M 15s
 84600K .......... .......... .......... .......... .......... 34%  951M 15s
 84650K .......... .......... .......... .......... .......... 34%  955M 15s
 84700K .......... .......... .......... .......... .......... 34% 1.08G 15s
 84750K .......... .......... .......... .......... .......... 35% 1.03G 15s
 84800K .......... .......... .......... .......... .......... 35%  869M 15s
 84850K .......... .......... .......... .......... .......... 35%  993M 15s
 84900K .......... .......... .......... .......... .......... 35% 1.06G 15s
 84950K .......... .......... .......... .......... .......... 35% 1.07G 15s
 85000K .......... .......... .......... .......... .......... 35% 1010M 15s
 85050K .......... .......... .......... .......... .......... 35%  952M 15s
 85100K .......... .......... .......... .......... .......... 35% 1.08G 15s
 85150K .......... .......... .......... .......... .......... 35% 1.08G 15s
 85200K .......... .......... .......... .......... .......... 35%  936M 15s
 85250K .......... .......... .......... .......... .......... 35% 1021M 15s
 85300K .......... .......... .......... .......... .......... 35% 1.12G 15s
 85350K .......... .......... .......... .......... .......... 35% 1.04G 15s
 85400K .......... .......... .......... .......... .......... 35%  914M 15s
 85450K .......... .......... .......... .......... .......... 35% 1.02G 15s
 85500K .......... .......... .......... .......... .......... 35% 1.08G 15s
 85550K .......... .......... .......... .......... .......... 35% 1.11G 15s
 85600K .......... .......... .......... .......... .......... 35%  832M 15s
 85650K .......... .......... .......... .......... .......... 35% 1.15G 15s
 85700K .......... .......... .......... .......... .......... 35% 1.15G 15s
 85750K .......... .......... .......... .......... .......... 35% 1.06G 15s
 85800K .......... .......... .......... .......... .......... 35%  915M 15s
 85850K .......... .......... .......... .......... .......... 35% 1010M 15s
 85900K .......... .......... .......... .......... .......... 35% 1.04G 15s
 85950K .......... .......... .......... .......... .......... 35% 1.00G 15s
 86000K .......... .......... .......... .......... .......... 35%  824M 15s
 86050K .......... .......... .......... .......... .......... 35% 1.06G 15s
 86100K .......... .......... .......... .......... .......... 35%  987M 15s
 86150K .......... .......... .......... .......... .......... 35% 1.04G 15s
 86200K .......... .......... .......... .......... .......... 35%  901M 15s
 86250K .......... .......... .......... .......... .......... 35% 1.07G 15s
 86300K .......... .......... .......... .......... .......... 35% 1.05G 15s
 86350K .......... .......... .......... .......... .......... 35%  980M 14s
 86400K .......... .......... .......... .......... .......... 35%  279K 15s
 86450K .......... .......... .......... .......... .......... 35%  164M 15s
 86500K .......... .......... .......... .......... .......... 35%  117M 15s
 86550K .......... .......... .......... .......... .......... 35%  116M 15s
 86600K .......... .......... .......... .......... .......... 35%  113M 15s
 86650K .......... .......... .......... .......... .......... 35%  117M 15s
 86700K .......... .......... .......... .......... .......... 35%  118M 15s
 86750K .......... .......... .......... .......... .......... 35%  275K 15s
 86800K .......... .......... .......... .......... .......... 35% 71.6M 15s
 86850K .......... .......... .......... .......... .......... 35%  549M 15s
 86900K .......... .......... .......... .......... .......... 35%  143M 15s
 86950K .......... .......... .......... .......... .......... 35%  858M 15s
 87000K .......... .......... .......... .......... .......... 35% 89.2M 15s
 87050K .......... .......... .......... .......... .......... 35% 93.0M 15s
 87100K .......... .......... .......... .......... .......... 35%  188M 15s
 87150K .......... .......... .......... .......... .......... 35%  114M 15s
 87200K .......... .......... .......... .......... .......... 36% 58.2M 15s
 87250K .......... .......... .......... .......... .......... 36%  233M 15s
 87300K .......... .......... .......... .......... .......... 36% 1.13G 15s
 87350K .......... .......... .......... .......... .......... 36% 1.08G 15s
 87400K .......... .......... .......... .......... .......... 36%  347M 15s
 87450K .......... .......... .......... .......... .......... 36%  135M 15s
 87500K .......... .......... .......... .......... .......... 36%  131M 15s
 87550K .......... .......... .......... .......... .......... 36% 62.0M 15s
 87600K .......... .......... .......... .......... .......... 36%  762M 15s
 87650K .......... .......... .......... .......... .......... 36% 1.08G 15s
 87700K .......... .......... .......... .......... .......... 36% 1.15G 15s
 87750K .......... .......... .......... .......... .......... 36% 1.14G 15s
 87800K .......... .......... .......... .......... .......... 36%  938M 15s
 87850K .......... .......... .......... .......... .......... 36% 1.05G 15s
 87900K .......... .......... .......... .......... .......... 36% 1.12G 15s
 87950K .......... .......... .......... .......... .......... 36% 1.14G 15s
 88000K .......... .......... .......... .......... .......... 36%  855M 15s
 88050K .......... .......... .......... .......... .......... 36% 13.6M 15s
 88100K .......... .......... .......... .......... .......... 36% 94.6M 15s
 88150K .......... .......... .......... .......... .......... 36%  104M 15s
 88200K .......... .......... .......... .......... .......... 36%  118M 15s
 88250K .......... .......... .......... .......... .......... 36%  536M 15s
 88300K .......... .......... .......... .......... .......... 36% 1.14G 15s
 88350K .......... .......... .......... .......... .......... 36%  963M 15s
 88400K .......... .......... .......... .......... .......... 36%  942M 15s
 88450K .......... .......... .......... .......... .......... 36% 1.12G 15s
 88500K .......... .......... .......... .......... .......... 36% 1.14G 15s
 88550K .......... .......... .......... .......... .......... 36% 1.02G 15s
 88600K .......... .......... .......... .......... .......... 36%  866M 15s
 88650K .......... .......... .......... .......... .......... 36% 1.10G 15s
 88700K .......... .......... .......... .......... .......... 36% 1.10G 15s
 88750K .......... .......... .......... .......... .......... 36% 1003M 15s
 88800K .......... .......... .......... .......... .......... 36%  958M 15s
 88850K .......... .......... .......... .......... .......... 36% 1.02G 15s
 88900K .......... .......... .......... .......... .......... 36% 1.07G 14s
 88950K .......... .......... .......... .......... .......... 36% 1005M 14s
 89000K .......... .......... .......... .......... .......... 36% 1.01G 14s
 89050K .......... .......... .......... .......... .......... 36% 1014M 14s
 89100K .......... .......... .......... .......... .......... 36% 1.03G 14s
 89150K .......... .......... .......... .......... .......... 36% 1022M 14s
 89200K .......... .......... .......... .......... .......... 36%  935M 14s
 89250K .......... .......... .......... .......... .......... 36% 1.13G 14s
 89300K .......... .......... .......... .......... .......... 36% 1.13G 14s
 89350K .......... .......... .......... .......... .......... 36%  998M 14s
 89400K .......... .......... .......... .......... .......... 36%  989M 14s
 89450K .......... .......... .......... .......... .......... 36% 1.10G 14s
 89500K .......... .......... .......... .......... .......... 36% 1.12G 14s
 89550K .......... .......... .......... .......... .......... 36%  300K 15s
 89600K .......... .......... .......... .......... .......... 37%  134M 15s
 89650K .......... .......... .......... .......... .......... 37%  135M 15s
 89700K .......... .......... .......... .......... .......... 37%  117M 15s
 89750K .......... .......... .......... .......... .......... 37%  117M 15s
 89800K .......... .......... .......... .......... .......... 37% 7.28M 15s
 89850K .......... .......... .......... .......... .......... 37%  117M 15s
 89900K .......... .......... .......... .......... .......... 37%  116M 15s
 89950K .......... .......... .......... .......... .......... 37%  117M 15s
 90000K .......... .......... .......... .......... .......... 37% 88.9M 15s
 90050K .......... .......... .......... .......... .......... 37%  117M 15s
 90100K .......... .......... .......... .......... .......... 37%  117M 14s
 90150K .......... .......... .......... .......... .......... 37%  117M 14s
 90200K .......... .......... .......... .......... .......... 37%  115M 14s
 90250K .......... .......... .......... .......... .......... 37%  117M 14s
 90300K .......... .......... .......... .......... .......... 37%  117M 14s
 90350K .......... .......... .......... .......... .......... 37%  116M 14s
 90400K .......... .......... .......... .......... .......... 37% 87.4M 14s
 90450K .......... .......... .......... .......... .......... 37%  116M 14s
 90500K .......... .......... .......... .......... .......... 37%  117M 14s
 90550K .......... .......... .......... .......... .......... 37%  117M 14s
 90600K .......... .......... .......... .......... .......... 37%  115M 14s
 90650K .......... .......... .......... .......... .......... 37%  117M 14s
 90700K .......... .......... .......... .......... .......... 37%  115M 14s
 90750K .......... .......... .......... .......... .......... 37%  118M 14s
 90800K .......... .......... .......... .......... .......... 37% 88.9M 14s
 90850K .......... .......... .......... .......... .......... 37%  117M 14s
 90900K .......... .......... .......... .......... .......... 37%  117M 14s
 90950K .......... .......... .......... .......... .......... 37%  117M 14s
 91000K .......... .......... .......... .......... .......... 37%  306K 15s
 91050K .......... .......... .......... .......... .......... 37%  117M 15s
 91100K .......... .......... .......... .......... .......... 37%  116M 15s
 91150K .......... .......... .......... .......... .......... 37%  118M 15s
 91200K .......... .......... .......... .......... .......... 37% 7.42M 15s
 91250K .......... .......... .......... .......... .......... 37%  107M 14s
 91300K .......... .......... .......... .......... .......... 37%  117M 14s
 91350K .......... .......... .......... .......... .......... 37%  117M 14s
 91400K .......... .......... .......... .......... .......... 37%  115M 14s
 91450K .......... .......... .......... .......... .......... 37%  117M 14s
 91500K .......... .......... .......... .......... .......... 37%  117M 14s
 91550K .......... .......... .......... .......... .......... 37%  117M 14s
 91600K .......... .......... .......... .......... .......... 37% 88.8M 14s
 91650K .......... .......... .......... .......... .......... 37%  117M 14s
 91700K .......... .......... .......... .......... .......... 37%  117M 14s
 91750K .......... .......... .......... .......... .......... 37%  117M 14s
 91800K .......... .......... .......... .......... .......... 37%  115M 14s
 91850K .......... .......... .......... .......... .......... 37%  117M 14s
 91900K .......... .......... .......... .......... .......... 37%  117M 14s
 91950K .......... .......... .......... .......... .......... 37%  116M 14s
 92000K .......... .......... .......... .......... .......... 37% 89.3M 14s
 92050K .......... .......... .......... .......... .......... 38%  117M 14s
 92100K .......... .......... .......... .......... .......... 38%  116M 14s
 92150K .......... .......... .......... .......... .......... 38%  117M 14s
 92200K .......... .......... .......... .......... .......... 38%  115M 14s
 92250K .......... .......... .......... .......... .......... 38%  117M 14s
 92300K .......... .......... .......... .......... .......... 38%  117M 14s
 92350K .......... .......... .......... .......... .......... 38%  117M 14s
 92400K .......... .......... .......... .......... .......... 38% 87.1M 14s
 92450K .......... .......... .......... .......... .......... 38%  306K 14s
 92500K .......... .......... .......... .......... .......... 38%  134M 14s
 92550K .......... .......... .......... .......... .......... 38%  124M 14s
 92600K .......... .......... .......... .......... .......... 38%  116M 14s
 92650K .......... .......... .......... .......... .......... 38%  117M 14s
 92700K .......... .......... .......... .......... .......... 38% 7.85M 14s
 92750K .......... .......... .......... .......... .......... 38%  106M 14s
 92800K .......... .......... .......... .......... .......... 38% 85.6M 14s
 92850K .......... .......... .......... .......... .......... 38%  117M 14s
 92900K .......... .......... .......... .......... .......... 38%  117M 14s
 92950K .......... .......... .......... .......... .......... 38%  117M 14s
 93000K .......... .......... .......... .......... .......... 38%  115M 14s
 93050K .......... .......... .......... .......... .......... 38%  115M 14s
 93100K .......... .......... .......... .......... .......... 38%  118M 14s
 93150K .......... .......... .......... .......... .......... 38%  117M 14s
 93200K .......... .......... .......... .......... .......... 38% 88.8M 14s
 93250K .......... .......... .......... .......... .......... 38%  117M 14s
 93300K .......... .......... .......... .......... .......... 38%  117M 14s
 93350K .......... .......... .......... .......... .......... 38%  117M 14s
 93400K .......... .......... .......... .......... .......... 38%  115M 14s
 93450K .......... .......... .......... .......... .......... 38%  117M 14s
 93500K .......... .......... .......... .......... .......... 38%  117M 14s
 93550K .......... .......... .......... .......... .......... 38%  116M 14s
 93600K .......... .......... .......... .......... .......... 38% 87.4M 14s
 93650K .......... .......... .......... .......... .......... 38%  117M 14s
 93700K .......... .......... .......... .......... .......... 38%  117M 14s
 93750K .......... .......... .......... .......... .......... 38%  117M 14s
 93800K .......... .......... .......... .......... .......... 38%  115M 14s
 93850K .......... .......... .......... .......... .......... 38%  117M 14s
 93900K .......... .......... .......... .......... .......... 38%  116M 14s
 93950K .......... .......... .......... .......... .......... 38%  306K 14s
 94000K .......... .......... .......... .......... .......... 38%  106M 14s
 94050K .......... .......... .......... .......... .......... 38%  131M 14s
 94100K .......... .......... .......... .......... .......... 38%  117M 14s
 94150K .......... .......... .......... .......... .......... 38% 14.8M 14s
 94200K .......... .......... .......... .......... .......... 38% 16.1M 14s
 94250K .......... .......... .......... .......... .......... 38%  108M 14s
 94300K .......... .......... .......... .......... .......... 38%  114M 14s
 94350K .......... .......... .......... .......... .......... 38%  117M 14s
 94400K .......... .......... .......... .......... .......... 38% 88.9M 14s
 94450K .......... .......... .......... .......... .......... 39%  117M 14s
 94500K .......... .......... .......... .......... .......... 39%  114M 14s
 94550K .......... .......... .......... .......... .......... 39%  117M 14s
 94600K .......... .......... .......... .......... .......... 39%  115M 14s
 94650K .......... .......... .......... .......... .......... 39%  117M 14s
 94700K .......... .......... .......... .......... .......... 39%  117M 14s
 94750K .......... .......... .......... .......... .......... 39%  117M 14s
 94800K .......... .......... .......... .......... .......... 39% 88.9M 14s
 94850K .......... .......... .......... .......... .......... 39%  117M 14s
 94900K .......... .......... .......... .......... .......... 39%  117M 14s
 94950K .......... .......... .......... .......... .......... 39%  117M 14s
 95000K .......... .......... .......... .......... .......... 39%  115M 14s
 95050K .......... .......... .......... .......... .......... 39%  116M 14s
 95100K .......... .......... .......... .......... .......... 39%  117M 14s
 95150K .......... .......... .......... .......... .......... 39%  117M 14s
 95200K .......... .......... .......... .......... .......... 39% 89.1M 14s
 95250K .......... .......... .......... .......... .......... 39%  117M 14s
 95300K .......... .......... .......... .......... .......... 39%  117M 14s
 95350K .......... .......... .......... .......... .......... 39%  117M 14s
 95400K .......... .......... .......... .......... .......... 39%  114M 14s
 95450K .......... .......... .......... .......... .......... 39%  306K 14s
 95500K .......... .......... .......... .......... .......... 39%  158M 14s
 95550K .......... .......... .......... .......... .......... 39%  119M 14s
 95600K .......... .......... .......... .......... .......... 39% 87.1M 14s
 95650K .......... .......... .......... .......... .......... 39% 16.7M 14s
 95700K .......... .......... .......... .......... .......... 39% 15.2M 14s
 95750K .......... .......... .......... .......... .......... 39%  108M 14s
 95800K .......... .......... .......... .......... .......... 39%  106M 14s
 95850K .......... .......... .......... .......... .......... 39%  117M 14s
 95900K .......... .......... .......... .......... .......... 39%  117M 14s
 95950K .......... .......... .......... .......... .......... 39%  117M 14s
 96000K .......... .......... .......... .......... .......... 39% 89.0M 14s
 96050K .......... .......... .......... .......... .......... 39%  117M 14s
 96100K .......... .......... .......... .......... .......... 39%  117M 14s
 96150K .......... .......... .......... .......... .......... 39%  117M 14s
 96200K .......... .......... .......... .......... .......... 39%  115M 14s
 96250K .......... .......... .......... .......... .......... 39%  117M 14s
 96300K .......... .......... .......... .......... .......... 39%  117M 14s
 96350K .......... .......... .......... .......... .......... 39%  117M 14s
 96400K .......... .......... .......... .......... .......... 39% 89.0M 14s
 96450K .......... .......... .......... .......... .......... 39%  117M 14s
 96500K .......... .......... .......... .......... .......... 39%  117M 14s
 96550K .......... .......... .......... .......... .......... 39%  116M 14s
 96600K .......... .......... .......... .......... .......... 39%  116M 14s
 96650K .......... .......... .......... .......... .......... 39%  117M 14s
 96700K .......... .......... .......... .......... .......... 39%  117M 14s
 96750K .......... .......... .......... .......... .......... 39%  117M 14s
 96800K .......... .......... .......... .......... .......... 39% 87.0M 14s
 96850K .......... .......... .......... .......... .......... 39%  117M 14s
 96900K .......... .......... .......... .......... .......... 40%  117M 14s
 96950K .......... .......... .......... .......... .......... 40%  305K 14s
 97000K .......... .......... .......... .......... .......... 40%  202M 14s
 97050K .......... .......... .......... .......... .......... 40%  118M 14s
 97100K .......... .......... .......... .......... .......... 40%  117M 14s
 97150K .......... .......... .......... .......... .......... 40%  116M 14s
 97200K .......... .......... .......... .......... .......... 40% 8.61M 14s
 97250K .......... .......... .......... .......... .......... 40%  117M 14s
 97300K .......... .......... .......... .......... .......... 40%  117M 14s
 97350K .......... .......... .......... .......... .......... 40%  110M 14s
 97400K .......... .......... .......... .......... .......... 40%  113M 14s
 97450K .......... .......... .......... .......... .......... 40%  115M 14s
 97500K .......... .......... .......... .......... .......... 40%  117M 14s
 97550K .......... .......... .......... .......... .......... 40%  117M 14s
 97600K .......... .......... .......... .......... .......... 40% 89.2M 14s
 97650K .......... .......... .......... .......... .......... 40%  117M 14s
 97700K .......... .......... .......... .......... .......... 40%  117M 14s
 97750K .......... .......... .......... .......... .......... 40%  117M 14s
 97800K .......... .......... .......... .......... .......... 40%  112M 14s
 97850K .......... .......... .......... .......... .......... 40%  116M 14s
 97900K .......... .......... .......... .......... .......... 40%  117M 14s
 97950K .......... .......... .......... .......... .......... 40%  116M 14s
 98000K .......... .......... .......... .......... .......... 40% 89.4M 14s
 98050K .......... .......... .......... .......... .......... 40%  118M 14s
 98100K .......... .......... .......... .......... .......... 40%  116M 14s
 98150K .......... .......... .......... .......... .......... 40%  117M 14s
 98200K .......... .......... .......... .......... .......... 40%  115M 14s
 98250K .......... .......... .......... .......... .......... 40%  117M 14s
 98300K .......... .......... .......... .......... .......... 40%  117M 14s
 98350K .......... .......... .......... .......... .......... 40%  117M 14s
 98400K .......... .......... .......... .......... .......... 40% 88.9M 14s
 98450K .......... .......... .......... .......... .......... 40%  117M 14s
 98500K .......... .......... .......... .......... .......... 40%  305K 14s
 98550K .......... .......... .......... .......... .......... 40%  154M 14s
 98600K .......... .......... .......... .......... .......... 40%  116M 14s
 98650K .......... .......... .......... .......... .......... 40%  117M 14s
 98700K .......... .......... .......... .......... .......... 40%  117M 14s
 98750K .......... .......... .......... .......... .......... 40% 9.35M 14s
 98800K .......... .......... .......... .......... .......... 40% 79.0M 14s
 98850K .......... .......... .......... .......... .......... 40%  116M 14s
 98900K .......... .......... .......... .......... .......... 40%  112M 14s
 98950K .......... .......... .......... .......... .......... 40%  114M 14s
 99000K .......... .......... .......... .......... .......... 40%  115M 14s
 99050K .......... .......... .......... .......... .......... 40%  115M 14s
 99100K .......... .......... .......... .......... .......... 40%  117M 14s
 99150K .......... .......... .......... .......... .......... 40%  117M 14s
 99200K .......... .......... .......... .......... .......... 40% 89.1M 14s
 99250K .......... .......... .......... .......... .......... 40%  117M 14s
 99300K .......... .......... .......... .......... .......... 41%  117M 14s
 99350K .......... .......... .......... .......... .......... 41%  117M 14s
 99400K .......... .......... .......... .......... .......... 41%  115M 14s
 99450K .......... .......... .......... .......... .......... 41%  117M 14s
 99500K .......... .......... .......... .......... .......... 41%  117M 14s
 99550K .......... .......... .......... .......... .......... 41%  117M 14s
 99600K .......... .......... .......... .......... .......... 41% 89.0M 14s
 99650K .......... .......... .......... .......... .......... 41%  117M 14s
 99700K .......... .......... .......... .......... .......... 41%  117M 14s
 99750K .......... .......... .......... .......... .......... 41%  117M 14s
 99800K .......... .......... .......... .......... .......... 41%  115M 14s
 99850K .......... .......... .......... .......... .......... 41%  117M 14s
 99900K .......... .......... .......... .......... .......... 41%  117M 14s
 99950K .......... .......... .......... .......... .......... 41%  117M 14s
100000K .......... .......... .......... .......... .......... 41% 87.1M 14s
100050K .......... .......... .......... .......... .......... 41%  305K 14s
100100K .......... .......... .......... .......... .......... 41%  142M 14s
100150K .......... .......... .......... .......... .......... 41%  130M 14s
100200K .......... .......... .......... .......... .......... 41%  115M 14s
100250K .......... .......... .......... .......... .......... 41%  116M 14s
100300K .......... .......... .......... .......... .......... 41% 9.68M 14s
100350K .......... .......... .......... .......... .......... 41%  106M 14s
100400K .......... .......... .......... .......... .......... 41% 87.4M 14s
100450K .......... .......... .......... .......... .......... 41%  113M 14s
100500K .......... .......... .......... .......... .......... 41%  117M 14s
100550K .......... .......... .......... .......... .......... 41%  114M 14s
100600K .......... .......... .......... .......... .......... 41%  115M 14s
100650K .......... .......... .......... .......... .......... 41%  114M 14s
100700K .......... .......... .......... .......... .......... 41%  115M 14s
100750K .......... .......... .......... .......... .......... 41%  117M 14s
100800K .......... .......... .......... .......... .......... 41% 89.1M 14s
100850K .......... .......... .......... .......... .......... 41%  117M 14s
100900K .......... .......... .......... .......... .......... 41%  117M 14s
100950K .......... .......... .......... .......... .......... 41%  117M 14s
101000K .......... .......... .......... .......... .......... 41%  115M 14s
101050K .......... .......... .......... .......... .......... 41%  117M 14s
101100K .......... .......... .......... .......... .......... 41%  117M 14s
101150K .......... .......... .......... .......... .......... 41%  113M 14s
101200K .......... .......... .......... .......... .......... 41% 89.1M 14s
101250K .......... .......... .......... .......... .......... 41%  117M 14s
101300K .......... .......... .......... .......... .......... 41%  117M 14s
101350K .......... .......... .......... .......... .......... 41%  117M 14s
101400K .......... .......... .......... .......... .......... 41%  115M 14s
101450K .......... .......... .......... .......... .......... 41%  117M 14s
101500K .......... .......... .......... .......... .......... 41%  116M 14s
101550K .......... .......... .......... .......... .......... 41%  117M 14s
101600K .......... .......... .......... .......... .......... 41% 88.9M 14s
101650K .......... .......... .......... .......... .......... 41%  305K 14s
101700K .......... .......... .......... .......... .......... 41%  182M 14s
101750K .......... .......... .......... .......... .......... 42%  117M 14s
101800K .......... .......... .......... .......... .......... 42%  115M 14s
101850K .......... .......... .......... .......... .......... 42% 27.9M 14s
101900K .......... .......... .......... .......... .......... 42% 13.7M 14s
101950K .......... .......... .......... .......... .......... 42%  116M 14s
102000K .......... .......... .......... .......... .......... 42% 86.9M 14s
102050K .......... .......... .......... .......... .......... 42%  110M 14s
102100K .......... .......... .......... .......... .......... 42%  111M 14s
102150K .......... .......... .......... .......... .......... 42%  117M 14s
102200K .......... .......... .......... .......... .......... 42%  115M 14s
102250K .......... .......... .......... .......... .......... 42%  117M 14s
102300K .......... .......... .......... .......... .......... 42%  117M 14s
102350K .......... .......... .......... .......... .......... 42%  117M 14s
102400K .......... .......... .......... .......... .......... 42% 89.1M 14s
102450K .......... .......... .......... .......... .......... 42%  117M 14s
102500K .......... .......... .......... .......... .......... 42%  117M 14s
102550K .......... .......... .......... .......... .......... 42%  117M 14s
102600K .......... .......... .......... .......... .......... 42%  115M 14s
102650K .......... .......... .......... .......... .......... 42%  115M 14s
102700K .......... .......... .......... .......... .......... 42%  118M 14s
102750K .......... .......... .......... .......... .......... 42%  117M 14s
102800K .......... .......... .......... .......... .......... 42% 89.4M 14s
102850K .......... .......... .......... .......... .......... 42%  117M 14s
102900K .......... .......... .......... .......... .......... 42%  117M 14s
102950K .......... .......... .......... .......... .......... 42%  117M 14s
103000K .......... .......... .......... .......... .......... 42%  115M 14s
103050K .......... .......... .......... .......... .......... 42%  117M 14s
103100K .......... .......... .......... .......... .......... 42%  117M 14s
103150K .......... .......... .......... .......... .......... 42%  117M 14s
103200K .......... .......... .......... .......... .......... 42%  305K 14s
103250K .......... .......... .......... .......... .......... 42%  129M 14s
103300K .......... .......... .......... .......... .......... 42%  128M 14s
103350K .......... .......... .......... .......... .......... 42%  117M 14s
103400K .......... .......... .......... .......... .......... 42%  115M 14s
103450K .......... .......... .......... .......... .......... 42% 11.7M 14s
103500K .......... .......... .......... .......... .......... 42% 58.2M 14s
103550K .......... .......... .......... .......... .......... 42%  109M 14s
103600K .......... .......... .......... .......... .......... 42% 88.9M 14s
103650K .......... .......... .......... .......... .......... 42%  117M 14s
103700K .......... .......... .......... .......... .......... 42%  117M 14s
103750K .......... .......... .......... .......... .......... 42%  117M 14s
103800K .......... .......... .......... .......... .......... 42%  115M 14s
103850K .......... .......... .......... .......... .......... 42%  117M 14s
103900K .......... .......... .......... .......... .......... 42%  117M 14s
103950K .......... .......... .......... .......... .......... 42%  117M 14s
104000K .......... .......... .......... .......... .......... 42% 89.1M 14s
104050K .......... .......... .......... .......... .......... 42%  117M 14s
104100K .......... .......... .......... .......... .......... 42%  117M 14s
104150K .......... .......... .......... .......... .......... 43%  117M 14s
104200K .......... .......... .......... .......... .......... 43%  115M 14s
104250K .......... .......... .......... .......... .......... 43%  118M 14s
104300K .......... .......... .......... .......... .......... 43%  117M 14s
104350K .......... .......... .......... .......... .......... 43%  117M 14s
104400K .......... .......... .......... .......... .......... 43% 87.0M 13s
104450K .......... .......... .......... .......... .......... 43%  117M 13s
104500K .......... .......... .......... .......... .......... 43%  117M 13s
104550K .......... .......... .......... .......... .......... 43%  117M 13s
104600K .......... .......... .......... .......... .......... 43%  115M 13s
104650K .......... .......... .......... .......... .......... 43%  117M 13s
104700K .......... .......... .......... .......... .......... 43%  117M 13s
104750K .......... .......... .......... .......... .......... 43%  117M 13s
104800K .......... .......... .......... .......... .......... 43%  304K 14s
104850K .......... .......... .......... .......... .......... 43%  150M 14s
104900K .......... .......... .......... .......... .......... 43%  117M 14s
104950K .......... .......... .......... .......... .......... 43%  117M 14s
105000K .......... .......... .......... .......... .......... 43%  113M 14s
105050K .......... .......... .......... .......... .......... 43% 11.5M 14s
105100K .......... .......... .......... .......... .......... 43% 89.2M 14s
105150K .......... .......... .......... .......... .......... 43%  112M 14s
105200K .......... .......... .......... .......... .......... 43% 78.8M 14s
105250K .......... .......... .......... .......... .......... 43%  117M 14s
105300K .......... .......... .......... .......... .......... 43%  117M 14s
105350K .......... .......... .......... .......... .......... 43%  117M 14s
105400K .......... .......... .......... .......... .......... 43%  115M 13s
105450K .......... .......... .......... .......... .......... 43%  117M 13s
105500K .......... .......... .......... .......... .......... 43%  117M 13s
105550K .......... .......... .......... .......... .......... 43%  117M 13s
105600K .......... .......... .......... .......... .......... 43% 89.1M 13s
105650K .......... .......... .......... .......... .......... 43%  117M 13s
105700K .......... .......... .......... .......... .......... 43%  117M 13s
105750K .......... .......... .......... .......... .......... 43%  117M 13s
105800K .......... .......... .......... .......... .......... 43%  115M 13s
105850K .......... .......... .......... .......... .......... 43%  117M 13s
105900K .......... .......... .......... .......... .......... 43%  117M 13s
105950K .......... .......... .......... .......... .......... 43%  116M 13s
106000K .......... .......... .......... .......... .......... 43% 89.0M 13s
106050K .......... .......... .......... .......... .......... 43%  117M 13s
106100K .......... .......... .......... .......... .......... 43%  117M 13s
106150K .......... .......... .......... .......... .......... 43%  117M 13s
106200K .......... .......... .......... .......... .......... 43%  115M 13s
106250K .......... .......... .......... .......... .......... 43%  117M 13s
106300K .......... .......... .......... .......... .......... 43%  117M 13s
106350K .......... .......... .......... .......... .......... 43%  117M 13s
106400K .......... .......... .......... .......... .......... 43%  304K 13s
106450K .......... .......... .......... .......... .......... 43%  116M 13s
106500K .......... .......... .......... .......... .......... 43%  163M 13s
106550K .......... .......... .......... .......... .......... 43%  117M 13s
106600K .......... .......... .......... .......... .......... 44%  115M 13s
106650K .......... .......... .......... .......... .......... 44% 12.1M 13s
106700K .......... .......... .......... .......... .......... 44% 84.7M 13s
106750K .......... .......... .......... .......... .......... 44%  116M 13s
106800K .......... .......... .......... .......... .......... 44% 78.1M 13s
106850K .......... .......... .......... .......... .......... 44%  117M 13s
106900K .......... .......... .......... .......... .......... 44%  117M 13s
106950K .......... .......... .......... .......... .......... 44%  117M 13s
107000K .......... .......... .......... .......... .......... 44%  115M 13s
107050K .......... .......... .......... .......... .......... 44%  117M 13s
107100K .......... .......... .......... .......... .......... 44%  117M 13s
107150K .......... .......... .......... .......... .......... 44%  117M 13s
107200K .......... .......... .......... .......... .......... 44% 89.0M 13s
107250K .......... .......... .......... .......... .......... 44%  117M 13s
107300K .......... .......... .......... .......... .......... 44%  117M 13s
107350K .......... .......... .......... .......... .......... 44%  117M 13s
107400K .......... .......... .......... .......... .......... 44%  115M 13s
107450K .......... .......... .......... .......... .......... 44%  117M 13s
107500K .......... .......... .......... .......... .......... 44%  117M 13s
107550K .......... .......... .......... .......... .......... 44%  117M 13s
107600K .......... .......... .......... .......... .......... 44% 87.0M 13s
107650K .......... .......... .......... .......... .......... 44%  117M 13s
107700K .......... .......... .......... .......... .......... 44%  117M 13s
107750K .......... .......... .......... .......... .......... 44%  117M 13s
107800K .......... .......... .......... .......... .......... 44%  115M 13s
107850K .......... .......... .......... .......... .......... 44%  117M 13s
107900K .......... .......... .......... .......... .......... 44%  117M 13s
107950K .......... .......... .......... .......... .......... 44%  115M 13s
108000K .......... .......... .......... .......... .......... 44% 1.13M 13s
108050K .......... .......... .......... .......... .......... 44%  412K 13s
108100K .......... .......... .......... .......... .......... 44%  145M 13s
108150K .......... .......... .......... .......... .......... 44%  119M 13s
108200K .......... .......... .......... .......... .......... 44%  115M 13s
108250K .......... .......... .......... .......... .......... 44% 53.3M 13s
108300K .......... .......... .......... .......... .......... 44% 13.6M 13s
108350K .......... .......... .......... .......... .......... 44%  105M 13s
108400K .......... .......... .......... .......... .......... 44% 82.9M 13s
108450K .......... .......... .......... .......... .......... 44%  108M 13s
108500K .......... .......... .......... .......... .......... 44%  116M 13s
108550K .......... .......... .......... .......... .......... 44%  117M 13s
108600K .......... .......... .......... .......... .......... 44%  115M 13s
108650K .......... .......... .......... .......... .......... 44%  117M 13s
108700K .......... .......... .......... .......... .......... 44%  117M 13s
108750K .......... .......... .......... .......... .......... 44%  117M 13s
108800K .......... .......... .......... .......... .......... 44% 89.0M 13s
108850K .......... .......... .......... .......... .......... 44%  117M 13s
108900K .......... .......... .......... .......... .......... 44%  117M 13s
108950K .......... .......... .......... .......... .......... 44%  117M 13s
109000K .......... .......... .......... .......... .......... 45%  115M 13s
109050K .......... .......... .......... .......... .......... 45%  117M 13s
109100K .......... .......... .......... .......... .......... 45%  117M 13s
109150K .......... .......... .......... .......... .......... 45%  116M 13s
109200K .......... .......... .......... .......... .......... 45% 89.3M 13s
109250K .......... .......... .......... .......... .......... 45%  117M 13s
109300K .......... .......... .......... .......... .......... 45%  117M 13s
109350K .......... .......... .......... .......... .......... 45%  117M 13s
109400K .......... .......... .......... .......... .......... 45%  115M 13s
109450K .......... .......... .......... .......... .......... 45%  117M 13s
109500K .......... .......... .......... .......... .......... 45%  116M 13s
109550K .......... .......... .......... .......... .......... 45%  117M 13s
109600K .......... .......... .......... .......... .......... 45% 87.1M 13s
109650K .......... .......... .......... .......... .......... 45%  305K 13s
109700K .......... .......... .......... .......... .......... 45%  162M 13s
109750K .......... .......... .......... .......... .......... 45%  133M 13s
109800K .......... .......... .......... .......... .......... 45%  116M 13s
109850K .......... .......... .......... .......... .......... 45%  117M 13s
109900K .......... .......... .......... .......... .......... 45% 58.7M 13s
109950K .......... .......... .......... .......... .......... 45% 13.8M 13s
110000K .......... .......... .......... .......... .......... 45% 74.7M 13s
110050K .......... .......... .......... .......... .......... 45%  117M 13s
110100K .......... .......... .......... .......... .......... 45%  115M 13s
110150K .......... .......... .......... .......... .......... 45%  116M 13s
110200K .......... .......... .......... .......... .......... 45%  114M 13s
110250K .......... .......... .......... .......... .......... 45%  115M 13s
110300K .......... .......... .......... .......... .......... 45%  116M 13s
110350K .......... .......... .......... .......... .......... 45%  118M 13s
110400K .......... .......... .......... .......... .......... 45% 87.4M 13s
110450K .......... .......... .......... .......... .......... 45%  113M 13s
110500K .......... .......... .......... .......... .......... 45%  116M 13s
110550K .......... .......... .......... .......... .......... 45%  117M 13s
110600K .......... .......... .......... .......... .......... 45%  115M 13s
110650K .......... .......... .......... .......... .......... 45%  117M 13s
110700K .......... .......... .......... .......... .......... 45%  117M 13s
110750K .......... .......... .......... .......... .......... 45%  117M 13s
110800K .......... .......... .......... .......... .......... 45% 87.1M 13s
110850K .......... .......... .......... .......... .......... 45%  117M 13s
110900K .......... .......... .......... .......... .......... 45%  117M 13s
110950K .......... .......... .......... .......... .......... 45%  117M 13s
111000K .......... .......... .......... .......... .......... 45%  115M 13s
111050K .......... .......... .......... .......... .......... 45%  117M 13s
111100K .......... .......... .......... .......... .......... 45%  117M 13s
111150K .......... .......... .......... .......... .......... 45%  117M 13s
111200K .......... .......... .......... .......... .......... 45% 89.1M 13s
111250K .......... .......... .......... .......... .......... 45%  117M 13s
111300K .......... .......... .......... .......... .......... 45%  304K 13s
111350K .......... .......... .......... .......... .......... 45%  132M 13s
111400K .......... .......... .......... .......... .......... 45%  115M 13s
111450K .......... .......... .......... .......... .......... 46%  117M 13s
111500K .......... .......... .......... .......... .......... 46%  117M 13s
111550K .......... .......... .......... .......... .......... 46% 14.1M 13s
111600K .......... .......... .......... .......... .......... 46% 50.5M 13s
111650K .......... .......... .......... .......... .......... 46%  114M 13s
111700K .......... .......... .......... .......... .......... 46%  117M 13s
111750K .......... .......... .......... .......... .......... 46%  117M 13s
111800K .......... .......... .......... .......... .......... 46%  115M 13s
111850K .......... .......... .......... .......... .......... 46%  117M 13s
111900K .......... .......... .......... .......... .......... 46%  112M 13s
111950K .......... .......... .......... .......... .......... 46%  116M 13s
112000K .......... .......... .......... .......... .......... 46% 89.3M 13s
112050K .......... .......... .......... .......... .......... 46%  112M 13s
112100K .......... .......... .......... .......... .......... 46%  117M 13s
112150K .......... .......... .......... .......... .......... 46%  117M 13s
112200K .......... .......... .......... .......... .......... 46%  115M 13s
112250K .......... .......... .......... .......... .......... 46%  117M 13s
112300K .......... .......... .......... .......... .......... 46%  117M 13s
112350K .......... .......... .......... .......... .......... 46%  117M 13s
112400K .......... .......... .......... .......... .......... 46% 88.9M 13s
112450K .......... .......... .......... .......... .......... 46%  111M 13s
112500K .......... .......... .......... .......... .......... 46%  117M 13s
112550K .......... .......... .......... .......... .......... 46%  117M 13s
112600K .......... .......... .......... .......... .......... 46%  115M 13s
112650K .......... .......... .......... .......... .......... 46%  116M 13s
112700K .......... .......... .......... .......... .......... 46%  118M 13s
112750K .......... .......... .......... .......... .......... 46%  117M 13s
112800K .......... .......... .......... .......... .......... 46% 87.0M 13s
112850K .......... .......... .......... .......... .......... 46%  117M 13s
112900K .......... .......... .......... .......... .......... 46% 1.12M 13s
112950K .......... .......... .......... .......... .......... 46%  412K 13s
113000K .......... .......... .......... .......... .......... 46%  114M 13s
113050K .......... .......... .......... .......... .......... 46%  142M 13s
113100K .......... .......... .......... .......... .......... 46%  117M 13s
113150K .......... .......... .......... .......... .......... 46%  117M 13s
113200K .......... .......... .......... .......... .......... 46% 13.5M 13s
113250K .......... .......... .......... .......... .......... 46% 85.1M 13s
113300K .......... .......... .......... .......... .......... 46%  112M 13s
113350K .......... .......... .......... .......... .......... 46%  117M 13s
113400K .......... .......... .......... .......... .......... 46%  115M 13s
113450K .......... .......... .......... .......... .......... 46%  109M 13s
113500K .......... .......... .......... .......... .......... 46%  117M 13s
113550K .......... .......... .......... .......... .......... 46%  117M 13s
113600K .......... .......... .......... .......... .......... 46% 88.9M 13s
113650K .......... .......... .......... .......... .......... 46%  117M 13s
113700K .......... .......... .......... .......... .......... 46%  112M 13s
113750K .......... .......... .......... .......... .......... 46%  117M 13s
113800K .......... .......... .......... .......... .......... 46%  115M 13s
113850K .......... .......... .......... .......... .......... 47%  117M 13s
113900K .......... .......... .......... .......... .......... 47%  117M 13s
113950K .......... .......... .......... .......... .......... 47%  117M 13s
114000K .......... .......... .......... .......... .......... 47% 87.0M 13s
114050K .......... .......... .......... .......... .......... 47%  117M 13s
114100K .......... .......... .......... .......... .......... 47%  117M 13s
114150K .......... .......... .......... .......... .......... 47%  117M 13s
114200K .......... .......... .......... .......... .......... 47%  115M 13s
114250K .......... .......... .......... .......... .......... 47%  117M 13s
114300K .......... .......... .......... .......... .......... 47%  117M 13s
114350K .......... .......... .......... .......... .......... 47%  117M 13s
114400K .......... .......... .......... .......... .......... 47% 89.1M 13s
114450K .......... .......... .......... .......... .......... 47%  117M 13s
114500K .......... .......... .......... .......... .......... 47%  117M 13s
114550K .......... .......... .......... .......... .......... 47% 1.12M 13s
114600K .......... .......... .......... .......... .......... 47%  412K 13s
114650K .......... .......... .......... .......... .......... 47%  153M 13s
114700K .......... .......... .......... .......... .......... 47%  118M 13s
114750K .......... .......... .......... .......... .......... 47%  117M 13s
114800K .......... .......... .......... .......... .......... 47% 15.9M 13s
114850K .......... .......... .......... .......... .......... 47% 55.0M 13s
114900K .......... .......... .......... .......... .......... 47% 94.2M 13s
114950K .......... .......... .......... .......... .......... 47%  117M 13s
115000K .......... .......... .......... .......... .......... 47%  107M 13s
115050K .......... .......... .......... .......... .......... 47%  119M 13s
115100K .......... .......... .......... .......... .......... 47%  116M 13s
115150K .......... .......... .......... .......... .......... 47%  110M 13s
115200K .......... .......... .......... .......... .......... 47% 85.1M 13s
115250K .......... .......... .......... .......... .......... 47%  117M 13s
115300K .......... .......... .......... .......... .......... 47%  117M 13s
115350K .......... .......... .......... .......... .......... 47%  117M 13s
115400K .......... .......... .......... .......... .......... 47%  115M 13s
115450K .......... .......... .......... .......... .......... 47%  117M 13s
115500K .......... .......... .......... .......... .......... 47%  117M 13s
115550K .......... .......... .......... .......... .......... 47%  116M 13s
115600K .......... .......... .......... .......... .......... 47% 89.6M 13s
115650K .......... .......... .......... .......... .......... 47%  117M 13s
115700K .......... .......... .......... .......... .......... 47%  117M 13s
115750K .......... .......... .......... .......... .......... 47%  113M 13s
115800K .......... .......... .......... .......... .......... 47%  115M 13s
115850K .......... .......... .......... .......... .......... 47%  117M 13s
115900K .......... .......... .......... .......... .......... 47%  117M 13s
115950K .......... .......... .......... .......... .......... 47%  116M 13s
116000K .......... .......... .......... .......... .......... 47% 87.2M 13s
116050K .......... .......... .......... .......... .......... 47%  117M 12s
116100K .......... .......... .......... .......... .......... 47%  117M 12s
116150K .......... .......... .......... .......... .......... 47%  117M 12s
116200K .......... .......... .......... .......... .......... 47%  303K 13s
116250K .......... .......... .......... .......... .......... 48%  196M 13s
116300K .......... .......... .......... .......... .......... 48%  116M 13s
116350K .......... .......... .......... .......... .......... 48%  118M 13s
116400K .......... .......... .......... .......... .......... 48% 88.9M 13s
116450K .......... .......... .......... .......... .......... 48% 17.7M 13s
116500K .......... .......... .......... .......... .......... 48% 57.5M 13s
116550K .......... .......... .......... .......... .......... 48% 83.9M 13s
116600K .......... .......... .......... .......... .......... 48%  115M 13s
116650K .......... .......... .......... .......... .......... 48%  117M 13s
116700K .......... .......... .......... .......... .......... 48%  117M 13s
116750K .......... .......... .......... .......... .......... 48%  103M 13s
116800K .......... .......... .......... .......... .......... 48% 90.0M 13s
116850K .......... .......... .......... .......... .......... 48%  109M 13s
116900K .......... .......... .......... .......... .......... 48%  117M 13s
116950K .......... .......... .......... .......... .......... 48%  117M 13s
117000K .......... .......... .......... .......... .......... 48%  114M 12s
117050K .......... .......... .......... .......... .......... 48%  117M 12s
117100K .......... .......... .......... .......... .......... 48%  117M 12s
117150K .......... .......... .......... .......... .......... 48%  117M 12s
117200K .......... .......... .......... .......... .......... 48% 87.0M 12s
117250K .......... .......... .......... .......... .......... 48%  117M 12s
117300K .......... .......... .......... .......... .......... 48%  117M 12s
117350K .......... .......... .......... .......... .......... 48%  117M 12s
117400K .......... .......... .......... .......... .......... 48%  114M 12s
117450K .......... .......... .......... .......... .......... 48%  110M 12s
117500K .......... .......... .......... .......... .......... 48%  116M 12s
117550K .......... .......... .......... .......... .......... 48%  116M 12s
117600K .......... .......... .......... .......... .......... 48% 89.9M 12s
117650K .......... .......... .......... .......... .......... 48%  117M 12s
117700K .......... .......... .......... .......... .......... 48%  117M 12s
117750K .......... .......... .......... .......... .......... 48%  117M 12s
117800K .......... .......... .......... .......... .......... 48%  115M 12s
117850K .......... .......... .......... .......... .......... 48%  303K 12s
117900K .......... .......... .......... .......... .......... 48%  115M 12s
117950K .......... .......... .......... .......... .......... 48%  142M 12s
118000K .......... .......... .......... .......... .......... 48% 87.3M 12s
118050K .......... .......... .......... .......... .......... 48%  117M 12s
118100K .......... .......... .......... .......... .......... 48% 17.7M 12s
118150K .......... .......... .......... .......... .......... 48% 66.9M 12s
118200K .......... .......... .......... .......... .......... 48% 88.9M 12s
118250K .......... .......... .......... .......... .......... 48%  114M 12s
118300K .......... .......... .......... .......... .......... 48%  112M 12s
118350K .......... .......... .......... .......... .......... 48%  117M 12s
118400K .......... .......... .......... .......... .......... 48% 78.3M 12s
118450K .......... .......... .......... .......... .......... 48%  114M 12s
118500K .......... .......... .......... .......... .......... 48%  117M 12s
118550K .......... .......... .......... .......... .......... 48%  117M 12s
118600K .......... .......... .......... .......... .......... 48%  115M 12s
118650K .......... .......... .......... .......... .......... 48%  117M 12s
118700K .......... .......... .......... .......... .......... 49%  108M 12s
118750K .......... .......... .......... .......... .......... 49%  117M 12s
118800K .......... .......... .......... .......... .......... 49% 89.1M 12s
118850K .......... .......... .......... .......... .......... 49%  117M 12s
118900K .......... .......... .......... .......... .......... 49%  117M 12s
118950K .......... .......... .......... .......... .......... 49%  117M 12s
119000K .......... .......... .......... .......... .......... 49%  115M 12s
119050K .......... .......... .......... .......... .......... 49%  117M 12s
119100K .......... .......... .......... .......... .......... 49%  117M 12s
119150K .......... .......... .......... .......... .......... 49%  117M 12s
119200K .......... .......... .......... .......... .......... 49% 86.4M 12s
119250K .......... .......... .......... .......... .......... 49%  116M 12s
119300K .......... .......... .......... .......... .......... 49%  117M 12s
119350K .......... .......... .......... .......... .......... 49%  117M 12s
119400K .......... .......... .......... .......... .......... 49%  115M 12s
119450K .......... .......... .......... .......... .......... 49% 1.19M 12s
119500K .......... .......... .......... .......... .......... 49%  402K 12s
119550K .......... .......... .......... .......... .......... 49%  141M 12s
119600K .......... .......... .......... .......... .......... 49% 89.1M 12s
119650K .......... .......... .......... .......... .......... 49%  116M 12s
119700K .......... .......... .......... .......... .......... 49%  117M 12s
119750K .......... .......... .......... .......... .......... 49% 17.7M 12s
119800K .......... .......... .......... .......... .......... 49% 78.4M 12s
119850K .......... .......... .......... .......... .......... 49% 95.5M 12s
119900K .......... .......... .......... .......... .......... 49% 99.4M 12s
119950K .......... .......... .......... .......... .......... 49%  118M 12s
120000K .......... .......... .......... .......... .......... 49% 87.4M 12s
120050K .......... .......... .......... .......... .......... 49%  106M 12s
120100K .......... .......... .......... .......... .......... 49%  109M 12s
120150K .......... .......... .......... .......... .......... 49%  116M 12s
120200K .......... .......... .......... .......... .......... 49% 94.2M 12s
120250K .......... .......... .......... .......... .......... 49%  117M 12s
120300K .......... .......... .......... .......... .......... 49%  117M 12s
120350K .......... .......... .......... .......... .......... 49%  117M 12s
120400K .......... .......... .......... .......... .......... 49% 87.0M 12s
120450K .......... .......... .......... .......... .......... 49%  117M 12s
120500K .......... .......... .......... .......... .......... 49%  117M 12s
120550K .......... .......... .......... .......... .......... 49%  117M 12s
120600K .......... .......... .......... .......... .......... 49%  115M 12s
120650K .......... .......... .......... .......... .......... 49%  116M 12s
120700K .......... .......... .......... .......... .......... 49%  117M 12s
120750K .......... .......... .......... .......... .......... 49%  117M 12s
120800K .......... .......... .......... .......... .......... 49% 89.1M 12s
120850K .......... .......... .......... .......... .......... 49%  117M 12s
120900K .......... .......... .......... .......... .......... 49%  117M 12s
120950K .......... .......... .......... .......... .......... 49%  117M 12s
121000K .......... .......... .......... .......... .......... 49%  115M 12s
121050K .......... .......... .......... .......... .......... 49%  117M 12s
121100K .......... .......... .......... .......... .......... 50% 1.18M 12s
121150K .......... .......... .......... .......... .......... 50%  402K 12s
121200K .......... .......... .......... .......... .......... 50%  106M 12s
121250K .......... .......... .......... .......... .......... 50%  118M 12s
121300K .......... .......... .......... .......... .......... 50%  117M 12s
121350K .......... .......... .......... .......... .......... 50%  117M 12s
121400K .......... .......... .......... .......... .......... 50% 18.8M 12s
121450K .......... .......... .......... .......... .......... 50% 91.4M 12s
121500K .......... .......... .......... .......... .......... 50% 91.0M 12s
121550K .......... .......... .......... .......... .......... 50% 98.6M 12s
121600K .......... .......... .......... .......... .......... 50% 88.4M 12s
121650K .......... .......... .......... .......... .......... 50%  102M 12s
121700K .......... .......... .......... .......... .......... 50%  106M 12s
121750K .......... .......... .......... .......... .......... 50%  117M 12s
121800K .......... .......... .......... .......... .......... 50%  115M 12s
121850K .......... .......... .......... .......... .......... 50%  101M 12s
121900K .......... .......... .......... .......... .......... 50%  111M 12s
121950K .......... .......... .......... .......... .......... 50%  117M 12s
122000K .......... .......... .......... .......... .......... 50% 89.1M 12s
122050K .......... .......... .......... .......... .......... 50%  117M 12s
122100K .......... .......... .......... .......... .......... 50%  117M 12s
122150K .......... .......... .......... .......... .......... 50%  117M 12s
122200K .......... .......... .......... .......... .......... 50%  115M 12s
122250K .......... .......... .......... .......... .......... 50%  115M 12s
122300K .......... .......... .......... .......... .......... 50%  118M 12s
122350K .......... .......... .......... .......... .......... 50%  116M 12s
122400K .......... .......... .......... .......... .......... 50% 84.8M 12s
122450K .......... .......... .......... .......... .......... 50%  122M 12s
122500K .......... .......... .......... .......... .......... 50%  116M 12s
122550K .......... .......... .......... .......... .......... 50%  117M 12s
122600K .......... .......... .......... .......... .......... 50%  114M 12s
122650K .......... .......... .......... .......... .......... 50%  117M 12s
122700K .......... .......... .......... .......... .......... 50%  117M 12s
122750K .......... .......... .......... .......... .......... 50% 1.18M 12s
122800K .......... .......... .......... .......... .......... 50%  402K 12s
122850K .......... .......... .......... .......... .......... 50%  137M 12s
122900K .......... .......... .......... .......... .......... 50%  125M 12s
122950K .......... .......... .......... .......... .......... 50%  117M 12s
123000K .......... .......... .......... .......... .......... 50%  115M 12s
123050K .......... .......... .......... .......... .......... 50% 20.5M 12s
123100K .......... .......... .......... .......... .......... 50% 76.1M 12s
123150K .......... .......... .......... .......... .......... 50%  104M 12s
123200K .......... .......... .......... .......... .......... 50% 74.7M 12s
123250K .......... .......... .......... .......... .......... 50%  117M 12s
123300K .......... .......... .......... .......... .......... 50%  111M 12s
123350K .......... .......... .......... .......... .......... 50%  101M 12s
123400K .......... .......... .......... .......... .......... 50%  115M 12s
123450K .......... .......... .......... .......... .......... 50%  117M 12s
123500K .......... .......... .......... .......... .......... 50%  102M 12s
123550K .......... .......... .......... .......... .......... 51%  116M 12s
123600K .......... .......... .......... .......... .......... 51% 83.0M 12s
123650K .......... .......... .......... .......... .......... 51%  117M 12s
123700K .......... .......... .......... .......... .......... 51%  117M 12s
123750K .......... .......... .......... .......... .......... 51%  115M 12s
123800K .......... .......... .......... .......... .......... 51%  115M 12s
123850K .......... .......... .......... .......... .......... 51%  117M 12s
123900K .......... .......... .......... .......... .......... 51%  117M 12s
123950K .......... .......... .......... .......... .......... 51%  117M 12s
124000K .......... .......... .......... .......... .......... 51% 88.9M 12s
124050K .......... .......... .......... .......... .......... 51%  117M 12s
124100K .......... .......... .......... .......... .......... 51%  117M 12s
124150K .......... .......... .......... .......... .......... 51%  115M 12s
124200K .......... .......... .......... .......... .......... 51%  115M 12s
124250K .......... .......... .......... .......... .......... 51%  117M 12s
124300K .......... .......... .......... .......... .......... 51%  117M 12s
124350K .......... .......... .......... .......... .......... 51%  117M 12s
124400K .......... .......... .......... .......... .......... 51%  571K 12s
124450K .......... .......... .......... .......... .......... 51%  639K 12s
124500K .......... .......... .......... .......... .......... 51%  173M 12s
124550K .......... .......... .......... .......... .......... 51%  117M 12s
124600K .......... .......... .......... .......... .......... 51%  113M 12s
124650K .......... .......... .......... .......... .......... 51%  120M 12s
124700K .......... .......... .......... .......... .......... 51% 21.1M 12s
124750K .......... .......... .......... .......... .......... 51% 82.8M 12s
124800K .......... .......... .......... .......... .......... 51% 75.7M 12s
124850K .......... .......... .......... .......... .......... 51%  101M 12s
124900K .......... .......... .......... .......... .......... 51%  101M 12s
124950K .......... .......... .......... .......... .......... 51%  117M 12s
125000K .......... .......... .......... .......... .......... 51%  112M 12s
125050K .......... .......... .......... .......... .......... 51%  105M 12s
125100K .......... .......... .......... .......... .......... 51%  117M 12s
125150K .......... .......... .......... .......... .......... 51%  109M 12s
125200K .......... .......... .......... .......... .......... 51% 83.0M 12s
125250K .......... .......... .......... .......... .......... 51%  116M 12s
125300K .......... .......... .......... .......... .......... 51%  117M 12s
125350K .......... .......... .......... .......... .......... 51%  117M 12s
125400K .......... .......... .......... .......... .......... 51%  115M 12s
125450K .......... .......... .......... .......... .......... 51%  117M 12s
125500K .......... .......... .......... .......... .......... 51%  117M 12s
125550K .......... .......... .......... .......... .......... 51%  117M 12s
125600K .......... .......... .......... .......... .......... 51% 83.4M 12s
125650K .......... .......... .......... .......... .......... 51%  117M 12s
125700K .......... .......... .......... .......... .......... 51%  117M 12s
125750K .......... .......... .......... .......... .......... 51%  117M 12s
125800K .......... .......... .......... .......... .......... 51%  116M 12s
125850K .......... .......... .......... .......... .......... 51%  117M 12s
125900K .......... .......... .......... .......... .......... 51%  117M 12s
125950K .......... .......... .......... .......... .......... 52%  117M 12s
126000K .......... .......... .......... .......... .......... 52% 1.17M 12s
126050K .......... .......... .......... .......... .......... 52% 1.06M 12s
126100K .......... .......... .......... .......... .......... 52%  640K 12s
126150K .......... .......... .......... .......... .......... 52%  145M 12s
126200K .......... .......... .......... .......... .......... 52%  129M 12s
126250K .......... .......... .......... .......... .......... 52%  115M 12s
126300K .......... .......... .......... .......... .......... 52%  117M 12s
126350K .......... .......... .......... .......... .......... 52% 21.2M 12s
126400K .......... .......... .......... .......... .......... 52% 66.1M 12s
126450K .......... .......... .......... .......... .......... 52%  107M 12s
126500K .......... .......... .......... .......... .......... 52%  101M 12s
126550K .......... .......... .......... .......... .......... 52% 95.5M 12s
126600K .......... .......... .......... .......... .......... 52%  115M 12s
126650K .......... .......... .......... .......... .......... 52%  113M 12s
126700K .......... .......... .......... .......... .......... 52%  114M 12s
126750K .......... .......... .......... .......... .......... 52%  110M 12s
126800K .......... .......... .......... .......... .......... 52% 81.0M 12s
126850K .......... .......... .......... .......... .......... 52%  116M 12s
126900K .......... .......... .......... .......... .......... 52%  102M 12s
126950K .......... .......... .......... .......... .......... 52%  101M 12s
127000K .......... .......... .......... .......... .......... 52%  115M 12s
127050K .......... .......... .......... .......... .......... 52%  117M 12s
127100K .......... .......... .......... .......... .......... 52%  116M 12s
127150K .......... .......... .......... .......... .......... 52%  117M 12s
127200K .......... .......... .......... .......... .......... 52% 89.1M 12s
127250K .......... .......... .......... .......... .......... 52%  117M 12s
127300K .......... .......... .......... .......... .......... 52%  117M 12s
127350K .......... .......... .......... .......... .......... 52%  117M 12s
127400K .......... .......... .......... .......... .......... 52%  115M 12s
127450K .......... .......... .......... .......... .......... 52%  117M 11s
127500K .......... .......... .......... .......... .......... 52%  117M 11s
127550K .......... .......... .......... .......... .......... 52%  115M 11s
127600K .......... .......... .......... .......... .......... 52% 87.9M 11s
127650K .......... .......... .......... .......... .......... 52% 1.16M 11s
127700K .......... .......... .......... .......... .......... 52% 1.12M 12s
127750K .......... .......... .......... .......... .......... 52%  619K 12s
127800K .......... .......... .......... .......... .......... 52%  146M 12s
127850K .......... .......... .......... .......... .......... 52%  117M 12s
127900K .......... .......... .......... .......... .......... 52%  117M 12s
127950K .......... .......... .......... .......... .......... 52%  117M 12s
128000K .......... .......... .......... .......... .......... 52% 21.0M 12s
128050K .......... .......... .......... .......... .......... 52% 81.8M 12s
128100K .......... .......... .......... .......... .......... 52%  103M 12s
128150K .......... .......... .......... .......... .......... 52%  101M 12s
128200K .......... .......... .......... .......... .......... 52% 85.3M 12s
128250K .......... .......... .......... .......... .......... 52%  117M 11s
128300K .......... .......... .......... .......... .......... 52%  116M 11s
128350K .......... .......... .......... .......... .......... 52%  116M 11s
128400K .......... .......... .......... .......... .......... 53% 87.2M 11s
128450K .......... .......... .......... .......... .......... 53%  117M 11s
128500K .......... .......... .......... .......... .......... 53%  116M 11s
128550K .......... .......... .......... .......... .......... 53%  117M 11s
128600K .......... .......... .......... .......... .......... 53%  103M 11s
128650K .......... .......... .......... .......... .......... 53%  105M 11s
128700K .......... .......... .......... .......... .......... 53%  118M 11s
128750K .......... .......... .......... .......... .......... 53% 96.8M 11s
128800K .......... .......... .......... .......... .......... 53% 87.3M 11s
128850K .......... .......... .......... .......... .......... 53%  117M 11s
128900K .......... .......... .......... .......... .......... 53%  116M 11s
128950K .......... .......... .......... .......... .......... 53%  117M 11s
129000K .......... .......... .......... .......... .......... 53%  115M 11s
129050K .......... .......... .......... .......... .......... 53%  117M 11s
129100K .......... .......... .......... .......... .......... 53%  117M 11s
129150K .......... .......... .......... .......... .......... 53%  117M 11s
129200K .......... .......... .......... .......... .......... 53% 89.1M 11s
129250K .......... .......... .......... .......... .......... 53%  117M 11s
129300K .......... .......... .......... .......... .......... 53% 1.16M 11s
129350K .......... .......... .......... .......... .......... 53% 1.13M 11s
129400K .......... .......... .......... .......... .......... 53%  617K 11s
129450K .......... .......... .......... .......... .......... 53%  149M 11s
129500K .......... .......... .......... .......... .......... 53%  117M 11s
129550K .......... .......... .......... .......... .......... 53%  117M 11s
129600K .......... .......... .......... .......... .......... 53% 89.1M 11s
129650K .......... .......... .......... .......... .......... 53% 24.6M 11s
129700K .......... .......... .......... .......... .......... 53% 80.5M 11s
129750K .......... .......... .......... .......... .......... 53%  113M 11s
129800K .......... .......... .......... .......... .......... 53% 99.4M 11s
129850K .......... .......... .......... .......... .......... 53% 83.8M 11s
129900K .......... .......... .......... .......... .......... 53%  116M 11s
129950K .......... .......... .......... .......... .......... 53%  116M 11s
130000K .......... .......... .......... .......... .......... 53% 85.5M 11s
130050K .......... .......... .......... .......... .......... 53%  105M 11s
130100K .......... .......... .......... .......... .......... 53%  111M 11s
130150K .......... .......... .......... .......... .......... 53%  117M 11s
130200K .......... .......... .......... .......... .......... 53%  115M 11s
130250K .......... .......... .......... .......... .......... 53%  113M 11s
130300K .......... .......... .......... .......... .......... 53% 98.1M 11s
130350K .......... .......... .......... .......... .......... 53%  117M 11s
130400K .......... .......... .......... .......... .......... 53% 72.9M 11s
130450K .......... .......... .......... .......... .......... 53%  117M 11s
130500K .......... .......... .......... .......... .......... 53%  117M 11s
130550K .......... .......... .......... .......... .......... 53%  117M 11s
130600K .......... .......... .......... .......... .......... 53%  115M 11s
130650K .......... .......... .......... .......... .......... 53%  117M 11s
130700K .......... .......... .......... .......... .......... 53%  117M 11s
130750K .......... .......... .......... .......... .......... 53%  117M 11s
130800K .......... .......... .......... .......... .......... 54% 88.8M 11s
130850K .......... .......... .......... .......... .......... 54%  117M 11s
130900K .......... .......... .......... .......... .......... 54%  114M 11s
130950K .......... .......... .......... .......... .......... 54%  115M 11s
131000K .......... .......... .......... .......... .......... 54% 1.17M 11s
131050K .......... .......... .......... .......... .......... 54%  403K 11s
131100K .......... .......... .......... .......... .......... 54%  162M 11s
131150K .......... .......... .......... .......... .......... 54%  117M 11s
131200K .......... .......... .......... .......... .......... 54% 88.9M 11s
131250K .......... .......... .......... .......... .......... 54%  117M 11s
131300K .......... .......... .......... .......... .......... 54% 28.8M 11s
131350K .......... .......... .......... .......... .......... 54% 66.3M 11s
131400K .......... .......... .......... .......... .......... 54%  115M 11s
131450K .......... .......... .......... .......... .......... 54%  109M 11s
131500K .......... .......... .......... .......... .......... 54% 85.0M 11s
131550K .......... .......... .......... .......... .......... 54%  115M 11s
131600K .......... .......... .......... .......... .......... 54% 84.5M 11s
131650K .......... .......... .......... .......... .......... 54%  109M 11s
131700K .......... .......... .......... .......... .......... 54%  117M 11s
131750K .......... .......... .......... .......... .......... 54%  100M 11s
131800K .......... .......... .......... .......... .......... 54%  117M 11s
131850K .......... .......... .......... .......... .......... 54%  117M 11s
131900K .......... .......... .......... .......... .......... 54%  117M 11s
131950K .......... .......... .......... .......... .......... 54%  104M 11s
132000K .......... .......... .......... .......... .......... 54% 82.8M 11s
132050K .......... .......... .......... .......... .......... 54% 97.4M 11s
132100K .......... .......... .......... .......... .......... 54%  110M 11s
132150K .......... .......... .......... .......... .......... 54%  109M 11s
132200K .......... .......... .......... .......... .......... 54%  115M 11s
132250K .......... .......... .......... .......... .......... 54%  115M 11s
132300K .......... .......... .......... .......... .......... 54%  118M 11s
132350K .......... .......... .......... .......... .......... 54%  117M 11s
132400K .......... .......... .......... .......... .......... 54% 88.9M 11s
132450K .......... .......... .......... .......... .......... 54%  117M 11s
132500K .......... .......... .......... .......... .......... 54%  117M 11s
132550K .......... .......... .......... .......... .......... 54%  117M 11s
132600K .......... .......... .......... .......... .......... 54%  114M 11s
132650K .......... .......... .......... .......... .......... 54% 1.16M 11s
132700K .......... .......... .......... .......... .......... 54%  403K 11s
132750K .......... .......... .......... .......... .......... 54%  114M 11s
132800K .......... .......... .......... .......... .......... 54%  100M 11s
132850K .......... .......... .......... .......... .......... 54%  117M 11s
132900K .......... .......... .......... .......... .......... 54%  117M 11s
132950K .......... .......... .......... .......... .......... 54% 30.9M 11s
133000K .......... .......... .......... .......... .......... 54% 65.3M 11s
133050K .......... .......... .......... .......... .......... 54%  107M 11s
133100K .......... .......... .......... .......... .......... 54%  117M 11s
133150K .......... .......... .......... .......... .......... 54% 85.4M 11s
133200K .......... .......... .......... .......... .......... 54% 73.7M 11s
133250K .......... .......... .......... .......... .......... 55%  113M 11s
133300K .......... .......... .......... .......... .......... 55% 96.6M 11s
133350K .......... .......... .......... .......... .......... 55%  117M 11s
133400K .......... .......... .......... .......... .......... 55%  115M 11s
133450K .......... .......... .......... .......... .......... 55%  117M 11s
133500K .......... .......... .......... .......... .......... 55%  116M 11s
133550K .......... .......... .......... .......... .......... 55%  117M 11s
133600K .......... .......... .......... .......... .......... 55% 89.1M 11s
133650K .......... .......... .......... .......... .......... 55%  114M 11s
133700K .......... .......... .......... .......... .......... 55% 94.5M 11s
133750K .......... .......... .......... .......... .......... 55%  106M 11s
133800K .......... .......... .......... .......... .......... 55%  115M 11s
133850K .......... .......... .......... .......... .......... 55%  114M 11s
133900K .......... .......... .......... .......... .......... 55%  112M 11s
133950K .......... .......... .......... .......... .......... 55%  117M 11s
134000K .......... .......... .......... .......... .......... 55% 84.1M 11s
134050K .......... .......... .......... .......... .......... 55%  118M 11s
134100K .......... .......... .......... .......... .......... 55%  117M 11s
134150K .......... .......... .......... .......... .......... 55%  117M 11s
134200K .......... .......... .......... .......... .......... 55%  115M 11s
134250K .......... .......... .......... .......... .......... 55%  113M 11s
134300K .......... .......... .......... .......... .......... 55% 1.16M 11s
134350K .......... .......... .......... .......... .......... 55%  403K 11s
134400K .......... .......... .......... .......... .......... 55% 88.0M 11s
134450K .......... .......... .......... .......... .......... 55%  118M 11s
134500K .......... .......... .......... .......... .......... 55%  117M 11s
134550K .......... .......... .......... .......... .......... 55%  117M 11s
134600K .......... .......... .......... .......... .......... 55% 36.1M 11s
134650K .......... .......... .......... .......... .......... 55% 63.1M 11s
134700K .......... .......... .......... .......... .......... 55%  116M 11s
134750K .......... .......... .......... .......... .......... 55%  116M 11s
134800K .......... .......... .......... .......... .......... 55% 70.7M 11s
134850K .......... .......... .......... .......... .......... 55% 90.2M 11s
134900K .......... .......... .......... .......... .......... 55%  111M 11s
134950K .......... .......... .......... .......... .......... 55% 97.0M 11s
135000K .......... .......... .......... .......... .......... 55%  115M 11s
135050K .......... .......... .......... .......... .......... 55%  117M 11s
135100K .......... .......... .......... .......... .......... 55%  117M 11s
135150K .......... .......... .......... .......... .......... 55%  117M 11s
135200K .......... .......... .......... .......... .......... 55% 87.1M 11s
135250K .......... .......... .......... .......... .......... 55%  117M 11s
135300K .......... .......... .......... .......... .......... 55%  116M 11s
135350K .......... .......... .......... .......... .......... 55%  114M 11s
135400K .......... .......... .......... .......... .......... 55% 99.1M 11s
135450K .......... .......... .......... .......... .......... 55%  105M 11s
135500K .......... .......... .......... .......... .......... 55%  118M 11s
135550K .......... .......... .......... .......... .......... 55%  104M 11s
135600K .......... .......... .......... .......... .......... 55% 88.9M 11s
135650K .......... .......... .......... .......... .......... 56%  116M 11s
135700K .......... .......... .......... .......... .......... 56%  116M 11s
135750K .......... .......... .......... .......... .......... 56%  114M 11s
135800K .......... .......... .......... .......... .......... 56%  112M 11s
135850K .......... .......... .......... .......... .......... 56%  117M 11s
135900K .......... .......... .......... .......... .......... 56%  112M 11s
135950K .......... .......... .......... .......... .......... 56% 1.15M 11s
136000K .......... .......... .......... .......... .......... 56%  403K 11s
136050K .......... .......... .......... .......... .......... 56%  157M 11s
136100K .......... .......... .......... .......... .......... 56%  117M 11s
136150K .......... .......... .......... .......... .......... 56%  117M 11s
136200K .......... .......... .......... .......... .......... 56%  115M 11s
136250K .......... .......... .......... .......... .......... 56% 38.4M 11s
136300K .......... .......... .......... .......... .......... 56% 62.8M 11s
136350K .......... .......... .......... .......... .......... 56%  117M 11s
136400K .......... .......... .......... .......... .......... 56% 86.0M 11s
136450K .......... .......... .......... .......... .......... 56% 89.9M 11s
136500K .......... .......... .......... .......... .......... 56% 88.5M 11s
136550K .......... .......... .......... .......... .......... 56%  110M 11s
136600K .......... .......... .......... .......... .......... 56% 94.1M 11s
136650K .......... .......... .......... .......... .......... 56%  117M 11s
136700K .......... .......... .......... .......... .......... 56%  113M 11s
136750K .......... .......... .......... .......... .......... 56%  117M 11s
136800K .......... .......... .......... .......... .......... 56% 88.9M 11s
136850K .......... .......... .......... .......... .......... 56%  117M 11s
136900K .......... .......... .......... .......... .......... 56%  117M 11s
136950K .......... .......... .......... .......... .......... 56%  117M 11s
137000K .......... .......... .......... .......... .......... 56%  115M 11s
137050K .......... .......... .......... .......... .......... 56%  109M 11s
137100K .......... .......... .......... .......... .......... 56% 99.8M 11s
137150K .......... .......... .......... .......... .......... 56%  115M 11s
137200K .......... .......... .......... .......... .......... 56% 83.2M 11s
137250K .......... .......... .......... .......... .......... 56%  117M 11s
137300K .......... .......... .......... .......... .......... 56%  113M 11s
137350K .......... .......... .......... .......... .......... 56%  117M 11s
137400K .......... .......... .......... .......... .......... 56%  115M 11s
137450K .......... .......... .......... .......... .......... 56%  117M 11s
137500K .......... .......... .......... .......... .......... 56%  114M 11s
137550K .......... .......... .......... .......... .......... 56%  103M 11s
137600K .......... .......... .......... .......... .......... 56% 1.15M 11s
137650K .......... .......... .......... .......... .......... 56%  404K 11s
137700K .......... .......... .......... .......... .......... 56%  141M 11s
137750K .......... .......... .......... .......... .......... 56%  120M 11s
137800K .......... .......... .......... .......... .......... 56%  115M 11s
137850K .......... .......... .......... .......... .......... 56%  117M 11s
137900K .......... .......... .......... .......... .......... 56% 42.2M 11s
137950K .......... .......... .......... .......... .......... 56% 63.9M 11s
138000K .......... .......... .......... .......... .......... 56% 83.2M 11s
138050K .......... .......... .......... .......... .......... 56%  117M 11s
138100K .......... .......... .......... .......... .......... 57% 93.1M 11s
138150K .......... .......... .......... .......... .......... 57% 86.0M 11s
138200K .......... .......... .......... .......... .......... 57%  105M 11s
138250K .......... .......... .......... .......... .......... 57%  103M 11s
138300K .......... .......... .......... .......... .......... 57%  116M 11s
138350K .......... .......... .......... .......... .......... 57%  113M 11s
138400K .......... .......... .......... .......... .......... 57% 82.8M 11s
138450K .......... .......... .......... .......... .......... 57%  117M 11s
138500K .......... .......... .......... .......... .......... 57%  116M 11s
138550K .......... .......... .......... .......... .......... 57%  117M 11s
138600K .......... .......... .......... .......... .......... 57%  115M 10s
138650K .......... .......... .......... .......... .......... 57%  116M 10s
138700K .......... .......... .......... .......... .......... 57%  117M 10s
138750K .......... .......... .......... .......... .......... 57%  106M 10s
138800K .......... .......... .......... .......... .......... 57% 81.7M 10s
138850K .......... .......... .......... .......... .......... 57%  115M 10s
138900K .......... .......... .......... .......... .......... 57%  115M 10s
138950K .......... .......... .......... .......... .......... 57%  117M 10s
139000K .......... .......... .......... .......... .......... 57%  103M 10s
139050K .......... .......... .......... .......... .......... 57%  117M 10s
139100K .......... .......... .......... .......... .......... 57%  117M 10s
139150K .......... .......... .......... .......... .......... 57%  117M 10s
139200K .......... .......... .......... .......... .......... 57% 84.0M 10s
139250K .......... .......... .......... .......... .......... 57% 1.15M 10s
139300K .......... .......... .......... .......... .......... 57%  403K 10s
139350K .......... .......... .......... .......... .......... 57%  161M 10s
139400K .......... .......... .......... .......... .......... 57%  135M 10s
139450K .......... .......... .......... .......... .......... 57%  117M 10s
139500K .......... .......... .......... .......... .......... 57%  115M 10s
139550K .......... .......... .......... .......... .......... 57% 68.1M 10s
139600K .......... .......... .......... .......... .......... 57% 40.5M 10s
139650K .......... .......... .......... .......... .......... 57%  108M 10s
139700K .......... .......... .......... .......... .......... 57%  102M 10s
139750K .......... .......... .......... .......... .......... 57%  106M 10s
139800K .......... .......... .......... .......... .......... 57%  104M 10s
139850K .......... .......... .......... .......... .......... 57% 85.3M 10s
139900K .......... .......... .......... .......... .......... 57% 98.8M 10s
139950K .......... .......... .......... .......... .......... 57%  117M 10s
140000K .......... .......... .......... .......... .......... 57% 78.7M 10s
140050K .......... .......... .......... .......... .......... 57%  117M 10s
140100K .......... .......... .......... .......... .......... 57%  117M 10s
140150K .......... .......... .......... .......... .......... 57%  117M 10s
140200K .......... .......... .......... .......... .......... 57%  115M 10s
140250K .......... .......... .......... .......... .......... 57%  117M 10s
140300K .......... .......... .......... .......... .......... 57%  117M 10s
140350K .......... .......... .......... .......... .......... 57%  117M 10s
140400K .......... .......... .......... .......... .......... 57% 88.8M 10s
140450K .......... .......... .......... .......... .......... 57%  107M 10s
140500K .......... .......... .......... .......... .......... 58%  117M 10s
140550K .......... .......... .......... .......... .......... 58%  117M 10s
140600K .......... .......... .......... .......... .......... 58%  110M 10s
140650K .......... .......... .......... .......... .......... 58%  110M 10s
140700K .......... .......... .......... .......... .......... 58%  113M 10s
140750K .......... .......... .......... .......... .......... 58%  115M 10s
140800K .......... .......... .......... .......... .......... 58% 87.6M 10s
140850K .......... .......... .......... .......... .......... 58%  108M 10s
140900K .......... .......... .......... .......... .......... 58% 1.14M 10s
140950K .......... .......... .......... .......... .......... 58%  533K 10s
141000K .......... .......... .......... .......... .......... 58% 1.60M 10s
141050K .......... .......... .......... .......... .......... 58%  122M 10s
141100K .......... .......... .......... .......... .......... 58%  123M 10s
141150K .......... .......... .......... .......... .......... 58%  117M 10s
141200K .......... .......... .......... .......... .......... 58% 53.1M 10s
141250K .......... .......... .......... .......... .......... 58% 64.6M 10s
141300K .......... .......... .......... .......... .......... 58% 98.0M 10s
141350K .......... .......... .......... .......... .......... 58%  109M 10s
141400K .......... .......... .......... .......... .......... 58%  104M 10s
141450K .......... .......... .......... .......... .......... 58%  105M 10s
141500K .......... .......... .......... .......... .......... 58% 81.1M 10s
141550K .......... .......... .......... .......... .......... 58%  114M 10s
141600K .......... .......... .......... .......... .......... 58% 66.9M 10s
141650K .......... .......... .......... .......... .......... 58% 78.1M 10s
141700K .......... .......... .......... .......... .......... 58%  117M 10s
141750K .......... .......... .......... .......... .......... 58%  117M 10s
141800K .......... .......... .......... .......... .......... 58%  115M 10s
141850K .......... .......... .......... .......... .......... 58%  115M 10s
141900K .......... .......... .......... .......... .......... 58%  118M 10s
141950K .......... .......... .......... .......... .......... 58%  117M 10s
142000K .......... .......... .......... .......... .......... 58% 89.1M 10s
142050K .......... .......... .......... .......... .......... 58%  117M 10s
142100K .......... .......... .......... .......... .......... 58%  117M 10s
142150K .......... .......... .......... .......... .......... 58%  117M 10s
142200K .......... .......... .......... .......... .......... 58%  115M 10s
142250K .......... .......... .......... .......... .......... 58%  117M 10s
142300K .......... .......... .......... .......... .......... 58%  117M 10s
142350K .......... .......... .......... .......... .......... 58%  117M 10s
142400K .......... .......... .......... .......... .......... 58% 88.9M 10s
142450K .......... .......... .......... .......... .......... 58%  117M 10s
142500K .......... .......... .......... .......... .......... 58%  117M 10s
142550K .......... .......... .......... .......... .......... 58% 1.14M 10s
142600K .......... .......... .......... .......... .......... 58% 1.06M 10s
142650K .......... .......... .......... .......... .......... 58%  640K 10s
142700K .......... .......... .......... .......... .......... 58%  152M 10s
142750K .......... .......... .......... .......... .......... 58%  124M 10s
142800K .......... .......... .......... .......... .......... 58% 87.1M 10s
142850K .......... .......... .......... .......... .......... 58%  117M 10s
142900K .......... .......... .......... .......... .......... 59% 70.2M 10s
142950K .......... .......... .......... .......... .......... 59% 73.0M 10s
143000K .......... .......... .......... .......... .......... 59% 97.6M 10s
143050K .......... .......... .......... .......... .......... 59% 95.2M 10s
143100K .......... .......... .......... .......... .......... 59%  116M 10s
143150K .......... .......... .......... .......... .......... 59% 85.2M 10s
143200K .......... .......... .......... .......... .......... 59% 79.7M 10s
143250K .......... .......... .......... .......... .......... 59% 97.0M 10s
143300K .......... .......... .......... .......... .......... 59% 74.2M 10s
143350K .......... .......... .......... .......... .......... 59% 99.6M 10s
143400K .......... .......... .......... .......... .......... 59%  115M 10s
143450K .......... .......... .......... .......... .......... 59%  117M 10s
143500K .......... .......... .......... .......... .......... 59%  117M 10s
143550K .......... .......... .......... .......... .......... 59%  116M 10s
143600K .......... .......... .......... .......... .......... 59% 89.3M 10s
143650K .......... .......... .......... .......... .......... 59%  116M 10s
143700K .......... .......... .......... .......... .......... 59%  112M 10s
143750K .......... .......... .......... .......... .......... 59%  106M 10s
143800K .......... .......... .......... .......... .......... 59%  115M 10s
143850K .......... .......... .......... .......... .......... 59%  117M 10s
143900K .......... .......... .......... .......... .......... 59%  117M 10s
143950K .......... .......... .......... .......... .......... 59%  117M 10s
144000K .......... .......... .......... .......... .......... 59% 87.0M 10s
144050K .......... .......... .......... .......... .......... 59%  117M 10s
144100K .......... .......... .......... .......... .......... 59%  117M 10s
144150K .......... .......... .......... .......... .......... 59%  116M 10s
144200K .......... .......... .......... .......... .......... 59% 1.19M 10s
144250K .......... .......... .......... .......... .......... 59% 22.3M 10s
144300K .......... .......... .......... .......... .......... 59%  403K 10s
144350K .......... .......... .......... .......... .......... 59%  128M 10s
144400K .......... .......... .......... .......... .......... 59%  100M 10s
144450K .......... .......... .......... .......... .......... 59%  117M 10s
144500K .......... .......... .......... .......... .......... 59%  117M 10s
144550K .......... .......... .......... .......... .......... 59% 81.7M 10s
144600K .......... .......... .......... .......... .......... 59% 75.8M 10s
144650K .......... .......... .......... .......... .......... 59%  100M 10s
144700K .......... .......... .......... .......... .......... 59%  102M 10s
144750K .......... .......... .......... .......... .......... 59% 97.2M 10s
144800K .......... .......... .......... .......... .......... 59% 68.4M 10s
144850K .......... .......... .......... .......... .......... 59%  104M 10s
144900K .......... .......... .......... .......... .......... 59% 98.2M 10s
144950K .......... .......... .......... .......... .......... 59% 95.7M 10s
145000K .......... .......... .......... .......... .......... 59% 78.0M 10s
145050K .......... .......... .......... .......... .......... 59%  109M 10s
145100K .......... .......... .......... .......... .......... 59%  112M 10s
145150K .......... .......... .......... .......... .......... 59%  117M 10s
145200K .......... .......... .......... .......... .......... 59% 89.0M 10s
145250K .......... .......... .......... .......... .......... 59%  117M 10s
145300K .......... .......... .......... .......... .......... 59%  115M 10s
145350K .......... .......... .......... .......... .......... 60%  117M 10s
145400K .......... .......... .......... .......... .......... 60%  111M 10s
145450K .......... .......... .......... .......... .......... 60%  110M 10s
145500K .......... .......... .......... .......... .......... 60%  117M 10s
145550K .......... .......... .......... .......... .......... 60%  117M 10s
145600K .......... .......... .......... .......... .......... 60% 89.0M 10s
145650K .......... .......... .......... .......... .......... 60%  117M 10s
145700K .......... .......... .......... .......... .......... 60%  117M 10s
145750K .......... .......... .......... .......... .......... 60%  117M 10s
145800K .......... .......... .......... .......... .......... 60%  112M 10s
145850K .......... .......... .......... .......... .......... 60%  117M 10s
145900K .......... .......... .......... .......... .......... 60% 1.14M 10s
145950K .......... .......... .......... .......... .......... 60% 1.14M 10s
146000K .......... .......... .......... .......... .......... 60%  612K 10s
146050K .......... .......... .......... .......... .......... 60%  150M 10s
146100K .......... .......... .......... .......... .......... 60%  117M 10s
146150K .......... .......... .......... .......... .......... 60%  117M 10s
146200K .......... .......... .......... .......... .......... 60%  115M 10s
146250K .......... .......... .......... .......... .......... 60%  108M 10s
146300K .......... .......... .......... .......... .......... 60% 78.1M 10s
146350K .......... .......... .......... .......... .......... 60% 97.2M 10s
146400K .......... .......... .......... .......... .......... 60% 73.1M 10s
146450K .......... .......... .......... .......... .......... 60%  109M 10s
146500K .......... .......... .......... .......... .......... 60% 89.7M 10s
146550K .......... .......... .......... .......... .......... 60% 99.7M 10s
146600K .......... .......... .......... .......... .......... 60% 94.6M 10s
146650K .......... .......... .......... .......... .......... 60% 74.3M 10s
146700K .......... .......... .......... .......... .......... 60%  104M 10s
146750K .......... .......... .......... .......... .......... 60%  117M 10s
146800K .......... .......... .......... .......... .......... 60% 87.7M 10s
146850K .......... .......... .......... .......... .......... 60%  117M 10s
146900K .......... .......... .......... .......... .......... 60%  117M 10s
146950K .......... .......... .......... .......... .......... 60%  117M 10s
147000K .......... .......... .......... .......... .......... 60%  114M 10s
147050K .......... .......... .......... .......... .......... 60%  117M 10s
147100K .......... .......... .......... .......... .......... 60%  116M 10s
147150K .......... .......... .......... .......... .......... 60%  111M 10s
147200K .......... .......... .......... .......... .......... 60% 85.4M 10s
147250K .......... .......... .......... .......... .......... 60%  112M 10s
147300K .......... .......... .......... .......... .......... 60%  116M 10s
147350K .......... .......... .......... .......... .......... 60%  117M 10s
147400K .......... .......... .......... .......... .......... 60%  115M 10s
147450K .......... .......... .......... .......... .......... 60%  117M 10s
147500K .......... .......... .......... .......... .......... 60%  117M 10s
147550K .......... .......... .......... .......... .......... 60% 1.14M 10s
147600K .......... .......... .......... .......... .......... 60% 96.2M 10s
147650K .......... .......... .......... .......... .......... 60%  403K 10s
147700K .......... .......... .......... .......... .......... 60%  106M 10s
147750K .......... .......... .......... .......... .......... 61%  154M 10s
147800K .......... .......... .......... .......... .......... 61%  114M 10s
147850K .......... .......... .......... .......... .......... 61%  118M 10s
147900K .......... .......... .......... .......... .......... 61%  117M 10s
147950K .......... .......... .......... .......... .......... 61% 91.0M 10s
148000K .......... .......... .......... .......... .......... 61% 74.8M 10s
148050K .......... .......... .......... .......... .......... 61% 99.9M 10s
148100K .......... .......... .......... .......... .......... 61% 87.1M 10s
148150K .......... .......... .......... .......... .......... 61%  117M 10s
148200K .......... .......... .......... .......... .......... 61% 88.3M 10s
148250K .......... .......... .......... .......... .......... 61%  112M 10s
148300K .......... .......... .......... .......... .......... 61% 89.6M 10s
148350K .......... .......... .......... .......... .......... 61% 72.9M 10s
148400K .......... .......... .......... .......... .......... 61% 89.0M 10s
148450K .......... .......... .......... .......... .......... 61%  114M 10s
148500K .......... .......... .......... .......... .......... 61% 98.2M 10s
148550K .......... .......... .......... .......... .......... 61%  117M 10s
148600K .......... .......... .......... .......... .......... 61%  115M 10s
148650K .......... .......... .......... .......... .......... 61%  117M 10s
148700K .......... .......... .......... .......... .......... 61%  117M 10s
148750K .......... .......... .......... .......... .......... 61%  116M 10s
148800K .......... .......... .......... .......... .......... 61% 89.0M 9s
148850K .......... .......... .......... .......... .......... 61%  117M 9s
148900K .......... .......... .......... .......... .......... 61%  117M 9s
148950K .......... .......... .......... .......... .......... 61%  117M 9s
149000K .......... .......... .......... .......... .......... 61%  115M 9s
149050K .......... .......... .......... .......... .......... 61%  117M 9s
149100K .......... .......... .......... .......... .......... 61%  117M 9s
149150K .......... .......... .......... .......... .......... 61%  117M 9s
149200K .......... .......... .......... .......... .......... 61% 1.13M 9s
149250K .......... .......... .......... .......... .......... 61%  160M 9s
149300K .......... .......... .......... .......... .......... 61% 1.14M 9s
149350K .......... .......... .......... .......... .......... 61%  615K 10s
149400K .......... .......... .......... .......... .......... 61%  117M 10s
149450K .......... .......... .......... .......... .......... 61%  120M 9s
149500K .......... .......... .......... .......... .......... 61%  115M 9s
149550K .......... .......... .......... .......... .......... 61%  119M 9s
149600K .......... .......... .......... .......... .......... 61% 89.0M 9s
149650K .......... .......... .......... .......... .......... 61% 95.8M 9s
149700K .......... .......... .......... .......... .......... 61%  101M 9s
149750K .......... .......... .......... .......... .......... 61%  103M 9s
149800K .......... .......... .......... .......... .......... 61% 86.5M 9s
149850K .......... .......... .......... .......... .......... 61%  113M 9s
149900K .......... .......... .......... .......... .......... 61% 94.2M 9s
149950K .......... .......... .......... .......... .......... 61%  105M 9s
150000K .......... .......... .......... .......... .......... 61% 61.6M 9s
150050K .......... .......... .......... .......... .......... 61% 97.2M 9s
150100K .......... .......... .......... .......... .......... 61%  117M 9s
150150K .......... .......... .......... .......... .......... 61%  115M 9s
150200K .......... .......... .......... .......... .......... 62%  112M 9s
150250K .......... .......... .......... .......... .......... 62% 99.8M 9s
150300K .......... .......... .......... .......... .......... 62%  114M 9s
150350K .......... .......... .......... .......... .......... 62%  114M 9s
150400K .......... .......... .......... .......... .......... 62% 87.0M 9s
150450K .......... .......... .......... .......... .......... 62%  117M 9s
150500K .......... .......... .......... .......... .......... 62%  117M 9s
150550K .......... .......... .......... .......... .......... 62%  116M 9s
150600K .......... .......... .......... .......... .......... 62%  104M 9s
150650K .......... .......... .......... .......... .......... 62%  117M 9s
150700K .......... .......... .......... .......... .......... 62%  117M 9s
150750K .......... .......... .......... .......... .......... 62%  117M 9s
150800K .......... .......... .......... .......... .......... 62% 89.1M 9s
150850K .......... .......... .......... .......... .......... 62%  117M 9s
150900K .......... .......... .......... .......... .......... 62% 1.14M 9s
150950K .......... .......... .......... .......... .......... 62%  126M 9s
151000K .......... .......... .......... .......... .......... 62% 1.05M 9s
151050K .......... .......... .......... .......... .......... 62%  643K 9s
151100K .......... .......... .......... .......... .......... 62%  121M 9s
151150K .......... .......... .......... .......... .......... 62%  117M 9s
151200K .......... .......... .......... .......... .......... 62% 87.1M 9s
151250K .......... .......... .......... .......... .......... 62%  117M 9s
151300K .......... .......... .......... .......... .......... 62%  117M 9s
151350K .......... .......... .......... .......... .......... 62%  112M 9s
151400K .......... .......... .......... .......... .......... 62%  107M 9s
151450K .......... .......... .......... .......... .......... 62% 83.8M 9s
151500K .......... .......... .......... .......... .......... 62% 99.3M 9s
151550K .......... .......... .......... .......... .......... 62%  117M 9s
151600K .......... .......... .......... .......... .......... 62% 75.1M 9s
151650K .......... .......... .......... .......... .......... 62% 93.5M 9s
151700K .......... .......... .......... .......... .......... 62% 76.8M 9s
151750K .......... .......... .......... .......... .......... 62%  106M 9s
151800K .......... .......... .......... .......... .......... 62%  115M 9s
151850K .......... .......... .......... .......... .......... 62%  114M 9s
151900K .......... .......... .......... .......... .......... 62%  111M 9s
151950K .......... .......... .......... .......... .......... 62%  104M 9s
152000K .......... .......... .......... .......... .......... 62% 86.2M 9s
152050K .......... .......... .......... .......... .......... 62%  117M 9s
152100K .......... .......... .......... .......... .......... 62%  111M 9s
152150K .......... .......... .......... .......... .......... 62%  116M 9s
152200K .......... .......... .......... .......... .......... 62%  115M 9s
152250K .......... .......... .......... .......... .......... 62%  115M 9s
152300K .......... .......... .......... .......... .......... 62%  114M 9s
152350K .......... .......... .......... .......... .......... 62%  117M 9s
152400K .......... .......... .......... .......... .......... 62% 86.9M 9s
152450K .......... .......... .......... .......... .......... 62%  117M 9s
152500K .......... .......... .......... .......... .......... 62%  117M 9s
152550K .......... .......... .......... .......... .......... 62%  111M 9s
152600K .......... .......... .......... .......... .......... 63% 1.14M 9s
152650K .......... .......... .......... .......... .......... 63%  142M 9s
152700K .......... .......... .......... .......... .......... 63%  402K 9s
152750K .......... .......... .......... .......... .......... 63%  247M 9s
152800K .......... .......... .......... .......... .......... 63% 97.8M 9s
152850K .......... .......... .......... .......... .......... 63%  117M 9s
152900K .......... .......... .......... .......... .......... 63%  117M 9s
152950K .......... .......... .......... .......... .......... 63%  116M 9s
153000K .......... .......... .......... .......... .......... 63%  115M 9s
153050K .......... .......... .......... .......... .......... 63%  117M 9s
153100K .......... .......... .......... .......... .......... 63%  117M 9s
153150K .......... .......... .......... .......... .......... 63%  106M 9s
153200K .......... .......... .......... .......... .......... 63% 77.9M 9s
153250K .......... .......... .......... .......... .......... 63%  115M 9s
153300K .......... .......... .......... .......... .......... 63% 98.2M 9s
153350K .......... .......... .......... .......... .......... 63% 91.7M 9s
153400K .......... .......... .......... .......... .......... 63% 85.2M 9s
153450K .......... .......... .......... .......... .......... 63% 95.0M 9s
153500K .......... .......... .......... .......... .......... 63%  114M 9s
153550K .......... .......... .......... .......... .......... 63%  117M 9s
153600K .......... .......... .......... .......... .......... 63% 79.7M 9s
153650K .......... .......... .......... .......... .......... 63%  115M 9s
153700K .......... .......... .......... .......... .......... 63%  108M 9s
153750K .......... .......... .......... .......... .......... 63%  112M 9s
153800K .......... .......... .......... .......... .......... 63%  116M 9s
153850K .......... .......... .......... .......... .......... 63%  116M 9s
153900K .......... .......... .......... .......... .......... 63%  117M 9s
153950K .......... .......... .......... .......... .......... 63%  117M 9s
154000K .......... .......... .......... .......... .......... 63% 89.1M 9s
154050K .......... .......... .......... .......... .......... 63%  117M 9s
154100K .......... .......... .......... .......... .......... 63%  113M 9s
154150K .......... .......... .......... .......... .......... 63%  117M 9s
154200K .......... .......... .......... .......... .......... 63%  108M 9s
154250K .......... .......... .......... .......... .......... 63%  118M 9s
154300K .......... .......... .......... .......... .......... 63% 1.14M 9s
154350K .......... .......... .......... .......... .......... 63%  106M 9s
154400K .......... .......... .......... .......... .......... 63%  402K 9s
154450K .......... .......... .......... .......... .......... 63%  165M 9s
154500K .......... .......... .......... .......... .......... 63%  121M 9s
154550K .......... .......... .......... .......... .......... 63%  117M 9s
154600K .......... .......... .......... .......... .......... 63%  114M 9s
154650K .......... .......... .......... .......... .......... 63%  118M 9s
154700K .......... .......... .......... .......... .......... 63%  117M 9s
154750K .......... .......... .......... .......... .......... 63%  116M 9s
154800K .......... .......... .......... .......... .......... 63% 89.5M 9s
154850K .......... .......... .......... .......... .......... 63%  117M 9s
154900K .......... .......... .......... .......... .......... 63%  117M 9s
154950K .......... .......... .......... .......... .......... 63%  117M 9s
155000K .......... .......... .......... .......... .......... 63% 98.4M 9s
155050K .......... .......... .......... .......... .......... 64% 93.1M 9s
155100K .......... .......... .......... .......... .......... 64% 82.9M 9s
155150K .......... .......... .......... .......... .......... 64%  107M 9s
155200K .......... .......... .......... .......... .......... 64% 81.7M 9s
155250K .......... .......... .......... .......... .......... 64%  117M 9s
155300K .......... .......... .......... .......... .......... 64%  105M 9s
155350K .......... .......... .......... .......... .......... 64% 81.4M 9s
155400K .......... .......... .......... .......... .......... 64%  115M 9s
155450K .......... .......... .......... .......... .......... 64%  117M 9s
155500K .......... .......... .......... .......... .......... 64%  117M 9s
155550K .......... .......... .......... .......... .......... 64%  117M 9s
155600K .......... .......... .......... .......... .......... 64% 87.1M 9s
155650K .......... .......... .......... .......... .......... 64%  117M 9s
155700K .......... .......... .......... .......... .......... 64%  117M 9s
155750K .......... .......... .......... .......... .......... 64%  117M 9s
155800K .......... .......... .......... .......... .......... 64%  115M 9s
155850K .......... .......... .......... .......... .......... 64%  117M 9s
155900K .......... .......... .......... .......... .......... 64%  117M 9s
155950K .......... .......... .......... .......... .......... 64%  117M 9s
156000K .......... .......... .......... .......... .......... 64% 1.14M 9s
156050K .......... .......... .......... .......... .......... 64%  128M 9s
156100K .......... .......... .......... .......... .......... 64%  402K 9s
156150K .......... .......... .......... .......... .......... 64%  226M 9s
156200K .......... .......... .......... .......... .......... 64%  124M 9s
156250K .......... .......... .......... .......... .......... 64%  117M 9s
156300K .......... .......... .......... .......... .......... 64%  117M 9s
156350K .......... .......... .......... .......... .......... 64%  117M 9s
156400K .......... .......... .......... .......... .......... 64% 88.9M 9s
156450K .......... .......... .......... .......... .......... 64%  117M 9s
156500K .......... .......... .......... .......... .......... 64%  117M 9s
156550K .......... .......... .......... .......... .......... 64%  117M 9s
156600K .......... .......... .......... .......... .......... 64%  115M 9s
156650K .......... .......... .......... .......... .......... 64%  117M 9s
156700K .......... .......... .......... .......... .......... 64%  117M 9s
156750K .......... .......... .......... .......... .......... 64%  111M 9s
156800K .......... .......... .......... .......... .......... 64% 62.9M 9s
156850K .......... .......... .......... .......... .......... 64%  107M 9s
156900K .......... .......... .......... .......... .......... 64%  105M 9s
156950K .......... .......... .......... .......... .......... 64%  117M 9s
157000K .......... .......... .......... .......... .......... 64%  115M 9s
157050K .......... .......... .......... .......... .......... 64%  110M 9s
157100K .......... .......... .......... .......... .......... 64% 85.0M 9s
157150K .......... .......... .......... .......... .......... 64%  109M 9s
157200K .......... .......... .......... .......... .......... 64% 89.2M 9s
157250K .......... .......... .......... .......... .......... 64%  117M 9s
157300K .......... .......... .......... .......... .......... 64%  117M 9s
157350K .......... .......... .......... .......... .......... 64%  117M 9s
157400K .......... .......... .......... .......... .......... 64%  115M 9s
157450K .......... .......... .......... .......... .......... 65%  117M 9s
157500K .......... .......... .......... .......... .......... 65%  117M 9s
157550K .......... .......... .......... .......... .......... 65%  117M 9s
157600K .......... .......... .......... .......... .......... 65% 87.1M 9s
157650K .......... .......... .......... .......... .......... 65%  117M 9s
157700K .......... .......... .......... .......... .......... 65% 1.14M 9s
157750K .......... .......... .......... .......... .......... 65%  172M 9s
157800K .......... .......... .......... .......... .......... 65% 1.04M 9s
157850K .......... .......... .......... .......... .......... 65%  640K 9s
157900K .......... .......... .......... .......... .......... 65%  152M 9s
157950K .......... .......... .......... .......... .......... 65%  117M 9s
158000K .......... .......... .......... .......... .......... 65% 89.0M 9s
158050K .......... .......... .......... .......... .......... 65%  117M 9s
158100K .......... .......... .......... .......... .......... 65%  117M 9s
158150K .......... .......... .......... .......... .......... 65%  117M 9s
158200K .......... .......... .......... .......... .......... 65%  115M 9s
158250K .......... .......... .......... .......... .......... 65%  117M 9s
158300K .......... .......... .......... .......... .......... 65%  117M 9s
158350K .......... .......... .......... .......... .......... 65%  117M 9s
158400K .......... .......... .......... .......... .......... 65% 89.0M 9s
158450K .......... .......... .......... .......... .......... 65%  117M 9s
158500K .......... .......... .......... .......... .......... 65%  117M 9s
158550K .......... .......... .......... .......... .......... 65%  105M 9s
158600K .......... .......... .......... .......... .......... 65%  111M 9s
158650K .......... .......... .......... .......... .......... 65%  106M 9s
158700K .......... .......... .......... .......... .......... 65%  116M 9s
158750K .......... .......... .......... .......... .......... 65%  111M 9s
158800K .......... .......... .......... .......... .......... 65% 60.6M 9s
158850K .......... .......... .......... .......... .......... 65%  117M 9s
158900K .......... .......... .......... .......... .......... 65%  117M 9s
158950K .......... .......... .......... .......... .......... 65%  117M 8s
159000K .......... .......... .......... .......... .......... 65%  115M 8s
159050K .......... .......... .......... .......... .......... 65%  117M 8s
159100K .......... .......... .......... .......... .......... 65%  115M 8s
159150K .......... .......... .......... .......... .......... 65%  118M 8s
159200K .......... .......... .......... .......... .......... 65% 89.2M 8s
159250K .......... .......... .......... .......... .......... 65%  117M 8s
159300K .......... .......... .......... .......... .......... 65%  117M 8s
159350K .......... .......... .......... .......... .......... 65%  117M 8s
159400K .......... .......... .......... .......... .......... 65%  115M 8s
159450K .......... .......... .......... .......... .......... 65% 1.14M 8s
159500K .......... .......... .......... .......... .......... 65% 1.18M 8s
159550K .......... .......... .......... .......... .......... 65%  599K 8s
159600K .......... .......... .......... .......... .......... 65%  120M 8s
159650K .......... .......... .......... .......... .......... 65%  117M 8s
159700K .......... .......... .......... .......... .......... 65%  117M 8s
159750K .......... .......... .......... .......... .......... 65%  116M 8s
159800K .......... .......... .......... .......... .......... 65%  116M 8s
159850K .......... .......... .......... .......... .......... 65%  117M 8s
159900K .......... .......... .......... .......... .......... 66%  116M 8s
159950K .......... .......... .......... .......... .......... 66%  117M 8s
160000K .......... .......... .......... .......... .......... 66% 87.1M 8s
160050K .......... .......... .......... .......... .......... 66%  117M 8s
160100K .......... .......... .......... .......... .......... 66%  117M 8s
160150K .......... .......... .......... .......... .......... 66%  112M 8s
160200K .......... .......... .......... .......... .......... 66%  120M 8s
160250K .......... .......... .......... .......... .......... 66%  117M 8s
160300K .......... .......... .......... .......... .......... 66%  117M 8s
160350K .......... .......... .......... .......... .......... 66%  117M 8s
160400K .......... .......... .......... .......... .......... 66% 88.9M 8s
160450K .......... .......... .......... .......... .......... 66%  117M 8s
160500K .......... .......... .......... .......... .......... 66%  117M 8s
160550K .......... .......... .......... .......... .......... 66% 99.5M 8s
160600K .......... .......... .......... .......... .......... 66%  115M 8s
160650K .......... .......... .......... .......... .......... 66%  114M 8s
160700K .......... .......... .......... .......... .......... 66%  115M 8s
160750K .......... .......... .......... .......... .......... 66%  117M 8s
160800K .......... .......... .......... .......... .......... 66% 87.1M 8s
160850K .......... .......... .......... .......... .......... 66%  117M 8s
160900K .......... .......... .......... .......... .......... 66%  117M 8s
160950K .......... .......... .......... .......... .......... 66%  117M 8s
161000K .......... .......... .......... .......... .......... 66%  115M 8s
161050K .......... .......... .......... .......... .......... 66%  117M 8s
161100K .......... .......... .......... .......... .......... 66%  117M 8s
161150K .......... .......... .......... .......... .......... 66% 1.14M 8s
161200K .......... .......... .......... .......... .......... 66% 95.0M 8s
161250K .......... .......... .......... .......... .......... 66%  400K 8s
161300K .......... .......... .......... .......... .......... 66%  159M 8s
161350K .......... .......... .......... .......... .......... 66%  181M 8s
161400K .......... .......... .......... .......... .......... 66%  116M 8s
161450K .......... .......... .......... .......... .......... 66%  115M 8s
161500K .......... .......... .......... .......... .......... 66%  119M 8s
161550K .......... .......... .......... .......... .......... 66%  117M 8s
161600K .......... .......... .......... .......... .......... 66% 89.0M 8s
161650K .......... .......... .......... .......... .......... 66%  117M 8s
161700K .......... .......... .......... .......... .......... 66%  117M 8s
161750K .......... .......... .......... .......... .......... 66%  117M 8s
161800K .......... .......... .......... .......... .......... 66%  115M 8s
161850K .......... .......... .......... .......... .......... 66%  117M 8s
161900K .......... .......... .......... .......... .......... 66%  117M 8s
161950K .......... .......... .......... .......... .......... 66%  117M 8s
162000K .......... .......... .......... .......... .......... 66% 87.0M 8s
162050K .......... .......... .......... .......... .......... 66%  117M 8s
162100K .......... .......... .......... .......... .......... 66%  117M 8s
162150K .......... .......... .......... .......... .......... 66%  117M 8s
162200K .......... .......... .......... .......... .......... 66%  115M 8s
162250K .......... .......... .......... .......... .......... 66%  117M 8s
162300K .......... .......... .......... .......... .......... 67%  117M 8s
162350K .......... .......... .......... .......... .......... 67%  117M 8s
162400K .......... .......... .......... .......... .......... 67% 89.1M 8s
162450K .......... .......... .......... .......... .......... 67%  117M 8s
162500K .......... .......... .......... .......... .......... 67%  117M 8s
162550K .......... .......... .......... .......... .......... 67%  117M 8s
162600K .......... .......... .......... .......... .......... 67%  115M 8s
162650K .......... .......... .......... .......... .......... 67%  117M 8s
162700K .......... .......... .......... .......... .......... 67%  117M 8s
162750K .......... .......... .......... .......... .......... 67%  117M 8s
162800K .......... .......... .......... .......... .......... 67% 88.9M 8s
162850K .......... .......... .......... .......... .......... 67%  117M 8s
162900K .......... .......... .......... .......... .......... 67% 1.14M 8s
162950K .......... .......... .......... .......... .......... 67%  143M 8s
163000K .......... .......... .......... .......... .......... 67%  400K 8s
163050K .......... .......... .......... .......... .......... 67%  193M 8s
163100K .......... .......... .......... .......... .......... 67%  107M 8s
163150K .......... .......... .......... .......... .......... 67%  141M 8s
163200K .......... .......... .......... .......... .......... 67% 87.0M 8s
163250K .......... .......... .......... .......... .......... 67%  117M 8s
163300K .......... .......... .......... .......... .......... 67%  117M 8s
163350K .......... .......... .......... .......... .......... 67%  117M 8s
163400K .......... .......... .......... .......... .......... 67%  115M 8s
163450K .......... .......... .......... .......... .......... 67%  116M 8s
163500K .......... .......... .......... .......... .......... 67%  117M 8s
163550K .......... .......... .......... .......... .......... 67%  116M 8s
163600K .......... .......... .......... .......... .......... 67% 88.9M 8s
163650K .......... .......... .......... .......... .......... 67%  117M 8s
163700K .......... .......... .......... .......... .......... 67%  117M 8s
163750K .......... .......... .......... .......... .......... 67%  117M 8s
163800K .......... .......... .......... .......... .......... 67%  274K 8s
163850K .......... .......... .......... .......... .......... 67% 66.7M 8s
163900K .......... .......... .......... .......... .......... 67%  333M 8s
163950K .......... .......... .......... .......... .......... 67%  880M 8s
164000K .......... .......... .......... .......... .......... 67%  852M 8s
164050K .......... .......... .......... .......... .......... 67% 1.14G 8s
164100K .......... .......... .......... .......... .......... 67% 1.17G 8s
164150K .......... .......... .......... .......... .......... 67% 1.18G 8s
164200K .......... .......... .......... .......... .......... 67%  898M 8s
164250K .......... .......... .......... .......... .......... 67% 1.06G 8s
164300K .......... .......... .......... .......... .......... 67% 1.10G 8s
164350K .......... .......... .......... .......... .......... 67% 1.08G 8s
164400K .......... .......... .......... .......... .......... 67%  857M 8s
164450K .......... .......... .......... .......... .......... 67% 1.02G 8s
164500K .......... .......... .......... .......... .......... 67% 1.09G 8s
164550K .......... .......... .......... .......... .......... 67% 1.09G 8s
164600K .......... .......... .......... .......... .......... 67%  922M 8s
164650K .......... .......... .......... .......... .......... 67% 1008M 8s
164700K .......... .......... .......... .......... .......... 67% 1012M 8s
164750K .......... .......... .......... .......... .......... 68% 1.11G 8s
164800K .......... .......... .......... .......... .......... 68%  841M 8s
164850K .......... .......... .......... .......... .......... 68% 1.10G 8s
164900K .......... .......... .......... .......... .......... 68% 1.02G 8s
164950K .......... .......... .......... .......... .......... 68% 1021M 8s
165000K .......... .......... .......... .......... .......... 68%  906M 8s
165050K .......... .......... .......... .......... .......... 68% 1.07G 8s
165100K .......... .......... .......... .......... .......... 68% 1.05G 8s
165150K .......... .......... .......... .......... .......... 68% 1.07G 8s
165200K .......... .......... .......... .......... .......... 68%  788M 8s
165250K .......... .......... .......... .......... .......... 68% 1.07G 8s
165300K .......... .......... .......... .......... .......... 68% 1.08G 8s
165350K .......... .......... .......... .......... .......... 68% 1.06G 8s
165400K .......... .......... .......... .......... .......... 68%  885M 8s
165450K .......... .......... .......... .......... .......... 68% 1.01G 8s
165500K .......... .......... .......... .......... .......... 68% 1.04G 8s
165550K .......... .......... .......... .......... .......... 68% 1.07G 8s
165600K .......... .......... .......... .......... .......... 68%  837M 8s
165650K .......... .......... .......... .......... .......... 68% 1.07G 8s
165700K .......... .......... .......... .......... .......... 68% 1.05G 8s
165750K .......... .......... .......... .......... .......... 68%  130M 8s
165800K .......... .......... .......... .......... .......... 68% 87.9M 8s
165850K .......... .......... .......... .......... .......... 68% 87.5M 8s
165900K .......... .......... .......... .......... .......... 68% 81.2M 8s
165950K .......... .......... .......... .......... .......... 68% 84.8M 8s
166000K .......... .......... .......... .......... .......... 68% 53.9M 8s
166050K .......... .......... .......... .......... .......... 68% 45.6M 8s
166100K .......... .......... .......... .......... .......... 68% 1.15M 8s
166150K .......... .......... .......... .......... .......... 68% 1.15M 8s
166200K .......... .......... .......... .......... .......... 68%  601K 8s
166250K .......... .......... .......... .......... .......... 68%  120M 8s
166300K .......... .......... .......... .......... .......... 68% 98.9M 8s
166350K .......... .......... .......... .......... .......... 68% 88.2M 8s
166400K .......... .......... .......... .......... .......... 68% 58.3M 8s
166450K .......... .......... .......... .......... .......... 68% 82.0M 8s
166500K .......... .......... .......... .......... .......... 68% 82.7M 8s
166550K .......... .......... .......... .......... .......... 68% 44.1M 8s
166600K .......... .......... .......... .......... .......... 68%  115M 8s
166650K .......... .......... .......... .......... .......... 68% 99.9M 8s
166700K .......... .......... .......... .......... .......... 68%  116M 8s
166750K .......... .......... .......... .......... .......... 68%  116M 8s
166800K .......... .......... .......... .......... .......... 68% 68.9M 8s
166850K .......... .......... .......... .......... .......... 68%  117M 8s
166900K .......... .......... .......... .......... .......... 68% 84.5M 8s
166950K .......... .......... .......... .......... .......... 68%  107M 8s
167000K .......... .......... .......... .......... .......... 68% 63.0M 8s
167050K .......... .......... .......... .......... .......... 68%  101M 8s
167100K .......... .......... .......... .......... .......... 68% 79.3M 8s
167150K .......... .......... .......... .......... .......... 69% 80.0M 8s
167200K .......... .......... .......... .......... .......... 69% 71.1M 8s
167250K .......... .......... .......... .......... .......... 69% 77.0M 8s
167300K .......... .......... .......... .......... .......... 69% 1.13M 8s
167350K .......... .......... .......... .......... .......... 69% 71.7M 8s
167400K .......... .......... .......... .......... .......... 69% 1.16M 8s
167450K .......... .......... .......... .......... .......... 69%  599K 8s
167500K .......... .......... .......... .......... .......... 69%  165M 8s
167550K .......... .......... .......... .......... .......... 69%  117M 8s
167600K .......... .......... .......... .......... .......... 69% 66.8M 8s
167650K .......... .......... .......... .......... .......... 69%  117M 8s
167700K .......... .......... .......... .......... .......... 69% 98.4M 8s
167750K .......... .......... .......... .......... .......... 69% 80.2M 8s
167800K .......... .......... .......... .......... .......... 69% 43.1M 8s
167850K .......... .......... .......... .......... .......... 69%  116M 8s
167900K .......... .......... .......... .......... .......... 69%  101M 8s
167950K .......... .......... .......... .......... .......... 69%  117M 8s
168000K .......... .......... .......... .......... .......... 69% 73.9M 8s
168050K .......... .......... .......... .......... .......... 69%  103M 8s
168100K .......... .......... .......... .......... .......... 69%  117M 8s
168150K .......... .......... .......... .......... .......... 69% 99.9M 8s
168200K .......... .......... .......... .......... .......... 69%  110M 8s
168250K .......... .......... .......... .......... .......... 69% 64.6M 8s
168300K .......... .......... .......... .......... .......... 69% 96.5M 8s
168350K .......... .......... .......... .......... .......... 69% 78.5M 8s
168400K .......... .......... .......... .......... .......... 69% 63.3M 8s
168450K .......... .......... .......... .......... .......... 69%  117M 8s
168500K .......... .......... .......... .......... .......... 69% 70.7M 8s
168550K .......... .......... .......... .......... .......... 69%  114M 8s
168600K .......... .......... .......... .......... .......... 69% 1.12M 8s
168650K .......... .......... .......... .......... .......... 69% 98.8M 8s
168700K .......... .......... .......... .......... .......... 69%  399K 8s
168750K .......... .......... .......... .......... .......... 69%  141M 8s
168800K .......... .......... .......... .......... .......... 69% 90.7M 8s
168850K .......... .......... .......... .......... .......... 69%  117M 8s
168900K .......... .......... .......... .......... .......... 69% 99.8M 8s
168950K .......... .......... .......... .......... .......... 69%  116M 8s
169000K .......... .......... .......... .......... .......... 69%  102M 8s
169050K .......... .......... .......... .......... .......... 69% 86.7M 8s
169100K .......... .......... .......... .......... .......... 69% 43.0M 8s
169150K .......... .......... .......... .......... .......... 69%  118M 8s
169200K .......... .......... .......... .......... .......... 69% 80.4M 8s
169250K .......... .......... .......... .......... .......... 69%  117M 8s
169300K .......... .......... .......... .......... .......... 69% 93.8M 8s
169350K .......... .......... .......... .......... .......... 69%  102M 8s
169400K .......... .......... .......... .......... .......... 69%  115M 8s
169450K .......... .......... .......... .......... .......... 69%  101M 8s
169500K .......... .......... .......... .......... .......... 69%  117M 8s
169550K .......... .......... .......... .......... .......... 70% 71.1M 7s
169600K .......... .......... .......... .......... .......... 70% 67.5M 7s
169650K .......... .......... .......... .......... .......... 70% 78.1M 7s
169700K .......... .......... .......... .......... .......... 70% 88.0M 7s
169750K .......... .......... .......... .......... .......... 70%  117M 7s
169800K .......... .......... .......... .......... .......... 70% 76.6M 7s
169850K .......... .......... .......... .......... .......... 70%  106M 7s
169900K .......... .......... .......... .......... .......... 70% 1.12M 7s
169950K .......... .......... .......... .......... .......... 70%  124M 7s
170000K .......... .......... .......... .......... .......... 70%  399K 8s
170050K .......... .......... .......... .......... .......... 70%  116M 7s
170100K .......... .......... .......... .......... .......... 70%  119M 7s
170150K .......... .......... .......... .......... .......... 70%  117M 7s
170200K .......... .......... .......... .......... .......... 70%  115M 7s
170250K .......... .......... .......... .......... .......... 70%  117M 7s
170300K .......... .......... .......... .......... .......... 70%  117M 7s
170350K .......... .......... .......... .......... .......... 70% 96.8M 7s
170400K .......... .......... .......... .......... .......... 70% 39.4M 7s
170450K .......... .......... .......... .......... .......... 70%  111M 7s
170500K .......... .......... .......... .......... .......... 70%  112M 7s
170550K .......... .......... .......... .......... .......... 70%  117M 7s
170600K .......... .......... .......... .......... .......... 70%  102M 7s
170650K .......... .......... .......... .......... .......... 70% 95.2M 7s
170700K .......... .......... .......... .......... .......... 70%  111M 7s
170750K .......... .......... .......... .......... .......... 70%  112M 7s
170800K .......... .......... .......... .......... .......... 70% 84.4M 7s
170850K .......... .......... .......... .......... .......... 70% 74.4M 7s
170900K .......... .......... .......... .......... .......... 70% 92.1M 7s
170950K .......... .......... .......... .......... .......... 70% 78.0M 7s
171000K .......... .......... .......... .......... .......... 70% 90.2M 7s
171050K .......... .......... .......... .......... .......... 70%  104M 7s
171100K .......... .......... .......... .......... .......... 70%  103M 7s
171150K .......... .......... .......... .......... .......... 70% 84.3M 7s
171200K .......... .......... .......... .......... .......... 70% 1.11M 7s
171250K .......... .......... .......... .......... .......... 70%  127M 7s
171300K .......... .......... .......... .......... .......... 70%  400K 7s
171350K .......... .......... .......... .......... .......... 70%  151M 7s
171400K .......... .......... .......... .......... .......... 70%  121M 7s
171450K .......... .......... .......... .......... .......... 70%  122M 7s
171500K .......... .......... .......... .......... .......... 70%  119M 7s
171550K .......... .......... .......... .......... .......... 70%  117M 7s
171600K .......... .......... .......... .......... .......... 70% 87.0M 7s
171650K .......... .......... .......... .......... .......... 70% 70.7M 7s
171700K .......... .......... .......... .......... .......... 70% 66.0M 7s
171750K .......... .......... .......... .......... .......... 70%  103M 7s
171800K .......... .......... .......... .......... .......... 70%  112M 7s
171850K .......... .......... .......... .......... .......... 70%  117M 7s
171900K .......... .......... .......... .......... .......... 70%  115M 7s
171950K .......... .......... .......... .......... .......... 70%  110M 7s
172000K .......... .......... .......... .......... .......... 71% 67.8M 7s
172050K .......... .......... .......... .......... .......... 71%  117M 7s
172100K .......... .......... .......... .......... .......... 71%  117M 7s
172150K .......... .......... .......... .......... .......... 71% 87.6M 7s
172200K .......... .......... .......... .......... .......... 71% 83.1M 7s
172250K .......... .......... .......... .......... .......... 71%  116M 7s
172300K .......... .......... .......... .......... .......... 71% 87.4M 7s
172350K .......... .......... .......... .......... .......... 71% 84.9M 7s
172400K .......... .......... .......... .......... .......... 71% 81.3M 7s
172450K .......... .......... .......... .......... .......... 71% 78.0M 7s
172500K .......... .......... .......... .......... .......... 71%  117M 7s
172550K .......... .......... .......... .......... .......... 71% 1.10M 7s
172600K .......... .......... .......... .......... .......... 71%  133M 7s
172650K .......... .......... .......... .......... .......... 71%  400K 7s
172700K .......... .......... .......... .......... .......... 71%  132M 7s
172750K .......... .......... .......... .......... .......... 71%  170M 7s
172800K .......... .......... .......... .......... .......... 71% 89.2M 7s
172850K .......... .......... .......... .......... .......... 71%  117M 7s
172900K .......... .......... .......... .......... .......... 71%  117M 7s
172950K .......... .......... .......... .......... .......... 71%  117M 7s
173000K .......... .......... .......... .......... .......... 71%  109M 7s
173050K .......... .......... .......... .......... .......... 71% 59.6M 7s
173100K .......... .......... .......... .......... .......... 71% 98.8M 7s
173150K .......... .......... .......... .......... .......... 71%  117M 7s
173200K .......... .......... .......... .......... .......... 71% 89.0M 7s
173250K .......... .......... .......... .......... .......... 71%  117M 7s
173300K .......... .......... .......... .......... .......... 71%  117M 7s
173350K .......... .......... .......... .......... .......... 71% 93.7M 7s
173400K .......... .......... .......... .......... .......... 71%  107M 7s
173450K .......... .......... .......... .......... .......... 71%  112M 7s
173500K .......... .......... .......... .......... .......... 71%  117M 7s
173550K .......... .......... .......... .......... .......... 71% 85.0M 7s
173600K .......... .......... .......... .......... .......... 71% 70.5M 7s
173650K .......... .......... .......... .......... .......... 71% 98.8M 7s
173700K .......... .......... .......... .......... .......... 71% 89.2M 7s
173750K .......... .......... .......... .......... .......... 71%  102M 7s
173800K .......... .......... .......... .......... .......... 71% 92.0M 7s
173850K .......... .......... .......... .......... .......... 71% 92.5M 7s
173900K .......... .......... .......... .......... .......... 71% 1.10M 7s
173950K .......... .......... .......... .......... .......... 71% 84.5M 7s
174000K .......... .......... .......... .......... .......... 71% 1.15M 7s
174050K .......... .......... .......... .......... .......... 71%  603K 7s
174100K .......... .......... .......... .......... .......... 71%  134M 7s
174150K .......... .......... .......... .......... .......... 71%  123M 7s
174200K .......... .......... .......... .......... .......... 71%  115M 7s
174250K .......... .......... .......... .......... .......... 71%  117M 7s
174300K .......... .......... .......... .......... .......... 71%  117M 7s
174350K .......... .......... .......... .......... .......... 71%  117M 7s
174400K .......... .......... .......... .......... .......... 72% 79.2M 7s
174450K .......... .......... .......... .......... .......... 72% 70.6M 7s
174500K .......... .......... .......... .......... .......... 72%  117M 7s
174550K .......... .......... .......... .......... .......... 72%  117M 7s
174600K .......... .......... .......... .......... .......... 72%  115M 7s
174650K .......... .......... .......... .......... .......... 72%  117M 7s
174700K .......... .......... .......... .......... .......... 72%  117M 7s
174750K .......... .......... .......... .......... .......... 72%  100M 7s
174800K .......... .......... .......... .......... .......... 72% 80.9M 7s
174850K .......... .......... .......... .......... .......... 72%  117M 7s
174900K .......... .......... .......... .......... .......... 72%  117M 7s
174950K .......... .......... .......... .......... .......... 72% 73.1M 7s
175000K .......... .......... .......... .......... .......... 72%  107M 7s
175050K .......... .......... .......... .......... .......... 72% 97.9M 7s
175100K .......... .......... .......... .......... .......... 72% 94.8M 7s
175150K .......... .......... .......... .......... .......... 72%  109M 7s
175200K .......... .......... .......... .......... .......... 72% 64.6M 7s
175250K .......... .......... .......... .......... .......... 72%  117M 7s
175300K .......... .......... .......... .......... .......... 72% 1.10M 7s
175350K .......... .......... .......... .......... .......... 72%  170M 7s
175400K .......... .......... .......... .......... .......... 72% 1.15M 7s
175450K .......... .......... .......... .......... .......... 72%  604K 7s
175500K .......... .......... .......... .......... .......... 72%  153M 7s
175550K .......... .......... .......... .......... .......... 72%  119M 7s
175600K .......... .......... .......... .......... .......... 72% 89.0M 7s
175650K .......... .......... .......... .......... .......... 72%  117M 7s
175700K .......... .......... .......... .......... .......... 72%  117M 7s
175750K .......... .......... .......... .......... .......... 72%  117M 7s
175800K .......... .......... .......... .......... .......... 72%  115M 7s
175850K .......... .......... .......... .......... .......... 72% 86.0M 7s
175900K .......... .......... .......... .......... .......... 72%  113M 7s
175950K .......... .......... .......... .......... .......... 72%  116M 7s
176000K .......... .......... .......... .......... .......... 72% 87.3M 7s
176050K .......... .......... .......... .......... .......... 72%  117M 7s
176100K .......... .......... .......... .......... .......... 72%  117M 7s
176150K .......... .......... .......... .......... .......... 72%  117M 7s
176200K .......... .......... .......... .......... .......... 72%  101M 7s
176250K .......... .......... .......... .......... .......... 72%  114M 7s
176300K .......... .......... .......... .......... .......... 72%  117M 7s
176350K .......... .......... .......... .......... .......... 72% 99.5M 7s
176400K .......... .......... .......... .......... .......... 72% 69.1M 7s
176450K .......... .......... .......... .......... .......... 72%  101M 7s
176500K .......... .......... .......... .......... .......... 72% 92.9M 7s
176550K .......... .......... .......... .......... .......... 72% 95.0M 7s
176600K .......... .......... .......... .......... .......... 72%  115M 7s
176650K .......... .......... .......... .......... .......... 72% 94.8M 7s
176700K .......... .......... .......... .......... .......... 72% 90.2M 7s
176750K .......... .......... .......... .......... .......... 72% 1.10M 7s
176800K .......... .......... .......... .......... .......... 72% 1.14M 7s
176850K .......... .......... .......... .......... .......... 73%  604K 7s
176900K .......... .......... .......... .......... .......... 73%  110M 7s
176950K .......... .......... .......... .......... .......... 73%  143M 7s
177000K .......... .......... .......... .......... .......... 73%  115M 7s
177050K .......... .......... .......... .......... .......... 73%  117M 7s
177100K .......... .......... .......... .......... .......... 73%  116M 7s
177150K .......... .......... .......... .......... .......... 73%  118M 7s
177200K .......... .......... .......... .......... .......... 73% 87.7M 7s
177250K .......... .......... .......... .......... .......... 73%  117M 7s
177300K .......... .......... .......... .......... .......... 73%  117M 7s
177350K .......... .......... .......... .......... .......... 73%  117M 7s
177400K .......... .......... .......... .......... .......... 73%  115M 7s
177450K .......... .......... .......... .......... .......... 73%  115M 7s
177500K .......... .......... .......... .......... .......... 73%  117M 7s
177550K .......... .......... .......... .......... .......... 73%  116M 7s
177600K .......... .......... .......... .......... .......... 73% 90.4M 7s
177650K .......... .......... .......... .......... .......... 73%  117M 7s
177700K .......... .......... .......... .......... .......... 73%  116M 7s
177750K .......... .......... .......... .......... .......... 73%  117M 7s
177800K .......... .......... .......... .......... .......... 73%  105M 7s
177850K .......... .......... .......... .......... .......... 73% 96.7M 7s
177900K .......... .......... .......... .......... .......... 73%  117M 7s
177950K .......... .......... .......... .......... .......... 73% 84.6M 7s
178000K .......... .......... .......... .......... .......... 73% 77.0M 7s
178050K .......... .......... .......... .......... .......... 73% 99.5M 7s
178100K .......... .......... .......... .......... .......... 73% 99.1M 7s
178150K .......... .......... .......... .......... .......... 73% 1.10M 7s
178200K .......... .......... .......... .......... .......... 73%  213M 7s
178250K .......... .......... .......... .......... .......... 73% 1.14M 7s
178300K .......... .......... .......... .......... .......... 73%  606K 7s
178350K .......... .......... .......... .......... .......... 73%  133M 7s
178400K .......... .......... .......... .......... .......... 73% 89.1M 7s
178450K .......... .......... .......... .......... .......... 73%  117M 7s
178500K .......... .......... .......... .......... .......... 73%  117M 7s
178550K .......... .......... .......... .......... .......... 73%  117M 7s
178600K .......... .......... .......... .......... .......... 73%  115M 7s
178650K .......... .......... .......... .......... .......... 73%  117M 7s
178700K .......... .......... .......... .......... .......... 73%  116M 7s
178750K .......... .......... .......... .......... .......... 73%  118M 7s
178800K .......... .......... .......... .......... .......... 73% 88.7M 7s
178850K .......... .......... .......... .......... .......... 73%  117M 7s
178900K .......... .......... .......... .......... .......... 73%  117M 7s
178950K .......... .......... .......... .......... .......... 73%  117M 7s
179000K .......... .......... .......... .......... .......... 73%  114M 7s
179050K .......... .......... .......... .......... .......... 73%  116M 7s
179100K .......... .......... .......... .......... .......... 73%  117M 7s
179150K .......... .......... .......... .......... .......... 73%  117M 7s
179200K .......... .......... .......... .......... .......... 73% 87.7M 7s
179250K .......... .......... .......... .......... .......... 74%  117M 7s
179300K .......... .......... .......... .......... .......... 74%  117M 7s
179350K .......... .......... .......... .......... .......... 74%  117M 7s
179400K .......... .......... .......... .......... .......... 74% 99.8M 7s
179450K .......... .......... .......... .......... .......... 74%  108M 7s
179500K .......... .......... .......... .......... .......... 74%  102M 7s
179550K .......... .......... .......... .......... .......... 74%  101M 7s
179600K .......... .......... .......... .......... .......... 74% 1.13M 7s
179650K .......... .......... .......... .......... .......... 74% 24.7M 7s
179700K .......... .......... .......... .......... .......... 74% 1.14M 7s
179750K .......... .......... .......... .......... .......... 74%  605K 7s
179800K .......... .......... .......... .......... .......... 74%  153M 7s
179850K .......... .......... .......... .......... .......... 74%  119M 7s
179900K .......... .......... .......... .......... .......... 74%  116M 7s
179950K .......... .......... .......... .......... .......... 74%  117M 7s
180000K .......... .......... .......... .......... .......... 74% 89.5M 7s
180050K .......... .......... .......... .......... .......... 74%  117M 7s
180100K .......... .......... .......... .......... .......... 74%  117M 7s
180150K .......... .......... .......... .......... .......... 74%  117M 7s
180200K .......... .......... .......... .......... .......... 74%  115M 7s
180250K .......... .......... .......... .......... .......... 74%  117M 7s
180300K .......... .......... .......... .......... .......... 74%  117M 7s
180350K .......... .......... .......... .......... .......... 74%  115M 6s
180400K .......... .......... .......... .......... .......... 74% 87.9M 6s
180450K .......... .......... .......... .......... .......... 74%  117M 6s
180500K .......... .......... .......... .......... .......... 74%  116M 6s
180550K .......... .......... .......... .......... .......... 74%  117M 6s
180600K .......... .......... .......... .......... .......... 74%  115M 6s
180650K .......... .......... .......... .......... .......... 74%  117M 6s
180700K .......... .......... .......... .......... .......... 74%  117M 6s
180750K .......... .......... .......... .......... .......... 74%  117M 6s
180800K .......... .......... .......... .......... .......... 74% 88.8M 6s
180850K .......... .......... .......... .......... .......... 74%  117M 6s
180900K .......... .......... .......... .......... .......... 74%  117M 6s
180950K .......... .......... .......... .......... .......... 74%  117M 6s
181000K .......... .......... .......... .......... .......... 74%  114M 6s
181050K .......... .......... .......... .......... .......... 74%  117M 6s
181100K .......... .......... .......... .......... .......... 74% 1.09M 6s
181150K .......... .......... .......... .......... .......... 74%  191M 6s
181200K .......... .......... .......... .......... .......... 74%  589K 6s
181250K .......... .......... .......... .......... .......... 74% 1.20M 6s
181300K .......... .......... .......... .......... .......... 74%  117M 6s
181350K .......... .......... .......... .......... .......... 74%  117M 6s
181400K .......... .......... .......... .......... .......... 74%  116M 6s
181450K .......... .......... .......... .......... .......... 74%  116M 6s
181500K .......... .......... .......... .......... .......... 74%  117M 6s
181550K .......... .......... .......... .......... .......... 74%  117M 6s
181600K .......... .......... .......... .......... .......... 74% 88.8M 6s
181650K .......... .......... .......... .......... .......... 74%  117M 6s
181700K .......... .......... .......... .......... .......... 75%  117M 6s
181750K .......... .......... .......... .......... .......... 75%  117M 6s
181800K .......... .......... .......... .......... .......... 75%  114M 6s
181850K .......... .......... .......... .......... .......... 75%  116M 6s
181900K .......... .......... .......... .......... .......... 75%  117M 6s
181950K .......... .......... .......... .......... .......... 75%  118M 6s
182000K .......... .......... .......... .......... .......... 75% 88.7M 6s
182050K .......... .......... .......... .......... .......... 75%  117M 6s
182100K .......... .......... .......... .......... .......... 75%  117M 6s
182150K .......... .......... .......... .......... .......... 75%  117M 6s
182200K .......... .......... .......... .......... .......... 75%  114M 6s
182250K .......... .......... .......... .......... .......... 75%  117M 6s
182300K .......... .......... .......... .......... .......... 75%  116M 6s
182350K .......... .......... .......... .......... .......... 75%  117M 6s
182400K .......... .......... .......... .......... .......... 75% 87.5M 6s
182450K .......... .......... .......... .......... .......... 75%  117M 6s
182500K .......... .......... .......... .......... .......... 75%  117M 6s
182550K .......... .......... .......... .......... .......... 75%  117M 6s
182600K .......... .......... .......... .......... .......... 75% 1.10M 6s
182650K .......... .......... .......... .......... .......... 75%  141M 6s
182700K .......... .......... .......... .......... .......... 75%  590K 6s
182750K .......... .......... .......... .......... .......... 75% 1.20M 6s
182800K .......... .......... .......... .......... .......... 75% 94.0M 6s
182850K .......... .......... .......... .......... .......... 75%  117M 6s
182900K .......... .......... .......... .......... .......... 75%  117M 6s
182950K .......... .......... .......... .......... .......... 75%  117M 6s
183000K .......... .......... .......... .......... .......... 75%  115M 6s
183050K .......... .......... .......... .......... .......... 75%  117M 6s
183100K .......... .......... .......... .......... .......... 75%  117M 6s
183150K .......... .......... .......... .......... .......... 75%  117M 6s
183200K .......... .......... .......... .......... .......... 75% 88.8M 6s
183250K .......... .......... .......... .......... .......... 75%  117M 6s
183300K .......... .......... .......... .......... .......... 75%  117M 6s
183350K .......... .......... .......... .......... .......... 75%  117M 6s
183400K .......... .......... .......... .......... .......... 75%  114M 6s
183450K .......... .......... .......... .......... .......... 75%  117M 6s
183500K .......... .......... .......... .......... .......... 75%  104M 6s
183550K .......... .......... .......... .......... .......... 75%  130M 6s
183600K .......... .......... .......... .......... .......... 75% 88.8M 6s
183650K .......... .......... .......... .......... .......... 75%  117M 6s
183700K .......... .......... .......... .......... .......... 75%  117M 6s
183750K .......... .......... .......... .......... .......... 75%  117M 6s
183800K .......... .......... .......... .......... .......... 75%  115M 6s
183850K .......... .......... .......... .......... .......... 75%  117M 6s
183900K .......... .......... .......... .......... .......... 75%  117M 6s
183950K .......... .......... .......... .......... .......... 75%  117M 6s
184000K .......... .......... .......... .......... .......... 75% 89.2M 6s
184050K .......... .......... .......... .......... .......... 75%  117M 6s
184100K .......... .......... .......... .......... .......... 76% 1.10M 6s
184150K .......... .......... .......... .......... .......... 76%  149M 6s
184200K .......... .......... .......... .......... .......... 76% 1.13M 6s
184250K .......... .......... .......... .......... .......... 76%  605K 6s
184300K .......... .......... .......... .......... .......... 76%  133M 6s
184350K .......... .......... .......... .......... .......... 76%  122M 6s
184400K .......... .......... .......... .......... .......... 76% 86.9M 6s
184450K .......... .......... .......... .......... .......... 76%  117M 6s
184500K .......... .......... .......... .......... .......... 76%  117M 6s
184550K .......... .......... .......... .......... .......... 76%  117M 6s
184600K .......... .......... .......... .......... .......... 76%  115M 6s
184650K .......... .......... .......... .......... .......... 76%  116M 6s
184700K .......... .......... .......... .......... .......... 76%  117M 6s
184750K .......... .......... .......... .......... .......... 76%  116M 6s
184800K .......... .......... .......... .......... .......... 76% 88.9M 6s
184850K .......... .......... .......... .......... .......... 76%  117M 6s
184900K .......... .......... .......... .......... .......... 76%  117M 6s
184950K .......... .......... .......... .......... .......... 76%  117M 6s
185000K .......... .......... .......... .......... .......... 76%  115M 6s
185050K .......... .......... .......... .......... .......... 76%  117M 6s
185100K .......... .......... .......... .......... .......... 76%  117M 6s
185150K .......... .......... .......... .......... .......... 76%  117M 6s
185200K .......... .......... .......... .......... .......... 76% 88.9M 6s
185250K .......... .......... .......... .......... .......... 76%  117M 6s
185300K .......... .......... .......... .......... .......... 76%  117M 6s
185350K .......... .......... .......... .......... .......... 76%  117M 6s
185400K .......... .......... .......... .......... .......... 76%  115M 6s
185450K .......... .......... .......... .......... .......... 76%  116M 6s
185500K .......... .......... .......... .......... .......... 76%  117M 6s
185550K .......... .......... .......... .......... .......... 76%  117M 6s
185600K .......... .......... .......... .......... .......... 76% 1.17M 6s
185650K .......... .......... .......... .......... .......... 76% 18.0M 6s
185700K .......... .......... .......... .......... .......... 76% 1.14M 6s
185750K .......... .......... .......... .......... .......... 76%  602K 6s
185800K .......... .......... .......... .......... .......... 76%  155M 6s
185850K .......... .......... .......... .......... .......... 76%  127M 6s
185900K .......... .......... .......... .......... .......... 76%  121M 6s
185950K .......... .......... .......... .......... .......... 76%  118M 6s
186000K .......... .......... .......... .......... .......... 76% 88.9M 6s
186050K .......... .......... .......... .......... .......... 76%  117M 6s
186100K .......... .......... .......... .......... .......... 76%  117M 6s
186150K .......... .......... .......... .......... .......... 76%  117M 6s
186200K .......... .......... .......... .......... .......... 76%  115M 6s
186250K .......... .......... .......... .......... .......... 76%  117M 6s
186300K .......... .......... .......... .......... .......... 76%  117M 6s
186350K .......... .......... .......... .......... .......... 76%  117M 6s
186400K .......... .......... .......... .......... .......... 76% 89.1M 6s
186450K .......... .......... .......... .......... .......... 76%  117M 6s
186500K .......... .......... .......... .......... .......... 76%  117M 6s
186550K .......... .......... .......... .......... .......... 77%  117M 6s
186600K .......... .......... .......... .......... .......... 77%  115M 6s
186650K .......... .......... .......... .......... .......... 77%  117M 6s
186700K .......... .......... .......... .......... .......... 77%  117M 6s
186750K .......... .......... .......... .......... .......... 77%  117M 6s
186800K .......... .......... .......... .......... .......... 77% 87.0M 6s
186850K .......... .......... .......... .......... .......... 77%  117M 6s
186900K .......... .......... .......... .......... .......... 77%  116M 6s
186950K .......... .......... .......... .......... .......... 77%  117M 6s
187000K .......... .......... .......... .......... .......... 77%  115M 6s
187050K .......... .......... .......... .......... .......... 77%  117M 6s
187100K .......... .......... .......... .......... .......... 77%  117M 6s
187150K .......... .......... .......... .......... .......... 77% 1.18M 6s
187200K .......... .......... .......... .......... .......... 77% 19.3M 6s
187250K .......... .......... .......... .......... .......... 77% 1.14M 6s
187300K .......... .......... .......... .......... .......... 77%  602K 6s
187350K .......... .......... .......... .......... .......... 77%  125M 6s
187400K .......... .......... .......... .......... .......... 77%  131M 6s
187450K .......... .......... .......... .......... .......... 77%  118M 6s
187500K .......... .......... .......... .......... .......... 77%  117M 6s
187550K .......... .......... .......... .......... .......... 77%  117M 6s
187600K .......... .......... .......... .......... .......... 77% 87.0M 6s
187650K .......... .......... .......... .......... .......... 77%  117M 6s
187700K .......... .......... .......... .......... .......... 77%  117M 6s
187750K .......... .......... .......... .......... .......... 77%  117M 6s
187800K .......... .......... .......... .......... .......... 77%  115M 6s
187850K .......... .......... .......... .......... .......... 77%  117M 6s
187900K .......... .......... .......... .......... .......... 77%  116M 6s
187950K .......... .......... .......... .......... .......... 77%  116M 6s
188000K .......... .......... .......... .......... .......... 77% 89.1M 6s
188050K .......... .......... .......... .......... .......... 77%  117M 6s
188100K .......... .......... .......... .......... .......... 77%  117M 6s
188150K .......... .......... .......... .......... .......... 77%  117M 6s
188200K .......... .......... .......... .......... .......... 77%  115M 6s
188250K .......... .......... .......... .......... .......... 77%  117M 6s
188300K .......... .......... .......... .......... .......... 77%  117M 6s
188350K .......... .......... .......... .......... .......... 77%  115M 6s
188400K .......... .......... .......... .......... .......... 77% 90.1M 6s
188450K .......... .......... .......... .......... .......... 77%  117M 6s
188500K .......... .......... .......... .......... .......... 77%  117M 6s
188550K .......... .......... .......... .......... .......... 77%  117M 6s
188600K .......... .......... .......... .......... .......... 77%  115M 6s
188650K .......... .......... .......... .......... .......... 77%  117M 6s
188700K .......... .......... .......... .......... .......... 77% 1.18M 6s
188750K .......... .......... .......... .......... .......... 77% 18.4M 6s
188800K .......... .......... .......... .......... .......... 77% 1.14M 6s
188850K .......... .......... .......... .......... .......... 77%  602K 6s
188900K .......... .......... .......... .......... .......... 77%  145M 6s
188950K .......... .......... .......... .......... .......... 78%  132M 6s
189000K .......... .......... .......... .......... .......... 78%  116M 6s
189050K .......... .......... .......... .......... .......... 78%  117M 6s
189100K .......... .......... .......... .......... .......... 78%  116M 6s
189150K .......... .......... .......... .......... .......... 78%  117M 6s
189200K .......... .......... .......... .......... .......... 78% 88.9M 6s
189250K .......... .......... .......... .......... .......... 78%  117M 6s
189300K .......... .......... .......... .......... .......... 78%  117M 6s
189350K .......... .......... .......... .......... .......... 78%  117M 6s
189400K .......... .......... .......... .......... .......... 78%  115M 6s
189450K .......... .......... .......... .......... .......... 78%  117M 6s
189500K .......... .......... .......... .......... .......... 78%  117M 6s
189550K .......... .......... .......... .......... .......... 78%  117M 6s
189600K .......... .......... .......... .......... .......... 78% 88.8M 6s
189650K .......... .......... .......... .......... .......... 78%  116M 6s
189700K .......... .......... .......... .......... .......... 78%  117M 6s
189750K .......... .......... .......... .......... .......... 78%  117M 6s
189800K .......... .......... .......... .......... .......... 78%  115M 6s
189850K .......... .......... .......... .......... .......... 78%  117M 6s
189900K .......... .......... .......... .......... .......... 78%  117M 6s
189950K .......... .......... .......... .......... .......... 78%  117M 6s
190000K .......... .......... .......... .......... .......... 78% 87.0M 6s
190050K .......... .......... .......... .......... .......... 78%  117M 5s
190100K .......... .......... .......... .......... .......... 78%  117M 5s
190150K .......... .......... .......... .......... .......... 78%  116M 5s
190200K .......... .......... .......... .......... .......... 78%  116M 5s
190250K .......... .......... .......... .......... .......... 78%  116M 5s
190300K .......... .......... .......... .......... .......... 78% 1.13M 5s
190350K .......... .......... .......... .......... .......... 78%  168M 5s
190400K .......... .......... .......... .......... .......... 78%  584K 5s
190450K .......... .......... .......... .......... .......... 78% 1.21M 5s
190500K .......... .......... .......... .......... .......... 78%  128M 5s
190550K .......... .......... .......... .......... .......... 78%  119M 5s
190600K .......... .......... .......... .......... .......... 78%  115M 5s
190650K .......... .......... .......... .......... .......... 78%  116M 5s
190700K .......... .......... .......... .......... .......... 78%  116M 5s
190750K .......... .......... .......... .......... .......... 78%  118M 5s
190800K .......... .......... .......... .......... .......... 78% 87.1M 5s
190850K .......... .......... .......... .......... .......... 78%  117M 5s
190900K .......... .......... .......... .......... .......... 78%  117M 5s
190950K .......... .......... .......... .......... .......... 78%  117M 5s
191000K .......... .......... .......... .......... .......... 78%  115M 5s
191050K .......... .......... .......... .......... .......... 78%  117M 5s
191100K .......... .......... .......... .......... .......... 78%  117M 5s
191150K .......... .......... .......... .......... .......... 78%  116M 5s
191200K .......... .......... .......... .......... .......... 78% 89.0M 5s
191250K .......... .......... .......... .......... .......... 78%  117M 5s
191300K .......... .......... .......... .......... .......... 78%  117M 5s
191350K .......... .......... .......... .......... .......... 78%  117M 5s
191400K .......... .......... .......... .......... .......... 79%  115M 5s
191450K .......... .......... .......... .......... .......... 79%  117M 5s
191500K .......... .......... .......... .......... .......... 79%  117M 5s
191550K .......... .......... .......... .......... .......... 79%  117M 5s
191600K .......... .......... .......... .......... .......... 79% 88.9M 5s
191650K .......... .......... .......... .......... .......... 79%  117M 5s
191700K .......... .......... .......... .......... .......... 79%  117M 5s
191750K .......... .......... .......... .......... .......... 79%  117M 5s
191800K .......... .......... .......... .......... .......... 79%  115M 5s
191850K .......... .......... .......... .......... .......... 79%  117M 5s
191900K .......... .......... .......... .......... .......... 79% 1.13M 5s
191950K .......... .......... .......... .......... .......... 79%  180M 5s
192000K .......... .......... .......... .......... .......... 79%  397K 5s
192050K .......... .......... .......... .......... .......... 79%  197M 5s
192100K .......... .......... .......... .......... .......... 79%  118M 5s
192150K .......... .......... .......... .......... .......... 79%  117M 5s
192200K .......... .......... .......... .......... .......... 79%  115M 5s
192250K .......... .......... .......... .......... .......... 79%  117M 5s
192300K .......... .......... .......... .......... .......... 79%  117M 5s
192350K .......... .......... .......... .......... .......... 79%  117M 5s
192400K .......... .......... .......... .......... .......... 79% 88.9M 5s
192450K .......... .......... .......... .......... .......... 79%  117M 5s
192500K .......... .......... .......... .......... .......... 79%  117M 5s
192550K .......... .......... .......... .......... .......... 79%  117M 5s
192600K .......... .......... .......... .......... .......... 79%  115M 5s
192650K .......... .......... .......... .......... .......... 79%  117M 5s
192700K .......... .......... .......... .......... .......... 79%  117M 5s
192750K .......... .......... .......... .......... .......... 79%  117M 5s
192800K .......... .......... .......... .......... .......... 79% 89.1M 5s
192850K .......... .......... .......... .......... .......... 79%  117M 5s
192900K .......... .......... .......... .......... .......... 79%  117M 5s
192950K .......... .......... .......... .......... .......... 79%  117M 5s
193000K .......... .......... .......... .......... .......... 79%  115M 5s
193050K .......... .......... .......... .......... .......... 79%  115M 5s
193100K .......... .......... .......... .......... .......... 79%  118M 5s
193150K .......... .......... .......... .......... .......... 79%  117M 5s
193200K .......... .......... .......... .......... .......... 79% 87.0M 5s
193250K .......... .......... .......... .......... .......... 79%  117M 5s
193300K .......... .......... .......... .......... .......... 79%  117M 5s
193350K .......... .......... .......... .......... .......... 79%  117M 5s
193400K .......... .......... .......... .......... .......... 79%  115M 5s
193450K .......... .......... .......... .......... .......... 79%  117M 5s
193500K .......... .......... .......... .......... .......... 79% 1.13M 5s
193550K .......... .......... .......... .......... .......... 79%  122M 5s
193600K .......... .......... .......... .......... .......... 79%  397K 5s
193650K .......... .......... .......... .......... .......... 79%  236M 5s
193700K .......... .......... .......... .......... .......... 79%  106M 5s
193750K .......... .......... .......... .......... .......... 79%  130M 5s
193800K .......... .......... .......... .......... .......... 80%  115M 5s
193850K .......... .......... .......... .......... .......... 80%  117M 5s
193900K .......... .......... .......... .......... .......... 80%  117M 5s
193950K .......... .......... .......... .......... .......... 80%  117M 5s
194000K .......... .......... .......... .......... .......... 80% 87.1M 5s
194050K .......... .......... .......... .......... .......... 80%  117M 5s
194100K .......... .......... .......... .......... .......... 80%  117M 5s
194150K .......... .......... .......... .......... .......... 80%  117M 5s
194200K .......... .......... .......... .......... .......... 80%  115M 5s
194250K .......... .......... .......... .......... .......... 80%  117M 5s
194300K .......... .......... .......... .......... .......... 80%  117M 5s
194350K .......... .......... .......... .......... .......... 80%  117M 5s
194400K .......... .......... .......... .......... .......... 80% 88.7M 5s
194450K .......... .......... .......... .......... .......... 80%  116M 5s
194500K .......... .......... .......... .......... .......... 80%  117M 5s
194550K .......... .......... .......... .......... .......... 80%  117M 5s
194600K .......... .......... .......... .......... .......... 80%  115M 5s
194650K .......... .......... .......... .......... .......... 80%  117M 5s
194700K .......... .......... .......... .......... .......... 80%  117M 5s
194750K .......... .......... .......... .......... .......... 80%  117M 5s
194800K .......... .......... .......... .......... .......... 80% 89.1M 5s
194850K .......... .......... .......... .......... .......... 80%  117M 5s
194900K .......... .......... .......... .......... .......... 80%  117M 5s
194950K .......... .......... .......... .......... .......... 80%  117M 5s
195000K .......... .......... .......... .......... .......... 80%  116M 5s
195050K .......... .......... .......... .......... .......... 80%  117M 5s
195100K .......... .......... .......... .......... .......... 80% 1.14M 5s
195150K .......... .......... .......... .......... .......... 80%  170M 5s
195200K .......... .......... .......... .......... .......... 80%  583K 5s
195250K .......... .......... .......... .......... .......... 80% 1.21M 5s
195300K .......... .......... .......... .......... .......... 80%  119M 5s
195350K .......... .......... .......... .......... .......... 80%  118M 5s
195400K .......... .......... .......... .......... .......... 80%  113M 5s
195450K .......... .......... .......... .......... .......... 80%  119M 5s
195500K .......... .......... .......... .......... .......... 80%  117M 5s
195550K .......... .......... .......... .......... .......... 80%  117M 5s
195600K .......... .......... .......... .......... .......... 80% 89.1M 5s
195650K .......... .......... .......... .......... .......... 80%  117M 5s
195700K .......... .......... .......... .......... .......... 80%  117M 5s
195750K .......... .......... .......... .......... .......... 80%  117M 5s
195800K .......... .......... .......... .......... .......... 80%  115M 5s
195850K .......... .......... .......... .......... .......... 80%  117M 5s
195900K .......... .......... .......... .......... .......... 80%  117M 5s
195950K .......... .......... .......... .......... .......... 80%  117M 5s
196000K .......... .......... .......... .......... .......... 80% 89.1M 5s
196050K .......... .......... .......... .......... .......... 80%  117M 5s
196100K .......... .......... .......... .......... .......... 80%  116M 5s
196150K .......... .......... .......... .......... .......... 80%  117M 5s
196200K .......... .......... .......... .......... .......... 80%  115M 5s
196250K .......... .......... .......... .......... .......... 81%  117M 5s
196300K .......... .......... .......... .......... .......... 81%  117M 5s
196350K .......... .......... .......... .......... .......... 81%  117M 5s
196400K .......... .......... .......... .......... .......... 81% 87.0M 5s
196450K .......... .......... .......... .......... .......... 81%  117M 5s
196500K .......... .......... .......... .......... .......... 81%  117M 5s
196550K .......... .......... .......... .......... .......... 81%  117M 5s
196600K .......... .......... .......... .......... .......... 81%  115M 5s
196650K .......... .......... .......... .......... .......... 81%  117M 5s
196700K .......... .......... .......... .......... .......... 81%  117M 5s
196750K .......... .......... .......... .......... .......... 81% 1.14M 5s
196800K .......... .......... .......... .......... .......... 81% 1.19M 5s
196850K .......... .......... .......... .......... .......... 81% 1.09M 5s
196900K .......... .......... .......... .......... .......... 81% 1.21M 5s
196950K .......... .......... .......... .......... .......... 81%  139M 5s
197000K .......... .......... .......... .......... .......... 81%  116M 5s
197050K .......... .......... .......... .......... .......... 81%  117M 5s
197100K .......... .......... .......... .......... .......... 81%  117M 5s
197150K .......... .......... .......... .......... .......... 81%  117M 5s
197200K .......... .......... .......... .......... .......... 81% 87.0M 5s
197250K .......... .......... .......... .......... .......... 81%  117M 5s
197300K .......... .......... .......... .......... .......... 81%  117M 5s
197350K .......... .......... .......... .......... .......... 81%  117M 5s
197400K .......... .......... .......... .......... .......... 81%  115M 5s
197450K .......... .......... .......... .......... .......... 81%  117M 5s
197500K .......... .......... .......... .......... .......... 81%  117M 5s
197550K .......... .......... .......... .......... .......... 81%  117M 5s
197600K .......... .......... .......... .......... .......... 81% 88.8M 5s
197650K .......... .......... .......... .......... .......... 81%  117M 5s
197700K .......... .......... .......... .......... .......... 81%  117M 5s
197750K .......... .......... .......... .......... .......... 81%  117M 5s
197800K .......... .......... .......... .......... .......... 81%  115M 5s
197850K .......... .......... .......... .......... .......... 81%  117M 5s
197900K .......... .......... .......... .......... .......... 81%  117M 5s
197950K .......... .......... .......... .......... .......... 81%  117M 5s
198000K .......... .......... .......... .......... .......... 81% 89.0M 5s
198050K .......... .......... .......... .......... .......... 81%  117M 5s
198100K .......... .......... .......... .......... .......... 81%  117M 5s
198150K .......... .......... .......... .......... .......... 81%  117M 5s
198200K .......... .......... .......... .......... .......... 81%  115M 5s
198250K .......... .......... .......... .......... .......... 81%  116M 5s
198300K .......... .......... .......... .......... .......... 81%  117M 5s
198350K .......... .......... .......... .......... .......... 81% 1.13M 5s
198400K .......... .......... .......... .......... .......... 81%  154M 5s
198450K .......... .......... .......... .......... .......... 81% 1.20M 5s
198500K .......... .......... .......... .......... .......... 81%  587K 5s
198550K .......... .......... .......... .......... .......... 81%  131M 5s
198600K .......... .......... .......... .......... .......... 81%  133M 5s
198650K .......... .......... .......... .......... .......... 82%  140M 5s
198700K .......... .......... .......... .......... .......... 82%  118M 5s
198750K .......... .......... .......... .......... .......... 82%  117M 5s
198800K .......... .......... .......... .......... .......... 82% 88.9M 5s
198850K .......... .......... .......... .......... .......... 82%  117M 5s
198900K .......... .......... .......... .......... .......... 82%  117M 5s
198950K .......... .......... .......... .......... .......... 82%  117M 5s
199000K .......... .......... .......... .......... .......... 82%  115M 5s
199050K .......... .......... .......... .......... .......... 82%  117M 5s
199100K .......... .......... .......... .......... .......... 82%  117M 5s
199150K .......... .......... .......... .......... .......... 82%  117M 5s
199200K .......... .......... .......... .......... .......... 82% 88.9M 5s
199250K .......... .......... .......... .......... .......... 82%  116M 5s
199300K .......... .......... .......... .......... .......... 82%  117M 5s
199350K .......... .......... .......... .......... .......... 82%  117M 5s
199400K .......... .......... .......... .......... .......... 82%  115M 5s
199450K .......... .......... .......... .......... .......... 82%  117M 5s
199500K .......... .......... .......... .......... .......... 82%  117M 5s
199550K .......... .......... .......... .......... .......... 82%  117M 5s
199600K .......... .......... .......... .......... .......... 82% 87.0M 5s
199650K .......... .......... .......... .......... .......... 82%  117M 5s
199700K .......... .......... .......... .......... .......... 82%  117M 4s
199750K .......... .......... .......... .......... .......... 82%  116M 4s
199800K .......... .......... .......... .......... .......... 82%  116M 4s
199850K .......... .......... .......... .......... .......... 82%  117M 4s
199900K .......... .......... .......... .......... .......... 82%  116M 4s
199950K .......... .......... .......... .......... .......... 82%  117M 4s
200000K .......... .......... .......... .......... .......... 82% 1.13M 4s
200050K .......... .......... .......... .......... .......... 82%  106M 4s
200100K .......... .......... .......... .......... .......... 82% 1.20M 4s
200150K .......... .......... .......... .......... .......... 82%  588K 4s
200200K .......... .......... .......... .......... .......... 82%  121M 4s
200250K .......... .......... .......... .......... .......... 82%  144M 4s
200300K .......... .......... .......... .......... .......... 82%  117M 4s
200350K .......... .......... .......... .......... .......... 82%  117M 4s
200400K .......... .......... .......... .......... .......... 82% 87.1M 4s
200450K .......... .......... .......... .......... .......... 82%  117M 4s
200500K .......... .......... .......... .......... .......... 82%  117M 4s
200550K .......... .......... .......... .......... .......... 82%  117M 4s
200600K .......... .......... .......... .......... .......... 82%  115M 4s
200650K .......... .......... .......... .......... .......... 82%  117M 4s
200700K .......... .......... .......... .......... .......... 82%  115M 4s
200750K .......... .......... .......... .......... .......... 82%  118M 4s
200800K .......... .......... .......... .......... .......... 82% 89.0M 4s
200850K .......... .......... .......... .......... .......... 82%  117M 4s
200900K .......... .......... .......... .......... .......... 82%  117M 4s
200950K .......... .......... .......... .......... .......... 82%  117M 4s
201000K .......... .......... .......... .......... .......... 82%  115M 4s
201050K .......... .......... .......... .......... .......... 83%  117M 4s
201100K .......... .......... .......... .......... .......... 83%  117M 4s
201150K .......... .......... .......... .......... .......... 83%  117M 4s
201200K .......... .......... .......... .......... .......... 83% 88.8M 4s
201250K .......... .......... .......... .......... .......... 83%  117M 4s
201300K .......... .......... .......... .......... .......... 83%  117M 4s
201350K .......... .......... .......... .......... .......... 83%  117M 4s
201400K .......... .......... .......... .......... .......... 83%  115M 4s
201450K .......... .......... .......... .......... .......... 83%  116M 4s
201500K .......... .......... .......... .......... .......... 83%  117M 4s
201550K .......... .......... .......... .......... .......... 83%  117M 4s
201600K .......... .......... .......... .......... .......... 83% 87.0M 4s
201650K .......... .......... .......... .......... .......... 83% 1.14M 4s
201700K .......... .......... .......... .......... .......... 83%  275M 4s
201750K .......... .......... .......... .......... .......... 83% 1.19M 4s
201800K .......... .......... .......... .......... .......... 83%  588K 4s
201850K .......... .......... .......... .......... .......... 83%  195M 4s
201900K .......... .......... .......... .......... .......... 83%  135M 4s
201950K .......... .......... .......... .......... .......... 83%  120M 4s
202000K .......... .......... .......... .......... .......... 83% 89.1M 4s
202050K .......... .......... .......... .......... .......... 83%  117M 4s
202100K .......... .......... .......... .......... .......... 83%  117M 4s
202150K .......... .......... .......... .......... .......... 83%  117M 4s
202200K .......... .......... .......... .......... .......... 83%  115M 4s
202250K .......... .......... .......... .......... .......... 83%  117M 4s
202300K .......... .......... .......... .......... .......... 83%  117M 4s
202350K .......... .......... .......... .......... .......... 83%  117M 4s
202400K .......... .......... .......... .......... .......... 83% 89.1M 4s
202450K .......... .......... .......... .......... .......... 83%  117M 4s
202500K .......... .......... .......... .......... .......... 83%  117M 4s
202550K .......... .......... .......... .......... .......... 83%  117M 4s
202600K .......... .......... .......... .......... .......... 83%  115M 4s
202650K .......... .......... .......... .......... .......... 83%  117M 4s
202700K .......... .......... .......... .......... .......... 83%  117M 4s
202750K .......... .......... .......... .......... .......... 83%  117M 4s
202800K .......... .......... .......... .......... .......... 83% 87.0M 4s
202850K .......... .......... .......... .......... .......... 83%  117M 4s
202900K .......... .......... .......... .......... .......... 83%  117M 4s
202950K .......... .......... .......... .......... .......... 83%  117M 4s
203000K .......... .......... .......... .......... .......... 83%  115M 4s
203050K .......... .......... .......... .......... .......... 83%  115M 4s
203100K .......... .......... .......... .......... .......... 83%  118M 4s
203150K .......... .......... .......... .......... .......... 83%  117M 4s
203200K .......... .......... .......... .......... .......... 83% 88.9M 4s
203250K .......... .......... .......... .......... .......... 83%  117M 4s
203300K .......... .......... .......... .......... .......... 83%  117M 4s
203350K .......... .......... .......... .......... .......... 83% 1.14M 4s
203400K .......... .......... .......... .......... .......... 83%  138M 4s
203450K .......... .......... .......... .......... .......... 83%  590K 4s
203500K .......... .......... .......... .......... .......... 84% 1.19M 4s
203550K .......... .......... .......... .......... .......... 84%  132M 4s
203600K .......... .......... .......... .......... .......... 84% 90.4M 4s
203650K .......... .......... .......... .......... .......... 84%  117M 4s
203700K .......... .......... .......... .......... .......... 84%  117M 4s
203750K .......... .......... .......... .......... .......... 84%  114M 4s
203800K .......... .......... .......... .......... .......... 84%  115M 4s
203850K .......... .......... .......... .......... .......... 84%  117M 4s
203900K .......... .......... .......... .......... .......... 84%  117M 4s
203950K .......... .......... .......... .......... .......... 84%  117M 4s
204000K .......... .......... .......... .......... .......... 84% 88.8M 4s
204050K .......... .......... .......... .......... .......... 84%  117M 4s
204100K .......... .......... .......... .......... .......... 84%  117M 4s
204150K .......... .......... .......... .......... .......... 84%  117M 4s
204200K .......... .......... .......... .......... .......... 84%  115M 4s
204250K .......... .......... .......... .......... .......... 84%  117M 4s
204300K .......... .......... .......... .......... .......... 84%  117M 4s
204350K .......... .......... .......... .......... .......... 84%  117M 4s
204400K .......... .......... .......... .......... .......... 84% 89.1M 4s
204450K .......... .......... .......... .......... .......... 84%  117M 4s
204500K .......... .......... .......... .......... .......... 84%  117M 4s
204550K .......... .......... .......... .......... .......... 84%  117M 4s
204600K .......... .......... .......... .......... .......... 84%  115M 4s
204650K .......... .......... .......... .......... .......... 84%  117M 4s
204700K .......... .......... .......... .......... .......... 84%  117M 4s
204750K .......... .......... .......... .......... .......... 84%  117M 4s
204800K .......... .......... .......... .......... .......... 84% 87.0M 4s
204850K .......... .......... .......... .......... .......... 84%  117M 4s
204900K .......... .......... .......... .......... .......... 84%  117M 4s
204950K .......... .......... .......... .......... .......... 84%  117M 4s
205000K .......... .......... .......... .......... .......... 84% 1.14M 4s
205050K .......... .......... .......... .......... .......... 84%  142M 4s
205100K .......... .......... .......... .......... .......... 84% 1.20M 4s
205150K .......... .......... .......... .......... .......... 84% 1.10M 4s
205200K .......... .......... .......... .......... .......... 84% 1.19M 4s
205250K .......... .......... .......... .......... .......... 84%  117M 4s
205300K .......... .......... .......... .......... .......... 84%  117M 4s
205350K .......... .......... .......... .......... .......... 84%  117M 4s
205400K .......... .......... .......... .......... .......... 84%  114M 4s
205450K .......... .......... .......... .......... .......... 84%  118M 4s
205500K .......... .......... .......... .......... .......... 84%  117M 4s
205550K .......... .......... .......... .......... .......... 84%  117M 4s
205600K .......... .......... .......... .......... .......... 84% 88.8M 4s
205650K .......... .......... .......... .......... .......... 84%  117M 4s
205700K .......... .......... .......... .......... .......... 84%  117M 4s
205750K .......... .......... .......... .......... .......... 84%  116M 4s
205800K .......... .......... .......... .......... .......... 84%  116M 4s
205850K .......... .......... .......... .......... .......... 84%  117M 4s
205900K .......... .......... .......... .......... .......... 85%  117M 4s
205950K .......... .......... .......... .......... .......... 85%  117M 4s
206000K .......... .......... .......... .......... .......... 85% 87.0M 4s
206050K .......... .......... .......... .......... .......... 85%  117M 4s
206100K .......... .......... .......... .......... .......... 85%  117M 4s
206150K .......... .......... .......... .......... .......... 85%  117M 4s
206200K .......... .......... .......... .......... .......... 85%  116M 4s
206250K .......... .......... .......... .......... .......... 85%  116M 4s
206300K .......... .......... .......... .......... .......... 85%  117M 4s
206350K .......... .......... .......... .......... .......... 85%  117M 4s
206400K .......... .......... .......... .......... .......... 85% 89.1M 4s
206450K .......... .......... .......... .......... .......... 85%  117M 4s
206500K .......... .......... .......... .......... .......... 85%  117M 4s
206550K .......... .......... .......... .......... .......... 85%  117M 4s
206600K .......... .......... .......... .......... .......... 85%  115M 4s
206650K .......... .......... .......... .......... .......... 85%  117M 4s
206700K .......... .......... .......... .......... .......... 85% 1.15M 4s
206750K .......... .......... .......... .......... .......... 85%  116M 4s
206800K .......... .......... .......... .......... .......... 85%  590K 4s
206850K .......... .......... .......... .......... .......... 85% 1.19M 4s
206900K .......... .......... .......... .......... .......... 85%  146M 4s
206950K .......... .......... .......... .......... .......... 85%  117M 4s
207000K .......... .......... .......... .......... .......... 85%  115M 4s
207050K .......... .......... .......... .......... .......... 85%  114M 4s
207100K .......... .......... .......... .......... .......... 85%  117M 4s
207150K .......... .......... .......... .......... .......... 85%  117M 4s
207200K .......... .......... .......... .......... .......... 85% 88.8M 4s
207250K .......... .......... .......... .......... .......... 85%  117M 4s
207300K .......... .......... .......... .......... .......... 85%  117M 4s
207350K .......... .......... .......... .......... .......... 85%  117M 4s
207400K .......... .......... .......... .......... .......... 85%  115M 4s
207450K .......... .......... .......... .......... .......... 85%  117M 4s
207500K .......... .......... .......... .......... .......... 85%  116M 4s
207550K .......... .......... .......... .......... .......... 85%  117M 4s
207600K .......... .......... .......... .......... .......... 85% 89.2M 4s
207650K .......... .......... .......... .......... .......... 85%  117M 4s
207700K .......... .......... .......... .......... .......... 85%  117M 4s
207750K .......... .......... .......... .......... .......... 85%  117M 4s
207800K .......... .......... .......... .......... .......... 85%  115M 4s
207850K .......... .......... .......... .......... .......... 85%  117M 4s
207900K .......... .......... .......... .......... .......... 85%  117M 4s
207950K .......... .......... .......... .......... .......... 85%  115M 4s
208000K .......... .......... .......... .......... .......... 85% 87.8M 4s
208050K .......... .......... .......... .......... .......... 85%  117M 4s
208100K .......... .......... .......... .......... .......... 85%  117M 4s
208150K .......... .......... .......... .......... .......... 85%  117M 4s
208200K .......... .......... .......... .......... .......... 85%  115M 4s
208250K .......... .......... .......... .......... .......... 85%  116M 4s
208300K .......... .......... .......... .......... .......... 85%  117M 4s
208350K .......... .......... .......... .......... .......... 86% 1.19M 4s
208400K .......... .......... .......... .......... .......... 86% 25.8M 4s
208450K .......... .......... .......... .......... .......... 86%  127M 4s
208500K .......... .......... .......... .......... .......... 86%  589K 4s
208550K .......... .......... .......... .......... .......... 86% 1.19M 4s
208600K .......... .......... .......... .......... .......... 86%  149M 4s
208650K .......... .......... .......... .......... .......... 86%  117M 4s
208700K .......... .......... .......... .......... .......... 86%  117M 4s
208750K .......... .......... .......... .......... .......... 86%  117M 4s
208800K .......... .......... .......... .......... .......... 86% 88.9M 4s
208850K .......... .......... .......... .......... .......... 86%  117M 4s
208900K .......... .......... .......... .......... .......... 86%  117M 4s
208950K .......... .......... .......... .......... .......... 86%  117M 4s
209000K .......... .......... .......... .......... .......... 86%  115M 4s
209050K .......... .......... .......... .......... .......... 86%  116M 4s
209100K .......... .......... .......... .......... .......... 86%  117M 4s
209150K .......... .......... .......... .......... .......... 86%  117M 4s
209200K .......... .......... .......... .......... .......... 86% 87.0M 4s
209250K .......... .......... .......... .......... .......... 86%  117M 4s
209300K .......... .......... .......... .......... .......... 86%  117M 3s
209350K .......... .......... .......... .......... .......... 86%  117M 3s
209400K .......... .......... .......... .......... .......... 86%  115M 3s
209450K .......... .......... .......... .......... .......... 86%  117M 3s
209500K .......... .......... .......... .......... .......... 86%  117M 3s
209550K .......... .......... .......... .......... .......... 86%  116M 3s
209600K .......... .......... .......... .......... .......... 86% 89.0M 3s
209650K .......... .......... .......... .......... .......... 86%  117M 3s
209700K .......... .......... .......... .......... .......... 86%  117M 3s
209750K .......... .......... .......... .......... .......... 86%  117M 3s
209800K .......... .......... .......... .......... .......... 86%  115M 3s
209850K .......... .......... .......... .......... .......... 86%  117M 3s
209900K .......... .......... .......... .......... .......... 86%  117M 3s
209950K .......... .......... .......... .......... .......... 86%  117M 3s
210000K .......... .......... .......... .......... .......... 86% 89.0M 3s
210050K .......... .......... .......... .......... .......... 86% 1.15M 3s
210100K .......... .......... .......... .......... .......... 86%  167M 3s
210150K .......... .......... .......... .......... .......... 86%  130M 3s
210200K .......... .......... .......... .......... .......... 86%  588K 3s
210250K .......... .......... .......... .......... .......... 86% 1.19M 3s
210300K .......... .......... .......... .......... .......... 86%  148M 3s
210350K .......... .......... .......... .......... .......... 86%  121M 3s
210400K .......... .......... .......... .......... .......... 86% 89.0M 3s
210450K .......... .......... .......... .......... .......... 86%  117M 3s
210500K .......... .......... .......... .......... .......... 86%  117M 3s
210550K .......... .......... .......... .......... .......... 86%  117M 3s
210600K .......... .......... .......... .......... .......... 86%  115M 3s
210650K .......... .......... .......... .......... .......... 86%  117M 3s
210700K .......... .......... .......... .......... .......... 86%  117M 3s
210750K .......... .......... .......... .......... .......... 87%  117M 3s
210800K .......... .......... .......... .......... .......... 87% 88.8M 3s
210850K .......... .......... .......... .......... .......... 87%  117M 3s
210900K .......... .......... .......... .......... .......... 87%  117M 3s
210950K .......... .......... .......... .......... .......... 87%  117M 3s
211000K .......... .......... .......... .......... .......... 87%  115M 3s
211050K .......... .......... .......... .......... .......... 87%  117M 3s
211100K .......... .......... .......... .......... .......... 87%  117M 3s
211150K .......... .......... .......... .......... .......... 87%  117M 3s
211200K .......... .......... .......... .......... .......... 87% 87.1M 3s
211250K .......... .......... .......... .......... .......... 87%  117M 3s
211300K .......... .......... .......... .......... .......... 87%  116M 3s
211350K .......... .......... .......... .......... .......... 87%  117M 3s
211400K .......... .......... .......... .......... .......... 87%  115M 3s
211450K .......... .......... .......... .......... .......... 87%  116M 3s
211500K .......... .......... .......... .......... .......... 87%  117M 3s
211550K .......... .......... .......... .......... .......... 87%  117M 3s
211600K .......... .......... .......... .......... .......... 87% 89.0M 3s
211650K .......... .......... .......... .......... .......... 87%  117M 3s
211700K .......... .......... .......... .......... .......... 87%  117M 3s
211750K .......... .......... .......... .......... .......... 87% 1.20M 3s
211800K .......... .......... .......... .......... .......... 87% 30.1M 3s
211850K .......... .......... .......... .......... .......... 87%  115M 3s
211900K .......... .......... .......... .......... .......... 87% 1.14M 3s
211950K .......... .......... .......... .......... .......... 87%  599K 3s
212000K .......... .......... .......... .......... .......... 87%  106M 3s
212050K .......... .......... .......... .......... .......... 87%  140M 3s
212100K .......... .......... .......... .......... .......... 87%  117M 3s
212150K .......... .......... .......... .......... .......... 87%  117M 3s
212200K .......... .......... .......... .......... .......... 87%  115M 3s
212250K .......... .......... .......... .......... .......... 87%  116M 3s
212300K .......... .......... .......... .......... .......... 87%  117M 3s
212350K .......... .......... .......... .......... .......... 87%  117M 3s
212400K .......... .......... .......... .......... .......... 87% 86.9M 3s
212450K .......... .......... .......... .......... .......... 87%  117M 3s
212500K .......... .......... .......... .......... .......... 87%  117M 3s
212550K .......... .......... .......... .......... .......... 87%  117M 3s
212600K .......... .......... .......... .......... .......... 87%  115M 3s
212650K .......... .......... .......... .......... .......... 87%  115M 3s
212700K .......... .......... .......... .......... .......... 87%  118M 3s
212750K .......... .......... .......... .......... .......... 87%  117M 3s
212800K .......... .......... .......... .......... .......... 87% 89.1M 3s
212850K .......... .......... .......... .......... .......... 87%  117M 3s
212900K .......... .......... .......... .......... .......... 87%  117M 3s
212950K .......... .......... .......... .......... .......... 87%  117M 3s
213000K .......... .......... .......... .......... .......... 87%  115M 3s
213050K .......... .......... .......... .......... .......... 87%  117M 3s
213100K .......... .......... .......... .......... .......... 87%  117M 3s
213150K .......... .......... .......... .......... .......... 87%  117M 3s
213200K .......... .......... .......... .......... .......... 88% 89.0M 3s
213250K .......... .......... .......... .......... .......... 88%  117M 3s
213300K .......... .......... .......... .......... .......... 88%  117M 3s
213350K .......... .......... .......... .......... .......... 88%  117M 3s
213400K .......... .......... .......... .......... .......... 88%  115M 3s
213450K .......... .......... .......... .......... .......... 88%  117M 3s
213500K .......... .......... .......... .......... .......... 88% 1.17M 3s
213550K .......... .......... .......... .......... .......... 88%  133M 3s
213600K .......... .......... .......... .......... .......... 88% 1.14M 3s
213650K .......... .......... .......... .......... .......... 88%  598K 3s
213700K .......... .......... .......... .......... .......... 88%  128M 3s
213750K .......... .......... .......... .......... .......... 88%  152M 3s
213800K .......... .......... .......... .......... .......... 88%  115M 3s
213850K .......... .......... .......... .......... .......... 88%  117M 3s
213900K .......... .......... .......... .......... .......... 88%  117M 3s
213950K .......... .......... .......... .......... .......... 88%  117M 3s
214000K .......... .......... .......... .......... .......... 88% 88.9M 3s
214050K .......... .......... .......... .......... .......... 88%  117M 3s
214100K .......... .......... .......... .......... .......... 88%  117M 3s
214150K .......... .......... .......... .......... .......... 88%  117M 3s
214200K .......... .......... .......... .......... .......... 88%  115M 3s
214250K .......... .......... .......... .......... .......... 88%  117M 3s
214300K .......... .......... .......... .......... .......... 88%  116M 3s
214350K .......... .......... .......... .......... .......... 88%  117M 3s
214400K .......... .......... .......... .......... .......... 88% 87.0M 3s
214450K .......... .......... .......... .......... .......... 88%  117M 3s
214500K .......... .......... .......... .......... .......... 88%  117M 3s
214550K .......... .......... .......... .......... .......... 88%  117M 3s
214600K .......... .......... .......... .......... .......... 88%  115M 3s
214650K .......... .......... .......... .......... .......... 88%  117M 3s
214700K .......... .......... .......... .......... .......... 88%  117M 3s
214750K .......... .......... .......... .......... .......... 88%  117M 3s
214800K .......... .......... .......... .......... .......... 88% 89.1M 3s
214850K .......... .......... .......... .......... .......... 88%  116M 3s
214900K .......... .......... .......... .......... .......... 88%  117M 3s
214950K .......... .......... .......... .......... .......... 88%  117M 3s
215000K .......... .......... .......... .......... .......... 88%  114M 3s
215050K .......... .......... .......... .......... .......... 88%  118M 3s
215100K .......... .......... .......... .......... .......... 88%  117M 3s
215150K .......... .......... .......... .......... .......... 88%  117M 3s
215200K .......... .......... .......... .......... .......... 88% 1.17M 3s
215250K .......... .......... .......... .......... .......... 88%  118M 3s
215300K .......... .......... .......... .......... .......... 88% 1.15M 3s
215350K .......... .......... .......... .......... .......... 88% 1.14M 3s
215400K .......... .......... .......... .......... .......... 88% 1.18M 3s
215450K .......... .......... .......... .......... .......... 88% 97.8M 3s
215500K .......... .......... .......... .......... .......... 88%  149M 3s
215550K .......... .......... .......... .......... .......... 88%  116M 3s
215600K .......... .......... .......... .......... .......... 89% 87.3M 3s
215650K .......... .......... .......... .......... .......... 89%  117M 3s
215700K .......... .......... .......... .......... .......... 89%  117M 3s
215750K .......... .......... .......... .......... .......... 89%  117M 3s
215800K .......... .......... .......... .......... .......... 89%  115M 3s
215850K .......... .......... .......... .......... .......... 89%  117M 3s
215900K .......... .......... .......... .......... .......... 89%  117M 3s
215950K .......... .......... .......... .......... .......... 89%  117M 3s
216000K .......... .......... .......... .......... .......... 89% 88.8M 3s
216050K .......... .......... .......... .......... .......... 89%  117M 3s
216100K .......... .......... .......... .......... .......... 89%  117M 3s
216150K .......... .......... .......... .......... .......... 89%  117M 3s
216200K .......... .......... .......... .......... .......... 89%  115M 3s
216250K .......... .......... .......... .......... .......... 89%  117M 3s
216300K .......... .......... .......... .......... .......... 89%  117M 3s
216350K .......... .......... .......... .......... .......... 89%  117M 3s
216400K .......... .......... .......... .......... .......... 89% 88.9M 3s
216450K .......... .......... .......... .......... .......... 89%  117M 3s
216500K .......... .......... .......... .......... .......... 89%  117M 3s
216550K .......... .......... .......... .......... .......... 89%  117M 3s
216600K .......... .......... .......... .......... .......... 89%  114M 3s
216650K .......... .......... .......... .......... .......... 89%  117M 3s
216700K .......... .......... .......... .......... .......... 89%  116M 3s
216750K .......... .......... .......... .......... .......... 89%  117M 3s
216800K .......... .......... .......... .......... .......... 89% 88.2M 3s
216850K .......... .......... .......... .......... .......... 89%  117M 3s
216900K .......... .......... .......... .......... .......... 89% 1.22M 3s
216950K .......... .......... .......... .......... .......... 89% 28.6M 3s
217000K .......... .......... .......... .......... .......... 89% 1.17M 3s
217050K .......... .......... .......... .......... .......... 89% 1.11M 3s
217100K .......... .......... .......... .......... .......... 89% 1.18M 3s
217150K .......... .......... .......... .......... .......... 89%  188M 3s
217200K .......... .......... .......... .......... .......... 89% 89.7M 3s
217250K .......... .......... .......... .......... .......... 89%  117M 3s
217300K .......... .......... .......... .......... .......... 89%  117M 3s
217350K .......... .......... .......... .......... .......... 89%  117M 3s
217400K .......... .......... .......... .......... .......... 89%  115M 3s
217450K .......... .......... .......... .......... .......... 89%  117M 3s
217500K .......... .......... .......... .......... .......... 89%  117M 3s
217550K .......... .......... .......... .......... .......... 89%  117M 3s
217600K .......... .......... .......... .......... .......... 89% 86.4M 3s
217650K .......... .......... .......... .......... .......... 89%  117M 3s
217700K .......... .......... .......... .......... .......... 89%  117M 3s
217750K .......... .......... .......... .......... .......... 89%  117M 3s
217800K .......... .......... .......... .......... .......... 89%  114M 3s
217850K .......... .......... .......... .......... .......... 89%  117M 3s
217900K .......... .......... .......... .......... .......... 89%  117M 3s
217950K .......... .......... .......... .......... .......... 89%  117M 3s
218000K .......... .......... .......... .......... .......... 89% 89.0M 3s
218050K .......... .......... .......... .......... .......... 90%  118M 3s
218100K .......... .......... .......... .......... .......... 90%  117M 3s
218150K .......... .......... .......... .......... .......... 90%  117M 3s
218200K .......... .......... .......... .......... .......... 90%  115M 3s
218250K .......... .......... .......... .......... .......... 90%  117M 3s
218300K .......... .......... .......... .......... .......... 90%  116M 3s
218350K .......... .......... .......... .......... .......... 90%  117M 3s
218400K .......... .......... .......... .......... .......... 90% 89.8M 3s
218450K .......... .......... .......... .......... .......... 90%  117M 3s
218500K .......... .......... .......... .......... .......... 90%  116M 3s
218550K .......... .......... .......... .......... .......... 90%  107M 3s
218600K .......... .......... .......... .......... .......... 90%  114M 2s
218650K .......... .......... .......... .......... .......... 90% 1.18M 2s
218700K .......... .......... .......... .......... .......... 90%  120M 2s
218750K .......... .......... .......... .......... .......... 90% 1.17M 2s
218800K .......... .......... .......... .......... .......... 90%  587K 2s
218850K .......... .......... .......... .......... .......... 90%  221M 2s
218900K .......... .......... .......... .......... .......... 90%  117M 2s
218950K .......... .......... .......... .......... .......... 90%  117M 2s
219000K .......... .......... .......... .......... .......... 90%  115M 2s
219050K .......... .......... .......... .......... .......... 90%  115M 2s
219100K .......... .......... .......... .......... .......... 90%  117M 2s
219150K .......... .......... .......... .......... .......... 90%  118M 2s
219200K .......... .......... .......... .......... .......... 90% 88.7M 2s
219250K .......... .......... .......... .......... .......... 90%  117M 2s
219300K .......... .......... .......... .......... .......... 90%  117M 2s
219350K .......... .......... .......... .......... .......... 90%  117M 2s
219400K .......... .......... .......... .......... .......... 90%  114M 2s
219450K .......... .......... .......... .......... .......... 90%  117M 2s
219500K .......... .......... .......... .......... .......... 90%  117M 2s
219550K .......... .......... .......... .......... .......... 90%  117M 2s
219600K .......... .......... .......... .......... .......... 90% 89.9M 2s
219650K .......... .......... .......... .......... .......... 90%  116M 2s
219700K .......... .......... .......... .......... .......... 90%  117M 2s
219750K .......... .......... .......... .......... .......... 90%  117M 2s
219800K .......... .......... .......... .......... .......... 90%  114M 2s
219850K .......... .......... .......... .......... .......... 90%  117M 2s
219900K .......... .......... .......... .......... .......... 90%  117M 2s
219950K .......... .......... .......... .......... .......... 90%  117M 2s
220000K .......... .......... .......... .......... .......... 90% 87.5M 2s
220050K .......... .......... .......... .......... .......... 90%  117M 2s
220100K .......... .......... .......... .......... .......... 90%  117M 2s
220150K .......... .......... .......... .......... .......... 90%  117M 2s
220200K .......... .......... .......... .......... .......... 90%  114M 2s
220250K .......... .......... .......... .......... .......... 90%  117M 2s
220300K .......... .......... .......... .......... .......... 90%  117M 2s
220350K .......... .......... .......... .......... .......... 90%  105M 2s
220400K .......... .......... .......... .......... .......... 90% 1.18M 2s
220450K .......... .......... .......... .......... .......... 91% 1.17M 2s
220500K .......... .......... .......... .......... .......... 91% 35.9M 2s
220550K .......... .......... .......... .......... .......... 91%  594K 2s
220600K .......... .......... .......... .......... .......... 91%  159M 2s
220650K .......... .......... .......... .......... .......... 91%  119M 2s
220700K .......... .......... .......... .......... .......... 91%  117M 2s
220750K .......... .......... .......... .......... .......... 91%  117M 2s
220800K .......... .......... .......... .......... .......... 91% 87.0M 2s
220850K .......... .......... .......... .......... .......... 91%  116M 2s
220900K .......... .......... .......... .......... .......... 91%  117M 2s
220950K .......... .......... .......... .......... .......... 91%  117M 2s
221000K .......... .......... .......... .......... .......... 91%  114M 2s
221050K .......... .......... .......... .......... .......... 91%  117M 2s
221100K .......... .......... .......... .......... .......... 91%  117M 2s
221150K .......... .......... .......... .......... .......... 91%  116M 2s
221200K .......... .......... .......... .......... .......... 91% 90.3M 2s
221250K .......... .......... .......... .......... .......... 91%  116M 2s
221300K .......... .......... .......... .......... .......... 91%  117M 2s
221350K .......... .......... .......... .......... .......... 91%  117M 2s
221400K .......... .......... .......... .......... .......... 91%  113M 2s
221450K .......... .......... .......... .......... .......... 91%  118M 2s
221500K .......... .......... .......... .......... .......... 91%  117M 2s
221550K .......... .......... .......... .......... .......... 91%  117M 2s
221600K .......... .......... .......... .......... .......... 91% 89.8M 2s
221650K .......... .......... .......... .......... .......... 91%  117M 2s
221700K .......... .......... .......... .......... .......... 91%  117M 2s
221750K .......... .......... .......... .......... .......... 91%  117M 2s
221800K .......... .......... .......... .......... .......... 91%  115M 2s
221850K .......... .......... .......... .......... .......... 91%  117M 2s
221900K .......... .......... .......... .......... .......... 91%  117M 2s
221950K .......... .......... .......... .......... .......... 91%  116M 2s
222000K .......... .......... .......... .......... .......... 91% 87.4M 2s
222050K .......... .......... .......... .......... .......... 91%  102M 2s
222100K .......... .......... .......... .......... .......... 91% 1.19M 2s
222150K .......... .......... .......... .......... .......... 91%  134M 2s
222200K .......... .......... .......... .......... .......... 91% 1.17M 2s
222250K .......... .......... .......... .......... .......... 91% 1.10M 2s
222300K .......... .......... .......... .......... .......... 91% 1.18M 2s
222350K .......... .......... .......... .......... .......... 91%  154M 2s
222400K .......... .......... .......... .......... .......... 91% 90.2M 2s
222450K .......... .......... .......... .......... .......... 91%  117M 2s
222500K .......... .......... .......... .......... .......... 91%  117M 2s
222550K .......... .......... .......... .......... .......... 91%  117M 2s
222600K .......... .......... .......... .......... .......... 91%  115M 2s
222650K .......... .......... .......... .......... .......... 91%  117M 2s
222700K .......... .......... .......... .......... .......... 91%  117M 2s
222750K .......... .......... .......... .......... .......... 91%  115M 2s
222800K .......... .......... .......... .......... .......... 91% 90.2M 2s
222850K .......... .......... .......... .......... .......... 91%  117M 2s
222900K .......... .......... .......... .......... .......... 92%  117M 2s
222950K .......... .......... .......... .......... .......... 92%  117M 2s
223000K .......... .......... .......... .......... .......... 92%  115M 2s
223050K .......... .......... .......... .......... .......... 92%  117M 2s
223100K .......... .......... .......... .......... .......... 92%  116M 2s
223150K .......... .......... .......... .......... .......... 92%  117M 2s
223200K .......... .......... .......... .......... .......... 92% 86.8M 2s
223250K .......... .......... .......... .......... .......... 92%  117M 2s
223300K .......... .......... .......... .......... .......... 92%  117M 2s
223350K .......... .......... .......... .......... .......... 92%  117M 2s
223400K .......... .......... .......... .......... .......... 92%  114M 2s
223450K .......... .......... .......... .......... .......... 92%  117M 2s
223500K .......... .......... .......... .......... .......... 92%  116M 2s
223550K .......... .......... .......... .......... .......... 92%  117M 2s
223600K .......... .......... .......... .......... .......... 92% 89.7M 2s
223650K .......... .......... .......... .......... .......... 92%  117M 2s
223700K .......... .......... .......... .......... .......... 92%  117M 2s
223750K .......... .......... .......... .......... .......... 92%  117M 2s
223800K .......... .......... .......... .......... .......... 92% 92.8M 2s
223850K .......... .......... .......... .......... .......... 92% 1.19M 2s
223900K .......... .......... .......... .......... .......... 92%  124M 2s
223950K .......... .......... .......... .......... .......... 92% 1.17M 2s
224000K .......... .......... .......... .......... .......... 92% 1.10M 2s
224050K .......... .......... .......... .......... .......... 92% 1.19M 2s
224100K .......... .......... .......... .......... .......... 92%  118M 2s
224150K .......... .......... .......... .......... .......... 92%  116M 2s
224200K .......... .......... .......... .......... .......... 92%  115M 2s
224250K .......... .......... .......... .......... .......... 92%  117M 2s
224300K .......... .......... .......... .......... .......... 92%  117M 2s
224350K .......... .......... .......... .......... .......... 92%  116M 2s
224400K .......... .......... .......... .......... .......... 92% 90.5M 2s
224450K .......... .......... .......... .......... .......... 92%  117M 2s
224500K .......... .......... .......... .......... .......... 92%  117M 2s
224550K .......... .......... .......... .......... .......... 92%  117M 2s
224600K .......... .......... .......... .......... .......... 92%  114M 2s
224650K .......... .......... .......... .......... .......... 92%  116M 2s
224700K .......... .......... .......... .......... .......... 92%  118M 2s
224750K .......... .......... .......... .......... .......... 92%  116M 2s
224800K .......... .......... .......... .......... .......... 92% 89.9M 2s
224850K .......... .......... .......... .......... .......... 92%  116M 2s
224900K .......... .......... .......... .......... .......... 92%  117M 2s
224950K .......... .......... .......... .......... .......... 92%  117M 2s
225000K .......... .......... .......... .......... .......... 92%  115M 2s
225050K .......... .......... .......... .......... .......... 92%  117M 2s
225100K .......... .......... .......... .......... .......... 92%  117M 2s
225150K .......... .......... .......... .......... .......... 92%  117M 2s
225200K .......... .......... .......... .......... .......... 92% 87.6M 2s
225250K .......... .......... .......... .......... .......... 92%  117M 2s
225300K .......... .......... .......... .......... .......... 93%  117M 2s
225350K .......... .......... .......... .......... .......... 93%  117M 2s
225400K .......... .......... .......... .......... .......... 93%  115M 2s
225450K .......... .......... .......... .......... .......... 93%  117M 2s
225500K .......... .......... .......... .......... .......... 93%  118M 2s
225550K .......... .......... .......... .......... .......... 93% 81.0M 2s
225600K .......... .......... .......... .......... .......... 93% 1.19M 2s
225650K .......... .......... .......... .......... .......... 93% 1.17M 2s
225700K .......... .......... .......... .......... .......... 93% 1.10M 2s
225750K .......... .......... .......... .......... .......... 93% 1.18M 2s
225800K .......... .......... .......... .......... .......... 93%  149M 2s
225850K .......... .......... .......... .......... .......... 93%  119M 2s
225900K .......... .......... .......... .......... .......... 93%  117M 2s
225950K .......... .......... .......... .......... .......... 93%  117M 2s
226000K .......... .......... .......... .......... .......... 93% 88.7M 2s
226050K .......... .......... .......... .......... .......... 93%  117M 2s
226100K .......... .......... .......... .......... .......... 93%  117M 2s
226150K .......... .......... .......... .......... .......... 93%  117M 2s
226200K .......... .......... .......... .......... .......... 93%  114M 2s
226250K .......... .......... .......... .......... .......... 93%  117M 2s
226300K .......... .......... .......... .......... .......... 93%  117M 2s
226350K .......... .......... .......... .......... .......... 93%  116M 2s
226400K .......... .......... .......... .......... .......... 93% 87.7M 2s
226450K .......... .......... .......... .......... .......... 93%  117M 2s
226500K .......... .......... .......... .......... .......... 93%  117M 2s
226550K .......... .......... .......... .......... .......... 93%  117M 2s
226600K .......... .......... .......... .......... .......... 93%  114M 2s
226650K .......... .......... .......... .......... .......... 93%  117M 2s
226700K .......... .......... .......... .......... .......... 93%  116M 2s
226750K .......... .......... .......... .......... .......... 93%  118M 2s
226800K .......... .......... .......... .......... .......... 93% 89.6M 2s
226850K .......... .......... .......... .......... .......... 93%  117M 2s
226900K .......... .......... .......... .......... .......... 93%  117M 2s
226950K .......... .......... .......... .......... .......... 93%  117M 2s
227000K .......... .......... .......... .......... .......... 93%  114M 2s
227050K .......... .......... .......... .......... .......... 93%  117M 2s
227100K .......... .......... .......... .......... .......... 93%  118M 2s
227150K .......... .......... .......... .......... .......... 93%  117M 2s
227200K .......... .......... .......... .......... .......... 93% 80.0M 2s
227250K .......... .......... .......... .......... .......... 93%  117M 2s
227300K .......... .......... .......... .......... .......... 93% 1.24M 2s
227350K .......... .......... .......... .......... .......... 93% 30.8M 2s
227400K .......... .......... .......... .......... .......... 93% 1.17M 2s
227450K .......... .......... .......... .......... .......... 93% 1.09M 2s
227500K .......... .......... .......... .......... .......... 93% 1.19M 2s
227550K .......... .......... .......... .......... .......... 93%  155M 2s
227600K .......... .......... .......... .......... .......... 93% 94.3M 2s
227650K .......... .......... .......... .......... .......... 93%  117M 2s
227700K .......... .......... .......... .......... .......... 94%  115M 2s
227750K .......... .......... .......... .......... .......... 94%  118M 2s
227800K .......... .......... .......... .......... .......... 94%  114M 2s
227850K .......... .......... .......... .......... .......... 94%  117M 2s
227900K .......... .......... .......... .......... .......... 94%  118M 2s
227950K .......... .......... .......... .......... .......... 94%  117M 2s
228000K .......... .......... .......... .......... .......... 94% 88.9M 2s
228050K .......... .......... .......... .......... .......... 94%  117M 2s
228100K .......... .......... .......... .......... .......... 94%  117M 1s
228150K .......... .......... .......... .......... .......... 94%  117M 1s
228200K .......... .......... .......... .......... .......... 94%  114M 1s
228250K .......... .......... .......... .......... .......... 94%  117M 1s
228300K .......... .......... .......... .......... .......... 94%  117M 1s
228350K .......... .......... .......... .......... .......... 94%  117M 1s
228400K .......... .......... .......... .......... .......... 94% 87.5M 1s
228450K .......... .......... .......... .......... .......... 94%  117M 1s
228500K .......... .......... .......... .......... .......... 94%  117M 1s
228550K .......... .......... .......... .......... .......... 94%  117M 1s
228600K .......... .......... .......... .......... .......... 94%  116M 1s
228650K .......... .......... .......... .......... .......... 94%  117M 1s
228700K .......... .......... .......... .......... .......... 94%  115M 1s
228750K .......... .......... .......... .......... .......... 94%  117M 1s
228800K .......... .......... .......... .......... .......... 94% 89.7M 1s
228850K .......... .......... .......... .......... .......... 94%  117M 1s
228900K .......... .......... .......... .......... .......... 94%  117M 1s
228950K .......... .......... .......... .......... .......... 94%  116M 1s
229000K .......... .......... .......... .......... .......... 94%  116M 1s
229050K .......... .......... .......... .......... .......... 94% 1.20M 1s
229100K .......... .......... .......... .......... .......... 94%  249M 1s
229150K .......... .......... .......... .......... .......... 94% 1.17M 1s
229200K .......... .......... .......... .......... .......... 94% 1.09M 1s
229250K .......... .......... .......... .......... .......... 94% 1.18M 1s
229300K .......... .......... .......... .......... .......... 94%  129M 1s
229350K .......... .......... .......... .......... .......... 94%  117M 1s
229400K .......... .......... .......... .......... .......... 94%  115M 1s
229450K .......... .......... .......... .......... .......... 94%  117M 1s
229500K .......... .......... .......... .......... .......... 94%  117M 1s
229550K .......... .......... .......... .......... .......... 94%  117M 1s
229600K .......... .......... .......... .......... .......... 94% 87.0M 1s
229650K .......... .......... .......... .......... .......... 94%  117M 1s
229700K .......... .......... .......... .......... .......... 94%  116M 1s
229750K .......... .......... .......... .......... .......... 94%  117M 1s
229800K .......... .......... .......... .......... .......... 94%  115M 1s
229850K .......... .......... .......... .......... .......... 94%  117M 1s
229900K .......... .......... .......... .......... .......... 94%  117M 1s
229950K .......... .......... .......... .......... .......... 94%  115M 1s
230000K .......... .......... .......... .......... .......... 94% 89.7M 1s
230050K .......... .......... .......... .......... .......... 94%  117M 1s
230100K .......... .......... .......... .......... .......... 94%  117M 1s
230150K .......... .......... .......... .......... .......... 95%  117M 1s
230200K .......... .......... .......... .......... .......... 95%  114M 1s
230250K .......... .......... .......... .......... .......... 95%  115M 1s
230300K .......... .......... .......... .......... .......... 95%  119M 1s
230350K .......... .......... .......... .......... .......... 95%  117M 1s
230400K .......... .......... .......... .......... .......... 95% 87.5M 1s
230450K .......... .......... .......... .......... .......... 95%  117M 1s
230500K .......... .......... .......... .......... .......... 95%  117M 1s
230550K .......... .......... .......... .......... .......... 95%  117M 1s
230600K .......... .......... .......... .......... .......... 95%  114M 1s
230650K .......... .......... .......... .......... .......... 95%  117M 1s
230700K .......... .......... .......... .......... .......... 95%  114M 1s
230750K .......... .......... .......... .......... .......... 95%  119M 1s
230800K .......... .......... .......... .......... .......... 95% 1.20M 1s
230850K .......... .......... .......... .......... .......... 95%  142M 1s
230900K .......... .......... .......... .......... .......... 95% 1.17M 1s
230950K .......... .......... .......... .......... .......... 95% 1.09M 1s
231000K .......... .......... .......... .......... .......... 95% 1.18M 1s
231050K .......... .......... .......... .......... .......... 95%  141M 1s
231100K .......... .......... .......... .......... .......... 95%  117M 1s
231150K .......... .......... .......... .......... .......... 95%  117M 1s
231200K .......... .......... .......... .......... .......... 95% 89.0M 1s
231250K .......... .......... .......... .......... .......... 95%  117M 1s
231300K .......... .......... .......... .......... .......... 95%  117M 1s
231350K .......... .......... .......... .......... .......... 95%  117M 1s
231400K .......... .......... .......... .......... .......... 95%  113M 1s
231450K .......... .......... .......... .......... .......... 95%  117M 1s
231500K .......... .......... .......... .......... .......... 95%  117M 1s
231550K .......... .......... .......... .......... .......... 95%  117M 1s
231600K .......... .......... .......... .......... .......... 95% 87.7M 1s
231650K .......... .......... .......... .......... .......... 95%  117M 1s
231700K .......... .......... .......... .......... .......... 95%  117M 1s
231750K .......... .......... .......... .......... .......... 95%  117M 1s
231800K .......... .......... .......... .......... .......... 95%  114M 1s
231850K .......... .......... .......... .......... .......... 95%  117M 1s
231900K .......... .......... .......... .......... .......... 95%  116M 1s
231950K .......... .......... .......... .......... .......... 95%  117M 1s
232000K .......... .......... .......... .......... .......... 95% 89.8M 1s
232050K .......... .......... .......... .......... .......... 95%  117M 1s
232100K .......... .......... .......... .......... .......... 95%  117M 1s
232150K .......... .......... .......... .......... .......... 95%  117M 1s
232200K .......... .......... .......... .......... .......... 95%  115M 1s
232250K .......... .......... .......... .......... .......... 95%  117M 1s
232300K .......... .......... .......... .......... .......... 95%  115M 1s
232350K .......... .......... .......... .......... .......... 95%  116M 1s
232400K .......... .......... .......... .......... .......... 95% 90.4M 1s
232450K .......... .......... .......... .......... .......... 95%  117M 1s
232500K .......... .......... .......... .......... .......... 95%  116M 1s
232550K .......... .......... .......... .......... .......... 96% 1.21M 1s
232600K .......... .......... .......... .......... .......... 96%  122M 1s
232650K .......... .......... .......... .......... .......... 96% 1.17M 1s
232700K .......... .......... .......... .......... .......... 96% 1.09M 1s
232750K .......... .......... .......... .......... .......... 96% 1.18M 1s
232800K .......... .......... .......... .......... .......... 96% 90.8M 1s
232850K .......... .......... .......... .......... .......... 96%  117M 1s
232900K .......... .......... .......... .......... .......... 96%  117M 1s
232950K .......... .......... .......... .......... .......... 96%  116M 1s
233000K .......... .......... .......... .......... .......... 96%  116M 1s
233050K .......... .......... .......... .......... .......... 96%  117M 1s
233100K .......... .......... .......... .......... .......... 96%  117M 1s
233150K .......... .......... .......... .......... .......... 96%  117M 1s
233200K .......... .......... .......... .......... .......... 96% 88.8M 1s
233250K .......... .......... .......... .......... .......... 96%  117M 1s
233300K .......... .......... .......... .......... .......... 96%  117M 1s
233350K .......... .......... .......... .......... .......... 96%  117M 1s
233400K .......... .......... .......... .......... .......... 96%  114M 1s
233450K .......... .......... .......... .......... .......... 96%  116M 1s
233500K .......... .......... .......... .......... .......... 96%  117M 1s
233550K .......... .......... .......... .......... .......... 96%  116M 1s
233600K .......... .......... .......... .......... .......... 96% 87.7M 1s
233650K .......... .......... .......... .......... .......... 96%  117M 1s
233700K .......... .......... .......... .......... .......... 96%  117M 1s
233750K .......... .......... .......... .......... .......... 96%  117M 1s
233800K .......... .......... .......... .......... .......... 96%  114M 1s
233850K .......... .......... .......... .......... .......... 96%  117M 1s
233900K .......... .......... .......... .......... .......... 96%  116M 1s
233950K .......... .......... .......... .......... .......... 96%  115M 1s
234000K .......... .......... .......... .......... .......... 96% 90.8M 1s
234050K .......... .......... .......... .......... .......... 96%  117M 1s
234100K .......... .......... .......... .......... .......... 96%  117M 1s
234150K .......... .......... .......... .......... .......... 96%  117M 1s
234200K .......... .......... .......... .......... .......... 96%  115M 1s
234250K .......... .......... .......... .......... .......... 96%  117M 1s
234300K .......... .......... .......... .......... .......... 96% 1.21M 1s
234350K .......... .......... .......... .......... .......... 96%  115M 1s
234400K .......... .......... .......... .......... .......... 96%  600K 1s
234450K .......... .......... .......... .......... .......... 96% 15.5M 1s
234500K .......... .......... .......... .......... .......... 96% 1.18M 1s
234550K .......... .......... .......... .......... .......... 96%  117M 1s
234600K .......... .......... .......... .......... .......... 96%  115M 1s
234650K .......... .......... .......... .......... .......... 96%  116M 1s
234700K .......... .......... .......... .......... .......... 96%  117M 1s
234750K .......... .......... .......... .......... .......... 96%  118M 1s
234800K .......... .......... .......... .......... .......... 96% 86.8M 1s
234850K .......... .......... .......... .......... .......... 96%  117M 1s
234900K .......... .......... .......... .......... .......... 96%  117M 1s
234950K .......... .......... .......... .......... .......... 96%  117M 1s
235000K .......... .......... .......... .......... .......... 97%  115M 1s
235050K .......... .......... .......... .......... .......... 97%  116M 1s
235100K .......... .......... .......... .......... .......... 97%  117M 1s
235150K .......... .......... .......... .......... .......... 97%  117M 1s
235200K .......... .......... .......... .......... .......... 97% 89.7M 1s
235250K .......... .......... .......... .......... .......... 97%  117M 1s
235300K .......... .......... .......... .......... .......... 97%  116M 1s
235350K .......... .......... .......... .......... .......... 97%  118M 1s
235400K .......... .......... .......... .......... .......... 97%  115M 1s
235450K .......... .......... .......... .......... .......... 97%  117M 1s
235500K .......... .......... .......... .......... .......... 97%  117M 1s
235550K .......... .......... .......... .......... .......... 97%  117M 1s
235600K .......... .......... .......... .......... .......... 97% 88.7M 1s
235650K .......... .......... .......... .......... .......... 97%  117M 1s
235700K .......... .......... .......... .......... .......... 97%  117M 1s
235750K .......... .......... .......... .......... .......... 97%  117M 1s
235800K .......... .......... .......... .......... .......... 97%  114M 1s
235850K .......... .......... .......... .......... .......... 97%  118M 1s
235900K .......... .......... .......... .......... .......... 97%  117M 1s
235950K .......... .......... .......... .......... .......... 97%  117M 1s
236000K .......... .......... .......... .......... .......... 97% 87.5M 1s
236050K .......... .......... .......... .......... .......... 97% 1.22M 1s
236100K .......... .......... .......... .......... .......... 97% 1.16M 1s
236150K .......... .......... .......... .......... .......... 97% 1.18M 1s
236200K .......... .......... .......... .......... .......... 97% 14.4M 1s
236250K .......... .......... .......... .......... .......... 97% 1.18M 1s
236300K .......... .......... .......... .......... .......... 97%  116M 1s
236350K .......... .......... .......... .......... .......... 97%  119M 1s
236400K .......... .......... .......... .......... .......... 97% 89.8M 1s
236450K .......... .......... .......... .......... .......... 97%  117M 1s
236500K .......... .......... .......... .......... .......... 97%  117M 1s
236550K .......... .......... .......... .......... .......... 97%  117M 1s
236600K .......... .......... .......... .......... .......... 97%  115M 1s
236650K .......... .......... .......... .......... .......... 97%  117M 1s
236700K .......... .......... .......... .......... .......... 97%  117M 1s
236750K .......... .......... .......... .......... .......... 97%  115M 1s
236800K .......... .......... .......... .......... .......... 97% 87.8M 1s
236850K .......... .......... .......... .......... .......... 97%  117M 1s
236900K .......... .......... .......... .......... .......... 97%  115M 1s
236950K .......... .......... .......... .......... .......... 97%  118M 1s
237000K .......... .......... .......... .......... .......... 97%  114M 1s
237050K .......... .......... .......... .......... .......... 97%  117M 1s
237100K .......... .......... .......... .......... .......... 97%  117M 1s
237150K .......... .......... .......... .......... .......... 97%  117M 1s
237200K .......... .......... .......... .......... .......... 97% 89.7M 1s
237250K .......... .......... .......... .......... .......... 97%  117M 1s
237300K .......... .......... .......... .......... .......... 97%  117M 1s
237350K .......... .......... .......... .......... .......... 97%  117M 1s
237400K .......... .......... .......... .......... .......... 98%  115M 1s
237450K .......... .......... .......... .......... .......... 98%  117M 1s
237500K .......... .......... .......... .......... .......... 98%  117M 1s
237550K .......... .......... .......... .......... .......... 98%  117M 0s
237600K .......... .......... .......... .......... .......... 98% 88.8M 0s
237650K .......... .......... .......... .......... .......... 98%  117M 0s
237700K .......... .......... .......... .......... .......... 98%  117M 0s
237750K .......... .......... .......... .......... .......... 98% 1.23M 0s
237800K .......... .......... .......... .......... .......... 98% 61.1M 0s
237850K .......... .......... .......... .......... .......... 98% 81.5M 0s
237900K .......... .......... .......... .......... .......... 98% 1.17M 0s
237950K .......... .......... .......... .......... .......... 98% 1.09M 0s
238000K .......... .......... .......... .......... .......... 98% 1.18M 0s
238050K .......... .......... .......... .......... .......... 98%  118M 0s
238100K .......... .......... .......... .......... .......... 98%  117M 0s
238150K .......... .......... .......... .......... .......... 98%  117M 0s
238200K .......... .......... .......... .......... .......... 98%  115M 0s
238250K .......... .......... .......... .......... .......... 98%  117M 0s
238300K .......... .......... .......... .......... .......... 98%  117M 0s
238350K .......... .......... .......... .......... .......... 98%  117M 0s
238400K .......... .......... .......... .......... .......... 98% 89.7M 0s
238450K .......... .......... .......... .......... .......... 98%  117M 0s
238500K .......... .......... .......... .......... .......... 98%  116M 0s
238550K .......... .......... .......... .......... .......... 98%  117M 0s
238600K .......... .......... .......... .......... .......... 98%  114M 0s
238650K .......... .......... .......... .......... .......... 98%  116M 0s
238700K .......... .......... .......... .......... .......... 98%  118M 0s
238750K .......... .......... .......... .......... .......... 98%  117M 0s
238800K .......... .......... .......... .......... .......... 98% 89.7M 0s
238850K .......... .......... .......... .......... .......... 98%  117M 0s
238900K .......... .......... .......... .......... .......... 98%  116M 0s
238950K .......... .......... .......... .......... .......... 98%  117M 0s
239000K .......... .......... .......... .......... .......... 98%  114M 0s
239050K .......... .......... .......... .......... .......... 98%  117M 0s
239100K .......... .......... .......... .......... .......... 98%  117M 0s
239150K .......... .......... .......... .......... .......... 98%  117M 0s
239200K .......... .......... .......... .......... .......... 98% 87.5M 0s
239250K .......... .......... .......... .......... .......... 98%  117M 0s
239300K .......... .......... .......... .......... .......... 98%  117M 0s
239350K .......... .......... .......... .......... .......... 98%  106M 0s
239400K .......... .......... .......... .......... .......... 98%  114M 0s
239450K .......... .......... .......... .......... .......... 98%  118M 0s
239500K .......... .......... .......... .......... .......... 98%  115M 0s
239550K .......... .......... .......... .......... .......... 98% 1.22M 0s
239600K .......... .......... .......... .......... .......... 98% 1.16M 0s
239650K .......... .......... .......... .......... .......... 98% 1.17M 0s
239700K .......... .......... .......... .......... .......... 98% 1.09M 0s
239750K .......... .......... .......... .......... .......... 98%  234M 0s
239800K .......... .......... .......... .......... .......... 98%  119M 0s
239850K .......... .......... .......... .......... .......... 99%  118M 0s
239900K .......... .......... .......... .......... .......... 99%  117M 0s
239950K .......... .......... .......... .......... .......... 99%  117M 0s
240000K .......... .......... .......... .......... .......... 99% 88.7M 0s
240050K .......... .......... .......... .......... .......... 99%  117M 0s
240100K .......... .......... .......... .......... .......... 99%  117M 0s
240150K .......... .......... .......... .......... .......... 99%  114M 0s
240200K .......... .......... .......... .......... .......... 99%  115M 0s
240250K .......... .......... .......... .......... .......... 99%  117M 0s
240300K .......... .......... .......... .......... .......... 99%  117M 0s
240350K .......... .......... .......... .......... .......... 99%  117M 0s
240400K .......... .......... .......... .......... .......... 99% 88.8M 0s
240450K .......... .......... .......... .......... .......... 99%  117M 0s
240500K .......... .......... .......... .......... .......... 99%  117M 0s
240550K .......... .......... .......... .......... .......... 99%  117M 0s
240600K .......... .......... .......... .......... .......... 99%  115M 0s
240650K .......... .......... .......... .......... .......... 99%  115M 0s
240700K .......... .......... .......... .......... .......... 99%  117M 0s
240750K .......... .......... .......... .......... .......... 99%  117M 0s
240800K .......... .......... .......... .......... .......... 99% 89.8M 0s
240850K .......... .......... .......... .......... .......... 99%  116M 0s
240900K .......... .......... .......... .......... .......... 99%  117M 0s
240950K .......... .......... .......... .......... .......... 99%  117M 0s
241000K .......... .......... .......... .......... .......... 99%  113M 0s
241050K .......... .......... .......... .......... .......... 99%  119M 0s
241100K .......... .......... .......... .......... .......... 99%  117M 0s
241150K .......... .......... .......... .......... .......... 99%  116M 0s
241200K .......... .......... .......... .......... .......... 99% 87.5M 0s
241250K .......... .......... .......... .......... .......... 99% 1.23M 0s
241300K .......... .......... .......... .......... .......... 99% 56.7M 0s
241350K .......... .......... .......... .......... .......... 99% 1.17M 0s
241400K .......... .......... .......... .......... .......... 99% 1.17M 0s
241450K .......... .......... .......... .......... .......... 99% 14.8M 0s
241500K .......... .......... .......... .......... .......... 99% 1.17M 0s
241550K .......... .......... .......... .......... .......... 99%  117M 0s
241600K .......... .......... .......... .......... .......... 99% 89.1M 0s
241650K .......... .......... .......... .......... .......... 99%  117M 0s
241700K .......... .......... .......... .......... .......... 99%  117M 0s
241750K .......... .......... .......... .......... .......... 99%  117M 0s
241800K .......... .......... .......... .......... .......... 99%  115M 0s
241850K .......... .......... .......... .......... .......... 99%  117M 0s
241900K .......... .......... .......... .......... .......... 99%  117M 0s
241950K .......... .......... .......... .......... .......... 99%  117M 0s
242000K .......... .......... .......... .......... .......... 99% 88.7M 0s
242050K .......... .......... .......... .......... .......... 99%  117M 0s
242100K .......... .......... .......... .......... .......... 99%  117M 0s
242150K .......... .......... .......... .......... .......... 99%  117M 0s
242200K .......... .......... .......... .......... .......... 99%  114M 0s
242250K .......... .......... .......... .....                100%  136M=26s

2025-11-26 10:11:42 (9.22 MB/s) - ‘tiny-imagenet-200.zip’ saved [248100043/248100043]

WARNING: tensorflow 2.15.1 does not provide the extra 'and-gpu'
2025-11-26 10:12:55.437935: I tensorflow/core/util/port.cc:113] oneDNN custom operations are on. You may see slightly different numerical results due to floating-point round-off errors from different computation orders. To turn them off, set the environment variable `TF_ENABLE_ONEDNN_OPTS=0`.
2025-11-26 10:12:55.459127: E external/local_xla/xla/stream_executor/cuda/cuda_dnn.cc:9261] Unable to register cuDNN factory: Attempting to register factory for plugin cuDNN when one has already been registered
2025-11-26 10:12:55.459148: E external/local_xla/xla/stream_executor/cuda/cuda_fft.cc:607] Unable to register cuFFT factory: Attempting to register factory for plugin cuFFT when one has already been registered
2025-11-26 10:12:55.459705: E external/local_xla/xla/stream_executor/cuda/cuda_blas.cc:1515] Unable to register cuBLAS factory: Attempting to register factory for plugin cuBLAS when one has already been registered
2025-11-26 10:12:55.463097: I tensorflow/core/platform/cpu_feature_guard.cc:182] This TensorFlow binary is optimized to use available CPU instructions in performance-critical operations.
To enable the following instructions: AVX2 AVX_VNNI FMA, in other operations, rebuild TensorFlow with the appropriate compiler flags.
2025-11-26 10:12:55.844865: W tensorflow/compiler/tf2tensorrt/utils/py_utils.cc:38] TF-TRT Warning: Could not find TensorRT
2025-11-26 10:12:56.229758: I external/local_xla/xla/stream_executor/cuda/cuda_executor.cc:901] successful NUMA node read from SysFS had negative value (-1), but there must be at least one NUMA node, so returning NUMA node zero. See more at https://github.com/torvalds/linux/blob/v6.0/Documentation/ABI/testing/sysfs-bus-pci#L344-L355
2025-11-26 10:12:56.243768: I external/local_xla/xla/stream_executor/cuda/cuda_executor.cc:901] successful NUMA node read from SysFS had negative value (-1), but there must be at least one NUMA node, so returning NUMA node zero. See more at https://github.com/torvalds/linux/blob/v6.0/Documentation/ABI/testing/sysfs-bus-pci#L344-L355
2025-11-26 10:12:56.243880: I external/local_xla/xla/stream_executor/cuda/cuda_executor.cc:901] successful NUMA node read from SysFS had negative value (-1), but there must be at least one NUMA node, so returning NUMA node zero. See more at https://github.com/torvalds/linux/blob/v6.0/Documentation/ABI/testing/sysfs-bus-pci#L344-L355
+ scontrol show hostnames poti2
+ echo 'All nodes finished setup.'
+ TO_RUN=train-sync.py
+ '[' sync == ctl ']'
+ env
++ pwd
+ HOME=/home/users/rrdmatos/perf/tensorflow
+ srun '--export=ALL,SCRATCH=/scratch/rrdmatos,TO_RUN=train-sync.py,HOME=/home/users/rrdmatos/perf/tensorflow,LIST="poti2:29500"' bash -c '

cd $SCRATCH
source venv/bin/activate

TF_CONFIG=$(cat <<EOF
{
    "cluster": {
        "worker": [$LIST]
    },
    "task": {
        "type": "worker",
        "index": ${SLURM_PROCID}
    }
}
EOF
)
export TF_CONFIG

env

echo "Host: $(hostname) | Rank (PROCID): ${SLURM_PROCID} | TF_CONFIG: ${TF_CONFIG}"

echo "$TO_RUN,$PY_MODEL\n"
python $TO_RUN --model $PY_MODEL --batch $PY_BATCH_SIZE

LOGS_DIR="$HOME/logs/${TO_RUN}_${SLURM_JOB_ID}/${SLURM_PROCID}/"

mkdir -p $LOGS_DIR
cp $SCRATCH/*logs*/ $LOGS_DIR -r
'
2025-11-26 10:12:56.851223: I tensorflow/core/util/port.cc:113] oneDNN custom operations are on. You may see slightly different numerical results due to floating-point round-off errors from different computation orders. To turn them off, set the environment variable `TF_ENABLE_ONEDNN_OPTS=0`.
2025-11-26 10:12:56.872126: E external/local_xla/xla/stream_executor/cuda/cuda_dnn.cc:9261] Unable to register cuDNN factory: Attempting to register factory for plugin cuDNN when one has already been registered
2025-11-26 10:12:56.872149: E external/local_xla/xla/stream_executor/cuda/cuda_fft.cc:607] Unable to register cuFFT factory: Attempting to register factory for plugin cuFFT when one has already been registered
2025-11-26 10:12:56.872703: E external/local_xla/xla/stream_executor/cuda/cuda_blas.cc:1515] Unable to register cuBLAS factory: Attempting to register factory for plugin cuBLAS when one has already been registered
2025-11-26 10:12:56.876019: I tensorflow/core/platform/cpu_feature_guard.cc:182] This TensorFlow binary is optimized to use available CPU instructions in performance-critical operations.
To enable the following instructions: AVX2 AVX_VNNI FMA, in other operations, rebuild TensorFlow with the appropriate compiler flags.
2025-11-26 10:12:57.244789: W tensorflow/compiler/tf2tensorrt/utils/py_utils.cc:38] TF-TRT Warning: Could not find TensorRT
2025-11-26 10:12:57.609798: I external/local_tsl/tsl/profiler/lib/profiler_session.cc:104] Profiler session initializing.
2025-11-26 10:12:57.609813: I external/local_tsl/tsl/profiler/lib/profiler_session.cc:119] Profiler session started.
2025-11-26 10:12:57.621650: I external/local_xla/xla/backends/profiler/gpu/cupti_tracer.cc:1883] Profiler found 1 GPUs
2025-11-26 10:12:57.621753: E external/local_xla/xla/backends/profiler/gpu/cupti_error_manager.cc:137] cuptiGetTimestamp: error 999: 
2025-11-26 10:12:57.621758: E external/local_xla/xla/backends/profiler/gpu/cupti_error_manager.cc:186] cuptiSubscribe: ignored due to a previous error.
2025-11-26 10:12:57.621760: E external/local_xla/xla/backends/profiler/gpu/cupti_error_manager.cc:459] cuptiGetResultString: ignored due to a previous error.
2025-11-26 10:12:57.621763: E external/local_xla/xla/backends/profiler/gpu/cupti_tracer.cc:1935] function cupti_interface_->Subscribe( &subscriber_, (CUpti_CallbackFunc)ApiCallback, this)failed with error 
2025-11-26 10:12:57.621795: I external/local_tsl/tsl/profiler/lib/profiler_session.cc:131] Profiler session tear down.
2025-11-26 10:12:57.621801: E external/local_xla/xla/backends/profiler/gpu/cupti_error_manager.cc:142] cuptiFinalize: ignored due to a previous error.
2025-11-26 10:12:57.621803: E external/local_xla/xla/backends/profiler/gpu/cupti_error_manager.cc:459] cuptiGetResultString: ignored due to a previous error.
2025-11-26 10:12:57.621804: E external/local_xla/xla/backends/profiler/gpu/cupti_tracer.cc:2026] function cupti_interface_->Finalize()failed with error 
2025-11-26 10:12:57.622225: I external/local_xla/xla/stream_executor/cuda/cuda_executor.cc:901] successful NUMA node read from SysFS had negative value (-1), but there must be at least one NUMA node, so returning NUMA node zero. See more at https://github.com/torvalds/linux/blob/v6.0/Documentation/ABI/testing/sysfs-bus-pci#L344-L355
2025-11-26 10:12:57.636079: I external/local_xla/xla/stream_executor/cuda/cuda_executor.cc:901] successful NUMA node read from SysFS had negative value (-1), but there must be at least one NUMA node, so returning NUMA node zero. See more at https://github.com/torvalds/linux/blob/v6.0/Documentation/ABI/testing/sysfs-bus-pci#L344-L355
2025-11-26 10:12:57.636190: I external/local_xla/xla/stream_executor/cuda/cuda_executor.cc:901] successful NUMA node read from SysFS had negative value (-1), but there must be at least one NUMA node, so returning NUMA node zero. See more at https://github.com/torvalds/linux/blob/v6.0/Documentation/ABI/testing/sysfs-bus-pci#L344-L355
2025-11-26 10:12:57.638268: I external/local_xla/xla/stream_executor/cuda/cuda_executor.cc:901] successful NUMA node read from SysFS had negative value (-1), but there must be at least one NUMA node, so returning NUMA node zero. See more at https://github.com/torvalds/linux/blob/v6.0/Documentation/ABI/testing/sysfs-bus-pci#L344-L355
2025-11-26 10:12:57.638351: I external/local_xla/xla/stream_executor/cuda/cuda_executor.cc:901] successful NUMA node read from SysFS had negative value (-1), but there must be at least one NUMA node, so returning NUMA node zero. See more at https://github.com/torvalds/linux/blob/v6.0/Documentation/ABI/testing/sysfs-bus-pci#L344-L355
2025-11-26 10:12:57.638395: I external/local_xla/xla/stream_executor/cuda/cuda_executor.cc:901] successful NUMA node read from SysFS had negative value (-1), but there must be at least one NUMA node, so returning NUMA node zero. See more at https://github.com/torvalds/linux/blob/v6.0/Documentation/ABI/testing/sysfs-bus-pci#L344-L355
2025-11-26 10:12:57.683735: I external/local_xla/xla/stream_executor/cuda/cuda_executor.cc:901] successful NUMA node read from SysFS had negative value (-1), but there must be at least one NUMA node, so returning NUMA node zero. See more at https://github.com/torvalds/linux/blob/v6.0/Documentation/ABI/testing/sysfs-bus-pci#L344-L355
2025-11-26 10:12:57.683819: I external/local_xla/xla/stream_executor/cuda/cuda_executor.cc:901] successful NUMA node read from SysFS had negative value (-1), but there must be at least one NUMA node, so returning NUMA node zero. See more at https://github.com/torvalds/linux/blob/v6.0/Documentation/ABI/testing/sysfs-bus-pci#L344-L355
2025-11-26 10:12:57.683874: I external/local_xla/xla/stream_executor/cuda/cuda_executor.cc:901] successful NUMA node read from SysFS had negative value (-1), but there must be at least one NUMA node, so returning NUMA node zero. See more at https://github.com/torvalds/linux/blob/v6.0/Documentation/ABI/testing/sysfs-bus-pci#L344-L355
2025-11-26 10:12:57.683923: I tensorflow/core/common_runtime/gpu/gpu_device.cc:1929] Created device /job:localhost/replica:0/task:0/device:GPU:0 with 10307 MB memory:  -> device: 0, name: NVIDIA GeForce RTX 4070, pci bus id: 0000:01:00.0, compute capability: 8.9
2025-11-26 10:12:57.685724: I external/local_xla/xla/stream_executor/cuda/cuda_executor.cc:901] successful NUMA node read from SysFS had negative value (-1), but there must be at least one NUMA node, so returning NUMA node zero. See more at https://github.com/torvalds/linux/blob/v6.0/Documentation/ABI/testing/sysfs-bus-pci#L344-L355
2025-11-26 10:12:57.685798: I external/local_xla/xla/stream_executor/cuda/cuda_executor.cc:901] successful NUMA node read from SysFS had negative value (-1), but there must be at least one NUMA node, so returning NUMA node zero. See more at https://github.com/torvalds/linux/blob/v6.0/Documentation/ABI/testing/sysfs-bus-pci#L344-L355
2025-11-26 10:12:57.685844: I external/local_xla/xla/stream_executor/cuda/cuda_executor.cc:901] successful NUMA node read from SysFS had negative value (-1), but there must be at least one NUMA node, so returning NUMA node zero. See more at https://github.com/torvalds/linux/blob/v6.0/Documentation/ABI/testing/sysfs-bus-pci#L344-L355
2025-11-26 10:12:57.685910: I external/local_xla/xla/stream_executor/cuda/cuda_executor.cc:901] successful NUMA node read from SysFS had negative value (-1), but there must be at least one NUMA node, so returning NUMA node zero. See more at https://github.com/torvalds/linux/blob/v6.0/Documentation/ABI/testing/sysfs-bus-pci#L344-L355
2025-11-26 10:12:57.685956: I external/local_xla/xla/stream_executor/cuda/cuda_executor.cc:901] successful NUMA node read from SysFS had negative value (-1), but there must be at least one NUMA node, so returning NUMA node zero. See more at https://github.com/torvalds/linux/blob/v6.0/Documentation/ABI/testing/sysfs-bus-pci#L344-L355
2025-11-26 10:12:57.685994: I tensorflow/core/common_runtime/gpu/gpu_device.cc:1929] Created device /job:worker/replica:0/task:0/device:GPU:0 with 10307 MB memory:  -> device: 0, name: NVIDIA GeForce RTX 4070, pci bus id: 0000:01:00.0, compute capability: 8.9
2025-11-26 10:12:57.692732: I tensorflow/core/distributed_runtime/rpc/grpc_server_lib.cc:457] Started server with target: grpc://poti2:29500
2025-11-26 10:12:57.696452: I external/local_tsl/tsl/distributed_runtime/coordination/coordination_service.cc:553] /job:worker/replica:0/task:0 has connected to coordination service. Incarnation: 5769714521367767679
2025-11-26 10:12:57.696585: I external/local_tsl/tsl/distributed_runtime/coordination/coordination_service_agent.cc:304] Coordination agent has successfully connected.
2025-11-26 10:13:07.910440: I external/local_xla/xla/stream_executor/cuda/cuda_dnn.cc:454] Loaded cuDNN version 8904
2025-11-26 10:13:09.577608: I external/local_xla/xla/service/service.cc:168] XLA service 0x7f42027ffa20 initialized for platform CUDA (this does not guarantee that XLA will be used). Devices:
2025-11-26 10:13:09.577624: I external/local_xla/xla/service/service.cc:176]   StreamExecutor device (0): NVIDIA GeForce RTX 4070, Compute Capability 8.9
WARNING: All log messages before absl::InitializeLog() is called are written to STDERR
I0000 00:00:1764162789.597892  477042 device_compiler.h:186] Compiled cluster using XLA!  This line is logged at most once for the lifetime of the process.
2025-11-26 10:13:15.966984: I external/local_tsl/tsl/profiler/lib/profiler_session.cc:104] Profiler session initializing.
2025-11-26 10:13:15.967008: I external/local_tsl/tsl/profiler/lib/profiler_session.cc:119] Profiler session started.
2025-11-26 10:13:15.967023: E external/local_xla/xla/backends/profiler/gpu/cupti_error_manager.cc:135] cuptiGetTimestamp: ignored due to a previous error.
2025-11-26 10:13:15.967030: E external/local_xla/xla/backends/profiler/gpu/cupti_error_manager.cc:186] cuptiSubscribe: ignored due to a previous error.
2025-11-26 10:13:15.967034: E external/local_xla/xla/backends/profiler/gpu/cupti_error_manager.cc:459] cuptiGetResultString: ignored due to a previous error.
2025-11-26 10:13:15.967040: E external/local_xla/xla/backends/profiler/gpu/cupti_tracer.cc:1935] function cupti_interface_->Subscribe( &subscriber_, (CUpti_CallbackFunc)ApiCallback, this)failed with error 
2025-11-26 10:13:16.901337: I external/local_tsl/tsl/profiler/lib/profiler_session.cc:70] Profiler session collecting data.
2025-11-26 10:13:16.910898: E external/local_xla/xla/backends/profiler/gpu/cupti_error_manager.cc:142] cuptiFinalize: ignored due to a previous error.
2025-11-26 10:13:16.910912: E external/local_xla/xla/backends/profiler/gpu/cupti_error_manager.cc:459] cuptiGetResultString: ignored due to a previous error.
2025-11-26 10:13:16.910915: E external/local_xla/xla/backends/profiler/gpu/cupti_tracer.cc:2026] function cupti_interface_->Finalize()failed with error 
2025-11-26 10:13:16.995041: E external/local_xla/xla/backends/profiler/gpu/cupti_error_manager.cc:135] cuptiGetTimestamp: ignored due to a previous error.
2025-11-26 10:13:16.995066: E external/local_xla/xla/backends/profiler/gpu/cupti_error_manager.cc:135] cuptiGetTimestamp: ignored due to a previous error.
2025-11-26 10:13:16.995071: I external/local_xla/xla/backends/profiler/gpu/cupti_collector.cc:541]  GpuTracer has collected 0 callback api events and 0 activity events. 
2025-11-26 10:13:17.041551: I external/local_tsl/tsl/profiler/lib/profiler_session.cc:131] Profiler session tear down.
2025-11-26 10:13:17.043001: I external/local_tsl/tsl/profiler/rpc/client/save_profile.cc:144] Collecting XSpace to repository: logs/profile/20251126-101257/plugins/profile/2025_11_26_10_13_17/poti2.xplane.pb
+ echo 'Starting distributed training with srun...'
+ echo 'Training completed.'
