run,type,problemsize,subproblemsize,threads,apptime,comptime,tasks
1,void,2048,128,13,0.881547,0.713974,1496
10,extrae,2048,128,9,1.154770,0.989461,1496
100,void,2048,256,11,1.360538,1.193266,204
1000,extrae,2048,256,13,1.299332,1.135151,204
1001,tikki,2048,192,2,3.427449,3.260841,385
1002,oot,2048,128,10,1.064481,0.897348,1496
1003,scorep,2048,128,13,0.885615,0.715190,1496
1004,oot,2048,192,2,3.366619,3.199660,385
1005,empty,2048,128,17,0.756422,0.589406,1496
1006,tikki,2048,64,18,0.717051,0.547693,11440
1007,void,2048,64,12,0.816449,0.649255,11440
1008,tikki,2048,128,3,2.812199,2.645146,1496
1009,oot,2048,256,10,1.375795,1.207763,204
101,void,2048,128,15,0.802075,0.634185,1496
1010,extrae,2048,256,7,1.672270,1.508058,204
1011,oot,2048,192,17,0.809722,0.642959,385
1012,printf,2048,64,17,0.669529,0.502150,11440
1013,void,2048,128,12,0.924097,0.756788,1496
1014,oot,2048,128,19,0.746564,0.579193,1496
1015,extrae,2048,128,3,2.751082,2.586158,1496
1016,void,2048,256,24,1.240065,1.073858,204
1017,printf,2048,128,11,0.984551,0.818120,1496
1018,scorep,2048,64,11,0.876880,0.706422,11440
1019,void,2048,64,19,0.640552,0.473608,11440
102,scorep,2048,128,23,0.667854,0.499442,1496
1020,tikki,2048,192,16,0.886183,0.719860,385
1021,empty,2048,192,16,0.816388,0.650284,385
1022,oot,2048,192,21,0.799597,0.631341,385
1023,tikki,2048,256,24,1.283055,1.116120,204
1024,printf,2048,256,7,1.725510,1.510992,204
1025,extrae,2048,256,15,1.211060,1.046523,204
1026,void,2048,64,4,1.899112,1.732449,11440
1027,printf,2048,256,21,1.243089,1.075413,204
1028,printf,2048,256,4,2.297628,2.131294,204
1029,empty,2048,64,6,1.427642,1.259791,11440
103,void,2048,128,18,0.766342,0.598348,1496
1030,tikki,2048,192,6,1.464793,1.297695,385
1031,scorep,2048,192,10,1.032436,0.868925,385
1032,scorep,2048,128,7,1.375501,1.206156,1496
1033,void,2048,192,8,1.179755,1.012493,385
1034,empty,2048,192,23,0.791243,0.623702,385
1035,printf,2048,192,23,0.780698,0.614119,385
1036,printf,2048,256,17,1.244008,1.077364,204
1037,scorep,2048,192,23,0.790470,0.621437,385
1038,extrae,2048,64,3,2.492827,2.328812,11440
1039,tikki,2048,128,4,2.152562,1.985313,1496
104,tikki,2048,64,5,1.654040,1.487152,11440
1040,printf,2048,128,5,1.778418,1.611447,1496
1041,void,2048,256,9,1.450301,1.283447,204
1042,void,2048,256,15,1.177877,1.011728,204
1043,printf,2048,128,4,2.077102,1.910249,1496
1044,printf,2048,192,21,0.809720,0.643827,385
1045,empty,2048,64,17,0.666714,0.500328,11440
1046,extrae,2048,256,22,1.357304,1.185044,204
1047,tikki,2048,192,21,0.855427,0.689043,385
1048,empty,2048,256,4,2.311167,2.143906,204
1049,printf,2048,64,16,0.678126,0.512241,11440
105,extrae,2048,128,7,1.399437,1.235663,1496
1050,oot,2048,128,5,1.772807,1.606101,1496
1051,extrae,2048,256,5,2.014387,1.850004,204
1052,extrae,2048,64,15,0.744573,0.580212,11440
1053,scorep,2048,64,23,0.573613,0.403754,11440
1054,empty,2048,64,21,0.596036,0.429132,11440
1055,scorep,2048,128,2,3.952405,3.784717,1496
1056,extrae,2048,256,2,4.165569,4.001389,204
1057,scorep,2048,256,14,1.197768,1.033041,204
1058,empty,2048,64,5,1.609836,1.443843,11440
1059,empty,2048,256,22,1.244481,1.077620,204
106,void,2048,64,1,6.739373,6.574205,11440
1060,tikki,2048,256,20,1.292579,1.127368,204
1061,void,2048,256,14,1.199866,1.032850,204
1062,empty,2048,256,8,1.560375,1.393880,204
1063,extrae,2048,256,24,1.367401,1.195354,204
1064,scorep,2048,64,1,6.750748,6.581394,11440
1065,tikki,2048,128,2,3.995832,3.829367,1496
1066,printf,2048,64,6,1.399760,1.233384,11440
1067,extrae,2048,192,2,3.367311,3.203430,385
1068,scorep,2048,64,15,0.704166,0.535221,11440
1069,tikki,2048,64,9,1.055731,0.889407,11440
107,void,2048,256,9,1.443458,1.276533,204
1070,extrae,2048,128,21,0.817316,0.644624,1496
1071,empty,2048,192,6,1.411633,1.245288,385
1072,empty,2048,128,21,0.703704,0.537421,1496
1073,extrae,2048,192,17,0.860129,0.695953,385
1074,void,2048,256,1,7.918233,7.751003,204
1075,printf,2048,64,24,0.556961,0.390082,11440
1076,void,2048,192,14,0.863689,0.696008,385
1077,extrae,2048,192,3,2.384355,2.218901,385
1078,tikki,2048,64,24,0.600431,0.433644,11440
1079,printf,2048,64,20,0.625210,0.457784,11440
108,oot,2048,256,5,2.008281,1.841057,204
1080,printf,2048,64,1,6.802885,6.636362,11440
1081,oot,2048,64,4,1.911246,1.743312,11440
1082,void,2048,192,2,3.364112,3.198267,385
1083,extrae,2048,128,5,1.786205,1.621586,1496
1084,void,2048,64,18,0.665939,0.500211,11440
1085,tikki,2048,128,10,1.115352,0.939680,1496
1086,scorep,2048,256,20,1.246403,1.075204,204
1087,tikki,2048,192,19,0.863265,0.696388,385
1088,empty,2048,192,15,0.816183,0.649254,385
1089,printf,2048,64,7,1.245265,1.078096,11440
109,void,2048,64,18,0.654555,0.489452,11440
1090,scorep,2048,128,1,7.660160,7.490820,1496
1091,tikki,2048,64,2,3.662845,3.495823,11440
1092,void,2048,192,17,0.825950,0.659137,385
1093,void,2048,128,16,0.763360,0.597263,1496
1094,empty,2048,192,21,0.789078,0.622690,385
1095,oot,2048,64,2,3.568985,3.401769,11440
1096,void,2048,128,8,1.230564,1.061979,1496
1097,extrae,2048,128,2,3.952028,3.787583,1496
1098,tikki,2048,64,7,1.295528,1.129672,11440
1099,extrae,2048,64,9,1.041405,0.877275,11440
11,oot,2048,192,6,1.407315,1.240940,385
110,tikki,2048,192,23,0.830208,0.663547,385
1100,extrae,2048,128,16,0.797555,0.633771,1496
1101,scorep,2048,128,9,1.127967,0.963469,1496
1102,oot,2048,192,7,1.263315,1.097874,385
1103,oot,2048,64,21,0.599290,0.430873,11440
1104,tikki,2048,64,21,0.651868,0.484135,11440
1105,empty,2048,192,5,1.575592,1.408948,385
1106,void,2048,192,22,0.797344,0.629184,385
1107,extrae,2048,192,13,0.921880,0.758681,385
1108,oot,2048,256,24,1.239381,1.072388,204
1109,void,2048,128,3,2.727646,2.560874,1496
111,scorep,2048,192,6,1.416200,1.245917,385
1110,extrae,2048,128,1,7.667115,7.502033,1496
1111,oot,2048,256,11,1.314075,1.147297,204
1112,extrae,2048,128,22,0.799003,0.626195,1496
1113,empty,2048,128,6,1.554800,1.387410,1496
1114,empty,2048,128,23,0.660906,0.493638,1496
1115,tikki,2048,256,14,1.247754,1.080605,204
1116,scorep,2048,256,8,1.568523,1.397544,204
1117,tikki,2048,64,14,0.781309,0.613105,11440
1118,scorep,2048,256,12,1.294746,1.123862,204
1119,extrae,2048,192,23,0.912772,0.739589,385
112,tikki,2048,64,3,2.516747,2.349555,11440
1120,oot,2048,256,13,1.269871,1.103107,204
1121,tikki,2048,256,23,1.283835,1.116442,204
1122,oot,2048,128,15,0.802188,0.636107,1496
1123,printf,2048,64,4,1.922022,1.747069,11440
1124,oot,2048,64,1,6.773653,6.606073,11440
1125,printf,2048,192,9,1.084973,0.918183,385
1126,empty,2048,192,8,1.179986,1.014085,385
1127,void,2048,64,15,0.702452,0.535218,11440
1128,printf,2048,192,15,0.835866,0.669337,385
1129,scorep,2048,192,21,0.807291,0.636530,385
113,scorep,2048,64,24,0.563826,0.394557,11440
1130,oot,2048,128,21,0.700479,0.533582,1496
1131,void,2048,128,19,0.739572,0.572219,1496
1132,scorep,2048,256,19,1.255266,1.086453,204
1133,scorep,2048,192,4,1.862019,1.697786,385
1134,void,2048,128,18,0.765575,0.598282,1496
1135,printf,2048,256,19,1.251293,1.083082,204
1136,scorep,2048,128,17,0.770411,0.600189,1496
1137,tikki,2048,128,5,1.826583,1.659506,1496
1138,scorep,2048,192,24,0.779618,0.608145,385
1139,printf,2048,192,17,0.816832,0.649921,385
114,scorep,2048,192,13,0.901727,0.733462,385
1140,empty,2048,192,2,3.367704,3.202028,385
1141,empty,2048,192,14,0.840282,0.673367,385
1142,oot,2048,64,16,0.665797,0.499546,11440
1143,extrae,2048,64,18,0.725726,0.561364,11440
1144,oot,2048,192,19,0.815461,0.648693,385
1145,printf,2048,64,8,1.100014,0.932554,11440
1146,scorep,2048,192,3,2.353666,2.183937,385
1147,empty,2048,64,9,1.002642,0.835019,11440
1148,oot,2048,192,18,0.836773,0.669737,385
1149,oot,2048,256,18,1.290626,1.123909,204
115,scorep,2048,192,7,1.268898,1.104204,385
1150,printf,2048,128,24,0.644922,0.478488,1496
1151,printf,2048,128,23,0.661551,0.494499,1496
1152,void,2048,256,3,2.926267,2.759631,204
1153,extrae,2048,256,23,1.361488,1.188308,204
1154,extrae,2048,128,13,0.914643,0.751080,1496
1155,empty,2048,256,12,1.304173,1.137838,204
1156,oot,2048,192,11,0.974604,0.806680,385
1157,extrae,2048,192,14,0.879179,0.714603,385
1158,scorep,2048,256,13,1.282315,1.114027,204
1159,scorep,2048,128,19,0.740385,0.572196,1496
116,printf,2048,192,12,0.933176,0.765648,385
1160,empty,2048,128,3,2.732903,2.565691,1496
1161,empty,2048,64,24,0.550768,0.384465,11440
1162,tikki,2048,64,13,0.824771,0.657205,11440
1163,empty,2048,64,14,0.731585,0.563786,11440
1164,extrae,2048,64,19,0.708267,0.544790,11440
1165,void,2048,256,21,1.241726,1.075146,204
1166,scorep,2048,64,13,0.775061,0.610440,11440
1167,printf,2048,128,3,2.713273,2.547801,1496
1168,empty,2048,128,19,0.741604,0.573868,1496
1169,void,2048,256,16,1.194916,1.027536,204
117,extrae,2048,64,7,1.262361,1.098574,11440
1170,oot,2048,128,23,0.665379,0.497870,1496
1171,printf,2048,128,9,1.133099,0.965276,1496
1172,scorep,2048,64,18,0.676389,0.506573,11440
1173,tikki,2048,192,22,0.827394,0.660876,385
1174,scorep,2048,256,4,2.339089,2.167388,204
1175,empty,2048,192,11,0.973398,0.805977,385
1176,tikki,2048,192,10,1.096200,0.929946,385
1177,printf,2048,192,12,0.932710,0.766733,385
1178,scorep,2048,64,19,0.651512,0.480996,11440
1179,scorep,2048,256,5,2.020892,1.851792,204
118,printf,2048,192,22,0.795085,0.629382,385
1180,oot,2048,128,17,0.764476,0.597822,1496
1181,scorep,2048,192,20,0.815616,0.651097,385
1182,empty,2048,128,7,1.380395,1.212848,1496
1183,void,2048,256,4,2.319181,2.152335,204
1184,oot,2048,192,24,0.785039,0.618873,385
1185,printf,2048,256,9,1.460708,1.293919,204
1186,scorep,2048,128,16,0.770355,0.599198,1496
1187,tikki,2048,256,11,1.373974,1.207512,204
1188,scorep,2048,192,1,6.439813,6.270707,385
1189,scorep,2048,128,21,0.707016,0.536801,1496
119,extrae,2048,192,20,0.893839,0.705604,385
1190,empty,2048,64,1,6.760610,6.593307,11440
1191,tikki,2048,256,13,1.323284,1.156549,204
1192,extrae,2048,192,12,0.963966,0.800152,385
1193,void,2048,192,11,0.973040,0.806342,385
1194,tikki,2048,128,11,1.026238,0.860155,1496
1195,tikki,2048,128,12,0.989566,0.823008,1496
1196,tikki,2048,256,5,2.100590,1.932804,204
1197,void,2048,128,13,0.880360,0.712538,1496
1198,printf,2048,128,17,0.757476,0.591375,1496
1199,extrae,2048,64,20,0.699849,0.535526,11440
12,printf,2048,192,9,1.092467,0.925239,385
120,scorep,2048,192,2,3.367138,3.199683,385
1200,extrae,2048,256,8,1.577927,1.412530,204
1201,printf,2048,128,18,0.767855,0.600844,1496
1202,extrae,2048,192,24,0.917441,0.743846,385
1203,scorep,2048,256,21,1.246569,1.076574,204
1204,scorep,2048,256,16,1.166106,1.001909,204
1205,oot,2048,64,15,0.699306,0.531379,11440
1206,empty,2048,192,10,1.034122,0.866887,385
1207,void,2048,64,3,2.482219,2.316849,11440
1208,scorep,2048,128,12,0.932921,0.763464,1496
1209,extrae,2048,64,14,0.782869,0.618809,11440
121,tikki,2048,128,17,0.815669,0.647448,1496
1210,void,2048,64,5,1.598523,1.431723,11440
1211,scorep,2048,256,18,1.296193,1.125900,204
1212,extrae,2048,128,18,0.816826,0.652618,1496
1213,void,2048,256,7,1.662258,1.495780,204
1214,oot,2048,192,9,1.102112,0.925319,385
1215,void,2048,128,6,1.565442,1.399201,1496
1216,scorep,2048,256,9,1.448232,1.278086,204
1217,tikki,2048,256,19,1.297325,1.129049,204
1218,extrae,2048,128,11,1.014078,0.849623,1496
1219,scorep,2048,128,14,0.846896,0.677793,1496
122,extrae,2048,192,19,0.910416,0.737548,385
1220,oot,2048,128,7,1.413725,1.200010,1496
1221,printf,2048,256,5,2.023732,1.856158,204
1222,extrae,2048,256,6,1.870804,1.705771,204
1223,void,2048,64,21,0.600016,0.433133,11440
1224,void,2048,256,22,1.241921,1.074175,204
1225,scorep,2048,256,1,7.935258,7.771524,204
1226,tikki,2048,256,4,2.361773,2.195035,204
1227,empty,2048,192,17,0.832424,0.665365,385
1228,void,2048,64,8,1.097195,0.930843,11440
1229,oot,2048,64,6,1.430896,1.263411,11440
123,tikki,2048,192,7,1.326055,1.160062,385
1230,oot,2048,64,23,0.580211,0.399398,11440
1231,scorep,2048,128,8,1.235610,1.067585,1496
1232,printf,2048,256,12,1.300294,1.133204,204
1233,empty,2048,192,12,0.933286,0.766584,385
1234,scorep,2048,256,10,1.380012,1.209859,204
1235,oot,2048,128,6,1.554058,1.388356,1496
1236,oot,2048,64,22,0.587256,0.420711,11440
1237,void,2048,64,17,0.664264,0.497372,11440
1238,empty,2048,192,4,1.855213,1.687737,385
1239,printf,2048,128,8,1.230125,1.063321,1496
124,void,2048,64,13,0.765669,0.598770,11440
1240,tikki,2048,128,20,0.775501,0.607805,1496
1241,scorep,2048,256,11,1.325744,1.156508,204
1242,scorep,2048,192,13,0.894643,0.724002,385
1243,extrae,2048,192,5,1.586851,1.422454,385
1244,printf,2048,256,3,2.890845,2.724858,204
1245,scorep,2048,192,17,0.825745,0.661849,385
1246,tikki,2048,192,1,6.491059,6.323671,385
1247,empty,2048,192,9,1.097627,0.930082,385
1248,void,2048,256,20,1.243875,1.076622,204
1249,extrae,2048,128,7,1.392005,1.227670,1496
125,extrae,2048,256,21,1.409685,1.235202,204
1250,oot,2048,256,20,1.250904,1.076585,204
1251,tikki,2048,256,10,1.439252,1.273203,204
1252,scorep,2048,128,20,0.722035,0.554494,1496
1253,oot,2048,256,14,1.193480,1.027081,204
1254,tikki,2048,64,10,0.987031,0.818830,11440
1255,printf,2048,256,18,1.291664,1.122998,204
1256,oot,2048,64,10,0.941513,0.773946,11440
1257,tikki,2048,128,15,0.864791,0.696443,1496
1258,tikki,2048,64,8,1.151534,0.984356,11440
1259,void,2048,192,5,1.580261,1.412504,385
126,tikki,2048,256,13,1.323744,1.156701,204
1260,empty,2048,64,3,2.461944,2.294005,11440
1261,extrae,2048,256,11,1.354925,1.190794,204
1262,printf,2048,256,10,1.385890,1.211565,204
1263,tikki,2048,192,18,0.879465,0.712913,385
1264,empty,2048,64,13,0.770019,0.603713,11440
1265,void,2048,128,22,0.669262,0.502588,1496
1266,extrae,2048,256,18,1.331695,1.167232,204
1267,void,2048,256,13,1.275819,1.108877,204
1268,tikki,2048,64,20,0.666153,0.498720,11440
1269,empty,2048,128,2,3.970834,3.803571,1496
127,empty,2048,64,1,6.753245,6.588109,11440
1270,printf,2048,192,11,0.970098,0.803896,385
1271,empty,2048,64,4,1.878122,1.711800,11440
1272,printf,2048,192,10,1.036008,0.869603,385
1273,empty,2048,128,12,0.934792,0.767821,1496
1274,printf,2048,256,24,1.238490,1.070535,204
1275,empty,2048,64,11,0.866896,0.699924,11440
1276,extrae,2048,128,20,0.797553,0.632793,1496
1277,printf,2048,256,13,1.215576,1.049571,204
1278,scorep,2048,64,8,1.097828,0.928095,11440
1279,tikki,2048,192,8,1.249909,1.083658,385
128,printf,2048,128,13,0.880473,0.714333,1496
1280,tikki,2048,192,3,2.403807,2.237284,385
1281,empty,2048,128,24,0.648759,0.481338,1496
1282,oot,2048,192,1,6.438718,6.270365,385
1283,void,2048,128,4,2.091981,1.925823,1496
1284,oot,2048,128,14,0.838794,0.672119,1496
1285,oot,2048,128,3,2.731723,2.564582,1496
1286,scorep,2048,64,3,2.486185,2.316715,11440
1287,tikki,2048,192,17,0.868973,0.702377,385
1288,tikki,2048,256,16,1.212698,1.045587,204
1289,extrae,2048,64,7,1.252248,1.088829,11440
129,empty,2048,128,15,0.813085,0.646247,1496
1290,oot,2048,64,14,0.730922,0.564868,11440
1291,oot,2048,192,6,1.417043,1.248830,385
1292,tikki,2048,256,1,7.984863,7.817267,204
1293,scorep,2048,64,10,0.943625,0.774784,11440
1294,empty,2048,128,16,0.764603,0.597116,1496
1295,void,2048,192,10,1.034447,0.867572,385
1296,oot,2048,256,3,2.963613,2.796613,204
1297,tikki,2048,128,21,0.753155,0.586172,1496
1298,tikki,2048,64,3,2.537232,2.369880,11440
1299,void,2048,256,8,1.560473,1.392874,204
13,oot,2048,64,22,0.591384,0.416751,11440
130,tikki,2048,64,22,0.624377,0.455471,11440
1300,empty,2048,128,9,1.136329,0.969938,1496
1301,void,2048,256,23,1.236579,1.069324,204
1302,void,2048,128,15,0.800578,0.633747,1496
1303,oot,2048,64,13,0.773018,0.605995,11440
1304,void,2048,64,24,0.559074,0.384812,11440
1305,oot,2048,64,20,0.625350,0.458132,11440
1306,oot,2048,128,11,0.987833,0.820894,1496
1307,scorep,2048,64,2,3.581590,3.417200,11440
1308,extrae,2048,128,15,0.841776,0.678100,1496
1309,printf,2048,256,8,1.564945,1.397699,204
131,printf,2048,256,16,1.172175,1.005686,204
1310,void,2048,192,9,1.086846,0.919338,385
1311,extrae,2048,256,4,2.349038,2.185557,204
1312,tikki,2048,256,7,1.719206,1.552335,204
1313,extrae,2048,128,10,1.092688,0.928702,1496
1314,tikki,2048,64,23,0.615581,0.448203,11440
1315,tikki,2048,192,9,1.124252,0.956387,385
1316,empty,2048,192,19,0.829881,0.663116,385
1317,empty,2048,256,17,1.241977,1.074869,204
1318,empty,2048,128,15,0.806953,0.639821,1496
1319,void,2048,256,12,1.282063,1.106390,204
132,extrae,2048,256,17,1.264966,1.100275,204
1320,extrae,2048,256,1,7.939728,7.774414,204
1321,void,2048,192,19,0.809616,0.643302,385
1322,empty,2048,64,18,0.663054,0.496891,11440
1323,scorep,2048,128,22,0.684552,0.514242,1496
1324,oot,2048,256,16,1.165238,0.998982,204
1325,printf,2048,256,6,1.865946,1.698662,204
1326,oot,2048,128,24,0.653813,0.488028,1496
1327,extrae,2048,192,20,0.897302,0.716005,385
1328,printf,2048,128,19,0.742116,0.575751,1496
1329,empty,2048,192,1,6.435026,6.268038,385
133,extrae,2048,256,9,1.472746,1.308270,204
1330,void,2048,128,21,0.695207,0.528941,1496
1331,oot,2048,256,19,1.249564,1.080864,204
1332,oot,2048,192,4,1.845645,1.679359,385
1333,printf,2048,64,3,2.501417,2.334551,11440
1334,printf,2048,128,12,0.928743,0.762141,1496
1335,oot,2048,192,10,1.034552,0.868169,385
1336,printf,2048,128,14,0.849944,0.683725,1496
1337,tikki,2048,192,12,0.981632,0.815133,385
1338,void,2048,64,20,0.620878,0.454031,11440
1339,scorep,2048,256,6,1.873787,1.704217,204
134,oot,2048,256,1,7.932566,7.766672,204
1340,tikki,2048,128,9,1.204960,1.037719,1496
1341,printf,2048,128,6,1.560796,1.394093,1496
1342,void,2048,192,23,0.781276,0.614728,385
1343,empty,2048,192,18,0.872096,0.665635,385
1344,printf,2048,64,14,0.736400,0.568965,11440
1345,extrae,2048,256,18,1.336928,1.172441,204
1346,empty,2048,64,15,0.698183,0.532553,11440
1347,scorep,2048,256,20,1.248842,1.080333,204
1348,extrae,2048,256,12,1.328151,1.164035,204
1349,scorep,2048,192,13,0.888680,0.719841,385
135,void,2048,64,17,0.665329,0.497889,11440
1350,void,2048,64,3,2.471891,2.305228,11440
1351,extrae,2048,256,13,1.299316,1.135910,204
1352,empty,2048,64,13,0.767402,0.600963,11440
1353,scorep,2048,192,1,6.446873,6.281849,385
1354,extrae,2048,128,16,0.808132,0.643971,1496
1355,printf,2048,192,1,6.419507,6.252925,385
1356,tikki,2048,128,10,1.106611,0.939819,1496
1357,extrae,2048,256,8,1.567048,1.402343,204
1358,oot,2048,128,10,1.061990,0.895687,1496
1359,empty,2048,192,9,1.086556,0.919824,385
136,empty,2048,256,24,1.237243,1.070671,204
1360,void,2048,128,5,1.777629,1.611571,1496
1361,tikki,2048,192,20,0.848664,0.682324,385
1362,void,2048,128,16,0.768294,0.601848,1496
1363,printf,2048,64,3,2.480774,2.314080,11440
1364,scorep,2048,128,18,0.769954,0.600957,1496
1365,void,2048,192,15,0.838724,0.672046,385
1366,void,2048,128,17,0.758412,0.591477,1496
1367,extrae,2048,128,20,0.803523,0.623775,1496
1368,empty,2048,256,23,1.238790,1.071902,204
1369,void,2048,128,1,7.644042,7.475417,1496
137,tikki,2048,64,19,0.694017,0.527073,11440
1370,printf,2048,64,20,0.630158,0.456226,11440
1371,scorep,2048,64,19,0.646861,0.478235,11440
1372,oot,2048,64,12,0.812537,0.646334,11440
1373,scorep,2048,192,7,1.275327,1.106313,385
1374,void,2048,256,5,2.026670,1.860377,204
1375,scorep,2048,192,8,1.196944,1.027576,385
1376,oot,2048,256,19,1.248467,1.081195,204
1377,oot,2048,64,8,1.095927,0.928790,11440
1378,scorep,2048,256,17,1.220808,1.055564,204
1379,scorep,2048,256,11,1.334396,1.165672,204
138,extrae,2048,192,2,3.392563,3.228562,385
1380,scorep,2048,128,8,1.238440,1.069115,1496
1381,scorep,2048,256,24,1.242988,1.074164,204
1382,tikki,2048,256,10,1.433400,1.266134,204
1383,scorep,2048,64,6,1.428270,1.260108,11440
1384,void,2048,192,5,1.584030,1.417034,385
1385,oot,2048,192,8,1.183971,1.016459,385
1386,empty,2048,256,8,1.557165,1.389860,204
1387,void,2048,192,21,0.798220,0.632458,385
1388,extrae,2048,128,11,1.007753,0.843975,1496
1389,tikki,2048,64,5,1.655456,1.490740,11440
139,empty,2048,128,9,1.141506,0.972764,1496
1390,tikki,2048,256,23,1.285410,1.118529,204
1391,scorep,2048,64,14,0.732498,0.568276,11440
1392,empty,2048,192,18,0.838248,0.671865,385
1393,empty,2048,256,10,1.373451,1.206430,204
1394,printf,2048,64,24,0.556085,0.388750,11440
1395,extrae,2048,256,15,1.243491,1.078018,204
1396,scorep,2048,256,14,1.201749,1.033054,204
1397,scorep,2048,256,10,1.378401,1.210431,204
1398,empty,2048,256,12,1.310517,1.143760,204
1399,printf,2048,128,18,0.769423,0.602170,1496
14,scorep,2048,128,12,0.929487,0.760912,1496
140,scorep,2048,64,15,0.701415,0.532820,11440
1400,empty,2048,192,10,1.033518,0.866002,385
1401,scorep,2048,256,13,1.224770,1.054626,204
1402,oot,2048,192,19,0.817899,0.650999,385
1403,tikki,2048,128,5,1.835351,1.668315,1496
1404,oot,2048,192,2,3.374785,3.206935,385
1405,scorep,2048,128,16,0.814629,0.604911,1496
1406,extrae,2048,192,4,1.849412,1.684784,385
1407,void,2048,256,20,1.245625,1.078707,204
1408,scorep,2048,192,4,1.858163,1.693961,385
1409,empty,2048,128,19,0.738696,0.570849,1496
141,extrae,2048,256,15,1.224899,1.060470,204
1410,printf,2048,256,19,1.249515,1.082610,204
1411,oot,2048,256,1,7.927499,7.761594,204
1412,scorep,2048,64,21,0.607774,0.437732,11440
1413,tikki,2048,256,20,1.289788,1.124083,204
1414,printf,2048,128,1,7.610080,7.444859,1496
1415,empty,2048,256,18,1.298903,1.131514,204
1416,empty,2048,256,6,1.872896,1.705461,204
1417,oot,2048,192,21,0.802813,0.634712,385
1418,scorep,2048,64,1,6.763234,6.594643,11440
1419,empty,2048,192,20,0.812430,0.646272,385
142,tikki,2048,256,4,2.330659,2.162938,204
1420,empty,2048,64,22,0.579897,0.414069,11440
1421,tikki,2048,192,7,1.322947,1.156084,385
1422,scorep,2048,192,23,0.793722,0.624653,385
1423,printf,2048,64,23,0.570254,0.403449,11440
1424,scorep,2048,192,15,0.820264,0.651362,385
1425,oot,2048,128,21,0.702837,0.536729,1496
1426,empty,2048,192,24,0.770083,0.603101,385
1427,oot,2048,64,9,1.008387,0.841030,11440
1428,scorep,2048,128,17,0.763883,0.599485,1496
1429,printf,2048,256,16,1.163125,0.996279,204
143,oot,2048,64,1,6.775405,6.608766,11440
1430,oot,2048,256,9,1.458964,1.290820,204
1431,void,2048,256,7,1.670229,1.504855,204
1432,scorep,2048,256,23,1.245933,1.075230,204
1433,printf,2048,64,13,0.783266,0.609220,11440
1434,void,2048,192,11,0.971416,0.803496,385
1435,scorep,2048,128,11,0.997651,0.827134,1496
1436,printf,2048,256,12,1.280709,1.112774,204
1437,printf,2048,192,10,1.037093,0.870280,385
1438,empty,2048,128,3,2.751825,2.584215,1496
1439,tikki,2048,192,17,0.857323,0.690082,385
144,scorep,2048,256,1,7.921867,7.753549,204
1440,void,2048,128,22,0.683694,0.516538,1496
1441,tikki,2048,256,7,1.715037,1.548113,204
1442,oot,2048,64,14,0.738818,0.572285,11440
1443,printf,2048,256,23,1.239928,1.072392,204
1444,printf,2048,192,20,0.818509,0.651386,385
1445,tikki,2048,192,24,0.811546,0.644373,385
1446,oot,2048,64,5,1.597896,1.431496,11440
1447,extrae,2048,192,5,1.573388,1.408681,385
1448,tikki,2048,128,6,1.623942,1.458404,1496
1449,void,2048,128,8,1.230257,1.062967,1496
145,oot,2048,256,10,1.377952,1.211576,204
1450,void,2048,256,9,1.454213,1.286753,204
1451,oot,2048,128,18,0.766467,0.600821,1496
1452,extrae,2048,192,18,0.888517,0.724151,385
1453,extrae,2048,192,10,1.059427,0.895806,385
1454,oot,2048,128,8,1.232244,1.065311,1496
1455,void,2048,256,24,1.235853,1.068282,204
1456,extrae,2048,256,2,4.159978,3.994754,204
1457,extrae,2048,128,7,1.383730,1.219872,1496
1458,void,2048,128,9,1.139876,0.973243,1496
1459,printf,2048,192,23,0.774447,0.607770,385
146,tikki,2048,256,17,1.269397,1.102386,204
1460,oot,2048,128,19,0.746683,0.579589,1496
1461,empty,2048,64,12,0.834030,0.654390,11440
1462,tikki,2048,192,22,0.846394,0.680571,385
1463,printf,2048,128,11,0.990676,0.823579,1496
1464,tikki,2048,64,17,0.712393,0.545557,11440
1465,scorep,2048,64,11,0.883533,0.713692,11440
1466,empty,2048,256,13,1.272449,1.105437,204
1467,extrae,2048,192,24,0.907785,0.734697,385
1468,printf,2048,64,1,6.798335,6.631673,11440
1469,void,2048,64,16,0.668220,0.501417,11440
147,oot,2048,128,15,0.799644,0.632684,1496
1470,void,2048,192,20,0.814199,0.646740,385
1471,tikki,2048,64,23,0.618362,0.451204,11440
1472,extrae,2048,128,3,2.745123,2.580278,1496
1473,empty,2048,256,14,1.202302,1.035259,204
1474,printf,2048,128,15,0.811289,0.644721,1496
1475,tikki,2048,64,22,0.648461,0.481137,11440
1476,void,2048,192,17,0.819922,0.652254,385
1477,oot,2048,256,2,4.172438,4.004702,204
1478,empty,2048,192,1,6.428469,6.261389,385
1479,empty,2048,128,22,0.673750,0.506966,1496
148,void,2048,128,21,0.696753,0.528524,1496
1480,oot,2048,64,22,0.584060,0.417489,11440
1481,extrae,2048,64,14,0.777659,0.612981,11440
1482,oot,2048,192,12,0.946774,0.772937,385
1483,tikki,2048,192,15,0.867019,0.700246,385
1484,void,2048,128,18,0.761300,0.594663,1496
1485,oot,2048,192,24,0.772891,0.606555,385
1486,empty,2048,256,15,1.183779,1.016652,204
1487,oot,2048,256,13,1.271201,1.104836,204
1488,empty,2048,128,13,0.886685,0.719703,1496
1489,extrae,2048,128,9,1.153138,0.987051,1496
149,void,2048,64,12,0.820315,0.652505,11440
1490,printf,2048,128,19,0.744485,0.577875,1496
1491,oot,2048,128,7,1.380358,1.213564,1496
1492,oot,2048,256,7,1.662882,1.494862,204
1493,empty,2048,192,5,1.568246,1.400367,385
1494,void,2048,256,11,1.342531,1.175250,204
1495,empty,2048,256,11,1.324579,1.155725,204
1496,empty,2048,192,4,1.861689,1.694213,385
1497,oot,2048,64,13,0.777404,0.609143,11440
1498,scorep,2048,64,23,0.576457,0.406454,11440
1499,printf,2048,256,6,1.858721,1.692479,204
15,scorep,2048,192,3,2.359515,2.190012,385
150,oot,2048,128,13,0.884018,0.716097,1496
1500,empty,2048,192,3,2.350783,2.183723,385
1501,extrae,2048,192,15,0.869342,0.703534,385
1502,printf,2048,64,5,1.610137,1.444062,11440
1503,oot,2048,128,2,3.965358,3.798917,1496
1504,extrae,2048,192,13,0.928831,0.765073,385
1505,scorep,2048,128,21,0.706741,0.537040,1496
1506,tikki,2048,64,21,0.644092,0.477164,11440
1507,printf,2048,128,9,1.139847,0.972377,1496
1508,tikki,2048,64,10,0.987015,0.819099,11440
1509,oot,2048,192,22,0.784436,0.618232,385
151,void,2048,64,21,0.600149,0.431980,11440
1510,oot,2048,256,10,1.374779,1.207803,204
1511,printf,2048,128,12,0.926188,0.758565,1496
1512,scorep,2048,128,10,1.062070,0.897195,1496
1513,extrae,2048,192,3,2.379388,2.214696,385
1514,printf,2048,64,10,0.939018,0.772279,11440
1515,tikki,2048,128,14,0.910826,0.744126,1496
1516,tikki,2048,192,23,0.834194,0.666773,385
1517,empty,2048,128,14,0.846225,0.679030,1496
1518,extrae,2048,128,19,0.799877,0.635987,1496
1519,extrae,2048,128,4,2.107436,1.943467,1496
152,extrae,2048,192,13,0.929579,0.765990,385
1520,oot,2048,64,18,0.667337,0.500596,11440
1521,empty,2048,64,10,0.936742,0.769929,11440
1522,void,2048,128,2,3.969017,3.800693,1496
1523,extrae,2048,256,22,1.358898,1.186516,204
1524,extrae,2048,256,16,1.216105,1.051833,204
1525,empty,2048,64,18,0.663997,0.496893,11440
1526,tikki,2048,128,17,0.803063,0.636042,1496
1527,printf,2048,256,10,1.373646,1.205883,204
1528,scorep,2048,128,12,0.930526,0.761742,1496
1529,extrae,2048,192,11,0.997716,0.833686,385
153,tikki,2048,192,2,3.419345,3.253132,385
1530,printf,2048,192,5,1.576847,1.409318,385
1531,extrae,2048,256,21,1.350422,1.177657,204
1532,extrae,2048,64,2,3.615649,3.451229,11440
1533,empty,2048,128,9,1.124839,0.957769,1496
1534,void,2048,256,12,1.281684,1.114295,204
1535,extrae,2048,128,22,0.801088,0.628156,1496
1536,tikki,2048,64,9,1.061947,0.895976,11440
1537,printf,2048,64,18,0.668399,0.501658,11440
1538,extrae,2048,192,12,0.964932,0.798314,385
1539,void,2048,64,8,1.091048,0.924312,11440
154,oot,2048,256,7,1.671514,1.504162,204
1540,tikki,2048,192,2,3.440069,3.272545,385
1541,extrae,2048,256,3,2.926417,2.761831,204
1542,empty,2048,192,15,0.823613,0.657721,385
1543,extrae,2048,64,18,0.728310,0.564621,11440
1544,extrae,2048,256,10,1.401027,1.237318,204
1545,empty,2048,256,1,7.915771,7.748741,204
1546,extrae,2048,256,23,1.358749,1.186855,204
1547,void,2048,256,6,1.867200,1.701179,204
1548,empty,2048,64,3,2.468425,2.301222,11440
1549,oot,2048,256,20,1.249852,1.083397,204
155,extrae,2048,128,10,1.093191,0.929507,1496
1550,empty,2048,128,23,0.662716,0.495260,1496
1551,scorep,2048,64,10,0.946500,0.775919,11440
1552,tikki,2048,64,4,1.975285,1.808435,11440
1553,printf,2048,256,5,2.032375,1.864908,204
1554,empty,2048,64,5,1.612407,1.446159,11440
1555,oot,2048,64,10,0.938559,0.771760,11440
1556,empty,2048,64,7,1.256521,1.088961,11440
1557,scorep,2048,128,3,2.746336,2.576941,1496
1558,empty,2048,128,24,0.644714,0.477338,1496
1559,printf,2048,64,12,0.819298,0.652183,11440
156,empty,2048,64,12,0.809333,0.643623,11440
1560,tikki,2048,64,1,6.849763,6.682654,11440
1561,void,2048,192,4,1.841317,1.675564,385
1562,oot,2048,192,11,0.976303,0.809677,385
1563,empty,2048,256,16,1.165644,0.999618,204
1564,tikki,2048,64,14,0.781152,0.615120,11440
1565,printf,2048,256,21,1.242833,1.076568,204
1566,void,2048,64,2,3.592095,3.425983,11440
1567,oot,2048,192,14,0.852295,0.686497,385
1568,oot,2048,128,22,0.698382,0.523477,1496
1569,oot,2048,128,16,0.770745,0.604126,1496
157,empty,2048,256,18,1.255996,1.089299,204
1570,extrae,2048,256,6,1.869620,1.705610,204
1571,oot,2048,192,4,1.864762,1.698596,385
1572,extrae,2048,128,24,0.791437,0.618977,1496
1573,oot,2048,256,21,1.243755,1.077998,204
1574,void,2048,128,4,2.112399,1.946095,1496
1575,tikki,2048,192,19,0.889925,0.722967,385
1576,empty,2048,64,14,0.728304,0.561011,11440
1577,scorep,2048,128,13,0.885718,0.716573,1496
1578,empty,2048,256,2,4.177208,4.010262,204
1579,scorep,2048,64,2,3.585538,3.402327,11440
158,empty,2048,192,4,1.858326,1.691406,385
1580,oot,2048,256,11,1.326153,1.159077,204
1581,printf,2048,128,5,1.773138,1.606216,1496
1582,extrae,2048,128,23,0.787753,0.616593,1496
1583,printf,2048,192,24,0.774210,0.607137,385
1584,empty,2048,192,21,0.799424,0.633256,385
1585,printf,2048,192,3,2.357006,2.189420,385
1586,printf,2048,192,8,1.189916,1.022869,385
1587,extrae,2048,256,19,1.305409,1.142026,204
1588,scorep,2048,128,23,0.666240,0.497677,1496
1589,void,2048,128,3,2.707608,2.539395,1496
159,void,2048,192,21,0.801367,0.633724,385
1590,printf,2048,64,21,0.606185,0.438249,11440
1591,scorep,2048,128,9,1.143061,0.975054,1496
1592,void,2048,64,18,0.663531,0.497028,11440
1593,scorep,2048,192,16,0.798536,0.627919,385
1594,tikki,2048,192,21,0.849317,0.682586,385
1595,empty,2048,128,12,0.923218,0.755927,1496
1596,extrae,2048,128,5,1.782496,1.618019,1496
1597,tikki,2048,192,16,0.852628,0.686377,385
1598,extrae,2048,64,19,0.704968,0.541525,11440
1599,oot,2048,64,4,1.918385,1.751905,11440
16,printf,2048,192,3,2.358969,2.192833,385
160,printf,2048,128,18,0.765577,0.598841,1496
1600,oot,2048,256,22,1.245295,1.077778,204
1601,extrae,2048,192,9,1.107300,0.943137,385
1602,extrae,2048,192,6,1.426477,1.261733,385
1603,scorep,2048,64,9,1.006222,0.838834,11440
1604,oot,2048,256,12,1.282570,1.115432,204
1605,oot,2048,64,6,1.405956,1.240071,11440
1606,scorep,2048,192,10,1.041160,0.872544,385
1607,empty,2048,192,13,0.893828,0.726073,385
1608,printf,2048,256,9,1.450957,1.285117,204
1609,void,2048,256,13,1.274029,1.105914,204
161,scorep,2048,128,16,0.772141,0.603200,1496
1610,tikki,2048,128,16,0.816352,0.649072,1496
1611,oot,2048,128,13,0.917916,0.711641,1496
1612,tikki,2048,128,22,0.722310,0.555025,1496
1613,printf,2048,256,14,1.195869,1.029437,204
1614,tikki,2048,64,8,1.150349,0.984425,11440
1615,empty,2048,128,21,0.697366,0.531096,1496
1616,printf,2048,64,14,0.736773,0.570456,11440
1617,printf,2048,64,15,0.702003,0.534411,11440
1618,printf,2048,128,13,0.883190,0.716491,1496
1619,oot,2048,128,9,1.128467,0.961457,1496
162,oot,2048,256,4,2.301936,2.134683,204
1620,tikki,2048,64,20,0.661026,0.493695,11440
1621,oot,2048,256,18,1.289087,1.121580,204
1622,oot,2048,64,3,2.487301,2.321094,11440
1623,empty,2048,256,24,1.238702,1.072304,204
1624,oot,2048,256,5,2.037327,1.870558,204
1625,extrae,2048,64,10,0.976250,0.811766,11440
1626,printf,2048,192,17,0.827597,0.660998,385
1627,oot,2048,256,14,1.190830,1.024821,204
1628,void,2048,128,14,0.842551,0.676159,1496
1629,tikki,2048,192,18,0.868876,0.702452,385
163,printf,2048,256,14,1.198954,1.031443,204
1630,scorep,2048,256,1,7.924124,7.759561,204
1631,void,2048,256,1,7.929179,7.763839,204
1632,scorep,2048,64,24,0.557059,0.388226,11440
1633,tikki,2048,128,3,2.790860,2.623864,1496
1634,printf,2048,256,8,1.549699,1.383164,204
1635,tikki,2048,128,11,1.044929,0.877234,1496
1636,void,2048,128,15,0.800456,0.633446,1496
1637,extrae,2048,192,1,6.434848,6.270917,385
1638,printf,2048,192,12,0.931501,0.765659,385
1639,printf,2048,64,17,0.663316,0.496852,11440
164,extrae,2048,256,2,4.178011,4.013048,204
1640,printf,2048,64,19,0.645579,0.478596,11440
1641,void,2048,64,11,0.873210,0.707199,11440
1642,void,2048,128,20,0.727687,0.559780,1496
1643,extrae,2048,64,16,0.722126,0.557683,11440
1644,oot,2048,128,3,2.719991,2.554001,1496
1645,scorep,2048,256,9,1.459469,1.290215,204
1646,void,2048,64,6,1.421076,1.254438,11440
1647,void,2048,256,19,1.252587,1.085936,204
1648,printf,2048,192,4,1.855228,1.688849,385
1649,empty,2048,192,7,1.264191,1.095850,385
165,empty,2048,192,16,0.793702,0.626840,385
1650,scorep,2048,192,12,0.941127,0.771453,385
1651,void,2048,192,10,1.033144,0.866180,385
1652,scorep,2048,128,7,1.384636,1.213973,1496
1653,printf,2048,256,4,2.317009,2.149668,204
1654,oot,2048,192,18,0.841034,0.674887,385
1655,extrae,2048,128,18,0.814935,0.650391,1496
1656,oot,2048,128,6,1.548248,1.381201,1496
1657,extrae,2048,128,17,0.805413,0.641687,1496
1658,printf,2048,128,8,1.231680,1.065198,1496
1659,extrae,2048,256,14,1.226903,1.062680,204
166,empty,2048,64,6,1.406311,1.238622,11440
1660,oot,2048,256,16,1.166568,1.000028,204
1661,scorep,2048,256,22,1.242873,1.077998,204
1662,printf,2048,64,8,1.094960,0.928699,11440
1663,printf,2048,128,14,0.842984,0.674470,1496
1664,tikki,2048,192,5,1.637234,1.470184,385
1665,oot,2048,64,16,0.672872,0.506853,11440
1666,extrae,2048,192,8,1.200585,1.036444,385
1667,printf,2048,64,11,0.868710,0.702701,11440
1668,void,2048,256,3,2.936848,2.769816,204
1669,printf,2048,256,20,1.246650,1.079855,204
167,oot,2048,128,2,3.964591,3.797226,1496
1670,oot,2048,64,2,3.557974,3.390385,11440
1671,void,2048,192,16,0.814732,0.648223,385
1672,oot,2048,192,3,2.354670,2.188254,385
1673,empty,2048,128,20,0.721076,0.554948,1496
1674,empty,2048,192,17,0.831297,0.664149,385
1675,oot,2048,128,1,7.639375,7.471982,1496
1676,oot,2048,192,10,1.032090,0.866204,385
1677,printf,2048,256,22,1.243329,1.075314,204
1678,empty,2048,192,2,3.368857,3.201625,385
1679,empty,2048,64,4,1.894919,1.727796,11440
168,tikki,2048,192,21,0.847125,0.679505,385
1680,empty,2048,256,19,1.251859,1.084689,204
1681,extrae,2048,192,16,0.845178,0.681424,385
1682,scorep,2048,64,22,0.585940,0.417413,11440
1683,scorep,2048,64,13,0.775476,0.608688,11440
1684,oot,2048,192,20,0.819260,0.652784,385
1685,void,2048,192,7,1.262977,1.096029,385
1686,printf,2048,128,21,0.697724,0.530565,1496
1687,oot,2048,192,23,0.775861,0.607534,385
1688,printf,2048,64,6,1.435002,1.268501,11440
1689,void,2048,128,11,0.981517,0.815352,1496
169,empty,2048,64,8,1.090037,0.921985,11440
1690,empty,2048,256,20,1.245776,1.079751,204
1691,tikki,2048,192,3,2.405101,2.238619,385
1692,extrae,2048,256,4,2.305517,2.141753,204
1693,void,2048,64,24,0.553447,0.387311,11440
1694,scorep,2048,192,24,0.773434,0.604293,385
1695,void,2048,256,4,2.270635,2.103536,204
1696,void,2048,192,12,0.931448,0.765276,385
1697,scorep,2048,256,12,1.295592,1.127153,204
1698,extrae,2048,192,14,0.897765,0.733404,385
1699,oot,2048,256,24,1.234669,1.069123,204
17,printf,2048,128,9,1.129037,0.962173,1496
170,empty,2048,128,10,1.071441,0.896697,1496
1700,void,2048,256,17,1.218645,1.052661,204
1701,printf,2048,64,4,1.913290,1.746969,11440
1702,tikki,2048,128,15,0.865558,0.698264,1496
1703,tikki,2048,256,5,2.099329,1.932452,204
1704,void,2048,192,22,0.791060,0.616054,385
1705,extrae,2048,256,11,1.355402,1.188933,204
1706,void,2048,64,7,1.232438,1.067106,11440
1707,scorep,2048,128,24,0.648215,0.479978,1496
1708,empty,2048,256,17,1.229822,1.063588,204
1709,scorep,2048,192,14,0.852030,0.687200,385
171,empty,2048,256,13,1.265714,1.098882,204
1710,scorep,2048,192,18,0.832827,0.663278,385
1711,oot,2048,64,20,0.622150,0.454686,11440
1712,tikki,2048,128,24,0.706797,0.540798,1496
1713,extrae,2048,256,1,7.935175,7.771209,204
1714,void,2048,256,16,1.161291,0.994427,204
1715,extrae,2048,192,7,1.271997,1.108271,385
1716,tikki,2048,192,13,0.943967,0.776748,385
1717,scorep,2048,128,1,7.634308,7.464636,1496
1718,tikki,2048,64,15,0.748722,0.581771,11440
1719,void,2048,192,14,0.841002,0.674380,385
172,oot,2048,64,13,0.771495,0.602129,11440
1720,scorep,2048,64,5,1.632945,1.462100,11440
1721,scorep,2048,128,4,2.097749,1.932131,1496
1722,tikki,2048,256,21,1.293890,1.125476,204
1723,tikki,2048,64,12,0.871134,0.703432,11440
1724,extrae,2048,256,5,2.041037,1.876404,204
1725,printf,2048,128,10,1.062131,0.896237,1496
1726,scorep,2048,256,8,1.559835,1.395330,204
1727,printf,2048,128,24,0.645289,0.479816,1496
1728,void,2048,256,10,1.373459,1.206706,204
1729,void,2048,64,12,0.841089,0.654040,11440
173,tikki,2048,192,14,0.908112,0.740079,385
1730,printf,2048,128,4,2.108159,1.932628,1496
1731,void,2048,256,2,4.170645,4.004170,204
1732,oot,2048,256,3,2.915276,2.748248,204
1733,tikki,2048,128,9,1.201971,1.027203,1496
1734,printf,2048,192,6,1.407006,1.239194,385
1735,printf,2048,192,2,3.362364,3.195731,385
1736,empty,2048,192,11,0.994401,0.807580,385
1737,tikki,2048,64,19,0.689368,0.523299,11440
1738,void,2048,128,12,0.926023,0.758780,1496
1739,tikki,2048,256,24,1.297732,1.130968,204
174,tikki,2048,192,17,0.860219,0.693402,385
1740,empty,2048,256,5,2.026226,1.857385,204
1741,printf,2048,128,7,1.363896,1.198050,1496
1742,empty,2048,64,8,1.094896,0.927899,11440
1743,extrae,2048,64,12,0.853418,0.688693,11440
1744,tikki,2048,64,16,0.716935,0.550995,11440
1745,void,2048,64,17,0.657458,0.491597,11440
1746,empty,2048,64,11,0.869669,0.702594,11440
1747,oot,2048,192,1,6.422643,6.255382,385
1748,printf,2048,128,6,1.552299,1.384966,1496
1749,void,2048,192,6,1.418757,1.250605,385
175,extrae,2048,256,4,2.306365,2.142385,204
1750,extrae,2048,192,17,0.891034,0.726751,385
1751,printf,2048,192,22,0.788382,0.622211,385
1752,void,2048,64,19,0.639108,0.473336,11440
1753,scorep,2048,192,5,1.577199,1.409617,385
1754,void,2048,128,13,0.878474,0.711136,1496
1755,scorep,2048,192,20,0.817509,0.648512,385
1756,empty,2048,192,6,1.411793,1.244581,385
1757,empty,2048,128,8,1.234148,1.067180,1496
1758,printf,2048,256,11,1.328808,1.162199,204
1759,oot,2048,192,6,1.402335,1.235592,385
176,oot,2048,256,24,1.242372,1.076034,204
1760,tikki,2048,256,22,1.291725,1.126606,204
1761,empty,2048,64,2,3.595291,3.415941,11440
1762,scorep,2048,192,6,1.447505,1.239540,385
1763,oot,2048,192,15,0.819148,0.651616,385
1764,tikki,2048,64,24,0.609232,0.443249,11440
1765,tikki,2048,128,23,0.695342,0.528952,1496
1766,scorep,2048,256,19,1.263712,1.091574,204
1767,printf,2048,192,11,0.975037,0.807887,385
1768,printf,2048,192,7,1.261717,1.087377,385
1769,oot,2048,192,13,0.898084,0.731099,385
177,printf,2048,128,20,0.723911,0.557395,1496
1770,scorep,2048,64,7,1.239684,1.074555,11440
1771,tikki,2048,64,13,0.819016,0.651078,11440
1772,extrae,2048,64,15,0.744873,0.581083,11440
1773,extrae,2048,64,9,1.052591,0.887450,11440
1774,printf,2048,192,21,0.794762,0.629231,385
1775,extrae,2048,64,7,1.258039,1.094425,11440
1776,tikki,2048,192,12,0.983485,0.816605,385
1777,tikki,2048,64,18,0.724169,0.557809,11440
1778,tikki,2048,128,2,3.998438,3.832147,1496
1779,oot,2048,128,11,0.992164,0.825826,1496
178,scorep,2048,64,17,0.664694,0.500232,11440
1780,tikki,2048,256,15,1.217805,1.050625,204
1781,printf,2048,256,13,1.216256,1.049623,204
1782,extrae,2048,256,9,1.461472,1.297261,204
1783,scorep,2048,64,16,0.674575,0.507954,11440
1784,scorep,2048,128,6,1.552840,1.385176,1496
1785,scorep,2048,192,3,2.337514,2.169393,385
1786,extrae,2048,128,12,1.011892,0.793838,1496
1787,empty,2048,128,17,0.762472,0.597167,1496
1788,extrae,2048,128,15,0.841146,0.676656,1496
1789,printf,2048,192,19,0.816576,0.649522,385
179,extrae,2048,64,22,0.720159,0.547887,11440
1790,scorep,2048,128,22,0.686458,0.518120,1496
1791,scorep,2048,64,3,2.465670,2.300665,11440
1792,scorep,2048,64,18,0.672658,0.503870,11440
1793,oot,2048,128,4,2.091478,1.925412,1496
1794,extrae,2048,192,23,0.907959,0.735708,385
1795,extrae,2048,192,2,3.366806,3.202402,385
1796,tikki,2048,128,20,0.784159,0.617762,1496
1797,tikki,2048,256,6,1.919529,1.752820,204
1798,void,2048,192,8,1.187891,1.022089,385
1799,empty,2048,64,6,1.398812,1.232307,11440
18,printf,2048,256,9,1.449271,1.281697,204
180,tikki,2048,192,9,1.140705,0.974105,385
1800,void,2048,64,22,0.580415,0.412605,11440
1801,empty,2048,192,14,0.849547,0.682642,385
1802,oot,2048,64,15,0.692368,0.525871,11440
1803,printf,2048,192,13,0.895118,0.726969,385
1804,extrae,2048,256,20,1.304554,1.140074,204
1805,extrae,2048,64,23,0.706182,0.533777,11440
1806,printf,2048,64,2,3.582752,3.416279,11440
1807,empty,2048,128,4,2.085992,1.918244,1496
1808,printf,2048,192,16,0.810008,0.641968,385
1809,tikki,2048,192,4,1.920547,1.754736,385
181,extrae,2048,64,2,3.613628,3.448953,11440
1810,extrae,2048,192,22,0.837166,0.673468,385
1811,oot,2048,192,9,1.093531,0.927124,385
1812,empty,2048,192,12,0.931619,0.765770,385
1813,extrae,2048,128,14,0.883453,0.719561,1496
1814,printf,2048,256,7,1.661887,1.496131,204
1815,scorep,2048,192,19,0.823635,0.655212,385
1816,printf,2048,256,17,1.235274,1.068400,204
1817,printf,2048,192,14,0.839588,0.672404,385
1818,empty,2048,64,16,0.673320,0.506204,11440
1819,oot,2048,64,19,0.643013,0.475266,11440
182,oot,2048,128,3,2.724188,2.558170,1496
1820,empty,2048,128,2,3.964648,3.798721,1496
1821,empty,2048,256,4,2.323702,2.156683,204
1822,tikki,2048,128,21,0.768115,0.602147,1496
1823,printf,2048,256,15,1.172249,1.005317,204
1824,void,2048,192,1,6.436493,6.269841,385
1825,oot,2048,64,1,6.739549,6.573231,11440
1826,tikki,2048,256,3,3.018830,2.852667,204
1827,empty,2048,256,22,1.240020,1.073777,204
1828,tikki,2048,256,19,1.320781,1.154932,204
1829,void,2048,256,18,1.292711,1.126569,204
183,empty,2048,64,10,0.935598,0.767953,11440
1830,empty,2048,64,1,6.759323,6.592209,11440
1831,printf,2048,128,22,0.676613,0.510768,1496
1832,extrae,2048,64,4,1.915778,1.752104,11440
1833,void,2048,256,21,1.240723,1.075084,204
1834,tikki,2048,256,18,1.332987,1.165108,204
1835,tikki,2048,192,11,1.023567,0.856787,385
1836,extrae,2048,64,1,6.799832,6.635627,11440
1837,tikki,2048,64,7,1.312631,1.146096,11440
1838,oot,2048,256,15,1.173260,1.006599,204
1839,scorep,2048,256,7,1.671127,1.504049,204
184,empty,2048,256,1,7.905089,7.738071,204
1840,printf,2048,64,7,1.245018,1.077978,11440
1841,tikki,2048,64,2,3.654045,3.487808,11440
1842,printf,2048,128,23,0.661235,0.494135,1496
1843,extrae,2048,256,24,1.367337,1.194763,204
1844,oot,2048,64,23,0.567848,0.402158,11440
1845,printf,2048,64,9,1.017937,0.851596,11440
1846,scorep,2048,128,5,1.787489,1.618335,1496
1847,scorep,2048,128,15,0.799499,0.634370,1496
1848,empty,2048,64,9,1.002809,0.836477,11440
1849,void,2048,256,15,1.174045,1.007145,204
185,scorep,2048,256,3,2.916830,2.746553,204
1850,tikki,2048,128,7,1.433881,1.267471,1496
1851,empty,2048,128,18,0.787865,0.604648,1496
1852,scorep,2048,256,21,1.246031,1.076392,204
1853,extrae,2048,128,1,7.677541,7.513973,1496
1854,extrae,2048,128,2,3.973219,3.809395,1496
1855,printf,2048,128,3,2.698360,2.531610,1496
1856,extrae,2048,64,20,0.714214,0.546235,11440
1857,void,2048,256,23,1.240062,1.072255,204
1858,void,2048,64,13,0.767950,0.601728,11440
1859,scorep,2048,256,5,2.047355,1.878490,204
186,scorep,2048,192,20,0.814074,0.645099,385
1860,scorep,2048,128,2,3.954326,3.783952,1496
1861,tikki,2048,256,13,1.321226,1.153358,204
1862,extrae,2048,64,22,0.718222,0.545843,11440
1863,extrae,2048,256,7,1.678950,1.515262,204
1864,printf,2048,64,22,0.584698,0.418459,11440
1865,tikki,2048,192,6,1.466931,1.301131,385
1866,void,2048,192,3,2.351058,2.185121,385
1867,oot,2048,64,11,0.877241,0.709468,11440
1868,tikki,2048,128,8,1.283513,1.116031,1496
1869,oot,2048,256,4,2.287038,2.119809,204
187,void,2048,256,19,1.253603,1.086400,204
1870,oot,2048,192,7,1.261519,1.094081,385
1871,scorep,2048,256,18,1.298705,1.128208,204
1872,oot,2048,192,5,1.586021,1.419057,385
1873,scorep,2048,192,9,1.089649,0.925763,385
1874,extrae,2048,192,20,0.878344,0.714481,385
1875,scorep,2048,256,6,1.867307,1.698711,204
1876,void,2048,64,9,1.003191,0.835258,11440
1877,tikki,2048,192,8,1.235626,1.069496,385
1878,empty,2048,128,15,0.800665,0.633092,1496
1879,void,2048,192,23,0.784148,0.617571,385
188,extrae,2048,64,8,1.124428,0.960281,11440
1880,oot,2048,128,15,0.801993,0.634298,1496
1881,empty,2048,256,3,2.943527,2.775063,204
1882,scorep,2048,256,15,1.179752,1.010046,204
1883,oot,2048,64,24,0.554215,0.387012,11440
1884,empty,2048,64,19,0.642647,0.475136,11440
1885,empty,2048,192,23,0.787459,0.621411,385
1886,oot,2048,64,21,0.598084,0.431153,11440
1887,printf,2048,128,17,0.760757,0.593246,1496
1888,printf,2048,256,1,7.899179,7.732392,204
1889,empty,2048,128,1,7.650698,7.483033,1496
189,oot,2048,192,24,0.771533,0.604206,385
1890,oot,2048,64,17,0.662654,0.496346,11440
1891,empty,2048,64,21,0.600731,0.433390,11440
1892,oot,2048,256,17,1.240121,1.073273,204
1893,tikki,2048,256,2,4.214862,4.047515,204
1894,empty,2048,192,16,0.811249,0.643142,385
1895,empty,2048,192,19,0.818731,0.651867,385
1896,tikki,2048,128,1,7.693694,7.525791,1496
1897,scorep,2048,256,2,4.174539,4.004606,204
1898,extrae,2048,128,8,1.239092,1.073900,1496
1899,empty,2048,128,10,1.062695,0.894292,1496
19,tikki,2048,256,10,1.426537,1.260401,204
190,printf,2048,64,13,0.775110,0.607412,11440
1900,oot,2048,64,7,1.238317,1.070901,11440
1901,printf,2048,256,3,2.936492,2.770034,204
1902,empty,2048,64,24,0.551801,0.384116,11440
1903,void,2048,256,14,1.201445,1.034380,204
1904,scorep,2048,128,20,0.728353,0.559757,1496
1905,oot,2048,128,20,0.724132,0.557760,1496
1906,void,2048,64,15,0.698126,0.530078,11440
1907,tikki,2048,256,1,7.985292,7.818070,204
1908,void,2048,64,5,1.608206,1.441699,11440
1909,tikki,2048,64,3,2.513295,2.346039,11440
191,void,2048,192,5,1.618213,1.411831,385
1910,scorep,2048,192,2,3.355153,3.190429,385
1911,void,2048,64,4,1.895308,1.727918,11440
1912,printf,2048,128,20,0.722113,0.554996,1496
1913,empty,2048,64,17,0.661463,0.493851,11440
1914,tikki,2048,256,8,1.603319,1.435783,204
1915,printf,2048,128,2,3.935377,3.769004,1496
1916,void,2048,192,9,1.095600,0.929118,385
1917,oot,2048,128,17,0.768861,0.600035,1496
1918,tikki,2048,128,18,0.816397,0.650058,1496
1919,extrae,2048,256,17,1.281535,1.116834,204
192,void,2048,192,13,0.887856,0.720770,385
1920,void,2048,192,13,0.887096,0.721328,385
1921,void,2048,128,19,0.749066,0.581366,1496
1922,void,2048,128,6,1.541822,1.375765,1496
1923,extrae,2048,128,10,1.085645,0.921793,1496
1924,extrae,2048,64,11,0.908933,0.744366,11440
1925,printf,2048,256,18,1.274262,1.107390,204
1926,tikki,2048,256,14,1.250763,1.083182,204
1927,empty,2048,256,7,1.660248,1.493976,204
1928,tikki,2048,256,17,1.273898,1.106891,204
1929,extrae,2048,128,13,0.916956,0.753391,1496
193,printf,2048,64,9,1.005331,0.837352,11440
1930,scorep,2048,192,11,0.978262,0.807706,385
1931,empty,2048,64,20,0.623142,0.455379,11440
1932,scorep,2048,64,8,1.092983,0.924526,11440
1933,printf,2048,256,2,4.141726,3.974702,204
1934,empty,2048,128,11,0.987748,0.820121,1496
1935,void,2048,64,21,0.600273,0.433452,11440
1936,oot,2048,192,17,0.818449,0.651000,385
1937,tikki,2048,128,19,0.796959,0.630210,1496
1938,empty,2048,128,6,1.561921,1.393888,1496
1939,scorep,2048,64,20,0.626364,0.455930,11440
194,oot,2048,192,7,1.276036,1.109226,385
1940,scorep,2048,256,4,2.351820,2.181781,204
1941,scorep,2048,128,14,0.839694,0.675386,1496
1942,tikki,2048,256,11,1.376168,1.208659,204
1943,extrae,2048,64,5,1.624471,1.460217,11440
1944,empty,2048,192,8,1.181867,1.015470,385
1945,extrae,2048,64,24,0.697736,0.525688,11440
1946,void,2048,256,8,1.553819,1.386952,204
1947,oot,2048,192,16,0.810350,0.643666,385
1948,printf,2048,192,15,0.822157,0.655395,385
1949,scorep,2048,64,15,0.707452,0.537769,11440
195,extrae,2048,192,7,1.281140,1.116229,385
1950,scorep,2048,64,17,0.680296,0.508800,11440
1951,void,2048,192,24,0.770698,0.603501,385
1952,scorep,2048,64,12,0.817193,0.648633,11440
1953,scorep,2048,128,19,0.750651,0.579217,1496
1954,tikki,2048,256,16,1.235212,1.068428,204
1955,void,2048,64,20,0.619022,0.451799,11440
1956,tikki,2048,256,12,1.383630,1.177206,204
1957,void,2048,256,22,1.239963,1.072560,204
1958,empty,2048,128,7,1.379673,1.212467,1496
1959,tikki,2048,128,12,0.994892,0.828076,1496
196,tikki,2048,128,24,0.693194,0.527930,1496
1960,empty,2048,128,16,0.757223,0.590006,1496
1961,tikki,2048,64,6,1.458112,1.290109,11440
1962,tikki,2048,192,14,0.905228,0.737512,385
1963,tikki,2048,192,9,1.154880,0.980666,385
1964,tikki,2048,192,10,1.082624,0.916245,385
1965,void,2048,64,1,6.769200,6.601378,11440
1966,oot,2048,128,24,0.648848,0.481034,1496
1967,empty,2048,64,23,0.565904,0.398107,11440
1968,void,2048,64,14,0.726489,0.560105,11440
1969,tikki,2048,256,4,2.387231,2.219754,204
197,extrae,2048,128,21,0.816320,0.643770,1496
1970,oot,2048,128,5,1.782101,1.614905,1496
1971,extrae,2048,192,19,0.872110,0.708293,385
1972,void,2048,128,21,0.699547,0.532725,1496
1973,scorep,2048,192,17,0.820920,0.657069,385
1974,empty,2048,192,22,0.788248,0.621654,385
1975,void,2048,128,23,0.663206,0.495149,1496
1976,extrae,2048,128,21,0.815500,0.642628,1496
1977,void,2048,64,10,0.942437,0.776529,11440
1978,scorep,2048,192,22,0.798038,0.629929,385
1979,printf,2048,192,9,1.089920,0.923342,385
198,tikki,2048,256,18,1.333320,1.166696,204
1980,void,2048,64,23,0.571434,0.397221,11440
1981,oot,2048,128,14,0.836900,0.669485,1496
1982,tikki,2048,128,13,0.933452,0.767524,1496
1983,tikki,2048,128,4,2.157933,1.990082,1496
1984,void,2048,192,18,0.833139,0.665680,385
1985,oot,2048,128,23,0.671352,0.496072,1496
1986,extrae,2048,192,21,0.916284,0.743347,385
1987,extrae,2048,64,3,2.518197,2.353013,11440
1988,void,2048,128,7,1.374542,1.208744,1496
1989,empty,2048,256,9,1.455118,1.288734,204
199,printf,2048,256,8,1.561483,1.393915,204
1990,tikki,2048,192,1,6.494413,6.328334,385
1991,extrae,2048,64,6,1.424513,1.259660,11440
1992,scorep,2048,256,16,1.163201,0.994525,204
1993,empty,2048,128,5,1.785184,1.617781,1496
1994,printf,2048,128,16,0.765550,0.597957,1496
1995,oot,2048,256,8,1.553885,1.386772,204
1996,tikki,2048,64,11,0.954458,0.769320,11440
1997,printf,2048,192,18,0.834962,0.667675,385
1998,scorep,2048,256,3,2.935287,2.766769,204
1999,scorep,2048,64,4,1.935795,1.765014,11440
2,oot,2048,64,23,0.566676,0.399261,11440
20,void,2048,256,23,1.235170,1.069016,204
200,oot,2048,192,13,0.886070,0.718101,385
2000,extrae,2048,64,17,0.720227,0.556364,11440
2001,extrae,2048,64,21,0.730006,0.557614,11440
2002,oot,2048,256,6,1.870861,1.703637,204
2003,void,2048,128,10,1.056218,0.889288,1496
2004,empty,2048,256,21,1.241252,1.074552,204
2005,tikki,2048,256,9,1.502297,1.334600,204
2006,void,2048,192,19,0.816997,0.649671,385
2007,printf,2048,256,24,1.234467,1.067898,204
2008,extrae,2048,64,13,0.819334,0.655719,11440
2009,scorep,2048,192,21,0.800142,0.635350,385
201,empty,2048,64,21,0.595526,0.428346,11440
2010,void,2048,128,24,0.650456,0.484326,1496
2011,oot,2048,256,23,1.234103,1.067358,204
2012,extrae,2048,128,6,1.569398,1.404613,1496
2013,void,2048,192,2,3.368304,3.201744,385
2014,extrae,2048,64,8,1.125051,0.961254,11440
2015,oot,2048,128,12,0.926612,0.761010,1496
2016,printf,2048,64,16,0.669956,0.503022,11440
2017,scorep,2048,64,24,0.560921,0.390652,11440
2018,extrae,2048,192,17,0.870405,0.706611,385
2019,tikki,2048,128,16,0.808622,0.643001,1496
202,extrae,2048,256,6,1.868153,1.704539,204
2020,tikki,2048,192,3,2.394180,2.225891,385
2021,tikki,2048,128,5,1.855058,1.688475,1496
2022,extrae,2048,64,14,0.777584,0.613591,11440
2023,oot,2048,192,14,0.859937,0.694426,385
2024,void,2048,192,7,1.272834,1.106773,385
2025,tikki,2048,128,1,7.702837,7.535920,1496
2026,extrae,2048,64,10,0.989622,0.825956,11440
2027,printf,2048,128,21,0.700554,0.533645,1496
2028,extrae,2048,64,8,1.123841,0.958897,11440
2029,scorep,2048,256,20,1.247911,1.077681,204
203,extrae,2048,64,17,0.718202,0.554481,11440
2030,empty,2048,128,23,0.661517,0.494710,1496
2031,printf,2048,64,5,1.606365,1.439916,11440
2032,scorep,2048,64,9,1.019423,0.849234,11440
2033,extrae,2048,128,13,0.916130,0.752664,1496
2034,tikki,2048,64,10,0.990792,0.825604,11440
2035,tikki,2048,256,3,3.006518,2.840108,204
2036,tikki,2048,256,21,1.290799,1.124672,204
2037,tikki,2048,256,2,4.216941,4.049962,204
2038,extrae,2048,64,18,0.727281,0.562909,11440
2039,extrae,2048,256,4,2.324787,2.161249,204
204,extrae,2048,256,18,1.312368,1.147885,204
2040,empty,2048,256,9,1.458012,1.289943,204
2041,oot,2048,128,16,0.769138,0.602609,1496
2042,tikki,2048,256,24,1.283469,1.116388,204
2043,void,2048,128,15,0.798142,0.632261,1496
2044,tikki,2048,128,13,0.942824,0.775665,1496
2045,extrae,2048,192,4,1.830910,1.666606,385
2046,extrae,2048,192,2,3.368635,3.204497,385
2047,void,2048,128,17,0.761482,0.596608,1496
2048,scorep,2048,256,2,4.170440,4.001466,204
2049,printf,2048,128,17,0.766129,0.599652,1496
205,scorep,2048,128,11,0.995211,0.825985,1496
2050,tikki,2048,128,11,1.052226,0.886466,1496
2051,void,2048,256,14,1.200049,1.035677,204
2052,extrae,2048,192,3,2.380047,2.215179,385
2053,extrae,2048,256,6,1.880686,1.715137,204
2054,extrae,2048,256,16,1.204544,1.040806,204
2055,void,2048,128,6,1.560020,1.393873,1496
2056,extrae,2048,192,18,0.878032,0.714178,385
2057,oot,2048,128,5,1.779828,1.613365,1496
2058,scorep,2048,192,11,0.974950,0.809951,385
2059,void,2048,256,8,1.553814,1.387381,204
206,void,2048,192,14,0.846077,0.678459,385
2060,scorep,2048,128,11,0.996404,0.826955,1496
2061,printf,2048,256,24,1.235288,1.069101,204
2062,void,2048,128,23,0.668376,0.492798,1496
2063,scorep,2048,64,1,6.767137,6.595789,11440
2064,scorep,2048,192,8,1.196793,1.030484,385
2065,scorep,2048,128,6,1.557624,1.386570,1496
2066,printf,2048,128,3,2.748909,2.581999,1496
2067,extrae,2048,192,13,0.917794,0.753995,385
2068,printf,2048,64,3,2.509638,2.334391,11440
2069,scorep,2048,192,14,0.848369,0.684033,385
207,void,2048,256,17,1.224920,1.056537,204
2070,empty,2048,256,1,7.924027,7.756929,204
2071,printf,2048,128,1,7.651329,7.484928,1496
2072,scorep,2048,64,15,0.706447,0.535809,11440
2073,extrae,2048,64,16,0.729175,0.565304,11440
2074,printf,2048,64,1,6.786039,6.619363,11440
2075,oot,2048,256,20,1.238850,1.072446,204
2076,void,2048,192,24,0.791696,0.617025,385
2077,void,2048,192,5,1.584432,1.416997,385
2078,void,2048,128,4,2.128875,1.953781,1496
2079,tikki,2048,64,12,0.874319,0.706073,11440
208,void,2048,192,18,0.836683,0.670888,385
2080,extrae,2048,256,2,4.148172,3.983420,204
2081,printf,2048,256,1,7.914682,7.747308,204
2082,printf,2048,192,20,0.812885,0.646949,385
2083,extrae,2048,128,16,0.806548,0.642425,1496
2084,printf,2048,64,8,1.093883,0.926843,11440
2085,oot,2048,192,21,0.802962,0.636829,385
2086,scorep,2048,192,18,0.837442,0.666749,385
2087,printf,2048,128,4,2.087876,1.922029,1496
2088,printf,2048,192,15,0.827691,0.660486,385
2089,printf,2048,128,12,0.937056,0.760988,1496
209,tikki,2048,192,19,0.860687,0.693767,385
2090,printf,2048,128,22,0.682890,0.515717,1496
2091,empty,2048,64,12,0.821724,0.654392,11440
2092,empty,2048,64,18,0.669227,0.501259,11440
2093,scorep,2048,128,15,0.806020,0.635489,1496
2094,oot,2048,192,3,2.352371,2.185767,385
2095,oot,2048,128,6,1.548138,1.380906,1496
2096,scorep,2048,64,2,3.601647,3.434080,11440
2097,printf,2048,192,21,0.798635,0.632429,385
2098,scorep,2048,64,5,1.624192,1.459901,11440
2099,tikki,2048,256,23,1.281045,1.114378,204
21,empty,2048,192,5,1.583613,1.416332,385
210,oot,2048,64,17,0.662772,0.496414,11440
2100,void,2048,128,13,0.879863,0.711869,1496
2101,oot,2048,64,6,1.433040,1.264733,11440
2102,empty,2048,128,14,0.836113,0.669752,1496
2103,void,2048,256,18,1.259547,1.092625,204
2104,scorep,2048,192,6,1.413631,1.241862,385
2105,printf,2048,128,7,1.384214,1.217211,1496
2106,void,2048,256,1,7.922728,7.755933,204
2107,tikki,2048,256,14,1.246952,1.081096,204
2108,void,2048,256,3,2.946859,2.779598,204
2109,printf,2048,256,3,2.946994,2.780965,204
211,scorep,2048,256,20,1.243055,1.074213,204
2110,tikki,2048,192,14,0.906486,0.740325,385
2111,extrae,2048,64,4,1.909410,1.745179,11440
2112,void,2048,64,12,0.815471,0.648187,11440
2113,void,2048,192,8,1.179601,1.012910,385
2114,tikki,2048,128,9,1.181699,1.014992,1496
2115,tikki,2048,192,15,0.875304,0.710168,385
2116,empty,2048,128,15,0.808596,0.641522,1496
2117,void,2048,64,14,0.730415,0.563220,11440
2118,void,2048,192,9,1.091220,0.924627,385
2119,oot,2048,256,21,1.241209,1.073456,204
212,void,2048,256,21,1.243627,1.076823,204
2120,printf,2048,128,5,1.785951,1.618747,1496
2121,extrae,2048,64,5,1.621363,1.457042,11440
2122,printf,2048,192,1,6.422306,6.255897,385
2123,printf,2048,64,19,0.642924,0.475985,11440
2124,oot,2048,192,19,0.819910,0.652818,385
2125,tikki,2048,256,8,1.630279,1.463015,204
2126,void,2048,64,16,0.666234,0.499052,11440
2127,oot,2048,128,12,0.926290,0.760760,1496
2128,extrae,2048,128,7,1.391528,1.226702,1496
2129,empty,2048,128,16,0.760896,0.593263,1496
213,printf,2048,128,6,1.556679,1.388866,1496
2130,empty,2048,64,4,1.913459,1.744882,11440
2131,printf,2048,256,4,2.298469,2.132371,204
2132,void,2048,128,3,2.733075,2.565693,1496
2133,void,2048,192,13,0.898084,0.731463,385
2134,tikki,2048,128,17,0.814228,0.647414,1496
2135,tikki,2048,128,7,1.434971,1.268466,1496
2136,empty,2048,192,16,0.795202,0.628695,385
2137,void,2048,128,20,0.718789,0.551924,1496
2138,printf,2048,192,19,0.813332,0.646010,385
2139,printf,2048,192,7,1.274230,1.107563,385
214,oot,2048,192,4,1.851124,1.683756,385
2140,empty,2048,192,20,0.814595,0.647453,385
2141,empty,2048,256,19,1.270793,1.103589,204
2142,tikki,2048,64,11,0.923640,0.757635,11440
2143,scorep,2048,192,15,0.835972,0.666901,385
2144,printf,2048,256,12,1.276684,1.109568,204
2145,void,2048,64,23,0.564327,0.397237,11440
2146,extrae,2048,192,11,1.006598,0.841820,385
2147,printf,2048,256,14,1.192751,1.027187,204
2148,empty,2048,128,21,0.699911,0.532642,1496
2149,printf,2048,192,9,1.097648,0.930953,385
215,extrae,2048,64,10,0.981684,0.818267,11440
2150,oot,2048,192,22,0.808826,0.634731,385
2151,void,2048,192,21,0.795663,0.629257,385
2152,empty,2048,192,3,2.371678,2.204614,385
2153,oot,2048,128,11,0.989649,0.822246,1496
2154,tikki,2048,192,5,1.636173,1.469366,385
2155,extrae,2048,192,6,1.434035,1.249783,385
2156,empty,2048,192,23,0.776756,0.610749,385
2157,tikki,2048,64,2,3.648852,3.482636,11440
2158,empty,2048,192,21,0.795451,0.628348,385
2159,void,2048,192,2,3.361901,3.194084,385
216,scorep,2048,128,5,1.784624,1.620077,1496
2160,scorep,2048,256,12,1.304226,1.133825,204
2161,oot,2048,128,22,0.682266,0.515954,1496
2162,printf,2048,64,22,0.583009,0.415713,11440
2163,oot,2048,128,13,0.881988,0.715297,1496
2164,empty,2048,256,23,1.239487,1.071679,204
2165,oot,2048,256,16,1.163869,0.997276,204
2166,empty,2048,256,17,1.246040,1.079446,204
2167,tikki,2048,128,24,0.697467,0.530826,1496
2168,scorep,2048,192,23,0.791128,0.622519,385
2169,scorep,2048,192,20,0.812374,0.648229,385
217,printf,2048,256,19,1.252516,1.084911,204
2170,void,2048,64,5,1.621529,1.453891,11440
2171,void,2048,192,4,1.860138,1.694825,385
2172,scorep,2048,256,17,1.238390,1.068103,204
2173,oot,2048,192,10,1.034281,0.867471,385
2174,oot,2048,128,7,1.377933,1.211057,1496
2175,oot,2048,128,20,0.721968,0.556564,1496
2176,extrae,2048,128,3,2.768527,2.604181,1496
2177,extrae,2048,128,17,0.811739,0.647683,1496
2178,void,2048,192,15,0.835280,0.668775,385
2179,extrae,2048,192,10,1.059031,0.895320,385
218,oot,2048,128,12,0.931377,0.764218,1496
2180,void,2048,64,21,0.599734,0.432807,11440
2181,void,2048,256,6,1.866497,1.698283,204
2182,scorep,2048,128,7,1.377342,1.208528,1496
2183,oot,2048,192,6,1.416950,1.250588,385
2184,printf,2048,64,14,0.736888,0.570821,11440
2185,extrae,2048,128,18,0.822640,0.658744,1496
2186,empty,2048,64,2,3.575797,3.409596,11440
2187,empty,2048,128,10,1.059847,0.894432,1496
2188,empty,2048,192,5,1.583298,1.416885,385
2189,tikki,2048,64,18,0.714883,0.548279,11440
219,tikki,2048,192,22,0.829204,0.662226,385
2190,scorep,2048,256,13,1.273565,1.105416,204
2191,oot,2048,192,23,0.793840,0.624956,385
2192,scorep,2048,64,13,0.780079,0.611273,11440
2193,printf,2048,192,13,0.898216,0.731029,385
2194,void,2048,64,7,1.279999,1.099556,11440
2195,empty,2048,192,11,0.970424,0.804254,385
2196,empty,2048,64,23,0.565147,0.398781,11440
2197,printf,2048,128,19,0.746067,0.578366,1496
2198,printf,2048,64,6,1.410120,1.242812,11440
2199,scorep,2048,64,19,0.643774,0.479347,11440
22,scorep,2048,64,23,0.573646,0.406517,11440
220,tikki,2048,192,12,0.983513,0.816468,385
2200,extrae,2048,128,5,1.787027,1.622066,1496
2201,empty,2048,64,14,0.732125,0.564360,11440
2202,printf,2048,128,23,0.660085,0.492630,1496
2203,empty,2048,192,15,0.837499,0.670321,385
2204,oot,2048,128,4,2.111385,1.944343,1496
2205,empty,2048,256,4,2.300890,2.135103,204
2206,empty,2048,256,16,1.163682,0.996739,204
2207,void,2048,128,1,7.644549,7.477135,1496
2208,tikki,2048,64,5,1.662894,1.495933,11440
2209,printf,2048,192,22,0.774462,0.606411,385
221,printf,2048,256,22,1.249154,1.076241,204
2210,extrae,2048,192,21,0.915227,0.742989,385
2211,tikki,2048,64,13,0.823642,0.657101,11440
2212,tikki,2048,256,5,2.079119,1.911712,204
2213,scorep,2048,128,23,0.668511,0.497410,1496
2214,printf,2048,192,10,1.033540,0.867123,385
2215,scorep,2048,256,18,1.284638,1.115546,204
2216,extrae,2048,64,9,1.047577,0.882361,11440
2217,extrae,2048,128,22,0.795239,0.622020,1496
2218,printf,2048,128,13,0.878221,0.711171,1496
2219,tikki,2048,192,4,1.896155,1.729483,385
222,void,2048,64,7,1.271039,1.095334,11440
2220,printf,2048,64,10,0.934608,0.768527,11440
2221,oot,2048,256,1,7.927816,7.753047,204
2222,printf,2048,128,16,0.764978,0.599445,1496
2223,scorep,2048,256,14,1.202186,1.031149,204
2224,tikki,2048,64,9,1.058794,0.891925,11440
2225,void,2048,256,2,4.159952,3.994015,204
2226,empty,2048,256,15,1.171065,1.003891,204
2227,void,2048,256,9,1.446660,1.281119,204
2228,scorep,2048,64,3,2.486571,2.322294,11440
2229,extrae,2048,256,21,1.355027,1.182647,204
223,printf,2048,128,19,0.741299,0.574411,1496
2230,scorep,2048,64,16,0.674489,0.505410,11440
2231,oot,2048,192,16,0.810746,0.643664,385
2232,void,2048,192,17,0.817485,0.649541,385
2233,empty,2048,192,12,0.931043,0.764932,385
2234,extrae,2048,64,22,0.719194,0.547034,11440
2235,oot,2048,256,5,1.998818,1.831980,204
2236,printf,2048,128,24,0.642322,0.474938,1496
2237,printf,2048,64,18,0.670056,0.503057,11440
2238,void,2048,128,18,0.766138,0.599307,1496
2239,oot,2048,256,18,1.277863,1.110808,204
224,scorep,2048,64,19,0.645773,0.481244,11440
2240,void,2048,192,6,1.419984,1.245551,385
2241,tikki,2048,256,10,1.422870,1.255479,204
2242,scorep,2048,256,10,1.386263,1.215574,204
2243,empty,2048,128,17,0.758027,0.591865,1496
2244,extrae,2048,256,24,1.380299,1.207769,204
2245,empty,2048,64,8,1.090665,0.924541,11440
2246,extrae,2048,64,1,6.793647,6.629420,11440
2247,extrae,2048,192,22,0.916223,0.743992,385
2248,tikki,2048,64,24,0.631725,0.465119,11440
2249,empty,2048,128,4,2.107804,1.940788,1496
225,printf,2048,256,2,4.153069,3.986971,204
2250,oot,2048,128,9,1.127881,0.960617,1496
2251,printf,2048,256,15,1.183985,1.016812,204
2252,tikki,2048,192,10,1.082238,0.914719,385
2253,scorep,2048,192,7,1.271157,1.101845,385
2254,scorep,2048,64,12,0.818149,0.649091,11440
2255,printf,2048,128,9,1.128330,0.960452,1496
2256,extrae,2048,256,14,1.230263,1.065571,204
2257,void,2048,256,19,1.275861,1.109220,204
2258,tikki,2048,256,17,1.283003,1.117595,204
2259,scorep,2048,192,17,0.811047,0.647492,385
226,extrae,2048,192,3,2.355641,2.191447,385
2260,empty,2048,128,2,3.941592,3.774364,1496
2261,printf,2048,256,17,1.213784,1.046174,204
2262,empty,2048,192,10,1.034240,0.868416,385
2263,void,2048,64,15,0.698046,0.531572,11440
2264,tikki,2048,64,23,0.606630,0.440634,11440
2265,scorep,2048,192,5,1.564764,1.396297,385
2266,empty,2048,256,14,1.195505,1.028564,204
2267,oot,2048,256,19,1.253215,1.085911,204
2268,tikki,2048,128,2,4.008024,3.841928,1496
2269,void,2048,256,16,1.165987,0.999167,204
227,oot,2048,64,15,0.700169,0.534047,11440
2270,scorep,2048,256,22,1.247424,1.077914,204
2271,tikki,2048,256,1,7.967226,7.800171,204
2272,oot,2048,128,17,0.761484,0.593787,1496
2273,tikki,2048,64,3,2.507319,2.339520,11440
2274,extrae,2048,256,18,1.336251,1.171837,204
2275,void,2048,128,16,0.763469,0.596750,1496
2276,extrae,2048,128,14,0.877088,0.712515,1496
2277,oot,2048,192,5,1.564839,1.399421,385
2278,oot,2048,192,12,0.940685,0.774800,385
2279,printf,2048,128,20,0.727120,0.559897,1496
228,scorep,2048,192,8,1.185943,1.015161,385
2280,printf,2048,256,22,1.243907,1.076968,204
2281,empty,2048,256,22,1.240511,1.072700,204
2282,void,2048,192,14,0.863450,0.696955,385
2283,tikki,2048,192,24,0.814778,0.648214,385
2284,empty,2048,256,8,1.554837,1.388204,204
2285,oot,2048,64,19,0.642083,0.474626,11440
2286,void,2048,128,24,0.651610,0.484399,1496
2287,void,2048,64,20,0.617458,0.451705,11440
2288,void,2048,192,1,6.439353,6.271901,385
2289,empty,2048,128,22,0.672617,0.506581,1496
229,void,2048,192,17,0.806865,0.639978,385
2290,empty,2048,64,7,1.241033,1.073927,11440
2291,empty,2048,128,13,0.877254,0.711234,1496
2292,void,2048,64,8,1.105483,0.939602,11440
2293,tikki,2048,64,20,0.685852,0.519000,11440
2294,empty,2048,64,20,0.620966,0.454662,11440
2295,oot,2048,256,11,1.332992,1.163604,204
2296,void,2048,128,10,1.061845,0.895254,1496
2297,extrae,2048,128,20,0.785421,0.621250,1496
2298,oot,2048,192,15,0.828363,0.661589,385
2299,extrae,2048,192,16,0.856362,0.691620,385
23,empty,2048,192,12,0.939198,0.771422,385
230,void,2048,128,17,0.754408,0.587654,1496
2300,scorep,2048,128,22,0.688528,0.518238,1496
2301,extrae,2048,128,6,1.570743,1.406822,1496
2302,empty,2048,128,12,0.926011,0.759437,1496
2303,extrae,2048,64,11,0.908060,0.743859,11440
2304,oot,2048,192,13,0.890792,0.723996,385
2305,tikki,2048,192,13,0.939218,0.772105,385
2306,empty,2048,128,9,1.135169,0.967655,1496
2307,tikki,2048,128,12,0.972601,0.805847,1496
2308,scorep,2048,64,22,0.593598,0.423608,11440
2309,printf,2048,128,6,1.558576,1.391819,1496
231,scorep,2048,128,6,1.562269,1.394888,1496
2310,extrae,2048,64,12,0.862242,0.697491,11440
2311,printf,2048,64,11,0.870843,0.704640,11440
2312,extrae,2048,192,20,0.870072,0.705256,385
2313,empty,2048,64,16,0.668977,0.502527,11440
2314,extrae,2048,256,15,1.214761,1.050854,204
2315,empty,2048,128,19,0.733475,0.566701,1496
2316,oot,2048,128,8,1.232543,1.064491,1496
2317,empty,2048,64,15,0.698014,0.532071,11440
2318,printf,2048,256,10,1.374420,1.207322,204
2319,tikki,2048,192,1,6.491287,6.324293,385
232,empty,2048,128,20,0.725530,0.557757,1496
2320,void,2048,64,4,1.898452,1.732650,11440
2321,tikki,2048,128,15,0.848695,0.681251,1496
2322,tikki,2048,128,20,0.787107,0.619645,1496
2323,oot,2048,64,20,0.634906,0.452727,11440
2324,void,2048,128,14,0.836877,0.669768,1496
2325,void,2048,64,10,0.937513,0.769515,11440
2326,void,2048,128,22,0.683162,0.515909,1496
2327,empty,2048,64,19,0.636663,0.469827,11440
2328,oot,2048,256,17,1.234656,1.067956,204
2329,oot,2048,64,14,0.730444,0.562441,11440
233,tikki,2048,64,17,0.704964,0.538675,11440
2330,empty,2048,192,14,0.866123,0.698690,385
2331,tikki,2048,256,18,1.342656,1.174920,204
2332,scorep,2048,64,18,0.674327,0.506020,11440
2333,oot,2048,256,3,2.984154,2.818080,204
2334,empty,2048,192,22,0.789304,0.622533,385
2335,scorep,2048,64,20,0.625376,0.454340,11440
2336,tikki,2048,256,13,1.315437,1.148812,204
2337,extrae,2048,256,13,1.302695,1.138867,204
2338,void,2048,64,18,0.674854,0.500139,11440
2339,printf,2048,64,21,0.606748,0.438994,11440
234,tikki,2048,128,4,2.153003,1.985672,1496
2340,scorep,2048,64,7,1.272896,1.103421,11440
2341,void,2048,64,22,0.578849,0.412215,11440
2342,scorep,2048,192,19,0.821779,0.657560,385
2343,empty,2048,128,1,7.654679,7.486192,1496
2344,extrae,2048,64,6,1.424862,1.260405,11440
2345,void,2048,192,16,0.805706,0.639097,385
2346,tikki,2048,192,9,1.148196,0.981137,385
2347,oot,2048,256,24,1.237956,1.070183,204
2348,scorep,2048,128,4,2.119025,1.951220,1496
2349,void,2048,64,13,0.772913,0.607298,11440
235,extrae,2048,192,17,0.871447,0.706624,385
2350,scorep,2048,128,24,0.654346,0.483094,1496
2351,extrae,2048,192,1,6.451586,6.287359,385
2352,empty,2048,192,19,0.813873,0.647162,385
2353,scorep,2048,128,16,0.774056,0.606816,1496
2354,extrae,2048,256,23,1.357893,1.185276,204
2355,tikki,2048,64,6,1.492138,1.324644,11440
2356,scorep,2048,256,21,1.251074,1.079810,204
2357,printf,2048,64,16,0.676081,0.509586,11440
2358,extrae,2048,192,14,0.895614,0.730918,385
2359,scorep,2048,64,4,1.910486,1.746364,11440
236,void,2048,128,7,1.379170,1.211991,1496
2360,extrae,2048,256,7,1.691917,1.527966,204
2361,scorep,2048,192,12,0.938049,0.767663,385
2362,empty,2048,256,2,4.170794,4.003476,204
2363,tikki,2048,64,16,0.730004,0.562948,11440
2364,oot,2048,64,23,0.568733,0.401763,11440
2365,scorep,2048,64,17,0.673140,0.501067,11440
2366,oot,2048,192,1,6.437542,6.270818,385
2367,oot,2048,64,4,1.887659,1.720216,11440
2368,extrae,2048,128,10,1.073911,0.909776,1496
2369,extrae,2048,64,23,0.704292,0.531367,11440
237,empty,2048,192,2,3.357412,3.190722,385
2370,empty,2048,256,21,1.242391,1.076486,204
2371,tikki,2048,64,7,1.288288,1.121803,11440
2372,scorep,2048,128,19,0.744535,0.575349,1496
2373,oot,2048,192,11,0.971601,0.804172,385
2374,printf,2048,256,11,1.340121,1.173384,204
2375,scorep,2048,64,10,0.948032,0.777550,11440
2376,scorep,2048,192,10,1.029862,0.866134,385
2377,scorep,2048,256,3,2.943419,2.773491,204
2378,void,2048,192,10,1.030537,0.865178,385
2379,printf,2048,192,8,1.185743,1.019207,385
238,scorep,2048,192,5,1.571996,1.402024,385
2380,scorep,2048,64,21,0.613226,0.441690,11440
2381,extrae,2048,192,8,1.196770,1.032980,385
2382,extrae,2048,256,5,2.044391,1.880152,204
2383,void,2048,192,11,0.975829,0.809710,385
2384,scorep,2048,192,9,1.092853,0.923372,385
2385,tikki,2048,64,8,1.145989,0.979436,11440
2386,tikki,2048,64,1,6.860647,6.693106,11440
2387,printf,2048,128,8,1.220124,1.055345,1496
2388,printf,2048,128,14,0.847031,0.679968,1496
2389,oot,2048,192,20,0.812534,0.646144,385
239,tikki,2048,192,18,0.875379,0.710040,385
2390,scorep,2048,256,4,2.323957,2.153266,204
2391,extrae,2048,256,9,1.477379,1.312881,204
2392,printf,2048,256,23,1.234027,1.066854,204
2393,void,2048,64,2,3.581031,3.413367,11440
2394,scorep,2048,192,24,0.773742,0.609497,385
2395,scorep,2048,128,21,0.701987,0.532387,1496
2396,void,2048,64,6,1.396321,1.229732,11440
2397,printf,2048,128,10,1.061944,0.894730,1496
2398,printf,2048,128,18,0.764485,0.597000,1496
2399,empty,2048,128,3,2.743328,2.576403,1496
24,oot,2048,256,8,1.551841,1.383503,204
240,oot,2048,256,16,1.172886,1.006801,204
2400,scorep,2048,256,1,7.924142,7.753638,204
2401,empty,2048,192,1,6.436108,6.271025,385
2402,printf,2048,256,20,1.240412,1.074457,204
2403,void,2048,64,3,2.449862,2.283302,11440
2404,empty,2048,64,13,0.769612,0.603419,11440
2405,extrae,2048,256,1,7.941784,7.762336,204
2406,printf,2048,192,5,1.566520,1.400013,385
2407,oot,2048,256,12,1.279835,1.112891,204
2408,extrae,2048,256,17,1.279780,1.115964,204
2409,printf,2048,64,24,0.551067,0.384825,11440
241,empty,2048,64,17,0.664347,0.497060,11440
2410,oot,2048,128,3,2.767583,2.585809,1496
2411,empty,2048,256,18,1.269357,1.102814,204
2412,void,2048,128,19,0.738774,0.572466,1496
2413,oot,2048,192,17,0.819437,0.652862,385
2414,tikki,2048,256,6,1.905714,1.739286,204
2415,empty,2048,64,10,0.937726,0.772045,11440
2416,tikki,2048,256,11,1.359734,1.193166,204
2417,empty,2048,128,18,0.762026,0.595271,1496
2418,void,2048,64,17,0.664671,0.498529,11440
2419,oot,2048,64,13,0.766982,0.600580,11440
242,oot,2048,64,5,1.628668,1.462485,11440
2420,extrae,2048,128,1,7.662660,7.499841,1496
2421,printf,2048,192,3,2.375035,2.210002,385
2422,void,2048,256,12,1.296168,1.128926,204
2423,oot,2048,64,16,0.668947,0.502617,11440
2424,tikki,2048,256,20,1.289708,1.122270,204
2425,oot,2048,256,13,1.272192,1.103968,204
2426,printf,2048,256,6,1.905458,1.698836,204
2427,scorep,2048,256,16,1.161090,0.991334,204
2428,void,2048,256,7,1.658755,1.491480,204
2429,tikki,2048,128,3,2.790356,2.623685,1496
243,empty,2048,128,21,0.696531,0.530240,1496
2430,tikki,2048,192,11,1.018099,0.851803,385
2431,extrae,2048,128,19,0.797453,0.633958,1496
2432,extrae,2048,256,11,1.375870,1.212297,204
2433,printf,2048,192,6,1.405584,1.237286,385
2434,oot,2048,256,9,1.449294,1.282541,204
2435,empty,2048,256,13,1.270972,1.103469,204
2436,oot,2048,256,7,1.674143,1.506243,204
2437,extrae,2048,192,7,1.275513,1.110733,385
2438,scorep,2048,256,9,1.452318,1.283428,204
2439,extrae,2048,192,9,1.112077,0.947263,385
244,void,2048,256,13,1.266270,1.100027,204
2440,extrae,2048,128,9,1.159649,0.995089,1496
2441,empty,2048,256,3,2.968914,2.801885,204
2442,scorep,2048,192,16,0.793666,0.630110,385
2443,oot,2048,64,11,0.870607,0.703498,11440
2444,oot,2048,128,19,0.745264,0.578901,1496
2445,printf,2048,192,11,0.971224,0.803717,385
2446,void,2048,128,9,1.130891,0.963430,1496
2447,void,2048,128,8,1.240111,1.073347,1496
2448,oot,2048,64,15,0.697844,0.531254,11440
2449,empty,2048,64,1,6.759842,6.593073,11440
245,empty,2048,192,22,0.790300,0.624715,385
2450,printf,2048,256,2,4.149836,3.975040,204
2451,extrae,2048,128,4,2.109654,1.945027,1496
2452,printf,2048,192,14,0.852271,0.684966,385
2453,printf,2048,256,9,1.451146,1.284752,204
2454,oot,2048,64,1,6.768993,6.602093,11440
2455,scorep,2048,64,23,0.643344,0.474322,11440
2456,extrae,2048,192,24,0.905444,0.733339,385
2457,tikki,2048,64,22,0.647557,0.480837,11440
2458,void,2048,64,11,0.872644,0.705188,11440
2459,extrae,2048,64,21,0.732401,0.560229,11440
246,empty,2048,64,5,1.605482,1.439073,11440
2460,extrae,2048,64,15,0.760457,0.596164,11440
2461,scorep,2048,128,20,0.726346,0.555778,1496
2462,scorep,2048,128,5,1.778373,1.609834,1496
2463,oot,2048,192,7,1.267085,1.092647,385
2464,extrae,2048,256,19,1.295143,1.131079,204
2465,tikki,2048,192,20,0.861344,0.694679,385
2466,oot,2048,128,21,0.696736,0.530386,1496
2467,oot,2048,64,18,0.666500,0.498906,11440
2468,oot,2048,64,3,2.498061,2.330450,11440
2469,tikki,2048,64,19,0.699352,0.532319,11440
247,void,2048,64,19,0.638750,0.472666,11440
2470,scorep,2048,256,19,1.253784,1.083628,204
2471,scorep,2048,64,11,0.875420,0.710976,11440
2472,oot,2048,64,5,1.612360,1.443102,11440
2473,oot,2048,128,1,7.648858,7.482464,1496
2474,oot,2048,256,10,1.376983,1.209772,204
2475,extrae,2048,256,12,1.316232,1.151138,204
2476,scorep,2048,64,8,1.106083,0.936900,11440
2477,tikki,2048,256,12,1.333776,1.166553,204
2478,printf,2048,64,12,0.815412,0.648569,11440
2479,scorep,2048,128,8,1.243133,1.071527,1496
248,void,2048,256,14,1.199689,1.033954,204
2480,extrae,2048,64,13,0.811258,0.646300,11440
2481,printf,2048,128,15,0.798874,0.632232,1496
2482,printf,2048,256,13,1.224192,1.056701,204
2483,empty,2048,192,6,1.405108,1.237781,385
2484,oot,2048,64,12,0.817842,0.650627,11440
2485,oot,2048,64,24,0.552622,0.386885,11440
2486,printf,2048,192,17,0.828209,0.660030,385
2487,scorep,2048,192,1,6.440686,6.268722,385
2488,oot,2048,128,18,0.764635,0.598513,1496
2489,extrae,2048,256,8,1.574909,1.410596,204
249,printf,2048,192,7,1.266166,1.099523,385
2490,printf,2048,192,18,0.830628,0.663133,385
2491,scorep,2048,128,3,2.750745,2.581516,1496
2492,printf,2048,128,11,0.991419,0.823656,1496
2493,scorep,2048,192,22,0.799353,0.634590,385
2494,tikki,2048,128,23,0.712049,0.536031,1496
2495,void,2048,128,12,0.930376,0.762837,1496
2496,empty,2048,256,5,2.052295,1.884094,204
2497,empty,2048,256,10,1.377564,1.210528,204
2498,void,2048,192,3,2.343135,2.175828,385
2499,void,2048,192,20,0.814175,0.647170,385
25,oot,2048,64,2,3.571433,3.404858,11440
250,printf,2048,64,18,0.665874,0.499664,11440
2500,printf,2048,256,21,1.241966,1.076712,204
2501,empty,2048,256,6,1.872316,1.705484,204
2502,scorep,2048,192,4,1.870772,1.701746,385
2503,empty,2048,128,7,1.372133,1.205175,1496
2504,oot,2048,128,14,0.845240,0.678857,1496
2505,scorep,2048,256,7,1.667447,1.495647,204
2506,void,2048,64,9,1.007011,0.840256,11440
2507,tikki,2048,128,22,0.728592,0.561245,1496
2508,void,2048,256,13,1.286833,1.111197,204
2509,printf,2048,192,12,0.936922,0.769826,385
251,empty,2048,64,18,0.662127,0.495540,11440
2510,empty,2048,256,24,1.239111,1.071949,204
2511,oot,2048,64,9,1.006114,0.839140,11440
2512,empty,2048,256,7,1.686459,1.519360,204
2513,extrae,2048,64,7,1.253781,1.089106,11440
2514,oot,2048,64,2,3.570221,3.403845,11440
2515,printf,2048,192,2,3.365726,3.199072,385
2516,printf,2048,256,18,1.272611,1.104597,204
2517,printf,2048,192,24,0.771581,0.605181,385
2518,extrae,2048,256,20,1.304765,1.136827,204
2519,printf,2048,64,4,1.917585,1.751234,11440
252,extrae,2048,128,15,0.840167,0.676012,1496
2520,void,2048,256,23,1.237721,1.071536,204
2521,extrae,2048,192,19,0.868900,0.704941,385
2522,oot,2048,128,2,3.949851,3.783587,1496
2523,oot,2048,192,24,0.773375,0.606433,385
2524,tikki,2048,192,21,0.853895,0.687201,385
2525,tikki,2048,192,16,0.853112,0.686855,385
2526,extrae,2048,192,12,0.963974,0.798868,385
2527,oot,2048,64,10,0.939261,0.772469,11440
2528,printf,2048,64,7,1.265947,1.099310,11440
2529,printf,2048,256,8,1.556619,1.388354,204
253,oot,2048,192,8,1.180993,1.014875,385
2530,tikki,2048,128,4,2.140918,1.973611,1496
2531,void,2048,256,10,1.379389,1.212373,204
2532,tikki,2048,192,2,3.418873,3.252719,385
2533,void,2048,256,5,2.036938,1.870078,204
2534,tikki,2048,256,15,1.229193,1.062640,204
2535,extrae,2048,256,22,1.358778,1.186960,204
2536,empty,2048,64,17,0.665670,0.499430,11440
2537,empty,2048,64,3,2.481225,2.314044,11440
2538,tikki,2048,128,14,0.898298,0.731882,1496
2539,extrae,2048,64,24,0.697482,0.525586,11440
254,tikki,2048,192,10,1.098546,0.931787,385
2540,printf,2048,192,16,0.808682,0.641166,385
2541,scorep,2048,128,12,0.984523,0.763532,1496
2542,tikki,2048,192,18,0.902918,0.734794,385
2543,empty,2048,192,2,3.365349,3.198485,385
2544,tikki,2048,192,6,1.463516,1.296102,385
2545,void,2048,192,23,0.782301,0.615909,385
2546,extrae,2048,192,15,0.865540,0.701639,385
2547,empty,2048,256,11,1.330545,1.163886,204
2548,tikki,2048,64,15,0.742824,0.576365,11440
2549,scorep,2048,256,5,2.024661,1.856650,204
255,empty,2048,64,2,3.579270,3.412406,11440
2550,tikki,2048,256,16,1.204260,1.037335,204
2551,void,2048,256,21,1.250687,1.075961,204
2552,tikki,2048,192,8,1.235758,1.069112,385
2553,empty,2048,64,11,0.867551,0.701010,11440
2554,void,2048,192,18,0.828013,0.660288,385
2555,oot,2048,256,8,1.555237,1.387795,204
2556,extrae,2048,128,8,1.251104,1.087090,1496
2557,oot,2048,192,8,1.174206,1.008250,385
2558,empty,2048,192,4,1.825631,1.659133,385
2559,void,2048,256,11,1.348239,1.181576,204
256,scorep,2048,256,23,1.239635,1.070299,204
2560,extrae,2048,64,19,0.699086,0.535263,11440
2561,void,2048,64,19,0.649089,0.475021,11440
2562,tikki,2048,128,8,1.284251,1.116530,1496
2563,tikki,2048,128,10,1.117556,0.950317,1496
2564,scorep,2048,128,13,0.879815,0.715152,1496
2565,empty,2048,256,12,1.278507,1.112144,204
2566,printf,2048,256,19,1.254450,1.087527,204
2567,extrae,2048,64,17,0.719213,0.554726,11440
2568,printf,2048,64,15,0.707471,0.541142,11440
2569,tikki,2048,192,22,0.837546,0.671133,385
257,empty,2048,128,11,0.987118,0.821197,1496
2570,void,2048,128,11,0.988062,0.820766,1496
2571,oot,2048,192,9,1.094324,0.927549,385
2572,extrae,2048,128,21,0.814093,0.641933,1496
2573,void,2048,256,17,1.257313,1.090468,204
2574,tikki,2048,192,7,1.325740,1.158982,385
2575,tikki,2048,64,17,0.706219,0.539505,11440
2576,extrae,2048,128,2,3.949845,3.785014,1496
2577,oot,2048,256,2,4.163818,3.997171,204
2578,scorep,2048,128,1,7.623615,7.453481,1496
2579,empty,2048,192,18,0.833480,0.668067,385
258,empty,2048,128,17,0.758462,0.591689,1496
2580,extrae,2048,128,15,0.841629,0.676522,1496
2581,void,2048,192,12,0.931652,0.765919,385
2582,void,2048,256,15,1.180129,1.012993,204
2583,scorep,2048,128,2,3.947737,3.776697,1496
2584,tikki,2048,192,19,0.867726,0.700811,385
2585,empty,2048,64,24,0.552661,0.386374,11440
2586,oot,2048,128,24,0.647672,0.479997,1496
2587,extrae,2048,64,2,3.620361,3.456001,11440
2588,empty,2048,256,20,1.245936,1.078967,204
2589,void,2048,192,22,0.810917,0.635316,385
259,oot,2048,128,8,1.247751,1.081824,1496
2590,scorep,2048,192,2,3.357644,3.189205,385
2591,tikki,2048,64,21,0.642791,0.476966,11440
2592,printf,2048,64,17,0.669235,0.502680,11440
2593,void,2048,64,24,0.552210,0.385525,11440
2594,void,2048,192,19,0.814980,0.648803,385
2595,extrae,2048,128,23,0.790537,0.618519,1496
2596,extrae,2048,256,10,1.401063,1.236895,204
2597,scorep,2048,256,8,1.559927,1.391809,204
2598,empty,2048,64,21,0.598848,0.430960,11440
2599,empty,2048,128,24,0.645655,0.478610,1496
26,empty,2048,256,14,1.199006,1.031574,204
260,void,2048,192,20,0.815770,0.649480,385
2600,scorep,2048,128,9,1.133345,0.968245,1496
2601,empty,2048,64,9,1.003462,0.836871,11440
2602,printf,2048,256,7,1.660444,1.493601,204
2603,oot,2048,256,6,1.872762,1.704933,204
2604,oot,2048,64,21,0.617144,0.435559,11440
2605,extrae,2048,192,5,1.580329,1.415210,385
2606,extrae,2048,64,20,0.701977,0.538205,11440
2607,oot,2048,256,23,1.234975,1.068446,204
2608,oot,2048,192,18,0.834954,0.667155,385
2609,empty,2048,192,8,1.176369,1.009863,385
261,empty,2048,192,1,6.433051,6.266320,385
2610,oot,2048,128,23,0.674217,0.495039,1496
2611,printf,2048,192,23,0.787499,0.620996,385
2612,void,2048,128,5,1.776648,1.609888,1496
2613,extrae,2048,64,3,2.498023,2.334081,11440
2614,scorep,2048,128,10,1.062626,0.892977,1496
2615,tikki,2048,128,19,0.790624,0.624023,1496
2616,empty,2048,192,24,0.783567,0.616952,385
2617,void,2048,64,1,6.765764,6.599118,11440
2618,void,2048,128,2,3.967467,3.801242,1496
2619,void,2048,128,21,0.698926,0.533237,1496
262,scorep,2048,256,21,1.245817,1.080755,204
2620,oot,2048,64,8,1.099570,0.924644,11440
2621,scorep,2048,256,6,1.868313,1.698345,204
2622,empty,2048,192,9,1.095029,0.927118,385
2623,scorep,2048,192,21,0.806471,0.638339,385
2624,scorep,2048,256,15,1.178710,1.009719,204
2625,empty,2048,192,13,0.886044,0.719655,385
2626,oot,2048,128,15,0.811178,0.642767,1496
2627,void,2048,256,22,1.240062,1.073251,204
2628,empty,2048,128,11,0.981389,0.815208,1496
2629,scorep,2048,128,18,0.766591,0.601010,1496
263,extrae,2048,64,15,0.751109,0.586925,11440
2630,tikki,2048,256,7,1.724596,1.556441,204
2631,printf,2048,64,20,0.622691,0.456107,11440
2632,tikki,2048,128,6,1.607860,1.440809,1496
2633,printf,2048,64,2,3.579581,3.413057,11440
2634,empty,2048,128,5,1.773244,1.606459,1496
2635,extrae,2048,128,12,0.953029,0.789032,1496
2636,oot,2048,256,22,1.246248,1.078970,204
2637,extrae,2048,192,23,0.912411,0.739955,385
2638,void,2048,256,24,1.236421,1.069526,204
2639,tikki,2048,256,22,1.317091,1.149513,204
264,tikki,2048,64,8,1.164415,0.999285,11440
2640,tikki,2048,192,17,0.862827,0.695592,385
2641,tikki,2048,128,21,0.760228,0.593374,1496
2642,extrae,2048,128,24,0.781680,0.609086,1496
2643,oot,2048,256,14,1.197623,1.030907,204
2644,empty,2048,192,7,1.264336,1.098136,385
2645,scorep,2048,192,13,0.891152,0.723957,385
2646,empty,2048,128,6,1.555187,1.388844,1496
2647,extrae,2048,128,11,1.012675,0.848448,1496
2648,printf,2048,256,5,2.018330,1.842749,204
2649,scorep,2048,64,14,0.741318,0.570613,11440
265,scorep,2048,256,14,1.204889,1.036803,204
2650,empty,2048,64,6,1.405653,1.237492,11440
2651,empty,2048,64,5,1.603064,1.435136,11440
2652,tikki,2048,192,12,0.992356,0.823949,385
2653,scorep,2048,128,17,0.771999,0.599651,1496
2654,oot,2048,64,7,1.284140,1.115779,11440
2655,tikki,2048,192,23,0.847523,0.680633,385
2656,printf,2048,64,9,1.012587,0.845314,11440
2657,tikki,2048,256,9,1.497625,1.329807,204
2658,scorep,2048,192,3,2.365897,2.198061,385
2659,printf,2048,64,23,0.569011,0.402852,11440
266,extrae,2048,128,2,3.953139,3.789149,1496
2660,tikki,2048,64,4,1.981660,1.813597,11440
2661,extrae,2048,256,3,2.955009,2.789567,204
2662,oot,2048,256,4,2.377524,2.210736,204
2663,scorep,2048,128,14,0.845762,0.676374,1496
2664,empty,2048,64,22,0.582674,0.416732,11440
2665,tikki,2048,256,4,2.329703,2.162373,204
2666,scorep,2048,256,23,1.234448,1.069647,204
2667,void,2048,128,7,1.382355,1.215770,1496
2668,oot,2048,192,2,3.374229,3.206031,385
2669,empty,2048,128,20,0.723393,0.555993,1496
267,extrae,2048,192,9,1.110347,0.946110,385
2670,void,2048,256,4,2.287393,2.120039,204
2671,tikki,2048,256,19,1.293665,1.126782,204
2672,printf,2048,128,2,3.955411,3.788095,1496
2673,oot,2048,64,17,0.666764,0.499709,11440
2674,empty,2048,192,17,0.819342,0.652702,385
2675,oot,2048,192,4,1.857564,1.689804,385
2676,printf,2048,64,13,0.825344,0.611487,11440
2677,oot,2048,128,10,1.069676,0.902599,1496
2678,oot,2048,256,15,1.178348,1.011357,204
2679,empty,2048,128,8,1.240879,1.074365,1496
268,oot,2048,256,20,1.240811,1.073333,204
2680,scorep,2048,64,6,1.439543,1.271779,11440
2681,scorep,2048,256,24,1.246624,1.076352,204
2682,tikki,2048,64,14,0.787564,0.619908,11440
2683,oot,2048,64,22,0.584193,0.416736,11440
2684,scorep,2048,256,11,1.362303,1.192089,204
2685,printf,2048,256,16,1.168467,1.001948,204
2686,void,2048,256,20,1.246629,1.079165,204
2687,printf,2048,192,4,1.850440,1.683466,385
2688,tikki,2048,128,18,0.808389,0.641421,1496
2689,tikki,2048,64,15,0.753615,0.586050,11440
269,empty,2048,192,20,0.813000,0.646455,385
2690,void,2048,64,7,1.239008,1.071753,11440
2691,scorep,2048,256,17,1.225248,1.055220,204
2692,extrae,2048,64,15,0.752111,0.587310,11440
2693,scorep,2048,64,18,0.671599,0.506662,11440
2694,printf,2048,192,21,0.800720,0.633560,385
2695,empty,2048,256,6,1.868742,1.702368,204
2696,empty,2048,192,9,1.097919,0.930608,385
2697,void,2048,256,19,1.294630,1.087751,204
2698,void,2048,256,12,1.280004,1.112429,204
2699,scorep,2048,192,21,0.802489,0.632518,385
27,oot,2048,256,6,1.870014,1.702580,204
270,scorep,2048,256,9,1.457736,1.288615,204
2700,oot,2048,128,11,0.984134,0.818208,1496
2701,printf,2048,128,7,1.382535,1.214462,1496
2702,tikki,2048,128,11,1.032522,0.866016,1496
2703,tikki,2048,64,11,0.929259,0.760331,11440
2704,printf,2048,64,1,6.811143,6.643612,11440
2705,scorep,2048,128,9,1.140770,0.970061,1496
2706,void,2048,128,14,0.836790,0.670133,1496
2707,oot,2048,128,18,0.765787,0.598517,1496
2708,printf,2048,192,24,0.775388,0.608017,385
2709,oot,2048,256,23,1.240282,1.071582,204
271,void,2048,256,15,1.178753,1.011441,204
2710,scorep,2048,256,12,1.305637,1.139745,204
2711,scorep,2048,192,17,0.822066,0.654406,385
2712,scorep,2048,128,3,2.735827,2.571091,1496
2713,scorep,2048,192,5,1.598798,1.428600,385
2714,tikki,2048,256,2,4.219818,4.052328,204
2715,extrae,2048,128,13,0.913849,0.750476,1496
2716,extrae,2048,256,7,1.674545,1.510260,204
2717,tikki,2048,64,5,1.685475,1.518624,11440
2718,oot,2048,256,4,2.301067,2.133790,204
2719,oot,2048,192,19,0.816910,0.649809,385
272,empty,2048,128,3,2.710366,2.544447,1496
2720,printf,2048,256,5,1.995334,1.828176,204
2721,void,2048,64,24,0.554616,0.387106,11440
2722,tikki,2048,192,17,0.870850,0.704099,385
2723,printf,2048,64,16,0.677157,0.510641,11440
2724,printf,2048,128,24,0.648280,0.479811,1496
2725,oot,2048,64,9,1.004607,0.838218,11440
2726,empty,2048,192,10,1.036808,0.869310,385
2727,tikki,2048,128,15,0.848439,0.681065,1496
2728,scorep,2048,192,18,0.840401,0.669416,385
2729,printf,2048,192,15,0.830970,0.664493,385
273,void,2048,256,5,2.036785,1.869954,204
2730,tikki,2048,192,2,3.423366,3.253301,385
2731,empty,2048,192,1,6.437514,6.269504,385
2732,printf,2048,128,17,0.756582,0.591450,1496
2733,oot,2048,128,7,1.391340,1.223846,1496
2734,printf,2048,192,4,1.848946,1.681268,385
2735,void,2048,64,21,0.601548,0.433733,11440
2736,void,2048,128,5,1.756389,1.589155,1496
2737,printf,2048,64,23,0.567177,0.399837,11440
2738,scorep,2048,64,9,1.009649,0.838975,11440
2739,oot,2048,256,22,1.241399,1.074419,204
274,oot,2048,192,2,3.367569,3.200559,385
2740,printf,2048,192,2,3.370768,3.203999,385
2741,printf,2048,192,19,0.814610,0.647174,385
2742,printf,2048,192,11,0.972484,0.806332,385
2743,oot,2048,64,23,0.570199,0.403119,11440
2744,extrae,2048,64,17,0.721440,0.557167,11440
2745,void,2048,128,3,2.735116,2.568589,1496
2746,tikki,2048,256,21,1.292359,1.126772,204
2747,extrae,2048,128,21,0.817401,0.644246,1496
2748,tikki,2048,128,3,2.797933,2.631502,1496
2749,printf,2048,64,20,0.622345,0.455132,11440
275,oot,2048,128,20,0.726210,0.559839,1496
2750,tikki,2048,128,1,7.690879,7.523403,1496
2751,tikki,2048,192,9,1.140393,0.973509,385
2752,tikki,2048,192,5,1.633013,1.465819,385
2753,void,2048,192,17,0.824511,0.656933,385
2754,extrae,2048,256,5,2.008051,1.843192,204
2755,scorep,2048,192,12,0.944036,0.775067,385
2756,tikki,2048,128,10,1.115733,0.948711,1496
2757,tikki,2048,128,4,2.141688,1.975124,1496
2758,scorep,2048,192,19,0.824219,0.653202,385
2759,empty,2048,64,13,0.765173,0.598502,11440
276,tikki,2048,64,12,0.900307,0.720213,11440
2760,scorep,2048,128,19,0.744413,0.579650,1496
2761,empty,2048,256,9,1.447821,1.280524,204
2762,tikki,2048,256,1,7.992482,7.825264,204
2763,empty,2048,256,24,1.238686,1.071566,204
2764,extrae,2048,64,8,1.130947,0.966102,11440
2765,empty,2048,256,20,1.245679,1.079323,204
2766,printf,2048,256,24,1.240869,1.074287,204
2767,tikki,2048,64,19,0.693506,0.528314,11440
2768,void,2048,192,16,0.817366,0.650467,385
2769,scorep,2048,64,6,1.429936,1.260054,11440
277,empty,2048,192,10,1.033607,0.866723,385
2770,tikki,2048,256,24,1.285025,1.119639,204
2771,empty,2048,64,6,1.424134,1.256252,11440
2772,scorep,2048,64,19,0.654742,0.481786,11440
2773,oot,2048,128,21,0.698062,0.532199,1496
2774,empty,2048,256,14,1.198493,1.030001,204
2775,printf,2048,256,18,1.296171,1.129372,204
2776,extrae,2048,128,20,0.797978,0.629158,1496
2777,extrae,2048,192,19,0.923212,0.707153,385
2778,void,2048,256,5,2.038723,1.872448,204
2779,oot,2048,256,18,1.286794,1.119942,204
278,void,2048,64,9,1.008612,0.841224,11440
2780,printf,2048,128,2,3.968272,3.801332,1496
2781,tikki,2048,192,15,0.882162,0.715008,385
2782,empty,2048,128,6,1.554270,1.388721,1496
2783,void,2048,64,13,0.774544,0.603778,11440
2784,empty,2048,128,19,0.744310,0.576627,1496
2785,empty,2048,128,12,0.924649,0.757315,1496
2786,tikki,2048,64,8,1.146942,0.980058,11440
2787,extrae,2048,256,15,1.232994,1.069184,204
2788,extrae,2048,256,17,1.282401,1.117539,204
2789,printf,2048,64,14,0.736078,0.568089,11440
279,void,2048,192,7,1.268624,1.101111,385
2790,scorep,2048,64,13,0.781097,0.611393,11440
2791,scorep,2048,256,11,1.336991,1.169016,204
2792,tikki,2048,256,3,3.018657,2.851838,204
2793,printf,2048,256,23,1.230513,1.063138,204
2794,tikki,2048,64,22,0.634305,0.467697,11440
2795,oot,2048,192,5,1.567181,1.400432,385
2796,empty,2048,128,10,1.064881,0.896952,1496
2797,empty,2048,64,17,0.660426,0.493805,11440
2798,printf,2048,64,6,1.405522,1.239177,11440
2799,extrae,2048,128,11,1.017354,0.852782,1496
28,void,2048,64,16,0.684667,0.516726,11440
280,void,2048,128,14,0.843525,0.675805,1496
2800,void,2048,128,10,1.068061,0.895518,1496
2801,empty,2048,192,16,0.792284,0.624668,385
2802,extrae,2048,256,3,2.939197,2.775372,204
2803,extrae,2048,128,3,2.720825,2.556194,1496
2804,oot,2048,256,5,2.005795,1.837943,204
2805,empty,2048,128,11,0.979932,0.813326,1496
2806,void,2048,128,4,2.124261,1.957877,1496
2807,void,2048,64,17,0.661284,0.493229,11440
2808,scorep,2048,192,9,1.086952,0.921933,385
2809,printf,2048,192,3,2.351181,2.184407,385
281,scorep,2048,256,12,1.292057,1.121847,204
2810,void,2048,64,20,0.623063,0.449210,11440
2811,scorep,2048,128,12,0.931755,0.762898,1496
2812,printf,2048,256,10,1.376869,1.209652,204
2813,empty,2048,128,5,1.776754,1.610075,1496
2814,void,2048,64,23,0.573694,0.398963,11440
2815,void,2048,256,8,1.560417,1.393599,204
2816,tikki,2048,128,13,0.943404,0.776507,1496
2817,tikki,2048,256,17,1.276573,1.110010,204
2818,tikki,2048,256,5,2.055796,1.887798,204
2819,printf,2048,128,22,0.683268,0.507778,1496
282,tikki,2048,64,1,6.866710,6.699476,11440
2820,void,2048,192,21,0.803959,0.636325,385
2821,empty,2048,128,20,0.726748,0.557860,1496
2822,scorep,2048,128,4,2.099302,1.930931,1496
2823,oot,2048,256,3,3.004017,2.836900,204
2824,empty,2048,192,15,0.810685,0.644519,385
2825,void,2048,128,2,3.963141,3.796595,1496
2826,extrae,2048,256,21,1.354310,1.181459,204
2827,extrae,2048,64,3,2.524319,2.359844,11440
2828,oot,2048,256,12,1.294012,1.127776,204
2829,printf,2048,64,17,0.664214,0.497919,11440
283,oot,2048,128,6,1.560149,1.393503,1496
2830,scorep,2048,192,15,0.834927,0.663676,385
2831,void,2048,128,9,1.136905,0.965505,1496
2832,tikki,2048,256,19,1.303718,1.136251,204
2833,tikki,2048,256,4,2.385067,2.218535,204
2834,printf,2048,128,15,0.816262,0.647714,1496
2835,printf,2048,256,21,1.243845,1.076338,204
2836,tikki,2048,128,8,1.302150,1.126328,1496
2837,scorep,2048,128,10,1.067244,0.896203,1496
2838,printf,2048,192,6,1.412925,1.245826,385
2839,extrae,2048,128,24,0.781735,0.608519,1496
284,tikki,2048,64,18,0.713027,0.547201,11440
2840,extrae,2048,192,24,0.905454,0.733099,385
2841,tikki,2048,128,5,1.825031,1.658399,1496
2842,empty,2048,128,7,1.369851,1.201829,1496
2843,printf,2048,128,1,7.616065,7.449157,1496
2844,void,2048,64,15,0.699042,0.532191,11440
2845,oot,2048,128,12,0.924817,0.756854,1496
2846,scorep,2048,64,12,0.818579,0.653977,11440
2847,tikki,2048,256,16,1.215807,1.048794,204
2848,printf,2048,256,9,1.449351,1.281133,204
2849,empty,2048,256,13,1.268645,1.101201,204
285,empty,2048,256,5,2.001882,1.833686,204
2850,printf,2048,256,8,1.567010,1.391499,204
2851,oot,2048,128,17,0.762901,0.595187,1496
2852,printf,2048,64,15,0.716123,0.539719,11440
2853,oot,2048,256,20,1.244069,1.077072,204
2854,void,2048,64,6,1.426018,1.259273,11440
2855,tikki,2048,192,4,1.908415,1.742464,385
2856,tikki,2048,256,10,1.432909,1.265084,204
2857,printf,2048,128,11,0.991748,0.825147,1496
2858,printf,2048,256,19,1.247231,1.079584,204
2859,printf,2048,64,9,1.008675,0.841892,11440
286,extrae,2048,192,22,0.918394,0.745998,385
2860,tikki,2048,192,1,6.483455,6.314921,385
2861,extrae,2048,256,2,4.189116,4.024549,204
2862,extrae,2048,128,16,0.811756,0.647806,1496
2863,empty,2048,192,5,1.589662,1.422976,385
2864,oot,2048,192,4,1.853560,1.687952,385
2865,void,2048,256,14,1.199751,1.032750,204
2866,tikki,2048,128,23,0.715012,0.546532,1496
2867,void,2048,256,3,2.943019,2.775330,204
2868,extrae,2048,64,18,0.724423,0.560060,11440
2869,void,2048,256,15,1.169221,1.001464,204
287,printf,2048,256,6,1.861360,1.694921,204
2870,scorep,2048,64,16,0.679253,0.509759,11440
2871,scorep,2048,64,3,2.473907,2.303227,11440
2872,printf,2048,64,13,0.780789,0.613938,11440
2873,empty,2048,64,2,3.605344,3.438618,11440
2874,oot,2048,128,19,0.765901,0.579667,1496
2875,oot,2048,128,23,0.662256,0.495685,1496
2876,printf,2048,256,4,2.291400,2.124732,204
2877,scorep,2048,64,2,3.588108,3.418823,11440
2878,void,2048,64,4,1.904520,1.736750,11440
2879,empty,2048,256,2,4.171029,4.004014,204
288,printf,2048,64,10,0.942994,0.777049,11440
2880,empty,2048,128,4,2.106953,1.940019,1496
2881,printf,2048,192,23,0.784765,0.618573,385
2882,void,2048,192,24,0.772396,0.604908,385
2883,void,2048,128,24,0.647493,0.480200,1496
2884,oot,2048,64,12,0.817199,0.649810,11440
2885,empty,2048,256,3,2.979714,2.813232,204
2886,empty,2048,128,14,0.843571,0.675469,1496
2887,scorep,2048,256,21,1.252884,1.082792,204
2888,oot,2048,192,23,0.782950,0.615971,385
2889,scorep,2048,192,22,0.783558,0.618567,385
289,printf,2048,64,14,0.735793,0.567920,11440
2890,printf,2048,128,3,2.717027,2.549881,1496
2891,scorep,2048,192,6,1.419723,1.248023,385
2892,empty,2048,192,13,0.886640,0.719931,385
2893,empty,2048,64,15,0.752747,0.534765,11440
2894,void,2048,256,9,1.452673,1.284853,204
2895,oot,2048,192,6,1.407278,1.238974,385
2896,tikki,2048,192,14,0.912727,0.744789,385
2897,extrae,2048,192,14,0.902940,0.738549,385
2898,void,2048,256,13,1.264683,1.098574,204
2899,scorep,2048,192,2,3.370961,3.200281,385
29,void,2048,64,14,0.732260,0.565076,11440
290,printf,2048,128,23,0.659837,0.493244,1496
2900,oot,2048,64,19,0.642413,0.476588,11440
2901,oot,2048,64,17,0.668174,0.499516,11440
2902,tikki,2048,192,22,0.842258,0.675277,385
2903,oot,2048,64,11,0.872915,0.704984,11440
2904,oot,2048,256,2,4.171095,4.004044,204
2905,printf,2048,192,10,1.033146,0.866610,385
2906,void,2048,256,10,1.376544,1.209477,204
2907,void,2048,192,9,1.086346,0.920280,385
2908,printf,2048,64,10,0.942057,0.775539,11440
2909,extrae,2048,192,17,0.874494,0.709572,385
291,printf,2048,128,8,1.234833,1.066393,1496
2910,scorep,2048,128,8,1.232706,1.063556,1496
2911,empty,2048,64,20,0.618876,0.452344,11440
2912,extrae,2048,64,14,0.781035,0.616168,11440
2913,tikki,2048,64,9,1.061235,0.895363,11440
2914,void,2048,64,14,0.733395,0.565232,11440
2915,tikki,2048,128,18,0.819089,0.651565,1496
2916,extrae,2048,64,12,0.854800,0.690523,11440
2917,scorep,2048,64,4,1.923045,1.750280,11440
2918,printf,2048,64,12,0.816699,0.649863,11440
2919,scorep,2048,64,10,0.944711,0.780025,11440
292,oot,2048,64,9,1.009719,0.841238,11440
2920,tikki,2048,128,24,0.696904,0.529298,1496
2921,void,2048,256,17,1.231357,1.064075,204
2922,oot,2048,64,1,6.812911,6.644884,11440
2923,printf,2048,256,3,2.936201,2.770417,204
2924,printf,2048,128,9,1.136245,0.969629,1496
2925,scorep,2048,128,23,0.668278,0.499666,1496
2926,extrae,2048,256,9,1.473342,1.309081,204
2927,empty,2048,256,11,1.336184,1.169872,204
2928,oot,2048,64,14,0.730665,0.562972,11440
2929,printf,2048,128,18,0.764216,0.597629,1496
293,printf,2048,64,15,0.698315,0.532139,11440
2930,scorep,2048,64,22,0.594224,0.424870,11440
2931,tikki,2048,64,1,6.826954,6.660771,11440
2932,oot,2048,64,21,0.601175,0.435159,11440
2933,scorep,2048,64,11,0.881117,0.712126,11440
2934,tikki,2048,128,21,0.738297,0.571275,1496
2935,extrae,2048,256,16,1.279944,1.069233,204
2936,oot,2048,128,14,0.838297,0.671055,1496
2937,empty,2048,128,3,2.730046,2.562513,1496
2938,tikki,2048,64,13,0.819472,0.651918,11440
2939,empty,2048,64,10,0.940520,0.773084,11440
294,void,2048,256,7,1.666669,1.499461,204
2940,scorep,2048,192,24,0.776271,0.607010,385
2941,printf,2048,192,8,1.187089,1.019659,385
2942,scorep,2048,192,11,0.972122,0.807842,385
2943,scorep,2048,192,20,0.811131,0.642831,385
2944,scorep,2048,128,5,1.785661,1.615336,1496
2945,void,2048,128,7,1.376729,1.210521,1496
2946,printf,2048,128,12,0.925514,0.759304,1496
2947,tikki,2048,192,3,2.423451,2.257248,385
2948,empty,2048,192,21,0.810344,0.643780,385
2949,printf,2048,256,15,1.173740,1.008215,204
295,empty,2048,256,23,1.241545,1.073968,204
2950,empty,2048,64,5,1.618954,1.451255,11440
2951,void,2048,192,4,1.863590,1.697712,385
2952,oot,2048,128,2,3.943623,3.776021,1496
2953,tikki,2048,256,18,1.340015,1.173299,204
2954,void,2048,256,18,1.259521,1.092376,204
2955,scorep,2048,128,7,1.381422,1.211397,1496
2956,oot,2048,128,1,7.655941,7.489702,1496
2957,empty,2048,192,11,0.973007,0.807449,385
2958,tikki,2048,192,20,0.862606,0.696687,385
2959,printf,2048,192,5,1.576308,1.409963,385
296,scorep,2048,256,7,1.678497,1.508856,204
2960,void,2048,128,17,0.758017,0.590463,1496
2961,tikki,2048,192,10,1.087283,0.920079,385
2962,extrae,2048,256,22,1.360001,1.187350,204
2963,extrae,2048,192,9,1.117858,0.953509,385
2964,oot,2048,128,6,1.553152,1.387065,1496
2965,void,2048,192,15,0.821696,0.654388,385
2966,oot,2048,192,1,6.439838,6.272600,385
2967,scorep,2048,256,18,1.291377,1.122962,204
2968,extrae,2048,64,13,0.816810,0.653050,11440
2969,void,2048,128,1,7.630045,7.462190,1496
297,extrae,2048,192,14,0.894122,0.729590,385
2970,oot,2048,192,18,0.832460,0.666248,385
2971,extrae,2048,128,18,0.811829,0.647477,1496
2972,printf,2048,256,17,1.228104,1.062389,204
2973,void,2048,128,19,0.742214,0.576273,1496
2974,extrae,2048,192,13,0.921068,0.756696,385
2975,empty,2048,64,18,0.664462,0.498361,11440
2976,empty,2048,192,7,1.269843,1.103377,385
2977,void,2048,64,5,1.598278,1.432107,11440
2978,empty,2048,256,18,1.290437,1.123913,204
2979,void,2048,192,22,0.803674,0.636655,385
298,void,2048,256,18,1.274640,1.106286,204
2980,printf,2048,192,22,0.782031,0.614323,385
2981,scorep,2048,256,10,1.382222,1.217427,204
2982,extrae,2048,192,10,1.063146,0.898696,385
2983,oot,2048,64,10,0.943796,0.777530,11440
2984,extrae,2048,128,9,1.157519,0.992811,1496
2985,extrae,2048,192,23,0.897455,0.725493,385
2986,oot,2048,256,16,1.160994,0.993855,204
2987,tikki,2048,192,13,0.951538,0.783596,385
2988,tikki,2048,256,9,1.499846,1.332761,204
2989,empty,2048,128,15,0.802712,0.635039,1496
299,printf,2048,256,12,1.295196,1.127734,204
2990,scorep,2048,256,7,1.671644,1.502055,204
2991,printf,2048,256,14,1.199170,1.032527,204
2992,extrae,2048,128,8,1.240443,1.076643,1496
2993,oot,2048,192,24,0.769899,0.603630,385
2994,extrae,2048,128,19,0.799822,0.635299,1496
2995,oot,2048,256,7,1.662366,1.495935,204
2996,tikki,2048,192,24,0.844454,0.664733,385
2997,empty,2048,128,17,0.756070,0.589179,1496
2998,oot,2048,192,22,0.792777,0.626386,385
2999,void,2048,64,9,1.007932,0.833819,11440
3,printf,2048,128,14,0.842049,0.674480,1496
30,printf,2048,128,2,3.976049,3.809426,1496
300,oot,2048,256,18,1.254842,1.088125,204
3000,scorep,2048,64,20,0.623629,0.453536,11440
3001,tikki,2048,64,2,3.655625,3.487938,11440
3002,void,2048,128,6,1.571552,1.394567,1496
3003,oot,2048,64,13,0.769318,0.602249,11440
3004,oot,2048,192,7,1.263815,1.096286,385
3005,scorep,2048,128,16,0.759120,0.591140,1496
3006,empty,2048,192,12,0.933872,0.767900,385
3007,void,2048,256,4,2.297515,2.129723,204
3008,oot,2048,256,24,1.243715,1.076399,204
3009,oot,2048,64,4,1.890285,1.722745,11440
301,scorep,2048,128,7,1.386478,1.222476,1496
3010,scorep,2048,256,19,1.256774,1.086828,204
3011,printf,2048,64,22,0.583839,0.417116,11440
3012,scorep,2048,192,4,1.844532,1.679293,385
3013,scorep,2048,256,22,1.303282,1.081622,204
3014,oot,2048,64,18,0.668877,0.501088,11440
3015,extrae,2048,256,6,1.877393,1.712840,204
3016,extrae,2048,64,1,6.798701,6.635051,11440
3017,tikki,2048,64,21,0.642217,0.475744,11440
3018,empty,2048,192,8,1.195612,1.028255,385
3019,empty,2048,192,6,1.403227,1.236910,385
302,printf,2048,64,21,0.604894,0.436555,11440
3020,printf,2048,256,22,1.239981,1.072788,204
3021,printf,2048,192,1,6.430493,6.265028,385
3022,oot,2048,128,10,1.063314,0.896379,1496
3023,empty,2048,192,20,0.811510,0.644465,385
3024,oot,2048,256,21,1.246517,1.072197,204
3025,printf,2048,64,24,0.559839,0.392453,11440
3026,empty,2048,64,19,0.643129,0.475682,11440
3027,void,2048,64,12,0.818392,0.652562,11440
3028,oot,2048,256,11,1.318398,1.152100,204
3029,void,2048,192,6,1.416656,1.249630,385
303,printf,2048,192,24,0.766228,0.598653,385
3030,printf,2048,128,16,0.771058,0.603729,1496
3031,printf,2048,128,13,0.883483,0.717142,1496
3032,scorep,2048,64,23,0.577678,0.406882,11440
3033,scorep,2048,192,13,0.900060,0.730159,385
3034,scorep,2048,64,15,0.706929,0.537705,11440
3035,scorep,2048,256,13,1.222214,1.057416,204
3036,printf,2048,192,14,0.855852,0.689638,385
3037,printf,2048,256,2,4.175692,4.008441,204
3038,extrae,2048,192,22,0.925266,0.753100,385
3039,scorep,2048,192,14,0.862922,0.693692,385
304,empty,2048,192,14,0.868621,0.701410,385
3040,void,2048,64,3,2.472282,2.306136,11440
3041,void,2048,192,1,6.436755,6.269229,385
3042,oot,2048,256,9,1.457666,1.291845,204
3043,extrae,2048,128,4,2.103590,1.939371,1496
3044,printf,2048,192,18,0.830795,0.663852,385
3045,tikki,2048,192,6,1.461569,1.294497,385
3046,scorep,2048,192,3,2.362625,2.194825,385
3047,extrae,2048,64,23,0.706520,0.533398,11440
3048,tikki,2048,256,6,1.930117,1.763283,204
3049,scorep,2048,128,1,7.647837,7.478287,1496
305,printf,2048,64,12,0.821000,0.654050,11440
3050,void,2048,64,10,0.937055,0.770696,11440
3051,tikki,2048,64,24,0.600808,0.433610,11440
3052,scorep,2048,256,1,7.923038,7.753585,204
3053,extrae,2048,64,24,0.694772,0.521964,11440
3054,void,2048,192,8,1.180716,1.013431,385
3055,empty,2048,128,18,0.762347,0.595605,1496
3056,printf,2048,256,11,1.331869,1.164697,204
3057,scorep,2048,64,1,6.777256,6.612878,11440
3058,void,2048,192,12,0.928468,0.762762,385
3059,tikki,2048,64,12,0.884721,0.717550,11440
306,oot,2048,128,10,1.061189,0.894260,1496
3060,tikki,2048,256,20,1.291520,1.124056,204
3061,oot,2048,192,13,0.890268,0.723541,385
3062,void,2048,192,23,0.784209,0.617040,385
3063,void,2048,64,19,0.652320,0.476671,11440
3064,empty,2048,64,7,1.233221,1.066065,11440
3065,void,2048,256,22,1.245361,1.077954,204
3066,oot,2048,64,22,0.587454,0.419813,11440
3067,scorep,2048,192,16,0.822917,0.653765,385
3068,tikki,2048,256,11,1.378224,1.211441,204
3069,oot,2048,64,7,1.275277,1.107779,11440
307,oot,2048,192,16,0.817304,0.651667,385
3070,void,2048,256,1,7.921208,7.753231,204
3071,empty,2048,128,16,0.765402,0.598773,1496
3072,extrae,2048,64,11,0.916246,0.751954,11440
3073,void,2048,128,11,0.995438,0.820279,1496
3074,empty,2048,192,4,1.841673,1.674780,385
3075,scorep,2048,256,4,2.295511,2.123163,204
3076,tikki,2048,128,22,0.723998,0.557058,1496
3077,scorep,2048,192,23,0.788579,0.618820,385
3078,extrae,2048,64,21,0.732304,0.559999,11440
3079,printf,2048,256,6,1.873432,1.706408,204
308,tikki,2048,256,20,1.300689,1.133505,204
3080,tikki,2048,64,20,0.666037,0.498093,11440
3081,tikki,2048,128,20,0.774982,0.599487,1496
3082,empty,2048,192,14,0.845368,0.677826,385
3083,void,2048,128,22,0.681896,0.515672,1496
3084,extrae,2048,128,2,3.937535,3.773378,1496
3085,void,2048,192,5,1.590164,1.423249,385
3086,empty,2048,64,16,0.690450,0.503759,11440
3087,oot,2048,192,3,2.351248,2.184303,385
3088,extrae,2048,192,16,0.833132,0.668895,385
3089,void,2048,192,3,2.354809,2.189570,385
309,scorep,2048,64,7,1.247132,1.078945,11440
3090,extrae,2048,192,21,0.917316,0.744816,385
3091,scorep,2048,256,24,1.239360,1.070339,204
3092,empty,2048,128,1,7.662056,7.495036,1496
3093,scorep,2048,64,24,0.554254,0.389720,11440
3094,tikki,2048,192,12,0.991704,0.825044,385
3095,empty,2048,256,19,1.252612,1.086204,204
3096,empty,2048,128,22,0.683079,0.515975,1496
3097,scorep,2048,128,11,0.996077,0.826360,1496
3098,scorep,2048,192,1,6.439237,6.269604,385
3099,oot,2048,128,15,0.796019,0.626987,1496
31,printf,2048,192,21,0.807025,0.641456,385
310,oot,2048,64,10,0.936635,0.770321,11440
3100,printf,2048,128,10,1.059293,0.892381,1496
3101,tikki,2048,192,11,1.025227,0.858175,385
3102,empty,2048,256,5,1.993999,1.827303,204
3103,scorep,2048,256,2,4.161841,3.993994,204
3104,oot,2048,192,10,1.035473,0.867870,385
3105,oot,2048,128,22,0.680293,0.513433,1496
3106,extrae,2048,64,7,1.254572,1.090593,11440
3107,scorep,2048,128,21,0.704475,0.536801,1496
3108,void,2048,128,8,1.241580,1.075140,1496
3109,extrae,2048,128,17,0.806133,0.642048,1496
311,empty,2048,256,16,1.165259,0.999882,204
3110,extrae,2048,256,4,2.339343,2.174681,204
3111,oot,2048,64,16,0.673097,0.506613,11440
3112,tikki,2048,256,7,1.713982,1.546881,204
3113,empty,2048,192,18,0.833684,0.666703,385
3114,extrae,2048,192,11,0.998624,0.834270,385
3115,extrae,2048,192,2,3.367770,3.202295,385
3116,oot,2048,64,5,1.607150,1.439963,11440
3117,tikki,2048,256,15,1.248970,1.082547,204
3118,extrae,2048,64,5,1.621241,1.456515,11440
3119,printf,2048,256,12,1.287457,1.120807,204
312,scorep,2048,256,8,1.562545,1.395057,204
3120,oot,2048,256,19,1.251166,1.084444,204
3121,extrae,2048,256,19,1.299718,1.136047,204
3122,scorep,2048,256,23,1.234446,1.069919,204
3123,tikki,2048,64,10,1.008081,0.840605,11440
3124,scorep,2048,128,22,0.680758,0.509241,1496
3125,empty,2048,192,22,0.794473,0.626169,385
3126,tikki,2048,128,19,0.794567,0.627788,1496
3127,void,2048,192,7,1.258351,1.092056,385
3128,empty,2048,128,9,1.133487,0.967062,1496
3129,scorep,2048,128,2,3.933308,3.762455,1496
313,scorep,2048,128,2,3.938630,3.769113,1496
3130,printf,2048,128,6,1.561133,1.394429,1496
3131,void,2048,128,21,0.693365,0.526179,1496
3132,scorep,2048,192,7,1.263792,1.094925,385
3133,void,2048,64,1,6.745627,6.578684,11440
3134,extrae,2048,128,12,0.960618,0.795312,1496
3135,oot,2048,128,3,2.753767,2.587203,1496
3136,void,2048,64,18,0.666347,0.499711,11440
3137,void,2048,64,16,0.670712,0.503203,11440
3138,tikki,2048,256,12,1.347183,1.178717,204
3139,oot,2048,192,14,0.868609,0.702145,385
314,void,2048,64,5,1.623843,1.457714,11440
3140,tikki,2048,192,8,1.250169,1.082876,385
3141,empty,2048,256,15,1.176193,1.009004,204
3142,tikki,2048,192,18,0.879425,0.712759,385
3143,extrae,2048,64,10,0.976142,0.812261,11440
3144,void,2048,128,15,0.802847,0.635663,1496
3145,tikki,2048,128,17,0.812317,0.644829,1496
3146,tikki,2048,64,18,0.709391,0.542434,11440
3147,void,2048,192,11,0.978683,0.811472,385
3148,printf,2048,64,7,1.268168,1.101026,11440
3149,oot,2048,192,8,1.186820,1.019603,385
315,void,2048,128,8,1.226896,1.059437,1496
3150,void,2048,192,18,0.834190,0.666832,385
3151,extrae,2048,256,24,1.364222,1.190367,204
3152,printf,2048,64,19,0.643913,0.477083,11440
3153,oot,2048,256,14,1.197670,1.031140,204
3154,empty,2048,192,2,3.363833,3.196835,385
3155,tikki,2048,64,14,0.785754,0.617863,11440
3156,extrae,2048,128,15,0.842809,0.678769,1496
3157,empty,2048,192,19,0.825084,0.658681,385
3158,scorep,2048,64,7,1.245955,1.075823,11440
3159,oot,2048,128,5,1.783829,1.617204,1496
316,oot,2048,192,21,0.799860,0.632126,385
3160,oot,2048,128,8,1.241824,1.075017,1496
3161,extrae,2048,64,4,1.934985,1.771011,11440
3162,void,2048,256,16,1.161370,0.994762,204
3163,empty,2048,64,4,1.896989,1.730823,11440
3164,void,2048,64,8,1.096060,0.929641,11440
3165,empty,2048,256,8,1.550303,1.383435,204
3166,void,2048,128,16,0.762004,0.596123,1496
3167,empty,2048,128,21,0.696560,0.530035,1496
3168,tikki,2048,64,16,0.718267,0.551480,11440
3169,scorep,2048,64,14,0.731417,0.566557,11440
317,empty,2048,192,23,0.791455,0.622950,385
3170,tikki,2048,192,19,0.870256,0.703269,385
3171,extrae,2048,128,22,0.794818,0.621608,1496
3172,empty,2048,192,17,0.817090,0.650827,385
3173,empty,2048,256,1,7.974174,7.761057,204
3174,empty,2048,128,24,0.645900,0.481472,1496
3175,scorep,2048,128,20,0.720879,0.556549,1496
3176,printf,2048,256,16,1.163005,0.997382,204
3177,tikki,2048,64,3,2.531102,2.363613,11440
3178,printf,2048,256,13,1.218588,1.051678,204
3179,void,2048,256,6,1.862705,1.697609,204
318,scorep,2048,128,22,0.689001,0.519245,1496
3180,scorep,2048,64,8,1.104077,0.935125,11440
3181,scorep,2048,128,6,1.559300,1.391051,1496
3182,tikki,2048,128,2,4.013241,3.845971,1496
3183,tikki,2048,192,7,1.327495,1.160244,385
3184,extrae,2048,192,7,1.295740,1.118694,385
3185,extrae,2048,192,8,1.186718,1.021456,385
3186,extrae,2048,256,1,7.938042,7.773201,204
3187,oot,2048,192,20,0.816708,0.651045,385
3188,empty,2048,64,14,0.730167,0.564333,11440
3189,scorep,2048,256,15,1.194962,1.025349,204
319,extrae,2048,256,8,1.574134,1.409362,204
3190,tikki,2048,128,16,0.822201,0.655447,1496
3191,oot,2048,256,17,1.235407,1.069034,204
3192,printf,2048,64,11,0.874292,0.707188,11440
3193,oot,2048,128,16,0.772954,0.605482,1496
3194,extrae,2048,192,18,0.882309,0.717978,385
3195,printf,2048,192,16,0.813768,0.646879,385
3196,empty,2048,192,24,0.787947,0.621505,385
3197,empty,2048,256,4,2.315336,2.148735,204
3198,printf,2048,64,3,2.457529,2.290216,11440
3199,void,2048,192,20,0.815403,0.648136,385
32,empty,2048,64,4,1.902480,1.735898,11440
320,scorep,2048,128,13,0.881069,0.713710,1496
3200,extrae,2048,64,2,3.598955,3.434485,11440
3201,void,2048,256,23,1.240817,1.072332,204
3202,tikki,2048,192,16,0.840851,0.674176,385
3203,scorep,2048,64,5,1.610416,1.442649,11440
3204,empty,2048,256,10,1.385242,1.217369,204
3205,empty,2048,128,8,1.222125,1.055238,1496
3206,oot,2048,256,10,1.378665,1.211830,204
3207,scorep,2048,256,3,2.950842,2.787202,204
3208,void,2048,256,21,1.243323,1.076069,204
3209,scorep,2048,64,17,0.672797,0.502100,11440
321,scorep,2048,256,22,1.239741,1.074949,204
3210,scorep,2048,128,14,0.842707,0.673337,1496
3211,scorep,2048,128,13,0.887390,0.719144,1496
3212,oot,2048,256,1,7.918878,7.750478,204
3213,oot,2048,128,9,1.133223,0.966415,1496
3214,empty,2048,256,16,1.156397,0.988904,204
3215,void,2048,256,24,1.241820,1.074230,204
3216,printf,2048,256,20,1.244362,1.076459,204
3217,extrae,2048,128,7,1.386737,1.221511,1496
3218,oot,2048,64,8,1.091288,0.925370,11440
3219,extrae,2048,128,5,1.796091,1.631951,1496
322,oot,2048,64,16,0.680166,0.513323,11440
3220,empty,2048,256,7,1.662661,1.495509,204
3221,empty,2048,64,22,0.581455,0.414591,11440
3222,scorep,2048,128,18,0.769663,0.600485,1496
3223,extrae,2048,128,1,7.655770,7.491234,1496
3224,empty,2048,64,1,6.739272,6.572491,11440
3225,empty,2048,192,23,0.784798,0.619161,385
3226,empty,2048,256,12,1.308442,1.142886,204
3227,oot,2048,128,24,0.652678,0.485094,1496
3228,empty,2048,64,8,1.096677,0.928914,11440
3229,extrae,2048,128,23,0.792022,0.619280,1496
323,oot,2048,64,4,1.905417,1.738851,11440
3230,empty,2048,256,23,1.233684,1.066069,204
3231,extrae,2048,192,5,1.578408,1.413521,385
3232,printf,2048,64,2,3.622405,3.454995,11440
3233,scorep,2048,128,24,0.648691,0.484523,1496
3234,tikki,2048,128,14,0.903255,0.736161,1496
3235,printf,2048,256,1,7.900578,7.733408,204
3236,scorep,2048,256,14,1.209082,1.037777,204
3237,oot,2048,192,12,0.936427,0.769219,385
3238,void,2048,128,20,0.766159,0.559946,1496
3239,tikki,2048,256,23,1.282965,1.116027,204
324,scorep,2048,256,18,1.254018,1.085529,204
3240,oot,2048,64,20,0.623751,0.456869,11440
3241,void,2048,256,11,1.354754,1.187756,204
3242,empty,2048,64,9,1.002316,0.836265,11440
3243,printf,2048,64,8,1.098647,0.930719,11440
3244,printf,2048,64,4,1.896930,1.729438,11440
3245,scorep,2048,256,20,1.252712,1.079074,204
3246,extrae,2048,128,6,1.565611,1.401221,1496
3247,printf,2048,128,19,0.742848,0.576534,1496
3248,void,2048,128,12,0.930184,0.763294,1496
3249,extrae,2048,256,13,1.298739,1.134964,204
325,void,2048,64,3,2.484114,2.317245,11440
3250,extrae,2048,256,10,1.400690,1.237017,204
3251,printf,2048,128,5,1.829721,1.611344,1496
3252,printf,2048,256,7,1.668393,1.501280,204
3253,empty,2048,64,24,0.549271,0.382916,11440
3254,void,2048,256,2,4.171691,4.004330,204
3255,oot,2048,64,15,0.708660,0.533177,11440
3256,extrae,2048,256,23,1.359056,1.186079,204
3257,extrae,2048,256,8,1.569963,1.404269,204
3258,printf,2048,128,21,0.696463,0.530143,1496
3259,extrae,2048,64,6,1.429425,1.264750,11440
326,printf,2048,128,22,0.678835,0.512266,1496
3260,extrae,2048,256,11,1.352703,1.188203,204
3261,extrae,2048,192,12,0.963894,0.799190,385
3262,void,2048,256,20,1.250152,1.083061,204
3263,oot,2048,256,15,1.204276,1.036967,204
3264,void,2048,128,18,0.765471,0.597712,1496
3265,empty,2048,64,11,0.872938,0.705665,11440
3266,oot,2048,64,2,3.591719,3.424345,11440
3267,empty,2048,128,2,3.914573,3.748142,1496
3268,extrae,2048,64,20,0.684007,0.519693,11440
3269,oot,2048,192,2,3.369324,3.203096,385
327,extrae,2048,256,19,1.323347,1.159602,204
3270,tikki,2048,128,12,0.986395,0.817839,1496
3271,tikki,2048,256,13,1.324457,1.157978,204
3272,oot,2048,192,15,0.832387,0.664833,385
3273,oot,2048,64,3,2.476152,2.308938,11440
3274,extrae,2048,256,12,1.317799,1.152573,204
3275,printf,2048,192,13,0.890342,0.723361,385
3276,empty,2048,128,23,0.665480,0.498060,1496
3277,printf,2048,192,7,1.275035,1.108610,385
3278,tikki,2048,256,22,1.290208,1.123956,204
3279,oot,2048,192,17,0.825524,0.659513,385
328,void,2048,64,20,0.621619,0.454539,11440
3280,void,2048,64,2,3.602648,3.435098,11440
3281,scorep,2048,128,15,0.807419,0.637325,1496
3282,scorep,2048,256,9,1.460833,1.291184,204
3283,void,2048,192,2,3.365926,3.199167,385
3284,scorep,2048,64,21,0.602932,0.439114,11440
3285,oot,2048,256,13,1.267325,1.099809,204
3286,scorep,2048,256,6,1.873365,1.703827,204
3287,oot,2048,64,24,0.550581,0.384781,11440
3288,tikki,2048,128,7,1.433982,1.267920,1496
3289,extrae,2048,128,10,1.090522,0.926394,1496
329,extrae,2048,192,15,0.876739,0.712582,385
3290,scorep,2048,256,8,1.559930,1.391501,204
3291,empty,2048,256,22,1.243319,1.076307,204
3292,tikki,2048,256,8,1.622638,1.455227,204
3293,extrae,2048,256,14,1.231180,1.067487,204
3294,scorep,2048,256,5,2.013323,1.846372,204
3295,empty,2048,192,3,2.356213,2.188687,385
3296,printf,2048,64,5,1.625679,1.458459,11440
3297,oot,2048,192,9,1.100253,0.925888,385
3298,tikki,2048,128,9,1.200192,1.034292,1496
3299,scorep,2048,192,10,1.035623,0.868762,385
33,extrae,2048,256,12,1.335464,1.171267,204
330,void,2048,192,16,0.821303,0.652395,385
3300,printf,2048,128,20,0.721754,0.553876,1496
3301,tikki,2048,192,21,0.851100,0.684833,385
3302,extrae,2048,128,14,0.876423,0.712270,1496
3303,printf,2048,128,8,1.228058,1.063119,1496
3304,scorep,2048,128,17,0.763383,0.599398,1496
3305,extrae,2048,256,18,1.335958,1.171669,204
3306,extrae,2048,192,15,0.880529,0.716291,385
3307,void,2048,64,22,0.582566,0.415753,11440
3308,void,2048,128,23,0.664596,0.496592,1496
3309,oot,2048,64,6,1.404424,1.236243,11440
331,extrae,2048,192,5,1.590358,1.425663,385
3310,void,2048,256,7,1.667565,1.499485,204
3311,oot,2048,128,4,2.082536,1.915031,1496
3312,oot,2048,128,20,0.772298,0.557920,1496
3313,tikki,2048,64,6,1.456908,1.289922,11440
3314,extrae,2048,256,20,1.311216,1.140193,204
3315,printf,2048,128,23,0.659976,0.495013,1496
3316,printf,2048,192,17,0.825152,0.657456,385
3317,empty,2048,256,21,1.241322,1.074249,204
3318,oot,2048,256,8,1.558588,1.391578,204
3319,oot,2048,256,6,1.868386,1.701382,204
332,extrae,2048,256,7,1.678369,1.514268,204
3320,tikki,2048,128,6,1.606626,1.438854,1496
3321,scorep,2048,256,16,1.169359,0.999018,204
3322,void,2048,192,19,0.814261,0.647859,385
3323,tikki,2048,192,23,0.886292,0.666515,385
3324,printf,2048,64,21,0.601926,0.434039,11440
3325,void,2048,64,11,0.869340,0.702396,11440
3326,tikki,2048,64,7,1.293037,1.126032,11440
3327,tikki,2048,256,14,1.240877,1.073940,204
3328,extrae,2048,192,1,6.457842,6.293492,385
3329,void,2048,192,14,0.864316,0.697669,385
333,tikki,2048,192,1,6.495977,6.329558,385
3330,printf,2048,192,12,0.937004,0.770273,385
3331,extrae,2048,64,19,0.708470,0.544004,11440
3332,extrae,2048,192,6,1.416816,1.252613,385
3333,printf,2048,192,9,1.085188,0.918742,385
3334,extrae,2048,192,20,0.892645,0.718351,385
3335,oot,2048,192,21,0.797577,0.631715,385
3336,empty,2048,64,23,0.563901,0.396156,11440
3337,printf,2048,64,18,0.670459,0.502407,11440
3338,empty,2048,256,17,1.243355,1.076467,204
3339,empty,2048,64,3,2.468110,2.301640,11440
334,printf,2048,192,16,0.810753,0.644258,385
3340,empty,2048,64,12,0.809099,0.642616,11440
3341,void,2048,192,10,1.074500,0.866689,385
3342,scorep,2048,192,8,1.196912,1.029085,385
3343,printf,2048,128,4,2.100283,1.933625,1496
3344,void,2048,192,13,0.893761,0.726395,385
3345,oot,2048,128,13,0.883027,0.716049,1496
3346,oot,2048,192,16,0.798503,0.631451,385
3347,printf,2048,128,14,0.839753,0.672469,1496
3348,extrae,2048,64,22,0.715232,0.541987,11440
3349,empty,2048,128,13,0.876048,0.709385,1496
335,extrae,2048,192,11,1.006492,0.842420,385
3350,void,2048,128,13,0.885854,0.719330,1496
3351,extrae,2048,192,4,1.866893,1.702427,385
3352,tikki,2048,64,17,0.722330,0.555238,11440
3353,tikki,2048,64,4,1.975913,1.808431,11440
3354,extrae,2048,64,9,1.044527,0.880370,11440
3355,empty,2048,64,21,0.599522,0.432460,11440
3356,oot,2048,192,11,0.973273,0.806332,385
3357,extrae,2048,64,16,0.725026,0.561497,11440
3358,extrae,2048,192,3,2.347006,2.182392,385
3359,tikki,2048,64,23,0.614710,0.447134,11440
336,extrae,2048,64,16,0.725077,0.560333,11440
3360,printf,2048,192,20,0.796351,0.629838,385
3361,void,2048,64,8,1.100824,0.934313,11440
3362,scorep,2048,128,18,0.770641,0.599697,1496
3363,void,2048,256,20,1.244361,1.076327,204
3364,extrae,2048,64,15,0.745622,0.580144,11440
3365,empty,2048,256,20,1.238237,1.073390,204
3366,empty,2048,128,17,0.758727,0.592398,1496
3367,tikki,2048,64,14,0.782683,0.615578,11440
3368,tikki,2048,192,13,0.928785,0.761656,385
3369,oot,2048,256,15,1.198570,1.030944,204
337,empty,2048,192,19,0.813066,0.646655,385
3370,printf,2048,128,21,0.693938,0.527558,1496
3371,tikki,2048,128,3,2.763600,2.596177,1496
3372,empty,2048,192,8,1.176243,1.009985,385
3373,tikki,2048,192,16,0.852461,0.686076,385
3374,tikki,2048,64,22,0.627772,0.460636,11440
3375,void,2048,192,5,1.569265,1.402563,385
3376,tikki,2048,128,13,0.929795,0.762859,1496
3377,empty,2048,128,8,1.227393,1.060562,1496
3378,oot,2048,192,7,1.254281,1.087882,385
3379,tikki,2048,64,20,0.664393,0.496270,11440
338,oot,2048,64,6,1.400260,1.232478,11440
3380,printf,2048,64,21,0.600838,0.433283,11440
3381,empty,2048,192,24,0.808299,0.602794,385
3382,scorep,2048,256,14,1.207064,1.036931,204
3383,scorep,2048,64,17,0.666976,0.501821,11440
3384,empty,2048,128,20,0.719580,0.553088,1496
3385,tikki,2048,256,23,1.324466,1.118278,204
3386,empty,2048,128,16,0.761634,0.594991,1496
3387,printf,2048,64,3,2.457974,2.290280,11440
3388,tikki,2048,64,3,2.563832,2.396765,11440
3389,printf,2048,192,15,0.832126,0.664110,385
339,extrae,2048,64,1,6.810312,6.646312,11440
3390,printf,2048,128,3,2.744965,2.578229,1496
3391,oot,2048,192,11,0.971890,0.803730,385
3392,oot,2048,192,10,1.026523,0.859592,385
3393,void,2048,64,11,0.871160,0.703654,11440
3394,extrae,2048,128,24,0.780495,0.607852,1496
3395,extrae,2048,192,12,0.965727,0.801929,385
3396,oot,2048,128,3,2.740581,2.573740,1496
3397,scorep,2048,128,21,0.708172,0.537783,1496
3398,extrae,2048,128,19,0.790906,0.626777,1496
3399,tikki,2048,64,15,0.739615,0.573278,11440
34,tikki,2048,128,19,0.799592,0.632049,1496
340,empty,2048,256,11,1.327208,1.161082,204
3400,printf,2048,128,22,0.683281,0.515310,1496
3401,printf,2048,128,1,7.631174,7.463106,1496
3402,scorep,2048,64,24,0.562384,0.393168,11440
3403,empty,2048,256,22,1.241332,1.075194,204
3404,extrae,2048,64,16,0.724205,0.560404,11440
3405,printf,2048,64,8,1.109461,0.942977,11440
3406,oot,2048,256,2,4.163978,3.997626,204
3407,scorep,2048,192,14,0.853956,0.686011,385
3408,extrae,2048,256,11,1.343062,1.178254,204
3409,scorep,2048,128,23,0.663250,0.495318,1496
341,tikki,2048,256,23,1.293046,1.125258,204
3410,oot,2048,192,3,2.371229,2.204932,385
3411,void,2048,256,21,1.239464,1.072280,204
3412,scorep,2048,192,23,0.772708,0.608171,385
3413,printf,2048,256,21,1.239775,1.073612,204
3414,scorep,2048,128,14,0.841619,0.672479,1496
3415,extrae,2048,256,3,2.931697,2.766974,204
3416,scorep,2048,256,17,1.245355,1.077253,204
3417,scorep,2048,256,19,1.255552,1.085903,204
3418,extrae,2048,128,16,0.810515,0.647168,1496
3419,void,2048,256,4,2.279435,2.113794,204
342,printf,2048,256,5,2.032072,1.865353,204
3420,empty,2048,256,23,1.237733,1.070514,204
3421,scorep,2048,256,11,1.339399,1.170661,204
3422,empty,2048,64,18,0.664056,0.497359,11440
3423,extrae,2048,192,22,0.914631,0.742284,385
3424,tikki,2048,192,7,1.336805,1.170672,385
3425,void,2048,128,3,2.744818,2.578469,1496
3426,void,2048,128,8,1.226656,1.060344,1496
3427,extrae,2048,128,1,7.662766,7.499138,1496
3428,scorep,2048,128,7,1.382863,1.216643,1496
3429,tikki,2048,192,4,1.927995,1.761494,385
343,extrae,2048,128,17,0.802896,0.638709,1496
3430,printf,2048,192,24,0.770639,0.603229,385
3431,void,2048,64,5,1.652768,1.448516,11440
3432,oot,2048,192,5,1.583234,1.416464,385
3433,printf,2048,256,4,2.359816,2.185211,204
3434,empty,2048,64,2,3.582265,3.413896,11440
3435,empty,2048,64,1,6.756175,6.589476,11440
3436,empty,2048,128,21,0.697127,0.530422,1496
3437,printf,2048,256,6,1.868991,1.702768,204
3438,tikki,2048,192,20,0.862791,0.696335,385
3439,extrae,2048,192,2,3.395056,3.229830,385
344,scorep,2048,128,4,2.090203,1.919333,1496
3440,oot,2048,64,7,1.233155,1.066871,11440
3441,printf,2048,192,14,0.874283,0.693919,385
3442,empty,2048,192,11,0.974009,0.806786,385
3443,empty,2048,256,12,1.290921,1.124226,204
3444,scorep,2048,192,21,0.807724,0.638400,385
3445,extrae,2048,64,21,0.731507,0.559153,11440
3446,void,2048,256,23,1.238587,1.071164,204
3447,extrae,2048,256,16,1.208199,1.043710,204
3448,extrae,2048,64,17,0.723188,0.559074,11440
3449,empty,2048,256,8,1.552921,1.385843,204
345,empty,2048,192,15,0.834228,0.666580,385
3450,extrae,2048,256,12,1.336334,1.171790,204
3451,empty,2048,128,9,1.134409,0.967960,1496
3452,scorep,2048,128,6,1.562949,1.392961,1496
3453,scorep,2048,64,22,0.589813,0.419141,11440
3454,void,2048,256,14,1.198048,1.030662,204
3455,printf,2048,128,19,0.739802,0.573665,1496
3456,extrae,2048,256,14,1.236441,1.072428,204
3457,tikki,2048,256,22,1.291386,1.124579,204
3458,scorep,2048,64,20,0.630194,0.461524,11440
3459,empty,2048,192,20,0.860237,0.646304,385
346,extrae,2048,192,1,6.443581,6.279440,385
3460,printf,2048,256,17,1.224795,1.058486,204
3461,empty,2048,256,15,1.173656,1.007423,204
3462,extrae,2048,64,12,0.862667,0.697727,11440
3463,empty,2048,64,20,0.620622,0.454403,11440
3464,tikki,2048,256,14,1.255410,1.088567,204
3465,scorep,2048,64,1,6.791475,6.627088,11440
3466,oot,2048,256,14,1.192786,1.025705,204
3467,void,2048,256,1,7.931886,7.765921,204
3468,void,2048,128,5,1.762140,1.595778,1496
3469,empty,2048,128,19,0.742719,0.575821,1496
347,empty,2048,256,12,1.279177,1.112809,204
3470,scorep,2048,256,5,2.041701,1.868860,204
3471,oot,2048,64,6,1.431772,1.261676,11440
3472,printf,2048,256,13,1.275978,1.109649,204
3473,empty,2048,64,19,0.635566,0.468421,11440
3474,void,2048,192,2,3.368856,3.202592,385
3475,void,2048,256,18,1.273709,1.105520,204
3476,void,2048,256,12,1.312396,1.137320,204
3477,scorep,2048,128,9,1.145187,0.976007,1496
3478,printf,2048,192,5,1.584968,1.411367,385
3479,tikki,2048,256,10,1.423725,1.256317,204
348,scorep,2048,64,10,0.940330,0.771172,11440
3480,printf,2048,192,13,0.889491,0.722482,385
3481,printf,2048,128,2,3.947658,3.781498,1496
3482,void,2048,192,6,1.415806,1.249330,385
3483,printf,2048,192,7,1.263493,1.096837,385
3484,scorep,2048,128,8,1.245773,1.076287,1496
3485,empty,2048,256,17,1.245134,1.077888,204
3486,extrae,2048,64,3,2.511941,2.347006,11440
3487,void,2048,128,23,0.669248,0.501786,1496
3488,oot,2048,64,23,0.568649,0.401280,11440
3489,oot,2048,256,12,1.282788,1.114799,204
349,empty,2048,192,13,0.886974,0.720483,385
3490,oot,2048,64,16,0.671553,0.504289,11440
3491,empty,2048,128,24,0.650575,0.483342,1496
3492,oot,2048,128,5,1.820113,1.604492,1496
3493,printf,2048,64,12,0.819053,0.652353,11440
3494,scorep,2048,192,20,0.819299,0.650247,385
3495,tikki,2048,192,12,0.988642,0.821282,385
3496,scorep,2048,192,11,0.973035,0.803301,385
3497,void,2048,256,10,1.381148,1.214315,204
3498,oot,2048,64,18,0.666264,0.499182,11440
3499,extrae,2048,64,18,0.728389,0.563839,11440
35,void,2048,192,12,0.933758,0.768181,385
350,tikki,2048,128,12,0.983869,0.816116,1496
3500,extrae,2048,192,4,1.863271,1.698757,385
3501,scorep,2048,128,4,2.085870,1.922059,1496
3502,empty,2048,256,16,1.163563,0.997434,204
3503,empty,2048,128,1,7.642369,7.475829,1496
3504,scorep,2048,192,13,0.900383,0.732309,385
3505,void,2048,128,19,0.744993,0.578978,1496
3506,printf,2048,256,3,2.986877,2.820733,204
3507,oot,2048,192,12,0.932283,0.765842,385
3508,empty,2048,64,17,0.661764,0.494980,11440
3509,tikki,2048,128,10,1.117730,0.951515,1496
351,extrae,2048,256,3,2.955699,2.791319,204
3510,void,2048,192,17,0.827751,0.660884,385
3511,scorep,2048,128,13,0.893844,0.721944,1496
3512,oot,2048,256,21,1.242580,1.075767,204
3513,tikki,2048,128,5,1.840665,1.673930,1496
3514,tikki,2048,256,1,7.972403,7.805909,204
3515,void,2048,128,9,1.128144,0.962272,1496
3516,extrae,2048,256,24,1.375882,1.203459,204
3517,oot,2048,64,19,0.639239,0.475212,11440
3518,printf,2048,256,1,7.915401,7.748567,204
3519,void,2048,64,22,0.580670,0.413713,11440
352,empty,2048,256,8,1.557621,1.390915,204
3520,void,2048,256,13,1.267305,1.100657,204
3521,printf,2048,192,12,0.936101,0.768589,385
3522,oot,2048,256,5,2.003846,1.837666,204
3523,scorep,2048,64,13,0.778914,0.608998,11440
3524,tikki,2048,192,19,0.871022,0.704372,385
3525,extrae,2048,256,9,1.481381,1.317286,204
3526,oot,2048,192,19,0.825267,0.658399,385
3527,tikki,2048,64,4,1.979797,1.813269,11440
3528,scorep,2048,64,10,0.942402,0.772814,11440
3529,extrae,2048,256,19,1.304241,1.139953,204
353,tikki,2048,64,23,0.618178,0.450132,11440
3530,void,2048,192,21,0.800038,0.632056,385
3531,void,2048,192,22,0.798299,0.622917,385
3532,empty,2048,64,7,1.235246,1.069071,11440
3533,void,2048,192,3,2.367590,2.201660,385
3534,printf,2048,256,14,1.195700,1.028424,204
3535,empty,2048,256,21,1.239588,1.072322,204
3536,void,2048,256,3,2.957829,2.790298,204
3537,extrae,2048,64,10,0.980527,0.816588,11440
3538,void,2048,128,16,0.769085,0.602345,1496
3539,printf,2048,64,13,0.780427,0.613253,11440
354,printf,2048,192,11,0.981031,0.812750,385
3540,void,2048,256,6,1.871720,1.703580,204
3541,empty,2048,256,4,2.325761,2.158946,204
3542,extrae,2048,64,24,0.695349,0.523226,11440
3543,extrae,2048,64,4,1.897942,1.733824,11440
3544,extrae,2048,128,11,1.010875,0.846818,1496
3545,empty,2048,192,10,1.032823,0.866452,385
3546,oot,2048,64,24,0.552867,0.386061,11440
3547,tikki,2048,256,9,1.508020,1.341714,204
3548,tikki,2048,256,4,2.358833,2.192442,204
3549,oot,2048,256,9,1.461583,1.295396,204
355,void,2048,192,15,0.826460,0.658993,385
3550,scorep,2048,256,20,1.243227,1.079024,204
3551,extrae,2048,192,11,0.998322,0.833082,385
3552,void,2048,128,4,2.100839,1.933776,1496
3553,oot,2048,256,16,1.163540,0.995195,204
3554,extrae,2048,192,1,6.446191,6.282033,385
3555,oot,2048,128,6,1.560733,1.393390,1496
3556,printf,2048,128,8,1.231480,1.064453,1496
3557,empty,2048,192,19,0.817452,0.650422,385
3558,void,2048,64,12,0.814470,0.649034,11440
3559,extrae,2048,64,23,0.704665,0.532557,11440
356,extrae,2048,128,3,2.739256,2.573508,1496
3560,tikki,2048,128,6,1.612908,1.446392,1496
3561,printf,2048,192,21,0.799161,0.632271,385
3562,scorep,2048,256,24,1.242515,1.073073,204
3563,oot,2048,64,8,1.088565,0.922171,11440
3564,empty,2048,64,13,0.768632,0.601274,11440
3565,printf,2048,128,17,0.761611,0.595158,1496
3566,tikki,2048,256,16,1.203583,1.036350,204
3567,oot,2048,128,18,0.763490,0.596668,1496
3568,empty,2048,64,4,1.894996,1.728654,11440
3569,empty,2048,192,22,0.793732,0.627822,385
357,oot,2048,192,23,0.779025,0.611367,385
3570,oot,2048,128,4,2.086733,1.919413,1496
3571,void,2048,64,9,1.047152,0.841594,11440
3572,tikki,2048,256,5,2.104640,1.937829,204
3573,printf,2048,192,1,6.430299,6.263803,385
3574,printf,2048,128,18,0.764351,0.597635,1496
3575,tikki,2048,256,19,1.298440,1.131099,204
3576,scorep,2048,192,8,1.184373,1.015244,385
3577,oot,2048,64,9,1.007206,0.839946,11440
3578,printf,2048,64,20,0.626008,0.458334,11440
3579,printf,2048,256,2,4.141427,3.974281,204
358,tikki,2048,128,20,0.765416,0.598954,1496
3580,tikki,2048,64,21,0.648783,0.482210,11440
3581,tikki,2048,192,11,1.024026,0.858320,385
3582,scorep,2048,256,23,1.239671,1.071377,204
3583,void,2048,192,19,0.827264,0.660784,385
3584,tikki,2048,128,11,1.050905,0.884002,1496
3585,empty,2048,192,17,0.826738,0.659455,385
3586,tikki,2048,64,23,0.618822,0.451522,11440
3587,oot,2048,128,16,0.771833,0.604154,1496
3588,oot,2048,64,5,1.615034,1.449506,11440
3589,printf,2048,64,15,0.704322,0.538780,11440
359,extrae,2048,192,8,1.204579,1.040124,385
3590,printf,2048,64,18,0.667339,0.500245,11440
3591,void,2048,192,11,0.969760,0.801982,385
3592,extrae,2048,192,19,0.870635,0.707140,385
3593,scorep,2048,64,8,1.107114,0.937706,11440
3594,empty,2048,128,15,0.797820,0.629382,1496
3595,extrae,2048,192,9,1.111775,0.946922,385
3596,extrae,2048,128,21,0.813499,0.641472,1496
3597,scorep,2048,192,12,0.933993,0.769930,385
3598,void,2048,64,23,0.566962,0.400583,11440
3599,void,2048,64,4,1.927013,1.759701,11440
36,tikki,2048,128,10,1.119402,0.951351,1496
360,scorep,2048,64,4,1.906304,1.739422,11440
3600,oot,2048,64,4,1.893737,1.726749,11440
3601,extrae,2048,128,20,0.785763,0.621199,1496
3602,void,2048,192,9,1.089921,0.923381,385
3603,printf,2048,128,10,1.047185,0.880424,1496
3604,empty,2048,192,2,3.355914,3.189591,385
3605,void,2048,128,2,3.930490,3.762741,1496
3606,void,2048,64,24,0.550268,0.383243,11440
3607,printf,2048,64,24,0.554159,0.387582,11440
3608,printf,2048,192,16,0.793477,0.627569,385
3609,printf,2048,64,5,1.626865,1.460721,11440
361,extrae,2048,256,1,7.931529,7.767043,204
3610,tikki,2048,256,11,1.376093,1.210685,204
3611,void,2048,256,24,1.232912,1.066408,204
3612,tikki,2048,128,9,1.194086,1.026128,1496
3613,empty,2048,128,23,0.662149,0.494429,1496
3614,oot,2048,64,13,0.773313,0.604971,11440
3615,extrae,2048,192,17,0.873153,0.708742,385
3616,void,2048,256,17,1.214777,1.048829,204
3617,printf,2048,192,20,0.814040,0.648192,385
3618,scorep,2048,256,8,1.561526,1.391504,204
3619,tikki,2048,192,10,1.107093,0.939280,385
362,tikki,2048,64,2,3.657811,3.491599,11440
3620,tikki,2048,128,18,0.820829,0.653418,1496
3621,empty,2048,128,7,1.379126,1.211847,1496
3622,empty,2048,192,15,0.834432,0.668549,385
3623,printf,2048,256,24,1.241838,1.074655,204
3624,empty,2048,64,5,1.597647,1.428351,11440
3625,scorep,2048,192,3,2.365131,2.194745,385
3626,oot,2048,128,23,0.662358,0.497435,1496
3627,extrae,2048,128,2,3.947830,3.782873,1496
3628,scorep,2048,192,4,1.856863,1.686845,385
3629,empty,2048,192,6,1.405001,1.237039,385
363,void,2048,256,6,1.864916,1.698684,204
3630,void,2048,64,1,6.753196,6.585425,11440
3631,extrae,2048,64,20,0.700668,0.527070,11440
3632,empty,2048,192,5,1.578823,1.413021,385
3633,tikki,2048,192,23,0.829146,0.661994,385
3634,tikki,2048,128,1,7.692284,7.525336,1496
3635,scorep,2048,64,6,1.398892,1.231153,11440
3636,printf,2048,64,4,1.893742,1.727556,11440
3637,oot,2048,64,2,3.566817,3.399814,11440
3638,scorep,2048,256,6,1.862359,1.698837,204
3639,void,2048,256,7,1.673313,1.506360,204
364,printf,2048,256,4,2.296712,2.128685,204
3640,void,2048,256,19,1.248098,1.081439,204
3641,extrae,2048,128,14,0.884402,0.720521,1496
3642,printf,2048,256,18,1.273275,1.106587,204
3643,scorep,2048,192,7,1.265554,1.095673,385
3644,oot,2048,256,24,1.238532,1.071491,204
3645,tikki,2048,64,1,6.854880,6.688329,11440
3646,void,2048,128,6,1.554583,1.386504,1496
3647,void,2048,192,7,1.261408,1.094007,385
3648,empty,2048,64,16,0.667447,0.500137,11440
3649,tikki,2048,192,5,1.637238,1.456776,385
365,empty,2048,64,3,2.458199,2.291690,11440
3650,scorep,2048,192,22,0.799049,0.628954,385
3651,tikki,2048,64,7,1.293075,1.126651,11440
3652,oot,2048,192,20,0.813363,0.647475,385
3653,empty,2048,256,3,2.919430,2.753662,204
3654,tikki,2048,192,17,0.888260,0.721081,385
3655,printf,2048,64,16,0.674113,0.508080,11440
3656,printf,2048,128,20,0.723084,0.555901,1496
3657,printf,2048,192,4,1.858621,1.692348,385
3658,empty,2048,256,13,1.276787,1.110350,204
3659,void,2048,64,10,0.936118,0.768695,11440
366,oot,2048,256,17,1.226157,1.059574,204
3660,printf,2048,192,3,2.374580,2.208074,385
3661,empty,2048,128,12,0.917743,0.751927,1496
3662,extrae,2048,192,5,1.601276,1.436505,385
3663,void,2048,192,14,0.858231,0.691806,385
3664,void,2048,192,15,0.830288,0.663729,385
3665,tikki,2048,128,15,0.855028,0.688897,1496
3666,void,2048,128,10,1.062475,0.895511,1496
3667,extrae,2048,64,13,0.813869,0.650225,11440
3668,extrae,2048,192,13,0.920105,0.755901,385
3669,extrae,2048,256,10,1.413356,1.235311,204
367,printf,2048,256,7,1.665935,1.498490,204
3670,tikki,2048,128,17,0.811313,0.645186,1496
3671,printf,2048,192,19,0.816117,0.648704,385
3672,void,2048,64,7,1.233836,1.067133,11440
3673,tikki,2048,192,3,2.415559,2.247678,385
3674,printf,2048,64,6,1.450113,1.244716,11440
3675,oot,2048,192,21,0.803020,0.636084,385
3676,scorep,2048,64,16,0.679374,0.510981,11440
3677,extrae,2048,192,23,0.901250,0.728321,385
3678,extrae,2048,128,13,0.912932,0.748962,1496
3679,extrae,2048,128,6,1.568024,1.403305,1496
368,printf,2048,128,12,0.923085,0.756687,1496
3680,printf,2048,64,19,0.642875,0.476293,11440
3681,void,2048,192,16,0.805937,0.638991,385
3682,printf,2048,64,7,1.237255,1.069702,11440
3683,empty,2048,256,9,1.452024,1.285813,204
3684,scorep,2048,256,3,2.940570,2.771736,204
3685,void,2048,192,20,0.809866,0.635223,385
3686,oot,2048,192,8,1.187103,1.021685,385
3687,tikki,2048,128,19,0.804174,0.637781,1496
3688,oot,2048,128,1,7.633138,7.467886,1496
3689,empty,2048,256,1,7.904259,7.738615,204
369,empty,2048,128,7,1.376668,1.209325,1496
3690,void,2048,128,22,0.679075,0.512867,1496
3691,tikki,2048,192,2,3.422484,3.255795,385
3692,empty,2048,192,1,6.431115,6.262756,385
3693,tikki,2048,256,8,1.606884,1.440554,204
3694,void,2048,128,13,0.885598,0.718614,1496
3695,void,2048,256,9,1.454076,1.287386,204
3696,empty,2048,64,10,0.941149,0.774980,11440
3697,scorep,2048,256,16,1.160085,0.994777,204
3698,extrae,2048,192,15,0.874102,0.709586,385
3699,oot,2048,256,17,1.240703,1.075386,204
37,empty,2048,128,12,0.922200,0.754980,1496
370,tikki,2048,64,21,0.666912,0.499845,11440
3700,empty,2048,192,13,0.896392,0.729166,385
3701,extrae,2048,256,4,2.282761,2.117994,204
3702,tikki,2048,64,19,0.687405,0.521590,11440
3703,printf,2048,256,12,1.283029,1.116992,204
3704,printf,2048,128,24,0.651652,0.483102,1496
3705,printf,2048,192,2,3.365846,3.199001,385
3706,void,2048,64,13,0.769342,0.602069,11440
3707,extrae,2048,256,2,4.167863,4.003105,204
3708,extrae,2048,256,7,1.677927,1.513511,204
3709,extrae,2048,256,21,1.351314,1.178694,204
371,void,2048,256,2,4.177079,4.009906,204
3710,void,2048,192,8,1.178813,1.012849,385
3711,tikki,2048,128,16,0.815970,0.650128,1496
3712,void,2048,128,21,0.698724,0.532600,1496
3713,oot,2048,192,6,1.415552,1.249167,385
3714,tikki,2048,128,12,0.985581,0.818318,1496
3715,printf,2048,192,22,0.795200,0.628805,385
3716,scorep,2048,256,2,4.170266,4.000960,204
3717,scorep,2048,256,22,1.246549,1.077624,204
3718,oot,2048,256,18,1.289499,1.124078,204
3719,tikki,2048,192,9,1.140432,0.973739,385
372,scorep,2048,256,17,1.225343,1.060557,204
3720,tikki,2048,64,9,1.061817,0.895127,11440
3721,void,2048,128,15,0.800694,0.632800,1496
3722,oot,2048,256,7,1.663051,1.496854,204
3723,scorep,2048,192,9,1.098478,0.929218,385
3724,extrae,2048,128,10,1.085900,0.922034,1496
3725,printf,2048,256,5,2.046032,1.879485,204
3726,void,2048,256,22,1.242829,1.075530,204
3727,void,2048,64,21,0.598420,0.432912,11440
3728,extrae,2048,256,18,1.336038,1.172051,204
3729,oot,2048,192,24,0.776103,0.610000,385
373,scorep,2048,256,15,1.178536,1.007190,204
3730,scorep,2048,192,17,0.823153,0.659297,385
3731,void,2048,64,15,0.705360,0.538696,11440
3732,scorep,2048,192,10,1.041996,0.870931,385
3733,scorep,2048,256,10,1.385130,1.216346,204
3734,tikki,2048,128,7,1.423523,1.257176,1496
3735,extrae,2048,64,14,0.782863,0.618572,11440
3736,tikki,2048,192,15,0.864707,0.698261,385
3737,scorep,2048,128,10,1.067095,0.897781,1496
3738,oot,2048,64,10,0.940353,0.772887,11440
3739,extrae,2048,64,7,1.267668,1.104736,11440
374,tikki,2048,192,6,1.468910,1.302551,385
3740,tikki,2048,256,2,4.223361,4.057266,204
3741,void,2048,128,1,7.640162,7.473661,1496
3742,extrae,2048,128,17,0.809499,0.645579,1496
3743,empty,2048,64,15,0.700201,0.533010,11440
3744,scorep,2048,128,19,0.749795,0.579986,1496
3745,scorep,2048,64,23,0.571920,0.407643,11440
3746,void,2048,64,20,0.625068,0.458254,11440
3747,void,2048,64,2,3.612057,3.445308,11440
3748,tikki,2048,128,8,1.291361,1.124485,1496
3749,tikki,2048,192,21,0.846302,0.680645,385
375,empty,2048,128,6,1.564387,1.398139,1496
3750,void,2048,64,19,0.641974,0.475318,11440
3751,empty,2048,64,9,1.009973,0.841919,11440
3752,extrae,2048,192,3,2.373393,2.208393,385
3753,scorep,2048,64,4,1.934047,1.765664,11440
3754,empty,2048,192,18,0.835759,0.668078,385
3755,scorep,2048,64,5,1.606771,1.437266,11440
3756,scorep,2048,64,9,1.010594,0.841704,11440
3757,oot,2048,192,17,0.813263,0.646641,385
3758,void,2048,64,6,1.432862,1.265041,11440
3759,printf,2048,64,1,6.787318,6.620750,11440
376,scorep,2048,64,8,1.100790,0.929743,11440
3760,extrae,2048,256,13,1.327771,1.144530,204
3761,tikki,2048,128,2,4.009930,3.843838,1496
3762,printf,2048,192,10,1.031947,0.865744,385
3763,extrae,2048,192,18,0.883168,0.718665,385
3764,oot,2048,64,11,0.877008,0.711333,11440
3765,oot,2048,192,14,0.853268,0.687263,385
3766,scorep,2048,192,1,6.421043,6.254224,385
3767,void,2048,128,11,0.990010,0.823656,1496
3768,oot,2048,64,21,0.598749,0.432210,11440
3769,scorep,2048,256,15,1.185283,1.020609,204
377,extrae,2048,128,11,1.015068,0.851264,1496
3770,oot,2048,256,19,1.249326,1.082244,204
3771,extrae,2048,64,11,0.911897,0.748049,11440
3772,scorep,2048,128,22,0.690934,0.521295,1496
3773,empty,2048,64,21,0.599984,0.433656,11440
3774,extrae,2048,64,1,6.792125,6.627797,11440
3775,tikki,2048,256,3,3.004973,2.839425,204
3776,oot,2048,64,3,2.481155,2.314849,11440
3777,tikki,2048,192,14,0.904614,0.737888,385
3778,printf,2048,192,23,0.772236,0.606065,385
3779,printf,2048,64,10,0.936976,0.771153,11440
378,empty,2048,192,3,2.358347,2.192339,385
3780,void,2048,64,14,0.734620,0.566991,11440
3781,extrae,2048,128,8,1.247967,1.082941,1496
3782,extrae,2048,64,19,0.704315,0.540388,11440
3783,tikki,2048,192,8,1.242543,1.076107,385
3784,extrae,2048,256,6,1.877778,1.713039,204
3785,tikki,2048,128,22,0.725604,0.559233,1496
3786,tikki,2048,128,21,0.750678,0.583379,1496
3787,oot,2048,128,11,0.978074,0.811667,1496
3788,extrae,2048,256,23,1.356270,1.184263,204
3789,void,2048,64,3,2.445451,2.278520,11440
379,void,2048,64,4,1.875873,1.709575,11440
3790,tikki,2048,192,1,6.488856,6.321544,385
3791,void,2048,256,2,4.166996,4.001302,204
3792,extrae,2048,192,14,0.898400,0.734650,385
3793,void,2048,128,18,0.763541,0.596699,1496
3794,printf,2048,128,16,0.768741,0.602408,1496
3795,printf,2048,192,17,0.832175,0.665192,385
3796,scorep,2048,64,11,0.873891,0.706291,11440
3797,oot,2048,128,12,0.934709,0.760811,1496
3798,scorep,2048,256,21,1.248554,1.078933,204
3799,printf,2048,64,2,3.632823,3.465852,11440
38,tikki,2048,128,6,1.611202,1.443979,1496
380,extrae,2048,192,4,1.861508,1.697152,385
3800,printf,2048,192,9,1.088293,0.921109,385
3801,printf,2048,128,15,0.810348,0.644041,1496
3802,empty,2048,64,12,0.813365,0.646814,11440
3803,tikki,2048,64,13,0.819556,0.652772,11440
3804,tikki,2048,256,20,1.279837,1.113347,204
3805,scorep,2048,128,16,0.764809,0.598796,1496
3806,void,2048,192,13,0.892894,0.726139,385
3807,printf,2048,256,7,1.654349,1.487336,204
3808,scorep,2048,64,21,0.602921,0.438447,11440
3809,printf,2048,192,8,1.182649,1.015999,385
381,oot,2048,192,22,0.791943,0.625383,385
3810,empty,2048,128,14,0.838950,0.670744,1496
3811,void,2048,128,24,0.647966,0.481135,1496
3812,tikki,2048,64,24,0.608036,0.441074,11440
3813,oot,2048,192,13,0.883891,0.717024,385
3814,oot,2048,128,14,0.841244,0.674483,1496
3815,printf,2048,64,9,1.010323,0.842901,11440
3816,extrae,2048,256,8,1.572064,1.407892,204
3817,printf,2048,128,6,1.563556,1.396258,1496
3818,oot,2048,192,18,0.835690,0.668639,385
3819,scorep,2048,64,7,1.274430,1.106489,11440
382,scorep,2048,64,16,0.681385,0.512750,11440
3820,oot,2048,64,1,6.780505,6.614015,11440
3821,scorep,2048,128,15,0.802460,0.633043,1496
3822,extrae,2048,128,18,0.811831,0.647550,1496
3823,extrae,2048,128,9,1.154061,0.989359,1496
3824,scorep,2048,64,3,2.474484,2.306630,11440
3825,oot,2048,192,22,0.794084,0.627822,385
3826,scorep,2048,64,19,0.649912,0.480087,11440
3827,tikki,2048,64,5,1.653835,1.487034,11440
3828,oot,2048,128,22,0.679888,0.513442,1496
3829,empty,2048,192,16,0.809504,0.642719,385
383,void,2048,256,20,1.243008,1.076592,204
3830,printf,2048,192,6,1.408614,1.242004,385
3831,tikki,2048,64,8,1.153339,0.986627,11440
3832,tikki,2048,256,15,1.230076,1.063083,204
3833,oot,2048,64,15,0.755106,0.535754,11440
3834,oot,2048,128,13,0.880659,0.713388,1496
3835,oot,2048,128,15,0.804658,0.638471,1496
3836,void,2048,256,11,1.358659,1.172661,204
3837,tikki,2048,64,6,1.478154,1.310743,11440
3838,empty,2048,64,6,1.400218,1.233239,11440
3839,scorep,2048,128,11,0.998148,0.826979,1496
384,oot,2048,192,14,0.848968,0.681546,385
3840,empty,2048,128,22,0.677240,0.510394,1496
3841,void,2048,192,23,0.784412,0.617357,385
3842,tikki,2048,64,2,3.624670,3.457408,11440
3843,empty,2048,256,7,1.669327,1.502351,204
3844,printf,2048,256,15,1.178710,1.012832,204
3845,oot,2048,128,24,0.650908,0.482366,1496
3846,scorep,2048,192,18,0.827538,0.662954,385
3847,oot,2048,64,14,0.740667,0.565446,11440
3848,tikki,2048,128,4,2.149878,1.981892,1496
3849,printf,2048,128,4,2.095833,1.928937,1496
385,void,2048,128,24,0.647142,0.479480,1496
3850,tikki,2048,192,22,0.827341,0.660422,385
3851,scorep,2048,256,12,1.294932,1.125010,204
3852,extrae,2048,256,5,2.047155,1.881699,204
3853,printf,2048,256,10,1.371871,1.204315,204
3854,empty,2048,128,18,0.766680,0.599721,1496
3855,oot,2048,256,8,1.560534,1.393059,204
3856,oot,2048,128,20,0.725692,0.557966,1496
3857,printf,2048,256,8,1.565842,1.397491,204
3858,empty,2048,256,19,1.245628,1.079687,204
3859,empty,2048,192,4,1.859141,1.693256,385
386,void,2048,192,19,0.815114,0.647640,385
3860,oot,2048,256,3,2.985338,2.819355,204
3861,empty,2048,64,8,1.082058,0.915581,11440
3862,extrae,2048,192,6,1.415257,1.250866,385
3863,tikki,2048,192,6,1.526726,1.308321,385
3864,empty,2048,128,11,0.985254,0.818748,1496
3865,extrae,2048,256,1,7.919291,7.755505,204
3866,oot,2048,192,23,0.786606,0.620720,385
3867,scorep,2048,256,9,1.459683,1.289988,204
3868,printf,2048,64,14,0.732216,0.565619,11440
3869,extrae,2048,192,16,0.842093,0.678326,385
387,scorep,2048,192,11,0.979071,0.806785,385
3870,oot,2048,128,8,1.224523,1.057489,1496
3871,scorep,2048,192,24,0.779216,0.609340,385
3872,tikki,2048,64,11,0.940832,0.774798,11440
3873,empty,2048,256,11,1.326818,1.159841,204
3874,printf,2048,64,17,0.667105,0.500220,11440
3875,oot,2048,256,22,1.247694,1.080106,204
3876,oot,2048,64,17,0.667672,0.501245,11440
3877,empty,2048,192,9,1.090518,0.925093,385
3878,void,2048,192,12,0.928533,0.762432,385
3879,oot,2048,64,12,0.819100,0.651116,11440
388,oot,2048,256,3,2.930673,2.764558,204
3880,scorep,2048,64,2,3.599775,3.430542,11440
3881,oot,2048,256,6,1.868857,1.702446,204
3882,tikki,2048,256,24,1.295347,1.128970,204
3883,printf,2048,256,16,1.169826,1.004352,204
3884,empty,2048,192,12,0.932470,0.765956,385
3885,scorep,2048,64,15,0.702790,0.538638,11440
3886,void,2048,256,15,1.194262,1.027813,204
3887,empty,2048,128,5,1.778813,1.610924,1496
3888,tikki,2048,64,18,0.721238,0.552791,11440
3889,scorep,2048,128,20,0.725423,0.556727,1496
389,scorep,2048,192,4,1.855106,1.690299,385
3890,void,2048,64,16,0.670630,0.503877,11440
3891,scorep,2048,128,2,3.927553,3.758702,1496
3892,tikki,2048,128,14,0.898909,0.731943,1496
3893,printf,2048,256,22,1.241698,1.075460,204
3894,scorep,2048,256,4,2.354651,2.184605,204
3895,empty,2048,128,6,1.567887,1.400318,1496
3896,void,2048,64,18,0.665855,0.499695,11440
3897,empty,2048,128,13,0.883350,0.716301,1496
3898,extrae,2048,256,17,1.254531,1.089577,204
3899,scorep,2048,64,14,0.737268,0.570357,11440
39,void,2048,192,4,1.854011,1.679138,385
390,extrae,2048,64,19,0.704489,0.540492,11440
3900,empty,2048,192,7,1.261238,1.093508,385
3901,extrae,2048,64,22,0.720208,0.547081,11440
3902,tikki,2048,128,24,0.693792,0.527338,1496
3903,oot,2048,256,1,7.908100,7.741491,204
3904,empty,2048,128,10,1.053823,0.887557,1496
3905,empty,2048,192,14,0.859632,0.692917,385
3906,scorep,2048,256,18,1.289668,1.125328,204
3907,empty,2048,128,3,2.752362,2.585286,1496
3908,printf,2048,64,22,0.589014,0.422242,11440
3909,empty,2048,64,22,0.582763,0.415460,11440
391,extrae,2048,128,1,7.647379,7.482671,1496
3910,extrae,2048,128,5,1.786403,1.621825,1496
3911,void,2048,192,18,0.828953,0.662882,385
3912,extrae,2048,64,8,1.134316,0.969508,11440
3913,extrae,2048,64,5,1.621303,1.458471,11440
3914,extrae,2048,192,8,1.199854,1.035217,385
3915,empty,2048,128,4,2.106535,1.939802,1496
3916,empty,2048,64,24,0.550328,0.383018,11440
3917,tikki,2048,64,16,0.713956,0.547025,11440
3918,oot,2048,192,9,1.095049,0.928060,385
3919,oot,2048,256,13,1.270171,1.102369,204
392,oot,2048,192,10,1.031247,0.863239,385
3920,printf,2048,256,20,1.241244,1.073548,204
3921,void,2048,256,16,1.172241,1.005097,204
3922,oot,2048,128,7,1.384483,1.217759,1496
3923,extrae,2048,64,6,1.414404,1.249248,11440
3924,scorep,2048,256,13,1.227073,1.058158,204
3925,void,2048,256,8,1.557278,1.389496,204
3926,extrae,2048,128,7,1.395139,1.230844,1496
3927,oot,2048,128,9,1.135001,0.968281,1496
3928,printf,2048,256,9,1.453567,1.287393,204
3929,scorep,2048,256,7,1.664488,1.493919,204
393,scorep,2048,64,1,6.794350,6.624634,11440
3930,void,2048,192,24,0.767576,0.600788,385
3931,printf,2048,128,12,0.922225,0.756888,1496
3932,oot,2048,256,20,1.246825,1.079710,204
3933,oot,2048,128,17,0.756302,0.588860,1496
3934,extrae,2048,192,7,1.279566,1.115191,385
3935,printf,2048,256,19,1.249947,1.084354,204
3936,oot,2048,256,11,1.335378,1.169439,204
3937,scorep,2048,256,1,7.934106,7.764405,204
3938,scorep,2048,64,12,0.819553,0.651719,11440
3939,scorep,2048,192,6,1.414918,1.249732,385
394,tikki,2048,192,5,1.609509,1.441937,385
3940,extrae,2048,256,22,1.363394,1.190539,204
3941,void,2048,64,17,0.664418,0.497038,11440
3942,empty,2048,256,6,1.864705,1.697821,204
3943,printf,2048,64,23,0.571149,0.403336,11440
3944,printf,2048,128,9,1.128892,0.962896,1496
3945,printf,2048,192,11,0.971708,0.804960,385
3946,tikki,2048,64,17,0.711533,0.546007,11440
3947,void,2048,192,10,1.034092,0.867680,385
3948,scorep,2048,128,3,2.742791,2.561860,1496
3949,tikki,2048,64,10,1.004391,0.837766,11440
395,scorep,2048,256,11,1.326638,1.156621,204
3950,void,2048,128,20,0.721878,0.555701,1496
3951,extrae,2048,64,9,1.039838,0.875327,11440
3952,oot,2048,128,10,1.058975,0.891983,1496
3953,scorep,2048,128,24,0.659099,0.491486,1496
3954,tikki,2048,128,20,0.775357,0.609134,1496
3955,void,2048,192,1,6.428304,6.262433,385
3956,empty,2048,256,14,1.197464,1.031773,204
3957,extrae,2048,64,2,3.618217,3.454543,11440
3958,oot,2048,128,19,0.741237,0.575753,1496
3959,scorep,2048,128,5,1.785935,1.616187,1496
396,scorep,2048,64,2,3.598720,3.429501,11440
3960,printf,2048,192,18,0.823611,0.656943,385
3961,extrae,2048,192,20,0.876159,0.711449,385
3962,tikki,2048,256,17,1.288876,1.122931,204
3963,void,2048,192,4,1.857664,1.691242,385
3964,printf,2048,64,11,0.870089,0.703261,11440
3965,scorep,2048,128,17,0.765369,0.595270,1496
3966,tikki,2048,256,7,1.712942,1.547542,204
3967,empty,2048,256,18,1.274920,1.109072,204
3968,void,2048,128,12,0.924913,0.758310,1496
3969,empty,2048,256,24,1.237147,1.070463,204
397,empty,2048,64,7,1.236555,1.068805,11440
3970,printf,2048,128,23,0.678456,0.493025,1496
3971,empty,2048,64,23,0.566033,0.399478,11440
3972,oot,2048,128,2,3.951118,3.784360,1496
3973,empty,2048,64,14,0.729231,0.563069,11440
3974,oot,2048,192,4,1.849419,1.682321,385
3975,empty,2048,128,2,3.963888,3.797470,1496
3976,extrae,2048,192,10,1.057772,0.893255,385
3977,oot,2048,128,21,0.697120,0.530171,1496
3978,scorep,2048,192,19,0.822356,0.658533,385
3979,extrae,2048,128,23,0.787329,0.614912,1496
398,empty,2048,256,15,1.177802,1.010269,204
3980,printf,2048,256,23,1.237860,1.071288,204
3981,extrae,2048,256,20,1.301346,1.137030,204
3982,void,2048,128,14,0.840594,0.673666,1496
3983,tikki,2048,128,23,0.723097,0.554906,1496
3984,oot,2048,256,10,1.379964,1.213079,204
3985,scorep,2048,192,2,3.369829,3.200434,385
3986,extrae,2048,128,4,2.105759,1.922617,1496
3987,empty,2048,192,3,2.376431,2.210998,385
3988,extrae,2048,192,24,0.903725,0.730044,385
3989,oot,2048,256,23,1.236386,1.070136,204
399,extrae,2048,256,16,1.211031,1.046784,204
3990,scorep,2048,192,15,0.833835,0.664116,385
3991,extrae,2048,192,21,0.915176,0.742322,385
3992,extrae,2048,256,15,1.213282,1.049498,204
3993,void,2048,128,17,0.760017,0.594087,1496
3994,void,2048,256,5,2.043402,1.876586,204
3995,scorep,2048,128,12,0.930631,0.760899,1496
3996,tikki,2048,256,6,1.913375,1.746424,204
3997,printf,2048,256,11,1.332799,1.165820,204
3998,printf,2048,128,14,0.841916,0.675338,1496
3999,printf,2048,128,13,0.884310,0.717016,1496
4,printf,2048,128,16,0.766631,0.599342,1496
40,void,2048,128,9,1.129519,0.962232,1496
400,scorep,2048,192,18,0.835180,0.667807,385
4000,scorep,2048,192,5,1.588781,1.419011,385
4001,printf,2048,128,11,0.982120,0.814615,1496
4002,tikki,2048,192,18,0.892544,0.726191,385
4003,printf,2048,128,7,1.378528,1.211402,1496
4004,scorep,2048,192,16,0.794141,0.629625,385
4005,extrae,2048,128,3,2.767375,2.601473,1496
4006,tikki,2048,256,21,1.287178,1.120166,204
4007,empty,2048,256,10,1.373811,1.207447,204
4008,oot,2048,192,15,0.837079,0.670407,385
4009,tikki,2048,256,13,1.312676,1.145945,204
401,extrae,2048,128,13,0.919555,0.756016,1496
4010,void,2048,128,7,1.373922,1.207105,1496
4011,oot,2048,64,20,0.623298,0.455799,11440
4012,tikki,2048,192,24,0.825398,0.658458,385
4013,empty,2048,192,21,0.800761,0.634488,385
4014,empty,2048,64,11,0.869173,0.702571,11440
4015,oot,2048,256,4,2.295675,2.127187,204
4016,oot,2048,64,22,0.585414,0.419000,11440
4017,extrae,2048,128,12,0.963916,0.799471,1496
4018,oot,2048,192,2,3.374070,3.208163,385
4019,extrae,2048,128,15,0.844018,0.679251,1496
402,extrae,2048,64,23,0.719160,0.546640,11440
4020,oot,2048,192,16,0.796606,0.629775,385
4021,empty,2048,192,23,0.772976,0.606112,385
4022,empty,2048,64,3,2.482242,2.315408,11440
4023,empty,2048,256,2,4.167020,4.001550,204
4024,tikki,2048,256,18,1.321978,1.154454,204
4025,scorep,2048,128,1,7.651195,7.482345,1496
4026,printf,2048,128,5,1.778964,1.611721,1496
4027,empty,2048,256,5,2.005103,1.837964,204
4028,tikki,2048,64,12,0.862813,0.695531,11440
4029,tikki,2048,256,12,1.353161,1.179367,204
403,oot,2048,192,18,0.833832,0.667639,385
4030,oot,2048,192,1,6.463012,6.250070,385
4031,extrae,2048,128,22,0.797402,0.624273,1496
4032,scorep,2048,64,18,0.670700,0.504856,11440
4033,void,2048,64,9,1.000634,0.834718,11440
4034,empty,2048,192,8,1.175243,1.008551,385
4035,tikki,2048,256,6,1.923052,1.755208,204
4036,oot,2048,128,8,1.234430,1.067795,1496
4037,scorep,2048,256,10,1.386391,1.216131,204
4038,printf,2048,64,17,0.664483,0.497730,11440
4039,void,2048,256,5,2.040268,1.872605,204
404,empty,2048,256,3,2.911497,2.743820,204
4040,scorep,2048,192,21,0.806494,0.638004,385
4041,extrae,2048,64,14,0.775033,0.610438,11440
4042,tikki,2048,256,20,1.299326,1.133215,204
4043,oot,2048,64,10,0.941866,0.774515,11440
4044,printf,2048,256,4,2.283327,2.117118,204
4045,oot,2048,64,16,0.670086,0.503671,11440
4046,void,2048,128,24,0.648952,0.481786,1496
4047,void,2048,192,9,1.094536,0.927125,385
4048,extrae,2048,192,22,0.907138,0.734234,385
4049,tikki,2048,128,14,0.908216,0.741155,1496
405,tikki,2048,64,6,1.474966,1.307586,11440
4050,oot,2048,128,7,1.380273,1.213513,1496
4051,void,2048,64,4,1.906755,1.733269,11440
4052,scorep,2048,128,16,0.765703,0.594979,1496
4053,oot,2048,128,15,0.806288,0.639222,1496
4054,oot,2048,256,16,1.178327,1.010336,204
4055,oot,2048,256,20,1.242245,1.071831,204
4056,extrae,2048,64,22,0.720728,0.547280,11440
4057,tikki,2048,192,23,0.842542,0.675776,385
4058,empty,2048,128,2,3.929293,3.762419,1496
4059,printf,2048,64,4,1.906823,1.740335,11440
406,void,2048,64,8,1.095091,0.927506,11440
4060,scorep,2048,128,14,0.846072,0.676805,1496
4061,extrae,2048,192,16,0.854371,0.690613,385
4062,tikki,2048,64,4,1.976375,1.809851,11440
4063,extrae,2048,192,6,1.411765,1.247458,385
4064,oot,2048,192,13,0.899961,0.733519,385
4065,oot,2048,128,22,0.677329,0.509546,1496
4066,empty,2048,256,22,1.295839,1.076224,204
4067,extrae,2048,64,9,1.040817,0.876522,11440
4068,tikki,2048,128,10,1.111888,0.944993,1496
4069,empty,2048,192,15,0.831869,0.666037,385
407,scorep,2048,128,8,1.237938,1.073433,1496
4070,tikki,2048,64,21,0.648439,0.482551,11440
4071,tikki,2048,128,5,1.828326,1.661904,1496
4072,tikki,2048,64,8,1.192215,0.977091,11440
4073,tikki,2048,64,7,1.291611,1.124785,11440
4074,empty,2048,256,14,1.200081,1.033472,204
4075,empty,2048,192,13,0.891611,0.725160,385
4076,printf,2048,192,5,1.575469,1.408923,385
4077,void,2048,256,16,1.162184,0.994991,204
4078,tikki,2048,192,2,3.415729,3.249845,385
4079,empty,2048,256,21,1.240970,1.073916,204
408,void,2048,128,2,3.937803,3.769765,1496
4080,printf,2048,256,7,1.671555,1.504211,204
4081,scorep,2048,128,3,2.754524,2.582373,1496
4082,void,2048,64,21,0.597083,0.430100,11440
4083,printf,2048,64,12,0.817175,0.650585,11440
4084,empty,2048,256,8,1.554891,1.386914,204
4085,empty,2048,128,7,1.379125,1.211997,1496
4086,empty,2048,192,5,1.588003,1.420965,385
4087,empty,2048,128,11,0.979296,0.812653,1496
4088,void,2048,256,10,1.375047,1.208401,204
4089,scorep,2048,256,11,1.363482,1.195750,204
409,void,2048,192,22,0.795938,0.629005,385
4090,scorep,2048,128,5,1.786244,1.617047,1496
4091,tikki,2048,128,19,0.796200,0.627555,1496
4092,extrae,2048,128,11,1.014577,0.849857,1496
4093,scorep,2048,192,8,1.172748,1.003404,385
4094,scorep,2048,192,1,6.431094,6.262330,385
4095,extrae,2048,64,1,6.797848,6.633492,11440
4096,scorep,2048,192,18,0.832653,0.665335,385
4097,scorep,2048,64,16,0.672249,0.503417,11440
4098,empty,2048,256,2,4.164987,3.999031,204
4099,void,2048,256,11,1.339785,1.172966,204
41,void,2048,64,10,0.939790,0.772230,11440
410,void,2048,256,8,1.556351,1.389570,204
4100,extrae,2048,64,21,0.732678,0.559721,11440
4101,printf,2048,192,14,0.850194,0.681928,385
4102,extrae,2048,256,4,2.322236,2.157105,204
4103,scorep,2048,256,5,2.003288,1.833922,204
4104,oot,2048,256,11,1.356124,1.189094,204
4105,printf,2048,192,7,1.269296,1.101990,385
4106,void,2048,64,22,0.583354,0.417189,11440
4107,empty,2048,128,10,1.065080,0.898089,1496
4108,empty,2048,64,12,0.813923,0.645407,11440
4109,oot,2048,192,18,0.838642,0.671439,385
411,empty,2048,64,14,0.733152,0.566655,11440
4110,oot,2048,192,4,1.847030,1.680327,385
4111,tikki,2048,192,9,1.138757,0.971869,385
4112,empty,2048,64,11,0.868657,0.701638,11440
4113,tikki,2048,64,1,6.865821,6.699634,11440
4114,tikki,2048,256,13,1.307694,1.142191,204
4115,void,2048,128,7,1.378064,1.210903,1496
4116,oot,2048,192,15,0.820118,0.652814,385
4117,oot,2048,128,12,0.927518,0.760475,1496
4118,void,2048,256,13,1.267620,1.100630,204
4119,void,2048,64,13,0.773806,0.605715,11440
412,oot,2048,192,5,1.578190,1.411037,385
4120,printf,2048,64,15,0.704730,0.537204,11440
4121,void,2048,64,24,0.549732,0.382535,11440
4122,tikki,2048,192,13,0.943502,0.775721,385
4123,extrae,2048,256,22,1.361072,1.189186,204
4124,oot,2048,256,17,1.216189,1.049266,204
4125,extrae,2048,128,9,1.150003,0.985279,1496
4126,empty,2048,64,15,0.692375,0.526419,11440
4127,void,2048,256,8,1.552111,1.386699,204
4128,printf,2048,256,2,4.170228,4.004177,204
4129,void,2048,192,3,2.380701,2.213467,385
413,extrae,2048,128,24,0.795798,0.623440,1496
4130,tikki,2048,192,18,0.887022,0.719671,385
4131,printf,2048,192,12,0.934868,0.767256,385
4132,extrae,2048,192,13,0.926472,0.762094,385
4133,empty,2048,128,4,2.105717,1.938823,1496
4134,printf,2048,192,10,1.030734,0.864533,385
4135,extrae,2048,192,14,0.897826,0.733670,385
4136,extrae,2048,64,23,0.702915,0.530332,11440
4137,tikki,2048,256,4,2.370527,2.201226,204
4138,extrae,2048,64,24,0.697810,0.525824,11440
4139,empty,2048,128,16,0.759931,0.594157,1496
414,extrae,2048,64,9,1.046079,0.881200,11440
4140,tikki,2048,192,14,0.912466,0.745576,385
4141,extrae,2048,64,15,0.754995,0.591708,11440
4142,tikki,2048,128,22,0.730904,0.564343,1496
4143,tikki,2048,192,7,1.322676,1.156776,385
4144,printf,2048,64,8,1.098699,0.930632,11440
4145,empty,2048,64,13,0.769417,0.601936,11440
4146,void,2048,64,12,0.818844,0.650469,11440
4147,printf,2048,128,13,0.877236,0.710273,1496
4148,extrae,2048,128,20,0.812280,0.619953,1496
4149,empty,2048,128,20,0.718962,0.553491,1496
415,extrae,2048,64,18,0.724961,0.560712,11440
4150,oot,2048,128,24,0.653316,0.485867,1496
4151,printf,2048,128,3,2.729919,2.562630,1496
4152,void,2048,128,12,0.923788,0.756919,1496
4153,oot,2048,256,15,1.180408,1.013765,204
4154,tikki,2048,64,23,0.617842,0.451740,11440
4155,oot,2048,128,21,0.700674,0.531813,1496
4156,void,2048,64,8,1.092204,0.925407,11440
4157,oot,2048,192,24,0.773823,0.606211,385
4158,scorep,2048,64,5,1.635557,1.466058,11440
4159,extrae,2048,256,1,7.933822,7.770202,204
416,oot,2048,128,16,0.769855,0.603574,1496
4160,oot,2048,192,14,0.870566,0.703327,385
4161,extrae,2048,256,24,1.370315,1.198214,204
4162,empty,2048,64,7,1.237865,1.072063,11440
4163,extrae,2048,128,22,0.802998,0.630598,1496
4164,tikki,2048,256,16,1.227333,1.061513,204
4165,empty,2048,128,9,1.131184,0.963463,1496
4166,void,2048,256,1,7.919344,7.751547,204
4167,void,2048,64,15,0.701167,0.535392,11440
4168,tikki,2048,256,12,1.342764,1.174858,204
4169,empty,2048,256,20,1.246688,1.079675,204
417,printf,2048,128,11,0.984603,0.818065,1496
4170,scorep,2048,128,12,0.927813,0.759452,1496
4171,tikki,2048,256,11,1.380835,1.215056,204
4172,scorep,2048,128,1,7.645954,7.479106,1496
4173,extrae,2048,128,3,2.763930,2.560420,1496
4174,extrae,2048,256,16,1.208186,1.044304,204
4175,oot,2048,192,11,0.972625,0.807109,385
4176,void,2048,64,19,0.641988,0.474861,11440
4177,extrae,2048,64,17,0.719411,0.554664,11440
4178,extrae,2048,256,15,1.213041,1.049381,204
4179,oot,2048,128,5,1.778421,1.612141,1496
418,oot,2048,128,24,0.653300,0.486024,1496
4180,void,2048,192,6,1.408153,1.241528,385
4181,scorep,2048,256,20,1.245965,1.075653,204
4182,tikki,2048,64,11,0.924264,0.756963,11440
4183,oot,2048,64,9,1.007665,0.840375,11440
4184,printf,2048,256,5,2.041306,1.873371,204
4185,void,2048,128,16,0.769009,0.600686,1496
4186,void,2048,192,12,0.937400,0.769966,385
4187,empty,2048,192,9,1.093461,0.926597,385
4188,extrae,2048,256,9,1.510571,1.307026,204
4189,printf,2048,256,17,1.237928,1.070672,204
419,void,2048,128,1,7.656154,7.489030,1496
4190,tikki,2048,128,23,0.716566,0.548976,1496
4191,oot,2048,128,1,7.641210,7.474538,1496
4192,scorep,2048,192,10,1.035201,0.867937,385
4193,printf,2048,192,3,2.351294,2.183921,385
4194,printf,2048,64,16,0.673218,0.506820,11440
4195,oot,2048,64,5,1.603208,1.436218,11440
4196,printf,2048,128,23,0.660398,0.494217,1496
4197,empty,2048,64,5,1.608066,1.441784,11440
4198,oot,2048,128,18,0.770328,0.603022,1496
4199,oot,2048,128,11,0.987776,0.821062,1496
42,void,2048,192,10,1.035613,0.868470,385
420,scorep,2048,192,24,0.775863,0.607222,385
4200,printf,2048,256,24,1.236296,1.069089,204
4201,printf,2048,128,5,1.780805,1.613354,1496
4202,extrae,2048,64,11,0.921556,0.756354,11440
4203,void,2048,128,5,1.776615,1.610496,1496
4204,void,2048,128,21,0.696294,0.529418,1496
4205,void,2048,192,21,0.799878,0.631439,385
4206,void,2048,128,23,0.666785,0.500213,1496
4207,empty,2048,64,19,0.636144,0.469603,11440
4208,empty,2048,64,4,1.889715,1.721960,11440
4209,scorep,2048,128,18,0.772560,0.603382,1496
421,void,2048,128,12,0.928929,0.761741,1496
4210,extrae,2048,128,19,0.796655,0.632173,1496
4211,scorep,2048,256,15,1.189881,1.021459,204
4212,void,2048,128,13,0.878569,0.711400,1496
4213,extrae,2048,256,12,1.309891,1.146327,204
4214,empty,2048,64,9,1.006079,0.839441,11440
4215,empty,2048,128,17,0.758745,0.591914,1496
4216,scorep,2048,256,18,1.275849,1.107163,204
4217,extrae,2048,256,3,2.970243,2.805226,204
4218,oot,2048,256,12,1.296897,1.131384,204
4219,scorep,2048,128,19,0.750232,0.580940,1496
422,extrae,2048,128,22,0.790076,0.618075,1496
4220,void,2048,128,6,1.559066,1.393109,1496
4221,scorep,2048,256,17,1.248256,1.059304,204
4222,empty,2048,192,19,0.820203,0.653510,385
4223,oot,2048,64,4,1.938326,1.764570,11440
4224,empty,2048,128,1,7.644451,7.477035,1496
4225,printf,2048,64,21,0.602552,0.436287,11440
4226,oot,2048,256,22,1.250511,1.076757,204
4227,void,2048,128,8,1.229658,1.063281,1496
4228,void,2048,192,19,0.817728,0.654070,385
4229,tikki,2048,192,10,1.082677,0.914921,385
423,printf,2048,192,13,0.899134,0.730127,385
4230,void,2048,128,14,0.837141,0.670949,1496
4231,printf,2048,192,17,0.811443,0.644505,385
4232,oot,2048,64,23,0.565383,0.398682,11440
4233,tikki,2048,192,22,0.847229,0.679940,385
4234,extrae,2048,256,10,1.399160,1.234789,204
4235,tikki,2048,64,19,0.682495,0.515798,11440
4236,oot,2048,128,2,3.960032,3.793036,1496
4237,oot,2048,64,17,0.664342,0.497625,11440
4238,empty,2048,192,1,6.428667,6.261766,385
4239,empty,2048,192,6,1.416983,1.249041,385
424,extrae,2048,256,23,1.908877,1.736381,204
4240,oot,2048,256,6,1.863377,1.695627,204
4241,scorep,2048,64,3,2.489301,2.319424,11440
4242,extrae,2048,128,16,0.814928,0.651114,1496
4243,tikki,2048,192,11,1.016618,0.850602,385
4244,extrae,2048,64,13,0.820302,0.656359,11440
4245,scorep,2048,128,7,1.371964,1.201900,1496
4246,scorep,2048,128,2,3.947969,3.779938,1496
4247,void,2048,64,14,0.733154,0.567312,11440
4248,oot,2048,192,16,0.841801,0.666640,385
4249,extrae,2048,128,12,0.958106,0.794357,1496
425,scorep,2048,64,6,1.406193,1.239525,11440
4250,empty,2048,64,6,1.424925,1.258265,11440
4251,empty,2048,128,21,0.694201,0.527991,1496
4252,tikki,2048,64,16,0.722250,0.553502,11440
4253,void,2048,128,15,0.798971,0.633086,1496
4254,void,2048,192,8,1.192198,1.025235,385
4255,scorep,2048,64,2,3.605425,3.436130,11440
4256,scorep,2048,256,9,1.463365,1.292834,204
4257,tikki,2048,128,6,1.606604,1.440485,1496
4258,tikki,2048,256,18,1.304507,1.136949,204
4259,void,2048,192,5,1.582412,1.415584,385
426,extrae,2048,192,6,1.426484,1.261657,385
4260,extrae,2048,256,8,1.562432,1.398072,204
4261,void,2048,128,22,0.680440,0.513976,1496
4262,void,2048,128,19,0.740634,0.572751,1496
4263,oot,2048,64,14,0.731789,0.565958,11440
4264,printf,2048,64,10,0.947218,0.780426,11440
4265,extrae,2048,64,10,0.976207,0.812312,11440
4266,oot,2048,64,13,0.765668,0.600323,11440
4267,extrae,2048,128,6,1.573255,1.408997,1496
4268,scorep,2048,128,11,0.990097,0.822414,1496
4269,void,2048,64,3,2.436090,2.269579,11440
427,extrae,2048,64,5,1.613946,1.449727,11440
4270,void,2048,256,14,1.200611,1.034267,204
4271,void,2048,256,19,1.251509,1.084347,204
4272,scorep,2048,192,9,1.101405,0.933422,385
4273,scorep,2048,192,23,0.777738,0.608987,385
4274,printf,2048,256,19,1.253361,1.084713,204
4275,void,2048,256,2,4.166147,3.991563,204
4276,empty,2048,192,3,2.357568,2.190846,385
4277,empty,2048,256,7,1.663414,1.496939,204
4278,extrae,2048,192,19,0.871293,0.707993,385
4279,empty,2048,128,13,0.881294,0.712355,1496
428,empty,2048,256,2,4.164648,3.998292,204
4280,void,2048,128,17,0.767554,0.601004,1496
4281,oot,2048,128,4,2.081564,1.915284,1496
4282,printf,2048,256,18,1.296967,1.130129,204
4283,scorep,2048,128,10,1.068057,0.898121,1496
4284,printf,2048,256,13,1.271267,1.103717,204
4285,extrae,2048,256,5,2.045779,1.881341,204
4286,oot,2048,192,20,0.816926,0.650217,385
4287,printf,2048,192,16,0.812665,0.646154,385
4288,oot,2048,128,10,1.067021,0.900602,1496
4289,tikki,2048,256,22,1.300694,1.133530,204
429,tikki,2048,192,11,1.276008,1.109070,385
4290,oot,2048,64,6,1.401738,1.235310,11440
4291,tikki,2048,64,9,1.061350,0.894479,11440
4292,empty,2048,256,19,1.248891,1.081949,204
4293,tikki,2048,128,11,1.027608,0.860823,1496
4294,scorep,2048,192,6,1.407475,1.236104,385
4295,printf,2048,256,21,1.243622,1.077075,204
4296,tikki,2048,256,9,1.496689,1.329668,204
4297,printf,2048,128,24,0.646151,0.479887,1496
4298,empty,2048,64,21,0.598594,0.431679,11440
4299,empty,2048,192,23,0.773846,0.606622,385
43,empty,2048,192,7,1.264748,1.097635,385
430,scorep,2048,64,22,0.593923,0.424013,11440
4300,scorep,2048,192,17,0.862442,0.654121,385
4301,printf,2048,256,6,1.868872,1.701412,204
4302,tikki,2048,128,7,1.444195,1.275899,1496
4303,empty,2048,256,15,1.169049,1.003182,204
4304,printf,2048,192,20,0.811195,0.644504,385
4305,extrae,2048,128,18,0.813087,0.649762,1496
4306,scorep,2048,256,21,1.250519,1.080969,204
4307,extrae,2048,128,14,0.878321,0.713908,1496
4308,scorep,2048,128,22,0.688916,0.520614,1496
4309,scorep,2048,192,15,0.830478,0.662865,385
431,scorep,2048,128,20,0.728300,0.560497,1496
4310,empty,2048,128,8,1.226358,1.060716,1496
4311,printf,2048,256,1,7.909559,7.741158,204
4312,void,2048,192,13,0.887402,0.720613,385
4313,scorep,2048,256,7,1.667898,1.498390,204
4314,scorep,2048,128,6,1.553086,1.383166,1496
4315,tikki,2048,256,3,3.074375,2.907667,204
4316,tikki,2048,64,18,0.722990,0.555699,11440
4317,void,2048,128,2,3.914773,3.748839,1496
4318,tikki,2048,64,15,0.763403,0.597056,11440
4319,extrae,2048,192,17,0.866137,0.700454,385
432,scorep,2048,64,18,0.672227,0.507217,11440
4320,empty,2048,192,10,1.029238,0.863596,385
4321,tikki,2048,64,14,0.798127,0.631174,11440
4322,extrae,2048,128,15,0.849704,0.685258,1496
4323,extrae,2048,192,7,1.272482,1.108835,385
4324,tikki,2048,64,24,0.616126,0.450439,11440
4325,oot,2048,128,13,0.884413,0.717021,1496
4326,empty,2048,256,23,1.233301,1.066239,204
4327,printf,2048,256,11,1.322901,1.156635,204
4328,oot,2048,64,15,0.713601,0.533549,11440
4329,tikki,2048,256,7,1.721606,1.553588,204
433,empty,2048,256,7,1.660702,1.493809,204
4330,printf,2048,64,11,0.876825,0.710462,11440
4331,extrae,2048,192,21,0.918147,0.745633,385
4332,oot,2048,256,10,1.379115,1.211941,204
4333,printf,2048,128,17,0.761257,0.594227,1496
4334,tikki,2048,192,6,1.455692,1.289023,385
4335,oot,2048,256,5,2.033622,1.866251,204
4336,void,2048,192,10,1.031602,0.864852,385
4337,printf,2048,192,1,6.433171,6.266346,385
4338,empty,2048,64,1,6.756397,6.590103,11440
4339,printf,2048,256,10,1.412631,1.206446,204
434,void,2048,256,4,2.300338,2.133713,204
4340,scorep,2048,64,15,0.706129,0.538367,11440
4341,oot,2048,64,24,0.547543,0.381789,11440
4342,void,2048,192,17,0.838130,0.671274,385
4343,printf,2048,64,9,1.021827,0.854941,11440
4344,void,2048,192,1,6.443200,6.276417,385
4345,tikki,2048,256,21,1.294811,1.127132,204
4346,void,2048,64,18,0.665542,0.498987,11440
4347,scorep,2048,64,20,0.628856,0.459180,11440
4348,scorep,2048,128,8,1.234056,1.064862,1496
4349,empty,2048,192,14,0.854343,0.687495,385
435,empty,2048,128,5,1.778815,1.611627,1496
4350,void,2048,128,1,7.657085,7.488818,1496
4351,void,2048,64,2,3.642425,3.475531,11440
4352,oot,2048,256,1,7.925538,7.759238,204
4353,extrae,2048,256,17,1.243244,1.078665,204
4354,empty,2048,128,24,0.652188,0.483185,1496
4355,scorep,2048,64,7,1.242862,1.073843,11440
4356,extrae,2048,192,3,2.364591,2.200519,385
4357,tikki,2048,128,18,0.827584,0.660663,1496
4358,empty,2048,64,3,2.479287,2.312348,11440
4359,extrae,2048,192,12,0.963306,0.798180,385
436,oot,2048,128,7,1.378998,1.212115,1496
4360,printf,2048,256,3,2.951011,2.785337,204
4361,void,2048,64,6,1.396168,1.228960,11440
4362,printf,2048,192,18,0.826772,0.659878,385
4363,empty,2048,128,23,0.664816,0.497832,1496
4364,printf,2048,64,14,0.731785,0.565550,11440
4365,void,2048,192,2,3.367025,3.199702,385
4366,tikki,2048,256,23,1.287170,1.119443,204
4367,printf,2048,64,24,0.553573,0.387657,11440
4368,oot,2048,192,9,1.093688,0.925077,385
4369,printf,2048,128,22,0.675204,0.509234,1496
437,tikki,2048,192,15,0.886745,0.719609,385
4370,extrae,2048,192,2,3.372938,3.208629,385
4371,empty,2048,128,22,0.676050,0.509039,1496
4372,extrae,2048,256,21,1.395347,1.183820,204
4373,empty,2048,256,16,1.165967,1.000011,204
4374,scorep,2048,64,6,1.406068,1.239668,11440
4375,empty,2048,128,12,0.924877,0.758057,1496
4376,extrae,2048,192,20,0.876516,0.712658,385
4377,tikki,2048,256,1,7.968732,7.802154,204
4378,extrae,2048,64,6,1.419023,1.254665,11440
4379,oot,2048,256,13,1.267334,1.101490,204
438,tikki,2048,64,16,0.733587,0.568112,11440
4380,void,2048,128,18,0.764587,0.598912,1496
4381,scorep,2048,128,4,2.105885,1.935390,1496
4382,extrae,2048,128,8,1.249215,1.083685,1496
4383,scorep,2048,192,2,3.364555,3.194421,385
4384,printf,2048,64,1,6.798713,6.632291,11440
4385,oot,2048,128,6,1.542906,1.376923,1496
4386,printf,2048,192,11,0.971993,0.804554,385
4387,tikki,2048,192,3,2.416540,2.249885,385
4388,scorep,2048,192,20,0.819142,0.650580,385
4389,empty,2048,128,14,0.839093,0.672860,1496
439,oot,2048,128,22,0.678216,0.511210,1496
4390,printf,2048,192,8,1.178643,1.011708,385
4391,oot,2048,128,23,0.661845,0.494680,1496
4392,void,2048,256,18,1.294980,1.128309,204
4393,extrae,2048,256,14,1.229581,1.065508,204
4394,scorep,2048,64,19,0.650504,0.480744,11440
4395,printf,2048,64,7,1.266597,1.099991,11440
4396,empty,2048,128,19,0.740274,0.573544,1496
4397,void,2048,192,7,1.273766,1.105762,385
4398,extrae,2048,128,7,1.387184,1.222514,1496
4399,tikki,2048,128,4,2.156811,1.990336,1496
44,printf,2048,256,3,2.953814,2.787270,204
440,tikki,2048,192,13,0.941646,0.774375,385
4400,tikki,2048,256,2,4.227808,4.060901,204
4401,scorep,2048,128,17,0.759780,0.588294,1496
4402,empty,2048,256,3,2.953735,2.786764,204
4403,oot,2048,192,10,1.034335,0.865683,385
4404,extrae,2048,64,20,0.707448,0.535309,11440
4405,void,2048,128,4,2.104450,1.937107,1496
4406,scorep,2048,256,12,1.289448,1.118376,204
4407,tikki,2048,128,20,0.777405,0.610632,1496
4408,printf,2048,256,9,1.445610,1.278801,204
4409,printf,2048,64,20,0.618833,0.452867,11440
441,printf,2048,64,23,0.568416,0.401627,11440
4410,printf,2048,64,22,0.581954,0.415298,11440
4411,scorep,2048,64,18,0.675876,0.506631,11440
4412,scorep,2048,64,22,0.591207,0.422710,11440
4413,tikki,2048,64,5,1.673701,1.506797,11440
4414,scorep,2048,64,9,1.024196,0.855698,11440
4415,empty,2048,192,16,0.795117,0.627759,385
4416,tikki,2048,128,3,2.813318,2.647385,1496
4417,scorep,2048,64,17,0.673389,0.504216,11440
4418,scorep,2048,128,23,0.668350,0.497743,1496
4419,void,2048,192,22,0.785999,0.618438,385
442,printf,2048,64,8,1.106595,0.939994,11440
4420,extrae,2048,256,11,1.352266,1.187558,204
4421,printf,2048,128,19,0.741902,0.575530,1496
4422,printf,2048,64,2,3.595516,3.428124,11440
4423,empty,2048,256,5,2.042325,1.874761,204
4424,printf,2048,192,6,1.405875,1.239373,385
4425,scorep,2048,256,6,1.862973,1.693118,204
4426,printf,2048,192,21,0.801102,0.634463,385
4427,printf,2048,256,20,1.239010,1.072753,204
4428,extrae,2048,128,5,1.810494,1.627036,1496
4429,empty,2048,192,17,0.826432,0.660098,385
443,scorep,2048,256,2,4.147904,3.977976,204
4430,empty,2048,192,22,0.799160,0.631211,385
4431,scorep,2048,256,14,1.215637,1.045763,204
4432,void,2048,192,24,0.778056,0.602848,385
4433,extrae,2048,192,24,0.909552,0.737247,385
4434,oot,2048,192,2,3.363763,3.197106,385
4435,oot,2048,128,14,0.840200,0.673447,1496
4436,extrae,2048,192,18,0.876494,0.712126,385
4437,scorep,2048,128,20,0.726793,0.559045,1496
4438,printf,2048,128,16,0.767533,0.600503,1496
4439,empty,2048,256,17,1.237471,1.056833,204
444,void,2048,128,20,0.743593,0.556800,1496
4440,empty,2048,64,22,0.582794,0.415268,11440
4441,printf,2048,128,11,0.988970,0.821589,1496
4442,extrae,2048,128,10,1.088016,0.924241,1496
4443,void,2048,128,11,0.986648,0.819628,1496
4444,tikki,2048,64,13,0.823875,0.655662,11440
4445,printf,2048,256,22,1.244634,1.076996,204
4446,oot,2048,64,18,0.669971,0.502191,11440
4447,empty,2048,128,3,2.725951,2.558119,1496
4448,empty,2048,256,11,1.318945,1.152840,204
4449,tikki,2048,128,15,0.849361,0.683030,1496
445,scorep,2048,64,5,1.606859,1.437097,11440
4450,extrae,2048,256,19,1.296553,1.132433,204
4451,tikki,2048,128,9,1.182497,1.016607,1496
4452,printf,2048,128,6,1.557260,1.389329,1496
4453,tikki,2048,128,2,4.008248,3.841155,1496
4454,oot,2048,256,4,2.310786,2.144411,204
4455,printf,2048,64,3,2.491696,2.316485,11440
4456,scorep,2048,256,1,7.921187,7.751228,204
4457,oot,2048,192,17,0.814195,0.647351,385
4458,oot,2048,256,24,1.240579,1.074171,204
4459,tikki,2048,64,12,0.857036,0.690737,11440
446,scorep,2048,256,24,1.244055,1.074801,204
4460,tikki,2048,256,8,1.613729,1.447539,204
4461,scorep,2048,192,11,0.975066,0.806220,385
4462,oot,2048,192,12,0.936413,0.770461,385
4463,extrae,2048,256,7,1.671273,1.506945,204
4464,printf,2048,256,15,1.179584,1.012567,204
4465,scorep,2048,192,16,0.815309,0.646956,385
4466,scorep,2048,192,3,2.363324,2.193755,385
4467,void,2048,64,7,1.228526,1.061627,11440
4468,scorep,2048,256,23,1.241509,1.071136,204
4469,extrae,2048,192,9,1.112428,0.947423,385
447,scorep,2048,128,9,1.136271,0.967139,1496
4470,scorep,2048,128,15,0.802991,0.636004,1496
4471,extrae,2048,192,1,6.449986,6.285935,385
4472,scorep,2048,192,5,1.585817,1.416634,385
4473,void,2048,64,10,0.931243,0.763969,11440
4474,extrae,2048,192,15,0.863181,0.699483,385
4475,printf,2048,128,10,1.058225,0.891455,1496
4476,oot,2048,256,18,1.286350,1.118649,204
4477,empty,2048,256,9,1.454441,1.288008,204
4478,printf,2048,128,1,7.636633,7.461612,1496
4479,printf,2048,192,23,0.783494,0.617283,385
448,empty,2048,128,19,0.738407,0.570903,1496
4480,oot,2048,128,19,0.745268,0.579006,1496
4481,extrae,2048,128,24,0.797262,0.624779,1496
4482,printf,2048,128,7,1.373874,1.207826,1496
4483,extrae,2048,64,2,3.618448,3.454118,11440
4484,extrae,2048,64,12,0.879515,0.696828,11440
4485,void,2048,64,5,1.596884,1.431898,11440
4486,tikki,2048,192,4,1.910363,1.743248,385
4487,tikki,2048,128,16,0.812030,0.645168,1496
4488,printf,2048,128,9,1.133399,0.966441,1496
4489,void,2048,192,4,1.865174,1.698926,385
449,scorep,2048,64,13,0.773720,0.609244,11440
4490,printf,2048,64,13,0.774819,0.608580,11440
4491,extrae,2048,256,23,1.354067,1.182030,204
4492,scorep,2048,64,4,1.912130,1.747016,11440
4493,tikki,2048,128,8,1.301172,1.134752,1496
4494,extrae,2048,256,13,1.297350,1.133270,204
4495,void,2048,256,21,1.238369,1.073103,204
4496,void,2048,64,23,0.564580,0.397784,11440
4497,scorep,2048,64,21,0.613324,0.442223,11440
4498,empty,2048,192,2,3.380453,3.212529,385
4499,tikki,2048,64,20,0.665417,0.498200,11440
45,void,2048,256,1,7.919336,7.751421,204
450,scorep,2048,256,5,2.033378,1.865468,204
4500,void,2048,192,14,0.848022,0.681233,385
4501,tikki,2048,192,16,0.839594,0.672276,385
4502,tikki,2048,256,24,1.287341,1.120826,204
4503,scorep,2048,192,4,1.864764,1.693767,385
4504,oot,2048,64,12,0.824921,0.657773,11440
4505,oot,2048,64,22,0.584746,0.418865,11440
4506,oot,2048,128,16,0.761361,0.594201,1496
4507,oot,2048,128,3,2.725068,2.557292,1496
4508,extrae,2048,128,23,0.789546,0.616930,1496
4509,empty,2048,256,4,2.314705,2.148558,204
451,void,2048,128,19,0.744963,0.576951,1496
4510,void,2048,256,4,2.320416,2.154590,204
4511,void,2048,192,16,0.809927,0.643792,385
4512,extrae,2048,128,13,0.914779,0.751188,1496
4513,empty,2048,128,6,1.555906,1.389506,1496
4514,oot,2048,256,21,1.251775,1.076899,204
4515,extrae,2048,64,7,1.255147,1.089844,11440
4516,extrae,2048,64,3,2.505042,2.340781,11440
4517,empty,2048,128,18,0.767027,0.601670,1496
4518,scorep,2048,192,7,1.257945,1.092630,385
4519,void,2048,192,20,0.817028,0.650686,385
452,tikki,2048,128,7,1.441355,1.274879,1496
4520,scorep,2048,192,22,0.788222,0.620014,385
4521,empty,2048,256,24,1.237826,1.072781,204
4522,tikki,2048,64,3,2.523436,2.358342,11440
4523,printf,2048,256,12,1.294642,1.128067,204
4524,scorep,2048,256,13,1.282988,1.113089,204
4525,tikki,2048,128,13,0.931423,0.764454,1496
4526,oot,2048,64,2,3.574627,3.407281,11440
4527,scorep,2048,256,19,1.254974,1.084173,204
4528,tikki,2048,192,15,0.864500,0.696868,385
4529,tikki,2048,128,17,0.820190,0.653085,1496
453,printf,2048,64,3,2.467534,2.300020,11440
4530,scorep,2048,256,3,2.987936,2.817715,204
4531,void,2048,64,20,0.616422,0.450515,11440
4532,extrae,2048,256,20,1.306129,1.142048,204
4533,void,2048,256,23,1.234903,1.068492,204
4534,tikki,2048,64,6,1.456561,1.289774,11440
4535,printf,2048,64,23,0.571063,0.403922,11440
4536,scorep,2048,128,9,1.139977,0.971801,1496
4537,oot,2048,64,3,2.493748,2.325921,11440
4538,oot,2048,64,8,1.088409,0.921562,11440
4539,printf,2048,64,5,1.607904,1.440689,11440
454,oot,2048,64,7,1.241521,1.074496,11440
4540,scorep,2048,128,21,0.703371,0.534485,1496
4541,extrae,2048,128,17,0.804635,0.639842,1496
4542,printf,2048,192,4,1.869673,1.695384,385
4543,printf,2048,256,8,1.552759,1.385601,204
4544,empty,2048,192,4,1.862672,1.696278,385
4545,oot,2048,64,7,1.269718,1.102186,11440
4546,void,2048,192,23,0.784452,0.617012,385
4547,printf,2048,128,18,0.766956,0.600345,1496
4548,scorep,2048,64,1,6.766942,6.601107,11440
4549,tikki,2048,192,8,1.240176,1.074277,385
455,printf,2048,64,4,1.919234,1.752673,11440
4550,void,2048,256,3,2.984248,2.816636,204
4551,scorep,2048,256,4,2.337956,2.170630,204
4552,oot,2048,256,7,1.666887,1.499956,204
4553,void,2048,256,6,1.856286,1.690623,204
4554,printf,2048,256,14,1.203352,1.036451,204
4555,printf,2048,128,20,0.723843,0.556676,1496
4556,scorep,2048,192,19,0.824748,0.654008,385
4557,printf,2048,128,12,0.930366,0.762352,1496
4558,oot,2048,192,6,1.418646,1.251275,385
4559,printf,2048,192,15,0.822547,0.656164,385
456,empty,2048,128,13,0.880989,0.713696,1496
4560,oot,2048,192,19,0.817039,0.650087,385
4561,empty,2048,64,10,0.939000,0.772131,11440
4562,scorep,2048,128,13,0.893205,0.723573,1496
4563,printf,2048,64,19,0.645793,0.479478,11440
4564,void,2048,64,1,6.766249,6.599702,11440
4565,printf,2048,256,23,1.236968,1.071936,204
4566,scorep,2048,256,16,1.175494,1.008459,204
4567,printf,2048,64,18,0.661786,0.495795,11440
4568,extrae,2048,192,10,1.060152,0.895727,385
4569,oot,2048,192,1,6.433698,6.268088,385
457,scorep,2048,128,1,7.645250,7.474541,1496
4570,empty,2048,256,13,1.266048,1.100212,204
4571,tikki,2048,192,1,6.489627,6.322526,385
4572,empty,2048,256,6,1.864310,1.698055,204
4573,extrae,2048,192,11,1.000741,0.836773,385
4574,oot,2048,64,19,0.640974,0.475608,11440
4575,empty,2048,128,5,1.768435,1.602345,1496
4576,printf,2048,192,24,0.769470,0.602097,385
4577,printf,2048,128,8,1.232006,1.065820,1496
4578,void,2048,256,12,1.308617,1.141903,204
4579,tikki,2048,192,20,0.871966,0.706232,385
458,tikki,2048,192,3,2.395956,2.229708,385
4580,printf,2048,192,19,0.813217,0.646571,385
4581,printf,2048,128,4,2.107373,1.940949,1496
4582,extrae,2048,192,8,1.198787,1.034874,385
4583,oot,2048,64,1,6.758162,6.591825,11440
4584,empty,2048,64,17,0.668674,0.502525,11440
4585,tikki,2048,256,5,2.057766,1.890965,204
4586,extrae,2048,192,5,1.575411,1.411398,385
4587,empty,2048,192,20,0.814013,0.647058,385
4588,empty,2048,192,18,0.835498,0.668404,385
4589,scorep,2048,64,12,0.827485,0.659279,11440
459,void,2048,64,2,3.559001,3.392369,11440
4590,scorep,2048,64,10,0.944340,0.777921,11440
4591,empty,2048,128,15,0.802861,0.636256,1496
4592,scorep,2048,128,24,0.655377,0.485258,1496
4593,tikki,2048,256,19,1.314454,1.133511,204
4594,extrae,2048,64,18,0.719801,0.554709,11440
4595,oot,2048,128,17,0.758776,0.593218,1496
4596,tikki,2048,128,24,0.702288,0.535630,1496
4597,tikki,2048,128,21,0.741047,0.572863,1496
4598,printf,2048,256,16,1.185960,1.017427,204
4599,oot,2048,64,11,0.871706,0.705436,11440
46,tikki,2048,128,8,1.288403,1.121245,1496
460,scorep,2048,128,19,0.746175,0.576084,1496
4600,oot,2048,192,8,1.178016,1.011049,385
4601,tikki,2048,256,14,1.251179,1.083133,204
4602,empty,2048,64,16,0.676268,0.505219,11440
4603,tikki,2048,256,15,1.249769,1.082023,204
4604,tikki,2048,192,19,0.871547,0.704608,385
4605,void,2048,256,7,1.667282,1.499578,204
4606,printf,2048,192,22,0.788962,0.621081,385
4607,oot,2048,256,8,1.558201,1.391847,204
4608,empty,2048,256,1,7.903579,7.737033,204
4609,void,2048,256,17,1.231883,1.065221,204
461,printf,2048,64,20,0.622652,0.455840,11440
4610,empty,2048,256,18,1.272532,1.106447,204
4611,empty,2048,64,24,0.549490,0.382374,11440
4612,scorep,2048,256,22,1.247553,1.080019,204
4613,oot,2048,256,23,1.236218,1.070204,204
4614,extrae,2048,192,4,1.854208,1.690440,385
4615,tikki,2048,192,24,0.836145,0.668313,385
4616,void,2048,256,22,1.238600,1.072241,204
4617,extrae,2048,128,1,7.668877,7.504686,1496
4618,oot,2048,256,9,1.443612,1.277411,204
4619,scorep,2048,256,8,1.566437,1.395627,204
462,empty,2048,128,18,0.768067,0.601696,1496
4620,void,2048,192,15,0.864143,0.649216,385
4621,extrae,2048,128,4,2.112832,1.947655,1496
4622,empty,2048,192,21,0.805796,0.639686,385
4623,scorep,2048,192,14,0.855054,0.684239,385
4624,empty,2048,192,24,0.770916,0.604300,385
4625,void,2048,256,15,1.175127,1.008254,204
4626,extrae,2048,256,6,1.876009,1.711274,204
4627,empty,2048,64,2,3.594462,3.427259,11440
4628,printf,2048,192,9,1.091776,0.925435,385
4629,void,2048,64,11,0.873874,0.706582,11440
463,void,2048,128,16,0.762006,0.595486,1496
4630,void,2048,64,16,0.663006,0.495526,11440
4631,extrae,2048,64,16,0.721044,0.557203,11440
4632,oot,2048,256,19,1.250767,1.084059,204
4633,empty,2048,256,10,1.376618,1.210263,204
4634,empty,2048,64,20,0.620835,0.453958,11440
4635,scorep,2048,192,24,0.776860,0.609035,385
4636,printf,2048,64,6,1.410770,1.243167,11440
4637,extrae,2048,256,18,1.301011,1.136249,204
4638,scorep,2048,64,8,1.107385,0.937916,11440
4639,tikki,2048,128,12,0.979588,0.812142,1496
464,tikki,2048,256,6,1.920077,1.753347,204
4640,oot,2048,192,23,0.774145,0.605945,385
4641,empty,2048,192,7,1.273347,1.106544,385
4642,extrae,2048,64,8,1.117965,0.953773,11440
4643,tikki,2048,64,10,0.984825,0.819047,11440
4644,extrae,2048,192,23,0.907612,0.734497,385
4645,empty,2048,256,12,1.302806,1.135972,204
4646,printf,2048,128,2,3.943942,3.776437,1496
4647,tikki,2048,256,10,1.441551,1.272210,204
4648,scorep,2048,64,13,0.776188,0.606329,11440
4649,void,2048,192,11,0.971126,0.805335,385
465,printf,2048,192,15,0.818552,0.652183,385
4650,scorep,2048,64,14,0.728646,0.560521,11440
4651,empty,2048,64,23,0.566564,0.399183,11440
4652,tikki,2048,64,2,3.641446,3.474860,11440
4653,oot,2048,128,9,1.131609,0.964537,1496
4654,tikki,2048,256,17,1.290276,1.122696,204
4655,oot,2048,64,20,0.621289,0.453958,11440
4656,empty,2048,64,14,0.733825,0.567511,11440
4657,tikki,2048,192,17,0.864132,0.695806,385
4658,tikki,2048,192,21,0.836044,0.669765,385
4659,scorep,2048,64,11,0.875924,0.707152,11440
466,oot,2048,128,4,2.077172,1.910875,1496
4660,printf,2048,128,21,0.700814,0.533035,1496
4661,empty,2048,192,12,0.934557,0.766637,385
4662,scorep,2048,64,23,0.576962,0.406501,11440
4663,printf,2048,128,15,0.802392,0.635839,1496
4664,void,2048,128,3,2.714413,2.548125,1496
4665,scorep,2048,256,24,1.257028,1.069680,204
4666,oot,2048,256,2,4.152592,3.986045,204
4667,extrae,2048,128,2,3.960104,3.795407,1496
4668,oot,2048,256,3,2.918104,2.752650,204
4669,empty,2048,64,18,0.666863,0.501088,11440
467,tikki,2048,256,8,1.604347,1.436830,204
4670,void,2048,128,20,0.724117,0.556167,1496
4671,oot,2048,192,7,1.271653,1.105017,385
4672,tikki,2048,64,17,0.709514,0.542601,11440
4673,tikki,2048,192,5,1.617967,1.450697,385
4674,extrae,2048,64,5,1.616813,1.452818,11440
4675,extrae,2048,64,4,1.939225,1.775186,11440
4676,oot,2048,64,21,0.600264,0.434775,11440
4677,tikki,2048,128,1,7.710119,7.543676,1496
4678,void,2048,128,10,1.060639,0.894057,1496
4679,printf,2048,128,14,0.838097,0.671502,1496
468,void,2048,128,4,2.092447,1.925955,1496
4680,void,2048,192,18,0.833171,0.665992,385
4681,tikki,2048,64,22,0.631431,0.465013,11440
4682,extrae,2048,128,21,0.820515,0.648691,1496
4683,oot,2048,256,14,1.192706,1.025824,204
4684,scorep,2048,64,24,0.562717,0.392830,11440
4685,void,2048,256,20,1.241891,1.075238,204
4686,oot,2048,128,20,0.723757,0.556897,1496
4687,printf,2048,192,2,3.365222,3.198180,385
4688,oot,2048,192,5,1.573671,1.406797,385
4689,tikki,2048,192,12,0.990310,0.823289,385
469,tikki,2048,64,13,0.830863,0.664680,11440
4690,empty,2048,192,11,1.023617,0.808645,385
4691,scorep,2048,256,2,4.150930,3.982268,204
4692,extrae,2048,64,19,0.701403,0.538604,11440
4693,oot,2048,192,21,0.796279,0.629931,385
4694,empty,2048,64,8,1.092677,0.925424,11440
4695,void,2048,64,17,0.658898,0.490807,11440
4696,void,2048,256,9,1.445097,1.278026,204
4697,printf,2048,192,13,0.896545,0.729878,385
4698,extrae,2048,256,2,4.149968,3.985739,204
4699,oot,2048,192,22,0.796730,0.631000,385
47,tikki,2048,256,14,1.243881,1.076225,204
470,oot,2048,64,20,0.618827,0.451922,11440
4700,scorep,2048,192,13,0.887586,0.718693,385
4701,void,2048,256,24,1.239616,1.072547,204
4702,void,2048,128,9,1.138380,0.971447,1496
4703,oot,2048,192,3,2.358221,2.191438,385
4704,scorep,2048,192,12,0.939823,0.770043,385
4705,empty,2048,64,19,0.634935,0.467158,11440
4706,void,2048,64,14,0.728335,0.562327,11440
4707,printf,2048,256,20,1.245292,1.078308,204
4708,tikki,2048,192,18,0.880199,0.712318,385
4709,printf,2048,128,21,0.700185,0.532673,1496
471,printf,2048,128,7,1.379070,1.211495,1496
4710,scorep,2048,192,16,0.813707,0.642724,385
4711,void,2048,128,10,1.060357,0.894685,1496
4712,tikki,2048,64,15,0.762823,0.595952,11440
4713,oot,2048,128,19,0.742458,0.575117,1496
4714,oot,2048,192,18,0.832958,0.667063,385
4715,tikki,2048,64,2,3.659115,3.492201,11440
4716,oot,2048,128,12,0.930335,0.764029,1496
4717,scorep,2048,128,17,0.768536,0.597207,1496
4718,extrae,2048,128,11,1.014417,0.850014,1496
4719,empty,2048,64,8,1.089057,0.923338,11440
472,oot,2048,192,15,0.824286,0.657474,385
4720,extrae,2048,128,8,1.245646,1.080855,1496
4721,printf,2048,64,20,0.620100,0.453925,11440
4722,oot,2048,64,23,0.568966,0.402581,11440
4723,scorep,2048,192,18,0.836505,0.665793,385
4724,void,2048,128,12,0.926943,0.760416,1496
4725,tikki,2048,128,2,4.016262,3.849200,1496
4726,printf,2048,256,23,1.235485,1.069053,204
4727,empty,2048,64,13,0.764763,0.597445,11440
4728,empty,2048,64,23,0.565141,0.398006,11440
4729,tikki,2048,64,12,0.877475,0.710639,11440
473,scorep,2048,192,9,1.095695,0.923380,385
4730,tikki,2048,192,10,1.088337,0.922888,385
4731,oot,2048,128,15,0.802076,0.634641,1496
4732,scorep,2048,256,12,1.282900,1.115150,204
4733,void,2048,256,4,2.311302,2.144079,204
4734,scorep,2048,128,12,0.932558,0.762952,1496
4735,printf,2048,64,19,0.647439,0.480798,11440
4736,scorep,2048,64,18,0.674013,0.505004,11440
4737,void,2048,128,3,2.722565,2.555235,1496
4738,scorep,2048,128,10,1.074335,0.905533,1496
4739,empty,2048,256,11,1.324127,1.157614,204
474,oot,2048,256,21,1.245758,1.079432,204
4740,printf,2048,192,10,1.032456,0.865453,385
4741,scorep,2048,256,1,7.917168,7.747070,204
4742,void,2048,64,18,0.664772,0.499427,11440
4743,void,2048,256,13,1.220079,1.052194,204
4744,scorep,2048,128,3,2.740435,2.570730,1496
4745,void,2048,256,22,1.247038,1.079562,204
4746,printf,2048,64,5,1.617211,1.449530,11440
4747,oot,2048,192,7,1.260064,1.093633,385
4748,tikki,2048,64,19,0.694533,0.526930,11440
4749,tikki,2048,256,2,4.228654,4.054053,204
475,extrae,2048,256,14,1.230599,1.066572,204
4750,empty,2048,256,9,1.448954,1.282050,204
4751,extrae,2048,64,3,2.508399,2.344431,11440
4752,printf,2048,64,21,0.607278,0.438361,11440
4753,printf,2048,256,6,1.870704,1.702853,204
4754,tikki,2048,256,24,1.286863,1.119728,204
4755,void,2048,64,19,0.643012,0.474557,11440
4756,tikki,2048,256,8,1.605506,1.438430,204
4757,tikki,2048,256,10,1.425018,1.257718,204
4758,printf,2048,192,20,0.814944,0.647473,385
4759,extrae,2048,128,9,1.152099,0.986044,1496
476,tikki,2048,128,9,1.189646,1.021881,1496
4760,oot,2048,256,17,1.216834,1.051068,204
4761,empty,2048,64,15,0.697395,0.530682,11440
4762,oot,2048,128,11,0.987824,0.818962,1496
4763,printf,2048,192,23,0.781944,0.614915,385
4764,empty,2048,64,21,0.598445,0.431772,11440
4765,oot,2048,64,1,6.777943,6.609582,11440
4766,tikki,2048,192,1,6.493676,6.326549,385
4767,scorep,2048,64,5,1.626290,1.458362,11440
4768,printf,2048,256,19,1.250820,1.084303,204
4769,extrae,2048,256,24,1.375603,1.202735,204
477,printf,2048,64,16,0.674479,0.508341,11440
4770,extrae,2048,128,17,0.804649,0.639757,1496
4771,tikki,2048,128,9,1.182779,1.015246,1496
4772,tikki,2048,192,4,1.921685,1.754954,385
4773,tikki,2048,192,6,1.472946,1.306430,385
4774,oot,2048,128,2,3.957686,3.789832,1496
4775,empty,2048,128,12,0.930748,0.763341,1496
4776,extrae,2048,192,24,0.903437,0.731234,385
4777,tikki,2048,256,17,1.263200,1.097395,204
4778,empty,2048,192,16,0.807217,0.640465,385
4779,extrae,2048,64,13,0.818107,0.653516,11440
478,tikki,2048,128,5,1.823978,1.657216,1496
4780,void,2048,192,10,1.034384,0.868770,385
4781,oot,2048,256,4,2.308052,2.141122,204
4782,tikki,2048,128,21,0.758793,0.589532,1496
4783,printf,2048,128,12,0.926991,0.759472,1496
4784,scorep,2048,64,1,6.769049,6.599393,11440
4785,scorep,2048,128,1,7.651846,7.482242,1496
4786,printf,2048,64,9,1.012767,0.846636,11440
4787,printf,2048,64,22,0.583149,0.416602,11440
4788,printf,2048,256,1,7.927204,7.760833,204
4789,empty,2048,128,1,7.648770,7.481743,1496
479,extrae,2048,256,10,1.401774,1.237762,204
4790,scorep,2048,256,20,1.247495,1.078518,204
4791,oot,2048,64,9,1.003474,0.835649,11440
4792,tikki,2048,256,12,1.331179,1.164681,204
4793,extrae,2048,192,15,0.862927,0.699240,385
4794,scorep,2048,256,2,4.173567,4.003711,204
4795,oot,2048,128,1,7.663148,7.495919,1496
4796,extrae,2048,64,20,0.695654,0.531312,11440
4797,tikki,2048,64,20,0.671141,0.505783,11440
4798,tikki,2048,192,23,0.836718,0.669489,385
4799,scorep,2048,128,14,0.845481,0.676839,1496
48,oot,2048,256,15,1.171547,1.003563,204
480,printf,2048,256,24,1.239328,1.064863,204
4800,oot,2048,128,13,0.883283,0.715745,1496
4801,scorep,2048,128,15,0.803971,0.634474,1496
4802,extrae,2048,192,12,0.966311,0.801692,385
4803,void,2048,256,24,1.237029,1.070344,204
4804,empty,2048,256,12,1.290965,1.125061,204
4805,empty,2048,128,13,0.881608,0.713868,1496
4806,scorep,2048,128,16,0.768230,0.600806,1496
4807,printf,2048,192,2,3.360173,3.193501,385
4808,oot,2048,64,10,0.938613,0.769904,11440
4809,tikki,2048,256,21,1.289106,1.121322,204
481,empty,2048,64,15,0.697471,0.530221,11440
4810,scorep,2048,64,3,2.470795,2.300253,11440
4811,oot,2048,192,12,0.941643,0.775289,385
4812,printf,2048,192,1,6.427723,6.259626,385
4813,extrae,2048,64,14,0.778702,0.614427,11440
4814,scorep,2048,64,2,3.553892,3.386349,11440
4815,tikki,2048,192,9,1.137143,0.969125,385
4816,void,2048,64,6,1.399409,1.231398,11440
4817,tikki,2048,256,9,1.496031,1.329741,204
4818,printf,2048,256,15,1.204732,1.037108,204
4819,empty,2048,128,17,0.757581,0.590900,1496
482,tikki,2048,256,24,1.300228,1.132618,204
4820,extrae,2048,256,21,1.350285,1.178009,204
4821,oot,2048,192,14,0.843969,0.676518,385
4822,printf,2048,128,2,3.937848,3.770140,1496
4823,extrae,2048,256,8,1.567645,1.403041,204
4824,void,2048,64,24,0.550899,0.384562,11440
4825,scorep,2048,64,20,0.628467,0.460268,11440
4826,printf,2048,256,10,1.379428,1.213642,204
4827,printf,2048,128,8,1.227670,1.060708,1496
4828,printf,2048,64,1,6.836662,6.669366,11440
4829,tikki,2048,192,15,0.854222,0.686848,385
483,empty,2048,128,23,0.662965,0.495114,1496
4830,extrae,2048,192,10,1.057314,0.893782,385
4831,extrae,2048,192,3,2.342403,2.177211,385
4832,extrae,2048,128,20,0.781786,0.617676,1496
4833,extrae,2048,128,1,7.667618,7.503751,1496
4834,void,2048,64,7,1.235568,1.069064,11440
4835,extrae,2048,64,12,0.858762,0.694173,11440
4836,oot,2048,192,13,0.893988,0.727740,385
4837,empty,2048,192,9,1.088179,0.921604,385
4838,scorep,2048,256,17,1.257199,1.088136,204
4839,empty,2048,128,16,0.766432,0.600100,1496
484,tikki,2048,256,3,2.961617,2.794170,204
4840,tikki,2048,256,19,1.304518,1.138655,204
4841,printf,2048,256,12,1.298663,1.132568,204
4842,empty,2048,192,4,1.868070,1.700966,385
4843,oot,2048,192,20,0.821805,0.655095,385
4844,tikki,2048,64,13,0.818695,0.651821,11440
4845,scorep,2048,128,8,1.237474,1.069836,1496
4846,printf,2048,256,14,1.221050,1.034052,204
4847,void,2048,128,15,0.804466,0.638698,1496
4848,oot,2048,256,1,7.915949,7.748739,204
4849,tikki,2048,192,13,0.935436,0.769610,385
485,oot,2048,128,14,0.844007,0.676923,1496
4850,tikki,2048,192,22,0.858605,0.692709,385
4851,oot,2048,64,3,2.454214,2.287974,11440
4852,extrae,2048,64,23,0.707666,0.535490,11440
4853,void,2048,64,5,1.593445,1.427456,11440
4854,empty,2048,64,17,0.662865,0.496648,11440
4855,oot,2048,128,20,0.726820,0.559702,1496
4856,void,2048,64,4,1.902410,1.736850,11440
4857,oot,2048,256,22,1.243458,1.077257,204
4858,oot,2048,128,16,0.768110,0.601389,1496
4859,printf,2048,128,14,0.840949,0.674007,1496
486,oot,2048,128,11,0.984954,0.818358,1496
4860,printf,2048,64,17,0.664498,0.497537,11440
4861,void,2048,64,9,1.003322,0.836055,11440
4862,oot,2048,64,2,3.575385,3.407916,11440
4863,tikki,2048,256,3,3.033977,2.866868,204
4864,printf,2048,192,16,0.811621,0.644399,385
4865,extrae,2048,256,16,1.206629,1.043110,204
4866,scorep,2048,128,4,2.084155,1.916101,1496
4867,void,2048,64,15,0.694248,0.527913,11440
4868,extrae,2048,192,11,0.997732,0.834063,385
4869,extrae,2048,64,18,0.724178,0.559364,11440
487,void,2048,192,24,0.788507,0.620191,385
4870,scorep,2048,64,4,1.902847,1.733231,11440
4871,printf,2048,128,15,0.806598,0.639942,1496
4872,extrae,2048,128,2,3.945269,3.779053,1496
4873,empty,2048,64,9,1.002594,0.835992,11440
4874,void,2048,192,4,1.825182,1.658212,385
4875,printf,2048,256,3,2.957928,2.790831,204
4876,printf,2048,192,8,1.176829,1.010579,385
4877,printf,2048,128,18,0.765045,0.598217,1496
4878,extrae,2048,128,5,1.772677,1.608446,1496
4879,printf,2048,128,6,1.547460,1.380517,1496
488,oot,2048,256,12,1.284703,1.116381,204
4880,printf,2048,256,18,1.268686,1.101168,204
4881,tikki,2048,192,19,0.881986,0.715229,385
4882,empty,2048,64,14,0.735151,0.568245,11440
4883,empty,2048,192,18,0.834205,0.667989,385
4884,oot,2048,64,8,1.092496,0.926339,11440
4885,tikki,2048,192,8,1.264402,1.096868,385
4886,scorep,2048,256,19,1.252961,1.084747,204
4887,printf,2048,64,4,1.919067,1.751891,11440
4888,oot,2048,128,24,0.647314,0.480139,1496
4889,tikki,2048,192,2,3.434655,3.268033,385
489,oot,2048,192,19,0.820979,0.653491,385
4890,empty,2048,256,1,7.912720,7.746302,204
4891,void,2048,256,2,4.163740,3.998968,204
4892,tikki,2048,128,1,7.680947,7.514419,1496
4893,oot,2048,256,9,1.449614,1.283171,204
4894,void,2048,128,7,1.374886,1.208012,1496
4895,extrae,2048,128,13,0.976741,0.761346,1496
4896,tikki,2048,192,3,2.452481,2.286573,385
4897,empty,2048,64,16,0.666960,0.500958,11440
4898,scorep,2048,64,11,0.878910,0.709919,11440
4899,printf,2048,192,9,1.091443,0.923813,385
49,empty,2048,64,24,0.555105,0.388881,11440
490,scorep,2048,128,10,1.057207,0.892485,1496
4900,empty,2048,192,13,0.885993,0.718872,385
4901,extrae,2048,128,10,1.147598,0.931361,1496
4902,void,2048,256,19,1.246236,1.080950,204
4903,printf,2048,256,17,1.237328,1.070903,204
4904,scorep,2048,64,12,0.816707,0.648949,11440
4905,oot,2048,128,21,0.698896,0.532153,1496
4906,extrae,2048,64,10,0.985197,0.820940,11440
4907,tikki,2048,64,24,0.610989,0.445183,11440
4908,printf,2048,64,8,1.101982,0.933786,11440
4909,printf,2048,192,18,0.823897,0.656392,385
491,extrae,2048,64,24,0.695806,0.523824,11440
4910,printf,2048,128,1,7.642088,7.475245,1496
4911,empty,2048,192,22,0.781105,0.615009,385
4912,scorep,2048,192,6,1.414400,1.243789,385
4913,oot,2048,192,15,0.841452,0.674527,385
4914,extrae,2048,192,21,0.913436,0.741237,385
4915,empty,2048,256,19,1.249131,1.081946,204
4916,empty,2048,128,22,0.673417,0.507075,1496
4917,tikki,2048,64,10,1.006751,0.840329,11440
4918,void,2048,192,13,0.890554,0.721712,385
4919,oot,2048,192,17,0.824845,0.658448,385
492,scorep,2048,192,14,0.866610,0.698445,385
4920,extrae,2048,192,22,0.918037,0.745579,385
4921,scorep,2048,192,23,0.793396,0.623123,385
4922,void,2048,192,15,0.840021,0.672901,385
4923,tikki,2048,64,18,0.730405,0.563559,11440
4924,empty,2048,128,19,0.740053,0.572968,1496
4925,printf,2048,128,7,1.377074,1.208756,1496
4926,printf,2048,192,6,1.405050,1.237962,385
4927,extrae,2048,128,7,1.390231,1.226289,1496
4928,tikki,2048,64,4,1.947550,1.780571,11440
4929,void,2048,128,13,0.880843,0.713690,1496
493,oot,2048,64,19,0.641129,0.474328,11440
4930,oot,2048,256,5,2.014545,1.846749,204
4931,empty,2048,64,18,0.660197,0.493123,11440
4932,oot,2048,64,12,0.815871,0.649468,11440
4933,oot,2048,128,3,2.705827,2.539188,1496
4934,tikki,2048,64,1,6.842387,6.676189,11440
4935,scorep,2048,256,18,1.304822,1.132167,204
4936,scorep,2048,256,6,1.867532,1.697012,204
4937,oot,2048,192,24,0.780966,0.613893,385
4938,printf,2048,128,5,1.770322,1.603639,1496
4939,extrae,2048,256,6,1.872578,1.708383,204
494,scorep,2048,256,13,1.283257,1.113717,204
4940,empty,2048,128,18,0.763834,0.597111,1496
4941,empty,2048,128,23,0.660376,0.493168,1496
4942,scorep,2048,256,22,1.250875,1.081590,204
4943,scorep,2048,192,8,1.192788,1.024281,385
4944,void,2048,256,14,1.195130,1.028098,204
4945,empty,2048,128,10,1.059473,0.893382,1496
4946,empty,2048,256,7,1.674672,1.507879,204
4947,scorep,2048,64,6,1.396159,1.226851,11440
4948,tikki,2048,256,16,1.230177,1.063856,204
4949,scorep,2048,64,24,0.564081,0.393582,11440
495,tikki,2048,256,5,2.084684,1.917661,204
4950,void,2048,256,12,1.290834,1.122533,204
4951,empty,2048,256,6,1.866542,1.699490,204
4952,tikki,2048,64,16,0.742451,0.575006,11440
4953,tikki,2048,128,13,0.940755,0.773889,1496
4954,printf,2048,192,24,0.770513,0.603725,385
4955,tikki,2048,256,23,1.295812,1.128540,204
4956,empty,2048,128,5,1.784853,1.617694,1496
4957,scorep,2048,128,7,1.400835,1.231365,1496
4958,oot,2048,128,6,1.544701,1.377176,1496
4959,void,2048,64,17,0.664352,0.496164,11440
496,oot,2048,64,21,0.602031,0.434518,11440
4960,oot,2048,128,9,1.131692,0.963831,1496
4961,printf,2048,64,6,1.411500,1.243973,11440
4962,extrae,2048,192,13,0.938534,0.774315,385
4963,void,2048,128,1,7.650763,7.484050,1496
4964,empty,2048,64,11,0.879877,0.713218,11440
4965,void,2048,256,9,1.441025,1.274281,204
4966,empty,2048,64,10,0.935077,0.767536,11440
4967,scorep,2048,64,14,0.737328,0.567232,11440
4968,printf,2048,192,12,0.937390,0.769546,385
4969,extrae,2048,128,21,0.815387,0.642649,1496
497,oot,2048,64,14,0.726656,0.559386,11440
4970,empty,2048,256,18,1.290505,1.124876,204
4971,scorep,2048,256,4,2.287230,2.117509,204
4972,scorep,2048,64,13,0.777786,0.607719,11440
4973,scorep,2048,256,3,2.965855,2.796886,204
4974,extrae,2048,192,8,1.204584,1.040095,385
4975,tikki,2048,128,5,1.860968,1.675768,1496
4976,empty,2048,64,5,1.600381,1.433741,11440
4977,extrae,2048,256,17,1.286015,1.121932,204
4978,tikki,2048,64,17,0.715892,0.549775,11440
4979,scorep,2048,192,14,0.863293,0.694570,385
498,printf,2048,192,23,0.783680,0.616820,385
4980,oot,2048,64,5,1.601061,1.434080,11440
4981,void,2048,192,8,1.190944,1.023346,385
4982,printf,2048,256,2,4.169680,4.003280,204
4983,tikki,2048,64,8,1.136897,0.970176,11440
4984,extrae,2048,128,4,2.105428,1.941470,1496
4985,empty,2048,128,4,2.096776,1.930063,1496
4986,oot,2048,64,21,0.598780,0.431708,11440
4987,empty,2048,192,10,1.033204,0.866427,385
4988,void,2048,256,20,1.238656,1.072074,204
4989,extrae,2048,64,7,1.257688,1.091471,11440
499,scorep,2048,64,9,1.012983,0.843607,11440
4990,scorep,2048,128,22,0.681924,0.516570,1496
4991,printf,2048,128,20,0.724081,0.557955,1496
4992,tikki,2048,128,14,0.896613,0.729877,1496
4993,void,2048,192,6,1.408632,1.242344,385
4994,void,2048,256,6,1.856533,1.691029,204
4995,void,2048,128,6,1.553781,1.387263,1496
4996,oot,2048,256,12,1.284033,1.117114,204
4997,void,2048,192,23,0.785493,0.619299,385
4998,empty,2048,128,6,1.557459,1.390700,1496
4999,printf,2048,192,19,0.818740,0.651651,385
5,tikki,2048,256,19,1.299236,1.132019,204
50,void,2048,192,9,1.092285,0.924985,385
500,scorep,2048,64,21,0.609618,0.438811,11440
5000,oot,2048,128,8,1.245749,1.078692,1496
5001,void,2048,128,16,0.765190,0.599024,1496
5002,scorep,2048,192,20,0.821006,0.651646,385
5003,extrae,2048,256,20,1.300098,1.135291,204
5004,empty,2048,192,11,0.968214,0.802106,385
5005,oot,2048,192,1,6.439096,6.272262,385
5006,empty,2048,128,3,2.732313,2.566489,1496
5007,printf,2048,64,7,1.278598,1.111608,11440
5008,tikki,2048,64,22,0.631154,0.463486,11440
5009,oot,2048,64,20,0.617702,0.450931,11440
501,printf,2048,64,7,1.254942,1.080117,11440
5010,empty,2048,64,4,1.881856,1.715149,11440
5011,empty,2048,128,11,0.987920,0.821005,1496
5012,scorep,2048,256,21,1.264352,1.078398,204
5013,extrae,2048,64,24,0.692291,0.519398,11440
5014,void,2048,128,5,1.776930,1.611478,1496
5015,tikki,2048,256,20,1.285323,1.119120,204
5016,printf,2048,256,4,2.298457,2.130794,204
5017,tikki,2048,192,20,0.859841,0.691958,385
5018,empty,2048,256,16,1.164264,0.997791,204
5019,scorep,2048,256,15,1.182205,1.012912,204
502,empty,2048,64,16,0.664759,0.496175,11440
5020,extrae,2048,256,10,1.395488,1.231640,204
5021,scorep,2048,192,12,0.939123,0.771208,385
5022,void,2048,256,1,7.922777,7.756182,204
5023,extrae,2048,128,19,0.793015,0.628489,1496
5024,tikki,2048,192,14,0.918890,0.752567,385
5025,void,2048,192,16,0.809860,0.643057,385
5026,printf,2048,256,16,1.171755,0.991693,204
5027,void,2048,256,17,1.255825,1.087864,204
5028,oot,2048,64,24,0.552958,0.386381,11440
5029,scorep,2048,64,21,0.607394,0.436831,11440
503,empty,2048,128,8,1.225916,1.058650,1496
5030,empty,2048,64,12,0.809942,0.642551,11440
5031,printf,2048,64,18,0.669140,0.502058,11440
5032,scorep,2048,64,9,1.009334,0.840088,11440
5033,empty,2048,256,24,1.239307,1.070771,204
5034,tikki,2048,64,6,1.478571,1.311961,11440
5035,scorep,2048,256,11,1.357134,1.187040,204
5036,tikki,2048,128,8,1.295147,1.128272,1496
5037,scorep,2048,192,2,3.364100,3.194999,385
5038,extrae,2048,192,7,1.273392,1.108803,385
5039,printf,2048,128,10,1.057646,0.891042,1496
504,void,2048,192,8,1.182235,1.015485,385
5040,tikki,2048,128,24,0.693445,0.527185,1496
5041,tikki,2048,128,3,2.816916,2.641175,1496
5042,tikki,2048,128,22,0.726085,0.559267,1496
5043,oot,2048,128,7,1.377554,1.210857,1496
5044,scorep,2048,192,7,1.266309,1.098192,385
5045,printf,2048,256,13,1.274996,1.107228,204
5046,empty,2048,192,5,1.584402,1.417445,385
5047,oot,2048,128,10,1.072869,0.898900,1496
5048,extrae,2048,256,18,1.338286,1.173778,204
5049,void,2048,256,7,1.657216,1.490443,204
505,extrae,2048,192,24,0.915169,0.741156,385
5050,tikki,2048,192,7,1.313841,1.147756,385
5051,extrae,2048,256,22,1.356321,1.183502,204
5052,extrae,2048,192,23,0.901850,0.729638,385
5053,tikki,2048,256,4,2.344431,2.176284,204
5054,oot,2048,64,4,1.894439,1.727998,11440
5055,empty,2048,64,20,0.619064,0.451742,11440
5056,tikki,2048,128,10,1.109132,0.942689,1496
5057,tikki,2048,256,7,1.713010,1.546084,204
5058,void,2048,64,23,0.564799,0.397261,11440
5059,tikki,2048,256,11,1.373847,1.206875,204
506,empty,2048,256,21,1.242231,1.074730,204
5060,tikki,2048,192,5,1.633531,1.466529,385
5061,empty,2048,192,3,2.368245,2.200410,385
5062,scorep,2048,256,9,1.449823,1.281903,204
5063,oot,2048,64,6,1.399523,1.232636,11440
5064,tikki,2048,64,21,0.642584,0.475613,11440
5065,extrae,2048,256,3,2.934544,2.768750,204
5066,oot,2048,192,6,1.408641,1.243023,385
5067,void,2048,192,18,0.829710,0.662865,385
5068,void,2048,128,17,0.754087,0.587749,1496
5069,printf,2048,256,5,2.045894,1.878662,204
507,empty,2048,256,17,1.252804,1.086356,204
5070,extrae,2048,256,9,1.473804,1.309493,204
5071,void,2048,128,19,0.741886,0.574643,1496
5072,extrae,2048,192,20,0.930470,0.714403,385
5073,printf,2048,128,16,0.764838,0.598431,1496
5074,tikki,2048,256,5,2.091062,1.923366,204
5075,empty,2048,256,13,1.273783,1.106601,204
5076,scorep,2048,192,10,1.038143,0.868080,385
5077,oot,2048,128,5,1.773330,1.608052,1496
5078,printf,2048,192,17,0.826061,0.658679,385
5079,empty,2048,192,6,1.408718,1.241379,385
508,scorep,2048,256,4,2.316744,2.152347,204
5080,empty,2048,192,14,0.837752,0.670616,385
5081,tikki,2048,192,16,0.856122,0.688169,385
5082,extrae,2048,192,9,1.112840,0.947494,385
5083,void,2048,192,14,0.844982,0.677743,385
5084,oot,2048,64,16,0.665789,0.499592,11440
5085,scorep,2048,128,5,1.783954,1.615412,1496
5086,oot,2048,192,10,1.034264,0.866164,385
5087,tikki,2048,192,12,0.984176,0.817105,385
5088,tikki,2048,64,23,0.614484,0.447484,11440
5089,empty,2048,64,1,6.766300,6.598820,11440
509,empty,2048,192,11,0.972786,0.804580,385
5090,void,2048,128,11,0.982364,0.816869,1496
5091,scorep,2048,192,13,0.889215,0.720646,385
5092,printf,2048,128,22,0.681007,0.513946,1496
5093,void,2048,128,22,0.674353,0.508305,1496
5094,scorep,2048,64,16,0.673866,0.504913,11440
5095,void,2048,192,9,1.089737,0.923130,385
5096,printf,2048,192,14,0.860217,0.694008,385
5097,oot,2048,128,23,0.665706,0.498964,1496
5098,printf,2048,256,8,1.558692,1.392322,204
5099,void,2048,192,12,0.933424,0.765388,385
51,printf,2048,192,14,0.847136,0.679147,385
510,void,2048,256,10,1.379469,1.212148,204
5100,printf,2048,128,19,0.745392,0.578199,1496
5101,empty,2048,256,23,1.235490,1.069287,204
5102,scorep,2048,128,19,0.749417,0.578987,1496
5103,printf,2048,256,24,1.238413,1.071883,204
5104,tikki,2048,256,13,1.318185,1.150349,204
5105,oot,2048,256,21,1.240602,1.073313,204
5106,extrae,2048,256,2,4.151807,3.985622,204
5107,extrae,2048,256,5,2.023266,1.858440,204
5108,oot,2048,64,14,0.735089,0.566801,11440
5109,extrae,2048,192,2,3.372875,3.208477,385
511,empty,2048,128,2,3.955621,3.788639,1496
5110,extrae,2048,256,7,1.678532,1.514418,204
5111,oot,2048,64,13,0.767805,0.602579,11440
5112,oot,2048,192,5,1.577462,1.410223,385
5113,empty,2048,128,20,0.723005,0.554177,1496
5114,empty,2048,192,2,3.366259,3.199268,385
5115,oot,2048,256,20,1.243541,1.076142,204
5116,printf,2048,192,21,0.799947,0.633060,385
5117,printf,2048,128,11,0.989369,0.822354,1496
5118,tikki,2048,128,11,1.039757,0.872507,1496
5119,void,2048,128,8,1.214602,1.047129,1496
512,scorep,2048,192,22,0.802193,0.630914,385
5120,extrae,2048,128,18,0.814046,0.649087,1496
5121,extrae,2048,128,14,0.878629,0.714568,1496
5122,tikki,2048,128,7,1.444680,1.278085,1496
5123,tikki,2048,192,24,0.830724,0.663749,385
5124,void,2048,128,24,0.641949,0.475298,1496
5125,void,2048,192,5,1.582522,1.415350,385
5126,oot,2048,256,16,1.194138,1.027446,204
5127,printf,2048,64,13,0.772427,0.604682,11440
5128,void,2048,192,1,6.435971,6.267896,385
5129,printf,2048,128,4,2.078072,1.912369,1496
513,printf,2048,128,24,0.689149,0.483204,1496
5130,extrae,2048,64,22,0.713086,0.540967,11440
5131,tikki,2048,128,20,0.777307,0.610580,1496
5132,void,2048,128,2,3.937103,3.770767,1496
5133,extrae,2048,192,18,0.881949,0.717972,385
5134,empty,2048,64,22,0.589600,0.415104,11440
5135,printf,2048,128,24,0.648306,0.480700,1496
5136,scorep,2048,64,8,1.097971,0.926797,11440
5137,scorep,2048,64,15,0.705316,0.537222,11440
5138,void,2048,64,11,0.867026,0.699637,11440
5139,scorep,2048,128,18,0.771485,0.601806,1496
514,extrae,2048,128,23,1.249402,1.075639,1496
5140,empty,2048,128,9,1.129357,0.962390,1496
5141,scorep,2048,128,11,0.977966,0.809884,1496
5142,scorep,2048,192,15,0.847591,0.677828,385
5143,extrae,2048,192,19,0.870382,0.706059,385
5144,extrae,2048,256,12,1.306835,1.143118,204
5145,empty,2048,128,7,1.385478,1.219519,1496
5146,oot,2048,64,19,0.638729,0.471412,11440
5147,extrae,2048,128,24,0.778968,0.606767,1496
5148,extrae,2048,256,19,1.298593,1.135004,204
5149,tikki,2048,128,17,0.823658,0.658459,1496
515,void,2048,256,3,2.974956,2.808331,204
5150,void,2048,256,10,1.376742,1.210537,204
5151,oot,2048,256,6,1.865280,1.699220,204
5152,extrae,2048,128,23,0.787604,0.614703,1496
5153,empty,2048,256,15,1.195474,1.028445,204
5154,tikki,2048,192,17,0.872578,0.705274,385
5155,scorep,2048,192,21,0.802262,0.635722,385
5156,void,2048,192,22,0.795232,0.621277,385
5157,tikki,2048,256,14,1.251019,1.084824,204
5158,extrae,2048,192,4,1.857081,1.692963,385
5159,empty,2048,192,17,0.819920,0.653058,385
516,printf,2048,192,8,1.237518,1.022385,385
5160,scorep,2048,128,2,3.973061,3.804169,1496
5161,printf,2048,64,16,0.674549,0.506359,11440
5162,extrae,2048,64,8,1.133301,0.968127,11440
5163,oot,2048,256,3,2.940634,2.773883,204
5164,scorep,2048,128,21,0.706306,0.537038,1496
5165,empty,2048,256,21,1.246045,1.079565,204
5166,printf,2048,192,13,0.890888,0.723184,385
5167,tikki,2048,192,21,0.853100,0.685498,385
5168,oot,2048,256,8,1.556623,1.389456,204
5169,scorep,2048,192,17,0.839903,0.669374,385
517,void,2048,128,11,0.989004,0.821372,1496
5170,oot,2048,192,9,1.093070,0.925679,385
5171,void,2048,256,16,1.155299,0.988481,204
5172,scorep,2048,64,22,0.589954,0.420927,11440
5173,extrae,2048,256,4,2.318478,2.154050,204
5174,empty,2048,128,2,3.973351,3.806186,1496
5175,tikki,2048,128,4,2.150473,1.983860,1496
5176,oot,2048,128,17,0.766321,0.599837,1496
5177,empty,2048,192,19,0.819186,0.652374,385
5178,empty,2048,64,24,0.552595,0.384595,11440
5179,void,2048,256,15,1.180649,1.013404,204
518,oot,2048,128,9,1.135218,0.968387,1496
5180,tikki,2048,64,7,1.322196,1.154677,11440
5181,printf,2048,64,2,3.588817,3.423128,11440
5182,empty,2048,192,23,0.780316,0.613323,385
5183,oot,2048,192,21,0.799952,0.633650,385
5184,void,2048,64,10,0.937051,0.770412,11440
5185,empty,2048,192,1,6.434343,6.267485,385
5186,scorep,2048,192,11,0.973831,0.804133,385
5187,scorep,2048,64,19,0.646764,0.477148,11440
5188,tikki,2048,256,1,7.965979,7.798581,204
5189,empty,2048,192,24,0.786954,0.620063,385
519,printf,2048,64,2,3.606392,3.439150,11440
5190,extrae,2048,192,5,1.574201,1.409681,385
5191,void,2048,64,22,0.580965,0.414561,11440
5192,scorep,2048,256,14,1.202567,1.031817,204
5193,scorep,2048,128,24,0.652498,0.482151,1496
5194,void,2048,64,16,0.668075,0.501521,11440
5195,void,2048,128,20,0.720075,0.552887,1496
5196,scorep,2048,128,9,1.157934,0.974490,1496
5197,void,2048,192,7,1.263150,1.096616,385
5198,printf,2048,128,3,2.707141,2.539864,1496
5199,extrae,2048,128,15,0.843120,0.678832,1496
52,printf,2048,192,5,1.583335,1.417193,385
520,oot,2048,64,12,0.817241,0.650206,11440
5200,scorep,2048,192,9,1.088789,0.918582,385
5201,void,2048,256,23,1.237849,1.070254,204
5202,empty,2048,256,17,1.242104,1.073996,204
5203,scorep,2048,256,5,2.006099,1.838103,204
5204,scorep,2048,256,24,1.244265,1.075708,204
5205,void,2048,192,19,0.815645,0.648630,385
5206,empty,2048,192,20,0.813910,0.647225,385
5207,empty,2048,128,21,0.702972,0.536079,1496
5208,extrae,2048,192,6,1.411121,1.247554,385
5209,void,2048,128,4,2.084402,1.917024,1496
521,empty,2048,192,24,0.774193,0.605999,385
5210,printf,2048,128,9,1.125415,0.958551,1496
5211,tikki,2048,128,18,0.813242,0.646315,1496
5212,empty,2048,192,7,1.263122,1.095925,385
5213,extrae,2048,192,16,0.850505,0.686419,385
5214,tikki,2048,256,22,1.283609,1.116514,204
5215,printf,2048,64,11,0.874929,0.707265,11440
5216,printf,2048,192,22,0.789716,0.623088,385
5217,scorep,2048,256,10,1.389180,1.221680,204
5218,oot,2048,64,11,0.872704,0.707429,11440
5219,printf,2048,128,17,0.762081,0.595464,1496
522,printf,2048,192,18,0.833812,0.666777,385
5220,extrae,2048,64,9,1.035846,0.871297,11440
5221,void,2048,64,1,6.744389,6.577652,11440
5222,tikki,2048,128,23,0.710567,0.544156,1496
5223,extrae,2048,64,2,3.606775,3.442449,11440
5224,oot,2048,192,23,0.785825,0.620126,385
5225,void,2048,64,2,3.630419,3.462882,11440
5226,tikki,2048,256,18,1.327734,1.161108,204
5227,void,2048,64,13,0.771018,0.604898,11440
5228,oot,2048,192,19,0.814915,0.648399,385
5229,extrae,2048,256,13,1.303861,1.140001,204
523,scorep,2048,192,10,1.039161,0.869534,385
5230,extrae,2048,128,22,0.804841,0.632491,1496
5231,oot,2048,256,19,1.248076,1.082190,204
5232,extrae,2048,192,1,6.441455,6.277107,385
5233,tikki,2048,128,12,1.000289,0.834129,1496
5234,tikki,2048,256,15,1.237475,1.070759,204
5235,void,2048,256,3,2.953266,2.786075,204
5236,void,2048,192,3,2.347976,2.180835,385
5237,tikki,2048,128,16,0.827420,0.661202,1496
5238,scorep,2048,64,17,0.673864,0.504939,11440
5239,scorep,2048,192,24,0.774522,0.605250,385
524,empty,2048,192,18,0.831260,0.664501,385
5240,empty,2048,64,3,2.468794,2.302582,11440
5241,void,2048,128,21,0.693066,0.526526,1496
5242,oot,2048,128,22,0.683849,0.516967,1496
5243,extrae,2048,64,15,0.752836,0.587931,11440
5244,empty,2048,256,22,1.243061,1.076049,204
5245,void,2048,128,23,0.663706,0.496730,1496
5246,scorep,2048,128,6,1.555603,1.386181,1496
5247,void,2048,64,8,1.090732,0.924942,11440
5248,empty,2048,64,7,1.267889,1.101339,11440
5249,void,2048,192,21,0.800730,0.633503,385
525,extrae,2048,64,14,0.782698,0.617716,11440
5250,printf,2048,64,12,0.820488,0.652011,11440
5251,scorep,2048,256,7,1.667405,1.497540,204
5252,scorep,2048,64,7,1.269626,1.100027,11440
5253,scorep,2048,128,13,0.887923,0.715876,1496
5254,extrae,2048,64,4,1.918117,1.753456,11440
5255,extrae,2048,256,15,1.224072,1.059086,204
5256,empty,2048,192,15,0.826292,0.659115,385
5257,void,2048,64,12,0.827010,0.652056,11440
5258,empty,2048,256,3,2.954100,2.785453,204
5259,empty,2048,192,12,0.929803,0.763407,385
526,printf,2048,64,22,0.585634,0.417751,11440
5260,tikki,2048,64,14,0.779832,0.612911,11440
5261,tikki,2048,64,11,0.918749,0.751736,11440
5262,scorep,2048,192,5,1.589632,1.419920,385
5263,scorep,2048,256,13,1.276977,1.108104,204
5264,oot,2048,256,2,4.167297,4.001171,204
5265,oot,2048,192,8,1.183400,1.017190,385
5266,scorep,2048,128,20,0.775249,0.560386,1496
5267,oot,2048,192,4,1.848091,1.682071,385
5268,void,2048,128,9,1.140899,0.974263,1496
5269,printf,2048,256,21,1.243756,1.077233,204
527,empty,2048,256,6,1.867453,1.700981,204
5270,tikki,2048,128,15,0.847275,0.681076,1496
5271,scorep,2048,256,16,1.180766,1.012889,204
5272,printf,2048,192,11,0.972303,0.805184,385
5273,scorep,2048,64,23,0.574374,0.406561,11440
5274,printf,2048,256,11,1.317352,1.150105,204
5275,printf,2048,192,15,0.828123,0.659659,385
5276,empty,2048,256,20,1.248396,1.081199,204
5277,printf,2048,256,9,1.451810,1.283425,204
5278,scorep,2048,256,8,1.571175,1.401417,204
5279,oot,2048,128,14,0.840927,0.673059,1496
528,printf,2048,64,19,0.643353,0.475892,11440
5280,extrae,2048,192,14,0.897678,0.733652,385
5281,oot,2048,256,13,1.226279,1.059152,204
5282,void,2048,192,11,0.969227,0.801725,385
5283,void,2048,64,20,0.618397,0.452240,11440
5284,void,2048,256,18,1.297535,1.131372,204
5285,extrae,2048,128,6,1.559136,1.394420,1496
5286,empty,2048,128,24,0.696349,0.482553,1496
5287,oot,2048,64,18,0.671895,0.505007,11440
5288,oot,2048,256,24,1.236690,1.070148,204
5289,scorep,2048,192,3,2.374360,2.204446,385
529,tikki,2048,192,16,0.882203,0.714814,385
5290,empty,2048,256,4,2.306010,2.138513,204
5291,empty,2048,256,14,1.197360,1.030007,204
5292,oot,2048,192,16,0.789722,0.623063,385
5293,oot,2048,64,7,1.262649,1.096705,11440
5294,printf,2048,64,15,0.707290,0.540223,11440
5295,extrae,2048,256,1,7.927623,7.763813,204
5296,empty,2048,128,8,1.228718,1.061347,1496
5297,extrae,2048,64,21,0.732119,0.559619,11440
5298,oot,2048,128,4,2.093022,1.925237,1496
5299,tikki,2048,256,6,1.918705,1.751394,204
53,oot,2048,192,9,1.094595,0.926953,385
530,tikki,2048,256,16,1.244335,1.077747,204
5300,oot,2048,64,22,0.589648,0.414327,11440
5301,extrae,2048,128,3,2.733188,2.569250,1496
5302,scorep,2048,192,1,6.439727,6.270698,385
5303,oot,2048,256,15,1.184568,1.017686,204
5304,oot,2048,192,11,0.973652,0.806488,385
5305,printf,2048,256,22,1.240181,1.072200,204
5306,tikki,2048,128,6,1.606660,1.439277,1496
5307,printf,2048,64,24,0.553868,0.387097,11440
5308,printf,2048,64,14,0.733529,0.566295,11440
5309,oot,2048,256,18,1.310585,1.089547,204
531,scorep,2048,128,17,0.759018,0.594462,1496
5310,void,2048,128,14,0.844010,0.676052,1496
5311,printf,2048,192,7,1.263575,1.096041,385
5312,oot,2048,256,11,1.339673,1.172788,204
5313,void,2048,256,5,2.011681,1.844483,204
5314,empty,2048,192,8,1.167430,1.000755,385
5315,extrae,2048,256,11,1.357518,1.192795,204
5316,empty,2048,256,8,1.549767,1.382273,204
5317,void,2048,64,3,2.471473,2.304700,11440
5318,extrae,2048,64,6,1.422972,1.258256,11440
5319,printf,2048,128,23,0.662548,0.495888,1496
532,tikki,2048,64,11,0.916139,0.750057,11440
5320,extrae,2048,256,14,1.231299,1.067359,204
5321,oot,2048,256,10,1.375512,1.207773,204
5322,extrae,2048,128,12,0.959505,0.795121,1496
5323,void,2048,192,24,0.774206,0.608628,385
5324,void,2048,256,11,1.335451,1.168519,204
5325,void,2048,192,2,3.373998,3.207053,385
5326,tikki,2048,192,11,1.024629,0.856664,385
5327,void,2048,128,18,0.766989,0.599984,1496
5328,extrae,2048,64,11,0.917365,0.752827,11440
5329,tikki,2048,64,9,1.072674,0.907119,11440
533,printf,2048,256,17,1.220291,1.052059,204
5330,empty,2048,256,2,4.166343,3.999969,204
5331,oot,2048,192,2,3.371859,3.204658,385
5332,printf,2048,192,4,1.843877,1.677341,385
5333,oot,2048,64,15,0.720691,0.535883,11440
5334,void,2048,192,20,0.813892,0.645738,385
5335,extrae,2048,192,17,0.863445,0.699182,385
5336,printf,2048,64,23,0.569807,0.402322,11440
5337,printf,2048,64,3,2.486283,2.319240,11440
5338,tikki,2048,128,19,0.800147,0.634402,1496
5339,empty,2048,64,2,3.590286,3.423922,11440
534,oot,2048,256,22,1.244915,1.078212,204
5340,scorep,2048,192,19,0.825655,0.657619,385
5341,printf,2048,128,13,0.880100,0.713788,1496
5342,void,2048,192,17,0.818693,0.651989,385
5343,oot,2048,256,7,1.667489,1.500848,204
5344,empty,2048,128,15,0.799373,0.633134,1496
5345,scorep,2048,128,23,0.668649,0.499043,1496
5346,tikki,2048,64,5,1.695551,1.528540,11440
5347,empty,2048,192,21,0.808475,0.641777,385
5348,extrae,2048,64,19,0.707719,0.544130,11440
5349,scorep,2048,256,23,1.244058,1.076309,204
535,printf,2048,256,13,1.310248,1.103230,204
5350,printf,2048,192,3,2.339913,2.174446,385
5351,extrae,2048,128,16,0.808858,0.644418,1496
5352,empty,2048,256,5,2.009813,1.844104,204
5353,extrae,2048,64,5,1.623651,1.459402,11440
5354,scorep,2048,64,10,0.943958,0.775229,11440
5355,extrae,2048,256,23,1.394909,1.183386,204
5356,printf,2048,256,7,1.668821,1.501328,204
5357,printf,2048,192,5,1.578819,1.411246,385
5358,scorep,2048,192,4,1.871625,1.694850,385
5359,extrae,2048,64,16,0.718652,0.555279,11440
536,extrae,2048,128,4,2.121050,1.956271,1496
5360,empty,2048,64,6,1.394873,1.228679,11440
5361,scorep,2048,192,22,0.794242,0.624181,385
5362,oot,2048,64,17,0.662415,0.497103,11440
5363,printf,2048,64,10,0.944373,0.777113,11440
5364,oot,2048,192,22,0.784645,0.617369,385
5365,oot,2048,256,14,1.196486,1.029539,204
5366,oot,2048,256,23,1.234875,1.068535,204
5367,void,2048,256,8,1.558935,1.392443,204
5368,tikki,2048,64,3,2.525821,2.358123,11440
5369,oot,2048,128,18,0.775677,0.601003,1496
537,printf,2048,128,10,1.063022,0.896096,1496
5370,extrae,2048,64,1,6.798588,6.634912,11440
5371,empty,2048,256,10,1.376350,1.209717,204
5372,void,2048,256,21,1.240822,1.073423,204
5373,extrae,2048,64,17,0.724616,0.560613,11440
5374,oot,2048,192,3,2.348999,2.182312,385
5375,void,2048,64,21,0.597307,0.431233,11440
5376,empty,2048,128,14,0.851422,0.676162,1496
5377,extrae,2048,64,6,1.439405,1.255773,11440
5378,scorep,2048,256,20,1.245438,1.078067,204
5379,empty,2048,64,1,6.744351,6.576691,11440
538,scorep,2048,256,6,1.870094,1.702598,204
5380,scorep,2048,192,20,0.810551,0.642830,385
5381,void,2048,256,17,1.237567,1.070892,204
5382,void,2048,128,1,7.658756,7.479039,1496
5383,scorep,2048,128,4,2.111774,1.944973,1496
5384,scorep,2048,64,8,1.102677,0.934408,11440
5385,printf,2048,64,4,1.926644,1.759827,11440
5386,empty,2048,64,16,0.675052,0.508883,11440
5387,scorep,2048,192,19,0.821219,0.651066,385
5388,scorep,2048,128,6,1.555650,1.386724,1496
5389,extrae,2048,256,2,4.180893,4.016304,204
539,printf,2048,192,2,3.373518,3.206171,385
5390,oot,2048,64,23,0.562261,0.395976,11440
5391,extrae,2048,128,13,0.916689,0.752553,1496
5392,extrae,2048,256,15,1.213199,1.048323,204
5393,oot,2048,64,5,1.624349,1.448934,11440
5394,extrae,2048,192,8,1.205879,1.041955,385
5395,extrae,2048,64,24,0.706746,0.534252,11440
5396,scorep,2048,192,21,0.806513,0.638284,385
5397,tikki,2048,64,11,0.953090,0.786348,11440
5398,empty,2048,192,12,0.932473,0.765481,385
5399,printf,2048,192,15,0.836092,0.668977,385
54,scorep,2048,192,19,0.818134,0.648967,385
540,void,2048,192,11,0.972956,0.805940,385
5400,oot,2048,256,5,2.016256,1.848886,204
5401,extrae,2048,64,18,0.721002,0.556048,11440
5402,void,2048,256,3,2.965186,2.799867,204
5403,void,2048,64,18,0.662139,0.494854,11440
5404,printf,2048,192,13,0.891144,0.724333,385
5405,empty,2048,256,17,1.246060,1.079242,204
5406,empty,2048,192,23,0.777861,0.611639,385
5407,oot,2048,256,11,1.330155,1.163332,204
5408,printf,2048,64,19,0.645071,0.477156,11440
5409,empty,2048,64,5,1.628365,1.453841,11440
541,oot,2048,192,1,6.446780,6.279357,385
5410,empty,2048,256,10,1.379364,1.213316,204
5411,oot,2048,128,5,1.783260,1.616695,1496
5412,tikki,2048,128,13,0.933000,0.764959,1496
5413,extrae,2048,256,19,1.303145,1.138599,204
5414,scorep,2048,192,18,0.838747,0.668418,385
5415,empty,2048,128,14,0.839280,0.672079,1496
5416,void,2048,64,21,0.602348,0.434611,11440
5417,extrae,2048,192,5,1.584852,1.420990,385
5418,scorep,2048,256,7,1.673564,1.505813,204
5419,scorep,2048,256,12,1.300437,1.130255,204
542,printf,2048,64,11,0.879600,0.713160,11440
5420,void,2048,64,11,0.874556,0.707460,11440
5421,printf,2048,128,1,7.655677,7.487906,1496
5422,empty,2048,192,1,6.433477,6.267060,385
5423,printf,2048,128,18,0.765166,0.598284,1496
5424,extrae,2048,192,16,0.853980,0.689806,385
5425,extrae,2048,128,15,0.838046,0.673640,1496
5426,void,2048,256,10,1.384936,1.210524,204
5427,oot,2048,128,9,1.145245,0.970102,1496
5428,empty,2048,64,18,0.664732,0.497404,11440
5429,extrae,2048,64,17,0.722312,0.557726,11440
543,scorep,2048,64,14,0.733507,0.563240,11440
5430,empty,2048,256,9,1.448429,1.282014,204
5431,extrae,2048,256,21,1.351297,1.179204,204
5432,void,2048,192,23,0.787058,0.620621,385
5433,oot,2048,192,21,0.801809,0.634291,385
5434,empty,2048,128,19,0.737026,0.569481,1496
5435,void,2048,128,7,1.368526,1.201251,1496
5436,empty,2048,192,13,0.893376,0.726295,385
5437,printf,2048,192,10,1.034930,0.867648,385
5438,void,2048,256,12,1.283035,1.116330,204
5439,void,2048,256,21,1.246359,1.079843,204
544,void,2048,192,23,0.784705,0.617674,385
5440,scorep,2048,192,7,1.267916,1.098600,385
5441,void,2048,64,6,1.406977,1.240229,11440
5442,empty,2048,192,19,0.823222,0.655662,385
5443,void,2048,192,21,0.797041,0.629592,385
5444,oot,2048,128,6,1.562514,1.393945,1496
5445,void,2048,192,18,0.839480,0.671325,385
5446,scorep,2048,256,21,1.246015,1.078181,204
5447,printf,2048,128,19,0.743822,0.568932,1496
5448,scorep,2048,192,3,2.383923,2.211607,385
5449,void,2048,192,10,1.028266,0.861302,385
545,tikki,2048,192,8,1.255845,1.087773,385
5450,tikki,2048,128,1,7.697770,7.530125,1496
5451,scorep,2048,128,9,1.135556,0.966147,1496
5452,scorep,2048,192,5,1.579548,1.410038,385
5453,extrae,2048,64,7,1.247962,1.083999,11440
5454,tikki,2048,128,8,1.278613,1.111751,1496
5455,empty,2048,256,20,1.297319,1.076183,204
5456,oot,2048,192,13,0.895247,0.728172,385
5457,scorep,2048,128,14,0.838715,0.670832,1496
5458,void,2048,64,20,0.621964,0.454412,11440
5459,scorep,2048,192,17,0.826067,0.656350,385
546,tikki,2048,64,7,1.289300,1.122054,11440
5460,empty,2048,192,16,0.811141,0.643167,385
5461,oot,2048,192,9,1.088018,0.920933,385
5462,tikki,2048,256,3,3.034445,2.867691,204
5463,tikki,2048,192,16,0.849007,0.682412,385
5464,tikki,2048,256,12,1.337086,1.169951,204
5465,tikki,2048,128,15,0.861006,0.694298,1496
5466,extrae,2048,192,11,0.996333,0.831927,385
5467,void,2048,192,4,1.848889,1.681995,385
5468,printf,2048,192,4,1.865682,1.697940,385
5469,oot,2048,64,19,0.639219,0.472608,11440
547,oot,2048,64,24,0.553324,0.386482,11440
5470,empty,2048,128,4,2.099762,1.932724,1496
5471,void,2048,128,22,0.675273,0.508701,1496
5472,tikki,2048,192,7,1.326572,1.159930,385
5473,tikki,2048,128,14,0.889956,0.723756,1496
5474,printf,2048,128,12,0.920270,0.753514,1496
5475,void,2048,192,9,1.094034,0.926567,385
5476,tikki,2048,64,1,6.853359,6.686804,11440
5477,oot,2048,256,10,1.372569,1.205694,204
5478,empty,2048,128,24,0.648104,0.480246,1496
5479,empty,2048,192,7,1.268251,1.100423,385
548,printf,2048,192,17,0.835581,0.669546,385
5480,scorep,2048,64,17,0.675396,0.506403,11440
5481,empty,2048,256,12,1.289465,1.121722,204
5482,empty,2048,128,18,0.771235,0.604568,1496
5483,empty,2048,192,18,0.822423,0.655607,385
5484,scorep,2048,256,24,1.237495,1.068653,204
5485,scorep,2048,128,13,0.887555,0.717530,1496
5486,void,2048,256,1,7.925936,7.758885,204
5487,printf,2048,128,8,1.233596,1.068164,1496
5488,tikki,2048,192,6,1.463664,1.297636,385
5489,printf,2048,256,2,4.148266,3.980410,204
549,tikki,2048,192,24,0.817080,0.650343,385
5490,tikki,2048,256,11,1.377422,1.209377,204
5491,scorep,2048,192,2,3.368006,3.200087,385
5492,void,2048,128,11,0.990850,0.825067,1496
5493,extrae,2048,256,13,1.295430,1.131310,204
5494,scorep,2048,128,11,0.993119,0.824318,1496
5495,scorep,2048,192,6,1.407150,1.236455,385
5496,extrae,2048,128,16,0.801586,0.637933,1496
5497,void,2048,192,20,0.817057,0.649983,385
5498,printf,2048,128,2,3.947513,3.780388,1496
5499,tikki,2048,192,9,1.146251,0.979853,385
55,void,2048,192,1,6.438545,6.271605,385
550,tikki,2048,128,14,0.900865,0.734425,1496
5500,scorep,2048,192,12,0.937169,0.767491,385
5501,oot,2048,64,13,0.769803,0.602736,11440
5502,empty,2048,256,2,4.172866,4.005927,204
5503,scorep,2048,192,8,1.193068,1.024896,385
5504,extrae,2048,128,4,2.082115,1.917630,1496
5505,tikki,2048,192,3,2.409969,2.243585,385
5506,scorep,2048,256,23,1.241942,1.070902,204
5507,extrae,2048,256,4,2.294042,2.130083,204
5508,oot,2048,192,22,0.842970,0.628761,385
5509,oot,2048,256,9,1.467020,1.299022,204
551,tikki,2048,256,22,1.306000,1.140268,204
5510,oot,2048,256,12,1.280838,1.113629,204
5511,tikki,2048,64,14,0.787649,0.619687,11440
5512,void,2048,128,2,3.959934,3.793539,1496
5513,void,2048,192,7,1.272702,1.105476,385
5514,scorep,2048,64,4,1.897516,1.727430,11440
5515,extrae,2048,256,17,1.288211,1.124420,204
5516,tikki,2048,128,23,0.705234,0.538504,1496
5517,scorep,2048,192,14,0.844973,0.675012,385
5518,oot,2048,192,15,0.827093,0.659512,385
5519,tikki,2048,128,2,4.018397,3.850486,1496
552,extrae,2048,64,13,0.811246,0.647890,11440
5520,oot,2048,192,24,0.772049,0.604667,385
5521,oot,2048,64,11,0.884572,0.709350,11440
5522,tikki,2048,64,2,3.676163,3.509115,11440
5523,scorep,2048,256,10,1.385165,1.213890,204
5524,tikki,2048,192,21,0.841746,0.676172,385
5525,void,2048,64,10,0.932938,0.765550,11440
5526,scorep,2048,192,13,0.896819,0.726364,385
5527,scorep,2048,128,17,0.770528,0.600759,1496
5528,scorep,2048,256,6,1.868580,1.698727,204
5529,void,2048,256,9,1.458216,1.290537,204
553,extrae,2048,256,24,1.372319,1.200038,204
5530,tikki,2048,128,3,2.799600,2.631263,1496
5531,tikki,2048,256,16,1.208124,1.041005,204
5532,printf,2048,128,24,0.646559,0.480138,1496
5533,tikki,2048,128,9,1.181776,1.013904,1496
5534,printf,2048,192,21,0.798451,0.630954,385
5535,empty,2048,64,22,0.583398,0.416409,11440
5536,tikki,2048,64,18,0.731109,0.563363,11440
5537,printf,2048,128,9,1.132200,0.965295,1496
5538,oot,2048,256,21,1.244878,1.078175,204
5539,empty,2048,64,2,3.603081,3.435670,11440
554,void,2048,128,22,0.676864,0.510891,1496
5540,oot,2048,192,5,1.565987,1.399928,385
5541,extrae,2048,256,9,1.462060,1.298410,204
5542,void,2048,192,19,0.813065,0.647010,385
5543,printf,2048,192,11,0.973130,0.805661,385
5544,oot,2048,192,16,0.800695,0.634382,385
5545,extrae,2048,128,22,0.812386,0.639779,1496
5546,tikki,2048,128,22,0.728551,0.562531,1496
5547,printf,2048,192,1,6.431780,6.264567,385
5548,void,2048,256,2,4.165805,3.998731,204
5549,printf,2048,128,4,2.099907,1.932372,1496
555,printf,2048,256,15,1.169253,1.002105,204
5550,tikki,2048,192,14,0.906760,0.738991,385
5551,oot,2048,192,14,0.864814,0.697811,385
5552,empty,2048,128,3,2.729951,2.562624,1496
5553,empty,2048,128,2,3.975804,3.809699,1496
5554,oot,2048,128,16,0.771295,0.604437,1496
5555,void,2048,192,14,0.867363,0.700561,385
5556,oot,2048,64,8,1.090156,0.922803,11440
5557,scorep,2048,64,7,1.245169,1.074095,11440
5558,extrae,2048,256,24,1.363305,1.190993,204
5559,printf,2048,256,10,1.376543,1.211046,204
556,empty,2048,64,23,0.565408,0.397611,11440
5560,printf,2048,256,16,1.185507,1.011932,204
5561,tikki,2048,256,6,1.923336,1.756270,204
5562,oot,2048,128,3,2.737968,2.570508,1496
5563,empty,2048,128,20,0.719468,0.553226,1496
5564,empty,2048,256,11,1.353908,1.187249,204
5565,empty,2048,256,14,1.197970,1.031024,204
5566,empty,2048,192,9,1.090824,0.923927,385
5567,oot,2048,128,1,7.661446,7.495229,1496
5568,extrae,2048,192,13,0.921341,0.757326,385
5569,oot,2048,256,18,1.292167,1.125113,204
557,extrae,2048,256,11,1.358492,1.193941,204
5570,oot,2048,128,12,0.934366,0.767317,1496
5571,tikki,2048,128,4,2.159394,1.992476,1496
5572,extrae,2048,128,3,2.745449,2.580718,1496
5573,oot,2048,256,15,1.178257,1.010660,204
5574,scorep,2048,192,22,0.797740,0.625800,385
5575,oot,2048,256,17,1.231129,1.063334,204
5576,extrae,2048,128,9,1.156222,0.991280,1496
5577,empty,2048,192,4,1.869672,1.702816,385
5578,printf,2048,192,16,0.806208,0.639876,385
5579,oot,2048,192,6,1.410950,1.245450,385
558,scorep,2048,192,23,0.772168,0.604274,385
5580,printf,2048,128,3,2.718348,2.543043,1496
5581,extrae,2048,192,20,0.890966,0.715801,385
5582,void,2048,192,17,0.821589,0.655126,385
5583,printf,2048,64,12,0.825192,0.658292,11440
5584,empty,2048,128,10,1.059543,0.892274,1496
5585,oot,2048,128,17,0.761202,0.592014,1496
5586,printf,2048,256,7,1.681930,1.514070,204
5587,tikki,2048,64,16,0.720012,0.553480,11440
5588,empty,2048,128,5,1.789532,1.621760,1496
5589,void,2048,128,5,1.778084,1.610944,1496
559,printf,2048,64,6,1.432858,1.266644,11440
5590,printf,2048,192,7,1.265347,1.097431,385
5591,oot,2048,128,2,3.947238,3.779212,1496
5592,printf,2048,128,15,0.801654,0.635421,1496
5593,scorep,2048,256,11,1.364209,1.193478,204
5594,oot,2048,192,20,0.815983,0.648885,385
5595,empty,2048,64,12,0.816849,0.650859,11440
5596,oot,2048,64,24,0.556390,0.388876,11440
5597,empty,2048,192,21,0.800131,0.633287,385
5598,printf,2048,256,19,1.275454,1.108683,204
5599,empty,2048,64,3,2.479160,2.312373,11440
56,extrae,2048,64,3,2.535080,2.369580,11440
560,empty,2048,256,19,1.252279,1.085790,204
5600,extrae,2048,192,1,6.438380,6.273871,385
5601,oot,2048,64,3,2.461279,2.294396,11440
5602,void,2048,256,24,1.239746,1.072848,204
5603,extrae,2048,256,6,1.878639,1.713861,204
5604,printf,2048,128,14,0.843456,0.678510,1496
5605,extrae,2048,192,9,1.111891,0.947200,385
5606,printf,2048,128,13,0.884475,0.717971,1496
5607,void,2048,128,21,0.696739,0.529889,1496
5608,tikki,2048,128,12,0.975657,0.808888,1496
5609,void,2048,128,14,0.896923,0.676490,1496
561,tikki,2048,192,20,0.862215,0.696059,385
5610,scorep,2048,128,1,7.651393,7.481693,1496
5611,printf,2048,64,24,0.554652,0.388604,11440
5612,void,2048,192,22,0.782739,0.613978,385
5613,extrae,2048,192,18,0.885181,0.720723,385
5614,empty,2048,192,14,0.859196,0.692648,385
5615,printf,2048,192,3,2.365827,2.198517,385
5616,oot,2048,64,16,0.673007,0.506301,11440
5617,tikki,2048,128,16,0.813614,0.646917,1496
5618,scorep,2048,256,17,1.237373,1.068383,204
5619,printf,2048,256,24,1.239646,1.068782,204
562,void,2048,256,22,1.247311,1.080724,204
5620,void,2048,64,3,2.479993,2.312135,11440
5621,oot,2048,192,8,1.180345,1.013469,385
5622,void,2048,64,22,0.581993,0.416118,11440
5623,scorep,2048,128,19,0.739133,0.569780,1496
5624,tikki,2048,256,18,1.323208,1.155939,204
5625,scorep,2048,256,22,1.246176,1.077629,204
5626,extrae,2048,192,15,0.875160,0.710344,385
5627,extrae,2048,192,24,0.899878,0.727536,385
5628,extrae,2048,192,4,1.864030,1.699668,385
5629,oot,2048,128,24,0.644508,0.478798,1496
563,printf,2048,64,24,0.558580,0.391251,11440
5630,scorep,2048,128,24,0.648894,0.479383,1496
5631,tikki,2048,128,10,1.116269,0.950284,1496
5632,extrae,2048,64,4,1.918036,1.753532,11440
5633,tikki,2048,256,15,1.233659,1.067530,204
5634,oot,2048,128,8,1.236011,1.060686,1496
5635,printf,2048,256,20,1.244475,1.077061,204
5636,printf,2048,256,15,1.173197,1.007563,204
5637,extrae,2048,64,5,1.627571,1.463851,11440
5638,empty,2048,192,3,2.349040,2.182602,385
5639,extrae,2048,256,10,1.401151,1.237169,204
564,oot,2048,64,3,2.474289,2.307697,11440
5640,void,2048,256,19,1.247119,1.080884,204
5641,scorep,2048,64,12,0.823160,0.652322,11440
5642,empty,2048,192,5,1.564331,1.396379,385
5643,tikki,2048,192,5,1.636611,1.470081,385
5644,void,2048,128,9,1.131683,0.965122,1496
5645,printf,2048,64,22,0.623972,0.417256,11440
5646,extrae,2048,256,14,1.233044,1.069496,204
5647,oot,2048,64,4,1.897988,1.732152,11440
5648,extrae,2048,64,1,6.792477,6.627541,11440
5649,scorep,2048,256,8,1.558540,1.389705,204
565,tikki,2048,128,13,0.940822,0.773820,1496
5650,tikki,2048,64,3,2.527508,2.361360,11440
5651,printf,2048,64,13,0.775540,0.607865,11440
5652,extrae,2048,128,23,0.788219,0.616020,1496
5653,printf,2048,128,16,0.767406,0.600668,1496
5654,empty,2048,64,24,0.552438,0.385861,11440
5655,empty,2048,256,21,1.246484,1.079441,204
5656,tikki,2048,192,20,0.880696,0.713769,385
5657,oot,2048,64,10,0.941647,0.775162,11440
5658,void,2048,256,7,1.671447,1.505528,204
5659,void,2048,256,22,1.242116,1.075222,204
566,empty,2048,256,4,2.277368,2.110936,204
5660,extrae,2048,192,12,0.964006,0.799879,385
5661,scorep,2048,256,4,2.322834,2.154406,204
5662,tikki,2048,128,19,0.790063,0.623448,1496
5663,empty,2048,64,10,0.937826,0.771840,11440
5664,empty,2048,128,1,7.650476,7.484484,1496
5665,extrae,2048,128,5,1.781560,1.617246,1496
5666,printf,2048,64,16,0.672556,0.506445,11440
5667,printf,2048,256,4,2.313171,2.147472,204
5668,printf,2048,64,17,0.666715,0.499409,11440
5669,void,2048,192,6,1.415744,1.248748,385
567,void,2048,64,24,0.551578,0.384597,11440
5670,tikki,2048,64,21,0.657305,0.489671,11440
5671,printf,2048,256,22,1.245152,1.079146,204
5672,extrae,2048,256,23,1.365005,1.192755,204
5673,tikki,2048,128,5,1.848978,1.682449,1496
5674,void,2048,64,7,1.236918,1.070029,11440
5675,extrae,2048,256,3,2.965895,2.800892,204
5676,tikki,2048,64,10,0.986340,0.820487,11440
5677,extrae,2048,64,15,0.749793,0.585761,11440
5678,empty,2048,256,8,1.555674,1.388833,204
5679,scorep,2048,256,14,1.208888,1.039861,204
568,printf,2048,256,21,1.245314,1.078308,204
5680,tikki,2048,192,17,0.877219,0.711103,385
5681,empty,2048,64,8,1.093528,0.927115,11440
5682,void,2048,64,23,0.565977,0.398647,11440
5683,scorep,2048,64,24,0.564319,0.392502,11440
5684,scorep,2048,64,1,6.770492,6.603133,11440
5685,extrae,2048,64,20,0.712900,0.546675,11440
5686,tikki,2048,256,8,1.607391,1.440746,204
5687,oot,2048,64,18,0.669505,0.501817,11440
5688,scorep,2048,256,16,1.170046,1.000042,204
5689,void,2048,192,1,6.439518,6.273228,385
569,printf,2048,256,11,1.320037,1.152923,204
5690,scorep,2048,192,16,0.822217,0.654393,385
5691,void,2048,256,5,2.053839,1.886442,204
5692,void,2048,256,18,1.252813,1.086069,204
5693,empty,2048,128,13,0.881894,0.715053,1496
5694,printf,2048,64,23,0.570519,0.403053,11440
5695,empty,2048,192,10,1.029211,0.863000,385
5696,scorep,2048,64,16,0.677449,0.508005,11440
5697,tikki,2048,64,5,1.678188,1.511253,11440
5698,tikki,2048,256,21,1.298641,1.132051,204
5699,tikki,2048,64,19,0.692914,0.525521,11440
57,void,2048,128,3,2.724851,2.558128,1496
570,empty,2048,64,11,0.875319,0.707490,11440
5700,tikki,2048,64,9,1.064216,0.896828,11440
5701,printf,2048,256,9,1.451151,1.284364,204
5702,scorep,2048,64,15,0.705775,0.534340,11440
5703,oot,2048,128,7,1.373720,1.207005,1496
5704,extrae,2048,128,20,0.783835,0.619952,1496
5705,tikki,2048,64,12,0.871856,0.705493,11440
5706,tikki,2048,128,11,1.043485,0.877323,1496
5707,void,2048,128,6,1.550287,1.382546,1496
5708,empty,2048,256,7,1.675737,1.507568,204
5709,empty,2048,192,17,0.830902,0.666169,385
571,void,2048,128,6,1.556135,1.387970,1496
5710,printf,2048,192,18,0.834288,0.666870,385
5711,tikki,2048,192,24,0.817370,0.650394,385
5712,printf,2048,192,19,0.814467,0.648569,385
5713,extrae,2048,128,18,0.819084,0.654275,1496
5714,printf,2048,256,13,1.270129,1.102389,204
5715,empty,2048,256,5,2.013388,1.845412,204
5716,extrae,2048,192,14,0.899305,0.734973,385
5717,tikki,2048,64,8,1.147897,0.980662,11440
5718,empty,2048,64,9,1.004736,0.838022,11440
5719,extrae,2048,64,21,0.732504,0.559969,11440
572,tikki,2048,64,9,1.074607,0.906973,11440
5720,printf,2048,128,10,1.061386,0.893381,1496
5721,scorep,2048,192,23,0.792318,0.622673,385
5722,void,2048,192,3,2.373873,2.207448,385
5723,printf,2048,64,18,0.672420,0.504880,11440
5724,empty,2048,128,8,1.244228,1.077963,1496
5725,empty,2048,256,1,7.916292,7.749013,204
5726,empty,2048,128,6,1.557760,1.391267,1496
5727,scorep,2048,64,2,3.607863,3.435982,11440
5728,scorep,2048,256,19,1.256578,1.087098,204
5729,scorep,2048,64,11,0.882715,0.712795,11440
573,printf,2048,128,1,7.610748,7.444782,1496
5730,extrae,2048,128,8,1.253084,1.089017,1496
5731,empty,2048,64,6,1.395291,1.228897,11440
5732,void,2048,256,4,2.300555,2.131667,204
5733,printf,2048,64,5,1.617868,1.450690,11440
5734,void,2048,192,15,0.817680,0.649784,385
5735,empty,2048,64,14,0.733827,0.566896,11440
5736,scorep,2048,64,20,0.629493,0.459412,11440
5737,empty,2048,128,12,0.926933,0.760383,1496
5738,tikki,2048,64,20,0.669002,0.502334,11440
5739,void,2048,192,8,1.183237,1.016546,385
574,tikki,2048,64,14,0.787158,0.620124,11440
5740,extrae,2048,64,22,0.718502,0.545458,11440
5741,void,2048,64,17,0.657289,0.491028,11440
5742,printf,2048,192,20,0.821641,0.654014,385
5743,empty,2048,64,13,0.768681,0.601317,11440
5744,printf,2048,192,14,0.836395,0.668862,385
5745,void,2048,128,13,0.890318,0.715914,1496
5746,empty,2048,192,2,3.357956,3.190779,385
5747,oot,2048,256,4,2.305042,2.136942,204
5748,oot,2048,256,23,1.246366,1.071813,204
5749,extrae,2048,256,1,7.937719,7.773592,204
575,extrae,2048,128,14,0.878458,0.713425,1496
5750,oot,2048,64,14,0.729443,0.562386,11440
5751,empty,2048,192,20,0.790717,0.623709,385
5752,tikki,2048,192,12,0.990047,0.822531,385
5753,extrae,2048,256,5,2.052864,1.888050,204
5754,oot,2048,192,17,0.826763,0.651915,385
5755,printf,2048,256,21,1.244429,1.077661,204
5756,extrae,2048,192,2,3.365018,3.200853,385
5757,tikki,2048,192,13,0.950874,0.784254,385
5758,extrae,2048,128,1,7.660621,7.496442,1496
5759,void,2048,128,8,1.235121,1.068331,1496
576,empty,2048,64,19,0.639898,0.473727,11440
5760,extrae,2048,128,6,1.563559,1.398948,1496
5761,extrae,2048,128,17,0.809532,0.645485,1496
5762,tikki,2048,256,9,1.499901,1.333794,204
5763,extrae,2048,192,7,1.277587,1.114003,385
5764,oot,2048,64,21,0.596854,0.430579,11440
5765,extrae,2048,128,11,1.011241,0.846910,1496
5766,empty,2048,256,6,1.861597,1.696112,204
5767,void,2048,128,17,0.768401,0.601542,1496
5768,printf,2048,64,21,0.611387,0.444156,11440
5769,void,2048,64,15,0.691366,0.526658,11440
577,void,2048,192,3,2.335212,2.167296,385
5770,tikki,2048,192,1,6.491094,6.323627,385
5771,extrae,2048,256,16,1.210019,1.046311,204
5772,printf,2048,256,18,1.275615,1.109279,204
5773,extrae,2048,64,13,0.820787,0.657162,11440
5774,tikki,2048,256,19,1.309369,1.142801,204
5775,extrae,2048,64,11,0.910249,0.745560,11440
5776,void,2048,64,1,6.761289,6.593712,11440
5777,printf,2048,192,22,0.776653,0.611333,385
5778,scorep,2048,128,23,0.667084,0.498724,1496
5779,scorep,2048,128,22,0.681726,0.513772,1496
578,extrae,2048,256,5,2.038569,1.873983,204
5780,oot,2048,256,24,1.238836,1.071757,204
5781,scorep,2048,256,1,7.910424,7.740216,204
5782,tikki,2048,192,22,0.836092,0.669180,385
5783,extrae,2048,256,7,1.679145,1.514622,204
5784,extrae,2048,192,19,0.869029,0.705189,385
5785,oot,2048,256,2,4.135264,3.969204,204
5786,empty,2048,64,21,0.598962,0.432065,11440
5787,printf,2048,256,11,1.327938,1.161311,204
5788,void,2048,256,8,1.558370,1.390826,204
5789,extrae,2048,64,10,0.978337,0.814372,11440
579,oot,2048,256,9,1.449103,1.282509,204
5790,extrae,2048,64,8,1.132643,0.968198,11440
5791,printf,2048,128,23,0.662272,0.495597,1496
5792,tikki,2048,192,2,3.417217,3.249289,385
5793,oot,2048,64,22,0.582407,0.416161,11440
5794,tikki,2048,64,24,0.609854,0.441914,11440
5795,printf,2048,256,6,1.876013,1.709173,204
5796,empty,2048,128,9,1.136451,0.968902,1496
5797,tikki,2048,128,17,0.816324,0.648989,1496
5798,scorep,2048,64,14,0.733013,0.564293,11440
5799,empty,2048,256,3,2.915242,2.748549,204
58,empty,2048,128,4,2.103499,1.936257,1496
580,printf,2048,128,21,0.698426,0.530706,1496
5800,void,2048,128,16,0.767254,0.601761,1496
5801,extrae,2048,128,14,0.885990,0.721708,1496
5802,tikki,2048,192,23,0.844800,0.665779,385
5803,empty,2048,128,7,1.376004,1.209499,1496
5804,printf,2048,128,5,1.783296,1.616698,1496
5805,oot,2048,64,17,0.663126,0.495485,11440
5806,empty,2048,128,15,0.803034,0.635538,1496
5807,oot,2048,128,21,0.700770,0.533346,1496
5808,printf,2048,64,6,1.410492,1.243342,11440
5809,tikki,2048,128,18,0.824066,0.656749,1496
581,tikki,2048,192,4,1.900503,1.734195,385
5810,tikki,2048,256,14,1.248680,1.081372,204
5811,oot,2048,64,1,6.783674,6.616555,11440
5812,empty,2048,256,4,2.286954,2.119041,204
5813,printf,2048,256,1,7.920512,7.754095,204
5814,oot,2048,192,19,0.816275,0.650953,385
5815,tikki,2048,256,17,1.276314,1.108998,204
5816,void,2048,128,23,0.660938,0.494587,1496
5817,tikki,2048,64,17,0.765356,0.550975,11440
5818,empty,2048,64,23,0.566131,0.398907,11440
5819,tikki,2048,256,10,1.442801,1.275754,204
582,oot,2048,192,20,0.817038,0.649478,385
5820,extrae,2048,64,9,1.038968,0.874439,11440
5821,tikki,2048,256,20,1.296988,1.130443,204
5822,scorep,2048,64,10,0.947425,0.776949,11440
5823,extrae,2048,192,10,1.063406,0.899402,385
5824,tikki,2048,256,7,1.728932,1.562649,204
5825,printf,2048,256,12,1.279255,1.111386,204
5826,empty,2048,128,21,0.701782,0.534496,1496
5827,empty,2048,256,24,1.237975,1.071099,204
5828,void,2048,64,2,3.619295,3.451396,11440
5829,tikki,2048,64,22,0.633676,0.466477,11440
583,scorep,2048,192,21,0.801198,0.632482,385
5830,tikki,2048,256,13,1.301985,1.135138,204
5831,tikki,2048,192,4,1.880260,1.713413,385
5832,tikki,2048,128,7,1.438630,1.272177,1496
5833,tikki,2048,64,4,1.960239,1.793759,11440
5834,empty,2048,256,19,1.250190,1.082784,204
5835,oot,2048,64,6,1.426497,1.260403,11440
5836,scorep,2048,128,20,0.729186,0.558231,1496
5837,printf,2048,128,22,0.681520,0.513537,1496
5838,printf,2048,256,23,1.238747,1.071307,204
5839,printf,2048,128,11,0.981603,0.813898,1496
584,void,2048,128,10,1.064950,0.898223,1496
5840,oot,2048,64,9,1.017505,0.850035,11440
5841,printf,2048,64,7,1.242898,1.076256,11440
5842,scorep,2048,256,15,1.195592,1.025402,204
5843,scorep,2048,256,5,2.073834,1.857669,204
5844,oot,2048,64,15,0.697675,0.529597,11440
5845,scorep,2048,128,3,2.739976,2.569540,1496
5846,void,2048,64,8,1.091209,0.924138,11440
5847,void,2048,64,14,0.732366,0.565167,11440
5848,tikki,2048,256,4,2.336614,2.169713,204
5849,scorep,2048,192,11,0.980826,0.810356,385
585,extrae,2048,128,8,1.244246,1.079629,1496
5850,void,2048,64,9,1.007903,0.840426,11440
5851,empty,2048,192,8,1.179582,1.012086,385
5852,scorep,2048,256,9,1.457138,1.286352,204
5853,printf,2048,192,8,1.188596,1.021688,385
5854,scorep,2048,64,9,1.014172,0.842215,11440
5855,void,2048,64,16,0.664991,0.497447,11440
5856,printf,2048,256,14,1.198061,1.031516,204
5857,empty,2048,128,17,0.761681,0.594292,1496
5858,tikki,2048,192,8,1.234423,1.067327,385
5859,printf,2048,128,17,0.756757,0.588903,1496
586,extrae,2048,192,10,1.073151,0.895159,385
5860,scorep,2048,128,7,1.379291,1.209081,1496
5861,oot,2048,192,10,1.033049,0.867067,385
5862,printf,2048,64,14,0.735145,0.569024,11440
5863,oot,2048,192,1,6.441976,6.274824,385
5864,extrae,2048,256,11,1.366151,1.201843,204
5865,tikki,2048,64,23,0.623390,0.455606,11440
5866,extrae,2048,192,23,0.905796,0.733845,385
5867,oot,2048,256,22,1.248245,1.073390,204
5868,extrae,2048,64,16,0.722391,0.557894,11440
5869,tikki,2048,64,13,0.826067,0.658006,11440
587,scorep,2048,192,16,0.807537,0.644245,385
5870,void,2048,256,13,1.269973,1.102661,204
5871,tikki,2048,256,24,1.294547,1.127233,204
5872,scorep,2048,64,18,0.679106,0.509510,11440
5873,oot,2048,256,6,1.872542,1.705589,204
5874,extrae,2048,128,7,1.381231,1.217358,1496
5875,oot,2048,192,3,2.375954,2.208992,385
5876,oot,2048,256,1,7.940595,7.766028,204
5877,oot,2048,256,7,1.664697,1.490360,204
5878,printf,2048,128,7,1.377622,1.209953,1496
5879,tikki,2048,192,15,0.892342,0.725464,385
588,tikki,2048,256,2,4.216024,4.047812,204
5880,scorep,2048,128,10,1.068595,0.898105,1496
5881,tikki,2048,192,19,0.853592,0.687007,385
5882,scorep,2048,64,19,0.646230,0.476178,11440
5883,empty,2048,192,22,0.782338,0.615021,385
5884,empty,2048,256,23,1.238609,1.071336,204
5885,scorep,2048,128,18,0.772180,0.603138,1496
5886,empty,2048,64,19,0.641801,0.474685,11440
5887,tikki,2048,192,10,1.091183,0.923376,385
5888,tikki,2048,256,1,7.975030,7.808763,204
5889,void,2048,256,23,1.234609,1.067642,204
589,scorep,2048,192,17,0.829347,0.659601,385
5890,scorep,2048,256,13,1.275393,1.105038,204
5891,empty,2048,128,11,0.988264,0.821544,1496
5892,extrae,2048,256,18,1.337562,1.173910,204
5893,printf,2048,256,17,1.218766,1.050656,204
5894,void,2048,192,2,3.355501,3.189503,385
5895,extrae,2048,128,10,1.087265,0.923587,1496
5896,tikki,2048,192,18,0.889035,0.722225,385
5897,oot,2048,192,12,0.934485,0.768617,385
5898,printf,2048,192,6,1.406644,1.238932,385
5899,void,2048,192,5,1.583129,1.416258,385
59,tikki,2048,64,10,0.992231,0.824138,11440
590,oot,2048,128,1,7.651968,7.485424,1496
5900,empty,2048,64,20,0.620477,0.452977,11440
5901,extrae,2048,256,12,1.323531,1.158943,204
5902,printf,2048,64,11,0.875968,0.709345,11440
5903,printf,2048,192,23,0.772950,0.605842,385
5904,oot,2048,256,3,2.958351,2.791656,204
5905,extrae,2048,64,14,0.776299,0.611821,11440
5906,scorep,2048,192,1,6.443007,6.274294,385
5907,extrae,2048,192,3,2.378213,2.213497,385
5908,void,2048,128,3,2.740363,2.574121,1496
5909,oot,2048,64,2,3.563414,3.397539,11440
591,printf,2048,128,3,2.732514,2.565360,1496
5910,void,2048,192,16,0.839445,0.625679,385
5911,void,2048,192,13,0.890589,0.723311,385
5912,void,2048,192,11,0.974363,0.805985,385
5913,scorep,2048,64,5,1.623861,1.455856,11440
5914,void,2048,128,19,0.746030,0.578536,1496
5915,printf,2048,128,6,1.555178,1.387992,1496
5916,extrae,2048,256,8,1.564570,1.399358,204
5917,printf,2048,64,8,1.100077,0.933641,11440
5918,scorep,2048,192,24,0.791011,0.623496,385
5919,scorep,2048,64,23,0.576399,0.406804,11440
592,tikki,2048,64,24,0.607309,0.440139,11440
5920,void,2048,64,13,0.775572,0.607857,11440
5921,scorep,2048,256,2,4.173252,4.004239,204
5922,scorep,2048,128,16,0.773178,0.601952,1496
5923,oot,2048,256,16,1.166210,0.998421,204
5924,printf,2048,192,17,0.821199,0.655817,385
5925,tikki,2048,64,15,0.741695,0.574382,11440
5926,printf,2048,64,10,0.940751,0.773945,11440
5927,empty,2048,256,13,1.265340,1.098536,204
5928,scorep,2048,128,21,0.694607,0.523966,1496
5929,empty,2048,64,11,0.866817,0.701083,11440
593,printf,2048,64,1,6.807816,6.640118,11440
5930,printf,2048,128,20,0.726536,0.559992,1496
5931,scorep,2048,192,9,1.091288,0.922177,385
5932,empty,2048,192,6,1.404692,1.238068,385
5933,extrae,2048,128,21,0.812937,0.640579,1496
5934,extrae,2048,192,6,1.424882,1.260806,385
5935,tikki,2048,128,6,1.611823,1.444491,1496
5936,oot,2048,128,20,0.720311,0.552625,1496
5937,void,2048,128,20,0.721624,0.554159,1496
5938,oot,2048,128,15,0.805367,0.637842,1496
5939,tikki,2048,256,23,1.289804,1.123693,204
594,oot,2048,128,21,0.698802,0.532462,1496
5940,extrae,2048,128,24,0.777326,0.604578,1496
5941,oot,2048,64,12,0.820257,0.653304,11440
5942,oot,2048,256,13,1.270218,1.103263,204
5943,empty,2048,64,15,0.699855,0.532795,11440
5944,extrae,2048,64,3,2.527506,2.363539,11440
5945,oot,2048,192,7,1.259814,1.092863,385
5946,scorep,2048,128,12,0.932631,0.762759,1496
5947,tikki,2048,256,2,4.216956,4.049499,204
5948,empty,2048,128,23,0.659563,0.493181,1496
5949,void,2048,64,4,1.893576,1.727075,11440
595,oot,2048,256,11,1.314607,1.147745,204
5950,void,2048,128,18,0.764928,0.598800,1496
5951,extrae,2048,256,22,1.353884,1.181127,204
5952,printf,2048,192,24,0.770230,0.604206,385
5953,oot,2048,256,8,1.552600,1.386165,204
5954,extrae,2048,64,19,0.700052,0.536223,11440
5955,void,2048,128,24,0.648763,0.482881,1496
5956,void,2048,64,12,0.814945,0.647435,11440
5957,void,2048,192,24,0.783077,0.616452,385
5958,tikki,2048,128,24,0.701763,0.534715,1496
5959,empty,2048,128,16,0.768511,0.600812,1496
596,scorep,2048,64,3,2.457912,2.289225,11440
5960,scorep,2048,128,15,0.814541,0.644586,1496
5961,extrae,2048,128,2,3.955749,3.791147,1496
5962,void,2048,64,5,1.614638,1.447924,11440
5963,oot,2048,192,23,0.799215,0.625105,385
5964,void,2048,256,14,1.197142,1.031007,204
5965,void,2048,64,24,0.552274,0.384120,11440
5966,printf,2048,64,1,6.902537,6.686030,11440
5967,void,2048,64,19,0.641522,0.476011,11440
5968,empty,2048,64,7,1.241559,1.074016,11440
5969,scorep,2048,256,3,2.945521,2.777861,204
597,extrae,2048,192,21,0.914368,0.742072,385
5970,oot,2048,256,14,1.197039,1.030979,204
5971,extrae,2048,256,20,1.303493,1.133984,204
5972,void,2048,256,20,1.243680,1.076747,204
5973,void,2048,128,12,0.925172,0.757955,1496
5974,tikki,2048,64,7,1.292198,1.124996,11440
5975,scorep,2048,64,22,0.591318,0.421446,11440
5976,empty,2048,256,16,1.169496,1.003536,204
5977,tikki,2048,192,11,1.021626,0.854166,385
5978,printf,2048,64,20,0.624628,0.458315,11440
5979,printf,2048,256,3,2.929606,2.762275,204
598,scorep,2048,256,19,1.254665,1.088140,204
5980,oot,2048,128,19,0.742662,0.575994,1496
5981,tikki,2048,64,6,1.460697,1.293893,11440
5982,void,2048,256,11,1.318570,1.150567,204
5983,void,2048,256,16,1.177097,1.011086,204
5984,printf,2048,64,15,0.704713,0.536890,11440
5985,empty,2048,256,22,1.239159,1.071476,204
5986,void,2048,128,4,2.104288,1.937607,1496
5987,scorep,2048,128,2,3.936418,3.767327,1496
5988,tikki,2048,256,22,1.288125,1.120730,204
5989,oot,2048,64,7,1.253000,1.076611,11440
599,tikki,2048,64,20,0.671505,0.504246,11440
5990,empty,2048,192,15,0.834262,0.667426,385
5991,scorep,2048,192,10,1.035430,0.865756,385
5992,extrae,2048,192,22,0.902832,0.729966,385
5993,oot,2048,192,18,0.840914,0.675013,385
5994,void,2048,256,15,1.169259,1.003328,204
5995,scorep,2048,64,6,1.428387,1.257237,11440
5996,void,2048,128,10,1.054054,0.887451,1496
5997,extrae,2048,192,17,0.868215,0.704036,385
5998,extrae,2048,64,23,0.705857,0.533269,11440
5999,empty,2048,64,17,0.663501,0.496835,11440
6,printf,2048,192,6,1.404532,1.237007,385
60,scorep,2048,192,12,0.923991,0.759307,385
600,void,2048,128,5,1.771223,1.603867,1496
6000,scorep,2048,64,21,0.604161,0.435711,11440
6001,oot,2048,64,20,0.618331,0.450310,11440
6002,oot,2048,128,18,0.764841,0.598455,1496
6003,scorep,2048,256,18,1.298139,1.127668,204
6004,printf,2048,192,9,1.090186,0.922889,385
6005,empty,2048,192,24,0.783795,0.616437,385
6006,empty,2048,256,15,1.177256,1.009303,204
6007,printf,2048,192,12,0.931241,0.764115,385
6008,scorep,2048,192,15,0.824734,0.654322,385
6009,printf,2048,256,8,1.560194,1.394124,204
601,printf,2048,192,4,1.857003,1.689625,385
6010,oot,2048,256,20,1.247979,1.073560,204
6011,printf,2048,64,2,3.597092,3.430069,11440
6012,oot,2048,128,14,0.855386,0.668900,1496
6013,oot,2048,192,2,3.357668,3.190074,385
6014,printf,2048,192,2,3.366472,3.200501,385
6015,oot,2048,192,4,1.826374,1.659643,385
6016,tikki,2048,128,21,0.753775,0.586800,1496
6017,oot,2048,128,23,0.653466,0.486986,1496
6018,tikki,2048,128,20,0.767847,0.600986,1496
6019,scorep,2048,192,4,1.854918,1.684807,385
602,tikki,2048,64,4,1.980768,1.814613,11440
6020,void,2048,128,15,0.802250,0.635017,1496
6021,empty,2048,128,22,0.679658,0.512623,1496
6022,tikki,2048,256,5,2.101342,1.887461,204
6023,oot,2048,128,22,0.685019,0.516492,1496
6024,empty,2048,192,11,0.971212,0.803811,385
6025,oot,2048,128,4,2.110258,1.943001,1496
6026,extrae,2048,192,21,0.915183,0.743080,385
6027,extrae,2048,64,2,3.605334,3.441215,11440
6028,void,2048,256,6,1.864496,1.698174,204
6029,oot,2048,192,11,0.970630,0.803217,385
603,scorep,2048,192,15,0.833063,0.664533,385
6030,empty,2048,64,4,1.907983,1.739931,11440
6031,scorep,2048,128,8,1.237514,1.068122,1496
6032,scorep,2048,64,3,2.482361,2.313391,11440
6033,oot,2048,128,13,0.886561,0.719222,1496
6034,printf,2048,128,21,0.696390,0.528843,1496
6035,extrae,2048,128,12,0.953307,0.788254,1496
6036,extrae,2048,64,12,0.860383,0.696110,11440
6037,void,2048,192,12,0.932736,0.765988,385
6038,printf,2048,256,5,2.010551,1.843554,204
6039,oot,2048,128,10,1.061050,0.894111,1496
604,scorep,2048,256,10,1.384629,1.215657,204
6040,printf,2048,64,9,1.015487,0.847602,11440
6041,printf,2048,64,3,2.466421,2.299435,11440
6042,printf,2048,192,5,1.590436,1.423894,385
6043,empty,2048,256,18,1.252775,1.086510,204
6044,scorep,2048,128,5,1.786512,1.618189,1496
6045,oot,2048,128,11,0.985987,0.818969,1496
6046,extrae,2048,128,19,0.792875,0.628517,1496
6047,oot,2048,256,19,1.248267,1.081326,204
6048,scorep,2048,64,13,0.776215,0.607741,11440
6049,scorep,2048,64,18,0.676653,0.508094,11440
605,extrae,2048,256,20,1.312890,1.148304,204
6050,void,2048,192,23,0.785787,0.611159,385
6051,scorep,2048,128,16,0.773354,0.604257,1496
6052,oot,2048,128,21,0.699635,0.532209,1496
6053,oot,2048,256,13,1.270138,1.102793,204
6054,printf,2048,128,24,0.649300,0.482903,1496
6055,extrae,2048,192,15,0.878856,0.714111,385
6056,extrae,2048,64,18,0.725884,0.561637,11440
6057,void,2048,128,3,2.731359,2.564560,1496
6058,tikki,2048,64,15,0.743326,0.576659,11440
6059,printf,2048,256,6,1.871604,1.704608,204
606,oot,2048,256,13,1.267502,1.101381,204
6060,tikki,2048,128,6,1.623820,1.456406,1496
6061,empty,2048,128,20,0.719366,0.552581,1496
6062,scorep,2048,192,3,2.344437,2.175708,385
6063,void,2048,192,14,0.865067,0.689612,385
6064,scorep,2048,64,14,0.737739,0.567580,11440
6065,void,2048,256,4,2.279800,2.112658,204
6066,empty,2048,192,22,0.774954,0.608168,385
6067,printf,2048,64,21,0.605331,0.437919,11440
6068,tikki,2048,128,7,1.440990,1.272929,1496
6069,void,2048,192,7,1.258436,1.091911,385
607,void,2048,256,16,1.161092,0.994907,204
6070,void,2048,128,4,2.083984,1.917047,1496
6071,printf,2048,64,4,1.911408,1.745108,11440
6072,tikki,2048,128,8,1.267796,1.099843,1496
6073,scorep,2048,128,5,1.779143,1.609810,1496
6074,tikki,2048,256,9,1.504675,1.337760,204
6075,void,2048,64,7,1.236357,1.069278,11440
6076,void,2048,64,6,1.398136,1.231645,11440
6077,empty,2048,256,12,1.294229,1.126463,204
6078,printf,2048,64,24,0.555575,0.389691,11440
6079,printf,2048,256,19,1.248427,1.080820,204
608,tikki,2048,256,21,1.286351,1.119455,204
6080,extrae,2048,128,15,0.837684,0.672940,1496
6081,extrae,2048,192,3,2.365632,2.201438,385
6082,oot,2048,192,1,6.439296,6.272596,385
6083,tikki,2048,192,16,0.849722,0.683270,385
6084,tikki,2048,256,13,1.271179,1.103636,204
6085,oot,2048,192,23,0.789726,0.622739,385
6086,extrae,2048,192,9,1.116453,0.952595,385
6087,void,2048,192,1,6.433788,6.267450,385
6088,scorep,2048,128,23,0.668212,0.498341,1496
6089,scorep,2048,128,21,0.701673,0.533097,1496
609,extrae,2048,128,12,0.955281,0.791353,1496
6090,printf,2048,128,11,0.994653,0.819888,1496
6091,void,2048,192,5,1.567255,1.398667,385
6092,void,2048,128,19,0.742609,0.574807,1496
6093,empty,2048,192,6,1.408529,1.241514,385
6094,empty,2048,128,3,2.741819,2.574643,1496
6095,oot,2048,64,13,0.768884,0.601747,11440
6096,oot,2048,192,8,1.188819,1.021267,385
6097,extrae,2048,256,9,1.465910,1.300816,204
6098,void,2048,256,22,1.243151,1.076189,204
6099,oot,2048,192,7,1.266249,1.099787,385
61,scorep,2048,128,18,0.772473,0.603191,1496
610,void,2048,64,6,1.427099,1.260933,11440
6100,empty,2048,256,13,1.273201,1.106606,204
6101,oot,2048,256,14,1.196683,1.028744,204
6102,tikki,2048,256,11,1.380466,1.213870,204
6103,oot,2048,192,17,0.820463,0.654180,385
6104,oot,2048,192,2,3.377270,3.210594,385
6105,void,2048,256,2,4.174761,4.006972,204
6106,tikki,2048,64,23,0.610555,0.443697,11440
6107,oot,2048,128,4,2.100442,1.933293,1496
6108,tikki,2048,192,3,2.405916,2.238908,385
6109,scorep,2048,192,18,0.835681,0.667001,385
611,extrae,2048,128,18,0.813673,0.649716,1496
6110,printf,2048,192,18,0.844983,0.669170,385
6111,tikki,2048,128,23,0.702461,0.535145,1496
6112,printf,2048,128,6,1.570263,1.395606,1496
6113,void,2048,128,18,0.765563,0.598395,1496
6114,tikki,2048,192,8,1.236975,1.069610,385
6115,printf,2048,256,10,1.375743,1.208129,204
6116,void,2048,64,19,0.640414,0.473203,11440
6117,empty,2048,256,16,1.164574,0.997385,204
6118,printf,2048,192,24,0.769100,0.602347,385
6119,extrae,2048,192,14,0.900481,0.735774,385
612,tikki,2048,128,16,0.811479,0.644557,1496
6120,empty,2048,64,10,0.931518,0.765153,11440
6121,empty,2048,192,24,0.773982,0.606942,385
6122,empty,2048,128,14,0.839930,0.672557,1496
6123,empty,2048,64,15,0.706654,0.539370,11440
6124,extrae,2048,256,7,1.675850,1.511740,204
6125,extrae,2048,64,23,0.704767,0.533015,11440
6126,empty,2048,64,18,0.683170,0.496187,11440
6127,extrae,2048,256,4,2.297861,2.133550,204
6128,empty,2048,256,17,1.253233,1.085759,204
6129,scorep,2048,192,15,0.816880,0.646618,385
613,extrae,2048,64,21,0.732847,0.560234,11440
6130,empty,2048,64,9,1.002067,0.834746,11440
6131,scorep,2048,64,9,1.011056,0.840633,11440
6132,oot,2048,128,11,0.992066,0.822755,1496
6133,void,2048,128,8,1.236875,1.061705,1496
6134,extrae,2048,256,19,1.297443,1.133668,204
6135,printf,2048,256,9,1.452158,1.286085,204
6136,void,2048,256,17,1.232285,1.065248,204
6137,printf,2048,192,9,1.091677,0.924497,385
6138,void,2048,192,12,0.935161,0.767799,385
6139,scorep,2048,128,10,1.073870,0.901708,1496
614,empty,2048,64,20,0.618064,0.451625,11440
6140,oot,2048,192,15,0.829513,0.662041,385
6141,scorep,2048,128,9,1.140409,0.968965,1496
6142,oot,2048,256,7,1.671536,1.503381,204
6143,empty,2048,128,22,0.685512,0.517976,1496
6144,tikki,2048,64,3,2.559329,2.392367,11440
6145,extrae,2048,64,10,0.979859,0.816285,11440
6146,void,2048,128,13,0.879599,0.713020,1496
6147,extrae,2048,256,13,1.295594,1.131777,204
6148,printf,2048,128,12,0.923623,0.757538,1496
6149,empty,2048,192,11,0.968358,0.801259,385
615,printf,2048,256,18,1.252170,1.085043,204
6150,oot,2048,192,12,0.937186,0.769687,385
6151,scorep,2048,192,4,1.852786,1.682769,385
6152,oot,2048,128,23,0.663447,0.496314,1496
6153,empty,2048,256,4,2.309116,2.141803,204
6154,oot,2048,192,11,0.969952,0.802598,385
6155,empty,2048,128,5,1.775472,1.608444,1496
6156,printf,2048,64,12,0.827095,0.651459,11440
6157,empty,2048,64,14,0.736184,0.569333,11440
6158,printf,2048,256,17,1.239824,1.072256,204
6159,oot,2048,192,24,0.770605,0.603244,385
616,oot,2048,256,19,1.251910,1.084538,204
6160,tikki,2048,64,5,1.691381,1.524723,11440
6161,extrae,2048,192,19,0.869744,0.705932,385
6162,scorep,2048,192,17,0.811475,0.642814,385
6163,printf,2048,192,11,0.973357,0.806353,385
6164,empty,2048,256,5,2.046211,1.878653,204
6165,tikki,2048,192,5,1.628616,1.460859,385
6166,scorep,2048,256,21,1.249940,1.082058,204
6167,extrae,2048,64,2,3.615188,3.450844,11440
6168,scorep,2048,256,8,1.554428,1.386314,204
6169,printf,2048,192,4,1.870964,1.703899,385
617,scorep,2048,256,16,1.166454,0.997067,204
6170,void,2048,256,9,1.451978,1.284638,204
6171,extrae,2048,64,17,0.724322,0.560064,11440
6172,tikki,2048,64,19,0.686112,0.519547,11440
6173,printf,2048,256,21,1.243413,1.076219,204
6174,extrae,2048,256,14,1.236355,1.071915,204
6175,tikki,2048,64,1,6.863424,6.697646,11440
6176,printf,2048,64,6,1.410195,1.242090,11440
6177,scorep,2048,256,6,1.871488,1.703274,204
6178,empty,2048,192,21,0.798087,0.631575,385
6179,scorep,2048,64,16,0.682242,0.513888,11440
618,empty,2048,256,20,1.242387,1.074885,204
6180,void,2048,64,4,1.900750,1.734400,11440
6181,oot,2048,128,5,1.790654,1.624481,1496
6182,printf,2048,64,3,2.491196,2.324912,11440
6183,tikki,2048,256,2,4.211669,4.045040,204
6184,void,2048,64,21,0.597914,0.430994,11440
6185,extrae,2048,64,15,0.758200,0.594032,11440
6186,extrae,2048,128,8,1.230811,1.065800,1496
6187,void,2048,256,24,1.241569,1.075810,204
6188,tikki,2048,192,19,0.866947,0.699819,385
6189,extrae,2048,64,21,0.729156,0.557147,11440
619,empty,2048,192,6,1.409413,1.244061,385
6190,extrae,2048,64,19,0.703567,0.539177,11440
6191,scorep,2048,64,21,0.609704,0.439238,11440
6192,extrae,2048,192,23,0.912289,0.739417,385
6193,oot,2048,64,1,6.765464,6.598627,11440
6194,tikki,2048,256,3,2.987128,2.806912,204
6195,printf,2048,64,14,0.749143,0.563563,11440
6196,empty,2048,256,15,1.189253,1.003265,204
6197,empty,2048,64,20,0.614885,0.448338,11440
6198,empty,2048,192,17,0.812006,0.645181,385
6199,oot,2048,64,3,2.472606,2.305330,11440
62,oot,2048,128,23,0.684479,0.498721,1496
620,oot,2048,192,12,0.937695,0.770288,385
6200,empty,2048,128,13,0.887315,0.719219,1496
6201,oot,2048,256,23,1.233603,1.066771,204
6202,void,2048,128,23,0.663410,0.496622,1496
6203,extrae,2048,128,24,0.778478,0.605555,1496
6204,extrae,2048,256,15,1.220612,1.055263,204
6205,oot,2048,256,15,1.172645,1.005498,204
6206,printf,2048,192,10,1.033012,0.866008,385
6207,void,2048,192,9,1.092322,0.924998,385
6208,printf,2048,128,4,2.102042,1.934119,1496
6209,void,2048,128,15,0.800377,0.633828,1496
621,tikki,2048,256,7,1.720875,1.553636,204
6210,oot,2048,128,1,7.668340,7.493071,1496
6211,void,2048,192,3,2.327834,2.160750,385
6212,tikki,2048,256,14,1.243025,1.075150,204
6213,printf,2048,128,21,0.698968,0.532887,1496
6214,printf,2048,128,23,0.673256,0.497768,1496
6215,tikki,2048,192,23,0.837208,0.671143,385
6216,void,2048,128,10,1.060420,0.893462,1496
6217,empty,2048,64,16,0.666653,0.499727,11440
6218,oot,2048,256,9,1.460613,1.293579,204
6219,empty,2048,256,10,1.379472,1.211972,204
622,oot,2048,64,11,0.887243,0.720162,11440
6220,extrae,2048,128,18,0.814978,0.650674,1496
6221,tikki,2048,64,8,1.149449,0.982217,11440
6222,scorep,2048,128,24,0.653080,0.482122,1496
6223,extrae,2048,128,17,0.806625,0.642514,1496
6224,scorep,2048,128,17,0.765983,0.597049,1496
6225,tikki,2048,128,10,1.118910,0.950939,1496
6226,oot,2048,128,13,0.881691,0.714964,1496
6227,oot,2048,128,22,0.682002,0.515217,1496
6228,empty,2048,256,8,1.560292,1.392814,204
6229,oot,2048,64,10,0.945620,0.778897,11440
623,printf,2048,256,1,7.915478,7.746994,204
6230,tikki,2048,256,7,1.726678,1.559211,204
6231,printf,2048,64,7,1.237896,1.071840,11440
6232,extrae,2048,128,21,0.814771,0.642631,1496
6233,scorep,2048,192,12,0.934942,0.765011,385
6234,oot,2048,256,5,2.013757,1.846274,204
6235,oot,2048,128,15,0.799134,0.632410,1496
6236,scorep,2048,256,12,1.308174,1.138958,204
6237,void,2048,64,22,0.580926,0.413283,11440
6238,oot,2048,192,16,0.812158,0.644499,385
6239,extrae,2048,64,9,1.039881,0.874213,11440
624,extrae,2048,64,20,0.708102,0.543725,11440
6240,printf,2048,192,2,3.376961,3.201318,385
6241,printf,2048,192,20,0.814639,0.648172,385
6242,empty,2048,256,11,1.327101,1.159628,204
6243,empty,2048,192,13,0.890197,0.723722,385
6244,void,2048,64,1,6.763909,6.597128,11440
6245,tikki,2048,256,22,1.293365,1.126539,204
6246,oot,2048,64,16,0.671934,0.505454,11440
6247,oot,2048,256,1,7.931118,7.762515,204
6248,empty,2048,192,5,1.560866,1.393683,385
6249,printf,2048,256,14,1.198037,1.031069,204
625,extrae,2048,192,12,0.965749,0.801361,385
6250,tikki,2048,256,5,2.056264,1.889529,204
6251,tikki,2048,128,12,0.974858,0.807930,1496
6252,tikki,2048,128,17,0.808172,0.641231,1496
6253,extrae,2048,64,13,0.818473,0.654307,11440
6254,printf,2048,256,12,1.277791,1.111355,204
6255,void,2048,192,21,0.798896,0.632230,385
6256,oot,2048,128,8,1.222553,1.056148,1496
6257,tikki,2048,64,10,0.993775,0.826727,11440
6258,scorep,2048,128,11,0.995014,0.825154,1496
6259,extrae,2048,128,6,1.555342,1.389898,1496
626,extrae,2048,128,19,0.797077,0.632701,1496
6260,tikki,2048,256,23,1.278567,1.113493,204
6261,void,2048,128,5,1.778035,1.611671,1496
6262,extrae,2048,192,5,1.603004,1.437284,385
6263,empty,2048,192,15,0.827141,0.660756,385
6264,tikki,2048,256,8,1.613246,1.447135,204
6265,void,2048,128,6,1.553649,1.385903,1496
6266,empty,2048,128,18,0.768135,0.599648,1496
6267,empty,2048,192,12,0.935445,0.767200,385
6268,printf,2048,64,10,0.948474,0.774925,11440
6269,printf,2048,64,18,0.668775,0.501241,11440
627,extrae,2048,192,23,0.902125,0.729423,385
6270,extrae,2048,256,12,1.325299,1.161391,204
6271,void,2048,256,5,2.014906,1.847208,204
6272,scorep,2048,192,10,1.041653,0.871320,385
6273,printf,2048,64,22,0.584295,0.417062,11440
6274,void,2048,256,23,1.238053,1.070045,204
6275,extrae,2048,192,6,1.416688,1.251468,385
6276,empty,2048,256,1,7.910377,7.743774,204
6277,printf,2048,64,16,0.671980,0.504789,11440
6278,oot,2048,192,13,0.883230,0.716780,385
6279,void,2048,64,20,0.613969,0.447473,11440
628,tikki,2048,256,1,7.992203,7.825380,204
6280,scorep,2048,64,13,0.771107,0.602709,11440
6281,void,2048,256,21,1.242088,1.074466,204
6282,tikki,2048,128,13,0.931389,0.763809,1496
6283,scorep,2048,64,2,3.573393,3.403194,11440
6284,extrae,2048,64,24,0.699358,0.526287,11440
6285,empty,2048,192,7,1.274609,1.107089,385
6286,tikki,2048,192,4,1.886373,1.718504,385
6287,void,2048,128,9,1.136254,0.969220,1496
6288,oot,2048,192,5,1.572569,1.405854,385
6289,void,2048,64,17,0.659571,0.492842,11440
629,empty,2048,128,1,7.641835,7.475206,1496
6290,oot,2048,256,16,1.164979,0.998162,204
6291,extrae,2048,192,7,1.278740,1.114483,385
6292,oot,2048,256,17,1.224440,1.058138,204
6293,empty,2048,64,21,0.600339,0.433508,11440
6294,extrae,2048,192,13,0.926584,0.761521,385
6295,scorep,2048,64,6,1.400631,1.232297,11440
6296,extrae,2048,192,12,0.964057,0.798909,385
6297,void,2048,128,16,0.758165,0.592939,1496
6298,tikki,2048,128,22,0.733053,0.566037,1496
6299,tikki,2048,128,11,1.037603,0.870180,1496
63,scorep,2048,64,20,0.633478,0.460578,11440
630,empty,2048,192,21,0.797983,0.631376,385
6300,printf,2048,64,15,0.704246,0.536333,11440
6301,empty,2048,128,17,0.757396,0.589606,1496
6302,oot,2048,256,12,1.268299,1.100827,204
6303,extrae,2048,64,20,0.696042,0.532087,11440
6304,tikki,2048,64,17,0.725774,0.559543,11440
6305,empty,2048,256,22,1.242402,1.075213,204
6306,printf,2048,128,3,2.707470,2.540014,1496
6307,empty,2048,64,22,0.582329,0.415179,11440
6308,extrae,2048,64,11,0.919204,0.754160,11440
6309,empty,2048,256,2,4.146046,3.980145,204
631,scorep,2048,128,3,2.719181,2.548709,1496
6310,scorep,2048,64,17,0.674093,0.505648,11440
6311,scorep,2048,256,11,1.349684,1.180004,204
6312,printf,2048,192,17,0.829847,0.663354,385
6313,oot,2048,256,4,2.273627,2.106174,204
6314,void,2048,64,5,1.604853,1.437792,11440
6315,void,2048,64,8,1.090758,0.924737,11440
6316,empty,2048,256,21,1.242598,1.075196,204
6317,tikki,2048,128,16,0.804468,0.637210,1496
6318,printf,2048,192,1,6.435803,6.266753,385
6319,void,2048,128,2,3.948150,3.783133,1496
632,printf,2048,128,4,2.101055,1.932969,1496
6320,oot,2048,128,2,3.969095,3.802541,1496
6321,oot,2048,256,24,1.240780,1.073776,204
6322,printf,2048,256,7,1.663081,1.497039,204
6323,scorep,2048,128,12,0.936381,0.766588,1496
6324,tikki,2048,128,4,2.136589,1.968590,1496
6325,void,2048,192,4,1.853184,1.686300,385
6326,oot,2048,192,18,0.835799,0.669011,385
6327,tikki,2048,64,13,0.808551,0.641931,11440
6328,scorep,2048,256,18,1.299979,1.131084,204
6329,oot,2048,256,3,2.941990,2.775399,204
633,tikki,2048,128,15,0.850372,0.684121,1496
6330,printf,2048,64,5,1.639449,1.471215,11440
6331,empty,2048,192,18,0.834948,0.668038,385
6332,oot,2048,64,2,3.580130,3.413116,11440
6333,scorep,2048,192,24,0.792039,0.622762,385
6334,oot,2048,64,7,1.270127,1.096495,11440
6335,extrae,2048,64,3,2.508283,2.342697,11440
6336,oot,2048,192,3,2.351578,2.185183,385
6337,scorep,2048,192,2,3.364085,3.194363,385
6338,tikki,2048,256,6,1.921104,1.755022,204
6339,scorep,2048,256,1,7.921303,7.751711,204
634,void,2048,128,23,0.662633,0.495241,1496
6340,tikki,2048,64,14,0.785137,0.618034,11440
6341,void,2048,64,14,0.724537,0.557696,11440
6342,scorep,2048,64,5,1.604273,1.434751,11440
6343,printf,2048,192,13,0.892719,0.725373,385
6344,empty,2048,256,24,1.239254,1.071078,204
6345,printf,2048,128,7,1.366832,1.201370,1496
6346,tikki,2048,256,20,1.295227,1.128153,204
6347,empty,2048,128,6,1.553604,1.386168,1496
6348,printf,2048,256,1,7.915145,7.748193,204
6349,extrae,2048,192,18,0.877584,0.713372,385
635,extrae,2048,256,22,1.360885,1.188557,204
6350,scorep,2048,64,24,0.562359,0.391793,11440
6351,scorep,2048,128,14,0.845476,0.674865,1496
6352,extrae,2048,256,1,7.935139,7.771572,204
6353,scorep,2048,192,13,0.899942,0.732797,385
6354,extrae,2048,128,11,1.009908,0.845815,1496
6355,oot,2048,128,14,0.848467,0.682412,1496
6356,empty,2048,64,4,1.879106,1.712103,11440
6357,empty,2048,64,13,0.768299,0.602442,11440
6358,void,2048,64,3,2.465523,2.296798,11440
6359,printf,2048,256,5,2.044517,1.877703,204
636,extrae,2048,64,6,1.413482,1.248486,11440
6360,empty,2048,256,18,1.293932,1.127390,204
6361,extrae,2048,128,19,0.800039,0.636356,1496
6362,oot,2048,64,9,1.008440,0.841286,11440
6363,oot,2048,128,10,1.061319,0.895481,1496
6364,oot,2048,64,19,0.633493,0.467075,11440
6365,oot,2048,64,21,0.653448,0.434615,11440
6366,scorep,2048,64,11,0.890063,0.708166,11440
6367,scorep,2048,192,14,0.859720,0.690242,385
6368,extrae,2048,256,18,1.323376,1.158561,204
6369,printf,2048,192,19,0.815246,0.649311,385
637,tikki,2048,128,3,2.800176,2.633189,1496
6370,void,2048,256,18,1.292994,1.126243,204
6371,printf,2048,256,18,1.275707,1.109049,204
6372,printf,2048,256,11,1.328539,1.161985,204
6373,tikki,2048,128,1,7.723230,7.556780,1496
6374,extrae,2048,256,21,1.352407,1.180056,204
6375,printf,2048,192,15,0.831316,0.665148,385
6376,printf,2048,256,3,2.947524,2.780459,204
6377,oot,2048,128,7,1.386086,1.220386,1496
6378,printf,2048,128,19,0.745780,0.577141,1496
6379,tikki,2048,256,10,1.441039,1.275174,204
638,scorep,2048,128,15,0.800668,0.632204,1496
6380,printf,2048,128,5,1.777048,1.610340,1496
6381,tikki,2048,64,7,1.327801,1.161459,11440
6382,extrae,2048,256,3,2.951547,2.786683,204
6383,tikki,2048,256,24,1.292293,1.125908,204
6384,extrae,2048,128,16,0.815566,0.651245,1496
6385,tikki,2048,64,18,0.720027,0.553644,11440
6386,empty,2048,64,5,1.608198,1.442003,11440
6387,tikki,2048,256,16,1.211101,1.045652,204
6388,printf,2048,64,8,1.100190,0.932908,11440
6389,extrae,2048,256,23,1.358485,1.185988,204
639,oot,2048,192,17,0.831817,0.665008,385
6390,tikki,2048,192,15,0.890380,0.723898,385
6391,void,2048,64,13,0.765589,0.599006,11440
6392,extrae,2048,128,12,0.960167,0.796168,1496
6393,extrae,2048,192,2,3.368746,3.204890,385
6394,void,2048,64,24,0.554257,0.385988,11440
6395,scorep,2048,256,22,1.247794,1.079914,204
6396,printf,2048,192,22,0.795840,0.630219,385
6397,tikki,2048,192,2,3.419678,3.252814,385
6398,tikki,2048,64,12,0.877940,0.711314,11440
6399,void,2048,64,23,0.562293,0.395902,11440
64,extrae,2048,192,16,0.878213,0.714736,385
640,extrae,2048,128,20,0.796600,0.632525,1496
6400,printf,2048,128,16,0.756632,0.589678,1496
6401,tikki,2048,64,24,0.619460,0.451858,11440
6402,extrae,2048,256,11,1.369929,1.205210,204
6403,scorep,2048,192,7,1.260406,1.093484,385
6404,tikki,2048,192,17,0.866835,0.700402,385
6405,oot,2048,256,18,1.291793,1.124766,204
6406,void,2048,64,2,3.586155,3.418808,11440
6407,extrae,2048,256,2,4.174021,4.008833,204
6408,extrae,2048,128,5,1.779904,1.615591,1496
6409,void,2048,192,8,1.195705,1.029002,385
641,printf,2048,128,17,0.753951,0.587070,1496
6410,extrae,2048,192,22,0.908392,0.736210,385
6411,oot,2048,128,9,1.131447,0.964273,1496
6412,scorep,2048,192,19,0.826085,0.657670,385
6413,scorep,2048,64,3,2.474116,2.306758,11440
6414,tikki,2048,64,2,3.635850,3.469383,11440
6415,oot,2048,64,24,0.552448,0.385826,11440
6416,empty,2048,128,12,0.934313,0.767979,1496
6417,tikki,2048,256,21,1.287446,1.120455,204
6418,printf,2048,192,7,1.268575,1.102399,385
6419,extrae,2048,192,11,1.002388,0.837847,385
642,tikki,2048,64,15,0.748589,0.582324,11440
6420,printf,2048,256,16,1.173383,1.007222,204
6421,empty,2048,256,7,1.660980,1.494657,204
6422,extrae,2048,256,20,1.299582,1.135419,204
6423,tikki,2048,192,22,0.818937,0.652954,385
6424,extrae,2048,128,7,1.387122,1.223070,1496
6425,printf,2048,256,24,1.288238,1.070811,204
6426,void,2048,256,13,1.274608,1.107366,204
6427,oot,2048,128,20,0.728446,0.561932,1496
6428,printf,2048,256,2,4.166495,3.999511,204
6429,printf,2048,192,5,1.593467,1.413609,385
643,extrae,2048,128,6,1.559786,1.395286,1496
6430,empty,2048,192,19,0.817163,0.650851,385
6431,extrae,2048,128,22,0.736386,0.571896,1496
6432,extrae,2048,256,16,1.200882,1.037455,204
6433,oot,2048,64,5,1.662562,1.442629,11440
6434,oot,2048,256,10,1.377727,1.210368,204
6435,void,2048,192,10,1.035074,0.867368,385
6436,empty,2048,64,12,0.821457,0.654945,11440
6437,void,2048,192,6,1.406236,1.239880,385
6438,oot,2048,192,9,1.097692,0.931819,385
6439,empty,2048,192,4,1.849104,1.682884,385
644,void,2048,192,6,1.410277,1.244087,385
6440,void,2048,128,11,0.988742,0.822326,1496
6441,tikki,2048,256,19,1.300507,1.133510,204
6442,oot,2048,256,20,1.239723,1.073116,204
6443,scorep,2048,192,11,0.980403,0.812066,385
6444,empty,2048,128,8,1.233338,1.067001,1496
6445,scorep,2048,128,22,0.686174,0.517974,1496
6446,tikki,2048,192,12,0.998473,0.832153,385
6447,oot,2048,256,2,4.143375,3.976252,204
6448,printf,2048,256,20,1.242220,1.075322,204
6449,empty,2048,192,10,1.034511,0.867706,385
645,extrae,2048,128,5,1.781300,1.616328,1496
6450,empty,2048,128,11,0.983119,0.816712,1496
6451,void,2048,192,22,0.793721,0.626121,385
6452,empty,2048,128,2,3.972618,3.806447,1496
6453,printf,2048,128,2,3.933313,3.766452,1496
6454,void,2048,192,19,0.813610,0.646492,385
6455,scorep,2048,64,8,1.096933,0.927548,11440
6456,scorep,2048,128,19,0.746842,0.576833,1496
6457,tikki,2048,128,20,0.777354,0.610715,1496
6458,void,2048,64,9,1.007801,0.840953,11440
6459,printf,2048,192,6,1.409723,1.242714,385
646,extrae,2048,64,4,1.936306,1.772080,11440
6460,printf,2048,192,8,1.183596,1.016163,385
6461,scorep,2048,256,9,1.459610,1.290727,204
6462,printf,2048,128,10,1.063473,0.896340,1496
6463,tikki,2048,64,9,1.069100,0.902121,11440
6464,void,2048,64,11,0.866832,0.700203,11440
6465,scorep,2048,256,15,1.194190,1.025612,204
6466,printf,2048,128,18,0.769858,0.603236,1496
6467,oot,2048,128,19,0.737841,0.570758,1496
6468,empty,2048,64,17,0.664113,0.497030,11440
6469,empty,2048,192,14,0.847428,0.680070,385
647,printf,2048,128,15,0.803528,0.636993,1496
6470,printf,2048,256,15,1.193632,1.026145,204
6471,printf,2048,128,9,1.131939,0.961861,1496
6472,tikki,2048,64,22,0.632910,0.465060,11440
6473,tikki,2048,192,13,0.956842,0.789774,385
6474,oot,2048,64,23,0.567819,0.401842,11440
6475,empty,2048,256,20,1.241722,1.074284,204
6476,extrae,2048,64,22,0.720721,0.548097,11440
6477,tikki,2048,128,9,1.188408,1.021294,1496
6478,void,2048,128,12,0.923082,0.755891,1496
6479,scorep,2048,256,19,1.251215,1.082513,204
648,extrae,2048,256,13,1.251496,1.086664,204
6480,extrae,2048,256,24,1.390825,1.217943,204
6481,tikki,2048,64,16,0.731667,0.564450,11440
6482,oot,2048,192,6,1.403795,1.236080,385
6483,empty,2048,192,20,0.813493,0.648013,385
6484,empty,2048,128,9,1.134625,0.968006,1496
6485,printf,2048,256,8,1.558157,1.389981,204
6486,void,2048,256,12,1.308699,1.142074,204
6487,scorep,2048,192,20,0.827526,0.640270,385
6488,extrae,2048,192,21,0.910584,0.738588,385
6489,scorep,2048,128,1,7.648380,7.479150,1496
649,empty,2048,64,13,0.772539,0.605103,11440
6490,tikki,2048,256,4,2.394464,2.227131,204
6491,printf,2048,192,21,0.808747,0.634497,385
6492,empty,2048,192,8,1.180296,1.013619,385
6493,scorep,2048,192,9,1.098432,0.929531,385
6494,oot,2048,64,14,0.730207,0.562426,11440
6495,scorep,2048,256,3,2.926530,2.758137,204
6496,void,2048,64,15,0.696839,0.530318,11440
6497,extrae,2048,64,4,1.925108,1.760164,11440
6498,extrae,2048,64,5,1.620184,1.455921,11440
6499,tikki,2048,192,6,1.465950,1.299737,385
65,oot,2048,256,23,1.235889,1.069683,204
650,printf,2048,192,1,6.429505,6.263077,385
6500,empty,2048,64,19,0.643189,0.474846,11440
6501,void,2048,256,16,1.167169,1.000294,204
6502,printf,2048,192,3,2.369313,2.202756,385
6503,printf,2048,128,17,0.760555,0.593744,1496
6504,tikki,2048,256,15,1.230381,1.063395,204
6505,void,2048,256,6,1.857865,1.690722,204
6506,oot,2048,128,16,0.770065,0.602170,1496
6507,void,2048,256,14,1.192608,1.025787,204
6508,tikki,2048,128,3,2.800002,2.632778,1496
6509,scorep,2048,128,15,0.802463,0.634111,1496
651,void,2048,256,24,1.236291,1.070688,204
6510,tikki,2048,192,24,0.868695,0.649636,385
6511,void,2048,64,10,0.943953,0.776501,11440
6512,printf,2048,64,23,0.568257,0.401330,11440
6513,scorep,2048,192,16,0.814915,0.645720,385
6514,oot,2048,256,19,1.248530,1.081754,204
6515,extrae,2048,192,4,1.863669,1.699595,385
6516,extrae,2048,192,20,0.872286,0.708514,385
6517,void,2048,256,7,1.661940,1.495440,204
6518,extrae,2048,128,3,2.730902,2.566650,1496
6519,empty,2048,64,11,0.871425,0.705168,11440
652,tikki,2048,128,1,7.705659,7.538488,1496
6520,empty,2048,64,24,0.553038,0.385352,11440
6521,void,2048,64,16,0.679553,0.504363,11440
6522,extrae,2048,128,13,0.923490,0.759825,1496
6523,void,2048,192,11,0.969265,0.802675,385
6524,printf,2048,256,4,2.275619,2.108911,204
6525,scorep,2048,64,12,0.823216,0.653041,11440
6526,tikki,2048,64,11,0.934592,0.766443,11440
6527,scorep,2048,64,22,0.590559,0.420439,11440
6528,scorep,2048,64,10,0.945528,0.776180,11440
6529,void,2048,192,15,0.821213,0.653535,385
653,printf,2048,192,10,1.032955,0.866578,385
6530,oot,2048,192,10,1.032210,0.866231,385
6531,extrae,2048,128,4,2.113613,1.950242,1496
6532,scorep,2048,128,20,0.729331,0.559236,1496
6533,extrae,2048,64,14,0.780001,0.616161,11440
6534,oot,2048,128,24,0.650819,0.483295,1496
6535,void,2048,192,2,3.376672,3.202060,385
6536,oot,2048,64,18,0.666374,0.498173,11440
6537,void,2048,128,7,1.382191,1.213091,1496
6538,scorep,2048,128,18,0.772647,0.602047,1496
6539,printf,2048,192,14,0.839448,0.672315,385
654,empty,2048,128,22,0.679693,0.513766,1496
6540,extrae,2048,128,1,7.669128,7.505220,1496
6541,oot,2048,128,12,0.927945,0.762475,1496
6542,tikki,2048,192,18,0.887072,0.719964,385
6543,tikki,2048,128,2,4.021428,3.855476,1496
6544,extrae,2048,256,8,1.567067,1.403146,204
6545,extrae,2048,128,20,0.780849,0.616667,1496
6546,empty,2048,192,23,0.781612,0.615345,385
6547,scorep,2048,256,16,1.161283,0.992311,204
6548,scorep,2048,256,20,1.245081,1.074998,204
6549,printf,2048,64,1,6.810708,6.643146,11440
655,printf,2048,128,5,1.783128,1.615457,1496
6550,void,2048,192,18,0.828890,0.663451,385
6551,empty,2048,256,6,1.871013,1.704155,204
6552,void,2048,192,16,0.807427,0.640606,385
6553,void,2048,256,11,1.322031,1.155927,204
6554,void,2048,128,20,0.726103,0.558825,1496
6555,oot,2048,128,17,0.762310,0.595296,1496
6556,tikki,2048,64,6,1.468580,1.300848,11440
6557,oot,2048,192,4,1.857707,1.692096,385
6558,scorep,2048,64,15,0.699688,0.530313,11440
6559,scorep,2048,256,2,4.142389,3.973987,204
656,void,2048,64,22,0.583194,0.416239,11440
6560,empty,2048,128,4,2.078169,1.910538,1496
6561,extrae,2048,192,16,0.864717,0.700026,385
6562,scorep,2048,256,10,1.382019,1.212026,204
6563,extrae,2048,128,9,1.152399,0.987202,1496
6564,printf,2048,128,14,0.841406,0.674147,1496
6565,tikki,2048,192,11,1.019246,0.851723,385
6566,extrae,2048,64,16,0.724595,0.560300,11440
6567,printf,2048,64,20,0.623248,0.456343,11440
6568,oot,2048,192,21,0.803228,0.635602,385
6569,tikki,2048,128,5,1.820843,1.653997,1496
657,empty,2048,256,9,1.453075,1.286520,204
6570,oot,2048,64,17,0.665018,0.499460,11440
6571,tikki,2048,256,12,1.344687,1.177089,204
6572,void,2048,64,18,0.662879,0.495576,11440
6573,oot,2048,64,22,0.583452,0.416453,11440
6574,scorep,2048,256,23,1.238945,1.070725,204
6575,empty,2048,256,9,1.455667,1.289383,204
6576,extrae,2048,128,10,1.086308,0.922017,1496
6577,empty,2048,64,1,6.767928,6.601252,11440
6578,extrae,2048,64,1,6.841190,6.676863,11440
6579,extrae,2048,64,6,1.419400,1.254279,11440
658,oot,2048,128,5,1.775255,1.608656,1496
6580,extrae,2048,256,17,1.260852,1.096194,204
6581,tikki,2048,256,18,1.346098,1.179873,204
6582,tikki,2048,128,24,0.689291,0.521934,1496
6583,tikki,2048,64,20,0.674176,0.505842,11440
6584,extrae,2048,256,10,1.402880,1.238725,204
6585,extrae,2048,128,14,0.888156,0.723778,1496
6586,extrae,2048,192,24,0.910537,0.738787,385
6587,printf,2048,64,2,3.581284,3.414906,11440
6588,scorep,2048,256,24,1.242530,1.073852,204
6589,extrae,2048,64,8,1.133599,0.968035,11440
659,tikki,2048,128,11,1.035775,0.868485,1496
6590,scorep,2048,256,13,1.274273,1.105269,204
6591,void,2048,256,8,1.548579,1.381290,204
6592,scorep,2048,192,5,1.567299,1.396597,385
6593,empty,2048,64,2,3.617886,3.451998,11440
6594,empty,2048,256,23,1.241162,1.074371,204
6595,printf,2048,256,13,1.272387,1.104529,204
6596,tikki,2048,256,1,7.978739,7.811704,204
6597,scorep,2048,256,14,1.201631,1.032311,204
6598,scorep,2048,64,1,6.760987,6.592103,11440
6599,printf,2048,64,13,0.775769,0.608282,11440
66,empty,2048,256,10,1.374856,1.208473,204
660,tikki,2048,256,12,1.357994,1.191974,204
6600,oot,2048,192,19,0.825557,0.651314,385
6601,void,2048,192,13,0.895195,0.727552,385
6602,empty,2048,64,23,0.564468,0.398592,11440
6603,printf,2048,128,15,0.800296,0.633234,1496
6604,scorep,2048,192,23,0.784133,0.611334,385
6605,scorep,2048,192,22,0.790008,0.619636,385
6606,void,2048,128,22,0.680444,0.515088,1496
6607,tikki,2048,128,14,0.903795,0.736570,1496
6608,oot,2048,64,6,1.404274,1.236638,11440
6609,tikki,2048,192,1,6.481849,6.313816,385
661,oot,2048,64,18,0.665902,0.499654,11440
6610,tikki,2048,64,4,1.960891,1.795429,11440
6611,scorep,2048,192,8,1.184496,1.014593,385
6612,oot,2048,64,12,0.825994,0.659262,11440
6613,extrae,2048,256,22,1.361119,1.188780,204
6614,scorep,2048,64,23,0.576198,0.407251,11440
6615,empty,2048,192,1,6.430159,6.263927,385
6616,oot,2048,192,14,0.865302,0.698485,385
6617,oot,2048,128,18,0.763737,0.598264,1496
6618,void,2048,128,21,0.700304,0.531986,1496
6619,tikki,2048,192,21,0.859806,0.692837,385
662,printf,2048,256,20,1.241081,1.073967,204
6620,empty,2048,64,8,1.090093,0.922608,11440
6621,extrae,2048,256,5,2.013053,1.848645,204
6622,void,2048,128,24,0.647838,0.480024,1496
6623,empty,2048,128,10,1.062747,0.894796,1496
6624,empty,2048,64,7,1.229258,1.062249,11440
6625,extrae,2048,192,1,6.439216,6.274364,385
6626,tikki,2048,128,18,0.815662,0.648903,1496
6627,empty,2048,192,2,3.364612,3.196562,385
6628,scorep,2048,128,7,1.376504,1.206989,1496
6629,printf,2048,64,19,0.644045,0.476894,11440
663,printf,2048,256,23,1.239948,1.073169,204
6630,scorep,2048,256,7,1.667684,1.497092,204
6631,printf,2048,192,23,0.792058,0.625345,385
6632,oot,2048,256,22,1.247674,1.080703,204
6633,void,2048,256,1,7.918001,7.744248,204
6634,scorep,2048,128,8,1.242286,1.072811,1496
6635,printf,2048,192,16,0.809708,0.643075,385
6636,extrae,2048,192,10,1.058974,0.894538,385
6637,empty,2048,192,3,2.370314,2.203708,385
6638,empty,2048,128,19,0.736901,0.569868,1496
6639,oot,2048,128,6,1.564606,1.397194,1496
664,void,2048,64,23,0.565660,0.399277,11440
6640,tikki,2048,192,14,0.892412,0.725305,385
6641,scorep,2048,256,4,2.314173,2.144700,204
6642,printf,2048,128,1,7.656769,7.488523,1496
6643,printf,2048,128,8,1.229752,1.063173,1496
6644,void,2048,256,20,1.241995,1.075785,204
6645,scorep,2048,128,6,1.601076,1.385411,1496
6646,scorep,2048,192,1,6.446233,6.275924,385
6647,scorep,2048,64,19,0.645750,0.477568,11440
6648,extrae,2048,192,17,0.862704,0.698693,385
6649,tikki,2048,128,21,0.741471,0.574112,1496
665,tikki,2048,256,11,1.392336,1.225231,204
6650,oot,2048,192,20,0.815307,0.648005,385
6651,scorep,2048,256,17,1.244105,1.074759,204
6652,extrae,2048,128,23,0.786947,0.614720,1496
6653,empty,2048,256,14,1.199997,1.033359,204
6654,void,2048,64,12,0.814338,0.647441,11440
6655,oot,2048,64,11,0.876710,0.709038,11440
6656,scorep,2048,128,13,0.888022,0.718627,1496
6657,empty,2048,128,23,0.657513,0.490736,1496
6658,empty,2048,128,21,0.698672,0.530994,1496
6659,printf,2048,192,12,0.931635,0.764747,385
666,scorep,2048,64,12,0.820988,0.651660,11440
6660,scorep,2048,128,4,2.099536,1.932105,1496
6661,tikki,2048,128,19,0.797898,0.630594,1496
6662,scorep,2048,64,7,1.238828,1.068545,11440
6663,empty,2048,128,24,0.647825,0.481329,1496
6664,void,2048,256,19,1.258821,1.091837,204
6665,void,2048,256,10,1.380808,1.212903,204
6666,extrae,2048,128,2,3.918780,3.754841,1496
6667,oot,2048,256,6,1.864953,1.698553,204
6668,printf,2048,128,13,0.878837,0.711697,1496
6669,void,2048,128,17,0.759486,0.591955,1496
667,empty,2048,128,24,0.645901,0.479446,1496
6670,extrae,2048,256,6,1.870660,1.705695,204
6671,oot,2048,192,22,0.793560,0.626317,385
6672,printf,2048,64,9,1.016644,0.850442,11440
6673,void,2048,192,20,0.812698,0.645859,385
6674,tikki,2048,192,20,0.866894,0.699340,385
6675,empty,2048,64,3,2.470994,2.303487,11440
6676,scorep,2048,128,3,2.730108,2.561319,1496
6677,scorep,2048,256,5,2.017152,1.847508,204
6678,void,2048,128,1,7.655318,7.479455,1496
6679,tikki,2048,192,9,1.137661,0.970229,385
668,printf,2048,64,5,1.607679,1.440719,11440
6680,empty,2048,192,9,1.094554,0.927657,385
6681,extrae,2048,64,12,0.864099,0.699060,11440
6682,empty,2048,128,16,0.758130,0.591596,1496
6683,scorep,2048,192,21,0.804383,0.636475,385
6684,empty,2048,64,6,1.397431,1.230958,11440
6685,oot,2048,64,8,1.096455,0.928345,11440
6686,oot,2048,64,4,1.901190,1.733970,11440
6687,tikki,2048,128,15,0.868261,0.701142,1496
6688,empty,2048,128,7,1.370902,1.204374,1496
6689,tikki,2048,256,17,1.279110,1.111360,204
669,scorep,2048,64,11,0.872857,0.708454,11440
6690,printf,2048,64,11,0.878453,0.711352,11440
6691,void,2048,256,15,1.180186,1.013238,204
6692,empty,2048,256,19,1.256184,1.087908,204
6693,printf,2048,256,22,1.245068,1.078700,204
6694,void,2048,192,17,0.816405,0.649232,385
6695,tikki,2048,192,7,1.324272,1.156885,385
6696,tikki,2048,64,21,0.651016,0.484560,11440
6697,printf,2048,64,17,0.675903,0.508588,11440
6698,empty,2048,256,3,2.963873,2.796580,204
6699,empty,2048,128,1,7.626851,7.459692,1496
67,extrae,2048,128,16,0.892359,0.719244,1496
670,scorep,2048,128,24,0.655358,0.485913,1496
6700,scorep,2048,192,6,1.420953,1.253001,385
6701,extrae,2048,64,7,1.256131,1.092131,11440
6702,oot,2048,128,3,2.738247,2.571657,1496
6703,printf,2048,256,23,1.232713,1.064146,204
6704,oot,2048,256,11,1.321701,1.155259,204
6705,empty,2048,128,15,0.796899,0.630980,1496
6706,scorep,2048,64,20,0.628459,0.460205,11440
6707,oot,2048,256,8,1.555278,1.388591,204
6708,printf,2048,128,20,0.722179,0.555518,1496
6709,extrae,2048,192,8,1.204228,1.039624,385
671,oot,2048,192,3,2.334966,2.167981,385
6710,void,2048,256,3,2.960502,2.793710,204
6711,scorep,2048,64,4,1.923356,1.755932,11440
6712,printf,2048,128,22,0.684036,0.514884,1496
6713,oot,2048,64,15,0.702236,0.538151,11440
6714,scorep,2048,128,2,3.953897,3.785808,1496
6715,tikki,2048,192,10,1.087982,0.921782,385
6716,empty,2048,192,16,0.810800,0.644493,385
6717,oot,2048,256,21,1.240920,1.073398,204
6718,oot,2048,64,20,0.620962,0.453520,11440
6719,void,2048,192,24,0.770555,0.604820,385
672,oot,2048,128,17,0.767551,0.599939,1496
6720,void,2048,128,14,0.840488,0.673674,1496
673,extrae,2048,192,6,1.429445,1.264925,385
674,oot,2048,128,12,0.926007,0.760376,1496
675,printf,2048,64,19,0.644272,0.477222,11440
676,void,2048,128,14,0.843504,0.677107,1496
677,oot,2048,192,23,0.785556,0.618480,385
678,void,2048,192,7,1.264848,1.096901,385
679,empty,2048,128,4,2.098036,1.932476,1496
68,scorep,2048,128,21,0.697453,0.530582,1496
680,void,2048,192,20,0.812974,0.647203,385
681,oot,2048,192,15,0.830925,0.663425,385
682,oot,2048,192,22,0.782334,0.615809,385
683,oot,2048,256,1,7.931906,7.765374,204
684,tikki,2048,128,16,0.824465,0.656982,1496
685,empty,2048,256,16,1.173055,1.007108,204
686,empty,2048,256,18,1.289694,1.122194,204
687,empty,2048,64,7,1.240591,1.074736,11440
688,printf,2048,256,15,1.200989,1.033237,204
689,tikki,2048,64,15,0.748994,0.580701,11440
69,tikki,2048,128,23,0.714215,0.547133,1496
690,printf,2048,64,5,1.611642,1.444684,11440
691,oot,2048,64,8,1.095003,0.927440,11440
692,scorep,2048,64,6,1.436051,1.267929,11440
693,tikki,2048,192,7,1.308131,1.142666,385
694,tikki,2048,64,1,6.850777,6.684614,11440
695,void,2048,128,2,3.948122,3.782170,1496
696,tikki,2048,128,7,1.454478,1.286925,1496
697,scorep,2048,64,4,1.891447,1.721257,11440
698,tikki,2048,256,22,1.300303,1.132552,204
699,empty,2048,128,20,0.723303,0.556799,1496
7,oot,2048,256,14,1.199637,1.033712,204
70,oot,2048,256,2,4.215903,4.047177,204
700,scorep,2048,192,11,0.969694,0.805238,385
701,void,2048,128,1,7.654035,7.487500,1496
702,empty,2048,128,11,0.987080,0.821078,1496
703,extrae,2048,64,21,0.733176,0.560385,11440
704,scorep,2048,128,3,2.745645,2.577453,1496
705,scorep,2048,64,22,0.594639,0.421795,11440
706,extrae,2048,64,12,0.855671,0.690765,11440
707,scorep,2048,192,5,1.585232,1.417280,385
708,scorep,2048,256,15,1.188097,1.016734,204
709,extrae,2048,64,23,0.701762,0.529454,11440
71,scorep,2048,128,14,0.842213,0.672703,1496
710,printf,2048,64,10,0.935321,0.768877,11440
711,empty,2048,256,14,1.195159,1.027359,204
712,oot,2048,256,2,4.175005,4.007818,204
713,printf,2048,192,13,0.899449,0.732678,385
714,extrae,2048,256,12,1.333593,1.168889,204
715,oot,2048,64,11,0.872511,0.705085,11440
716,void,2048,256,11,1.319813,1.152792,204
717,scorep,2048,128,6,1.556165,1.392220,1496
718,printf,2048,192,2,3.368282,3.200694,385
719,empty,2048,256,11,1.324255,1.156901,204
72,printf,2048,192,19,0.817729,0.651780,385
720,extrae,2048,64,6,1.428857,1.265140,11440
721,printf,2048,64,2,3.606449,3.440445,11440
722,tikki,2048,64,11,0.948268,0.781254,11440
723,oot,2048,256,9,1.452371,1.285596,204
724,extrae,2048,64,2,3.598681,3.434724,11440
725,void,2048,128,11,0.986342,0.820052,1496
726,oot,2048,256,12,1.283099,1.115908,204
727,scorep,2048,192,2,3.371606,3.204149,385
728,void,2048,64,9,1.001105,0.834115,11440
729,printf,2048,256,20,1.240941,1.075039,204
73,scorep,2048,192,1,6.437528,6.272803,385
730,tikki,2048,256,15,1.222100,1.055705,204
731,void,2048,256,19,1.247203,1.081001,204
732,oot,2048,192,20,0.799351,0.631584,385
733,oot,2048,256,15,1.178885,1.012756,204
734,empty,2048,64,19,0.638383,0.472162,11440
735,scorep,2048,64,20,0.627104,0.457255,11440
736,scorep,2048,256,7,1.673040,1.504192,204
737,scorep,2048,128,23,0.666936,0.497064,1496
738,printf,2048,256,23,1.237033,1.070672,204
739,extrae,2048,256,3,2.993083,2.828360,204
74,empty,2048,128,14,0.839404,0.672699,1496
740,printf,2048,64,21,0.598755,0.432571,11440
741,extrae,2048,256,14,1.236513,1.072113,204
742,printf,2048,192,7,1.270708,1.104796,385
743,tikki,2048,128,1,7.768641,7.554732,1496
744,printf,2048,192,4,1.851163,1.684803,385
745,tikki,2048,256,3,3.050167,2.882821,204
746,empty,2048,64,15,0.696583,0.530516,11440
747,scorep,2048,192,18,0.833212,0.668493,385
748,void,2048,128,7,1.390981,1.216999,1496
749,printf,2048,192,20,0.813107,0.647343,385
75,oot,2048,128,18,0.769686,0.602384,1496
750,scorep,2048,192,16,0.813022,0.645186,385
751,extrae,2048,192,7,1.284233,1.120557,385
752,oot,2048,256,4,2.338823,2.133657,204
753,scorep,2048,64,12,0.822481,0.653343,11440
754,tikki,2048,128,19,0.791591,0.624751,1496
755,extrae,2048,128,24,0.783705,0.611603,1496
756,extrae,2048,192,8,1.198589,1.033957,385
757,extrae,2048,256,20,1.308468,1.144480,204
758,printf,2048,128,10,1.060701,0.893214,1496
759,tikki,2048,192,5,1.643379,1.476157,385
76,void,2048,256,12,1.286732,1.120405,204
760,printf,2048,64,15,0.703915,0.537440,11440
761,extrae,2048,256,21,1.352450,1.179949,204
762,empty,2048,64,20,0.620594,0.453873,11440
763,void,2048,256,6,1.864769,1.697693,204
764,oot,2048,128,8,1.233114,1.065593,1496
765,printf,2048,256,14,1.203449,1.029363,204
766,printf,2048,192,8,1.182137,1.014985,385
767,extrae,2048,128,17,0.804376,0.640579,1496
768,scorep,2048,128,10,1.060947,0.893049,1496
769,extrae,2048,192,1,6.442337,6.278986,385
77,tikki,2048,128,22,0.725560,0.558404,1496
770,empty,2048,256,15,1.216583,1.048663,204
771,oot,2048,256,17,1.237687,1.071047,204
772,empty,2048,256,21,1.241693,1.075119,204
773,empty,2048,256,19,1.253438,1.086368,204
774,oot,2048,128,20,0.724637,0.557451,1496
775,printf,2048,192,3,2.361440,2.194746,385
776,tikki,2048,128,23,0.714011,0.547560,1496
777,oot,2048,64,3,2.458517,2.291786,11440
778,void,2048,64,22,0.585287,0.417022,11440
779,empty,2048,64,23,0.611603,0.396994,11440
78,extrae,2048,192,18,0.950596,0.778043,385
780,extrae,2048,64,4,1.933422,1.769355,11440
781,tikki,2048,256,8,1.605104,1.438028,204
782,oot,2048,128,13,0.882757,0.715687,1496
783,void,2048,192,16,0.811701,0.644776,385
784,tikki,2048,128,17,0.811080,0.643581,1496
785,scorep,2048,128,24,0.648685,0.479522,1496
786,void,2048,64,11,0.878868,0.703715,11440
787,tikki,2048,256,6,1.912871,1.745637,204
788,oot,2048,192,16,0.811067,0.645097,385
789,scorep,2048,192,6,1.414234,1.249890,385
79,empty,2048,128,16,0.760032,0.592928,1496
790,empty,2048,128,5,1.780932,1.613569,1496
791,empty,2048,256,23,1.242529,1.075839,204
792,printf,2048,256,22,1.243239,1.076162,204
793,scorep,2048,192,22,0.801604,0.632900,385
794,printf,2048,128,13,0.881267,0.715241,1496
795,empty,2048,128,8,1.233959,1.066230,1496
796,void,2048,64,23,0.567601,0.399200,11440
797,oot,2048,256,22,1.242379,1.075723,204
798,extrae,2048,192,18,0.890067,0.724795,385
799,void,2048,64,10,0.938023,0.771041,11440
8,extrae,2048,64,12,0.880365,0.705514,11440
80,void,2048,64,11,0.880098,0.711645,11440
800,empty,2048,64,12,0.830807,0.663142,11440
801,empty,2048,64,16,0.672620,0.506406,11440
802,scorep,2048,192,14,0.870591,0.700354,385
803,empty,2048,64,2,3.612463,3.444498,11440
804,tikki,2048,64,6,1.454348,1.288406,11440
805,printf,2048,256,1,7.891495,7.724461,204
806,void,2048,256,18,1.272229,1.105547,204
807,extrae,2048,192,16,0.852116,0.688614,385
808,scorep,2048,256,17,1.256317,1.087726,204
809,scorep,2048,64,14,0.740923,0.570656,11440
81,void,2048,192,2,3.364175,3.197424,385
810,printf,2048,192,22,0.791920,0.624565,385
811,printf,2048,256,11,1.327562,1.160342,204
812,scorep,2048,256,3,2.942249,2.777679,204
813,empty,2048,128,1,7.639014,7.471953,1496
814,oot,2048,128,18,0.767503,0.600050,1496
815,oot,2048,128,22,0.702447,0.516297,1496
816,scorep,2048,256,24,1.240514,1.071555,204
817,empty,2048,256,1,7.912744,7.747001,204
818,void,2048,192,1,6.424272,6.258636,385
819,extrae,2048,64,8,1.132688,0.967800,11440
82,oot,2048,192,11,0.971940,0.804739,385
820,printf,2048,64,13,0.776214,0.609516,11440
821,void,2048,256,10,1.376461,1.208943,204
822,printf,2048,64,12,0.819438,0.653218,11440
823,void,2048,256,2,4.171146,4.004013,204
824,tikki,2048,128,6,1.595960,1.428008,1496
825,scorep,2048,256,22,1.246332,1.076200,204
826,oot,2048,192,5,1.575532,1.408898,385
827,tikki,2048,192,15,0.883164,0.714950,385
828,printf,2048,128,16,0.769521,0.601526,1496
829,extrae,2048,192,22,0.917169,0.743819,385
83,empty,2048,64,9,1.003098,0.836836,11440
830,extrae,2048,128,9,1.150438,0.985815,1496
831,void,2048,64,1,6.756487,6.590931,11440
832,oot,2048,256,23,1.243623,1.076353,204
833,empty,2048,128,10,1.066277,0.898741,1496
834,tikki,2048,64,19,0.709097,0.523646,11440
835,void,2048,192,18,0.827859,0.661241,385
836,extrae,2048,64,5,1.625397,1.460657,11440
837,extrae,2048,64,22,0.717967,0.545920,11440
838,printf,2048,192,14,0.863652,0.696521,385
839,void,2048,192,12,0.932059,0.765563,385
84,empty,2048,192,8,1.183562,1.016123,385
840,extrae,2048,256,10,1.399287,1.235219,204
841,oot,2048,64,12,0.813540,0.646442,11440
842,void,2048,128,5,1.772959,1.605681,1496
843,printf,2048,64,18,0.675373,0.501694,11440
844,tikki,2048,192,13,0.936663,0.769501,385
845,empty,2048,128,18,0.764244,0.596845,1496
846,empty,2048,256,10,1.376656,1.209720,204
847,void,2048,192,3,2.359705,2.191874,385
848,tikki,2048,192,23,0.833979,0.667301,385
849,extrae,2048,64,1,6.780099,6.616195,11440
85,empty,2048,256,22,1.244620,1.077195,204
850,printf,2048,64,23,0.570040,0.403048,11440
851,tikki,2048,128,22,0.718058,0.551176,1496
852,oot,2048,256,21,1.247386,1.079857,204
853,empty,2048,128,13,0.881994,0.713786,1496
854,extrae,2048,192,15,0.873791,0.709177,385
855,extrae,2048,192,21,0.919772,0.747662,385
856,void,2048,128,10,1.044824,0.878436,1496
857,empty,2048,128,22,0.684104,0.517102,1496
858,void,2048,192,24,0.771882,0.604340,385
859,scorep,2048,64,5,1.609248,1.439360,11440
86,printf,2048,256,10,1.375773,1.208633,204
860,oot,2048,64,9,1.009171,0.842054,11440
861,void,2048,64,14,0.726747,0.559606,11440
862,printf,2048,192,16,0.807962,0.640844,385
863,oot,2048,192,13,0.892769,0.725107,385
864,oot,2048,192,3,2.381346,2.214761,385
865,printf,2048,128,22,0.684065,0.516948,1496
866,printf,2048,192,5,1.582393,1.414297,385
867,void,2048,64,16,0.668551,0.501630,11440
868,oot,2048,256,6,1.879258,1.712166,204
869,extrae,2048,128,8,1.241268,1.076234,1496
87,empty,2048,64,22,0.579162,0.412814,11440
870,scorep,2048,192,15,0.840990,0.672868,385
871,scorep,2048,64,7,1.283792,1.119461,11440
872,extrae,2048,256,9,1.460286,1.295216,204
873,printf,2048,256,2,4.170976,4.003440,204
874,printf,2048,128,20,0.721813,0.554755,1496
875,extrae,2048,256,19,1.303309,1.139352,204
876,tikki,2048,192,24,0.824031,0.657573,385
877,printf,2048,192,19,0.827809,0.661507,385
878,scorep,2048,64,24,0.561365,0.391377,11440
879,oot,2048,256,5,2.010020,1.842508,204
88,printf,2048,192,20,0.818777,0.652665,385
880,printf,2048,192,1,6.438117,6.271156,385
881,tikki,2048,256,9,1.508402,1.342786,204
882,empty,2048,256,20,1.251547,1.075437,204
883,empty,2048,256,9,1.449434,1.282777,204
884,extrae,2048,128,4,2.086112,1.921290,1496
885,scorep,2048,64,21,0.609830,0.440489,11440
886,tikki,2048,192,20,0.866394,0.698301,385
887,printf,2048,192,18,0.823694,0.658250,385
888,extrae,2048,64,13,0.819629,0.655632,11440
889,printf,2048,256,16,1.162961,0.996658,204
89,tikki,2048,256,15,1.261699,1.080703,204
890,extrae,2048,128,6,1.560240,1.395716,1496
891,tikki,2048,128,24,0.692899,0.526100,1496
892,oot,2048,64,18,0.667228,0.500056,11440
893,tikki,2048,128,8,1.289014,1.121544,1496
894,scorep,2048,64,17,0.672436,0.503242,11440
895,extrae,2048,192,10,1.058473,0.894076,385
896,extrae,2048,192,11,0.996902,0.832956,385
897,extrae,2048,192,9,1.110331,0.945505,385
898,empty,2048,64,10,0.928748,0.762407,11440
899,scorep,2048,64,16,0.678642,0.508333,11440
9,oot,2048,64,8,1.089689,0.925032,11440
90,oot,2048,128,19,0.740898,0.573605,1496
900,tikki,2048,128,18,0.819819,0.652283,1496
901,tikki,2048,64,16,0.732294,0.566633,11440
902,void,2048,64,2,3.609554,3.439104,11440
903,tikki,2048,256,17,1.308381,1.142568,204
904,scorep,2048,256,23,1.240014,1.075649,204
905,empty,2048,64,8,1.092533,0.926139,11440
906,scorep,2048,256,2,4.179013,4.009884,204
907,scorep,2048,192,7,1.273874,1.103973,385
908,tikki,2048,256,21,1.300029,1.133687,204
909,extrae,2048,128,12,0.958318,0.793467,1496
91,tikki,2048,256,9,1.496816,1.330595,204
910,oot,2048,64,5,1.626067,1.452787,11440
911,void,2048,192,15,0.820467,0.653737,385
912,empty,2048,192,24,0.771688,0.605015,385
913,void,2048,256,17,1.276012,1.057286,204
914,oot,2048,128,4,2.094777,1.928783,1496
915,empty,2048,192,22,0.791477,0.625014,385
916,oot,2048,64,17,0.660541,0.493194,11440
917,oot,2048,256,7,1.663827,1.496687,204
918,void,2048,192,21,0.798153,0.631260,385
919,void,2048,64,6,1.394290,1.227762,11440
92,tikki,2048,128,2,4.033140,3.866367,1496
920,tikki,2048,64,4,1.963427,1.796840,11440
921,oot,2048,64,19,0.639862,0.473699,11440
922,extrae,2048,64,16,0.724895,0.561500,11440
923,scorep,2048,64,9,1.004892,0.836926,11440
924,oot,2048,64,7,1.231173,1.064973,11440
925,printf,2048,64,11,0.875257,0.707501,11440
926,oot,2048,192,8,1.194696,1.027755,385
927,tikki,2048,256,2,4.225205,4.059476,204
928,empty,2048,192,20,0.814390,0.646803,385
929,void,2048,192,4,1.853953,1.686676,385
93,empty,2048,192,17,0.827287,0.660363,385
930,empty,2048,256,7,1.661727,1.495043,204
931,scorep,2048,192,19,0.822491,0.650118,385
932,printf,2048,64,9,1.010859,0.843649,11440
933,printf,2048,128,21,0.700912,0.533256,1496
934,empty,2048,192,13,0.890423,0.722576,385
935,oot,2048,128,2,3.953810,3.787109,1496
936,void,2048,256,5,2.039742,1.873095,204
937,empty,2048,256,3,2.955967,2.788814,204
938,void,2048,128,24,0.648407,0.481701,1496
939,tikki,2048,256,12,1.352941,1.185802,204
94,empty,2048,192,9,1.085860,0.918257,385
940,void,2048,128,17,0.755644,0.587778,1496
941,void,2048,64,7,1.233249,1.065989,11440
942,empty,2048,256,2,4.166606,3.999255,204
943,printf,2048,192,24,0.772401,0.604689,385
944,void,2048,192,13,0.894347,0.728323,385
945,empty,2048,192,7,1.274138,1.108135,385
946,printf,2048,128,1,7.636677,7.469736,1496
947,scorep,2048,128,5,1.782354,1.618194,1496
948,extrae,2048,256,17,1.278600,1.114781,204
949,oot,2048,64,24,0.551250,0.384954,11440
95,tikki,2048,128,18,0.808532,0.642554,1496
950,scorep,2048,192,12,0.940753,0.770307,385
951,tikki,2048,64,22,0.633681,0.466104,11440
952,void,2048,128,9,1.138220,0.970730,1496
953,void,2048,128,20,0.726871,0.559273,1496
954,oot,2048,128,16,0.765521,0.598668,1496
955,tikki,2048,128,14,0.918214,0.737680,1496
956,printf,2048,128,15,0.799960,0.631554,1496
957,tikki,2048,64,12,0.868386,0.700840,11440
958,tikki,2048,128,13,0.924631,0.757968,1496
959,empty,2048,64,22,0.583743,0.415075,11440
96,printf,2048,64,17,0.669107,0.502441,11440
960,extrae,2048,128,19,0.796577,0.632817,1496
961,oot,2048,256,8,1.561543,1.394595,204
962,extrae,2048,192,19,0.869222,0.705467,385
963,void,2048,192,6,1.413990,1.246968,385
964,extrae,2048,64,11,0.917189,0.752990,11440
965,tikki,2048,192,4,1.893166,1.727502,385
966,empty,2048,256,13,1.268444,1.101854,204
967,empty,2048,192,3,2.356501,2.189462,385
968,scorep,2048,128,15,0.813224,0.644744,1496
969,void,2048,128,23,0.661451,0.494670,1496
97,tikki,2048,128,21,0.752035,0.585107,1496
970,empty,2048,256,24,1.241903,1.074964,204
971,extrae,2048,256,16,1.204310,1.040156,204
972,extrae,2048,192,4,1.864686,1.700536,385
973,extrae,2048,64,10,0.981749,0.817068,11440
974,empty,2048,128,14,0.844898,0.668992,1496
975,printf,2048,128,7,1.373979,1.206239,1496
976,scorep,2048,192,9,1.096780,0.927436,385
977,oot,2048,128,9,1.135212,0.966740,1496
978,oot,2048,192,14,0.850930,0.683232,385
979,empty,2048,256,6,1.867113,1.699692,204
98,extrae,2048,64,11,0.911762,0.747574,11440
980,empty,2048,256,5,2.005208,1.838728,204
981,scorep,2048,128,4,2.097970,1.928505,1496
982,extrae,2048,64,24,0.698922,0.526200,11440
983,scorep,2048,128,18,0.765160,0.601102,1496
984,void,2048,64,13,0.768017,0.600988,11440
985,tikki,2048,256,18,1.338738,1.171422,204
986,extrae,2048,128,14,0.880572,0.716470,1496
987,tikki,2048,64,17,0.736469,0.570478,11440
988,tikki,2048,64,5,1.668166,1.501662,11440
989,tikki,2048,192,11,1.029342,0.862749,385
99,void,2048,64,15,0.701301,0.535695,11440
990,scorep,2048,128,11,0.988547,0.819088,1496
991,oot,2048,128,1,7.661466,7.493022,1496
992,tikki,2048,192,14,0.893612,0.726505,385
993,scorep,2048,192,8,1.200469,1.028069,385
994,printf,2048,128,2,3.945223,3.778708,1496
995,printf,2048,64,22,0.582126,0.415374,11440
996,extrae,2048,128,23,0.789999,0.617412,1496
997,extrae,2048,64,17,0.719027,0.555296,11440
998,oot,2048,192,12,0.933226,0.767842,385
999,printf,2048,192,6,1.465553,1.251428,385
