run,type,problemsize,subproblemsize,threads,apptime,comptime,tasks
1,extrae,10000,500,7,1.285810,0.736291,4000
10,tikki,10000,250,10,1.181379,0.636350,16000
100,empty,10000,1000,3,2.095473,1.547337,1000
1000,scorep,10000,250,13,1.117094,0.564452,16000
1001,tikki,10000,1000,17,1.169799,0.623380,1000
1002,void,10000,1000,1,4.868477,4.323653,1000
1003,empty,10000,250,24,1.108148,0.568202,16000
1004,printf,10000,500,17,1.109557,0.563759,4000
1005,empty,10000,500,5,1.498756,0.950075,4000
1006,extrae,10000,250,7,1.330334,0.780587,16000
1007,empty,10000,1000,12,1.119679,0.574074,1000
1008,empty,10000,250,22,1.114387,0.566716,16000
1009,void,10000,1000,2,2.879911,2.334331,1000
101,oot,10000,2000,9,1.197919,0.649236,250
1010,extrae,10000,1000,24,1.214123,0.668477,1000
1011,tikki,10000,500,11,1.149600,0.603190,4000
1012,void,10000,1000,8,1.181605,0.632247,1000
1013,extrae,10000,1000,10,1.156575,0.609423,1000
1014,scorep,10000,250,21,1.111613,0.564517,16000
1015,extrae,10000,2000,12,1.229185,0.685837,250
1016,scorep,10000,2000,18,1.242075,0.695022,250
1017,empty,10000,500,11,1.129299,0.591314,4000
1018,printf,10000,2000,6,1.391746,0.849432,250
1019,extrae,10000,1000,22,1.205265,0.660226,1000
102,void,10000,500,5,1.492418,0.948407,4000
1020,extrae,10000,1000,2,2.891764,2.340350,1000
1021,printf,10000,2000,24,1.252640,0.703680,250
1022,extrae,10000,2000,9,1.223122,0.680127,250
1023,printf,10000,250,10,1.117098,0.574723,16000
1024,tikki,10000,2000,6,1.442083,0.894616,250
1025,printf,10000,250,4,1.683159,1.139079,16000
1026,void,10000,250,3,2.101343,1.550887,16000
1027,printf,10000,250,23,1.118212,0.570186,16000
1028,extrae,10000,2000,21,1.323454,0.778586,250
1029,extrae,10000,250,18,1.182045,0.635256,16000
103,printf,10000,1000,13,1.113397,0.565179,1000
1030,extrae,10000,500,19,1.171765,0.623621,4000
1031,void,10000,2000,2,2.861821,2.314939,250
1032,oot,10000,500,8,1.187474,0.642258,4000
1033,tikki,10000,2000,24,1.315736,0.769044,250
1034,void,10000,250,4,1.681058,1.135020,16000
1035,tikki,10000,2000,19,1.273880,0.730456,250
1036,printf,10000,1000,6,1.358315,0.814627,1000
1037,extrae,10000,250,13,1.148668,0.605024,16000
1038,printf,10000,2000,9,1.214821,0.675033,250
1039,empty,10000,2000,20,1.240098,0.692821,250
104,scorep,10000,1000,6,1.376631,0.824694,1000
1040,tikki,10000,250,13,1.148050,0.604702,16000
1041,void,10000,500,5,1.495422,0.950592,4000
1042,scorep,10000,500,8,1.191072,0.643071,4000
1043,empty,10000,500,23,1.110775,0.560965,4000
1044,oot,10000,2000,17,1.230930,0.683417,250
1045,tikki,10000,2000,22,1.292672,0.746316,250
1046,empty,10000,1000,17,1.121843,0.575808,1000
1047,oot,10000,250,16,1.116817,0.569085,16000
1048,scorep,10000,250,24,1.121677,0.571052,16000
1049,extrae,10000,2000,16,1.264907,0.719601,250
105,oot,10000,250,15,1.113672,0.565644,16000
1050,empty,10000,1000,21,1.125065,0.582156,1000
1051,empty,10000,250,5,1.483455,0.937650,16000
1052,printf,10000,1000,14,1.122734,0.574298,1000
1053,tikki,10000,2000,21,1.283552,0.749128,250
1054,extrae,10000,250,1,4.837618,4.294855,16000
1055,printf,10000,1000,8,1.172526,0.634196,1000
1056,printf,10000,2000,2,2.794678,2.245766,250
1057,oot,10000,2000,6,1.412421,0.866339,250
1058,void,10000,250,12,1.117519,0.571279,16000
1059,scorep,10000,2000,4,1.767082,1.218950,250
106,extrae,10000,2000,21,1.309499,0.763923,250
1060,printf,10000,2000,19,1.235015,0.693877,250
1061,printf,10000,500,24,1.106913,0.563533,4000
1062,empty,10000,1000,23,1.136888,0.585487,1000
1063,printf,10000,1000,10,1.118815,0.575625,1000
1064,tikki,10000,500,7,1.303073,0.759420,4000
1065,tikki,10000,500,5,1.540346,0.991148,4000
1066,empty,10000,2000,24,1.251591,0.708734,250
1067,printf,10000,1000,3,2.121259,1.578813,1000
1068,void,10000,250,20,1.115574,0.569493,16000
1069,scorep,10000,500,12,1.120370,0.571161,4000
107,scorep,10000,2000,13,1.197220,0.648546,250
1070,printf,10000,250,15,1.109550,0.562166,16000
1071,oot,10000,500,3,2.110125,1.564497,4000
1072,printf,10000,500,15,1.101978,0.558135,4000
1073,empty,10000,2000,1,4.826528,4.277166,250
1074,oot,10000,250,4,1.678899,1.139552,16000
1075,void,10000,2000,14,1.205455,0.655000,250
1076,extrae,10000,500,5,1.513783,0.968541,4000
1077,void,10000,1000,11,1.111846,0.568474,1000
1078,tikki,10000,1000,13,1.155013,0.610149,1000
1079,empty,10000,2000,16,1.212286,0.667323,250
108,oot,10000,500,6,1.364443,0.819164,4000
1080,oot,10000,1000,2,2.880776,2.335835,1000
1081,scorep,10000,2000,8,1.262172,0.712165,250
1082,extrae,10000,500,13,1.143302,0.601189,4000
1083,extrae,10000,2000,5,1.526984,0.982024,250
1084,printf,10000,2000,7,1.313247,0.767068,250
1085,tikki,10000,2000,10,1.241388,0.698813,250
1086,empty,10000,500,20,1.107173,0.564743,4000
1087,scorep,10000,250,8,1.191413,0.638773,16000
1088,void,10000,1000,5,1.488712,0.940695,1000
1089,extrae,10000,250,4,1.752710,1.212371,16000
109,scorep,10000,1000,3,2.095586,1.545287,1000
1090,scorep,10000,500,16,1.115687,0.566238,4000
1091,scorep,10000,250,18,1.122301,0.569432,16000
1092,extrae,10000,250,22,1.203826,0.656906,16000
1093,extrae,10000,250,8,1.247415,0.700548,16000
1094,printf,10000,2000,22,1.250107,0.703075,250
1095,void,10000,500,7,1.257079,0.714647,4000
1096,empty,10000,1000,7,1.262340,0.713375,1000
1097,printf,10000,1000,11,1.108504,0.562147,1000
1098,printf,10000,1000,21,1.125582,0.579205,1000
1099,tikki,10000,250,9,1.178135,0.632704,16000
11,extrae,10000,2000,16,1.269682,0.720085,250
110,tikki,10000,500,10,1.173231,0.616049,4000
1100,void,10000,250,22,1.117293,0.566223,16000
1101,extrae,10000,500,24,1.193272,0.646249,4000
1102,empty,10000,1000,13,1.114282,0.565624,1000
1103,printf,10000,250,7,1.252650,0.707934,16000
1104,oot,10000,1000,5,1.486356,0.936602,1000
1105,extrae,10000,1000,11,1.138212,0.594096,1000
1106,void,10000,1000,18,1.124894,0.579971,1000
1107,oot,10000,1000,10,1.118934,0.575538,1000
1108,oot,10000,250,19,1.109419,0.562020,16000
1109,tikki,10000,250,4,1.737139,1.191450,16000
111,printf,10000,2000,4,1.706072,1.155119,250
1110,empty,10000,2000,11,1.180893,0.637395,250
1111,oot,10000,250,1,4.812126,4.267525,16000
1112,printf,10000,1000,23,1.122191,0.582115,1000
1113,printf,10000,500,19,1.104105,0.560870,4000
1114,oot,10000,250,9,1.132692,0.585458,16000
1115,tikki,10000,2000,11,1.226791,0.683429,250
1116,printf,10000,2000,4,1.697640,1.146663,250
1117,printf,10000,500,22,1.105350,0.563126,4000
1118,extrae,10000,1000,13,1.155013,0.610014,1000
1119,scorep,10000,2000,22,1.256670,0.709014,250
112,printf,10000,2000,6,1.411740,0.865897,250
1120,void,10000,1000,13,1.113875,0.568319,1000
1121,scorep,10000,1000,13,1.120682,0.570040,1000
1122,tikki,10000,500,22,1.157666,0.611595,4000
1123,printf,10000,2000,20,1.256882,0.707658,250
1124,tikki,10000,2000,15,1.240895,0.694755,250
1125,void,10000,2000,1,4.814009,4.271076,250
1126,empty,10000,250,13,1.096922,0.553160,16000
1127,void,10000,500,11,1.103045,0.557853,4000
1128,tikki,10000,500,24,1.163107,0.612136,4000
1129,oot,10000,1000,20,1.137685,0.585525,1000
113,extrae,10000,1000,11,1.145161,0.600944,1000
1130,oot,10000,1000,9,1.129489,0.583484,1000
1131,tikki,10000,500,23,1.161894,0.615307,4000
1132,tikki,10000,1000,1,5.629206,5.080686,1000
1133,extrae,10000,500,21,1.174411,0.634003,4000
1134,oot,10000,250,23,1.116038,0.565619,16000
1135,extrae,10000,250,12,1.160030,0.613703,16000
1136,tikki,10000,1000,8,1.229035,0.680213,1000
1137,printf,10000,1000,17,1.119793,0.572426,1000
1138,printf,10000,250,14,1.110359,0.566322,16000
1139,oot,10000,500,6,1.365774,0.818727,4000
114,printf,10000,250,14,1.114776,0.569846,16000
1140,extrae,10000,1000,21,1.200462,0.652256,1000
1141,void,10000,500,22,1.108245,0.564091,4000
1142,tikki,10000,500,4,1.736138,1.186024,4000
1143,oot,10000,250,12,1.119842,0.569376,16000
1144,extrae,10000,1000,23,1.206856,0.660410,1000
1145,tikki,10000,250,18,1.161876,0.616326,16000
1146,oot,10000,1000,1,4.876606,4.329919,1000
1147,extrae,10000,1000,7,1.266235,0.727190,1000
1148,printf,10000,500,2,2.939938,2.394935,4000
1149,tikki,10000,250,22,1.174173,0.619706,16000
115,extrae,10000,2000,4,1.693639,1.146621,250
1150,empty,10000,250,23,1.114879,0.567968,16000
1151,oot,10000,1000,24,1.138112,0.590269,1000
1152,void,10000,500,3,2.108445,1.562415,4000
1153,empty,10000,500,18,1.107496,0.562630,4000
1154,empty,10000,1000,9,1.129091,0.578611,1000
1155,scorep,10000,2000,13,1.196566,0.648133,250
1156,extrae,10000,500,17,1.162481,0.617218,4000
1157,tikki,10000,250,12,1.159491,0.612631,16000
1158,extrae,10000,250,15,1.161628,0.619213,16000
1159,scorep,10000,2000,11,1.193696,0.646555,250
116,scorep,10000,250,10,1.115082,0.570696,16000
1160,void,10000,2000,13,1.189298,0.645151,250
1161,void,10000,1000,7,1.259692,0.713657,1000
1162,tikki,10000,1000,14,1.164543,0.619868,1000
1163,empty,10000,500,7,1.258511,0.709878,4000
1164,extrae,10000,2000,10,1.226152,0.676479,250
1165,extrae,10000,2000,23,1.330277,0.787832,250
1166,extrae,10000,2000,2,2.887109,2.340334,250
1167,oot,10000,250,21,1.114741,0.566839,16000
1168,printf,10000,2000,15,1.203696,0.657939,250
1169,extrae,10000,2000,3,2.088301,1.542064,250
117,empty,10000,250,4,1.693781,1.152454,16000
1170,oot,10000,2000,10,1.191178,0.645420,250
1171,void,10000,1000,14,1.114693,0.572162,1000
1172,void,10000,1000,6,1.360450,0.814381,1000
1173,extrae,10000,1000,5,1.490919,0.944803,1000
1174,tikki,10000,1000,15,1.159835,0.615476,1000
1175,tikki,10000,2000,18,1.283641,0.738840,250
1176,empty,10000,2000,13,1.184169,0.642988,250
1177,extrae,10000,250,2,3.158651,2.612493,16000
1178,extrae,10000,2000,18,1.305719,0.751957,250
1179,void,10000,1000,10,1.120470,0.577707,1000
118,extrae,10000,500,15,1.151657,0.608517,4000
1180,void,10000,500,16,1.112099,0.564572,4000
1181,scorep,10000,1000,1,4.891414,4.341769,1000
1182,oot,10000,2000,20,1.237013,0.694972,250
1183,printf,10000,2000,21,1.246943,0.702518,250
1184,oot,10000,1000,8,1.177429,0.633408,1000
1185,printf,10000,1000,18,1.130978,0.581633,1000
1186,empty,10000,2000,23,1.241611,0.697443,250
1187,empty,10000,500,22,1.111733,0.563647,4000
1188,extrae,10000,250,10,1.168979,0.622212,16000
1189,empty,10000,1000,18,1.126848,0.579910,1000
119,empty,10000,250,5,1.501413,0.953017,16000
1190,oot,10000,2000,9,1.196949,0.653275,250
1191,scorep,10000,1000,4,1.681651,1.138565,1000
1192,extrae,10000,1000,3,2.053016,1.506862,1000
1193,printf,10000,2000,23,1.254725,0.710696,250
1194,empty,10000,2000,10,1.199202,0.656546,250
1195,scorep,10000,250,10,1.124581,0.576476,16000
1196,void,10000,250,14,1.112132,0.562163,16000
1197,extrae,10000,250,3,2.195487,1.649258,16000
1198,empty,10000,500,15,1.103486,0.560453,4000
1199,empty,10000,1000,15,1.121383,0.572095,1000
12,printf,10000,2000,3,2.118220,1.569600,250
120,empty,10000,250,16,1.113527,0.567103,16000
1200,oot,10000,500,1,4.938000,4.395673,4000
1201,scorep,10000,1000,22,1.132216,0.588979,1000
1202,printf,10000,500,16,1.108265,0.564437,4000
1203,scorep,10000,2000,20,1.261860,0.711316,250
1204,void,10000,250,23,1.112099,0.567230,16000
1205,oot,10000,2000,5,1.528049,0.981148,250
1206,scorep,10000,2000,6,1.398691,0.850497,250
1207,empty,10000,2000,14,1.201465,0.655872,250
1208,oot,10000,500,2,2.940305,2.397052,4000
1209,scorep,10000,500,22,1.124176,0.566924,4000
121,void,10000,2000,2,2.804987,2.258451,250
1210,printf,10000,1000,7,1.258790,0.710422,1000
1211,void,10000,2000,24,1.257084,0.710624,250
1212,void,10000,500,20,1.104027,0.561025,4000
1213,oot,10000,2000,22,1.249063,0.698179,250
1214,oot,10000,1000,12,1.118446,0.575403,1000
1215,empty,10000,2000,2,2.788187,2.243553,250
1216,tikki,10000,250,19,1.171420,0.625696,16000
1217,empty,10000,250,2,2.908750,2.362609,16000
1218,empty,10000,2000,9,1.216766,0.665843,250
1219,empty,10000,2000,6,1.392572,0.847561,250
122,empty,10000,500,13,1.104546,0.559542,4000
1220,scorep,10000,2000,10,1.194074,0.645093,250
1221,tikki,10000,500,6,1.408702,0.866714,4000
1222,tikki,10000,1000,9,1.191695,0.644167,1000
1223,void,10000,2000,12,1.192397,0.648917,250
1224,void,10000,250,24,1.114407,0.572058,16000
1225,tikki,10000,1000,24,1.181675,0.636195,1000
1226,tikki,10000,1000,23,1.177248,0.631921,1000
1227,empty,10000,500,10,1.121428,0.576953,4000
1228,void,10000,2000,22,1.247632,0.702907,250
1229,extrae,10000,2000,8,1.272381,0.726993,250
123,empty,10000,1000,15,1.122112,0.571277,1000
1230,tikki,10000,500,13,1.154960,0.610130,4000
1231,empty,10000,500,19,1.104927,0.559399,4000
1232,scorep,10000,1000,23,1.135924,0.584682,1000
1233,printf,10000,500,1,4.948156,4.402869,4000
1234,empty,10000,1000,22,1.127191,0.586718,1000
1235,oot,10000,250,18,1.112370,0.568509,16000
1236,oot,10000,1000,21,1.131065,0.585970,1000
1237,scorep,10000,250,15,1.112466,0.565933,16000
1238,oot,10000,1000,6,1.356596,0.811173,1000
1239,extrae,10000,500,10,1.157251,0.608595,4000
124,empty,10000,1000,5,1.474809,0.928414,1000
1240,void,10000,2000,9,1.193944,0.647015,250
1241,printf,10000,250,20,1.114581,0.569787,16000
1242,scorep,10000,250,17,1.113361,0.563485,16000
1243,empty,10000,250,12,1.112628,0.568823,16000
1244,printf,10000,250,18,1.115202,0.568896,16000
1245,printf,10000,1000,12,1.123385,0.576584,1000
1246,printf,10000,2000,14,1.198785,0.651995,250
1247,tikki,10000,500,1,5.703239,5.159016,4000
1248,printf,10000,2000,5,1.514187,0.974216,250
1249,printf,10000,2000,10,1.199224,0.656793,250
125,void,10000,2000,12,1.198004,0.650490,250
1250,empty,10000,1000,20,1.129231,0.581657,1000
1251,oot,10000,2000,4,1.704811,1.160349,250
1252,printf,10000,2000,13,1.189629,0.645291,250
1253,scorep,10000,500,7,1.262696,0.716493,4000
1254,oot,10000,250,3,2.080737,1.537122,16000
1255,printf,10000,500,8,1.183382,0.639570,4000
1256,oot,10000,2000,13,1.194718,0.646228,250
1257,empty,10000,2000,21,1.247434,0.697048,250
1258,void,10000,2000,6,1.409497,0.866810,250
1259,empty,10000,2000,4,1.685357,1.140865,250
126,scorep,10000,1000,11,1.114993,0.565817,1000
1260,void,10000,2000,15,1.201679,0.658936,250
1261,extrae,10000,2000,1,4.806482,4.263349,250
1262,tikki,10000,1000,11,1.154232,0.613417,1000
1263,void,10000,500,2,2.947921,2.392879,4000
1264,tikki,10000,2000,1,5.554515,5.005629,250
1265,void,10000,500,19,1.104581,0.560018,4000
1266,scorep,10000,1000,3,2.096061,1.545897,1000
1267,extrae,10000,250,19,1.178187,0.632656,16000
1268,scorep,10000,2000,21,1.232195,0.684747,250
1269,oot,10000,250,24,1.119025,0.576115,16000
127,tikki,10000,2000,19,1.275406,0.725975,250
1270,oot,10000,1000,22,1.136221,0.586205,1000
1271,empty,10000,500,16,1.109089,0.563689,4000
1272,oot,10000,500,24,1.114200,0.565660,4000
1273,void,10000,2000,5,1.537065,0.990249,250
1274,scorep,10000,2000,3,2.126914,1.580993,250
1275,extrae,10000,2000,15,1.249280,0.704888,250
1276,extrae,10000,1000,14,1.162400,0.617437,1000
1277,oot,10000,1000,13,1.113741,0.569884,1000
1278,scorep,10000,1000,6,1.365272,0.816657,1000
1279,oot,10000,500,20,1.108426,0.563993,4000
128,empty,10000,2000,14,1.205919,0.657689,250
1280,extrae,10000,500,2,2.979497,2.427617,4000
1281,void,10000,2000,16,1.215569,0.665098,250
1282,printf,10000,250,3,2.122021,1.578440,16000
1283,oot,10000,2000,11,1.188661,0.644724,250
1284,oot,10000,500,18,1.107039,0.563624,4000
1285,extrae,10000,2000,17,1.278783,0.729472,250
1286,scorep,10000,2000,24,1.262526,0.713562,250
1287,extrae,10000,2000,6,1.427938,0.883772,250
1288,printf,10000,250,17,1.109818,0.565348,16000
1289,extrae,10000,1000,19,1.185657,0.642880,1000
129,tikki,10000,2000,24,1.298258,0.749745,250
1290,oot,10000,2000,18,1.238324,0.689680,250
1291,scorep,10000,250,16,1.116662,0.571136,16000
1292,scorep,10000,1000,18,1.130955,0.581693,1000
1293,printf,10000,1000,19,1.124899,0.578702,1000
1294,empty,10000,1000,5,1.477880,0.931667,1000
1295,empty,10000,500,12,1.111564,0.568921,4000
1296,extrae,10000,250,11,1.146990,0.604054,16000
1297,tikki,10000,2000,14,1.244565,0.699169,250
1298,printf,10000,250,22,1.095392,0.560386,16000
1299,void,10000,2000,17,1.227795,0.685303,250
13,extrae,10000,1000,7,1.274001,0.730724,1000
130,extrae,10000,500,14,1.159268,0.609278,4000
1300,oot,10000,1000,11,1.110952,0.567937,1000
1301,empty,10000,250,14,1.108635,0.566126,16000
1302,tikki,10000,250,5,1.534544,0.986692,16000
1303,tikki,10000,2000,12,1.232482,0.686975,250
1304,void,10000,1000,17,1.119413,0.575828,1000
1305,empty,10000,250,17,1.112775,0.563641,16000
1306,tikki,10000,500,9,1.176022,0.629744,4000
1307,tikki,10000,1000,20,1.190288,0.643946,1000
1308,scorep,10000,500,17,1.109903,0.562707,4000
1309,oot,10000,2000,16,1.216129,0.668814,250
131,oot,10000,250,18,1.113378,0.567069,16000
1310,tikki,10000,1000,18,1.186684,0.643919,1000
1311,scorep,10000,2000,16,1.213786,0.661981,250
1312,scorep,10000,2000,1,4.829842,4.280967,250
1313,extrae,10000,2000,24,1.327523,0.789031,250
1314,oot,10000,2000,23,1.246272,0.701948,250
1315,void,10000,500,6,1.357778,0.815647,4000
1316,tikki,10000,500,3,2.152077,1.608967,4000
1317,printf,10000,1000,4,1.677986,1.130185,1000
1318,scorep,10000,1000,15,1.119067,0.569781,1000
1319,oot,10000,500,7,1.264210,0.717365,4000
132,printf,10000,1000,3,2.091107,1.545018,1000
1320,scorep,10000,250,14,1.118745,0.569967,16000
1321,void,10000,500,12,1.118329,0.573582,4000
1322,scorep,10000,500,10,1.127117,0.573214,4000
1323,extrae,10000,500,22,1.181438,0.632268,4000
1324,scorep,10000,250,7,1.261977,0.711150,16000
1325,tikki,10000,1000,7,1.304637,0.759693,1000
1326,extrae,10000,1000,4,1.684301,1.139557,1000
1327,empty,10000,500,3,2.146388,1.601568,4000
1328,oot,10000,500,9,1.134223,0.587023,4000
1329,printf,10000,2000,17,1.233769,0.685824,250
133,oot,10000,1000,15,1.117250,0.570813,1000
1330,printf,10000,2000,11,1.181498,0.638700,250
1331,printf,10000,250,11,1.102987,0.559905,16000
1332,printf,10000,500,14,1.108985,0.564757,4000
1333,empty,10000,250,9,1.136991,0.581675,16000
1334,scorep,10000,500,11,1.111270,0.562365,4000
1335,printf,10000,500,11,1.107522,0.558869,4000
1336,printf,10000,500,21,1.112231,0.562070,4000
1337,extrae,10000,250,16,1.177541,0.631377,16000
1338,extrae,10000,500,16,1.155166,0.612057,4000
1339,scorep,10000,500,23,1.114428,0.563772,4000
134,tikki,10000,2000,9,1.251270,0.706724,250
1340,tikki,10000,500,8,1.236412,0.689416,4000
1341,tikki,10000,500,14,1.172091,0.622928,4000
1342,scorep,10000,500,14,1.121847,0.569013,4000
1343,void,10000,250,2,2.862760,2.316281,16000
1344,empty,10000,500,8,1.189759,0.641927,4000
1345,tikki,10000,500,1,5.703234,5.152998,4000
1346,void,10000,500,22,1.103140,0.563139,4000
1347,printf,10000,250,1,4.848357,4.294051,16000
1348,void,10000,1000,3,2.082742,1.542855,1000
1349,empty,10000,2000,17,1.233321,0.686886,250
135,extrae,10000,2000,1,4.804858,4.260429,250
1350,scorep,10000,1000,23,1.136204,0.586597,1000
1351,printf,10000,500,24,1.109026,0.564602,4000
1352,empty,10000,250,22,1.113288,0.567790,16000
1353,void,10000,500,2,2.946151,2.397794,4000
1354,oot,10000,500,23,1.113231,0.564091,4000
1355,printf,10000,1000,4,1.684073,1.135765,1000
1356,tikki,10000,1000,3,2.104463,1.560475,1000
1357,oot,10000,2000,9,1.203697,0.656461,250
1358,void,10000,2000,14,1.199373,0.657030,250
1359,empty,10000,500,19,1.106916,0.561642,4000
136,extrae,10000,500,13,1.144006,0.600887,4000
1360,empty,10000,2000,13,1.191808,0.644463,250
1361,extrae,10000,250,5,1.555831,1.012628,16000
1362,void,10000,250,11,1.098239,0.552567,16000
1363,printf,10000,2000,20,1.249143,0.705460,250
1364,empty,10000,500,24,1.109875,0.564615,4000
1365,empty,10000,250,24,1.115092,0.567135,16000
1366,printf,10000,250,3,2.103740,1.557772,16000
1367,scorep,10000,500,8,1.192790,0.642657,4000
1368,tikki,10000,1000,17,1.160823,0.615756,1000
1369,oot,10000,1000,11,1.110586,0.564320,1000
137,extrae,10000,250,9,1.192154,0.643715,16000
1370,printf,10000,2000,6,1.407284,0.862603,250
1371,tikki,10000,1000,14,1.160689,0.612001,1000
1372,scorep,10000,250,24,1.117552,0.570397,16000
1373,void,10000,2000,22,1.252738,0.706825,250
1374,oot,10000,500,8,1.188813,0.643061,4000
1375,scorep,10000,2000,1,4.831017,4.279001,250
1376,void,10000,250,1,4.818257,4.276347,16000
1377,tikki,10000,1000,9,1.161884,0.624971,1000
1378,void,10000,2000,13,1.191477,0.645707,250
1379,empty,10000,250,20,1.110255,0.566588,16000
138,printf,10000,500,19,1.110454,0.560598,4000
1380,printf,10000,250,22,1.109674,0.565010,16000
1381,extrae,10000,500,18,1.171187,0.623848,4000
1382,tikki,10000,2000,9,1.245941,0.700743,250
1383,oot,10000,500,20,1.107072,0.564384,4000
1384,oot,10000,1000,6,1.357399,0.808631,1000
1385,extrae,10000,2000,12,1.229376,0.684212,250
1386,scorep,10000,1000,18,1.125198,0.578643,1000
1387,oot,10000,1000,17,1.125821,0.577659,1000
1388,void,10000,250,17,1.110701,0.565871,16000
1389,oot,10000,1000,2,2.873535,2.325789,1000
139,oot,10000,1000,12,1.132232,0.576106,1000
1390,oot,10000,1000,12,1.121062,0.571980,1000
1391,oot,10000,2000,14,1.199566,0.656625,250
1392,scorep,10000,250,17,1.111729,0.567486,16000
1393,printf,10000,1000,14,1.118122,0.570985,1000
1394,void,10000,1000,18,1.125595,0.581124,1000
1395,empty,10000,1000,1,4.856246,4.311417,1000
1396,printf,10000,1000,19,1.119763,0.580424,1000
1397,extrae,10000,2000,22,1.328038,0.777492,250
1398,tikki,10000,500,21,1.147866,0.606831,4000
1399,printf,10000,2000,11,1.192766,0.641040,250
14,printf,10000,500,24,1.112509,0.564766,4000
140,void,10000,1000,20,1.132584,0.580735,1000
1400,empty,10000,1000,12,1.117365,0.573611,1000
1401,oot,10000,1000,22,1.132936,0.586459,1000
1402,oot,10000,2000,12,1.189699,0.645577,250
1403,printf,10000,500,22,1.107110,0.563388,4000
1404,printf,10000,500,11,1.109535,0.561566,4000
1405,oot,10000,500,9,1.137971,0.590085,4000
1406,scorep,10000,500,17,1.112117,0.561235,4000
1407,printf,10000,1000,11,1.111734,0.566094,1000
1408,printf,10000,1000,17,1.124834,0.579444,1000
1409,tikki,10000,1000,12,1.161696,0.617512,1000
141,tikki,10000,250,3,2.192086,1.642913,16000
1410,tikki,10000,250,23,1.162855,0.616918,16000
1411,void,10000,2000,5,1.524847,0.980680,250
1412,scorep,10000,2000,13,1.193320,0.645296,250
1413,empty,10000,2000,11,1.177099,0.635151,250
1414,printf,10000,1000,6,1.356360,0.813111,1000
1415,oot,10000,500,12,1.117437,0.568414,4000
1416,oot,10000,2000,8,1.256937,0.709632,250
1417,scorep,10000,1000,3,2.061487,1.515871,1000
1418,oot,10000,250,16,1.132309,0.561705,16000
1419,oot,10000,2000,13,1.185232,0.641497,250
142,scorep,10000,1000,18,1.137159,0.583328,1000
1420,oot,10000,250,2,2.862667,2.321888,16000
1421,printf,10000,250,16,1.118013,0.567647,16000
1422,printf,10000,2000,4,1.680630,1.133329,250
1423,oot,10000,250,12,1.117913,0.572670,16000
1424,printf,10000,2000,1,4.821564,4.277659,250
1425,oot,10000,500,21,1.097742,0.560256,4000
1426,printf,10000,500,7,1.257362,0.712424,4000
1427,scorep,10000,500,11,1.110483,0.557506,4000
1428,tikki,10000,2000,12,1.252588,0.702201,250
1429,printf,10000,500,16,1.104768,0.560724,4000
143,void,10000,1000,21,1.130411,0.584174,1000
1430,void,10000,250,23,1.116447,0.569687,16000
1431,empty,10000,500,1,4.925065,4.382626,4000
1432,oot,10000,500,7,1.256259,0.716234,4000
1433,extrae,10000,500,4,1.694532,1.148020,4000
1434,scorep,10000,250,11,1.105147,0.553083,16000
1435,printf,10000,500,15,1.103892,0.558840,4000
1436,oot,10000,250,13,1.107558,0.561677,16000
1437,scorep,10000,1000,17,1.125550,0.578184,1000
1438,oot,10000,500,11,1.104926,0.560457,4000
1439,void,10000,250,2,2.844640,2.297365,16000
144,tikki,10000,1000,14,1.162562,0.616220,1000
1440,scorep,10000,250,19,1.115394,0.564400,16000
1441,empty,10000,250,16,1.114748,0.565715,16000
1442,empty,10000,250,7,1.252447,0.706962,16000
1443,void,10000,250,3,2.124897,1.577101,16000
1444,empty,10000,1000,7,1.264032,0.715456,1000
1445,scorep,10000,1000,13,1.119998,0.572850,1000
1446,printf,10000,250,11,1.099576,0.554342,16000
1447,scorep,10000,2000,8,1.260625,0.712735,250
1448,scorep,10000,1000,6,1.359814,0.812374,1000
1449,scorep,10000,2000,11,1.191953,0.641562,250
145,tikki,10000,500,23,1.156961,0.606752,4000
1450,void,10000,1000,21,1.124821,0.580096,1000
1451,printf,10000,500,21,1.106717,0.559802,4000
1452,extrae,10000,500,7,1.280340,0.736852,4000
1453,empty,10000,2000,7,1.320498,0.775695,250
1454,printf,10000,2000,9,1.187716,0.644181,250
1455,scorep,10000,2000,4,1.719980,1.169342,250
1456,scorep,10000,250,21,1.117398,0.569282,16000
1457,empty,10000,250,19,1.108855,0.564617,16000
1458,void,10000,1000,9,1.127866,0.580334,1000
1459,empty,10000,250,9,1.124218,0.579091,16000
146,oot,10000,500,3,2.125036,1.575259,4000
1460,oot,10000,1000,20,1.125546,0.580473,1000
1461,void,10000,2000,15,1.198586,0.655042,250
1462,tikki,10000,2000,21,1.268514,0.726069,250
1463,void,10000,1000,23,1.131815,0.587251,1000
1464,printf,10000,250,9,1.123747,0.578571,16000
1465,empty,10000,250,14,1.106308,0.560449,16000
1466,empty,10000,250,21,1.108120,0.564201,16000
1467,oot,10000,500,2,2.935522,2.390415,4000
1468,void,10000,500,10,1.122035,0.572374,4000
1469,extrae,10000,1000,6,1.382874,0.831711,1000
147,oot,10000,1000,20,1.133185,0.584955,1000
1470,printf,10000,2000,13,1.190507,0.645543,250
1471,empty,10000,250,3,2.107126,1.565240,16000
1472,tikki,10000,500,6,1.409127,0.863724,4000
1473,void,10000,1000,24,1.140886,0.590025,1000
1474,extrae,10000,1000,5,1.489051,0.945815,1000
1475,tikki,10000,500,18,1.143358,0.600364,4000
1476,void,10000,2000,2,2.918516,2.372331,250
1477,scorep,10000,250,14,1.119224,0.568721,16000
1478,tikki,10000,2000,6,1.431696,0.887131,250
1479,extrae,10000,500,16,1.154576,0.613757,4000
148,tikki,10000,250,23,1.162159,0.613623,16000
1480,scorep,10000,500,19,1.114001,0.563653,4000
1481,tikki,10000,250,1,5.627234,5.078999,16000
1482,printf,10000,2000,21,1.235243,0.693476,250
1483,extrae,10000,2000,10,1.217256,0.674352,250
1484,oot,10000,1000,10,1.123450,0.580041,1000
1485,oot,10000,2000,23,1.254644,0.707255,250
1486,oot,10000,500,24,1.109181,0.564429,4000
1487,oot,10000,250,5,1.487177,0.941144,16000
1488,printf,10000,1000,3,2.084484,1.539568,1000
1489,empty,10000,1000,22,1.130465,0.583751,1000
149,printf,10000,1000,11,1.112536,0.564016,1000
1490,extrae,10000,1000,19,1.183078,0.639587,1000
1491,scorep,10000,2000,10,1.204468,0.654471,250
1492,oot,10000,2000,15,1.202217,0.661429,250
1493,tikki,10000,250,15,1.153065,0.611049,16000
1494,printf,10000,500,4,1.699759,1.152246,4000
1495,empty,10000,2000,2,2.922109,2.370615,250
1496,extrae,10000,250,11,1.148182,0.597281,16000
1497,tikki,10000,500,24,1.151607,0.604783,4000
1498,extrae,10000,500,13,1.146736,0.602228,4000
1499,scorep,10000,1000,14,1.122360,0.570903,1000
15,extrae,10000,250,15,1.163820,0.617775,16000
150,oot,10000,500,13,1.105497,0.560266,4000
1500,oot,10000,250,8,1.186541,0.641375,16000
1501,void,10000,2000,23,1.247485,0.704469,250
1502,oot,10000,500,3,2.095900,1.554009,4000
1503,printf,10000,1000,15,1.116163,0.570660,1000
1504,oot,10000,1000,1,4.877374,4.335273,1000
1505,tikki,10000,250,19,1.151093,0.611549,16000
1506,extrae,10000,2000,11,1.220119,0.673659,250
1507,tikki,10000,500,7,1.310279,0.767772,4000
1508,tikki,10000,2000,22,1.298395,0.753461,250
1509,void,10000,2000,16,1.211331,0.668371,250
151,scorep,10000,250,23,1.121665,0.567741,16000
1510,tikki,10000,500,13,1.155155,0.609534,4000
1511,printf,10000,250,7,1.267111,0.712754,16000
1512,extrae,10000,2000,4,1.745996,1.201260,250
1513,tikki,10000,2000,13,1.235177,0.687030,250
1514,printf,10000,250,14,1.111894,0.566440,16000
1515,void,10000,500,1,4.928536,4.382667,4000
1516,extrae,10000,2000,17,1.279809,0.739750,250
1517,extrae,10000,2000,5,1.535322,0.990316,250
1518,extrae,10000,1000,13,1.150443,0.608650,1000
1519,tikki,10000,1000,21,1.173430,0.629949,1000
152,oot,10000,2000,23,1.257331,0.709652,250
1520,empty,10000,1000,4,1.674864,1.130835,1000
1521,oot,10000,250,15,1.113703,0.569483,16000
1522,printf,10000,250,21,1.112876,0.567161,16000
1523,tikki,10000,250,8,1.220855,0.674451,16000
1524,scorep,10000,2000,22,1.249446,0.699203,250
1525,void,10000,1000,5,1.482209,0.939338,1000
1526,oot,10000,1000,23,1.125442,0.584090,1000
1527,empty,10000,250,2,2.865806,2.318630,16000
1528,tikki,10000,1000,7,1.316277,0.764711,1000
1529,void,10000,2000,19,1.230560,0.684477,250
153,scorep,10000,2000,17,1.228767,0.682133,250
1530,tikki,10000,2000,8,1.298624,0.754670,250
1531,void,10000,2000,8,1.249682,0.707242,250
1532,oot,10000,2000,11,1.199693,0.652605,250
1533,scorep,10000,1000,5,1.488401,0.942001,1000
1534,void,10000,250,5,1.483511,0.938284,16000
1535,empty,10000,2000,9,1.207588,0.665171,250
1536,empty,10000,2000,24,1.260211,0.713292,250
1537,empty,10000,500,13,1.105889,0.563444,4000
1538,empty,10000,250,17,1.108343,0.561996,16000
1539,scorep,10000,1000,12,1.131555,0.576617,1000
154,oot,10000,500,4,1.686909,1.141137,4000
1540,printf,10000,2000,22,1.261958,0.707225,250
1541,extrae,10000,500,19,1.166804,0.622279,4000
1542,scorep,10000,2000,7,1.337284,0.784718,250
1543,printf,10000,500,1,4.943427,4.399582,4000
1544,tikki,10000,1000,16,1.161612,0.618479,1000
1545,void,10000,250,22,1.112225,0.567143,16000
1546,empty,10000,1000,10,1.122241,0.577551,1000
1547,tikki,10000,250,17,1.161817,0.615880,16000
1548,scorep,10000,2000,20,1.250732,0.702961,250
1549,oot,10000,2000,18,1.236299,0.691919,250
155,printf,10000,2000,13,1.189994,0.645944,250
1550,extrae,10000,250,3,2.187406,1.643762,16000
1551,tikki,10000,250,21,1.155690,0.607528,16000
1552,void,10000,250,15,1.107619,0.562066,16000
1553,scorep,10000,250,7,1.260001,0.713601,16000
1554,empty,10000,2000,4,1.710781,1.163701,250
1555,extrae,10000,500,3,2.090901,1.545760,4000
1556,tikki,10000,2000,2,2.880320,2.332512,250
1557,printf,10000,500,23,1.110793,0.563485,4000
1558,printf,10000,500,12,1.115951,0.570643,4000
1559,scorep,10000,1000,22,1.136743,0.585759,1000
156,scorep,10000,2000,3,2.150994,1.611431,250
1560,scorep,10000,1000,8,1.188172,0.638500,1000
1561,extrae,10000,500,6,1.387097,0.841772,4000
1562,extrae,10000,500,21,1.168615,0.625472,4000
1563,void,10000,1000,19,1.126414,0.581724,1000
1564,empty,10000,250,10,1.120454,0.573947,16000
1565,tikki,10000,250,12,1.161033,0.614165,16000
1566,printf,10000,500,3,2.088518,1.543797,4000
1567,extrae,10000,2000,18,1.292984,0.748244,250
1568,tikki,10000,2000,23,1.305247,0.759820,250
1569,void,10000,500,14,1.107513,0.563482,4000
157,empty,10000,500,5,1.486760,0.942670,4000
1570,empty,10000,1000,16,1.126048,0.573296,1000
1571,printf,10000,2000,14,1.203396,0.655370,250
1572,scorep,10000,2000,14,1.199425,0.653293,250
1573,printf,10000,1000,10,1.120584,0.577560,1000
1574,extrae,10000,500,10,1.150686,0.604567,4000
1575,extrae,10000,1000,16,1.171310,0.626352,1000
1576,printf,10000,500,14,1.107448,0.564711,4000
1577,empty,10000,2000,21,1.236825,0.685879,250
1578,printf,10000,500,10,1.117776,0.574222,4000
1579,extrae,10000,500,8,1.210825,0.662733,4000
158,scorep,10000,250,9,1.149441,0.594296,16000
1580,tikki,10000,500,5,1.538572,0.988543,4000
1581,printf,10000,500,2,2.945008,2.399293,4000
1582,empty,10000,1000,6,1.359436,0.809611,1000
1583,void,10000,2000,18,1.237133,0.692611,250
1584,extrae,10000,1000,2,2.913925,2.370547,1000
1585,void,10000,2000,9,1.197872,0.649815,250
1586,oot,10000,500,13,1.103738,0.559991,4000
1587,printf,10000,1000,9,1.135488,0.585906,1000
1588,scorep,10000,250,15,1.111058,0.563122,16000
1589,oot,10000,2000,1,4.832924,4.283317,250
159,extrae,10000,2000,17,1.286081,0.740379,250
1590,extrae,10000,1000,9,1.148301,0.607100,1000
1591,void,10000,1000,15,1.116145,0.570385,1000
1592,printf,10000,250,24,1.123489,0.574811,16000
1593,tikki,10000,1000,2,2.967167,2.418685,1000
1594,void,10000,500,19,1.111021,0.560808,4000
1595,void,10000,2000,21,1.238171,0.689430,250
1596,empty,10000,1000,21,1.126710,0.582873,1000
1597,oot,10000,1000,13,1.113496,0.569676,1000
1598,void,10000,250,19,1.109399,0.564864,16000
1599,empty,10000,1000,11,1.113006,0.565965,1000
16,scorep,10000,500,8,1.196828,0.644044,4000
160,extrae,10000,500,2,2.975054,2.430539,4000
1600,extrae,10000,250,1,4.835948,4.287550,16000
1601,tikki,10000,500,20,1.151047,0.611610,4000
1602,oot,10000,2000,20,1.252202,0.701815,250
1603,empty,10000,2000,19,1.232674,0.691327,250
1604,void,10000,500,11,1.103298,0.557466,4000
1605,empty,10000,2000,15,1.201071,0.654099,250
1606,scorep,10000,250,10,1.126491,0.577219,16000
1607,empty,10000,250,4,1.672964,1.125808,16000
1608,printf,10000,250,4,1.705868,1.163830,16000
1609,printf,10000,2000,10,1.203071,0.658149,250
161,oot,10000,500,21,1.114252,0.562212,4000
1610,oot,10000,250,23,1.109604,0.569045,16000
1611,scorep,10000,500,12,1.124126,0.574283,4000
1612,tikki,10000,2000,5,1.571969,1.021118,250
1613,scorep,10000,2000,9,1.203970,0.653064,250
1614,printf,10000,250,18,1.113298,0.564671,16000
1615,scorep,10000,2000,21,1.248887,0.698156,250
1616,oot,10000,250,22,1.113713,0.569088,16000
1617,oot,10000,500,15,1.106282,0.560111,4000
1618,void,10000,1000,12,1.122098,0.572416,1000
1619,extrae,10000,2000,13,1.234394,0.690598,250
162,tikki,10000,2000,6,1.474573,0.926676,250
1620,oot,10000,1000,16,1.114375,0.573699,1000
1621,oot,10000,2000,16,1.206516,0.661312,250
1622,printf,10000,2000,19,1.238927,0.695061,250
1623,void,10000,250,16,1.113265,0.568021,16000
1624,scorep,10000,500,3,2.081114,1.534109,4000
1625,extrae,10000,500,5,1.512002,0.966113,4000
1626,empty,10000,1000,24,1.140248,0.588367,1000
1627,extrae,10000,2000,23,1.304640,0.769652,250
1628,extrae,10000,2000,2,2.776936,2.230306,250
1629,tikki,10000,500,11,1.152063,0.608521,4000
163,tikki,10000,500,7,1.299560,0.755504,4000
1630,printf,10000,2000,24,1.268737,0.716814,250
1631,extrae,10000,250,22,1.201832,0.653748,16000
1632,void,10000,250,10,1.113354,0.566161,16000
1633,empty,10000,250,18,1.115344,0.567302,16000
1634,extrae,10000,250,16,1.170798,0.628077,16000
1635,tikki,10000,500,3,2.130194,1.583452,4000
1636,extrae,10000,1000,12,1.148575,0.607631,1000
1637,extrae,10000,250,9,1.194117,0.647216,16000
1638,oot,10000,1000,3,2.094127,1.547960,1000
1639,scorep,10000,1000,24,1.141061,0.592732,1000
164,tikki,10000,2000,21,1.287734,0.739916,250
1640,scorep,10000,500,10,1.128040,0.578717,4000
1641,scorep,10000,1000,2,2.901264,2.349694,1000
1642,tikki,10000,2000,10,1.234658,0.682719,250
1643,empty,10000,1000,18,1.123257,0.578681,1000
1644,scorep,10000,500,13,1.112059,0.561358,4000
1645,printf,10000,500,20,1.115945,0.563846,4000
1646,void,10000,500,21,1.109069,0.560176,4000
1647,printf,10000,500,6,1.363513,0.818004,4000
1648,scorep,10000,1000,20,1.132677,0.582344,1000
1649,scorep,10000,500,20,1.112066,0.561606,4000
165,void,10000,2000,21,1.239800,0.694884,250
1650,scorep,10000,500,18,1.117929,0.564517,4000
1651,printf,10000,500,13,1.112226,0.563657,4000
1652,oot,10000,2000,21,1.249510,0.697570,250
1653,scorep,10000,250,8,1.186999,0.641031,16000
1654,tikki,10000,1000,6,1.408156,0.858348,1000
1655,oot,10000,250,1,4.809175,4.261800,16000
1656,oot,10000,500,22,1.109471,0.565102,4000
1657,oot,10000,250,17,1.106986,0.558122,16000
1658,void,10000,1000,10,1.118580,0.573661,1000
1659,scorep,10000,500,22,1.112395,0.563470,4000
166,empty,10000,2000,21,1.254076,0.707104,250
1660,tikki,10000,500,16,1.159401,0.613175,4000
1661,oot,10000,2000,2,2.811969,2.253576,250
1662,scorep,10000,500,24,1.114783,0.564887,4000
1663,extrae,10000,250,8,1.245259,0.699082,16000
1664,empty,10000,2000,10,1.190350,0.645171,250
1665,tikki,10000,500,22,1.149948,0.607387,4000
1666,oot,10000,250,20,1.116821,0.567891,16000
1667,scorep,10000,250,22,1.118078,0.570636,16000
1668,oot,10000,250,4,1.693192,1.147951,16000
1669,oot,10000,1000,18,1.128201,0.579644,1000
167,scorep,10000,2000,12,1.205493,0.650249,250
1670,tikki,10000,500,12,1.164830,0.619644,4000
1671,void,10000,250,7,1.248769,0.696450,16000
1672,empty,10000,250,13,1.108182,0.560846,16000
1673,empty,10000,500,21,1.109497,0.561335,4000
1674,oot,10000,250,14,1.114724,0.568005,16000
1675,oot,10000,250,9,1.117710,0.573900,16000
1676,void,10000,2000,7,1.328421,0.778995,250
1677,empty,10000,250,23,1.113480,0.567849,16000
1678,oot,10000,500,19,1.110022,0.561680,4000
1679,oot,10000,250,11,1.099230,0.551749,16000
168,void,10000,2000,1,4.820477,4.276325,250
1680,scorep,10000,250,5,1.493398,0.944851,16000
1681,extrae,10000,1000,23,1.201702,0.660147,1000
1682,oot,10000,250,21,1.110756,0.565644,16000
1683,empty,10000,500,3,2.105565,1.557623,4000
1684,tikki,10000,2000,1,5.670889,5.121054,250
1685,void,10000,250,24,1.109090,0.569159,16000
1686,printf,10000,500,5,1.499491,0.950080,4000
1687,void,10000,250,6,1.362919,0.810699,16000
1688,printf,10000,1000,18,1.126088,0.577503,1000
1689,empty,10000,250,12,1.113568,0.563932,16000
169,void,10000,500,6,1.357622,0.816922,4000
1690,oot,10000,2000,10,1.198358,0.649838,250
1691,scorep,10000,1000,16,1.122834,0.574154,1000
1692,printf,10000,2000,18,1.238324,0.692327,250
1693,extrae,10000,1000,22,1.202269,0.656311,1000
1694,oot,10000,250,3,2.079862,1.533542,16000
1695,scorep,10000,250,2,2.883558,2.333879,16000
1696,void,10000,1000,4,1.667033,1.116751,1000
1697,tikki,10000,2000,4,1.749801,1.204875,250
1698,void,10000,1000,1,4.874976,4.331361,1000
1699,void,10000,500,6,1.363617,0.822641,4000
17,empty,10000,2000,12,1.197405,0.645076,250
170,scorep,10000,2000,20,1.241532,0.691468,250
1700,tikki,10000,250,4,1.720384,1.176530,16000
1701,extrae,10000,250,17,1.168309,0.623731,16000
1702,empty,10000,1000,20,1.125364,0.580398,1000
1703,void,10000,2000,20,1.246892,0.699672,250
1704,extrae,10000,250,19,1.177253,0.635930,16000
1705,extrae,10000,250,21,1.188666,0.643936,16000
1706,void,10000,250,8,1.175863,0.630992,16000
1707,printf,10000,250,20,1.113021,0.567001,16000
1708,oot,10000,2000,4,1.708607,1.163290,250
1709,void,10000,1000,11,1.102209,0.560381,1000
171,oot,10000,1000,2,2.875661,2.330082,1000
1710,empty,10000,1000,23,1.136430,0.589192,1000
1711,printf,10000,250,19,1.113305,0.566628,16000
1712,tikki,10000,250,10,1.162617,0.618526,16000
1713,tikki,10000,2000,18,1.283427,0.738229,250
1714,tikki,10000,2000,17,1.281748,0.734955,250
1715,oot,10000,1000,5,1.485628,0.943307,1000
1716,tikki,10000,2000,16,1.259101,0.715118,250
1717,printf,10000,1000,21,1.125699,0.581899,1000
1718,tikki,10000,1000,20,1.173387,0.624599,1000
1719,extrae,10000,1000,3,2.048884,1.504648,1000
172,oot,10000,500,1,4.941712,4.392326,4000
1720,scorep,10000,250,18,1.113854,0.569875,16000
1721,printf,10000,1000,8,1.177101,0.632780,1000
1722,tikki,10000,2000,14,1.242889,0.700182,250
1723,scorep,10000,2000,23,1.247398,0.699935,250
1724,extrae,10000,2000,1,4.803380,4.258518,250
1725,empty,10000,500,18,1.103038,0.565251,4000
1726,oot,10000,250,7,1.256197,0.711101,16000
1727,empty,10000,500,6,1.367018,0.817401,4000
1728,printf,10000,500,9,1.144515,0.591702,4000
1729,oot,10000,2000,6,1.399419,0.850051,250
173,printf,10000,1000,22,1.128987,0.583794,1000
1730,extrae,10000,1000,10,1.155397,0.609577,1000
1731,empty,10000,1000,19,1.125503,0.579816,1000
1732,extrae,10000,1000,8,1.200719,0.657114,1000
1733,void,10000,2000,12,1.193436,0.647320,250
1734,scorep,10000,1000,21,1.128886,0.582822,1000
1735,printf,10000,500,18,1.113833,0.565543,4000
1736,void,10000,1000,13,1.113847,0.566667,1000
1737,tikki,10000,1000,15,1.177969,0.634270,1000
1738,scorep,10000,1000,9,1.130726,0.584535,1000
1739,void,10000,2000,1,4.815842,4.272713,250
174,printf,10000,250,5,1.513458,0.964714,16000
1740,void,10000,500,18,1.102975,0.560320,4000
1741,empty,10000,500,2,2.944030,2.397785,4000
1742,extrae,10000,500,22,1.187010,0.635612,4000
1743,scorep,10000,500,16,1.118476,0.564103,4000
1744,extrae,10000,1000,4,1.669247,1.124969,1000
1745,tikki,10000,500,19,1.144688,0.601249,4000
1746,extrae,10000,500,17,1.165988,0.621420,4000
1747,extrae,10000,500,12,1.157047,0.611477,4000
1748,empty,10000,1000,15,1.121427,0.574104,1000
1749,void,10000,2000,10,1.196080,0.651551,250
175,scorep,10000,500,12,1.121255,0.570681,4000
1750,empty,10000,500,8,1.176052,0.633564,4000
1751,extrae,10000,2000,15,1.250934,0.704210,250
1752,tikki,10000,500,2,3.005836,2.458159,4000
1753,scorep,10000,1000,10,1.131397,0.578184,1000
1754,tikki,10000,250,16,1.174139,0.627097,16000
1755,oot,10000,2000,22,1.246526,0.700192,250
1756,oot,10000,500,4,1.741780,1.194056,4000
1757,oot,10000,2000,19,1.239105,0.692439,250
1758,void,10000,1000,2,2.872588,2.331191,1000
1759,extrae,10000,250,15,1.158362,0.612647,16000
176,oot,10000,2000,8,1.242757,0.691373,250
1760,printf,10000,2000,8,1.252511,0.708062,250
1761,empty,10000,250,15,1.100216,0.560150,16000
1762,extrae,10000,1000,7,1.272742,0.724434,1000
1763,printf,10000,500,8,1.184537,0.641179,4000
1764,extrae,10000,250,18,1.178482,0.633834,16000
1765,printf,10000,1000,23,1.128291,0.585314,1000
1766,empty,10000,500,4,1.678758,1.134940,4000
1767,extrae,10000,500,15,1.157897,0.608746,4000
1768,extrae,10000,2000,21,1.312001,0.763664,250
1769,void,10000,2000,6,1.391118,0.848760,250
177,oot,10000,500,19,1.103475,0.559871,4000
1770,void,10000,500,5,1.492794,0.947838,4000
1771,empty,10000,500,11,1.104706,0.558137,4000
1772,empty,10000,2000,14,1.198776,0.651053,250
1773,tikki,10000,500,8,1.237476,0.693963,4000
1774,printf,10000,250,15,1.110937,0.561342,16000
1775,scorep,10000,2000,2,2.890898,2.341962,250
1776,printf,10000,2000,2,2.870289,2.322965,250
1777,extrae,10000,2000,14,1.242006,0.697106,250
1778,void,10000,250,21,1.107245,0.563920,16000
1779,tikki,10000,1000,4,1.716643,1.170635,1000
178,oot,10000,1000,10,1.128775,0.575704,1000
1780,void,10000,1000,20,1.127792,0.583843,1000
1781,empty,10000,500,15,1.109018,0.560793,4000
1782,void,10000,500,4,1.687762,1.139205,4000
1783,tikki,10000,250,2,2.973388,2.426356,16000
1784,tikki,10000,250,6,1.420798,0.869050,16000
1785,extrae,10000,2000,7,1.331723,0.785651,250
1786,oot,10000,2000,5,1.518203,0.975211,250
1787,oot,10000,1000,24,1.128608,0.586481,1000
1788,scorep,10000,2000,18,1.243952,0.694989,250
1789,empty,10000,2000,23,1.240995,0.695413,250
179,tikki,10000,250,22,1.158964,0.611348,16000
1790,tikki,10000,250,20,1.156829,0.612734,16000
1791,printf,10000,2000,3,2.072692,1.527499,250
1792,printf,10000,1000,16,1.118216,0.575975,1000
1793,void,10000,1000,16,1.117333,0.573662,1000
1794,tikki,10000,500,9,1.181509,0.637365,4000
1795,extrae,10000,250,14,1.167702,0.620304,16000
1796,tikki,10000,2000,7,1.390092,0.845326,250
1797,oot,10000,1000,7,1.255557,0.712968,1000
1798,oot,10000,250,18,1.112602,0.568703,16000
1799,oot,10000,2000,7,1.302589,0.757771,250
18,scorep,10000,1000,24,1.139636,0.588426,1000
180,scorep,10000,250,2,2.951335,2.402194,16000
1800,tikki,10000,2000,20,1.273571,0.729223,250
1801,tikki,10000,2000,19,1.281076,0.737996,250
1802,printf,10000,1000,12,1.121696,0.576700,1000
1803,tikki,10000,2000,3,2.138623,1.593761,250
1804,oot,10000,2000,3,2.069756,1.525746,250
1805,extrae,10000,2000,16,1.262231,0.720291,250
1806,printf,10000,500,17,1.104428,0.560024,4000
1807,empty,10000,2000,1,4.827184,4.280176,250
1808,empty,10000,1000,5,1.476803,0.937936,1000
1809,tikki,10000,500,23,1.157741,0.607554,4000
181,tikki,10000,250,1,5.698968,5.146183,16000
1810,scorep,10000,1000,4,1.684767,1.135458,1000
1811,printf,10000,2000,12,1.194045,0.648356,250
1812,empty,10000,2000,3,2.065798,1.519372,250
1813,void,10000,2000,4,1.699926,1.158901,250
1814,scorep,10000,250,20,1.120540,0.571847,16000
1815,scorep,10000,2000,19,1.231688,0.683099,250
1816,empty,10000,250,8,1.168219,0.623149,16000
1817,printf,10000,250,12,1.118491,0.569892,16000
1818,scorep,10000,2000,17,1.230500,0.681875,250
1819,empty,10000,500,5,1.488629,0.944262,4000
182,void,10000,250,16,1.110615,0.568809,16000
1820,tikki,10000,2000,11,1.230712,0.683595,250
1821,scorep,10000,1000,1,4.879961,4.335511,1000
1822,void,10000,1000,7,1.252764,0.714662,1000
1823,oot,10000,500,14,1.108143,0.563571,4000
1824,oot,10000,2000,17,1.236022,0.688255,250
1825,scorep,10000,500,4,1.698833,1.151484,4000
1826,empty,10000,2000,12,1.194395,0.652694,250
1827,oot,10000,250,6,1.359329,0.814274,16000
1828,empty,10000,500,23,1.112522,0.564882,4000
1829,tikki,10000,250,13,1.154356,0.609264,16000
183,scorep,10000,250,3,2.112784,1.559279,16000
1830,void,10000,500,17,1.104845,0.559443,4000
1831,void,10000,2000,11,1.193080,0.646795,250
1832,scorep,10000,250,12,1.119684,0.572307,16000
1833,tikki,10000,1000,5,1.528758,0.984693,1000
1834,extrae,10000,2000,8,1.253863,0.711983,250
1835,oot,10000,500,5,1.492385,0.949820,4000
1836,void,10000,250,14,1.109663,0.564075,16000
1837,empty,10000,2000,6,1.390733,0.846876,250
1838,printf,10000,1000,7,1.258486,0.711572,1000
1839,empty,10000,250,5,1.482273,0.934262,16000
184,extrae,10000,1000,21,1.191083,0.647838,1000
1840,tikki,10000,1000,13,1.162381,0.613607,1000
1841,printf,10000,2000,17,1.229642,0.682275,250
1842,scorep,10000,2000,24,1.263127,0.719563,250
1843,empty,10000,250,6,1.358956,0.813990,16000
1844,oot,10000,250,10,1.122019,0.577532,16000
1845,empty,10000,2000,8,1.260888,0.711341,250
1846,oot,10000,1000,21,1.126145,0.581911,1000
1847,extrae,10000,250,12,1.153418,0.611379,16000
1848,tikki,10000,500,14,1.167955,0.622649,4000
1849,scorep,10000,500,7,1.263783,0.712002,4000
185,empty,10000,500,12,1.118464,0.570197,4000
1850,scorep,10000,2000,3,2.089093,1.538684,250
1851,void,10000,1000,22,1.126598,0.584926,1000
1852,tikki,10000,250,18,1.172249,0.626292,16000
1853,oot,10000,1000,15,1.122424,0.572472,1000
1854,printf,10000,250,8,1.175157,0.626072,16000
1855,scorep,10000,2000,12,1.205216,0.652576,250
1856,extrae,10000,1000,20,1.187636,0.646496,1000
1857,tikki,10000,250,24,1.170847,0.626622,16000
1858,oot,10000,250,19,1.114331,0.566816,16000
1859,printf,10000,500,19,1.106616,0.560199,4000
186,extrae,10000,250,3,2.207548,1.657173,16000
1860,extrae,10000,1000,1,4.862029,4.316488,1000
1861,extrae,10000,1000,15,1.157076,0.618405,1000
1862,extrae,10000,2000,24,1.337068,0.792734,250
1863,empty,10000,500,20,1.108912,0.565471,4000
1864,printf,10000,250,10,1.128695,0.575046,16000
1865,tikki,10000,250,7,1.308898,0.758100,16000
1866,void,10000,250,4,1.681101,1.136021,16000
1867,scorep,10000,2000,16,1.217185,0.667855,250
1868,scorep,10000,1000,7,1.255446,0.710910,1000
1869,empty,10000,250,1,4.824198,4.279519,16000
187,void,10000,250,9,1.130964,0.584800,16000
1870,tikki,10000,250,14,1.148741,0.607807,16000
1871,printf,10000,2000,5,1.526438,0.982461,250
1872,extrae,10000,500,14,1.154681,0.610500,4000
1873,scorep,10000,500,1,4.948324,4.401094,4000
1874,void,10000,500,13,1.097847,0.556201,4000
1875,empty,10000,500,22,1.109501,0.565327,4000
1876,printf,10000,250,5,1.488354,0.942477,16000
1877,oot,10000,500,16,1.111186,0.564802,4000
1878,empty,10000,1000,14,1.119557,0.569729,1000
1879,void,10000,250,20,1.113484,0.568568,16000
188,oot,10000,1000,3,2.097519,1.550043,1000
1880,void,10000,500,8,1.182976,0.640030,4000
1881,printf,10000,250,6,1.364838,0.817090,16000
1882,void,10000,2000,24,1.255703,0.713145,250
1883,void,10000,500,16,1.107075,0.560534,4000
1884,oot,10000,1000,14,1.111157,0.578015,1000
1885,tikki,10000,500,17,1.155632,0.610757,4000
1886,scorep,10000,1000,15,1.118434,0.569812,1000
1887,oot,10000,500,18,1.113948,0.568322,4000
1888,void,10000,250,18,1.115735,0.566933,16000
1889,tikki,10000,2000,24,1.304607,0.753853,250
189,empty,10000,2000,2,2.864483,2.317179,250
1890,empty,10000,2000,22,1.250818,0.707320,250
1891,extrae,10000,250,10,1.165539,0.620928,16000
1892,scorep,10000,2000,5,1.529709,0.983209,250
1893,tikki,10000,250,11,1.150284,0.602503,16000
1894,printf,10000,250,23,1.112112,0.566389,16000
1895,scorep,10000,1000,19,1.128864,0.580136,1000
1896,tikki,10000,1000,8,1.218806,0.675364,1000
1897,empty,10000,500,7,1.255997,0.711915,4000
1898,tikki,10000,500,15,1.146675,0.602506,4000
1899,tikki,10000,250,3,2.151933,1.602504,16000
19,empty,10000,500,23,1.104102,0.559977,4000
190,scorep,10000,500,20,1.119990,0.565701,4000
1900,tikki,10000,500,4,1.737015,1.194175,4000
1901,scorep,10000,250,3,2.130028,1.582235,16000
1902,empty,10000,500,12,1.118482,0.571303,4000
1903,empty,10000,1000,2,2.868744,2.321733,1000
1904,scorep,10000,250,16,1.121825,0.568399,16000
1905,extrae,10000,500,2,2.981864,2.434317,4000
1906,tikki,10000,250,22,1.164414,0.611622,16000
1907,empty,10000,500,16,1.110921,0.562319,4000
1908,extrae,10000,2000,9,1.238311,0.690638,250
1909,empty,10000,2000,20,1.243251,0.700378,250
191,oot,10000,1000,7,1.260527,0.713495,1000
1910,empty,10000,1000,9,1.124513,0.581005,1000
1911,void,10000,500,12,1.115474,0.570929,4000
1912,void,10000,500,7,1.256491,0.712556,4000
1913,tikki,10000,1000,23,1.167439,0.622904,1000
1914,printf,10000,1000,24,1.133457,0.588245,1000
1915,scorep,10000,500,23,1.115897,0.567364,4000
1916,tikki,10000,1000,19,1.173144,0.625913,1000
1917,extrae,10000,500,20,1.176724,0.628947,4000
1918,extrae,10000,250,4,1.812124,1.263788,16000
1919,tikki,10000,250,5,1.539149,0.987782,16000
192,extrae,10000,1000,1,4.865579,4.317244,1000
1920,printf,10000,1000,1,4.868696,4.323607,1000
1921,printf,10000,1000,20,1.120661,0.581736,1000
1922,extrae,10000,250,20,1.192081,0.643774,16000
1923,scorep,10000,500,15,1.112946,0.559831,4000
1924,oot,10000,1000,19,1.130316,0.580510,1000
1925,empty,10000,2000,16,1.211808,0.667498,250
1926,scorep,10000,250,23,1.113853,0.566382,16000
1927,scorep,10000,2000,6,1.399922,0.850283,250
1928,oot,10000,500,1,4.939987,4.395840,4000
1929,empty,10000,1000,3,2.090934,1.553415,1000
193,tikki,10000,2000,8,1.305190,0.764762,250
1930,scorep,10000,1000,11,1.119121,0.566692,1000
1931,tikki,10000,500,10,1.170290,0.625308,4000
1932,oot,10000,500,10,1.123711,0.576709,4000
1933,void,10000,250,12,1.115945,0.569750,16000
1934,void,10000,1000,17,1.122515,0.575972,1000
1935,oot,10000,500,6,1.363407,0.819428,4000
1936,scorep,10000,500,6,1.371848,0.822737,4000
1937,extrae,10000,500,9,1.162129,0.617470,4000
1938,printf,10000,1000,5,1.491060,0.942940,1000
1939,extrae,10000,1000,18,1.187387,0.636966,1000
194,tikki,10000,2000,23,1.294874,0.748672,250
1940,oot,10000,1000,8,1.178198,0.629951,1000
1941,empty,10000,500,14,1.114307,0.567534,4000
1942,void,10000,500,3,2.104953,1.559309,4000
1943,extrae,10000,500,11,1.140123,0.594844,4000
1944,oot,10000,1000,9,1.131379,0.582310,1000
1945,scorep,10000,500,9,1.136923,0.588009,4000
1946,void,10000,500,9,1.134299,0.587521,4000
1947,extrae,10000,500,23,1.184505,0.635229,4000
1948,tikki,10000,1000,11,1.152178,0.605580,1000
1949,extrae,10000,1000,11,1.143853,0.597057,1000
195,empty,10000,500,3,2.117299,1.568806,4000
1950,tikki,10000,2000,15,1.240378,0.697048,250
1951,extrae,10000,250,6,1.424981,0.878466,16000
1952,extrae,10000,250,24,1.211389,0.664221,16000
1953,printf,10000,2000,7,1.342948,0.798623,250
1954,extrae,10000,2000,3,2.093812,1.552338,250
1955,printf,10000,2000,15,1.203370,0.660809,250
1956,extrae,10000,250,13,1.147144,0.604402,16000
1957,empty,10000,2000,5,1.520968,0.974854,250
1958,tikki,10000,250,9,1.173658,0.629737,16000
1959,extrae,10000,1000,14,1.158958,0.616489,1000
196,printf,10000,2000,18,1.238914,0.692137,250
1960,printf,10000,1000,13,1.112720,0.566634,1000
1961,empty,10000,1000,8,1.173329,0.628811,1000
1962,printf,10000,250,17,1.111398,0.564489,16000
1963,tikki,10000,1000,10,1.172055,0.627493,1000
1964,extrae,10000,2000,19,1.300567,0.753243,250
1965,printf,10000,1000,22,1.133785,0.588237,1000
1966,scorep,10000,250,4,1.691435,1.144965,16000
1967,scorep,10000,500,2,2.967630,2.418770,4000
1968,scorep,10000,500,14,1.121393,0.568025,4000
1969,extrae,10000,1000,21,1.198625,0.650981,1000
197,void,10000,2000,15,1.198758,0.654443,250
1970,extrae,10000,2000,20,1.314636,0.768742,250
1971,printf,10000,1000,2,2.865031,2.322469,1000
1972,scorep,10000,2000,15,1.210338,0.660680,250
1973,oot,10000,2000,24,1.262737,0.715884,250
1974,scorep,10000,250,1,4.832461,4.287100,16000
1975,printf,10000,250,13,1.100149,0.561444,16000
1976,tikki,10000,1000,22,1.181825,0.626692,1000
1977,scorep,10000,250,6,1.364427,0.816505,16000
1978,oot,10000,250,24,1.117412,0.573023,16000
1979,tikki,10000,1000,1,5.626441,5.081071,1000
198,void,10000,1000,13,1.111393,0.565410,1000
1980,tikki,10000,1000,18,1.172874,0.630865,1000
1981,empty,10000,500,9,1.131932,0.587908,4000
1982,empty,10000,500,17,1.111874,0.561958,4000
1983,empty,10000,1000,17,1.125310,0.573438,1000
1984,extrae,10000,500,1,4.927443,4.379974,4000
1985,extrae,10000,250,2,3.106670,2.566582,16000
1986,scorep,10000,500,5,1.501165,0.950147,4000
1987,empty,10000,250,11,1.103709,0.555170,16000
1988,void,10000,250,9,1.120598,0.573176,16000
1989,extrae,10000,1000,17,1.181613,0.636892,1000
199,oot,10000,2000,6,1.398201,0.850017,250
1990,oot,10000,500,17,1.107301,0.560580,4000
1991,void,10000,500,15,1.107678,0.560555,4000
1992,oot,10000,1000,4,1.677013,1.130740,1000
1993,scorep,10000,500,21,1.112109,0.563529,4000
1994,extrae,10000,250,7,1.324405,0.777357,16000
1995,empty,10000,2000,18,1.234890,0.691454,250
1996,void,10000,1000,8,1.187257,0.639064,1000
1997,extrae,10000,250,23,1.196253,0.652947,16000
1998,printf,10000,2000,16,1.212576,0.667340,250
1999,void,10000,500,24,1.111462,0.565496,4000
2,tikki,10000,2000,7,1.358643,0.807843,250
20,void,10000,500,7,1.266186,0.713147,4000
200,void,10000,1000,12,1.122798,0.578162,1000
2000,void,10000,500,23,1.113999,0.566793,4000
2001,void,10000,2000,3,2.114168,1.568048,250
2002,empty,10000,500,10,1.116570,0.573551,4000
2003,tikki,10000,1000,24,1.178518,0.630359,1000
2004,void,10000,1000,14,1.115989,0.570167,1000
2005,scorep,10000,250,9,1.126554,0.578261,16000
2006,void,10000,2000,17,1.217803,0.674498,250
2007,empty,10000,1000,13,1.116362,0.568033,1000
2008,printf,10000,250,2,2.880274,2.333285,16000
2009,printf,10000,2000,23,1.252564,0.703005,250
201,printf,10000,2000,23,1.250810,0.706189,250
2010,extrae,10000,2000,6,1.410903,0.864525,250
2011,extrae,10000,500,24,1.181905,0.641731,4000
2012,void,10000,250,13,1.107377,0.561082,16000
2013,scorep,10000,250,13,1.110079,0.559694,16000
2014,void,10000,1000,6,1.365350,0.818775,1000
2015,extrae,10000,1000,24,1.212863,0.667781,1000
2016,void,10000,500,20,1.104346,0.562506,4000
2017,extrae,10000,500,11,1.139474,0.592891,4000
2018,scorep,10000,500,15,1.116312,0.564351,4000
2019,extrae,10000,2000,18,1.296315,0.749303,250
202,scorep,10000,2000,22,1.245366,0.699799,250
2020,empty,10000,500,16,1.103001,0.561571,4000
2021,oot,10000,500,18,1.109362,0.562996,4000
2022,oot,10000,1000,24,1.137827,0.589688,1000
2023,oot,10000,2000,3,2.088612,1.542947,250
2024,extrae,10000,2000,24,1.329290,0.787134,250
2025,printf,10000,500,23,1.106205,0.561884,4000
2026,scorep,10000,500,16,1.118699,0.567696,4000
2027,printf,10000,2000,11,1.198143,0.650610,250
2028,extrae,10000,1000,22,1.203243,0.655052,1000
2029,tikki,10000,1000,19,1.174698,0.630691,1000
203,printf,10000,500,17,1.106872,0.561414,4000
2030,tikki,10000,500,17,1.146930,0.608718,4000
2031,tikki,10000,2000,20,1.286289,0.738683,250
2032,scorep,10000,2000,4,1.701013,1.155542,250
2033,scorep,10000,250,11,1.105326,0.554730,16000
2034,oot,10000,250,14,1.114823,0.567158,16000
2035,extrae,10000,500,16,1.159049,0.616529,4000
2036,scorep,10000,1000,23,1.134445,0.583574,1000
2037,oot,10000,2000,23,1.256735,0.708147,250
2038,empty,10000,2000,18,1.231773,0.689151,250
2039,void,10000,500,18,1.104990,0.561153,4000
204,printf,10000,1000,21,1.138214,0.582959,1000
2040,empty,10000,1000,8,1.180106,0.632382,1000
2041,printf,10000,2000,5,1.523661,0.977758,250
2042,printf,10000,2000,19,1.229284,0.688041,250
2043,empty,10000,1000,21,1.121794,0.580694,1000
2044,void,10000,2000,8,1.255118,0.706577,250
2045,printf,10000,250,22,1.114205,0.570270,16000
2046,void,10000,1000,2,2.877619,2.325960,1000
2047,void,10000,1000,4,1.671032,1.126001,1000
2048,extrae,10000,1000,20,1.191187,0.647491,1000
2049,empty,10000,1000,7,1.252716,0.709760,1000
205,tikki,10000,2000,18,1.282837,0.734903,250
2050,extrae,10000,500,19,1.165686,0.622611,4000
2051,extrae,10000,1000,15,1.164961,0.619495,1000
2052,tikki,10000,2000,19,1.284073,0.739623,250
2053,scorep,10000,2000,12,1.193440,0.646273,250
2054,scorep,10000,2000,18,1.237147,0.688188,250
2055,empty,10000,500,12,1.109449,0.568735,4000
2056,extrae,10000,2000,8,1.277886,0.729990,250
2057,empty,10000,2000,1,5.699259,5.138587,250
2058,extrae,10000,250,13,1.137307,0.600206,16000
2059,oot,10000,250,3,2.115505,1.572401,16000
206,empty,10000,1000,12,1.115719,0.570690,1000
2060,void,10000,250,9,1.126397,0.576640,16000
2061,empty,10000,500,22,1.108320,0.562793,4000
2062,oot,10000,500,11,1.104483,0.558096,4000
2063,oot,10000,500,6,1.365000,0.817935,4000
2064,oot,10000,500,17,1.108827,0.561265,4000
2065,void,10000,250,13,1.104128,0.560807,16000
2066,tikki,10000,500,20,1.161964,0.614068,4000
2067,scorep,10000,2000,21,1.261251,0.704490,250
2068,void,10000,500,17,1.104188,0.560946,4000
2069,void,10000,2000,7,1.309661,0.759737,250
207,empty,10000,1000,22,1.132669,0.584678,1000
2070,printf,10000,500,21,1.108567,0.565180,4000
2071,extrae,10000,250,12,1.162431,0.615839,16000
2072,empty,10000,250,1,4.814471,4.264771,16000
2073,printf,10000,250,15,1.101761,0.562188,16000
2074,scorep,10000,500,10,1.126552,0.575609,4000
2075,printf,10000,250,21,1.112498,0.564040,16000
2076,printf,10000,1000,13,1.115337,0.567879,1000
2077,void,10000,1000,8,1.179651,0.633710,1000
2078,void,10000,2000,5,1.533296,0.986122,250
2079,tikki,10000,1000,21,1.183117,0.635537,1000
208,extrae,10000,250,8,1.248297,0.703644,16000
2080,void,10000,2000,19,1.234598,0.688668,250
2081,void,10000,250,20,1.109892,0.567223,16000
2082,tikki,10000,2000,8,1.292499,0.746340,250
2083,extrae,10000,2000,22,1.317440,0.771112,250
2084,empty,10000,2000,19,1.226251,0.682061,250
2085,void,10000,500,16,1.111783,0.562569,4000
2086,empty,10000,500,7,1.268051,0.714806,4000
2087,extrae,10000,2000,11,1.218036,0.671830,250
2088,tikki,10000,500,1,5.707491,5.161057,4000
2089,tikki,10000,250,6,1.406359,0.864423,16000
209,void,10000,500,4,1.689598,1.141509,4000
2090,scorep,10000,250,8,1.183239,0.632860,16000
2091,tikki,10000,500,6,1.409350,0.865652,4000
2092,scorep,10000,1000,3,2.106309,1.556402,1000
2093,printf,10000,1000,17,1.118715,0.575135,1000
2094,printf,10000,2000,1,4.831253,4.281436,250
2095,extrae,10000,250,14,1.162267,0.619355,16000
2096,extrae,10000,250,21,1.187880,0.644721,16000
2097,scorep,10000,1000,12,1.124719,0.575998,1000
2098,empty,10000,500,21,1.107583,0.557846,4000
2099,extrae,10000,250,16,1.166131,0.621471,16000
21,oot,10000,250,11,1.112115,0.563808,16000
210,void,10000,1000,22,1.133727,0.585871,1000
2100,void,10000,250,6,1.349471,0.804423,16000
2101,tikki,10000,1000,7,1.294403,0.745659,1000
2102,empty,10000,1000,2,2.876341,2.327526,1000
2103,empty,10000,1000,14,1.119610,0.572234,1000
2104,scorep,10000,1000,1,4.882550,4.332052,1000
2105,printf,10000,250,8,1.181775,0.638030,16000
2106,extrae,10000,250,24,1.205537,0.662197,16000
2107,oot,10000,500,21,1.108993,0.562966,4000
2108,extrae,10000,1000,12,1.153756,0.609950,1000
2109,extrae,10000,2000,14,1.241073,0.695210,250
211,void,10000,500,24,1.111682,0.563529,4000
2110,empty,10000,500,10,1.120299,0.577023,4000
2111,empty,10000,1000,6,1.365030,0.813723,1000
2112,tikki,10000,1000,24,1.192029,0.633202,1000
2113,tikki,10000,2000,5,1.567313,1.023170,250
2114,void,10000,500,1,4.938773,4.392197,4000
2115,printf,10000,250,19,1.106631,0.566269,16000
2116,extrae,10000,2000,21,1.314956,0.772263,250
2117,empty,10000,1000,16,1.120479,0.573208,1000
2118,empty,10000,250,20,1.110819,0.566274,16000
2119,extrae,10000,2000,12,1.230330,0.682397,250
212,void,10000,1000,5,1.483553,0.933014,1000
2120,void,10000,500,13,1.102322,0.560274,4000
2121,extrae,10000,1000,23,1.206010,0.661772,1000
2122,scorep,10000,1000,5,1.483527,0.935370,1000
2123,void,10000,1000,6,1.351781,0.804036,1000
2124,printf,10000,500,19,1.106061,0.562780,4000
2125,printf,10000,500,20,1.117556,0.566573,4000
2126,empty,10000,2000,2,2.918889,2.373380,250
2127,void,10000,2000,1,4.829000,4.278993,250
2128,empty,10000,2000,11,1.191109,0.649439,250
2129,scorep,10000,2000,17,1.238482,0.686077,250
213,scorep,10000,2000,7,1.336660,0.784568,250
2130,empty,10000,1000,3,2.090047,1.548490,1000
2131,extrae,10000,500,15,1.151487,0.609394,4000
2132,empty,10000,2000,5,1.523763,0.979760,250
2133,extrae,10000,250,22,1.198266,0.652144,16000
2134,tikki,10000,2000,14,1.251956,0.704589,250
2135,scorep,10000,2000,13,1.190024,0.644098,250
2136,oot,10000,250,24,1.113757,0.569143,16000
2137,empty,10000,500,2,2.934887,2.388984,4000
2138,scorep,10000,2000,9,1.206409,0.653581,250
2139,void,10000,250,24,1.113273,0.569596,16000
214,scorep,10000,500,18,1.111475,0.562700,4000
2140,empty,10000,500,8,1.188270,0.642519,4000
2141,oot,10000,1000,13,1.111548,0.567493,1000
2142,empty,10000,1000,18,1.126660,0.580750,1000
2143,void,10000,500,14,1.109919,0.564285,4000
2144,printf,10000,500,11,1.104888,0.558376,4000
2145,scorep,10000,2000,10,1.194847,0.646064,250
2146,scorep,10000,250,21,1.114033,0.567351,16000
2147,void,10000,2000,9,1.199393,0.650279,250
2148,empty,10000,250,14,1.114371,0.567395,16000
2149,scorep,10000,500,21,1.116116,0.562798,4000
215,scorep,10000,1000,23,1.131247,0.589688,1000
2150,tikki,10000,250,23,1.161016,0.610062,16000
2151,printf,10000,2000,6,1.412295,0.861763,250
2152,scorep,10000,250,1,4.844620,4.293670,16000
2153,oot,10000,500,23,1.101286,0.560054,4000
2154,tikki,10000,500,3,2.168549,1.619445,4000
2155,extrae,10000,1000,19,1.185153,0.640020,1000
2156,empty,10000,500,20,1.116928,0.570899,4000
2157,tikki,10000,1000,11,1.171718,0.620660,1000
2158,extrae,10000,1000,13,1.155512,0.610483,1000
2159,scorep,10000,500,22,1.116770,0.567230,4000
216,oot,10000,250,16,1.118250,0.570150,16000
2160,scorep,10000,2000,20,1.256420,0.704034,250
2161,oot,10000,500,10,1.121957,0.576312,4000
2162,oot,10000,2000,1,4.833620,4.281710,250
2163,printf,10000,2000,4,1.701716,1.157198,250
2164,scorep,10000,1000,17,1.122383,0.575922,1000
2165,printf,10000,1000,10,1.121489,0.575604,1000
2166,extrae,10000,1000,17,1.177601,0.632180,1000
2167,extrae,10000,2000,16,1.261174,0.717002,250
2168,void,10000,250,17,1.109455,0.564264,16000
2169,extrae,10000,250,7,1.318406,0.773053,16000
217,empty,10000,2000,13,1.190715,0.643317,250
2170,scorep,10000,250,22,1.119745,0.569801,16000
2171,printf,10000,1000,19,1.129485,0.580211,1000
2172,tikki,10000,250,2,2.954112,2.405478,16000
2173,tikki,10000,1000,8,1.222982,0.676267,1000
2174,empty,10000,2000,14,1.202170,0.655373,250
2175,extrae,10000,2000,6,1.413067,0.866048,250
2176,empty,10000,2000,16,1.205357,0.660084,250
2177,printf,10000,2000,22,1.246781,0.705618,250
2178,extrae,10000,1000,21,1.195187,0.651703,1000
2179,tikki,10000,250,13,1.144698,0.603131,16000
218,void,10000,2000,20,1.242780,0.698465,250
2180,tikki,10000,250,22,1.165595,0.618966,16000
2181,empty,10000,250,17,1.118584,0.564144,16000
2182,tikki,10000,500,19,1.146571,0.601796,4000
2183,printf,10000,2000,13,1.187730,0.643078,250
2184,tikki,10000,250,16,1.157636,0.615149,16000
2185,printf,10000,1000,6,1.363913,0.815881,1000
2186,printf,10000,250,1,4.837772,4.292172,16000
2187,scorep,10000,500,12,1.115026,0.575255,4000
2188,void,10000,250,15,1.107992,0.562043,16000
2189,printf,10000,500,14,1.112992,0.566740,4000
219,tikki,10000,250,4,1.772321,1.228369,16000
2190,printf,10000,250,5,1.487132,0.942450,16000
2191,oot,10000,2000,20,1.242931,0.697630,250
2192,oot,10000,1000,14,1.113767,0.572089,1000
2193,void,10000,250,4,1.680681,1.130530,16000
2194,printf,10000,1000,16,1.117492,0.570735,1000
2195,scorep,10000,1000,15,1.118731,0.571196,1000
2196,extrae,10000,250,2,3.137586,2.590212,16000
2197,tikki,10000,2000,15,1.262675,0.714397,250
2198,printf,10000,250,2,2.870256,2.327784,16000
2199,void,10000,2000,22,1.258204,0.706290,250
22,tikki,10000,1000,1,5.626287,5.079178,1000
220,void,10000,1000,15,1.124954,0.570168,1000
2200,empty,10000,500,14,1.106601,0.563617,4000
2201,void,10000,1000,23,1.135853,0.585976,1000
2202,oot,10000,2000,11,1.186245,0.640687,250
2203,extrae,10000,500,8,1.213530,0.670671,4000
2204,oot,10000,1000,16,1.123955,0.574652,1000
2205,tikki,10000,2000,16,1.264456,0.715076,250
2206,scorep,10000,1000,20,1.132221,0.583190,1000
2207,tikki,10000,1000,1,5.648738,5.101566,1000
2208,void,10000,250,22,1.104861,0.566512,16000
2209,tikki,10000,500,23,1.157446,0.608226,4000
221,printf,10000,1000,12,1.118029,0.571322,1000
2210,scorep,10000,250,15,1.110633,0.559652,16000
2211,extrae,10000,250,8,1.249374,0.702414,16000
2212,oot,10000,500,8,1.190796,0.643217,4000
2213,scorep,10000,500,23,1.117513,0.565187,4000
2214,oot,10000,500,12,1.128303,0.571918,4000
2215,scorep,10000,2000,23,1.260672,0.709775,250
2216,oot,10000,2000,7,1.321167,0.775515,250
2217,oot,10000,250,23,1.114831,0.568917,16000
2218,printf,10000,1000,12,1.120645,0.575135,1000
2219,empty,10000,500,23,1.110831,0.562279,4000
222,void,10000,250,22,1.115846,0.568154,16000
2220,scorep,10000,500,18,1.112424,0.563471,4000
2221,scorep,10000,1000,24,1.142512,0.586144,1000
2222,extrae,10000,500,23,1.187194,0.638581,4000
2223,tikki,10000,500,14,1.157021,0.607250,4000
2224,tikki,10000,1000,15,1.163182,0.615746,1000
2225,extrae,10000,1000,16,1.168177,0.622665,1000
2226,scorep,10000,500,19,1.110087,0.562873,4000
2227,void,10000,250,18,1.119730,0.566821,16000
2228,void,10000,250,2,2.844665,2.297937,16000
2229,void,10000,2000,14,1.210657,0.655138,250
223,printf,10000,500,9,1.135838,0.589345,4000
2230,tikki,10000,250,19,1.159985,0.614468,16000
2231,oot,10000,250,5,1.490438,0.944674,16000
2232,scorep,10000,1000,4,1.673735,1.124399,1000
2233,tikki,10000,250,20,1.155185,0.611310,16000
2234,oot,10000,500,14,1.116777,0.567660,4000
2235,printf,10000,500,8,1.191786,0.641100,4000
2236,extrae,10000,2000,4,1.698102,1.146284,250
2237,tikki,10000,1000,4,1.729302,1.184654,1000
2238,empty,10000,1000,11,1.114299,0.563068,1000
2239,printf,10000,1000,14,1.112477,0.569951,1000
224,scorep,10000,500,24,1.118538,0.566225,4000
2240,oot,10000,2000,4,1.697074,1.154846,250
2241,void,10000,1000,17,1.123648,0.576170,1000
2242,void,10000,500,7,1.261138,0.713056,4000
2243,tikki,10000,2000,4,1.748976,1.199982,250
2244,empty,10000,1000,1,4.874958,4.331755,1000
2245,empty,10000,2000,12,1.184979,0.644094,250
2246,void,10000,1000,16,1.123905,0.578438,1000
2247,scorep,10000,500,7,1.263504,0.713988,4000
2248,empty,10000,250,13,1.105417,0.555341,16000
2249,void,10000,250,21,1.110972,0.562848,16000
225,scorep,10000,500,17,1.117353,0.565249,4000
2250,scorep,10000,250,3,2.111504,1.563858,16000
2251,printf,10000,500,1,4.946409,4.396993,4000
2252,tikki,10000,500,15,1.134876,0.596766,4000
2253,tikki,10000,500,4,1.733875,1.189513,4000
2254,printf,10000,1000,4,1.671166,1.122740,1000
2255,tikki,10000,500,18,1.155539,0.609976,4000
2256,extrae,10000,500,2,2.984444,2.431712,4000
2257,tikki,10000,1000,22,1.185200,0.632289,1000
2258,void,10000,2000,17,1.231011,0.687562,250
2259,empty,10000,2000,15,1.204526,0.657355,250
226,empty,10000,250,15,1.112610,0.563840,16000
2260,oot,10000,500,20,1.106290,0.564699,4000
2261,extrae,10000,250,20,1.188231,0.642545,16000
2262,extrae,10000,250,10,1.167075,0.621910,16000
2263,empty,10000,250,6,1.349184,0.803201,16000
2264,oot,10000,1000,8,1.175028,0.630792,1000
2265,oot,10000,1000,21,1.127212,0.580759,1000
2266,printf,10000,1000,3,2.079247,1.537213,1000
2267,tikki,10000,250,1,5.627318,5.082726,16000
2268,printf,10000,2000,14,1.194275,0.655957,250
2269,tikki,10000,500,9,1.178612,0.629622,4000
227,void,10000,500,18,1.114959,0.564336,4000
2270,tikki,10000,1000,23,1.180369,0.632848,1000
2271,printf,10000,2000,2,2.866650,2.320409,250
2272,printf,10000,1000,8,1.181200,0.634549,1000
2273,void,10000,500,6,1.365911,0.819801,4000
2274,void,10000,500,15,1.106467,0.561256,4000
2275,void,10000,250,14,1.112437,0.567356,16000
2276,empty,10000,250,10,1.117579,0.569328,16000
2277,oot,10000,250,7,1.248182,0.699926,16000
2278,extrae,10000,500,4,1.712337,1.163834,4000
2279,oot,10000,500,15,1.113485,0.564106,4000
228,extrae,10000,1000,23,1.211082,0.660188,1000
2280,tikki,10000,250,17,1.153813,0.607254,16000
2281,void,10000,500,4,1.681544,1.135422,4000
2282,tikki,10000,2000,1,5.547658,4.995768,250
2283,oot,10000,500,1,4.935691,4.395320,4000
2284,oot,10000,250,22,1.113702,0.574604,16000
2285,printf,10000,1000,5,1.482399,0.937189,1000
2286,oot,10000,250,21,1.115219,0.564622,16000
2287,empty,10000,1000,15,1.116735,0.570732,1000
2288,scorep,10000,2000,19,1.230781,0.683892,250
2289,oot,10000,500,24,1.108453,0.566103,4000
229,oot,10000,250,6,1.365737,0.819730,16000
2290,scorep,10000,1000,10,1.130477,0.576577,1000
2291,void,10000,500,9,1.133393,0.589021,4000
2292,oot,10000,1000,12,1.119341,0.573464,1000
2293,empty,10000,250,3,2.089356,1.544631,16000
2294,oot,10000,1000,3,2.097577,1.553085,1000
2295,printf,10000,2000,15,1.208739,0.661257,250
2296,printf,10000,2000,24,1.247631,0.704668,250
2297,tikki,10000,2000,23,1.297909,0.754413,250
2298,extrae,10000,500,7,1.277879,0.735464,4000
2299,void,10000,500,11,1.109078,0.561427,4000
23,scorep,10000,500,6,1.365172,0.819380,4000
230,empty,10000,2000,22,1.255810,0.708011,250
2300,tikki,10000,250,15,1.154407,0.606612,16000
2301,oot,10000,1000,6,1.358635,0.812463,1000
2302,scorep,10000,250,23,1.114752,0.566374,16000
2303,void,10000,500,10,1.122702,0.577786,4000
2304,scorep,10000,2000,11,1.200999,0.651878,250
2305,extrae,10000,250,15,1.158631,0.614330,16000
2306,empty,10000,2000,9,1.192028,0.647733,250
2307,scorep,10000,500,3,2.123803,1.574647,4000
2308,empty,10000,1000,22,1.130126,0.583193,1000
2309,oot,10000,2000,12,1.194699,0.650036,250
231,extrae,10000,1000,10,1.155398,0.607934,1000
2310,scorep,10000,500,8,1.191254,0.646641,4000
2311,empty,10000,500,5,1.493570,0.945567,4000
2312,printf,10000,250,13,1.104935,0.560410,16000
2313,oot,10000,500,3,2.117455,1.569510,4000
2314,scorep,10000,250,19,1.113254,0.566887,16000
2315,void,10000,1000,19,1.125769,0.579527,1000
2316,oot,10000,2000,2,2.866746,2.320239,250
2317,empty,10000,2000,22,1.253741,0.707769,250
2318,extrae,10000,250,19,1.171074,0.629709,16000
2319,scorep,10000,1000,21,1.135582,0.584488,1000
232,extrae,10000,2000,20,1.310467,0.766437,250
2320,printf,10000,2000,8,1.240429,0.697338,250
2321,extrae,10000,500,22,1.179726,0.634708,4000
2322,scorep,10000,1000,7,1.263078,0.714490,1000
2323,extrae,10000,2000,17,1.284464,0.741827,250
2324,scorep,10000,250,5,1.487038,0.941555,16000
2325,printf,10000,250,16,1.114581,0.570979,16000
2326,oot,10000,250,12,1.119529,0.570534,16000
2327,extrae,10000,500,17,1.163725,0.619419,4000
2328,void,10000,1000,1,4.881652,4.334700,1000
2329,tikki,10000,250,9,1.168541,0.626678,16000
233,empty,10000,250,9,1.132923,0.589765,16000
2330,printf,10000,1000,11,1.106272,0.562685,1000
2331,tikki,10000,500,7,1.296686,0.752261,4000
2332,tikki,10000,1000,20,1.174480,0.628840,1000
2333,tikki,10000,2000,21,1.280488,0.735746,250
2334,tikki,10000,1000,16,1.158780,0.612575,1000
2335,void,10000,500,5,1.490857,0.945067,4000
2336,printf,10000,500,12,1.120584,0.574696,4000
2337,tikki,10000,2000,18,1.294717,0.743474,250
2338,printf,10000,500,5,1.491281,0.950328,4000
2339,void,10000,2000,12,1.196364,0.647073,250
234,scorep,10000,500,19,1.115185,0.561904,4000
2340,void,10000,2000,23,1.248398,0.703931,250
2341,extrae,10000,1000,4,1.670620,1.128647,1000
2342,empty,10000,500,11,1.103485,0.560762,4000
2343,oot,10000,2000,17,1.223969,0.678538,250
2344,oot,10000,250,2,2.927385,2.382579,16000
2345,empty,10000,250,22,1.108403,0.564310,16000
2346,empty,10000,500,18,1.106196,0.564460,4000
2347,oot,10000,500,22,1.111581,0.564524,4000
2348,empty,10000,1000,23,1.130546,0.584404,1000
2349,extrae,10000,1000,3,2.089995,1.547215,1000
235,empty,10000,2000,16,1.218972,0.671139,250
2350,scorep,10000,250,14,1.115960,0.567215,16000
2351,extrae,10000,2000,5,1.545285,1.000220,250
2352,empty,10000,2000,7,1.319561,0.779101,250
2353,tikki,10000,2000,6,1.452351,0.905479,250
2354,void,10000,2000,6,1.409843,0.865674,250
2355,printf,10000,2000,20,1.238071,0.697606,250
2356,extrae,10000,500,1,4.926884,4.384750,4000
2357,printf,10000,250,20,1.106552,0.568885,16000
2358,scorep,10000,2000,2,2.891685,2.341466,250
2359,scorep,10000,500,20,1.113277,0.563255,4000
236,printf,10000,500,23,1.104929,0.560359,4000
2360,oot,10000,500,9,1.133965,0.586800,4000
2361,scorep,10000,1000,16,1.120734,0.572649,1000
2362,oot,10000,250,19,1.110244,0.566657,16000
2363,oot,10000,250,4,1.679299,1.132254,16000
2364,scorep,10000,500,2,2.949775,2.405307,4000
2365,tikki,10000,500,16,1.155033,0.604907,4000
2366,empty,10000,2000,24,1.262028,0.713625,250
2367,empty,10000,250,5,1.485567,0.936412,16000
2368,extrae,10000,500,6,1.391536,0.843825,4000
2369,scorep,10000,500,1,4.951269,4.401078,4000
237,empty,10000,250,8,1.180377,0.632097,16000
2370,tikki,10000,1000,10,1.174189,0.635149,1000
2371,tikki,10000,2000,10,1.256765,0.710898,250
2372,empty,10000,2000,21,1.244444,0.698689,250
2373,oot,10000,2000,19,1.240081,0.697165,250
2374,oot,10000,1000,15,1.115416,0.571512,1000
2375,oot,10000,1000,2,2.876282,2.327013,1000
2376,scorep,10000,2000,15,1.207104,0.653966,250
2377,extrae,10000,250,17,1.169884,0.629256,16000
2378,oot,10000,500,2,2.947513,2.398112,4000
2379,oot,10000,2000,24,1.271063,0.717439,250
238,extrae,10000,250,21,1.190590,0.646825,16000
2380,scorep,10000,1000,18,1.128335,0.580618,1000
2381,extrae,10000,1000,6,1.376539,0.829293,1000
2382,extrae,10000,2000,20,1.313128,0.766331,250
2383,scorep,10000,2000,1,4.828700,4.278552,250
2384,extrae,10000,1000,10,1.148199,0.606417,1000
2385,printf,10000,250,18,1.117932,0.570580,16000
2386,void,10000,250,1,4.835249,4.287006,16000
2387,void,10000,250,16,1.109743,0.569848,16000
2388,printf,10000,250,11,1.098684,0.553450,16000
2389,printf,10000,500,2,2.940924,2.399035,4000
239,printf,10000,250,19,1.116989,0.566581,16000
2390,empty,10000,1000,5,1.479585,0.927924,1000
2391,printf,10000,500,15,1.099682,0.558911,4000
2392,extrae,10000,250,6,1.434325,0.886195,16000
2393,scorep,10000,250,2,2.929702,2.378757,16000
2394,tikki,10000,1000,18,1.173819,0.622110,1000
2395,printf,10000,250,24,1.113677,0.568837,16000
2396,tikki,10000,1000,12,1.167494,0.622413,1000
2397,void,10000,2000,13,1.192994,0.646515,250
2398,empty,10000,2000,23,1.247810,0.706853,250
2399,extrae,10000,250,9,1.183951,0.643071,16000
24,empty,10000,250,21,1.118860,0.570315,16000
240,scorep,10000,1000,9,1.133371,0.582574,1000
2400,oot,10000,2000,13,1.190700,0.644733,250
2401,oot,10000,2000,14,1.200507,0.653657,250
2402,void,10000,500,2,2.940125,2.392226,4000
2403,printf,10000,250,17,1.113990,0.563336,16000
2404,oot,10000,250,17,1.114645,0.566782,16000
2405,extrae,10000,250,5,1.561401,1.016655,16000
2406,void,10000,1000,13,1.113609,0.567752,1000
2407,scorep,10000,500,17,1.111449,0.563352,4000
2408,void,10000,2000,15,1.205337,0.655058,250
2409,empty,10000,1000,4,1.678731,1.132081,1000
241,scorep,10000,1000,5,1.491775,0.945362,1000
2410,void,10000,2000,10,1.188798,0.644994,250
2411,tikki,10000,2000,12,1.235541,0.692227,250
2412,void,10000,2000,4,1.709651,1.166911,250
2413,printf,10000,2000,3,2.112985,1.569170,250
2414,void,10000,500,22,1.108944,0.564496,4000
2415,tikki,10000,500,22,1.172716,0.623705,4000
2416,printf,10000,1000,1,4.877826,4.326025,1000
2417,extrae,10000,500,13,1.142130,0.603824,4000
2418,scorep,10000,250,17,1.116343,0.563890,16000
2419,empty,10000,250,16,1.111476,0.568023,16000
242,void,10000,250,4,1.697574,1.153910,16000
2420,tikki,10000,500,12,1.160692,0.617233,4000
2421,printf,10000,500,3,2.096075,1.544804,4000
2422,printf,10000,2000,7,1.325374,0.781423,250
2423,void,10000,2000,24,1.255154,0.710762,250
2424,oot,10000,2000,21,1.243204,0.699603,250
2425,extrae,10000,1000,24,1.211872,0.669484,1000
2426,empty,10000,250,11,1.100070,0.554052,16000
2427,empty,10000,2000,17,1.229840,0.683662,250
2428,empty,10000,500,9,1.128826,0.587286,4000
2429,empty,10000,1000,10,1.125946,0.577159,1000
243,extrae,10000,250,1,4.881155,4.337405,16000
2430,scorep,10000,2000,16,1.221722,0.670285,250
2431,tikki,10000,1000,3,2.129268,1.584677,1000
2432,extrae,10000,250,11,1.144490,0.600009,16000
2433,scorep,10000,500,4,1.697390,1.147942,4000
2434,scorep,10000,250,24,1.123266,0.570359,16000
2435,oot,10000,1000,18,1.126362,0.578572,1000
2436,empty,10000,250,24,1.113743,0.571944,16000
2437,void,10000,250,8,1.176338,0.631798,16000
2438,tikki,10000,250,5,1.536312,0.991460,16000
2439,empty,10000,250,8,1.170574,0.626973,16000
244,oot,10000,500,10,1.116817,0.574956,4000
2440,tikki,10000,2000,11,1.228425,0.681754,250
2441,extrae,10000,1000,7,1.269866,0.728507,1000
2442,extrae,10000,1000,11,1.140800,0.599004,1000
2443,void,10000,2000,18,1.232155,0.687793,250
2444,void,10000,500,23,1.105858,0.562710,4000
2445,tikki,10000,1000,14,1.167779,0.620584,1000
2446,empty,10000,1000,24,1.135451,0.589453,1000
2447,tikki,10000,500,11,1.140348,0.597576,4000
2448,printf,10000,500,17,1.112463,0.562857,4000
2449,void,10000,500,21,1.107432,0.562331,4000
245,printf,10000,1000,6,1.364491,0.812014,1000
2450,extrae,10000,2000,19,1.301413,0.755949,250
2451,empty,10000,1000,13,1.110596,0.566246,1000
2452,tikki,10000,2000,24,1.293448,0.748501,250
2453,empty,10000,2000,6,1.409970,0.863869,250
2454,scorep,10000,500,14,1.112446,0.566553,4000
2455,oot,10000,1000,5,1.483402,0.932170,1000
2456,oot,10000,500,16,1.110628,0.562691,4000
2457,oot,10000,1000,1,4.882109,4.331230,1000
2458,printf,10000,1000,22,1.122735,0.583874,1000
2459,scorep,10000,250,20,1.115698,0.566686,16000
246,oot,10000,1000,18,1.125654,0.579631,1000
2460,scorep,10000,1000,19,1.129465,0.580492,1000
2461,extrae,10000,500,18,1.176195,0.621770,4000
2462,oot,10000,250,13,1.110328,0.562050,16000
2463,empty,10000,250,19,1.114936,0.566094,16000
2464,empty,10000,250,18,1.113285,0.564782,16000
2465,tikki,10000,500,5,1.541763,0.994573,4000
2466,scorep,10000,250,6,1.361754,0.809340,16000
2467,oot,10000,1000,7,1.251063,0.706491,1000
2468,printf,10000,250,10,1.117124,0.569850,16000
2469,printf,10000,2000,18,1.236506,0.693232,250
247,empty,10000,500,16,1.106538,0.559588,4000
2470,oot,10000,2000,22,1.251082,0.709686,250
2471,scorep,10000,2000,14,1.205882,0.656999,250
2472,void,10000,250,19,1.110940,0.566407,16000
2473,extrae,10000,500,5,1.505441,0.961463,4000
2474,empty,10000,250,15,1.103191,0.560746,16000
2475,empty,10000,2000,3,2.099370,1.556521,250
2476,extrae,10000,1000,14,1.161613,0.618594,1000
2477,empty,10000,250,4,1.671418,1.128343,16000
2478,void,10000,2000,21,1.242680,0.698481,250
2479,empty,10000,2000,20,1.238318,0.696997,250
248,void,10000,250,7,1.262076,0.714764,16000
2480,void,10000,1000,20,1.132478,0.581796,1000
2481,oot,10000,2000,15,1.200568,0.656518,250
2482,tikki,10000,2000,13,1.228261,0.684172,250
2483,empty,10000,500,17,1.103159,0.560909,4000
2484,oot,10000,2000,10,1.192074,0.645105,250
2485,void,10000,1000,18,1.123461,0.579257,1000
2486,printf,10000,2000,23,1.240758,0.696644,250
2487,oot,10000,2000,8,1.238447,0.691076,250
2488,void,10000,500,12,1.114808,0.571362,4000
2489,printf,10000,500,24,1.114227,0.563236,4000
249,void,10000,2000,11,1.187456,0.639435,250
2490,void,10000,250,10,1.113394,0.567404,16000
2491,void,10000,2000,11,1.195289,0.648880,250
2492,printf,10000,1000,7,1.251124,0.709011,1000
2493,scorep,10000,1000,11,1.117154,0.570640,1000
2494,printf,10000,250,6,1.363701,0.813165,16000
2495,extrae,10000,2000,13,1.231406,0.684958,250
2496,extrae,10000,250,3,2.182834,1.639697,16000
2497,void,10000,500,3,2.127850,1.580973,4000
2498,oot,10000,2000,5,1.513978,0.967974,250
2499,extrae,10000,1000,18,1.185696,0.637854,1000
25,printf,10000,250,3,2.145029,1.596514,16000
250,void,10000,2000,22,1.257375,0.714858,250
2500,printf,10000,2000,21,1.240211,0.698202,250
2501,empty,10000,500,19,1.106734,0.562493,4000
2502,printf,10000,250,23,1.115686,0.568812,16000
2503,scorep,10000,2000,3,2.108145,1.556660,250
2504,oot,10000,1000,19,1.123013,0.579515,1000
2505,printf,10000,500,16,1.110310,0.563917,4000
2506,tikki,10000,1000,5,1.518393,0.970131,1000
2507,tikki,10000,250,14,1.163661,0.619242,16000
2508,tikki,10000,250,21,1.166437,0.618468,16000
2509,tikki,10000,1000,2,2.956727,2.406537,1000
251,tikki,10000,500,6,1.417147,0.872394,4000
2510,printf,10000,250,3,2.101746,1.554193,16000
2511,scorep,10000,1000,8,1.179925,0.631886,1000
2512,printf,10000,1000,21,1.131412,0.583231,1000
2513,empty,10000,500,6,1.363445,0.819856,4000
2514,void,10000,2000,16,1.210309,0.660769,250
2515,empty,10000,500,4,1.692730,1.149180,4000
2516,empty,10000,250,9,1.133641,0.581236,16000
2517,void,10000,250,7,1.256771,0.707928,16000
2518,empty,10000,1000,20,1.132979,0.584253,1000
2519,empty,10000,2000,10,1.198986,0.650793,250
252,empty,10000,2000,18,1.242461,0.692698,250
2520,empty,10000,1000,19,1.121289,0.579052,1000
2521,tikki,10000,500,2,3.023791,2.477041,4000
2522,empty,10000,2000,4,1.702645,1.153769,250
2523,printf,10000,1000,24,1.134792,0.588080,1000
2524,printf,10000,500,13,1.106321,0.559818,4000
2525,tikki,10000,250,4,1.760555,1.210861,16000
2526,extrae,10000,250,23,1.200406,0.654406,16000
2527,oot,10000,500,7,1.263858,0.717542,4000
2528,extrae,10000,500,21,1.171875,0.626735,4000
2529,empty,10000,500,13,1.109994,0.561133,4000
253,extrae,10000,500,9,1.164814,0.618313,4000
2530,void,10000,500,8,1.186890,0.635328,4000
2531,tikki,10000,500,24,1.168046,0.616380,4000
2532,tikki,10000,250,8,1.229120,0.677655,16000
2533,empty,10000,250,23,1.112326,0.564556,16000
2534,scorep,10000,1000,2,2.912239,2.360178,1000
2535,void,10000,1000,14,1.118305,0.570197,1000
2536,void,10000,1000,10,1.126925,0.582161,1000
2537,extrae,10000,2000,3,2.117054,1.572192,250
2538,oot,10000,1000,10,1.123024,0.575799,1000
2539,empty,10000,500,15,1.103261,0.559751,4000
254,oot,10000,500,2,2.932082,2.385563,4000
2540,printf,10000,500,22,1.116952,0.568636,4000
2541,scorep,10000,250,7,1.260387,0.706042,16000
2542,tikki,10000,2000,22,1.290219,0.743421,250
2543,oot,10000,250,10,1.109812,0.567616,16000
2544,scorep,10000,2000,7,1.334613,0.781692,250
2545,void,10000,250,23,1.111405,0.568218,16000
2546,tikki,10000,250,7,1.309553,0.765711,16000
2547,scorep,10000,2000,24,1.258619,0.687925,250
2548,empty,10000,2000,13,1.187892,0.643432,250
2549,tikki,10000,500,8,1.235514,0.691266,4000
255,scorep,10000,2000,18,1.249673,0.692137,250
2550,printf,10000,1000,23,1.130951,0.583687,1000
2551,tikki,10000,1000,13,1.150816,0.607344,1000
2552,oot,10000,1000,9,1.126463,0.580833,1000
2553,oot,10000,250,1,4.820061,4.275517,16000
2554,scorep,10000,1000,13,1.113487,0.568827,1000
2555,extrae,10000,500,20,1.180034,0.631534,4000
2556,empty,10000,500,3,2.095912,1.545903,4000
2557,scorep,10000,250,13,1.116149,0.559839,16000
2558,scorep,10000,250,12,1.120843,0.573209,16000
2559,empty,10000,1000,17,1.118512,0.575168,1000
256,void,10000,500,17,1.105478,0.560989,4000
2560,scorep,10000,250,16,1.117916,0.570540,16000
2561,empty,10000,1000,12,1.120127,0.572276,1000
2562,scorep,10000,250,9,1.135481,0.599864,16000
2563,void,10000,250,3,2.064905,1.522660,16000
2564,oot,10000,500,4,1.697706,1.148870,4000
2565,scorep,10000,2000,8,1.247367,0.692753,250
2566,extrae,10000,1000,2,2.919239,2.370793,1000
2567,void,10000,1000,11,1.120314,0.568873,1000
2568,scorep,10000,500,6,1.369048,0.820531,4000
2569,scorep,10000,250,18,1.117871,0.569543,16000
257,scorep,10000,1000,14,1.124205,0.571836,1000
2570,oot,10000,1000,22,1.136451,0.586045,1000
2571,oot,10000,250,9,1.122700,0.576937,16000
2572,extrae,10000,2000,1,4.808684,4.263097,250
2573,extrae,10000,500,3,2.084657,1.545208,4000
2574,tikki,10000,2000,9,1.243706,0.692811,250
2575,tikki,10000,500,13,1.140935,0.598094,4000
2576,scorep,10000,500,11,1.111426,0.561493,4000
2577,scorep,10000,1000,14,1.116480,0.578813,1000
2578,oot,10000,1000,11,1.112749,0.565557,1000
2579,tikki,10000,250,10,1.163166,0.616708,16000
258,oot,10000,1000,4,1.668658,1.124899,1000
2580,scorep,10000,500,5,1.500780,0.950519,4000
2581,scorep,10000,500,13,1.112253,0.560822,4000
2582,extrae,10000,2000,2,2.855042,2.307080,250
2583,extrae,10000,2000,9,1.236594,0.692146,250
2584,empty,10000,500,1,4.937521,4.390369,4000
2585,extrae,10000,500,12,1.144686,0.607430,4000
2586,void,10000,500,19,1.110836,0.560337,4000
2587,printf,10000,250,14,1.119133,0.569365,16000
2588,oot,10000,500,5,1.491351,0.945985,4000
2589,scorep,10000,250,10,1.123333,0.569279,16000
259,tikki,10000,1000,6,1.395529,0.851057,1000
2590,tikki,10000,1000,17,1.163420,0.617837,1000
2591,extrae,10000,500,14,1.154922,0.609331,4000
2592,void,10000,1000,7,1.253785,0.707116,1000
2593,printf,10000,1000,9,1.126899,0.580974,1000
2594,extrae,10000,500,24,1.192552,0.647869,4000
2595,void,10000,1000,12,1.126971,0.575536,1000
2596,scorep,10000,500,24,1.115280,0.565823,4000
2597,printf,10000,500,4,1.689432,1.144622,4000
2598,printf,10000,2000,10,1.192020,0.643159,250
2599,oot,10000,2000,16,1.208279,0.662797,250
26,void,10000,2000,10,1.203840,0.655924,250
260,tikki,10000,1000,17,1.162107,0.616637,1000
2600,tikki,10000,250,18,1.162388,0.614857,16000
2601,oot,10000,1000,4,1.663918,1.116376,1000
2602,printf,10000,1000,18,1.126354,0.579021,1000
2603,extrae,10000,500,9,1.164223,0.620170,4000
2604,void,10000,2000,2,2.787018,2.241994,250
2605,extrae,10000,1000,5,1.493459,0.952386,1000
2606,extrae,10000,500,10,1.150972,0.606329,4000
2607,tikki,10000,250,24,1.169550,0.623862,16000
2608,oot,10000,500,13,1.113510,0.563095,4000
2609,extrae,10000,2000,23,1.318954,0.771598,250
261,tikki,10000,1000,10,1.172021,0.623395,1000
2610,extrae,10000,250,1,4.839112,4.292035,16000
2611,void,10000,1000,5,1.477689,0.938251,1000
2612,extrae,10000,2000,10,1.234106,0.684846,250
2613,printf,10000,2000,12,1.185942,0.643263,250
2614,scorep,10000,1000,6,1.354144,0.818123,1000
2615,oot,10000,250,8,1.178261,0.635144,16000
2616,void,10000,2000,3,2.054470,1.508532,250
2617,printf,10000,1000,15,1.115162,0.570424,1000
2618,scorep,10000,2000,6,1.414347,0.866128,250
2619,printf,10000,500,7,1.262000,0.717435,4000
262,void,10000,250,17,1.112873,0.565223,16000
2620,extrae,10000,250,4,1.766299,1.220470,16000
2621,oot,10000,250,11,1.108671,0.559045,16000
2622,oot,10000,250,18,1.118767,0.570804,16000
2623,tikki,10000,2000,7,1.345271,0.801638,250
2624,extrae,10000,1000,8,1.199867,0.655456,1000
2625,void,10000,500,20,1.107326,0.562977,4000
2626,empty,10000,250,2,2.857719,2.310471,16000
2627,tikki,10000,1000,9,1.175758,0.624872,1000
2628,tikki,10000,500,10,1.159785,0.614789,4000
2629,empty,10000,250,12,1.113940,0.567877,16000
263,void,10000,500,9,1.133675,0.585958,4000
2630,scorep,10000,250,4,1.694032,1.141716,16000
2631,tikki,10000,250,12,1.158014,0.608629,16000
2632,void,10000,1000,9,1.123686,0.578627,1000
2633,empty,10000,2000,8,1.239554,0.694461,250
2634,tikki,10000,500,21,1.153363,0.609149,4000
2635,void,10000,250,11,1.103609,0.555591,16000
2636,void,10000,500,24,1.109822,0.562763,4000
2637,scorep,10000,2000,5,1.526138,0.975432,250
2638,extrae,10000,1000,9,1.147964,0.605793,1000
2639,void,10000,1000,24,1.134778,0.588487,1000
264,printf,10000,1000,17,1.132161,0.577228,1000
2640,printf,10000,2000,16,1.214183,0.670210,250
2641,oot,10000,2000,6,1.396936,0.849277,250
2642,tikki,10000,2000,3,2.119275,1.573099,250
2643,tikki,10000,250,11,1.155256,0.610290,16000
2644,void,10000,1000,21,1.128099,0.581643,1000
2645,tikki,10000,2000,17,1.269597,0.724709,250
2646,printf,10000,500,9,1.133626,0.589554,4000
2647,printf,10000,2000,9,1.194489,0.650476,250
2648,scorep,10000,2000,22,1.249606,0.703183,250
2649,oot,10000,250,6,1.360646,0.814872,16000
265,void,10000,500,15,1.105821,0.559145,4000
2650,void,10000,1000,15,1.113222,0.568306,1000
2651,printf,10000,1000,2,2.846675,2.303676,1000
2652,void,10000,250,12,1.117157,0.567121,16000
2653,empty,10000,250,21,1.113033,0.567213,16000
2654,printf,10000,2000,17,1.230379,0.686086,250
2655,printf,10000,1000,20,1.127439,0.584254,1000
2656,extrae,10000,2000,15,1.244726,0.704387,250
2657,oot,10000,2000,18,1.232861,0.689755,250
2658,empty,10000,500,24,1.108593,0.564134,4000
2659,printf,10000,500,10,1.121822,0.574834,4000
266,tikki,10000,500,12,1.163455,0.611626,4000
2660,void,10000,2000,20,1.251299,0.704789,250
2661,empty,10000,250,7,1.246462,0.702276,16000
2662,printf,10000,250,9,1.121013,0.579162,16000
2663,oot,10000,250,16,1.116349,0.568803,16000
2664,void,10000,1000,3,2.077334,1.530615,1000
2665,oot,10000,1000,23,1.126857,0.587911,1000
2666,oot,10000,1000,20,1.120727,0.578986,1000
2667,tikki,10000,1000,6,1.395876,0.852982,1000
2668,printf,10000,250,4,1.690790,1.145017,16000
2669,printf,10000,250,7,1.261670,0.709765,16000
267,scorep,10000,250,12,1.125852,0.572797,16000
2670,void,10000,250,5,1.481009,0.933639,16000
2671,oot,10000,250,15,1.109192,0.563427,16000
2672,oot,10000,1000,17,1.119728,0.575460,1000
2673,extrae,10000,250,18,1.183616,0.638056,16000
2674,scorep,10000,1000,22,1.125562,0.588468,1000
2675,oot,10000,500,19,1.107927,0.565628,4000
2676,printf,10000,250,12,1.114916,0.568215,16000
2677,printf,10000,500,6,1.369950,0.823984,4000
2678,tikki,10000,2000,2,2.825145,2.278928,250
2679,tikki,10000,250,3,2.170924,1.622977,16000
268,void,10000,2000,6,1.396616,0.848589,250
2680,empty,10000,1000,9,1.125558,0.581766,1000
2681,extrae,10000,1000,1,4.867260,4.317794,1000
2682,extrae,10000,2000,7,1.337508,0.798506,250
2683,oot,10000,2000,9,1.189332,0.646873,250
2684,scorep,10000,500,9,1.140907,0.593201,4000
2685,void,10000,1000,22,1.129134,0.582427,1000
2686,printf,10000,500,18,1.109666,0.564679,4000
2687,scorep,10000,1000,9,1.138657,0.586732,1000
2688,oot,10000,250,20,1.118226,0.572462,16000
2689,empty,10000,500,21,1.109380,0.563340,4000
269,scorep,10000,2000,8,1.243191,0.695161,250
2690,void,10000,2000,21,1.254236,0.704708,250
2691,scorep,10000,500,15,1.110206,0.562446,4000
2692,empty,10000,1000,10,1.130909,0.578321,1000
2693,scorep,10000,2000,23,1.254564,0.701761,250
2694,scorep,10000,2000,16,1.199741,0.661947,250
2695,extrae,10000,2000,16,1.266284,0.726230,250
2696,void,10000,250,3,2.093789,1.549477,16000
2697,tikki,10000,1000,4,1.710817,1.167902,1000
2698,printf,10000,500,1,4.950754,4.400738,4000
2699,extrae,10000,250,17,1.169515,0.631168,16000
27,oot,10000,250,5,1.509104,0.963998,16000
270,scorep,10000,500,23,1.104663,0.567715,4000
2700,oot,10000,500,1,4.936064,4.387846,4000
2701,tikki,10000,250,12,1.154255,0.613523,16000
2702,scorep,10000,1000,23,1.139820,0.589412,1000
2703,scorep,10000,500,6,1.368040,0.822062,4000
2704,void,10000,250,22,1.119319,0.570799,16000
2705,tikki,10000,500,1,5.704390,5.159631,4000
2706,extrae,10000,2000,20,1.301608,0.763983,250
2707,empty,10000,2000,10,1.196466,0.652951,250
2708,scorep,10000,250,24,1.114426,0.570512,16000
2709,void,10000,500,15,1.105449,0.559093,4000
271,empty,10000,250,2,2.887842,2.344704,16000
2710,empty,10000,1000,2,2.869455,2.322961,1000
2711,tikki,10000,250,10,1.166531,0.615991,16000
2712,empty,10000,2000,7,1.309152,0.766210,250
2713,oot,10000,1000,12,1.118328,0.574317,1000
2714,tikki,10000,1000,19,1.171771,0.626710,1000
2715,void,10000,500,19,1.106688,0.559539,4000
2716,oot,10000,2000,17,1.233113,0.687393,250
2717,tikki,10000,250,22,1.167607,0.623407,16000
2718,extrae,10000,250,7,1.322128,0.775597,16000
2719,printf,10000,250,21,1.114685,0.569423,16000
272,scorep,10000,2000,2,2.823636,2.267802,250
2720,oot,10000,2000,24,1.268208,0.723226,250
2721,oot,10000,1000,21,1.132640,0.587223,1000
2722,printf,10000,1000,22,1.127914,0.585313,1000
2723,empty,10000,500,11,1.107563,0.564146,4000
2724,printf,10000,500,24,1.109467,0.564413,4000
2725,empty,10000,2000,6,1.401669,0.850405,250
2726,void,10000,1000,17,1.118016,0.576280,1000
2727,tikki,10000,2000,7,1.339507,0.795045,250
2728,empty,10000,250,5,1.485418,0.939957,16000
2729,tikki,10000,500,18,1.146647,0.603110,4000
273,scorep,10000,250,20,1.126642,0.572850,16000
2730,extrae,10000,1000,18,1.189530,0.638013,1000
2731,tikki,10000,250,23,1.167755,0.621410,16000
2732,empty,10000,1000,18,1.123840,0.578478,1000
2733,scorep,10000,500,20,1.115918,0.565005,4000
2734,void,10000,250,14,1.117012,0.566121,16000
2735,tikki,10000,2000,16,1.254454,0.706915,250
2736,scorep,10000,500,17,1.101961,0.566339,4000
2737,empty,10000,500,20,1.112602,0.563451,4000
2738,printf,10000,1000,3,2.094533,1.548063,1000
2739,tikki,10000,1000,21,1.176562,0.630648,1000
274,tikki,10000,250,12,1.159217,0.610704,16000
2740,printf,10000,500,22,1.108934,0.564734,4000
2741,tikki,10000,250,9,1.173845,0.627549,16000
2742,oot,10000,500,20,1.110015,0.563292,4000
2743,tikki,10000,2000,17,1.278962,0.729216,250
2744,empty,10000,2000,14,1.208945,0.660527,250
2745,empty,10000,250,6,1.354808,0.807533,16000
2746,scorep,10000,2000,2,2.792268,2.242383,250
2747,void,10000,250,20,1.116378,0.567966,16000
2748,extrae,10000,500,10,1.155309,0.608748,4000
2749,printf,10000,250,2,2.891545,2.337873,16000
275,empty,10000,1000,18,1.123732,0.579482,1000
2750,extrae,10000,250,8,1.239112,0.692476,16000
2751,void,10000,500,18,1.111495,0.563357,4000
2752,printf,10000,500,10,1.120093,0.573607,4000
2753,extrae,10000,500,13,1.144681,0.601284,4000
2754,empty,10000,250,2,2.865007,2.314898,16000
2755,oot,10000,250,23,1.119952,0.568480,16000
2756,tikki,10000,1000,17,1.173119,0.626738,1000
2757,scorep,10000,1000,4,1.665017,1.115449,1000
2758,tikki,10000,500,6,1.402857,0.858001,4000
2759,void,10000,2000,24,1.257522,0.708725,250
276,oot,10000,2000,12,1.189350,0.643746,250
2760,void,10000,1000,15,1.121685,0.571233,1000
2761,scorep,10000,2000,20,1.243390,0.694009,250
2762,extrae,10000,250,2,3.111122,2.566889,16000
2763,extrae,10000,2000,23,1.313355,0.765337,250
2764,void,10000,2000,23,1.246569,0.702863,250
2765,printf,10000,250,13,1.110382,0.563835,16000
2766,empty,10000,1000,13,1.113009,0.568430,1000
2767,printf,10000,250,6,1.357181,0.810802,16000
2768,printf,10000,250,17,1.110857,0.565198,16000
2769,printf,10000,1000,17,1.134074,0.583147,1000
277,oot,10000,250,3,2.121113,1.574948,16000
2770,oot,10000,500,23,1.108419,0.563847,4000
2771,extrae,10000,250,9,1.185556,0.636025,16000
2772,extrae,10000,1000,9,1.158508,0.612309,1000
2773,extrae,10000,500,14,1.152212,0.607125,4000
2774,oot,10000,1000,7,1.259637,0.714541,1000
2775,void,10000,250,10,1.112123,0.568498,16000
2776,void,10000,2000,7,1.323817,0.777763,250
2777,printf,10000,500,13,1.100845,0.559405,4000
2778,tikki,10000,250,3,2.163692,1.614193,16000
2779,void,10000,2000,4,1.699748,1.153588,250
278,empty,10000,1000,13,1.114269,0.567445,1000
2780,scorep,10000,250,23,1.116483,0.567215,16000
2781,tikki,10000,1000,12,1.161014,0.616013,1000
2782,extrae,10000,500,20,1.178451,0.631409,4000
2783,empty,10000,1000,23,1.135255,0.585159,1000
2784,scorep,10000,500,22,1.101295,0.564055,4000
2785,tikki,10000,2000,4,1.759269,1.216383,250
2786,oot,10000,2000,15,1.197858,0.653439,250
2787,void,10000,500,6,1.362198,0.815771,4000
2788,printf,10000,500,2,2.953474,2.404045,4000
2789,extrae,10000,1000,11,1.147883,0.598871,1000
279,oot,10000,500,8,1.189153,0.638145,4000
2790,void,10000,250,13,1.101094,0.556683,16000
2791,printf,10000,250,22,1.118278,0.559633,16000
2792,tikki,10000,500,9,1.176275,0.634199,4000
2793,scorep,10000,1000,24,1.140328,0.588733,1000
2794,scorep,10000,250,14,1.117913,0.568577,16000
2795,oot,10000,2000,21,1.247020,0.701361,250
2796,empty,10000,2000,13,1.189262,0.644704,250
2797,empty,10000,2000,23,1.243022,0.695503,250
2798,oot,10000,250,6,1.353409,0.808000,16000
2799,void,10000,2000,18,1.241013,0.692425,250
28,tikki,10000,2000,20,1.281873,0.734810,250
280,empty,10000,250,13,1.111717,0.564154,16000
2800,oot,10000,2000,12,1.189570,0.644029,250
2801,scorep,10000,250,16,1.112068,0.566074,16000
2802,extrae,10000,1000,10,1.154610,0.607023,1000
2803,oot,10000,250,15,1.105187,0.562429,16000
2804,extrae,10000,500,8,1.207490,0.664005,4000
2805,void,10000,250,6,1.359131,0.811811,16000
2806,extrae,10000,1000,24,1.212541,0.668404,1000
2807,oot,10000,500,18,1.111694,0.564380,4000
2808,scorep,10000,250,18,1.120610,0.571132,16000
2809,scorep,10000,1000,12,1.133871,0.585824,1000
281,extrae,10000,500,10,1.153180,0.607958,4000
2810,scorep,10000,500,18,1.116025,0.565690,4000
2811,extrae,10000,500,18,1.171809,0.623424,4000
2812,tikki,10000,2000,10,1.255155,0.707604,250
2813,void,10000,1000,20,1.126463,0.581826,1000
2814,printf,10000,2000,6,1.412283,0.866478,250
2815,scorep,10000,500,10,1.126952,0.579655,4000
2816,scorep,10000,1000,14,1.120671,0.571826,1000
2817,oot,10000,2000,11,1.189505,0.639280,250
2818,extrae,10000,2000,4,1.715350,1.171364,250
2819,printf,10000,1000,16,1.118453,0.572253,1000
282,oot,10000,1000,11,1.111769,0.566834,1000
2820,oot,10000,2000,23,1.253919,0.705672,250
2821,tikki,10000,1000,9,1.174747,0.628677,1000
2822,void,10000,250,12,1.113837,0.567345,16000
2823,tikki,10000,2000,24,1.300139,0.751841,250
2824,printf,10000,250,14,1.115590,0.568795,16000
2825,oot,10000,250,13,1.106004,0.561149,16000
2826,oot,10000,1000,4,1.671739,1.130128,1000
2827,empty,10000,1000,11,1.113278,0.567842,1000
2828,printf,10000,1000,20,1.128031,0.583061,1000
2829,extrae,10000,500,21,1.174240,0.630700,4000
283,scorep,10000,2000,11,1.194370,0.649193,250
2830,void,10000,2000,5,1.516140,0.969346,250
2831,void,10000,250,18,1.109599,0.567648,16000
2832,empty,10000,250,13,1.107541,0.561524,16000
2833,scorep,10000,500,9,1.140435,0.592183,4000
2834,tikki,10000,250,6,1.408561,0.863005,16000
2835,tikki,10000,500,4,1.734683,1.192373,4000
2836,scorep,10000,2000,11,1.223178,0.671144,250
2837,empty,10000,2000,5,1.526657,0.979406,250
2838,extrae,10000,1000,8,1.203227,0.659745,1000
2839,extrae,10000,1000,14,1.156973,0.612245,1000
284,tikki,10000,500,16,1.146242,0.602605,4000
2840,empty,10000,1000,22,1.126355,0.581842,1000
2841,void,10000,2000,12,1.190155,0.646776,250
2842,oot,10000,250,18,1.113104,0.568646,16000
2843,oot,10000,500,15,1.106587,0.562061,4000
2844,printf,10000,500,18,1.107953,0.562282,4000
2845,oot,10000,250,17,1.113841,0.564747,16000
2846,extrae,10000,1000,19,1.186044,0.641535,1000
2847,oot,10000,250,4,1.675897,1.129922,16000
2848,void,10000,500,4,1.691206,1.145122,4000
2849,tikki,10000,1000,18,1.172844,0.621313,1000
285,printf,10000,1000,4,1.674091,1.125382,1000
2850,empty,10000,250,21,1.109394,0.566281,16000
2851,empty,10000,500,17,1.108768,0.560669,4000
2852,printf,10000,2000,9,1.191836,0.644503,250
2853,printf,10000,250,3,2.125326,1.578304,16000
2854,extrae,10000,1000,13,1.157366,0.610316,1000
2855,oot,10000,2000,6,1.410731,0.863735,250
2856,void,10000,500,3,2.108394,1.564231,4000
2857,oot,10000,1000,11,1.106056,0.564474,1000
2858,scorep,10000,250,5,1.493546,0.943269,16000
2859,scorep,10000,2000,17,1.232696,0.683020,250
286,printf,10000,500,4,1.689573,1.138354,4000
2860,empty,10000,1000,1,4.879066,4.334036,1000
2861,oot,10000,250,11,1.101630,0.558445,16000
2862,void,10000,500,11,1.105478,0.559407,4000
2863,extrae,10000,1000,4,1.671883,1.126428,1000
2864,void,10000,2000,11,1.194166,0.645079,250
2865,printf,10000,2000,23,1.240918,0.695885,250
2866,extrae,10000,2000,24,1.366038,0.824329,250
2867,tikki,10000,2000,18,1.275689,0.731229,250
2868,void,10000,1000,1,4.869796,4.326945,1000
2869,oot,10000,2000,8,1.250363,0.711310,250
287,oot,10000,500,15,1.107208,0.560828,4000
2870,oot,10000,1000,22,1.133214,0.587642,1000
2871,extrae,10000,250,12,1.158354,0.612944,16000
2872,void,10000,1000,23,1.131389,0.586494,1000
2873,scorep,10000,250,1,4.841078,4.293559,16000
2874,empty,10000,2000,1,4.820788,4.280444,250
2875,empty,10000,1000,3,2.073942,1.533823,1000
2876,printf,10000,2000,13,1.196242,0.644279,250
2877,oot,10000,1000,18,1.124963,0.579974,1000
2878,extrae,10000,500,23,1.180889,0.638012,4000
2879,empty,10000,250,3,2.093614,1.545129,16000
288,extrae,10000,500,5,1.520998,0.969393,4000
2880,tikki,10000,1000,14,1.158066,0.613430,1000
2881,printf,10000,1000,2,2.883225,2.335297,1000
2882,oot,10000,1000,23,1.137089,0.589050,1000
2883,printf,10000,500,15,1.106870,0.562762,4000
2884,scorep,10000,1000,17,1.127699,0.574656,1000
2885,empty,10000,250,20,1.112765,0.567631,16000
2886,empty,10000,500,19,1.108211,0.561145,4000
2887,tikki,10000,2000,21,1.281160,0.730655,250
2888,empty,10000,250,17,1.103659,0.560599,16000
2889,scorep,10000,1000,21,1.123036,0.587997,1000
289,scorep,10000,1000,19,1.130640,0.580145,1000
2890,empty,10000,1000,5,1.476850,0.931887,1000
2891,void,10000,250,15,1.110079,0.563403,16000
2892,tikki,10000,1000,1,5.618306,5.073702,1000
2893,empty,10000,500,12,1.109906,0.571272,4000
2894,extrae,10000,1000,1,4.860592,4.311624,1000
2895,oot,10000,2000,14,1.200232,0.659611,250
2896,printf,10000,2000,10,1.196938,0.655210,250
2897,printf,10000,500,12,1.110854,0.567907,4000
2898,oot,10000,2000,1,4.825778,4.279828,250
2899,oot,10000,1000,17,1.115568,0.576018,1000
29,printf,10000,500,5,1.488301,0.944244,4000
290,empty,10000,500,10,1.119059,0.573423,4000
2900,printf,10000,1000,8,1.177329,0.634585,1000
2901,tikki,10000,250,15,1.153837,0.609623,16000
2902,empty,10000,250,23,1.116336,0.570125,16000
2903,void,10000,2000,20,1.244807,0.700357,250
2904,tikki,10000,1000,8,1.229228,0.683361,1000
2905,scorep,10000,2000,21,1.253751,0.705887,250
2906,printf,10000,250,1,4.861823,4.316871,16000
2907,empty,10000,250,9,1.117079,0.573334,16000
2908,empty,10000,1000,8,1.183831,0.632866,1000
2909,oot,10000,2000,2,2.871000,2.323686,250
291,scorep,10000,250,8,1.196168,0.633317,16000
2910,printf,10000,500,7,1.263220,0.715771,4000
2911,scorep,10000,1000,3,2.104190,1.552934,1000
2912,scorep,10000,2000,18,1.246642,0.695811,250
2913,void,10000,250,19,1.110520,0.558666,16000
2914,scorep,10000,250,22,1.122343,0.572334,16000
2915,void,10000,2000,10,1.195085,0.641477,250
2916,tikki,10000,500,17,1.145652,0.603288,4000
2917,void,10000,250,1,4.827290,4.279110,16000
2918,scorep,10000,2000,13,1.196888,0.660437,250
2919,printf,10000,250,11,1.094178,0.554795,16000
292,oot,10000,500,9,1.139160,0.589943,4000
2920,scorep,10000,2000,5,1.508798,0.955808,250
2921,void,10000,500,14,1.107024,0.563075,4000
2922,printf,10000,1000,11,1.114748,0.565689,1000
2923,void,10000,250,2,2.849377,2.303060,16000
2924,printf,10000,1000,7,1.262341,0.708571,1000
2925,void,10000,2000,9,1.194618,0.647635,250
2926,empty,10000,1000,7,1.252861,0.708293,1000
2927,void,10000,500,7,1.264078,0.715104,4000
2928,scorep,10000,1000,13,1.117744,0.566975,1000
2929,tikki,10000,2000,13,1.247175,0.696931,250
293,empty,10000,500,8,1.192813,0.642679,4000
2930,empty,10000,500,8,1.181855,0.638959,4000
2931,oot,10000,1000,15,1.119435,0.572485,1000
2932,tikki,10000,1000,20,1.172341,0.623197,1000
2933,extrae,10000,1000,20,1.193380,0.648147,1000
2934,scorep,10000,2000,9,1.212075,0.665684,250
2935,extrae,10000,500,4,1.707466,1.163687,4000
2936,oot,10000,500,7,1.268891,0.718652,4000
2937,scorep,10000,2000,7,1.326987,0.776980,250
2938,extrae,10000,250,19,1.176239,0.631498,16000
2939,tikki,10000,500,5,1.540468,0.995176,4000
294,printf,10000,1000,2,2.878269,2.329882,1000
2940,oot,10000,500,5,1.500514,0.953155,4000
2941,oot,10000,2000,19,1.233302,0.690061,250
2942,tikki,10000,2000,15,1.244499,0.702543,250
2943,oot,10000,1000,5,1.476797,0.931785,1000
2944,oot,10000,500,16,1.107762,0.564484,4000
2945,empty,10000,1000,16,1.120499,0.573978,1000
2946,scorep,10000,2000,24,1.228397,0.691796,250
2947,oot,10000,2000,5,1.517919,0.972074,250
2948,printf,10000,250,15,1.103778,0.559794,16000
2949,printf,10000,500,16,1.109331,0.565998,4000
295,scorep,10000,250,14,1.126015,0.571857,16000
2950,empty,10000,2000,11,1.191748,0.642290,250
2951,tikki,10000,1000,24,1.173869,0.625913,1000
2952,scorep,10000,1000,22,1.134156,0.586882,1000
2953,void,10000,2000,22,1.252543,0.709789,250
2954,tikki,10000,2000,12,1.223096,0.680754,250
2955,void,10000,1000,3,2.098445,1.552290,1000
2956,oot,10000,2000,16,1.208578,0.661970,250
2957,scorep,10000,250,19,1.115189,0.568652,16000
2958,void,10000,1000,6,1.356625,0.813211,1000
2959,void,10000,1000,18,1.123753,0.580170,1000
296,printf,10000,2000,17,1.227491,0.679801,250
2960,tikki,10000,1000,7,1.313279,0.770575,1000
2961,tikki,10000,1000,13,1.153483,0.609827,1000
2962,printf,10000,2000,11,1.187700,0.639348,250
2963,oot,10000,250,19,1.111735,0.566114,16000
2964,tikki,10000,500,19,1.154679,0.608332,4000
2965,tikki,10000,1000,5,1.513167,0.967517,1000
2966,oot,10000,500,21,1.102950,0.559323,4000
2967,empty,10000,250,4,1.675504,1.125385,16000
2968,tikki,10000,250,19,1.166326,0.619879,16000
2969,extrae,10000,500,24,1.191768,0.646332,4000
297,scorep,10000,1000,20,1.131260,0.583970,1000
2970,oot,10000,1000,2,2.876501,2.325953,1000
2971,extrae,10000,2000,14,1.237786,0.692730,250
2972,extrae,10000,2000,17,1.281502,0.740326,250
2973,extrae,10000,500,6,1.379896,0.834495,4000
2974,oot,10000,250,5,1.493386,0.945885,16000
2975,void,10000,1000,11,1.113195,0.565072,1000
2976,oot,10000,500,6,1.369494,0.821368,4000
2977,void,10000,1000,9,1.134550,0.584290,1000
2978,scorep,10000,250,10,1.122384,0.571636,16000
2979,oot,10000,250,8,1.172352,0.624106,16000
298,empty,10000,1000,6,1.361034,0.814045,1000
2980,oot,10000,250,2,2.862746,2.317003,16000
2981,empty,10000,1000,24,1.143913,0.590572,1000
2982,printf,10000,500,20,1.107699,0.564545,4000
2983,tikki,10000,500,7,1.301123,0.754509,4000
2984,oot,10000,500,17,1.110067,0.563746,4000
2985,extrae,10000,500,22,1.183109,0.635012,4000
2986,scorep,10000,500,8,1.194553,0.642929,4000
2987,scorep,10000,500,24,1.099995,0.564967,4000
2988,oot,10000,1000,1,4.870208,4.322741,1000
2989,void,10000,500,13,1.100476,0.560938,4000
299,printf,10000,250,22,1.118385,0.569320,16000
2990,void,10000,1000,16,1.117419,0.571973,1000
2991,printf,10000,1000,12,1.118146,0.575429,1000
2992,tikki,10000,500,8,1.234420,0.689107,4000
2993,empty,10000,250,10,1.116836,0.568263,16000
2994,extrae,10000,250,23,1.196744,0.653213,16000
2995,printf,10000,2000,5,1.527117,0.978386,250
2996,scorep,10000,500,3,2.076911,1.530516,4000
2997,extrae,10000,250,3,2.164207,1.621194,16000
2998,printf,10000,500,4,1.695581,1.147030,4000
2999,tikki,10000,500,3,2.172033,1.626277,4000
3,empty,10000,250,12,1.120242,0.573783,16000
30,printf,10000,2000,21,1.238490,0.693281,250
300,empty,10000,250,17,1.109927,0.562308,16000
3000,scorep,10000,500,19,1.111199,0.564687,4000
3001,empty,10000,1000,20,1.129096,0.583752,1000
3002,printf,10000,1000,6,1.357758,0.812915,1000
3003,tikki,10000,500,24,1.160183,0.615128,4000
3004,void,10000,250,23,1.117252,0.567017,16000
3005,extrae,10000,1000,7,1.286381,0.736552,1000
3006,void,10000,2000,14,1.201517,0.653435,250
3007,empty,10000,500,14,1.108724,0.564825,4000
3008,empty,10000,1000,9,1.130253,0.581741,1000
3009,scorep,10000,1000,7,1.261167,0.710757,1000
301,extrae,10000,250,22,1.204625,0.655956,16000
3010,void,10000,500,8,1.184431,0.637770,4000
3011,printf,10000,500,21,1.113516,0.563839,4000
3012,void,10000,1000,24,1.136226,0.589545,1000
3013,oot,10000,2000,9,1.199871,0.653531,250
3014,tikki,10000,250,7,1.298697,0.751411,16000
3015,printf,10000,250,4,1.701162,1.157374,16000
3016,scorep,10000,2000,6,1.400521,0.852033,250
3017,extrae,10000,250,10,1.172070,0.629510,16000
3018,empty,10000,1000,4,1.669618,1.125821,1000
3019,extrae,10000,500,12,1.150772,0.610945,4000
302,void,10000,2000,7,1.312809,0.765432,250
3020,void,10000,1000,12,1.123810,0.577330,1000
3021,void,10000,500,9,1.135509,0.589293,4000
3022,printf,10000,1000,9,1.129561,0.583637,1000
3023,void,10000,250,17,1.107281,0.563560,16000
3024,tikki,10000,500,16,1.158347,0.609019,4000
3025,scorep,10000,2000,19,1.228029,0.688107,250
3026,printf,10000,250,18,1.114521,0.567431,16000
3027,scorep,10000,2000,12,1.195486,0.649012,250
3028,oot,10000,500,3,2.082454,1.535218,4000
3029,tikki,10000,2000,8,1.301702,0.754811,250
303,printf,10000,2000,11,1.193705,0.649406,250
3030,extrae,10000,500,7,1.275703,0.733523,4000
3031,oot,10000,500,10,1.120639,0.576717,4000
3032,scorep,10000,1000,10,1.134731,0.580442,1000
3033,scorep,10000,250,21,1.117027,0.564866,16000
3034,oot,10000,2000,20,1.248337,0.701817,250
3035,void,10000,250,24,1.109880,0.568789,16000
3036,empty,10000,500,22,1.110182,0.564166,4000
3037,printf,10000,2000,4,1.687722,1.139994,250
3038,oot,10000,1000,9,1.121766,0.580821,1000
3039,oot,10000,250,9,1.128216,0.581680,16000
304,oot,10000,2000,3,2.084027,1.537346,250
3040,scorep,10000,2000,14,1.204873,0.656487,250
3041,oot,10000,500,14,1.107833,0.564910,4000
3042,empty,10000,500,3,2.106431,1.558417,4000
3043,tikki,10000,500,12,1.163450,0.620217,4000
3044,scorep,10000,250,11,1.132157,0.578461,16000
3045,oot,10000,2000,18,1.235303,0.690999,250
3046,scorep,10000,500,4,1.695453,1.150061,4000
3047,printf,10000,2000,18,1.241284,0.695062,250
3048,printf,10000,1000,15,1.118058,0.572408,1000
3049,extrae,10000,250,18,1.185683,0.637480,16000
305,printf,10000,500,7,1.252741,0.712962,4000
3050,oot,10000,500,12,1.117975,0.573732,4000
3051,oot,10000,1000,14,1.115970,0.571017,1000
3052,tikki,10000,2000,5,1.571734,1.028224,250
3053,printf,10000,1000,14,1.120533,0.573252,1000
3054,scorep,10000,1000,20,1.131409,0.582876,1000
3055,scorep,10000,250,4,1.694215,1.143545,16000
3056,tikki,10000,250,13,1.140638,0.597162,16000
3057,tikki,10000,250,5,1.535206,0.988087,16000
3058,tikki,10000,500,10,1.169898,0.622521,4000
3059,printf,10000,250,5,1.493815,0.946804,16000
306,void,10000,2000,8,1.253864,0.708899,250
3060,empty,10000,2000,20,1.242513,0.695227,250
3061,void,10000,1000,8,1.179134,0.634163,1000
3062,oot,10000,1000,20,1.132882,0.581609,1000
3063,void,10000,250,8,1.170923,0.627619,16000
3064,tikki,10000,250,18,1.162481,0.616959,16000
3065,empty,10000,500,18,1.109227,0.564068,4000
3066,printf,10000,1000,18,1.124052,0.578248,1000
3067,printf,10000,250,20,1.109160,0.564796,16000
3068,printf,10000,250,7,1.252448,0.709027,16000
3069,empty,10000,500,6,1.367405,0.821785,4000
307,empty,10000,500,2,2.931373,2.387510,4000
3070,extrae,10000,2000,13,1.234595,0.682607,250
3071,extrae,10000,1000,16,1.162687,0.623090,1000
3072,printf,10000,500,17,1.105311,0.561864,4000
3073,oot,10000,500,24,1.109682,0.564837,4000
3074,printf,10000,250,10,1.124378,0.572926,16000
3075,extrae,10000,250,16,1.167953,0.622772,16000
3076,extrae,10000,2000,19,1.297151,0.751557,250
3077,empty,10000,500,24,1.111082,0.563499,4000
3078,extrae,10000,250,6,1.425426,0.878264,16000
3079,extrae,10000,1000,23,1.211059,0.660808,1000
308,tikki,10000,1000,8,1.224427,0.671342,1000
3080,oot,10000,250,3,2.122752,1.575885,16000
3081,tikki,10000,250,14,1.158327,0.615438,16000
3082,void,10000,2000,1,4.829104,4.279960,250
3083,empty,10000,250,22,1.107491,0.568341,16000
3084,void,10000,500,12,1.120583,0.571883,4000
3085,oot,10000,1000,6,1.361390,0.809608,1000
3086,printf,10000,2000,17,1.230858,0.682847,250
3087,empty,10000,2000,15,1.201579,0.660162,250
3088,scorep,10000,250,7,1.255763,0.709048,16000
3089,tikki,10000,1000,11,1.151366,0.603914,1000
309,extrae,10000,500,19,1.165284,0.622000,4000
3090,printf,10000,500,11,1.103657,0.559000,4000
3091,tikki,10000,250,2,2.937731,2.393022,16000
3092,oot,10000,250,21,1.113179,0.565438,16000
3093,void,10000,250,4,1.683843,1.137944,16000
3094,printf,10000,1000,24,1.134942,0.587981,1000
3095,void,10000,2000,16,1.205284,0.661968,250
3096,empty,10000,500,15,1.105758,0.562399,4000
3097,scorep,10000,250,17,1.101974,0.563079,16000
3098,printf,10000,250,9,1.125608,0.582146,16000
3099,oot,10000,500,11,1.110103,0.559213,4000
31,scorep,10000,500,2,2.958303,2.406569,4000
310,oot,10000,1000,17,1.125819,0.576373,1000
3100,extrae,10000,2000,21,1.303494,0.755520,250
3101,scorep,10000,2000,4,1.768830,1.218170,250
3102,empty,10000,2000,2,2.785698,2.243646,250
3103,void,10000,250,7,1.241260,0.699671,16000
3104,void,10000,500,16,1.109259,0.560424,4000
3105,extrae,10000,1000,22,1.207336,0.657212,1000
3106,scorep,10000,2000,22,1.247753,0.699903,250
3107,tikki,10000,250,1,5.634720,5.091890,16000
3108,extrae,10000,500,3,2.101072,1.559463,4000
3109,extrae,10000,1000,15,1.167238,0.619688,1000
311,empty,10000,1000,20,1.131018,0.583999,1000
3110,oot,10000,1000,13,1.110367,0.567771,1000
3111,tikki,10000,1000,3,2.149472,1.604159,1000
3112,oot,10000,250,14,1.120035,0.572313,16000
3113,extrae,10000,2000,10,1.222231,0.669795,250
3114,tikki,10000,1000,15,1.160160,0.616172,1000
3115,void,10000,2000,3,2.087978,1.539605,250
3116,extrae,10000,2000,7,1.326504,0.786075,250
3117,oot,10000,500,19,1.108319,0.561399,4000
3118,void,10000,250,9,1.129267,0.586623,16000
3119,printf,10000,500,9,1.134601,0.590235,4000
312,scorep,10000,2000,6,1.430927,0.883044,250
3120,printf,10000,500,8,1.188973,0.637294,4000
3121,extrae,10000,2000,8,1.275226,0.730993,250
3122,scorep,10000,500,11,1.105954,0.558364,4000
3123,tikki,10000,250,24,1.162708,0.617612,16000
3124,void,10000,2000,8,1.257081,0.708441,250
3125,scorep,10000,500,7,1.272677,0.721254,4000
3126,empty,10000,2000,16,1.203128,0.661847,250
3127,empty,10000,250,16,1.114659,0.569071,16000
3128,printf,10000,1000,23,1.133425,0.587783,1000
3129,printf,10000,2000,15,1.201295,0.657541,250
313,tikki,10000,1000,24,1.173599,0.628394,1000
3130,extrae,10000,2000,11,1.223367,0.674854,250
3131,tikki,10000,2000,23,1.300660,0.753394,250
3132,scorep,10000,1000,6,1.351723,0.815895,1000
3133,tikki,10000,500,15,1.145176,0.601257,4000
3134,oot,10000,250,24,1.120112,0.569368,16000
3135,void,10000,250,16,1.111168,0.563907,16000
3136,void,10000,1000,21,1.124447,0.580699,1000
3137,void,10000,500,22,1.104908,0.560228,4000
3138,tikki,10000,1000,22,1.184203,0.633823,1000
3139,scorep,10000,250,3,2.113124,1.562693,16000
314,tikki,10000,2000,22,1.288308,0.743868,250
3140,scorep,10000,2000,10,1.208093,0.654218,250
3141,tikki,10000,2000,14,1.246472,0.702264,250
3142,scorep,10000,1000,8,1.179955,0.633897,1000
3143,oot,10000,1000,3,2.070892,1.523984,1000
3144,extrae,10000,500,2,2.977691,2.429759,4000
3145,extrae,10000,250,20,1.198652,0.644191,16000
3146,void,10000,250,21,1.114059,0.566938,16000
3147,void,10000,2000,2,2.790046,2.241870,250
3148,oot,10000,2000,13,1.202158,0.649403,250
3149,printf,10000,2000,7,1.311859,0.766397,250
315,empty,10000,2000,15,1.198811,0.654226,250
3150,scorep,10000,2000,1,4.836774,4.287896,250
3151,extrae,10000,2000,2,2.853765,2.309216,250
3152,oot,10000,250,20,1.122602,0.572512,16000
3153,scorep,10000,1000,15,1.118546,0.582128,1000
3154,void,10000,1000,4,1.664754,1.121384,1000
3155,oot,10000,250,12,1.118288,0.571284,16000
3156,printf,10000,250,23,1.121881,0.568625,16000
3157,empty,10000,1000,17,1.125909,0.575989,1000
3158,oot,10000,1000,8,1.179818,0.631609,1000
3159,oot,10000,500,4,1.687983,1.139622,4000
316,extrae,10000,2000,12,1.224784,0.683367,250
3160,void,10000,500,24,1.117987,0.566882,4000
3161,printf,10000,2000,8,1.254526,0.705524,250
3162,void,10000,2000,6,1.393161,0.848244,250
3163,extrae,10000,250,14,1.165775,0.620964,16000
3164,void,10000,500,23,1.107697,0.563315,4000
3165,printf,10000,250,24,1.117565,0.569263,16000
3166,extrae,10000,500,9,1.165884,0.617929,4000
3167,tikki,10000,2000,20,1.290984,0.742332,250
3168,printf,10000,500,19,1.109060,0.562616,4000
3169,empty,10000,1000,15,1.120914,0.569140,1000
317,extrae,10000,250,6,1.440348,0.894376,16000
3170,extrae,10000,1000,3,2.107115,1.561064,1000
3171,scorep,10000,500,12,1.121379,0.570939,4000
3172,extrae,10000,500,17,1.169631,0.618514,4000
3173,scorep,10000,500,1,4.955966,4.403976,4000
3174,printf,10000,2000,21,1.238737,0.697927,250
3175,printf,10000,2000,12,1.191885,0.646661,250
3176,tikki,10000,500,23,1.146581,0.600800,4000
3177,scorep,10000,500,5,1.497959,0.948691,4000
3178,printf,10000,2000,24,1.253130,0.709493,250
3179,extrae,10000,2000,6,1.410129,0.863794,250
318,extrae,10000,500,8,1.213173,0.670085,4000
3180,empty,10000,1000,21,1.124476,0.580125,1000
3181,void,10000,1000,2,2.873641,2.325153,1000
3182,tikki,10000,1000,6,1.401259,0.855594,1000
3183,extrae,10000,2000,9,1.222708,0.677031,250
3184,tikki,10000,2000,11,1.230948,0.685196,250
3185,printf,10000,1000,19,1.125450,0.581043,1000
3186,extrae,10000,1000,17,1.170994,0.627650,1000
3187,empty,10000,250,15,1.107573,0.562626,16000
3188,tikki,10000,250,20,1.159693,0.613083,16000
3189,printf,10000,2000,14,1.202365,0.655636,250
319,empty,10000,500,7,1.260209,0.712846,4000
3190,empty,10000,250,7,1.250541,0.704273,16000
3191,empty,10000,500,13,1.109934,0.558843,4000
3192,empty,10000,2000,3,2.066606,1.516981,250
3193,scorep,10000,1000,19,1.129230,0.581053,1000
3194,void,10000,500,1,4.937566,4.393388,4000
3195,void,10000,2000,17,1.221651,0.680761,250
3196,empty,10000,1000,12,1.120846,0.575769,1000
3197,oot,10000,1000,16,1.119941,0.575486,1000
3198,scorep,10000,500,21,1.114404,0.564624,4000
3199,printf,10000,500,6,1.367712,0.823988,4000
32,oot,10000,250,24,1.128459,0.576647,16000
320,extrae,10000,2000,18,1.301749,0.750109,250
3200,empty,10000,2000,9,1.197258,0.650646,250
3201,extrae,10000,250,11,1.137556,0.597329,16000
3202,oot,10000,2000,7,1.323652,0.776252,250
3203,scorep,10000,500,13,1.106217,0.558943,4000
3204,extrae,10000,2000,18,1.294091,0.743493,250
3205,extrae,10000,500,5,1.506595,0.965701,4000
3206,scorep,10000,1000,9,1.139740,0.585301,1000
3207,void,10000,1000,5,1.475573,0.931938,1000
3208,tikki,10000,250,17,1.148271,0.606054,16000
3209,empty,10000,500,1,4.937155,4.391951,4000
321,printf,10000,500,11,1.103925,0.559023,4000
3210,printf,10000,250,8,1.172600,0.632840,16000
3211,empty,10000,250,24,1.116221,0.567264,16000
3212,void,10000,500,17,1.108076,0.563188,4000
3213,oot,10000,250,22,1.118769,0.572434,16000
3214,empty,10000,2000,22,1.249520,0.704479,250
3215,extrae,10000,250,13,1.148196,0.603314,16000
3216,extrae,10000,2000,1,4.809747,4.262518,250
3217,scorep,10000,500,2,2.945972,2.403557,4000
3218,extrae,10000,2000,5,1.530511,0.980276,250
3219,tikki,10000,500,11,1.153741,0.605582,4000
322,printf,10000,2000,2,2.915244,2.362974,250
3220,empty,10000,1000,6,1.361714,0.809740,1000
3221,tikki,10000,1000,23,1.178535,0.631650,1000
3222,scorep,10000,250,2,2.882123,2.331561,16000
3223,printf,10000,250,16,1.113166,0.564145,16000
3224,scorep,10000,1000,11,1.137703,0.597532,1000
3225,printf,10000,500,3,2.062994,1.520304,4000
3226,void,10000,1000,22,1.129787,0.586308,1000
3227,void,10000,500,20,1.109685,0.561404,4000
3228,scorep,10000,2000,3,2.069790,1.518000,250
3229,void,10000,1000,19,1.123625,0.580404,1000
323,scorep,10000,500,14,1.120790,0.565390,4000
3230,extrae,10000,2000,22,1.331440,0.784343,250
3231,empty,10000,2000,24,1.257761,0.713136,250
3232,empty,10000,250,18,1.107421,0.565269,16000
3233,void,10000,1000,10,1.120493,0.576721,1000
3234,tikki,10000,2000,19,1.276329,0.731984,250
3235,printf,10000,1000,21,1.121723,0.582251,1000
3236,scorep,10000,250,9,1.137026,0.586184,16000
3237,empty,10000,250,12,1.111334,0.566405,16000
3238,printf,10000,2000,16,1.211627,0.668032,250
3239,printf,10000,1000,1,4.881127,4.337411,1000
324,printf,10000,250,9,1.133836,0.585823,16000
3240,empty,10000,2000,19,1.214804,0.675113,250
3241,scorep,10000,500,16,1.113222,0.567492,4000
3242,oot,10000,250,7,1.253688,0.704026,16000
3243,printf,10000,500,14,1.114325,0.565793,4000
3244,extrae,10000,250,1,4.836874,4.289819,16000
3245,extrae,10000,2000,15,1.245983,0.702683,250
3246,scorep,10000,1000,5,1.486643,0.937514,1000
3247,extrae,10000,1000,6,1.379264,0.831929,1000
3248,void,10000,1000,7,1.251674,0.705913,1000
3249,empty,10000,250,14,1.114985,0.567189,16000
325,void,10000,250,20,1.113225,0.567668,16000
3250,empty,10000,250,1,4.805016,4.259836,16000
3251,empty,10000,1000,19,1.117652,0.579869,1000
3252,printf,10000,500,23,1.111177,0.562316,4000
3253,extrae,10000,250,22,1.201666,0.650619,16000
3254,scorep,10000,250,12,1.113691,0.564631,16000
3255,extrae,10000,1000,5,1.493224,0.948755,1000
3256,tikki,10000,2000,2,2.920456,2.375945,250
3257,tikki,10000,250,8,1.228177,0.679417,16000
3258,void,10000,500,5,1.488045,0.943354,4000
3259,oot,10000,500,8,1.187499,0.640865,4000
326,oot,10000,1000,5,1.487152,0.938679,1000
3260,empty,10000,500,2,2.940061,2.392185,4000
3261,oot,10000,500,2,2.962916,2.407948,4000
3262,printf,10000,2000,19,1.238250,0.688466,250
3263,empty,10000,500,10,1.117569,0.575460,4000
3264,oot,10000,1000,10,1.122475,0.576234,1000
3265,printf,10000,2000,1,4.823884,4.279003,250
3266,oot,10000,250,1,4.826609,4.288080,16000
3267,oot,10000,250,16,1.109873,0.567070,16000
3268,void,10000,2000,15,1.199169,0.655336,250
3269,void,10000,1000,13,1.110666,0.567598,1000
327,void,10000,1000,3,2.083889,1.532385,1000
3270,tikki,10000,1000,2,2.958094,2.411523,1000
3271,extrae,10000,2000,12,1.226238,0.680211,250
3272,tikki,10000,500,14,1.150924,0.606578,4000
3273,tikki,10000,500,21,1.161470,0.613546,4000
3274,extrae,10000,250,4,1.775726,1.228343,16000
3275,oot,10000,500,22,1.110183,0.561660,4000
3276,empty,10000,2000,12,1.196447,0.648774,250
3277,tikki,10000,500,2,2.999927,2.457513,4000
3278,oot,10000,2000,22,1.254679,0.703894,250
3279,tikki,10000,2000,6,1.457772,0.915892,250
328,scorep,10000,2000,9,1.221957,0.684326,250
3280,extrae,10000,500,11,1.129738,0.586917,4000
3281,scorep,10000,500,23,1.114764,0.563272,4000
3282,printf,10000,2000,2,2.791314,2.243646,250
3283,void,10000,2000,13,1.190256,0.646292,250
3284,empty,10000,250,8,1.172183,0.622360,16000
3285,printf,10000,500,5,1.499115,0.947888,4000
3286,tikki,10000,1000,16,1.163937,0.614290,1000
3287,empty,10000,500,23,1.109415,0.562810,4000
3288,scorep,10000,1000,18,1.130507,0.579941,1000
3289,oot,10000,1000,19,1.122492,0.578128,1000
329,extrae,10000,1000,6,1.373013,0.824961,1000
3290,void,10000,500,2,2.945229,2.397647,4000
3291,empty,10000,2000,21,1.252088,0.700636,250
3292,extrae,10000,250,21,1.183253,0.642036,16000
3293,extrae,10000,1000,12,1.154484,0.610066,1000
3294,printf,10000,1000,5,1.480161,0.935557,1000
3295,extrae,10000,500,16,1.160041,0.614236,4000
3296,empty,10000,2000,17,1.235034,0.686616,250
3297,tikki,10000,500,13,1.148749,0.599291,4000
3298,scorep,10000,2000,8,1.245717,0.695077,250
3299,void,10000,500,10,1.119493,0.575409,4000
33,printf,10000,1000,15,1.114498,0.568376,1000
330,oot,10000,2000,5,1.517470,0.971608,250
3300,extrae,10000,1000,21,1.194585,0.648798,1000
3301,oot,10000,250,10,1.118462,0.571119,16000
3302,void,10000,1000,14,1.116577,0.569964,1000
3303,void,10000,250,11,1.103293,0.557593,16000
3304,tikki,10000,1000,10,1.166084,0.621773,1000
3305,tikki,10000,250,16,1.159650,0.611640,16000
3306,extrae,10000,2000,3,2.137320,1.591258,250
3307,tikki,10000,2000,3,2.163306,1.617026,250
3308,scorep,10000,250,6,1.353668,0.812939,16000
3309,empty,10000,2000,4,1.696547,1.153533,250
331,empty,10000,1000,24,1.133296,0.587616,1000
3310,void,10000,2000,19,1.227452,0.684419,250
3311,empty,10000,500,4,1.687793,1.144541,4000
3312,scorep,10000,500,14,1.114855,0.566492,4000
3313,scorep,10000,1000,16,1.124875,0.575597,1000
3314,tikki,10000,500,20,1.154733,0.610642,4000
3315,oot,10000,500,13,1.110298,0.560918,4000
3316,empty,10000,250,19,1.111777,0.561819,16000
3317,empty,10000,1000,14,1.118215,0.570898,1000
3318,scorep,10000,2000,15,1.212408,0.659938,250
3319,tikki,10000,2000,22,1.302876,0.758814,250
332,extrae,10000,1000,20,1.191288,0.647087,1000
3320,empty,10000,500,9,1.136002,0.591030,4000
3321,tikki,10000,250,11,1.146417,0.596819,16000
3322,empty,10000,500,5,1.495269,0.949322,4000
3323,extrae,10000,500,15,1.152272,0.606341,4000
3324,printf,10000,1000,13,1.116057,0.566386,1000
3325,extrae,10000,500,1,4.928321,4.380733,4000
3326,printf,10000,2000,3,2.103482,1.561155,250
3327,scorep,10000,250,13,1.110598,0.563020,16000
3328,printf,10000,250,19,1.112657,0.563795,16000
3329,tikki,10000,250,4,1.741881,1.192319,16000
333,empty,10000,1000,17,1.130204,0.578675,1000
3330,extrae,10000,500,19,1.164225,0.622056,4000
3331,empty,10000,500,7,1.261887,0.712260,4000
3332,empty,10000,2000,8,1.241085,0.696190,250
3333,printf,10000,1000,10,1.119385,0.577328,1000
3334,extrae,10000,250,24,1.206647,0.660918,16000
3335,oot,10000,500,9,1.138298,0.588413,4000
3336,oot,10000,2000,4,1.692840,1.147331,250
3337,oot,10000,2000,10,1.187270,0.644244,250
3338,void,10000,250,5,1.478080,0.934180,16000
3339,printf,10000,2000,22,1.251956,0.704988,250
334,tikki,10000,1000,7,1.309205,0.765726,1000
3340,tikki,10000,250,21,1.154492,0.607741,16000
3341,scorep,10000,1000,1,5.797311,5.253446,1000
3342,scorep,10000,250,8,1.177832,0.631877,16000
3343,tikki,10000,2000,1,5.554829,5.007094,250
3344,extrae,10000,1000,2,2.904952,2.362896,1000
3345,empty,10000,2000,18,1.247498,0.695086,250
3346,oot,10000,1000,24,1.136878,0.589615,1000
3347,tikki,10000,2000,9,1.243507,0.698665,250
3348,oot,10000,2000,3,2.079649,1.536552,250
3349,scorep,10000,250,20,1.122440,0.572970,16000
335,scorep,10000,2000,19,1.243390,0.692469,250
3350,extrae,10000,250,5,1.559610,1.014290,16000
3351,scorep,10000,1000,2,2.905880,2.357409,1000
3352,void,10000,500,21,1.110169,0.562555,4000
3353,tikki,10000,500,22,1.150685,0.604028,4000
3354,extrae,10000,250,15,1.162330,0.617537,16000
3355,empty,10000,250,11,1.099406,0.551884,16000
3356,printf,10000,250,12,1.118788,0.573319,16000
3357,empty,10000,500,16,1.109591,0.562879,4000
3358,printf,10000,1000,4,1.675478,1.123750,1000
3359,scorep,10000,250,15,1.115751,0.565054,16000
336,scorep,10000,2000,23,1.242805,0.697576,250
3360,printf,10000,2000,20,1.245205,0.699379,250
3361,tikki,10000,1000,13,1.154344,0.608339,1000
3362,oot,10000,500,2,2.946159,2.398732,4000
3363,extrae,10000,1000,1,4.869498,4.316201,1000
3364,void,10000,2000,15,1.200026,0.657144,250
3365,tikki,10000,500,12,1.163318,0.619347,4000
3366,printf,10000,250,7,1.252347,0.705020,16000
3367,void,10000,1000,1,4.877075,4.330634,1000
3368,scorep,10000,1000,24,1.147999,0.588535,1000
3369,void,10000,1000,4,1.660621,1.119975,1000
337,oot,10000,1000,21,1.126262,0.580850,1000
3370,printf,10000,1000,12,1.118533,0.573836,1000
3371,oot,10000,1000,7,1.255280,0.707861,1000
3372,oot,10000,500,6,1.368672,0.821328,4000
3373,scorep,10000,2000,20,1.248474,0.697031,250
3374,printf,10000,1000,5,1.483851,0.937179,1000
3375,scorep,10000,250,4,1.696955,1.146167,16000
3376,empty,10000,2000,17,1.231181,0.682986,250
3377,printf,10000,1000,8,1.180919,0.633649,1000
3378,void,10000,500,9,1.129419,0.586576,4000
3379,empty,10000,1000,19,1.124591,0.578950,1000
338,extrae,10000,250,7,1.327048,0.779433,16000
3380,tikki,10000,250,11,1.143603,0.596208,16000
3381,extrae,10000,500,4,1.709216,1.162895,4000
3382,void,10000,500,6,1.362906,0.815386,4000
3383,empty,10000,1000,4,1.673672,1.123510,1000
3384,printf,10000,1000,19,1.125409,0.582264,1000
3385,void,10000,1000,2,2.860427,2.317240,1000
3386,void,10000,250,7,1.249115,0.704533,16000
3387,empty,10000,1000,2,2.877679,2.328841,1000
3388,void,10000,500,18,1.106484,0.561764,4000
3389,extrae,10000,1000,20,1.195542,0.650001,1000
339,oot,10000,250,1,4.846605,4.304137,16000
3390,oot,10000,500,21,1.106006,0.561326,4000
3391,oot,10000,500,15,1.109315,0.559161,4000
3392,oot,10000,2000,22,1.259771,0.710615,250
3393,empty,10000,250,8,1.170714,0.628264,16000
3394,oot,10000,2000,23,1.250751,0.704797,250
3395,oot,10000,1000,19,1.129228,0.581537,1000
3396,tikki,10000,250,23,1.152807,0.606724,16000
3397,extrae,10000,2000,3,2.097986,1.552932,250
3398,empty,10000,500,19,1.106843,0.560050,4000
3399,void,10000,250,13,1.107789,0.560857,16000
34,empty,10000,500,20,1.110603,0.565042,4000
340,tikki,10000,2000,5,1.562302,1.022029,250
3400,oot,10000,1000,4,1.667558,1.120811,1000
3401,scorep,10000,1000,1,4.891365,4.343327,1000
3402,printf,10000,250,19,1.105637,0.563645,16000
3403,scorep,10000,500,12,1.120434,0.573065,4000
3404,oot,10000,2000,2,2.790959,2.245796,250
3405,scorep,10000,500,1,5.835014,5.295650,4000
3406,void,10000,500,11,1.094226,0.557394,4000
3407,extrae,10000,2000,21,1.310803,0.764773,250
3408,scorep,10000,500,11,1.105718,0.559862,4000
3409,void,10000,1000,20,1.129936,0.580616,1000
341,empty,10000,2000,23,1.248813,0.703817,250
3410,scorep,10000,1000,14,1.124720,0.574488,1000
3411,extrae,10000,500,11,1.134871,0.589066,4000
3412,oot,10000,250,9,1.124036,0.577051,16000
3413,tikki,10000,500,11,1.141495,0.598489,4000
3414,void,10000,1000,9,1.160305,0.604846,1000
3415,oot,10000,500,18,1.110793,0.560628,4000
3416,printf,10000,250,18,1.117514,0.568704,16000
3417,scorep,10000,250,1,4.845425,4.293844,16000
3418,extrae,10000,1000,19,1.181074,0.642734,1000
3419,printf,10000,2000,8,1.252330,0.707135,250
342,empty,10000,1000,23,1.132891,0.586830,1000
3420,scorep,10000,1000,20,1.132339,0.585044,1000
3421,empty,10000,2000,6,1.407010,0.863182,250
3422,empty,10000,2000,2,2.922333,2.373388,250
3423,tikki,10000,2000,23,1.304814,0.757657,250
3424,empty,10000,500,22,1.104514,0.562140,4000
3425,scorep,10000,250,2,2.906797,2.367398,16000
3426,oot,10000,250,1,4.832861,4.287016,16000
3427,tikki,10000,500,5,1.532632,0.989807,4000
3428,scorep,10000,1000,19,1.129772,0.580022,1000
3429,void,10000,2000,10,1.185523,0.641628,250
343,void,10000,500,14,1.111061,0.565172,4000
3430,tikki,10000,500,4,1.737167,1.192779,4000
3431,void,10000,250,9,1.141976,0.589123,16000
3432,tikki,10000,1000,2,2.941851,2.397919,1000
3433,empty,10000,1000,13,1.117535,0.569350,1000
3434,extrae,10000,2000,17,1.283044,0.736910,250
3435,tikki,10000,250,17,1.155629,0.609340,16000
3436,tikki,10000,1000,11,1.155234,0.607449,1000
3437,empty,10000,250,9,1.127708,0.580075,16000
3438,oot,10000,1000,10,1.121957,0.575973,1000
3439,tikki,10000,500,9,1.175841,0.631156,4000
344,oot,10000,250,2,2.915442,2.364732,16000
3440,extrae,10000,250,15,1.151052,0.608248,16000
3441,tikki,10000,250,20,1.166205,0.620280,16000
3442,scorep,10000,2000,3,2.084408,1.538594,250
3443,oot,10000,2000,1,4.826252,4.280750,250
3444,empty,10000,1000,23,1.120770,0.583429,1000
3445,empty,10000,250,17,1.108301,0.564407,16000
3446,tikki,10000,250,19,1.154220,0.608648,16000
3447,scorep,10000,1000,9,1.131741,0.583959,1000
3448,empty,10000,2000,14,1.200580,0.651642,250
3449,oot,10000,250,21,1.113619,0.567458,16000
345,printf,10000,2000,16,1.225670,0.668752,250
3450,oot,10000,1000,21,1.128329,0.584180,1000
3451,scorep,10000,1000,17,1.124642,0.576025,1000
3452,oot,10000,250,19,1.109781,0.566313,16000
3453,empty,10000,1000,5,1.482480,0.936521,1000
3454,void,10000,1000,5,1.487515,0.939390,1000
3455,scorep,10000,1000,16,1.135084,0.577825,1000
3456,void,10000,2000,21,1.238992,0.691891,250
3457,void,10000,500,24,1.111120,0.563359,4000
3458,void,10000,500,8,1.184040,0.634968,4000
3459,oot,10000,2000,12,1.197196,0.646503,250
346,printf,10000,250,18,1.111018,0.569829,16000
3460,void,10000,2000,1,4.822853,4.279616,250
3461,void,10000,250,5,1.484391,0.940706,16000
3462,printf,10000,2000,16,1.215373,0.668834,250
3463,printf,10000,500,8,1.188316,0.641965,4000
3464,oot,10000,250,20,1.115533,0.569702,16000
3465,oot,10000,500,5,1.495851,0.946209,4000
3466,oot,10000,1000,18,1.127102,0.581242,1000
3467,oot,10000,1000,20,1.133125,0.583988,1000
3468,extrae,10000,250,12,1.157381,0.614092,16000
3469,oot,10000,2000,7,1.326299,0.780208,250
347,void,10000,1000,19,1.128190,0.579147,1000
3470,extrae,10000,1000,2,2.916357,2.364414,1000
3471,oot,10000,250,13,1.110584,0.558884,16000
3472,printf,10000,1000,21,1.128031,0.583762,1000
3473,empty,10000,250,14,1.110452,0.566866,16000
3474,printf,10000,2000,17,1.233157,0.686288,250
3475,void,10000,500,19,1.107181,0.561489,4000
3476,void,10000,500,22,1.113085,0.563076,4000
3477,void,10000,250,1,4.836920,4.285323,16000
3478,oot,10000,1000,16,1.115283,0.572843,1000
3479,oot,10000,250,2,2.883193,2.327891,16000
348,extrae,10000,250,12,1.158519,0.615516,16000
3480,empty,10000,1000,6,1.357437,0.808795,1000
3481,printf,10000,2000,6,1.393585,0.850183,250
3482,void,10000,500,17,1.107374,0.560105,4000
3483,oot,10000,250,6,1.364617,0.815905,16000
3484,extrae,10000,1000,5,1.497456,0.948720,1000
3485,extrae,10000,2000,12,1.232295,0.683594,250
3486,extrae,10000,250,23,1.197122,0.654967,16000
3487,scorep,10000,1000,7,1.258976,0.708342,1000
3488,extrae,10000,250,24,1.207631,0.663112,16000
3489,printf,10000,2000,13,1.187604,0.641566,250
349,void,10000,2000,18,1.234216,0.688241,250
3490,oot,10000,500,24,1.110760,0.566936,4000
3491,empty,10000,1000,10,1.131860,0.580697,1000
3492,tikki,10000,500,6,1.416253,0.866283,4000
3493,extrae,10000,1000,21,1.200766,0.649643,1000
3494,scorep,10000,2000,16,1.208445,0.662998,250
3495,extrae,10000,500,21,1.172179,0.629258,4000
3496,tikki,10000,500,19,1.154354,0.607677,4000
3497,tikki,10000,2000,8,1.297948,0.748358,250
3498,void,10000,500,3,2.096906,1.553539,4000
3499,scorep,10000,2000,7,1.327383,0.780920,250
35,extrae,10000,500,21,1.181889,0.628936,4000
350,tikki,10000,500,22,1.152387,0.609216,4000
3500,void,10000,2000,9,1.196562,0.649687,250
3501,tikki,10000,500,7,1.305607,0.761379,4000
3502,empty,10000,2000,9,1.207556,0.661815,250
3503,printf,10000,250,10,1.113189,0.567402,16000
3504,empty,10000,2000,13,1.189198,0.644265,250
3505,oot,10000,250,10,1.113736,0.570107,16000
3506,tikki,10000,1000,15,1.158113,0.613867,1000
3507,void,10000,250,17,1.111823,0.563882,16000
3508,printf,10000,500,19,1.111096,0.562979,4000
3509,oot,10000,2000,4,1.728003,1.175199,250
351,extrae,10000,250,23,1.207207,0.656137,16000
3510,scorep,10000,250,5,1.497698,0.949443,16000
3511,void,10000,500,5,1.500046,0.951787,4000
3512,void,10000,2000,5,1.519556,0.972742,250
3513,extrae,10000,250,16,1.165670,0.623263,16000
3514,tikki,10000,1000,1,5.626864,5.081979,1000
3515,empty,10000,1000,11,1.109214,0.568272,1000
3516,tikki,10000,500,2,3.018069,2.468961,4000
3517,extrae,10000,500,7,1.291069,0.738719,4000
3518,printf,10000,250,1,4.867365,4.320108,16000
3519,tikki,10000,250,3,2.187477,1.644301,16000
352,void,10000,250,8,1.178240,0.633176,16000
3520,void,10000,250,10,1.109021,0.563929,16000
3521,printf,10000,2000,2,2.909917,2.363523,250
3522,extrae,10000,250,8,1.236073,0.688466,16000
3523,empty,10000,250,20,1.108413,0.564777,16000
3524,tikki,10000,2000,1,5.547501,4.999053,250
3525,scorep,10000,250,24,1.109259,0.569625,16000
3526,oot,10000,2000,3,2.064901,1.515633,250
3527,tikki,10000,1000,23,1.180232,0.635262,1000
3528,void,10000,500,15,1.100692,0.557125,4000
3529,scorep,10000,500,3,2.129073,1.587844,4000
353,void,10000,250,2,2.862541,2.316611,16000
3530,empty,10000,500,14,1.110374,0.566501,4000
3531,void,10000,1000,16,1.123977,0.571370,1000
3532,printf,10000,2000,1,4.821943,4.272031,250
3533,extrae,10000,500,3,2.121631,1.580348,4000
3534,void,10000,250,23,1.111478,0.568394,16000
3535,tikki,10000,2000,19,1.271623,0.722059,250
3536,extrae,10000,500,23,1.181417,0.637301,4000
3537,empty,10000,2000,16,1.207877,0.660106,250
3538,oot,10000,250,14,1.111423,0.569719,16000
3539,scorep,10000,2000,13,1.194879,0.647757,250
354,scorep,10000,1000,8,1.190078,0.635497,1000
3540,void,10000,2000,7,1.306094,0.764908,250
3541,empty,10000,250,7,1.245191,0.700973,16000
3542,printf,10000,500,16,1.107794,0.563427,4000
3543,printf,10000,250,16,1.120389,0.568686,16000
3544,extrae,10000,500,6,1.386318,0.837679,4000
3545,empty,10000,500,13,1.109592,0.556082,4000
3546,tikki,10000,2000,3,2.124574,1.571288,250
3547,printf,10000,500,22,1.112485,0.565684,4000
3548,tikki,10000,250,6,1.403168,0.854305,16000
3549,tikki,10000,1000,10,1.168992,0.622847,1000
355,void,10000,500,16,1.107895,0.563652,4000
3550,tikki,10000,2000,2,2.845959,2.297107,250
3551,extrae,10000,500,1,4.920057,4.375535,4000
3552,printf,10000,500,13,1.106288,0.563991,4000
3553,void,10000,250,21,1.117295,0.567177,16000
3554,tikki,10000,1000,18,1.162875,0.618462,1000
3555,scorep,10000,250,19,1.113161,0.566667,16000
3556,void,10000,2000,3,2.091058,1.546089,250
3557,tikki,10000,1000,20,1.166518,0.624399,1000
3558,tikki,10000,500,21,1.158186,0.615901,4000
3559,scorep,10000,250,18,1.118590,0.569180,16000
356,empty,10000,1000,11,1.113341,0.565421,1000
3560,printf,10000,2000,7,1.303580,0.759013,250
3561,oot,10000,2000,14,1.208800,0.661766,250
3562,oot,10000,500,14,1.113090,0.566494,4000
3563,scorep,10000,2000,11,1.191197,0.640534,250
3564,void,10000,250,11,1.095840,0.552661,16000
3565,oot,10000,500,19,1.109934,0.563031,4000
3566,oot,10000,2000,6,1.411801,0.863571,250
3567,printf,10000,2000,20,1.242350,0.696808,250
3568,empty,10000,1000,15,1.115345,0.568034,1000
3569,tikki,10000,1000,12,1.164258,0.620018,1000
357,void,10000,1000,18,1.124501,0.581319,1000
3570,empty,10000,250,21,1.109970,0.566447,16000
3571,printf,10000,1000,7,1.252293,0.708209,1000
3572,oot,10000,1000,24,1.133544,0.591632,1000
3573,printf,10000,1000,14,1.112746,0.570447,1000
3574,scorep,10000,2000,24,1.254773,0.691056,250
3575,extrae,10000,500,24,1.184510,0.644074,4000
3576,void,10000,1000,21,1.127885,0.579965,1000
3577,empty,10000,1000,22,1.133159,0.585314,1000
3578,void,10000,2000,19,1.241131,0.694548,250
3579,printf,10000,1000,3,2.071426,1.528471,1000
358,extrae,10000,2000,22,1.312710,0.766753,250
3580,extrae,10000,1000,10,1.159790,0.611885,1000
3581,oot,10000,250,17,1.110609,0.566653,16000
3582,scorep,10000,500,8,1.186262,0.638852,4000
3583,void,10000,250,6,1.360234,0.811171,16000
3584,printf,10000,1000,1,4.843916,4.301983,1000
3585,scorep,10000,500,24,1.106105,0.564028,4000
3586,empty,10000,250,1,4.830045,4.281323,16000
3587,oot,10000,500,4,1.678420,1.140317,4000
3588,empty,10000,500,10,1.118084,0.573873,4000
3589,extrae,10000,1000,22,1.203377,0.655090,1000
359,oot,10000,1000,13,1.114277,0.569598,1000
3590,extrae,10000,500,10,1.153039,0.607347,4000
3591,tikki,10000,2000,15,1.249776,0.703744,250
3592,extrae,10000,2000,16,1.257488,0.717152,250
3593,oot,10000,1000,3,2.080833,1.540513,1000
3594,void,10000,250,18,1.110437,0.565634,16000
3595,tikki,10000,2000,10,1.247918,0.701624,250
3596,extrae,10000,2000,6,1.423656,0.880365,250
3597,tikki,10000,2000,9,1.256316,0.708396,250
3598,empty,10000,2000,10,1.187368,0.643399,250
3599,void,10000,250,8,1.174898,0.627027,16000
36,oot,10000,500,17,1.107885,0.560318,4000
360,void,10000,250,18,1.108309,0.562816,16000
3600,tikki,10000,2000,4,1.754180,1.203496,250
3601,void,10000,2000,22,1.254442,0.709417,250
3602,scorep,10000,2000,1,4.833292,4.286774,250
3603,extrae,10000,500,20,1.171031,0.629258,4000
3604,printf,10000,250,2,2.897949,2.344632,16000
3605,printf,10000,1000,23,1.134925,0.584886,1000
3606,extrae,10000,250,13,1.151017,0.607370,16000
3607,void,10000,250,22,1.113256,0.568162,16000
3608,printf,10000,500,3,2.091668,1.541508,4000
3609,tikki,10000,1000,9,1.167782,0.620741,1000
361,oot,10000,500,24,1.108594,0.563074,4000
3610,oot,10000,500,9,1.135708,0.589375,4000
3611,oot,10000,2000,19,1.245697,0.694497,250
3612,void,10000,1000,10,1.120453,0.573930,1000
3613,oot,10000,500,10,1.126504,0.577629,4000
3614,extrae,10000,250,20,1.183633,0.637864,16000
3615,printf,10000,2000,3,2.112344,1.562596,250
3616,extrae,10000,1000,14,1.162497,0.613065,1000
3617,scorep,10000,2000,5,1.522664,0.977493,250
3618,extrae,10000,2000,14,1.241405,0.694104,250
3619,empty,10000,1000,12,1.118643,0.573699,1000
362,scorep,10000,500,1,4.954061,4.402559,4000
3620,extrae,10000,1000,12,1.154647,0.611730,1000
3621,printf,10000,500,15,1.111122,0.563773,4000
3622,extrae,10000,250,21,1.193070,0.644633,16000
3623,scorep,10000,250,6,1.378010,0.814915,16000
3624,scorep,10000,500,16,1.117055,0.566367,4000
3625,tikki,10000,2000,18,1.274073,0.725418,250
3626,extrae,10000,500,14,1.153408,0.609731,4000
3627,void,10000,500,16,1.109105,0.562870,4000
3628,oot,10000,500,1,4.945366,4.394013,4000
3629,printf,10000,1000,20,1.121451,0.582198,1000
363,oot,10000,500,5,1.490065,0.947945,4000
3630,void,10000,1000,13,1.110166,0.567389,1000
3631,extrae,10000,1000,4,1.675117,1.127507,1000
3632,scorep,10000,500,15,1.116447,0.563910,4000
3633,empty,10000,250,11,1.099478,0.550201,16000
3634,extrae,10000,250,19,1.178176,0.632815,16000
3635,tikki,10000,250,7,1.308530,0.761373,16000
3636,empty,10000,2000,22,1.256605,0.706318,250
3637,empty,10000,500,7,1.253056,0.711262,4000
3638,tikki,10000,250,4,1.739316,1.186802,16000
3639,empty,10000,2000,3,2.108927,1.561670,250
364,empty,10000,2000,1,4.824159,4.278786,250
3640,oot,10000,1000,14,1.117415,0.573951,1000
3641,void,10000,500,14,1.110079,0.562860,4000
3642,scorep,10000,250,9,1.137344,0.584828,16000
3643,printf,10000,500,4,1.696440,1.153434,4000
3644,empty,10000,250,12,1.116252,0.568928,16000
3645,tikki,10000,250,15,1.169419,0.624309,16000
3646,void,10000,250,24,1.119494,0.573039,16000
3647,printf,10000,2000,23,1.249754,0.703446,250
3648,printf,10000,1000,2,2.827333,2.282546,1000
3649,oot,10000,500,12,1.124675,0.571511,4000
365,oot,10000,2000,4,1.683689,1.142940,250
3650,oot,10000,1000,2,2.890541,2.339051,1000
3651,oot,10000,250,24,1.121818,0.571833,16000
3652,empty,10000,2000,7,1.305787,0.758889,250
3653,empty,10000,250,3,2.076420,1.533343,16000
3654,void,10000,500,4,1.684713,1.137240,4000
3655,scorep,10000,250,3,2.139321,1.587448,16000
3656,oot,10000,250,7,1.259060,0.707715,16000
3657,printf,10000,500,14,1.109540,0.565084,4000
3658,extrae,10000,2000,7,1.330130,0.781374,250
3659,printf,10000,250,5,1.500835,0.955161,16000
366,extrae,10000,2000,3,2.084217,1.540893,250
3660,tikki,10000,1000,3,2.150816,1.607617,1000
3661,empty,10000,2000,1,4.812805,4.267860,250
3662,printf,10000,500,2,2.928732,2.387283,4000
3663,empty,10000,500,11,1.118144,0.560043,4000
3664,printf,10000,250,11,1.106060,0.559471,16000
3665,printf,10000,2000,10,1.189648,0.647031,250
3666,void,10000,250,12,1.113739,0.566325,16000
3667,void,10000,2000,14,1.205295,0.656997,250
3668,extrae,10000,250,11,1.140129,0.597760,16000
3669,scorep,10000,1000,23,1.131530,0.589866,1000
367,extrae,10000,2000,9,1.224075,0.682147,250
3670,extrae,10000,1000,13,1.148193,0.608443,1000
3671,scorep,10000,2000,4,1.703062,1.154597,250
3672,void,10000,500,20,1.105873,0.563689,4000
3673,tikki,10000,2000,7,1.360933,0.813363,250
3674,void,10000,250,16,1.109644,0.564576,16000
3675,oot,10000,500,20,1.111772,0.564571,4000
3676,scorep,10000,500,17,1.115656,0.562065,4000
3677,void,10000,2000,20,1.245660,0.700133,250
3678,extrae,10000,2000,18,1.294739,0.752721,250
3679,printf,10000,2000,12,1.195162,0.645200,250
368,printf,10000,250,8,1.182171,0.636700,16000
3680,empty,10000,250,23,1.112378,0.567973,16000
3681,tikki,10000,1000,8,1.217881,0.669156,1000
3682,tikki,10000,1000,6,1.396206,0.851618,1000
3683,scorep,10000,2000,2,2.847789,2.297290,250
3684,extrae,10000,250,9,1.189620,0.643452,16000
3685,scorep,10000,2000,18,1.244742,0.696938,250
3686,extrae,10000,250,18,1.180670,0.633689,16000
3687,tikki,10000,2000,14,1.243454,0.697759,250
3688,oot,10000,1000,23,1.132823,0.585626,1000
3689,printf,10000,2000,4,1.697100,1.155104,250
369,void,10000,2000,3,2.073677,1.529257,250
3690,scorep,10000,500,23,1.103837,0.564439,4000
3691,extrae,10000,500,8,1.212894,0.667624,4000
3692,printf,10000,500,12,1.121426,0.573086,4000
3693,extrae,10000,1000,11,1.146367,0.595680,1000
3694,printf,10000,250,23,1.114671,0.568081,16000
3695,oot,10000,500,8,1.185185,0.640854,4000
3696,printf,10000,1000,10,1.123131,0.574664,1000
3697,scorep,10000,1000,15,1.119013,0.570143,1000
3698,printf,10000,1000,15,1.120429,0.572992,1000
3699,printf,10000,500,10,1.119922,0.574005,4000
37,printf,10000,250,24,1.123068,0.572256,16000
370,tikki,10000,500,1,5.704689,5.160023,4000
3700,empty,10000,2000,19,1.242590,0.695107,250
3701,void,10000,250,4,1.670941,1.127554,16000
3702,tikki,10000,500,15,1.148464,0.604860,4000
3703,printf,10000,1000,11,1.112585,0.565045,1000
3704,tikki,10000,2000,16,1.247159,0.701787,250
3705,void,10000,1000,8,1.178251,0.633562,1000
3706,scorep,10000,500,9,1.141776,0.593635,4000
3707,extrae,10000,250,3,2.183888,1.637579,16000
3708,printf,10000,2000,18,1.245186,0.697721,250
3709,oot,10000,500,22,1.106349,0.560644,4000
371,void,10000,500,12,1.112443,0.570585,4000
3710,scorep,10000,1000,3,2.098377,1.547585,1000
3711,extrae,10000,250,5,1.563780,1.017385,16000
3712,empty,10000,500,6,1.358170,0.814870,4000
3713,scorep,10000,2000,9,1.205021,0.657363,250
3714,printf,10000,2000,14,1.203581,0.659640,250
3715,printf,10000,1000,13,1.114825,0.567740,1000
3716,void,10000,1000,22,1.128776,0.584864,1000
3717,tikki,10000,1000,7,1.302381,0.758284,1000
3718,tikki,10000,2000,11,1.233382,0.687345,250
3719,empty,10000,250,22,1.110935,0.568618,16000
372,empty,10000,1000,1,4.886465,4.332875,1000
3720,empty,10000,1000,18,1.127158,0.581699,1000
3721,empty,10000,2000,8,1.255485,0.710232,250
3722,empty,10000,1000,8,1.175942,0.631664,1000
3723,tikki,10000,500,20,1.149103,0.602891,4000
3724,void,10000,250,14,1.112863,0.566383,16000
3725,empty,10000,500,17,1.107254,0.559864,4000
3726,extrae,10000,250,6,1.432720,0.880989,16000
3727,empty,10000,500,4,1.698641,1.148484,4000
3728,tikki,10000,1000,16,1.163870,0.612431,1000
3729,printf,10000,1000,17,1.121784,0.577143,1000
373,scorep,10000,500,7,1.258093,0.722244,4000
3730,void,10000,2000,12,1.189547,0.644248,250
3731,printf,10000,250,20,1.115583,0.568880,16000
3732,empty,10000,500,12,1.121912,0.572374,4000
3733,void,10000,1000,6,1.368853,0.820354,1000
3734,oot,10000,500,7,1.262366,0.716198,4000
3735,scorep,10000,1000,12,1.126078,0.583884,1000
3736,tikki,10000,500,16,1.145508,0.602550,4000
3737,empty,10000,500,3,2.101337,1.553905,4000
3738,scorep,10000,250,11,1.108065,0.559024,16000
3739,empty,10000,250,24,1.112072,0.566952,16000
374,printf,10000,1000,14,1.115108,0.573033,1000
3740,oot,10000,250,8,1.176203,0.631065,16000
3741,printf,10000,2000,24,1.271589,0.725835,250
3742,scorep,10000,250,12,1.119934,0.573345,16000
3743,printf,10000,2000,22,1.257887,0.713238,250
3744,scorep,10000,2000,19,1.239294,0.688048,250
3745,printf,10000,500,7,1.257267,0.713883,4000
3746,void,10000,1000,11,1.116899,0.566536,1000
3747,printf,10000,250,14,1.115467,0.568377,16000
3748,printf,10000,500,1,4.952750,4.404547,4000
3749,empty,10000,2000,23,1.238877,0.700303,250
375,void,10000,2000,24,1.257134,0.708282,250
3750,scorep,10000,2000,15,1.198003,0.653860,250
3751,extrae,10000,500,15,1.154498,0.608608,4000
3752,scorep,10000,2000,23,1.235950,0.694703,250
3753,empty,10000,2000,18,1.244040,0.694397,250
3754,scorep,10000,500,7,1.266885,0.720225,4000
3755,printf,10000,500,17,1.112682,0.560171,4000
3756,printf,10000,2000,19,1.244925,0.696970,250
3757,empty,10000,250,13,1.104670,0.556501,16000
3758,extrae,10000,2000,2,2.781887,2.230569,250
3759,empty,10000,250,16,1.114351,0.566954,16000
376,extrae,10000,500,1,4.923329,4.376895,4000
3760,void,10000,1000,23,1.134300,0.585968,1000
3761,empty,10000,250,5,1.476635,0.931804,16000
3762,printf,10000,250,15,1.111160,0.563275,16000
3763,printf,10000,1000,6,1.363597,0.817625,1000
3764,oot,10000,1000,9,1.131300,0.581837,1000
3765,tikki,10000,500,23,1.154333,0.607911,4000
3766,tikki,10000,2000,17,1.267502,0.718293,250
3767,scorep,10000,500,4,1.712676,1.164339,4000
3768,extrae,10000,500,2,2.982319,2.434800,4000
3769,scorep,10000,1000,6,1.377994,0.816800,1000
377,void,10000,1000,14,1.111535,0.571448,1000
3770,oot,10000,2000,18,1.238723,0.691209,250
3771,tikki,10000,250,13,1.142463,0.598372,16000
3772,printf,10000,1000,24,1.135168,0.590283,1000
3773,scorep,10000,500,5,1.501742,0.952271,4000
3774,empty,10000,500,1,4.915746,4.368847,4000
3775,empty,10000,500,15,1.100183,0.558182,4000
3776,void,10000,500,21,1.107152,0.561873,4000
3777,void,10000,1000,15,1.118529,0.569525,1000
3778,oot,10000,2000,9,1.197001,0.653659,250
3779,tikki,10000,500,3,2.158016,1.613483,4000
378,extrae,10000,1000,8,1.201811,0.655912,1000
3780,printf,10000,1000,22,1.134884,0.586051,1000
3781,empty,10000,1000,9,1.125175,0.582711,1000
3782,printf,10000,250,4,1.805276,1.256924,16000
3783,extrae,10000,250,4,1.785445,1.235974,16000
3784,tikki,10000,500,8,1.223996,0.679459,4000
3785,scorep,10000,250,17,1.107765,0.560585,16000
3786,oot,10000,250,12,1.114249,0.569887,16000
3787,tikki,10000,1000,21,1.166773,0.620435,1000
3788,extrae,10000,2000,5,1.534553,0.988159,250
3789,tikki,10000,500,24,1.144261,0.599025,4000
379,scorep,10000,2000,21,1.240188,0.690499,250
3790,extrae,10000,2000,9,1.226126,0.678489,250
3791,printf,10000,250,13,1.104375,0.560525,16000
3792,empty,10000,2000,15,1.208692,0.657947,250
3793,tikki,10000,1000,24,1.178526,0.633010,1000
3794,printf,10000,250,8,1.179925,0.633626,16000
3795,scorep,10000,1000,4,1.677667,1.128850,1000
3796,extrae,10000,1000,23,1.206889,0.661865,1000
3797,scorep,10000,2000,12,1.194578,0.647143,250
3798,void,10000,250,20,1.113917,0.566133,16000
3799,void,10000,500,1,4.935974,4.389954,4000
38,extrae,10000,2000,6,1.424564,0.862576,250
380,tikki,10000,500,8,1.228248,0.681983,4000
3800,printf,10000,500,11,1.097977,0.558459,4000
3801,empty,10000,2000,12,1.193361,0.646583,250
3802,extrae,10000,1000,6,1.367396,0.824616,1000
3803,extrae,10000,2000,23,1.332013,0.787733,250
3804,scorep,10000,500,22,1.111963,0.563220,4000
3805,printf,10000,250,22,1.114554,0.569703,16000
3806,empty,10000,500,18,1.109085,0.562331,4000
3807,void,10000,2000,24,1.260647,0.711950,250
3808,empty,10000,500,21,1.106658,0.562351,4000
3809,void,10000,1000,12,1.124948,0.577652,1000
381,scorep,10000,1000,22,1.141365,0.588895,1000
3810,tikki,10000,500,1,5.704097,5.156329,4000
3811,extrae,10000,2000,4,1.695019,1.155474,250
3812,scorep,10000,1000,11,1.116468,0.566882,1000
3813,extrae,10000,2000,8,1.259663,0.712680,250
3814,tikki,10000,250,10,1.175868,0.628014,16000
3815,tikki,10000,2000,24,1.310449,0.760620,250
3816,oot,10000,1000,22,1.131097,0.585303,1000
3817,scorep,10000,1000,18,1.134742,0.581920,1000
3818,oot,10000,500,16,1.110144,0.562603,4000
3819,void,10000,250,2,2.889540,2.339436,16000
382,void,10000,1000,23,1.132320,0.589028,1000
3820,tikki,10000,2000,21,1.289881,0.743866,250
3821,printf,10000,250,12,1.114086,0.570662,16000
3822,scorep,10000,1000,13,1.115073,0.566627,1000
3823,empty,10000,1000,7,1.252215,0.708831,1000
3824,empty,10000,500,8,1.190413,0.643760,4000
3825,scorep,10000,500,19,1.119152,0.564992,4000
3826,tikki,10000,1000,14,1.166599,0.612667,1000
3827,extrae,10000,250,2,3.143307,2.597003,16000
3828,printf,10000,500,20,1.118478,0.563041,4000
3829,empty,10000,2000,4,1.689765,1.141880,250
383,void,10000,500,21,1.107353,0.561019,4000
3830,extrae,10000,250,22,1.194529,0.650688,16000
3831,tikki,10000,500,17,1.161949,0.616025,4000
3832,oot,10000,1000,15,1.119336,0.571158,1000
3833,oot,10000,1000,5,1.486492,0.941867,1000
3834,scorep,10000,1000,22,1.137233,0.587046,1000
3835,tikki,10000,250,9,1.184963,0.641364,16000
3836,scorep,10000,2000,17,1.234771,0.685160,250
3837,printf,10000,2000,21,1.253550,0.709941,250
3838,scorep,10000,2000,14,1.201284,0.662107,250
3839,printf,10000,1000,9,1.130644,0.588231,1000
384,tikki,10000,1000,9,1.180386,0.630370,1000
3840,extrae,10000,500,16,1.162108,0.616575,4000
3841,oot,10000,2000,24,1.259369,0.708599,250
3842,scorep,10000,500,6,1.368024,0.822316,4000
3843,empty,10000,500,20,1.110886,0.562438,4000
3844,empty,10000,1000,24,1.140446,0.590633,1000
3845,scorep,10000,500,10,1.128428,0.579588,4000
3846,empty,10000,500,24,1.107097,0.562772,4000
3847,oot,10000,250,5,1.481916,0.934783,16000
3848,extrae,10000,2000,11,1.222686,0.674217,250
3849,empty,10000,1000,3,2.107439,1.561480,1000
385,scorep,10000,250,15,1.113759,0.565523,16000
3850,extrae,10000,500,22,1.184620,0.635354,4000
3851,extrae,10000,2000,20,1.304693,0.758317,250
3852,void,10000,500,10,1.118072,0.576913,4000
3853,extrae,10000,500,17,1.167325,0.619898,4000
3854,oot,10000,2000,15,1.205222,0.656310,250
3855,tikki,10000,250,1,5.626024,5.081752,16000
3856,void,10000,2000,18,1.233189,0.690712,250
3857,empty,10000,500,2,2.934757,2.389588,4000
3858,void,10000,1000,7,1.260192,0.708360,1000
3859,oot,10000,2000,20,1.240023,0.694291,250
386,empty,10000,500,11,1.104910,0.557045,4000
3860,extrae,10000,250,10,1.166553,0.618564,16000
3861,printf,10000,2000,9,1.200102,0.652420,250
3862,printf,10000,2000,15,1.201873,0.658272,250
3863,oot,10000,250,16,1.110352,0.567672,16000
3864,void,10000,1000,24,1.136780,0.588348,1000
3865,scorep,10000,250,22,1.120803,0.573056,16000
3866,empty,10000,1000,17,1.120635,0.572690,1000
3867,empty,10000,500,16,1.114511,0.561614,4000
3868,scorep,10000,500,18,1.116162,0.566282,4000
3869,scorep,10000,250,15,1.104782,0.564729,16000
387,scorep,10000,1000,21,1.137425,0.582648,1000
3870,extrae,10000,2000,24,1.343147,0.794314,250
3871,extrae,10000,1000,16,1.166405,0.626788,1000
3872,tikki,10000,1000,5,1.516484,0.971426,1000
3873,extrae,10000,1000,18,1.188059,0.642405,1000
3874,void,10000,250,19,1.110633,0.564400,16000
3875,extrae,10000,2000,15,1.254861,0.707267,250
3876,empty,10000,500,23,1.104543,0.562854,4000
3877,scorep,10000,2000,8,1.247960,0.694135,250
3878,tikki,10000,1000,19,1.165376,0.620490,1000
3879,void,10000,500,13,1.099734,0.556162,4000
388,tikki,10000,500,13,1.154717,0.606306,4000
3880,empty,10000,2000,21,1.259699,0.705037,250
3881,printf,10000,250,21,1.111269,0.565562,16000
3882,scorep,10000,2000,21,1.253357,0.703092,250
3883,scorep,10000,500,13,1.105003,0.560124,4000
3884,void,10000,2000,17,1.229816,0.682575,250
3885,void,10000,1000,19,1.126611,0.580041,1000
3886,printf,10000,250,3,2.100836,1.556884,16000
3887,tikki,10000,500,13,1.165762,0.617144,4000
3888,scorep,10000,250,23,1.120934,0.569234,16000
3889,tikki,10000,2000,6,1.453234,0.906736,250
389,oot,10000,250,22,1.123603,0.573890,16000
3890,printf,10000,250,24,1.109519,0.569480,16000
3891,extrae,10000,250,17,1.168527,0.625235,16000
3892,scorep,10000,500,20,1.131212,0.564486,4000
3893,void,10000,250,15,1.108411,0.558680,16000
3894,printf,10000,1000,18,1.122262,0.578809,1000
3895,extrae,10000,250,7,1.323913,0.778206,16000
3896,extrae,10000,2000,19,1.295343,0.752837,250
3897,void,10000,500,2,2.935710,2.394375,4000
3898,extrae,10000,500,19,1.169239,0.622789,4000
3899,empty,10000,500,9,1.140578,0.589625,4000
39,empty,10000,2000,11,1.196465,0.646475,250
390,scorep,10000,500,22,1.132319,0.566874,4000
3900,scorep,10000,500,14,1.119456,0.568461,4000
3901,scorep,10000,250,7,1.253443,0.704969,16000
3902,extrae,10000,500,12,1.159076,0.611662,4000
3903,printf,10000,2000,11,1.196792,0.645608,250
3904,extrae,10000,1000,8,1.202460,0.661144,1000
3905,tikki,10000,250,18,1.165936,0.619655,16000
3906,printf,10000,1000,4,1.671444,1.126486,1000
3907,empty,10000,2000,11,1.186712,0.637315,250
3908,oot,10000,2000,16,1.207470,0.665900,250
3909,oot,10000,2000,17,1.234342,0.687005,250
391,tikki,10000,250,11,1.152384,0.600380,16000
3910,oot,10000,250,22,1.116726,0.571793,16000
3911,empty,10000,1000,1,4.849419,4.301415,1000
3912,oot,10000,250,18,1.104939,0.565997,16000
3913,tikki,10000,2000,5,1.567575,1.020943,250
3914,printf,10000,1000,16,1.115736,0.573529,1000
3915,scorep,10000,250,21,1.120047,0.566872,16000
3916,empty,10000,1000,14,1.113942,0.570481,1000
3917,oot,10000,1000,17,1.120960,0.574494,1000
3918,oot,10000,250,3,2.091420,1.549332,16000
3919,scorep,10000,250,14,1.114852,0.565596,16000
392,extrae,10000,2000,15,1.249338,0.705502,250
3920,tikki,10000,250,8,1.227030,0.683731,16000
3921,extrae,10000,500,13,1.151773,0.604447,4000
3922,tikki,10000,250,24,1.163638,0.614037,16000
3923,extrae,10000,1000,24,1.212032,0.667361,1000
3924,empty,10000,1000,16,1.118050,0.571280,1000
3925,empty,10000,250,10,1.117494,0.573294,16000
3926,extrae,10000,250,1,4.831984,4.289001,16000
3927,extrae,10000,1000,3,2.072324,1.535027,1000
3928,scorep,10000,2000,22,1.230389,0.685712,250
3929,empty,10000,250,18,1.106949,0.567037,16000
393,oot,10000,2000,7,1.327732,0.780009,250
3930,tikki,10000,2000,20,1.297595,0.751439,250
3931,oot,10000,2000,5,1.542882,0.996138,250
3932,extrae,10000,500,9,1.161975,0.620440,4000
3933,scorep,10000,1000,8,1.183884,0.637814,1000
3934,oot,10000,1000,11,1.111989,0.566006,1000
3935,printf,10000,500,9,1.137066,0.590385,4000
3936,oot,10000,2000,13,1.194744,0.647666,250
3937,extrae,10000,2000,22,1.315571,0.772211,250
3938,oot,10000,250,23,1.114265,0.569828,16000
3939,scorep,10000,1000,5,1.482201,0.935914,1000
394,scorep,10000,1000,10,1.127472,0.579734,1000
3940,scorep,10000,500,21,1.116573,0.565096,4000
3941,tikki,10000,250,12,1.160264,0.613556,16000
3942,void,10000,500,12,1.117557,0.571895,4000
3943,oot,10000,1000,13,1.110644,0.565302,1000
3944,scorep,10000,1000,10,1.127738,0.578094,1000
3945,printf,10000,2000,5,1.501863,0.953436,250
3946,void,10000,250,3,2.102020,1.556851,16000
3947,extrae,10000,2000,13,1.228725,0.683962,250
3948,tikki,10000,250,2,2.936390,2.395552,16000
3949,printf,10000,500,18,1.108371,0.562915,4000
395,printf,10000,2000,12,1.196279,0.649792,250
3950,void,10000,2000,2,2.791850,2.243194,250
3951,empty,10000,2000,20,1.243559,0.700225,250
3952,scorep,10000,250,16,1.101601,0.560377,16000
3953,scorep,10000,250,13,1.107921,0.560405,16000
3954,extrae,10000,1000,15,1.158922,0.616882,1000
3955,scorep,10000,250,10,1.125954,0.575858,16000
3956,printf,10000,500,6,1.368285,0.817916,4000
3957,empty,10000,2000,24,1.257465,0.707140,250
3958,void,10000,1000,17,1.120193,0.578212,1000
3959,tikki,10000,1000,22,1.179296,0.631731,1000
396,tikki,10000,2000,10,1.250583,0.703144,250
3960,oot,10000,500,17,1.104385,0.557839,4000
3961,printf,10000,250,9,1.131760,0.586204,16000
3962,extrae,10000,500,5,1.516789,0.971722,4000
3963,empty,10000,250,4,1.669433,1.127254,16000
3964,tikki,10000,250,22,1.180859,0.636497,16000
3965,void,10000,1000,14,1.114603,0.569047,1000
3966,scorep,10000,1000,2,2.939777,2.387997,1000
3967,printf,10000,500,5,1.500540,0.953796,4000
3968,empty,10000,250,19,1.110745,0.565415,16000
3969,oot,10000,500,23,1.112904,0.567411,4000
397,tikki,10000,2000,15,1.243831,0.699360,250
3970,oot,10000,2000,8,1.239616,0.689584,250
3971,empty,10000,1000,21,1.124026,0.583458,1000
3972,scorep,10000,250,8,1.184020,0.633056,16000
3973,tikki,10000,500,14,1.163814,0.617500,4000
3974,oot,10000,500,11,1.105361,0.559110,4000
3975,printf,10000,500,23,1.108055,0.559540,4000
3976,empty,10000,250,6,1.357555,0.810161,16000
3977,void,10000,2000,13,1.195173,0.646799,250
3978,void,10000,2000,16,1.216802,0.668592,250
3979,oot,10000,500,13,1.109809,0.564087,4000
398,printf,10000,2000,22,1.245301,0.707559,250
3980,tikki,10000,250,5,1.537550,0.986621,16000
3981,void,10000,2000,6,1.393233,0.849577,250
3982,void,10000,1000,3,2.082377,1.536277,1000
3983,printf,10000,250,6,1.359758,0.813204,16000
3984,tikki,10000,500,10,1.169734,0.623765,4000
3985,void,10000,1000,18,1.130793,0.579880,1000
3986,printf,10000,500,21,1.114774,0.565834,4000
3987,scorep,10000,250,20,1.103770,0.562590,16000
3988,extrae,10000,2000,10,1.216683,0.670061,250
3989,void,10000,500,7,1.256077,0.715317,4000
399,extrae,10000,250,5,1.570827,1.027549,16000
3990,tikki,10000,1000,4,1.711993,1.163014,1000
3991,void,10000,2000,23,1.263870,0.716191,250
3992,tikki,10000,500,22,1.152879,0.606440,4000
3993,oot,10000,2000,21,1.245487,0.697328,250
3994,empty,10000,250,15,1.102898,0.560017,16000
3995,scorep,10000,500,2,2.966219,2.414996,4000
3996,extrae,10000,1000,17,1.184931,0.632158,1000
3997,printf,10000,250,17,1.110886,0.562883,16000
3998,tikki,10000,500,18,1.149741,0.603475,4000
3999,printf,10000,500,24,1.116501,0.564296,4000
4,printf,10000,2000,1,4.832093,4.281382,250
40,empty,10000,2000,20,1.241854,0.694487,250
400,empty,10000,1000,9,1.132632,0.579214,1000
4000,empty,10000,2000,5,1.523978,0.974779,250
4001,scorep,10000,2000,6,1.412829,0.865779,250
4002,oot,10000,250,15,1.107695,0.561826,16000
4003,tikki,10000,2000,22,1.289480,0.744682,250
4004,void,10000,2000,11,1.183114,0.637359,250
4005,oot,10000,250,11,1.098494,0.555438,16000
4006,scorep,10000,2000,10,1.211366,0.661739,250
4007,scorep,10000,1000,21,1.135127,0.585072,1000
4008,oot,10000,2000,11,1.188722,0.643041,250
4009,extrae,10000,500,18,1.167461,0.621390,4000
401,printf,10000,250,15,1.112906,0.563961,16000
4010,extrae,10000,250,14,1.170591,0.621624,16000
4011,void,10000,2000,4,1.755510,1.212147,250
4012,oot,10000,1000,6,1.356316,0.811217,1000
4013,tikki,10000,250,21,1.164220,0.618177,16000
4014,empty,10000,500,5,1.498847,0.953346,4000
4015,tikki,10000,250,16,1.173458,0.621954,16000
4016,empty,10000,1000,20,1.128306,0.581465,1000
4017,oot,10000,1000,1,4.875590,4.331228,1000
4018,oot,10000,1000,12,1.118593,0.577182,1000
4019,oot,10000,500,3,2.095984,1.551114,4000
402,tikki,10000,250,21,1.156028,0.610673,16000
4020,oot,10000,1000,8,1.180123,0.634103,1000
4021,empty,10000,250,2,2.843140,2.297661,16000
4022,extrae,10000,1000,9,1.155737,0.608165,1000
4023,oot,10000,250,4,1.694759,1.149069,16000
4024,void,10000,500,23,1.105707,0.560385,4000
4025,tikki,10000,250,14,1.171212,0.621340,16000
4026,oot,10000,2000,10,1.201172,0.653380,250
4027,tikki,10000,1000,17,1.157317,0.613324,1000
4028,extrae,10000,2000,1,4.805487,4.261606,250
4029,tikki,10000,2000,12,1.235123,0.695915,250
403,oot,10000,500,18,1.108272,0.561606,4000
4030,extrae,10000,1000,7,1.277033,0.732116,1000
4031,void,10000,2000,8,1.248761,0.705120,250
4032,tikki,10000,2000,13,1.237907,0.692638,250
4033,extrae,10000,500,12,1.157712,0.613198,4000
4034,empty,10000,2000,21,1.231989,0.688401,250
4035,tikki,10000,1000,19,1.175721,0.629115,1000
4036,oot,10000,500,16,1.105720,0.561974,4000
4037,printf,10000,250,9,1.129879,0.583086,16000
4038,oot,10000,1000,3,2.071022,1.525035,1000
4039,printf,10000,2000,5,1.520556,0.975391,250
404,empty,10000,500,18,1.113982,0.563158,4000
4040,extrae,10000,2000,16,1.255972,0.711943,250
4041,tikki,10000,500,2,3.030660,2.484931,4000
4042,oot,10000,500,4,1.686615,1.135335,4000
4043,tikki,10000,250,18,1.159936,0.610426,16000
4044,tikki,10000,1000,22,1.178812,0.630015,1000
4045,void,10000,1000,2,2.874013,2.326164,1000
4046,scorep,10000,1000,17,1.125809,0.582573,1000
4047,oot,10000,1000,11,1.112173,0.564491,1000
4048,scorep,10000,2000,6,1.415395,0.865955,250
4049,tikki,10000,250,12,1.171616,0.623449,16000
405,printf,10000,250,10,1.118367,0.571265,16000
4050,void,10000,1000,7,1.259123,0.714617,1000
4051,extrae,10000,2000,8,1.262319,0.719507,250
4052,empty,10000,2000,9,1.196425,0.654984,250
4053,void,10000,500,16,1.109970,0.562008,4000
4054,extrae,10000,1000,5,1.492431,0.943966,1000
4055,tikki,10000,2000,16,1.253908,0.709758,250
4056,scorep,10000,250,4,1.699754,1.147104,16000
4057,extrae,10000,2000,21,1.310528,0.763753,250
4058,tikki,10000,2000,21,1.294549,0.751383,250
4059,empty,10000,2000,19,1.238224,0.695691,250
406,oot,10000,2000,16,1.219905,0.672281,250
4060,empty,10000,500,10,1.120842,0.574815,4000
4061,void,10000,2000,21,1.249187,0.700970,250
4062,printf,10000,250,17,1.108815,0.565779,16000
4063,printf,10000,250,13,1.107588,0.560927,16000
4064,tikki,10000,500,13,1.146216,0.601089,4000
4065,tikki,10000,1000,20,1.170519,0.619187,1000
4066,void,10000,500,5,1.500496,0.953269,4000
4067,empty,10000,250,19,1.103387,0.562076,16000
4068,printf,10000,250,14,1.117227,0.570597,16000
4069,oot,10000,2000,14,1.200940,0.654927,250
407,tikki,10000,250,5,1.551209,1.006619,16000
4070,void,10000,250,24,1.116224,0.570348,16000
4071,printf,10000,500,23,1.113768,0.564496,4000
4072,void,10000,250,3,2.095269,1.547375,16000
4073,tikki,10000,1000,24,1.185487,0.638979,1000
4074,scorep,10000,2000,8,1.241824,0.690912,250
4075,void,10000,1000,22,1.129425,0.584261,1000
4076,tikki,10000,250,11,1.149810,0.600235,16000
4077,printf,10000,500,2,2.946404,2.403475,4000
4078,extrae,10000,500,23,1.185561,0.638326,4000
4079,empty,10000,1000,24,1.130196,0.585223,1000
408,empty,10000,1000,2,2.863063,2.318733,1000
4080,empty,10000,1000,19,1.127591,0.581930,1000
4081,tikki,10000,250,21,1.160966,0.612129,16000
4082,printf,10000,2000,3,2.108195,1.561133,250
4083,empty,10000,500,6,1.357512,0.816697,4000
4084,scorep,10000,1000,23,1.151879,0.588194,1000
4085,tikki,10000,1000,13,1.160017,0.617046,1000
4086,empty,10000,250,9,1.121886,0.576722,16000
4087,printf,10000,250,24,1.118471,0.570571,16000
4088,tikki,10000,2000,14,1.243395,0.697284,250
4089,void,10000,2000,17,1.229864,0.685495,250
409,extrae,10000,2000,13,1.235602,0.687353,250
4090,oot,10000,250,8,1.172144,0.628245,16000
4091,oot,10000,250,12,1.112520,0.566358,16000
4092,scorep,10000,2000,15,1.210359,0.660712,250
4093,printf,10000,500,22,1.108889,0.563486,4000
4094,tikki,10000,500,6,1.412438,0.862052,4000
4095,extrae,10000,500,5,1.514753,0.968027,4000
4096,scorep,10000,1000,12,1.125942,0.574610,1000
4097,empty,10000,500,7,1.257902,0.712764,4000
4098,empty,10000,2000,23,1.254851,0.707634,250
4099,oot,10000,500,22,1.106740,0.564292,4000
41,empty,10000,250,3,2.144798,1.595280,16000
410,empty,10000,500,21,1.112784,0.560595,4000
4100,scorep,10000,500,14,1.119400,0.566270,4000
4101,oot,10000,1000,4,1.697704,1.146962,1000
4102,extrae,10000,500,4,1.710309,1.165037,4000
4103,oot,10000,500,12,1.123695,0.573279,4000
4104,printf,10000,250,23,1.112151,0.565242,16000
4105,empty,10000,500,21,1.110504,0.561592,4000
4106,tikki,10000,2000,11,1.245774,0.691971,250
4107,empty,10000,500,23,1.107997,0.561660,4000
4108,tikki,10000,500,5,1.542328,0.993186,4000
4109,scorep,10000,2000,10,1.213889,0.661768,250
411,extrae,10000,250,11,1.152603,0.604166,16000
4110,tikki,10000,500,12,1.157418,0.608988,4000
4111,printf,10000,1000,14,1.120540,0.573166,1000
4112,scorep,10000,1000,10,1.149808,0.587526,1000
4113,void,10000,500,12,1.111549,0.567990,4000
4114,scorep,10000,1000,20,1.136301,0.581925,1000
4115,void,10000,2000,22,1.252763,0.708501,250
4116,tikki,10000,250,3,2.170036,1.625164,16000
4117,void,10000,250,2,2.856515,2.313454,16000
4118,void,10000,500,9,1.137021,0.587226,4000
4119,empty,10000,1000,17,1.123666,0.574407,1000
412,tikki,10000,2000,12,1.245165,0.697990,250
4120,extrae,10000,2000,4,1.734367,1.187404,250
4121,scorep,10000,250,9,1.125311,0.579077,16000
4122,oot,10000,500,6,1.372783,0.822529,4000
4123,void,10000,250,19,1.108816,0.563672,16000
4124,empty,10000,1000,7,1.261946,0.713289,1000
4125,tikki,10000,1000,23,1.172753,0.624296,1000
4126,void,10000,250,4,1.678452,1.130358,16000
4127,scorep,10000,500,23,1.113071,0.563385,4000
4128,printf,10000,500,4,1.697286,1.151099,4000
4129,extrae,10000,250,19,1.183958,0.636387,16000
413,printf,10000,2000,10,1.187255,0.642777,250
4130,void,10000,1000,18,1.125336,0.578396,1000
4131,printf,10000,250,5,1.491035,0.947102,16000
4132,printf,10000,500,15,1.107690,0.560468,4000
4133,oot,10000,250,3,2.096575,1.551021,16000
4134,scorep,10000,250,11,1.107194,0.556319,16000
4135,void,10000,1000,8,1.181757,0.635665,1000
4136,extrae,10000,1000,20,1.191843,0.647144,1000
4137,scorep,10000,500,18,1.107784,0.567078,4000
4138,tikki,10000,500,7,1.300278,0.755500,4000
4139,void,10000,2000,23,1.235064,0.686995,250
414,printf,10000,500,16,1.105875,0.559061,4000
4140,scorep,10000,250,5,1.489979,0.944164,16000
4141,void,10000,1000,11,1.113341,0.562496,1000
4142,extrae,10000,500,18,1.167646,0.620162,4000
4143,scorep,10000,2000,18,1.245245,0.695226,250
4144,empty,10000,500,2,2.937814,2.391067,4000
4145,printf,10000,1000,1,4.888742,4.333440,1000
4146,oot,10000,2000,22,1.253969,0.714012,250
4147,printf,10000,500,11,1.103512,0.557462,4000
4148,scorep,10000,500,19,1.117249,0.563882,4000
4149,oot,10000,2000,4,1.689989,1.141964,250
415,oot,10000,2000,22,1.255705,0.708270,250
4150,extrae,10000,250,6,1.424284,0.879651,16000
4151,oot,10000,500,11,1.106155,0.558546,4000
4152,scorep,10000,1000,3,2.099843,1.548357,1000
4153,void,10000,250,21,1.109040,0.565274,16000
4154,oot,10000,250,17,1.112507,0.566158,16000
4155,void,10000,250,22,1.119162,0.572152,16000
4156,tikki,10000,250,24,1.173442,0.621716,16000
4157,empty,10000,1000,14,1.111720,0.567740,1000
4158,tikki,10000,1000,18,1.162093,0.617830,1000
4159,scorep,10000,500,8,1.184541,0.637141,4000
416,void,10000,1000,9,1.125231,0.581452,1000
4160,oot,10000,1000,17,1.127602,0.578867,1000
4161,extrae,10000,1000,2,2.910828,2.362159,1000
4162,extrae,10000,2000,12,1.231928,0.684505,250
4163,tikki,10000,1000,17,1.172447,0.626737,1000
4164,void,10000,1000,14,1.116950,0.572553,1000
4165,void,10000,1000,1,4.869263,4.321736,1000
4166,scorep,10000,250,20,1.115514,0.562801,16000
4167,tikki,10000,250,20,1.153637,0.611409,16000
4168,scorep,10000,2000,7,1.331200,0.778109,250
4169,scorep,10000,1000,15,1.123297,0.573497,1000
417,empty,10000,1000,7,1.255559,0.702688,1000
4170,printf,10000,1000,3,2.088598,1.541124,1000
4171,extrae,10000,2000,23,1.320328,0.770263,250
4172,extrae,10000,250,17,1.172177,0.628429,16000
4173,printf,10000,2000,17,1.232219,0.682660,250
4174,empty,10000,1000,4,1.673744,1.127236,1000
4175,tikki,10000,1000,6,1.410761,0.864894,1000
4176,empty,10000,500,11,1.106293,0.558254,4000
4177,empty,10000,500,19,1.114637,0.563376,4000
4178,printf,10000,1000,22,1.134220,0.584693,1000
4179,void,10000,250,23,1.113263,0.570145,16000
418,void,10000,500,13,1.111259,0.560433,4000
4180,scorep,10000,1000,9,1.154366,0.612380,1000
4181,extrae,10000,500,6,1.386390,0.840565,4000
4182,oot,10000,500,21,1.098926,0.563409,4000
4183,printf,10000,1000,7,1.268531,0.715238,1000
4184,extrae,10000,1000,15,1.165008,0.622437,1000
4185,extrae,10000,1000,16,1.174322,0.628850,1000
4186,tikki,10000,250,14,1.157569,0.613095,16000
4187,extrae,10000,2000,13,1.228023,0.683867,250
4188,scorep,10000,500,10,1.127506,0.578073,4000
4189,tikki,10000,2000,23,1.293800,0.742619,250
419,extrae,10000,500,4,1.709101,1.164379,4000
4190,empty,10000,500,9,1.133287,0.590659,4000
4191,printf,10000,500,20,1.111738,0.564538,4000
4192,oot,10000,500,14,1.112237,0.564693,4000
4193,scorep,10000,500,21,1.108900,0.564290,4000
4194,printf,10000,1000,16,1.124180,0.574315,1000
4195,scorep,10000,250,17,1.112345,0.564022,16000
4196,scorep,10000,2000,11,1.195409,0.647287,250
4197,printf,10000,250,21,1.112072,0.564481,16000
4198,extrae,10000,500,13,1.153414,0.605861,4000
4199,extrae,10000,1000,11,1.142655,0.600174,1000
42,scorep,10000,250,24,1.121270,0.563880,16000
420,scorep,10000,1000,16,1.126389,0.574319,1000
4200,void,10000,250,12,1.111956,0.569795,16000
4201,oot,10000,250,23,1.117153,0.569089,16000
4202,oot,10000,500,19,1.107876,0.563186,4000
4203,scorep,10000,500,7,1.265953,0.721230,4000
4204,tikki,10000,2000,24,1.298776,0.755115,250
4205,tikki,10000,250,4,1.738842,1.192779,16000
4206,void,10000,2000,10,1.198182,0.653874,250
4207,extrae,10000,500,22,1.183185,0.634516,4000
4208,empty,10000,2000,4,1.703045,1.155045,250
4209,tikki,10000,250,1,5.609996,5.069225,16000
421,empty,10000,500,9,1.136030,0.588334,4000
4210,oot,10000,2000,21,1.242821,0.704872,250
4211,scorep,10000,2000,2,2.774619,2.225374,250
4212,void,10000,2000,12,1.191240,0.646319,250
4213,oot,10000,250,16,1.112196,0.566747,16000
4214,printf,10000,1000,17,1.123707,0.575067,1000
4215,oot,10000,2000,23,1.248901,0.704996,250
4216,extrae,10000,250,10,1.166430,0.619165,16000
4217,printf,10000,1000,13,1.113087,0.568916,1000
4218,tikki,10000,500,1,5.711451,5.163054,4000
4219,oot,10000,2000,10,1.191497,0.653337,250
422,empty,10000,2000,6,1.413682,0.866665,250
4220,printf,10000,250,22,1.115450,0.571242,16000
4221,void,10000,250,8,1.173812,0.627264,16000
4222,oot,10000,2000,18,1.244322,0.697544,250
4223,scorep,10000,250,13,1.122571,0.568076,16000
4224,empty,10000,2000,18,1.236384,0.692737,250
4225,empty,10000,250,8,1.167806,0.620434,16000
4226,extrae,10000,250,8,1.237168,0.692145,16000
4227,extrae,10000,500,10,1.151820,0.604800,4000
4228,scorep,10000,500,11,1.108733,0.557287,4000
4229,scorep,10000,500,4,1.702964,1.151292,4000
423,scorep,10000,2000,10,1.206420,0.659677,250
4230,empty,10000,2000,7,1.329914,0.778427,250
4231,printf,10000,2000,18,1.236628,0.688589,250
4232,printf,10000,2000,16,1.208249,0.667907,250
4233,tikki,10000,1000,3,2.151050,1.603632,1000
4234,empty,10000,250,11,1.103568,0.553330,16000
4235,tikki,10000,1000,1,5.619973,5.077293,1000
4236,tikki,10000,2000,18,1.272191,0.732300,250
4237,extrae,10000,1000,3,2.104275,1.557660,1000
4238,printf,10000,250,18,1.117070,0.569516,16000
4239,printf,10000,250,8,1.183276,0.637591,16000
424,empty,10000,1000,4,1.664783,1.121390,1000
4240,tikki,10000,500,24,1.154270,0.606077,4000
4241,scorep,10000,1000,13,1.129126,0.586488,1000
4242,tikki,10000,2000,13,1.240278,0.695619,250
4243,empty,10000,2000,6,1.389466,0.848852,250
4244,void,10000,1000,9,1.128339,0.581588,1000
4245,scorep,10000,2000,16,1.216691,0.668253,250
4246,extrae,10000,2000,3,2.129356,1.582687,250
4247,oot,10000,1000,8,1.179477,0.632385,1000
4248,void,10000,250,13,1.108114,0.561095,16000
4249,oot,10000,2000,3,2.082703,1.535833,250
425,oot,10000,2000,15,1.203687,0.657795,250
4250,extrae,10000,250,7,1.321985,0.779017,16000
4251,tikki,10000,250,19,1.151817,0.605121,16000
4252,printf,10000,2000,23,1.244977,0.697790,250
4253,printf,10000,1000,10,1.118954,0.574085,1000
4254,extrae,10000,500,7,1.289311,0.739559,4000
4255,void,10000,2000,16,1.219044,0.669484,250
4256,void,10000,1000,6,1.351042,0.805110,1000
4257,printf,10000,500,12,1.117903,0.571272,4000
4258,empty,10000,2000,1,4.821160,4.276608,250
4259,void,10000,250,1,4.822220,4.281873,16000
426,tikki,10000,500,4,1.742168,1.192800,4000
4260,empty,10000,1000,5,1.481761,0.940217,1000
4261,empty,10000,250,12,1.114121,0.568601,16000
4262,extrae,10000,500,15,1.154414,0.607737,4000
4263,empty,10000,250,7,1.250044,0.699496,16000
4264,tikki,10000,250,10,1.168222,0.622576,16000
4265,extrae,10000,250,15,1.160438,0.616955,16000
4266,scorep,10000,250,8,1.168022,0.625672,16000
4267,extrae,10000,250,22,1.198280,0.652207,16000
4268,tikki,10000,1000,21,1.182870,0.636115,1000
4269,tikki,10000,1000,12,1.177858,0.631054,1000
427,scorep,10000,500,10,1.129442,0.577648,4000
4270,printf,10000,2000,2,2.792407,2.244010,250
4271,void,10000,250,10,1.107979,0.565930,16000
4272,tikki,10000,500,22,1.148724,0.604954,4000
4273,tikki,10000,250,17,1.159492,0.611624,16000
4274,scorep,10000,2000,22,1.255148,0.707185,250
4275,empty,10000,500,12,1.114526,0.570883,4000
4276,printf,10000,500,5,1.494777,0.948891,4000
4277,empty,10000,250,5,1.485919,0.938691,16000
4278,oot,10000,500,3,2.078201,1.534749,4000
4279,oot,10000,500,18,1.105054,0.561131,4000
428,scorep,10000,250,6,1.347802,0.808168,16000
4280,scorep,10000,2000,24,1.253330,0.702860,250
4281,oot,10000,500,1,4.944879,4.397422,4000
4282,extrae,10000,1000,4,1.665967,1.124009,1000
4283,printf,10000,2000,12,1.197215,0.649764,250
4284,oot,10000,250,4,1.676309,1.132671,16000
4285,empty,10000,500,13,1.107866,0.559594,4000
4286,oot,10000,500,13,1.108774,0.560050,4000
4287,tikki,10000,1000,14,1.172933,0.626516,1000
4288,empty,10000,1000,23,1.128443,0.583479,1000
4289,void,10000,500,11,1.105347,0.560547,4000
429,void,10000,500,22,1.108588,0.562503,4000
4290,empty,10000,250,17,1.111277,0.562109,16000
4291,void,10000,1000,3,2.090506,1.544743,1000
4292,scorep,10000,1000,14,1.126103,0.579901,1000
4293,tikki,10000,2000,4,1.791331,1.249977,250
4294,void,10000,500,19,1.105658,0.562292,4000
4295,printf,10000,2000,4,1.685384,1.136244,250
4296,empty,10000,500,5,1.491523,0.948232,4000
4297,void,10000,2000,2,2.871397,2.319466,250
4298,printf,10000,500,1,4.948663,4.403370,4000
4299,printf,10000,2000,20,1.242808,0.699957,250
43,extrae,10000,500,22,1.183785,0.635896,4000
430,extrae,10000,250,14,1.172156,0.624024,16000
4300,scorep,10000,250,15,1.111045,0.562378,16000
4301,scorep,10000,1000,2,2.892862,2.351361,1000
4302,oot,10000,250,24,1.121213,0.573634,16000
4303,scorep,10000,500,3,2.120422,1.570326,4000
4304,void,10000,250,17,1.115758,0.564588,16000
4305,extrae,10000,1000,13,1.151576,0.608568,1000
4306,empty,10000,2000,15,1.201104,0.657003,250
4307,extrae,10000,2000,7,1.340526,0.798951,250
4308,void,10000,2000,11,1.184140,0.638481,250
4309,tikki,10000,2000,17,1.276517,0.727576,250
431,scorep,10000,2000,1,4.839892,4.287876,250
4310,oot,10000,1000,14,1.116050,0.572857,1000
4311,oot,10000,250,5,1.500760,0.954081,16000
4312,void,10000,2000,24,1.258321,0.710603,250
4313,empty,10000,2000,5,1.519352,0.971310,250
4314,tikki,10000,1000,15,1.158659,0.613080,1000
4315,printf,10000,1000,21,1.127605,0.582207,1000
4316,void,10000,500,22,1.111916,0.565441,4000
4317,empty,10000,500,3,2.120341,1.574382,4000
4318,oot,10000,1000,21,1.124920,0.580306,1000
4319,extrae,10000,1000,14,1.160368,0.615733,1000
432,void,10000,2000,5,1.516852,0.974601,250
4320,void,10000,500,23,1.107472,0.560673,4000
4321,scorep,10000,2000,19,1.239953,0.689354,250
4322,printf,10000,500,18,1.106247,0.562883,4000
4323,extrae,10000,1000,10,1.156203,0.607627,1000
4324,scorep,10000,1000,16,1.125094,0.580811,1000
4325,tikki,10000,2000,1,5.541021,4.999453,250
4326,printf,10000,500,7,1.250214,0.711998,4000
4327,oot,10000,500,2,2.947651,2.397901,4000
4328,void,10000,2000,4,1.680759,1.128956,250
4329,void,10000,2000,19,1.236863,0.688763,250
433,printf,10000,2000,8,1.236688,0.693188,250
4330,oot,10000,250,1,4.809392,4.266033,16000
4331,empty,10000,2000,14,1.199055,0.655605,250
4332,empty,10000,250,14,1.107213,0.563719,16000
4333,empty,10000,1000,20,1.129316,0.583086,1000
4334,tikki,10000,2000,15,1.249887,0.705298,250
4335,scorep,10000,500,20,1.109659,0.564396,4000
4336,extrae,10000,1000,24,1.214018,0.667343,1000
4337,printf,10000,1000,2,2.869625,2.323216,1000
4338,extrae,10000,1000,9,1.161590,0.611302,1000
4339,tikki,10000,500,15,1.155682,0.609146,4000
434,oot,10000,1000,14,1.117901,0.569936,1000
4340,void,10000,2000,1,4.823160,4.276715,250
4341,void,10000,500,21,1.112045,0.562850,4000
4342,extrae,10000,500,11,1.137182,0.591409,4000
4343,tikki,10000,1000,11,1.153679,0.606770,1000
4344,oot,10000,500,17,1.108354,0.562014,4000
4345,tikki,10000,1000,9,1.171974,0.624358,1000
4346,oot,10000,1000,5,1.480448,0.937253,1000
4347,oot,10000,1000,22,1.130809,0.586043,1000
4348,void,10000,1000,23,1.139413,0.584810,1000
4349,extrae,10000,1000,17,1.180283,0.626053,1000
435,extrae,10000,500,20,1.176520,0.630492,4000
4350,empty,10000,500,24,1.106072,0.560925,4000
4351,tikki,10000,2000,2,2.838927,2.291357,250
4352,empty,10000,2000,2,2.824947,2.281245,250
4353,extrae,10000,2000,17,1.271449,0.729335,250
4354,printf,10000,2000,8,1.236015,0.691402,250
4355,void,10000,500,14,1.108445,0.563787,4000
4356,printf,10000,1000,24,1.138085,0.589489,1000
4357,oot,10000,250,2,2.892854,2.342096,16000
4358,printf,10000,500,10,1.126030,0.575749,4000
4359,empty,10000,250,24,1.122181,0.571742,16000
436,void,10000,1000,2,2.966715,2.419737,1000
4360,oot,10000,250,10,1.122416,0.574969,16000
4361,empty,10000,500,16,1.109439,0.564383,4000
4362,printf,10000,500,3,2.065893,1.516148,4000
4363,empty,10000,1000,9,1.127907,0.581551,1000
4364,scorep,10000,2000,5,1.525018,0.982537,250
4365,extrae,10000,2000,2,2.768795,2.224802,250
4366,extrae,10000,500,24,1.190313,0.644465,4000
4367,void,10000,250,16,1.106487,0.560276,16000
4368,printf,10000,250,6,1.359095,0.812835,16000
4369,oot,10000,1000,23,1.132536,0.584792,1000
437,empty,10000,250,23,1.122868,0.568823,16000
4370,void,10000,1000,10,1.125790,0.576404,1000
4371,scorep,10000,2000,14,1.204949,0.658441,250
4372,empty,10000,250,10,1.118950,0.570945,16000
4373,scorep,10000,1000,19,1.130852,0.580641,1000
4374,scorep,10000,2000,23,1.236004,0.695735,250
4375,oot,10000,1000,12,1.122930,0.577999,1000
4376,void,10000,500,1,4.938446,4.391886,4000
4377,oot,10000,2000,15,1.198792,0.658829,250
4378,oot,10000,500,15,1.106391,0.561266,4000
4379,oot,10000,500,5,1.493014,0.947407,4000
438,oot,10000,500,11,1.110632,0.563098,4000
4380,tikki,10000,250,22,1.164961,0.615148,16000
4381,void,10000,2000,20,1.248881,0.701807,250
4382,oot,10000,1000,7,1.255033,0.712936,1000
4383,scorep,10000,2000,17,1.227703,0.680964,250
4384,void,10000,500,4,1.684386,1.137899,4000
4385,empty,10000,1000,15,1.123871,0.573880,1000
4386,void,10000,1000,12,1.125624,0.575095,1000
4387,printf,10000,500,17,1.111094,0.561152,4000
4388,empty,10000,1000,22,1.136423,0.586372,1000
4389,void,10000,2000,14,1.200481,0.656190,250
439,scorep,10000,2000,4,1.753309,1.205772,250
4390,tikki,10000,500,18,1.154912,0.606346,4000
4391,extrae,10000,2000,10,1.238037,0.685712,250
4392,oot,10000,2000,13,1.192355,0.646846,250
4393,tikki,10000,250,8,1.226256,0.684201,16000
4394,void,10000,250,15,1.110319,0.563100,16000
4395,printf,10000,2000,11,1.193764,0.646082,250
4396,empty,10000,250,21,1.108880,0.563319,16000
4397,oot,10000,1000,9,1.131749,0.583945,1000
4398,oot,10000,250,21,1.108697,0.564445,16000
4399,oot,10000,250,11,1.100290,0.554016,16000
44,void,10000,1000,4,1.672056,1.120572,1000
440,tikki,10000,1000,19,1.173309,0.631013,1000
4400,empty,10000,500,4,1.685039,1.140255,4000
4401,printf,10000,1000,6,1.364805,0.812957,1000
4402,oot,10000,2000,17,1.228625,0.685902,250
4403,void,10000,2000,15,1.210217,0.662749,250
4404,tikki,10000,2000,22,1.310881,0.762544,250
4405,printf,10000,250,20,1.111527,0.569240,16000
4406,oot,10000,1000,2,2.796559,2.249285,1000
4407,printf,10000,250,11,1.109884,0.562955,16000
4408,oot,10000,2000,2,2.857536,2.312116,250
4409,oot,10000,2000,1,4.810910,4.266594,250
441,printf,10000,1000,1,4.884533,4.339240,1000
4410,scorep,10000,500,9,1.168377,0.610030,4000
4411,printf,10000,2000,7,1.305478,0.763421,250
4412,tikki,10000,250,16,1.152924,0.607793,16000
4413,extrae,10000,1000,7,1.275252,0.735937,1000
4414,printf,10000,1000,15,1.116390,0.571488,1000
4415,scorep,10000,1000,1,4.877801,4.328523,1000
4416,extrae,10000,500,21,1.171873,0.632141,4000
4417,printf,10000,2000,15,1.204179,0.656057,250
4418,scorep,10000,2000,9,1.199901,0.652561,250
4419,printf,10000,1000,9,1.132418,0.585280,1000
442,extrae,10000,250,16,1.168648,0.629818,16000
4420,printf,10000,500,21,1.110188,0.562229,4000
4421,tikki,10000,500,19,1.162316,0.612936,4000
4422,empty,10000,1000,6,1.357844,0.808586,1000
4423,printf,10000,1000,20,1.130501,0.582402,1000
4424,printf,10000,500,19,1.106899,0.561524,4000
4425,empty,10000,1000,12,1.117408,0.572693,1000
4426,void,10000,2000,13,1.191642,0.646716,250
4427,extrae,10000,250,9,1.194495,0.650236,16000
4428,oot,10000,2000,16,1.213150,0.667920,250
4429,void,10000,1000,20,1.130982,0.585327,1000
443,tikki,10000,2000,11,1.232119,0.685602,250
4430,oot,10000,1000,19,1.129202,0.581871,1000
4431,empty,10000,2000,8,1.236843,0.690947,250
4432,void,10000,500,7,1.253136,0.710512,4000
4433,empty,10000,250,1,4.824470,4.279250,16000
4434,void,10000,2000,6,1.391336,0.849970,250
4435,oot,10000,250,7,1.250792,0.704810,16000
4436,printf,10000,1000,11,1.114737,0.567066,1000
4437,extrae,10000,250,21,1.194538,0.646159,16000
4438,tikki,10000,250,15,1.160931,0.608468,16000
4439,oot,10000,1000,16,1.119339,0.572277,1000
444,void,10000,1000,7,1.250529,0.708703,1000
4440,extrae,10000,250,23,1.199628,0.651994,16000
4441,void,10000,250,9,1.130859,0.580739,16000
4442,empty,10000,250,20,1.117321,0.568351,16000
4443,printf,10000,250,19,1.110202,0.563392,16000
4444,oot,10000,2000,9,1.213118,0.666404,250
4445,void,10000,500,8,1.184572,0.638248,4000
4446,printf,10000,250,15,1.112593,0.563530,16000
4447,empty,10000,1000,10,1.126638,0.573722,1000
4448,oot,10000,250,14,1.118876,0.569048,16000
4449,oot,10000,250,9,1.118869,0.573764,16000
445,oot,10000,250,10,1.125918,0.578718,16000
4450,empty,10000,1000,16,1.120243,0.573454,1000
4451,oot,10000,250,15,1.107460,0.560521,16000
4452,oot,10000,500,24,1.109527,0.563929,4000
4453,printf,10000,2000,9,1.196425,0.652821,250
4454,scorep,10000,500,1,5.825461,5.278258,4000
4455,printf,10000,500,24,1.105765,0.565362,4000
4456,extrae,10000,2000,5,1.530241,0.980134,250
4457,void,10000,1000,13,1.112078,0.569738,1000
4458,oot,10000,250,6,1.352452,0.809956,16000
4459,scorep,10000,2000,13,1.197667,0.647107,250
446,oot,10000,2000,18,1.231627,0.686707,250
4460,tikki,10000,1000,5,1.544007,0.996167,1000
4461,printf,10000,500,13,1.104715,0.559849,4000
4462,scorep,10000,2000,12,1.234485,0.653153,250
4463,oot,10000,2000,20,1.240401,0.694327,250
4464,empty,10000,500,1,4.930273,4.387728,4000
4465,extrae,10000,500,1,4.917184,4.373300,4000
4466,printf,10000,250,10,1.112467,0.570380,16000
4467,extrae,10000,2000,24,1.332764,0.790301,250
4468,scorep,10000,1000,8,1.180225,0.636086,1000
4469,scorep,10000,250,2,2.893921,2.349219,16000
447,empty,10000,500,24,1.113370,0.565717,4000
4470,scorep,10000,500,16,1.109806,0.566755,4000
4471,empty,10000,1000,11,1.107587,0.561859,1000
4472,scorep,10000,2000,20,1.244451,0.698009,250
4473,tikki,10000,1000,4,1.732103,1.185589,1000
4474,scorep,10000,2000,1,5.727971,5.182590,250
4475,extrae,10000,250,20,1.184004,0.643172,16000
4476,void,10000,1000,4,1.669822,1.121364,1000
4477,scorep,10000,250,18,1.114055,0.565971,16000
4478,tikki,10000,500,9,1.180320,0.635711,4000
4479,empty,10000,1000,3,2.092643,1.546203,1000
448,scorep,10000,250,7,1.269587,0.716186,16000
4480,extrae,10000,250,4,1.772817,1.224307,16000
4481,empty,10000,2000,20,1.249573,0.698873,250
4482,empty,10000,500,8,1.185489,0.639219,4000
4483,oot,10000,250,22,1.118073,0.571165,16000
4484,scorep,10000,2000,21,1.245546,0.698405,250
4485,extrae,10000,1000,22,1.202125,0.657108,1000
4486,oot,10000,2000,19,1.239885,0.692673,250
4487,tikki,10000,250,6,1.415757,0.869213,16000
4488,scorep,10000,1000,21,1.143649,0.587763,1000
4489,printf,10000,1000,18,1.119295,0.577259,1000
449,void,10000,2000,17,1.232276,0.683508,250
4490,scorep,10000,500,22,1.108950,0.563507,4000
4491,extrae,10000,2000,14,1.247991,0.695486,250
4492,void,10000,500,20,1.109005,0.565505,4000
4493,void,10000,250,14,1.112179,0.566675,16000
4494,void,10000,250,5,1.482250,0.934593,16000
4495,tikki,10000,500,23,1.159465,0.609610,4000
4496,void,10000,500,6,1.375708,0.825077,4000
4497,tikki,10000,2000,19,1.274757,0.728890,250
4498,empty,10000,1000,18,1.118934,0.577760,1000
4499,void,10000,1000,16,1.121055,0.575823,1000
45,void,10000,500,19,1.109277,0.559955,4000
450,void,10000,250,23,1.121384,0.568856,16000
4500,scorep,10000,250,10,1.114275,0.571559,16000
4501,tikki,10000,1000,2,2.931404,2.389181,1000
4502,extrae,10000,2000,6,1.415451,0.866643,250
4503,scorep,10000,1000,18,1.125893,0.579191,1000
4504,printf,10000,2000,6,1.391035,0.848087,250
4505,empty,10000,2000,12,1.190104,0.647819,250
4506,empty,10000,1000,2,2.870350,2.321634,1000
4507,extrae,10000,500,17,1.162666,0.619414,4000
4508,extrae,10000,500,9,1.161250,0.618440,4000
4509,tikki,10000,2000,20,1.294910,0.750117,250
451,tikki,10000,2000,4,1.767829,1.221252,250
4510,scorep,10000,500,5,1.497826,0.949228,4000
4511,empty,10000,1000,8,1.188903,0.639038,1000
4512,scorep,10000,250,6,1.365385,0.812872,16000
4513,empty,10000,500,18,1.112096,0.565817,4000
4514,empty,10000,2000,22,1.250324,0.702803,250
4515,empty,10000,2000,13,1.189544,0.645856,250
4516,tikki,10000,500,21,1.159461,0.618166,4000
4517,void,10000,500,10,1.127062,0.577051,4000
4518,scorep,10000,500,15,1.118026,0.560326,4000
4519,printf,10000,250,1,4.863133,4.314243,16000
452,void,10000,250,6,1.364156,0.817017,16000
4520,scorep,10000,250,16,1.098101,0.556764,16000
4521,void,10000,1000,5,1.484899,0.943698,1000
4522,tikki,10000,2000,7,1.359896,0.813551,250
4523,printf,10000,500,9,1.135214,0.591651,4000
4524,void,10000,2000,7,1.330436,0.781985,250
4525,empty,10000,250,6,1.343702,0.800803,16000
4526,tikki,10000,500,10,1.175575,0.630556,4000
4527,void,10000,1000,21,1.126868,0.582055,1000
4528,tikki,10000,500,17,1.150211,0.602631,4000
4529,empty,10000,500,14,1.118733,0.563572,4000
453,printf,10000,500,12,1.118319,0.571613,4000
4530,void,10000,500,24,1.111083,0.561763,4000
4531,printf,10000,1000,23,1.131121,0.583683,1000
4532,printf,10000,2000,14,1.200393,0.655040,250
4533,extrae,10000,1000,18,1.180897,0.638435,1000
4534,oot,10000,250,13,1.109234,0.561116,16000
4535,printf,10000,250,2,2.904232,2.358042,16000
4536,extrae,10000,250,14,1.176085,0.619881,16000
4537,empty,10000,250,3,2.080273,1.533179,16000
4538,empty,10000,500,22,1.114085,0.565029,4000
4539,void,10000,1000,17,1.121682,0.574015,1000
454,void,10000,2000,14,1.202564,0.654735,250
4540,tikki,10000,500,14,1.155917,0.608211,4000
4541,printf,10000,2000,24,1.266620,0.719252,250
4542,printf,10000,2000,19,1.233428,0.689433,250
4543,printf,10000,500,16,1.110029,0.562822,4000
4544,printf,10000,250,3,2.097936,1.550275,16000
4545,printf,10000,2000,22,1.258921,0.714686,250
4546,void,10000,2000,9,1.207358,0.662879,250
4547,tikki,10000,500,3,2.144577,1.598979,4000
4548,extrae,10000,250,16,1.169323,0.621806,16000
4549,empty,10000,2000,17,1.225345,0.678555,250
455,void,10000,2000,16,1.213368,0.670301,250
4550,void,10000,2000,18,1.237095,0.691266,250
4551,empty,10000,2000,11,1.189279,0.642823,250
4552,tikki,10000,250,2,2.948127,2.405253,16000
4553,printf,10000,1000,5,1.476692,0.929204,1000
4554,void,10000,500,3,2.099120,1.556446,4000
4555,printf,10000,250,16,1.119638,0.567716,16000
4556,tikki,10000,500,11,1.144202,0.595570,4000
4557,printf,10000,2000,1,4.803014,4.255223,250
4558,oot,10000,500,20,1.101201,0.560767,4000
4559,extrae,10000,1000,8,1.196411,0.651813,1000
456,extrae,10000,500,3,2.112526,1.568453,4000
4560,oot,10000,500,10,1.120522,0.572164,4000
4561,tikki,10000,500,4,1.750649,1.200506,4000
4562,empty,10000,250,2,2.875447,2.325725,16000
4563,tikki,10000,2000,9,1.227330,0.681003,250
4564,extrae,10000,2000,19,1.296373,0.750320,250
4565,tikki,10000,2000,8,1.291352,0.748024,250
4566,void,10000,1000,19,1.126664,0.581095,1000
4567,void,10000,1000,24,1.133389,0.588267,1000
4568,extrae,10000,2000,9,1.220827,0.673885,250
4569,empty,10000,500,15,1.113206,0.565728,4000
457,extrae,10000,2000,8,1.259316,0.712353,250
4570,oot,10000,2000,7,1.311616,0.760960,250
4571,printf,10000,1000,12,1.120088,0.573867,1000
4572,scorep,10000,250,1,5.722715,5.169194,16000
4573,oot,10000,1000,10,1.119242,0.577005,1000
4574,tikki,10000,500,8,1.215799,0.672076,4000
4575,printf,10000,500,8,1.191549,0.643526,4000
4576,extrae,10000,500,14,1.160137,0.610995,4000
4577,printf,10000,1000,19,1.128856,0.581615,1000
4578,printf,10000,500,14,1.111450,0.567429,4000
4579,extrae,10000,500,3,2.131021,1.579461,4000
458,scorep,10000,500,21,1.109127,0.561593,4000
4580,scorep,10000,500,12,1.123527,0.573422,4000
4581,oot,10000,1000,6,1.356585,0.810250,1000
4582,tikki,10000,1000,10,1.176711,0.630189,1000
4583,tikki,10000,500,20,1.164567,0.618490,4000
4584,scorep,10000,1000,11,1.152897,0.599055,1000
4585,extrae,10000,1000,21,1.195653,0.650246,1000
4586,scorep,10000,1000,22,1.131846,0.585037,1000
4587,scorep,10000,250,23,1.120266,0.570781,16000
4588,tikki,10000,1000,7,1.302520,0.756720,1000
4589,scorep,10000,1000,7,1.264087,0.722701,1000
459,extrae,10000,500,11,1.141802,0.592912,4000
4590,extrae,10000,500,20,1.171131,0.628600,4000
4591,printf,10000,2000,10,1.206210,0.655670,250
4592,oot,10000,2000,6,1.413756,0.868649,250
4593,tikki,10000,1000,8,1.219087,0.674630,1000
4594,empty,10000,1000,1,4.879706,4.329630,1000
4595,tikki,10000,2000,5,1.554175,1.012675,250
4596,void,10000,500,13,1.105299,0.558562,4000
4597,oot,10000,500,7,1.262981,0.716333,4000
4598,extrae,10000,500,2,2.975525,2.428664,4000
4599,oot,10000,2000,24,1.266641,0.716744,250
46,void,10000,500,20,1.109329,0.560573,4000
460,extrae,10000,250,13,1.163179,0.606356,16000
4600,tikki,10000,250,9,1.184099,0.640973,16000
4601,extrae,10000,250,12,1.157811,0.614205,16000
4602,extrae,10000,1000,12,1.153341,0.607693,1000
4603,scorep,10000,250,7,1.257530,0.707048,16000
4604,extrae,10000,250,2,3.118372,2.569080,16000
4605,void,10000,500,2,2.946602,2.398010,4000
4606,extrae,10000,500,16,1.164560,0.612165,4000
4607,empty,10000,500,20,1.109728,0.562052,4000
4608,void,10000,500,18,1.108783,0.562753,4000
4609,scorep,10000,1000,4,1.675230,1.122738,1000
461,empty,10000,1000,16,1.118181,0.573397,1000
4610,oot,10000,1000,20,1.129020,0.580876,1000
4611,empty,10000,250,13,1.109692,0.561281,16000
4612,printf,10000,500,6,1.370106,0.823197,4000
4613,extrae,10000,250,11,1.158645,0.609554,16000
4614,extrae,10000,250,24,1.210103,0.662580,16000
4615,empty,10000,2000,16,1.215660,0.668116,250
4616,oot,10000,2000,12,1.193806,0.647902,250
4617,oot,10000,1000,18,1.120287,0.577116,1000
4618,extrae,10000,2000,20,1.307914,0.761083,250
4619,extrae,10000,2000,22,1.331716,0.783235,250
462,empty,10000,1000,19,1.126738,0.580361,1000
4620,scorep,10000,250,21,1.115044,0.567363,16000
4621,oot,10000,2000,5,1.512909,0.967502,250
4622,scorep,10000,500,6,1.371806,0.826132,4000
4623,void,10000,250,20,1.108030,0.564341,16000
4624,oot,10000,250,20,1.122305,0.570731,16000
4625,empty,10000,250,18,1.111422,0.565545,16000
4626,tikki,10000,2000,6,1.442437,0.895922,250
4627,extrae,10000,250,1,4.838998,4.294366,16000
4628,empty,10000,250,15,1.098071,0.557163,16000
4629,extrae,10000,250,18,1.182257,0.632672,16000
463,void,10000,250,3,2.109039,1.563559,16000
4630,empty,10000,1000,13,1.110755,0.567153,1000
4631,extrae,10000,500,8,1.207527,0.661724,4000
4632,oot,10000,500,9,1.138219,0.590753,4000
4633,printf,10000,250,4,1.682380,1.133731,16000
4634,oot,10000,250,18,1.121771,0.572753,16000
4635,oot,10000,2000,11,1.192160,0.644925,250
4636,empty,10000,500,17,1.111068,0.562810,4000
4637,scorep,10000,250,14,1.104845,0.562290,16000
4638,void,10000,1000,15,1.119174,0.571540,1000
4639,tikki,10000,250,5,1.544405,0.997333,16000
464,empty,10000,1000,14,1.113391,0.572323,1000
4640,empty,10000,2000,3,2.119038,1.571833,250
4641,extrae,10000,2000,11,1.215632,0.670527,250
4642,empty,10000,1000,21,1.130987,0.583201,1000
4643,scorep,10000,1000,5,1.486106,0.936253,1000
4644,tikki,10000,2000,12,1.259430,0.712016,250
4645,extrae,10000,250,13,1.145732,0.603959,16000
4646,oot,10000,1000,15,1.121109,0.572778,1000
4647,void,10000,2000,5,1.525226,0.978108,250
4648,extrae,10000,250,5,1.564704,1.017771,16000
4649,printf,10000,2000,21,1.245602,0.696939,250
465,printf,10000,2000,9,1.202908,0.658139,250
4650,tikki,10000,250,13,1.166603,0.624076,16000
4651,extrae,10000,2000,15,1.255774,0.710878,250
4652,empty,10000,250,22,1.107830,0.565682,16000
4653,scorep,10000,2000,3,2.159669,1.616401,250
4654,extrae,10000,1000,1,4.856999,4.311419,1000
4655,scorep,10000,1000,6,1.354086,0.811757,1000
4656,oot,10000,1000,13,1.110071,0.565765,1000
4657,void,10000,250,18,1.113038,0.568797,16000
4658,extrae,10000,2000,1,4.809250,4.259566,250
4659,printf,10000,1000,4,1.659239,1.116682,1000
466,printf,10000,2000,20,1.245749,0.699302,250
4660,scorep,10000,2000,4,1.687144,1.137700,250
4661,scorep,10000,250,22,1.110004,0.563996,16000
4662,scorep,10000,250,24,1.119813,0.574499,16000
4663,scorep,10000,250,12,1.107966,0.563509,16000
4664,extrae,10000,250,3,2.183936,1.638045,16000
4665,void,10000,500,15,1.108588,0.560793,4000
4666,extrae,10000,500,19,1.175541,0.625887,4000
4667,tikki,10000,1000,16,1.174292,0.629138,1000
4668,void,10000,500,17,1.108623,0.561681,4000
4669,scorep,10000,1000,24,1.135667,0.587057,1000
467,empty,10000,500,6,1.365836,0.821513,4000
4670,scorep,10000,500,17,1.110328,0.562145,4000
4671,void,10000,250,11,1.103931,0.556139,16000
4672,empty,10000,250,4,1.688077,1.138404,16000
4673,printf,10000,250,12,1.120872,0.569742,16000
4674,extrae,10000,2000,18,1.303681,0.754341,250
4675,oot,10000,500,8,1.191441,0.638327,4000
4676,scorep,10000,250,3,2.143294,1.589900,16000
4677,oot,10000,250,19,1.108655,0.561398,16000
4678,scorep,10000,500,2,2.960634,2.412946,4000
4679,void,10000,2000,3,2.109830,1.558147,250
468,empty,10000,250,7,1.258383,0.709838,16000
4680,empty,10000,2000,24,1.273904,0.725888,250
4681,tikki,10000,500,16,1.161841,0.616602,4000
4682,printf,10000,1000,8,1.180995,0.633410,1000
4683,tikki,10000,250,23,1.162859,0.615970,16000
4684,oot,10000,1000,1,4.866467,4.318663,1000
4685,printf,10000,250,7,1.248498,0.707889,16000
4686,extrae,10000,1000,23,1.209359,0.662886,1000
4687,empty,10000,250,23,1.116453,0.569033,16000
4688,void,10000,250,7,1.248557,0.702884,16000
4689,printf,10000,2000,13,1.191813,0.646585,250
469,empty,10000,500,17,1.110379,0.561011,4000
4690,oot,10000,500,23,1.110762,0.564538,4000
4691,extrae,10000,1000,6,1.379685,0.827016,1000
4692,empty,10000,250,16,1.112528,0.564190,16000
4693,scorep,10000,500,13,1.135149,0.582128,4000
4694,extrae,10000,1000,19,1.184899,0.639003,1000
4695,scorep,10000,500,24,1.111285,0.565616,4000
4696,tikki,10000,250,7,1.310552,0.759724,16000
4697,oot,10000,2000,8,1.241243,0.693874,250
4698,scorep,10000,250,19,1.116287,0.565178,16000
4699,void,10000,2000,8,1.239581,0.692861,250
47,printf,10000,2000,15,1.204436,0.657012,250
470,oot,10000,250,9,1.136771,0.589909,16000
4700,void,10000,250,6,1.354794,0.810203,16000
4701,tikki,10000,2000,3,2.160069,1.611401,250
4702,oot,10000,1000,24,1.140688,0.592101,1000
4703,empty,10000,2000,10,1.198347,0.653417,250
4704,tikki,10000,2000,10,1.242674,0.699682,250
4705,printf,10000,250,12,1.116297,0.572029,16000
4706,empty,10000,1000,18,1.126357,0.579116,1000
4707,void,10000,2000,21,1.251280,0.702353,250
4708,empty,10000,1000,19,1.127500,0.580884,1000
4709,empty,10000,1000,4,1.666904,1.121129,1000
471,printf,10000,1000,7,1.253881,0.709950,1000
4710,tikki,10000,1000,12,1.168835,0.621989,1000
4711,printf,10000,250,19,1.113952,0.567215,16000
4712,scorep,10000,1000,13,1.131793,0.586269,1000
4713,tikki,10000,2000,18,1.286020,0.739870,250
4714,void,10000,2000,2,2.788798,2.243520,250
4715,oot,10000,2000,1,4.817561,4.271914,250
4716,oot,10000,500,21,1.107357,0.563846,4000
4717,scorep,10000,250,3,2.082251,1.533543,16000
4718,extrae,10000,250,18,1.184325,0.638238,16000
4719,scorep,10000,1000,5,1.497077,0.939367,1000
472,tikki,10000,500,18,1.149850,0.603675,4000
4720,oot,10000,500,18,1.110299,0.567436,4000
4721,oot,10000,2000,16,1.218955,0.668115,250
4722,empty,10000,500,18,1.107468,0.561747,4000
4723,extrae,10000,2000,13,1.226712,0.680142,250
4724,extrae,10000,250,14,1.162040,0.616268,16000
4725,tikki,10000,500,14,1.161732,0.614210,4000
4726,extrae,10000,500,20,1.180232,0.628324,4000
4727,tikki,10000,1000,2,2.970653,2.420798,1000
4728,oot,10000,500,4,1.693429,1.144226,4000
4729,scorep,10000,500,3,2.074240,1.527331,4000
473,printf,10000,2000,14,1.200178,0.653657,250
4730,extrae,10000,250,2,3.144408,2.593758,16000
4731,extrae,10000,500,14,1.162788,0.611242,4000
4732,void,10000,2000,12,1.204917,0.656356,250
4733,tikki,10000,500,6,1.406833,0.861748,4000
4734,void,10000,500,17,1.111311,0.561078,4000
4735,empty,10000,2000,15,1.209588,0.659564,250
4736,scorep,10000,1000,9,1.142254,0.584829,1000
4737,void,10000,250,17,1.110734,0.566079,16000
4738,void,10000,2000,3,2.085868,1.538324,250
4739,tikki,10000,2000,3,2.129452,1.584335,250
474,scorep,10000,1000,15,1.129428,0.580326,1000
4740,scorep,10000,250,18,1.108918,0.564723,16000
4741,scorep,10000,500,18,1.114201,0.565190,4000
4742,printf,10000,250,11,1.103611,0.556494,16000
4743,extrae,10000,500,22,1.181999,0.632933,4000
4744,void,10000,250,16,1.113214,0.565344,16000
4745,empty,10000,1000,3,2.069770,1.523000,1000
4746,oot,10000,2000,2,2.789048,2.240774,250
4747,extrae,10000,500,19,1.164149,0.621640,4000
4748,oot,10000,250,18,1.120265,0.570365,16000
4749,extrae,10000,1000,22,1.200976,0.653793,1000
475,oot,10000,250,23,1.112173,0.567293,16000
4750,tikki,10000,250,6,1.409283,0.860243,16000
4751,printf,10000,1000,21,1.131509,0.581751,1000
4752,tikki,10000,2000,9,1.240682,0.691336,250
4753,printf,10000,500,3,2.104302,1.559313,4000
4754,void,10000,1000,14,1.119740,0.572320,1000
4755,empty,10000,250,21,1.112084,0.568529,16000
4756,extrae,10000,500,2,2.991766,2.440548,4000
4757,extrae,10000,500,8,1.216472,0.664500,4000
4758,oot,10000,2000,24,1.268527,0.719016,250
4759,empty,10000,1000,1,4.862418,4.319278,1000
476,printf,10000,250,2,2.981981,2.433423,16000
4760,void,10000,250,13,1.104051,0.561909,16000
4761,printf,10000,500,17,1.112972,0.563656,4000
4762,oot,10000,2000,11,1.186977,0.636577,250
4763,void,10000,2000,24,1.263495,0.718890,250
4764,void,10000,1000,16,1.118367,0.570223,1000
4765,printf,10000,1000,6,1.352385,0.807864,1000
4766,oot,10000,1000,6,1.358134,0.812151,1000
4767,void,10000,250,5,1.488502,0.941245,16000
4768,extrae,10000,2000,4,1.760637,1.217054,250
4769,tikki,10000,1000,17,1.177633,0.631840,1000
477,tikki,10000,250,20,1.169770,0.618977,16000
4770,scorep,10000,1000,21,1.143266,0.584402,1000
4771,scorep,10000,250,6,1.365078,0.818929,16000
4772,void,10000,500,7,1.266640,0.716949,4000
4773,void,10000,2000,18,1.244177,0.697709,250
4774,printf,10000,2000,20,1.248323,0.701629,250
4775,tikki,10000,2000,7,1.377969,0.831618,250
4776,extrae,10000,2000,14,1.250320,0.702799,250
4777,oot,10000,500,10,1.118944,0.574476,4000
4778,printf,10000,250,16,1.118430,0.569730,16000
4779,void,10000,250,6,1.359142,0.809508,16000
478,extrae,10000,500,23,1.180878,0.634294,4000
4780,oot,10000,1000,13,1.112987,0.565282,1000
4781,printf,10000,2000,15,1.199534,0.654907,250
4782,empty,10000,1000,20,1.124565,0.582304,1000
4783,oot,10000,250,24,1.118712,0.572821,16000
4784,scorep,10000,500,23,1.113174,0.563997,4000
4785,printf,10000,2000,24,1.257596,0.711646,250
4786,oot,10000,1000,3,2.068873,1.525815,1000
4787,oot,10000,1000,8,1.184403,0.635850,1000
4788,printf,10000,500,23,1.108901,0.561939,4000
4789,void,10000,2000,16,1.223702,0.668005,250
479,void,10000,500,8,1.184815,0.637353,4000
4790,void,10000,250,14,1.111425,0.566831,16000
4791,void,10000,2000,13,1.191535,0.644040,250
4792,scorep,10000,2000,8,1.241137,0.698578,250
4793,oot,10000,500,19,1.105251,0.562359,4000
4794,empty,10000,500,5,1.491616,0.944149,4000
4795,tikki,10000,250,11,1.146589,0.601569,16000
4796,extrae,10000,500,5,1.513529,0.962316,4000
4797,scorep,10000,2000,22,1.247880,0.699427,250
4798,printf,10000,500,9,1.135364,0.591386,4000
4799,tikki,10000,2000,17,1.267377,0.722705,250
48,void,10000,250,24,1.118837,0.571306,16000
480,extrae,10000,1000,24,1.218288,0.670724,1000
4800,scorep,10000,2000,2,2.772340,2.232161,250
4801,void,10000,500,9,1.137780,0.594045,4000
4802,empty,10000,2000,4,1.758211,1.205737,250
4803,printf,10000,250,3,2.137999,1.592974,16000
4804,tikki,10000,250,24,1.168377,0.617857,16000
4805,empty,10000,500,10,1.122425,0.577103,4000
4806,printf,10000,500,18,1.115493,0.564859,4000
4807,tikki,10000,2000,6,1.451627,0.902835,250
4808,empty,10000,500,7,1.259509,0.714757,4000
4809,oot,10000,1000,17,1.126102,0.578176,1000
481,scorep,10000,250,4,1.723676,1.173100,16000
4810,oot,10000,250,19,1.111089,0.566976,16000
4811,extrae,10000,250,9,1.191513,0.643604,16000
4812,tikki,10000,500,10,1.170587,0.624894,4000
4813,extrae,10000,2000,24,1.338172,0.789034,250
4814,void,10000,2000,17,1.238483,0.687007,250
4815,oot,10000,250,7,1.255742,0.711618,16000
4816,void,10000,1000,19,1.122524,0.577318,1000
4817,void,10000,250,8,1.174383,0.628953,16000
4818,oot,10000,500,22,1.107311,0.565289,4000
4819,oot,10000,250,15,1.116201,0.564271,16000
482,printf,10000,500,21,1.107468,0.562105,4000
4820,tikki,10000,1000,15,1.161304,0.612700,1000
4821,printf,10000,2000,13,1.197511,0.642713,250
4822,empty,10000,1000,13,1.111952,0.566822,1000
4823,void,10000,1000,17,1.125569,0.579131,1000
4824,void,10000,500,1,4.935893,4.386455,4000
4825,tikki,10000,2000,23,1.295293,0.755216,250
4826,tikki,10000,2000,19,1.270349,0.725188,250
4827,void,10000,500,10,1.120545,0.575699,4000
4828,empty,10000,2000,6,1.399678,0.848995,250
4829,printf,10000,1000,7,1.253035,0.708378,1000
483,printf,10000,1000,8,1.183226,0.636549,1000
4830,extrae,10000,1000,9,1.151991,0.607230,1000
4831,tikki,10000,2000,12,1.234330,0.687393,250
4832,tikki,10000,1000,9,1.175925,0.622468,1000
4833,scorep,10000,250,13,1.108605,0.560092,16000
4834,extrae,10000,1000,23,1.204313,0.657113,1000
4835,void,10000,250,9,1.126812,0.580293,16000
4836,scorep,10000,250,7,1.259997,0.712459,16000
4837,empty,10000,500,4,1.682214,1.137156,4000
4838,scorep,10000,250,4,1.682927,1.142606,16000
4839,printf,10000,2000,8,1.254745,0.708362,250
484,tikki,10000,500,5,1.548305,1.002925,4000
4840,void,10000,1000,1,4.880366,4.334744,1000
4841,oot,10000,500,24,1.105585,0.563566,4000
4842,printf,10000,250,18,1.117190,0.568715,16000
4843,extrae,10000,500,21,1.179722,0.634115,4000
4844,empty,10000,2000,17,1.228908,0.682239,250
4845,empty,10000,1000,17,1.120552,0.574989,1000
4846,extrae,10000,250,1,4.837397,4.292513,16000
4847,void,10000,250,1,4.810204,4.258284,16000
4848,extrae,10000,500,12,1.149363,0.610863,4000
4849,void,10000,1000,5,1.484986,0.937985,1000
485,tikki,10000,250,7,1.305933,0.756177,16000
4850,tikki,10000,250,5,1.529614,0.985141,16000
4851,printf,10000,500,7,1.268312,0.713570,4000
4852,empty,10000,1000,2,2.867005,2.317822,1000
4853,empty,10000,1000,24,1.140602,0.588461,1000
4854,void,10000,1000,6,1.360698,0.813944,1000
4855,empty,10000,1000,14,1.118923,0.571035,1000
4856,extrae,10000,1000,17,1.175054,0.628583,1000
4857,scorep,10000,500,4,1.695599,1.147832,4000
4858,extrae,10000,250,17,1.170934,0.625545,16000
4859,oot,10000,1000,24,1.136297,0.588997,1000
486,void,10000,250,13,1.104806,0.558979,16000
4860,extrae,10000,250,8,1.243277,0.697922,16000
4861,scorep,10000,250,24,1.111614,0.559400,16000
4862,empty,10000,250,15,1.103674,0.556349,16000
4863,oot,10000,1000,4,1.675416,1.127001,1000
4864,scorep,10000,500,9,1.136293,0.588359,4000
4865,scorep,10000,1000,8,1.185140,0.638329,1000
4866,tikki,10000,1000,16,1.166786,0.620936,1000
4867,tikki,10000,500,8,1.230280,0.684642,4000
4868,extrae,10000,2000,12,1.232036,0.681401,250
4869,printf,10000,1000,22,1.129986,0.586415,1000
487,tikki,10000,1000,21,1.175660,0.631422,1000
4870,tikki,10000,2000,10,1.237125,0.689467,250
4871,tikki,10000,250,16,1.160255,0.616912,16000
4872,printf,10000,1000,8,1.186597,0.636871,1000
4873,tikki,10000,500,2,3.016158,2.470693,4000
4874,empty,10000,2000,20,1.253191,0.700402,250
4875,printf,10000,1000,18,1.124139,0.579516,1000
4876,extrae,10000,1000,3,2.106481,1.560820,1000
4877,tikki,10000,250,10,1.165858,0.619195,16000
4878,void,10000,1000,7,1.262596,0.713880,1000
4879,oot,10000,500,9,1.139364,0.591263,4000
488,extrae,10000,250,24,1.208922,0.662991,16000
4880,tikki,10000,250,19,1.171974,0.625229,16000
4881,extrae,10000,250,16,1.172676,0.627628,16000
4882,oot,10000,2000,21,1.228688,0.682060,250
4883,void,10000,2000,5,1.527341,0.983374,250
4884,oot,10000,1000,22,1.135000,0.589019,1000
4885,oot,10000,2000,18,1.236472,0.692253,250
4886,tikki,10000,2000,14,1.251936,0.704179,250
4887,extrae,10000,500,4,1.710590,1.162145,4000
4888,tikki,10000,2000,15,1.252934,0.704097,250
4889,empty,10000,250,19,1.111902,0.566232,16000
489,scorep,10000,500,5,1.496120,0.945977,4000
4890,void,10000,1000,21,1.125599,0.579948,1000
4891,scorep,10000,1000,14,1.130841,0.579543,1000
4892,empty,10000,1000,7,1.253377,0.710570,1000
4893,tikki,10000,250,22,1.157743,0.611142,16000
4894,scorep,10000,500,15,1.109473,0.560466,4000
4895,printf,10000,500,14,1.119574,0.567533,4000
4896,oot,10000,250,6,1.356284,0.808127,16000
4897,oot,10000,2000,4,1.720779,1.170358,250
4898,empty,10000,250,13,1.107668,0.564060,16000
4899,extrae,10000,2000,7,1.321444,0.782762,250
49,printf,10000,2000,7,1.306139,0.760660,250
490,tikki,10000,250,13,1.159396,0.610557,16000
4900,tikki,10000,1000,21,1.170288,0.625013,1000
4901,tikki,10000,500,20,1.158730,0.612225,4000
4902,extrae,10000,1000,7,1.276638,0.731828,1000
4903,void,10000,500,15,1.107364,0.560077,4000
4904,extrae,10000,500,6,1.390842,0.839509,4000
4905,scorep,10000,250,10,1.118533,0.578230,16000
4906,empty,10000,250,5,1.488849,0.936766,16000
4907,printf,10000,1000,11,1.112382,0.564725,1000
4908,printf,10000,500,15,1.103220,0.556151,4000
4909,extrae,10000,500,16,1.161711,0.616471,4000
491,scorep,10000,250,13,1.110964,0.560552,16000
4910,scorep,10000,250,20,1.117846,0.568049,16000
4911,void,10000,500,8,1.181597,0.637134,4000
4912,printf,10000,1000,20,1.132391,0.582254,1000
4913,printf,10000,250,17,1.110389,0.563522,16000
4914,printf,10000,250,13,1.106258,0.559445,16000
4915,void,10000,250,18,1.115077,0.565325,16000
4916,oot,10000,250,11,1.103197,0.555774,16000
4917,scorep,10000,2000,1,4.820785,4.271016,250
4918,scorep,10000,2000,23,1.231112,0.687016,250
4919,empty,10000,250,12,1.110353,0.568110,16000
492,tikki,10000,1000,20,1.174589,0.628591,1000
4920,void,10000,500,19,1.109467,0.561139,4000
4921,extrae,10000,1000,1,4.863542,4.315401,1000
4922,scorep,10000,250,23,1.107547,0.565274,16000
4923,printf,10000,250,5,1.490778,0.942777,16000
4924,scorep,10000,2000,4,1.738238,1.197824,250
4925,oot,10000,250,17,1.112454,0.565611,16000
4926,void,10000,2000,8,1.236068,0.688691,250
4927,extrae,10000,1000,18,1.182546,0.635206,1000
4928,scorep,10000,2000,10,1.204422,0.656078,250
4929,printf,10000,500,16,1.110806,0.563808,4000
493,oot,10000,1000,6,1.356081,0.809461,1000
4930,empty,10000,250,22,1.119111,0.569297,16000
4931,scorep,10000,2000,14,1.204957,0.656134,250
4932,empty,10000,250,17,1.108375,0.564933,16000
4933,oot,10000,2000,13,1.194312,0.647886,250
4934,void,10000,250,20,1.111991,0.567546,16000
4935,oot,10000,1000,9,1.127515,0.584301,1000
4936,extrae,10000,500,7,1.280332,0.735156,4000
4937,printf,10000,2000,21,1.238845,0.691189,250
4938,tikki,10000,1000,7,1.306451,0.760787,1000
4939,void,10000,1000,2,2.866181,2.318447,1000
494,scorep,10000,500,16,1.113457,0.566113,4000
4940,printf,10000,1000,15,1.117510,0.570001,1000
4941,oot,10000,500,2,2.941782,2.393795,4000
4942,tikki,10000,250,4,1.770596,1.215374,16000
4943,printf,10000,250,10,1.118321,0.568358,16000
4944,void,10000,500,13,1.107430,0.559662,4000
4945,extrae,10000,250,3,2.232256,1.680686,16000
4946,extrae,10000,2000,8,1.263397,0.719696,250
4947,tikki,10000,1000,20,1.177829,0.629863,1000
4948,empty,10000,1000,22,1.134041,0.585634,1000
4949,extrae,10000,1000,15,1.159621,0.616480,1000
495,oot,10000,2000,24,1.272900,0.721235,250
4950,empty,10000,500,6,1.366257,0.818282,4000
4951,printf,10000,1000,19,1.128687,0.578721,1000
4952,scorep,10000,1000,18,1.139681,0.582646,1000
4953,printf,10000,250,14,1.115360,0.570070,16000
4954,extrae,10000,1000,6,1.384201,0.827043,1000
4955,empty,10000,500,22,1.112861,0.563315,4000
4956,scorep,10000,250,17,1.117095,0.564526,16000
4957,void,10000,500,11,1.104415,0.557414,4000
4958,scorep,10000,250,19,1.106785,0.564495,16000
4959,empty,10000,500,24,1.112216,0.563157,4000
496,oot,10000,250,4,1.696779,1.155302,16000
4960,tikki,10000,250,1,5.604258,5.055939,16000
4961,void,10000,250,22,1.108713,0.567715,16000
4962,void,10000,500,2,2.952404,2.402921,4000
4963,oot,10000,500,8,1.194087,0.643622,4000
4964,printf,10000,1000,16,1.119629,0.574305,1000
4965,void,10000,1000,20,1.126710,0.581991,1000
4966,tikki,10000,500,1,5.709494,5.159565,4000
4967,extrae,10000,500,1,4.922548,4.379076,4000
4968,tikki,10000,500,16,1.141367,0.601069,4000
4969,tikki,10000,2000,8,1.293103,0.746438,250
497,extrae,10000,1000,9,1.156522,0.609959,1000
4970,scorep,10000,500,8,1.187911,0.640846,4000
4971,oot,10000,2000,6,1.415157,0.862972,250
4972,printf,10000,250,2,2.878884,2.331355,16000
4973,scorep,10000,250,1,4.846521,4.289205,16000
4974,empty,10000,2000,10,1.189329,0.644943,250
4975,printf,10000,1000,12,1.117272,0.574265,1000
4976,tikki,10000,500,5,1.538233,0.993628,4000
4977,printf,10000,1000,23,1.134514,0.584763,1000
4978,printf,10000,2000,9,1.206462,0.660833,250
4979,printf,10000,2000,22,1.250675,0.708260,250
498,extrae,10000,2000,23,1.326835,0.783590,250
4980,extrae,10000,250,11,1.145536,0.604635,16000
4981,empty,10000,250,9,1.128845,0.580171,16000
4982,tikki,10000,1000,18,1.174625,0.623931,1000
4983,oot,10000,2000,5,1.520013,0.973210,250
4984,void,10000,1000,24,1.131888,0.588304,1000
4985,extrae,10000,2000,3,2.089846,1.543217,250
4986,tikki,10000,2000,20,1.291599,0.750868,250
4987,scorep,10000,2000,5,1.531764,0.990341,250
4988,scorep,10000,250,15,1.104797,0.561743,16000
4989,oot,10000,2000,15,1.208147,0.662527,250
499,printf,10000,1000,16,1.120354,0.572919,1000
4990,oot,10000,1000,10,1.126875,0.578824,1000
4991,empty,10000,2000,7,1.314429,0.770368,250
4992,extrae,10000,2000,20,1.308907,0.766636,250
4993,printf,10000,250,8,1.175639,0.623515,16000
4994,tikki,10000,1000,13,1.172635,0.623283,1000
4995,scorep,10000,2000,21,1.238667,0.696941,250
4996,printf,10000,500,24,1.110014,0.564820,4000
4997,oot,10000,250,3,2.105973,1.556797,16000
4998,printf,10000,2000,17,1.238187,0.688945,250
4999,extrae,10000,500,9,1.163418,0.619850,4000
5,oot,10000,1000,8,1.178512,0.635393,1000
50,tikki,10000,250,15,1.143627,0.601311,16000
500,oot,10000,1000,22,1.135493,0.585833,1000
5000,empty,10000,2000,2,2.799657,2.248281,250
5001,empty,10000,2000,18,1.239346,0.696129,250
5002,void,10000,250,11,1.105605,0.556444,16000
5003,void,10000,2000,10,1.205654,0.657417,250
5004,empty,10000,1000,6,1.358414,0.812609,1000
5005,empty,10000,2000,8,1.238506,0.693564,250
5006,oot,10000,500,12,1.116109,0.571617,4000
5007,tikki,10000,500,19,1.176338,0.626337,4000
5008,printf,10000,2000,10,1.188371,0.642392,250
5009,empty,10000,250,3,2.069197,1.525919,16000
501,oot,10000,250,7,1.255721,0.712829,16000
5010,void,10000,2000,20,1.251230,0.705978,250
5011,empty,10000,500,9,1.129803,0.586568,4000
5012,empty,10000,500,14,1.109818,0.563921,4000
5013,tikki,10000,1000,4,1.708406,1.162956,1000
5014,oot,10000,1000,15,1.116164,0.570130,1000
5015,tikki,10000,2000,1,5.690014,5.139186,250
5016,printf,10000,500,20,1.107667,0.564686,4000
5017,extrae,10000,250,24,1.202520,0.656956,16000
5018,printf,10000,1000,24,1.136863,0.590136,1000
5019,void,10000,1000,18,1.124966,0.580005,1000
502,printf,10000,1000,19,1.127893,0.578607,1000
5020,empty,10000,1000,9,1.129291,0.581011,1000
5021,empty,10000,500,15,1.105805,0.558168,4000
5022,printf,10000,500,4,1.694580,1.145124,4000
5023,oot,10000,500,7,1.266965,0.717395,4000
5024,oot,10000,250,1,4.834873,4.288269,16000
5025,oot,10000,2000,22,1.254099,0.714787,250
5026,printf,10000,500,11,1.100507,0.556569,4000
5027,void,10000,500,5,1.493981,0.943697,4000
5028,tikki,10000,250,23,1.168875,0.618900,16000
5029,scorep,10000,250,22,1.123132,0.571748,16000
503,printf,10000,250,16,1.115880,0.569619,16000
5030,printf,10000,1000,5,1.480181,0.932480,1000
5031,empty,10000,250,4,1.679367,1.134022,16000
5032,scorep,10000,2000,7,1.336675,0.786162,250
5033,scorep,10000,1000,20,1.127803,0.587693,1000
5034,oot,10000,2000,9,1.196475,0.654873,250
5035,void,10000,500,18,1.111397,0.564127,4000
5036,oot,10000,2000,17,1.237440,0.687525,250
5037,void,10000,500,16,1.108007,0.564143,4000
5038,extrae,10000,1000,24,1.212511,0.666255,1000
5039,extrae,10000,250,21,1.192252,0.645130,16000
504,oot,10000,250,17,1.111862,0.564725,16000
5040,void,10000,2000,1,4.820875,4.275081,250
5041,void,10000,250,7,1.246558,0.705958,16000
5042,empty,10000,2000,12,1.193729,0.647489,250
5043,extrae,10000,500,15,1.155617,0.611717,4000
5044,extrae,10000,500,24,1.187429,0.642119,4000
5045,extrae,10000,1000,2,2.943892,2.389391,1000
5046,empty,10000,2000,9,1.211385,0.662549,250
5047,printf,10000,2000,19,1.227665,0.684282,250
5048,void,10000,2000,4,1.715041,1.169915,250
5049,scorep,10000,250,5,1.494254,0.943389,16000
505,tikki,10000,250,19,1.154995,0.606853,16000
5050,scorep,10000,500,5,1.495294,0.948942,4000
5051,void,10000,500,21,1.112542,0.563744,4000
5052,tikki,10000,250,7,1.309248,0.757392,16000
5053,scorep,10000,1000,12,1.131622,0.584759,1000
5054,oot,10000,250,10,1.117722,0.573212,16000
5055,tikki,10000,2000,13,1.224965,0.680024,250
5056,oot,10000,500,6,1.363652,0.818397,4000
5057,scorep,10000,2000,24,1.266313,0.712073,250
5058,printf,10000,500,2,2.939579,2.395522,4000
5059,void,10000,1000,11,1.115385,0.566101,1000
506,tikki,10000,1000,12,1.170827,0.622023,1000
5060,extrae,10000,500,3,2.113875,1.567063,4000
5061,empty,10000,250,6,1.351357,0.803351,16000
5062,empty,10000,250,10,1.111624,0.566020,16000
5063,scorep,10000,2000,17,1.234831,0.686999,250
5064,empty,10000,250,2,2.843836,2.298056,16000
5065,void,10000,2000,14,1.211859,0.655517,250
5066,oot,10000,1000,7,1.254744,0.711342,1000
5067,printf,10000,2000,6,1.396244,0.850049,250
5068,void,10000,500,23,1.108365,0.562785,4000
5069,scorep,10000,500,7,1.272112,0.722197,4000
507,tikki,10000,2000,14,1.241858,0.695044,250
5070,oot,10000,1000,20,1.129278,0.583215,1000
5071,scorep,10000,500,1,4.929994,4.383493,4000
5072,tikki,10000,250,17,1.155368,0.612796,16000
5073,empty,10000,250,8,1.174586,0.625227,16000
5074,extrae,10000,2000,23,1.321910,0.777495,250
5075,tikki,10000,250,15,1.156201,0.610928,16000
5076,empty,10000,250,11,1.098574,0.550753,16000
5077,tikki,10000,500,22,1.149993,0.605865,4000
5078,empty,10000,250,14,1.117722,0.564255,16000
5079,printf,10000,500,21,1.105691,0.561237,4000
508,printf,10000,500,6,1.363418,0.817671,4000
5080,void,10000,1000,22,1.139212,0.587200,1000
5081,printf,10000,250,21,1.115515,0.567024,16000
5082,void,10000,2000,22,1.254211,0.708066,250
5083,extrae,10000,2000,21,1.313743,0.768779,250
5084,printf,10000,250,23,1.111416,0.566557,16000
5085,printf,10000,500,6,1.370624,0.824098,4000
5086,scorep,10000,2000,11,1.218539,0.664346,250
5087,scorep,10000,250,21,1.123385,0.570775,16000
5088,extrae,10000,1000,13,1.151740,0.607746,1000
5089,empty,10000,1000,23,1.130474,0.584951,1000
509,oot,10000,1000,1,4.877944,4.329510,1000
5090,printf,10000,500,22,1.111973,0.563327,4000
5091,tikki,10000,500,24,1.156732,0.607654,4000
5092,empty,10000,2000,14,1.204432,0.654206,250
5093,tikki,10000,2000,24,1.308635,0.760879,250
5094,empty,10000,2000,11,1.197617,0.651153,250
5095,void,10000,500,22,1.109158,0.562870,4000
5096,scorep,10000,1000,1,4.862421,4.311993,1000
5097,tikki,10000,250,3,2.157175,1.614508,16000
5098,scorep,10000,1000,24,1.128808,0.588902,1000
5099,scorep,10000,2000,15,1.213546,0.661163,250
51,empty,10000,2000,17,1.232111,0.683633,250
510,scorep,10000,2000,5,1.536584,0.978235,250
5100,tikki,10000,1000,3,2.099030,1.551426,1000
5101,empty,10000,500,2,2.945395,2.401486,4000
5102,oot,10000,250,23,1.123552,0.570234,16000
5103,scorep,10000,250,9,1.145302,0.595140,16000
5104,empty,10000,250,18,1.110658,0.567526,16000
5105,extrae,10000,2000,19,1.288737,0.750383,250
5106,printf,10000,250,7,1.250950,0.702303,16000
5107,empty,10000,500,8,1.183632,0.638944,4000
5108,tikki,10000,500,15,1.163925,0.613058,4000
5109,tikki,10000,2000,2,2.820143,2.272929,250
511,oot,10000,500,12,1.116118,0.574846,4000
5110,scorep,10000,500,11,1.107855,0.559189,4000
5111,printf,10000,1000,4,1.669387,1.120548,1000
5112,void,10000,250,19,1.113531,0.567153,16000
5113,printf,10000,2000,7,1.326546,0.778969,250
5114,empty,10000,500,21,1.108219,0.562722,4000
5115,extrae,10000,1000,20,1.193850,0.646899,1000
5116,scorep,10000,2000,9,1.200910,0.653436,250
5117,extrae,10000,1000,19,1.185161,0.640999,1000
5118,tikki,10000,1000,11,1.151880,0.604065,1000
5119,printf,10000,2000,2,2.917231,2.371488,250
512,extrae,10000,500,6,1.383312,0.832794,4000
5120,oot,10000,500,16,1.113927,0.563778,4000
5121,scorep,10000,500,24,1.102894,0.563612,4000
5122,void,10000,1000,15,1.120929,0.572559,1000
5123,tikki,10000,250,12,1.161961,0.615025,16000
5124,void,10000,250,12,1.108181,0.562518,16000
5125,empty,10000,2000,16,1.213491,0.669083,250
5126,extrae,10000,2000,11,1.219884,0.674377,250
5127,empty,10000,500,16,1.111216,0.565446,4000
5128,empty,10000,500,11,1.110027,0.559514,4000
5129,void,10000,250,10,1.122375,0.574486,16000
513,oot,10000,2000,10,1.191513,0.640355,250
5130,printf,10000,1000,17,1.120366,0.574724,1000
5131,empty,10000,2000,21,1.238257,0.695472,250
5132,tikki,10000,250,14,1.155307,0.608613,16000
5133,extrae,10000,250,4,1.756342,1.212807,16000
5134,oot,10000,2000,19,1.238246,0.689531,250
5135,printf,10000,250,9,1.131549,0.584967,16000
5136,oot,10000,500,23,1.110556,0.564052,4000
5137,oot,10000,1000,2,2.881088,2.333543,1000
5138,oot,10000,500,5,1.504909,0.953506,4000
5139,oot,10000,1000,5,1.478950,0.932119,1000
514,scorep,10000,250,21,1.116727,0.568031,16000
5140,oot,10000,500,15,1.106889,0.557209,4000
5141,scorep,10000,250,16,1.122479,0.568966,16000
5142,extrae,10000,2000,6,1.411411,0.863563,250
5143,extrae,10000,250,12,1.157458,0.613509,16000
5144,tikki,10000,2000,16,1.252036,0.704504,250
5145,printf,10000,1000,10,1.125907,0.578753,1000
5146,tikki,10000,250,9,1.179107,0.634516,16000
5147,oot,10000,2000,3,2.075320,1.525581,250
5148,scorep,10000,250,11,1.128407,0.575272,16000
5149,tikki,10000,1000,5,1.514373,0.973655,1000
515,printf,10000,500,10,1.123810,0.574332,4000
5150,printf,10000,1000,2,2.864274,2.319480,1000
5151,scorep,10000,1000,7,1.271454,0.717067,1000
5152,scorep,10000,500,6,1.370455,0.818979,4000
5153,void,10000,2000,19,1.245645,0.695773,250
5154,extrae,10000,1000,21,1.192198,0.649187,1000
5155,empty,10000,2000,23,1.253351,0.703558,250
5156,scorep,10000,500,12,1.116803,0.574975,4000
5157,extrae,10000,250,20,1.178782,0.638685,16000
5158,tikki,10000,2000,5,1.566111,1.017731,250
5159,extrae,10000,2000,1,4.803036,4.257585,250
516,scorep,10000,500,4,1.696645,1.147564,4000
5160,printf,10000,500,5,1.491418,0.950353,4000
5161,printf,10000,2000,4,1.765473,1.218411,250
5162,void,10000,2000,23,1.249697,0.703061,250
5163,tikki,10000,1000,14,1.163492,0.618032,1000
5164,empty,10000,500,19,1.108746,0.559859,4000
5165,scorep,10000,500,20,1.115048,0.561218,4000
5166,empty,10000,1000,8,1.178672,0.632986,1000
5167,oot,10000,500,3,2.111950,1.567320,4000
5168,tikki,10000,500,23,1.158930,0.614447,4000
5169,extrae,10000,250,15,1.162052,0.617159,16000
517,printf,10000,500,18,1.107784,0.564011,4000
5170,oot,10000,2000,10,1.191553,0.645017,250
5171,extrae,10000,1000,11,1.150910,0.602460,1000
5172,scorep,10000,2000,12,1.209806,0.655404,250
5173,empty,10000,1000,10,1.123650,0.578762,1000
5174,extrae,10000,1000,14,1.161375,0.612921,1000
5175,empty,10000,2000,3,2.084461,1.536306,250
5176,oot,10000,500,17,1.107711,0.560236,4000
5177,void,10000,1000,13,1.117933,0.565377,1000
5178,scorep,10000,2000,13,1.193487,0.644732,250
5179,tikki,10000,500,21,1.151062,0.607073,4000
518,printf,10000,500,22,1.125410,0.566587,4000
5180,printf,10000,250,15,1.109813,0.562360,16000
5181,empty,10000,250,7,1.248848,0.697983,16000
5182,tikki,10000,500,3,2.160696,1.614534,4000
5183,empty,10000,500,20,1.120347,0.564229,4000
5184,extrae,10000,2000,5,1.532400,0.985655,250
5185,oot,10000,2000,20,1.246951,0.702453,250
5186,tikki,10000,500,9,1.176352,0.631864,4000
5187,empty,10000,1000,16,1.128766,0.575688,1000
5188,empty,10000,500,17,1.107463,0.562869,4000
5189,printf,10000,1000,3,2.101577,1.550275,1000
519,tikki,10000,250,8,1.239605,0.692326,16000
5190,printf,10000,2000,11,1.185266,0.636887,250
5191,oot,10000,250,4,1.681278,1.133737,16000
5192,void,10000,250,21,1.111070,0.564330,16000
5193,scorep,10000,2000,20,1.249214,0.699807,250
5194,void,10000,250,4,1.680547,1.137516,16000
5195,extrae,10000,1000,5,1.494137,0.947030,1000
5196,scorep,10000,250,8,1.186745,0.634008,16000
5197,void,10000,1000,9,1.133690,0.590264,1000
5198,oot,10000,500,20,1.109929,0.562046,4000
5199,tikki,10000,500,11,1.149605,0.598472,4000
52,oot,10000,2000,11,1.186708,0.642896,250
520,empty,10000,2000,10,1.208965,0.661104,250
5200,printf,10000,250,22,1.119759,0.569311,16000
5201,scorep,10000,1000,17,1.122368,0.573882,1000
5202,empty,10000,500,13,1.098643,0.556297,4000
5203,empty,10000,2000,5,1.526764,0.978958,250
5204,printf,10000,1000,1,4.872334,4.326749,1000
5205,void,10000,500,4,1.681643,1.141889,4000
5206,oot,10000,2000,23,1.254575,0.709144,250
5207,scorep,10000,500,17,1.112838,0.568439,4000
5208,tikki,10000,250,13,1.145975,0.602034,16000
5209,scorep,10000,500,16,1.117810,0.566036,4000
521,printf,10000,250,13,1.104750,0.559266,16000
5210,oot,10000,500,14,1.109389,0.562073,4000
5211,oot,10000,250,8,1.177920,0.627978,16000
5212,void,10000,2000,7,1.302456,0.758549,250
5213,oot,10000,250,12,1.127318,0.573108,16000
5214,printf,10000,1000,9,1.129321,0.581510,1000
5215,void,10000,1000,8,1.184393,0.638777,1000
5216,extrae,10000,500,11,1.137822,0.591557,4000
5217,scorep,10000,2000,3,2.088816,1.535012,250
5218,void,10000,500,14,1.106089,0.564963,4000
5219,scorep,10000,1000,2,2.912835,2.367001,1000
522,oot,10000,1000,23,1.131895,0.587166,1000
5220,void,10000,500,20,1.108692,0.563701,4000
5221,oot,10000,250,21,1.115227,0.566211,16000
5222,scorep,10000,1000,11,1.115540,0.563289,1000
5223,scorep,10000,250,12,1.108557,0.562622,16000
5224,oot,10000,250,14,1.113809,0.567746,16000
5225,extrae,10000,500,17,1.166852,0.620024,4000
5226,tikki,10000,500,13,1.158410,0.607270,4000
5227,scorep,10000,1000,3,2.097373,1.549621,1000
5228,printf,10000,2000,3,2.094451,1.543637,250
5229,extrae,10000,2000,15,1.244577,0.699958,250
523,extrae,10000,1000,3,2.053354,1.508046,1000
5230,empty,10000,1000,21,1.125429,0.581925,1000
5231,oot,10000,2000,14,1.214851,0.664130,250
5232,printf,10000,500,8,1.186070,0.640136,4000
5233,void,10000,250,24,1.119795,0.569855,16000
5234,extrae,10000,1000,12,1.156700,0.611001,1000
5235,empty,10000,500,12,1.120158,0.571390,4000
5236,empty,10000,1000,15,1.119764,0.571939,1000
5237,scorep,10000,250,2,2.915721,2.362762,16000
5238,tikki,10000,250,8,1.221563,0.671402,16000
5239,void,10000,500,24,1.112339,0.565545,4000
524,extrae,10000,250,20,1.188782,0.644620,16000
5240,empty,10000,2000,13,1.198093,0.646902,250
5241,extrae,10000,2000,16,1.255377,0.714321,250
5242,oot,10000,250,22,1.117091,0.573058,16000
5243,scorep,10000,250,14,1.112117,0.559197,16000
5244,oot,10000,250,13,1.102505,0.555563,16000
5245,void,10000,250,2,2.842599,2.296116,16000
5246,void,10000,500,12,1.122723,0.572609,4000
5247,empty,10000,1000,11,1.112289,0.565237,1000
5248,void,10000,1000,12,1.118515,0.574271,1000
5249,void,10000,250,15,1.106891,0.562317,16000
525,extrae,10000,1000,16,1.164629,0.621505,1000
5250,scorep,10000,2000,6,1.419817,0.866375,250
5251,extrae,10000,250,10,1.157216,0.615441,16000
5252,extrae,10000,250,6,1.427351,0.882055,16000
5253,void,10000,1000,4,1.666832,1.122031,1000
5254,scorep,10000,2000,18,1.234822,0.691501,250
5255,tikki,10000,500,17,1.150693,0.610041,4000
5256,oot,10000,500,11,1.105648,0.558500,4000
5257,void,10000,250,3,2.102692,1.550805,16000
5258,extrae,10000,250,5,1.564451,1.018212,16000
5259,scorep,10000,2000,19,1.243677,0.694679,250
526,void,10000,1000,1,4.877983,4.333295,1000
5260,void,10000,1000,3,2.039983,1.497845,1000
5261,empty,10000,1000,5,1.487689,0.941438,1000
5262,scorep,10000,500,22,1.113810,0.564906,4000
5263,oot,10000,1000,14,1.120867,0.571581,1000
5264,tikki,10000,2000,4,1.763165,1.213965,250
5265,oot,10000,1000,1,4.871436,4.327142,1000
5266,void,10000,2000,6,1.401264,0.863242,250
5267,extrae,10000,2000,2,2.899677,2.351947,250
5268,tikki,10000,250,20,1.162373,0.612018,16000
5269,printf,10000,500,12,1.121995,0.571952,4000
527,scorep,10000,1000,7,1.250629,0.706516,1000
5270,scorep,10000,1000,6,1.371022,0.820012,1000
5271,extrae,10000,1000,8,1.209632,0.662063,1000
5272,tikki,10000,1000,1,5.624626,5.077673,1000
5273,printf,10000,500,10,1.118383,0.576758,4000
5274,oot,10000,500,1,4.920342,4.372989,4000
5275,printf,10000,2000,18,1.229800,0.690313,250
5276,scorep,10000,1000,15,1.120141,0.573086,1000
5277,printf,10000,500,19,1.106898,0.562201,4000
5278,tikki,10000,1000,10,1.182338,0.637728,1000
5279,tikki,10000,250,2,2.947115,2.398777,16000
528,tikki,10000,1000,4,1.716121,1.172083,1000
5280,printf,10000,500,13,1.107923,0.561440,4000
5281,void,10000,1000,23,1.135142,0.585696,1000
5282,oot,10000,250,2,2.868199,2.321848,16000
5283,extrae,10000,1000,16,1.173986,0.622170,1000
5284,extrae,10000,500,13,1.150415,0.604670,4000
5285,scorep,10000,1000,4,1.678411,1.123585,1000
5286,empty,10000,500,23,1.108639,0.565073,4000
5287,scorep,10000,500,21,1.111715,0.561845,4000
5288,tikki,10000,500,4,1.742577,1.190721,4000
5289,printf,10000,250,20,1.117265,0.569103,16000
529,void,10000,500,23,1.107952,0.561227,4000
5290,scorep,10000,500,13,1.115050,0.562124,4000
5291,printf,10000,2000,14,1.204772,0.654659,250
5292,oot,10000,1000,16,1.112943,0.570494,1000
5293,empty,10000,500,3,2.096032,1.553438,4000
5294,tikki,10000,2000,22,1.299448,0.749869,250
5295,printf,10000,500,1,4.940266,4.393533,4000
5296,scorep,10000,2000,16,1.213891,0.664383,250
5297,void,10000,2000,11,1.181419,0.643296,250
5298,tikki,10000,250,18,1.155605,0.611529,16000
5299,empty,10000,2000,22,1.250708,0.704330,250
53,oot,10000,500,20,1.104715,0.560772,4000
530,tikki,10000,500,15,1.162717,0.613191,4000
5300,extrae,10000,250,7,1.325248,0.776000,16000
5301,tikki,10000,1000,8,1.221105,0.684127,1000
5302,tikki,10000,500,7,1.304436,0.759627,4000
5303,printf,10000,2000,12,1.192153,0.645346,250
5304,oot,10000,2000,12,1.194740,0.648534,250
5305,empty,10000,2000,19,1.228776,0.683981,250
5306,extrae,10000,1000,4,1.675924,1.131873,1000
5307,scorep,10000,1000,22,1.135420,0.583636,1000
5308,oot,10000,250,20,1.118245,0.569441,16000
5309,scorep,10000,500,14,1.110895,0.569175,4000
531,empty,10000,250,11,1.103634,0.554238,16000
5310,oot,10000,250,16,1.114239,0.565976,16000
5311,empty,10000,250,1,4.830189,4.284166,16000
5312,empty,10000,250,24,1.111059,0.569688,16000
5313,printf,10000,1000,13,1.115608,0.566685,1000
5314,tikki,10000,1000,6,1.402791,0.854014,1000
5315,extrae,10000,2000,22,1.326542,0.776767,250
5316,oot,10000,250,5,1.487639,0.940363,16000
5317,empty,10000,250,16,1.111772,0.565057,16000
5318,printf,10000,250,6,1.364412,0.817020,16000
5319,tikki,10000,1000,23,1.184330,0.635484,1000
532,tikki,10000,500,19,1.158502,0.613460,4000
5320,extrae,10000,250,13,1.153449,0.608404,16000
5321,printf,10000,250,24,1.120337,0.569226,16000
5322,extrae,10000,250,23,1.198591,0.654663,16000
5323,tikki,10000,2000,11,1.229584,0.683130,250
5324,void,10000,500,3,2.087291,1.536365,4000
5325,printf,10000,250,4,1.688617,1.142586,16000
5326,extrae,10000,250,22,1.197652,0.646223,16000
5327,void,10000,250,23,1.110786,0.565308,16000
5328,tikki,10000,500,12,1.162026,0.616529,4000
5329,printf,10000,2000,16,1.214486,0.667900,250
533,extrae,10000,2000,5,1.538717,0.990788,250
5330,scorep,10000,500,10,1.119903,0.575751,4000
5331,void,10000,2000,9,1.195284,0.647561,250
5332,tikki,10000,1000,19,1.172344,0.625833,1000
5333,oot,10000,2000,7,1.312656,0.765271,250
5334,oot,10000,2000,8,1.240837,0.698194,250
5335,printf,10000,1000,14,1.117956,0.571453,1000
5336,tikki,10000,1000,24,1.182927,0.634972,1000
5337,void,10000,500,6,1.361430,0.814193,4000
5338,empty,10000,250,20,1.112598,0.566677,16000
5339,scorep,10000,1000,23,1.134411,0.584164,1000
534,oot,10000,2000,20,1.249628,0.705167,250
5340,oot,10000,500,13,1.101499,0.557086,4000
5341,void,10000,1000,10,1.124142,0.577498,1000
5342,oot,10000,1000,23,1.136605,0.586982,1000
5343,oot,10000,1000,18,1.123511,0.578248,1000
5344,scorep,10000,1000,19,1.130216,0.584439,1000
5345,tikki,10000,2000,21,1.282563,0.736782,250
5346,extrae,10000,2000,9,1.226293,0.680966,250
5347,empty,10000,250,23,1.115977,0.570100,16000
5348,empty,10000,2000,1,4.831597,4.282999,250
5349,extrae,10000,500,23,1.178294,0.640062,4000
535,void,10000,250,10,1.118139,0.568302,16000
5350,empty,10000,2000,24,1.252243,0.705453,250
5351,empty,10000,1000,12,1.126272,0.578364,1000
5352,extrae,10000,500,10,1.154878,0.602932,4000
5353,oot,10000,250,9,1.136685,0.586217,16000
5354,extrae,10000,500,18,1.170765,0.623756,4000
5355,empty,10000,500,1,4.936115,4.386549,4000
5356,extrae,10000,1000,10,1.153169,0.613633,1000
5357,scorep,10000,500,2,2.956393,2.408631,4000
5358,oot,10000,1000,11,1.118316,0.565511,1000
5359,printf,10000,2000,5,1.528468,0.976557,250
536,extrae,10000,250,4,1.781354,1.236104,16000
5360,oot,10000,1000,19,1.125840,0.580206,1000
5361,extrae,10000,2000,18,1.305554,0.757784,250
5362,extrae,10000,2000,17,1.280308,0.739385,250
5363,scorep,10000,1000,16,1.130581,0.574560,1000
5364,tikki,10000,250,21,1.152243,0.611005,16000
5365,oot,10000,1000,21,1.128380,0.581685,1000
5366,extrae,10000,2000,10,1.237049,0.690445,250
5367,oot,10000,1000,12,1.121249,0.575062,1000
5368,tikki,10000,1000,22,1.179369,0.630886,1000
5369,scorep,10000,500,19,1.108243,0.562170,4000
537,extrae,10000,500,16,1.163284,0.617756,4000
5370,printf,10000,2000,23,1.260137,0.711069,250
5371,printf,10000,2000,1,4.815910,4.272122,250
5372,void,10000,2000,15,1.193295,0.654805,250
5373,tikki,10000,500,18,1.152187,0.609227,4000
5374,extrae,10000,250,19,1.182068,0.637180,16000
5375,printf,10000,250,1,4.842269,4.289938,16000
5376,scorep,10000,1000,10,1.121600,0.578540,1000
5377,extrae,10000,250,10,1.175405,0.625562,16000
5378,tikki,10000,250,10,1.169803,0.626858,16000
5379,extrae,10000,500,12,1.149887,0.608006,4000
538,tikki,10000,2000,1,5.566966,5.014967,250
5380,extrae,10000,2000,12,1.239627,0.682295,250
5381,empty,10000,1000,9,1.123298,0.577950,1000
5382,extrae,10000,2000,18,1.288284,0.740960,250
5383,extrae,10000,500,5,1.500401,0.958933,4000
5384,scorep,10000,250,6,1.351795,0.809720,16000
5385,void,10000,2000,24,1.252664,0.707832,250
5386,printf,10000,2000,5,1.508602,0.959544,250
5387,tikki,10000,250,4,1.735515,1.188216,16000
5388,tikki,10000,1000,23,1.182076,0.636745,1000
5389,printf,10000,250,5,1.488692,0.944829,16000
539,void,10000,2000,23,1.240709,0.699057,250
5390,void,10000,250,5,1.486969,0.939893,16000
5391,extrae,10000,2000,9,1.219840,0.673577,250
5392,void,10000,250,20,1.115503,0.572496,16000
5393,printf,10000,1000,7,1.258569,0.709296,1000
5394,printf,10000,250,23,1.117707,0.569042,16000
5395,oot,10000,1000,7,1.261156,0.714584,1000
5396,printf,10000,2000,3,2.087349,1.540206,250
5397,printf,10000,1000,24,1.131046,0.587679,1000
5398,tikki,10000,2000,10,1.230275,0.684420,250
5399,scorep,10000,1000,12,1.127803,0.578018,1000
54,extrae,10000,1000,4,1.671659,1.124512,1000
540,printf,10000,250,1,4.876870,4.333264,16000
5400,oot,10000,1000,19,1.127809,0.580752,1000
5401,tikki,10000,1000,10,1.170401,0.623578,1000
5402,empty,10000,1000,3,2.115048,1.570576,1000
5403,empty,10000,500,20,1.112148,0.562387,4000
5404,void,10000,1000,22,1.132214,0.585853,1000
5405,printf,10000,500,18,1.114896,0.560422,4000
5406,oot,10000,500,20,1.117306,0.567633,4000
5407,tikki,10000,2000,13,1.238861,0.691313,250
5408,scorep,10000,2000,24,1.235933,0.692755,250
5409,scorep,10000,1000,7,1.256790,0.711544,1000
541,printf,10000,250,4,1.687540,1.146116,16000
5410,empty,10000,500,16,1.109243,0.563495,4000
5411,empty,10000,1000,5,1.484337,0.935658,1000
5412,void,10000,500,18,1.113655,0.565654,4000
5413,empty,10000,500,24,1.112293,0.565234,4000
5414,tikki,10000,500,17,1.149793,0.602428,4000
5415,extrae,10000,250,8,1.250454,0.697335,16000
5416,oot,10000,1000,10,1.137790,0.579757,1000
5417,oot,10000,2000,11,1.201152,0.653367,250
5418,scorep,10000,500,20,1.114404,0.568243,4000
5419,void,10000,250,18,1.112762,0.564838,16000
542,empty,10000,250,22,1.118643,0.571233,16000
5420,tikki,10000,250,11,1.147586,0.602169,16000
5421,tikki,10000,2000,8,1.281073,0.739600,250
5422,void,10000,1000,15,1.119089,0.572801,1000
5423,extrae,10000,1000,16,1.165020,0.621911,1000
5424,tikki,10000,250,9,1.177390,0.628562,16000
5425,printf,10000,2000,1,4.807123,4.259606,250
5426,void,10000,250,1,4.825497,4.282217,16000
5427,printf,10000,2000,2,2.786116,2.243976,250
5428,scorep,10000,500,5,1.491671,0.951949,4000
5429,tikki,10000,1000,24,1.195672,0.649428,1000
543,extrae,10000,1000,13,1.156337,0.612263,1000
5430,oot,10000,2000,22,1.253837,0.706665,250
5431,void,10000,1000,20,1.127423,0.582260,1000
5432,tikki,10000,500,8,1.230044,0.682532,4000
5433,oot,10000,2000,23,1.257076,0.702330,250
5434,extrae,10000,1000,17,1.175890,0.632346,1000
5435,empty,10000,500,8,1.181140,0.635484,4000
5436,scorep,10000,250,16,1.122906,0.568869,16000
5437,extrae,10000,500,15,1.157270,0.608443,4000
5438,tikki,10000,250,16,1.159020,0.608824,16000
5439,oot,10000,1000,14,1.123753,0.573035,1000
544,printf,10000,250,20,1.116670,0.569404,16000
5440,oot,10000,2000,19,1.245209,0.690060,250
5441,empty,10000,500,23,1.111043,0.563762,4000
5442,scorep,10000,2000,12,1.213764,0.655024,250
5443,oot,10000,1000,8,1.181546,0.636490,1000
5444,scorep,10000,2000,20,1.247390,0.699376,250
5445,extrae,10000,250,24,1.202831,0.660059,16000
5446,tikki,10000,2000,6,1.452253,0.902371,250
5447,tikki,10000,500,19,1.160436,0.614863,4000
5448,tikki,10000,1000,1,5.647717,5.097546,1000
5449,void,10000,500,21,1.102919,0.562354,4000
545,extrae,10000,2000,10,1.235304,0.686861,250
5450,printf,10000,2000,24,1.255572,0.706843,250
5451,printf,10000,1000,11,1.111407,0.565517,1000
5452,oot,10000,2000,13,1.195291,0.648375,250
5453,extrae,10000,1000,14,1.165466,0.618617,1000
5454,oot,10000,2000,16,1.217354,0.670700,250
5455,scorep,10000,2000,15,1.205683,0.655103,250
5456,extrae,10000,2000,14,1.247604,0.705082,250
5457,extrae,10000,2000,5,1.540045,0.988036,250
5458,printf,10000,2000,12,1.191307,0.645547,250
5459,scorep,10000,2000,4,1.682225,1.131751,250
546,extrae,10000,1000,17,1.170572,0.627975,1000
5460,printf,10000,1000,3,2.090837,1.548873,1000
5461,void,10000,2000,9,1.198470,0.651370,250
5462,printf,10000,250,10,1.119977,0.572840,16000
5463,printf,10000,1000,10,1.121394,0.574447,1000
5464,oot,10000,1000,4,1.673465,1.128318,1000
5465,void,10000,500,7,1.252104,0.707197,4000
5466,empty,10000,500,11,1.107437,0.560850,4000
5467,oot,10000,250,21,1.120250,0.569957,16000
5468,extrae,10000,250,13,1.149825,0.605324,16000
5469,tikki,10000,250,23,1.170446,0.624098,16000
547,empty,10000,2000,24,1.260976,0.713081,250
5470,printf,10000,500,6,1.371615,0.822229,4000
5471,oot,10000,500,24,1.113306,0.563469,4000
5472,extrae,10000,1000,21,1.198275,0.650099,1000
5473,tikki,10000,500,6,1.408318,0.859277,4000
5474,tikki,10000,500,2,3.003950,2.456588,4000
5475,void,10000,2000,15,1.212029,0.658418,250
5476,printf,10000,250,1,4.858609,4.313791,16000
5477,oot,10000,250,13,1.108519,0.565406,16000
5478,empty,10000,1000,12,1.122609,0.573148,1000
5479,tikki,10000,2000,4,1.773025,1.228264,250
548,extrae,10000,2000,24,1.345904,0.800349,250
5480,scorep,10000,1000,6,1.361519,0.814448,1000
5481,oot,10000,2000,10,1.189348,0.643707,250
5482,empty,10000,500,10,1.124604,0.573730,4000
5483,extrae,10000,250,1,4.843536,4.291398,16000
5484,empty,10000,2000,2,2.784328,2.242369,250
5485,void,10000,500,4,1.696545,1.150846,4000
5486,extrae,10000,500,2,2.985617,2.435986,4000
5487,void,10000,2000,22,1.249976,0.699330,250
5488,void,10000,2000,5,1.520455,0.977495,250
5489,empty,10000,250,7,1.245235,0.701790,16000
549,scorep,10000,250,16,1.118560,0.563928,16000
5490,oot,10000,1000,18,1.125197,0.580009,1000
5491,printf,10000,2000,16,1.211881,0.663123,250
5492,tikki,10000,1000,19,1.168651,0.622483,1000
5493,scorep,10000,1000,14,1.118763,0.578775,1000
5494,scorep,10000,500,13,1.109526,0.562668,4000
5495,tikki,10000,500,9,1.190640,0.640826,4000
5496,oot,10000,1000,23,1.132479,0.585361,1000
5497,oot,10000,2000,7,1.326738,0.779732,250
5498,printf,10000,1000,14,1.117041,0.571529,1000
5499,void,10000,1000,11,1.114145,0.568464,1000
55,oot,10000,2000,19,1.243396,0.693681,250
550,oot,10000,250,19,1.112081,0.564092,16000
5500,void,10000,2000,14,1.203635,0.656993,250
5501,tikki,10000,2000,20,1.294750,0.747607,250
5502,extrae,10000,2000,20,1.310899,0.765066,250
5503,empty,10000,250,20,1.116516,0.570819,16000
5504,scorep,10000,250,4,1.696476,1.147412,16000
5505,extrae,10000,1000,18,1.191254,0.638942,1000
5506,empty,10000,2000,11,1.192974,0.643119,250
5507,void,10000,2000,7,1.325917,0.779331,250
5508,printf,10000,2000,21,1.250418,0.701747,250
5509,scorep,10000,500,8,1.187443,0.645753,4000
551,extrae,10000,2000,2,2.962889,2.414137,250
5510,empty,10000,2000,10,1.197106,0.652396,250
5511,void,10000,500,16,1.105047,0.562098,4000
5512,empty,10000,500,13,1.107388,0.556565,4000
5513,extrae,10000,250,5,1.559403,1.013499,16000
5514,printf,10000,500,24,1.112698,0.563716,4000
5515,empty,10000,1000,16,1.123712,0.571858,1000
5516,printf,10000,500,5,1.498751,0.950174,4000
5517,empty,10000,1000,4,1.655070,1.110070,1000
5518,printf,10000,1000,9,1.124110,0.581103,1000
5519,void,10000,250,15,1.109128,0.563464,16000
552,oot,10000,1000,24,1.137525,0.588162,1000
5520,void,10000,1000,7,1.258799,0.710676,1000
5521,empty,10000,1000,20,1.129194,0.583599,1000
5522,scorep,10000,2000,13,1.194537,0.647923,250
5523,printf,10000,2000,6,1.407916,0.862483,250
5524,void,10000,1000,12,1.118014,0.573135,1000
5525,empty,10000,500,4,1.689447,1.140240,4000
5526,scorep,10000,1000,3,2.121724,1.568674,1000
5527,tikki,10000,1000,5,1.518232,0.972472,1000
5528,tikki,10000,250,18,1.161884,0.613783,16000
5529,extrae,10000,500,24,1.189204,0.641695,4000
553,void,10000,1000,17,1.119483,0.576343,1000
5530,scorep,10000,2000,16,1.218200,0.667471,250
5531,oot,10000,2000,2,2.816563,2.268964,250
5532,empty,10000,1000,22,1.129750,0.584498,1000
5533,scorep,10000,1000,21,1.133657,0.584155,1000
5534,tikki,10000,2000,21,1.280808,0.735345,250
5535,printf,10000,500,13,1.108974,0.560134,4000
5536,oot,10000,250,14,1.115121,0.565095,16000
5537,printf,10000,1000,1,4.887560,4.339639,1000
5538,extrae,10000,2000,24,1.330894,0.789223,250
5539,empty,10000,500,5,1.493588,0.951046,4000
554,tikki,10000,2000,13,1.253058,0.705244,250
5540,oot,10000,250,1,4.826464,4.281656,16000
5541,tikki,10000,250,3,2.145997,1.603885,16000
5542,void,10000,2000,3,2.094356,1.544935,250
5543,tikki,10000,250,17,1.165086,0.620947,16000
5544,printf,10000,250,16,1.117832,0.567992,16000
5545,printf,10000,250,6,1.356960,0.811184,16000
5546,extrae,10000,1000,24,1.216689,0.668932,1000
5547,empty,10000,1000,6,1.358104,0.809113,1000
5548,void,10000,2000,10,1.194537,0.651930,250
5549,printf,10000,2000,7,1.320575,0.779462,250
555,oot,10000,500,14,1.115134,0.564944,4000
5550,oot,10000,500,21,1.109140,0.565411,4000
5551,printf,10000,500,15,1.111095,0.561646,4000
5552,scorep,10000,1000,18,1.134364,0.582216,1000
5553,extrae,10000,2000,13,1.234741,0.687795,250
5554,scorep,10000,1000,13,1.124438,0.582280,1000
5555,scorep,10000,500,16,1.106412,0.563110,4000
5556,extrae,10000,2000,19,1.294814,0.749333,250
5557,void,10000,1000,4,1.672960,1.127271,1000
5558,extrae,10000,1000,15,1.158065,0.616712,1000
5559,empty,10000,1000,8,1.176405,0.632887,1000
556,scorep,10000,250,1,4.856163,4.305228,16000
5560,oot,10000,500,6,1.367056,0.818448,4000
5561,oot,10000,500,13,1.109750,0.561295,4000
5562,empty,10000,1000,7,1.248113,0.703544,1000
5563,empty,10000,1000,21,1.123754,0.584221,1000
5564,printf,10000,1000,13,1.109317,0.568600,1000
5565,scorep,10000,1000,10,1.146061,0.587974,1000
5566,empty,10000,500,18,1.109765,0.564133,4000
5567,printf,10000,2000,15,1.201754,0.656729,250
5568,printf,10000,500,9,1.135766,0.591804,4000
5569,tikki,10000,250,5,1.549234,1.000495,16000
557,oot,10000,250,21,1.109588,0.570735,16000
5570,empty,10000,250,12,1.112802,0.566073,16000
5571,void,10000,500,1,4.943619,4.394501,4000
5572,scorep,10000,1000,20,1.126896,0.585156,1000
5573,printf,10000,2000,10,1.189046,0.642902,250
5574,empty,10000,2000,14,1.205077,0.654985,250
5575,oot,10000,2000,3,2.068598,1.521930,250
5576,void,10000,1000,13,1.114269,0.570285,1000
5577,scorep,10000,1000,16,1.127058,0.576332,1000
5578,scorep,10000,1000,17,1.124384,0.582679,1000
5579,tikki,10000,500,16,1.147900,0.603122,4000
558,empty,10000,500,4,1.682816,1.136438,4000
5580,extrae,10000,1000,5,1.496919,0.949465,1000
5581,empty,10000,500,14,1.106498,0.563060,4000
5582,extrae,10000,2000,1,4.808335,4.257116,250
5583,extrae,10000,250,16,1.164371,0.624125,16000
5584,scorep,10000,2000,11,1.187033,0.638208,250
5585,oot,10000,1000,20,1.127159,0.582406,1000
5586,extrae,10000,500,23,1.185433,0.639932,4000
5587,extrae,10000,2000,7,1.350616,0.798263,250
5588,printf,10000,500,17,1.105294,0.560863,4000
5589,printf,10000,1000,20,1.128741,0.581324,1000
559,printf,10000,500,13,1.116104,0.562595,4000
5590,scorep,10000,250,20,1.103263,0.561237,16000
5591,void,10000,500,12,1.120963,0.572988,4000
5592,oot,10000,1000,5,1.490013,0.942294,1000
5593,scorep,10000,250,1,4.815126,4.264631,16000
5594,scorep,10000,250,24,1.117417,0.570562,16000
5595,void,10000,2000,18,1.242328,0.693296,250
5596,extrae,10000,2000,16,1.259002,0.716546,250
5597,scorep,10000,500,14,1.115266,0.569696,4000
5598,oot,10000,1000,12,1.119002,0.576540,1000
5599,scorep,10000,500,24,1.116872,0.565059,4000
56,tikki,10000,500,24,1.153587,0.608769,4000
560,void,10000,2000,4,1.683767,1.137922,250
5600,extrae,10000,1000,11,1.148817,0.602890,1000
5601,extrae,10000,1000,6,1.379027,0.826805,1000
5602,void,10000,2000,6,1.411790,0.863768,250
5603,scorep,10000,500,3,2.116475,1.562570,4000
5604,scorep,10000,500,10,1.123277,0.577874,4000
5605,oot,10000,2000,1,4.828028,4.281073,250
5606,printf,10000,500,11,1.101118,0.560740,4000
5607,extrae,10000,500,20,1.177220,0.629821,4000
5608,void,10000,1000,6,1.354712,0.808234,1000
5609,tikki,10000,2000,16,1.252164,0.706771,250
561,scorep,10000,1000,12,1.126730,0.576674,1000
5610,empty,10000,500,6,1.364768,0.819079,4000
5611,empty,10000,250,1,4.825202,4.278861,16000
5612,extrae,10000,500,1,4.919007,4.380100,4000
5613,scorep,10000,250,22,1.109440,0.565402,16000
5614,scorep,10000,2000,6,1.399809,0.850773,250
5615,oot,10000,1000,3,2.062676,1.519115,1000
5616,scorep,10000,1000,9,1.132289,0.585158,1000
5617,oot,10000,1000,21,1.135063,0.583588,1000
5618,empty,10000,1000,24,1.131484,0.587644,1000
5619,printf,10000,250,17,1.106706,0.562830,16000
562,scorep,10000,2000,14,1.205164,0.656560,250
5620,extrae,10000,250,4,1.793426,1.246297,16000
5621,oot,10000,250,11,1.103004,0.555468,16000
5622,tikki,10000,500,22,1.161629,0.615033,4000
5623,oot,10000,2000,9,1.197660,0.652320,250
5624,tikki,10000,1000,21,1.173353,0.631175,1000
5625,printf,10000,250,18,1.114776,0.570102,16000
5626,extrae,10000,250,2,3.167279,2.619863,16000
5627,scorep,10000,2000,22,1.255289,0.690831,250
5628,printf,10000,250,9,1.132027,0.579873,16000
5629,empty,10000,250,16,1.109701,0.565306,16000
563,empty,10000,1000,8,1.176498,0.635693,1000
5630,tikki,10000,250,15,1.159234,0.615147,16000
5631,printf,10000,250,15,1.109034,0.561886,16000
5632,scorep,10000,1000,5,1.488931,0.936124,1000
5633,void,10000,250,17,1.109975,0.562301,16000
5634,printf,10000,500,1,4.954767,4.405177,4000
5635,void,10000,500,5,1.487315,0.945094,4000
5636,tikki,10000,500,18,1.149659,0.600939,4000
5637,empty,10000,250,24,1.123525,0.570750,16000
5638,printf,10000,1000,17,1.128848,0.578957,1000
5639,oot,10000,2000,8,1.236243,0.691023,250
564,void,10000,250,21,1.115681,0.566024,16000
5640,oot,10000,250,16,1.115482,0.567331,16000
5641,oot,10000,2000,5,1.540973,0.993158,250
5642,extrae,10000,2000,17,1.280165,0.739231,250
5643,extrae,10000,250,6,1.431081,0.882850,16000
5644,scorep,10000,1000,15,1.122735,0.570049,1000
5645,extrae,10000,500,8,1.210898,0.664027,4000
5646,oot,10000,250,8,1.188197,0.634482,16000
5647,tikki,10000,500,11,1.162065,0.613259,4000
5648,extrae,10000,250,21,1.189258,0.641635,16000
5649,void,10000,500,19,1.109279,0.564495,4000
565,tikki,10000,250,6,1.420440,0.874233,16000
5650,scorep,10000,250,7,1.256800,0.706397,16000
5651,tikki,10000,500,4,1.746248,1.198098,4000
5652,void,10000,1000,17,1.124982,0.577876,1000
5653,void,10000,500,6,1.367833,0.817602,4000
5654,empty,10000,2000,20,1.240763,0.694905,250
5655,scorep,10000,250,12,1.120477,0.573715,16000
5656,printf,10000,2000,8,1.240966,0.695026,250
5657,empty,10000,1000,17,1.120321,0.574795,1000
5658,printf,10000,250,13,1.109809,0.562882,16000
5659,empty,10000,250,6,1.354443,0.806374,16000
566,scorep,10000,500,13,1.113213,0.561286,4000
5660,printf,10000,2000,4,1.682715,1.137594,250
5661,tikki,10000,500,15,1.143346,0.599863,4000
5662,printf,10000,2000,18,1.239382,0.688997,250
5663,empty,10000,2000,6,1.405816,0.860868,250
5664,oot,10000,1000,22,1.133990,0.586320,1000
5665,extrae,10000,2000,2,2.793818,2.242676,250
5666,empty,10000,250,13,1.108949,0.562521,16000
5667,extrae,10000,500,13,1.149152,0.602391,4000
5668,oot,10000,250,17,1.113417,0.562926,16000
5669,empty,10000,1000,13,1.110424,0.563859,1000
567,scorep,10000,2000,15,1.217703,0.665898,250
5670,void,10000,250,3,2.095215,1.549610,16000
5671,extrae,10000,500,3,2.123316,1.572448,4000
5672,scorep,10000,250,3,2.110453,1.567524,16000
5673,printf,10000,250,11,1.099483,0.552773,16000
5674,empty,10000,500,21,1.105123,0.561452,4000
5675,scorep,10000,2000,18,1.238320,0.686891,250
5676,oot,10000,1000,24,1.139521,0.591591,1000
5677,extrae,10000,250,9,1.188606,0.641077,16000
5678,oot,10000,2000,17,1.228619,0.678306,250
5679,extrae,10000,500,7,1.281307,0.737533,4000
568,oot,10000,500,23,1.114883,0.565637,4000
5680,tikki,10000,1000,7,1.293561,0.744980,1000
5681,tikki,10000,500,13,1.162883,0.618741,4000
5682,scorep,10000,250,18,1.123658,0.571410,16000
5683,extrae,10000,500,18,1.171532,0.623962,4000
5684,empty,10000,2000,18,1.234728,0.687871,250
5685,empty,10000,1000,19,1.127593,0.581225,1000
5686,void,10000,2000,8,1.252359,0.709093,250
5687,tikki,10000,500,14,1.163062,0.615246,4000
5688,void,10000,500,11,1.102457,0.556236,4000
5689,void,10000,2000,1,4.830691,4.282779,250
569,scorep,10000,250,17,1.113851,0.565874,16000
5690,empty,10000,2000,4,1.695066,1.153243,250
5691,empty,10000,2000,12,1.207765,0.655044,250
5692,void,10000,1000,5,1.474295,0.930546,1000
5693,tikki,10000,250,19,1.159571,0.612160,16000
5694,extrae,10000,1000,22,1.207976,0.657313,1000
5695,printf,10000,250,14,1.118668,0.570771,16000
5696,void,10000,250,7,1.245484,0.697499,16000
5697,void,10000,250,19,1.109189,0.564115,16000
5698,empty,10000,250,15,1.104009,0.559160,16000
5699,extrae,10000,500,16,1.160660,0.613991,4000
57,oot,10000,250,20,1.121499,0.572219,16000
570,empty,10000,250,20,1.114799,0.569128,16000
5700,tikki,10000,250,20,1.160688,0.611202,16000
5701,tikki,10000,2000,12,1.238615,0.689245,250
5702,tikki,10000,1000,8,1.227966,0.682762,1000
5703,extrae,10000,500,17,1.159772,0.614408,4000
5704,scorep,10000,2000,8,1.256012,0.707673,250
5705,scorep,10000,2000,9,1.209554,0.656488,250
5706,scorep,10000,1000,2,2.875778,2.317300,1000
5707,oot,10000,2000,15,1.209304,0.664739,250
5708,oot,10000,250,12,1.112955,0.569888,16000
5709,empty,10000,1000,2,2.864612,2.317150,1000
571,tikki,10000,1000,5,1.525491,0.981796,1000
5710,empty,10000,1000,14,1.123162,0.573340,1000
5711,scorep,10000,500,9,1.138155,0.590961,4000
5712,tikki,10000,1000,12,1.168061,0.618434,1000
5713,printf,10000,2000,19,1.243877,0.698694,250
5714,void,10000,250,22,1.112380,0.568346,16000
5715,scorep,10000,1000,11,1.117201,0.566253,1000
5716,printf,10000,250,8,1.190021,0.644542,16000
5717,scorep,10000,2000,3,2.122331,1.580784,250
5718,scorep,10000,1000,8,1.183462,0.637856,1000
5719,empty,10000,500,7,1.255962,0.709528,4000
572,printf,10000,500,20,1.112387,0.565204,4000
5720,extrae,10000,250,17,1.168632,0.626147,16000
5721,tikki,10000,1000,20,1.181287,0.634959,1000
5722,oot,10000,500,23,1.110817,0.562966,4000
5723,empty,10000,2000,5,1.520298,0.974288,250
5724,printf,10000,1000,4,1.674411,1.128227,1000
5725,oot,10000,250,9,1.121262,0.573433,16000
5726,printf,10000,500,7,1.262325,0.716255,4000
5727,scorep,10000,500,6,1.370256,0.822713,4000
5728,void,10000,250,11,1.103059,0.559140,16000
5729,extrae,10000,250,12,1.154212,0.609749,16000
573,oot,10000,2000,17,1.229785,0.681203,250
5730,extrae,10000,500,14,1.160973,0.614671,4000
5731,void,10000,2000,21,1.248136,0.699139,250
5732,void,10000,2000,16,1.215164,0.668645,250
5733,void,10000,500,10,1.122569,0.577257,4000
5734,oot,10000,500,18,1.112749,0.562752,4000
5735,scorep,10000,2000,14,1.212748,0.660565,250
5736,extrae,10000,1000,9,1.157468,0.611631,1000
5737,void,10000,2000,19,1.237692,0.692969,250
5738,empty,10000,2000,16,1.216054,0.671615,250
5739,void,10000,500,22,1.106648,0.564246,4000
574,extrae,10000,1000,15,1.161164,0.618190,1000
5740,printf,10000,2000,13,1.193197,0.640852,250
5741,empty,10000,250,5,1.476707,0.930972,16000
5742,void,10000,250,8,1.171982,0.626254,16000
5743,tikki,10000,500,23,1.155085,0.605566,4000
5744,scorep,10000,250,2,2.978751,2.427133,16000
5745,void,10000,500,13,1.103999,0.559006,4000
5746,oot,10000,500,17,1.108832,0.562186,4000
5747,oot,10000,500,2,2.942286,2.395507,4000
5748,scorep,10000,500,22,1.115186,0.564410,4000
5749,extrae,10000,1000,1,4.866805,4.316101,1000
575,oot,10000,2000,1,4.822829,4.276372,250
5750,scorep,10000,250,23,1.112391,0.566539,16000
5751,printf,10000,250,24,1.120070,0.570339,16000
5752,extrae,10000,2000,6,1.418394,0.870245,250
5753,printf,10000,2000,17,1.230362,0.685169,250
5754,extrae,10000,1000,4,1.670472,1.124073,1000
5755,scorep,10000,500,7,1.283116,0.722379,4000
5756,tikki,10000,1000,22,1.189626,0.642764,1000
5757,tikki,10000,2000,18,1.276840,0.731965,250
5758,empty,10000,500,9,1.136515,0.588498,4000
5759,scorep,10000,500,15,1.108023,0.560146,4000
576,tikki,10000,250,14,1.150048,0.610077,16000
5760,void,10000,500,9,1.136838,0.588596,4000
5761,empty,10000,1000,11,1.119272,0.565277,1000
5762,printf,10000,1000,2,2.867097,2.323275,1000
5763,extrae,10000,2000,8,1.263397,0.716399,250
5764,scorep,10000,1000,4,1.682476,1.135414,1000
5765,void,10000,250,2,2.845208,2.300876,16000
5766,empty,10000,500,22,1.113779,0.562605,4000
5767,extrae,10000,500,10,1.152606,0.604079,4000
5768,empty,10000,250,22,1.119329,0.570608,16000
5769,scorep,10000,500,18,1.108162,0.566054,4000
577,void,10000,250,5,1.486548,0.938358,16000
5770,extrae,10000,1000,10,1.155032,0.609348,1000
5771,empty,10000,250,17,1.106621,0.560406,16000
5772,extrae,10000,1000,12,1.166925,0.614085,1000
5773,tikki,10000,2000,11,1.243588,0.695903,250
5774,empty,10000,2000,23,1.249252,0.706499,250
5775,oot,10000,2000,21,1.249384,0.701078,250
5776,extrae,10000,1000,3,2.053849,1.506965,1000
5777,oot,10000,500,1,4.915450,4.370142,4000
5778,oot,10000,1000,16,1.116971,0.576615,1000
5779,printf,10000,500,2,2.950998,2.406930,4000
578,printf,10000,250,23,1.113606,0.567110,16000
5780,oot,10000,250,2,2.897105,2.342967,16000
5781,extrae,10000,2000,15,1.250066,0.703737,250
5782,printf,10000,1000,5,1.486957,0.939753,1000
5783,tikki,10000,2000,17,1.267490,0.718897,250
5784,empty,10000,250,2,2.840404,2.295784,16000
5785,empty,10000,2000,15,1.209675,0.656905,250
5786,printf,10000,250,7,1.249488,0.706770,16000
5787,extrae,10000,2000,23,1.319250,0.774779,250
5788,extrae,10000,250,18,1.179816,0.632964,16000
5789,extrae,10000,1000,2,2.836767,2.288421,1000
579,printf,10000,2000,24,1.259063,0.710536,250
5790,void,10000,250,10,1.121258,0.572186,16000
5791,tikki,10000,500,21,1.161870,0.616383,4000
5792,oot,10000,250,22,1.117495,0.569239,16000
5793,tikki,10000,250,13,1.161243,0.610848,16000
5794,scorep,10000,500,11,1.107250,0.557577,4000
5795,scorep,10000,500,1,5.859380,5.316888,4000
5796,tikki,10000,500,24,1.155573,0.612911,4000
5797,printf,10000,2000,20,1.248357,0.701415,250
5798,tikki,10000,500,20,1.169412,0.622431,4000
5799,empty,10000,500,1,4.939772,4.391986,4000
58,printf,10000,250,21,1.113257,0.566164,16000
580,void,10000,2000,9,1.197697,0.652692,250
5800,empty,10000,1000,10,1.120721,0.578149,1000
5801,tikki,10000,1000,4,1.713538,1.164711,1000
5802,oot,10000,500,5,1.495550,0.945477,4000
5803,tikki,10000,2000,19,1.289346,0.739767,250
5804,scorep,10000,1000,22,1.127101,0.583431,1000
5805,void,10000,500,3,2.089063,1.540915,4000
5806,scorep,10000,250,19,1.109451,0.562451,16000
5807,oot,10000,1000,15,1.121174,0.570615,1000
5808,tikki,10000,250,6,1.410609,0.863291,16000
5809,tikki,10000,2000,3,2.143388,1.594139,250
581,empty,10000,1000,21,1.124569,0.581680,1000
5810,void,10000,1000,16,1.117111,0.572585,1000
5811,empty,10000,1000,15,1.119816,0.570827,1000
5812,extrae,10000,250,7,1.318561,0.773291,16000
5813,void,10000,2000,2,2.785987,2.242641,250
5814,printf,10000,500,22,1.109498,0.562986,4000
5815,tikki,10000,2000,22,1.296912,0.747307,250
5816,printf,10000,1000,23,1.130033,0.586148,1000
5817,oot,10000,250,10,1.120522,0.573484,16000
5818,void,10000,1000,2,2.878086,2.331068,1000
5819,printf,10000,250,19,1.112134,0.562689,16000
582,printf,10000,250,7,1.254055,0.712029,16000
5820,empty,10000,2000,1,4.822308,4.275056,250
5821,scorep,10000,2000,1,5.744619,5.177724,250
5822,empty,10000,2000,22,1.237917,0.697924,250
5823,tikki,10000,1000,18,1.176874,0.631778,1000
5824,void,10000,250,12,1.113342,0.570706,16000
5825,scorep,10000,2000,2,2.943636,2.393886,250
5826,oot,10000,1000,9,1.130843,0.581454,1000
5827,void,10000,1000,10,1.122417,0.575831,1000
5828,empty,10000,500,15,1.102341,0.559270,4000
5829,oot,10000,2000,6,1.397830,0.849502,250
583,extrae,10000,500,12,1.153021,0.607363,4000
5830,empty,10000,1000,23,1.143381,0.586637,1000
5831,tikki,10000,500,10,1.169011,0.623875,4000
5832,empty,10000,250,14,1.113240,0.567755,16000
5833,extrae,10000,1000,19,1.192575,0.647437,1000
5834,tikki,10000,1000,2,2.940389,2.393137,1000
5835,printf,10000,2000,14,1.207916,0.656594,250
5836,extrae,10000,2000,21,1.313900,0.770102,250
5837,extrae,10000,500,4,1.702336,1.160029,4000
5838,empty,10000,500,17,1.110884,0.561734,4000
5839,void,10000,250,4,1.697213,1.147394,16000
584,void,10000,1000,10,1.126035,0.579152,1000
5840,tikki,10000,250,22,1.155859,0.609219,16000
5841,printf,10000,500,23,1.112282,0.562818,4000
5842,extrae,10000,1000,20,1.196373,0.646332,1000
5843,printf,10000,2000,23,1.244421,0.696907,250
5844,tikki,10000,250,24,1.164618,0.619032,16000
5845,empty,10000,2000,7,1.328435,0.779048,250
5846,tikki,10000,250,14,1.153835,0.610227,16000
5847,empty,10000,2000,3,2.098227,1.549345,250
5848,extrae,10000,250,20,1.189117,0.642432,16000
5849,printf,10000,250,12,1.116099,0.567831,16000
585,void,10000,250,15,1.108795,0.563597,16000
5850,oot,10000,1000,2,2.861063,2.316867,1000
5851,empty,10000,2000,19,1.238585,0.690394,250
5852,oot,10000,250,4,1.685805,1.139174,16000
5853,tikki,10000,2000,9,1.245960,0.698298,250
5854,oot,10000,2000,24,1.251561,0.706733,250
5855,scorep,10000,2000,21,1.249114,0.689722,250
5856,void,10000,500,24,1.109076,0.565413,4000
5857,void,10000,1000,21,1.133814,0.582341,1000
5858,oot,10000,500,3,2.130673,1.581825,4000
5859,scorep,10000,500,4,1.686936,1.137177,4000
586,extrae,10000,1000,18,1.183075,0.638072,1000
5860,oot,10000,250,18,1.116067,0.563717,16000
5861,void,10000,500,17,1.107670,0.557955,4000
5862,extrae,10000,500,19,1.166917,0.622041,4000
5863,tikki,10000,250,8,1.231678,0.679136,16000
5864,printf,10000,250,22,1.116561,0.567066,16000
5865,tikki,10000,1000,16,1.165465,0.618159,1000
5866,printf,10000,500,3,2.081463,1.535955,4000
5867,tikki,10000,1000,6,1.404050,0.858848,1000
5868,extrae,10000,500,21,1.176885,0.631814,4000
5869,scorep,10000,500,19,1.111165,0.564522,4000
587,printf,10000,500,14,1.114123,0.569447,4000
5870,scorep,10000,500,17,1.125604,0.566898,4000
5871,printf,10000,500,4,1.702535,1.156064,4000
5872,scorep,10000,250,15,1.116369,0.566486,16000
5873,printf,10000,500,19,1.110518,0.562791,4000
5874,void,10000,500,8,1.188980,0.635449,4000
5875,extrae,10000,500,22,1.184360,0.633827,4000
5876,extrae,10000,2000,3,2.107463,1.559289,250
5877,oot,10000,2000,4,1.711914,1.165746,250
5878,oot,10000,250,24,1.116955,0.572989,16000
5879,empty,10000,250,11,1.100661,0.554985,16000
588,tikki,10000,500,3,2.123955,1.574226,4000
5880,extrae,10000,250,23,1.198350,0.654797,16000
5881,extrae,10000,1000,8,1.203196,0.656138,1000
5882,oot,10000,1000,17,1.119963,0.574427,1000
5883,empty,10000,1000,1,4.880023,4.334182,1000
5884,oot,10000,2000,20,1.245174,0.701405,250
5885,void,10000,2000,12,1.193840,0.646575,250
5886,extrae,10000,250,19,1.179209,0.635589,16000
5887,oot,10000,500,9,1.138922,0.589299,4000
5888,printf,10000,250,20,1.118475,0.570955,16000
5889,void,10000,500,14,1.114377,0.563930,4000
589,tikki,10000,2000,17,1.294929,0.750112,250
5890,oot,10000,250,7,1.246875,0.700367,16000
5891,tikki,10000,500,12,1.152861,0.608035,4000
5892,void,10000,500,15,1.107886,0.560177,4000
5893,tikki,10000,2000,7,1.357769,0.807051,250
5894,extrae,10000,1000,13,1.151661,0.607534,1000
5895,oot,10000,250,6,1.360664,0.814418,16000
5896,printf,10000,1000,18,1.118391,0.577564,1000
5897,empty,10000,250,19,1.106315,0.563320,16000
5898,extrae,10000,2000,4,1.717987,1.173228,250
5899,extrae,10000,2000,22,1.320699,0.770951,250
59,tikki,10000,250,16,1.160770,0.612367,16000
590,empty,10000,250,24,1.111927,0.568315,16000
5900,void,10000,1000,23,1.132827,0.584851,1000
5901,tikki,10000,2000,14,1.260377,0.710255,250
5902,oot,10000,1000,13,1.113002,0.566765,1000
5903,tikki,10000,500,1,5.694174,5.147818,4000
5904,extrae,10000,250,15,1.145632,0.608427,16000
5905,tikki,10000,250,12,1.160937,0.616178,16000
5906,extrae,10000,250,3,2.174939,1.625609,16000
5907,void,10000,1000,24,1.135387,0.590460,1000
5908,printf,10000,500,16,1.108375,0.563216,4000
5909,tikki,10000,500,7,1.303920,0.757794,4000
591,empty,10000,2000,19,1.235788,0.690698,250
5910,extrae,10000,2000,10,1.239033,0.688003,250
5911,printf,10000,250,21,1.108503,0.565600,16000
5912,tikki,10000,1000,3,2.158546,1.611264,1000
5913,void,10000,250,23,1.114087,0.564913,16000
5914,scorep,10000,1000,1,5.803365,5.258814,1000
5915,extrae,10000,250,14,1.162546,0.621587,16000
5916,scorep,10000,1000,23,1.137917,0.587109,1000
5917,void,10000,250,13,1.102781,0.555443,16000
5918,void,10000,250,6,1.364404,0.813483,16000
5919,void,10000,2000,23,1.258984,0.710141,250
592,tikki,10000,500,11,1.155842,0.612556,4000
5920,oot,10000,500,7,1.259641,0.713326,4000
5921,oot,10000,250,3,2.136037,1.584702,16000
5922,empty,10000,500,19,1.111764,0.562624,4000
5923,tikki,10000,2000,23,1.309630,0.761104,250
5924,void,10000,1000,18,1.123908,0.579827,1000
5925,printf,10000,2000,22,1.250164,0.702600,250
5926,empty,10000,2000,17,1.233757,0.684430,250
5927,empty,10000,250,4,1.675201,1.121181,16000
5928,empty,10000,250,10,1.123771,0.574232,16000
5929,void,10000,2000,11,1.185220,0.639175,250
593,printf,10000,1000,18,1.128358,0.579419,1000
5930,oot,10000,500,12,1.118568,0.574566,4000
5931,printf,10000,250,4,1.685870,1.137026,16000
5932,scorep,10000,250,21,1.116215,0.566403,16000
5933,scorep,10000,2000,7,1.327807,0.776439,250
5934,oot,10000,1000,6,1.364473,0.818527,1000
5935,tikki,10000,250,21,1.158724,0.613631,16000
5936,void,10000,2000,4,1.683426,1.135568,250
5937,void,10000,2000,13,1.188793,0.642969,250
5938,empty,10000,500,2,2.940115,2.393769,4000
5939,tikki,10000,2000,24,1.313839,0.760704,250
594,oot,10000,250,8,1.175510,0.626803,16000
5940,oot,10000,500,10,1.123829,0.576108,4000
5941,extrae,10000,2000,11,1.226762,0.683899,250
5942,printf,10000,500,20,1.110028,0.563475,4000
5943,empty,10000,2000,8,1.242520,0.694321,250
5944,oot,10000,1000,11,1.108837,0.562607,1000
5945,void,10000,500,2,2.940549,2.395351,4000
5946,printf,10000,500,10,1.126955,0.575442,4000
5947,tikki,10000,500,5,1.537772,0.990360,4000
5948,scorep,10000,250,9,1.132697,0.580638,16000
5949,tikki,10000,250,1,5.630044,5.082938,16000
595,oot,10000,500,22,1.108157,0.563607,4000
5950,empty,10000,500,12,1.113326,0.571344,4000
5951,tikki,10000,1000,13,1.165119,0.616716,1000
5952,void,10000,500,23,1.105964,0.562310,4000
5953,tikki,10000,250,7,1.309421,0.759704,16000
5954,extrae,10000,1000,7,1.276635,0.730118,1000
5955,tikki,10000,1000,9,1.189825,0.643221,1000
5956,tikki,10000,500,3,2.168317,1.621830,4000
5957,tikki,10000,1000,14,1.159000,0.613174,1000
5958,oot,10000,500,14,1.113154,0.566343,4000
5959,void,10000,2000,20,1.252493,0.705170,250
596,void,10000,250,11,1.107780,0.558846,16000
5960,printf,10000,500,12,1.120150,0.571987,4000
5961,void,10000,1000,14,1.117610,0.571632,1000
5962,oot,10000,500,16,1.108540,0.562383,4000
5963,void,10000,250,24,1.122760,0.571268,16000
5964,empty,10000,2000,21,1.241864,0.696345,250
5965,void,10000,500,20,1.103495,0.560436,4000
5966,extrae,10000,250,22,1.204709,0.652972,16000
5967,void,10000,250,21,1.112050,0.564018,16000
5968,oot,10000,250,15,1.112046,0.564256,16000
5969,printf,10000,500,21,1.109794,0.564377,4000
597,tikki,10000,250,17,1.163038,0.616033,16000
5970,extrae,10000,250,11,1.152261,0.605035,16000
5971,empty,10000,500,3,2.120426,1.574254,4000
5972,scorep,10000,250,14,1.115212,0.560209,16000
5973,oot,10000,1000,1,4.874131,4.328509,1000
5974,oot,10000,250,19,1.109274,0.567498,16000
5975,tikki,10000,2000,2,2.817082,2.269049,250
5976,scorep,10000,500,12,1.122094,0.572160,4000
5977,printf,10000,1000,19,1.132033,0.582118,1000
5978,oot,10000,250,23,1.112551,0.567725,16000
5979,empty,10000,250,8,1.181839,0.635508,16000
598,printf,10000,1000,23,1.132717,0.586336,1000
5980,scorep,10000,1000,19,1.126866,0.581648,1000
5981,empty,10000,250,23,1.110615,0.565468,16000
5982,tikki,10000,1000,17,1.162255,0.615021,1000
5983,oot,10000,2000,14,1.197690,0.652364,250
5984,scorep,10000,2000,23,1.254184,0.705984,250
5985,oot,10000,500,11,1.106855,0.561120,4000
5986,scorep,10000,2000,19,1.249560,0.697575,250
5987,printf,10000,2000,11,1.193394,0.644977,250
5988,void,10000,2000,17,1.233591,0.687761,250
5989,printf,10000,1000,22,1.133123,0.587728,1000
599,scorep,10000,250,19,1.113938,0.564971,16000
5990,printf,10000,500,8,1.188598,0.641765,4000
5991,void,10000,1000,9,1.129759,0.581266,1000
5992,void,10000,1000,8,1.184499,0.638391,1000
5993,oot,10000,500,19,1.117133,0.562393,4000
5994,extrae,10000,500,6,1.391456,0.838761,4000
5995,void,10000,1000,19,1.129128,0.578697,1000
5996,tikki,10000,2000,5,1.562769,1.018694,250
5997,empty,10000,250,18,1.112333,0.567079,16000
5998,tikki,10000,2000,15,1.247047,0.701472,250
5999,oot,10000,2000,12,1.193311,0.649007,250
6,empty,10000,500,14,1.114635,0.567284,4000
60,oot,10000,250,13,1.111448,0.561510,16000
600,printf,10000,500,3,2.087161,1.538937,4000
6000,void,10000,1000,3,2.085287,1.541097,1000
6001,printf,10000,1000,21,1.127864,0.579902,1000
6002,empty,10000,2000,9,1.200896,0.655287,250
6003,scorep,10000,250,10,1.114778,0.569039,16000
6004,scorep,10000,500,23,1.108748,0.566121,4000
6005,scorep,10000,250,8,1.168511,0.622976,16000
6006,oot,10000,500,8,1.186798,0.637605,4000
6007,scorep,10000,500,21,1.111546,0.562827,4000
6008,oot,10000,250,20,1.112946,0.565842,16000
6009,void,10000,1000,1,4.867915,4.321383,1000
601,empty,10000,250,1,4.835290,4.292137,16000
6010,tikki,10000,1000,11,1.150408,0.608654,1000
6011,scorep,10000,1000,24,1.129178,0.584947,1000
6012,printf,10000,2000,9,1.218940,0.679523,250
6013,scorep,10000,250,5,1.491975,0.943563,16000
6014,printf,10000,1000,16,1.121561,0.573616,1000
6015,tikki,10000,1000,15,1.158897,0.612227,1000
6016,oot,10000,500,15,1.107725,0.561918,4000
6017,printf,10000,500,14,1.115750,0.565479,4000
6018,empty,10000,1000,18,1.127019,0.578457,1000
6019,scorep,10000,500,2,3.032426,2.472281,4000
602,oot,10000,250,12,1.112261,0.571484,16000
6020,extrae,10000,500,11,1.131393,0.591117,4000
6021,void,10000,250,16,1.116731,0.568386,16000
6022,extrae,10000,500,9,1.163286,0.618611,4000
6023,scorep,10000,2000,17,1.230713,0.683070,250
6024,scorep,10000,250,11,1.103119,0.555536,16000
6025,printf,10000,250,2,2.869457,2.322558,16000
6026,empty,10000,250,3,2.093380,1.539062,16000
6027,scorep,10000,2000,5,1.527481,0.979867,250
6028,oot,10000,500,22,1.106944,0.566085,4000
6029,void,10000,250,14,1.115506,0.566729,16000
603,printf,10000,250,17,1.115044,0.565836,16000
6030,oot,10000,250,5,1.482467,0.937558,16000
6031,tikki,10000,250,2,2.958222,2.416978,16000
6032,printf,10000,1000,15,1.120968,0.570980,1000
6033,printf,10000,250,3,2.105611,1.560560,16000
6034,scorep,10000,2000,10,1.205182,0.656524,250
6035,empty,10000,2000,13,1.189819,0.644975,250
6036,printf,10000,1000,8,1.178214,0.634047,1000
6037,scorep,10000,250,13,1.109441,0.568227,16000
6038,empty,10000,2000,24,1.257295,0.713415,250
6039,scorep,10000,250,17,1.106563,0.562292,16000
604,void,10000,250,14,1.119209,0.568084,16000
6040,tikki,10000,2000,1,5.540490,4.995871,250
6041,void,10000,250,9,1.121359,0.578321,16000
6042,printf,10000,1000,12,1.120792,0.573944,1000
6043,oot,10000,500,4,1.692278,1.147147,4000
6044,empty,10000,250,9,1.127034,0.580847,16000
6045,extrae,10000,1000,23,1.205532,0.661418,1000
6046,oot,10000,2000,18,1.239763,0.693644,250
6047,printf,10000,1000,6,1.357438,0.809455,1000
6048,empty,10000,250,21,1.111047,0.566328,16000
6049,empty,10000,250,3,2.103769,1.557032,16000
605,oot,10000,1000,9,1.131894,0.582360,1000
6050,oot,10000,1000,16,1.121379,0.574486,1000
6051,printf,10000,2000,5,1.528742,0.981918,250
6052,printf,10000,1000,7,1.264025,0.719326,1000
6053,tikki,10000,500,17,1.145563,0.601750,4000
6054,tikki,10000,2000,5,1.556492,1.009724,250
6055,scorep,10000,250,18,1.113194,0.568092,16000
6056,scorep,10000,1000,22,1.151886,0.585927,1000
6057,empty,10000,500,5,1.495206,0.947279,4000
6058,tikki,10000,250,9,1.176189,0.628939,16000
6059,printf,10000,500,18,1.111843,0.562489,4000
606,tikki,10000,2000,16,1.263143,0.715172,250
6060,scorep,10000,1000,7,1.263973,0.712559,1000
6061,void,10000,2000,17,1.234375,0.687693,250
6062,empty,10000,2000,14,1.199286,0.656501,250
6063,void,10000,1000,10,1.120347,0.576819,1000
6064,tikki,10000,1000,23,1.169046,0.624315,1000
6065,empty,10000,250,8,1.175223,0.626157,16000
6066,oot,10000,250,7,1.251220,0.706625,16000
6067,extrae,10000,500,21,1.180651,0.633794,4000
6068,tikki,10000,1000,2,2.967797,2.416434,1000
6069,printf,10000,500,9,1.135348,0.588555,4000
607,extrae,10000,1000,22,1.202789,0.656777,1000
6070,empty,10000,2000,23,1.248256,0.701602,250
6071,empty,10000,500,19,1.108753,0.563682,4000
6072,void,10000,250,2,2.894209,2.345674,16000
6073,scorep,10000,2000,3,2.137569,1.595627,250
6074,empty,10000,250,5,1.483209,0.934325,16000
6075,void,10000,250,20,1.118476,0.571239,16000
6076,extrae,10000,1000,17,1.174624,0.629904,1000
6077,void,10000,500,8,1.182278,0.638075,4000
6078,printf,10000,1000,24,1.136984,0.589058,1000
6079,tikki,10000,1000,12,1.164493,0.620591,1000
608,void,10000,2000,19,1.237104,0.688388,250
6080,extrae,10000,1000,16,1.174505,0.626556,1000
6081,oot,10000,250,3,2.111126,1.565093,16000
6082,extrae,10000,250,10,1.174795,0.625610,16000
6083,tikki,10000,500,9,1.182524,0.637417,4000
6084,oot,10000,250,9,1.133293,0.583491,16000
6085,printf,10000,1000,19,1.125700,0.579143,1000
6086,tikki,10000,500,19,1.155407,0.606885,4000
6087,scorep,10000,1000,16,1.127170,0.572402,1000
6088,empty,10000,500,4,1.699282,1.151944,4000
6089,extrae,10000,1000,18,1.186274,0.637601,1000
609,extrae,10000,1000,12,1.154602,0.609756,1000
6090,printf,10000,250,9,1.132827,0.586802,16000
6091,extrae,10000,500,8,1.215378,0.667092,4000
6092,void,10000,2000,2,2.927906,2.379291,250
6093,tikki,10000,2000,23,1.302774,0.753199,250
6094,tikki,10000,2000,9,1.233490,0.686710,250
6095,oot,10000,2000,16,1.220162,0.676276,250
6096,void,10000,2000,19,1.229575,0.686994,250
6097,tikki,10000,250,2,2.945897,2.403892,16000
6098,empty,10000,250,24,1.116059,0.570306,16000
6099,printf,10000,250,7,1.249460,0.704070,16000
61,void,10000,250,19,1.112405,0.566595,16000
610,empty,10000,1000,10,1.128073,0.578470,1000
6100,void,10000,2000,11,1.186221,0.643142,250
6101,oot,10000,1000,24,1.133527,0.589713,1000
6102,extrae,10000,2000,13,1.226983,0.682758,250
6103,void,10000,500,21,1.107971,0.561879,4000
6104,oot,10000,500,15,1.109929,0.563745,4000
6105,printf,10000,500,21,1.109922,0.558703,4000
6106,empty,10000,1000,1,4.878145,4.329149,1000
6107,void,10000,1000,17,1.118693,0.575941,1000
6108,extrae,10000,250,16,1.166222,0.620827,16000
6109,empty,10000,1000,5,1.500838,0.955618,1000
611,oot,10000,500,7,1.258874,0.712321,4000
6110,scorep,10000,500,8,1.192388,0.643648,4000
6111,scorep,10000,1000,6,1.354912,0.813351,1000
6112,tikki,10000,250,10,1.177284,0.628398,16000
6113,printf,10000,500,22,1.113050,0.564055,4000
6114,scorep,10000,2000,10,1.211318,0.657626,250
6115,extrae,10000,250,24,1.208586,0.663001,16000
6116,extrae,10000,2000,16,1.276041,0.727242,250
6117,printf,10000,500,7,1.263208,0.717809,4000
6118,empty,10000,250,16,1.110057,0.566038,16000
6119,extrae,10000,2000,9,1.221689,0.678311,250
612,extrae,10000,500,18,1.173352,0.625542,4000
6120,void,10000,2000,22,1.247763,0.706716,250
6121,oot,10000,500,2,2.943644,2.397870,4000
6122,extrae,10000,500,2,3.005107,2.452615,4000
6123,empty,10000,2000,11,1.202141,0.652615,250
6124,extrae,10000,250,12,1.155269,0.614989,16000
6125,void,10000,2000,16,1.219019,0.664658,250
6126,tikki,10000,2000,6,1.438585,0.895695,250
6127,extrae,10000,250,7,1.322325,0.779646,16000
6128,empty,10000,1000,15,1.118019,0.571261,1000
6129,tikki,10000,1000,18,1.177874,0.628251,1000
613,printf,10000,2000,5,1.538111,0.989018,250
6130,printf,10000,500,17,1.112779,0.563247,4000
6131,tikki,10000,2000,17,1.280774,0.734886,250
6132,oot,10000,250,24,1.118512,0.575342,16000
6133,oot,10000,1000,10,1.130174,0.579218,1000
6134,printf,10000,2000,23,1.243319,0.695334,250
6135,extrae,10000,250,13,1.149169,0.608104,16000
6136,oot,10000,250,4,1.678021,1.131362,16000
6137,void,10000,2000,14,1.207443,0.657275,250
6138,extrae,10000,500,7,1.275347,0.730976,4000
6139,empty,10000,2000,22,1.253632,0.704301,250
614,void,10000,500,2,2.940487,2.393601,4000
6140,oot,10000,500,11,1.108186,0.562185,4000
6141,oot,10000,500,7,1.265380,0.714591,4000
6142,void,10000,500,20,1.108403,0.564317,4000
6143,printf,10000,500,10,1.120929,0.573978,4000
6144,extrae,10000,500,11,1.144601,0.594080,4000
6145,scorep,10000,2000,20,1.236643,0.687738,250
6146,empty,10000,2000,24,1.259501,0.714279,250
6147,empty,10000,1000,3,2.071618,1.526315,1000
6148,scorep,10000,250,6,1.366408,0.814836,16000
6149,printf,10000,250,21,1.108977,0.565511,16000
615,extrae,10000,1000,2,2.917975,2.361457,1000
6150,printf,10000,1000,14,1.120152,0.571055,1000
6151,tikki,10000,1000,14,1.166700,0.617390,1000
6152,tikki,10000,500,15,1.155562,0.608624,4000
6153,oot,10000,500,22,1.118761,0.565895,4000
6154,scorep,10000,2000,7,1.355298,0.814467,250
6155,tikki,10000,2000,14,1.244547,0.695156,250
6156,tikki,10000,2000,12,1.240520,0.696277,250
6157,void,10000,1000,24,1.136154,0.589002,1000
6158,tikki,10000,2000,20,1.305808,0.758733,250
6159,scorep,10000,1000,21,1.136578,0.585459,1000
616,printf,10000,1000,20,1.131730,0.581510,1000
6160,empty,10000,250,18,1.114599,0.567256,16000
6161,oot,10000,500,4,1.685024,1.137343,4000
6162,tikki,10000,500,18,1.148638,0.603827,4000
6163,tikki,10000,250,22,1.157726,0.612182,16000
6164,oot,10000,500,9,1.134449,0.588774,4000
6165,oot,10000,1000,12,1.124373,0.577765,1000
6166,empty,10000,2000,19,1.248443,0.696641,250
6167,extrae,10000,500,15,1.154224,0.609347,4000
6168,tikki,10000,1000,15,1.156411,0.609280,1000
6169,printf,10000,2000,10,1.194074,0.645034,250
617,void,10000,2000,13,1.192807,0.646705,250
6170,printf,10000,1000,18,1.129345,0.581886,1000
6171,empty,10000,1000,4,1.661768,1.113733,1000
6172,oot,10000,2000,20,1.252253,0.703917,250
6173,empty,10000,500,2,2.940836,2.393478,4000
6174,tikki,10000,500,14,1.159648,0.603494,4000
6175,tikki,10000,500,2,3.024507,2.473196,4000
6176,extrae,10000,250,21,1.196587,0.643398,16000
6177,void,10000,1000,9,1.135951,0.581592,1000
6178,void,10000,1000,16,1.123000,0.572859,1000
6179,empty,10000,250,9,1.119650,0.571969,16000
618,tikki,10000,1000,22,1.183142,0.638784,1000
6180,printf,10000,250,19,1.108928,0.562950,16000
6181,scorep,10000,250,15,1.102895,0.562609,16000
6182,extrae,10000,500,13,1.145468,0.600331,4000
6183,scorep,10000,1000,4,1.682911,1.132162,1000
6184,empty,10000,500,9,1.133286,0.586793,4000
6185,scorep,10000,250,19,1.118475,0.567620,16000
6186,printf,10000,500,3,2.080117,1.534245,4000
6187,tikki,10000,2000,8,1.294835,0.750555,250
6188,empty,10000,500,6,1.365257,0.821597,4000
6189,oot,10000,2000,23,1.257442,0.707705,250
619,printf,10000,1000,24,1.140771,0.591042,1000
6190,scorep,10000,250,20,1.122912,0.560025,16000
6191,oot,10000,250,8,1.163237,0.620356,16000
6192,void,10000,1000,15,1.119420,0.570129,1000
6193,void,10000,250,23,1.117487,0.570517,16000
6194,printf,10000,2000,20,1.245426,0.696749,250
6195,tikki,10000,2000,11,1.238382,0.692291,250
6196,extrae,10000,1000,3,2.110518,1.566658,1000
6197,oot,10000,500,5,1.497527,0.948059,4000
6198,extrae,10000,2000,5,1.533661,0.988134,250
6199,extrae,10000,2000,8,1.278830,0.734148,250
62,extrae,10000,2000,7,1.350594,0.801754,250
620,extrae,10000,1000,5,1.499395,0.956755,1000
6200,oot,10000,500,20,1.106455,0.562893,4000
6201,printf,10000,2000,19,1.236805,0.687563,250
6202,extrae,10000,500,3,2.090461,1.543200,4000
6203,empty,10000,250,2,2.849803,2.299459,16000
6204,void,10000,500,7,1.267476,0.716411,4000
6205,tikki,10000,1000,17,1.172092,0.622776,1000
6206,tikki,10000,1000,10,1.172605,0.626221,1000
6207,scorep,10000,1000,19,1.131739,0.580745,1000
6208,empty,10000,250,15,1.106260,0.563021,16000
6209,void,10000,500,12,1.116669,0.569320,4000
621,tikki,10000,1000,13,1.154840,0.610377,1000
6210,extrae,10000,250,19,1.180898,0.635409,16000
6211,printf,10000,500,24,1.109258,0.562823,4000
6212,oot,10000,500,19,1.113678,0.563857,4000
6213,empty,10000,500,14,1.114549,0.564774,4000
6214,extrae,10000,500,10,1.157646,0.606107,4000
6215,empty,10000,2000,9,1.209603,0.662906,250
6216,oot,10000,1000,8,1.177018,0.632723,1000
6217,void,10000,1000,5,1.481004,0.932401,1000
6218,extrae,10000,250,18,1.179313,0.632600,16000
6219,printf,10000,500,23,1.115243,0.565955,4000
622,empty,10000,2000,7,1.325087,0.778121,250
6220,void,10000,500,16,1.111596,0.561306,4000
6221,scorep,10000,2000,12,1.199531,0.655425,250
6222,scorep,10000,250,5,1.496394,0.945740,16000
6223,printf,10000,250,6,1.362160,0.814121,16000
6224,void,10000,250,14,1.116437,0.567454,16000
6225,printf,10000,250,2,2.903304,2.357266,16000
6226,empty,10000,500,7,1.258891,0.713957,4000
6227,scorep,10000,500,18,1.117620,0.565871,4000
6228,void,10000,500,2,2.951817,2.403951,4000
6229,void,10000,2000,18,1.224014,0.687626,250
623,extrae,10000,1000,19,1.185104,0.643058,1000
6230,empty,10000,2000,4,1.722134,1.173267,250
6231,empty,10000,250,4,1.666995,1.124028,16000
6232,printf,10000,500,16,1.113546,0.561524,4000
6233,printf,10000,500,20,1.116690,0.563970,4000
6234,oot,10000,250,6,1.359486,0.813228,16000
6235,extrae,10000,250,6,1.430297,0.883577,16000
6236,void,10000,500,23,1.111510,0.563042,4000
6237,extrae,10000,2000,18,1.302756,0.753499,250
6238,void,10000,250,3,2.086675,1.544005,16000
6239,empty,10000,1000,24,1.134528,0.587216,1000
624,empty,10000,2000,3,2.073405,1.526465,250
6240,scorep,10000,1000,3,2.114420,1.566131,1000
6241,tikki,10000,500,4,1.747277,1.203640,4000
6242,tikki,10000,250,21,1.172091,0.618325,16000
6243,empty,10000,500,22,1.114118,0.564769,4000
6244,extrae,10000,250,23,1.201928,0.656106,16000
6245,tikki,10000,1000,8,1.222250,0.673366,1000
6246,void,10000,500,17,1.106051,0.562951,4000
6247,empty,10000,2000,18,1.244111,0.694761,250
6248,extrae,10000,1000,7,1.271943,0.727658,1000
6249,oot,10000,2000,7,1.327507,0.781764,250
625,oot,10000,500,16,1.108898,0.562184,4000
6250,printf,10000,250,14,1.113346,0.568206,16000
6251,extrae,10000,2000,23,1.324542,0.778027,250
6252,scorep,10000,250,3,2.110180,1.561128,16000
6253,extrae,10000,250,2,3.142886,2.592946,16000
6254,void,10000,1000,3,2.055203,1.504489,1000
6255,extrae,10000,500,18,1.169195,0.623284,4000
6256,scorep,10000,500,12,1.123160,0.578328,4000
6257,empty,10000,250,10,1.118304,0.570608,16000
6258,oot,10000,1000,22,1.133207,0.587292,1000
6259,extrae,10000,2000,24,1.328399,0.784458,250
626,extrae,10000,250,10,1.173088,0.624165,16000
6260,scorep,10000,2000,5,1.526864,0.980066,250
6261,void,10000,250,4,1.669474,1.122999,16000
6262,extrae,10000,1000,19,1.186692,0.639629,1000
6263,oot,10000,2000,2,2.787773,2.243594,250
6264,scorep,10000,2000,17,1.227288,0.680940,250
6265,empty,10000,1000,6,1.356986,0.811310,1000
6266,empty,10000,500,11,1.102143,0.557677,4000
6267,empty,10000,250,21,1.111202,0.566764,16000
6268,void,10000,1000,4,1.664755,1.120364,1000
6269,void,10000,250,8,1.170779,0.621910,16000
627,tikki,10000,250,18,1.161213,0.613961,16000
6270,scorep,10000,500,17,1.120412,0.562881,4000
6271,empty,10000,1000,12,1.118814,0.573532,1000
6272,extrae,10000,1000,11,1.144144,0.600688,1000
6273,extrae,10000,1000,8,1.207027,0.662207,1000
6274,printf,10000,2000,1,4.814241,4.269758,250
6275,oot,10000,250,5,1.480835,0.940967,16000
6276,printf,10000,1000,11,1.112852,0.565678,1000
6277,empty,10000,500,17,1.109511,0.559853,4000
6278,tikki,10000,250,6,1.408093,0.860393,16000
6279,scorep,10000,2000,18,1.234219,0.683127,250
628,void,10000,500,3,2.103073,1.556301,4000
6280,tikki,10000,500,24,1.157868,0.609636,4000
6281,extrae,10000,2000,6,1.429091,0.880288,250
6282,extrae,10000,1000,21,1.197612,0.651657,1000
6283,printf,10000,250,13,1.108737,0.563127,16000
6284,tikki,10000,500,20,1.153216,0.608030,4000
6285,void,10000,1000,20,1.134192,0.583271,1000
6286,empty,10000,250,6,1.350221,0.806327,16000
6287,scorep,10000,250,9,1.144342,0.591099,16000
6288,extrae,10000,2000,19,1.289581,0.749156,250
6289,empty,10000,2000,13,1.193386,0.646882,250
629,tikki,10000,500,14,1.154284,0.607347,4000
6290,void,10000,500,22,1.109606,0.566415,4000
6291,empty,10000,250,12,1.112181,0.566331,16000
6292,void,10000,250,17,1.105808,0.562081,16000
6293,printf,10000,500,11,1.108012,0.562783,4000
6294,empty,10000,500,13,1.106931,0.559697,4000
6295,scorep,10000,2000,6,1.413377,0.865308,250
6296,void,10000,1000,23,1.133710,0.587658,1000
6297,printf,10000,250,16,1.111840,0.567310,16000
6298,oot,10000,250,12,1.117162,0.569628,16000
6299,oot,10000,500,13,1.107789,0.561288,4000
63,oot,10000,2000,13,1.192070,0.648506,250
630,scorep,10000,1000,1,4.885609,4.336017,1000
6300,void,10000,2000,4,1.714362,1.163720,250
6301,oot,10000,250,16,1.115591,0.570030,16000
6302,tikki,10000,1000,9,1.169736,0.623798,1000
6303,scorep,10000,1000,10,1.124347,0.574383,1000
6304,empty,10000,500,1,4.914439,4.365158,4000
6305,scorep,10000,1000,8,1.178707,0.636899,1000
6306,extrae,10000,2000,10,1.230240,0.686656,250
6307,oot,10000,500,6,1.367669,0.821731,4000
6308,scorep,10000,2000,24,1.257263,0.706764,250
6309,scorep,10000,500,11,1.135583,0.592159,4000
631,extrae,10000,500,24,1.183739,0.642870,4000
6310,tikki,10000,2000,1,5.543426,4.998485,250
6311,empty,10000,2000,8,1.252372,0.707745,250
6312,scorep,10000,500,4,1.693431,1.146644,4000
6313,empty,10000,250,17,1.111352,0.564988,16000
6314,scorep,10000,1000,20,1.134291,0.582269,1000
6315,printf,10000,2000,9,1.194379,0.649178,250
6316,scorep,10000,500,3,2.130548,1.583946,4000
6317,oot,10000,250,17,1.108415,0.563171,16000
6318,void,10000,2000,8,1.243096,0.695135,250
6319,scorep,10000,250,21,1.113731,0.567533,16000
632,scorep,10000,2000,24,1.251834,0.699750,250
6320,void,10000,500,18,1.114517,0.564440,4000
6321,extrae,10000,250,14,1.166935,0.617688,16000
6322,oot,10000,250,20,1.118552,0.570980,16000
6323,oot,10000,500,17,1.112617,0.563229,4000
6324,tikki,10000,2000,4,1.728946,1.180306,250
6325,void,10000,250,16,1.117276,0.568057,16000
6326,oot,10000,500,24,1.111449,0.564736,4000
6327,oot,10000,1000,19,1.129824,0.579698,1000
6328,tikki,10000,250,11,1.151487,0.605128,16000
6329,scorep,10000,500,13,1.130950,0.581713,4000
633,tikki,10000,250,2,2.940692,2.397871,16000
6330,extrae,10000,500,17,1.167010,0.618838,4000
6331,printf,10000,250,11,1.108080,0.557543,16000
6332,tikki,10000,500,23,1.167574,0.617889,4000
6333,printf,10000,2000,3,2.087390,1.535495,250
6334,oot,10000,1000,17,1.121889,0.578697,1000
6335,oot,10000,2000,18,1.242272,0.694517,250
6336,scorep,10000,250,10,1.121526,0.576138,16000
6337,empty,10000,1000,7,1.262484,0.710734,1000
6338,oot,10000,2000,14,1.202274,0.655731,250
6339,tikki,10000,2000,24,1.309600,0.761477,250
634,tikki,10000,250,9,1.173965,0.622259,16000
6340,oot,10000,500,21,1.106784,0.561128,4000
6341,scorep,10000,1000,11,1.120833,0.568400,1000
6342,scorep,10000,250,7,1.267403,0.711050,16000
6343,void,10000,500,15,1.106713,0.561403,4000
6344,tikki,10000,2000,10,1.273341,0.722522,250
6345,empty,10000,1000,8,1.176613,0.633034,1000
6346,void,10000,1000,1,4.866863,4.323935,1000
6347,printf,10000,2000,6,1.391054,0.850089,250
6348,tikki,10000,1000,6,1.423428,0.875503,1000
6349,oot,10000,250,23,1.116745,0.567380,16000
635,tikki,10000,1000,3,2.139481,1.595634,1000
6350,scorep,10000,2000,4,1.703130,1.155876,250
6351,void,10000,2000,9,1.210164,0.665067,250
6352,oot,10000,2000,5,1.525561,0.979280,250
6353,tikki,10000,250,17,1.152992,0.608223,16000
6354,scorep,10000,500,10,1.123921,0.579641,4000
6355,scorep,10000,500,6,1.377862,0.825414,4000
6356,tikki,10000,2000,2,2.887252,2.340615,250
6357,scorep,10000,500,7,1.266946,0.716902,4000
6358,oot,10000,1000,13,1.116615,0.567226,1000
6359,empty,10000,500,15,1.106175,0.561769,4000
636,empty,10000,500,15,1.105175,0.558959,4000
6360,oot,10000,1000,2,2.879483,2.331206,1000
6361,oot,10000,500,10,1.124663,0.575402,4000
6362,oot,10000,1000,21,1.135031,0.584054,1000
6363,tikki,10000,1000,5,1.519896,0.973654,1000
6364,printf,10000,1000,10,1.121718,0.576772,1000
6365,printf,10000,2000,14,1.207192,0.659024,250
6366,empty,10000,1000,13,1.116580,0.570578,1000
6367,printf,10000,1000,16,1.121088,0.574659,1000
6368,printf,10000,500,15,1.108512,0.559487,4000
6369,void,10000,1000,13,1.115048,0.568887,1000
637,void,10000,250,12,1.116349,0.566737,16000
6370,void,10000,250,24,1.115238,0.568160,16000
6371,extrae,10000,500,14,1.160185,0.610275,4000
6372,printf,10000,250,1,4.846007,4.295006,16000
6373,extrae,10000,2000,20,1.308990,0.767834,250
6374,void,10000,500,10,1.116069,0.570855,4000
6375,extrae,10000,1000,2,2.917010,2.366727,1000
6376,void,10000,500,9,1.138575,0.591501,4000
6377,empty,10000,500,3,2.067985,1.519876,4000
6378,empty,10000,1000,23,1.132201,0.587162,1000
6379,scorep,10000,250,1,5.750677,5.187332,16000
638,void,10000,1000,6,1.354223,0.810387,1000
6380,empty,10000,500,10,1.115400,0.576317,4000
6381,scorep,10000,500,5,1.503425,0.949139,4000
6382,scorep,10000,250,2,2.961217,2.403488,16000
6383,extrae,10000,1000,10,1.154961,0.609611,1000
6384,void,10000,1000,18,1.126537,0.578692,1000
6385,extrae,10000,500,16,1.160111,0.616150,4000
6386,printf,10000,1000,22,1.132281,0.584946,1000
6387,scorep,10000,250,14,1.117392,0.569022,16000
6388,extrae,10000,2000,22,1.321534,0.774158,250
6389,extrae,10000,250,3,2.196855,1.651769,16000
639,tikki,10000,500,2,2.971688,2.428737,4000
6390,extrae,10000,2000,11,1.218454,0.670559,250
6391,empty,10000,250,11,1.095125,0.550684,16000
6392,tikki,10000,1000,22,1.182062,0.634648,1000
6393,tikki,10000,500,21,1.146692,0.600969,4000
6394,empty,10000,1000,16,1.121736,0.573442,1000
6395,extrae,10000,1000,1,4.857908,4.310155,1000
6396,void,10000,2000,7,1.314635,0.776117,250
6397,printf,10000,2000,24,1.255286,0.711319,250
6398,tikki,10000,1000,19,1.163229,0.616957,1000
6399,scorep,10000,1000,1,4.879787,4.331841,1000
64,tikki,10000,1000,16,1.158318,0.613734,1000
640,void,10000,500,11,1.112923,0.558302,4000
6400,printf,10000,250,18,1.109778,0.568373,16000
6401,tikki,10000,250,15,1.157222,0.610447,16000
6402,void,10000,500,14,1.112375,0.564923,4000
6403,empty,10000,2000,16,1.210982,0.664362,250
6404,scorep,10000,2000,1,5.737044,5.189490,250
6405,extrae,10000,250,9,1.186799,0.646605,16000
6406,empty,10000,250,23,1.108960,0.565290,16000
6407,tikki,10000,1000,3,2.139647,1.590821,1000
6408,extrae,10000,500,20,1.175846,0.627096,4000
6409,oot,10000,500,23,1.115682,0.567221,4000
641,void,10000,1000,8,1.174562,0.629348,1000
6410,tikki,10000,2000,16,1.262283,0.717785,250
6411,oot,10000,2000,24,1.257967,0.715485,250
6412,tikki,10000,500,13,1.157795,0.613827,4000
6413,tikki,10000,500,11,1.160121,0.612596,4000
6414,empty,10000,2000,17,1.231999,0.683196,250
6415,void,10000,2000,24,1.256057,0.711434,250
6416,extrae,10000,2000,3,2.101938,1.556123,250
6417,void,10000,1000,22,1.131001,0.584495,1000
6418,tikki,10000,250,4,1.745244,1.199197,16000
6419,scorep,10000,500,14,1.115903,0.567648,4000
642,void,10000,1000,16,1.118368,0.572138,1000
6420,scorep,10000,1000,24,1.139901,0.587083,1000
6421,oot,10000,250,14,1.112810,0.569687,16000
6422,empty,10000,250,7,1.251681,0.703834,16000
6423,oot,10000,2000,10,1.195926,0.644271,250
6424,printf,10000,1000,21,1.129451,0.582778,1000
6425,scorep,10000,250,13,1.106483,0.561422,16000
6426,tikki,10000,1000,11,1.163845,0.615348,1000
6427,oot,10000,1000,20,1.127730,0.583771,1000
6428,oot,10000,250,13,1.104588,0.560571,16000
6429,void,10000,250,1,4.804288,4.256308,16000
643,scorep,10000,250,22,1.117118,0.568676,16000
6430,scorep,10000,1000,15,1.115436,0.571670,1000
6431,void,10000,1000,7,1.254762,0.709547,1000
6432,oot,10000,2000,19,1.237594,0.690774,250
6433,extrae,10000,2000,1,4.799573,4.249431,250
6434,printf,10000,250,15,1.108208,0.567344,16000
6435,extrae,10000,2000,2,2.774924,2.227200,250
6436,scorep,10000,1000,9,1.153821,0.603818,1000
6437,empty,10000,1000,2,2.828806,2.287082,1000
6438,extrae,10000,1000,14,1.170810,0.617767,1000
6439,empty,10000,250,20,1.118634,0.570666,16000
644,tikki,10000,2000,2,2.830210,2.282734,250
6440,extrae,10000,1000,24,1.216261,0.667302,1000
6441,oot,10000,2000,4,1.718740,1.170522,250
6442,oot,10000,2000,12,1.188891,0.645132,250
6443,tikki,10000,2000,22,1.308060,0.761377,250
6444,void,10000,2000,20,1.244444,0.701864,250
6445,printf,10000,500,13,1.105543,0.561169,4000
6446,tikki,10000,250,14,1.179507,0.633101,16000
6447,extrae,10000,2000,7,1.324065,0.778603,250
6448,oot,10000,1000,11,1.109681,0.563690,1000
6449,empty,10000,1000,18,1.128164,0.583049,1000
645,empty,10000,2000,9,1.201110,0.655064,250
6450,empty,10000,1000,14,1.114350,0.570764,1000
6451,printf,10000,1000,8,1.175843,0.631411,1000
6452,printf,10000,1000,6,1.364098,0.817537,1000
6453,scorep,10000,500,9,1.141443,0.590997,4000
6454,void,10000,2000,12,1.191934,0.646772,250
6455,extrae,10000,250,5,1.553693,1.010080,16000
6456,empty,10000,2000,21,1.244831,0.694824,250
6457,scorep,10000,250,16,1.102683,0.560711,16000
6458,void,10000,250,15,1.103816,0.562378,16000
6459,printf,10000,250,20,1.116424,0.571051,16000
646,void,10000,1000,24,1.132043,0.587422,1000
6460,void,10000,1000,12,1.118267,0.574165,1000
6461,empty,10000,2000,15,1.205828,0.659371,250
6462,void,10000,500,6,1.371430,0.827689,4000
6463,extrae,10000,1000,20,1.189598,0.646994,1000
6464,void,10000,500,5,1.492063,0.945569,4000
6465,void,10000,500,1,4.927716,4.384873,4000
6466,void,10000,1000,8,1.176863,0.635158,1000
6467,tikki,10000,1000,20,1.173742,0.629780,1000
6468,empty,10000,2000,10,1.196136,0.652647,250
6469,tikki,10000,250,24,1.164044,0.620488,16000
647,tikki,10000,500,9,1.178732,0.634343,4000
6470,printf,10000,2000,11,1.194195,0.646823,250
6471,oot,10000,2000,8,1.233699,0.690381,250
6472,tikki,10000,1000,16,1.162027,0.618349,1000
6473,void,10000,500,4,1.681467,1.135803,4000
6474,empty,10000,1000,19,1.127571,0.581085,1000
6475,empty,10000,500,23,1.109442,0.563708,4000
6476,tikki,10000,250,13,1.157411,0.607003,16000
6477,extrae,10000,500,5,1.514936,0.970016,4000
6478,printf,10000,500,6,1.363496,0.820918,4000
6479,extrae,10000,500,4,1.698861,1.148799,4000
648,tikki,10000,1000,2,2.957750,2.411879,1000
6480,empty,10000,500,24,1.112204,0.565051,4000
6481,scorep,10000,2000,19,1.237616,0.687771,250
6482,printf,10000,2000,8,1.235608,0.693766,250
6483,empty,10000,2000,7,1.320308,0.775450,250
6484,oot,10000,250,10,1.118560,0.573044,16000
6485,oot,10000,2000,21,1.245186,0.697847,250
6486,extrae,10000,2000,14,1.250005,0.703609,250
6487,oot,10000,1000,5,1.486926,0.939366,1000
6488,extrae,10000,1000,12,1.155094,0.610812,1000
6489,oot,10000,250,18,1.115677,0.569625,16000
649,tikki,10000,2000,3,2.102384,1.553412,250
6490,scorep,10000,2000,21,1.252034,0.703265,250
6491,void,10000,1000,6,1.351028,0.808249,1000
6492,scorep,10000,2000,15,1.213396,0.670241,250
6493,oot,10000,500,18,1.106819,0.561432,4000
6494,empty,10000,1000,17,1.121920,0.575995,1000
6495,oot,10000,1000,14,1.120395,0.574932,1000
6496,printf,10000,250,3,2.098167,1.554310,16000
6497,oot,10000,2000,6,1.411252,0.864675,250
6498,printf,10000,1000,20,1.130161,0.584051,1000
6499,scorep,10000,1000,18,1.129801,0.582369,1000
65,printf,10000,1000,9,1.127317,0.581387,1000
650,extrae,10000,250,2,3.144592,2.599702,16000
6500,void,10000,500,3,2.089481,1.538786,4000
6501,oot,10000,1000,15,1.117125,0.571862,1000
6502,scorep,10000,500,20,1.106590,0.565434,4000
6503,void,10000,2000,6,1.394524,0.847900,250
6504,tikki,10000,250,8,1.217360,0.670592,16000
6505,void,10000,500,19,1.112663,0.563262,4000
6506,tikki,10000,1000,24,1.187182,0.638255,1000
6507,empty,10000,2000,6,1.411031,0.867236,250
6508,oot,10000,250,15,1.105550,0.561574,16000
6509,empty,10000,500,8,1.186446,0.634930,4000
651,scorep,10000,250,11,1.105692,0.556790,16000
6510,oot,10000,500,8,1.182307,0.635234,4000
6511,extrae,10000,500,19,1.168759,0.624010,4000
6512,oot,10000,250,11,1.103420,0.555086,16000
6513,printf,10000,1000,3,2.091484,1.545179,1000
6514,empty,10000,1000,9,1.126018,0.581098,1000
6515,printf,10000,2000,13,1.192212,0.645733,250
6516,empty,10000,250,14,1.112932,0.566172,16000
6517,tikki,10000,500,12,1.157979,0.613702,4000
6518,printf,10000,500,14,1.112616,0.564722,4000
6519,empty,10000,500,18,1.114691,0.565987,4000
652,tikki,10000,500,17,1.149939,0.603901,4000
6520,extrae,10000,1000,13,1.157135,0.610147,1000
6521,scorep,10000,2000,9,1.220720,0.672421,250
6522,scorep,10000,1000,12,1.126842,0.578163,1000
6523,extrae,10000,500,22,1.185713,0.636906,4000
6524,extrae,10000,250,11,1.156888,0.605556,16000
6525,printf,10000,2000,17,1.229224,0.681833,250
6526,tikki,10000,1000,1,5.625554,5.080861,1000
6527,printf,10000,500,4,1.691982,1.148785,4000
6528,oot,10000,500,12,1.123383,0.572558,4000
6529,oot,10000,250,19,1.117420,0.567709,16000
653,empty,10000,500,19,1.109874,0.560185,4000
6530,oot,10000,500,1,4.942984,4.393725,4000
6531,printf,10000,2000,12,1.193433,0.651249,250
6532,scorep,10000,250,23,1.112016,0.567043,16000
6533,oot,10000,2000,9,1.205437,0.661816,250
6534,printf,10000,1000,9,1.132846,0.584397,1000
6535,scorep,10000,250,4,1.689415,1.140198,16000
6536,void,10000,250,21,1.112123,0.565757,16000
6537,scorep,10000,1000,13,1.129044,0.584317,1000
6538,printf,10000,1000,15,1.117743,0.569135,1000
6539,tikki,10000,2000,13,1.244638,0.699069,250
654,extrae,10000,500,17,1.160468,0.614871,4000
6540,extrae,10000,2000,17,1.288090,0.744627,250
6541,oot,10000,2000,13,1.188113,0.642587,250
6542,tikki,10000,500,3,2.143419,1.597251,4000
6543,oot,10000,1000,6,1.356578,0.810110,1000
6544,oot,10000,500,3,2.096591,1.547895,4000
6545,tikki,10000,500,10,1.172218,0.620861,4000
6546,void,10000,500,13,1.110554,0.560631,4000
6547,tikki,10000,500,8,1.233838,0.687021,4000
6548,extrae,10000,250,20,1.196316,0.643618,16000
6549,printf,10000,2000,7,1.310074,0.764231,250
655,tikki,10000,250,24,1.175111,0.626165,16000
6550,oot,10000,1000,23,1.131697,0.585474,1000
6551,scorep,10000,1000,14,1.123647,0.574492,1000
6552,void,10000,250,7,1.245572,0.701193,16000
6553,empty,10000,250,22,1.117970,0.569252,16000
6554,empty,10000,1000,20,1.128531,0.579732,1000
6555,tikki,10000,2000,19,1.290929,0.743194,250
6556,void,10000,2000,3,2.085793,1.539622,250
6557,oot,10000,2000,3,2.078212,1.535192,250
6558,printf,10000,2000,4,1.701563,1.155062,250
6559,void,10000,500,11,1.106851,0.559456,4000
656,void,10000,500,10,1.120976,0.575153,4000
6560,scorep,10000,1000,17,1.124513,0.575672,1000
6561,void,10000,250,22,1.116236,0.567686,16000
6562,printf,10000,2000,22,1.254092,0.703698,250
6563,tikki,10000,2000,15,1.250824,0.702776,250
6564,empty,10000,250,1,4.831007,4.282518,16000
6565,tikki,10000,250,20,1.152101,0.611311,16000
6566,extrae,10000,500,12,1.155027,0.610305,4000
6567,extrae,10000,250,8,1.238082,0.687539,16000
6568,void,10000,1000,14,1.118989,0.572781,1000
6569,scorep,10000,2000,14,1.207160,0.656070,250
657,extrae,10000,2000,19,1.303216,0.755148,250
6570,void,10000,2000,1,4.827243,4.280122,250
6571,printf,10000,250,22,1.107616,0.568375,16000
6572,scorep,10000,500,16,1.119650,0.565736,4000
6573,scorep,10000,1000,23,1.135494,0.587514,1000
6574,printf,10000,500,12,1.120639,0.572000,4000
6575,scorep,10000,250,24,1.110534,0.564295,16000
6576,extrae,10000,500,6,1.383563,0.836534,4000
6577,printf,10000,1000,17,1.127096,0.577813,1000
6578,scorep,10000,250,8,1.180977,0.631456,16000
6579,void,10000,2000,5,1.519432,0.970097,250
658,printf,10000,2000,19,1.239873,0.695196,250
6580,void,10000,250,12,1.115391,0.570576,16000
6581,printf,10000,500,19,1.110343,0.561377,4000
6582,tikki,10000,1000,21,1.177850,0.628702,1000
6583,printf,10000,250,4,1.682518,1.136500,16000
6584,empty,10000,2000,12,1.198300,0.651341,250
6585,tikki,10000,2000,18,1.289178,0.742522,250
6586,void,10000,1000,21,1.128218,0.584259,1000
6587,printf,10000,500,2,2.955412,2.409436,4000
6588,scorep,10000,250,11,1.116400,0.557882,16000
6589,extrae,10000,2000,15,1.250382,0.704403,250
659,scorep,10000,500,3,2.110335,1.561217,4000
6590,void,10000,250,6,1.352970,0.808903,16000
6591,tikki,10000,500,16,1.156381,0.607256,4000
6592,scorep,10000,250,12,1.101921,0.559527,16000
6593,oot,10000,2000,1,4.819711,4.272150,250
6594,void,10000,1000,2,2.832822,2.290875,1000
6595,oot,10000,500,16,1.116045,0.564485,4000
6596,extrae,10000,250,22,1.208642,0.656416,16000
6597,void,10000,250,9,1.121125,0.573285,16000
6598,printf,10000,250,8,1.179869,0.633712,16000
6599,oot,10000,1000,1,4.854319,4.305228,1000
66,empty,10000,2000,4,1.740698,1.191941,250
660,oot,10000,2000,14,1.202849,0.656780,250
6600,tikki,10000,2000,7,1.352809,0.810833,250
6601,empty,10000,500,21,1.105159,0.561719,4000
6602,extrae,10000,1000,15,1.161881,0.616131,1000
6603,tikki,10000,1000,13,1.166595,0.616876,1000
6604,tikki,10000,250,18,1.160727,0.616961,16000
6605,extrae,10000,2000,12,1.224259,0.677486,250
6606,printf,10000,1000,2,2.856480,2.315467,1000
6607,scorep,10000,500,2,2.974403,2.424160,4000
6608,printf,10000,500,8,1.190052,0.638810,4000
6609,scorep,10000,500,19,1.108292,0.566267,4000
661,empty,10000,250,14,1.111467,0.563991,16000
6610,tikki,10000,500,6,1.417107,0.872732,4000
6611,oot,10000,2000,17,1.227842,0.681320,250
6612,scorep,10000,2000,22,1.259829,0.712705,250
6613,extrae,10000,250,15,1.157748,0.615544,16000
6614,oot,10000,250,21,1.114521,0.569317,16000
6615,scorep,10000,500,15,1.112816,0.562630,4000
6616,tikki,10000,500,7,1.317904,0.767402,4000
6617,printf,10000,250,12,1.122008,0.572320,16000
6618,tikki,10000,2000,21,1.284159,0.737139,250
6619,extrae,10000,500,24,1.187974,0.644143,4000
662,tikki,10000,500,21,1.149343,0.603034,4000
6620,extrae,10000,2000,21,1.311946,0.762027,250
6621,empty,10000,1000,21,1.130314,0.584268,1000
6622,printf,10000,2000,2,2.915997,2.366765,250
6623,scorep,10000,500,23,1.108492,0.565502,4000
6624,empty,10000,500,20,1.115808,0.567261,4000
6625,void,10000,250,10,1.116140,0.569845,16000
6626,tikki,10000,500,22,1.156168,0.604915,4000
6627,printf,10000,250,10,1.122669,0.572963,16000
6628,scorep,10000,250,22,1.117741,0.569886,16000
6629,extrae,10000,2000,4,1.735367,1.185328,250
663,extrae,10000,250,18,1.187637,0.634790,16000
6630,printf,10000,500,1,4.951460,4.406251,4000
6631,printf,10000,1000,23,1.129109,0.585898,1000
6632,oot,10000,2000,15,1.199413,0.654213,250
6633,empty,10000,2000,2,2.789408,2.244249,250
6634,tikki,10000,250,3,2.124313,1.577975,16000
6635,tikki,10000,500,1,5.703140,5.151685,4000
6636,tikki,10000,250,7,1.299260,0.754005,16000
6637,extrae,10000,250,1,4.836927,4.292398,16000
6638,empty,10000,2000,3,2.111814,1.571332,250
6639,oot,10000,250,1,4.817145,4.270648,16000
664,empty,10000,250,10,1.119471,0.570961,16000
6640,scorep,10000,2000,23,1.234521,0.687886,250
6641,tikki,10000,250,23,1.161129,0.618630,16000
6642,tikki,10000,250,5,1.546076,0.998655,16000
6643,oot,10000,2000,22,1.249854,0.704455,250
6644,empty,10000,2000,1,4.817183,4.270624,250
6645,printf,10000,2000,16,1.204476,0.664131,250
6646,printf,10000,2000,15,1.197598,0.655648,250
6647,void,10000,500,24,1.110948,0.565319,4000
6648,printf,10000,2000,21,1.251729,0.701670,250
6649,empty,10000,250,19,1.113153,0.566088,16000
665,extrae,10000,250,19,1.180705,0.633688,16000
6650,empty,10000,500,16,1.111571,0.564574,4000
6651,oot,10000,250,22,1.123511,0.572023,16000
6652,void,10000,250,18,1.111486,0.566104,16000
6653,oot,10000,500,14,1.116275,0.567972,4000
6654,oot,10000,1000,7,1.257505,0.708918,1000
6655,void,10000,1000,11,1.112241,0.564700,1000
6656,scorep,10000,2000,16,1.212122,0.665333,250
6657,extrae,10000,1000,22,1.205821,0.657068,1000
6658,extrae,10000,1000,5,1.495286,0.951358,1000
6659,empty,10000,250,13,1.106635,0.559644,16000
666,oot,10000,2000,2,2.792319,2.242889,250
6660,extrae,10000,1000,6,1.371996,0.823387,1000
6661,extrae,10000,250,17,1.172674,0.626938,16000
6662,oot,10000,2000,11,1.191967,0.641853,250
6663,tikki,10000,250,1,5.627054,5.081584,16000
6664,extrae,10000,1000,9,1.157412,0.617178,1000
6665,extrae,10000,1000,23,1.214236,0.664610,1000
6666,scorep,10000,2000,2,2.888956,2.341279,250
6667,oot,10000,1000,18,1.133140,0.583136,1000
6668,extrae,10000,500,23,1.189012,0.643590,4000
6669,scorep,10000,500,24,1.114394,0.566135,4000
667,printf,10000,500,2,2.944149,2.400711,4000
6670,empty,10000,1000,10,1.126149,0.577935,1000
6671,void,10000,250,11,1.100864,0.553716,16000
6672,scorep,10000,2000,8,1.246982,0.693430,250
6673,scorep,10000,500,21,1.113076,0.565675,4000
6674,oot,10000,1000,3,2.099014,1.556505,1000
6675,void,10000,250,5,1.486070,0.936342,16000
6676,void,10000,1000,19,1.129222,0.581963,1000
6677,extrae,10000,1000,4,1.681598,1.134713,1000
6678,scorep,10000,1000,2,2.895513,2.346706,1000
6679,scorep,10000,1000,5,1.498130,0.944144,1000
668,scorep,10000,1000,13,1.123260,0.569145,1000
6680,void,10000,2000,10,1.241671,0.693088,250
6681,oot,10000,1000,4,1.672048,1.125597,1000
6682,printf,10000,250,5,1.496134,0.947909,16000
6683,void,10000,2000,15,1.204274,0.658105,250
6684,void,10000,250,13,1.104469,0.559320,16000
6685,scorep,10000,500,22,1.108811,0.565685,4000
6686,printf,10000,500,5,1.498532,0.947901,4000
6687,tikki,10000,250,16,1.167058,0.612944,16000
6688,tikki,10000,1000,7,1.300117,0.753116,1000
6689,extrae,10000,500,9,1.160742,0.615390,4000
669,printf,10000,250,12,1.112139,0.567231,16000
6690,tikki,10000,500,5,1.548676,1.000367,4000
6691,void,10000,250,19,1.111379,0.563736,16000
6692,printf,10000,1000,12,1.123866,0.574320,1000
6693,void,10000,2000,21,1.249760,0.705307,250
6694,tikki,10000,1000,4,1.728630,1.182610,1000
6695,scorep,10000,250,17,1.115381,0.567011,16000
6696,scorep,10000,2000,11,1.213157,0.666498,250
6697,oot,10000,1000,9,1.128402,0.581935,1000
6698,extrae,10000,500,1,4.922484,4.376998,4000
6699,void,10000,2000,13,1.188078,0.645534,250
67,empty,10000,500,1,4.932400,4.386070,4000
670,scorep,10000,1000,2,2.909131,2.361319,1000
6700,printf,10000,1000,1,4.876024,4.332119,1000
6701,oot,10000,250,2,2.874319,2.331563,16000
6702,scorep,10000,2000,13,1.190625,0.646036,250
6703,tikki,10000,250,12,1.170780,0.627895,16000
6704,empty,10000,1000,22,1.132005,0.584360,1000
6705,empty,10000,1000,11,1.112806,0.567122,1000
6706,printf,10000,1000,13,1.120866,0.581547,1000
6707,scorep,10000,500,1,4.919644,4.371951,4000
6708,printf,10000,250,23,1.108941,0.568790,16000
6709,void,10000,2000,23,1.255421,0.706553,250
671,empty,10000,2000,5,1.506112,0.956151,250
6710,printf,10000,250,17,1.111569,0.564706,16000
6711,printf,10000,250,24,1.115447,0.570749,16000
6712,tikki,10000,2000,3,2.130566,1.573208,250
6713,printf,10000,2000,18,1.233682,0.686862,250
6714,extrae,10000,250,4,1.785372,1.239869,16000
6715,printf,10000,1000,4,1.665210,1.116669,1000
6716,tikki,10000,250,19,1.178011,0.627093,16000
6717,empty,10000,2000,20,1.245712,0.699326,250
6718,printf,10000,1000,5,1.475906,0.931550,1000
6719,empty,10000,500,12,1.117173,0.569076,4000
672,scorep,10000,1000,17,1.130806,0.576734,1000
6720,empty,10000,2000,5,1.537261,0.984828,250
673,scorep,10000,250,5,1.498301,0.949914,16000
674,tikki,10000,1000,2,2.981326,2.437134,1000
675,void,10000,1000,3,2.095581,1.555094,1000
676,tikki,10000,2000,17,1.282204,0.731659,250
677,extrae,10000,500,23,1.183147,0.640235,4000
678,void,10000,2000,19,1.239665,0.693690,250
679,extrae,10000,250,24,1.206332,0.661354,16000
68,empty,10000,2000,8,1.231180,0.689414,250
680,printf,10000,250,13,1.109478,0.563094,16000
681,void,10000,1000,15,1.115076,0.568654,1000
682,oot,10000,250,17,1.110760,0.565256,16000
683,tikki,10000,250,6,1.408925,0.862269,16000
684,extrae,10000,500,8,1.214443,0.669413,4000
685,empty,10000,1000,19,1.127268,0.580282,1000
686,tikki,10000,500,17,1.150707,0.607560,4000
687,empty,10000,500,14,1.116516,0.564555,4000
688,extrae,10000,250,5,1.571141,1.022202,16000
689,void,10000,500,23,1.110503,0.563832,4000
69,printf,10000,250,11,1.110393,0.563281,16000
690,empty,10000,1000,16,1.124244,0.574282,1000
691,oot,10000,250,15,1.108118,0.565046,16000
692,scorep,10000,500,15,1.112465,0.563652,4000
693,empty,10000,500,9,1.134301,0.587472,4000
694,extrae,10000,500,18,1.167708,0.622497,4000
695,scorep,10000,1000,12,1.130413,0.578356,1000
696,oot,10000,500,21,1.107905,0.562050,4000
697,printf,10000,250,2,2.869536,2.324036,16000
698,void,10000,250,5,1.491681,0.939044,16000
699,scorep,10000,1000,20,1.130908,0.582666,1000
7,oot,10000,250,14,1.123041,0.574739,16000
70,oot,10000,2000,21,1.252514,0.701627,250
700,scorep,10000,1000,19,1.127348,0.578925,1000
701,printf,10000,2000,18,1.241167,0.693067,250
702,tikki,10000,250,3,2.122993,1.577926,16000
703,scorep,10000,2000,2,2.788823,2.240566,250
704,scorep,10000,2000,14,1.206681,0.655993,250
705,void,10000,500,24,1.110959,0.564995,4000
706,oot,10000,1000,18,1.125393,0.579355,1000
707,extrae,10000,500,4,1.706129,1.158019,4000
708,extrae,10000,500,6,1.393392,0.837764,4000
709,scorep,10000,1000,2,2.834736,2.285754,1000
71,tikki,10000,1000,11,1.156032,0.610661,1000
710,tikki,10000,1000,12,1.174020,0.625151,1000
711,empty,10000,250,4,1.688717,1.133830,16000
712,scorep,10000,1000,17,1.127699,0.578374,1000
713,tikki,10000,250,20,1.167872,0.618554,16000
714,extrae,10000,1000,9,1.153434,0.607785,1000
715,empty,10000,500,17,1.105331,0.559590,4000
716,oot,10000,500,17,1.111887,0.564748,4000
717,tikki,10000,2000,3,2.130235,1.583174,250
718,tikki,10000,250,21,1.159199,0.616531,16000
719,tikki,10000,1000,19,1.175590,0.628630,1000
72,scorep,10000,250,18,1.116948,0.566593,16000
720,empty,10000,250,8,1.174609,0.627541,16000
721,scorep,10000,500,3,2.085446,1.538702,4000
722,printf,10000,2000,1,4.830635,4.277784,250
723,oot,10000,2000,19,1.243040,0.694355,250
724,tikki,10000,250,1,5.627461,5.082935,16000
725,extrae,10000,250,14,1.159122,0.617308,16000
726,printf,10000,1000,9,1.123743,0.580075,1000
727,printf,10000,500,13,1.104356,0.559854,4000
728,tikki,10000,500,12,1.167154,0.621223,4000
729,void,10000,500,1,4.939128,4.388510,4000
73,extrae,10000,250,17,1.174038,0.627676,16000
730,extrae,10000,1000,15,1.160235,0.621812,1000
731,empty,10000,250,11,1.097355,0.551974,16000
732,void,10000,250,8,1.182219,0.632393,16000
733,oot,10000,250,8,1.180796,0.635730,16000
734,void,10000,1000,21,1.130874,0.582776,1000
735,void,10000,1000,4,1.664785,1.118664,1000
736,oot,10000,250,7,1.260446,0.712219,16000
737,oot,10000,250,10,1.119962,0.571533,16000
738,oot,10000,1000,17,1.122335,0.574865,1000
739,scorep,10000,1000,10,1.126466,0.578498,1000
74,void,10000,1000,11,1.111924,0.564191,1000
740,scorep,10000,1000,21,1.133403,0.584526,1000
741,oot,10000,500,5,1.496779,0.950019,4000
742,empty,10000,1000,1,4.870006,4.324476,1000
743,scorep,10000,500,6,1.362268,0.821000,4000
744,extrae,10000,500,1,4.928960,4.380970,4000
745,oot,10000,1000,3,2.090530,1.548557,1000
746,tikki,10000,250,11,1.168050,0.618208,16000
747,oot,10000,1000,23,1.133293,0.586982,1000
748,scorep,10000,250,20,1.114834,0.568423,16000
749,extrae,10000,1000,20,1.193368,0.644389,1000
75,printf,10000,500,8,1.184420,0.639874,4000
750,tikki,10000,250,10,1.170883,0.622262,16000
751,printf,10000,1000,13,1.115263,0.570007,1000
752,extrae,10000,1000,16,1.172827,0.625817,1000
753,tikki,10000,500,16,1.145606,0.602162,4000
754,scorep,10000,1000,11,1.115300,0.567079,1000
755,empty,10000,1000,24,1.136579,0.586878,1000
756,scorep,10000,2000,23,1.250102,0.699988,250
757,empty,10000,2000,5,1.512481,0.968212,250
758,printf,10000,2000,16,1.211341,0.666738,250
759,printf,10000,2000,8,1.232488,0.689319,250
76,extrae,10000,2000,14,1.243466,0.695346,250
760,empty,10000,2000,3,2.115761,1.571902,250
761,extrae,10000,250,20,1.186219,0.640838,16000
762,scorep,10000,500,9,1.140350,0.590673,4000
763,extrae,10000,1000,18,1.185128,0.637217,1000
764,oot,10000,500,13,1.107379,0.559772,4000
765,tikki,10000,1000,4,1.721539,1.175301,1000
766,empty,10000,1000,3,2.093932,1.547861,1000
767,void,10000,500,21,1.111511,0.561621,4000
768,scorep,10000,1000,5,1.491525,0.938971,1000
769,printf,10000,1000,16,1.115425,0.569543,1000
77,extrae,10000,1000,14,1.162011,0.616494,1000
770,oot,10000,2000,8,1.241130,0.695654,250
771,extrae,10000,500,15,1.158197,0.608410,4000
772,oot,10000,2000,12,1.197073,0.646158,250
773,printf,10000,1000,5,1.482227,0.938658,1000
774,oot,10000,2000,1,4.824649,4.278832,250
775,extrae,10000,2000,22,1.326888,0.783933,250
776,empty,10000,2000,19,1.235760,0.691476,250
777,oot,10000,2000,14,1.201660,0.657202,250
778,extrae,10000,500,14,1.156989,0.611111,4000
779,extrae,10000,2000,7,1.322427,0.777287,250
78,void,10000,250,1,4.896560,4.350471,16000
780,extrae,10000,500,11,1.128900,0.587791,4000
781,extrae,10000,1000,8,1.209836,0.660572,1000
782,void,10000,2000,11,1.190347,0.646316,250
783,tikki,10000,2000,4,1.751488,1.205990,250
784,printf,10000,500,6,1.363078,0.818878,4000
785,void,10000,250,7,1.250547,0.703791,16000
786,empty,10000,500,21,1.105801,0.561926,4000
787,empty,10000,500,6,1.360574,0.813125,4000
788,empty,10000,500,2,2.936582,2.390488,4000
789,tikki,10000,2000,20,1.289572,0.741098,250
79,void,10000,500,1,4.921147,4.377541,4000
790,oot,10000,1000,16,1.120681,0.575341,1000
791,scorep,10000,250,11,1.103963,0.554164,16000
792,tikki,10000,250,24,1.175772,0.626383,16000
793,oot,10000,2000,24,1.259464,0.714540,250
794,scorep,10000,500,4,1.691446,1.138507,4000
795,scorep,10000,500,18,1.118274,0.563098,4000
796,printf,10000,250,6,1.362700,0.815300,16000
797,oot,10000,2000,21,1.238838,0.693614,250
798,scorep,10000,250,4,1.696960,1.147494,16000
799,void,10000,2000,8,1.253579,0.707438,250
8,scorep,10000,500,15,1.105282,0.571437,4000
80,printf,10000,500,15,1.102258,0.560380,4000
800,oot,10000,1000,4,1.684044,1.137917,1000
801,void,10000,250,1,4.825329,4.281705,16000
802,extrae,10000,1000,12,1.148260,0.610602,1000
803,extrae,10000,2000,20,1.309061,0.764036,250
804,oot,10000,1000,15,1.116309,0.571474,1000
805,scorep,10000,2000,17,1.229702,0.678841,250
806,tikki,10000,1000,16,1.171674,0.624866,1000
807,oot,10000,500,4,1.694601,1.149915,4000
808,empty,10000,250,21,1.112525,0.566321,16000
809,void,10000,500,13,1.107032,0.559098,4000
81,printf,10000,1000,10,1.125077,0.576519,1000
810,tikki,10000,2000,8,1.287727,0.739122,250
811,scorep,10000,2000,19,1.236053,0.689385,250
812,tikki,10000,250,17,1.159566,0.614925,16000
813,void,10000,500,9,1.134664,0.585997,4000
814,empty,10000,250,19,1.116324,0.566488,16000
815,extrae,10000,2000,11,1.217952,0.671279,250
816,printf,10000,250,16,1.110445,0.567142,16000
817,scorep,10000,2000,7,1.312253,0.760080,250
818,empty,10000,250,10,1.106905,0.563408,16000
819,printf,10000,1000,15,1.115745,0.570138,1000
82,empty,10000,250,19,1.114321,0.568799,16000
820,void,10000,1000,24,1.131752,0.586832,1000
821,scorep,10000,2000,12,1.190994,0.644606,250
822,empty,10000,2000,7,1.308534,0.763607,250
823,empty,10000,2000,18,1.234363,0.691125,250
824,oot,10000,1000,14,1.116257,0.572395,1000
825,scorep,10000,250,12,1.120915,0.571632,16000
826,scorep,10000,1000,8,1.183728,0.636094,1000
827,oot,10000,2000,2,2.920569,2.372367,250
828,printf,10000,2000,3,2.084503,1.535151,250
829,empty,10000,1000,10,1.121929,0.579829,1000
83,printf,10000,500,1,4.943307,4.393822,4000
830,printf,10000,500,10,1.123394,0.577753,4000
831,void,10000,250,10,1.118940,0.569768,16000
832,scorep,10000,500,13,1.110831,0.561016,4000
833,empty,10000,1000,2,2.869520,2.320641,1000
834,empty,10000,1000,4,1.677626,1.127267,1000
835,tikki,10000,1000,3,2.141829,1.594451,1000
836,extrae,10000,250,23,1.201018,0.655413,16000
837,extrae,10000,500,9,1.164266,0.620013,4000
838,tikki,10000,2000,5,1.578729,1.027808,250
839,tikki,10000,2000,23,1.284479,0.740501,250
84,tikki,10000,500,20,1.149156,0.607214,4000
840,scorep,10000,250,23,1.117705,0.566093,16000
841,void,10000,1000,16,1.121572,0.573594,1000
842,empty,10000,250,15,1.107506,0.561610,16000
843,scorep,10000,250,1,4.848742,4.298322,16000
844,printf,10000,500,7,1.262638,0.720595,4000
845,void,10000,250,15,1.109325,0.562128,16000
846,void,10000,2000,21,1.244847,0.698857,250
847,scorep,10000,500,24,1.109640,0.561838,4000
848,scorep,10000,250,22,1.120962,0.570284,16000
849,void,10000,500,15,1.105539,0.559958,4000
85,tikki,10000,1000,15,1.167637,0.619097,1000
850,oot,10000,2000,3,2.083969,1.537626,250
851,void,10000,500,10,1.126998,0.577599,4000
852,void,10000,500,18,1.111181,0.561934,4000
853,printf,10000,250,1,4.869471,4.322995,16000
854,tikki,10000,1000,21,1.172486,0.632596,1000
855,void,10000,1000,22,1.133851,0.586298,1000
856,tikki,10000,2000,7,1.344861,0.800477,250
857,tikki,10000,250,8,1.226188,0.679336,16000
858,void,10000,500,8,1.180103,0.638118,4000
859,oot,10000,250,22,1.123930,0.573792,16000
86,oot,10000,1000,16,1.118517,0.573609,1000
860,extrae,10000,250,9,1.194636,0.648044,16000
861,tikki,10000,500,21,1.153055,0.609630,4000
862,tikki,10000,250,7,1.302165,0.753727,16000
863,printf,10000,500,23,1.109468,0.565276,4000
864,void,10000,250,9,1.125203,0.578038,16000
865,printf,10000,2000,12,1.191955,0.647889,250
866,oot,10000,500,22,1.112103,0.566728,4000
867,void,10000,500,14,1.114329,0.564855,4000
868,tikki,10000,1000,10,1.170666,0.625344,1000
869,tikki,10000,500,2,3.008434,2.464163,4000
87,scorep,10000,1000,4,1.666289,1.116380,1000
870,tikki,10000,250,23,1.158786,0.608955,16000
871,scorep,10000,2000,9,1.195115,0.648316,250
872,empty,10000,1000,11,1.110534,0.565034,1000
873,oot,10000,500,11,1.101108,0.557831,4000
874,empty,10000,250,20,1.116146,0.567634,16000
875,empty,10000,500,24,1.116584,0.563115,4000
876,printf,10000,1000,1,4.886520,4.335747,1000
877,void,10000,2000,20,1.241500,0.699861,250
878,void,10000,2000,4,1.700985,1.156213,250
879,scorep,10000,250,3,2.110728,1.559266,16000
88,empty,10000,250,6,1.367925,0.821964,16000
880,void,10000,1000,23,1.133664,0.586386,1000
881,empty,10000,500,13,1.102643,0.558842,4000
882,void,10000,250,13,1.104091,0.557412,16000
883,empty,10000,500,4,1.691113,1.143864,4000
884,empty,10000,1000,14,1.122989,0.570998,1000
885,extrae,10000,250,6,1.438040,0.889497,16000
886,oot,10000,500,10,1.121863,0.575059,4000
887,scorep,10000,500,5,1.500784,0.946398,4000
888,printf,10000,500,3,2.085591,1.539325,4000
889,oot,10000,250,14,1.116106,0.568651,16000
89,printf,10000,250,6,1.388356,0.837717,16000
890,tikki,10000,2000,13,1.236724,0.691980,250
891,scorep,10000,250,6,1.367762,0.814254,16000
892,empty,10000,2000,12,1.196349,0.647848,250
893,scorep,10000,1000,16,1.119047,0.572525,1000
894,void,10000,250,21,1.112590,0.566246,16000
895,oot,10000,500,14,1.113153,0.567107,4000
896,tikki,10000,250,16,1.162950,0.616419,16000
897,oot,10000,2000,7,1.324142,0.777141,250
898,scorep,10000,250,2,2.891617,2.339491,16000
899,extrae,10000,500,3,2.116166,1.562468,4000
9,tikki,10000,1000,18,1.164973,0.616480,1000
90,scorep,10000,500,11,1.109364,0.557705,4000
900,empty,10000,2000,22,1.249946,0.701353,250
901,scorep,10000,500,1,4.924003,4.373550,4000
902,printf,10000,250,9,1.120961,0.578908,16000
903,oot,10000,500,16,1.108106,0.560301,4000
904,scorep,10000,250,9,1.136545,0.586524,16000
905,printf,10000,500,20,1.108992,0.562584,4000
906,void,10000,250,16,1.114722,0.565128,16000
907,tikki,10000,500,19,1.156627,0.611193,4000
908,empty,10000,500,1,4.939456,4.389830,4000
909,empty,10000,250,18,1.108788,0.568078,16000
91,printf,10000,1000,5,1.485672,0.935633,1000
910,scorep,10000,250,19,1.112063,0.563764,16000
911,tikki,10000,1000,5,1.528571,0.983309,1000
912,extrae,10000,500,12,1.149267,0.606061,4000
913,tikki,10000,250,2,2.947777,2.399397,16000
914,tikki,10000,1000,6,1.411750,0.863636,1000
915,oot,10000,250,20,1.116243,0.569887,16000
916,oot,10000,250,6,1.359875,0.814230,16000
917,printf,10000,1000,2,2.875090,2.327109,1000
918,oot,10000,250,11,1.102964,0.557300,16000
919,oot,10000,1000,19,1.128752,0.581325,1000
92,scorep,10000,500,9,1.140688,0.588298,4000
920,printf,10000,250,5,1.491872,0.944395,16000
921,scorep,10000,2000,5,1.535242,0.984409,250
922,void,10000,1000,19,1.124799,0.578262,1000
923,empty,10000,250,3,2.093654,1.547468,16000
924,printf,10000,250,24,1.115878,0.569364,16000
925,extrae,10000,1000,1,4.862242,4.314822,1000
926,tikki,10000,500,10,1.155932,0.613805,4000
927,tikki,10000,250,15,1.160401,0.612609,16000
928,printf,10000,500,5,1.499960,0.952147,4000
929,printf,10000,500,4,1.695773,1.147891,4000
93,scorep,10000,2000,16,1.221287,0.665821,250
930,scorep,10000,500,2,2.969545,2.417910,4000
931,extrae,10000,250,21,1.195435,0.644977,16000
932,void,10000,250,18,1.113723,0.567476,16000
933,void,10000,2000,10,1.207033,0.658973,250
934,empty,10000,250,6,1.356034,0.811215,16000
935,void,10000,2000,23,1.249075,0.700694,250
936,tikki,10000,250,14,1.150579,0.605402,16000
937,tikki,10000,2000,9,1.253092,0.702896,250
938,oot,10000,250,13,1.104759,0.561395,16000
939,scorep,10000,500,19,1.116595,0.565588,4000
94,tikki,10000,1000,23,1.188647,0.642470,1000
940,printf,10000,250,12,1.120730,0.571367,16000
941,void,10000,250,11,1.105075,0.556026,16000
942,printf,10000,1000,20,1.130455,0.582514,1000
943,oot,10000,500,19,1.108604,0.563963,4000
944,scorep,10000,500,21,1.112932,0.561997,4000
945,tikki,10000,1000,22,1.168683,0.621467,1000
946,printf,10000,250,21,1.111685,0.564234,16000
947,void,10000,2000,7,1.323995,0.775809,250
948,empty,10000,2000,17,1.239446,0.692199,250
949,void,10000,2000,18,1.241490,0.697766,250
95,empty,10000,500,22,1.111647,0.563238,4000
950,extrae,10000,2000,19,1.295645,0.751841,250
951,oot,10000,500,15,1.105995,0.562133,4000
952,empty,10000,250,1,4.802664,4.255228,16000
953,void,10000,250,17,1.107929,0.564296,16000
954,printf,10000,500,12,1.120516,0.573065,4000
955,oot,10000,1000,7,1.260597,0.708115,1000
956,empty,10000,2000,8,1.256543,0.711819,250
957,scorep,10000,2000,15,1.201657,0.654402,250
958,empty,10000,2000,15,1.200889,0.657029,250
959,printf,10000,500,9,1.135655,0.591400,4000
96,extrae,10000,2000,11,1.220010,0.671335,250
960,extrae,10000,1000,17,1.173890,0.630029,1000
961,scorep,10000,1000,24,1.141669,0.590217,1000
962,empty,10000,250,16,1.109576,0.564872,16000
963,extrae,10000,2000,4,1.744283,1.198015,250
964,void,10000,250,19,1.108326,0.563271,16000
965,void,10000,1000,9,1.130104,0.584120,1000
966,void,10000,2000,3,2.071269,1.525217,250
967,extrae,10000,2000,13,1.223922,0.684459,250
968,tikki,10000,500,18,1.152113,0.609720,4000
969,empty,10000,1000,8,1.182273,0.634116,1000
97,oot,10000,1000,19,1.123637,0.579309,1000
970,printf,10000,250,8,1.169415,0.625670,16000
971,tikki,10000,2000,2,2.832427,2.286819,250
972,printf,10000,500,18,1.111090,0.563669,4000
973,scorep,10000,1000,14,1.124233,0.574305,1000
974,tikki,10000,500,20,1.150204,0.604946,4000
975,printf,10000,1000,22,1.133481,0.585088,1000
976,extrae,10000,250,17,1.168251,0.623648,16000
977,oot,10000,250,2,2.878291,2.330776,16000
978,printf,10000,1000,24,1.132214,0.588627,1000
979,oot,10000,250,5,1.480000,0.936680,16000
98,scorep,10000,250,5,1.520212,0.970196,16000
980,extrae,10000,1000,6,1.370506,0.824881,1000
981,extrae,10000,2000,14,1.243643,0.697082,250
982,scorep,10000,500,20,1.109849,0.562959,4000
983,extrae,10000,500,20,1.180084,0.630144,4000
984,void,10000,500,17,1.109832,0.562993,4000
985,tikki,10000,2000,16,1.269174,0.719972,250
986,empty,10000,250,7,1.243347,0.701329,16000
987,void,10000,1000,12,1.120299,0.575732,1000
988,extrae,10000,500,7,1.283910,0.740261,4000
989,scorep,10000,1000,7,1.264096,0.710433,1000
99,empty,10000,250,18,1.109528,0.563734,16000
990,oot,10000,500,12,1.117386,0.571208,4000
991,oot,10000,2000,15,1.209084,0.659102,250
992,tikki,10000,500,15,1.143586,0.600462,4000
993,empty,10000,1000,6,1.361273,0.811740,1000
994,void,10000,500,4,1.688925,1.142476,4000
995,scorep,10000,1000,9,1.139142,0.585710,1000
996,void,10000,1000,20,1.132840,0.583791,1000
997,void,10000,250,6,1.359939,0.811760,16000
998,oot,10000,500,23,1.108847,0.562352,4000
999,printf,10000,250,19,1.110194,0.565338,16000
