run,type,problemsize,subproblemsize,threads,apptime,comptime,tasks
1,void,2048,128,13,1.208565,0.945781,1496
10,void,2048,64,9,1.633746,1.371051,11440
100,scorep,2048,192,13,1.173460,0.910040,385
1000,tikki,2048,64,5,2.756618,2.493577,11440
1001,tikki,2048,192,11,1.338118,1.075054,385
1002,scorep,2048,128,11,1.364282,1.101126,1496
1003,oot,2048,128,1,11.085060,10.822260,1496
1004,extrae,2048,64,14,1.269404,0.998199,11440
1005,scorep,2048,192,8,1.598874,1.335115,385
1006,printf,2048,128,2,5.744928,5.482167,1496
1007,scorep,2048,256,7,2.236661,1.973062,204
1008,oot,2048,64,11,1.395432,1.132155,11440
1009,void,2048,256,16,1.543943,1.281052,204
101,tikki,2048,128,12,1.311914,1.049156,1496
1010,oot,2048,192,12,1.230074,0.966898,385
1011,printf,2048,192,6,1.904960,1.641470,385
1012,oot,2048,256,14,1.586651,1.323872,204
1013,tikki,2048,192,2,4.732183,4.469340,385
1014,oot,2048,128,10,1.449835,1.186305,1496
1015,empty,2048,64,13,1.212619,0.949337,11440
1016,oot,2048,192,2,4.705217,4.441826,385
1017,extrae,2048,192,15,1.251865,0.982528,385
1018,oot,2048,192,3,3.326425,3.024903,385
1019,void,2048,64,12,1.305140,1.042235,11440
102,scorep,2048,256,13,1.628274,1.364781,204
1020,tikki,2048,128,3,3.994726,3.731433,1496
1021,oot,2048,256,10,1.806476,1.543233,204
1022,extrae,2048,256,7,2.260882,1.997823,204
1023,oot,2048,256,5,2.758930,2.496147,204
1024,extrae,2048,192,14,1.277532,1.007664,385
1025,void,2048,128,12,1.262408,0.999373,1496
1026,extrae,2048,128,9,1.621353,1.351792,1496
1027,extrae,2048,128,3,3.957240,3.693248,1496
1028,void,2048,192,7,1.699295,1.436777,385
1029,printf,2048,128,11,1.348088,1.084840,1496
103,void,2048,64,11,1.399031,1.136293,11440
1030,scorep,2048,64,11,1.450558,1.187045,11440
1031,extrae,2048,64,16,1.182994,0.913513,11440
1032,printf,2048,64,16,1.048099,0.785602,11440
1033,empty,2048,256,9,1.939227,1.676431,204
1034,tikki,2048,64,14,1.198862,0.935903,11440
1035,printf,2048,256,7,2.252269,1.989505,204
1036,void,2048,64,16,1.047281,0.784447,11440
1037,void,2048,64,4,3.273383,3.010341,11440
1038,tikki,2048,128,15,1.230170,0.879651,1496
1039,printf,2048,256,4,3.257757,2.994752,204
104,void,2048,192,2,4.716806,4.454043,385
1040,empty,2048,64,6,2.284257,2.020791,11440
1041,tikki,2048,192,6,1.940952,1.678021,385
1042,scorep,2048,192,10,1.380882,1.117351,385
1043,scorep,2048,128,7,1.911434,1.647842,1496
1044,void,2048,192,8,1.592716,1.329219,385
1045,void,2048,192,12,1.231428,0.967875,385
1046,oot,2048,256,2,5.857109,5.593732,204
1047,printf,2048,256,2,5.877136,5.613900,204
1048,tikki,2048,64,11,1.451507,1.188483,11440
1049,extrae,2048,64,3,4.333496,4.069602,11440
105,tikki,2048,256,6,2.546252,2.283132,204
1050,tikki,2048,128,4,3.101042,2.838067,1496
1051,printf,2048,128,5,2.508824,2.242572,1496
1052,void,2048,256,9,1.940826,1.678082,204
1053,oot,2048,128,15,1.095565,0.832269,1496
1054,printf,2048,128,4,3.045670,2.782290,1496
1055,scorep,2048,128,10,1.452405,1.188744,1496
1056,empty,2048,128,12,1.270434,1.007769,1496
1057,scorep,2048,192,6,1.903820,1.640343,385
1058,printf,2048,192,8,1.599726,1.336171,385
1059,empty,2048,256,4,3.214696,2.951353,204
106,oot,2048,192,11,1.280255,1.017488,385
1060,tikki,2048,192,15,1.171270,0.908131,385
1061,oot,2048,128,5,2.487309,2.224718,1496
1062,extrae,2048,256,5,2.768525,2.504982,204
1063,void,2048,256,14,1.580564,1.318024,204
1064,oot,2048,256,9,1.935559,1.672708,204
1065,scorep,2048,256,16,1.545579,1.282047,204
1066,scorep,2048,128,2,5.737313,5.473782,1496
1067,extrae,2048,256,2,5.864292,5.600214,204
1068,empty,2048,192,14,1.117593,0.855005,385
1069,empty,2048,64,5,2.683929,2.421301,11440
107,extrae,2048,192,7,1.716295,1.453170,385
1070,scorep,2048,192,11,1.300695,1.037188,385
1071,tikki,2048,256,6,2.557216,2.294465,204
1072,extrae,2048,256,12,1.816905,1.547198,204
1073,empty,2048,256,8,2.095383,1.832949,204
1074,extrae,2048,192,6,1.921529,1.657620,385
1075,scorep,2048,64,1,12.043792,11.780009,11440
1076,tikki,2048,128,2,5.779597,5.516934,1496
1077,printf,2048,64,6,2.316663,2.053379,11440
1078,extrae,2048,192,2,4.811457,4.460369,385
1079,empty,2048,256,14,1.578846,1.315949,204
108,void,2048,128,15,1.088612,0.826134,1496
1080,tikki,2048,64,9,1.703782,1.440432,11440
1081,extrae,2048,256,9,2.038211,1.768572,204
1082,empty,2048,192,6,1.902729,1.640255,385
1083,oot,2048,64,3,4.285011,4.021879,11440
1084,extrae,2048,256,3,4.169166,3.905025,204
1085,void,2048,256,1,11.187887,10.925307,204
1086,void,2048,192,1,8.995294,8.732284,385
1087,oot,2048,64,14,1.156539,0.894146,11440
1088,extrae,2048,192,3,3.296264,3.032291,385
1089,oot,2048,192,4,2.597835,2.335367,385
109,empty,2048,192,8,1.591871,1.328963,385
1090,tikki,2048,128,7,1.976245,1.713639,1496
1091,extrae,2048,128,13,1.291834,1.021998,1496
1092,extrae,2048,128,14,1.252437,0.982672,1496
1093,printf,2048,64,1,12.105532,11.843165,11440
1094,scorep,2048,64,8,1.836423,1.573037,11440
1095,oot,2048,64,4,3.283892,3.020639,11440
1096,scorep,2048,192,14,1.130616,0.867128,385
1097,void,2048,192,2,4.747621,4.484892,385
1098,extrae,2048,128,5,2.498838,2.234669,1496
1099,oot,2048,192,15,1.096010,0.833303,385
11,oot,2048,256,9,1.937312,1.674525,204
110,printf,2048,64,14,1.156090,0.893278,11440
1100,tikki,2048,256,9,2.004174,1.741022,204
1101,tikki,2048,192,10,1.432156,1.169376,385
1102,extrae,2048,128,10,1.519951,1.249811,1496
1103,oot,2048,256,16,1.535088,1.272215,204
1104,printf,2048,64,7,2.038358,1.775538,11440
1105,scorep,2048,128,1,11.096815,10.833202,1496
1106,tikki,2048,64,2,6.350596,6.087407,11440
1107,oot,2048,256,15,1.565726,1.302624,204
1108,oot,2048,128,12,1.265712,1.002787,1496
1109,oot,2048,64,2,6.283126,6.020380,11440
111,void,2048,256,6,2.509179,2.246267,204
1110,void,2048,128,8,1.690843,1.428142,1496
1111,extrae,2048,128,2,5.757570,5.493522,1496
1112,tikki,2048,64,7,2.088803,1.826349,11440
1113,extrae,2048,64,9,1.717565,1.447690,11440
1114,oot,2048,64,15,1.099551,0.836903,11440
1115,oot,2048,192,7,1.706031,1.442699,385
1116,tikki,2048,256,8,2.151682,1.888968,204
1117,extrae,2048,64,4,3.334085,3.070835,11440
1118,empty,2048,192,5,2.158388,1.895690,385
1119,void,2048,192,14,1.144693,0.881884,385
112,printf,2048,256,10,1.807529,1.544742,204
1120,void,2048,128,13,1.208503,0.945606,1496
1121,oot,2048,256,13,1.621900,1.359101,204
1122,void,2048,128,3,3.945997,3.682684,1496
1123,extrae,2048,128,1,11.086372,10.823303,1496
1124,extrae,2048,128,11,1.414817,1.144928,1496
1125,tikki,2048,128,1,11.100204,10.837752,1496
1126,empty,2048,128,6,2.138601,1.876208,1496
1127,printf,2048,64,2,6.361465,6.098256,11440
1128,extrae,2048,256,13,1.740091,1.470152,204
1129,extrae,2048,256,8,2.120855,1.857292,204
113,printf,2048,64,10,1.514556,1.251890,11440
1130,empty,2048,192,12,1.240014,0.977576,385
1131,empty,2048,192,15,1.117447,0.854590,385
1132,empty,2048,128,13,1.208841,0.945693,1496
1133,empty,2048,64,7,2.029738,1.766801,11440
1134,scorep,2048,256,14,1.578559,1.315442,204
1135,printf,2048,64,4,3.311641,3.049008,11440
1136,oot,2048,64,1,12.022228,11.759117,11440
1137,oot,2048,64,9,1.628460,1.365870,11440
1138,oot,2048,192,14,1.142555,0.879719,385
1139,tikki,2048,192,16,1.157278,0.894451,385
114,tikki,2048,256,14,1.647251,1.384427,204
1140,empty,2048,256,11,1.757897,1.495282,204
1141,scorep,2048,128,8,1.710295,1.446705,1496
1142,scorep,2048,128,3,3.955706,3.692084,1496
1143,printf,2048,128,16,1.048589,0.785891,1496
1144,scorep,2048,192,4,2.608540,2.345068,385
1145,oot,2048,64,13,1.215109,0.952218,11440
1146,empty,2048,256,1,11.188717,10.925956,204
1147,extrae,2048,256,16,1.694892,1.425445,204
1148,tikki,2048,128,5,2.576159,2.313609,1496
1149,scorep,2048,64,15,1.109615,0.846455,11440
115,oot,2048,64,13,1.217653,0.954872,11440
1150,printf,2048,192,1,9.020282,8.757506,385
1151,empty,2048,192,2,4.747741,4.485174,385
1152,tikki,2048,256,16,1.582695,1.319891,204
1153,tikki,2048,128,16,1.099594,0.836361,1496
1154,void,2048,256,2,5.855892,5.590084,204
1155,scorep,2048,192,3,3.317388,3.054015,385
1156,printf,2048,64,12,1.356540,1.093837,11440
1157,tikki,2048,256,3,4.184370,3.921527,204
1158,void,2048,64,11,1.393043,1.130230,11440
1159,tikki,2048,128,11,1.406834,1.144194,1496
116,void,2048,128,2,5.732692,5.469985,1496
1160,oot,2048,128,11,1.356325,1.093678,1496
1161,void,2048,256,3,4.174608,3.911733,204
1162,void,2048,128,1,11.088447,10.825599,1496
1163,oot,2048,64,12,1.304444,1.041868,11440
1164,printf,2048,128,12,1.265459,1.002647,1496
1165,scorep,2048,256,9,1.945157,1.681802,204
1166,tikki,2048,64,13,1.267528,1.004816,11440
1167,void,2048,128,14,1.156809,0.893484,1496
1168,empty,2048,128,3,3.936776,3.673806,1496
1169,tikki,2048,128,10,1.520907,1.258330,1496
117,tikki,2048,192,14,1.198479,0.935230,385
1170,extrae,2048,192,12,1.353577,1.083442,385
1171,printf,2048,192,13,1.168071,0.905663,385
1172,extrae,2048,64,5,2.737413,2.473330,11440
1173,scorep,2048,256,3,4.090247,3.826373,204
1174,oot,2048,192,16,1.066516,0.803792,385
1175,printf,2048,128,3,3.936179,3.673396,1496
1176,tikki,2048,256,13,1.671147,1.408476,204
1177,oot,2048,128,16,1.052884,0.789966,1496
1178,printf,2048,192,2,4.710606,4.447652,385
1179,empty,2048,128,14,1.156882,0.893293,1496
118,scorep,2048,192,10,1.381236,1.117719,385
1180,scorep,2048,64,13,1.222393,0.958962,11440
1181,empty,2048,256,10,1.808438,1.545618,204
1182,scorep,2048,256,4,3.298950,3.035463,204
1183,empty,2048,256,12,1.712528,1.449810,204
1184,empty,2048,128,10,1.449700,1.186533,1496
1185,scorep,2048,64,12,1.315090,1.051542,11440
1186,printf,2048,256,12,1.707681,1.444893,204
1187,scorep,2048,256,5,2.763954,2.500225,204
1188,void,2048,64,15,1.178388,0.829924,11440
1189,scorep,2048,192,13,1.170800,0.907107,385
119,printf,2048,64,1,12.108686,11.845511,11440
1190,extrae,2048,256,6,2.529521,2.265602,204
1191,void,2048,256,4,3.303311,3.040844,204
1192,oot,2048,256,1,11.195439,10.932750,204
1193,printf,2048,128,9,1.564592,1.302082,1496
1194,empty,2048,64,16,1.043722,0.780990,11440
1195,empty,2048,192,11,1.285865,1.022969,385
1196,scorep,2048,192,1,9.010106,8.746870,385
1197,void,2048,256,12,1.721866,1.459389,204
1198,empty,2048,64,1,12.020196,11.757373,11440
1199,empty,2048,128,7,1.901669,1.639115,1496
12,oot,2048,256,14,1.574440,1.311737,204
120,printf,2048,128,15,1.095555,0.832909,1496
1200,printf,2048,192,11,1.285779,1.022455,385
1201,tikki,2048,256,7,2.305994,2.043181,204
1202,oot,2048,128,8,1.713070,1.450226,1496
1203,tikki,2048,256,5,2.825876,2.563229,204
1204,oot,2048,256,12,1.688438,1.425579,204
1205,scorep,2048,256,10,1.806400,1.542924,204
1206,printf,2048,128,14,1.160458,0.897338,1496
1207,extrae,2048,192,13,1.283834,1.014171,385
1208,scorep,2048,64,5,2.705302,2.441805,11440
1209,printf,2048,256,15,1.559100,1.296176,204
121,oot,2048,64,4,3.329721,3.066810,11440
1210,empty,2048,64,14,1.145508,0.882784,11440
1211,tikki,2048,128,9,1.626809,1.363857,1496
1212,empty,2048,64,11,1.391556,1.128826,11440
1213,printf,2048,192,15,1.102303,0.839038,385
1214,void,2048,64,3,4.277968,4.015256,11440
1215,printf,2048,256,14,1.583908,1.321193,204
1216,scorep,2048,128,6,2.149220,1.885894,1496
1217,printf,2048,192,12,1.242685,0.979235,385
1218,oot,2048,192,1,8.997974,8.735211,385
1219,void,2048,64,5,2.692000,2.428896,11440
122,printf,2048,256,7,2.250340,1.987662,204
1220,void,2048,128,5,2.505099,2.241952,1496
1221,tikki,2048,192,8,1.654372,1.391432,385
1222,tikki,2048,192,3,3.339634,3.076796,385
1223,extrae,2048,128,7,1.925011,1.661723,1496
1224,scorep,2048,128,12,1.364278,1.003903,1496
1225,empty,2048,128,9,1.563005,1.300629,1496
1226,scorep,2048,256,12,1.719704,1.456099,204
1227,oot,2048,256,6,2.509789,2.246969,204
1228,empty,2048,128,2,5.725244,5.462559,1496
1229,printf,2048,256,8,2.097270,1.834606,204
123,scorep,2048,64,8,1.811469,1.547619,11440
1230,extrae,2048,192,5,2.144842,1.881292,385
1231,printf,2048,256,9,1.941779,1.679119,204
1232,empty,2048,64,12,1.333897,1.071157,11440
1233,oot,2048,128,14,1.154977,0.891908,1496
1234,void,2048,128,16,1.053630,0.790714,1496
1235,printf,2048,192,10,1.374180,1.111346,385
1236,scorep,2048,256,1,11.208680,10.945263,204
1237,printf,2048,256,6,2.508454,2.245886,204
1238,extrae,2048,192,7,1.720357,1.456613,385
1239,tikki,2048,256,11,1.798318,1.535861,204
124,scorep,2048,192,14,1.154195,0.890369,385
1240,tikki,2048,256,10,1.848560,1.585362,204
1241,void,2048,64,8,1.791230,1.528416,11440
1242,void,2048,256,11,1.757558,1.494783,204
1243,printf,2048,256,5,2.763932,2.500651,204
1244,oot,2048,64,6,2.281213,2.018312,11440
1245,void,2048,64,10,1.536465,1.273589,11440
1246,printf,2048,128,10,1.446540,1.183284,1496
1247,scorep,2048,128,13,1.215847,0.952387,1496
1248,empty,2048,192,4,2.598136,2.335472,385
1249,void,2048,192,11,1.285590,1.022721,385
125,tikki,2048,128,2,5.767456,5.504678,1496
1250,tikki,2048,128,6,2.223835,1.960799,1496
1251,scorep,2048,192,15,1.114989,0.851336,385
1252,printf,2048,256,3,4.183149,3.920552,204
1253,extrae,2048,256,10,1.911713,1.641858,204
1254,tikki,2048,192,1,8.944668,8.682290,385
1255,empty,2048,256,15,1.550837,1.288254,204
1256,void,2048,192,10,1.373368,1.110576,385
1257,tikki,2048,256,4,3.334026,3.070632,204
1258,oot,2048,128,7,1.905738,1.642806,1496
1259,empty,2048,192,10,1.380058,1.117316,385
126,scorep,2048,128,6,2.154204,1.891002,1496
1260,oot,2048,192,11,1.288737,1.026362,385
1261,scorep,2048,128,14,1.172140,0.897464,1496
1262,oot,2048,192,6,1.897820,1.634961,385
1263,scorep,2048,128,9,1.572075,1.308733,1496
1264,oot,2048,64,10,1.502681,1.239442,11440
1265,void,2048,256,6,2.510248,2.247052,204
1266,void,2048,256,7,2.247533,1.984656,204
1267,empty,2048,192,16,1.055695,0.792716,385
1268,empty,2048,64,3,4.293234,4.030419,11440
1269,empty,2048,192,8,1.594475,1.331161,385
127,empty,2048,192,9,1.466649,1.203941,385
1270,printf,2048,64,8,1.830485,1.567261,11440
1271,void,2048,192,5,2.110867,1.848333,385
1272,void,2048,128,4,3.037873,2.775086,1496
1273,printf,2048,128,6,2.138218,1.875464,1496
1274,oot,2048,128,13,1.207781,0.944389,1496
1275,empty,2048,64,9,1.624378,1.361703,11440
1276,tikki,2048,64,8,1.841958,1.579214,11440
1277,tikki,2048,64,10,1.591396,1.328690,11440
1278,printf,2048,128,15,1.097440,0.833811,1496
1279,scorep,2048,128,15,1.101640,0.838349,1496
128,printf,2048,128,7,1.909766,1.647089,1496
1280,printf,2048,64,5,2.700079,2.436816,11440
1281,void,2048,128,7,1.898657,1.635784,1496
1282,oot,2048,192,10,1.369767,1.106808,385
1283,empty,2048,192,1,9.009633,8.746747,385
1284,empty,2048,192,9,1.475075,1.212661,385
1285,scorep,2048,128,16,1.055540,0.792200,1496
1286,extrae,2048,256,4,3.300072,2.951289,204
1287,tikki,2048,128,12,1.312457,1.049848,1496
1288,empty,2048,128,8,1.689701,1.426835,1496
1289,extrae,2048,64,8,1.843157,1.579685,11440
129,oot,2048,64,3,4.280701,4.017582,11440
1290,printf,2048,64,14,1.152455,0.889736,11440
1291,void,2048,128,15,1.101551,0.838632,1496
1292,empty,2048,64,4,3.285225,3.021994,11440
1293,scorep,2048,256,11,1.735950,1.472370,204
1294,printf,2048,192,14,1.149422,0.874730,385
1295,void,2048,128,2,5.731677,5.468872,1496
1296,printf,2048,128,8,1.710419,1.447715,1496
1297,scorep,2048,256,6,2.508260,2.244921,204
1298,void,2048,128,11,1.353072,1.090445,1496
1299,printf,2048,192,16,1.052688,0.789448,385
13,extrae,2048,64,12,1.389387,1.119559,11440
130,extrae,2048,64,11,1.485025,1.215194,11440
1300,tikki,2048,256,1,11.215920,10.925045,204
1301,printf,2048,256,10,1.812810,1.550155,204
1302,extrae,2048,128,15,1.204881,0.935042,1496
1303,oot,2048,128,3,3.938250,3.675308,1496
1304,printf,2048,64,3,4.387734,4.096275,11440
1305,oot,2048,192,13,1.277885,0.917997,385
1306,printf,2048,192,9,1.467933,1.205088,385
1307,printf,2048,192,4,2.600008,2.337348,385
1308,tikki,2048,192,14,1.168077,0.905332,385
1309,extrae,2048,256,14,1.707555,1.437730,204
131,void,2048,256,11,1.760717,1.498169,204
1310,oot,2048,256,3,4.147352,3.884307,204
1311,printf,2048,256,1,11.175278,10.912209,204
1312,tikki,2048,192,12,1.285464,1.022992,385
1313,oot,2048,192,5,2.161133,1.898338,385
1314,scorep,2048,192,5,2.149475,1.885835,385
1315,void,2048,64,1,12.013717,11.750387,11440
1316,tikki,2048,192,13,1.225693,0.963037,385
1317,scorep,2048,64,10,1.505924,1.242571,11440
1318,extrae,2048,128,16,1.164745,0.895160,1496
1319,scorep,2048,64,2,6.320775,6.057259,11440
132,void,2048,64,15,1.093697,0.830752,11440
1320,extrae,2048,256,11,1.863128,1.593441,204
1321,extrae,2048,256,1,11.209266,10.945950,204
1322,extrae,2048,64,12,1.392078,1.122446,11440
1323,empty,2048,128,15,1.100754,0.838335,1496
1324,tikki,2048,256,15,1.644804,1.381821,204
1325,empty,2048,128,1,11.083385,10.820530,1496
1326,tikki,2048,192,9,1.533299,1.270908,385
1327,void,2048,128,6,2.149513,1.886901,1496
1328,tikki,2048,64,3,4.355994,4.092806,11440
1329,oot,2048,64,8,1.822030,1.559322,11440
133,printf,2048,192,10,1.375407,1.112727,385
1330,printf,2048,256,11,1.740459,1.477906,204
1331,scorep,2048,64,3,4.297371,4.033868,11440
1332,oot,2048,128,6,2.154989,1.892010,1496
1333,extrae,2048,64,7,2.047602,1.784415,11440
1334,void,2048,256,8,2.104169,1.841488,204
1335,oot,2048,64,16,1.051753,0.788998,11440
1336,oot,2048,192,9,1.464644,1.201880,385
1337,void,2048,256,13,1.626406,1.363103,204
1338,scorep,2048,256,8,2.092165,1.828701,204
1339,extrae,2048,64,2,6.389462,6.126054,11440
134,tikki,2048,64,5,2.737382,2.474465,11440
1340,void,2048,192,9,1.464652,1.202290,385
1341,empty,2048,128,5,2.501764,2.238748,1496
1342,scorep,2048,256,13,1.628565,1.364927,204
1343,tikki,2048,192,7,1.747188,1.484409,385
1344,oot,2048,256,11,1.763830,1.500910,204
1345,oot,2048,64,5,2.682692,2.420013,11440
1346,oot,2048,64,6,2.309141,2.045471,11440
1347,empty,2048,256,1,11.294377,10.934629,204
1348,scorep,2048,192,1,9.020411,8.756640,385
1349,scorep,2048,192,3,3.320914,3.057327,385
135,void,2048,128,8,1.701512,1.438872,1496
1350,scorep,2048,128,10,1.459210,1.195530,1496
1351,empty,2048,192,6,1.894420,1.631260,385
1352,scorep,2048,256,8,2.097123,1.833734,204
1353,scorep,2048,128,13,1.213975,0.950482,1496
1354,empty,2048,256,8,2.096295,1.833772,204
1355,extrae,2048,192,14,1.284111,1.014048,385
1356,scorep,2048,192,16,1.068560,0.805083,385
1357,scorep,2048,64,12,1.368156,1.104628,11440
1358,empty,2048,64,15,1.101077,0.838350,11440
1359,tikki,2048,192,2,4.747335,4.484595,385
136,void,2048,256,10,1.809159,1.546322,204
1360,extrae,2048,256,12,1.772548,1.508543,204
1361,scorep,2048,192,13,1.165485,0.901620,385
1362,scorep,2048,128,12,1.267936,1.004337,1496
1363,void,2048,64,3,4.267036,4.004235,11440
1364,extrae,2048,256,13,1.694860,1.431712,204
1365,empty,2048,64,13,1.210960,0.948483,11440
1366,oot,2048,256,16,1.539910,1.277007,204
1367,empty,2048,256,16,1.540029,1.277229,204
1368,printf,2048,192,1,9.017678,8.754972,385
1369,tikki,2048,128,10,1.503900,1.241453,1496
137,oot,2048,192,10,1.371712,1.108964,385
1370,extrae,2048,256,8,2.202007,1.932689,204
1371,oot,2048,128,10,1.544259,1.185092,1496
1372,oot,2048,256,7,2.251163,1.988034,204
1373,empty,2048,192,9,1.469548,1.206804,385
1374,void,2048,128,5,2.502525,2.239348,1496
1375,oot,2048,128,11,1.356032,1.093275,1496
1376,oot,2048,128,2,5.763900,5.501187,1496
1377,void,2048,64,16,1.048207,0.785485,11440
1378,void,2048,128,10,1.450080,1.187230,1496
1379,printf,2048,64,3,4.356316,4.093628,11440
138,scorep,2048,192,16,1.099822,0.835944,385
1380,void,2048,192,15,1.113824,0.850992,385
1381,tikki,2048,64,7,2.070291,1.807379,11440
1382,scorep,2048,64,2,6.322934,6.059760,11440
1383,extrae,2048,128,5,2.502960,2.239320,1496
1384,void,2048,128,1,11.081520,10.818577,1496
1385,void,2048,256,1,11.183789,10.921240,204
1386,oot,2048,64,12,1.307438,1.044912,11440
1387,scorep,2048,192,7,1.708116,1.444509,385
1388,void,2048,256,5,2.762980,2.500112,204
1389,void,2048,128,12,1.261996,0.999176,1496
139,extrae,2048,192,10,1.472857,1.203222,385
1390,void,2048,256,10,1.813139,1.549398,204
1391,scorep,2048,64,7,2.041215,1.777715,11440
1392,scorep,2048,192,8,1.597592,1.334010,385
1393,tikki,2048,64,6,2.354701,2.091939,11440
1394,tikki,2048,64,16,1.106028,0.843114,11440
1395,oot,2048,64,8,1.805240,1.542511,11440
1396,empty,2048,192,7,1.697431,1.434568,385
1397,void,2048,128,8,1.709720,1.446957,1496
1398,scorep,2048,256,11,1.759158,1.495460,204
1399,scorep,2048,128,8,1.704647,1.441016,1496
14,oot,2048,64,8,1.823160,1.560579,11440
140,printf,2048,256,5,2.760813,2.498464,204
1400,empty,2048,192,16,1.060242,0.797235,385
1401,tikki,2048,256,10,1.867656,1.604613,204
1402,scorep,2048,64,6,2.312362,2.048762,11440
1403,void,2048,192,5,2.124157,1.861412,385
1404,oot,2048,192,8,1.603167,1.337565,385
1405,printf,2048,64,9,1.638119,1.375255,11440
1406,tikki,2048,192,16,1.127722,0.864974,385
1407,empty,2048,128,3,3.946229,3.682961,1496
1408,extrae,2048,128,11,1.422629,1.152550,1496
1409,tikki,2048,64,5,2.773386,2.510925,11440
141,extrae,2048,128,7,1.928429,1.664882,1496
1410,void,2048,128,15,1.100164,0.837254,1496
1411,scorep,2048,64,14,1.168959,0.905673,11440
1412,empty,2048,256,10,1.807673,1.545048,204
1413,extrae,2048,192,15,1.247811,0.978173,385
1414,printf,2048,64,13,1.222541,0.959999,11440
1415,extrae,2048,128,13,1.293365,1.023522,1496
1416,tikki,2048,128,9,1.607901,1.345396,1496
1417,scorep,2048,256,10,1.800232,1.536734,204
1418,empty,2048,256,12,1.688198,1.425280,204
1419,empty,2048,192,10,1.376912,1.113892,385
142,void,2048,64,1,12.016131,11.753223,11440
1420,scorep,2048,256,13,1.629018,1.365780,204
1421,printf,2048,128,1,11.089062,10.825778,1496
1422,tikki,2048,128,5,2.544025,2.280935,1496
1423,oot,2048,192,2,4.716962,4.454231,385
1424,printf,2048,256,5,2.753998,2.490341,204
1425,extrae,2048,192,4,2.611894,2.348662,385
1426,empty,2048,192,2,4.715282,4.452566,385
1427,scorep,2048,192,4,2.575680,2.312387,385
1428,scorep,2048,256,15,1.584399,1.320664,204
1429,scorep,2048,192,6,1.905153,1.641400,385
143,void,2048,256,9,1.933096,1.670257,204
1430,void,2048,256,6,2.506338,2.243516,204
1431,extrae,2048,256,7,2.251951,1.988235,204
1432,void,2048,192,1,8.986894,8.724183,385
1433,oot,2048,256,1,11.199136,10.936606,204
1434,tikki,2048,256,2,5.915512,5.652888,204
1435,oot,2048,192,14,1.133878,0.870962,385
1436,tikki,2048,128,6,2.206555,1.943687,1496
1437,oot,2048,128,4,3.027336,2.764192,1496
1438,empty,2048,256,4,3.263523,3.000661,204
1439,empty,2048,128,14,1.152107,0.889314,1496
144,void,2048,128,10,1.448205,1.185462,1496
1440,oot,2048,256,10,1.806336,1.543684,204
1441,scorep,2048,192,14,1.136948,0.873163,385
1442,empty,2048,256,6,2.514869,2.252348,204
1443,printf,2048,128,3,3.945373,3.682461,1496
1444,scorep,2048,64,1,12.037690,11.774234,11440
1445,empty,2048,192,11,1.288960,1.026283,385
1446,extrae,2048,64,2,6.390658,6.127112,11440
1447,extrae,2048,192,3,3.289953,3.014568,385
1448,void,2048,128,13,1.201388,0.938880,1496
1449,tikki,2048,192,7,1.755439,1.492633,385
145,printf,2048,256,13,1.630270,1.367098,204
1450,oot,2048,128,14,1.158410,0.893310,1496
1451,void,2048,128,11,1.348206,1.084970,1496
1452,empty,2048,256,15,1.567856,1.305017,204
1453,extrae,2048,256,16,1.692474,1.422664,204
1454,tikki,2048,256,11,1.824391,1.561986,204
1455,printf,2048,128,14,1.155578,0.892584,1496
1456,extrae,2048,256,14,1.707082,1.437059,204
1457,printf,2048,256,15,1.563250,1.300807,204
1458,oot,2048,64,9,1.626437,1.363680,11440
1459,tikki,2048,256,12,1.775720,1.512976,204
146,void,2048,192,13,1.168155,0.904973,385
1460,scorep,2048,128,6,2.160130,1.896658,1496
1461,oot,2048,256,9,1.935013,1.672066,204
1462,void,2048,256,7,2.244680,1.981760,204
1463,scorep,2048,128,15,1.103076,0.839474,1496
1464,void,2048,192,11,1.370873,1.022555,385
1465,tikki,2048,128,13,1.272052,1.009191,1496
1466,scorep,2048,128,11,1.349428,1.085897,1496
1467,void,2048,64,11,1.432187,1.168859,11440
1468,extrae,2048,256,6,2.526174,2.262312,204
1469,printf,2048,192,10,1.373014,1.110517,385
147,printf,2048,64,15,1.105324,0.842065,11440
1470,empty,2048,256,14,1.584925,1.322202,204
1471,extrae,2048,64,14,1.267939,0.998214,11440
1472,tikki,2048,64,14,1.218630,0.955948,11440
1473,tikki,2048,128,16,1.106270,0.843618,1496
1474,tikki,2048,256,7,2.385752,2.037476,204
1475,scorep,2048,64,15,1.112565,0.849385,11440
1476,void,2048,128,2,5.734433,5.471130,1496
1477,oot,2048,64,13,1.218484,0.955236,11440
1478,extrae,2048,192,5,2.152602,1.889003,385
1479,printf,2048,192,14,1.155078,0.892008,385
148,scorep,2048,192,6,1.904669,1.640995,385
1480,tikki,2048,64,10,1.543055,1.279711,11440
1481,oot,2048,256,6,2.509543,2.246464,204
1482,extrae,2048,192,13,1.246435,0.983303,385
1483,oot,2048,64,15,1.095874,0.832730,11440
1484,empty,2048,128,6,2.146472,1.883632,1496
1485,void,2048,256,9,1.945112,1.682285,204
1486,extrae,2048,192,10,1.406661,1.143618,385
1487,void,2048,192,4,2.600528,2.337131,385
1488,oot,2048,128,8,1.710773,1.447850,1496
1489,extrae,2048,192,16,1.217594,0.948040,385
149,extrae,2048,64,13,1.322137,1.052520,11440
1490,printf,2048,128,16,1.045831,0.783295,1496
1491,extrae,2048,256,2,5.876572,5.613104,204
1492,extrae,2048,128,7,1.926003,1.662897,1496
1493,void,2048,128,9,1.567224,1.304571,1496
1494,tikki,2048,256,14,1.624394,1.361723,204
1495,printf,2048,64,1,12.111584,11.848882,11440
1496,scorep,2048,64,5,2.698215,2.434394,11440
1497,void,2048,64,6,2.281085,2.018094,11440
1498,void,2048,64,15,1.095163,0.832072,11440
1499,oot,2048,256,13,1.724747,1.364955,204
15,extrae,2048,128,9,1.617617,1.347581,1496
150,oot,2048,256,13,1.621801,1.359336,204
1500,printf,2048,128,11,1.347242,1.084509,1496
1501,scorep,2048,64,11,1.402388,1.139171,11440
1502,oot,2048,192,11,1.286038,1.023400,385
1503,extrae,2048,256,10,1.922434,1.652588,204
1504,printf,2048,128,15,1.100749,0.837685,1496
1505,printf,2048,256,10,1.805599,1.542767,204
1506,extrae,2048,128,3,3.970828,3.706916,1496
1507,empty,2048,128,15,1.099949,0.837174,1496
1508,oot,2048,256,2,5.885011,5.621851,204
1509,empty,2048,192,1,8.998490,8.735100,385
151,tikki,2048,128,11,1.405683,1.142808,1496
1510,empty,2048,128,13,1.209170,0.946735,1496
1511,empty,2048,128,12,1.266906,1.003208,1496
1512,scorep,2048,256,14,1.584305,1.320770,204
1513,tikki,2048,64,11,1.445563,1.182776,11440
1514,oot,2048,128,12,1.270274,1.006714,1496
1515,tikki,2048,192,5,2.211042,1.947415,385
1516,extrae,2048,64,15,1.224128,0.954385,11440
1517,empty,2048,128,16,1.053219,0.790112,1496
1518,extrae,2048,128,9,1.607115,1.336978,1496
1519,void,2048,64,1,12.019414,11.756440,11440
152,extrae,2048,192,8,1.627109,1.363467,385
1520,oot,2048,128,7,1.933773,1.642826,1496
1521,empty,2048,64,16,1.049670,0.786370,11440
1522,empty,2048,192,5,2.172583,1.909661,385
1523,empty,2048,192,4,2.572991,2.309737,385
1524,printf,2048,192,15,1.123002,0.831679,385
1525,extrae,2048,64,10,1.598819,1.328996,11440
1526,printf,2048,256,6,2.513849,2.251450,204
1527,empty,2048,192,3,3.294868,3.031962,385
1528,empty,2048,256,11,1.762262,1.499387,204
1529,printf,2048,64,5,2.714213,2.451445,11440
153,printf,2048,64,6,2.298292,2.035729,11440
1530,extrae,2048,64,5,2.729459,2.465964,11440
1531,extrae,2048,128,14,1.243724,0.973760,1496
1532,oot,2048,256,15,1.563812,1.301363,204
1533,tikki,2048,256,15,1.601954,1.339186,204
1534,printf,2048,128,9,1.564335,1.301502,1496
1535,tikki,2048,64,12,1.355753,1.092852,11440
1536,printf,2048,256,13,1.629210,1.366540,204
1537,extrae,2048,192,1,9.013021,8.749776,385
1538,scorep,2048,64,3,4.318155,4.054340,11440
1539,void,2048,192,12,1.231920,0.969186,385
154,scorep,2048,192,7,1.705648,1.439493,385
1540,printf,2048,128,13,1.203799,0.940910,1496
1541,empty,2048,128,5,2.494422,2.231147,1496
1542,tikki,2048,256,16,1.600598,1.337088,204
1543,oot,2048,192,12,1.232068,0.969105,385
1544,void,2048,64,13,1.212462,0.949607,11440
1545,extrae,2048,128,4,3.040084,2.776801,1496
1546,printf,2048,64,16,1.055134,0.792512,11440
1547,tikki,2048,192,9,1.507583,1.244775,385
1548,tikki,2048,128,15,1.152601,0.889287,1496
1549,void,2048,256,4,3.273627,3.010752,204
155,extrae,2048,64,7,2.047233,1.783466,11440
1550,printf,2048,256,7,2.246716,1.983237,204
1551,oot,2048,256,8,2.103407,1.840462,204
1552,empty,2048,128,8,1.700957,1.438137,1496
1553,extrae,2048,64,16,1.177890,0.908174,11440
1554,void,2048,128,3,3.949793,3.687215,1496
1555,printf,2048,192,2,4.722624,4.459966,385
1556,printf,2048,192,5,2.173435,1.910860,385
1557,extrae,2048,128,15,1.190993,0.920895,1496
1558,oot,2048,128,13,1.207313,0.944705,1496
1559,empty,2048,128,9,1.560827,1.297918,1496
156,scorep,2048,128,2,5.747972,5.484112,1496
1560,tikki,2048,192,3,3.354462,3.091688,385
1561,printf,2048,256,9,1.942578,1.679899,204
1562,tikki,2048,64,9,1.678911,1.415624,11440
1563,printf,2048,256,11,1.759760,1.496550,204
1564,printf,2048,192,3,3.280813,3.018198,385
1565,void,2048,64,8,1.816111,1.552941,11440
1566,extrae,2048,128,16,1.177154,0.907318,1496
1567,extrae,2048,256,3,4.167653,3.903592,204
1568,oot,2048,128,6,2.151353,1.888322,1496
1569,scorep,2048,192,11,1.293305,1.029863,385
157,scorep,2048,192,2,4.722506,4.458771,385
1570,printf,2048,256,1,11.172608,10.909907,204
1571,scorep,2048,256,9,1.952216,1.688676,204
1572,scorep,2048,128,14,1.161968,0.898548,1496
1573,void,2048,128,14,1.154845,0.892245,1496
1574,empty,2048,64,3,4.270911,4.008070,11440
1575,oot,2048,64,16,1.043969,0.780793,11440
1576,oot,2048,192,1,9.016372,8.753702,385
1577,void,2048,192,16,1.080713,0.817504,385
1578,tikki,2048,64,4,3.345791,3.083079,11440
1579,oot,2048,128,16,1.050022,0.787294,1496
158,scorep,2048,128,1,11.144798,10.881250,1496
1580,empty,2048,64,5,2.705899,2.443106,11440
1581,empty,2048,64,7,1.997412,1.734354,11440
1582,scorep,2048,128,3,3.962956,3.699345,1496
1583,printf,2048,64,12,1.317846,1.055038,11440
1584,scorep,2048,256,2,5.868403,5.604878,204
1585,tikki,2048,64,1,12.179062,11.915831,11440
1586,empty,2048,192,14,1.154349,0.891666,385
1587,extrae,2048,128,2,5.746222,5.482159,1496
1588,oot,2048,192,7,1.696997,1.434029,385
1589,printf,2048,192,8,1.595116,1.332332,385
159,empty,2048,256,9,1.935628,1.673172,204
1590,scorep,2048,256,3,4.132163,3.868336,204
1591,void,2048,64,2,6.276765,6.013944,11440
1592,oot,2048,192,15,1.094858,0.832177,385
1593,printf,2048,192,16,1.077714,0.814940,385
1594,extrae,2048,64,7,2.050378,1.787231,11440
1595,printf,2048,192,12,1.235922,0.973363,385
1596,oot,2048,192,4,2.608714,2.345860,385
1597,extrae,2048,64,13,1.311464,1.048343,11440
1598,void,2048,128,4,3.037213,2.774768,1496
1599,printf,2048,256,14,1.585510,1.322586,204
16,printf,2048,192,8,1.588940,1.326398,385
160,tikki,2048,192,5,2.217277,1.954543,385
1600,oot,2048,256,4,3.226358,2.963784,204
1601,scorep,2048,256,7,2.247486,1.984134,204
1602,empty,2048,256,2,5.882454,5.619147,204
1603,tikki,2048,192,15,1.169132,0.906296,385
1604,extrae,2048,192,2,4.706022,4.442543,385
1605,printf,2048,128,5,2.496989,2.234406,1496
1606,empty,2048,128,1,11.081731,10.818833,1496
1607,extrae,2048,256,4,3.230677,2.967415,204
1608,extrae,2048,64,9,1.710379,1.440528,11440
1609,printf,2048,192,13,1.183523,0.920537,385
161,tikki,2048,192,7,1.757783,1.494499,385
1610,printf,2048,128,2,5.767604,5.504875,1496
1611,extrae,2048,256,15,1.703804,1.433899,204
1612,empty,2048,256,9,1.934470,1.671939,204
1613,empty,2048,192,12,1.239863,0.976946,385
1614,oot,2048,64,3,4.307606,4.044718,11440
1615,tikki,2048,64,8,1.872526,1.609383,11440
1616,void,2048,256,12,1.719357,1.456652,204
1617,printf,2048,192,7,1.701436,1.438675,385
1618,oot,2048,64,4,3.284137,3.021296,11440
1619,empty,2048,256,13,1.628742,1.365905,204
162,extrae,2048,192,4,2.578780,2.315024,385
1620,extrae,2048,192,6,1.913931,1.649980,385
1621,empty,2048,64,10,1.531325,1.268669,11440
1622,scorep,2048,256,16,1.539263,1.275592,204
1623,oot,2048,192,16,1.061399,0.798379,385
1624,tikki,2048,128,12,1.308666,1.045901,1496
1625,empty,2048,192,15,1.121132,0.857666,385
1626,tikki,2048,192,4,2.631458,2.368314,385
1627,empty,2048,128,7,1.900582,1.637389,1496
1628,extrae,2048,64,4,3.332638,3.069431,11440
1629,extrae,2048,192,8,1.660270,1.357782,385
163,printf,2048,64,13,1.224789,0.961952,11440
1630,scorep,2048,192,5,2.177052,1.913651,385
1631,scorep,2048,256,4,3.231068,2.967596,204
1632,scorep,2048,256,5,2.759069,2.495216,204
1633,scorep,2048,64,4,3.303729,3.040139,11440
1634,tikki,2048,256,9,1.991214,1.728313,204
1635,oot,2048,256,12,1.707564,1.444245,204
1636,tikki,2048,256,8,2.160801,1.898179,204
1637,printf,2048,64,15,1.104118,0.841426,11440
1638,printf,2048,256,4,3.275791,3.012935,204
1639,extrae,2048,192,12,1.307610,1.044320,385
164,oot,2048,192,5,2.155088,1.891663,385
1640,oot,2048,256,5,2.768391,2.505892,204
1641,empty,2048,128,10,1.449168,1.186067,1496
1642,extrae,2048,256,5,2.773786,2.509747,204
1643,tikki,2048,192,8,1.661650,1.399172,385
1644,extrae,2048,64,12,1.382129,1.118220,11440
1645,void,2048,192,13,1.169708,0.907333,385
1646,extrae,2048,192,9,1.581673,1.311876,385
1647,scorep,2048,256,1,11.207294,10.943838,204
1648,void,2048,192,14,1.149616,0.886788,385
1649,printf,2048,128,6,2.155237,1.892309,1496
165,empty,2048,64,1,12.020159,11.753899,11440
1650,tikki,2048,128,3,3.984375,3.721189,1496
1651,empty,2048,128,2,5.752349,5.489698,1496
1652,empty,2048,256,5,2.765967,2.503051,204
1653,empty,2048,192,13,1.168286,0.905072,385
1654,oot,2048,64,10,1.499242,1.236222,11440
1655,empty,2048,192,8,1.593265,1.329844,385
1656,scorep,2048,64,8,1.807247,1.543732,11440
1657,scorep,2048,192,15,1.111334,0.847638,385
1658,tikki,2048,256,1,11.144417,10.881644,204
1659,oot,2048,128,3,3.926460,3.663393,1496
166,tikki,2048,64,7,2.082919,1.819593,11440
1660,scorep,2048,128,16,1.053013,0.789387,1496
1661,void,2048,256,15,1.587784,1.324940,204
1662,printf,2048,192,4,2.597488,2.334099,385
1663,void,2048,192,3,3.275887,3.013224,385
1664,void,2048,256,14,1.586422,1.323646,204
1665,tikki,2048,128,1,11.133370,10.870541,1496
1666,tikki,2048,192,12,1.273390,1.010910,385
1667,scorep,2048,64,16,1.059516,0.796130,11440
1668,scorep,2048,192,9,1.492602,1.228974,385
1669,void,2048,192,9,1.467006,1.203573,385
167,void,2048,192,15,1.109042,0.846504,385
1670,tikki,2048,128,11,1.393167,1.129806,1496
1671,extrae,2048,64,8,1.846895,1.583377,11440
1672,tikki,2048,192,13,1.235839,0.973124,385
1673,empty,2048,256,3,4.154745,3.892085,204
1674,extrae,2048,128,8,1.733284,1.469628,1496
1675,empty,2048,64,9,1.654976,1.392550,11440
1676,tikki,2048,192,10,1.432139,1.169434,385
1677,scorep,2048,64,13,1.232085,0.968382,11440
1678,extrae,2048,128,10,1.510319,1.240456,1496
1679,extrae,2048,128,12,1.349792,1.079893,1496
168,tikki,2048,64,2,6.384895,6.122073,11440
1680,void,2048,256,3,4.167955,3.905380,204
1681,void,2048,128,6,2.145780,1.883113,1496
1682,scorep,2048,128,7,1.914080,1.650373,1496
1683,printf,2048,64,7,2.015861,1.753009,11440
1684,empty,2048,64,11,1.391166,1.128431,11440
1685,printf,2048,192,9,1.473067,1.210284,385
1686,tikki,2048,192,1,8.984321,8.721720,385
1687,scorep,2048,64,9,1.648692,1.385039,11440
1688,tikki,2048,192,6,1.941158,1.678490,385
1689,empty,2048,64,12,1.304173,1.041308,11440
169,oot,2048,256,7,2.329747,1.980503,204
1690,oot,2048,64,2,6.348140,6.084696,11440
1691,tikki,2048,256,3,4.185489,3.922572,204
1692,oot,2048,192,3,3.290615,3.027840,385
1693,void,2048,64,14,1.148859,0.885720,11440
1694,oot,2048,128,1,11.086713,10.823750,1496
1695,empty,2048,64,6,2.291050,2.027978,11440
1696,extrae,2048,128,1,11.094602,10.830896,1496
1697,scorep,2048,192,12,1.238040,0.974520,385
1698,void,2048,192,7,1.701980,1.438996,385
1699,printf,2048,64,14,1.155388,0.892787,11440
17,void,2048,256,16,1.548235,1.285566,204
170,extrae,2048,256,9,2.054719,1.784760,204
1700,extrae,2048,192,7,1.719528,1.456337,385
1701,tikki,2048,64,15,1.138908,0.876086,11440
1702,empty,2048,64,14,1.152342,0.889065,11440
1703,empty,2048,64,4,3.309891,3.047206,11440
1704,void,2048,256,2,5.878369,5.615318,204
1705,oot,2048,192,9,1.475641,1.212196,385
1706,oot,2048,256,11,1.752311,1.489580,204
1707,extrae,2048,256,1,11.224566,10.961305,204
1708,empty,2048,128,11,1.350040,1.087573,1496
1709,oot,2048,192,10,1.372759,1.110183,385
171,oot,2048,256,1,11.192894,10.930053,204
1710,tikki,2048,256,4,3.320045,3.057318,204
1711,oot,2048,64,7,2.003443,1.740740,11440
1712,void,2048,256,16,1.542608,1.279249,204
1713,tikki,2048,128,8,1.776985,1.514210,1496
1714,printf,2048,256,12,1.717078,1.454353,204
1715,oot,2048,64,11,1.396747,1.133908,11440
1716,tikki,2048,64,2,6.345319,6.082646,11440
1717,empty,2048,256,7,2.246969,1.984363,204
1718,extrae,2048,256,11,1.847002,1.577583,204
1719,void,2048,64,5,2.674818,2.411859,11440
172,void,2048,192,7,1.702040,1.438920,385
1720,oot,2048,128,15,1.101200,0.838516,1496
1721,printf,2048,128,7,1.904615,1.641925,1496
1722,tikki,2048,192,14,1.198971,0.936037,385
1723,printf,2048,64,4,3.342561,3.079663,11440
1724,void,2048,192,6,1.904609,1.641137,385
1725,extrae,2048,64,6,2.331709,2.068416,11440
1726,oot,2048,192,13,1.181069,0.918587,385
1727,printf,2048,256,2,5.891369,5.628183,204
1728,tikki,2048,64,3,4.355467,4.092700,11440
1729,oot,2048,128,5,2.494875,2.232140,1496
173,extrae,2048,256,4,3.210604,2.947193,204
1730,printf,2048,128,8,1.715443,1.452596,1496
1731,tikki,2048,256,13,1.665232,1.401916,204
1732,void,2048,256,8,2.098278,1.835558,204
1733,oot,2048,128,9,1.557002,1.294304,1496
1734,oot,2048,64,1,12.032283,11.769262,11440
1735,scorep,2048,128,4,3.034689,2.771394,1496
1736,extrae,2048,64,1,12.061580,11.798283,11440
1737,void,2048,64,12,1.345016,1.082534,11440
1738,void,2048,64,4,3.286878,3.024330,11440
1739,empty,2048,64,2,6.289990,6.027363,11440
174,tikki,2048,128,4,3.105682,2.842891,1496
1740,scorep,2048,256,12,1.755784,1.453724,204
1741,extrae,2048,256,9,2.051777,1.781709,204
1742,extrae,2048,192,11,1.390079,1.119995,385
1743,extrae,2048,64,11,1.471949,1.202189,11440
1744,scorep,2048,128,1,11.091591,10.827933,1496
1745,printf,2048,64,6,2.322092,2.059569,11440
1746,tikki,2048,128,7,1.957315,1.694060,1496
1747,oot,2048,256,14,1.586748,1.323571,204
1748,empty,2048,64,8,1.788268,1.524890,11440
1749,oot,2048,192,6,1.896832,1.633429,385
175,void,2048,256,4,3.222628,2.959852,204
1750,printf,2048,64,10,1.512022,1.249158,11440
1751,tikki,2048,192,11,1.330774,1.068015,385
1752,extrae,2048,64,3,4.321964,4.058615,11440
1753,printf,2048,128,12,1.269990,1.007470,1496
1754,tikki,2048,256,5,2.815085,2.552010,204
1755,printf,2048,64,2,6.382711,6.080742,11440
1756,scorep,2048,128,5,2.514438,2.250889,1496
1757,void,2048,192,2,4.753773,4.490551,385
1758,tikki,2048,64,13,1.259953,0.997074,11440
1759,void,2048,192,8,1.599708,1.336956,385
176,extrae,2048,192,2,4.723777,4.459772,385
1760,void,2048,256,13,1.627866,1.365116,204
1761,oot,2048,256,3,4.166560,3.903846,204
1762,printf,2048,256,16,1.536922,1.273756,204
1763,printf,2048,256,3,4.181893,3.919042,204
1764,printf,2048,192,11,1.290309,1.027492,385
1765,void,2048,128,16,1.048074,0.785455,1496
1766,empty,2048,64,1,12.016068,11.753246,11440
1767,extrae,2048,128,6,2.172323,1.908293,1496
1768,void,2048,64,10,1.534218,1.271341,11440
1769,void,2048,64,7,2.023051,1.760273,11440
177,empty,2048,128,9,1.551778,1.289383,1496
1770,scorep,2048,64,10,1.517071,1.253435,11440
1771,tikki,2048,128,2,5.773467,5.510682,1496
1772,oot,2048,192,5,2.154281,1.890976,385
1773,scorep,2048,192,2,4.713928,4.450395,385
1774,printf,2048,128,4,3.043352,2.780494,1496
1775,tikki,2048,128,4,3.072623,2.809953,1496
1776,printf,2048,192,6,1.896266,1.633528,385
1777,scorep,2048,128,2,5.754136,5.490788,1496
1778,empty,2048,128,4,3.023818,2.761213,1496
1779,scorep,2048,128,9,1.569571,1.306094,1496
178,printf,2048,128,10,1.450095,1.186893,1496
1780,tikki,2048,256,6,2.561239,2.298549,204
1781,oot,2048,64,14,1.151987,0.889205,11440
1782,printf,2048,128,10,1.450427,1.187605,1496
1783,void,2048,64,9,1.627120,1.364425,11440
1784,tikki,2048,128,14,1.217297,0.954260,1496
1785,void,2048,128,7,1.898876,1.636194,1496
1786,scorep,2048,192,10,1.383678,1.120048,385
1787,printf,2048,64,11,1.439246,1.176542,11440
1788,void,2048,256,11,1.756246,1.493426,204
1789,scorep,2048,256,6,2.505312,2.241806,204
179,extrae,2048,128,11,1.424677,1.154868,1496
1790,printf,2048,64,8,1.803159,1.540365,11440
1791,void,2048,192,10,1.375783,1.113003,385
1792,printf,2048,256,8,2.103668,1.841066,204
1793,scorep,2048,192,5,2.154326,1.890779,385
1794,scorep,2048,64,12,1.357425,1.093925,11440
1795,oot,2048,192,3,3.265880,3.003279,385
1796,void,2048,256,2,5.856488,5.593613,204
1797,oot,2048,192,14,1.150282,0.887373,385
1798,empty,2048,192,6,1.895380,1.632303,385
1799,empty,2048,128,8,1.697063,1.434360,1496
18,empty,2048,192,15,1.117118,0.854495,385
180,printf,2048,256,15,1.584944,1.321974,204
1800,extrae,2048,256,1,11.203652,10.940552,204
1801,empty,2048,64,16,1.048469,0.785962,11440
1802,oot,2048,192,6,1.899607,1.636874,385
1803,tikki,2048,128,5,2.559436,2.296695,1496
1804,tikki,2048,64,11,1.446967,1.184169,11440
1805,scorep,2048,192,6,1.925256,1.633940,385
1806,void,2048,128,14,1.153655,0.890906,1496
1807,printf,2048,128,14,1.161734,0.898874,1496
1808,printf,2048,192,7,1.788633,1.440284,385
1809,scorep,2048,64,7,2.019935,1.756464,11440
181,scorep,2048,64,5,2.715545,2.451781,11440
1810,oot,2048,192,1,9.018206,8.755309,385
1811,extrae,2048,128,14,1.245143,0.975117,1496
1812,empty,2048,64,7,2.024717,1.762153,11440
1813,printf,2048,64,3,4.313632,4.051022,11440
1814,tikki,2048,64,9,1.681099,1.418407,11440
1815,tikki,2048,128,2,5.785742,5.522565,1496
1816,oot,2048,64,4,3.344355,3.081135,11440
1817,printf,2048,192,16,1.058632,0.796062,385
1818,empty,2048,192,16,1.080046,0.817253,385
1819,tikki,2048,64,16,1.096951,0.834104,11440
182,oot,2048,128,6,2.154018,1.891208,1496
1820,printf,2048,192,15,1.099781,0.836769,385
1821,scorep,2048,192,3,3.282817,3.019254,385
1822,void,2048,256,4,3.260975,2.997638,204
1823,scorep,2048,192,13,1.168603,0.905236,385
1824,oot,2048,64,2,6.304990,6.042352,11440
1825,tikki,2048,192,13,1.220233,0.957634,385
1826,printf,2048,128,12,1.263840,1.001077,1496
1827,extrae,2048,128,4,3.036163,2.772950,1496
1828,empty,2048,192,13,1.254501,0.903839,385
1829,scorep,2048,128,8,1.708551,1.445091,1496
183,oot,2048,128,15,1.110299,0.847298,1496
1830,extrae,2048,192,2,4.720210,4.456720,385
1831,scorep,2048,256,10,1.811368,1.548055,204
1832,void,2048,192,8,1.600484,1.337652,385
1833,tikki,2048,64,15,1.149325,0.886554,11440
1834,printf,2048,256,15,1.570087,1.307108,204
1835,extrae,2048,256,4,3.289592,3.026325,204
1836,scorep,2048,128,6,2.159419,1.895896,1496
1837,void,2048,256,14,1.589057,1.325746,204
1838,extrae,2048,128,7,1.922555,1.659483,1496
1839,void,2048,256,12,1.724896,1.461978,204
184,scorep,2048,256,1,11.192698,10.929368,204
1840,extrae,2048,64,11,1.471898,1.202299,11440
1841,tikki,2048,128,13,1.251337,0.988872,1496
1842,extrae,2048,192,16,1.208193,0.939114,385
1843,tikki,2048,192,4,2.644995,2.382523,385
1844,scorep,2048,192,4,2.613516,2.350059,385
1845,printf,2048,256,10,1.804703,1.541547,204
1846,empty,2048,128,9,1.568446,1.305797,1496
1847,void,2048,64,2,6.307664,6.044226,11440
1848,oot,2048,128,9,1.557102,1.294447,1496
1849,printf,2048,192,9,1.472489,1.209750,385
185,oot,2048,64,12,1.307473,1.044956,11440
1850,empty,2048,192,5,2.167747,1.905004,385
1851,empty,2048,256,1,11.194327,10.930958,204
1852,scorep,2048,64,9,1.636605,1.373313,11440
1853,printf,2048,256,16,1.540831,1.277475,204
1854,empty,2048,64,11,1.389245,1.126490,11440
1855,empty,2048,128,2,5.715452,5.452707,1496
1856,tikki,2048,256,13,1.668661,1.405828,204
1857,oot,2048,192,9,1.467317,1.204597,385
1858,printf,2048,128,16,1.053796,0.790976,1496
1859,scorep,2048,192,10,1.380609,1.117137,385
186,void,2048,192,16,1.058403,0.795519,385
1860,empty,2048,128,10,1.446520,1.183438,1496
1861,void,2048,64,13,1.212650,0.949670,11440
1862,oot,2048,64,11,1.434233,1.171395,11440
1863,printf,2048,256,6,2.512372,2.249805,204
1864,void,2048,192,9,1.464255,1.201508,385
1865,tikki,2048,64,10,1.582054,1.315882,11440
1866,printf,2048,256,9,1.943658,1.680883,204
1867,extrae,2048,64,13,1.331655,1.062014,11440
1868,extrae,2048,64,4,3.332032,3.068275,11440
1869,scorep,2048,128,4,3.048005,2.784348,1496
187,extrae,2048,192,11,1.402706,1.132529,385
1870,printf,2048,192,2,4.743153,4.480374,385
1871,extrae,2048,64,1,12.055006,11.791933,11440
1872,empty,2048,192,7,1.703159,1.440281,385
1873,empty,2048,256,11,1.768401,1.494275,204
1874,printf,2048,64,7,2.021917,1.758923,11440
1875,oot,2048,256,9,1.945481,1.681967,204
1876,tikki,2048,64,2,6.389793,6.126998,11440
1877,oot,2048,128,2,5.742659,5.479870,1496
1878,scorep,2048,256,8,2.099911,1.836477,204
1879,oot,2048,256,12,1.688157,1.425211,204
188,empty,2048,64,15,1.089316,0.826878,11440
1880,tikki,2048,192,14,1.168143,0.905296,385
1881,oot,2048,64,10,1.536801,1.273349,11440
1882,empty,2048,256,6,2.504889,2.242259,204
1883,void,2048,128,2,5.718169,5.455284,1496
1884,oot,2048,192,13,1.166785,0.903686,385
1885,void,2048,64,9,1.655371,1.392692,11440
1886,scorep,2048,192,8,1.603496,1.339874,385
1887,extrae,2048,256,15,1.699398,1.429275,204
1888,printf,2048,64,16,1.057733,0.795058,11440
1889,oot,2048,192,10,1.376280,1.113057,385
189,tikki,2048,192,2,4.769400,4.467769,385
1890,oot,2048,192,11,1.283730,1.021076,385
1891,extrae,2048,128,12,1.344657,1.074565,1496
1892,tikki,2048,192,10,1.413978,1.150950,385
1893,printf,2048,192,3,3.270477,3.007753,385
1894,empty,2048,64,4,3.269632,3.006837,11440
1895,scorep,2048,128,2,5.781003,5.517409,1496
1896,extrae,2048,256,8,2.131407,1.867958,204
1897,oot,2048,256,5,2.760778,2.498186,204
1898,empty,2048,256,4,3.258436,2.995819,204
1899,tikki,2048,256,16,1.586261,1.323651,204
19,scorep,2048,128,8,1.697706,1.433797,1496
190,extrae,2048,256,10,2.017747,1.650684,204
1900,oot,2048,128,13,1.208911,0.946134,1496
1901,void,2048,192,3,3.385402,3.034193,385
1902,empty,2048,64,2,6.288078,6.025211,11440
1903,scorep,2048,64,15,1.112335,0.848679,11440
1904,oot,2048,256,4,3.275033,3.012294,204
1905,printf,2048,64,4,3.312666,3.049692,11440
1906,extrae,2048,192,12,1.358273,1.088556,385
1907,void,2048,192,13,1.168073,0.905433,385
1908,void,2048,256,15,1.566347,1.303072,204
1909,printf,2048,64,6,2.312227,2.049512,11440
191,extrae,2048,128,3,3.942679,3.679597,1496
1910,empty,2048,256,12,1.715427,1.452576,204
1911,oot,2048,64,3,4.298403,4.035423,11440
1912,extrae,2048,192,8,1.620155,1.356510,385
1913,tikki,2048,256,10,1.862024,1.599598,204
1914,empty,2048,256,3,4.168180,3.904928,204
1915,printf,2048,64,9,1.671262,1.408403,11440
1916,scorep,2048,128,10,1.454855,1.191227,1496
1917,extrae,2048,256,9,2.046655,1.776813,204
1918,extrae,2048,64,16,1.193450,0.923899,11440
1919,scorep,2048,64,14,1.160870,0.897004,11440
192,empty,2048,128,15,1.099059,0.836199,1496
1920,scorep,2048,64,3,4.302974,4.039337,11440
1921,tikki,2048,128,15,1.140655,0.877979,1496
1922,oot,2048,256,13,1.624432,1.361447,204
1923,tikki,2048,64,7,2.070988,1.808133,11440
1924,empty,2048,256,13,1.626367,1.363703,204
1925,extrae,2048,256,10,1.890244,1.620703,204
1926,empty,2048,128,1,11.089032,10.826055,1496
1927,empty,2048,192,2,4.716169,4.453735,385
1928,oot,2048,64,12,1.304805,1.041868,11440
1929,void,2048,64,12,1.318546,1.055745,11440
193,empty,2048,192,14,1.138214,0.875600,385
1930,void,2048,64,10,1.494760,1.231888,11440
1931,printf,2048,128,7,1.908688,1.645749,1496
1932,tikki,2048,128,1,11.128970,10.866043,1496
1933,printf,2048,256,8,2.099408,1.836917,204
1934,empty,2048,64,10,1.502645,1.239498,11440
1935,oot,2048,64,15,1.096141,0.832854,11440
1936,printf,2048,256,11,1.757868,1.494429,204
1937,void,2048,64,4,3.279741,3.016366,11440
1938,scorep,2048,192,2,4.704487,4.440875,385
1939,scorep,2048,64,1,12.041472,11.778001,11440
194,empty,2048,192,4,2.594853,2.332090,385
1940,scorep,2048,256,6,2.505260,2.241473,204
1941,void,2048,192,7,1.704875,1.441459,385
1942,scorep,2048,64,16,1.056414,0.792741,11440
1943,empty,2048,64,13,1.215096,0.951909,11440
1944,empty,2048,128,12,1.263861,1.000078,1496
1945,printf,2048,256,1,11.177021,10.914331,204
1946,oot,2048,256,8,2.095273,1.832856,204
1947,scorep,2048,256,7,2.240552,1.977169,204
1948,scorep,2048,128,9,1.569634,1.306094,1496
1949,void,2048,192,6,1.897928,1.635152,385
195,oot,2048,128,3,3.931066,3.668392,1496
1950,extrae,2048,128,13,1.288477,1.018689,1496
1951,void,2048,128,16,1.054902,0.792314,1496
1952,empty,2048,64,6,2.299886,2.037053,11440
1953,scorep,2048,256,16,1.544030,1.280412,204
1954,tikki,2048,128,7,1.965406,1.702800,1496
1955,void,2048,192,4,2.601285,2.338507,385
1956,void,2048,192,10,1.375326,1.112462,385
1957,void,2048,64,3,4.290052,4.026741,11440
1958,tikki,2048,128,16,1.097635,0.834865,1496
1959,scorep,2048,192,9,1.491119,1.227514,385
196,tikki,2048,64,6,2.374229,2.111438,11440
1960,empty,2048,64,1,12.023032,11.759802,11440
1961,printf,2048,192,8,1.599572,1.337218,385
1962,tikki,2048,256,3,4.170456,3.907792,204
1963,printf,2048,192,12,1.243349,0.979593,385
1964,tikki,2048,256,12,1.781986,1.519273,204
1965,extrae,2048,256,13,1.736506,1.466810,204
1966,void,2048,192,15,1.091913,0.828946,385
1967,printf,2048,64,2,6.342155,6.078991,11440
1968,tikki,2048,128,4,3.098985,2.836222,1496
1969,empty,2048,64,15,1.093093,0.830107,11440
197,scorep,2048,256,16,1.544352,1.280676,204
1970,extrae,2048,256,12,1.826317,1.556674,204
1971,oot,2048,256,10,1.805937,1.542928,204
1972,printf,2048,256,4,3.209138,2.946347,204
1973,scorep,2048,64,13,1.228161,0.964654,11440
1974,void,2048,256,13,1.624731,1.361949,204
1975,empty,2048,128,15,1.097454,0.834799,1496
1976,oot,2048,64,14,1.153456,0.890653,11440
1977,scorep,2048,64,8,1.894635,1.545665,11440
1978,printf,2048,128,3,3.957002,3.694141,1496
1979,scorep,2048,128,15,1.101727,0.838271,1496
198,void,2048,128,7,1.899030,1.636330,1496
1980,void,2048,64,6,2.283351,2.020534,11440
1981,empty,2048,128,13,1.208643,0.945766,1496
1982,oot,2048,128,5,2.502470,2.239698,1496
1983,scorep,2048,64,10,1.542423,1.278757,11440
1984,scorep,2048,192,11,1.295708,1.032061,385
1985,oot,2048,64,8,1.793285,1.530481,11440
1986,void,2048,64,14,1.147516,0.884644,11440
1987,printf,2048,128,10,1.456234,1.193454,1496
1988,printf,2048,256,13,1.628256,1.365301,204
1989,tikki,2048,256,1,11.122556,10.859669,204
199,oot,2048,256,4,3.266131,3.003390,204
1990,printf,2048,64,12,1.353674,1.091205,11440
1991,tikki,2048,128,8,1.773751,1.511048,1496
1992,printf,2048,256,14,1.580899,1.318231,204
1993,printf,2048,256,5,2.772244,2.509321,204
1994,tikki,2048,64,12,1.392976,1.130281,11440
1995,oot,2048,64,16,1.053169,0.790541,11440
1996,void,2048,64,8,1.793946,1.531132,11440
1997,empty,2048,256,7,2.253181,1.990401,204
1998,empty,2048,256,14,1.589161,1.326255,204
1999,tikki,2048,256,2,5.911023,5.648400,204
2,tikki,2048,64,15,1.142573,0.879068,11440
20,printf,2048,192,9,1.470599,1.208005,385
200,scorep,2048,192,5,2.165101,1.901603,385
2000,empty,2048,192,12,1.241429,0.978557,385
2001,printf,2048,64,1,12.109651,11.847034,11440
2002,empty,2048,64,14,1.149792,0.886681,11440
2003,void,2048,192,16,1.065046,0.801729,385
2004,extrae,2048,192,4,2.609427,2.346221,385
2005,void,2048,128,3,3.933069,3.670572,1496
2006,extrae,2048,192,9,1.582407,1.312621,385
2007,scorep,2048,192,14,1.163915,0.900355,385
2008,tikki,2048,192,11,1.345993,1.083319,385
2009,oot,2048,64,7,2.030222,1.767685,11440
201,extrae,2048,256,2,5.879576,5.616035,204
2010,extrae,2048,64,9,1.709437,1.439834,11440
2011,tikki,2048,192,2,4.719474,4.456931,385
2012,void,2048,256,10,1.805921,1.543044,204
2013,void,2048,128,13,1.205802,0.943065,1496
2014,scorep,2048,256,9,1.938044,1.674543,204
2015,extrae,2048,64,10,1.573309,1.303635,11440
2016,extrae,2048,128,8,1.734482,1.470402,1496
2017,oot,2048,256,16,1.537996,1.275518,204
2018,void,2048,128,11,1.364928,1.102163,1496
2019,oot,2048,256,14,1.575141,1.312513,204
202,tikki,2048,256,13,1.687072,1.424643,204
2020,tikki,2048,64,8,1.859726,1.596455,11440
2021,scorep,2048,192,15,1.121483,0.857904,385
2022,scorep,2048,128,13,1.210399,0.946795,1496
2023,empty,2048,256,10,1.807188,1.544560,204
2024,oot,2048,256,3,4.170791,3.907856,204
2025,extrae,2048,192,15,1.243674,0.974041,385
2026,void,2048,256,11,1.762522,1.499772,204
2027,extrae,2048,256,5,2.777535,2.513308,204
2028,oot,2048,128,16,1.056790,0.794172,1496
2029,oot,2048,192,7,1.707203,1.444005,385
203,empty,2048,64,6,2.290360,2.027601,11440
2030,printf,2048,64,5,2.697036,2.434117,11440
2031,oot,2048,192,16,1.097155,0.833405,385
2032,void,2048,128,8,1.697870,1.435185,1496
2033,extrae,2048,64,8,1.839973,1.576325,11440
2034,empty,2048,192,11,1.291542,1.029039,385
2035,extrae,2048,192,7,1.727810,1.464693,385
2036,extrae,2048,64,2,6.371235,6.107744,11440
2037,extrae,2048,128,10,1.514359,1.243850,1496
2038,empty,2048,256,9,1.940717,1.678266,204
2039,oot,2048,256,2,5.871355,5.607976,204
204,oot,2048,128,2,5.715849,5.452982,1496
2040,void,2048,128,6,2.137468,1.874510,1496
2041,oot,2048,128,10,1.449626,1.186699,1496
2042,empty,2048,192,9,1.466811,1.204004,385
2043,empty,2048,128,3,3.935895,3.672600,1496
2044,extrae,2048,64,3,4.349126,4.086088,11440
2045,printf,2048,192,6,1.899725,1.637201,385
2046,oot,2048,128,6,2.153252,1.890622,1496
2047,extrae,2048,128,3,3.950038,3.686619,1496
2048,printf,2048,64,10,1.547434,1.284811,11440
2049,printf,2048,128,5,2.501981,2.238824,1496
205,extrae,2048,128,12,1.432865,1.076756,1496
2050,oot,2048,64,9,1.656800,1.393667,11440
2051,scorep,2048,192,1,9.020398,8.757308,385
2052,tikki,2048,256,5,2.830338,2.567587,204
2053,tikki,2048,128,10,1.527908,1.264589,1496
2054,empty,2048,128,7,1.903937,1.641389,1496
2055,tikki,2048,192,3,3.345047,3.081638,385
2056,void,2048,192,11,1.289705,1.027047,385
2057,empty,2048,64,9,1.664744,1.401742,11440
2058,extrae,2048,128,5,2.516781,2.253111,1496
2059,empty,2048,192,8,1.596488,1.334060,385
206,empty,2048,64,8,1.818727,1.555867,11440
2060,tikki,2048,64,14,1.210946,0.948205,11440
2061,empty,2048,64,12,1.447204,1.087533,11440
2062,scorep,2048,128,14,1.163639,0.899834,1496
2063,empty,2048,192,14,1.126933,0.864215,385
2064,tikki,2048,256,8,2.157662,1.893845,204
2065,extrae,2048,128,15,1.189193,0.919504,1496
2066,oot,2048,128,15,1.104797,0.842314,1496
2067,tikki,2048,192,6,1.937925,1.675061,385
2068,printf,2048,128,4,3.031045,2.768399,1496
2069,printf,2048,128,1,11.084700,10.822040,1496
207,extrae,2048,128,10,1.514218,1.244257,1496
2070,tikki,2048,128,12,1.322449,1.059989,1496
2071,oot,2048,192,15,1.116603,0.853821,385
2072,tikki,2048,256,9,1.998397,1.735569,204
2073,printf,2048,128,9,1.570327,1.307663,1496
2074,empty,2048,192,15,1.097140,0.834457,385
2075,tikki,2048,192,7,1.744800,1.482082,385
2076,printf,2048,64,8,1.802936,1.540160,11440
2077,tikki,2048,64,6,2.341309,2.078456,11440
2078,empty,2048,128,4,3.034384,2.771556,1496
2079,scorep,2048,128,11,1.355775,1.092364,1496
208,oot,2048,192,4,2.595263,2.332342,385
2080,tikki,2048,192,15,1.147379,0.884697,385
2081,scorep,2048,256,2,5.866667,5.603102,204
2082,tikki,2048,192,9,1.526696,1.263673,385
2083,tikki,2048,192,5,2.202426,1.939594,385
2084,extrae,2048,192,3,3.312019,3.048737,385
2085,oot,2048,128,8,1.699459,1.437084,1496
2086,extrae,2048,128,6,2.172576,1.908596,1496
2087,tikki,2048,256,15,1.627882,1.364948,204
2088,void,2048,192,2,4.716282,4.453533,385
2089,void,2048,128,12,1.259967,0.997292,1496
209,extrae,2048,256,3,4.119285,3.855947,204
2090,tikki,2048,128,14,1.211926,0.948928,1496
2091,empty,2048,64,5,2.699932,2.437205,11440
2092,void,2048,128,15,1.093027,0.830447,1496
2093,scorep,2048,192,12,1.240109,0.976685,385
2094,extrae,2048,64,5,2.728387,2.464845,11440
2095,scorep,2048,256,11,1.717413,1.453803,204
2096,printf,2048,192,4,2.588899,2.326181,385
2097,empty,2048,128,16,1.077920,0.786777,1496
2098,void,2048,192,5,2.151109,1.887804,385
2099,tikki,2048,192,12,1.291788,1.028887,385
21,printf,2048,256,3,4.172994,3.910215,204
210,oot,2048,256,15,1.566301,1.303656,204
2100,void,2048,64,11,1.389649,1.126911,11440
2101,tikki,2048,256,14,1.623113,1.360196,204
2102,printf,2048,64,15,1.101061,0.838428,11440
2103,oot,2048,128,7,1.902808,1.639455,1496
2104,extrae,2048,64,14,1.262929,0.993465,11440
2105,void,2048,128,7,1.901803,1.639136,1496
2106,printf,2048,256,12,1.721367,1.458334,204
2107,void,2048,128,4,3.017101,2.754024,1496
2108,empty,2048,64,3,4.285651,4.022203,11440
2109,extrae,2048,256,2,5.876336,5.612722,204
211,tikki,2048,256,12,1.759756,1.496353,204
2110,scorep,2048,128,16,1.048970,0.785459,1496
2111,printf,2048,64,14,1.159768,0.896864,11440
2112,tikki,2048,128,6,2.185648,1.922597,1496
2113,void,2048,128,10,1.447520,1.184667,1496
2114,empty,2048,256,2,5.860907,5.598271,204
2115,empty,2048,192,3,3.309563,3.046810,385
2116,scorep,2048,64,6,2.299957,2.036392,11440
2117,tikki,2048,256,6,2.561380,2.298631,204
2118,scorep,2048,64,5,2.694251,2.430692,11440
2119,extrae,2048,192,14,1.269869,1.000150,385
212,scorep,2048,128,15,1.105982,0.842370,1496
2120,void,2048,64,5,2.687295,2.424699,11440
2121,oot,2048,192,5,2.149282,1.886499,385
2122,oot,2048,256,1,11.194092,10.931299,204
2123,scorep,2048,64,11,1.404445,1.141027,11440
2124,scorep,2048,128,12,1.276712,1.013149,1496
2125,oot,2048,256,11,1.757119,1.494562,204
2126,scorep,2048,192,7,1.706884,1.443427,385
2127,empty,2048,256,5,2.760069,2.497443,204
2128,tikki,2048,256,7,2.291270,2.028000,204
2129,extrae,2048,192,1,8.999785,8.736189,385
213,scorep,2048,64,7,2.044542,1.781153,11440
2130,extrae,2048,128,9,1.612126,1.342289,1496
2131,printf,2048,128,11,1.354086,1.091541,1496
2132,void,2048,256,1,11.192091,10.929297,204
2133,empty,2048,256,15,1.570095,1.307001,204
2134,scorep,2048,64,2,6.323702,6.060333,11440
2135,tikki,2048,128,9,1.628287,1.364926,1496
2136,void,2048,256,16,1.542787,1.280122,204
2137,void,2048,192,12,1.236798,0.974105,385
2138,scorep,2048,128,1,11.093073,10.829370,1496
2139,void,2048,128,5,2.498982,2.236488,1496
214,empty,2048,192,11,1.285576,1.023028,385
2140,tikki,2048,256,11,1.826495,1.563761,204
2141,empty,2048,256,16,1.543221,1.280490,204
2142,printf,2048,192,13,1.167106,0.904089,385
2143,printf,2048,64,11,1.444010,1.181191,11440
2144,extrae,2048,128,16,1.170453,0.900983,1496
2145,printf,2048,128,6,2.151373,1.888934,1496
2146,oot,2048,256,7,2.253149,1.990059,204
2147,tikki,2048,64,4,3.369797,3.106403,11440
2148,void,2048,192,1,8.998673,8.735967,385
2149,oot,2048,256,15,1.567643,1.305182,204
215,void,2048,64,8,1.822277,1.559504,11440
2150,scorep,2048,256,14,1.582234,1.318753,204
2151,extrae,2048,192,11,1.404600,1.124026,385
2152,empty,2048,128,6,2.147110,1.884032,1496
2153,printf,2048,128,8,1.705683,1.442219,1496
2154,void,2048,256,3,4.112029,3.849242,204
2155,printf,2048,256,3,4.182705,3.919375,204
2156,extrae,2048,192,13,1.288085,1.018501,385
2157,extrae,2048,256,6,2.528731,2.265396,204
2158,extrae,2048,192,10,1.472951,1.202907,385
2159,scorep,2048,256,1,11.196611,10.932944,204
216,tikki,2048,128,9,1.612204,1.349090,1496
2160,oot,2048,192,4,2.592719,2.330308,385
2161,tikki,2048,64,1,12.144687,11.881731,11440
2162,void,2048,64,7,2.023285,1.760638,11440
2163,void,2048,256,6,2.509995,2.247302,204
2164,printf,2048,192,1,8.996378,8.733302,385
2165,scorep,2048,256,5,2.751424,2.487902,204
2166,printf,2048,128,2,5.725080,5.462217,1496
2167,empty,2048,64,8,1.819349,1.556226,11440
2168,extrae,2048,256,3,4.175879,3.911912,204
2169,oot,2048,192,12,1.231979,0.969141,385
217,extrae,2048,64,2,6.355441,6.091907,11440
2170,empty,2048,128,14,1.155377,0.892269,1496
2171,extrae,2048,256,14,1.699251,1.429780,204
2172,tikki,2048,64,13,1.283936,1.021373,11440
2173,void,2048,256,7,2.244564,1.981889,204
2174,printf,2048,256,2,5.872408,5.609783,204
2175,tikki,2048,128,3,3.972819,3.710066,1496
2176,printf,2048,64,13,1.220350,0.957508,11440
2177,void,2048,128,1,11.079365,10.816043,1496
2178,extrae,2048,192,5,2.175374,1.911877,385
2179,extrae,2048,256,11,1.866795,1.597227,204
218,scorep,2048,256,12,1.717070,1.453550,204
2180,extrae,2048,128,1,11.091757,10.828610,1496
2181,scorep,2048,128,7,1.905113,1.641585,1496
2182,extrae,2048,256,16,1.698420,1.428645,204
2183,extrae,2048,64,15,1.223408,0.953453,11440
2184,tikki,2048,128,11,1.413622,1.151042,1496
2185,scorep,2048,128,3,3.959073,3.695533,1496
2186,printf,2048,192,14,1.132977,0.870165,385
2187,void,2048,192,14,1.132119,0.869079,385
2188,oot,2048,64,1,12.023066,11.760394,11440
2189,extrae,2048,192,6,1.915435,1.651316,385
219,empty,2048,256,1,11.191048,10.928470,204
2190,empty,2048,192,4,2.600384,2.337829,385
2191,oot,2048,128,3,3.961977,3.698753,1496
2192,scorep,2048,256,13,1.623215,1.359434,204
2193,extrae,2048,64,6,2.331354,2.067268,11440
2194,empty,2048,192,10,1.377472,1.114352,385
2195,scorep,2048,256,15,1.583990,1.320265,204
2196,oot,2048,128,11,1.349098,1.085649,1496
2197,tikki,2048,64,5,2.751434,2.488359,11440
2198,void,2048,64,16,1.050414,0.787304,11440
2199,printf,2048,128,13,1.208014,0.945011,1496
22,scorep,2048,128,12,1.268179,1.004776,1496
220,scorep,2048,256,3,4.171528,3.907984,204
2200,oot,2048,256,6,2.548513,2.246743,204
2201,extrae,2048,128,2,5.731512,5.467978,1496
2202,oot,2048,192,8,1.593304,1.330321,385
2203,empty,2048,192,1,9.004055,8.740849,385
2204,empty,2048,256,8,2.103102,1.840123,204
2205,void,2048,256,8,2.101095,1.838396,204
2206,extrae,2048,64,7,2.048309,1.785217,11440
2207,empty,2048,128,11,1.355439,1.092986,1496
2208,oot,2048,128,14,1.157235,0.894147,1496
2209,oot,2048,128,12,1.271444,1.008188,1496
221,empty,2048,128,8,1.695864,1.433141,1496
2210,void,2048,64,15,1.092929,0.829667,11440
2211,extrae,2048,64,12,1.391540,1.121652,11440
2212,printf,2048,192,10,1.377333,1.114894,385
2213,void,2048,64,1,12.016621,11.753973,11440
2214,scorep,2048,64,4,3.312098,3.048278,11440
2215,oot,2048,128,4,3.113455,2.765298,1496
2216,printf,2048,192,11,1.286600,1.023406,385
2217,extrae,2048,256,7,2.266846,2.003695,204
2218,oot,2048,64,13,1.216159,0.953606,11440
2219,tikki,2048,64,3,4.328532,4.065647,11440
222,empty,2048,256,8,2.096432,1.833493,204
2220,extrae,2048,128,11,1.419921,1.149988,1496
2221,tikki,2048,192,1,9.013556,8.751052,385
2222,void,2048,128,9,1.558495,1.296097,1496
2223,printf,2048,256,7,2.251623,1.988373,204
2224,void,2048,256,5,2.764511,2.501618,204
2225,printf,2048,192,5,2.153248,1.890446,385
2226,empty,2048,128,5,2.492835,2.229457,1496
2227,oot,2048,192,2,4.701948,4.439046,385
2228,oot,2048,64,5,2.682733,2.419386,11440
2229,oot,2048,64,6,2.314692,2.052005,11440
223,extrae,2048,64,8,1.836501,1.572956,11440
2230,printf,2048,128,15,1.100336,0.837034,1496
2231,scorep,2048,192,16,1.081999,0.818547,385
2232,scorep,2048,128,5,2.497572,2.234077,1496
2233,tikki,2048,192,8,1.653006,1.389503,385
2234,tikki,2048,256,4,3.304130,3.040805,204
2235,void,2048,256,9,1.944112,1.681117,204
2236,scorep,2048,256,3,4.157246,3.893786,204
2237,tikki,2048,192,16,1.119410,0.856440,385
2238,scorep,2048,256,4,3.207575,2.944063,204
2239,scorep,2048,256,12,1.721247,1.457700,204
224,tikki,2048,128,16,1.112203,0.849632,1496
2240,oot,2048,128,1,11.090538,10.827669,1496
2241,scorep,2048,64,1,12.043209,11.779538,11440
2242,empty,2048,192,15,1.112812,0.849905,385
2243,oot,2048,128,4,3.023240,2.760550,1496
2244,empty,2048,256,4,3.240436,2.977724,204
2245,empty,2048,256,16,1.545192,1.282372,204
2246,void,2048,128,1,11.121090,10.858332,1496
2247,tikki,2048,64,5,2.739174,2.476619,11440
2248,printf,2048,64,8,1.812734,1.549554,11440
2249,void,2048,256,3,4.171499,3.908112,204
225,tikki,2048,64,9,1.673259,1.410458,11440
2250,tikki,2048,64,13,1.273436,1.010493,11440
2251,tikki,2048,256,5,2.795885,2.533047,204
2252,scorep,2048,128,11,1.357807,1.094226,1496
2253,printf,2048,192,10,1.373075,1.109414,385
2254,empty,2048,64,2,6.277714,6.014964,11440
2255,extrae,2048,64,9,1.716141,1.446410,11440
2256,printf,2048,128,4,3.030727,2.768172,1496
2257,printf,2048,128,13,1.206207,0.943299,1496
2258,tikki,2048,192,4,2.634851,2.371933,385
2259,printf,2048,64,10,1.541766,1.279006,11440
226,void,2048,192,5,2.166220,1.903355,385
2260,oot,2048,256,1,11.191055,10.928324,204
2261,scorep,2048,256,14,1.583959,1.320330,204
2262,tikki,2048,64,9,1.680968,1.418077,11440
2263,void,2048,256,2,5.879924,5.617265,204
2264,empty,2048,256,15,1.568864,1.305943,204
2265,void,2048,256,9,1.942780,1.679443,204
2266,scorep,2048,64,3,4.346545,4.083049,11440
2267,oot,2048,64,6,2.305137,2.041546,11440
2268,scorep,2048,64,16,1.059719,0.796105,11440
2269,empty,2048,192,12,1.233791,0.971154,385
227,tikki,2048,64,12,1.369864,1.107086,11440
2270,oot,2048,192,3,3.301440,3.038614,385
2271,oot,2048,256,5,2.759918,2.496717,204
2272,tikki,2048,256,3,4.214527,3.951754,204
2273,scorep,2048,192,16,1.075070,0.811636,385
2274,tikki,2048,256,16,1.590229,1.327367,204
2275,empty,2048,192,5,2.163281,1.900600,385
2276,void,2048,192,6,1.892175,1.628834,385
2277,tikki,2048,256,10,1.842708,1.580001,204
2278,scorep,2048,256,10,1.806298,1.542747,204
2279,extrae,2048,256,15,1.716544,1.447006,204
228,oot,2048,192,7,1.701733,1.438947,385
2280,extrae,2048,256,4,3.237413,2.974222,204
2281,empty,2048,64,8,1.817422,1.554779,11440
2282,extrae,2048,64,1,12.064356,11.801212,11440
2283,extrae,2048,256,2,5.873294,5.609723,204
2284,empty,2048,256,9,1.941042,1.677650,204
2285,empty,2048,128,4,3.038078,2.774967,1496
2286,oot,2048,128,9,1.560766,1.297807,1496
2287,tikki,2048,192,10,1.421475,1.157670,385
2288,scorep,2048,192,7,1.705062,1.441464,385
2289,scorep,2048,64,12,1.315692,1.052272,11440
229,scorep,2048,64,13,1.232182,0.968543,11440
2290,printf,2048,128,9,1.564682,1.301881,1496
2291,extrae,2048,256,14,1.658129,1.394625,204
2292,scorep,2048,64,5,2.693795,2.430126,11440
2293,empty,2048,192,16,1.057276,0.794046,385
2294,void,2048,128,16,1.044183,0.781103,1496
2295,empty,2048,128,2,5.737456,5.474669,1496
2296,scorep,2048,128,16,1.059976,0.796774,1496
2297,empty,2048,192,10,1.375796,1.112354,385
2298,printf,2048,64,3,4.347835,4.085076,11440
2299,scorep,2048,192,5,2.160966,1.897404,385
23,scorep,2048,192,3,3.311751,3.048331,385
230,tikki,2048,256,5,2.801138,2.538574,204
2300,empty,2048,256,14,1.588475,1.325469,204
2301,scorep,2048,256,12,1.730374,1.466811,204
2302,tikki,2048,128,2,5.815773,5.553157,1496
2303,scorep,2048,256,16,1.542268,1.278367,204
2304,printf,2048,64,1,12.118134,11.855336,11440
2305,tikki,2048,256,1,11.240002,10.976925,204
2306,tikki,2048,64,3,4.359289,4.096761,11440
2307,extrae,2048,192,10,1.488890,1.219020,385
2308,void,2048,64,15,1.091731,0.829289,11440
2309,extrae,2048,128,14,1.250765,0.981196,1496
231,void,2048,128,16,1.050659,0.787939,1496
2310,oot,2048,192,5,2.167166,1.904725,385
2311,oot,2048,192,12,1.233905,0.970934,385
2312,void,2048,192,5,2.176153,1.913399,385
2313,tikki,2048,64,12,1.361725,1.098919,11440
2314,extrae,2048,64,10,1.582062,1.312131,11440
2315,empty,2048,256,8,2.102852,1.840252,204
2316,void,2048,256,6,2.513342,2.250687,204
2317,scorep,2048,256,13,1.626557,1.363135,204
2318,extrae,2048,192,6,1.912750,1.648847,385
2319,void,2048,192,1,8.998832,8.736289,385
232,extrae,2048,128,4,3.051790,2.788568,1496
2320,printf,2048,128,14,1.158590,0.895853,1496
2321,empty,2048,64,7,2.003716,1.740505,11440
2322,empty,2048,128,13,1.204510,0.941699,1496
2323,void,2048,64,8,1.821456,1.558630,11440
2324,empty,2048,192,3,3.259622,2.996967,385
2325,scorep,2048,192,11,1.292131,1.028626,385
2326,oot,2048,256,11,1.752861,1.490195,204
2327,void,2048,128,10,1.453199,1.190359,1496
2328,empty,2048,192,14,1.108170,0.845484,385
2329,scorep,2048,128,15,1.102720,0.839362,1496
233,tikki,2048,192,11,1.329231,1.066700,385
2330,scorep,2048,128,14,1.161330,0.897821,1496
2331,extrae,2048,128,6,2.180075,1.916052,1496
2332,empty,2048,128,12,1.262883,1.000367,1496
2333,extrae,2048,64,11,1.470658,1.200749,11440
2334,oot,2048,192,13,1.166018,0.902576,385
2335,empty,2048,128,9,1.561900,1.298214,1496
2336,tikki,2048,128,12,1.316473,1.053729,1496
2337,oot,2048,128,6,2.154748,1.891819,1496
2338,printf,2048,128,6,2.159612,1.896718,1496
2339,extrae,2048,64,12,1.387349,1.117499,11440
234,extrae,2048,256,6,2.532366,2.269039,204
2340,printf,2048,64,11,1.434902,1.172434,11440
2341,empty,2048,128,15,1.099403,0.836715,1496
2342,void,2048,256,14,1.586919,1.324135,204
2343,oot,2048,256,14,1.585559,1.322761,204
2344,oot,2048,64,16,1.055539,0.792730,11440
2345,oot,2048,128,8,1.704183,1.441541,1496
2346,tikki,2048,256,13,1.692234,1.429427,204
2347,printf,2048,256,10,1.809134,1.546417,204
2348,tikki,2048,192,1,9.052047,8.789075,385
2349,void,2048,64,4,3.274211,3.011700,11440
235,printf,2048,64,8,1.808165,1.545409,11440
2350,void,2048,128,14,1.155819,0.892908,1496
2351,printf,2048,128,1,11.078585,10.815789,1496
2352,oot,2048,128,11,1.360429,1.097695,1496
2353,printf,2048,64,14,1.161007,0.897814,11440
2354,void,2048,64,10,1.533508,1.270621,11440
2355,oot,2048,192,16,1.060132,0.797374,385
2356,void,2048,64,13,1.210830,0.947949,11440
2357,extrae,2048,128,16,1.172823,0.903174,1496
2358,printf,2048,64,13,1.222628,0.960136,11440
2359,extrae,2048,128,13,1.291786,1.018935,1496
236,tikki,2048,192,9,1.507501,1.244233,385
2360,empty,2048,128,10,1.452844,1.190439,1496
2361,void,2048,256,16,1.538871,1.276194,204
2362,oot,2048,256,3,4.116470,3.853655,204
2363,void,2048,192,8,1.593800,1.330517,385
2364,oot,2048,256,12,1.712491,1.449727,204
2365,printf,2048,256,14,1.588977,1.326041,204
2366,scorep,2048,64,7,2.016784,1.753195,11440
2367,empty,2048,64,16,1.046339,0.783666,11440
2368,printf,2048,192,15,1.112865,0.850214,385
2369,empty,2048,128,1,11.067158,10.804228,1496
237,oot,2048,256,12,1.718424,1.452079,204
2370,extrae,2048,64,6,2.334365,2.071087,11440
2371,void,2048,128,15,1.095888,0.833371,1496
2372,tikki,2048,192,9,1.543945,1.281247,385
2373,tikki,2048,192,3,3.329189,3.066415,385
2374,scorep,2048,128,4,3.038115,2.774894,1496
2375,scorep,2048,64,9,1.639715,1.375741,11440
2376,extrae,2048,192,1,9.009589,8.746367,385
2377,void,2048,64,5,2.678022,2.415194,11440
2378,oot,2048,256,13,1.623524,1.360282,204
2379,extrae,2048,192,4,2.607056,2.343859,385
238,tikki,2048,192,13,1.225609,0.963003,385
2380,tikki,2048,64,6,2.356350,2.093770,11440
2381,extrae,2048,64,13,1.327094,1.057497,11440
2382,scorep,2048,192,13,1.165315,0.901652,385
2383,void,2048,192,14,1.108343,0.845665,385
2384,scorep,2048,64,4,3.333734,3.070161,11440
2385,extrae,2048,256,7,2.266042,2.002874,204
2386,empty,2048,256,2,5.880991,5.618531,204
2387,empty,2048,128,16,1.047425,0.784338,1496
2388,printf,2048,192,12,1.241364,0.978216,385
2389,tikki,2048,256,15,1.620637,1.357891,204
239,tikki,2048,192,8,1.660450,1.397485,385
2390,oot,2048,192,1,9.004956,8.742149,385
2391,oot,2048,64,4,3.292965,3.029540,11440
2392,extrae,2048,128,10,1.508144,1.238521,1496
2393,printf,2048,128,3,3.942016,3.679580,1496
2394,printf,2048,256,13,1.628085,1.365192,204
2395,tikki,2048,64,7,2.072671,1.809825,11440
2396,void,2048,192,16,1.061119,0.798287,385
2397,scorep,2048,64,10,1.506182,1.242638,11440
2398,scorep,2048,192,10,1.388172,1.124548,385
2399,scorep,2048,256,3,4.144599,3.880756,204
24,scorep,2048,256,10,1.805345,1.541989,204
240,extrae,2048,128,13,1.293849,1.024151,1496
2400,void,2048,192,10,1.374296,1.111624,385
2401,printf,2048,192,8,1.595348,1.332641,385
2402,scorep,2048,128,7,1.907431,1.643704,1496
2403,extrae,2048,192,8,1.621106,1.357465,385
2404,extrae,2048,256,5,2.774167,2.510605,204
2405,scorep,2048,192,9,1.468063,1.204518,385
2406,tikki,2048,64,8,1.848754,1.585501,11440
2407,tikki,2048,64,1,12.173723,11.910876,11440
2408,printf,2048,128,8,1.715511,1.452831,1496
2409,void,2048,128,13,1.205243,0.942245,1496
241,extrae,2048,64,4,3.351417,3.088026,11440
2410,printf,2048,192,7,1.703813,1.440188,385
2411,scorep,2048,256,4,3.246924,2.983490,204
2412,extrae,2048,256,9,2.054983,1.785221,204
2413,tikki,2048,192,14,1.170614,0.908024,385
2414,void,2048,64,2,6.301225,6.038409,11440
2415,tikki,2048,128,1,11.134169,10.871509,1496
2416,tikki,2048,64,14,1.210677,0.948108,11440
2417,void,2048,64,6,2.281527,2.018818,11440
2418,printf,2048,128,10,1.451253,1.188583,1496
2419,empty,2048,192,13,1.182396,0.919513,385
242,extrae,2048,256,7,2.266630,2.003514,204
2420,empty,2048,128,3,3.926148,3.663084,1496
2421,scorep,2048,256,1,11.201637,10.937941,204
2422,empty,2048,192,1,8.986558,8.723447,385
2423,void,2048,192,12,1.235296,0.972339,385
2424,void,2048,64,3,4.269182,4.006396,11440
2425,oot,2048,64,12,1.310400,1.047636,11440
2426,extrae,2048,256,1,11.206143,10.942406,204
2427,printf,2048,192,5,2.153546,1.891053,385
2428,extrae,2048,256,11,1.869485,1.599542,204
2429,empty,2048,64,13,1.218014,0.955047,11440
243,oot,2048,256,11,1.755693,1.492703,204
2430,tikki,2048,64,15,1.150750,0.887757,11440
2431,oot,2048,128,3,3.938489,3.675763,1496
2432,void,2048,128,6,2.137023,1.874377,1496
2433,void,2048,192,15,1.110226,0.847071,385
2434,oot,2048,256,4,3.236027,2.972877,204
2435,extrae,2048,128,3,3.950544,3.687478,1496
2436,empty,2048,256,13,1.673147,1.410426,204
2437,tikki,2048,256,6,2.552189,2.289516,204
2438,extrae,2048,256,10,1.928251,1.579372,204
2439,void,2048,256,10,1.809982,1.547448,204
244,tikki,2048,128,15,1.137917,0.875168,1496
2440,printf,2048,64,15,1.101501,0.838379,11440
2441,oot,2048,256,16,1.537970,1.274629,204
2442,empty,2048,192,8,1.598438,1.335594,385
2443,tikki,2048,64,16,1.091927,0.828787,11440
2444,tikki,2048,128,14,1.210450,0.947226,1496
2445,extrae,2048,128,1,11.095548,10.832131,1496
2446,scorep,2048,256,9,1.941926,1.678388,204
2447,empty,2048,256,1,11.200111,10.937225,204
2448,printf,2048,192,3,3.294339,3.031256,385
2449,tikki,2048,256,11,1.799427,1.536566,204
245,printf,2048,128,6,2.143441,1.880304,1496
2450,printf,2048,128,7,1.904228,1.641377,1496
2451,scorep,2048,128,1,11.095725,10.832073,1496
2452,scorep,2048,256,2,5.867214,5.603621,204
2453,tikki,2048,256,14,1.637735,1.374998,204
2454,printf,2048,64,9,1.683208,1.420448,11440
2455,empty,2048,64,14,1.152733,0.890095,11440
2456,printf,2048,256,9,1.943042,1.680151,204
2457,printf,2048,256,4,3.286276,3.023613,204
2458,printf,2048,256,12,1.723520,1.460759,204
2459,printf,2048,256,6,2.512052,2.249369,204
246,printf,2048,64,9,1.668189,1.405294,11440
2460,empty,2048,192,6,1.895722,1.632461,385
2461,printf,2048,128,16,1.053782,0.790538,1496
2462,empty,2048,128,7,1.900988,1.637778,1496
2463,tikki,2048,128,11,1.412237,1.149394,1496
2464,void,2048,256,7,2.239691,1.977056,204
2465,scorep,2048,128,12,1.267270,1.003705,1496
2466,oot,2048,64,5,2.700730,2.437895,11440
2467,tikki,2048,128,3,3.985275,3.722540,1496
2468,printf,2048,256,8,2.104161,1.841407,204
2469,scorep,2048,192,15,1.115531,0.852109,385
247,empty,2048,256,12,1.693743,1.430515,204
2470,empty,2048,64,12,1.345455,1.082780,11440
2471,void,2048,192,4,2.599775,2.337215,385
2472,void,2048,128,12,1.265375,1.001986,1496
2473,void,2048,256,12,1.722488,1.459540,204
2474,printf,2048,192,6,1.899785,1.636919,385
2475,tikki,2048,256,8,2.154552,1.891128,204
2476,oot,2048,256,7,2.242316,1.979755,204
2477,extrae,2048,192,7,1.724680,1.461528,385
2478,empty,2048,256,3,4.142750,3.880197,204
2479,tikki,2048,128,15,1.144943,0.882165,1496
248,scorep,2048,128,5,2.503149,2.239540,1496
2480,oot,2048,128,10,1.448595,1.185842,1496
2481,oot,2048,128,7,1.905093,1.642218,1496
2482,scorep,2048,64,13,1.227730,0.963766,11440
2483,void,2048,128,8,1.706360,1.443624,1496
2484,extrae,2048,64,15,1.225076,0.953888,11440
2485,empty,2048,64,1,12.021739,11.759293,11440
2486,printf,2048,256,2,5.897122,5.634694,204
2487,extrae,2048,128,4,3.050885,2.787239,1496
2488,void,2048,192,13,1.167968,0.905248,385
2489,scorep,2048,64,11,1.445049,1.181544,11440
249,extrae,2048,192,1,9.009913,8.746740,385
2490,oot,2048,64,1,12.033675,11.771042,11440
2491,scorep,2048,192,12,1.238374,0.974698,385
2492,void,2048,192,7,1.691995,1.429445,385
2493,scorep,2048,64,2,6.285921,6.022687,11440
2494,empty,2048,64,9,1.658917,1.396128,11440
2495,printf,2048,192,1,8.981237,8.718335,385
2496,oot,2048,64,14,1.149518,0.886991,11440
2497,oot,2048,192,8,1.595184,1.332392,385
2498,scorep,2048,128,5,2.501424,2.238032,1496
2499,oot,2048,192,7,1.707640,1.445048,385
25,printf,2048,192,3,3.299897,3.036877,385
250,tikki,2048,128,14,1.209510,0.947082,1496
2500,tikki,2048,64,2,6.372965,6.109683,11440
2501,extrae,2048,256,6,2.523723,2.259691,204
2502,empty,2048,128,8,1.704956,1.441799,1496
2503,oot,2048,64,3,4.291364,4.028498,11440
2504,scorep,2048,128,8,1.713066,1.449186,1496
2505,oot,2048,64,8,1.831716,1.568987,11440
2506,scorep,2048,128,10,1.456441,1.192549,1496
2507,scorep,2048,256,8,2.094030,1.830004,204
2508,oot,2048,128,1,11.079473,10.816680,1496
2509,printf,2048,192,11,1.290801,1.028306,385
251,extrae,2048,192,16,1.265042,0.995422,385
2510,printf,2048,64,12,1.353126,1.090434,11440
2511,void,2048,256,8,2.104365,1.841775,204
2512,printf,2048,192,9,1.474851,1.212025,385
2513,extrae,2048,64,14,1.261047,0.997601,11440
2514,scorep,2048,192,8,1.606226,1.342614,385
2515,extrae,2048,64,16,1.197372,0.927755,11440
2516,printf,2048,128,11,1.352580,1.090092,1496
2517,oot,2048,64,15,1.094369,0.831592,11440
2518,empty,2048,128,11,1.350279,1.087380,1496
2519,scorep,2048,192,1,8.999473,8.735829,385
252,empty,2048,192,3,3.308195,3.045581,385
2520,extrae,2048,256,16,1.683635,1.413637,204
2521,printf,2048,128,12,1.266002,1.003320,1496
2522,scorep,2048,128,3,3.950775,3.687171,1496
2523,printf,2048,192,16,1.071391,0.807586,385
2524,printf,2048,256,1,11.179426,10.916469,204
2525,tikki,2048,128,5,2.532340,2.269341,1496
2526,oot,2048,64,11,1.389935,1.126958,11440
2527,empty,2048,256,5,2.760758,2.497835,204
2528,empty,2048,256,6,2.512515,2.249203,204
2529,void,2048,192,3,3.270768,3.007924,385
253,printf,2048,192,13,1.170134,0.907362,385
2530,extrae,2048,256,8,2.131789,1.868281,204
2531,scorep,2048,192,4,2.611378,2.347804,385
2532,tikki,2048,128,16,1.084689,0.821922,1496
2533,tikki,2048,128,13,1.272094,1.009405,1496
2534,printf,2048,64,7,2.020457,1.757687,11440
2535,extrae,2048,192,11,1.392792,1.122760,385
2536,void,2048,192,11,1.287193,1.024590,385
2537,printf,2048,256,7,2.255309,1.992321,204
2538,tikki,2048,192,6,1.953316,1.689518,385
2539,oot,2048,64,2,6.345813,6.082345,11440
254,void,2048,64,7,2.006470,1.743672,11440
2540,printf,2048,192,2,4.708017,4.445254,385
2541,printf,2048,256,16,1.539397,1.276188,204
2542,empty,2048,64,15,1.097971,0.834689,11440
2543,printf,2048,64,4,3.313009,3.049963,11440
2544,void,2048,64,9,1.628624,1.365633,11440
2545,tikki,2048,128,6,2.193010,1.930186,1496
2546,oot,2048,128,2,5.732887,5.470164,1496
2547,printf,2048,256,11,1.764173,1.500880,204
2548,extrae,2048,192,16,1.201360,0.931825,385
2549,oot,2048,256,6,2.506400,2.243759,204
255,empty,2048,64,10,1.500117,1.237459,11440
2550,oot,2048,128,12,1.264694,1.001835,1496
2551,tikki,2048,192,15,1.135771,0.872938,385
2552,tikki,2048,128,4,3.075185,2.811950,1496
2553,tikki,2048,256,12,1.774159,1.511320,204
2554,tikki,2048,192,2,4.758534,4.495819,385
2555,scorep,2048,192,14,1.131344,0.868172,385
2556,empty,2048,64,3,4.276459,4.013830,11440
2557,oot,2048,128,13,1.207056,0.943814,1496
2558,extrae,2048,128,15,1.199472,0.926146,1496
2559,empty,2048,192,11,1.287378,1.024910,385
256,oot,2048,192,16,1.103180,0.840333,385
2560,scorep,2048,64,6,2.322072,2.058536,11440
2561,empty,2048,192,2,4.724257,4.461701,385
2562,extrae,2048,256,13,1.697630,1.434525,204
2563,tikki,2048,192,5,2.207468,1.944954,385
2564,oot,2048,256,10,1.805969,1.543321,204
2565,scorep,2048,256,15,1.562247,1.298627,204
2566,oot,2048,256,8,2.099730,1.837039,204
2567,tikki,2048,192,7,1.736834,1.474241,385
2568,oot,2048,128,15,1.092995,0.830112,1496
2569,scorep,2048,256,6,2.502301,2.238598,204
257,printf,2048,256,2,5.892717,5.629971,204
2570,scorep,2048,256,11,1.761245,1.497673,204
2571,extrae,2048,64,8,1.836858,1.573310,11440
2572,tikki,2048,64,11,1.487266,1.224819,11440
2573,tikki,2048,128,7,1.952426,1.689845,1496
2574,extrae,2048,64,4,3.333101,3.069342,11440
2575,tikki,2048,192,11,1.334901,1.072398,385
2576,oot,2048,256,2,5.879301,5.616071,204
2577,void,2048,256,1,11.194105,10.930779,204
2578,extrae,2048,128,7,1.928048,1.664303,1496
2579,empty,2048,128,14,1.155412,0.892869,1496
258,extrae,2048,192,3,3.285288,3.022288,385
2580,oot,2048,64,7,2.028572,1.765829,11440
2581,void,2048,64,14,1.148138,0.885454,11440
2582,tikki,2048,192,12,1.293719,1.030787,385
2583,void,2048,128,5,2.498755,2.235344,1496
2584,oot,2048,128,16,1.046222,0.783296,1496
2585,extrae,2048,128,8,1.726727,1.463170,1496
2586,empty,2048,256,7,2.251496,1.988993,204
2587,void,2048,64,1,12.097901,11.749407,11440
2588,empty,2048,192,4,2.635580,2.334135,385
2589,void,2048,64,11,1.431871,1.168622,11440
259,extrae,2048,256,5,2.776650,2.513081,204
2590,empty,2048,128,6,2.155716,1.893064,1496
2591,extrae,2048,192,15,1.250805,0.979531,385
2592,printf,2048,256,5,2.763772,2.501297,204
2593,scorep,2048,256,5,2.759862,2.496346,204
2594,scorep,2048,192,6,1.901866,1.638245,385
2595,tikki,2048,64,10,1.576971,1.314155,11440
2596,tikki,2048,256,4,3.337227,3.074523,204
2597,oot,2048,192,15,1.110192,0.847378,385
2598,scorep,2048,64,8,1.814720,1.551118,11440
2599,tikki,2048,192,8,1.643293,1.380504,385
26,scorep,2048,64,12,1.329953,1.066265,11440
260,oot,2048,64,14,1.152003,0.888986,11440
2600,void,2048,128,11,1.350737,1.087931,1496
2601,extrae,2048,128,11,1.420879,1.150670,1496
2602,empty,2048,256,11,1.750441,1.487993,204
2603,printf,2048,192,13,1.172055,0.908325,385
2604,oot,2048,256,15,1.567162,1.303786,204
2605,extrae,2048,128,2,5.751421,5.487752,1496
2606,empty,2048,64,5,2.702942,2.428930,11440
2607,extrae,2048,128,9,1.626822,1.356602,1496
2608,empty,2048,64,4,3.308257,3.045762,11440
2609,oot,2048,128,5,2.487280,2.224008,1496
261,tikki,2048,64,8,1.865853,1.602962,11440
2610,tikki,2048,256,9,1.983178,1.720232,204
2611,scorep,2048,128,2,5.759292,5.495341,1496
2612,extrae,2048,128,12,1.343955,1.074171,1496
2613,oot,2048,64,13,1.211920,0.949520,11440
2614,extrae,2048,64,2,6.389546,6.126005,11440
2615,empty,2048,64,10,1.535413,1.272463,11440
2616,scorep,2048,192,2,4.705333,4.441600,385
2617,scorep,2048,192,3,3.310816,3.047231,385
2618,scorep,2048,64,14,1.158397,0.894774,11440
2619,tikki,2048,64,4,3.347468,3.084721,11440
262,void,2048,256,15,1.572656,1.309812,204
2620,printf,2048,128,5,2.496136,2.233443,1496
2621,printf,2048,128,15,1.096294,0.832920,1496
2622,tikki,2048,256,2,5.884907,5.622034,204
2623,tikki,2048,128,9,1.614211,1.350951,1496
2624,void,2048,192,9,1.468501,1.204797,385
2625,void,2048,64,12,1.344508,1.081726,11440
2626,extrae,2048,192,12,1.354491,1.084543,385
2627,void,2048,256,5,2.763523,2.500932,204
2628,extrae,2048,64,3,4.343292,4.079989,11440
2629,void,2048,192,2,4.758294,4.495407,385
263,scorep,2048,128,16,1.049312,0.785964,1496
2630,empty,2048,192,9,1.464753,1.201854,385
2631,tikki,2048,192,13,1.217137,0.954525,385
2632,scorep,2048,128,9,1.565365,1.301892,1496
2633,empty,2048,256,10,1.808147,1.545426,204
2634,empty,2048,192,7,1.702224,1.439326,385
2635,extrae,2048,64,5,2.726034,2.461856,11440
2636,void,2048,64,16,1.044755,0.781880,11440
2637,void,2048,128,4,3.045244,2.782330,1496
2638,oot,2048,192,6,1.894340,1.631292,385
2639,extrae,2048,192,9,1.567498,1.297598,385
264,tikki,2048,256,8,2.158365,1.895556,204
2640,empty,2048,128,5,2.496477,2.234001,1496
2641,void,2048,128,3,3.931207,3.668363,1496
2642,oot,2048,192,9,1.480518,1.217461,385
2643,oot,2048,192,4,2.579776,2.317134,385
2644,extrae,2048,128,5,2.515686,2.252178,1496
2645,void,2048,128,2,5.761471,5.498909,1496
2646,empty,2048,256,12,1.714182,1.451449,204
2647,void,2048,256,11,1.756902,1.494012,204
2648,empty,2048,64,6,2.301483,2.038584,11440
2649,printf,2048,64,6,2.319428,2.056734,11440
265,scorep,2048,256,9,1.937260,1.673682,204
2650,scorep,2048,64,15,1.106255,0.842375,11440
2651,extrae,2048,192,2,4.710018,4.446488,385
2652,extrae,2048,192,14,1.272850,1.003127,385
2653,printf,2048,256,3,4.182653,3.920191,204
2654,scorep,2048,128,13,1.212077,0.948611,1496
2655,extrae,2048,192,5,2.160266,1.896669,385
2656,scorep,2048,128,6,2.143398,1.879696,1496
2657,printf,2048,64,2,6.342338,6.079413,11440
2658,oot,2048,192,2,4.708404,4.445550,385
2659,extrae,2048,64,7,2.058805,1.795773,11440
266,empty,2048,192,2,4.714567,4.451803,385
2660,empty,2048,64,11,1.427893,1.164475,11440
2661,oot,2048,256,9,1.941270,1.677934,204
2662,extrae,2048,192,13,1.311226,1.041638,385
2663,printf,2048,128,2,5.744024,5.481440,1496
2664,void,2048,128,7,1.904466,1.641423,1496
2665,oot,2048,128,14,1.157953,0.895188,1496
2666,void,2048,64,7,2.025899,1.762608,11440
2667,oot,2048,64,9,1.623131,1.360507,11440
2668,scorep,2048,256,7,2.250753,1.987118,204
2669,printf,2048,64,16,1.142426,0.794110,11440
267,extrae,2048,64,10,1.599825,1.329957,11440
2670,tikki,2048,128,8,1.763310,1.500647,1496
2671,tikki,2048,192,16,1.149161,0.886202,385
2672,oot,2048,192,14,1.126642,0.863606,385
2673,void,2048,256,15,1.572235,1.309371,204
2674,extrae,2048,256,12,1.817783,1.548073,204
2675,void,2048,128,9,1.569181,1.306244,1496
2676,tikki,2048,128,10,1.509476,1.246741,1496
2677,oot,2048,192,10,1.405536,1.114509,385
2678,oot,2048,192,11,1.283180,1.020476,385
2679,printf,2048,64,5,2.719771,2.456861,11440
268,void,2048,64,16,1.045644,0.783194,11440
2680,extrae,2048,256,3,4.150822,3.886757,204
2681,tikki,2048,256,7,2.301295,2.038111,204
2682,printf,2048,256,15,1.568690,1.305916,204
2683,extrae,2048,192,3,3.315988,3.051881,385
2684,void,2048,256,4,3.304504,3.041496,204
2685,void,2048,256,13,1.625015,1.362263,204
2686,oot,2048,64,10,1.540230,1.277194,11440
2687,printf,2048,192,14,1.132793,0.870043,385
2688,printf,2048,192,4,2.601176,2.338495,385
2689,tikki,2048,192,5,2.212363,1.949545,385
269,extrae,2048,256,11,1.874472,1.604024,204
2690,void,2048,128,1,11.092991,10.830143,1496
2691,empty,2048,64,3,4.303165,4.040593,11440
2692,extrae,2048,64,1,12.059947,11.796747,11440
2693,scorep,2048,128,15,1.111299,0.847835,1496
2694,tikki,2048,128,4,3.076601,2.813917,1496
2695,tikki,2048,64,10,1.564120,1.300786,11440
2696,void,2048,64,4,3.274208,3.011491,11440
2697,oot,2048,256,8,2.097222,1.834204,204
2698,void,2048,192,5,2.158753,1.895947,385
2699,empty,2048,64,6,2.311826,2.049047,11440
27,printf,2048,128,9,1.565137,1.302538,1496
270,oot,2048,64,5,2.680220,2.417537,11440
2700,extrae,2048,128,1,11.105039,10.841765,1496
2701,oot,2048,128,12,1.270657,1.008046,1496
2702,extrae,2048,128,12,1.342620,1.072693,1496
2703,void,2048,64,14,1.156683,0.894177,11440
2704,scorep,2048,64,2,6.323166,6.059464,11440
2705,oot,2048,192,7,1.694004,1.431358,385
2706,oot,2048,192,14,1.152789,0.889401,385
2707,scorep,2048,192,10,1.382165,1.118193,385
2708,oot,2048,128,6,2.149142,1.886466,1496
2709,tikki,2048,256,1,11.219524,10.956906,204
271,tikki,2048,192,4,2.662010,2.370943,385
2710,extrae,2048,192,6,1.914116,1.650112,385
2711,oot,2048,128,3,3.952160,3.689153,1496
2712,scorep,2048,192,2,4.723655,4.460783,385
2713,void,2048,192,10,1.376433,1.113016,385
2714,void,2048,192,7,1.700078,1.437400,385
2715,tikki,2048,256,15,1.590715,1.327968,204
2716,scorep,2048,256,5,2.768519,2.505039,204
2717,void,2048,128,13,1.208284,0.944854,1496
2718,oot,2048,192,13,1.179803,0.916474,385
2719,printf,2048,256,3,4.161867,3.898485,204
272,empty,2048,256,13,1.624690,1.361935,204
2720,tikki,2048,64,8,1.861627,1.598993,11440
2721,void,2048,128,5,2.589009,2.238736,1496
2722,oot,2048,128,16,1.052435,0.789501,1496
2723,void,2048,256,7,2.248269,1.985454,204
2724,scorep,2048,128,3,3.951048,3.687563,1496
2725,scorep,2048,192,12,1.238609,0.974941,385
2726,extrae,2048,192,12,1.357223,1.087273,385
2727,extrae,2048,256,12,1.808296,1.538526,204
2728,empty,2048,128,3,3.933848,3.671450,1496
2729,extrae,2048,256,14,1.704006,1.434337,204
273,empty,2048,64,5,2.676310,2.413029,11440
2730,empty,2048,128,11,1.356527,1.093894,1496
2731,oot,2048,64,9,1.658046,1.395426,11440
2732,extrae,2048,64,15,1.221173,0.951565,11440
2733,void,2048,64,13,1.214047,0.951552,11440
2734,tikki,2048,64,15,1.140820,0.878036,11440
2735,void,2048,64,7,1.998476,1.735898,11440
2736,printf,2048,256,16,1.544896,1.281970,204
2737,void,2048,128,3,3.932509,3.669718,1496
2738,empty,2048,256,6,2.511509,2.248708,204
2739,empty,2048,192,9,1.464678,1.201848,385
274,extrae,2048,192,9,1.585563,1.315611,385
2740,empty,2048,192,1,9.016734,8.753972,385
2741,void,2048,256,12,1.686879,1.424081,204
2742,tikki,2048,128,3,3.978404,3.715744,1496
2743,oot,2048,128,11,1.347208,1.084360,1496
2744,printf,2048,128,7,1.911043,1.647661,1496
2745,tikki,2048,128,11,1.406509,1.143664,1496
2746,tikki,2048,64,11,1.445764,1.183027,11440
2747,scorep,2048,256,8,2.097044,1.833843,204
2748,printf,2048,64,1,12.100360,11.837357,11440
2749,scorep,2048,128,9,1.558413,1.294820,1496
275,void,2048,128,11,1.350474,1.088050,1496
2750,void,2048,128,14,1.159936,0.897171,1496
2751,void,2048,64,15,1.178975,0.828716,11440
2752,empty,2048,192,15,1.097403,0.833735,385
2753,printf,2048,192,5,2.139011,1.876271,385
2754,scorep,2048,256,12,1.725948,1.462449,204
2755,void,2048,64,8,1.828583,1.565243,11440
2756,extrae,2048,192,15,1.217653,0.947917,385
2757,scorep,2048,192,5,2.128861,1.865514,385
2758,tikki,2048,256,2,5.880794,5.618033,204
2759,extrae,2048,128,13,1.287765,1.017908,1496
276,oot,2048,64,9,1.750878,1.402587,11440
2760,scorep,2048,256,11,1.737319,1.473801,204
2761,extrae,2048,256,7,2.272502,2.009454,204
2762,tikki,2048,64,5,2.749673,2.487157,11440
2763,oot,2048,256,4,3.309102,3.045990,204
2764,extrae,2048,128,10,1.515454,1.245491,1496
2765,printf,2048,128,1,11.090390,10.827977,1496
2766,printf,2048,256,5,2.757430,2.494559,204
2767,extrae,2048,128,14,1.250566,0.980845,1496
2768,tikki,2048,128,6,2.189150,1.926761,1496
2769,void,2048,64,11,1.395315,1.132696,11440
277,empty,2048,192,1,9.001549,8.738873,385
2770,extrae,2048,128,15,1.194894,0.925277,1496
2771,empty,2048,192,10,1.373081,1.110581,385
2772,tikki,2048,192,2,4.758377,4.495614,385
2773,oot,2048,128,15,1.101046,0.838095,1496
2774,oot,2048,256,7,2.250933,1.988016,204
2775,scorep,2048,192,11,1.291370,1.027886,385
2776,oot,2048,64,11,1.389728,1.126890,11440
2777,extrae,2048,192,13,1.292060,1.022225,385
2778,oot,2048,128,7,1.903078,1.640121,1496
2779,printf,2048,192,4,2.613536,2.350788,385
278,empty,2048,64,2,6.299257,6.036802,11440
2780,tikki,2048,64,14,1.221832,0.958392,11440
2781,printf,2048,128,12,1.268583,1.005623,1496
2782,empty,2048,256,2,5.882551,5.619613,204
2783,printf,2048,256,15,1.572232,1.309345,204
2784,void,2048,256,4,3.267461,3.004654,204
2785,scorep,2048,64,9,1.651843,1.388453,11440
2786,empty,2048,256,13,1.625352,1.362067,204
2787,printf,2048,192,2,4.748935,4.486331,385
2788,scorep,2048,256,16,1.541917,1.278617,204
2789,printf,2048,256,10,1.806876,1.544174,204
279,printf,2048,128,13,1.206654,0.943509,1496
2790,printf,2048,192,11,1.289067,1.026239,385
2791,printf,2048,128,9,1.564421,1.301090,1496
2792,empty,2048,128,8,1.707422,1.444467,1496
2793,scorep,2048,128,13,1.211637,0.948161,1496
2794,empty,2048,128,15,1.100425,0.837617,1496
2795,oot,2048,192,3,3.276377,3.013546,385
2796,scorep,2048,64,3,4.306965,4.043614,11440
2797,printf,2048,64,15,1.107803,0.845076,11440
2798,extrae,2048,64,9,1.675869,1.411903,11440
2799,empty,2048,192,12,1.234106,0.971557,385
28,printf,2048,256,9,1.939408,1.676737,204
280,scorep,2048,192,15,1.110783,0.847153,385
2800,tikki,2048,256,6,2.565006,2.302207,204
2801,void,2048,256,1,11.193326,10.930078,204
2802,extrae,2048,64,7,2.052385,1.789307,11440
2803,tikki,2048,128,1,11.152602,10.889762,1496
2804,extrae,2048,256,9,2.050462,1.780625,204
2805,tikki,2048,192,9,1.508402,1.245841,385
2806,extrae,2048,256,16,1.698465,1.429004,204
2807,tikki,2048,256,5,2.802676,2.540275,204
2808,oot,2048,192,10,1.374092,1.111303,385
2809,extrae,2048,256,5,2.780587,2.516737,204
281,empty,2048,192,16,1.074973,0.812456,385
2810,scorep,2048,256,15,1.571148,1.307337,204
2811,tikki,2048,128,10,1.503991,1.241140,1496
2812,void,2048,256,16,1.540233,1.277544,204
2813,void,2048,128,16,1.052714,0.789886,1496
2814,tikki,2048,256,12,1.756831,1.494056,204
2815,tikki,2048,192,10,1.425259,1.162423,385
2816,tikki,2048,64,1,12.159162,11.896439,11440
2817,empty,2048,256,9,1.935205,1.672544,204
2818,empty,2048,128,16,1.056675,0.793699,1496
2819,void,2048,128,15,1.096944,0.834042,1496
282,tikki,2048,256,7,2.299522,2.036708,204
2820,extrae,2048,64,8,1.840301,1.576844,11440
2821,extrae,2048,128,2,5.765455,5.501829,1496
2822,tikki,2048,128,12,1.311640,1.049064,1496
2823,void,2048,64,12,1.307296,1.044372,11440
2824,extrae,2048,192,14,1.244614,0.981154,385
2825,scorep,2048,64,6,2.319556,2.055854,11440
2826,oot,2048,192,16,1.078869,0.815514,385
2827,scorep,2048,256,10,1.805585,1.542091,204
2828,printf,2048,64,3,4.348087,4.085117,11440
2829,void,2048,256,15,1.670505,1.322007,204
283,oot,2048,64,7,2.004922,1.742104,11440
2830,oot,2048,64,7,2.030126,1.766980,11440
2831,scorep,2048,128,16,1.060870,0.797312,1496
2832,printf,2048,64,8,1.838972,1.576129,11440
2833,scorep,2048,128,1,11.098291,10.834584,1496
2834,void,2048,256,5,2.758028,2.495628,204
2835,printf,2048,128,2,5.740783,5.466130,1496
2836,empty,2048,128,6,2.133046,1.869939,1496
2837,printf,2048,128,3,3.939235,3.676310,1496
2838,scorep,2048,64,12,1.366000,1.102577,11440
2839,void,2048,128,9,1.559308,1.296597,1496
284,scorep,2048,128,13,1.212605,0.948761,1496
2840,oot,2048,256,15,1.563093,1.300438,204
2841,scorep,2048,64,8,1.833140,1.569496,11440
2842,printf,2048,128,4,3.039593,2.776730,1496
2843,scorep,2048,128,4,3.044909,2.781424,1496
2844,void,2048,128,4,3.033398,2.770526,1496
2845,tikki,2048,256,3,4.198029,3.934787,204
2846,oot,2048,64,14,1.152143,0.889273,11440
2847,oot,2048,256,11,1.742058,1.479269,204
2848,oot,2048,192,5,2.144981,1.882286,385
2849,empty,2048,128,10,1.446667,1.183841,1496
285,void,2048,192,11,1.289502,1.026871,385
2850,extrae,2048,128,4,3.036393,2.773188,1496
2851,printf,2048,64,6,2.296445,2.033866,11440
2852,extrae,2048,192,9,1.566716,1.297103,385
2853,extrae,2048,192,11,1.401279,1.131419,385
2854,scorep,2048,128,14,1.163746,0.900352,1496
2855,printf,2048,64,11,1.400785,1.138074,11440
2856,tikki,2048,192,4,2.630751,2.368002,385
2857,void,2048,128,10,1.449996,1.186813,1496
2858,tikki,2048,256,4,3.291178,3.028551,204
2859,empty,2048,64,9,1.624452,1.361627,11440
286,void,2048,256,5,2.761206,2.498221,204
2860,extrae,2048,256,3,4.210454,3.907450,204
2861,tikki,2048,128,13,1.262419,0.999935,1496
2862,extrae,2048,128,3,3.939289,3.675977,1496
2863,scorep,2048,128,10,1.459755,1.195735,1496
2864,oot,2048,256,5,2.758770,2.496050,204
2865,scorep,2048,128,11,1.363838,1.100420,1496
2866,scorep,2048,192,9,1.472514,1.208874,385
2867,printf,2048,192,3,3.278296,3.014782,385
2868,oot,2048,128,10,1.447180,1.183799,1496
2869,void,2048,192,6,1.898220,1.635466,385
287,extrae,2048,128,2,5.755808,5.492197,1496
2870,empty,2048,256,1,11.197563,10.934857,204
2871,extrae,2048,64,12,1.390844,1.121056,11440
2872,empty,2048,192,4,2.600416,2.337984,385
2873,printf,2048,192,6,1.900025,1.636713,385
2874,oot,2048,64,10,1.535479,1.272685,11440
2875,extrae,2048,128,11,1.422010,1.152714,1496
2876,extrae,2048,256,11,1.869696,1.599395,204
2877,scorep,2048,128,8,1.710037,1.446348,1496
2878,empty,2048,128,5,2.489419,2.226311,1496
2879,empty,2048,128,13,1.209995,0.946459,1496
288,scorep,2048,128,3,3.946404,3.683031,1496
2880,void,2048,256,8,2.103446,1.840218,204
2881,printf,2048,256,7,2.250597,1.987782,204
2882,scorep,2048,256,9,1.946363,1.682875,204
2883,scorep,2048,256,2,5.864772,5.601111,204
2884,empty,2048,128,4,3.038500,2.775830,1496
2885,tikki,2048,256,7,2.315117,2.051817,204
2886,empty,2048,256,8,2.096348,1.833443,204
2887,empty,2048,256,12,1.726342,1.460577,204
2888,extrae,2048,192,8,1.617613,1.354090,385
2889,scorep,2048,192,13,1.170138,0.906474,385
289,empty,2048,256,4,3.228695,2.962575,204
2890,tikki,2048,192,6,1.959833,1.696815,385
2891,oot,2048,64,3,4.320478,4.057182,11440
2892,extrae,2048,256,1,11.226484,10.948542,204
2893,printf,2048,128,10,1.448913,1.186068,1496
2894,printf,2048,192,10,1.376396,1.113675,385
2895,extrae,2048,64,10,1.579589,1.309756,11440
2896,oot,2048,256,3,4.165737,3.903220,204
2897,void,2048,192,12,1.235423,0.972219,385
2898,void,2048,128,2,5.759002,5.495692,1496
2899,extrae,2048,192,16,1.211304,0.941332,385
29,extrae,2048,256,8,2.133449,1.867729,204
290,extrae,2048,128,8,1.739702,1.475585,1496
2900,extrae,2048,64,3,4.333847,4.070963,11440
2901,empty,2048,192,2,4.742867,4.480452,385
2902,extrae,2048,192,3,3.295793,3.031783,385
2903,scorep,2048,256,7,2.234362,1.970830,204
2904,tikki,2048,128,8,1.753953,1.491302,1496
2905,oot,2048,64,16,1.050434,0.787378,11440
2906,printf,2048,192,16,1.065239,0.802528,385
2907,empty,2048,192,8,1.603286,1.340502,385
2908,tikki,2048,192,11,1.326107,1.063275,385
2909,oot,2048,64,12,1.319853,1.057052,11440
291,empty,2048,128,3,3.931292,3.668664,1496
2910,printf,2048,64,14,1.157144,0.894283,11440
2911,printf,2048,256,11,1.761288,1.498020,204
2912,oot,2048,192,11,1.283823,1.021040,385
2913,scorep,2048,64,10,1.527608,1.264155,11440
2914,void,2048,64,3,4.269642,4.006882,11440
2915,oot,2048,192,12,1.233974,0.970695,385
2916,empty,2048,64,2,6.300005,6.037296,11440
2917,tikki,2048,128,5,2.549999,2.287386,1496
2918,empty,2048,128,7,1.903279,1.640076,1496
2919,oot,2048,192,2,4.747623,4.484901,385
292,void,2048,64,13,1.212309,0.949586,11440
2920,empty,2048,128,14,1.153251,0.890552,1496
2921,empty,2048,128,2,5.738807,5.475839,1496
2922,tikki,2048,256,9,1.982745,1.719746,204
2923,printf,2048,256,14,1.585147,1.322058,204
2924,scorep,2048,256,6,2.509326,2.245674,204
2925,tikki,2048,256,14,1.632703,1.369859,204
2926,empty,2048,256,7,2.255195,1.992349,204
2927,oot,2048,192,4,2.598127,2.335436,385
2928,void,2048,128,12,1.265831,1.002571,1496
2929,empty,2048,64,16,1.040515,0.777771,11440
293,oot,2048,192,2,4.742260,4.479337,385
2930,extrae,2048,192,10,1.489368,1.219673,385
2931,void,2048,64,6,2.287301,2.024965,11440
2932,empty,2048,64,11,1.393874,1.130688,11440
2933,extrae,2048,128,16,1.176914,0.907090,1496
2934,tikki,2048,256,11,1.828347,1.565972,204
2935,tikki,2048,64,9,1.694380,1.431599,11440
2936,tikki,2048,192,1,8.972740,8.709985,385
2937,extrae,2048,256,2,5.876849,5.613465,204
2938,empty,2048,64,15,1.110329,0.836429,11440
2939,empty,2048,192,5,2.149492,1.886721,385
294,scorep,2048,64,11,1.419232,1.155685,11440
2940,extrae,2048,128,8,1.728722,1.465083,1496
2941,oot,2048,64,15,1.099108,0.836314,11440
2942,void,2048,256,13,1.626940,1.364158,204
2943,void,2048,256,3,4.173177,3.910267,204
2944,void,2048,256,9,1.934298,1.671467,204
2945,printf,2048,128,15,1.103953,0.840743,1496
2946,tikki,2048,64,13,1.276190,1.012937,11440
2947,scorep,2048,256,3,4.168798,3.905144,204
2948,scorep,2048,192,16,1.067180,0.803662,385
2949,void,2048,192,8,1.590310,1.327407,385
295,empty,2048,64,3,4.322579,4.059499,11440
2950,empty,2048,192,13,1.167971,0.905331,385
2951,printf,2048,256,4,3.260916,2.998051,204
2952,tikki,2048,64,12,1.355311,1.092530,11440
2953,extrae,2048,128,9,1.613195,1.343623,1496
2954,tikki,2048,192,13,1.207813,0.945373,385
2955,empty,2048,64,10,1.530481,1.267303,11440
2956,tikki,2048,128,14,1.202064,0.938968,1496
2957,printf,2048,128,11,1.352118,1.089118,1496
2958,extrae,2048,64,2,6.383981,6.120491,11440
2959,oot,2048,64,8,1.796428,1.533369,11440
296,oot,2048,128,1,11.088557,10.822296,1496
2960,empty,2048,256,3,4.175226,3.912529,204
2961,oot,2048,64,5,2.692639,2.429870,11440
2962,void,2048,128,11,1.353883,1.090742,1496
2963,oot,2048,256,13,1.622310,1.359722,204
2964,tikki,2048,256,13,1.664164,1.400723,204
2965,scorep,2048,192,6,1.903625,1.639960,385
2966,oot,2048,128,4,3.036149,2.773255,1496
2967,oot,2048,128,8,1.707912,1.444679,1496
2968,oot,2048,192,6,1.889332,1.625948,385
2969,extrae,2048,256,10,1.923092,1.653408,204
297,oot,2048,128,10,1.448819,1.186267,1496
2970,scorep,2048,192,14,1.135149,0.871519,385
2971,void,2048,128,8,1.702719,1.439778,1496
2972,tikki,2048,64,16,1.114032,0.851129,11440
2973,printf,2048,256,12,1.722584,1.459772,204
2974,scorep,2048,192,15,1.112209,0.848745,385
2975,scorep,2048,256,14,1.588295,1.324762,204
2976,oot,2048,256,2,5.873269,5.610646,204
2977,void,2048,64,9,1.629379,1.365811,11440
2978,oot,2048,128,13,1.204036,0.941020,1496
2979,printf,2048,64,7,2.020873,1.758029,11440
298,void,2048,256,3,4.173126,3.910077,204
2980,oot,2048,128,9,1.564176,1.301386,1496
2981,printf,2048,64,5,2.702750,2.439984,11440
2982,void,2048,192,11,1.294411,1.031608,385
2983,extrae,2048,192,7,1.728921,1.462857,385
2984,empty,2048,64,12,1.347434,1.084933,11440
2985,scorep,2048,64,4,3.300451,3.036708,11440
2986,void,2048,64,10,1.533685,1.270902,11440
2987,void,2048,64,1,12.016665,11.753975,11440
2988,tikki,2048,64,7,2.046549,1.783652,11440
2989,oot,2048,64,1,12.021941,11.759188,11440
299,printf,2048,128,12,1.266438,1.003223,1496
2990,void,2048,64,16,1.044904,0.782363,11440
2991,printf,2048,256,9,1.940704,1.678005,204
2992,printf,2048,64,10,1.545046,1.282285,11440
2993,extrae,2048,256,4,3.276367,3.013096,204
2994,tikki,2048,192,7,1.744528,1.481481,385
2995,tikki,2048,256,10,1.848288,1.585080,204
2996,scorep,2048,128,12,1.277305,1.013731,1496
2997,empty,2048,128,9,1.564047,1.301505,1496
2998,void,2048,64,2,6.260994,5.998067,11440
2999,scorep,2048,256,4,3.244214,2.980380,204
3,printf,2048,256,4,3.273248,3.010210,204
30,tikki,2048,256,10,1.857812,1.595213,204
300,tikki,2048,64,1,12.154625,11.891682,11440
3000,extrae,2048,64,5,2.728924,2.464841,11440
3001,printf,2048,192,15,1.104961,0.842442,385
3002,empty,2048,64,4,3.314134,3.051341,11440
3003,void,2048,192,2,4.694862,4.431889,385
3004,tikki,2048,192,15,1.181108,0.918333,385
3005,scorep,2048,128,5,2.516366,2.252949,1496
3006,empty,2048,256,15,1.567615,1.304748,204
3007,tikki,2048,192,3,3.316809,3.053961,385
3008,empty,2048,64,5,2.696628,2.433792,11440
3009,void,2048,192,4,2.599849,2.337191,385
301,printf,2048,192,7,1.699867,1.437229,385
3010,oot,2048,128,2,5.744692,5.481175,1496
3011,empty,2048,256,10,1.806989,1.544105,204
3012,tikki,2048,64,6,2.342699,2.079776,11440
3013,scorep,2048,64,13,1.221480,0.957652,11440
3014,extrae,2048,64,16,1.182819,0.912181,11440
3015,oot,2048,128,1,11.087475,10.825075,1496
3016,extrae,2048,256,6,2.520267,2.256402,204
3017,empty,2048,256,5,2.761749,2.499284,204
3018,oot,2048,192,8,1.596707,1.333627,385
3019,empty,2048,64,1,12.015398,11.752577,11440
302,empty,2048,256,5,2.765867,2.502434,204
3020,oot,2048,128,5,2.492840,2.229953,1496
3021,extrae,2048,256,13,1.739031,1.469073,204
3022,extrae,2048,64,13,1.328217,1.058519,11440
3023,oot,2048,192,15,1.110766,0.847498,385
3024,extrae,2048,128,5,2.511100,2.247406,1496
3025,oot,2048,256,1,11.196604,10.934110,204
3026,oot,2048,192,1,9.020918,8.758469,385
3027,oot,2048,128,14,1.153508,0.890948,1496
3028,printf,2048,64,4,3.341477,3.078646,11440
3029,extrae,2048,256,8,2.124108,1.860157,204
303,scorep,2048,256,4,3.272724,3.009400,204
3030,oot,2048,256,12,1.716053,1.453113,204
3031,empty,2048,64,8,1.790796,1.528118,11440
3032,scorep,2048,128,7,1.908582,1.644698,1496
3033,scorep,2048,64,5,2.702902,2.439359,11440
3034,printf,2048,128,8,1.702273,1.439172,1496
3035,scorep,2048,64,11,1.449468,1.185925,11440
3036,tikki,2048,128,7,1.957577,1.694525,1496
3037,tikki,2048,128,16,1.201811,0.851666,1496
3038,printf,2048,192,9,1.472710,1.209839,385
3039,void,2048,192,9,1.470702,1.207420,385
304,tikki,2048,128,3,4.006570,3.743761,1496
3040,oot,2048,256,14,1.583619,1.320953,204
3041,printf,2048,192,12,1.238369,0.974826,385
3042,empty,2048,128,1,11.067834,10.805158,1496
3043,void,2048,64,5,2.673011,2.409890,11440
3044,printf,2048,192,1,9.000055,8.737270,385
3045,scorep,2048,192,7,1.712184,1.448593,385
3046,tikki,2048,192,8,1.642180,1.379317,385
3047,scorep,2048,128,6,2.160877,1.897516,1496
3048,empty,2048,256,16,1.544551,1.281765,204
3049,scorep,2048,64,16,1.061861,0.798277,11440
305,oot,2048,128,9,1.554432,1.291585,1496
3050,void,2048,192,15,1.117836,0.855204,385
3051,oot,2048,256,9,1.949997,1.686700,204
3052,void,2048,256,6,2.515392,2.251813,204
3053,tikki,2048,192,14,1.205656,0.942824,385
3054,empty,2048,256,14,1.585136,1.322378,204
3055,void,2048,192,3,3.305793,3.042435,385
3056,printf,2048,192,8,1.600722,1.337882,385
3057,tikki,2048,64,2,6.349497,6.086617,11440
3058,extrae,2048,192,1,9.019266,8.755954,385
3059,extrae,2048,128,7,1.925367,1.661836,1496
306,scorep,2048,64,16,1.059782,0.796374,11440
3060,oot,2048,64,4,3.278244,3.015791,11440
3061,void,2048,256,11,1.767356,1.504221,204
3062,extrae,2048,192,2,4.713301,4.449819,385
3063,tikki,2048,64,4,3.357913,3.094847,11440
3064,empty,2048,64,13,1.210766,0.948004,11440
3065,empty,2048,256,4,3.308599,3.045729,204
3066,void,2048,128,7,1.901163,1.638367,1496
3067,tikki,2048,128,2,5.753087,5.490036,1496
3068,oot,2048,256,16,1.542700,1.279944,204
3069,oot,2048,64,6,2.287938,2.025203,11440
307,printf,2048,256,12,1.692650,1.430009,204
3070,scorep,2048,64,7,2.016716,1.753100,11440
3071,scorep,2048,256,1,11.207086,10.943250,204
3072,void,2048,256,14,1.592717,1.330274,204
3073,void,2048,192,14,1.111185,0.848466,385
3074,void,2048,128,6,2.253269,1.893759,1496
3075,extrae,2048,64,11,1.478218,1.208106,11440
3076,printf,2048,128,16,1.052453,0.789683,1496
3077,printf,2048,128,13,1.206682,0.943965,1496
3078,void,2048,192,1,8.992979,8.730078,385
3079,printf,2048,256,1,11.171466,10.909049,204
308,scorep,2048,256,2,5.867970,5.604504,204
3080,printf,2048,192,14,1.118604,0.856272,385
3081,empty,2048,64,14,1.146674,0.883336,11440
3082,printf,2048,256,6,2.514584,2.251377,204
3083,extrae,2048,192,4,2.599848,2.336652,385
3084,extrae,2048,64,14,1.267113,0.997632,11440
3085,empty,2048,256,11,1.763768,1.501347,204
3086,extrae,2048,256,15,1.720461,1.450524,204
3087,oot,2048,256,10,1.804467,1.541960,204
3088,printf,2048,64,9,1.671538,1.408671,11440
3089,printf,2048,64,12,1.361340,1.098634,11440
309,extrae,2048,64,1,12.065172,11.802102,11440
3090,void,2048,256,10,1.807036,1.544230,204
3091,tikki,2048,256,8,2.150142,1.886792,204
3092,empty,2048,192,14,1.127538,0.864508,385
3093,empty,2048,64,7,2.010824,1.747527,11440
3094,empty,2048,192,16,1.061598,0.798820,385
3095,printf,2048,256,13,1.627515,1.364705,204
3096,printf,2048,192,7,1.701214,1.438463,385
3097,void,2048,256,2,5.880177,5.617408,204
3098,printf,2048,64,2,6.329230,6.066414,11440
3099,extrae,2048,192,5,2.188437,1.924417,385
31,empty,2048,192,5,2.153245,1.890338,385
310,scorep,2048,256,8,2.088962,1.824976,204
3100,tikki,2048,128,15,1.162043,0.898992,1496
3101,scorep,2048,192,3,3.320501,3.056821,385
3102,scorep,2048,64,15,1.104828,0.841191,11440
3103,extrae,2048,64,6,2.331563,2.068291,11440
3104,empty,2048,192,11,1.298414,1.035910,385
3105,tikki,2048,64,3,4.343791,4.081011,11440
3106,void,2048,192,13,1.165106,0.902310,385
3107,printf,2048,256,2,5.891004,5.628277,204
3108,oot,2048,256,6,2.512908,2.250024,204
3109,scorep,2048,64,14,1.168832,0.905237,11440
311,scorep,2048,128,11,1.366611,1.102769,1496
3110,printf,2048,128,14,1.159742,0.896679,1496
3111,scorep,2048,192,1,9.012600,8.749021,385
3112,printf,2048,128,6,2.155963,1.892898,1496
3113,scorep,2048,256,13,1.628591,1.365253,204
3114,empty,2048,128,12,1.263790,1.000670,1496
3115,scorep,2048,64,1,12.046812,11.783301,11440
3116,void,2048,192,16,1.073439,0.810964,385
3117,empty,2048,192,7,1.695702,1.432896,385
3118,printf,2048,192,13,1.164624,0.901830,385
3119,empty,2048,192,3,3.302056,3.039199,385
312,void,2048,64,5,2.682547,2.419797,11440
3120,printf,2048,128,5,2.502076,2.239412,1496
3121,tikki,2048,256,16,1.577554,1.314702,204
3122,scorep,2048,128,2,5.740916,5.476988,1496
3123,extrae,2048,128,6,2.171127,1.907245,1496
3124,tikki,2048,192,16,1.106362,0.843437,385
3125,scorep,2048,192,8,1.600192,1.336569,385
3126,printf,2048,64,16,1.056508,0.793233,11440
3127,oot,2048,64,13,1.221222,0.958348,11440
3128,oot,2048,64,2,6.328109,6.065389,11440
3129,tikki,2048,192,12,1.293591,1.030911,385
313,extrae,2048,256,15,1.691740,1.421760,204
3130,extrae,2048,64,4,3.327683,3.064527,11440
3131,scorep,2048,192,4,2.600415,2.336757,385
3132,oot,2048,192,9,1.467445,1.204748,385
3133,empty,2048,192,6,1.901853,1.639058,385
3134,tikki,2048,128,9,1.613131,1.350535,1496
3135,printf,2048,256,8,2.103046,1.840295,204
3136,printf,2048,64,13,1.219176,0.956368,11440
3137,scorep,2048,64,11,1.404232,1.140353,11440
3138,printf,2048,192,14,1.149305,0.886126,385
3139,extrae,2048,64,11,1.486706,1.216905,11440
314,extrae,2048,128,14,1.252773,0.983099,1496
3140,tikki,2048,256,16,1.596029,1.333633,204
3141,void,2048,192,15,1.082618,0.819912,385
3142,empty,2048,192,4,2.603914,2.341073,385
3143,extrae,2048,256,15,1.720396,1.450781,204
3144,scorep,2048,256,4,3.263062,2.999376,204
3145,empty,2048,256,9,1.943946,1.680556,204
3146,oot,2048,64,9,1.663188,1.400448,11440
3147,tikki,2048,192,16,1.139468,0.876811,385
3148,printf,2048,256,6,2.513244,2.250344,204
3149,tikki,2048,256,6,2.558049,2.295192,204
315,empty,2048,64,12,1.309821,1.047235,11440
3150,empty,2048,128,15,1.094328,0.831348,1496
3151,printf,2048,256,14,1.581606,1.318884,204
3152,oot,2048,256,12,1.687153,1.423942,204
3153,scorep,2048,128,1,11.096077,10.832626,1496
3154,extrae,2048,192,10,1.491257,1.221549,385
3155,empty,2048,192,14,1.152040,0.889441,385
3156,extrae,2048,64,8,1.843121,1.579625,11440
3157,empty,2048,128,12,1.268369,1.005709,1496
3158,empty,2048,128,11,1.350212,1.086496,1496
3159,void,2048,64,11,1.387800,1.124607,11440
316,void,2048,128,4,3.028310,2.765129,1496
3160,tikki,2048,128,15,1.146896,0.883580,1496
3161,scorep,2048,64,15,1.108376,0.844761,11440
3162,scorep,2048,128,13,1.206907,0.943254,1496
3163,void,2048,128,12,1.265811,1.002920,1496
3164,extrae,2048,128,2,5.771525,5.507563,1496
3165,void,2048,192,5,2.142071,1.879583,385
3166,printf,2048,192,5,2.260249,1.911976,385
3167,printf,2048,128,13,1.207830,0.945181,1496
3168,oot,2048,192,3,3.282252,3.019342,385
3169,tikki,2048,256,13,1.668007,1.405043,204
317,void,2048,128,14,1.155344,0.892005,1496
3170,scorep,2048,128,9,1.573566,1.310085,1496
3171,oot,2048,192,15,1.116897,0.854263,385
3172,void,2048,192,3,3.267390,3.004426,385
3173,printf,2048,64,11,1.402355,1.139509,11440
3174,printf,2048,128,2,5.731387,5.468686,1496
3175,void,2048,64,7,1.999013,1.736126,11440
3176,void,2048,64,14,1.150703,0.887871,11440
3177,scorep,2048,192,13,1.166930,0.903400,385
3178,extrae,2048,128,12,1.344793,1.075022,1496
3179,empty,2048,128,1,11.133844,10.871214,1496
318,empty,2048,64,14,1.146551,0.883794,11440
3180,empty,2048,192,8,1.593728,1.330822,385
3181,extrae,2048,192,9,1.565773,1.295774,385
3182,tikki,2048,128,8,1.770221,1.507822,1496
3183,oot,2048,64,16,1.052741,0.789994,11440
3184,tikki,2048,256,14,1.631147,1.368448,204
3185,scorep,2048,64,1,12.035874,11.772457,11440
3186,scorep,2048,64,2,6.341948,6.078363,11440
3187,scorep,2048,192,1,9.013300,8.749640,385
3188,printf,2048,128,16,1.054980,0.791181,1496
3189,void,2048,256,14,1.590012,1.327284,204
319,extrae,2048,64,14,1.264088,0.994562,11440
3190,extrae,2048,64,3,4.337050,4.073574,11440
3191,extrae,2048,192,14,1.280129,1.010541,385
3192,printf,2048,64,15,1.097601,0.835113,11440
3193,printf,2048,128,14,1.163908,0.901243,1496
3194,oot,2048,128,2,5.752163,5.488769,1496
3195,printf,2048,64,14,1.163686,0.900905,11440
3196,empty,2048,256,5,2.758837,2.495436,204
3197,scorep,2048,256,13,1.623455,1.359825,204
3198,empty,2048,64,13,1.212393,0.949385,11440
3199,empty,2048,256,13,1.621936,1.359205,204
32,tikki,2048,256,15,1.610685,1.347925,204
320,oot,2048,64,10,1.534865,1.272497,11440
3200,printf,2048,128,10,1.450552,1.187937,1496
3201,scorep,2048,256,2,5.867328,5.604068,204
3202,empty,2048,256,15,1.582890,1.320200,204
3203,scorep,2048,64,16,1.060875,0.797258,11440
3204,tikki,2048,256,12,1.770777,1.508097,204
3205,scorep,2048,192,2,4.758493,4.495150,385
3206,extrae,2048,256,4,3.240239,2.976890,204
3207,empty,2048,128,3,3.946757,3.683780,1496
3208,tikki,2048,256,7,2.292443,2.029436,204
3209,tikki,2048,64,9,1.728021,1.465120,11440
321,void,2048,64,3,4.285163,4.022300,11440
3210,extrae,2048,128,3,3.938228,3.674264,1496
3211,extrae,2048,192,2,4.724753,4.461330,385
3212,empty,2048,128,14,1.157209,0.894037,1496
3213,printf,2048,192,3,3.314747,3.051319,385
3214,extrae,2048,64,5,2.732339,2.468777,11440
3215,oot,2048,256,4,3.274930,3.011935,204
3216,tikki,2048,192,14,1.202029,0.939245,385
3217,printf,2048,192,15,1.115421,0.852730,385
3218,empty,2048,192,16,1.053129,0.789904,385
3219,scorep,2048,128,14,1.158723,0.895020,1496
322,oot,2048,128,8,1.693656,1.430703,1496
3220,void,2048,192,7,1.697708,1.434690,385
3221,empty,2048,128,9,1.559560,1.296723,1496
3222,scorep,2048,128,2,5.748634,5.485310,1496
3223,tikki,2048,256,3,4.140834,3.878012,204
3224,scorep,2048,192,7,1.786893,1.438218,385
3225,void,2048,64,1,12.017166,11.753832,11440
3226,empty,2048,192,12,1.248253,0.985859,385
3227,void,2048,256,1,11.192263,10.929048,204
3228,printf,2048,192,12,1.322384,0.971451,385
3229,tikki,2048,128,4,3.058700,2.795839,1496
323,void,2048,64,4,3.326051,3.023778,11440
3230,tikki,2048,192,8,1.644081,1.381282,385
3231,tikki,2048,192,3,3.337815,3.074848,385
3232,oot,2048,128,7,1.903566,1.640162,1496
3233,scorep,2048,192,16,1.065874,0.802295,385
3234,empty,2048,64,12,1.313537,1.050831,11440
3235,tikki,2048,128,13,1.272364,1.009518,1496
3236,void,2048,192,10,1.380706,1.117779,385
3237,printf,2048,64,7,2.039414,1.776396,11440
3238,void,2048,256,8,2.098531,1.835383,204
3239,tikki,2048,128,1,11.098169,10.835346,1496
324,scorep,2048,192,4,2.603452,2.339886,385
3240,tikki,2048,128,14,1.196282,0.933161,1496
3241,tikki,2048,192,11,1.342467,1.079256,385
3242,oot,2048,128,6,2.158889,1.895727,1496
3243,scorep,2048,128,7,1.910004,1.646357,1496
3244,scorep,2048,64,7,2.049267,1.785490,11440
3245,scorep,2048,192,9,1.468696,1.205113,385
3246,printf,2048,256,8,2.105423,1.842442,204
3247,oot,2048,128,5,2.507492,2.244185,1496
3248,empty,2048,128,13,1.207818,0.944446,1496
3249,extrae,2048,64,4,3.364077,3.061979,11440
325,tikki,2048,64,11,1.433567,1.170860,11440
3250,void,2048,128,8,1.693290,1.430370,1496
3251,scorep,2048,256,16,1.544347,1.280628,204
3252,empty,2048,64,4,3.281285,3.018607,11440
3253,scorep,2048,128,16,1.052841,0.789070,1496
3254,tikki,2048,192,15,1.156484,0.893850,385
3255,scorep,2048,192,3,3.316287,3.052739,385
3256,printf,2048,192,6,1.899353,1.636491,385
3257,extrae,2048,64,9,1.713430,1.443659,11440
3258,printf,2048,192,13,1.165485,0.902676,385
3259,empty,2048,192,9,1.468154,1.204964,385
326,tikki,2048,64,13,1.268592,1.005740,11440
3260,void,2048,128,6,2.250033,1.899657,1496
3261,void,2048,256,7,2.250964,1.987611,204
3262,empty,2048,256,1,11.191773,10.928531,204
3263,empty,2048,256,8,2.103557,1.840950,204
3264,oot,2048,64,12,1.342854,1.080121,11440
3265,scorep,2048,64,4,3.307449,3.043747,11440
3266,void,2048,64,16,1.043292,0.780373,11440
3267,oot,2048,64,10,1.537888,1.275102,11440
3268,void,2048,128,11,1.345267,1.082538,1496
3269,void,2048,64,13,1.211219,0.948432,11440
327,printf,2048,256,14,1.575743,1.312424,204
3270,scorep,2048,128,6,2.152930,1.889405,1496
3271,printf,2048,64,13,1.219047,0.956379,11440
3272,tikki,2048,128,2,5.777721,5.514869,1496
3273,oot,2048,64,14,1.153549,0.890306,11440
3274,extrae,2048,256,8,2.119753,1.856236,204
3275,oot,2048,256,2,5.877938,5.615053,204
3276,oot,2048,64,11,1.398302,1.135670,11440
3277,tikki,2048,64,1,12.150694,11.887221,11440
3278,void,2048,256,4,3.271009,3.008447,204
3279,scorep,2048,64,6,2.315394,2.051882,11440
328,void,2048,128,6,2.154218,1.891418,1496
3280,scorep,2048,64,10,1.519609,1.255906,11440
3281,oot,2048,192,1,9.008460,8.745515,385
3282,oot,2048,192,4,2.598106,2.335663,385
3283,tikki,2048,64,3,4.341098,4.078341,11440
3284,oot,2048,256,9,1.939121,1.676331,204
3285,empty,2048,256,4,3.270674,3.008061,204
3286,printf,2048,64,3,4.353891,4.091189,11440
3287,empty,2048,128,5,2.504397,2.241757,1496
3288,oot,2048,128,11,1.355164,1.092263,1496
3289,oot,2048,128,14,1.152191,0.889512,1496
329,scorep,2048,256,6,2.505018,2.241085,204
3290,empty,2048,128,10,1.448614,1.182827,1496
3291,scorep,2048,64,5,2.703579,2.440066,11440
3292,printf,2048,128,7,1.912342,1.649764,1496
3293,oot,2048,256,15,1.560245,1.297302,204
3294,void,2048,64,12,1.349536,1.086915,11440
3295,empty,2048,64,16,1.044495,0.781806,11440
3296,void,2048,256,5,2.760729,2.497772,204
3297,scorep,2048,64,12,1.316615,1.053034,11440
3298,void,2048,64,6,2.285725,2.023151,11440
3299,tikki,2048,256,11,1.796010,1.533184,204
33,tikki,2048,256,4,3.304827,3.042027,204
330,tikki,2048,192,1,9.009592,8.746434,385
3300,tikki,2048,64,16,1.116462,0.852800,11440
3301,oot,2048,256,1,11.191947,10.929251,204
3302,printf,2048,192,1,8.981434,8.718927,385
3303,void,2048,192,8,1.597364,1.334828,385
3304,empty,2048,64,14,1.154383,0.891234,11440
3305,tikki,2048,64,12,1.397361,1.134343,11440
3306,empty,2048,64,8,1.818938,1.555888,11440
3307,oot,2048,256,8,2.099490,1.836788,204
3308,tikki,2048,64,6,2.372798,2.109633,11440
3309,printf,2048,128,15,1.101590,0.838876,1496
331,void,2048,64,12,1.301199,1.038596,11440
3310,empty,2048,192,7,1.703086,1.439790,385
3311,empty,2048,192,6,1.891524,1.628429,385
3312,extrae,2048,128,1,11.098729,10.835620,1496
3313,extrae,2048,64,13,1.330222,1.060759,11440
3314,tikki,2048,64,10,1.541934,1.279366,11440
3315,printf,2048,256,11,1.762716,1.499825,204
3316,void,2048,192,12,1.241003,0.978221,385
3317,printf,2048,256,12,1.724793,1.462081,204
3318,printf,2048,128,11,1.356246,1.093270,1496
3319,extrae,2048,256,9,2.043557,1.770263,204
332,extrae,2048,64,16,1.187779,0.917947,11440
3320,printf,2048,64,16,1.053263,0.790776,11440
3321,oot,2048,192,6,1.897431,1.634166,385
3322,scorep,2048,64,8,1.801092,1.537809,11440
3323,printf,2048,64,2,6.320993,6.058196,11440
3324,tikki,2048,192,5,2.188113,1.925193,385
3325,tikki,2048,128,6,2.193593,1.930792,1496
3326,oot,2048,64,1,12.020477,11.757270,11440
3327,tikki,2048,128,7,1.951864,1.689502,1496
3328,scorep,2048,192,10,1.381921,1.118337,385
3329,printf,2048,128,8,1.716588,1.453572,1496
333,printf,2048,192,2,4.708901,4.446440,385
3330,tikki,2048,192,13,1.235043,0.972364,385
3331,extrae,2048,256,3,4.159827,3.895806,204
3332,scorep,2048,256,3,4.168571,3.905142,204
3333,empty,2048,64,2,6.296586,6.033444,11440
3334,void,2048,64,4,3.275881,3.013121,11440
3335,extrae,2048,128,15,1.192673,0.923283,1496
3336,empty,2048,64,6,2.309144,2.046679,11440
3337,void,2048,128,7,1.907144,1.644324,1496
3338,void,2048,256,13,1.660739,1.359128,204
3339,printf,2048,256,7,2.254750,1.991564,204
334,extrae,2048,64,15,1.218198,0.948537,11440
3340,tikki,2048,192,12,1.296820,1.033972,385
3341,extrae,2048,192,12,1.348358,1.078935,385
3342,void,2048,192,9,1.471703,1.209364,385
3343,printf,2048,64,10,1.544600,1.281378,11440
3344,extrae,2048,64,10,1.577881,1.307928,11440
3345,tikki,2048,256,15,1.629429,1.366543,204
3346,void,2048,256,10,1.805542,1.542863,204
3347,oot,2048,192,7,1.703756,1.440931,385
3348,extrae,2048,256,7,2.275582,2.012422,204
3349,tikki,2048,256,10,1.862694,1.600144,204
335,printf,2048,256,1,11.177127,10.914675,204
3350,void,2048,256,3,4.173062,3.910216,204
3351,void,2048,192,13,1.165124,0.902294,385
3352,empty,2048,256,11,1.757150,1.494310,204
3353,extrae,2048,128,4,3.038848,2.775625,1496
3354,extrae,2048,256,13,1.741863,1.472269,204
3355,oot,2048,64,2,6.288035,6.025134,11440
3356,printf,2048,192,16,1.053788,0.791062,385
3357,printf,2048,128,9,1.565798,1.303128,1496
3358,oot,2048,192,2,4.718917,4.456167,385
3359,oot,2048,64,6,2.285513,2.022560,11440
336,oot,2048,128,14,1.156230,0.893679,1496
3360,oot,2048,128,3,3.932697,3.669851,1496
3361,void,2048,256,15,1.570300,1.307381,204
3362,oot,2048,256,13,1.620884,1.357865,204
3363,tikki,2048,256,2,5.906067,5.643338,204
3364,empty,2048,128,4,3.038699,2.775941,1496
3365,void,2048,128,3,3.939076,3.676365,1496
3366,printf,2048,256,13,1.630669,1.367870,204
3367,empty,2048,64,9,1.657777,1.395026,11440
3368,extrae,2048,128,9,1.622228,1.352312,1496
3369,printf,2048,128,12,1.267336,1.004695,1496
337,scorep,2048,128,14,1.159410,0.895940,1496
3370,void,2048,64,2,6.282275,6.018900,11440
3371,empty,2048,64,10,1.530380,1.267371,11440
3372,scorep,2048,256,5,2.771062,2.507410,204
3373,printf,2048,256,5,2.767653,2.504293,204
3374,void,2048,192,2,4.719421,4.455879,385
3375,oot,2048,128,13,1.204854,0.941391,1496
3376,oot,2048,192,9,1.473340,1.210535,385
3377,oot,2048,192,12,1.232690,0.970014,385
3378,scorep,2048,256,11,1.761721,1.498157,204
3379,printf,2048,64,6,2.329956,2.067250,11440
338,empty,2048,256,7,2.247311,1.984748,204
3380,extrae,2048,256,16,1.700023,1.430515,204
3381,extrae,2048,192,6,1.917290,1.653421,385
3382,scorep,2048,256,10,1.805686,1.542301,204
3383,tikki,2048,192,10,1.423698,1.160850,385
3384,void,2048,128,9,1.568614,1.305901,1496
3385,oot,2048,256,5,2.756005,2.493098,204
3386,printf,2048,256,10,1.808686,1.545861,204
3387,tikki,2048,64,4,3.343983,3.081208,11440
3388,extrae,2048,192,7,1.725410,1.462320,385
3389,void,2048,64,3,4.272674,4.010136,11440
339,oot,2048,128,13,1.206558,0.943868,1496
3390,tikki,2048,64,5,2.748439,2.485274,11440
3391,oot,2048,256,14,1.578947,1.316077,204
3392,tikki,2048,64,2,6.392476,6.129692,11440
3393,oot,2048,64,5,2.689050,2.425832,11440
3394,void,2048,192,16,1.071424,0.796660,385
3395,tikki,2048,128,12,1.318036,1.054980,1496
3396,oot,2048,256,3,4.168890,3.905427,204
3397,scorep,2048,256,15,1.577695,1.314075,204
3398,extrae,2048,192,11,1.393681,1.123944,385
3399,oot,2048,128,8,1.705233,1.442220,1496
34,empty,2048,192,12,1.233131,0.970397,385
340,oot,2048,128,4,3.040146,2.777332,1496
3400,extrae,2048,256,10,1.919504,1.649696,204
3401,empty,2048,256,3,4.170225,3.907639,204
3402,printf,2048,192,4,2.605846,2.342903,385
3403,oot,2048,128,15,1.102002,0.836236,1496
3404,scorep,2048,64,3,4.303219,4.039694,11440
3405,void,2048,128,5,2.495834,2.233092,1496
3406,extrae,2048,64,7,2.068054,1.804473,11440
3407,void,2048,192,14,1.162117,0.899563,385
3408,extrae,2048,128,6,2.174612,1.910721,1496
3409,printf,2048,256,4,3.248284,2.985721,204
341,empty,2048,256,6,2.510496,2.247423,204
3410,empty,2048,64,5,2.677143,2.413483,11440
3411,oot,2048,192,8,1.595644,1.332354,385
3412,tikki,2048,256,1,11.140904,10.877691,204
3413,oot,2048,64,4,3.321987,3.059472,11440
3414,scorep,2048,192,15,1.114067,0.850329,385
3415,empty,2048,128,6,2.153649,1.891016,1496
3416,extrae,2048,128,11,1.400403,1.130728,1496
3417,void,2048,64,9,1.625083,1.362301,11440
3418,scorep,2048,128,3,3.938930,3.675240,1496
3419,empty,2048,128,8,1.708256,1.445002,1496
342,empty,2048,128,1,11.069303,10.806065,1496
3420,empty,2048,256,6,2.507169,2.244349,204
3421,tikki,2048,256,4,3.284415,3.021831,204
3422,scorep,2048,128,10,1.458104,1.194747,1496
3423,empty,2048,256,7,2.252027,1.989261,204
3424,extrae,2048,128,7,1.920645,1.656846,1496
3425,extrae,2048,256,2,5.877154,5.613661,204
3426,printf,2048,256,15,1.555036,1.292464,204
3427,extrae,2048,192,1,8.995170,8.732052,385
3428,tikki,2048,64,15,1.158274,0.894955,11440
3429,printf,2048,256,16,1.543179,1.280190,204
343,printf,2048,192,11,1.287818,1.025294,385
3430,printf,2048,64,4,3.343766,3.080346,11440
3431,scorep,2048,256,8,2.098871,1.835233,204
3432,oot,2048,192,10,1.374301,1.110668,385
3433,tikki,2048,256,9,1.984917,1.721752,204
3434,empty,2048,256,16,1.543769,1.280918,204
3435,tikki,2048,192,6,1.959894,1.696402,385
3436,printf,2048,192,10,1.374590,1.110860,385
3437,scorep,2048,64,9,1.641941,1.378462,11440
3438,oot,2048,192,14,1.112961,0.849662,385
3439,scorep,2048,128,5,2.507941,2.244376,1496
344,printf,2048,64,12,1.414165,1.065632,11440
3440,tikki,2048,192,4,2.655236,2.392377,385
3441,oot,2048,128,4,3.046268,2.783524,1496
3442,oot,2048,128,9,1.562394,1.299654,1496
3443,oot,2048,256,16,1.541790,1.279107,204
3444,oot,2048,256,10,1.808434,1.545681,204
3445,oot,2048,192,16,1.079318,0.816501,385
3446,printf,2048,64,9,1.639030,1.375744,11440
3447,empty,2048,192,3,3.270209,3.006957,385
3448,extrae,2048,64,16,1.200572,0.931172,11440
3449,empty,2048,192,2,4.755886,4.492853,385
345,oot,2048,64,16,1.050451,0.787234,11440
3450,empty,2048,192,10,1.378607,1.115911,385
3451,tikki,2048,64,11,1.475595,1.212828,11440
3452,void,2048,256,16,1.540100,1.277474,204
3453,printf,2048,64,12,1.315715,1.052947,11440
3454,tikki,2048,128,3,4.011635,3.748399,1496
3455,empty,2048,192,11,1.289854,1.026826,385
3456,void,2048,128,16,1.052092,0.789406,1496
3457,void,2048,64,10,1.497020,1.233702,11440
3458,tikki,2048,128,9,1.627698,1.364855,1496
3459,empty,2048,256,12,1.721899,1.459219,204
346,scorep,2048,64,1,12.044587,11.781074,11440
3460,scorep,2048,192,5,2.151371,1.887865,385
3461,oot,2048,64,8,1.797604,1.534878,11440
3462,empty,2048,192,13,1.181323,0.918502,385
3463,void,2048,256,2,5.883848,5.621054,204
3464,printf,2048,256,9,1.987001,1.723761,204
3465,empty,2048,128,16,1.044857,0.782163,1496
3466,extrae,2048,64,1,12.061007,11.797755,11440
3467,void,2048,192,11,1.287820,1.025259,385
3468,extrae,2048,256,1,11.207186,10.944020,204
3469,extrae,2048,128,8,1.730890,1.467439,1496
347,scorep,2048,128,4,3.040659,2.776900,1496
3470,scorep,2048,128,15,1.099001,0.835566,1496
3471,tikki,2048,192,1,8.953135,8.690632,385
3472,oot,2048,64,15,1.092047,0.829658,11440
3473,tikki,2048,64,8,1.877420,1.614565,11440
3474,oot,2048,192,11,1.285269,1.022588,385
3475,printf,2048,128,3,3.938173,3.675057,1496
3476,oot,2048,128,12,1.264592,1.001851,1496
3477,tikki,2048,128,10,1.493627,1.230914,1496
3478,oot,2048,128,16,1.045521,0.782122,1496
3479,tikki,2048,64,7,2.075128,1.801167,11440
348,tikki,2048,256,16,1.605368,1.342503,204
3480,void,2048,128,14,1.161959,0.899239,1496
3481,empty,2048,192,15,1.112646,0.849712,385
3482,oot,2048,64,13,1.218325,0.955588,11440
3483,scorep,2048,64,13,1.227219,0.963505,11440
3484,void,2048,128,15,1.096416,0.833558,1496
3485,tikki,2048,128,16,1.104482,0.841007,1496
3486,printf,2048,128,6,2.163029,1.900132,1496
3487,printf,2048,192,9,1.467534,1.204683,385
3488,scorep,2048,256,9,1.933934,1.670599,204
3489,extrae,2048,192,15,1.244201,0.974091,385
349,tikki,2048,192,6,1.949877,1.687090,385
3490,printf,2048,128,1,11.086050,10.823278,1496
3491,tikki,2048,64,13,1.260234,0.997622,11440
3492,empty,2048,64,7,2.000548,1.737916,11440
3493,tikki,2048,128,5,2.564684,2.301943,1496
3494,extrae,2048,64,6,2.325132,2.061304,11440
3495,extrae,2048,192,3,3.308635,3.044653,385
3496,empty,2048,256,10,1.805838,1.543437,204
3497,void,2048,64,5,2.685635,2.422682,11440
3498,scorep,2048,256,14,1.666282,1.317643,204
3499,extrae,2048,192,5,2.184417,1.920410,385
35,tikki,2048,128,7,1.951999,1.688740,1496
350,oot,2048,128,12,1.269553,1.006326,1496
3500,tikki,2048,256,5,2.812973,2.550389,204
3501,printf,2048,192,11,1.288087,1.025394,385
3502,printf,2048,256,2,5.891107,5.627635,204
3503,extrae,2048,256,12,1.796592,1.533532,204
3504,tikki,2048,128,11,1.409980,1.147006,1496
3505,void,2048,256,6,2.507927,2.244679,204
3506,tikki,2048,192,7,1.745481,1.482715,385
3507,void,2048,192,6,1.894650,1.631717,385
3508,extrae,2048,64,2,6.361549,6.098060,11440
3509,oot,2048,64,7,2.023422,1.760829,11440
351,scorep,2048,256,11,1.759336,1.495899,204
3510,empty,2048,256,2,5.886101,5.623448,204
3511,extrae,2048,192,4,2.599861,2.336451,385
3512,printf,2048,128,5,2.499115,2.236068,1496
3513,printf,2048,64,8,1.831877,1.568590,11440
3514,scorep,2048,128,4,3.038220,2.774509,1496
3515,scorep,2048,128,12,1.271846,1.008076,1496
3516,empty,2048,192,5,2.153063,1.890039,385
3517,extrae,2048,192,8,1.621564,1.357990,385
3518,oot,2048,128,10,1.447266,1.184813,1496
3519,oot,2048,64,3,4.285860,4.023122,11440
352,extrae,2048,128,6,2.161938,1.898004,1496
3520,extrae,2048,256,5,2.772597,2.509030,204
3521,printf,2048,64,5,2.716324,2.453924,11440
3522,void,2048,64,8,1.805274,1.542217,11440
3523,extrae,2048,128,10,1.511173,1.241404,1496
3524,extrae,2048,128,16,1.178234,0.908638,1496
3525,oot,2048,192,5,2.171381,1.908826,385
3526,printf,2048,192,8,1.598134,1.335197,385
3527,empty,2048,64,1,12.014542,11.751436,11440
3528,scorep,2048,192,6,1.905170,1.641516,385
3529,empty,2048,128,2,5.739258,5.476642,1496
353,void,2048,192,3,3.303486,3.040987,385
3530,empty,2048,64,15,1.089520,0.826479,11440
3531,extrae,2048,256,14,1.702651,1.432900,204
3532,void,2048,192,1,8.994807,8.731843,385
3533,extrae,2048,128,14,1.247903,0.978206,1496
3534,scorep,2048,192,14,1.130012,0.866515,385
3535,extrae,2048,256,6,2.529914,2.265949,204
3536,scorep,2048,192,12,1.239785,0.976165,385
3537,oot,2048,256,7,2.255702,1.992799,204
3538,extrae,2048,64,14,1.260293,0.990583,11440
3539,void,2048,64,15,1.093245,0.830679,11440
354,oot,2048,128,5,2.492801,2.229502,1496
3540,void,2048,192,4,2.598527,2.335281,385
3541,scorep,2048,192,11,1.290599,1.026965,385
3542,printf,2048,128,4,3.046594,2.783795,1496
3543,scorep,2048,192,4,2.604397,2.341004,385
3544,printf,2048,192,7,1.699350,1.436602,385
3545,extrae,2048,192,16,1.210587,0.941202,385
3546,printf,2048,64,1,12.103972,11.841483,11440
3547,scorep,2048,256,6,2.512122,2.248543,204
3548,void,2048,128,13,1.206140,0.943119,1496
3549,printf,2048,256,3,4.167508,3.904170,204
355,void,2048,64,6,2.283797,2.020440,11440
3550,oot,2048,256,6,2.523017,2.248742,204
3551,scorep,2048,192,8,1.601057,1.337556,385
3552,scorep,2048,256,12,1.717431,1.454106,204
3553,extrae,2048,192,13,1.280548,1.011023,385
3554,printf,2048,256,1,11.179311,10.916919,204
3555,scorep,2048,128,8,1.703281,1.439800,1496
3556,scorep,2048,256,1,11.200260,10.936747,204
3557,printf,2048,192,2,4.709612,4.446706,385
3558,oot,2048,128,1,11.151173,10.887830,1496
3559,empty,2048,128,7,1.904030,1.641322,1496
356,scorep,2048,64,4,3.295075,3.031550,11440
3560,void,2048,128,1,11.104480,10.841877,1496
3561,oot,2048,192,13,1.166425,0.904115,385
3562,void,2048,128,10,1.446996,1.184356,1496
3563,extrae,2048,128,5,2.506798,2.243239,1496
3564,tikki,2048,64,14,1.199995,0.937601,11440
3565,empty,2048,64,3,4.285535,4.022771,11440
3566,extrae,2048,256,11,1.867218,1.597182,204
3567,void,2048,256,11,1.763799,1.501348,204
3568,scorep,2048,64,14,1.167401,0.903891,11440
3569,void,2048,128,2,5.744926,5.482232,1496
357,oot,2048,64,11,1.397785,1.134852,11440
3570,extrae,2048,64,15,1.227000,0.957326,11440
3571,tikki,2048,192,9,1.522536,1.259401,385
3572,oot,2048,256,11,1.755915,1.493099,204
3573,extrae,2048,64,12,1.391347,1.121839,11440
3574,scorep,2048,128,11,1.360928,1.097507,1496
3575,empty,2048,64,11,1.432131,1.168986,11440
3576,empty,2048,256,14,1.578085,1.315059,204
3577,void,2048,128,4,3.024551,2.761746,1496
3578,tikki,2048,256,8,2.143813,1.880980,204
3579,extrae,2048,128,13,1.287691,1.018047,1496
358,void,2048,256,8,2.105788,1.843071,204
3580,void,2048,256,12,1.723343,1.460821,204
3581,empty,2048,192,1,9.014013,8.751168,385
3582,scorep,2048,256,7,2.250772,1.987119,204
3583,tikki,2048,192,2,4.745301,4.482122,385
3584,void,2048,256,9,1.941850,1.679002,204
3585,void,2048,192,11,1.296134,1.033080,385
3586,oot,2048,192,14,1.149868,0.887326,385
3587,extrae,2048,192,16,1.215106,0.945723,385
3588,extrae,2048,64,3,4.352632,4.088650,11440
3589,extrae,2048,256,11,1.918237,1.648677,204
359,void,2048,128,5,2.505723,2.242129,1496
3590,empty,2048,256,8,2.100692,1.837653,204
3591,oot,2048,256,12,1.718423,1.455537,204
3592,empty,2048,64,6,2.288167,2.025493,11440
3593,empty,2048,128,4,3.021509,2.758130,1496
3594,oot,2048,64,16,1.049510,0.786580,11440
3595,extrae,2048,128,13,1.290712,1.021047,1496
3596,oot,2048,64,7,2.006865,1.743767,11440
3597,printf,2048,128,2,5.746356,5.483563,1496
3598,oot,2048,128,5,2.526262,2.224694,1496
3599,printf,2048,64,12,1.355198,1.092180,11440
36,oot,2048,256,8,2.104817,1.842130,204
360,scorep,2048,64,10,1.516373,1.252902,11440
3600,void,2048,192,16,1.046547,0.783735,385
3601,tikki,2048,192,12,1.288162,1.025406,385
3602,scorep,2048,192,11,1.292511,1.028798,385
3603,printf,2048,192,10,1.376770,1.113785,385
3604,printf,2048,192,3,3.309904,3.046712,385
3605,void,2048,128,4,3.035637,2.761595,1496
3606,void,2048,128,8,1.709596,1.446662,1496
3607,printf,2048,64,16,1.056600,0.793930,11440
3608,void,2048,256,12,1.726042,1.463127,204
3609,void,2048,256,10,1.808444,1.545737,204
361,scorep,2048,192,11,1.293370,1.029504,385
3610,extrae,2048,192,4,2.601720,2.337873,385
3611,scorep,2048,128,4,3.052088,2.788692,1496
3612,empty,2048,256,2,5.882766,5.619966,204
3613,empty,2048,128,1,11.081790,10.818565,1496
3614,scorep,2048,192,13,1.172340,0.908766,385
3615,empty,2048,64,1,12.017450,11.754258,11440
3616,empty,2048,256,14,1.587747,1.325235,204
3617,printf,2048,256,3,4.176262,3.913626,204
3618,oot,2048,192,12,1.236414,0.973645,385
3619,extrae,2048,64,2,6.375238,6.111731,11440
362,scorep,2048,64,6,2.311103,2.047976,11440
3620,tikki,2048,128,10,1.487448,1.224522,1496
3621,scorep,2048,128,13,1.212093,0.948411,1496
3622,tikki,2048,128,5,2.537108,2.274499,1496
3623,empty,2048,256,1,11.194124,10.931419,204
3624,tikki,2048,256,1,11.259518,10.997064,204
3625,void,2048,128,9,1.558611,1.295741,1496
3626,scorep,2048,128,2,5.742366,5.478837,1496
3627,void,2048,64,8,1.818784,1.555977,11440
3628,scorep,2048,64,6,2.323505,2.060230,11440
3629,printf,2048,256,1,11.180363,10.917305,204
363,extrae,2048,256,1,11.209111,10.946023,204
3630,empty,2048,256,12,1.688431,1.425976,204
3631,void,2048,256,13,1.678957,1.416189,204
3632,printf,2048,192,12,1.234131,0.971428,385
3633,oot,2048,256,5,2.759174,2.495465,204
3634,scorep,2048,64,13,1.217736,0.954283,11440
3635,extrae,2048,256,9,2.056188,1.786345,204
3636,scorep,2048,192,15,1.102465,0.838994,385
3637,tikki,2048,64,4,3.329926,3.067405,11440
3638,scorep,2048,64,10,1.518577,1.254937,11440
3639,void,2048,64,16,1.046567,0.783834,11440
364,empty,2048,64,11,1.393960,1.131584,11440
3640,void,2048,256,4,3.287925,3.024966,204
3641,tikki,2048,192,4,2.642920,2.379960,385
3642,empty,2048,64,7,2.022087,1.759228,11440
3643,void,2048,192,3,3.277944,3.014710,385
3644,printf,2048,256,14,1.588328,1.325463,204
3645,empty,2048,128,9,1.558264,1.295104,1496
3646,void,2048,256,3,4.161258,3.897635,204
3647,extrae,2048,64,10,1.578597,1.308804,11440
3648,printf,2048,64,13,1.226599,0.964188,11440
3649,void,2048,256,6,2.511316,2.248102,204
365,printf,2048,256,11,1.762873,1.500186,204
3650,empty,2048,256,4,3.266327,3.003576,204
3651,extrae,2048,64,4,3.345286,3.081728,11440
3652,extrae,2048,128,11,1.471194,1.200893,1496
3653,empty,2048,192,10,1.376087,1.113386,385
3654,oot,2048,192,11,1.278200,1.015520,385
3655,tikki,2048,256,9,1.983738,1.720874,204
3656,tikki,2048,256,4,3.344582,3.081872,204
3657,oot,2048,256,9,1.943357,1.680069,204
3658,void,2048,192,2,4.712219,4.449508,385
3659,extrae,2048,192,11,1.408899,1.139610,385
366,tikki,2048,192,16,1.108435,0.845120,385
3660,empty,2048,128,16,1.043922,0.781133,1496
3661,extrae,2048,192,1,8.980370,8.717237,385
3662,oot,2048,128,6,2.145512,1.883009,1496
3663,printf,2048,128,8,1.705321,1.442523,1496
3664,printf,2048,192,15,1.110819,0.848032,385
3665,void,2048,64,12,1.310762,1.047921,11440
3666,oot,2048,192,3,3.285010,3.021660,385
3667,tikki,2048,128,6,2.203612,1.940810,1496
3668,printf,2048,192,14,1.147122,0.884387,385
3669,oot,2048,64,8,1.795492,1.532661,11440
367,extrae,2048,64,6,2.328621,2.064593,11440
3670,empty,2048,64,13,1.215331,0.952066,11440
3671,empty,2048,192,14,1.132792,0.869719,385
3672,empty,2048,64,4,3.270268,3.007510,11440
3673,empty,2048,192,8,1.603018,1.339578,385
3674,oot,2048,128,4,3.042094,2.779243,1496
3675,void,2048,64,9,1.624900,1.361839,11440
3676,tikki,2048,256,5,2.797049,2.534277,204
3677,printf,2048,192,1,9.002333,8.739515,385
3678,extrae,2048,128,14,1.249117,0.979749,1496
3679,extrae,2048,256,15,1.705687,1.436013,204
368,empty,2048,128,5,2.503306,2.240785,1496
3680,scorep,2048,192,8,1.601998,1.338257,385
3681,oot,2048,64,9,1.632115,1.369203,11440
3682,printf,2048,256,2,5.896507,5.633625,204
3683,void,2048,128,5,2.492641,2.229871,1496
3684,tikki,2048,192,11,1.341968,1.079124,385
3685,printf,2048,128,3,3.940338,3.677156,1496
3686,tikki,2048,192,15,1.158072,0.894784,385
3687,tikki,2048,128,11,1.410416,1.147664,1496
3688,printf,2048,128,15,1.093373,0.830557,1496
3689,oot,2048,64,5,2.681541,2.418748,11440
369,empty,2048,192,13,1.179084,0.916323,385
3690,empty,2048,128,14,1.155141,0.892163,1496
3691,extrae,2048,256,16,1.706363,1.436920,204
3692,printf,2048,128,13,1.209031,0.946610,1496
3693,scorep,2048,64,8,1.801568,1.537959,11440
3694,extrae,2048,192,9,1.588300,1.318552,385
3695,oot,2048,256,16,1.543631,1.280641,204
3696,scorep,2048,192,12,1.240250,0.976738,385
3697,extrae,2048,256,3,4.170466,3.906395,204
3698,void,2048,64,4,3.316062,3.053431,11440
3699,oot,2048,64,4,3.284077,3.021233,11440
37,oot,2048,64,2,6.353518,6.090491,11440
370,printf,2048,192,12,1.240995,0.978172,385
3700,printf,2048,256,16,1.539494,1.276245,204
3701,void,2048,192,9,1.469688,1.207014,385
3702,printf,2048,128,10,1.455512,1.192662,1496
3703,empty,2048,192,2,4.698067,4.434604,385
3704,void,2048,128,2,5.730638,5.467226,1496
3705,printf,2048,64,3,4.314886,4.051955,11440
3706,extrae,2048,192,12,1.345585,1.075998,385
3707,void,2048,64,13,1.209196,0.946339,11440
3708,printf,2048,64,5,2.712830,2.450052,11440
3709,tikki,2048,256,11,1.815420,1.540971,204
371,extrae,2048,192,5,2.176216,1.912620,385
3710,void,2048,192,13,1.170928,0.908129,385
3711,tikki,2048,128,9,1.609206,1.346376,1496
3712,scorep,2048,256,13,1.630207,1.366790,204
3713,empty,2048,64,14,1.151400,0.888379,11440
3714,scorep,2048,128,8,1.719909,1.456301,1496
3715,scorep,2048,256,8,2.100562,1.836938,204
3716,tikki,2048,192,10,1.423746,1.160376,385
3717,void,2048,192,14,1.150258,0.887598,385
3718,empty,2048,128,7,1.904919,1.642074,1496
3719,tikki,2048,256,10,1.854276,1.591210,204
372,extrae,2048,128,16,1.164796,0.895129,1496
3720,empty,2048,64,5,2.695738,2.433080,11440
3721,scorep,2048,192,3,3.290074,3.026371,385
3722,oot,2048,256,2,5.880433,5.617151,204
3723,extrae,2048,128,2,5.738711,5.474795,1496
3724,scorep,2048,192,4,2.575368,2.311786,385
3725,empty,2048,192,6,1.890762,1.627104,385
3726,void,2048,64,1,12.017040,11.754442,11440
3727,scorep,2048,128,16,1.056744,0.793201,1496
3728,empty,2048,192,5,2.162441,1.899834,385
3729,void,2048,192,15,1.105007,0.841683,385
373,extrae,2048,192,13,1.282177,1.012443,385
3730,tikki,2048,128,1,11.163073,10.900342,1496
3731,scorep,2048,128,15,1.110393,0.846903,1496
3732,printf,2048,64,4,3.345099,3.082213,11440
3733,oot,2048,64,2,6.270067,6.006900,11440
3734,scorep,2048,256,6,2.508928,2.245403,204
3735,void,2048,256,7,2.252436,1.989044,204
3736,printf,2048,256,15,1.572489,1.309382,204
3737,tikki,2048,256,14,1.633079,1.370305,204
3738,scorep,2048,192,7,1.710394,1.446817,385
3739,void,2048,256,11,1.859321,1.499363,204
374,empty,2048,128,10,1.444769,1.182229,1496
3740,tikki,2048,64,1,12.148299,11.885435,11440
3741,void,2048,128,6,2.153330,1.890941,1496
3742,void,2048,192,7,1.705796,1.442904,385
3743,extrae,2048,128,12,1.340112,1.070561,1496
3744,tikki,2048,192,5,2.212063,1.949514,385
3745,void,2048,128,3,3.944309,3.681543,1496
3746,tikki,2048,64,7,2.050762,1.787577,11440
3747,printf,2048,192,7,1.700294,1.437473,385
3748,empty,2048,256,3,4.160851,3.898020,204
3749,printf,2048,256,12,1.723611,1.460166,204
375,oot,2048,256,3,4.146915,3.884107,204
3750,printf,2048,192,16,1.067739,0.805038,385
3751,printf,2048,192,4,2.601883,2.338783,385
3752,void,2048,64,10,1.541557,1.278346,11440
3753,void,2048,128,16,1.045954,0.783197,1496
3754,extrae,2048,192,5,2.158883,1.894858,385
3755,tikki,2048,64,11,1.450721,1.188230,11440
3756,oot,2048,64,12,1.317645,1.054934,11440
3757,empty,2048,256,16,1.536599,1.273882,204
3758,void,2048,128,10,1.448672,1.185861,1496
3759,scorep,2048,256,15,1.571184,1.307812,204
376,void,2048,256,2,5.883236,5.620318,204
3760,empty,2048,128,13,1.204816,0.942146,1496
3761,void,2048,64,7,2.006932,1.744160,11440
3762,tikki,2048,192,3,3.345206,3.079426,385
3763,printf,2048,64,6,2.322244,2.059601,11440
3764,tikki,2048,128,16,1.100941,0.838249,1496
3765,oot,2048,128,3,3.935954,3.672404,1496
3766,extrae,2048,128,6,2.162679,1.899428,1496
3767,printf,2048,64,7,2.037668,1.775240,11440
3768,empty,2048,256,9,1.943550,1.680553,204
3769,scorep,2048,256,3,4.176851,3.913170,204
377,empty,2048,128,13,1.204330,0.941449,1496
3770,extrae,2048,256,13,1.738168,1.468725,204
3771,oot,2048,192,8,1.600357,1.337498,385
3772,scorep,2048,64,15,1.109258,0.845072,11440
3773,oot,2048,128,1,11.089231,10.826335,1496
3774,oot,2048,192,15,1.111799,0.849338,385
3775,scorep,2048,64,1,12.036229,11.773001,11440
3776,tikki,2048,192,2,4.735748,4.473381,385
3777,empty,2048,192,1,9.001957,8.738505,385
3778,tikki,2048,256,8,2.171708,1.897896,204
3779,tikki,2048,64,12,1.388705,1.125311,11440
378,printf,2048,64,2,6.350004,6.087145,11440
3780,empty,2048,128,10,1.452418,1.189841,1496
3781,oot,2048,256,8,2.098692,1.836034,204
3782,void,2048,256,9,1.938238,1.675068,204
3783,extrae,2048,64,16,1.204506,0.933724,11440
3784,extrae,2048,64,5,2.730497,2.466985,11440
3785,empty,2048,64,16,1.048037,0.785590,11440
3786,printf,2048,192,8,1.593046,1.330048,385
3787,scorep,2048,192,5,2.169473,1.905685,385
3788,tikki,2048,64,16,1.099590,0.836781,11440
3789,empty,2048,64,10,1.498413,1.235771,11440
379,oot,2048,192,15,1.088435,0.825403,385
3790,void,2048,64,14,1.149524,0.886737,11440
3791,extrae,2048,192,7,1.718726,1.455179,385
3792,extrae,2048,128,10,1.511068,1.241618,1496
3793,extrae,2048,256,4,3.300442,3.037217,204
3794,printf,2048,256,13,1.628124,1.365499,204
3795,tikki,2048,256,3,4.145599,3.882743,204
3796,oot,2048,64,11,1.437865,1.175120,11440
3797,oot,2048,128,14,1.160264,0.897709,1496
3798,printf,2048,192,2,4.753555,4.490803,385
3799,extrae,2048,192,8,1.621622,1.357682,385
38,empty,2048,256,14,1.583056,1.320432,204
380,scorep,2048,256,7,2.256117,1.981144,204
3800,extrae,2048,256,2,5.869295,5.605403,204
3801,extrae,2048,256,7,2.263246,1.999635,204
3802,tikki,2048,128,12,1.321529,1.058830,1496
3803,void,2048,192,8,1.596177,1.333403,385
3804,tikki,2048,192,14,1.178910,0.916141,385
3805,empty,2048,192,13,1.182928,0.919620,385
3806,empty,2048,192,11,1.289523,1.026769,385
3807,oot,2048,192,6,1.898837,1.635775,385
3808,empty,2048,256,13,1.626650,1.363581,204
3809,void,2048,128,11,1.354011,1.091116,1496
381,scorep,2048,256,5,2.766512,2.503046,204
3810,scorep,2048,128,7,1.909402,1.645773,1496
3811,scorep,2048,256,2,5.868491,5.604983,204
3812,scorep,2048,256,12,1.728791,1.465352,204
3813,scorep,2048,256,14,1.592108,1.328470,204
3814,oot,2048,128,10,1.454593,1.191358,1496
3815,oot,2048,256,11,1.758302,1.495376,204
3816,oot,2048,256,7,2.254157,1.991454,204
3817,printf,2048,128,1,11.088391,10.825465,1496
3818,printf,2048,256,5,2.756361,2.493870,204
3819,scorep,2048,64,14,1.159519,0.895961,11440
382,empty,2048,256,2,5.885836,5.623154,204
3820,scorep,2048,256,16,1.543070,1.279404,204
3821,oot,2048,64,6,2.287324,2.024139,11440
3822,empty,2048,128,11,1.346885,1.084200,1496
3823,printf,2048,192,9,1.477217,1.214465,385
3824,printf,2048,128,9,1.560682,1.297469,1496
3825,void,2048,64,15,1.094597,0.831337,11440
3826,tikki,2048,128,3,3.983334,3.720514,1496
3827,oot,2048,192,13,1.180155,0.917430,385
3828,tikki,2048,256,13,1.672303,1.409384,204
3829,void,2048,192,1,9.005276,8.742521,385
383,tikki,2048,192,12,1.304517,1.041772,385
3830,void,2048,256,1,11.197540,10.935050,204
3831,tikki,2048,128,7,1.964978,1.701955,1496
3832,void,2048,192,6,1.900874,1.637387,385
3833,scorep,2048,256,10,1.804895,1.541129,204
3834,extrae,2048,128,16,1.179750,0.908166,1496
3835,void,2048,128,1,11.088802,10.826188,1496
3836,extrae,2048,64,7,2.051325,1.788296,11440
3837,tikki,2048,256,2,5.898569,5.636127,204
3838,extrae,2048,128,15,1.201830,0.932238,1496
3839,printf,2048,192,11,1.287006,1.024455,385
384,scorep,2048,128,7,1.907378,1.643816,1496
3840,empty,2048,192,16,1.061933,0.799209,385
3841,scorep,2048,64,9,1.650131,1.386562,11440
3842,printf,2048,128,11,1.360621,1.097807,1496
3843,void,2048,64,2,6.317181,6.053813,11440
3844,scorep,2048,256,5,2.755573,2.492069,204
3845,tikki,2048,64,13,1.265616,1.002822,11440
3846,scorep,2048,64,16,1.065155,0.801361,11440
3847,oot,2048,64,15,1.093691,0.830949,11440
3848,extrae,2048,192,3,3.307982,3.043743,385
3849,scorep,2048,64,4,3.310626,3.047185,11440
385,scorep,2048,64,15,1.100763,0.837186,11440
3850,empty,2048,64,11,1.397378,1.134489,11440
3851,extrae,2048,64,15,1.228964,0.959320,11440
3852,void,2048,128,14,1.155386,0.892936,1496
3853,scorep,2048,64,5,2.711888,2.447749,11440
3854,void,2048,256,2,5.879956,5.617232,204
3855,extrae,2048,256,12,1.832613,1.562605,204
3856,void,2048,256,8,2.104513,1.841602,204
3857,void,2048,64,6,2.302587,2.039817,11440
3858,printf,2048,64,8,1.841467,1.567503,11440
3859,printf,2048,64,1,12.108626,11.845957,11440
386,printf,2048,256,6,2.511454,2.248743,204
3860,oot,2048,128,11,1.349683,1.086700,1496
3861,tikki,2048,128,2,5.788208,5.524955,1496
3862,scorep,2048,64,11,1.406572,1.142880,11440
3863,scorep,2048,128,1,11.097184,10.833535,1496
3864,printf,2048,128,7,1.906668,1.644153,1496
3865,extrae,2048,256,1,11.207170,10.943916,204
3866,void,2048,256,14,1.588404,1.325485,204
3867,printf,2048,64,9,1.665674,1.402916,11440
3868,printf,2048,256,10,1.807528,1.544218,204
3869,tikki,2048,64,8,1.850199,1.586866,11440
387,extrae,2048,128,1,11.099265,10.836129,1496
3870,scorep,2048,192,1,9.027324,8.763449,385
3871,empty,2048,256,5,2.759473,2.496835,204
3872,tikki,2048,192,8,1.649636,1.386858,385
3873,void,2048,192,10,1.373033,1.110127,385
3874,tikki,2048,192,13,1.253869,0.991124,385
3875,tikki,2048,192,7,1.763954,1.500691,385
3876,oot,2048,192,5,2.155920,1.892697,385
3877,void,2048,128,12,1.261986,0.999204,1496
3878,extrae,2048,64,1,12.059662,11.796512,11440
3879,extrae,2048,128,9,1.616204,1.346635,1496
388,void,2048,256,7,2.253542,1.990748,204
3880,oot,2048,64,3,4.280332,4.017357,11440
3881,empty,2048,192,9,1.468993,1.206129,385
3882,tikki,2048,256,15,1.605209,1.342499,204
3883,extrae,2048,64,14,1.263075,0.989757,11440
3884,printf,2048,64,15,1.104340,0.841191,11440
3885,empty,2048,128,15,1.098193,0.835275,1496
3886,printf,2048,256,4,3.268932,3.006211,204
3887,empty,2048,192,7,1.703247,1.440275,385
3888,void,2048,64,3,4.282222,4.019336,11440
3889,tikki,2048,192,1,8.994524,8.731710,385
389,tikki,2048,192,3,3.314028,3.051318,385
3890,oot,2048,128,7,1.904018,1.641222,1496
3891,scorep,2048,128,14,1.161971,0.898393,1496
3892,tikki,2048,192,6,1.945250,1.682468,385
3893,oot,2048,256,13,1.635135,1.361130,204
3894,empty,2048,256,7,2.247199,1.984472,204
3895,void,2048,192,5,2.186723,1.911808,385
3896,printf,2048,64,2,6.348364,6.085506,11440
3897,void,2048,192,12,1.237440,0.974760,385
3898,oot,2048,64,10,1.540288,1.277446,11440
3899,scorep,2048,128,11,1.365335,1.101668,1496
39,oot,2048,256,6,2.511114,2.247578,204
390,empty,2048,128,6,2.144180,1.880902,1496
3900,tikki,2048,256,12,1.759322,1.496460,204
3901,oot,2048,128,9,1.560244,1.297060,1496
3902,extrae,2048,64,8,1.839072,1.575409,11440
3903,tikki,2048,192,16,1.109855,0.847386,385
3904,scorep,2048,128,9,1.572581,1.308950,1496
3905,scorep,2048,128,10,1.451868,1.188075,1496
3906,extrae,2048,256,5,2.776059,2.512469,204
3907,oot,2048,256,15,1.568436,1.305919,204
3908,scorep,2048,192,9,1.466954,1.203348,385
3909,oot,2048,192,2,4.709946,4.447310,385
391,void,2048,192,8,1.601491,1.338674,385
3910,oot,2048,64,1,12.029988,11.767032,11440
3911,empty,2048,64,12,1.306053,1.043522,11440
3912,empty,2048,192,4,2.596372,2.333030,385
3913,scorep,2048,256,9,1.937976,1.673534,204
3914,extrae,2048,256,14,1.789494,1.432140,204
3915,void,2048,256,16,1.538653,1.276164,204
3916,oot,2048,192,7,1.704565,1.441817,385
3917,scorep,2048,192,16,1.068519,0.805053,385
3918,scorep,2048,64,3,4.296017,4.032618,11440
3919,extrae,2048,128,1,11.098301,10.834425,1496
392,printf,2048,256,8,2.098522,1.835318,204
3920,tikki,2048,64,10,1.590353,1.327840,11440
3921,void,2048,128,7,1.902183,1.639339,1496
3922,empty,2048,64,2,6.275226,6.011834,11440
3923,extrae,2048,128,4,3.047085,2.783884,1496
3924,printf,2048,256,8,2.099177,1.836787,204
3925,scorep,2048,256,4,3.244938,2.981561,204
3926,extrae,2048,256,10,1.846471,1.583448,204
3927,tikki,2048,256,6,2.566235,2.303308,204
3928,oot,2048,128,16,1.040245,0.777450,1496
3929,oot,2048,128,13,1.209847,0.947077,1496
393,tikki,2048,192,10,1.435363,1.172677,385
3930,scorep,2048,256,11,1.757373,1.493868,204
3931,printf,2048,192,6,1.924227,1.633262,385
3932,tikki,2048,128,4,3.061140,2.798299,1496
3933,extrae,2048,192,14,1.253927,0.984662,385
3934,empty,2048,256,10,1.804125,1.541652,204
3935,scorep,2048,192,10,1.379474,1.115015,385
3936,oot,2048,256,14,1.580362,1.317237,204
3937,empty,2048,128,2,5.726136,5.463350,1496
3938,printf,2048,192,13,1.170630,0.908074,385
3939,tikki,2048,64,2,6.346124,6.083253,11440
394,printf,2048,192,1,9.004231,8.740956,385
3940,void,2048,128,15,1.093441,0.830754,1496
3941,printf,2048,128,12,1.265190,1.002425,1496
3942,tikki,2048,64,6,2.381737,2.119023,11440
3943,oot,2048,256,6,2.512031,2.248605,204
3944,scorep,2048,256,1,11.200725,10.937293,204
3945,extrae,2048,64,6,2.334468,2.070414,11440
3946,scorep,2048,192,14,1.165291,0.901747,385
3947,extrae,2048,64,9,1.713232,1.443396,11440
3948,empty,2048,256,6,2.514212,2.251773,204
3949,printf,2048,64,11,1.436272,1.173627,11440
395,extrae,2048,192,15,1.329590,0.974210,385
3950,void,2048,64,11,1.390731,1.127545,11440
3951,scorep,2048,192,6,1.900676,1.637274,385
3952,tikki,2048,64,14,1.205169,0.942377,11440
3953,printf,2048,256,11,1.769994,1.506963,204
3954,oot,2048,128,8,1.703863,1.441121,1496
3955,void,2048,192,4,2.607351,2.344159,385
3956,printf,2048,128,4,3.027370,2.764203,1496
3957,empty,2048,128,6,2.136837,1.873944,1496
3958,empty,2048,128,8,1.695458,1.432604,1496
3959,extrae,2048,256,6,2.520299,2.256395,204
396,extrae,2048,192,12,1.355618,1.086083,385
3960,scorep,2048,256,7,2.249189,1.985691,204
3961,empty,2048,192,12,1.231973,0.969142,385
3962,tikki,2048,128,14,1.195221,0.932384,1496
3963,empty,2048,64,15,1.089419,0.826556,11440
3964,tikki,2048,64,15,1.142176,0.879210,11440
3965,empty,2048,256,11,1.766051,1.503385,204
3966,tikki,2048,256,7,2.287700,2.025087,204
3967,void,2048,64,5,2.685617,2.422978,11440
3968,extrae,2048,128,8,1.731450,1.467946,1496
3969,empty,2048,192,3,3.279033,3.016482,385
397,void,2048,128,12,1.265364,1.002937,1496
3970,printf,2048,128,16,1.053022,0.790131,1496
3971,scorep,2048,64,12,1.328419,1.064918,11440
3972,extrae,2048,64,11,1.484822,1.214445,11440
3973,oot,2048,64,13,1.213073,0.950492,11440
3974,scorep,2048,128,6,2.164509,1.900926,1496
3975,tikki,2048,256,16,1.586831,1.324052,204
3976,oot,2048,192,4,2.596007,2.333151,385
3977,scorep,2048,64,2,6.298595,6.034968,11440
3978,printf,2048,128,5,2.506011,2.243154,1496
3979,empty,2048,64,9,1.630944,1.367712,11440
398,scorep,2048,64,3,4.308157,4.044651,11440
3980,empty,2048,128,3,3.933319,3.670028,1496
3981,printf,2048,128,6,2.155700,1.893034,1496
3982,extrae,2048,256,8,2.124146,1.860644,204
3983,tikki,2048,64,5,2.745378,2.482475,11440
3984,oot,2048,256,4,3.211194,2.948392,204
3985,tikki,2048,128,8,1.758924,1.496285,1496
3986,oot,2048,192,1,9.024146,8.760785,385
3987,extrae,2048,128,5,2.511040,2.247382,1496
3988,printf,2048,192,5,2.156365,1.893818,385
3989,scorep,2048,192,2,4.728399,4.464861,385
399,oot,2048,64,6,2.288198,2.025379,11440
3990,tikki,2048,128,15,1.140808,0.877522,1496
3991,empty,2048,192,15,1.110579,0.847709,385
3992,void,2048,256,15,1.568808,1.305855,204
3993,oot,2048,256,10,1.803967,1.541228,204
3994,empty,2048,64,8,1.821993,1.559133,11440
3995,oot,2048,192,16,1.064689,0.802024,385
3996,printf,2048,64,14,1.160486,0.897639,11440
3997,extrae,2048,128,7,1.923294,1.660044,1496
3998,extrae,2048,192,13,1.285125,1.015587,385
3999,extrae,2048,192,10,1.470997,1.201380,385
4,empty,2048,128,14,1.160837,0.897911,1496
40,void,2048,64,14,1.151225,0.888360,11440
400,empty,2048,256,11,1.755109,1.492251,204
4000,printf,2048,64,10,1.549020,1.286546,11440
4001,oot,2048,256,3,4.156398,3.893425,204
4002,tikki,2048,128,13,1.258141,0.995433,1496
4003,empty,2048,256,15,1.585337,1.322167,204
4004,tikki,2048,192,9,1.530218,1.266952,385
4005,printf,2048,256,9,1.944222,1.681521,204
4006,empty,2048,64,3,4.295038,4.032390,11440
4007,empty,2048,128,5,2.500195,2.237501,1496
4008,oot,2048,192,9,1.466310,1.203178,385
4009,printf,2048,128,14,1.164066,0.901256,1496
401,tikki,2048,128,13,1.260446,0.997625,1496
4010,extrae,2048,192,15,1.248864,0.979258,385
4011,scorep,2048,128,5,2.501188,2.237892,1496
4012,extrae,2048,192,2,4.727036,4.463367,385
4013,oot,2048,256,1,11.193950,10.931200,204
4014,oot,2048,192,10,1.377516,1.114169,385
4015,extrae,2048,192,6,1.909271,1.645350,385
4016,void,2048,128,13,1.206495,0.944061,1496
4017,extrae,2048,64,12,1.392601,1.122722,11440
4018,tikki,2048,64,3,4.346380,4.083812,11440
4019,oot,2048,128,12,1.268541,1.005131,1496
402,oot,2048,192,12,1.235063,0.972369,385
4020,oot,2048,64,14,1.159163,0.896285,11440
4021,scorep,2048,64,7,2.013850,1.750172,11440
4022,oot,2048,128,2,5.826482,5.476151,1496
4023,scorep,2048,128,12,1.266906,1.003605,1496
4024,tikki,2048,64,9,1.674754,1.411981,11440
4025,printf,2048,256,7,2.249216,1.986435,204
4026,scorep,2048,128,3,3.945655,3.682162,1496
4027,extrae,2048,64,13,1.318791,1.049122,11440
4028,void,2048,256,5,2.764231,2.501717,204
4029,printf,2048,256,6,2.512795,2.250123,204
403,empty,2048,64,7,2.026708,1.763508,11440
4030,empty,2048,128,12,1.264879,1.002201,1496
4031,oot,2048,128,15,1.101160,0.838291,1496
4032,extrae,2048,128,3,3.941596,3.677535,1496
4033,extrae,2048,192,7,1.741982,1.478374,385
4034,void,2048,256,8,2.100774,1.837528,204
4035,scorep,2048,256,5,2.754335,2.490580,204
4036,printf,2048,128,12,1.261331,0.998455,1496
4037,printf,2048,256,13,1.635425,1.361193,204
4038,scorep,2048,128,4,3.038952,2.775517,1496
4039,scorep,2048,256,1,11.208857,10.945360,204
404,scorep,2048,64,2,6.295663,6.032042,11440
4040,extrae,2048,64,6,2.355592,2.080280,11440
4041,extrae,2048,192,6,1.920727,1.657560,385
4042,void,2048,128,4,3.021966,2.758909,1496
4043,oot,2048,256,11,1.758575,1.495531,204
4044,extrae,2048,256,2,5.875159,5.611455,204
4045,printf,2048,256,5,2.766663,2.504154,204
4046,tikki,2048,192,6,1.964975,1.702118,385
4047,scorep,2048,128,7,1.913105,1.649837,1496
4048,printf,2048,192,6,1.905158,1.642538,385
4049,scorep,2048,128,8,1.709186,1.445812,1496
405,tikki,2048,256,3,4.233028,3.970137,204
4050,printf,2048,192,12,1.231756,0.969031,385
4051,scorep,2048,192,7,1.707591,1.443556,385
4052,extrae,2048,192,13,1.290972,1.021605,385
4053,extrae,2048,64,9,1.694880,1.425398,11440
4054,extrae,2048,128,4,3.045381,2.782219,1496
4055,tikki,2048,128,12,1.330037,1.067108,1496
4056,void,2048,64,1,12.020010,11.756983,11440
4057,oot,2048,128,3,3.942324,3.679179,1496
4058,printf,2048,256,15,1.584790,1.322110,204
4059,scorep,2048,64,15,1.103284,0.840015,11440
406,printf,2048,64,7,2.020601,1.757847,11440
4060,oot,2048,64,6,2.295320,2.032560,11440
4061,tikki,2048,64,2,6.406606,6.143841,11440
4062,scorep,2048,256,15,1.574596,1.310872,204
4063,extrae,2048,256,10,1.915368,1.645691,204
4064,void,2048,256,11,1.762273,1.499832,204
4065,printf,2048,256,7,2.245647,1.983028,204
4066,extrae,2048,256,4,3.223512,2.960299,204
4067,oot,2048,256,7,2.255189,1.992636,204
4068,oot,2048,128,1,11.088136,10.825389,1496
4069,empty,2048,192,16,1.143051,0.840955,385
407,printf,2048,64,3,4.320840,4.058122,11440
4070,oot,2048,64,1,12.024092,11.760777,11440
4071,extrae,2048,64,4,3.335569,3.072361,11440
4072,extrae,2048,128,13,1.289563,1.020167,1496
4073,tikki,2048,256,2,5.919032,5.656409,204
4074,printf,2048,256,9,1.941877,1.679009,204
4075,empty,2048,64,8,1.819230,1.556194,11440
4076,void,2048,256,13,1.627621,1.364350,204
4077,printf,2048,256,12,1.724975,1.462174,204
4078,void,2048,256,3,4.176907,3.913941,204
4079,printf,2048,128,2,5.739221,5.476516,1496
408,printf,2048,192,16,1.067608,0.804862,385
4080,empty,2048,192,7,1.704346,1.441222,385
4081,extrae,2048,64,2,6.368675,6.105206,11440
4082,extrae,2048,256,9,2.047258,1.777581,204
4083,oot,2048,192,7,1.702054,1.439659,385
4084,scorep,2048,128,15,1.104307,0.841150,1496
4085,empty,2048,128,16,1.050814,0.788091,1496
4086,oot,2048,64,9,1.635133,1.372410,11440
4087,oot,2048,64,8,1.819836,1.557085,11440
4088,empty,2048,128,3,3.937901,3.675242,1496
4089,tikki,2048,128,13,1.247220,0.984210,1496
409,scorep,2048,192,9,1.476535,1.213168,385
4090,printf,2048,64,8,1.802955,1.540221,11440
4091,empty,2048,256,14,1.589331,1.325172,204
4092,empty,2048,192,9,1.471375,1.208660,385
4093,printf,2048,64,15,1.101306,0.838050,11440
4094,void,2048,256,2,5.880424,5.617663,204
4095,scorep,2048,256,12,1.723328,1.459707,204
4096,scorep,2048,192,2,4.727816,4.464113,385
4097,printf,2048,64,4,3.313342,3.050461,11440
4098,oot,2048,64,11,1.393276,1.130366,11440
4099,empty,2048,256,12,1.718048,1.454872,204
41,printf,2048,128,2,5.740181,5.477136,1496
410,printf,2048,192,15,1.121643,0.858883,385
4100,printf,2048,256,11,1.771536,1.508247,204
4101,empty,2048,128,7,1.900605,1.637896,1496
4102,empty,2048,256,3,4.164659,3.901427,204
4103,oot,2048,64,13,1.216869,0.954221,11440
4104,void,2048,64,16,1.050389,0.787435,11440
4105,void,2048,64,9,1.630784,1.367577,11440
4106,scorep,2048,64,5,2.711179,2.447308,11440
4107,oot,2048,256,8,2.104485,1.840919,204
4108,printf,2048,64,14,1.166741,0.903936,11440
4109,printf,2048,64,16,1.055069,0.791769,11440
411,oot,2048,128,11,1.361705,1.098505,1496
4110,empty,2048,64,7,1.995163,1.732454,11440
4111,printf,2048,192,16,1.051713,0.788342,385
4112,tikki,2048,256,1,11.221321,10.958010,204
4113,tikki,2048,128,1,11.158795,10.896413,1496
4114,extrae,2048,192,9,1.584122,1.314570,385
4115,oot,2048,256,4,3.221700,2.959382,204
4116,empty,2048,128,10,1.446446,1.183621,1496
4117,void,2048,256,15,1.559245,1.296461,204
4118,void,2048,128,15,1.125101,0.834120,1496
4119,printf,2048,64,2,6.329722,6.066908,11440
412,printf,2048,64,11,1.441154,1.178508,11440
4120,oot,2048,192,11,1.282763,1.019576,385
4121,void,2048,64,14,1.150767,0.887959,11440
4122,scorep,2048,64,9,1.651778,1.388061,11440
4123,extrae,2048,128,14,1.240433,0.971038,1496
4124,empty,2048,192,10,1.374240,1.111185,385
4125,oot,2048,256,14,1.574214,1.311027,204
4126,tikki,2048,256,15,1.618110,1.355222,204
4127,tikki,2048,192,16,1.164901,0.902137,385
4128,tikki,2048,64,12,1.402992,1.139785,11440
4129,empty,2048,256,11,1.761521,1.498408,204
413,extrae,2048,64,9,1.705173,1.435206,11440
4130,extrae,2048,192,2,4.696131,4.432728,385
4131,void,2048,64,6,2.284980,2.022492,11440
4132,tikki,2048,192,1,8.962323,8.699576,385
4133,scorep,2048,256,16,1.541870,1.278088,204
4134,empty,2048,64,16,1.044449,0.781920,11440
4135,scorep,2048,128,14,1.161095,0.897419,1496
4136,extrae,2048,256,12,1.837064,1.567326,204
4137,extrae,2048,192,8,1.621766,1.358213,385
4138,tikki,2048,64,16,1.104032,0.841248,11440
4139,empty,2048,64,15,1.096491,0.833591,11440
414,extrae,2048,192,6,1.918911,1.655627,385
4140,void,2048,192,16,1.054043,0.791341,385
4141,empty,2048,256,13,1.631910,1.369112,204
4142,tikki,2048,192,3,3.312141,3.049424,385
4143,empty,2048,64,1,12.010876,11.747989,11440
4144,tikki,2048,128,4,3.081586,2.819133,1496
4145,scorep,2048,128,5,2.499439,2.235929,1496
4146,scorep,2048,128,9,1.565937,1.302188,1496
4147,oot,2048,256,9,1.937828,1.675016,204
4148,scorep,2048,64,6,2.402118,2.053078,11440
4149,extrae,2048,128,10,1.508820,1.239158,1496
415,printf,2048,64,5,2.697056,2.434591,11440
4150,tikki,2048,128,14,1.203907,0.941469,1496
4151,empty,2048,192,8,1.593897,1.330639,385
4152,tikki,2048,256,6,2.564284,2.301598,204
4153,oot,2048,128,8,1.719166,1.456434,1496
4154,scorep,2048,256,10,1.805848,1.542248,204
4155,void,2048,64,11,1.439297,1.176098,11440
4156,void,2048,128,9,1.563388,1.300335,1496
4157,void,2048,256,5,2.762179,2.499428,204
4158,oot,2048,256,13,1.667646,1.404841,204
4159,empty,2048,192,6,1.899134,1.635776,385
416,printf,2048,128,11,1.353990,1.090577,1496
4160,extrae,2048,128,15,1.211612,0.942009,1496
4161,tikki,2048,128,3,3.977063,3.714223,1496
4162,printf,2048,256,6,2.517834,2.254917,204
4163,scorep,2048,128,16,1.055964,0.792397,1496
4164,oot,2048,192,2,4.719050,4.456498,385
4165,oot,2048,64,10,1.535765,1.272672,11440
4166,printf,2048,256,4,3.305986,3.043330,204
4167,empty,2048,64,6,2.300106,2.036700,11440
4168,void,2048,192,9,1.466752,1.204154,385
4169,extrae,2048,64,11,1.491541,1.227755,11440
417,tikki,2048,64,4,3.371650,3.108383,11440
4170,void,2048,256,16,1.546071,1.283061,204
4171,tikki,2048,256,10,1.869157,1.606152,204
4172,oot,2048,128,7,1.906509,1.643718,1496
4173,tikki,2048,64,8,1.883135,1.619671,11440
4174,void,2048,64,4,3.310860,3.048186,11440
4175,extrae,2048,128,8,1.732954,1.468861,1496
4176,printf,2048,192,2,4.721256,4.458636,385
4177,scorep,2048,256,3,4.152427,3.889033,204
4178,tikki,2048,256,9,1.997936,1.734744,204
4179,oot,2048,128,5,2.599904,2.240211,1496
418,extrae,2048,256,16,1.707855,1.438071,204
4180,empty,2048,128,2,5.739264,5.476134,1496
4181,scorep,2048,192,14,1.151821,0.887814,385
4182,oot,2048,128,16,1.050269,0.787686,1496
4183,empty,2048,128,8,1.702034,1.439266,1496
4184,tikki,2048,64,4,3.355848,3.093171,11440
4185,scorep,2048,192,16,1.065441,0.801667,385
4186,empty,2048,256,7,2.248528,1.985912,204
4187,scorep,2048,192,11,1.301659,1.038060,385
4188,extrae,2048,64,16,1.210241,0.940587,11440
4189,oot,2048,64,15,1.092604,0.830095,11440
419,oot,2048,192,14,1.153738,0.890747,385
4190,tikki,2048,128,10,1.493908,1.231038,1496
4191,printf,2048,192,7,1.701370,1.438655,385
4192,oot,2048,256,2,5.865977,5.602722,204
4193,tikki,2048,128,5,2.558622,2.295793,1496
4194,extrae,2048,256,11,1.866088,1.596503,204
4195,tikki,2048,64,7,2.063166,1.800735,11440
4196,extrae,2048,64,14,1.272534,1.003266,11440
4197,printf,2048,192,5,2.124669,1.861607,385
4198,tikki,2048,192,2,4.722095,4.459342,385
4199,extrae,2048,128,3,3.939428,3.676173,1496
42,void,2048,128,3,3.929645,3.666940,1496
420,empty,2048,256,3,4.163760,3.901139,204
4200,extrae,2048,256,7,2.275831,2.012805,204
4201,empty,2048,128,14,1.156100,0.893151,1496
4202,empty,2048,256,15,1.587089,1.324150,204
4203,scorep,2048,128,3,3.950178,3.686540,1496
4204,empty,2048,256,2,5.884737,5.621918,204
4205,empty,2048,128,12,1.261807,0.999012,1496
4206,empty,2048,256,8,2.098025,1.834418,204
4207,void,2048,192,14,1.120921,0.858195,385
4208,empty,2048,192,5,2.151624,1.888271,385
4209,extrae,2048,256,8,2.120901,1.857497,204
421,scorep,2048,64,14,1.170029,0.906434,11440
4210,void,2048,128,13,1.207211,0.944485,1496
4211,tikki,2048,192,15,1.142772,0.879934,385
4212,tikki,2048,128,7,1.953647,1.690913,1496
4213,scorep,2048,192,8,1.603485,1.339862,385
4214,scorep,2048,192,1,9.012344,8.748755,385
4215,extrae,2048,64,1,12.060962,11.797829,11440
4216,void,2048,192,11,1.284274,1.021812,385
4217,oot,2048,256,10,1.807245,1.544518,204
4218,scorep,2048,256,2,5.859338,5.595718,204
4219,extrae,2048,256,13,1.740016,1.470380,204
422,scorep,2048,256,15,1.569385,1.305843,204
4220,tikki,2048,256,16,1.577055,1.314138,204
4221,scorep,2048,64,4,3.306346,3.042933,11440
4222,printf,2048,128,11,1.357899,1.094361,1496
4223,empty,2048,192,14,1.147829,0.885028,385
4224,oot,2048,192,5,2.163441,1.900614,385
4225,oot,2048,192,10,1.370930,1.107893,385
4226,void,2048,64,7,1.999602,1.736952,11440
4227,void,2048,128,11,1.355104,1.091948,1496
4228,extrae,2048,128,9,1.620186,1.350564,1496
4229,empty,2048,64,12,1.352445,1.089458,11440
423,void,2048,256,13,1.666091,1.363868,204
4230,oot,2048,192,4,2.588512,2.325345,385
4231,tikki,2048,192,9,1.530968,1.268082,385
4232,empty,2048,64,9,1.656640,1.393912,11440
4233,scorep,2048,192,10,1.382902,1.119164,385
4234,printf,2048,128,5,2.516649,2.254088,1496
4235,extrae,2048,192,16,1.275059,0.999609,385
4236,oot,2048,256,1,11.193008,10.929933,204
4237,oot,2048,64,3,4.290974,4.028503,11440
4238,tikki,2048,64,1,12.149206,11.886489,11440
4239,empty,2048,256,4,3.240303,2.977888,204
424,empty,2048,128,11,1.349645,1.086818,1496
4240,printf,2048,64,10,1.514640,1.251674,11440
4241,void,2048,128,7,1.906457,1.643738,1496
4242,extrae,2048,128,6,2.174545,1.910567,1496
4243,extrae,2048,64,3,4.328076,4.064128,11440
4244,scorep,2048,256,9,1.934471,1.670715,204
4245,tikki,2048,192,4,2.640659,2.377921,385
4246,oot,2048,256,3,4.146151,3.883244,204
4247,oot,2048,192,3,3.296942,3.033923,385
4248,void,2048,64,5,2.678102,2.415372,11440
4249,tikki,2048,256,3,4.220049,3.956678,204
425,empty,2048,64,16,1.047514,0.784385,11440
4250,void,2048,256,9,1.944442,1.680518,204
4251,void,2048,128,10,1.449567,1.186241,1496
4252,extrae,2048,192,4,2.607176,2.343492,385
4253,extrae,2048,128,11,1.419544,1.149680,1496
4254,empty,2048,192,4,2.597363,2.334961,385
4255,void,2048,256,14,1.577582,1.314758,204
4256,empty,2048,128,13,1.206447,0.943550,1496
4257,scorep,2048,128,1,11.094342,10.830689,1496
4258,oot,2048,256,5,2.754997,2.491896,204
4259,printf,2048,128,4,3.033273,2.770077,1496
426,oot,2048,192,8,1.592567,1.329686,385
4260,extrae,2048,256,14,1.746354,1.438377,204
4261,scorep,2048,192,12,1.239027,0.975348,385
4262,printf,2048,192,15,1.098417,0.835789,385
4263,printf,2048,256,2,5.895602,5.632824,204
4264,void,2048,192,3,3.281482,3.018828,385
4265,printf,2048,256,14,1.585780,1.322967,204
4266,void,2048,64,12,1.299780,1.036960,11440
4267,void,2048,128,6,2.136803,1.873117,1496
4268,tikki,2048,128,9,1.609529,1.346720,1496
4269,printf,2048,192,4,2.612548,2.349727,385
427,printf,2048,64,16,1.053483,0.790391,11440
4270,printf,2048,192,11,1.296727,1.034067,385
4271,scorep,2048,256,13,1.628576,1.365112,204
4272,empty,2048,128,4,3.025716,2.762612,1496
4273,scorep,2048,64,12,1.314002,1.050082,11440
4274,empty,2048,192,15,1.109645,0.847072,385
4275,tikki,2048,192,14,1.204321,0.941223,385
4276,oot,2048,128,11,1.350509,1.087225,1496
4277,tikki,2048,256,4,3.348568,3.085650,204
4278,extrae,2048,256,16,1.710421,1.434570,204
4279,oot,2048,64,7,2.025681,1.762710,11440
428,printf,2048,64,4,3.386680,3.084308,11440
4280,extrae,2048,192,10,1.492476,1.222567,385
4281,extrae,2048,192,3,3.279667,3.015693,385
4282,printf,2048,64,6,2.321455,2.058961,11440
4283,extrae,2048,64,10,1.577996,1.308407,11440
4284,tikki,2048,192,7,1.761328,1.498929,385
4285,oot,2048,128,9,1.563291,1.299626,1496
4286,void,2048,192,15,1.099927,0.837177,385
4287,empty,2048,64,14,1.148822,0.886013,11440
4288,scorep,2048,64,2,6.291120,6.027349,11440
4289,extrae,2048,256,1,11.206232,10.942579,204
429,printf,2048,128,4,3.045253,2.782559,1496
4290,extrae,2048,64,15,1.233883,0.964451,11440
4291,printf,2048,128,3,3.932649,3.670187,1496
4292,tikki,2048,64,3,4.376463,4.113525,11440
4293,scorep,2048,128,10,1.458795,1.195421,1496
4294,printf,2048,256,8,2.096430,1.833155,204
4295,printf,2048,128,10,1.455068,1.192452,1496
4296,printf,2048,64,7,2.019269,1.755914,11440
4297,tikki,2048,128,11,1.402037,1.139252,1496
4298,tikki,2048,256,12,1.770365,1.507724,204
4299,printf,2048,128,8,1.723390,1.460596,1496
43,empty,2048,64,4,3.322094,3.059390,11440
430,void,2048,192,14,1.122433,0.859621,385
4300,void,2048,192,8,1.597283,1.334382,385
4301,empty,2048,192,1,9.015705,8.752977,385
4302,oot,2048,128,14,1.154284,0.891835,1496
4303,tikki,2048,192,13,1.228645,0.965983,385
4304,extrae,2048,128,5,2.523326,2.259807,1496
4305,void,2048,192,13,1.180186,0.917684,385
4306,oot,2048,256,6,2.507195,2.244306,204
4307,tikki,2048,64,11,1.474884,1.212138,11440
4308,empty,2048,128,6,2.153469,1.890914,1496
4309,tikki,2048,192,10,1.442139,1.178745,385
431,void,2048,64,2,6.307562,6.044634,11440
4310,oot,2048,256,16,1.544468,1.281381,204
4311,void,2048,192,12,1.234108,0.971439,385
4312,tikki,2048,64,15,1.149768,0.886986,11440
4313,void,2048,256,1,11.195365,10.932056,204
4314,tikki,2048,256,5,2.799917,2.536926,204
4315,empty,2048,192,13,1.169512,0.906704,385
4316,scorep,2048,64,14,1.162314,0.898828,11440
4317,scorep,2048,64,10,1.546323,1.282711,11440
4318,tikki,2048,128,6,2.199087,1.936437,1496
4319,empty,2048,192,11,1.290535,1.027316,385
432,scorep,2048,128,10,1.446272,1.182585,1496
4320,void,2048,128,3,3.937627,3.674842,1496
4321,void,2048,128,8,1.698783,1.436143,1496
4322,scorep,2048,128,12,1.270727,1.007060,1496
4323,oot,2048,192,12,1.234951,0.972410,385
4324,void,2048,192,2,4.723475,4.460196,385
4325,extrae,2048,128,2,5.743385,5.479911,1496
4326,void,2048,192,7,1.693926,1.430812,385
4327,empty,2048,256,10,1.809916,1.546613,204
4328,scorep,2048,256,7,2.236944,1.973478,204
4329,empty,2048,64,2,6.285078,6.021880,11440
433,extrae,2048,64,5,2.731260,2.467267,11440
4330,tikki,2048,64,13,1.256892,0.993500,11440
4331,scorep,2048,64,16,1.067267,0.803475,11440
4332,printf,2048,128,14,1.157408,0.894757,1496
4333,oot,2048,256,12,1.716861,1.453957,204
4334,scorep,2048,256,14,1.587983,1.324678,204
4335,empty,2048,64,11,1.431685,1.168625,11440
4336,extrae,2048,192,15,1.228071,0.958337,385
4337,void,2048,192,1,8.980292,8.717321,385
4338,printf,2048,192,3,3.294217,3.031205,385
4339,oot,2048,64,5,2.695119,2.432078,11440
434,empty,2048,192,6,1.899369,1.636535,385
4340,void,2048,256,12,1.720822,1.458040,204
4341,empty,2048,64,5,2.679442,2.416626,11440
4342,empty,2048,128,15,1.095275,0.832500,1496
4343,extrae,2048,256,6,2.528661,2.265339,204
4344,extrae,2048,128,12,1.341438,1.071852,1496
4345,tikki,2048,256,13,1.686824,1.424333,204
4346,void,2048,128,5,2.490367,2.227707,1496
4347,tikki,2048,256,11,1.815596,1.552882,204
4348,scorep,2048,256,6,2.513518,2.250357,204
4349,empty,2048,64,4,3.282268,3.019061,11440
435,scorep,2048,256,14,1.586779,1.323107,204
4350,oot,2048,192,14,1.146779,0.884040,385
4351,printf,2048,256,3,4.149422,3.886645,204
4352,oot,2048,128,6,2.155660,1.892761,1496
4353,extrae,2048,256,3,4.160602,3.896489,204
4354,void,2048,64,15,1.091550,0.828959,11440
4355,empty,2048,128,11,1.355674,1.092745,1496
4356,extrae,2048,192,1,9.006903,8.743288,385
4357,oot,2048,192,15,1.089905,0.827471,385
4358,printf,2048,128,6,2.154320,1.891628,1496
4359,oot,2048,64,4,3.377736,3.018148,11440
436,printf,2048,192,4,2.589713,2.326564,385
4360,empty,2048,128,1,11.080152,10.817541,1496
4361,empty,2048,64,3,4.302971,4.039993,11440
4362,printf,2048,128,15,1.100826,0.838186,1496
4363,oot,2048,64,12,1.352224,1.089585,11440
4364,oot,2048,192,16,1.054078,0.791144,385
4365,printf,2048,192,10,1.375055,1.111789,385
4366,scorep,2048,64,11,1.406771,1.143368,11440
4367,extrae,2048,192,14,1.267939,0.998237,385
4368,scorep,2048,192,6,1.947892,1.645600,385
4369,printf,2048,256,1,11.180666,10.917339,204
437,empty,2048,128,2,5.736492,5.473757,1496
4370,tikki,2048,128,8,1.752934,1.490438,1496
4371,oot,2048,128,2,5.750401,5.487444,1496
4372,scorep,2048,192,13,1.171462,0.907971,385
4373,oot,2048,192,8,1.595147,1.332429,385
4374,empty,2048,256,16,1.540101,1.277342,204
4375,void,2048,128,2,5.743636,5.480286,1496
4376,scorep,2048,64,3,4.325939,4.062379,11440
4377,extrae,2048,256,5,2.770387,2.506826,204
4378,empty,2048,192,2,4.755000,4.492438,385
4379,void,2048,192,10,1.374066,1.111078,385
438,tikki,2048,256,2,5.916459,5.653824,204
4380,void,2048,64,10,1.530279,1.267626,11440
4381,scorep,2048,128,2,5.745494,5.481944,1496
4382,scorep,2048,128,6,2.152640,1.888974,1496
4383,empty,2048,256,6,2.509245,2.246599,204
4384,scorep,2048,192,15,1.100361,0.836719,385
4385,void,2048,192,4,2.598630,2.335989,385
4386,printf,2048,192,14,1.126663,0.864048,385
4387,printf,2048,192,1,9.005377,8.742575,385
4388,void,2048,192,5,2.156220,1.893797,385
4389,tikki,2048,192,12,1.294660,1.031564,385
439,scorep,2048,192,8,1.601137,1.337498,385
4390,printf,2048,128,13,1.209939,0.946863,1496
4391,extrae,2048,128,16,1.188571,0.910120,1496
4392,oot,2048,128,13,1.211112,0.948689,1496
4393,printf,2048,64,1,12.113337,11.850401,11440
4394,oot,2048,192,13,1.167562,0.905057,385
4395,tikki,2048,64,14,1.219911,0.957194,11440
4396,oot,2048,192,9,1.479423,1.216181,385
4397,void,2048,64,3,4.277392,4.014639,11440
4398,scorep,2048,256,8,2.094456,1.830799,204
4399,extrae,2048,192,11,1.405074,1.134827,385
44,empty,2048,64,13,1.210756,0.948012,11440
440,printf,2048,128,5,2.493070,2.230365,1496
4400,extrae,2048,192,5,2.144572,1.881024,385
4401,printf,2048,64,12,1.320055,1.057519,11440
4402,scorep,2048,256,4,3.238582,2.974969,204
4403,empty,2048,192,3,3.303425,3.040589,385
4404,tikki,2048,64,5,2.730151,2.467372,11440
4405,tikki,2048,64,9,1.678795,1.416126,11440
4406,printf,2048,128,7,1.907897,1.645146,1496
4407,scorep,2048,256,11,1.766605,1.502917,204
4408,empty,2048,256,5,2.759090,2.496246,204
4409,void,2048,128,1,11.189876,10.829464,1496
441,oot,2048,192,3,3.311471,3.048429,385
4410,oot,2048,64,14,1.152140,0.889568,11440
4411,tikki,2048,64,10,1.551842,1.289121,11440
4412,scorep,2048,192,5,2.153995,1.890345,385
4413,tikki,2048,128,15,1.156925,0.894044,1496
4414,scorep,2048,192,4,2.579432,2.315853,385
4415,tikki,2048,192,5,2.167997,1.905245,385
4416,empty,2048,128,9,1.561340,1.298485,1496
4417,oot,2048,64,2,6.293915,6.030745,11440
4418,printf,2048,64,5,2.697421,2.434577,11440
4419,tikki,2048,256,14,1.616297,1.353506,204
442,empty,2048,256,15,1.569908,1.307088,204
4420,empty,2048,256,1,11.199565,10.936414,204
4421,printf,2048,256,16,1.550578,1.288100,204
4422,extrae,2048,64,13,1.313060,1.043354,11440
4423,tikki,2048,256,8,2.149713,1.887298,204
4424,printf,2048,128,16,1.048352,0.785611,1496
4425,void,2048,256,10,1.804954,1.541639,204
4426,tikki,2048,192,8,1.650917,1.388137,385
4427,scorep,2048,64,1,12.041467,11.778021,11440
4428,printf,2048,64,3,4.341781,4.079315,11440
4429,empty,2048,192,12,1.231791,0.968640,385
443,oot,2048,256,10,1.808935,1.545471,204
4430,extrae,2048,192,12,1.356932,1.086472,385
4431,void,2048,128,16,1.056069,0.793579,1496
4432,empty,2048,128,5,2.485454,2.222688,1496
4433,oot,2048,128,12,1.265520,1.002582,1496
4434,printf,2048,192,13,1.166280,0.903643,385
4435,scorep,2048,64,13,1.235970,0.972484,11440
4436,oot,2048,128,4,3.037834,2.775047,1496
4437,void,2048,128,14,1.153142,0.890437,1496
4438,extrae,2048,64,5,2.727169,2.463625,11440
4439,oot,2048,192,1,9.011888,8.749117,385
444,oot,2048,64,15,1.099100,0.836253,11440
4440,printf,2048,192,9,1.481013,1.218512,385
4441,oot,2048,128,10,1.443103,1.180340,1496
4442,extrae,2048,64,7,2.050691,1.787600,11440
4443,tikki,2048,64,6,2.331415,2.068287,11440
4444,printf,2048,128,1,11.083959,10.820777,1496
4445,void,2048,256,4,3.309258,3.046128,204
4446,tikki,2048,256,7,2.310915,2.048138,204
4447,oot,2048,128,15,1.100104,0.837181,1496
4448,scorep,2048,64,8,1.803506,1.539656,11440
4449,extrae,2048,256,15,1.710859,1.441022,204
445,printf,2048,128,3,3.942811,3.679982,1496
4450,extrae,2048,128,1,11.102425,10.838807,1496
4451,empty,2048,256,9,1.936521,1.673968,204
4452,tikki,2048,192,11,1.330592,1.067856,385
4453,scorep,2048,192,3,3.289856,3.026576,385
4454,void,2048,64,13,1.215715,0.952910,11440
4455,void,2048,256,7,2.250153,1.986935,204
4456,oot,2048,64,16,1.053777,0.791096,11440
4457,scorep,2048,128,11,1.357853,1.094092,1496
4458,scorep,2048,192,9,1.470653,1.207226,385
4459,printf,2048,128,9,1.567973,1.305345,1496
446,scorep,2048,128,9,1.564680,1.301109,1496
4460,printf,2048,64,11,1.438138,1.174867,11440
4461,tikki,2048,128,2,5.741888,5.479285,1496
4462,void,2048,192,6,1.893735,1.631089,385
4463,oot,2048,192,6,1.895016,1.632035,385
4464,empty,2048,64,13,1.211053,0.948380,11440
4465,tikki,2048,128,16,1.100383,0.837625,1496
4466,empty,2048,64,10,1.532341,1.269132,11440
4467,void,2048,64,2,6.286843,6.023733,11440
4468,extrae,2048,128,7,1.927689,1.664362,1496
4469,scorep,2048,128,13,1.209001,0.945303,1496
447,extrae,2048,128,5,2.516463,2.252773,1496
4470,printf,2048,256,10,1.805666,1.542991,204
4471,extrae,2048,64,8,1.840828,1.576709,11440
4472,printf,2048,192,8,1.598070,1.335247,385
4473,void,2048,128,12,1.265941,1.003232,1496
4474,void,2048,64,8,1.797724,1.534226,11440
4475,printf,2048,64,13,1.224083,0.961296,11440
4476,oot,2048,256,15,1.581405,1.318114,204
4477,void,2048,256,6,2.513853,2.251060,204
4478,scorep,2048,64,7,2.013905,1.750404,11440
4479,extrae,2048,64,12,1.391486,1.121899,11440
448,printf,2048,128,1,11.079316,10.816837,1496
4480,printf,2048,64,9,1.636825,1.374451,11440
449,empty,2048,192,16,1.070936,0.808117,385
45,extrae,2048,256,12,1.819779,1.537562,204
450,tikki,2048,64,16,1.103271,0.840077,11440
451,extrae,2048,128,3,3.936622,3.672551,1496
452,scorep,2048,128,7,1.910290,1.646608,1496
453,printf,2048,64,13,1.221906,0.958673,11440
454,void,2048,256,6,2.508652,2.245553,204
455,printf,2048,64,8,1.830263,1.567428,11440
456,printf,2048,64,12,1.354415,1.091791,11440
457,void,2048,192,7,1.699533,1.436706,385
458,scorep,2048,64,5,2.711122,2.447475,11440
459,extrae,2048,256,16,1.686686,1.416997,204
46,oot,2048,64,1,12.025460,11.762598,11440
460,scorep,2048,192,8,1.603064,1.339483,385
461,oot,2048,256,14,1.676057,1.316315,204
462,printf,2048,64,15,1.099991,0.837083,11440
463,tikki,2048,128,7,1.961202,1.698418,1496
464,printf,2048,64,3,4.313827,4.051025,11440
465,oot,2048,64,7,2.006926,1.743982,11440
466,printf,2048,64,4,3.319398,3.056586,11440
467,empty,2048,128,3,3.924971,3.662396,1496
468,printf,2048,192,10,1.379915,1.117134,385
469,void,2048,256,12,1.715589,1.452581,204
47,void,2048,192,12,1.234297,0.971719,385
470,void,2048,64,2,6.274442,6.011675,11440
471,printf,2048,256,4,3.231009,2.968208,204
472,oot,2048,256,11,1.755456,1.492680,204
473,oot,2048,256,8,2.101815,1.838886,204
474,oot,2048,192,6,1.894438,1.631887,385
475,scorep,2048,64,14,1.166562,0.903119,11440
476,tikki,2048,256,6,2.557625,2.294793,204
477,tikki,2048,64,8,1.858584,1.595814,11440
478,oot,2048,128,4,3.037996,2.774441,1496
479,extrae,2048,64,12,1.475856,1.120062,11440
48,printf,2048,256,16,1.540240,1.276956,204
480,scorep,2048,128,13,1.209505,0.945905,1496
481,extrae,2048,256,7,2.272748,2.009483,204
482,oot,2048,64,12,1.355721,1.092661,11440
483,printf,2048,128,7,1.909862,1.647319,1496
484,oot,2048,192,2,4.751704,4.488962,385
485,void,2048,128,4,3.041394,2.766517,1496
486,oot,2048,64,6,2.305368,2.042725,11440
487,tikki,2048,128,5,2.552489,2.289882,1496
488,printf,2048,128,10,1.456114,1.193228,1496
489,oot,2048,64,1,12.024041,11.761143,11440
49,tikki,2048,256,11,1.795779,1.533030,204
490,void,2048,256,10,1.807500,1.545025,204
491,oot,2048,256,16,1.533618,1.270673,204
492,tikki,2048,256,3,4.208817,3.946077,204
493,oot,2048,128,7,1.905653,1.642864,1496
494,empty,2048,192,11,1.287404,1.024590,385
495,oot,2048,64,9,1.662312,1.399486,11440
496,printf,2048,128,8,1.710901,1.448107,1496
497,void,2048,192,2,4.694264,4.431077,385
498,void,2048,256,2,5.883096,5.620219,204
499,scorep,2048,128,11,1.357968,1.094632,1496
5,printf,2048,128,14,1.158605,0.895534,1496
50,empty,2048,128,7,1.900426,1.637686,1496
500,tikki,2048,192,16,1.147135,0.884557,385
501,tikki,2048,128,16,1.107859,0.844638,1496
502,extrae,2048,256,15,1.718071,1.448452,204
503,scorep,2048,192,5,2.149894,1.886260,385
504,oot,2048,256,5,2.861252,2.501235,204
505,void,2048,64,13,1.252048,0.950469,11440
506,void,2048,128,11,1.350047,1.087286,1496
507,printf,2048,256,16,1.542815,1.280084,204
508,scorep,2048,256,2,5.866715,5.603301,204
509,printf,2048,256,9,1.942131,1.679270,204
51,tikki,2048,128,10,1.490476,1.227671,1496
510,tikki,2048,256,11,1.800961,1.538339,204
511,scorep,2048,192,11,1.309804,1.046281,385
512,scorep,2048,192,9,1.466831,1.203176,385
513,printf,2048,64,10,1.510243,1.247177,11440
514,printf,2048,256,8,2.103597,1.840824,204
515,tikki,2048,192,14,1.173007,0.910104,385
516,extrae,2048,192,2,4.721609,4.458077,385
517,void,2048,256,5,2.760488,2.497687,204
518,scorep,2048,192,3,3.312448,3.048881,385
519,printf,2048,64,14,1.245688,0.894781,11440
52,scorep,2048,64,9,1.659345,1.395956,11440
520,empty,2048,192,3,3.272618,3.009316,385
521,scorep,2048,256,15,1.548790,1.285223,204
522,empty,2048,128,2,5.738662,5.475304,1496
523,empty,2048,64,4,3.276213,3.013573,11440
524,scorep,2048,64,15,1.099996,0.836241,11440
525,void,2048,256,3,4.175157,3.912290,204
526,extrae,2048,256,13,1.702481,1.439222,204
527,tikki,2048,256,15,1.629268,1.366733,204
528,empty,2048,64,7,2.003233,1.739869,11440
529,tikki,2048,256,16,1.568636,1.305923,204
53,empty,2048,128,12,1.266532,1.003806,1496
530,scorep,2048,192,16,1.053006,0.789678,385
531,extrae,2048,64,11,1.487311,1.217443,11440
532,extrae,2048,256,1,11.301846,10.942076,204
533,tikki,2048,256,7,2.291166,2.028591,204
534,extrae,2048,64,7,2.046845,1.783159,11440
535,extrae,2048,128,15,1.188206,0.918572,1496
536,oot,2048,128,16,1.045956,0.783545,1496
537,oot,2048,256,2,5.858576,5.595885,204
538,printf,2048,192,9,1.478867,1.216148,385
539,empty,2048,128,13,1.208222,0.945400,1496
54,tikki,2048,128,6,2.187808,1.924520,1496
540,empty,2048,192,12,1.234980,0.972283,385
541,oot,2048,256,13,1.623877,1.361103,204
542,extrae,2048,64,13,1.327692,1.058021,11440
543,tikki,2048,128,11,1.407545,1.145095,1496
544,empty,2048,64,6,2.312183,2.049014,11440
545,void,2048,192,13,1.183219,0.920500,385
546,oot,2048,256,3,4.169388,3.906739,204
547,void,2048,128,12,1.267746,1.004922,1496
548,extrae,2048,128,2,5.752629,5.489078,1496
549,scorep,2048,128,2,5.775090,5.511475,1496
55,void,2048,256,14,1.582579,1.319921,204
550,extrae,2048,128,7,1.928820,1.665647,1496
551,printf,2048,256,12,1.713506,1.451048,204
552,printf,2048,192,2,4.740415,4.477771,385
553,tikki,2048,64,9,1.692385,1.429378,11440
554,void,2048,64,4,3.271751,3.008504,11440
555,empty,2048,256,10,1.809023,1.546162,204
556,oot,2048,256,4,3.212002,2.949057,204
557,empty,2048,192,8,1.599766,1.336779,385
558,void,2048,192,5,2.169843,1.907057,385
559,scorep,2048,128,10,1.455142,1.191439,1496
56,void,2048,192,4,2.568943,2.306001,385
560,tikki,2048,192,3,3.357766,3.094783,385
561,printf,2048,256,14,1.585850,1.322946,204
562,printf,2048,256,6,2.512609,2.249857,204
563,printf,2048,64,7,2.040519,1.777680,11440
564,tikki,2048,128,14,1.196150,0.932814,1496
565,extrae,2048,128,4,3.047580,2.784220,1496
566,void,2048,192,9,1.466324,1.203361,385
567,void,2048,256,7,2.253140,1.990258,204
568,printf,2048,192,7,1.702882,1.440227,385
569,void,2048,192,4,2.601591,2.338800,385
57,tikki,2048,64,10,1.546005,1.283311,11440
570,extrae,2048,256,8,2.132313,1.868434,204
571,oot,2048,256,12,1.716909,1.454054,204
572,oot,2048,128,12,1.263244,1.000296,1496
573,extrae,2048,192,15,1.244457,0.974715,385
574,void,2048,64,3,4.268536,4.006125,11440
575,empty,2048,64,2,6.273602,6.010916,11440
576,scorep,2048,256,14,1.593062,1.329680,204
577,printf,2048,192,12,1.235995,0.973392,385
578,oot,2048,128,3,3.936737,3.673775,1496
579,void,2048,128,5,2.498588,2.235891,1496
58,void,2048,128,9,1.564174,1.300920,1496
580,extrae,2048,128,10,1.514073,1.244398,1496
581,empty,2048,128,15,1.098726,0.835800,1496
582,scorep,2048,64,7,2.040624,1.776745,11440
583,scorep,2048,256,16,1.540072,1.276182,204
584,extrae,2048,256,2,5.879334,5.615431,204
585,empty,2048,256,12,1.719083,1.456576,204
586,oot,2048,128,2,5.739782,5.476907,1496
587,extrae,2048,192,4,2.608162,2.344924,385
588,printf,2048,128,6,2.156232,1.893093,1496
589,oot,2048,64,8,1.792123,1.529254,11440
59,void,2048,64,10,1.536018,1.273335,11440
590,void,2048,192,3,3.293771,3.031050,385
591,oot,2048,128,13,1.207401,0.944502,1496
592,oot,2048,128,5,2.493449,2.230649,1496
593,scorep,2048,64,16,1.054538,0.790899,11440
594,scorep,2048,64,13,1.236472,0.973117,11440
595,tikki,2048,192,5,2.216338,1.953646,385
596,extrae,2048,64,10,1.547395,1.284402,11440
597,void,2048,128,10,1.453493,1.190813,1496
598,extrae,2048,192,14,1.281262,1.010813,385
599,oot,2048,64,5,2.701579,2.439129,11440
6,oot,2048,192,6,1.896631,1.633865,385
60,void,2048,192,10,1.384193,1.121071,385
600,empty,2048,256,7,2.251602,1.989019,204
601,extrae,2048,256,6,2.515026,2.251116,204
602,empty,2048,256,16,1.543406,1.280975,204
603,extrae,2048,64,3,4.332408,4.069311,11440
604,void,2048,192,8,1.590793,1.327790,385
605,void,2048,256,4,3.262150,2.999353,204
606,extrae,2048,192,1,9.029081,8.765455,385
607,void,2048,64,10,1.534072,1.271636,11440
608,printf,2048,64,6,2.331399,2.068827,11440
609,empty,2048,128,14,1.156209,0.892987,1496
61,empty,2048,192,7,1.705660,1.442986,385
610,void,2048,64,7,2.030505,1.764737,11440
611,printf,2048,64,1,12.106161,11.843085,11440
612,scorep,2048,192,15,1.121213,0.857456,385
613,void,2048,64,1,12.018497,11.755977,11440
614,void,2048,128,2,5.722836,5.459499,1496
615,scorep,2048,192,2,4.730396,4.466883,385
616,extrae,2048,128,8,1.715828,1.452304,1496
617,extrae,2048,192,9,1.583960,1.314148,385
618,printf,2048,256,13,1.628957,1.366095,204
619,void,2048,128,9,1.548262,1.285506,1496
62,empty,2048,128,16,1.052563,0.789302,1496
620,oot,2048,192,15,1.088176,0.825346,385
621,void,2048,256,1,11.191260,10.928080,204
622,tikki,2048,256,1,11.189763,10.927212,204
623,oot,2048,192,5,2.159352,1.896411,385
624,oot,2048,256,1,11.196850,10.934014,204
625,oot,2048,192,14,1.138613,0.876018,385
626,printf,2048,128,2,5.780413,5.517126,1496
627,printf,2048,192,8,1.602515,1.339844,385
628,extrae,2048,256,14,1.710028,1.440211,204
629,void,2048,192,11,1.292927,1.030526,385
63,void,2048,256,1,11.195940,10.933207,204
630,extrae,2048,192,16,1.209983,0.940575,385
631,extrae,2048,64,2,6.372421,6.108694,11440
632,scorep,2048,192,10,1.380212,1.116668,385
633,oot,2048,256,7,2.248617,1.985520,204
634,tikki,2048,256,2,5.900452,5.637121,204
635,void,2048,64,6,2.304853,2.041861,11440
636,printf,2048,128,14,1.163762,0.901144,1496
637,empty,2048,256,11,1.763305,1.500235,204
638,void,2048,128,16,1.058045,0.794907,1496
639,oot,2048,192,1,9.020795,8.758065,385
64,tikki,2048,128,8,1.743627,1.481038,1496
640,printf,2048,256,11,1.761917,1.498607,204
641,oot,2048,192,8,1.599042,1.336448,385
642,scorep,2048,192,14,1.148176,0.884598,385
643,tikki,2048,64,1,12.151910,11.888577,11440
644,oot,2048,256,6,2.495320,2.232758,204
645,empty,2048,192,4,2.573832,2.310982,385
646,scorep,2048,128,9,1.578801,1.303996,1496
647,void,2048,128,7,1.904685,1.641583,1496
648,oot,2048,192,16,1.056219,0.793350,385
649,scorep,2048,64,1,12.039093,11.775476,11440
65,tikki,2048,256,9,1.978537,1.715723,204
650,extrae,2048,64,1,12.058921,11.795796,11440
651,empty,2048,192,9,1.468021,1.204932,385
652,tikki,2048,128,15,1.144397,0.881644,1496
653,empty,2048,192,1,8.978204,8.715360,385
654,void,2048,64,16,1.047109,0.784602,11440
655,scorep,2048,256,5,2.846159,2.497075,204
656,printf,2048,256,15,1.567128,1.303730,204
657,oot,2048,192,3,3.303913,3.040610,385
658,tikki,2048,64,2,6.342066,6.079099,11440
659,void,2048,128,8,1.706414,1.443140,1496
66,void,2048,192,9,1.473889,1.210561,385
660,extrae,2048,64,16,1.169661,0.900114,11440
661,tikki,2048,256,9,2.015888,1.752933,204
662,tikki,2048,64,12,1.415910,1.153183,11440
663,void,2048,192,15,1.117371,0.854515,385
664,empty,2048,128,10,1.451169,1.188303,1496
665,empty,2048,192,14,1.145400,0.882520,385
666,void,2048,64,15,1.088983,0.826010,11440
667,printf,2048,64,11,1.397310,1.134577,11440
668,empty,2048,64,1,12.011764,11.748843,11440
669,empty,2048,256,6,2.503759,2.240886,204
67,printf,2048,192,14,1.158415,0.895547,385
670,extrae,2048,192,6,1.919554,1.655566,385
671,extrae,2048,256,11,1.864063,1.594281,204
672,extrae,2048,128,11,1.425877,1.155488,1496
673,tikki,2048,64,5,2.746920,2.483844,11440
674,printf,2048,128,5,2.502032,2.239347,1496
675,void,2048,128,14,1.156717,0.893536,1496
676,scorep,2048,256,4,3.202017,2.938514,204
677,extrae,2048,128,14,1.253943,0.984084,1496
678,empty,2048,128,4,3.032018,2.769562,1496
679,scorep,2048,256,9,1.949758,1.685985,204
68,empty,2048,192,10,1.371820,1.109173,385
680,oot,2048,128,14,1.160707,0.898051,1496
681,extrae,2048,128,6,2.175972,1.912044,1496
682,empty,2048,64,15,1.092832,0.830365,11440
683,printf,2048,128,4,3.036038,2.773221,1496
684,extrae,2048,192,10,1.469245,1.199591,385
685,empty,2048,128,7,1.903638,1.641221,1496
686,oot,2048,192,7,1.703470,1.440389,385
687,tikki,2048,64,14,1.209736,0.946972,11440
688,scorep,2048,192,6,1.905379,1.641670,385
689,printf,2048,192,13,1.168144,0.905456,385
69,printf,2048,192,5,2.161961,1.899034,385
690,printf,2048,192,15,1.113453,0.850185,385
691,printf,2048,64,5,2.715763,2.452842,11440
692,void,2048,64,9,1.660137,1.397450,11440
693,oot,2048,64,14,1.153529,0.890834,11440
694,scorep,2048,64,6,2.316284,2.052675,11440
695,oot,2048,192,10,1.369816,1.107154,385
696,scorep,2048,256,8,2.101181,1.837636,204
697,tikki,2048,192,7,1.758284,1.495571,385
698,printf,2048,128,11,1.352799,1.089973,1496
699,scorep,2048,64,9,1.682390,1.418653,11440
7,printf,2048,128,16,1.095562,0.793223,1496
70,oot,2048,192,9,1.469976,1.206763,385
700,extrae,2048,128,16,1.152266,0.882512,1496
701,tikki,2048,128,4,3.063207,2.800795,1496
702,tikki,2048,128,3,4.012062,3.737820,1496
703,scorep,2048,256,10,1.805287,1.541562,204
704,scorep,2048,64,4,3.294626,3.030842,11440
705,oot,2048,192,4,2.594388,2.331747,385
706,empty,2048,64,14,1.144612,0.881793,11440
707,void,2048,256,16,1.539847,1.277036,204
708,empty,2048,128,12,1.266408,1.003654,1496
709,void,2048,128,1,11.081840,10.819028,1496
71,tikki,2048,128,1,11.070714,10.807980,1496
710,oot,2048,64,2,6.305823,6.043031,11440
711,void,2048,192,16,1.154926,0.795395,385
712,scorep,2048,128,3,3.943017,3.679374,1496
713,empty,2048,256,15,1.588128,1.325328,204
714,extrae,2048,128,12,1.339082,1.069369,1496
715,scorep,2048,128,15,1.100532,0.837070,1496
716,tikki,2048,128,9,1.607323,1.344731,1496
717,scorep,2048,128,16,1.062986,0.800007,1496
718,extrae,2048,64,9,1.706011,1.435661,11440
719,printf,2048,192,11,1.286322,1.023781,385
72,void,2048,192,1,8.982321,8.719753,385
720,oot,2048,64,16,1.053341,0.790431,11440
721,void,2048,256,11,1.760034,1.496956,204
722,oot,2048,256,10,1.809173,1.545739,204
723,extrae,2048,64,14,1.266085,0.996277,11440
724,empty,2048,64,9,1.632397,1.369454,11440
725,empty,2048,192,6,1.902309,1.638988,385
726,scorep,2048,128,4,3.041494,2.778236,1496
727,printf,2048,256,3,4.169821,3.906799,204
728,void,2048,256,15,1.562796,1.300055,204
729,tikki,2048,192,2,4.823695,4.560606,385
73,extrae,2048,64,3,4.360189,4.096264,11440
730,scorep,2048,128,6,2.158501,1.895005,1496
731,void,2048,128,13,1.208421,0.945617,1496
732,void,2048,192,12,1.234261,0.971172,385
733,extrae,2048,64,6,2.336242,2.073011,11440
734,printf,2048,64,2,6.326583,6.064013,11440
735,empty,2048,192,7,1.696028,1.433312,385
736,extrae,2048,128,13,1.281011,1.017955,1496
737,tikki,2048,192,8,1.641656,1.378547,385
738,empty,2048,256,9,1.937579,1.674815,204
739,printf,2048,192,6,1.897507,1.634176,385
74,oot,2048,128,16,1.054760,0.792178,1496
740,oot,2048,128,6,2.151817,1.888947,1496
741,tikki,2048,128,6,2.210182,1.947534,1496
742,extrae,2048,192,3,3.305200,3.041765,385
743,void,2048,64,11,1.391832,1.128893,11440
744,extrae,2048,192,7,1.722369,1.459340,385
745,empty,2048,64,13,1.212549,0.949554,11440
746,tikki,2048,192,11,1.344833,1.081644,385
747,tikki,2048,192,10,1.415643,1.152550,385
748,empty,2048,192,5,2.143538,1.880820,385
749,empty,2048,192,15,1.114962,0.851923,385
75,empty,2048,64,9,1.661875,1.399187,11440
750,tikki,2048,192,15,1.147856,0.884663,385
751,void,2048,192,10,1.370948,1.107169,385
752,void,2048,256,14,1.584666,1.321677,204
753,extrae,2048,256,3,4.167857,3.903860,204
754,extrae,2048,64,15,1.221612,0.952116,11440
755,printf,2048,256,5,2.767227,2.504674,204
756,scorep,2048,192,13,1.168559,0.905197,385
757,scorep,2048,256,6,2.516085,2.252276,204
758,tikki,2048,128,1,11.126461,10.863630,1496
759,printf,2048,192,4,2.598119,2.335518,385
76,empty,2048,128,4,3.034692,2.772074,1496
760,void,2048,256,13,1.627579,1.364787,204
761,tikki,2048,64,6,2.340408,2.077147,11440
762,empty,2048,256,4,3.271147,3.007756,204
763,empty,2048,256,3,4.173079,3.910124,204
764,void,2048,64,8,1.820723,1.557848,11440
765,printf,2048,128,13,1.206260,0.943538,1496
766,tikki,2048,64,13,1.257759,0.994775,11440
767,extrae,2048,192,13,1.286360,1.016895,385
768,printf,2048,128,9,1.564681,1.302126,1496
769,printf,2048,128,15,1.103946,0.841018,1496
77,extrae,2048,256,14,1.704162,1.434341,204
770,tikki,2048,128,13,1.265494,1.002680,1496
771,tikki,2048,192,1,9.054135,8.791334,385
772,tikki,2048,64,4,3.353786,3.091208,11440
773,tikki,2048,128,10,1.506141,1.242930,1496
774,printf,2048,192,16,1.075806,0.813082,385
775,empty,2048,64,8,1.821020,1.557655,11440
776,extrae,2048,256,12,1.784464,1.520596,204
777,scorep,2048,64,11,1.400041,1.136379,11440
778,oot,2048,128,1,11.095961,10.833107,1496
779,extrae,2048,192,5,2.174608,1.911141,385
78,scorep,2048,192,12,1.237384,0.973793,385
780,scorep,2048,64,12,1.369693,1.106068,11440
781,oot,2048,128,11,1.384183,1.093386,1496
782,printf,2048,64,9,1.670839,1.407715,11440
783,empty,2048,128,11,1.356059,1.092912,1496
784,empty,2048,128,16,1.046071,0.783024,1496
785,printf,2048,192,5,2.164104,1.889986,385
786,empty,2048,256,14,1.587337,1.323962,204
787,void,2048,64,5,2.677363,2.414455,11440
788,empty,2048,256,5,2.754020,2.491229,204
789,scorep,2048,192,7,1.706728,1.443257,385
79,printf,2048,128,8,1.705732,1.443125,1496
790,oot,2048,192,11,1.293647,1.030794,385
791,empty,2048,256,8,2.102512,1.839839,204
792,extrae,2048,128,5,2.499752,2.236203,1496
793,scorep,2048,128,5,2.505297,2.241817,1496
794,void,2048,128,15,1.103119,0.839999,1496
795,extrae,2048,128,1,11.096293,10.832640,1496
796,extrae,2048,192,11,1.346578,1.082692,385
797,printf,2048,192,3,3.275285,3.012526,385
798,scorep,2048,64,8,1.831602,1.567834,11440
799,oot,2048,64,3,4.304382,4.041372,11440
8,oot,2048,192,1,9.022924,8.759705,385
80,extrae,2048,192,14,1.245067,0.975537,385
800,void,2048,128,6,2.146491,1.883382,1496
801,empty,2048,64,10,1.530436,1.267695,11440
802,oot,2048,64,4,3.281589,3.018726,11440
803,extrae,2048,64,4,3.345539,3.081858,11440
804,scorep,2048,192,4,2.595013,2.331389,385
805,oot,2048,64,10,1.533267,1.270048,11440
806,tikki,2048,256,8,2.144612,1.881693,204
807,printf,2048,256,2,5.895021,5.632371,204
808,tikki,2048,64,11,1.474821,1.212138,11440
809,empty,2048,128,9,1.563286,1.300758,1496
81,tikki,2048,64,14,1.199467,0.936511,11440
810,extrae,2048,128,9,1.624249,1.354434,1496
811,empty,2048,128,6,2.153230,1.890488,1496
812,empty,2048,64,12,1.352086,1.088976,11440
813,extrae,2048,256,9,2.050273,1.780797,204
814,oot,2048,128,10,1.447792,1.184992,1496
815,empty,2048,192,10,1.374843,1.112097,385
816,tikki,2048,128,8,1.768192,1.505471,1496
817,extrae,2048,256,4,3.276359,3.013230,204
818,scorep,2048,128,12,1.272886,1.009328,1496
819,void,2048,192,1,8.992895,8.729902,385
82,tikki,2048,256,1,11.261314,10.998110,204
820,tikki,2048,192,6,1.947307,1.684788,385
821,scorep,2048,64,3,4.310531,4.047291,11440
822,oot,2048,64,11,1.433124,1.169800,11440
823,oot,2048,64,15,1.100718,0.837567,11440
824,extrae,2048,64,8,1.847298,1.583387,11440
825,tikki,2048,192,12,1.276003,1.013642,385
826,tikki,2048,192,9,1.516885,1.254131,385
827,tikki,2048,64,15,1.160063,0.896221,11440
828,tikki,2048,256,14,1.631650,1.368887,204
829,printf,2048,192,1,8.997925,8.735163,385
83,extrae,2048,128,15,1.190494,0.920942,1496
830,printf,2048,256,1,11.180242,10.917054,204
831,tikki,2048,192,13,1.213639,0.950679,385
832,empty,2048,64,3,4.274882,4.011570,11440
833,scorep,2048,256,1,11.198004,10.934414,204
834,extrae,2048,256,5,2.775984,2.512385,204
835,empty,2048,256,2,5.882314,5.616717,204
836,printf,2048,128,16,1.053408,0.790810,1496
837,scorep,2048,256,11,1.768286,1.504806,204
838,void,2048,64,12,1.306839,1.044034,11440
839,tikki,2048,64,7,2.073711,1.810902,11440
84,extrae,2048,256,13,1.737119,1.467222,204
840,empty,2048,128,1,11.139127,10.876045,1496
841,oot,2048,128,8,1.710447,1.447923,1496
842,tikki,2048,64,10,1.551463,1.287831,11440
843,empty,2048,256,1,11.202317,10.939611,204
844,tikki,2048,256,10,1.867753,1.604848,204
845,extrae,2048,64,5,2.725072,2.461518,11440
846,oot,2048,256,9,1.933814,1.671313,204
847,tikki,2048,256,4,3.312677,3.049953,204
848,printf,2048,64,16,1.052909,0.789584,11440
849,extrae,2048,192,12,1.344787,1.075255,385
85,empty,2048,256,10,1.799421,1.536506,204
850,tikki,2048,64,3,4.342747,4.080192,11440
851,empty,2048,64,11,1.394731,1.131904,11440
852,tikki,2048,128,12,1.308748,1.045568,1496
853,scorep,2048,256,7,2.229408,1.965919,204
854,scorep,2048,64,2,6.306808,6.043357,11440
855,void,2048,192,6,1.896342,1.633507,385
856,scorep,2048,192,12,1.248326,0.984898,385
857,empty,2048,128,5,2.491244,2.228398,1496
858,oot,2048,256,15,1.563115,1.300095,204
859,oot,2048,128,15,1.099922,0.837232,1496
86,void,2048,192,6,1.900828,1.638140,385
860,void,2048,64,14,1.151830,0.888798,11440
861,empty,2048,128,8,1.718448,1.455641,1496
862,empty,2048,64,16,1.050611,0.787654,11440
863,tikki,2048,256,5,2.803001,2.540145,204
864,scorep,2048,64,10,1.510451,1.246813,11440
865,void,2048,128,3,3.927387,3.664572,1496
866,empty,2048,192,2,4.714202,4.451091,385
867,tikki,2048,192,4,2.661738,2.398720,385
868,void,2048,256,9,1.943454,1.680652,204
869,scorep,2048,128,1,11.098370,10.834961,1496
87,oot,2048,128,7,1.902003,1.639198,1496
870,empty,2048,64,5,2.673829,2.411293,11440
871,scorep,2048,256,13,1.629924,1.366349,204
872,void,2048,192,14,1.113791,0.850865,385
873,printf,2048,192,14,1.151684,0.888453,385
874,tikki,2048,256,13,1.666874,1.403964,204
875,scorep,2048,128,14,1.160348,0.897049,1496
876,void,2048,256,8,2.099979,1.836916,204
877,oot,2048,64,13,1.219376,0.956471,11440
878,extrae,2048,192,8,1.621416,1.357336,385
879,printf,2048,256,7,2.259903,1.997436,204
88,tikki,2048,64,3,4.370889,4.107620,11440
880,oot,2048,128,9,1.569085,1.306285,1496
881,oot,2048,192,9,1.473463,1.210554,385
882,printf,2048,128,1,11.091964,10.828987,1496
883,extrae,2048,256,10,1.918439,1.648612,204
884,empty,2048,256,13,1.627498,1.365058,204
885,printf,2048,128,12,1.349118,1.000582,1496
886,printf,2048,256,10,1.810820,1.547947,204
887,oot,2048,192,13,1.182770,0.919975,385
888,oot,2048,192,12,1.246339,0.983455,385
889,printf,2048,128,3,3.962908,3.699866,1496
89,empty,2048,256,16,1.537522,1.274453,204
890,scorep,2048,192,1,9.007479,8.743939,385
891,empty,2048,192,13,1.182933,0.920006,385
892,scorep,2048,128,8,1.699864,1.436305,1496
893,scorep,2048,256,3,4.159104,3.895641,204
894,scorep,2048,256,12,1.718398,1.455150,204
895,tikki,2048,128,2,5.773128,5.509920,1496
896,tikki,2048,256,12,1.770635,1.507951,204
897,extrae,2048,128,4,3.049699,2.786527,1496
898,void,2048,64,9,1.623079,1.360618,11440
899,printf,2048,128,13,1.208124,0.945353,1496
9,printf,2048,192,6,1.897808,1.635165,385
90,tikki,2048,192,15,1.202304,0.911260,385
900,printf,2048,64,15,1.101797,0.838801,11440
901,extrae,2048,64,13,1.321603,1.052208,11440
902,extrae,2048,128,6,2.173555,1.910229,1496
903,tikki,2048,64,15,1.152750,0.879000,11440
904,extrae,2048,64,1,12.056700,11.793594,11440
905,tikki,2048,128,8,1.754516,1.492058,1496
906,empty,2048,256,16,1.541374,1.278037,204
907,extrae,2048,192,10,1.477115,1.207252,385
908,extrae,2048,192,11,1.403867,1.134193,385
909,extrae,2048,192,9,1.593033,1.322869,385
91,oot,2048,256,2,5.873885,5.611156,204
910,empty,2048,64,10,1.532265,1.269754,11440
911,scorep,2048,64,16,1.063008,0.799024,11440
912,scorep,2048,192,2,4.701414,4.437666,385
913,tikki,2048,64,16,1.091962,0.828888,11440
914,void,2048,64,2,6.307494,6.044603,11440
915,scorep,2048,64,7,2.031868,1.768425,11440
916,empty,2048,128,11,1.348130,1.085345,1496
917,empty,2048,64,8,1.789460,1.526585,11440
918,scorep,2048,256,2,5.859234,5.595436,204
919,scorep,2048,192,7,1.705381,1.441760,385
92,void,2048,128,1,11.084933,10.821324,1496
920,tikki,2048,192,5,2.174790,1.912055,385
921,extrae,2048,128,12,1.344226,1.074509,1496
922,oot,2048,64,5,2.697322,2.434758,11440
923,void,2048,192,15,1.112458,0.849338,385
924,void,2048,192,3,3.283046,3.020190,385
925,empty,2048,64,2,6.275365,6.012129,11440
926,oot,2048,128,4,3.033969,2.770639,1496
927,printf,2048,192,7,1.705067,1.442188,385
928,scorep,2048,192,16,1.078948,0.815604,385
929,oot,2048,256,7,2.251476,1.988828,204
93,scorep,2048,192,1,9.010884,8.747445,385
930,extrae,2048,192,1,8.978927,8.715747,385
931,void,2048,64,6,2.305544,2.042594,11440
932,tikki,2048,64,4,3.333511,3.070467,11440
933,empty,2048,128,16,1.054226,0.791184,1496
934,void,2048,256,15,1.583786,1.320562,204
935,scorep,2048,64,9,1.638923,1.375654,11440
936,oot,2048,64,7,2.005172,1.742024,11440
937,printf,2048,64,11,1.448155,1.173855,11440
938,oot,2048,192,8,1.592578,1.329758,385
939,tikki,2048,256,2,5.866076,5.603515,204
94,tikki,2048,128,5,2.549371,2.286811,1496
940,printf,2048,64,10,1.545657,1.282899,11440
941,void,2048,192,4,2.588581,2.325863,385
942,empty,2048,256,7,2.249110,1.986150,204
943,void,2048,256,10,1.811809,1.548967,204
944,printf,2048,64,9,1.644584,1.381629,11440
945,printf,2048,192,3,3.306454,3.043549,385
946,empty,2048,192,13,1.180633,0.917781,385
947,oot,2048,128,2,5.731086,5.468352,1496
948,void,2048,256,5,2.760893,2.497928,204
949,empty,2048,256,3,4.172024,3.909180,204
95,tikki,2048,64,16,1.120838,0.858083,11440
950,scorep,2048,64,6,2.316777,2.053535,11440
951,tikki,2048,256,12,1.772500,1.509756,204
952,printf,2048,256,16,1.544705,1.281898,204
953,void,2048,64,7,2.001691,1.738980,11440
954,empty,2048,256,2,5.861389,5.598478,204
955,extrae,2048,256,15,1.714501,1.444700,204
956,void,2048,192,13,1.182401,0.919628,385
957,empty,2048,192,7,1.703197,1.439851,385
958,printf,2048,128,1,11.090838,10.828031,1496
959,scorep,2048,128,5,2.516127,2.252809,1496
96,oot,2048,192,13,1.164652,0.901898,385
960,extrae,2048,128,8,1.720828,1.456677,1496
961,scorep,2048,64,4,3.305771,3.041842,11440
962,scorep,2048,192,12,1.241531,0.977909,385
963,oot,2048,256,4,3.305027,3.041801,204
964,void,2048,128,9,1.566172,1.302861,1496
965,tikki,2048,64,6,2.370187,2.107326,11440
966,scorep,2048,256,15,1.571532,1.307849,204
967,tikki,2048,128,14,1.205078,0.942392,1496
968,tikki,2048,256,14,1.634341,1.371120,204
969,tikki,2048,64,12,1.401511,1.138382,11440
97,oot,2048,256,5,2.761954,2.499008,204
970,tikki,2048,128,13,1.261536,0.998372,1496
971,extrae,2048,192,8,1.625624,1.361623,385
972,extrae,2048,64,15,1.221214,0.951363,11440
973,oot,2048,256,8,2.096784,1.834372,204
974,printf,2048,64,13,1.219967,0.957321,11440
975,void,2048,192,6,1.896444,1.633519,385
976,extrae,2048,64,11,1.491768,1.221712,11440
977,tikki,2048,192,4,2.627630,2.365083,385
978,empty,2048,256,13,1.631170,1.367667,204
979,empty,2048,192,3,3.297924,3.035335,385
98,oot,2048,256,16,1.540761,1.277840,204
980,empty,2048,64,15,1.095511,0.832644,11440
981,extrae,2048,64,6,2.338701,2.074685,11440
982,empty,2048,128,4,3.038230,2.775505,1496
983,void,2048,192,16,1.048077,0.785000,385
984,extrae,2048,192,4,2.609119,2.345697,385
985,extrae,2048,64,10,1.597868,1.327949,11440
986,printf,2048,256,13,1.627557,1.364841,204
987,printf,2048,128,7,1.900575,1.637944,1496
988,scorep,2048,192,9,1.468147,1.204535,385
989,oot,2048,128,9,1.558925,1.296292,1496
99,void,2048,256,12,1.721117,1.457924,204
990,scorep,2048,64,14,1.170854,0.907406,11440
991,empty,2048,256,6,2.509177,2.245741,204
992,empty,2048,256,5,2.758492,2.495647,204
993,scorep,2048,128,4,3.032985,2.769495,1496
994,tikki,2048,64,1,12.151356,11.888434,11440
995,void,2048,128,10,1.445819,1.182649,1496
996,void,2048,64,13,1.220422,0.957242,11440
997,printf,2048,192,5,2.149302,1.886531,385
998,void,2048,64,14,1.150806,0.888068,11440
999,extrae,2048,192,16,1.236123,0.966187,385
