run,type,problemsize,subproblemsize,threads,apptime,comptime,tasks
1,extrae,10000,500,7,1.595301,1.063971,4000
10,empty,10000,500,14,1.592100,1.063955,4000
100,void,10000,2000,14,1.644553,1.116509,250
1000,tikki,10000,250,15,1.586342,1.050546,16000
1001,scorep,10000,250,9,1.547301,1.007575,16000
1002,tikki,10000,1000,16,1.631888,1.100264,1000
1003,empty,10000,500,1,7.352899,6.816986,4000
1004,printf,10000,500,14,1.597044,1.061769,4000
1005,void,10000,250,1,7.384926,6.853564,16000
1006,empty,10000,2000,14,1.696852,1.160774,250
1007,extrae,10000,500,12,1.645779,1.113764,4000
1008,tikki,10000,250,2,3.822994,3.290238,16000
1009,tikki,10000,1000,6,1.709209,1.179455,1000
101,extrae,10000,2000,11,1.678946,1.150465,250
1010,oot,10000,250,6,1.656296,1.123716,16000
1011,printf,10000,1000,2,3.727009,3.194223,1000
1012,oot,10000,250,11,1.558152,1.024130,16000
1013,printf,10000,250,5,1.864110,1.330766,16000
1014,extrae,10000,500,14,1.666696,1.126635,4000
1015,scorep,10000,2000,5,1.943737,1.410419,250
1016,void,10000,1000,13,1.610587,1.077798,1000
1017,printf,10000,2000,15,1.642342,1.107726,250
1018,empty,10000,250,3,2.652285,2.118640,16000
1019,extrae,10000,1000,1,7.348171,6.816937,1000
102,empty,10000,1000,3,2.654928,2.125391,1000
1020,tikki,10000,500,16,1.644736,1.110991,4000
1021,tikki,10000,500,10,1.644473,1.114487,4000
1022,printf,10000,500,5,1.814045,1.282929,4000
1023,printf,10000,500,4,2.119088,1.587197,4000
1024,scorep,10000,500,2,3.823520,3.290535,4000
1025,printf,10000,1000,5,1.873730,1.340454,1000
1026,void,10000,2000,10,1.651910,1.121323,250
1027,empty,10000,250,6,1.644240,1.111391,16000
1028,tikki,10000,250,1,7.853316,7.316392,16000
1029,tikki,10000,2000,9,1.664207,1.132968,250
103,scorep,10000,500,4,2.154970,1.620472,4000
1030,empty,10000,1000,10,1.599141,1.065660,1000
1031,oot,10000,250,15,1.533364,0.998653,16000
1032,printf,10000,250,12,1.537089,1.005881,16000
1033,void,10000,250,11,1.550286,1.015873,16000
1034,tikki,10000,2000,8,1.661511,1.130936,250
1035,oot,10000,2000,2,3.807290,3.275376,250
1036,oot,10000,1000,16,1.587391,1.053588,1000
1037,void,10000,2000,7,1.680374,1.148826,250
1038,tikki,10000,500,12,1.659414,1.127091,4000
1039,empty,10000,250,1,7.395286,6.862983,16000
104,oot,10000,2000,9,1.629640,1.098013,250
1040,oot,10000,1000,7,1.602314,1.068058,1000
1041,empty,10000,2000,8,1.637186,1.103987,250
1042,printf,10000,500,9,1.595542,1.061953,4000
1043,scorep,10000,1000,12,1.605570,1.068535,1000
1044,oot,10000,500,15,1.622983,1.090049,4000
1045,oot,10000,250,10,1.533408,0.998935,16000
1046,empty,10000,500,2,3.682154,3.148547,4000
1047,tikki,10000,2000,15,1.682157,1.149922,250
1048,extrae,10000,2000,4,2.225033,1.688769,250
1049,scorep,10000,250,16,1.566088,1.031996,16000
105,void,10000,500,5,1.823557,1.296274,4000
1050,void,10000,1000,9,1.608130,1.074281,1000
1051,extrae,10000,500,16,1.655767,1.123884,4000
1052,printf,10000,1000,13,1.604670,1.067053,1000
1053,void,10000,2000,3,2.745204,2.211407,250
1054,extrae,10000,1000,14,1.647898,1.110447,1000
1055,empty,10000,1000,8,1.606207,1.074645,1000
1056,printf,10000,250,8,1.510461,0.979552,16000
1057,tikki,10000,2000,2,3.807438,3.276440,250
1058,oot,10000,500,5,1.809595,1.274277,4000
1059,oot,10000,250,2,3.778099,3.247657,16000
106,empty,10000,250,11,1.517130,0.989934,16000
1060,oot,10000,250,5,1.892590,1.359874,16000
1061,extrae,10000,1000,6,1.701769,1.165753,1000
1062,extrae,10000,2000,7,1.680114,1.146982,250
1063,scorep,10000,500,4,2.109017,1.572976,4000
1064,void,10000,2000,12,1.652325,1.120229,250
1065,tikki,10000,250,3,2.705184,2.174568,16000
1066,oot,10000,2000,15,1.637776,1.103765,250
1067,scorep,10000,500,14,1.602438,1.066844,4000
1068,void,10000,2000,15,1.640912,1.104499,250
1069,tikki,10000,500,11,1.650417,1.117345,4000
107,void,10000,250,10,1.545272,1.012213,16000
1070,empty,10000,250,7,1.539840,1.002387,16000
1071,extrae,10000,500,7,1.615156,1.084818,4000
1072,tikki,10000,2000,12,1.666131,1.133421,250
1073,printf,10000,1000,12,1.611004,1.069969,1000
1074,extrae,10000,250,15,1.618096,1.084869,16000
1075,extrae,10000,250,12,1.588182,1.054589,16000
1076,empty,10000,1000,6,1.668532,1.137834,1000
1077,void,10000,500,4,2.115897,1.585572,4000
1078,scorep,10000,1000,9,1.611932,1.077924,1000
1079,void,10000,250,6,1.648501,1.115385,16000
108,scorep,10000,1000,6,1.704437,1.167049,1000
1080,void,10000,250,10,1.536901,1.004039,16000
1081,extrae,10000,1000,16,1.649296,1.117365,1000
1082,tikki,10000,250,14,1.590034,1.058879,16000
1083,void,10000,1000,1,7.350180,6.817174,1000
1084,empty,10000,500,5,1.803765,1.269766,4000
1085,oot,10000,2000,1,7.371879,6.838696,250
1086,extrae,10000,250,7,1.611287,1.073543,16000
1087,scorep,10000,250,11,1.547478,1.013919,16000
1088,printf,10000,250,2,3.713495,3.178808,16000
1089,void,10000,1000,2,3.643854,3.109823,1000
109,printf,10000,1000,14,1.602509,1.071184,1000
1090,oot,10000,250,8,1.537766,1.005295,16000
1091,void,10000,1000,8,1.600592,1.067099,1000
1092,oot,10000,500,4,2.125272,1.589567,4000
1093,tikki,10000,1000,12,1.637427,1.103924,1000
1094,extrae,10000,1000,15,1.659622,1.126420,1000
1095,printf,10000,2000,6,1.764364,1.228049,250
1096,extrae,10000,1000,2,3.762960,3.226453,1000
1097,extrae,10000,2000,9,1.686779,1.155763,250
1098,oot,10000,2000,11,1.631079,1.095052,250
1099,printf,10000,250,10,1.529040,0.998221,16000
11,printf,10000,1000,10,1.601023,1.073621,1000
110,scorep,10000,250,12,1.561379,1.018825,16000
1100,tikki,10000,2000,6,1.800651,1.264755,250
1101,printf,10000,250,4,2.180418,1.648196,16000
1102,tikki,10000,500,14,1.636453,1.103969,4000
1103,tikki,10000,250,13,1.591894,1.054342,16000
1104,void,10000,2000,2,3.829077,3.297630,250
1105,tikki,10000,250,6,1.709091,1.176203,16000
1106,oot,10000,500,8,1.582296,1.047874,4000
1107,extrae,10000,500,15,1.659680,1.128217,4000
1108,void,10000,250,4,2.196056,1.662470,16000
1109,void,10000,250,16,1.558097,1.027131,16000
111,extrae,10000,1000,16,1.660032,1.130969,1000
1110,printf,10000,1000,6,1.677727,1.140398,1000
1111,empty,10000,500,14,1.585664,1.054886,4000
1112,scorep,10000,250,5,1.847220,1.314091,16000
1113,void,10000,500,11,1.584999,1.055543,4000
1114,empty,10000,2000,10,1.719647,1.188542,250
1115,void,10000,500,5,1.826595,1.290814,4000
1116,scorep,10000,500,8,1.583358,1.046419,4000
1117,empty,10000,500,12,1.597150,1.064929,4000
1118,extrae,10000,500,13,1.648095,1.110142,4000
1119,void,10000,2000,13,1.634634,1.103453,250
112,oot,10000,500,6,1.632494,1.105849,4000
1120,oot,10000,500,13,1.603504,1.073151,4000
1121,oot,10000,250,13,1.534452,1.003223,16000
1122,extrae,10000,500,8,1.600807,1.065994,4000
1123,tikki,10000,500,15,1.627404,1.094537,4000
1124,empty,10000,1000,4,2.145600,1.611404,1000
1125,tikki,10000,2000,4,2.266744,1.733560,250
1126,void,10000,2000,8,1.635165,1.099423,250
1127,extrae,10000,250,1,7.447504,6.916280,16000
1128,printf,10000,1000,8,1.610358,1.077047,1000
1129,printf,10000,2000,2,3.807381,3.276499,250
113,scorep,10000,1000,3,2.654712,2.118301,1000
1130,printf,10000,2000,11,1.625457,1.092389,250
1131,printf,10000,500,11,1.592130,1.059687,4000
1132,printf,10000,2000,3,2.707473,2.172765,250
1133,empty,10000,2000,2,3.830449,3.298784,250
1134,scorep,10000,2000,4,2.208508,1.671440,250
1135,printf,10000,2000,9,1.700856,1.163014,250
1136,scorep,10000,500,6,1.641539,1.102157,4000
1137,empty,10000,500,6,1.633658,1.100823,4000
1138,tikki,10000,1000,8,1.649611,1.117767,1000
1139,void,10000,250,12,1.528619,0.991498,16000
114,tikki,10000,500,10,1.632568,1.104519,4000
1140,void,10000,500,2,3.606065,3.069761,4000
1141,void,10000,1000,3,2.661679,2.127767,1000
1142,oot,10000,250,7,1.553418,1.019423,16000
1143,oot,10000,500,9,1.593525,1.061282,4000
1144,tikki,10000,500,7,1.603805,1.067028,4000
1145,tikki,10000,500,5,1.866618,1.334034,4000
1146,oot,10000,250,3,2.674635,2.141004,16000
1147,empty,10000,2000,13,1.622736,1.089871,250
1148,void,10000,1000,14,1.597369,1.065501,1000
1149,printf,10000,1000,3,2.689744,2.158394,1000
115,printf,10000,2000,6,1.789909,1.258786,250
1150,void,10000,500,12,1.611444,1.075658,4000
1151,printf,10000,2000,1,7.384034,6.851493,250
1152,scorep,10000,2000,10,1.721210,1.179160,250
1153,extrae,10000,250,13,1.602530,1.071768,16000
1154,oot,10000,500,3,2.703385,2.169675,4000
1155,extrae,10000,500,2,3.680138,3.143665,4000
1156,scorep,10000,2000,1,7.389256,6.855794,250
1157,printf,10000,1000,9,1.597069,1.062890,1000
1158,printf,10000,2000,7,1.696959,1.164435,250
1159,void,10000,500,13,1.597497,1.064847,4000
116,extrae,10000,1000,11,1.637545,1.110051,1000
1160,oot,10000,250,4,2.175831,1.639825,16000
1161,oot,10000,500,2,3.625604,3.090728,4000
1162,oot,10000,1000,4,2.158688,1.625659,1000
1163,extrae,10000,500,5,1.832999,1.299503,4000
1164,extrae,10000,1000,8,1.644716,1.109513,1000
1165,empty,10000,250,13,1.541913,1.008889,16000
1166,oot,10000,1000,13,1.608922,1.074194,1000
1167,scorep,10000,500,11,1.592378,1.054461,4000
1168,scorep,10000,250,13,1.538702,1.004976,16000
1169,scorep,10000,1000,10,1.606414,1.071790,1000
117,empty,10000,500,15,1.600702,1.071611,4000
1170,extrae,10000,2000,5,1.948016,1.414777,250
1171,extrae,10000,250,5,1.961482,1.428932,16000
1172,oot,10000,2000,13,1.642225,1.105614,250
1173,oot,10000,1000,14,1.602851,1.068733,1000
1174,printf,10000,1000,14,1.586298,1.054046,1000
1175,void,10000,1000,10,1.622411,1.091318,1000
1176,void,10000,1000,5,1.868349,1.335615,1000
1177,extrae,10000,250,4,2.234586,1.703555,16000
1178,printf,10000,500,12,1.614592,1.081427,4000
1179,empty,10000,1000,9,1.589637,1.058372,1000
118,extrae,10000,2000,4,2.212306,1.680378,250
1180,tikki,10000,2000,10,1.719708,1.188670,250
1181,void,10000,500,7,1.599184,1.068307,4000
1182,extrae,10000,2000,14,1.692799,1.157423,250
1183,empty,10000,250,9,1.507947,0.973950,16000
1184,empty,10000,250,11,1.532180,1.000303,16000
1185,extrae,10000,1000,9,1.639622,1.106241,1000
1186,scorep,10000,2000,15,1.709558,1.173176,250
1187,printf,10000,2000,14,1.631859,1.098589,250
1188,printf,10000,1000,11,1.618150,1.081536,1000
1189,oot,10000,1000,5,1.840477,1.307152,1000
119,void,10000,500,3,2.612174,2.083907,4000
1190,empty,10000,500,10,1.588597,1.055780,4000
1191,oot,10000,2000,16,1.656256,1.118612,250
1192,tikki,10000,250,4,2.230914,1.694433,16000
1193,oot,10000,250,1,7.417890,6.884168,16000
1194,printf,10000,250,16,1.552920,1.017813,16000
1195,empty,10000,2000,9,1.655161,1.120849,250
1196,extrae,10000,2000,8,1.658610,1.123942,250
1197,scorep,10000,250,8,1.525683,0.989826,16000
1198,scorep,10000,250,15,1.555734,1.022411,16000
1199,void,10000,250,5,1.853730,1.320414,16000
12,oot,10000,250,14,1.555313,1.023329,16000
120,printf,10000,500,12,1.598921,1.070260,4000
1200,empty,10000,250,4,2.150970,1.620379,16000
1201,tikki,10000,1000,7,1.663646,1.132931,1000
1202,printf,10000,2000,4,2.212664,1.682035,250
1203,printf,10000,250,6,1.653680,1.119904,16000
1204,empty,10000,2000,16,1.687136,1.151157,250
1205,void,10000,2000,9,1.656113,1.123600,250
1206,oot,10000,500,12,1.595061,1.060315,4000
1207,printf,10000,2000,16,1.645134,1.110618,250
1208,scorep,10000,500,9,1.596286,1.059987,4000
1209,empty,10000,2000,4,2.208071,1.677585,250
121,scorep,10000,250,10,1.554231,1.019692,16000
1210,empty,10000,1000,12,1.610941,1.077889,1000
1211,printf,10000,1000,4,2.151720,1.618771,1000
1212,void,10000,2000,1,7.390670,6.855235,250
1213,extrae,10000,1000,4,2.152073,1.621415,1000
1214,empty,10000,500,11,1.598100,1.062474,4000
1215,scorep,10000,2000,7,1.640616,1.108460,250
1216,scorep,10000,1000,6,1.680217,1.145218,1000
1217,oot,10000,500,14,1.620474,1.087896,4000
1218,extrae,10000,500,10,1.633441,1.098214,4000
1219,tikki,10000,1000,1,7.924652,7.394573,1000
122,printf,10000,2000,13,1.623794,1.092625,250
1220,void,10000,2000,5,1.972434,1.435884,250
1221,void,10000,2000,6,1.740128,1.208857,250
1222,scorep,10000,2000,13,1.642830,1.104597,250
1223,scorep,10000,500,3,2.613141,2.074161,4000
1224,tikki,10000,500,4,2.186537,1.656090,4000
1225,scorep,10000,2000,14,1.650651,1.117199,250
1226,oot,10000,1000,1,7.340918,6.806856,1000
1227,extrae,10000,500,6,1.664585,1.125967,4000
1228,oot,10000,1000,11,1.596657,1.065582,1000
1229,printf,10000,500,2,3.682944,3.148968,4000
123,printf,10000,2000,11,1.645949,1.115106,250
1230,tikki,10000,500,6,1.689604,1.158096,4000
1231,void,10000,500,3,2.609663,2.077832,4000
1232,extrae,10000,2000,12,1.678545,1.147563,250
1233,empty,10000,2000,11,1.646666,1.109925,250
1234,void,10000,250,14,1.545999,1.013304,16000
1235,scorep,10000,500,12,1.595100,1.061749,4000
1236,tikki,10000,2000,13,1.668288,1.134816,250
1237,scorep,10000,500,10,1.593494,1.058694,4000
1238,extrae,10000,2000,2,3.835515,3.294523,250
1239,tikki,10000,250,10,1.565791,1.032741,16000
124,empty,10000,250,4,2.110751,1.581109,16000
1240,tikki,10000,250,5,1.880444,1.347629,16000
1241,extrae,10000,250,2,3.891428,3.354690,16000
1242,scorep,10000,2000,11,1.662439,1.124869,250
1243,scorep,10000,1000,1,6.339715,5.800616,1000
1244,printf,10000,250,11,1.535836,0.999612,16000
1245,scorep,10000,250,14,1.558835,1.025177,16000
1246,scorep,10000,1000,11,1.614820,1.079555,1000
1247,tikki,10000,1000,15,1.654766,1.119172,1000
1248,void,10000,250,2,3.741779,3.207895,16000
1249,scorep,10000,1000,4,2.165561,1.632270,1000
125,empty,10000,250,5,1.854998,1.327961,16000
1250,extrae,10000,1000,3,2.693689,2.162765,1000
1251,empty,10000,250,10,1.557213,1.023694,16000
1252,tikki,10000,1000,13,1.646903,1.113479,1000
1253,void,10000,500,9,1.594867,1.062236,4000
1254,oot,10000,250,9,1.529141,0.996845,16000
1255,scorep,10000,2000,6,1.802725,1.263969,250
1256,oot,10000,2000,10,1.646157,1.115324,250
1257,void,10000,2000,14,1.639118,1.108205,250
1258,oot,10000,500,1,7.369955,6.837039,4000
1259,scorep,10000,250,7,1.573505,1.037099,16000
126,void,10000,500,15,1.612197,1.082778,4000
1260,tikki,10000,500,3,2.773867,2.240908,4000
1261,printf,10000,500,8,1.587732,1.054304,4000
1262,extrae,10000,1000,10,1.659828,1.121094,1000
1263,printf,10000,1000,10,1.610951,1.078585,1000
1264,void,10000,1000,6,1.680839,1.147640,1000
1265,oot,10000,1000,6,1.684503,1.150336,1000
1266,oot,10000,2000,9,1.653853,1.120154,250
1267,printf,10000,250,3,2.766488,2.233605,16000
1268,printf,10000,250,15,1.559166,1.026164,16000
1269,oot,10000,2000,14,1.644200,1.109548,250
127,void,10000,2000,2,3.800622,3.270958,250
1270,empty,10000,250,2,3.745105,3.210284,16000
1271,tikki,10000,1000,2,3.775032,3.242203,1000
1272,empty,10000,1000,7,1.612113,1.077468,1000
1273,tikki,10000,2000,1,7.915935,7.384480,250
1274,void,10000,1000,15,1.630836,1.097396,1000
1275,oot,10000,2000,5,1.984484,1.451373,250
1276,oot,10000,500,16,1.611937,1.077534,4000
1277,scorep,10000,1000,3,2.625331,2.087101,1000
1278,tikki,10000,500,8,1.632888,1.095411,4000
1279,extrae,10000,2000,6,1.829228,1.293715,250
128,printf,10000,1000,4,2.187635,1.657953,1000
1280,empty,10000,2000,6,1.716083,1.186362,250
1281,tikki,10000,500,13,1.652966,1.121965,4000
1282,printf,10000,250,14,1.544589,1.011521,16000
1283,tikki,10000,500,1,7.920486,7.389862,4000
1284,void,10000,250,7,1.568436,1.036129,16000
1285,scorep,10000,250,4,2.192184,1.654134,16000
1286,scorep,10000,500,16,1.617162,1.083777,4000
1287,printf,10000,1000,16,1.599375,1.067315,1000
1288,oot,10000,250,16,1.558039,1.025994,16000
1289,void,10000,500,6,1.642710,1.110094,4000
129,empty,10000,1000,5,1.873500,1.341635,1000
1290,tikki,10000,500,9,1.633029,1.102061,4000
1291,extrae,10000,500,1,7.370752,6.834055,4000
1292,empty,10000,500,7,1.572331,1.035764,4000
1293,printf,10000,500,1,7.381197,6.843188,4000
1294,oot,10000,250,12,1.551250,1.017436,16000
1295,empty,10000,500,8,1.567063,1.030946,4000
1296,extrae,10000,250,8,1.556990,1.025029,16000
1297,oot,10000,1000,10,1.599109,1.064936,1000
1298,extrae,10000,2000,13,1.662642,1.127970,250
1299,oot,10000,500,6,1.634237,1.098252,4000
13,scorep,10000,500,15,1.616613,1.082597,4000
130,tikki,10000,250,14,1.593401,1.064004,16000
1300,void,10000,500,16,1.621095,1.086708,4000
1301,void,10000,1000,11,1.618493,1.084415,1000
1302,oot,10000,1000,8,1.612190,1.080448,1000
1303,empty,10000,2000,3,2.728866,2.194582,250
1304,extrae,10000,250,11,1.577276,1.045168,16000
1305,void,10000,500,1,7.352535,6.821342,4000
1306,empty,10000,500,3,2.628092,2.098717,4000
1307,oot,10000,2000,4,2.214577,1.682307,250
1308,void,10000,1000,12,1.579573,1.048218,1000
1309,extrae,10000,2000,16,1.705485,1.169773,250
131,extrae,10000,250,8,1.554099,1.022121,16000
1310,void,10000,2000,16,1.658859,1.127163,250
1311,tikki,10000,2000,3,2.845980,2.311811,250
1312,tikki,10000,250,12,1.587171,1.055065,16000
1313,oot,10000,500,7,1.578689,1.044634,4000
1314,oot,10000,1000,3,2.664834,2.127741,1000
1315,extrae,10000,1000,7,1.634971,1.103792,1000
1316,scorep,10000,250,10,1.554519,1.021664,16000
1317,printf,10000,500,16,1.625433,1.090951,4000
1318,void,10000,1000,7,1.640902,1.106125,1000
1319,tikki,10000,2000,11,1.676060,1.143933,250
132,extrae,10000,250,1,7.428023,6.900323,16000
1320,empty,10000,1000,5,1.864037,1.329832,1000
1321,printf,10000,2000,5,1.929167,1.397003,250
1322,extrae,10000,250,14,1.608429,1.069593,16000
1323,empty,10000,250,8,1.554320,1.017906,16000
1324,extrae,10000,2000,1,7.390517,6.856484,250
1325,scorep,10000,500,7,1.573965,1.038526,4000
1326,void,10000,2000,11,1.639212,1.105622,250
1327,scorep,10000,1000,5,1.860952,1.325483,1000
1328,extrae,10000,1000,11,1.652926,1.121386,1000
1329,empty,10000,1000,16,1.602494,1.064707,1000
133,void,10000,1000,14,1.603977,1.074975,1000
1330,extrae,10000,2000,15,1.695343,1.161386,250
1331,oot,10000,1000,15,1.600003,1.063262,1000
1332,empty,10000,2000,15,1.644462,1.111832,250
1333,extrae,10000,250,10,1.595060,1.052934,16000
1334,printf,10000,250,13,1.544322,1.011681,16000
1335,printf,10000,2000,13,1.633870,1.100105,250
1336,tikki,10000,1000,14,1.641768,1.107719,1000
1337,extrae,10000,1000,13,1.651701,1.118681,1000
1338,scorep,10000,2000,8,1.640965,1.103543,250
1339,oot,10000,1000,9,1.593969,1.064523,1000
134,oot,10000,2000,16,1.669652,1.142602,250
1340,tikki,10000,2000,14,1.680165,1.145651,250
1341,tikki,10000,250,16,1.597533,1.062569,16000
1342,empty,10000,2000,5,1.941163,1.408281,250
1343,empty,10000,1000,2,3.733301,3.196447,1000
1344,oot,10000,1000,12,1.603346,1.068320,1000
1345,tikki,10000,1000,9,1.652465,1.115943,1000
1346,void,10000,500,9,1.592224,1.059673,4000
1347,oot,10000,1000,1,7.351683,6.819550,1000
1348,void,10000,2000,9,1.651469,1.117619,250
1349,tikki,10000,250,10,1.590252,1.054935,16000
135,extrae,10000,250,9,1.569633,1.041544,16000
1350,oot,10000,1000,10,1.620270,1.085164,1000
1351,tikki,10000,250,12,1.573682,1.041746,16000
1352,scorep,10000,500,7,1.573390,1.034153,4000
1353,scorep,10000,500,2,3.669573,3.132743,4000
1354,empty,10000,1000,1,7.350608,6.817551,1000
1355,empty,10000,250,7,1.533476,1.000753,16000
1356,scorep,10000,500,10,1.593558,1.057790,4000
1357,scorep,10000,500,8,1.586387,1.053188,4000
1358,void,10000,2000,14,1.658402,1.122049,250
1359,tikki,10000,1000,3,2.771666,2.238113,1000
136,printf,10000,1000,3,2.674178,2.145320,1000
1360,oot,10000,250,11,1.546585,1.009911,16000
1361,printf,10000,2000,7,1.657719,1.126153,250
1362,scorep,10000,500,6,1.640744,1.097647,4000
1363,printf,10000,1000,3,2.645362,2.112069,1000
1364,empty,10000,250,5,1.844378,1.306393,16000
1365,scorep,10000,1000,6,1.686002,1.146607,1000
1366,empty,10000,500,13,1.606092,1.071769,4000
1367,printf,10000,1000,9,1.615348,1.082123,1000
1368,oot,10000,500,1,7.380833,6.845718,4000
1369,void,10000,1000,13,1.617328,1.078958,1000
137,scorep,10000,2000,8,1.663844,1.130375,250
1370,extrae,10000,250,3,2.870212,2.335963,16000
1371,oot,10000,250,16,1.559069,1.027111,16000
1372,oot,10000,250,13,1.555972,1.021023,16000
1373,void,10000,2000,7,1.684365,1.150950,250
1374,tikki,10000,2000,3,2.730435,2.196515,250
1375,empty,10000,2000,9,1.661346,1.126215,250
1376,scorep,10000,250,8,1.498479,0.966795,16000
1377,oot,10000,500,9,1.562493,1.029193,4000
1378,void,10000,500,12,1.579945,1.048262,4000
1379,empty,10000,2000,12,1.639078,1.103388,250
138,void,10000,500,8,1.593261,1.063230,4000
1380,empty,10000,250,16,1.568931,1.035577,16000
1381,printf,10000,500,4,2.094799,1.562476,4000
1382,scorep,10000,2000,14,1.643303,1.108739,250
1383,oot,10000,500,6,1.634865,1.101073,4000
1384,empty,10000,1000,11,1.614255,1.081520,1000
1385,scorep,10000,2000,6,1.731124,1.194299,250
1386,empty,10000,500,7,1.574408,1.041798,4000
1387,printf,10000,500,11,1.607720,1.073608,4000
1388,oot,10000,1000,2,3.747628,3.209438,1000
1389,void,10000,1000,11,1.605259,1.069864,1000
139,void,10000,1000,10,1.605487,1.077571,1000
1390,tikki,10000,2000,10,1.740063,1.207374,250
1391,oot,10000,500,14,1.596004,1.061561,4000
1392,oot,10000,2000,2,3.807214,3.271828,250
1393,tikki,10000,500,8,1.626271,1.093067,4000
1394,extrae,10000,250,12,1.589146,1.057920,16000
1395,scorep,10000,500,11,1.575767,1.043931,4000
1396,tikki,10000,1000,7,1.648760,1.117937,1000
1397,empty,10000,500,14,1.602426,1.069288,4000
1398,empty,10000,500,9,1.600115,1.063024,4000
1399,tikki,10000,500,3,2.751841,2.214403,4000
14,tikki,10000,250,10,1.546019,1.018140,16000
140,extrae,10000,2000,2,3.897218,3.362699,250
1400,void,10000,500,10,1.597878,1.059156,4000
1401,extrae,10000,500,10,1.644091,1.103845,4000
1402,scorep,10000,250,13,1.551943,1.015643,16000
1403,empty,10000,1000,8,1.608978,1.074874,1000
1404,printf,10000,2000,4,2.215662,1.681850,250
1405,extrae,10000,1000,6,1.696745,1.154754,1000
1406,scorep,10000,500,12,1.608681,1.073074,4000
1407,empty,10000,1000,7,1.627468,1.093813,1000
1408,extrae,10000,2000,11,1.676262,1.143328,250
1409,tikki,10000,1000,5,1.906492,1.369500,1000
141,printf,10000,500,15,1.608091,1.076228,4000
1410,oot,10000,1000,6,1.676936,1.139241,1000
1411,extrae,10000,1000,9,1.622049,1.087648,1000
1412,oot,10000,500,12,1.588719,1.056520,4000
1413,oot,10000,1000,7,1.612647,1.079449,1000
1414,empty,10000,250,12,1.527651,0.997113,16000
1415,printf,10000,250,6,1.664780,1.132406,16000
1416,void,10000,250,14,1.529540,0.997818,16000
1417,extrae,10000,1000,1,7.371497,6.834606,1000
1418,printf,10000,500,7,1.573705,1.039907,4000
1419,printf,10000,250,15,1.542278,1.009491,16000
142,oot,10000,250,15,1.543786,1.014578,16000
1420,void,10000,2000,2,3.827292,3.290753,250
1421,oot,10000,2000,15,1.642837,1.109343,250
1422,empty,10000,500,1,7.365434,6.833671,4000
1423,tikki,10000,500,11,1.635503,1.104198,4000
1424,extrae,10000,500,5,1.826524,1.292612,4000
1425,scorep,10000,1000,11,1.618787,1.080938,1000
1426,scorep,10000,2000,16,1.728648,1.190926,250
1427,scorep,10000,2000,10,1.638233,1.103145,250
1428,extrae,10000,2000,10,1.807506,1.265380,250
1429,oot,10000,250,3,2.695255,2.158461,16000
143,tikki,10000,2000,9,1.683634,1.153104,250
1430,empty,10000,500,2,3.704553,3.169528,4000
1431,tikki,10000,2000,5,1.987713,1.452279,250
1432,scorep,10000,250,15,1.555868,1.020192,16000
1433,tikki,10000,2000,2,3.716469,3.180051,250
1434,empty,10000,2000,13,1.619399,1.085535,250
1435,printf,10000,2000,3,2.717745,2.184321,250
1436,oot,10000,2000,9,1.641289,1.107153,250
1437,extrae,10000,2000,15,1.704762,1.169411,250
1438,void,10000,250,6,1.644373,1.110344,16000
1439,tikki,10000,250,4,2.243218,1.704788,16000
144,tikki,10000,500,1,7.932022,7.403300,4000
1440,void,10000,250,10,1.537815,1.004247,16000
1441,scorep,10000,250,10,1.552116,1.017166,16000
1442,scorep,10000,250,6,1.662886,1.127639,16000
1443,tikki,10000,1000,6,1.726209,1.187371,1000
1444,void,10000,2000,1,7.384457,6.851294,250
1445,printf,10000,500,5,1.826309,1.284627,4000
1446,tikki,10000,2000,1,8.031122,7.498555,250
1447,scorep,10000,250,14,1.553145,1.015551,16000
1448,void,10000,2000,15,1.648955,1.113415,250
1449,empty,10000,250,9,1.536241,1.003636,16000
145,extrae,10000,2000,1,7.373095,6.842101,250
1450,empty,10000,250,10,1.546118,1.011086,16000
1451,oot,10000,500,15,1.616254,1.082094,4000
1452,void,10000,250,8,1.527683,0.993060,16000
1453,extrae,10000,1000,14,1.650886,1.113918,1000
1454,printf,10000,500,1,7.364483,6.827351,4000
1455,printf,10000,250,2,3.804918,3.272626,16000
1456,oot,10000,2000,3,2.779179,2.243735,250
1457,oot,10000,2000,11,1.644833,1.109230,250
1458,tikki,10000,500,1,7.923318,7.387180,4000
1459,scorep,10000,2000,7,1.670766,1.136216,250
146,scorep,10000,500,13,1.629454,1.091705,4000
1460,tikki,10000,2000,6,1.779946,1.247357,250
1461,printf,10000,250,1,7.443431,6.906110,16000
1462,void,10000,1000,3,2.673476,2.141168,1000
1463,extrae,10000,250,13,1.584893,1.053660,16000
1464,printf,10000,1000,6,1.677924,1.146120,1000
1465,oot,10000,2000,12,1.636743,1.100253,250
1466,void,10000,1000,12,1.604781,1.071176,1000
1467,void,10000,500,2,3.707068,3.174129,4000
1468,empty,10000,2000,14,1.637354,1.101858,250
1469,printf,10000,500,9,1.591480,1.057047,4000
147,tikki,10000,2000,15,1.670546,1.141717,250
1470,printf,10000,1000,4,2.172187,1.636979,1000
1471,tikki,10000,500,15,1.658350,1.117343,4000
1472,tikki,10000,2000,13,1.666389,1.133500,250
1473,scorep,10000,250,1,7.402605,6.866478,16000
1474,oot,10000,1000,13,1.615247,1.079767,1000
1475,tikki,10000,1000,15,1.666113,1.130736,1000
1476,void,10000,500,14,1.605572,1.072337,4000
1477,extrae,10000,250,5,1.972570,1.435169,16000
1478,void,10000,250,12,1.535246,1.004358,16000
1479,void,10000,250,11,1.539629,1.005467,16000
148,empty,10000,1000,8,1.605290,1.073014,1000
1480,oot,10000,2000,5,1.939972,1.407490,250
1481,printf,10000,250,3,2.743073,2.209670,16000
1482,oot,10000,1000,16,1.596261,1.062642,1000
1483,extrae,10000,250,10,1.587891,1.046136,16000
1484,printf,10000,1000,16,1.607849,1.075075,1000
1485,oot,10000,1000,11,1.599340,1.066112,1000
1486,printf,10000,250,11,1.542326,1.010213,16000
1487,printf,10000,2000,6,1.794123,1.262946,250
1488,tikki,10000,1000,12,1.649932,1.118533,1000
1489,tikki,10000,500,6,1.680784,1.146604,4000
149,empty,10000,2000,15,1.651089,1.124073,250
1490,oot,10000,500,8,1.575301,1.039540,4000
1491,scorep,10000,2000,1,6.374071,5.839713,250
1492,void,10000,500,4,2.116536,1.582990,4000
1493,void,10000,250,1,7.403260,6.867154,16000
1494,tikki,10000,250,13,1.589814,1.057843,16000
1495,scorep,10000,1000,16,1.594833,1.060946,1000
1496,tikki,10000,2000,16,1.676719,1.142359,250
1497,printf,10000,250,8,1.576125,1.042597,16000
1498,void,10000,2000,13,1.628396,1.096421,250
1499,scorep,10000,1000,1,7.331652,6.796687,1000
15,extrae,10000,250,14,1.605635,1.072069,16000
150,extrae,10000,500,8,1.599357,1.069606,4000
1500,printf,10000,250,16,1.551403,1.017422,16000
1501,scorep,10000,500,5,1.825839,1.286875,4000
1502,tikki,10000,2000,9,1.721169,1.180658,250
1503,printf,10000,2000,9,1.661048,1.127850,250
1504,extrae,10000,250,8,1.610468,1.073101,16000
1505,tikki,10000,500,12,1.646712,1.114375,4000
1506,extrae,10000,1000,13,1.650821,1.115346,1000
1507,extrae,10000,1000,2,3.760744,3.222293,1000
1508,oot,10000,250,2,3.654046,3.122002,16000
1509,tikki,10000,2000,12,1.674297,1.142589,250
151,extrae,10000,250,11,1.560931,1.031669,16000
1510,extrae,10000,2000,16,1.709527,1.176884,250
1511,void,10000,2000,12,1.624738,1.091813,250
1512,extrae,10000,250,14,1.616706,1.074648,16000
1513,printf,10000,250,12,1.539527,1.005810,16000
1514,void,10000,1000,1,7.353517,6.817042,1000
1515,scorep,10000,2000,5,1.976458,1.435724,250
1516,extrae,10000,1000,16,1.637831,1.104270,1000
1517,tikki,10000,250,16,1.586723,1.053240,16000
1518,tikki,10000,500,9,1.662626,1.127222,4000
1519,printf,10000,2000,10,1.738135,1.201608,250
152,oot,10000,2000,1,7.385764,6.856739,250
1520,empty,10000,500,8,1.576342,1.037741,4000
1521,empty,10000,1000,10,1.621598,1.085403,1000
1522,empty,10000,250,14,1.551432,1.018433,16000
1523,empty,10000,500,12,1.609319,1.076563,4000
1524,scorep,10000,250,3,2.671975,2.137348,16000
1525,oot,10000,500,13,1.596580,1.064452,4000
1526,tikki,10000,1000,16,1.618479,1.085201,1000
1527,printf,10000,2000,14,1.639776,1.107671,250
1528,tikki,10000,2000,15,1.664620,1.131769,250
1529,void,10000,2000,5,1.986347,1.453895,250
153,empty,10000,1000,10,1.580737,1.049998,1000
1530,empty,10000,500,16,1.607005,1.073327,4000
1531,oot,10000,250,14,1.559154,1.021000,16000
1532,extrae,10000,1000,12,1.656293,1.121330,1000
1533,oot,10000,2000,8,1.639368,1.106099,250
1534,scorep,10000,1000,3,2.655087,2.118194,1000
1535,void,10000,250,16,1.551804,1.017722,16000
1536,printf,10000,1000,15,1.584910,1.051763,1000
1537,oot,10000,250,15,1.558542,1.023885,16000
1538,printf,10000,2000,1,7.389557,6.856913,250
1539,printf,10000,500,16,1.606233,1.070143,4000
154,oot,10000,500,10,1.597639,1.068670,4000
1540,extrae,10000,250,11,1.585534,1.047888,16000
1541,void,10000,1000,14,1.602688,1.069214,1000
1542,extrae,10000,250,2,3.940083,3.401407,16000
1543,oot,10000,500,7,1.598707,1.067465,4000
1544,extrae,10000,500,4,2.162948,1.631453,4000
1545,void,10000,2000,10,1.705569,1.170254,250
1546,tikki,10000,500,16,1.661145,1.124258,4000
1547,void,10000,250,2,3.750299,3.213000,16000
1548,scorep,10000,250,16,1.560382,1.026243,16000
1549,empty,10000,2000,10,1.721813,1.188347,250
155,tikki,10000,1000,16,1.652614,1.122250,1000
1550,tikki,10000,2000,4,2.230844,1.697428,250
1551,printf,10000,250,13,1.543598,1.007791,16000
1552,void,10000,250,3,2.647351,2.113554,16000
1553,oot,10000,2000,14,1.652623,1.113843,250
1554,printf,10000,2000,11,1.637843,1.102593,250
1555,extrae,10000,500,8,1.625981,1.094421,4000
1556,scorep,10000,2000,8,1.629764,1.097320,250
1557,tikki,10000,500,4,2.186038,1.651465,4000
1558,scorep,10000,2000,9,1.671740,1.138038,250
1559,scorep,10000,2000,13,1.631446,1.095781,250
156,oot,10000,1000,1,7.353352,6.820141,1000
1560,tikki,10000,250,2,4.081134,3.545521,16000
1561,oot,10000,1000,12,1.619524,1.085402,1000
1562,void,10000,2000,4,2.200913,1.667848,250
1563,oot,10000,2000,6,1.776308,1.242523,250
1564,extrae,10000,500,7,1.629847,1.098041,4000
1565,empty,10000,2000,7,1.688047,1.152317,250
1566,scorep,10000,2000,4,2.229960,1.698622,250
1567,void,10000,500,3,2.630875,2.098114,4000
1568,extrae,10000,500,13,1.665263,1.127207,4000
1569,empty,10000,250,3,2.728040,2.192263,16000
157,empty,10000,250,9,1.541247,1.011264,16000
1570,void,10000,1000,15,1.589325,1.057640,1000
1571,void,10000,1000,6,1.695612,1.162325,1000
1572,void,10000,1000,9,1.603703,1.070785,1000
1573,oot,10000,500,11,1.593810,1.057802,4000
1574,empty,10000,250,8,1.528705,0.995243,16000
1575,printf,10000,250,9,1.545785,1.008223,16000
1576,scorep,10000,2000,11,1.714809,1.175756,250
1577,oot,10000,500,2,3.711839,3.177941,4000
1578,scorep,10000,1000,12,1.600573,1.065645,1000
1579,tikki,10000,500,10,1.637222,1.100727,4000
158,oot,10000,250,10,1.557929,1.027964,16000
1580,extrae,10000,1000,5,1.887454,1.354569,1000
1581,scorep,10000,1000,2,3.739802,3.204787,1000
1582,printf,10000,500,15,1.611196,1.077575,4000
1583,oot,10000,2000,7,1.665650,1.131456,250
1584,oot,10000,2000,13,1.636044,1.103686,250
1585,oot,10000,500,5,1.808751,1.274840,4000
1586,empty,10000,250,6,1.654921,1.122615,16000
1587,tikki,10000,250,1,7.800980,7.269658,16000
1588,tikki,10000,250,15,1.592098,1.057919,16000
1589,extrae,10000,500,15,1.670854,1.138518,4000
159,empty,10000,2000,6,1.816333,1.287681,250
1590,scorep,10000,500,9,1.582558,1.048602,4000
1591,oot,10000,2000,16,1.659171,1.122567,250
1592,empty,10000,250,15,1.565820,1.028751,16000
1593,void,10000,500,16,1.618056,1.085149,4000
1594,tikki,10000,1000,13,1.645881,1.112990,1000
1595,oot,10000,250,5,1.869122,1.331179,16000
1596,void,10000,2000,8,1.642368,1.108598,250
1597,void,10000,500,7,1.567690,1.028646,4000
1598,extrae,10000,2000,7,1.694347,1.160712,250
1599,extrae,10000,250,4,2.270884,1.737528,16000
16,printf,10000,2000,3,2.741071,2.214142,250
160,tikki,10000,2000,1,8.007201,7.478322,250
1600,oot,10000,1000,9,1.605242,1.069043,1000
1601,empty,10000,2000,11,1.644747,1.112092,250
1602,empty,10000,1000,5,1.871839,1.338860,1000
1603,scorep,10000,250,5,1.855982,1.325472,16000
1604,oot,10000,1000,8,1.623763,1.091840,1000
1605,extrae,10000,2000,3,2.811000,2.277535,250
1606,oot,10000,500,10,1.603367,1.071706,4000
1607,empty,10000,500,15,1.610375,1.076564,4000
1608,empty,10000,250,1,7.409785,6.876588,16000
1609,empty,10000,2000,2,3.823447,3.289654,250
161,oot,10000,500,3,2.580097,2.051688,4000
1610,scorep,10000,500,13,1.614938,1.079037,4000
1611,printf,10000,500,6,1.643363,1.105518,4000
1612,scorep,10000,250,9,1.546543,1.007710,16000
1613,oot,10000,2000,4,2.201066,1.666690,250
1614,printf,10000,2000,16,1.669740,1.135390,250
1615,void,10000,1000,8,1.599784,1.064886,1000
1616,empty,10000,1000,15,1.615049,1.077711,1000
1617,empty,10000,250,13,1.561087,1.024304,16000
1618,oot,10000,500,3,2.607264,2.072349,4000
1619,scorep,10000,250,11,1.543738,1.012205,16000
162,tikki,10000,500,11,1.632389,1.102353,4000
1620,void,10000,250,13,1.549716,1.016589,16000
1621,extrae,10000,500,3,2.617995,2.083640,4000
1622,tikki,10000,500,7,1.615984,1.080435,4000
1623,extrae,10000,250,7,1.602649,1.069766,16000
1624,scorep,10000,500,14,1.606042,1.069152,4000
1625,oot,10000,1000,14,1.615009,1.081904,1000
1626,empty,10000,500,10,1.607081,1.066897,4000
1627,extrae,10000,250,15,1.614544,1.077693,16000
1628,printf,10000,250,7,1.562632,1.030746,16000
1629,extrae,10000,2000,4,2.231849,1.700370,250
163,oot,10000,500,4,2.136427,1.606831,4000
1630,oot,10000,250,4,2.147764,1.614923,16000
1631,void,10000,500,13,1.609074,1.074528,4000
1632,extrae,10000,2000,9,1.688086,1.154683,250
1633,tikki,10000,500,13,1.670441,1.138471,4000
1634,void,10000,500,1,7.348520,6.818356,4000
1635,printf,10000,1000,10,1.610374,1.076593,1000
1636,extrae,10000,2000,5,2.000368,1.466463,250
1637,empty,10000,1000,4,2.159478,1.626814,1000
1638,void,10000,1000,5,1.891942,1.358602,1000
1639,extrae,10000,500,14,1.669838,1.132730,4000
164,scorep,10000,2000,14,1.675162,1.136870,250
1640,oot,10000,1000,3,2.726917,2.193554,1000
1641,empty,10000,250,2,3.739634,3.205614,16000
1642,scorep,10000,2000,3,2.667519,2.129731,250
1643,extrae,10000,500,16,1.675798,1.142885,4000
1644,printf,10000,500,10,1.594664,1.060485,4000
1645,scorep,10000,2000,15,1.704015,1.170152,250
1646,extrae,10000,2000,13,1.649183,1.115552,250
1647,tikki,10000,2000,7,1.718396,1.180932,250
1648,empty,10000,500,4,2.115974,1.581059,4000
1649,oot,10000,2000,1,7.393001,6.859382,250
165,oot,10000,1000,10,1.586690,1.056207,1000
1650,printf,10000,1000,13,1.644559,1.113038,1000
1651,printf,10000,2000,12,1.702947,1.170098,250
1652,extrae,10000,1000,11,1.651671,1.120278,1000
1653,void,10000,1000,7,1.610578,1.076129,1000
1654,oot,10000,250,1,7.417377,6.883800,16000
1655,scorep,10000,1000,5,1.886381,1.350969,1000
1656,void,10000,250,5,1.879302,1.344251,16000
1657,printf,10000,500,3,2.599185,2.062698,4000
1658,void,10000,250,7,1.542031,1.008034,16000
1659,extrae,10000,2000,12,1.688619,1.154253,250
166,empty,10000,500,13,1.587259,1.056403,4000
1660,oot,10000,250,10,1.522748,0.991117,16000
1661,oot,10000,2000,10,1.715549,1.181435,250
1662,oot,10000,500,4,2.146764,1.613241,4000
1663,extrae,10000,1000,10,1.633360,1.092530,1000
1664,empty,10000,2000,4,2.220607,1.686922,250
1665,void,10000,1000,16,1.621757,1.088224,1000
1666,printf,10000,1000,8,1.616724,1.082022,1000
1667,oot,10000,500,16,1.618148,1.081138,4000
1668,scorep,10000,2000,12,1.637990,1.101543,250
1669,tikki,10000,1000,11,1.656694,1.120794,1000
167,void,10000,250,14,1.562424,1.030045,16000
1670,empty,10000,1000,12,1.598799,1.064333,1000
1671,empty,10000,2000,3,2.690899,2.161740,250
1672,scorep,10000,1000,9,1.600240,1.065871,1000
1673,oot,10000,250,6,1.650385,1.114678,16000
1674,tikki,10000,1000,2,3.761219,3.225643,1000
1675,printf,10000,250,4,2.189611,1.654829,16000
1676,tikki,10000,250,14,1.603070,1.070341,16000
1677,printf,10000,500,2,3.573145,3.040511,4000
1678,printf,10000,500,8,1.587906,1.056549,4000
1679,empty,10000,1000,13,1.606033,1.074744,1000
168,scorep,10000,2000,3,2.719927,2.180163,250
1680,scorep,10000,1000,14,1.608061,1.077125,1000
1681,scorep,10000,250,7,1.578242,1.043042,16000
1682,void,10000,2000,3,2.727089,2.191451,250
1683,void,10000,500,8,1.591815,1.056317,4000
1684,extrae,10000,500,1,7.371504,6.839023,4000
1685,scorep,10000,250,4,2.170151,1.635194,16000
1686,printf,10000,2000,2,3.814594,3.282263,250
1687,empty,10000,1000,6,1.680293,1.147891,1000
1688,empty,10000,250,11,1.536981,1.005548,16000
1689,extrae,10000,1000,15,1.646941,1.115289,1000
169,empty,10000,500,5,1.833037,1.303747,4000
1690,empty,10000,1000,2,3.622234,3.089682,1000
1691,scorep,10000,250,12,1.560519,1.024424,16000
1692,extrae,10000,500,2,3.668128,3.122619,4000
1693,empty,10000,500,6,1.637650,1.107188,4000
1694,tikki,10000,2000,14,1.679863,1.146732,250
1695,tikki,10000,250,6,1.711889,1.179023,16000
1696,scorep,10000,500,3,2.673433,2.138266,4000
1697,scorep,10000,1000,13,1.618148,1.080298,1000
1698,tikki,10000,250,9,1.586746,1.052501,16000
1699,scorep,10000,250,2,3.755051,3.216727,16000
17,extrae,10000,1000,7,1.636726,1.108884,1000
170,extrae,10000,1000,2,3.777587,3.243418,1000
1700,printf,10000,1000,5,1.875727,1.340170,1000
1701,scorep,10000,2000,2,3.856062,3.321023,250
1702,scorep,10000,1000,7,1.602529,1.067858,1000
1703,empty,10000,2000,6,1.760515,1.225642,250
1704,printf,10000,250,10,1.551923,1.017141,16000
1705,printf,10000,250,5,1.867695,1.334491,16000
1706,tikki,10000,500,5,1.854555,1.320801,4000
1707,printf,10000,1000,7,1.623920,1.085444,1000
1708,oot,10000,1000,15,1.600564,1.067630,1000
1709,extrae,10000,250,1,7.445033,6.909591,16000
171,scorep,10000,250,9,1.556103,1.021148,16000
1710,printf,10000,1000,14,1.613523,1.071126,1000
1711,tikki,10000,250,8,1.575837,1.039820,16000
1712,tikki,10000,250,5,1.895178,1.362356,16000
1713,extrae,10000,2000,8,1.692747,1.155533,250
1714,empty,10000,250,4,2.172972,1.640275,16000
1715,empty,10000,2000,15,1.682896,1.149245,250
1716,extrae,10000,1000,8,1.639892,1.103945,1000
1717,extrae,10000,500,11,1.632562,1.097856,4000
1718,extrae,10000,1000,7,1.662794,1.128013,1000
1719,oot,10000,1000,5,1.849153,1.315483,1000
172,empty,10000,250,7,1.538654,1.010689,16000
1720,printf,10000,2000,13,1.607475,1.073868,250
1721,scorep,10000,500,4,2.155438,1.621404,4000
1722,void,10000,1000,4,2.140966,1.606956,1000
1723,oot,10000,250,7,1.528130,0.996511,16000
1724,tikki,10000,250,3,2.742414,2.209658,16000
1725,void,10000,500,6,1.633137,1.098841,4000
1726,empty,10000,2000,5,1.982815,1.443578,250
1727,tikki,10000,1000,10,1.645518,1.112365,1000
1728,printf,10000,500,12,1.602892,1.070084,4000
1729,extrae,10000,1000,3,2.635921,2.100103,1000
173,scorep,10000,500,7,1.587947,1.050394,4000
1730,void,10000,500,15,1.610704,1.075694,4000
1731,scorep,10000,500,15,1.620203,1.080378,4000
1732,printf,10000,2000,8,1.645122,1.107945,250
1733,tikki,10000,250,7,1.588879,1.055979,16000
1734,tikki,10000,1000,1,7.941906,7.405316,1000
1735,printf,10000,1000,2,3.743411,3.209916,1000
1736,empty,10000,2000,16,1.643639,1.112560,250
1737,empty,10000,1000,14,1.619997,1.081889,1000
1738,printf,10000,500,13,1.614155,1.083276,4000
1739,empty,10000,1000,3,2.685328,2.152952,1000
174,extrae,10000,500,6,1.657236,1.123592,4000
1740,tikki,10000,1000,8,1.654888,1.117288,1000
1741,empty,10000,2000,8,1.665030,1.131186,250
1742,void,10000,2000,16,1.647550,1.116088,250
1743,void,10000,1000,10,1.613085,1.080680,1000
1744,extrae,10000,250,6,1.737188,1.201232,16000
1745,scorep,10000,1000,15,1.611562,1.073974,1000
1746,tikki,10000,2000,8,1.695958,1.158157,250
1747,scorep,10000,1000,8,1.601901,1.064402,1000
1748,printf,10000,250,14,1.557261,1.021326,16000
1749,oot,10000,1000,4,2.160122,1.626491,1000
175,scorep,10000,500,12,1.607480,1.072634,4000
1750,empty,10000,1000,9,1.609709,1.074056,1000
1751,tikki,10000,1000,14,1.661515,1.127014,1000
1752,extrae,10000,2000,2,3.702353,3.164000,250
1753,extrae,10000,500,12,1.653617,1.119989,4000
1754,printf,10000,1000,1,7.352826,6.818296,1000
1755,void,10000,250,4,2.158291,1.625180,16000
1756,void,10000,2000,11,1.695209,1.162179,250
1757,extrae,10000,1000,4,2.157908,1.625941,1000
1758,tikki,10000,1000,4,2.218168,1.686965,1000
1759,void,10000,250,15,1.548430,1.013032,16000
176,extrae,10000,500,2,3.620216,3.086133,4000
1760,empty,10000,500,5,1.808524,1.274182,4000
1761,extrae,10000,500,6,1.684443,1.145034,4000
1762,extrae,10000,2000,6,1.804508,1.267315,250
1763,scorep,10000,1000,4,2.151765,1.620065,1000
1764,extrae,10000,2000,14,1.727461,1.192679,250
1765,void,10000,1000,2,3.734528,3.199268,1000
1766,oot,10000,250,8,1.540736,1.007479,16000
1767,oot,10000,250,12,1.529447,0.998356,16000
1768,tikki,10000,500,14,1.647488,1.112643,4000
1769,tikki,10000,2000,11,1.669880,1.137697,250
177,tikki,10000,2000,6,1.746443,1.218886,250
1770,scorep,10000,500,1,7.364529,6.829185,4000
1771,printf,10000,1000,12,1.592064,1.058357,1000
1772,void,10000,250,9,1.539112,1.002712,16000
1773,void,10000,500,5,1.859870,1.325919,4000
1774,extrae,10000,500,9,1.617761,1.084107,4000
1775,extrae,10000,250,16,1.621416,1.090031,16000
1776,printf,10000,2000,5,1.991279,1.456571,250
1777,scorep,10000,1000,10,1.604391,1.072734,1000
1778,empty,10000,2000,1,7.392802,6.854546,250
1779,tikki,10000,250,11,1.578720,1.043236,16000
178,extrae,10000,1000,15,1.652384,1.123186,1000
1780,empty,10000,500,11,1.588121,1.055813,4000
1781,void,10000,500,11,1.604508,1.063718,4000
1782,oot,10000,250,9,1.531547,0.998046,16000
1783,extrae,10000,250,9,1.570430,1.038515,16000
1784,printf,10000,500,14,1.622511,1.086671,4000
1785,extrae,10000,2000,1,7.340100,6.807814,250
1786,printf,10000,2000,15,1.664643,1.127730,250
1787,empty,10000,500,3,2.613657,2.079844,4000
1788,tikki,10000,500,2,3.736124,3.202989,4000
1789,empty,10000,1000,16,1.610941,1.074678,1000
179,tikki,10000,500,7,1.611138,1.080758,4000
1790,printf,10000,1000,11,1.595127,1.060303,1000
1791,void,10000,2000,6,1.789771,1.253786,250
1792,scorep,10000,500,16,1.610839,1.076427,4000
1793,oot,10000,250,15,1.556316,1.021828,16000
1794,extrae,10000,250,13,1.607117,1.071673,16000
1795,tikki,10000,2000,10,1.695152,1.160511,250
1796,void,10000,250,8,1.550653,1.017108,16000
1797,void,10000,250,15,1.565583,1.029925,16000
1798,empty,10000,1000,10,1.593056,1.060024,1000
1799,void,10000,1000,14,1.616140,1.079256,1000
18,extrae,10000,250,15,1.603349,1.076607,16000
180,scorep,10000,250,1,6.419610,5.881655,16000
1800,tikki,10000,2000,15,1.684506,1.152198,250
1801,printf,10000,250,14,1.538378,1.004136,16000
1802,oot,10000,2000,4,2.234398,1.700680,250
1803,void,10000,1000,11,1.603293,1.070222,1000
1804,empty,10000,2000,13,1.607874,1.074701,250
1805,tikki,10000,250,10,1.593499,1.060066,16000
1806,extrae,10000,2000,5,1.984266,1.449762,250
1807,empty,10000,1000,15,1.608028,1.073465,1000
1808,oot,10000,1000,5,1.850294,1.313447,1000
1809,extrae,10000,500,10,1.636273,1.098061,4000
181,tikki,10000,1000,10,1.627840,1.096354,1000
1810,extrae,10000,1000,3,2.643527,2.110538,1000
1811,printf,10000,1000,8,1.585929,1.052081,1000
1812,printf,10000,2000,1,7.379056,6.844458,250
1813,extrae,10000,2000,1,7.387675,6.852947,250
1814,printf,10000,250,15,1.567887,1.034111,16000
1815,oot,10000,250,7,1.572068,1.037964,16000
1816,printf,10000,500,7,1.592411,1.058643,4000
1817,empty,10000,500,6,1.631652,1.100255,4000
1818,void,10000,250,14,1.552581,1.020030,16000
1819,tikki,10000,1000,14,1.642613,1.105715,1000
182,void,10000,1000,16,1.585025,1.057943,1000
1820,tikki,10000,1000,6,1.711380,1.178245,1000
1821,printf,10000,500,9,1.594812,1.063001,4000
1822,oot,10000,2000,6,1.798807,1.261147,250
1823,extrae,10000,1000,10,1.628656,1.088455,1000
1824,void,10000,2000,15,1.651827,1.120338,250
1825,printf,10000,250,3,2.798597,2.264952,16000
1826,extrae,10000,1000,8,1.646173,1.110415,1000
1827,oot,10000,1000,11,1.615704,1.081477,1000
1828,extrae,10000,250,14,1.603879,1.066555,16000
1829,scorep,10000,1000,9,1.594120,1.062741,1000
183,printf,10000,500,4,2.116249,1.582133,4000
1830,tikki,10000,500,14,1.639225,1.106335,4000
1831,void,10000,2000,1,7.393645,6.858623,250
1832,tikki,10000,250,1,7.861786,7.328387,16000
1833,empty,10000,500,3,2.622870,2.091168,4000
1834,scorep,10000,2000,10,1.652687,1.119221,250
1835,printf,10000,2000,6,1.780738,1.245852,250
1836,scorep,10000,250,8,1.553886,1.018917,16000
1837,empty,10000,500,2,3.620952,3.088022,4000
1838,scorep,10000,1000,3,2.632436,2.101094,1000
1839,extrae,10000,1000,4,2.165451,1.632552,1000
184,tikki,10000,250,15,1.588115,1.059792,16000
1840,extrae,10000,2000,4,2.235588,1.703425,250
1841,void,10000,2000,5,1.933170,1.399582,250
1842,tikki,10000,2000,11,1.681486,1.149601,250
1843,tikki,10000,250,8,1.575431,1.042171,16000
1844,void,10000,2000,10,1.669066,1.138186,250
1845,empty,10000,500,8,1.561232,1.029947,4000
1846,printf,10000,500,16,1.616679,1.081930,4000
1847,tikki,10000,500,2,3.683262,3.147262,4000
1848,scorep,10000,1000,10,1.603870,1.067002,1000
1849,tikki,10000,500,13,1.631358,1.099959,4000
185,void,10000,2000,1,7.359371,6.830375,250
1850,extrae,10000,250,12,1.581046,1.045569,16000
1851,empty,10000,2000,7,1.665505,1.134144,250
1852,oot,10000,500,4,2.135333,1.602536,4000
1853,extrae,10000,500,8,1.600149,1.068174,4000
1854,void,10000,1000,2,3.732399,3.199296,1000
1855,scorep,10000,500,16,1.615569,1.081209,4000
1856,printf,10000,2000,8,1.620923,1.085050,250
1857,printf,10000,1000,6,1.674642,1.143681,1000
1858,extrae,10000,1000,7,1.607394,1.075588,1000
1859,scorep,10000,500,10,1.583962,1.048417,4000
186,void,10000,500,6,1.623109,1.093004,4000
1860,printf,10000,500,8,1.586728,1.055124,4000
1861,oot,10000,250,4,2.144764,1.609441,16000
1862,oot,10000,2000,9,1.649023,1.112739,250
1863,oot,10000,1000,15,1.587542,1.055603,1000
1864,oot,10000,2000,16,1.639830,1.106572,250
1865,empty,10000,2000,11,1.660836,1.124801,250
1866,empty,10000,500,4,2.122319,1.587904,4000
1867,empty,10000,500,15,1.595019,1.063505,4000
1868,empty,10000,500,14,1.592966,1.059272,4000
1869,scorep,10000,1000,15,1.583080,1.050171,1000
187,printf,10000,500,11,1.612548,1.080849,4000
1870,empty,10000,250,3,2.767743,2.230565,16000
1871,void,10000,2000,6,1.785655,1.249606,250
1872,oot,10000,500,11,1.609814,1.071272,4000
1873,void,10000,500,5,1.821564,1.288317,4000
1874,oot,10000,2000,14,1.664486,1.128419,250
1875,tikki,10000,2000,12,1.690376,1.157754,250
1876,extrae,10000,2000,16,1.705695,1.171028,250
1877,tikki,10000,500,8,1.628177,1.095470,4000
1878,oot,10000,250,16,1.549589,1.016197,16000
1879,scorep,10000,2000,8,1.642810,1.111718,250
188,extrae,10000,250,12,1.599120,1.068881,16000
1880,oot,10000,250,14,1.553487,1.017564,16000
1881,empty,10000,250,12,1.540060,1.008679,16000
1882,printf,10000,1000,13,1.599590,1.061327,1000
1883,scorep,10000,2000,2,3.855317,3.320895,250
1884,printf,10000,250,1,7.462266,6.927622,16000
1885,printf,10000,2000,2,3.817032,3.285521,250
1886,scorep,10000,2000,15,1.717677,1.186397,250
1887,scorep,10000,2000,4,2.164712,1.628900,250
1888,void,10000,1000,9,1.589674,1.055630,1000
1889,scorep,10000,2000,13,1.632235,1.101274,250
189,oot,10000,500,16,1.616563,1.086684,4000
1890,tikki,10000,1000,4,2.185404,1.648366,1000
1891,extrae,10000,1000,5,1.882152,1.350684,1000
1892,empty,10000,1000,4,2.165665,1.629009,1000
1893,oot,10000,2000,8,1.638368,1.106988,250
1894,extrae,10000,500,6,1.660279,1.123811,4000
1895,void,10000,500,4,2.100954,1.570827,4000
1896,tikki,10000,250,2,3.791556,3.257762,16000
1897,tikki,10000,1000,15,1.632142,1.098939,1000
1898,empty,10000,1000,1,7.349511,6.813609,1000
1899,tikki,10000,1000,10,1.644641,1.110423,1000
19,scorep,10000,500,8,1.593305,1.055796,4000
190,oot,10000,1000,2,3.780180,3.249124,1000
1900,tikki,10000,250,6,1.712893,1.178927,16000
1901,extrae,10000,2000,7,1.693281,1.159140,250
1902,oot,10000,2000,5,1.961477,1.426406,250
1903,scorep,10000,250,15,1.550037,1.020500,16000
1904,oot,10000,500,2,3.723960,3.185671,4000
1905,empty,10000,1000,16,1.601620,1.065039,1000
1906,empty,10000,2000,4,2.192552,1.662117,250
1907,tikki,10000,2000,9,1.678866,1.144154,250
1908,scorep,10000,2000,12,1.642740,1.102609,250
1909,printf,10000,1000,10,1.599319,1.065595,1000
191,printf,10000,1000,6,1.669364,1.138636,1000
1910,scorep,10000,1000,2,3.590603,3.059738,1000
1911,extrae,10000,500,15,1.679798,1.144689,4000
1912,oot,10000,250,3,2.765056,2.231118,16000
1913,printf,10000,1000,12,1.607733,1.070316,1000
1914,tikki,10000,250,12,1.572535,1.037830,16000
1915,oot,10000,2000,12,1.640689,1.107109,250
1916,printf,10000,2000,3,2.644034,2.110240,250
1917,empty,10000,250,16,1.550646,1.018376,16000
1918,tikki,10000,500,9,1.622110,1.090574,4000
1919,empty,10000,2000,12,1.634068,1.102947,250
192,void,10000,250,6,1.649033,1.119270,16000
1920,printf,10000,250,9,1.551459,1.018292,16000
1921,tikki,10000,250,11,1.579782,1.048931,16000
1922,printf,10000,1000,4,2.190834,1.658382,1000
1923,void,10000,2000,9,1.657634,1.123041,250
1924,void,10000,500,10,1.595532,1.061208,4000
1925,printf,10000,2000,15,1.643751,1.107227,250
1926,tikki,10000,2000,7,1.714289,1.182751,250
1927,oot,10000,1000,7,1.608308,1.076973,1000
1928,scorep,10000,1000,14,1.601831,1.069760,1000
1929,void,10000,250,10,1.543957,1.010362,16000
193,printf,10000,500,13,1.610750,1.080524,4000
1930,oot,10000,2000,7,1.678334,1.146933,250
1931,extrae,10000,250,15,1.604698,1.067813,16000
1932,printf,10000,250,4,2.189031,1.651551,16000
1933,empty,10000,2000,15,1.625367,1.093702,250
1934,tikki,10000,2000,3,2.827684,2.291744,250
1935,void,10000,1000,1,7.350603,6.816174,1000
1936,void,10000,250,6,1.650034,1.115673,16000
1937,empty,10000,1000,5,1.852694,1.321066,1000
1938,printf,10000,1000,14,1.594668,1.063995,1000
1939,tikki,10000,250,4,2.220766,1.688113,16000
194,printf,10000,250,1,7.431862,6.902098,16000
1940,oot,10000,1000,6,1.679175,1.147306,1000
1941,printf,10000,500,13,1.602179,1.067552,4000
1942,empty,10000,250,8,1.526096,0.991827,16000
1943,oot,10000,500,9,1.596443,1.061344,4000
1944,extrae,10000,500,14,1.652646,1.116930,4000
1945,tikki,10000,500,16,1.659049,1.127497,4000
1946,empty,10000,500,5,1.822543,1.289456,4000
1947,void,10000,1000,7,1.611682,1.080053,1000
1948,tikki,10000,500,3,2.753336,2.218076,4000
1949,void,10000,1000,8,1.619512,1.084365,1000
195,tikki,10000,250,2,3.840276,3.312179,16000
1950,scorep,10000,500,4,2.144492,1.613932,4000
1951,void,10000,500,1,7.356875,6.824275,4000
1952,printf,10000,2000,14,1.656940,1.122896,250
1953,void,10000,500,9,1.590073,1.058498,4000
1954,scorep,10000,1000,6,1.675730,1.145631,1000
1955,printf,10000,500,15,1.596204,1.061924,4000
1956,empty,10000,1000,14,1.610381,1.076669,1000
1957,printf,10000,250,12,1.548214,1.011297,16000
1958,tikki,10000,1000,12,1.624318,1.089813,1000
1959,tikki,10000,500,10,1.660087,1.124254,4000
196,oot,10000,2000,8,1.667658,1.134226,250
1960,empty,10000,500,10,1.590350,1.053889,4000
1961,void,10000,2000,11,1.646246,1.112351,250
1962,tikki,10000,1000,8,1.651003,1.116919,1000
1963,tikki,10000,500,1,8.003960,7.471613,4000
1964,tikki,10000,1000,16,1.647433,1.113426,1000
1965,empty,10000,250,4,2.155860,1.624599,16000
1966,tikki,10000,1000,5,1.893296,1.359150,1000
1967,oot,10000,2000,10,1.633221,1.098940,250
1968,oot,10000,500,5,1.829342,1.296509,4000
1969,oot,10000,1000,1,7.356848,6.822448,1000
197,oot,10000,250,8,1.532246,1.001547,16000
1970,tikki,10000,500,6,1.682631,1.147107,4000
1971,printf,10000,2000,4,2.193897,1.656602,250
1972,oot,10000,500,8,1.593664,1.060475,4000
1973,oot,10000,1000,13,1.606654,1.069901,1000
1974,void,10000,500,13,1.609868,1.076088,4000
1975,empty,10000,2000,3,2.744169,2.207338,250
1976,void,10000,2000,2,3.827116,3.290464,250
1977,oot,10000,250,11,1.549190,1.012891,16000
1978,scorep,10000,500,7,1.559877,1.023608,4000
1979,printf,10000,1000,9,1.594026,1.057330,1000
198,scorep,10000,250,2,3.937903,3.404633,16000
1980,scorep,10000,500,3,2.584604,2.053174,4000
1981,void,10000,500,2,3.644268,3.108069,4000
1982,tikki,10000,2000,13,1.647314,1.111014,250
1983,tikki,10000,250,16,1.604379,1.067308,16000
1984,empty,10000,250,5,1.839317,1.301174,16000
1985,extrae,10000,1000,1,7.351918,6.815647,1000
1986,extrae,10000,2000,11,1.668971,1.137778,250
1987,extrae,10000,500,5,1.836638,1.304933,4000
1988,printf,10000,250,8,1.512289,0.981148,16000
1989,extrae,10000,500,4,2.121697,1.583825,4000
199,tikki,10000,2000,13,1.685736,1.150454,250
1990,scorep,10000,1000,16,1.614368,1.075114,1000
1991,empty,10000,250,10,1.518560,0.987373,16000
1992,tikki,10000,2000,16,1.704223,1.167178,250
1993,tikki,10000,250,13,1.585202,1.053001,16000
1994,empty,10000,250,1,7.409152,6.875297,16000
1995,empty,10000,2000,8,1.666516,1.132805,250
1996,printf,10000,500,6,1.631004,1.099574,4000
1997,void,10000,2000,4,2.244718,1.708373,250
1998,scorep,10000,1000,1,6.350041,5.816035,1000
1999,scorep,10000,500,8,1.589799,1.058319,4000
2,tikki,10000,2000,7,1.712554,1.186879,250
20,empty,10000,2000,12,1.622754,1.097582,250
200,oot,10000,2000,12,1.657582,1.123338,250
2000,extrae,10000,250,8,1.580505,1.047006,16000
2001,scorep,10000,2000,14,1.649400,1.112201,250
2002,tikki,10000,250,9,1.596126,1.062187,16000
2003,extrae,10000,1000,14,1.665709,1.127950,1000
2004,scorep,10000,2000,16,1.705098,1.173927,250
2005,empty,10000,2000,2,3.879056,3.346314,250
2006,tikki,10000,500,4,2.181423,1.650020,4000
2007,empty,10000,1000,2,3.713167,3.181679,1000
2008,scorep,10000,2000,7,1.681148,1.146185,250
2009,void,10000,250,9,1.542985,1.004232,16000
201,tikki,10000,250,1,7.794276,7.263571,16000
2010,void,10000,500,11,1.608995,1.072643,4000
2011,oot,10000,1000,3,2.710577,2.175354,1000
2012,extrae,10000,500,2,3.635471,3.098374,4000
2013,oot,10000,500,13,1.592101,1.060462,4000
2014,extrae,10000,1000,2,3.705331,3.163870,1000
2015,scorep,10000,250,5,1.861290,1.330472,16000
2016,extrae,10000,250,5,1.974742,1.441786,16000
2017,empty,10000,1000,7,1.618565,1.084979,1000
2018,printf,10000,500,12,1.624617,1.088706,4000
2019,empty,10000,500,12,1.609033,1.075531,4000
202,empty,10000,1000,11,1.593440,1.065052,1000
2020,printf,10000,1000,11,1.612966,1.079975,1000
2021,extrae,10000,250,10,1.593356,1.054814,16000
2022,oot,10000,250,6,1.649105,1.117637,16000
2023,empty,10000,1000,8,1.604455,1.073683,1000
2024,extrae,10000,2000,8,1.695806,1.163902,250
2025,oot,10000,1000,9,1.595539,1.059676,1000
2026,printf,10000,2000,12,1.676693,1.144546,250
2027,extrae,10000,250,9,1.553984,1.019849,16000
2028,scorep,10000,500,14,1.620075,1.085717,4000
2029,extrae,10000,1000,13,1.659328,1.127749,1000
203,empty,10000,500,11,1.590639,1.059302,4000
2030,oot,10000,250,9,1.527736,0.994726,16000
2031,tikki,10000,500,11,1.644258,1.110364,4000
2032,oot,10000,1000,2,3.693683,3.161114,1000
2033,printf,10000,500,10,1.611941,1.074444,4000
2034,scorep,10000,1000,7,1.623333,1.085310,1000
2035,scorep,10000,250,6,1.656960,1.124968,16000
2036,printf,10000,1000,7,1.621296,1.089509,1000
2037,void,10000,250,2,3.739459,3.199129,16000
2038,oot,10000,500,14,1.595673,1.062789,4000
2039,extrae,10000,2000,15,1.691351,1.160062,250
204,scorep,10000,250,3,2.687668,2.154159,16000
2040,extrae,10000,500,9,1.636728,1.101002,4000
2041,printf,10000,2000,7,1.718280,1.181404,250
2042,empty,10000,1000,13,1.601900,1.068468,1000
2043,tikki,10000,1000,3,2.772431,2.238390,1000
2044,extrae,10000,1000,6,1.706003,1.164913,1000
2045,tikki,10000,1000,7,1.654552,1.119903,1000
2046,oot,10000,250,13,1.552218,1.018541,16000
2047,void,10000,250,4,2.157734,1.625612,16000
2048,extrae,10000,1000,16,1.654049,1.120166,1000
2049,empty,10000,2000,1,7.401347,6.867438,250
205,tikki,10000,2000,12,1.670171,1.139501,250
2050,void,10000,250,13,1.556673,1.022705,16000
2051,oot,10000,500,1,7.356078,6.822901,4000
2052,tikki,10000,2000,4,2.223659,1.690858,250
2053,void,10000,1000,16,1.616375,1.082359,1000
2054,extrae,10000,250,16,1.624153,1.087813,16000
2055,empty,10000,250,11,1.538250,1.007056,16000
2056,tikki,10000,2000,1,8.074979,7.540105,250
2057,printf,10000,2000,10,1.680719,1.149926,250
2058,extrae,10000,250,4,2.255009,1.718876,16000
2059,scorep,10000,1000,13,1.630211,1.089353,1000
206,extrae,10000,250,3,2.825626,2.294462,16000
2060,printf,10000,2000,11,1.629754,1.096350,250
2061,void,10000,500,6,1.633578,1.097117,4000
2062,extrae,10000,500,12,1.654811,1.120001,4000
2063,extrae,10000,250,11,1.591114,1.059143,16000
2064,tikki,10000,1000,9,1.640385,1.106174,1000
2065,scorep,10000,250,12,1.551500,1.021193,16000
2066,extrae,10000,500,3,2.740468,2.203834,4000
2067,empty,10000,250,7,1.552152,1.018010,16000
2068,scorep,10000,1000,11,1.585491,1.055248,1000
2069,empty,10000,1000,6,1.680157,1.145674,1000
207,void,10000,250,9,1.541293,1.004678,16000
2070,scorep,10000,500,5,1.849069,1.313816,4000
2071,void,10000,250,3,2.669077,2.135017,16000
2072,void,10000,500,3,2.616999,2.078918,4000
2073,void,10000,1000,13,1.601904,1.068455,1000
2074,extrae,10000,2000,13,1.679731,1.145123,250
2075,oot,10000,2000,13,1.631171,1.101992,250
2076,extrae,10000,250,3,2.797067,2.260327,16000
2077,empty,10000,500,1,7.345407,6.810936,4000
2078,scorep,10000,2000,11,1.660910,1.131254,250
2079,scorep,10000,500,9,1.606075,1.065802,4000
208,oot,10000,1000,3,2.672204,2.140822,1000
2080,extrae,10000,500,16,1.678208,1.142071,4000
2081,extrae,10000,2000,2,3.843062,3.302183,250
2082,void,10000,500,16,1.608090,1.074654,4000
2083,empty,10000,1000,12,1.608192,1.074176,1000
2084,oot,10000,2000,11,1.644130,1.107231,250
2085,scorep,10000,500,12,1.611523,1.073592,4000
2086,tikki,10000,250,5,1.935564,1.398021,16000
2087,void,10000,1000,6,1.673156,1.137650,1000
2088,printf,10000,250,7,1.541386,1.009624,16000
2089,void,10000,250,7,1.562957,1.027531,16000
209,tikki,10000,1000,14,1.659570,1.123330,1000
2090,scorep,10000,500,2,3.662807,3.129241,4000
2091,void,10000,250,12,1.545545,1.008376,16000
2092,oot,10000,2000,3,2.715687,2.183744,250
2093,empty,10000,2000,10,1.683584,1.146427,250
2094,oot,10000,250,10,1.544834,1.013499,16000
2095,oot,10000,1000,14,1.583677,1.047203,1000
2096,void,10000,500,14,1.606163,1.075081,4000
2097,oot,10000,1000,16,1.612191,1.080173,1000
2098,void,10000,250,16,1.548403,1.016014,16000
2099,oot,10000,250,5,1.871219,1.340769,16000
21,scorep,10000,250,5,1.886673,1.345596,16000
210,empty,10000,2000,2,3.757673,3.223273,250
2100,extrae,10000,2000,3,2.700322,2.166689,250
2101,printf,10000,500,5,1.820333,1.281061,4000
2102,extrae,10000,2000,14,1.699751,1.157452,250
2103,scorep,10000,2000,3,2.743090,2.202036,250
2104,empty,10000,500,13,1.612340,1.078686,4000
2105,scorep,10000,2000,9,1.637651,1.106313,250
2106,printf,10000,500,3,2.688094,2.151341,4000
2107,printf,10000,2000,16,1.637666,1.103072,250
2108,tikki,10000,250,14,1.583304,1.049389,16000
2109,printf,10000,500,11,1.597264,1.061827,4000
211,oot,10000,1000,7,1.618514,1.086377,1000
2110,printf,10000,1000,5,1.859136,1.327429,1000
2111,extrae,10000,250,2,3.946099,3.404566,16000
2112,tikki,10000,250,15,1.585394,1.049939,16000
2113,empty,10000,250,14,1.541959,1.009537,16000
2114,empty,10000,500,9,1.599096,1.064308,4000
2115,oot,10000,250,1,7.419953,6.885172,16000
2116,extrae,10000,1000,15,1.649692,1.114758,1000
2117,empty,10000,1000,9,1.621553,1.088441,1000
2118,oot,10000,2000,1,7.401034,6.868164,250
2119,empty,10000,250,15,1.568672,1.033772,16000
212,extrae,10000,1000,1,7.349732,6.815472,1000
2120,void,10000,250,5,1.877758,1.342609,16000
2121,tikki,10000,250,7,1.604327,1.070803,16000
2122,scorep,10000,1000,8,1.598047,1.066883,1000
2123,oot,10000,500,6,1.635182,1.103426,4000
2124,scorep,10000,250,3,2.698434,2.164590,16000
2125,tikki,10000,2000,2,3.847464,3.305123,250
2126,oot,10000,250,12,1.539253,1.004610,16000
2127,extrae,10000,1000,11,1.638044,1.102363,1000
2128,empty,10000,2000,5,1.965297,1.432252,250
2129,printf,10000,1000,16,1.602095,1.065703,1000
213,printf,10000,2000,14,1.654437,1.119919,250
2130,empty,10000,500,7,1.578007,1.042903,4000
2131,printf,10000,500,4,2.157169,1.621179,4000
2132,void,10000,2000,3,2.741505,2.203881,250
2133,empty,10000,250,6,1.660359,1.124520,16000
2134,empty,10000,1000,11,1.602293,1.066531,1000
2135,scorep,10000,250,7,1.574997,1.035888,16000
2136,scorep,10000,250,1,6.400737,5.864472,16000
2137,scorep,10000,250,11,1.532098,0.991953,16000
2138,printf,10000,1000,3,2.654688,2.121514,1000
2139,tikki,10000,1000,1,7.938384,7.404040,1000
214,void,10000,2000,9,1.651697,1.118222,250
2140,scorep,10000,500,6,1.631967,1.101683,4000
2141,printf,10000,2000,5,2.016520,1.476641,250
2142,scorep,10000,250,10,1.558630,1.023088,16000
2143,oot,10000,500,7,1.590963,1.057927,4000
2144,scorep,10000,500,1,7.365893,6.829164,4000
2145,void,10000,500,15,1.627287,1.093266,4000
2146,void,10000,250,11,1.542872,1.009802,16000
2147,void,10000,2000,14,1.640433,1.106886,250
2148,printf,10000,250,13,1.539466,1.005686,16000
2149,empty,10000,2000,16,1.660537,1.124986,250
215,tikki,10000,2000,8,1.730730,1.194941,250
2150,scorep,10000,250,9,1.540440,1.006023,16000
2151,tikki,10000,2000,5,2.018945,1.485754,250
2152,tikki,10000,1000,13,1.626779,1.094361,1000
2153,printf,10000,1000,1,7.359755,6.823462,1000
2154,void,10000,2000,8,1.672290,1.138021,250
2155,scorep,10000,250,14,1.561753,1.025785,16000
2156,printf,10000,250,6,1.663557,1.129166,16000
2157,printf,10000,250,2,3.708445,3.172930,16000
2158,extrae,10000,1000,12,1.660270,1.123578,1000
2159,oot,10000,500,10,1.607961,1.075491,4000
216,empty,10000,1000,13,1.619972,1.085474,1000
2160,extrae,10000,500,11,1.622485,1.090724,4000
2161,extrae,10000,250,6,1.735014,1.197041,16000
2162,extrae,10000,500,13,1.645235,1.112271,4000
2163,printf,10000,500,1,7.375709,6.840126,4000
2164,empty,10000,2000,9,1.653735,1.118439,250
2165,void,10000,2000,12,1.631332,1.098430,250
2166,scorep,10000,250,16,1.568401,1.039658,16000
2167,printf,10000,250,11,1.539610,1.005358,16000
2168,empty,10000,2000,6,1.767750,1.233673,250
2169,extrae,10000,2000,10,1.696887,1.161213,250
217,printf,10000,500,16,1.622554,1.087246,4000
2170,extrae,10000,250,7,1.634837,1.100370,16000
2171,tikki,10000,500,7,1.628269,1.092107,4000
2172,tikki,10000,2000,8,1.691315,1.155957,250
2173,scorep,10000,500,15,1.598508,1.064255,4000
2174,printf,10000,1000,15,1.579290,1.043254,1000
2175,void,10000,500,12,1.616173,1.081181,4000
2176,oot,10000,2000,2,3.818907,3.285101,250
2177,oot,10000,1000,12,1.604065,1.069274,1000
2178,printf,10000,250,5,1.908712,1.375322,16000
2179,extrae,10000,2000,6,1.775084,1.236311,250
218,scorep,10000,250,7,1.578241,1.042435,16000
2180,empty,10000,2000,14,1.657119,1.121234,250
2181,void,10000,1000,15,1.586404,1.047936,1000
2182,printf,10000,500,14,1.621511,1.087519,4000
2183,void,10000,250,1,7.394015,6.857325,16000
2184,extrae,10000,250,1,7.442010,6.909187,16000
2185,tikki,10000,1000,11,1.645871,1.112282,1000
2186,printf,10000,2000,9,1.674365,1.140388,250
2187,empty,10000,250,9,1.535077,1.001985,16000
2188,scorep,10000,1000,5,1.916618,1.382294,1000
2189,oot,10000,1000,10,1.601221,1.069228,1000
219,oot,10000,2000,4,2.213085,1.683954,250
2190,scorep,10000,1000,4,2.163059,1.632403,1000
2191,void,10000,2000,13,1.626555,1.092211,250
2192,scorep,10000,250,4,2.213570,1.678034,16000
2193,extrae,10000,1000,9,1.630541,1.098151,1000
2194,oot,10000,500,12,1.602181,1.064843,4000
2195,tikki,10000,2000,14,1.688272,1.153501,250
2196,void,10000,1000,4,2.170050,1.634833,1000
2197,printf,10000,250,16,1.548353,1.015235,16000
2198,void,10000,1000,3,2.632423,2.096167,1000
2199,void,10000,500,8,1.576249,1.042950,4000
22,void,10000,500,7,1.547240,1.020772,4000
220,void,10000,2000,12,1.642674,1.113650,250
2200,printf,10000,250,10,1.530960,0.995670,16000
2201,tikki,10000,500,12,1.631114,1.096348,4000
2202,scorep,10000,500,13,1.613519,1.084561,4000
2203,printf,10000,1000,2,3.734075,3.200191,1000
2204,scorep,10000,250,13,1.553187,1.022318,16000
2205,extrae,10000,500,7,1.589276,1.056995,4000
2206,tikki,10000,2000,6,1.783170,1.249541,250
2207,scorep,10000,2000,5,2.000726,1.462467,250
2208,scorep,10000,250,2,3.950428,3.415983,16000
2209,void,10000,2000,16,1.649825,1.113227,250
221,oot,10000,2000,6,1.717840,1.188742,250
2210,oot,10000,500,16,1.619596,1.087547,4000
2211,empty,10000,500,16,1.605219,1.067992,4000
2212,oot,10000,250,2,3.675173,3.141239,16000
2213,empty,10000,250,2,3.730552,3.194580,16000
2214,oot,10000,500,15,1.591897,1.058936,4000
2215,scorep,10000,1000,12,1.628262,1.090392,1000
2216,tikki,10000,250,3,2.711080,2.173409,16000
2217,oot,10000,1000,4,2.132831,1.598996,1000
2218,printf,10000,2000,13,1.630576,1.091237,250
2219,extrae,10000,500,1,7.378377,6.839092,4000
222,oot,10000,1000,14,1.609517,1.080420,1000
2220,scorep,10000,2000,1,6.370855,5.836324,250
2221,scorep,10000,2000,6,1.769899,1.238621,250
2222,tikki,10000,500,5,1.881848,1.344628,4000
2223,void,10000,1000,12,1.602321,1.065642,1000
2224,empty,10000,500,11,1.587483,1.053779,4000
2225,tikki,10000,500,15,1.672100,1.135627,4000
2226,void,10000,1000,5,1.873536,1.334788,1000
2227,tikki,10000,1000,2,3.747908,3.214559,1000
2228,oot,10000,1000,8,1.598293,1.060437,1000
2229,oot,10000,2000,15,1.651160,1.118680,250
223,oot,10000,1000,15,1.615314,1.085719,1000
2230,void,10000,500,7,1.575580,1.040828,4000
2231,void,10000,1000,10,1.620072,1.086208,1000
2232,empty,10000,250,13,1.546647,1.013408,16000
2233,extrae,10000,2000,12,1.680851,1.149862,250
2234,printf,10000,500,2,3.673860,3.136860,4000
2235,oot,10000,250,8,1.542316,1.009718,16000
2236,void,10000,2000,7,1.697134,1.165206,250
2237,empty,10000,1000,3,2.725085,2.191073,1000
2238,scorep,10000,500,11,1.596663,1.060520,4000
2239,extrae,10000,2000,9,1.680269,1.142591,250
224,scorep,10000,2000,2,3.647482,3.106203,250
2240,oot,10000,500,3,2.687445,2.149640,4000
2241,extrae,10000,250,14,1.607312,1.069114,16000
2242,oot,10000,500,13,1.594789,1.058433,4000
2243,scorep,10000,1000,12,1.607004,1.071260,1000
2244,tikki,10000,2000,5,1.994935,1.463373,250
2245,scorep,10000,500,16,1.600452,1.064372,4000
2246,void,10000,2000,11,1.634945,1.102383,250
2247,oot,10000,500,8,1.581400,1.048049,4000
2248,extrae,10000,250,16,1.621085,1.087790,16000
2249,void,10000,250,6,1.658336,1.123989,16000
225,oot,10000,500,12,1.615079,1.085109,4000
2250,tikki,10000,500,10,1.649977,1.112947,4000
2251,tikki,10000,1000,7,1.648462,1.116197,1000
2252,void,10000,500,9,1.588116,1.056411,4000
2253,empty,10000,1000,11,1.618117,1.083745,1000
2254,scorep,10000,250,11,1.543935,1.011960,16000
2255,empty,10000,250,11,1.537676,1.001351,16000
2256,empty,10000,1000,2,3.732404,3.196517,1000
2257,empty,10000,250,12,1.550404,1.016937,16000
2258,empty,10000,1000,14,1.588153,1.055266,1000
2259,scorep,10000,1000,1,6.315889,5.783897,1000
226,printf,10000,1000,16,1.599435,1.067603,1000
2260,tikki,10000,500,9,1.599307,1.068032,4000
2261,printf,10000,250,8,1.532639,0.997796,16000
2262,empty,10000,250,16,1.557817,1.019443,16000
2263,printf,10000,1000,11,1.602887,1.070546,1000
2264,extrae,10000,2000,2,3.891486,3.349605,250
2265,empty,10000,2000,7,1.682660,1.149269,250
2266,oot,10000,500,6,1.630285,1.095102,4000
2267,extrae,10000,500,6,1.667338,1.131584,4000
2268,tikki,10000,250,4,2.245664,1.708061,16000
2269,extrae,10000,500,13,1.641513,1.111043,4000
227,extrae,10000,1000,6,1.701308,1.166198,1000
2270,extrae,10000,2000,4,2.200473,1.664248,250
2271,extrae,10000,1000,12,1.653849,1.120047,1000
2272,extrae,10000,1000,15,1.643856,1.110985,1000
2273,extrae,10000,2000,14,1.751228,1.213854,250
2274,tikki,10000,2000,6,1.810866,1.278363,250
2275,empty,10000,500,10,1.595452,1.064388,4000
2276,void,10000,2000,6,1.812256,1.274958,250
2277,empty,10000,1000,6,1.680622,1.143857,1000
2278,printf,10000,250,13,1.544283,1.010098,16000
2279,scorep,10000,2000,2,3.746592,3.206161,250
228,void,10000,500,4,2.114954,1.580823,4000
2280,void,10000,500,1,7.360519,6.826098,4000
2281,extrae,10000,2000,8,1.674243,1.140913,250
2282,empty,10000,1000,4,2.202583,1.670984,1000
2283,extrae,10000,2000,12,1.706525,1.173327,250
2284,oot,10000,250,2,3.664324,3.132607,16000
2285,void,10000,500,13,1.607441,1.075768,4000
2286,empty,10000,250,13,1.546710,1.013648,16000
2287,oot,10000,1000,1,7.351078,6.814929,1000
2288,scorep,10000,1000,5,1.849399,1.316945,1000
2289,void,10000,500,11,1.590814,1.056627,4000
229,oot,10000,1000,11,1.583133,1.053334,1000
2290,scorep,10000,1000,3,2.658934,2.122402,1000
2291,void,10000,1000,6,1.683921,1.149469,1000
2292,extrae,10000,1000,16,1.653291,1.119991,1000
2293,printf,10000,1000,14,1.605761,1.071604,1000
2294,empty,10000,2000,2,3.804363,3.269369,250
2295,void,10000,2000,1,7.383318,6.847619,250
2296,empty,10000,2000,11,1.650852,1.117075,250
2297,oot,10000,2000,16,1.648020,1.114664,250
2298,oot,10000,500,16,1.606280,1.073030,4000
2299,empty,10000,1000,3,2.688890,2.153035,1000
23,empty,10000,250,1,7.357502,6.832147,16000
230,extrae,10000,250,7,1.624503,1.093087,16000
2300,printf,10000,250,16,1.550727,1.017531,16000
2301,empty,10000,2000,5,1.968997,1.434594,250
2302,extrae,10000,250,9,1.566049,1.029630,16000
2303,empty,10000,500,7,1.579671,1.044904,4000
2304,oot,10000,2000,6,1.774062,1.247434,250
2305,scorep,10000,2000,13,1.650366,1.114101,250
2306,scorep,10000,500,3,2.618804,2.088276,4000
2307,empty,10000,500,2,3.681835,3.148639,4000
2308,scorep,10000,2000,9,1.644143,1.107429,250
2309,extrae,10000,1000,9,1.612399,1.080520,1000
231,void,10000,1000,5,1.867435,1.335162,1000
2310,printf,10000,500,1,7.388074,6.855781,4000
2311,empty,10000,500,8,1.571347,1.037614,4000
2312,scorep,10000,1000,11,1.617562,1.087317,1000
2313,tikki,10000,250,16,1.598321,1.061146,16000
2314,oot,10000,1000,13,1.620325,1.085622,1000
2315,extrae,10000,500,2,3.725111,3.184003,4000
2316,scorep,10000,500,8,1.573420,1.038661,4000
2317,void,10000,500,14,1.610078,1.078311,4000
2318,printf,10000,500,11,1.606869,1.069000,4000
2319,scorep,10000,250,16,1.584039,1.047235,16000
232,empty,10000,1000,12,1.590883,1.060973,1000
2320,scorep,10000,2000,10,1.746245,1.216156,250
2321,printf,10000,500,16,1.605522,1.073343,4000
2322,printf,10000,1000,3,2.648637,2.112820,1000
2323,void,10000,2000,16,1.647740,1.115904,250
2324,scorep,10000,2000,8,1.659404,1.123128,250
2325,empty,10000,1000,8,1.621107,1.089100,1000
2326,extrae,10000,1000,5,1.888082,1.352905,1000
2327,extrae,10000,250,15,1.617793,1.084552,16000
2328,extrae,10000,2000,11,1.668858,1.133023,250
2329,void,10000,2000,9,1.648897,1.115269,250
233,scorep,10000,2000,7,1.701920,1.164805,250
2330,empty,10000,250,14,1.543548,1.007454,16000
2331,empty,10000,500,16,1.616757,1.081416,4000
2332,empty,10000,1000,9,1.615863,1.081054,1000
2333,printf,10000,2000,6,1.714908,1.179531,250
2334,scorep,10000,250,1,6.389458,5.856159,16000
2335,oot,10000,250,3,2.669434,2.134230,16000
2336,tikki,10000,500,3,2.671958,2.137260,4000
2337,printf,10000,500,13,1.611251,1.074668,4000
2338,oot,10000,500,2,3.691266,3.152400,4000
2339,extrae,10000,2000,16,1.736193,1.196165,250
234,void,10000,250,2,3.785592,3.254599,16000
2340,scorep,10000,2000,7,1.664227,1.129794,250
2341,extrae,10000,2000,15,1.712124,1.177844,250
2342,extrae,10000,1000,3,2.628409,2.094841,1000
2343,scorep,10000,1000,15,1.609776,1.079739,1000
2344,tikki,10000,1000,11,1.661302,1.126051,1000
2345,extrae,10000,1000,13,1.669689,1.135241,1000
2346,empty,10000,250,5,1.894403,1.353174,16000
2347,tikki,10000,1000,6,1.727518,1.192480,1000
2348,scorep,10000,250,10,1.565735,1.034448,16000
2349,oot,10000,500,10,1.593332,1.060247,4000
235,printf,10000,500,9,1.592389,1.059933,4000
2350,oot,10000,1000,9,1.605909,1.068223,1000
2351,printf,10000,2000,1,7.357681,6.821812,250
2352,oot,10000,2000,1,7.392165,6.857753,250
2353,printf,10000,2000,4,2.220229,1.685298,250
2354,void,10000,1000,8,1.626529,1.093501,1000
2355,printf,10000,500,7,1.580973,1.046721,4000
2356,printf,10000,1000,10,1.618225,1.084687,1000
2357,empty,10000,250,10,1.533788,1.001519,16000
2358,scorep,10000,500,14,1.619875,1.079311,4000
2359,tikki,10000,1000,14,1.654821,1.119875,1000
236,void,10000,2000,15,1.617698,1.089274,250
2360,extrae,10000,250,7,1.612044,1.075321,16000
2361,printf,10000,250,14,1.558786,1.025523,16000
2362,scorep,10000,500,9,1.590909,1.060597,4000
2363,tikki,10000,500,11,1.647764,1.108964,4000
2364,void,10000,250,3,2.639407,2.104822,16000
2365,scorep,10000,500,13,1.623048,1.087958,4000
2366,tikki,10000,250,2,3.755729,3.216190,16000
2367,tikki,10000,1000,8,1.659610,1.122605,1000
2368,empty,10000,500,1,7.313710,6.780762,4000
2369,oot,10000,2000,3,2.679623,2.145119,250
237,empty,10000,250,10,1.525246,0.995043,16000
2370,extrae,10000,2000,6,1.827127,1.289999,250
2371,extrae,10000,1000,8,1.633608,1.102295,1000
2372,empty,10000,2000,14,1.656802,1.117556,250
2373,void,10000,1000,4,2.188800,1.655837,1000
2374,tikki,10000,250,5,1.885721,1.353263,16000
2375,scorep,10000,250,4,2.176785,1.645409,16000
2376,printf,10000,2000,14,1.650128,1.114778,250
2377,printf,10000,250,11,1.537173,1.006354,16000
2378,empty,10000,2000,12,1.640714,1.108150,250
2379,printf,10000,1000,6,1.670105,1.136551,1000
238,empty,10000,500,4,2.099492,1.569954,4000
2380,printf,10000,250,1,7.450048,6.916837,16000
2381,tikki,10000,2000,1,8.044180,7.510557,250
2382,scorep,10000,250,13,1.551710,1.021083,16000
2383,printf,10000,1000,16,1.604781,1.071330,1000
2384,oot,10000,500,3,2.651582,2.118896,4000
2385,scorep,10000,500,12,1.599370,1.061638,4000
2386,extrae,10000,1000,11,1.648169,1.111101,1000
2387,void,10000,250,14,1.554570,1.019615,16000
2388,printf,10000,2000,5,1.959763,1.426083,250
2389,printf,10000,250,5,1.880868,1.346391,16000
239,tikki,10000,500,12,1.635128,1.105858,4000
2390,void,10000,1000,7,1.606559,1.069824,1000
2391,void,10000,250,4,2.169568,1.633289,16000
2392,void,10000,250,2,3.647065,3.109750,16000
2393,void,10000,1000,10,1.596175,1.063099,1000
2394,extrae,10000,250,2,3.939668,3.402725,16000
2395,void,10000,2000,14,1.637952,1.100970,250
2396,void,10000,500,2,3.668140,3.136468,4000
2397,void,10000,250,5,1.868367,1.333274,16000
2398,printf,10000,250,2,3.748834,3.213181,16000
2399,empty,10000,1000,12,1.601733,1.064807,1000
24,tikki,10000,250,5,1.893108,1.364473,16000
240,empty,10000,250,13,1.549413,1.017181,16000
2400,tikki,10000,250,9,1.605164,1.070796,16000
2401,tikki,10000,500,5,1.874474,1.337575,4000
2402,tikki,10000,2000,8,1.695966,1.162063,250
2403,tikki,10000,2000,15,1.675769,1.142343,250
2404,printf,10000,1000,12,1.607165,1.072853,1000
2405,extrae,10000,500,8,1.627711,1.094740,4000
2406,oot,10000,250,7,1.542277,1.010610,16000
2407,void,10000,1000,1,7.361933,6.829343,1000
2408,scorep,10000,250,12,1.560845,1.024406,16000
2409,oot,10000,500,5,1.838593,1.301244,4000
241,void,10000,250,11,1.555205,1.024941,16000
2410,printf,10000,1000,2,3.740443,3.205826,1000
2411,void,10000,250,15,1.551108,1.013563,16000
2412,extrae,10000,250,1,7.461560,6.923960,16000
2413,empty,10000,500,5,1.824837,1.289605,4000
2414,tikki,10000,1000,1,7.929030,7.394135,1000
2415,tikki,10000,2000,16,1.688650,1.154756,250
2416,extrae,10000,500,16,1.679765,1.148163,4000
2417,void,10000,2000,13,1.620373,1.082242,250
2418,void,10000,250,13,1.552841,1.016706,16000
2419,scorep,10000,1000,13,1.614427,1.078593,1000
242,printf,10000,250,7,1.543020,1.007134,16000
2420,extrae,10000,250,8,1.570036,1.033706,16000
2421,extrae,10000,250,4,2.244950,1.707189,16000
2422,oot,10000,2000,7,1.685743,1.150007,250
2423,empty,10000,250,1,7.415435,6.880396,16000
2424,tikki,10000,250,12,1.620286,1.084615,16000
2425,scorep,10000,500,10,1.593403,1.056964,4000
2426,empty,10000,500,15,1.617884,1.080402,4000
2427,scorep,10000,2000,16,1.719009,1.189389,250
2428,oot,10000,250,5,1.898315,1.362101,16000
2429,scorep,10000,1000,4,2.145681,1.609615,1000
243,void,10000,250,15,1.541930,1.011853,16000
2430,printf,10000,500,8,1.579827,1.042053,4000
2431,printf,10000,2000,15,1.647596,1.113362,250
2432,tikki,10000,1000,4,2.202666,1.666659,1000
2433,oot,10000,2000,4,2.225662,1.690952,250
2434,void,10000,500,7,1.582025,1.044471,4000
2435,extrae,10000,2000,10,1.755701,1.215723,250
2436,tikki,10000,2000,4,2.264274,1.731177,250
2437,empty,10000,1000,1,7.358108,6.825257,1000
2438,scorep,10000,500,7,1.587023,1.051521,4000
2439,scorep,10000,250,3,2.679528,2.148788,16000
244,void,10000,500,2,3.641000,3.106224,4000
2440,empty,10000,2000,10,1.709179,1.171915,250
2441,tikki,10000,500,4,2.188760,1.652226,4000
2442,printf,10000,1000,4,2.128196,1.595779,1000
2443,printf,10000,250,12,1.539827,1.006550,16000
2444,tikki,10000,1000,15,1.649523,1.111807,1000
2445,empty,10000,1000,15,1.599197,1.063518,1000
2446,extrae,10000,2000,13,1.663774,1.128355,250
2447,tikki,10000,500,13,1.684224,1.149379,4000
2448,empty,10000,250,6,1.652689,1.119311,16000
2449,oot,10000,1000,8,1.627206,1.092077,1000
245,void,10000,1000,15,1.602587,1.067746,1000
2450,scorep,10000,250,8,1.561268,1.022230,16000
2451,printf,10000,250,15,1.563957,1.028830,16000
2452,empty,10000,500,12,1.600924,1.066747,4000
2453,tikki,10000,250,1,7.859241,7.322602,16000
2454,printf,10000,2000,2,3.866105,3.331456,250
2455,printf,10000,1000,8,1.588520,1.053694,1000
2456,void,10000,500,6,1.641519,1.105139,4000
2457,extrae,10000,500,4,2.156375,1.621525,4000
2458,void,10000,500,4,2.120080,1.585936,4000
2459,oot,10000,500,1,7.354144,6.819482,4000
246,tikki,10000,250,4,2.217817,1.682342,16000
2460,void,10000,2000,7,1.656232,1.121963,250
2461,printf,10000,1000,5,1.880084,1.347610,1000
2462,printf,10000,2000,10,1.653882,1.119082,250
2463,empty,10000,1000,13,1.594384,1.062753,1000
2464,tikki,10000,1000,12,1.638650,1.105394,1000
2465,scorep,10000,1000,14,1.624373,1.094278,1000
2466,void,10000,2000,15,1.646579,1.113904,250
2467,oot,10000,500,12,1.616091,1.085096,4000
2468,tikki,10000,250,15,1.580308,1.048073,16000
2469,oot,10000,250,15,1.555486,1.019918,16000
247,scorep,10000,1000,7,1.633184,1.098625,1000
2470,extrae,10000,500,12,1.642151,1.109278,4000
2471,empty,10000,250,3,2.655281,2.118926,16000
2472,extrae,10000,2000,9,1.697909,1.166183,250
2473,oot,10000,1000,3,2.658913,2.125705,1000
2474,tikki,10000,2000,9,1.792893,1.256222,250
2475,extrae,10000,500,7,1.610445,1.078030,4000
2476,extrae,10000,500,14,1.673872,1.135954,4000
2477,oot,10000,2000,15,1.687319,1.153659,250
2478,empty,10000,250,9,1.547065,1.013851,16000
2479,scorep,10000,1000,6,1.686942,1.152609,1000
248,empty,10000,2000,7,1.661317,1.126120,250
2480,void,10000,250,12,1.544974,1.011597,16000
2481,scorep,10000,500,15,1.622450,1.081330,4000
2482,oot,10000,1000,6,1.683910,1.148714,1000
2483,oot,10000,1000,12,1.608460,1.073380,1000
2484,scorep,10000,1000,8,1.620195,1.085165,1000
2485,tikki,10000,500,7,1.647418,1.112348,4000
2486,void,10000,250,1,7.412487,6.878906,16000
2487,tikki,10000,2000,2,3.708681,3.177285,250
2488,empty,10000,500,3,2.602961,2.067604,4000
2489,scorep,10000,250,7,1.557952,1.020119,16000
249,extrae,10000,250,2,3.903494,3.371238,16000
2490,empty,10000,250,15,1.550657,1.014097,16000
2491,void,10000,500,10,1.605698,1.071612,4000
2492,printf,10000,250,10,1.548415,1.012955,16000
2493,scorep,10000,250,15,1.553631,1.021472,16000
2494,empty,10000,2000,9,1.658034,1.123277,250
2495,printf,10000,2000,13,1.614942,1.080502,250
2496,extrae,10000,250,11,1.581431,1.045744,16000
2497,tikki,10000,1000,16,1.658414,1.126459,1000
2498,empty,10000,2000,13,1.626648,1.092690,250
2499,empty,10000,1000,7,1.618628,1.085619,1000
25,oot,10000,250,11,1.529037,1.001750,16000
250,empty,10000,2000,5,1.989534,1.455237,250
2500,oot,10000,2000,2,3.821949,3.288722,250
2501,scorep,10000,500,11,1.602176,1.071375,4000
2502,void,10000,1000,13,1.599340,1.063843,1000
2503,empty,10000,250,2,3.720338,3.184996,16000
2504,void,10000,2000,5,1.960952,1.426173,250
2505,scorep,10000,1000,7,1.611328,1.076150,1000
2506,oot,10000,500,9,1.590042,1.055425,4000
2507,scorep,10000,250,5,1.873380,1.343168,16000
2508,tikki,10000,500,16,1.655696,1.122329,4000
2509,scorep,10000,1000,9,1.596029,1.061241,1000
251,scorep,10000,2000,9,1.676734,1.144040,250
2510,tikki,10000,2000,3,2.806025,2.272869,250
2511,scorep,10000,250,14,1.565013,1.035192,16000
2512,oot,10000,1000,10,1.609032,1.074118,1000
2513,void,10000,500,5,1.810711,1.277187,4000
2514,printf,10000,500,3,2.647954,2.116373,4000
2515,printf,10000,500,5,1.827587,1.294799,4000
2516,extrae,10000,500,15,1.674257,1.139298,4000
2517,void,10000,2000,2,3.819205,3.283313,250
2518,extrae,10000,1000,4,2.165545,1.629007,1000
2519,empty,10000,500,9,1.579051,1.047048,4000
252,tikki,10000,500,15,1.660492,1.124722,4000
2520,extrae,10000,1000,14,1.658832,1.117044,1000
2521,scorep,10000,1000,2,3.601807,3.067330,1000
2522,scorep,10000,500,6,1.651003,1.113900,4000
2523,void,10000,500,15,1.600954,1.067168,4000
2524,extrae,10000,250,5,1.942996,1.405698,16000
2525,printf,10000,2000,12,1.649739,1.115555,250
2526,empty,10000,500,13,1.617899,1.083149,4000
2527,printf,10000,500,9,1.588535,1.055459,4000
2528,extrae,10000,2000,5,1.996189,1.461220,250
2529,oot,10000,250,12,1.554168,1.020701,16000
253,empty,10000,500,10,1.579461,1.049153,4000
2530,empty,10000,2000,1,7.399718,6.862551,250
2531,extrae,10000,500,1,7.363146,6.825166,4000
2532,oot,10000,250,13,1.537587,1.003213,16000
2533,printf,10000,250,9,1.544878,1.010554,16000
2534,tikki,10000,2000,12,1.688373,1.155763,250
2535,oot,10000,1000,14,1.619823,1.084969,1000
2536,oot,10000,500,7,1.563893,1.032383,4000
2537,printf,10000,500,15,1.591578,1.059574,4000
2538,tikki,10000,1000,10,1.650351,1.116792,1000
2539,extrae,10000,1000,10,1.643589,1.107124,1000
254,extrae,10000,2000,13,1.649405,1.117863,250
2540,tikki,10000,500,2,3.678717,3.145272,4000
2541,void,10000,1000,2,3.693862,3.160396,1000
2542,tikki,10000,500,8,1.641629,1.103280,4000
2543,oot,10000,250,4,2.172873,1.639509,16000
2544,tikki,10000,250,6,1.708690,1.174702,16000
2545,scorep,10000,500,2,3.720950,3.191384,4000
2546,scorep,10000,500,1,7.358034,6.822859,4000
2547,printf,10000,500,12,1.606728,1.073070,4000
2548,printf,10000,2000,11,1.653617,1.120583,250
2549,oot,10000,250,8,1.544528,1.009977,16000
255,tikki,10000,2000,3,2.950248,2.409413,250
2550,empty,10000,1000,10,1.584700,1.053581,1000
2551,oot,10000,1000,2,3.735920,3.199583,1000
2552,printf,10000,1000,13,1.591268,1.054524,1000
2553,oot,10000,250,9,1.528887,0.995610,16000
2554,void,10000,1000,9,1.592142,1.060352,1000
2555,tikki,10000,250,10,1.593404,1.059686,16000
2556,tikki,10000,2000,13,1.673743,1.136176,250
2557,oot,10000,250,11,1.548231,1.005416,16000
2558,scorep,10000,2000,1,6.363893,5.835038,250
2559,void,10000,1000,3,2.673790,2.138720,1000
256,tikki,10000,250,11,1.581932,1.046269,16000
2560,oot,10000,250,10,1.542766,1.009111,16000
2561,oot,10000,1000,4,2.142444,1.606970,1000
2562,scorep,10000,2000,6,1.719573,1.189030,250
2563,empty,10000,250,7,1.554829,1.022247,16000
2564,oot,10000,2000,13,1.637691,1.100543,250
2565,printf,10000,500,2,3.650498,3.115440,4000
2566,empty,10000,2000,16,1.669326,1.137679,250
2567,empty,10000,1000,5,1.868660,1.332996,1000
2568,oot,10000,1000,11,1.581763,1.048885,1000
2569,printf,10000,1000,7,1.625205,1.087880,1000
257,printf,10000,250,12,1.546503,1.015178,16000
2570,tikki,10000,1000,13,1.644744,1.111379,1000
2571,scorep,10000,250,2,3.705098,3.171141,16000
2572,printf,10000,500,10,1.581994,1.047179,4000
2573,printf,10000,250,7,1.555500,1.020405,16000
2574,extrae,10000,2000,7,1.687070,1.150524,250
2575,void,10000,2000,10,1.739685,1.206385,250
2576,void,10000,2000,4,2.183627,1.650590,250
2577,printf,10000,2000,3,2.786589,2.250506,250
2578,empty,10000,500,11,1.604550,1.069545,4000
2579,printf,10000,1000,1,7.344319,6.809355,1000
258,extrae,10000,2000,12,1.697380,1.163862,250
2580,empty,10000,2000,3,2.773136,2.235005,250
2581,oot,10000,500,15,1.599878,1.065618,4000
2582,oot,10000,500,4,2.103808,1.570577,4000
2583,oot,10000,500,14,1.604845,1.070594,4000
2584,scorep,10000,1000,16,1.588967,1.055678,1000
2585,empty,10000,2000,15,1.648414,1.112505,250
2586,printf,10000,250,3,2.688469,2.152903,16000
2587,extrae,10000,500,10,1.647506,1.109793,4000
2588,tikki,10000,1000,2,3.740465,3.206703,1000
2589,extrae,10000,500,3,2.618955,2.085003,4000
259,void,10000,500,13,1.614531,1.080670,4000
2590,void,10000,1000,12,1.595654,1.061193,1000
2591,oot,10000,2000,10,1.664243,1.131990,250
2592,printf,10000,2000,7,1.678586,1.143199,250
2593,oot,10000,2000,9,1.656786,1.122395,250
2594,void,10000,2000,3,2.692490,2.161321,250
2595,printf,10000,2000,16,1.652302,1.118964,250
2596,oot,10000,250,1,7.417149,6.882580,16000
2597,tikki,10000,1000,3,2.678171,2.145724,1000
2598,scorep,10000,250,6,1.661393,1.121918,16000
2599,scorep,10000,500,4,2.145290,1.615778,4000
26,printf,10000,250,5,1.860910,1.332879,16000
260,tikki,10000,500,5,1.851885,1.322730,4000
2600,empty,10000,2000,8,1.677364,1.142362,250
2601,printf,10000,500,14,1.631059,1.088910,4000
2602,extrae,10000,250,13,1.602723,1.068988,16000
2603,scorep,10000,250,9,1.535909,1.000291,16000
2604,empty,10000,1000,16,1.593075,1.056190,1000
2605,extrae,10000,500,9,1.603448,1.068648,4000
2606,oot,10000,1000,7,1.593608,1.059532,1000
2607,void,10000,1000,15,1.597145,1.061536,1000
2608,extrae,10000,2000,1,7.381996,6.848254,250
2609,extrae,10000,500,11,1.626864,1.093156,4000
261,extrae,10000,2000,3,2.751713,2.220980,250
2610,tikki,10000,1000,9,1.651288,1.116061,1000
2611,printf,10000,2000,8,1.657278,1.124017,250
2612,extrae,10000,1000,6,1.707108,1.168650,1000
2613,oot,10000,250,14,1.554770,1.021773,16000
2614,void,10000,1000,11,1.612886,1.080075,1000
2615,oot,10000,2000,11,1.629446,1.094275,250
2616,scorep,10000,500,5,1.824912,1.287847,4000
2617,tikki,10000,250,11,1.577242,1.039479,16000
2618,empty,10000,2000,4,2.186718,1.652513,250
2619,empty,10000,250,8,1.521882,0.988439,16000
262,void,10000,1000,9,1.574399,1.045124,1000
2620,void,10000,1000,16,1.576005,1.039794,1000
2621,scorep,10000,2000,11,1.631004,1.102483,250
2622,extrae,10000,250,6,1.730770,1.192143,16000
2623,tikki,10000,2000,14,1.678507,1.145423,250
2624,empty,10000,500,14,1.596070,1.063859,4000
2625,tikki,10000,250,3,2.721216,2.190120,16000
2626,tikki,10000,2000,7,1.695529,1.161450,250
2627,empty,10000,250,4,2.136207,1.601055,16000
2628,oot,10000,500,11,1.597240,1.063749,4000
2629,oot,10000,1000,16,1.594171,1.058881,1000
263,tikki,10000,1000,8,1.645058,1.113108,1000
2630,tikki,10000,500,1,7.955426,7.417848,4000
2631,tikki,10000,2000,11,1.685499,1.151510,250
2632,empty,10000,500,6,1.637062,1.101098,4000
2633,tikki,10000,500,14,1.643306,1.110396,4000
2634,empty,10000,2000,6,1.759868,1.226236,250
2635,tikki,10000,500,12,1.641706,1.109085,4000
2636,void,10000,1000,14,1.587725,1.052939,1000
2637,extrae,10000,2000,3,2.675294,2.142546,250
2638,oot,10000,2000,5,1.906284,1.377080,250
2639,printf,10000,250,4,2.174683,1.641571,16000
264,extrae,10000,1000,14,1.654515,1.119600,1000
2640,scorep,10000,2000,3,2.778828,2.243061,250
2641,scorep,10000,2000,14,1.638484,1.104437,250
2642,tikki,10000,500,6,1.688189,1.151254,4000
2643,extrae,10000,250,10,1.564172,1.026132,16000
2644,void,10000,1000,5,1.865652,1.327185,1000
2645,void,10000,250,16,1.567911,1.035676,16000
2646,scorep,10000,2000,4,2.206056,1.673892,250
2647,void,10000,250,9,1.529247,0.995859,16000
2648,void,10000,500,8,1.576624,1.043782,4000
2649,scorep,10000,2000,15,1.653686,1.116784,250
265,tikki,10000,1000,7,1.654479,1.124210,1000
2650,extrae,10000,1000,1,7.362687,6.829400,1000
2651,printf,10000,500,4,2.141511,1.608160,4000
2652,empty,10000,500,4,2.098224,1.563895,4000
2653,void,10000,250,11,1.544943,1.011851,16000
2654,extrae,10000,1000,7,1.640829,1.105765,1000
2655,void,10000,250,10,1.540370,1.006006,16000
2656,oot,10000,1000,5,1.881984,1.349049,1000
2657,void,10000,250,7,1.515825,0.983014,16000
2658,void,10000,250,8,1.524735,0.990649,16000
2659,void,10000,500,3,2.617767,2.082386,4000
266,tikki,10000,2000,14,1.679064,1.146220,250
2660,tikki,10000,2000,10,1.732319,1.199143,250
2661,printf,10000,1000,15,1.587207,1.051675,1000
2662,oot,10000,250,6,1.636225,1.101272,16000
2663,oot,10000,2000,12,1.636879,1.103383,250
2664,extrae,10000,500,5,1.853024,1.320360,4000
2665,tikki,10000,1000,5,1.917930,1.381349,1000
2666,tikki,10000,250,7,1.587723,1.054048,16000
2667,tikki,10000,250,8,1.599243,1.066310,16000
2668,printf,10000,1000,9,1.603503,1.071208,1000
2669,oot,10000,2000,8,1.667141,1.132649,250
267,extrae,10000,2000,16,1.723543,1.193113,250
2670,extrae,10000,250,3,2.876138,2.341471,16000
2671,scorep,10000,2000,12,1.642147,1.111493,250
2672,tikki,10000,250,13,1.587865,1.054546,16000
2673,void,10000,2000,12,1.637397,1.104949,250
2674,void,10000,500,16,1.623340,1.086872,4000
2675,scorep,10000,1000,10,1.593265,1.060198,1000
2676,void,10000,500,12,1.602749,1.067375,4000
2677,scorep,10000,2000,5,1.929129,1.396587,250
2678,printf,10000,2000,9,1.655181,1.120232,250
2679,printf,10000,250,6,1.667826,1.132235,16000
268,oot,10000,250,6,1.651896,1.118665,16000
2680,void,10000,2000,8,1.666757,1.135634,250
2681,printf,10000,500,6,1.633958,1.101865,4000
2682,oot,10000,250,16,1.565656,1.033802,16000
2683,extrae,10000,250,12,1.580499,1.044172,16000
2684,tikki,10000,250,14,1.585765,1.052280,16000
2685,tikki,10000,500,15,1.637789,1.105176,4000
2686,oot,10000,2000,14,1.668611,1.136213,250
2687,oot,10000,1000,15,1.591936,1.057056,1000
2688,extrae,10000,1000,2,3.766770,3.228415,1000
2689,printf,10000,2000,3,2.744130,2.204591,250
269,oot,10000,2000,7,1.678647,1.144360,250
2690,printf,10000,250,1,7.465911,6.929918,16000
2691,scorep,10000,1000,8,1.623709,1.082952,1000
2692,tikki,10000,1000,13,1.632736,1.099687,1000
2693,tikki,10000,500,15,1.649535,1.116769,4000
2694,oot,10000,1000,15,1.618102,1.084128,1000
2695,scorep,10000,500,9,1.591333,1.060613,4000
2696,printf,10000,500,11,1.607942,1.074907,4000
2697,tikki,10000,250,10,1.585621,1.051639,16000
2698,scorep,10000,2000,11,1.648068,1.114007,250
2699,extrae,10000,500,14,1.667617,1.129129,4000
27,tikki,10000,250,3,2.734719,2.204886,16000
270,printf,10000,500,7,1.587066,1.057098,4000
2700,void,10000,500,9,1.593086,1.058563,4000
2701,scorep,10000,2000,6,1.721422,1.187091,250
2702,scorep,10000,1000,5,1.847805,1.317276,1000
2703,void,10000,500,12,1.610146,1.073981,4000
2704,printf,10000,2000,12,1.657796,1.120852,250
2705,scorep,10000,500,8,1.587312,1.051408,4000
2706,printf,10000,2000,7,1.697476,1.164082,250
2707,scorep,10000,1000,4,2.151786,1.622379,1000
2708,oot,10000,2000,11,1.697224,1.159888,250
2709,oot,10000,2000,14,1.658664,1.124686,250
271,extrae,10000,500,14,1.657110,1.123783,4000
2710,void,10000,1000,10,1.610656,1.075046,1000
2711,scorep,10000,2000,15,1.661096,1.118117,250
2712,tikki,10000,2000,14,1.708321,1.169059,250
2713,scorep,10000,500,14,1.624643,1.091905,4000
2714,extrae,10000,250,10,1.588250,1.046971,16000
2715,scorep,10000,1000,12,1.598745,1.068748,1000
2716,printf,10000,250,8,1.532637,0.995470,16000
2717,void,10000,250,16,1.550219,1.017158,16000
2718,tikki,10000,2000,16,1.700886,1.165311,250
2719,void,10000,1000,12,1.619587,1.088208,1000
272,void,10000,1000,8,1.603328,1.072015,1000
2720,tikki,10000,2000,1,8.016546,7.477994,250
2721,empty,10000,500,9,1.592195,1.058059,4000
2722,extrae,10000,1000,4,2.164101,1.627790,1000
2723,extrae,10000,250,16,1.623703,1.089147,16000
2724,empty,10000,500,3,2.622286,2.090007,4000
2725,void,10000,250,13,1.550191,1.012931,16000
2726,extrae,10000,250,11,1.592047,1.058281,16000
2727,void,10000,2000,11,1.645698,1.108090,250
2728,oot,10000,500,10,1.604762,1.072648,4000
2729,empty,10000,500,14,1.608410,1.071978,4000
273,oot,10000,500,2,3.634246,3.103314,4000
2730,extrae,10000,500,15,1.666726,1.129582,4000
2731,scorep,10000,1000,7,1.634252,1.095732,1000
2732,tikki,10000,250,8,1.603610,1.067207,16000
2733,scorep,10000,250,12,1.558358,1.026422,16000
2734,printf,10000,250,9,1.545976,1.011070,16000
2735,void,10000,1000,8,1.615042,1.078336,1000
2736,extrae,10000,1000,9,1.647767,1.113708,1000
2737,extrae,10000,500,5,1.827543,1.289764,4000
2738,oot,10000,500,3,2.603198,2.066992,4000
2739,tikki,10000,250,11,1.575296,1.041094,16000
274,printf,10000,1000,8,1.593027,1.061893,1000
2740,oot,10000,2000,10,1.657782,1.120768,250
2741,printf,10000,2000,4,2.223264,1.687211,250
2742,extrae,10000,500,3,2.628517,2.092201,4000
2743,extrae,10000,2000,11,1.700729,1.171384,250
2744,empty,10000,500,8,1.583318,1.049514,4000
2745,extrae,10000,2000,14,1.699393,1.160005,250
2746,extrae,10000,250,12,1.596595,1.063273,16000
2747,oot,10000,1000,12,1.616230,1.080999,1000
2748,extrae,10000,1000,14,1.653824,1.113650,1000
2749,void,10000,2000,1,7.395397,6.861546,250
275,extrae,10000,500,9,1.615309,1.084931,4000
2750,oot,10000,2000,8,1.647080,1.109619,250
2751,oot,10000,1000,6,1.683402,1.147969,1000
2752,tikki,10000,250,2,3.780436,3.247329,16000
2753,void,10000,2000,8,1.656353,1.122917,250
2754,oot,10000,1000,1,7.316044,6.784219,1000
2755,printf,10000,1000,13,1.618083,1.085621,1000
2756,tikki,10000,1000,8,1.644376,1.111753,1000
2757,scorep,10000,250,7,1.585437,1.039091,16000
2758,empty,10000,1000,3,2.670410,2.136920,1000
2759,empty,10000,250,10,1.554876,1.013371,16000
276,oot,10000,1000,4,2.144208,1.613752,1000
2760,oot,10000,1000,8,1.622945,1.090808,1000
2761,scorep,10000,250,11,1.541355,1.015391,16000
2762,tikki,10000,500,12,1.653220,1.119008,4000
2763,extrae,10000,1000,8,1.632789,1.099069,1000
2764,extrae,10000,500,2,3.624034,3.087366,4000
2765,scorep,10000,2000,12,1.642245,1.107210,250
2766,oot,10000,2000,6,1.800760,1.262095,250
2767,scorep,10000,1000,3,2.699515,2.162078,1000
2768,tikki,10000,1000,7,1.660975,1.121854,1000
2769,extrae,10000,2000,10,1.695325,1.160104,250
277,void,10000,250,12,1.542952,1.011101,16000
2770,oot,10000,500,1,7.365338,6.833607,4000
2771,empty,10000,2000,10,1.664979,1.128297,250
2772,extrae,10000,500,16,1.669148,1.134708,4000
2773,printf,10000,500,4,2.123145,1.590736,4000
2774,oot,10000,1000,5,1.866771,1.329193,1000
2775,void,10000,250,1,7.395355,6.861503,16000
2776,void,10000,250,2,3.747261,3.214143,16000
2777,scorep,10000,1000,11,1.601549,1.068796,1000
2778,void,10000,1000,6,1.676845,1.143368,1000
2779,printf,10000,250,5,1.856842,1.322271,16000
278,oot,10000,2000,15,1.642812,1.111245,250
2780,oot,10000,2000,12,1.652096,1.119873,250
2781,tikki,10000,250,4,2.237961,1.704624,16000
2782,tikki,10000,500,6,1.683054,1.148834,4000
2783,void,10000,500,10,1.582701,1.047940,4000
2784,printf,10000,250,13,1.551965,1.013605,16000
2785,oot,10000,1000,14,1.603557,1.070510,1000
2786,printf,10000,250,12,1.549513,1.016056,16000
2787,void,10000,250,5,1.872877,1.341216,16000
2788,printf,10000,250,14,1.559209,1.022747,16000
2789,empty,10000,2000,8,1.643637,1.109755,250
279,printf,10000,1000,11,1.601859,1.072523,1000
2790,tikki,10000,500,13,1.635335,1.101901,4000
2791,printf,10000,500,5,1.820215,1.287029,4000
2792,oot,10000,500,5,1.821144,1.286785,4000
2793,oot,10000,250,1,7.408021,6.873929,16000
2794,oot,10000,1000,4,2.199562,1.664804,1000
2795,oot,10000,250,15,1.560464,1.028231,16000
2796,extrae,10000,1000,6,1.706464,1.166178,1000
2797,oot,10000,250,10,1.537983,1.001649,16000
2798,tikki,10000,1000,11,1.638807,1.101925,1000
2799,oot,10000,250,3,2.696073,2.161859,16000
28,tikki,10000,1000,1,7.892772,7.366361,1000
280,printf,10000,250,4,2.170795,1.637543,16000
2800,scorep,10000,500,13,1.609250,1.071160,4000
2801,extrae,10000,1000,10,1.641384,1.103236,1000
2802,extrae,10000,1000,7,1.651418,1.117121,1000
2803,void,10000,250,14,1.554735,1.021014,16000
2804,extrae,10000,250,7,1.602387,1.067290,16000
2805,printf,10000,2000,6,1.813035,1.278620,250
2806,printf,10000,1000,6,1.686261,1.149924,1000
2807,void,10000,500,2,3.706348,3.172563,4000
2808,void,10000,2000,5,1.953749,1.417249,250
2809,oot,10000,2000,1,7.400559,6.863384,250
281,extrae,10000,500,10,1.629334,1.090357,4000
2810,scorep,10000,250,1,6.386277,5.859649,16000
2811,void,10000,500,15,1.618078,1.083470,4000
2812,oot,10000,500,8,1.595151,1.061447,4000
2813,printf,10000,250,6,1.665222,1.130519,16000
2814,empty,10000,2000,15,1.658805,1.122377,250
2815,oot,10000,1000,3,2.694204,2.160736,1000
2816,printf,10000,1000,8,1.611202,1.077120,1000
2817,tikki,10000,500,14,1.648355,1.113433,4000
2818,extrae,10000,2000,8,1.699632,1.165963,250
2819,extrae,10000,500,11,1.641525,1.108105,4000
282,void,10000,250,4,2.133857,1.603886,16000
2820,printf,10000,500,10,1.580846,1.046676,4000
2821,void,10000,2000,2,3.821713,3.286355,250
2822,void,10000,1000,5,1.857704,1.321698,1000
2823,scorep,10000,1000,14,1.601806,1.069060,1000
2824,extrae,10000,1000,12,1.659087,1.123055,1000
2825,tikki,10000,2000,12,1.686978,1.150647,250
2826,scorep,10000,2000,8,1.656856,1.117820,250
2827,printf,10000,2000,2,3.898074,3.361912,250
2828,printf,10000,2000,10,1.666578,1.132547,250
2829,scorep,10000,1000,13,1.599111,1.064467,1000
283,void,10000,500,11,1.584791,1.053789,4000
2830,oot,10000,250,6,1.652506,1.116088,16000
2831,oot,10000,250,9,1.518071,0.979382,16000
2832,void,10000,250,8,1.523552,0.987289,16000
2833,extrae,10000,500,9,1.629330,1.094699,4000
2834,scorep,10000,2000,14,1.654435,1.118041,250
2835,void,10000,1000,9,1.614442,1.080491,1000
2836,void,10000,500,4,2.118526,1.583103,4000
2837,tikki,10000,500,11,1.637752,1.104174,4000
2838,printf,10000,2000,8,1.665548,1.132911,250
2839,empty,10000,500,12,1.594872,1.062427,4000
284,scorep,10000,1000,15,1.623801,1.089569,1000
2840,scorep,10000,2000,3,2.728706,2.193293,250
2841,tikki,10000,2000,6,1.863705,1.328212,250
2842,scorep,10000,1000,1,6.335414,5.800905,1000
2843,void,10000,2000,14,1.681237,1.147179,250
2844,void,10000,250,7,1.557197,1.022940,16000
2845,printf,10000,500,9,1.591266,1.056097,4000
2846,oot,10000,1000,11,1.610287,1.075869,1000
2847,tikki,10000,2000,13,1.675503,1.140130,250
2848,oot,10000,2000,5,1.938090,1.406220,250
2849,oot,10000,2000,2,3.861839,3.325923,250
285,empty,10000,2000,14,1.627275,1.095382,250
2850,oot,10000,1000,16,1.599433,1.063048,1000
2851,empty,10000,2000,3,2.842585,2.309441,250
2852,printf,10000,500,7,1.593583,1.060433,4000
2853,void,10000,1000,16,1.602590,1.064179,1000
2854,tikki,10000,1000,10,1.672084,1.138442,1000
2855,printf,10000,250,15,1.555172,1.019511,16000
2856,oot,10000,500,16,1.612473,1.074732,4000
2857,scorep,10000,2000,2,3.818638,3.280260,250
2858,extrae,10000,500,4,2.154705,1.621681,4000
2859,scorep,10000,250,2,3.895138,3.366900,16000
286,extrae,10000,250,5,1.945032,1.412251,16000
2860,scorep,10000,500,5,1.869796,1.335353,4000
2861,scorep,10000,500,11,1.611057,1.077661,4000
2862,tikki,10000,500,16,1.660437,1.124476,4000
2863,scorep,10000,500,16,1.619217,1.086388,4000
2864,extrae,10000,500,7,1.603387,1.070038,4000
2865,printf,10000,250,2,3.684547,3.149397,16000
2866,void,10000,500,1,7.356409,6.820235,4000
2867,printf,10000,1000,11,1.591013,1.057324,1000
2868,tikki,10000,2000,5,2.067163,1.532748,250
2869,tikki,10000,2000,10,1.748517,1.214902,250
287,printf,10000,500,10,1.598938,1.065002,4000
2870,void,10000,500,14,1.613422,1.079107,4000
2871,oot,10000,500,14,1.611311,1.079111,4000
2872,void,10000,1000,11,1.611442,1.074516,1000
2873,void,10000,2000,16,1.655726,1.119448,250
2874,void,10000,1000,4,2.153304,1.617128,1000
2875,scorep,10000,500,2,3.687358,3.151930,4000
2876,tikki,10000,250,7,1.581165,1.047438,16000
2877,empty,10000,1000,10,1.612867,1.078561,1000
2878,scorep,10000,250,15,1.545736,1.014947,16000
2879,void,10000,250,3,2.708908,2.175567,16000
288,void,10000,250,8,1.567827,1.036464,16000
2880,tikki,10000,1000,4,2.199548,1.664281,1000
2881,empty,10000,250,16,1.552371,1.017570,16000
2882,printf,10000,500,14,1.614446,1.076359,4000
2883,printf,10000,500,1,7.367813,6.834376,4000
2884,tikki,10000,1000,2,3.672034,3.134842,1000
2885,scorep,10000,500,6,1.658107,1.119677,4000
2886,empty,10000,500,2,3.712717,3.176154,4000
2887,tikki,10000,500,1,7.924901,7.391471,4000
2888,tikki,10000,1000,16,1.659991,1.124274,1000
2889,tikki,10000,1000,15,1.619861,1.088748,1000
289,scorep,10000,250,11,1.568100,1.032648,16000
2890,empty,10000,1000,2,3.733468,3.199833,1000
2891,scorep,10000,2000,4,2.238678,1.709698,250
2892,void,10000,1000,1,7.348304,6.813918,1000
2893,empty,10000,2000,7,1.700895,1.166781,250
2894,oot,10000,250,16,1.569487,1.037259,16000
2895,empty,10000,500,13,1.593283,1.060418,4000
2896,void,10000,2000,3,2.729114,2.197037,250
2897,void,10000,2000,4,2.225829,1.693599,250
2898,extrae,10000,250,13,1.580136,1.047569,16000
2899,tikki,10000,250,5,1.883107,1.350611,16000
29,scorep,10000,500,6,1.651162,1.118090,4000
290,scorep,10000,250,8,1.580217,1.040313,16000
2900,oot,10000,250,11,1.540488,1.005313,16000
2901,oot,10000,250,13,1.561141,1.025384,16000
2902,void,10000,250,15,1.548259,1.012488,16000
2903,empty,10000,2000,6,1.743854,1.212325,250
2904,printf,10000,500,8,1.584898,1.047959,4000
2905,tikki,10000,2000,7,1.724332,1.189519,250
2906,tikki,10000,1000,9,1.665192,1.130048,1000
2907,scorep,10000,500,7,1.569695,1.037121,4000
2908,empty,10000,250,5,1.850935,1.314243,16000
2909,void,10000,1000,15,1.595311,1.060574,1000
291,scorep,10000,2000,13,1.646144,1.111214,250
2910,scorep,10000,250,8,1.536131,1.000416,16000
2911,oot,10000,250,2,3.759489,3.224738,16000
2912,empty,10000,2000,12,1.617458,1.083509,250
2913,void,10000,2000,9,1.630305,1.095137,250
2914,printf,10000,1000,3,2.688804,2.147135,1000
2915,void,10000,500,7,1.590533,1.056077,4000
2916,printf,10000,2000,15,1.632307,1.097131,250
2917,tikki,10000,250,9,1.590023,1.052347,16000
2918,scorep,10000,250,13,1.556268,1.028132,16000
2919,printf,10000,1000,15,1.597725,1.059064,1000
292,tikki,10000,1000,6,1.717599,1.186855,1000
2920,oot,10000,2000,7,1.669304,1.134015,250
2921,scorep,10000,500,10,1.605204,1.069551,4000
2922,void,10000,2000,13,1.628545,1.096543,250
2923,printf,10000,500,13,1.601618,1.067122,4000
2924,empty,10000,250,9,1.539403,1.003961,16000
2925,extrae,10000,2000,13,1.689833,1.154246,250
2926,oot,10000,500,12,1.586357,1.051996,4000
2927,empty,10000,250,6,1.650893,1.117625,16000
2928,empty,10000,250,4,2.169861,1.631291,16000
2929,extrae,10000,250,8,1.588486,1.056828,16000
293,oot,10000,250,9,1.528496,0.996782,16000
2930,empty,10000,500,16,1.610374,1.073802,4000
2931,oot,10000,2000,3,2.694867,2.161260,250
2932,tikki,10000,250,16,1.598580,1.065035,16000
2933,printf,10000,500,3,2.691063,2.157334,4000
2934,empty,10000,250,2,3.647953,3.108998,16000
2935,extrae,10000,250,5,1.952766,1.418416,16000
2936,oot,10000,500,11,1.586827,1.050958,4000
2937,printf,10000,2000,13,1.612848,1.078595,250
2938,extrae,10000,2000,2,3.800484,3.258711,250
2939,printf,10000,250,7,1.577220,1.043166,16000
294,empty,10000,1000,7,1.611386,1.080637,1000
2940,void,10000,2000,15,1.647947,1.112301,250
2941,extrae,10000,1000,2,3.768831,3.227958,1000
2942,extrae,10000,250,2,3.814020,3.275986,16000
2943,scorep,10000,1000,16,1.603443,1.069629,1000
2944,extrae,10000,1000,5,1.860937,1.328610,1000
2945,oot,10000,1000,2,3.728926,3.197876,1000
2946,scorep,10000,500,4,2.144216,1.608908,4000
2947,printf,10000,1000,16,1.605249,1.071706,1000
2948,empty,10000,2000,11,1.626900,1.092553,250
2949,empty,10000,250,1,7.407126,6.874986,16000
295,extrae,10000,500,11,1.628075,1.098998,4000
2950,extrae,10000,1000,1,7.356450,6.822129,1000
2951,scorep,10000,1000,9,1.617844,1.080277,1000
2952,tikki,10000,1000,6,1.721211,1.185295,1000
2953,scorep,10000,500,12,1.590388,1.062433,4000
2954,oot,10000,1000,7,1.617693,1.083336,1000
2955,oot,10000,500,13,1.600832,1.068145,4000
2956,scorep,10000,250,5,1.894346,1.356807,16000
2957,tikki,10000,250,3,2.835271,2.300803,16000
2958,empty,10000,1000,9,1.606796,1.070363,1000
2959,extrae,10000,2000,12,1.667679,1.134705,250
296,scorep,10000,1000,16,1.624174,1.086991,1000
2960,extrae,10000,500,8,1.619925,1.085884,4000
2961,printf,10000,1000,10,1.606356,1.071654,1000
2962,tikki,10000,250,12,1.582737,1.047973,16000
2963,scorep,10000,500,3,2.648403,2.119046,4000
2964,tikki,10000,2000,4,2.273740,1.735005,250
2965,void,10000,2000,7,1.708328,1.173105,250
2966,empty,10000,2000,5,2.009596,1.475116,250
2967,void,10000,500,5,1.822259,1.286270,4000
2968,tikki,10000,250,13,1.594526,1.059074,16000
2969,void,10000,500,6,1.641593,1.108291,4000
297,tikki,10000,250,13,1.600801,1.064609,16000
2970,void,10000,2000,12,1.646237,1.111063,250
2971,printf,10000,500,2,3.583273,3.049806,4000
2972,printf,10000,2000,5,1.928176,1.396809,250
2973,tikki,10000,500,7,1.627317,1.091505,4000
2974,oot,10000,1000,10,1.610942,1.076747,1000
2975,extrae,10000,250,1,7.460371,6.924534,16000
2976,printf,10000,250,3,2.717384,2.183189,16000
2977,void,10000,250,9,1.540517,1.004096,16000
2978,empty,10000,500,10,1.600166,1.068283,4000
2979,printf,10000,500,15,1.607502,1.070619,4000
298,tikki,10000,250,7,1.595872,1.065117,16000
2980,empty,10000,500,7,1.597247,1.062965,4000
2981,printf,10000,1000,14,1.605950,1.071414,1000
2982,extrae,10000,2000,15,1.705269,1.171787,250
2983,void,10000,500,16,1.608697,1.076545,4000
2984,empty,10000,500,1,7.355960,6.822430,4000
2985,oot,10000,250,7,1.551614,1.018335,16000
2986,void,10000,250,6,1.646790,1.110662,16000
2987,printf,10000,2000,9,1.650256,1.115019,250
2988,empty,10000,1000,12,1.594406,1.057730,1000
2989,extrae,10000,1000,13,1.663310,1.126029,1000
299,void,10000,500,14,1.608061,1.076915,4000
2990,empty,10000,250,15,1.547775,1.010439,16000
2991,oot,10000,2000,13,1.638232,1.102132,250
2992,void,10000,500,11,1.606768,1.072953,4000
2993,oot,10000,250,14,1.571508,1.035658,16000
2994,empty,10000,2000,2,3.872791,3.335790,250
2995,oot,10000,2000,9,1.641831,1.106561,250
2996,extrae,10000,2000,7,1.736080,1.202595,250
2997,printf,10000,1000,7,1.634930,1.099781,1000
2998,empty,10000,1000,11,1.611016,1.077597,1000
2999,scorep,10000,1000,2,3.647326,3.112809,1000
3,empty,10000,250,12,1.539810,1.012476,16000
30,printf,10000,250,3,2.769157,2.243169,16000
300,printf,10000,250,16,1.545689,1.015390,16000
3000,oot,10000,500,2,3.727164,3.189490,4000
3001,scorep,10000,250,10,1.538171,1.001963,16000
3002,tikki,10000,250,14,1.577248,1.042108,16000
3003,oot,10000,1000,9,1.594533,1.059674,1000
3004,tikki,10000,2000,8,1.704871,1.171846,250
3005,void,10000,1000,2,3.740816,3.206260,1000
3006,tikki,10000,500,9,1.649703,1.113840,4000
3007,extrae,10000,2000,4,2.238085,1.702165,250
3008,printf,10000,1000,1,7.360229,6.824568,1000
3009,empty,10000,500,4,2.134701,1.598447,4000
301,printf,10000,2000,15,1.646283,1.115881,250
3010,printf,10000,1000,2,3.735800,3.201142,1000
3011,void,10000,250,10,1.546551,1.003217,16000
3012,oot,10000,2000,4,2.215242,1.678365,250
3013,empty,10000,250,3,2.651918,2.120139,16000
3014,scorep,10000,2000,7,1.661885,1.125570,250
3015,void,10000,500,8,1.583347,1.044887,4000
3016,tikki,10000,500,2,3.716196,3.180183,4000
3017,printf,10000,500,6,1.650748,1.112684,4000
3018,tikki,10000,1000,5,1.916631,1.379196,1000
3019,tikki,10000,1000,14,1.664817,1.123103,1000
302,empty,10000,250,2,3.806972,3.275169,16000
3020,oot,10000,250,8,1.547266,1.011405,16000
3021,tikki,10000,1000,3,2.764968,2.225039,1000
3022,scorep,10000,250,6,1.659887,1.124542,16000
3023,tikki,10000,2000,9,1.678503,1.144117,250
3024,extrae,10000,250,14,1.621795,1.079312,16000
3025,scorep,10000,2000,13,1.634820,1.100371,250
3026,scorep,10000,1000,15,1.599951,1.067274,1000
3027,extrae,10000,2000,1,7.387377,6.854672,250
3028,void,10000,1000,13,1.594150,1.061371,1000
3029,tikki,10000,500,4,2.142281,1.610480,4000
303,printf,10000,2000,8,1.645530,1.113285,250
3030,tikki,10000,2000,15,1.727301,1.194782,250
3031,empty,10000,250,13,1.555216,1.018115,16000
3032,scorep,10000,2000,1,7.400857,6.862961,250
3033,tikki,10000,2000,11,1.673846,1.141218,250
3034,tikki,10000,2000,2,3.738361,3.205977,250
3035,printf,10000,250,10,1.547296,1.011853,16000
3036,empty,10000,2000,9,1.681140,1.146366,250
3037,oot,10000,250,4,2.172803,1.637528,16000
3038,scorep,10000,1000,6,1.671748,1.144889,1000
3039,empty,10000,2000,13,1.630101,1.097266,250
304,printf,10000,250,8,1.547172,1.018359,16000
3040,tikki,10000,1000,12,1.649162,1.116627,1000
3041,printf,10000,1000,9,1.599931,1.065838,1000
3042,extrae,10000,250,9,1.581408,1.047558,16000
3043,empty,10000,500,11,1.600255,1.064467,4000
3044,oot,10000,500,7,1.579872,1.045299,4000
3045,void,10000,500,3,2.617831,2.082835,4000
3046,oot,10000,1000,13,1.617955,1.082823,1000
3047,empty,10000,500,15,1.602005,1.069303,4000
3048,empty,10000,250,8,1.543186,1.007127,16000
3049,extrae,10000,500,1,7.367998,6.835309,4000
305,scorep,10000,500,16,1.613128,1.078344,4000
3050,extrae,10000,1000,16,1.666120,1.131248,1000
3051,tikki,10000,250,15,1.589845,1.055778,16000
3052,empty,10000,2000,14,1.641830,1.106081,250
3053,empty,10000,1000,1,7.339750,6.805382,1000
3054,extrae,10000,250,6,1.728197,1.188791,16000
3055,extrae,10000,1000,11,1.645892,1.113300,1000
3056,tikki,10000,500,10,1.636145,1.100520,4000
3057,extrae,10000,250,4,2.263237,1.729015,16000
3058,printf,10000,1000,12,1.613674,1.077280,1000
3059,printf,10000,2000,11,1.648721,1.111037,250
306,oot,10000,250,3,2.689095,2.159977,16000
3060,extrae,10000,500,10,1.623684,1.085026,4000
3061,extrae,10000,250,15,1.605381,1.071523,16000
3062,void,10000,500,13,1.600129,1.067175,4000
3063,empty,10000,1000,7,1.615608,1.082990,1000
3064,empty,10000,1000,4,2.149762,1.614344,1000
3065,extrae,10000,2000,6,1.835652,1.297165,250
3066,void,10000,1000,7,1.630813,1.098985,1000
3067,empty,10000,2000,16,1.669486,1.134974,250
3068,empty,10000,250,14,1.556570,1.024583,16000
3069,empty,10000,250,7,1.535026,1.001028,16000
307,extrae,10000,500,12,1.626190,1.095657,4000
3070,empty,10000,500,5,1.803966,1.269674,4000
3071,tikki,10000,1000,1,7.906875,7.372634,1000
3072,empty,10000,1000,13,1.616529,1.081443,1000
3073,empty,10000,1000,5,1.863041,1.328348,1000
3074,empty,10000,2000,1,7.387183,6.851138,250
3075,extrae,10000,2000,3,2.752394,2.219599,250
3076,scorep,10000,2000,10,1.753216,1.215693,250
3077,void,10000,250,11,1.535050,0.998013,16000
3078,empty,10000,2000,4,2.260908,1.725080,250
3079,extrae,10000,2000,16,1.754225,1.221896,250
308,scorep,10000,500,14,1.615784,1.076232,4000
3080,extrae,10000,250,3,2.838945,2.305272,16000
3081,extrae,10000,500,12,1.655996,1.122200,4000
3082,oot,10000,500,9,1.612347,1.079086,4000
3083,extrae,10000,1000,3,2.609637,2.072461,1000
3084,printf,10000,500,16,1.609429,1.075826,4000
3085,scorep,10000,500,15,1.608498,1.081132,4000
3086,scorep,10000,250,9,1.531985,0.997285,16000
3087,printf,10000,500,12,1.612109,1.078401,4000
3088,scorep,10000,250,4,2.146856,1.611137,16000
3089,printf,10000,250,4,2.213253,1.680834,16000
309,tikki,10000,1000,15,1.640009,1.106953,1000
3090,extrae,10000,500,6,1.656820,1.117567,4000
3091,oot,10000,500,4,2.131488,1.595333,4000
3092,void,10000,250,12,1.553644,1.020348,16000
3093,extrae,10000,2000,5,1.960906,1.427315,250
3094,tikki,10000,500,5,1.894871,1.359731,4000
3095,printf,10000,1000,4,2.168442,1.633526,1000
3096,empty,10000,1000,15,1.601428,1.069539,1000
3097,printf,10000,2000,1,7.384079,6.850491,250
3098,tikki,10000,250,6,1.708208,1.175233,16000
3099,printf,10000,2000,14,1.650406,1.116020,250
31,void,10000,2000,10,1.652749,1.125118,250
310,scorep,10000,1000,13,1.625395,1.086972,1000
3100,scorep,10000,250,3,2.686518,2.158701,16000
3101,empty,10000,1000,14,1.593981,1.057810,1000
3102,void,10000,1000,14,1.606040,1.073097,1000
3103,extrae,10000,1000,15,1.650818,1.116291,1000
3104,empty,10000,1000,16,1.615750,1.077423,1000
3105,void,10000,250,4,2.133937,1.599200,16000
3106,oot,10000,500,15,1.611940,1.076117,4000
3107,oot,10000,250,12,1.542353,1.008304,16000
3108,scorep,10000,1000,10,1.602317,1.067894,1000
3109,oot,10000,250,5,1.835382,1.307464,16000
311,void,10000,2000,8,1.635362,1.104098,250
3110,scorep,10000,2000,16,1.696102,1.161285,250
3111,tikki,10000,500,3,2.688985,2.152571,4000
3112,scorep,10000,2000,5,1.935882,1.401086,250
3113,void,10000,2000,10,1.683302,1.152664,250
3114,empty,10000,1000,8,1.593724,1.061683,1000
3115,tikki,10000,2000,3,2.739494,2.205455,250
3116,void,10000,2000,6,1.794650,1.259202,250
3117,printf,10000,250,16,1.553793,1.020193,16000
3118,empty,10000,500,6,1.639361,1.103770,4000
3119,printf,10000,2000,16,1.677510,1.141054,250
312,extrae,10000,500,15,1.661097,1.125366,4000
3120,empty,10000,250,11,1.550293,1.015374,16000
3121,tikki,10000,250,1,7.841310,7.304517,16000
3122,scorep,10000,250,16,1.553345,1.014752,16000
3123,empty,10000,1000,6,1.674039,1.144931,1000
3124,printf,10000,1000,5,1.873679,1.339319,1000
3125,oot,10000,2000,16,1.662069,1.129751,250
3126,scorep,10000,500,1,6.354864,5.824199,4000
3127,oot,10000,500,6,1.638831,1.106888,4000
3128,scorep,10000,2000,9,1.655572,1.117526,250
3129,extrae,10000,500,13,1.660384,1.136601,4000
313,extrae,10000,500,5,1.861452,1.327594,4000
3130,extrae,10000,2000,9,1.732852,1.196508,250
3131,tikki,10000,500,8,1.630566,1.096349,4000
3132,printf,10000,250,11,1.535049,1.003814,16000
3133,scorep,10000,250,14,1.550084,1.020424,16000
3134,oot,10000,2000,15,1.654978,1.120296,250
3135,empty,10000,250,12,1.547705,1.013273,16000
3136,void,10000,1000,3,2.621618,2.083676,1000
3137,void,10000,1000,6,1.686121,1.150087,1000
3138,tikki,10000,1000,7,1.658191,1.122994,1000
3139,void,10000,2000,7,1.711400,1.177094,250
314,tikki,10000,500,13,1.658894,1.124794,4000
3140,tikki,10000,1000,13,1.658301,1.122239,1000
3141,printf,10000,2000,11,1.648708,1.118760,250
3142,void,10000,250,13,1.546549,1.010100,16000
3143,void,10000,1000,15,1.611137,1.079874,1000
3144,tikki,10000,1000,5,1.909551,1.373055,1000
3145,oot,10000,250,13,1.566983,1.032402,16000
3146,printf,10000,500,16,1.624631,1.090556,4000
3147,empty,10000,250,13,1.558780,1.021575,16000
3148,empty,10000,250,4,2.202955,1.667073,16000
3149,printf,10000,2000,6,1.743183,1.208275,250
315,void,10000,2000,5,1.940532,1.409758,250
3150,oot,10000,1000,2,3.741501,3.206366,1000
3151,extrae,10000,500,6,1.659344,1.122831,4000
3152,oot,10000,250,5,1.884012,1.350693,16000
3153,oot,10000,250,15,1.556098,1.021325,16000
3154,empty,10000,250,16,1.569950,1.036225,16000
3155,void,10000,1000,11,1.599166,1.066759,1000
3156,printf,10000,250,13,1.548164,1.014102,16000
3157,scorep,10000,1000,16,1.605493,1.070140,1000
3158,oot,10000,500,6,1.648575,1.111589,4000
3159,void,10000,1000,9,1.622501,1.085713,1000
316,oot,10000,250,2,3.662489,3.131234,16000
3160,printf,10000,1000,7,1.613823,1.082682,1000
3161,scorep,10000,250,10,1.538457,1.002396,16000
3162,tikki,10000,2000,14,1.686271,1.153772,250
3163,oot,10000,250,8,1.532184,0.998056,16000
3164,oot,10000,2000,8,1.674786,1.140608,250
3165,tikki,10000,2000,16,1.715415,1.179516,250
3166,oot,10000,250,2,3.670777,3.133414,16000
3167,void,10000,250,16,1.559589,1.023879,16000
3168,scorep,10000,500,9,1.579034,1.048459,4000
3169,tikki,10000,500,7,1.630717,1.095158,4000
317,printf,10000,1000,7,1.585069,1.052735,1000
3170,oot,10000,250,16,1.549382,1.015234,16000
3171,void,10000,2000,16,1.703068,1.170216,250
3172,scorep,10000,2000,2,3.689925,3.149001,250
3173,extrae,10000,1000,16,1.650192,1.114430,1000
3174,void,10000,500,14,1.609933,1.072060,4000
3175,scorep,10000,500,8,1.572443,1.043517,4000
3176,oot,10000,1000,1,7.353729,6.818624,1000
3177,extrae,10000,500,8,1.611430,1.079090,4000
3178,void,10000,500,13,1.618957,1.081743,4000
3179,extrae,10000,2000,16,1.736891,1.204682,250
318,extrae,10000,500,13,1.657935,1.127270,4000
3180,printf,10000,250,1,7.476600,6.936943,16000
3181,printf,10000,1000,12,1.605095,1.071301,1000
3182,tikki,10000,500,8,1.618339,1.084682,4000
3183,empty,10000,250,10,1.513505,0.980267,16000
3184,scorep,10000,1000,12,1.595228,1.057117,1000
3185,printf,10000,500,1,7.376729,6.844306,4000
3186,printf,10000,2000,5,1.961863,1.427560,250
3187,scorep,10000,500,3,2.678206,2.141828,4000
3188,extrae,10000,250,3,2.797340,2.269181,16000
3189,printf,10000,500,4,2.108029,1.573571,4000
319,void,10000,500,16,1.607600,1.075554,4000
3190,tikki,10000,2000,4,2.302390,1.768095,250
3191,tikki,10000,500,3,2.716912,2.180649,4000
3192,empty,10000,500,16,1.610592,1.073671,4000
3193,empty,10000,1000,8,1.609048,1.070875,1000
3194,extrae,10000,2000,4,2.231368,1.697125,250
3195,extrae,10000,250,15,1.618673,1.085188,16000
3196,printf,10000,1000,6,1.676802,1.141809,1000
3197,tikki,10000,1000,1,7.881306,7.349118,1000
3198,extrae,10000,1000,7,1.626964,1.090129,1000
3199,empty,10000,1000,9,1.608708,1.075406,1000
32,oot,10000,250,5,1.834678,1.306886,16000
320,tikki,10000,2000,16,1.683572,1.152669,250
3200,scorep,10000,1000,7,1.600522,1.067186,1000
3201,void,10000,500,8,1.566782,1.032879,4000
3202,tikki,10000,1000,14,1.652086,1.118165,1000
3203,extrae,10000,1000,4,2.199246,1.661795,1000
3204,oot,10000,2000,9,1.666608,1.137272,250
3205,printf,10000,250,14,1.563059,1.028108,16000
3206,scorep,10000,500,13,1.606178,1.071238,4000
3207,tikki,10000,250,7,1.591531,1.058817,16000
3208,scorep,10000,2000,16,1.708012,1.172905,250
3209,printf,10000,250,4,2.166674,1.630642,16000
321,tikki,10000,250,16,1.593708,1.063473,16000
3210,scorep,10000,2000,6,1.779584,1.245503,250
3211,void,10000,1000,3,2.698168,2.166727,1000
3212,extrae,10000,250,10,1.583521,1.045988,16000
3213,empty,10000,1000,4,2.119975,1.586382,1000
3214,extrae,10000,500,12,1.658729,1.125062,4000
3215,void,10000,1000,12,1.608940,1.075866,1000
3216,void,10000,500,9,1.593052,1.058664,4000
3217,printf,10000,1000,9,1.629553,1.091440,1000
3218,scorep,10000,1000,3,2.687298,2.150728,1000
3219,extrae,10000,1000,1,7.357929,6.822207,1000
322,printf,10000,1000,2,3.637067,3.105287,1000
3220,oot,10000,1000,4,2.140427,1.602385,1000
3221,void,10000,500,16,1.615564,1.081032,4000
3222,extrae,10000,250,12,1.590406,1.057596,16000
3223,oot,10000,500,3,2.604091,2.069594,4000
3224,tikki,10000,2000,8,1.697140,1.162314,250
3225,extrae,10000,500,7,1.607832,1.069028,4000
3226,oot,10000,500,10,1.591763,1.054826,4000
3227,scorep,10000,1000,10,1.606305,1.075616,1000
3228,empty,10000,1000,14,1.616928,1.080941,1000
3229,tikki,10000,500,16,1.638803,1.106583,4000
323,tikki,10000,250,12,1.584420,1.055114,16000
3230,extrae,10000,1000,9,1.649569,1.114544,1000
3231,printf,10000,2000,4,2.183240,1.648948,250
3232,oot,10000,2000,1,7.384912,6.850904,250
3233,oot,10000,1000,9,1.619419,1.085846,1000
3234,oot,10000,250,9,1.541743,1.008329,16000
3235,empty,10000,250,3,2.785851,2.251033,16000
3236,scorep,10000,1000,15,1.614731,1.076609,1000
3237,oot,10000,1000,15,1.596128,1.062624,1000
3238,empty,10000,500,3,2.588586,2.055005,4000
3239,tikki,10000,500,12,1.633001,1.098778,4000
324,oot,10000,500,15,1.605579,1.076579,4000
3240,tikki,10000,1000,4,2.208150,1.671010,1000
3241,scorep,10000,250,11,1.564294,1.030781,16000
3242,scorep,10000,250,15,1.561422,1.032364,16000
3243,void,10000,2000,10,1.673857,1.140615,250
3244,printf,10000,1000,13,1.613137,1.078142,1000
3245,scorep,10000,500,4,2.134134,1.600536,4000
3246,printf,10000,2000,13,1.609197,1.075079,250
3247,printf,10000,250,15,1.566375,1.026430,16000
3248,void,10000,1000,1,7.352444,6.818648,1000
3249,tikki,10000,2000,15,1.710665,1.173292,250
325,scorep,10000,2000,6,1.758263,1.219407,250
3250,tikki,10000,2000,5,2.001488,1.467485,250
3251,oot,10000,2000,15,1.650815,1.116907,250
3252,extrae,10000,1000,10,1.654178,1.113031,1000
3253,empty,10000,1000,10,1.597210,1.064823,1000
3254,extrae,10000,500,4,2.132427,1.594574,4000
3255,void,10000,500,6,1.644508,1.108532,4000
3256,empty,10000,1000,1,7.369988,6.836860,1000
3257,scorep,10000,250,4,2.193945,1.665999,16000
3258,oot,10000,500,12,1.626124,1.087513,4000
3259,extrae,10000,250,9,1.574843,1.042420,16000
326,scorep,10000,1000,10,1.632109,1.094042,1000
3260,tikki,10000,250,5,1.890575,1.356008,16000
3261,oot,10000,1000,13,1.604375,1.070504,1000
3262,tikki,10000,500,10,1.634763,1.100694,4000
3263,printf,10000,250,5,1.859267,1.321648,16000
3264,printf,10000,500,14,1.612631,1.077976,4000
3265,extrae,10000,250,16,1.632484,1.092690,16000
3266,void,10000,500,15,1.612117,1.075973,4000
3267,void,10000,1000,8,1.602797,1.069765,1000
3268,extrae,10000,500,16,1.660317,1.124720,4000
3269,oot,10000,2000,11,1.636660,1.104444,250
327,tikki,10000,1000,13,1.629808,1.099511,1000
3270,void,10000,250,8,1.551539,1.018102,16000
3271,tikki,10000,500,1,7.967154,7.432261,4000
3272,extrae,10000,1000,15,1.651513,1.116199,1000
3273,printf,10000,250,7,1.553645,1.019836,16000
3274,empty,10000,500,6,1.644974,1.111057,4000
3275,tikki,10000,2000,7,1.715332,1.183233,250
3276,empty,10000,500,11,1.596400,1.059449,4000
3277,oot,10000,1000,11,1.602884,1.067536,1000
3278,oot,10000,500,1,7.360807,6.825545,4000
3279,scorep,10000,2000,14,1.677809,1.141043,250
328,empty,10000,1000,16,1.596130,1.064268,1000
3280,empty,10000,2000,15,1.643189,1.110706,250
3281,printf,10000,250,10,1.529819,0.997187,16000
3282,extrae,10000,250,6,1.734530,1.196113,16000
3283,extrae,10000,2000,12,1.687120,1.151315,250
3284,oot,10000,250,3,2.655178,2.124304,16000
3285,void,10000,250,15,1.549917,1.013450,16000
3286,scorep,10000,250,1,6.376417,5.850247,16000
3287,extrae,10000,2000,14,1.709542,1.167832,250
3288,void,10000,2000,1,7.358003,6.826265,250
3289,empty,10000,250,12,1.555970,1.020499,16000
329,void,10000,2000,7,1.700639,1.169138,250
3290,void,10000,2000,12,1.650952,1.118073,250
3291,extrae,10000,2000,10,1.679694,1.138543,250
3292,oot,10000,1000,6,1.675522,1.141766,1000
3293,scorep,10000,250,7,1.552209,1.023950,16000
3294,void,10000,2000,9,1.640730,1.105995,250
3295,tikki,10000,250,12,1.597525,1.061141,16000
3296,empty,10000,2000,12,1.651080,1.117200,250
3297,empty,10000,250,15,1.563274,1.028994,16000
3298,tikki,10000,250,2,3.804257,3.270747,16000
3299,tikki,10000,2000,10,1.673342,1.137677,250
33,printf,10000,500,5,1.820893,1.294783,4000
330,oot,10000,2000,3,2.729048,2.193875,250
3300,void,10000,250,4,2.204706,1.670227,16000
3301,void,10000,1000,14,1.599783,1.063946,1000
3302,void,10000,250,14,1.544373,1.007232,16000
3303,printf,10000,250,9,1.542999,1.008869,16000
3304,extrae,10000,2000,11,1.675459,1.139152,250
3305,scorep,10000,2000,4,2.258353,1.722925,250
3306,empty,10000,2000,2,3.692675,3.159268,250
3307,void,10000,250,7,1.545807,1.010550,16000
3308,oot,10000,1000,12,1.598039,1.064168,1000
3309,tikki,10000,250,1,7.855105,7.320298,16000
331,scorep,10000,2000,16,1.767241,1.232904,250
3310,extrae,10000,500,3,2.636496,2.102350,4000
3311,empty,10000,1000,5,1.874561,1.339814,1000
3312,empty,10000,500,12,1.601092,1.067930,4000
3313,tikki,10000,1000,3,2.770221,2.237376,1000
3314,oot,10000,500,15,1.607040,1.073641,4000
3315,void,10000,2000,3,2.689453,2.151828,250
3316,extrae,10000,2000,7,1.669716,1.136507,250
3317,empty,10000,250,5,1.876233,1.340171,16000
3318,void,10000,250,9,1.523452,0.986824,16000
3319,printf,10000,500,9,1.607451,1.070910,4000
332,extrae,10000,2000,14,1.704867,1.163182,250
3320,printf,10000,500,8,1.586235,1.053934,4000
3321,extrae,10000,2000,8,1.704714,1.168343,250
3322,void,10000,2000,8,1.642524,1.109339,250
3323,scorep,10000,500,7,1.597297,1.060442,4000
3324,empty,10000,1000,3,2.624930,2.088821,1000
3325,scorep,10000,2000,7,1.667127,1.135451,250
3326,oot,10000,1000,7,1.617154,1.085743,1000
3327,empty,10000,1000,12,1.620585,1.086975,1000
3328,printf,10000,500,12,1.602968,1.070402,4000
3329,scorep,10000,500,15,1.618119,1.082390,4000
333,empty,10000,250,14,1.547749,1.012862,16000
3330,scorep,10000,1000,6,1.695002,1.157778,1000
3331,void,10000,500,11,1.578416,1.044744,4000
3332,oot,10000,250,10,1.540363,1.008377,16000
3333,tikki,10000,2000,9,1.687821,1.154753,250
3334,extrae,10000,1000,14,1.659398,1.120684,1000
3335,scorep,10000,250,13,1.557725,1.024746,16000
3336,oot,10000,500,7,1.587572,1.051020,4000
3337,extrae,10000,500,13,1.645324,1.108948,4000
3338,tikki,10000,1000,9,1.643272,1.106281,1000
3339,extrae,10000,1000,12,1.646402,1.109717,1000
334,extrae,10000,250,6,1.724328,1.189255,16000
3340,scorep,10000,250,3,2.681292,2.141275,16000
3341,printf,10000,500,15,1.602674,1.070346,4000
3342,printf,10000,2000,14,1.701803,1.168029,250
3343,oot,10000,1000,3,2.664536,2.127033,1000
3344,extrae,10000,500,2,3.694415,3.152122,4000
3345,empty,10000,1000,13,1.622992,1.087687,1000
3346,empty,10000,2000,6,1.843588,1.310530,250
3347,void,10000,2000,2,3.820874,3.282889,250
3348,printf,10000,2000,7,1.707773,1.170886,250
3349,scorep,10000,2000,8,1.692694,1.157653,250
335,printf,10000,1000,12,1.614789,1.083027,1000
3350,scorep,10000,2000,1,7.390536,6.851188,250
3351,extrae,10000,2000,2,3.953284,3.411849,250
3352,empty,10000,250,11,1.550153,1.015004,16000
3353,empty,10000,500,15,1.606126,1.072546,4000
3354,empty,10000,500,14,1.615987,1.081594,4000
3355,tikki,10000,500,13,1.654445,1.119543,4000
3356,extrae,10000,500,15,1.656127,1.122762,4000
3357,printf,10000,500,13,1.594370,1.058461,4000
3358,scorep,10000,500,6,1.629679,1.100100,4000
3359,empty,10000,2000,16,1.704796,1.167818,250
336,empty,10000,2000,10,1.679644,1.148034,250
3360,extrae,10000,1000,3,2.683521,2.149213,1000
3361,void,10000,2000,13,1.620621,1.086883,250
3362,scorep,10000,500,5,1.804035,1.272422,4000
3363,void,10000,1000,2,3.704281,3.168337,1000
3364,tikki,10000,1000,6,1.720341,1.185640,1000
3365,printf,10000,2000,8,1.634848,1.101875,250
3366,printf,10000,1000,15,1.591034,1.055358,1000
3367,empty,10000,1000,11,1.593035,1.060811,1000
3368,oot,10000,500,11,1.600060,1.066795,4000
3369,scorep,10000,2000,15,1.701230,1.161545,250
337,scorep,10000,1000,14,1.618877,1.078201,1000
3370,scorep,10000,500,14,1.603716,1.067902,4000
3371,empty,10000,250,7,1.559752,1.023604,16000
3372,empty,10000,1000,15,1.595916,1.058370,1000
3373,oot,10000,500,5,1.816509,1.283315,4000
3374,empty,10000,2000,3,2.657270,2.121898,250
3375,tikki,10000,250,11,1.581881,1.047572,16000
3376,void,10000,500,1,7.334785,6.801189,4000
3377,scorep,10000,2000,10,1.715173,1.179338,250
3378,empty,10000,1000,7,1.627620,1.095212,1000
3379,printf,10000,500,6,1.637952,1.100518,4000
338,empty,10000,500,2,3.663203,3.133585,4000
3380,scorep,10000,500,10,1.597316,1.067780,4000
3381,void,10000,250,11,1.540748,1.013640,16000
3382,printf,10000,1000,14,1.587646,1.054180,1000
3383,void,10000,1000,16,1.611402,1.078645,1000
3384,oot,10000,250,14,1.544643,1.011644,16000
3385,extrae,10000,500,5,1.847484,1.313640,4000
3386,oot,10000,2000,7,1.683359,1.146737,250
3387,empty,10000,2000,13,1.644307,1.107272,250
3388,scorep,10000,250,8,1.540402,1.007892,16000
3389,void,10000,1000,5,1.861085,1.326990,1000
339,oot,10000,1000,12,1.584379,1.051300,1000
3390,empty,10000,1000,16,1.589487,1.056927,1000
3391,tikki,10000,2000,11,1.689255,1.152376,250
3392,oot,10000,250,6,1.659263,1.123516,16000
3393,tikki,10000,1000,12,1.636186,1.099459,1000
3394,empty,10000,500,1,7.360342,6.825492,4000
3395,empty,10000,250,14,1.552847,1.016478,16000
3396,tikki,10000,1000,10,1.640256,1.105877,1000
3397,oot,10000,500,4,2.132621,1.599237,4000
3398,tikki,10000,250,15,1.579715,1.046141,16000
3399,oot,10000,500,9,1.606002,1.073909,4000
34,extrae,10000,2000,15,1.687429,1.159413,250
340,tikki,10000,1000,9,1.672273,1.140779,1000
3400,extrae,10000,2000,1,7.378768,6.843284,250
3401,scorep,10000,500,2,3.725121,3.186422,4000
3402,void,10000,500,4,2.146333,1.612210,4000
3403,extrae,10000,2000,5,1.965102,1.431668,250
3404,extrae,10000,2000,9,1.688724,1.157667,250
3405,void,10000,1000,13,1.589909,1.054675,1000
3406,scorep,10000,250,2,3.898827,3.366224,16000
3407,scorep,10000,500,16,1.624420,1.083565,4000
3408,printf,10000,500,11,1.609722,1.072884,4000
3409,empty,10000,500,8,1.587448,1.053439,4000
341,printf,10000,250,13,1.548116,1.016182,16000
3410,tikki,10000,1000,11,1.657124,1.124746,1000
3411,oot,10000,2000,2,3.828459,3.293035,250
3412,extrae,10000,250,7,1.621213,1.088009,16000
3413,printf,10000,500,3,2.741972,2.207528,4000
3414,printf,10000,1000,2,3.738536,3.203328,1000
3415,extrae,10000,2000,15,1.699262,1.165873,250
3416,printf,10000,250,12,1.553565,1.015987,16000
3417,tikki,10000,500,4,2.150721,1.616657,4000
3418,void,10000,250,10,1.555535,1.018739,16000
3419,scorep,10000,2000,3,2.692034,2.159938,250
342,void,10000,1000,13,1.604510,1.071273,1000
3420,void,10000,1000,7,1.633877,1.091341,1000
3421,scorep,10000,2000,5,1.983063,1.451481,250
3422,oot,10000,250,7,1.562231,1.023963,16000
3423,extrae,10000,1000,8,1.658183,1.120491,1000
3424,scorep,10000,1000,14,1.614253,1.076006,1000
3425,printf,10000,1000,8,1.618134,1.086356,1000
3426,tikki,10000,1000,16,1.638749,1.101313,1000
3427,printf,10000,250,8,1.537584,1.001529,16000
3428,oot,10000,2000,13,1.624327,1.097676,250
3429,extrae,10000,250,11,1.583367,1.052806,16000
343,scorep,10000,2000,10,1.675946,1.138528,250
3430,empty,10000,2000,7,1.648589,1.112197,250
3431,printf,10000,1000,1,7.344234,6.810156,1000
3432,oot,10000,500,16,1.621984,1.088731,4000
3433,extrae,10000,250,1,7.455618,6.923052,16000
3434,extrae,10000,1000,5,1.911980,1.380118,1000
3435,scorep,10000,250,9,1.516185,0.986847,16000
3436,empty,10000,250,1,7.402701,6.867544,16000
3437,scorep,10000,500,11,1.612983,1.076650,4000
3438,scorep,10000,250,14,1.544903,1.018941,16000
3439,empty,10000,500,7,1.573267,1.038986,4000
344,extrae,10000,1000,5,1.868139,1.334281,1000
3440,tikki,10000,250,14,1.602974,1.068537,16000
3441,extrae,10000,1000,13,1.628923,1.092646,1000
3442,void,10000,500,7,1.590568,1.053978,4000
3443,oot,10000,1000,5,1.876687,1.342925,1000
3444,void,10000,500,12,1.597329,1.064052,4000
3445,void,10000,250,6,1.661076,1.123318,16000
3446,scorep,10000,1000,8,1.611965,1.080385,1000
3447,oot,10000,1000,14,1.596052,1.062499,1000
3448,tikki,10000,2000,2,3.843276,3.308363,250
3449,extrae,10000,500,9,1.623386,1.087495,4000
345,empty,10000,2000,1,7.366352,6.831184,250
3450,printf,10000,1000,16,1.584997,1.050959,1000
3451,empty,10000,500,2,3.718105,3.183314,4000
3452,oot,10000,500,2,3.749195,3.216850,4000
3453,tikki,10000,500,14,1.649006,1.116495,4000
3454,scorep,10000,1000,5,1.870659,1.335497,1000
3455,tikki,10000,1000,2,3.680342,3.146075,1000
3456,printf,10000,500,5,1.821797,1.282467,4000
3457,empty,10000,500,13,1.608623,1.075419,4000
3458,empty,10000,2000,4,2.209696,1.676068,250
3459,printf,10000,250,16,1.554306,1.019072,16000
346,empty,10000,1000,14,1.595018,1.062849,1000
3460,tikki,10000,500,2,3.700149,3.164908,4000
3461,void,10000,250,5,1.854193,1.319766,16000
3462,extrae,10000,500,14,1.664060,1.128030,4000
3463,printf,10000,2000,2,3.826144,3.291503,250
3464,empty,10000,2000,8,1.657812,1.126057,250
3465,printf,10000,1000,3,2.711171,2.176063,1000
3466,printf,10000,500,2,3.745231,3.212428,4000
3467,void,10000,500,2,3.714160,3.178081,4000
3468,tikki,10000,2000,13,1.661245,1.123739,250
3469,oot,10000,2000,4,2.207362,1.672814,250
347,printf,10000,2000,2,3.816541,3.286131,250
3470,scorep,10000,250,6,1.677356,1.143427,16000
3471,printf,10000,2000,9,1.640501,1.107337,250
3472,printf,10000,250,3,2.785732,2.251135,16000
3473,void,10000,2000,4,2.192393,1.658074,250
3474,empty,10000,250,2,3.763654,3.225558,16000
3475,tikki,10000,500,6,1.678870,1.144976,4000
3476,void,10000,1000,10,1.619642,1.082936,1000
3477,oot,10000,2000,3,2.773149,2.238121,250
3478,void,10000,2000,14,1.637930,1.104969,250
3479,empty,10000,250,6,1.655993,1.118937,16000
348,extrae,10000,500,3,2.684936,2.153199,4000
3480,oot,10000,500,14,1.607310,1.074479,4000
3481,printf,10000,2000,16,1.695581,1.159505,250
3482,tikki,10000,2000,3,2.719920,2.186839,250
3483,scorep,10000,2000,9,1.667035,1.130889,250
3484,oot,10000,2000,10,1.647080,1.113580,250
3485,printf,10000,250,2,3.805687,3.269822,16000
3486,printf,10000,1000,5,1.883209,1.345837,1000
3487,empty,10000,500,10,1.609261,1.075207,4000
3488,scorep,10000,250,5,1.860777,1.332123,16000
3489,tikki,10000,250,9,1.587951,1.053762,16000
349,void,10000,2000,11,1.654079,1.120164,250
3490,scorep,10000,1000,13,1.605861,1.074953,1000
3491,printf,10000,500,7,1.551176,1.014704,4000
3492,printf,10000,250,11,1.553059,1.020380,16000
3493,printf,10000,2000,15,1.656604,1.118171,250
3494,extrae,10000,500,11,1.644798,1.111903,4000
3495,printf,10000,250,6,1.659128,1.126710,16000
3496,void,10000,500,5,1.834979,1.300900,4000
3497,empty,10000,1000,2,3.737703,3.204289,1000
3498,extrae,10000,250,2,3.874706,3.334207,16000
3499,void,10000,500,10,1.588457,1.054407,4000
35,empty,10000,1000,2,3.683168,3.152962,1000
350,oot,10000,1000,9,1.609081,1.075165,1000
3500,extrae,10000,250,13,1.609218,1.071195,16000
3501,oot,10000,2000,6,1.797784,1.260672,250
3502,empty,10000,250,8,1.508230,0.972406,16000
3503,void,10000,2000,11,1.635449,1.102252,250
3504,printf,10000,1000,4,2.143020,1.608952,1000
3505,extrae,10000,500,1,7.379594,6.842932,4000
3506,extrae,10000,250,14,1.618741,1.090427,16000
3507,tikki,10000,500,9,1.639040,1.105464,4000
3508,void,10000,250,12,1.542844,1.005340,16000
3509,oot,10000,250,11,1.542571,1.010389,16000
351,scorep,10000,2000,4,2.221275,1.686876,250
3510,empty,10000,2000,9,1.632222,1.098689,250
3511,scorep,10000,500,1,7.363563,6.828198,4000
3512,oot,10000,250,4,2.170887,1.637098,16000
3513,oot,10000,500,8,1.601681,1.067790,4000
3514,scorep,10000,1000,2,3.857579,3.325494,1000
3515,tikki,10000,2000,6,1.805163,1.271733,250
3516,tikki,10000,500,5,1.855512,1.321952,4000
3517,void,10000,1000,4,2.157594,1.624798,1000
3518,void,10000,500,3,2.674753,2.142153,4000
3519,printf,10000,2000,12,1.620961,1.088258,250
352,empty,10000,500,12,1.610447,1.074503,4000
3520,scorep,10000,1000,11,1.604723,1.070814,1000
3521,oot,10000,2000,14,1.682608,1.149354,250
3522,void,10000,250,2,3.741720,3.209404,16000
3523,oot,10000,2000,5,1.995423,1.462806,250
3524,oot,10000,250,1,7.411258,6.879450,16000
3525,extrae,10000,2000,6,1.793344,1.251308,250
3526,extrae,10000,1000,6,1.696206,1.157889,1000
3527,oot,10000,1000,8,1.608628,1.074699,1000
3528,extrae,10000,1000,2,3.767679,3.229602,1000
3529,tikki,10000,250,3,2.802748,2.270161,16000
353,printf,10000,500,2,3.788928,3.257027,4000
3530,void,10000,2000,6,1.794020,1.259512,250
3531,tikki,10000,250,10,1.591293,1.057166,16000
3532,tikki,10000,2000,12,1.687924,1.153642,250
3533,tikki,10000,250,4,2.243690,1.705500,16000
3534,oot,10000,1000,10,1.586606,1.052279,1000
3535,scorep,10000,2000,11,1.684559,1.153860,250
3536,tikki,10000,2000,1,7.962231,7.423069,250
3537,empty,10000,2000,14,1.658919,1.121024,250
3538,extrae,10000,250,5,1.995952,1.461486,16000
3539,extrae,10000,500,10,1.649660,1.110067,4000
354,scorep,10000,250,15,1.587341,1.047059,16000
3540,empty,10000,1000,6,1.676792,1.142655,1000
3541,printf,10000,2000,3,2.785678,2.251734,250
3542,empty,10000,2000,11,1.667052,1.131225,250
3543,extrae,10000,250,8,1.565492,1.026910,16000
3544,scorep,10000,1000,9,1.611730,1.082116,1000
3545,scorep,10000,250,12,1.554841,1.017304,16000
3546,extrae,10000,1000,11,1.665288,1.130174,1000
3547,extrae,10000,2000,3,2.716124,2.180938,250
3548,empty,10000,500,5,1.818113,1.279713,4000
3549,empty,10000,2000,1,7.391925,6.857969,250
355,tikki,10000,250,9,1.585847,1.052463,16000
3550,empty,10000,250,9,1.537885,1.003142,16000
3551,scorep,10000,250,16,1.565567,1.040408,16000
3552,printf,10000,2000,1,7.380694,6.847673,250
3553,tikki,10000,250,8,1.573208,1.039077,16000
3554,scorep,10000,1000,1,6.329565,5.800162,1000
3555,tikki,10000,250,6,1.700600,1.169754,16000
3556,printf,10000,2000,10,1.676805,1.143999,250
3557,tikki,10000,1000,8,1.652854,1.117285,1000
3558,void,10000,2000,15,1.650213,1.113676,250
3559,scorep,10000,2000,13,1.638346,1.112775,250
356,void,10000,250,13,1.551867,1.019059,16000
3560,empty,10000,2000,5,2.037679,1.502195,250
3561,tikki,10000,250,16,1.592582,1.057410,16000
3562,empty,10000,2000,10,1.700972,1.163617,250
3563,scorep,10000,1000,4,2.132017,1.600378,1000
3564,void,10000,250,3,2.723446,2.185022,16000
3565,tikki,10000,500,15,1.647142,1.113184,4000
3566,oot,10000,1000,16,1.612966,1.076675,1000
3567,void,10000,250,1,7.415088,6.880877,16000
3568,oot,10000,500,13,1.611848,1.079928,4000
3569,printf,10000,1000,10,1.612479,1.075626,1000
357,tikki,10000,500,4,2.210691,1.675786,4000
3570,void,10000,2000,5,1.948989,1.410544,250
3571,printf,10000,1000,11,1.594861,1.059598,1000
3572,scorep,10000,2000,12,1.653332,1.117662,250
3573,scorep,10000,500,12,1.616839,1.088207,4000
3574,tikki,10000,1000,15,1.641861,1.105386,1000
3575,printf,10000,500,10,1.607469,1.068044,4000
3576,extrae,10000,250,4,2.228383,1.695240,16000
3577,empty,10000,500,4,2.139646,1.601583,4000
3578,oot,10000,2000,12,1.645229,1.111312,250
3579,oot,10000,250,12,1.541720,1.004945,16000
358,printf,10000,250,2,3.724648,3.191630,16000
3580,extrae,10000,2000,13,1.666300,1.133352,250
3581,empty,10000,500,9,1.575467,1.041987,4000
3582,tikki,10000,250,13,1.580199,1.046366,16000
3583,oot,10000,2000,16,1.659314,1.125034,250
3584,tikki,10000,500,11,1.638993,1.106705,4000
3585,extrae,10000,500,9,1.613999,1.080087,4000
3586,extrae,10000,1000,3,2.690740,2.154558,1000
3587,oot,10000,250,14,1.553310,1.019244,16000
3588,extrae,10000,2000,3,2.747296,2.216055,250
3589,empty,10000,1000,7,1.612933,1.080880,1000
359,void,10000,500,10,1.580181,1.045539,4000
3590,scorep,10000,250,1,6.392334,5.864074,16000
3591,tikki,10000,1000,13,1.660202,1.124276,1000
3592,printf,10000,2000,2,3.832982,3.299634,250
3593,extrae,10000,2000,12,1.676635,1.139149,250
3594,void,10000,250,13,1.549742,1.015763,16000
3595,oot,10000,1000,4,2.172071,1.639839,1000
3596,scorep,10000,1000,1,6.333102,5.803342,1000
3597,scorep,10000,500,12,1.592926,1.065124,4000
3598,oot,10000,2000,2,3.830460,3.296276,250
3599,scorep,10000,500,1,7.353883,6.816478,4000
36,scorep,10000,500,2,3.779544,3.248109,4000
360,oot,10000,250,1,7.402325,6.868284,16000
3600,void,10000,500,11,1.613192,1.075553,4000
3601,scorep,10000,500,11,1.592775,1.067839,4000
3602,scorep,10000,250,5,1.879238,1.350806,16000
3603,oot,10000,500,15,1.620518,1.084220,4000
3604,scorep,10000,1000,14,1.607947,1.077496,1000
3605,extrae,10000,500,11,1.643150,1.108276,4000
3606,printf,10000,2000,11,1.635961,1.101658,250
3607,oot,10000,250,9,1.540504,1.006626,16000
3608,tikki,10000,500,11,1.645070,1.111138,4000
3609,void,10000,1000,9,1.619139,1.085204,1000
361,empty,10000,250,8,1.523060,0.991507,16000
3610,oot,10000,1000,7,1.630971,1.097112,1000
3611,void,10000,250,11,1.546001,1.012738,16000
3612,printf,10000,2000,8,1.651413,1.117381,250
3613,empty,10000,2000,6,1.767076,1.233012,250
3614,empty,10000,2000,2,3.866927,3.335101,250
3615,extrae,10000,250,8,1.579806,1.045695,16000
3616,printf,10000,250,7,1.557188,1.020605,16000
3617,oot,10000,500,4,2.118889,1.583956,4000
3618,scorep,10000,250,2,3.962340,3.427299,16000
3619,empty,10000,500,9,1.596602,1.061927,4000
362,void,10000,250,3,2.712399,2.177161,16000
3620,empty,10000,500,10,1.574803,1.039503,4000
3621,oot,10000,250,1,7.417913,6.882388,16000
3622,tikki,10000,500,5,1.856979,1.321395,4000
3623,scorep,10000,2000,8,1.652573,1.112464,250
3624,void,10000,2000,10,1.653752,1.118719,250
3625,extrae,10000,1000,1,7.354089,6.819793,1000
3626,printf,10000,500,2,3.710389,3.176712,4000
3627,tikki,10000,250,10,1.567382,1.035881,16000
3628,tikki,10000,500,4,2.182902,1.647415,4000
3629,void,10000,250,9,1.518283,0.986249,16000
363,extrae,10000,250,16,1.616630,1.083842,16000
3630,tikki,10000,1000,2,3.748729,3.213988,1000
3631,empty,10000,1000,13,1.592138,1.056824,1000
3632,empty,10000,500,8,1.563254,1.028419,4000
3633,empty,10000,500,2,3.670864,3.133452,4000
3634,tikki,10000,500,3,2.647499,2.113163,4000
3635,tikki,10000,2000,11,1.673407,1.141754,250
3636,tikki,10000,1000,11,1.663986,1.123131,1000
3637,scorep,10000,250,12,1.552273,1.024511,16000
3638,empty,10000,250,9,1.556642,1.019331,16000
3639,oot,10000,1000,10,1.595387,1.059637,1000
364,empty,10000,2000,3,2.736402,2.205645,250
3640,tikki,10000,500,9,1.643734,1.107427,4000
3641,extrae,10000,250,15,1.612235,1.067924,16000
3642,scorep,10000,2000,3,2.639223,2.107846,250
3643,oot,10000,2000,1,7.386536,6.852626,250
3644,void,10000,1000,3,2.666088,2.133510,1000
3645,printf,10000,250,10,1.559925,1.024236,16000
3646,scorep,10000,500,4,2.146325,1.617183,4000
3647,extrae,10000,500,14,1.657912,1.121410,4000
3648,extrae,10000,500,16,1.667066,1.134047,4000
3649,extrae,10000,250,3,2.801547,2.268003,16000
365,oot,10000,500,5,1.829971,1.300876,4000
3650,printf,10000,250,16,1.557200,1.021559,16000
3651,scorep,10000,1000,9,1.621834,1.088438,1000
3652,void,10000,250,4,2.179847,1.646358,16000
3653,tikki,10000,2000,15,1.679176,1.144506,250
3654,void,10000,250,12,1.543004,1.007833,16000
3655,tikki,10000,500,15,1.642008,1.108607,4000
3656,extrae,10000,2000,13,1.672744,1.140014,250
3657,oot,10000,1000,8,1.601491,1.068704,1000
3658,empty,10000,1000,5,1.866835,1.330079,1000
3659,void,10000,1000,5,1.873001,1.340151,1000
366,empty,10000,500,6,1.639692,1.106531,4000
3660,tikki,10000,1000,6,1.727318,1.191627,1000
3661,void,10000,500,8,1.589464,1.054587,4000
3662,oot,10000,2000,12,1.637916,1.100936,250
3663,tikki,10000,2000,3,2.732511,2.200521,250
3664,printf,10000,2000,15,1.690555,1.154033,250
3665,void,10000,2000,1,7.389945,6.856581,250
3666,void,10000,250,5,1.874181,1.339276,16000
3667,tikki,10000,500,16,1.644782,1.113644,4000
3668,printf,10000,500,8,1.588101,1.052625,4000
3669,void,10000,500,12,1.607702,1.074125,4000
367,oot,10000,250,4,2.176966,1.642821,16000
3670,scorep,10000,500,14,1.592751,1.063187,4000
3671,tikki,10000,250,2,3.735893,3.202079,16000
3672,void,10000,500,7,1.576867,1.041388,4000
3673,oot,10000,500,5,1.848420,1.314763,4000
3674,extrae,10000,500,6,1.667376,1.129067,4000
3675,void,10000,2000,4,2.193388,1.659308,250
3676,extrae,10000,250,12,1.586319,1.049602,16000
3677,empty,10000,500,16,1.610056,1.074582,4000
3678,oot,10000,2000,7,1.688435,1.150442,250
3679,extrae,10000,1000,5,1.903191,1.370374,1000
368,oot,10000,500,8,1.583623,1.053619,4000
3680,oot,10000,500,8,1.569760,1.035682,4000
3681,extrae,10000,1000,2,3.779123,3.238965,1000
3682,void,10000,500,3,2.670486,2.136545,4000
3683,oot,10000,250,13,1.556676,1.018786,16000
3684,empty,10000,250,16,1.558498,1.019733,16000
3685,tikki,10000,250,5,1.903059,1.363587,16000
3686,void,10000,250,1,7.413216,6.879977,16000
3687,printf,10000,250,1,7.468838,6.930485,16000
3688,oot,10000,250,2,3.672585,3.136328,16000
3689,empty,10000,1000,6,1.681474,1.142577,1000
369,oot,10000,500,14,1.599345,1.070736,4000
3690,extrae,10000,1000,10,1.642944,1.100688,1000
3691,printf,10000,2000,6,1.769953,1.234003,250
3692,scorep,10000,1000,16,1.599933,1.068728,1000
3693,void,10000,2000,6,1.746771,1.213048,250
3694,oot,10000,1000,2,3.701539,3.163217,1000
3695,tikki,10000,500,14,1.623035,1.088326,4000
3696,oot,10000,250,6,1.658853,1.124283,16000
3697,extrae,10000,2000,14,1.707909,1.171559,250
3698,extrae,10000,2000,16,1.712479,1.178931,250
3699,scorep,10000,500,13,1.612583,1.082903,4000
37,void,10000,1000,3,2.724639,2.192285,1000
370,extrae,10000,1000,3,2.626862,2.097287,1000
3700,extrae,10000,250,10,1.598563,1.054951,16000
3701,scorep,10000,250,14,1.567065,1.032858,16000
3702,extrae,10000,1000,15,1.654282,1.119890,1000
3703,scorep,10000,1000,7,1.587538,1.055440,1000
3704,empty,10000,250,10,1.541332,1.002214,16000
3705,extrae,10000,500,5,1.855670,1.321616,4000
3706,scorep,10000,500,8,1.598387,1.057714,4000
3707,scorep,10000,500,10,1.599578,1.064987,4000
3708,printf,10000,1000,13,1.618304,1.085149,1000
3709,oot,10000,500,10,1.601814,1.067339,4000
371,oot,10000,500,7,1.594224,1.063261,4000
3710,printf,10000,250,12,1.552595,1.013400,16000
3711,empty,10000,1000,4,2.167258,1.632744,1000
3712,empty,10000,1000,10,1.607192,1.067934,1000
3713,tikki,10000,500,6,1.746191,1.205971,4000
3714,tikki,10000,2000,8,1.706371,1.171638,250
3715,scorep,10000,2000,7,1.689456,1.157244,250
3716,printf,10000,250,5,1.857667,1.324268,16000
3717,void,10000,2000,9,1.648660,1.109231,250
3718,tikki,10000,500,7,1.635879,1.100351,4000
3719,empty,10000,500,13,1.613278,1.079575,4000
372,tikki,10000,500,8,1.640659,1.109058,4000
3720,oot,10000,500,6,1.646124,1.106651,4000
3721,empty,10000,2000,9,1.653669,1.119149,250
3722,tikki,10000,250,11,1.586532,1.051828,16000
3723,oot,10000,250,10,1.553349,1.016861,16000
3724,void,10000,1000,8,1.608076,1.076418,1000
3725,scorep,10000,2000,5,1.936934,1.400301,250
3726,oot,10000,2000,11,1.644823,1.112105,250
3727,empty,10000,1000,8,1.611470,1.077776,1000
3728,oot,10000,2000,4,2.201293,1.663632,250
3729,void,10000,500,5,1.828380,1.295376,4000
373,oot,10000,500,11,1.592208,1.060680,4000
3730,void,10000,2000,5,1.961807,1.427693,250
3731,oot,10000,1000,15,1.600473,1.061773,1000
3732,empty,10000,1000,9,1.594456,1.062869,1000
3733,tikki,10000,1000,1,7.915978,7.377154,1000
3734,tikki,10000,2000,13,1.681910,1.143905,250
3735,tikki,10000,500,2,3.702387,3.164623,4000
3736,extrae,10000,500,7,1.616795,1.079389,4000
3737,void,10000,1000,10,1.619310,1.081809,1000
3738,oot,10000,1000,11,1.608934,1.074150,1000
3739,printf,10000,2000,9,1.648327,1.112367,250
374,empty,10000,500,9,1.586880,1.057508,4000
3740,tikki,10000,1000,15,1.642836,1.109321,1000
3741,tikki,10000,250,3,2.779050,2.244442,16000
3742,void,10000,250,6,1.652043,1.117816,16000
3743,void,10000,250,10,1.541951,1.003513,16000
3744,scorep,10000,2000,13,1.635823,1.103586,250
3745,printf,10000,500,1,7.391502,6.856301,4000
3746,extrae,10000,500,15,1.659978,1.125576,4000
3747,printf,10000,500,6,1.632125,1.098157,4000
3748,tikki,10000,2000,1,7.937131,7.405475,250
3749,oot,10000,2000,3,2.741587,2.203430,250
375,empty,10000,500,8,1.589030,1.059070,4000
3750,printf,10000,250,15,1.564294,1.025515,16000
3751,printf,10000,1000,12,1.586865,1.046993,1000
3752,scorep,10000,500,3,2.674867,2.139918,4000
3753,scorep,10000,500,15,1.610637,1.083195,4000
3754,empty,10000,250,12,1.537324,1.000162,16000
3755,empty,10000,2000,15,1.643024,1.108725,250
3756,printf,10000,2000,1,7.386107,6.851710,250
3757,oot,10000,1000,14,1.605630,1.070579,1000
3758,tikki,10000,500,12,1.644350,1.110674,4000
3759,extrae,10000,500,3,2.686224,2.152395,4000
376,void,10000,2000,6,1.749624,1.214691,250
3760,scorep,10000,1000,5,1.846626,1.320364,1000
3761,printf,10000,250,9,1.549158,1.011434,16000
3762,void,10000,2000,7,1.725327,1.190444,250
3763,void,10000,500,6,1.635178,1.101741,4000
3764,empty,10000,250,7,1.549150,1.012654,16000
3765,tikki,10000,1000,9,1.648877,1.110749,1000
3766,scorep,10000,500,5,1.817453,1.284932,4000
3767,void,10000,2000,2,3.648957,3.116086,250
3768,tikki,10000,250,6,1.707324,1.175168,16000
3769,tikki,10000,2000,12,1.673445,1.138934,250
377,oot,10000,1000,13,1.599659,1.068706,1000
3770,oot,10000,1000,9,1.617066,1.083338,1000
3771,printf,10000,1000,6,1.671536,1.139821,1000
3772,scorep,10000,250,10,1.554029,1.019513,16000
3773,tikki,10000,250,13,1.605408,1.070610,16000
3774,tikki,10000,2000,2,3.700151,3.164992,250
3775,extrae,10000,500,1,7.376739,6.839876,4000
3776,empty,10000,250,3,2.677011,2.145323,16000
3777,empty,10000,2000,4,2.194948,1.663324,250
3778,printf,10000,500,15,1.629284,1.091696,4000
3779,empty,10000,2000,1,7.393944,6.855524,250
378,scorep,10000,500,5,1.819060,1.281691,4000
3780,scorep,10000,250,8,1.530726,0.992430,16000
3781,tikki,10000,500,13,1.645876,1.109125,4000
3782,printf,10000,500,10,1.587585,1.054049,4000
3783,void,10000,2000,3,2.670107,2.135929,250
3784,extrae,10000,2000,4,2.245241,1.709556,250
3785,printf,10000,250,14,1.555758,1.019758,16000
3786,printf,10000,2000,5,1.971202,1.437216,250
3787,extrae,10000,1000,16,1.653324,1.121811,1000
3788,scorep,10000,250,6,1.646405,1.117079,16000
3789,printf,10000,2000,7,1.685946,1.153127,250
379,extrae,10000,1000,8,1.652239,1.120239,1000
3790,oot,10000,2000,6,1.731982,1.199536,250
3791,void,10000,1000,2,3.736373,3.201056,1000
3792,printf,10000,2000,16,1.677707,1.140405,250
3793,printf,10000,1000,7,1.618691,1.085338,1000
3794,oot,10000,500,11,1.591889,1.059416,4000
3795,empty,10000,500,12,1.604892,1.069538,4000
3796,empty,10000,1000,3,2.677096,2.140746,1000
3797,empty,10000,250,13,1.547106,1.013536,16000
3798,empty,10000,1000,16,1.603799,1.069022,1000
3799,extrae,10000,500,10,1.636387,1.099337,4000
38,empty,10000,250,16,1.557708,1.031916,16000
380,oot,10000,2000,2,3.802713,3.272639,250
3800,printf,10000,1000,11,1.596768,1.062664,1000
3801,void,10000,1000,16,1.610039,1.077606,1000
3802,printf,10000,1000,3,2.673826,2.138702,1000
3803,scorep,10000,2000,12,1.636305,1.103204,250
3804,empty,10000,2000,14,1.641102,1.106907,250
3805,void,10000,500,10,1.598438,1.062179,4000
3806,oot,10000,250,15,1.546971,1.012138,16000
3807,extrae,10000,1000,14,1.639877,1.102353,1000
3808,oot,10000,500,12,1.593095,1.060169,4000
3809,empty,10000,500,5,1.814411,1.279270,4000
381,extrae,10000,500,1,7.362558,6.833095,4000
3810,printf,10000,1000,1,7.365776,6.831830,1000
3811,extrae,10000,250,7,1.613504,1.078441,16000
3812,empty,10000,250,1,7.406951,6.872857,16000
3813,tikki,10000,2000,16,1.705102,1.168927,250
3814,oot,10000,2000,9,1.642096,1.104657,250
3815,oot,10000,500,13,1.590708,1.056911,4000
3816,void,10000,500,15,1.613564,1.078221,4000
3817,void,10000,1000,1,7.337592,6.804599,1000
3818,printf,10000,1000,2,3.731628,3.194869,1000
3819,printf,10000,1000,10,1.604468,1.068461,1000
382,tikki,10000,250,8,1.582108,1.051013,16000
3820,empty,10000,250,4,2.167810,1.633103,16000
3821,oot,10000,1000,3,2.673099,2.137435,1000
3822,extrae,10000,250,16,1.616804,1.081192,16000
3823,void,10000,1000,11,1.607263,1.071452,1000
3824,scorep,10000,1000,13,1.591802,1.061646,1000
3825,extrae,10000,2000,6,1.748801,1.209655,250
3826,printf,10000,2000,12,1.647490,1.111814,250
3827,printf,10000,1000,9,1.645512,1.106127,1000
3828,tikki,10000,2000,7,1.751570,1.216595,250
3829,void,10000,500,9,1.582294,1.044952,4000
383,scorep,10000,500,1,6.371976,5.835524,4000
3830,empty,10000,2000,13,1.637384,1.102546,250
3831,empty,10000,250,5,1.842632,1.308964,16000
3832,void,10000,1000,7,1.617640,1.084341,1000
3833,empty,10000,250,11,1.542895,1.002169,16000
3834,void,10000,250,8,1.534903,0.998096,16000
3835,tikki,10000,2000,4,2.321093,1.782244,250
3836,tikki,10000,250,15,1.598785,1.063736,16000
3837,void,10000,500,16,1.617645,1.083278,4000
3838,scorep,10000,2000,1,6.364571,5.836716,250
3839,oot,10000,250,11,1.535119,1.003204,16000
384,printf,10000,2000,16,1.637443,1.104891,250
3840,printf,10000,250,2,3.688854,3.152576,16000
3841,printf,10000,500,3,2.666175,2.133850,4000
3842,scorep,10000,1000,10,1.611000,1.071694,1000
3843,extrae,10000,250,1,7.458962,6.923496,16000
3844,extrae,10000,250,2,3.794726,3.257796,16000
3845,printf,10000,2000,3,2.746818,2.212393,250
3846,scorep,10000,1000,15,1.608643,1.077500,1000
3847,void,10000,500,4,2.124281,1.591522,4000
3848,tikki,10000,1000,16,1.638724,1.103338,1000
3849,scorep,10000,250,7,1.568222,1.037398,16000
385,oot,10000,2000,5,1.970319,1.439255,250
3850,printf,10000,500,7,1.607561,1.074738,4000
3851,void,10000,2000,12,1.638376,1.104960,250
3852,empty,10000,500,14,1.605303,1.072296,4000
3853,extrae,10000,250,9,1.568483,1.034361,16000
3854,empty,10000,1000,11,1.614419,1.080117,1000
3855,oot,10000,500,2,3.698997,3.164235,4000
3856,oot,10000,500,1,7.380360,6.840057,4000
3857,extrae,10000,1000,4,2.168965,1.636950,1000
3858,scorep,10000,1000,6,1.673813,1.145029,1000
3859,tikki,10000,500,8,1.655202,1.116270,4000
386,scorep,10000,2000,15,1.671604,1.129645,250
3860,tikki,10000,250,7,1.572718,1.038142,16000
3861,oot,10000,2000,8,1.638856,1.104659,250
3862,empty,10000,2000,10,1.670188,1.136473,250
3863,tikki,10000,250,4,2.244746,1.710191,16000
3864,empty,10000,2000,3,2.740789,2.206981,250
3865,empty,10000,1000,12,1.624903,1.091211,1000
3866,void,10000,2000,15,1.638746,1.101686,250
3867,printf,10000,500,4,2.112852,1.581382,4000
3868,oot,10000,250,8,1.542466,1.007656,16000
3869,extrae,10000,1000,9,1.644299,1.112560,1000
387,extrae,10000,2000,5,1.952861,1.422042,250
3870,extrae,10000,250,4,2.262068,1.730382,16000
3871,empty,10000,500,4,2.146243,1.614389,4000
3872,printf,10000,250,4,2.171114,1.639585,16000
3873,empty,10000,2000,12,1.665724,1.127885,250
3874,scorep,10000,250,3,2.669977,2.139208,16000
3875,tikki,10000,1000,14,1.686943,1.151083,1000
3876,void,10000,250,3,2.686702,2.153083,16000
3877,tikki,10000,1000,3,2.681179,2.144845,1000
3878,tikki,10000,250,14,1.605270,1.071289,16000
3879,oot,10000,500,14,1.617894,1.083433,4000
388,void,10000,1000,1,7.343153,6.813704,1000
3880,oot,10000,250,3,2.791701,2.257006,16000
3881,scorep,10000,1000,8,1.623080,1.083739,1000
3882,printf,10000,250,13,1.551551,1.017549,16000
3883,scorep,10000,2000,4,2.166708,1.637275,250
3884,empty,10000,1000,2,3.667430,3.133057,1000
3885,oot,10000,2000,15,1.632535,1.098949,250
3886,scorep,10000,250,11,1.543575,1.015319,16000
3887,extrae,10000,1000,6,1.698708,1.160595,1000
3888,printf,10000,500,13,1.604912,1.068906,4000
3889,empty,10000,500,7,1.579273,1.042882,4000
389,tikki,10000,1000,3,2.708369,2.174965,1000
3890,scorep,10000,2000,2,3.770565,3.233515,250
3891,printf,10000,2000,4,2.225187,1.690831,250
3892,scorep,10000,250,4,2.186606,1.655320,16000
3893,extrae,10000,2000,5,1.982550,1.448543,250
3894,empty,10000,1000,14,1.596261,1.062469,1000
3895,printf,10000,250,3,2.711097,2.175895,16000
3896,scorep,10000,1000,3,2.696675,2.154304,1000
3897,extrae,10000,2000,11,1.699728,1.166532,250
3898,oot,10000,1000,12,1.597726,1.063644,1000
3899,extrae,10000,1000,13,1.656237,1.122869,1000
39,printf,10000,1000,15,1.583149,1.055416,1000
390,scorep,10000,1000,9,1.615754,1.080896,1000
3900,scorep,10000,2000,14,1.708071,1.174740,250
3901,printf,10000,500,9,1.590697,1.052612,4000
3902,extrae,10000,250,5,1.931085,1.397184,16000
3903,extrae,10000,250,11,1.602749,1.067410,16000
3904,empty,10000,500,11,1.584512,1.048932,4000
3905,printf,10000,500,16,1.606789,1.072653,4000
3906,oot,10000,1000,5,1.858450,1.319108,1000
3907,printf,10000,2000,13,1.626130,1.090019,250
3908,void,10000,500,13,1.605081,1.073311,4000
3909,printf,10000,250,6,1.664666,1.130341,16000
391,scorep,10000,1000,2,3.608184,3.074126,1000
3910,void,10000,2000,11,1.679189,1.147332,250
3911,scorep,10000,500,7,1.563542,1.030508,4000
3912,extrae,10000,250,6,1.736453,1.196871,16000
3913,oot,10000,500,7,1.572742,1.039002,4000
3914,extrae,10000,2000,15,1.737896,1.204444,250
3915,void,10000,1000,13,1.609457,1.076521,1000
3916,void,10000,1000,14,1.617692,1.084022,1000
3917,oot,10000,500,16,1.624304,1.095478,4000
3918,oot,10000,250,4,2.175906,1.642124,16000
3919,tikki,10000,1000,8,1.660078,1.124301,1000
392,empty,10000,1000,1,7.346446,6.814191,1000
3920,oot,10000,1000,6,1.675277,1.143301,1000
3921,extrae,10000,500,13,1.662510,1.129341,4000
3922,void,10000,500,2,3.683724,3.152553,4000
3923,scorep,10000,500,6,1.640928,1.106527,4000
3924,void,10000,2000,14,1.651735,1.118238,250
3925,scorep,10000,500,9,1.593617,1.064217,4000
3926,extrae,10000,1000,8,1.627804,1.091973,1000
3927,oot,10000,2000,16,1.701202,1.169745,250
3928,printf,10000,250,11,1.536415,1.002682,16000
3929,empty,10000,500,3,2.669274,2.132946,4000
393,oot,10000,500,9,1.582695,1.050752,4000
3930,empty,10000,2000,16,1.667662,1.132880,250
3931,tikki,10000,500,10,1.638374,1.104807,4000
3932,scorep,10000,1000,12,1.617710,1.077875,1000
3933,void,10000,250,15,1.560743,1.025532,16000
3934,tikki,10000,1000,5,1.928071,1.394110,1000
3935,empty,10000,250,14,1.580179,1.042886,16000
3936,extrae,10000,2000,7,1.691122,1.155437,250
3937,scorep,10000,250,15,1.560962,1.023731,16000
3938,tikki,10000,1000,12,1.645318,1.108643,1000
3939,printf,10000,500,11,1.611991,1.077863,4000
394,scorep,10000,250,13,1.554567,1.018826,16000
3940,empty,10000,2000,8,1.622399,1.089422,250
3941,scorep,10000,1000,2,3.672387,3.143938,1000
3942,extrae,10000,2000,2,3.848253,3.306729,250
3943,oot,10000,500,9,1.604129,1.065981,4000
3944,scorep,10000,2000,11,1.637870,1.108414,250
3945,extrae,10000,1000,12,1.661996,1.130357,1000
3946,tikki,10000,2000,14,1.672586,1.137152,250
3947,printf,10000,500,12,1.597291,1.063391,4000
3948,printf,10000,1000,16,1.599338,1.065063,1000
3949,void,10000,1000,4,2.124934,1.592326,1000
395,tikki,10000,1000,4,2.193189,1.660632,1000
3950,scorep,10000,1000,4,2.179112,1.644833,1000
3951,extrae,10000,500,2,3.713444,3.174850,4000
3952,extrae,10000,250,14,1.623536,1.086426,16000
3953,oot,10000,1000,1,7.351172,6.815730,1000
3954,empty,10000,2000,5,1.990989,1.455960,250
3955,void,10000,2000,16,1.653562,1.120423,250
3956,oot,10000,2000,10,1.726224,1.191790,250
3957,oot,10000,250,5,1.854466,1.321888,16000
3958,void,10000,2000,13,1.636056,1.103606,250
3959,tikki,10000,2000,6,1.780210,1.240928,250
396,void,10000,2000,16,1.669229,1.136134,250
3960,oot,10000,250,7,1.587482,1.054619,16000
3961,extrae,10000,2000,10,1.749617,1.222226,250
3962,empty,10000,1000,15,1.590215,1.057398,1000
3963,oot,10000,500,3,2.670960,2.134655,4000
3964,empty,10000,500,1,7.355056,6.821644,4000
3965,printf,10000,2000,10,1.739829,1.202882,250
3966,empty,10000,2000,7,1.694456,1.162727,250
3967,oot,10000,2000,14,1.662136,1.128104,250
3968,scorep,10000,1000,11,1.607721,1.083318,1000
3969,empty,10000,1000,1,7.356483,6.823589,1000
397,extrae,10000,2000,8,1.670166,1.140489,250
3970,tikki,10000,2000,9,1.715422,1.181100,250
3971,scorep,10000,2000,15,1.648821,1.112684,250
3972,oot,10000,250,16,1.561758,1.024181,16000
3973,oot,10000,2000,13,1.631551,1.098934,250
3974,extrae,10000,250,13,1.607019,1.073101,16000
3975,extrae,10000,2000,8,1.692687,1.155031,250
3976,void,10000,250,2,3.740388,3.207223,16000
3977,scorep,10000,2000,16,1.709992,1.185468,250
3978,printf,10000,1000,14,1.621138,1.084419,1000
3979,void,10000,250,7,1.566143,1.034498,16000
398,tikki,10000,500,9,1.613630,1.082703,4000
3980,void,10000,1000,6,1.687279,1.152312,1000
3981,tikki,10000,500,1,7.923002,7.388793,4000
3982,tikki,10000,250,16,1.599695,1.067209,16000
3983,printf,10000,1000,15,1.584538,1.051284,1000
3984,scorep,10000,500,2,3.664260,3.136862,4000
3985,scorep,10000,2000,10,1.651713,1.118970,250
3986,void,10000,2000,8,1.645471,1.112784,250
3987,printf,10000,1000,5,1.859118,1.319651,1000
3988,void,10000,500,1,7.366916,6.833495,4000
3989,printf,10000,1000,8,1.595161,1.061733,1000
399,scorep,10000,2000,12,1.661429,1.126279,250
3990,tikki,10000,1000,4,2.172830,1.645042,1000
3991,empty,10000,250,6,1.643010,1.109588,16000
3992,oot,10000,1000,16,1.603847,1.065942,1000
3993,empty,10000,250,15,1.554937,1.021554,16000
3994,extrae,10000,500,12,1.648341,1.112083,4000
3995,tikki,10000,1000,10,1.652177,1.116351,1000
3996,empty,10000,500,6,1.639219,1.104674,4000
3997,oot,10000,2000,5,1.978051,1.446435,250
3998,empty,10000,2000,11,1.639167,1.107582,250
3999,tikki,10000,2000,10,1.695141,1.158969,250
4,tikki,10000,250,6,1.700784,1.174654,16000
40,oot,10000,250,12,1.555464,1.027554,16000
400,empty,10000,1000,15,1.613864,1.080072,1000
4000,printf,10000,500,5,1.840950,1.306968,4000
4001,extrae,10000,2000,9,1.683069,1.148474,250
4002,extrae,10000,500,8,1.624885,1.090509,4000
4003,tikki,10000,1000,7,1.633348,1.101415,1000
4004,extrae,10000,2000,1,7.388912,6.855537,250
4005,printf,10000,2000,14,1.638538,1.102028,250
4006,extrae,10000,1000,11,1.654463,1.118865,1000
4007,scorep,10000,250,13,1.536220,1.009336,16000
4008,scorep,10000,250,16,1.570855,1.033445,16000
4009,extrae,10000,1000,7,1.656700,1.120555,1000
401,tikki,10000,2000,5,2.044072,1.514707,250
4010,printf,10000,500,14,1.608006,1.074250,4000
4011,void,10000,1000,15,1.612507,1.075339,1000
4012,tikki,10000,250,9,1.563406,1.030314,16000
4013,printf,10000,1000,4,2.148713,1.613996,1000
4014,printf,10000,250,8,1.553208,1.017176,16000
4015,scorep,10000,250,9,1.552345,1.016524,16000
4016,void,10000,500,14,1.596314,1.063638,4000
4017,tikki,10000,2000,5,1.997449,1.462331,250
4018,empty,10000,250,8,1.549472,1.016149,16000
4019,oot,10000,1000,13,1.598561,1.060201,1000
402,void,10000,1000,2,3.687808,3.159099,1000
4020,void,10000,1000,12,1.617111,1.082848,1000
4021,scorep,10000,2000,6,1.814276,1.281834,250
4022,oot,10000,250,12,1.550799,1.015556,16000
4023,extrae,10000,500,4,2.116326,1.583040,4000
4024,empty,10000,500,15,1.600094,1.067600,4000
4025,void,10000,250,16,1.552358,1.019104,16000
4026,void,10000,250,14,1.556241,1.022193,16000
4027,tikki,10000,250,1,7.812519,7.276792,16000
4028,empty,10000,250,2,3.762081,3.225359,16000
4029,scorep,10000,2000,9,1.720782,1.195063,250
403,extrae,10000,1000,10,1.644203,1.108538,1000
4030,tikki,10000,250,12,1.586900,1.053857,16000
4031,tikki,10000,250,8,1.579173,1.048587,16000
4032,scorep,10000,500,16,1.620155,1.087158,4000
4033,void,10000,500,11,1.603399,1.067629,4000
4034,empty,10000,1000,13,1.575157,1.040721,1000
4035,empty,10000,2000,14,1.646259,1.110565,250
4036,scorep,10000,250,15,1.555170,1.020870,16000
4037,oot,10000,250,15,1.547352,1.012949,16000
4038,printf,10000,2000,4,2.231620,1.695924,250
4039,tikki,10000,250,6,1.697384,1.160204,16000
404,void,10000,2000,3,2.651889,2.117127,250
4040,scorep,10000,250,1,6.374355,5.837200,16000
4041,void,10000,250,15,1.544579,1.012100,16000
4042,empty,10000,1000,11,1.603811,1.070564,1000
4043,scorep,10000,500,6,1.644733,1.113183,4000
4044,printf,10000,2000,1,7.386156,6.851817,250
4045,printf,10000,1000,5,1.883642,1.351159,1000
4046,oot,10000,250,5,1.850523,1.313422,16000
4047,empty,10000,1000,3,2.724537,2.190577,1000
4048,oot,10000,250,9,1.539932,1.006167,16000
4049,scorep,10000,500,1,6.344713,5.820435,4000
405,extrae,10000,500,4,2.136956,1.601687,4000
4050,oot,10000,500,13,1.611703,1.073462,4000
4051,scorep,10000,250,4,2.185667,1.658633,16000
4052,void,10000,500,9,1.610318,1.074072,4000
4053,extrae,10000,2000,12,1.674202,1.142232,250
4054,empty,10000,500,2,3.666718,3.133207,4000
4055,extrae,10000,250,6,1.745352,1.206767,16000
4056,void,10000,1000,4,2.181535,1.649456,1000
4057,void,10000,250,1,7.412025,6.879244,16000
4058,printf,10000,1000,16,1.604002,1.067940,1000
4059,scorep,10000,250,11,1.554368,1.017651,16000
406,oot,10000,1000,5,1.886504,1.354750,1000
4060,oot,10000,2000,11,1.627967,1.095615,250
4061,scorep,10000,2000,9,1.656053,1.128237,250
4062,printf,10000,250,2,3.724382,3.188203,16000
4063,extrae,10000,2000,13,1.699825,1.163554,250
4064,scorep,10000,1000,7,1.591155,1.058292,1000
4065,oot,10000,500,4,2.118700,1.582336,4000
4066,printf,10000,500,14,1.611504,1.074855,4000
4067,extrae,10000,250,8,1.567043,1.035600,16000
4068,scorep,10000,500,15,1.620164,1.088073,4000
4069,scorep,10000,2000,5,1.942548,1.413038,250
407,scorep,10000,250,4,2.196770,1.662438,16000
4070,tikki,10000,2000,15,1.697892,1.164703,250
4071,empty,10000,2000,7,1.688445,1.151996,250
4072,tikki,10000,500,3,2.730236,2.197392,4000
4073,printf,10000,2000,9,1.663016,1.124964,250
4074,tikki,10000,1000,5,1.923529,1.389441,1000
4075,scorep,10000,250,9,1.535385,0.999947,16000
4076,tikki,10000,1000,6,1.724775,1.191964,1000
4077,void,10000,1000,14,1.607301,1.072159,1000
4078,printf,10000,2000,10,1.687376,1.155229,250
4079,scorep,10000,1000,15,1.604621,1.072255,1000
408,tikki,10000,1000,5,1.886833,1.355486,1000
4080,extrae,10000,1000,16,1.654687,1.121848,1000
4081,printf,10000,1000,11,1.583013,1.046315,1000
4082,scorep,10000,250,8,1.538098,1.007611,16000
4083,void,10000,2000,8,1.647859,1.113222,250
4084,void,10000,1000,5,1.866207,1.332270,1000
4085,printf,10000,1000,15,1.585767,1.050532,1000
4086,tikki,10000,2000,13,1.660202,1.125231,250
4087,tikki,10000,1000,14,1.642841,1.107795,1000
4088,tikki,10000,500,12,1.646278,1.111625,4000
4089,extrae,10000,2000,8,1.704614,1.168493,250
409,tikki,10000,500,16,1.649415,1.118516,4000
4090,oot,10000,250,8,1.524667,0.991048,16000
4091,oot,10000,500,12,1.596244,1.057699,4000
4092,empty,10000,1000,15,1.601073,1.065611,1000
4093,tikki,10000,250,1,7.794000,7.260262,16000
4094,tikki,10000,2000,11,1.680695,1.145938,250
4095,tikki,10000,500,4,2.177463,1.643665,4000
4096,tikki,10000,500,11,1.639347,1.105761,4000
4097,printf,10000,2000,2,3.875798,3.339033,250
4098,scorep,10000,1000,6,1.671170,1.144403,1000
4099,printf,10000,1000,8,1.618988,1.082507,1000
41,scorep,10000,250,16,1.593028,1.055078,16000
410,scorep,10000,500,10,1.590217,1.052181,4000
4100,tikki,10000,500,7,1.625591,1.089683,4000
4101,tikki,10000,2000,7,1.734987,1.203277,250
4102,printf,10000,500,3,2.698616,2.166133,4000
4103,void,10000,500,2,3.715769,3.182986,4000
4104,empty,10000,500,3,2.619269,2.086103,4000
4105,empty,10000,250,14,1.561023,1.026873,16000
4106,printf,10000,500,9,1.580642,1.047006,4000
4107,extrae,10000,500,14,1.657582,1.119828,4000
4108,oot,10000,250,6,1.648752,1.115503,16000
4109,void,10000,1000,16,1.603663,1.067461,1000
411,printf,10000,500,6,1.626144,1.092901,4000
4110,empty,10000,2000,11,1.627915,1.091695,250
4111,printf,10000,500,12,1.600479,1.066506,4000
4112,void,10000,250,14,1.548277,1.012592,16000
4113,void,10000,1000,1,7.351877,6.814298,1000
4114,tikki,10000,500,14,1.646766,1.109853,4000
4115,oot,10000,2000,2,3.880037,3.343403,250
4116,empty,10000,250,16,1.556741,1.021962,16000
4117,empty,10000,250,12,1.551047,1.014537,16000
4118,oot,10000,1000,11,1.607478,1.074288,1000
4119,extrae,10000,2000,10,1.750677,1.213886,250
412,tikki,10000,2000,2,3.688816,3.153536,250
4120,void,10000,500,15,1.583654,1.050004,4000
4121,tikki,10000,2000,16,1.733723,1.198894,250
4122,extrae,10000,2000,5,1.967280,1.432823,250
4123,void,10000,2000,9,1.657467,1.121989,250
4124,extrae,10000,250,14,1.610674,1.071715,16000
4125,void,10000,500,3,2.648514,2.114698,4000
4126,empty,10000,1000,5,1.867498,1.329900,1000
4127,extrae,10000,500,11,1.654009,1.116603,4000
4128,tikki,10000,2000,5,1.989786,1.457621,250
4129,empty,10000,250,9,1.531545,0.994547,16000
413,empty,10000,1000,6,1.682515,1.149815,1000
4130,printf,10000,500,8,1.571208,1.034726,4000
4131,oot,10000,500,6,1.645729,1.108738,4000
4132,empty,10000,500,11,1.599191,1.067391,4000
4133,tikki,10000,250,7,1.587825,1.054267,16000
4134,scorep,10000,2000,12,1.639583,1.111403,250
4135,void,10000,250,13,1.557744,1.020810,16000
4136,printf,10000,1000,12,1.601559,1.065055,1000
4137,scorep,10000,1000,3,2.688237,2.148987,1000
4138,printf,10000,500,10,1.608979,1.074547,4000
4139,scorep,10000,2000,13,1.644472,1.113018,250
414,scorep,10000,250,6,1.662592,1.126251,16000
4140,scorep,10000,2000,8,1.661013,1.125754,250
4141,printf,10000,2000,6,1.722780,1.190786,250
4142,empty,10000,500,7,1.588388,1.056039,4000
4143,extrae,10000,1000,11,1.643849,1.111398,1000
4144,scorep,10000,250,12,1.554447,1.022876,16000
4145,empty,10000,250,8,1.520935,0.985354,16000
4146,oot,10000,250,13,1.552127,1.016383,16000
4147,tikki,10000,250,10,1.596968,1.060375,16000
4148,extrae,10000,250,4,2.290161,1.751244,16000
4149,tikki,10000,2000,2,3.804710,3.264241,250
415,void,10000,250,16,1.551289,1.016969,16000
4150,oot,10000,500,9,1.589277,1.055942,4000
4151,void,10000,1000,9,1.604645,1.073647,1000
4152,void,10000,2000,6,1.819437,1.286225,250
4153,extrae,10000,1000,3,2.660383,2.127157,1000
4154,scorep,10000,1000,8,1.593577,1.064287,1000
4155,tikki,10000,250,14,1.588542,1.058118,16000
4156,empty,10000,250,3,2.649887,2.113151,16000
4157,oot,10000,1000,9,1.614621,1.081023,1000
4158,printf,10000,250,7,1.562028,1.027885,16000
4159,extrae,10000,2000,4,2.256778,1.723313,250
416,scorep,10000,2000,5,1.975122,1.437676,250
4160,empty,10000,1000,4,2.163069,1.630032,1000
4161,printf,10000,1000,7,1.621734,1.088397,1000
4162,scorep,10000,1000,11,1.612523,1.078743,1000
4163,oot,10000,2000,8,1.661620,1.127309,250
4164,empty,10000,500,6,1.644017,1.110001,4000
4165,void,10000,1000,10,1.595335,1.064706,1000
4166,oot,10000,2000,4,2.195007,1.659205,250
4167,empty,10000,1000,10,1.593866,1.065754,1000
4168,void,10000,250,6,1.645074,1.114164,16000
4169,extrae,10000,1000,14,1.645580,1.109474,1000
417,scorep,10000,2000,11,1.653086,1.116569,250
4170,tikki,10000,500,16,1.635945,1.099986,4000
4171,void,10000,250,5,1.881421,1.348284,16000
4172,oot,10000,2000,15,1.653803,1.119477,250
4173,void,10000,500,5,1.849852,1.315784,4000
4174,scorep,10000,500,14,1.618419,1.085607,4000
4175,scorep,10000,2000,10,1.645015,1.111861,250
4176,empty,10000,500,14,1.604125,1.068344,4000
4177,printf,10000,250,4,2.177263,1.639307,16000
4178,oot,10000,250,12,1.548189,1.014628,16000
4179,extrae,10000,500,10,1.627030,1.089181,4000
418,oot,10000,2000,10,1.678945,1.146524,250
4180,tikki,10000,2000,4,2.267871,1.736333,250
4181,printf,10000,500,6,1.631784,1.099240,4000
4182,printf,10000,2000,14,1.640834,1.106392,250
4183,extrae,10000,1000,13,1.628748,1.095333,1000
4184,extrae,10000,250,5,1.951723,1.418179,16000
4185,empty,10000,1000,12,1.624905,1.088811,1000
4186,empty,10000,2000,5,1.954991,1.415147,250
4187,void,10000,2000,2,3.872179,3.338265,250
4188,tikki,10000,2000,6,1.805972,1.274227,250
4189,tikki,10000,1000,4,2.221935,1.687682,1000
419,tikki,10000,2000,10,1.754391,1.219751,250
4190,extrae,10000,500,13,1.645317,1.109571,4000
4191,tikki,10000,2000,1,7.933111,7.404610,250
4192,void,10000,500,16,1.613235,1.075344,4000
4193,empty,10000,250,4,2.164202,1.631106,16000
4194,tikki,10000,500,15,1.663492,1.128733,4000
4195,scorep,10000,500,3,2.573568,2.049420,4000
4196,printf,10000,250,8,1.538247,1.001474,16000
4197,void,10000,1000,11,1.601969,1.067911,1000
4198,void,10000,500,14,1.609118,1.072942,4000
4199,extrae,10000,500,1,7.371902,6.837923,4000
42,printf,10000,250,9,1.533249,1.000689,16000
420,void,10000,500,12,1.605760,1.070830,4000
4200,void,10000,250,2,3.690205,3.155418,16000
4201,oot,10000,250,14,1.546103,1.010522,16000
4202,scorep,10000,1000,4,2.137633,1.609528,1000
4203,void,10000,2000,15,1.640460,1.103160,250
4204,oot,10000,250,11,1.564351,1.027181,16000
4205,printf,10000,2000,16,1.709947,1.170234,250
4206,extrae,10000,1000,8,1.631747,1.100297,1000
4207,printf,10000,250,3,2.762138,2.227475,16000
4208,empty,10000,250,10,1.534194,1.000915,16000
4209,void,10000,250,3,2.661959,2.127690,16000
421,printf,10000,500,14,1.609556,1.079545,4000
4210,tikki,10000,500,8,1.641054,1.104069,4000
4211,void,10000,500,10,1.599511,1.064946,4000
4212,scorep,10000,250,3,2.753403,2.217055,16000
4213,printf,10000,250,15,1.552482,1.017458,16000
4214,tikki,10000,1000,16,1.651592,1.117670,1000
4215,printf,10000,2000,15,1.646337,1.111057,250
4216,empty,10000,2000,9,1.647737,1.111691,250
4217,extrae,10000,1000,6,1.715673,1.177561,1000
4218,empty,10000,1000,14,1.592684,1.059655,1000
4219,oot,10000,500,14,1.611768,1.077898,4000
422,void,10000,1000,12,1.579622,1.051878,1000
4220,extrae,10000,500,4,2.141221,1.607617,4000
4221,scorep,10000,2000,6,1.724671,1.194221,250
4222,tikki,10000,1000,11,1.660183,1.127699,1000
4223,tikki,10000,250,16,1.591022,1.057180,16000
4224,extrae,10000,250,7,1.609495,1.077485,16000
4225,void,10000,500,6,1.633441,1.101590,4000
4226,tikki,10000,250,2,3.822157,3.286296,16000
4227,void,10000,2000,10,1.681069,1.145087,250
4228,extrae,10000,2000,11,1.677913,1.146549,250
4229,tikki,10000,250,8,1.591109,1.056578,16000
423,printf,10000,2000,10,1.678647,1.144162,250
4230,printf,10000,250,9,1.546350,1.012575,16000
4231,printf,10000,2000,11,1.646617,1.111923,250
4232,tikki,10000,500,2,3.737818,3.203523,4000
4233,tikki,10000,1000,13,1.650027,1.112898,1000
4234,tikki,10000,250,4,2.191782,1.654791,16000
4235,scorep,10000,2000,3,2.707156,2.179636,250
4236,printf,10000,1000,3,2.638651,2.104225,1000
4237,empty,10000,2000,3,2.697150,2.162431,250
4238,void,10000,250,11,1.553589,1.020061,16000
4239,tikki,10000,250,11,1.589062,1.055531,16000
424,extrae,10000,250,10,1.572430,1.036498,16000
4240,extrae,10000,500,2,3.824400,3.285915,4000
4241,oot,10000,250,16,1.544092,1.007360,16000
4242,tikki,10000,1000,15,1.646086,1.110786,1000
4243,oot,10000,250,10,1.532895,1.000434,16000
4244,printf,10000,250,14,1.555186,1.021133,16000
4245,printf,10000,500,4,2.120546,1.588957,4000
4246,printf,10000,2000,12,1.649242,1.116685,250
4247,printf,10000,250,6,1.657455,1.123828,16000
4248,tikki,10000,500,6,1.684108,1.148751,4000
4249,oot,10000,1000,6,1.670725,1.140696,1000
425,tikki,10000,1000,12,1.629253,1.098289,1000
4250,extrae,10000,1000,9,1.633727,1.103225,1000
4251,tikki,10000,2000,10,1.713476,1.181180,250
4252,printf,10000,250,12,1.556128,1.021053,16000
4253,oot,10000,2000,16,1.702537,1.168393,250
4254,scorep,10000,250,5,1.858170,1.330544,16000
4255,empty,10000,500,8,1.594827,1.057340,4000
4256,empty,10000,2000,13,1.628372,1.096100,250
4257,scorep,10000,1000,13,1.601525,1.073611,1000
4258,scorep,10000,2000,4,2.240656,1.701286,250
4259,void,10000,1000,8,1.626679,1.089744,1000
426,scorep,10000,1000,12,1.616808,1.079126,1000
4260,printf,10000,250,5,1.895969,1.362477,16000
4261,empty,10000,2000,16,1.668878,1.134550,250
4262,extrae,10000,1000,12,1.651848,1.118847,1000
4263,oot,10000,2000,3,2.661579,2.124580,250
4264,printf,10000,1000,10,1.624207,1.092095,1000
4265,tikki,10000,2000,3,2.762720,2.230342,250
4266,scorep,10000,500,12,1.630731,1.093948,4000
4267,empty,10000,500,10,1.600156,1.068071,4000
4268,scorep,10000,500,11,1.616170,1.084159,4000
4269,extrae,10000,250,16,1.624412,1.094920,16000
427,tikki,10000,500,14,1.644888,1.114250,4000
4270,tikki,10000,2000,12,1.689890,1.156529,250
4271,scorep,10000,250,13,1.566527,1.035026,16000
4272,scorep,10000,2000,16,1.764627,1.235555,250
4273,tikki,10000,1000,1,7.875818,7.340494,1000
4274,oot,10000,1000,16,1.596566,1.061204,1000
4275,empty,10000,250,5,1.890460,1.353718,16000
4276,oot,10000,1000,3,2.658458,2.125805,1000
4277,extrae,10000,2000,15,1.720799,1.184295,250
4278,printf,10000,2000,7,1.715330,1.179324,250
4279,extrae,10000,1000,7,1.649608,1.114812,1000
428,printf,10000,250,10,1.537853,1.007316,16000
4280,empty,10000,250,15,1.572392,1.039514,16000
4281,oot,10000,1000,12,1.616655,1.080687,1000
4282,tikki,10000,1000,2,3.745761,3.209466,1000
4283,oot,10000,500,11,1.588548,1.054902,4000
4284,printf,10000,2000,8,1.667829,1.131934,250
4285,printf,10000,2000,5,1.962780,1.429921,250
4286,empty,10000,2000,15,1.666848,1.129780,250
4287,void,10000,250,16,1.553871,1.019569,16000
4288,tikki,10000,2000,9,1.689385,1.156602,250
4289,void,10000,2000,14,1.647306,1.110761,250
429,extrae,10000,250,4,2.279925,1.748048,16000
4290,printf,10000,500,5,1.821158,1.283161,4000
4291,void,10000,1000,2,3.663545,3.130000,1000
4292,extrae,10000,250,15,1.608503,1.074622,16000
4293,empty,10000,250,11,1.538742,1.005443,16000
4294,scorep,10000,1000,2,3.742062,3.207235,1000
4295,printf,10000,500,11,1.604655,1.068037,4000
4296,void,10000,1000,7,1.647922,1.111481,1000
4297,oot,10000,1000,15,1.597055,1.062651,1000
4298,empty,10000,500,1,7.349786,6.818970,4000
4299,empty,10000,500,9,1.579828,1.047963,4000
43,extrae,10000,2000,10,1.712995,1.176393,250
430,printf,10000,1000,13,1.590607,1.056195,1000
4300,extrae,10000,1000,5,1.858630,1.326049,1000
4301,oot,10000,250,2,3.677022,3.143935,16000
4302,empty,10000,250,7,1.544105,1.007354,16000
4303,scorep,10000,2000,1,6.351483,5.823812,250
4304,printf,10000,500,2,3.651319,3.119369,4000
4305,scorep,10000,2000,11,1.689208,1.165364,250
4306,printf,10000,1000,2,3.705249,3.172124,1000
4307,scorep,10000,500,7,1.574123,1.046893,4000
4308,scorep,10000,500,2,3.649229,3.122744,4000
4309,extrae,10000,2000,9,1.686366,1.149473,250
431,tikki,10000,500,3,2.640675,2.109799,4000
4310,tikki,10000,500,1,7.983225,7.450103,4000
4311,empty,10000,500,16,1.618600,1.077796,4000
4312,extrae,10000,250,13,1.599557,1.063950,16000
4313,tikki,10000,2000,14,1.689763,1.156541,250
4314,extrae,10000,500,3,2.713271,2.176761,4000
4315,extrae,10000,2000,6,1.844580,1.302086,250
4316,extrae,10000,1000,4,2.189658,1.656890,1000
4317,printf,10000,2000,3,2.775733,2.242472,250
4318,oot,10000,2000,7,1.680387,1.145510,250
4319,empty,10000,2000,6,1.832503,1.295483,250
432,void,10000,2000,4,2.198499,1.667377,250
4320,extrae,10000,250,12,1.590582,1.057486,16000
4321,scorep,10000,250,16,1.562653,1.024647,16000
4322,scorep,10000,1000,9,1.608043,1.077707,1000
4323,printf,10000,250,11,1.556698,1.022911,16000
4324,extrae,10000,250,3,2.802180,2.269603,16000
4325,extrae,10000,500,5,1.873894,1.337408,4000
4326,void,10000,250,10,1.545635,1.010049,16000
4327,oot,10000,1000,4,2.153036,1.617218,1000
4328,tikki,10000,500,10,1.632326,1.098703,4000
4329,void,10000,2000,7,1.703183,1.171361,250
433,printf,10000,2000,5,1.971922,1.439273,250
4330,tikki,10000,500,13,1.675726,1.139614,4000
4331,scorep,10000,2000,2,3.868101,3.339539,250
4332,oot,10000,2000,9,1.665129,1.131861,250
4333,tikki,10000,250,3,2.732973,2.199661,16000
4334,tikki,10000,500,5,1.849532,1.317250,4000
4335,oot,10000,2000,12,1.638853,1.103216,250
4336,oot,10000,500,15,1.608198,1.074108,4000
4337,void,10000,250,4,2.162336,1.628214,16000
4338,printf,10000,500,16,1.623144,1.090202,4000
4339,extrae,10000,1000,15,1.669277,1.134205,1000
434,oot,10000,500,13,1.603096,1.071838,4000
4340,tikki,10000,1000,9,1.661587,1.128500,1000
4341,oot,10000,2000,10,1.621690,1.087265,250
4342,tikki,10000,250,12,1.616912,1.079911,16000
4343,empty,10000,500,15,1.614002,1.081212,4000
4344,extrae,10000,250,9,1.571821,1.037169,16000
4345,scorep,10000,500,9,1.587110,1.059589,4000
4346,scorep,10000,500,8,1.587154,1.058915,4000
4347,extrae,10000,250,10,1.587893,1.044730,16000
4348,printf,10000,250,10,1.551892,1.018644,16000
4349,printf,10000,2000,13,1.643371,1.110127,250
435,printf,10000,2000,12,1.654221,1.119978,250
4350,scorep,10000,250,14,1.571596,1.034865,16000
4351,oot,10000,2000,14,1.684709,1.150682,250
4352,extrae,10000,2000,7,1.723270,1.186013,250
4353,oot,10000,500,2,3.660069,3.124996,4000
4354,oot,10000,1000,8,1.623537,1.084993,1000
4355,printf,10000,1000,13,1.581555,1.044441,1000
4356,printf,10000,1000,9,1.614200,1.079329,1000
4357,printf,10000,250,1,7.462686,6.927825,16000
4358,extrae,10000,500,12,1.653652,1.120266,4000
4359,oot,10000,250,3,2.662335,2.126270,16000
436,scorep,10000,2000,1,6.369071,5.829229,250
4360,scorep,10000,1000,12,1.608460,1.084798,1000
4361,printf,10000,1000,14,1.604835,1.070025,1000
4362,empty,10000,1000,7,1.626409,1.091621,1000
4363,void,10000,1000,6,1.690722,1.152190,1000
4364,void,10000,250,9,1.521689,0.984934,16000
4365,tikki,10000,1000,8,1.657769,1.123397,1000
4366,empty,10000,250,13,1.549247,1.010923,16000
4367,scorep,10000,250,6,1.657152,1.124525,16000
4368,printf,10000,500,7,1.577348,1.043975,4000
4369,scorep,10000,1000,14,1.598933,1.070331,1000
437,extrae,10000,500,16,1.667295,1.138904,4000
4370,scorep,10000,250,10,1.542785,1.015264,16000
4371,extrae,10000,500,7,1.618453,1.086280,4000
4372,oot,10000,2000,1,7.390686,6.854017,250
4373,oot,10000,250,4,2.216949,1.682644,16000
4374,scorep,10000,2000,15,1.655353,1.115999,250
4375,empty,10000,500,13,1.596659,1.072383,4000
4376,printf,10000,1000,1,7.354117,6.820227,1000
4377,void,10000,2000,5,2.001783,1.467669,250
4378,void,10000,2000,4,2.224753,1.684566,250
4379,tikki,10000,250,15,1.592650,1.055336,16000
438,extrae,10000,250,13,1.602344,1.072294,16000
4380,void,10000,2000,16,1.703740,1.168595,250
4381,extrae,10000,2000,16,1.758268,1.224667,250
4382,extrae,10000,250,11,1.572970,1.037787,16000
4383,void,10000,250,7,1.535740,0.999340,16000
4384,void,10000,500,13,1.596958,1.064026,4000
4385,oot,10000,1000,2,3.698944,3.163611,1000
4386,extrae,10000,500,16,1.662050,1.128013,4000
4387,printf,10000,1000,4,2.168411,1.633852,1000
4388,scorep,10000,500,5,1.825603,1.300207,4000
4389,oot,10000,500,1,7.356296,6.823104,4000
439,empty,10000,2000,9,1.673695,1.144573,250
4390,empty,10000,1000,1,7.325728,6.794128,1000
4391,tikki,10000,1000,12,1.652475,1.117893,1000
4392,extrae,10000,500,9,1.624457,1.091291,4000
4393,void,10000,2000,12,1.695382,1.163728,250
4394,oot,10000,250,1,7.424059,6.892274,16000
4395,empty,10000,250,2,3.749124,3.215103,16000
4396,tikki,10000,500,9,1.634608,1.102322,4000
4397,oot,10000,2000,6,1.763731,1.227709,250
4398,scorep,10000,2000,7,1.651721,1.126911,250
4399,extrae,10000,1000,1,7.353605,6.818581,1000
44,tikki,10000,500,6,1.668190,1.139624,4000
440,printf,10000,250,15,1.569849,1.038046,16000
4400,scorep,10000,1000,1,6.315146,5.791609,1000
4401,empty,10000,2000,4,2.232009,1.694123,250
4402,printf,10000,500,15,1.617215,1.085861,4000
4403,scorep,10000,250,2,3.889868,3.366173,16000
4404,empty,10000,500,4,2.157870,1.621625,4000
4405,extrae,10000,500,15,1.667189,1.131123,4000
4406,oot,10000,1000,10,1.602755,1.068921,1000
4407,empty,10000,2000,10,1.702949,1.167553,250
4408,empty,10000,2000,8,1.689718,1.152282,250
4409,tikki,10000,250,5,1.931949,1.395826,16000
441,void,10000,250,5,1.862080,1.330829,16000
4410,extrae,10000,1000,2,3.631629,3.089386,1000
4411,oot,10000,500,10,1.608513,1.073112,4000
4412,oot,10000,2000,13,1.617227,1.081191,250
4413,extrae,10000,2000,2,3.839304,3.299549,250
4414,extrae,10000,500,8,1.624860,1.087360,4000
4415,void,10000,250,8,1.532610,0.998819,16000
4416,extrae,10000,2000,14,1.705759,1.159218,250
4417,scorep,10000,500,16,1.611366,1.071386,4000
4418,oot,10000,1000,14,1.591072,1.056623,1000
4419,scorep,10000,500,13,1.605588,1.074048,4000
442,empty,10000,1000,9,1.596164,1.065831,1000
4420,empty,10000,2000,2,3.828724,3.294496,250
4421,void,10000,1000,3,2.646349,2.118550,1000
4422,empty,10000,1000,8,1.602242,1.067414,1000
4423,empty,10000,1000,6,1.712803,1.173589,1000
4424,empty,10000,2000,1,7.388348,6.854515,250
4425,empty,10000,1000,9,1.602876,1.066050,1000
4426,oot,10000,1000,7,1.622073,1.085714,1000
4427,oot,10000,500,3,2.648642,2.112377,4000
4428,scorep,10000,1000,10,1.598626,1.074742,1000
4429,empty,10000,1000,16,1.583262,1.046247,1000
443,scorep,10000,1000,1,6.354287,5.814347,1000
4430,oot,10000,250,7,1.538678,1.003830,16000
4431,extrae,10000,1000,10,1.642576,1.103771,1000
4432,extrae,10000,2000,3,2.733387,2.194390,250
4433,printf,10000,500,13,1.607845,1.073923,4000
4434,scorep,10000,1000,16,1.605857,1.074646,1000
4435,tikki,10000,1000,10,1.640214,1.103144,1000
4436,empty,10000,250,6,1.654885,1.120527,16000
4437,printf,10000,500,1,7.386606,6.851304,4000
4438,void,10000,500,12,1.590214,1.055024,4000
4439,void,10000,2000,13,1.633617,1.095526,250
444,oot,10000,250,7,1.549736,1.016628,16000
4440,void,10000,1000,13,1.588144,1.050644,1000
4441,scorep,10000,2000,14,1.663144,1.140293,250
4442,oot,10000,500,8,1.592352,1.055278,4000
4443,empty,10000,250,1,7.414705,6.880234,16000
4444,void,10000,500,8,1.577713,1.042522,4000
4445,void,10000,500,4,2.078790,1.543714,4000
4446,void,10000,2000,11,1.646519,1.110651,250
4447,tikki,10000,250,9,1.586859,1.053696,16000
4448,scorep,10000,250,7,1.551381,1.017648,16000
4449,oot,10000,500,5,1.845184,1.306523,4000
445,empty,10000,500,7,1.570744,1.040992,4000
4450,oot,10000,1000,1,7.344148,6.810465,1000
4451,printf,10000,250,13,1.558542,1.025369,16000
4452,void,10000,500,7,1.596030,1.059518,4000
4453,void,10000,1000,15,1.588927,1.055048,1000
4454,tikki,10000,1000,3,2.677416,2.142521,1000
4455,void,10000,2000,3,2.663539,2.126934,250
4456,oot,10000,500,16,1.601961,1.065096,4000
4457,tikki,10000,250,13,1.579571,1.045114,16000
4458,oot,10000,500,7,1.603844,1.065058,4000
4459,extrae,10000,2000,1,7.380582,6.846720,250
446,empty,10000,1000,4,2.168438,1.635928,1000
4460,empty,10000,500,5,1.802564,1.270439,4000
4461,void,10000,500,1,7.349658,6.812926,4000
4462,void,10000,2000,1,7.395745,6.858448,250
4463,empty,10000,1000,2,3.727616,3.194717,1000
4464,oot,10000,1000,13,1.594309,1.061643,1000
4465,scorep,10000,500,10,1.599076,1.068851,4000
4466,tikki,10000,2000,8,1.698615,1.164398,250
4467,scorep,10000,500,4,2.150468,1.616449,4000
4468,empty,10000,2000,12,1.643517,1.106724,250
4469,oot,10000,1000,5,1.869527,1.336231,1000
447,oot,10000,2000,14,1.633046,1.103845,250
4470,extrae,10000,500,6,1.649586,1.112823,4000
4471,tikki,10000,1000,7,1.656752,1.123357,1000
4472,void,10000,1000,12,1.609522,1.072767,1000
4473,void,10000,250,12,1.552826,1.015931,16000
4474,printf,10000,250,16,1.549310,1.010327,16000
4475,empty,10000,500,12,1.590105,1.055861,4000
4476,extrae,10000,250,2,3.943878,3.405379,16000
4477,printf,10000,1000,6,1.673206,1.138030,1000
4478,oot,10000,2000,5,1.992771,1.458828,250
4479,scorep,10000,1000,5,1.857026,1.324928,1000
448,oot,10000,1000,6,1.680249,1.150001,1000
4480,extrae,10000,250,1,7.450006,6.914786,16000
449,printf,10000,2000,7,1.701555,1.168648,250
45,tikki,10000,1000,2,3.744799,3.213490,1000
450,oot,10000,1000,5,1.848552,1.318299,1000
451,scorep,10000,500,13,1.635869,1.097011,4000
452,scorep,10000,250,3,2.714168,2.176759,16000
453,tikki,10000,500,11,1.636383,1.100704,4000
454,extrae,10000,1000,6,1.696645,1.158339,1000
455,void,10000,500,5,1.808957,1.277706,4000
456,scorep,10000,2000,1,6.384133,5.846023,250
457,oot,10000,1000,3,2.662900,2.131352,1000
458,extrae,10000,250,12,1.600709,1.071610,16000
459,empty,10000,500,15,1.598918,1.068982,4000
46,void,10000,500,9,1.595087,1.064117,4000
460,void,10000,2000,5,1.923053,1.389291,250
461,printf,10000,2000,8,1.658858,1.126705,250
462,printf,10000,2000,1,7.380640,6.848141,250
463,void,10000,1000,2,3.725632,3.193514,1000
464,scorep,10000,2000,16,1.713585,1.180034,250
465,extrae,10000,2000,7,1.698047,1.167341,250
466,printf,10000,2000,15,1.633824,1.103296,250
467,printf,10000,250,9,1.527489,0.993790,16000
468,empty,10000,250,6,1.647572,1.112455,16000
469,void,10000,500,12,1.604083,1.072378,4000
47,extrae,10000,2000,6,1.777992,1.240332,250
470,printf,10000,500,8,1.589080,1.052504,4000
471,extrae,10000,250,14,1.610747,1.072901,16000
472,printf,10000,250,14,1.566412,1.032703,16000
473,scorep,10000,2000,4,2.194858,1.661279,250
474,empty,10000,500,10,1.591595,1.058167,4000
475,printf,10000,1000,1,7.357184,6.824822,1000
476,empty,10000,500,14,1.608963,1.076073,4000
477,void,10000,1000,7,1.614966,1.079806,1000
478,oot,10000,2000,13,1.627269,1.095666,250
479,void,10000,1000,14,1.607345,1.076173,1000
48,empty,10000,2000,11,1.632598,1.102097,250
480,empty,10000,500,2,3.717567,3.182503,4000
481,oot,10000,500,9,1.589191,1.057886,4000
482,tikki,10000,500,15,1.670528,1.137607,4000
483,scorep,10000,250,7,1.564454,1.025853,16000
484,oot,10000,500,14,1.614715,1.085251,4000
485,tikki,10000,2000,4,2.225124,1.695042,250
486,void,10000,250,6,1.641324,1.109688,16000
487,empty,10000,1000,4,2.159672,1.627708,1000
488,oot,10000,500,15,1.609816,1.078035,4000
489,void,10000,2000,13,1.617045,1.084758,250
49,empty,10000,2000,16,1.620166,1.091988,250
490,extrae,10000,500,3,2.681163,2.148616,4000
491,extrae,10000,2000,15,1.714270,1.182009,250
492,tikki,10000,2000,9,1.653734,1.120633,250
493,empty,10000,2000,13,1.615090,1.082685,250
494,empty,10000,250,8,1.536410,1.005820,16000
495,empty,10000,500,6,1.631508,1.100191,4000
496,scorep,10000,250,16,1.581970,1.045159,16000
497,void,10000,2000,3,2.729470,2.193400,250
498,printf,10000,1000,7,1.609511,1.073457,1000
499,extrae,10000,2000,1,7.382969,6.849531,250
5,printf,10000,2000,4,2.221589,1.689611,250
50,empty,10000,250,3,2.795796,2.267229,16000
500,extrae,10000,500,2,3.619049,3.082877,4000
501,empty,10000,250,14,1.548525,1.016532,16000
502,printf,10000,250,13,1.541715,1.008660,16000
503,tikki,10000,1000,15,1.632463,1.104185,1000
504,extrae,10000,1000,8,1.636204,1.103062,1000
505,empty,10000,1000,13,1.621621,1.088112,1000
506,tikki,10000,500,14,1.638340,1.106431,4000
507,printf,10000,2000,16,1.640213,1.109171,250
508,void,10000,2000,16,1.657270,1.122873,250
509,printf,10000,500,12,1.621234,1.089648,4000
51,void,10000,1000,7,1.608268,1.078271,1000
510,tikki,10000,500,5,1.907025,1.375430,4000
511,printf,10000,1000,4,2.139613,1.607201,1000
512,scorep,10000,250,9,1.538746,1.004762,16000
513,printf,10000,250,8,1.533544,1.001248,16000
514,tikki,10000,250,7,1.587709,1.057931,16000
515,empty,10000,500,1,7.345271,6.812754,4000
516,scorep,10000,1000,10,1.619352,1.084943,1000
517,empty,10000,250,12,1.551268,1.019948,16000
518,tikki,10000,1000,9,1.658654,1.124311,1000
519,extrae,10000,500,8,1.619204,1.081417,4000
52,void,10000,1000,4,2.173209,1.644566,1000
520,oot,10000,250,4,2.192672,1.661010,16000
521,oot,10000,500,16,1.614846,1.084101,4000
522,empty,10000,1000,16,1.587815,1.057653,1000
523,scorep,10000,500,11,1.612000,1.076963,4000
524,empty,10000,2000,4,2.195929,1.664555,250
525,scorep,10000,250,11,1.571686,1.035443,16000
526,tikki,10000,2000,8,1.688291,1.155634,250
527,extrae,10000,500,12,1.657212,1.122212,4000
528,extrae,10000,2000,4,2.194044,1.661131,250
529,oot,10000,1000,16,1.596455,1.061310,1000
53,extrae,10000,1000,12,1.640113,1.108304,1000
530,empty,10000,500,11,1.594632,1.061880,4000
531,scorep,10000,2000,11,1.654704,1.119804,250
532,empty,10000,250,9,1.538214,1.001983,16000
533,empty,10000,1000,12,1.621877,1.084667,1000
534,extrae,10000,250,3,2.890715,2.355332,16000
535,printf,10000,500,6,1.635347,1.101781,4000
536,empty,10000,2000,2,3.818716,3.286024,250
537,scorep,10000,2000,5,1.940651,1.403455,250
538,scorep,10000,500,15,1.615845,1.081210,4000
539,extrae,10000,500,6,1.658666,1.120565,4000
54,oot,10000,500,1,7.355255,6.823816,4000
540,extrae,10000,500,4,2.131476,1.599991,4000
541,extrae,10000,250,5,1.935429,1.405646,16000
542,tikki,10000,500,6,1.686831,1.151910,4000
543,void,10000,250,10,1.555255,1.019983,16000
544,printf,10000,1000,5,1.857318,1.325585,1000
545,scorep,10000,500,4,2.136081,1.599431,4000
546,scorep,10000,2000,14,1.714663,1.180119,250
547,scorep,10000,2000,8,1.641357,1.107321,250
548,extrae,10000,2000,12,1.683627,1.152943,250
549,oot,10000,500,2,3.630757,3.096831,4000
55,printf,10000,2000,7,1.670576,1.137993,250
550,printf,10000,250,6,1.666331,1.134720,16000
551,oot,10000,500,11,1.594635,1.063003,4000
552,extrae,10000,1000,3,2.597190,2.065615,1000
553,tikki,10000,500,8,1.630898,1.098961,4000
554,tikki,10000,500,12,1.642026,1.111129,4000
555,empty,10000,1000,15,1.589102,1.058452,1000
556,scorep,10000,250,14,1.578343,1.041873,16000
557,void,10000,1000,1,7.354776,6.823622,1000
558,tikki,10000,250,8,1.576319,1.046150,16000
559,extrae,10000,500,16,1.680467,1.149761,4000
56,empty,10000,2000,13,1.625387,1.093315,250
560,oot,10000,250,12,1.539851,1.007932,16000
561,empty,10000,500,13,1.601164,1.070470,4000
562,extrae,10000,2000,5,2.008434,1.473306,250
563,empty,10000,250,5,1.830692,1.300033,16000
564,oot,10000,2000,16,1.667291,1.135294,250
565,extrae,10000,2000,16,1.707882,1.176216,250
566,tikki,10000,1000,13,1.642656,1.112087,1000
567,printf,10000,1000,12,1.605098,1.069967,1000
568,tikki,10000,250,9,1.566235,1.034413,16000
569,oot,10000,500,12,1.602514,1.071290,4000
57,oot,10000,2000,11,1.627267,1.099139,250
570,tikki,10000,2000,1,7.966106,7.433869,250
571,printf,10000,500,1,7.354648,6.817239,4000
572,scorep,10000,500,5,1.832300,1.297647,4000
573,scorep,10000,250,10,1.546390,1.011216,16000
574,tikki,10000,250,14,1.597065,1.062569,16000
575,printf,10000,250,12,1.554704,1.019145,16000
576,extrae,10000,2000,10,1.772374,1.235148,250
577,extrae,10000,1000,16,1.661312,1.132602,1000
578,extrae,10000,2000,2,3.801931,3.263233,250
579,extrae,10000,500,15,1.667044,1.135569,4000
58,printf,10000,1000,9,1.606352,1.076634,1000
580,empty,10000,1000,6,1.679781,1.147436,1000
581,empty,10000,2000,15,1.649221,1.115326,250
582,scorep,10000,500,12,1.605199,1.067537,4000
583,empty,10000,250,7,1.550064,1.014090,16000
584,scorep,10000,250,1,7.394607,6.860357,16000
585,empty,10000,500,16,1.609407,1.074514,4000
586,scorep,10000,250,4,2.203699,1.668229,16000
587,void,10000,2000,4,2.168750,1.633452,250
588,printf,10000,1000,15,1.594509,1.062157,1000
589,tikki,10000,1000,1,7.851856,7.320434,1000
59,extrae,10000,1000,4,2.200446,1.671270,1000
590,oot,10000,2000,14,1.704761,1.167927,250
591,scorep,10000,500,7,1.572719,1.037426,4000
592,void,10000,2000,9,1.649229,1.116345,250
593,oot,10000,1000,15,1.603445,1.069331,1000
594,tikki,10000,2000,13,1.665026,1.134385,250
595,scorep,10000,2000,12,1.630617,1.097663,250
596,tikki,10000,1000,14,1.649577,1.116615,1000
597,oot,10000,250,13,1.542243,1.007644,16000
598,empty,10000,1000,3,2.699887,2.162985,1000
599,scorep,10000,2000,3,2.671921,2.138091,250
6,printf,10000,2000,1,7.353621,6.827664,250
60,printf,10000,2000,9,1.635291,1.105150,250
600,extrae,10000,1000,13,1.645359,1.114327,1000
601,void,10000,500,8,1.587696,1.052516,4000
602,oot,10000,500,8,1.548680,1.015434,4000
603,tikki,10000,500,7,1.617316,1.084816,4000
604,extrae,10000,1000,5,1.906256,1.374005,1000
605,printf,10000,500,4,2.152799,1.620444,4000
606,printf,10000,2000,11,1.641799,1.107138,250
607,void,10000,1000,10,1.609822,1.079777,1000
608,tikki,10000,250,11,1.569949,1.038029,16000
609,tikki,10000,1000,7,1.662641,1.128350,1000
61,extrae,10000,1000,13,1.646746,1.115677,1000
610,oot,10000,500,13,1.610064,1.071019,4000
611,printf,10000,1000,3,2.648352,2.116470,1000
612,scorep,10000,1000,3,2.723308,2.186122,1000
613,void,10000,250,3,2.794366,2.263574,16000
614,printf,10000,1000,8,1.601741,1.069463,1000
615,scorep,10000,250,12,1.565561,1.029803,16000
616,printf,10000,500,7,1.575030,1.044127,4000
617,scorep,10000,500,8,1.592385,1.057497,4000
618,printf,10000,1000,13,1.603086,1.070130,1000
619,extrae,10000,1000,11,1.640369,1.110563,1000
62,printf,10000,500,3,2.674023,2.140488,4000
620,empty,10000,250,15,1.541808,1.010076,16000
621,oot,10000,250,10,1.529031,0.994343,16000
622,tikki,10000,1000,5,1.912620,1.378218,1000
623,void,10000,1000,16,1.582123,1.050577,1000
624,void,10000,2000,14,1.648323,1.116297,250
625,oot,10000,1000,14,1.603227,1.064900,1000
626,scorep,10000,1000,6,1.681395,1.149361,1000
627,empty,10000,250,1,7.388528,6.853689,16000
628,oot,10000,1000,12,1.614153,1.081100,1000
629,void,10000,2000,6,1.786700,1.255649,250
63,printf,10000,1000,1,7.346876,6.817372,1000
630,void,10000,1000,15,1.602032,1.068970,1000
631,printf,10000,1000,9,1.621430,1.088577,1000
632,empty,10000,2000,16,1.662630,1.131418,250
633,oot,10000,250,3,2.708718,2.173774,16000
634,printf,10000,250,11,1.530614,0.998317,16000
635,void,10000,500,9,1.570595,1.038649,4000
636,scorep,10000,500,6,1.641651,1.108092,4000
637,void,10000,1000,9,1.604083,1.071174,1000
638,oot,10000,2000,1,7.375620,6.841994,250
639,extrae,10000,500,9,1.612192,1.080209,4000
64,scorep,10000,1000,5,1.863215,1.326764,1000
640,tikki,10000,250,13,1.575391,1.044248,16000
641,extrae,10000,500,11,1.634108,1.102204,4000
642,empty,10000,1000,8,1.616102,1.084049,1000
643,void,10000,1000,3,2.639478,2.106794,1000
644,scorep,10000,500,9,1.592433,1.057658,4000
645,scorep,10000,1000,15,1.600437,1.066088,1000
646,void,10000,500,7,1.582370,1.049499,4000
647,scorep,10000,1000,14,1.615584,1.082228,1000
648,extrae,10000,2000,6,1.820415,1.279867,250
649,scorep,10000,500,16,1.594759,1.061579,4000
65,oot,10000,250,13,1.538837,1.008589,16000
650,tikki,10000,250,3,2.736154,2.203296,16000
651,extrae,10000,1000,2,3.715209,3.174975,1000
652,void,10000,2000,11,1.631871,1.099151,250
653,tikki,10000,250,2,3.768251,3.235957,16000
654,scorep,10000,250,6,1.663429,1.130359,16000
655,printf,10000,500,5,1.809030,1.276086,4000
656,tikki,10000,250,16,1.617034,1.079357,16000
657,void,10000,500,1,7.354948,6.820127,4000
658,printf,10000,250,5,1.862403,1.328842,16000
659,printf,10000,250,15,1.545333,1.013600,16000
66,oot,10000,250,16,1.556168,1.022882,16000
660,tikki,10000,1000,12,1.648507,1.114761,1000
661,void,10000,1000,5,1.851071,1.314993,1000
662,void,10000,1000,11,1.607304,1.071855,1000
663,void,10000,250,1,6.412754,5.881179,16000
664,extrae,10000,1000,7,1.636604,1.101454,1000
665,void,10000,2000,10,1.653009,1.122162,250
666,empty,10000,2000,11,1.647497,1.112765,250
667,void,10000,500,11,1.602394,1.069641,4000
668,scorep,10000,1000,4,2.131523,1.594637,1000
669,tikki,10000,250,4,2.226037,1.695244,16000
67,extrae,10000,2000,7,1.697282,1.164233,250
670,tikki,10000,500,9,1.618474,1.089271,4000
671,oot,10000,2000,6,1.760182,1.228059,250
672,void,10000,250,15,1.553240,1.020829,16000
673,oot,10000,250,1,7.399599,6.869176,16000
674,printf,10000,2000,3,2.703662,2.171900,250
675,scorep,10000,250,2,4.000504,3.464383,16000
676,empty,10000,2000,8,1.636954,1.106524,250
677,tikki,10000,2000,2,3.890414,3.357088,250
678,scorep,10000,500,3,2.694982,2.162199,4000
679,empty,10000,250,2,3.755473,3.221612,16000
68,oot,10000,2000,13,1.635280,1.106208,250
680,void,10000,500,2,3.635010,3.104740,4000
681,oot,10000,1000,9,1.607872,1.074532,1000
682,void,10000,1000,13,1.587321,1.052848,1000
683,printf,10000,250,10,1.531339,0.999712,16000
684,void,10000,250,11,1.534987,1.004683,16000
685,oot,10000,1000,13,1.586255,1.055287,1000
686,empty,10000,250,16,1.574753,1.038537,16000
687,tikki,10000,1000,4,2.184331,1.651783,1000
688,extrae,10000,2000,11,1.685736,1.151228,250
689,printf,10000,500,15,1.600572,1.070089,4000
69,scorep,10000,1000,8,1.615968,1.082603,1000
690,oot,10000,250,9,1.529804,0.996471,16000
691,empty,10000,250,13,1.528644,0.993122,16000
692,scorep,10000,1000,7,1.618740,1.078691,1000
693,scorep,10000,250,13,1.558632,1.021889,16000
694,empty,10000,1000,9,1.596960,1.065332,1000
695,tikki,10000,1000,8,1.652570,1.118876,1000
696,void,10000,500,4,2.141259,1.611620,4000
697,extrae,10000,2000,13,1.670377,1.138625,250
698,tikki,10000,500,16,1.656960,1.124903,4000
699,printf,10000,500,11,1.600707,1.067104,4000
7,oot,10000,1000,8,1.611568,1.079547,1000
70,empty,10000,2000,4,2.219114,1.688484,250
700,void,10000,250,7,1.568325,1.033120,16000
701,extrae,10000,250,13,1.581861,1.049292,16000
702,oot,10000,2000,4,2.202801,1.671198,250
703,extrae,10000,500,10,1.616328,1.081327,4000
704,scorep,10000,2000,15,1.647517,1.111826,250
705,void,10000,500,10,1.605180,1.070217,4000
706,tikki,10000,2000,11,1.703601,1.172862,250
707,oot,10000,250,11,1.544804,1.008023,16000
708,empty,10000,1000,11,1.602411,1.066121,1000
709,oot,10000,1000,2,3.735118,3.201380,1000
71,scorep,10000,1000,11,1.622721,1.087950,1000
710,oot,10000,250,5,1.857838,1.325704,16000
711,scorep,10000,250,5,1.868677,1.328031,16000
712,tikki,10000,1000,2,3.710172,3.174273,1000
713,printf,10000,500,2,3.644338,3.113009,4000
714,oot,10000,1000,11,1.595256,1.062036,1000
715,scorep,10000,1000,5,1.902310,1.369847,1000
716,void,10000,250,16,1.552737,1.020856,16000
717,oot,10000,250,16,1.554222,1.020535,16000
718,extrae,10000,250,16,1.619636,1.089312,16000
719,extrae,10000,250,2,3.943588,3.405683,16000
72,empty,10000,500,1,7.329803,6.798119,4000
720,oot,10000,1000,6,1.682634,1.145967,1000
721,tikki,10000,250,6,1.687459,1.156797,16000
722,empty,10000,2000,3,2.645856,2.117316,250
723,oot,10000,250,14,1.548076,1.015946,16000
724,printf,10000,1000,6,1.682565,1.145636,1000
725,oot,10000,1000,7,1.617891,1.081728,1000
726,oot,10000,250,6,1.664084,1.127697,16000
727,tikki,10000,250,5,1.907886,1.371971,16000
728,printf,10000,500,10,1.602412,1.066624,4000
729,empty,10000,2000,5,1.937291,1.399699,250
73,empty,10000,2000,8,1.659336,1.129228,250
730,printf,10000,500,13,1.593380,1.058894,4000
731,void,10000,1000,6,1.675642,1.141544,1000
732,printf,10000,250,2,3.783993,3.251371,16000
733,printf,10000,2000,2,3.838412,3.301948,250
734,void,10000,250,5,1.865518,1.332588,16000
735,oot,10000,2000,10,1.658834,1.123813,250
736,oot,10000,2000,7,1.687479,1.151023,250
737,scorep,10000,250,15,1.560195,1.024307,16000
738,extrae,10000,500,7,1.600232,1.067215,4000
739,scorep,10000,2000,2,3.639119,3.105946,250
74,printf,10000,250,11,1.528199,0.995559,16000
740,empty,10000,500,3,2.614601,2.080918,4000
741,empty,10000,500,9,1.589145,1.058313,4000
742,scorep,10000,1000,2,3.772346,3.239981,1000
743,printf,10000,2000,10,1.658105,1.127812,250
744,void,10000,250,12,1.557757,1.022979,16000
745,empty,10000,250,4,2.151168,1.611847,16000
746,extrae,10000,500,13,1.648051,1.111376,4000
747,void,10000,500,16,1.605715,1.072041,4000
748,scorep,10000,1000,12,1.604824,1.068124,1000
749,tikki,10000,2000,3,2.727586,2.196690,250
75,tikki,10000,1000,11,1.648638,1.116326,1000
750,void,10000,2000,12,1.629423,1.097999,250
751,void,10000,500,15,1.596102,1.065799,4000
752,extrae,10000,250,4,2.250908,1.719233,16000
753,tikki,10000,1000,11,1.643614,1.112049,1000
754,void,10000,1000,8,1.599692,1.066649,1000
755,extrae,10000,2000,3,2.679026,2.147150,250
756,scorep,10000,1000,8,1.611729,1.075976,1000
757,void,10000,500,6,1.643610,1.110390,4000
758,empty,10000,2000,1,7.367953,6.833880,250
759,tikki,10000,250,1,7.931258,7.398436,16000
76,void,10000,1000,6,1.680402,1.147231,1000
760,printf,10000,250,16,1.564425,1.034358,16000
761,extrae,10000,250,6,1.734625,1.198535,16000
762,extrae,10000,2000,14,1.698184,1.155890,250
763,tikki,10000,1000,6,1.728438,1.198485,1000
764,tikki,10000,2000,14,1.676419,1.143730,250
765,tikki,10000,500,13,1.658838,1.124771,4000
766,void,10000,1000,12,1.581478,1.050719,1000
767,scorep,10000,1000,11,1.620811,1.083156,1000
768,oot,10000,2000,8,1.664534,1.130743,250
769,void,10000,2000,15,1.629126,1.096805,250
77,tikki,10000,500,2,3.748851,3.221886,4000
770,tikki,10000,500,4,2.160774,1.624974,4000
771,scorep,10000,250,8,1.559553,1.025087,16000
772,void,10000,1000,4,2.166270,1.632991,1000
773,void,10000,500,14,1.606282,1.072095,4000
774,extrae,10000,1000,14,1.650378,1.115096,1000
775,empty,10000,2000,14,1.639143,1.108593,250
776,empty,10000,1000,1,7.344309,6.810105,1000
777,empty,10000,500,8,1.591941,1.058292,4000
778,extrae,10000,500,1,7.358353,6.827539,4000
779,scorep,10000,500,10,1.605539,1.070338,4000
78,void,10000,1000,11,1.602566,1.075926,1000
780,empty,10000,500,12,1.589924,1.058189,4000
781,tikki,10000,250,12,1.575972,1.042671,16000
782,extrae,10000,1000,10,1.609169,1.075277,1000
783,empty,10000,1000,10,1.613305,1.081361,1000
784,oot,10000,1000,10,1.607112,1.075575,1000
785,oot,10000,250,8,1.502332,0.970419,16000
786,oot,10000,2000,15,1.631622,1.100145,250
787,scorep,10000,2000,9,1.665986,1.129868,250
788,void,10000,2000,1,7.372315,6.840970,250
789,scorep,10000,2000,10,1.699621,1.163818,250
79,printf,10000,500,8,1.565297,1.036186,4000
790,tikki,10000,1000,3,2.722426,2.192479,1000
791,void,10000,250,4,2.149913,1.615673,16000
792,void,10000,2000,7,1.662473,1.132800,250
793,oot,10000,500,1,7.360580,6.827912,4000
794,extrae,10000,1000,15,1.637686,1.102618,1000
795,scorep,10000,2000,6,1.778700,1.241204,250
796,oot,10000,500,7,1.572059,1.040829,4000
797,empty,10000,1000,14,1.587364,1.056724,1000
798,extrae,10000,500,14,1.656902,1.117942,4000
799,oot,10000,2000,3,2.669535,2.140756,250
8,extrae,10000,1000,9,1.625053,1.099144,1000
80,void,10000,250,7,1.546941,1.017700,16000
800,empty,10000,500,7,1.576859,1.042888,4000
801,printf,10000,2000,5,1.960059,1.427111,250
802,void,10000,250,13,1.543680,1.011200,16000
803,printf,10000,250,3,2.810542,2.277352,16000
804,empty,10000,1000,2,3.734444,3.201124,1000
805,empty,10000,2000,7,1.700994,1.170688,250
806,empty,10000,2000,6,1.717382,1.184800,250
807,oot,10000,250,7,1.547076,1.013796,16000
808,extrae,10000,250,15,1.612696,1.081168,16000
809,tikki,10000,250,10,1.569519,1.038057,16000
81,void,10000,250,1,7.378844,6.849314,16000
810,extrae,10000,250,1,7.456568,6.924973,16000
811,empty,10000,1000,7,1.622141,1.089701,1000
812,oot,10000,250,2,3.730980,3.199820,16000
813,oot,10000,1000,1,7.348530,6.816469,1000
814,void,10000,250,8,1.558120,1.027022,16000
815,void,10000,2000,8,1.639679,1.107358,250
816,printf,10000,500,16,1.619924,1.082767,4000
817,tikki,10000,250,15,1.579620,1.049181,16000
818,extrae,10000,250,11,1.581364,1.051485,16000
819,tikki,10000,2000,6,1.788273,1.257901,250
82,void,10000,500,1,7.337171,6.803615,4000
820,printf,10000,2000,4,2.246047,1.714804,250
821,oot,10000,500,4,2.118923,1.588529,4000
822,tikki,10000,2000,16,1.672953,1.141912,250
823,extrae,10000,2000,8,1.697890,1.163381,250
824,oot,10000,1000,4,2.144636,1.613784,1000
825,tikki,10000,500,3,2.680760,2.147220,4000
826,scorep,10000,500,1,6.376712,5.840323,4000
827,empty,10000,500,5,1.843999,1.313040,4000
828,extrae,10000,250,9,1.556552,1.023351,16000
829,tikki,10000,2000,12,1.705346,1.173205,250
83,tikki,10000,2000,11,1.704932,1.172313,250
830,extrae,10000,1000,9,1.639822,1.106750,1000
831,void,10000,250,2,3.747399,3.216757,16000
832,empty,10000,500,4,2.115406,1.584502,4000
833,void,10000,250,14,1.564341,1.033738,16000
834,extrae,10000,1000,1,7.356392,6.821478,1000
835,oot,10000,2000,11,1.621806,1.090016,250
836,empty,10000,2000,10,1.691870,1.159911,250
837,tikki,10000,2000,5,1.984117,1.452831,250
838,printf,10000,2000,14,1.647918,1.115772,250
839,oot,10000,500,3,2.583143,2.050381,4000
84,printf,10000,500,1,7.363279,6.832178,4000
840,tikki,10000,2000,10,1.714873,1.182683,250
841,printf,10000,1000,16,1.586117,1.053018,1000
842,empty,10000,2000,12,1.645108,1.111751,250
843,oot,10000,2000,12,1.643099,1.111577,250
844,printf,10000,500,14,1.602619,1.070902,4000
845,printf,10000,2000,12,1.641017,1.110469,250
846,tikki,10000,1000,16,1.651063,1.116076,1000
847,extrae,10000,2000,9,1.685303,1.151919,250
848,oot,10000,500,5,1.816536,1.285002,4000
849,empty,10000,250,10,1.515805,0.983240,16000
85,scorep,10000,250,14,1.569040,1.026702,16000
850,extrae,10000,250,8,1.603096,1.071385,16000
851,printf,10000,2000,13,1.623667,1.093082,250
852,tikki,10000,500,2,3.750780,3.215491,4000
853,tikki,10000,2000,15,1.691955,1.156973,250
854,printf,10000,250,4,2.178426,1.643980,16000
855,scorep,10000,2000,7,1.700480,1.166333,250
856,extrae,10000,1000,4,2.200647,1.663346,1000
857,extrae,10000,1000,12,1.650099,1.114711,1000
858,oot,10000,250,15,1.568926,1.032514,16000
859,extrae,10000,250,10,1.589432,1.049954,16000
86,extrae,10000,2000,9,1.693534,1.159799,250
860,scorep,10000,2000,13,1.649979,1.109095,250
861,tikki,10000,2000,7,1.755083,1.223132,250
862,oot,10000,2000,9,1.642766,1.111258,250
863,printf,10000,250,1,7.443123,6.911415,16000
864,oot,10000,1000,8,1.597906,1.061867,1000
865,printf,10000,1000,10,1.608566,1.075996,1000
866,printf,10000,1000,2,3.726606,3.194112,1000
867,void,10000,250,9,1.533262,1.001162,16000
868,printf,10000,500,9,1.590951,1.059078,4000
869,oot,10000,2000,2,3.816225,3.283756,250
87,empty,10000,250,15,1.547939,1.018280,16000
870,void,10000,2000,2,3.834404,3.302956,250
871,oot,10000,500,6,1.641832,1.105339,4000
872,printf,10000,500,3,2.641903,2.112029,4000
873,tikki,10000,500,10,1.651675,1.118412,4000
874,empty,10000,250,11,1.544983,1.010184,16000
875,scorep,10000,1000,16,1.607253,1.072645,1000
876,scorep,10000,500,14,1.615833,1.076946,4000
877,tikki,10000,500,1,7.950187,7.407164,4000
878,oot,10000,500,10,1.584259,1.052031,4000
879,scorep,10000,500,2,3.679080,3.143225,4000
88,scorep,10000,1000,4,2.133086,1.597837,1000
880,extrae,10000,500,5,1.827799,1.294961,4000
881,empty,10000,250,3,2.792119,2.259075,16000
882,oot,10000,2000,5,1.954866,1.426268,250
883,empty,10000,1000,5,1.847647,1.315747,1000
884,tikki,10000,1000,10,1.627717,1.096714,1000
885,scorep,10000,1000,13,1.609462,1.074893,1000
886,scorep,10000,1000,9,1.606319,1.069684,1000
887,printf,10000,1000,14,1.623764,1.091544,1000
888,printf,10000,2000,9,1.655282,1.122115,250
889,empty,10000,2000,9,1.655566,1.120523,250
89,empty,10000,250,6,1.646638,1.117784,16000
890,extrae,10000,250,7,1.613379,1.081094,16000
891,void,10000,500,13,1.611470,1.075692,4000
892,printf,10000,250,7,1.544228,1.009012,16000
893,printf,10000,2000,6,1.720215,1.187267,250
894,scorep,10000,1000,1,7.360685,6.827417,1000
895,void,10000,500,3,2.698315,2.167849,4000
896,printf,10000,1000,11,1.604685,1.071753,1000
897,void,10000,2000,4,2.196833,1.666444,250
898,oot,10000,2000,8,1.662445,1.130237,250
899,scorep,10000,1000,2,3.625966,3.086326,1000
9,tikki,10000,2000,4,2.234820,1.705608,250
90,printf,10000,250,6,1.659764,1.130074,16000
900,tikki,10000,1000,3,2.730204,2.195171,1000
901,extrae,10000,500,9,1.634258,1.102143,4000
902,extrae,10000,250,3,2.810349,2.275032,16000
903,oot,10000,2000,12,1.665158,1.132941,250
904,tikki,10000,2000,5,2.022048,1.486755,250
905,void,10000,1000,16,1.597604,1.063929,1000
906,empty,10000,250,15,1.548031,1.017771,16000
907,scorep,10000,250,1,6.413589,5.869734,16000
908,oot,10000,1000,2,3.740141,3.205136,1000
909,printf,10000,500,7,1.593695,1.059428,4000
91,scorep,10000,500,3,2.615015,2.076179,4000
910,printf,10000,250,7,1.570307,1.035936,16000
911,void,10000,250,15,1.549816,1.016617,16000
912,extrae,10000,1000,12,1.641182,1.107262,1000
913,extrae,10000,1000,5,1.888214,1.352455,1000
914,scorep,10000,250,12,1.564714,1.030145,16000
915,empty,10000,2000,1,7.384321,6.849695,250
916,scorep,10000,1000,13,1.583072,1.049167,1000
917,scorep,10000,2000,12,1.630832,1.093425,250
918,void,10000,500,15,1.609588,1.076140,4000
919,scorep,10000,1000,16,1.606097,1.069524,1000
92,scorep,10000,500,11,1.623462,1.089269,4000
920,oot,10000,2000,3,2.735361,2.204582,250
921,void,10000,250,3,2.632673,2.099898,16000
922,void,10000,500,10,1.576997,1.046306,4000
923,empty,10000,1000,13,1.599614,1.066783,1000
924,printf,10000,250,1,7.457346,6.922817,16000
925,printf,10000,500,13,1.595602,1.062988,4000
926,tikki,10000,2000,16,1.713644,1.181485,250
927,empty,10000,250,14,1.555933,1.025309,16000
928,empty,10000,1000,3,2.684072,2.149420,1000
929,printf,10000,1000,15,1.603464,1.069167,1000
93,printf,10000,1000,5,1.853208,1.325495,1000
930,tikki,10000,2000,7,1.734861,1.203448,250
931,tikki,10000,250,8,1.561013,1.028143,16000
932,extrae,10000,2000,10,1.749323,1.214020,250
933,void,10000,500,8,1.557577,1.024385,4000
934,empty,10000,500,15,1.614500,1.081902,4000
935,void,10000,1000,4,2.151369,1.617820,1000
936,extrae,10000,250,9,1.584228,1.054311,16000
937,scorep,10000,2000,2,3.661592,3.126068,250
938,tikki,10000,250,7,1.586132,1.049122,16000
939,tikki,10000,250,11,1.588547,1.055061,16000
94,oot,10000,1000,16,1.605883,1.076488,1000
940,void,10000,250,9,1.524461,0.989607,16000
941,printf,10000,2000,12,1.638036,1.101317,250
942,void,10000,500,14,1.617345,1.079552,4000
943,printf,10000,1000,7,1.625791,1.089694,1000
944,empty,10000,250,5,1.861026,1.327652,16000
945,tikki,10000,1000,11,1.665849,1.133195,1000
946,tikki,10000,1000,4,2.240305,1.708329,1000
947,tikki,10000,1000,10,1.642020,1.108933,1000
948,tikki,10000,500,2,3.707664,3.177285,4000
949,printf,10000,2000,8,1.636946,1.099714,250
95,empty,10000,500,3,2.600428,2.072626,4000
950,printf,10000,500,10,1.589179,1.054584,4000
951,oot,10000,250,14,1.552914,1.019575,16000
952,scorep,10000,2000,9,1.675955,1.141973,250
953,tikki,10000,250,9,1.595903,1.059550,16000
954,empty,10000,1000,11,1.617492,1.085751,1000
955,oot,10000,500,11,1.608571,1.071449,4000
956,tikki,10000,1000,9,1.675232,1.144237,1000
957,scorep,10000,1000,7,1.633695,1.094935,1000
958,empty,10000,500,9,1.599016,1.063595,4000
959,printf,10000,1000,1,7.360416,6.826194,1000
96,scorep,10000,500,9,1.616725,1.081512,4000
960,scorep,10000,2000,16,1.662361,1.129356,250
961,oot,10000,2000,6,1.722184,1.188989,250
962,scorep,10000,250,3,2.715270,2.181613,16000
963,empty,10000,250,12,1.533408,1.002413,16000
964,empty,10000,500,16,1.618345,1.084653,4000
965,empty,10000,500,13,1.604124,1.073975,4000
966,void,10000,250,13,1.548402,1.018359,16000
967,empty,10000,500,4,2.118727,1.582656,4000
968,extrae,10000,2000,11,1.679450,1.145595,250
969,tikki,10000,1000,5,1.880211,1.349040,1000
97,void,10000,2000,13,1.614055,1.086190,250
970,empty,10000,1000,14,1.611266,1.077051,1000
971,extrae,10000,500,4,2.161506,1.626802,4000
972,scorep,10000,500,13,1.596849,1.058449,4000
973,scorep,10000,1000,15,1.599153,1.066521,1000
974,extrae,10000,250,6,1.742883,1.201141,16000
975,printf,10000,500,15,1.617445,1.081101,4000
976,oot,10000,500,10,1.583901,1.050044,4000
977,scorep,10000,500,5,1.821050,1.280384,4000
978,printf,10000,500,3,2.664502,2.132029,4000
979,printf,10000,2000,10,1.650664,1.120412,250
98,printf,10000,250,14,1.561450,1.027716,16000
980,extrae,10000,2000,3,2.688243,2.157066,250
981,extrae,10000,500,11,1.648071,1.116863,4000
982,scorep,10000,500,15,1.614705,1.081006,4000
983,scorep,10000,2000,3,2.718765,2.183893,250
984,printf,10000,500,6,1.627664,1.093561,4000
985,empty,10000,250,16,1.553709,1.018638,16000
986,scorep,10000,250,6,1.667332,1.130726,16000
987,empty,10000,1000,1,7.345820,6.812422,1000
988,scorep,10000,1000,14,1.606285,1.073609,1000
989,empty,10000,2000,12,1.654975,1.119857,250
99,empty,10000,500,16,1.601290,1.068878,4000
990,extrae,10000,250,16,1.629132,1.096293,16000
991,empty,10000,1000,15,1.597495,1.059063,1000
992,oot,10000,2000,7,1.683750,1.149256,250
993,scorep,10000,1000,8,1.624180,1.088460,1000
994,scorep,10000,250,2,3.717030,3.184482,16000
995,extrae,10000,500,3,2.612014,2.077679,4000
996,scorep,10000,500,1,6.371704,5.834400,4000
997,empty,10000,2000,7,1.708244,1.172570,250
998,printf,10000,250,9,1.539706,1.007181,16000
999,void,10000,250,8,1.535866,1.000377,16000
