run,type,problemsize,subproblemsize,threads,apptime,comptime,tasks
1,void,2048,128,13,0.815427,0.644350,1496
10,oot,2048,192,6,1.236343,1.065952,385
100,empty,2048,192,8,1.067951,0.897488,385
1000,tikki,2048,128,3,2.395732,2.224485,1496
1001,void,2048,64,16,0.677447,0.507450,11440
1002,oot,2048,192,9,0.990622,0.819755,385
1003,empty,2048,256,20,1.034420,0.863603,204
1004,scorep,2048,192,19,0.691577,0.520184,385
1005,scorep,2048,64,18,0.675407,0.462048,11440
1006,void,2048,64,19,0.606760,0.435867,11440
1007,scorep,2048,64,20,0.592748,0.421717,11440
1008,tikki,2048,64,3,2.508104,2.326091,11440
1009,tikki,2048,192,9,1.027483,0.856957,385
101,empty,2048,256,18,1.074825,0.903503,204
1010,printf,2048,128,20,0.622466,0.450991,1496
1011,printf,2048,128,18,0.658087,0.486942,1496
1012,extrae,2048,192,18,0.756437,0.586080,385
1013,scorep,2048,64,2,3.560704,3.389945,11440
1014,scorep,2048,256,9,1.330631,1.160308,204
1015,printf,2048,128,16,0.709267,0.538452,1496
1016,printf,2048,256,10,1.283974,1.084133,204
1017,extrae,2048,256,20,1.120059,0.945872,204
1018,tikki,2048,64,17,0.693477,0.522365,11440
1019,oot,2048,128,6,1.378900,1.208249,1496
102,void,2048,256,6,1.642983,1.471961,204
1020,extrae,2048,192,12,0.884937,0.714473,385
1021,tikki,2048,64,9,1.080762,0.910198,11440
1022,empty,2048,128,3,2.358434,2.187342,1496
1023,oot,2048,64,16,0.679948,0.509144,11440
1024,void,2048,64,4,1.893165,1.721750,11440
1025,scorep,2048,128,1,6.601244,6.429432,1496
1026,tikki,2048,192,6,1.280086,1.109621,385
1027,oot,2048,128,13,0.818800,0.648247,1496
1028,tikki,2048,192,17,0.766459,0.596520,385
1029,extrae,2048,192,14,0.815726,0.645302,385
103,printf,2048,256,10,1.255611,1.084016,204
1030,scorep,2048,256,17,1.070889,0.900283,204
1031,tikki,2048,256,5,1.794607,1.624169,204
1032,printf,2048,128,6,1.376119,1.204360,1496
1033,empty,2048,128,9,1.039749,0.869443,1496
1034,oot,2048,256,13,1.162545,0.992261,204
1035,extrae,2048,128,16,0.757036,0.586937,1496
1036,extrae,2048,64,3,2.477348,2.306779,11440
1037,tikki,2048,128,11,0.951956,0.781469,1496
1038,printf,2048,256,20,1.032700,0.861856,204
1039,printf,2048,128,7,1.243975,1.072191,1496
104,printf,2048,64,10,0.970022,0.798885,11440
1040,void,2048,128,8,1.120569,0.948981,1496
1041,printf,2048,64,18,0.632047,0.460332,11440
1042,printf,2048,128,14,0.781575,0.610671,1496
1043,oot,2048,256,18,1.072568,0.902050,204
1044,printf,2048,64,7,1.261299,1.090442,11440
1045,extrae,2048,256,5,1.786011,1.615633,204
1046,oot,2048,128,18,0.660380,0.489186,1496
1047,scorep,2048,192,1,5.462177,5.291121,385
1048,scorep,2048,128,2,3.412577,3.241328,1496
1049,extrae,2048,256,4,2.003232,1.833276,204
105,extrae,2048,192,19,0.754938,0.585268,385
1050,extrae,2048,192,5,1.385968,1.215208,385
1051,extrae,2048,192,13,0.855071,0.684604,385
1052,void,2048,192,20,0.684780,0.514173,385
1053,extrae,2048,192,10,0.969863,0.799778,385
1054,void,2048,256,9,1.320475,1.149605,204
1055,tikki,2048,128,2,3.429205,3.258497,1496
1056,void,2048,256,13,1.159827,0.988870,204
1057,tikki,2048,64,16,0.732823,0.561153,11440
1058,extrae,2048,192,2,2.886267,2.716120,385
1059,oot,2048,192,10,0.935788,0.765642,385
106,scorep,2048,128,17,0.682442,0.511669,1496
1060,extrae,2048,192,17,0.779125,0.608714,385
1061,printf,2048,256,5,1.769729,1.598886,204
1062,scorep,2048,256,8,1.409784,1.238810,204
1063,printf,2048,192,18,0.710938,0.539088,385
1064,printf,2048,256,3,2.521089,2.350058,204
1065,void,2048,192,19,0.690269,0.518405,385
1066,void,2048,64,3,2.436189,2.265037,11440
1067,scorep,2048,128,17,0.685334,0.512525,1496
1068,tikki,2048,192,10,0.988662,0.817813,385
1069,tikki,2048,128,19,0.681193,0.510122,1496
107,void,2048,128,2,3.396793,3.225375,1496
1070,tikki,2048,64,14,0.807749,0.636431,11440
1071,extrae,2048,128,2,3.403257,3.232907,1496
1072,printf,2048,128,17,0.679571,0.508930,1496
1073,void,2048,64,17,0.651030,0.480135,11440
1074,scorep,2048,64,8,1.129356,0.957562,11440
1075,scorep,2048,192,3,2.006093,1.835513,385
1076,tikki,2048,192,19,0.729925,0.558308,385
1077,tikki,2048,192,12,0.894299,0.723166,385
1078,scorep,2048,256,16,1.061690,0.890826,204
1079,scorep,2048,128,19,0.641543,0.470093,1496
108,empty,2048,64,20,0.587076,0.416144,11440
1080,tikki,2048,256,14,1.129676,0.958160,204
1081,extrae,2048,128,5,1.569436,1.398920,1496
1082,printf,2048,128,8,1.163745,0.950119,1496
1083,oot,2048,128,10,0.981046,0.810147,1496
1084,extrae,2048,256,19,1.094170,0.924573,204
1085,void,2048,128,12,0.855788,0.684805,1496
1086,void,2048,256,15,1.074341,0.903124,204
1087,empty,2048,64,10,0.969966,0.798795,11440
1088,tikki,2048,128,17,0.727314,0.555767,1496
1089,extrae,2048,64,7,1.276539,1.106072,11440
109,tikki,2048,256,15,1.123977,0.952889,204
1090,empty,2048,192,4,1.585625,1.415117,385
1091,tikki,2048,256,11,1.252980,1.081847,204
1092,tikki,2048,64,12,0.896206,0.725641,11440
1093,void,2048,192,5,1.382312,1.209984,385
1094,tikki,2048,192,3,2.075344,1.904371,385
1095,extrae,2048,64,19,0.681944,0.512018,11440
1096,void,2048,128,6,1.378643,1.207755,1496
1097,void,2048,64,13,0.789165,0.618543,11440
1098,oot,2048,192,8,1.068342,0.897235,385
1099,void,2048,128,3,2.343431,2.171491,1496
11,printf,2048,192,9,0.991979,0.820885,385
110,printf,2048,64,15,0.718817,0.548018,11440
1100,void,2048,64,5,1.597826,1.426139,11440
1101,scorep,2048,128,8,1.123474,0.951763,1496
1102,printf,2048,64,3,2.465809,2.294384,11440
1103,printf,2048,64,13,0.795606,0.624377,11440
1104,empty,2048,64,16,0.681600,0.510271,11440
1105,oot,2048,256,16,1.061201,0.889723,204
1106,oot,2048,128,3,2.333529,2.161663,1496
1107,printf,2048,64,6,1.404294,1.232597,11440
1108,empty,2048,64,5,1.592847,1.422243,11440
1109,printf,2048,128,19,0.637400,0.465691,1496
111,extrae,2048,256,16,1.110054,0.940052,204
1110,printf,2048,64,20,0.593303,0.421737,11440
1111,void,2048,256,4,2.001083,1.830232,204
1112,empty,2048,192,5,1.385199,1.214845,385
1113,empty,2048,256,4,1.988570,1.816863,204
1114,void,2048,64,8,1.122599,0.951819,11440
1115,extrae,2048,256,11,1.264879,1.094852,204
1116,empty,2048,128,16,0.707377,0.535852,1496
1117,tikki,2048,256,10,1.303592,1.132259,204
1118,scorep,2048,192,4,1.595443,1.423815,385
1119,oot,2048,192,17,0.730216,0.558476,385
112,extrae,2048,256,19,1.118141,0.948541,204
1120,empty,2048,192,17,0.728522,0.557862,385
1121,printf,2048,128,16,0.725447,0.552053,1496
1122,printf,2048,256,13,1.157011,0.984559,204
1123,oot,2048,256,13,1.113606,0.942533,204
1124,empty,2048,128,19,0.637051,0.466029,1496
1125,oot,2048,192,13,0.803896,0.632209,385
1126,tikki,2048,192,20,0.731070,0.557361,385
1127,extrae,2048,192,18,0.766080,0.595440,385
1128,empty,2048,192,19,0.686526,0.515824,385
1129,empty,2048,64,8,1.116647,0.945969,11440
113,scorep,2048,192,10,0.945268,0.774121,385
1130,extrae,2048,64,17,0.717450,0.547633,11440
1131,scorep,2048,64,19,0.611850,0.440397,11440
1132,oot,2048,192,19,0.687069,0.515696,385
1133,scorep,2048,192,3,2.013445,1.842083,385
1134,extrae,2048,256,17,1.112455,0.941990,204
1135,printf,2048,128,4,1.817690,1.647538,1496
1136,scorep,2048,256,12,1.171346,1.000200,204
1137,void,2048,192,20,0.699853,0.516952,385
1138,oot,2048,192,12,0.852550,0.681358,385
1139,empty,2048,256,17,1.065150,0.893903,204
114,printf,2048,64,1,6.889315,6.675068,11440
1140,printf,2048,128,2,3.397687,3.226928,1496
1141,scorep,2048,128,19,0.640929,0.469022,1496
1142,extrae,2048,192,16,0.786059,0.615334,385
1143,scorep,2048,256,17,1.059549,0.888561,204
1144,empty,2048,192,18,0.701302,0.530325,385
1145,tikki,2048,128,12,0.898233,0.727570,1496
1146,extrae,2048,64,10,1.012614,0.842875,11440
1147,empty,2048,256,11,1.209624,1.038689,204
1148,void,2048,64,19,0.604804,0.433811,11440
1149,extrae,2048,128,12,0.895102,0.724957,1496
115,scorep,2048,256,19,1.044783,0.873173,204
1150,empty,2048,128,13,0.814829,0.644128,1496
1151,scorep,2048,64,11,0.898673,0.727825,11440
1152,tikki,2048,64,19,0.653190,0.482507,11440
1153,extrae,2048,128,14,0.824062,0.653490,1496
1154,oot,2048,64,10,0.965136,0.794538,11440
1155,tikki,2048,192,19,0.730012,0.558935,385
1156,oot,2048,128,16,0.709052,0.537969,1496
1157,tikki,2048,64,20,0.640400,0.469531,11440
1158,oot,2048,128,5,1.567192,1.395276,1496
1159,scorep,2048,256,10,1.322555,1.095974,204
116,oot,2048,64,4,1.899646,1.729178,11440
1160,scorep,2048,256,2,3.597430,3.426869,204
1161,tikki,2048,192,2,2.942062,2.770695,385
1162,oot,2048,128,7,1.236185,1.064423,1496
1163,scorep,2048,128,9,1.040118,0.869126,1496
1164,scorep,2048,256,9,1.324970,1.152975,204
1165,scorep,2048,64,17,0.662887,0.491555,11440
1166,oot,2048,256,1,6.831089,6.659800,204
1167,extrae,2048,128,2,3.420041,3.249693,1496
1168,scorep,2048,192,12,0.854366,0.683489,385
1169,void,2048,192,13,0.815889,0.645045,385
117,printf,2048,256,7,1.495195,1.324387,204
1170,empty,2048,256,18,1.055964,0.884311,204
1171,extrae,2048,192,8,1.089983,0.919579,385
1172,tikki,2048,128,18,0.708019,0.537754,1496
1173,extrae,2048,256,20,1.113460,0.943097,204
1174,tikki,2048,128,8,1.155226,0.983488,1496
1175,printf,2048,256,10,1.259961,1.088826,204
1176,void,2048,64,2,3.562764,3.391920,11440
1177,tikki,2048,64,10,1.011239,0.840203,11440
1178,oot,2048,128,15,0.741895,0.571256,1496
1179,scorep,2048,128,18,0.663200,0.491335,1496
118,scorep,2048,64,8,1.123933,0.953434,11440
1180,scorep,2048,192,9,0.993749,0.822260,385
1181,printf,2048,64,1,6.848182,6.677252,11440
1182,oot,2048,256,10,1.255236,1.084449,204
1183,void,2048,128,7,1.238193,1.066633,1496
1184,scorep,2048,192,7,1.127807,0.956945,385
1185,tikki,2048,192,11,0.932178,0.760238,385
1186,oot,2048,256,4,1.979039,1.808132,204
1187,empty,2048,64,7,1.254378,1.083171,11440
1188,void,2048,128,8,1.112120,0.941303,1496
1189,void,2048,64,15,0.711203,0.539925,11440
119,tikki,2048,256,9,1.371133,1.200231,204
1190,printf,2048,192,13,0.818187,0.647049,385
1191,scorep,2048,128,2,3.411843,3.239889,1496
1192,extrae,2048,256,18,1.128972,0.958612,204
1193,printf,2048,192,20,0.684618,0.513806,385
1194,printf,2048,128,14,0.781987,0.610215,1496
1195,tikki,2048,64,18,0.679784,0.508766,11440
1196,void,2048,256,8,1.414465,1.243438,204
1197,oot,2048,128,10,0.980371,0.809089,1496
1198,oot,2048,192,14,0.773922,0.602546,385
1199,empty,2048,128,11,0.910918,0.740240,1496
12,scorep,2048,128,12,0.863453,0.691469,1496
120,extrae,2048,192,13,0.842871,0.672810,385
1200,scorep,2048,64,4,1.903522,1.733063,11440
1201,scorep,2048,256,3,2.553121,2.381829,204
1202,extrae,2048,256,8,1.436239,1.266131,204
1203,scorep,2048,64,12,0.846694,0.675336,11440
1204,scorep,2048,128,10,0.985324,0.814382,1496
1205,empty,2048,64,11,0.896568,0.726207,11440
1206,extrae,2048,256,7,1.510353,1.340545,204
1207,printf,2048,128,15,0.744866,0.574104,1496
1208,void,2048,64,5,1.620329,1.449857,11440
1209,void,2048,128,5,1.548892,1.378276,1496
121,tikki,2048,128,2,3.459971,3.289678,1496
1210,empty,2048,192,11,0.885128,0.714062,385
1211,oot,2048,128,17,0.676223,0.505428,1496
1212,tikki,2048,128,20,0.666336,0.495231,1496
1213,extrae,2048,64,13,0.849684,0.679996,11440
1214,tikki,2048,256,9,1.360238,1.189444,204
1215,printf,2048,128,8,1.116039,0.945625,1496
1216,void,2048,64,18,0.626340,0.455778,11440
1217,scorep,2048,256,5,1.767131,1.596499,204
1218,printf,2048,256,6,1.642277,1.470758,204
1219,void,2048,192,14,0.791821,0.621071,385
122,scorep,2048,128,6,1.379211,1.207613,1496
1220,extrae,2048,256,5,1.780773,1.609918,204
1221,empty,2048,256,8,1.416212,1.246073,204
1222,oot,2048,64,7,1.277945,1.106760,11440
1223,printf,2048,192,11,0.885619,0.715157,385
1224,scorep,2048,128,6,1.383081,1.212034,1496
1225,printf,2048,192,19,0.688556,0.517780,385
1226,extrae,2048,256,6,1.648014,1.477624,204
1227,empty,2048,192,6,1.233706,1.063444,385
1228,printf,2048,256,12,1.165767,0.994919,204
1229,empty,2048,256,9,1.324210,1.152631,204
123,empty,2048,192,9,0.992996,0.822409,385
1230,scorep,2048,128,7,1.236672,1.065618,1496
1231,oot,2048,64,12,0.839331,0.667965,11440
1232,void,2048,64,9,1.036821,0.865063,11440
1233,extrae,2048,256,13,1.158345,0.988497,204
1234,printf,2048,64,2,3.601925,3.431410,11440
1235,scorep,2048,256,14,1.096877,0.926272,204
1236,printf,2048,64,5,1.628721,1.456726,11440
1237,printf,2048,64,7,1.259744,1.088143,11440
1238,extrae,2048,256,3,2.513613,2.342793,204
1239,empty,2048,128,12,0.854237,0.683524,1496
124,void,2048,128,15,0.741706,0.571137,1496
1240,printf,2048,64,9,1.040526,0.869661,11440
1241,tikki,2048,64,6,1.484716,1.313023,11440
1242,empty,2048,256,20,1.031774,0.860960,204
1243,extrae,2048,64,3,2.472941,2.303122,11440
1244,scorep,2048,64,16,0.687050,0.515242,11440
1245,void,2048,256,17,1.058401,0.887361,204
1246,oot,2048,128,9,1.041301,0.870365,1496
1247,printf,2048,64,19,0.611741,0.440978,11440
1248,void,2048,128,6,1.373593,1.201382,1496
1249,scorep,2048,256,18,1.061542,0.889803,204
125,printf,2048,128,7,1.232847,1.062269,1496
1250,oot,2048,256,19,1.039310,0.868203,204
1251,printf,2048,64,11,0.899872,0.728917,11440
1252,void,2048,256,20,1.035263,0.863485,204
1253,void,2048,128,20,0.620080,0.449038,1496
1254,extrae,2048,192,2,2.880021,2.709318,385
1255,tikki,2048,256,8,1.457494,1.286999,204
1256,printf,2048,192,6,1.237018,1.065878,385
1257,tikki,2048,256,18,1.092938,0.921900,204
1258,void,2048,256,10,1.251567,1.080835,204
1259,tikki,2048,256,16,1.105419,0.934803,204
126,oot,2048,64,3,2.444039,2.273184,11440
1260,printf,2048,64,12,0.844667,0.673210,11440
1261,extrae,2048,192,20,0.755064,0.585099,385
1262,oot,2048,64,15,0.710430,0.539539,11440
1263,empty,2048,64,3,2.441337,2.270086,11440
1264,printf,2048,64,13,0.795332,0.624826,11440
1265,void,2048,256,9,1.325678,1.154808,204
1266,extrae,2048,128,15,0.793020,0.623194,1496
1267,void,2048,64,13,0.789888,0.617948,11440
1268,tikki,2048,128,3,2.397396,2.226695,1496
1269,empty,2048,192,7,1.125479,0.953786,385
127,extrae,2048,64,11,0.945606,0.775007,11440
1270,oot,2048,192,16,0.731709,0.560451,385
1271,printf,2048,128,18,0.659615,0.489473,1496
1272,tikki,2048,192,12,0.888842,0.717839,385
1273,extrae,2048,192,12,0.887831,0.717351,385
1274,empty,2048,128,2,3.414322,3.243275,1496
1275,printf,2048,192,1,5.425755,5.254496,385
1276,tikki,2048,64,12,0.887603,0.716599,11440
1277,scorep,2048,192,6,1.234666,1.063525,385
1278,oot,2048,192,15,0.753052,0.581850,385
1279,void,2048,256,1,6.843593,6.672851,204
128,empty,2048,192,19,0.688304,0.517083,385
1280,scorep,2048,192,14,0.791036,0.620602,385
1281,empty,2048,256,5,1.763803,1.593190,204
1282,oot,2048,128,8,1.119628,0.948577,1496
1283,tikki,2048,64,2,3.625466,3.454321,11440
1284,void,2048,192,9,0.992602,0.821043,385
1285,void,2048,256,2,3.603904,3.432589,204
1286,oot,2048,64,1,6.809320,6.638597,11440
1287,scorep,2048,128,3,2.347333,2.175776,1496
1288,printf,2048,256,2,3.599162,3.428044,204
1289,oot,2048,256,8,1.412577,1.241135,204
129,void,2048,64,15,0.715718,0.544891,11440
1290,oot,2048,256,16,1.066785,0.895918,204
1291,extrae,2048,256,16,1.112805,0.942240,204
1292,extrae,2048,128,19,0.696872,0.526785,1496
1293,void,2048,128,16,0.707207,0.536286,1496
1294,tikki,2048,256,1,6.880758,6.709601,204
1295,tikki,2048,192,7,1.171352,1.001205,385
1296,tikki,2048,192,17,0.775329,0.603393,385
1297,extrae,2048,128,8,1.137338,0.967184,1496
1298,tikki,2048,64,11,0.943814,0.772837,11440
1299,void,2048,192,7,1.121335,0.950578,385
13,scorep,2048,192,3,1.997186,1.826380,385
130,void,2048,256,11,1.220957,1.049496,204
1300,empty,2048,256,15,1.068436,0.897832,204
1301,oot,2048,64,19,0.637859,0.437859,11440
1302,tikki,2048,128,4,1.871604,1.701048,1496
1303,printf,2048,192,15,0.758349,0.587343,385
1304,scorep,2048,192,15,0.759229,0.587677,385
1305,empty,2048,128,14,0.779051,0.608540,1496
1306,void,2048,64,7,1.279132,1.107917,11440
1307,scorep,2048,64,20,0.593563,0.422564,11440
1308,extrae,2048,192,4,1.585971,1.415579,385
1309,void,2048,128,11,0.910913,0.740000,1496
131,printf,2048,192,16,0.740801,0.558157,385
1310,extrae,2048,128,4,1.830336,1.649134,1496
1311,printf,2048,256,7,1.489026,1.318246,204
1312,printf,2048,192,3,1.996044,1.825111,385
1313,extrae,2048,64,11,0.948050,0.778014,11440
1314,empty,2048,192,20,0.687191,0.515550,385
1315,oot,2048,64,16,0.684370,0.513904,11440
1316,oot,2048,64,18,0.633144,0.462111,11440
1317,scorep,2048,128,11,0.914348,0.742616,1496
1318,tikki,2048,64,8,1.178295,1.006919,11440
1319,oot,2048,64,8,1.126206,0.954824,11440
132,oot,2048,192,19,0.688226,0.516815,385
1320,void,2048,256,14,1.090380,0.920004,204
1321,tikki,2048,256,13,1.216922,1.046583,204
1322,void,2048,192,4,1.572878,1.402374,385
1323,tikki,2048,128,7,1.279771,1.108440,1496
1324,extrae,2048,128,9,1.066570,0.896161,1496
1325,extrae,2048,128,3,2.342850,2.172442,1496
1326,void,2048,256,18,1.074925,0.903638,204
1327,oot,2048,256,17,1.062813,0.891410,204
1328,empty,2048,64,6,1.422276,1.251371,11440
1329,scorep,2048,64,10,0.971263,0.799888,11440
133,printf,2048,192,10,0.941797,0.771369,385
1330,empty,2048,192,1,5.507546,5.312641,385
1331,scorep,2048,256,15,1.073415,0.903190,204
1332,empty,2048,128,9,1.041182,0.870032,1496
1333,oot,2048,256,18,1.055814,0.884544,204
1334,empty,2048,128,4,1.811372,1.640699,1496
1335,void,2048,256,16,1.062519,0.891592,204
1336,tikki,2048,192,9,1.031820,0.860051,385
1337,oot,2048,192,4,1.583318,1.411923,385
1338,extrae,2048,256,10,1.284882,1.114989,204
1339,oot,2048,64,5,1.599986,1.429598,11440
134,tikki,2048,64,5,1.638881,1.467745,11440
1340,oot,2048,64,6,1.426996,1.256518,11440
1341,empty,2048,256,1,6.880417,6.709614,204
1342,scorep,2048,192,1,5.472039,5.301148,385
1343,extrae,2048,192,17,0.772115,0.602124,385
1344,empty,2048,64,18,0.624794,0.454642,11440
1345,tikki,2048,128,19,0.680672,0.509012,1496
1346,scorep,2048,256,8,1.417996,1.247787,204
1347,tikki,2048,128,17,0.734329,0.563096,1496
1348,printf,2048,192,17,0.727047,0.555920,385
1349,void,2048,192,19,0.689967,0.518827,385
135,void,2048,128,8,1.125336,0.953435,1496
1350,scorep,2048,128,12,0.918990,0.691709,1496
1351,void,2048,64,3,2.438248,2.267381,11440
1352,oot,2048,256,15,1.073760,0.902382,204
1353,extrae,2048,256,12,1.201125,1.030617,204
1354,void,2048,256,15,1.071485,0.901058,204
1355,tikki,2048,128,10,1.028619,0.858082,1496
1356,printf,2048,64,18,0.633813,0.463003,11440
1357,empty,2048,128,18,0.657356,0.486650,1496
1358,oot,2048,256,7,1.483865,1.312284,204
1359,empty,2048,192,9,0.992062,0.820794,385
136,void,2048,256,10,1.254286,1.083062,204
1360,printf,2048,256,17,1.060389,0.889561,204
1361,oot,2048,128,11,0.912460,0.741706,1496
1362,oot,2048,128,2,3.400169,3.229735,1496
1363,void,2048,192,12,0.881260,0.680776,385
1364,void,2048,128,10,0.976926,0.805776,1496
1365,printf,2048,64,3,2.445863,2.274652,11440
1366,tikki,2048,64,7,1.327824,1.157064,11440
1367,scorep,2048,64,2,3.570913,3.399953,11440
1368,extrae,2048,128,5,1.574401,1.404342,1496
1369,void,2048,128,1,6.567064,6.395796,1496
137,oot,2048,192,10,0.938961,0.767350,385
1370,tikki,2048,256,17,1.102076,0.931171,204
1371,tikki,2048,192,16,0.786493,0.616029,385
1372,void,2048,256,5,1.779960,1.609434,204
1373,printf,2048,64,16,0.687083,0.516158,11440
1374,scorep,2048,64,7,1.280932,1.109794,11440
1375,scorep,2048,192,8,1.070074,0.899338,385
1376,scorep,2048,192,16,0.739615,0.568162,385
1377,printf,2048,256,19,1.035736,0.865120,204
1378,scorep,2048,256,20,1.034457,0.862899,204
1379,scorep,2048,128,14,0.783029,0.611816,1496
138,printf,2048,256,20,1.035372,0.864372,204
1380,printf,2048,192,18,0.702708,0.531839,385
1381,scorep,2048,128,8,1.123445,0.952106,1496
1382,tikki,2048,256,10,1.298454,1.127006,204
1383,scorep,2048,64,6,1.428784,1.257827,11440
1384,void,2048,192,5,1.384792,1.214748,385
1385,oot,2048,192,8,1.063860,0.892785,385
1386,extrae,2048,64,20,0.675803,0.505425,11440
1387,tikki,2048,256,12,1.219712,1.048983,204
1388,empty,2048,128,3,2.359371,2.188703,1496
1389,tikki,2048,64,5,1.650994,1.480359,11440
139,extrae,2048,192,10,0.970836,0.801218,385
1390,tikki,2048,256,11,1.249191,1.078621,204
1391,empty,2048,256,10,1.258772,1.087889,204
1392,empty,2048,64,16,0.682263,0.511641,11440
1393,tikki,2048,128,9,1.093165,0.922493,1496
1394,extrae,2048,192,19,0.748535,0.578783,385
1395,empty,2048,192,10,0.937563,0.767285,385
1396,printf,2048,128,1,6.558191,6.387753,1496
1397,tikki,2048,128,5,1.592933,1.422005,1496
1398,oot,2048,192,2,2.862081,2.691705,385
1399,printf,2048,256,5,1.750376,1.579830,204
14,printf,2048,192,3,2.007839,1.837345,385
140,printf,2048,256,5,1.774905,1.604440,204
1400,void,2048,128,14,0.777966,0.607601,1496
1401,empty,2048,192,2,2.872611,2.701344,385
1402,scorep,2048,192,4,1.571591,1.401006,385
1403,void,2048,256,12,1.175724,1.004813,204
1404,tikki,2048,128,15,0.806513,0.635300,1496
1405,void,2048,256,6,1.635033,1.464514,204
1406,oot,2048,128,18,0.658992,0.487889,1496
1407,void,2048,192,1,5.468937,5.298371,385
1408,oot,2048,128,19,0.636572,0.465940,1496
1409,tikki,2048,256,2,3.634123,3.464241,204
141,extrae,2048,128,7,1.253949,1.083780,1496
1410,extrae,2048,128,17,0.730846,0.560211,1496
1411,tikki,2048,128,6,1.404310,1.233220,1496
1412,oot,2048,128,4,1.810262,1.639515,1496
1413,empty,2048,256,4,2.010709,1.839282,204
1414,tikki,2048,192,14,0.829356,0.658151,385
1415,tikki,2048,128,11,0.954335,0.783673,1496
1416,empty,2048,256,6,1.642845,1.471483,204
1417,printf,2048,128,3,2.345526,2.174804,1496
1418,scorep,2048,64,1,6.825858,6.654174,11440
1419,extrae,2048,64,2,3.634181,3.463524,11440
142,void,2048,64,1,6.817209,6.645704,11440
1420,extrae,2048,192,3,1.997678,1.827591,385
1421,empty,2048,256,14,1.094010,0.923372,204
1422,empty,2048,256,16,1.058503,0.886682,204
1423,scorep,2048,64,13,0.798169,0.626589,11440
1424,oot,2048,64,9,1.039561,0.868533,11440
1425,empty,2048,256,3,2.507591,2.335543,204
1426,oot,2048,64,20,0.592351,0.421541,11440
1427,extrae,2048,192,11,0.915493,0.745381,385
1428,void,2048,128,17,0.678159,0.507249,1496
1429,void,2048,64,12,0.836897,0.665283,11440
143,void,2048,256,9,1.321387,1.150749,204
1430,oot,2048,256,9,1.324115,1.153482,204
1431,void,2048,256,7,1.483394,1.312350,204
1432,empty,2048,64,12,0.837016,0.666278,11440
1433,empty,2048,64,14,0.747240,0.576470,11440
1434,printf,2048,192,12,0.850967,0.680399,385
1435,printf,2048,256,8,1.420754,1.238790,204
1436,tikki,2048,128,2,3.447191,3.276326,1496
1437,oot,2048,128,12,0.880652,0.685244,1496
1438,void,2048,128,2,3.392611,3.221859,1496
1439,tikki,2048,256,20,1.077885,0.907171,204
144,tikki,2048,128,13,0.858398,0.686417,1496
1440,printf,2048,256,14,1.093521,0.922852,204
1441,oot,2048,64,17,0.657797,0.486825,11440
1442,printf,2048,192,14,0.817653,0.623088,385
1443,scorep,2048,128,1,6.567256,6.390917,1496
1444,tikki,2048,256,14,1.141895,0.970414,204
1445,oot,2048,256,20,1.059824,0.864286,204
1446,oot,2048,64,11,0.898276,0.727281,11440
1447,empty,2048,192,8,1.064592,0.893309,385
1448,void,2048,64,11,0.897857,0.725818,11440
1449,printf,2048,192,10,0.940285,0.769513,385
145,void,2048,128,10,0.978063,0.806834,1496
1450,void,2048,64,10,0.964966,0.793764,11440
1451,tikki,2048,256,7,1.529806,1.357403,204
1452,extrae,2048,256,4,2.030293,1.860539,204
1453,void,2048,256,11,1.231683,1.060518,204
1454,void,2048,128,13,0.818062,0.646405,1496
1455,printf,2048,128,7,1.240680,1.069020,1496
1456,scorep,2048,64,18,0.637062,0.465906,11440
1457,extrae,2048,192,5,1.391885,1.221236,385
1458,oot,2048,192,1,5.452825,5.281835,385
1459,empty,2048,64,1,6.797516,6.626897,11440
146,oot,2048,256,18,1.059139,0.888194,204
1460,oot,2048,256,6,1.641240,1.470635,204
1461,oot,2048,192,10,0.939605,0.768602,385
1462,extrae,2048,64,9,1.081155,0.911406,11440
1463,extrae,2048,64,15,0.776523,0.605739,11440
1464,empty,2048,128,6,1.375383,1.203147,1496
1465,printf,2048,256,11,1.235555,1.063727,204
1466,void,2048,256,13,1.117970,0.946804,204
1467,extrae,2048,128,11,0.959982,0.789298,1496
1468,scorep,2048,192,11,0.893323,0.721992,385
1469,empty,2048,256,12,1.181519,1.010976,204
147,extrae,2048,256,17,1.123790,0.953781,204
1470,extrae,2048,256,2,3.610301,3.439733,204
1471,empty,2048,256,13,1.111465,0.940483,204
1472,extrae,2048,128,7,1.250896,1.080832,1496
1473,void,2048,256,4,2.016375,1.845646,204
1474,void,2048,256,19,1.036491,0.865456,204
1475,printf,2048,128,17,0.680272,0.509589,1496
1476,printf,2048,256,18,1.057777,0.887500,204
1477,scorep,2048,64,5,1.622341,1.450902,11440
1478,void,2048,64,6,1.421007,1.250411,11440
1479,tikki,2048,128,16,0.746391,0.575949,1496
148,printf,2048,256,19,1.041749,0.871206,204
1480,oot,2048,256,2,3.605096,3.433990,204
1481,printf,2048,128,11,0.954795,0.741030,1496
1482,empty,2048,64,10,0.963812,0.792334,11440
1483,printf,2048,64,6,1.426765,1.256229,11440
1484,oot,2048,256,12,1.169337,0.998944,204
1485,extrae,2048,64,12,0.890096,0.719910,11440
1486,empty,2048,64,19,0.608776,0.437272,11440
1487,oot,2048,192,20,0.686588,0.515105,385
1488,scorep,2048,256,19,1.043448,0.871894,204
1489,oot,2048,256,3,2.503400,2.332521,204
149,scorep,2048,192,6,1.243253,1.072509,385
1490,void,2048,128,18,0.657918,0.486986,1496
1491,printf,2048,256,1,6.822409,6.651732,204
1492,tikki,2048,256,6,1.669967,1.499746,204
1493,extrae,2048,192,7,1.142678,0.971541,385
1494,empty,2048,128,20,0.620693,0.450078,1496
1495,scorep,2048,256,11,1.214557,1.043546,204
1496,void,2048,192,15,0.761185,0.590155,385
1497,scorep,2048,192,13,0.808176,0.636782,385
1498,oot,2048,192,5,1.373512,1.202863,385
1499,printf,2048,192,4,1.588984,1.418016,385
15,printf,2048,128,9,1.042063,0.870268,1496
150,void,2048,192,17,0.720521,0.549047,385
1500,oot,2048,192,11,0.886131,0.715667,385
1501,void,2048,192,6,1.237141,1.065216,385
1502,oot,2048,256,11,1.210011,1.038997,204
1503,tikki,2048,192,4,1.631068,1.459906,385
1504,scorep,2048,256,13,1.159620,0.988294,204
1505,void,2048,128,4,1.816392,1.645228,1496
1506,empty,2048,192,13,0.807834,0.637089,385
1507,void,2048,192,3,2.012198,1.841032,385
1508,empty,2048,64,9,1.031753,0.861027,11440
1509,scorep,2048,128,4,1.812406,1.640095,1496
151,extrae,2048,128,18,0.713038,0.542153,1496
1510,printf,2048,64,17,0.655084,0.484661,11440
1511,extrae,2048,64,19,0.676468,0.506168,11440
1512,void,2048,192,18,0.712790,0.542613,385
1513,void,2048,64,16,0.680291,0.509547,11440
1514,extrae,2048,64,18,0.699047,0.528351,11440
1515,void,2048,128,19,0.633584,0.463276,1496
1516,tikki,2048,192,5,1.419510,1.248649,385
1517,printf,2048,64,10,0.968521,0.797810,11440
1518,extrae,2048,256,14,1.138176,0.967966,204
1519,oot,2048,192,6,1.234458,1.063697,385
152,tikki,2048,128,11,0.957677,0.786302,1496
1520,printf,2048,64,14,0.754971,0.584247,11440
1521,oot,2048,64,4,1.892460,1.722122,11440
1522,void,2048,64,1,6.808852,6.637015,11440
1523,empty,2048,192,5,1.359096,1.187691,385
1524,tikki,2048,64,17,0.707864,0.536156,11440
1525,tikki,2048,192,10,0.991239,0.820391,385
1526,empty,2048,192,4,1.576186,1.404938,385
1527,printf,2048,128,13,0.814519,0.642972,1496
1528,printf,2048,192,8,1.070413,0.899967,385
1529,void,2048,64,17,0.654294,0.483349,11440
153,printf,2048,128,20,0.626674,0.454673,1496
1530,printf,2048,192,5,1.382766,1.211973,385
1531,extrae,2048,192,14,0.866955,0.640115,385
1532,empty,2048,192,3,2.003434,1.832910,385
1533,printf,2048,128,9,1.036195,0.865493,1496
1534,printf,2048,192,9,0.992494,0.821305,385
1535,extrae,2048,64,5,1.626133,1.455998,11440
1536,oot,2048,128,20,0.627126,0.456789,1496
1537,tikki,2048,128,13,0.854283,0.682523,1496
1538,printf,2048,64,8,1.127077,0.956374,11440
1539,printf,2048,128,6,1.369377,1.198847,1496
154,extrae,2048,192,8,1.092519,0.921665,385
1540,printf,2048,192,16,0.737960,0.566976,385
1541,extrae,2048,192,10,0.967216,0.797454,385
1542,extrae,2048,192,1,5.437071,5.267110,385
1543,scorep,2048,64,3,2.437616,2.266858,11440
1544,tikki,2048,64,15,0.759236,0.588051,11440
1545,void,2048,128,12,0.854616,0.683934,1496
1546,empty,2048,128,5,1.560349,1.389354,1496
1547,oot,2048,64,13,0.816949,0.622335,11440
1548,extrae,2048,256,11,1.263075,1.093114,204
1549,extrae,2048,64,14,0.805828,0.635710,11440
155,empty,2048,128,13,0.827022,0.643739,1496
1550,void,2048,192,16,0.734909,0.563701,385
1551,extrae,2048,128,16,0.761985,0.592130,1496
1552,printf,2048,192,7,1.121115,0.949250,385
1553,void,2048,128,3,2.337159,2.166038,1496
1554,printf,2048,192,2,2.875302,2.704616,385
1555,scorep,2048,192,19,0.694137,0.522832,385
1556,printf,2048,256,15,1.079293,0.908849,204
1557,oot,2048,64,3,2.435459,2.265030,11440
1558,printf,2048,128,10,0.978501,0.807474,1496
1559,oot,2048,64,14,0.747252,0.575803,11440
156,printf,2048,64,6,1.407746,1.236731,11440
1560,tikki,2048,192,3,2.035034,1.864007,385
1561,scorep,2048,192,5,1.445016,1.217474,385
1562,void,2048,64,8,1.119993,0.949199,11440
1563,void,2048,192,10,0.939965,0.769113,385
1564,scorep,2048,128,13,0.817840,0.647297,1496
1565,tikki,2048,64,14,0.807517,0.636153,11440
1566,scorep,2048,256,6,1.639406,1.469009,204
1567,tikki,2048,64,16,0.734812,0.564386,11440
1568,extrae,2048,128,6,1.385714,1.215320,1496
1569,tikki,2048,128,14,0.822397,0.651855,1496
157,scorep,2048,192,13,0.823174,0.650885,385
1570,scorep,2048,192,18,0.702624,0.532018,385
1571,empty,2048,256,7,1.489698,1.318971,204
1572,empty,2048,128,15,0.744320,0.572741,1496
1573,empty,2048,192,16,0.736477,0.565929,385
1574,empty,2048,256,19,1.039337,0.868685,204
1575,tikki,2048,256,15,1.113872,0.943226,204
1576,scorep,2048,128,20,0.627408,0.456219,1496
1577,empty,2048,128,7,1.235027,1.064147,1496
1578,tikki,2048,192,6,1.275771,1.104879,385
1579,tikki,2048,64,4,1.925306,1.754629,11440
158,scorep,2048,192,7,1.131923,0.961513,385
1580,empty,2048,128,1,6.610315,6.440019,1496
1581,extrae,2048,128,18,0.713929,0.543647,1496
1582,oot,2048,192,18,0.704406,0.533982,385
1583,tikki,2048,256,4,2.029113,1.858717,204
1584,empty,2048,128,17,0.677014,0.506301,1496
1585,tikki,2048,64,1,6.899534,6.728522,11440
1586,tikki,2048,256,3,2.543265,2.371867,204
1587,printf,2048,128,19,0.638917,0.468055,1496
1588,void,2048,192,8,1.068766,0.898011,385
1589,printf,2048,256,3,2.500444,2.328949,204
159,printf,2048,192,12,0.852641,0.681045,385
1590,printf,2048,256,9,1.324462,1.153968,204
1591,scorep,2048,256,7,1.487756,1.317133,204
1592,printf,2048,128,12,0.856269,0.685467,1496
1593,printf,2048,256,20,1.033185,0.862507,204
1594,extrae,2048,192,9,1.020752,0.850332,385
1595,void,2048,128,9,1.036627,0.866002,1496
1596,extrae,2048,64,1,6.827062,6.657041,11440
1597,tikki,2048,192,13,0.855194,0.684902,385
1598,empty,2048,256,2,3.598233,3.427074,204
1599,scorep,2048,192,20,0.691387,0.520145,385
16,printf,2048,256,9,1.316619,1.145980,204
160,extrae,2048,64,7,1.278324,1.108192,11440
1600,extrae,2048,64,16,0.746894,0.576840,11440
1601,extrae,2048,256,15,1.123189,0.952880,204
1602,printf,2048,256,16,1.061122,0.890292,204
1603,tikki,2048,64,3,2.496925,2.325436,11440
1604,scorep,2048,128,5,1.558988,1.387193,1496
1605,empty,2048,192,17,0.733192,0.561428,385
1606,empty,2048,128,16,0.712333,0.540915,1496
1607,oot,2048,192,17,0.728760,0.557561,385
1608,extrae,2048,64,6,1.428921,1.258558,11440
1609,empty,2048,128,8,1.123241,0.951580,1496
161,oot,2048,128,16,0.713137,0.541863,1496
1610,oot,2048,256,14,1.094046,0.922894,204
1611,printf,2048,256,4,2.026079,1.855101,204
1612,extrae,2048,64,4,1.919771,1.749595,11440
1613,void,2048,128,15,0.741011,0.570324,1496
1614,scorep,2048,64,15,0.716608,0.545738,11440
1615,void,2048,64,14,0.748399,0.577287,11440
1616,oot,2048,128,13,0.816701,0.644792,1496
1617,scorep,2048,256,16,1.062663,0.891410,204
1618,empty,2048,64,20,0.589448,0.418706,11440
1619,scorep,2048,64,9,1.037161,0.865608,11440
162,scorep,2048,64,15,0.718747,0.547916,11440
1620,tikki,2048,64,13,0.828087,0.657275,11440
1621,oot,2048,256,5,1.782478,1.611698,204
1622,scorep,2048,256,1,6.825200,6.654067,204
1623,extrae,2048,192,6,1.249966,1.079081,385
1624,printf,2048,64,15,0.713535,0.542006,11440
1625,void,2048,64,4,1.895197,1.724079,11440
1626,extrae,2048,192,13,0.840867,0.670725,385
1627,empty,2048,64,5,1.594836,1.424156,11440
1628,oot,2048,128,1,6.537362,6.366510,1496
1629,oot,2048,192,9,0.989418,0.818815,385
163,scorep,2048,128,2,3.398898,3.227998,1496
1630,scorep,2048,192,17,0.730696,0.559521,385
1631,scorep,2048,128,17,0.680894,0.510061,1496
1632,tikki,2048,192,18,0.753028,0.581923,385
1633,void,2048,192,2,2.893492,2.722066,385
1634,extrae,2048,128,1,6.554845,6.384880,1496
1635,tikki,2048,256,5,1.821520,1.651361,204
1636,extrae,2048,64,8,1.163831,0.993448,11440
1637,tikki,2048,128,1,6.589600,6.419005,1496
1638,extrae,2048,256,9,1.340357,1.170473,204
1639,empty,2048,192,14,0.774272,0.603080,385
164,scorep,2048,192,2,2.873839,2.702915,385
1640,tikki,2048,192,15,0.789979,0.618650,385
1641,printf,2048,64,20,0.588195,0.416625,11440
1642,tikki,2048,64,9,1.086116,0.914976,11440
1643,void,2048,192,11,0.886015,0.714766,385
1644,extrae,2048,128,13,0.853530,0.683056,1496
1645,oot,2048,192,7,1.157031,0.957096,385
1646,extrae,2048,128,10,1.010788,0.840975,1496
1647,extrae,2048,256,1,6.842484,6.672239,204
1648,empty,2048,192,12,0.851574,0.680129,385
1649,extrae,2048,64,7,1.282187,1.112229,11440
165,scorep,2048,128,1,6.554467,6.382572,1496
1650,void,2048,192,17,0.727320,0.556849,385
1651,extrae,2048,128,20,0.686290,0.516293,1496
1652,scorep,2048,128,16,0.715208,0.541491,1496
1653,empty,2048,64,15,0.710703,0.540003,11440
1654,void,2048,256,3,2.509943,2.337729,204
1655,oot,2048,64,2,3.561055,3.390057,11440
1656,empty,2048,64,17,0.653240,0.482030,11440
1657,scorep,2048,128,15,0.747134,0.575997,1496
1658,empty,2048,64,13,0.787993,0.617181,11440
1659,scorep,2048,192,10,0.943185,0.771889,385
166,tikki,2048,128,14,0.823986,0.653413,1496
1660,empty,2048,64,4,1.900725,1.729710,11440
1661,scorep,2048,64,8,1.131513,0.959566,11440
1662,printf,2048,64,4,1.910059,1.738859,11440
1663,scorep,2048,192,2,2.896501,2.697822,385
1664,printf,2048,128,5,1.554236,1.383790,1496
1665,oot,2048,128,14,0.782988,0.612465,1496
1666,empty,2048,192,15,0.763498,0.592743,385
1667,empty,2048,64,2,3.541577,3.370157,11440
1668,scorep,2048,256,4,1.996235,1.825058,204
1669,tikki,2048,256,19,1.104181,0.933582,204
167,empty,2048,256,9,1.320087,1.149298,204
1670,printf,2048,128,20,0.623730,0.453319,1496
1671,oot,2048,128,6,1.380910,1.207965,1496
1672,scorep,2048,64,14,0.756524,0.584596,11440
1673,void,2048,64,20,0.587226,0.416380,11440
1674,extrae,2048,192,15,0.803857,0.633279,385
1675,oot,2048,192,3,2.000829,1.829756,385
1676,extrae,2048,256,19,1.094408,0.924759,204
1677,empty,2048,128,10,0.977114,0.806648,1496
1678,oot,2048,128,3,2.337816,2.166557,1496
1679,tikki,2048,192,1,5.518616,5.347127,385
168,tikki,2048,192,5,1.413753,1.243196,385
1680,tikki,2048,192,8,1.102899,0.931973,385
1681,void,2048,192,15,0.742404,0.571189,385
1682,printf,2048,128,16,0.707730,0.537015,1496
1683,empty,2048,64,12,0.835688,0.664663,11440
1684,tikki,2048,128,20,0.660715,0.489687,1496
1685,tikki,2048,192,19,0.740403,0.569484,385
1686,printf,2048,64,17,0.656814,0.485836,11440
1687,empty,2048,256,18,1.072828,0.901158,204
1688,oot,2048,192,10,0.942170,0.770270,385
1689,void,2048,128,15,0.744159,0.573043,1496
169,tikki,2048,192,7,1.173814,1.002526,385
1690,scorep,2048,128,16,0.709971,0.539006,1496
1691,void,2048,64,16,0.682831,0.511315,11440
1692,void,2048,64,18,0.628847,0.457043,11440
1693,printf,2048,64,13,0.794624,0.622394,11440
1694,scorep,2048,192,15,0.753234,0.581694,385
1695,empty,2048,192,13,0.810459,0.638885,385
1696,empty,2048,256,12,1.166987,0.995935,204
1697,oot,2048,128,1,6.572904,6.402125,1496
1698,oot,2048,128,7,1.238434,1.067170,1496
1699,oot,2048,256,12,1.192197,1.021025,204
17,tikki,2048,256,10,1.304539,1.133865,204
170,extrae,2048,192,4,1.601537,1.431608,385
1700,empty,2048,256,20,1.030633,0.859525,204
1701,extrae,2048,256,4,1.990302,1.820389,204
1702,scorep,2048,192,1,5.444556,5.273325,385
1703,void,2048,128,16,0.747873,0.534137,1496
1704,printf,2048,128,9,1.038641,0.867469,1496
1705,printf,2048,64,4,1.891073,1.720088,11440
1706,void,2048,192,5,1.375642,1.204869,385
1707,extrae,2048,256,11,1.243775,1.073237,204
1708,void,2048,64,7,1.274401,1.102775,11440
1709,void,2048,128,5,1.545174,1.374436,1496
171,void,2048,64,13,0.791666,0.620610,11440
1710,void,2048,256,6,1.640352,1.469466,204
1711,tikki,2048,128,3,2.396985,2.226024,1496
1712,empty,2048,64,10,0.965247,0.794135,11440
1713,void,2048,64,6,1.396181,1.225299,11440
1714,void,2048,128,4,1.812310,1.641105,1496
1715,printf,2048,256,17,1.108079,0.891628,204
1716,printf,2048,64,8,1.130691,0.959974,11440
1717,void,2048,128,20,0.621301,0.450712,1496
1718,scorep,2048,128,1,6.550307,6.379226,1496
1719,scorep,2048,192,19,0.692267,0.521469,385
172,tikki,2048,128,17,0.719494,0.548239,1496
1720,scorep,2048,64,5,1.603462,1.433170,11440
1721,scorep,2048,128,4,1.818105,1.646209,1496
1722,printf,2048,192,20,0.687087,0.515629,385
1723,tikki,2048,256,17,1.108555,0.937397,204
1724,oot,2048,64,15,0.718754,0.548220,11440
1725,printf,2048,128,10,0.980718,0.810048,1496
1726,scorep,2048,256,8,1.411040,1.240487,204
1727,oot,2048,192,18,0.709747,0.538882,385
1728,printf,2048,64,3,2.455300,2.284289,11440
1729,void,2048,256,10,1.261693,1.090542,204
173,oot,2048,192,5,1.362138,1.191771,385
1730,extrae,2048,256,19,1.098838,0.929173,204
1731,void,2048,128,14,0.780094,0.608677,1496
1732,printf,2048,128,4,1.804819,1.633872,1496
1733,printf,2048,128,19,0.634488,0.463943,1496
1734,void,2048,256,2,3.597965,3.426287,204
1735,void,2048,256,18,1.053952,0.882874,204
1736,void,2048,192,12,0.853245,0.681908,385
1737,oot,2048,256,3,2.529910,2.358266,204
1738,tikki,2048,128,9,1.078804,0.908104,1496
1739,printf,2048,192,6,1.237262,1.066290,385
174,oot,2048,256,13,1.110249,0.939897,204
1740,scorep,2048,256,15,1.078980,0.906389,204
1741,printf,2048,192,17,0.729832,0.558637,385
1742,tikki,2048,64,17,0.694621,0.523693,11440
1743,printf,2048,192,2,2.874662,2.702881,385
1744,void,2048,256,7,1.482106,1.310990,204
1745,tikki,2048,128,15,0.789569,0.617889,1496
1746,tikki,2048,64,10,1.008861,0.837557,11440
1747,scorep,2048,192,7,1.125293,0.953675,385
1748,void,2048,128,18,0.669544,0.486220,1496
1749,void,2048,128,9,1.041957,0.870150,1496
175,tikki,2048,256,13,1.167209,0.995880,204
1750,oot,2048,256,13,1.122496,0.951358,204
1751,empty,2048,256,5,1.770270,1.599929,204
1752,printf,2048,128,7,1.243051,1.071450,1496
1753,extrae,2048,64,14,0.809006,0.638969,11440
1754,empty,2048,64,8,1.176578,0.949901,11440
1755,void,2048,128,2,3.399650,3.228424,1496
1756,void,2048,64,8,1.124339,0.954393,11440
1757,oot,2048,64,11,0.895235,0.724799,11440
1758,tikki,2048,128,19,0.680501,0.509495,1496
1759,extrae,2048,192,18,0.754685,0.584343,385
176,empty,2048,64,1,6.810460,6.639613,11440
1760,oot,2048,192,1,5.452598,5.281824,385
1761,extrae,2048,192,15,0.801997,0.632159,385
1762,tikki,2048,64,13,0.832097,0.661175,11440
1763,printf,2048,128,6,1.378814,1.206245,1496
1764,oot,2048,192,20,0.689672,0.518022,385
1765,tikki,2048,128,12,0.902391,0.731194,1496
1766,printf,2048,64,15,0.714936,0.544031,11440
1767,void,2048,192,6,1.235214,1.064675,385
1768,empty,2048,64,3,2.457172,2.285132,11440
1769,scorep,2048,128,11,0.925836,0.742326,1496
177,printf,2048,128,13,0.817508,0.646636,1496
1770,printf,2048,192,5,1.367318,1.195566,385
1771,scorep,2048,128,7,1.237131,1.065510,1496
1772,oot,2048,128,12,0.868175,0.686128,1496
1773,printf,2048,192,11,0.885699,0.714806,385
1774,scorep,2048,128,13,0.817259,0.646338,1496
1775,scorep,2048,192,5,1.368593,1.196375,385
1776,scorep,2048,64,12,0.849477,0.678018,11440
1777,oot,2048,192,3,1.993517,1.822589,385
1778,empty,2048,192,17,0.710115,0.539738,385
1779,printf,2048,64,19,0.610181,0.439594,11440
178,tikki,2048,64,7,1.286492,1.115682,11440
1780,oot,2048,192,14,0.779133,0.608156,385
1781,empty,2048,192,6,1.238630,1.067173,385
1782,empty,2048,128,8,1.120359,0.948996,1496
1783,extrae,2048,256,1,6.831610,6.661678,204
1784,empty,2048,64,16,0.682259,0.511742,11440
1785,oot,2048,192,6,1.231870,1.060987,385
1786,tikki,2048,128,5,1.601864,1.430337,1496
1787,tikki,2048,64,11,0.961561,0.790329,11440
1788,scorep,2048,192,6,1.243026,1.071568,385
1789,scorep,2048,64,19,0.614585,0.441567,11440
179,printf,2048,64,20,0.590119,0.418909,11440
1790,printf,2048,128,14,0.781045,0.610140,1496
1791,printf,2048,192,7,1.119193,0.948100,385
1792,scorep,2048,64,7,1.286203,1.115072,11440
1793,tikki,2048,64,18,0.667681,0.497505,11440
1794,extrae,2048,128,14,0.825394,0.655024,1496
1795,empty,2048,64,7,1.250075,1.079421,11440
1796,oot,2048,128,16,0.706750,0.535949,1496
1797,void,2048,128,19,0.635377,0.464417,1496
1798,tikki,2048,64,9,1.083481,0.912129,11440
1799,tikki,2048,128,2,3.435238,3.263766,1496
18,empty,2048,192,5,1.373866,1.201607,385
180,scorep,2048,192,17,0.730758,0.559844,385
1800,oot,2048,64,4,1.900707,1.729737,11440
1801,scorep,2048,64,17,0.661547,0.490832,11440
1802,oot,2048,64,17,0.655608,0.483895,11440
1803,extrae,2048,192,16,0.784393,0.613882,385
1804,printf,2048,192,15,0.759889,0.589177,385
1805,scorep,2048,192,3,1.990523,1.820377,385
1806,void,2048,256,4,2.013567,1.842750,204
1807,scorep,2048,192,13,0.820675,0.648690,385
1808,oot,2048,64,2,3.565169,3.394731,11440
1809,tikki,2048,192,13,0.862056,0.690258,385
181,tikki,2048,64,2,3.610106,3.439443,11440
1810,tikki,2048,256,15,1.115951,0.945824,204
1811,printf,2048,128,12,0.859587,0.689034,1496
1812,extrae,2048,128,4,1.821418,1.650973,1496
1813,extrae,2048,128,20,0.713571,0.539212,1496
1814,scorep,2048,128,8,1.120610,0.948942,1496
1815,extrae,2048,192,2,2.872443,2.701913,385
1816,scorep,2048,256,10,1.260311,1.089867,204
1817,empty,2048,64,18,0.628060,0.457087,11440
1818,void,2048,192,8,1.067283,0.895838,385
1819,tikki,2048,64,15,0.773779,0.602823,11440
182,oot,2048,256,7,1.480562,1.309600,204
1820,tikki,2048,128,16,0.759753,0.589102,1496
1821,empty,2048,128,20,0.621799,0.451665,1496
1822,scorep,2048,128,6,1.379028,1.208425,1496
1823,void,2048,256,14,1.094433,0.923962,204
1824,extrae,2048,128,7,1.250468,1.080788,1496
1825,void,2048,256,12,1.163856,0.993383,204
1826,extrae,2048,64,11,0.947101,0.776695,11440
1827,tikki,2048,128,13,0.854086,0.683623,1496
1828,printf,2048,128,17,0.680317,0.509432,1496
1829,tikki,2048,192,4,1.638679,1.467652,385
183,empty,2048,256,13,1.111973,0.941123,204
1830,scorep,2048,192,4,1.595956,1.425501,385
1831,printf,2048,256,10,1.252571,1.081434,204
1832,empty,2048,128,9,1.039463,0.867473,1496
1833,void,2048,64,2,3.566730,3.396104,11440
1834,oot,2048,128,9,1.037966,0.867213,1496
1835,printf,2048,192,9,0.991296,0.820861,385
1836,empty,2048,192,5,1.366066,1.195621,385
1837,empty,2048,256,1,6.886129,6.715796,204
1838,scorep,2048,64,9,1.040204,0.868753,11440
1839,scorep,2048,128,17,0.681449,0.510578,1496
184,extrae,2048,256,9,1.343980,1.173425,204
1840,empty,2048,64,11,0.897529,0.726921,11440
1841,empty,2048,128,2,3.396227,3.224206,1496
1842,tikki,2048,256,13,1.199670,1.029500,204
1843,oot,2048,192,9,0.990334,0.818644,385
1844,printf,2048,256,14,1.086527,0.916143,204
1845,scorep,2048,256,16,1.061011,0.890271,204
1846,scorep,2048,192,10,0.941505,0.770362,385
1847,empty,2048,128,10,0.978221,0.807474,1496
1848,void,2048,64,13,0.791888,0.620328,11440
1849,empty,2048,128,18,0.657154,0.486067,1496
185,printf,2048,64,12,0.840709,0.670570,11440
1850,printf,2048,256,6,1.636432,1.465314,204
1851,void,2048,192,9,0.993422,0.821824,385
1852,tikki,2048,192,18,0.743243,0.572290,385
1853,printf,2048,256,9,1.321963,1.151256,204
1854,extrae,2048,64,13,0.853729,0.683526,11440
1855,extrae,2048,64,4,1.912520,1.742783,11440
1856,void,2048,192,19,0.687968,0.516527,385
1857,oot,2048,192,19,0.687589,0.517246,385
1858,empty,2048,128,14,0.784811,0.613710,1496
1859,extrae,2048,64,1,6.827789,6.657645,11440
186,oot,2048,256,1,6.822832,6.651963,204
1860,empty,2048,192,7,1.119331,0.947848,385
1861,empty,2048,256,11,1.242625,1.071236,204
1862,printf,2048,64,7,1.256804,1.086350,11440
1863,oot,2048,256,9,1.322357,1.150865,204
1864,tikki,2048,64,2,3.615048,3.443344,11440
1865,oot,2048,128,2,3.401330,3.230390,1496
1866,oot,2048,128,19,0.636338,0.466075,1496
1867,printf,2048,128,20,0.627432,0.455790,1496
1868,scorep,2048,256,14,1.097778,0.925930,204
1869,oot,2048,64,10,0.966538,0.795483,11440
187,void,2048,192,7,1.125545,0.954883,385
1870,empty,2048,256,6,1.645024,1.473266,204
1871,printf,2048,128,18,0.658106,0.486656,1496
1872,oot,2048,192,13,0.802891,0.631004,385
1873,void,2048,64,9,1.038160,0.866731,11440
1874,scorep,2048,192,8,1.068746,0.897077,385
1875,void,2048,192,16,0.739241,0.568097,385
1876,empty,2048,256,14,1.098492,0.927402,204
1877,extrae,2048,192,20,0.754959,0.584673,385
1878,oot,2048,192,11,0.887736,0.716971,385
1879,extrae,2048,128,12,0.893052,0.722410,1496
188,extrae,2048,256,4,1.997936,1.828083,204
1880,tikki,2048,192,10,0.982001,0.810518,385
1881,printf,2048,192,3,2.011168,1.840335,385
1882,empty,2048,64,4,1.895628,1.724333,11440
1883,scorep,2048,128,2,3.410993,3.239942,1496
1884,extrae,2048,256,8,1.438264,1.267301,204
1885,oot,2048,256,5,1.821545,1.607033,204
1886,empty,2048,256,4,2.001026,1.830461,204
1887,void,2048,192,17,0.729544,0.557991,385
1888,void,2048,256,13,1.159889,0.987530,204
1889,void,2048,192,3,2.021765,1.850593,385
189,tikki,2048,128,4,1.857208,1.685846,1496
1890,empty,2048,64,2,3.554156,3.382768,11440
1891,empty,2048,192,20,0.687701,0.517151,385
1892,oot,2048,256,4,1.999983,1.828980,204
1893,oot,2048,64,20,0.589503,0.418379,11440
1894,extrae,2048,192,12,0.886690,0.715387,385
1895,extrae,2048,256,13,1.193809,1.023845,204
1896,scorep,2048,256,20,1.039922,0.867986,204
1897,printf,2048,64,6,1.415655,1.244729,11440
1898,scorep,2048,128,20,0.627653,0.456485,1496
1899,oot,2048,64,3,2.436590,2.265775,11440
19,empty,2048,192,12,0.851350,0.680070,385
190,void,2048,256,4,2.003774,1.833192,204
1900,extrae,2048,192,8,1.089767,0.919674,385
1901,tikki,2048,256,10,1.294027,1.123047,204
1902,empty,2048,256,3,2.518801,2.347725,204
1903,printf,2048,64,9,1.038210,0.867571,11440
1904,scorep,2048,128,10,0.983457,0.811604,1496
1905,extrae,2048,256,9,1.347271,1.176516,204
1906,void,2048,256,16,1.057663,0.886195,204
1907,printf,2048,128,15,0.743499,0.572694,1496
1908,scorep,2048,64,3,2.442800,2.271498,11440
1909,scorep,2048,192,20,0.685320,0.514363,385
191,extrae,2048,192,2,2.885724,2.715707,385
1910,tikki,2048,192,16,0.789109,0.617748,385
1911,tikki,2048,64,7,1.321808,1.150844,11440
1912,scorep,2048,64,14,0.754188,0.582973,11440
1913,extrae,2048,256,10,1.285893,1.115799,204
1914,empty,2048,128,1,6.585437,6.414188,1496
1915,empty,2048,192,2,2.874291,2.703884,385
1916,oot,2048,64,12,0.841142,0.670694,11440
1917,void,2048,64,12,0.834339,0.663262,11440
1918,void,2048,64,10,0.967316,0.795706,11440
1919,scorep,2048,128,18,0.660387,0.490155,1496
192,empty,2048,128,9,1.038592,0.866893,1496
1920,tikki,2048,128,1,6.598181,6.427250,1496
1921,printf,2048,256,8,1.407537,1.237077,204
1922,oot,2048,256,19,1.039511,0.868114,204
1923,oot,2048,192,15,0.767838,0.597096,385
1924,void,2048,128,12,0.858357,0.686691,1496
1925,printf,2048,256,11,1.238339,1.067296,204
1926,void,2048,64,4,1.878366,1.707288,11440
1927,scorep,2048,192,2,2.876776,2.705746,385
1928,scorep,2048,64,1,6.834260,6.663256,11440
1929,scorep,2048,256,6,1.639909,1.469136,204
193,printf,2048,128,10,0.979799,0.808235,1496
1930,void,2048,192,7,1.121279,0.950231,385
1931,empty,2048,256,16,1.061724,0.891220,204
1932,tikki,2048,192,17,0.779293,0.608411,385
1933,scorep,2048,192,12,0.857963,0.686234,385
1934,printf,2048,256,1,6.840755,6.669402,204
1935,oot,2048,256,8,1.410227,1.239981,204
1936,scorep,2048,256,7,1.479930,1.309053,204
1937,scorep,2048,128,9,1.039560,0.868261,1496
1938,extrae,2048,128,19,0.695040,0.525021,1496
1939,tikki,2048,256,12,1.231369,1.060300,204
194,tikki,2048,192,10,1.027324,0.811280,385
1940,tikki,2048,256,16,1.111337,0.940242,204
1941,empty,2048,64,6,1.403509,1.232777,11440
1942,oot,2048,192,12,0.850486,0.679335,385
1943,tikki,2048,128,7,1.289239,1.117151,1496
1944,void,2048,192,4,1.592569,1.420733,385
1945,void,2048,192,10,0.937375,0.766914,385
1946,void,2048,64,3,2.426474,2.255253,11440
1947,empty,2048,64,17,0.653008,0.481640,11440
1948,scorep,2048,192,9,0.991557,0.820181,385
1949,empty,2048,64,1,6.816395,6.645346,11440
195,tikki,2048,256,20,1.081957,0.910625,204
1950,printf,2048,192,8,1.065892,0.895412,385
1951,tikki,2048,256,3,2.566867,2.395916,204
1952,empty,2048,64,13,0.788970,0.617545,11440
1953,printf,2048,128,13,0.816701,0.646086,1496
1954,tikki,2048,128,14,0.828450,0.657091,1496
1955,tikki,2048,192,15,0.800716,0.628840,385
1956,printf,2048,64,2,3.599296,3.428247,11440
1957,tikki,2048,128,4,1.846590,1.675659,1496
1958,empty,2048,192,15,0.760903,0.589195,385
1959,empty,2048,256,15,1.068251,0.896354,204
196,tikki,2048,256,4,2.025983,1.854791,204
1960,empty,2048,128,11,0.912509,0.741540,1496
1961,printf,2048,256,4,2.023667,1.852173,204
1962,tikki,2048,64,14,0.793490,0.622631,11440
1963,tikki,2048,128,18,0.705159,0.534676,1496
1964,printf,2048,256,13,1.155000,0.984557,204
1965,tikki,2048,64,12,0.889325,0.718099,11440
1966,scorep,2048,64,8,1.123742,0.953110,11440
1967,printf,2048,128,3,2.342790,2.170767,1496
1968,oot,2048,256,18,1.054439,0.883340,204
1969,printf,2048,256,19,1.035401,0.864798,204
197,scorep,2048,64,5,1.602691,1.431989,11440
1970,empty,2048,192,10,0.940225,0.768805,385
1971,extrae,2048,128,16,0.762989,0.593140,1496
1972,oot,2048,128,5,1.559232,1.388688,1496
1973,scorep,2048,64,10,0.970173,0.798812,11440
1974,printf,2048,64,12,0.847562,0.676386,11440
1975,oot,2048,64,8,1.121442,0.950183,11440
1976,scorep,2048,128,19,0.642384,0.470846,1496
1977,extrae,2048,192,10,0.968212,0.798051,385
1978,extrae,2048,128,10,1.011562,0.841698,1496
1979,printf,2048,256,5,1.781393,1.610776,204
198,oot,2048,128,6,1.374072,1.203127,1496
1980,extrae,2048,64,15,0.776887,0.606170,11440
1981,tikki,2048,64,16,0.739046,0.568008,11440
1982,printf,2048,192,18,0.701556,0.530993,385
1983,empty,2048,256,7,1.489856,1.318974,204
1984,scorep,2048,256,12,1.186725,1.015136,204
1985,printf,2048,64,1,6.848032,6.676721,11440
1986,scorep,2048,128,14,0.784974,0.613541,1496
1987,void,2048,64,19,0.607792,0.435750,11440
1988,extrae,2048,192,4,1.590111,1.419969,385
1989,extrae,2048,192,9,1.018256,0.847414,385
199,oot,2048,64,1,6.811915,6.640652,11440
1990,void,2048,128,3,2.335984,2.165589,1496
1991,extrae,2048,64,10,1.011763,0.841759,11440
1992,tikki,2048,256,2,3.631497,3.461214,204
1993,empty,2048,64,19,0.610007,0.438269,11440
1994,oot,2048,64,7,1.274368,1.102820,11440
1995,extrae,2048,64,9,1.078245,0.907772,11440
1996,empty,2048,256,9,1.323571,1.152671,204
1997,tikki,2048,192,2,2.905871,2.735222,385
1998,scorep,2048,64,11,0.902272,0.730377,11440
1999,extrae,2048,192,13,0.853302,0.683133,385
2,printf,2048,128,14,0.783025,0.611645,1496
20,oot,2048,256,8,1.413706,1.241821,204
200,scorep,2048,256,1,6.817547,6.646659,204
2000,tikki,2048,128,10,1.014842,0.844469,1496
2001,printf,2048,192,10,0.938586,0.767549,385
2002,oot,2048,64,14,0.750436,0.578518,11440
2003,extrae,2048,128,8,1.135386,0.965374,1496
2004,extrae,2048,128,17,0.730046,0.559968,1496
2005,scorep,2048,192,11,0.890781,0.719696,385
2006,oot,2048,128,14,0.780671,0.608802,1496
2007,empty,2048,256,19,1.045586,0.873808,204
2008,tikki,2048,64,8,1.168573,0.997950,11440
2009,extrae,2048,64,16,0.744984,0.575151,11440
201,oot,2048,64,20,0.634200,0.417984,11440
2010,void,2048,64,11,0.898956,0.727997,11440
2011,scorep,2048,192,16,0.742210,0.570922,385
2012,extrae,2048,256,18,1.111384,0.940999,204
2013,tikki,2048,256,20,1.092401,0.922013,204
2014,tikki,2048,256,8,1.450054,1.278395,204
2015,printf,2048,64,11,0.896974,0.725939,11440
2016,printf,2048,256,18,1.053024,0.881361,204
2017,extrae,2048,256,5,1.800783,1.630304,204
2018,extrae,2048,256,16,1.109358,0.939184,204
2019,oot,2048,192,7,1.115490,0.945062,385
202,oot,2048,256,10,1.254189,1.083566,204
2020,printf,2048,64,5,1.622012,1.450708,11440
2021,extrae,2048,64,17,0.719478,0.548242,11440
2022,void,2048,128,8,1.120684,0.949688,1496
2023,extrae,2048,64,8,1.171403,1.000515,11440
2024,void,2048,192,18,0.701282,0.530816,385
2025,extrae,2048,192,7,1.134323,0.964043,385
2026,extrae,2048,64,2,3.637707,3.467647,11440
2027,oot,2048,256,10,1.251817,1.081233,204
2028,void,2048,64,15,0.713066,0.542783,11440
2029,oot,2048,256,2,3.595455,3.424544,204
203,printf,2048,256,17,1.097491,0.903057,204
2030,void,2048,128,6,1.375538,1.204891,1496
2031,empty,2048,256,10,1.254657,1.084127,204
2032,printf,2048,64,10,0.976774,0.806690,11440
2033,empty,2048,128,3,2.348094,2.177205,1496
2034,extrae,2048,64,3,2.484800,2.314040,11440
2035,tikki,2048,256,18,1.093807,0.923199,204
2036,oot,2048,128,6,1.420732,1.206695,1496
2037,oot,2048,128,18,0.657869,0.487054,1496
2038,extrae,2048,128,3,2.342182,2.171664,1496
2039,tikki,2048,128,8,1.152590,0.981889,1496
204,extrae,2048,64,16,0.745698,0.575259,11440
2040,printf,2048,128,5,1.606428,1.392052,1496
2041,empty,2048,128,12,0.856565,0.686000,1496
2042,extrae,2048,64,20,0.676151,0.506024,11440
2043,tikki,2048,256,5,1.840662,1.669959,204
2044,printf,2048,64,16,0.685121,0.513780,11440
2045,empty,2048,128,7,1.237201,1.066322,1496
2046,tikki,2048,192,3,2.044989,1.874148,385
2047,scorep,2048,256,11,1.219333,1.047350,204
2048,extrae,2048,256,17,1.110439,0.940046,204
2049,extrae,2048,128,5,1.568090,1.398051,1496
205,void,2048,64,12,0.838819,0.666928,11440
2050,tikki,2048,256,11,1.255867,1.085756,204
2051,printf,2048,256,7,1.493096,1.321330,204
2052,empty,2048,192,18,0.699881,0.529111,385
2053,scorep,2048,128,12,0.861070,0.689883,1496
2054,tikki,2048,192,14,0.820168,0.648422,385
2055,empty,2048,192,11,0.886276,0.715088,385
2056,tikki,2048,64,20,0.644089,0.472739,11440
2057,extrae,2048,256,15,1.121438,0.951107,204
2058,scorep,2048,64,18,0.636450,0.465006,11440
2059,tikki,2048,192,6,1.284772,1.113819,385
206,oot,2048,128,13,0.814330,0.643768,1496
2060,tikki,2048,64,19,0.652358,0.481098,11440
2061,printf,2048,128,1,6.578146,6.406060,1496
2062,tikki,2048,128,11,0.963615,0.792126,1496
2063,printf,2048,128,11,0.911977,0.740313,1496
2064,oot,2048,128,11,0.910654,0.739105,1496
2065,void,2048,128,11,0.909945,0.739184,1496
2066,oot,2048,64,9,1.045952,0.874794,11440
2067,printf,2048,64,14,0.756648,0.584943,11440
2068,printf,2048,192,16,0.736789,0.565927,385
2069,tikki,2048,64,6,1.480503,1.308968,11440
207,scorep,2048,192,15,0.763686,0.591838,385
2070,empty,2048,128,4,1.815102,1.644129,1496
2071,extrae,2048,192,17,0.785523,0.615125,385
2072,scorep,2048,64,16,0.685611,0.514821,11440
2073,printf,2048,192,12,0.849643,0.678432,385
2074,scorep,2048,256,2,3.592283,3.421091,204
2075,empty,2048,128,15,0.740963,0.570101,1496
2076,tikki,2048,192,5,1.406742,1.235487,385
2077,extrae,2048,192,3,2.003300,1.832550,385
2078,empty,2048,192,8,1.065606,0.894570,385
2079,extrae,2048,128,6,1.385728,1.215355,1496
208,void,2048,256,19,1.042733,0.871790,204
2080,tikki,2048,256,14,1.135541,0.964198,204
2081,void,2048,192,2,2.875115,2.704361,385
2082,oot,2048,128,13,0.828218,0.644702,1496
2083,oot,2048,256,7,1.493833,1.322861,204
2084,empty,2048,64,5,1.598844,1.428354,11440
2085,oot,2048,64,19,0.610568,0.439420,11440
2086,void,2048,128,13,0.812941,0.642442,1496
2087,extrae,2048,128,15,0.792116,0.621841,1496
2088,extrae,2048,64,5,1.642851,1.472305,11440
2089,extrae,2048,128,9,1.064596,0.894797,1496
209,empty,2048,128,15,0.740394,0.569536,1496
2090,printf,2048,192,4,1.590753,1.419636,385
2091,printf,2048,256,16,1.079491,0.908079,204
2092,printf,2048,64,20,0.593462,0.422650,11440
2093,void,2048,192,20,0.678271,0.507551,385
2094,extrae,2048,192,19,0.746917,0.577315,385
2095,scorep,2048,192,18,0.704902,0.533765,385
2096,scorep,2048,256,13,1.165479,0.993716,204
2097,scorep,2048,256,17,1.064452,0.892721,204
2098,tikki,2048,192,7,1.159181,0.988150,385
2099,scorep,2048,192,14,0.777356,0.606751,385
21,oot,2048,64,2,3.588937,3.418190,11440
210,tikki,2048,192,2,2.921225,2.750133,385
2100,void,2048,64,17,0.654625,0.483670,11440
2101,scorep,2048,256,19,1.051438,0.880026,204
2102,void,2048,256,19,1.037129,0.866595,204
2103,oot,2048,256,17,1.061703,0.890708,204
2104,extrae,2048,256,2,3.597839,3.427713,204
2105,tikki,2048,256,7,1.529685,1.359278,204
2106,oot,2048,128,20,0.635964,0.453348,1496
2107,oot,2048,256,15,1.069160,0.898006,204
2108,empty,2048,128,6,1.372198,1.201710,1496
2109,tikki,2048,128,6,1.417339,1.246405,1496
211,empty,2048,192,14,0.770997,0.599471,385
2110,empty,2048,256,17,1.075029,0.904443,204
2111,void,2048,64,5,1.594812,1.422957,11440
2112,void,2048,256,5,1.763794,1.592417,204
2113,oot,2048,256,1,6.839162,6.668896,204
2114,scorep,2048,192,17,0.725476,0.555061,385
2115,void,2048,256,20,1.032657,0.861932,204
2116,extrae,2048,64,12,0.890857,0.720490,11440
2117,oot,2048,128,17,0.682122,0.511598,1496
2118,scorep,2048,256,5,1.799177,1.629062,204
2119,empty,2048,256,8,1.414969,1.244195,204
212,extrae,2048,128,10,1.010375,0.840416,1496
2120,extrae,2048,192,1,5.435434,5.265466,385
2121,extrae,2048,256,6,1.647007,1.476703,204
2122,void,2048,128,7,1.233525,1.062639,1496
2123,void,2048,256,1,6.829857,6.658751,204
2124,scorep,2048,64,20,0.594651,0.423728,11440
2125,scorep,2048,64,2,3.568182,3.397492,11440
2126,scorep,2048,256,9,1.326845,1.156291,204
2127,scorep,2048,128,15,0.746806,0.576155,1496
2128,empty,2048,64,20,0.586187,0.415684,11440
2129,tikki,2048,256,1,6.864987,6.693051,204
213,empty,2048,64,12,0.835547,0.664711,11440
2130,printf,2048,256,20,1.036530,0.865033,204
2131,extrae,2048,192,6,1.244905,1.074943,385
2132,void,2048,256,15,1.074474,0.904114,204
2133,oot,2048,192,8,1.063855,0.893618,385
2134,empty,2048,64,14,0.806881,0.579177,11440
2135,tikki,2048,256,6,1.682669,1.511407,204
2136,printf,2048,192,14,0.784246,0.613315,385
2137,printf,2048,64,18,0.632974,0.461245,11440
2138,empty,2048,128,19,0.635485,0.464837,1496
2139,extrae,2048,192,14,0.818048,0.647922,385
214,empty,2048,192,18,0.702488,0.531546,385
2140,tikki,2048,64,4,1.928294,1.757696,11440
2141,void,2048,192,1,5.450608,5.279894,385
2142,tikki,2048,192,20,0.723973,0.553866,385
2143,empty,2048,256,2,3.600760,3.429577,204
2144,printf,2048,192,19,0.686403,0.515286,385
2145,tikki,2048,128,17,0.718189,0.546335,1496
2146,empty,2048,128,13,0.816457,0.645011,1496
2147,void,2048,256,3,2.545245,2.374513,204
2148,printf,2048,256,3,2.539788,2.367655,204
2149,void,2048,64,14,0.749238,0.578120,11440
215,extrae,2048,128,3,2.366405,2.196354,1496
2150,empty,2048,192,16,0.732582,0.561779,385
2151,extrae,2048,256,7,1.497210,1.326812,204
2152,extrae,2048,256,3,2.565999,2.395299,204
2153,tikki,2048,192,9,1.040891,0.869939,385
2154,scorep,2048,256,1,6.825808,6.654760,204
2155,oot,2048,192,5,1.364968,1.194593,385
2156,tikki,2048,64,1,6.893606,6.722862,11440
2157,extrae,2048,256,12,1.203366,1.033441,204
2158,empty,2048,192,4,1.597440,1.426752,385
2159,printf,2048,192,1,5.456842,5.285136,385
216,oot,2048,64,17,0.654980,0.484043,11440
2160,void,2048,256,9,1.321663,1.151246,204
2161,printf,2048,128,2,3.400227,3.229367,1496
2162,oot,2048,128,8,1.121030,0.950289,1496
2163,scorep,2048,64,4,1.900849,1.729179,11440
2164,empty,2048,192,12,0.852258,0.682017,385
2165,printf,2048,128,8,1.137743,0.954193,1496
2166,extrae,2048,128,11,0.945009,0.774497,1496
2167,oot,2048,256,14,1.088203,0.917856,204
2168,oot,2048,128,10,0.980342,0.809631,1496
2169,printf,2048,256,2,3.596471,3.425077,204
217,empty,2048,192,4,1.588047,1.416465,385
2170,void,2048,64,20,0.586751,0.415863,11440
2171,empty,2048,128,16,0.705308,0.533773,1496
2172,void,2048,128,1,6.583583,6.412784,1496
2173,tikki,2048,256,9,1.354882,1.183857,204
2174,tikki,2048,192,8,1.116654,0.945686,385
2175,extrae,2048,128,1,6.600712,6.430134,1496
2176,oot,2048,192,16,0.733406,0.563015,385
2177,printf,2048,256,12,1.160881,0.989996,204
2178,oot,2048,64,18,0.633733,0.462341,11440
2179,void,2048,256,11,1.234218,1.063522,204
218,oot,2048,128,3,2.344796,2.174184,1496
2180,oot,2048,64,13,0.789555,0.618970,11440
2181,oot,2048,64,6,1.483425,1.255938,11440
2182,scorep,2048,256,4,2.018210,1.847415,204
2183,oot,2048,64,1,6.811185,6.640323,11440
2184,empty,2048,128,5,1.547812,1.377430,1496
2185,extrae,2048,192,11,0.914625,0.744530,385
2186,tikki,2048,64,5,1.656448,1.485480,11440
2187,extrae,2048,128,13,0.854834,0.685172,1496
2188,extrae,2048,64,6,1.427403,1.256603,11440
2189,scorep,2048,64,15,0.723397,0.550240,11440
219,oot,2048,256,4,2.016429,1.845491,204
2190,empty,2048,192,19,0.688863,0.517422,385
2191,oot,2048,64,5,1.596343,1.425524,11440
2192,void,2048,192,14,0.791240,0.620749,385
2193,empty,2048,64,9,1.032706,0.861268,11440
2194,oot,2048,128,3,2.359355,2.187288,1496
2195,oot,2048,128,4,1.820861,1.649771,1496
2196,empty,2048,256,13,1.153872,0.982887,204
2197,oot,2048,256,16,1.074246,0.890530,204
2198,printf,2048,256,15,1.075332,0.903210,204
2199,scorep,2048,64,6,1.404215,1.233894,11440
22,empty,2048,256,14,1.097621,0.926075,204
220,extrae,2048,256,2,3.601817,3.431841,204
2200,empty,2048,192,1,5.474744,5.303401,385
2201,oot,2048,128,15,0.741409,0.570797,1496
2202,extrae,2048,128,18,0.714373,0.543266,1496
2203,void,2048,256,8,1.416205,1.244706,204
2204,empty,2048,64,15,0.708104,0.537489,11440
2205,oot,2048,192,2,2.874383,2.703401,385
2206,empty,2048,192,3,1.992331,1.821894,385
2207,extrae,2048,128,2,3.412315,3.241867,1496
2208,extrae,2048,256,20,1.117321,0.942742,204
2209,tikki,2048,192,12,0.942809,0.726429,385
221,empty,2048,64,6,1.422429,1.252137,11440
2210,tikki,2048,256,4,2.048564,1.877504,204
2211,void,2048,64,1,6.807550,6.636658,11440
2212,oot,2048,192,4,1.591230,1.420549,385
2213,scorep,2048,128,3,2.343326,2.171563,1496
2214,empty,2048,192,9,0.995963,0.823982,385
2215,void,2048,128,10,0.975660,0.804462,1496
2216,extrae,2048,64,7,1.281530,1.111169,11440
2217,oot,2048,192,17,0.729192,0.558538,385
2218,extrae,2048,64,19,0.678161,0.508154,11440
2219,tikki,2048,192,1,5.492503,5.321922,385
222,oot,2048,128,2,3.401705,3.231159,1496
2220,scorep,2048,256,18,1.060427,0.889020,204
2221,extrae,2048,256,14,1.135289,0.964679,204
2222,extrae,2048,64,18,0.699902,0.529763,11440
2223,oot,2048,256,11,1.233367,1.061861,204
2224,void,2048,128,17,0.676317,0.505285,1496
2225,printf,2048,192,13,0.802996,0.631523,385
2226,tikki,2048,256,19,1.092538,0.922071,204
2227,tikki,2048,64,3,2.489017,2.318121,11440
2228,empty,2048,192,14,0.780658,0.609535,385
2229,void,2048,192,13,0.802619,0.631361,385
223,oot,2048,192,16,0.722780,0.552141,385
2230,void,2048,256,17,1.067912,0.897259,204
2231,scorep,2048,128,5,1.552525,1.381014,1496
2232,empty,2048,128,17,0.681747,0.510279,1496
2233,oot,2048,256,20,1.037422,0.867188,204
2234,tikki,2048,192,11,0.930242,0.759371,385
2235,oot,2048,256,6,1.645425,1.473324,204
2236,scorep,2048,64,13,0.793594,0.622600,11440
2237,oot,2048,64,16,0.685712,0.514207,11440
2238,scorep,2048,256,3,2.513795,2.343250,204
2239,extrae,2048,192,5,1.367427,1.197277,385
224,empty,2048,64,8,1.126905,0.956684,11440
2240,void,2048,192,11,0.884492,0.713362,385
2241,scorep,2048,64,1,6.810235,6.639066,11440
2242,void,2048,128,1,6.570310,6.398853,1496
2243,tikki,2048,64,5,1.643827,1.473007,11440
2244,tikki,2048,64,13,0.831291,0.660743,11440
2245,oot,2048,256,18,1.058951,0.887051,204
2246,printf,2048,192,10,0.940302,0.769471,385
2247,void,2048,128,20,0.619927,0.449102,1496
2248,extrae,2048,64,9,1.081836,0.911546,11440
2249,printf,2048,128,4,1.813618,1.641979,1496
225,empty,2048,128,10,0.980492,0.807965,1496
2250,tikki,2048,192,4,1.632948,1.462531,385
2251,tikki,2048,64,20,0.646906,0.476410,11440
2252,scorep,2048,256,14,1.101324,0.929203,204
2253,void,2048,256,2,3.598573,3.427736,204
2254,void,2048,192,20,0.689123,0.517758,385
2255,empty,2048,192,12,0.853087,0.682683,385
2256,oot,2048,192,3,2.005467,1.833752,385
2257,oot,2048,256,5,1.763848,1.592844,204
2258,tikki,2048,256,3,2.597901,2.426284,204
2259,void,2048,256,3,2.550885,2.379556,204
226,void,2048,128,14,0.782191,0.611084,1496
2260,oot,2048,128,4,1.822316,1.651835,1496
2261,void,2048,192,6,1.234005,1.063293,385
2262,tikki,2048,64,19,0.649858,0.479311,11440
2263,scorep,2048,256,10,1.265275,1.094532,204
2264,extrae,2048,128,20,0.717598,0.547453,1496
2265,extrae,2048,256,4,2.031436,1.861075,204
2266,empty,2048,64,8,1.122782,0.951854,11440
2267,extrae,2048,64,1,6.822612,6.651654,11440
2268,extrae,2048,256,2,3.600410,3.430366,204
2269,empty,2048,128,4,1.810496,1.637400,1496
227,tikki,2048,192,9,1.053765,0.871016,385
2270,oot,2048,128,9,1.038795,0.867479,1496
2271,tikki,2048,192,10,0.998030,0.826654,385
2272,printf,2048,128,9,1.040942,0.868761,1496
2273,extrae,2048,256,14,1.139435,0.968557,204
2274,scorep,2048,64,5,1.605558,1.433724,11440
2275,extrae,2048,64,19,0.675416,0.505070,11440
2276,printf,2048,64,3,2.455180,2.284145,11440
2277,scorep,2048,192,5,1.386819,1.216372,385
2278,empty,2048,256,14,1.092614,0.921691,204
2279,void,2048,64,20,0.588125,0.417274,11440
228,extrae,2048,64,2,3.650738,3.480357,11440
2280,scorep,2048,256,16,1.063672,0.892323,204
2281,oot,2048,128,19,0.634947,0.463887,1496
2282,tikki,2048,64,3,2.486044,2.315083,11440
2283,oot,2048,192,5,1.378414,1.207462,385
2284,void,2048,192,5,1.368346,1.197890,385
2285,printf,2048,192,19,0.689648,0.518619,385
2286,extrae,2048,64,10,1.013972,0.844293,11440
2287,extrae,2048,192,6,1.247265,1.076182,385
2288,scorep,2048,192,15,0.755858,0.584961,385
2289,void,2048,192,1,5.481609,5.310377,385
229,extrae,2048,64,13,0.851181,0.680689,11440
2290,empty,2048,256,8,1.414341,1.244137,204
2291,empty,2048,64,7,1.277357,1.106213,11440
2292,void,2048,192,17,0.726539,0.556055,385
2293,empty,2048,128,13,0.817096,0.645591,1496
2294,void,2048,64,8,1.122883,0.950353,11440
2295,printf,2048,128,15,0.741068,0.570184,1496
2296,empty,2048,192,3,2.005725,1.834811,385
2297,scorep,2048,192,11,0.892092,0.720908,385
2298,scorep,2048,256,15,1.077373,0.905879,204
2299,oot,2048,256,11,1.220531,1.049895,204
23,oot,2048,256,6,1.637198,1.466042,204
230,empty,2048,64,10,0.965184,0.794204,11440
2300,void,2048,128,10,0.978270,0.807624,1496
2301,extrae,2048,128,19,0.696610,0.526673,1496
2302,printf,2048,256,14,1.092479,0.921593,204
2303,empty,2048,256,9,1.322307,1.151589,204
2304,scorep,2048,128,19,0.643184,0.471924,1496
2305,extrae,2048,128,6,1.389267,1.217183,1496
2306,empty,2048,128,12,0.856706,0.686018,1496
2307,tikki,2048,128,17,0.736375,0.565293,1496
2308,extrae,2048,64,11,0.943338,0.773126,11440
2309,tikki,2048,192,19,0.740470,0.570012,385
231,empty,2048,256,1,6.884966,6.713899,204
2310,empty,2048,128,17,0.677435,0.506330,1496
2311,oot,2048,192,13,0.814260,0.642701,385
2312,oot,2048,128,17,0.674839,0.503391,1496
2313,tikki,2048,192,13,0.874085,0.703550,385
2314,empty,2048,64,16,0.678778,0.507786,11440
2315,empty,2048,128,9,1.038670,0.867535,1496
2316,tikki,2048,128,12,0.899544,0.728457,1496
2317,oot,2048,128,6,1.372818,1.202454,1496
2318,printf,2048,128,6,1.370155,1.199381,1496
2319,extrae,2048,64,12,0.890757,0.720488,11440
232,scorep,2048,256,3,2.524770,2.353039,204
2320,printf,2048,64,11,0.902849,0.732212,11440
2321,scorep,2048,128,16,0.713324,0.541907,1496
2322,scorep,2048,64,12,0.845904,0.674666,11440
2323,tikki,2048,128,2,3.443407,3.272770,1496
2324,oot,2048,192,19,0.692324,0.521187,385
2325,void,2048,256,9,1.321474,1.150692,204
2326,empty,2048,192,17,0.722786,0.551066,385
2327,oot,2048,128,8,1.121246,0.949839,1496
2328,printf,2048,192,16,0.740164,0.569170,385
2329,printf,2048,256,20,1.032917,0.861732,204
233,extrae,2048,64,8,1.161787,0.991554,11440
2330,printf,2048,256,10,1.303209,1.087397,204
2331,tikki,2048,192,1,5.498476,5.327480,385
2332,void,2048,64,4,1.878708,1.707827,11440
2333,void,2048,256,6,1.676687,1.462984,204
2334,tikki,2048,256,15,1.174004,0.960188,204
2335,printf,2048,64,15,0.714940,0.544106,11440
2336,printf,2048,128,1,6.594595,6.423383,1496
2337,oot,2048,128,11,0.897642,0.726752,1496
2338,tikki,2048,256,17,1.117388,0.945455,204
2339,void,2048,64,10,0.968683,0.797815,11440
234,tikki,2048,192,20,0.772863,0.558915,385
2340,tikki,2048,256,5,1.810631,1.639374,204
2341,printf,2048,192,17,0.724519,0.553545,385
2342,extrae,2048,256,15,1.122366,0.951599,204
2343,oot,2048,256,14,1.095574,0.924129,204
2344,extrae,2048,192,20,0.769308,0.599157,385
2345,extrae,2048,192,15,0.795639,0.625263,385
2346,oot,2048,256,17,1.057182,0.886671,204
2347,scorep,2048,192,17,0.727140,0.555146,385
2348,scorep,2048,64,18,0.636515,0.465111,11440
2349,empty,2048,128,10,0.979619,0.808424,1496
235,void,2048,192,5,1.393428,1.222811,385
2350,scorep,2048,256,20,1.034654,0.863732,204
2351,oot,2048,256,3,2.564019,2.391940,204
2352,tikki,2048,192,17,0.783301,0.600757,385
2353,printf,2048,192,13,0.837350,0.643060,385
2354,empty,2048,192,14,0.773845,0.602995,385
2355,void,2048,192,8,1.064725,0.893354,385
2356,tikki,2048,128,14,0.830876,0.660109,1496
2357,oot,2048,192,18,0.699837,0.528671,385
2358,extrae,2048,128,17,0.731578,0.560885,1496
2359,oot,2048,256,20,1.032990,0.862495,204
236,printf,2048,64,9,1.038841,0.868002,11440
2360,scorep,2048,256,12,1.167572,0.996373,204
2361,scorep,2048,64,7,1.254472,1.083952,11440
2362,empty,2048,192,20,0.688256,0.517258,385
2363,oot,2048,64,20,0.586962,0.415978,11440
2364,empty,2048,128,1,6.580279,6.409143,1496
2365,printf,2048,128,13,0.816080,0.644936,1496
2366,extrae,2048,64,6,1.430183,1.259807,11440
2367,scorep,2048,192,7,1.121735,0.949715,385
2368,printf,2048,64,14,0.754461,0.584237,11440
2369,tikki,2048,192,9,1.049878,0.868168,385
237,oot,2048,192,7,1.124010,0.953305,385
2370,oot,2048,192,14,0.766501,0.595599,385
2371,tikki,2048,64,15,0.759524,0.588222,11440
2372,tikki,2048,192,3,2.047509,1.877149,385
2373,scorep,2048,128,4,1.826874,1.656393,1496
2374,void,2048,64,13,0.787797,0.616732,11440
2375,empty,2048,256,13,1.119722,0.947249,204
2376,scorep,2048,64,9,1.039169,0.868679,11440
2377,tikki,2048,64,14,0.851422,0.638189,11440
2378,extrae,2048,192,1,5.454799,5.285090,385
2379,void,2048,64,5,1.602055,1.431200,11440
238,empty,2048,192,17,0.722587,0.551044,385
2380,printf,2048,256,18,1.061173,0.890409,204
2381,extrae,2048,192,4,1.599807,1.429940,385
2382,tikki,2048,64,6,1.464057,1.293386,11440
2383,printf,2048,256,17,1.061749,0.890800,204
2384,printf,2048,192,18,0.691317,0.520587,385
2385,tikki,2048,256,16,1.118527,0.947695,204
2386,scorep,2048,64,4,1.886082,1.714610,11440
2387,extrae,2048,256,7,1.506684,1.336630,204
2388,scorep,2048,192,12,0.855386,0.683441,385
2389,empty,2048,256,2,3.599304,3.428627,204
239,extrae,2048,128,20,0.737730,0.567568,1496
2390,extrae,2048,192,19,0.747685,0.577263,385
2391,printf,2048,256,16,1.060400,0.889755,204
2392,tikki,2048,128,20,0.663895,0.493514,1496
2393,oot,2048,192,1,5.444201,5.273057,385
2394,extrae,2048,128,15,0.793741,0.623373,1496
2395,oot,2048,64,4,1.895008,1.724243,11440
2396,empty,2048,256,12,1.163106,0.992514,204
2397,extrae,2048,128,10,1.008176,0.838439,1496
2398,printf,2048,128,3,2.342929,2.172331,1496
2399,empty,2048,256,18,1.053959,0.882857,204
24,void,2048,64,16,0.682626,0.512140,11440
240,printf,2048,256,8,1.413706,1.243563,204
2400,tikki,2048,64,7,1.331088,1.160126,11440
2401,void,2048,256,20,1.064074,0.864591,204
2402,oot,2048,192,11,0.885277,0.714869,385
2403,printf,2048,256,11,1.223459,1.051053,204
2404,scorep,2048,64,10,0.971823,0.801494,11440
2405,scorep,2048,192,10,0.942316,0.770454,385
2406,scorep,2048,256,3,2.515410,2.343506,204
2407,void,2048,192,10,0.941178,0.769679,385
2408,printf,2048,192,8,1.068911,0.897835,385
2409,scorep,2048,128,7,1.242262,1.071141,1496
241,scorep,2048,256,18,1.076263,0.903576,204
2410,extrae,2048,192,8,1.083040,0.912917,385
2411,extrae,2048,256,5,1.782644,1.612527,204
2412,scorep,2048,128,13,0.820049,0.648228,1496
2413,void,2048,192,11,0.885452,0.715067,385
2414,scorep,2048,192,9,0.995307,0.823612,385
2415,tikki,2048,64,8,1.179354,1.008579,11440
2416,tikki,2048,64,1,6.889011,6.718015,11440
2417,oot,2048,128,12,0.859212,0.688001,1496
2418,printf,2048,128,8,1.130366,0.959524,1496
2419,extrae,2048,256,17,1.109037,0.939260,204
242,extrae,2048,256,6,1.651809,1.480540,204
2420,extrae,2048,256,13,1.156039,0.986034,204
2421,printf,2048,192,7,1.130600,0.959130,385
2422,scorep,2048,256,4,2.019076,1.847801,204
2423,extrae,2048,256,9,1.340697,1.170390,204
2424,empty,2048,192,19,0.688789,0.518813,385
2425,void,2048,64,2,3.577903,3.407363,11440
2426,tikki,2048,128,1,6.582970,6.411034,1496
2427,empty,2048,256,19,1.051863,0.881479,204
2428,tikki,2048,192,12,0.889425,0.718711,385
2429,void,2048,64,6,1.397719,1.226920,11440
243,empty,2048,64,13,0.815666,0.621054,11440
2430,printf,2048,128,10,0.982167,0.811205,1496
2431,extrae,2048,64,18,0.700677,0.530227,11440
2432,empty,2048,128,3,2.345312,2.174892,1496
2433,scorep,2048,256,1,6.836375,6.663301,204
2434,empty,2048,192,1,5.448332,5.277044,385
2435,tikki,2048,64,12,0.889702,0.719463,11440
2436,void,2048,256,16,1.062833,0.891351,204
2437,void,2048,64,3,2.443693,2.272187,11440
2438,void,2048,64,16,0.683343,0.512617,11440
2439,void,2048,256,18,1.077597,0.906726,204
244,scorep,2048,128,11,0.912515,0.741532,1496
2440,tikki,2048,256,13,1.194319,1.022915,204
2441,extrae,2048,256,1,6.824759,6.654466,204
2442,printf,2048,192,5,1.368215,1.197065,385
2443,empty,2048,64,17,0.654332,0.483615,11440
2444,empty,2048,128,14,0.783843,0.612335,1496
2445,void,2048,256,19,1.041221,0.870225,204
2446,void,2048,64,12,0.837241,0.666161,11440
2447,oot,2048,128,3,2.342336,2.171604,1496
2448,void,2048,128,6,1.373034,1.202918,1496
2449,extrae,2048,128,3,2.357198,2.186823,1496
245,oot,2048,128,12,0.860890,0.689992,1496
2450,scorep,2048,192,18,0.707094,0.535951,385
2451,tikki,2048,256,6,1.695723,1.525194,204
2452,empty,2048,64,10,0.967552,0.796813,11440
2453,oot,2048,256,16,1.062066,0.891192,204
2454,empty,2048,64,11,0.896223,0.725637,11440
2455,empty,2048,256,4,2.004591,1.833930,204
2456,empty,2048,192,5,1.373328,1.201735,385
2457,printf,2048,64,16,0.715608,0.515543,11440
2458,extrae,2048,128,1,6.540256,6.370055,1496
2459,tikki,2048,256,10,1.300061,1.128596,204
246,oot,2048,256,12,1.162228,0.990651,204
2460,printf,2048,192,3,2.002382,1.831686,385
2461,printf,2048,256,15,1.105255,0.905874,204
2462,empty,2048,128,15,0.739026,0.567843,1496
2463,printf,2048,64,12,0.842184,0.670729,11440
2464,scorep,2048,192,19,0.690590,0.519693,385
2465,void,2048,128,14,0.781666,0.610876,1496
2466,printf,2048,256,4,2.039888,1.868546,204
2467,void,2048,128,17,0.677052,0.506259,1496
2468,printf,2048,256,6,1.642173,1.470568,204
2469,extrae,2048,128,18,0.714144,0.543837,1496
247,empty,2048,256,17,1.067900,0.896112,204
2470,void,2048,256,7,1.494275,1.323635,204
2471,tikki,2048,128,3,2.372484,2.201186,1496
2472,tikki,2048,128,19,0.692045,0.519893,1496
2473,void,2048,192,4,1.591231,1.420436,385
2474,printf,2048,192,20,0.687580,0.516789,385
2475,void,2048,192,12,0.851929,0.680787,385
2476,oot,2048,256,7,1.481649,1.310740,204
2477,scorep,2048,256,9,1.321019,1.149511,204
2478,extrae,2048,128,9,1.068497,0.898053,1496
2479,empty,2048,256,3,2.506006,2.335832,204
248,printf,2048,128,6,1.376120,1.204990,1496
2480,printf,2048,256,13,1.156454,0.985994,204
2481,void,2048,128,12,0.856611,0.686199,1496
2482,empty,2048,64,1,6.808032,6.637376,11440
2483,printf,2048,256,2,3.597670,3.427220,204
2484,empty,2048,128,18,0.657279,0.486810,1496
2485,extrae,2048,128,12,0.894860,0.724399,1496
2486,oot,2048,64,17,0.655112,0.485119,11440
2487,scorep,2048,128,10,1.006532,0.812024,1496
2488,void,2048,192,7,1.126712,0.954692,385
2489,printf,2048,128,11,0.912846,0.742257,1496
249,oot,2048,192,4,1.582214,1.411327,385
2490,extrae,2048,192,10,0.967461,0.797868,385
2491,scorep,2048,128,5,1.563649,1.392756,1496
2492,scorep,2048,128,9,1.039485,0.869332,1496
2493,void,2048,128,11,0.911238,0.740866,1496
2494,extrae,2048,256,6,1.648135,1.477269,204
2495,scorep,2048,192,14,0.794917,0.623410,385
2496,oot,2048,64,3,2.432897,2.261671,11440
2497,scorep,2048,128,12,0.862452,0.691841,1496
2498,printf,2048,192,14,0.790193,0.619385,385
2499,oot,2048,64,5,1.603217,1.432145,11440
25,void,2048,64,14,0.750702,0.579900,11440
250,extrae,2048,64,10,1.013709,0.843397,11440
2500,empty,2048,192,10,0.939270,0.768433,385
2501,void,2048,192,13,0.814720,0.643473,385
2502,void,2048,64,14,0.750290,0.579480,11440
2503,printf,2048,128,19,0.639510,0.468384,1496
2504,empty,2048,64,2,3.575133,3.403430,11440
2505,scorep,2048,64,19,0.612806,0.441797,11440
2506,void,2048,256,17,1.059861,0.888888,204
2507,extrae,2048,64,14,0.812119,0.641730,11440
2508,scorep,2048,256,11,1.215333,1.043941,204
2509,extrae,2048,128,16,0.761118,0.591332,1496
251,scorep,2048,128,5,1.569803,1.398774,1496
2510,scorep,2048,128,3,2.342020,2.169849,1496
2511,printf,2048,256,1,6.833270,6.662771,204
2512,tikki,2048,128,5,1.617022,1.446339,1496
2513,oot,2048,192,10,0.952352,0.769676,385
2514,empty,2048,256,5,1.771295,1.600906,204
2515,printf,2048,128,7,1.241440,1.069721,1496
2516,empty,2048,256,6,1.642308,1.471095,204
2517,empty,2048,128,7,1.236983,1.066087,1496
2518,extrae,2048,256,8,1.436099,1.265583,204
2519,oot,2048,128,10,0.980110,0.809084,1496
252,void,2048,256,13,1.159854,0.988815,204
2520,extrae,2048,256,11,1.246127,1.075988,204
2521,oot,2048,64,11,0.895967,0.724805,11440
2522,void,2048,128,15,0.738780,0.567816,1496
2523,extrae,2048,128,11,0.938041,0.767867,1496
2524,oot,2048,192,15,0.743016,0.572577,385
2525,oot,2048,128,15,0.743021,0.572008,1496
2526,extrae,2048,128,8,1.146105,0.975627,1496
2527,void,2048,192,9,0.987880,0.817440,385
2528,printf,2048,64,8,1.130725,0.959457,11440
2529,tikki,2048,256,20,1.067252,0.896025,204
253,oot,2048,192,18,0.695662,0.525311,385
2530,empty,2048,192,8,1.066759,0.896160,385
2531,scorep,2048,192,20,0.693213,0.522553,385
2532,scorep,2048,256,17,1.060807,0.889356,204
2533,empty,2048,64,14,0.752753,0.581495,11440
2534,oot,2048,128,2,3.412756,3.241739,1496
2535,printf,2048,128,17,0.678243,0.507116,1496
2536,tikki,2048,64,17,0.709197,0.538294,11440
2537,oot,2048,64,12,0.840251,0.669259,11440
2538,oot,2048,256,9,1.320036,1.148659,204
2539,oot,2048,192,9,0.993926,0.823055,385
254,empty,2048,256,12,1.163769,0.992900,204
2540,tikki,2048,192,11,0.922231,0.750615,385
2541,empty,2048,256,10,1.257560,1.086678,204
2542,oot,2048,64,7,1.278067,1.107055,11440
2543,empty,2048,64,3,2.448330,2.277246,11440
2544,void,2048,64,18,0.626006,0.454904,11440
2545,extrae,2048,192,9,1.018955,0.848228,385
2546,empty,2048,64,20,0.588267,0.417648,11440
2547,void,2048,128,13,0.814970,0.643901,1496
2548,empty,2048,64,13,0.789916,0.618930,11440
2549,tikki,2048,128,11,0.954789,0.784060,1496
255,void,2048,64,7,1.250430,1.078505,11440
2550,printf,2048,64,4,1.890986,1.720055,11440
2551,empty,2048,192,2,2.884234,2.712151,385
2552,tikki,2048,128,4,1.856060,1.684361,1496
2553,scorep,2048,64,16,0.687552,0.517296,11440
2554,printf,2048,256,7,1.492339,1.321329,204
2555,scorep,2048,64,8,1.140761,0.969332,11440
2556,empty,2048,192,9,0.993551,0.821858,385
2557,oot,2048,128,5,1.550773,1.380345,1496
2558,void,2048,256,13,1.116228,0.944934,204
2559,tikki,2048,256,1,6.891411,6.720436,204
256,printf,2048,256,2,3.602752,3.431784,204
2560,extrae,2048,64,20,0.687871,0.517636,11440
2561,scorep,2048,256,5,1.779055,1.608566,204
2562,tikki,2048,128,7,1.275182,1.104261,1496
2563,tikki,2048,128,6,1.413320,1.242068,1496
2564,printf,2048,64,19,0.611403,0.440031,11440
2565,void,2048,256,8,1.412025,1.240994,204
2566,void,2048,192,15,0.764537,0.593736,385
2567,printf,2048,256,19,1.056301,0.884591,204
2568,void,2048,256,1,6.826884,6.655880,204
2569,extrae,2048,256,18,1.107763,0.937183,204
257,extrae,2048,192,3,2.007759,1.836829,385
2570,printf,2048,128,14,0.779053,0.607995,1496
2571,printf,2048,192,6,1.236531,1.065735,385
2572,printf,2048,192,15,0.760300,0.589643,385
2573,scorep,2048,128,8,1.125659,0.953838,1496
2574,scorep,2048,64,13,0.794523,0.622433,11440
2575,extrae,2048,256,19,1.096961,0.926946,204
2576,tikki,2048,256,18,1.106374,0.935660,204
2577,oot,2048,128,13,0.817865,0.646417,1496
2578,oot,2048,128,18,0.657031,0.486341,1496
2579,empty,2048,192,4,1.589697,1.418511,385
258,scorep,2048,192,8,1.070782,0.900048,385
2580,extrae,2048,192,14,0.820325,0.650174,385
2581,oot,2048,192,20,0.684468,0.513358,385
2582,void,2048,64,19,0.608134,0.435727,11440
2583,void,2048,192,16,0.738766,0.568035,385
2584,scorep,2048,64,15,0.715636,0.545263,11440
2585,oot,2048,64,8,1.127631,0.956672,11440
2586,scorep,2048,64,20,0.594872,0.424001,11440
2587,void,2048,256,15,1.079497,0.909430,204
2588,extrae,2048,256,20,1.130750,0.960750,204
2589,scorep,2048,128,20,0.627016,0.456375,1496
259,tikki,2048,128,15,0.793532,0.622686,1496
2590,empty,2048,64,18,0.630542,0.458867,11440
2591,printf,2048,128,5,1.560785,1.389600,1496
2592,empty,2048,192,6,1.238769,1.067540,385
2593,oot,2048,192,17,0.731479,0.559919,385
2594,tikki,2048,192,15,0.814113,0.642972,385
2595,extrae,2048,64,17,0.719559,0.549563,11440
2596,scorep,2048,192,4,1.596925,1.426056,385
2597,extrae,2048,128,2,3.418944,3.248294,1496
2598,oot,2048,256,19,1.037147,0.866095,204
2599,empty,2048,64,6,1.422584,1.251129,11440
26,printf,2048,128,2,3.427372,3.256369,1496
260,tikki,2048,192,16,0.778009,0.606955,385
2600,tikki,2048,128,9,1.091331,0.920809,1496
2601,printf,2048,128,18,0.656615,0.485986,1496
2602,oot,2048,192,6,1.239795,1.068807,385
2603,oot,2048,256,13,1.155001,0.984762,204
2604,tikki,2048,192,20,0.722959,0.552670,385
2605,tikki,2048,192,16,0.775972,0.604945,385
2606,printf,2048,256,5,1.755385,1.584093,204
2607,extrae,2048,64,2,3.617380,3.446621,11440
2608,oot,2048,256,10,1.252282,1.081942,204
2609,extrae,2048,64,4,1.917987,1.748117,11440
261,printf,2048,128,18,0.658401,0.487037,1496
2610,extrae,2048,256,10,1.294291,1.124058,204
2611,tikki,2048,192,14,0.840888,0.670548,385
2612,tikki,2048,256,12,1.223083,1.052078,204
2613,oot,2048,64,6,1.421080,1.250163,11440
2614,oot,2048,64,14,0.750179,0.579251,11440
2615,empty,2048,128,16,0.705715,0.535038,1496
2616,tikki,2048,192,18,0.748963,0.577716,385
2617,scorep,2048,256,13,1.156013,0.985389,204
2618,tikki,2048,128,8,1.176627,1.005924,1496
2619,tikki,2048,128,16,0.757336,0.586330,1496
262,void,2048,64,18,0.630279,0.458907,11440
2620,extrae,2048,128,5,1.565268,1.394320,1496
2621,tikki,2048,256,2,3.629813,3.459580,204
2622,tikki,2048,64,10,1.019544,0.848935,11440
2623,extrae,2048,64,15,0.776132,0.605586,11440
2624,tikki,2048,64,11,0.935764,0.765680,11440
2625,tikki,2048,192,2,2.897204,2.726375,385
2626,extrae,2048,128,4,1.818165,1.647965,1496
2627,extrae,2048,192,16,0.789379,0.619383,385
2628,tikki,2048,64,9,1.081250,0.910258,11440
2629,scorep,2048,256,2,3.603851,3.433327,204
263,printf,2048,128,12,0.855711,0.685229,1496
2630,tikki,2048,256,14,1.129778,0.958494,204
2631,empty,2048,256,16,1.056034,0.885312,204
2632,printf,2048,64,18,0.633316,0.462369,11440
2633,void,2048,128,16,0.710104,0.538990,1496
2634,void,2048,256,5,1.777696,1.606833,204
2635,scorep,2048,192,8,1.068804,0.898015,385
2636,oot,2048,64,19,0.607814,0.437024,11440
2637,tikki,2048,256,11,1.254538,1.083909,204
2638,empty,2048,128,5,1.552769,1.381533,1496
2639,oot,2048,192,7,1.125116,0.954110,385
264,void,2048,128,7,1.241118,1.069461,1496
2640,extrae,2048,192,17,0.762569,0.591928,385
2641,scorep,2048,256,8,1.412517,1.242559,204
2642,scorep,2048,192,3,1.995740,1.824880,385
2643,void,2048,64,9,1.035515,0.864748,11440
2644,oot,2048,256,6,1.645737,1.474926,204
2645,extrae,2048,192,11,0.916923,0.746750,385
2646,printf,2048,128,12,0.854920,0.684315,1496
2647,extrae,2048,192,18,0.752191,0.581826,385
2648,printf,2048,128,20,0.623893,0.452727,1496
2649,tikki,2048,256,4,2.070798,1.899470,204
265,empty,2048,192,2,2.884525,2.713703,385
2650,oot,2048,256,12,1.164437,0.992860,204
2651,printf,2048,64,1,6.845526,6.674181,11440
2652,oot,2048,128,16,0.703772,0.533149,1496
2653,void,2048,128,9,1.038837,0.868063,1496
2654,empty,2048,192,13,0.806386,0.635335,385
2655,printf,2048,64,17,0.659752,0.487951,11440
2656,oot,2048,64,18,0.634322,0.462323,11440
2657,extrae,2048,64,3,2.470877,2.300280,11440
2658,scorep,2048,192,6,1.238661,1.067519,385
2659,oot,2048,192,16,0.737659,0.566683,385
266,scorep,2048,192,5,1.379624,1.208838,385
2660,printf,2048,64,2,3.579388,3.407594,11440
2661,extrae,2048,64,5,1.630022,1.459995,11440
2662,empty,2048,64,19,0.609726,0.438186,11440
2663,empty,2048,256,11,1.218267,1.047626,204
2664,empty,2048,128,19,0.636391,0.465117,1496
2665,extrae,2048,256,12,1.216962,1.046047,204
2666,oot,2048,64,2,3.583190,3.412355,11440
2667,void,2048,192,2,2.879989,2.709331,385
2668,oot,2048,256,2,3.594993,3.424258,204
2669,printf,2048,192,9,0.990691,0.819266,385
267,extrae,2048,256,11,1.245032,1.074433,204
2670,scorep,2048,64,17,0.661376,0.490755,11440
2671,oot,2048,256,15,1.086458,0.915698,204
2672,void,2048,128,19,0.636215,0.464951,1496
2673,void,2048,256,14,1.092249,0.921527,204
2674,empty,2048,192,16,0.736693,0.566244,385
2675,oot,2048,192,8,1.066026,0.895320,385
2676,empty,2048,192,7,1.122888,0.951797,385
2677,scorep,2048,128,14,0.787259,0.615842,1496
2678,printf,2048,128,16,0.706426,0.535503,1496
2679,oot,2048,64,10,0.970963,0.799579,11440
268,void,2048,192,13,0.804048,0.632904,385
2680,empty,2048,128,8,1.108549,0.938042,1496
2681,printf,2048,64,20,0.587366,0.416285,11440
2682,void,2048,128,5,1.557871,1.386866,1496
2683,void,2048,192,18,0.699466,0.527604,385
2684,scorep,2048,64,14,0.751119,0.579844,11440
2685,scorep,2048,64,6,1.431154,1.258981,11440
2686,void,2048,64,15,0.712632,0.540559,11440
2687,tikki,2048,256,19,1.089775,0.919036,204
2688,tikki,2048,64,16,0.736161,0.565290,11440
2689,void,2048,64,11,0.894945,0.723836,11440
269,oot,2048,64,5,1.644277,1.428195,11440
2690,void,2048,128,18,0.685900,0.486253,1496
2691,oot,2048,192,12,0.854282,0.683506,385
2692,scorep,2048,64,11,0.903274,0.731739,11440
2693,void,2048,128,4,1.810987,1.639800,1496
2694,void,2048,128,3,2.337343,2.165879,1496
2695,scorep,2048,128,1,6.622741,6.451525,1496
2696,extrae,2048,64,13,0.847408,0.677070,11440
2697,extrae,2048,128,14,0.822178,0.651794,1496
2698,empty,2048,192,11,0.885664,0.714997,385
2699,scorep,2048,64,2,3.574002,3.403518,11440
27,empty,2048,64,4,1.880887,1.709179,11440
270,extrae,2048,256,15,1.119671,0.949163,204
2700,void,2048,256,11,1.237394,1.066779,204
2701,tikki,2048,192,8,1.109403,0.938686,385
2702,empty,2048,128,6,1.372917,1.202026,1496
2703,printf,2048,64,9,1.043130,0.871017,11440
2704,tikki,2048,64,2,3.610647,3.439220,11440
2705,printf,2048,256,12,1.183357,1.012727,204
2706,scorep,2048,192,2,2.869584,2.697845,385
2707,oot,2048,128,14,0.783995,0.612183,1496
2708,printf,2048,64,10,0.975887,0.804748,11440
2709,oot,2048,192,4,1.583527,1.412685,385
271,oot,2048,128,18,0.657117,0.486503,1496
2710,oot,2048,128,1,6.633833,6.463254,1496
2711,tikki,2048,64,4,1.924207,1.753031,11440
2712,printf,2048,256,3,2.517572,2.346777,204
2713,oot,2048,64,9,1.035081,0.864636,11440
2714,void,2048,64,7,1.273988,1.103077,11440
2715,void,2048,128,8,1.119236,0.948054,1496
2716,tikki,2048,128,15,0.792018,0.621563,1496
2717,void,2048,192,3,1.995367,1.823964,385
2718,printf,2048,256,8,1.413081,1.242413,204
2719,extrae,2048,64,8,1.164371,0.994158,11440
272,empty,2048,64,5,1.595060,1.423830,11440
2720,oot,2048,64,16,0.684739,0.513873,11440
2721,empty,2048,256,7,1.488188,1.317354,204
2722,scorep,2048,256,6,1.646101,1.474917,204
2723,scorep,2048,256,18,1.069331,0.899339,204
2724,extrae,2048,192,7,1.139449,0.969207,385
2725,printf,2048,64,7,1.260524,1.089565,11440
2726,void,2048,192,14,0.815110,0.615129,385
2727,void,2048,256,4,2.032014,1.860818,204
2728,extrae,2048,64,16,0.746165,0.576328,11440
2729,oot,2048,256,4,2.003953,1.833062,204
273,printf,2048,64,13,0.796170,0.625291,11440
2730,extrae,2048,192,13,0.852561,0.682871,385
2731,scorep,2048,128,11,0.913988,0.742342,1496
2732,scorep,2048,128,15,0.747245,0.576020,1496
2733,tikki,2048,256,7,1.536363,1.365341,204
2734,extrae,2048,128,7,1.259448,1.089165,1496
2735,empty,2048,128,2,3.428940,3.258366,1496
2736,oot,2048,192,2,2.864764,2.694145,385
2737,printf,2048,192,11,0.889695,0.718804,385
2738,scorep,2048,192,13,0.811259,0.639892,385
2739,oot,2048,64,15,0.717519,0.546513,11440
274,printf,2048,192,7,1.135195,0.953126,385
2740,printf,2048,192,2,2.869215,2.698051,385
2741,extrae,2048,192,5,1.382562,1.211696,385
2742,empty,2048,128,20,0.620353,0.449451,1496
2743,empty,2048,64,4,1.876207,1.704949,11440
2744,scorep,2048,128,6,1.376788,1.205374,1496
2745,extrae,2048,192,12,0.885880,0.715492,385
2746,extrae,2048,128,13,0.856855,0.686964,1496
2747,empty,2048,64,15,0.713693,0.542210,11440
2748,tikki,2048,192,6,1.280395,1.109412,385
2749,scorep,2048,192,1,5.473180,5.302643,385
275,tikki,2048,256,16,1.100556,0.929878,204
2750,oot,2048,256,8,1.408274,1.237680,204
2751,oot,2048,64,1,6.820140,6.636945,11440
2752,tikki,2048,128,13,0.864220,0.692870,1496
2753,extrae,2048,192,2,2.875703,2.705662,385
2754,void,2048,64,17,0.650615,0.479657,11440
2755,empty,2048,64,12,0.840061,0.669330,11440
2756,tikki,2048,64,18,0.683285,0.511984,11440
2757,printf,2048,192,12,0.851371,0.679950,385
2758,printf,2048,64,6,1.431593,1.259470,11440
2759,oot,2048,128,20,0.624622,0.453461,1496
276,extrae,2048,128,12,0.893810,0.723469,1496
2760,empty,2048,256,20,1.031981,0.860285,204
2761,tikki,2048,128,10,1.019147,0.848431,1496
2762,extrae,2048,64,7,1.283013,1.112871,11440
2763,empty,2048,256,17,1.061445,0.890792,204
2764,tikki,2048,192,5,1.409690,1.238870,385
2765,extrae,2048,256,16,1.110141,0.940385,204
2766,empty,2048,192,15,0.761425,0.590364,385
2767,oot,2048,256,1,6.834012,6.663330,204
2768,void,2048,192,19,0.685816,0.515087,385
2769,scorep,2048,192,16,0.737594,0.566978,385
277,oot,2048,192,8,1.069857,0.898541,385
2770,printf,2048,192,1,5.496410,5.325815,385
2771,empty,2048,128,11,0.912923,0.741366,1496
2772,tikki,2048,256,9,1.363192,1.192262,204
2773,scorep,2048,256,7,1.493411,1.321960,204
2774,empty,2048,256,15,1.072257,0.900940,204
2775,printf,2048,128,2,3.399353,3.228494,1496
2776,tikki,2048,192,7,1.167179,0.995540,385
2777,oot,2048,128,7,1.238559,1.067614,1496
2778,scorep,2048,256,19,1.038516,0.867708,204
2779,void,2048,128,2,3.402526,3.231514,1496
278,printf,2048,64,14,0.753601,0.582365,11440
2780,void,2048,256,10,1.256833,1.086224,204
2781,tikki,2048,128,18,0.704582,0.533029,1496
2782,void,2048,64,1,6.803646,6.632600,11440
2783,extrae,2048,192,3,2.019190,1.849342,385
2784,scorep,2048,128,17,0.679518,0.507567,1496
2785,oot,2048,64,13,0.788521,0.617644,11440
2786,extrae,2048,256,3,2.522493,2.351643,204
2787,void,2048,256,12,1.183271,1.012333,204
2788,scorep,2048,128,2,3.401832,3.230260,1496
2789,void,2048,128,7,1.239305,1.067838,1496
279,empty,2048,64,2,3.562301,3.391240,11440
2790,printf,2048,256,9,1.319568,1.148551,204
2791,printf,2048,64,5,1.629367,1.457198,11440
2792,printf,2048,64,13,0.797529,0.626330,11440
2793,tikki,2048,256,8,1.456457,1.284768,204
2794,empty,2048,64,5,1.613991,1.441772,11440
2795,empty,2048,192,18,0.699936,0.528565,385
2796,scorep,2048,64,3,2.455264,2.282469,11440
2797,empty,2048,64,9,1.033577,0.862734,11440
2798,printf,2048,192,4,1.586036,1.414628,385
2799,scorep,2048,128,18,0.662813,0.490880,1496
28,extrae,2048,256,12,1.205384,1.034553,204
280,oot,2048,192,14,0.790740,0.620108,385
2800,empty,2048,256,1,6.876290,6.705668,204
2801,tikki,2048,128,1,6.621308,6.450237,1496
2802,tikki,2048,192,9,1.026419,0.855265,385
2803,tikki,2048,192,5,1.394514,1.223819,385
2804,void,2048,192,17,0.727715,0.557277,385
2805,extrae,2048,256,5,1.785934,1.615445,204
2806,scorep,2048,192,12,0.851039,0.680332,385
2807,tikki,2048,128,10,1.021709,0.850843,1496
2808,tikki,2048,128,4,1.858314,1.687348,1496
2809,scorep,2048,192,19,0.692883,0.521578,385
281,extrae,2048,128,19,0.692373,0.522595,1496
2810,empty,2048,64,13,0.791019,0.620271,11440
2811,scorep,2048,128,19,0.639107,0.467049,1496
2812,empty,2048,256,9,1.321472,1.149871,204
2813,tikki,2048,256,1,6.877934,6.707286,204
2814,empty,2048,256,6,1.644830,1.474288,204
2815,extrae,2048,64,8,1.177213,1.006231,11440
2816,scorep,2048,64,18,0.638191,0.466474,11440
2817,tikki,2048,64,19,0.654033,0.483165,11440
2818,void,2048,192,16,0.756796,0.585990,385
2819,scorep,2048,64,6,1.427906,1.256852,11440
282,oot,2048,128,8,1.171797,0.955565,1496
2820,scorep,2048,256,17,1.065033,0.893485,204
2821,empty,2048,64,6,1.399490,1.226758,11440
2822,scorep,2048,64,19,0.614279,0.443431,11440
2823,empty,2048,256,14,1.091327,0.920686,204
2824,printf,2048,256,18,1.041585,0.871051,204
2825,extrae,2048,192,19,0.745792,0.575844,385
2826,void,2048,256,5,1.771660,1.601580,204
2827,oot,2048,256,18,1.055796,0.884584,204
2828,printf,2048,128,2,3.412717,3.241411,1496
2829,tikki,2048,192,15,0.804139,0.633802,385
283,empty,2048,192,1,5.430400,5.258445,385
2830,empty,2048,128,6,1.376829,1.206058,1496
2831,void,2048,64,13,0.791376,0.620039,11440
2832,empty,2048,128,19,0.634801,0.463585,1496
2833,empty,2048,128,12,0.855847,0.685057,1496
2834,tikki,2048,64,8,1.161057,0.990249,11440
2835,extrae,2048,256,15,1.123895,0.953577,204
2836,extrae,2048,256,17,1.119920,0.949345,204
2837,printf,2048,64,14,0.750391,0.579925,11440
2838,scorep,2048,64,13,0.798264,0.626197,11440
2839,scorep,2048,256,11,1.213133,1.041697,204
284,printf,2048,128,17,0.679463,0.507623,1496
2840,tikki,2048,256,3,2.566567,2.395848,204
2841,extrae,2048,128,13,0.854518,0.683989,1496
2842,oot,2048,128,20,0.623896,0.452520,1496
2843,oot,2048,192,5,1.378481,1.208144,385
2844,empty,2048,128,10,0.977428,0.806893,1496
2845,empty,2048,64,17,0.652748,0.481628,11440
2846,printf,2048,64,6,1.429173,1.258958,11440
2847,extrae,2048,128,11,0.945767,0.775352,1496
2848,void,2048,128,10,0.980097,0.809332,1496
2849,tikki,2048,256,4,2.029234,1.858764,204
285,tikki,2048,64,8,1.165747,0.994797,11440
2850,empty,2048,192,16,0.740653,0.569981,385
2851,empty,2048,64,9,1.038111,0.867598,11440
2852,empty,2048,128,17,0.677691,0.506034,1496
2853,extrae,2048,256,3,2.517314,2.346936,204
2854,printf,2048,256,10,1.259345,1.088688,204
2855,extrae,2048,128,3,2.356183,2.186055,1496
2856,scorep,2048,128,10,0.984329,0.813544,1496
2857,oot,2048,256,5,1.779322,1.608298,204
2858,empty,2048,256,10,1.253543,1.082340,204
2859,empty,2048,128,11,0.910609,0.739921,1496
286,extrae,2048,128,2,3.417375,3.247038,1496
2860,void,2048,128,4,1.813987,1.642982,1496
2861,void,2048,64,17,0.664860,0.481429,11440
2862,scorep,2048,192,9,0.994953,0.824095,385
2863,printf,2048,192,3,2.014666,1.844117,385
2864,oot,2048,128,10,0.980864,0.809238,1496
2865,void,2048,192,6,1.232270,1.061846,385
2866,empty,2048,256,1,6.879323,6.708797,204
2867,printf,2048,192,20,0.689285,0.518314,385
2868,scorep,2048,128,12,0.859728,0.688375,1496
2869,empty,2048,192,4,1.588210,1.417479,385
287,extrae,2048,192,9,1.016307,0.845623,385
2870,printf,2048,128,15,0.743425,0.572388,1496
2871,empty,2048,128,14,0.781969,0.610781,1496
2872,printf,2048,192,6,1.233091,1.062208,385
2873,scorep,2048,128,11,0.916076,0.744387,1496
2874,oot,2048,64,10,0.965804,0.795176,11440
2875,scorep,2048,128,4,1.849072,1.650983,1496
2876,void,2048,64,8,1.121802,0.951036,11440
2877,oot,2048,128,12,0.856714,0.685680,1496
2878,printf,2048,64,19,0.609069,0.438232,11440
2879,scorep,2048,192,10,0.947500,0.775904,385
288,scorep,2048,256,9,1.319626,1.148998,204
2880,printf,2048,64,17,0.657983,0.485846,11440
2881,scorep,2048,128,8,1.120902,0.948879,1496
2882,empty,2048,128,5,1.548479,1.377066,1496
2883,extrae,2048,64,14,0.808300,0.638458,11440
2884,void,2048,128,1,6.555784,6.384715,1496
2885,void,2048,256,8,1.417063,1.245846,204
2886,extrae,2048,256,16,1.107572,0.937851,204
2887,scorep,2048,256,9,1.324246,1.152150,204
2888,printf,2048,64,12,0.844434,0.673321,11440
2889,tikki,2048,128,13,0.862740,0.691734,1496
289,empty,2048,128,3,2.347917,2.176767,1496
2890,tikki,2048,256,7,1.541809,1.369830,204
2891,tikki,2048,256,5,1.825570,1.654195,204
2892,empty,2048,192,20,0.683785,0.512214,385
2893,tikki,2048,192,6,1.270255,1.099105,385
2894,printf,2048,256,19,1.056484,0.885420,204
2895,extrae,2048,256,1,6.838135,6.668089,204
2896,printf,2048,128,18,0.657646,0.485791,1496
2897,printf,2048,256,7,1.480007,1.309187,204
2898,tikki,2048,128,14,0.823893,0.652597,1496
2899,oot,2048,256,3,2.526295,2.355213,204
29,tikki,2048,128,19,0.691357,0.520360,1496
290,void,2048,256,5,1.759110,1.588357,204
2900,empty,2048,192,15,0.747886,0.576911,385
2901,void,2048,128,2,3.423017,3.251324,1496
2902,tikki,2048,192,19,0.737616,0.566530,385
2903,extrae,2048,64,3,2.471860,2.301434,11440
2904,tikki,2048,192,11,0.924209,0.753447,385
2905,oot,2048,256,12,1.175213,1.003128,204
2906,tikki,2048,64,18,0.675421,0.504388,11440
2907,tikki,2048,128,8,1.149411,0.978392,1496
2908,scorep,2048,192,15,0.761404,0.589499,385
2909,oot,2048,192,10,0.942214,0.770630,385
291,oot,2048,192,2,2.864059,2.693465,385
2910,void,2048,128,9,1.041592,0.870864,1496
2911,extrae,2048,64,17,0.719547,0.549453,11440
2912,oot,2048,256,19,1.045136,0.872833,204
2913,empty,2048,192,18,0.700339,0.529808,385
2914,void,2048,128,20,0.620860,0.449807,1496
2915,scorep,2048,128,1,6.597883,6.427619,1496
2916,scorep,2048,64,17,0.659901,0.488909,11440
2917,empty,2048,64,19,0.603410,0.432362,11440
2918,scorep,2048,64,12,0.841126,0.670432,11440
2919,scorep,2048,128,18,0.663425,0.492093,1496
292,empty,2048,192,10,0.937871,0.767024,385
2920,tikki,2048,64,11,0.946954,0.775785,11440
2921,empty,2048,192,9,0.990961,0.820097,385
2922,tikki,2048,128,5,1.599190,1.428265,1496
2923,empty,2048,128,7,1.238498,1.067862,1496
2924,oot,2048,192,2,2.910576,2.694077,385
2925,printf,2048,128,1,6.591725,6.420770,1496
2926,tikki,2048,128,11,0.938824,0.768163,1496
2927,void,2048,64,15,0.713460,0.542300,11440
2928,empty,2048,128,18,0.657675,0.486628,1496
2929,printf,2048,64,16,0.684563,0.513849,11440
293,void,2048,64,9,1.034685,0.863824,11440
2930,void,2048,256,16,1.058205,0.886777,204
2931,printf,2048,256,9,1.321438,1.150252,204
2932,empty,2048,256,13,1.157931,0.986782,204
2933,printf,2048,256,8,1.411749,1.240922,204
2934,printf,2048,64,15,0.716975,0.545412,11440
2935,extrae,2048,256,18,1.128527,0.958128,204
2936,void,2048,64,6,1.419407,1.248247,11440
2937,tikki,2048,192,4,1.645137,1.474485,385
2938,tikki,2048,256,10,1.327285,1.144284,204
2939,printf,2048,128,11,0.907961,0.736625,1496
294,scorep,2048,256,20,1.041539,0.870091,204
2940,tikki,2048,128,19,0.689693,0.517974,1496
2941,printf,2048,64,9,1.037301,0.866539,11440
2942,tikki,2048,192,1,5.502166,5.329562,385
2943,extrae,2048,256,2,3.600023,3.429957,204
2944,empty,2048,192,5,1.372829,1.202624,385
2945,oot,2048,192,4,1.592112,1.420437,385
2946,void,2048,256,14,1.091771,0.920766,204
2947,oot,2048,128,7,1.238862,1.068001,1496
2948,void,2048,256,3,2.564763,2.393898,204
2949,scorep,2048,64,3,2.462952,2.292042,11440
295,tikki,2048,64,1,6.889342,6.718354,11440
2950,printf,2048,64,13,0.792161,0.621684,11440
2951,empty,2048,64,2,3.562304,3.391436,11440
2952,oot,2048,128,16,0.754957,0.541039,1496
2953,printf,2048,192,4,1.580562,1.409534,385
2954,printf,2048,256,4,2.024345,1.852734,204
2955,scorep,2048,64,2,3.568188,3.396949,11440
2956,void,2048,64,4,1.878647,1.707010,11440
2957,empty,2048,256,2,3.603566,3.432666,204
2958,empty,2048,128,4,1.815605,1.644586,1496
2959,void,2048,256,15,1.079551,0.908019,204
296,scorep,2048,256,13,1.153515,0.983602,204
2960,printf,2048,128,7,1.236922,1.066426,1496
2961,oot,2048,128,11,0.912420,0.741227,1496
2962,oot,2048,64,12,0.839229,0.668276,11440
2963,empty,2048,256,3,2.509219,2.337518,204
2964,extrae,2048,128,18,0.712658,0.542034,1496
2965,scorep,2048,64,20,0.595468,0.424758,11440
2966,printf,2048,128,3,2.345580,2.174864,1496
2967,scorep,2048,192,6,1.241144,1.070097,385
2968,empty,2048,192,13,0.804154,0.633454,385
2969,void,2048,256,9,1.317999,1.147004,204
297,empty,2048,256,5,1.786224,1.614472,204
2970,oot,2048,192,6,1.235092,1.064554,385
2971,tikki,2048,192,14,0.821265,0.649215,385
2972,extrae,2048,192,14,0.835572,0.665111,385
2973,void,2048,256,13,1.111521,0.940678,204
2974,scorep,2048,192,2,2.877372,2.706123,385
2975,scorep,2048,64,16,0.688393,0.515945,11440
2976,printf,2048,256,20,1.032561,0.861399,204
2977,oot,2048,64,11,0.896016,0.725178,11440
2978,oot,2048,256,2,3.598738,3.428096,204
2979,printf,2048,192,10,0.938802,0.768066,385
298,scorep,2048,192,11,0.889937,0.718788,385
2980,void,2048,256,10,1.260101,1.088719,204
2981,void,2048,192,9,0.989051,0.817806,385
2982,printf,2048,64,10,0.971695,0.799675,11440
2983,empty,2048,64,15,0.710546,0.538881,11440
2984,oot,2048,64,18,0.632130,0.460925,11440
2985,tikki,2048,128,20,0.666153,0.494705,1496
2986,void,2048,64,18,0.630637,0.459854,11440
2987,tikki,2048,64,9,1.077858,0.906587,11440
2988,void,2048,64,14,0.749382,0.577501,11440
2989,oot,2048,192,15,0.755040,0.584243,385
299,printf,2048,256,6,1.642023,1.470524,204
2990,extrae,2048,64,12,0.892433,0.721911,11440
2991,scorep,2048,64,4,1.901486,1.730333,11440
2992,oot,2048,256,17,1.038954,0.868439,204
2993,scorep,2048,64,10,0.971155,0.798587,11440
2994,scorep,2048,128,9,1.043834,0.872816,1496
2995,extrae,2048,64,16,0.744034,0.574025,11440
2996,oot,2048,64,1,6.813605,6.642346,11440
2997,printf,2048,256,3,2.518237,2.347523,204
2998,printf,2048,128,9,1.040913,0.869899,1496
2999,scorep,2048,192,14,0.796844,0.626241,385
3,printf,2048,128,16,0.705579,0.534221,1496
30,void,2048,192,12,0.850816,0.679114,385
300,void,2048,128,17,0.676791,0.505918,1496
3000,extrae,2048,256,9,1.339796,1.169326,204
3001,empty,2048,256,11,1.218122,1.047538,204
3002,void,2048,192,15,0.750669,0.580498,385
3003,tikki,2048,64,1,6.893178,6.721501,11440
3004,scorep,2048,64,11,0.897192,0.726041,11440
3005,printf,2048,128,14,0.782205,0.611951,1496
3006,empty,2048,128,3,2.338029,2.167373,1496
3007,tikki,2048,64,13,0.839753,0.668910,11440
3008,empty,2048,64,10,0.965534,0.794589,11440
3009,printf,2048,192,8,1.068375,0.897680,385
301,scorep,2048,128,10,0.983322,0.811345,1496
3010,scorep,2048,192,11,0.890994,0.719531,385
3011,empty,2048,256,18,1.052086,0.881272,204
3012,scorep,2048,128,5,1.581916,1.398210,1496
3013,void,2048,128,7,1.234692,1.063581,1496
3014,printf,2048,128,12,0.861978,0.691432,1496
3015,tikki,2048,192,3,2.038208,1.867852,385
3016,void,2048,256,19,1.051753,0.880832,204
3017,printf,2048,256,17,1.065808,0.894737,204
3018,empty,2048,64,5,1.618783,1.448267,11440
3019,void,2048,192,4,1.588820,1.417897,385
302,tikki,2048,256,18,1.098198,0.927394,204
3020,oot,2048,128,2,3.407077,3.235743,1496
3021,empty,2048,256,19,1.036817,0.865838,204
3022,printf,2048,256,13,1.157481,0.985886,204
3023,scorep,2048,128,7,1.239639,1.067663,1496
3024,oot,2048,128,1,6.553662,6.382297,1496
3025,empty,2048,192,11,0.897015,0.715184,385
3026,printf,2048,128,17,0.678686,0.507056,1496
3027,printf,2048,192,5,1.362737,1.191619,385
3028,tikki,2048,256,14,1.129687,0.959155,204
3029,tikki,2048,192,10,0.975701,0.805294,385
303,oot,2048,64,9,1.034814,0.863561,11440
3030,void,2048,128,3,2.351922,2.180578,1496
3031,extrae,2048,192,9,1.017208,0.846597,385
3032,oot,2048,128,6,1.376371,1.205365,1496
3033,oot,2048,64,13,0.796253,0.625045,11440
3034,oot,2048,192,1,5.454268,5.283439,385
3035,empty,2048,64,16,0.681652,0.510505,11440
3036,empty,2048,64,18,0.629262,0.458084,11440
3037,extrae,2048,192,15,0.798520,0.628701,385
3038,tikki,2048,64,17,0.695001,0.523478,11440
3039,printf,2048,128,16,0.709858,0.538805,1496
304,scorep,2048,192,19,0.691923,0.520694,385
3040,extrae,2048,64,15,0.801649,0.607435,11440
3041,empty,2048,192,7,1.127042,0.955964,385
3042,void,2048,64,5,1.594480,1.423056,11440
3043,oot,2048,256,15,1.078286,0.906762,204
3044,extrae,2048,192,20,0.800179,0.622082,385
3045,empty,2048,256,20,1.032190,0.860795,204
3046,scorep,2048,256,10,1.255298,1.084184,204
3047,extrae,2048,192,10,0.968468,0.798777,385
3048,oot,2048,128,18,0.655993,0.485324,1496
3049,extrae,2048,128,9,1.068635,0.898394,1496
305,void,2048,256,7,1.477761,1.306614,204
3050,tikki,2048,256,9,1.368772,1.197683,204
3051,printf,2048,256,12,1.181459,1.010481,204
3052,scorep,2048,256,7,1.496278,1.324281,204
3053,extrae,2048,128,12,0.894131,0.723026,1496
3054,extrae,2048,128,8,1.137514,0.966852,1496
3055,extrae,2048,64,13,0.845629,0.675845,11440
3056,empty,2048,192,19,0.688347,0.516896,385
3057,oot,2048,256,7,1.490371,1.319696,204
3058,oot,2048,192,14,0.765985,0.594733,385
3059,void,2048,64,9,1.033975,0.863465,11440
306,tikki,2048,128,3,2.402208,2.231048,1496
3060,extrae,2048,128,17,0.729479,0.559061,1496
3061,tikki,2048,64,2,3.612052,3.441254,11440
3062,void,2048,128,6,1.358834,1.187336,1496
3063,oot,2048,192,7,1.127123,0.956093,385
3064,tikki,2048,256,11,1.263750,1.092393,204
3065,void,2048,256,4,2.000617,1.830219,204
3066,void,2048,256,12,1.167129,0.996099,204
3067,oot,2048,64,4,1.903332,1.732122,11440
3068,empty,2048,128,13,0.814003,0.642904,1496
3069,void,2048,64,12,0.834306,0.663435,11440
307,scorep,2048,256,7,1.487195,1.316186,204
3070,scorep,2048,192,4,1.599246,1.428534,385
3071,tikki,2048,256,15,1.111711,0.941396,204
3072,oot,2048,192,11,0.885601,0.714329,385
3073,extrae,2048,256,6,1.653518,1.482452,204
3074,extrae,2048,64,1,6.834549,6.664883,11440
3075,oot,2048,192,20,0.686995,0.515578,385
3076,empty,2048,192,8,1.067993,0.896526,385
3077,empty,2048,192,6,1.232321,1.061391,385
3078,tikki,2048,256,13,1.200516,1.030017,204
3079,printf,2048,192,1,5.453533,5.282811,385
308,empty,2048,256,11,1.228870,1.057514,204
3080,extrae,2048,192,18,0.762354,0.592442,385
3081,scorep,2048,192,16,0.734008,0.562512,385
3082,oot,2048,64,20,0.591622,0.421222,11440
3083,tikki,2048,256,2,3.640971,3.470703,204
3084,scorep,2048,192,18,0.705302,0.534575,385
3085,void,2048,128,16,0.705123,0.533434,1496
3086,tikki,2048,256,18,1.110449,0.939328,204
3087,tikki,2048,128,3,2.388012,2.217600,1496
3088,printf,2048,192,11,0.889193,0.717854,385
3089,empty,2048,256,12,1.179966,1.009425,204
309,scorep,2048,256,17,1.062165,0.891089,204
3090,printf,2048,192,15,0.760154,0.589414,385
3091,tikki,2048,192,17,0.774181,0.602780,385
3092,printf,2048,256,2,3.599956,3.428926,204
3093,tikki,2048,256,20,1.074141,0.903308,204
3094,scorep,2048,128,16,0.713283,0.542286,1496
3095,void,2048,64,3,2.442391,2.270953,11440
3096,void,2048,192,1,5.439266,5.267371,385
3097,oot,2048,256,9,1.321558,1.150895,204
3098,extrae,2048,128,4,1.812777,1.642184,1496
3099,scorep,2048,128,15,0.747089,0.574821,1496
31,tikki,2048,128,10,1.039989,0.868855,1496
310,void,2048,192,20,0.686640,0.515831,385
3100,scorep,2048,192,17,0.728226,0.557322,385
3101,scorep,2048,192,3,2.015769,1.844402,385
3102,scorep,2048,64,9,1.036984,0.865746,11440
3103,tikki,2048,256,6,1.692357,1.521497,204
3104,tikki,2048,256,16,1.097037,0.926079,204
3105,void,2048,64,10,0.965277,0.794852,11440
3106,scorep,2048,128,3,2.346695,2.175334,1496
3107,scorep,2048,256,1,6.824277,6.653311,204
3108,tikki,2048,192,18,0.745941,0.575564,385
3109,void,2048,192,8,1.066641,0.896377,385
311,scorep,2048,64,7,1.281237,1.111250,11440
3110,extrae,2048,128,15,0.790040,0.619488,1496
3111,scorep,2048,256,3,2.508870,2.338551,204
3112,scorep,2048,256,16,1.064472,0.893002,204
3113,scorep,2048,64,1,6.802846,6.632243,11440
3114,void,2048,256,11,1.219181,1.047570,204
3115,oot,2048,128,5,1.550987,1.380245,1496
3116,tikki,2048,128,12,0.899179,0.728166,1496
3117,oot,2048,64,14,0.754871,0.584027,11440
3118,void,2048,128,18,0.661011,0.489239,1496
3119,void,2048,64,19,0.609586,0.438463,11440
312,scorep,2048,64,9,1.041110,0.869893,11440
3120,void,2048,192,11,0.884879,0.714009,385
3121,oot,2048,192,13,0.801922,0.631604,385
3122,oot,2048,64,16,0.682910,0.511869,11440
3123,printf,2048,256,14,1.093801,0.922029,204
3124,tikki,2048,64,16,0.737441,0.565527,11440
3125,empty,2048,64,7,1.278985,1.108312,11440
3126,extrae,2048,256,20,1.146724,0.968703,204
3127,oot,2048,192,3,1.995697,1.824355,385
3128,empty,2048,64,11,0.895587,0.724540,11440
3129,printf,2048,128,20,0.623355,0.451857,1496
313,extrae,2048,256,3,2.515251,2.344619,204
3130,void,2048,128,14,0.825490,0.610826,1496
3131,scorep,2048,64,5,1.607783,1.436822,11440
3132,tikki,2048,64,4,1.926638,1.754421,11440
3133,tikki,2048,256,17,1.155822,0.927494,204
3134,oot,2048,64,7,1.276678,1.106071,11440
3135,void,2048,256,1,6.835130,6.664085,204
3136,empty,2048,256,15,1.071954,0.900698,204
3137,oot,2048,128,8,1.119703,0.949236,1496
3138,void,2048,64,2,3.561821,3.390159,11440
3139,scorep,2048,128,13,0.818552,0.647154,1496
314,scorep,2048,128,7,1.243046,1.072460,1496
3140,printf,2048,64,2,3.597502,3.426788,11440
3141,oot,2048,256,8,1.412117,1.241461,204
3142,tikki,2048,128,6,1.410190,1.238521,1496
3143,void,2048,192,18,0.699861,0.529458,385
3144,printf,2048,256,6,1.632633,1.461645,204
3145,scorep,2048,256,4,1.984197,1.813364,204
3146,printf,2048,128,8,1.117851,0.946828,1496
3147,extrae,2048,192,8,1.088285,0.917723,385
3148,void,2048,256,18,1.068521,0.897591,204
3149,oot,2048,64,6,1.400024,1.228664,11440
315,extrae,2048,192,15,0.792511,0.622037,385
3150,scorep,2048,192,5,1.383068,1.212197,385
3151,void,2048,256,17,1.057254,0.886677,204
3152,extrae,2048,192,3,2.008133,1.837707,385
3153,tikki,2048,64,10,1.005983,0.835629,11440
3154,void,2048,64,11,0.896511,0.724849,11440
3155,oot,2048,192,18,0.704153,0.533008,385
3156,extrae,2048,128,20,0.733992,0.555667,1496
3157,oot,2048,64,3,2.433310,2.263086,11440
3158,oot,2048,64,2,3.577404,3.406723,11440
3159,void,2048,192,20,0.688981,0.518184,385
316,tikki,2048,64,14,0.800154,0.629189,11440
3160,scorep,2048,256,19,1.055877,0.884634,204
3161,scorep,2048,192,20,0.689653,0.517949,385
3162,void,2048,64,20,0.585829,0.415099,11440
3163,tikki,2048,64,3,2.501855,2.331026,11440
3164,extrae,2048,128,2,3.413080,3.242994,1496
3165,extrae,2048,128,7,1.252093,1.081443,1496
3166,void,2048,192,5,1.405334,1.210559,385
3167,tikki,2048,256,12,1.203611,1.033016,204
3168,scorep,2048,64,14,0.750827,0.579636,11440
3169,scorep,2048,256,13,1.157181,0.986638,204
317,oot,2048,128,10,0.978746,0.807459,1496
3170,empty,2048,256,4,1.994363,1.810910,204
3171,extrae,2048,128,6,1.386018,1.215913,1496
3172,void,2048,192,3,2.006326,1.835429,385
3173,tikki,2048,64,12,0.889836,0.719173,11440
3174,empty,2048,64,20,0.588499,0.416984,11440
3175,void,2048,64,7,1.248756,1.076911,11440
3176,oot,2048,192,12,0.852273,0.681585,385
3177,oot,2048,128,17,0.676735,0.505136,1496
3178,extrae,2048,64,9,1.088904,0.918438,11440
3179,empty,2048,128,1,6.598543,6.427868,1496
318,printf,2048,192,20,0.680009,0.508723,385
3180,oot,2048,64,8,1.124422,0.953476,11440
3181,empty,2048,256,5,1.785138,1.613873,204
3182,extrae,2048,256,11,1.249483,1.079075,204
3183,oot,2048,64,9,1.034719,0.864148,11440
3184,scorep,2048,192,1,5.463155,5.293050,385
3185,tikki,2048,192,8,1.105420,0.934847,385
3186,void,2048,192,10,0.940722,0.769661,385
3187,scorep,2048,256,12,1.199519,1.028412,204
3188,oot,2048,192,19,0.690949,0.519910,385
3189,scorep,2048,64,7,1.282552,1.111537,11440
319,oot,2048,192,20,0.690463,0.519340,385
3190,extrae,2048,64,10,1.014264,0.844258,11440
3191,void,2048,192,14,0.795061,0.624006,385
3192,scorep,2048,192,8,1.072236,0.900492,385
3193,tikki,2048,128,7,1.282173,1.110146,1496
3194,printf,2048,192,9,0.990734,0.819294,385
3195,extrae,2048,192,11,0.919529,0.749442,385
3196,printf,2048,256,15,1.075842,0.905568,204
3197,extrae,2048,64,20,0.714841,0.536499,11440
3198,scorep,2048,256,2,3.604947,3.433287,204
3199,scorep,2048,64,8,1.131586,0.959854,11440
32,empty,2048,128,12,0.859497,0.688449,1496
320,oot,2048,64,10,0.966853,0.795722,11440
3200,scorep,2048,64,15,0.758138,0.543744,11440
3201,oot,2048,64,17,0.654238,0.483127,11440
3202,extrae,2048,256,4,2.012041,1.842099,204
3203,tikki,2048,192,13,0.872895,0.701269,385
3204,oot,2048,192,9,0.992330,0.821236,385
3205,extrae,2048,192,2,2.865616,2.694868,385
3206,oot,2048,64,5,1.603114,1.432188,11440
3207,void,2048,192,19,0.688591,0.518009,385
3208,extrae,2048,64,5,1.635331,1.465283,11440
3209,oot,2048,256,4,2.019343,1.848492,204
321,tikki,2048,64,17,0.702205,0.531367,11440
3210,printf,2048,192,7,1.119106,0.948160,385
3211,oot,2048,192,8,1.064133,0.893355,385
3212,scorep,2048,128,2,3.391774,3.221419,1496
3213,printf,2048,192,19,0.688616,0.516844,385
3214,void,2048,64,1,6.797568,6.626400,11440
3215,empty,2048,192,10,0.939744,0.768640,385
3216,oot,2048,128,3,2.352855,2.182287,1496
3217,extrae,2048,256,19,1.096466,0.926096,204
3218,empty,2048,192,14,0.788804,0.618161,385
3219,void,2048,128,12,0.856223,0.684571,1496
322,scorep,2048,128,16,0.739723,0.541614,1496
3220,printf,2048,128,13,0.815866,0.645147,1496
3221,printf,2048,192,14,0.790958,0.619771,385
3222,empty,2048,192,17,0.716048,0.544385,385
3223,oot,2048,128,15,0.741875,0.571430,1496
3224,oot,2048,128,9,1.042304,0.871760,1496
3225,oot,2048,64,15,0.715655,0.544645,11440
3226,tikki,2048,64,20,0.630667,0.459432,11440
3227,empty,2048,192,2,2.874866,2.703493,385
3228,oot,2048,192,16,0.739729,0.568805,385
3229,oot,2048,256,14,1.096977,0.925428,204
323,scorep,2048,256,2,3.595180,3.424626,204
3230,extrae,2048,64,4,1.909489,1.739023,11440
3231,extrae,2048,192,6,1.247765,1.077792,385
3232,empty,2048,64,4,1.874431,1.703570,11440
3233,extrae,2048,128,5,1.560283,1.390081,1496
3234,tikki,2048,64,7,1.330319,1.158980,11440
3235,printf,2048,128,6,1.377361,1.206898,1496
3236,tikki,2048,64,6,1.442322,1.271387,11440
3237,tikki,2048,192,7,1.162268,0.991480,385
3238,extrae,2048,192,13,0.851994,0.682171,385
3239,empty,2048,128,8,1.125115,0.954186,1496
324,extrae,2048,64,1,6.823993,6.653141,11440
3240,tikki,2048,64,15,0.753811,0.582995,11440
3241,oot,2048,64,19,0.612176,0.441490,11440
3242,extrae,2048,256,10,1.285544,1.115405,204
3243,void,2048,256,2,3.597723,3.427016,204
3244,tikki,2048,128,9,1.078784,0.906508,1496
3245,extrae,2048,192,1,5.457691,5.287072,385
3246,void,2048,256,20,1.035191,0.863784,204
3247,void,2048,128,13,0.816039,0.644585,1496
3248,printf,2048,192,13,0.804763,0.633626,385
3249,printf,2048,256,11,1.215981,1.045375,204
325,tikki,2048,192,15,0.801083,0.629880,385
3250,extrae,2048,256,7,1.504944,1.334261,204
3251,void,2048,64,16,0.681678,0.510257,11440
3252,void,2048,128,19,0.637241,0.466046,1496
3253,scorep,2048,256,20,1.037477,0.866078,204
3254,extrae,2048,128,14,0.823831,0.653585,1496
3255,empty,2048,64,3,2.444763,2.273686,11440
3256,extrae,2048,64,2,3.654345,3.483826,11440
3257,oot,2048,256,1,6.825250,6.653929,204
3258,empty,2048,256,17,1.065788,0.894116,204
3259,empty,2048,256,7,1.497861,1.327284,204
326,void,2048,128,18,0.657675,0.486545,1496
3260,tikki,2048,128,2,3.429259,3.258087,1496
3261,scorep,2048,128,20,0.625649,0.454342,1496
3262,tikki,2048,64,5,1.651254,1.479860,11440
3263,printf,2048,64,11,0.899095,0.728638,11440
3264,tikki,2048,256,19,1.082603,0.911265,204
3265,scorep,2048,256,5,1.777583,1.606451,204
3266,oot,2048,192,17,0.728717,0.556867,385
3267,extrae,2048,128,10,1.009216,0.839306,1496
3268,scorep,2048,256,18,1.072555,0.901562,204
3269,extrae,2048,64,18,0.699266,0.528482,11440
327,oot,2048,192,12,0.850409,0.679400,385
3270,tikki,2048,192,12,0.897276,0.726615,385
3271,extrae,2048,64,6,1.425802,1.255205,11440
3272,extrae,2048,64,7,1.278688,1.108961,11440
3273,scorep,2048,128,17,0.681860,0.511076,1496
3274,printf,2048,64,3,2.455052,2.284227,11440
3275,extrae,2048,192,4,1.600292,1.430300,385
3276,empty,2048,256,16,1.055835,0.885520,204
3277,empty,2048,64,14,0.749969,0.578499,11440
3278,tikki,2048,128,15,0.792856,0.622084,1496
3279,oot,2048,256,20,1.035655,0.863339,204
328,empty,2048,256,16,1.062351,0.890875,204
3280,printf,2048,192,17,0.728875,0.558212,385
3281,empty,2048,64,8,1.118788,0.948480,11440
3282,extrae,2048,64,11,0.944684,0.774636,11440
3283,extrae,2048,128,1,6.562633,6.392549,1496
3284,scorep,2048,192,13,0.816888,0.646317,385
3285,empty,2048,128,15,0.742310,0.571695,1496
3286,scorep,2048,256,14,1.094512,0.922957,204
3287,tikki,2048,192,16,0.767302,0.596245,385
3288,void,2048,256,6,1.643990,1.473351,204
3289,extrae,2048,256,8,1.437339,1.267214,204
329,extrae,2048,192,11,0.914388,0.744177,385
3290,printf,2048,64,4,1.902705,1.719431,11440
3291,extrae,2048,192,12,0.886832,0.716595,385
3292,scorep,2048,128,14,0.787661,0.616385,1496
3293,scorep,2048,256,8,1.415889,1.243161,204
3294,empty,2048,128,2,3.395239,3.224703,1496
3295,printf,2048,192,18,0.752775,0.536339,385
3296,printf,2048,256,5,1.772847,1.601716,204
3297,scorep,2048,128,6,1.379728,1.208294,1496
3298,void,2048,128,5,1.547142,1.376696,1496
3299,printf,2048,64,20,0.590499,0.419613,11440
33,tikki,2048,128,6,1.416248,1.245810,1496
330,extrae,2048,64,6,1.428404,1.258375,11440
3300,extrae,2048,192,7,1.133506,0.963768,385
3301,oot,2048,256,6,1.640253,1.469394,204
3302,tikki,2048,128,18,0.693845,0.523016,1496
3303,printf,2048,128,5,1.547054,1.375911,1496
3304,scorep,2048,192,7,1.125821,0.955252,385
3305,extrae,2048,128,19,0.692425,0.522756,1496
3306,oot,2048,256,13,1.159442,0.988116,204
3307,empty,2048,64,1,6.799695,6.628752,11440
3308,tikki,2048,192,2,2.929707,2.758351,385
3309,oot,2048,128,19,0.659984,0.465455,1496
331,scorep,2048,256,8,1.422893,1.251158,204
3310,scorep,2048,256,6,1.637980,1.466338,204
3311,empty,2048,192,12,0.849528,0.679052,385
3312,empty,2048,192,1,5.468684,5.298026,385
3313,extrae,2048,256,13,1.200613,1.030792,204
3314,tikki,2048,64,14,0.789064,0.618311,11440
3315,printf,2048,64,8,1.129703,0.958131,11440
3316,oot,2048,256,11,1.239086,1.068902,204
3317,empty,2048,128,16,0.708692,0.538148,1496
3318,printf,2048,64,1,6.850614,6.679350,11440
3319,extrae,2048,256,14,1.135021,0.964561,204
332,extrae,2048,64,15,0.775597,0.605138,11440
3320,printf,2048,256,1,6.830881,6.660396,204
3321,oot,2048,256,10,1.259782,1.089867,204
3322,printf,2048,64,18,0.637103,0.465813,11440
3323,tikki,2048,128,17,0.718247,0.547236,1496
3324,printf,2048,128,4,1.804892,1.634423,1496
3325,oot,2048,128,13,0.814984,0.643985,1496
3326,empty,2048,128,9,1.040528,0.870127,1496
3327,empty,2048,192,3,2.007277,1.836254,385
3328,scorep,2048,256,15,1.075141,0.904359,204
3329,printf,2048,64,5,1.606300,1.435552,11440
333,void,2048,64,5,1.616146,1.445611,11440
3330,extrae,2048,64,19,0.680657,0.510489,11440
3331,empty,2048,256,8,1.409652,1.238798,204
3332,oot,2048,256,16,1.054513,0.883604,204
3333,printf,2048,128,19,0.639355,0.468554,1496
3334,void,2048,192,2,2.869950,2.699211,385
3335,printf,2048,64,7,1.285391,1.114480,11440
3336,printf,2048,256,16,1.063480,0.892816,204
3337,printf,2048,128,10,0.979636,0.809251,1496
3338,void,2048,128,11,0.911715,0.740605,1496
3339,extrae,2048,256,12,1.200671,1.030348,204
334,oot,2048,128,9,1.037266,0.866358,1496
3340,void,2048,128,17,0.678312,0.506860,1496
3341,void,2048,192,7,1.120234,0.949078,385
3342,oot,2048,128,14,0.779877,0.608976,1496
3343,extrae,2048,192,17,0.785846,0.615241,385
3344,void,2048,192,13,0.807891,0.636983,385
3345,extrae,2048,192,5,1.384014,1.213855,385
3346,tikki,2048,256,8,1.450789,1.280053,204
3347,extrae,2048,192,16,0.785662,0.615929,385
3348,oot,2048,128,4,1.818568,1.648128,1496
3349,void,2048,256,7,1.481392,1.310759,204
335,scorep,2048,64,16,0.690277,0.518108,11440
3350,empty,2048,64,12,0.842867,0.672376,11440
3351,tikki,2048,128,16,0.752954,0.581798,1496
3352,extrae,2048,128,16,0.759824,0.589480,1496
3353,void,2048,128,15,0.743005,0.572237,1496
3354,printf,2048,192,12,0.866109,0.682195,385
3355,void,2048,192,12,0.852057,0.681141,385
3356,printf,2048,192,2,2.887874,2.716673,385
3357,tikki,2048,192,20,0.726960,0.556166,385
3358,printf,2048,192,16,0.736602,0.565876,385
3359,empty,2048,128,20,0.620152,0.449128,1496
336,extrae,2048,192,12,0.886466,0.716016,385
3360,void,2048,128,8,1.116417,0.946134,1496
3361,scorep,2048,192,11,0.888504,0.717030,385
3362,void,2048,64,1,6.854635,6.640892,11440
3363,void,2048,64,2,3.563135,3.392386,11440
3364,scorep,2048,256,13,1.161543,0.990275,204
3365,extrae,2048,192,6,1.245377,1.074910,385
3366,oot,2048,256,8,1.416443,1.245904,204
3367,oot,2048,128,6,1.375903,1.205318,1496
3368,tikki,2048,64,3,2.503738,2.332519,11440
3369,oot,2048,256,5,1.775305,1.603739,204
337,empty,2048,128,19,0.636065,0.464894,1496
3370,extrae,2048,256,19,1.116741,0.946995,204
3371,printf,2048,64,8,1.127964,0.956890,11440
3372,extrae,2048,192,7,1.138514,0.968393,385
3373,tikki,2048,64,5,1.644420,1.473549,11440
3374,empty,2048,256,5,1.777525,1.606839,204
3375,void,2048,64,16,0.682876,0.511251,11440
3376,void,2048,256,4,2.009517,1.838263,204
3377,empty,2048,192,17,0.729087,0.558024,385
3378,empty,2048,256,3,2.521507,2.350966,204
3379,extrae,2048,192,13,0.850256,0.680377,385
338,extrae,2048,128,17,0.730847,0.560535,1496
3380,void,2048,256,7,1.495014,1.323875,204
3381,printf,2048,128,20,0.623069,0.452664,1496
3382,extrae,2048,128,6,1.384810,1.214000,1496
3383,printf,2048,256,4,1.995830,1.825363,204
3384,printf,2048,64,13,0.798757,0.626653,11440
3385,tikki,2048,256,1,6.881076,6.709897,204
3386,tikki,2048,128,20,0.666357,0.495781,1496
3387,printf,2048,192,1,5.472910,5.301612,385
3388,tikki,2048,128,15,0.784537,0.613755,1496
3389,printf,2048,128,14,0.781049,0.610706,1496
339,void,2048,128,4,1.823750,1.653502,1496
3390,oot,2048,64,6,1.426565,1.255740,11440
3391,empty,2048,64,18,0.630572,0.459901,11440
3392,scorep,2048,128,3,2.338673,2.167537,1496
3393,printf,2048,256,20,1.027785,0.857050,204
3394,extrae,2048,192,17,0.778790,0.608611,385
3395,extrae,2048,256,16,1.111411,0.942138,204
3396,scorep,2048,64,4,1.885656,1.714737,11440
3397,empty,2048,128,20,0.624789,0.453873,1496
3398,extrae,2048,256,2,3.601977,3.431524,204
3399,oot,2048,64,19,0.611117,0.440691,11440
34,void,2048,192,4,1.601352,1.429487,385
340,void,2048,64,19,0.607338,0.436724,11440
3400,extrae,2048,192,1,5.474280,5.304051,385
3401,void,2048,192,13,0.812760,0.641187,385
3402,printf,2048,192,5,1.369630,1.198945,385
3403,empty,2048,128,1,6.599133,6.427804,1496
3404,scorep,2048,192,14,0.794739,0.624884,385
3405,scorep,2048,192,19,0.691502,0.520503,385
3406,oot,2048,128,17,0.681387,0.510529,1496
3407,printf,2048,64,7,1.258788,1.087315,11440
3408,extrae,2048,256,18,1.128230,0.957917,204
3409,void,2048,256,13,1.154328,0.983728,204
341,tikki,2048,192,13,0.846348,0.676029,385
3410,oot,2048,128,4,1.824088,1.653065,1496
3411,scorep,2048,128,16,0.707402,0.537119,1496
3412,tikki,2048,192,16,0.789900,0.619382,385
3413,scorep,2048,256,12,1.197938,1.026812,204
3414,void,2048,192,8,1.069001,0.897792,385
3415,void,2048,64,6,1.402240,1.231130,11440
3416,tikki,2048,192,4,1.623612,1.452703,385
3417,empty,2048,128,14,0.781882,0.610562,1496
3418,tikki,2048,64,6,1.446370,1.275161,11440
3419,empty,2048,256,11,1.229066,1.057896,204
342,extrae,2048,64,14,0.807891,0.637811,11440
3420,empty,2048,192,3,2.003097,1.832057,385
3421,scorep,2048,128,12,0.857753,0.687170,1496
3422,void,2048,64,8,1.118947,0.948469,11440
3423,scorep,2048,128,18,0.660965,0.489527,1496
3424,empty,2048,192,2,2.875790,2.704654,385
3425,extrae,2048,64,15,0.774374,0.603795,11440
3426,extrae,2048,128,2,3.410593,3.240026,1496
3427,empty,2048,128,17,0.676658,0.505525,1496
3428,tikki,2048,64,14,0.816350,0.645602,11440
3429,tikki,2048,192,13,0.852429,0.681733,385
343,oot,2048,256,16,1.054065,0.883252,204
3430,oot,2048,256,15,1.069384,0.897905,204
3431,void,2048,64,3,2.444704,2.273649,11440
3432,tikki,2048,128,3,2.378644,2.207571,1496
3433,empty,2048,192,8,1.067283,0.896034,385
3434,tikki,2048,64,19,0.656971,0.486161,11440
3435,tikki,2048,128,10,1.022381,0.850921,1496
3436,oot,2048,256,3,2.544566,2.373304,204
3437,oot,2048,64,13,0.797245,0.625842,11440
3438,void,2048,192,5,1.369942,1.199115,385
3439,tikki,2048,128,13,0.857622,0.685400,1496
344,extrae,2048,64,20,0.689863,0.514741,11440
3440,empty,2048,128,8,1.117244,0.946488,1496
3441,oot,2048,192,7,1.123255,0.952269,385
3442,empty,2048,64,17,0.652747,0.482085,11440
3443,oot,2048,256,1,6.829587,6.657908,204
3444,void,2048,256,2,3.597252,3.426358,204
3445,void,2048,128,18,0.655572,0.484483,1496
3446,scorep,2048,128,6,1.374597,1.202813,1496
3447,scorep,2048,256,14,1.094559,0.921993,204
3448,scorep,2048,64,17,0.659407,0.488508,11440
3449,extrae,2048,256,1,6.828635,6.658748,204
345,void,2048,64,3,2.494230,2.279571,11440
3450,oot,2048,192,5,1.361985,1.191028,385
3451,empty,2048,128,16,0.703797,0.533057,1496
3452,extrae,2048,64,6,1.426746,1.256113,11440
3453,printf,2048,64,3,2.459924,2.289203,11440
3454,extrae,2048,192,20,0.800679,0.622495,385
3455,printf,2048,192,15,0.813330,0.585663,385
3456,printf,2048,128,3,2.338842,2.168430,1496
3457,oot,2048,192,11,0.886424,0.715390,385
3458,scorep,2048,128,15,0.746110,0.574340,1496
3459,oot,2048,192,10,0.940134,0.769010,385
346,tikki,2048,64,12,0.889933,0.719273,11440
3460,void,2048,64,11,0.894204,0.723355,11440
3461,extrae,2048,64,18,0.697633,0.526894,11440
3462,oot,2048,192,9,1.011942,0.827956,385
3463,extrae,2048,192,12,0.885665,0.715253,385
3464,oot,2048,128,3,2.350800,2.180198,1496
3465,tikki,2048,192,17,0.762390,0.591325,385
3466,empty,2048,256,7,1.484646,1.313445,204
3467,scorep,2048,64,1,6.808736,6.636778,11440
3468,tikki,2048,64,15,0.757729,0.586784,11440
3469,scorep,2048,192,5,1.376690,1.206114,385
347,oot,2048,64,11,0.895112,0.724656,11440
3470,void,2048,64,4,1.896858,1.724842,11440
3471,scorep,2048,192,12,0.855085,0.683895,385
3472,printf,2048,128,1,6.540051,6.369104,1496
3473,tikki,2048,128,18,0.715937,0.545252,1496
3474,oot,2048,256,7,1.485607,1.314740,204
3475,extrae,2048,128,4,1.828541,1.658056,1496
3476,extrae,2048,64,16,0.743287,0.573505,11440
3477,tikki,2048,192,8,1.111031,0.940179,385
3478,oot,2048,128,15,0.748073,0.576286,1496
3479,scorep,2048,256,6,1.648100,1.476380,204
348,void,2048,64,17,0.652399,0.480782,11440
3480,oot,2048,192,20,0.689236,0.517865,385
3481,oot,2048,256,2,3.595335,3.424216,204
3482,printf,2048,192,13,0.812206,0.640890,385
3483,tikki,2048,128,14,0.832234,0.661454,1496
3484,scorep,2048,128,19,0.639439,0.466603,1496
3485,extrae,2048,256,11,1.233381,1.062278,204
3486,oot,2048,256,16,1.053951,0.883128,204
3487,oot,2048,192,3,2.009365,1.838172,385
3488,empty,2048,128,5,1.556346,1.385651,1496
3489,oot,2048,256,18,1.055335,0.884230,204
349,void,2048,192,11,0.884459,0.713019,385
3490,oot,2048,192,18,0.714141,0.543332,385
3491,void,2048,192,3,2.009927,1.839384,385
3492,scorep,2048,128,14,0.781684,0.610972,1496
3493,extrae,2048,256,3,2.525109,2.354763,204
3494,void,2048,256,6,1.641006,1.470808,204
3495,tikki,2048,192,1,5.490280,5.319600,385
3496,scorep,2048,128,20,0.625254,0.453839,1496
3497,printf,2048,128,17,0.679369,0.508343,1496
3498,printf,2048,256,16,1.063381,0.891850,204
3499,scorep,2048,256,11,1.217173,1.045655,204
35,void,2048,128,9,1.035811,0.865011,1496
350,extrae,2048,192,5,1.384735,1.214322,385
3500,printf,2048,256,10,1.253645,1.083150,204
3501,scorep,2048,128,4,1.816436,1.645185,1496
3502,oot,2048,128,8,1.125369,0.954211,1496
3503,tikki,2048,192,7,1.148795,0.977884,385
3504,void,2048,128,3,2.341887,2.170492,1496
3505,void,2048,128,8,1.117379,0.946434,1496
3506,extrae,2048,128,1,6.590697,6.420368,1496
3507,scorep,2048,128,7,1.240742,1.070096,1496
3508,empty,2048,64,19,0.606434,0.435638,11440
3509,scorep,2048,192,7,1.126764,0.956621,385
351,extrae,2048,256,7,1.500846,1.330204,204
3510,extrae,2048,192,15,0.804854,0.634130,385
3511,extrae,2048,256,12,1.201585,1.031218,204
3512,extrae,2048,64,5,1.625979,1.455916,11440
3513,empty,2048,256,19,1.057103,0.886705,204
3514,void,2048,64,5,1.594201,1.422769,11440
3515,void,2048,256,17,1.057167,0.886142,204
3516,scorep,2048,64,20,0.594433,0.423043,11440
3517,tikki,2048,192,15,0.810131,0.639257,385
3518,empty,2048,64,2,3.569088,3.398073,11440
3519,empty,2048,64,7,1.274740,1.104151,11440
352,tikki,2048,192,1,5.517109,5.345751,385
3520,extrae,2048,256,14,1.140323,0.970091,204
3521,tikki,2048,256,4,2.058595,1.887368,204
3522,empty,2048,64,1,6.818116,6.647398,11440
3523,tikki,2048,192,19,0.740791,0.569299,385
3524,printf,2048,256,6,1.642390,1.471658,204
3525,oot,2048,128,2,3.413710,3.242650,1496
3526,extrae,2048,192,2,2.846784,2.676052,385
3527,printf,2048,128,12,0.858359,0.687426,1496
3528,oot,2048,64,7,1.277283,1.105845,11440
3529,printf,2048,192,14,0.780599,0.609158,385
353,printf,2048,192,11,0.882778,0.712520,385
3530,empty,2048,192,11,0.887641,0.716028,385
3531,empty,2048,256,12,1.158726,0.987896,204
3532,empty,2048,256,18,1.072528,0.900962,204
3533,scorep,2048,256,2,3.607696,3.435295,204
3534,tikki,2048,128,17,0.717285,0.545767,1496
3535,empty,2048,64,9,1.032970,0.861736,11440
3536,extrae,2048,64,19,0.678642,0.508993,11440
3537,extrae,2048,192,3,1.994428,1.824027,385
3538,scorep,2048,128,17,0.680798,0.509001,1496
3539,empty,2048,256,8,1.410705,1.240438,204
354,printf,2048,192,2,2.881598,2.710562,385
3540,oot,2048,192,15,0.752902,0.580405,385
3541,empty,2048,128,9,1.040318,0.869331,1496
3542,scorep,2048,256,17,1.058880,0.886502,204
3543,printf,2048,64,15,0.720132,0.548850,11440
3544,scorep,2048,256,20,1.038599,0.867573,204
3545,tikki,2048,64,16,0.726614,0.555157,11440
3546,oot,2048,64,20,0.594047,0.422939,11440
3547,extrae,2048,64,2,3.618557,3.448472,11440
3548,printf,2048,256,13,1.161802,0.990531,204
3549,void,2048,128,13,0.814846,0.643464,1496
355,void,2048,128,11,0.911736,0.740614,1496
3550,empty,2048,192,18,0.701701,0.529821,385
3551,empty,2048,256,13,1.157968,0.986335,204
3552,extrae,2048,64,12,0.896747,0.726455,11440
3553,printf,2048,192,19,0.687041,0.516509,385
3554,void,2048,192,17,0.724564,0.553321,385
3555,tikki,2048,256,18,1.115982,0.945068,204
3556,void,2048,256,10,1.305673,1.088938,204
3557,oot,2048,256,17,1.061631,0.890182,204
3558,void,2048,256,1,6.829172,6.657853,204
3559,void,2048,128,5,1.546511,1.376185,1496
356,tikki,2048,128,16,0.740081,0.568974,1496
3560,scorep,2048,256,5,1.763811,1.591796,204
3561,scorep,2048,256,19,1.057336,0.885618,204
3562,void,2048,192,2,2.880524,2.708955,385
3563,void,2048,256,12,1.183650,1.012458,204
3564,scorep,2048,128,9,1.043309,0.871256,1496
3565,empty,2048,192,19,0.686708,0.516301,385
3566,tikki,2048,256,10,1.296941,1.126662,204
3567,oot,2048,128,18,0.657952,0.486442,1496
3568,printf,2048,128,2,3.414150,3.243370,1496
3569,void,2048,192,6,1.234520,1.062803,385
357,extrae,2048,128,13,0.855617,0.685668,1496
3570,printf,2048,192,7,1.123210,0.951771,385
3571,scorep,2048,64,15,0.719281,0.548051,11440
3572,empty,2048,192,12,0.853355,0.681478,385
3573,scorep,2048,128,8,1.123304,0.951807,1496
3574,void,2048,192,11,0.889504,0.718605,385
3575,extrae,2048,64,3,2.476995,2.307328,11440
3576,void,2048,192,16,0.736564,0.566206,385
3577,oot,2048,192,14,0.774430,0.602875,385
3578,oot,2048,256,12,1.173814,1.002960,204
3579,empty,2048,64,6,1.420691,1.249138,11440
358,oot,2048,64,6,1.419068,1.248025,11440
3580,empty,2048,128,4,1.812549,1.641693,1496
3581,empty,2048,64,15,0.711129,0.539984,11440
3582,oot,2048,192,13,0.803812,0.631791,385
3583,oot,2048,128,5,1.557823,1.386561,1496
3584,printf,2048,64,12,0.843770,0.672604,11440
3585,tikki,2048,64,20,0.643468,0.472707,11440
3586,tikki,2048,192,12,0.871145,0.699941,385
3587,extrae,2048,256,20,1.147592,0.969365,204
3588,printf,2048,192,10,0.936248,0.766261,385
3589,printf,2048,192,3,2.020031,1.849486,385
359,scorep,2048,128,9,1.043197,0.872005,1496
3590,void,2048,128,4,1.814664,1.643843,1496
3591,printf,2048,256,15,1.077134,0.906416,204
3592,empty,2048,64,14,0.747746,0.576460,11440
3593,extrae,2048,192,4,1.590228,1.420131,385
3594,extrae,2048,256,15,1.117299,0.947072,204
3595,empty,2048,256,2,3.597262,3.426774,204
3596,extrae,2048,128,19,0.698642,0.528705,1496
3597,scorep,2048,192,18,0.705540,0.533237,385
3598,printf,2048,256,3,2.520605,2.348649,204
3599,tikki,2048,192,20,0.726934,0.556014,385
36,void,2048,64,10,0.963039,0.792161,11440
360,oot,2048,64,16,0.682617,0.511271,11440
3600,printf,2048,128,18,0.656044,0.485483,1496
3601,tikki,2048,128,5,1.591804,1.421578,1496
3602,empty,2048,256,1,6.878360,6.707405,204
3603,oot,2048,128,14,0.779089,0.608158,1496
3604,void,2048,128,9,1.034163,0.863755,1496
3605,scorep,2048,128,2,3.408589,3.237980,1496
3606,void,2048,256,18,1.072107,0.901131,204
3607,scorep,2048,64,6,1.401932,1.231106,11440
3608,printf,2048,256,1,6.837753,6.667214,204
3609,scorep,2048,192,20,0.680901,0.509940,385
361,oot,2048,128,4,1.827478,1.656621,1496
3610,extrae,2048,256,9,1.342420,1.172737,204
3611,tikki,2048,64,4,1.921394,1.750673,11440
3612,scorep,2048,64,10,0.978719,0.806677,11440
3613,oot,2048,192,19,0.688722,0.517708,385
3614,oot,2048,192,16,0.749512,0.578940,385
3615,empty,2048,64,20,0.587807,0.416853,11440
3616,printf,2048,128,15,0.743358,0.571732,1496
3617,printf,2048,128,16,0.707331,0.536071,1496
3618,void,2048,192,14,0.790442,0.618740,385
3619,void,2048,256,3,2.524721,2.353797,204
362,tikki,2048,256,11,1.262240,1.090168,204
3620,extrae,2048,64,10,1.014116,0.844448,11440
3621,empty,2048,192,16,0.736586,0.566279,385
3622,empty,2048,256,4,2.020625,1.850056,204
3623,extrae,2048,64,4,1.912064,1.741603,11440
3624,extrae,2048,128,11,0.943147,0.773067,1496
3625,empty,2048,192,10,0.938639,0.767779,385
3626,tikki,2048,256,9,1.360079,1.189974,204
3627,empty,2048,128,15,0.743326,0.572650,1496
3628,oot,2048,256,9,1.329229,1.158212,204
3629,empty,2048,128,19,0.637283,0.467043,1496
363,empty,2048,64,16,0.680482,0.509090,11440
3630,scorep,2048,64,14,0.757657,0.586729,11440
3631,oot,2048,64,14,0.752557,0.582183,11440
3632,empty,2048,256,20,1.030843,0.859973,204
3633,printf,2048,128,8,1.104899,0.934776,1496
3634,void,2048,64,15,0.709906,0.538779,11440
3635,extrae,2048,128,16,0.757320,0.587560,1496
3636,tikki,2048,128,6,1.400487,1.229813,1496
3637,oot,2048,64,8,1.125476,0.954498,11440
3638,empty,2048,64,4,1.885144,1.713905,11440
3639,void,2048,192,15,0.754582,0.583821,385
364,extrae,2048,256,8,1.433837,1.263775,204
3640,extrae,2048,192,14,0.819416,0.649243,385
3641,void,2048,64,9,1.032863,0.862175,11440
3642,tikki,2048,256,5,1.790683,1.620353,204
3643,void,2048,64,20,0.600510,0.418596,11440
3644,tikki,2048,256,17,1.111510,0.940009,204
3645,printf,2048,192,12,0.849987,0.679543,385
3646,scorep,2048,192,8,1.072171,0.899795,385
3647,oot,2048,64,9,1.037645,0.866746,11440
3648,printf,2048,256,2,3.595440,3.424498,204
3649,tikki,2048,256,13,1.185121,1.014090,204
365,oot,2048,256,20,1.031938,0.861320,204
3650,printf,2048,192,17,0.730264,0.559701,385
3651,tikki,2048,128,12,0.895170,0.724639,1496
3652,empty,2048,64,11,0.890678,0.719707,11440
3653,oot,2048,64,5,1.604388,1.433373,11440
3654,printf,2048,128,11,0.915006,0.744008,1496
3655,scorep,2048,64,8,1.128870,0.959277,11440
3656,extrae,2048,192,9,1.017708,0.847553,385
3657,printf,2048,128,13,0.814173,0.643439,1496
3658,empty,2048,256,17,1.063904,0.891860,204
3659,printf,2048,64,17,0.655059,0.484056,11440
366,scorep,2048,128,4,1.809602,1.639002,1496
3660,oot,2048,64,4,1.878934,1.707342,11440
3661,void,2048,192,9,0.994809,0.823698,385
3662,extrae,2048,192,18,0.756333,0.585807,385
3663,void,2048,128,2,3.417948,3.235924,1496
3664,scorep,2048,192,17,0.730336,0.559831,385
3665,empty,2048,64,12,0.838640,0.667714,11440
3666,printf,2048,256,18,1.056988,0.885898,204
3667,printf,2048,64,5,1.630233,1.459139,11440
3668,oot,2048,192,12,0.849943,0.679461,385
3669,empty,2048,256,10,1.257700,1.086991,204
367,tikki,2048,64,16,0.729145,0.558020,11440
3670,tikki,2048,128,9,1.079391,0.907891,1496
3671,tikki,2048,64,10,1.016177,0.845355,11440
3672,oot,2048,128,10,0.976470,0.806154,1496
3673,extrae,2048,256,17,1.111568,0.941670,204
3674,void,2048,128,15,0.741660,0.571029,1496
3675,scorep,2048,64,18,0.638850,0.467700,11440
3676,scorep,2048,256,8,1.418029,1.247210,204
3677,empty,2048,192,1,5.488460,5.317295,385
3678,oot,2048,128,1,6.574540,6.404072,1496
3679,empty,2048,128,7,1.234757,1.063647,1496
368,empty,2048,256,4,2.007065,1.836149,204
3680,void,2048,128,11,0.910097,0.738926,1496
3681,oot,2048,128,12,0.857179,0.686772,1496
3682,empty,2048,64,5,1.596685,1.426172,11440
3683,scorep,2048,192,3,2.015136,1.844877,385
3684,scorep,2048,192,16,0.735698,0.563923,385
3685,tikki,2048,192,18,0.741763,0.571123,385
3686,scorep,2048,192,4,1.593009,1.422372,385
3687,empty,2048,192,6,1.237300,1.066036,385
3688,void,2048,128,16,0.707529,0.535412,1496
3689,void,2048,256,9,1.326289,1.155246,204
369,extrae,2048,192,1,5.470173,5.299927,385
3690,printf,2048,128,6,1.363834,1.192949,1496
3691,empty,2048,192,5,1.367273,1.196489,385
3692,tikki,2048,128,1,6.601845,6.431320,1496
3693,scorep,2048,64,12,0.842976,0.672361,11440
3694,printf,2048,64,4,1.899221,1.727894,11440
3695,oot,2048,64,2,3.605113,3.434577,11440
3696,extrae,2048,64,20,0.710456,0.532221,11440
3697,empty,2048,256,16,1.056565,0.886024,204
3698,empty,2048,192,13,0.817097,0.646162,385
3699,void,2048,128,20,0.621618,0.450511,1496
37,void,2048,192,10,0.939659,0.768472,385
370,tikki,2048,128,9,1.089291,0.917933,1496
3700,scorep,2048,128,13,0.818604,0.647286,1496
3701,printf,2048,128,5,1.555370,1.384124,1496
3702,printf,2048,256,11,1.210534,1.040172,204
3703,scorep,2048,192,15,0.751264,0.580488,385
3704,tikki,2048,64,9,1.078990,0.908245,11440
3705,tikki,2048,64,1,6.885451,6.714450,11440
3706,void,2048,128,6,1.375349,1.205025,1496
3707,tikki,2048,256,7,1.526889,1.356418,204
3708,void,2048,192,7,1.119990,0.949092,385
3709,tikki,2048,192,5,1.399775,1.228908,385
371,scorep,2048,256,15,1.068338,0.898168,204
3710,extrae,2048,64,14,0.806472,0.636432,11440
3711,tikki,2048,64,7,1.321391,1.149961,11440
3712,scorep,2048,128,10,0.986224,0.814482,1496
3713,oot,2048,128,20,0.621165,0.449758,1496
3714,void,2048,128,7,1.234521,1.063684,1496
3715,void,2048,192,19,0.687228,0.516323,385
3716,oot,2048,64,12,0.842827,0.671812,11440
3717,empty,2048,64,10,0.970749,0.799233,11440
3718,empty,2048,128,18,0.658938,0.487414,1496
3719,tikki,2048,64,8,1.164556,0.994054,11440
372,tikki,2048,256,17,1.105446,0.934332,204
3720,void,2048,64,19,0.608092,0.436717,11440
3721,printf,2048,192,4,1.575664,1.404524,385
3722,oot,2048,192,4,1.594816,1.422884,385
3723,void,2048,256,5,1.759852,1.588445,204
3724,extrae,2048,128,10,1.012109,0.841039,1496
3725,printf,2048,256,12,1.163511,0.992760,204
3726,oot,2048,64,3,2.456413,2.285123,11440
3727,extrae,2048,192,5,1.383285,1.213203,385
3728,tikki,2048,128,8,1.163510,0.992642,1496
3729,extrae,2048,128,9,1.066222,0.895803,1496
373,tikki,2048,256,12,1.243869,1.072722,204
3730,printf,2048,128,9,1.039812,0.868551,1496
3731,oot,2048,64,16,0.685093,0.513788,11440
3732,scorep,2048,64,7,1.279823,1.108847,11440
3733,empty,2048,192,7,1.124691,0.953618,385
3734,printf,2048,64,9,1.038449,0.867501,11440
3735,oot,2048,64,11,0.894826,0.723156,11440
3736,tikki,2048,64,12,0.888981,0.717958,11440
3737,void,2048,192,18,0.703086,0.532520,385
3738,void,2048,192,10,0.971794,0.771668,385
3739,void,2048,64,7,1.249914,1.078643,11440
374,printf,2048,192,8,1.067188,0.896934,385
3740,tikki,2048,192,3,2.062968,1.891853,385
3741,printf,2048,64,6,1.405029,1.233826,11440
3742,scorep,2048,64,11,0.899556,0.728364,11440
3743,oot,2048,64,10,0.964332,0.793552,11440
3744,void,2048,128,17,0.677426,0.506586,1496
3745,printf,2048,128,4,1.822826,1.651525,1496
3746,empty,2048,256,14,1.087447,0.916405,204
3747,oot,2048,128,11,0.912568,0.741769,1496
3748,void,2048,256,8,1.412869,1.240586,204
3749,printf,2048,128,19,0.639485,0.469181,1496
375,scorep,2048,128,20,0.627409,0.456605,1496
3750,scorep,2048,256,3,2.508142,2.336875,204
3751,tikki,2048,192,9,1.031506,0.860728,385
3752,empty,2048,128,10,0.976295,0.804803,1496
3753,scorep,2048,64,5,1.625082,1.454038,11440
3754,extrae,2048,256,13,1.151474,0.981824,204
3755,oot,2048,128,19,0.638603,0.467457,1496
3756,tikki,2048,192,2,2.929386,2.746218,385
3757,scorep,2048,192,9,0.999200,0.827559,385
3758,empty,2048,192,9,0.991283,0.820561,385
3759,extrae,2048,128,7,1.252124,1.082057,1496
376,printf,2048,128,19,0.637646,0.466854,1496
3760,oot,2048,192,17,0.727167,0.556112,385
3761,tikki,2048,64,18,0.675355,0.503992,11440
3762,oot,2048,64,17,0.656439,0.485495,11440
3763,empty,2048,256,6,1.643141,1.472901,204
3764,tikki,2048,64,11,0.936252,0.765488,11440
3765,extrae,2048,256,4,2.015353,1.845361,204
3766,tikki,2048,256,3,2.580225,2.409977,204
3767,empty,2048,128,11,0.901836,0.731433,1496
3768,tikki,2048,128,11,0.946121,0.775880,1496
3769,printf,2048,192,2,2.874967,2.703817,385
377,oot,2048,128,5,1.568374,1.396653,1496
3770,extrae,2048,128,13,0.854937,0.685375,1496
3771,extrae,2048,192,8,1.096544,0.915119,385
3772,tikki,2048,192,11,0.926627,0.755587,385
3773,extrae,2048,192,10,0.969155,0.799533,385
3774,printf,2048,64,19,0.610530,0.439564,11440
3775,printf,2048,256,14,1.090247,0.918991,204
3776,printf,2048,128,10,1.022899,0.806999,1496
3777,scorep,2048,64,9,1.040224,0.869382,11440
3778,printf,2048,64,18,0.634246,0.462796,11440
3779,printf,2048,256,5,1.784762,1.613924,204
378,tikki,2048,64,9,1.078268,0.907573,11440
3780,printf,2048,64,14,0.751237,0.580353,11440
3781,tikki,2048,192,14,0.829775,0.658901,385
3782,void,2048,128,19,0.633392,0.463026,1496
3783,oot,2048,256,14,1.090001,0.919412,204
3784,empty,2048,64,16,0.682634,0.511106,11440
3785,void,2048,192,1,5.437788,5.267172,385
3786,oot,2048,256,20,1.032723,0.861751,204
3787,oot,2048,192,8,1.067229,0.896275,385
3788,tikki,2048,128,19,0.680414,0.510012,1496
3789,void,2048,128,1,6.564054,6.392833,1496
379,scorep,2048,128,13,0.818253,0.646638,1496
3790,tikki,2048,256,2,3.645932,3.463703,204
3791,tikki,2048,192,6,1.276750,1.104801,385
3792,void,2048,256,20,1.028556,0.857679,204
3793,tikki,2048,128,4,1.844026,1.673508,1496
3794,extrae,2048,128,3,2.344379,2.173853,1496
3795,void,2048,64,13,0.791503,0.620754,11440
3796,empty,2048,64,8,1.121631,0.951393,11440
3797,empty,2048,192,14,0.784642,0.613752,385
3798,tikki,2048,256,20,1.069938,0.899028,204
3799,oot,2048,192,6,1.235593,1.065110,385
38,empty,2048,192,7,1.125255,0.954411,385
380,scorep,2048,192,14,0.789938,0.618918,385
3800,scorep,2048,192,13,0.818453,0.647889,385
3801,oot,2048,128,13,0.818320,0.647101,1496
3802,empty,2048,128,13,0.813611,0.642690,1496
3803,void,2048,64,17,0.654691,0.483472,11440
3804,void,2048,64,12,0.837543,0.666980,11440
3805,oot,2048,256,13,1.153389,0.982993,204
3806,printf,2048,192,16,0.752179,0.581604,385
3807,scorep,2048,256,16,1.062759,0.892967,204
3808,extrae,2048,192,19,0.744740,0.574834,385
3809,extrae,2048,128,8,1.143219,0.973073,1496
381,printf,2048,192,13,0.813997,0.643360,385
3810,extrae,2048,64,8,1.164396,0.994022,11440
3811,printf,2048,192,20,0.685720,0.515235,385
3812,tikki,2048,256,19,1.076126,0.905347,204
3813,scorep,2048,128,11,0.915952,0.744987,1496
3814,scorep,2048,192,10,0.945764,0.773834,385
3815,extrae,2048,192,16,0.803096,0.633406,385
3816,extrae,2048,64,17,0.718898,0.548911,11440
3817,oot,2048,256,19,1.038823,0.868202,204
3818,void,2048,256,15,1.071157,0.900335,204
3819,empty,2048,192,20,0.689808,0.518758,385
382,tikki,2048,192,11,0.938936,0.767960,385
3820,printf,2048,64,1,6.849686,6.679070,11440
3821,tikki,2048,256,12,1.204508,1.034074,204
3822,tikki,2048,128,2,3.437297,3.266135,1496
3823,void,2048,64,10,0.959069,0.788454,11440
3824,scorep,2048,128,1,6.567419,6.396576,1496
3825,printf,2048,64,20,0.590243,0.419998,11440
3826,printf,2048,256,17,1.059130,0.888782,204
3827,void,2048,64,14,0.746916,0.576384,11440
3828,scorep,2048,64,19,0.609156,0.438739,11440
3829,scorep,2048,256,1,6.823288,6.652431,204
383,empty,2048,128,7,1.237178,1.065941,1496
3830,empty,2048,64,13,0.784686,0.614106,11440
3831,extrae,2048,64,13,0.849568,0.679846,11440
3832,void,2048,256,14,1.094415,0.924008,204
3833,printf,2048,192,6,1.239167,1.067311,385
3834,scorep,2048,192,1,5.442425,5.271483,385
3835,void,2048,128,14,0.782307,0.611988,1496
3836,scorep,2048,256,10,1.265660,1.094562,204
3837,extrae,2048,256,8,1.441651,1.271704,204
3838,extrae,2048,128,12,0.893587,0.722963,1496
3839,tikki,2048,256,14,1.139280,0.968118,204
384,printf,2048,64,11,0.897285,0.725615,11440
3840,scorep,2048,256,15,1.074469,0.901726,204
3841,extrae,2048,128,17,0.731070,0.561091,1496
3842,tikki,2048,256,6,1.691620,1.521333,204
3843,void,2048,128,12,0.857622,0.686932,1496
3844,empty,2048,256,15,1.071914,0.901313,204
3845,extrae,2048,64,1,6.826439,6.656661,11440
3846,scorep,2048,256,7,1.491558,1.319736,204
3847,extrae,2048,256,5,1.777755,1.607142,204
3848,void,2048,192,12,0.852575,0.681637,385
3849,extrae,2048,256,7,1.505600,1.335435,204
385,scorep,2048,64,4,1.897012,1.726124,11440
3850,void,2048,192,20,0.686348,0.515493,385
3851,extrae,2048,128,15,0.786746,0.616454,1496
3852,empty,2048,192,4,1.594517,1.411204,385
3853,printf,2048,192,11,0.883400,0.712409,385
3854,extrae,2048,128,18,0.710847,0.540505,1496
3855,scorep,2048,64,16,0.683102,0.512169,11440
3856,oot,2048,256,4,2.002747,1.832028,204
3857,extrae,2048,128,20,0.734690,0.556529,1496
3858,oot,2048,192,2,2.864526,2.692757,385
3859,empty,2048,128,3,2.346703,2.175011,1496
386,extrae,2048,256,1,6.828247,6.657986,204
3860,printf,2048,64,11,0.901469,0.730432,11440
3861,extrae,2048,128,5,1.576131,1.405418,1496
3862,tikki,2048,256,16,1.110930,0.940450,204
3863,printf,2048,64,2,3.601443,3.430892,11440
3864,oot,2048,256,10,1.256742,1.085995,204
3865,void,2048,256,11,1.235082,1.064091,204
3866,tikki,2048,128,16,0.751423,0.581113,1496
3867,tikki,2048,64,17,0.709594,0.538463,11440
3868,extrae,2048,256,6,1.657438,1.486383,204
3869,empty,2048,256,9,1.321853,1.150373,204
387,extrae,2048,64,18,0.700920,0.530595,11440
3870,void,2048,128,10,0.981033,0.810318,1496
3871,printf,2048,192,18,0.706737,0.535499,385
3872,oot,2048,128,16,0.709355,0.538030,1496
3873,oot,2048,256,11,1.239351,1.068031,204
3874,printf,2048,256,8,1.410550,1.239990,204
3875,extrae,2048,64,7,1.276561,1.106762,11440
3876,extrae,2048,64,11,0.956475,0.786091,11440
3877,extrae,2048,128,14,0.826900,0.656491,1496
3878,scorep,2048,192,2,2.885967,2.715916,385
3879,oot,2048,256,6,1.634902,1.463513,204
388,oot,2048,128,17,0.679894,0.508505,1496
3880,oot,2048,64,1,6.824175,6.652878,11440
3881,oot,2048,128,9,1.039533,0.868120,1496
3882,scorep,2048,256,4,2.001070,1.829648,204
3883,tikki,2048,64,13,0.838830,0.667055,11440
3884,scorep,2048,64,3,2.443539,2.271160,11440
3885,void,2048,64,18,0.629336,0.458681,11440
3886,void,2048,192,4,1.592961,1.421718,385
3887,tikki,2048,256,11,1.251218,1.079814,204
3888,empty,2048,128,6,1.362817,1.192179,1496
3889,void,2048,256,16,1.062203,0.891416,204
389,empty,2048,64,3,2.426388,2.255372,11440
3890,empty,2048,192,15,0.755757,0.584551,385
3891,printf,2048,192,9,0.992936,0.821968,385
3892,tikki,2048,256,15,1.115567,0.944332,204
3893,extrae,2048,256,10,1.282991,1.112756,204
3894,scorep,2048,256,18,1.063324,0.891178,204
3895,scorep,2048,64,13,0.796159,0.625127,11440
3896,scorep,2048,64,2,3.580188,3.409514,11440
3897,printf,2048,256,9,1.322989,1.152066,204
3898,tikki,2048,192,10,0.974566,0.803523,385
3899,extrae,2048,192,11,0.917376,0.746828,385
39,printf,2048,256,3,2.547049,2.376456,204
390,printf,2048,256,4,2.007030,1.835390,204
3900,tikki,2048,256,8,1.451584,1.280471,204
3901,printf,2048,192,8,1.067856,0.896994,385
3902,printf,2048,256,19,1.040474,0.868808,204
3903,empty,2048,128,12,0.857550,0.686592,1496
3904,tikki,2048,128,7,1.270898,1.099936,1496
3905,printf,2048,64,10,0.966529,0.795580,11440
3906,empty,2048,128,2,3.401471,3.230887,1496
3907,void,2048,256,19,1.046854,0.875433,204
3908,oot,2048,64,15,0.715285,0.542332,11440
3909,printf,2048,256,7,1.497108,1.325685,204
391,oot,2048,64,7,1.250041,1.079004,11440
3910,scorep,2048,256,9,1.323534,1.151435,204
3911,oot,2048,192,1,5.459171,5.288970,385
3912,printf,2048,64,16,0.681831,0.511735,11440
3913,printf,2048,128,7,1.241077,1.071116,1496
3914,scorep,2048,192,6,1.240366,1.068669,385
3915,tikki,2048,64,2,3.627223,3.455737,11440
3916,oot,2048,64,18,0.630218,0.459822,11440
3917,scorep,2048,128,5,1.553359,1.382126,1496
3918,empty,2048,64,3,2.434455,2.264305,11440
3919,oot,2048,128,7,1.239338,1.068102,1496
392,printf,2048,256,15,1.077145,0.906010,204
3920,extrae,2048,64,9,1.081511,0.910654,11440
3921,oot,2048,192,18,0.700189,0.529486,385
3922,tikki,2048,128,10,1.006256,0.835456,1496
3923,printf,2048,64,4,1.891528,1.720106,11440
3924,tikki,2048,128,8,1.161849,0.990437,1496
3925,oot,2048,192,9,0.993984,0.822907,385
3926,tikki,2048,64,9,1.093571,0.922796,11440
3927,void,2048,192,16,0.735716,0.565023,385
3928,empty,2048,256,14,1.089867,0.918576,204
3929,scorep,2048,128,10,0.982338,0.811215,1496
393,empty,2048,256,8,1.421357,1.250659,204
3930,extrae,2048,192,8,1.087934,0.917093,385
3931,extrae,2048,256,7,1.510907,1.340963,204
3932,void,2048,256,11,1.208832,1.037902,204
3933,oot,2048,192,10,0.940998,0.769781,385
3934,printf,2048,128,3,2.342197,2.171086,1496
3935,empty,2048,64,16,0.678701,0.508037,11440
3936,printf,2048,64,8,1.130397,0.958111,11440
3937,scorep,2048,192,19,0.689420,0.518579,385
3938,empty,2048,192,5,1.369518,1.198211,385
3939,extrae,2048,64,13,0.846666,0.676485,11440
394,tikki,2048,256,8,1.449309,1.278067,204
3940,tikki,2048,128,14,0.827562,0.655993,1496
3941,void,2048,128,4,1.815449,1.643927,1496
3942,scorep,2048,192,6,1.233996,1.063172,385
3943,empty,2048,128,13,0.816248,0.645035,1496
3944,printf,2048,192,11,0.886657,0.715542,385
3945,tikki,2048,64,5,1.644984,1.474621,11440
3946,void,2048,64,17,0.655325,0.484340,11440
3947,scorep,2048,256,4,2.002821,1.831258,204
3948,tikki,2048,64,6,1.480639,1.309990,11440
3949,printf,2048,256,8,1.411956,1.240562,204
395,oot,2048,128,11,0.909035,0.738218,1496
3950,tikki,2048,192,9,1.041342,0.870510,385
3951,void,2048,128,20,0.624605,0.453482,1496
3952,extrae,2048,192,15,0.803756,0.633509,385
3953,empty,2048,128,18,0.655669,0.485551,1496
3954,void,2048,64,11,0.894580,0.723512,11440
3955,scorep,2048,64,19,0.613283,0.442627,11440
3956,printf,2048,64,18,0.631511,0.461009,11440
3957,extrae,2048,128,6,1.383311,1.212930,1496
3958,extrae,2048,256,3,2.506611,2.336554,204
3959,empty,2048,128,19,0.637111,0.466356,1496
396,empty,2048,256,15,1.073239,0.902490,204
3960,void,2048,64,14,0.752836,0.582052,11440
3961,oot,2048,128,9,1.039154,0.867780,1496
3962,tikki,2048,128,12,0.906458,0.735451,1496
3963,empty,2048,128,3,2.345707,2.174215,1496
3964,tikki,2048,256,13,1.152521,0.981355,204
3965,void,2048,256,9,1.319222,1.147940,204
3966,scorep,2048,192,5,1.377157,1.205097,385
3967,tikki,2048,128,13,0.858784,0.686790,1496
3968,tikki,2048,64,3,2.499941,2.328980,11440
3969,oot,2048,128,12,0.858540,0.687191,1496
397,empty,2048,192,13,0.812727,0.641617,385
3970,empty,2048,192,16,0.735671,0.564876,385
3971,empty,2048,192,20,0.686346,0.514785,385
3972,void,2048,64,2,3.573696,3.403034,11440
3973,void,2048,128,6,1.372817,1.201554,1496
3974,extrae,2048,256,1,6.825960,6.656136,204
3975,void,2048,64,4,1.899536,1.728981,11440
3976,void,2048,128,15,0.742158,0.571241,1496
3977,extrae,2048,192,1,5.449883,5.280188,385
3978,tikki,2048,128,15,0.790487,0.619481,1496
3979,empty,2048,256,17,1.060719,0.889953,204
398,void,2048,256,2,3.599901,3.429275,204
3980,oot,2048,64,19,0.609400,0.438839,11440
3981,scorep,2048,256,9,1.333527,1.160481,204
3982,printf,2048,192,4,1.587970,1.416981,385
3983,void,2048,192,3,2.014845,1.843141,385
3984,printf,2048,128,5,1.560975,1.389775,1496
3985,extrae,2048,192,7,1.133574,0.963495,385
3986,void,2048,256,8,1.406963,1.236112,204
3987,scorep,2048,256,5,1.795148,1.624109,204
3988,printf,2048,128,12,0.857494,0.686831,1496
3989,printf,2048,256,17,1.042038,0.871367,204
399,tikki,2048,128,20,0.668773,0.497262,1496
3990,printf,2048,256,13,1.112817,0.941401,204
3991,scorep,2048,128,4,1.818340,1.647471,1496
3992,scorep,2048,256,1,6.812319,6.641777,204
3993,extrae,2048,64,6,1.428274,1.257787,11440
3994,extrae,2048,192,6,1.255042,1.084309,385
3995,empty,2048,128,20,0.620476,0.449365,1496
3996,oot,2048,256,11,1.234204,1.062903,204
3997,extrae,2048,256,2,3.613272,3.429727,204
3998,printf,2048,256,5,1.778484,1.607772,204
3999,tikki,2048,192,6,1.278117,1.106006,385
4,tikki,2048,256,19,1.095403,0.923853,204
40,void,2048,256,1,6.833698,6.662834,204
400,tikki,2048,192,6,1.276940,1.105901,385
4000,scorep,2048,128,7,1.238973,1.066718,1496
4001,printf,2048,192,6,1.241561,1.069885,385
4002,scorep,2048,128,8,1.126931,0.955054,1496
4003,printf,2048,192,12,0.851778,0.680541,385
4004,scorep,2048,192,7,1.127738,0.956533,385
4005,extrae,2048,192,13,0.851375,0.681674,385
4006,extrae,2048,64,9,1.078961,0.908585,11440
4007,extrae,2048,128,4,1.817254,1.646637,1496
4008,empty,2048,192,19,0.685960,0.515063,385
4009,void,2048,64,1,6.804203,6.632633,11440
401,empty,2048,128,6,1.376863,1.205381,1496
4010,oot,2048,128,3,2.342800,2.172043,1496
4011,printf,2048,256,15,1.078391,0.907576,204
4012,scorep,2048,64,15,0.719805,0.547751,11440
4013,oot,2048,64,6,1.421227,1.250508,11440
4014,tikki,2048,64,2,3.622221,3.451314,11440
4015,scorep,2048,256,15,1.079735,0.908964,204
4016,extrae,2048,256,10,1.292734,1.122508,204
4017,empty,2048,64,17,0.653610,0.483157,11440
4018,printf,2048,192,20,0.687906,0.516364,385
4019,printf,2048,256,7,1.495443,1.324001,204
402,empty,2048,64,11,0.892038,0.721086,11440
4020,extrae,2048,256,4,1.978236,1.808099,204
4021,oot,2048,256,7,1.496830,1.325286,204
4022,oot,2048,128,1,6.554999,6.384441,1496
4023,scorep,2048,64,18,0.638126,0.466939,11440
4024,oot,2048,64,1,6.819120,6.647319,11440
4025,extrae,2048,64,4,1.911177,1.741039,11440
4026,extrae,2048,128,13,0.855838,0.685438,1496
4027,tikki,2048,256,2,3.638006,3.467717,204
4028,printf,2048,256,9,1.325207,1.154450,204
4029,empty,2048,64,8,1.121777,0.950732,11440
403,empty,2048,192,3,1.996066,1.825195,385
4030,void,2048,256,13,1.160093,0.988004,204
4031,printf,2048,256,12,1.194808,1.023589,204
4032,void,2048,256,3,2.554130,2.383095,204
4033,printf,2048,128,2,3.420838,3.249951,1496
4034,empty,2048,192,7,1.117759,0.946619,385
4035,extrae,2048,64,2,3.650068,3.479751,11440
4036,extrae,2048,256,9,1.343959,1.173617,204
4037,oot,2048,192,7,1.118078,0.946349,385
4038,printf,2048,64,17,0.657652,0.486840,11440
4039,extrae,2048,128,20,0.717029,0.542602,1496
404,void,2048,64,4,1.890446,1.719906,11440
4040,scorep,2048,256,17,1.060007,0.887839,204
4041,oot,2048,64,9,1.038398,0.867501,11440
4042,oot,2048,64,8,1.119421,0.947940,11440
4043,void,2048,128,16,0.706203,0.535237,1496
4044,extrae,2048,128,19,0.697716,0.528205,1496
4045,printf,2048,128,19,0.641655,0.469419,1496
4046,scorep,2048,128,20,0.624379,0.454271,1496
4047,empty,2048,192,15,0.745878,0.574810,385
4048,extrae,2048,192,20,0.800091,0.621597,385
4049,empty,2048,192,9,0.995692,0.824852,385
405,scorep,2048,256,14,1.108284,0.924282,204
4050,scorep,2048,192,16,0.744551,0.573878,385
4051,void,2048,256,2,3.594981,3.424717,204
4052,scorep,2048,256,12,1.184107,1.012371,204
4053,scorep,2048,192,2,2.881272,2.710200,385
4054,tikki,2048,256,20,1.074771,0.903896,204
4055,oot,2048,64,11,0.958961,0.731692,11440
4056,empty,2048,256,12,1.193456,1.022199,204
4057,printf,2048,256,11,1.235006,1.063617,204
4058,empty,2048,128,7,1.239100,1.067884,1496
4059,empty,2048,256,3,2.568582,2.397947,204
406,empty,2048,256,2,3.599499,3.428208,204
4060,oot,2048,64,13,0.796475,0.624284,11440
4061,printf,2048,256,16,1.062319,0.891240,204
4062,void,2048,64,9,1.038586,0.867609,11440
4063,scorep,2048,64,5,1.607661,1.434110,11440
4064,oot,2048,256,8,1.408993,1.238009,204
4065,printf,2048,64,14,0.753266,0.582052,11440
4066,extrae,2048,128,17,0.732033,0.561594,1496
4067,empty,2048,64,7,1.246008,1.075101,11440
4068,printf,2048,256,19,1.041009,0.869673,204
4069,tikki,2048,256,1,6.870145,6.699677,204
407,oot,2048,256,11,1.225670,1.053629,204
4070,tikki,2048,128,1,6.613931,6.443525,1496
4071,extrae,2048,192,9,1.017343,0.846888,385
4072,oot,2048,256,4,1.989514,1.819354,204
4073,empty,2048,128,10,0.980208,0.809599,1496
4074,scorep,2048,128,17,0.679687,0.509251,1496
4075,scorep,2048,256,16,1.065634,0.893362,204
4076,extrae,2048,192,14,0.834303,0.664306,385
4077,printf,2048,64,2,3.592217,3.421436,11440
4078,oot,2048,192,11,0.885147,0.714571,385
4079,printf,2048,192,15,0.757831,0.587333,385
408,oot,2048,192,1,5.487677,5.316236,385
4080,scorep,2048,64,9,1.040129,0.869515,11440
4081,extrae,2048,192,17,0.786749,0.616713,385
4082,scorep,2048,192,14,0.801439,0.630110,385
4083,empty,2048,256,16,1.057628,0.887283,204
4084,oot,2048,256,13,1.160845,0.989654,204
4085,empty,2048,192,10,0.937814,0.766760,385
4086,extrae,2048,64,14,0.805600,0.635641,11440
4087,tikki,2048,128,16,0.752023,0.581371,1496
4088,printf,2048,192,17,0.774038,0.558061,385
4089,printf,2048,128,18,0.656438,0.485202,1496
409,empty,2048,128,11,0.909450,0.738334,1496
4090,tikki,2048,64,12,0.893493,0.722554,11440
4091,scorep,2048,128,19,0.635166,0.464241,1496
4092,empty,2048,256,11,1.235298,1.064578,204
4093,extrae,2048,192,2,2.894603,2.724267,385
4094,void,2048,64,6,1.423916,1.252181,11440
4095,tikki,2048,192,1,5.508315,5.337987,385
4096,tikki,2048,192,18,0.738085,0.566868,385
4097,scorep,2048,192,17,0.731988,0.560502,385
4098,extrae,2048,256,15,1.119709,0.949687,204
4099,extrae,2048,256,12,1.201882,1.031886,204
41,tikki,2048,128,8,1.160116,0.989206,1496
410,scorep,2048,64,20,0.592746,0.421715,11440
4100,tikki,2048,192,20,0.733653,0.563033,385
4101,void,2048,192,18,0.700931,0.529970,385
4102,printf,2048,192,16,0.752369,0.580963,385
4103,extrae,2048,64,18,0.697974,0.527932,11440
4104,empty,2048,128,15,0.742851,0.572074,1496
4105,tikki,2048,192,3,2.043848,1.872477,385
4106,empty,2048,64,1,6.815725,6.644542,11440
4107,void,2048,256,16,1.059916,0.889479,204
4108,printf,2048,64,13,0.795133,0.623933,11440
4109,tikki,2048,128,4,1.858681,1.687528,1496
411,scorep,2048,256,12,1.173938,1.002029,204
4110,scorep,2048,128,5,1.549749,1.378164,1496
4111,scorep,2048,128,9,1.042152,0.869487,1496
4112,oot,2048,256,9,1.318059,1.147640,204
4113,scorep,2048,64,6,1.401023,1.229233,11440
4114,extrae,2048,128,10,1.012430,0.841851,1496
4115,oot,2048,192,17,0.725254,0.554889,385
4116,empty,2048,192,8,1.066810,0.896296,385
4117,tikki,2048,256,6,1.687082,1.515775,204
4118,oot,2048,128,8,1.118339,0.947413,1496
4119,scorep,2048,256,10,1.262076,1.090827,204
412,oot,2048,64,14,0.749844,0.579144,11440
4120,void,2048,256,19,1.041688,0.870765,204
4121,void,2048,128,9,1.039205,0.867809,1496
4122,void,2048,256,5,1.773272,1.602252,204
4123,oot,2048,128,15,0.755041,0.572097,1496
4124,empty,2048,192,6,1.236250,1.065556,385
4125,oot,2048,64,17,0.649233,0.478747,11440
4126,void,2048,64,18,0.631428,0.459800,11440
4127,tikki,2048,128,3,2.385506,2.214505,1496
4128,void,2048,256,12,1.156959,0.985935,204
4129,printf,2048,256,6,1.646066,1.474869,204
413,empty,2048,256,6,1.638553,1.467553,204
4130,oot,2048,64,18,0.628646,0.458000,11440
4131,oot,2048,192,2,2.877748,2.707324,385
4132,oot,2048,64,10,0.963678,0.791943,11440
4133,printf,2048,256,4,2.021474,1.849989,204
4134,empty,2048,64,6,1.390342,1.219319,11440
4135,void,2048,192,9,0.989868,0.818943,385
4136,extrae,2048,64,11,0.958978,0.788366,11440
4137,extrae,2048,128,18,0.713131,0.542359,1496
4138,tikki,2048,256,10,1.293211,1.121885,204
4139,void,2048,192,12,0.849309,0.678740,385
414,tikki,2048,192,19,0.736658,0.564913,385
4140,oot,2048,128,7,1.237542,1.066554,1496
4141,tikki,2048,64,8,1.164689,0.993561,11440
4142,void,2048,64,19,0.607632,0.436441,11440
4143,extrae,2048,128,8,1.139849,0.969521,1496
4144,printf,2048,192,2,2.864353,2.693640,385
4145,scorep,2048,256,3,2.561282,2.390070,204
4146,tikki,2048,256,9,1.370402,1.199596,204
4147,oot,2048,128,5,1.549308,1.378718,1496
4148,empty,2048,128,2,3.394286,3.223132,1496
4149,extrae,2048,64,16,0.747791,0.577293,11440
415,oot,2048,256,3,2.510818,2.339666,204
4150,empty,2048,192,18,0.694073,0.523675,385
4151,empty,2048,64,12,0.835894,0.665602,11440
4152,empty,2048,128,8,1.119750,0.948836,1496
4153,tikki,2048,64,4,1.938918,1.767724,11440
4154,oot,2048,128,18,0.659464,0.488018,1496
4155,empty,2048,256,7,1.489286,1.317670,204
4156,printf,2048,64,20,0.591637,0.420614,11440
4157,tikki,2048,256,17,1.100858,0.929561,204
4158,extrae,2048,192,16,0.790367,0.620772,385
4159,scorep,2048,256,20,1.034511,0.862899,204
416,scorep,2048,192,4,1.592807,1.421512,385
4160,printf,2048,192,7,1.110017,0.939968,385
4161,oot,2048,256,2,3.595654,3.424993,204
4162,tikki,2048,128,5,1.589224,1.418144,1496
4163,scorep,2048,128,14,0.785506,0.614762,1496
4164,tikki,2048,64,7,1.303672,1.132850,11440
4165,empty,2048,256,15,1.070634,0.899865,204
4166,printf,2048,192,5,1.377343,1.206358,385
4167,scorep,2048,256,14,1.090978,0.920023,204
4168,tikki,2048,192,2,2.913203,2.742444,385
4169,extrae,2048,128,3,2.349441,2.179049,1496
417,scorep,2048,64,13,0.793397,0.622481,11440
4170,oot,2048,192,20,0.689787,0.518896,385
4171,void,2048,256,15,1.069267,0.898393,204
4172,tikki,2048,128,17,0.713578,0.542646,1496
4173,scorep,2048,128,3,2.357864,2.187148,1496
4174,empty,2048,256,2,3.597463,3.427243,204
4175,scorep,2048,128,13,0.832442,0.648261,1496
4176,empty,2048,256,8,1.410702,1.239740,204
4177,printf,2048,64,16,0.687678,0.517026,11440
4178,oot,2048,128,20,0.623022,0.451908,1496
4179,empty,2048,128,11,0.909599,0.739054,1496
418,extrae,2048,128,1,6.579367,6.408977,1496
4180,extrae,2048,256,8,1.434312,1.263741,204
4181,void,2048,256,10,1.264738,1.093973,204
4182,printf,2048,64,15,0.722387,0.550781,11440
4183,void,2048,128,17,0.678949,0.508504,1496
4184,tikki,2048,128,7,1.285137,1.114358,1496
4185,extrae,2048,128,11,0.941943,0.771448,1496
4186,scorep,2048,192,8,1.072778,0.900575,385
4187,scorep,2048,192,1,5.488879,5.317683,385
4188,extrae,2048,64,1,6.820051,6.649988,11440
4189,tikki,2048,192,12,0.899270,0.728881,385
419,scorep,2048,128,15,0.746852,0.575652,1496
4190,scorep,2048,256,11,1.221608,1.050897,204
4191,scorep,2048,256,2,3.595026,3.424314,204
4192,extrae,2048,128,16,0.754709,0.584985,1496
4193,extrae,2048,256,20,1.145309,0.967237,204
4194,scorep,2048,64,4,1.908861,1.736760,11440
4195,scorep,2048,128,12,0.862079,0.689860,1496
4196,void,2048,64,16,0.682740,0.511824,11440
4197,oot,2048,192,5,1.389105,1.218680,385
4198,void,2048,192,15,0.750937,0.580017,385
4199,oot,2048,192,4,1.589369,1.418621,385
42,tikki,2048,256,14,1.140493,0.969798,204
420,scorep,2048,64,1,6.848812,6.677859,11440
4200,scorep,2048,256,19,1.058484,0.885763,204
4201,empty,2048,64,9,1.034184,0.863350,11440
4202,extrae,2048,192,18,0.758613,0.588172,385
4203,tikki,2048,64,1,6.885058,6.713863,11440
4204,void,2048,64,7,1.276594,1.105143,11440
4205,void,2048,128,7,1.234372,1.063719,1496
4206,oot,2048,256,3,2.501556,2.331423,204
4207,tikki,2048,192,13,0.862970,0.691932,385
4208,printf,2048,192,10,0.939783,0.768698,385
4209,extrae,2048,128,9,1.092554,0.898036,1496
421,scorep,2048,256,4,2.026296,1.854651,204
4210,scorep,2048,128,15,0.742644,0.571507,1496
4211,void,2048,256,14,1.090678,0.919647,204
4212,printf,2048,256,2,3.596454,3.426057,204
4213,empty,2048,256,18,1.073077,0.902288,204
4214,oot,2048,256,18,1.056593,0.885852,204
4215,extrae,2048,128,15,0.792756,0.622863,1496
4216,empty,2048,128,4,1.818963,1.648531,1496
4217,oot,2048,128,13,0.872060,0.644760,1496
4218,oot,2048,128,11,0.912434,0.741328,1496
4219,tikki,2048,256,4,2.048795,1.876844,204
422,empty,2048,64,15,0.710838,0.539881,11440
4220,scorep,2048,64,11,0.899929,0.729127,11440
4221,tikki,2048,192,7,1.174169,1.003626,385
4222,extrae,2048,64,19,0.679756,0.510180,11440
4223,printf,2048,192,13,0.802629,0.632370,385
4224,scorep,2048,64,2,3.556606,3.385721,11440
4225,printf,2048,64,19,0.611062,0.440518,11440
4226,tikki,2048,64,13,0.828439,0.656979,11440
4227,empty,2048,256,19,1.067229,0.872193,204
4228,void,2048,128,19,0.682605,0.468909,1496
4229,tikki,2048,128,11,0.957544,0.786675,1496
423,scorep,2048,64,2,3.635903,3.409362,11440
4230,void,2048,128,18,0.657974,0.486944,1496
4231,scorep,2048,128,1,6.564866,6.393854,1496
4232,void,2048,128,11,0.909579,0.738869,1496
4233,printf,2048,64,7,1.252961,1.082436,11440
4234,void,2048,256,7,1.481186,1.310344,204
4235,tikki,2048,256,14,1.128259,0.957285,204
4236,void,2048,64,8,1.123097,0.952247,11440
4237,void,2048,192,10,0.940308,0.769569,385
4238,extrae,2048,64,12,0.900703,0.719099,11440
4239,extrae,2048,128,7,1.251971,1.081522,1496
424,scorep,2048,256,6,1.640105,1.469281,204
4240,void,2048,256,18,1.052999,0.880872,204
4241,empty,2048,192,1,5.460931,5.289588,385
4242,tikki,2048,256,15,1.121658,0.951141,204
4243,tikki,2048,256,11,1.277551,1.107057,204
4244,extrae,2048,128,5,1.582345,1.399778,1496
4245,tikki,2048,256,12,1.218040,1.047128,204
4246,oot,2048,256,6,1.634944,1.464367,204
4247,printf,2048,192,19,0.689036,0.517204,385
4248,empty,2048,128,12,0.856520,0.685344,1496
4249,empty,2048,128,6,1.374898,1.203976,1496
425,extrae,2048,128,6,1.391652,1.220795,1496
4250,void,2048,256,20,1.035090,0.863709,204
4251,tikki,2048,192,11,0.930042,0.758749,385
4252,empty,2048,192,13,0.813903,0.643295,385
4253,printf,2048,128,14,0.795096,0.611365,1496
4254,oot,2048,256,14,1.091999,0.921091,204
4255,oot,2048,192,12,0.848069,0.677401,385
4256,scorep,2048,256,7,1.489810,1.318580,204
4257,void,2048,256,1,6.828436,6.657405,204
4258,tikki,2048,256,5,1.808656,1.638202,204
4259,printf,2048,256,14,1.119385,0.924717,204
426,extrae,2048,256,20,1.114894,0.944919,204
4260,oot,2048,256,19,1.039611,0.868183,204
4261,tikki,2048,192,8,1.111445,0.940122,385
4262,tikki,2048,64,11,0.938307,0.766866,11440
4263,tikki,2048,128,6,1.408002,1.237610,1496
4264,void,2048,64,10,0.963603,0.792584,11440
4265,extrae,2048,192,12,0.886736,0.715712,385
4266,void,2048,128,3,2.346330,2.175741,1496
4267,oot,2048,128,10,0.977915,0.807104,1496
4268,oot,2048,192,16,0.728852,0.558258,385
4269,oot,2048,64,12,0.842059,0.671300,11440
427,empty,2048,128,17,0.676812,0.505941,1496
4270,void,2048,64,12,0.838695,0.667817,11440
4271,oot,2048,192,15,0.748901,0.576532,385
4272,void,2048,192,2,2.881455,2.709778,385
4273,extrae,2048,128,2,3.409848,3.239491,1496
4274,extrae,2048,64,10,1.012468,0.842137,11440
4275,empty,2048,256,9,1.324421,1.153976,204
4276,void,2048,192,13,0.817845,0.646371,385
4277,tikki,2048,128,9,1.080938,0.910130,1496
4278,void,2048,192,6,1.244306,1.062273,385
4279,scorep,2048,64,17,0.660302,0.488724,11440
428,oot,2048,256,19,1.043765,0.872872,204
4280,empty,2048,64,2,3.561287,3.390266,11440
4281,extrae,2048,128,14,0.823839,0.653764,1496
4282,void,2048,128,12,0.858179,0.687513,1496
4283,oot,2048,192,13,0.803349,0.632937,385
4284,void,2048,192,20,0.686535,0.515488,385
4285,oot,2048,64,14,0.747734,0.577029,11440
4286,printf,2048,64,6,1.423030,1.251920,11440
4287,scorep,2048,192,11,0.889686,0.717475,385
4288,printf,2048,64,11,0.900834,0.729267,11440
4289,oot,2048,128,17,0.677932,0.506496,1496
429,empty,2048,256,3,2.541765,2.371138,204
4290,void,2048,192,1,5.474317,5.303677,385
4291,printf,2048,192,3,2.000976,1.829665,385
4292,scorep,2048,256,6,1.634416,1.463773,204
4293,oot,2048,64,5,1.601229,1.429931,11440
4294,printf,2048,128,16,0.716302,0.544733,1496
4295,empty,2048,64,5,1.596061,1.425588,11440
4296,tikki,2048,256,16,1.105558,0.933817,204
4297,extrae,2048,192,11,0.916188,0.745901,385
4298,printf,2048,128,8,1.120073,0.949437,1496
4299,scorep,2048,256,18,1.069812,0.898302,204
43,oot,2048,256,15,1.088634,0.917705,204
430,printf,2048,256,11,1.270475,1.042815,204
4300,void,2048,128,5,1.555429,1.384201,1496
4301,scorep,2048,192,9,0.995915,0.824844,385
4302,void,2048,192,7,1.106105,0.934684,385
4303,empty,2048,64,4,1.891427,1.720804,11440
4304,void,2048,256,6,1.682917,1.469401,204
4305,scorep,2048,192,12,0.855179,0.683426,385
4306,printf,2048,256,3,2.547583,2.376182,204
4307,printf,2048,256,20,1.032968,0.862747,204
4308,tikki,2048,192,19,0.727636,0.557183,385
4309,extrae,2048,192,3,2.020114,1.849952,385
431,tikki,2048,256,3,2.557890,2.387129,204
4310,oot,2048,64,15,0.713411,0.543193,11440
4311,void,2048,64,13,0.790880,0.620450,11440
4312,oot,2048,64,4,1.896696,1.725482,11440
4313,empty,2048,128,1,6.577766,6.407122,1496
4314,extrae,2048,256,16,1.116469,0.946514,204
4315,printf,2048,128,13,0.814160,0.643693,1496
4316,oot,2048,64,20,0.592620,0.421368,11440
4317,oot,2048,192,8,1.068819,0.896759,385
4318,printf,2048,256,1,6.833349,6.662320,204
4319,tikki,2048,64,16,0.736191,0.566297,11440
432,scorep,2048,64,17,0.661641,0.490494,11440
4320,oot,2048,128,2,3.409030,3.237998,1496
4321,extrae,2048,256,13,1.195762,1.026065,204
4322,extrae,2048,256,17,1.120970,0.950593,204
4323,scorep,2048,64,3,2.453458,2.281282,11440
4324,empty,2048,192,2,2.872532,2.702467,385
4325,empty,2048,256,10,1.254286,1.083537,204
4326,scorep,2048,128,2,3.408514,3.236706,1496
4327,printf,2048,128,10,0.981753,0.809876,1496
4328,printf,2048,192,14,0.792790,0.622289,385
4329,extrae,2048,128,12,0.892569,0.721674,1496
433,scorep,2048,192,18,0.705077,0.533610,385
4330,tikki,2048,128,20,0.663558,0.492595,1496
4331,empty,2048,64,20,0.584675,0.413782,11440
4332,tikki,2048,64,10,1.019336,0.848041,11440
4333,tikki,2048,64,18,0.675323,0.503948,11440
4334,void,2048,192,5,1.371262,1.199802,385
4335,oot,2048,256,17,1.071126,0.899932,204
4336,tikki,2048,128,19,0.691940,0.521719,1496
4337,tikki,2048,64,14,0.793760,0.622207,11440
4338,printf,2048,64,1,6.853421,6.682574,11440
4339,scorep,2048,256,13,1.161321,0.990248,204
434,void,2048,128,5,1.553992,1.382623,1496
4340,void,2048,128,2,3.402164,3.231798,1496
4341,void,2048,64,3,2.451155,2.280096,11440
4342,tikki,2048,192,5,1.407589,1.237234,385
4343,empty,2048,256,6,1.639028,1.467892,204
4344,empty,2048,192,3,1.996019,1.825422,385
4345,scorep,2048,64,10,0.970346,0.799058,11440
4346,oot,2048,128,4,1.825531,1.654816,1496
4347,tikki,2048,64,20,0.634459,0.463594,11440
4348,void,2048,128,1,6.551177,6.379751,1496
4349,scorep,2048,192,4,1.593272,1.422540,385
435,tikki,2048,128,18,0.699405,0.528828,1496
4350,printf,2048,192,8,1.065739,0.895289,385
4351,printf,2048,256,18,1.072526,0.901612,204
4352,scorep,2048,128,11,0.914343,0.743552,1496
4353,void,2048,128,8,1.117333,0.946630,1496
4354,printf,2048,128,6,1.374532,1.203651,1496
4355,printf,2048,192,9,0.991890,0.821106,385
4356,empty,2048,192,11,0.883484,0.712900,385
4357,oot,2048,256,12,1.150574,0.980005,204
4358,oot,2048,64,2,3.561528,3.391152,11440
4359,extrae,2048,64,8,1.166068,0.995381,11440
436,void,2048,256,8,1.410465,1.239503,204
4360,void,2048,128,14,0.784385,0.613577,1496
4361,oot,2048,256,5,1.759243,1.588183,204
4362,void,2048,192,14,0.791407,0.619947,385
4363,printf,2048,192,1,5.464716,5.293325,385
4364,oot,2048,192,19,0.687592,0.517165,385
4365,extrae,2048,192,10,0.969126,0.798817,385
4366,scorep,2048,64,14,0.754398,0.582917,11440
4367,void,2048,192,8,1.064163,0.893429,385
4368,scorep,2048,128,6,1.374107,1.202919,1496
4369,tikki,2048,192,4,1.632885,1.461831,385
437,extrae,2048,64,4,1.909066,1.738592,11440
4370,tikki,2048,256,8,1.451704,1.280827,204
4371,scorep,2048,192,13,0.817242,0.646493,385
4372,void,2048,192,19,0.686566,0.515969,385
4373,scorep,2048,192,3,2.014560,1.843654,385
4374,printf,2048,256,10,1.256510,1.085915,204
4375,empty,2048,128,14,0.781186,0.610714,1496
4376,void,2048,256,17,1.053756,0.882932,204
4377,oot,2048,256,1,6.827958,6.657216,204
4378,tikki,2048,64,15,0.773778,0.602955,11440
4379,tikki,2048,256,3,2.554551,2.384243,204
438,empty,2048,192,16,0.750018,0.579444,385
4380,extrae,2048,256,6,1.649269,1.478460,204
4381,scorep,2048,64,16,0.684903,0.514283,11440
4382,void,2048,64,20,0.589268,0.417863,11440
4383,oot,2048,256,16,1.061189,0.889175,204
4384,empty,2048,64,14,0.747996,0.576670,11440
4385,scorep,2048,64,13,0.795708,0.623979,11440
4386,empty,2048,64,10,0.971183,0.798943,11440
4387,oot,2048,192,3,2.003462,1.832749,385
4388,empty,2048,128,17,0.676992,0.506287,1496
4389,empty,2048,128,16,0.707937,0.537071,1496
439,empty,2048,256,7,1.490434,1.319763,204
4390,printf,2048,128,15,0.755946,0.573941,1496
4391,tikki,2048,192,14,0.833571,0.661834,385
4392,scorep,2048,128,18,0.662363,0.491079,1496
4393,scorep,2048,192,20,0.689735,0.518095,385
4394,extrae,2048,256,18,1.122499,0.951373,204
4395,tikki,2048,256,18,1.122315,0.951650,204
4396,scorep,2048,64,7,1.282705,1.111410,11440
4397,extrae,2048,192,5,1.377263,1.206613,385
4398,tikki,2048,192,15,0.789942,0.619669,385
4399,void,2048,64,15,0.713304,0.542841,11440
44,tikki,2048,64,20,0.634904,0.463765,11440
440,empty,2048,192,20,0.687536,0.516827,385
4400,oot,2048,128,14,0.806569,0.611637,1496
4401,void,2048,192,11,0.886202,0.714773,385
4402,tikki,2048,192,16,0.782603,0.611629,385
4403,empty,2048,256,4,1.989310,1.817729,204
4404,oot,2048,192,6,1.236974,1.066114,385
4405,empty,2048,192,17,0.730236,0.559437,385
4406,void,2048,256,4,2.018502,1.847536,204
4407,tikki,2048,128,2,3.457296,3.286253,1496
4408,oot,2048,128,6,1.377844,1.207123,1496
4409,tikki,2048,64,19,0.650383,0.479733,11440
441,scorep,2048,128,19,0.641177,0.469448,1496
4410,oot,2048,128,19,0.634647,0.464407,1496
4411,printf,2048,128,7,1.238968,1.067982,1496
4412,extrae,2048,64,20,0.707212,0.528929,11440
4413,empty,2048,64,18,0.630007,0.458387,11440
4414,extrae,2048,64,17,0.719816,0.549592,11440
4415,empty,2048,64,15,0.711313,0.540182,11440
4416,empty,2048,64,3,2.448854,2.277691,11440
4417,scorep,2048,128,16,0.711355,0.539278,1496
4418,printf,2048,128,9,1.040593,0.869420,1496
4419,printf,2048,128,4,1.823504,1.652275,1496
442,tikki,2048,64,13,0.833087,0.661860,11440
4420,void,2048,192,4,1.600060,1.428611,385
4421,empty,2048,256,20,1.033621,0.862667,204
4422,extrae,2048,128,1,6.562758,6.392663,1496
4423,oot,2048,64,3,2.454790,2.283680,11440
4424,printf,2048,128,20,0.620628,0.449705,1496
4425,empty,2048,256,5,1.763389,1.591850,204
4426,tikki,2048,256,7,1.537893,1.367330,204
4427,extrae,2048,192,19,0.746093,0.576298,385
4428,tikki,2048,192,17,0.752552,0.582080,385
4429,printf,2048,128,17,0.680480,0.509721,1496
443,scorep,2048,256,11,1.213731,1.042209,204
4430,extrae,2048,256,14,1.140527,0.970338,204
4431,tikki,2048,128,18,0.705138,0.534067,1496
4432,oot,2048,128,16,0.708626,0.537598,1496
4433,empty,2048,256,13,1.157178,0.985867,204
4434,printf,2048,64,9,1.041666,0.871305,11440
4435,extrae,2048,64,15,0.774290,0.603958,11440
4436,oot,2048,192,1,5.445634,5.274189,385
4437,scorep,2048,192,15,0.768613,0.597199,385
4438,empty,2048,192,14,0.786886,0.615908,385
4439,extrae,2048,256,5,1.760910,1.590777,204
444,tikki,2048,192,4,1.645129,1.474414,385
4440,empty,2048,128,9,1.043871,0.872756,1496
4441,printf,2048,64,12,0.840914,0.669902,11440
4442,empty,2048,64,13,0.794951,0.624215,11440
4443,oot,2048,256,10,1.259895,1.088604,204
4444,extrae,2048,64,7,1.281834,1.111816,11440
4445,void,2048,128,13,0.815161,0.643976,1496
4446,printf,2048,64,10,0.970206,0.798580,11440
4447,scorep,2048,64,20,0.597093,0.425510,11440
4448,empty,2048,64,11,0.896635,0.725358,11440
4449,scorep,2048,192,10,0.943000,0.771441,385
445,extrae,2048,256,18,1.108055,0.937787,204
4450,oot,2048,256,20,1.034028,0.862237,204
4451,tikki,2048,64,17,0.704915,0.534575,11440
4452,extrae,2048,64,3,2.482842,2.312415,11440
4453,oot,2048,256,15,1.086344,0.915540,204
4454,oot,2048,64,7,1.249859,1.079152,11440
4455,void,2048,192,17,0.721325,0.550593,385
4456,empty,2048,192,4,1.585589,1.414581,385
4457,empty,2048,256,1,6.878479,6.707819,204
4458,scorep,2048,192,18,0.711772,0.540161,385
4459,extrae,2048,256,11,1.266377,1.096358,204
446,tikki,2048,128,7,1.277020,1.106323,1496
4460,scorep,2048,256,8,1.419498,1.248477,204
4461,printf,2048,64,5,1.603260,1.432511,11440
4462,empty,2048,64,19,0.605478,0.433521,11440
4463,printf,2048,128,1,6.584869,6.413661,1496
4464,printf,2048,192,18,0.702494,0.531341,385
4465,empty,2048,128,5,1.561028,1.390221,1496
4466,scorep,2048,64,1,6.803217,6.631115,11440
4467,empty,2048,192,12,0.851833,0.680278,385
4468,scorep,2048,64,12,0.846376,0.675390,11440
4469,void,2048,64,5,1.616573,1.445621,11440
447,scorep,2048,64,14,0.755893,0.584551,11440
4470,tikki,2048,256,19,1.087449,0.916176,204
4471,oot,2048,64,16,0.681243,0.509836,11440
4472,tikki,2048,192,10,0.977049,0.806252,385
4473,printf,2048,128,11,0.910642,0.739826,1496
4474,extrae,2048,256,19,1.111728,0.928924,204
4475,extrae,2048,64,5,1.626455,1.456032,11440
4476,void,2048,128,10,0.981962,0.811020,1496
4477,extrae,2048,192,4,1.586245,1.416184,385
4478,scorep,2048,64,8,1.126404,0.955627,11440
4479,oot,2048,192,14,0.773629,0.602750,385
448,void,2048,192,8,1.068651,0.897858,385
4480,printf,2048,64,3,2.447561,2.275548,11440
4481,tikki,2048,192,9,1.047823,0.876569,385
4482,tikki,2048,256,18,1.094253,0.923539,204
4483,tikki,2048,256,2,3.647954,3.476193,204
4484,oot,2048,192,4,1.612785,1.417978,385
4485,tikki,2048,128,17,0.720466,0.548909,1496
4486,void,2048,192,7,1.116091,0.945741,385
4487,empty,2048,256,15,1.080150,0.909671,204
4488,oot,2048,128,1,6.534547,6.363247,1496
4489,oot,2048,128,20,0.624094,0.453493,1496
449,empty,2048,128,18,0.656745,0.485526,1496
4490,empty,2048,256,5,1.783991,1.613114,204
4491,printf,2048,192,18,0.700883,0.529820,385
4492,scorep,2048,256,6,1.644988,1.473777,204
4493,printf,2048,256,2,3.601521,3.430665,204
4494,extrae,2048,128,5,1.562924,1.392741,1496
4495,extrae,2048,256,5,1.791909,1.621860,204
4496,empty,2048,64,14,0.751937,0.580793,11440
4497,extrae,2048,256,16,1.108968,0.938625,204
4498,oot,2048,256,10,1.254130,1.083422,204
4499,scorep,2048,128,6,1.374999,1.203263,1496
45,void,2048,192,9,0.995767,0.824416,385
450,tikki,2048,192,8,1.103258,0.932375,385
4500,scorep,2048,64,13,0.795116,0.624126,11440
4501,extrae,2048,128,9,1.066948,0.896250,1496
4502,scorep,2048,64,14,0.755590,0.584483,11440
4503,oot,2048,128,16,0.709442,0.538769,1496
4504,printf,2048,64,2,3.588627,3.417579,11440
4505,oot,2048,64,11,0.899375,0.728251,11440
4506,empty,2048,128,17,0.676884,0.505784,1496
4507,empty,2048,64,4,1.880145,1.709137,11440
4508,printf,2048,64,4,1.910172,1.738320,11440
4509,extrae,2048,128,7,1.250187,1.080093,1496
451,void,2048,192,3,1.995074,1.824348,385
4510,tikki,2048,128,3,2.396915,2.224772,1496
4511,void,2048,128,19,0.635444,0.463824,1496
4512,printf,2048,192,7,1.118591,0.947482,385
4513,empty,2048,128,3,2.341709,2.170982,1496
4514,extrae,2048,128,15,0.787673,0.617120,1496
4515,tikki,2048,128,2,3.449792,3.278626,1496
4516,scorep,2048,128,20,0.626756,0.455227,1496
4517,printf,2048,64,3,2.465931,2.295193,11440
4518,tikki,2048,192,15,0.790459,0.618365,385
4519,empty,2048,192,17,0.721508,0.551472,385
452,void,2048,256,18,1.054141,0.883075,204
4520,tikki,2048,128,20,0.665868,0.495094,1496
4521,void,2048,128,4,1.807105,1.635680,1496
4522,empty,2048,256,2,3.604147,3.433490,204
4523,oot,2048,256,19,1.035037,0.864684,204
4524,tikki,2048,64,4,1.950389,1.779411,11440
4525,void,2048,64,18,0.626439,0.456011,11440
4526,scorep,2048,64,17,0.664747,0.494048,11440
4527,tikki,2048,192,7,1.169918,0.998913,385
4528,printf,2048,256,7,1.496743,1.325950,204
4529,extrae,2048,128,10,1.015040,0.845070,1496
453,printf,2048,256,12,1.167988,0.996501,204
4530,void,2048,128,17,0.676644,0.506022,1496
4531,scorep,2048,64,16,0.690859,0.519601,11440
4532,extrae,2048,128,19,0.695272,0.525210,1496
4533,printf,2048,128,7,1.234812,1.063976,1496
4534,oot,2048,128,11,0.910018,0.738617,1496
4535,printf,2048,192,8,1.066481,0.895604,385
4536,extrae,2048,64,20,0.712687,0.534319,11440
4537,extrae,2048,256,9,1.343646,1.172982,204
4538,tikki,2048,192,4,1.621806,1.450375,385
4539,printf,2048,64,10,0.969163,0.797817,11440
454,empty,2048,128,5,1.556327,1.385306,1496
4540,void,2048,64,10,0.966582,0.795398,11440
4541,extrae,2048,64,17,0.719334,0.549107,11440
4542,extrae,2048,192,1,5.470228,5.300435,385
4543,tikki,2048,64,9,1.076560,0.905236,11440
4544,void,2048,192,4,1.577229,1.406112,385
4545,oot,2048,256,15,1.077877,0.906479,204
4546,extrae,2048,128,3,2.361932,2.191290,1496
4547,scorep,2048,64,4,1.900200,1.728627,11440
4548,void,2048,192,17,0.723648,0.553011,385
4549,empty,2048,192,11,0.886387,0.715135,385
455,scorep,2048,128,3,2.336334,2.165442,1496
4550,void,2048,128,1,6.558302,6.386151,1496
4551,void,2048,64,14,0.748544,0.577307,11440
4552,tikki,2048,256,16,1.112136,0.941409,204
4553,tikki,2048,192,11,0.934344,0.763796,385
4554,void,2048,64,20,0.586974,0.414634,11440
4555,empty,2048,64,3,2.448275,2.277203,11440
4556,scorep,2048,192,11,0.888954,0.717364,385
4557,tikki,2048,256,6,1.679324,1.507943,204
4558,extrae,2048,64,8,1.165087,0.995021,11440
4559,printf,2048,256,13,1.110145,0.939152,204
456,extrae,2048,128,11,0.941792,0.770836,1496
4560,empty,2048,192,9,0.992881,0.821925,385
4561,scorep,2048,256,7,1.489382,1.318305,204
4562,tikki,2048,64,1,6.897078,6.726156,11440
4563,tikki,2048,64,15,0.757189,0.586520,11440
4564,empty,2048,192,12,0.849454,0.678165,385
4565,tikki,2048,128,7,1.276234,1.104949,1496
4566,empty,2048,256,4,2.017506,1.846396,204
4567,void,2048,256,4,2.006955,1.835846,204
4568,void,2048,64,3,2.451492,2.281194,11440
4569,printf,2048,128,16,0.711307,0.539907,1496
457,empty,2048,256,19,1.064179,0.864767,204
4570,oot,2048,256,7,1.488680,1.317850,204
4571,tikki,2048,128,15,0.788807,0.617170,1496
4572,void,2048,64,8,1.119337,0.948287,11440
4573,scorep,2048,192,9,0.995949,0.824348,385
4574,void,2048,128,18,0.657086,0.485294,1496
4575,extrae,2048,64,7,1.277562,1.107624,11440
4576,empty,2048,192,8,1.065053,0.894304,385
4577,extrae,2048,64,3,2.486639,2.304296,11440
4578,oot,2048,192,14,0.784010,0.612710,385
4579,empty,2048,192,20,0.686645,0.515642,385
458,empty,2048,192,6,1.237945,1.066774,385
4580,printf,2048,256,6,1.632663,1.461509,204
4581,scorep,2048,64,15,0.719767,0.547825,11440
4582,scorep,2048,256,14,1.097625,0.927036,204
4583,void,2048,128,12,0.856027,0.685705,1496
4584,printf,2048,192,1,5.438967,5.266934,385
4585,printf,2048,128,12,0.884420,0.684468,1496
4586,extrae,2048,256,3,2.512888,2.342512,204
4587,printf,2048,192,17,0.727350,0.556879,385
4588,empty,2048,128,11,0.911561,0.739493,1496
4589,void,2048,192,15,0.760808,0.589958,385
459,printf,2048,64,2,3.591307,3.420064,11440
4590,scorep,2048,192,6,1.243957,1.070390,385
4591,printf,2048,64,20,0.588276,0.417620,11440
4592,extrae,2048,256,8,1.437676,1.267533,204
4593,printf,2048,64,13,0.794419,0.624269,11440
4594,scorep,2048,128,9,1.042004,0.870217,1496
4595,extrae,2048,256,19,1.115045,0.945198,204
4596,void,2048,192,13,0.815178,0.644627,385
4597,scorep,2048,256,17,1.066585,0.894725,204
4598,extrae,2048,64,1,6.827983,6.657800,11440
4599,tikki,2048,64,6,1.487476,1.316306,11440
46,printf,2048,192,14,0.780530,0.609628,385
460,printf,2048,128,11,0.911236,0.740227,1496
4600,empty,2048,192,5,1.370458,1.199587,385
4601,void,2048,128,13,0.815534,0.644759,1496
4602,oot,2048,64,3,2.444794,2.274021,11440
4603,oot,2048,128,7,1.236001,1.065648,1496
4604,void,2048,128,10,0.980741,0.809788,1496
4605,printf,2048,64,5,1.607867,1.437405,11440
4606,extrae,2048,128,18,0.715068,0.545215,1496
4607,oot,2048,256,11,1.229415,1.058490,204
4608,extrae,2048,192,13,0.846440,0.676565,385
4609,void,2048,64,5,1.614749,1.443417,11440
461,printf,2048,64,16,0.688392,0.516899,11440
4610,tikki,2048,192,13,0.864702,0.694144,385
4611,scorep,2048,256,16,1.060075,0.889033,204
4612,void,2048,256,16,1.068330,0.897560,204
4613,printf,2048,256,16,1.058555,0.887514,204
4614,scorep,2048,256,20,1.036090,0.865349,204
4615,void,2048,192,11,0.885584,0.714823,385
4616,scorep,2048,64,1,6.805036,6.634577,11440
4617,scorep,2048,64,20,0.593638,0.423079,11440
4618,scorep,2048,256,12,1.177110,1.006927,204
4619,printf,2048,64,14,0.750737,0.580148,11440
462,scorep,2048,64,3,2.451832,2.279142,11440
4620,tikki,2048,128,4,1.856297,1.685565,1496
4621,scorep,2048,128,16,0.709989,0.540218,1496
4622,void,2048,128,2,3.413333,3.242067,1496
4623,printf,2048,64,15,0.720027,0.548526,11440
4624,void,2048,128,15,0.741704,0.570553,1496
4625,extrae,2048,256,17,1.121965,0.951664,204
4626,printf,2048,128,8,1.106578,0.935745,1496
4627,void,2048,256,12,1.189849,1.019467,204
4628,empty,2048,256,19,1.038932,0.867893,204
4629,printf,2048,64,9,1.038516,0.867584,11440
463,tikki,2048,192,14,0.830458,0.659462,385
4630,extrae,2048,64,12,0.890100,0.720338,11440
4631,tikki,2048,192,3,2.040607,1.869387,385
4632,empty,2048,64,7,1.277024,1.105466,11440
4633,scorep,2048,256,5,1.754996,1.583558,204
4634,oot,2048,256,12,1.177031,1.005710,204
4635,printf,2048,64,16,0.684698,0.514010,11440
4636,scorep,2048,128,8,1.126682,0.955411,1496
4637,scorep,2048,64,10,0.968771,0.797440,11440
4638,scorep,2048,256,9,1.320458,1.148939,204
4639,extrae,2048,192,6,1.245784,1.075625,385
464,extrae,2048,64,9,1.083038,0.913178,11440
4640,oot,2048,128,10,0.978694,0.807739,1496
4641,void,2048,128,5,1.543295,1.371667,1496
4642,empty,2048,128,13,0.814847,0.643896,1496
4643,empty,2048,192,13,0.815910,0.644832,385
4644,empty,2048,256,10,1.257029,1.085802,204
4645,printf,2048,256,1,6.832504,6.661571,204
4646,empty,2048,64,10,0.965268,0.794257,11440
4647,tikki,2048,64,8,1.169598,0.998734,11440
4648,void,2048,256,10,1.258506,1.086670,204
4649,empty,2048,64,19,0.606778,0.435127,11440
465,printf,2048,192,15,0.762489,0.591851,385
4650,void,2048,256,1,6.838130,6.666914,204
4651,empty,2048,128,7,1.235730,1.064034,1496
4652,empty,2048,64,5,1.612044,1.441088,11440
4653,tikki,2048,128,14,0.820553,0.649520,1496
4654,oot,2048,64,9,1.034045,0.862448,11440
4655,extrae,2048,256,13,1.197322,1.027243,204
4656,tikki,2048,64,13,0.839146,0.668282,11440
4657,tikki,2048,192,19,0.730808,0.560414,385
4658,void,2048,64,1,6.841833,6.641722,11440
4659,tikki,2048,128,19,0.680848,0.510014,1496
466,printf,2048,192,4,1.571883,1.401051,385
4660,extrae,2048,128,13,0.853851,0.683750,1496
4661,empty,2048,128,10,0.979430,0.809024,1496
4662,oot,2048,256,4,1.981262,1.810716,204
4663,extrae,2048,64,15,0.832621,0.605631,11440
4664,scorep,2048,64,5,1.607236,1.435626,11440
4665,void,2048,256,11,1.213269,1.042462,204
4666,tikki,2048,256,19,1.099322,0.927980,204
4667,empty,2048,256,14,1.093825,0.923466,204
4668,oot,2048,128,9,1.043927,0.873751,1496
4669,scorep,2048,128,4,1.822447,1.651129,1496
467,oot,2048,256,9,1.317374,1.146452,204
4670,printf,2048,192,15,0.760969,0.590045,385
4671,oot,2048,192,7,1.127574,0.955735,385
4672,printf,2048,256,8,1.417618,1.245718,204
4673,extrae,2048,192,12,0.884949,0.714639,385
4674,extrae,2048,192,20,0.800909,0.622382,385
4675,tikki,2048,192,18,0.747646,0.576763,385
4676,empty,2048,128,2,3.416169,3.245260,1496
4677,scorep,2048,192,10,0.948495,0.775978,385
4678,void,2048,192,2,2.863225,2.692534,385
4679,oot,2048,128,8,1.122306,0.951288,1496
468,empty,2048,256,20,1.029512,0.857699,204
4680,printf,2048,128,13,0.817633,0.646062,1496
4681,tikki,2048,256,10,1.289348,1.118324,204
4682,printf,2048,256,15,1.068995,0.898199,204
4683,scorep,2048,192,19,0.691244,0.519864,385
4684,printf,2048,192,4,1.590370,1.419526,385
4685,oot,2048,192,1,5.465155,5.294395,385
4686,scorep,2048,64,11,0.905383,0.734313,11440
4687,extrae,2048,192,17,0.780506,0.610398,385
4688,printf,2048,256,10,1.258380,1.087882,204
4689,printf,2048,128,5,1.563925,1.392476,1496
469,tikki,2048,192,12,0.896522,0.726225,385
4690,empty,2048,128,14,0.781000,0.609302,1496
4691,tikki,2048,256,8,1.456345,1.285223,204
4692,empty,2048,192,14,0.783291,0.612224,385
4693,printf,2048,64,11,0.902894,0.731752,11440
4694,oot,2048,64,15,0.717507,0.546693,11440
4695,tikki,2048,128,6,1.416625,1.246280,1496
4696,extrae,2048,64,9,1.078286,0.908563,11440
4697,empty,2048,256,16,1.055786,0.885212,204
4698,empty,2048,128,8,1.120173,0.949174,1496
4699,void,2048,192,9,0.989466,0.818604,385
47,printf,2048,192,5,1.368134,1.197329,385
470,scorep,2048,192,20,0.693711,0.522007,385
4700,oot,2048,128,4,1.817034,1.645796,1496
4701,scorep,2048,64,6,1.408309,1.236735,11440
4702,scorep,2048,192,7,1.121409,0.950354,385
4703,oot,2048,256,14,1.090829,0.919758,204
4704,empty,2048,128,4,1.817987,1.646923,1496
4705,tikki,2048,64,11,0.946631,0.775977,11440
4706,empty,2048,192,19,0.688360,0.516906,385
4707,tikki,2048,192,1,5.505451,5.334449,385
4708,empty,2048,64,16,0.680597,0.509858,11440
4709,tikki,2048,128,13,0.856410,0.685366,1496
471,extrae,2048,64,5,1.631035,1.460881,11440
4710,printf,2048,192,19,0.687445,0.516077,385
4711,extrae,2048,256,7,1.495875,1.326108,204
4712,extrae,2048,192,5,1.380690,1.210494,385
4713,scorep,2048,128,1,6.552218,6.381270,1496
4714,scorep,2048,128,5,1.553674,1.382277,1496
4715,void,2048,64,16,0.682567,0.512207,11440
4716,scorep,2048,192,5,1.393297,1.222718,385
4717,empty,2048,128,16,0.706548,0.535646,1496
4718,oot,2048,192,3,1.995967,1.824872,385
4719,tikki,2048,256,3,2.597435,2.426518,204
472,printf,2048,64,5,1.654092,1.437940,11440
4720,oot,2048,256,6,1.649778,1.477061,204
4721,printf,2048,128,19,0.633326,0.462652,1496
4722,tikki,2048,64,3,2.499698,2.329233,11440
4723,oot,2048,128,12,0.859675,0.688382,1496
4724,void,2048,64,12,0.837969,0.666265,11440
4725,empty,2048,128,18,0.659372,0.489084,1496
4726,oot,2048,64,18,0.632496,0.461469,11440
4727,oot,2048,64,12,0.844017,0.673324,11440
4728,oot,2048,64,1,6.817366,6.645758,11440
4729,scorep,2048,256,15,1.079410,0.908488,204
473,extrae,2048,128,4,1.825160,1.654205,1496
4730,extrae,2048,64,2,3.644932,3.474813,11440
4731,empty,2048,192,1,5.468440,5.296621,385
4732,scorep,2048,128,2,3.404103,3.233168,1496
4733,void,2048,256,7,1.493700,1.322428,204
4734,scorep,2048,256,13,1.162045,0.990675,204
4735,tikki,2048,128,5,1.615833,1.444602,1496
4736,oot,2048,192,11,0.885845,0.715033,385
4737,tikki,2048,64,19,0.661880,0.490866,11440
4738,scorep,2048,64,9,1.037865,0.867485,11440
4739,empty,2048,64,9,1.036545,0.865399,11440
474,oot,2048,192,17,0.724284,0.553208,385
4740,extrae,2048,128,8,1.147498,0.977120,1496
4741,printf,2048,192,10,0.938443,0.767347,385
4742,void,2048,192,16,0.736646,0.565701,385
4743,oot,2048,128,13,0.817553,0.646151,1496
4744,printf,2048,64,19,0.609673,0.438562,11440
4745,empty,2048,256,1,6.875649,6.704323,204
4746,printf,2048,192,14,0.788426,0.617242,385
4747,extrae,2048,64,18,0.698164,0.527541,11440
4748,printf,2048,256,20,1.029375,0.858680,204
4749,tikki,2048,64,18,0.678989,0.507713,11440
475,oot,2048,128,1,6.554365,6.383550,1496
4750,void,2048,128,9,1.038949,0.867439,1496
4751,tikki,2048,64,16,0.726925,0.555006,11440
4752,extrae,2048,256,6,1.647648,1.476814,204
4753,empty,2048,192,2,2.881835,2.710490,385
4754,tikki,2048,256,11,1.259177,1.088344,204
4755,printf,2048,64,17,0.699872,0.485528,11440
4756,oot,2048,192,12,0.847387,0.676463,385
4757,void,2048,64,7,1.252102,1.081625,11440
4758,empty,2048,128,6,1.367077,1.196655,1496
4759,scorep,2048,128,3,2.341174,2.169907,1496
476,void,2048,64,8,1.122299,0.951516,11440
4760,printf,2048,192,12,0.853152,0.681993,385
4761,scorep,2048,192,4,1.597388,1.425818,385
4762,extrae,2048,256,20,1.147597,0.969750,204
4763,scorep,2048,256,2,3.599436,3.429295,204
4764,void,2048,192,12,0.850924,0.680201,385
4765,extrae,2048,256,18,1.113235,0.943041,204
4766,empty,2048,64,2,3.554730,3.383632,11440
4767,void,2048,192,10,0.937971,0.767084,385
4768,printf,2048,256,17,1.059668,0.888723,204
4769,scorep,2048,192,15,0.767110,0.595713,385
477,printf,2048,64,3,2.452432,2.280548,11440
4770,scorep,2048,256,11,1.210870,1.038361,204
4771,tikki,2048,128,11,0.935823,0.765062,1496
4772,oot,2048,256,17,1.063549,0.892030,204
4773,printf,2048,192,16,0.739736,0.568908,385
4774,printf,2048,64,1,6.853035,6.681714,11440
4775,tikki,2048,64,2,3.601948,3.431120,11440
4776,empty,2048,64,8,1.120634,0.949593,11440
4777,scorep,2048,192,18,0.706300,0.534626,385
4778,empty,2048,256,7,1.533628,1.317661,204
4779,extrae,2048,192,11,0.916120,0.745505,385
478,tikki,2048,192,17,0.761370,0.590278,385
4780,oot,2048,128,17,0.679808,0.508870,1496
4781,printf,2048,256,4,2.003681,1.832713,204
4782,printf,2048,192,13,0.805338,0.634720,385
4783,extrae,2048,192,15,0.820454,0.649940,385
4784,void,2048,192,5,1.370923,1.199901,385
4785,oot,2048,256,3,2.526010,2.355652,204
4786,extrae,2048,192,4,1.594244,1.424220,385
4787,printf,2048,128,18,0.668858,0.498230,1496
4788,printf,2048,128,17,0.681148,0.510286,1496
4789,extrae,2048,64,6,1.428681,1.258267,11440
479,extrae,2048,256,14,1.135023,0.965180,204
4790,void,2048,256,3,2.509737,2.339064,204
4791,oot,2048,64,6,1.397041,1.226476,11440
4792,tikki,2048,256,17,1.095272,0.923902,204
4793,oot,2048,64,4,1.897752,1.727660,11440
4794,oot,2048,192,15,0.760957,0.589127,385
4795,tikki,2048,192,6,1.279838,1.109282,385
4796,oot,2048,128,18,0.657401,0.486992,1496
4797,void,2048,192,1,5.446285,5.275123,385
4798,extrae,2048,128,4,1.827977,1.658253,1496
4799,void,2048,128,3,2.347651,2.176849,1496
48,oot,2048,192,9,0.990271,0.819255,385
480,printf,2048,64,18,0.632536,0.462081,11440
4800,void,2048,256,17,1.070817,0.899889,204
4801,void,2048,64,9,1.033787,0.863015,11440
4802,scorep,2048,192,1,5.489603,5.318648,385
4803,printf,2048,192,11,0.885334,0.714261,385
4804,oot,2048,192,9,0.993605,0.822890,385
4805,scorep,2048,64,12,0.845444,0.673681,11440
4806,empty,2048,192,18,0.702280,0.530989,385
4807,extrae,2048,64,11,0.947192,0.776915,11440
4808,oot,2048,192,2,2.871737,2.701559,385
4809,scorep,2048,192,12,0.852612,0.680568,385
481,tikki,2048,192,3,2.031676,1.860360,385
4810,scorep,2048,256,1,6.828324,6.655213,204
4811,void,2048,192,18,0.707160,0.535907,385
4812,printf,2048,128,1,6.579961,6.409765,1496
4813,scorep,2048,256,18,1.053933,0.882713,204
4814,printf,2048,64,8,1.128751,0.958243,11440
4815,void,2048,64,11,0.891754,0.721306,11440
4816,empty,2048,192,4,1.582085,1.411546,385
4817,tikki,2048,128,18,0.696106,0.524698,1496
4818,extrae,2048,256,14,1.142266,0.972410,204
4819,tikki,2048,256,20,1.082498,0.911555,204
482,void,2048,64,2,3.562051,3.391894,11440
4820,printf,2048,128,20,0.618979,0.447887,1496
4821,tikki,2048,192,17,0.813322,0.599516,385
4822,void,2048,192,3,1.999142,1.828570,385
4823,scorep,2048,192,8,1.067678,0.896801,385
4824,oot,2048,192,20,0.688861,0.517725,385
4825,void,2048,256,2,3.597121,3.425329,204
4826,scorep,2048,128,17,0.681801,0.509722,1496
4827,tikki,2048,192,10,0.981180,0.810406,385
4828,oot,2048,128,3,2.338955,2.168769,1496
4829,void,2048,256,13,1.159638,0.988732,204
483,scorep,2048,64,10,0.973434,0.802671,11440
4830,empty,2048,256,9,1.321001,1.150052,204
4831,scorep,2048,64,19,0.615276,0.444545,11440
4832,tikki,2048,128,9,1.086047,0.914490,1496
4833,empty,2048,64,6,1.423746,1.252974,11440
4834,extrae,2048,192,9,1.016462,0.846396,385
4835,oot,2048,256,5,1.764429,1.594265,204
4836,printf,2048,64,12,0.841160,0.669902,11440
4837,void,2048,128,20,0.624036,0.452452,1496
4838,extrae,2048,192,3,1.992336,1.821545,385
4839,extrae,2048,192,19,0.793081,0.614847,385
484,void,2048,256,3,2.549615,2.379074,204
4840,oot,2048,64,7,1.252713,1.081689,11440
4841,tikki,2048,256,12,1.219318,1.048567,204
4842,extrae,2048,192,2,2.852993,2.682278,385
4843,tikki,2048,64,12,0.904706,0.732931,11440
4844,oot,2048,64,8,1.123729,0.953084,11440
4845,scorep,2048,128,14,0.785287,0.613679,1496
4846,scorep,2048,192,17,0.730390,0.558915,385
4847,void,2048,256,14,1.090551,0.919741,204
4848,empty,2048,192,6,1.235463,1.063811,385
4849,oot,2048,128,19,0.634959,0.463333,1496
485,extrae,2048,192,6,1.250000,1.079654,385
4850,scorep,2048,192,3,2.015716,1.844691,385
4851,extrae,2048,128,17,0.732898,0.562897,1496
4852,oot,2048,128,2,3.403428,3.232694,1496
4853,tikki,2048,192,16,0.795140,0.623719,385
4854,tikki,2048,128,8,1.161339,0.990491,1496
4855,oot,2048,192,16,0.739872,0.568725,385
4856,oot,2048,256,1,6.842429,6.670487,204
4857,scorep,2048,192,20,0.688910,0.517894,385
4858,empty,2048,64,20,0.590147,0.418850,11440
4859,tikki,2048,128,1,6.595928,6.424813,1496
486,oot,2048,128,20,0.621408,0.450744,1496
4860,scorep,2048,128,13,0.817137,0.646606,1496
4861,empty,2048,256,20,1.029442,0.858009,204
4862,printf,2048,256,19,1.034376,0.863379,204
4863,printf,2048,256,5,1.761747,1.590560,204
4864,void,2048,192,19,0.687288,0.516263,385
4865,void,2048,64,13,0.801395,0.617158,11440
4866,scorep,2048,192,16,0.743688,0.571725,385
4867,void,2048,64,15,0.716549,0.545244,11440
4868,extrae,2048,128,6,1.386145,1.215565,1496
4869,scorep,2048,64,3,2.457779,2.287192,11440
487,scorep,2048,64,11,0.899372,0.728985,11440
4870,tikki,2048,192,12,0.893964,0.723296,385
4871,printf,2048,128,6,1.370640,1.199926,1496
4872,printf,2048,128,11,0.911056,0.740242,1496
4873,tikki,2048,192,8,1.113534,0.942637,385
4874,empty,2048,128,9,1.037857,0.866938,1496
4875,extrae,2048,128,16,0.758581,0.588502,1496
4876,extrae,2048,128,14,0.822089,0.651793,1496
4877,empty,2048,128,1,6.583017,6.412620,1496
4878,printf,2048,192,3,1.999773,1.828388,385
4879,printf,2048,128,9,1.036667,0.866178,1496
488,empty,2048,64,7,1.251163,1.078767,11440
4880,tikki,2048,192,2,2.932459,2.760233,385
4881,oot,2048,192,18,0.709748,0.538310,385
4882,empty,2048,256,3,2.554952,2.384087,204
4883,printf,2048,192,6,1.238994,1.068138,385
4884,scorep,2048,64,18,0.637754,0.466455,11440
4885,void,2048,128,8,1.115185,0.943910,1496
4886,extrae,2048,256,12,1.212123,1.042059,204
4887,oot,2048,192,17,0.727570,0.556978,385
4888,printf,2048,256,11,1.219007,1.048526,204
4889,empty,2048,128,15,0.743475,0.573060,1496
489,void,2048,192,16,0.737205,0.566396,385
4890,extrae,2048,64,4,1.919542,1.749597,11440
4891,void,2048,128,6,1.366987,1.195630,1496
4892,void,2048,256,6,1.655995,1.474314,204
4893,empty,2048,64,18,0.629937,0.459582,11440
4894,printf,2048,256,9,1.322684,1.151695,204
4895,scorep,2048,128,15,0.746065,0.574945,1496
4896,printf,2048,192,2,2.866575,2.695743,385
4897,scorep,2048,64,7,1.264529,1.093283,11440
4898,empty,2048,192,16,0.741622,0.570037,385
4899,extrae,2048,64,19,0.729483,0.551392,11440
49,tikki,2048,128,1,6.605933,6.435029,1496
490,extrae,2048,192,18,0.757371,0.586734,385
4900,scorep,2048,128,12,0.860713,0.689625,1496
4901,empty,2048,64,17,0.653267,0.482433,11440
4902,empty,2048,64,12,0.836127,0.665266,11440
4903,scorep,2048,64,2,3.600440,3.428716,11440
4904,oot,2048,64,10,0.973892,0.802905,11440
4905,empty,2048,256,6,1.638527,1.467546,204
4906,void,2048,128,11,0.909641,0.739475,1496
4907,extrae,2048,256,2,3.607294,3.436811,204
4908,tikki,2048,128,10,1.023070,0.852115,1496
4909,printf,2048,128,2,3.409581,3.238072,1496
491,extrae,2048,256,10,1.286014,1.115949,204
4910,void,2048,64,6,1.399132,1.227488,11440
4911,tikki,2048,256,1,6.862799,6.691399,204
4912,oot,2048,192,10,0.936019,0.765932,385
4913,oot,2048,128,14,0.780417,0.609367,1496
4914,empty,2048,192,10,0.940005,0.768324,385
4915,empty,2048,192,15,0.758389,0.587849,385
4916,extrae,2048,64,5,1.628814,1.458398,11440
4917,tikki,2048,64,7,1.302848,1.131347,11440
4918,tikki,2048,192,5,1.420285,1.249674,385
4919,extrae,2048,128,11,0.940079,0.770041,1496
492,oot,2048,64,12,0.838358,0.667688,11440
4920,oot,2048,256,16,1.062192,0.891355,204
4921,extrae,2048,128,1,6.559039,6.389317,1496
4922,extrae,2048,128,2,3.467061,3.240416,1496
4923,empty,2048,256,13,1.108775,0.938286,204
4924,empty,2048,256,11,1.231897,1.060517,204
4925,scorep,2048,256,10,1.264297,1.093350,204
4926,empty,2048,128,19,0.635877,0.465280,1496
4927,scorep,2048,256,4,1.992295,1.822016,204
4928,oot,2048,128,6,1.369117,1.197329,1496
4929,oot,2048,192,8,1.066322,0.894871,385
493,extrae,2048,64,19,0.680504,0.510416,11440
4930,scorep,2048,192,13,0.818676,0.646543,385
4931,void,2048,256,9,1.323266,1.152529,204
4932,extrae,2048,256,11,1.238259,1.067750,204
4933,empty,2048,64,13,0.793001,0.622037,11440
4934,oot,2048,64,14,0.750562,0.578794,11440
4935,tikki,2048,64,5,1.659743,1.488078,11440
4936,empty,2048,256,12,1.185017,1.013915,204
4937,extrae,2048,128,20,0.733279,0.555243,1496
4938,tikki,2048,64,10,1.012907,0.841862,11440
4939,tikki,2048,256,13,1.162058,0.991046,204
494,extrae,2048,128,8,1.132190,0.961531,1496
4940,void,2048,256,15,1.072330,0.900910,204
4941,oot,2048,192,13,0.804158,0.632544,385
4942,printf,2048,256,14,1.089856,0.919275,204
4943,oot,2048,128,5,1.550757,1.379638,1496
4944,extrae,2048,64,14,0.811823,0.641331,11440
4945,oot,2048,256,8,1.414743,1.243723,204
4946,tikki,2048,256,7,1.526030,1.354758,204
4947,void,2048,192,8,1.067532,0.896583,385
4948,extrae,2048,192,10,0.966998,0.796895,385
4949,scorep,2048,192,2,2.872726,2.701743,385
495,void,2048,128,12,0.855586,0.685062,1496
4950,printf,2048,64,7,1.288617,1.117929,11440
4951,scorep,2048,256,19,1.038688,0.867867,204
4952,void,2048,64,4,1.896319,1.726111,11440
4953,empty,2048,128,5,1.560066,1.389060,1496
4954,printf,2048,128,15,0.745494,0.574706,1496
4955,void,2048,64,2,3.550914,3.379500,11440
4956,oot,2048,256,20,1.030934,0.860111,204
4957,void,2048,64,19,0.608707,0.437320,11440
4958,scorep,2048,256,3,2.562487,2.391287,204
4959,oot,2048,64,2,3.580984,3.409839,11440
496,oot,2048,64,13,0.790266,0.619642,11440
4960,oot,2048,256,2,3.596452,3.426004,204
4961,scorep,2048,256,8,1.420797,1.249158,204
4962,empty,2048,256,18,1.053465,0.882654,204
4963,tikki,2048,128,12,0.907665,0.736847,1496
4964,tikki,2048,128,16,0.747451,0.575322,1496
4965,tikki,2048,256,14,1.129262,0.957008,204
4966,printf,2048,128,10,0.979194,0.808426,1496
4967,void,2048,128,7,1.239715,1.067448,1496
4968,void,2048,256,8,1.415706,1.245345,204
4969,extrae,2048,192,18,0.772140,0.601833,385
497,empty,2048,192,15,0.760409,0.589903,385
4970,tikki,2048,256,4,2.056462,1.885655,204
4971,empty,2048,192,7,1.116918,0.946687,385
4972,empty,2048,192,3,2.004132,1.833563,385
4973,empty,2048,256,8,1.412329,1.241779,204
4974,scorep,2048,128,18,0.661336,0.490383,1496
4975,printf,2048,128,14,0.778306,0.607998,1496
4976,oot,2048,64,13,0.794907,0.624012,11440
4977,scorep,2048,128,19,0.638395,0.466226,1496
4978,printf,2048,128,3,2.350723,2.180035,1496
4979,tikki,2048,64,20,0.640963,0.469761,11440
498,scorep,2048,64,19,0.613970,0.443307,11440
4980,oot,2048,128,15,0.746897,0.575621,1496
4981,extrae,2048,64,10,1.019410,0.849650,11440
4982,empty,2048,128,12,0.858727,0.687319,1496
4983,tikki,2048,64,14,0.791943,0.620979,11440
4984,extrae,2048,192,8,1.089776,0.919175,385
4985,extrae,2048,192,16,0.773732,0.604030,385
4986,void,2048,128,16,0.705667,0.534832,1496
4987,void,2048,256,5,1.786027,1.614458,204
4988,void,2048,64,17,0.655529,0.484571,11440
4989,extrae,2048,192,7,1.135557,0.965443,385
499,tikki,2048,256,7,1.527544,1.356687,204
4990,printf,2048,256,3,2.549133,2.377745,204
4991,extrae,2048,128,12,0.893471,0.722724,1496
4992,oot,2048,192,5,1.371669,1.200114,385
4993,printf,2048,128,4,1.810003,1.638391,1496
4994,extrae,2048,192,14,0.833511,0.662923,385
4995,empty,2048,64,1,6.812201,6.641726,11440
4996,oot,2048,64,17,0.656937,0.485668,11440
4997,scorep,2048,128,7,1.239956,1.067476,1496
4998,void,2048,256,19,1.040281,0.868724,204
4999,void,2048,192,20,0.687861,0.516373,385
5,printf,2048,192,6,1.246852,1.063232,385
50,void,2048,192,1,5.489924,5.318731,385
500,extrae,2048,192,20,0.755288,0.582534,385
5000,void,2048,192,6,1.237750,1.066549,385
5001,oot,2048,64,19,0.609565,0.437540,11440
5002,extrae,2048,64,16,0.747638,0.577693,11440
5003,printf,2048,192,9,0.992048,0.821256,385
5004,empty,2048,64,15,0.713089,0.542058,11440
5005,oot,2048,256,9,1.322223,1.150811,204
5006,scorep,2048,64,8,1.126286,0.955115,11440
5007,void,2048,128,14,0.781365,0.609880,1496
5008,tikki,2048,256,9,1.366840,1.195443,204
5009,extrae,2048,256,4,2.011113,1.840816,204
501,void,2048,256,17,1.059038,0.888070,204
5010,tikki,2048,192,20,0.734070,0.562773,385
5011,printf,2048,64,18,0.633576,0.463038,11440
5012,oot,2048,64,20,0.593485,0.421604,11440
5013,oot,2048,192,6,1.239532,1.068471,385
5014,empty,2048,128,20,0.623009,0.451454,1496
5015,oot,2048,256,18,1.040318,0.869107,204
5016,void,2048,256,20,1.030035,0.859317,204
5017,tikki,2048,64,17,0.696997,0.526327,11440
5018,printf,2048,256,12,1.178967,1.008282,204
5019,oot,2048,256,13,1.156315,0.985838,204
502,extrae,2048,64,17,0.719265,0.549394,11440
5020,tikki,2048,256,5,1.801261,1.630359,204
5021,extrae,2048,256,10,1.279716,1.108845,204
5022,printf,2048,192,5,1.366976,1.196619,385
5023,oot,2048,192,19,0.711376,0.516271,385
5024,extrae,2048,64,13,0.846047,0.675783,11440
5025,void,2048,192,14,0.791321,0.620668,385
5026,tikki,2048,192,14,0.833146,0.662209,385
5027,empty,2048,256,17,1.069191,0.898043,204
5028,empty,2048,64,11,0.896683,0.725764,11440
5029,tikki,2048,256,15,1.110716,0.938904,204
503,scorep,2048,192,9,0.999869,0.829039,385
5030,void,2048,256,18,1.054939,0.883924,204
5031,printf,2048,64,6,1.429808,1.258002,11440
5032,extrae,2048,256,15,1.119154,0.948870,204
5033,oot,2048,64,16,0.680982,0.510389,11440
5034,scorep,2048,128,10,0.978073,0.807284,1496
5035,scorep,2048,128,11,0.917494,0.746312,1496
5036,extrae,2048,256,1,6.829093,6.659113,204
5037,printf,2048,192,20,0.684705,0.514359,385
5038,scorep,2048,192,14,0.782416,0.612186,385
5039,oot,2048,64,5,1.603854,1.433365,11440
504,empty,2048,128,2,3.406568,3.236063,1496
5040,printf,2048,256,18,1.052408,0.880915,204
5041,empty,2048,64,10,0.968012,0.797031,11440
5042,scorep,2048,64,14,0.757150,0.584882,11440
5043,empty,2048,192,16,0.726189,0.554491,385
5044,tikki,2048,64,2,3.623290,3.452321,11440
5045,printf,2048,128,6,1.379789,1.209387,1496
5046,empty,2048,256,16,1.059525,0.889319,204
5047,scorep,2048,64,13,0.796948,0.625428,11440
5048,tikki,2048,128,5,1.600115,1.429467,1496
5049,printf,2048,64,17,0.658294,0.487130,11440
505,scorep,2048,192,16,0.746858,0.575127,385
5050,empty,2048,192,15,0.746651,0.575758,385
5051,void,2048,128,13,0.814726,0.643676,1496
5052,scorep,2048,192,14,0.792459,0.621613,385
5053,empty,2048,128,4,1.819536,1.648737,1496
5054,empty,2048,192,10,0.968886,0.768336,385
5055,extrae,2048,64,16,0.746810,0.577028,11440
5056,oot,2048,64,5,1.622569,1.451641,11440
5057,scorep,2048,128,18,0.661848,0.490038,1496
5058,void,2048,192,6,1.238379,1.067342,385
5059,void,2048,256,6,1.637364,1.465851,204
506,void,2048,64,6,1.424881,1.254095,11440
5060,void,2048,128,6,1.370591,1.199465,1496
5061,void,2048,192,16,0.726710,0.556242,385
5062,oot,2048,256,12,1.183450,1.012146,204
5063,scorep,2048,256,19,1.040511,0.870090,204
5064,void,2048,64,4,1.896781,1.725775,11440
5065,empty,2048,192,13,0.807657,0.637171,385
5066,tikki,2048,256,9,1.374550,1.203513,204
5067,empty,2048,192,11,0.885095,0.714740,385
5068,oot,2048,192,1,5.443376,5.272408,385
5069,empty,2048,128,3,2.340789,2.169471,1496
507,printf,2048,128,4,1.816810,1.646219,1496
5070,printf,2048,64,7,1.261011,1.089816,11440
5071,scorep,2048,64,1,6.804514,6.633110,11440
5072,empty,2048,64,4,1.894703,1.724051,11440
5073,empty,2048,128,11,0.901862,0.731033,1496
5074,printf,2048,64,6,1.411706,1.239997,11440
5075,void,2048,128,3,2.347675,2.176128,1496
5076,scorep,2048,256,1,6.829468,6.658109,204
5077,scorep,2048,256,18,1.058402,0.886893,204
5078,oot,2048,256,17,1.061662,0.889990,204
5079,extrae,2048,128,20,0.776911,0.552725,1496
508,oot,2048,192,3,1.998568,1.827517,385
5080,scorep,2048,192,12,0.855188,0.682955,385
5081,void,2048,128,15,0.742771,0.570847,1496
5082,printf,2048,64,16,0.690223,0.518915,11440
5083,printf,2048,128,20,0.625991,0.454720,1496
5084,tikki,2048,192,15,0.789419,0.617810,385
5085,printf,2048,256,6,1.646378,1.475611,204
5086,extrae,2048,256,18,1.107635,0.937361,204
5087,extrae,2048,64,10,1.010896,0.840706,11440
5088,extrae,2048,256,17,1.119730,0.949338,204
5089,tikki,2048,64,12,0.893066,0.722073,11440
509,empty,2048,128,20,0.621585,0.450737,1496
5090,oot,2048,192,12,0.853900,0.682110,385
5091,empty,2048,64,12,0.835998,0.665062,11440
5092,oot,2048,128,15,0.748031,0.577124,1496
5093,void,2048,256,13,1.153858,0.983043,204
5094,scorep,2048,128,17,0.680418,0.510048,1496
5095,scorep,2048,64,11,0.902794,0.731098,11440
5096,tikki,2048,64,14,0.804835,0.633513,11440
5097,scorep,2048,64,9,1.044597,0.871756,11440
5098,void,2048,128,10,0.983248,0.812191,1496
5099,tikki,2048,64,6,1.459263,1.288772,11440
51,void,2048,256,15,1.071184,0.899038,204
510,printf,2048,128,15,0.741409,0.570919,1496
5100,scorep,2048,256,11,1.217760,1.046310,204
5101,tikki,2048,128,8,1.161463,0.990814,1496
5102,extrae,2048,192,17,0.776492,0.606020,385
5103,scorep,2048,192,2,2.877335,2.706514,385
5104,extrae,2048,192,7,1.141838,0.971098,385
5105,empty,2048,192,18,0.702078,0.530728,385
5106,empty,2048,64,18,0.631041,0.459261,11440
5107,printf,2048,128,10,0.981016,0.809267,1496
5108,empty,2048,192,4,1.591444,1.420300,385
5109,tikki,2048,128,3,2.394802,2.223623,1496
511,tikki,2048,256,2,3.634933,3.464331,204
5110,scorep,2048,128,20,0.631072,0.460210,1496
5111,oot,2048,128,7,1.238067,1.067389,1496
5112,void,2048,256,20,1.038462,0.867932,204
5113,scorep,2048,192,7,1.123935,0.951804,385
5114,printf,2048,256,10,1.261361,1.090221,204
5115,void,2048,192,17,0.728710,0.557172,385
5116,empty,2048,192,5,1.368590,1.197537,385
5117,oot,2048,128,10,0.980275,0.808850,1496
5118,scorep,2048,192,16,0.741225,0.570384,385
5119,empty,2048,64,9,1.033077,0.861904,11440
512,extrae,2048,256,5,1.811719,1.597420,204
5120,void,2048,256,7,1.491639,1.320704,204
5121,tikki,2048,192,7,1.166076,0.994558,385
5122,extrae,2048,128,4,1.823976,1.653695,1496
5123,printf,2048,256,16,1.057520,0.886564,204
5124,printf,2048,192,10,0.940743,0.769731,385
5125,tikki,2048,256,4,2.063283,1.892214,204
5126,scorep,2048,192,20,0.693110,0.521990,385
5127,oot,2048,64,4,1.884509,1.712387,11440
5128,printf,2048,256,18,1.079488,0.897403,204
5129,tikki,2048,128,10,1.022479,0.851631,1496
513,void,2048,192,15,0.746381,0.575796,385
5130,tikki,2048,256,7,1.525819,1.354493,204
5131,extrae,2048,128,9,1.065331,0.895145,1496
5132,tikki,2048,256,11,1.252407,1.082069,204
5133,empty,2048,256,15,1.094518,0.923317,204
5134,tikki,2048,192,5,1.415298,1.244020,385
5135,empty,2048,192,3,1.999882,1.828809,385
5136,extrae,2048,128,16,0.754950,0.584557,1496
5137,scorep,2048,256,9,1.325065,1.153264,204
5138,oot,2048,64,6,1.443556,1.228839,11440
5139,printf,2048,192,1,5.465032,5.294113,385
514,printf,2048,256,14,1.106843,0.923941,204
5140,extrae,2048,256,3,2.550475,2.379900,204
5141,oot,2048,64,13,0.788091,0.616833,11440
5142,oot,2048,192,6,1.234824,1.063490,385
5143,tikki,2048,192,8,1.113489,0.942181,385
5144,void,2048,256,1,6.831320,6.660131,204
5145,extrae,2048,64,18,0.700643,0.530376,11440
5146,printf,2048,256,5,1.766825,1.595360,204
5147,extrae,2048,256,9,1.342324,1.171853,204
5148,oot,2048,256,9,1.317997,1.146967,204
5149,extrae,2048,192,8,1.097961,0.916205,385
515,empty,2048,192,11,0.883155,0.712839,385
5150,scorep,2048,64,6,1.429699,1.256629,11440
5151,tikki,2048,256,5,1.813708,1.642607,204
5152,empty,2048,192,12,0.849761,0.679356,385
5153,oot,2048,128,14,0.783579,0.611775,1496
5154,oot,2048,128,6,1.379574,1.208349,1496
5155,scorep,2048,192,10,0.942023,0.770581,385
5156,printf,2048,64,15,0.716966,0.545961,11440
5157,extrae,2048,192,16,0.787079,0.616596,385
5158,oot,2048,128,5,1.565489,1.394315,1496
5159,void,2048,256,15,1.068338,0.897827,204
516,printf,2048,128,1,6.548664,6.377170,1496
5160,scorep,2048,192,6,1.239479,1.067666,385
5161,empty,2048,192,6,1.235228,1.064579,385
5162,empty,2048,128,6,1.368390,1.198372,1496
5163,printf,2048,128,5,1.558314,1.387166,1496
5164,extrae,2048,192,9,1.019121,0.848395,385
5165,printf,2048,192,17,0.725299,0.554585,385
5166,oot,2048,64,12,0.835917,0.664958,11440
5167,tikki,2048,192,1,5.497818,5.327199,385
5168,printf,2048,64,18,0.632891,0.462483,11440
5169,scorep,2048,128,5,1.566475,1.394707,1496
517,extrae,2048,192,17,0.779198,0.608536,385
5170,void,2048,128,16,0.709961,0.538680,1496
5171,tikki,2048,64,19,0.660141,0.489305,11440
5172,extrae,2048,128,11,0.943990,0.773657,1496
5173,oot,2048,192,10,0.939632,0.768695,385
5174,empty,2048,256,13,1.119360,0.948674,204
5175,oot,2048,192,14,0.791473,0.620927,385
5176,oot,2048,64,18,0.643395,0.459709,11440
5177,empty,2048,128,14,0.779934,0.608604,1496
5178,tikki,2048,256,8,1.456382,1.285477,204
5179,empty,2048,64,1,6.811363,6.640107,11440
518,tikki,2048,64,6,1.459983,1.289149,11440
5180,empty,2048,128,19,0.636064,0.465500,1496
5181,empty,2048,192,19,0.688890,0.516625,385
5182,tikki,2048,64,18,0.673626,0.502993,11440
5183,tikki,2048,256,18,1.117578,0.945771,204
5184,scorep,2048,128,13,0.820633,0.649116,1496
5185,void,2048,192,10,0.940743,0.769614,385
5186,empty,2048,256,6,1.641624,1.470023,204
5187,void,2048,192,9,0.990373,0.818861,385
5188,tikki,2048,128,18,0.698622,0.527741,1496
5189,oot,2048,192,15,0.764748,0.593362,385
519,tikki,2048,64,19,0.650033,0.478388,11440
5190,empty,2048,256,9,1.318827,1.147405,204
5191,printf,2048,256,8,1.418959,1.247429,204
5192,scorep,2048,192,11,0.889898,0.718391,385
5193,void,2048,64,15,0.713142,0.542471,11440
5194,void,2048,128,19,0.637979,0.466166,1496
5195,tikki,2048,256,3,2.549952,2.378554,204
5196,scorep,2048,256,16,1.068262,0.897246,204
5197,printf,2048,192,6,1.237656,1.067417,385
5198,printf,2048,192,2,2.869578,2.697938,385
5199,extrae,2048,192,19,0.790467,0.612357,385
52,extrae,2048,64,3,2.470625,2.300103,11440
520,printf,2048,64,17,0.653338,0.483116,11440
5200,extrae,2048,128,18,0.712435,0.541692,1496
5201,extrae,2048,256,2,3.607958,3.437609,204
5202,empty,2048,256,11,1.231894,1.060964,204
5203,oot,2048,128,11,0.911913,0.740843,1496
5204,extrae,2048,256,5,1.789332,1.618523,204
5205,scorep,2048,128,15,0.747316,0.576678,1496
5206,extrae,2048,192,2,2.891532,2.721033,385
5207,extrae,2048,256,7,1.493715,1.323779,204
5208,extrae,2048,64,14,0.808397,0.638286,11440
5209,empty,2048,256,18,1.050956,0.880573,204
521,printf,2048,256,13,1.116870,0.945297,204
5210,oot,2048,192,5,1.383659,1.212498,385
5211,empty,2048,192,9,0.988037,0.816925,385
5212,printf,2048,256,15,1.086529,0.915487,204
5213,tikki,2048,256,10,1.312933,1.141528,204
5214,empty,2048,192,2,2.879349,2.708154,385
5215,oot,2048,64,11,0.952099,0.724813,11440
5216,empty,2048,128,1,6.591725,6.420226,1496
5217,void,2048,128,17,0.678410,0.507713,1496
5218,void,2048,256,12,1.186628,1.014476,204
5219,tikki,2048,64,16,0.730725,0.560431,11440
522,empty,2048,64,14,0.747911,0.576864,11440
5220,tikki,2048,128,16,0.756483,0.584348,1496
5221,void,2048,128,8,1.118869,0.947241,1496
5222,printf,2048,64,4,1.909153,1.738307,11440
5223,tikki,2048,64,20,0.630096,0.458887,11440
5224,tikki,2048,128,7,1.280336,1.109150,1496
5225,void,2048,192,5,1.370287,1.199357,385
5226,tikki,2048,128,17,0.714106,0.543320,1496
5227,tikki,2048,256,16,1.111106,0.940609,204
5228,printf,2048,128,4,1.828794,1.657898,1496
5229,printf,2048,192,20,0.687766,0.516270,385
523,void,2048,256,16,1.054836,0.883106,204
5230,extrae,2048,128,1,6.553092,6.383190,1496
5231,void,2048,128,2,3.400491,3.229912,1496
5232,oot,2048,256,18,1.051338,0.881118,204
5233,printf,2048,256,1,6.832640,6.661116,204
5234,tikki,2048,64,4,1.945569,1.774524,11440
5235,oot,2048,128,20,0.624122,0.453118,1496
5236,void,2048,64,14,0.747403,0.575776,11440
5237,empty,2048,128,9,1.039663,0.868377,1496
5238,scorep,2048,128,16,0.712962,0.540783,1496
5239,oot,2048,64,16,0.679816,0.508904,11440
524,void,2048,128,19,0.634641,0.463599,1496
5240,tikki,2048,192,9,1.026227,0.854279,385
5241,void,2048,192,18,0.701186,0.529316,385
5242,empty,2048,128,7,1.239693,1.068202,1496
5243,void,2048,128,7,1.281384,1.067153,1496
5244,scorep,2048,128,8,1.116632,0.945679,1496
5245,empty,2048,192,14,0.770165,0.599057,385
5246,tikki,2048,128,15,0.803921,0.631931,1496
5247,scorep,2048,128,10,0.980713,0.809327,1496
5248,printf,2048,128,1,6.579675,6.408080,1496
5249,extrae,2048,192,4,1.610646,1.439904,385
525,empty,2048,64,18,0.631007,0.460279,11440
5250,oot,2048,64,3,2.445504,2.274190,11440
5251,printf,2048,192,11,0.886857,0.715643,385
5252,tikki,2048,192,20,0.733362,0.562322,385
5253,extrae,2048,64,8,1.163260,0.992808,11440
5254,oot,2048,256,3,2.511475,2.339605,204
5255,void,2048,256,14,1.098523,0.927580,204
5256,empty,2048,192,20,0.686843,0.516583,385
5257,tikki,2048,192,6,1.283354,1.112511,385
5258,scorep,2048,192,19,0.694236,0.522816,385
5259,void,2048,192,1,5.459180,5.287432,385
526,tikki,2048,64,15,0.777859,0.607279,11440
5260,extrae,2048,256,4,1.972326,1.802442,204
5261,empty,2048,128,2,3.412505,3.242073,1496
5262,tikki,2048,128,4,1.870060,1.698932,1496
5263,scorep,2048,192,18,0.715758,0.544833,385
5264,empty,2048,64,15,0.711952,0.541172,11440
5265,extrae,2048,64,11,0.943831,0.772964,11440
5266,oot,2048,256,8,1.412631,1.241883,204
5267,printf,2048,64,5,1.604872,1.434093,11440
5268,printf,2048,64,14,0.754560,0.583217,11440
5269,extrae,2048,64,7,1.279693,1.109163,11440
527,empty,2048,128,8,1.116500,0.945989,1496
5270,tikki,2048,192,10,0.980926,0.810091,385
5271,void,2048,256,16,1.058707,0.888032,204
5272,void,2048,64,11,0.895288,0.723655,11440
5273,empty,2048,128,20,0.622171,0.451286,1496
5274,extrae,2048,256,19,1.148029,0.969963,204
5275,tikki,2048,256,1,6.907196,6.707862,204
5276,printf,2048,64,13,0.792866,0.622103,11440
5277,tikki,2048,64,17,0.699323,0.528316,11440
5278,extrae,2048,128,12,0.894443,0.723985,1496
5279,empty,2048,64,19,0.604881,0.434645,11440
528,printf,2048,256,16,1.060310,0.889290,204
5280,scorep,2048,256,14,1.089709,0.919708,204
5281,scorep,2048,256,5,1.761484,1.590118,204
5282,tikki,2048,64,10,1.006213,0.834666,11440
5283,scorep,2048,64,7,1.256877,1.085575,11440
5284,printf,2048,128,15,0.744608,0.572699,1496
5285,scorep,2048,192,13,0.818148,0.646032,385
5286,void,2048,128,20,0.622034,0.450984,1496
5287,tikki,2048,192,2,2.911487,2.740120,385
5288,scorep,2048,64,4,1.884247,1.712025,11440
5289,extrae,2048,64,12,0.891824,0.721871,11440
529,void,2048,256,20,1.038950,0.867355,204
5290,scorep,2048,128,3,2.342595,2.170968,1496
5291,extrae,2048,256,12,1.200947,1.030088,204
5292,oot,2048,256,16,1.058523,0.887881,204
5293,printf,2048,128,9,1.054722,0.872506,1496
5294,void,2048,64,20,0.592137,0.420203,11440
5295,void,2048,256,2,3.598091,3.426497,204
5296,void,2048,64,1,6.810396,6.639883,11440
5297,tikki,2048,256,2,3.637391,3.466509,204
5298,printf,2048,192,16,0.740912,0.569446,385
5299,extrae,2048,64,2,3.634241,3.463852,11440
53,void,2048,128,3,2.340210,2.169137,1496
530,printf,2048,64,4,1.901479,1.730686,11440
5300,void,2048,192,4,1.597485,1.425784,385
5301,empty,2048,64,8,1.117875,0.947108,11440
5302,void,2048,64,19,0.609300,0.437542,11440
5303,void,2048,128,9,1.039638,0.869009,1496
5304,printf,2048,256,3,2.518186,2.346823,204
5305,printf,2048,256,17,1.070949,0.900088,204
5306,empty,2048,128,12,0.859784,0.688623,1496
5307,printf,2048,256,7,1.490543,1.319541,204
5308,empty,2048,64,11,0.893846,0.723492,11440
5309,oot,2048,256,10,1.261939,1.089121,204
531,tikki,2048,256,5,1.842732,1.672339,204
5310,extrae,2048,64,20,0.714902,0.535546,11440
5311,extrae,2048,192,6,1.290820,1.074718,385
5312,printf,2048,128,7,1.232528,1.061826,1496
5313,extrae,2048,192,12,0.888605,0.718779,385
5314,scorep,2048,128,14,0.783744,0.611777,1496
5315,void,2048,256,3,2.512684,2.341936,204
5316,scorep,2048,64,17,0.662392,0.490681,11440
5317,oot,2048,64,15,0.714541,0.543564,11440
5318,void,2048,192,3,1.997944,1.826246,385
5319,extrae,2048,256,6,1.647218,1.476930,204
532,oot,2048,192,13,0.816780,0.646007,385
5320,extrae,2048,192,5,1.389202,1.218311,385
5321,scorep,2048,64,16,0.688887,0.516432,11440
5322,oot,2048,64,2,3.556361,3.385074,11440
5323,extrae,2048,128,14,0.824081,0.653562,1496
5324,scorep,2048,128,11,0.912799,0.742147,1496
5325,void,2048,64,16,0.683221,0.511933,11440
5326,scorep,2048,64,18,0.640437,0.468272,11440
5327,scorep,2048,64,2,3.576515,3.404998,11440
5328,printf,2048,192,9,0.993506,0.822663,385
5329,extrae,2048,192,11,0.914792,0.744345,385
533,extrae,2048,128,14,0.825600,0.654874,1496
5330,empty,2048,128,16,0.700792,0.530265,1496
5331,oot,2048,64,9,1.033328,0.862019,11440
5332,void,2048,256,17,1.068453,0.896987,204
5333,tikki,2048,192,4,1.627276,1.455639,385
5334,oot,2048,64,10,0.967103,0.795540,11440
5335,extrae,2048,64,4,1.922156,1.752008,11440
5336,empty,2048,64,13,0.787587,0.617034,11440
5337,extrae,2048,192,14,0.832723,0.662360,385
5338,scorep,2048,192,8,1.066218,0.896155,385
5339,oot,2048,192,18,0.706076,0.535124,385
534,oot,2048,256,17,1.066985,0.896253,204
5340,oot,2048,128,13,0.871890,0.643863,1496
5341,void,2048,192,14,0.770165,0.598315,385
5342,printf,2048,256,13,1.155290,0.984181,204
5343,extrae,2048,64,6,1.431562,1.261068,11440
5344,empty,2048,192,8,1.112237,0.896153,385
5345,printf,2048,192,7,1.121553,0.950060,385
5346,oot,2048,256,7,1.492725,1.320533,204
5347,tikki,2048,256,15,1.119461,0.948149,204
5348,oot,2048,256,1,6.822983,6.652029,204
5349,extrae,2048,128,13,0.854400,0.684817,1496
535,void,2048,192,18,0.702936,0.532031,385
5350,void,2048,128,1,6.561654,6.390257,1496
5351,void,2048,128,14,0.779874,0.609553,1496
5352,printf,2048,192,13,0.807938,0.636536,385
5353,void,2048,192,12,0.849498,0.678697,385
5354,scorep,2048,256,7,1.482007,1.310469,204
5355,printf,2048,192,19,0.689701,0.518288,385
5356,empty,2048,256,12,1.187962,1.017260,204
5357,oot,2048,192,13,0.816861,0.645891,385
5358,tikki,2048,128,11,0.946686,0.776175,1496
5359,tikki,2048,128,20,0.661855,0.490563,1496
536,oot,2048,64,19,0.609825,0.439002,11440
5360,extrae,2048,64,15,0.774926,0.604560,11440
5361,tikki,2048,128,2,3.463656,3.292789,1496
5362,void,2048,128,18,0.656804,0.485333,1496
5363,extrae,2048,256,16,1.112735,0.942672,204
5364,tikki,2048,256,14,1.135823,0.965234,204
5365,extrae,2048,128,6,1.381211,1.211267,1496
5366,scorep,2048,192,3,1.998995,1.827943,385
5367,oot,2048,192,20,0.686356,0.514559,385
5368,printf,2048,64,19,0.612015,0.440771,11440
5369,empty,2048,256,10,1.258713,1.087655,204
537,printf,2048,256,1,6.841145,6.670236,204
5370,tikki,2048,192,11,0.923492,0.752479,385
5371,void,2048,256,10,1.258336,1.087424,204
5372,void,2048,64,12,0.838839,0.667423,11440
5373,extrae,2048,256,1,6.829297,6.659438,204
5374,extrae,2048,64,13,0.847267,0.676297,11440
5375,scorep,2048,64,5,1.623639,1.451905,11440
5376,void,2048,192,13,0.801200,0.629853,385
5377,void,2048,64,9,1.032026,0.861258,11440
5378,scorep,2048,64,3,2.447013,2.275650,11440
5379,scorep,2048,192,9,0.994572,0.823189,385
538,printf,2048,128,5,1.555947,1.385382,1496
5380,scorep,2048,64,12,0.845715,0.673343,11440
5381,scorep,2048,128,1,6.572245,6.400744,1496
5382,empty,2048,256,4,1.987248,1.815997,204
5383,extrae,2048,128,3,2.354287,2.184457,1496
5384,scorep,2048,192,1,5.444394,5.273162,385
5385,tikki,2048,256,13,1.203429,1.032625,204
5386,extrae,2048,128,7,1.251012,1.081026,1496
5387,printf,2048,64,20,0.589943,0.419807,11440
5388,scorep,2048,192,5,1.375696,1.204255,385
5389,void,2048,64,2,3.558475,3.387436,11440
539,oot,2048,128,19,0.639096,0.468024,1496
5390,tikki,2048,192,19,0.729477,0.559077,385
5391,scorep,2048,128,4,1.814794,1.644190,1496
5392,void,2048,192,7,1.115924,0.945203,385
5393,tikki,2048,128,14,0.829664,0.658954,1496
5394,oot,2048,192,9,0.991847,0.820873,385
5395,oot,2048,256,14,1.093881,0.922182,204
5396,tikki,2048,64,5,1.649760,1.477963,11440
5397,tikki,2048,64,8,1.171793,1.001468,11440
5398,oot,2048,128,12,0.860343,0.688672,1496
5399,printf,2048,128,13,0.817479,0.646239,1496
54,empty,2048,64,9,1.038624,0.867905,11440
540,printf,2048,64,7,1.284076,1.113093,11440
5400,printf,2048,64,12,0.843633,0.672698,11440
5401,scorep,2048,256,20,1.036227,0.865855,204
5402,oot,2048,128,16,0.709153,0.538593,1496
5403,empty,2048,64,7,1.277197,1.104832,11440
5404,empty,2048,128,5,1.560879,1.389907,1496
5405,scorep,2048,256,13,1.160061,0.988480,204
5406,void,2048,64,6,1.400829,1.230868,11440
5407,void,2048,192,8,1.065486,0.894119,385
5408,void,2048,192,15,0.766173,0.594502,385
5409,extrae,2048,192,10,0.968378,0.798359,385
541,printf,2048,192,1,5.461817,5.290920,385
5410,extrae,2048,128,19,0.739308,0.561355,1496
5411,scorep,2048,64,8,1.131388,0.958032,11440
5412,empty,2048,128,10,0.977183,0.806238,1496
5413,oot,2048,256,2,3.595662,3.424602,204
5414,oot,2048,64,7,1.276220,1.104769,11440
5415,empty,2048,128,13,0.816601,0.645374,1496
5416,tikki,2048,64,15,0.762998,0.592070,11440
5417,void,2048,64,18,0.627917,0.456305,11440
5418,tikki,2048,128,1,6.598252,6.427576,1496
5419,extrae,2048,64,5,1.649943,1.479621,11440
542,printf,2048,192,17,0.725410,0.554131,385
5420,printf,2048,128,12,0.857124,0.685828,1496
5421,oot,2048,256,5,1.803809,1.632759,204
5422,tikki,2048,128,12,0.900459,0.729144,1496
5423,empty,2048,64,3,2.426310,2.255050,11440
5424,oot,2048,256,19,1.042811,0.871152,204
5425,printf,2048,64,1,6.838166,6.667779,11440
5426,oot,2048,192,8,1.077932,0.894173,385
5427,scorep,2048,64,20,0.595329,0.424304,11440
5428,void,2048,128,4,1.816139,1.644409,1496
5429,extrae,2048,64,3,2.475506,2.304557,11440
543,void,2048,128,6,1.366383,1.195698,1496
5430,tikki,2048,192,18,0.750254,0.578902,385
5431,scorep,2048,128,9,1.043383,0.870508,1496
5432,extrae,2048,128,10,1.013757,0.843904,1496
5433,oot,2048,64,20,0.590573,0.419883,11440
5434,printf,2048,128,2,3.397813,3.226767,1496
5435,scorep,2048,192,4,1.602803,1.430548,385
5436,printf,2048,128,3,2.337310,2.166752,1496
5437,extrae,2048,128,5,1.570311,1.400192,1496
5438,empty,2048,256,19,1.036941,0.866086,204
5439,tikki,2048,64,3,2.502643,2.331598,11440
544,scorep,2048,64,6,1.428898,1.256424,11440
5440,extrae,2048,256,11,1.243886,1.073380,204
5441,scorep,2048,64,15,0.717909,0.545366,11440
5442,tikki,2048,64,11,0.933010,0.762833,11440
5443,void,2048,256,4,2.007867,1.837144,204
5444,extrae,2048,64,9,1.092666,0.922149,11440
5445,oot,2048,256,20,1.036687,0.865523,204
5446,tikki,2048,192,14,0.830315,0.659065,385
5447,tikki,2048,128,6,1.410871,1.239762,1496
5448,oot,2048,64,1,6.836155,6.641127,11440
5449,oot,2048,256,4,2.025949,1.854890,204
545,void,2048,128,16,0.707110,0.536406,1496
5450,tikki,2048,192,16,0.768760,0.597605,385
5451,oot,2048,192,16,0.735845,0.565541,385
5452,void,2048,256,9,1.320609,1.149557,204
5453,printf,2048,192,5,1.378487,1.207657,385
5454,scorep,2048,128,7,1.240990,1.071284,1496
5455,scorep,2048,64,19,0.669787,0.443963,11440
5456,tikki,2048,256,12,1.219137,1.048696,204
5457,scorep,2048,256,12,1.174559,1.004040,204
5458,oot,2048,128,18,0.656985,0.485835,1496
5459,scorep,2048,192,17,0.730657,0.559963,385
546,scorep,2048,64,12,0.840576,0.669822,11440
5460,printf,2048,128,18,0.657641,0.487205,1496
5461,extrae,2048,128,8,1.139491,0.969192,1496
5462,oot,2048,128,4,1.818502,1.647660,1496
5463,empty,2048,64,17,0.650100,0.478956,11440
5464,extrae,2048,128,17,0.730748,0.560205,1496
5465,printf,2048,192,8,1.068372,0.897406,385
5466,empty,2048,192,7,1.116468,0.945551,385
5467,empty,2048,128,15,0.743083,0.572367,1496
5468,printf,2048,256,4,1.995919,1.825018,204
5469,printf,2048,256,12,1.193819,1.022294,204
547,extrae,2048,192,14,0.830001,0.659552,385
5470,void,2048,64,13,0.794441,0.623422,11440
5471,printf,2048,128,19,0.633995,0.462598,1496
5472,empty,2048,64,2,3.546346,3.375316,11440
5473,tikki,2048,256,17,1.103384,0.932084,204
5474,tikki,2048,192,13,0.851528,0.680032,385
5475,oot,2048,128,3,2.345594,2.174701,1496
5476,extrae,2048,256,20,1.145995,0.968133,204
5477,printf,2048,256,19,1.045346,0.873906,204
5478,empty,2048,64,6,1.397464,1.226944,11440
5479,printf,2048,192,18,0.699743,0.529010,385
548,void,2048,256,14,1.088832,0.917914,204
5480,void,2048,64,7,1.250591,1.079978,11440
5481,extrae,2048,64,17,0.722211,0.551723,11440
5482,printf,2048,128,11,0.913879,0.742547,1496
5483,tikki,2048,64,13,0.832786,0.661863,11440
5484,printf,2048,256,14,1.094563,0.923383,204
5485,scorep,2048,256,17,1.064294,0.891946,204
5486,empty,2048,64,5,1.605407,1.434545,11440
5487,empty,2048,64,20,0.586197,0.415612,11440
5488,void,2048,192,20,0.685300,0.514725,385
5489,tikki,2048,256,20,1.091576,0.920060,204
549,printf,2048,64,8,1.125824,0.955506,11440
5490,extrae,2048,192,20,0.795191,0.616918,385
5491,tikki,2048,64,7,1.299309,1.128497,11440
5492,oot,2048,64,17,0.657286,0.485347,11440
5493,empty,2048,256,2,3.598793,3.427594,204
5494,oot,2048,256,15,1.073422,0.902604,204
5495,tikki,2048,64,1,6.888189,6.716978,11440
5496,tikki,2048,128,19,0.680198,0.509238,1496
5497,void,2048,128,5,1.550660,1.379498,1496
5498,extrae,2048,64,19,0.724853,0.546864,11440
5499,printf,2048,256,9,1.322769,1.152190,204
55,empty,2048,128,4,1.817163,1.645641,1496
550,tikki,2048,64,11,0.946815,0.776110,11440
5500,empty,2048,192,1,5.495738,5.325056,385
5501,tikki,2048,256,19,1.078461,0.907917,204
5502,void,2048,128,11,0.913790,0.742872,1496
5503,printf,2048,256,2,3.596953,3.425988,204
5504,empty,2048,256,1,6.880234,6.708260,204
5505,scorep,2048,128,19,0.641869,0.471173,1496
5506,oot,2048,128,8,1.124326,0.952765,1496
5507,printf,2048,128,8,1.111196,0.939562,1496
5508,oot,2048,192,19,0.688055,0.517403,385
5509,oot,2048,192,17,0.729422,0.558408,385
551,oot,2048,128,14,0.781899,0.611066,1496
5510,oot,2048,128,9,1.037016,0.865944,1496
5511,void,2048,256,8,1.417640,1.246190,204
5512,oot,2048,256,6,1.640806,1.469977,204
5513,oot,2048,64,8,1.127398,0.955883,11440
5514,tikki,2048,192,17,0.766013,0.595079,385
5515,void,2048,64,8,1.124862,0.953982,11440
5516,scorep,2048,192,15,0.766757,0.594125,385
5517,tikki,2048,192,3,2.041457,1.870517,385
5518,void,2048,64,10,0.965862,0.795034,11440
5519,scorep,2048,256,4,2.007159,1.836040,204
552,extrae,2048,128,5,1.566296,1.396133,1496
5520,extrae,2048,256,15,1.121482,0.951276,204
5521,extrae,2048,64,1,6.835210,6.664401,11440
5522,tikki,2048,192,12,0.896710,0.724396,385
5523,empty,2048,128,18,0.658057,0.486614,1496
5524,oot,2048,192,11,0.885223,0.713791,385
5525,oot,2048,256,11,1.228201,1.057210,204
5526,void,2048,256,5,1.767193,1.596510,204
5527,extrae,2048,192,3,2.000885,1.830324,385
5528,scorep,2048,128,6,1.377307,1.205631,1496
5529,empty,2048,192,17,0.720915,0.550340,385
553,tikki,2048,192,18,0.743464,0.573417,385
5530,void,2048,128,12,0.859210,0.687282,1496
5531,extrae,2048,128,2,3.407399,3.237411,1496
5532,printf,2048,64,8,1.129942,0.958395,11440
5533,printf,2048,128,17,0.680585,0.509439,1496
5534,void,2048,256,18,1.055336,0.884049,204
5535,printf,2048,64,9,1.084684,0.870933,11440
5536,oot,2048,64,19,0.607618,0.437249,11440
5537,void,2048,192,2,2.926973,2.699562,385
5538,scorep,2048,256,2,3.596643,3.425954,204
5539,extrae,2048,192,13,0.839987,0.670243,385
554,tikki,2048,64,4,1.955556,1.784646,11440
5540,scorep,2048,256,3,2.525199,2.353399,204
5541,tikki,2048,128,9,1.076934,0.906278,1496
5542,extrae,2048,128,15,0.792462,0.621786,1496
5543,printf,2048,128,16,0.764554,0.537234,1496
5544,printf,2048,256,20,1.027770,0.856927,204
5545,void,2048,64,5,1.611257,1.440495,11440
5546,printf,2048,128,14,0.783013,0.611440,1496
5547,printf,2048,192,12,0.850145,0.679536,385
5548,empty,2048,256,17,1.056393,0.885815,204
5549,tikki,2048,128,13,0.854902,0.683676,1496
555,void,2048,128,20,0.621906,0.451368,1496
5550,empty,2048,128,17,0.677797,0.506943,1496
5551,printf,2048,192,3,2.009503,1.838010,385
5552,scorep,2048,256,8,1.412344,1.241219,204
5553,extrae,2048,256,14,1.133604,0.963262,204
5554,empty,2048,64,16,0.677463,0.506649,11440
5555,extrae,2048,192,1,5.447383,5.277473,385
5556,empty,2048,256,14,1.095937,0.925192,204
5557,extrae,2048,256,10,1.279728,1.109802,204
5558,oot,2048,192,4,1.585449,1.414599,385
5559,extrae,2048,192,15,0.797803,0.627259,385
556,scorep,2048,256,5,1.784609,1.613649,204
5560,empty,2048,256,7,1.489490,1.318251,204
5561,oot,2048,128,17,0.682206,0.510976,1496
5562,void,2048,64,3,2.432704,2.261616,11440
5563,empty,2048,256,3,2.510484,2.339181,204
5564,void,2048,64,17,0.653863,0.482579,11440
5565,oot,2048,64,14,0.744721,0.574075,11440
5566,printf,2048,64,2,3.576619,3.404898,11440
5567,void,2048,192,19,0.692449,0.520811,385
5568,tikki,2048,256,6,1.675252,1.504137,204
5569,empty,2048,256,20,1.033062,0.862405,204
557,empty,2048,64,17,0.651975,0.480865,11440
5570,void,2048,256,19,1.052727,0.881053,204
5571,oot,2048,192,3,2.010824,1.826433,385
5572,printf,2048,64,11,0.899334,0.728377,11440
5573,printf,2048,256,11,1.223484,1.052070,204
5574,oot,2048,128,1,6.599136,6.427282,1496
5575,empty,2048,256,5,1.771576,1.600665,204
5576,oot,2048,256,13,1.116048,0.945283,204
5577,empty,2048,64,14,0.751225,0.579668,11440
5578,scorep,2048,256,15,1.086160,0.914073,204
5579,oot,2048,128,19,0.636110,0.465438,1496
558,tikki,2048,64,18,0.681805,0.511371,11440
5580,void,2048,192,11,0.886044,0.714275,385
5581,printf,2048,64,3,2.471998,2.300837,11440
5582,oot,2048,192,2,2.857554,2.686385,385
5583,printf,2048,192,15,0.762681,0.591637,385
5584,tikki,2048,64,9,1.088140,0.917151,11440
5585,extrae,2048,256,8,1.434150,1.263209,204
5586,scorep,2048,128,12,0.864723,0.693393,1496
5587,scorep,2048,64,10,0.967972,0.797034,11440
5588,extrae,2048,192,18,0.761970,0.590923,385
5589,scorep,2048,256,6,1.647193,1.474208,204
559,printf,2048,128,3,2.347682,2.177073,1496
5590,extrae,2048,256,13,1.150065,0.979998,204
5591,printf,2048,64,10,0.970284,0.799625,11440
5592,printf,2048,192,4,1.585446,1.415150,385
5593,void,2048,256,11,1.238442,1.067212,204
5594,printf,2048,192,14,0.784649,0.612753,385
5595,oot,2048,192,7,1.120006,0.949684,385
5596,empty,2048,256,8,1.416692,1.244706,204
5597,scorep,2048,128,2,3.405115,3.234395,1496
5598,oot,2048,128,2,3.402433,3.231235,1496
5599,scorep,2048,256,10,1.264138,1.094031,204
56,tikki,2048,64,10,1.005799,0.835038,11440
560,empty,2048,128,1,6.572428,6.401266,1496
5600,empty,2048,128,8,1.122317,0.951797,1496
561,empty,2048,192,8,1.111695,0.897151,385
562,scorep,2048,128,10,0.984325,0.812858,1496
563,tikki,2048,64,13,0.839404,0.668010,11440
564,printf,2048,256,15,1.077296,0.906186,204
565,scorep,2048,256,15,1.078789,0.906886,204
566,printf,2048,256,6,1.634502,1.464082,204
567,printf,2048,256,18,1.056802,0.885519,204
568,extrae,2048,128,4,1.820396,1.649802,1496
569,void,2048,192,9,0.989476,0.818318,385
57,scorep,2048,192,12,0.851578,0.680513,385
570,void,2048,256,7,1.481917,1.310713,204
571,void,2048,192,4,1.589962,1.419009,385
572,oot,2048,128,12,0.854817,0.683933,1496
573,printf,2048,256,16,1.059050,0.887536,204
574,extrae,2048,128,18,0.714960,0.544904,1496
575,void,2048,128,20,0.623388,0.452866,1496
576,void,2048,128,11,0.914956,0.743567,1496
577,printf,2048,192,20,0.686728,0.515043,385
578,scorep,2048,64,13,0.797129,0.626229,11440
579,empty,2048,128,17,0.678039,0.505947,1496
58,oot,2048,192,15,0.761410,0.590839,385
580,scorep,2048,192,13,0.820269,0.649165,385
581,oot,2048,256,11,1.221997,1.050754,204
582,extrae,2048,256,2,3.643473,3.429603,204
583,tikki,2048,192,20,0.731573,0.561126,385
584,oot,2048,128,2,3.423704,3.252855,1496
585,oot,2048,64,8,1.122194,0.950506,11440
586,scorep,2048,128,15,0.747513,0.576568,1496
587,extrae,2048,128,7,1.234816,1.065036,1496
588,extrae,2048,192,15,0.805820,0.635312,385
589,oot,2048,128,5,1.547818,1.376365,1496
59,printf,2048,128,8,1.122298,0.951337,1496
590,tikki,2048,192,5,1.419199,1.247251,385
591,extrae,2048,64,10,1.014700,0.844666,11440
592,empty,2048,192,20,0.689436,0.518189,385
593,scorep,2048,192,9,0.995133,0.822213,385
594,empty,2048,256,7,1.492168,1.320652,204
595,printf,2048,64,8,1.128057,0.956967,11440
596,void,2048,192,8,1.066450,0.895520,385
597,empty,2048,64,13,0.792042,0.620781,11440
598,tikki,2048,192,11,0.937563,0.766462,385
599,oot,2048,64,19,0.608916,0.437514,11440
6,oot,2048,256,14,1.089575,0.919036,204
60,scorep,2048,128,18,0.658804,0.488433,1496
600,extrae,2048,192,1,5.464948,5.294576,385
601,extrae,2048,64,17,0.714942,0.544717,11440
602,extrae,2048,256,17,1.119221,0.948131,204
603,void,2048,64,10,0.966071,0.794747,11440
604,empty,2048,128,12,0.857994,0.686949,1496
605,oot,2048,128,19,0.636484,0.465121,1496
606,void,2048,128,4,1.822454,1.651271,1496
607,scorep,2048,128,11,0.914787,0.743273,1496
608,empty,2048,64,14,0.746786,0.576011,11440
609,void,2048,64,1,6.809597,6.637973,11440
61,void,2048,192,19,0.687947,0.517172,385
610,extrae,2048,128,17,0.732268,0.561879,1496
611,empty,2048,64,12,0.837046,0.666010,11440
612,tikki,2048,192,15,0.821828,0.650548,385
613,void,2048,128,2,3.409086,3.238072,1496
614,scorep,2048,192,2,2.847779,2.677378,385
615,extrae,2048,64,15,0.818338,0.602450,11440
616,extrae,2048,128,8,1.148559,0.978438,1496
617,oot,2048,192,12,0.851580,0.680580,385
618,oot,2048,256,15,1.072545,0.901742,204
619,extrae,2048,192,9,1.021028,0.850530,385
62,printf,2048,256,18,1.053558,0.883344,204
620,empty,2048,128,13,0.838475,0.643609,1496
621,tikki,2048,192,14,0.854843,0.654912,385
622,void,2048,128,13,0.816388,0.644531,1496
623,oot,2048,256,2,3.593835,3.422280,204
624,oot,2048,192,18,0.710482,0.539213,385
625,extrae,2048,64,12,0.894464,0.724064,11440
626,void,2048,128,9,1.039477,0.868293,1496
627,tikki,2048,128,5,1.622294,1.452028,1496
628,void,2048,256,1,6.828188,6.656732,204
629,tikki,2048,256,1,6.877486,6.706769,204
63,tikki,2048,256,1,6.870208,6.699686,204
630,extrae,2048,256,16,1.105685,0.935646,204
631,scorep,2048,192,12,0.851492,0.680824,385
632,printf,2048,192,11,0.887488,0.716835,385
633,oot,2048,192,5,1.367676,1.196459,385
634,oot,2048,64,12,0.839651,0.669131,11440
635,extrae,2048,192,16,0.789493,0.619838,385
636,oot,2048,256,1,6.827038,6.655372,204
637,printf,2048,256,8,1.418341,1.246789,204
638,printf,2048,128,2,3.407519,3.235925,1496
639,empty,2048,192,12,0.852139,0.681380,385
64,extrae,2048,192,16,0.784002,0.613831,385
640,printf,2048,192,8,1.063628,0.892710,385
641,scorep,2048,256,20,1.034631,0.863503,204
642,extrae,2048,256,6,1.654526,1.483997,204
643,tikki,2048,64,20,0.633727,0.462944,11440
644,extrae,2048,64,2,3.641956,3.471792,11440
645,empty,2048,128,18,0.656746,0.485137,1496
646,oot,2048,256,7,1.494915,1.324050,204
647,scorep,2048,64,19,0.611160,0.441154,11440
648,extrae,2048,128,15,0.788482,0.617984,1496
649,tikki,2048,128,20,0.677519,0.506686,1496
65,void,2048,64,20,0.587022,0.416289,11440
650,tikki,2048,256,2,3.630481,3.459167,204
651,void,2048,64,6,1.401319,1.230388,11440
652,empty,2048,64,4,1.872361,1.701578,11440
653,scorep,2048,256,19,1.046725,0.875548,204
654,oot,2048,256,10,1.258749,1.087781,204
655,empty,2048,192,15,0.756952,0.586643,385
656,tikki,2048,256,17,1.104767,0.933573,204
657,empty,2048,192,19,0.687589,0.516910,385
658,extrae,2048,64,11,0.945591,0.774719,11440
659,empty,2048,128,20,0.623317,0.451848,1496
66,extrae,2048,256,13,1.193203,1.023591,204
660,oot,2048,192,1,5.463402,5.291870,385
661,printf,2048,256,4,2.002642,1.831859,204
662,printf,2048,64,10,0.968063,0.796658,11440
663,void,2048,128,10,0.975513,0.804308,1496
664,oot,2048,256,6,1.641616,1.470079,204
665,tikki,2048,192,13,0.852046,0.681710,385
666,scorep,2048,128,9,1.044204,0.872277,1496
667,scorep,2048,128,16,0.711923,0.541595,1496
668,scorep,2048,64,1,6.805882,6.635666,11440
669,extrae,2048,64,1,6.825996,6.656220,11440
67,empty,2048,256,10,1.260007,1.089573,204
670,empty,2048,192,9,0.993716,0.821764,385
671,empty,2048,192,16,0.742347,0.570883,385
672,empty,2048,192,1,5.480414,5.309675,385
673,scorep,2048,64,7,1.279477,1.108504,11440
674,printf,2048,64,15,0.714730,0.544083,11440
675,extrae,2048,256,7,1.501893,1.331731,204
676,empty,2048,256,12,1.164707,0.993113,204
677,tikki,2048,64,2,3.622960,3.451860,11440
678,scorep,2048,64,11,0.901048,0.730110,11440
679,scorep,2048,64,17,0.659648,0.487774,11440
68,void,2048,192,6,1.240089,1.068899,385
680,extrae,2048,64,20,0.689382,0.517505,11440
681,empty,2048,128,10,0.979196,0.808519,1496
682,void,2048,256,14,1.091334,0.920291,204
683,printf,2048,256,12,1.187877,1.017081,204
684,scorep,2048,192,5,1.372973,1.201279,385
685,oot,2048,192,19,0.684896,0.513978,385
686,empty,2048,64,1,6.801153,6.629890,11440
687,empty,2048,256,6,1.644587,1.473168,204
688,extrae,2048,192,6,1.246705,1.076209,385
689,printf,2048,256,17,1.058397,0.887918,204
69,oot,2048,128,7,1.236811,1.065848,1496
690,void,2048,128,14,0.774940,0.604475,1496
691,printf,2048,128,5,1.549962,1.379552,1496
692,printf,2048,64,14,0.752249,0.581772,11440
693,void,2048,192,7,1.122311,0.951498,385
694,empty,2048,128,4,1.827783,1.657137,1496
695,void,2048,256,16,1.065554,0.894271,204
696,empty,2048,128,2,3.407175,3.236075,1496
697,oot,2048,192,15,0.754495,0.583875,385
698,empty,2048,64,15,0.712626,0.541960,11440
699,printf,2048,128,4,1.816095,1.644961,1496
7,extrae,2048,64,12,0.895628,0.725192,11440
70,extrae,2048,128,16,0.756592,0.586865,1496
700,void,2048,128,18,0.657281,0.486789,1496
701,empty,2048,64,7,1.249695,1.078476,11440
702,oot,2048,256,20,1.028633,0.858084,204
703,tikki,2048,64,15,0.766266,0.595945,11440
704,scorep,2048,64,15,0.719272,0.547935,11440
705,printf,2048,64,5,1.629050,1.457913,11440
706,oot,2048,64,20,0.588431,0.417188,11440
707,extrae,2048,256,18,1.112926,0.943158,204
708,scorep,2048,64,6,1.408116,1.236636,11440
709,empty,2048,64,11,0.892662,0.721646,11440
71,tikki,2048,64,3,2.480305,2.309606,11440
710,extrae,2048,128,14,0.823394,0.653268,1496
711,tikki,2048,192,7,1.156407,0.985298,385
712,tikki,2048,64,1,6.899944,6.728392,11440
713,void,2048,192,16,0.755633,0.584552,385
714,tikki,2048,128,7,1.271518,1.100055,1496
715,void,2048,192,13,0.817752,0.646287,385
716,void,2048,192,12,0.854146,0.683808,385
717,printf,2048,192,17,0.730263,0.558404,385
718,scorep,2048,64,4,1.913784,1.742297,11440
719,oot,2048,192,4,1.591813,1.421080,385
72,scorep,2048,128,8,1.126415,0.955736,1496
720,extrae,2048,256,1,6.831374,6.661578,204
721,scorep,2048,192,11,0.890561,0.719124,385
722,void,2048,128,1,6.545328,6.374591,1496
723,empty,2048,128,11,0.907877,0.736711,1496
724,scorep,2048,256,2,3.595361,3.423684,204
725,scorep,2048,128,3,2.353142,2.181964,1496
726,oot,2048,64,10,0.966621,0.796214,11440
727,tikki,2048,64,11,0.939788,0.769072,11440
728,tikki,2048,256,3,2.560114,2.389367,204
729,scorep,2048,192,18,0.708282,0.535806,385
73,printf,2048,192,19,0.686528,0.515990,385
730,printf,2048,192,16,0.740369,0.569486,385
731,scorep,2048,256,4,1.991899,1.820019,204
732,oot,2048,128,17,0.680178,0.508824,1496
733,empty,2048,256,14,1.094882,0.924296,204
734,empty,2048,256,9,1.329312,1.157462,204
735,void,2048,192,14,0.801768,0.618865,385
736,empty,2048,256,18,1.055619,0.884406,204
737,tikki,2048,128,16,0.756226,0.584783,1496
738,empty,2048,192,6,1.236283,1.065918,385
739,printf,2048,192,13,0.814062,0.643317,385
74,oot,2048,256,2,3.599196,3.428631,204
740,extrae,2048,256,12,1.204714,1.034366,204
741,oot,2048,64,11,0.901287,0.730311,11440
742,void,2048,256,11,1.235708,1.064195,204
743,extrae,2048,256,9,1.344927,1.174508,204
744,scorep,2048,128,6,1.376220,1.205033,1496
745,void,2048,64,9,1.035068,0.864160,11440
746,printf,2048,192,2,2.870648,2.699866,385
747,empty,2048,256,11,1.222613,1.051013,204
748,extrae,2048,64,6,1.430438,1.259944,11440
749,printf,2048,64,2,3.601288,3.430066,11440
75,scorep,2048,128,14,0.829650,0.612672,1496
750,void,2048,64,15,0.713185,0.541886,11440
751,oot,2048,256,9,1.325663,1.153574,204
752,empty,2048,64,18,0.630671,0.459506,11440
753,oot,2048,256,5,1.769866,1.598363,204
754,scorep,2048,128,20,0.625671,0.454734,1496
755,printf,2048,192,6,1.230609,1.060192,385
756,tikki,2048,128,6,1.417132,1.245754,1496
757,oot,2048,256,12,1.192715,1.020812,204
758,printf,2048,64,19,0.612294,0.441255,11440
759,tikki,2048,128,14,0.826349,0.655038,1496
76,oot,2048,128,15,0.747500,0.576400,1496
760,void,2048,192,2,2.881331,2.709394,385
761,void,2048,256,12,1.164348,0.993595,204
762,empty,2048,64,17,0.652025,0.481461,11440
763,extrae,2048,64,18,0.697144,0.526722,11440
764,void,2048,192,18,0.702001,0.531184,385
765,oot,2048,64,6,1.426218,1.255166,11440
766,tikki,2048,64,8,1.168327,0.997084,11440
767,scorep,2048,256,7,1.498501,1.327682,204
768,empty,2048,192,14,0.760482,0.589912,385
769,tikki,2048,64,19,0.650798,0.480261,11440
77,void,2048,128,1,6.584744,6.414022,1496
770,printf,2048,64,16,0.685255,0.514353,11440
771,oot,2048,256,17,1.058952,0.886952,204
772,extrae,2048,256,3,2.514717,2.344213,204
773,void,2048,256,2,3.596735,3.426076,204
774,extrae,2048,64,13,0.843218,0.672740,11440
775,empty,2048,128,15,0.742679,0.570842,1496
776,printf,2048,192,7,1.115471,0.944668,385
777,tikki,2048,128,1,6.582524,6.411863,1496
778,printf,2048,192,4,1.583229,1.412154,385
779,empty,2048,192,13,0.813432,0.641619,385
78,void,2048,192,14,0.786698,0.615725,385
780,printf,2048,128,9,1.042080,0.871675,1496
781,oot,2048,128,9,1.042395,0.871488,1496
782,void,2048,128,7,1.235880,1.064739,1496
783,extrae,2048,192,19,0.745953,0.575946,385
784,tikki,2048,256,12,1.234570,1.063801,204
785,void,2048,192,15,0.758406,0.587644,385
786,empty,2048,64,6,1.454605,1.255053,11440
787,extrae,2048,192,7,1.131805,0.961289,385
788,extrae,2048,192,20,0.765321,0.595485,385
789,oot,2048,256,4,1.990596,1.819679,204
79,scorep,2048,192,1,5.455433,5.284663,385
790,scorep,2048,64,12,0.848094,0.676715,11440
791,oot,2048,64,1,6.813199,6.642408,11440
792,extrae,2048,64,14,0.805280,0.634888,11440
793,extrae,2048,256,15,1.126324,0.956393,204
794,extrae,2048,192,8,1.090940,0.920537,385
795,oot,2048,128,15,0.744126,0.573523,1496
796,scorep,2048,256,13,1.121414,0.949865,204
797,extrae,2048,256,14,1.140205,0.969989,204
798,printf,2048,128,10,0.976364,0.805473,1496
799,scorep,2048,192,17,0.725409,0.554570,385
8,oot,2048,64,8,1.122661,0.952156,11440
80,tikki,2048,128,5,1.595273,1.424816,1496
800,printf,2048,192,12,0.853145,0.681712,385
801,printf,2048,192,19,0.688789,0.517950,385
802,void,2048,256,6,1.634892,1.463854,204
803,oot,2048,128,8,1.122227,0.951484,1496
804,tikki,2048,64,18,0.684983,0.513784,11440
805,void,2048,256,3,2.575668,2.391233,204
806,oot,2048,64,18,0.632669,0.461527,11440
807,tikki,2048,128,12,0.913090,0.741455,1496
808,scorep,2048,192,14,0.793241,0.621761,385
809,extrae,2048,128,1,6.569321,6.398685,1496
81,scorep,2048,256,10,1.256044,1.084442,204
810,empty,2048,128,14,0.782660,0.611245,1496
811,printf,2048,192,3,2.005013,1.834456,385
812,scorep,2048,128,14,0.784531,0.612618,1496
813,oot,2048,64,3,2.435571,2.264265,11440
814,oot,2048,256,19,1.042899,0.872083,204
815,tikki,2048,256,13,1.206515,1.034600,204
816,extrae,2048,64,4,1.912707,1.742628,11440
817,tikki,2048,256,8,1.458269,1.287777,204
818,oot,2048,192,7,1.117932,0.947186,385
819,void,2048,64,11,0.893365,0.721847,11440
82,oot,2048,64,15,0.708807,0.538098,11440
820,tikki,2048,256,6,1.682572,1.510945,204
821,empty,2048,256,8,1.403870,1.232991,204
822,scorep,2048,256,6,1.648337,1.476676,204
823,scorep,2048,192,20,0.691397,0.520747,385
824,scorep,2048,192,6,1.238577,1.067682,385
825,empty,2048,128,5,1.561251,1.390174,1496
826,scorep,2048,256,14,1.103084,0.920746,204
827,oot,2048,128,7,1.237307,1.066375,1496
828,void,2048,128,16,0.706021,0.535367,1496
829,scorep,2048,64,3,2.443950,2.272606,11440
83,empty,2048,128,14,0.780455,0.609218,1496
830,empty,2048,128,8,1.118718,0.947003,1496
831,scorep,2048,128,12,0.863286,0.691778,1496
832,oot,2048,128,11,0.911261,0.740479,1496
833,oot,2048,192,20,0.682615,0.512186,385
834,scorep,2048,64,9,1.040676,0.869230,11440
835,extrae,2048,128,19,0.696243,0.526048,1496
836,extrae,2048,128,13,0.855496,0.685858,1496
837,empty,2048,64,2,3.553208,3.382663,11440
838,tikki,2048,64,6,1.468853,1.297050,11440
839,printf,2048,256,1,6.830352,6.659036,204
84,oot,2048,64,18,0.644061,0.461114,11440
840,tikki,2048,128,9,1.077481,0.907245,1496
841,scorep,2048,256,3,2.556168,2.384596,204
842,empty,2048,128,1,6.578171,6.406527,1496
843,empty,2048,256,1,6.867467,6.696477,204
844,void,2048,192,1,5.484745,5.313961,385
845,extrae,2048,64,8,1.160694,0.990669,11440
846,void,2048,256,10,1.259532,1.088521,204
847,oot,2048,256,8,1.470767,1.243132,204
848,tikki,2048,128,13,0.866201,0.694699,1496
849,void,2048,128,19,0.632977,0.461970,1496
85,oot,2048,256,5,1.761164,1.589775,204
850,oot,2048,256,3,2.501227,2.329969,204
851,tikki,2048,128,18,0.696843,0.526118,1496
852,extrae,2048,64,5,1.634028,1.462771,11440
853,printf,2048,192,9,0.990240,0.819063,385
854,oot,2048,192,13,0.816638,0.645335,385
855,extrae,2048,128,9,1.066179,0.895738,1496
856,empty,2048,128,19,0.637877,0.466581,1496
857,tikki,2048,192,4,1.657279,1.486253,385
858,oot,2048,64,15,0.714422,0.544091,11440
859,scorep,2048,192,16,0.738376,0.566943,385
86,empty,2048,64,19,0.607272,0.436811,11440
860,printf,2048,192,10,0.938469,0.768281,385
861,void,2048,128,5,1.564980,1.393781,1496
862,void,2048,192,3,2.012969,1.841754,385
863,oot,2048,256,14,1.091664,0.921004,204
864,oot,2048,64,17,0.655775,0.484640,11440
865,extrae,2048,192,3,2.051874,1.835820,385
866,oot,2048,128,20,0.624865,0.454587,1496
867,scorep,2048,256,5,1.766695,1.595742,204
868,oot,2048,64,4,1.904445,1.733246,11440
869,void,2048,64,14,0.751587,0.580961,11440
87,void,2048,256,12,1.163592,0.993129,204
870,printf,2048,128,12,0.856604,0.685907,1496
871,printf,2048,192,15,0.762194,0.591612,385
872,printf,2048,128,11,0.910308,0.738891,1496
873,oot,2048,192,14,0.787084,0.616363,385
874,scorep,2048,64,5,1.625507,1.454842,11440
875,void,2048,192,10,0.936557,0.765784,385
876,tikki,2048,192,18,0.744004,0.573413,385
877,oot,2048,64,9,1.036802,0.865673,11440
878,tikki,2048,256,4,2.060045,1.889178,204
879,scorep,2048,128,7,1.240067,1.068687,1496
88,scorep,2048,64,18,0.639240,0.468199,11440
880,extrae,2048,256,13,1.196401,1.026580,204
881,oot,2048,192,3,2.018119,1.848064,385
882,tikki,2048,64,10,1.016493,0.845191,11440
883,printf,2048,192,5,1.378817,1.207804,385
884,extrae,2048,192,11,0.918754,0.748225,385
885,void,2048,128,17,0.676965,0.505610,1496
886,empty,2048,64,19,0.608851,0.437699,11440
887,void,2048,192,6,1.236357,1.064830,385
888,empty,2048,192,18,0.707444,0.535955,385
889,printf,2048,256,2,3.598059,3.427384,204
89,tikki,2048,128,12,0.902857,0.731788,1496
890,printf,2048,256,14,1.093743,0.922188,204
891,scorep,2048,256,10,1.266034,1.095070,204
892,scorep,2048,128,13,0.820043,0.647780,1496
893,scorep,2048,192,10,0.943427,0.773041,385
894,printf,2048,192,14,0.788754,0.618210,385
895,oot,2048,64,14,0.750621,0.579733,11440
896,printf,2048,192,1,5.474675,5.303795,385
897,empty,2048,192,11,0.883662,0.712787,385
898,tikki,2048,192,16,0.768132,0.597299,385
899,printf,2048,256,11,1.210814,1.040377,204
9,extrae,2048,128,9,1.067092,0.897142,1496
90,printf,2048,192,18,0.706887,0.534770,385
900,empty,2048,256,15,1.072204,0.901563,204
901,scorep,2048,64,16,0.686786,0.516341,11440
902,printf,2048,64,4,1.895807,1.724665,11440
903,scorep,2048,192,7,1.123224,0.952218,385
904,extrae,2048,128,6,1.387266,1.216902,1496
905,scorep,2048,256,12,1.197366,1.026623,204
906,printf,2048,64,17,0.658540,0.487205,11440
907,tikki,2048,128,8,1.156702,0.985545,1496
908,scorep,2048,192,8,1.075289,0.902712,385
909,empty,2048,64,9,1.030309,0.859858,11440
91,extrae,2048,128,15,0.789926,0.619393,1496
910,oot,2048,128,14,0.784016,0.612338,1496
911,void,2048,64,7,1.274223,1.103495,11440
912,scorep,2048,64,14,0.753091,0.582981,11440
913,scorep,2048,256,11,1.239368,1.068380,204
914,void,2048,64,2,3.573188,3.402223,11440
915,tikki,2048,256,18,1.103525,0.933459,204
916,oot,2048,64,2,3.576882,3.405672,11440
917,empty,2048,64,8,1.124928,0.954360,11440
918,tikki,2048,256,15,1.103913,0.933491,204
919,printf,2048,128,13,0.815848,0.644569,1496
92,empty,2048,128,16,0.705283,0.534320,1496
920,extrae,2048,128,12,0.897440,0.727031,1496
921,printf,2048,128,3,2.349447,2.178781,1496
922,oot,2048,64,5,1.626994,1.456261,11440
923,printf,2048,256,19,1.035846,0.865363,204
924,empty,2048,192,7,1.120937,0.950517,385
925,tikki,2048,256,19,1.076280,0.905101,204
926,extrae,2048,64,9,1.082420,0.912015,11440
927,oot,2048,128,4,1.809054,1.638513,1496
928,void,2048,256,18,1.057803,0.886794,204
929,printf,2048,256,13,1.107792,0.937200,204
93,void,2048,64,11,0.892351,0.720988,11440
930,empty,2048,256,17,1.055507,0.884441,204
931,tikki,2048,64,4,1.946176,1.775690,11440
932,printf,2048,256,7,1.486883,1.315941,204
933,oot,2048,64,7,1.251745,1.080891,11440
934,scorep,2048,256,1,6.820925,6.649979,204
935,void,2048,256,17,1.053493,0.882732,204
936,scorep,2048,256,18,1.073907,0.903164,204
937,tikki,2048,192,1,5.517654,5.346454,385
938,void,2048,64,12,0.836182,0.664958,11440
939,tikki,2048,256,7,1.530563,1.358955,204
94,void,2048,192,2,2.874897,2.704005,385
940,void,2048,64,18,0.631137,0.460377,11440
941,void,2048,256,5,1.767757,1.596394,204
942,empty,2048,256,3,2.511718,2.340720,204
943,empty,2048,64,20,0.589318,0.418139,11440
944,extrae,2048,128,11,0.942145,0.771667,1496
945,void,2048,256,8,1.417304,1.245699,204
946,oot,2048,64,13,0.789663,0.619091,11440
947,empty,2048,256,2,3.605787,3.434922,204
948,empty,2048,192,10,0.937691,0.766941,385
949,tikki,2048,128,4,1.859678,1.688907,1496
95,tikki,2048,256,6,1.695374,1.524837,204
950,printf,2048,128,1,6.586540,6.415688,1496
951,scorep,2048,128,5,1.554985,1.383492,1496
952,empty,2048,256,16,1.058841,0.887422,204
953,empty,2048,256,10,1.262561,1.090519,204
954,tikki,2048,256,16,1.106940,0.936252,204
955,oot,2048,192,16,0.737180,0.566729,385
956,printf,2048,64,11,0.901788,0.731492,11440
957,void,2048,64,20,0.590771,0.419550,11440
958,void,2048,192,11,0.886412,0.714665,385
959,tikki,2048,64,7,1.297370,1.126422,11440
96,scorep,2048,256,16,1.062738,0.891752,204
960,empty,2048,64,3,2.441156,2.270313,11440
961,extrae,2048,64,16,0.743769,0.574062,11440
962,void,2048,256,20,1.030646,0.859818,204
963,extrae,2048,256,10,1.286113,1.116128,204
964,tikki,2048,256,20,1.075376,0.904545,204
965,printf,2048,64,12,0.839151,0.667629,11440
966,tikki,2048,128,10,1.012587,0.841053,1496
967,printf,2048,128,15,0.744605,0.573814,1496
968,empty,2048,192,3,2.008780,1.837561,385
969,empty,2048,128,7,1.234179,1.062923,1496
97,oot,2048,192,11,0.886730,0.715690,385
970,oot,2048,128,16,0.706355,0.535034,1496
971,scorep,2048,128,18,0.662862,0.491015,1496
972,extrae,2048,192,4,1.602922,1.433087,385
973,printf,2048,64,1,6.845305,6.675124,11440
974,empty,2048,128,6,1.396604,1.201990,1496
975,empty,2048,256,5,1.788607,1.617299,204
976,scorep,2048,128,4,1.816001,1.645530,1496
977,tikki,2048,256,9,1.357350,1.186279,204
978,extrae,2048,128,20,0.703899,0.533433,1496
979,scorep,2048,64,10,0.977604,0.806774,11440
98,extrae,2048,192,7,1.142124,0.971559,385
980,extrae,2048,128,10,1.009701,0.839501,1496
981,tikki,2048,128,15,0.820768,0.625868,1496
982,tikki,2048,192,8,1.105850,0.935556,385
983,tikki,2048,64,5,1.650211,1.479463,11440
984,empty,2048,192,2,2.868711,2.697461,385
985,printf,2048,64,9,1.039965,0.868198,11440
986,oot,2048,128,1,6.573632,6.401598,1496
987,oot,2048,192,6,1.233143,1.062866,385
988,empty,2048,256,13,1.153560,0.982510,204
989,void,2048,128,15,0.741772,0.571004,1496
99,printf,2048,64,19,0.612077,0.440539,11440
990,extrae,2048,128,3,2.347418,2.176220,1496
991,scorep,2048,192,15,0.745543,0.574843,385
992,tikki,2048,192,2,2.923493,2.752837,385
993,void,2048,192,17,0.727463,0.556503,385
994,extrae,2048,256,8,1.437923,1.267889,204
995,oot,2048,192,2,2.877562,2.706851,385
996,void,2048,256,19,1.048545,0.877551,204
997,oot,2048,192,11,0.887074,0.715406,385
998,printf,2048,256,9,1.326400,1.155819,204
999,empty,2048,256,19,1.040148,0.869792,204
