run,type,problemsize,subproblemsize,threads,apptime,comptime,tasks
1,extrae,10000,500,7,1.200162,0.728800,4000
10,tikki,10000,250,10,1.064738,0.588054,16000
100,empty,10000,250,16,0.843760,0.365896,16000
1000,void,10000,1000,14,0.906000,0.425876,1000
1001,void,10000,2000,7,1.264055,0.785182,250
1002,empty,10000,2000,17,1.028947,0.551243,250
1003,oot,10000,250,3,2.034000,1.554835,16000
1004,oot,10000,1000,13,0.927452,0.448860,1000
1005,printf,10000,250,18,0.831526,0.352849,16000
1006,void,10000,500,15,0.862393,0.383181,4000
1007,tikki,10000,1000,17,0.902384,0.422754,1000
1008,printf,10000,250,8,1.119198,0.640511,16000
1009,scorep,10000,500,16,0.847551,0.376812,4000
101,void,10000,2000,2,2.726559,2.249505,250
1010,empty,10000,500,11,0.970449,0.492100,4000
1011,extrae,10000,1000,11,1.030026,0.560238,1000
1012,scorep,10000,500,12,0.932574,0.454573,4000
1013,printf,10000,250,4,1.635582,1.157117,16000
1014,tikki,10000,500,14,0.913210,0.434348,4000
1015,printf,10000,2000,15,1.037904,0.558303,250
1016,void,10000,1000,17,0.862255,0.382489,1000
1017,scorep,10000,250,13,0.899068,0.427032,16000
1018,oot,10000,500,7,1.182936,0.703772,4000
1019,extrae,10000,500,17,0.907577,0.438315,4000
102,empty,10000,500,13,0.899779,0.423740,4000
1020,oot,10000,250,9,1.062720,0.584581,16000
1021,printf,10000,250,12,0.935932,0.456387,16000
1022,oot,10000,2000,10,1.127266,0.646554,250
1023,scorep,10000,250,18,0.827079,0.355459,16000
1024,tikki,10000,250,18,0.872956,0.394309,16000
1025,void,10000,2000,2,2.707315,2.226976,250
1026,scorep,10000,1000,16,0.863202,0.392602,1000
1027,empty,10000,2000,4,1.648529,1.171311,250
1028,empty,10000,500,16,0.848478,0.369877,4000
1029,oot,10000,2000,5,1.467881,0.989237,250
103,empty,10000,1000,15,0.882018,0.404114,1000
1030,empty,10000,250,12,0.932242,0.455053,16000
1031,tikki,10000,500,13,0.946595,0.467466,4000
1032,tikki,10000,2000,18,1.079854,0.601042,250
1033,tikki,10000,1000,16,0.912803,0.434785,1000
1034,extrae,10000,1000,4,1.603876,1.129863,1000
1035,void,10000,1000,11,0.985125,0.508419,1000
1036,tikki,10000,2000,17,1.067305,0.588735,250
1037,void,10000,500,17,0.843006,0.365231,4000
1038,tikki,10000,1000,20,0.897994,0.420366,1000
1039,printf,10000,1000,8,1.126880,0.647997,1000
104,oot,10000,2000,17,1.038477,0.559455,250
1040,tikki,10000,500,4,1.617695,1.140174,4000
1041,oot,10000,2000,18,1.033585,0.553496,250
1042,printf,10000,500,1,5.623342,5.145174,4000
1043,tikki,10000,250,16,0.880818,0.403858,16000
1044,tikki,10000,500,7,1.218516,0.740901,4000
1045,void,10000,500,5,1.404143,0.925524,4000
1046,tikki,10000,500,5,1.439622,0.964568,4000
1047,printf,10000,250,9,1.064153,0.586075,16000
1048,scorep,10000,2000,20,1.032466,0.558643,250
1049,void,10000,2000,5,1.460310,0.981693,250
105,empty,10000,1000,5,1.418405,0.938815,1000
1050,extrae,10000,250,1,5.666931,5.191600,16000
1051,empty,10000,2000,16,1.028218,0.549710,250
1052,oot,10000,250,4,1.607635,1.129925,16000
1053,void,10000,2000,10,1.122312,0.643477,250
1054,printf,10000,1000,6,1.299800,0.822469,1000
1055,printf,10000,2000,2,2.703362,2.224673,250
1056,empty,10000,250,9,1.060110,0.580919,16000
1057,tikki,10000,500,18,0.883134,0.405362,4000
1058,oot,10000,500,14,0.881790,0.404424,4000
1059,oot,10000,250,12,0.935317,0.458887,16000
106,void,10000,2000,12,1.084870,0.605056,250
1060,scorep,10000,250,9,1.059235,0.581701,16000
1061,extrae,10000,250,20,0.907588,0.434405,16000
1062,void,10000,250,13,0.901171,0.422710,16000
1063,printf,10000,250,16,0.842974,0.363141,16000
1064,extrae,10000,500,5,1.415139,0.940976,4000
1065,tikki,10000,250,19,0.870948,0.390685,16000
1066,printf,10000,2000,4,1.661538,1.183129,250
1067,oot,10000,250,14,0.871682,0.393288,16000
1068,oot,10000,2000,14,1.035748,0.556948,250
1069,scorep,10000,2000,8,1.205077,0.733279,250
107,scorep,10000,1000,11,0.992037,0.515680,1000
1070,tikki,10000,500,1,5.996935,5.518552,4000
1071,tikki,10000,500,11,1.004801,0.527281,4000
1072,empty,10000,2000,15,1.032332,0.552833,250
1073,scorep,10000,1000,18,0.859016,0.388112,1000
1074,tikki,10000,250,4,1.661452,1.182249,16000
1075,oot,10000,1000,12,0.955187,0.477133,1000
1076,tikki,10000,2000,1,6.046049,5.568628,250
1077,scorep,10000,2000,15,1.026194,0.554692,250
1078,tikki,10000,500,19,0.882026,0.404058,4000
1079,printf,10000,2000,5,1.455729,0.977282,250
108,empty,10000,2000,14,1.028081,0.552098,250
1080,void,10000,500,3,1.984858,1.506374,4000
1081,oot,10000,500,20,0.841941,0.363624,4000
1082,tikki,10000,250,12,0.969464,0.492092,16000
1083,scorep,10000,1000,20,0.854389,0.383744,1000
1084,empty,10000,500,10,1.011449,0.531606,4000
1085,oot,10000,250,13,0.898597,0.419900,16000
1086,extrae,10000,2000,20,1.108502,0.638296,250
1087,tikki,10000,1000,8,1.165874,0.687900,1000
1088,scorep,10000,1000,15,0.876293,0.405088,1000
1089,empty,10000,2000,8,1.203839,0.725810,250
109,tikki,10000,2000,20,1.068458,0.590370,250
1090,scorep,10000,500,18,0.836907,0.365730,4000
1091,extrae,10000,250,12,0.996712,0.527530,16000
1092,void,10000,500,6,1.272526,0.794078,4000
1093,tikki,10000,500,10,1.050335,0.573891,4000
1094,oot,10000,1000,5,1.418963,0.939852,1000
1095,void,10000,500,19,0.853179,0.363540,4000
1096,void,10000,2000,17,1.035967,0.556941,250
1097,void,10000,2000,1,5.648603,5.169860,250
1098,extrae,10000,1000,19,0.933480,0.464454,1000
1099,extrae,10000,2000,8,1.221889,0.750481,250
11,extrae,10000,2000,16,1.093813,0.624816,250
110,extrae,10000,500,14,0.938401,0.465792,4000
1100,void,10000,2000,20,1.032329,0.554162,250
1101,extrae,10000,250,10,1.082308,0.610928,16000
1102,scorep,10000,1000,14,0.895778,0.425405,1000
1103,printf,10000,500,2,2.798784,2.319427,4000
1104,empty,10000,250,2,2.863079,2.384749,16000
1105,extrae,10000,2000,6,1.373414,0.899000,250
1106,void,10000,1000,18,0.865763,0.385767,1000
1107,oot,10000,2000,19,1.035125,0.556483,250
1108,empty,10000,1000,7,1.200923,0.721570,1000
1109,oot,10000,500,9,1.056830,0.577503,4000
111,printf,10000,1000,3,1.992279,1.515559,1000
1110,extrae,10000,2000,5,1.480420,1.009165,250
1111,extrae,10000,2000,10,1.156938,0.684314,250
1112,tikki,10000,250,15,0.896292,0.416407,16000
1113,oot,10000,1000,6,1.295782,0.818526,1000
1114,scorep,10000,2000,9,1.148860,0.677857,250
1115,scorep,10000,1000,1,4.767402,4.296856,1000
1116,scorep,10000,500,17,0.840717,0.370312,4000
1117,empty,10000,1000,5,1.418203,0.939652,1000
1118,tikki,10000,2000,6,1.380892,0.901734,250
1119,oot,10000,500,3,1.972297,1.496121,4000
112,oot,10000,1000,15,0.888054,0.405991,1000
1120,empty,10000,500,7,1.177788,0.698963,4000
1121,empty,10000,1000,8,1.131284,0.653130,1000
1122,void,10000,1000,1,5.599839,5.121349,1000
1123,scorep,10000,500,16,0.846119,0.374890,4000
1124,scorep,10000,1000,18,0.858438,0.386094,1000
1125,empty,10000,2000,20,1.028715,0.550828,250
1126,tikki,10000,500,19,0.889108,0.410244,4000
1127,printf,10000,1000,16,0.869760,0.391394,1000
1128,printf,10000,500,7,1.187410,0.710949,4000
1129,void,10000,2000,9,1.161856,0.682040,250
113,tikki,10000,2000,9,1.200148,0.724898,250
1130,empty,10000,500,2,2.786101,2.307385,4000
1131,printf,10000,2000,16,1.035733,0.555442,250
1132,tikki,10000,1000,1,5.981801,5.503154,1000
1133,void,10000,1000,4,1.588974,1.107616,1000
1134,scorep,10000,500,9,1.050193,0.579788,4000
1135,tikki,10000,1000,8,1.170997,0.691376,1000
1136,printf,10000,250,1,5.668036,5.188882,16000
1137,void,10000,500,10,1.010976,0.532153,4000
1138,extrae,10000,2000,7,1.302410,0.829208,250
1139,oot,10000,1000,1,5.609120,5.129247,1000
114,extrae,10000,2000,1,5.667824,5.191745,250
1140,empty,10000,500,5,1.407143,0.926381,4000
1141,empty,10000,500,12,0.934837,0.454769,4000
1142,oot,10000,250,11,0.976884,0.496398,16000
1143,extrae,10000,250,14,0.950252,0.477815,16000
1144,void,10000,250,12,0.937669,0.457316,16000
1145,void,10000,1000,17,0.863534,0.384149,1000
1146,tikki,10000,2000,6,1.391630,0.912210,250
1147,empty,10000,250,16,0.831843,0.353106,16000
1148,tikki,10000,250,18,0.878206,0.398417,16000
1149,printf,10000,500,19,0.843481,0.364150,4000
115,extrae,10000,500,13,0.953476,0.483286,4000
1150,void,10000,250,18,0.826682,0.348682,16000
1151,printf,10000,1000,1,5.619739,5.140444,1000
1152,tikki,10000,500,9,1.094023,0.615497,4000
1153,oot,10000,500,9,1.053958,0.574586,4000
1154,scorep,10000,2000,4,1.631495,1.158738,250
1155,void,10000,1000,7,1.204427,0.726353,1000
1156,void,10000,250,14,0.875299,0.397440,16000
1157,tikki,10000,2000,18,1.075215,0.595567,250
1158,scorep,10000,1000,16,0.864400,0.387632,1000
1159,extrae,10000,2000,15,1.087094,0.617749,250
116,extrae,10000,250,9,1.134694,0.660772,16000
1160,empty,10000,1000,1,5.612888,5.132810,1000
1161,void,10000,1000,2,2.790902,2.312259,1000
1162,empty,10000,1000,7,1.199370,0.719888,1000
1163,extrae,10000,250,2,3.034796,2.558251,16000
1164,tikki,10000,1000,4,1.643621,1.165528,1000
1165,empty,10000,1000,16,0.870581,0.390510,1000
1166,scorep,10000,1000,1,4.764213,4.293340,1000
1167,extrae,10000,250,20,0.910152,0.439045,16000
1168,extrae,10000,1000,14,0.948573,0.476984,1000
1169,extrae,10000,2000,14,1.085524,0.612965,250
117,oot,10000,1000,12,0.955402,0.476298,1000
1170,scorep,10000,2000,8,1.208757,0.736650,250
1171,scorep,10000,2000,17,1.027715,0.555943,250
1172,scorep,10000,1000,4,1.595631,1.124745,1000
1173,tikki,10000,250,20,0.867303,0.389277,16000
1174,oot,10000,2000,14,1.031561,0.554397,250
1175,printf,10000,2000,18,1.031479,0.553461,250
1176,tikki,10000,1000,9,1.111340,0.632837,1000
1177,empty,10000,250,3,2.046670,1.569409,16000
1178,empty,10000,2000,16,1.034326,0.555484,250
1179,tikki,10000,250,7,1.228752,0.750300,16000
118,extrae,10000,1000,20,0.938125,0.468298,1000
1180,printf,10000,2000,12,1.069028,0.591207,250
1181,extrae,10000,1000,8,1.155942,0.684572,1000
1182,empty,10000,500,4,1.576655,1.098026,4000
1183,void,10000,250,6,1.292404,0.814451,16000
1184,printf,10000,250,20,0.826758,0.349266,16000
1185,printf,10000,2000,8,1.202375,0.723448,250
1186,void,10000,500,11,0.972127,0.492862,4000
1187,printf,10000,2000,1,5.654120,5.174538,250
1188,oot,10000,1000,8,1.132656,0.652065,1000
1189,extrae,10000,250,4,1.670837,1.199154,16000
119,tikki,10000,250,3,2.167270,1.692013,16000
1190,tikki,10000,500,15,0.899466,0.422518,4000
1191,extrae,10000,500,8,1.127915,0.657199,4000
1192,empty,10000,500,9,1.057397,0.578063,4000
1193,extrae,10000,500,4,1.596107,1.119726,4000
1194,oot,10000,2000,11,1.104085,0.626347,250
1195,void,10000,250,1,5.631049,5.152677,16000
1196,void,10000,1000,18,0.861199,0.383774,1000
1197,void,10000,1000,20,0.864349,0.384954,1000
1198,oot,10000,250,17,0.835074,0.355464,16000
1199,oot,10000,1000,5,1.428071,0.951030,1000
12,printf,10000,2000,3,2.070823,1.592987,250
120,printf,10000,500,3,2.012290,1.535177,4000
1200,tikki,10000,250,3,2.187943,1.708509,16000
1201,tikki,10000,1000,2,3.023343,2.543666,1000
1202,tikki,10000,2000,3,2.164046,1.687630,250
1203,extrae,10000,1000,5,1.431655,0.960042,1000
1204,printf,10000,500,13,0.901270,0.423726,4000
1205,scorep,10000,1000,6,1.295980,0.816416,1000
1206,printf,10000,250,18,0.827030,0.348479,16000
1207,scorep,10000,250,13,0.904792,0.429754,16000
1208,tikki,10000,2000,17,1.080067,0.601332,250
1209,extrae,10000,500,16,0.909574,0.442074,4000
121,empty,10000,250,20,0.826870,0.348749,16000
1210,extrae,10000,500,6,1.300430,0.825825,4000
1211,extrae,10000,1000,3,2.015557,1.542595,1000
1212,scorep,10000,1000,10,1.025248,0.554279,1000
1213,void,10000,2000,11,1.089157,0.610791,250
1214,tikki,10000,500,10,1.059381,0.579613,4000
1215,printf,10000,250,19,0.830921,0.351365,16000
1216,extrae,10000,1000,16,0.927645,0.458856,1000
1217,tikki,10000,500,17,0.887039,0.408134,4000
1218,void,10000,500,17,0.842257,0.363458,4000
1219,void,10000,1000,5,1.418013,0.938678,1000
122,tikki,10000,500,14,0.917553,0.441346,4000
1220,tikki,10000,500,2,2.858199,2.378007,4000
1221,oot,10000,2000,6,1.354601,0.875147,250
1222,printf,10000,250,8,1.122588,0.641958,16000
1223,void,10000,2000,7,1.284958,0.806397,250
1224,oot,10000,500,20,0.843101,0.363151,4000
1225,printf,10000,500,10,1.011493,0.530841,4000
1226,oot,10000,1000,19,0.865828,0.384301,1000
1227,scorep,10000,2000,2,2.778125,2.305850,250
1228,extrae,10000,1000,18,0.929303,0.460106,1000
1229,scorep,10000,250,15,0.847082,0.376783,16000
123,oot,10000,1000,1,5.626892,5.146855,1000
1230,oot,10000,2000,5,1.471437,0.992535,250
1231,void,10000,250,7,1.192390,0.711855,16000
1232,oot,10000,2000,18,1.035528,0.556695,250
1233,extrae,10000,250,18,0.911133,0.439006,16000
1234,void,10000,250,16,0.838434,0.358767,16000
1235,void,10000,500,8,1.105832,0.627315,4000
1236,void,10000,2000,6,1.347401,0.869667,250
1237,tikki,10000,1000,6,1.335855,0.858545,1000
1238,empty,10000,250,12,0.928865,0.451284,16000
1239,void,10000,500,3,2.007895,1.528826,4000
124,empty,10000,250,9,1.058098,0.578280,16000
1240,void,10000,250,13,0.902306,0.421614,16000
1241,oot,10000,2000,4,1.633634,1.153777,250
1242,tikki,10000,250,11,1.009170,0.531797,16000
1243,empty,10000,500,7,1.174853,0.695706,4000
1244,printf,10000,1000,15,0.875395,0.397781,1000
1245,empty,10000,2000,4,1.637939,1.159016,250
1246,tikki,10000,500,7,1.214841,0.737916,4000
1247,tikki,10000,250,17,0.875959,0.397722,16000
1248,void,10000,500,2,2.788252,2.309236,4000
1249,printf,10000,500,9,1.058980,0.580455,4000
125,scorep,10000,2000,17,1.036608,0.557592,250
1250,tikki,10000,2000,7,1.330995,0.850875,250
1251,tikki,10000,500,16,0.892729,0.414157,4000
1252,printf,10000,500,17,0.844991,0.366875,4000
1253,tikki,10000,1000,14,0.949315,0.471165,1000
1254,tikki,10000,2000,1,6.040979,5.563032,250
1255,scorep,10000,1000,3,2.008444,1.531727,1000
1256,extrae,10000,250,1,5.661811,5.185134,16000
1257,void,10000,500,6,1.276733,0.797169,4000
1258,void,10000,500,18,0.846482,0.365429,4000
1259,extrae,10000,2000,19,1.107868,0.637838,250
126,oot,10000,250,10,1.016587,0.537824,16000
1260,oot,10000,2000,8,1.193495,0.714447,250
1261,printf,10000,500,11,0.967867,0.488872,4000
1262,void,10000,250,5,1.426096,0.945615,16000
1263,scorep,10000,250,19,0.823159,0.351338,16000
1264,oot,10000,1000,15,0.881138,0.402345,1000
1265,oot,10000,2000,10,1.126641,0.646787,250
1266,empty,10000,2000,19,1.036101,0.557005,250
1267,extrae,10000,2000,11,1.145085,0.675160,250
1268,extrae,10000,2000,18,1.101366,0.627996,250
1269,void,10000,500,9,1.054733,0.575890,4000
127,empty,10000,2000,6,1.348739,0.871449,250
1270,oot,10000,1000,20,0.862016,0.385076,1000
1271,empty,10000,250,19,0.831135,0.351731,16000
1272,tikki,10000,250,10,1.053367,0.573769,16000
1273,oot,10000,1000,10,1.033230,0.553901,1000
1274,tikki,10000,250,12,0.973742,0.494820,16000
1275,scorep,10000,500,7,1.179942,0.709334,4000
1276,scorep,10000,500,2,2.772032,2.299472,4000
1277,empty,10000,500,19,0.843439,0.363799,4000
1278,empty,10000,250,7,1.189293,0.710107,16000
1279,printf,10000,2000,17,1.028503,0.550623,250
128,printf,10000,250,15,0.852197,0.372638,16000
1280,scorep,10000,500,10,1.007502,0.536599,4000
1281,scorep,10000,500,8,1.113132,0.633459,4000
1282,void,10000,2000,14,1.031410,0.551592,250
1283,tikki,10000,1000,3,2.047592,1.570191,1000
1284,oot,10000,250,20,0.828294,0.349144,16000
1285,tikki,10000,500,20,0.889763,0.417544,4000
1286,printf,10000,2000,7,1.268821,0.790258,250
1287,scorep,10000,500,6,1.263271,0.792926,4000
1288,scorep,10000,500,19,0.840200,0.366759,4000
1289,printf,10000,1000,3,2.027424,1.552242,1000
129,tikki,10000,2000,1,6.035197,5.555381,250
1290,empty,10000,1000,15,0.880111,0.400530,1000
1291,empty,10000,250,5,1.420768,0.943993,16000
1292,empty,10000,500,13,0.907670,0.429238,4000
1293,void,10000,2000,19,1.028595,0.550836,250
1294,printf,10000,1000,9,1.073215,0.596371,1000
1295,oot,10000,500,1,5.597638,5.118349,4000
1296,void,10000,1000,13,0.927730,0.449896,1000
1297,extrae,10000,250,3,2.128000,1.654800,16000
1298,oot,10000,250,13,0.906349,0.426071,16000
1299,scorep,10000,250,17,0.832598,0.363287,16000
13,extrae,10000,1000,7,1.221080,0.749385,1000
130,tikki,10000,1000,14,0.951960,0.469250,1000
1300,printf,10000,500,20,0.841278,0.361850,4000
1301,empty,10000,2000,9,1.164892,0.686450,250
1302,scorep,10000,250,8,1.104272,0.633744,16000
1303,void,10000,500,12,0.934086,0.454741,4000
1304,empty,10000,2000,12,1.065589,0.587036,250
1305,empty,10000,1000,17,0.862189,0.385341,1000
1306,void,10000,250,20,0.829297,0.349723,16000
1307,printf,10000,500,4,1.587669,1.107186,4000
1308,oot,10000,500,6,1.275965,0.797546,4000
1309,empty,10000,1000,11,0.987057,0.509021,1000
131,oot,10000,500,3,1.963776,1.485711,4000
1310,scorep,10000,2000,6,1.359004,0.880743,250
1311,oot,10000,1000,2,2.766975,2.287039,1000
1312,scorep,10000,250,18,0.825801,0.354896,16000
1313,void,10000,1000,11,0.982368,0.505711,1000
1314,scorep,10000,2000,19,1.024536,0.553974,250
1315,empty,10000,1000,19,0.866009,0.384810,1000
1316,tikki,10000,2000,10,1.149416,0.670027,250
1317,tikki,10000,250,16,0.873309,0.393961,16000
1318,oot,10000,500,14,0.880040,0.402095,4000
1319,oot,10000,2000,2,2.706077,2.225022,250
132,tikki,10000,500,11,1.003367,0.525452,4000
1320,oot,10000,2000,17,1.034757,0.555631,250
1321,tikki,10000,500,8,1.142199,0.665483,4000
1322,extrae,10000,250,12,0.999194,0.528735,16000
1323,scorep,10000,500,11,0.956073,0.485442,4000
1324,tikki,10000,1000,7,1.246260,0.769121,1000
1325,empty,10000,500,14,0.884499,0.403546,4000
1326,scorep,10000,2000,16,1.029650,0.558397,250
1327,tikki,10000,500,3,2.107937,1.628718,4000
1328,extrae,10000,500,10,1.052231,0.577953,4000
1329,printf,10000,2000,4,1.636200,1.156410,250
133,empty,10000,2000,18,1.034661,0.556672,250
1330,extrae,10000,1000,6,1.310241,0.834831,1000
1331,scorep,10000,500,12,0.932309,0.455408,4000
1332,scorep,10000,2000,15,1.029374,0.556053,250
1333,tikki,10000,1000,5,1.464924,0.985153,1000
1334,oot,10000,1000,6,1.295101,0.814299,1000
1335,empty,10000,500,20,0.841351,0.361241,4000
1336,extrae,10000,1000,9,1.104039,0.634214,1000
1337,oot,10000,500,12,0.939556,0.460169,4000
1338,oot,10000,1000,7,1.206615,0.727922,1000
1339,printf,10000,250,6,1.292446,0.812845,16000
134,empty,10000,500,15,0.859297,0.379567,4000
1340,extrae,10000,1000,1,5.612641,5.135411,1000
1341,scorep,10000,1000,17,0.857567,0.387235,1000
1342,void,10000,2000,2,2.859382,2.379765,250
1343,empty,10000,500,1,5.609044,5.128025,4000
1344,tikki,10000,500,11,1.016787,0.536455,4000
1345,extrae,10000,500,5,1.420481,0.947950,4000
1346,oot,10000,500,15,0.862674,0.383888,4000
1347,scorep,10000,1000,11,0.981434,0.510318,1000
1348,oot,10000,2000,15,1.032977,0.554274,250
1349,scorep,10000,2000,10,1.095663,0.624666,250
135,oot,10000,500,4,1.583038,1.104034,4000
1350,extrae,10000,2000,10,1.136309,0.665319,250
1351,oot,10000,250,3,2.069699,1.588466,16000
1352,printf,10000,250,14,0.885082,0.403339,16000
1353,printf,10000,250,16,0.841483,0.360918,16000
1354,tikki,10000,2000,5,1.505083,1.027037,250
1355,scorep,10000,2000,13,1.034244,0.553825,250
1356,tikki,10000,2000,2,2.923175,2.443605,250
1357,empty,10000,500,15,0.863793,0.387216,4000
1358,scorep,10000,1000,19,0.858481,0.384594,1000
1359,printf,10000,2000,3,2.063775,1.585868,250
136,printf,10000,1000,11,0.992410,0.514864,1000
1360,oot,10000,2000,9,1.147937,0.671200,250
1361,empty,10000,250,14,0.875380,0.396398,16000
1362,tikki,10000,250,4,1.658625,1.179257,16000
1363,void,10000,250,10,1.019456,0.539475,16000
1364,scorep,10000,250,10,1.011552,0.536894,16000
1365,scorep,10000,250,6,1.292368,0.819636,16000
1366,extrae,10000,1000,13,0.970398,0.499981,1000
1367,void,10000,2000,1,5.659155,5.180634,250
1368,printf,10000,500,5,1.480679,1.002580,4000
1369,scorep,10000,2000,12,1.061108,0.591104,250
137,oot,10000,1000,10,1.029217,0.547808,1000
1370,empty,10000,250,9,1.056936,0.579568,16000
1371,empty,10000,250,10,1.010755,0.530082,16000
1372,void,10000,250,8,1.115708,0.637113,16000
1373,printf,10000,500,1,5.611973,5.131899,4000
1374,printf,10000,250,2,2.883777,2.405255,16000
1375,oot,10000,2000,3,2.027987,1.548512,250
1376,oot,10000,1000,18,0.864254,0.385432,1000
1377,extrae,10000,2000,20,1.112312,0.641217,250
1378,empty,10000,1000,18,0.860728,0.382188,1000
1379,tikki,10000,500,1,6.088234,5.609986,4000
138,oot,10000,500,13,0.903736,0.426318,4000
1380,scorep,10000,2000,7,1.278819,0.800252,250
1381,printf,10000,250,17,0.837226,0.357554,16000
1382,printf,10000,1000,18,0.861904,0.383992,1000
1383,void,10000,1000,3,2.017036,1.538031,1000
1384,printf,10000,1000,6,1.294914,0.815961,1000
1385,printf,10000,1000,4,1.586486,1.107027,1000
1386,extrae,10000,500,12,0.978082,0.506832,4000
1387,scorep,10000,250,1,4.783721,4.311104,16000
1388,oot,10000,250,19,0.825035,0.346447,16000
1389,extrae,10000,250,5,1.492880,1.020212,16000
139,scorep,10000,1000,17,0.860285,0.384742,1000
1390,void,10000,250,11,0.969113,0.490557,16000
1391,printf,10000,250,3,2.045311,1.566354,16000
1392,extrae,10000,250,10,1.080525,0.607752,16000
1393,extrae,10000,1000,15,0.933040,0.462907,1000
1394,oot,10000,1000,11,0.985016,0.509202,1000
1395,printf,10000,250,11,0.973913,0.494596,16000
1396,printf,10000,2000,6,1.351097,0.871874,250
1397,empty,10000,2000,17,1.030369,0.551231,250
1398,scorep,10000,1000,12,0.949166,0.477812,1000
1399,tikki,10000,500,6,1.321017,0.840905,4000
14,extrae,10000,250,15,0.933012,0.463913,16000
140,tikki,10000,500,20,0.890574,0.410502,4000
1400,oot,10000,500,8,1.105588,0.626925,4000
1401,scorep,10000,2000,1,4.791357,4.319333,250
1402,void,10000,500,4,1.582599,1.104619,4000
1403,extrae,10000,250,19,0.902485,0.433687,16000
1404,scorep,10000,500,20,0.839291,0.365629,4000
1405,printf,10000,2000,19,1.031782,0.550729,250
1406,printf,10000,2000,15,1.035880,0.555202,250
1407,scorep,10000,500,5,1.400730,0.923576,4000
1408,tikki,10000,2000,9,1.205605,0.727289,250
1409,printf,10000,1000,19,0.863099,0.383783,1000
141,oot,10000,1000,11,0.986101,0.509398,1000
1410,printf,10000,2000,9,1.166306,0.686171,250
1411,printf,10000,2000,14,1.031566,0.554148,250
1412,extrae,10000,250,8,1.179651,0.707051,16000
1413,printf,10000,1000,11,0.988288,0.509152,1000
1414,extrae,10000,1000,2,2.711631,2.232646,1000
1415,oot,10000,250,15,0.861474,0.380444,16000
1416,oot,10000,250,2,2.829335,2.360542,16000
1417,oot,10000,250,18,0.826729,0.351261,16000
1418,oot,10000,500,18,0.841166,0.365076,4000
1419,scorep,10000,2000,5,1.459835,0.988381,250
142,empty,10000,500,20,0.839308,0.361179,4000
1420,tikki,10000,2000,12,1.111437,0.635413,250
1421,printf,10000,1000,14,0.896707,0.419317,1000
1422,extrae,10000,2000,13,1.078438,0.607092,250
1423,printf,10000,250,13,0.905170,0.425310,16000
1424,oot,10000,2000,12,1.067416,0.588370,250
1425,empty,10000,500,8,1.115378,0.635115,4000
1426,scorep,10000,500,14,0.873763,0.403175,4000
1427,empty,10000,500,16,0.849645,0.370741,4000
1428,scorep,10000,250,3,2.027450,1.556922,16000
1429,printf,10000,2000,20,1.045061,0.557892,250
143,scorep,10000,250,19,0.828005,0.351272,16000
1430,void,10000,500,20,0.838095,0.361704,4000
1431,tikki,10000,250,19,0.878140,0.399949,16000
1432,printf,10000,1000,20,0.859444,0.382201,1000
1433,void,10000,2000,5,1.478761,1.000179,250
1434,scorep,10000,500,13,0.902071,0.431492,4000
1435,printf,10000,250,15,0.855799,0.379153,16000
1436,void,10000,2000,20,1.033513,0.553241,250
1437,oot,10000,1000,12,0.952122,0.470436,1000
1438,scorep,10000,1000,14,0.899647,0.422262,1000
1439,oot,10000,500,7,1.187930,0.709308,4000
144,printf,10000,2000,13,1.037368,0.558527,250
1440,void,10000,250,2,2.871858,2.392732,16000
1441,empty,10000,1000,12,0.951588,0.473995,1000
1442,tikki,10000,2000,4,1.707735,1.228264,250
1443,tikki,10000,1000,19,0.912958,0.432632,1000
1444,scorep,10000,1000,20,0.856400,0.383853,1000
1445,empty,10000,500,11,0.963295,0.485105,4000
1446,void,10000,250,3,2.053963,1.573396,16000
1447,extrae,10000,500,19,0.912456,0.443341,4000
1448,tikki,10000,500,4,1.621174,1.143330,4000
1449,oot,10000,250,14,0.880223,0.401031,16000
145,void,10000,1000,15,0.878076,0.400266,1000
1450,tikki,10000,250,2,3.009576,2.529389,16000
1451,void,10000,2000,4,1.646065,1.165299,250
1452,extrae,10000,500,14,0.933724,0.462625,4000
1453,extrae,10000,500,7,1.200206,0.727928,4000
1454,tikki,10000,1000,18,0.898034,0.420116,1000
1455,scorep,10000,250,7,1.199544,0.729073,16000
1456,empty,10000,2000,7,1.255227,0.793165,250
1457,extrae,10000,250,13,0.973768,0.505124,16000
1458,extrae,10000,250,16,0.907447,0.438612,16000
1459,oot,10000,500,10,1.009244,0.530491,4000
146,empty,10000,500,16,0.848947,0.370763,4000
1460,void,10000,1000,6,1.293825,0.813795,1000
1461,extrae,10000,1000,10,1.069167,0.595739,1000
1462,tikki,10000,1000,13,0.960211,0.482084,1000
1463,extrae,10000,500,20,0.921044,0.449017,4000
1464,extrae,10000,250,9,1.125049,0.655880,16000
1465,tikki,10000,500,12,0.968189,0.489915,4000
1466,tikki,10000,2000,8,1.252475,0.772501,250
1467,empty,10000,250,8,1.120218,0.641557,16000
1468,void,10000,1000,10,1.032001,0.552203,1000
1469,scorep,10000,1000,15,0.878558,0.402620,1000
147,scorep,10000,2000,3,2.032269,1.555820,250
1470,scorep,10000,2000,14,1.027829,0.556320,250
1471,oot,10000,500,2,2.787520,2.309117,4000
1472,oot,10000,250,5,1.418868,0.940030,16000
1473,empty,10000,250,4,1.609993,1.130174,16000
1474,scorep,10000,500,17,0.847967,0.369660,4000
1475,extrae,10000,2000,3,2.061700,1.587791,250
1476,tikki,10000,1000,20,0.906017,0.426260,1000
1477,scorep,10000,1000,2,2.802256,2.330355,1000
1478,oot,10000,2000,7,1.274007,0.796913,250
1479,oot,10000,500,5,1.411365,0.932107,4000
148,empty,10000,500,5,1.398164,0.919397,4000
1480,void,10000,250,19,0.828506,0.350815,16000
1481,oot,10000,2000,19,1.039705,0.560487,250
1482,empty,10000,250,15,0.865135,0.386431,16000
1483,empty,10000,250,6,1.290522,0.810304,16000
1484,tikki,10000,250,1,5.841875,5.362980,16000
1485,oot,10000,2000,20,1.031099,0.556114,250
1486,empty,10000,500,18,0.841981,0.364148,4000
1487,oot,10000,1000,9,1.078764,0.598103,1000
1488,void,10000,2000,15,1.036223,0.556768,250
1489,scorep,10000,250,12,0.930530,0.457658,16000
149,printf,10000,1000,18,0.865637,0.387669,1000
1490,extrae,10000,1000,12,0.995208,0.526068,1000
1491,oot,10000,500,17,0.845327,0.365791,4000
1492,empty,10000,500,17,0.847120,0.366807,4000
1493,void,10000,500,7,1.182787,0.704894,4000
1494,oot,10000,1000,14,0.901360,0.421468,1000
1495,empty,10000,1000,5,1.427232,0.947529,1000
1496,scorep,10000,250,5,1.419684,0.947661,16000
1497,printf,10000,500,18,0.841009,0.365133,4000
1498,oot,10000,1000,13,0.924296,0.447526,1000
1499,printf,10000,500,12,0.931586,0.453778,4000
15,scorep,10000,500,8,1.110469,0.633254,4000
150,extrae,10000,1000,2,2.725538,2.248362,1000
1500,void,10000,1000,12,0.954665,0.475842,1000
1501,extrae,10000,1000,7,1.225859,0.756880,1000
1502,oot,10000,500,19,0.844962,0.365895,4000
1503,empty,10000,250,1,5.628114,5.149752,16000
1504,empty,10000,2000,2,2.718577,2.239739,250
1505,printf,10000,500,6,1.279599,0.801084,4000
1506,empty,10000,250,18,0.828054,0.350599,16000
1507,printf,10000,2000,10,1.127819,0.648128,250
1508,empty,10000,2000,15,1.034101,0.557117,250
1509,tikki,10000,1000,12,0.991389,0.515147,1000
151,scorep,10000,250,9,1.066347,0.589614,16000
1510,oot,10000,500,3,1.989083,1.511766,4000
1511,extrae,10000,2000,8,1.221225,0.750714,250
1512,tikki,10000,250,14,0.907761,0.429022,16000
1513,extrae,10000,500,3,1.995993,1.521538,4000
1514,scorep,10000,1000,13,0.917891,0.447884,1000
1515,empty,10000,2000,6,1.338958,0.860339,250
1516,scorep,10000,250,11,0.970429,0.491932,16000
1517,empty,10000,2000,13,1.032685,0.555409,250
1518,oot,10000,1000,16,0.868226,0.390501,1000
1519,void,10000,500,14,0.879863,0.401218,4000
152,empty,10000,250,7,1.193792,0.713700,16000
1520,extrae,10000,2000,4,1.629032,1.156706,250
1521,extrae,10000,1000,20,0.936570,0.467313,1000
1522,oot,10000,250,4,1.602592,1.125898,16000
1523,void,10000,500,1,5.613769,5.135661,4000
1524,tikki,10000,2000,20,1.073855,0.594415,250
1525,extrae,10000,2000,5,1.484129,1.011211,250
1526,scorep,10000,2000,11,1.078562,0.607447,250
1527,tikki,10000,250,9,1.111349,0.633569,16000
1528,empty,10000,1000,4,1.579570,1.101573,1000
1529,scorep,10000,1000,8,1.128525,0.655421,1000
153,empty,10000,250,15,0.853601,0.376041,16000
1530,printf,10000,1000,7,1.211728,0.731210,1000
1531,oot,10000,1000,3,2.018261,1.539527,1000
1532,empty,10000,250,2,2.858237,2.379645,16000
1533,scorep,10000,2000,3,1.996001,1.525400,250
1534,void,10000,250,15,0.857049,0.380199,16000
1535,oot,10000,2000,13,1.034007,0.556276,250
1536,void,10000,500,13,0.902319,0.424623,4000
1537,oot,10000,2000,1,5.655432,5.176529,250
1538,oot,10000,500,11,0.965161,0.486545,4000
1539,tikki,10000,2000,15,1.071680,0.593554,250
154,printf,10000,1000,14,0.902109,0.423085,1000
1540,scorep,10000,1000,7,1.198808,0.725588,1000
1541,oot,10000,250,1,5.640663,5.159768,16000
1542,oot,10000,250,10,1.017761,0.537457,16000
1543,scorep,10000,1000,5,1.421194,0.942193,1000
1544,printf,10000,500,3,2.031276,1.555383,4000
1545,extrae,10000,2000,17,1.100823,0.630530,250
1546,extrae,10000,1000,11,1.029716,0.557800,1000
1547,extrae,10000,250,7,1.260600,0.787943,16000
1548,oot,10000,1000,17,0.870136,0.388597,1000
1549,oot,10000,500,4,1.573794,1.095797,4000
155,scorep,10000,500,7,1.175455,0.700710,4000
1550,scorep,10000,1000,9,1.068037,0.598024,1000
1551,void,10000,1000,15,0.885272,0.405513,1000
1552,printf,10000,500,8,1.106730,0.629084,4000
1553,tikki,10000,500,14,0.912480,0.435424,4000
1554,oot,10000,500,13,0.907814,0.428122,4000
1555,printf,10000,250,10,1.016747,0.537437,16000
1556,void,10000,2000,13,1.031463,0.553374,250
1557,extrae,10000,250,6,1.355525,0.883147,16000
1558,empty,10000,250,13,0.902118,0.421786,16000
1559,scorep,10000,250,20,0.821441,0.350692,16000
156,extrae,10000,500,6,1.294853,0.822225,4000
1560,void,10000,500,16,0.846537,0.368297,4000
1561,void,10000,2000,12,1.063765,0.585074,250
1562,printf,10000,1000,12,0.956737,0.476587,1000
1563,extrae,10000,1000,17,0.929300,0.461194,1000
1564,void,10000,2000,16,1.031703,0.553749,250
1565,empty,10000,2000,3,2.061149,1.583126,250
1566,scorep,10000,500,18,0.837766,0.365094,4000
1567,tikki,10000,1000,15,0.919783,0.440613,1000
1568,tikki,10000,500,5,1.438350,0.959812,4000
1569,printf,10000,500,16,0.846119,0.368536,4000
157,extrae,10000,500,2,2.709243,2.232093,4000
1570,printf,10000,250,4,1.607080,1.130639,16000
1571,extrae,10000,500,9,1.088940,0.616489,4000
1572,extrae,10000,2000,6,1.359995,0.885754,250
1573,void,10000,500,19,0.839670,0.362443,4000
1574,empty,10000,1000,6,1.293420,0.813146,1000
1575,extrae,10000,250,11,1.039805,0.570774,16000
1576,tikki,10000,2000,14,1.072956,0.594851,250
1577,extrae,10000,500,13,0.953042,0.482812,4000
1578,printf,10000,1000,5,1.412461,0.933175,1000
1579,extrae,10000,500,1,5.663765,5.185695,4000
158,tikki,10000,2000,6,1.375199,0.898083,250
1580,printf,10000,500,2,2.798718,2.320780,4000
1581,empty,10000,1000,3,2.041435,1.562090,1000
1582,printf,10000,1000,10,1.035798,0.556901,1000
1583,scorep,10000,2000,18,1.023781,0.553179,250
1584,empty,10000,2000,5,1.465162,0.987171,250
1585,void,10000,2000,3,2.077281,1.598978,250
1586,void,10000,1000,8,1.128706,0.651961,1000
1587,printf,10000,2000,5,1.472095,0.995277,250
1588,scorep,10000,250,4,1.620900,1.141213,16000
1589,scorep,10000,500,3,1.983314,1.511962,4000
159,oot,10000,2000,16,1.028258,0.551986,250
1590,printf,10000,2000,2,2.701893,2.226024,250
1591,printf,10000,250,5,1.427146,0.952942,16000
1592,extrae,10000,500,11,1.007541,0.538629,4000
1593,tikki,10000,250,6,1.337669,0.858737,16000
1594,empty,10000,250,11,0.968556,0.489573,16000
1595,printf,10000,1000,13,0.928046,0.450846,1000
1596,empty,10000,1000,2,2.756930,2.280155,1000
1597,extrae,10000,500,2,2.722583,2.246241,4000
1598,extrae,10000,1000,4,1.609127,1.138156,1000
1599,empty,10000,2000,11,1.105522,0.627656,250
16,empty,10000,2000,12,1.067517,0.589433,250
160,tikki,10000,500,7,1.218131,0.740642,4000
1600,oot,10000,500,16,0.851654,0.370564,4000
1601,scorep,10000,250,2,2.961512,2.482272,16000
1602,void,10000,2000,10,1.118656,0.641879,250
1603,empty,10000,1000,14,0.906666,0.429841,1000
1604,tikki,10000,1000,11,1.029123,0.552309,1000
1605,scorep,10000,250,14,0.868814,0.398293,16000
1606,scorep,10000,250,16,0.837993,0.366310,16000
1607,void,10000,250,17,0.833945,0.356021,16000
1608,oot,10000,250,7,1.203029,0.724613,16000
1609,scorep,10000,500,15,0.865318,0.386633,4000
161,empty,10000,1000,11,0.990057,0.510268,1000
1610,printf,10000,250,9,1.063896,0.585622,16000
1611,scorep,10000,2000,20,1.028218,0.557557,250
1612,tikki,10000,2000,16,1.068637,0.590286,250
1613,tikki,10000,2000,19,1.078638,0.600377,250
1614,oot,10000,250,9,1.068871,0.590004,16000
1615,void,10000,250,4,1.600891,1.122099,16000
1616,empty,10000,2000,18,1.030823,0.553815,250
1617,extrae,10000,2000,9,1.176181,0.706239,250
1618,empty,10000,1000,9,1.078780,0.600177,1000
1619,oot,10000,250,16,0.842502,0.363881,16000
162,scorep,10000,250,1,4.795278,4.319611,16000
1620,printf,10000,500,15,0.860629,0.382410,4000
1621,extrae,10000,500,18,0.911364,0.440484,4000
1622,tikki,10000,500,18,0.886695,0.408386,4000
1623,extrae,10000,1000,19,0.933586,0.464273,1000
1624,printf,10000,2000,13,1.034206,0.555645,250
1625,empty,10000,2000,14,1.033886,0.555494,250
1626,scorep,10000,2000,9,1.157272,0.686514,250
1627,scorep,10000,500,1,4.760939,4.290005,4000
1628,extrae,10000,500,15,0.920223,0.450694,4000
1629,empty,10000,500,3,2.021528,1.542905,4000
163,tikki,10000,1000,10,1.070680,0.595063,1000
1630,tikki,10000,250,8,1.157771,0.681224,16000
1631,printf,10000,1000,2,2.773030,2.292386,1000
1632,tikki,10000,250,13,0.939220,0.459512,16000
1633,empty,10000,500,6,1.273967,0.796999,4000
1634,void,10000,1000,19,0.866031,0.387246,1000
1635,printf,10000,2000,11,1.103492,0.624451,250
1636,void,10000,1000,16,0.867971,0.389816,1000
1637,printf,10000,500,14,0.886188,0.405995,4000
1638,void,10000,500,15,0.860320,0.382366,4000
1639,tikki,10000,250,15,0.891772,0.412739,16000
164,printf,10000,1000,19,0.860465,0.382408,1000
1640,extrae,10000,250,15,0.934225,0.465345,16000
1641,void,10000,2000,18,1.038481,0.553606,250
1642,oot,10000,250,6,1.297994,0.817276,16000
1643,void,10000,2000,8,1.201091,0.720946,250
1644,printf,10000,1000,17,0.864453,0.384850,1000
1645,tikki,10000,2000,11,1.128501,0.650862,250
1646,extrae,10000,500,17,0.910204,0.440162,4000
1647,extrae,10000,250,17,0.909116,0.439352,16000
1648,void,10000,500,5,1.403890,0.924218,4000
1649,empty,10000,1000,13,0.920993,0.442440,1000
165,printf,10000,500,4,1.581853,1.101799,4000
1650,tikki,10000,2000,13,1.065916,0.589111,250
1651,tikki,10000,250,5,1.461295,0.982528,16000
1652,printf,10000,250,12,0.936808,0.460205,16000
1653,empty,10000,500,10,1.010439,0.532356,4000
1654,tikki,10000,1000,16,0.914885,0.435675,1000
1655,extrae,10000,2000,1,5.635229,5.160536,250
1656,scorep,10000,250,9,1.053361,0.583311,16000
1657,void,10000,2000,17,1.048238,0.555659,250
1658,void,10000,1000,9,1.078418,0.596869,1000
1659,tikki,10000,1000,17,0.903182,0.424363,1000
166,scorep,10000,2000,12,1.066830,0.588643,250
1660,extrae,10000,2000,12,1.104853,0.635006,250
1661,tikki,10000,500,13,0.942444,0.463806,4000
1662,printf,10000,1000,8,1.128090,0.649235,1000
1663,void,10000,1000,14,0.904307,0.423999,1000
1664,oot,10000,250,12,0.928838,0.451622,16000
1665,oot,10000,1000,4,1.592048,1.116396,1000
1666,empty,10000,2000,10,1.104103,0.625981,250
1667,empty,10000,2000,1,5.653448,5.173168,250
1668,tikki,10000,1000,10,1.072181,0.592785,1000
1669,extrae,10000,2000,2,2.732275,2.256462,250
167,void,10000,2000,1,5.667023,5.190725,250
1670,empty,10000,250,17,0.837562,0.358726,16000
1671,printf,10000,250,7,1.201521,0.722658,16000
1672,oot,10000,250,8,1.125910,0.647308,16000
1673,empty,10000,1000,20,0.864330,0.384584,1000
1674,extrae,10000,2000,16,1.089386,0.620060,250
1675,empty,10000,1000,10,1.025633,0.546745,1000
1676,empty,10000,2000,8,1.197365,0.718314,250
1677,void,10000,250,9,1.058425,0.579515,16000
1678,scorep,10000,500,4,1.577761,1.098326,4000
1679,empty,10000,250,20,0.830031,0.349958,16000
168,void,10000,500,6,1.267811,0.789798,4000
1680,oot,10000,2000,16,1.036431,0.556289,250
1681,scorep,10000,250,5,1.415306,0.945220,16000
1682,oot,10000,1000,6,1.306367,0.825118,1000
1683,printf,10000,500,16,0.847880,0.368874,4000
1684,oot,10000,1000,2,2.794491,2.316035,1000
1685,extrae,10000,2000,18,1.105707,0.632667,250
1686,empty,10000,500,3,2.007671,1.525903,4000
1687,tikki,10000,2000,1,6.011154,5.529472,250
1688,oot,10000,250,14,0.879644,0.399779,16000
1689,printf,10000,500,5,1.406312,0.925543,4000
169,tikki,10000,1000,17,0.901838,0.423791,1000
1690,tikki,10000,500,13,0.944020,0.465068,4000
1691,empty,10000,250,12,0.930438,0.453177,16000
1692,void,10000,1000,12,0.947585,0.471104,1000
1693,scorep,10000,250,2,2.844169,2.373285,16000
1694,void,10000,1000,4,1.594908,1.117345,1000
1695,empty,10000,2000,20,1.031058,0.553750,250
1696,extrae,10000,250,11,1.035922,0.565822,16000
1697,extrae,10000,1000,12,0.993749,0.523338,1000
1698,printf,10000,1000,15,0.872083,0.401866,1000
1699,oot,10000,250,15,0.861828,0.384764,16000
17,void,10000,500,7,1.173233,0.695813,4000
170,printf,10000,250,13,0.900756,0.422346,16000
1700,extrae,10000,250,13,0.968426,0.498358,16000
1701,void,10000,250,8,1.123749,0.645814,16000
1702,extrae,10000,500,19,0.914327,0.446263,4000
1703,scorep,10000,1000,18,0.853920,0.383816,1000
1704,empty,10000,1000,10,1.025282,0.548588,1000
1705,void,10000,1000,14,0.897774,0.418160,1000
1706,oot,10000,2000,4,1.680457,1.199805,250
1707,tikki,10000,250,10,1.057664,0.577953,16000
1708,extrae,10000,2000,5,1.475050,1.009556,250
1709,empty,10000,1000,15,0.880369,0.402686,1000
171,oot,10000,1000,2,2.766083,2.288405,1000
1710,oot,10000,1000,5,1.422074,0.945030,1000
1711,extrae,10000,500,10,1.042304,0.571494,4000
1712,printf,10000,1000,8,1.127927,0.649188,1000
1713,scorep,10000,2000,17,1.037278,0.559803,250
1714,oot,10000,250,7,1.195002,0.716542,16000
1715,empty,10000,500,6,1.275829,0.797384,4000
1716,void,10000,250,14,0.875220,0.396876,16000
1717,printf,10000,500,9,1.055954,0.575187,4000
1718,empty,10000,1000,20,0.863098,0.383604,1000
1719,oot,10000,2000,16,1.028923,0.552850,250
172,printf,10000,1000,6,1.293065,0.813710,1000
1720,printf,10000,250,17,0.839720,0.361280,16000
1721,tikki,10000,500,14,0.918196,0.439136,4000
1722,tikki,10000,2000,19,1.071660,0.592963,250
1723,void,10000,2000,1,5.646287,5.168933,250
1724,empty,10000,2000,19,1.030026,0.550182,250
1725,scorep,10000,2000,10,1.119804,0.648109,250
1726,printf,10000,2000,6,1.347156,0.868230,250
1727,scorep,10000,250,8,1.114349,0.642586,16000
1728,scorep,10000,1000,3,2.002327,1.531815,1000
1729,void,10000,2000,5,1.464494,0.986810,250
173,void,10000,250,6,1.287515,0.809700,16000
1730,tikki,10000,2000,11,1.119772,0.640600,250
1731,void,10000,250,15,0.855676,0.376715,16000
1732,void,10000,2000,10,1.108281,0.630018,250
1733,empty,10000,500,8,1.109198,0.630063,4000
1734,scorep,10000,250,20,0.820956,0.351602,16000
1735,tikki,10000,500,2,2.947421,2.469310,4000
1736,scorep,10000,1000,10,1.028993,0.549875,1000
1737,extrae,10000,250,12,1.001614,0.534046,16000
1738,empty,10000,2000,7,1.265016,0.788148,250
1739,oot,10000,500,4,1.582472,1.103844,4000
174,oot,10000,500,1,5.625956,5.145802,4000
1740,extrae,10000,500,8,1.134116,0.664134,4000
1741,void,10000,1000,2,2.790625,2.311157,1000
1742,printf,10000,1000,6,1.295826,0.814802,1000
1743,printf,10000,500,8,1.108599,0.630808,4000
1744,oot,10000,250,4,1.607731,1.128865,16000
1745,oot,10000,2000,9,1.155420,0.676462,250
1746,oot,10000,250,20,0.829530,0.351422,16000
1747,scorep,10000,500,10,0.999491,0.530387,4000
1748,empty,10000,250,3,2.033986,1.553744,16000
1749,void,10000,2000,6,1.337497,0.859682,250
175,printf,10000,250,1,5.678050,5.201238,16000
1750,void,10000,500,5,1.404985,0.925429,4000
1751,scorep,10000,1000,17,0.857270,0.387719,1000
1752,printf,10000,500,18,0.844468,0.363751,4000
1753,tikki,10000,2000,12,1.104483,0.625919,250
1754,scorep,10000,2000,2,2.779253,2.308644,250
1755,printf,10000,250,1,5.655798,5.177194,16000
1756,scorep,10000,2000,4,1.644202,1.173417,250
1757,void,10000,2000,16,1.029678,0.551747,250
1758,oot,10000,1000,15,0.884659,0.405798,1000
1759,void,10000,1000,9,1.075056,0.595670,1000
176,tikki,10000,250,2,3.006936,2.528983,16000
1760,oot,10000,2000,20,1.034667,0.555102,250
1761,tikki,10000,1000,4,1.636963,1.146452,1000
1762,extrae,10000,1000,5,1.431662,0.960198,1000
1763,extrae,10000,250,20,0.908700,0.437877,16000
1764,empty,10000,1000,4,1.583648,1.105419,1000
1765,oot,10000,2000,8,1.197775,0.718549,250
1766,extrae,10000,1000,19,0.932914,0.463924,1000
1767,tikki,10000,250,18,0.880585,0.402652,16000
1768,empty,10000,2000,14,1.036656,0.556728,250
1769,empty,10000,500,18,0.839726,0.362505,4000
177,oot,10000,2000,19,1.033015,0.553012,250
1770,tikki,10000,250,2,3.005989,2.527907,16000
1771,oot,10000,250,17,0.834476,0.357826,16000
1772,tikki,10000,250,6,1.339891,0.866492,16000
1773,extrae,10000,2000,7,1.286514,0.816779,250
1774,scorep,10000,2000,8,1.203058,0.724508,250
1775,empty,10000,2000,4,1.641555,1.163042,250
1776,tikki,10000,1000,19,0.907880,0.429926,1000
1777,scorep,10000,2000,12,1.063878,0.593179,250
1778,printf,10000,1000,10,1.028515,0.550750,1000
1779,oot,10000,250,3,2.011820,1.532748,16000
178,printf,10000,250,5,1.432823,0.951829,16000
1780,tikki,10000,250,12,0.969876,0.499463,16000
1781,tikki,10000,500,18,0.889070,0.411795,4000
1782,tikki,10000,500,17,0.892414,0.412667,4000
1783,extrae,10000,500,16,0.910194,0.440990,4000
1784,tikki,10000,500,9,1.098104,0.620024,4000
1785,void,10000,250,16,0.831431,0.355802,16000
1786,void,10000,500,19,0.842129,0.363786,4000
1787,tikki,10000,250,11,1.015772,0.539856,16000
1788,printf,10000,1000,4,1.599510,1.122408,1000
1789,void,10000,2000,9,1.156376,0.680522,250
179,scorep,10000,500,12,0.934071,0.458960,4000
1790,tikki,10000,1000,18,0.899045,0.420223,1000
1791,tikki,10000,2000,7,1.294747,0.816187,250
1792,void,10000,250,19,0.828686,0.349263,16000
1793,oot,10000,1000,7,1.207390,0.727212,1000
1794,oot,10000,2000,17,1.032546,0.554864,250
1795,extrae,10000,250,15,0.931179,0.461887,16000
1796,empty,10000,250,17,0.839586,0.359061,16000
1797,void,10000,500,20,0.840867,0.362229,4000
1798,void,10000,250,10,1.018543,0.537430,16000
1799,oot,10000,2000,7,1.267947,0.791079,250
18,oot,10000,250,11,0.970919,0.495172,16000
180,oot,10000,2000,8,1.199413,0.721100,250
1800,extrae,10000,1000,7,1.217720,0.748549,1000
1801,printf,10000,250,4,1.620409,1.141785,16000
1802,void,10000,1000,16,0.870518,0.390940,1000
1803,empty,10000,2000,18,1.031463,0.553243,250
1804,empty,10000,500,13,0.911428,0.431600,4000
1805,tikki,10000,2000,3,2.189337,1.711320,250
1806,void,10000,1000,1,5.605215,5.127224,1000
1807,printf,10000,250,13,0.906301,0.429358,16000
1808,void,10000,250,6,1.280648,0.811929,16000
1809,extrae,10000,2000,12,1.110578,0.641504,250
181,oot,10000,250,8,1.122843,0.644079,16000
1810,empty,10000,500,16,0.849013,0.372655,4000
1811,extrae,10000,2000,14,1.069185,0.597974,250
1812,empty,10000,1000,5,1.418257,0.941146,1000
1813,tikki,10000,250,4,1.650382,1.168651,16000
1814,extrae,10000,1000,18,0.930280,0.460764,1000
1815,extrae,10000,2000,16,1.093594,0.622963,250
1816,tikki,10000,500,12,0.971082,0.492249,4000
1817,printf,10000,250,12,0.939391,0.460338,16000
1818,void,10000,500,18,0.841390,0.362118,4000
1819,printf,10000,2000,15,1.038692,0.559666,250
182,void,10000,500,11,0.966647,0.488745,4000
1820,empty,10000,250,14,0.868009,0.389758,16000
1821,empty,10000,250,8,1.119271,0.639421,16000
1822,oot,10000,500,9,1.054776,0.572986,4000
1823,scorep,10000,250,18,0.828389,0.356391,16000
1824,oot,10000,250,19,0.829457,0.349878,16000
1825,empty,10000,500,20,0.839139,0.362556,4000
1826,empty,10000,500,5,1.395034,0.914792,4000
1827,void,10000,500,12,0.935460,0.456819,4000
1828,void,10000,1000,7,1.203442,0.724346,1000
1829,tikki,10000,500,3,2.117420,1.639899,4000
183,void,10000,500,16,0.847486,0.368567,4000
1830,void,10000,1000,8,1.134080,0.656138,1000
1831,void,10000,500,17,0.846635,0.365898,4000
1832,scorep,10000,500,4,1.571836,1.100513,4000
1833,void,10000,500,1,5.617192,5.137098,4000
1834,void,10000,500,9,1.055664,0.576204,4000
1835,scorep,10000,500,17,0.840816,0.371777,4000
1836,scorep,10000,1000,6,1.306755,0.827713,1000
1837,empty,10000,500,14,0.884968,0.403516,4000
1838,tikki,10000,500,10,1.051507,0.572683,4000
1839,empty,10000,500,10,1.008471,0.532098,4000
184,scorep,10000,250,2,3.002509,2.522671,16000
1840,oot,10000,500,2,2.773626,2.293210,4000
1841,extrae,10000,1000,14,0.955294,0.481660,1000
1842,tikki,10000,1000,8,1.167909,0.687930,1000
1843,tikki,10000,500,1,6.090791,5.613947,4000
1844,empty,10000,250,4,1.615037,1.135639,16000
1845,tikki,10000,1000,5,1.478777,0.999776,1000
1846,printf,10000,1000,19,0.864296,0.385807,1000
1847,oot,10000,2000,10,1.118771,0.642729,250
1848,oot,10000,500,5,1.416587,0.937248,4000
1849,oot,10000,1000,1,5.605009,5.126145,1000
185,tikki,10000,250,1,5.870243,5.390770,16000
1850,tikki,10000,500,6,1.310150,0.832385,4000
1851,printf,10000,2000,4,1.656531,1.178750,250
1852,oot,10000,500,8,1.106427,0.629286,4000
1853,scorep,10000,2000,20,1.027921,0.555161,250
1854,tikki,10000,2000,17,1.067787,0.588111,250
1855,empty,10000,2000,3,2.060315,1.582637,250
1856,void,10000,2000,2,2.704509,2.225770,250
1857,scorep,10000,500,7,1.173317,0.703466,4000
1858,printf,10000,1000,9,1.072225,0.593286,1000
1859,scorep,10000,500,3,1.956529,1.484355,4000
186,scorep,10000,250,3,2.019932,1.545207,16000
1860,void,10000,500,2,2.802672,2.323832,4000
1861,extrae,10000,500,17,0.910551,0.440918,4000
1862,scorep,10000,250,11,0.962049,0.490608,16000
1863,tikki,10000,1000,13,0.973908,0.494603,1000
1864,empty,10000,250,5,1.432052,0.947207,16000
1865,extrae,10000,1000,1,5.598533,5.122262,1000
1866,oot,10000,2000,6,1.351240,0.873181,250
1867,scorep,10000,1000,15,0.889371,0.409081,1000
1868,extrae,10000,500,5,1.421857,0.949144,4000
1869,empty,10000,1000,16,0.864562,0.385414,1000
187,extrae,10000,1000,13,0.968512,0.499156,1000
1870,printf,10000,250,8,1.119721,0.643257,16000
1871,void,10000,250,12,0.929537,0.451714,16000
1872,extrae,10000,500,4,1.592191,1.119144,4000
1873,oot,10000,1000,11,0.993538,0.513847,1000
1874,empty,10000,250,15,0.856819,0.378903,16000
1875,empty,10000,250,10,1.012847,0.533939,16000
1876,empty,10000,250,1,5.631887,5.154227,16000
1877,empty,10000,2000,8,1.203337,0.725332,250
1878,printf,10000,500,6,1.270408,0.794501,4000
1879,scorep,10000,1000,20,0.855617,0.384247,1000
188,printf,10000,250,18,0.829875,0.351926,16000
1880,oot,10000,1000,17,0.867252,0.389236,1000
1881,printf,10000,250,15,0.861338,0.381495,16000
1882,oot,10000,1000,14,0.905141,0.423773,1000
1883,void,10000,2000,4,1.664144,1.184735,250
1884,scorep,10000,500,14,0.877873,0.407922,4000
1885,scorep,10000,1000,1,4.759455,4.288741,1000
1886,empty,10000,2000,13,1.035260,0.555871,250
1887,scorep,10000,500,8,1.098669,0.627907,4000
1888,void,10000,2000,15,1.028426,0.549537,250
1889,extrae,10000,250,8,1.185557,0.714640,16000
189,empty,10000,500,12,0.933134,0.453725,4000
1890,scorep,10000,2000,16,1.029726,0.552443,250
1891,extrae,10000,250,19,0.903021,0.433812,16000
1892,oot,10000,500,13,0.906060,0.428428,4000
1893,tikki,10000,250,9,1.102285,0.623251,16000
1894,void,10000,2000,17,1.038393,0.561004,250
1895,printf,10000,500,19,0.844846,0.365080,4000
1896,extrae,10000,500,15,0.921855,0.453860,4000
1897,tikki,10000,250,16,0.877474,0.397601,16000
1898,empty,10000,2000,2,2.705340,2.226496,250
1899,void,10000,500,11,0.966186,0.486924,4000
19,tikki,10000,1000,1,5.982735,5.505126,1000
190,tikki,10000,1000,19,0.904875,0.429860,1000
1900,extrae,10000,250,18,0.907825,0.437613,16000
1901,tikki,10000,500,4,1.619145,1.138694,4000
1902,printf,10000,500,11,0.965430,0.486701,4000
1903,printf,10000,250,9,1.075109,0.597659,16000
1904,empty,10000,1000,2,2.791366,2.313626,1000
1905,scorep,10000,2000,7,1.266239,0.794088,250
1906,empty,10000,2000,9,1.146344,0.669524,250
1907,void,10000,250,9,1.059562,0.578907,16000
1908,empty,10000,1000,1,5.589330,5.122364,1000
1909,tikki,10000,500,11,1.005045,0.528014,4000
191,extrae,10000,250,3,2.092531,1.618412,16000
1910,oot,10000,1000,3,2.034183,1.557030,1000
1911,extrae,10000,500,2,2.726628,2.250254,4000
1912,scorep,10000,250,13,0.892722,0.421717,16000
1913,oot,10000,250,10,1.018762,0.540463,16000
1914,extrae,10000,1000,2,2.716354,2.239516,1000
1915,printf,10000,2000,1,5.655603,5.177803,250
1916,scorep,10000,500,13,0.895329,0.425268,4000
1917,extrae,10000,250,5,1.486545,1.014411,16000
1918,void,10000,1000,10,1.026759,0.550953,1000
1919,scorep,10000,500,9,1.045206,0.573021,4000
192,scorep,10000,2000,18,1.032886,0.557937,250
1920,printf,10000,2000,12,1.064946,0.588284,250
1921,oot,10000,2000,14,1.030893,0.553000,250
1922,scorep,10000,250,19,0.830067,0.353299,16000
1923,void,10000,1000,15,0.883499,0.405727,1000
1924,empty,10000,250,20,0.826487,0.347802,16000
1925,scorep,10000,500,19,0.833044,0.363715,4000
1926,oot,10000,250,6,1.299074,0.819368,16000
1927,oot,10000,2000,11,1.085684,0.606919,250
1928,oot,10000,1000,12,0.951985,0.472270,1000
1929,tikki,10000,2000,18,1.081340,0.603952,250
193,void,10000,250,9,1.060788,0.584088,16000
1930,printf,10000,500,14,0.876438,0.399755,4000
1931,scorep,10000,500,12,0.927059,0.456912,4000
1932,scorep,10000,1000,7,1.194387,0.724381,1000
1933,scorep,10000,250,6,1.281480,0.812013,16000
1934,printf,10000,1000,7,1.204069,0.726261,1000
1935,printf,10000,500,20,0.839429,0.362093,4000
1936,empty,10000,2000,15,1.032053,0.552982,250
1937,tikki,10000,500,15,0.901647,0.420692,4000
1938,printf,10000,2000,7,1.265660,0.786274,250
1939,printf,10000,250,14,0.880846,0.399526,16000
194,oot,10000,1000,3,2.033570,1.557312,1000
1940,void,10000,250,20,0.826285,0.346959,16000
1941,oot,10000,500,1,5.609702,5.128512,4000
1942,tikki,10000,500,20,0.883483,0.404262,4000
1943,void,10000,500,6,1.270513,0.791643,4000
1944,empty,10000,250,18,0.825996,0.347409,16000
1945,empty,10000,250,7,1.192596,0.713157,16000
1946,empty,10000,1000,6,1.290389,0.813977,1000
1947,extrae,10000,1000,10,1.065502,0.593113,1000
1948,scorep,10000,500,5,1.404391,0.926023,4000
1949,void,10000,500,14,0.881780,0.401544,4000
195,void,10000,2000,13,1.032834,0.556788,250
1950,void,10000,250,3,2.026764,1.545382,16000
1951,void,10000,500,3,1.976685,1.496081,4000
1952,oot,10000,250,16,0.843581,0.363042,16000
1953,void,10000,1000,19,0.859242,0.381863,1000
1954,extrae,10000,500,14,0.934700,0.462254,4000
1955,void,10000,250,13,0.898438,0.417445,16000
1956,tikki,10000,1000,17,0.903827,0.421958,1000
1957,scorep,10000,2000,11,1.097215,0.626941,250
1958,scorep,10000,500,11,0.956448,0.484475,4000
1959,extrae,10000,2000,1,5.654470,5.180019,250
196,empty,10000,2000,2,2.705485,2.224695,250
1960,extrae,10000,500,3,1.999355,1.526587,4000
1961,empty,10000,500,2,2.774515,2.293729,4000
1962,oot,10000,500,17,0.844353,0.363644,4000
1963,extrae,10000,250,10,1.075344,0.601449,16000
1964,empty,10000,2000,6,1.356833,0.878928,250
1965,tikki,10000,2000,4,1.665660,1.187461,250
1966,tikki,10000,1000,10,1.074940,0.594328,1000
1967,void,10000,1000,6,1.296506,0.816896,1000
1968,empty,10000,1000,11,0.993722,0.514873,1000
1969,scorep,10000,500,2,2.764425,2.294118,4000
197,oot,10000,1000,7,1.197841,0.721071,1000
1970,tikki,10000,1000,7,1.237143,0.760784,1000
1971,oot,10000,2000,3,2.059569,1.583374,250
1972,empty,10000,1000,9,1.078644,0.599447,1000
1973,extrae,10000,2000,3,2.073823,1.599414,250
1974,scorep,10000,2000,6,1.335042,0.864405,250
1975,oot,10000,250,13,0.912052,0.429678,16000
1976,empty,10000,500,7,1.181290,0.700704,4000
1977,empty,10000,2000,1,5.657726,5.178215,250
1978,scorep,10000,250,10,1.022380,0.540767,16000
1979,extrae,10000,2000,2,2.712308,2.235239,250
198,void,10000,250,16,0.842165,0.363334,16000
1980,scorep,10000,2000,9,1.144979,0.673824,250
1981,oot,10000,250,18,0.829268,0.352473,16000
1982,tikki,10000,500,7,1.223918,0.744240,4000
1983,void,10000,2000,11,1.086813,0.608003,250
1984,oot,10000,250,1,5.642224,5.160748,16000
1985,empty,10000,500,1,5.626587,5.148580,4000
1986,empty,10000,1000,18,0.862777,0.384326,1000
1987,printf,10000,2000,5,1.465409,0.987572,250
1988,extrae,10000,2000,20,1.107632,0.636816,250
1989,tikki,10000,500,8,1.134206,0.658179,4000
199,extrae,10000,1000,1,5.617268,5.140873,1000
1990,extrae,10000,2000,10,1.139758,0.666416,250
1991,printf,10000,2000,19,1.032066,0.553629,250
1992,extrae,10000,1000,11,1.033201,0.563504,1000
1993,scorep,10000,250,16,0.836958,0.365431,16000
1994,empty,10000,1000,19,0.865336,0.384985,1000
1995,printf,10000,2000,2,2.710792,2.228080,250
1996,scorep,10000,250,3,2.016386,1.545859,16000
1997,oot,10000,1000,20,0.862764,0.382924,1000
1998,empty,10000,250,13,0.897625,0.418187,16000
1999,tikki,10000,2000,8,1.237778,0.758157,250
2,tikki,10000,2000,7,1.302292,0.826227,250
20,scorep,10000,500,6,1.275149,0.798791,4000
200,tikki,10000,2000,8,1.234805,0.756600,250
2000,tikki,10000,2000,2,2.916784,2.434612,250
2001,extrae,10000,2000,11,1.125791,0.654348,250
2002,void,10000,2000,12,1.063415,0.586697,250
2003,empty,10000,250,6,1.287681,0.807924,16000
2004,printf,10000,2000,9,1.164957,0.686780,250
2005,extrae,10000,500,7,1.196281,0.726540,4000
2006,empty,10000,250,19,0.832606,0.354330,16000
2007,empty,10000,500,9,1.047022,0.570172,4000
2008,scorep,10000,250,1,4.776126,4.303479,16000
2009,scorep,10000,500,1,5.634866,5.155163,4000
201,scorep,10000,500,20,0.844368,0.365091,4000
2010,oot,10000,500,15,0.856630,0.386889,4000
2011,void,10000,2000,8,1.214452,0.736889,250
2012,tikki,10000,500,19,0.885839,0.407081,4000
2013,tikki,10000,1000,15,0.919896,0.438107,1000
2014,printf,10000,500,12,0.937746,0.455378,4000
2015,empty,10000,1000,7,1.210569,0.730695,1000
2016,void,10000,500,10,1.006574,0.528249,4000
2017,tikki,10000,1000,6,1.323667,0.845661,1000
2018,tikki,10000,250,13,0.940394,0.460143,16000
2019,tikki,10000,1000,20,0.910963,0.434420,1000
202,empty,10000,500,3,2.005233,1.527719,4000
2020,empty,10000,250,16,0.843222,0.362614,16000
2021,oot,10000,500,10,1.012261,0.530888,4000
2022,oot,10000,250,8,1.112720,0.634558,16000
2023,scorep,10000,1000,16,0.857154,0.386345,1000
2024,extrae,10000,250,17,0.905859,0.436732,16000
2025,printf,10000,1000,3,1.993842,1.514823,1000
2026,void,10000,500,13,0.904247,0.425515,4000
2027,scorep,10000,250,7,1.192337,0.719522,16000
2028,tikki,10000,1000,14,0.940916,0.459800,1000
2029,printf,10000,1000,1,5.607779,5.140596,1000
203,scorep,10000,250,11,0.976945,0.497032,16000
2030,empty,10000,500,12,0.930285,0.452283,4000
2031,printf,10000,2000,16,1.028100,0.550156,250
2032,oot,10000,500,19,0.846034,0.365976,4000
2033,scorep,10000,500,16,0.846069,0.373759,4000
2034,scorep,10000,1000,5,1.413409,0.940606,1000
2035,oot,10000,2000,15,1.036170,0.555740,250
2036,printf,10000,250,20,0.829534,0.349337,16000
2037,printf,10000,500,7,1.178053,0.699118,4000
2038,scorep,10000,1000,9,1.071646,0.592962,1000
2039,oot,10000,500,14,0.904505,0.424579,4000
204,scorep,10000,250,7,1.197249,0.719267,16000
2040,scorep,10000,2000,13,1.025193,0.554850,250
2041,void,10000,1000,20,0.861997,0.382413,1000
2042,tikki,10000,250,17,0.884410,0.405369,16000
2043,scorep,10000,250,14,0.872905,0.402075,16000
2044,void,10000,250,18,0.834454,0.354270,16000
2045,tikki,10000,1000,3,2.138291,1.658068,1000
2046,printf,10000,500,1,5.619541,5.140327,4000
2047,printf,10000,1000,5,1.422111,0.941181,1000
2048,oot,10000,1000,19,0.861888,0.381828,1000
2049,scorep,10000,2000,14,1.022197,0.552048,250
205,oot,10000,2000,4,1.653802,1.175475,250
2050,void,10000,1000,13,0.924928,0.444319,1000
2051,extrae,10000,2000,17,1.100533,0.629995,250
2052,void,10000,500,16,0.846855,0.369839,4000
2053,empty,10000,1000,17,0.866200,0.388224,1000
2054,oot,10000,2000,19,1.036123,0.558387,250
2055,printf,10000,250,10,1.019759,0.541555,16000
2056,scorep,10000,2000,5,1.462582,0.990789,250
2057,tikki,10000,2000,16,1.070342,0.592634,250
2058,printf,10000,500,3,1.972445,1.494310,4000
2059,tikki,10000,250,5,1.464723,0.987671,16000
206,void,10000,1000,13,0.921290,0.443664,1000
2060,extrae,10000,250,4,1.708887,1.237741,16000
2061,empty,10000,1000,13,0.922463,0.445827,1000
2062,void,10000,500,7,1.182437,0.700585,4000
2063,tikki,10000,2000,10,1.160034,0.682360,250
2064,extrae,10000,2000,8,1.239818,0.768613,250
2065,empty,10000,500,19,0.843458,0.362369,4000
2066,empty,10000,2000,5,1.463066,0.985521,250
2067,tikki,10000,250,14,0.918878,0.439514,16000
2068,void,10000,500,4,1.580288,1.092895,4000
2069,scorep,10000,2000,3,2.090291,1.607658,250
207,oot,10000,2000,6,1.337974,0.860386,250
2070,void,10000,250,1,5.643808,5.163728,16000
2071,void,10000,250,17,0.843112,0.359305,16000
2072,extrae,10000,1000,16,0.926608,0.457809,1000
2073,extrae,10000,250,16,0.920423,0.449102,16000
2074,extrae,10000,1000,13,0.972318,0.502176,1000
2075,oot,10000,1000,18,0.863417,0.382932,1000
2076,void,10000,2000,18,1.035772,0.557740,250
2077,void,10000,2000,7,1.271912,0.794552,250
2078,extrae,10000,250,3,2.115485,1.642034,16000
2079,extrae,10000,500,6,1.297788,0.825020,4000
208,printf,10000,250,19,0.829866,0.350498,16000
2080,void,10000,1000,5,1.424551,0.946070,1000
2081,extrae,10000,2000,6,1.376592,0.900216,250
2082,oot,10000,500,6,1.270611,0.792007,4000
2083,empty,10000,2000,11,1.084959,0.605320,250
2084,void,10000,2000,20,1.039549,0.560321,250
2085,printf,10000,1000,14,0.899976,0.420643,1000
2086,void,10000,250,5,1.429240,0.951577,16000
2087,scorep,10000,1000,11,0.983396,0.511167,1000
2088,printf,10000,250,18,0.831490,0.353599,16000
2089,tikki,10000,1000,9,1.118071,0.640860,1000
209,oot,10000,500,16,0.850608,0.372916,4000
2090,oot,10000,500,7,1.179124,0.697337,4000
2091,scorep,10000,500,15,0.856761,0.385508,4000
2092,tikki,10000,250,7,1.239510,0.761369,16000
2093,oot,10000,1000,16,0.866682,0.388045,1000
2094,tikki,10000,1000,16,0.908890,0.429064,1000
2095,scorep,10000,1000,4,1.583270,1.114151,1000
2096,extrae,10000,2000,4,1.660861,1.187837,250
2097,empty,10000,1000,3,2.012474,1.534920,1000
2098,scorep,10000,1000,8,1.122046,0.652253,1000
2099,oot,10000,500,18,0.843167,0.364308,4000
21,printf,10000,250,3,2.057197,1.579083,16000
210,void,10000,1000,12,0.953175,0.475496,1000
2100,void,10000,1000,17,0.861373,0.384864,1000
2101,printf,10000,1000,17,0.861660,0.383293,1000
2102,tikki,10000,250,8,1.158539,0.678061,16000
2103,printf,10000,2000,11,1.090982,0.610566,250
2104,printf,10000,500,10,1.012336,0.532671,4000
2105,oot,10000,1000,9,1.087351,0.601294,1000
2106,printf,10000,1000,2,2.794281,2.316696,1000
2107,tikki,10000,250,3,2.146252,1.667376,16000
2108,extrae,10000,500,13,0.954127,0.485007,4000
2109,empty,10000,1000,8,1.129754,0.651183,1000
211,oot,10000,500,20,0.837965,0.361679,4000
2110,tikki,10000,2000,20,1.071949,0.593396,250
2111,empty,10000,1000,14,0.902344,0.423322,1000
2112,printf,10000,250,11,0.967726,0.489206,16000
2113,void,10000,2000,13,1.035471,0.555358,250
2114,printf,10000,250,6,1.299076,0.820610,16000
2115,printf,10000,500,17,0.846673,0.365431,4000
2116,oot,10000,2000,18,1.029527,0.551306,250
2117,extrae,10000,2000,19,1.110377,0.639908,250
2118,printf,10000,1000,16,0.875222,0.389105,1000
2119,printf,10000,250,16,0.847097,0.366237,16000
212,extrae,10000,2000,17,1.094113,0.626555,250
2120,printf,10000,500,4,1.581262,1.104435,4000
2121,tikki,10000,250,15,0.892532,0.413873,16000
2122,printf,10000,1000,18,0.859581,0.381699,1000
2123,printf,10000,2000,20,1.035565,0.555315,250
2124,void,10000,1000,11,0.990281,0.513314,1000
2125,empty,10000,2000,17,1.033457,0.554483,250
2126,printf,10000,1000,20,0.861532,0.383829,1000
2127,extrae,10000,250,9,1.122484,0.651931,16000
2128,void,10000,1000,18,0.859315,0.382141,1000
2129,oot,10000,500,11,0.966959,0.489209,4000
213,scorep,10000,2000,2,2.827077,2.350542,250
2130,oot,10000,1000,10,1.030105,0.549054,1000
2131,tikki,10000,250,1,5.825111,5.347669,16000
2132,printf,10000,250,7,1.199507,0.721937,16000
2133,tikki,10000,500,16,0.885675,0.406586,4000
2134,extrae,10000,1000,4,1.596021,1.125181,1000
2135,oot,10000,1000,4,1.593356,1.116175,1000
2136,empty,10000,1000,12,0.956543,0.475529,1000
2137,oot,10000,1000,8,1.129929,0.650941,1000
2138,printf,10000,500,13,0.902471,0.425066,4000
2139,empty,10000,250,11,0.970587,0.493008,16000
214,tikki,10000,500,1,5.990861,5.514638,4000
2140,oot,10000,500,12,0.931986,0.455901,4000
2141,scorep,10000,1000,14,0.904410,0.424113,1000
2142,printf,10000,500,15,0.858059,0.380708,4000
2143,tikki,10000,2000,5,1.530381,1.050665,250
2144,scorep,10000,2000,19,1.027105,0.556641,250
2145,tikki,10000,250,19,0.858154,0.384910,16000
2146,extrae,10000,500,20,0.919622,0.448425,4000
2147,printf,10000,2000,10,1.102493,0.624694,250
2148,scorep,10000,1000,12,0.948605,0.478223,1000
2149,empty,10000,2000,10,1.104441,0.626085,250
215,empty,10000,1000,12,0.954350,0.477698,1000
2150,tikki,10000,2000,6,1.388693,0.912172,250
2151,oot,10000,250,2,2.868088,2.391632,16000
2152,extrae,10000,1000,9,1.105144,0.637593,1000
2153,oot,10000,1000,13,0.925928,0.448324,1000
2154,printf,10000,2000,14,1.032080,0.556825,250
2155,void,10000,250,2,2.861347,2.384993,16000
2156,oot,10000,250,9,1.086402,0.621466,16000
2157,oot,10000,250,11,0.975618,0.499030,16000
2158,void,10000,500,15,0.866027,0.385343,4000
2159,extrae,10000,500,18,0.914579,0.440691,4000
216,extrae,10000,1000,6,1.309356,0.835947,1000
2160,extrae,10000,250,6,1.366852,0.893274,16000
2161,extrae,10000,1000,20,0.940583,0.470521,1000
2162,scorep,10000,500,6,1.267818,0.799152,4000
2163,tikki,10000,1000,2,3.010223,2.532926,1000
2164,tikki,10000,2000,15,1.073880,0.593167,250
2165,empty,10000,250,9,1.057863,0.580394,16000
2166,tikki,10000,250,20,0.872162,0.394184,16000
2167,extrae,10000,250,2,3.032963,2.557255,16000
2168,void,10000,250,4,1.610387,1.130811,16000
2169,printf,10000,2000,3,2.054142,1.573930,250
217,extrae,10000,250,8,1.181457,0.713420,16000
2170,oot,10000,250,5,1.435764,0.954456,16000
2171,oot,10000,500,3,2.008739,1.529872,4000
2172,extrae,10000,250,7,1.263973,0.791079,16000
2173,extrae,10000,500,9,1.087647,0.617715,4000
2174,extrae,10000,250,1,5.661088,5.187512,16000
2175,printf,10000,2000,18,1.033300,0.556284,250
2176,tikki,10000,1000,1,6.027846,5.550416,1000
2177,printf,10000,500,2,2.787187,2.309259,4000
2178,oot,10000,2000,1,5.665542,5.185971,250
2179,extrae,10000,1000,6,1.311458,0.838174,1000
218,void,10000,500,4,1.582778,1.105056,4000
2180,void,10000,1000,3,2.029065,1.551160,1000
2181,empty,10000,500,4,1.577239,1.097351,4000
2182,printf,10000,1000,12,0.955910,0.477550,1000
2183,void,10000,2000,14,1.029795,0.552560,250
2184,scorep,10000,1000,13,0.916737,0.447070,1000
2185,scorep,10000,2000,18,1.038250,0.556397,250
2186,printf,10000,250,5,1.431125,0.952588,16000
2187,tikki,10000,500,5,1.454052,0.975908,4000
2188,empty,10000,500,11,0.972510,0.490885,4000
2189,scorep,10000,500,20,0.835767,0.366256,4000
219,extrae,10000,250,7,1.259331,0.790259,16000
2190,oot,10000,250,12,0.930322,0.451347,16000
2191,extrae,10000,500,12,0.973606,0.503825,4000
2192,printf,10000,1000,13,0.927282,0.447655,1000
2193,printf,10000,250,2,2.898945,2.419908,16000
2194,scorep,10000,250,12,0.932322,0.461266,16000
2195,printf,10000,250,3,2.038186,1.560526,16000
2196,oot,10000,500,16,0.848277,0.370304,4000
2197,void,10000,250,7,1.192026,0.710760,16000
2198,scorep,10000,2000,15,1.022326,0.551191,250
2199,extrae,10000,1000,8,1.157293,0.684073,1000
22,void,10000,2000,10,1.101300,0.624717,250
220,empty,10000,2000,16,1.032049,0.555953,250
2200,void,10000,2000,3,2.059395,1.581607,250
2201,printf,10000,2000,13,1.029307,0.552008,250
2202,scorep,10000,1000,2,2.793227,2.323938,1000
2203,scorep,10000,250,15,0.852690,0.375714,16000
2204,printf,10000,1000,11,0.987556,0.508706,1000
2205,extrae,10000,1000,17,0.922875,0.453947,1000
2206,tikki,10000,1000,12,0.992341,0.513834,1000
2207,tikki,10000,2000,14,1.076394,0.597543,250
2208,empty,10000,250,2,2.845220,2.368745,16000
2209,empty,10000,2000,16,1.029973,0.551576,250
221,void,10000,1000,5,1.421683,0.943124,1000
2210,extrae,10000,2000,13,1.086712,0.617494,250
2211,scorep,10000,250,17,0.823458,0.352072,16000
2212,scorep,10000,250,9,1.060571,0.586998,16000
2213,empty,10000,2000,12,1.070775,0.590269,250
2214,oot,10000,500,20,0.841606,0.363670,4000
2215,extrae,10000,1000,3,1.994098,1.519175,1000
2216,extrae,10000,500,11,1.012888,0.542489,4000
2217,oot,10000,2000,2,2.732611,2.251263,250
2218,tikki,10000,1000,11,1.026222,0.548710,1000
2219,extrae,10000,2000,9,1.192820,0.723030,250
222,empty,10000,1000,17,0.866158,0.388104,1000
2220,extrae,10000,250,14,0.955380,0.481055,16000
2221,empty,10000,500,15,0.861318,0.381832,4000
2222,oot,10000,2000,5,1.480349,1.001049,250
2223,tikki,10000,2000,9,1.215728,0.722747,250
2224,extrae,10000,500,1,5.607695,5.134298,4000
2225,tikki,10000,2000,13,1.070810,0.591043,250
2226,scorep,10000,250,4,1.612731,1.142896,16000
2227,oot,10000,2000,12,1.070142,0.590504,250
2228,printf,10000,2000,8,1.201336,0.720531,250
2229,scorep,10000,500,18,0.835450,0.365367,4000
223,tikki,10000,250,12,0.970395,0.494728,16000
2230,extrae,10000,1000,15,0.939982,0.469132,1000
2231,scorep,10000,2000,1,5.660723,5.181980,250
2232,empty,10000,500,17,0.846815,0.367750,4000
2233,oot,10000,2000,13,1.033798,0.557255,250
2234,printf,10000,2000,17,1.031475,0.553950,250
2235,void,10000,2000,19,1.031134,0.553823,250
2236,void,10000,250,11,0.968445,0.490141,16000
2237,printf,10000,250,19,0.832835,0.352344,16000
2238,void,10000,500,8,1.104735,0.625712,4000
2239,extrae,10000,2000,15,1.091978,0.623262,250
224,scorep,10000,2000,7,1.269417,0.792356,250
2240,scorep,10000,1000,19,0.855587,0.383265,1000
2241,empty,10000,500,14,0.878837,0.400531,4000
2242,tikki,10000,2000,8,1.240146,0.760988,250
2243,oot,10000,2000,11,1.086776,0.607505,250
2244,extrae,10000,500,8,1.137760,0.668018,4000
2245,oot,10000,1000,16,0.872628,0.394445,1000
2246,printf,10000,500,14,0.884702,0.404565,4000
2247,tikki,10000,2000,16,1.076401,0.597178,250
2248,scorep,10000,2000,12,1.063403,0.591757,250
2249,empty,10000,500,7,1.184055,0.705752,4000
225,extrae,10000,500,20,0.918484,0.447095,4000
2250,oot,10000,500,19,0.846687,0.367595,4000
2251,tikki,10000,1000,1,5.976315,5.499704,1000
2252,empty,10000,250,20,0.826452,0.347706,16000
2253,void,10000,250,15,0.851667,0.371238,16000
2254,oot,10000,2000,1,5.652537,5.172059,250
2255,scorep,10000,250,15,0.851430,0.382403,16000
2256,extrae,10000,250,8,1.185574,0.712558,16000
2257,oot,10000,500,8,1.110364,0.629999,4000
2258,scorep,10000,500,19,0.835983,0.364867,4000
2259,oot,10000,500,12,0.930488,0.450717,4000
226,void,10000,250,2,2.865373,2.388070,16000
2260,extrae,10000,500,16,0.911177,0.441601,4000
2261,oot,10000,2000,7,1.271899,0.791418,250
2262,printf,10000,500,19,0.848468,0.367329,4000
2263,scorep,10000,250,18,0.828342,0.348956,16000
2264,tikki,10000,500,3,2.106260,1.627257,4000
2265,tikki,10000,1000,15,0.930749,0.449386,1000
2266,extrae,10000,1000,16,0.930626,0.459682,1000
2267,tikki,10000,250,16,0.879460,0.400613,16000
2268,void,10000,2000,20,1.028630,0.550529,250
2269,void,10000,250,2,2.868658,2.389479,16000
227,empty,10000,1000,10,1.038748,0.560196,1000
2270,scorep,10000,1000,4,1.584609,1.115201,1000
2271,printf,10000,250,1,5.668409,5.188453,16000
2272,oot,10000,500,14,0.882345,0.403850,4000
2273,printf,10000,500,8,1.110979,0.629676,4000
2274,extrae,10000,500,18,0.919486,0.446060,4000
2275,extrae,10000,250,7,1.254576,0.784658,16000
2276,empty,10000,1000,11,0.996315,0.515983,1000
2277,printf,10000,1000,14,0.903718,0.422760,1000
2278,oot,10000,2000,4,1.635492,1.157075,250
2279,tikki,10000,2000,4,1.672528,1.195185,250
228,tikki,10000,250,18,0.868094,0.389080,16000
2280,empty,10000,2000,12,1.071384,0.593453,250
2281,scorep,10000,500,7,1.173362,0.702849,4000
2282,empty,10000,250,13,0.905452,0.423270,16000
2283,printf,10000,500,1,5.625575,5.147851,4000
2284,tikki,10000,500,20,0.884735,0.406360,4000
2285,tikki,10000,500,15,0.915216,0.435576,4000
2286,tikki,10000,500,4,1.617801,1.139953,4000
2287,empty,10000,1000,18,0.865531,0.386426,1000
2288,extrae,10000,250,10,1.080860,0.610083,16000
2289,empty,10000,250,6,1.294586,0.814760,16000
229,printf,10000,500,9,1.054231,0.575345,4000
2290,oot,10000,1000,8,1.124779,0.645815,1000
2291,empty,10000,500,19,0.840523,0.363687,4000
2292,scorep,10000,250,8,1.116899,0.646186,16000
2293,oot,10000,2000,18,1.033954,0.555609,250
2294,tikki,10000,250,1,5.864701,5.386482,16000
2295,printf,10000,2000,14,1.030334,0.552140,250
2296,void,10000,500,6,1.273016,0.795792,4000
2297,oot,10000,500,10,1.006684,0.529182,4000
2298,oot,10000,250,7,1.195402,0.718007,16000
2299,extrae,10000,500,4,1.587158,1.112723,4000
23,oot,10000,250,5,1.423369,0.947831,16000
230,oot,10000,250,20,0.824387,0.346103,16000
2300,void,10000,500,4,1.583123,1.105256,4000
2301,tikki,10000,2000,1,6.033566,5.554409,250
2302,oot,10000,250,16,0.844124,0.365996,16000
2303,empty,10000,2000,15,1.038483,0.559071,250
2304,scorep,10000,1000,10,1.018310,0.549483,1000
2305,oot,10000,1000,12,0.950864,0.473305,1000
2306,empty,10000,250,19,0.829059,0.350071,16000
2307,empty,10000,1000,2,2.765888,2.287378,1000
2308,printf,10000,1000,12,0.945444,0.471454,1000
2309,oot,10000,1000,3,2.017358,1.538141,1000
231,tikki,10000,250,20,0.874324,0.398193,16000
2310,printf,10000,2000,13,1.047054,0.568499,250
2311,void,10000,250,17,0.837435,0.357067,16000
2312,extrae,10000,500,7,1.207084,0.735471,4000
2313,void,10000,500,15,0.867383,0.388177,4000
2314,void,10000,500,18,0.846875,0.367056,4000
2315,printf,10000,1000,3,2.031216,1.550275,1000
2316,void,10000,1000,8,1.131797,0.651102,1000
2317,void,10000,250,18,0.830964,0.351766,16000
2318,oot,10000,2000,14,1.037935,0.558537,250
2319,scorep,10000,2000,11,1.107467,0.627440,250
232,empty,10000,500,4,1.575372,1.099283,4000
2320,printf,10000,1000,15,0.882274,0.401042,1000
2321,extrae,10000,1000,17,0.925813,0.457731,1000
2322,empty,10000,2000,9,1.166171,0.689045,250
2323,oot,10000,250,17,0.839177,0.357644,16000
2324,scorep,10000,500,8,1.100599,0.629792,4000
2325,printf,10000,250,13,0.904483,0.425190,16000
2326,empty,10000,500,20,0.839605,0.362302,4000
2327,scorep,10000,250,3,2.029591,1.558439,16000
2328,empty,10000,2000,17,1.029925,0.552129,250
2329,scorep,10000,1000,17,0.856761,0.388169,1000
233,void,10000,250,14,0.874717,0.397178,16000
2330,scorep,10000,1000,7,1.197928,0.727471,1000
2331,scorep,10000,250,5,1.429752,0.951607,16000
2332,oot,10000,250,12,0.936545,0.458629,16000
2333,printf,10000,1000,20,0.862969,0.382526,1000
2334,tikki,10000,250,9,1.093913,0.617712,16000
2335,printf,10000,1000,11,0.990976,0.512550,1000
2336,tikki,10000,500,7,1.223123,0.744293,4000
2337,oot,10000,250,20,0.829696,0.348794,16000
2338,extrae,10000,2000,8,1.239794,0.767639,250
2339,extrae,10000,1000,4,1.595685,1.123176,1000
234,tikki,10000,500,2,2.894945,2.414993,4000
2340,empty,10000,500,11,0.968512,0.488322,4000
2341,scorep,10000,250,11,0.971703,0.502241,16000
2342,oot,10000,250,2,2.880354,2.402525,16000
2343,oot,10000,500,13,0.903830,0.425067,4000
2344,extrae,10000,2000,16,1.090940,0.622038,250
2345,tikki,10000,2000,17,1.069904,0.591806,250
2346,scorep,10000,500,10,0.999404,0.530295,4000
2347,extrae,10000,1000,3,2.024854,1.551503,1000
2348,extrae,10000,2000,5,1.474990,1.003927,250
2349,empty,10000,2000,7,1.277419,0.798722,250
235,tikki,10000,250,4,1.649972,1.171584,16000
2350,printf,10000,250,20,0.826620,0.349185,16000
2351,tikki,10000,2000,6,1.395592,0.915221,250
2352,void,10000,2000,6,1.355057,0.876944,250
2353,extrae,10000,500,1,5.616381,5.139488,4000
2354,tikki,10000,1000,13,0.965827,0.487462,1000
2355,oot,10000,250,18,0.831627,0.351834,16000
2356,scorep,10000,2000,2,2.776414,2.305247,250
2357,oot,10000,500,9,1.050561,0.572886,4000
2358,scorep,10000,500,3,1.970163,1.498968,4000
2359,empty,10000,2000,16,1.036414,0.556609,250
236,extrae,10000,250,11,1.038772,0.569682,16000
2360,scorep,10000,2000,10,1.128947,0.648209,250
2361,extrae,10000,250,18,0.906432,0.436054,16000
2362,oot,10000,250,4,1.620246,1.139086,16000
2363,printf,10000,2000,5,1.453931,0.972130,250
2364,void,10000,500,14,0.878563,0.400375,4000
2365,scorep,10000,500,2,2.771007,2.302176,4000
2366,extrae,10000,1000,19,0.916194,0.445907,1000
2367,printf,10000,2000,15,1.032828,0.554168,250
2368,tikki,10000,500,16,0.887582,0.408165,4000
2369,empty,10000,250,5,1.421320,0.941606,16000
237,void,10000,2000,18,1.028217,0.550472,250
2370,extrae,10000,500,6,1.296651,0.823809,4000
2371,void,10000,500,16,0.848405,0.371038,4000
2372,scorep,10000,500,1,4.768076,4.299105,4000
2373,tikki,10000,1000,10,1.067400,0.588997,1000
2374,tikki,10000,2000,10,1.162244,0.684407,250
2375,scorep,10000,500,13,0.901665,0.430307,4000
2376,void,10000,1000,6,1.289245,0.812013,1000
2377,oot,10000,1000,15,0.881803,0.402868,1000
2378,empty,10000,1000,19,0.860208,0.381662,1000
2379,oot,10000,500,6,1.274945,0.796937,4000
238,printf,10000,1000,12,0.950902,0.473166,1000
2380,oot,10000,1000,2,2.758632,2.280006,1000
2381,void,10000,250,9,1.060691,0.580803,16000
2382,oot,10000,500,2,2.763480,2.285864,4000
2383,void,10000,250,4,1.608757,1.130711,16000
2384,extrae,10000,1000,6,1.313782,0.839907,1000
2385,scorep,10000,2000,1,4.795639,4.325830,250
2386,scorep,10000,250,13,0.905923,0.424983,16000
2387,printf,10000,250,15,0.856595,0.379419,16000
2388,printf,10000,500,20,0.840759,0.362881,4000
2389,extrae,10000,500,15,0.921747,0.453422,4000
239,void,10000,250,20,0.827035,0.347139,16000
2390,extrae,10000,1000,10,1.069712,0.595775,1000
2391,extrae,10000,250,14,0.950291,0.478768,16000
2392,tikki,10000,2000,11,1.144274,0.665399,250
2393,tikki,10000,1000,19,0.914609,0.436947,1000
2394,extrae,10000,1000,15,0.936360,0.466436,1000
2395,void,10000,250,1,5.632501,5.155676,16000
2396,printf,10000,250,11,0.975069,0.497249,16000
2397,printf,10000,500,2,2.792699,2.314593,4000
2398,empty,10000,1000,5,1.417761,0.940148,1000
2399,tikki,10000,500,12,0.967673,0.490838,4000
24,printf,10000,500,5,1.400048,0.924080,4000
240,oot,10000,500,10,1.010090,0.531507,4000
2400,tikki,10000,500,9,1.092098,0.610877,4000
2401,extrae,10000,250,6,1.360516,0.886812,16000
2402,printf,10000,2000,4,1.709469,1.230056,250
2403,tikki,10000,2000,15,1.074102,0.597243,250
2404,scorep,10000,500,11,0.960671,0.487970,4000
2405,scorep,10000,250,2,2.857443,2.387540,16000
2406,printf,10000,1000,10,1.031217,0.552581,1000
2407,extrae,10000,250,9,1.128939,0.659786,16000
2408,void,10000,500,2,2.774303,2.296783,4000
2409,printf,10000,2000,18,1.035899,0.557236,250
241,void,10000,1000,17,0.865886,0.388562,1000
2410,empty,10000,250,18,0.827248,0.349102,16000
2411,empty,10000,500,12,0.934487,0.454001,4000
2412,scorep,10000,1000,16,0.860446,0.390932,1000
2413,oot,10000,1000,6,1.300670,0.820107,1000
2414,extrae,10000,250,5,1.499485,1.027839,16000
2415,empty,10000,250,1,5.634941,5.157033,16000
2416,oot,10000,1000,19,0.860677,0.383006,1000
2417,extrae,10000,500,13,0.952617,0.484389,4000
2418,empty,10000,1000,14,0.901454,0.423676,1000
2419,scorep,10000,250,19,0.823786,0.353591,16000
242,oot,10000,2000,15,1.033434,0.555442,250
2420,empty,10000,2000,5,1.470341,0.991160,250
2421,tikki,10000,250,14,0.914232,0.435156,16000
2422,empty,10000,1000,4,1.588561,1.110170,1000
2423,scorep,10000,2000,14,1.038283,0.559848,250
2424,void,10000,1000,14,0.902146,0.422525,1000
2425,void,10000,500,19,0.845361,0.367145,4000
2426,printf,10000,250,17,0.833792,0.353001,16000
2427,scorep,10000,1000,15,0.874602,0.403354,1000
2428,void,10000,2000,4,1.661552,1.184033,250
2429,oot,10000,2000,17,1.032086,0.553086,250
243,scorep,10000,1000,13,0.922475,0.444977,1000
2430,oot,10000,1000,17,0.866186,0.387884,1000
2431,printf,10000,2000,3,2.055480,1.576432,250
2432,printf,10000,1000,1,5.621063,5.140251,1000
2433,empty,10000,250,10,1.013615,0.535387,16000
2434,empty,10000,500,13,0.906477,0.428674,4000
2435,extrae,10000,250,12,1.009548,0.540015,16000
2436,printf,10000,2000,11,1.090189,0.610324,250
2437,printf,10000,500,3,1.958835,1.478708,4000
2438,empty,10000,500,8,1.110970,0.629108,4000
2439,printf,10000,2000,7,1.254374,0.776181,250
244,empty,10000,1000,16,0.871922,0.394412,1000
2440,printf,10000,500,13,0.903897,0.426048,4000
2441,tikki,10000,1000,17,0.906797,0.429298,1000
2442,scorep,10000,2000,15,1.027088,0.557281,250
2443,printf,10000,250,5,1.428039,0.946968,16000
2444,tikki,10000,500,14,0.919751,0.440678,4000
2445,void,10000,2000,9,1.160487,0.682109,250
2446,void,10000,2000,12,1.064269,0.588074,250
2447,empty,10000,500,9,1.053359,0.574391,4000
2448,tikki,10000,2000,14,1.063907,0.586363,250
2449,tikki,10000,250,13,0.952197,0.472676,16000
245,extrae,10000,500,9,1.081403,0.612655,4000
2450,empty,10000,1000,3,1.986509,1.506046,1000
2451,tikki,10000,1000,3,2.044771,1.562300,1000
2452,printf,10000,500,11,0.966388,0.489689,4000
2453,printf,10000,1000,13,0.917724,0.447956,1000
2454,extrae,10000,2000,17,1.097672,0.629376,250
2455,oot,10000,1000,20,0.863586,0.385579,1000
2456,tikki,10000,250,20,0.870268,0.391890,16000
2457,extrae,10000,2000,13,1.081076,0.611139,250
2458,extrae,10000,250,2,2.985802,2.511037,16000
2459,scorep,10000,500,4,1.584478,1.114284,4000
246,tikki,10000,500,5,1.428988,0.952424,4000
2460,oot,10000,500,3,1.952901,1.474449,4000
2461,printf,10000,2000,9,1.150117,0.670915,250
2462,tikki,10000,2000,18,1.088932,0.608997,250
2463,void,10000,250,8,1.119048,0.640096,16000
2464,empty,10000,1000,16,0.862659,0.385909,1000
2465,tikki,10000,250,5,1.462659,0.985210,16000
2466,empty,10000,250,8,1.120013,0.640743,16000
2467,empty,10000,2000,19,1.038032,0.558227,250
2468,tikki,10000,250,6,1.335099,0.854977,16000
2469,tikki,10000,2000,20,1.080075,0.603384,250
247,extrae,10000,2000,3,2.071459,1.598697,250
2470,extrae,10000,1000,7,1.219107,0.748469,1000
2471,scorep,10000,2000,9,1.148969,0.679563,250
2472,printf,10000,2000,8,1.201489,0.723141,250
2473,void,10000,2000,7,1.268144,0.790742,250
2474,empty,10000,500,17,0.843201,0.364143,4000
2475,empty,10000,2000,2,2.710731,2.230939,250
2476,oot,10000,2000,15,1.032036,0.553754,250
2477,empty,10000,250,14,0.882317,0.402270,16000
2478,empty,10000,1000,15,0.874569,0.396588,1000
2479,void,10000,250,13,0.897015,0.420306,16000
248,oot,10000,500,14,0.882356,0.403044,4000
2480,empty,10000,2000,6,1.335545,0.856491,250
2481,void,10000,1000,15,0.886841,0.407139,1000
2482,tikki,10000,1000,20,0.910354,0.430858,1000
2483,printf,10000,1000,18,0.862855,0.384033,1000
2484,empty,10000,500,16,0.850882,0.371544,4000
2485,tikki,10000,250,18,0.867617,0.389074,16000
2486,scorep,10000,500,17,0.841062,0.369558,4000
2487,void,10000,1000,18,0.861916,0.382611,1000
2488,oot,10000,1000,1,5.601055,5.121236,1000
2489,extrae,10000,1000,20,0.938534,0.467551,1000
249,empty,10000,2000,19,1.033529,0.556546,250
2490,scorep,10000,250,9,1.052074,0.579882,16000
2491,tikki,10000,250,12,0.973801,0.495055,16000
2492,void,10000,250,12,0.932994,0.455112,16000
2493,extrae,10000,2000,20,1.110530,0.639905,250
2494,scorep,10000,2000,4,1.638549,1.166774,250
2495,tikki,10000,500,5,1.455437,0.975884,4000
2496,scorep,10000,250,6,1.286209,0.817490,16000
2497,extrae,10000,250,16,0.920088,0.451010,16000
2498,tikki,10000,500,1,6.093895,5.614604,4000
2499,printf,10000,500,18,0.846443,0.365755,4000
25,scorep,10000,500,2,2.880734,2.401501,4000
250,void,10000,2000,14,1.033167,0.554629,250
2500,void,10000,1000,9,1.069944,0.593717,1000
2501,extrae,10000,2000,19,1.109836,0.638741,250
2502,extrae,10000,250,15,0.930495,0.462618,16000
2503,empty,10000,2000,14,1.031216,0.550809,250
2504,empty,10000,250,4,1.603960,1.125434,16000
2505,printf,10000,1000,5,1.422860,0.946065,1000
2506,scorep,10000,1000,5,1.415433,0.945972,1000
2507,tikki,10000,1000,14,0.934207,0.454379,1000
2508,tikki,10000,250,19,0.873123,0.395040,16000
2509,scorep,10000,250,16,0.839684,0.367469,16000
251,oot,10000,250,6,1.295105,0.819491,16000
2510,tikki,10000,2000,5,1.529577,1.050641,250
2511,void,10000,2000,14,1.031436,0.551941,250
2512,oot,10000,500,11,0.963814,0.485343,4000
2513,void,10000,500,3,1.959467,1.482417,4000
2514,oot,10000,250,13,0.898756,0.422550,16000
2515,oot,10000,2000,5,1.458871,0.981472,250
2516,extrae,10000,2000,10,1.139538,0.667363,250
2517,scorep,10000,2000,3,2.016092,1.546751,250
2518,void,10000,1000,19,0.864430,0.384773,1000
2519,void,10000,500,17,0.844300,0.365289,4000
252,void,10000,1000,16,0.864124,0.386067,1000
2520,void,10000,1000,13,0.922974,0.443226,1000
2521,oot,10000,1000,9,1.071407,0.595159,1000
2522,empty,10000,500,10,1.007324,0.530621,4000
2523,void,10000,250,20,0.836394,0.350326,16000
2524,printf,10000,2000,16,1.032076,0.550207,250
2525,tikki,10000,500,11,1.009248,0.529511,4000
2526,tikki,10000,1000,2,3.020955,2.541783,1000
2527,printf,10000,500,16,0.850413,0.372828,4000
2528,void,10000,500,20,0.842403,0.362604,4000
2529,extrae,10000,1000,9,1.105666,0.633891,1000
253,tikki,10000,2000,15,1.066744,0.590089,250
2530,empty,10000,500,6,1.274301,0.803931,4000
2531,empty,10000,500,4,1.579077,1.098483,4000
2532,tikki,10000,250,17,0.874224,0.395545,16000
2533,scorep,10000,250,10,1.012417,0.534672,16000
2534,void,10000,500,13,0.905756,0.427981,4000
2535,oot,10000,2000,8,1.199743,0.719905,250
2536,tikki,10000,500,2,2.862638,2.385302,4000
2537,scorep,10000,2000,6,1.330345,0.860922,250
2538,empty,10000,2000,4,1.638928,1.162572,250
2539,extrae,10000,2000,12,1.108802,0.640174,250
254,void,10000,250,10,1.018810,0.539937,16000
2540,printf,10000,2000,19,1.037995,0.557780,250
2541,printf,10000,1000,4,1.590953,1.109674,1000
2542,tikki,10000,1000,7,1.240937,0.761769,1000
2543,tikki,10000,250,4,1.647564,1.172229,16000
2544,extrae,10000,500,19,0.910676,0.442498,4000
2545,void,10000,1000,12,0.955700,0.475555,1000
2546,oot,10000,250,8,1.117939,0.639402,16000
2547,printf,10000,250,2,2.897161,2.418835,16000
2548,extrae,10000,250,13,0.975561,0.506545,16000
2549,scorep,10000,1000,8,1.123843,0.650824,1000
255,printf,10000,500,7,1.178144,0.700405,4000
2550,scorep,10000,2000,13,1.022186,0.551979,250
2551,scorep,10000,500,9,1.048036,0.577604,4000
2552,tikki,10000,250,10,1.066450,0.588047,16000
2553,void,10000,500,9,1.051557,0.570602,4000
2554,extrae,10000,500,11,1.008014,0.537265,4000
2555,extrae,10000,1000,18,0.930274,0.458524,1000
2556,printf,10000,250,8,1.126050,0.645584,16000
2557,extrae,10000,250,20,0.910810,0.441043,16000
2558,empty,10000,500,3,1.997819,1.521182,4000
2559,oot,10000,1000,13,0.927406,0.449541,1000
256,tikki,10000,500,18,0.885557,0.407662,4000
2560,tikki,10000,250,8,1.159874,0.679319,16000
2561,extrae,10000,500,20,0.918192,0.448412,4000
2562,printf,10000,250,9,1.061376,0.580937,16000
2563,extrae,10000,500,5,1.421770,0.949251,4000
2564,extrae,10000,500,3,1.972224,1.496584,4000
2565,void,10000,2000,1,5.654957,5.177133,250
2566,printf,10000,500,12,0.933924,0.454151,4000
2567,oot,10000,2000,16,1.043300,0.563556,250
2568,tikki,10000,250,2,3.010070,2.530755,16000
2569,oot,10000,500,1,5.652410,5.173153,4000
257,extrae,10000,1000,10,1.072371,0.602128,1000
2570,tikki,10000,1000,5,1.458014,0.978224,1000
2571,extrae,10000,2000,2,2.737310,2.260509,250
2572,tikki,10000,1000,8,1.170601,0.692092,1000
2573,extrae,10000,1000,13,0.976402,0.506030,1000
2574,scorep,10000,250,7,1.201990,0.722957,16000
2575,void,10000,500,10,1.010611,0.530883,4000
2576,empty,10000,500,1,5.608568,5.129067,4000
2577,extrae,10000,1000,2,2.717738,2.242774,1000
2578,printf,10000,1000,19,0.862707,0.382300,1000
2579,printf,10000,500,10,1.005660,0.530121,4000
258,oot,10000,2000,12,1.070468,0.592850,250
2580,extrae,10000,1000,8,1.155495,0.684919,1000
2581,extrae,10000,500,2,2.712636,2.235770,4000
2582,tikki,10000,1000,16,0.905007,0.427210,1000
2583,scorep,10000,500,15,0.855334,0.385202,4000
2584,empty,10000,250,11,0.974744,0.496662,16000
2585,oot,10000,2000,6,1.339279,0.860019,250
2586,scorep,10000,1000,3,1.955741,1.485137,1000
2587,extrae,10000,500,10,1.047469,0.573468,4000
2588,printf,10000,2000,17,1.030954,0.554883,250
2589,scorep,10000,2000,5,1.464451,0.985847,250
259,scorep,10000,250,20,0.826049,0.352586,16000
2590,tikki,10000,2000,19,1.081700,0.602118,250
2591,oot,10000,250,6,1.309032,0.829867,16000
2592,empty,10000,1000,13,0.928435,0.448198,1000
2593,extrae,10000,2000,18,1.098207,0.625913,250
2594,oot,10000,500,7,1.187839,0.707656,4000
2595,extrae,10000,250,17,0.908753,0.440621,16000
2596,printf,10000,500,4,1.584231,1.104802,4000
2597,oot,10000,1000,18,0.860334,0.381757,1000
2598,extrae,10000,1000,14,0.955311,0.482915,1000
2599,oot,10000,1000,5,1.417181,0.938131,1000
26,printf,10000,1000,15,0.878527,0.401681,1000
260,scorep,10000,500,16,0.847736,0.372055,4000
2600,empty,10000,500,15,0.868445,0.389559,4000
2601,void,10000,2000,17,1.043383,0.564507,250
2602,void,10000,1000,10,1.025809,0.546428,1000
2603,void,10000,1000,20,0.860995,0.383818,1000
2604,oot,10000,2000,2,2.862531,2.382576,250
2605,tikki,10000,500,19,0.886815,0.408954,4000
2606,printf,10000,250,14,0.877893,0.398332,16000
2607,tikki,10000,500,6,1.321034,0.842255,4000
2608,oot,10000,500,5,1.401224,0.921488,4000
2609,empty,10000,1000,8,1.129700,0.650053,1000
261,empty,10000,250,8,1.115965,0.638284,16000
2610,oot,10000,500,20,0.843994,0.364451,4000
2611,void,10000,250,5,1.418538,0.939823,16000
2612,tikki,10000,2000,12,1.104356,0.626271,250
2613,scorep,10000,1000,11,0.981467,0.510693,1000
2614,oot,10000,250,9,1.063881,0.583969,16000
2615,empty,10000,250,9,1.061714,0.582222,16000
2616,printf,10000,500,5,1.398437,0.919461,4000
2617,tikki,10000,250,11,1.016218,0.536744,16000
2618,oot,10000,250,1,5.633852,5.155533,16000
2619,tikki,10000,2000,13,1.071744,0.593627,250
262,scorep,10000,1000,9,1.074203,0.599000,1000
2620,oot,10000,1000,4,1.584410,1.104994,1000
2621,void,10000,2000,11,1.102959,0.622532,250
2622,oot,10000,250,3,2.019595,1.540828,16000
2623,tikki,10000,500,17,0.891284,0.412274,4000
2624,printf,10000,2000,1,5.646677,5.167788,250
2625,void,10000,2000,2,2.704957,2.225566,250
2626,extrae,10000,500,17,0.910311,0.439595,4000
2627,empty,10000,500,2,2.774728,2.296495,4000
2628,oot,10000,250,11,0.975680,0.495543,16000
2629,printf,10000,2000,6,1.355221,0.877705,250
263,scorep,10000,1000,5,1.423985,0.949374,1000
2630,printf,10000,1000,6,1.284789,0.807496,1000
2631,void,10000,2000,5,1.467958,0.991400,250
2632,void,10000,500,11,0.969345,0.489228,4000
2633,extrae,10000,2000,9,1.173897,0.705846,250
2634,scorep,10000,250,1,4.781726,4.305292,16000
2635,oot,10000,250,10,1.018732,0.541538,16000
2636,printf,10000,250,6,1.292058,0.813071,16000
2637,extrae,10000,2000,7,1.295147,0.824104,250
2638,scorep,10000,2000,8,1.215629,0.738008,250
2639,oot,10000,2000,20,1.029644,0.549727,250
264,void,10000,250,4,1.612763,1.136444,16000
2640,scorep,10000,1000,13,0.917797,0.448674,1000
2641,empty,10000,2000,18,1.033994,0.556332,250
2642,void,10000,1000,5,1.415343,0.940044,1000
2643,printf,10000,250,10,1.023510,0.542539,16000
2644,oot,10000,2000,9,1.171752,0.692104,250
2645,void,10000,2000,15,1.035324,0.555083,250
2646,empty,10000,1000,20,0.860732,0.381089,1000
2647,printf,10000,2000,2,2.729522,2.250197,250
2648,tikki,10000,1000,18,0.904097,0.422686,1000
2649,void,10000,1000,17,0.865422,0.386325,1000
265,void,10000,2000,17,1.030490,0.552141,250
2650,void,10000,500,12,0.929742,0.449312,4000
2651,void,10000,250,14,0.873219,0.393704,16000
2652,empty,10000,250,2,2.864628,2.385920,16000
2653,scorep,10000,2000,16,1.033026,0.553487,250
2654,tikki,10000,1000,11,1.044462,0.566833,1000
2655,extrae,10000,2000,4,1.640203,1.167596,250
2656,scorep,10000,2000,20,1.027955,0.557556,250
2657,void,10000,1000,1,5.614217,5.135939,1000
2658,oot,10000,2000,12,1.068808,0.589770,250
2659,scorep,10000,500,18,0.837862,0.366387,4000
266,extrae,10000,250,1,5.683088,5.206282,16000
2660,oot,10000,1000,14,0.903962,0.424183,1000
2661,scorep,10000,250,17,0.830716,0.356490,16000
2662,scorep,10000,1000,1,4.757910,4.285910,1000
2663,void,10000,2000,18,1.029806,0.552785,250
2664,oot,10000,250,14,0.881436,0.401498,16000
2665,scorep,10000,1000,14,0.891924,0.423686,1000
2666,tikki,10000,2000,2,3.081086,2.605792,250
2667,empty,10000,2000,10,1.094545,0.625036,250
2668,empty,10000,1000,9,1.068929,0.595942,1000
2669,tikki,10000,1000,6,1.335866,0.859176,1000
267,extrae,10000,250,20,0.910035,0.438907,16000
2670,scorep,10000,2000,7,1.268204,0.795900,250
2671,printf,10000,500,15,0.860913,0.385390,4000
2672,oot,10000,2000,13,1.029982,0.549358,250
2673,empty,10000,2000,3,2.033747,1.555285,250
2674,printf,10000,1000,16,0.861662,0.385393,1000
2675,void,10000,500,7,1.183768,0.705805,4000
2676,empty,10000,2000,20,1.032553,0.553220,250
2677,scorep,10000,500,5,1.397382,0.928186,4000
2678,scorep,10000,250,12,0.936030,0.455588,16000
2679,printf,10000,500,17,0.841915,0.362834,4000
268,void,10000,250,7,1.195996,0.718503,16000
2680,void,10000,500,1,5.596953,5.118044,4000
2681,printf,10000,1000,2,2.798147,2.319707,1000
2682,extrae,10000,250,11,1.037720,0.567534,16000
2683,oot,10000,250,19,0.835331,0.356304,16000
2684,scorep,10000,500,20,0.835809,0.363379,4000
2685,extrae,10000,250,19,0.903339,0.432364,16000
2686,extrae,10000,250,4,1.705866,1.234093,16000
2687,extrae,10000,2000,3,2.031696,1.559393,250
2688,scorep,10000,500,6,1.263679,0.793595,4000
2689,scorep,10000,1000,2,2.749866,2.281374,1000
269,empty,10000,1000,20,0.861402,0.383008,1000
2690,oot,10000,500,4,1.562933,1.096245,4000
2691,void,10000,1000,4,1.594813,1.118228,1000
2692,empty,10000,1000,17,0.865685,0.388265,1000
2693,scorep,10000,1000,20,0.853725,0.385010,1000
2694,oot,10000,1000,11,0.984775,0.504639,1000
2695,void,10000,250,10,1.017314,0.536876,16000
2696,void,10000,250,3,2.035468,1.556565,16000
2697,tikki,10000,1000,4,1.628720,1.149469,1000
2698,oot,10000,500,18,0.849513,0.369858,4000
2699,extrae,10000,1000,12,1.000836,0.531015,1000
27,oot,10000,500,17,0.848156,0.371016,4000
270,tikki,10000,500,6,1.317690,0.838254,4000
2700,printf,10000,2000,20,1.033490,0.554060,250
2701,extrae,10000,1000,11,1.026596,0.556133,1000
2702,oot,10000,500,17,0.844401,0.364950,4000
2703,extrae,10000,2000,1,5.650081,5.173328,250
2704,scorep,10000,500,16,0.847221,0.374850,4000
2705,extrae,10000,500,14,0.936892,0.463130,4000
2706,oot,10000,500,16,0.852957,0.371628,4000
2707,tikki,10000,2000,3,2.202369,1.722946,250
2708,scorep,10000,250,14,0.870116,0.398872,16000
2709,scorep,10000,250,4,1.619629,1.141452,16000
271,void,10000,1000,18,0.862519,0.383294,1000
2710,printf,10000,1000,7,1.209035,0.729489,1000
2711,extrae,10000,250,3,2.098938,1.624691,16000
2712,empty,10000,500,18,0.847540,0.365922,4000
2713,void,10000,2000,16,1.036800,0.555284,250
2714,oot,10000,250,15,0.860156,0.379098,16000
2715,empty,10000,2000,1,5.645886,5.166373,250
2716,extrae,10000,500,9,1.080234,0.609600,4000
2717,void,10000,2000,19,1.039341,0.556135,250
2718,oot,10000,1000,7,1.216096,0.735844,1000
2719,oot,10000,2000,10,1.108381,0.628434,250
272,oot,10000,500,2,2.796839,2.318524,4000
2720,void,10000,2000,10,1.121890,0.641724,250
2721,printf,10000,250,3,2.051001,1.571401,16000
2722,scorep,10000,1000,6,1.290540,0.820534,1000
2723,empty,10000,1000,6,1.289829,0.809743,1000
2724,tikki,10000,2000,7,1.305004,0.828399,250
2725,scorep,10000,1000,12,0.946786,0.475026,1000
2726,scorep,10000,250,20,0.830062,0.350218,16000
2727,scorep,10000,500,12,0.926356,0.455988,4000
2728,empty,10000,250,17,0.834117,0.355095,16000
2729,printf,10000,2000,10,1.123302,0.644364,250
273,printf,10000,500,14,0.883486,0.404748,4000
2730,oot,10000,500,15,0.865419,0.385889,4000
2731,extrae,10000,1000,1,5.600621,5.123539,1000
2732,printf,10000,250,19,0.825312,0.346665,16000
2733,void,10000,1000,16,0.868408,0.388060,1000
2734,tikki,10000,1000,12,0.996957,0.518248,1000
2735,scorep,10000,2000,17,1.023105,0.554156,250
2736,void,10000,250,16,0.844989,0.365404,16000
2737,empty,10000,250,7,1.198529,0.718396,16000
2738,extrae,10000,2000,14,1.087140,0.614390,250
2739,empty,10000,250,12,0.929074,0.450056,16000
274,oot,10000,1000,4,1.586185,1.108285,1000
2740,tikki,10000,500,13,0.946771,0.468054,4000
2741,extrae,10000,2000,6,1.367750,0.891271,250
2742,printf,10000,500,6,1.273608,0.795219,4000
2743,empty,10000,250,16,0.845442,0.366835,16000
2744,empty,10000,1000,1,5.593122,5.114658,1000
2745,void,10000,1000,7,1.204595,0.726100,1000
2746,empty,10000,2000,8,1.196896,0.716851,250
2747,printf,10000,500,7,1.185516,0.708621,4000
2748,extrae,10000,500,12,0.980047,0.510180,4000
2749,printf,10000,250,7,1.201634,0.722366,16000
275,tikki,10000,1000,6,1.325867,0.848301,1000
2750,printf,10000,250,12,0.933593,0.454406,16000
2751,printf,10000,1000,8,1.135822,0.655473,1000
2752,empty,10000,2000,13,1.034046,0.554955,250
2753,scorep,10000,1000,18,0.860820,0.382796,1000
2754,extrae,10000,250,1,5.654509,5.179105,16000
2755,tikki,10000,500,8,1.139241,0.663610,4000
2756,scorep,10000,500,14,0.878278,0.407794,4000
2757,oot,10000,250,5,1.433743,0.954239,16000
2758,void,10000,250,19,0.826835,0.348199,16000
2759,tikki,10000,500,10,1.044573,0.563613,4000
276,void,10000,2000,15,1.028995,0.551125,250
2760,tikki,10000,250,3,2.160057,1.683040,16000
2761,void,10000,250,7,1.188495,0.707582,16000
2762,printf,10000,250,18,0.834815,0.353084,16000
2763,printf,10000,1000,9,1.072732,0.592711,1000
2764,void,10000,1000,3,2.015184,1.534877,1000
2765,empty,10000,1000,12,0.952777,0.475129,1000
2766,oot,10000,2000,3,2.025811,1.547148,250
2767,printf,10000,250,4,1.631292,1.149311,16000
2768,scorep,10000,1000,9,1.074504,0.601590,1000
2769,void,10000,2000,8,1.220553,0.739526,250
277,printf,10000,500,13,0.906363,0.427594,4000
2770,empty,10000,2000,11,1.085567,0.605643,250
2771,extrae,10000,1000,5,1.429547,0.957831,1000
2772,extrae,10000,2000,11,1.129084,0.657653,250
2773,extrae,10000,2000,15,1.089838,0.619335,250
2774,empty,10000,250,3,2.006575,1.527162,16000
2775,tikki,10000,250,7,1.234698,0.756074,16000
2776,void,10000,500,5,1.401276,0.922923,4000
2777,oot,10000,1000,10,1.028045,0.548850,1000
2778,tikki,10000,500,18,0.887635,0.407674,4000
2779,empty,10000,1000,7,1.203825,0.726265,1000
278,tikki,10000,500,19,0.878999,0.399793,4000
2780,tikki,10000,250,15,0.892217,0.412417,16000
2781,void,10000,250,11,0.969464,0.490982,16000
2782,void,10000,2000,13,1.032382,0.554136,250
2783,scorep,10000,2000,19,1.036467,0.558018,250
2784,void,10000,1000,11,0.988528,0.508294,1000
2785,void,10000,2000,3,2.066538,1.587840,250
2786,empty,10000,250,15,0.855894,0.375325,16000
2787,void,10000,250,6,1.292347,0.811811,16000
2788,printf,10000,500,9,1.059245,0.577540,4000
2789,tikki,10000,2000,9,1.196831,0.716490,250
279,scorep,10000,1000,14,0.905179,0.427274,1000
2790,void,10000,500,8,1.108974,0.627197,4000
2791,printf,10000,250,16,0.844577,0.366103,16000
2792,printf,10000,1000,17,0.864269,0.387218,1000
2793,void,10000,1000,2,2.764313,2.283989,1000
2794,empty,10000,500,5,1.399976,0.922213,4000
2795,empty,10000,1000,10,1.031479,0.552917,1000
2796,printf,10000,2000,12,1.068340,0.589883,250
2797,scorep,10000,1000,19,0.860618,0.384160,1000
2798,scorep,10000,2000,18,1.034655,0.556423,250
2799,tikki,10000,1000,9,1.119963,0.639775,1000
28,extrae,10000,2000,6,1.367666,0.893841,250
280,void,10000,500,9,1.054836,0.576158,4000
2800,oot,10000,2000,19,1.037964,0.557746,250
2801,extrae,10000,250,2,2.989308,2.509801,16000
2802,empty,10000,250,5,1.425064,0.943383,16000
2803,extrae,10000,1000,11,1.030559,0.560077,1000
2804,void,10000,250,13,0.905378,0.424688,16000
2805,tikki,10000,500,9,1.098431,0.616123,4000
2806,scorep,10000,250,14,0.871955,0.402255,16000
2807,empty,10000,2000,6,1.354048,0.877487,250
2808,empty,10000,2000,13,1.034972,0.554407,250
2809,oot,10000,250,6,1.294773,0.818158,16000
281,printf,10000,2000,12,1.067905,0.587966,250
2810,void,10000,500,18,0.842919,0.363809,4000
2811,void,10000,2000,18,1.035640,0.556773,250
2812,oot,10000,2000,12,1.067529,0.586854,250
2813,scorep,10000,250,16,0.839954,0.362427,16000
2814,extrae,10000,1000,10,1.063548,0.590486,1000
2815,oot,10000,250,15,0.859860,0.380733,16000
2816,extrae,10000,500,8,1.129862,0.660415,4000
2817,void,10000,250,6,1.291182,0.812439,16000
2818,oot,10000,500,18,0.840763,0.365242,4000
2819,scorep,10000,250,18,0.826599,0.357442,16000
282,void,10000,2000,6,1.347638,0.870641,250
2820,scorep,10000,1000,12,0.947576,0.475078,1000
2821,scorep,10000,500,18,0.835067,0.363837,4000
2822,extrae,10000,500,18,0.909612,0.438696,4000
2823,tikki,10000,2000,10,1.155910,0.677849,250
2824,extrae,10000,1000,20,0.940284,0.470208,1000
2825,void,10000,500,6,1.291785,0.812711,4000
2826,printf,10000,2000,6,1.353069,0.872759,250
2827,scorep,10000,500,10,0.999984,0.530897,4000
2828,tikki,10000,500,6,1.320866,0.841943,4000
2829,scorep,10000,1000,14,0.900436,0.421591,1000
283,scorep,10000,2000,8,1.193926,0.717449,250
2830,oot,10000,2000,11,1.087280,0.606881,250
2831,extrae,10000,2000,4,1.682996,1.209342,250
2832,printf,10000,1000,16,0.866450,0.387661,1000
2833,tikki,10000,2000,20,1.069798,0.589801,250
2834,tikki,10000,1000,9,1.113442,0.632652,1000
2835,void,10000,250,12,0.930631,0.451513,16000
2836,void,10000,250,20,0.816934,0.347146,16000
2837,printf,10000,250,14,0.881712,0.403319,16000
2838,oot,10000,250,13,0.895586,0.417102,16000
2839,oot,10000,1000,4,1.591372,1.110785,1000
284,empty,10000,250,2,2.859807,2.381120,16000
2840,empty,10000,1000,11,0.991060,0.511669,1000
2841,scorep,10000,1000,19,0.857923,0.385376,1000
2842,void,10000,2000,5,1.456961,0.977365,250
2843,void,10000,500,15,0.863800,0.384308,4000
2844,void,10000,250,18,0.830999,0.351132,16000
2845,empty,10000,2000,10,1.123916,0.646156,250
2846,empty,10000,250,13,0.902056,0.421534,16000
2847,scorep,10000,1000,20,0.852929,0.384851,1000
2848,scorep,10000,500,9,1.051837,0.580676,4000
2849,tikki,10000,250,6,1.326271,0.846834,16000
285,empty,10000,250,19,0.829682,0.350392,16000
2850,printf,10000,500,1,5.619256,5.139775,4000
2851,tikki,10000,500,4,1.618385,1.139308,4000
2852,scorep,10000,2000,11,1.076809,0.608418,250
2853,empty,10000,2000,5,1.463474,0.984987,250
2854,extrae,10000,1000,8,1.156064,0.686624,1000
2855,printf,10000,500,19,0.839851,0.362776,4000
2856,extrae,10000,1000,14,0.953223,0.479434,1000
2857,void,10000,2000,12,1.067049,0.586652,250
2858,tikki,10000,2000,18,1.073533,0.595178,250
2859,oot,10000,250,18,0.829863,0.349474,16000
286,void,10000,500,14,0.881179,0.403608,4000
2860,oot,10000,500,15,0.862221,0.384356,4000
2861,printf,10000,500,18,0.844335,0.364226,4000
2862,oot,10000,250,17,0.833895,0.355606,16000
2863,oot,10000,250,4,1.610554,1.132105,16000
2864,void,10000,500,4,1.575927,1.099108,4000
2865,tikki,10000,1000,18,0.905555,0.431268,1000
2866,empty,10000,500,17,0.844927,0.364274,4000
2867,printf,10000,2000,9,1.156918,0.678882,250
2868,printf,10000,250,3,2.045629,1.568407,16000
2869,void,10000,1000,17,0.864573,0.385247,1000
287,oot,10000,250,3,2.025881,1.547927,16000
2870,extrae,10000,1000,13,0.972681,0.503707,1000
2871,oot,10000,2000,6,1.338279,0.862178,250
2872,void,10000,500,3,1.976963,1.499167,4000
2873,oot,10000,1000,11,0.986838,0.507703,1000
2874,scorep,10000,250,5,1.417893,0.945920,16000
2875,scorep,10000,2000,17,1.027981,0.558405,250
2876,printf,10000,250,2,2.895119,2.416374,16000
2877,empty,10000,1000,1,5.611283,5.131634,1000
2878,oot,10000,250,11,0.969961,0.489660,16000
2879,void,10000,500,11,0.964766,0.487122,4000
288,oot,10000,500,8,1.113484,0.633523,4000
2880,extrae,10000,1000,4,1.612763,1.141506,1000
2881,void,10000,2000,11,1.103302,0.623914,250
2882,void,10000,1000,1,5.600175,5.121416,1000
2883,oot,10000,2000,8,1.192840,0.715897,250
2884,extrae,10000,250,18,0.908759,0.436507,16000
2885,extrae,10000,250,12,0.982402,0.514385,16000
2886,scorep,10000,250,1,4.784290,4.315415,16000
2887,empty,10000,2000,1,5.658422,5.179360,250
2888,empty,10000,1000,3,1.998090,1.519866,1000
2889,printf,10000,2000,13,1.034043,0.553316,250
289,extrae,10000,500,10,1.047361,0.573941,4000
2890,extrae,10000,250,19,0.909692,0.439469,16000
2891,empty,10000,250,3,2.032770,1.552537,16000
2892,tikki,10000,1000,14,0.932369,0.455808,1000
2893,printf,10000,1000,2,2.761289,2.285263,1000
2894,extrae,10000,250,9,1.126160,0.653832,16000
2895,printf,10000,500,15,0.865205,0.384980,4000
2896,scorep,10000,1000,17,0.856169,0.387309,1000
2897,empty,10000,250,17,0.830087,0.350069,16000
2898,tikki,10000,250,10,1.052457,0.573416,16000
2899,void,10000,500,10,1.013331,0.533221,4000
29,empty,10000,2000,11,1.083440,0.606727,250
290,printf,10000,1000,4,1.594258,1.115395,1000
2900,empty,10000,500,18,0.843037,0.364321,4000
2901,tikki,10000,2000,4,1.724314,1.244510,250
2902,scorep,10000,1000,15,0.877148,0.408032,1000
2903,empty,10000,1000,5,1.429536,0.948694,1000
2904,extrae,10000,2000,20,1.109829,0.639485,250
2905,scorep,10000,2000,20,1.038544,0.559646,250
2906,void,10000,500,7,1.184720,0.704664,4000
2907,void,10000,250,15,0.860705,0.382048,16000
2908,tikki,10000,1000,1,6.079357,5.598684,1000
2909,empty,10000,500,12,0.930774,0.458245,4000
291,empty,10000,1000,19,0.861255,0.381706,1000
2910,extrae,10000,500,15,0.922968,0.452833,4000
2911,void,10000,1000,2,2.790841,2.311665,1000
2912,void,10000,250,3,2.035902,1.556253,16000
2913,extrae,10000,1000,1,5.602119,5.125468,1000
2914,tikki,10000,2000,19,1.072641,0.593182,250
2915,oot,10000,2000,14,1.031841,0.555413,250
2916,printf,10000,2000,10,1.117188,0.643324,250
2917,printf,10000,500,12,0.935772,0.454950,4000
2918,oot,10000,2000,1,5.661552,5.180137,250
2919,oot,10000,500,1,5.599244,5.119250,4000
292,extrae,10000,500,5,1.419602,0.948336,4000
2920,printf,10000,1000,8,1.130433,0.650650,1000
2921,tikki,10000,250,19,0.873207,0.393679,16000
2922,tikki,10000,250,15,0.890383,0.412918,16000
2923,oot,10000,2000,17,1.029677,0.550978,250
2924,scorep,10000,500,20,0.843801,0.365105,4000
2925,void,10000,250,19,0.828724,0.348868,16000
2926,printf,10000,250,18,0.832635,0.352970,16000
2927,tikki,10000,1000,8,1.172436,0.694171,1000
2928,empty,10000,2000,18,1.033314,0.555840,250
2929,printf,10000,250,1,5.660409,5.182157,16000
293,empty,10000,500,10,1.005964,0.528369,4000
2930,empty,10000,250,9,1.054304,0.576384,16000
2931,oot,10000,500,17,0.843183,0.366055,4000
2932,empty,10000,1000,8,1.124447,0.647491,1000
2933,oot,10000,2000,2,2.709187,2.230385,250
2934,printf,10000,500,7,1.179767,0.704214,4000
2935,scorep,10000,1000,3,1.992222,1.521697,1000
2936,oot,10000,1000,19,0.861885,0.383887,1000
2937,void,10000,2000,10,1.124655,0.645767,250
2938,void,10000,250,1,5.627930,5.149798,16000
2939,scorep,10000,2000,13,1.025466,0.554882,250
294,scorep,10000,250,8,1.123253,0.643769,16000
2940,printf,10000,250,11,0.974064,0.496061,16000
2941,scorep,10000,2000,5,1.460079,0.989812,250
2942,void,10000,500,14,0.882104,0.401812,4000
2943,printf,10000,1000,11,0.989671,0.511777,1000
2944,void,10000,250,2,2.868236,2.391921,16000
2945,printf,10000,1000,7,1.202119,0.723266,1000
2946,void,10000,2000,9,1.141064,0.662937,250
2947,empty,10000,1000,7,1.198576,0.723420,1000
2948,scorep,10000,1000,13,0.922569,0.444667,1000
2949,tikki,10000,2000,13,1.071111,0.593896,250
295,oot,10000,500,9,1.050714,0.574392,4000
2950,empty,10000,500,8,1.107813,0.629760,4000
2951,scorep,10000,500,16,0.852264,0.376468,4000
2952,empty,10000,1000,10,1.031464,0.553409,1000
2953,oot,10000,1000,15,0.884807,0.403944,1000
2954,scorep,10000,2000,9,1.148456,0.678688,250
2955,extrae,10000,500,4,1.589609,1.119024,4000
2956,oot,10000,500,7,1.176251,0.697607,4000
2957,scorep,10000,2000,7,1.254084,0.784957,250
2958,tikki,10000,500,5,1.461938,0.983442,4000
2959,oot,10000,500,5,1.395934,0.918597,4000
296,extrae,10000,250,12,1.003081,0.533823,16000
2960,printf,10000,250,19,0.830835,0.352086,16000
2961,extrae,10000,250,17,0.908180,0.437608,16000
2962,oot,10000,1000,5,1.413991,0.934019,1000
2963,oot,10000,2000,5,1.471053,0.993560,250
2964,void,10000,2000,17,1.042099,0.561552,250
2965,printf,10000,250,15,0.855843,0.380219,16000
2966,empty,10000,2000,11,1.088342,0.609508,250
2967,void,10000,1000,15,0.884077,0.403799,1000
2968,tikki,10000,2000,12,1.100727,0.622188,250
2969,void,10000,1000,3,2.009122,1.530265,1000
297,empty,10000,500,8,1.107888,0.631101,4000
2970,void,10000,500,19,0.842013,0.362444,4000
2971,void,10000,1000,6,1.304864,0.823395,1000
2972,tikki,10000,1000,7,1.246512,0.766494,1000
2973,void,10000,2000,7,1.262613,0.782803,250
2974,tikki,10000,1000,13,0.958479,0.479584,1000
2975,printf,10000,2000,11,1.105904,0.624560,250
2976,tikki,10000,1000,5,1.462139,0.983898,1000
2977,tikki,10000,500,20,0.892872,0.413943,4000
2978,empty,10000,250,4,1.606274,1.125750,16000
2979,oot,10000,250,20,0.832689,0.351391,16000
298,printf,10000,1000,2,2.770325,2.290178,1000
2980,scorep,10000,2000,19,1.026384,0.556266,250
2981,oot,10000,1000,2,2.766286,2.286034,1000
2982,extrae,10000,500,6,1.296285,0.819475,4000
2983,oot,10000,250,5,1.420333,0.941313,16000
2984,void,10000,1000,11,0.992574,0.513296,1000
2985,printf,10000,250,13,0.906975,0.427112,16000
2986,oot,10000,1000,14,0.903473,0.425562,1000
2987,oot,10000,500,6,1.277166,0.798611,4000
2988,void,10000,1000,9,1.064191,0.594551,1000
2989,scorep,10000,250,10,1.014730,0.537796,16000
299,oot,10000,1000,19,0.864708,0.386190,1000
2990,oot,10000,250,8,1.120458,0.640520,16000
2991,empty,10000,1000,14,0.897308,0.418658,1000
2992,oot,10000,250,2,2.876316,2.396703,16000
2993,printf,10000,2000,15,1.033573,0.554920,250
2994,printf,10000,500,17,0.842750,0.364790,4000
2995,scorep,10000,250,17,0.820810,0.352742,16000
2996,tikki,10000,500,7,1.228810,0.750718,4000
2997,empty,10000,1000,17,0.865944,0.387122,1000
2998,extrae,10000,1000,15,0.934439,0.464749,1000
2999,scorep,10000,2000,2,2.774702,2.304246,250
3,empty,10000,250,12,0.925280,0.449184,16000
30,scorep,10000,2000,19,1.035539,0.560002,250
300,printf,10000,2000,20,1.030364,0.556214,250
3000,scorep,10000,250,15,0.847720,0.376576,16000
3001,scorep,10000,500,8,1.107473,0.636877,4000
3002,oot,10000,1000,1,5.600030,5.120988,1000
3003,void,10000,500,20,0.843135,0.363125,4000
3004,void,10000,500,13,0.898606,0.425712,4000
3005,printf,10000,1000,12,0.949855,0.470292,1000
3006,tikki,10000,500,8,1.144818,0.666473,4000
3007,empty,10000,250,10,1.016995,0.536688,16000
3008,printf,10000,2000,5,1.469416,0.993022,250
3009,scorep,10000,500,3,2.007526,1.529774,4000
301,tikki,10000,250,13,0.946487,0.466911,16000
3010,extrae,10000,250,3,2.087817,1.613386,16000
3011,printf,10000,500,4,1.587121,1.107571,4000
3012,void,10000,250,14,0.874549,0.394356,16000
3013,void,10000,2000,19,1.030104,0.552419,250
3014,tikki,10000,500,3,2.148276,1.668971,4000
3015,extrae,10000,500,14,0.934379,0.461851,4000
3016,printf,10000,1000,6,1.288207,0.815913,1000
3017,extrae,10000,1000,7,1.233367,0.760766,1000
3018,tikki,10000,2000,17,1.070688,0.597359,250
3019,empty,10000,1000,9,1.075629,0.596602,1000
302,empty,10000,1000,6,1.294470,0.815713,1000
3020,printf,10000,1000,20,0.861659,0.382497,1000
3021,scorep,10000,1000,7,1.204869,0.724766,1000
3022,void,10000,500,8,1.108471,0.630505,4000
3023,empty,10000,1000,13,0.927710,0.446982,1000
3024,oot,10000,2000,9,1.169730,0.689792,250
3025,oot,10000,2000,20,1.036250,0.559082,250
3026,tikki,10000,250,7,1.239228,0.762096,16000
3027,printf,10000,250,4,1.613609,1.135626,16000
3028,scorep,10000,2000,6,1.352772,0.881857,250
3029,void,10000,2000,14,1.033453,0.554882,250
303,tikki,10000,500,17,0.882213,0.404730,4000
3030,extrae,10000,250,10,1.080082,0.606377,16000
3031,empty,10000,1000,4,1.586576,1.108064,1000
3032,extrae,10000,500,12,0.976898,0.508398,4000
3033,void,10000,1000,12,0.955694,0.476613,1000
3034,void,10000,500,9,1.052947,0.576528,4000
3035,printf,10000,1000,9,1.092530,0.612696,1000
3036,tikki,10000,250,16,0.878283,0.401595,16000
3037,oot,10000,500,3,1.980871,1.502613,4000
3038,tikki,10000,2000,8,1.267668,0.791598,250
3039,extrae,10000,500,7,1.204363,0.732650,4000
304,void,10000,2000,7,1.281600,0.805546,250
3040,oot,10000,500,10,1.007980,0.529450,4000
3041,extrae,10000,500,20,0.921059,0.449664,4000
3042,scorep,10000,1000,10,1.032565,0.556424,1000
3043,printf,10000,500,20,0.840343,0.362679,4000
3044,scorep,10000,1000,18,0.856627,0.386029,1000
3045,extrae,10000,1000,9,1.106323,0.635895,1000
3046,scorep,10000,2000,16,1.031681,0.553264,250
3047,printf,10000,2000,4,1.673476,1.195295,250
3048,oot,10000,1000,9,1.063484,0.597438,1000
3049,oot,10000,250,9,1.059505,0.580009,16000
305,oot,10000,2000,3,2.065796,1.589946,250
3050,tikki,10000,2000,16,1.081018,0.602118,250
3051,scorep,10000,500,13,0.895279,0.424736,4000
3052,empty,10000,500,3,1.984512,1.504859,4000
3053,tikki,10000,1000,4,1.632038,1.151325,1000
3054,scorep,10000,250,11,0.962772,0.491915,16000
3055,tikki,10000,1000,17,0.902585,0.421473,1000
3056,oot,10000,2000,19,1.035325,0.553849,250
3057,scorep,10000,500,4,1.575070,1.105560,4000
3058,scorep,10000,500,14,0.874779,0.404302,4000
3059,printf,10000,2000,17,1.034938,0.555935,250
306,empty,10000,2000,10,1.106298,0.630172,250
3060,scorep,10000,250,19,0.828437,0.349839,16000
3061,tikki,10000,2000,5,1.508411,1.027948,250
3062,scorep,10000,500,17,0.836154,0.367540,4000
3063,scorep,10000,250,4,1.616556,1.146016,16000
3064,tikki,10000,250,5,1.459245,0.982204,16000
3065,tikki,10000,500,18,0.879698,0.400848,4000
3066,empty,10000,1000,19,0.859487,0.382990,1000
3067,tikki,10000,2000,11,1.127042,0.646993,250
3068,tikki,10000,500,10,1.052150,0.579131,4000
3069,printf,10000,500,14,0.882501,0.405721,4000
307,void,10000,2000,8,1.216336,0.736084,250
3070,printf,10000,250,5,1.426670,0.947539,16000
3071,tikki,10000,500,13,0.947265,0.465290,4000
3072,void,10000,1000,8,1.124243,0.644581,1000
3073,scorep,10000,2000,15,1.019374,0.550043,250
3074,tikki,10000,250,13,0.943094,0.467631,16000
3075,void,10000,250,8,1.119451,0.637962,16000
3076,void,10000,250,17,0.830256,0.352992,16000
3077,tikki,10000,500,1,6.088604,5.608757,4000
3078,scorep,10000,1000,16,0.856197,0.386811,1000
3079,printf,10000,250,7,1.201967,0.721172,16000
308,empty,10000,500,2,2.785403,2.308701,4000
3080,empty,10000,500,6,1.278617,0.798507,4000
3081,tikki,10000,2000,7,1.320458,0.842065,250
3082,void,10000,500,17,0.846832,0.367518,4000
3083,printf,10000,250,10,1.012948,0.532203,16000
3084,oot,10000,500,13,0.910893,0.432760,4000
3085,extrae,10000,250,6,1.353810,0.880978,16000
3086,printf,10000,2000,18,1.031061,0.552612,250
3087,oot,10000,250,3,2.016867,1.538936,16000
3088,empty,10000,500,11,0.970099,0.490990,4000
3089,extrae,10000,1000,12,0.995211,0.527288,1000
309,tikki,10000,1000,8,1.164285,0.684449,1000
3090,void,10000,2000,1,5.656153,5.177096,250
3091,extrae,10000,250,20,0.909175,0.437715,16000
3092,oot,10000,250,16,0.840415,0.362096,16000
3093,printf,10000,250,17,0.837337,0.359403,16000
3094,extrae,10000,2000,16,1.096074,0.628250,250
3095,oot,10000,1000,6,1.290492,0.809992,1000
3096,scorep,10000,250,7,1.186441,0.715036,16000
3097,empty,10000,1000,18,0.864597,0.384341,1000
3098,scorep,10000,500,19,0.843830,0.365604,4000
3099,tikki,10000,250,2,2.996727,2.521924,16000
31,empty,10000,250,3,2.051298,1.573835,16000
310,printf,10000,1000,16,0.865560,0.386721,1000
3100,void,10000,250,4,1.632853,1.152244,16000
3101,scorep,10000,2000,18,1.035203,0.565449,250
3102,empty,10000,1000,15,0.880364,0.401885,1000
3103,tikki,10000,250,11,1.007987,0.527541,16000
3104,printf,10000,500,13,0.903962,0.425115,4000
3105,extrae,10000,1000,18,0.934408,0.463359,1000
3106,printf,10000,250,9,1.060611,0.583525,16000
3107,extrae,10000,500,17,0.908907,0.439984,4000
3108,empty,10000,500,20,0.842877,0.364152,4000
3109,scorep,10000,2000,4,1.624499,1.148133,250
311,scorep,10000,1000,15,0.880554,0.404566,1000
3110,empty,10000,2000,2,2.707603,2.227375,250
3111,void,10000,250,7,1.193009,0.712371,16000
3112,tikki,10000,1000,12,0.993885,0.515450,1000
3113,tikki,10000,250,1,5.817226,5.338959,16000
3114,extrae,10000,500,3,2.043196,1.566976,4000
3115,oot,10000,1000,10,1.032852,0.553951,1000
3116,tikki,10000,1000,3,2.073788,1.594638,1000
3117,tikki,10000,1000,19,0.902320,0.424428,1000
3118,empty,10000,2000,12,1.067313,0.589648,250
3119,void,10000,2000,3,2.074206,1.596285,250
312,scorep,10000,2000,6,1.335093,0.859017,250
3120,extrae,10000,2000,7,1.280955,0.812033,250
3121,void,10000,250,9,1.057849,0.579540,16000
3122,printf,10000,1000,10,1.028887,0.551782,1000
3123,printf,10000,500,9,1.054409,0.574733,4000
3124,printf,10000,500,8,1.108321,0.627585,4000
3125,extrae,10000,2000,8,1.228257,0.756603,250
3126,empty,10000,2000,19,1.033821,0.553707,250
3127,oot,10000,1000,12,0.951461,0.476663,1000
3128,oot,10000,1000,18,0.860212,0.382514,1000
3129,empty,10000,1000,20,0.862026,0.382205,1000
313,extrae,10000,2000,15,1.086792,0.619030,250
3130,extrae,10000,2000,14,1.092244,0.619924,250
3131,void,10000,500,12,0.931119,0.451800,4000
3132,tikki,10000,500,16,0.889951,0.423437,4000
3133,void,10000,2000,8,1.201481,0.719949,250
3134,scorep,10000,500,7,1.169709,0.700551,4000
3135,void,10000,250,11,0.969596,0.490371,16000
3136,oot,10000,1000,20,0.860012,0.383685,1000
3137,oot,10000,1000,7,1.210265,0.728427,1000
3138,extrae,10000,250,11,1.037490,0.567269,16000
3139,tikki,10000,1000,15,0.918449,0.440647,1000
314,scorep,10000,1000,19,0.867369,0.389798,1000
3140,oot,10000,250,10,1.010275,0.532397,16000
3141,scorep,10000,1000,6,1.292992,0.821875,1000
3142,empty,10000,250,14,0.875808,0.396828,16000
3143,scorep,10000,1000,2,2.743936,2.273284,1000
3144,printf,10000,1000,4,1.596024,1.119749,1000
3145,scorep,10000,250,13,0.904691,0.433397,16000
3146,empty,10000,2000,3,2.050943,1.572702,250
3147,oot,10000,2000,16,1.032352,0.553147,250
3148,oot,10000,500,14,0.882394,0.405335,4000
3149,oot,10000,2000,10,1.102292,0.623637,250
315,extrae,10000,250,6,1.349133,0.870903,16000
3150,scorep,10000,2000,12,1.059404,0.589452,250
3151,printf,10000,500,11,0.965948,0.486640,4000
3152,scorep,10000,2000,8,1.206189,0.736073,250
3153,void,10000,2000,20,1.033122,0.554606,250
3154,tikki,10000,250,4,1.648768,1.170173,16000
3155,extrae,10000,1000,2,2.716290,2.237755,1000
3156,extrae,10000,500,9,1.091320,0.620391,4000
3157,tikki,10000,250,18,0.871749,0.393486,16000
3158,tikki,10000,500,15,0.904782,0.426363,4000
3159,scorep,10000,250,3,2.026493,1.556319,16000
316,extrae,10000,500,8,1.129191,0.658758,4000
3160,scorep,10000,1000,8,1.125970,0.649863,1000
3161,oot,10000,1000,3,1.998228,1.521144,1000
3162,extrae,10000,500,2,2.798294,2.329997,4000
3163,oot,10000,500,19,0.852003,0.374998,4000
3164,extrae,10000,1000,19,0.936609,0.467932,1000
3165,void,10000,2000,2,2.729671,2.250132,250
3166,oot,10000,500,12,0.929127,0.451356,4000
3167,oot,10000,250,19,0.831019,0.352172,16000
3168,printf,10000,2000,7,1.279747,0.800028,250
3169,tikki,10000,500,19,0.889518,0.410704,4000
317,empty,10000,500,7,1.184634,0.704739,4000
3170,scorep,10000,2000,1,4.806950,4.330392,250
3171,void,10000,1000,13,0.926912,0.448949,1000
3172,empty,10000,250,20,0.829095,0.351008,16000
3173,extrae,10000,2000,2,2.874830,2.398959,250
3174,tikki,10000,1000,11,1.023955,0.545925,1000
3175,scorep,10000,250,20,0.827984,0.354921,16000
3176,printf,10000,500,16,0.850086,0.372625,4000
3177,void,10000,1000,4,1.579758,1.101530,1000
3178,scorep,10000,500,11,0.972841,0.493662,4000
3179,empty,10000,2000,15,1.027845,0.555476,250
318,printf,10000,2000,2,2.732254,2.252405,250
3180,empty,10000,2000,9,1.152713,0.673368,250
3181,oot,10000,500,4,1.586949,1.106225,4000
3182,scorep,10000,500,6,1.264785,0.794491,4000
3183,empty,10000,1000,12,0.955592,0.475550,1000
3184,empty,10000,500,13,0.909121,0.429998,4000
3185,void,10000,2000,6,1.335622,0.856581,250
3186,printf,10000,500,2,2.785750,2.307868,4000
3187,tikki,10000,1000,20,0.910127,0.429763,1000
3188,extrae,10000,2000,11,1.124864,0.657405,250
3189,empty,10000,2000,20,1.035810,0.557845,250
319,empty,10000,250,17,0.831840,0.354019,16000
3190,empty,10000,250,19,0.827926,0.348527,16000
3191,printf,10000,2000,12,1.065379,0.587797,250
3192,scorep,10000,500,12,0.923730,0.455027,4000
3193,void,10000,250,16,0.832939,0.364875,16000
3194,tikki,10000,500,12,0.971098,0.490873,4000
3195,scorep,10000,500,15,0.863882,0.387034,4000
3196,tikki,10000,500,11,1.007031,0.528308,4000
3197,extrae,10000,1000,3,2.007365,1.534848,1000
3198,scorep,10000,500,1,4.774462,4.294153,4000
3199,extrae,10000,500,13,0.954647,0.484195,4000
32,void,10000,1000,4,1.588610,1.109154,1000
320,tikki,10000,500,12,0.969433,0.489607,4000
3200,oot,10000,250,12,0.939265,0.460268,16000
3201,printf,10000,250,8,1.123266,0.644384,16000
3202,scorep,10000,500,5,1.396755,0.920617,4000
3203,void,10000,2000,16,1.027508,0.550378,250
3204,extrae,10000,2000,6,1.373641,0.900744,250
3205,tikki,10000,1000,6,1.328731,0.850273,1000
3206,empty,10000,250,18,0.834515,0.355535,16000
3207,oot,10000,500,20,0.840358,0.361776,4000
3208,empty,10000,2000,8,1.211053,0.733906,250
3209,void,10000,1000,14,0.894811,0.419072,1000
321,printf,10000,500,10,1.011385,0.530970,4000
3210,printf,10000,500,10,1.007141,0.529623,4000
3211,empty,10000,250,11,0.968821,0.491129,16000
3212,scorep,10000,1000,11,0.985503,0.515559,1000
3213,empty,10000,250,8,1.120130,0.639417,16000
3214,empty,10000,250,12,0.934557,0.456576,16000
3215,printf,10000,250,16,0.847194,0.367830,16000
3216,void,10000,500,1,5.614441,5.135995,4000
3217,empty,10000,500,19,0.843365,0.362830,4000
3218,oot,10000,2000,7,1.277911,0.800276,250
3219,printf,10000,500,6,1.275699,0.799597,4000
322,scorep,10000,1000,18,0.862385,0.387288,1000
3220,extrae,10000,2000,12,1.107291,0.636551,250
3221,extrae,10000,500,5,1.401684,0.935619,4000
3222,empty,10000,2000,7,1.271788,0.792060,250
3223,void,10000,1000,5,1.417334,0.938147,1000
3224,oot,10000,500,11,0.961950,0.482040,4000
3225,empty,10000,500,1,5.595104,5.116672,4000
3226,extrae,10000,250,15,0.926724,0.457324,16000
3227,oot,10000,500,16,0.851418,0.372899,4000
3228,void,10000,1000,10,1.030303,0.553947,1000
3229,oot,10000,250,7,1.196688,0.719252,16000
323,printf,10000,250,9,1.068047,0.588153,16000
3230,printf,10000,250,20,0.827752,0.349311,16000
3231,extrae,10000,500,16,0.890635,0.423298,4000
3232,empty,10000,1000,16,0.870278,0.384804,1000
3233,extrae,10000,1000,17,0.924905,0.454496,1000
3234,extrae,10000,2000,1,5.648986,5.172616,250
3235,scorep,10000,500,2,2.805913,2.325669,4000
3236,void,10000,1000,20,0.859083,0.382779,1000
3237,printf,10000,1000,13,0.923619,0.442198,1000
3238,scorep,10000,250,2,2.844236,2.367692,16000
3239,scorep,10000,250,8,1.117737,0.639040,16000
324,scorep,10000,500,19,0.841830,0.364925,4000
3240,extrae,10000,2000,19,1.084998,0.617671,250
3241,empty,10000,2000,16,1.036863,0.556281,250
3242,void,10000,1000,19,0.864697,0.384482,1000
3243,extrae,10000,500,11,1.010746,0.540884,4000
3244,printf,10000,500,3,1.979523,1.498342,4000
3245,extrae,10000,1000,16,0.927412,0.458163,1000
3246,empty,10000,1000,6,1.289630,0.810599,1000
3247,extrae,10000,2000,17,1.097690,0.626664,250
3248,scorep,10000,250,6,1.284895,0.815714,16000
3249,extrae,10000,250,7,1.263812,0.791375,16000
325,oot,10000,1000,5,1.417000,0.939756,1000
3250,scorep,10000,2000,3,2.039812,1.568500,250
3251,printf,10000,1000,17,0.866971,0.387426,1000
3252,printf,10000,1000,15,0.885488,0.406954,1000
3253,scorep,10000,2000,10,1.122477,0.647016,250
3254,tikki,10000,2000,15,1.064296,0.585287,250
3255,scorep,10000,250,12,0.935221,0.464224,16000
3256,oot,10000,2000,13,1.031366,0.553791,250
3257,extrae,10000,2000,15,1.088186,0.617228,250
3258,oot,10000,2000,18,1.035996,0.555823,250
3259,printf,10000,1000,19,0.861242,0.382433,1000
326,void,10000,1000,3,2.021264,1.543923,1000
3260,oot,10000,250,14,0.881300,0.401990,16000
3261,printf,10000,1000,1,5.599737,5.120951,1000
3262,extrae,10000,1000,5,1.440277,0.968832,1000
3263,extrae,10000,250,1,5.649148,5.171007,16000
3264,oot,10000,500,9,1.053635,0.573422,4000
3265,tikki,10000,250,9,1.104659,0.623513,16000
3266,scorep,10000,1000,9,1.069961,0.597687,1000
3267,empty,10000,250,1,5.617701,5.138285,16000
3268,scorep,10000,250,9,1.060647,0.584835,16000
3269,tikki,10000,250,17,0.871050,0.394871,16000
327,oot,10000,2000,20,1.034847,0.553793,250
3270,printf,10000,1000,18,0.864673,0.387130,1000
3271,scorep,10000,2000,14,1.035767,0.555594,250
3272,empty,10000,500,10,1.015981,0.529447,4000
3273,void,10000,1000,7,1.201755,0.726429,1000
3274,extrae,10000,2000,5,1.497561,1.024862,250
3275,scorep,10000,1000,5,1.406849,0.935560,1000
3276,extrae,10000,500,19,0.913365,0.444397,4000
3277,empty,10000,250,7,1.203787,0.722655,16000
3278,extrae,10000,250,16,0.917557,0.449430,16000
3279,printf,10000,250,6,1.296061,0.819269,16000
328,oot,10000,2000,5,1.463277,0.984145,250
3280,void,10000,1000,16,0.867162,0.387358,1000
3281,tikki,10000,2000,2,2.919944,2.439019,250
3282,empty,10000,500,14,0.878596,0.399820,4000
3283,tikki,10000,500,14,0.932536,0.453887,4000
3284,printf,10000,250,12,0.926622,0.449242,16000
3285,printf,10000,2000,14,1.041664,0.555933,250
3286,empty,10000,500,2,2.819049,2.330435,4000
3287,oot,10000,500,2,2.793118,2.314210,4000
3288,tikki,10000,250,12,0.969491,0.489713,16000
3289,printf,10000,2000,1,5.637122,5.156015,250
329,extrae,10000,500,17,0.907893,0.439361,4000
3290,oot,10000,250,1,5.641000,5.161161,16000
3291,scorep,10000,1000,4,1.589940,1.108958,1000
3292,tikki,10000,1000,2,3.007574,2.526939,1000
3293,void,10000,250,5,1.421152,0.940777,16000
3294,empty,10000,2000,14,1.033353,0.553879,250
3295,empty,10000,500,9,1.063147,0.583522,4000
3296,tikki,10000,1000,10,1.077575,0.597324,1000
3297,empty,10000,500,7,1.183072,0.706857,4000
3298,extrae,10000,250,4,1.675628,1.204489,16000
3299,empty,10000,500,15,0.863079,0.384169,4000
33,void,10000,500,19,0.842478,0.362990,4000
330,oot,10000,250,17,0.838630,0.359265,16000
3300,tikki,10000,500,2,2.884163,2.403196,4000
3301,void,10000,2000,4,1.635382,1.158348,250
3302,oot,10000,500,8,1.110400,0.628516,4000
3303,oot,10000,1000,17,0.868746,0.386920,1000
3304,printf,10000,2000,2,2.705656,2.227423,250
3305,oot,10000,2000,4,1.635921,1.157550,250
3306,printf,10000,1000,3,2.043367,1.564254,1000
3307,void,10000,250,10,1.007582,0.530173,16000
3308,printf,10000,1000,5,1.425170,0.946150,1000
3309,tikki,10000,250,14,0.917517,0.439295,16000
331,printf,10000,250,10,1.016415,0.537083,16000
3310,oot,10000,2000,3,2.062433,1.584370,250
3311,void,10000,500,2,2.763190,2.285545,4000
3312,extrae,10000,250,14,0.955535,0.482855,16000
3313,empty,10000,2000,17,1.035873,0.556209,250
3314,empty,10000,250,2,2.866919,2.387606,16000
3315,tikki,10000,250,20,0.870284,0.392015,16000
3316,void,10000,2000,15,1.031679,0.555460,250
3317,void,10000,500,5,1.400631,0.919496,4000
3318,oot,10000,1000,16,0.872812,0.393247,1000
3319,extrae,10000,500,10,1.051181,0.575285,4000
332,tikki,10000,1000,7,1.239955,0.762105,1000
3320,tikki,10000,2000,9,1.203897,0.724425,250
3321,extrae,10000,500,1,5.605102,5.130747,4000
3322,extrae,10000,2000,18,1.088708,0.618956,250
3323,tikki,10000,2000,3,2.159848,1.680355,250
3324,extrae,10000,250,8,1.177830,0.707541,16000
3325,empty,10000,500,4,1.575436,1.096587,4000
3326,extrae,10000,2000,3,2.156722,1.688239,250
3327,printf,10000,2000,16,1.038628,0.557686,250
3328,void,10000,500,16,0.851014,0.370508,4000
3329,extrae,10000,250,5,1.495777,1.023686,16000
333,scorep,10000,2000,14,1.034664,0.560741,250
3330,empty,10000,1000,2,2.759034,2.279139,1000
3331,empty,10000,250,15,0.856316,0.376315,16000
3332,void,10000,1000,18,0.864521,0.384848,1000
3333,printf,10000,2000,3,2.061656,1.582776,250
3334,empty,10000,250,16,0.840273,0.361053,16000
3335,extrae,10000,2000,13,1.078673,0.608534,250
3336,oot,10000,1000,8,1.126660,0.648000,1000
3337,empty,10000,500,16,0.852187,0.373836,4000
3338,tikki,10000,2000,14,1.070187,0.591001,250
3339,extrae,10000,2000,9,1.181638,0.711535,250
334,tikki,10000,1000,13,0.963388,0.486014,1000
3340,void,10000,2000,13,1.048300,0.567706,250
3341,printf,10000,1000,14,0.908941,0.429108,1000
3342,empty,10000,2000,4,1.652654,1.172863,250
3343,printf,10000,500,5,1.402040,0.922811,4000
3344,empty,10000,500,5,1.408688,0.930460,4000
3345,extrae,10000,250,13,0.973102,0.502194,16000
3346,extrae,10000,2000,10,1.162404,0.689661,250
3347,printf,10000,2000,19,1.031111,0.554239,250
3348,tikki,10000,1000,16,0.918907,0.440797,1000
3349,printf,10000,2000,8,1.201695,0.721784,250
335,extrae,10000,250,14,0.947655,0.476587,16000
3350,scorep,10000,1000,1,4.756967,4.287647,1000
3351,printf,10000,2000,20,1.033059,0.553504,250
3352,tikki,10000,2000,1,6.152625,5.673550,250
3353,tikki,10000,250,3,2.179071,1.700032,16000
3354,empty,10000,250,6,1.288540,0.810438,16000
3355,tikki,10000,2000,6,1.394089,0.916644,250
3356,tikki,10000,250,8,1.161535,0.680326,16000
3357,tikki,10000,500,17,0.881568,0.405052,4000
3358,oot,10000,2000,15,1.030571,0.550814,250
3359,oot,10000,1000,13,0.926259,0.448586,1000
336,extrae,10000,1000,18,0.935836,0.462882,1000
3360,extrae,10000,1000,6,1.312157,0.838566,1000
3361,extrae,10000,500,17,0.905283,0.437599,4000
3362,void,10000,1000,3,2.018315,1.539799,1000
3363,extrae,10000,250,8,1.181954,0.708860,16000
3364,tikki,10000,1000,11,1.033743,0.554305,1000
3365,empty,10000,1000,8,1.130062,0.650233,1000
3366,printf,10000,250,1,5.658414,5.178191,16000
3367,empty,10000,250,20,0.825974,0.349060,16000
3368,oot,10000,1000,17,0.869092,0.390808,1000
3369,printf,10000,2000,13,1.036940,0.557277,250
337,oot,10000,250,1,5.673809,5.192604,16000
3370,oot,10000,1000,9,1.080398,0.601701,1000
3371,void,10000,1000,18,0.862095,0.384385,1000
3372,empty,10000,500,12,0.931884,0.454707,4000
3373,tikki,10000,1000,14,0.944248,0.465049,1000
3374,oot,10000,250,2,2.874001,2.395357,16000
3375,extrae,10000,250,9,1.134223,0.663385,16000
3376,tikki,10000,250,12,0.989699,0.509687,16000
3377,scorep,10000,500,10,1.006798,0.537467,4000
3378,void,10000,500,15,0.860899,0.383358,4000
3379,empty,10000,1000,14,0.906035,0.424744,1000
338,tikki,10000,2000,5,1.519472,1.038043,250
3380,tikki,10000,1000,13,0.959878,0.481618,1000
3381,oot,10000,500,2,2.802517,2.324921,4000
3382,extrae,10000,1000,1,5.600919,5.128762,1000
3383,void,10000,2000,15,1.038217,0.557072,250
3384,tikki,10000,500,12,0.976917,0.498514,4000
3385,printf,10000,250,7,1.196763,0.720436,16000
3386,void,10000,1000,1,5.599251,5.121064,1000
3387,void,10000,1000,4,1.583308,1.104059,1000
3388,printf,10000,1000,12,0.955004,0.476735,1000
3389,oot,10000,1000,7,1.196446,0.717709,1000
339,printf,10000,2000,18,1.035939,0.556057,250
3390,oot,10000,500,6,1.268098,0.790383,4000
3391,printf,10000,1000,5,1.415083,0.937142,1000
3392,scorep,10000,250,4,1.613490,1.143653,16000
3393,empty,10000,2000,17,1.035816,0.554348,250
3394,printf,10000,1000,8,1.135654,0.654648,1000
3395,void,10000,500,9,1.050562,0.573153,4000
3396,empty,10000,1000,19,0.856914,0.381880,1000
3397,tikki,10000,250,11,1.012675,0.535483,16000
3398,extrae,10000,500,4,1.589622,1.114977,4000
3399,void,10000,500,6,1.276386,0.798094,4000
34,printf,10000,2000,15,1.028478,0.551867,250
340,oot,10000,250,2,2.874151,2.396372,16000
3400,empty,10000,1000,4,1.595759,1.118277,1000
3401,printf,10000,1000,19,0.861646,0.384729,1000
3402,void,10000,1000,2,2.751028,2.272154,1000
3403,void,10000,250,7,1.194213,0.714081,16000
3404,empty,10000,1000,2,2.762332,2.285126,1000
3405,void,10000,500,18,0.839556,0.362340,4000
3406,oot,10000,500,15,0.863883,0.386347,4000
3407,empty,10000,250,8,1.115737,0.638929,16000
3408,oot,10000,1000,19,0.860217,0.381288,1000
3409,extrae,10000,2000,3,2.119171,1.651832,250
341,empty,10000,2000,13,1.029751,0.551678,250
3410,empty,10000,500,19,0.830538,0.365290,4000
3411,void,10000,250,13,0.904393,0.424076,16000
3412,oot,10000,1000,4,1.577943,1.099652,1000
3413,scorep,10000,1000,1,4.761935,4.292515,1000
3414,printf,10000,250,19,0.827998,0.351101,16000
3415,scorep,10000,500,12,0.927262,0.458980,4000
3416,oot,10000,2000,2,2.704817,2.225168,250
3417,scorep,10000,500,1,4.757165,4.288008,4000
3418,void,10000,500,11,0.970944,0.491736,4000
3419,scorep,10000,500,11,0.969135,0.491702,4000
342,printf,10000,500,20,0.843087,0.363153,4000
3420,scorep,10000,1000,14,0.894005,0.422830,1000
3421,extrae,10000,500,11,1.010280,0.539411,4000
3422,oot,10000,250,9,1.060255,0.579655,16000
3423,tikki,10000,500,11,1.023890,0.543478,4000
3424,void,10000,1000,9,1.079326,0.599251,1000
3425,oot,10000,500,18,0.843344,0.364115,4000
3426,printf,10000,250,18,0.836324,0.355570,16000
3427,scorep,10000,250,1,5.640353,5.158297,16000
3428,scorep,10000,2000,20,1.023684,0.554245,250
3429,printf,10000,2000,8,1.195283,0.714559,250
343,void,10000,2000,16,1.030580,0.552543,250
3430,empty,10000,2000,6,1.355099,0.873150,250
3431,empty,10000,2000,2,2.735528,2.257730,250
3432,empty,10000,250,19,0.827336,0.348735,16000
3433,scorep,10000,250,2,2.905963,2.436498,16000
3434,printf,10000,500,20,0.842039,0.363786,4000
3435,oot,10000,250,1,5.700034,5.221108,16000
3436,extrae,10000,500,19,0.916481,0.447220,4000
3437,tikki,10000,500,5,1.444430,0.965920,4000
3438,void,10000,2000,10,1.105344,0.626756,250
3439,oot,10000,250,20,0.826319,0.348768,16000
344,void,10000,250,8,1.109705,0.631659,16000
3440,tikki,10000,500,4,1.635553,1.165941,4000
3441,void,10000,250,9,1.057596,0.577908,16000
3442,tikki,10000,1000,2,3.005485,2.526041,1000
3443,empty,10000,1000,13,0.928712,0.451092,1000
3444,extrae,10000,2000,17,1.094232,0.627261,250
3445,tikki,10000,250,17,0.877179,0.398329,16000
3446,empty,10000,250,9,1.065179,0.585933,16000
3447,oot,10000,1000,10,1.033657,0.550303,1000
3448,scorep,10000,250,19,0.822510,0.353278,16000
3449,tikki,10000,500,9,1.091386,0.612420,4000
345,void,10000,500,20,0.838655,0.361966,4000
3450,extrae,10000,250,15,0.886344,0.439246,16000
3451,scorep,10000,2000,3,2.027100,1.559431,250
3452,oot,10000,2000,1,5.649627,5.170529,250
3453,empty,10000,250,17,0.833461,0.355495,16000
3454,void,10000,2000,19,1.029938,0.551150,250
3455,scorep,10000,1000,9,1.062368,0.593915,1000
3456,empty,10000,2000,14,1.030406,0.553409,250
3457,scorep,10000,1000,17,0.861629,0.384733,1000
3458,void,10000,500,20,0.839818,0.363329,4000
3459,void,10000,2000,18,1.036897,0.556741,250
346,tikki,10000,1000,12,0.986184,0.508513,1000
3460,empty,10000,1000,5,1.420370,0.939607,1000
3461,void,10000,1000,5,1.417658,0.941064,1000
3462,scorep,10000,1000,16,0.861490,0.391110,1000
3463,void,10000,500,8,1.104408,0.625923,4000
3464,scorep,10000,250,20,0.821520,0.352436,16000
3465,oot,10000,2000,12,1.068041,0.590732,250
3466,void,10000,2000,1,5.700953,5.221254,250
3467,void,10000,250,5,1.413068,0.931871,16000
3468,printf,10000,2000,16,1.034258,0.556007,250
3469,printf,10000,500,8,1.112481,0.634549,4000
347,scorep,10000,1000,8,1.129761,0.653961,1000
3470,oot,10000,500,5,1.409111,0.927158,4000
3471,printf,10000,1000,20,0.858075,0.382139,1000
3472,extrae,10000,250,12,1.005567,0.536685,16000
3473,oot,10000,2000,7,1.275490,0.793836,250
3474,extrae,10000,1000,2,2.732957,2.254150,1000
3475,oot,10000,250,13,0.902299,0.424335,16000
3476,empty,10000,250,14,0.874550,0.396700,16000
3477,void,10000,250,1,5.631505,5.151220,16000
3478,oot,10000,1000,16,0.864540,0.386726,1000
3479,tikki,10000,500,20,0.894589,0.415931,4000
348,tikki,10000,250,17,0.880083,0.400816,16000
3480,empty,10000,1000,6,1.296509,0.818791,1000
3481,printf,10000,2000,6,1.341209,0.862194,250
3482,void,10000,500,17,0.844718,0.366171,4000
3483,tikki,10000,1000,20,0.907777,0.427554,1000
3484,scorep,10000,250,12,0.928394,0.456976,16000
3485,oot,10000,250,6,1.294704,0.815176,16000
3486,extrae,10000,1000,5,1.437580,0.966772,1000
3487,oot,10000,2000,15,1.044502,0.564661,250
3488,printf,10000,2000,2,2.731647,2.251564,250
3489,extrae,10000,250,10,1.084500,0.612050,16000
349,tikki,10000,500,16,0.892449,0.414442,4000
3490,tikki,10000,2000,3,2.221810,1.742724,250
3491,extrae,10000,2000,12,1.094952,0.627590,250
3492,scorep,10000,1000,7,1.196860,0.727438,1000
3493,empty,10000,250,10,1.014472,0.535098,16000
3494,extrae,10000,500,5,1.418504,0.947169,4000
3495,scorep,10000,500,8,1.109450,0.629137,4000
3496,extrae,10000,1000,13,0.964607,0.495134,1000
3497,scorep,10000,1000,13,0.919701,0.449977,1000
3498,oot,10000,500,10,1.011439,0.532951,4000
3499,scorep,10000,2000,17,1.025041,0.554065,250
35,printf,10000,2000,19,1.033649,0.555352,250
350,extrae,10000,500,1,5.636981,5.160578,4000
3500,printf,10000,250,12,0.936316,0.456882,16000
3501,scorep,10000,500,20,0.834841,0.362768,4000
3502,tikki,10000,250,14,0.926834,0.447451,16000
3503,empty,10000,1000,10,1.031495,0.552965,1000
3504,printf,10000,250,10,1.016103,0.545323,16000
3505,tikki,10000,500,6,1.307541,0.830709,4000
3506,tikki,10000,2000,8,1.235084,0.756675,250
3507,void,10000,500,3,1.984922,1.504756,4000
3508,scorep,10000,2000,7,1.257344,0.785528,250
3509,printf,10000,250,5,1.431572,0.952509,16000
351,oot,10000,500,15,0.865324,0.386598,4000
3510,void,10000,250,12,0.934932,0.456634,16000
3511,void,10000,2000,9,1.170949,0.691428,250
3512,tikki,10000,500,7,1.220999,0.740957,4000
3513,printf,10000,2000,12,1.072392,0.591599,250
3514,empty,10000,2000,9,1.170497,0.692791,250
3515,empty,10000,500,16,0.849846,0.374548,4000
3516,extrae,10000,2000,20,1.105838,0.635866,250
3517,empty,10000,2000,13,1.033323,0.555677,250
3518,oot,10000,250,10,1.017543,0.537968,16000
3519,extrae,10000,1000,20,0.938033,0.467145,1000
352,tikki,10000,1000,2,2.910872,2.430125,1000
3520,void,10000,1000,8,1.126402,0.648620,1000
3521,oot,10000,500,14,0.884373,0.404494,4000
3522,void,10000,2000,4,1.631641,1.153066,250
3523,tikki,10000,1000,15,0.905133,0.438909,1000
3524,printf,10000,500,15,0.865092,0.385534,4000
3525,oot,10000,250,17,0.831802,0.352685,16000
3526,scorep,10000,500,17,0.835263,0.366946,4000
3527,void,10000,1000,20,0.861426,0.381934,1000
3528,tikki,10000,250,20,0.869257,0.389758,16000
3529,scorep,10000,1000,15,0.873381,0.404181,1000
353,tikki,10000,250,14,0.930093,0.449851,16000
3530,scorep,10000,2000,5,1.458997,0.989742,250
3531,oot,10000,2000,4,1.637602,1.160948,250
3532,scorep,10000,250,5,1.434161,0.965559,16000
3533,void,10000,500,5,1.398306,0.921521,4000
3534,void,10000,2000,5,1.474618,0.994246,250
3535,empty,10000,1000,9,1.084006,0.604522,1000
3536,tikki,10000,1000,1,6.016985,5.538508,1000
3537,oot,10000,250,18,0.835900,0.355780,16000
3538,oot,10000,500,20,0.843634,0.365663,4000
3539,extrae,10000,500,18,0.914465,0.441304,4000
354,empty,10000,1000,8,1.134272,0.654820,1000
3540,oot,10000,500,12,0.938226,0.462590,4000
3541,void,10000,1000,19,0.861102,0.383675,1000
3542,empty,10000,1000,11,0.988325,0.509761,1000
3543,void,10000,2000,13,1.036730,0.556303,250
3544,tikki,10000,500,2,2.881064,2.401409,4000
3545,tikki,10000,500,14,0.917750,0.438461,4000
3546,extrae,10000,500,7,1.208005,0.736472,4000
3547,void,10000,1000,10,1.033770,0.554216,1000
3548,oot,10000,2000,14,1.030799,0.553575,250
3549,tikki,10000,250,10,1.053735,0.576494,16000
355,scorep,10000,2000,9,1.167107,0.686819,250
3550,printf,10000,2000,9,1.153639,0.676696,250
3551,oot,10000,500,13,0.901469,0.425506,4000
3552,void,10000,250,19,0.829548,0.350787,16000
3553,tikki,10000,250,3,2.132759,1.652683,16000
3554,void,10000,250,6,1.293082,0.813085,16000
3555,void,10000,250,10,1.012542,0.533087,16000
3556,printf,10000,500,1,5.609628,5.129330,4000
3557,extrae,10000,500,20,0.921915,0.451701,4000
3558,printf,10000,500,6,1.274385,0.797763,4000
3559,empty,10000,250,13,0.900581,0.420710,16000
356,scorep,10000,1000,12,0.948140,0.472455,1000
3560,empty,10000,2000,20,1.032034,0.554932,250
3561,tikki,10000,2000,1,6.063837,5.583712,250
3562,oot,10000,2000,3,2.020420,1.550270,250
3563,tikki,10000,1000,18,0.913748,0.433254,1000
3564,extrae,10000,1000,16,0.927456,0.458454,1000
3565,empty,10000,500,11,0.967084,0.487151,4000
3566,scorep,10000,500,14,0.875616,0.403817,4000
3567,scorep,10000,500,3,1.973531,1.496372,4000
3568,empty,10000,2000,10,1.120886,0.642920,250
3569,extrae,10000,250,19,0.906333,0.435803,16000
357,empty,10000,2000,9,1.154599,0.675516,250
3570,scorep,10000,250,18,0.821874,0.353270,16000
3571,void,10000,250,18,0.833393,0.355240,16000
3572,printf,10000,2000,1,5.659847,5.181584,250
3573,tikki,10000,250,5,1.465040,0.986732,16000
3574,extrae,10000,500,3,2.032860,1.558641,4000
3575,oot,10000,1000,2,2.804569,2.326933,1000
3576,scorep,10000,1000,5,1.415937,0.940212,1000
3577,printf,10000,2000,20,1.027857,0.551234,250
3578,tikki,10000,250,2,3.050809,2.570708,16000
3579,printf,10000,250,9,1.063734,0.585361,16000
358,scorep,10000,500,1,5.638837,5.159234,4000
3580,tikki,10000,2000,15,1.072206,0.593523,250
3581,extrae,10000,1000,14,0.954831,0.483295,1000
3582,void,10000,2000,7,1.254958,0.775747,250
3583,empty,10000,250,7,1.188944,0.710664,16000
3584,extrae,10000,2000,13,1.075958,0.606384,250
3585,tikki,10000,1000,9,1.108261,0.630012,1000
3586,void,10000,500,14,0.881761,0.404250,4000
3587,scorep,10000,500,5,1.405829,0.927727,4000
3588,extrae,10000,500,6,1.299088,0.825818,4000
3589,empty,10000,500,13,0.906593,0.426746,4000
359,oot,10000,500,5,1.401569,0.920528,4000
3590,extrae,10000,1000,12,0.998841,0.528414,1000
3591,empty,10000,500,10,1.005284,0.525507,4000
3592,void,10000,2000,2,2.841605,2.362465,250
3593,oot,10000,250,12,0.931199,0.451990,16000
3594,oot,10000,2000,17,1.032692,0.555575,250
3595,tikki,10000,250,6,1.341382,0.862239,16000
3596,empty,10000,1000,18,0.870942,0.389990,1000
3597,printf,10000,1000,6,1.299393,0.821550,1000
3598,tikki,10000,1000,10,1.063494,0.583768,1000
3599,scorep,10000,250,10,1.005295,0.534059,16000
36,printf,10000,2000,7,1.266969,0.788795,250
360,empty,10000,2000,1,5.664928,5.186798,250
3600,scorep,10000,2000,15,1.022868,0.552542,250
3601,tikki,10000,2000,2,2.920576,2.443061,250
3602,extrae,10000,500,1,5.614810,5.136255,4000
3603,empty,10000,250,3,2.010468,1.530311,16000
3604,empty,10000,2000,4,1.640397,1.160313,250
3605,empty,10000,2000,15,1.034061,0.554729,250
3606,printf,10000,250,11,0.976977,0.497350,16000
3607,tikki,10000,2000,13,1.077783,0.598976,250
3608,empty,10000,2000,1,5.646144,5.169674,250
3609,scorep,10000,250,8,1.112537,0.641431,16000
361,empty,10000,250,14,0.881060,0.400280,16000
3610,empty,10000,1000,16,0.868952,0.391795,1000
3611,scorep,10000,2000,10,1.097734,0.627493,250
3612,tikki,10000,500,13,0.938789,0.462041,4000
3613,void,10000,500,19,0.840929,0.363096,4000
3614,void,10000,2000,3,2.057111,1.576878,250
3615,extrae,10000,2000,4,1.631816,1.159588,250
3616,oot,10000,1000,15,0.883449,0.405188,1000
3617,printf,10000,2000,5,1.474606,0.996407,250
3618,scorep,10000,250,6,1.289628,0.816463,16000
3619,printf,10000,2000,7,1.292457,0.811700,250
362,printf,10000,250,20,0.828375,0.349752,16000
3620,scorep,10000,2000,12,1.063306,0.590860,250
3621,scorep,10000,2000,11,1.078281,0.606814,250
3622,void,10000,250,11,0.968195,0.488824,16000
3623,tikki,10000,2000,18,1.073652,0.592547,250
3624,oot,10000,2000,6,1.342687,0.862739,250
3625,void,10000,2000,12,1.067243,0.587627,250
3626,extrae,10000,2000,19,1.090615,0.621612,250
3627,tikki,10000,500,18,0.878418,0.401498,4000
3628,tikki,10000,2000,10,1.157885,0.681394,250
3629,printf,10000,1000,7,1.203567,0.726125,1000
363,tikki,10000,500,9,1.087579,0.608823,4000
3630,oot,10000,250,11,0.975172,0.495875,16000
3631,empty,10000,1000,3,1.990382,1.515176,1000
3632,extrae,10000,250,17,0.915237,0.445646,16000
3633,printf,10000,2000,14,1.032355,0.555526,250
3634,printf,10000,1000,3,2.049032,1.568994,1000
3635,extrae,10000,1000,10,1.066984,0.593955,1000
3636,tikki,10000,250,15,0.888409,0.408662,16000
3637,printf,10000,1000,1,5.600793,5.127990,1000
3638,empty,10000,250,1,5.631811,5.151987,16000
3639,oot,10000,500,4,1.581604,1.101628,4000
364,printf,10000,250,8,1.114855,0.636154,16000
3640,extrae,10000,500,10,1.047660,0.575176,4000
3641,oot,10000,1000,3,2.022912,1.545218,1000
3642,extrae,10000,2000,6,1.370711,0.901939,250
3643,tikki,10000,2000,9,1.205198,0.726956,250
3644,void,10000,250,8,1.106276,0.636335,16000
3645,tikki,10000,2000,4,1.674978,1.197176,250
3646,printf,10000,250,20,0.825245,0.347078,16000
3647,extrae,10000,1000,18,0.932930,0.462133,1000
3648,void,10000,250,16,0.844642,0.364475,16000
3649,empty,10000,500,15,0.864066,0.383341,4000
365,void,10000,2000,3,2.053360,1.575284,250
3650,scorep,10000,2000,1,4.800380,4.328208,250
3651,printf,10000,250,2,2.876099,2.400755,16000
3652,printf,10000,500,3,1.975542,1.496974,4000
3653,printf,10000,500,17,0.844206,0.366222,4000
3654,oot,10000,500,9,1.057886,0.578255,4000
3655,tikki,10000,250,13,0.938229,0.460016,16000
3656,void,10000,1000,16,0.869736,0.389702,1000
3657,scorep,10000,1000,19,0.855842,0.384851,1000
3658,printf,10000,2000,3,2.058555,1.580708,250
3659,void,10000,1000,12,0.954029,0.477087,1000
366,oot,10000,2000,10,1.122733,0.644592,250
3660,oot,10000,500,1,5.591767,5.113680,4000
3661,tikki,10000,2000,20,1.078538,0.600363,250
3662,extrae,10000,1000,4,1.600892,1.128054,1000
3663,scorep,10000,250,11,0.958393,0.487873,16000
3664,tikki,10000,250,7,1.237853,0.759634,16000
3665,void,10000,1000,11,0.986705,0.508389,1000
3666,extrae,10000,250,13,0.973046,0.503753,16000
3667,empty,10000,500,7,1.183644,0.703946,4000
3668,tikki,10000,250,4,1.649905,1.171445,16000
3669,empty,10000,2000,3,2.079124,1.601813,250
367,empty,10000,500,11,0.972175,0.493829,4000
3670,oot,10000,2000,13,1.034139,0.554587,250
3671,scorep,10000,250,9,1.061803,0.591151,16000
3672,printf,10000,500,4,1.582962,1.105535,4000
3673,void,10000,1000,14,0.899164,0.421347,1000
3674,printf,10000,1000,2,2.759043,2.281447,1000
3675,empty,10000,2000,7,1.264796,0.787677,250
3676,extrae,10000,250,14,0.952020,0.480317,16000
3677,void,10000,500,4,1.587053,1.107185,4000
3678,scorep,10000,250,3,2.026773,1.556814,16000
3679,oot,10000,250,7,1.195436,0.718855,16000
368,void,10000,1000,1,5.616358,5.135945,1000
3680,extrae,10000,2000,7,1.289702,0.817392,250
3681,tikki,10000,2000,14,1.067104,0.589577,250
3682,tikki,10000,1000,3,2.122219,1.643768,1000
3683,printf,10000,500,2,2.792714,2.312611,4000
3684,void,10000,2000,14,1.036000,0.555560,250
3685,printf,10000,1000,14,0.902955,0.424630,1000
3686,tikki,10000,250,19,0.870370,0.391178,16000
3687,scorep,10000,2000,4,1.636071,1.167416,250
3688,scorep,10000,2000,13,1.022172,0.551092,250
3689,tikki,10000,2000,7,1.309672,0.830432,250
369,void,10000,2000,20,1.035680,0.554884,250
3690,oot,10000,1000,18,0.860931,0.381676,1000
3691,tikki,10000,1000,8,1.161893,0.683982,1000
3692,tikki,10000,1000,6,1.342688,0.862831,1000
3693,scorep,10000,2000,2,2.774558,2.303662,250
3694,printf,10000,2000,4,1.648950,1.169893,250
3695,empty,10000,250,15,0.862470,0.381934,16000
3696,extrae,10000,500,8,1.139955,0.668212,4000
3697,oot,10000,500,8,1.105117,0.624821,4000
3698,void,10000,250,4,1.614313,1.136640,16000
3699,scorep,10000,500,9,1.049314,0.577643,4000
37,tikki,10000,250,15,0.913253,0.434747,16000
370,tikki,10000,1000,3,2.088102,1.608161,1000
3700,extrae,10000,250,11,1.037238,0.565798,16000
3701,extrae,10000,250,3,2.107874,1.634551,16000
3702,printf,10000,2000,19,1.035628,0.556021,250
3703,tikki,10000,1000,16,0.904193,0.426675,1000
3704,scorep,10000,1000,3,1.979713,1.500345,1000
3705,printf,10000,2000,15,1.031555,0.552980,250
3706,extrae,10000,250,5,1.487440,1.015716,16000
3707,tikki,10000,1000,17,0.907199,0.426721,1000
3708,printf,10000,250,15,0.849457,0.369652,16000
3709,void,10000,500,12,0.936885,0.457538,4000
371,scorep,10000,2000,15,1.027885,0.553687,250
3710,empty,10000,500,6,1.268702,0.789780,4000
3711,printf,10000,2000,11,1.104235,0.625420,250
3712,tikki,10000,500,19,0.885786,0.407017,4000
3713,printf,10000,500,14,0.884526,0.406440,4000
3714,void,10000,1000,13,0.923296,0.444716,1000
3715,printf,10000,2000,10,1.122503,0.643455,250
3716,empty,10000,2000,5,1.471558,0.990291,250
3717,scorep,10000,1000,20,0.853103,0.381952,1000
3718,printf,10000,250,6,1.303649,0.823086,16000
3719,tikki,10000,2000,12,1.104233,0.625054,250
372,extrae,10000,500,18,0.913291,0.440886,4000
3720,oot,10000,250,19,0.827029,0.349206,16000
3721,oot,10000,1000,11,0.990489,0.510088,1000
3722,extrae,10000,1000,9,1.108107,0.636343,1000
3723,tikki,10000,1000,7,1.239188,0.760969,1000
3724,extrae,10000,2000,18,1.104806,0.632810,250
3725,extrae,10000,500,9,1.079745,0.609016,4000
3726,scorep,10000,500,18,0.839598,0.368159,4000
3727,scorep,10000,1000,18,0.859952,0.385847,1000
3728,printf,10000,500,12,0.933699,0.453620,4000
3729,void,10000,2000,6,1.351662,0.872294,250
373,empty,10000,1000,1,5.611337,5.132265,1000
3730,extrae,10000,500,14,0.935202,0.462574,4000
3731,empty,10000,2000,18,1.033469,0.554835,250
3732,oot,10000,2000,8,1.193124,0.714857,250
3733,extrae,10000,250,6,1.361499,0.888035,16000
3734,empty,10000,500,4,1.572772,1.091787,4000
3735,scorep,10000,2000,14,1.028562,0.556224,250
3736,void,10000,1000,17,0.863915,0.384187,1000
3737,tikki,10000,500,17,0.894819,0.413935,4000
3738,extrae,10000,1000,19,0.935853,0.464836,1000
3739,oot,10000,250,4,1.609348,1.129986,16000
374,oot,10000,2000,18,1.032198,0.552798,250
3740,extrae,10000,1000,11,1.029108,0.558872,1000
3741,tikki,10000,500,16,0.887667,0.406911,4000
3742,oot,10000,250,3,2.014270,1.536653,16000
3743,void,10000,1000,6,1.290005,0.812590,1000
3744,empty,10000,250,6,1.288295,0.809112,16000
3745,tikki,10000,500,8,1.147132,0.668672,4000
3746,void,10000,250,15,0.855948,0.377755,16000
3747,oot,10000,500,7,1.175005,0.701169,4000
3748,tikki,10000,500,15,0.901458,0.420810,4000
3749,empty,10000,500,3,2.000136,1.523478,4000
375,extrae,10000,500,12,0.978689,0.508603,4000
3750,extrae,10000,500,15,0.922254,0.453269,4000
3751,void,10000,2000,16,1.034772,0.556070,250
3752,empty,10000,250,5,1.414942,0.935919,16000
3753,oot,10000,250,16,0.838745,0.358261,16000
3754,oot,10000,2000,19,1.032106,0.551880,250
3755,printf,10000,500,9,1.050227,0.573574,4000
3756,printf,10000,250,4,1.625078,1.145527,16000
3757,printf,10000,250,16,0.842406,0.365338,16000
3758,printf,10000,500,7,1.182196,0.703833,4000
3759,scorep,10000,2000,19,1.029389,0.559339,250
376,tikki,10000,2000,13,1.088568,0.609366,250
3760,scorep,10000,500,13,0.898178,0.426513,4000
3761,extrae,10000,2000,9,1.177641,0.706232,250
3762,scorep,10000,1000,10,1.026132,0.557582,1000
3763,scorep,10000,2000,9,1.164880,0.695208,250
3764,scorep,10000,500,7,1.174625,0.705415,4000
3765,oot,10000,2000,9,1.152298,0.673320,250
3766,scorep,10000,1000,2,2.830556,2.350802,1000
3767,extrae,10000,2000,2,2.729270,2.252828,250
3768,tikki,10000,250,8,1.171499,0.691915,16000
3769,empty,10000,500,14,0.879350,0.400758,4000
377,oot,10000,2000,14,1.033569,0.555543,250
3770,oot,10000,1000,20,0.862702,0.384390,1000
3771,extrae,10000,1000,17,0.925277,0.457177,1000
3772,printf,10000,1000,18,0.860061,0.382766,1000
3773,oot,10000,500,19,0.842970,0.364166,4000
3774,extrae,10000,250,4,1.695673,1.223196,16000
3775,scorep,10000,500,4,1.572863,1.101261,4000
3776,oot,10000,2000,20,1.037660,0.556259,250
3777,extrae,10000,1000,15,0.934795,0.465694,1000
3778,empty,10000,1000,12,0.950687,0.471314,1000
3779,extrae,10000,500,2,2.710986,2.232410,4000
378,tikki,10000,500,8,1.144512,0.665736,4000
3780,empty,10000,500,8,1.112213,0.632109,4000
3781,printf,10000,250,17,0.838699,0.359954,16000
3782,printf,10000,1000,10,1.032588,0.553987,1000
3783,oot,10000,1000,1,5.590618,5.111016,1000
3784,printf,10000,500,16,0.851091,0.372212,4000
3785,scorep,10000,1000,6,1.282393,0.811292,1000
3786,scorep,10000,1000,8,1.125430,0.653736,1000
3787,extrae,10000,250,20,0.911715,0.439680,16000
3788,scorep,10000,250,7,1.193538,0.721649,16000
3789,tikki,10000,500,10,1.048132,0.569956,4000
379,oot,10000,250,18,0.827416,0.349697,16000
3790,empty,10000,500,17,0.840462,0.364599,4000
3791,tikki,10000,2000,11,1.125230,0.647058,250
3792,extrae,10000,1000,7,1.227314,0.753961,1000
3793,scorep,10000,1000,12,0.953848,0.477137,1000
3794,empty,10000,500,1,5.610131,5.132974,4000
3795,scorep,10000,2000,8,1.189272,0.719518,250
3796,oot,10000,250,15,0.856565,0.376945,16000
3797,tikki,10000,500,3,2.121665,1.641743,4000
3798,extrae,10000,500,16,0.894227,0.424636,4000
3799,empty,10000,500,20,0.843505,0.364649,4000
38,empty,10000,2000,17,1.033324,0.554405,250
380,void,10000,250,11,0.968639,0.488927,16000
3800,scorep,10000,250,15,0.847201,0.375959,16000
3801,printf,10000,1000,13,0.926205,0.446648,1000
3802,extrae,10000,2000,14,1.089741,0.616731,250
3803,tikki,10000,250,9,1.097449,0.620521,16000
3804,extrae,10000,250,2,3.033898,2.557621,16000
3805,empty,10000,250,16,0.838119,0.356095,16000
3806,void,10000,250,17,0.837102,0.359128,16000
3807,extrae,10000,2000,5,1.486781,1.014751,250
3808,scorep,10000,500,16,0.842065,0.370515,4000
3809,printf,10000,500,18,0.844839,0.365388,4000
381,empty,10000,250,10,1.014944,0.535983,16000
3810,scorep,10000,1000,4,1.582947,1.112993,1000
3811,empty,10000,250,18,0.830890,0.353280,16000
3812,empty,10000,500,9,1.051851,0.573463,4000
3813,empty,10000,2000,16,1.031070,0.552414,250
3814,void,10000,1000,7,1.202657,0.723006,1000
3815,void,10000,500,1,5.609152,5.128838,4000
3816,tikki,10000,2000,17,1.080241,0.599025,250
3817,oot,10000,1000,13,0.933175,0.451829,1000
3818,empty,10000,1000,20,0.854747,0.384784,1000
3819,empty,10000,2000,8,1.199211,0.719049,250
382,printf,10000,2000,14,1.027489,0.549489,250
3820,tikki,10000,500,1,6.089386,5.608341,4000
3821,printf,10000,250,14,0.877780,0.398282,16000
3822,extrae,10000,2000,11,1.125385,0.657495,250
3823,empty,10000,2000,19,1.032004,0.553915,250
3824,void,10000,250,2,2.858013,2.378788,16000
3825,tikki,10000,1000,12,0.998107,0.517356,1000
3826,empty,10000,500,18,0.844034,0.364924,4000
3827,scorep,10000,1000,11,0.985983,0.514470,1000
3828,oot,10000,1000,5,1.425805,0.946423,1000
3829,scorep,10000,250,13,0.898482,0.427506,16000
383,empty,10000,500,18,0.841941,0.366235,4000
3830,extrae,10000,2000,15,1.090650,0.619997,250
3831,empty,10000,500,2,2.796277,2.317106,4000
3832,printf,10000,2000,17,1.038167,0.556524,250
3833,oot,10000,2000,16,1.032058,0.554559,250
3834,oot,10000,2000,10,1.120524,0.644151,250
3835,empty,10000,250,2,2.864494,2.385748,16000
3836,void,10000,1000,15,0.881515,0.402132,1000
3837,scorep,10000,500,6,1.270257,0.799076,4000
3838,oot,10000,500,17,0.845834,0.366417,4000
3839,printf,10000,500,19,0.843614,0.364924,4000
384,oot,10000,500,19,0.849696,0.371815,4000
3840,void,10000,500,16,0.849389,0.370688,4000
3841,oot,10000,1000,12,0.955654,0.476084,1000
3842,printf,10000,1000,9,1.072189,0.596051,1000
3843,void,10000,500,13,0.904199,0.426022,4000
3844,tikki,10000,1000,4,1.623429,1.143766,1000
3845,tikki,10000,250,18,0.869618,0.388908,16000
3846,oot,10000,250,5,1.428209,0.949941,16000
3847,oot,10000,250,8,1.122334,0.643097,16000
3848,tikki,10000,250,1,5.831583,5.353261,16000
3849,extrae,10000,250,16,0.918338,0.449786,16000
385,printf,10000,500,12,0.929649,0.450756,4000
3850,tikki,10000,2000,16,1.081417,0.602754,250
3851,oot,10000,2000,18,1.038350,0.558398,250
3852,tikki,10000,1000,19,0.902294,0.422360,1000
3853,void,10000,500,7,1.182441,0.703276,4000
3854,printf,10000,1000,11,0.992065,0.511545,1000
3855,tikki,10000,2000,5,1.510921,1.031083,250
3856,printf,10000,500,5,1.406562,0.927038,4000
3857,oot,10000,500,11,0.961377,0.491903,4000
3858,void,10000,250,14,0.883157,0.401293,16000
3859,tikki,10000,250,16,0.870456,0.393478,16000
386,scorep,10000,250,14,0.880126,0.403844,16000
3860,oot,10000,500,3,1.954793,1.478016,4000
3861,empty,10000,250,11,0.967448,0.486956,16000
3862,extrae,10000,500,13,0.955508,0.485761,4000
3863,printf,10000,500,10,1.010360,0.530110,4000
3864,void,10000,500,2,2.764112,2.285304,4000
3865,void,10000,500,10,1.010161,0.529245,4000
3866,scorep,10000,250,14,0.870622,0.399045,16000
3867,printf,10000,250,8,1.119477,0.639145,16000
3868,void,10000,2000,11,1.088730,0.610569,250
3869,scorep,10000,250,16,0.840089,0.367978,16000
387,printf,10000,500,19,0.841788,0.363092,4000
3870,printf,10000,1000,16,0.870648,0.391297,1000
3871,scorep,10000,2000,16,1.033817,0.556970,250
3872,extrae,10000,2000,1,5.692093,5.216078,250
3873,empty,10000,500,5,1.404496,0.925177,4000
3874,oot,10000,2000,5,1.470062,0.990156,250
3875,extrae,10000,1000,6,1.325405,0.849762,1000
3876,empty,10000,1000,15,0.887011,0.408712,1000
3877,printf,10000,2000,18,1.031973,0.553940,250
3878,void,10000,250,3,2.002429,1.524811,16000
3879,empty,10000,1000,7,1.208610,0.727711,1000
388,void,10000,1000,8,1.136333,0.655365,1000
3880,scorep,10000,500,2,2.771626,2.299501,4000
3881,tikki,10000,2000,19,1.079012,0.598727,250
3882,tikki,10000,1000,5,1.450710,0.973420,1000
3883,void,10000,250,20,0.830791,0.349687,16000
3884,oot,10000,2000,11,1.083724,0.605223,250
3885,extrae,10000,2000,8,1.226593,0.754227,250
3886,scorep,10000,500,15,0.859930,0.387529,4000
3887,printf,10000,1000,4,1.592017,1.114627,1000
3888,extrae,10000,1000,8,1.159041,0.687130,1000
3889,scorep,10000,2000,18,1.033099,0.558558,250
389,tikki,10000,2000,18,1.068822,0.588963,250
3890,empty,10000,250,4,1.600503,1.121041,16000
3891,oot,10000,250,14,0.882076,0.402124,16000
3892,oot,10000,1000,8,1.133698,0.655328,1000
3893,empty,10000,2000,12,1.065601,0.585715,250
3894,extrae,10000,2000,16,1.093480,0.622928,250
3895,printf,10000,500,13,0.907611,0.427386,4000
3896,empty,10000,2000,11,1.088520,0.608374,250
3897,printf,10000,250,3,2.046246,1.569184,16000
3898,oot,10000,1000,6,1.296317,0.817005,1000
3899,empty,10000,1000,1,5.591677,5.112561,1000
39,oot,10000,2000,11,1.105555,0.627068,250
390,extrae,10000,1000,17,0.928222,0.459685,1000
3900,void,10000,2000,20,1.034504,0.554982,250
3901,void,10000,2000,17,1.044867,0.566258,250
3902,extrae,10000,250,1,5.671793,5.194205,16000
3903,empty,10000,1000,17,0.862327,0.382655,1000
3904,extrae,10000,250,18,0.901833,0.429399,16000
3905,scorep,10000,250,17,0.831193,0.359792,16000
3906,printf,10000,250,13,0.903639,0.424239,16000
3907,empty,10000,250,12,0.929619,0.453351,16000
3908,extrae,10000,2000,10,1.160728,0.687731,250
3909,printf,10000,1000,15,0.891117,0.402463,1000
391,tikki,10000,250,19,0.871161,0.391828,16000
3910,extrae,10000,1000,3,1.972371,1.500760,1000
3911,tikki,10000,2000,6,1.392958,0.915272,250
3912,extrae,10000,250,7,1.275939,0.803930,16000
3913,printf,10000,500,11,0.962399,0.484225,4000
3914,printf,10000,1000,17,0.865978,0.388991,1000
3915,scorep,10000,500,19,0.836981,0.366301,4000
3916,scorep,10000,2000,6,1.333318,0.861293,250
3917,extrae,10000,500,12,0.976321,0.507161,4000
3918,void,10000,2000,8,1.210594,0.734298,250
3919,oot,10000,500,16,0.856379,0.377363,4000
392,printf,10000,1000,1,5.625146,5.146103,1000
3920,oot,10000,1000,14,0.897296,0.418797,1000
3921,void,10000,2000,17,1.044671,0.564094,250
3922,printf,10000,1000,17,0.862995,0.384025,1000
3923,oot,10000,1000,9,1.082661,0.602013,1000
3924,empty,10000,500,15,0.863053,0.382844,4000
3925,empty,10000,1000,4,1.578851,1.101441,1000
3926,oot,10000,250,19,0.836697,0.355108,16000
3927,printf,10000,1000,7,1.213045,0.733543,1000
3928,scorep,10000,1000,11,0.984125,0.512822,1000
3929,scorep,10000,500,14,0.877450,0.405638,4000
393,void,10000,1000,19,0.862796,0.383834,1000
3930,extrae,10000,500,11,1.008579,0.538319,4000
3931,oot,10000,2000,4,1.625089,1.147044,250
3932,scorep,10000,1000,15,0.874999,0.403571,1000
3933,printf,10000,500,16,0.850262,0.369422,4000
3934,void,10000,2000,8,1.196010,0.718225,250
3935,void,10000,250,5,1.414130,0.938492,16000
3936,void,10000,500,5,1.398584,0.918695,4000
3937,scorep,10000,2000,10,1.115243,0.644304,250
3938,tikki,10000,2000,11,1.133559,0.655556,250
3939,empty,10000,2000,14,1.030967,0.551541,250
394,scorep,10000,1000,10,1.034826,0.554704,1000
3940,scorep,10000,2000,9,1.150643,0.679089,250
3941,oot,10000,250,12,0.936978,0.455662,16000
3942,extrae,10000,500,10,1.046530,0.574945,4000
3943,extrae,10000,1000,17,0.931542,0.462669,1000
3944,tikki,10000,2000,4,1.678364,1.198936,250
3945,printf,10000,500,6,1.270176,0.793288,4000
3946,extrae,10000,250,5,1.487154,1.013623,16000
3947,oot,10000,250,14,0.878289,0.398071,16000
3948,void,10000,500,20,0.842944,0.364949,4000
3949,printf,10000,250,20,0.827636,0.347692,16000
395,printf,10000,2000,5,1.460297,0.980823,250
3950,scorep,10000,250,19,0.823411,0.350175,16000
3951,empty,10000,2000,7,1.288450,0.810064,250
3952,tikki,10000,1000,5,1.459636,0.982274,1000
3953,void,10000,500,9,1.056865,0.576614,4000
3954,tikki,10000,2000,19,1.071228,0.590626,250
3955,tikki,10000,2000,20,1.073283,0.594460,250
3956,tikki,10000,250,1,5.835068,5.355820,16000
3957,printf,10000,250,8,1.123828,0.645354,16000
3958,empty,10000,1000,17,0.861199,0.384684,1000
3959,void,10000,1000,13,0.924667,0.445277,1000
396,extrae,10000,1000,12,1.002604,0.532810,1000
3960,scorep,10000,1000,4,1.595334,1.114647,1000
3961,empty,10000,1000,12,0.951854,0.473645,1000
3962,empty,10000,500,13,0.908371,0.430102,4000
3963,tikki,10000,2000,15,1.071443,0.595085,250
3964,extrae,10000,500,12,0.973328,0.505658,4000
3965,tikki,10000,250,6,1.336493,0.857274,16000
3966,oot,10000,2000,20,1.034622,0.554455,250
3967,extrae,10000,500,16,0.910336,0.441466,4000
3968,printf,10000,250,3,2.047629,1.569804,16000
3969,empty,10000,250,10,1.009192,0.531691,16000
397,void,10000,1000,14,0.906236,0.427195,1000
3970,void,10000,250,3,2.015800,1.533698,16000
3971,tikki,10000,500,8,1.143789,0.664764,4000
3972,void,10000,500,10,1.011383,0.531284,4000
3973,empty,10000,250,13,0.906697,0.430191,16000
3974,scorep,10000,250,3,1.999161,1.530390,16000
3975,empty,10000,500,6,1.268453,0.791433,4000
3976,oot,10000,2000,10,1.121288,0.644478,250
3977,extrae,10000,1000,13,0.951986,0.485583,1000
3978,extrae,10000,1000,12,0.999186,0.529788,1000
3979,extrae,10000,1000,6,1.306108,0.832465,1000
398,empty,10000,1000,13,0.925074,0.446233,1000
3980,oot,10000,500,16,0.849647,0.369541,4000
3981,void,10000,1000,1,5.610091,5.129956,1000
3982,extrae,10000,500,4,1.585353,1.110899,4000
3983,tikki,10000,2000,18,1.079677,0.599563,250
3984,oot,10000,250,18,0.833598,0.352240,16000
3985,tikki,10000,2000,1,6.129176,5.649893,250
3986,tikki,10000,250,2,3.014105,2.534432,16000
3987,scorep,10000,500,20,0.838112,0.365926,4000
3988,tikki,10000,250,8,1.159426,0.682001,16000
3989,printf,10000,250,9,1.066114,0.585654,16000
399,empty,10000,500,17,0.843413,0.364995,4000
3990,extrae,10000,250,17,0.908664,0.438887,16000
3991,extrae,10000,2000,4,1.644369,1.170024,250
3992,void,10000,2000,10,1.126638,0.644516,250
3993,void,10000,1000,12,0.953005,0.472281,1000
3994,extrae,10000,500,15,0.923816,0.452199,4000
3995,scorep,10000,2000,3,2.033088,1.561194,250
3996,empty,10000,2000,15,1.029516,0.550228,250
3997,void,10000,250,20,0.825300,0.347676,16000
3998,oot,10000,500,20,0.846992,0.366037,4000
3999,scorep,10000,500,15,0.849716,0.381360,4000
4,printf,10000,2000,1,5.667826,5.189882,250
40,extrae,10000,1000,4,1.590288,1.116833,1000
400,void,10000,500,12,0.933559,0.456993,4000
4000,empty,10000,2000,3,2.031823,1.554159,250
4001,printf,10000,2000,13,1.036324,0.557911,250
4002,extrae,10000,2000,16,1.092184,0.623301,250
4003,printf,10000,1000,11,0.979003,0.510999,1000
4004,extrae,10000,1000,8,1.154823,0.684505,1000
4005,extrae,10000,500,2,2.718483,2.241262,4000
4006,extrae,10000,2000,12,1.109228,0.639950,250
4007,extrae,10000,1000,16,0.926010,0.456939,1000
4008,void,10000,500,6,1.276831,0.800209,4000
4009,printf,10000,500,18,0.842515,0.364896,4000
401,extrae,10000,250,5,1.503837,1.031236,16000
4010,scorep,10000,250,14,0.872792,0.401405,16000
4011,scorep,10000,2000,13,1.027873,0.555944,250
4012,tikki,10000,1000,10,1.065679,0.584695,1000
4013,tikki,10000,2000,13,1.070206,0.594520,250
4014,oot,10000,1000,6,1.292141,0.814229,1000
4015,printf,10000,250,19,0.831925,0.353645,16000
4016,tikki,10000,250,20,0.868928,0.387389,16000
4017,extrae,10000,1000,20,0.940079,0.469692,1000
4018,oot,10000,500,13,0.910279,0.429274,4000
4019,tikki,10000,500,20,0.892146,0.417525,4000
402,oot,10000,1000,20,0.862151,0.383210,1000
4020,void,10000,500,19,0.846023,0.364974,4000
4021,void,10000,2000,16,1.030503,0.552094,250
4022,oot,10000,2000,3,2.023868,1.545797,250
4023,extrae,10000,500,14,0.934939,0.465857,4000
4024,tikki,10000,2000,3,2.202908,1.723051,250
4025,extrae,10000,1000,14,0.958162,0.485441,1000
4026,empty,10000,250,17,0.834203,0.355948,16000
4027,empty,10000,2000,18,1.037773,0.557603,250
4028,oot,10000,1000,3,1.981233,1.501557,1000
4029,tikki,10000,1000,2,2.966143,2.486860,1000
403,void,10000,500,15,0.862470,0.384185,4000
4030,printf,10000,2000,5,1.464584,0.985598,250
4031,empty,10000,250,20,0.830021,0.352119,16000
4032,tikki,10000,500,2,2.885425,2.406703,4000
4033,oot,10000,500,4,1.585947,1.106560,4000
4034,printf,10000,500,5,1.402573,0.923008,4000
4035,void,10000,1000,2,2.775472,2.296307,1000
4036,empty,10000,500,16,0.851184,0.370147,4000
4037,oot,10000,1000,11,0.991689,0.512338,1000
4038,scorep,10000,2000,6,1.360096,0.879132,250
4039,scorep,10000,1000,2,2.765804,2.297827,1000
404,oot,10000,2000,1,5.657561,5.178848,250
4040,printf,10000,500,4,1.589351,1.110095,4000
4041,tikki,10000,250,12,0.977926,0.498771,16000
4042,void,10000,1000,7,1.207959,0.729040,1000
4043,extrae,10000,2000,8,1.220927,0.748744,250
4044,empty,10000,2000,9,1.161797,0.687261,250
4045,printf,10000,500,8,1.108785,0.631092,4000
4046,void,10000,500,16,0.847990,0.369386,4000
4047,empty,10000,500,1,5.602342,5.122213,4000
4048,oot,10000,2000,15,1.036910,0.557859,250
4049,oot,10000,2000,16,1.039773,0.560750,250
405,printf,10000,500,18,0.844978,0.367477,4000
4050,extrae,10000,1000,5,1.436449,0.965165,1000
4051,tikki,10000,250,18,0.875612,0.397041,16000
4052,scorep,10000,250,4,1.612093,1.139904,16000
4053,empty,10000,500,10,1.008973,0.529735,4000
4054,scorep,10000,2000,7,1.270366,0.796942,250
4055,scorep,10000,500,17,0.845686,0.365881,4000
4056,oot,10000,250,5,1.424656,0.945956,16000
4057,extrae,10000,2000,19,1.105501,0.637010,250
4058,printf,10000,250,13,0.902960,0.422594,16000
4059,tikki,10000,500,13,0.937326,0.460210,4000
406,printf,10000,1000,8,1.125216,0.648660,1000
4060,extrae,10000,500,13,0.951881,0.482561,4000
4061,void,10000,500,8,1.105902,0.625563,4000
4062,printf,10000,250,14,0.876956,0.397340,16000
4063,printf,10000,250,12,0.928774,0.451243,16000
4064,oot,10000,2000,14,1.046549,0.567170,250
4065,void,10000,2000,15,1.030539,0.554250,250
4066,empty,10000,250,19,0.827841,0.348112,16000
4067,void,10000,2000,18,1.025020,0.556862,250
4068,empty,10000,2000,16,1.033321,0.553984,250
4069,scorep,10000,2000,8,1.189668,0.720140,250
407,void,10000,1000,9,1.075171,0.596066,1000
4070,extrae,10000,2000,20,1.110977,0.640596,250
4071,tikki,10000,250,11,1.013470,0.532943,16000
4072,extrae,10000,250,12,1.003689,0.534398,16000
4073,scorep,10000,500,13,0.895571,0.425652,4000
4074,printf,10000,500,2,2.795221,2.316508,4000
4075,void,10000,250,12,0.926713,0.449156,16000
4076,extrae,10000,500,3,1.979487,1.504969,4000
4077,extrae,10000,1000,4,1.610351,1.138305,1000
4078,printf,10000,2000,3,2.076099,1.595807,250
4079,tikki,10000,1000,19,0.906569,0.427088,1000
408,extrae,10000,1000,3,1.996096,1.520845,1000
4080,tikki,10000,1000,13,0.968857,0.488428,1000
4081,empty,10000,250,9,1.059298,0.578739,16000
4082,oot,10000,250,17,0.834770,0.357044,16000
4083,tikki,10000,2000,14,1.071361,0.592672,250
4084,void,10000,2000,19,1.031997,0.555052,250
4085,oot,10000,250,8,1.115600,0.637792,16000
4086,tikki,10000,1000,11,1.024751,0.545504,1000
4087,extrae,10000,250,3,2.127246,1.660155,16000
4088,tikki,10000,500,6,1.312789,0.833550,4000
4089,extrae,10000,500,5,1.414303,0.941378,4000
409,void,10000,500,8,1.103786,0.625552,4000
4090,scorep,10000,1000,12,0.946276,0.476393,1000
4091,empty,10000,500,7,1.182571,0.703729,4000
4092,oot,10000,1000,4,1.596265,1.118218,1000
4093,oot,10000,500,12,0.937885,0.457644,4000
4094,oot,10000,500,19,0.842341,0.363066,4000
4095,printf,10000,250,17,0.831533,0.352178,16000
4096,scorep,10000,2000,2,2.776289,2.308370,250
4097,extrae,10000,1000,19,0.933729,0.464839,1000
4098,tikki,10000,500,18,0.889326,0.410049,4000
4099,void,10000,500,11,0.970341,0.490513,4000
41,void,10000,1000,20,0.858730,0.382379,1000
410,void,10000,1000,10,1.027152,0.552526,1000
4100,tikki,10000,2000,12,1.102327,0.623100,250
4101,tikki,10000,500,5,1.440536,0.961759,4000
4102,extrae,10000,500,8,1.134819,0.664222,4000
4103,printf,10000,1000,16,0.867478,0.387968,1000
4104,tikki,10000,500,12,0.980029,0.498625,4000
4105,printf,10000,1000,14,0.900833,0.419716,1000
4106,scorep,10000,1000,10,1.019040,0.549550,1000
4107,void,10000,500,12,0.933736,0.453655,4000
4108,scorep,10000,250,8,1.118326,0.642445,16000
4109,oot,10000,500,15,0.868763,0.387920,4000
411,extrae,10000,2000,18,1.103424,0.631061,250
4110,printf,10000,1000,5,1.415468,0.935384,1000
4111,extrae,10000,250,18,0.903434,0.431635,16000
4112,printf,10000,500,19,0.843938,0.363578,4000
4113,oot,10000,250,11,0.975625,0.495774,16000
4114,tikki,10000,250,3,2.150070,1.670396,16000
4115,void,10000,2000,9,1.150016,0.669503,250
4116,scorep,10000,1000,14,0.890235,0.421099,1000
4117,void,10000,250,2,2.861872,2.376242,16000
4118,extrae,10000,500,1,5.609015,5.131664,4000
4119,oot,10000,1000,7,1.203321,0.723577,1000
412,tikki,10000,250,5,1.471997,0.993691,16000
4120,scorep,10000,250,9,1.053736,0.581804,16000
4121,scorep,10000,250,7,1.194908,0.723776,16000
4122,oot,10000,500,6,1.276075,0.795614,4000
4123,extrae,10000,250,6,1.357074,0.881918,16000
4124,empty,10000,1000,7,1.206977,0.727858,1000
4125,scorep,10000,1000,3,1.969097,1.489892,1000
4126,tikki,10000,1000,14,0.945344,0.464488,1000
4127,tikki,10000,1000,1,6.057637,5.577315,1000
4128,oot,10000,500,17,0.853661,0.367085,4000
4129,void,10000,250,4,1.609750,1.130693,16000
413,empty,10000,1000,2,2.763987,2.287168,1000
4130,printf,10000,2000,7,1.269133,0.789365,250
4131,printf,10000,250,18,0.832068,0.352311,16000
4132,extrae,10000,500,19,0.917337,0.448301,4000
4133,printf,10000,250,1,5.664906,5.185682,16000
4134,printf,10000,250,5,1.428666,0.949071,16000
4135,oot,10000,250,3,2.019554,1.541466,16000
4136,scorep,10000,250,11,0.963544,0.492389,16000
4137,void,10000,1000,8,1.130706,0.651661,1000
4138,void,10000,2000,11,1.098788,0.626094,250
4139,oot,10000,2000,7,1.289861,0.809221,250
414,printf,10000,500,17,0.842294,0.364789,4000
4140,void,10000,500,14,0.878248,0.401073,4000
4141,tikki,10000,500,7,1.228714,0.749067,4000
4142,scorep,10000,250,5,1.423630,0.952684,16000
4143,extrae,10000,2000,18,1.105250,0.632135,250
4144,void,10000,1000,17,0.864823,0.383963,1000
4145,void,10000,1000,11,0.988586,0.507543,1000
4146,empty,10000,250,4,1.605708,1.128170,16000
4147,scorep,10000,2000,15,1.022863,0.551335,250
4148,tikki,10000,500,14,0.917457,0.442306,4000
4149,extrae,10000,250,19,0.904641,0.436745,16000
415,void,10000,500,10,1.008599,0.530582,4000
4150,empty,10000,500,2,2.808574,2.330014,4000
4151,printf,10000,1000,1,5.612324,5.132798,1000
4152,scorep,10000,500,1,4.762123,4.289443,4000
4153,extrae,10000,500,18,0.914482,0.442443,4000
4154,extrae,10000,2000,15,1.086514,0.617418,250
4155,printf,10000,500,11,0.967390,0.485967,4000
4156,void,10000,2000,13,1.029397,0.555419,250
4157,oot,10000,500,11,0.970571,0.492068,4000
4158,printf,10000,500,14,0.886680,0.406362,4000
4159,scorep,10000,250,17,0.829195,0.357962,16000
416,extrae,10000,2000,8,1.241492,0.771746,250
4160,oot,10000,500,14,0.881452,0.401357,4000
4161,printf,10000,2000,16,1.033018,0.552743,250
4162,oot,10000,250,1,5.640488,5.161588,16000
4163,scorep,10000,500,8,1.105250,0.633560,4000
4164,empty,10000,500,19,0.846330,0.366269,4000
4165,void,10000,1000,19,0.863672,0.384616,1000
4166,void,10000,250,6,1.288146,0.810210,16000
4167,scorep,10000,2000,4,1.654896,1.184202,250
4168,empty,10000,500,12,0.936176,0.457379,4000
4169,extrae,10000,1000,2,2.738351,2.261488,1000
417,oot,10000,2000,7,1.282328,0.805072,250
4170,scorep,10000,500,5,1.403279,0.931716,4000
4171,empty,10000,500,5,1.399034,0.918826,4000
4172,empty,10000,1000,15,0.884309,0.405978,1000
4173,extrae,10000,2000,11,1.125663,0.654204,250
4174,empty,10000,500,17,0.848478,0.369360,4000
4175,printf,10000,2000,19,1.035880,0.555135,250
4176,extrae,10000,250,20,0.906252,0.436152,16000
4177,printf,10000,1000,4,1.597641,1.117699,1000
4178,printf,10000,1000,3,1.998622,1.518586,1000
4179,extrae,10000,1000,18,0.934674,0.461921,1000
418,tikki,10000,500,15,0.901015,0.421355,4000
4180,void,10000,1000,18,0.863474,0.384406,1000
4181,tikki,10000,1000,20,0.903494,0.425043,1000
4182,printf,10000,2000,2,2.704359,2.224185,250
4183,tikki,10000,1000,6,1.332357,0.860751,1000
4184,empty,10000,500,11,0.971604,0.490329,4000
4185,tikki,10000,250,4,1.683039,1.202965,16000
4186,tikki,10000,500,9,1.094981,0.614907,4000
4187,oot,10000,1000,16,0.872154,0.391948,1000
4188,scorep,10000,2000,19,1.035282,0.564418,250
4189,printf,10000,500,15,0.859945,0.381521,4000
419,tikki,10000,2000,12,1.120462,0.640923,250
4190,scorep,10000,1000,9,1.067864,0.595185,1000
4191,empty,10000,1000,3,2.031116,1.551654,1000
4192,printf,10000,2000,8,1.198653,0.720022,250
4193,printf,10000,250,15,0.854782,0.377507,16000
4194,empty,10000,2000,1,5.644716,5.167541,250
4195,scorep,10000,500,18,0.838502,0.367594,4000
4196,extrae,10000,500,6,1.295696,0.822461,4000
4197,scorep,10000,2000,17,1.023778,0.554200,250
4198,scorep,10000,500,10,1.003112,0.528697,4000
4199,empty,10000,500,14,0.880280,0.400662,4000
42,tikki,10000,250,16,0.884442,0.404714,16000
420,oot,10000,500,11,0.967115,0.490224,4000
4200,oot,10000,1000,17,0.863812,0.384891,1000
4201,empty,10000,2000,11,1.083713,0.605664,250
4202,empty,10000,500,9,1.052020,0.573330,4000
4203,void,10000,250,17,0.834407,0.355802,16000
4204,void,10000,1000,15,0.875900,0.397908,1000
4205,printf,10000,1000,13,0.918095,0.442718,1000
4206,tikki,10000,250,15,0.899007,0.420478,16000
4207,scorep,10000,2000,5,1.462029,0.992251,250
4208,void,10000,2000,5,1.475293,0.995492,250
4209,extrae,10000,2000,10,1.157358,0.683603,250
421,printf,10000,2000,11,1.083826,0.605671,250
4210,printf,10000,500,12,0.936268,0.456735,4000
4211,tikki,10000,500,15,0.912412,0.432907,4000
4212,void,10000,2000,6,1.371959,0.892822,250
4213,scorep,10000,1000,5,1.415264,0.938108,1000
4214,scorep,10000,500,7,1.181792,0.705063,4000
4215,extrae,10000,250,16,0.914909,0.444826,16000
4216,scorep,10000,1000,19,0.856048,0.388526,1000
4217,empty,10000,2000,8,1.202719,0.723914,250
4218,tikki,10000,2000,5,1.499446,1.019537,250
4219,empty,10000,250,1,5.640399,5.162852,16000
422,extrae,10000,500,4,1.591583,1.119860,4000
4220,oot,10000,2000,1,5.640734,5.161708,250
4221,empty,10000,2000,4,1.641772,1.161124,250
4222,scorep,10000,250,16,0.833495,0.362680,16000
4223,scorep,10000,250,18,0.824406,0.353362,16000
4224,oot,10000,2000,12,1.066187,0.589411,250
4225,printf,10000,2000,15,1.036110,0.557975,250
4226,tikki,10000,500,1,6.035647,5.557165,4000
4227,printf,10000,500,3,1.953814,1.473866,4000
4228,printf,10000,1000,19,0.859941,0.382138,1000
4229,empty,10000,250,16,0.845902,0.366035,16000
423,scorep,10000,250,16,0.844444,0.369093,16000
4230,scorep,10000,500,16,0.838726,0.370287,4000
4231,oot,10000,1000,14,0.907833,0.428272,1000
4232,empty,10000,1000,19,0.859720,0.381857,1000
4233,void,10000,250,8,1.120457,0.638211,16000
4234,extrae,10000,2000,6,1.355075,0.880675,250
4235,void,10000,1000,10,1.027806,0.548049,1000
4236,tikki,10000,500,4,1.628667,1.148936,4000
4237,scorep,10000,1000,7,1.200361,0.730012,1000
4238,scorep,10000,250,6,1.287447,0.819112,16000
4239,empty,10000,250,8,1.102183,0.634694,16000
424,printf,10000,1000,17,0.863134,0.385334,1000
4240,oot,10000,2000,11,1.082945,0.605992,250
4241,empty,10000,250,14,0.867264,0.399271,16000
4242,extrae,10000,250,8,1.193116,0.720813,16000
4243,oot,10000,500,2,2.771384,2.294306,4000
4244,scorep,10000,500,4,1.575049,1.104643,4000
4245,empty,10000,2000,13,1.030154,0.552136,250
4246,oot,10000,500,8,1.104800,0.627677,4000
4247,tikki,10000,2000,6,1.389016,0.912155,250
4248,tikki,10000,250,16,0.872248,0.394159,16000
4249,extrae,10000,500,20,0.918624,0.449170,4000
425,empty,10000,1000,4,1.586343,1.109937,1000
4250,oot,10000,250,2,2.878089,2.397464,16000
4251,empty,10000,1000,10,1.030989,0.554357,1000
4252,empty,10000,250,2,2.866897,2.388314,16000
4253,tikki,10000,1000,15,0.937881,0.459100,1000
4254,scorep,10000,500,3,1.954100,1.482578,4000
4255,tikki,10000,1000,3,2.144296,1.665732,1000
4256,tikki,10000,1000,4,1.627471,1.154311,1000
4257,oot,10000,1000,1,5.647068,5.168199,1000
4258,tikki,10000,2000,9,1.185045,0.707033,250
4259,oot,10000,250,16,0.836004,0.357542,16000
426,extrae,10000,500,11,1.012767,0.543959,4000
4260,printf,10000,1000,10,1.041246,0.558612,1000
4261,extrae,10000,1000,3,1.986041,1.513531,1000
4262,scorep,10000,500,6,1.278690,0.798649,4000
4263,extrae,10000,250,7,1.267485,0.794492,16000
4264,extrae,10000,2000,13,1.085122,0.614628,250
4265,empty,10000,2000,12,1.067317,0.588479,250
4266,void,10000,250,14,0.880717,0.399899,16000
4267,printf,10000,250,16,0.842674,0.363996,16000
4268,empty,10000,2000,6,1.353235,0.875996,250
4269,empty,10000,250,3,2.039438,1.562031,16000
427,extrae,10000,500,16,0.914300,0.445257,4000
4270,scorep,10000,250,15,0.850028,0.379546,16000
4271,extrae,10000,2000,3,2.057868,1.585613,250
4272,printf,10000,500,9,1.052478,0.570805,4000
4273,extrae,10000,250,9,1.128217,0.658810,16000
4274,oot,10000,500,18,0.842655,0.364106,4000
4275,tikki,10000,250,13,0.942294,0.464857,16000
4276,printf,10000,250,10,1.016706,0.540074,16000
4277,tikki,10000,250,9,1.099005,0.621015,16000
4278,extrae,10000,1000,15,0.941700,0.471201,1000
4279,extrae,10000,500,7,1.202284,0.733306,4000
428,tikki,10000,500,4,1.615561,1.138098,4000
4280,void,10000,1000,6,1.294540,0.816935,1000
4281,oot,10000,250,15,0.857124,0.379103,16000
4282,oot,10000,2000,18,1.038359,0.561797,250
4283,tikki,10000,500,11,1.004527,0.524752,4000
4284,void,10000,250,1,5.628244,5.150235,16000
4285,void,10000,500,17,0.844155,0.364184,4000
4286,empty,10000,1000,5,1.418217,0.937919,1000
4287,extrae,10000,250,15,0.932938,0.464704,16000
4288,extrae,10000,1000,7,1.234068,0.761785,1000
4289,printf,10000,1000,9,1.078091,0.597227,1000
429,empty,10000,2000,3,2.031241,1.552827,250
4290,empty,10000,1000,18,0.858882,0.382581,1000
4291,printf,10000,2000,10,1.104828,0.624736,250
4292,empty,10000,250,7,1.196287,0.714527,16000
4293,scorep,10000,1000,6,1.290316,0.819482,1000
4294,scorep,10000,500,2,2.803151,2.323966,4000
4295,extrae,10000,1000,11,1.027515,0.557216,1000
4296,oot,10000,500,3,1.970402,1.490559,4000
4297,tikki,10000,2000,8,1.242259,0.761419,250
4298,void,10000,1000,14,0.903227,0.422604,1000
4299,printf,10000,2000,9,1.160966,0.680358,250
43,oot,10000,250,13,0.905121,0.426328,16000
430,printf,10000,2000,9,1.151340,0.674639,250
4300,void,10000,2000,3,2.078730,1.599864,250
4301,empty,10000,2000,19,1.043200,0.564871,250
4302,oot,10000,250,4,1.611083,1.131671,16000
4303,extrae,10000,250,14,0.954655,0.480825,16000
4304,scorep,10000,1000,17,0.856337,0.386428,1000
4305,oot,10000,1000,10,1.030401,0.551688,1000
4306,oot,10000,250,9,1.057428,0.577385,16000
4307,empty,10000,1000,9,1.075361,0.596368,1000
4308,empty,10000,250,5,1.434341,0.954387,16000
4309,empty,10000,250,11,0.970093,0.488826,16000
431,void,10000,2000,9,1.151856,0.674520,250
4310,empty,10000,500,3,1.990404,1.513066,4000
4311,oot,10000,2000,6,1.359268,0.878837,250
4312,oot,10000,500,1,5.601664,5.123283,4000
4313,printf,10000,2000,6,1.345475,0.865548,250
4314,printf,10000,1000,6,1.296046,0.814628,1000
4315,printf,10000,500,17,0.845677,0.365437,4000
4316,void,10000,250,19,0.827925,0.348484,16000
4317,void,10000,250,11,0.966545,0.486787,16000
4318,printf,10000,1000,15,0.879877,0.401986,1000
4319,void,10000,2000,2,2.703720,2.226377,250
432,void,10000,500,3,1.986541,1.507633,4000
4320,printf,10000,250,11,0.973979,0.496659,16000
4321,void,10000,1000,3,2.036830,1.558118,1000
4322,tikki,10000,500,16,0.886108,0.410148,4000
4323,extrae,10000,250,10,1.082339,0.611661,16000
4324,scorep,10000,500,12,0.925487,0.455367,4000
4325,oot,10000,500,7,1.183389,0.705423,4000
4326,oot,10000,500,5,1.397304,0.918495,4000
4327,printf,10000,2000,4,1.624957,1.144433,250
4328,extrae,10000,2000,17,1.099496,0.628526,250
4329,printf,10000,250,7,1.197513,0.719238,16000
433,extrae,10000,250,19,0.903290,0.433552,16000
4330,void,10000,250,9,1.067263,0.586077,16000
4331,printf,10000,500,1,5.601099,5.114895,4000
4332,printf,10000,500,7,1.191127,0.709727,4000
4333,empty,10000,1000,6,1.293027,0.811499,1000
4334,empty,10000,250,12,0.934169,0.455302,16000
4335,extrae,10000,500,17,0.909727,0.439841,4000
4336,extrae,10000,1000,9,1.104808,0.633673,1000
4337,tikki,10000,1000,9,1.118298,0.638212,1000
4338,printf,10000,2000,11,1.107617,0.627205,250
4339,void,10000,250,7,1.187961,0.711279,16000
434,extrae,10000,2000,9,1.183011,0.714548,250
4340,empty,10000,2000,5,1.477932,0.998881,250
4341,oot,10000,1000,8,1.134500,0.656159,1000
4342,oot,10000,2000,17,1.036370,0.556059,250
4343,tikki,10000,1000,18,0.902827,0.426420,1000
4344,printf,10000,250,4,1.622818,1.143577,16000
4345,printf,10000,1000,20,0.860178,0.381035,1000
4346,void,10000,2000,4,1.662519,1.184390,250
4347,scorep,10000,1000,8,1.128357,0.657423,1000
4348,oot,10000,250,7,1.188873,0.712685,16000
4349,oot,10000,2000,9,1.140315,0.662386,250
435,scorep,10000,2000,1,5.671374,5.193485,250
4350,oot,10000,1000,13,0.925420,0.445556,1000
4351,printf,10000,1000,2,2.768658,2.287878,1000
4352,tikki,10000,2000,2,2.924911,2.447919,250
4353,void,10000,1000,16,0.869513,0.389834,1000
4354,printf,10000,2000,14,1.028144,0.550971,250
4355,extrae,10000,2000,14,1.080852,0.608621,250
4356,void,10000,2000,1,5.657103,5.177477,250
4357,empty,10000,1000,20,0.863766,0.383312,1000
4358,extrae,10000,2000,7,1.290714,0.821143,250
4359,empty,10000,2000,2,2.704555,2.225508,250
436,oot,10000,1000,13,0.922472,0.443002,1000
4360,empty,10000,250,15,0.864761,0.383671,16000
4361,printf,10000,2000,12,1.064954,0.587851,250
4362,oot,10000,2000,13,1.034116,0.555488,250
4363,tikki,10000,500,3,2.112882,1.636091,4000
4364,printf,10000,1000,12,0.949808,0.473896,1000
4365,scorep,10000,250,10,1.006058,0.537492,16000
4366,scorep,10000,250,2,2.872031,2.401323,16000
4367,empty,10000,2000,17,1.032539,0.552840,250
4368,empty,10000,1000,11,0.985331,0.509718,1000
4369,void,10000,1000,5,1.422764,0.951406,1000
437,scorep,10000,500,10,1.005113,0.532188,4000
4370,void,10000,250,16,0.836253,0.357700,16000
4371,tikki,10000,2000,17,1.071364,0.591497,250
4372,oot,10000,1000,20,0.863083,0.383350,1000
4373,tikki,10000,1000,16,0.914019,0.434542,1000
4374,void,10000,2000,12,1.084093,0.603790,250
4375,oot,10000,1000,12,0.955158,0.475721,1000
4376,extrae,10000,2000,2,2.727948,2.250922,250
4377,scorep,10000,2000,20,1.022715,0.554556,250
4378,oot,10000,2000,5,1.469627,0.992962,250
4379,scorep,10000,500,19,0.832897,0.363194,4000
438,scorep,10000,250,13,0.903006,0.429618,16000
4380,oot,10000,1000,15,0.881848,0.404573,1000
4381,void,10000,2000,14,1.032943,0.551928,250
4382,oot,10000,250,20,0.826460,0.346719,16000
4383,empty,10000,250,18,0.830226,0.350578,16000
4384,scorep,10000,2000,1,4.790546,4.321113,250
4385,printf,10000,500,20,0.836179,0.361127,4000
4386,empty,10000,500,4,1.585228,1.107531,4000
4387,void,10000,250,10,1.020456,0.538334,16000
4388,void,10000,250,18,0.827126,0.348568,16000
4389,scorep,10000,2000,14,1.026364,0.555267,250
439,void,10000,1000,2,2.790944,2.312318,1000
4390,void,10000,500,1,5.608472,5.128490,4000
4391,extrae,10000,250,11,1.039177,0.566843,16000
4392,empty,10000,2000,20,1.035431,0.555278,250
4393,printf,10000,250,2,2.872384,2.395808,16000
4394,oot,10000,500,10,1.013077,0.531059,4000
4395,tikki,10000,1000,12,0.989914,0.510835,1000
4396,oot,10000,250,13,0.912292,0.431572,16000
4397,void,10000,500,15,0.865959,0.386583,4000
4398,printf,10000,500,13,0.902916,0.423338,4000
4399,tikki,10000,1000,8,1.173473,0.694252,1000
44,void,10000,250,19,0.827275,0.350345,16000
440,oot,10000,250,19,0.831627,0.352457,16000
4400,printf,10000,1000,18,0.865919,0.386826,1000
4401,void,10000,500,18,0.844859,0.364508,4000
4402,void,10000,1000,20,0.863634,0.382190,1000
4403,void,10000,1000,9,1.072678,0.596410,1000
4404,printf,10000,500,10,1.010172,0.531395,4000
4405,tikki,10000,250,17,0.874433,0.396249,16000
4406,oot,10000,1000,2,2.794853,2.318072,1000
4407,extrae,10000,1000,1,5.598920,5.120404,1000
4408,oot,10000,2000,8,1.211948,0.732486,250
4409,extrae,10000,250,2,2.989473,2.513601,16000
441,printf,10000,500,6,1.279309,0.799890,4000
4410,tikki,10000,250,14,0.917019,0.437199,16000
4411,printf,10000,2000,17,1.032578,0.555563,250
4412,void,10000,1000,4,1.593290,1.114906,1000
4413,empty,10000,500,8,1.098586,0.623188,4000
4414,scorep,10000,1000,16,0.869044,0.388079,1000
4415,empty,10000,1000,16,0.869115,0.390002,1000
4416,printf,10000,1000,8,1.131115,0.653186,1000
4417,empty,10000,1000,13,0.929887,0.449446,1000
4418,oot,10000,2000,19,1.034744,0.555772,250
4419,scorep,10000,500,9,1.042855,0.572920,4000
442,oot,10000,500,12,0.935709,0.456717,4000
4420,tikki,10000,250,10,1.051302,0.571743,16000
4421,printf,10000,2000,1,5.648000,5.166501,250
4422,oot,10000,2000,2,2.706950,2.228058,250
4423,scorep,10000,250,20,0.823369,0.351910,16000
4424,empty,10000,1000,1,5.608853,5.129269,1000
4425,tikki,10000,250,19,0.865226,0.386348,16000
4426,void,10000,500,3,1.970588,1.490317,4000
4427,scorep,10000,1000,1,4.759434,4.288936,1000
4428,scorep,10000,2000,16,1.025080,0.554928,250
4429,scorep,10000,2000,11,1.098998,0.628572,250
443,oot,10000,1000,18,0.861171,0.383348,1000
4430,empty,10000,500,20,0.843557,0.363663,4000
4431,void,10000,250,15,0.852980,0.375327,16000
4432,void,10000,500,4,1.583110,1.103861,4000
4433,tikki,10000,500,17,0.888987,0.410576,4000
4434,tikki,10000,500,19,0.882260,0.404989,4000
4435,scorep,10000,250,1,4.788325,4.318048,16000
4436,scorep,10000,1000,13,0.916422,0.447371,1000
4437,tikki,10000,2000,10,1.136240,0.659037,250
4438,printf,10000,250,6,1.296197,0.818039,16000
4439,void,10000,500,7,1.183528,0.705104,4000
444,void,10000,500,13,0.904631,0.427529,4000
4440,tikki,10000,1000,7,1.252937,0.771764,1000
4441,scorep,10000,250,12,0.929337,0.459153,16000
4442,empty,10000,250,6,1.293843,0.815213,16000
4443,empty,10000,1000,8,1.129805,0.649565,1000
4444,tikki,10000,2000,7,1.297981,0.821788,250
4445,extrae,10000,250,13,0.971326,0.503361,16000
4446,void,10000,500,2,2.796628,2.319907,4000
4447,scorep,10000,500,11,0.960481,0.491159,4000
4448,oot,10000,250,6,1.294883,0.817593,16000
4449,void,10000,250,13,0.904930,0.426337,16000
445,extrae,10000,2000,5,1.486907,1.014246,250
4450,oot,10000,1000,18,0.867509,0.387751,1000
4451,empty,10000,1000,2,2.773489,2.292655,1000
4452,oot,10000,500,9,1.056186,0.576744,4000
4453,tikki,10000,2000,16,1.082873,0.605843,250
4454,scorep,10000,1000,18,0.854913,0.383490,1000
4455,empty,10000,2000,10,1.131215,0.654364,250
4456,extrae,10000,250,1,5.651413,5.177418,16000
4457,oot,10000,250,10,1.015380,0.538139,16000
4458,extrae,10000,250,4,1.682236,1.208551,16000
4459,scorep,10000,2000,12,1.062479,0.592131,250
446,scorep,10000,2000,20,1.036080,0.557249,250
4460,void,10000,2000,7,1.274461,0.795584,250
4461,tikki,10000,250,7,1.239476,0.760698,16000
4462,extrae,10000,500,9,1.088421,0.617638,4000
4463,tikki,10000,250,5,1.467550,0.989438,16000
4464,extrae,10000,2000,9,1.179525,0.708573,250
4465,empty,10000,500,18,0.844550,0.365811,4000
4466,tikki,10000,500,10,1.047258,0.568263,4000
4467,extrae,10000,2000,1,5.694737,5.218829,250
4468,void,10000,500,13,0.907893,0.427534,4000
4469,scorep,10000,1000,20,0.855735,0.384677,1000
447,tikki,10000,2000,17,1.069442,0.591112,250
4470,scorep,10000,2000,18,1.032606,0.563054,250
4471,tikki,10000,1000,17,0.902642,0.425693,1000
4472,extrae,10000,1000,10,1.074273,0.601071,1000
4473,empty,10000,1000,14,0.900930,0.423809,1000
4474,scorep,10000,250,13,0.907285,0.427910,16000
4475,printf,10000,2000,18,1.028319,0.551378,250
4476,extrae,10000,2000,5,1.475820,1.002279,250
4477,oot,10000,1000,5,1.422297,0.940235,1000
4478,oot,10000,1000,19,0.864072,0.384726,1000
4479,void,10000,2000,20,1.039093,0.562420,250
448,scorep,10000,2000,4,1.641619,1.168960,250
4480,printf,10000,2000,20,1.029124,0.551015,250
4481,extrae,10000,1000,18,0.935365,0.466252,1000
4482,empty,10000,250,18,0.829789,0.353716,16000
4483,void,10000,2000,14,1.032465,0.552521,250
4484,printf,10000,250,12,0.936649,0.456569,16000
4485,scorep,10000,250,13,0.895811,0.425630,16000
4486,extrae,10000,1000,12,0.993030,0.524023,1000
4487,extrae,10000,250,14,0.955343,0.483763,16000
4488,oot,10000,250,10,1.016008,0.537999,16000
4489,void,10000,1000,14,0.898986,0.419361,1000
449,extrae,10000,1000,15,0.935637,0.466942,1000
4490,printf,10000,500,14,0.883170,0.403593,4000
4491,extrae,10000,1000,7,1.229928,0.757678,1000
4492,tikki,10000,1000,15,0.927615,0.449514,1000
4493,extrae,10000,250,4,1.743943,1.270846,16000
4494,scorep,10000,2000,12,1.074413,0.594140,250
4495,empty,10000,1000,10,1.030470,0.551962,1000
4496,oot,10000,250,15,0.859132,0.380045,16000
4497,scorep,10000,500,14,0.879597,0.411286,4000
4498,scorep,10000,500,7,1.173961,0.705067,4000
4499,scorep,10000,2000,19,1.026684,0.558091,250
45,extrae,10000,2000,7,1.304263,0.832757,250
450,empty,10000,1000,14,0.902133,0.422557,1000
4500,extrae,10000,2000,12,1.114556,0.643634,250
4501,printf,10000,1000,6,1.304050,0.825847,1000
4502,scorep,10000,250,4,1.602111,1.129400,16000
4503,void,10000,2000,6,1.347053,0.869609,250
4504,void,10000,250,19,0.828909,0.352398,16000
4505,extrae,10000,1000,16,0.928956,0.459705,1000
4506,void,10000,500,7,1.180048,0.699121,4000
4507,tikki,10000,250,13,0.943895,0.463407,16000
4508,void,10000,250,13,0.901700,0.422423,16000
4509,tikki,10000,250,1,5.828948,5.349840,16000
451,void,10000,1000,7,1.201856,0.723084,1000
4510,printf,10000,1000,9,1.072569,0.595767,1000
4511,oot,10000,250,8,1.117912,0.638923,16000
4512,scorep,10000,500,4,1.567388,1.096798,4000
4513,printf,10000,2000,19,1.032481,0.553725,250
4514,tikki,10000,1000,4,1.629899,1.150700,1000
4515,oot,10000,250,20,0.831969,0.351373,16000
4516,empty,10000,1000,14,0.898326,0.418493,1000
4517,printf,10000,250,1,5.680589,5.200120,16000
4518,empty,10000,500,9,1.048748,0.569696,4000
4519,scorep,10000,250,14,0.871433,0.401525,16000
452,extrae,10000,500,19,0.914833,0.445607,4000
4520,void,10000,1000,18,0.860994,0.382081,1000
4521,printf,10000,1000,10,1.029973,0.550942,1000
4522,empty,10000,500,3,1.966001,1.480175,4000
4523,extrae,10000,1000,13,0.968449,0.498931,1000
4524,extrae,10000,250,20,0.911866,0.440743,16000
4525,tikki,10000,2000,2,3.065205,2.588766,250
4526,void,10000,2000,8,1.216413,0.737883,250
4527,void,10000,500,9,1.055335,0.575827,4000
4528,printf,10000,500,20,0.844003,0.362877,4000
4529,oot,10000,250,17,0.839158,0.359109,16000
453,void,10000,500,17,0.847007,0.370151,4000
4530,scorep,10000,250,18,0.822681,0.352966,16000
4531,tikki,10000,2000,15,1.076267,0.597396,250
4532,empty,10000,250,13,0.896431,0.419659,16000
4533,extrae,10000,250,12,1.005042,0.533849,16000
4534,tikki,10000,250,7,1.229557,0.752080,16000
4535,printf,10000,2000,11,1.100259,0.623303,250
4536,printf,10000,250,11,0.971341,0.491747,16000
4537,void,10000,500,12,0.930577,0.453944,4000
4538,scorep,10000,2000,10,1.118399,0.647381,250
4539,tikki,10000,500,19,0.884711,0.408487,4000
454,void,10000,250,18,0.835545,0.355693,16000
4540,extrae,10000,500,17,0.913833,0.442641,4000
4541,oot,10000,500,4,1.580392,1.101487,4000
4542,void,10000,250,15,0.852440,0.373887,16000
4543,tikki,10000,2000,8,1.249553,0.769145,250
4544,oot,10000,500,19,0.839059,0.362125,4000
4545,printf,10000,500,7,1.178207,0.701354,4000
4546,oot,10000,500,2,2.814410,2.334682,4000
4547,oot,10000,500,15,0.865224,0.387983,4000
4548,empty,10000,2000,6,1.339807,0.859609,250
4549,empty,10000,250,16,0.839308,0.361945,16000
455,extrae,10000,2000,12,1.111233,0.642660,250
4550,empty,10000,500,17,0.845945,0.366054,4000
4551,scorep,10000,1000,6,1.287473,0.817048,1000
4552,extrae,10000,2000,5,1.489963,1.021149,250
4553,extrae,10000,2000,19,1.102016,0.632556,250
4554,void,10000,500,10,1.006338,0.527396,4000
4555,scorep,10000,500,17,0.839509,0.370290,4000
4556,scorep,10000,250,12,0.922599,0.452318,16000
4557,printf,10000,2000,13,1.035784,0.557647,250
4558,tikki,10000,1000,8,1.167829,0.688154,1000
4559,oot,10000,2000,16,1.030654,0.552770,250
456,tikki,10000,250,6,1.337849,0.860914,16000
4560,printf,10000,250,7,1.207626,0.731161,16000
4561,tikki,10000,2000,20,1.071485,0.591758,250
4562,extrae,10000,1000,20,0.938009,0.466898,1000
4563,printf,10000,2000,20,1.039499,0.559071,250
4564,empty,10000,1000,17,0.862911,0.386033,1000
4565,extrae,10000,2000,14,1.091565,0.617851,250
4566,printf,10000,250,9,1.058000,0.580120,16000
4567,extrae,10000,500,8,1.132845,0.661769,4000
4568,printf,10000,2000,10,1.124125,0.647562,250
4569,printf,10000,500,9,1.054246,0.576562,4000
457,extrae,10000,500,3,1.960099,1.486946,4000
4570,extrae,10000,1000,4,1.625737,1.153580,1000
4571,tikki,10000,1000,11,1.024841,0.555492,1000
4572,extrae,10000,2000,17,1.096978,0.625938,250
4573,printf,10000,2000,2,2.704424,2.225346,250
4574,extrae,10000,2000,3,2.030291,1.557395,250
4575,scorep,10000,1000,9,1.067537,0.598795,1000
4576,void,10000,2000,2,2.704609,2.225020,250
4577,empty,10000,250,15,0.858297,0.377997,16000
4578,oot,10000,1000,9,1.073270,0.594946,1000
4579,scorep,10000,2000,7,1.259188,0.790860,250
458,oot,10000,250,12,0.927669,0.448936,16000
4580,oot,10000,2000,17,1.034449,0.556789,250
4581,extrae,10000,500,15,0.918816,0.451952,4000
4582,tikki,10000,2000,17,1.076646,0.596939,250
4583,scorep,10000,500,12,0.926184,0.455639,4000
4584,oot,10000,250,18,0.828531,0.352403,16000
4585,oot,10000,250,4,1.623198,1.145170,16000
4586,oot,10000,1000,18,0.862069,0.381604,1000
4587,empty,10000,1000,18,0.862707,0.384087,1000
4588,printf,10000,500,17,0.843232,0.366769,4000
4589,oot,10000,1000,16,0.866037,0.386768,1000
459,void,10000,250,3,2.009861,1.529954,16000
4590,scorep,10000,500,6,1.271891,0.802454,4000
4591,void,10000,1000,3,2.034489,1.554657,1000
4592,tikki,10000,500,4,1.645951,1.166731,4000
4593,empty,10000,500,20,0.838980,0.361627,4000
4594,scorep,10000,1000,11,0.980135,0.512784,1000
4595,oot,10000,2000,2,2.703439,2.222298,250
4596,scorep,10000,250,15,0.850206,0.380355,16000
4597,empty,10000,500,8,1.113449,0.633554,4000
4598,printf,10000,1000,17,0.863976,0.387058,1000
4599,tikki,10000,500,14,0.933440,0.455614,4000
46,oot,10000,2000,13,1.034510,0.559182,250
460,scorep,10000,500,14,0.885069,0.406160,4000
4600,extrae,10000,1000,3,1.997751,1.523856,1000
4601,extrae,10000,250,2,3.043870,2.566293,16000
4602,void,10000,1000,5,1.422166,0.945005,1000
4603,printf,10000,500,1,5.613999,5.137004,4000
4604,scorep,10000,500,13,0.901207,0.425395,4000
4605,tikki,10000,250,2,3.014117,2.537786,16000
4606,extrae,10000,2000,15,1.087630,0.619495,250
4607,void,10000,250,16,0.838719,0.360495,16000
4608,printf,10000,1000,3,2.014680,1.534223,1000
4609,extrae,10000,2000,13,1.079326,0.609877,250
461,tikki,10000,2000,4,1.663037,1.194335,250
4610,void,10000,250,4,1.599667,1.121537,16000
4611,oot,10000,2000,9,1.160837,0.682063,250
4612,printf,10000,1000,13,0.925298,0.447713,1000
4613,printf,10000,1000,16,0.865251,0.388496,1000
4614,tikki,10000,1000,3,2.137218,1.660026,1000
4615,extrae,10000,2000,10,1.158021,0.686923,250
4616,void,10000,2000,10,1.123581,0.643666,250
4617,oot,10000,500,6,1.279371,0.797862,4000
4618,void,10000,1000,11,0.989396,0.508912,1000
4619,scorep,10000,2000,11,1.087382,0.608148,250
462,scorep,10000,250,17,0.830286,0.357763,16000
4620,tikki,10000,250,6,1.326379,0.858076,16000
4621,void,10000,500,3,2.002607,1.524236,4000
4622,extrae,10000,250,5,1.498145,1.025130,16000
4623,printf,10000,1000,19,0.865132,0.384301,1000
4624,extrae,10000,500,5,1.425209,0.951488,4000
4625,void,10000,1000,6,1.290872,0.814010,1000
4626,scorep,10000,250,19,0.820065,0.351326,16000
4627,printf,10000,2000,8,1.201198,0.719744,250
4628,extrae,10000,2000,2,2.731589,2.255029,250
4629,extrae,10000,500,1,5.614920,5.136528,4000
463,empty,10000,2000,7,1.265838,0.788179,250
4630,tikki,10000,2000,4,1.672205,1.191928,250
4631,extrae,10000,500,2,2.730098,2.250964,4000
4632,oot,10000,500,17,0.848495,0.370273,4000
4633,empty,10000,500,18,0.846504,0.366838,4000
4634,oot,10000,2000,5,1.482228,1.004086,250
4635,scorep,10000,500,18,0.834835,0.367122,4000
4636,empty,10000,250,20,0.829666,0.351344,16000
4637,empty,10000,1000,8,1.127068,0.648458,1000
4638,void,10000,250,10,1.008276,0.530999,16000
4639,extrae,10000,500,11,1.003977,0.535110,4000
464,empty,10000,1000,7,1.203758,0.722352,1000
4640,empty,10000,2000,4,1.635869,1.157431,250
4641,oot,10000,1000,10,1.029691,0.549915,1000
4642,printf,10000,500,3,1.953552,1.474590,4000
4643,empty,10000,1000,7,1.202783,0.722454,1000
4644,printf,10000,250,6,1.322739,0.841669,16000
4645,oot,10000,2000,13,1.032771,0.552265,250
4646,extrae,10000,250,6,1.354649,0.882002,16000
4647,void,10000,250,7,1.195105,0.717322,16000
4648,scorep,10000,250,20,0.823451,0.353449,16000
4649,extrae,10000,250,1,5.662869,5.187561,16000
465,printf,10000,500,11,0.967655,0.488936,4000
4650,oot,10000,250,19,0.832716,0.353301,16000
4651,oot,10000,1000,14,0.905402,0.426157,1000
4652,tikki,10000,250,19,0.878195,0.397929,16000
4653,tikki,10000,250,8,1.152528,0.672301,16000
4654,oot,10000,500,18,0.842704,0.363039,4000
4655,scorep,10000,250,17,0.821608,0.353486,16000
4656,oot,10000,250,13,0.900004,0.423788,16000
4657,void,10000,1000,20,0.859922,0.381246,1000
4658,oot,10000,1000,19,0.858729,0.382310,1000
4659,void,10000,1000,12,0.950297,0.469909,1000
466,extrae,10000,250,4,1.684523,1.211683,16000
4660,void,10000,1000,19,0.861845,0.384710,1000
4661,tikki,10000,1000,2,3.003184,2.522062,1000
4662,void,10000,1000,13,0.924742,0.444807,1000
4663,void,10000,250,12,0.934802,0.458873,16000
4664,tikki,10000,500,6,1.319948,0.840061,4000
4665,tikki,10000,250,20,0.863378,0.383581,16000
4666,empty,10000,250,9,1.057130,0.577427,16000
4667,oot,10000,500,16,0.851651,0.372877,4000
4668,tikki,10000,1000,6,1.331549,0.852579,1000
4669,printf,10000,2000,1,5.637299,5.159010,250
467,printf,10000,250,2,2.899203,2.418463,16000
4670,tikki,10000,2000,16,1.077611,0.598626,250
4671,void,10000,250,11,0.972230,0.492382,16000
4672,empty,10000,2000,17,1.031800,0.555025,250
4673,empty,10000,500,19,0.844068,0.365666,4000
4674,scorep,10000,500,11,0.965186,0.490052,4000
4675,scorep,10000,500,1,4.778738,4.299648,4000
4676,tikki,10000,250,17,0.870028,0.391620,16000
4677,extrae,10000,1000,5,1.429225,0.957238,1000
4678,void,10000,500,4,1.572185,1.096755,4000
4679,oot,10000,1000,20,0.861025,0.384743,1000
468,extrae,10000,2000,13,1.079719,0.608530,250
4680,tikki,10000,1000,9,1.114866,0.635246,1000
4681,scorep,10000,1000,7,1.195473,0.725619,1000
4682,printf,10000,250,4,1.627409,1.150725,16000
4683,empty,10000,250,2,2.890159,2.410329,16000
4684,oot,10000,250,3,2.082561,1.606937,16000
4685,oot,10000,1000,3,2.044360,1.564588,1000
4686,extrae,10000,250,17,0.911248,0.442135,16000
4687,oot,10000,1000,13,0.927208,0.447416,1000
4688,scorep,10000,1000,1,4.746099,4.278780,1000
4689,oot,10000,1000,1,5.594418,5.116087,1000
469,extrae,10000,1000,16,0.930824,0.459150,1000
4690,tikki,10000,250,16,0.880529,0.400101,16000
4691,extrae,10000,500,12,0.981296,0.511587,4000
4692,extrae,10000,500,10,1.028048,0.560453,4000
4693,scorep,10000,1000,4,1.586642,1.116433,1000
4694,tikki,10000,500,16,0.912474,0.421247,4000
4695,void,10000,250,3,2.064573,1.587073,16000
4696,scorep,10000,250,6,1.282727,0.815859,16000
4697,empty,10000,250,19,0.827334,0.348537,16000
4698,scorep,10000,1000,8,1.114292,0.647919,1000
4699,oot,10000,1000,17,0.864384,0.387111,1000
47,tikki,10000,1000,16,0.913687,0.435306,1000
470,printf,10000,250,17,0.840280,0.357879,16000
4700,scorep,10000,1000,14,0.894399,0.424143,1000
4701,tikki,10000,250,5,1.465913,0.987471,16000
4702,void,10000,2000,20,1.032574,0.553623,250
4703,extrae,10000,500,3,2.001999,1.530134,4000
4704,scorep,10000,500,19,0.832830,0.364021,4000
4705,tikki,10000,1000,17,0.906852,0.428476,1000
4706,empty,10000,1000,4,1.584256,1.107081,1000
4707,tikki,10000,1000,12,0.999518,0.521085,1000
4708,void,10000,2000,15,1.032299,0.553917,250
4709,oot,10000,2000,1,5.652231,5.172663,250
471,printf,10000,2000,8,1.197124,0.719638,250
4710,tikki,10000,1000,14,0.947162,0.466590,1000
4711,empty,10000,250,6,1.286961,0.808238,16000
4712,empty,10000,500,11,0.977935,0.503372,4000
4713,scorep,10000,250,3,2.005928,1.536180,16000
4714,oot,10000,2000,8,1.212676,0.735464,250
4715,oot,10000,2000,12,1.069813,0.590479,250
4716,empty,10000,500,1,5.617644,5.137370,4000
4717,scorep,10000,1000,5,1.410271,0.935527,1000
4718,printf,10000,500,12,0.933036,0.453611,4000
4719,tikki,10000,2000,12,1.104068,0.626136,250
472,extrae,10000,250,10,1.080147,0.608504,16000
4720,void,10000,2000,13,1.033876,0.554304,250
4721,scorep,10000,250,10,1.013655,0.543725,16000
4722,empty,10000,2000,8,1.202559,0.722359,250
4723,scorep,10000,500,3,1.982064,1.512662,4000
4724,tikki,10000,1000,5,1.453481,0.976581,1000
4725,printf,10000,1000,5,1.422281,0.942569,1000
4726,oot,10000,500,3,2.005201,1.527896,4000
4727,printf,10000,500,13,0.904876,0.425425,4000
4728,extrae,10000,2000,16,1.090919,0.622153,250
4729,void,10000,1000,4,1.591434,1.112299,1000
473,tikki,10000,1000,20,0.902113,0.421984,1000
4730,extrae,10000,250,11,1.032101,0.565552,16000
4731,tikki,10000,250,12,0.979888,0.502430,16000
4732,void,10000,2000,3,2.085693,1.609077,250
4733,tikki,10000,2000,3,2.198237,1.720265,250
4734,oot,10000,1000,15,0.882746,0.403874,1000
4735,oot,10000,250,11,0.967164,0.488772,16000
4736,scorep,10000,2000,4,1.623041,1.153273,250
4737,tikki,10000,500,7,1.222508,0.744250,4000
4738,empty,10000,1000,16,0.867607,0.387784,1000
4739,extrae,10000,250,3,2.132853,1.660019,16000
474,empty,10000,250,11,0.966598,0.491780,16000
4740,empty,10000,1000,3,2.001624,1.521705,1000
4741,empty,10000,250,12,0.927830,0.449112,16000
4742,empty,10000,2000,16,1.033983,0.555258,250
4743,empty,10000,2000,2,2.707431,2.230089,250
4744,scorep,10000,1000,17,0.858258,0.389981,1000
4745,tikki,10000,1000,18,0.908282,0.430212,1000
4746,tikki,10000,2000,9,1.193796,0.716524,250
4747,tikki,10000,1000,20,0.898711,0.422876,1000
4748,tikki,10000,2000,10,1.150573,0.672752,250
4749,extrae,10000,250,7,1.257449,0.786995,16000
475,tikki,10000,250,7,1.236505,0.755951,16000
4750,empty,10000,1000,1,5.600791,5.120054,1000
4751,printf,10000,500,19,0.843608,0.365056,4000
4752,tikki,10000,250,9,1.111567,0.632584,16000
4753,extrae,10000,2000,11,1.117873,0.650780,250
4754,extrae,10000,2000,1,5.643672,5.176401,250
4755,printf,10000,2000,12,1.066059,0.587361,250
4756,void,10000,2000,11,1.085965,0.606484,250
4757,tikki,10000,500,11,1.012888,0.532798,4000
4758,extrae,10000,500,18,0.911185,0.438786,4000
4759,void,10000,500,13,0.904092,0.426484,4000
476,tikki,10000,1000,5,1.467448,0.988418,1000
4760,oot,10000,1000,6,1.300205,0.820401,1000
4761,oot,10000,2000,14,1.036848,0.556458,250
4762,void,10000,250,5,1.421029,0.942033,16000
4763,extrae,10000,2000,4,1.650061,1.176915,250
4764,extrae,10000,250,15,0.927071,0.457511,16000
4765,empty,10000,2000,13,1.033761,0.555614,250
4766,void,10000,250,20,0.825273,0.347805,16000
4767,scorep,10000,1000,15,0.873500,0.403706,1000
4768,tikki,10000,2000,7,1.314634,0.835226,250
4769,tikki,10000,500,20,0.889267,0.410492,4000
477,void,10000,2000,5,1.467811,0.988622,250
4770,scorep,10000,2000,6,1.344219,0.876366,250
4771,oot,10000,500,10,1.008295,0.530569,4000
4772,oot,10000,2000,10,1.109147,0.631990,250
4773,printf,10000,1000,14,0.899156,0.422696,1000
4774,void,10000,250,6,1.297724,0.817377,16000
4775,empty,10000,500,15,0.867200,0.386398,4000
4776,tikki,10000,250,14,0.928651,0.450648,16000
4777,extrae,10000,500,4,1.596605,1.122824,4000
4778,void,10000,2000,1,4.791673,4.317595,250
4779,void,10000,250,14,0.870891,0.394753,16000
478,oot,10000,250,16,0.840666,0.360393,16000
4780,oot,10000,2000,18,1.031049,0.553726,250
4781,oot,10000,250,14,0.884164,0.406463,16000
4782,scorep,10000,2000,17,1.025489,0.556354,250
4783,oot,10000,1000,8,1.127264,0.650076,1000
4784,scorep,10000,2000,8,1.205685,0.735728,250
4785,oot,10000,500,11,0.968314,0.488897,4000
4786,void,10000,2000,5,1.461783,0.981951,250
4787,scorep,10000,500,10,0.999459,0.529844,4000
4788,oot,10000,1000,11,0.988546,0.511248,1000
4789,empty,10000,500,5,1.403658,0.922815,4000
479,tikki,10000,250,11,1.016290,0.536267,16000
4790,oot,10000,2000,19,1.032416,0.553429,250
4791,scorep,10000,2000,2,2.812413,2.344984,250
4792,void,10000,2000,18,1.032469,0.555344,250
4793,scorep,10000,250,7,1.184119,0.716790,16000
4794,printf,10000,500,5,1.396948,0.919537,4000
4795,printf,10000,250,3,2.028401,1.549477,16000
4796,oot,10000,1000,4,1.592833,1.115293,1000
4797,tikki,10000,250,15,0.890072,0.412095,16000
4798,scorep,10000,2000,3,2.005651,1.535691,250
4799,extrae,10000,500,20,0.916383,0.445713,4000
48,printf,10000,1000,9,1.072622,0.594167,1000
480,tikki,10000,1000,9,1.115805,0.637200,1000
4800,empty,10000,1000,13,0.925211,0.446041,1000
4801,tikki,10000,2000,6,1.396134,0.919423,250
4802,empty,10000,500,7,1.166929,0.700655,4000
4803,void,10000,500,16,0.854195,0.373103,4000
4804,void,10000,500,20,0.842994,0.363334,4000
4805,extrae,10000,250,9,1.131473,0.659943,16000
4806,printf,10000,250,16,0.839441,0.364208,16000
4807,oot,10000,250,7,1.190247,0.711378,16000
4808,void,10000,250,8,1.122877,0.642448,16000
4809,scorep,10000,2000,16,1.023096,0.556075,250
481,extrae,10000,2000,20,1.113170,0.642101,250
4810,oot,10000,1000,5,1.420982,0.940628,1000
4811,extrae,10000,1000,19,0.935745,0.465971,1000
4812,void,10000,500,1,5.594120,5.116679,4000
4813,empty,10000,250,8,1.115476,0.636255,16000
4814,printf,10000,1000,7,1.204841,0.725538,1000
4815,extrae,10000,250,18,0.897825,0.426557,16000
4816,tikki,10000,2000,1,6.103066,5.623906,250
4817,void,10000,500,14,0.884115,0.405901,4000
4818,extrae,10000,1000,17,0.928283,0.459659,1000
4819,printf,10000,500,18,0.841551,0.365114,4000
482,void,10000,250,5,1.432744,0.953568,16000
4820,empty,10000,1000,15,0.878425,0.399201,1000
4821,printf,10000,2000,3,2.063312,1.584966,250
4822,void,10000,250,17,0.835538,0.355807,16000
4823,empty,10000,500,4,1.578230,1.099302,4000
4824,scorep,10000,500,8,1.103809,0.635446,4000
4825,scorep,10000,500,9,1.041663,0.573661,4000
4826,scorep,10000,2000,1,4.784462,4.316802,250
4827,empty,10000,250,3,2.036869,1.557261,16000
4828,scorep,10000,2000,5,1.466715,0.998330,250
4829,tikki,10000,2000,13,1.075282,0.597412,250
483,extrae,10000,2000,10,1.138595,0.665716,250
4830,extrae,10000,250,16,0.917202,0.447746,16000
4831,tikki,10000,2000,19,1.080153,0.602951,250
4832,printf,10000,500,16,0.852591,0.374253,4000
4833,empty,10000,1000,6,1.288487,0.809728,1000
4834,void,10000,1000,1,5.600849,5.121294,1000
4835,printf,10000,500,15,0.863176,0.384367,4000
4836,void,10000,2000,7,1.254173,0.778697,250
4837,oot,10000,500,13,0.905462,0.427618,4000
4838,void,10000,500,2,2.780918,2.304836,4000
4839,scorep,10000,1000,16,0.859191,0.391773,1000
484,scorep,10000,500,17,0.847347,0.367290,4000
4840,empty,10000,500,14,0.882039,0.402629,4000
4841,extrae,10000,500,14,0.934829,0.464425,4000
4842,printf,10000,2000,17,1.035549,0.556737,250
4843,void,10000,250,1,5.635159,5.156993,16000
4844,tikki,10000,2000,14,1.081313,0.603210,250
4845,scorep,10000,2000,15,1.026843,0.559162,250
4846,empty,10000,1000,2,2.761848,2.282632,1000
4847,printf,10000,1000,4,1.593050,1.113702,1000
4848,empty,10000,2000,12,1.069412,0.589892,250
4849,printf,10000,2000,6,1.354629,0.876126,250
485,tikki,10000,2000,2,2.920967,2.442303,250
4850,extrae,10000,2000,6,1.374215,0.899562,250
4851,tikki,10000,500,2,2.883231,2.405816,4000
4852,empty,10000,1000,9,1.072209,0.593317,1000
4853,oot,10000,250,12,0.931104,0.451495,16000
4854,tikki,10000,250,18,0.873781,0.394635,16000
4855,tikki,10000,250,10,1.052913,0.575226,16000
4856,tikki,10000,2000,5,1.511413,1.032765,250
4857,void,10000,2000,12,1.064931,0.589223,250
4858,tikki,10000,500,8,1.148937,0.671099,4000
4859,void,10000,1000,17,0.866736,0.385979,1000
486,scorep,10000,1000,20,0.856425,0.382916,1000
4860,scorep,10000,500,5,1.397628,0.930592,4000
4861,scorep,10000,250,5,1.418025,0.949965,16000
4862,tikki,10000,500,12,0.968148,0.488914,4000
4863,oot,10000,1000,2,2.766555,2.285103,1000
4864,tikki,10000,500,5,1.439593,0.959939,4000
4865,printf,10000,500,6,1.283579,0.804436,4000
4866,printf,10000,2000,14,1.032776,0.553306,250
4867,empty,10000,1000,19,0.865692,0.386247,1000
4868,tikki,10000,500,9,1.096538,0.615957,4000
4869,oot,10000,2000,15,1.034240,0.555617,250
487,oot,10000,250,7,1.202498,0.723423,16000
4870,printf,10000,250,18,0.829562,0.352469,16000
4871,scorep,10000,500,15,0.852847,0.386432,4000
4872,printf,10000,1000,12,0.951802,0.472952,1000
4873,printf,10000,1000,15,0.878128,0.398785,1000
4874,oot,10000,500,7,1.176836,0.700160,4000
4875,printf,10000,250,13,0.910890,0.429903,16000
4876,empty,10000,2000,5,1.463438,0.986132,250
4877,scorep,10000,1000,20,0.849377,0.382556,1000
4878,tikki,10000,1000,16,0.910832,0.433350,1000
4879,scorep,10000,250,1,4.781385,4.314511,16000
488,tikki,10000,2000,3,2.197138,1.718998,250
4880,oot,10000,500,12,0.931975,0.455740,4000
4881,printf,10000,1000,20,0.863086,0.381811,1000
4882,empty,10000,2000,18,1.043127,0.564779,250
4883,empty,10000,1000,12,0.950074,0.474393,1000
4884,empty,10000,2000,9,1.147263,0.670737,250
4885,tikki,10000,500,13,0.938348,0.457814,4000
4886,printf,10000,500,2,2.776905,2.300346,4000
4887,oot,10000,2000,7,1.264355,0.786816,250
4888,tikki,10000,1000,13,0.961730,0.484963,1000
4889,scorep,10000,500,2,2.765797,2.298550,4000
489,printf,10000,250,12,0.938275,0.458712,16000
4890,empty,10000,1000,5,1.419844,0.942590,1000
4891,extrae,10000,500,13,0.952370,0.483356,4000
4892,void,10000,250,18,0.830040,0.353624,16000
4893,oot,10000,250,1,5.634304,5.157002,16000
4894,printf,10000,250,8,1.116545,0.639637,16000
4895,oot,10000,2000,4,1.637827,1.158199,250
4896,empty,10000,2000,20,1.034266,0.553939,250
4897,oot,10000,250,5,1.422419,0.945620,16000
4898,extrae,10000,2000,9,1.198747,0.729981,250
4899,printf,10000,500,4,1.584916,1.105796,4000
49,empty,10000,2000,4,1.639702,1.162725,250
490,extrae,10000,1000,19,0.936147,0.465633,1000
4900,void,10000,1000,2,2.766057,2.286302,1000
4901,void,10000,1000,9,1.071581,0.594835,1000
4902,extrae,10000,1000,6,1.306963,0.835503,1000
4903,extrae,10000,500,16,0.906528,0.439327,4000
4904,scorep,10000,250,11,0.962446,0.495911,16000
4905,oot,10000,2000,3,2.026311,1.548346,250
4906,scorep,10000,1000,3,1.989946,1.523394,1000
4907,void,10000,500,11,0.967056,0.490461,4000
4908,oot,10000,500,20,0.840384,0.363157,4000
4909,empty,10000,250,5,1.428626,0.951461,16000
491,printf,10000,2000,10,1.124484,0.647011,250
4910,empty,10000,500,13,0.906746,0.429523,4000
4911,extrae,10000,2000,20,1.107160,0.635426,250
4912,empty,10000,500,2,2.763106,2.285252,4000
4913,extrae,10000,1000,10,1.075803,0.602033,1000
4914,empty,10000,2000,14,1.030834,0.551671,250
4915,scorep,10000,250,8,1.114833,0.648150,16000
4916,scorep,10000,2000,9,1.160634,0.684648,250
4917,empty,10000,500,12,0.929241,0.451281,4000
4918,extrae,10000,1000,1,5.590081,5.115262,1000
4919,empty,10000,2000,11,1.086141,0.606817,250
492,printf,10000,250,7,1.200848,0.721706,16000
4920,scorep,10000,250,16,0.834424,0.366992,16000
4921,oot,10000,2000,20,1.039054,0.560226,250
4922,scorep,10000,1000,18,0.854921,0.384935,1000
4923,extrae,10000,250,19,0.891495,0.426124,16000
4924,empty,10000,250,1,5.636159,5.159632,16000
4925,empty,10000,250,14,0.875977,0.397655,16000
4926,extrae,10000,2000,18,1.093733,0.623661,250
4927,void,10000,250,2,2.855996,2.380350,16000
4928,scorep,10000,1000,2,2.861389,2.391979,1000
4929,extrae,10000,250,10,1.076623,0.603460,16000
493,tikki,10000,2000,11,1.150464,0.672252,250
4930,printf,10000,2000,9,1.144026,0.665611,250
4931,void,10000,1000,16,0.870208,0.391214,1000
4932,printf,10000,1000,8,1.133306,0.655356,1000
4933,printf,10000,1000,1,5.590073,5.113012,1000
4934,printf,10000,500,11,0.972268,0.493036,4000
4935,extrae,10000,500,19,0.915015,0.445355,4000
4936,scorep,10000,2000,13,1.019994,0.552538,250
4937,printf,10000,250,10,1.013037,0.538079,16000
4938,printf,10000,1000,18,0.861650,0.382919,1000
4939,void,10000,2000,16,1.029079,0.555164,250
494,scorep,10000,2000,5,1.465868,0.988503,250
4940,printf,10000,1000,2,2.782972,2.316866,1000
4941,tikki,10000,500,1,6.070227,5.589777,4000
4942,empty,10000,1000,11,0.989114,0.509211,1000
4943,void,10000,2000,9,1.147390,0.670362,250
4944,void,10000,500,5,1.389971,0.912350,4000
4945,extrae,10000,250,8,1.167180,0.701898,16000
4946,extrae,10000,1000,8,1.150809,0.679598,1000
4947,tikki,10000,500,18,0.889515,0.413744,4000
4948,empty,10000,250,10,1.013437,0.535978,16000
4949,extrae,10000,500,7,1.203131,0.732367,4000
495,tikki,10000,2000,16,1.086096,0.608059,250
4950,tikki,10000,250,3,2.121973,1.643106,16000
4951,tikki,10000,250,11,1.011917,0.533386,16000
4952,printf,10000,2000,5,1.463480,0.986190,250
4953,tikki,10000,250,4,1.655151,1.177321,16000
4954,void,10000,1000,8,1.129490,0.652534,1000
4955,empty,10000,2000,3,2.088235,1.608099,250
4956,empty,10000,1000,20,0.860364,0.382209,1000
4957,printf,10000,250,14,0.875810,0.399654,16000
4958,printf,10000,500,8,1.102077,0.625126,4000
4959,tikki,10000,500,10,1.045364,0.573425,4000
496,extrae,10000,1000,8,1.152284,0.680377,1000
4960,void,10000,1000,15,0.878488,0.401971,1000
4961,scorep,10000,2000,14,1.021187,0.554850,250
4962,empty,10000,2000,10,1.120364,0.641827,250
4963,oot,10000,500,5,1.398414,0.919711,4000
4964,extrae,10000,500,6,1.293589,0.820703,4000
4965,scorep,10000,500,16,0.840516,0.373727,4000
4966,void,10000,2000,17,1.032133,0.555395,250
4967,oot,10000,1000,12,0.948245,0.471368,1000
4968,oot,10000,2000,6,1.352433,0.874209,250
4969,printf,10000,2000,15,1.032494,0.555858,250
497,extrae,10000,250,13,0.970730,0.500468,16000
4970,oot,10000,500,1,5.595136,5.116099,4000
4971,empty,10000,2000,7,1.268767,0.790392,250
4972,oot,10000,1000,7,1.195747,0.716396,1000
4973,printf,10000,250,2,2.888339,2.410215,16000
4974,void,10000,500,15,0.859537,0.382634,4000
4975,tikki,10000,1000,1,6.014103,5.536059,1000
4976,extrae,10000,2000,7,1.292517,0.821338,250
4977,empty,10000,250,11,0.968245,0.490346,16000
4978,oot,10000,250,6,1.293093,0.813832,16000
4979,void,10000,500,18,0.840784,0.363310,4000
498,scorep,10000,1000,7,1.199060,0.725140,1000
4980,extrae,10000,500,9,1.085962,0.618120,4000
4981,printf,10000,1000,11,0.986335,0.509490,1000
4982,extrae,10000,1000,15,0.938365,0.470389,1000
4983,scorep,10000,2000,18,1.025570,0.556794,250
4984,scorep,10000,500,20,0.831228,0.364254,4000
4985,oot,10000,250,2,2.884534,2.404591,16000
4986,tikki,10000,2000,18,1.072809,0.596949,250
4987,tikki,10000,1000,10,1.058227,0.583167,1000
4988,empty,10000,250,7,1.177783,0.712045,16000
4989,oot,10000,250,9,1.060133,0.581561,16000
499,printf,10000,250,4,1.610243,1.131827,16000
4990,tikki,10000,500,17,0.886320,0.408339,4000
4991,void,10000,500,17,0.843745,0.365372,4000
4992,void,10000,500,8,1.104557,0.624851,4000
4993,printf,10000,2000,16,1.032385,0.553692,250
4994,tikki,10000,1000,7,1.236708,0.756857,1000
4995,void,10000,1000,7,1.204513,0.724158,1000
4996,scorep,10000,250,9,1.052247,0.584916,16000
4997,void,10000,2000,4,1.673303,1.198180,250
4998,void,10000,1000,10,1.035582,0.556164,1000
4999,extrae,10000,1000,9,1.102501,0.632696,1000
5,oot,10000,1000,8,1.124591,0.646032,1000
50,empty,10000,500,1,5.626258,5.149071,4000
500,tikki,10000,500,3,2.075124,1.598283,4000
5000,oot,10000,2000,11,1.084422,0.605603,250
5001,tikki,10000,500,15,0.908983,0.430066,4000
5002,empty,10000,500,10,1.009324,0.530762,4000
5003,extrae,10000,2000,8,1.237739,0.766170,250
5004,printf,10000,250,20,0.828032,0.350240,16000
5005,tikki,10000,1000,19,0.915806,0.435370,1000
5006,extrae,10000,1000,11,1.021352,0.553786,1000
5007,scorep,10000,1000,13,0.916894,0.450023,1000
5008,oot,10000,250,16,0.840430,0.362628,16000
5009,printf,10000,2000,4,1.695150,1.214574,250
501,scorep,10000,500,13,0.901588,0.428416,4000
5010,printf,10000,250,15,0.847285,0.370828,16000
5011,scorep,10000,1000,10,1.021736,0.553694,1000
5012,printf,10000,250,5,1.431137,0.954041,16000
5013,empty,10000,2000,1,5.646340,5.168219,250
5014,tikki,10000,2000,11,1.132623,0.653564,250
5015,empty,10000,500,6,1.277861,0.799052,4000
5016,oot,10000,500,8,1.110178,0.629280,4000
5017,void,10000,250,9,1.062149,0.583752,16000
5018,empty,10000,2000,19,1.031963,0.553849,250
5019,printf,10000,2000,7,1.272984,0.795443,250
502,empty,10000,1000,18,0.872894,0.393713,1000
5020,scorep,10000,1000,12,0.938471,0.471244,1000
5021,oot,10000,500,14,0.879545,0.403171,4000
5022,extrae,10000,250,13,0.967657,0.500358,16000
5023,void,10000,500,19,0.841011,0.363885,4000
5024,scorep,10000,1000,19,0.851257,0.384351,1000
5025,printf,10000,500,10,1.003903,0.528498,4000
5026,oot,10000,500,9,1.051201,0.573331,4000
5027,printf,10000,250,19,0.826662,0.348094,16000
5028,void,10000,2000,19,1.029892,0.553170,250
5029,extrae,10000,1000,14,0.950454,0.480748,1000
503,empty,10000,250,13,0.902120,0.422339,16000
5030,tikki,10000,500,3,2.097191,1.621697,4000
5031,printf,10000,250,17,0.833486,0.356034,16000
5032,printf,10000,2000,18,1.033305,0.553005,250
5033,void,10000,500,6,1.268486,0.792820,4000
5034,extrae,10000,1000,2,2.725447,2.247759,1000
5035,empty,10000,500,16,0.846756,0.371531,4000
5036,scorep,10000,250,2,2.872601,2.404051,16000
5037,scorep,10000,2000,20,1.021474,0.554275,250
5038,empty,10000,250,17,0.832362,0.354949,16000
5039,empty,10000,250,4,1.609685,1.132407,16000
504,printf,10000,500,16,0.851149,0.373245,4000
5040,empty,10000,2000,15,1.030862,0.553416,250
5041,tikki,10000,2000,20,1.069885,0.591663,250
5042,oot,10000,2000,16,1.042902,0.563733,250
5043,empty,10000,250,3,2.012924,1.536229,16000
5044,tikki,10000,500,13,0.943791,0.465051,4000
5045,scorep,10000,2000,13,1.025125,0.557882,250
5046,void,10000,500,10,1.010900,0.534441,4000
5047,empty,10000,2000,7,1.267964,0.792096,250
5048,oot,10000,1000,8,1.131949,0.653143,1000
5049,scorep,10000,2000,11,1.091674,0.624317,250
505,tikki,10000,250,8,1.163844,0.686546,16000
5050,printf,10000,1000,11,0.987234,0.509045,1000
5051,oot,10000,2000,17,1.035454,0.556691,250
5052,tikki,10000,250,5,1.475658,0.997915,16000
5053,tikki,10000,500,2,2.891876,2.413106,4000
5054,printf,10000,1000,19,0.861452,0.382091,1000
5055,void,10000,1000,19,0.862264,0.381370,1000
5056,scorep,10000,500,1,4.757063,4.290632,4000
5057,scorep,10000,1000,1,4.796400,4.330444,1000
5058,oot,10000,500,2,2.775308,2.297786,4000
5059,extrae,10000,500,2,2.711830,2.233194,4000
506,printf,10000,500,2,2.780859,2.303331,4000
5060,tikki,10000,250,3,2.127053,1.648984,16000
5061,tikki,10000,1000,3,2.094968,1.617168,1000
5062,oot,10000,250,15,0.859764,0.380257,16000
5063,scorep,10000,250,9,1.056084,0.586695,16000
5064,empty,10000,1000,3,2.027850,1.550932,1000
5065,printf,10000,250,18,0.827645,0.349926,16000
5066,empty,10000,500,12,0.932469,0.455177,4000
5067,empty,10000,250,2,2.855795,2.378676,16000
5068,void,10000,2000,10,1.121322,0.645128,250
5069,scorep,10000,500,11,0.957877,0.489965,4000
507,oot,10000,1000,6,1.294745,0.815808,1000
5070,printf,10000,1000,4,1.582696,1.103759,1000
5071,void,10000,500,1,5.607638,5.130789,4000
5072,printf,10000,500,17,0.845464,0.364593,4000
5073,printf,10000,2000,2,2.701085,2.224939,250
5074,printf,10000,500,13,0.901353,0.425450,4000
5075,extrae,10000,2000,12,1.106318,0.638462,250
5076,oot,10000,2000,4,1.629780,1.151552,250
5077,scorep,10000,250,17,0.824127,0.356004,16000
5078,void,10000,250,7,1.186714,0.710436,16000
5079,oot,10000,2000,20,1.030453,0.555980,250
508,void,10000,250,17,0.835859,0.356551,16000
5080,void,10000,1000,5,1.421239,0.942142,1000
5081,extrae,10000,2000,20,1.108538,0.639308,250
5082,tikki,10000,500,8,1.149481,0.673166,4000
5083,empty,10000,250,15,0.856198,0.375916,16000
5084,tikki,10000,500,6,1.312391,0.834912,4000
5085,printf,10000,500,16,0.849575,0.372472,4000
5086,empty,10000,1000,17,0.867367,0.388719,1000
5087,tikki,10000,1000,15,0.918164,0.439525,1000
5088,void,10000,1000,1,5.602407,5.122424,1000
5089,oot,10000,250,1,5.619697,5.141761,16000
509,void,10000,2000,4,1.690451,1.211973,250
5090,extrae,10000,250,4,1.726527,1.251479,16000
5091,scorep,10000,500,4,1.571894,1.103129,4000
5092,scorep,10000,2000,9,1.139123,0.669650,250
5093,tikki,10000,500,5,1.428648,0.952969,4000
5094,printf,10000,250,9,1.058836,0.579999,16000
5095,extrae,10000,500,17,0.902090,0.436154,4000
5096,empty,10000,250,14,0.873501,0.394813,16000
5097,empty,10000,500,20,0.840537,0.362629,4000
5098,void,10000,250,9,1.061081,0.582602,16000
5099,printf,10000,2000,18,1.026042,0.549252,250
51,empty,10000,2000,8,1.198427,0.719809,250
510,oot,10000,1000,17,0.862351,0.383926,1000
5100,printf,10000,500,15,0.861060,0.383007,4000
5101,empty,10000,1000,20,0.861180,0.383015,1000
5102,oot,10000,2000,3,2.043688,1.568316,250
5103,printf,10000,1000,16,0.857917,0.388695,1000
5104,tikki,10000,1000,5,1.448384,0.971258,1000
5105,scorep,10000,1000,7,1.195035,0.719145,1000
5106,scorep,10000,2000,4,1.624529,1.155819,250
5107,extrae,10000,2000,19,1.107107,0.636854,250
5108,scorep,10000,500,6,1.270827,0.801616,4000
5109,empty,10000,250,16,0.841253,0.362285,16000
511,scorep,10000,500,5,1.404014,0.923964,4000
5110,oot,10000,500,13,0.906457,0.426780,4000
5111,tikki,10000,500,17,0.878696,0.400202,4000
5112,oot,10000,500,5,1.395453,0.917972,4000
5113,printf,10000,500,12,0.940056,0.454769,4000
5114,oot,10000,500,10,1.012316,0.531762,4000
5115,scorep,10000,1000,13,0.916068,0.448779,1000
5116,extrae,10000,2000,10,1.143652,0.670053,250
5117,oot,10000,500,15,0.860912,0.383218,4000
5118,extrae,10000,2000,16,1.091023,0.622499,250
5119,void,10000,500,18,0.840587,0.362374,4000
512,extrae,10000,250,2,2.983914,2.507537,16000
5120,oot,10000,500,3,1.998109,1.520822,4000
5121,printf,10000,250,16,0.842344,0.360981,16000
5122,scorep,10000,2000,17,1.019122,0.552696,250
5123,printf,10000,500,7,1.199116,0.718335,4000
5124,oot,10000,1000,19,0.864902,0.384860,1000
5125,void,10000,250,14,0.884270,0.402989,16000
5126,oot,10000,500,18,0.841496,0.362509,4000
5127,tikki,10000,500,11,1.012293,0.533630,4000
5128,empty,10000,2000,3,2.029554,1.551157,250
5129,empty,10000,2000,16,1.029174,0.552257,250
513,oot,10000,500,7,1.176661,0.699584,4000
5130,void,10000,1000,6,1.300703,0.822788,1000
5131,printf,10000,2000,12,1.068873,0.589928,250
5132,void,10000,1000,10,1.030469,0.552943,1000
5133,empty,10000,250,10,1.006739,0.525888,16000
5134,scorep,10000,500,15,0.856561,0.390063,4000
5135,void,10000,2000,15,1.037641,0.557368,250
5136,tikki,10000,250,19,0.876753,0.396710,16000
5137,void,10000,250,16,0.842252,0.362225,16000
5138,tikki,10000,500,3,2.126805,1.647435,4000
5139,extrae,10000,500,14,0.936336,0.464749,4000
514,oot,10000,250,4,1.609382,1.132643,16000
5140,extrae,10000,2000,9,1.184281,0.718966,250
5141,extrae,10000,1000,18,0.933850,0.461388,1000
5142,tikki,10000,250,12,0.966371,0.490249,16000
5143,printf,10000,1000,15,0.874079,0.396406,1000
5144,tikki,10000,1000,4,1.629057,1.147866,1000
5145,void,10000,500,2,2.767329,2.290019,4000
5146,oot,10000,250,4,1.614355,1.137071,16000
5147,scorep,10000,1000,8,1.119692,0.654092,1000
5148,scorep,10000,2000,5,1.485636,1.018521,250
5149,tikki,10000,500,14,0.928808,0.447409,4000
515,empty,10000,2000,20,1.032203,0.554907,250
5150,oot,10000,2000,6,1.353322,0.873182,250
5151,scorep,10000,250,4,1.594668,1.128076,16000
5152,scorep,10000,500,20,0.832567,0.364038,4000
5153,extrae,10000,500,20,0.917308,0.446034,4000
5154,void,10000,250,4,1.607782,1.128939,16000
5155,oot,10000,2000,19,1.040655,0.560078,250
5156,tikki,10000,1000,7,1.243688,0.763348,1000
5157,extrae,10000,250,11,1.039032,0.567216,16000
5158,tikki,10000,2000,1,6.042540,5.564609,250
5159,extrae,10000,1000,14,0.950508,0.480451,1000
516,scorep,10000,250,6,1.288505,0.815396,16000
5160,scorep,10000,500,5,1.393485,0.924080,4000
5161,tikki,10000,2000,6,1.394658,0.918842,250
5162,empty,10000,2000,18,1.030228,0.551194,250
5163,oot,10000,1000,15,0.883253,0.405756,1000
5164,extrae,10000,1000,13,0.971225,0.500393,1000
5165,tikki,10000,250,11,1.009497,0.528671,16000
5166,extrae,10000,1000,15,0.935286,0.464776,1000
5167,empty,10000,250,18,0.827981,0.350533,16000
5168,extrae,10000,1000,8,1.164985,0.695811,1000
5169,extrae,10000,1000,17,0.926901,0.458729,1000
517,printf,10000,1000,7,1.199700,0.727493,1000
5170,void,10000,1000,2,2.761456,2.282895,1000
5171,void,10000,2000,2,2.859948,2.379216,250
5172,extrae,10000,250,13,0.970846,0.499621,16000
5173,scorep,10000,1000,17,0.855245,0.386414,1000
5174,void,10000,2000,9,1.146564,0.668837,250
5175,void,10000,500,16,0.848253,0.371771,4000
5176,extrae,10000,500,3,1.986651,1.515148,4000
5177,scorep,10000,2000,3,2.004838,1.537991,250
5178,tikki,10000,250,13,0.941050,0.461230,16000
5179,extrae,10000,500,16,0.905881,0.438184,4000
518,printf,10000,2000,17,1.035312,0.555442,250
5180,scorep,10000,250,20,0.818569,0.351868,16000
5181,printf,10000,250,13,0.907517,0.429471,16000
5182,extrae,10000,500,5,1.421065,0.948116,4000
5183,extrae,10000,2000,15,1.084155,0.617802,250
5184,scorep,10000,500,9,1.039924,0.572686,4000
5185,tikki,10000,250,20,0.871508,0.391715,16000
5186,oot,10000,250,17,0.833309,0.356186,16000
5187,extrae,10000,500,11,1.008478,0.538766,4000
5188,printf,10000,500,8,1.107894,0.629934,4000
5189,oot,10000,2000,10,1.126384,0.647126,250
519,scorep,10000,250,15,0.859157,0.382138,16000
5190,oot,10000,250,11,0.977198,0.497111,16000
5191,tikki,10000,2000,19,1.074289,0.596248,250
5192,void,10000,1000,14,0.896008,0.418877,1000
5193,void,10000,500,9,1.049396,0.572072,4000
5194,extrae,10000,500,18,0.910562,0.440058,4000
5195,tikki,10000,500,1,6.033015,5.556053,4000
5196,extrae,10000,500,12,0.974057,0.506944,4000
5197,scorep,10000,2000,7,1.261194,0.790957,250
5198,empty,10000,1000,18,0.861459,0.383944,1000
5199,scorep,10000,500,14,0.867799,0.400789,4000
52,printf,10000,250,11,0.970148,0.491413,16000
520,oot,10000,1000,14,0.904826,0.425305,1000
5200,tikki,10000,250,8,1.161553,0.682955,16000
5201,oot,10000,2000,7,1.257254,0.778261,250
5202,void,10000,500,15,0.862241,0.383030,4000
5203,scorep,10000,250,16,0.840822,0.363860,16000
5204,void,10000,1000,13,0.922905,0.447507,1000
5205,empty,10000,500,14,0.885739,0.403825,4000
5206,tikki,10000,1000,19,0.907246,0.427493,1000
5207,extrae,10000,250,9,1.130872,0.659311,16000
5208,printf,10000,2000,16,1.032902,0.556058,250
5209,printf,10000,500,10,1.014470,0.532172,4000
521,scorep,10000,1000,2,2.808624,2.335649,1000
5210,empty,10000,500,15,0.863006,0.384839,4000
5211,scorep,10000,2000,14,1.025006,0.559098,250
5212,scorep,10000,250,3,2.004710,1.536017,16000
5213,void,10000,250,12,0.933188,0.454250,16000
5214,empty,10000,1000,4,1.589964,1.111714,1000
5215,extrae,10000,1000,16,0.925251,0.456347,1000
5216,empty,10000,2000,9,1.187315,0.708871,250
5217,scorep,10000,1000,19,0.851686,0.381719,1000
5218,scorep,10000,1000,18,0.853011,0.384060,1000
5219,void,10000,2000,18,1.033003,0.554520,250
522,void,10000,500,18,0.841160,0.363727,4000
5220,void,10000,250,8,1.115358,0.637809,16000
5221,void,10000,250,17,0.835408,0.356579,16000
5222,extrae,10000,250,16,0.914682,0.444438,16000
5223,void,10000,250,19,0.825266,0.347676,16000
5224,printf,10000,1000,3,2.020454,1.542459,1000
5225,oot,10000,1000,16,0.872000,0.393995,1000
5226,oot,10000,500,20,0.841569,0.365008,4000
5227,empty,10000,2000,8,1.212508,0.733488,250
5228,extrae,10000,250,18,0.908642,0.437109,16000
5229,extrae,10000,2000,14,1.088616,0.617494,250
523,empty,10000,2000,5,1.476616,0.997336,250
5230,extrae,10000,250,6,1.372144,0.897779,16000
5231,tikki,10000,1000,20,0.901334,0.422369,1000
5232,extrae,10000,250,7,1.254716,0.784730,16000
5233,scorep,10000,500,18,0.834669,0.365385,4000
5234,oot,10000,250,18,0.833774,0.355872,16000
5235,void,10000,250,3,2.057944,1.581321,16000
5236,extrae,10000,250,5,1.487982,1.016397,16000
5237,printf,10000,250,5,1.426837,0.948798,16000
5238,void,10000,500,12,0.929963,0.454481,4000
5239,oot,10000,1000,20,0.857934,0.380822,1000
524,scorep,10000,2000,11,1.098790,0.624008,250
5240,oot,10000,500,9,1.051661,0.573308,4000
5241,oot,10000,250,20,0.828660,0.349586,16000
5242,printf,10000,2000,10,1.106292,0.627014,250
5243,extrae,10000,500,10,1.044182,0.572441,4000
5244,empty,10000,1000,15,0.879524,0.402411,1000
5245,extrae,10000,2000,7,1.286258,0.816104,250
5246,tikki,10000,2000,4,1.677872,1.199071,250
5247,printf,10000,500,9,1.056595,0.577001,4000
5248,tikki,10000,1000,11,1.031117,0.551036,1000
5249,printf,10000,250,8,1.122600,0.645946,16000
525,scorep,10000,500,18,0.840674,0.364686,4000
5250,tikki,10000,1000,16,0.901023,0.422653,1000
5251,extrae,10000,2000,2,2.861346,2.383595,250
5252,scorep,10000,500,19,0.830991,0.363607,4000
5253,scorep,10000,250,10,1.006098,0.536010,16000
5254,printf,10000,1000,14,0.900362,0.423209,1000
5255,empty,10000,1000,6,1.294138,0.814154,1000
5256,oot,10000,500,14,0.884023,0.405253,4000
5257,tikki,10000,500,9,1.108313,0.629180,4000
5258,tikki,10000,1000,1,6.077475,5.599958,1000
5259,extrae,10000,2000,3,2.071272,1.596650,250
526,void,10000,250,12,0.933646,0.455419,16000
5260,oot,10000,500,4,1.574595,1.095468,4000
5261,oot,10000,500,1,5.607624,5.127871,4000
5262,printf,10000,500,19,0.843517,0.363474,4000
5263,oot,10000,1000,11,0.989482,0.510290,1000
5264,printf,10000,250,19,0.828736,0.349580,16000
5265,printf,10000,500,3,1.973194,1.493391,4000
5266,empty,10000,500,10,1.013672,0.533621,4000
5267,printf,10000,1000,8,1.127958,0.647513,1000
5268,void,10000,500,6,1.275631,0.797858,4000
5269,extrae,10000,250,20,0.908351,0.438575,16000
527,tikki,10000,2000,10,1.143606,0.662666,250
5270,extrae,10000,1000,1,5.594710,5.119241,1000
5271,empty,10000,2000,15,1.034091,0.554325,250
5272,scorep,10000,1000,9,1.064640,0.596700,1000
5273,tikki,10000,500,4,1.622904,1.144085,4000
5274,empty,10000,1000,2,2.770043,2.291170,1000
5275,tikki,10000,2000,2,2.915928,2.436288,250
5276,scorep,10000,2000,20,1.022023,0.556073,250
5277,scorep,10000,2000,15,1.026182,0.556951,250
5278,tikki,10000,1000,9,1.115905,0.637911,1000
5279,void,10000,500,17,0.845616,0.366503,4000
528,empty,10000,2000,15,1.030187,0.551550,250
5280,void,10000,250,6,1.293054,0.813106,16000
5281,tikki,10000,2000,11,1.144070,0.667592,250
5282,scorep,10000,250,13,0.893016,0.424683,16000
5283,printf,10000,500,1,5.611562,5.133185,4000
5284,empty,10000,250,8,1.119846,0.641625,16000
5285,void,10000,1000,7,1.199899,0.721678,1000
5286,extrae,10000,250,12,0.994752,0.524928,16000
5287,void,10000,500,5,1.394357,0.915537,4000
5288,printf,10000,250,10,1.021507,0.542010,16000
5289,extrae,10000,2000,17,1.096470,0.626456,250
529,void,10000,2000,11,1.085485,0.607883,250
5290,tikki,10000,250,17,0.871420,0.392110,16000
5291,scorep,10000,2000,10,1.093250,0.625793,250
5292,printf,10000,2000,7,1.264371,0.787696,250
5293,void,10000,2000,17,1.037391,0.557780,250
5294,printf,10000,2000,11,1.083255,0.604555,250
5295,empty,10000,1000,16,0.870235,0.391404,1000
5296,tikki,10000,250,14,0.897152,0.429062,16000
5297,tikki,10000,2000,9,1.189475,0.710725,250
5298,scorep,10000,1000,14,0.889725,0.422643,1000
5299,printf,10000,2000,6,1.340797,0.862397,250
53,tikki,10000,1000,11,1.025392,0.550373,1000
530,scorep,10000,2000,10,1.126555,0.650335,250
5300,oot,10000,1000,14,0.904206,0.424895,1000
5301,tikki,10000,1000,12,0.989158,0.511808,1000
5302,empty,10000,250,1,5.646073,5.166803,16000
5303,oot,10000,500,16,0.850834,0.370893,4000
5304,printf,10000,250,12,0.938357,0.460736,16000
5305,oot,10000,1000,9,1.070718,0.591114,1000
5306,void,10000,500,3,1.992155,1.513702,4000
5307,oot,10000,1000,13,0.929247,0.449909,1000
5308,extrae,10000,250,3,2.103777,1.629549,16000
5309,empty,10000,500,9,1.051040,0.570613,4000
531,tikki,10000,250,9,1.104374,0.625698,16000
5310,empty,10000,1000,9,1.076266,0.595608,1000
5311,printf,10000,250,7,1.197769,0.718586,16000
5312,void,10000,1000,4,1.587882,1.107716,1000
5313,scorep,10000,500,16,0.839096,0.372970,4000
5314,extrae,10000,250,10,1.085584,0.613240,16000
5315,empty,10000,500,6,1.270483,0.792270,4000
5316,scorep,10000,2000,8,1.187571,0.721850,250
5317,oot,10000,250,19,0.829469,0.351563,16000
5318,oot,10000,500,11,0.967911,0.487664,4000
5319,tikki,10000,500,15,0.914741,0.436768,4000
532,extrae,10000,2000,2,2.866041,2.389770,250
5320,empty,10000,250,6,1.300636,0.821401,16000
5321,tikki,10000,250,7,1.241748,0.760960,16000
5322,extrae,10000,500,13,0.952427,0.481972,4000
5323,scorep,10000,1000,16,0.855492,0.390693,1000
5324,empty,10000,1000,8,1.134980,0.655307,1000
5325,printf,10000,2000,19,1.033777,0.555050,250
5326,oot,10000,2000,12,1.076861,0.594106,250
5327,void,10000,250,20,0.824519,0.352209,16000
5328,oot,10000,1000,10,1.031577,0.555343,1000
5329,void,10000,2000,19,1.032358,0.554121,250
533,tikki,10000,500,13,0.938661,0.461316,4000
5330,empty,10000,2000,11,1.104214,0.625564,250
5331,scorep,10000,2000,18,1.029350,0.558469,250
5332,extrae,10000,2000,5,1.496783,1.027046,250
5333,extrae,10000,250,2,3.037689,2.562355,16000
5334,printf,10000,250,17,0.834196,0.359411,16000
5335,void,10000,2000,14,1.033291,0.553739,250
5336,void,10000,2000,20,1.034890,0.556964,250
5337,printf,10000,250,3,2.034296,1.554685,16000
5338,oot,10000,2000,11,1.093619,0.608174,250
5339,void,10000,500,11,0.966248,0.487650,4000
534,void,10000,250,15,0.853679,0.376790,16000
5340,void,10000,2000,12,1.070511,0.590959,250
5341,oot,10000,250,8,1.120178,0.641589,16000
5342,void,10000,1000,12,0.952492,0.477883,1000
5343,void,10000,500,4,1.581313,1.103582,4000
5344,extrae,10000,500,7,1.205426,0.734408,4000
5345,extrae,10000,500,4,1.602127,1.122022,4000
5346,empty,10000,250,11,0.971194,0.491401,16000
5347,scorep,10000,1000,11,0.977253,0.509152,1000
5348,printf,10000,1000,5,1.423863,0.944796,1000
5349,scorep,10000,500,12,0.927655,0.459370,4000
535,empty,10000,1000,9,1.076950,0.596737,1000
5350,printf,10000,250,4,1.614480,1.135825,16000
5351,scorep,10000,500,17,0.838660,0.366465,4000
5352,empty,10000,250,7,1.191970,0.715681,16000
5353,oot,10000,2000,9,1.149733,0.669351,250
5354,void,10000,250,15,0.850081,0.371597,16000
5355,extrae,10000,250,15,0.940429,0.469416,16000
5356,tikki,10000,500,16,0.896300,0.417045,4000
5357,void,10000,2000,1,5.639058,5.160345,250
5358,empty,10000,500,13,0.903890,0.422224,4000
5359,extrae,10000,1000,2,2.714972,2.238480,1000
536,void,10000,1000,6,1.302548,0.821671,1000
5360,printf,10000,500,18,0.845486,0.367374,4000
5361,void,10000,250,1,5.608688,5.131332,16000
5362,oot,10000,1000,17,0.842912,0.386017,1000
5363,void,10000,1000,3,1.997242,1.521111,1000
5364,extrae,10000,1000,19,0.932019,0.463664,1000
5365,printf,10000,1000,9,1.074917,0.595905,1000
5366,printf,10000,250,14,0.878864,0.401006,16000
5367,void,10000,1000,15,0.879412,0.401441,1000
5368,printf,10000,2000,8,1.194914,0.718784,250
5369,scorep,10000,1000,15,0.874588,0.406215,1000
537,scorep,10000,1000,16,0.862983,0.390735,1000
5370,printf,10000,500,4,1.580099,1.103154,4000
5371,extrae,10000,2000,8,1.228342,0.756593,250
5372,scorep,10000,250,19,0.820293,0.353254,16000
5373,empty,10000,2000,14,1.032534,0.554173,250
5374,tikki,10000,250,16,0.884962,0.407270,16000
5375,scorep,10000,250,6,1.291296,0.825207,16000
5376,printf,10000,2000,5,1.478950,0.999671,250
5377,tikki,10000,250,4,1.668912,1.189403,16000
5378,scorep,10000,250,12,0.922101,0.455183,16000
5379,oot,10000,250,14,0.880782,0.402545,16000
538,scorep,10000,500,3,1.989916,1.513925,4000
5380,void,10000,250,5,1.421070,0.941266,16000
5381,printf,10000,250,15,0.855161,0.376366,16000
5382,printf,10000,1000,7,1.206209,0.726177,1000
5383,oot,10000,1000,2,2.763875,2.284911,1000
5384,void,10000,2000,5,1.463252,0.983405,250
5385,oot,10000,1000,7,1.188209,0.722651,1000
5386,printf,10000,500,20,0.843817,0.364284,4000
5387,printf,10000,2000,17,1.031362,0.552699,250
5388,empty,10000,2000,1,5.643784,5.164402,250
5389,tikki,10000,250,6,1.340746,0.861126,16000
539,oot,10000,1000,9,1.078303,0.597689,1000
5390,printf,10000,2000,3,2.055332,1.575416,250
5391,empty,10000,2000,6,1.342498,0.867777,250
5392,oot,10000,1000,6,1.299488,0.821070,1000
5393,extrae,10000,2000,11,1.123497,0.653647,250
5394,scorep,10000,500,7,1.166270,0.700482,4000
5395,empty,10000,250,5,1.418913,0.940685,16000
5396,void,10000,500,13,0.903684,0.425279,4000
5397,tikki,10000,2000,10,1.169408,0.693403,250
5398,empty,10000,500,18,0.842541,0.364818,4000
5399,tikki,10000,2000,8,1.268454,0.788673,250
54,scorep,10000,250,18,0.831739,0.354214,16000
540,oot,10000,2000,2,2.704683,2.226279,250
5400,scorep,10000,1000,3,1.981546,1.513558,1000
5401,empty,10000,1000,5,1.418547,0.941185,1000
5402,scorep,10000,250,8,1.128142,0.650680,16000
5403,tikki,10000,1000,8,1.157684,0.679800,1000
5404,extrae,10000,1000,9,1.104720,0.633185,1000
5405,empty,10000,2000,13,1.028597,0.551165,250
5406,tikki,10000,1000,18,0.907834,0.431398,1000
5407,scorep,10000,500,8,1.090512,0.622284,4000
5408,empty,10000,2000,12,1.068945,0.590432,250
5409,empty,10000,250,20,0.823773,0.346448,16000
541,scorep,10000,250,4,1.600891,1.126839,16000
5410,tikki,10000,2000,15,1.069400,0.591424,250
5411,extrae,10000,250,8,1.173755,0.705204,16000
5412,extrae,10000,250,1,5.659270,5.185042,16000
5413,oot,10000,2000,5,1.460867,0.983129,250
5414,empty,10000,500,7,1.182420,0.704550,4000
5415,printf,10000,2000,1,5.635757,5.156886,250
5416,tikki,10000,2000,14,1.073731,0.596185,250
5417,printf,10000,1000,12,0.953776,0.474679,1000
5418,extrae,10000,2000,1,5.634797,5.159182,250
5419,tikki,10000,1000,6,1.336491,0.858898,1000
542,tikki,10000,1000,4,1.624845,1.148864,1000
5420,printf,10000,500,5,1.403798,0.925664,4000
5421,tikki,10000,2000,13,1.076417,0.599400,250
5422,scorep,10000,250,18,0.821964,0.355322,16000
5423,empty,10000,250,9,1.060132,0.583935,16000
5424,scorep,10000,1000,5,1.412253,0.947105,1000
5425,tikki,10000,250,2,3.000681,2.522103,16000
5426,extrae,10000,1000,11,1.019121,0.549824,1000
5427,empty,10000,500,11,0.973476,0.494024,4000
5428,tikki,10000,2000,16,1.073144,0.596519,250
5429,printf,10000,1000,18,0.856528,0.381862,1000
543,extrae,10000,1000,9,1.103851,0.631417,1000
5430,void,10000,1000,16,0.867179,0.387234,1000
5431,extrae,10000,500,15,0.923585,0.454946,4000
5432,printf,10000,500,14,0.882899,0.404566,4000
5433,oot,10000,250,7,1.199098,0.722000,16000
5434,void,10000,250,13,0.904223,0.427021,16000
5435,printf,10000,250,20,0.826659,0.348232,16000
5436,empty,10000,250,13,0.902550,0.424922,16000
5437,oot,10000,2000,13,1.038349,0.560710,250
5438,scorep,10000,250,5,1.415548,0.947353,16000
5439,scorep,10000,250,2,2.843763,2.375441,16000
544,empty,10000,250,1,5.654753,5.176005,16000
5440,oot,10000,250,6,1.293186,0.816168,16000
5441,oot,10000,250,13,0.900603,0.423403,16000
5442,extrae,10000,1000,4,1.606044,1.132388,1000
5443,tikki,10000,250,10,1.057691,0.579961,16000
5444,scorep,10000,1000,20,0.850127,0.383273,1000
5445,tikki,10000,500,18,0.880854,0.403715,4000
5446,extrae,10000,500,19,0.913371,0.445101,4000
5447,oot,10000,1000,12,0.955457,0.476235,1000
5448,extrae,10000,2000,13,1.084251,0.615879,250
5449,extrae,10000,1000,6,1.314305,0.839960,1000
545,empty,10000,500,6,1.274517,0.795426,4000
5450,printf,10000,2000,9,1.144370,0.665902,250
5451,empty,10000,2000,4,1.638987,1.158894,250
5452,printf,10000,1000,17,0.864397,0.387457,1000
5453,void,10000,250,11,0.966567,0.490169,16000
5454,oot,10000,250,9,1.056336,0.579544,16000
5455,tikki,10000,500,20,0.886224,0.407518,4000
5456,extrae,10000,250,19,0.903573,0.434740,16000
5457,printf,10000,250,2,2.879326,2.401487,16000
5458,empty,10000,500,4,1.575792,1.098571,4000
5459,extrae,10000,2000,18,1.102490,0.631917,250
546,scorep,10000,250,12,0.938254,0.457742,16000
5460,printf,10000,250,1,5.660562,5.181663,16000
5461,oot,10000,250,12,0.929123,0.450952,16000
5462,extrae,10000,250,17,0.912422,0.443571,16000
5463,oot,10000,1000,4,1.602871,1.122739,1000
5464,scorep,10000,1000,6,1.287488,0.819789,1000
5465,void,10000,500,19,0.836441,0.361132,4000
5466,tikki,10000,2000,5,1.491895,1.015753,250
5467,printf,10000,1000,2,2.766084,2.288923,1000
5468,oot,10000,250,3,2.072253,1.597361,16000
5469,printf,10000,500,2,2.795729,2.317386,4000
547,printf,10000,2000,16,1.031538,0.553105,250
5470,scorep,10000,2000,6,1.345916,0.879514,250
5471,tikki,10000,250,9,1.115281,0.635403,16000
5472,void,10000,1000,17,0.861848,0.385770,1000
5473,empty,10000,500,2,2.766548,2.289696,4000
5474,oot,10000,500,12,0.932158,0.453885,4000
5475,tikki,10000,2000,12,1.107997,0.627841,250
5476,void,10000,1000,20,0.865224,0.385892,1000
5477,tikki,10000,250,18,0.870725,0.394473,16000
5478,empty,10000,1000,7,1.203627,0.724983,1000
5479,empty,10000,1000,14,0.905125,0.425434,1000
548,tikki,10000,2000,14,1.068883,0.590321,250
5480,oot,10000,250,2,2.874611,2.395419,16000
5481,oot,10000,500,19,0.843600,0.365855,4000
5482,empty,10000,2000,2,2.704643,2.226777,250
5483,extrae,10000,1000,12,0.994555,0.526269,1000
5484,printf,10000,2000,20,1.035790,0.557076,250
5485,tikki,10000,500,10,1.048601,0.569836,4000
5486,scorep,10000,2000,16,1.022871,0.556693,250
5487,oot,10000,250,10,1.016111,0.537491,16000
5488,tikki,10000,250,15,0.893657,0.413850,16000
5489,void,10000,500,7,1.170996,0.697641,4000
549,printf,10000,1000,20,0.862798,0.383386,1000
5490,oot,10000,500,8,1.105835,0.628367,4000
5491,empty,10000,2000,10,1.101010,0.623111,250
5492,printf,10000,2000,15,1.037740,0.558302,250
5493,printf,10000,500,11,0.972418,0.494533,4000
5494,tikki,10000,1000,14,0.932621,0.455101,1000
5495,void,10000,500,8,1.111870,0.632831,4000
5496,extrae,10000,500,8,1.131001,0.661363,4000
5497,scorep,10000,500,13,0.890292,0.424784,4000
5498,void,10000,2000,8,1.198489,0.718520,250
5499,empty,10000,1000,11,0.983913,0.505297,1000
55,tikki,10000,2000,19,1.065412,0.588842,250
550,oot,10000,500,18,0.842896,0.363889,4000
5500,oot,10000,500,7,1.181936,0.703423,4000
5501,void,10000,2000,6,1.338839,0.860277,250
5502,void,10000,2000,16,1.016921,0.552433,250
5503,scorep,10000,250,1,4.762917,4.295228,16000
5504,void,10000,250,2,2.870677,2.391005,16000
5505,tikki,10000,1000,13,0.958276,0.479301,1000
5506,empty,10000,1000,13,0.926235,0.447342,1000
5507,scorep,10000,1000,2,2.814143,2.348472,1000
5508,void,10000,500,20,0.839369,0.362134,4000
5509,empty,10000,2000,5,1.470367,0.989927,250
551,empty,10000,500,9,1.060537,0.578950,4000
5510,tikki,10000,500,7,1.213530,0.735171,4000
5511,oot,10000,2000,18,1.034792,0.558040,250
5512,extrae,10000,500,9,1.090772,0.622020,4000
5513,void,10000,1000,9,1.075538,0.597297,1000
5514,empty,10000,250,4,1.605993,1.126480,16000
5515,scorep,10000,250,14,0.871854,0.405748,16000
5516,empty,10000,500,19,0.843771,0.364338,4000
5517,empty,10000,250,19,0.826503,0.346770,16000
5518,tikki,10000,2000,7,1.316625,0.838610,250
5519,printf,10000,2000,14,1.024239,0.552300,250
552,extrae,10000,2000,19,1.099875,0.631851,250
5520,empty,10000,250,17,0.828986,0.351215,16000
5521,printf,10000,1000,10,1.031452,0.553309,1000
5522,oot,10000,2000,2,2.704789,2.226291,250
5523,printf,10000,500,6,1.254868,0.790449,4000
5524,void,10000,1000,18,0.863294,0.385740,1000
5525,printf,10000,2000,13,1.031324,0.554932,250
5526,oot,10000,1000,18,0.863424,0.383536,1000
5527,void,10000,2000,7,1.282756,0.803328,250
5528,empty,10000,500,3,2.005428,1.525696,4000
5529,empty,10000,500,8,1.113649,0.636065,4000
553,scorep,10000,500,4,1.572568,1.099262,4000
5530,tikki,10000,2000,18,1.076940,0.598371,250
5531,extrae,10000,500,1,5.602880,5.127880,4000
5532,oot,10000,500,17,0.849092,0.370812,4000
5533,scorep,10000,2000,1,4.777637,4.310543,250
5534,oot,10000,2000,1,5.630047,5.154494,250
5535,extrae,10000,2000,6,1.370528,0.896907,250
5536,scorep,10000,250,11,0.961901,0.496654,16000
5537,tikki,10000,500,19,0.885396,0.406999,4000
5538,void,10000,250,10,1.017202,0.538261,16000
5539,void,10000,2000,4,1.658724,1.180150,250
554,void,10000,500,2,2.782702,2.305581,4000
5540,oot,10000,1000,5,1.430212,0.952742,1000
5541,void,10000,2000,13,1.031875,0.553888,250
5542,scorep,10000,1000,10,1.020319,0.555125,1000
5543,tikki,10000,2000,17,1.075194,0.594759,250
5544,oot,10000,250,16,0.833943,0.354579,16000
5545,printf,10000,1000,20,0.861787,0.382697,1000
5546,printf,10000,1000,1,5.596953,5.118242,1000
5547,empty,10000,500,1,5.605243,5.128489,4000
5548,oot,10000,2000,15,1.034787,0.557945,250
5549,empty,10000,2000,19,1.036269,0.554257,250
555,scorep,10000,1000,1,5.626648,5.149012,1000
5550,extrae,10000,2000,4,1.655440,1.181743,250
5551,void,10000,2000,11,1.084346,0.606255,250
5552,empty,10000,2000,17,1.029076,0.550958,250
5553,oot,10000,1000,1,5.588206,5.107169,1000
5554,empty,10000,500,5,1.396637,0.917693,4000
5555,scorep,10000,500,3,1.967501,1.501196,4000
5556,extrae,10000,1000,20,0.937167,0.467518,1000
5557,extrae,10000,1000,10,1.063172,0.591294,1000
5558,printf,10000,250,11,0.975412,0.497223,16000
5559,scorep,10000,1000,4,1.576934,1.111835,1000
556,oot,10000,250,9,1.062848,0.586201,16000
5560,empty,10000,1000,12,0.958522,0.481144,1000
5561,scorep,10000,500,2,2.755901,2.289334,4000
5562,tikki,10000,1000,10,1.067164,0.588540,1000
5563,void,10000,1000,8,1.126937,0.648535,1000
5564,oot,10000,1000,3,2.014567,1.534952,1000
5565,extrae,10000,250,14,0.948121,0.476607,16000
5566,extrae,10000,1000,3,2.046942,1.574151,1000
5567,oot,10000,2000,14,1.034668,0.556995,250
5568,void,10000,250,18,0.829608,0.349834,16000
5569,scorep,10000,1000,12,0.944580,0.478875,1000
557,extrae,10000,1000,5,1.427053,0.956979,1000
5570,tikki,10000,500,12,0.965888,0.487630,4000
5571,oot,10000,500,6,1.279011,0.799853,4000
5572,empty,10000,1000,19,0.864984,0.386242,1000
5573,scorep,10000,500,10,1.001638,0.533667,4000
5574,extrae,10000,1000,5,1.432372,0.959059,1000
5575,empty,10000,250,12,0.928767,0.450591,16000
5576,tikki,10000,1000,17,0.910016,0.429487,1000
5577,printf,10000,1000,6,1.296426,0.818014,1000
5578,tikki,10000,2000,3,2.174469,1.701898,250
5579,tikki,10000,1000,2,2.897252,2.429088,1000
558,void,10000,250,13,0.900570,0.419922,16000
5580,empty,10000,1000,10,1.039031,0.559862,1000
5581,printf,10000,2000,4,1.635639,1.156987,250
5582,printf,10000,1000,13,0.926591,0.448616,1000
5583,empty,10000,2000,20,1.035880,0.555926,250
5584,scorep,10000,2000,19,1.024125,0.556007,250
5585,scorep,10000,250,7,1.186217,0.720440,16000
5586,oot,10000,250,5,1.428301,0.947588,16000
5587,printf,10000,250,6,1.301875,0.821008,16000
5588,empty,10000,500,17,0.844083,0.364205,4000
5589,empty,10000,1000,1,5.588198,5.111493,1000
559,extrae,10000,250,16,0.920617,0.450602,16000
5590,scorep,10000,2000,12,1.056936,0.589106,250
5591,void,10000,1000,11,0.985733,0.509789,1000
5592,extrae,10000,1000,7,1.225381,0.752037,1000
5593,void,10000,500,14,0.884860,0.405879,4000
5594,tikki,10000,250,1,5.859791,5.381234,16000
5595,scorep,10000,250,15,0.844810,0.376534,16000
5596,scorep,10000,2000,2,2.811840,2.343649,250
5597,void,10000,2000,3,2.065264,1.586928,250
5598,empty,10000,500,16,0.851643,0.371757,4000
5599,extrae,10000,500,6,1.293412,0.818488,4000
56,extrae,10000,250,17,0.913712,0.446363,16000
560,printf,10000,250,16,0.838593,0.360381,16000
5600,oot,10000,2000,8,1.217141,0.738037,250
561,void,10000,500,18,0.842908,0.365550,4000
562,tikki,10000,1000,1,5.988583,5.510827,1000
563,scorep,10000,500,7,1.175273,0.702400,4000
564,void,10000,2000,9,1.163136,0.685660,250
565,void,10000,500,12,0.935925,0.455657,4000
566,extrae,10000,500,2,2.714116,2.238675,4000
567,extrae,10000,500,14,0.935450,0.465147,4000
568,printf,10000,250,6,1.301725,0.823741,16000
569,scorep,10000,1000,10,1.029807,0.554647,1000
57,void,10000,1000,11,0.989427,0.508704,1000
570,scorep,10000,2000,17,1.030757,0.553431,250
571,empty,10000,1000,3,2.003687,1.526473,1000
572,scorep,10000,2000,3,2.032679,1.560266,250
573,printf,10000,1000,19,0.862212,0.383101,1000
574,printf,10000,500,4,1.582896,1.104947,4000
575,extrae,10000,1000,13,0.978932,0.509104,1000
576,empty,10000,250,16,0.837738,0.360274,16000
577,scorep,10000,250,15,0.852084,0.375051,16000
578,scorep,10000,1000,3,1.986461,1.515224,1000
579,tikki,10000,250,20,0.875020,0.396398,16000
58,printf,10000,500,8,1.106482,0.630696,4000
580,extrae,10000,500,8,1.134760,0.664184,4000
581,scorep,10000,500,8,1.101778,0.626439,4000
582,empty,10000,2000,2,2.871720,2.391908,250
583,void,10000,250,20,0.830198,0.348672,16000
584,printf,10000,2000,8,1.196634,0.718469,250
585,oot,10000,250,10,1.021858,0.542803,16000
586,oot,10000,1000,15,0.878756,0.402466,1000
587,scorep,10000,1000,6,1.284367,0.813497,1000
588,scorep,10000,2000,10,1.100048,0.628130,250
589,void,10000,2000,6,1.334495,0.857438,250
59,extrae,10000,2000,14,1.085012,0.614036,250
590,tikki,10000,2000,10,1.142425,0.664207,250
591,extrae,10000,1000,6,1.311016,0.836978,1000
592,scorep,10000,2000,5,1.476652,0.999157,250
593,tikki,10000,2000,12,1.107914,0.629664,250
594,printf,10000,500,14,0.886300,0.406160,4000
595,scorep,10000,2000,11,1.081776,0.609088,250
596,void,10000,500,9,1.050009,0.570332,4000
597,void,10000,1000,9,1.075383,0.595674,1000
598,printf,10000,1000,3,1.976839,1.499124,1000
599,oot,10000,2000,1,5.655971,5.176965,250
6,empty,10000,500,14,0.880962,0.402006,4000
60,extrae,10000,1000,14,0.952409,0.482076,1000
600,extrae,10000,1000,16,0.926571,0.457467,1000
601,empty,10000,1000,8,1.125742,0.647536,1000
602,printf,10000,2000,16,1.028518,0.550456,250
603,void,10000,250,6,1.294408,0.815291,16000
604,void,10000,1000,3,1.984869,1.505866,1000
605,oot,10000,250,15,0.855509,0.377713,16000
606,void,10000,2000,3,2.060863,1.580999,250
607,empty,10000,1000,12,0.956418,0.477816,1000
608,extrae,10000,2000,16,1.093067,0.625074,250
609,void,10000,500,7,1.181042,0.701881,4000
61,void,10000,250,1,5.660819,5.180556,16000
610,tikki,10000,250,3,2.155181,1.675463,16000
611,extrae,10000,250,11,1.032064,0.563037,16000
612,void,10000,250,19,0.829056,0.350405,16000
613,printf,10000,500,19,0.845586,0.366656,4000
614,scorep,10000,250,6,1.294060,0.822121,16000
615,void,10000,2000,4,1.643690,1.165763,250
616,scorep,10000,500,13,0.904713,0.427345,4000
617,tikki,10000,500,6,1.325792,0.849876,4000
618,void,10000,1000,5,1.424996,0.948037,1000
619,void,10000,1000,19,0.863119,0.386447,1000
62,void,10000,500,1,5.676274,5.197725,4000
620,tikki,10000,500,17,0.888269,0.408185,4000
621,oot,10000,250,1,5.657182,5.177827,16000
622,printf,10000,500,10,1.009303,0.530828,4000
623,void,10000,500,2,2.800213,2.323476,4000
624,oot,10000,1000,14,0.903041,0.424791,1000
625,scorep,10000,500,4,1.585513,1.114627,4000
626,tikki,10000,1000,4,1.624954,1.147346,1000
627,scorep,10000,250,17,0.833195,0.353728,16000
628,empty,10000,250,14,0.874210,0.394102,16000
629,tikki,10000,250,13,0.939058,0.458816,16000
63,printf,10000,500,15,0.865135,0.387896,4000
630,scorep,10000,1000,7,1.196975,0.723386,1000
631,extrae,10000,2000,11,1.129036,0.659336,250
632,scorep,10000,500,10,1.011434,0.537997,4000
633,printf,10000,2000,13,1.033509,0.556022,250
634,printf,10000,1000,15,0.883308,0.402720,1000
635,oot,10000,1000,20,0.859465,0.381470,1000
636,void,10000,1000,16,0.868338,0.390257,1000
637,void,10000,250,7,1.192840,0.714832,16000
638,empty,10000,1000,11,0.990839,0.510830,1000
639,tikki,10000,1000,19,0.900743,0.422835,1000
64,printf,10000,1000,10,1.037884,0.558294,1000
640,scorep,10000,250,5,1.427922,0.955899,16000
641,tikki,10000,1000,2,3.007615,2.527882,1000
642,printf,10000,250,13,0.905408,0.426796,16000
643,void,10000,1000,15,0.877916,0.401725,1000
644,oot,10000,250,17,0.838967,0.360397,16000
645,printf,10000,1000,18,0.861904,0.383469,1000
646,tikki,10000,250,6,1.333117,0.854985,16000
647,empty,10000,500,14,0.878574,0.400133,4000
648,extrae,10000,250,5,1.486055,1.014473,16000
649,empty,10000,1000,16,0.870894,0.393222,1000
65,printf,10000,500,1,5.652152,5.172993,4000
650,void,10000,1000,6,1.292390,0.816341,1000
651,scorep,10000,500,15,0.865125,0.386703,4000
652,empty,10000,500,9,1.049814,0.572734,4000
653,scorep,10000,1000,12,0.948294,0.476298,1000
654,printf,10000,1000,20,0.861171,0.382049,1000
655,void,10000,500,16,0.849757,0.372601,4000
656,printf,10000,250,2,2.883315,2.406881,16000
657,void,10000,250,5,1.423810,0.944704,16000
658,void,10000,1000,20,0.862915,0.385552,1000
659,oot,10000,500,19,0.847948,0.366583,4000
66,tikki,10000,1000,15,0.917177,0.440211,1000
660,scorep,10000,2000,2,2.876707,2.402339,250
661,scorep,10000,2000,14,1.032958,0.558203,250
662,extrae,10000,2000,7,1.303157,0.832746,250
663,extrae,10000,500,4,1.584793,1.113578,4000
664,tikki,10000,2000,19,1.071391,0.592305,250
665,extrae,10000,500,6,1.289376,0.816227,4000
666,scorep,10000,1000,2,2.807787,2.336947,1000
667,tikki,10000,1000,12,1.007468,0.528912,1000
668,empty,10000,250,4,1.605710,1.128056,16000
669,extrae,10000,250,2,2.999707,2.521386,16000
67,oot,10000,1000,16,0.868881,0.389975,1000
670,extrae,10000,500,20,0.915172,0.445022,4000
671,extrae,10000,250,18,0.904570,0.433793,16000
672,tikki,10000,2000,16,1.069704,0.590628,250
673,extrae,10000,1000,9,1.103595,0.634737,1000
674,tikki,10000,500,8,1.153231,0.675569,4000
675,tikki,10000,2000,3,2.209611,1.733244,250
676,tikki,10000,1000,18,0.899289,0.419917,1000
677,oot,10000,500,12,0.934147,0.456000,4000
678,empty,10000,250,8,1.113361,0.633512,16000
679,scorep,10000,250,19,0.828574,0.350632,16000
68,scorep,10000,1000,4,1.599818,1.122229,1000
680,extrae,10000,2000,9,1.185933,0.717674,250
681,scorep,10000,500,3,1.976112,1.502665,4000
682,printf,10000,2000,1,5.655283,5.177009,250
683,printf,10000,2000,17,1.032290,0.554069,250
684,tikki,10000,250,1,5.860150,5.381428,16000
685,extrae,10000,250,14,0.946451,0.475265,16000
686,extrae,10000,250,17,0.903987,0.435682,16000
687,printf,10000,1000,9,1.073989,0.594171,1000
688,oot,10000,2000,4,1.630399,1.151186,250
689,oot,10000,1000,3,2.018329,1.540861,1000
69,empty,10000,250,6,1.294568,0.815911,16000
690,printf,10000,250,15,0.855088,0.375650,16000
691,void,10000,500,10,1.012950,0.536223,4000
692,printf,10000,500,18,0.840594,0.362755,4000
693,printf,10000,500,13,0.904356,0.426666,4000
694,empty,10000,2000,12,1.066034,0.589550,250
695,tikki,10000,500,12,0.974122,0.496329,4000
696,oot,10000,2000,15,1.033013,0.556114,250
697,empty,10000,1000,18,0.862039,0.381597,1000
698,void,10000,500,1,5.614896,5.137954,4000
699,empty,10000,250,11,0.968720,0.490755,16000
7,oot,10000,250,14,0.882883,0.404128,16000
70,printf,10000,250,6,1.296482,0.817195,16000
700,printf,10000,250,17,0.831553,0.353699,16000
701,void,10000,250,8,1.111294,0.632506,16000
702,empty,10000,500,18,0.844823,0.364363,4000
703,oot,10000,250,8,1.116011,0.636376,16000
704,extrae,10000,1000,10,1.065614,0.592083,1000
705,tikki,10000,250,11,1.012617,0.534814,16000
706,scorep,10000,2000,18,1.029722,0.556395,250
707,tikki,10000,1000,15,0.927826,0.447553,1000
708,void,10000,1000,4,1.595528,1.116723,1000
709,oot,10000,250,7,1.197548,0.717935,16000
71,scorep,10000,500,11,0.971434,0.495357,4000
710,scorep,10000,250,3,2.008886,1.536689,16000
711,extrae,10000,250,16,0.916647,0.448628,16000
712,tikki,10000,1000,9,1.111977,0.633015,1000
713,empty,10000,2000,20,1.026297,0.553091,250
714,extrae,10000,500,12,0.976650,0.508587,4000
715,scorep,10000,250,8,1.112711,0.641448,16000
716,scorep,10000,500,5,1.399485,0.921783,4000
717,oot,10000,500,5,1.409550,0.930779,4000
718,empty,10000,1000,1,5.619603,5.138508,1000
719,void,10000,250,1,5.641758,5.164024,16000
72,printf,10000,1000,5,1.417197,0.938320,1000
720,scorep,10000,500,6,1.267605,0.795715,4000
721,extrae,10000,500,1,5.616965,5.143211,4000
722,extrae,10000,1000,3,2.020253,1.546456,1000
723,tikki,10000,500,15,0.900062,0.421242,4000
724,empty,10000,250,17,0.833934,0.355886,16000
725,extrae,10000,2000,13,1.080754,0.611211,250
726,void,10000,1000,8,1.124772,0.647794,1000
727,empty,10000,500,3,1.979613,1.501043,4000
728,printf,10000,500,15,0.863513,0.386476,4000
729,void,10000,500,20,0.841674,0.363359,4000
73,scorep,10000,500,9,1.062300,0.585466,4000
730,printf,10000,2000,6,1.334113,0.858220,250
731,tikki,10000,250,10,1.056766,0.578958,16000
732,printf,10000,1000,12,0.950565,0.473618,1000
733,printf,10000,1000,13,0.925681,0.447064,1000
734,tikki,10000,1000,13,0.967507,0.490988,1000
735,scorep,10000,1000,11,0.984252,0.510763,1000
736,empty,10000,2000,5,1.479459,1.000695,250
737,oot,10000,2000,3,2.075567,1.596012,250
738,tikki,10000,500,16,0.886423,0.409144,4000
739,tikki,10000,2000,11,1.140701,0.662025,250
74,scorep,10000,2000,16,1.032619,0.556088,250
740,printf,10000,2000,18,1.037411,0.556683,250
741,extrae,10000,2000,15,1.093803,0.624791,250
742,printf,10000,250,3,2.049856,1.571306,16000
743,void,10000,1000,10,1.026786,0.548240,1000
744,empty,10000,500,20,0.841577,0.362892,4000
745,oot,10000,500,10,1.008349,0.529126,4000
746,void,10000,250,11,0.972903,0.491488,16000
747,empty,10000,2000,3,2.057268,1.579292,250
748,printf,10000,1000,7,1.203557,0.724503,1000
749,scorep,10000,500,9,1.046745,0.575372,4000
75,extrae,10000,2000,11,1.141476,0.672495,250
750,oot,10000,500,13,0.907528,0.427760,4000
751,printf,10000,250,5,1.437122,0.958561,16000
752,extrae,10000,2000,2,2.874164,2.397363,250
753,void,10000,1000,2,2.769129,2.291075,1000
754,oot,10000,1000,1,5.594656,5.118301,1000
755,oot,10000,1000,8,1.131215,0.652904,1000
756,scorep,10000,1000,17,0.859717,0.389001,1000
757,extrae,10000,1000,15,0.938996,0.468881,1000
758,oot,10000,2000,11,1.103765,0.624088,250
759,extrae,10000,500,19,0.917061,0.446111,4000
76,scorep,10000,250,5,1.422254,0.945002,16000
760,empty,10000,1000,13,0.920254,0.443281,1000
761,scorep,10000,1000,5,1.422240,0.944905,1000
762,extrae,10000,250,7,1.259253,0.790992,16000
763,empty,10000,2000,18,1.037260,0.556580,250
764,oot,10000,2000,8,1.198470,0.719482,250
765,oot,10000,2000,12,1.069239,0.591310,250
766,printf,10000,1000,5,1.425631,0.947747,1000
767,empty,10000,1000,14,0.901903,0.423408,1000
768,void,10000,2000,11,1.094537,0.607195,250
769,extrae,10000,1000,20,0.937699,0.467296,1000
77,empty,10000,250,18,0.831118,0.352353,16000
770,extrae,10000,500,10,1.044938,0.573003,4000
771,extrae,10000,500,18,0.916563,0.443356,4000
772,printf,10000,500,20,0.841541,0.362201,4000
773,oot,10000,500,15,0.866310,0.387003,4000
774,empty,10000,1000,10,1.028948,0.548328,1000
775,extrae,10000,500,11,1.011423,0.540829,4000
776,extrae,10000,1000,8,1.149024,0.678789,1000
777,tikki,10000,500,20,0.877594,0.399102,4000
778,tikki,10000,2000,4,1.676818,1.196847,250
779,void,10000,1000,7,1.202909,0.724649,1000
78,empty,10000,1000,3,2.031291,1.552706,1000
780,printf,10000,500,6,1.279173,0.800516,4000
781,void,10000,1000,12,0.954125,0.474267,1000
782,empty,10000,500,6,1.277773,0.798831,4000
783,empty,10000,500,2,2.804615,2.326657,4000
784,printf,10000,1000,17,0.862664,0.385367,1000
785,void,10000,500,14,0.877304,0.401460,4000
786,scorep,10000,250,11,0.969856,0.498105,16000
787,scorep,10000,500,20,0.840749,0.368792,4000
788,scorep,10000,250,20,0.830783,0.352744,16000
789,oot,10000,1000,7,1.206434,0.728907,1000
79,oot,10000,2000,9,1.165218,0.686704,250
790,empty,10000,500,15,0.863403,0.386420,4000
791,oot,10000,2000,9,1.143473,0.665430,250
792,empty,10000,500,1,5.620150,5.139706,4000
793,extrae,10000,1000,14,0.956633,0.483515,1000
794,oot,10000,2000,16,1.035575,0.557035,250
795,void,10000,2000,16,1.034778,0.556331,250
796,empty,10000,2000,14,1.034349,0.553760,250
797,tikki,10000,500,9,1.097075,0.618261,4000
798,empty,10000,250,20,0.824521,0.346246,16000
799,empty,10000,2000,6,1.337773,0.857224,250
8,scorep,10000,500,15,0.863577,0.387157,4000
80,void,10000,2000,19,1.031034,0.552034,250
800,scorep,10000,250,4,1.608620,1.135495,16000
801,void,10000,2000,8,1.199939,0.720854,250
802,oot,10000,1000,4,1.598437,1.120735,1000
803,oot,10000,250,6,1.299175,0.818704,16000
804,extrae,10000,1000,7,1.234013,0.763898,1000
805,extrae,10000,250,15,0.934549,0.464567,16000
806,oot,10000,1000,17,0.861806,0.383684,1000
807,oot,10000,500,6,1.272297,0.796008,4000
808,scorep,10000,2000,12,1.070375,0.592746,250
809,oot,10000,500,4,1.585476,1.108442,4000
81,empty,10000,500,19,0.842955,0.363468,4000
810,oot,10000,1000,10,1.031875,0.552113,1000
811,scorep,10000,500,14,0.875064,0.403678,4000
812,scorep,10000,1000,13,0.920890,0.447120,1000
813,tikki,10000,2000,8,1.234963,0.757135,250
814,empty,10000,500,8,1.107925,0.630236,4000
815,printf,10000,250,19,0.827774,0.349374,16000
816,empty,10000,250,13,0.907840,0.428293,16000
817,printf,10000,250,10,1.017503,0.539629,16000
818,scorep,10000,2000,6,1.331931,0.861189,250
819,void,10000,2000,12,1.068277,0.590520,250
82,void,10000,500,5,1.400354,0.921082,4000
820,void,10000,2000,19,1.032510,0.556473,250
821,scorep,10000,2000,7,1.257606,0.782459,250
822,empty,10000,250,10,1.006498,0.530119,16000
823,oot,10000,500,8,1.109838,0.632139,4000
824,printf,10000,1000,14,0.903532,0.422363,1000
825,extrae,10000,500,13,0.951208,0.482169,4000
826,void,10000,2000,15,1.031109,0.554590,250
827,empty,10000,2000,7,1.267582,0.789586,250
828,void,10000,250,18,0.827718,0.350936,16000
829,void,10000,2000,13,1.032509,0.555492,250
83,printf,10000,1000,13,0.921203,0.442269,1000
830,oot,10000,1000,19,0.867630,0.390383,1000
831,scorep,10000,1000,8,1.126055,0.649907,1000
832,printf,10000,2000,7,1.259480,0.782020,250
833,oot,10000,2000,2,2.727570,2.250207,250
834,printf,10000,2000,3,2.072286,1.594244,250
835,tikki,10000,2000,20,1.075685,0.598338,250
836,extrae,10000,1000,18,0.934016,0.462581,1000
837,scorep,10000,250,16,0.834364,0.361381,16000
838,void,10000,250,10,1.018105,0.537678,16000
839,empty,10000,1000,6,1.284994,0.807399,1000
84,scorep,10000,1000,6,1.294776,0.815955,1000
840,empty,10000,1000,2,2.763291,2.286820,1000
841,empty,10000,1000,4,1.591099,1.112357,1000
842,scorep,10000,2000,19,1.030903,0.559977,250
843,oot,10000,2000,6,1.344212,0.867039,250
844,empty,10000,1000,19,0.862165,0.383725,1000
845,tikki,10000,1000,3,2.046137,1.568336,1000
846,extrae,10000,500,9,1.087316,0.616929,4000
847,void,10000,250,14,0.880352,0.401169,16000
848,extrae,10000,250,3,2.110388,1.636458,16000
849,tikki,10000,2000,5,1.508054,1.029353,250
85,oot,10000,250,15,0.852348,0.374059,16000
850,scorep,10000,250,1,4.776317,4.305715,16000
851,oot,10000,1000,2,2.770506,2.292078,1000
852,empty,10000,1000,15,0.882945,0.403196,1000
853,printf,10000,500,7,1.188596,0.710665,4000
854,printf,10000,250,7,1.195501,0.716529,16000
855,printf,10000,1000,16,0.868904,0.389323,1000
856,empty,10000,1000,17,0.866810,0.389080,1000
857,extrae,10000,1000,5,1.429705,0.958182,1000
858,printf,10000,2000,19,1.032979,0.554673,250
859,empty,10000,2000,1,5.675087,5.197166,250
86,scorep,10000,2000,13,1.030795,0.553570,250
860,scorep,10000,250,12,0.929050,0.458426,16000
861,printf,10000,1000,10,1.027064,0.548212,1000
862,void,10000,250,3,2.022590,1.544749,16000
863,printf,10000,250,1,5.686992,5.207503,16000
864,oot,10000,500,11,0.964038,0.486078,4000
865,tikki,10000,2000,7,1.314075,0.835718,250
866,tikki,10000,250,8,1.144739,0.675881,16000
867,void,10000,500,8,1.106317,0.628103,4000
868,scorep,10000,500,19,0.844081,0.366714,4000
869,extrae,10000,250,9,1.129623,0.658981,16000
87,oot,10000,500,6,1.279194,0.800488,4000
870,tikki,10000,2000,14,1.078516,0.598778,250
871,tikki,10000,250,7,1.247084,0.767987,16000
872,oot,10000,2000,20,1.030639,0.552357,250
873,empty,10000,500,17,0.845294,0.366185,4000
874,void,10000,250,9,1.059990,0.580714,16000
875,empty,10000,250,5,1.420449,0.944194,16000
876,tikki,10000,2000,9,1.193224,0.713341,250
877,tikki,10000,500,2,2.829331,2.350037,4000
878,printf,10000,500,17,0.850233,0.368134,4000
879,tikki,10000,250,9,1.096268,0.616870,16000
88,scorep,10000,1000,3,1.988615,1.509825,1000
880,tikki,10000,250,14,0.917199,0.436882,16000
881,printf,10000,1000,1,5.619385,5.140928,1000
882,void,10000,2000,14,1.029871,0.551365,250
883,empty,10000,2000,10,1.130319,0.651653,250
884,empty,10000,500,4,1.579054,1.099573,4000
885,void,10000,250,16,0.844160,0.363886,16000
886,tikki,10000,1000,5,1.457727,0.979743,1000
887,scorep,10000,1000,9,1.068904,0.597177,1000
888,oot,10000,2000,13,1.035783,0.558611,250
889,printf,10000,2000,14,1.032914,0.554163,250
89,tikki,10000,500,10,1.043649,0.563880,4000
890,extrae,10000,250,6,1.355398,0.881394,16000
891,scorep,10000,1000,19,0.855432,0.382714,1000
892,extrae,10000,2000,14,1.084116,0.612040,250
893,empty,10000,250,19,0.831210,0.351703,16000
894,extrae,10000,2000,17,1.095871,0.626252,250
895,tikki,10000,1000,14,0.950391,0.471093,1000
896,printf,10000,500,16,0.850902,0.371424,4000
897,printf,10000,500,3,1.957692,1.478339,4000
898,extrae,10000,2000,3,2.063456,1.590953,250
899,oot,10000,250,18,0.830902,0.351154,16000
9,tikki,10000,1000,18,0.901919,0.422644,1000
90,printf,10000,2000,4,1.644349,1.164415,250
900,oot,10000,500,1,5.612715,5.133202,4000
901,printf,10000,2000,9,1.151636,0.671883,250
902,oot,10000,250,16,0.841392,0.362072,16000
903,oot,10000,1000,18,0.863074,0.383012,1000
904,scorep,10000,500,2,2.782366,2.312597,4000
905,printf,10000,500,11,0.969899,0.489395,4000
906,void,10000,250,4,1.623854,1.144630,16000
907,oot,10000,250,11,0.973274,0.491990,16000
908,empty,10000,500,13,0.905130,0.424205,4000
909,oot,10000,2000,7,1.276182,0.797831,250
91,printf,10000,2000,6,1.354436,0.874719,250
910,scorep,10000,250,2,2.868183,2.396132,16000
911,extrae,10000,500,3,2.011491,1.534609,4000
912,empty,10000,250,15,0.861700,0.380714,16000
913,scorep,10000,500,1,4.773092,4.301629,4000
914,extrae,10000,250,13,0.977106,0.507681,16000
915,printf,10000,2000,11,1.101559,0.623653,250
916,extrae,10000,250,8,1.172204,0.701828,16000
917,oot,10000,500,2,2.798421,2.319856,4000
918,printf,10000,250,20,0.829601,0.350854,16000
919,printf,10000,250,14,0.878057,0.398954,16000
92,extrae,10000,1000,11,1.024833,0.556631,1000
920,printf,10000,500,12,0.932981,0.454377,4000
921,oot,10000,1000,9,1.077057,0.598036,1000
922,scorep,10000,2000,1,5.671714,5.194665,250
923,tikki,10000,250,2,3.025170,2.547300,16000
924,printf,10000,500,8,1.108408,0.631293,4000
925,tikki,10000,1000,6,1.330505,0.851985,1000
926,printf,10000,1000,2,2.771582,2.292902,1000
927,oot,10000,250,19,0.825256,0.348521,16000
928,printf,10000,1000,4,1.589773,1.111184,1000
929,printf,10000,2000,10,1.123067,0.644102,250
93,printf,10000,250,14,0.878475,0.398212,16000
930,extrae,10000,2000,12,1.123743,0.655620,250
931,printf,10000,500,9,1.055743,0.576667,4000
932,empty,10000,2000,19,1.034551,0.555643,250
933,extrae,10000,2000,19,1.104621,0.635974,250
934,empty,10000,250,3,2.041341,1.562779,16000
935,printf,10000,2000,12,1.068426,0.590159,250
936,extrae,10000,1000,1,5.624383,5.147147,1000
937,printf,10000,500,5,1.399774,0.921245,4000
938,empty,10000,1000,20,0.862209,0.382988,1000
939,extrae,10000,500,16,0.911032,0.441818,4000
94,extrae,10000,2000,4,1.650592,1.177803,250
940,tikki,10000,1000,11,1.026824,0.547514,1000
941,empty,10000,1000,9,1.077901,0.599645,1000
942,empty,10000,250,6,1.292329,0.812674,16000
943,printf,10000,250,11,0.966840,0.489012,16000
944,tikki,10000,250,17,0.873450,0.395063,16000
945,extrae,10000,1000,17,0.926756,0.457394,1000
946,scorep,10000,2000,16,1.021516,0.550301,250
947,scorep,10000,1000,4,1.598337,1.123429,1000
948,tikki,10000,2000,15,1.069622,0.592067,250
949,oot,10000,1000,11,0.989564,0.507537,1000
95,scorep,10000,250,10,1.016183,0.539067,16000
950,tikki,10000,2000,2,2.917726,2.437930,250
951,oot,10000,2000,17,1.038304,0.559862,250
952,extrae,10000,500,7,1.198094,0.728064,4000
953,oot,10000,500,18,0.843415,0.365425,4000
954,scorep,10000,250,7,1.188775,0.717361,16000
955,void,10000,500,11,0.967181,0.489665,4000
956,scorep,10000,250,14,0.867421,0.397388,16000
957,extrae,10000,500,15,0.922173,0.453129,4000
958,empty,10000,250,1,5.642663,5.163229,16000
959,empty,10000,500,12,0.935364,0.456237,4000
96,extrae,10000,250,18,0.906952,0.436872,16000
960,printf,10000,1000,11,0.985385,0.509154,1000
961,extrae,10000,1000,12,0.999331,0.530845,1000
962,void,10000,250,15,0.853896,0.377807,16000
963,oot,10000,250,20,0.830671,0.351726,16000
964,extrae,10000,2000,4,1.648938,1.174680,250
965,extrae,10000,2000,18,1.102583,0.631168,250
966,extrae,10000,1000,2,2.716788,2.239882,1000
967,tikki,10000,500,3,2.105860,1.626874,4000
968,empty,10000,500,19,0.839837,0.361595,4000
969,extrae,10000,250,19,0.902907,0.433022,16000
97,empty,10000,250,4,1.609146,1.131717,16000
970,empty,10000,250,7,1.190379,0.712730,16000
971,oot,10000,500,16,0.847654,0.369231,4000
972,empty,10000,2000,9,1.170219,0.691966,250
973,empty,10000,2000,11,1.084457,0.607455,250
974,tikki,10000,1000,7,1.235148,0.755750,1000
975,void,10000,250,17,0.835530,0.357477,16000
976,tikki,10000,1000,10,1.078772,0.598974,1000
977,oot,10000,250,2,2.880561,2.399177,16000
978,oot,10000,250,5,1.426656,0.949156,16000
979,scorep,10000,250,10,1.011517,0.533367,16000
98,extrae,10000,500,15,0.917260,0.449065,4000
980,tikki,10000,250,5,1.467849,0.989128,16000
981,void,10000,250,2,2.855971,2.375849,16000
982,oot,10000,1000,16,0.868430,0.390888,1000
983,extrae,10000,250,4,1.709375,1.236822,16000
984,void,10000,2000,18,1.039908,0.559686,250
985,extrae,10000,2000,1,5.656273,5.181216,250
986,scorep,10000,2000,13,1.025710,0.554166,250
987,void,10000,500,4,1.579174,1.099607,4000
988,scorep,10000,500,11,0.959954,0.488186,4000
989,scorep,10000,2000,4,1.641540,1.168025,250
99,empty,10000,250,5,1.425792,0.948122,16000
990,empty,10000,250,18,0.833700,0.353646,16000
991,void,10000,1000,13,0.930688,0.452045,1000
992,void,10000,1000,1,5.600898,5.121419,1000
993,empty,10000,500,5,1.405771,0.923747,4000
994,void,10000,500,13,0.901373,0.421622,4000
995,void,10000,250,12,0.930177,0.452367,16000
996,oot,10000,500,17,0.849284,0.367684,4000
997,tikki,10000,2000,13,1.073000,0.594682,250
998,empty,10000,2000,13,1.036743,0.556810,250
999,printf,10000,2000,20,1.038058,0.559504,250
