State, th3, TASK, 0.002380, 0.002760, 0.000380, 0.000000, lapack_dlarfb
State, th3, TASK, 0.002762, 0.002984, 0.000221, 0.000000, lapack_dlarfb
State, th3, TASK, 0.002985, 0.003199, 0.000214, 0.000000, lapack_dlarfb
State, th3, TASK, 0.003201, 0.003415, 0.000215, 0.000000, lapack_dlarfb
State, th3, TASK, 0.003417, 0.003626, 0.000208, 0.000000, lapack_dlarfb
State, th3, TASK, 0.003913, 0.004204, 0.000291, 0.000000, lapack_dtpqrt
State, th3, TASK, 0.004210, 0.004472, 0.000262, 0.000000, lapack_dtpqrt
State, th3, TASK, 0.004477, 0.005060, 0.000583, 0.000000, lapack_dtpqrt
State, th3, TASK, 0.005066, 0.005322, 0.000256, 0.000000, lapack_dtpqrt
State, th3, TASK, 0.005327, 0.005580, 0.000253, 0.000000, lapack_dtpqrt
State, th3, TASK, 0.005586, 0.005842, 0.000256, 0.000000, lapack_dtpqrt
State, th3, TASK, 0.005848, 0.006436, 0.000588, 0.000000, lapack_dtpqrt
State, th3, TASK, 0.006443, 0.006701, 0.000258, 0.000000, lapack_dtpqrt
State, th3, TASK, 0.006707, 0.006958, 0.000251, 0.000000, lapack_dtpqrt
State, th3, TASK, 0.006964, 0.007221, 0.000257, 0.000000, lapack_dtpqrt
State, th3, TASK, 0.007227, 0.007549, 0.000322, 0.000000, lapack_dtpqrt
State, th3, TASK, 0.007556, 0.007948, 0.000392, 0.000000, lapack_dtpqrt
State, th3, TASK, 0.007955, 0.008307, 0.000352, 0.000000, lapack_dtpqrt
State, th3, TASK, 0.008314, 0.008690, 0.000376, 0.000000, lapack_dtpqrt
State, th3, TASK, 0.008697, 0.009162, 0.000466, 0.000000, lapack_dtpmqrt
State, th3, TASK, 0.009165, 0.009559, 0.000395, 0.000000, lapack_dtpmqrt
State, th3, TASK, 0.009561, 0.009953, 0.000391, 0.000000, lapack_dtpmqrt
State, th3, TASK, 0.009955, 0.010341, 0.000386, 0.000000, lapack_dtpmqrt
State, th3, TASK, 0.010343, 0.010727, 0.000385, 0.000000, lapack_dtpmqrt
State, th3, TASK, 0.010729, 0.011111, 0.000382, 0.000000, lapack_dtpmqrt
State, th3, TASK, 0.011113, 0.011496, 0.000383, 0.000000, lapack_dtpmqrt
State, th3, TASK, 0.011498, 0.011884, 0.000386, 0.000000, lapack_dtpmqrt
State, th3, TASK, 0.011886, 0.012275, 0.000388, 0.000000, lapack_dtpmqrt
State, th3, TASK, 0.012276, 0.012658, 0.000382, 0.000000, lapack_dtpmqrt
State, th3, TASK, 0.012660, 0.013067, 0.000407, 0.000000, lapack_dtpmqrt
State, th3, TASK, 0.013070, 0.013456, 0.000386, 0.000000, lapack_dtpmqrt
State, th3, TASK, 0.013457, 0.013843, 0.000386, 0.000000, lapack_dtpmqrt
State, th3, TASK, 0.013846, 0.014233, 0.000387, 0.000000, lapack_dtpmqrt
State, th3, TASK, 0.014236, 0.014627, 0.000391, 0.000000, lapack_dtpmqrt
State, th3, TASK, 0.014629, 0.015024, 0.000395, 0.000000, lapack_dtpmqrt
State, th3, TASK, 0.015027, 0.015404, 0.000378, 0.000000, lapack_dtpmqrt
State, th3, TASK, 0.015407, 0.015791, 0.000385, 0.000000, lapack_dtpmqrt
State, th3, TASK, 0.015794, 0.016171, 0.000377, 0.000000, lapack_dtpmqrt
State, th3, TASK, 0.016172, 0.016557, 0.000384, 0.000000, lapack_dtpmqrt
State, th3, TASK, 0.016559, 0.016962, 0.000402, 0.000000, lapack_dtpmqrt
State, th3, TASK, 0.016963, 0.017351, 0.000388, 0.000000, lapack_dtpmqrt
State, th3, TASK, 0.017354, 0.017738, 0.000385, 0.000000, lapack_dtpmqrt
State, th3, TASK, 0.017740, 0.018129, 0.000389, 0.000000, lapack_dtpmqrt
State, th3, TASK, 0.018131, 0.018520, 0.000388, 0.000000, lapack_dtpmqrt
State, th3, TASK, 0.018530, 0.018939, 0.000409, 0.000000, lapack_dtpmqrt
State, th3, TASK, 0.018941, 0.019327, 0.000385, 0.000000, lapack_dtpmqrt
State, th3, TASK, 0.019328, 0.019714, 0.000385, 0.000000, lapack_dtpmqrt
State, th3, TASK, 0.019716, 0.020102, 0.000386, 0.000000, lapack_dtpmqrt
State, th3, TASK, 0.020104, 0.020507, 0.000404, 0.000000, lapack_dtpmqrt
State, th3, TASK, 0.020512, 0.020876, 0.000365, 0.000000, lapack_dlarfb
State, th3, TASK, 0.020879, 0.021298, 0.000419, 0.000000, lapack_dtpmqrt
State, th3, TASK, 0.021300, 0.021684, 0.000385, 0.000000, lapack_dtpmqrt
State, th3, TASK, 0.021686, 0.022074, 0.000387, 0.000000, lapack_dtpmqrt
State, th3, TASK, 0.022076, 0.022474, 0.000398, 0.000000, lapack_dtpmqrt
State, th3, TASK, 0.022476, 0.022880, 0.000404, 0.000000, lapack_dtpmqrt
State, th3, TASK, 0.022885, 0.023292, 0.000407, 0.000000, lapack_dtpmqrt
State, th3, TASK, 0.023294, 0.023685, 0.000391, 0.000000, lapack_dtpmqrt
State, th3, TASK, 0.023687, 0.024073, 0.000386, 0.000000, lapack_dtpmqrt
State, th3, TASK, 0.024076, 0.024482, 0.000406, 0.000000, lapack_dtpmqrt
State, th3, TASK, 0.024484, 0.024914, 0.000430, 0.000000, lapack_dtpmqrt
State, th3, TASK, 0.024917, 0.025319, 0.000402, 0.000000, lapack_dtpmqrt
State, th3, TASK, 0.025321, 0.025718, 0.000397, 0.000000, lapack_dtpmqrt
State, th3, TASK, 0.025720, 0.026124, 0.000405, 0.000000, lapack_dtpmqrt
State, th3, TASK, 0.026127, 0.026515, 0.000388, 0.000000, lapack_dtpmqrt
State, th3, TASK, 0.026517, 0.026906, 0.000389, 0.000000, lapack_dtpmqrt
State, th3, TASK, 0.026909, 0.027135, 0.000226, 0.000000, lapack_dlarfb
State, th3, TASK, 0.027138, 0.027358, 0.000221, 0.000000, lapack_dlarfb
State, th3, TASK, 0.027502, 0.027882, 0.000380, 0.000000, lapack_dtpmqrt
State, th3, TASK, 0.027884, 0.028276, 0.000392, 0.000000, lapack_dtpmqrt
State, th3, TASK, 0.028278, 0.028656, 0.000379, 0.000000, lapack_dtpmqrt
State, th3, TASK, 0.028658, 0.029061, 0.000402, 0.000000, lapack_dtpmqrt
State, th3, TASK, 0.029063, 0.029439, 0.000376, 0.000000, lapack_dtpmqrt
State, th3, TASK, 0.029442, 0.029822, 0.000380, 0.000000, lapack_dtpmqrt
State, th3, TASK, 0.029824, 0.030201, 0.000377, 0.000000, lapack_dtpmqrt
State, th3, TASK, 0.030203, 0.030577, 0.000375, 0.000000, lapack_dtpmqrt
State, th3, TASK, 0.030579, 0.030953, 0.000374, 0.000000, lapack_dtpmqrt
State, th3, TASK, 0.030960, 0.031342, 0.000382, 0.000000, lapack_dtpmqrt
State, th3, TASK, 0.031344, 0.031724, 0.000380, 0.000000, lapack_dtpmqrt
State, th3, TASK, 0.031726, 0.032108, 0.000382, 0.000000, lapack_dtpmqrt
State, th3, TASK, 0.032110, 0.032488, 0.000378, 0.000000, lapack_dtpmqrt
State, th3, TASK, 0.032491, 0.032892, 0.000400, 0.000000, lapack_dtpmqrt
State, th3, TASK, 0.032895, 0.033276, 0.000381, 0.000000, lapack_dtpmqrt
State, th3, TASK, 0.033278, 0.033663, 0.000385, 0.000000, lapack_dtpmqrt
State, th3, TASK, 0.033665, 0.034043, 0.000378, 0.000000, lapack_dtpmqrt
State, th3, TASK, 0.034045, 0.034434, 0.000389, 0.000000, lapack_dtpmqrt
State, th3, TASK, 0.034436, 0.034843, 0.000407, 0.000000, lapack_dtpmqrt
State, th3, TASK, 0.034847, 0.035253, 0.000406, 0.000000, lapack_dtpmqrt
State, th3, TASK, 0.035257, 0.035686, 0.000429, 0.000000, lapack_dtpmqrt
State, th3, TASK, 0.035689, 0.036109, 0.000420, 0.000000, lapack_dtpmqrt
State, th3, TASK, 0.036114, 0.036528, 0.000414, 0.000000, lapack_dtpmqrt
State, th3, TASK, 0.036530, 0.036965, 0.000435, 0.000000, lapack_dtpmqrt
State, th3, TASK, 0.036967, 0.037375, 0.000408, 0.000000, lapack_dtpmqrt
State, th3, TASK, 0.037377, 0.037765, 0.000388, 0.000000, lapack_dtpmqrt
State, th3, TASK, 0.037766, 0.038152, 0.000386, 0.000000, lapack_dtpmqrt
State, th3, TASK, 0.038154, 0.038541, 0.000386, 0.000000, lapack_dtpmqrt
State, th3, TASK, 0.038542, 0.038928, 0.000386, 0.000000, lapack_dtpmqrt
State, th3, TASK, 0.038930, 0.039171, 0.000242, 0.000000, lapack_dlarfb
State, th3, TASK, 0.039178, 0.039589, 0.000411, 0.000000, lapack_dtpmqrt
State, th3, TASK, 0.039592, 0.039992, 0.000400, 0.000000, lapack_dtpmqrt
State, th3, TASK, 0.039994, 0.040398, 0.000404, 0.000000, lapack_dtpmqrt
State, th3, TASK, 0.040400, 0.040822, 0.000421, 0.000000, lapack_dtpmqrt
State, th3, TASK, 0.040824, 0.041229, 0.000405, 0.000000, lapack_dtpmqrt
State, th3, TASK, 0.041231, 0.041630, 0.000398, 0.000000, lapack_dtpmqrt
State, th3, TASK, 0.041632, 0.042035, 0.000403, 0.000000, lapack_dtpmqrt
State, th3, TASK, 0.042037, 0.042448, 0.000411, 0.000000, lapack_dtpmqrt
State, th3, TASK, 0.042452, 0.042866, 0.000414, 0.000000, lapack_dtpmqrt
State, th3, TASK, 0.042868, 0.043276, 0.000408, 0.000000, lapack_dtpmqrt
State, th3, TASK, 0.043278, 0.043665, 0.000387, 0.000000, lapack_dtpmqrt
State, th3, TASK, 0.043667, 0.044057, 0.000390, 0.000000, lapack_dtpmqrt
State, th3, TASK, 0.044060, 0.044469, 0.000409, 0.000000, lapack_dtpmqrt
State, th3, TASK, 0.044471, 0.044904, 0.000432, 0.000000, lapack_dtpmqrt
State, th3, TASK, 0.044906, 0.045150, 0.000243, 0.000000, lapack_dlarfb
State, th3, TASK, 0.045152, 0.045543, 0.000391, 0.000000, lapack_dtpmqrt
State, th3, TASK, 0.045547, 0.045934, 0.000387, 0.000000, lapack_dtpmqrt
State, th3, TASK, 0.045937, 0.046356, 0.000419, 0.000000, lapack_dtpmqrt
State, th3, TASK, 0.046359, 0.046760, 0.000401, 0.000000, lapack_dtpmqrt
State, th3, TASK, 0.046762, 0.047168, 0.000406, 0.000000, lapack_dtpmqrt
State, th3, TASK, 0.047170, 0.047561, 0.000391, 0.000000, lapack_dtpmqrt
State, th3, TASK, 0.047563, 0.047951, 0.000387, 0.000000, lapack_dtpmqrt
State, th3, TASK, 0.047962, 0.048365, 0.000403, 0.000000, lapack_dtpmqrt
State, th3, TASK, 0.048423, 0.048835, 0.000412, 0.000000, lapack_dtpmqrt
State, th3, TASK, 0.048837, 0.049218, 0.000381, 0.000000, lapack_dtpmqrt
State, th3, TASK, 0.049223, 0.049607, 0.000385, 0.000000, lapack_dtpmqrt
State, th3, TASK, 0.049610, 0.050015, 0.000405, 0.000000, lapack_dtpmqrt
State, th3, TASK, 0.050019, 0.050421, 0.000401, 0.000000, lapack_dtpmqrt
State, th3, TASK, 0.050423, 0.050828, 0.000405, 0.000000, lapack_dtpmqrt
State, th3, TASK, 0.050830, 0.051244, 0.000414, 0.000000, lapack_dtpmqrt
State, th3, TASK, 0.051246, 0.051638, 0.000392, 0.000000, lapack_dtpmqrt
State, th3, TASK, 0.051640, 0.052011, 0.000372, 0.000000, lapack_dtpmqrt
State, th3, TASK, 0.052016, 0.052413, 0.000397, 0.000000, lapack_dtpmqrt
State, th3, TASK, 0.052417, 0.052867, 0.000450, 0.000000, lapack_dtpmqrt
State, th3, TASK, 0.052869, 0.053258, 0.000389, 0.000000, lapack_dtpmqrt
State, th3, TASK, 0.053260, 0.053662, 0.000402, 0.000000, lapack_dtpmqrt
State, th3, TASK, 0.053664, 0.054070, 0.000406, 0.000000, lapack_dtpmqrt
State, th3, TASK, 0.054073, 0.054467, 0.000394, 0.000000, lapack_dtpmqrt
State, th3, TASK, 0.054469, 0.054863, 0.000394, 0.000000, lapack_dtpmqrt
State, th3, TASK, 0.054865, 0.055261, 0.000396, 0.000000, lapack_dtpmqrt
State, th3, TASK, 0.055263, 0.055651, 0.000388, 0.000000, lapack_dtpmqrt
State, th3, TASK, 0.055653, 0.056042, 0.000389, 0.000000, lapack_dtpmqrt
State, th3, TASK, 0.056045, 0.056446, 0.000401, 0.000000, lapack_dtpmqrt
State, th3, TASK, 0.056449, 0.056868, 0.000419, 0.000000, lapack_dtpmqrt
State, th3, TASK, 0.056870, 0.057265, 0.000395, 0.000000, lapack_dtpmqrt
State, th3, TASK, 0.057267, 0.057659, 0.000392, 0.000000, lapack_dtpmqrt
State, th3, TASK, 0.057662, 0.058057, 0.000396, 0.000000, lapack_dtpmqrt
State, th3, TASK, 0.058060, 0.058455, 0.000396, 0.000000, lapack_dtpmqrt
State, th3, TASK, 0.058460, 0.058851, 0.000391, 0.000000, lapack_dtpmqrt
State, th3, TASK, 0.058853, 0.059243, 0.000390, 0.000000, lapack_dtpmqrt
State, th3, TASK, 0.059246, 0.059637, 0.000391, 0.000000, lapack_dtpmqrt
State, th3, TASK, 0.059639, 0.060042, 0.000403, 0.000000, lapack_dtpmqrt
State, th3, TASK, 0.060045, 0.060438, 0.000393, 0.000000, lapack_dtpmqrt
State, th3, TASK, 0.060440, 0.060890, 0.000450, 0.000000, lapack_dtpmqrt
State, th3, TASK, 0.060894, 0.061387, 0.000493, 0.000000, lapack_dtpmqrt
State, th3, TASK, 0.061391, 0.061746, 0.000355, 0.000000, lapack_dlarfb
State, th3, TASK, 0.061752, 0.062350, 0.000597, 0.000000, lapack_dtpmqrt
State, th3, TASK, 0.062355, 0.062911, 0.000556, 0.000000, lapack_dtpmqrt
State, th3, TASK, 0.062923, 0.063403, 0.000481, 0.000000, lapack_dtpmqrt
State, th3, TASK, 0.063406, 0.063883, 0.000478, 0.000000, lapack_dtpmqrt
State, th3, TASK, 0.063886, 0.064385, 0.000499, 0.000000, lapack_dtpmqrt
State, th3, TASK, 0.064388, 0.064786, 0.000399, 0.000000, lapack_dtpmqrt
State, th3, TASK, 0.064788, 0.065176, 0.000387, 0.000000, lapack_dtpmqrt
State, th3, TASK, 0.065178, 0.065567, 0.000389, 0.000000, lapack_dtpmqrt
State, th3, TASK, 0.065570, 0.065958, 0.000387, 0.000000, lapack_dtpmqrt
State, th3, TASK, 0.065960, 0.066346, 0.000386, 0.000000, lapack_dtpmqrt
State, th3, TASK, 0.066350, 0.066741, 0.000392, 0.000000, lapack_dtpmqrt
State, th3, TASK, 0.066743, 0.067134, 0.000391, 0.000000, lapack_dtpmqrt
State, th3, TASK, 0.067136, 0.067526, 0.000389, 0.000000, lapack_dtpmqrt
State, th3, TASK, 0.067527, 0.067747, 0.000220, 0.000000, lapack_dlarfb
State, th3, TASK, 0.067876, 0.068152, 0.000276, 0.000000, lapack_dtpqrt
State, th3, TASK, 0.068161, 0.068539, 0.000379, 0.000000, lapack_dtpmqrt
State, th3, TASK, 0.068550, 0.068972, 0.000422, 0.000000, lapack_dtpmqrt
State, th3, TASK, 0.068974, 0.069355, 0.000380, 0.000000, lapack_dtpmqrt
State, th3, TASK, 0.069356, 0.069736, 0.000379, 0.000000, lapack_dtpmqrt
State, th3, TASK, 0.069737, 0.070117, 0.000380, 0.000000, lapack_dtpmqrt
State, th3, TASK, 0.070119, 0.070498, 0.000379, 0.000000, lapack_dtpmqrt
State, th3, TASK, 0.070499, 0.070874, 0.000374, 0.000000, lapack_dtpmqrt
State, th3, TASK, 0.070876, 0.071247, 0.000371, 0.000000, lapack_dtpmqrt
State, th3, TASK, 0.071249, 0.071622, 0.000373, 0.000000, lapack_dtpmqrt
State, th3, TASK, 0.071625, 0.071998, 0.000373, 0.000000, lapack_dtpmqrt
State, th3, TASK, 0.072000, 0.072375, 0.000375, 0.000000, lapack_dtpmqrt
State, th3, TASK, 0.072377, 0.072782, 0.000405, 0.000000, lapack_dtpmqrt
State, th3, TASK, 0.072785, 0.073136, 0.000351, 0.000000, lapack_dgeqrt
State, th3, TASK, 0.073145, 0.073361, 0.000216, 0.000000, lapack_dlarfb
State, th3, TASK, 0.073363, 0.073572, 0.000209, 0.000000, lapack_dlarfb
State, th3, TASK, 0.073575, 0.073787, 0.000212, 0.000000, lapack_dlarfb
State, th3, TASK, 0.073789, 0.074168, 0.000379, 0.000000, lapack_dtpmqrt
State, th3, TASK, 0.074170, 0.074542, 0.000372, 0.000000, lapack_dtpmqrt
State, th3, TASK, 0.074544, 0.074917, 0.000373, 0.000000, lapack_dtpmqrt
State, th3, TASK, 0.074919, 0.075300, 0.000381, 0.000000, lapack_dtpmqrt
State, th3, TASK, 0.075302, 0.075681, 0.000379, 0.000000, lapack_dtpmqrt
State, th3, TASK, 0.075684, 0.076062, 0.000378, 0.000000, lapack_dtpmqrt
State, th3, TASK, 0.076064, 0.076440, 0.000376, 0.000000, lapack_dtpmqrt
State, th3, TASK, 0.076442, 0.076845, 0.000402, 0.000000, lapack_dtpmqrt
State, th3, TASK, 0.076847, 0.077269, 0.000422, 0.000000, lapack_dtpmqrt
State, th3, TASK, 0.077274, 0.077677, 0.000402, 0.000000, lapack_dtpmqrt
State, th3, TASK, 0.077679, 0.078068, 0.000388, 0.000000, lapack_dtpmqrt
State, th3, TASK, 0.078070, 0.078448, 0.000378, 0.000000, lapack_dtpmqrt
State, th3, TASK, 0.078449, 0.078664, 0.000215, 0.000000, lapack_dlarfb
State, th3, TASK, 0.078666, 0.079039, 0.000373, 0.000000, lapack_dtpmqrt
State, th3, TASK, 0.079042, 0.079428, 0.000386, 0.000000, lapack_dtpmqrt
State, th3, TASK, 0.079432, 0.079813, 0.000381, 0.000000, lapack_dtpmqrt
State, th3, TASK, 0.079815, 0.080198, 0.000383, 0.000000, lapack_dtpmqrt
State, th3, TASK, 0.080201, 0.080586, 0.000385, 0.000000, lapack_dtpmqrt
State, th3, TASK, 0.080588, 0.081006, 0.000418, 0.000000, lapack_dtpmqrt
State, th3, TASK, 0.081009, 0.081410, 0.000401, 0.000000, lapack_dtpmqrt
State, th3, TASK, 0.081412, 0.081790, 0.000378, 0.000000, lapack_dtpmqrt
State, th3, TASK, 0.081792, 0.082170, 0.000378, 0.000000, lapack_dtpmqrt
State, th3, TASK, 0.082173, 0.082557, 0.000384, 0.000000, lapack_dtpmqrt
State, th3, TASK, 0.082561, 0.082944, 0.000384, 0.000000, lapack_dtpmqrt
State, th3, TASK, 0.082947, 0.083335, 0.000388, 0.000000, lapack_dtpmqrt
State, th3, TASK, 0.083339, 0.083560, 0.000221, 0.000000, lapack_dlarfb
State, th3, TASK, 0.083562, 0.083773, 0.000211, 0.000000, lapack_dlarfb
State, th3, TASK, 0.084045, 0.084308, 0.000263, 0.000000, lapack_dtpqrt
State, th3, TASK, 0.084314, 0.084571, 0.000257, 0.000000, lapack_dtpqrt
State, th3, TASK, 0.084576, 0.084872, 0.000296, 0.000000, lapack_dtpqrt
State, th3, TASK, 0.084879, 0.085133, 0.000254, 0.000000, lapack_dtpqrt
State, th3, TASK, 0.085139, 0.085396, 0.000257, 0.000000, lapack_dtpqrt
State, th3, TASK, 0.085402, 0.085655, 0.000253, 0.000000, lapack_dtpqrt
State, th3, TASK, 0.085662, 0.085974, 0.000312, 0.000000, lapack_dtpqrt
State, th3, TASK, 0.085980, 0.086233, 0.000253, 0.000000, lapack_dtpqrt
State, th3, TASK, 0.086240, 0.086528, 0.000288, 0.000000, lapack_dtpqrt
State, th3, TASK, 0.086533, 0.086787, 0.000254, 0.000000, lapack_dtpqrt
State, th3, TASK, 0.086795, 0.087204, 0.000409, 0.000000, lapack_dtpmqrt
State, th3, TASK, 0.087206, 0.087595, 0.000389, 0.000000, lapack_dtpmqrt
State, th3, TASK, 0.087597, 0.087981, 0.000383, 0.000000, lapack_dtpmqrt
State, th3, TASK, 0.087983, 0.088365, 0.000382, 0.000000, lapack_dtpmqrt
State, th3, TASK, 0.088368, 0.088773, 0.000404, 0.000000, lapack_dtpmqrt
State, th3, TASK, 0.088775, 0.089161, 0.000386, 0.000000, lapack_dtpmqrt
State, th3, TASK, 0.089164, 0.089556, 0.000392, 0.000000, lapack_dtpmqrt
State, th3, TASK, 0.089557, 0.089940, 0.000382, 0.000000, lapack_dtpmqrt
State, th3, TASK, 0.089942, 0.090327, 0.000385, 0.000000, lapack_dtpmqrt
State, th3, TASK, 0.090330, 0.090713, 0.000383, 0.000000, lapack_dtpmqrt
State, th3, TASK, 0.090716, 0.091101, 0.000385, 0.000000, lapack_dtpmqrt
State, th3, TASK, 0.091103, 0.091500, 0.000397, 0.000000, lapack_dtpmqrt
State, th3, TASK, 0.091502, 0.091885, 0.000383, 0.000000, lapack_dtpmqrt
State, th3, TASK, 0.091887, 0.092270, 0.000383, 0.000000, lapack_dtpmqrt
State, th3, TASK, 0.092273, 0.092657, 0.000385, 0.000000, lapack_dtpmqrt
State, th3, TASK, 0.092659, 0.093069, 0.000410, 0.000000, lapack_dtpmqrt
State, th3, TASK, 0.093071, 0.093463, 0.000391, 0.000000, lapack_dtpmqrt
State, th3, TASK, 0.093465, 0.093848, 0.000383, 0.000000, lapack_dtpmqrt
State, th3, TASK, 0.093850, 0.094234, 0.000384, 0.000000, lapack_dtpmqrt
State, th3, TASK, 0.094238, 0.094622, 0.000385, 0.000000, lapack_dtpmqrt
State, th3, TASK, 0.094626, 0.095017, 0.000391, 0.000000, lapack_dtpmqrt
State, th3, TASK, 0.095020, 0.095409, 0.000389, 0.000000, lapack_dtpmqrt
State, th3, TASK, 0.095411, 0.095623, 0.000212, 0.000000, lapack_dlarfb
State, th3, TASK, 0.095625, 0.095837, 0.000212, 0.000000, lapack_dlarfb
State, th3, TASK, 0.095841, 0.096051, 0.000211, 0.000000, lapack_dlarfb
State, th3, TASK, 0.096053, 0.096264, 0.000211, 0.000000, lapack_dlarfb
State, th3, TASK, 0.096266, 0.096531, 0.000265, 0.000000, lapack_dtpqrt
State, th3, TASK, 0.096540, 0.096951, 0.000411, 0.000000, lapack_dtpmqrt
State, th3, TASK, 0.096953, 0.097157, 0.000204, 0.000000, lapack_dgeqrt
State, th3, TASK, 0.097163, 0.097540, 0.000377, 0.000000, lapack_dtpmqrt
State, th3, TASK, 0.097543, 0.097755, 0.000212, 0.000000, lapack_dlarfb
State, th3, TASK, 0.097757, 0.098133, 0.000376, 0.000000, lapack_dtpmqrt
State, th3, TASK, 0.098135, 0.098346, 0.000211, 0.000000, lapack_dlarfb
State, th3, TASK, 0.098348, 0.098724, 0.000376, 0.000000, lapack_dtpmqrt
State, th3, TASK, 0.098727, 0.099116, 0.000389, 0.000000, lapack_dtpmqrt
State, th3, TASK, 0.099117, 0.099330, 0.000213, 0.000000, lapack_dlarfb
State, th3, TASK, 0.099333, 0.099713, 0.000380, 0.000000, lapack_dtpmqrt
State, th3, TASK, 0.099715, 0.100104, 0.000389, 0.000000, lapack_dtpmqrt
State, th3, TASK, 0.100107, 0.100499, 0.000392, 0.000000, lapack_dtpmqrt
State, th3, TASK, 0.100502, 0.100716, 0.000215, 0.000000, lapack_dlarfb
State, th3, TASK, 0.100718, 0.101125, 0.000407, 0.000000, lapack_dtpmqrt
State, th3, TASK, 0.101128, 0.101517, 0.000389, 0.000000, lapack_dtpmqrt
State, th3, TASK, 0.101520, 0.101902, 0.000382, 0.000000, lapack_dtpmqrt
State, th3, TASK, 0.101904, 0.102297, 0.000392, 0.000000, lapack_dtpmqrt
State, th3, TASK, 0.102298, 0.102513, 0.000215, 0.000000, lapack_dlarfb
State, th3, TASK, 0.102515, 0.102788, 0.000273, 0.000000, lapack_dtpqrt
State, th3, TASK, 0.102795, 0.103185, 0.000390, 0.000000, lapack_dtpmqrt
State, th3, TASK, 0.103186, 0.103579, 0.000393, 0.000000, lapack_dtpmqrt
State, th3, TASK, 0.103581, 0.103964, 0.000382, 0.000000, lapack_dtpmqrt
State, th3, TASK, 0.103966, 0.104351, 0.000386, 0.000000, lapack_dtpmqrt
State, th3, TASK, 0.104353, 0.104744, 0.000391, 0.000000, lapack_dtpmqrt
State, th3, TASK, 0.104746, 0.105145, 0.000399, 0.000000, lapack_dtpmqrt
State, th3, TASK, 0.105148, 0.105530, 0.000383, 0.000000, lapack_dtpmqrt
State, th3, TASK, 0.105533, 0.105917, 0.000385, 0.000000, lapack_dtpmqrt
State, th3, TASK, 0.105920, 0.106185, 0.000265, 0.000000, lapack_dtpqrt
State, th3, TASK, 0.106190, 0.106580, 0.000390, 0.000000, lapack_dtpmqrt
State, th3, TASK, 0.106583, 0.106843, 0.000259, 0.000000, lapack_dtpqrt
State, th3, TASK, 0.106849, 0.107246, 0.000397, 0.000000, lapack_dtpmqrt
State, th3, TASK, 0.107248, 0.107640, 0.000392, 0.000000, lapack_dtpmqrt
State, th3, TASK, 0.107643, 0.107981, 0.000338, 0.000000, lapack_dtpqrt
State, th3, TASK, 0.107988, 0.108382, 0.000394, 0.000000, lapack_dtpmqrt
State, th3, TASK, 0.108384, 0.108670, 0.000285, 0.000000, lapack_dtpqrt
State, th3, TASK, 0.108676, 0.109080, 0.000404, 0.000000, lapack_dtpmqrt
State, th3, TASK, 0.109082, 0.109473, 0.000391, 0.000000, lapack_dtpmqrt
State, th3, TASK, 0.109475, 0.109882, 0.000407, 0.000000, lapack_dtpmqrt
State, th3, TASK, 0.109884, 0.110274, 0.000390, 0.000000, lapack_dtpmqrt
State, th3, TASK, 0.110276, 0.110663, 0.000387, 0.000000, lapack_dtpmqrt
State, th3, TASK, 0.110665, 0.111050, 0.000385, 0.000000, lapack_dtpmqrt
State, th3, TASK, 0.111053, 0.111441, 0.000388, 0.000000, lapack_dtpmqrt
State, th3, TASK, 0.111444, 0.111829, 0.000385, 0.000000, lapack_dtpmqrt
State, th3, TASK, 0.111831, 0.112219, 0.000388, 0.000000, lapack_dtpmqrt
State, th3, TASK, 0.112221, 0.112606, 0.000385, 0.000000, lapack_dtpmqrt
State, th3, TASK, 0.112608, 0.113012, 0.000403, 0.000000, lapack_dtpmqrt
State, th3, TASK, 0.113014, 0.113396, 0.000382, 0.000000, lapack_dtpmqrt
State, th3, TASK, 0.113398, 0.113785, 0.000386, 0.000000, lapack_dtpmqrt
State, th3, TASK, 0.113787, 0.114177, 0.000390, 0.000000, lapack_dtpmqrt
State, th3, TASK, 0.114179, 0.114567, 0.000388, 0.000000, lapack_dtpmqrt
State, th3, TASK, 0.114570, 0.114956, 0.000386, 0.000000, lapack_dtpmqrt
State, th3, TASK, 0.114958, 0.115345, 0.000386, 0.000000, lapack_dtpmqrt
State, th3, TASK, 0.115347, 0.115733, 0.000386, 0.000000, lapack_dtpmqrt
State, th3, TASK, 0.115735, 0.116121, 0.000386, 0.000000, lapack_dtpmqrt
State, th3, TASK, 0.116123, 0.116422, 0.000299, 0.000000, lapack_dtpqrt
State, th3, TASK, 0.116430, 0.116826, 0.000396, 0.000000, lapack_dtpmqrt
State, th3, TASK, 0.116828, 0.117102, 0.000273, 0.000000, lapack_dtpqrt
State, th3, TASK, 0.117113, 0.117504, 0.000390, 0.000000, lapack_dtpmqrt
State, th3, TASK, 0.117507, 0.117903, 0.000396, 0.000000, lapack_dtpmqrt
State, th3, TASK, 0.117905, 0.118302, 0.000397, 0.000000, lapack_dtpmqrt
State, th3, TASK, 0.118304, 0.118692, 0.000387, 0.000000, lapack_dtpmqrt
State, th3, TASK, 0.118694, 0.118967, 0.000273, 0.000000, lapack_dtpqrt
State, th3, TASK, 0.118975, 0.119372, 0.000397, 0.000000, lapack_dtpmqrt
State, th3, TASK, 0.119374, 0.119678, 0.000304, 0.000000, lapack_dtpqrt
State, th3, TASK, 0.119683, 0.120071, 0.000388, 0.000000, lapack_dtpmqrt
State, th3, TASK, 0.120073, 0.120467, 0.000394, 0.000000, lapack_dtpmqrt
State, th3, TASK, 0.120470, 0.120878, 0.000408, 0.000000, lapack_dtpmqrt
State, th3, TASK, 0.120880, 0.121271, 0.000391, 0.000000, lapack_dtpmqrt
State, th3, TASK, 0.121273, 0.121661, 0.000389, 0.000000, lapack_dtpmqrt
State, th3, TASK, 0.121664, 0.122052, 0.000388, 0.000000, lapack_dtpmqrt
State, th3, TASK, 0.122055, 0.122442, 0.000388, 0.000000, lapack_dtpmqrt
State, th3, TASK, 0.122444, 0.122836, 0.000392, 0.000000, lapack_dtpmqrt
State, th3, TASK, 0.122838, 0.123226, 0.000387, 0.000000, lapack_dtpmqrt
State, th3, TASK, 0.123230, 0.123617, 0.000387, 0.000000, lapack_dtpmqrt
State, th3, TASK, 0.123619, 0.124023, 0.000404, 0.000000, lapack_dtpmqrt
State, th3, TASK, 0.124027, 0.124418, 0.000391, 0.000000, lapack_dtpmqrt
State, th3, TASK, 0.124420, 0.124827, 0.000407, 0.000000, lapack_dtpmqrt
State, th3, TASK, 0.124828, 0.125224, 0.000395, 0.000000, lapack_dtpmqrt
State, th3, TASK, 0.125226, 0.125615, 0.000389, 0.000000, lapack_dtpmqrt
State, th3, TASK, 0.125618, 0.126006, 0.000388, 0.000000, lapack_dtpmqrt
State, th3, TASK, 0.126007, 0.126399, 0.000392, 0.000000, lapack_dtpmqrt
State, th3, TASK, 0.126401, 0.126798, 0.000397, 0.000000, lapack_dtpmqrt
State, th3, TASK, 0.126800, 0.127188, 0.000387, 0.000000, lapack_dtpmqrt
State, th3, TASK, 0.127191, 0.127478, 0.000287, 0.000000, lapack_dtpqrt
State, th3, TASK, 0.127487, 0.127876, 0.000389, 0.000000, lapack_dtpmqrt
State, th3, TASK, 0.127878, 0.128148, 0.000270, 0.000000, lapack_dtpqrt
State, th3, TASK, 0.128152, 0.128542, 0.000390, 0.000000, lapack_dtpmqrt
State, th3, TASK, 0.128545, 0.128939, 0.000394, 0.000000, lapack_dtpmqrt
State, th3, TASK, 0.128942, 0.129329, 0.000388, 0.000000, lapack_dtpmqrt
State, th3, TASK, 0.129333, 0.129733, 0.000400, 0.000000, lapack_dtpmqrt
State, th3, TASK, 0.129735, 0.130128, 0.000393, 0.000000, lapack_dtpmqrt
State, th3, TASK, 0.130130, 0.130520, 0.000390, 0.000000, lapack_dtpmqrt
State, th3, TASK, 0.130522, 0.130916, 0.000394, 0.000000, lapack_dtpmqrt
State, th3, TASK, 0.130919, 0.131307, 0.000389, 0.000000, lapack_dtpmqrt
State, th3, TASK, 0.131309, 0.131699, 0.000390, 0.000000, lapack_dtpmqrt
State, th3, TASK, 0.131701, 0.132100, 0.000399, 0.000000, lapack_dtpmqrt
State, th3, TASK, 0.132104, 0.132379, 0.000275, 0.000000, lapack_dtpqrt
State, th3, TASK, 0.132385, 0.132781, 0.000396, 0.000000, lapack_dtpmqrt
State, th3, TASK, 0.132784, 0.133047, 0.000263, 0.000000, lapack_dtpqrt
State, th3, TASK, 0.133052, 0.133443, 0.000391, 0.000000, lapack_dtpmqrt
State, th3, TASK, 0.133445, 0.133836, 0.000390, 0.000000, lapack_dtpmqrt
State, th3, TASK, 0.133837, 0.134226, 0.000389, 0.000000, lapack_dtpmqrt
State, th3, TASK, 0.134228, 0.134617, 0.000389, 0.000000, lapack_dtpmqrt
State, th3, TASK, 0.134619, 0.135035, 0.000415, 0.000000, lapack_dtpmqrt
State, th3, TASK, 0.135037, 0.135436, 0.000399, 0.000000, lapack_dtpmqrt
State, th3, TASK, 0.135438, 0.135839, 0.000401, 0.000000, lapack_dtpmqrt
State, th3, TASK, 0.135840, 0.136230, 0.000390, 0.000000, lapack_dtpmqrt
State, th3, TASK, 0.136232, 0.136622, 0.000390, 0.000000, lapack_dtpmqrt
State, th3, TASK, 0.136625, 0.137020, 0.000396, 0.000000, lapack_dtpmqrt
State, th3, TASK, 0.137023, 0.137290, 0.000267, 0.000000, lapack_dtpqrt
State, th3, TASK, 0.137294, 0.137686, 0.000391, 0.000000, lapack_dtpmqrt
State, th3, TASK, 0.137688, 0.138079, 0.000391, 0.000000, lapack_dtpmqrt
State, th3, TASK, 0.138082, 0.138469, 0.000387, 0.000000, lapack_dtpmqrt
State, th3, TASK, 0.138470, 0.138861, 0.000391, 0.000000, lapack_dtpmqrt
State, th3, TASK, 0.138864, 0.139252, 0.000388, 0.000000, lapack_dtpmqrt
State, th3, TASK, 0.139254, 0.139642, 0.000387, 0.000000, lapack_dtpmqrt
State, th3, TASK, 0.139644, 0.140031, 0.000387, 0.000000, lapack_dtpmqrt
State, th3, TASK, 0.140033, 0.140253, 0.000220, 0.000000, lapack_dlarfb
State, th3, TASK, 0.140261, 0.140479, 0.000217, 0.000000, lapack_dlarfb
State, th3, TASK, 0.140627, 0.141030, 0.000403, 0.000000, lapack_dtpmqrt
State, th3, TASK, 0.141050, 0.141440, 0.000391, 0.000000, lapack_dtpmqrt
State, th3, TASK, 0.141443, 0.141833, 0.000390, 0.000000, lapack_dtpmqrt
State, th3, TASK, 0.141835, 0.142225, 0.000391, 0.000000, lapack_dtpmqrt
State, th3, TASK, 0.142228, 0.142447, 0.000219, 0.000000, lapack_dlarfb
State, th3, TASK, 0.142711, 0.143103, 0.000392, 0.000000, lapack_dtpmqrt
State, th3, TASK, 0.143297, 0.143515, 0.000218, 0.000000, lapack_dlarfb
State, th2, TASK, 0.002380, 0.002764, 0.000384, 0.000000, lapack_dlarfb
State, th2, TASK, 0.002765, 0.002985, 0.000220, 0.000000, lapack_dlarfb
State, th2, TASK, 0.002987, 0.003200, 0.000213, 0.000000, lapack_dlarfb
State, th2, TASK, 0.003201, 0.003415, 0.000214, 0.000000, lapack_dlarfb
State, th2, TASK, 0.003417, 0.003625, 0.000207, 0.000000, lapack_dlarfb
State, th2, TASK, 0.003627, 0.003911, 0.000284, 0.000000, lapack_dtpqrt
State, th2, TASK, 0.003920, 0.004327, 0.000407, 0.000000, lapack_dtpmqrt
State, th2, TASK, 0.004329, 0.004693, 0.000364, 0.000000, lapack_dtpmqrt
State, th2, TASK, 0.004695, 0.005091, 0.000396, 0.000000, lapack_dtpmqrt
State, th2, TASK, 0.005093, 0.005475, 0.000381, 0.000000, lapack_dtpmqrt
State, th2, TASK, 0.005478, 0.005845, 0.000366, 0.000000, lapack_dtpmqrt
State, th2, TASK, 0.005847, 0.006221, 0.000375, 0.000000, lapack_dtpmqrt
State, th2, TASK, 0.006224, 0.006597, 0.000372, 0.000000, lapack_dtpmqrt
State, th2, TASK, 0.006599, 0.006976, 0.000377, 0.000000, lapack_dtpmqrt
State, th2, TASK, 0.006978, 0.007344, 0.000365, 0.000000, lapack_dtpmqrt
State, th2, TASK, 0.007345, 0.007710, 0.000364, 0.000000, lapack_dtpmqrt
State, th2, TASK, 0.007711, 0.008076, 0.000365, 0.000000, lapack_dtpmqrt
State, th2, TASK, 0.008080, 0.008446, 0.000366, 0.000000, lapack_dtpmqrt
State, th2, TASK, 0.008448, 0.008839, 0.000391, 0.000000, lapack_dtpmqrt
State, th2, TASK, 0.008841, 0.009212, 0.000371, 0.000000, lapack_dtpmqrt
State, th2, TASK, 0.009214, 0.009599, 0.000385, 0.000000, lapack_dtpmqrt
State, th2, TASK, 0.009600, 0.009894, 0.000293, 0.000000, lapack_dgeqrt
State, th2, TASK, 0.009900, 0.010107, 0.000206, 0.000000, lapack_dlarfb
State, th2, TASK, 0.010108, 0.010311, 0.000203, 0.000000, lapack_dlarfb
State, th2, TASK, 0.010312, 0.010521, 0.000209, 0.000000, lapack_dlarfb
State, th2, TASK, 0.010523, 0.010893, 0.000370, 0.000000, lapack_dtpmqrt
State, th2, TASK, 0.010895, 0.011258, 0.000363, 0.000000, lapack_dtpmqrt
State, th2, TASK, 0.011260, 0.011625, 0.000365, 0.000000, lapack_dtpmqrt
State, th2, TASK, 0.011627, 0.011991, 0.000364, 0.000000, lapack_dtpmqrt
State, th2, TASK, 0.011993, 0.012359, 0.000366, 0.000000, lapack_dtpmqrt
State, th2, TASK, 0.012362, 0.012724, 0.000362, 0.000000, lapack_dtpmqrt
State, th2, TASK, 0.012726, 0.013117, 0.000390, 0.000000, lapack_dtpmqrt
State, th2, TASK, 0.013118, 0.013483, 0.000365, 0.000000, lapack_dtpmqrt
State, th2, TASK, 0.013487, 0.013857, 0.000370, 0.000000, lapack_dtpmqrt
State, th2, TASK, 0.013859, 0.014223, 0.000365, 0.000000, lapack_dtpmqrt
State, th2, TASK, 0.014225, 0.014591, 0.000365, 0.000000, lapack_dtpmqrt
State, th2, TASK, 0.014592, 0.014956, 0.000364, 0.000000, lapack_dtpmqrt
State, th2, TASK, 0.014959, 0.015324, 0.000365, 0.000000, lapack_dtpmqrt
State, th2, TASK, 0.015326, 0.015689, 0.000363, 0.000000, lapack_dtpmqrt
State, th2, TASK, 0.015691, 0.016056, 0.000365, 0.000000, lapack_dtpmqrt
State, th2, TASK, 0.016058, 0.016265, 0.000207, 0.000000, lapack_dlarfb
State, th2, TASK, 0.016266, 0.016629, 0.000363, 0.000000, lapack_dtpmqrt
State, th2, TASK, 0.016631, 0.017040, 0.000409, 0.000000, lapack_dtpmqrt
State, th2, TASK, 0.017041, 0.017413, 0.000371, 0.000000, lapack_dtpmqrt
State, th2, TASK, 0.017415, 0.017783, 0.000369, 0.000000, lapack_dtpmqrt
State, th2, TASK, 0.017786, 0.018155, 0.000369, 0.000000, lapack_dtpmqrt
State, th2, TASK, 0.018158, 0.018529, 0.000371, 0.000000, lapack_dtpmqrt
State, th2, TASK, 0.018539, 0.018922, 0.000383, 0.000000, lapack_dtpmqrt
State, th2, TASK, 0.018924, 0.019296, 0.000372, 0.000000, lapack_dtpmqrt
State, th2, TASK, 0.019299, 0.019669, 0.000370, 0.000000, lapack_dtpmqrt
State, th2, TASK, 0.019671, 0.020042, 0.000371, 0.000000, lapack_dtpmqrt
State, th2, TASK, 0.020045, 0.020420, 0.000376, 0.000000, lapack_dtpmqrt
State, th2, TASK, 0.020422, 0.020823, 0.000400, 0.000000, lapack_dtpmqrt
State, th2, TASK, 0.020825, 0.021206, 0.000382, 0.000000, lapack_dtpmqrt
State, th2, TASK, 0.021210, 0.021581, 0.000371, 0.000000, lapack_dtpmqrt
State, th2, TASK, 0.021583, 0.021962, 0.000379, 0.000000, lapack_dtpmqrt
State, th2, TASK, 0.021964, 0.022182, 0.000217, 0.000000, lapack_dlarfb
State, th2, TASK, 0.022184, 0.022550, 0.000366, 0.000000, lapack_dtpmqrt
State, th2, TASK, 0.022552, 0.022928, 0.000376, 0.000000, lapack_dtpmqrt
State, th2, TASK, 0.022930, 0.023310, 0.000379, 0.000000, lapack_dtpmqrt
State, th2, TASK, 0.023312, 0.023683, 0.000371, 0.000000, lapack_dtpmqrt
State, th2, TASK, 0.023684, 0.024057, 0.000373, 0.000000, lapack_dtpmqrt
State, th2, TASK, 0.024060, 0.024436, 0.000376, 0.000000, lapack_dtpmqrt
State, th2, TASK, 0.024440, 0.024845, 0.000406, 0.000000, lapack_dtpmqrt
State, th2, TASK, 0.024847, 0.025227, 0.000380, 0.000000, lapack_dtpmqrt
State, th2, TASK, 0.025231, 0.025606, 0.000375, 0.000000, lapack_dtpmqrt
State, th2, TASK, 0.025608, 0.025988, 0.000380, 0.000000, lapack_dtpmqrt
State, th2, TASK, 0.025990, 0.026362, 0.000372, 0.000000, lapack_dtpmqrt
State, th2, TASK, 0.026364, 0.026736, 0.000372, 0.000000, lapack_dtpmqrt
State, th2, TASK, 0.026738, 0.027116, 0.000378, 0.000000, lapack_dtpmqrt
State, th2, TASK, 0.027118, 0.027499, 0.000382, 0.000000, lapack_dtpmqrt
State, th2, TASK, 0.027517, 0.027801, 0.000284, 0.000000, lapack_dtpqrt
State, th2, TASK, 0.027811, 0.028181, 0.000370, 0.000000, lapack_dtpmqrt
State, th2, TASK, 0.028184, 0.028553, 0.000369, 0.000000, lapack_dtpmqrt
State, th2, TASK, 0.028555, 0.028953, 0.000398, 0.000000, lapack_dtpmqrt
State, th2, TASK, 0.028955, 0.029326, 0.000371, 0.000000, lapack_dtpmqrt
State, th2, TASK, 0.029328, 0.029696, 0.000368, 0.000000, lapack_dtpmqrt
State, th2, TASK, 0.029699, 0.030068, 0.000370, 0.000000, lapack_dtpmqrt
State, th2, TASK, 0.030070, 0.030437, 0.000367, 0.000000, lapack_dtpmqrt
State, th2, TASK, 0.030439, 0.030808, 0.000369, 0.000000, lapack_dtpmqrt
State, th2, TASK, 0.030810, 0.031179, 0.000369, 0.000000, lapack_dtpmqrt
State, th2, TASK, 0.031186, 0.031561, 0.000375, 0.000000, lapack_dtpmqrt
State, th2, TASK, 0.031564, 0.031942, 0.000378, 0.000000, lapack_dtpmqrt
State, th2, TASK, 0.031944, 0.032324, 0.000379, 0.000000, lapack_dtpmqrt
State, th2, TASK, 0.032325, 0.032697, 0.000372, 0.000000, lapack_dtpmqrt
State, th2, TASK, 0.032700, 0.033141, 0.000442, 0.000000, lapack_dtpmqrt
State, th2, TASK, 0.033143, 0.033335, 0.000192, 0.000000, lapack_dgeqrt
State, th2, TASK, 0.033341, 0.033551, 0.000210, 0.000000, lapack_dlarfb
State, th2, TASK, 0.033552, 0.033760, 0.000207, 0.000000, lapack_dlarfb
State, th2, TASK, 0.033761, 0.033969, 0.000208, 0.000000, lapack_dlarfb
State, th2, TASK, 0.033971, 0.034342, 0.000372, 0.000000, lapack_dtpmqrt
State, th2, TASK, 0.034344, 0.034722, 0.000378, 0.000000, lapack_dtpmqrt
State, th2, TASK, 0.034724, 0.035230, 0.000506, 0.000000, lapack_dtpmqrt
State, th2, TASK, 0.035234, 0.035680, 0.000446, 0.000000, lapack_dtpmqrt
State, th2, TASK, 0.035686, 0.036073, 0.000386, 0.000000, lapack_dtpmqrt
State, th2, TASK, 0.036075, 0.036458, 0.000383, 0.000000, lapack_dtpmqrt
State, th2, TASK, 0.036461, 0.036869, 0.000409, 0.000000, lapack_dtpmqrt
State, th2, TASK, 0.036875, 0.037253, 0.000379, 0.000000, lapack_dtpmqrt
State, th2, TASK, 0.037256, 0.037633, 0.000377, 0.000000, lapack_dtpmqrt
State, th2, TASK, 0.037634, 0.038007, 0.000373, 0.000000, lapack_dtpmqrt
State, th2, TASK, 0.038009, 0.038383, 0.000374, 0.000000, lapack_dtpmqrt
State, th2, TASK, 0.038385, 0.038759, 0.000375, 0.000000, lapack_dtpmqrt
State, th2, TASK, 0.038762, 0.039132, 0.000371, 0.000000, lapack_dtpmqrt
State, th2, TASK, 0.039135, 0.039512, 0.000377, 0.000000, lapack_dtpmqrt
State, th2, TASK, 0.039514, 0.039725, 0.000211, 0.000000, lapack_dlarfb
State, th2, TASK, 0.039727, 0.040097, 0.000371, 0.000000, lapack_dtpmqrt
State, th2, TASK, 0.040100, 0.040478, 0.000378, 0.000000, lapack_dtpmqrt
State, th2, TASK, 0.040481, 0.040882, 0.000401, 0.000000, lapack_dtpmqrt
State, th2, TASK, 0.040885, 0.041271, 0.000386, 0.000000, lapack_dtpmqrt
State, th2, TASK, 0.041274, 0.041685, 0.000412, 0.000000, lapack_dtpmqrt
State, th2, TASK, 0.041689, 0.042074, 0.000385, 0.000000, lapack_dtpmqrt
State, th2, TASK, 0.042077, 0.042468, 0.000391, 0.000000, lapack_dtpmqrt
State, th2, TASK, 0.042470, 0.042856, 0.000385, 0.000000, lapack_dtpmqrt
State, th2, TASK, 0.042860, 0.043242, 0.000382, 0.000000, lapack_dtpmqrt
State, th2, TASK, 0.043243, 0.043619, 0.000376, 0.000000, lapack_dtpmqrt
State, th2, TASK, 0.043621, 0.043997, 0.000375, 0.000000, lapack_dtpmqrt
State, th2, TASK, 0.043999, 0.044379, 0.000380, 0.000000, lapack_dtpmqrt
State, th2, TASK, 0.044382, 0.044784, 0.000402, 0.000000, lapack_dtpmqrt
State, th2, TASK, 0.044789, 0.045171, 0.000382, 0.000000, lapack_dtpmqrt
State, th2, TASK, 0.045173, 0.045387, 0.000214, 0.000000, lapack_dlarfb
State, th2, TASK, 0.045389, 0.045757, 0.000369, 0.000000, lapack_dtpmqrt
State, th2, TASK, 0.045760, 0.046134, 0.000375, 0.000000, lapack_dtpmqrt
State, th2, TASK, 0.046137, 0.046517, 0.000380, 0.000000, lapack_dtpmqrt
State, th2, TASK, 0.046519, 0.046901, 0.000382, 0.000000, lapack_dtpmqrt
State, th2, TASK, 0.046903, 0.047282, 0.000379, 0.000000, lapack_dtpmqrt
State, th2, TASK, 0.047284, 0.047660, 0.000376, 0.000000, lapack_dtpmqrt
State, th2, TASK, 0.047662, 0.048036, 0.000374, 0.000000, lapack_dtpmqrt
State, th2, TASK, 0.048039, 0.048421, 0.000382, 0.000000, lapack_dtpmqrt
State, th2, TASK, 0.048626, 0.048926, 0.000300, 0.000000, lapack_dtpqrt
State, th2, TASK, 0.048936, 0.049199, 0.000263, 0.000000, lapack_dtpqrt
State, th2, TASK, 0.049206, 0.049469, 0.000262, 0.000000, lapack_dtpqrt
State, th2, TASK, 0.049475, 0.049734, 0.000259, 0.000000, lapack_dtpqrt
State, th2, TASK, 0.049741, 0.050000, 0.000259, 0.000000, lapack_dtpqrt
State, th2, TASK, 0.050008, 0.050263, 0.000255, 0.000000, lapack_dtpqrt
State, th2, TASK, 0.050272, 0.050527, 0.000255, 0.000000, lapack_dtpqrt
State, th2, TASK, 0.050534, 0.050786, 0.000252, 0.000000, lapack_dtpqrt
State, th2, TASK, 0.050795, 0.051046, 0.000252, 0.000000, lapack_dtpqrt
State, th2, TASK, 0.051051, 0.051338, 0.000287, 0.000000, lapack_dtpqrt
State, th2, TASK, 0.051343, 0.051594, 0.000251, 0.000000, lapack_dtpqrt
State, th2, TASK, 0.051599, 0.051909, 0.000311, 0.000000, lapack_dtpqrt
State, th2, TASK, 0.051915, 0.052318, 0.000403, 0.000000, lapack_dtpmqrt
State, th2, TASK, 0.052320, 0.052701, 0.000381, 0.000000, lapack_dtpmqrt
State, th2, TASK, 0.052703, 0.053108, 0.000406, 0.000000, lapack_dtpmqrt
State, th2, TASK, 0.053111, 0.053495, 0.000385, 0.000000, lapack_dtpmqrt
State, th2, TASK, 0.053498, 0.053882, 0.000384, 0.000000, lapack_dtpmqrt
State, th2, TASK, 0.053887, 0.054270, 0.000383, 0.000000, lapack_dtpmqrt
State, th2, TASK, 0.054272, 0.054654, 0.000382, 0.000000, lapack_dtpmqrt
State, th2, TASK, 0.054657, 0.055036, 0.000380, 0.000000, lapack_dtpmqrt
State, th2, TASK, 0.055038, 0.055416, 0.000378, 0.000000, lapack_dtpmqrt
State, th2, TASK, 0.055418, 0.055793, 0.000375, 0.000000, lapack_dtpmqrt
State, th2, TASK, 0.055795, 0.056179, 0.000384, 0.000000, lapack_dtpmqrt
State, th2, TASK, 0.056181, 0.056564, 0.000382, 0.000000, lapack_dtpmqrt
State, th2, TASK, 0.056566, 0.056992, 0.000426, 0.000000, lapack_dtpmqrt
State, th2, TASK, 0.056994, 0.057390, 0.000396, 0.000000, lapack_dtpmqrt
State, th2, TASK, 0.057394, 0.057778, 0.000384, 0.000000, lapack_dtpmqrt
State, th2, TASK, 0.057781, 0.058165, 0.000384, 0.000000, lapack_dtpmqrt
State, th2, TASK, 0.058167, 0.058551, 0.000384, 0.000000, lapack_dtpmqrt
State, th2, TASK, 0.058553, 0.058938, 0.000385, 0.000000, lapack_dtpmqrt
State, th2, TASK, 0.058940, 0.059330, 0.000389, 0.000000, lapack_dtpmqrt
State, th2, TASK, 0.059331, 0.059715, 0.000383, 0.000000, lapack_dtpmqrt
State, th2, TASK, 0.059717, 0.060099, 0.000383, 0.000000, lapack_dtpmqrt
State, th2, TASK, 0.060103, 0.060486, 0.000383, 0.000000, lapack_dtpmqrt
State, th2, TASK, 0.060489, 0.060924, 0.000435, 0.000000, lapack_dtpmqrt
State, th2, TASK, 0.060929, 0.061516, 0.000587, 0.000000, lapack_dtpmqrt
State, th2, TASK, 0.061521, 0.061955, 0.000434, 0.000000, lapack_dtpmqrt
State, th2, TASK, 0.061959, 0.062366, 0.000408, 0.000000, lapack_dtpmqrt
State, th2, TASK, 0.062369, 0.062591, 0.000222, 0.000000, lapack_dlarfb
State, th2, TASK, 0.062593, 0.063003, 0.000409, 0.000000, lapack_dtpmqrt
State, th2, TASK, 0.063012, 0.063415, 0.000402, 0.000000, lapack_dtpmqrt
State, th2, TASK, 0.063416, 0.063797, 0.000381, 0.000000, lapack_dtpmqrt
State, th2, TASK, 0.063801, 0.064188, 0.000387, 0.000000, lapack_dtpmqrt
State, th2, TASK, 0.064191, 0.064574, 0.000383, 0.000000, lapack_dtpmqrt
State, th2, TASK, 0.064576, 0.064973, 0.000397, 0.000000, lapack_dtpmqrt
State, th2, TASK, 0.064975, 0.065356, 0.000381, 0.000000, lapack_dtpmqrt
State, th2, TASK, 0.065359, 0.065740, 0.000381, 0.000000, lapack_dtpmqrt
State, th2, TASK, 0.065742, 0.066122, 0.000380, 0.000000, lapack_dtpmqrt
State, th2, TASK, 0.066124, 0.066504, 0.000381, 0.000000, lapack_dtpmqrt
State, th2, TASK, 0.066508, 0.066887, 0.000379, 0.000000, lapack_dtpmqrt
State, th2, TASK, 0.066889, 0.067279, 0.000390, 0.000000, lapack_dtpmqrt
State, th2, TASK, 0.067281, 0.067662, 0.000381, 0.000000, lapack_dtpmqrt
State, th2, TASK, 0.067664, 0.067875, 0.000211, 0.000000, lapack_dlarfb
State, th2, TASK, 0.067883, 0.068278, 0.000396, 0.000000, lapack_dtpmqrt
State, th2, TASK, 0.068280, 0.068675, 0.000395, 0.000000, lapack_dtpmqrt
State, th2, TASK, 0.068676, 0.069096, 0.000420, 0.000000, lapack_dtpmqrt
State, th2, TASK, 0.069098, 0.069487, 0.000389, 0.000000, lapack_dtpmqrt
State, th2, TASK, 0.069489, 0.069882, 0.000394, 0.000000, lapack_dtpmqrt
State, th2, TASK, 0.069885, 0.070276, 0.000392, 0.000000, lapack_dtpmqrt
State, th2, TASK, 0.070279, 0.070674, 0.000395, 0.000000, lapack_dtpmqrt
State, th2, TASK, 0.070676, 0.071068, 0.000393, 0.000000, lapack_dtpmqrt
State, th2, TASK, 0.071071, 0.071479, 0.000408, 0.000000, lapack_dtpmqrt
State, th2, TASK, 0.071481, 0.071872, 0.000391, 0.000000, lapack_dtpmqrt
State, th2, TASK, 0.071874, 0.072266, 0.000392, 0.000000, lapack_dtpmqrt
State, th2, TASK, 0.072268, 0.072672, 0.000403, 0.000000, lapack_dtpmqrt
State, th2, TASK, 0.072675, 0.073108, 0.000433, 0.000000, lapack_dtpmqrt
State, th2, TASK, 0.073112, 0.073529, 0.000418, 0.000000, lapack_dtpmqrt
State, th2, TASK, 0.073533, 0.073948, 0.000415, 0.000000, lapack_dtpmqrt
State, th2, TASK, 0.073950, 0.074359, 0.000409, 0.000000, lapack_dtpmqrt
State, th2, TASK, 0.074361, 0.074760, 0.000399, 0.000000, lapack_dtpmqrt
State, th2, TASK, 0.074762, 0.075153, 0.000391, 0.000000, lapack_dtpmqrt
State, th2, TASK, 0.075156, 0.075572, 0.000416, 0.000000, lapack_dtpmqrt
State, th2, TASK, 0.075574, 0.075988, 0.000414, 0.000000, lapack_dtpmqrt
State, th2, TASK, 0.075990, 0.076416, 0.000426, 0.000000, lapack_dtpmqrt
State, th2, TASK, 0.076418, 0.076822, 0.000404, 0.000000, lapack_dtpmqrt
State, th2, TASK, 0.076823, 0.077255, 0.000432, 0.000000, lapack_dtpmqrt
State, th2, TASK, 0.077259, 0.077673, 0.000414, 0.000000, lapack_dtpmqrt
State, th2, TASK, 0.077675, 0.078105, 0.000430, 0.000000, lapack_dtpmqrt
State, th2, TASK, 0.078107, 0.078520, 0.000413, 0.000000, lapack_dtpmqrt
State, th2, TASK, 0.078523, 0.078934, 0.000411, 0.000000, lapack_dtpmqrt
State, th2, TASK, 0.078937, 0.079344, 0.000407, 0.000000, lapack_dtpmqrt
State, th2, TASK, 0.079349, 0.079751, 0.000402, 0.000000, lapack_dtpmqrt
State, th2, TASK, 0.079754, 0.080157, 0.000403, 0.000000, lapack_dtpmqrt
State, th2, TASK, 0.080160, 0.080564, 0.000404, 0.000000, lapack_dtpmqrt
State, th2, TASK, 0.080569, 0.081001, 0.000432, 0.000000, lapack_dtpmqrt
State, th2, TASK, 0.081003, 0.081252, 0.000248, 0.000000, lapack_dlarfb
State, th2, TASK, 0.081254, 0.081656, 0.000402, 0.000000, lapack_dtpmqrt
State, th2, TASK, 0.081659, 0.082050, 0.000391, 0.000000, lapack_dtpmqrt
State, th2, TASK, 0.082052, 0.082462, 0.000410, 0.000000, lapack_dtpmqrt
State, th2, TASK, 0.082464, 0.082866, 0.000402, 0.000000, lapack_dtpmqrt
State, th2, TASK, 0.082868, 0.083282, 0.000414, 0.000000, lapack_dtpmqrt
State, th2, TASK, 0.083285, 0.083687, 0.000403, 0.000000, lapack_dtpmqrt
State, th2, TASK, 0.083774, 0.084044, 0.000270, 0.000000, lapack_dtpqrt
State, th2, TASK, 0.084052, 0.084432, 0.000380, 0.000000, lapack_dtpmqrt
State, th2, TASK, 0.084434, 0.084838, 0.000403, 0.000000, lapack_dtpmqrt
State, th2, TASK, 0.084840, 0.085227, 0.000388, 0.000000, lapack_dtpmqrt
State, th2, TASK, 0.085230, 0.085612, 0.000382, 0.000000, lapack_dtpmqrt
State, th2, TASK, 0.085616, 0.085996, 0.000381, 0.000000, lapack_dtpmqrt
State, th2, TASK, 0.085999, 0.086382, 0.000383, 0.000000, lapack_dtpmqrt
State, th2, TASK, 0.086385, 0.086774, 0.000389, 0.000000, lapack_dtpmqrt
State, th2, TASK, 0.086776, 0.087156, 0.000380, 0.000000, lapack_dtpmqrt
State, th2, TASK, 0.087159, 0.087536, 0.000378, 0.000000, lapack_dtpmqrt
State, th2, TASK, 0.087539, 0.087915, 0.000377, 0.000000, lapack_dtpmqrt
State, th2, TASK, 0.087918, 0.088294, 0.000376, 0.000000, lapack_dtpmqrt
State, th2, TASK, 0.088296, 0.088505, 0.000209, 0.000000, lapack_dgeqrt
State, th2, TASK, 0.088512, 0.088728, 0.000216, 0.000000, lapack_dlarfb
State, th2, TASK, 0.088730, 0.088964, 0.000234, 0.000000, lapack_dlarfb
State, th2, TASK, 0.088966, 0.089175, 0.000210, 0.000000, lapack_dlarfb
State, th2, TASK, 0.089178, 0.089577, 0.000399, 0.000000, lapack_dtpmqrt
State, th2, TASK, 0.089580, 0.089979, 0.000400, 0.000000, lapack_dtpmqrt
State, th2, TASK, 0.089982, 0.090375, 0.000394, 0.000000, lapack_dtpmqrt
State, th2, TASK, 0.090378, 0.090775, 0.000397, 0.000000, lapack_dtpmqrt
State, th2, TASK, 0.090777, 0.091170, 0.000394, 0.000000, lapack_dtpmqrt
State, th2, TASK, 0.091177, 0.091572, 0.000396, 0.000000, lapack_dtpmqrt
State, th2, TASK, 0.091575, 0.091970, 0.000396, 0.000000, lapack_dtpmqrt
State, th2, TASK, 0.091973, 0.092369, 0.000396, 0.000000, lapack_dtpmqrt
State, th2, TASK, 0.092371, 0.092788, 0.000416, 0.000000, lapack_dtpmqrt
State, th2, TASK, 0.092790, 0.093188, 0.000398, 0.000000, lapack_dtpmqrt
State, th2, TASK, 0.093189, 0.093585, 0.000396, 0.000000, lapack_dtpmqrt
State, th2, TASK, 0.093587, 0.093816, 0.000229, 0.000000, lapack_dlarfb
State, th2, TASK, 0.093818, 0.094206, 0.000388, 0.000000, lapack_dtpmqrt
State, th2, TASK, 0.094209, 0.094612, 0.000403, 0.000000, lapack_dtpmqrt
State, th2, TASK, 0.094615, 0.095020, 0.000405, 0.000000, lapack_dtpmqrt
State, th2, TASK, 0.095024, 0.095428, 0.000405, 0.000000, lapack_dtpmqrt
State, th2, TASK, 0.095431, 0.095831, 0.000399, 0.000000, lapack_dtpmqrt
State, th2, TASK, 0.095834, 0.096230, 0.000397, 0.000000, lapack_dtpmqrt
State, th2, TASK, 0.096233, 0.096630, 0.000396, 0.000000, lapack_dtpmqrt
State, th2, TASK, 0.096632, 0.097061, 0.000429, 0.000000, lapack_dtpmqrt
State, th2, TASK, 0.097064, 0.097467, 0.000403, 0.000000, lapack_dtpmqrt
State, th2, TASK, 0.097472, 0.097876, 0.000404, 0.000000, lapack_dtpmqrt
State, th2, TASK, 0.097879, 0.098283, 0.000404, 0.000000, lapack_dtpmqrt
State, th2, TASK, 0.098285, 0.098558, 0.000273, 0.000000, lapack_dtpqrt
State, th2, TASK, 0.098565, 0.098948, 0.000383, 0.000000, lapack_dtpmqrt
State, th2, TASK, 0.098950, 0.099330, 0.000380, 0.000000, lapack_dtpmqrt
State, th2, TASK, 0.099332, 0.099712, 0.000380, 0.000000, lapack_dtpmqrt
State, th2, TASK, 0.099714, 0.100133, 0.000419, 0.000000, lapack_dtpmqrt
State, th2, TASK, 0.100136, 0.100533, 0.000398, 0.000000, lapack_dtpmqrt
State, th2, TASK, 0.100536, 0.100956, 0.000420, 0.000000, lapack_dtpmqrt
State, th2, TASK, 0.100958, 0.101173, 0.000216, 0.000000, lapack_dlarfb
State, th2, TASK, 0.101176, 0.101559, 0.000383, 0.000000, lapack_dtpmqrt
State, th2, TASK, 0.101562, 0.101944, 0.000382, 0.000000, lapack_dtpmqrt
State, th2, TASK, 0.101947, 0.102330, 0.000383, 0.000000, lapack_dtpmqrt
State, th2, TASK, 0.102332, 0.102714, 0.000382, 0.000000, lapack_dtpmqrt
State, th2, TASK, 0.102717, 0.103103, 0.000386, 0.000000, lapack_dtpmqrt
State, th2, TASK, 0.103105, 0.103503, 0.000398, 0.000000, lapack_dtpmqrt
State, th2, TASK, 0.103507, 0.103889, 0.000382, 0.000000, lapack_dtpmqrt
State, th2, TASK, 0.103891, 0.104284, 0.000392, 0.000000, lapack_dtpmqrt
State, th2, TASK, 0.104287, 0.104567, 0.000280, 0.000000, lapack_dtpqrt
State, th2, TASK, 0.104574, 0.104973, 0.000399, 0.000000, lapack_dtpmqrt
State, th2, TASK, 0.104975, 0.105359, 0.000385, 0.000000, lapack_dtpmqrt
State, th2, TASK, 0.105361, 0.105745, 0.000384, 0.000000, lapack_dtpmqrt
State, th2, TASK, 0.105747, 0.106137, 0.000389, 0.000000, lapack_dtpmqrt
State, th2, TASK, 0.106138, 0.106525, 0.000387, 0.000000, lapack_dtpmqrt
State, th2, TASK, 0.106528, 0.106915, 0.000387, 0.000000, lapack_dtpmqrt
State, th2, TASK, 0.106917, 0.107307, 0.000390, 0.000000, lapack_dtpmqrt
State, th2, TASK, 0.107309, 0.107696, 0.000387, 0.000000, lapack_dtpmqrt
State, th2, TASK, 0.107698, 0.108099, 0.000401, 0.000000, lapack_dtpmqrt
State, th2, TASK, 0.108101, 0.108496, 0.000395, 0.000000, lapack_dtpmqrt
State, th2, TASK, 0.108498, 0.108907, 0.000409, 0.000000, lapack_dtpmqrt
State, th2, TASK, 0.108910, 0.109306, 0.000396, 0.000000, lapack_dtpmqrt
State, th2, TASK, 0.109308, 0.109700, 0.000393, 0.000000, lapack_dtpmqrt
State, th2, TASK, 0.109704, 0.109939, 0.000236, 0.000000, lapack_dlarfb
State, th2, TASK, 0.109941, 0.110331, 0.000390, 0.000000, lapack_dtpmqrt
State, th2, TASK, 0.110334, 0.110722, 0.000389, 0.000000, lapack_dtpmqrt
State, th2, TASK, 0.110724, 0.111112, 0.000387, 0.000000, lapack_dtpmqrt
State, th2, TASK, 0.111114, 0.111504, 0.000390, 0.000000, lapack_dtpmqrt
State, th2, TASK, 0.111507, 0.111895, 0.000388, 0.000000, lapack_dtpmqrt
State, th2, TASK, 0.111897, 0.112287, 0.000390, 0.000000, lapack_dtpmqrt
State, th2, TASK, 0.112289, 0.112678, 0.000389, 0.000000, lapack_dtpmqrt
State, th2, TASK, 0.112680, 0.113091, 0.000410, 0.000000, lapack_dtpmqrt
State, th2, TASK, 0.113093, 0.113309, 0.000216, 0.000000, lapack_dlarfb
State, th2, TASK, 0.113312, 0.113704, 0.000392, 0.000000, lapack_dtpmqrt
State, th2, TASK, 0.113706, 0.114101, 0.000395, 0.000000, lapack_dtpmqrt
State, th2, TASK, 0.114103, 0.114492, 0.000389, 0.000000, lapack_dtpmqrt
State, th2, TASK, 0.114494, 0.114882, 0.000388, 0.000000, lapack_dtpmqrt
State, th2, TASK, 0.114885, 0.115102, 0.000217, 0.000000, lapack_dlarfb
State, th2, TASK, 0.115104, 0.115495, 0.000391, 0.000000, lapack_dtpmqrt
State, th2, TASK, 0.115497, 0.115885, 0.000387, 0.000000, lapack_dtpmqrt
State, th2, TASK, 0.115886, 0.116275, 0.000389, 0.000000, lapack_dtpmqrt
State, th2, TASK, 0.116277, 0.116666, 0.000388, 0.000000, lapack_dtpmqrt
State, th2, TASK, 0.116668, 0.117072, 0.000404, 0.000000, lapack_dtpmqrt
State, th2, TASK, 0.117074, 0.117478, 0.000404, 0.000000, lapack_dtpmqrt
State, th2, TASK, 0.117480, 0.117879, 0.000399, 0.000000, lapack_dtpmqrt
State, th2, TASK, 0.117882, 0.118275, 0.000392, 0.000000, lapack_dtpmqrt
State, th2, TASK, 0.118277, 0.118664, 0.000387, 0.000000, lapack_dtpmqrt
State, th2, TASK, 0.118666, 0.119076, 0.000410, 0.000000, lapack_dtpmqrt
State, th2, TASK, 0.119078, 0.119478, 0.000400, 0.000000, lapack_dtpmqrt
State, th2, TASK, 0.119480, 0.119881, 0.000402, 0.000000, lapack_dtpmqrt
State, th2, TASK, 0.119883, 0.120279, 0.000396, 0.000000, lapack_dtpmqrt
State, th2, TASK, 0.120281, 0.120669, 0.000388, 0.000000, lapack_dtpmqrt
State, th2, TASK, 0.120671, 0.121077, 0.000406, 0.000000, lapack_dtpmqrt
State, th2, TASK, 0.121079, 0.121475, 0.000396, 0.000000, lapack_dtpmqrt
State, th2, TASK, 0.121479, 0.121868, 0.000390, 0.000000, lapack_dtpmqrt
State, th2, TASK, 0.121872, 0.122260, 0.000388, 0.000000, lapack_dtpmqrt
State, th2, TASK, 0.122262, 0.122681, 0.000419, 0.000000, lapack_dtpmqrt
State, th2, TASK, 0.122684, 0.123084, 0.000400, 0.000000, lapack_dtpmqrt
State, th2, TASK, 0.123086, 0.123497, 0.000411, 0.000000, lapack_dtpmqrt
State, th2, TASK, 0.123499, 0.123901, 0.000402, 0.000000, lapack_dtpmqrt
State, th2, TASK, 0.123903, 0.124301, 0.000398, 0.000000, lapack_dtpmqrt
State, th2, TASK, 0.124303, 0.124693, 0.000390, 0.000000, lapack_dtpmqrt
State, th2, TASK, 0.124695, 0.125104, 0.000410, 0.000000, lapack_dtpmqrt
State, th2, TASK, 0.125107, 0.125498, 0.000391, 0.000000, lapack_dtpmqrt
State, th2, TASK, 0.125501, 0.125893, 0.000391, 0.000000, lapack_dtpmqrt
State, th2, TASK, 0.125895, 0.126289, 0.000394, 0.000000, lapack_dtpmqrt
State, th2, TASK, 0.126292, 0.126681, 0.000390, 0.000000, lapack_dtpmqrt
State, th2, TASK, 0.126684, 0.127075, 0.000391, 0.000000, lapack_dtpmqrt
State, th2, TASK, 0.127077, 0.127467, 0.000391, 0.000000, lapack_dtpmqrt
State, th2, TASK, 0.127470, 0.127859, 0.000389, 0.000000, lapack_dtpmqrt
State, th2, TASK, 0.127861, 0.128250, 0.000389, 0.000000, lapack_dtpmqrt
State, th2, TASK, 0.128253, 0.128640, 0.000387, 0.000000, lapack_dtpmqrt
State, th2, TASK, 0.128643, 0.129037, 0.000394, 0.000000, lapack_dtpmqrt
State, th2, TASK, 0.129040, 0.129427, 0.000387, 0.000000, lapack_dtpmqrt
State, th2, TASK, 0.129429, 0.129818, 0.000389, 0.000000, lapack_dtpmqrt
State, th2, TASK, 0.129820, 0.130217, 0.000397, 0.000000, lapack_dtpmqrt
State, th2, TASK, 0.130219, 0.130609, 0.000390, 0.000000, lapack_dtpmqrt
State, th2, TASK, 0.130611, 0.131001, 0.000389, 0.000000, lapack_dtpmqrt
State, th2, TASK, 0.131003, 0.131392, 0.000390, 0.000000, lapack_dtpmqrt
State, th2, TASK, 0.131395, 0.131784, 0.000389, 0.000000, lapack_dtpmqrt
State, th2, TASK, 0.131786, 0.132175, 0.000388, 0.000000, lapack_dtpmqrt
State, th2, TASK, 0.132177, 0.132565, 0.000389, 0.000000, lapack_dtpmqrt
State, th2, TASK, 0.132568, 0.132856, 0.000288, 0.000000, lapack_dtpqrt
State, th2, TASK, 0.132860, 0.133253, 0.000392, 0.000000, lapack_dtpmqrt
State, th2, TASK, 0.133255, 0.133519, 0.000264, 0.000000, lapack_dtpqrt
State, th2, TASK, 0.133523, 0.133928, 0.000405, 0.000000, lapack_dtpmqrt
State, th2, TASK, 0.133930, 0.134334, 0.000404, 0.000000, lapack_dtpmqrt
State, th2, TASK, 0.134336, 0.134728, 0.000391, 0.000000, lapack_dtpmqrt
State, th2, TASK, 0.134730, 0.135120, 0.000390, 0.000000, lapack_dtpmqrt
State, th2, TASK, 0.135122, 0.135514, 0.000392, 0.000000, lapack_dtpmqrt
State, th2, TASK, 0.135516, 0.135905, 0.000389, 0.000000, lapack_dtpmqrt
State, th2, TASK, 0.135908, 0.136297, 0.000389, 0.000000, lapack_dtpmqrt
State, th2, TASK, 0.136299, 0.136689, 0.000391, 0.000000, lapack_dtpmqrt
State, th2, TASK, 0.136692, 0.137089, 0.000397, 0.000000, lapack_dtpmqrt
State, th2, TASK, 0.137092, 0.137482, 0.000391, 0.000000, lapack_dtpmqrt
State, th2, TASK, 0.137484, 0.137877, 0.000392, 0.000000, lapack_dtpmqrt
State, th2, TASK, 0.137879, 0.138270, 0.000391, 0.000000, lapack_dtpmqrt
State, th2, TASK, 0.138273, 0.138661, 0.000389, 0.000000, lapack_dtpmqrt
State, th2, TASK, 0.138664, 0.139066, 0.000402, 0.000000, lapack_dtpmqrt
State, th2, TASK, 0.139068, 0.139455, 0.000387, 0.000000, lapack_dtpmqrt
State, th2, TASK, 0.139457, 0.139845, 0.000388, 0.000000, lapack_dtpmqrt
State, th2, TASK, 0.139847, 0.140235, 0.000387, 0.000000, lapack_dtpmqrt
State, th2, TASK, 0.140236, 0.140625, 0.000389, 0.000000, lapack_dtpmqrt
State, th2, TASK, 0.140651, 0.141048, 0.000397, 0.000000, lapack_dtpmqrt
State, th2, TASK, 0.141118, 0.141381, 0.000263, 0.000000, lapack_dtpqrt
State, th2, TASK, 0.141384, 0.141645, 0.000261, 0.000000, lapack_dtpqrt
State, th2, TASK, 0.141648, 0.142053, 0.000405, 0.000000, lapack_dtpmqrt
State, th2, TASK, 0.142055, 0.142443, 0.000388, 0.000000, lapack_dtpmqrt
State, th2, TASK, 0.142447, 0.142710, 0.000263, 0.000000, lapack_dtpqrt
State, th2, TASK, 0.142713, 0.143103, 0.000390, 0.000000, lapack_dtpmqrt
State, th2, TASK, 0.143105, 0.143491, 0.000386, 0.000000, lapack_dtpmqrt
State, th2, TASK, 0.143777, 0.144164, 0.000387, 0.000000, lapack_dtpmqrt
State, th1, TASK, 0.001288, 0.002376, 0.001087, 0.000000, lapack_dgeqrt
State, th1, TASK, 0.002386, 0.002723, 0.000337, 0.000000, lapack_dlarfb
State, th1, TASK, 0.002725, 0.002934, 0.000209, 0.000000, lapack_dlarfb
State, th1, TASK, 0.002935, 0.003138, 0.000203, 0.000000, lapack_dlarfb
State, th1, TASK, 0.003140, 0.003344, 0.000205, 0.000000, lapack_dlarfb
State, th1, TASK, 0.003346, 0.003552, 0.000206, 0.000000, lapack_dlarfb
State, th1, TASK, 0.003913, 0.004324, 0.000411, 0.000000, lapack_dtpmqrt
State, th1, TASK, 0.004326, 0.004701, 0.000375, 0.000000, lapack_dtpmqrt
State, th1, TASK, 0.004703, 0.005110, 0.000407, 0.000000, lapack_dtpmqrt
State, th1, TASK, 0.005112, 0.005483, 0.000371, 0.000000, lapack_dtpmqrt
State, th1, TASK, 0.005485, 0.005856, 0.000371, 0.000000, lapack_dtpmqrt
State, th1, TASK, 0.005862, 0.006235, 0.000373, 0.000000, lapack_dtpmqrt
State, th1, TASK, 0.006238, 0.006624, 0.000386, 0.000000, lapack_dtpmqrt
State, th1, TASK, 0.006626, 0.006996, 0.000370, 0.000000, lapack_dtpmqrt
State, th1, TASK, 0.006998, 0.007367, 0.000369, 0.000000, lapack_dtpmqrt
State, th1, TASK, 0.007369, 0.007740, 0.000371, 0.000000, lapack_dtpmqrt
State, th1, TASK, 0.007742, 0.008111, 0.000369, 0.000000, lapack_dtpmqrt
State, th1, TASK, 0.008115, 0.008484, 0.000370, 0.000000, lapack_dtpmqrt
State, th1, TASK, 0.008486, 0.008881, 0.000395, 0.000000, lapack_dtpmqrt
State, th1, TASK, 0.008884, 0.009254, 0.000370, 0.000000, lapack_dtpmqrt
State, th1, TASK, 0.009256, 0.009631, 0.000376, 0.000000, lapack_dtpmqrt
State, th1, TASK, 0.009633, 0.010017, 0.000384, 0.000000, lapack_dtpmqrt
State, th1, TASK, 0.010020, 0.010394, 0.000374, 0.000000, lapack_dtpmqrt
State, th1, TASK, 0.010396, 0.010780, 0.000385, 0.000000, lapack_dtpmqrt
State, th1, TASK, 0.010782, 0.011150, 0.000368, 0.000000, lapack_dtpmqrt
State, th1, TASK, 0.011152, 0.011523, 0.000371, 0.000000, lapack_dtpmqrt
State, th1, TASK, 0.011524, 0.011893, 0.000369, 0.000000, lapack_dtpmqrt
State, th1, TASK, 0.011895, 0.012266, 0.000370, 0.000000, lapack_dtpmqrt
State, th1, TASK, 0.012267, 0.012636, 0.000369, 0.000000, lapack_dtpmqrt
State, th1, TASK, 0.012638, 0.013027, 0.000389, 0.000000, lapack_dtpmqrt
State, th1, TASK, 0.013030, 0.013399, 0.000369, 0.000000, lapack_dtpmqrt
State, th1, TASK, 0.013401, 0.013771, 0.000370, 0.000000, lapack_dtpmqrt
State, th1, TASK, 0.013773, 0.014143, 0.000370, 0.000000, lapack_dtpmqrt
State, th1, TASK, 0.014146, 0.014514, 0.000368, 0.000000, lapack_dtpmqrt
State, th1, TASK, 0.014516, 0.014884, 0.000368, 0.000000, lapack_dtpmqrt
State, th1, TASK, 0.014887, 0.015257, 0.000371, 0.000000, lapack_dtpmqrt
State, th1, TASK, 0.015259, 0.015470, 0.000211, 0.000000, lapack_dlarfb
State, th1, TASK, 0.015472, 0.015850, 0.000378, 0.000000, lapack_dtpmqrt
State, th1, TASK, 0.015852, 0.016220, 0.000368, 0.000000, lapack_dtpmqrt
State, th1, TASK, 0.016222, 0.016594, 0.000372, 0.000000, lapack_dtpmqrt
State, th1, TASK, 0.016596, 0.016986, 0.000390, 0.000000, lapack_dtpmqrt
State, th1, TASK, 0.016988, 0.017364, 0.000376, 0.000000, lapack_dtpmqrt
State, th1, TASK, 0.017366, 0.017738, 0.000372, 0.000000, lapack_dtpmqrt
State, th1, TASK, 0.017740, 0.018113, 0.000373, 0.000000, lapack_dtpmqrt
State, th1, TASK, 0.018116, 0.018485, 0.000369, 0.000000, lapack_dtpmqrt
State, th1, TASK, 0.018487, 0.018855, 0.000368, 0.000000, lapack_dtpmqrt
State, th1, TASK, 0.018857, 0.019233, 0.000376, 0.000000, lapack_dtpmqrt
State, th1, TASK, 0.019236, 0.019607, 0.000371, 0.000000, lapack_dtpmqrt
State, th1, TASK, 0.019609, 0.019982, 0.000373, 0.000000, lapack_dtpmqrt
State, th1, TASK, 0.019986, 0.020365, 0.000378, 0.000000, lapack_dtpmqrt
State, th1, TASK, 0.020367, 0.020781, 0.000413, 0.000000, lapack_dtpmqrt
State, th1, TASK, 0.020784, 0.021163, 0.000379, 0.000000, lapack_dtpmqrt
State, th1, TASK, 0.021167, 0.021374, 0.000207, 0.000000, lapack_dlarfb
State, th1, TASK, 0.021375, 0.021754, 0.000379, 0.000000, lapack_dtpmqrt
State, th1, TASK, 0.021756, 0.022128, 0.000372, 0.000000, lapack_dtpmqrt
State, th1, TASK, 0.022131, 0.022507, 0.000376, 0.000000, lapack_dtpmqrt
State, th1, TASK, 0.022510, 0.022892, 0.000381, 0.000000, lapack_dtpmqrt
State, th1, TASK, 0.022894, 0.023272, 0.000378, 0.000000, lapack_dtpmqrt
State, th1, TASK, 0.023273, 0.023646, 0.000372, 0.000000, lapack_dtpmqrt
State, th1, TASK, 0.023647, 0.024018, 0.000371, 0.000000, lapack_dtpmqrt
State, th1, TASK, 0.024021, 0.024400, 0.000379, 0.000000, lapack_dtpmqrt
State, th1, TASK, 0.024402, 0.024802, 0.000401, 0.000000, lapack_dtpmqrt
State, th1, TASK, 0.024805, 0.025181, 0.000376, 0.000000, lapack_dtpmqrt
State, th1, TASK, 0.025183, 0.025563, 0.000379, 0.000000, lapack_dtpmqrt
State, th1, TASK, 0.025565, 0.025941, 0.000376, 0.000000, lapack_dtpmqrt
State, th1, TASK, 0.025945, 0.026334, 0.000389, 0.000000, lapack_dtpmqrt
State, th1, TASK, 0.026336, 0.026706, 0.000370, 0.000000, lapack_dtpmqrt
State, th1, TASK, 0.026708, 0.027085, 0.000377, 0.000000, lapack_dtpmqrt
State, th1, TASK, 0.027086, 0.027302, 0.000216, 0.000000, lapack_dlarfb
State, th1, TASK, 0.027310, 0.027516, 0.000206, 0.000000, lapack_dlarfb
State, th1, TASK, 0.027529, 0.027933, 0.000404, 0.000000, lapack_dtpmqrt
State, th1, TASK, 0.027935, 0.028326, 0.000391, 0.000000, lapack_dtpmqrt
State, th1, TASK, 0.028328, 0.028730, 0.000401, 0.000000, lapack_dtpmqrt
State, th1, TASK, 0.028732, 0.029157, 0.000425, 0.000000, lapack_dtpmqrt
State, th1, TASK, 0.029159, 0.029564, 0.000405, 0.000000, lapack_dtpmqrt
State, th1, TASK, 0.029566, 0.029960, 0.000394, 0.000000, lapack_dtpmqrt
State, th1, TASK, 0.029963, 0.030368, 0.000405, 0.000000, lapack_dtpmqrt
State, th1, TASK, 0.030370, 0.030762, 0.000392, 0.000000, lapack_dtpmqrt
State, th1, TASK, 0.030764, 0.031148, 0.000384, 0.000000, lapack_dtpmqrt
State, th1, TASK, 0.031150, 0.031547, 0.000398, 0.000000, lapack_dtpmqrt
State, th1, TASK, 0.031550, 0.031952, 0.000402, 0.000000, lapack_dtpmqrt
State, th1, TASK, 0.031957, 0.032358, 0.000401, 0.000000, lapack_dtpmqrt
State, th1, TASK, 0.032360, 0.032779, 0.000419, 0.000000, lapack_dtpmqrt
State, th1, TASK, 0.032781, 0.033182, 0.000401, 0.000000, lapack_dtpmqrt
State, th1, TASK, 0.033184, 0.033571, 0.000386, 0.000000, lapack_dtpmqrt
State, th1, TASK, 0.033573, 0.033960, 0.000387, 0.000000, lapack_dtpmqrt
State, th1, TASK, 0.033964, 0.034370, 0.000406, 0.000000, lapack_dtpmqrt
State, th1, TASK, 0.034372, 0.034790, 0.000417, 0.000000, lapack_dtpmqrt
State, th1, TASK, 0.034793, 0.035209, 0.000416, 0.000000, lapack_dtpmqrt
State, th1, TASK, 0.035215, 0.035661, 0.000446, 0.000000, lapack_dtpmqrt
State, th1, TASK, 0.035664, 0.036089, 0.000425, 0.000000, lapack_dtpmqrt
State, th1, TASK, 0.036092, 0.036537, 0.000445, 0.000000, lapack_dtpmqrt
State, th1, TASK, 0.036539, 0.036980, 0.000441, 0.000000, lapack_dtpmqrt
State, th1, TASK, 0.036983, 0.037392, 0.000408, 0.000000, lapack_dtpmqrt
State, th1, TASK, 0.037394, 0.037785, 0.000391, 0.000000, lapack_dtpmqrt
State, th1, TASK, 0.037786, 0.038178, 0.000392, 0.000000, lapack_dtpmqrt
State, th1, TASK, 0.038181, 0.038569, 0.000389, 0.000000, lapack_dtpmqrt
State, th1, TASK, 0.038572, 0.038961, 0.000389, 0.000000, lapack_dtpmqrt
State, th1, TASK, 0.038966, 0.039362, 0.000396, 0.000000, lapack_dtpmqrt
State, th1, TASK, 0.039365, 0.039765, 0.000400, 0.000000, lapack_dtpmqrt
State, th1, TASK, 0.039767, 0.040165, 0.000398, 0.000000, lapack_dtpmqrt
State, th1, TASK, 0.040167, 0.040567, 0.000400, 0.000000, lapack_dtpmqrt
State, th1, TASK, 0.040570, 0.041000, 0.000430, 0.000000, lapack_dtpmqrt
State, th1, TASK, 0.041003, 0.041406, 0.000403, 0.000000, lapack_dtpmqrt
State, th1, TASK, 0.041409, 0.041810, 0.000402, 0.000000, lapack_dtpmqrt
State, th1, TASK, 0.041812, 0.042052, 0.000239, 0.000000, lapack_dlarfb
State, th1, TASK, 0.042055, 0.042490, 0.000434, 0.000000, lapack_dtpmqrt
State, th1, TASK, 0.042492, 0.042901, 0.000409, 0.000000, lapack_dtpmqrt
State, th1, TASK, 0.042903, 0.043314, 0.000410, 0.000000, lapack_dtpmqrt
State, th1, TASK, 0.043316, 0.043707, 0.000391, 0.000000, lapack_dtpmqrt
State, th1, TASK, 0.043709, 0.044107, 0.000398, 0.000000, lapack_dtpmqrt
State, th1, TASK, 0.044111, 0.044514, 0.000404, 0.000000, lapack_dtpmqrt
State, th1, TASK, 0.044517, 0.044952, 0.000436, 0.000000, lapack_dtpmqrt
State, th1, TASK, 0.044957, 0.045371, 0.000414, 0.000000, lapack_dtpmqrt
State, th1, TASK, 0.045373, 0.045765, 0.000392, 0.000000, lapack_dtpmqrt
State, th1, TASK, 0.045766, 0.046161, 0.000394, 0.000000, lapack_dtpmqrt
State, th1, TASK, 0.046163, 0.046570, 0.000408, 0.000000, lapack_dtpmqrt
State, th1, TASK, 0.046573, 0.046978, 0.000405, 0.000000, lapack_dtpmqrt
State, th1, TASK, 0.046981, 0.047387, 0.000406, 0.000000, lapack_dtpmqrt
State, th1, TASK, 0.047389, 0.047779, 0.000390, 0.000000, lapack_dtpmqrt
State, th1, TASK, 0.047780, 0.048006, 0.000226, 0.000000, lapack_dlarfb
State, th1, TASK, 0.048008, 0.048224, 0.000215, 0.000000, lapack_dlarfb
State, th1, TASK, 0.048351, 0.048625, 0.000274, 0.000000, lapack_dtpqrt
State, th1, TASK, 0.048635, 0.049037, 0.000402, 0.000000, lapack_dtpmqrt
State, th1, TASK, 0.049039, 0.049412, 0.000373, 0.000000, lapack_dtpmqrt
State, th1, TASK, 0.049414, 0.049790, 0.000375, 0.000000, lapack_dtpmqrt
State, th1, TASK, 0.049792, 0.050167, 0.000375, 0.000000, lapack_dtpmqrt
State, th1, TASK, 0.050169, 0.050548, 0.000379, 0.000000, lapack_dtpmqrt
State, th1, TASK, 0.050550, 0.050928, 0.000378, 0.000000, lapack_dtpmqrt
State, th1, TASK, 0.050932, 0.051307, 0.000375, 0.000000, lapack_dtpmqrt
State, th1, TASK, 0.051310, 0.051685, 0.000375, 0.000000, lapack_dtpmqrt
State, th1, TASK, 0.051686, 0.052062, 0.000376, 0.000000, lapack_dtpmqrt
State, th1, TASK, 0.052065, 0.052446, 0.000382, 0.000000, lapack_dtpmqrt
State, th1, TASK, 0.052449, 0.052853, 0.000404, 0.000000, lapack_dtpmqrt
State, th1, TASK, 0.052855, 0.053248, 0.000393, 0.000000, lapack_dtpmqrt
State, th1, TASK, 0.053250, 0.053642, 0.000392, 0.000000, lapack_dtpmqrt
State, th1, TASK, 0.053644, 0.053879, 0.000235, 0.000000, lapack_dgeqrt
State, th1, TASK, 0.053889, 0.054108, 0.000219, 0.000000, lapack_dlarfb
State, th1, TASK, 0.054111, 0.054317, 0.000206, 0.000000, lapack_dlarfb
State, th1, TASK, 0.054318, 0.054525, 0.000206, 0.000000, lapack_dlarfb
State, th1, TASK, 0.054527, 0.054916, 0.000388, 0.000000, lapack_dtpmqrt
State, th1, TASK, 0.054918, 0.055323, 0.000405, 0.000000, lapack_dtpmqrt
State, th1, TASK, 0.055325, 0.055709, 0.000384, 0.000000, lapack_dtpmqrt
State, th1, TASK, 0.055710, 0.056101, 0.000390, 0.000000, lapack_dtpmqrt
State, th1, TASK, 0.056103, 0.056498, 0.000395, 0.000000, lapack_dtpmqrt
State, th1, TASK, 0.056503, 0.056934, 0.000431, 0.000000, lapack_dtpmqrt
State, th1, TASK, 0.056936, 0.057333, 0.000398, 0.000000, lapack_dtpmqrt
State, th1, TASK, 0.057336, 0.057737, 0.000401, 0.000000, lapack_dtpmqrt
State, th1, TASK, 0.057739, 0.058135, 0.000395, 0.000000, lapack_dtpmqrt
State, th1, TASK, 0.058138, 0.058536, 0.000398, 0.000000, lapack_dtpmqrt
State, th1, TASK, 0.058538, 0.058942, 0.000404, 0.000000, lapack_dtpmqrt
State, th1, TASK, 0.058945, 0.059348, 0.000402, 0.000000, lapack_dtpmqrt
State, th1, TASK, 0.059351, 0.059751, 0.000400, 0.000000, lapack_dtpmqrt
State, th1, TASK, 0.059753, 0.059982, 0.000229, 0.000000, lapack_dlarfb
State, th1, TASK, 0.059985, 0.060369, 0.000384, 0.000000, lapack_dtpmqrt
State, th1, TASK, 0.060372, 0.060804, 0.000432, 0.000000, lapack_dtpmqrt
State, th1, TASK, 0.060807, 0.061306, 0.000499, 0.000000, lapack_dtpmqrt
State, th1, TASK, 0.061309, 0.061726, 0.000417, 0.000000, lapack_dtpmqrt
State, th1, TASK, 0.061729, 0.062185, 0.000456, 0.000000, lapack_dtpmqrt
State, th1, TASK, 0.062188, 0.062622, 0.000434, 0.000000, lapack_dtpmqrt
State, th1, TASK, 0.062630, 0.063066, 0.000436, 0.000000, lapack_dtpmqrt
State, th1, TASK, 0.063075, 0.063607, 0.000532, 0.000000, lapack_dtpmqrt
State, th1, TASK, 0.063611, 0.064031, 0.000420, 0.000000, lapack_dtpmqrt
State, th1, TASK, 0.064035, 0.064450, 0.000416, 0.000000, lapack_dtpmqrt
State, th1, TASK, 0.064453, 0.064861, 0.000408, 0.000000, lapack_dtpmqrt
State, th1, TASK, 0.064863, 0.065260, 0.000397, 0.000000, lapack_dtpmqrt
State, th1, TASK, 0.065263, 0.065658, 0.000396, 0.000000, lapack_dtpmqrt
State, th1, TASK, 0.065660, 0.065894, 0.000233, 0.000000, lapack_dlarfb
State, th1, TASK, 0.065895, 0.066283, 0.000388, 0.000000, lapack_dtpmqrt
State, th1, TASK, 0.066287, 0.066684, 0.000397, 0.000000, lapack_dtpmqrt
State, th1, TASK, 0.066686, 0.067082, 0.000396, 0.000000, lapack_dtpmqrt
State, th1, TASK, 0.067085, 0.067486, 0.000401, 0.000000, lapack_dtpmqrt
State, th1, TASK, 0.067488, 0.067881, 0.000393, 0.000000, lapack_dtpmqrt
State, th1, TASK, 0.068154, 0.068547, 0.000394, 0.000000, lapack_dtpmqrt
State, th1, TASK, 0.068551, 0.068945, 0.000395, 0.000000, lapack_dtpmqrt
State, th1, TASK, 0.068947, 0.069325, 0.000378, 0.000000, lapack_dtpmqrt
State, th1, TASK, 0.069327, 0.069705, 0.000378, 0.000000, lapack_dtpmqrt
State, th1, TASK, 0.069708, 0.070087, 0.000379, 0.000000, lapack_dtpmqrt
State, th1, TASK, 0.070089, 0.070467, 0.000379, 0.000000, lapack_dtpmqrt
State, th1, TASK, 0.070470, 0.070851, 0.000381, 0.000000, lapack_dtpmqrt
State, th1, TASK, 0.070853, 0.071232, 0.000379, 0.000000, lapack_dtpmqrt
State, th1, TASK, 0.071234, 0.071616, 0.000382, 0.000000, lapack_dtpmqrt
State, th1, TASK, 0.071618, 0.071997, 0.000379, 0.000000, lapack_dtpmqrt
State, th1, TASK, 0.072000, 0.072380, 0.000380, 0.000000, lapack_dtpmqrt
State, th1, TASK, 0.072382, 0.072789, 0.000407, 0.000000, lapack_dtpmqrt
State, th1, TASK, 0.072793, 0.073205, 0.000413, 0.000000, lapack_dtpmqrt
State, th1, TASK, 0.073208, 0.073599, 0.000391, 0.000000, lapack_dtpmqrt
State, th1, TASK, 0.073602, 0.073999, 0.000397, 0.000000, lapack_dtpmqrt
State, th1, TASK, 0.074002, 0.074398, 0.000396, 0.000000, lapack_dtpmqrt
State, th1, TASK, 0.074400, 0.074780, 0.000381, 0.000000, lapack_dtpmqrt
State, th1, TASK, 0.074782, 0.075167, 0.000385, 0.000000, lapack_dtpmqrt
State, th1, TASK, 0.075169, 0.075560, 0.000391, 0.000000, lapack_dtpmqrt
State, th1, TASK, 0.075563, 0.075953, 0.000391, 0.000000, lapack_dtpmqrt
State, th1, TASK, 0.075958, 0.076351, 0.000393, 0.000000, lapack_dtpmqrt
State, th1, TASK, 0.076353, 0.076751, 0.000397, 0.000000, lapack_dtpmqrt
State, th1, TASK, 0.076753, 0.077701, 0.000947, 0.000000, lapack_dtpmqrt
State, th1, TASK, 0.077703, 0.078112, 0.000409, 0.000000, lapack_dtpmqrt
State, th1, TASK, 0.078114, 0.078363, 0.000249, 0.000000, lapack_dlarfb
State, th1, TASK, 0.078366, 0.078778, 0.000412, 0.000000, lapack_dtpmqrt
State, th1, TASK, 0.078781, 0.079176, 0.000395, 0.000000, lapack_dtpmqrt
State, th1, TASK, 0.079178, 0.079571, 0.000394, 0.000000, lapack_dtpmqrt
State, th1, TASK, 0.079573, 0.079967, 0.000394, 0.000000, lapack_dtpmqrt
State, th1, TASK, 0.079971, 0.080370, 0.000399, 0.000000, lapack_dtpmqrt
State, th1, TASK, 0.080372, 0.080794, 0.000421, 0.000000, lapack_dtpmqrt
State, th1, TASK, 0.080796, 0.081194, 0.000398, 0.000000, lapack_dtpmqrt
State, th1, TASK, 0.081195, 0.081583, 0.000388, 0.000000, lapack_dtpmqrt
State, th1, TASK, 0.081585, 0.081973, 0.000387, 0.000000, lapack_dtpmqrt
State, th1, TASK, 0.081975, 0.082375, 0.000401, 0.000000, lapack_dtpmqrt
State, th1, TASK, 0.082378, 0.082777, 0.000399, 0.000000, lapack_dtpmqrt
State, th1, TASK, 0.082782, 0.083176, 0.000394, 0.000000, lapack_dtpmqrt
State, th1, TASK, 0.083179, 0.083400, 0.000221, 0.000000, lapack_dlarfb
State, th1, TASK, 0.083405, 0.083615, 0.000210, 0.000000, lapack_dlarfb
State, th1, TASK, 0.083683, 0.084087, 0.000404, 0.000000, lapack_dtpmqrt
State, th1, TASK, 0.084089, 0.084487, 0.000398, 0.000000, lapack_dtpmqrt
State, th1, TASK, 0.084490, 0.084916, 0.000427, 0.000000, lapack_dtpmqrt
State, th1, TASK, 0.084919, 0.085318, 0.000399, 0.000000, lapack_dtpmqrt
State, th1, TASK, 0.085320, 0.085718, 0.000398, 0.000000, lapack_dtpmqrt
State, th1, TASK, 0.085721, 0.086117, 0.000396, 0.000000, lapack_dtpmqrt
State, th1, TASK, 0.086121, 0.086539, 0.000418, 0.000000, lapack_dtpmqrt
State, th1, TASK, 0.086543, 0.086946, 0.000402, 0.000000, lapack_dtpmqrt
State, th1, TASK, 0.086947, 0.087345, 0.000398, 0.000000, lapack_dtpmqrt
State, th1, TASK, 0.087347, 0.087744, 0.000396, 0.000000, lapack_dtpmqrt
State, th1, TASK, 0.087745, 0.088137, 0.000391, 0.000000, lapack_dtpmqrt
State, th1, TASK, 0.088139, 0.088539, 0.000400, 0.000000, lapack_dtpmqrt
State, th1, TASK, 0.088541, 0.088957, 0.000416, 0.000000, lapack_dtpmqrt
State, th1, TASK, 0.088962, 0.089365, 0.000403, 0.000000, lapack_dtpmqrt
State, th1, TASK, 0.089367, 0.089764, 0.000397, 0.000000, lapack_dtpmqrt
State, th1, TASK, 0.089767, 0.090168, 0.000401, 0.000000, lapack_dtpmqrt
State, th1, TASK, 0.090171, 0.090573, 0.000403, 0.000000, lapack_dtpmqrt
State, th1, TASK, 0.090577, 0.090979, 0.000403, 0.000000, lapack_dtpmqrt
State, th1, TASK, 0.090982, 0.091376, 0.000393, 0.000000, lapack_dtpmqrt
State, th1, TASK, 0.091377, 0.091768, 0.000390, 0.000000, lapack_dtpmqrt
State, th1, TASK, 0.091770, 0.092158, 0.000388, 0.000000, lapack_dtpmqrt
State, th1, TASK, 0.092160, 0.092552, 0.000392, 0.000000, lapack_dtpmqrt
State, th1, TASK, 0.092554, 0.092971, 0.000417, 0.000000, lapack_dtpmqrt
State, th1, TASK, 0.092974, 0.093362, 0.000388, 0.000000, lapack_dtpmqrt
State, th1, TASK, 0.093364, 0.093755, 0.000391, 0.000000, lapack_dtpmqrt
State, th1, TASK, 0.093758, 0.094150, 0.000392, 0.000000, lapack_dtpmqrt
State, th1, TASK, 0.094153, 0.094542, 0.000390, 0.000000, lapack_dtpmqrt
State, th1, TASK, 0.094545, 0.094941, 0.000396, 0.000000, lapack_dtpmqrt
State, th1, TASK, 0.094944, 0.095169, 0.000225, 0.000000, lapack_dlarfb
State, th1, TASK, 0.095173, 0.095556, 0.000383, 0.000000, lapack_dtpmqrt
State, th1, TASK, 0.095558, 0.095939, 0.000381, 0.000000, lapack_dtpmqrt
State, th1, TASK, 0.095942, 0.096328, 0.000386, 0.000000, lapack_dtpmqrt
State, th1, TASK, 0.096331, 0.096709, 0.000378, 0.000000, lapack_dtpmqrt
State, th1, TASK, 0.096711, 0.097122, 0.000411, 0.000000, lapack_dtpmqrt
State, th1, TASK, 0.097124, 0.097513, 0.000389, 0.000000, lapack_dtpmqrt
State, th1, TASK, 0.097516, 0.097909, 0.000393, 0.000000, lapack_dtpmqrt
State, th1, TASK, 0.097911, 0.098295, 0.000384, 0.000000, lapack_dtpmqrt
State, th1, TASK, 0.098297, 0.098684, 0.000386, 0.000000, lapack_dtpmqrt
State, th1, TASK, 0.098686, 0.099076, 0.000391, 0.000000, lapack_dtpmqrt
State, th1, TASK, 0.099078, 0.099464, 0.000385, 0.000000, lapack_dtpmqrt
State, th1, TASK, 0.099467, 0.099873, 0.000406, 0.000000, lapack_dtpmqrt
State, th1, TASK, 0.099875, 0.100275, 0.000400, 0.000000, lapack_dtpmqrt
State, th1, TASK, 0.100277, 0.100673, 0.000396, 0.000000, lapack_dtpmqrt
State, th1, TASK, 0.100675, 0.100911, 0.000236, 0.000000, lapack_dlarfb
State, th1, TASK, 0.100914, 0.101310, 0.000397, 0.000000, lapack_dtpmqrt
State, th1, TASK, 0.101315, 0.101703, 0.000388, 0.000000, lapack_dtpmqrt
State, th1, TASK, 0.101705, 0.102094, 0.000389, 0.000000, lapack_dtpmqrt
State, th1, TASK, 0.102096, 0.102485, 0.000389, 0.000000, lapack_dtpmqrt
State, th1, TASK, 0.102488, 0.102702, 0.000214, 0.000000, lapack_dlarfb
State, th1, TASK, 0.102704, 0.102919, 0.000215, 0.000000, lapack_dlarfb
State, th1, TASK, 0.102920, 0.103182, 0.000262, 0.000000, lapack_dtpqrt
State, th1, TASK, 0.103189, 0.103580, 0.000391, 0.000000, lapack_dtpmqrt
State, th1, TASK, 0.103582, 0.103784, 0.000202, 0.000000, lapack_dgeqrt
State, th1, TASK, 0.103789, 0.104170, 0.000381, 0.000000, lapack_dtpmqrt
State, th1, TASK, 0.104172, 0.104387, 0.000215, 0.000000, lapack_dlarfb
State, th1, TASK, 0.104389, 0.104779, 0.000391, 0.000000, lapack_dtpmqrt
State, th1, TASK, 0.104782, 0.105166, 0.000384, 0.000000, lapack_dtpmqrt
State, th1, TASK, 0.105168, 0.105383, 0.000215, 0.000000, lapack_dlarfb
State, th1, TASK, 0.105385, 0.105767, 0.000383, 0.000000, lapack_dtpmqrt
State, th1, TASK, 0.105770, 0.106159, 0.000389, 0.000000, lapack_dtpmqrt
State, th1, TASK, 0.106161, 0.106547, 0.000385, 0.000000, lapack_dtpmqrt
State, th1, TASK, 0.106549, 0.106939, 0.000390, 0.000000, lapack_dtpmqrt
State, th1, TASK, 0.106941, 0.107329, 0.000388, 0.000000, lapack_dtpmqrt
State, th1, TASK, 0.107332, 0.107549, 0.000218, 0.000000, lapack_dlarfb
State, th1, TASK, 0.107551, 0.107940, 0.000389, 0.000000, lapack_dtpmqrt
State, th1, TASK, 0.107943, 0.108333, 0.000391, 0.000000, lapack_dtpmqrt
State, th1, TASK, 0.108335, 0.108721, 0.000386, 0.000000, lapack_dtpmqrt
State, th1, TASK, 0.108724, 0.109120, 0.000396, 0.000000, lapack_dtpmqrt
State, th1, TASK, 0.109122, 0.109509, 0.000387, 0.000000, lapack_dtpmqrt
State, th1, TASK, 0.109512, 0.109732, 0.000220, 0.000000, lapack_dlarfb
State, th1, TASK, 0.109734, 0.110126, 0.000392, 0.000000, lapack_dtpmqrt
State, th1, TASK, 0.110129, 0.110524, 0.000396, 0.000000, lapack_dtpmqrt
State, th1, TASK, 0.110526, 0.110916, 0.000390, 0.000000, lapack_dtpmqrt
State, th1, TASK, 0.110919, 0.111310, 0.000391, 0.000000, lapack_dtpmqrt
State, th1, TASK, 0.111312, 0.111703, 0.000391, 0.000000, lapack_dtpmqrt
State, th1, TASK, 0.111707, 0.111974, 0.000267, 0.000000, lapack_dtpqrt
State, th1, TASK, 0.111981, 0.112368, 0.000387, 0.000000, lapack_dtpmqrt
State, th1, TASK, 0.112371, 0.112634, 0.000262, 0.000000, lapack_dtpqrt
State, th1, TASK, 0.112639, 0.113046, 0.000407, 0.000000, lapack_dtpmqrt
State, th1, TASK, 0.113048, 0.113431, 0.000383, 0.000000, lapack_dtpmqrt
State, th1, TASK, 0.113434, 0.113694, 0.000261, 0.000000, lapack_dtpqrt
State, th1, TASK, 0.113700, 0.114094, 0.000393, 0.000000, lapack_dtpmqrt
State, th1, TASK, 0.114095, 0.114486, 0.000391, 0.000000, lapack_dtpmqrt
State, th1, TASK, 0.114488, 0.114881, 0.000393, 0.000000, lapack_dtpmqrt
State, th1, TASK, 0.114883, 0.115148, 0.000265, 0.000000, lapack_dtpqrt
State, th1, TASK, 0.115154, 0.115542, 0.000388, 0.000000, lapack_dtpmqrt
State, th1, TASK, 0.115544, 0.115932, 0.000388, 0.000000, lapack_dtpmqrt
State, th1, TASK, 0.115934, 0.116323, 0.000388, 0.000000, lapack_dtpmqrt
State, th1, TASK, 0.116325, 0.116714, 0.000390, 0.000000, lapack_dtpmqrt
State, th1, TASK, 0.116718, 0.116955, 0.000237, 0.000000, lapack_dlarfb
State, th1, TASK, 0.116958, 0.117295, 0.000337, 0.000000, lapack_dtpqrt
State, th1, TASK, 0.117301, 0.117694, 0.000393, 0.000000, lapack_dtpmqrt
State, th1, TASK, 0.117696, 0.118003, 0.000307, 0.000000, lapack_dtpqrt
State, th1, TASK, 0.118010, 0.118298, 0.000288, 0.000000, lapack_dtpqrt
State, th1, TASK, 0.118304, 0.118704, 0.000399, 0.000000, lapack_dtpmqrt
State, th1, TASK, 0.118705, 0.118970, 0.000265, 0.000000, lapack_dtpqrt
State, th1, TASK, 0.118977, 0.119370, 0.000393, 0.000000, lapack_dtpmqrt
State, th1, TASK, 0.119372, 0.119758, 0.000386, 0.000000, lapack_dtpmqrt
State, th1, TASK, 0.119760, 0.120023, 0.000262, 0.000000, lapack_dtpqrt
State, th1, TASK, 0.120027, 0.120417, 0.000390, 0.000000, lapack_dtpmqrt
State, th1, TASK, 0.120419, 0.120826, 0.000407, 0.000000, lapack_dtpmqrt
State, th1, TASK, 0.120827, 0.121217, 0.000389, 0.000000, lapack_dtpmqrt
State, th1, TASK, 0.121219, 0.121627, 0.000408, 0.000000, lapack_dtpmqrt
State, th1, TASK, 0.121630, 0.122028, 0.000399, 0.000000, lapack_dtpmqrt
State, th1, TASK, 0.122030, 0.122427, 0.000396, 0.000000, lapack_dtpmqrt
State, th1, TASK, 0.122429, 0.122827, 0.000398, 0.000000, lapack_dtpmqrt
State, th1, TASK, 0.122829, 0.123222, 0.000393, 0.000000, lapack_dtpmqrt
State, th1, TASK, 0.123224, 0.123611, 0.000387, 0.000000, lapack_dtpmqrt
State, th1, TASK, 0.123613, 0.124012, 0.000399, 0.000000, lapack_dtpmqrt
State, th1, TASK, 0.124015, 0.124403, 0.000388, 0.000000, lapack_dtpmqrt
State, th1, TASK, 0.124405, 0.124811, 0.000406, 0.000000, lapack_dtpmqrt
State, th1, TASK, 0.124814, 0.125220, 0.000406, 0.000000, lapack_dtpmqrt
State, th1, TASK, 0.125222, 0.125616, 0.000394, 0.000000, lapack_dtpmqrt
State, th1, TASK, 0.125619, 0.126018, 0.000399, 0.000000, lapack_dtpmqrt
State, th1, TASK, 0.126020, 0.126411, 0.000391, 0.000000, lapack_dtpmqrt
State, th1, TASK, 0.126413, 0.126802, 0.000389, 0.000000, lapack_dtpmqrt
State, th1, TASK, 0.126804, 0.127193, 0.000389, 0.000000, lapack_dtpmqrt
State, th1, TASK, 0.127195, 0.127589, 0.000394, 0.000000, lapack_dtpmqrt
State, th1, TASK, 0.127592, 0.127982, 0.000389, 0.000000, lapack_dtpmqrt
State, th1, TASK, 0.127984, 0.128371, 0.000387, 0.000000, lapack_dtpmqrt
State, th1, TASK, 0.128373, 0.128655, 0.000283, 0.000000, lapack_dtpqrt
State, th1, TASK, 0.128661, 0.129064, 0.000403, 0.000000, lapack_dtpmqrt
State, th1, TASK, 0.129066, 0.129329, 0.000264, 0.000000, lapack_dtpqrt
State, th1, TASK, 0.129333, 0.129734, 0.000400, 0.000000, lapack_dtpmqrt
State, th1, TASK, 0.129735, 0.130131, 0.000395, 0.000000, lapack_dtpmqrt
State, th1, TASK, 0.130133, 0.130524, 0.000391, 0.000000, lapack_dtpmqrt
State, th1, TASK, 0.130526, 0.130915, 0.000389, 0.000000, lapack_dtpmqrt
State, th1, TASK, 0.130917, 0.131205, 0.000288, 0.000000, lapack_dtpqrt
State, th1, TASK, 0.131211, 0.131603, 0.000391, 0.000000, lapack_dtpmqrt
State, th1, TASK, 0.131604, 0.131870, 0.000265, 0.000000, lapack_dtpqrt
State, th1, TASK, 0.131874, 0.132264, 0.000390, 0.000000, lapack_dtpmqrt
State, th1, TASK, 0.132265, 0.132653, 0.000388, 0.000000, lapack_dtpmqrt
State, th1, TASK, 0.132655, 0.133065, 0.000410, 0.000000, lapack_dtpmqrt
State, th1, TASK, 0.133067, 0.133457, 0.000390, 0.000000, lapack_dtpmqrt
State, th1, TASK, 0.133459, 0.133849, 0.000390, 0.000000, lapack_dtpmqrt
State, th1, TASK, 0.133851, 0.134240, 0.000389, 0.000000, lapack_dtpmqrt
State, th1, TASK, 0.134242, 0.134630, 0.000389, 0.000000, lapack_dtpmqrt
State, th1, TASK, 0.134632, 0.135020, 0.000388, 0.000000, lapack_dtpmqrt
State, th1, TASK, 0.135022, 0.135410, 0.000388, 0.000000, lapack_dtpmqrt
State, th1, TASK, 0.135412, 0.135800, 0.000388, 0.000000, lapack_dtpmqrt
State, th1, TASK, 0.135802, 0.136190, 0.000388, 0.000000, lapack_dtpmqrt
State, th1, TASK, 0.136191, 0.136580, 0.000388, 0.000000, lapack_dtpmqrt
State, th1, TASK, 0.136582, 0.136986, 0.000404, 0.000000, lapack_dtpmqrt
State, th1, TASK, 0.136988, 0.137377, 0.000389, 0.000000, lapack_dtpmqrt
State, th1, TASK, 0.137379, 0.137641, 0.000262, 0.000000, lapack_dtpqrt
State, th1, TASK, 0.137645, 0.137910, 0.000265, 0.000000, lapack_dtpqrt
State, th1, TASK, 0.137915, 0.138178, 0.000263, 0.000000, lapack_dtpqrt
State, th1, TASK, 0.138182, 0.138567, 0.000385, 0.000000, lapack_dtpmqrt
State, th1, TASK, 0.138569, 0.138828, 0.000259, 0.000000, lapack_dtpqrt
State, th1, TASK, 0.138832, 0.139217, 0.000386, 0.000000, lapack_dtpmqrt
State, th1, TASK, 0.139219, 0.139482, 0.000263, 0.000000, lapack_dtpqrt
State, th1, TASK, 0.139486, 0.139871, 0.000385, 0.000000, lapack_dtpmqrt
State, th1, TASK, 0.139873, 0.140260, 0.000387, 0.000000, lapack_dtpmqrt
State, th1, TASK, 0.140263, 0.140649, 0.000386, 0.000000, lapack_dtpmqrt
State, th1, TASK, 0.140854, 0.141117, 0.000262, 0.000000, lapack_dtpqrt
State, th1, TASK, 0.141121, 0.141506, 0.000386, 0.000000, lapack_dtpmqrt
State, th1, TASK, 0.141509, 0.141895, 0.000386, 0.000000, lapack_dtpmqrt
State, th1, TASK, 0.141897, 0.142282, 0.000386, 0.000000, lapack_dtpmqrt
State, th1, TASK, 0.142444, 0.142830, 0.000386, 0.000000, lapack_dtpmqrt
State, th1, TASK, 0.143105, 0.143488, 0.000384, 0.000000, lapack_dtpmqrt
State, th1, TASK, 0.144165, 0.144363, 0.000198, 0.000000, lapack_dgeqrt
State, th0, TASK, 0.006373, 0.006860, 0.000487, 0.000000, lapack_dtpmqrt
State, th0, TASK, 0.006865, 0.007250, 0.000385, 0.000000, lapack_dtpmqrt
State, th0, TASK, 0.007252, 0.007635, 0.000383, 0.000000, lapack_dtpmqrt
State, th0, TASK, 0.007637, 0.008023, 0.000386, 0.000000, lapack_dtpmqrt
State, th0, TASK, 0.008024, 0.008406, 0.000382, 0.000000, lapack_dtpmqrt
State, th0, TASK, 0.008409, 0.008816, 0.000407, 0.000000, lapack_dtpmqrt
State, th0, TASK, 0.008818, 0.009202, 0.000384, 0.000000, lapack_dtpmqrt
State, th0, TASK, 0.009204, 0.009614, 0.000411, 0.000000, lapack_dtpmqrt
State, th0, TASK, 0.009617, 0.010007, 0.000390, 0.000000, lapack_dtpmqrt
State, th0, TASK, 0.010009, 0.010393, 0.000385, 0.000000, lapack_dtpmqrt
State, th0, TASK, 0.010395, 0.010782, 0.000387, 0.000000, lapack_dtpmqrt
State, th0, TASK, 0.010784, 0.011178, 0.000394, 0.000000, lapack_dtpmqrt
State, th0, TASK, 0.011180, 0.011557, 0.000377, 0.000000, lapack_dtpmqrt
State, th0, TASK, 0.011559, 0.011938, 0.000379, 0.000000, lapack_dtpmqrt
State, th0, TASK, 0.011940, 0.012317, 0.000377, 0.000000, lapack_dtpmqrt
State, th0, TASK, 0.012319, 0.012702, 0.000383, 0.000000, lapack_dtpmqrt
State, th0, TASK, 0.012704, 0.013095, 0.000391, 0.000000, lapack_dtpmqrt
State, th0, TASK, 0.013097, 0.013479, 0.000382, 0.000000, lapack_dtpmqrt
State, th0, TASK, 0.013480, 0.013858, 0.000378, 0.000000, lapack_dtpmqrt
State, th0, TASK, 0.013860, 0.014243, 0.000383, 0.000000, lapack_dtpmqrt
State, th0, TASK, 0.014245, 0.014622, 0.000377, 0.000000, lapack_dtpmqrt
State, th0, TASK, 0.014624, 0.015004, 0.000380, 0.000000, lapack_dtpmqrt
State, th0, TASK, 0.015005, 0.015378, 0.000373, 0.000000, lapack_dtpmqrt
State, th0, TASK, 0.015379, 0.015755, 0.000375, 0.000000, lapack_dtpmqrt
State, th0, TASK, 0.015756, 0.016129, 0.000373, 0.000000, lapack_dtpmqrt
State, th0, TASK, 0.016132, 0.016507, 0.000375, 0.000000, lapack_dtpmqrt
State, th0, TASK, 0.016508, 0.016907, 0.000399, 0.000000, lapack_dtpmqrt
State, th0, TASK, 0.016909, 0.017289, 0.000381, 0.000000, lapack_dtpmqrt
State, th0, TASK, 0.017291, 0.017666, 0.000375, 0.000000, lapack_dtpmqrt
State, th0, TASK, 0.017668, 0.018050, 0.000382, 0.000000, lapack_dtpmqrt
State, th0, TASK, 0.018052, 0.018271, 0.000220, 0.000000, lapack_dlarfb
State, th0, TASK, 0.018274, 0.018661, 0.000387, 0.000000, lapack_dtpmqrt
State, th0, TASK, 0.018663, 0.019047, 0.000384, 0.000000, lapack_dtpmqrt
State, th0, TASK, 0.019049, 0.019428, 0.000379, 0.000000, lapack_dtpmqrt
State, th0, TASK, 0.019429, 0.019807, 0.000377, 0.000000, lapack_dtpmqrt
State, th0, TASK, 0.019809, 0.020190, 0.000381, 0.000000, lapack_dtpmqrt
State, th0, TASK, 0.020192, 0.020580, 0.000388, 0.000000, lapack_dtpmqrt
State, th0, TASK, 0.020582, 0.021002, 0.000419, 0.000000, lapack_dtpmqrt
State, th0, TASK, 0.021003, 0.021384, 0.000381, 0.000000, lapack_dtpmqrt
State, th0, TASK, 0.021386, 0.021772, 0.000386, 0.000000, lapack_dtpmqrt
State, th0, TASK, 0.021775, 0.022156, 0.000381, 0.000000, lapack_dtpmqrt
State, th0, TASK, 0.022158, 0.022563, 0.000405, 0.000000, lapack_dtpmqrt
State, th0, TASK, 0.022565, 0.022963, 0.000397, 0.000000, lapack_dtpmqrt
State, th0, TASK, 0.022965, 0.023369, 0.000404, 0.000000, lapack_dtpmqrt
State, th0, TASK, 0.023371, 0.023748, 0.000376, 0.000000, lapack_dtpmqrt
State, th0, TASK, 0.023750, 0.024131, 0.000381, 0.000000, lapack_dtpmqrt
State, th0, TASK, 0.024132, 0.024359, 0.000226, 0.000000, lapack_dlarfb
State, th0, TASK, 0.024361, 0.024778, 0.000417, 0.000000, lapack_dtpmqrt
State, th0, TASK, 0.024781, 0.025166, 0.000385, 0.000000, lapack_dtpmqrt
State, th0, TASK, 0.025168, 0.025567, 0.000399, 0.000000, lapack_dtpmqrt
State, th0, TASK, 0.025570, 0.025960, 0.000390, 0.000000, lapack_dtpmqrt
State, th0, TASK, 0.025962, 0.026363, 0.000401, 0.000000, lapack_dtpmqrt
State, th0, TASK, 0.026364, 0.026743, 0.000379, 0.000000, lapack_dtpmqrt
State, th0, TASK, 0.026745, 0.027134, 0.000389, 0.000000, lapack_dtpmqrt
State, th0, TASK, 0.027136, 0.027527, 0.000391, 0.000000, lapack_dtpmqrt
State, th0, TASK, 0.027802, 0.028076, 0.000273, 0.000000, lapack_dtpqrt
State, th0, TASK, 0.028083, 0.028351, 0.000268, 0.000000, lapack_dtpqrt
State, th0, TASK, 0.028361, 0.028625, 0.000265, 0.000000, lapack_dtpqrt
State, th0, TASK, 0.028632, 0.028929, 0.000297, 0.000000, lapack_dtpqrt
State, th0, TASK, 0.028937, 0.029200, 0.000263, 0.000000, lapack_dtpqrt
State, th0, TASK, 0.029207, 0.029469, 0.000262, 0.000000, lapack_dtpqrt
State, th0, TASK, 0.029476, 0.029736, 0.000260, 0.000000, lapack_dtpqrt
State, th0, TASK, 0.029743, 0.030006, 0.000263, 0.000000, lapack_dtpqrt
State, th0, TASK, 0.030012, 0.030264, 0.000252, 0.000000, lapack_dtpqrt
State, th0, TASK, 0.030268, 0.030523, 0.000254, 0.000000, lapack_dtpqrt
State, th0, TASK, 0.030527, 0.030827, 0.000300, 0.000000, lapack_dtpqrt
State, th0, TASK, 0.030833, 0.031089, 0.000256, 0.000000, lapack_dtpqrt
State, th0, TASK, 0.031097, 0.031381, 0.000284, 0.000000, lapack_dtpqrt
State, th0, TASK, 0.031391, 0.031814, 0.000423, 0.000000, lapack_dtpmqrt
State, th0, TASK, 0.031817, 0.032197, 0.000380, 0.000000, lapack_dtpmqrt
State, th0, TASK, 0.032200, 0.032579, 0.000379, 0.000000, lapack_dtpmqrt
State, th0, TASK, 0.032582, 0.032984, 0.000402, 0.000000, lapack_dtpmqrt
State, th0, TASK, 0.032986, 0.033372, 0.000385, 0.000000, lapack_dtpmqrt
State, th0, TASK, 0.033373, 0.033750, 0.000376, 0.000000, lapack_dtpmqrt
State, th0, TASK, 0.033751, 0.034126, 0.000375, 0.000000, lapack_dtpmqrt
State, th0, TASK, 0.034129, 0.034508, 0.000379, 0.000000, lapack_dtpmqrt
State, th0, TASK, 0.034511, 0.034909, 0.000398, 0.000000, lapack_dtpmqrt
State, th0, TASK, 0.034912, 0.035304, 0.000392, 0.000000, lapack_dtpmqrt
State, th0, TASK, 0.035307, 0.035704, 0.000397, 0.000000, lapack_dtpmqrt
State, th0, TASK, 0.035707, 0.036101, 0.000395, 0.000000, lapack_dtpmqrt
State, th0, TASK, 0.036104, 0.036495, 0.000391, 0.000000, lapack_dtpmqrt
State, th0, TASK, 0.036498, 0.036919, 0.000421, 0.000000, lapack_dtpmqrt
State, th0, TASK, 0.036922, 0.037337, 0.000415, 0.000000, lapack_dtpmqrt
State, th0, TASK, 0.037339, 0.037714, 0.000375, 0.000000, lapack_dtpmqrt
State, th0, TASK, 0.037716, 0.038091, 0.000375, 0.000000, lapack_dtpmqrt
State, th0, TASK, 0.038093, 0.038468, 0.000375, 0.000000, lapack_dtpmqrt
State, th0, TASK, 0.038470, 0.038845, 0.000375, 0.000000, lapack_dtpmqrt
State, th0, TASK, 0.038847, 0.039222, 0.000375, 0.000000, lapack_dtpmqrt
State, th0, TASK, 0.039224, 0.039608, 0.000383, 0.000000, lapack_dtpmqrt
State, th0, TASK, 0.039610, 0.039995, 0.000385, 0.000000, lapack_dtpmqrt
State, th0, TASK, 0.039997, 0.040380, 0.000383, 0.000000, lapack_dtpmqrt
State, th0, TASK, 0.040382, 0.040784, 0.000402, 0.000000, lapack_dtpmqrt
State, th0, TASK, 0.040787, 0.041173, 0.000386, 0.000000, lapack_dtpmqrt
State, th0, TASK, 0.041176, 0.041557, 0.000381, 0.000000, lapack_dtpmqrt
State, th0, TASK, 0.041559, 0.041944, 0.000386, 0.000000, lapack_dtpmqrt
State, th0, TASK, 0.041946, 0.042328, 0.000381, 0.000000, lapack_dtpmqrt
State, th0, TASK, 0.042330, 0.042540, 0.000210, 0.000000, lapack_dlarfb
State, th0, TASK, 0.042542, 0.042937, 0.000395, 0.000000, lapack_dtpmqrt
State, th0, TASK, 0.042940, 0.043323, 0.000383, 0.000000, lapack_dtpmqrt
State, th0, TASK, 0.043324, 0.043700, 0.000376, 0.000000, lapack_dtpmqrt
State, th0, TASK, 0.043702, 0.044078, 0.000376, 0.000000, lapack_dtpmqrt
State, th0, TASK, 0.044080, 0.044466, 0.000386, 0.000000, lapack_dtpmqrt
State, th0, TASK, 0.044468, 0.044876, 0.000407, 0.000000, lapack_dtpmqrt
State, th0, TASK, 0.044878, 0.045259, 0.000381, 0.000000, lapack_dtpmqrt
State, th0, TASK, 0.045260, 0.045636, 0.000376, 0.000000, lapack_dtpmqrt
State, th0, TASK, 0.045638, 0.046013, 0.000375, 0.000000, lapack_dtpmqrt
State, th0, TASK, 0.046016, 0.046395, 0.000380, 0.000000, lapack_dtpmqrt
State, th0, TASK, 0.046398, 0.046779, 0.000382, 0.000000, lapack_dtpmqrt
State, th0, TASK, 0.046782, 0.047165, 0.000383, 0.000000, lapack_dtpmqrt
State, th0, TASK, 0.047166, 0.047545, 0.000379, 0.000000, lapack_dtpmqrt
State, th0, TASK, 0.047547, 0.047922, 0.000376, 0.000000, lapack_dtpmqrt
State, th0, TASK, 0.047924, 0.048138, 0.000214, 0.000000, lapack_dlarfb
State, th0, TASK, 0.048142, 0.048350, 0.000208, 0.000000, lapack_dlarfb
State, th0, TASK, 0.048367, 0.048795, 0.000428, 0.000000, lapack_dtpmqrt
State, th0, TASK, 0.048797, 0.049200, 0.000403, 0.000000, lapack_dtpmqrt
State, th0, TASK, 0.049202, 0.049608, 0.000407, 0.000000, lapack_dtpmqrt
State, th0, TASK, 0.049611, 0.050016, 0.000405, 0.000000, lapack_dtpmqrt
State, th0, TASK, 0.050019, 0.050421, 0.000402, 0.000000, lapack_dtpmqrt
State, th0, TASK, 0.050423, 0.050828, 0.000405, 0.000000, lapack_dtpmqrt
State, th0, TASK, 0.050831, 0.051242, 0.000411, 0.000000, lapack_dtpmqrt
State, th0, TASK, 0.051244, 0.051626, 0.000382, 0.000000, lapack_dtpmqrt
State, th0, TASK, 0.051628, 0.052009, 0.000381, 0.000000, lapack_dtpmqrt
State, th0, TASK, 0.052011, 0.052411, 0.000400, 0.000000, lapack_dtpmqrt
State, th0, TASK, 0.052413, 0.052839, 0.000425, 0.000000, lapack_dtpmqrt
State, th0, TASK, 0.052841, 0.053257, 0.000415, 0.000000, lapack_dtpmqrt
State, th0, TASK, 0.053258, 0.053660, 0.000402, 0.000000, lapack_dtpmqrt
State, th0, TASK, 0.053663, 0.054070, 0.000407, 0.000000, lapack_dtpmqrt
State, th0, TASK, 0.054071, 0.054466, 0.000394, 0.000000, lapack_dtpmqrt
State, th0, TASK, 0.054468, 0.054862, 0.000394, 0.000000, lapack_dtpmqrt
State, th0, TASK, 0.054863, 0.055259, 0.000395, 0.000000, lapack_dtpmqrt
State, th0, TASK, 0.055261, 0.055649, 0.000388, 0.000000, lapack_dtpmqrt
State, th0, TASK, 0.055650, 0.056041, 0.000391, 0.000000, lapack_dtpmqrt
State, th0, TASK, 0.056044, 0.056448, 0.000404, 0.000000, lapack_dtpmqrt
State, th0, TASK, 0.056450, 0.056877, 0.000427, 0.000000, lapack_dtpmqrt
State, th0, TASK, 0.056879, 0.057265, 0.000386, 0.000000, lapack_dtpmqrt
State, th0, TASK, 0.057267, 0.057659, 0.000392, 0.000000, lapack_dtpmqrt
State, th0, TASK, 0.057662, 0.058057, 0.000396, 0.000000, lapack_dtpmqrt
State, th0, TASK, 0.058059, 0.058456, 0.000397, 0.000000, lapack_dtpmqrt
State, th0, TASK, 0.058458, 0.058851, 0.000392, 0.000000, lapack_dtpmqrt
State, th0, TASK, 0.058853, 0.059243, 0.000390, 0.000000, lapack_dtpmqrt
State, th0, TASK, 0.059245, 0.059637, 0.000391, 0.000000, lapack_dtpmqrt
State, th0, TASK, 0.059639, 0.060045, 0.000406, 0.000000, lapack_dtpmqrt
State, th0, TASK, 0.060047, 0.060438, 0.000390, 0.000000, lapack_dtpmqrt
State, th0, TASK, 0.060440, 0.060887, 0.000447, 0.000000, lapack_dtpmqrt
State, th0, TASK, 0.060892, 0.061466, 0.000574, 0.000000, lapack_dtpmqrt
State, th0, TASK, 0.061471, 0.061682, 0.000212, 0.000000, lapack_dlarfb
State, th0, TASK, 0.061685, 0.062128, 0.000443, 0.000000, lapack_dtpmqrt
State, th0, TASK, 0.062131, 0.062588, 0.000456, 0.000000, lapack_dtpmqrt
State, th0, TASK, 0.062590, 0.063075, 0.000484, 0.000000, lapack_dtpmqrt
State, th0, TASK, 0.063080, 0.063567, 0.000486, 0.000000, lapack_dtpmqrt
State, th0, TASK, 0.063570, 0.064002, 0.000432, 0.000000, lapack_dtpmqrt
State, th0, TASK, 0.064007, 0.064537, 0.000531, 0.000000, lapack_dtpmqrt
State, th0, TASK, 0.064542, 0.064951, 0.000409, 0.000000, lapack_dtpmqrt
State, th0, TASK, 0.064954, 0.065353, 0.000399, 0.000000, lapack_dtpmqrt
State, th0, TASK, 0.065355, 0.065754, 0.000399, 0.000000, lapack_dtpmqrt
State, th0, TASK, 0.065756, 0.066168, 0.000412, 0.000000, lapack_dtpmqrt
State, th0, TASK, 0.066170, 0.066560, 0.000390, 0.000000, lapack_dtpmqrt
State, th0, TASK, 0.066561, 0.066950, 0.000389, 0.000000, lapack_dtpmqrt
State, th0, TASK, 0.066952, 0.067350, 0.000398, 0.000000, lapack_dtpmqrt
State, th0, TASK, 0.067353, 0.067574, 0.000221, 0.000000, lapack_dlarfb
State, th0, TASK, 0.067576, 0.067789, 0.000213, 0.000000, lapack_dlarfb
State, th0, TASK, 0.068153, 0.068414, 0.000261, 0.000000, lapack_dtpqrt
State, th0, TASK, 0.068419, 0.068671, 0.000252, 0.000000, lapack_dtpqrt
State, th0, TASK, 0.068676, 0.068947, 0.000271, 0.000000, lapack_dtpqrt
State, th0, TASK, 0.068952, 0.069206, 0.000254, 0.000000, lapack_dtpqrt
State, th0, TASK, 0.069210, 0.069463, 0.000253, 0.000000, lapack_dtpqrt
State, th0, TASK, 0.069467, 0.069717, 0.000250, 0.000000, lapack_dtpqrt
State, th0, TASK, 0.069721, 0.069974, 0.000252, 0.000000, lapack_dtpqrt
State, th0, TASK, 0.069978, 0.070227, 0.000249, 0.000000, lapack_dtpqrt
State, th0, TASK, 0.070232, 0.070527, 0.000295, 0.000000, lapack_dtpqrt
State, th0, TASK, 0.070532, 0.070782, 0.000250, 0.000000, lapack_dtpqrt
State, th0, TASK, 0.070788, 0.071076, 0.000288, 0.000000, lapack_dtpqrt
State, th0, TASK, 0.071081, 0.071479, 0.000398, 0.000000, lapack_dtpmqrt
State, th0, TASK, 0.071481, 0.071869, 0.000388, 0.000000, lapack_dtpmqrt
State, th0, TASK, 0.071871, 0.072263, 0.000392, 0.000000, lapack_dtpmqrt
State, th0, TASK, 0.072265, 0.072668, 0.000402, 0.000000, lapack_dtpmqrt
State, th0, TASK, 0.072670, 0.073105, 0.000434, 0.000000, lapack_dtpmqrt
State, th0, TASK, 0.073108, 0.073529, 0.000422, 0.000000, lapack_dtpmqrt
State, th0, TASK, 0.073532, 0.073944, 0.000412, 0.000000, lapack_dtpmqrt
State, th0, TASK, 0.073946, 0.074355, 0.000409, 0.000000, lapack_dtpmqrt
State, th0, TASK, 0.074356, 0.074748, 0.000392, 0.000000, lapack_dtpmqrt
State, th0, TASK, 0.074750, 0.075146, 0.000396, 0.000000, lapack_dtpmqrt
State, th0, TASK, 0.075149, 0.075563, 0.000414, 0.000000, lapack_dtpmqrt
State, th0, TASK, 0.075566, 0.075981, 0.000415, 0.000000, lapack_dtpmqrt
State, th0, TASK, 0.075983, 0.076414, 0.000431, 0.000000, lapack_dtpmqrt
State, th0, TASK, 0.076416, 0.076823, 0.000407, 0.000000, lapack_dtpmqrt
State, th0, TASK, 0.076825, 0.077250, 0.000425, 0.000000, lapack_dtpmqrt
State, th0, TASK, 0.077252, 0.077671, 0.000419, 0.000000, lapack_dtpmqrt
State, th0, TASK, 0.077673, 0.078098, 0.000425, 0.000000, lapack_dtpmqrt
State, th0, TASK, 0.078100, 0.078513, 0.000413, 0.000000, lapack_dtpmqrt
State, th0, TASK, 0.078516, 0.078929, 0.000413, 0.000000, lapack_dtpmqrt
State, th0, TASK, 0.078932, 0.079336, 0.000405, 0.000000, lapack_dtpmqrt
State, th0, TASK, 0.079339, 0.079746, 0.000407, 0.000000, lapack_dtpmqrt
State, th0, TASK, 0.079748, 0.080152, 0.000404, 0.000000, lapack_dtpmqrt
State, th0, TASK, 0.080154, 0.080559, 0.000404, 0.000000, lapack_dtpmqrt
State, th0, TASK, 0.080561, 0.080996, 0.000435, 0.000000, lapack_dtpmqrt
State, th0, TASK, 0.080998, 0.081252, 0.000254, 0.000000, lapack_dlarfb
State, th0, TASK, 0.081254, 0.081649, 0.000395, 0.000000, lapack_dtpmqrt
State, th0, TASK, 0.081651, 0.082043, 0.000392, 0.000000, lapack_dtpmqrt
State, th0, TASK, 0.082046, 0.082454, 0.000408, 0.000000, lapack_dtpmqrt
State, th0, TASK, 0.082457, 0.082860, 0.000403, 0.000000, lapack_dtpmqrt
State, th0, TASK, 0.082862, 0.083275, 0.000413, 0.000000, lapack_dtpmqrt
State, th0, TASK, 0.083277, 0.083681, 0.000403, 0.000000, lapack_dtpmqrt
State, th0, TASK, 0.083689, 0.084086, 0.000397, 0.000000, lapack_dtpmqrt
State, th0, TASK, 0.084089, 0.084491, 0.000402, 0.000000, lapack_dtpmqrt
State, th0, TASK, 0.084493, 0.084921, 0.000428, 0.000000, lapack_dtpmqrt
State, th0, TASK, 0.084923, 0.085318, 0.000395, 0.000000, lapack_dtpmqrt
State, th0, TASK, 0.085320, 0.085718, 0.000398, 0.000000, lapack_dtpmqrt
State, th0, TASK, 0.085720, 0.086118, 0.000397, 0.000000, lapack_dtpmqrt
State, th0, TASK, 0.086120, 0.086539, 0.000419, 0.000000, lapack_dtpmqrt
State, th0, TASK, 0.086542, 0.086945, 0.000403, 0.000000, lapack_dtpmqrt
State, th0, TASK, 0.086947, 0.087347, 0.000400, 0.000000, lapack_dtpmqrt
State, th0, TASK, 0.087349, 0.087769, 0.000420, 0.000000, lapack_dtpmqrt
State, th0, TASK, 0.087772, 0.088146, 0.000375, 0.000000, lapack_dtpmqrt
State, th0, TASK, 0.088148, 0.088537, 0.000389, 0.000000, lapack_dtpmqrt
State, th0, TASK, 0.088540, 0.088964, 0.000424, 0.000000, lapack_dtpmqrt
State, th0, TASK, 0.088967, 0.089364, 0.000397, 0.000000, lapack_dtpmqrt
State, th0, TASK, 0.089366, 0.089764, 0.000398, 0.000000, lapack_dtpmqrt
State, th0, TASK, 0.089767, 0.090168, 0.000402, 0.000000, lapack_dtpmqrt
State, th0, TASK, 0.090170, 0.090574, 0.000403, 0.000000, lapack_dtpmqrt
State, th0, TASK, 0.090576, 0.090980, 0.000404, 0.000000, lapack_dtpmqrt
State, th0, TASK, 0.090983, 0.091376, 0.000393, 0.000000, lapack_dtpmqrt
State, th0, TASK, 0.091377, 0.091767, 0.000389, 0.000000, lapack_dtpmqrt
State, th0, TASK, 0.091769, 0.092157, 0.000388, 0.000000, lapack_dtpmqrt
State, th0, TASK, 0.092159, 0.092551, 0.000392, 0.000000, lapack_dtpmqrt
State, th0, TASK, 0.092553, 0.092970, 0.000417, 0.000000, lapack_dtpmqrt
State, th0, TASK, 0.092973, 0.093362, 0.000389, 0.000000, lapack_dtpmqrt
State, th0, TASK, 0.093364, 0.093756, 0.000391, 0.000000, lapack_dtpmqrt
State, th0, TASK, 0.093758, 0.094150, 0.000392, 0.000000, lapack_dtpmqrt
State, th0, TASK, 0.094153, 0.094543, 0.000390, 0.000000, lapack_dtpmqrt
State, th0, TASK, 0.094545, 0.094942, 0.000397, 0.000000, lapack_dtpmqrt
State, th0, TASK, 0.094944, 0.095170, 0.000226, 0.000000, lapack_dlarfb
State, th0, TASK, 0.095174, 0.095554, 0.000381, 0.000000, lapack_dtpmqrt
State, th0, TASK, 0.095557, 0.095938, 0.000381, 0.000000, lapack_dtpmqrt
State, th0, TASK, 0.095940, 0.096326, 0.000386, 0.000000, lapack_dtpmqrt
State, th0, TASK, 0.096328, 0.096707, 0.000379, 0.000000, lapack_dtpmqrt
State, th0, TASK, 0.096709, 0.097142, 0.000432, 0.000000, lapack_dtpmqrt
State, th0, TASK, 0.097144, 0.097522, 0.000379, 0.000000, lapack_dtpmqrt
State, th0, TASK, 0.097526, 0.097909, 0.000383, 0.000000, lapack_dtpmqrt
State, th0, TASK, 0.097911, 0.098294, 0.000382, 0.000000, lapack_dtpmqrt
State, th0, TASK, 0.098296, 0.098682, 0.000386, 0.000000, lapack_dtpmqrt
State, th0, TASK, 0.098684, 0.099074, 0.000390, 0.000000, lapack_dtpmqrt
State, th0, TASK, 0.099076, 0.099462, 0.000386, 0.000000, lapack_dtpmqrt
State, th0, TASK, 0.099464, 0.099735, 0.000270, 0.000000, lapack_dtpqrt
State, th0, TASK, 0.099743, 0.100131, 0.000388, 0.000000, lapack_dtpmqrt
State, th0, TASK, 0.100133, 0.100517, 0.000383, 0.000000, lapack_dtpmqrt
State, th0, TASK, 0.100519, 0.100922, 0.000403, 0.000000, lapack_dtpmqrt
State, th0, TASK, 0.100924, 0.101305, 0.000381, 0.000000, lapack_dtpmqrt
State, th0, TASK, 0.101307, 0.101586, 0.000279, 0.000000, lapack_dtpqrt
State, th0, TASK, 0.101592, 0.101973, 0.000381, 0.000000, lapack_dtpmqrt
State, th0, TASK, 0.101975, 0.102357, 0.000382, 0.000000, lapack_dtpmqrt
State, th0, TASK, 0.102360, 0.102742, 0.000382, 0.000000, lapack_dtpmqrt
State, th0, TASK, 0.102743, 0.103125, 0.000381, 0.000000, lapack_dtpmqrt
State, th0, TASK, 0.103127, 0.103523, 0.000396, 0.000000, lapack_dtpmqrt
State, th0, TASK, 0.103525, 0.103907, 0.000382, 0.000000, lapack_dtpmqrt
State, th0, TASK, 0.103909, 0.104290, 0.000381, 0.000000, lapack_dtpmqrt
State, th0, TASK, 0.104294, 0.104554, 0.000260, 0.000000, lapack_dtpqrt
State, th0, TASK, 0.104559, 0.104968, 0.000409, 0.000000, lapack_dtpmqrt
State, th0, TASK, 0.104970, 0.105351, 0.000382, 0.000000, lapack_dtpmqrt
State, th0, TASK, 0.105353, 0.105612, 0.000259, 0.000000, lapack_dtpqrt
State, th0, TASK, 0.105617, 0.106005, 0.000387, 0.000000, lapack_dtpmqrt
State, th0, TASK, 0.106006, 0.106391, 0.000385, 0.000000, lapack_dtpmqrt
State, th0, TASK, 0.106393, 0.106779, 0.000385, 0.000000, lapack_dtpmqrt
State, th0, TASK, 0.106781, 0.107171, 0.000391, 0.000000, lapack_dtpmqrt
State, th0, TASK, 0.107174, 0.107560, 0.000387, 0.000000, lapack_dtpmqrt
State, th0, TASK, 0.107563, 0.107950, 0.000387, 0.000000, lapack_dtpmqrt
State, th0, TASK, 0.107952, 0.108355, 0.000402, 0.000000, lapack_dtpmqrt
State, th0, TASK, 0.108356, 0.108758, 0.000402, 0.000000, lapack_dtpmqrt
State, th0, TASK, 0.108761, 0.109154, 0.000393, 0.000000, lapack_dtpmqrt
State, th0, TASK, 0.109156, 0.109547, 0.000391, 0.000000, lapack_dtpmqrt
State, th0, TASK, 0.109550, 0.109973, 0.000423, 0.000000, lapack_dtpmqrt
State, th0, TASK, 0.109976, 0.110195, 0.000218, 0.000000, lapack_dlarfb
State, th0, TASK, 0.110198, 0.110416, 0.000218, 0.000000, lapack_dlarfb
State, th0, TASK, 0.110419, 0.110636, 0.000217, 0.000000, lapack_dlarfb
State, th0, TASK, 0.110638, 0.110907, 0.000268, 0.000000, lapack_dtpqrt
State, th0, TASK, 0.110912, 0.111301, 0.000389, 0.000000, lapack_dtpmqrt
State, th0, TASK, 0.111303, 0.111693, 0.000390, 0.000000, lapack_dgeqrt
State, th0, TASK, 0.111698, 0.112090, 0.000392, 0.000000, lapack_dtpmqrt
State, th0, TASK, 0.112093, 0.112485, 0.000392, 0.000000, lapack_dtpmqrt
State, th0, TASK, 0.112487, 0.112705, 0.000217, 0.000000, lapack_dlarfb
State, th0, TASK, 0.112706, 0.113118, 0.000412, 0.000000, lapack_dtpmqrt
State, th0, TASK, 0.113121, 0.113507, 0.000386, 0.000000, lapack_dtpmqrt
State, th0, TASK, 0.113508, 0.113892, 0.000384, 0.000000, lapack_dtpmqrt
State, th0, TASK, 0.113894, 0.114298, 0.000403, 0.000000, lapack_dtpmqrt
State, th0, TASK, 0.114300, 0.114517, 0.000217, 0.000000, lapack_dlarfb
State, th0, TASK, 0.114518, 0.114908, 0.000390, 0.000000, lapack_dtpmqrt
State, th0, TASK, 0.114910, 0.115299, 0.000389, 0.000000, lapack_dtpmqrt
State, th0, TASK, 0.115302, 0.115691, 0.000389, 0.000000, lapack_dtpmqrt
State, th0, TASK, 0.115693, 0.116084, 0.000391, 0.000000, lapack_dtpmqrt
State, th0, TASK, 0.116086, 0.116477, 0.000391, 0.000000, lapack_dtpmqrt
State, th0, TASK, 0.116479, 0.116698, 0.000219, 0.000000, lapack_dlarfb
State, th0, TASK, 0.116700, 0.117108, 0.000408, 0.000000, lapack_dtpmqrt
State, th0, TASK, 0.117111, 0.117505, 0.000393, 0.000000, lapack_dtpmqrt
State, th0, TASK, 0.117507, 0.117905, 0.000397, 0.000000, lapack_dtpmqrt
State, th0, TASK, 0.117907, 0.118307, 0.000400, 0.000000, lapack_dtpmqrt
State, th0, TASK, 0.118309, 0.118706, 0.000397, 0.000000, lapack_dtpmqrt
State, th0, TASK, 0.118708, 0.118934, 0.000226, 0.000000, lapack_dlarfb
State, th0, TASK, 0.118936, 0.119205, 0.000269, 0.000000, lapack_dtpqrt
State, th0, TASK, 0.119212, 0.119604, 0.000393, 0.000000, lapack_dtpmqrt
State, th0, TASK, 0.119606, 0.119811, 0.000204, 0.000000, lapack_dgeqrt
State, th0, TASK, 0.119815, 0.120205, 0.000391, 0.000000, lapack_dtpmqrt
State, th0, TASK, 0.120207, 0.120425, 0.000217, 0.000000, lapack_dlarfb
State, th0, TASK, 0.120427, 0.120834, 0.000406, 0.000000, lapack_dtpmqrt
State, th0, TASK, 0.120839, 0.121056, 0.000217, 0.000000, lapack_dlarfb
State, th0, TASK, 0.121058, 0.121444, 0.000386, 0.000000, lapack_dtpmqrt
State, th0, TASK, 0.121445, 0.121662, 0.000217, 0.000000, lapack_dlarfb
State, th0, TASK, 0.121664, 0.122051, 0.000386, 0.000000, lapack_dtpmqrt
State, th0, TASK, 0.122053, 0.122283, 0.000231, 0.000000, lapack_dlarfb
State, th0, TASK, 0.122285, 0.122677, 0.000391, 0.000000, lapack_dtpmqrt
State, th0, TASK, 0.122679, 0.122895, 0.000216, 0.000000, lapack_dlarfb
State, th0, TASK, 0.122897, 0.123296, 0.000399, 0.000000, lapack_dtpmqrt
State, th0, TASK, 0.123298, 0.123516, 0.000218, 0.000000, lapack_dlarfb
State, th0, TASK, 0.123518, 0.123804, 0.000286, 0.000000, lapack_dtpqrt
State, th0, TASK, 0.123810, 0.124202, 0.000392, 0.000000, lapack_dtpmqrt
State, th0, TASK, 0.124204, 0.124465, 0.000262, 0.000000, lapack_dtpqrt
State, th0, TASK, 0.124470, 0.124872, 0.000403, 0.000000, lapack_dtpmqrt
State, th0, TASK, 0.124874, 0.125262, 0.000388, 0.000000, lapack_dtpmqrt
State, th0, TASK, 0.125265, 0.125463, 0.000199, 0.000000, lapack_dgeqrt
State, th0, TASK, 0.125467, 0.125857, 0.000390, 0.000000, lapack_dtpmqrt
State, th0, TASK, 0.125859, 0.126247, 0.000388, 0.000000, lapack_dtpmqrt
State, th0, TASK, 0.126249, 0.126469, 0.000219, 0.000000, lapack_dlarfb
State, th0, TASK, 0.126470, 0.126858, 0.000388, 0.000000, lapack_dtpmqrt
State, th0, TASK, 0.126863, 0.127254, 0.000391, 0.000000, lapack_dtpmqrt
State, th0, TASK, 0.127256, 0.127474, 0.000218, 0.000000, lapack_dlarfb
State, th0, TASK, 0.127477, 0.127868, 0.000391, 0.000000, lapack_dtpmqrt
State, th0, TASK, 0.127870, 0.128274, 0.000404, 0.000000, lapack_dtpmqrt
State, th0, TASK, 0.128276, 0.128661, 0.000386, 0.000000, lapack_dtpmqrt
State, th0, TASK, 0.128664, 0.129070, 0.000406, 0.000000, lapack_dtpmqrt
State, th0, TASK, 0.129071, 0.129289, 0.000217, 0.000000, lapack_dlarfb
State, th0, TASK, 0.129290, 0.129681, 0.000391, 0.000000, lapack_dtpmqrt
State, th0, TASK, 0.129684, 0.130079, 0.000395, 0.000000, lapack_dtpmqrt
State, th0, TASK, 0.130081, 0.130481, 0.000400, 0.000000, lapack_dtpmqrt
State, th0, TASK, 0.130483, 0.130874, 0.000391, 0.000000, lapack_dtpmqrt
State, th0, TASK, 0.130876, 0.131267, 0.000390, 0.000000, lapack_dtpmqrt
State, th0, TASK, 0.131269, 0.131658, 0.000389, 0.000000, lapack_dtpmqrt
State, th0, TASK, 0.131661, 0.131879, 0.000218, 0.000000, lapack_dlarfb
State, th0, TASK, 0.131881, 0.132099, 0.000217, 0.000000, lapack_dlarfb
State, th0, TASK, 0.132101, 0.132366, 0.000265, 0.000000, lapack_dtpqrt
State, th0, TASK, 0.132373, 0.132773, 0.000401, 0.000000, lapack_dtpmqrt
State, th0, TASK, 0.132775, 0.132978, 0.000203, 0.000000, lapack_dgeqrt
State, th0, TASK, 0.132981, 0.133369, 0.000389, 0.000000, lapack_dtpmqrt
State, th0, TASK, 0.133372, 0.133590, 0.000218, 0.000000, lapack_dlarfb
State, th0, TASK, 0.133591, 0.133979, 0.000388, 0.000000, lapack_dtpmqrt
State, th0, TASK, 0.133981, 0.134199, 0.000218, 0.000000, lapack_dlarfb
State, th0, TASK, 0.134201, 0.134588, 0.000388, 0.000000, lapack_dtpmqrt
State, th0, TASK, 0.134590, 0.134808, 0.000217, 0.000000, lapack_dlarfb
State, th0, TASK, 0.134809, 0.135207, 0.000398, 0.000000, lapack_dtpmqrt
State, th0, TASK, 0.135211, 0.135429, 0.000218, 0.000000, lapack_dlarfb
State, th0, TASK, 0.135431, 0.135705, 0.000274, 0.000000, lapack_dtpqrt
State, th0, TASK, 0.135709, 0.136097, 0.000388, 0.000000, lapack_dtpmqrt
State, th0, TASK, 0.136099, 0.136361, 0.000262, 0.000000, lapack_dtpqrt
State, th0, TASK, 0.136365, 0.136767, 0.000402, 0.000000, lapack_dtpmqrt
State, th0, TASK, 0.136770, 0.137157, 0.000387, 0.000000, lapack_dtpmqrt
State, th0, TASK, 0.137159, 0.137360, 0.000201, 0.000000, lapack_dgeqrt
State, th0, TASK, 0.137362, 0.137753, 0.000391, 0.000000, lapack_dtpmqrt
State, th0, TASK, 0.137755, 0.138146, 0.000391, 0.000000, lapack_dtpmqrt
State, th0, TASK, 0.138148, 0.138536, 0.000388, 0.000000, lapack_dtpmqrt
State, th0, TASK, 0.138538, 0.138925, 0.000387, 0.000000, lapack_dtpmqrt
State, th0, TASK, 0.138928, 0.139315, 0.000387, 0.000000, lapack_dtpmqrt
State, th0, TASK, 0.139317, 0.139703, 0.000386, 0.000000, lapack_dtpmqrt
State, th0, TASK, 0.139705, 0.140090, 0.000386, 0.000000, lapack_dtpmqrt
State, th0, TASK, 0.140092, 0.140478, 0.000385, 0.000000, lapack_dtpmqrt
State, th0, TASK, 0.140626, 0.140853, 0.000227, 0.000000, lapack_dlarfb
State, th0, TASK, 0.141032, 0.141418, 0.000386, 0.000000, lapack_dtpmqrt
State, th0, TASK, 0.141421, 0.141807, 0.000386, 0.000000, lapack_dtpmqrt
State, th0, TASK, 0.141809, 0.142004, 0.000196, 0.000000, lapack_dgeqrt
State, th0, TASK, 0.142006, 0.142224, 0.000218, 0.000000, lapack_dlarfb
State, th0, TASK, 0.142227, 0.142615, 0.000388, 0.000000, lapack_dtpmqrt
State, th0, TASK, 0.142711, 0.142973, 0.000262, 0.000000, lapack_dtpqrt
State, th0, TASK, 0.143104, 0.143296, 0.000192, 0.000000, lapack_dgeqrt
State, th0, TASK, 0.143517, 0.143776, 0.000259, 0.000000, lapack_dtpqrt
